sample_class	process_or_mode	campaign	source_tag	remote_bundle_path	missing_metadata_fields	conflicting_metadata_fields	ledger_metadata_mismatches	numeric_metadata_valid	event_weight_convention_valid	production_included	required_next_action	status
background	qcd_hardqcd	qcd_hardqcd_importance_adaptive1500k_phys_wave3_20260718	qcd_hardqcd_importance_adaptive1500k_phys_wave3_20260718_bin00_pthat50to75_shard1034_seed1201034	/store/user/iturkmen/hh4b_delphes/run2_13tev/frozen_v2/bundles/qcd_hardqcd_importance_adaptive1500k_phys_wave3_20260718/qcd_hardqcd_importance_adaptive1500k_phys_wave3_20260718_bin00_pthat50to75_shard1034_seed1201034_bundle.tar.gz	sigma_gen_pb,event_weight_convention,sum_event_weights,sum_squared_event_weights,min_event_weight,max_event_weight			False	False	True	recover_exact_generator_json_or_provenance_for_this_shard	qcd_shard_normalization_fail_closed
background	qcd_hardqcd	qcd_hardqcd_importance_adaptive1500k_phys_wave3_20260718	qcd_hardqcd_importance_adaptive1500k_phys_wave3_20260718_bin00_pthat50to75_shard1035_seed1201035	/store/user/iturkmen/hh4b_delphes/run2_13tev/frozen_v2/bundles/qcd_hardqcd_importance_adaptive1500k_phys_wave3_20260718/qcd_hardqcd_importance_adaptive1500k_phys_wave3_20260718_bin00_pthat50to75_shard1035_seed1201035_bundle.tar.gz	sigma_gen_pb,event_weight_convention,sum_event_weights,sum_squared_event_weights,min_event_weight,max_event_weight			False	False	True	recover_exact_generator_json_or_provenance_for_this_shard	qcd_shard_normalization_fail_closed
background	qcd_hardqcd	qcd_hardqcd_importance_adaptive1500k_phys_wave3_20260718	qcd_hardqcd_importance_adaptive1500k_phys_wave3_20260718_bin00_pthat50to75_shard1036_seed1201036	/store/user/iturkmen/hh4b_delphes/run2_13tev/frozen_v2/bundles/qcd_hardqcd_importance_adaptive1500k_phys_wave3_20260718/qcd_hardqcd_importance_adaptive1500k_phys_wave3_20260718_bin00_pthat50to75_shard1036_seed1201036_bundle.tar.gz	sigma_gen_pb,event_weight_convention,sum_event_weights,sum_squared_event_weights,min_event_weight,max_event_weight			False	False	True	recover_exact_generator_json_or_provenance_for_this_shard	qcd_shard_normalization_fail_closed
background	qcd_hardqcd	qcd_hardqcd_importance_adaptive1500k_phys_wave3_20260718	qcd_hardqcd_importance_adaptive1500k_phys_wave3_20260718_bin00_pthat50to75_shard1037_seed1201037	/store/user/iturkmen/hh4b_delphes/run2_13tev/frozen_v2/bundles/qcd_hardqcd_importance_adaptive1500k_phys_wave3_20260718/qcd_hardqcd_importance_adaptive1500k_phys_wave3_20260718_bin00_pthat50to75_shard1037_seed1201037_bundle.tar.gz	sigma_gen_pb,event_weight_convention,sum_event_weights,sum_squared_event_weights,min_event_weight,max_event_weight			False	False	True	recover_exact_generator_json_or_provenance_for_this_shard	qcd_shard_normalization_fail_closed
background	qcd_hardqcd	qcd_hardqcd_importance_adaptive1500k_phys_wave3_20260718	qcd_hardqcd_importance_adaptive1500k_phys_wave3_20260718_bin00_pthat50to75_shard1038_seed1201038	/store/user/iturkmen/hh4b_delphes/run2_13tev/frozen_v2/bundles/qcd_hardqcd_importance_adaptive1500k_phys_wave3_20260718/qcd_hardqcd_importance_adaptive1500k_phys_wave3_20260718_bin00_pthat50to75_shard1038_seed1201038_bundle.tar.gz	sigma_gen_pb,event_weight_convention,sum_event_weights,sum_squared_event_weights,min_event_weight,max_event_weight			False	False	True	recover_exact_generator_json_or_provenance_for_this_shard	qcd_shard_normalization_fail_closed
background	qcd_hardqcd	qcd_hardqcd_importance_adaptive1500k_phys_wave3_20260718	qcd_hardqcd_importance_adaptive1500k_phys_wave3_20260718_bin00_pthat50to75_shard1039_seed1201039	/store/user/iturkmen/hh4b_delphes/run2_13tev/frozen_v2/bundles/qcd_hardqcd_importance_adaptive1500k_phys_wave3_20260718/qcd_hardqcd_importance_adaptive1500k_phys_wave3_20260718_bin00_pthat50to75_shard1039_seed1201039_bundle.tar.gz	sigma_gen_pb,event_weight_convention,sum_event_weights,sum_squared_event_weights,min_event_weight,max_event_weight			False	False	True	recover_exact_generator_json_or_provenance_for_this_shard	qcd_shard_normalization_fail_closed
background	qcd_hardqcd	qcd_hardqcd_importance_adaptive1500k_phys_wave3_20260718	qcd_hardqcd_importance_adaptive1500k_phys_wave3_20260718_bin00_pthat50to75_shard1040_seed1201040	/store/user/iturkmen/hh4b_delphes/run2_13tev/frozen_v2/bundles/qcd_hardqcd_importance_adaptive1500k_phys_wave3_20260718/qcd_hardqcd_importance_adaptive1500k_phys_wave3_20260718_bin00_pthat50to75_shard1040_seed1201040_bundle.tar.gz	sigma_gen_pb,event_weight_convention,sum_event_weights,sum_squared_event_weights,min_event_weight,max_event_weight			False	False	True	recover_exact_generator_json_or_provenance_for_this_shard	qcd_shard_normalization_fail_closed
background	qcd_hardqcd	qcd_hardqcd_importance_adaptive1500k_phys_wave3_20260718	qcd_hardqcd_importance_adaptive1500k_phys_wave3_20260718_bin00_pthat50to75_shard1041_seed1201041	/store/user/iturkmen/hh4b_delphes/run2_13tev/frozen_v2/bundles/qcd_hardqcd_importance_adaptive1500k_phys_wave3_20260718/qcd_hardqcd_importance_adaptive1500k_phys_wave3_20260718_bin00_pthat50to75_shard1041_seed1201041_bundle.tar.gz	sigma_gen_pb,event_weight_convention,sum_event_weights,sum_squared_event_weights,min_event_weight,max_event_weight			False	False	True	recover_exact_generator_json_or_provenance_for_this_shard	qcd_shard_normalization_fail_closed
background	qcd_hardqcd	qcd_hardqcd_importance_adaptive1500k_phys_wave3_20260718	qcd_hardqcd_importance_adaptive1500k_phys_wave3_20260718_bin00_pthat50to75_shard1042_seed1201042	/store/user/iturkmen/hh4b_delphes/run2_13tev/frozen_v2/bundles/qcd_hardqcd_importance_adaptive1500k_phys_wave3_20260718/qcd_hardqcd_importance_adaptive1500k_phys_wave3_20260718_bin00_pthat50to75_shard1042_seed1201042_bundle.tar.gz	sigma_gen_pb,event_weight_convention,sum_event_weights,sum_squared_event_weights,min_event_weight,max_event_weight			False	False	True	recover_exact_generator_json_or_provenance_for_this_shard	qcd_shard_normalization_fail_closed
background	qcd_hardqcd	qcd_hardqcd_importance_adaptive1500k_phys_wave3_20260718	qcd_hardqcd_importance_adaptive1500k_phys_wave3_20260718_bin00_pthat50to75_shard1043_seed1201043	/store/user/iturkmen/hh4b_delphes/run2_13tev/frozen_v2/bundles/qcd_hardqcd_importance_adaptive1500k_phys_wave3_20260718/qcd_hardqcd_importance_adaptive1500k_phys_wave3_20260718_bin00_pthat50to75_shard1043_seed1201043_bundle.tar.gz	sigma_gen_pb,event_weight_convention,sum_event_weights,sum_squared_event_weights,min_event_weight,max_event_weight			False	False	True	recover_exact_generator_json_or_provenance_for_this_shard	qcd_shard_normalization_fail_closed
background	qcd_hardqcd	qcd_hardqcd_importance_adaptive1500k_phys_wave3_20260718	qcd_hardqcd_importance_adaptive1500k_phys_wave3_20260718_bin00_pthat50to75_shard1044_seed1201044	/store/user/iturkmen/hh4b_delphes/run2_13tev/frozen_v2/bundles/qcd_hardqcd_importance_adaptive1500k_phys_wave3_20260718/qcd_hardqcd_importance_adaptive1500k_phys_wave3_20260718_bin00_pthat50to75_shard1044_seed1201044_bundle.tar.gz	sigma_gen_pb,event_weight_convention,sum_event_weights,sum_squared_event_weights,min_event_weight,max_event_weight			False	False	True	recover_exact_generator_json_or_provenance_for_this_shard	qcd_shard_normalization_fail_closed
background	qcd_hardqcd	qcd_hardqcd_importance_adaptive1500k_phys_wave3_20260718	qcd_hardqcd_importance_adaptive1500k_phys_wave3_20260718_bin00_pthat50to75_shard1045_seed1201045	/store/user/iturkmen/hh4b_delphes/run2_13tev/frozen_v2/bundles/qcd_hardqcd_importance_adaptive1500k_phys_wave3_20260718/qcd_hardqcd_importance_adaptive1500k_phys_wave3_20260718_bin00_pthat50to75_shard1045_seed1201045_bundle.tar.gz	sigma_gen_pb,event_weight_convention,sum_event_weights,sum_squared_event_weights,min_event_weight,max_event_weight			False	False	True	recover_exact_generator_json_or_provenance_for_this_shard	qcd_shard_normalization_fail_closed
background	qcd_hardqcd	qcd_hardqcd_importance_adaptive1500k_phys_wave3_20260718	qcd_hardqcd_importance_adaptive1500k_phys_wave3_20260718_bin00_pthat50to75_shard1046_seed1201046	/store/user/iturkmen/hh4b_delphes/run2_13tev/frozen_v2/bundles/qcd_hardqcd_importance_adaptive1500k_phys_wave3_20260718/qcd_hardqcd_importance_adaptive1500k_phys_wave3_20260718_bin00_pthat50to75_shard1046_seed1201046_bundle.tar.gz	sigma_gen_pb,event_weight_convention,sum_event_weights,sum_squared_event_weights,min_event_weight,max_event_weight			False	False	True	recover_exact_generator_json_or_provenance_for_this_shard	qcd_shard_normalization_fail_closed
background	qcd_hardqcd	qcd_hardqcd_importance_adaptive1500k_phys_wave3_20260718	qcd_hardqcd_importance_adaptive1500k_phys_wave3_20260718_bin00_pthat50to75_shard1047_seed1201047	/store/user/iturkmen/hh4b_delphes/run2_13tev/frozen_v2/bundles/qcd_hardqcd_importance_adaptive1500k_phys_wave3_20260718/qcd_hardqcd_importance_adaptive1500k_phys_wave3_20260718_bin00_pthat50to75_shard1047_seed1201047_bundle.tar.gz	sigma_gen_pb,event_weight_convention,sum_event_weights,sum_squared_event_weights,min_event_weight,max_event_weight			False	False	True	recover_exact_generator_json_or_provenance_for_this_shard	qcd_shard_normalization_fail_closed
background	qcd_hardqcd	qcd_hardqcd_importance_adaptive1500k_phys_wave3_20260718	qcd_hardqcd_importance_adaptive1500k_phys_wave3_20260718_bin00_pthat50to75_shard1048_seed1201048	/store/user/iturkmen/hh4b_delphes/run2_13tev/frozen_v2/bundles/qcd_hardqcd_importance_adaptive1500k_phys_wave3_20260718/qcd_hardqcd_importance_adaptive1500k_phys_wave3_20260718_bin00_pthat50to75_shard1048_seed1201048_bundle.tar.gz	sigma_gen_pb,event_weight_convention,sum_event_weights,sum_squared_event_weights,min_event_weight,max_event_weight			False	False	True	recover_exact_generator_json_or_provenance_for_this_shard	qcd_shard_normalization_fail_closed
background	qcd_hardqcd	qcd_hardqcd_importance_adaptive1500k_phys_wave3_20260718	qcd_hardqcd_importance_adaptive1500k_phys_wave3_20260718_bin00_pthat50to75_shard1049_seed1201049	/store/user/iturkmen/hh4b_delphes/run2_13tev/frozen_v2/bundles/qcd_hardqcd_importance_adaptive1500k_phys_wave3_20260718/qcd_hardqcd_importance_adaptive1500k_phys_wave3_20260718_bin00_pthat50to75_shard1049_seed1201049_bundle.tar.gz	sigma_gen_pb,event_weight_convention,sum_event_weights,sum_squared_event_weights,min_event_weight,max_event_weight			False	False	True	recover_exact_generator_json_or_provenance_for_this_shard	qcd_shard_normalization_fail_closed
background	qcd_hardqcd	qcd_hardqcd_importance_adaptive1500k_phys_wave3_20260718	qcd_hardqcd_importance_adaptive1500k_phys_wave3_20260718_bin00_pthat50to75_shard1050_seed1201050	/store/user/iturkmen/hh4b_delphes/run2_13tev/frozen_v2/bundles/qcd_hardqcd_importance_adaptive1500k_phys_wave3_20260718/qcd_hardqcd_importance_adaptive1500k_phys_wave3_20260718_bin00_pthat50to75_shard1050_seed1201050_bundle.tar.gz	sigma_gen_pb,event_weight_convention,sum_event_weights,sum_squared_event_weights,min_event_weight,max_event_weight			False	False	True	recover_exact_generator_json_or_provenance_for_this_shard	qcd_shard_normalization_fail_closed
background	qcd_hardqcd	qcd_hardqcd_importance_adaptive1500k_phys_wave3_20260718	qcd_hardqcd_importance_adaptive1500k_phys_wave3_20260718_bin00_pthat50to75_shard1051_seed1201051	/store/user/iturkmen/hh4b_delphes/run2_13tev/frozen_v2/bundles/qcd_hardqcd_importance_adaptive1500k_phys_wave3_20260718/qcd_hardqcd_importance_adaptive1500k_phys_wave3_20260718_bin00_pthat50to75_shard1051_seed1201051_bundle.tar.gz	sigma_gen_pb,event_weight_convention,sum_event_weights,sum_squared_event_weights,min_event_weight,max_event_weight			False	False	True	recover_exact_generator_json_or_provenance_for_this_shard	qcd_shard_normalization_fail_closed
background	qcd_hardqcd	qcd_hardqcd_importance_adaptive1500k_phys_wave3_20260718	qcd_hardqcd_importance_adaptive1500k_phys_wave3_20260718_bin00_pthat50to75_shard1052_seed1201052	/store/user/iturkmen/hh4b_delphes/run2_13tev/frozen_v2/bundles/qcd_hardqcd_importance_adaptive1500k_phys_wave3_20260718/qcd_hardqcd_importance_adaptive1500k_phys_wave3_20260718_bin00_pthat50to75_shard1052_seed1201052_bundle.tar.gz	sigma_gen_pb,event_weight_convention,sum_event_weights,sum_squared_event_weights,min_event_weight,max_event_weight			False	False	True	recover_exact_generator_json_or_provenance_for_this_shard	qcd_shard_normalization_fail_closed
background	qcd_hardqcd	qcd_hardqcd_importance_adaptive1500k_phys_wave3_20260718	qcd_hardqcd_importance_adaptive1500k_phys_wave3_20260718_bin00_pthat50to75_shard1053_seed1201053	/store/user/iturkmen/hh4b_delphes/run2_13tev/frozen_v2/bundles/qcd_hardqcd_importance_adaptive1500k_phys_wave3_20260718/qcd_hardqcd_importance_adaptive1500k_phys_wave3_20260718_bin00_pthat50to75_shard1053_seed1201053_bundle.tar.gz	sigma_gen_pb,event_weight_convention,sum_event_weights,sum_squared_event_weights,min_event_weight,max_event_weight			False	False	True	recover_exact_generator_json_or_provenance_for_this_shard	qcd_shard_normalization_fail_closed
background	qcd_hardqcd	qcd_hardqcd_importance_adaptive1500k_phys_wave3_20260718	qcd_hardqcd_importance_adaptive1500k_phys_wave3_20260718_bin00_pthat50to75_shard1054_seed1201054	/store/user/iturkmen/hh4b_delphes/run2_13tev/frozen_v2/bundles/qcd_hardqcd_importance_adaptive1500k_phys_wave3_20260718/qcd_hardqcd_importance_adaptive1500k_phys_wave3_20260718_bin00_pthat50to75_shard1054_seed1201054_bundle.tar.gz	sigma_gen_pb,event_weight_convention,sum_event_weights,sum_squared_event_weights,min_event_weight,max_event_weight			False	False	True	recover_exact_generator_json_or_provenance_for_this_shard	qcd_shard_normalization_fail_closed
background	qcd_hardqcd	qcd_hardqcd_importance_adaptive1500k_phys_wave3_20260718	qcd_hardqcd_importance_adaptive1500k_phys_wave3_20260718_bin00_pthat50to75_shard1055_seed1201055	/store/user/iturkmen/hh4b_delphes/run2_13tev/frozen_v2/bundles/qcd_hardqcd_importance_adaptive1500k_phys_wave3_20260718/qcd_hardqcd_importance_adaptive1500k_phys_wave3_20260718_bin00_pthat50to75_shard1055_seed1201055_bundle.tar.gz	sigma_gen_pb,event_weight_convention,sum_event_weights,sum_squared_event_weights,min_event_weight,max_event_weight			False	False	True	recover_exact_generator_json_or_provenance_for_this_shard	qcd_shard_normalization_fail_closed
background	qcd_hardqcd	qcd_hardqcd_importance_adaptive1500k_phys_wave3_20260718	qcd_hardqcd_importance_adaptive1500k_phys_wave3_20260718_bin00_pthat50to75_shard1056_seed1201056	/store/user/iturkmen/hh4b_delphes/run2_13tev/frozen_v2/bundles/qcd_hardqcd_importance_adaptive1500k_phys_wave3_20260718/qcd_hardqcd_importance_adaptive1500k_phys_wave3_20260718_bin00_pthat50to75_shard1056_seed1201056_bundle.tar.gz	sigma_gen_pb,event_weight_convention,sum_event_weights,sum_squared_event_weights,min_event_weight,max_event_weight			False	False	True	recover_exact_generator_json_or_provenance_for_this_shard	qcd_shard_normalization_fail_closed
background	qcd_hardqcd	qcd_hardqcd_importance_adaptive1500k_phys_wave3_20260718	qcd_hardqcd_importance_adaptive1500k_phys_wave3_20260718_bin00_pthat50to75_shard1057_seed1201057	/store/user/iturkmen/hh4b_delphes/run2_13tev/frozen_v2/bundles/qcd_hardqcd_importance_adaptive1500k_phys_wave3_20260718/qcd_hardqcd_importance_adaptive1500k_phys_wave3_20260718_bin00_pthat50to75_shard1057_seed1201057_bundle.tar.gz	sigma_gen_pb,event_weight_convention,sum_event_weights,sum_squared_event_weights,min_event_weight,max_event_weight			False	False	True	recover_exact_generator_json_or_provenance_for_this_shard	qcd_shard_normalization_fail_closed
background	qcd_hardqcd	qcd_hardqcd_importance_adaptive1500k_phys_wave3_20260718	qcd_hardqcd_importance_adaptive1500k_phys_wave3_20260718_bin00_pthat50to75_shard1058_seed1201058	/store/user/iturkmen/hh4b_delphes/run2_13tev/frozen_v2/bundles/qcd_hardqcd_importance_adaptive1500k_phys_wave3_20260718/qcd_hardqcd_importance_adaptive1500k_phys_wave3_20260718_bin00_pthat50to75_shard1058_seed1201058_bundle.tar.gz	sigma_gen_pb,event_weight_convention,sum_event_weights,sum_squared_event_weights,min_event_weight,max_event_weight			False	False	True	recover_exact_generator_json_or_provenance_for_this_shard	qcd_shard_normalization_fail_closed
background	qcd_hardqcd	qcd_hardqcd_importance_adaptive1500k_phys_wave3_20260718	qcd_hardqcd_importance_adaptive1500k_phys_wave3_20260718_bin00_pthat50to75_shard1059_seed1201059	/store/user/iturkmen/hh4b_delphes/run2_13tev/frozen_v2/bundles/qcd_hardqcd_importance_adaptive1500k_phys_wave3_20260718/qcd_hardqcd_importance_adaptive1500k_phys_wave3_20260718_bin00_pthat50to75_shard1059_seed1201059_bundle.tar.gz	sigma_gen_pb,event_weight_convention,sum_event_weights,sum_squared_event_weights,min_event_weight,max_event_weight			False	False	True	recover_exact_generator_json_or_provenance_for_this_shard	qcd_shard_normalization_fail_closed
background	qcd_hardqcd	qcd_hardqcd_importance_adaptive1500k_phys_wave3_20260718	qcd_hardqcd_importance_adaptive1500k_phys_wave3_20260718_bin00_pthat50to75_shard1060_seed1201060	/store/user/iturkmen/hh4b_delphes/run2_13tev/frozen_v2/bundles/qcd_hardqcd_importance_adaptive1500k_phys_wave3_20260718/qcd_hardqcd_importance_adaptive1500k_phys_wave3_20260718_bin00_pthat50to75_shard1060_seed1201060_bundle.tar.gz	sigma_gen_pb,event_weight_convention,sum_event_weights,sum_squared_event_weights,min_event_weight,max_event_weight			False	False	True	recover_exact_generator_json_or_provenance_for_this_shard	qcd_shard_normalization_fail_closed
background	qcd_hardqcd	qcd_hardqcd_importance_adaptive1500k_phys_wave3_20260718	qcd_hardqcd_importance_adaptive1500k_phys_wave3_20260718_bin00_pthat50to75_shard1061_seed1201061	/store/user/iturkmen/hh4b_delphes/run2_13tev/frozen_v2/bundles/qcd_hardqcd_importance_adaptive1500k_phys_wave3_20260718/qcd_hardqcd_importance_adaptive1500k_phys_wave3_20260718_bin00_pthat50to75_shard1061_seed1201061_bundle.tar.gz	sigma_gen_pb,event_weight_convention,sum_event_weights,sum_squared_event_weights,min_event_weight,max_event_weight			False	False	True	recover_exact_generator_json_or_provenance_for_this_shard	qcd_shard_normalization_fail_closed
background	qcd_hardqcd	qcd_hardqcd_importance_adaptive1500k_phys_wave3_20260718	qcd_hardqcd_importance_adaptive1500k_phys_wave3_20260718_bin00_pthat50to75_shard1062_seed1201062	/store/user/iturkmen/hh4b_delphes/run2_13tev/frozen_v2/bundles/qcd_hardqcd_importance_adaptive1500k_phys_wave3_20260718/qcd_hardqcd_importance_adaptive1500k_phys_wave3_20260718_bin00_pthat50to75_shard1062_seed1201062_bundle.tar.gz	sigma_gen_pb,event_weight_convention,sum_event_weights,sum_squared_event_weights,min_event_weight,max_event_weight			False	False	True	recover_exact_generator_json_or_provenance_for_this_shard	qcd_shard_normalization_fail_closed
background	qcd_hardqcd	qcd_hardqcd_importance_adaptive1500k_phys_wave3_20260718	qcd_hardqcd_importance_adaptive1500k_phys_wave3_20260718_bin00_pthat50to75_shard1063_seed1201063	/store/user/iturkmen/hh4b_delphes/run2_13tev/frozen_v2/bundles/qcd_hardqcd_importance_adaptive1500k_phys_wave3_20260718/qcd_hardqcd_importance_adaptive1500k_phys_wave3_20260718_bin00_pthat50to75_shard1063_seed1201063_bundle.tar.gz	sigma_gen_pb,event_weight_convention,sum_event_weights,sum_squared_event_weights,min_event_weight,max_event_weight			False	False	True	recover_exact_generator_json_or_provenance_for_this_shard	qcd_shard_normalization_fail_closed
background	qcd_hardqcd	qcd_hardqcd_importance_adaptive1500k_phys_wave3_20260718	qcd_hardqcd_importance_adaptive1500k_phys_wave3_20260718_bin00_pthat50to75_shard1064_seed1201064	/store/user/iturkmen/hh4b_delphes/run2_13tev/frozen_v2/bundles/qcd_hardqcd_importance_adaptive1500k_phys_wave3_20260718/qcd_hardqcd_importance_adaptive1500k_phys_wave3_20260718_bin00_pthat50to75_shard1064_seed1201064_bundle.tar.gz	sigma_gen_pb,event_weight_convention,sum_event_weights,sum_squared_event_weights,min_event_weight,max_event_weight			False	False	True	recover_exact_generator_json_or_provenance_for_this_shard	qcd_shard_normalization_fail_closed
background	qcd_hardqcd	qcd_hardqcd_importance_adaptive1500k_phys_wave3_20260718	qcd_hardqcd_importance_adaptive1500k_phys_wave3_20260718_bin00_pthat50to75_shard1065_seed1201065	/store/user/iturkmen/hh4b_delphes/run2_13tev/frozen_v2/bundles/qcd_hardqcd_importance_adaptive1500k_phys_wave3_20260718/qcd_hardqcd_importance_adaptive1500k_phys_wave3_20260718_bin00_pthat50to75_shard1065_seed1201065_bundle.tar.gz	sigma_gen_pb,event_weight_convention,sum_event_weights,sum_squared_event_weights,min_event_weight,max_event_weight			False	False	True	recover_exact_generator_json_or_provenance_for_this_shard	qcd_shard_normalization_fail_closed
background	qcd_hardqcd	qcd_hardqcd_importance_adaptive1500k_phys_wave3_20260718	qcd_hardqcd_importance_adaptive1500k_phys_wave3_20260718_bin00_pthat50to75_shard1066_seed1201066	/store/user/iturkmen/hh4b_delphes/run2_13tev/frozen_v2/bundles/qcd_hardqcd_importance_adaptive1500k_phys_wave3_20260718/qcd_hardqcd_importance_adaptive1500k_phys_wave3_20260718_bin00_pthat50to75_shard1066_seed1201066_bundle.tar.gz	sigma_gen_pb,event_weight_convention,sum_event_weights,sum_squared_event_weights,min_event_weight,max_event_weight			False	False	True	recover_exact_generator_json_or_provenance_for_this_shard	qcd_shard_normalization_fail_closed
background	qcd_hardqcd	qcd_hardqcd_importance_adaptive1500k_phys_wave3_20260718	qcd_hardqcd_importance_adaptive1500k_phys_wave3_20260718_bin00_pthat50to75_shard1067_seed1201067	/store/user/iturkmen/hh4b_delphes/run2_13tev/frozen_v2/bundles/qcd_hardqcd_importance_adaptive1500k_phys_wave3_20260718/qcd_hardqcd_importance_adaptive1500k_phys_wave3_20260718_bin00_pthat50to75_shard1067_seed1201067_bundle.tar.gz	sigma_gen_pb,event_weight_convention,sum_event_weights,sum_squared_event_weights,min_event_weight,max_event_weight			False	False	True	recover_exact_generator_json_or_provenance_for_this_shard	qcd_shard_normalization_fail_closed
background	qcd_hardqcd	qcd_hardqcd_importance_adaptive1500k_phys_wave3_20260718	qcd_hardqcd_importance_adaptive1500k_phys_wave3_20260718_bin00_pthat50to75_shard1068_seed1201068	/store/user/iturkmen/hh4b_delphes/run2_13tev/frozen_v2/bundles/qcd_hardqcd_importance_adaptive1500k_phys_wave3_20260718/qcd_hardqcd_importance_adaptive1500k_phys_wave3_20260718_bin00_pthat50to75_shard1068_seed1201068_bundle.tar.gz	sigma_gen_pb,event_weight_convention,sum_event_weights,sum_squared_event_weights,min_event_weight,max_event_weight			False	False	True	recover_exact_generator_json_or_provenance_for_this_shard	qcd_shard_normalization_fail_closed
background	qcd_hardqcd	qcd_hardqcd_importance_adaptive1500k_phys_wave3_20260718	qcd_hardqcd_importance_adaptive1500k_phys_wave3_20260718_bin00_pthat50to75_shard1069_seed1201069	/store/user/iturkmen/hh4b_delphes/run2_13tev/frozen_v2/bundles/qcd_hardqcd_importance_adaptive1500k_phys_wave3_20260718/qcd_hardqcd_importance_adaptive1500k_phys_wave3_20260718_bin00_pthat50to75_shard1069_seed1201069_bundle.tar.gz	sigma_gen_pb,event_weight_convention,sum_event_weights,sum_squared_event_weights,min_event_weight,max_event_weight			False	False	True	recover_exact_generator_json_or_provenance_for_this_shard	qcd_shard_normalization_fail_closed
background	qcd_hardqcd	qcd_hardqcd_importance_adaptive1500k_phys_wave3_20260718	qcd_hardqcd_importance_adaptive1500k_phys_wave3_20260718_bin00_pthat50to75_shard1070_seed1201070	/store/user/iturkmen/hh4b_delphes/run2_13tev/frozen_v2/bundles/qcd_hardqcd_importance_adaptive1500k_phys_wave3_20260718/qcd_hardqcd_importance_adaptive1500k_phys_wave3_20260718_bin00_pthat50to75_shard1070_seed1201070_bundle.tar.gz	sigma_gen_pb,event_weight_convention,sum_event_weights,sum_squared_event_weights,min_event_weight,max_event_weight			False	False	True	recover_exact_generator_json_or_provenance_for_this_shard	qcd_shard_normalization_fail_closed
background	qcd_hardqcd	qcd_hardqcd_importance_adaptive1500k_phys_wave3_20260718	qcd_hardqcd_importance_adaptive1500k_phys_wave3_20260718_bin00_pthat50to75_shard1071_seed1201071	/store/user/iturkmen/hh4b_delphes/run2_13tev/frozen_v2/bundles/qcd_hardqcd_importance_adaptive1500k_phys_wave3_20260718/qcd_hardqcd_importance_adaptive1500k_phys_wave3_20260718_bin00_pthat50to75_shard1071_seed1201071_bundle.tar.gz	sigma_gen_pb,event_weight_convention,sum_event_weights,sum_squared_event_weights,min_event_weight,max_event_weight			False	False	True	recover_exact_generator_json_or_provenance_for_this_shard	qcd_shard_normalization_fail_closed
background	qcd_hardqcd	qcd_hardqcd_importance_adaptive1500k_phys_wave3_20260718	qcd_hardqcd_importance_adaptive1500k_phys_wave3_20260718_bin00_pthat50to75_shard1072_seed1201072	/store/user/iturkmen/hh4b_delphes/run2_13tev/frozen_v2/bundles/qcd_hardqcd_importance_adaptive1500k_phys_wave3_20260718/qcd_hardqcd_importance_adaptive1500k_phys_wave3_20260718_bin00_pthat50to75_shard1072_seed1201072_bundle.tar.gz	sigma_gen_pb,event_weight_convention,sum_event_weights,sum_squared_event_weights,min_event_weight,max_event_weight			False	False	True	recover_exact_generator_json_or_provenance_for_this_shard	qcd_shard_normalization_fail_closed
background	qcd_hardqcd	qcd_hardqcd_importance_adaptive1500k_phys_wave3_20260718	qcd_hardqcd_importance_adaptive1500k_phys_wave3_20260718_bin00_pthat50to75_shard1073_seed1201073	/store/user/iturkmen/hh4b_delphes/run2_13tev/frozen_v2/bundles/qcd_hardqcd_importance_adaptive1500k_phys_wave3_20260718/qcd_hardqcd_importance_adaptive1500k_phys_wave3_20260718_bin00_pthat50to75_shard1073_seed1201073_bundle.tar.gz	sigma_gen_pb,event_weight_convention,sum_event_weights,sum_squared_event_weights,min_event_weight,max_event_weight			False	False	True	recover_exact_generator_json_or_provenance_for_this_shard	qcd_shard_normalization_fail_closed
background	qcd_hardqcd	qcd_hardqcd_importance_adaptive1500k_phys_wave3_20260718	qcd_hardqcd_importance_adaptive1500k_phys_wave3_20260718_bin00_pthat50to75_shard1074_seed1201074	/store/user/iturkmen/hh4b_delphes/run2_13tev/frozen_v2/bundles/qcd_hardqcd_importance_adaptive1500k_phys_wave3_20260718/qcd_hardqcd_importance_adaptive1500k_phys_wave3_20260718_bin00_pthat50to75_shard1074_seed1201074_bundle.tar.gz	sigma_gen_pb,event_weight_convention,sum_event_weights,sum_squared_event_weights,min_event_weight,max_event_weight			False	False	True	recover_exact_generator_json_or_provenance_for_this_shard	qcd_shard_normalization_fail_closed
background	qcd_hardqcd	qcd_hardqcd_importance_adaptive1500k_phys_wave3_20260718	qcd_hardqcd_importance_adaptive1500k_phys_wave3_20260718_bin00_pthat50to75_shard1075_seed1201075	/store/user/iturkmen/hh4b_delphes/run2_13tev/frozen_v2/bundles/qcd_hardqcd_importance_adaptive1500k_phys_wave3_20260718/qcd_hardqcd_importance_adaptive1500k_phys_wave3_20260718_bin00_pthat50to75_shard1075_seed1201075_bundle.tar.gz	sigma_gen_pb,event_weight_convention,sum_event_weights,sum_squared_event_weights,min_event_weight,max_event_weight			False	False	True	recover_exact_generator_json_or_provenance_for_this_shard	qcd_shard_normalization_fail_closed
background	qcd_hardqcd	qcd_hardqcd_importance_adaptive1500k_phys_wave3_20260718	qcd_hardqcd_importance_adaptive1500k_phys_wave3_20260718_bin00_pthat50to75_shard1076_seed1201076	/store/user/iturkmen/hh4b_delphes/run2_13tev/frozen_v2/bundles/qcd_hardqcd_importance_adaptive1500k_phys_wave3_20260718/qcd_hardqcd_importance_adaptive1500k_phys_wave3_20260718_bin00_pthat50to75_shard1076_seed1201076_bundle.tar.gz	sigma_gen_pb,event_weight_convention,sum_event_weights,sum_squared_event_weights,min_event_weight,max_event_weight			False	False	True	recover_exact_generator_json_or_provenance_for_this_shard	qcd_shard_normalization_fail_closed
background	qcd_hardqcd	qcd_hardqcd_importance_adaptive1500k_phys_wave3_20260718	qcd_hardqcd_importance_adaptive1500k_phys_wave3_20260718_bin00_pthat50to75_shard1077_seed1201077	/store/user/iturkmen/hh4b_delphes/run2_13tev/frozen_v2/bundles/qcd_hardqcd_importance_adaptive1500k_phys_wave3_20260718/qcd_hardqcd_importance_adaptive1500k_phys_wave3_20260718_bin00_pthat50to75_shard1077_seed1201077_bundle.tar.gz	sigma_gen_pb,event_weight_convention,sum_event_weights,sum_squared_event_weights,min_event_weight,max_event_weight			False	False	True	recover_exact_generator_json_or_provenance_for_this_shard	qcd_shard_normalization_fail_closed
background	qcd_hardqcd	qcd_hardqcd_importance_adaptive1500k_phys_wave3_20260718	qcd_hardqcd_importance_adaptive1500k_phys_wave3_20260718_bin00_pthat50to75_shard1078_seed1201078	/store/user/iturkmen/hh4b_delphes/run2_13tev/frozen_v2/bundles/qcd_hardqcd_importance_adaptive1500k_phys_wave3_20260718/qcd_hardqcd_importance_adaptive1500k_phys_wave3_20260718_bin00_pthat50to75_shard1078_seed1201078_bundle.tar.gz	sigma_gen_pb,event_weight_convention,sum_event_weights,sum_squared_event_weights,min_event_weight,max_event_weight			False	False	True	recover_exact_generator_json_or_provenance_for_this_shard	qcd_shard_normalization_fail_closed
background	qcd_hardqcd	qcd_hardqcd_importance_adaptive1500k_phys_wave3_20260718	qcd_hardqcd_importance_adaptive1500k_phys_wave3_20260718_bin00_pthat50to75_shard1079_seed1201079	/store/user/iturkmen/hh4b_delphes/run2_13tev/frozen_v2/bundles/qcd_hardqcd_importance_adaptive1500k_phys_wave3_20260718/qcd_hardqcd_importance_adaptive1500k_phys_wave3_20260718_bin00_pthat50to75_shard1079_seed1201079_bundle.tar.gz	sigma_gen_pb,event_weight_convention,sum_event_weights,sum_squared_event_weights,min_event_weight,max_event_weight			False	False	True	recover_exact_generator_json_or_provenance_for_this_shard	qcd_shard_normalization_fail_closed
background	qcd_hardqcd	qcd_hardqcd_importance_adaptive1500k_phys_wave3_20260718	qcd_hardqcd_importance_adaptive1500k_phys_wave3_20260718_bin00_pthat50to75_shard1080_seed1201080	/store/user/iturkmen/hh4b_delphes/run2_13tev/frozen_v2/bundles/qcd_hardqcd_importance_adaptive1500k_phys_wave3_20260718/qcd_hardqcd_importance_adaptive1500k_phys_wave3_20260718_bin00_pthat50to75_shard1080_seed1201080_bundle.tar.gz	sigma_gen_pb,event_weight_convention,sum_event_weights,sum_squared_event_weights,min_event_weight,max_event_weight			False	False	True	recover_exact_generator_json_or_provenance_for_this_shard	qcd_shard_normalization_fail_closed
background	qcd_hardqcd	qcd_hardqcd_importance_adaptive1500k_phys_wave3_20260718	qcd_hardqcd_importance_adaptive1500k_phys_wave3_20260718_bin00_pthat50to75_shard1081_seed1201081	/store/user/iturkmen/hh4b_delphes/run2_13tev/frozen_v2/bundles/qcd_hardqcd_importance_adaptive1500k_phys_wave3_20260718/qcd_hardqcd_importance_adaptive1500k_phys_wave3_20260718_bin00_pthat50to75_shard1081_seed1201081_bundle.tar.gz	sigma_gen_pb,event_weight_convention,sum_event_weights,sum_squared_event_weights,min_event_weight,max_event_weight			False	False	True	recover_exact_generator_json_or_provenance_for_this_shard	qcd_shard_normalization_fail_closed
background	qcd_hardqcd	qcd_hardqcd_importance_adaptive1500k_phys_wave3_20260718	qcd_hardqcd_importance_adaptive1500k_phys_wave3_20260718_bin00_pthat50to75_shard1082_seed1201082	/store/user/iturkmen/hh4b_delphes/run2_13tev/frozen_v2/bundles/qcd_hardqcd_importance_adaptive1500k_phys_wave3_20260718/qcd_hardqcd_importance_adaptive1500k_phys_wave3_20260718_bin00_pthat50to75_shard1082_seed1201082_bundle.tar.gz	sigma_gen_pb,event_weight_convention,sum_event_weights,sum_squared_event_weights,min_event_weight,max_event_weight			False	False	True	recover_exact_generator_json_or_provenance_for_this_shard	qcd_shard_normalization_fail_closed
background	qcd_hardqcd	qcd_hardqcd_importance_adaptive1500k_phys_wave3_20260718	qcd_hardqcd_importance_adaptive1500k_phys_wave3_20260718_bin00_pthat50to75_shard1083_seed1201083	/store/user/iturkmen/hh4b_delphes/run2_13tev/frozen_v2/bundles/qcd_hardqcd_importance_adaptive1500k_phys_wave3_20260718/qcd_hardqcd_importance_adaptive1500k_phys_wave3_20260718_bin00_pthat50to75_shard1083_seed1201083_bundle.tar.gz	sigma_gen_pb,event_weight_convention,sum_event_weights,sum_squared_event_weights,min_event_weight,max_event_weight			False	False	True	recover_exact_generator_json_or_provenance_for_this_shard	qcd_shard_normalization_fail_closed
background	qcd_hardqcd	qcd_hardqcd_importance_adaptive1500k_phys_wave3_20260718	qcd_hardqcd_importance_adaptive1500k_phys_wave3_20260718_bin00_pthat50to75_shard1084_seed1201084	/store/user/iturkmen/hh4b_delphes/run2_13tev/frozen_v2/bundles/qcd_hardqcd_importance_adaptive1500k_phys_wave3_20260718/qcd_hardqcd_importance_adaptive1500k_phys_wave3_20260718_bin00_pthat50to75_shard1084_seed1201084_bundle.tar.gz	sigma_gen_pb,event_weight_convention,sum_event_weights,sum_squared_event_weights,min_event_weight,max_event_weight			False	False	True	recover_exact_generator_json_or_provenance_for_this_shard	qcd_shard_normalization_fail_closed
background	qcd_hardqcd	qcd_hardqcd_importance_adaptive1500k_phys_wave3_20260718	qcd_hardqcd_importance_adaptive1500k_phys_wave3_20260718_bin00_pthat50to75_shard1085_seed1201085	/store/user/iturkmen/hh4b_delphes/run2_13tev/frozen_v2/bundles/qcd_hardqcd_importance_adaptive1500k_phys_wave3_20260718/qcd_hardqcd_importance_adaptive1500k_phys_wave3_20260718_bin00_pthat50to75_shard1085_seed1201085_bundle.tar.gz	sigma_gen_pb,event_weight_convention,sum_event_weights,sum_squared_event_weights,min_event_weight,max_event_weight			False	False	True	recover_exact_generator_json_or_provenance_for_this_shard	qcd_shard_normalization_fail_closed
background	qcd_hardqcd	qcd_hardqcd_importance_adaptive1500k_phys_wave3_20260718	qcd_hardqcd_importance_adaptive1500k_phys_wave3_20260718_bin00_pthat50to75_shard1086_seed1201086	/store/user/iturkmen/hh4b_delphes/run2_13tev/frozen_v2/bundles/qcd_hardqcd_importance_adaptive1500k_phys_wave3_20260718/qcd_hardqcd_importance_adaptive1500k_phys_wave3_20260718_bin00_pthat50to75_shard1086_seed1201086_bundle.tar.gz	sigma_gen_pb,event_weight_convention,sum_event_weights,sum_squared_event_weights,min_event_weight,max_event_weight			False	False	True	recover_exact_generator_json_or_provenance_for_this_shard	qcd_shard_normalization_fail_closed
background	qcd_hardqcd	qcd_hardqcd_importance_adaptive1500k_phys_wave3_20260718	qcd_hardqcd_importance_adaptive1500k_phys_wave3_20260718_bin00_pthat50to75_shard1087_seed1201087	/store/user/iturkmen/hh4b_delphes/run2_13tev/frozen_v2/bundles/qcd_hardqcd_importance_adaptive1500k_phys_wave3_20260718/qcd_hardqcd_importance_adaptive1500k_phys_wave3_20260718_bin00_pthat50to75_shard1087_seed1201087_bundle.tar.gz	sigma_gen_pb,event_weight_convention,sum_event_weights,sum_squared_event_weights,min_event_weight,max_event_weight			False	False	True	recover_exact_generator_json_or_provenance_for_this_shard	qcd_shard_normalization_fail_closed
background	qcd_hardqcd	qcd_hardqcd_importance_adaptive1500k_phys_wave3_20260718	qcd_hardqcd_importance_adaptive1500k_phys_wave3_20260718_bin00_pthat50to75_shard1088_seed1201088	/store/user/iturkmen/hh4b_delphes/run2_13tev/frozen_v2/bundles/qcd_hardqcd_importance_adaptive1500k_phys_wave3_20260718/qcd_hardqcd_importance_adaptive1500k_phys_wave3_20260718_bin00_pthat50to75_shard1088_seed1201088_bundle.tar.gz	sigma_gen_pb,event_weight_convention,sum_event_weights,sum_squared_event_weights,min_event_weight,max_event_weight			False	False	True	recover_exact_generator_json_or_provenance_for_this_shard	qcd_shard_normalization_fail_closed
background	qcd_hardqcd	qcd_hardqcd_importance_adaptive1500k_phys_wave3_20260718	qcd_hardqcd_importance_adaptive1500k_phys_wave3_20260718_bin00_pthat50to75_shard1089_seed1201089	/store/user/iturkmen/hh4b_delphes/run2_13tev/frozen_v2/bundles/qcd_hardqcd_importance_adaptive1500k_phys_wave3_20260718/qcd_hardqcd_importance_adaptive1500k_phys_wave3_20260718_bin00_pthat50to75_shard1089_seed1201089_bundle.tar.gz	sigma_gen_pb,event_weight_convention,sum_event_weights,sum_squared_event_weights,min_event_weight,max_event_weight			False	False	True	recover_exact_generator_json_or_provenance_for_this_shard	qcd_shard_normalization_fail_closed
background	qcd_hardqcd	qcd_hardqcd_importance_adaptive1500k_phys_wave3_20260718	qcd_hardqcd_importance_adaptive1500k_phys_wave3_20260718_bin00_pthat50to75_shard1090_seed1201090	/store/user/iturkmen/hh4b_delphes/run2_13tev/frozen_v2/bundles/qcd_hardqcd_importance_adaptive1500k_phys_wave3_20260718/qcd_hardqcd_importance_adaptive1500k_phys_wave3_20260718_bin00_pthat50to75_shard1090_seed1201090_bundle.tar.gz	sigma_gen_pb,event_weight_convention,sum_event_weights,sum_squared_event_weights,min_event_weight,max_event_weight			False	False	True	recover_exact_generator_json_or_provenance_for_this_shard	qcd_shard_normalization_fail_closed
background	qcd_hardqcd	qcd_hardqcd_importance_adaptive1500k_phys_wave3_20260718	qcd_hardqcd_importance_adaptive1500k_phys_wave3_20260718_bin00_pthat50to75_shard1091_seed1201091	/store/user/iturkmen/hh4b_delphes/run2_13tev/frozen_v2/bundles/qcd_hardqcd_importance_adaptive1500k_phys_wave3_20260718/qcd_hardqcd_importance_adaptive1500k_phys_wave3_20260718_bin00_pthat50to75_shard1091_seed1201091_bundle.tar.gz	sigma_gen_pb,event_weight_convention,sum_event_weights,sum_squared_event_weights,min_event_weight,max_event_weight			False	False	True	recover_exact_generator_json_or_provenance_for_this_shard	qcd_shard_normalization_fail_closed
background	qcd_hardqcd	qcd_hardqcd_importance_adaptive1500k_phys_wave3_20260718	qcd_hardqcd_importance_adaptive1500k_phys_wave3_20260718_bin00_pthat50to75_shard1092_seed1201092	/store/user/iturkmen/hh4b_delphes/run2_13tev/frozen_v2/bundles/qcd_hardqcd_importance_adaptive1500k_phys_wave3_20260718/qcd_hardqcd_importance_adaptive1500k_phys_wave3_20260718_bin00_pthat50to75_shard1092_seed1201092_bundle.tar.gz	sigma_gen_pb,event_weight_convention,sum_event_weights,sum_squared_event_weights,min_event_weight,max_event_weight			False	False	True	recover_exact_generator_json_or_provenance_for_this_shard	qcd_shard_normalization_fail_closed
background	qcd_hardqcd	qcd_hardqcd_importance_adaptive1500k_phys_wave3_20260718	qcd_hardqcd_importance_adaptive1500k_phys_wave3_20260718_bin00_pthat50to75_shard1093_seed1201093	/store/user/iturkmen/hh4b_delphes/run2_13tev/frozen_v2/bundles/qcd_hardqcd_importance_adaptive1500k_phys_wave3_20260718/qcd_hardqcd_importance_adaptive1500k_phys_wave3_20260718_bin00_pthat50to75_shard1093_seed1201093_bundle.tar.gz	sigma_gen_pb,event_weight_convention,sum_event_weights,sum_squared_event_weights,min_event_weight,max_event_weight			False	False	True	recover_exact_generator_json_or_provenance_for_this_shard	qcd_shard_normalization_fail_closed
background	qcd_hardqcd	qcd_hardqcd_importance_adaptive1500k_phys_wave3_20260718	qcd_hardqcd_importance_adaptive1500k_phys_wave3_20260718_bin00_pthat50to75_shard1094_seed1201094	/store/user/iturkmen/hh4b_delphes/run2_13tev/frozen_v2/bundles/qcd_hardqcd_importance_adaptive1500k_phys_wave3_20260718/qcd_hardqcd_importance_adaptive1500k_phys_wave3_20260718_bin00_pthat50to75_shard1094_seed1201094_bundle.tar.gz	sigma_gen_pb,event_weight_convention,sum_event_weights,sum_squared_event_weights,min_event_weight,max_event_weight			False	False	True	recover_exact_generator_json_or_provenance_for_this_shard	qcd_shard_normalization_fail_closed
background	qcd_hardqcd	qcd_hardqcd_importance_adaptive1500k_phys_wave3_20260718	qcd_hardqcd_importance_adaptive1500k_phys_wave3_20260718_bin00_pthat50to75_shard1095_seed1201095	/store/user/iturkmen/hh4b_delphes/run2_13tev/frozen_v2/bundles/qcd_hardqcd_importance_adaptive1500k_phys_wave3_20260718/qcd_hardqcd_importance_adaptive1500k_phys_wave3_20260718_bin00_pthat50to75_shard1095_seed1201095_bundle.tar.gz	sigma_gen_pb,event_weight_convention,sum_event_weights,sum_squared_event_weights,min_event_weight,max_event_weight			False	False	True	recover_exact_generator_json_or_provenance_for_this_shard	qcd_shard_normalization_fail_closed
background	qcd_hardqcd	qcd_hardqcd_importance_adaptive1500k_phys_wave3_20260718	qcd_hardqcd_importance_adaptive1500k_phys_wave3_20260718_bin00_pthat50to75_shard1096_seed1201096	/store/user/iturkmen/hh4b_delphes/run2_13tev/frozen_v2/bundles/qcd_hardqcd_importance_adaptive1500k_phys_wave3_20260718/qcd_hardqcd_importance_adaptive1500k_phys_wave3_20260718_bin00_pthat50to75_shard1096_seed1201096_bundle.tar.gz	sigma_gen_pb,event_weight_convention,sum_event_weights,sum_squared_event_weights,min_event_weight,max_event_weight			False	False	True	recover_exact_generator_json_or_provenance_for_this_shard	qcd_shard_normalization_fail_closed
background	qcd_hardqcd	qcd_hardqcd_importance_adaptive1500k_phys_wave3_20260718	qcd_hardqcd_importance_adaptive1500k_phys_wave3_20260718_bin00_pthat50to75_shard1097_seed1201097	/store/user/iturkmen/hh4b_delphes/run2_13tev/frozen_v2/bundles/qcd_hardqcd_importance_adaptive1500k_phys_wave3_20260718/qcd_hardqcd_importance_adaptive1500k_phys_wave3_20260718_bin00_pthat50to75_shard1097_seed1201097_bundle.tar.gz	sigma_gen_pb,event_weight_convention,sum_event_weights,sum_squared_event_weights,min_event_weight,max_event_weight			False	False	True	recover_exact_generator_json_or_provenance_for_this_shard	qcd_shard_normalization_fail_closed
background	qcd_hardqcd	qcd_hardqcd_importance_adaptive1500k_phys_wave3_20260718	qcd_hardqcd_importance_adaptive1500k_phys_wave3_20260718_bin00_pthat50to75_shard1098_seed1201098	/store/user/iturkmen/hh4b_delphes/run2_13tev/frozen_v2/bundles/qcd_hardqcd_importance_adaptive1500k_phys_wave3_20260718/qcd_hardqcd_importance_adaptive1500k_phys_wave3_20260718_bin00_pthat50to75_shard1098_seed1201098_bundle.tar.gz	sigma_gen_pb,event_weight_convention,sum_event_weights,sum_squared_event_weights,min_event_weight,max_event_weight			False	False	True	recover_exact_generator_json_or_provenance_for_this_shard	qcd_shard_normalization_fail_closed
background	qcd_hardqcd	qcd_hardqcd_importance_adaptive1500k_phys_wave3_20260718	qcd_hardqcd_importance_adaptive1500k_phys_wave3_20260718_bin00_pthat50to75_shard1099_seed1201099	/store/user/iturkmen/hh4b_delphes/run2_13tev/frozen_v2/bundles/qcd_hardqcd_importance_adaptive1500k_phys_wave3_20260718/qcd_hardqcd_importance_adaptive1500k_phys_wave3_20260718_bin00_pthat50to75_shard1099_seed1201099_bundle.tar.gz	sigma_gen_pb,event_weight_convention,sum_event_weights,sum_squared_event_weights,min_event_weight,max_event_weight			False	False	True	recover_exact_generator_json_or_provenance_for_this_shard	qcd_shard_normalization_fail_closed
background	qcd_hardqcd	qcd_hardqcd_importance_adaptive1500k_phys_wave3_20260718	qcd_hardqcd_importance_adaptive1500k_phys_wave3_20260718_bin00_pthat50to75_shard1100_seed1201100	/store/user/iturkmen/hh4b_delphes/run2_13tev/frozen_v2/bundles/qcd_hardqcd_importance_adaptive1500k_phys_wave3_20260718/qcd_hardqcd_importance_adaptive1500k_phys_wave3_20260718_bin00_pthat50to75_shard1100_seed1201100_bundle.tar.gz	sigma_gen_pb,event_weight_convention,sum_event_weights,sum_squared_event_weights,min_event_weight,max_event_weight			False	False	True	recover_exact_generator_json_or_provenance_for_this_shard	qcd_shard_normalization_fail_closed
background	qcd_hardqcd	qcd_hardqcd_importance_adaptive1500k_phys_wave3_20260718	qcd_hardqcd_importance_adaptive1500k_phys_wave3_20260718_bin00_pthat50to75_shard1101_seed1201101	/store/user/iturkmen/hh4b_delphes/run2_13tev/frozen_v2/bundles/qcd_hardqcd_importance_adaptive1500k_phys_wave3_20260718/qcd_hardqcd_importance_adaptive1500k_phys_wave3_20260718_bin00_pthat50to75_shard1101_seed1201101_bundle.tar.gz	sigma_gen_pb,event_weight_convention,sum_event_weights,sum_squared_event_weights,min_event_weight,max_event_weight			False	False	True	recover_exact_generator_json_or_provenance_for_this_shard	qcd_shard_normalization_fail_closed
background	qcd_hardqcd	qcd_hardqcd_importance_adaptive1500k_phys_wave3_20260718	qcd_hardqcd_importance_adaptive1500k_phys_wave3_20260718_bin00_pthat50to75_shard1102_seed1201102	/store/user/iturkmen/hh4b_delphes/run2_13tev/frozen_v2/bundles/qcd_hardqcd_importance_adaptive1500k_phys_wave3_20260718/qcd_hardqcd_importance_adaptive1500k_phys_wave3_20260718_bin00_pthat50to75_shard1102_seed1201102_bundle.tar.gz	sigma_gen_pb,event_weight_convention,sum_event_weights,sum_squared_event_weights,min_event_weight,max_event_weight			False	False	True	recover_exact_generator_json_or_provenance_for_this_shard	qcd_shard_normalization_fail_closed
background	qcd_hardqcd	qcd_hardqcd_importance_adaptive1500k_phys_wave3_20260718	qcd_hardqcd_importance_adaptive1500k_phys_wave3_20260718_bin00_pthat50to75_shard1103_seed1201103	/store/user/iturkmen/hh4b_delphes/run2_13tev/frozen_v2/bundles/qcd_hardqcd_importance_adaptive1500k_phys_wave3_20260718/qcd_hardqcd_importance_adaptive1500k_phys_wave3_20260718_bin00_pthat50to75_shard1103_seed1201103_bundle.tar.gz	sigma_gen_pb,event_weight_convention,sum_event_weights,sum_squared_event_weights,min_event_weight,max_event_weight			False	False	True	recover_exact_generator_json_or_provenance_for_this_shard	qcd_shard_normalization_fail_closed
background	qcd_hardqcd	qcd_hardqcd_importance_adaptive1500k_phys_wave3_20260718	qcd_hardqcd_importance_adaptive1500k_phys_wave3_20260718_bin00_pthat50to75_shard1104_seed1201104	/store/user/iturkmen/hh4b_delphes/run2_13tev/frozen_v2/bundles/qcd_hardqcd_importance_adaptive1500k_phys_wave3_20260718/qcd_hardqcd_importance_adaptive1500k_phys_wave3_20260718_bin00_pthat50to75_shard1104_seed1201104_bundle.tar.gz	sigma_gen_pb,event_weight_convention,sum_event_weights,sum_squared_event_weights,min_event_weight,max_event_weight			False	False	True	recover_exact_generator_json_or_provenance_for_this_shard	qcd_shard_normalization_fail_closed
background	qcd_hardqcd	qcd_hardqcd_importance_adaptive1500k_phys_wave3_20260718	qcd_hardqcd_importance_adaptive1500k_phys_wave3_20260718_bin00_pthat50to75_shard1105_seed1201105	/store/user/iturkmen/hh4b_delphes/run2_13tev/frozen_v2/bundles/qcd_hardqcd_importance_adaptive1500k_phys_wave3_20260718/qcd_hardqcd_importance_adaptive1500k_phys_wave3_20260718_bin00_pthat50to75_shard1105_seed1201105_bundle.tar.gz	sigma_gen_pb,event_weight_convention,sum_event_weights,sum_squared_event_weights,min_event_weight,max_event_weight			False	False	True	recover_exact_generator_json_or_provenance_for_this_shard	qcd_shard_normalization_fail_closed
background	qcd_hardqcd	qcd_hardqcd_importance_adaptive1500k_phys_wave3_20260718	qcd_hardqcd_importance_adaptive1500k_phys_wave3_20260718_bin01_pthat75to100_shard1106_seed1211106	/store/user/iturkmen/hh4b_delphes/run2_13tev/frozen_v2/bundles/qcd_hardqcd_importance_adaptive1500k_phys_wave3_20260718/qcd_hardqcd_importance_adaptive1500k_phys_wave3_20260718_bin01_pthat75to100_shard1106_seed1211106_bundle.tar.gz	sigma_gen_pb,event_weight_convention,sum_event_weights,sum_squared_event_weights,min_event_weight,max_event_weight			False	False	True	recover_exact_generator_json_or_provenance_for_this_shard	qcd_shard_normalization_fail_closed
background	qcd_hardqcd	qcd_hardqcd_importance_adaptive1500k_phys_wave3_20260718	qcd_hardqcd_importance_adaptive1500k_phys_wave3_20260718_bin01_pthat75to100_shard1107_seed1211107	/store/user/iturkmen/hh4b_delphes/run2_13tev/frozen_v2/bundles/qcd_hardqcd_importance_adaptive1500k_phys_wave3_20260718/qcd_hardqcd_importance_adaptive1500k_phys_wave3_20260718_bin01_pthat75to100_shard1107_seed1211107_bundle.tar.gz	sigma_gen_pb,event_weight_convention,sum_event_weights,sum_squared_event_weights,min_event_weight,max_event_weight			False	False	True	recover_exact_generator_json_or_provenance_for_this_shard	qcd_shard_normalization_fail_closed
background	qcd_hardqcd	qcd_hardqcd_importance_adaptive1500k_phys_wave3_20260718	qcd_hardqcd_importance_adaptive1500k_phys_wave3_20260718_bin01_pthat75to100_shard1108_seed1211108	/store/user/iturkmen/hh4b_delphes/run2_13tev/frozen_v2/bundles/qcd_hardqcd_importance_adaptive1500k_phys_wave3_20260718/qcd_hardqcd_importance_adaptive1500k_phys_wave3_20260718_bin01_pthat75to100_shard1108_seed1211108_bundle.tar.gz	sigma_gen_pb,event_weight_convention,sum_event_weights,sum_squared_event_weights,min_event_weight,max_event_weight			False	False	True	recover_exact_generator_json_or_provenance_for_this_shard	qcd_shard_normalization_fail_closed
background	qcd_hardqcd	qcd_hardqcd_importance_adaptive1500k_phys_wave3_20260718	qcd_hardqcd_importance_adaptive1500k_phys_wave3_20260718_bin01_pthat75to100_shard1109_seed1211109	/store/user/iturkmen/hh4b_delphes/run2_13tev/frozen_v2/bundles/qcd_hardqcd_importance_adaptive1500k_phys_wave3_20260718/qcd_hardqcd_importance_adaptive1500k_phys_wave3_20260718_bin01_pthat75to100_shard1109_seed1211109_bundle.tar.gz	sigma_gen_pb,event_weight_convention,sum_event_weights,sum_squared_event_weights,min_event_weight,max_event_weight			False	False	True	recover_exact_generator_json_or_provenance_for_this_shard	qcd_shard_normalization_fail_closed
background	qcd_hardqcd	qcd_hardqcd_importance_adaptive1500k_phys_wave3_20260718	qcd_hardqcd_importance_adaptive1500k_phys_wave3_20260718_bin01_pthat75to100_shard1110_seed1211110	/store/user/iturkmen/hh4b_delphes/run2_13tev/frozen_v2/bundles/qcd_hardqcd_importance_adaptive1500k_phys_wave3_20260718/qcd_hardqcd_importance_adaptive1500k_phys_wave3_20260718_bin01_pthat75to100_shard1110_seed1211110_bundle.tar.gz	sigma_gen_pb,event_weight_convention,sum_event_weights,sum_squared_event_weights,min_event_weight,max_event_weight			False	False	True	recover_exact_generator_json_or_provenance_for_this_shard	qcd_shard_normalization_fail_closed
background	qcd_hardqcd	qcd_hardqcd_importance_adaptive1500k_phys_wave3_20260718	qcd_hardqcd_importance_adaptive1500k_phys_wave3_20260718_bin01_pthat75to100_shard1111_seed1211111	/store/user/iturkmen/hh4b_delphes/run2_13tev/frozen_v2/bundles/qcd_hardqcd_importance_adaptive1500k_phys_wave3_20260718/qcd_hardqcd_importance_adaptive1500k_phys_wave3_20260718_bin01_pthat75to100_shard1111_seed1211111_bundle.tar.gz	sigma_gen_pb,event_weight_convention,sum_event_weights,sum_squared_event_weights,min_event_weight,max_event_weight			False	False	True	recover_exact_generator_json_or_provenance_for_this_shard	qcd_shard_normalization_fail_closed
background	qcd_hardqcd	qcd_hardqcd_importance_adaptive1500k_phys_wave3_20260718	qcd_hardqcd_importance_adaptive1500k_phys_wave3_20260718_bin01_pthat75to100_shard1112_seed1211112	/store/user/iturkmen/hh4b_delphes/run2_13tev/frozen_v2/bundles/qcd_hardqcd_importance_adaptive1500k_phys_wave3_20260718/qcd_hardqcd_importance_adaptive1500k_phys_wave3_20260718_bin01_pthat75to100_shard1112_seed1211112_bundle.tar.gz	sigma_gen_pb,event_weight_convention,sum_event_weights,sum_squared_event_weights,min_event_weight,max_event_weight			False	False	True	recover_exact_generator_json_or_provenance_for_this_shard	qcd_shard_normalization_fail_closed
background	qcd_hardqcd	qcd_hardqcd_importance_adaptive1500k_phys_wave3_20260718	qcd_hardqcd_importance_adaptive1500k_phys_wave3_20260718_bin01_pthat75to100_shard1113_seed1211113	/store/user/iturkmen/hh4b_delphes/run2_13tev/frozen_v2/bundles/qcd_hardqcd_importance_adaptive1500k_phys_wave3_20260718/qcd_hardqcd_importance_adaptive1500k_phys_wave3_20260718_bin01_pthat75to100_shard1113_seed1211113_bundle.tar.gz	sigma_gen_pb,event_weight_convention,sum_event_weights,sum_squared_event_weights,min_event_weight,max_event_weight			False	False	True	recover_exact_generator_json_or_provenance_for_this_shard	qcd_shard_normalization_fail_closed
background	qcd_hardqcd	qcd_hardqcd_importance_adaptive1500k_phys_wave3_20260718	qcd_hardqcd_importance_adaptive1500k_phys_wave3_20260718_bin01_pthat75to100_shard1114_seed1211114	/store/user/iturkmen/hh4b_delphes/run2_13tev/frozen_v2/bundles/qcd_hardqcd_importance_adaptive1500k_phys_wave3_20260718/qcd_hardqcd_importance_adaptive1500k_phys_wave3_20260718_bin01_pthat75to100_shard1114_seed1211114_bundle.tar.gz	sigma_gen_pb,event_weight_convention,sum_event_weights,sum_squared_event_weights,min_event_weight,max_event_weight			False	False	True	recover_exact_generator_json_or_provenance_for_this_shard	qcd_shard_normalization_fail_closed
background	qcd_hardqcd	qcd_hardqcd_importance_adaptive1500k_phys_wave3_20260718	qcd_hardqcd_importance_adaptive1500k_phys_wave3_20260718_bin01_pthat75to100_shard1115_seed1211115	/store/user/iturkmen/hh4b_delphes/run2_13tev/frozen_v2/bundles/qcd_hardqcd_importance_adaptive1500k_phys_wave3_20260718/qcd_hardqcd_importance_adaptive1500k_phys_wave3_20260718_bin01_pthat75to100_shard1115_seed1211115_bundle.tar.gz	sigma_gen_pb,event_weight_convention,sum_event_weights,sum_squared_event_weights,min_event_weight,max_event_weight			False	False	True	recover_exact_generator_json_or_provenance_for_this_shard	qcd_shard_normalization_fail_closed
background	qcd_hardqcd	qcd_hardqcd_importance_adaptive1500k_phys_wave3_20260718	qcd_hardqcd_importance_adaptive1500k_phys_wave3_20260718_bin01_pthat75to100_shard1116_seed1211116	/store/user/iturkmen/hh4b_delphes/run2_13tev/frozen_v2/bundles/qcd_hardqcd_importance_adaptive1500k_phys_wave3_20260718/qcd_hardqcd_importance_adaptive1500k_phys_wave3_20260718_bin01_pthat75to100_shard1116_seed1211116_bundle.tar.gz	sigma_gen_pb,event_weight_convention,sum_event_weights,sum_squared_event_weights,min_event_weight,max_event_weight			False	False	True	recover_exact_generator_json_or_provenance_for_this_shard	qcd_shard_normalization_fail_closed
background	qcd_hardqcd	qcd_hardqcd_importance_adaptive1500k_phys_wave3_20260718	qcd_hardqcd_importance_adaptive1500k_phys_wave3_20260718_bin01_pthat75to100_shard1117_seed1211117	/store/user/iturkmen/hh4b_delphes/run2_13tev/frozen_v2/bundles/qcd_hardqcd_importance_adaptive1500k_phys_wave3_20260718/qcd_hardqcd_importance_adaptive1500k_phys_wave3_20260718_bin01_pthat75to100_shard1117_seed1211117_bundle.tar.gz	sigma_gen_pb,event_weight_convention,sum_event_weights,sum_squared_event_weights,min_event_weight,max_event_weight			False	False	True	recover_exact_generator_json_or_provenance_for_this_shard	qcd_shard_normalization_fail_closed
background	qcd_hardqcd	qcd_hardqcd_importance_adaptive1500k_phys_wave3_20260718	qcd_hardqcd_importance_adaptive1500k_phys_wave3_20260718_bin01_pthat75to100_shard1118_seed1211118	/store/user/iturkmen/hh4b_delphes/run2_13tev/frozen_v2/bundles/qcd_hardqcd_importance_adaptive1500k_phys_wave3_20260718/qcd_hardqcd_importance_adaptive1500k_phys_wave3_20260718_bin01_pthat75to100_shard1118_seed1211118_bundle.tar.gz	sigma_gen_pb,event_weight_convention,sum_event_weights,sum_squared_event_weights,min_event_weight,max_event_weight			False	False	True	recover_exact_generator_json_or_provenance_for_this_shard	qcd_shard_normalization_fail_closed
background	qcd_hardqcd	qcd_hardqcd_importance_adaptive1500k_phys_wave3_20260718	qcd_hardqcd_importance_adaptive1500k_phys_wave3_20260718_bin01_pthat75to100_shard1119_seed1211119	/store/user/iturkmen/hh4b_delphes/run2_13tev/frozen_v2/bundles/qcd_hardqcd_importance_adaptive1500k_phys_wave3_20260718/qcd_hardqcd_importance_adaptive1500k_phys_wave3_20260718_bin01_pthat75to100_shard1119_seed1211119_bundle.tar.gz	sigma_gen_pb,event_weight_convention,sum_event_weights,sum_squared_event_weights,min_event_weight,max_event_weight			False	False	True	recover_exact_generator_json_or_provenance_for_this_shard	qcd_shard_normalization_fail_closed
background	qcd_hardqcd	qcd_hardqcd_importance_adaptive1500k_phys_wave3_20260718	qcd_hardqcd_importance_adaptive1500k_phys_wave3_20260718_bin01_pthat75to100_shard1120_seed1211120	/store/user/iturkmen/hh4b_delphes/run2_13tev/frozen_v2/bundles/qcd_hardqcd_importance_adaptive1500k_phys_wave3_20260718/qcd_hardqcd_importance_adaptive1500k_phys_wave3_20260718_bin01_pthat75to100_shard1120_seed1211120_bundle.tar.gz	sigma_gen_pb,event_weight_convention,sum_event_weights,sum_squared_event_weights,min_event_weight,max_event_weight			False	False	True	recover_exact_generator_json_or_provenance_for_this_shard	qcd_shard_normalization_fail_closed
background	qcd_hardqcd	qcd_hardqcd_importance_adaptive1500k_phys_wave3_20260718	qcd_hardqcd_importance_adaptive1500k_phys_wave3_20260718_bin01_pthat75to100_shard1121_seed1211121	/store/user/iturkmen/hh4b_delphes/run2_13tev/frozen_v2/bundles/qcd_hardqcd_importance_adaptive1500k_phys_wave3_20260718/qcd_hardqcd_importance_adaptive1500k_phys_wave3_20260718_bin01_pthat75to100_shard1121_seed1211121_bundle.tar.gz	sigma_gen_pb,event_weight_convention,sum_event_weights,sum_squared_event_weights,min_event_weight,max_event_weight			False	False	True	recover_exact_generator_json_or_provenance_for_this_shard	qcd_shard_normalization_fail_closed
background	qcd_hardqcd	qcd_hardqcd_importance_adaptive1500k_phys_wave3_20260718	qcd_hardqcd_importance_adaptive1500k_phys_wave3_20260718_bin01_pthat75to100_shard1122_seed1211122	/store/user/iturkmen/hh4b_delphes/run2_13tev/frozen_v2/bundles/qcd_hardqcd_importance_adaptive1500k_phys_wave3_20260718/qcd_hardqcd_importance_adaptive1500k_phys_wave3_20260718_bin01_pthat75to100_shard1122_seed1211122_bundle.tar.gz	sigma_gen_pb,event_weight_convention,sum_event_weights,sum_squared_event_weights,min_event_weight,max_event_weight			False	False	True	recover_exact_generator_json_or_provenance_for_this_shard	qcd_shard_normalization_fail_closed
background	qcd_hardqcd	qcd_hardqcd_importance_adaptive1500k_phys_wave3_20260718	qcd_hardqcd_importance_adaptive1500k_phys_wave3_20260718_bin01_pthat75to100_shard1123_seed1211123	/store/user/iturkmen/hh4b_delphes/run2_13tev/frozen_v2/bundles/qcd_hardqcd_importance_adaptive1500k_phys_wave3_20260718/qcd_hardqcd_importance_adaptive1500k_phys_wave3_20260718_bin01_pthat75to100_shard1123_seed1211123_bundle.tar.gz	sigma_gen_pb,event_weight_convention,sum_event_weights,sum_squared_event_weights,min_event_weight,max_event_weight			False	False	True	recover_exact_generator_json_or_provenance_for_this_shard	qcd_shard_normalization_fail_closed
background	qcd_hardqcd	qcd_hardqcd_importance_adaptive1500k_phys_wave3_20260718	qcd_hardqcd_importance_adaptive1500k_phys_wave3_20260718_bin01_pthat75to100_shard1124_seed1211124	/store/user/iturkmen/hh4b_delphes/run2_13tev/frozen_v2/bundles/qcd_hardqcd_importance_adaptive1500k_phys_wave3_20260718/qcd_hardqcd_importance_adaptive1500k_phys_wave3_20260718_bin01_pthat75to100_shard1124_seed1211124_bundle.tar.gz	sigma_gen_pb,event_weight_convention,sum_event_weights,sum_squared_event_weights,min_event_weight,max_event_weight			False	False	True	recover_exact_generator_json_or_provenance_for_this_shard	qcd_shard_normalization_fail_closed
background	qcd_hardqcd	qcd_hardqcd_importance_adaptive1500k_phys_wave3_20260718	qcd_hardqcd_importance_adaptive1500k_phys_wave3_20260718_bin01_pthat75to100_shard1125_seed1211125	/store/user/iturkmen/hh4b_delphes/run2_13tev/frozen_v2/bundles/qcd_hardqcd_importance_adaptive1500k_phys_wave3_20260718/qcd_hardqcd_importance_adaptive1500k_phys_wave3_20260718_bin01_pthat75to100_shard1125_seed1211125_bundle.tar.gz	sigma_gen_pb,event_weight_convention,sum_event_weights,sum_squared_event_weights,min_event_weight,max_event_weight			False	False	True	recover_exact_generator_json_or_provenance_for_this_shard	qcd_shard_normalization_fail_closed
background	qcd_hardqcd	qcd_hardqcd_importance_adaptive1500k_phys_wave3_20260718	qcd_hardqcd_importance_adaptive1500k_phys_wave3_20260718_bin01_pthat75to100_shard1126_seed1211126	/store/user/iturkmen/hh4b_delphes/run2_13tev/frozen_v2/bundles/qcd_hardqcd_importance_adaptive1500k_phys_wave3_20260718/qcd_hardqcd_importance_adaptive1500k_phys_wave3_20260718_bin01_pthat75to100_shard1126_seed1211126_bundle.tar.gz	sigma_gen_pb,event_weight_convention,sum_event_weights,sum_squared_event_weights,min_event_weight,max_event_weight			False	False	True	recover_exact_generator_json_or_provenance_for_this_shard	qcd_shard_normalization_fail_closed
background	qcd_hardqcd	qcd_hardqcd_importance_adaptive1500k_phys_wave3_20260718	qcd_hardqcd_importance_adaptive1500k_phys_wave3_20260718_bin01_pthat75to100_shard1127_seed1211127	/store/user/iturkmen/hh4b_delphes/run2_13tev/frozen_v2/bundles/qcd_hardqcd_importance_adaptive1500k_phys_wave3_20260718/qcd_hardqcd_importance_adaptive1500k_phys_wave3_20260718_bin01_pthat75to100_shard1127_seed1211127_bundle.tar.gz	sigma_gen_pb,event_weight_convention,sum_event_weights,sum_squared_event_weights,min_event_weight,max_event_weight			False	False	True	recover_exact_generator_json_or_provenance_for_this_shard	qcd_shard_normalization_fail_closed
background	qcd_hardqcd	qcd_hardqcd_importance_adaptive1500k_phys_wave3_20260718	qcd_hardqcd_importance_adaptive1500k_phys_wave3_20260718_bin01_pthat75to100_shard1128_seed1211128	/store/user/iturkmen/hh4b_delphes/run2_13tev/frozen_v2/bundles/qcd_hardqcd_importance_adaptive1500k_phys_wave3_20260718/qcd_hardqcd_importance_adaptive1500k_phys_wave3_20260718_bin01_pthat75to100_shard1128_seed1211128_bundle.tar.gz	sigma_gen_pb,event_weight_convention,sum_event_weights,sum_squared_event_weights,min_event_weight,max_event_weight			False	False	True	recover_exact_generator_json_or_provenance_for_this_shard	qcd_shard_normalization_fail_closed
background	qcd_hardqcd	qcd_hardqcd_importance_adaptive1500k_phys_wave3_20260718	qcd_hardqcd_importance_adaptive1500k_phys_wave3_20260718_bin01_pthat75to100_shard1129_seed1211129	/store/user/iturkmen/hh4b_delphes/run2_13tev/frozen_v2/bundles/qcd_hardqcd_importance_adaptive1500k_phys_wave3_20260718/qcd_hardqcd_importance_adaptive1500k_phys_wave3_20260718_bin01_pthat75to100_shard1129_seed1211129_bundle.tar.gz	sigma_gen_pb,event_weight_convention,sum_event_weights,sum_squared_event_weights,min_event_weight,max_event_weight			False	False	True	recover_exact_generator_json_or_provenance_for_this_shard	qcd_shard_normalization_fail_closed
background	qcd_hardqcd	qcd_hardqcd_importance_adaptive1500k_phys_wave3_20260718	qcd_hardqcd_importance_adaptive1500k_phys_wave3_20260718_bin01_pthat75to100_shard1130_seed1211130	/store/user/iturkmen/hh4b_delphes/run2_13tev/frozen_v2/bundles/qcd_hardqcd_importance_adaptive1500k_phys_wave3_20260718/qcd_hardqcd_importance_adaptive1500k_phys_wave3_20260718_bin01_pthat75to100_shard1130_seed1211130_bundle.tar.gz	sigma_gen_pb,event_weight_convention,sum_event_weights,sum_squared_event_weights,min_event_weight,max_event_weight			False	False	True	recover_exact_generator_json_or_provenance_for_this_shard	qcd_shard_normalization_fail_closed
background	qcd_hardqcd	qcd_hardqcd_importance_adaptive1500k_phys_wave3_20260718	qcd_hardqcd_importance_adaptive1500k_phys_wave3_20260718_bin01_pthat75to100_shard1131_seed1211131	/store/user/iturkmen/hh4b_delphes/run2_13tev/frozen_v2/bundles/qcd_hardqcd_importance_adaptive1500k_phys_wave3_20260718/qcd_hardqcd_importance_adaptive1500k_phys_wave3_20260718_bin01_pthat75to100_shard1131_seed1211131_bundle.tar.gz	sigma_gen_pb,event_weight_convention,sum_event_weights,sum_squared_event_weights,min_event_weight,max_event_weight			False	False	True	recover_exact_generator_json_or_provenance_for_this_shard	qcd_shard_normalization_fail_closed
background	qcd_hardqcd	qcd_hardqcd_importance_adaptive1500k_phys_wave3_20260718	qcd_hardqcd_importance_adaptive1500k_phys_wave3_20260718_bin01_pthat75to100_shard1132_seed1211132	/store/user/iturkmen/hh4b_delphes/run2_13tev/frozen_v2/bundles/qcd_hardqcd_importance_adaptive1500k_phys_wave3_20260718/qcd_hardqcd_importance_adaptive1500k_phys_wave3_20260718_bin01_pthat75to100_shard1132_seed1211132_bundle.tar.gz	sigma_gen_pb,event_weight_convention,sum_event_weights,sum_squared_event_weights,min_event_weight,max_event_weight			False	False	True	recover_exact_generator_json_or_provenance_for_this_shard	qcd_shard_normalization_fail_closed
background	qcd_hardqcd	qcd_hardqcd_importance_adaptive1500k_phys_wave3_20260718	qcd_hardqcd_importance_adaptive1500k_phys_wave3_20260718_bin01_pthat75to100_shard1133_seed1211133	/store/user/iturkmen/hh4b_delphes/run2_13tev/frozen_v2/bundles/qcd_hardqcd_importance_adaptive1500k_phys_wave3_20260718/qcd_hardqcd_importance_adaptive1500k_phys_wave3_20260718_bin01_pthat75to100_shard1133_seed1211133_bundle.tar.gz	sigma_gen_pb,event_weight_convention,sum_event_weights,sum_squared_event_weights,min_event_weight,max_event_weight			False	False	True	recover_exact_generator_json_or_provenance_for_this_shard	qcd_shard_normalization_fail_closed
background	qcd_hardqcd	qcd_hardqcd_importance_adaptive1500k_phys_wave3_20260718	qcd_hardqcd_importance_adaptive1500k_phys_wave3_20260718_bin01_pthat75to100_shard1134_seed1211134	/store/user/iturkmen/hh4b_delphes/run2_13tev/frozen_v2/bundles/qcd_hardqcd_importance_adaptive1500k_phys_wave3_20260718/qcd_hardqcd_importance_adaptive1500k_phys_wave3_20260718_bin01_pthat75to100_shard1134_seed1211134_bundle.tar.gz	sigma_gen_pb,event_weight_convention,sum_event_weights,sum_squared_event_weights,min_event_weight,max_event_weight			False	False	True	recover_exact_generator_json_or_provenance_for_this_shard	qcd_shard_normalization_fail_closed
background	qcd_hardqcd	qcd_hardqcd_importance_adaptive1500k_phys_wave3_20260718	qcd_hardqcd_importance_adaptive1500k_phys_wave3_20260718_bin01_pthat75to100_shard1135_seed1211135	/store/user/iturkmen/hh4b_delphes/run2_13tev/frozen_v2/bundles/qcd_hardqcd_importance_adaptive1500k_phys_wave3_20260718/qcd_hardqcd_importance_adaptive1500k_phys_wave3_20260718_bin01_pthat75to100_shard1135_seed1211135_bundle.tar.gz	sigma_gen_pb,event_weight_convention,sum_event_weights,sum_squared_event_weights,min_event_weight,max_event_weight			False	False	True	recover_exact_generator_json_or_provenance_for_this_shard	qcd_shard_normalization_fail_closed
background	qcd_hardqcd	qcd_hardqcd_importance_adaptive1500k_phys_wave3_20260718	qcd_hardqcd_importance_adaptive1500k_phys_wave3_20260718_bin01_pthat75to100_shard1136_seed1211136	/store/user/iturkmen/hh4b_delphes/run2_13tev/frozen_v2/bundles/qcd_hardqcd_importance_adaptive1500k_phys_wave3_20260718/qcd_hardqcd_importance_adaptive1500k_phys_wave3_20260718_bin01_pthat75to100_shard1136_seed1211136_bundle.tar.gz	sigma_gen_pb,event_weight_convention,sum_event_weights,sum_squared_event_weights,min_event_weight,max_event_weight			False	False	True	recover_exact_generator_json_or_provenance_for_this_shard	qcd_shard_normalization_fail_closed
background	qcd_hardqcd	qcd_hardqcd_importance_adaptive1500k_phys_wave3_20260718	qcd_hardqcd_importance_adaptive1500k_phys_wave3_20260718_bin01_pthat75to100_shard1137_seed1211137	/store/user/iturkmen/hh4b_delphes/run2_13tev/frozen_v2/bundles/qcd_hardqcd_importance_adaptive1500k_phys_wave3_20260718/qcd_hardqcd_importance_adaptive1500k_phys_wave3_20260718_bin01_pthat75to100_shard1137_seed1211137_bundle.tar.gz	sigma_gen_pb,event_weight_convention,sum_event_weights,sum_squared_event_weights,min_event_weight,max_event_weight			False	False	True	recover_exact_generator_json_or_provenance_for_this_shard	qcd_shard_normalization_fail_closed
background	qcd_hardqcd	qcd_hardqcd_importance_adaptive1500k_phys_wave3_20260718	qcd_hardqcd_importance_adaptive1500k_phys_wave3_20260718_bin01_pthat75to100_shard1138_seed1211138	/store/user/iturkmen/hh4b_delphes/run2_13tev/frozen_v2/bundles/qcd_hardqcd_importance_adaptive1500k_phys_wave3_20260718/qcd_hardqcd_importance_adaptive1500k_phys_wave3_20260718_bin01_pthat75to100_shard1138_seed1211138_bundle.tar.gz	sigma_gen_pb,event_weight_convention,sum_event_weights,sum_squared_event_weights,min_event_weight,max_event_weight			False	False	True	recover_exact_generator_json_or_provenance_for_this_shard	qcd_shard_normalization_fail_closed
background	qcd_hardqcd	qcd_hardqcd_importance_adaptive1500k_phys_wave3_20260718	qcd_hardqcd_importance_adaptive1500k_phys_wave3_20260718_bin01_pthat75to100_shard1139_seed1211139	/store/user/iturkmen/hh4b_delphes/run2_13tev/frozen_v2/bundles/qcd_hardqcd_importance_adaptive1500k_phys_wave3_20260718/qcd_hardqcd_importance_adaptive1500k_phys_wave3_20260718_bin01_pthat75to100_shard1139_seed1211139_bundle.tar.gz	sigma_gen_pb,event_weight_convention,sum_event_weights,sum_squared_event_weights,min_event_weight,max_event_weight			False	False	True	recover_exact_generator_json_or_provenance_for_this_shard	qcd_shard_normalization_fail_closed
background	qcd_hardqcd	qcd_hardqcd_importance_adaptive1500k_phys_wave3_20260718	qcd_hardqcd_importance_adaptive1500k_phys_wave3_20260718_bin01_pthat75to100_shard1140_seed1211140	/store/user/iturkmen/hh4b_delphes/run2_13tev/frozen_v2/bundles/qcd_hardqcd_importance_adaptive1500k_phys_wave3_20260718/qcd_hardqcd_importance_adaptive1500k_phys_wave3_20260718_bin01_pthat75to100_shard1140_seed1211140_bundle.tar.gz	sigma_gen_pb,event_weight_convention,sum_event_weights,sum_squared_event_weights,min_event_weight,max_event_weight			False	False	True	recover_exact_generator_json_or_provenance_for_this_shard	qcd_shard_normalization_fail_closed
background	qcd_hardqcd	qcd_hardqcd_importance_adaptive1500k_phys_wave3_20260718	qcd_hardqcd_importance_adaptive1500k_phys_wave3_20260718_bin01_pthat75to100_shard1141_seed1211141	/store/user/iturkmen/hh4b_delphes/run2_13tev/frozen_v2/bundles/qcd_hardqcd_importance_adaptive1500k_phys_wave3_20260718/qcd_hardqcd_importance_adaptive1500k_phys_wave3_20260718_bin01_pthat75to100_shard1141_seed1211141_bundle.tar.gz	sigma_gen_pb,event_weight_convention,sum_event_weights,sum_squared_event_weights,min_event_weight,max_event_weight			False	False	True	recover_exact_generator_json_or_provenance_for_this_shard	qcd_shard_normalization_fail_closed
background	qcd_hardqcd	qcd_hardqcd_importance_adaptive1500k_phys_wave3_20260718	qcd_hardqcd_importance_adaptive1500k_phys_wave3_20260718_bin01_pthat75to100_shard1142_seed1211142	/store/user/iturkmen/hh4b_delphes/run2_13tev/frozen_v2/bundles/qcd_hardqcd_importance_adaptive1500k_phys_wave3_20260718/qcd_hardqcd_importance_adaptive1500k_phys_wave3_20260718_bin01_pthat75to100_shard1142_seed1211142_bundle.tar.gz	sigma_gen_pb,event_weight_convention,sum_event_weights,sum_squared_event_weights,min_event_weight,max_event_weight			False	False	True	recover_exact_generator_json_or_provenance_for_this_shard	qcd_shard_normalization_fail_closed
background	qcd_hardqcd	qcd_hardqcd_importance_adaptive1500k_phys_wave3_20260718	qcd_hardqcd_importance_adaptive1500k_phys_wave3_20260718_bin01_pthat75to100_shard1143_seed1211143	/store/user/iturkmen/hh4b_delphes/run2_13tev/frozen_v2/bundles/qcd_hardqcd_importance_adaptive1500k_phys_wave3_20260718/qcd_hardqcd_importance_adaptive1500k_phys_wave3_20260718_bin01_pthat75to100_shard1143_seed1211143_bundle.tar.gz	sigma_gen_pb,event_weight_convention,sum_event_weights,sum_squared_event_weights,min_event_weight,max_event_weight			False	False	True	recover_exact_generator_json_or_provenance_for_this_shard	qcd_shard_normalization_fail_closed
background	qcd_hardqcd	qcd_hardqcd_importance_adaptive1500k_phys_wave3_20260718	qcd_hardqcd_importance_adaptive1500k_phys_wave3_20260718_bin01_pthat75to100_shard1144_seed1211144	/store/user/iturkmen/hh4b_delphes/run2_13tev/frozen_v2/bundles/qcd_hardqcd_importance_adaptive1500k_phys_wave3_20260718/qcd_hardqcd_importance_adaptive1500k_phys_wave3_20260718_bin01_pthat75to100_shard1144_seed1211144_bundle.tar.gz	sigma_gen_pb,event_weight_convention,sum_event_weights,sum_squared_event_weights,min_event_weight,max_event_weight			False	False	True	recover_exact_generator_json_or_provenance_for_this_shard	qcd_shard_normalization_fail_closed
background	qcd_hardqcd	qcd_hardqcd_importance_adaptive1500k_phys_wave3_20260718	qcd_hardqcd_importance_adaptive1500k_phys_wave3_20260718_bin01_pthat75to100_shard1145_seed1211145	/store/user/iturkmen/hh4b_delphes/run2_13tev/frozen_v2/bundles/qcd_hardqcd_importance_adaptive1500k_phys_wave3_20260718/qcd_hardqcd_importance_adaptive1500k_phys_wave3_20260718_bin01_pthat75to100_shard1145_seed1211145_bundle.tar.gz	sigma_gen_pb,event_weight_convention,sum_event_weights,sum_squared_event_weights,min_event_weight,max_event_weight			False	False	True	recover_exact_generator_json_or_provenance_for_this_shard	qcd_shard_normalization_fail_closed
background	qcd_hardqcd	qcd_hardqcd_importance_adaptive1500k_phys_wave3_20260718	qcd_hardqcd_importance_adaptive1500k_phys_wave3_20260718_bin01_pthat75to100_shard1146_seed1211146	/store/user/iturkmen/hh4b_delphes/run2_13tev/frozen_v2/bundles/qcd_hardqcd_importance_adaptive1500k_phys_wave3_20260718/qcd_hardqcd_importance_adaptive1500k_phys_wave3_20260718_bin01_pthat75to100_shard1146_seed1211146_bundle.tar.gz	sigma_gen_pb,event_weight_convention,sum_event_weights,sum_squared_event_weights,min_event_weight,max_event_weight			False	False	True	recover_exact_generator_json_or_provenance_for_this_shard	qcd_shard_normalization_fail_closed
background	qcd_hardqcd	qcd_hardqcd_importance_adaptive1500k_phys_wave3_20260718	qcd_hardqcd_importance_adaptive1500k_phys_wave3_20260718_bin01_pthat75to100_shard1147_seed1211147	/store/user/iturkmen/hh4b_delphes/run2_13tev/frozen_v2/bundles/qcd_hardqcd_importance_adaptive1500k_phys_wave3_20260718/qcd_hardqcd_importance_adaptive1500k_phys_wave3_20260718_bin01_pthat75to100_shard1147_seed1211147_bundle.tar.gz	sigma_gen_pb,event_weight_convention,sum_event_weights,sum_squared_event_weights,min_event_weight,max_event_weight			False	False	True	recover_exact_generator_json_or_provenance_for_this_shard	qcd_shard_normalization_fail_closed
background	qcd_hardqcd	qcd_hardqcd_importance_adaptive1500k_phys_wave3_20260718	qcd_hardqcd_importance_adaptive1500k_phys_wave3_20260718_bin01_pthat75to100_shard1148_seed1211148	/store/user/iturkmen/hh4b_delphes/run2_13tev/frozen_v2/bundles/qcd_hardqcd_importance_adaptive1500k_phys_wave3_20260718/qcd_hardqcd_importance_adaptive1500k_phys_wave3_20260718_bin01_pthat75to100_shard1148_seed1211148_bundle.tar.gz	sigma_gen_pb,event_weight_convention,sum_event_weights,sum_squared_event_weights,min_event_weight,max_event_weight			False	False	True	recover_exact_generator_json_or_provenance_for_this_shard	qcd_shard_normalization_fail_closed
background	qcd_hardqcd	qcd_hardqcd_importance_adaptive1500k_phys_wave3_20260718	qcd_hardqcd_importance_adaptive1500k_phys_wave3_20260718_bin01_pthat75to100_shard1149_seed1211149	/store/user/iturkmen/hh4b_delphes/run2_13tev/frozen_v2/bundles/qcd_hardqcd_importance_adaptive1500k_phys_wave3_20260718/qcd_hardqcd_importance_adaptive1500k_phys_wave3_20260718_bin01_pthat75to100_shard1149_seed1211149_bundle.tar.gz	sigma_gen_pb,event_weight_convention,sum_event_weights,sum_squared_event_weights,min_event_weight,max_event_weight			False	False	True	recover_exact_generator_json_or_provenance_for_this_shard	qcd_shard_normalization_fail_closed
background	qcd_hardqcd	qcd_hardqcd_importance_adaptive1500k_phys_wave3_20260718	qcd_hardqcd_importance_adaptive1500k_phys_wave3_20260718_bin02_pthat100to200_shard1150_seed1221150	/store/user/iturkmen/hh4b_delphes/run2_13tev/frozen_v2/bundles/qcd_hardqcd_importance_adaptive1500k_phys_wave3_20260718/qcd_hardqcd_importance_adaptive1500k_phys_wave3_20260718_bin02_pthat100to200_shard1150_seed1221150_bundle.tar.gz	sigma_gen_pb,event_weight_convention,sum_event_weights,sum_squared_event_weights,min_event_weight,max_event_weight			False	False	True	recover_exact_generator_json_or_provenance_for_this_shard	qcd_shard_normalization_fail_closed
background	qcd_hardqcd	qcd_hardqcd_importance_adaptive1500k_phys_wave3_20260718	qcd_hardqcd_importance_adaptive1500k_phys_wave3_20260718_bin02_pthat100to200_shard1151_seed1221151	/store/user/iturkmen/hh4b_delphes/run2_13tev/frozen_v2/bundles/qcd_hardqcd_importance_adaptive1500k_phys_wave3_20260718/qcd_hardqcd_importance_adaptive1500k_phys_wave3_20260718_bin02_pthat100to200_shard1151_seed1221151_bundle.tar.gz	sigma_gen_pb,event_weight_convention,sum_event_weights,sum_squared_event_weights,min_event_weight,max_event_weight			False	False	True	recover_exact_generator_json_or_provenance_for_this_shard	qcd_shard_normalization_fail_closed
background	qcd_hardqcd	qcd_hardqcd_importance_adaptive1500k_phys_wave3_20260718	qcd_hardqcd_importance_adaptive1500k_phys_wave3_20260718_bin02_pthat100to200_shard1152_seed1221152	/store/user/iturkmen/hh4b_delphes/run2_13tev/frozen_v2/bundles/qcd_hardqcd_importance_adaptive1500k_phys_wave3_20260718/qcd_hardqcd_importance_adaptive1500k_phys_wave3_20260718_bin02_pthat100to200_shard1152_seed1221152_bundle.tar.gz	sigma_gen_pb,event_weight_convention,sum_event_weights,sum_squared_event_weights,min_event_weight,max_event_weight			False	False	True	recover_exact_generator_json_or_provenance_for_this_shard	qcd_shard_normalization_fail_closed
background	qcd_hardqcd	qcd_hardqcd_importance_adaptive1500k_phys_wave3_20260718	qcd_hardqcd_importance_adaptive1500k_phys_wave3_20260718_bin02_pthat100to200_shard1153_seed1221153	/store/user/iturkmen/hh4b_delphes/run2_13tev/frozen_v2/bundles/qcd_hardqcd_importance_adaptive1500k_phys_wave3_20260718/qcd_hardqcd_importance_adaptive1500k_phys_wave3_20260718_bin02_pthat100to200_shard1153_seed1221153_bundle.tar.gz	sigma_gen_pb,event_weight_convention,sum_event_weights,sum_squared_event_weights,min_event_weight,max_event_weight			False	False	True	recover_exact_generator_json_or_provenance_for_this_shard	qcd_shard_normalization_fail_closed
background	qcd_hardqcd	qcd_hardqcd_importance_adaptive1500k_phys_wave3_20260718	qcd_hardqcd_importance_adaptive1500k_phys_wave3_20260718_bin02_pthat100to200_shard1154_seed1221154	/store/user/iturkmen/hh4b_delphes/run2_13tev/frozen_v2/bundles/qcd_hardqcd_importance_adaptive1500k_phys_wave3_20260718/qcd_hardqcd_importance_adaptive1500k_phys_wave3_20260718_bin02_pthat100to200_shard1154_seed1221154_bundle.tar.gz	sigma_gen_pb,event_weight_convention,sum_event_weights,sum_squared_event_weights,min_event_weight,max_event_weight			False	False	True	recover_exact_generator_json_or_provenance_for_this_shard	qcd_shard_normalization_fail_closed
background	qcd_hardqcd	qcd_hardqcd_importance_adaptive1500k_phys_wave3_20260718	qcd_hardqcd_importance_adaptive1500k_phys_wave3_20260718_bin02_pthat100to200_shard1155_seed1221155	/store/user/iturkmen/hh4b_delphes/run2_13tev/frozen_v2/bundles/qcd_hardqcd_importance_adaptive1500k_phys_wave3_20260718/qcd_hardqcd_importance_adaptive1500k_phys_wave3_20260718_bin02_pthat100to200_shard1155_seed1221155_bundle.tar.gz	sigma_gen_pb,event_weight_convention,sum_event_weights,sum_squared_event_weights,min_event_weight,max_event_weight			False	False	True	recover_exact_generator_json_or_provenance_for_this_shard	qcd_shard_normalization_fail_closed
background	qcd_hardqcd	qcd_hardqcd_importance_adaptive1500k_phys_wave3_20260718	qcd_hardqcd_importance_adaptive1500k_phys_wave3_20260718_bin02_pthat100to200_shard1156_seed1221156	/store/user/iturkmen/hh4b_delphes/run2_13tev/frozen_v2/bundles/qcd_hardqcd_importance_adaptive1500k_phys_wave3_20260718/qcd_hardqcd_importance_adaptive1500k_phys_wave3_20260718_bin02_pthat100to200_shard1156_seed1221156_bundle.tar.gz	sigma_gen_pb,event_weight_convention,sum_event_weights,sum_squared_event_weights,min_event_weight,max_event_weight			False	False	True	recover_exact_generator_json_or_provenance_for_this_shard	qcd_shard_normalization_fail_closed
background	qcd_hardqcd	qcd_hardqcd_importance_adaptive1500k_phys_wave3_20260718	qcd_hardqcd_importance_adaptive1500k_phys_wave3_20260718_bin02_pthat100to200_shard1157_seed1221157	/store/user/iturkmen/hh4b_delphes/run2_13tev/frozen_v2/bundles/qcd_hardqcd_importance_adaptive1500k_phys_wave3_20260718/qcd_hardqcd_importance_adaptive1500k_phys_wave3_20260718_bin02_pthat100to200_shard1157_seed1221157_bundle.tar.gz	sigma_gen_pb,event_weight_convention,sum_event_weights,sum_squared_event_weights,min_event_weight,max_event_weight			False	False	True	recover_exact_generator_json_or_provenance_for_this_shard	qcd_shard_normalization_fail_closed
background	qcd_hardqcd	qcd_hardqcd_importance_adaptive1500k_phys_wave3_20260718	qcd_hardqcd_importance_adaptive1500k_phys_wave3_20260718_bin02_pthat100to200_shard1158_seed1221158	/store/user/iturkmen/hh4b_delphes/run2_13tev/frozen_v2/bundles/qcd_hardqcd_importance_adaptive1500k_phys_wave3_20260718/qcd_hardqcd_importance_adaptive1500k_phys_wave3_20260718_bin02_pthat100to200_shard1158_seed1221158_bundle.tar.gz	sigma_gen_pb,event_weight_convention,sum_event_weights,sum_squared_event_weights,min_event_weight,max_event_weight			False	False	True	recover_exact_generator_json_or_provenance_for_this_shard	qcd_shard_normalization_fail_closed
background	qcd_hardqcd	qcd_hardqcd_importance_adaptive1500k_phys_wave3_20260718	qcd_hardqcd_importance_adaptive1500k_phys_wave3_20260718_bin02_pthat100to200_shard1159_seed1221159	/store/user/iturkmen/hh4b_delphes/run2_13tev/frozen_v2/bundles/qcd_hardqcd_importance_adaptive1500k_phys_wave3_20260718/qcd_hardqcd_importance_adaptive1500k_phys_wave3_20260718_bin02_pthat100to200_shard1159_seed1221159_bundle.tar.gz	sigma_gen_pb,event_weight_convention,sum_event_weights,sum_squared_event_weights,min_event_weight,max_event_weight			False	False	True	recover_exact_generator_json_or_provenance_for_this_shard	qcd_shard_normalization_fail_closed
background	qcd_hardqcd	qcd_hardqcd_importance_adaptive1500k_phys_wave3_20260718	qcd_hardqcd_importance_adaptive1500k_phys_wave3_20260718_bin02_pthat100to200_shard1160_seed1221160	/store/user/iturkmen/hh4b_delphes/run2_13tev/frozen_v2/bundles/qcd_hardqcd_importance_adaptive1500k_phys_wave3_20260718/qcd_hardqcd_importance_adaptive1500k_phys_wave3_20260718_bin02_pthat100to200_shard1160_seed1221160_bundle.tar.gz	sigma_gen_pb,event_weight_convention,sum_event_weights,sum_squared_event_weights,min_event_weight,max_event_weight			False	False	True	recover_exact_generator_json_or_provenance_for_this_shard	qcd_shard_normalization_fail_closed
background	qcd_hardqcd	qcd_hardqcd_importance_adaptive1500k_phys_wave3_20260718	qcd_hardqcd_importance_adaptive1500k_phys_wave3_20260718_bin02_pthat100to200_shard1161_seed1221161	/store/user/iturkmen/hh4b_delphes/run2_13tev/frozen_v2/bundles/qcd_hardqcd_importance_adaptive1500k_phys_wave3_20260718/qcd_hardqcd_importance_adaptive1500k_phys_wave3_20260718_bin02_pthat100to200_shard1161_seed1221161_bundle.tar.gz	sigma_gen_pb,event_weight_convention,sum_event_weights,sum_squared_event_weights,min_event_weight,max_event_weight			False	False	True	recover_exact_generator_json_or_provenance_for_this_shard	qcd_shard_normalization_fail_closed
background	qcd_hardqcd	qcd_hardqcd_importance_adaptive1500k_phys_wave3_20260718	qcd_hardqcd_importance_adaptive1500k_phys_wave3_20260718_bin02_pthat100to200_shard1162_seed1221162	/store/user/iturkmen/hh4b_delphes/run2_13tev/frozen_v2/bundles/qcd_hardqcd_importance_adaptive1500k_phys_wave3_20260718/qcd_hardqcd_importance_adaptive1500k_phys_wave3_20260718_bin02_pthat100to200_shard1162_seed1221162_bundle.tar.gz	sigma_gen_pb,event_weight_convention,sum_event_weights,sum_squared_event_weights,min_event_weight,max_event_weight			False	False	True	recover_exact_generator_json_or_provenance_for_this_shard	qcd_shard_normalization_fail_closed
background	qcd_hardqcd	qcd_hardqcd_importance_adaptive1500k_phys_wave3_20260718	qcd_hardqcd_importance_adaptive1500k_phys_wave3_20260718_bin02_pthat100to200_shard1163_seed1221163	/store/user/iturkmen/hh4b_delphes/run2_13tev/frozen_v2/bundles/qcd_hardqcd_importance_adaptive1500k_phys_wave3_20260718/qcd_hardqcd_importance_adaptive1500k_phys_wave3_20260718_bin02_pthat100to200_shard1163_seed1221163_bundle.tar.gz	sigma_gen_pb,event_weight_convention,sum_event_weights,sum_squared_event_weights,min_event_weight,max_event_weight			False	False	True	recover_exact_generator_json_or_provenance_for_this_shard	qcd_shard_normalization_fail_closed
background	qcd_hardqcd	qcd_hardqcd_importance_adaptive1500k_phys_wave3_20260718	qcd_hardqcd_importance_adaptive1500k_phys_wave3_20260718_bin02_pthat100to200_shard1164_seed1221164	/store/user/iturkmen/hh4b_delphes/run2_13tev/frozen_v2/bundles/qcd_hardqcd_importance_adaptive1500k_phys_wave3_20260718/qcd_hardqcd_importance_adaptive1500k_phys_wave3_20260718_bin02_pthat100to200_shard1164_seed1221164_bundle.tar.gz	sigma_gen_pb,event_weight_convention,sum_event_weights,sum_squared_event_weights,min_event_weight,max_event_weight			False	False	True	recover_exact_generator_json_or_provenance_for_this_shard	qcd_shard_normalization_fail_closed
background	qcd_hardqcd	qcd_hardqcd_importance_adaptive1500k_phys_wave3_20260718	qcd_hardqcd_importance_adaptive1500k_phys_wave3_20260718_bin02_pthat100to200_shard1165_seed1221165	/store/user/iturkmen/hh4b_delphes/run2_13tev/frozen_v2/bundles/qcd_hardqcd_importance_adaptive1500k_phys_wave3_20260718/qcd_hardqcd_importance_adaptive1500k_phys_wave3_20260718_bin02_pthat100to200_shard1165_seed1221165_bundle.tar.gz	sigma_gen_pb,event_weight_convention,sum_event_weights,sum_squared_event_weights,min_event_weight,max_event_weight			False	False	True	recover_exact_generator_json_or_provenance_for_this_shard	qcd_shard_normalization_fail_closed
background	qcd_hardqcd	qcd_hardqcd_importance_adaptive1500k_phys_wave3_20260718	qcd_hardqcd_importance_adaptive1500k_phys_wave3_20260718_bin02_pthat100to200_shard1166_seed1221166	/store/user/iturkmen/hh4b_delphes/run2_13tev/frozen_v2/bundles/qcd_hardqcd_importance_adaptive1500k_phys_wave3_20260718/qcd_hardqcd_importance_adaptive1500k_phys_wave3_20260718_bin02_pthat100to200_shard1166_seed1221166_bundle.tar.gz	sigma_gen_pb,event_weight_convention,sum_event_weights,sum_squared_event_weights,min_event_weight,max_event_weight			False	False	True	recover_exact_generator_json_or_provenance_for_this_shard	qcd_shard_normalization_fail_closed
background	qcd_hardqcd	qcd_hardqcd_importance_adaptive1500k_phys_wave3_20260718	qcd_hardqcd_importance_adaptive1500k_phys_wave3_20260718_bin02_pthat100to200_shard1167_seed1221167	/store/user/iturkmen/hh4b_delphes/run2_13tev/frozen_v2/bundles/qcd_hardqcd_importance_adaptive1500k_phys_wave3_20260718/qcd_hardqcd_importance_adaptive1500k_phys_wave3_20260718_bin02_pthat100to200_shard1167_seed1221167_bundle.tar.gz	sigma_gen_pb,event_weight_convention,sum_event_weights,sum_squared_event_weights,min_event_weight,max_event_weight			False	False	True	recover_exact_generator_json_or_provenance_for_this_shard	qcd_shard_normalization_fail_closed
background	qcd_hardqcd	qcd_hardqcd_importance_adaptive1500k_phys_wave3_20260718	qcd_hardqcd_importance_adaptive1500k_phys_wave3_20260718_bin02_pthat100to200_shard1168_seed1221168	/store/user/iturkmen/hh4b_delphes/run2_13tev/frozen_v2/bundles/qcd_hardqcd_importance_adaptive1500k_phys_wave3_20260718/qcd_hardqcd_importance_adaptive1500k_phys_wave3_20260718_bin02_pthat100to200_shard1168_seed1221168_bundle.tar.gz	sigma_gen_pb,event_weight_convention,sum_event_weights,sum_squared_event_weights,min_event_weight,max_event_weight			False	False	True	recover_exact_generator_json_or_provenance_for_this_shard	qcd_shard_normalization_fail_closed
background	qcd_hardqcd	qcd_hardqcd_importance_adaptive1500k_phys_wave3_20260718	qcd_hardqcd_importance_adaptive1500k_phys_wave3_20260718_bin02_pthat100to200_shard1169_seed1221169	/store/user/iturkmen/hh4b_delphes/run2_13tev/frozen_v2/bundles/qcd_hardqcd_importance_adaptive1500k_phys_wave3_20260718/qcd_hardqcd_importance_adaptive1500k_phys_wave3_20260718_bin02_pthat100to200_shard1169_seed1221169_bundle.tar.gz	sigma_gen_pb,event_weight_convention,sum_event_weights,sum_squared_event_weights,min_event_weight,max_event_weight			False	False	True	recover_exact_generator_json_or_provenance_for_this_shard	qcd_shard_normalization_fail_closed
background	qcd_hardqcd	qcd_hardqcd_importance_adaptive1500k_phys_wave3_20260718	qcd_hardqcd_importance_adaptive1500k_phys_wave3_20260718_bin02_pthat100to200_shard1170_seed1221170	/store/user/iturkmen/hh4b_delphes/run2_13tev/frozen_v2/bundles/qcd_hardqcd_importance_adaptive1500k_phys_wave3_20260718/qcd_hardqcd_importance_adaptive1500k_phys_wave3_20260718_bin02_pthat100to200_shard1170_seed1221170_bundle.tar.gz	sigma_gen_pb,event_weight_convention,sum_event_weights,sum_squared_event_weights,min_event_weight,max_event_weight			False	False	True	recover_exact_generator_json_or_provenance_for_this_shard	qcd_shard_normalization_fail_closed
background	qcd_hardqcd	qcd_hardqcd_importance_adaptive1500k_phys_wave3_20260718	qcd_hardqcd_importance_adaptive1500k_phys_wave3_20260718_bin02_pthat100to200_shard1171_seed1221171	/store/user/iturkmen/hh4b_delphes/run2_13tev/frozen_v2/bundles/qcd_hardqcd_importance_adaptive1500k_phys_wave3_20260718/qcd_hardqcd_importance_adaptive1500k_phys_wave3_20260718_bin02_pthat100to200_shard1171_seed1221171_bundle.tar.gz	sigma_gen_pb,event_weight_convention,sum_event_weights,sum_squared_event_weights,min_event_weight,max_event_weight			False	False	True	recover_exact_generator_json_or_provenance_for_this_shard	qcd_shard_normalization_fail_closed
background	qcd_hardqcd	qcd_hardqcd_importance_adaptive1500k_phys_wave3_20260718	qcd_hardqcd_importance_adaptive1500k_phys_wave3_20260718_bin02_pthat100to200_shard1172_seed1221172	/store/user/iturkmen/hh4b_delphes/run2_13tev/frozen_v2/bundles/qcd_hardqcd_importance_adaptive1500k_phys_wave3_20260718/qcd_hardqcd_importance_adaptive1500k_phys_wave3_20260718_bin02_pthat100to200_shard1172_seed1221172_bundle.tar.gz	sigma_gen_pb,event_weight_convention,sum_event_weights,sum_squared_event_weights,min_event_weight,max_event_weight			False	False	True	recover_exact_generator_json_or_provenance_for_this_shard	qcd_shard_normalization_fail_closed
background	qcd_hardqcd	qcd_hardqcd_importance_adaptive1500k_phys_wave3_20260718	qcd_hardqcd_importance_adaptive1500k_phys_wave3_20260718_bin02_pthat100to200_shard1173_seed1221173	/store/user/iturkmen/hh4b_delphes/run2_13tev/frozen_v2/bundles/qcd_hardqcd_importance_adaptive1500k_phys_wave3_20260718/qcd_hardqcd_importance_adaptive1500k_phys_wave3_20260718_bin02_pthat100to200_shard1173_seed1221173_bundle.tar.gz	sigma_gen_pb,event_weight_convention,sum_event_weights,sum_squared_event_weights,min_event_weight,max_event_weight			False	False	True	recover_exact_generator_json_or_provenance_for_this_shard	qcd_shard_normalization_fail_closed
background	qcd_hardqcd	qcd_hardqcd_importance_adaptive1500k_phys_wave3_20260718	qcd_hardqcd_importance_adaptive1500k_phys_wave3_20260718_bin02_pthat100to200_shard1174_seed1221174	/store/user/iturkmen/hh4b_delphes/run2_13tev/frozen_v2/bundles/qcd_hardqcd_importance_adaptive1500k_phys_wave3_20260718/qcd_hardqcd_importance_adaptive1500k_phys_wave3_20260718_bin02_pthat100to200_shard1174_seed1221174_bundle.tar.gz	sigma_gen_pb,event_weight_convention,sum_event_weights,sum_squared_event_weights,min_event_weight,max_event_weight			False	False	True	recover_exact_generator_json_or_provenance_for_this_shard	qcd_shard_normalization_fail_closed
background	qcd_hardqcd	qcd_hardqcd_importance_adaptive1500k_phys_wave3_20260718	qcd_hardqcd_importance_adaptive1500k_phys_wave3_20260718_bin02_pthat100to200_shard1175_seed1221175	/store/user/iturkmen/hh4b_delphes/run2_13tev/frozen_v2/bundles/qcd_hardqcd_importance_adaptive1500k_phys_wave3_20260718/qcd_hardqcd_importance_adaptive1500k_phys_wave3_20260718_bin02_pthat100to200_shard1175_seed1221175_bundle.tar.gz	sigma_gen_pb,event_weight_convention,sum_event_weights,sum_squared_event_weights,min_event_weight,max_event_weight			False	False	True	recover_exact_generator_json_or_provenance_for_this_shard	qcd_shard_normalization_fail_closed
background	qcd_hardqcd	qcd_hardqcd_importance_adaptive1500k_phys_wave3_20260718	qcd_hardqcd_importance_adaptive1500k_phys_wave3_20260718_bin02_pthat100to200_shard1176_seed1221176	/store/user/iturkmen/hh4b_delphes/run2_13tev/frozen_v2/bundles/qcd_hardqcd_importance_adaptive1500k_phys_wave3_20260718/qcd_hardqcd_importance_adaptive1500k_phys_wave3_20260718_bin02_pthat100to200_shard1176_seed1221176_bundle.tar.gz	sigma_gen_pb,event_weight_convention,sum_event_weights,sum_squared_event_weights,min_event_weight,max_event_weight			False	False	True	recover_exact_generator_json_or_provenance_for_this_shard	qcd_shard_normalization_fail_closed
background	qcd_hardqcd	qcd_hardqcd_importance_adaptive1500k_phys_wave3_20260718	qcd_hardqcd_importance_adaptive1500k_phys_wave3_20260718_bin02_pthat100to200_shard1177_seed1221177	/store/user/iturkmen/hh4b_delphes/run2_13tev/frozen_v2/bundles/qcd_hardqcd_importance_adaptive1500k_phys_wave3_20260718/qcd_hardqcd_importance_adaptive1500k_phys_wave3_20260718_bin02_pthat100to200_shard1177_seed1221177_bundle.tar.gz	sigma_gen_pb,event_weight_convention,sum_event_weights,sum_squared_event_weights,min_event_weight,max_event_weight			False	False	True	recover_exact_generator_json_or_provenance_for_this_shard	qcd_shard_normalization_fail_closed
background	qcd_hardqcd	qcd_hardqcd_importance_adaptive1500k_phys_wave3_20260718	qcd_hardqcd_importance_adaptive1500k_phys_wave3_20260718_bin03_pthat200to300_shard1178_seed1231178	/store/user/iturkmen/hh4b_delphes/run2_13tev/frozen_v2/bundles/qcd_hardqcd_importance_adaptive1500k_phys_wave3_20260718/qcd_hardqcd_importance_adaptive1500k_phys_wave3_20260718_bin03_pthat200to300_shard1178_seed1231178_bundle.tar.gz	sigma_gen_pb,event_weight_convention,sum_event_weights,sum_squared_event_weights,min_event_weight,max_event_weight			False	False	True	recover_exact_generator_json_or_provenance_for_this_shard	qcd_shard_normalization_fail_closed
background	qcd_hardqcd	qcd_hardqcd_importance_adaptive1500k_phys_wave3_20260718	qcd_hardqcd_importance_adaptive1500k_phys_wave3_20260718_bin04_pthat300to500_shard1179_seed1241179	/store/user/iturkmen/hh4b_delphes/run2_13tev/frozen_v2/bundles/qcd_hardqcd_importance_adaptive1500k_phys_wave3_20260718/qcd_hardqcd_importance_adaptive1500k_phys_wave3_20260718_bin04_pthat300to500_shard1179_seed1241179_bundle.tar.gz	sigma_gen_pb,event_weight_convention,sum_event_weights,sum_squared_event_weights,min_event_weight,max_event_weight			False	False	True	recover_exact_generator_json_or_provenance_for_this_shard	qcd_shard_normalization_fail_closed
background	qcd_hardqcd	qcd_hardqcd_importance_adaptive1500k_phys_wave3_20260718	qcd_hardqcd_importance_adaptive1500k_phys_wave3_20260718_bin05_pthat500to700_shard1180_seed1251180	/store/user/iturkmen/hh4b_delphes/run2_13tev/frozen_v2/bundles/qcd_hardqcd_importance_adaptive1500k_phys_wave3_20260718/qcd_hardqcd_importance_adaptive1500k_phys_wave3_20260718_bin05_pthat500to700_shard1180_seed1251180_bundle.tar.gz	sigma_gen_pb,event_weight_convention,sum_event_weights,sum_squared_event_weights,min_event_weight,max_event_weight			False	False	True	recover_exact_generator_json_or_provenance_for_this_shard	qcd_shard_normalization_fail_closed
background	qcd_hardqcd	qcd_hardqcd_importance_adaptive1500k_phys_wave3_20260718	qcd_hardqcd_importance_adaptive1500k_phys_wave3_20260718_bin06_pthat700to1000_shard1181_seed1261181	/store/user/iturkmen/hh4b_delphes/run2_13tev/frozen_v2/bundles/qcd_hardqcd_importance_adaptive1500k_phys_wave3_20260718/qcd_hardqcd_importance_adaptive1500k_phys_wave3_20260718_bin06_pthat700to1000_shard1181_seed1261181_bundle.tar.gz	sigma_gen_pb,event_weight_convention,sum_event_weights,sum_squared_event_weights,min_event_weight,max_event_weight			False	False	True	recover_exact_generator_json_or_provenance_for_this_shard	qcd_shard_normalization_fail_closed
background	qcd_hardqcd	qcd_hardqcd_importance_adaptive1500k_phys_wave3_20260718	qcd_hardqcd_importance_adaptive1500k_phys_wave3_20260718_bin07_pthat1000toInf_shard1182_seed1271182	/store/user/iturkmen/hh4b_delphes/run2_13tev/frozen_v2/bundles/qcd_hardqcd_importance_adaptive1500k_phys_wave3_20260718/qcd_hardqcd_importance_adaptive1500k_phys_wave3_20260718_bin07_pthat1000toInf_shard1182_seed1271182_bundle.tar.gz	sigma_gen_pb,event_weight_convention,sum_event_weights,sum_squared_event_weights,min_event_weight,max_event_weight		pthat_max_GeV	False	False	True	recover_exact_generator_json_or_provenance_for_this_shard	qcd_shard_normalization_fail_closed
background	qcd_hardqcd	qcd_hardqcd_importance_adaptive500k_phys_20260717_0022	qcd_hardqcd_importance_adaptive500k_phys_20260717_0022_bin00_pthat50to75_shard1820_seed1201820	/store/user/iturkmen/hh4b_delphes/run2_13tev/frozen_v2/bundles/qcd_hardqcd_importance_adaptive500k_phys_20260717_0022/qcd_hardqcd_importance_adaptive500k_phys_20260717_0022_bin00_pthat50to75_shard1820_seed1201820_bundle.tar.gz	sigma_gen_pb,event_weight_convention,sum_event_weights,sum_squared_event_weights,min_event_weight,max_event_weight			False	False	True	recover_exact_generator_json_or_provenance_for_this_shard	qcd_shard_normalization_fail_closed
background	qcd_hardqcd	qcd_hardqcd_importance_adaptive500k_phys_20260717_0022	qcd_hardqcd_importance_adaptive500k_phys_20260717_0022_bin00_pthat50to75_shard1821_seed1201821	/store/user/iturkmen/hh4b_delphes/run2_13tev/frozen_v2/bundles/qcd_hardqcd_importance_adaptive500k_phys_20260717_0022/qcd_hardqcd_importance_adaptive500k_phys_20260717_0022_bin00_pthat50to75_shard1821_seed1201821_bundle.tar.gz	sigma_gen_pb,event_weight_convention,sum_event_weights,sum_squared_event_weights,min_event_weight,max_event_weight			False	False	True	recover_exact_generator_json_or_provenance_for_this_shard	qcd_shard_normalization_fail_closed
background	qcd_hardqcd	qcd_hardqcd_importance_adaptive500k_phys_20260717_0022	qcd_hardqcd_importance_adaptive500k_phys_20260717_0022_bin00_pthat50to75_shard1822_seed1201822	/store/user/iturkmen/hh4b_delphes/run2_13tev/frozen_v2/bundles/qcd_hardqcd_importance_adaptive500k_phys_20260717_0022/qcd_hardqcd_importance_adaptive500k_phys_20260717_0022_bin00_pthat50to75_shard1822_seed1201822_bundle.tar.gz	sigma_gen_pb,event_weight_convention,sum_event_weights,sum_squared_event_weights,min_event_weight,max_event_weight			False	False	True	recover_exact_generator_json_or_provenance_for_this_shard	qcd_shard_normalization_fail_closed
background	qcd_hardqcd	qcd_hardqcd_importance_adaptive500k_phys_20260717_0022	qcd_hardqcd_importance_adaptive500k_phys_20260717_0022_bin00_pthat50to75_shard1823_seed1201823	/store/user/iturkmen/hh4b_delphes/run2_13tev/frozen_v2/bundles/qcd_hardqcd_importance_adaptive500k_phys_20260717_0022/qcd_hardqcd_importance_adaptive500k_phys_20260717_0022_bin00_pthat50to75_shard1823_seed1201823_bundle.tar.gz	sigma_gen_pb,event_weight_convention,sum_event_weights,sum_squared_event_weights,min_event_weight,max_event_weight			False	False	True	recover_exact_generator_json_or_provenance_for_this_shard	qcd_shard_normalization_fail_closed
background	qcd_hardqcd	qcd_hardqcd_importance_adaptive500k_phys_20260717_0022	qcd_hardqcd_importance_adaptive500k_phys_20260717_0022_bin00_pthat50to75_shard1824_seed1201824	/store/user/iturkmen/hh4b_delphes/run2_13tev/frozen_v2/bundles/qcd_hardqcd_importance_adaptive500k_phys_20260717_0022/qcd_hardqcd_importance_adaptive500k_phys_20260717_0022_bin00_pthat50to75_shard1824_seed1201824_bundle.tar.gz	sigma_gen_pb,event_weight_convention,sum_event_weights,sum_squared_event_weights,min_event_weight,max_event_weight			False	False	True	recover_exact_generator_json_or_provenance_for_this_shard	qcd_shard_normalization_fail_closed
background	qcd_hardqcd	qcd_hardqcd_importance_adaptive500k_phys_20260717_0022	qcd_hardqcd_importance_adaptive500k_phys_20260717_0022_bin00_pthat50to75_shard1825_seed1201825	/store/user/iturkmen/hh4b_delphes/run2_13tev/frozen_v2/bundles/qcd_hardqcd_importance_adaptive500k_phys_20260717_0022/qcd_hardqcd_importance_adaptive500k_phys_20260717_0022_bin00_pthat50to75_shard1825_seed1201825_bundle.tar.gz	sigma_gen_pb,event_weight_convention,sum_event_weights,sum_squared_event_weights,min_event_weight,max_event_weight			False	False	True	recover_exact_generator_json_or_provenance_for_this_shard	qcd_shard_normalization_fail_closed
background	qcd_hardqcd	qcd_hardqcd_importance_adaptive500k_phys_20260717_0022	qcd_hardqcd_importance_adaptive500k_phys_20260717_0022_bin00_pthat50to75_shard1826_seed1201826	/store/user/iturkmen/hh4b_delphes/run2_13tev/frozen_v2/bundles/qcd_hardqcd_importance_adaptive500k_phys_20260717_0022/qcd_hardqcd_importance_adaptive500k_phys_20260717_0022_bin00_pthat50to75_shard1826_seed1201826_bundle.tar.gz	sigma_gen_pb,event_weight_convention,sum_event_weights,sum_squared_event_weights,min_event_weight,max_event_weight			False	False	True	recover_exact_generator_json_or_provenance_for_this_shard	qcd_shard_normalization_fail_closed
background	qcd_hardqcd	qcd_hardqcd_importance_adaptive500k_phys_20260717_0022	qcd_hardqcd_importance_adaptive500k_phys_20260717_0022_bin00_pthat50to75_shard1827_seed1201827	/store/user/iturkmen/hh4b_delphes/run2_13tev/frozen_v2/bundles/qcd_hardqcd_importance_adaptive500k_phys_20260717_0022/qcd_hardqcd_importance_adaptive500k_phys_20260717_0022_bin00_pthat50to75_shard1827_seed1201827_bundle.tar.gz	sigma_gen_pb,event_weight_convention,sum_event_weights,sum_squared_event_weights,min_event_weight,max_event_weight			False	False	True	recover_exact_generator_json_or_provenance_for_this_shard	qcd_shard_normalization_fail_closed
background	qcd_hardqcd	qcd_hardqcd_importance_adaptive500k_phys_20260717_0022	qcd_hardqcd_importance_adaptive500k_phys_20260717_0022_bin00_pthat50to75_shard1828_seed1201828	/store/user/iturkmen/hh4b_delphes/run2_13tev/frozen_v2/bundles/qcd_hardqcd_importance_adaptive500k_phys_20260717_0022/qcd_hardqcd_importance_adaptive500k_phys_20260717_0022_bin00_pthat50to75_shard1828_seed1201828_bundle.tar.gz	sigma_gen_pb,event_weight_convention,sum_event_weights,sum_squared_event_weights,min_event_weight,max_event_weight			False	False	True	recover_exact_generator_json_or_provenance_for_this_shard	qcd_shard_normalization_fail_closed
background	qcd_hardqcd	qcd_hardqcd_importance_adaptive500k_phys_20260717_0022	qcd_hardqcd_importance_adaptive500k_phys_20260717_0022_bin00_pthat50to75_shard1829_seed1201829	/store/user/iturkmen/hh4b_delphes/run2_13tev/frozen_v2/bundles/qcd_hardqcd_importance_adaptive500k_phys_20260717_0022/qcd_hardqcd_importance_adaptive500k_phys_20260717_0022_bin00_pthat50to75_shard1829_seed1201829_bundle.tar.gz	sigma_gen_pb,event_weight_convention,sum_event_weights,sum_squared_event_weights,min_event_weight,max_event_weight			False	False	True	recover_exact_generator_json_or_provenance_for_this_shard	qcd_shard_normalization_fail_closed
background	qcd_hardqcd	qcd_hardqcd_importance_adaptive500k_phys_20260717_0022	qcd_hardqcd_importance_adaptive500k_phys_20260717_0022_bin00_pthat50to75_shard1830_seed1201830	/store/user/iturkmen/hh4b_delphes/run2_13tev/frozen_v2/bundles/qcd_hardqcd_importance_adaptive500k_phys_20260717_0022/qcd_hardqcd_importance_adaptive500k_phys_20260717_0022_bin00_pthat50to75_shard1830_seed1201830_bundle.tar.gz	sigma_gen_pb,event_weight_convention,sum_event_weights,sum_squared_event_weights,min_event_weight,max_event_weight			False	False	True	recover_exact_generator_json_or_provenance_for_this_shard	qcd_shard_normalization_fail_closed
background	qcd_hardqcd	qcd_hardqcd_importance_adaptive500k_phys_20260717_0022	qcd_hardqcd_importance_adaptive500k_phys_20260717_0022_bin00_pthat50to75_shard1831_seed1201831	/store/user/iturkmen/hh4b_delphes/run2_13tev/frozen_v2/bundles/qcd_hardqcd_importance_adaptive500k_phys_20260717_0022/qcd_hardqcd_importance_adaptive500k_phys_20260717_0022_bin00_pthat50to75_shard1831_seed1201831_bundle.tar.gz	sigma_gen_pb,event_weight_convention,sum_event_weights,sum_squared_event_weights,min_event_weight,max_event_weight			False	False	True	recover_exact_generator_json_or_provenance_for_this_shard	qcd_shard_normalization_fail_closed
background	qcd_hardqcd	qcd_hardqcd_importance_adaptive500k_phys_20260717_0022	qcd_hardqcd_importance_adaptive500k_phys_20260717_0022_bin00_pthat50to75_shard1832_seed1201832	/store/user/iturkmen/hh4b_delphes/run2_13tev/frozen_v2/bundles/qcd_hardqcd_importance_adaptive500k_phys_20260717_0022/qcd_hardqcd_importance_adaptive500k_phys_20260717_0022_bin00_pthat50to75_shard1832_seed1201832_bundle.tar.gz	sigma_gen_pb,event_weight_convention,sum_event_weights,sum_squared_event_weights,min_event_weight,max_event_weight			False	False	True	recover_exact_generator_json_or_provenance_for_this_shard	qcd_shard_normalization_fail_closed
background	qcd_hardqcd	qcd_hardqcd_importance_adaptive500k_phys_20260717_0022	qcd_hardqcd_importance_adaptive500k_phys_20260717_0022_bin00_pthat50to75_shard1833_seed1201833	/store/user/iturkmen/hh4b_delphes/run2_13tev/frozen_v2/bundles/qcd_hardqcd_importance_adaptive500k_phys_20260717_0022/qcd_hardqcd_importance_adaptive500k_phys_20260717_0022_bin00_pthat50to75_shard1833_seed1201833_bundle.tar.gz	sigma_gen_pb,event_weight_convention,sum_event_weights,sum_squared_event_weights,min_event_weight,max_event_weight			False	False	True	recover_exact_generator_json_or_provenance_for_this_shard	qcd_shard_normalization_fail_closed
background	qcd_hardqcd	qcd_hardqcd_importance_adaptive500k_phys_20260717_0022	qcd_hardqcd_importance_adaptive500k_phys_20260717_0022_bin00_pthat50to75_shard1834_seed1201834	/store/user/iturkmen/hh4b_delphes/run2_13tev/frozen_v2/bundles/qcd_hardqcd_importance_adaptive500k_phys_20260717_0022/qcd_hardqcd_importance_adaptive500k_phys_20260717_0022_bin00_pthat50to75_shard1834_seed1201834_bundle.tar.gz	sigma_gen_pb,event_weight_convention,sum_event_weights,sum_squared_event_weights,min_event_weight,max_event_weight			False	False	True	recover_exact_generator_json_or_provenance_for_this_shard	qcd_shard_normalization_fail_closed
background	qcd_hardqcd	qcd_hardqcd_importance_adaptive500k_phys_20260717_0022	qcd_hardqcd_importance_adaptive500k_phys_20260717_0022_bin00_pthat50to75_shard1835_seed1201835	/store/user/iturkmen/hh4b_delphes/run2_13tev/frozen_v2/bundles/qcd_hardqcd_importance_adaptive500k_phys_20260717_0022/qcd_hardqcd_importance_adaptive500k_phys_20260717_0022_bin00_pthat50to75_shard1835_seed1201835_bundle.tar.gz	sigma_gen_pb,event_weight_convention,sum_event_weights,sum_squared_event_weights,min_event_weight,max_event_weight			False	False	True	recover_exact_generator_json_or_provenance_for_this_shard	qcd_shard_normalization_fail_closed
background	qcd_hardqcd	qcd_hardqcd_importance_adaptive500k_phys_20260717_0022	qcd_hardqcd_importance_adaptive500k_phys_20260717_0022_bin00_pthat50to75_shard1836_seed1201836	/store/user/iturkmen/hh4b_delphes/run2_13tev/frozen_v2/bundles/qcd_hardqcd_importance_adaptive500k_phys_20260717_0022/qcd_hardqcd_importance_adaptive500k_phys_20260717_0022_bin00_pthat50to75_shard1836_seed1201836_bundle.tar.gz	sigma_gen_pb,event_weight_convention,sum_event_weights,sum_squared_event_weights,min_event_weight,max_event_weight			False	False	True	recover_exact_generator_json_or_provenance_for_this_shard	qcd_shard_normalization_fail_closed
background	qcd_hardqcd	qcd_hardqcd_importance_adaptive500k_phys_20260717_0022	qcd_hardqcd_importance_adaptive500k_phys_20260717_0022_bin00_pthat50to75_shard1837_seed1201837	/store/user/iturkmen/hh4b_delphes/run2_13tev/frozen_v2/bundles/qcd_hardqcd_importance_adaptive500k_phys_20260717_0022/qcd_hardqcd_importance_adaptive500k_phys_20260717_0022_bin00_pthat50to75_shard1837_seed1201837_bundle.tar.gz	sigma_gen_pb,event_weight_convention,sum_event_weights,sum_squared_event_weights,min_event_weight,max_event_weight			False	False	True	recover_exact_generator_json_or_provenance_for_this_shard	qcd_shard_normalization_fail_closed
background	qcd_hardqcd	qcd_hardqcd_importance_adaptive500k_phys_20260717_0022	qcd_hardqcd_importance_adaptive500k_phys_20260717_0022_bin00_pthat50to75_shard1838_seed1201838	/store/user/iturkmen/hh4b_delphes/run2_13tev/frozen_v2/bundles/qcd_hardqcd_importance_adaptive500k_phys_20260717_0022/qcd_hardqcd_importance_adaptive500k_phys_20260717_0022_bin00_pthat50to75_shard1838_seed1201838_bundle.tar.gz	sigma_gen_pb,event_weight_convention,sum_event_weights,sum_squared_event_weights,min_event_weight,max_event_weight			False	False	True	recover_exact_generator_json_or_provenance_for_this_shard	qcd_shard_normalization_fail_closed
background	qcd_hardqcd	qcd_hardqcd_importance_adaptive500k_phys_20260717_0022	qcd_hardqcd_importance_adaptive500k_phys_20260717_0022_bin00_pthat50to75_shard1839_seed1201839	/store/user/iturkmen/hh4b_delphes/run2_13tev/frozen_v2/bundles/qcd_hardqcd_importance_adaptive500k_phys_20260717_0022/qcd_hardqcd_importance_adaptive500k_phys_20260717_0022_bin00_pthat50to75_shard1839_seed1201839_bundle.tar.gz	sigma_gen_pb,event_weight_convention,sum_event_weights,sum_squared_event_weights,min_event_weight,max_event_weight			False	False	True	recover_exact_generator_json_or_provenance_for_this_shard	qcd_shard_normalization_fail_closed
background	qcd_hardqcd	qcd_hardqcd_importance_adaptive500k_phys_20260717_0022	qcd_hardqcd_importance_adaptive500k_phys_20260717_0022_bin00_pthat50to75_shard1840_seed1201840	/store/user/iturkmen/hh4b_delphes/run2_13tev/frozen_v2/bundles/qcd_hardqcd_importance_adaptive500k_phys_20260717_0022/qcd_hardqcd_importance_adaptive500k_phys_20260717_0022_bin00_pthat50to75_shard1840_seed1201840_bundle.tar.gz	sigma_gen_pb,event_weight_convention,sum_event_weights,sum_squared_event_weights,min_event_weight,max_event_weight			False	False	True	recover_exact_generator_json_or_provenance_for_this_shard	qcd_shard_normalization_fail_closed
background	qcd_hardqcd	qcd_hardqcd_importance_adaptive500k_phys_20260717_0022	qcd_hardqcd_importance_adaptive500k_phys_20260717_0022_bin00_pthat50to75_shard1841_seed1201841	/store/user/iturkmen/hh4b_delphes/run2_13tev/frozen_v2/bundles/qcd_hardqcd_importance_adaptive500k_phys_20260717_0022/qcd_hardqcd_importance_adaptive500k_phys_20260717_0022_bin00_pthat50to75_shard1841_seed1201841_bundle.tar.gz	sigma_gen_pb,event_weight_convention,sum_event_weights,sum_squared_event_weights,min_event_weight,max_event_weight			False	False	True	recover_exact_generator_json_or_provenance_for_this_shard	qcd_shard_normalization_fail_closed
background	qcd_hardqcd	qcd_hardqcd_importance_adaptive500k_phys_20260717_0022	qcd_hardqcd_importance_adaptive500k_phys_20260717_0022_bin00_pthat50to75_shard1842_seed1201842	/store/user/iturkmen/hh4b_delphes/run2_13tev/frozen_v2/bundles/qcd_hardqcd_importance_adaptive500k_phys_20260717_0022/qcd_hardqcd_importance_adaptive500k_phys_20260717_0022_bin00_pthat50to75_shard1842_seed1201842_bundle.tar.gz	sigma_gen_pb,event_weight_convention,sum_event_weights,sum_squared_event_weights,min_event_weight,max_event_weight			False	False	True	recover_exact_generator_json_or_provenance_for_this_shard	qcd_shard_normalization_fail_closed
background	qcd_hardqcd	qcd_hardqcd_importance_adaptive500k_phys_20260717_0022	qcd_hardqcd_importance_adaptive500k_phys_20260717_0022_bin00_pthat50to75_shard1843_seed1201843	/store/user/iturkmen/hh4b_delphes/run2_13tev/frozen_v2/bundles/qcd_hardqcd_importance_adaptive500k_phys_20260717_0022/qcd_hardqcd_importance_adaptive500k_phys_20260717_0022_bin00_pthat50to75_shard1843_seed1201843_bundle.tar.gz	sigma_gen_pb,event_weight_convention,sum_event_weights,sum_squared_event_weights,min_event_weight,max_event_weight			False	False	True	recover_exact_generator_json_or_provenance_for_this_shard	qcd_shard_normalization_fail_closed
background	qcd_hardqcd	qcd_hardqcd_importance_adaptive500k_phys_20260717_0022	qcd_hardqcd_importance_adaptive500k_phys_20260717_0022_bin00_pthat50to75_shard1844_seed1201844	/store/user/iturkmen/hh4b_delphes/run2_13tev/frozen_v2/bundles/qcd_hardqcd_importance_adaptive500k_phys_20260717_0022/qcd_hardqcd_importance_adaptive500k_phys_20260717_0022_bin00_pthat50to75_shard1844_seed1201844_bundle.tar.gz	sigma_gen_pb,event_weight_convention,sum_event_weights,sum_squared_event_weights,min_event_weight,max_event_weight			False	False	True	recover_exact_generator_json_or_provenance_for_this_shard	qcd_shard_normalization_fail_closed
background	qcd_hardqcd	qcd_hardqcd_importance_adaptive500k_phys_20260717_0022	qcd_hardqcd_importance_adaptive500k_phys_20260717_0022_bin00_pthat50to75_shard1845_seed1201845	/store/user/iturkmen/hh4b_delphes/run2_13tev/frozen_v2/bundles/qcd_hardqcd_importance_adaptive500k_phys_20260717_0022/qcd_hardqcd_importance_adaptive500k_phys_20260717_0022_bin00_pthat50to75_shard1845_seed1201845_bundle.tar.gz	sigma_gen_pb,event_weight_convention,sum_event_weights,sum_squared_event_weights,min_event_weight,max_event_weight			False	False	True	recover_exact_generator_json_or_provenance_for_this_shard	qcd_shard_normalization_fail_closed
background	qcd_hardqcd	qcd_hardqcd_importance_adaptive500k_phys_20260717_0022	qcd_hardqcd_importance_adaptive500k_phys_20260717_0022_bin00_pthat50to75_shard1846_seed1201846	/store/user/iturkmen/hh4b_delphes/run2_13tev/frozen_v2/bundles/qcd_hardqcd_importance_adaptive500k_phys_20260717_0022/qcd_hardqcd_importance_adaptive500k_phys_20260717_0022_bin00_pthat50to75_shard1846_seed1201846_bundle.tar.gz	sigma_gen_pb,event_weight_convention,sum_event_weights,sum_squared_event_weights,min_event_weight,max_event_weight			False	False	True	recover_exact_generator_json_or_provenance_for_this_shard	qcd_shard_normalization_fail_closed
background	qcd_hardqcd	qcd_hardqcd_importance_adaptive500k_phys_20260717_0022	qcd_hardqcd_importance_adaptive500k_phys_20260717_0022_bin00_pthat50to75_shard1847_seed1201847	/store/user/iturkmen/hh4b_delphes/run2_13tev/frozen_v2/bundles/qcd_hardqcd_importance_adaptive500k_phys_20260717_0022/qcd_hardqcd_importance_adaptive500k_phys_20260717_0022_bin00_pthat50to75_shard1847_seed1201847_bundle.tar.gz	sigma_gen_pb,event_weight_convention,sum_event_weights,sum_squared_event_weights,min_event_weight,max_event_weight			False	False	True	recover_exact_generator_json_or_provenance_for_this_shard	qcd_shard_normalization_fail_closed
background	qcd_hardqcd	qcd_hardqcd_importance_adaptive500k_phys_20260717_0022	qcd_hardqcd_importance_adaptive500k_phys_20260717_0022_bin00_pthat50to75_shard1848_seed1201848	/store/user/iturkmen/hh4b_delphes/run2_13tev/frozen_v2/bundles/qcd_hardqcd_importance_adaptive500k_phys_20260717_0022/qcd_hardqcd_importance_adaptive500k_phys_20260717_0022_bin00_pthat50to75_shard1848_seed1201848_bundle.tar.gz	sigma_gen_pb,event_weight_convention,sum_event_weights,sum_squared_event_weights,min_event_weight,max_event_weight			False	False	True	recover_exact_generator_json_or_provenance_for_this_shard	qcd_shard_normalization_fail_closed
background	qcd_hardqcd	qcd_hardqcd_importance_adaptive500k_phys_20260717_0022	qcd_hardqcd_importance_adaptive500k_phys_20260717_0022_bin00_pthat50to75_shard1849_seed1201849	/store/user/iturkmen/hh4b_delphes/run2_13tev/frozen_v2/bundles/qcd_hardqcd_importance_adaptive500k_phys_20260717_0022/qcd_hardqcd_importance_adaptive500k_phys_20260717_0022_bin00_pthat50to75_shard1849_seed1201849_bundle.tar.gz	sigma_gen_pb,event_weight_convention,sum_event_weights,sum_squared_event_weights,min_event_weight,max_event_weight			False	False	True	recover_exact_generator_json_or_provenance_for_this_shard	qcd_shard_normalization_fail_closed
background	qcd_hardqcd	qcd_hardqcd_importance_adaptive500k_phys_20260717_0022	qcd_hardqcd_importance_adaptive500k_phys_20260717_0022_bin01_pthat75to100_shard1850_seed1211850	/store/user/iturkmen/hh4b_delphes/run2_13tev/frozen_v2/bundles/qcd_hardqcd_importance_adaptive500k_phys_20260717_0022/qcd_hardqcd_importance_adaptive500k_phys_20260717_0022_bin01_pthat75to100_shard1850_seed1211850_bundle.tar.gz	sigma_gen_pb,event_weight_convention,sum_event_weights,sum_squared_event_weights,min_event_weight,max_event_weight			False	False	True	recover_exact_generator_json_or_provenance_for_this_shard	qcd_shard_normalization_fail_closed
background	qcd_hardqcd	qcd_hardqcd_importance_adaptive500k_phys_20260717_0022	qcd_hardqcd_importance_adaptive500k_phys_20260717_0022_bin01_pthat75to100_shard1851_seed1211851	/store/user/iturkmen/hh4b_delphes/run2_13tev/frozen_v2/bundles/qcd_hardqcd_importance_adaptive500k_phys_20260717_0022/qcd_hardqcd_importance_adaptive500k_phys_20260717_0022_bin01_pthat75to100_shard1851_seed1211851_bundle.tar.gz	sigma_gen_pb,event_weight_convention,sum_event_weights,sum_squared_event_weights,min_event_weight,max_event_weight			False	False	True	recover_exact_generator_json_or_provenance_for_this_shard	qcd_shard_normalization_fail_closed
background	qcd_hardqcd	qcd_hardqcd_importance_adaptive500k_phys_20260717_0022	qcd_hardqcd_importance_adaptive500k_phys_20260717_0022_bin01_pthat75to100_shard1852_seed1211852	/store/user/iturkmen/hh4b_delphes/run2_13tev/frozen_v2/bundles/qcd_hardqcd_importance_adaptive500k_phys_20260717_0022/qcd_hardqcd_importance_adaptive500k_phys_20260717_0022_bin01_pthat75to100_shard1852_seed1211852_bundle.tar.gz	sigma_gen_pb,event_weight_convention,sum_event_weights,sum_squared_event_weights,min_event_weight,max_event_weight			False	False	True	recover_exact_generator_json_or_provenance_for_this_shard	qcd_shard_normalization_fail_closed
background	qcd_hardqcd	qcd_hardqcd_importance_adaptive500k_phys_20260717_0022	qcd_hardqcd_importance_adaptive500k_phys_20260717_0022_bin01_pthat75to100_shard1853_seed1211853	/store/user/iturkmen/hh4b_delphes/run2_13tev/frozen_v2/bundles/qcd_hardqcd_importance_adaptive500k_phys_20260717_0022/qcd_hardqcd_importance_adaptive500k_phys_20260717_0022_bin01_pthat75to100_shard1853_seed1211853_bundle.tar.gz	sigma_gen_pb,event_weight_convention,sum_event_weights,sum_squared_event_weights,min_event_weight,max_event_weight			False	False	True	recover_exact_generator_json_or_provenance_for_this_shard	qcd_shard_normalization_fail_closed
background	qcd_hardqcd	qcd_hardqcd_importance_adaptive500k_phys_20260717_0022	qcd_hardqcd_importance_adaptive500k_phys_20260717_0022_bin01_pthat75to100_shard1854_seed1211854	/store/user/iturkmen/hh4b_delphes/run2_13tev/frozen_v2/bundles/qcd_hardqcd_importance_adaptive500k_phys_20260717_0022/qcd_hardqcd_importance_adaptive500k_phys_20260717_0022_bin01_pthat75to100_shard1854_seed1211854_bundle.tar.gz	sigma_gen_pb,event_weight_convention,sum_event_weights,sum_squared_event_weights,min_event_weight,max_event_weight			False	False	True	recover_exact_generator_json_or_provenance_for_this_shard	qcd_shard_normalization_fail_closed
background	qcd_hardqcd	qcd_hardqcd_importance_adaptive500k_phys_20260717_0022	qcd_hardqcd_importance_adaptive500k_phys_20260717_0022_bin01_pthat75to100_shard1855_seed1211855	/store/user/iturkmen/hh4b_delphes/run2_13tev/frozen_v2/bundles/qcd_hardqcd_importance_adaptive500k_phys_20260717_0022/qcd_hardqcd_importance_adaptive500k_phys_20260717_0022_bin01_pthat75to100_shard1855_seed1211855_bundle.tar.gz	sigma_gen_pb,event_weight_convention,sum_event_weights,sum_squared_event_weights,min_event_weight,max_event_weight			False	False	True	recover_exact_generator_json_or_provenance_for_this_shard	qcd_shard_normalization_fail_closed
background	qcd_hardqcd	qcd_hardqcd_importance_adaptive500k_phys_20260717_0022	qcd_hardqcd_importance_adaptive500k_phys_20260717_0022_bin01_pthat75to100_shard1856_seed1211856	/store/user/iturkmen/hh4b_delphes/run2_13tev/frozen_v2/bundles/qcd_hardqcd_importance_adaptive500k_phys_20260717_0022/qcd_hardqcd_importance_adaptive500k_phys_20260717_0022_bin01_pthat75to100_shard1856_seed1211856_bundle.tar.gz	sigma_gen_pb,event_weight_convention,sum_event_weights,sum_squared_event_weights,min_event_weight,max_event_weight			False	False	True	recover_exact_generator_json_or_provenance_for_this_shard	qcd_shard_normalization_fail_closed
background	qcd_hardqcd	qcd_hardqcd_importance_adaptive500k_phys_20260717_0022	qcd_hardqcd_importance_adaptive500k_phys_20260717_0022_bin01_pthat75to100_shard1857_seed1211857	/store/user/iturkmen/hh4b_delphes/run2_13tev/frozen_v2/bundles/qcd_hardqcd_importance_adaptive500k_phys_20260717_0022/qcd_hardqcd_importance_adaptive500k_phys_20260717_0022_bin01_pthat75to100_shard1857_seed1211857_bundle.tar.gz	sigma_gen_pb,event_weight_convention,sum_event_weights,sum_squared_event_weights,min_event_weight,max_event_weight			False	False	True	recover_exact_generator_json_or_provenance_for_this_shard	qcd_shard_normalization_fail_closed
background	qcd_hardqcd	qcd_hardqcd_importance_adaptive500k_phys_20260717_0022	qcd_hardqcd_importance_adaptive500k_phys_20260717_0022_bin02_pthat100to200_shard1858_seed1221858	/store/user/iturkmen/hh4b_delphes/run2_13tev/frozen_v2/bundles/qcd_hardqcd_importance_adaptive500k_phys_20260717_0022/qcd_hardqcd_importance_adaptive500k_phys_20260717_0022_bin02_pthat100to200_shard1858_seed1221858_bundle.tar.gz	sigma_gen_pb,event_weight_convention,sum_event_weights,sum_squared_event_weights,min_event_weight,max_event_weight			False	False	True	recover_exact_generator_json_or_provenance_for_this_shard	qcd_shard_normalization_fail_closed
background	qcd_hardqcd	qcd_hardqcd_importance_adaptive500k_phys_20260717_0022	qcd_hardqcd_importance_adaptive500k_phys_20260717_0022_bin02_pthat100to200_shard1859_seed1221859	/store/user/iturkmen/hh4b_delphes/run2_13tev/frozen_v2/bundles/qcd_hardqcd_importance_adaptive500k_phys_20260717_0022/qcd_hardqcd_importance_adaptive500k_phys_20260717_0022_bin02_pthat100to200_shard1859_seed1221859_bundle.tar.gz	sigma_gen_pb,event_weight_convention,sum_event_weights,sum_squared_event_weights,min_event_weight,max_event_weight			False	False	True	recover_exact_generator_json_or_provenance_for_this_shard	qcd_shard_normalization_fail_closed
background	qcd_hardqcd	qcd_hardqcd_importance_adaptive500k_phys_20260717_0022	qcd_hardqcd_importance_adaptive500k_phys_20260717_0022_bin02_pthat100to200_shard1860_seed1221860	/store/user/iturkmen/hh4b_delphes/run2_13tev/frozen_v2/bundles/qcd_hardqcd_importance_adaptive500k_phys_20260717_0022/qcd_hardqcd_importance_adaptive500k_phys_20260717_0022_bin02_pthat100to200_shard1860_seed1221860_bundle.tar.gz	sigma_gen_pb,event_weight_convention,sum_event_weights,sum_squared_event_weights,min_event_weight,max_event_weight			False	False	True	recover_exact_generator_json_or_provenance_for_this_shard	qcd_shard_normalization_fail_closed
background	qcd_hardqcd	qcd_hardqcd_importance_adaptive500k_phys_20260717_0022	qcd_hardqcd_importance_adaptive500k_phys_20260717_0022_bin02_pthat100to200_shard1861_seed1221861	/store/user/iturkmen/hh4b_delphes/run2_13tev/frozen_v2/bundles/qcd_hardqcd_importance_adaptive500k_phys_20260717_0022/qcd_hardqcd_importance_adaptive500k_phys_20260717_0022_bin02_pthat100to200_shard1861_seed1221861_bundle.tar.gz	sigma_gen_pb,event_weight_convention,sum_event_weights,sum_squared_event_weights,min_event_weight,max_event_weight			False	False	True	recover_exact_generator_json_or_provenance_for_this_shard	qcd_shard_normalization_fail_closed
background	qcd_hardqcd	qcd_hardqcd_importance_adaptive500k_phys_20260717_0022	qcd_hardqcd_importance_adaptive500k_phys_20260717_0022_bin02_pthat100to200_shard1862_seed1221862	/store/user/iturkmen/hh4b_delphes/run2_13tev/frozen_v2/bundles/qcd_hardqcd_importance_adaptive500k_phys_20260717_0022/qcd_hardqcd_importance_adaptive500k_phys_20260717_0022_bin02_pthat100to200_shard1862_seed1221862_bundle.tar.gz	sigma_gen_pb,event_weight_convention,sum_event_weights,sum_squared_event_weights,min_event_weight,max_event_weight			False	False	True	recover_exact_generator_json_or_provenance_for_this_shard	qcd_shard_normalization_fail_closed
background	qcd_hardqcd	qcd_hardqcd_importance_adaptive500k_phys_20260717_0022	qcd_hardqcd_importance_adaptive500k_phys_20260717_0022_bin03_pthat200to300_shard1863_seed1231863	/store/user/iturkmen/hh4b_delphes/run2_13tev/frozen_v2/bundles/qcd_hardqcd_importance_adaptive500k_phys_20260717_0022/qcd_hardqcd_importance_adaptive500k_phys_20260717_0022_bin03_pthat200to300_shard1863_seed1231863_bundle.tar.gz	sigma_gen_pb,event_weight_convention,sum_event_weights,sum_squared_event_weights,min_event_weight,max_event_weight			False	False	True	recover_exact_generator_json_or_provenance_for_this_shard	qcd_shard_normalization_fail_closed
background	qcd_hardqcd	qcd_hardqcd_importance_adaptive500k_phys_20260717_0022	qcd_hardqcd_importance_adaptive500k_phys_20260717_0022_bin03_pthat200to300_shard1864_seed1231864	/store/user/iturkmen/hh4b_delphes/run2_13tev/frozen_v2/bundles/qcd_hardqcd_importance_adaptive500k_phys_20260717_0022/qcd_hardqcd_importance_adaptive500k_phys_20260717_0022_bin03_pthat200to300_shard1864_seed1231864_bundle.tar.gz	sigma_gen_pb,event_weight_convention,sum_event_weights,sum_squared_event_weights,min_event_weight,max_event_weight			False	False	True	recover_exact_generator_json_or_provenance_for_this_shard	qcd_shard_normalization_fail_closed
background	qcd_hardqcd	qcd_hardqcd_importance_adaptive500k_phys_20260717_0022	qcd_hardqcd_importance_adaptive500k_phys_20260717_0022_bin04_pthat300to500_shard1865_seed1241865	/store/user/iturkmen/hh4b_delphes/run2_13tev/frozen_v2/bundles/qcd_hardqcd_importance_adaptive500k_phys_20260717_0022/qcd_hardqcd_importance_adaptive500k_phys_20260717_0022_bin04_pthat300to500_shard1865_seed1241865_bundle.tar.gz	sigma_gen_pb,event_weight_convention,sum_event_weights,sum_squared_event_weights,min_event_weight,max_event_weight			False	False	True	recover_exact_generator_json_or_provenance_for_this_shard	qcd_shard_normalization_fail_closed
background	qcd_hardqcd	qcd_hardqcd_importance_adaptive500k_phys_20260717_0022	qcd_hardqcd_importance_adaptive500k_phys_20260717_0022_bin04_pthat300to500_shard1866_seed1241866	/store/user/iturkmen/hh4b_delphes/run2_13tev/frozen_v2/bundles/qcd_hardqcd_importance_adaptive500k_phys_20260717_0022/qcd_hardqcd_importance_adaptive500k_phys_20260717_0022_bin04_pthat300to500_shard1866_seed1241866_bundle.tar.gz	sigma_gen_pb,event_weight_convention,sum_event_weights,sum_squared_event_weights,min_event_weight,max_event_weight			False	False	True	recover_exact_generator_json_or_provenance_for_this_shard	qcd_shard_normalization_fail_closed
background	qcd_hardqcd	qcd_hardqcd_importance_adaptive500k_phys_20260717_0022	qcd_hardqcd_importance_adaptive500k_phys_20260717_0022_bin05_pthat500to700_shard1867_seed1251867	/store/user/iturkmen/hh4b_delphes/run2_13tev/frozen_v2/bundles/qcd_hardqcd_importance_adaptive500k_phys_20260717_0022/qcd_hardqcd_importance_adaptive500k_phys_20260717_0022_bin05_pthat500to700_shard1867_seed1251867_bundle.tar.gz	sigma_gen_pb,event_weight_convention,sum_event_weights,sum_squared_event_weights,min_event_weight,max_event_weight			False	False	True	recover_exact_generator_json_or_provenance_for_this_shard	qcd_shard_normalization_fail_closed
background	qcd_hardqcd	qcd_hardqcd_importance_adaptive500k_phys_20260717_0022	qcd_hardqcd_importance_adaptive500k_phys_20260717_0022_bin05_pthat500to700_shard1868_seed1251868	/store/user/iturkmen/hh4b_delphes/run2_13tev/frozen_v2/bundles/qcd_hardqcd_importance_adaptive500k_phys_20260717_0022/qcd_hardqcd_importance_adaptive500k_phys_20260717_0022_bin05_pthat500to700_shard1868_seed1251868_bundle.tar.gz	sigma_gen_pb,event_weight_convention,sum_event_weights,sum_squared_event_weights,min_event_weight,max_event_weight			False	False	True	recover_exact_generator_json_or_provenance_for_this_shard	qcd_shard_normalization_fail_closed
background	qcd_hardqcd	qcd_hardqcd_importance_adaptive500k_phys_20260717_0022	qcd_hardqcd_importance_adaptive500k_phys_20260717_0022_bin06_pthat700to1000_shard1869_seed1261869	/store/user/iturkmen/hh4b_delphes/run2_13tev/frozen_v2/bundles/qcd_hardqcd_importance_adaptive500k_phys_20260717_0022/qcd_hardqcd_importance_adaptive500k_phys_20260717_0022_bin06_pthat700to1000_shard1869_seed1261869_bundle.tar.gz	sigma_gen_pb,event_weight_convention,sum_event_weights,sum_squared_event_weights,min_event_weight,max_event_weight			False	False	True	recover_exact_generator_json_or_provenance_for_this_shard	qcd_shard_normalization_fail_closed
background	qcd_hardqcd	qcd_hardqcd_importance_adaptive500k_phys_20260717_0022	qcd_hardqcd_importance_adaptive500k_phys_20260717_0022_bin06_pthat700to1000_shard1870_seed1261870	/store/user/iturkmen/hh4b_delphes/run2_13tev/frozen_v2/bundles/qcd_hardqcd_importance_adaptive500k_phys_20260717_0022/qcd_hardqcd_importance_adaptive500k_phys_20260717_0022_bin06_pthat700to1000_shard1870_seed1261870_bundle.tar.gz	sigma_gen_pb,event_weight_convention,sum_event_weights,sum_squared_event_weights,min_event_weight,max_event_weight			False	False	True	recover_exact_generator_json_or_provenance_for_this_shard	qcd_shard_normalization_fail_closed
background	qcd_hardqcd	qcd_hardqcd_importance_adaptive500k_phys_20260717_0022	qcd_hardqcd_importance_adaptive500k_phys_20260717_0022_bin07_pthat1000toInf_shard1871_seed1271871	/store/user/iturkmen/hh4b_delphes/run2_13tev/frozen_v2/bundles/qcd_hardqcd_importance_adaptive500k_phys_20260717_0022/qcd_hardqcd_importance_adaptive500k_phys_20260717_0022_bin07_pthat1000toInf_shard1871_seed1271871_bundle.tar.gz	sigma_gen_pb,event_weight_convention,sum_event_weights,sum_squared_event_weights,min_event_weight,max_event_weight		pthat_max_GeV	False	False	True	recover_exact_generator_json_or_provenance_for_this_shard	qcd_shard_normalization_fail_closed
background	qcd_hardqcd	qcd_hardqcd_importance_adaptive500k_phys_20260717_0022	qcd_hardqcd_importance_adaptive500k_phys_20260717_0022_bin07_pthat1000toInf_shard1872_seed1271872	/store/user/iturkmen/hh4b_delphes/run2_13tev/frozen_v2/bundles/qcd_hardqcd_importance_adaptive500k_phys_20260717_0022/qcd_hardqcd_importance_adaptive500k_phys_20260717_0022_bin07_pthat1000toInf_shard1872_seed1271872_bundle.tar.gz	sigma_gen_pb,event_weight_convention,sum_event_weights,sum_squared_event_weights,min_event_weight,max_event_weight		pthat_max_GeV	False	False	True	recover_exact_generator_json_or_provenance_for_this_shard	qcd_shard_normalization_fail_closed
background	qcd_hardqcd	qcd_hardqcd_importance_adaptive500k_phys_wave2_20260717	qcd_hardqcd_importance_adaptive500k_phys_wave2_20260717_bin00_pthat50to75_shard9774_seed1209774	/store/user/iturkmen/hh4b_delphes/run2_13tev/frozen_v2/bundles/qcd_hardqcd_importance_adaptive500k_phys_wave2_20260717/qcd_hardqcd_importance_adaptive500k_phys_wave2_20260717_bin00_pthat50to75_shard9774_seed1209774_bundle.tar.gz	sigma_gen_pb,event_weight_convention,sum_event_weights,sum_squared_event_weights,min_event_weight,max_event_weight			False	False	True	recover_exact_generator_json_or_provenance_for_this_shard	qcd_shard_normalization_fail_closed
background	qcd_hardqcd	qcd_hardqcd_importance_adaptive500k_phys_wave2_20260717	qcd_hardqcd_importance_adaptive500k_phys_wave2_20260717_bin00_pthat50to75_shard9775_seed1209775	/store/user/iturkmen/hh4b_delphes/run2_13tev/frozen_v2/bundles/qcd_hardqcd_importance_adaptive500k_phys_wave2_20260717/qcd_hardqcd_importance_adaptive500k_phys_wave2_20260717_bin00_pthat50to75_shard9775_seed1209775_bundle.tar.gz	sigma_gen_pb,event_weight_convention,sum_event_weights,sum_squared_event_weights,min_event_weight,max_event_weight			False	False	True	recover_exact_generator_json_or_provenance_for_this_shard	qcd_shard_normalization_fail_closed
background	qcd_hardqcd	qcd_hardqcd_importance_adaptive500k_phys_wave2_20260717	qcd_hardqcd_importance_adaptive500k_phys_wave2_20260717_bin00_pthat50to75_shard9776_seed1209776	/store/user/iturkmen/hh4b_delphes/run2_13tev/frozen_v2/bundles/qcd_hardqcd_importance_adaptive500k_phys_wave2_20260717/qcd_hardqcd_importance_adaptive500k_phys_wave2_20260717_bin00_pthat50to75_shard9776_seed1209776_bundle.tar.gz	sigma_gen_pb,event_weight_convention,sum_event_weights,sum_squared_event_weights,min_event_weight,max_event_weight			False	False	True	recover_exact_generator_json_or_provenance_for_this_shard	qcd_shard_normalization_fail_closed
background	qcd_hardqcd	qcd_hardqcd_importance_adaptive500k_phys_wave2_20260717	qcd_hardqcd_importance_adaptive500k_phys_wave2_20260717_bin00_pthat50to75_shard9777_seed1209777	/store/user/iturkmen/hh4b_delphes/run2_13tev/frozen_v2/bundles/qcd_hardqcd_importance_adaptive500k_phys_wave2_20260717/qcd_hardqcd_importance_adaptive500k_phys_wave2_20260717_bin00_pthat50to75_shard9777_seed1209777_bundle.tar.gz	sigma_gen_pb,event_weight_convention,sum_event_weights,sum_squared_event_weights,min_event_weight,max_event_weight			False	False	True	recover_exact_generator_json_or_provenance_for_this_shard	qcd_shard_normalization_fail_closed
background	qcd_hardqcd	qcd_hardqcd_importance_adaptive500k_phys_wave2_20260717	qcd_hardqcd_importance_adaptive500k_phys_wave2_20260717_bin00_pthat50to75_shard9778_seed1209778	/store/user/iturkmen/hh4b_delphes/run2_13tev/frozen_v2/bundles/qcd_hardqcd_importance_adaptive500k_phys_wave2_20260717/qcd_hardqcd_importance_adaptive500k_phys_wave2_20260717_bin00_pthat50to75_shard9778_seed1209778_bundle.tar.gz	sigma_gen_pb,event_weight_convention,sum_event_weights,sum_squared_event_weights,min_event_weight,max_event_weight			False	False	True	recover_exact_generator_json_or_provenance_for_this_shard	qcd_shard_normalization_fail_closed
background	qcd_hardqcd	qcd_hardqcd_importance_adaptive500k_phys_wave2_20260717	qcd_hardqcd_importance_adaptive500k_phys_wave2_20260717_bin00_pthat50to75_shard9779_seed1209779	/store/user/iturkmen/hh4b_delphes/run2_13tev/frozen_v2/bundles/qcd_hardqcd_importance_adaptive500k_phys_wave2_20260717/qcd_hardqcd_importance_adaptive500k_phys_wave2_20260717_bin00_pthat50to75_shard9779_seed1209779_bundle.tar.gz	sigma_gen_pb,event_weight_convention,sum_event_weights,sum_squared_event_weights,min_event_weight,max_event_weight			False	False	True	recover_exact_generator_json_or_provenance_for_this_shard	qcd_shard_normalization_fail_closed
background	qcd_hardqcd	qcd_hardqcd_importance_adaptive500k_phys_wave2_20260717	qcd_hardqcd_importance_adaptive500k_phys_wave2_20260717_bin00_pthat50to75_shard9780_seed1209780	/store/user/iturkmen/hh4b_delphes/run2_13tev/frozen_v2/bundles/qcd_hardqcd_importance_adaptive500k_phys_wave2_20260717/qcd_hardqcd_importance_adaptive500k_phys_wave2_20260717_bin00_pthat50to75_shard9780_seed1209780_bundle.tar.gz	sigma_gen_pb,event_weight_convention,sum_event_weights,sum_squared_event_weights,min_event_weight,max_event_weight			False	False	True	recover_exact_generator_json_or_provenance_for_this_shard	qcd_shard_normalization_fail_closed
background	qcd_hardqcd	qcd_hardqcd_importance_adaptive500k_phys_wave2_20260717	qcd_hardqcd_importance_adaptive500k_phys_wave2_20260717_bin00_pthat50to75_shard9781_seed1209781	/store/user/iturkmen/hh4b_delphes/run2_13tev/frozen_v2/bundles/qcd_hardqcd_importance_adaptive500k_phys_wave2_20260717/qcd_hardqcd_importance_adaptive500k_phys_wave2_20260717_bin00_pthat50to75_shard9781_seed1209781_bundle.tar.gz	sigma_gen_pb,event_weight_convention,sum_event_weights,sum_squared_event_weights,min_event_weight,max_event_weight			False	False	True	recover_exact_generator_json_or_provenance_for_this_shard	qcd_shard_normalization_fail_closed
background	qcd_hardqcd	qcd_hardqcd_importance_adaptive500k_phys_wave2_20260717	qcd_hardqcd_importance_adaptive500k_phys_wave2_20260717_bin00_pthat50to75_shard9782_seed1209782	/store/user/iturkmen/hh4b_delphes/run2_13tev/frozen_v2/bundles/qcd_hardqcd_importance_adaptive500k_phys_wave2_20260717/qcd_hardqcd_importance_adaptive500k_phys_wave2_20260717_bin00_pthat50to75_shard9782_seed1209782_bundle.tar.gz	sigma_gen_pb,event_weight_convention,sum_event_weights,sum_squared_event_weights,min_event_weight,max_event_weight			False	False	True	recover_exact_generator_json_or_provenance_for_this_shard	qcd_shard_normalization_fail_closed
background	qcd_hardqcd	qcd_hardqcd_importance_adaptive500k_phys_wave2_20260717	qcd_hardqcd_importance_adaptive500k_phys_wave2_20260717_bin00_pthat50to75_shard9783_seed1209783	/store/user/iturkmen/hh4b_delphes/run2_13tev/frozen_v2/bundles/qcd_hardqcd_importance_adaptive500k_phys_wave2_20260717/qcd_hardqcd_importance_adaptive500k_phys_wave2_20260717_bin00_pthat50to75_shard9783_seed1209783_bundle.tar.gz	sigma_gen_pb,event_weight_convention,sum_event_weights,sum_squared_event_weights,min_event_weight,max_event_weight			False	False	True	recover_exact_generator_json_or_provenance_for_this_shard	qcd_shard_normalization_fail_closed
background	qcd_hardqcd	qcd_hardqcd_importance_adaptive500k_phys_wave2_20260717	qcd_hardqcd_importance_adaptive500k_phys_wave2_20260717_bin00_pthat50to75_shard9784_seed1209784	/store/user/iturkmen/hh4b_delphes/run2_13tev/frozen_v2/bundles/qcd_hardqcd_importance_adaptive500k_phys_wave2_20260717/qcd_hardqcd_importance_adaptive500k_phys_wave2_20260717_bin00_pthat50to75_shard9784_seed1209784_bundle.tar.gz	sigma_gen_pb,event_weight_convention,sum_event_weights,sum_squared_event_weights,min_event_weight,max_event_weight			False	False	True	recover_exact_generator_json_or_provenance_for_this_shard	qcd_shard_normalization_fail_closed
background	qcd_hardqcd	qcd_hardqcd_importance_adaptive500k_phys_wave2_20260717	qcd_hardqcd_importance_adaptive500k_phys_wave2_20260717_bin00_pthat50to75_shard9785_seed1209785	/store/user/iturkmen/hh4b_delphes/run2_13tev/frozen_v2/bundles/qcd_hardqcd_importance_adaptive500k_phys_wave2_20260717/qcd_hardqcd_importance_adaptive500k_phys_wave2_20260717_bin00_pthat50to75_shard9785_seed1209785_bundle.tar.gz	sigma_gen_pb,event_weight_convention,sum_event_weights,sum_squared_event_weights,min_event_weight,max_event_weight			False	False	True	recover_exact_generator_json_or_provenance_for_this_shard	qcd_shard_normalization_fail_closed
background	qcd_hardqcd	qcd_hardqcd_importance_adaptive500k_phys_wave2_20260717	qcd_hardqcd_importance_adaptive500k_phys_wave2_20260717_bin00_pthat50to75_shard9786_seed1209786	/store/user/iturkmen/hh4b_delphes/run2_13tev/frozen_v2/bundles/qcd_hardqcd_importance_adaptive500k_phys_wave2_20260717/qcd_hardqcd_importance_adaptive500k_phys_wave2_20260717_bin00_pthat50to75_shard9786_seed1209786_bundle.tar.gz	sigma_gen_pb,event_weight_convention,sum_event_weights,sum_squared_event_weights,min_event_weight,max_event_weight			False	False	True	recover_exact_generator_json_or_provenance_for_this_shard	qcd_shard_normalization_fail_closed
background	qcd_hardqcd	qcd_hardqcd_importance_adaptive500k_phys_wave2_20260717	qcd_hardqcd_importance_adaptive500k_phys_wave2_20260717_bin00_pthat50to75_shard9787_seed1209787	/store/user/iturkmen/hh4b_delphes/run2_13tev/frozen_v2/bundles/qcd_hardqcd_importance_adaptive500k_phys_wave2_20260717/qcd_hardqcd_importance_adaptive500k_phys_wave2_20260717_bin00_pthat50to75_shard9787_seed1209787_bundle.tar.gz	sigma_gen_pb,event_weight_convention,sum_event_weights,sum_squared_event_weights,min_event_weight,max_event_weight			False	False	True	recover_exact_generator_json_or_provenance_for_this_shard	qcd_shard_normalization_fail_closed
background	qcd_hardqcd	qcd_hardqcd_importance_adaptive500k_phys_wave2_20260717	qcd_hardqcd_importance_adaptive500k_phys_wave2_20260717_bin00_pthat50to75_shard9788_seed1209788	/store/user/iturkmen/hh4b_delphes/run2_13tev/frozen_v2/bundles/qcd_hardqcd_importance_adaptive500k_phys_wave2_20260717/qcd_hardqcd_importance_adaptive500k_phys_wave2_20260717_bin00_pthat50to75_shard9788_seed1209788_bundle.tar.gz	sigma_gen_pb,event_weight_convention,sum_event_weights,sum_squared_event_weights,min_event_weight,max_event_weight			False	False	True	recover_exact_generator_json_or_provenance_for_this_shard	qcd_shard_normalization_fail_closed
background	qcd_hardqcd	qcd_hardqcd_importance_adaptive500k_phys_wave2_20260717	qcd_hardqcd_importance_adaptive500k_phys_wave2_20260717_bin00_pthat50to75_shard9789_seed1209789	/store/user/iturkmen/hh4b_delphes/run2_13tev/frozen_v2/bundles/qcd_hardqcd_importance_adaptive500k_phys_wave2_20260717/qcd_hardqcd_importance_adaptive500k_phys_wave2_20260717_bin00_pthat50to75_shard9789_seed1209789_bundle.tar.gz	sigma_gen_pb,event_weight_convention,sum_event_weights,sum_squared_event_weights,min_event_weight,max_event_weight			False	False	True	recover_exact_generator_json_or_provenance_for_this_shard	qcd_shard_normalization_fail_closed
background	qcd_hardqcd	qcd_hardqcd_importance_adaptive500k_phys_wave2_20260717	qcd_hardqcd_importance_adaptive500k_phys_wave2_20260717_bin00_pthat50to75_shard9790_seed1209790	/store/user/iturkmen/hh4b_delphes/run2_13tev/frozen_v2/bundles/qcd_hardqcd_importance_adaptive500k_phys_wave2_20260717/qcd_hardqcd_importance_adaptive500k_phys_wave2_20260717_bin00_pthat50to75_shard9790_seed1209790_bundle.tar.gz	sigma_gen_pb,event_weight_convention,sum_event_weights,sum_squared_event_weights,min_event_weight,max_event_weight			False	False	True	recover_exact_generator_json_or_provenance_for_this_shard	qcd_shard_normalization_fail_closed
background	qcd_hardqcd	qcd_hardqcd_importance_adaptive500k_phys_wave2_20260717	qcd_hardqcd_importance_adaptive500k_phys_wave2_20260717_bin00_pthat50to75_shard9791_seed1209791	/store/user/iturkmen/hh4b_delphes/run2_13tev/frozen_v2/bundles/qcd_hardqcd_importance_adaptive500k_phys_wave2_20260717/qcd_hardqcd_importance_adaptive500k_phys_wave2_20260717_bin00_pthat50to75_shard9791_seed1209791_bundle.tar.gz	sigma_gen_pb,event_weight_convention,sum_event_weights,sum_squared_event_weights,min_event_weight,max_event_weight			False	False	True	recover_exact_generator_json_or_provenance_for_this_shard	qcd_shard_normalization_fail_closed
background	qcd_hardqcd	qcd_hardqcd_importance_adaptive500k_phys_wave2_20260717	qcd_hardqcd_importance_adaptive500k_phys_wave2_20260717_bin00_pthat50to75_shard9792_seed1209792	/store/user/iturkmen/hh4b_delphes/run2_13tev/frozen_v2/bundles/qcd_hardqcd_importance_adaptive500k_phys_wave2_20260717/qcd_hardqcd_importance_adaptive500k_phys_wave2_20260717_bin00_pthat50to75_shard9792_seed1209792_bundle.tar.gz	sigma_gen_pb,event_weight_convention,sum_event_weights,sum_squared_event_weights,min_event_weight,max_event_weight			False	False	True	recover_exact_generator_json_or_provenance_for_this_shard	qcd_shard_normalization_fail_closed
background	qcd_hardqcd	qcd_hardqcd_importance_adaptive500k_phys_wave2_20260717	qcd_hardqcd_importance_adaptive500k_phys_wave2_20260717_bin00_pthat50to75_shard9793_seed1209793	/store/user/iturkmen/hh4b_delphes/run2_13tev/frozen_v2/bundles/qcd_hardqcd_importance_adaptive500k_phys_wave2_20260717/qcd_hardqcd_importance_adaptive500k_phys_wave2_20260717_bin00_pthat50to75_shard9793_seed1209793_bundle.tar.gz	sigma_gen_pb,event_weight_convention,sum_event_weights,sum_squared_event_weights,min_event_weight,max_event_weight			False	False	True	recover_exact_generator_json_or_provenance_for_this_shard	qcd_shard_normalization_fail_closed
background	qcd_hardqcd	qcd_hardqcd_importance_adaptive500k_phys_wave2_20260717	qcd_hardqcd_importance_adaptive500k_phys_wave2_20260717_bin00_pthat50to75_shard9794_seed1209794	/store/user/iturkmen/hh4b_delphes/run2_13tev/frozen_v2/bundles/qcd_hardqcd_importance_adaptive500k_phys_wave2_20260717/qcd_hardqcd_importance_adaptive500k_phys_wave2_20260717_bin00_pthat50to75_shard9794_seed1209794_bundle.tar.gz	sigma_gen_pb,event_weight_convention,sum_event_weights,sum_squared_event_weights,min_event_weight,max_event_weight			False	False	True	recover_exact_generator_json_or_provenance_for_this_shard	qcd_shard_normalization_fail_closed
background	qcd_hardqcd	qcd_hardqcd_importance_adaptive500k_phys_wave2_20260717	qcd_hardqcd_importance_adaptive500k_phys_wave2_20260717_bin00_pthat50to75_shard9795_seed1209795	/store/user/iturkmen/hh4b_delphes/run2_13tev/frozen_v2/bundles/qcd_hardqcd_importance_adaptive500k_phys_wave2_20260717/qcd_hardqcd_importance_adaptive500k_phys_wave2_20260717_bin00_pthat50to75_shard9795_seed1209795_bundle.tar.gz	sigma_gen_pb,event_weight_convention,sum_event_weights,sum_squared_event_weights,min_event_weight,max_event_weight			False	False	True	recover_exact_generator_json_or_provenance_for_this_shard	qcd_shard_normalization_fail_closed
background	qcd_hardqcd	qcd_hardqcd_importance_adaptive500k_phys_wave2_20260717	qcd_hardqcd_importance_adaptive500k_phys_wave2_20260717_bin00_pthat50to75_shard9796_seed1209796	/store/user/iturkmen/hh4b_delphes/run2_13tev/frozen_v2/bundles/qcd_hardqcd_importance_adaptive500k_phys_wave2_20260717/qcd_hardqcd_importance_adaptive500k_phys_wave2_20260717_bin00_pthat50to75_shard9796_seed1209796_bundle.tar.gz	sigma_gen_pb,event_weight_convention,sum_event_weights,sum_squared_event_weights,min_event_weight,max_event_weight			False	False	True	recover_exact_generator_json_or_provenance_for_this_shard	qcd_shard_normalization_fail_closed
background	qcd_hardqcd	qcd_hardqcd_importance_adaptive500k_phys_wave2_20260717	qcd_hardqcd_importance_adaptive500k_phys_wave2_20260717_bin00_pthat50to75_shard9797_seed1209797	/store/user/iturkmen/hh4b_delphes/run2_13tev/frozen_v2/bundles/qcd_hardqcd_importance_adaptive500k_phys_wave2_20260717/qcd_hardqcd_importance_adaptive500k_phys_wave2_20260717_bin00_pthat50to75_shard9797_seed1209797_bundle.tar.gz	sigma_gen_pb,event_weight_convention,sum_event_weights,sum_squared_event_weights,min_event_weight,max_event_weight			False	False	True	recover_exact_generator_json_or_provenance_for_this_shard	qcd_shard_normalization_fail_closed
background	qcd_hardqcd	qcd_hardqcd_importance_adaptive500k_phys_wave2_20260717	qcd_hardqcd_importance_adaptive500k_phys_wave2_20260717_bin00_pthat50to75_shard9798_seed1209798	/store/user/iturkmen/hh4b_delphes/run2_13tev/frozen_v2/bundles/qcd_hardqcd_importance_adaptive500k_phys_wave2_20260717/qcd_hardqcd_importance_adaptive500k_phys_wave2_20260717_bin00_pthat50to75_shard9798_seed1209798_bundle.tar.gz	sigma_gen_pb,event_weight_convention,sum_event_weights,sum_squared_event_weights,min_event_weight,max_event_weight			False	False	True	recover_exact_generator_json_or_provenance_for_this_shard	qcd_shard_normalization_fail_closed
background	qcd_hardqcd	qcd_hardqcd_importance_adaptive500k_phys_wave2_20260717	qcd_hardqcd_importance_adaptive500k_phys_wave2_20260717_bin00_pthat50to75_shard9799_seed1209799	/store/user/iturkmen/hh4b_delphes/run2_13tev/frozen_v2/bundles/qcd_hardqcd_importance_adaptive500k_phys_wave2_20260717/qcd_hardqcd_importance_adaptive500k_phys_wave2_20260717_bin00_pthat50to75_shard9799_seed1209799_bundle.tar.gz	sigma_gen_pb,event_weight_convention,sum_event_weights,sum_squared_event_weights,min_event_weight,max_event_weight			False	False	True	recover_exact_generator_json_or_provenance_for_this_shard	qcd_shard_normalization_fail_closed
background	qcd_hardqcd	qcd_hardqcd_importance_adaptive500k_phys_wave2_20260717	qcd_hardqcd_importance_adaptive500k_phys_wave2_20260717_bin00_pthat50to75_shard9800_seed1209800	/store/user/iturkmen/hh4b_delphes/run2_13tev/frozen_v2/bundles/qcd_hardqcd_importance_adaptive500k_phys_wave2_20260717/qcd_hardqcd_importance_adaptive500k_phys_wave2_20260717_bin00_pthat50to75_shard9800_seed1209800_bundle.tar.gz	sigma_gen_pb,event_weight_convention,sum_event_weights,sum_squared_event_weights,min_event_weight,max_event_weight			False	False	True	recover_exact_generator_json_or_provenance_for_this_shard	qcd_shard_normalization_fail_closed
background	qcd_hardqcd	qcd_hardqcd_importance_adaptive500k_phys_wave2_20260717	qcd_hardqcd_importance_adaptive500k_phys_wave2_20260717_bin00_pthat50to75_shard9801_seed1209801	/store/user/iturkmen/hh4b_delphes/run2_13tev/frozen_v2/bundles/qcd_hardqcd_importance_adaptive500k_phys_wave2_20260717/qcd_hardqcd_importance_adaptive500k_phys_wave2_20260717_bin00_pthat50to75_shard9801_seed1209801_bundle.tar.gz	sigma_gen_pb,event_weight_convention,sum_event_weights,sum_squared_event_weights,min_event_weight,max_event_weight			False	False	True	recover_exact_generator_json_or_provenance_for_this_shard	qcd_shard_normalization_fail_closed
background	qcd_hardqcd	qcd_hardqcd_importance_adaptive500k_phys_wave2_20260717	qcd_hardqcd_importance_adaptive500k_phys_wave2_20260717_bin00_pthat50to75_shard9802_seed1209802	/store/user/iturkmen/hh4b_delphes/run2_13tev/frozen_v2/bundles/qcd_hardqcd_importance_adaptive500k_phys_wave2_20260717/qcd_hardqcd_importance_adaptive500k_phys_wave2_20260717_bin00_pthat50to75_shard9802_seed1209802_bundle.tar.gz	sigma_gen_pb,event_weight_convention,sum_event_weights,sum_squared_event_weights,min_event_weight,max_event_weight			False	False	True	recover_exact_generator_json_or_provenance_for_this_shard	qcd_shard_normalization_fail_closed
background	qcd_hardqcd	qcd_hardqcd_importance_adaptive500k_phys_wave2_20260717	qcd_hardqcd_importance_adaptive500k_phys_wave2_20260717_bin00_pthat50to75_shard9803_seed1209803	/store/user/iturkmen/hh4b_delphes/run2_13tev/frozen_v2/bundles/qcd_hardqcd_importance_adaptive500k_phys_wave2_20260717/qcd_hardqcd_importance_adaptive500k_phys_wave2_20260717_bin00_pthat50to75_shard9803_seed1209803_bundle.tar.gz	sigma_gen_pb,event_weight_convention,sum_event_weights,sum_squared_event_weights,min_event_weight,max_event_weight			False	False	True	recover_exact_generator_json_or_provenance_for_this_shard	qcd_shard_normalization_fail_closed
background	qcd_hardqcd	qcd_hardqcd_importance_adaptive500k_phys_wave2_20260717	qcd_hardqcd_importance_adaptive500k_phys_wave2_20260717_bin01_pthat75to100_shard9804_seed1219804	/store/user/iturkmen/hh4b_delphes/run2_13tev/frozen_v2/bundles/qcd_hardqcd_importance_adaptive500k_phys_wave2_20260717/qcd_hardqcd_importance_adaptive500k_phys_wave2_20260717_bin01_pthat75to100_shard9804_seed1219804_bundle.tar.gz	sigma_gen_pb,event_weight_convention,sum_event_weights,sum_squared_event_weights,min_event_weight,max_event_weight			False	False	True	recover_exact_generator_json_or_provenance_for_this_shard	qcd_shard_normalization_fail_closed
background	qcd_hardqcd	qcd_hardqcd_importance_adaptive500k_phys_wave2_20260717	qcd_hardqcd_importance_adaptive500k_phys_wave2_20260717_bin01_pthat75to100_shard9805_seed1219805	/store/user/iturkmen/hh4b_delphes/run2_13tev/frozen_v2/bundles/qcd_hardqcd_importance_adaptive500k_phys_wave2_20260717/qcd_hardqcd_importance_adaptive500k_phys_wave2_20260717_bin01_pthat75to100_shard9805_seed1219805_bundle.tar.gz	sigma_gen_pb,event_weight_convention,sum_event_weights,sum_squared_event_weights,min_event_weight,max_event_weight			False	False	True	recover_exact_generator_json_or_provenance_for_this_shard	qcd_shard_normalization_fail_closed
background	qcd_hardqcd	qcd_hardqcd_importance_adaptive500k_phys_wave2_20260717	qcd_hardqcd_importance_adaptive500k_phys_wave2_20260717_bin01_pthat75to100_shard9806_seed1219806	/store/user/iturkmen/hh4b_delphes/run2_13tev/frozen_v2/bundles/qcd_hardqcd_importance_adaptive500k_phys_wave2_20260717/qcd_hardqcd_importance_adaptive500k_phys_wave2_20260717_bin01_pthat75to100_shard9806_seed1219806_bundle.tar.gz	sigma_gen_pb,event_weight_convention,sum_event_weights,sum_squared_event_weights,min_event_weight,max_event_weight			False	False	True	recover_exact_generator_json_or_provenance_for_this_shard	qcd_shard_normalization_fail_closed
background	qcd_hardqcd	qcd_hardqcd_importance_adaptive500k_phys_wave2_20260717	qcd_hardqcd_importance_adaptive500k_phys_wave2_20260717_bin01_pthat75to100_shard9807_seed1219807	/store/user/iturkmen/hh4b_delphes/run2_13tev/frozen_v2/bundles/qcd_hardqcd_importance_adaptive500k_phys_wave2_20260717/qcd_hardqcd_importance_adaptive500k_phys_wave2_20260717_bin01_pthat75to100_shard9807_seed1219807_bundle.tar.gz	sigma_gen_pb,event_weight_convention,sum_event_weights,sum_squared_event_weights,min_event_weight,max_event_weight			False	False	True	recover_exact_generator_json_or_provenance_for_this_shard	qcd_shard_normalization_fail_closed
background	qcd_hardqcd	qcd_hardqcd_importance_adaptive500k_phys_wave2_20260717	qcd_hardqcd_importance_adaptive500k_phys_wave2_20260717_bin01_pthat75to100_shard9808_seed1219808	/store/user/iturkmen/hh4b_delphes/run2_13tev/frozen_v2/bundles/qcd_hardqcd_importance_adaptive500k_phys_wave2_20260717/qcd_hardqcd_importance_adaptive500k_phys_wave2_20260717_bin01_pthat75to100_shard9808_seed1219808_bundle.tar.gz	sigma_gen_pb,event_weight_convention,sum_event_weights,sum_squared_event_weights,min_event_weight,max_event_weight			False	False	True	recover_exact_generator_json_or_provenance_for_this_shard	qcd_shard_normalization_fail_closed
background	qcd_hardqcd	qcd_hardqcd_importance_adaptive500k_phys_wave2_20260717	qcd_hardqcd_importance_adaptive500k_phys_wave2_20260717_bin01_pthat75to100_shard9809_seed1219809	/store/user/iturkmen/hh4b_delphes/run2_13tev/frozen_v2/bundles/qcd_hardqcd_importance_adaptive500k_phys_wave2_20260717/qcd_hardqcd_importance_adaptive500k_phys_wave2_20260717_bin01_pthat75to100_shard9809_seed1219809_bundle.tar.gz	sigma_gen_pb,event_weight_convention,sum_event_weights,sum_squared_event_weights,min_event_weight,max_event_weight			False	False	True	recover_exact_generator_json_or_provenance_for_this_shard	qcd_shard_normalization_fail_closed
background	qcd_hardqcd	qcd_hardqcd_importance_adaptive500k_phys_wave2_20260717	qcd_hardqcd_importance_adaptive500k_phys_wave2_20260717_bin01_pthat75to100_shard9810_seed1219810	/store/user/iturkmen/hh4b_delphes/run2_13tev/frozen_v2/bundles/qcd_hardqcd_importance_adaptive500k_phys_wave2_20260717/qcd_hardqcd_importance_adaptive500k_phys_wave2_20260717_bin01_pthat75to100_shard9810_seed1219810_bundle.tar.gz	sigma_gen_pb,event_weight_convention,sum_event_weights,sum_squared_event_weights,min_event_weight,max_event_weight			False	False	True	recover_exact_generator_json_or_provenance_for_this_shard	qcd_shard_normalization_fail_closed
background	qcd_hardqcd	qcd_hardqcd_importance_adaptive500k_phys_wave2_20260717	qcd_hardqcd_importance_adaptive500k_phys_wave2_20260717_bin01_pthat75to100_shard9811_seed1219811	/store/user/iturkmen/hh4b_delphes/run2_13tev/frozen_v2/bundles/qcd_hardqcd_importance_adaptive500k_phys_wave2_20260717/qcd_hardqcd_importance_adaptive500k_phys_wave2_20260717_bin01_pthat75to100_shard9811_seed1219811_bundle.tar.gz	sigma_gen_pb,event_weight_convention,sum_event_weights,sum_squared_event_weights,min_event_weight,max_event_weight			False	False	True	recover_exact_generator_json_or_provenance_for_this_shard	qcd_shard_normalization_fail_closed
background	qcd_hardqcd	qcd_hardqcd_importance_adaptive500k_phys_wave2_20260717	qcd_hardqcd_importance_adaptive500k_phys_wave2_20260717_bin01_pthat75to100_shard9812_seed1219812	/store/user/iturkmen/hh4b_delphes/run2_13tev/frozen_v2/bundles/qcd_hardqcd_importance_adaptive500k_phys_wave2_20260717/qcd_hardqcd_importance_adaptive500k_phys_wave2_20260717_bin01_pthat75to100_shard9812_seed1219812_bundle.tar.gz	sigma_gen_pb,event_weight_convention,sum_event_weights,sum_squared_event_weights,min_event_weight,max_event_weight			False	False	True	recover_exact_generator_json_or_provenance_for_this_shard	qcd_shard_normalization_fail_closed
background	qcd_hardqcd	qcd_hardqcd_importance_adaptive500k_phys_wave2_20260717	qcd_hardqcd_importance_adaptive500k_phys_wave2_20260717_bin02_pthat100to200_shard9813_seed1229813	/store/user/iturkmen/hh4b_delphes/run2_13tev/frozen_v2/bundles/qcd_hardqcd_importance_adaptive500k_phys_wave2_20260717/qcd_hardqcd_importance_adaptive500k_phys_wave2_20260717_bin02_pthat100to200_shard9813_seed1229813_bundle.tar.gz	sigma_gen_pb,event_weight_convention,sum_event_weights,sum_squared_event_weights,min_event_weight,max_event_weight			False	False	True	recover_exact_generator_json_or_provenance_for_this_shard	qcd_shard_normalization_fail_closed
background	qcd_hardqcd	qcd_hardqcd_importance_adaptive500k_phys_wave2_20260717	qcd_hardqcd_importance_adaptive500k_phys_wave2_20260717_bin02_pthat100to200_shard9814_seed1229814	/store/user/iturkmen/hh4b_delphes/run2_13tev/frozen_v2/bundles/qcd_hardqcd_importance_adaptive500k_phys_wave2_20260717/qcd_hardqcd_importance_adaptive500k_phys_wave2_20260717_bin02_pthat100to200_shard9814_seed1229814_bundle.tar.gz	sigma_gen_pb,event_weight_convention,sum_event_weights,sum_squared_event_weights,min_event_weight,max_event_weight			False	False	True	recover_exact_generator_json_or_provenance_for_this_shard	qcd_shard_normalization_fail_closed
background	qcd_hardqcd	qcd_hardqcd_importance_adaptive500k_phys_wave2_20260717	qcd_hardqcd_importance_adaptive500k_phys_wave2_20260717_bin02_pthat100to200_shard9815_seed1229815	/store/user/iturkmen/hh4b_delphes/run2_13tev/frozen_v2/bundles/qcd_hardqcd_importance_adaptive500k_phys_wave2_20260717/qcd_hardqcd_importance_adaptive500k_phys_wave2_20260717_bin02_pthat100to200_shard9815_seed1229815_bundle.tar.gz	sigma_gen_pb,event_weight_convention,sum_event_weights,sum_squared_event_weights,min_event_weight,max_event_weight			False	False	True	recover_exact_generator_json_or_provenance_for_this_shard	qcd_shard_normalization_fail_closed
background	qcd_hardqcd	qcd_hardqcd_importance_adaptive500k_phys_wave2_20260717	qcd_hardqcd_importance_adaptive500k_phys_wave2_20260717_bin02_pthat100to200_shard9816_seed1229816	/store/user/iturkmen/hh4b_delphes/run2_13tev/frozen_v2/bundles/qcd_hardqcd_importance_adaptive500k_phys_wave2_20260717/qcd_hardqcd_importance_adaptive500k_phys_wave2_20260717_bin02_pthat100to200_shard9816_seed1229816_bundle.tar.gz	sigma_gen_pb,event_weight_convention,sum_event_weights,sum_squared_event_weights,min_event_weight,max_event_weight			False	False	True	recover_exact_generator_json_or_provenance_for_this_shard	qcd_shard_normalization_fail_closed
background	qcd_hardqcd	qcd_hardqcd_importance_adaptive500k_phys_wave2_20260717	qcd_hardqcd_importance_adaptive500k_phys_wave2_20260717_bin02_pthat100to200_shard9817_seed1229817	/store/user/iturkmen/hh4b_delphes/run2_13tev/frozen_v2/bundles/qcd_hardqcd_importance_adaptive500k_phys_wave2_20260717/qcd_hardqcd_importance_adaptive500k_phys_wave2_20260717_bin02_pthat100to200_shard9817_seed1229817_bundle.tar.gz	sigma_gen_pb,event_weight_convention,sum_event_weights,sum_squared_event_weights,min_event_weight,max_event_weight			False	False	True	recover_exact_generator_json_or_provenance_for_this_shard	qcd_shard_normalization_fail_closed
background	qcd_hardqcd	qcd_hardqcd_importance_adaptive500k_phys_wave2_20260717	qcd_hardqcd_importance_adaptive500k_phys_wave2_20260717_bin02_pthat100to200_shard9818_seed1229818	/store/user/iturkmen/hh4b_delphes/run2_13tev/frozen_v2/bundles/qcd_hardqcd_importance_adaptive500k_phys_wave2_20260717/qcd_hardqcd_importance_adaptive500k_phys_wave2_20260717_bin02_pthat100to200_shard9818_seed1229818_bundle.tar.gz	sigma_gen_pb,event_weight_convention,sum_event_weights,sum_squared_event_weights,min_event_weight,max_event_weight			False	False	True	recover_exact_generator_json_or_provenance_for_this_shard	qcd_shard_normalization_fail_closed
background	qcd_hardqcd	qcd_hardqcd_importance_adaptive500k_phys_wave2_20260717	qcd_hardqcd_importance_adaptive500k_phys_wave2_20260717_bin03_pthat200to300_shard9819_seed1239819	/store/user/iturkmen/hh4b_delphes/run2_13tev/frozen_v2/bundles/qcd_hardqcd_importance_adaptive500k_phys_wave2_20260717/qcd_hardqcd_importance_adaptive500k_phys_wave2_20260717_bin03_pthat200to300_shard9819_seed1239819_bundle.tar.gz	sigma_gen_pb,event_weight_convention,sum_event_weights,sum_squared_event_weights,min_event_weight,max_event_weight			False	False	True	recover_exact_generator_json_or_provenance_for_this_shard	qcd_shard_normalization_fail_closed
background	qcd_hardqcd	qcd_hardqcd_importance_adaptive500k_phys_wave2_20260717	qcd_hardqcd_importance_adaptive500k_phys_wave2_20260717_bin03_pthat200to300_shard9820_seed1239820	/store/user/iturkmen/hh4b_delphes/run2_13tev/frozen_v2/bundles/qcd_hardqcd_importance_adaptive500k_phys_wave2_20260717/qcd_hardqcd_importance_adaptive500k_phys_wave2_20260717_bin03_pthat200to300_shard9820_seed1239820_bundle.tar.gz	sigma_gen_pb,event_weight_convention,sum_event_weights,sum_squared_event_weights,min_event_weight,max_event_weight			False	False	True	recover_exact_generator_json_or_provenance_for_this_shard	qcd_shard_normalization_fail_closed
background	qcd_hardqcd	qcd_hardqcd_importance_adaptive500k_phys_wave2_20260717	qcd_hardqcd_importance_adaptive500k_phys_wave2_20260717_bin04_pthat300to500_shard9821_seed1249821	/store/user/iturkmen/hh4b_delphes/run2_13tev/frozen_v2/bundles/qcd_hardqcd_importance_adaptive500k_phys_wave2_20260717/qcd_hardqcd_importance_adaptive500k_phys_wave2_20260717_bin04_pthat300to500_shard9821_seed1249821_bundle.tar.gz	sigma_gen_pb,event_weight_convention,sum_event_weights,sum_squared_event_weights,min_event_weight,max_event_weight			False	False	True	recover_exact_generator_json_or_provenance_for_this_shard	qcd_shard_normalization_fail_closed
background	qcd_hardqcd	qcd_hardqcd_importance_adaptive500k_phys_wave2_20260717	qcd_hardqcd_importance_adaptive500k_phys_wave2_20260717_bin04_pthat300to500_shard9822_seed1249822	/store/user/iturkmen/hh4b_delphes/run2_13tev/frozen_v2/bundles/qcd_hardqcd_importance_adaptive500k_phys_wave2_20260717/qcd_hardqcd_importance_adaptive500k_phys_wave2_20260717_bin04_pthat300to500_shard9822_seed1249822_bundle.tar.gz	sigma_gen_pb,event_weight_convention,sum_event_weights,sum_squared_event_weights,min_event_weight,max_event_weight			False	False	True	recover_exact_generator_json_or_provenance_for_this_shard	qcd_shard_normalization_fail_closed
background	qcd_hardqcd	qcd_hardqcd_importance_adaptive500k_phys_wave2_20260717	qcd_hardqcd_importance_adaptive500k_phys_wave2_20260717_bin05_pthat500to700_shard9823_seed1259823	/store/user/iturkmen/hh4b_delphes/run2_13tev/frozen_v2/bundles/qcd_hardqcd_importance_adaptive500k_phys_wave2_20260717/qcd_hardqcd_importance_adaptive500k_phys_wave2_20260717_bin05_pthat500to700_shard9823_seed1259823_bundle.tar.gz	sigma_gen_pb,event_weight_convention,sum_event_weights,sum_squared_event_weights,min_event_weight,max_event_weight			False	False	True	recover_exact_generator_json_or_provenance_for_this_shard	qcd_shard_normalization_fail_closed
background	qcd_hardqcd	qcd_hardqcd_importance_adaptive500k_phys_wave2_20260717	qcd_hardqcd_importance_adaptive500k_phys_wave2_20260717_bin05_pthat500to700_shard9824_seed1259824	/store/user/iturkmen/hh4b_delphes/run2_13tev/frozen_v2/bundles/qcd_hardqcd_importance_adaptive500k_phys_wave2_20260717/qcd_hardqcd_importance_adaptive500k_phys_wave2_20260717_bin05_pthat500to700_shard9824_seed1259824_bundle.tar.gz	sigma_gen_pb,event_weight_convention,sum_event_weights,sum_squared_event_weights,min_event_weight,max_event_weight			False	False	True	recover_exact_generator_json_or_provenance_for_this_shard	qcd_shard_normalization_fail_closed
background	qcd_hardqcd	qcd_hardqcd_importance_adaptive500k_phys_wave2_20260717	qcd_hardqcd_importance_adaptive500k_phys_wave2_20260717_bin06_pthat700to1000_shard9825_seed1269825	/store/user/iturkmen/hh4b_delphes/run2_13tev/frozen_v2/bundles/qcd_hardqcd_importance_adaptive500k_phys_wave2_20260717/qcd_hardqcd_importance_adaptive500k_phys_wave2_20260717_bin06_pthat700to1000_shard9825_seed1269825_bundle.tar.gz	sigma_gen_pb,event_weight_convention,sum_event_weights,sum_squared_event_weights,min_event_weight,max_event_weight			False	False	True	recover_exact_generator_json_or_provenance_for_this_shard	qcd_shard_normalization_fail_closed
background	qcd_hardqcd	qcd_hardqcd_importance_adaptive500k_phys_wave2_20260717	qcd_hardqcd_importance_adaptive500k_phys_wave2_20260717_bin06_pthat700to1000_shard9826_seed1269826	/store/user/iturkmen/hh4b_delphes/run2_13tev/frozen_v2/bundles/qcd_hardqcd_importance_adaptive500k_phys_wave2_20260717/qcd_hardqcd_importance_adaptive500k_phys_wave2_20260717_bin06_pthat700to1000_shard9826_seed1269826_bundle.tar.gz	sigma_gen_pb,event_weight_convention,sum_event_weights,sum_squared_event_weights,min_event_weight,max_event_weight			False	False	True	recover_exact_generator_json_or_provenance_for_this_shard	qcd_shard_normalization_fail_closed
background	qcd_hardqcd	qcd_hardqcd_importance_adaptive500k_phys_wave2_20260717	qcd_hardqcd_importance_adaptive500k_phys_wave2_20260717_bin07_pthat1000toInf_shard9827_seed1279827	/store/user/iturkmen/hh4b_delphes/run2_13tev/frozen_v2/bundles/qcd_hardqcd_importance_adaptive500k_phys_wave2_20260717/qcd_hardqcd_importance_adaptive500k_phys_wave2_20260717_bin07_pthat1000toInf_shard9827_seed1279827_bundle.tar.gz	sigma_gen_pb,event_weight_convention,sum_event_weights,sum_squared_event_weights,min_event_weight,max_event_weight		pthat_max_GeV	False	False	True	recover_exact_generator_json_or_provenance_for_this_shard	qcd_shard_normalization_fail_closed
background	qcd_hardqcd	qcd_hardqcd_importance_adaptive500k_phys_wave2_20260717	qcd_hardqcd_importance_adaptive500k_phys_wave2_20260717_bin07_pthat1000toInf_shard9828_seed1279828	/store/user/iturkmen/hh4b_delphes/run2_13tev/frozen_v2/bundles/qcd_hardqcd_importance_adaptive500k_phys_wave2_20260717/qcd_hardqcd_importance_adaptive500k_phys_wave2_20260717_bin07_pthat1000toInf_shard9828_seed1279828_bundle.tar.gz	sigma_gen_pb,event_weight_convention,sum_event_weights,sum_squared_event_weights,min_event_weight,max_event_weight		pthat_max_GeV	False	False	True	recover_exact_generator_json_or_provenance_for_this_shard	qcd_shard_normalization_fail_closed
