
============================================================
QCD bbbb inclusive-HT slice
LABEL=iht100to200
IHTMIN=100
IHTMAX=200
TAG=qcd_bbbb_iht100to200_10000
RUN_NAME=run_qcd_bbbb_iht100to200_10000
SEED=151000
============================================================
 25.0 = ptb ! minimum pt for b quarks
 -1.0 = ptbmax ! maximum pt for b quarks
  0.0	= xptb ! minimum pt for at least one b 
 100 = ihtmin ! inclusive HT minimum for all partons including b
 200 = ihtmax ! inclusive HT maximum for all partons including b
 0.0 = ht2min ! minimum HT for two leading jets
 0.0 = ht3min ! minimum HT for three leading jets
 0.0 = ht4min ! minimum HT for four leading jets
 -1.0 = ht2max ! maximum HT for two leading jets
 -1.0 = ht3max ! maximum HT for three leading jets
 -1.0 = ht4max ! maximum HT for four leading jets
PROCESS_DIR=/uscms_data/d3/iturkmen/hh4b_delphes/mg5/QCD_bbbb_presel_smoke
RUN_NAME=run_qcd_bbbb_iht100to200_10000
N_EVENTS=10000
SEED=151000
OUTPUT_TAG=qcd_bbbb_iht100to200_10000
APPLY_B_CUTS=no
Updated run card:
 10000 = nevents ! Number of unweighted events
 151000 = iseed ! Random seed
 25.0 = ptb ! minimum pt for b quarks
 -1.0 = ptbmax ! maximum pt for b quarks
 2.7 = etab ! maximum eta for b quarks
  0.0	= etabmin ! min rap for the b
 0.4 = drbb ! minimum deltaR between b quarks
  -1.0	= drbbmax ! max distance between b's
  0.0	= xptb ! minimum pt for at least one b 
 0.4 = drbj ! minimum deltaR between b and light jets
 20.0 = ptj ! minimum pt for jets
 5.0 = etaj ! maximum eta for jets
************************************************************
*                                                          *
*                      W E L C O M E to                    *
*             M A D G R A P H 5 _ a M C @ N L O            *
*                      M A D E V E N T                     *
*                                                          *
*                 *                       *                *
*                   *        * *        *                  *
*                     * * * * 5 * * * *                    *
*                   *        * *        *                  *
*                 *                       *                *
*                                                          *
*         VERSION 3.5.3                                    *
*                                                          *
*    The MadGraph5_aMC@NLO Development Team - Find us at   *
*    https://server06.fynu.ucl.ac.be/projects/madgraph     *
*                                                          *
*               Type 'help' for in-line help.              *
*                                                          *
************************************************************
INFO: load configuration from /uscms_data/d3/iturkmen/hh4b_delphes/mg5/QCD_bbbb_presel_smoke/Cards/me5_configuration.txt  
INFO: load configuration from /cvmfs/sft.cern.ch/lcg/releases/MCGenerators/madgraph5amc/3.5.3.atlas7-2c347/x86_64-el9-gcc13-opt/input/mg5_configuration.txt  
INFO: load configuration from /uscms_data/d3/iturkmen/hh4b_delphes/mg5/QCD_bbbb_presel_smoke/Cards/me5_configuration.txt  
Using default text editor "vi". Set another one in ./input/mg5_configuration.txt
Using default eps viewer "evince". Set another one in ./input/mg5_configuration.txt
Using default web browser "firefox". Set another one in ./input/mg5_configuration.txt
generate_events run_qcd_bbbb_iht100to200_10000 -f
Generating 10000 events with run name run_qcd_bbbb_iht100to200_10000
survey  run_qcd_bbbb_iht100to200_10000 
INFO: compile directory 
compile Source Directory
Using random number seed offset = 151000
INFO: Running Survey 
Creating Jobs
Working on SubProcesses
INFO: Compiling for process 1/2. 
INFO:     P1_gg_bbxbbx  
  0%|          | 0/1236 [00:00<?, ?it/s] 49%|████▊     | 600/1236 [00:00<00:00, 5855.77it/s] 96%|█████████▌| 1186/1236 [00:00<00:00, 3301.24it/s]100%|██████████| 1236/1236 [00:00<00:00, 3680.84it/s]
INFO: Compiling for process 2/2. 
INFO:     P1_qq_bbxbbx  
  0%|          | 0/856 [00:00<?, ?it/s]100%|██████████| 856/856 [00:00<00:00, 24026.96it/s]
INFO:     P1_gg_bbxbbx  
INFO:     P1_qq_bbxbbx  
INFO:  Idle: 1,  Running: 6,  Completed: 0 [ current time: 13h32 ] 
INFO:  Idle: 0,  Running: 6,  Completed: 1 [  1.5s  ] 
INFO:  Idle: 0,  Running: 0,  Completed: 7 [  6.3s  ] 
INFO:  Idle: 0,  Running: 0,  Completed: 7 [  6.3s  ] 
INFO: End survey 
refine 10000
Creating Jobs
INFO: Refine results to 10000 
INFO: Generating 10000.0 unweighted events. 
sum of cpu time of last step: 30 seconds
INFO: Effective Luminosity 61.85710971572353 pb^-1 
INFO: need to improve 6 channels 
- Current estimate of cross-section: 193.99548500000003 +- 5.163161561548803
    P1_gg_bbxbbx 
    P1_qq_bbxbbx 
INFO:  Idle: 5,  Running: 8,  Completed: 0 [ current time: 13h32 ] 
INFO:  Idle: 4,  Running: 8,  Completed: 1 [  3s  ] 
INFO:  Idle: 3,  Running: 8,  Completed: 2 [  10.4s  ] 
INFO:  Idle: 0,  Running: 8,  Completed: 5 [  24.2s  ] 
INFO:  Idle: 0,  Running: 7,  Completed: 6 [  27.5s  ] 
INFO:  Idle: 0,  Running: 6,  Completed: 7 [  39.7s  ] 
INFO:  Idle: 0,  Running: 5,  Completed: 8 [  50.2s  ] 
INFO:  Idle: 0,  Running: 4,  Completed: 9 [  55.9s  ] 
INFO:  Idle: 0,  Running: 2,  Completed: 11 [  1m 1s  ] 
INFO:  Idle: 0,  Running: 1,  Completed: 12 [  1m 5s  ] 
INFO:  Idle: 0,  Running: 0,  Completed: 13 [  1m 9s  ] 
INFO:  Idle: 0,  Running: 0,  Completed: 13 [  1m 9s  ] 
INFO: Combining runs 
sum of cpu time of last step: 6m52s
INFO: finish refine 
refine 10000 --treshold=0.9
No need for second refine due to stability of cross-section
INFO: Combining Events 
combination of events done in 15.697694540023804 s 
  === Results Summary for run: run_qcd_bbbb_iht100to200_10000 tag: tag_1 ===

     Cross-section :   205 +- 0.5738 pb
     Nb of events :  10000
 
INFO: Running Systematics computation 
INFO:  Idle: 1,  Running: 3,  Completed: 0 [ current time: 13h33 ] 
INFO:  Idle: 0,  Running: 3,  Completed: 1 [  10s  ] 
INFO: # Events generated with PDF: NNPDF23_lo_as_0130_qed (247000) 
INFO: # Will Compute 145 weights per event. 
INFO: #***************************************************************************
#
# original cross-section: 204.9204200209878
#     scale variation: +70.1% -38.7%
#     central scheme variation: + 0% -60.9%
# PDF variation: +4.06% -4.06%
#
# dynamical scheme # 1 : 99.6706 +53.2% -31.8% # \sum ET
# dynamical scheme # 2 : 99.4132 +53.2% -31.8% # \sum\sqrt{m^2+pt^2}
# dynamical scheme # 3 : 152.193 +61.5% -35.8% # 0.5 \sum\sqrt{m^2+pt^2}
# dynamical scheme # 4 : 80.223 +49.3% -30.6% # \sqrt{\hat s}
#***************************************************************************
 
INFO: End of systematics computation 
store_events
INFO: Storing parton level results 
INFO: End Parton 
reweight -from_cards
decay_events -from_cards
INFO: storing files of previous run 
INFO: Done 
quit
INFO:  
LHE=/uscms_data/d3/iturkmen/hh4b_delphes/mg5/QCD_bbbb_presel_smoke/Events/run_qcd_bbbb_iht100to200_10000/unweighted_events.lhe.gz
N_FOUND=10000
Sample: qcd_bbbb_iht100to200_10000
Input LHE.GZ: /uscms_data/d3/iturkmen/hh4b_delphes/mg5/QCD_bbbb_presel_smoke/Events/run_qcd_bbbb_iht100to200_10000/unweighted_events.lhe.gz
Events requested: 10000
Output tag: qcd_bbbb_iht100to200_10000
LHE: /uscms_data/d3/iturkmen/hh4b_delphes/mg5/QCD_bbbb_presel_smoke/Events/run_qcd_bbbb_iht100to200_10000/unweighted_events.lhe
HEPMC: /uscms_data/d3/iturkmen/hh4b_delphes/hepmc/qcd_bbbb_iht100to200_10000_pythia8.hepmc
ROOT: /uscms_data/d3/iturkmen/hh4b_delphes/root/qcd_bbbb_iht100to200_10000_pythia8_delphes.root
LHE event count: 10000

 *------------------------------------------------------------------------------------* 
 |                                                                                    | 
 |  *------------------------------------------------------------------------------*  | 
 |  |                                                                              |  | 
 |  |                                                                              |  | 
 |  |   PPP   Y   Y  TTTTT  H   H  III    A      Welcome to the Lund Monte Carlo!  |  | 
 |  |   P  P   Y Y     T    H   H   I    A A     This is PYTHIA version 8.312      |  | 
 |  |   PPP     Y      T    HHHHH   I   AAAAA    Last date of change: 23 May 2024  |  | 
 |  |   P       Y      T    H   H   I   A   A                                      |  | 
 |  |   P       Y      T    H   H  III  A   A    Now is 08 Jul 2026 at 13:34:35    |  | 
 |  |                                                                              |  | 
 |  |   Program documentation and an archive of historic versions is found on:     |  | 
 |  |                                                                              |  | 
 |  |                               https://pythia.org/                            |  | 
 |  |                                                                              |  | 
 |  |   PYTHIA is authored by a collaboration consisting of:                       |  | 
 |  |                                                                              |  | 
 |  |   Javira Altmann, Christian Bierlich, Naomi Cooke, Nishita Desai,            |  | 
 |  |   Leif Gellersen, Ilkka Helenius, Philip Ilten, Leif Lonnblad,               |  | 
 |  |   Stephen Mrenna, Christian Preuss, Torbjorn Sjostrand, Peter Skands,        |  | 
 |  |   Marius Utheim, and Rob Verheyen.                                           |  | 
 |  |                                                                              |  | 
 |  |   The complete list of authors, including contact information and            |  | 
 |  |   affiliations, can be found on https://pythia.org/.                         |  | 
 |  |   Problems or bugs should be reported on email at authors@pythia.org.        |  | 
 |  |                                                                              |  | 
 |  |   The main program reference is C. Bierlich et al,                           |  | 
 |  |   'A comprehensive guide to the physics and usage of Pythia 8.3',            |  | 
 |  |   SciPost Phys. Codebases 8-r8.3 (2022) [arXiv:2203.11601 [hep-ph]]          |  | 
 |  |                                                                              |  | 
 |  |   PYTHIA is released under the GNU General Public Licence version 2 or later.|  | 
 |  |   Please respect the MCnet Guidelines for Event Generator Authors and Users. |  | 
 |  |                                                                              |  | 
 |  |   Disclaimer: this program comes without any guarantees.                     |  | 
 |  |   Beware of errors and use common sense when interpreting results.           |  | 
 |  |                                                                              |  | 
 |  |   Copyright (C) 2024 Torbjorn Sjostrand                                      |  | 
 |  |                                                                              |  | 
 |  |                                                                              |  | 
 |  *------------------------------------------------------------------------------*  | 
 |                                                                                    | 
 *------------------------------------------------------------------------------------* 

 *-----------------------  SusyLesHouches SUSY/BSM Interface  ------------------------*
 | Last Change 12 Apr 2017 - P. Skands
 | Parsing: /uscms_data/d3/iturkmen/hh4b_delphes/mg5/QCD_bbbb_presel_smoke/Events/run_qcd_bbbb_iht100to200_10000/unweighted_events.lhe
 | (SLHA::readFile) line 344 - storing non-SLHA(2) block: yukawa
 *------------------------------------------------------------------------------------*
 PYTHIA Info from SLHAinterface::initSLHA: No MODSEL found, keeping internal SUSY switched off
 PYTHIA Warning in SLHAinterface::initSLHA: ignoring MASS entries for id = {1,2,3,4,5,11,12,13,14,15,16,21,22,23,24} (m0 < SLHA:minMassSM)
 PYTHIA Warning in SLHAinterface::initSLHA: ignoring DECAY tables for id = {23,24,1,2,3,4,5,11,12,13,14,15,16,21,22} (m0 < SLHA:minMassSM)
 PYTHIA Warning in SLHAinterface::initSLHA: ignoring empty DECAY tables for id = {6,25} (total width provided but no Branching Ratios)

 *-------  PYTHIA Process Initialization  --------------------------*
 |                                                                  |
 | We collide p+ with p+ at a CM energy of 1.300e+04 GeV            |
 |                                                                  |
 |------------------------------------------------------------------|
 |                                                    |             |
 | Subprocess                                    Code |   Estimated |
 |                                                    |    max (mb) |
 |                                                    |             |
 |------------------------------------------------------------------|
 |                                                    |             |
 | Les Houches User Process(es)                  9999 |   1.000e-09 |
 |                                                                  |
 *-------  End PYTHIA Process Initialization -----------------------*

 *-------  PYTHIA Multiparton Interactions Initialization  ---------* 
 |                                                                  | 
 |                   sigmaNonDiffractive =    56.42 mb              | 
 |                                                                  | 
 |    pT0 =  2.60 gives sigmaInteraction =   317.96 mb: accepted    | 
 |                                                                  | 
 *-------  End PYTHIA Multiparton Interactions Initialization  -----* 

 *-------  PYTHIA Flag + Mode + Parm + Word + FVec + MVec + PVec + WVec Settings (changes only)  ------------------* 
 |                                                                                                                 | 
 | Name                                          |                      Now |      Default         Min         Max | 
 |                                               |                          |                                      | 
 | Beams:frameType                               |                        4 |            1           1           5 | 
 | Beams:LHEF                                    | /uscms_data/d3/iturkmen/hh4b_delphes/mg5/QCD_bbbb_presel_smoke/Events/run_qcd_bbbb_iht100to200_10000/unweighted_events.lhe |         void | 
 | Check:event                                   |                      off |           on                         | 
 | Next:numberCount                              |                       10 |         1000           0             | 
 | Next:numberShowEvent                          |                        0 |            1           0             | 
 | Next:numberShowInfo                           |                        0 |            1           0             | 
 | Next:numberShowProcess                        |                        0 |            1           0             | 
 |                                                                                                                 | 
 *-------  End PYTHIA Flag + Mode + Parm + Word + FVec + MVec + PVec + WVec Settings  -----------------------------* 

 --------  PYTHIA Particle Data Table (changed only)  ------------------------------------------------------------------------------
 
      id   name            antiName         spn chg col      m0        mWidth      mMin       mMax       tau0    res dec ext vis wid
             no onMode   bRatio   meMode     products 

       6  t                tbar               2   2   1  173.00000    1.35678  166.40000  179.60000  1.45438e-13   1   1   0   1   0
              0     1   0.0000664    0       24        1 
              1     1   0.0017361    0       24        3 
              2     1   0.9981975    0       24        5 
              3     0   0.0000000    0       37        5 

      25  h0                                  1   0   0  125.00000    0.00408  124.96809  125.03191  4.83238e-11   1   1   0   0   0
              0     1   0.0000009    0        1       -1 
              1     1   0.0000002    0        2       -2 
              2     1   0.0002163    0        3       -3 
              3     1   0.0288493    0        4       -4 
              4     1   0.5768873    0        5       -5 
              5     1   0.0000000    0        6       -6 
              6     1   0.0000000    0       11      -11 
              7     1   0.0002185    0       13      -13 
              8     1   0.0628569    0       15      -15 
              9     1   0.0850383    0       21       21 
             10     1   0.0022965    0       22       22 
             11     1   0.0016155    0       22       23 
             12     1   0.0261758    0       23       23 
             13     1   0.2158445    0       24      -24 
             14     1   0.0000000  103  1000022  1000022 
             15     1   0.0000000  103  1000023  1000022 
             16     1   0.0000000  103  1000023  1000023 
             17     1   0.0000000  103  1000025  1000022 
             18     1   0.0000000  103  1000025  1000023 
             19     1   0.0000000  103  1000025  1000025 
             20     1   0.0000000  103  1000035  1000022 
             21     1   0.0000000  103  1000035  1000023 
             22     1   0.0000000  103  1000035  1000025 
             23     1   0.0000000  103  1000035  1000035 
             24     1   0.0000000  103  1000024 -1000024 
             25     1   0.0000000  103  1000024 -1000037 
             26     1   0.0000000  103  1000037 -1000024 
             27     1   0.0000000  103  1000037 -1000037 
             28     1   0.0000000  103  1000001 -1000001 
             29     1   0.0000000  103  2000001 -2000001 
             30     1   0.0000000  103  1000001 -2000001 
             31     1   0.0000000  103 -1000001  2000001 
             32     1   0.0000000  103  1000002 -1000002 
             33     1   0.0000000  103  2000002 -2000002 
             34     1   0.0000000  103  1000002 -2000002 
             35     1   0.0000000  103 -1000002  2000002 
             36     1   0.0000000  103  1000003 -1000003 
             37     1   0.0000000  103  2000003 -2000003 
             38     1   0.0000000  103  1000003 -2000003 
             39     1   0.0000000  103 -1000003  2000003 
             40     1   0.0000000  103  1000004 -1000004 
             41     1   0.0000000  103  2000004 -2000004 
             42     1   0.0000000  103  1000004 -2000004 
             43     1   0.0000000  103 -1000004  2000004 
             44     1   0.0000000  103  1000005 -1000005 
             45     1   0.0000000  103  2000005 -2000005 
             46     1   0.0000000  103  1000005 -2000005 
             47     1   0.0000000  103 -1000005  2000005 
             48     1   0.0000000  103  1000006 -1000006 
             49     1   0.0000000  103  2000006 -2000006 
             50     1   0.0000000  103  1000006 -2000006 
             51     1   0.0000000  103 -1000006  2000006 
             52     1   0.0000000  103  1000011 -1000011 
             53     1   0.0000000  103  2000011 -2000011 
             54     1   0.0000000  103  1000011 -2000011 
             55     1   0.0000000  103 -1000011  2000011 
             56     1   0.0000000  103  1000012 -1000012 
             57     1   0.0000000  103  2000012 -2000012 
             58     1   0.0000000  103  1000012 -2000012 
             59     1   0.0000000  103 -1000012  2000012 
             60     1   0.0000000  103  1000013 -1000013 
             61     1   0.0000000  103  2000013 -2000013 
             62     1   0.0000000  103  1000013 -2000013 
             63     1   0.0000000  103 -1000013  2000013 
             64     1   0.0000000  103  1000014 -1000014 
             65     1   0.0000000  103  2000014 -2000014 
             66     1   0.0000000  103  1000014 -2000014 
             67     1   0.0000000  103 -1000014  2000014 
             68     1   0.0000000  103  1000015 -1000015 
             69     1   0.0000000  103  2000015 -2000015 
             70     1   0.0000000  103  1000015 -2000015 
             71     1   0.0000000  103 -1000015  2000015 
             72     1   0.0000000  103  1000016 -1000016 
             73     1   0.0000000  103  2000016 -2000016 
             74     1   0.0000000  103  1000016 -2000016 
             75     1   0.0000000  103 -1000016  2000016 

 --------  End PYTHIA Particle Data Table  -----------------------------------------------------------------------------------------


 --------  LHA initialization information  ------------ 

  beam    kind      energy  pdfgrp  pdfset 
     A    2212    6500.000       0  247000
     B    2212    6500.000       0  247000

  Event weighting strategy = -4

  Processes, with strategy-dependent cross section info 
  number      xsec (pb)      xerr (pb)      xmax (pb) 
       1     2.0498e+02     5.7381e-01     2.0498e+02

 --------  End LHA initialization information  -------- 

 --------  LHA event information and listing  ---------------------------------------------------------------------- 

    process =        1    weight =   2.0498e+02     scale =   4.3991e+01 (GeV) 
                        alpha_em =   7.5558e-03    alpha_strong =   1.4820e-01

    Participating Particles 
    no        id stat     mothers     colours      p_x        p_y        p_z         e          m        tau    spin 
     1        21   -1     0     0   501   503      0.000      0.000    344.669    344.669      0.000   0.000   1.000
     2        21   -1     0     0   502   504     -0.000     -0.000    -75.972     75.972      0.000   0.000   1.000
     3         5    1     1     2   501     0     38.570    -10.573    197.517    201.580      4.700   0.000   1.000
     4        -5    1     1     2     0   504     40.702    -18.986     10.283     46.314      4.700   0.000  -1.000
     5         5    1     1     2   502     0    -32.275    -24.954    -34.164     53.419      4.700   0.000   1.000
     6        -5    1     1     2     0   503    -46.997     54.513     95.061    119.327      4.700   0.000  -1.000

 --------  End LHA event information and listing  ------------------------------------------------------------------ 

 Pythia::next(): 10 events have been generated 

 Pythia::next(): 20 events have been generated 

 Pythia::next(): 30 events have been generated 

 Pythia::next(): 40 events have been generated 

 Pythia::next(): 50 events have been generated 

 Pythia::next(): 60 events have been generated 

 Pythia::next(): 70 events have been generated 

 Pythia::next(): 80 events have been generated 

 Pythia::next(): 90 events have been generated 

 Pythia::next(): 100 events have been generated 

 Pythia::next(): 110 events have been generated 

 Pythia::next(): 120 events have been generated 

 Pythia::next(): 130 events have been generated 

 Pythia::next(): 140 events have been generated 

 Pythia::next(): 150 events have been generated 

 Pythia::next(): 160 events have been generated 

 Pythia::next(): 170 events have been generated 

 Pythia::next(): 180 events have been generated 

 Pythia::next(): 190 events have been generated 

 Pythia::next(): 200 events have been generated 

 Pythia::next(): 210 events have been generated 

 Pythia::next(): 220 events have been generated 

 Pythia::next(): 230 events have been generated 

 Pythia::next(): 240 events have been generated 

 Pythia::next(): 250 events have been generated 

 Pythia::next(): 260 events have been generated 

 Pythia::next(): 270 events have been generated 

 Pythia::next(): 280 events have been generated 

 Pythia::next(): 290 events have been generated 

 Pythia::next(): 300 events have been generated 

 Pythia::next(): 310 events have been generated 

 Pythia::next(): 320 events have been generated 

 Pythia::next(): 330 events have been generated 

 Pythia::next(): 340 events have been generated 

 Pythia::next(): 350 events have been generated 

 Pythia::next(): 360 events have been generated 

 Pythia::next(): 370 events have been generated 

 Pythia::next(): 380 events have been generated 

 Pythia::next(): 390 events have been generated 

 Pythia::next(): 400 events have been generated 

 Pythia::next(): 410 events have been generated 

 Pythia::next(): 420 events have been generated 

 Pythia::next(): 430 events have been generated 

 Pythia::next(): 440 events have been generated 

 Pythia::next(): 450 events have been generated 

 Pythia::next(): 460 events have been generated 

 Pythia::next(): 470 events have been generated 

 Pythia::next(): 480 events have been generated 

 Pythia::next(): 490 events have been generated 

 Pythia::next(): 500 events have been generated 

 Pythia::next(): 510 events have been generated 

 Pythia::next(): 520 events have been generated 

 Pythia::next(): 530 events have been generated 

 Pythia::next(): 540 events have been generated 

 Pythia::next(): 550 events have been generated 

 Pythia::next(): 560 events have been generated 

 Pythia::next(): 570 events have been generated 

 Pythia::next(): 580 events have been generated 

 Pythia::next(): 590 events have been generated 

 Pythia::next(): 600 events have been generated 

 Pythia::next(): 610 events have been generated 

 Pythia::next(): 620 events have been generated 

 Pythia::next(): 630 events have been generated 

 Pythia::next(): 640 events have been generated 

 Pythia::next(): 650 events have been generated 

 Pythia::next(): 660 events have been generated 

 Pythia::next(): 670 events have been generated 

 Pythia::next(): 680 events have been generated 

 Pythia::next(): 690 events have been generated 

 Pythia::next(): 700 events have been generated 

 Pythia::next(): 710 events have been generated 

 Pythia::next(): 720 events have been generated 

 Pythia::next(): 730 events have been generated 

 Pythia::next(): 740 events have been generated 

 Pythia::next(): 750 events have been generated 

 Pythia::next(): 760 events have been generated 

 Pythia::next(): 770 events have been generated 

 Pythia::next(): 780 events have been generated 

 Pythia::next(): 790 events have been generated 

 Pythia::next(): 800 events have been generated 

 Pythia::next(): 810 events have been generated 

 Pythia::next(): 820 events have been generated 

 Pythia::next(): 830 events have been generated 

 Pythia::next(): 840 events have been generated 

 Pythia::next(): 850 events have been generated 

 Pythia::next(): 860 events have been generated 

 Pythia::next(): 870 events have been generated 

 Pythia::next(): 880 events have been generated 

 Pythia::next(): 890 events have been generated 

 Pythia::next(): 900 events have been generated 

 Pythia::next(): 910 events have been generated 

 Pythia::next(): 920 events have been generated 

 Pythia::next(): 930 events have been generated 

 Pythia::next(): 940 events have been generated 

 Pythia::next(): 950 events have been generated 

 Pythia::next(): 960 events have been generated 

 Pythia::next(): 970 events have been generated 

 Pythia::next(): 980 events have been generated 

 Pythia::next(): 990 events have been generated 

 Pythia::next(): 1000 events have been generated 

 Pythia::next(): 1010 events have been generated 

 Pythia::next(): 1020 events have been generated 

 Pythia::next(): 1030 events have been generated 

 Pythia::next(): 1040 events have been generated 

 Pythia::next(): 1050 events have been generated 

 Pythia::next(): 1060 events have been generated 

 Pythia::next(): 1070 events have been generated 

 Pythia::next(): 1080 events have been generated 

 Pythia::next(): 1090 events have been generated 

 Pythia::next(): 1100 events have been generated 

 Pythia::next(): 1110 events have been generated 

 Pythia::next(): 1120 events have been generated 

 Pythia::next(): 1130 events have been generated 

 Pythia::next(): 1140 events have been generated 

 Pythia::next(): 1150 events have been generated 

 Pythia::next(): 1160 events have been generated 

 Pythia::next(): 1170 events have been generated 

 Pythia::next(): 1180 events have been generated 

 Pythia::next(): 1190 events have been generated 

 Pythia::next(): 1200 events have been generated 

 Pythia::next(): 1210 events have been generated 

 Pythia::next(): 1220 events have been generated 

 Pythia::next(): 1230 events have been generated 

 Pythia::next(): 1240 events have been generated 

 Pythia::next(): 1250 events have been generated 

 Pythia::next(): 1260 events have been generated 

 Pythia::next(): 1270 events have been generated 

 Pythia::next(): 1280 events have been generated 

 Pythia::next(): 1290 events have been generated 

 Pythia::next(): 1300 events have been generated 

 Pythia::next(): 1310 events have been generated 

 Pythia::next(): 1320 events have been generated 

 Pythia::next(): 1330 events have been generated 

 Pythia::next(): 1340 events have been generated 

 Pythia::next(): 1350 events have been generated 

 Pythia::next(): 1360 events have been generated 

 Pythia::next(): 1370 events have been generated 

 Pythia::next(): 1380 events have been generated 

 Pythia::next(): 1390 events have been generated 

 Pythia::next(): 1400 events have been generated 

 Pythia::next(): 1410 events have been generated 

 Pythia::next(): 1420 events have been generated 

 Pythia::next(): 1430 events have been generated 

 Pythia::next(): 1440 events have been generated 

 Pythia::next(): 1450 events have been generated 

 Pythia::next(): 1460 events have been generated 

 Pythia::next(): 1470 events have been generated 

 Pythia::next(): 1480 events have been generated 

 Pythia::next(): 1490 events have been generated 

 Pythia::next(): 1500 events have been generated 

 Pythia::next(): 1510 events have been generated 

 Pythia::next(): 1520 events have been generated 

 Pythia::next(): 1530 events have been generated 

 Pythia::next(): 1540 events have been generated 

 Pythia::next(): 1550 events have been generated 

 Pythia::next(): 1560 events have been generated 

 Pythia::next(): 1570 events have been generated 

 Pythia::next(): 1580 events have been generated 

 Pythia::next(): 1590 events have been generated 

 Pythia::next(): 1600 events have been generated 

 Pythia::next(): 1610 events have been generated 

 Pythia::next(): 1620 events have been generated 

 Pythia::next(): 1630 events have been generated 

 Pythia::next(): 1640 events have been generated 

 Pythia::next(): 1650 events have been generated 

 Pythia::next(): 1660 events have been generated 

 Pythia::next(): 1670 events have been generated 

 Pythia::next(): 1680 events have been generated 

 Pythia::next(): 1690 events have been generated 

 Pythia::next(): 1700 events have been generated 

 Pythia::next(): 1710 events have been generated 

 Pythia::next(): 1720 events have been generated 

 Pythia::next(): 1730 events have been generated 

 Pythia::next(): 1740 events have been generated 

 Pythia::next(): 1750 events have been generated 

 Pythia::next(): 1760 events have been generated 

 Pythia::next(): 1770 events have been generated 

 Pythia::next(): 1780 events have been generated 

 Pythia::next(): 1790 events have been generated 

 Pythia::next(): 1800 events have been generated 

 Pythia::next(): 1810 events have been generated 

 Pythia::next(): 1820 events have been generated 
 PYTHIA Warning in TauDecays::decay: unknown correlated tau production, assuming from unpolarized photon

 Pythia::next(): 1830 events have been generated 

 Pythia::next(): 1840 events have been generated 

 Pythia::next(): 1850 events have been generated 

 Pythia::next(): 1860 events have been generated 

 Pythia::next(): 1870 events have been generated 

 Pythia::next(): 1880 events have been generated 

 Pythia::next(): 1890 events have been generated 

 Pythia::next(): 1900 events have been generated 

 Pythia::next(): 1910 events have been generated 

 Pythia::next(): 1920 events have been generated 

 Pythia::next(): 1930 events have been generated 

 Pythia::next(): 1940 events have been generated 

 Pythia::next(): 1950 events have been generated 

 Pythia::next(): 1960 events have been generated 

 Pythia::next(): 1970 events have been generated 

 Pythia::next(): 1980 events have been generated 

 Pythia::next(): 1990 events have been generated 

 Pythia::next(): 2000 events have been generated 

 Pythia::next(): 2010 events have been generated 

 Pythia::next(): 2020 events have been generated 

 Pythia::next(): 2030 events have been generated 

 Pythia::next(): 2040 events have been generated 

 Pythia::next(): 2050 events have been generated 

 Pythia::next(): 2060 events have been generated 

 Pythia::next(): 2070 events have been generated 

 Pythia::next(): 2080 events have been generated 

 Pythia::next(): 2090 events have been generated 

 Pythia::next(): 2100 events have been generated 

 Pythia::next(): 2110 events have been generated 

 Pythia::next(): 2120 events have been generated 

 Pythia::next(): 2130 events have been generated 

 Pythia::next(): 2140 events have been generated 

 Pythia::next(): 2150 events have been generated 

 Pythia::next(): 2160 events have been generated 

 Pythia::next(): 2170 events have been generated 

 Pythia::next(): 2180 events have been generated 

 Pythia::next(): 2190 events have been generated 

 Pythia::next(): 2200 events have been generated 

 Pythia::next(): 2210 events have been generated 

 Pythia::next(): 2220 events have been generated 

 Pythia::next(): 2230 events have been generated 

 Pythia::next(): 2240 events have been generated 

 Pythia::next(): 2250 events have been generated 

 Pythia::next(): 2260 events have been generated 

 Pythia::next(): 2270 events have been generated 

 Pythia::next(): 2280 events have been generated 

 Pythia::next(): 2290 events have been generated 

 Pythia::next(): 2300 events have been generated 

 Pythia::next(): 2310 events have been generated 

 Pythia::next(): 2320 events have been generated 

 Pythia::next(): 2330 events have been generated 

 Pythia::next(): 2340 events have been generated 

 Pythia::next(): 2350 events have been generated 

 Pythia::next(): 2360 events have been generated 

 Pythia::next(): 2370 events have been generated 

 Pythia::next(): 2380 events have been generated 

 Pythia::next(): 2390 events have been generated 

 Pythia::next(): 2400 events have been generated 

 Pythia::next(): 2410 events have been generated 

 Pythia::next(): 2420 events have been generated 

 Pythia::next(): 2430 events have been generated 

 Pythia::next(): 2440 events have been generated 

 Pythia::next(): 2450 events have been generated 

 Pythia::next(): 2460 events have been generated 

 Pythia::next(): 2470 events have been generated 

 Pythia::next(): 2480 events have been generated 

 Pythia::next(): 2490 events have been generated 

 Pythia::next(): 2500 events have been generated 

 Pythia::next(): 2510 events have been generated 

 Pythia::next(): 2520 events have been generated 

 Pythia::next(): 2530 events have been generated 

 Pythia::next(): 2540 events have been generated 

 Pythia::next(): 2550 events have been generated 

 Pythia::next(): 2560 events have been generated 

 Pythia::next(): 2570 events have been generated 

 Pythia::next(): 2580 events have been generated 

 Pythia::next(): 2590 events have been generated 

 Pythia::next(): 2600 events have been generated 

 Pythia::next(): 2610 events have been generated 

 Pythia::next(): 2620 events have been generated 

 Pythia::next(): 2630 events have been generated 

 Pythia::next(): 2640 events have been generated 

 Pythia::next(): 2650 events have been generated 

 Pythia::next(): 2660 events have been generated 

 Pythia::next(): 2670 events have been generated 

 Pythia::next(): 2680 events have been generated 

 Pythia::next(): 2690 events have been generated 

 Pythia::next(): 2700 events have been generated 

 Pythia::next(): 2710 events have been generated 

 Pythia::next(): 2720 events have been generated 

 Pythia::next(): 2730 events have been generated 

 Pythia::next(): 2740 events have been generated 

 Pythia::next(): 2750 events have been generated 

 Pythia::next(): 2760 events have been generated 

 Pythia::next(): 2770 events have been generated 

 Pythia::next(): 2780 events have been generated 
 PYTHIA Error in SimpleSpaceShower::pT2nearThreshold: stuck in loop

 Pythia::next(): 2790 events have been generated 

 Pythia::next(): 2800 events have been generated 

 Pythia::next(): 2810 events have been generated 

 Pythia::next(): 2820 events have been generated 

 Pythia::next(): 2830 events have been generated 

 Pythia::next(): 2840 events have been generated 

 Pythia::next(): 2850 events have been generated 

 Pythia::next(): 2860 events have been generated 

 Pythia::next(): 2870 events have been generated 

 Pythia::next(): 2880 events have been generated 

 Pythia::next(): 2890 events have been generated 

 Pythia::next(): 2900 events have been generated 

 Pythia::next(): 2910 events have been generated 

 Pythia::next(): 2920 events have been generated 

 Pythia::next(): 2930 events have been generated 

 Pythia::next(): 2940 events have been generated 

 Pythia::next(): 2950 events have been generated 

 Pythia::next(): 2960 events have been generated 

 Pythia::next(): 2970 events have been generated 

 Pythia::next(): 2980 events have been generated 

 Pythia::next(): 2990 events have been generated 

 Pythia::next(): 3000 events have been generated 

 Pythia::next(): 3010 events have been generated 

 Pythia::next(): 3020 events have been generated 

 Pythia::next(): 3030 events have been generated 

 Pythia::next(): 3040 events have been generated 

 Pythia::next(): 3050 events have been generated 

 Pythia::next(): 3060 events have been generated 

 Pythia::next(): 3070 events have been generated 

 Pythia::next(): 3080 events have been generated 

 Pythia::next(): 3090 events have been generated 

 Pythia::next(): 3100 events have been generated 

 Pythia::next(): 3110 events have been generated 

 Pythia::next(): 3120 events have been generated 

 Pythia::next(): 3130 events have been generated 

 Pythia::next(): 3140 events have been generated 

 Pythia::next(): 3150 events have been generated 

 Pythia::next(): 3160 events have been generated 

 Pythia::next(): 3170 events have been generated 

 Pythia::next(): 3180 events have been generated 

 Pythia::next(): 3190 events have been generated 

 Pythia::next(): 3200 events have been generated 

 Pythia::next(): 3210 events have been generated 

 Pythia::next(): 3220 events have been generated 

 Pythia::next(): 3230 events have been generated 

 Pythia::next(): 3240 events have been generated 

 Pythia::next(): 3250 events have been generated 

 Pythia::next(): 3260 events have been generated 

 Pythia::next(): 3270 events have been generated 

 Pythia::next(): 3280 events have been generated 

 Pythia::next(): 3290 events have been generated 

 Pythia::next(): 3300 events have been generated 

 Pythia::next(): 3310 events have been generated 

 Pythia::next(): 3320 events have been generated 

 Pythia::next(): 3330 events have been generated 

 Pythia::next(): 3340 events have been generated 

 Pythia::next(): 3350 events have been generated 

 Pythia::next(): 3360 events have been generated 

 Pythia::next(): 3370 events have been generated 

 Pythia::next(): 3380 events have been generated 

 Pythia::next(): 3390 events have been generated 

 Pythia::next(): 3400 events have been generated 

 Pythia::next(): 3410 events have been generated 

 Pythia::next(): 3420 events have been generated 

 Pythia::next(): 3430 events have been generated 

 Pythia::next(): 3440 events have been generated 

 Pythia::next(): 3450 events have been generated 

 Pythia::next(): 3460 events have been generated 

 Pythia::next(): 3470 events have been generated 

 Pythia::next(): 3480 events have been generated 

 Pythia::next(): 3490 events have been generated 

 Pythia::next(): 3500 events have been generated 

 Pythia::next(): 3510 events have been generated 

 Pythia::next(): 3520 events have been generated 

 Pythia::next(): 3530 events have been generated 

 Pythia::next(): 3540 events have been generated 

 Pythia::next(): 3550 events have been generated 

 Pythia::next(): 3560 events have been generated 

 Pythia::next(): 3570 events have been generated 

 Pythia::next(): 3580 events have been generated 

 Pythia::next(): 3590 events have been generated 

 Pythia::next(): 3600 events have been generated 

 Pythia::next(): 3610 events have been generated 

 Pythia::next(): 3620 events have been generated 

 Pythia::next(): 3630 events have been generated 

 Pythia::next(): 3640 events have been generated 

 Pythia::next(): 3650 events have been generated 

 Pythia::next(): 3660 events have been generated 

 Pythia::next(): 3670 events have been generated 

 Pythia::next(): 3680 events have been generated 

 Pythia::next(): 3690 events have been generated 

 Pythia::next(): 3700 events have been generated 

 Pythia::next(): 3710 events have been generated 

 Pythia::next(): 3720 events have been generated 

 Pythia::next(): 3730 events have been generated 

 Pythia::next(): 3740 events have been generated 

 Pythia::next(): 3750 events have been generated 

 Pythia::next(): 3760 events have been generated 

 Pythia::next(): 3770 events have been generated 

 Pythia::next(): 3780 events have been generated 

 Pythia::next(): 3790 events have been generated 

 Pythia::next(): 3800 events have been generated 

 Pythia::next(): 3810 events have been generated 

 Pythia::next(): 3820 events have been generated 

 Pythia::next(): 3830 events have been generated 

 Pythia::next(): 3840 events have been generated 

 Pythia::next(): 3850 events have been generated 

 Pythia::next(): 3860 events have been generated 

 Pythia::next(): 3870 events have been generated 

 Pythia::next(): 3880 events have been generated 

 Pythia::next(): 3890 events have been generated 

 Pythia::next(): 3900 events have been generated 

 Pythia::next(): 3910 events have been generated 

 Pythia::next(): 3920 events have been generated 

 Pythia::next(): 3930 events have been generated 

 Pythia::next(): 3940 events have been generated 

 Pythia::next(): 3950 events have been generated 

 Pythia::next(): 3960 events have been generated 

 Pythia::next(): 3970 events have been generated 

 Pythia::next(): 3980 events have been generated 

 Pythia::next(): 3990 events have been generated 

 Pythia::next(): 4000 events have been generated 

 Pythia::next(): 4010 events have been generated 

 Pythia::next(): 4020 events have been generated 

 Pythia::next(): 4030 events have been generated 

 Pythia::next(): 4040 events have been generated 

 Pythia::next(): 4050 events have been generated 

 Pythia::next(): 4060 events have been generated 

 Pythia::next(): 4070 events have been generated 

 Pythia::next(): 4080 events have been generated 

 Pythia::next(): 4090 events have been generated 

 Pythia::next(): 4100 events have been generated 

 Pythia::next(): 4110 events have been generated 

 Pythia::next(): 4120 events have been generated 

 Pythia::next(): 4130 events have been generated 

 Pythia::next(): 4140 events have been generated 

 Pythia::next(): 4150 events have been generated 

 Pythia::next(): 4160 events have been generated 

 Pythia::next(): 4170 events have been generated 

 Pythia::next(): 4180 events have been generated 

 Pythia::next(): 4190 events have been generated 

 Pythia::next(): 4200 events have been generated 

 Pythia::next(): 4210 events have been generated 

 Pythia::next(): 4220 events have been generated 

 Pythia::next(): 4230 events have been generated 

 Pythia::next(): 4240 events have been generated 

 Pythia::next(): 4250 events have been generated 

 Pythia::next(): 4260 events have been generated 

 Pythia::next(): 4270 events have been generated 

 Pythia::next(): 4280 events have been generated 

 Pythia::next(): 4290 events have been generated 

 Pythia::next(): 4300 events have been generated 

 Pythia::next(): 4310 events have been generated 

 Pythia::next(): 4320 events have been generated 

 Pythia::next(): 4330 events have been generated 

 Pythia::next(): 4340 events have been generated 

 Pythia::next(): 4350 events have been generated 

 Pythia::next(): 4360 events have been generated 

 Pythia::next(): 4370 events have been generated 

 Pythia::next(): 4380 events have been generated 

 Pythia::next(): 4390 events have been generated 

 Pythia::next(): 4400 events have been generated 

 Pythia::next(): 4410 events have been generated 

 Pythia::next(): 4420 events have been generated 

 Pythia::next(): 4430 events have been generated 

 Pythia::next(): 4440 events have been generated 

 Pythia::next(): 4450 events have been generated 

 Pythia::next(): 4460 events have been generated 

 Pythia::next(): 4470 events have been generated 

 Pythia::next(): 4480 events have been generated 

 Pythia::next(): 4490 events have been generated 

 Pythia::next(): 4500 events have been generated 

 Pythia::next(): 4510 events have been generated 

 Pythia::next(): 4520 events have been generated 

 Pythia::next(): 4530 events have been generated 

 Pythia::next(): 4540 events have been generated 

 Pythia::next(): 4550 events have been generated 

 Pythia::next(): 4560 events have been generated 

 Pythia::next(): 4570 events have been generated 

 Pythia::next(): 4580 events have been generated 

 Pythia::next(): 4590 events have been generated 

 Pythia::next(): 4600 events have been generated 

 Pythia::next(): 4610 events have been generated 

 Pythia::next(): 4620 events have been generated 

 Pythia::next(): 4630 events have been generated 

 Pythia::next(): 4640 events have been generated 

 Pythia::next(): 4650 events have been generated 

 Pythia::next(): 4660 events have been generated 

 Pythia::next(): 4670 events have been generated 

 Pythia::next(): 4680 events have been generated 

 Pythia::next(): 4690 events have been generated 

 Pythia::next(): 4700 events have been generated 

 Pythia::next(): 4710 events have been generated 

 Pythia::next(): 4720 events have been generated 

 Pythia::next(): 4730 events have been generated 

 Pythia::next(): 4740 events have been generated 

 Pythia::next(): 4750 events have been generated 

 Pythia::next(): 4760 events have been generated 

 Pythia::next(): 4770 events have been generated 

 Pythia::next(): 4780 events have been generated 

 Pythia::next(): 4790 events have been generated 

 Pythia::next(): 4800 events have been generated 

 Pythia::next(): 4810 events have been generated 

 Pythia::next(): 4820 events have been generated 

 Pythia::next(): 4830 events have been generated 

 Pythia::next(): 4840 events have been generated 

 Pythia::next(): 4850 events have been generated 

 Pythia::next(): 4860 events have been generated 

 Pythia::next(): 4870 events have been generated 

 Pythia::next(): 4880 events have been generated 

 Pythia::next(): 4890 events have been generated 

 Pythia::next(): 4900 events have been generated 

 Pythia::next(): 4910 events have been generated 

 Pythia::next(): 4920 events have been generated 

 Pythia::next(): 4930 events have been generated 

 Pythia::next(): 4940 events have been generated 

 Pythia::next(): 4950 events have been generated 

 Pythia::next(): 4960 events have been generated 

 Pythia::next(): 4970 events have been generated 

 Pythia::next(): 4980 events have been generated 

 Pythia::next(): 4990 events have been generated 

 Pythia::next(): 5000 events have been generated 

 Pythia::next(): 5010 events have been generated 

 Pythia::next(): 5020 events have been generated 

 Pythia::next(): 5030 events have been generated 

 Pythia::next(): 5040 events have been generated 

 Pythia::next(): 5050 events have been generated 

 Pythia::next(): 5060 events have been generated 

 Pythia::next(): 5070 events have been generated 

 Pythia::next(): 5080 events have been generated 

 Pythia::next(): 5090 events have been generated 

 Pythia::next(): 5100 events have been generated 

 Pythia::next(): 5110 events have been generated 

 Pythia::next(): 5120 events have been generated 

 Pythia::next(): 5130 events have been generated 

 Pythia::next(): 5140 events have been generated 

 Pythia::next(): 5150 events have been generated 

 Pythia::next(): 5160 events have been generated 

 Pythia::next(): 5170 events have been generated 

 Pythia::next(): 5180 events have been generated 

 Pythia::next(): 5190 events have been generated 

 Pythia::next(): 5200 events have been generated 

 Pythia::next(): 5210 events have been generated 

 Pythia::next(): 5220 events have been generated 

 Pythia::next(): 5230 events have been generated 

 Pythia::next(): 5240 events have been generated 

 Pythia::next(): 5250 events have been generated 

 Pythia::next(): 5260 events have been generated 

 Pythia::next(): 5270 events have been generated 

 Pythia::next(): 5280 events have been generated 

 Pythia::next(): 5290 events have been generated 

 Pythia::next(): 5300 events have been generated 

 Pythia::next(): 5310 events have been generated 

 Pythia::next(): 5320 events have been generated 

 Pythia::next(): 5330 events have been generated 

 Pythia::next(): 5340 events have been generated 

 Pythia::next(): 5350 events have been generated 

 Pythia::next(): 5360 events have been generated 

 Pythia::next(): 5370 events have been generated 

 Pythia::next(): 5380 events have been generated 

 Pythia::next(): 5390 events have been generated 

 Pythia::next(): 5400 events have been generated 

 Pythia::next(): 5410 events have been generated 

 Pythia::next(): 5420 events have been generated 

 Pythia::next(): 5430 events have been generated 

 Pythia::next(): 5440 events have been generated 

 Pythia::next(): 5450 events have been generated 

 Pythia::next(): 5460 events have been generated 

 Pythia::next(): 5470 events have been generated 

 Pythia::next(): 5480 events have been generated 

 Pythia::next(): 5490 events have been generated 

 Pythia::next(): 5500 events have been generated 

 Pythia::next(): 5510 events have been generated 

 Pythia::next(): 5520 events have been generated 

 Pythia::next(): 5530 events have been generated 

 Pythia::next(): 5540 events have been generated 

 Pythia::next(): 5550 events have been generated 

 Pythia::next(): 5560 events have been generated 

 Pythia::next(): 5570 events have been generated 

 Pythia::next(): 5580 events have been generated 

 Pythia::next(): 5590 events have been generated 

 Pythia::next(): 5600 events have been generated 

 Pythia::next(): 5610 events have been generated 

 Pythia::next(): 5620 events have been generated 

 Pythia::next(): 5630 events have been generated 

 Pythia::next(): 5640 events have been generated 

 Pythia::next(): 5650 events have been generated 

 Pythia::next(): 5660 events have been generated 

 Pythia::next(): 5670 events have been generated 

 Pythia::next(): 5680 events have been generated 

 Pythia::next(): 5690 events have been generated 

 Pythia::next(): 5700 events have been generated 

 Pythia::next(): 5710 events have been generated 

 Pythia::next(): 5720 events have been generated 

 Pythia::next(): 5730 events have been generated 

 Pythia::next(): 5740 events have been generated 

 Pythia::next(): 5750 events have been generated 

 Pythia::next(): 5760 events have been generated 

 Pythia::next(): 5770 events have been generated 

 Pythia::next(): 5780 events have been generated 

 Pythia::next(): 5790 events have been generated 

 Pythia::next(): 5800 events have been generated 

 Pythia::next(): 5810 events have been generated 

 Pythia::next(): 5820 events have been generated 

 Pythia::next(): 5830 events have been generated 

 Pythia::next(): 5840 events have been generated 

 Pythia::next(): 5850 events have been generated 

 Pythia::next(): 5860 events have been generated 

 Pythia::next(): 5870 events have been generated 

 Pythia::next(): 5880 events have been generated 

 Pythia::next(): 5890 events have been generated 

 Pythia::next(): 5900 events have been generated 

 Pythia::next(): 5910 events have been generated 

 Pythia::next(): 5920 events have been generated 

 Pythia::next(): 5930 events have been generated 

 Pythia::next(): 5940 events have been generated 

 Pythia::next(): 5950 events have been generated 

 Pythia::next(): 5960 events have been generated 

 Pythia::next(): 5970 events have been generated 

 Pythia::next(): 5980 events have been generated 

 Pythia::next(): 5990 events have been generated 

 Pythia::next(): 6000 events have been generated 

 Pythia::next(): 6010 events have been generated 

 Pythia::next(): 6020 events have been generated 

 Pythia::next(): 6030 events have been generated 

 Pythia::next(): 6040 events have been generated 

 Pythia::next(): 6050 events have been generated 

 Pythia::next(): 6060 events have been generated 

 Pythia::next(): 6070 events have been generated 

 Pythia::next(): 6080 events have been generated 

 Pythia::next(): 6090 events have been generated 

 Pythia::next(): 6100 events have been generated 

 Pythia::next(): 6110 events have been generated 

 Pythia::next(): 6120 events have been generated 

 Pythia::next(): 6130 events have been generated 

 Pythia::next(): 6140 events have been generated 

 Pythia::next(): 6150 events have been generated 

 Pythia::next(): 6160 events have been generated 

 Pythia::next(): 6170 events have been generated 

 Pythia::next(): 6180 events have been generated 

 Pythia::next(): 6190 events have been generated 

 Pythia::next(): 6200 events have been generated 

 Pythia::next(): 6210 events have been generated 

 Pythia::next(): 6220 events have been generated 

 Pythia::next(): 6230 events have been generated 

 Pythia::next(): 6240 events have been generated 

 Pythia::next(): 6250 events have been generated 

 Pythia::next(): 6260 events have been generated 

 Pythia::next(): 6270 events have been generated 

 Pythia::next(): 6280 events have been generated 

 Pythia::next(): 6290 events have been generated 

 Pythia::next(): 6300 events have been generated 

 Pythia::next(): 6310 events have been generated 

 Pythia::next(): 6320 events have been generated 

 Pythia::next(): 6330 events have been generated 

 Pythia::next(): 6340 events have been generated 

 Pythia::next(): 6350 events have been generated 

 Pythia::next(): 6360 events have been generated 

 Pythia::next(): 6370 events have been generated 

 Pythia::next(): 6380 events have been generated 

 Pythia::next(): 6390 events have been generated 

 Pythia::next(): 6400 events have been generated 

 Pythia::next(): 6410 events have been generated 

 Pythia::next(): 6420 events have been generated 

 Pythia::next(): 6430 events have been generated 

 Pythia::next(): 6440 events have been generated 

 Pythia::next(): 6450 events have been generated 

 Pythia::next(): 6460 events have been generated 

 Pythia::next(): 6470 events have been generated 

 Pythia::next(): 6480 events have been generated 

 Pythia::next(): 6490 events have been generated 

 Pythia::next(): 6500 events have been generated 

 Pythia::next(): 6510 events have been generated 

 Pythia::next(): 6520 events have been generated 

 Pythia::next(): 6530 events have been generated 

 Pythia::next(): 6540 events have been generated 

 Pythia::next(): 6550 events have been generated 

 Pythia::next(): 6560 events have been generated 

 Pythia::next(): 6570 events have been generated 

 Pythia::next(): 6580 events have been generated 

 Pythia::next(): 6590 events have been generated 

 Pythia::next(): 6600 events have been generated 

 Pythia::next(): 6610 events have been generated 

 Pythia::next(): 6620 events have been generated 

 Pythia::next(): 6630 events have been generated 

 Pythia::next(): 6640 events have been generated 

 Pythia::next(): 6650 events have been generated 

 Pythia::next(): 6660 events have been generated 

 Pythia::next(): 6670 events have been generated 

 Pythia::next(): 6680 events have been generated 

 Pythia::next(): 6690 events have been generated 

 Pythia::next(): 6700 events have been generated 

 Pythia::next(): 6710 events have been generated 

 Pythia::next(): 6720 events have been generated 

 Pythia::next(): 6730 events have been generated 

 Pythia::next(): 6740 events have been generated 

 Pythia::next(): 6750 events have been generated 

 Pythia::next(): 6760 events have been generated 

 Pythia::next(): 6770 events have been generated 

 Pythia::next(): 6780 events have been generated 

 Pythia::next(): 6790 events have been generated 

 Pythia::next(): 6800 events have been generated 

 Pythia::next(): 6810 events have been generated 

 Pythia::next(): 6820 events have been generated 

 Pythia::next(): 6830 events have been generated 

 Pythia::next(): 6840 events have been generated 

 Pythia::next(): 6850 events have been generated 

 Pythia::next(): 6860 events have been generated 

 Pythia::next(): 6870 events have been generated 

 Pythia::next(): 6880 events have been generated 

 Pythia::next(): 6890 events have been generated 

 Pythia::next(): 6900 events have been generated 

 Pythia::next(): 6910 events have been generated 

 Pythia::next(): 6920 events have been generated 

 Pythia::next(): 6930 events have been generated 

 Pythia::next(): 6940 events have been generated 

 Pythia::next(): 6950 events have been generated 

 Pythia::next(): 6960 events have been generated 

 Pythia::next(): 6970 events have been generated 

 Pythia::next(): 6980 events have been generated 

 Pythia::next(): 6990 events have been generated 

 Pythia::next(): 7000 events have been generated 

 Pythia::next(): 7010 events have been generated 

 Pythia::next(): 7020 events have been generated 

 Pythia::next(): 7030 events have been generated 

 Pythia::next(): 7040 events have been generated 

 Pythia::next(): 7050 events have been generated 

 Pythia::next(): 7060 events have been generated 

 Pythia::next(): 7070 events have been generated 

 Pythia::next(): 7080 events have been generated 

 Pythia::next(): 7090 events have been generated 

 Pythia::next(): 7100 events have been generated 

 Pythia::next(): 7110 events have been generated 

 Pythia::next(): 7120 events have been generated 

 Pythia::next(): 7130 events have been generated 

 Pythia::next(): 7140 events have been generated 

 Pythia::next(): 7150 events have been generated 

 Pythia::next(): 7160 events have been generated 

 Pythia::next(): 7170 events have been generated 

 Pythia::next(): 7180 events have been generated 

 Pythia::next(): 7190 events have been generated 

 Pythia::next(): 7200 events have been generated 

 Pythia::next(): 7210 events have been generated 

 Pythia::next(): 7220 events have been generated 

 Pythia::next(): 7230 events have been generated 

 Pythia::next(): 7240 events have been generated 

 Pythia::next(): 7250 events have been generated 

 Pythia::next(): 7260 events have been generated 

 Pythia::next(): 7270 events have been generated 

 Pythia::next(): 7280 events have been generated 

 Pythia::next(): 7290 events have been generated 

 Pythia::next(): 7300 events have been generated 

 Pythia::next(): 7310 events have been generated 

 Pythia::next(): 7320 events have been generated 

 Pythia::next(): 7330 events have been generated 

 Pythia::next(): 7340 events have been generated 

 Pythia::next(): 7350 events have been generated 

 Pythia::next(): 7360 events have been generated 

 Pythia::next(): 7370 events have been generated 

 Pythia::next(): 7380 events have been generated 

 Pythia::next(): 7390 events have been generated 

 Pythia::next(): 7400 events have been generated 

 Pythia::next(): 7410 events have been generated 

 Pythia::next(): 7420 events have been generated 

 Pythia::next(): 7430 events have been generated 

 Pythia::next(): 7440 events have been generated 

 Pythia::next(): 7450 events have been generated 

 Pythia::next(): 7460 events have been generated 

 Pythia::next(): 7470 events have been generated 

 Pythia::next(): 7480 events have been generated 

 Pythia::next(): 7490 events have been generated 

 Pythia::next(): 7500 events have been generated 

 Pythia::next(): 7510 events have been generated 

 Pythia::next(): 7520 events have been generated 

 Pythia::next(): 7530 events have been generated 

 Pythia::next(): 7540 events have been generated 

 Pythia::next(): 7550 events have been generated 

 Pythia::next(): 7560 events have been generated 

 Pythia::next(): 7570 events have been generated 

 Pythia::next(): 7580 events have been generated 

 Pythia::next(): 7590 events have been generated 

 Pythia::next(): 7600 events have been generated 

 Pythia::next(): 7610 events have been generated 

 Pythia::next(): 7620 events have been generated 

 Pythia::next(): 7630 events have been generated 

 Pythia::next(): 7640 events have been generated 

 Pythia::next(): 7650 events have been generated 

 Pythia::next(): 7660 events have been generated 

 Pythia::next(): 7670 events have been generated 

 Pythia::next(): 7680 events have been generated 

 Pythia::next(): 7690 events have been generated 

 Pythia::next(): 7700 events have been generated 

 Pythia::next(): 7710 events have been generated 

 Pythia::next(): 7720 events have been generated 

 Pythia::next(): 7730 events have been generated 

 Pythia::next(): 7740 events have been generated 

 Pythia::next(): 7750 events have been generated 

 Pythia::next(): 7760 events have been generated 

 Pythia::next(): 7770 events have been generated 

 Pythia::next(): 7780 events have been generated 

 Pythia::next(): 7790 events have been generated 

 Pythia::next(): 7800 events have been generated 

 Pythia::next(): 7810 events have been generated 

 Pythia::next(): 7820 events have been generated 

 Pythia::next(): 7830 events have been generated 

 Pythia::next(): 7840 events have been generated 

 Pythia::next(): 7850 events have been generated 

 Pythia::next(): 7860 events have been generated 

 Pythia::next(): 7870 events have been generated 

 Pythia::next(): 7880 events have been generated 

 Pythia::next(): 7890 events have been generated 

 Pythia::next(): 7900 events have been generated 

 Pythia::next(): 7910 events have been generated 

 Pythia::next(): 7920 events have been generated 

 Pythia::next(): 7930 events have been generated 

 Pythia::next(): 7940 events have been generated 

 Pythia::next(): 7950 events have been generated 

 Pythia::next(): 7960 events have been generated 

 Pythia::next(): 7970 events have been generated 

 Pythia::next(): 7980 events have been generated 

 Pythia::next(): 7990 events have been generated 

 Pythia::next(): 8000 events have been generated 

 Pythia::next(): 8010 events have been generated 

 Pythia::next(): 8020 events have been generated 

 Pythia::next(): 8030 events have been generated 

 Pythia::next(): 8040 events have been generated 

 Pythia::next(): 8050 events have been generated 

 Pythia::next(): 8060 events have been generated 

 Pythia::next(): 8070 events have been generated 

 Pythia::next(): 8080 events have been generated 

 Pythia::next(): 8090 events have been generated 

 Pythia::next(): 8100 events have been generated 

 Pythia::next(): 8110 events have been generated 

 Pythia::next(): 8120 events have been generated 

 Pythia::next(): 8130 events have been generated 

 Pythia::next(): 8140 events have been generated 

 Pythia::next(): 8150 events have been generated 

 Pythia::next(): 8160 events have been generated 

 Pythia::next(): 8170 events have been generated 

 Pythia::next(): 8180 events have been generated 

 Pythia::next(): 8190 events have been generated 

 Pythia::next(): 8200 events have been generated 

 Pythia::next(): 8210 events have been generated 

 Pythia::next(): 8220 events have been generated 

 Pythia::next(): 8230 events have been generated 

 Pythia::next(): 8240 events have been generated 

 Pythia::next(): 8250 events have been generated 

 Pythia::next(): 8260 events have been generated 

 Pythia::next(): 8270 events have been generated 

 Pythia::next(): 8280 events have been generated 

 Pythia::next(): 8290 events have been generated 

 Pythia::next(): 8300 events have been generated 

 Pythia::next(): 8310 events have been generated 

 Pythia::next(): 8320 events have been generated 

 Pythia::next(): 8330 events have been generated 

 Pythia::next(): 8340 events have been generated 

 Pythia::next(): 8350 events have been generated 

 Pythia::next(): 8360 events have been generated 

 Pythia::next(): 8370 events have been generated 

 Pythia::next(): 8380 events have been generated 

 Pythia::next(): 8390 events have been generated 

 Pythia::next(): 8400 events have been generated 

 Pythia::next(): 8410 events have been generated 

 Pythia::next(): 8420 events have been generated 

 Pythia::next(): 8430 events have been generated 

 Pythia::next(): 8440 events have been generated 

 Pythia::next(): 8450 events have been generated 

 Pythia::next(): 8460 events have been generated 

 Pythia::next(): 8470 events have been generated 

 Pythia::next(): 8480 events have been generated 

 Pythia::next(): 8490 events have been generated 

 Pythia::next(): 8500 events have been generated 

 Pythia::next(): 8510 events have been generated 

 Pythia::next(): 8520 events have been generated 

 Pythia::next(): 8530 events have been generated 

 Pythia::next(): 8540 events have been generated 

 Pythia::next(): 8550 events have been generated 

 Pythia::next(): 8560 events have been generated 

 Pythia::next(): 8570 events have been generated 

 Pythia::next(): 8580 events have been generated 

 Pythia::next(): 8590 events have been generated 

 Pythia::next(): 8600 events have been generated 

 Pythia::next(): 8610 events have been generated 

 Pythia::next(): 8620 events have been generated 

 Pythia::next(): 8630 events have been generated 

 Pythia::next(): 8640 events have been generated 

 Pythia::next(): 8650 events have been generated 

 Pythia::next(): 8660 events have been generated 

 Pythia::next(): 8670 events have been generated 

 Pythia::next(): 8680 events have been generated 

 Pythia::next(): 8690 events have been generated 

 Pythia::next(): 8700 events have been generated 

 Pythia::next(): 8710 events have been generated 

 Pythia::next(): 8720 events have been generated 

 Pythia::next(): 8730 events have been generated 

 Pythia::next(): 8740 events have been generated 

 Pythia::next(): 8750 events have been generated 

 Pythia::next(): 8760 events have been generated 

 Pythia::next(): 8770 events have been generated 

 Pythia::next(): 8780 events have been generated 

 Pythia::next(): 8790 events have been generated 

 Pythia::next(): 8800 events have been generated 

 Pythia::next(): 8810 events have been generated 

 Pythia::next(): 8820 events have been generated 

 Pythia::next(): 8830 events have been generated 

 Pythia::next(): 8840 events have been generated 

 Pythia::next(): 8850 events have been generated 

 Pythia::next(): 8860 events have been generated 

 Pythia::next(): 8870 events have been generated 

 Pythia::next(): 8880 events have been generated 

 Pythia::next(): 8890 events have been generated 

 Pythia::next(): 8900 events have been generated 

 Pythia::next(): 8910 events have been generated 

 Pythia::next(): 8920 events have been generated 

 Pythia::next(): 8930 events have been generated 

 Pythia::next(): 8940 events have been generated 

 Pythia::next(): 8950 events have been generated 

 Pythia::next(): 8960 events have been generated 

 Pythia::next(): 8970 events have been generated 

 Pythia::next(): 8980 events have been generated 

 Pythia::next(): 8990 events have been generated 

 Pythia::next(): 9000 events have been generated 

 Pythia::next(): 9010 events have been generated 

 Pythia::next(): 9020 events have been generated 

 Pythia::next(): 9030 events have been generated 

 Pythia::next(): 9040 events have been generated 

 Pythia::next(): 9050 events have been generated 

 Pythia::next(): 9060 events have been generated 

 Pythia::next(): 9070 events have been generated 

 Pythia::next(): 9080 events have been generated 

 Pythia::next(): 9090 events have been generated 

 Pythia::next(): 9100 events have been generated 

 Pythia::next(): 9110 events have been generated 

 Pythia::next(): 9120 events have been generated 

 Pythia::next(): 9130 events have been generated 

 Pythia::next(): 9140 events have been generated 

 Pythia::next(): 9150 events have been generated 

 Pythia::next(): 9160 events have been generated 

 Pythia::next(): 9170 events have been generated 
 PYTHIA Warning in SimpleSpaceShower::pT2nextQCD: weight above unity

 Pythia::next(): 9180 events have been generated 

 Pythia::next(): 9190 events have been generated 

 Pythia::next(): 9200 events have been generated 

 Pythia::next(): 9210 events have been generated 

 Pythia::next(): 9220 events have been generated 

 Pythia::next(): 9230 events have been generated 

 Pythia::next(): 9240 events have been generated 

 Pythia::next(): 9250 events have been generated 

 Pythia::next(): 9260 events have been generated 

 Pythia::next(): 9270 events have been generated 

 Pythia::next(): 9280 events have been generated 

 Pythia::next(): 9290 events have been generated 

 Pythia::next(): 9300 events have been generated 

 Pythia::next(): 9310 events have been generated 

 Pythia::next(): 9320 events have been generated 

 Pythia::next(): 9330 events have been generated 

 Pythia::next(): 9340 events have been generated 

 Pythia::next(): 9350 events have been generated 

 Pythia::next(): 9360 events have been generated 

 Pythia::next(): 9370 events have been generated 

 Pythia::next(): 9380 events have been generated 

 Pythia::next(): 9390 events have been generated 

 Pythia::next(): 9400 events have been generated 

 Pythia::next(): 9410 events have been generated 

 Pythia::next(): 9420 events have been generated 

 Pythia::next(): 9430 events have been generated 

 Pythia::next(): 9440 events have been generated 

 Pythia::next(): 9450 events have been generated 

 Pythia::next(): 9460 events have been generated 

 Pythia::next(): 9470 events have been generated 

 Pythia::next(): 9480 events have been generated 

 Pythia::next(): 9490 events have been generated 

 Pythia::next(): 9500 events have been generated 

 Pythia::next(): 9510 events have been generated 

 Pythia::next(): 9520 events have been generated 

 Pythia::next(): 9530 events have been generated 

 Pythia::next(): 9540 events have been generated 

 Pythia::next(): 9550 events have been generated 

 Pythia::next(): 9560 events have been generated 

 Pythia::next(): 9570 events have been generated 

 Pythia::next(): 9580 events have been generated 

 Pythia::next(): 9590 events have been generated 

 Pythia::next(): 9600 events have been generated 

 Pythia::next(): 9610 events have been generated 

 Pythia::next(): 9620 events have been generated 

 Pythia::next(): 9630 events have been generated 

 Pythia::next(): 9640 events have been generated 

 Pythia::next(): 9650 events have been generated 

 Pythia::next(): 9660 events have been generated 

 Pythia::next(): 9670 events have been generated 

 Pythia::next(): 9680 events have been generated 

 Pythia::next(): 9690 events have been generated 

 Pythia::next(): 9700 events have been generated 

 Pythia::next(): 9710 events have been generated 

 Pythia::next(): 9720 events have been generated 

 Pythia::next(): 9730 events have been generated 

 Pythia::next(): 9740 events have been generated 

 Pythia::next(): 9750 events have been generated 

 Pythia::next(): 9760 events have been generated 

 Pythia::next(): 9770 events have been generated 

 Pythia::next(): 9780 events have been generated 

 Pythia::next(): 9790 events have been generated 

 Pythia::next(): 9800 events have been generated 

 Pythia::next(): 9810 events have been generated 

 Pythia::next(): 9820 events have been generated 

 Pythia::next(): 9830 events have been generated 

 Pythia::next(): 9840 events have been generated 

 Pythia::next(): 9850 events have been generated 

 Pythia::next(): 9860 events have been generated 

 Pythia::next(): 9870 events have been generated 

 Pythia::next(): 9880 events have been generated 

 Pythia::next(): 9890 events have been generated 

 Pythia::next(): 9900 events have been generated 

 Pythia::next(): 9910 events have been generated 

 Pythia::next(): 9920 events have been generated 

 Pythia::next(): 9930 events have been generated 

 Pythia::next(): 9940 events have been generated 

 Pythia::next(): 9950 events have been generated 

 Pythia::next(): 9960 events have been generated 

 Pythia::next(): 9970 events have been generated 

 Pythia::next(): 9980 events have been generated 

 Pythia::next(): 9990 events have been generated 

 *-------  PYTHIA Event and Cross Section Statistics  -------------------------------------------------------------*
 |                                                                                                                 |
 | Subprocess                                    Code |            Number of events       |      sigma +- delta    |
 |                                                    |       Tried   Selected   Accepted |     (estimated) (mb)   |
 |                                                    |                                   |                        |
 |-----------------------------------------------------------------------------------------------------------------|
 |                                                    |                                   |                        |
 | Les Houches User Process(es)                  9999 |       10000      10000      10000 |   2.050e-07  0.000e+00 |
 |    ... whereof user classification code          1 |       10000      10000      10000 |                        | 
 |                                                    |                                   |                        |
 | sum                                                |       10000      10000      10000 |   2.050e-07  0.000e+00 |
 |                                                                                                                 |
 *-------  End PYTHIA Event and Cross Section Statistics ----------------------------------------------------------*

 *-------  PYTHIA Error and Warning Messages Statistics  ----------------------------------------------------------* 
 |                                                                                                                 | 
 |  times   message                                                                                                | 
 |                                                                                                                 | 
 |     22   Error in SimpleSpaceShower::pT2nearThreshold: stuck in loop                                            | 
 |      1   Warning in SLHAinterface::initSLHA: ignoring DECAY tables                                              | 
 |      1   Warning in SLHAinterface::initSLHA: ignoring MASS entries                                              | 
 |      1   Warning in SLHAinterface::initSLHA: ignoring empty DECAY tables                                        | 
 |      1   Warning in SimpleSpaceShower::pT2nextQCD: weight above unity                                           | 
 |      1   Warning in TauDecays::decay: unknown correlated tau production, assuming from unpolarized photon       | 
 |      1   Info from SLHAinterface::initSLHA: No MODSEL found, keeping internal SUSY switched off                 | 
 |                                                                                                                 | 
 *-------  End PYTHIA Error and Warning Messages Statistics  ------------------------------------------------------* 
Wrote 10000 events to /uscms_data/d3/iturkmen/hh4b_delphes/hepmc/qcd_bbbb_iht100to200_10000_pythia8.hepmc
** INFO: initializing module  Delphes                  
** INFO: initializing module  ParticlePropagator       
** INFO: initializing module  ChargedHadronTrackingEfficiency
** INFO: initializing module  ElectronTrackingEfficiency
** INFO: initializing module  MuonTrackingEfficiency   
** INFO: initializing module  ChargedHadronMomentumSmearing
** INFO: initializing module  ElectronMomentumSmearing 
** INFO: initializing module  MuonMomentumSmearing     
** INFO: initializing module  TrackMerger              
** INFO: initializing module  ECal                     
** INFO: initializing module  HCal                     
** INFO: initializing module  Calorimeter              
** INFO: initializing module  EFlowMerger              
** INFO: initializing module  EFlowFilter              
** INFO: initializing module  PhotonEfficiency         
** INFO: initializing module  PhotonIsolation          
** INFO: initializing module  ElectronFilter           
** INFO: initializing module  ElectronEfficiency       
** INFO: initializing module  ElectronIsolation        
** INFO: initializing module  ChargedHadronFilter      
** INFO: initializing module  MuonEfficiency           
** INFO: initializing module  MuonIsolation            
** INFO: initializing module  MissingET                
** INFO: initializing module  NeutrinoFilter           
** INFO: initializing module  GenJetFinder             
#--------------------------------------------------------------------------
#                         FastJet release 3.5.1
#                 M. Cacciari, G.P. Salam and G. Soyez                  
#     A software package for jet finding and analysis at colliders      
#                           https://fastjet.fr                           
#	                                                                      
# Please cite EPJC72(2012)1896 [arXiv:1111.6097] if you use this package
# for scientific work and optionally PLB641(2006)57 [hep-ph/0512210].   
#                                                                       
# FastJet is provided without warranty under the GNU GPL v2 or higher.  
# It uses T. Chan's closest pair algorithm, S. Fortune's Voronoi code
# and 3rd party plugin jet algorithms. See COPYING file for details.
#--------------------------------------------------------------------------
** INFO: initializing module  GenMissingET             
** INFO: initializing module  FastJetFinder            
** INFO: initializing module  FatJetFinder             
** INFO: initializing module  JetEnergyScale           
** INFO: initializing module  JetFlavorAssociation     
** INFO: initializing module  BTagging                 
** INFO: initializing module  TauTagging               
** INFO: initializing module  UniqueObjectFinder       
** INFO: initializing module  ScalarHT                 
** INFO: initializing module  TreeWriter               
** Reading /uscms_data/d3/iturkmen/hh4b_delphes/hepmc/qcd_bbbb_iht100to200_10000_pythia8.hepmc
** [----------------------------------------------------------------] (0.01%)** [#---------------------------------------------------------------] (1.80%)** [##--------------------------------------------------------------] (3.87%)** [###-------------------------------------------------------------] (5.66%)** [####------------------------------------------------------------] (7.28%)** [#####-----------------------------------------------------------] (7.90%)** [######----------------------------------------------------------] (9.93%)** [#######---------------------------------------------------------] (11.30%)** [########--------------------------------------------------------] (12.74%)** [#########-------------------------------------------------------] (14.09%)** [##########------------------------------------------------------] (16.65%)** [###########-----------------------------------------------------] (17.67%)** [############----------------------------------------------------] (18.91%)** [#############---------------------------------------------------] (20.57%)** [##############--------------------------------------------------] (21.88%)** [###############-------------------------------------------------] (23.51%)** [################------------------------------------------------] (25.60%)** [#################-----------------------------------------------] (26.89%)** [##################----------------------------------------------] (28.22%)** [###################---------------------------------------------] (29.75%)** [####################--------------------------------------------] (31.30%)** [#####################-------------------------------------------] (33.46%)** [######################------------------------------------------] (34.70%)** [#######################-----------------------------------------] (36.34%)** [########################----------------------------------------] (37.62%)** [#########################---------------------------------------] (39.09%)** [##########################--------------------------------------] (41.21%)** [###########################-------------------------------------] (42.52%)** [############################------------------------------------] (43.86%)** [#############################-----------------------------------] (46.26%)** [##############################----------------------------------] (47.82%)** [###############################---------------------------------] (48.87%)** [################################--------------------------------] (50.15%)** [#################################-------------------------------] (51.73%)** [##################################------------------------------] (53.93%)** [###################################-----------------------------] (55.31%)** [####################################----------------------------] (56.77%)** [#####################################---------------------------] (58.18%)** [######################################--------------------------] (60.16%)** [#######################################-------------------------] (61.54%)** [########################################------------------------] (63.01%)** [#########################################-----------------------] (64.37%)** [##########################################----------------------] (65.82%)** [###########################################---------------------] (67.81%)** [############################################--------------------] (68.93%)** [#############################################-------------------] (70.53%)** [##############################################------------------] (71.88%)** [###############################################-----------------] (74.40%)** [################################################----------------] (75.44%)** [#################################################---------------] (76.77%)** [##################################################--------------] (78.28%)** [###################################################-------------] (80.63%)** [####################################################------------] (82.24%)** [#####################################################-----------] (83.28%)** [######################################################----------] (84.58%)** [#######################################################---------] (86.08%)** [########################################################--------] (87.61%)** [#########################################################-------] (89.86%)** [##########################################################------] (90.87%)** [###########################################################-----] (92.21%)** [############################################################----] (94.58%)** [#############################################################---] (96.04%)** [##############################################################--] (97.56%)** [###############################################################-] (98.60%)** [################################################################] (100.00%)
** Exiting...
FILE: /uscms_data/d3/iturkmen/hh4b_delphes/root/qcd_bbbb_iht100to200_10000_pythia8_delphes.root

KEYS:
  ProcessID0;1
  Delphes;1

TREE: Delphes
ENTRIES: 10000

OBJECT CHECK:
  Event: OK
  Particle: OK
  Jet: OK
  GenJet: OK
  MissingET: OK
  GenMissingET: OK
  Electron: OK
  Muon: OK

SIZE BRANCHES:
  Event_size
  Weight_size
  Particle_size
  Track_size
  Tower_size
  EFlowTrack_size
  EFlowPhoton_size
  EFlowNeutralHadron_size
  GenJet_size
  GenMissingET_size
  Jet_size
  Electron_size
  Photon_size
  Muon_size
  FatJet_size
  MissingET_size
  ScalarHT_size
Input: /uscms_data/d3/iturkmen/hh4b_delphes/root/qcd_bbbb_iht100to200_10000_pythia8_delphes.root
Events: 10000

      event  n_higgs_particles  ...  n_genjets_flavor5  n_genjets_btag
0         0                  0  ...                  0               0
1         1                  0  ...                  0               0
2         2                  0  ...                  0               0
3         3                  0  ...                  0               0
4         4                  0  ...                  0               0
...     ...                ...  ...                ...             ...
9995   9995                  0  ...                  0               0
9996   9996                  0  ...                  0               0
9997   9997                  0  ...                  0               0
9998   9998                  0  ...                  0               0
9999   9999                  0  ...                  0               0

[10000 rows x 15 columns]

Column sums:
  n_higgs_particles: 0
  n_b_particles: 417861
  n_status1_b_particles: 0
  n_jets: 38020
  n_jets_pt30_eta25: 25996
  n_jets_flavor5: 31331
  n_jets_flavoralgo5: 0
  n_jets_flavorphys5: 0
  n_btagged_jets: 18806
  n_btagged_jets_pt30_eta25: 14747
  n_genjets: 41185
  n_genjets_pt30_eta25: 25163
  n_genjets_flavor5: 0
  n_genjets_btag: 0

Events with >=4 reconstructed jets: 1809
Events with >=4 reconstructed b-tagged jets: 148
Events with >=4 jet FlavorPhys b jets: 0
Events with >=4 generator-level b particles: 10000

Wrote: /uscms_data/d3/iturkmen/hh4b_delphes/metadata/qcd_bbbb_iht100to200_10000_diagnostic.csv
Wrote: /uscms_data/d3/iturkmen/hh4b_delphes/parquet/qcd_bbbb_iht100to200_10000_event_summary.parquet
                          sample  event  ...  ht_pt30_eta25        met
0     qcd_bbbb_iht100to200_10000      0  ...     233.964783  11.110182
1     qcd_bbbb_iht100to200_10000      1  ...     138.784073  24.630058
2     qcd_bbbb_iht100to200_10000      2  ...     171.720184  19.320059
3     qcd_bbbb_iht100to200_10000      3  ...       0.000000  11.843634
4     qcd_bbbb_iht100to200_10000      4  ...     114.552536   2.868479
...                          ...    ...  ...            ...        ...
9995  qcd_bbbb_iht100to200_10000   9995  ...     108.346703   9.632391
9996  qcd_bbbb_iht100to200_10000   9996  ...     109.282623  21.354872
9997  qcd_bbbb_iht100to200_10000   9997  ...     175.706421  25.830236
9998  qcd_bbbb_iht100to200_10000   9998  ...      95.782623  15.427851
9999  qcd_bbbb_iht100to200_10000   9999  ...     140.375061  19.432766

[10000 rows x 13 columns]

Selection counts:
  events: 10000
  events with >=4 selected jets: 1809
  events with >=4 selected b-tagged jets: 148
DONE: qcd_bbbb_iht100to200_10000
ROOT: /uscms_data/d3/iturkmen/hh4b_delphes/root/qcd_bbbb_iht100to200_10000_pythia8_delphes.root
HEPMC: /uscms_data/d3/iturkmen/hh4b_delphes/hepmc/qcd_bbbb_iht100to200_10000_pythia8.hepmc
PARQUET: /uscms_data/d3/iturkmen/hh4b_delphes/parquet/qcd_bbbb_iht100to200_10000_event_summary.parquet
DIAGNOSTIC: /uscms_data/d3/iturkmen/hh4b_delphes/metadata/qcd_bbbb_iht100to200_10000_diagnostic.csv
Input events: 10000
Events with >=4 selected b-tagged jets: 148
Wrote: /uscms_data/d3/iturkmen/hh4b_delphes/parquet/qcd_bbbb_iht100to200_10000_hh4b_candidates.parquet

             mbb1        mbb2  ...         mhh  n_selected_bjets
count  148.000000  148.000000  ...  148.000000        148.000000
mean   119.763816  104.073294  ...  301.222365          4.006757
std     31.060994   32.698848  ...   94.780882          0.082199
min     27.028171   41.355071  ...  166.449661          4.000000
25%    100.182299   81.062976  ...  224.235119          4.000000
50%    120.598713  100.894060  ...  279.376951          4.000000
75%    137.473690  119.952730  ...  370.725061          4.000000
max    219.582431  235.999955  ...  566.051392          5.000000

[8 rows x 6 columns]
sample: qcd_bbbb_iht100to200_10000
events: 10000
candidate rows: 148
cross-section median pb: 204.9818878173828
events with >=4 selected jets: 1809
events with >=4 selected b-tagged jets: 148
median mbb1: 120.5987131250045
median mbb2: 100.89406018600766
median avg_mbb: 109.20503339389072
median delta_mbb: 26.35740657243499
median mhh: 279.3769513660891
median n_selected_bjets: 4.0
Wrote: /uscms_data/d3/iturkmen/hh4b_delphes/metadata/qcd_bbbb_iht100to200_10000_summary.txt
DONE qcd_bbbb_iht100to200_10000
Finished and cleaned bulky files for qcd_bbbb_iht100to200_10000

============================================================
QCD bbbb inclusive-HT slice
LABEL=iht200to400
IHTMIN=200
IHTMAX=400
TAG=qcd_bbbb_iht200to400_10000
RUN_NAME=run_qcd_bbbb_iht200to400_10000
SEED=152000
============================================================
 25.0 = ptb ! minimum pt for b quarks
 -1.0 = ptbmax ! maximum pt for b quarks
  0.0	= xptb ! minimum pt for at least one b 
 200 = ihtmin ! inclusive HT minimum for all partons including b
 400 = ihtmax ! inclusive HT maximum for all partons including b
 0.0 = ht2min ! minimum HT for two leading jets
 0.0 = ht3min ! minimum HT for three leading jets
 0.0 = ht4min ! minimum HT for four leading jets
 -1.0 = ht2max ! maximum HT for two leading jets
 -1.0 = ht3max ! maximum HT for three leading jets
 -1.0 = ht4max ! maximum HT for four leading jets
PROCESS_DIR=/uscms_data/d3/iturkmen/hh4b_delphes/mg5/QCD_bbbb_presel_smoke
RUN_NAME=run_qcd_bbbb_iht200to400_10000
N_EVENTS=10000
SEED=152000
OUTPUT_TAG=qcd_bbbb_iht200to400_10000
APPLY_B_CUTS=no
Updated run card:
 10000 = nevents ! Number of unweighted events
 152000 = iseed ! Random seed
 25.0 = ptb ! minimum pt for b quarks
 -1.0 = ptbmax ! maximum pt for b quarks
 2.7 = etab ! maximum eta for b quarks
  0.0	= etabmin ! min rap for the b
 0.4 = drbb ! minimum deltaR between b quarks
  -1.0	= drbbmax ! max distance between b's
  0.0	= xptb ! minimum pt for at least one b 
 0.4 = drbj ! minimum deltaR between b and light jets
 20.0 = ptj ! minimum pt for jets
 5.0 = etaj ! maximum eta for jets
************************************************************
*                                                          *
*                      W E L C O M E to                    *
*             M A D G R A P H 5 _ a M C @ N L O            *
*                      M A D E V E N T                     *
*                                                          *
*                 *                       *                *
*                   *        * *        *                  *
*                     * * * * 5 * * * *                    *
*                   *        * *        *                  *
*                 *                       *                *
*                                                          *
*         VERSION 3.5.3                                    *
*                                                          *
*    The MadGraph5_aMC@NLO Development Team - Find us at   *
*    https://server06.fynu.ucl.ac.be/projects/madgraph     *
*                                                          *
*               Type 'help' for in-line help.              *
*                                                          *
************************************************************
INFO: load configuration from /uscms_data/d3/iturkmen/hh4b_delphes/mg5/QCD_bbbb_presel_smoke/Cards/me5_configuration.txt  
INFO: load configuration from /cvmfs/sft.cern.ch/lcg/releases/MCGenerators/madgraph5amc/3.5.3.atlas7-2c347/x86_64-el9-gcc13-opt/input/mg5_configuration.txt  
INFO: load configuration from /uscms_data/d3/iturkmen/hh4b_delphes/mg5/QCD_bbbb_presel_smoke/Cards/me5_configuration.txt  
Using default text editor "vi". Set another one in ./input/mg5_configuration.txt
Using default eps viewer "evince". Set another one in ./input/mg5_configuration.txt
Using default web browser "firefox". Set another one in ./input/mg5_configuration.txt
generate_events run_qcd_bbbb_iht200to400_10000 -f
Generating 10000 events with run name run_qcd_bbbb_iht200to400_10000
survey  run_qcd_bbbb_iht200to400_10000 
INFO: compile directory 
compile Source Directory
Using random number seed offset = 152000
INFO: Running Survey 
Creating Jobs
Working on SubProcesses
INFO: Compiling for process 1/2. 
INFO:     P1_gg_bbxbbx  
  0%|          | 0/1236 [00:00<?, ?it/s] 49%|████▊     | 600/1236 [00:00<00:00, 5891.28it/s] 96%|█████████▋| 1190/1236 [00:00<00:00, 3575.06it/s]100%|██████████| 1236/1236 [00:00<00:00, 3941.89it/s]
INFO: Compiling for process 2/2. 
INFO:     P1_qq_bbxbbx  
  0%|          | 0/856 [00:00<?, ?it/s]100%|██████████| 856/856 [00:00<00:00, 24251.74it/s]
INFO:     P1_gg_bbxbbx  
INFO:     P1_qq_bbxbbx  
INFO:  Idle: 1,  Running: 6,  Completed: 0 [ current time: 13h39 ] 
INFO:  Idle: 0,  Running: 6,  Completed: 1 [  0.79s  ] 
INFO:  Idle: 0,  Running: 0,  Completed: 7 [  3.5s  ] 
INFO: End survey 
refine 10000
Creating Jobs
INFO: Refine results to 10000 
INFO: Generating 10000.0 unweighted events. 
sum of cpu time of last step: 18 seconds
INFO: Effective Luminosity 98.75596128015773 pb^-1 
INFO: need to improve 8 channels 
- Current estimate of cross-section: 121.51165199999998 +- 2.511561734493098
    P1_gg_bbxbbx 
    P1_qq_bbxbbx 
INFO:  Idle: 7,  Running: 8,  Completed: 0 [ current time: 13h39 ] 
INFO:  Idle: 6,  Running: 8,  Completed: 1 [  3.9s  ] 
INFO:  Idle: 5,  Running: 8,  Completed: 2 [  19.6s  ] 
INFO:  Idle: 3,  Running: 8,  Completed: 4 [  22.9s  ] 
INFO:  Idle: 2,  Running: 8,  Completed: 5 [  26.3s  ] 
INFO:  Idle: 0,  Running: 7,  Completed: 8 [  29.4s  ] 
INFO:  Idle: 0,  Running: 5,  Completed: 10 [  54s  ] 
INFO:  Idle: 0,  Running: 1,  Completed: 14 [  1m 2s  ] 
INFO:  Idle: 0,  Running: 0,  Completed: 15 [  1m 12s  ] 
INFO:  Idle: 0,  Running: 0,  Completed: 15 [  1m 12s  ] 
INFO: Combining runs 
sum of cpu time of last step: 3m40s
INFO: finish refine 
refine 10000 --treshold=0.9
No need for second refine due to stability of cross-section
INFO: Combining Events 
combination of events done in 19.991661310195923 s 
  === Results Summary for run: run_qcd_bbbb_iht200to400_10000 tag: tag_1 ===

     Cross-section :   126.3 +- 0.4076 pb
     Nb of events :  10000
 
INFO: Running Systematics computation 
INFO:  Idle: 1,  Running: 3,  Completed: 0 [ current time: 13h41 ] 
INFO:  Idle: 0,  Running: 3,  Completed: 1 [  8.3s  ] 
INFO: # Events generated with PDF: NNPDF23_lo_as_0130_qed (247000) 
INFO: # Will Compute 145 weights per event. 
INFO: #***************************************************************************
#
# original cross-section: 126.28576805777625
#     scale variation: +66.3% -37.2%
#     central scheme variation: + 0% -61.7%
# PDF variation: +4.41% -4.41%
#
# dynamical scheme # 1 : 59.7122 +53.4% -32.3% # \sum ET
# dynamical scheme # 2 : 59.6464 +53.4% -32.3% # \sum\sqrt{m^2+pt^2}
# dynamical scheme # 3 : 91.5012 +60.5% -34.8% # 0.5 \sum\sqrt{m^2+pt^2}
# dynamical scheme # 4 : 48.3815 +49.9% -31.3% # \sqrt{\hat s}
#***************************************************************************
 
INFO: End of systematics computation 
store_events
INFO: Storing parton level results 
INFO: End Parton 
reweight -from_cards
decay_events -from_cards
INFO: storing files of previous run 
INFO: Done 
quit
INFO:  
LHE=/uscms_data/d3/iturkmen/hh4b_delphes/mg5/QCD_bbbb_presel_smoke/Events/run_qcd_bbbb_iht200to400_10000/unweighted_events.lhe.gz
N_FOUND=10000
Sample: qcd_bbbb_iht200to400_10000
Input LHE.GZ: /uscms_data/d3/iturkmen/hh4b_delphes/mg5/QCD_bbbb_presel_smoke/Events/run_qcd_bbbb_iht200to400_10000/unweighted_events.lhe.gz
Events requested: 10000
Output tag: qcd_bbbb_iht200to400_10000
LHE: /uscms_data/d3/iturkmen/hh4b_delphes/mg5/QCD_bbbb_presel_smoke/Events/run_qcd_bbbb_iht200to400_10000/unweighted_events.lhe
HEPMC: /uscms_data/d3/iturkmen/hh4b_delphes/hepmc/qcd_bbbb_iht200to400_10000_pythia8.hepmc
ROOT: /uscms_data/d3/iturkmen/hh4b_delphes/root/qcd_bbbb_iht200to400_10000_pythia8_delphes.root
LHE event count: 10000

 *------------------------------------------------------------------------------------* 
 |                                                                                    | 
 |  *------------------------------------------------------------------------------*  | 
 |  |                                                                              |  | 
 |  |                                                                              |  | 
 |  |   PPP   Y   Y  TTTTT  H   H  III    A      Welcome to the Lund Monte Carlo!  |  | 
 |  |   P  P   Y Y     T    H   H   I    A A     This is PYTHIA version 8.312      |  | 
 |  |   PPP     Y      T    HHHHH   I   AAAAA    Last date of change: 23 May 2024  |  | 
 |  |   P       Y      T    H   H   I   A   A                                      |  | 
 |  |   P       Y      T    H   H  III  A   A    Now is 08 Jul 2026 at 13:42:13    |  | 
 |  |                                                                              |  | 
 |  |   Program documentation and an archive of historic versions is found on:     |  | 
 |  |                                                                              |  | 
 |  |                               https://pythia.org/                            |  | 
 |  |                                                                              |  | 
 |  |   PYTHIA is authored by a collaboration consisting of:                       |  | 
 |  |                                                                              |  | 
 |  |   Javira Altmann, Christian Bierlich, Naomi Cooke, Nishita Desai,            |  | 
 |  |   Leif Gellersen, Ilkka Helenius, Philip Ilten, Leif Lonnblad,               |  | 
 |  |   Stephen Mrenna, Christian Preuss, Torbjorn Sjostrand, Peter Skands,        |  | 
 |  |   Marius Utheim, and Rob Verheyen.                                           |  | 
 |  |                                                                              |  | 
 |  |   The complete list of authors, including contact information and            |  | 
 |  |   affiliations, can be found on https://pythia.org/.                         |  | 
 |  |   Problems or bugs should be reported on email at authors@pythia.org.        |  | 
 |  |                                                                              |  | 
 |  |   The main program reference is C. Bierlich et al,                           |  | 
 |  |   'A comprehensive guide to the physics and usage of Pythia 8.3',            |  | 
 |  |   SciPost Phys. Codebases 8-r8.3 (2022) [arXiv:2203.11601 [hep-ph]]          |  | 
 |  |                                                                              |  | 
 |  |   PYTHIA is released under the GNU General Public Licence version 2 or later.|  | 
 |  |   Please respect the MCnet Guidelines for Event Generator Authors and Users. |  | 
 |  |                                                                              |  | 
 |  |   Disclaimer: this program comes without any guarantees.                     |  | 
 |  |   Beware of errors and use common sense when interpreting results.           |  | 
 |  |                                                                              |  | 
 |  |   Copyright (C) 2024 Torbjorn Sjostrand                                      |  | 
 |  |                                                                              |  | 
 |  |                                                                              |  | 
 |  *------------------------------------------------------------------------------*  | 
 |                                                                                    | 
 *------------------------------------------------------------------------------------* 

 *-----------------------  SusyLesHouches SUSY/BSM Interface  ------------------------*
 | Last Change 12 Apr 2017 - P. Skands
 | Parsing: /uscms_data/d3/iturkmen/hh4b_delphes/mg5/QCD_bbbb_presel_smoke/Events/run_qcd_bbbb_iht200to400_10000/unweighted_events.lhe
 | (SLHA::readFile) line 344 - storing non-SLHA(2) block: yukawa
 *------------------------------------------------------------------------------------*
 PYTHIA Info from SLHAinterface::initSLHA: No MODSEL found, keeping internal SUSY switched off
 PYTHIA Warning in SLHAinterface::initSLHA: ignoring MASS entries for id = {1,2,3,4,5,11,12,13,14,15,16,21,22,23,24} (m0 < SLHA:minMassSM)
 PYTHIA Warning in SLHAinterface::initSLHA: ignoring DECAY tables for id = {23,24,1,2,3,4,5,11,12,13,14,15,16,21,22} (m0 < SLHA:minMassSM)
 PYTHIA Warning in SLHAinterface::initSLHA: ignoring empty DECAY tables for id = {6,25} (total width provided but no Branching Ratios)

 *-------  PYTHIA Process Initialization  --------------------------*
 |                                                                  |
 | We collide p+ with p+ at a CM energy of 1.300e+04 GeV            |
 |                                                                  |
 |------------------------------------------------------------------|
 |                                                    |             |
 | Subprocess                                    Code |   Estimated |
 |                                                    |    max (mb) |
 |                                                    |             |
 |------------------------------------------------------------------|
 |                                                    |             |
 | Les Houches User Process(es)                  9999 |   1.000e-09 |
 |                                                                  |
 *-------  End PYTHIA Process Initialization -----------------------*

 *-------  PYTHIA Multiparton Interactions Initialization  ---------* 
 |                                                                  | 
 |                   sigmaNonDiffractive =    56.42 mb              | 
 |                                                                  | 
 |    pT0 =  2.60 gives sigmaInteraction =   317.96 mb: accepted    | 
 |                                                                  | 
 *-------  End PYTHIA Multiparton Interactions Initialization  -----* 

 *-------  PYTHIA Flag + Mode + Parm + Word + FVec + MVec + PVec + WVec Settings (changes only)  ------------------* 
 |                                                                                                                 | 
 | Name                                          |                      Now |      Default         Min         Max | 
 |                                               |                          |                                      | 
 | Beams:frameType                               |                        4 |            1           1           5 | 
 | Beams:LHEF                                    | /uscms_data/d3/iturkmen/hh4b_delphes/mg5/QCD_bbbb_presel_smoke/Events/run_qcd_bbbb_iht200to400_10000/unweighted_events.lhe |         void | 
 | Check:event                                   |                      off |           on                         | 
 | Next:numberCount                              |                       10 |         1000           0             | 
 | Next:numberShowEvent                          |                        0 |            1           0             | 
 | Next:numberShowInfo                           |                        0 |            1           0             | 
 | Next:numberShowProcess                        |                        0 |            1           0             | 
 |                                                                                                                 | 
 *-------  End PYTHIA Flag + Mode + Parm + Word + FVec + MVec + PVec + WVec Settings  -----------------------------* 

 --------  PYTHIA Particle Data Table (changed only)  ------------------------------------------------------------------------------
 
      id   name            antiName         spn chg col      m0        mWidth      mMin       mMax       tau0    res dec ext vis wid
             no onMode   bRatio   meMode     products 

       6  t                tbar               2   2   1  173.00000    1.35678  166.40000  179.60000  1.45438e-13   1   1   0   1   0
              0     1   0.0000664    0       24        1 
              1     1   0.0017361    0       24        3 
              2     1   0.9981975    0       24        5 
              3     0   0.0000000    0       37        5 

      25  h0                                  1   0   0  125.00000    0.00408  124.96809  125.03191  4.83238e-11   1   1   0   0   0
              0     1   0.0000009    0        1       -1 
              1     1   0.0000002    0        2       -2 
              2     1   0.0002163    0        3       -3 
              3     1   0.0288493    0        4       -4 
              4     1   0.5768873    0        5       -5 
              5     1   0.0000000    0        6       -6 
              6     1   0.0000000    0       11      -11 
              7     1   0.0002185    0       13      -13 
              8     1   0.0628569    0       15      -15 
              9     1   0.0850383    0       21       21 
             10     1   0.0022965    0       22       22 
             11     1   0.0016155    0       22       23 
             12     1   0.0261758    0       23       23 
             13     1   0.2158445    0       24      -24 
             14     1   0.0000000  103  1000022  1000022 
             15     1   0.0000000  103  1000023  1000022 
             16     1   0.0000000  103  1000023  1000023 
             17     1   0.0000000  103  1000025  1000022 
             18     1   0.0000000  103  1000025  1000023 
             19     1   0.0000000  103  1000025  1000025 
             20     1   0.0000000  103  1000035  1000022 
             21     1   0.0000000  103  1000035  1000023 
             22     1   0.0000000  103  1000035  1000025 
             23     1   0.0000000  103  1000035  1000035 
             24     1   0.0000000  103  1000024 -1000024 
             25     1   0.0000000  103  1000024 -1000037 
             26     1   0.0000000  103  1000037 -1000024 
             27     1   0.0000000  103  1000037 -1000037 
             28     1   0.0000000  103  1000001 -1000001 
             29     1   0.0000000  103  2000001 -2000001 
             30     1   0.0000000  103  1000001 -2000001 
             31     1   0.0000000  103 -1000001  2000001 
             32     1   0.0000000  103  1000002 -1000002 
             33     1   0.0000000  103  2000002 -2000002 
             34     1   0.0000000  103  1000002 -2000002 
             35     1   0.0000000  103 -1000002  2000002 
             36     1   0.0000000  103  1000003 -1000003 
             37     1   0.0000000  103  2000003 -2000003 
             38     1   0.0000000  103  1000003 -2000003 
             39     1   0.0000000  103 -1000003  2000003 
             40     1   0.0000000  103  1000004 -1000004 
             41     1   0.0000000  103  2000004 -2000004 
             42     1   0.0000000  103  1000004 -2000004 
             43     1   0.0000000  103 -1000004  2000004 
             44     1   0.0000000  103  1000005 -1000005 
             45     1   0.0000000  103  2000005 -2000005 
             46     1   0.0000000  103  1000005 -2000005 
             47     1   0.0000000  103 -1000005  2000005 
             48     1   0.0000000  103  1000006 -1000006 
             49     1   0.0000000  103  2000006 -2000006 
             50     1   0.0000000  103  1000006 -2000006 
             51     1   0.0000000  103 -1000006  2000006 
             52     1   0.0000000  103  1000011 -1000011 
             53     1   0.0000000  103  2000011 -2000011 
             54     1   0.0000000  103  1000011 -2000011 
             55     1   0.0000000  103 -1000011  2000011 
             56     1   0.0000000  103  1000012 -1000012 
             57     1   0.0000000  103  2000012 -2000012 
             58     1   0.0000000  103  1000012 -2000012 
             59     1   0.0000000  103 -1000012  2000012 
             60     1   0.0000000  103  1000013 -1000013 
             61     1   0.0000000  103  2000013 -2000013 
             62     1   0.0000000  103  1000013 -2000013 
             63     1   0.0000000  103 -1000013  2000013 
             64     1   0.0000000  103  1000014 -1000014 
             65     1   0.0000000  103  2000014 -2000014 
             66     1   0.0000000  103  1000014 -2000014 
             67     1   0.0000000  103 -1000014  2000014 
             68     1   0.0000000  103  1000015 -1000015 
             69     1   0.0000000  103  2000015 -2000015 
             70     1   0.0000000  103  1000015 -2000015 
             71     1   0.0000000  103 -1000015  2000015 
             72     1   0.0000000  103  1000016 -1000016 
             73     1   0.0000000  103  2000016 -2000016 
             74     1   0.0000000  103  1000016 -2000016 
             75     1   0.0000000  103 -1000016  2000016 

 --------  End PYTHIA Particle Data Table  -----------------------------------------------------------------------------------------


 --------  LHA initialization information  ------------ 

  beam    kind      energy  pdfgrp  pdfset 
     A    2212    6500.000       0  247000
     B    2212    6500.000       0  247000

  Event weighting strategy = -4

  Processes, with strategy-dependent cross section info 
  number      xsec (pb)      xerr (pb)      xmax (pb) 
       1     1.2632e+02     4.0755e-01     1.2632e+02

 --------  End LHA initialization information  -------- 

 --------  LHA event information and listing  ---------------------------------------------------------------------- 

    process =        1    weight =   1.2632e+02     scale =   1.1980e+02 (GeV) 
                        alpha_em =   7.5558e-03    alpha_strong =   1.2438e-01

    Participating Particles 
    no        id stat     mothers     colours      p_x        p_y        p_z         e          m        tau    spin 
     1        21   -1     0     0   502   503      0.000      0.000     81.094     81.094      0.000   0.000   1.000
     2        21   -1     0     0   503   504     -0.000     -0.000   -223.392    223.392      0.000   0.000  -1.000
     3         5    1     1     2   501     0    -62.587     34.586    -65.754     97.257      4.700   0.000  -1.000
     4        -5    1     1     2     0   504    -29.722     33.530    -75.906     88.269      4.700   0.000  -1.000
     5         5    1     1     2   502     0     54.578    -35.841     14.078     66.960      4.700   0.000  -1.000
     6        -5    1     1     2     0   501     37.731    -32.275    -14.716     51.999      4.700   0.000   1.000

 --------  End LHA event information and listing  ------------------------------------------------------------------ 

 Pythia::next(): 10 events have been generated 

 Pythia::next(): 20 events have been generated 

 Pythia::next(): 30 events have been generated 

 Pythia::next(): 40 events have been generated 

 Pythia::next(): 50 events have been generated 

 Pythia::next(): 60 events have been generated 

 Pythia::next(): 70 events have been generated 

 Pythia::next(): 80 events have been generated 

 Pythia::next(): 90 events have been generated 

 Pythia::next(): 100 events have been generated 

 Pythia::next(): 110 events have been generated 

 Pythia::next(): 120 events have been generated 

 Pythia::next(): 130 events have been generated 

 Pythia::next(): 140 events have been generated 

 Pythia::next(): 150 events have been generated 

 Pythia::next(): 160 events have been generated 

 Pythia::next(): 170 events have been generated 

 Pythia::next(): 180 events have been generated 

 Pythia::next(): 190 events have been generated 

 Pythia::next(): 200 events have been generated 

 Pythia::next(): 210 events have been generated 

 Pythia::next(): 220 events have been generated 

 Pythia::next(): 230 events have been generated 

 Pythia::next(): 240 events have been generated 

 Pythia::next(): 250 events have been generated 

 Pythia::next(): 260 events have been generated 

 Pythia::next(): 270 events have been generated 

 Pythia::next(): 280 events have been generated 

 Pythia::next(): 290 events have been generated 

 Pythia::next(): 300 events have been generated 

 Pythia::next(): 310 events have been generated 

 Pythia::next(): 320 events have been generated 

 Pythia::next(): 330 events have been generated 

 Pythia::next(): 340 events have been generated 

 Pythia::next(): 350 events have been generated 
 PYTHIA Error in SimpleSpaceShower::pT2nearThreshold: stuck in loop

 Pythia::next(): 360 events have been generated 

 Pythia::next(): 370 events have been generated 

 Pythia::next(): 380 events have been generated 

 Pythia::next(): 390 events have been generated 

 Pythia::next(): 400 events have been generated 

 Pythia::next(): 410 events have been generated 

 Pythia::next(): 420 events have been generated 

 Pythia::next(): 430 events have been generated 

 Pythia::next(): 440 events have been generated 

 Pythia::next(): 450 events have been generated 

 Pythia::next(): 460 events have been generated 

 Pythia::next(): 470 events have been generated 

 Pythia::next(): 480 events have been generated 

 Pythia::next(): 490 events have been generated 

 Pythia::next(): 500 events have been generated 

 Pythia::next(): 510 events have been generated 

 Pythia::next(): 520 events have been generated 

 Pythia::next(): 530 events have been generated 

 Pythia::next(): 540 events have been generated 

 Pythia::next(): 550 events have been generated 

 Pythia::next(): 560 events have been generated 

 Pythia::next(): 570 events have been generated 

 Pythia::next(): 580 events have been generated 

 Pythia::next(): 590 events have been generated 

 Pythia::next(): 600 events have been generated 

 Pythia::next(): 610 events have been generated 

 Pythia::next(): 620 events have been generated 

 Pythia::next(): 630 events have been generated 

 Pythia::next(): 640 events have been generated 

 Pythia::next(): 650 events have been generated 

 Pythia::next(): 660 events have been generated 

 Pythia::next(): 670 events have been generated 

 Pythia::next(): 680 events have been generated 

 Pythia::next(): 690 events have been generated 

 Pythia::next(): 700 events have been generated 

 Pythia::next(): 710 events have been generated 

 Pythia::next(): 720 events have been generated 

 Pythia::next(): 730 events have been generated 

 Pythia::next(): 740 events have been generated 

 Pythia::next(): 750 events have been generated 

 Pythia::next(): 760 events have been generated 

 Pythia::next(): 770 events have been generated 

 Pythia::next(): 780 events have been generated 

 Pythia::next(): 790 events have been generated 

 Pythia::next(): 800 events have been generated 

 Pythia::next(): 810 events have been generated 

 Pythia::next(): 820 events have been generated 

 Pythia::next(): 830 events have been generated 

 Pythia::next(): 840 events have been generated 

 Pythia::next(): 850 events have been generated 

 Pythia::next(): 860 events have been generated 

 Pythia::next(): 870 events have been generated 

 Pythia::next(): 880 events have been generated 

 Pythia::next(): 890 events have been generated 

 Pythia::next(): 900 events have been generated 

 Pythia::next(): 910 events have been generated 

 Pythia::next(): 920 events have been generated 

 Pythia::next(): 930 events have been generated 

 Pythia::next(): 940 events have been generated 

 Pythia::next(): 950 events have been generated 

 Pythia::next(): 960 events have been generated 

 Pythia::next(): 970 events have been generated 

 Pythia::next(): 980 events have been generated 

 Pythia::next(): 990 events have been generated 

 Pythia::next(): 1000 events have been generated 

 Pythia::next(): 1010 events have been generated 

 Pythia::next(): 1020 events have been generated 

 Pythia::next(): 1030 events have been generated 

 Pythia::next(): 1040 events have been generated 

 Pythia::next(): 1050 events have been generated 

 Pythia::next(): 1060 events have been generated 

 Pythia::next(): 1070 events have been generated 

 Pythia::next(): 1080 events have been generated 

 Pythia::next(): 1090 events have been generated 

 Pythia::next(): 1100 events have been generated 

 Pythia::next(): 1110 events have been generated 

 Pythia::next(): 1120 events have been generated 

 Pythia::next(): 1130 events have been generated 

 Pythia::next(): 1140 events have been generated 

 Pythia::next(): 1150 events have been generated 

 Pythia::next(): 1160 events have been generated 

 Pythia::next(): 1170 events have been generated 

 Pythia::next(): 1180 events have been generated 

 Pythia::next(): 1190 events have been generated 

 Pythia::next(): 1200 events have been generated 

 Pythia::next(): 1210 events have been generated 

 Pythia::next(): 1220 events have been generated 

 Pythia::next(): 1230 events have been generated 

 Pythia::next(): 1240 events have been generated 

 Pythia::next(): 1250 events have been generated 

 Pythia::next(): 1260 events have been generated 

 Pythia::next(): 1270 events have been generated 

 Pythia::next(): 1280 events have been generated 

 Pythia::next(): 1290 events have been generated 

 Pythia::next(): 1300 events have been generated 

 Pythia::next(): 1310 events have been generated 

 Pythia::next(): 1320 events have been generated 

 Pythia::next(): 1330 events have been generated 

 Pythia::next(): 1340 events have been generated 

 Pythia::next(): 1350 events have been generated 

 Pythia::next(): 1360 events have been generated 

 Pythia::next(): 1370 events have been generated 

 Pythia::next(): 1380 events have been generated 

 Pythia::next(): 1390 events have been generated 

 Pythia::next(): 1400 events have been generated 

 Pythia::next(): 1410 events have been generated 

 Pythia::next(): 1420 events have been generated 

 Pythia::next(): 1430 events have been generated 

 Pythia::next(): 1440 events have been generated 

 Pythia::next(): 1450 events have been generated 

 Pythia::next(): 1460 events have been generated 

 Pythia::next(): 1470 events have been generated 

 Pythia::next(): 1480 events have been generated 

 Pythia::next(): 1490 events have been generated 

 Pythia::next(): 1500 events have been generated 

 Pythia::next(): 1510 events have been generated 

 Pythia::next(): 1520 events have been generated 

 Pythia::next(): 1530 events have been generated 

 Pythia::next(): 1540 events have been generated 

 Pythia::next(): 1550 events have been generated 

 Pythia::next(): 1560 events have been generated 

 Pythia::next(): 1570 events have been generated 

 Pythia::next(): 1580 events have been generated 

 Pythia::next(): 1590 events have been generated 

 Pythia::next(): 1600 events have been generated 

 Pythia::next(): 1610 events have been generated 

 Pythia::next(): 1620 events have been generated 

 Pythia::next(): 1630 events have been generated 

 Pythia::next(): 1640 events have been generated 

 Pythia::next(): 1650 events have been generated 

 Pythia::next(): 1660 events have been generated 

 Pythia::next(): 1670 events have been generated 

 Pythia::next(): 1680 events have been generated 

 Pythia::next(): 1690 events have been generated 

 Pythia::next(): 1700 events have been generated 

 Pythia::next(): 1710 events have been generated 

 Pythia::next(): 1720 events have been generated 

 Pythia::next(): 1730 events have been generated 

 Pythia::next(): 1740 events have been generated 

 Pythia::next(): 1750 events have been generated 

 Pythia::next(): 1760 events have been generated 

 Pythia::next(): 1770 events have been generated 

 Pythia::next(): 1780 events have been generated 

 Pythia::next(): 1790 events have been generated 

 Pythia::next(): 1800 events have been generated 

 Pythia::next(): 1810 events have been generated 

 Pythia::next(): 1820 events have been generated 

 Pythia::next(): 1830 events have been generated 

 Pythia::next(): 1840 events have been generated 

 Pythia::next(): 1850 events have been generated 

 Pythia::next(): 1860 events have been generated 

 Pythia::next(): 1870 events have been generated 

 Pythia::next(): 1880 events have been generated 

 Pythia::next(): 1890 events have been generated 

 Pythia::next(): 1900 events have been generated 

 Pythia::next(): 1910 events have been generated 

 Pythia::next(): 1920 events have been generated 

 Pythia::next(): 1930 events have been generated 

 Pythia::next(): 1940 events have been generated 

 Pythia::next(): 1950 events have been generated 

 Pythia::next(): 1960 events have been generated 

 Pythia::next(): 1970 events have been generated 

 Pythia::next(): 1980 events have been generated 

 Pythia::next(): 1990 events have been generated 

 Pythia::next(): 2000 events have been generated 

 Pythia::next(): 2010 events have been generated 

 Pythia::next(): 2020 events have been generated 

 Pythia::next(): 2030 events have been generated 

 Pythia::next(): 2040 events have been generated 

 Pythia::next(): 2050 events have been generated 

 Pythia::next(): 2060 events have been generated 

 Pythia::next(): 2070 events have been generated 

 Pythia::next(): 2080 events have been generated 

 Pythia::next(): 2090 events have been generated 

 Pythia::next(): 2100 events have been generated 

 Pythia::next(): 2110 events have been generated 

 Pythia::next(): 2120 events have been generated 

 Pythia::next(): 2130 events have been generated 

 Pythia::next(): 2140 events have been generated 

 Pythia::next(): 2150 events have been generated 

 Pythia::next(): 2160 events have been generated 

 Pythia::next(): 2170 events have been generated 

 Pythia::next(): 2180 events have been generated 

 Pythia::next(): 2190 events have been generated 

 Pythia::next(): 2200 events have been generated 

 Pythia::next(): 2210 events have been generated 

 Pythia::next(): 2220 events have been generated 

 Pythia::next(): 2230 events have been generated 

 Pythia::next(): 2240 events have been generated 

 Pythia::next(): 2250 events have been generated 

 Pythia::next(): 2260 events have been generated 

 Pythia::next(): 2270 events have been generated 

 Pythia::next(): 2280 events have been generated 

 Pythia::next(): 2290 events have been generated 

 Pythia::next(): 2300 events have been generated 

 Pythia::next(): 2310 events have been generated 

 Pythia::next(): 2320 events have been generated 

 Pythia::next(): 2330 events have been generated 

 Pythia::next(): 2340 events have been generated 

 Pythia::next(): 2350 events have been generated 

 Pythia::next(): 2360 events have been generated 

 Pythia::next(): 2370 events have been generated 

 Pythia::next(): 2380 events have been generated 

 Pythia::next(): 2390 events have been generated 

 Pythia::next(): 2400 events have been generated 

 Pythia::next(): 2410 events have been generated 

 Pythia::next(): 2420 events have been generated 

 Pythia::next(): 2430 events have been generated 

 Pythia::next(): 2440 events have been generated 

 Pythia::next(): 2450 events have been generated 

 Pythia::next(): 2460 events have been generated 

 Pythia::next(): 2470 events have been generated 

 Pythia::next(): 2480 events have been generated 

 Pythia::next(): 2490 events have been generated 

 Pythia::next(): 2500 events have been generated 

 Pythia::next(): 2510 events have been generated 

 Pythia::next(): 2520 events have been generated 

 Pythia::next(): 2530 events have been generated 

 Pythia::next(): 2540 events have been generated 

 Pythia::next(): 2550 events have been generated 

 Pythia::next(): 2560 events have been generated 

 Pythia::next(): 2570 events have been generated 

 Pythia::next(): 2580 events have been generated 

 Pythia::next(): 2590 events have been generated 

 Pythia::next(): 2600 events have been generated 

 Pythia::next(): 2610 events have been generated 

 Pythia::next(): 2620 events have been generated 

 Pythia::next(): 2630 events have been generated 

 Pythia::next(): 2640 events have been generated 

 Pythia::next(): 2650 events have been generated 

 Pythia::next(): 2660 events have been generated 

 Pythia::next(): 2670 events have been generated 

 Pythia::next(): 2680 events have been generated 

 Pythia::next(): 2690 events have been generated 

 Pythia::next(): 2700 events have been generated 

 Pythia::next(): 2710 events have been generated 

 Pythia::next(): 2720 events have been generated 

 Pythia::next(): 2730 events have been generated 

 Pythia::next(): 2740 events have been generated 

 Pythia::next(): 2750 events have been generated 

 Pythia::next(): 2760 events have been generated 

 Pythia::next(): 2770 events have been generated 

 Pythia::next(): 2780 events have been generated 

 Pythia::next(): 2790 events have been generated 

 Pythia::next(): 2800 events have been generated 

 Pythia::next(): 2810 events have been generated 

 Pythia::next(): 2820 events have been generated 

 Pythia::next(): 2830 events have been generated 

 Pythia::next(): 2840 events have been generated 

 Pythia::next(): 2850 events have been generated 

 Pythia::next(): 2860 events have been generated 

 Pythia::next(): 2870 events have been generated 
 PYTHIA Warning in HadronWidths::pickMasses: angular momentum and running widths not used

 Pythia::next(): 2880 events have been generated 

 Pythia::next(): 2890 events have been generated 

 Pythia::next(): 2900 events have been generated 

 Pythia::next(): 2910 events have been generated 

 Pythia::next(): 2920 events have been generated 

 Pythia::next(): 2930 events have been generated 

 Pythia::next(): 2940 events have been generated 

 Pythia::next(): 2950 events have been generated 

 Pythia::next(): 2960 events have been generated 

 Pythia::next(): 2970 events have been generated 

 Pythia::next(): 2980 events have been generated 

 Pythia::next(): 2990 events have been generated 

 Pythia::next(): 3000 events have been generated 

 Pythia::next(): 3010 events have been generated 

 Pythia::next(): 3020 events have been generated 

 Pythia::next(): 3030 events have been generated 

 Pythia::next(): 3040 events have been generated 

 Pythia::next(): 3050 events have been generated 

 Pythia::next(): 3060 events have been generated 

 Pythia::next(): 3070 events have been generated 

 Pythia::next(): 3080 events have been generated 

 Pythia::next(): 3090 events have been generated 

 Pythia::next(): 3100 events have been generated 

 Pythia::next(): 3110 events have been generated 

 Pythia::next(): 3120 events have been generated 

 Pythia::next(): 3130 events have been generated 

 Pythia::next(): 3140 events have been generated 

 Pythia::next(): 3150 events have been generated 

 Pythia::next(): 3160 events have been generated 

 Pythia::next(): 3170 events have been generated 

 Pythia::next(): 3180 events have been generated 

 Pythia::next(): 3190 events have been generated 

 Pythia::next(): 3200 events have been generated 

 Pythia::next(): 3210 events have been generated 

 Pythia::next(): 3220 events have been generated 

 Pythia::next(): 3230 events have been generated 

 Pythia::next(): 3240 events have been generated 

 Pythia::next(): 3250 events have been generated 

 Pythia::next(): 3260 events have been generated 

 Pythia::next(): 3270 events have been generated 

 Pythia::next(): 3280 events have been generated 

 Pythia::next(): 3290 events have been generated 

 Pythia::next(): 3300 events have been generated 

 Pythia::next(): 3310 events have been generated 

 Pythia::next(): 3320 events have been generated 

 Pythia::next(): 3330 events have been generated 

 Pythia::next(): 3340 events have been generated 

 Pythia::next(): 3350 events have been generated 

 Pythia::next(): 3360 events have been generated 

 Pythia::next(): 3370 events have been generated 

 Pythia::next(): 3380 events have been generated 

 Pythia::next(): 3390 events have been generated 

 Pythia::next(): 3400 events have been generated 

 Pythia::next(): 3410 events have been generated 

 Pythia::next(): 3420 events have been generated 

 Pythia::next(): 3430 events have been generated 

 Pythia::next(): 3440 events have been generated 

 Pythia::next(): 3450 events have been generated 

 Pythia::next(): 3460 events have been generated 

 Pythia::next(): 3470 events have been generated 

 Pythia::next(): 3480 events have been generated 

 Pythia::next(): 3490 events have been generated 

 Pythia::next(): 3500 events have been generated 

 Pythia::next(): 3510 events have been generated 

 Pythia::next(): 3520 events have been generated 

 Pythia::next(): 3530 events have been generated 

 Pythia::next(): 3540 events have been generated 

 Pythia::next(): 3550 events have been generated 

 Pythia::next(): 3560 events have been generated 

 Pythia::next(): 3570 events have been generated 

 Pythia::next(): 3580 events have been generated 

 Pythia::next(): 3590 events have been generated 

 Pythia::next(): 3600 events have been generated 

 Pythia::next(): 3610 events have been generated 

 Pythia::next(): 3620 events have been generated 

 Pythia::next(): 3630 events have been generated 

 Pythia::next(): 3640 events have been generated 

 Pythia::next(): 3650 events have been generated 

 Pythia::next(): 3660 events have been generated 

 Pythia::next(): 3670 events have been generated 

 Pythia::next(): 3680 events have been generated 

 Pythia::next(): 3690 events have been generated 

 Pythia::next(): 3700 events have been generated 

 Pythia::next(): 3710 events have been generated 

 Pythia::next(): 3720 events have been generated 

 Pythia::next(): 3730 events have been generated 

 Pythia::next(): 3740 events have been generated 

 Pythia::next(): 3750 events have been generated 

 Pythia::next(): 3760 events have been generated 

 Pythia::next(): 3770 events have been generated 

 Pythia::next(): 3780 events have been generated 

 Pythia::next(): 3790 events have been generated 

 Pythia::next(): 3800 events have been generated 

 Pythia::next(): 3810 events have been generated 

 Pythia::next(): 3820 events have been generated 

 Pythia::next(): 3830 events have been generated 

 Pythia::next(): 3840 events have been generated 

 Pythia::next(): 3850 events have been generated 

 Pythia::next(): 3860 events have been generated 

 Pythia::next(): 3870 events have been generated 

 Pythia::next(): 3880 events have been generated 

 Pythia::next(): 3890 events have been generated 

 Pythia::next(): 3900 events have been generated 

 Pythia::next(): 3910 events have been generated 

 Pythia::next(): 3920 events have been generated 

 Pythia::next(): 3930 events have been generated 

 Pythia::next(): 3940 events have been generated 

 Pythia::next(): 3950 events have been generated 

 Pythia::next(): 3960 events have been generated 

 Pythia::next(): 3970 events have been generated 

 Pythia::next(): 3980 events have been generated 

 Pythia::next(): 3990 events have been generated 

 Pythia::next(): 4000 events have been generated 

 Pythia::next(): 4010 events have been generated 

 Pythia::next(): 4020 events have been generated 

 Pythia::next(): 4030 events have been generated 

 Pythia::next(): 4040 events have been generated 

 Pythia::next(): 4050 events have been generated 

 Pythia::next(): 4060 events have been generated 

 Pythia::next(): 4070 events have been generated 

 Pythia::next(): 4080 events have been generated 

 Pythia::next(): 4090 events have been generated 

 Pythia::next(): 4100 events have been generated 

 Pythia::next(): 4110 events have been generated 

 Pythia::next(): 4120 events have been generated 

 Pythia::next(): 4130 events have been generated 

 Pythia::next(): 4140 events have been generated 

 Pythia::next(): 4150 events have been generated 

 Pythia::next(): 4160 events have been generated 

 Pythia::next(): 4170 events have been generated 

 Pythia::next(): 4180 events have been generated 

 Pythia::next(): 4190 events have been generated 

 Pythia::next(): 4200 events have been generated 

 Pythia::next(): 4210 events have been generated 

 Pythia::next(): 4220 events have been generated 

 Pythia::next(): 4230 events have been generated 

 Pythia::next(): 4240 events have been generated 

 Pythia::next(): 4250 events have been generated 

 Pythia::next(): 4260 events have been generated 

 Pythia::next(): 4270 events have been generated 

 Pythia::next(): 4280 events have been generated 

 Pythia::next(): 4290 events have been generated 

 Pythia::next(): 4300 events have been generated 

 Pythia::next(): 4310 events have been generated 

 Pythia::next(): 4320 events have been generated 

 Pythia::next(): 4330 events have been generated 

 Pythia::next(): 4340 events have been generated 

 Pythia::next(): 4350 events have been generated 

 Pythia::next(): 4360 events have been generated 

 Pythia::next(): 4370 events have been generated 

 Pythia::next(): 4380 events have been generated 

 Pythia::next(): 4390 events have been generated 

 Pythia::next(): 4400 events have been generated 

 Pythia::next(): 4410 events have been generated 

 Pythia::next(): 4420 events have been generated 

 Pythia::next(): 4430 events have been generated 

 Pythia::next(): 4440 events have been generated 

 Pythia::next(): 4450 events have been generated 

 Pythia::next(): 4460 events have been generated 

 Pythia::next(): 4470 events have been generated 

 Pythia::next(): 4480 events have been generated 

 Pythia::next(): 4490 events have been generated 

 Pythia::next(): 4500 events have been generated 

 Pythia::next(): 4510 events have been generated 

 Pythia::next(): 4520 events have been generated 

 Pythia::next(): 4530 events have been generated 

 Pythia::next(): 4540 events have been generated 

 Pythia::next(): 4550 events have been generated 

 Pythia::next(): 4560 events have been generated 

 Pythia::next(): 4570 events have been generated 

 Pythia::next(): 4580 events have been generated 

 Pythia::next(): 4590 events have been generated 

 Pythia::next(): 4600 events have been generated 

 Pythia::next(): 4610 events have been generated 

 Pythia::next(): 4620 events have been generated 

 Pythia::next(): 4630 events have been generated 

 Pythia::next(): 4640 events have been generated 

 Pythia::next(): 4650 events have been generated 

 Pythia::next(): 4660 events have been generated 

 Pythia::next(): 4670 events have been generated 

 Pythia::next(): 4680 events have been generated 

 Pythia::next(): 4690 events have been generated 

 Pythia::next(): 4700 events have been generated 

 Pythia::next(): 4710 events have been generated 

 Pythia::next(): 4720 events have been generated 

 Pythia::next(): 4730 events have been generated 

 Pythia::next(): 4740 events have been generated 

 Pythia::next(): 4750 events have been generated 

 Pythia::next(): 4760 events have been generated 

 Pythia::next(): 4770 events have been generated 

 Pythia::next(): 4780 events have been generated 

 Pythia::next(): 4790 events have been generated 

 Pythia::next(): 4800 events have been generated 

 Pythia::next(): 4810 events have been generated 

 Pythia::next(): 4820 events have been generated 

 Pythia::next(): 4830 events have been generated 

 Pythia::next(): 4840 events have been generated 

 Pythia::next(): 4850 events have been generated 

 Pythia::next(): 4860 events have been generated 

 Pythia::next(): 4870 events have been generated 

 Pythia::next(): 4880 events have been generated 

 Pythia::next(): 4890 events have been generated 

 Pythia::next(): 4900 events have been generated 

 Pythia::next(): 4910 events have been generated 

 Pythia::next(): 4920 events have been generated 

 Pythia::next(): 4930 events have been generated 

 Pythia::next(): 4940 events have been generated 

 Pythia::next(): 4950 events have been generated 

 Pythia::next(): 4960 events have been generated 

 Pythia::next(): 4970 events have been generated 

 Pythia::next(): 4980 events have been generated 

 Pythia::next(): 4990 events have been generated 

 Pythia::next(): 5000 events have been generated 

 Pythia::next(): 5010 events have been generated 

 Pythia::next(): 5020 events have been generated 

 Pythia::next(): 5030 events have been generated 

 Pythia::next(): 5040 events have been generated 

 Pythia::next(): 5050 events have been generated 

 Pythia::next(): 5060 events have been generated 

 Pythia::next(): 5070 events have been generated 

 Pythia::next(): 5080 events have been generated 

 Pythia::next(): 5090 events have been generated 

 Pythia::next(): 5100 events have been generated 

 Pythia::next(): 5110 events have been generated 

 Pythia::next(): 5120 events have been generated 

 Pythia::next(): 5130 events have been generated 

 Pythia::next(): 5140 events have been generated 

 Pythia::next(): 5150 events have been generated 

 Pythia::next(): 5160 events have been generated 

 Pythia::next(): 5170 events have been generated 

 Pythia::next(): 5180 events have been generated 

 Pythia::next(): 5190 events have been generated 

 Pythia::next(): 5200 events have been generated 

 Pythia::next(): 5210 events have been generated 

 Pythia::next(): 5220 events have been generated 

 Pythia::next(): 5230 events have been generated 

 Pythia::next(): 5240 events have been generated 

 Pythia::next(): 5250 events have been generated 

 Pythia::next(): 5260 events have been generated 

 Pythia::next(): 5270 events have been generated 

 Pythia::next(): 5280 events have been generated 

 Pythia::next(): 5290 events have been generated 

 Pythia::next(): 5300 events have been generated 

 Pythia::next(): 5310 events have been generated 

 Pythia::next(): 5320 events have been generated 

 Pythia::next(): 5330 events have been generated 

 Pythia::next(): 5340 events have been generated 

 Pythia::next(): 5350 events have been generated 

 Pythia::next(): 5360 events have been generated 

 Pythia::next(): 5370 events have been generated 

 Pythia::next(): 5380 events have been generated 

 Pythia::next(): 5390 events have been generated 

 Pythia::next(): 5400 events have been generated 

 Pythia::next(): 5410 events have been generated 

 Pythia::next(): 5420 events have been generated 

 Pythia::next(): 5430 events have been generated 

 Pythia::next(): 5440 events have been generated 

 Pythia::next(): 5450 events have been generated 

 Pythia::next(): 5460 events have been generated 

 Pythia::next(): 5470 events have been generated 

 Pythia::next(): 5480 events have been generated 

 Pythia::next(): 5490 events have been generated 

 Pythia::next(): 5500 events have been generated 

 Pythia::next(): 5510 events have been generated 

 Pythia::next(): 5520 events have been generated 

 Pythia::next(): 5530 events have been generated 

 Pythia::next(): 5540 events have been generated 

 Pythia::next(): 5550 events have been generated 

 Pythia::next(): 5560 events have been generated 

 Pythia::next(): 5570 events have been generated 

 Pythia::next(): 5580 events have been generated 

 Pythia::next(): 5590 events have been generated 

 Pythia::next(): 5600 events have been generated 

 Pythia::next(): 5610 events have been generated 

 Pythia::next(): 5620 events have been generated 

 Pythia::next(): 5630 events have been generated 

 Pythia::next(): 5640 events have been generated 

 Pythia::next(): 5650 events have been generated 

 Pythia::next(): 5660 events have been generated 

 Pythia::next(): 5670 events have been generated 

 Pythia::next(): 5680 events have been generated 

 Pythia::next(): 5690 events have been generated 

 Pythia::next(): 5700 events have been generated 

 Pythia::next(): 5710 events have been generated 

 Pythia::next(): 5720 events have been generated 

 Pythia::next(): 5730 events have been generated 

 Pythia::next(): 5740 events have been generated 

 Pythia::next(): 5750 events have been generated 

 Pythia::next(): 5760 events have been generated 

 Pythia::next(): 5770 events have been generated 

 Pythia::next(): 5780 events have been generated 

 Pythia::next(): 5790 events have been generated 

 Pythia::next(): 5800 events have been generated 

 Pythia::next(): 5810 events have been generated 

 Pythia::next(): 5820 events have been generated 

 Pythia::next(): 5830 events have been generated 

 Pythia::next(): 5840 events have been generated 

 Pythia::next(): 5850 events have been generated 

 Pythia::next(): 5860 events have been generated 

 Pythia::next(): 5870 events have been generated 

 Pythia::next(): 5880 events have been generated 

 Pythia::next(): 5890 events have been generated 

 Pythia::next(): 5900 events have been generated 

 Pythia::next(): 5910 events have been generated 

 Pythia::next(): 5920 events have been generated 

 Pythia::next(): 5930 events have been generated 

 Pythia::next(): 5940 events have been generated 

 Pythia::next(): 5950 events have been generated 

 Pythia::next(): 5960 events have been generated 

 Pythia::next(): 5970 events have been generated 

 Pythia::next(): 5980 events have been generated 

 Pythia::next(): 5990 events have been generated 

 Pythia::next(): 6000 events have been generated 

 Pythia::next(): 6010 events have been generated 

 Pythia::next(): 6020 events have been generated 

 Pythia::next(): 6030 events have been generated 

 Pythia::next(): 6040 events have been generated 

 Pythia::next(): 6050 events have been generated 

 Pythia::next(): 6060 events have been generated 

 Pythia::next(): 6070 events have been generated 

 Pythia::next(): 6080 events have been generated 

 Pythia::next(): 6090 events have been generated 

 Pythia::next(): 6100 events have been generated 

 Pythia::next(): 6110 events have been generated 

 Pythia::next(): 6120 events have been generated 

 Pythia::next(): 6130 events have been generated 

 Pythia::next(): 6140 events have been generated 

 Pythia::next(): 6150 events have been generated 

 Pythia::next(): 6160 events have been generated 

 Pythia::next(): 6170 events have been generated 

 Pythia::next(): 6180 events have been generated 

 Pythia::next(): 6190 events have been generated 

 Pythia::next(): 6200 events have been generated 

 Pythia::next(): 6210 events have been generated 

 Pythia::next(): 6220 events have been generated 

 Pythia::next(): 6230 events have been generated 

 Pythia::next(): 6240 events have been generated 

 Pythia::next(): 6250 events have been generated 

 Pythia::next(): 6260 events have been generated 

 Pythia::next(): 6270 events have been generated 

 Pythia::next(): 6280 events have been generated 

 Pythia::next(): 6290 events have been generated 

 Pythia::next(): 6300 events have been generated 

 Pythia::next(): 6310 events have been generated 

 Pythia::next(): 6320 events have been generated 

 Pythia::next(): 6330 events have been generated 

 Pythia::next(): 6340 events have been generated 

 Pythia::next(): 6350 events have been generated 

 Pythia::next(): 6360 events have been generated 

 Pythia::next(): 6370 events have been generated 

 Pythia::next(): 6380 events have been generated 

 Pythia::next(): 6390 events have been generated 

 Pythia::next(): 6400 events have been generated 

 Pythia::next(): 6410 events have been generated 

 Pythia::next(): 6420 events have been generated 

 Pythia::next(): 6430 events have been generated 

 Pythia::next(): 6440 events have been generated 

 Pythia::next(): 6450 events have been generated 

 Pythia::next(): 6460 events have been generated 

 Pythia::next(): 6470 events have been generated 

 Pythia::next(): 6480 events have been generated 

 Pythia::next(): 6490 events have been generated 

 Pythia::next(): 6500 events have been generated 

 Pythia::next(): 6510 events have been generated 

 Pythia::next(): 6520 events have been generated 

 Pythia::next(): 6530 events have been generated 

 Pythia::next(): 6540 events have been generated 

 Pythia::next(): 6550 events have been generated 

 Pythia::next(): 6560 events have been generated 

 Pythia::next(): 6570 events have been generated 

 Pythia::next(): 6580 events have been generated 

 Pythia::next(): 6590 events have been generated 

 Pythia::next(): 6600 events have been generated 

 Pythia::next(): 6610 events have been generated 

 Pythia::next(): 6620 events have been generated 

 Pythia::next(): 6630 events have been generated 

 Pythia::next(): 6640 events have been generated 

 Pythia::next(): 6650 events have been generated 

 Pythia::next(): 6660 events have been generated 

 Pythia::next(): 6670 events have been generated 

 Pythia::next(): 6680 events have been generated 
 PYTHIA Warning in MultipartonInteractions::pTnext: weight above unity

 Pythia::next(): 6690 events have been generated 

 Pythia::next(): 6700 events have been generated 

 Pythia::next(): 6710 events have been generated 

 Pythia::next(): 6720 events have been generated 

 Pythia::next(): 6730 events have been generated 

 Pythia::next(): 6740 events have been generated 

 Pythia::next(): 6750 events have been generated 

 Pythia::next(): 6760 events have been generated 

 Pythia::next(): 6770 events have been generated 

 Pythia::next(): 6780 events have been generated 

 Pythia::next(): 6790 events have been generated 

 Pythia::next(): 6800 events have been generated 

 Pythia::next(): 6810 events have been generated 

 Pythia::next(): 6820 events have been generated 

 Pythia::next(): 6830 events have been generated 

 Pythia::next(): 6840 events have been generated 

 Pythia::next(): 6850 events have been generated 

 Pythia::next(): 6860 events have been generated 

 Pythia::next(): 6870 events have been generated 

 Pythia::next(): 6880 events have been generated 

 Pythia::next(): 6890 events have been generated 

 Pythia::next(): 6900 events have been generated 

 Pythia::next(): 6910 events have been generated 

 Pythia::next(): 6920 events have been generated 

 Pythia::next(): 6930 events have been generated 

 Pythia::next(): 6940 events have been generated 

 Pythia::next(): 6950 events have been generated 

 Pythia::next(): 6960 events have been generated 

 Pythia::next(): 6970 events have been generated 

 Pythia::next(): 6980 events have been generated 

 Pythia::next(): 6990 events have been generated 

 Pythia::next(): 7000 events have been generated 

 Pythia::next(): 7010 events have been generated 

 Pythia::next(): 7020 events have been generated 

 Pythia::next(): 7030 events have been generated 

 Pythia::next(): 7040 events have been generated 

 Pythia::next(): 7050 events have been generated 

 Pythia::next(): 7060 events have been generated 

 Pythia::next(): 7070 events have been generated 

 Pythia::next(): 7080 events have been generated 

 Pythia::next(): 7090 events have been generated 

 Pythia::next(): 7100 events have been generated 

 Pythia::next(): 7110 events have been generated 

 Pythia::next(): 7120 events have been generated 

 Pythia::next(): 7130 events have been generated 

 Pythia::next(): 7140 events have been generated 

 Pythia::next(): 7150 events have been generated 

 Pythia::next(): 7160 events have been generated 

 Pythia::next(): 7170 events have been generated 

 Pythia::next(): 7180 events have been generated 

 Pythia::next(): 7190 events have been generated 

 Pythia::next(): 7200 events have been generated 

 Pythia::next(): 7210 events have been generated 

 Pythia::next(): 7220 events have been generated 

 Pythia::next(): 7230 events have been generated 

 Pythia::next(): 7240 events have been generated 

 Pythia::next(): 7250 events have been generated 

 Pythia::next(): 7260 events have been generated 

 Pythia::next(): 7270 events have been generated 

 Pythia::next(): 7280 events have been generated 

 Pythia::next(): 7290 events have been generated 

 Pythia::next(): 7300 events have been generated 

 Pythia::next(): 7310 events have been generated 

 Pythia::next(): 7320 events have been generated 

 Pythia::next(): 7330 events have been generated 

 Pythia::next(): 7340 events have been generated 

 Pythia::next(): 7350 events have been generated 

 Pythia::next(): 7360 events have been generated 

 Pythia::next(): 7370 events have been generated 

 Pythia::next(): 7380 events have been generated 

 Pythia::next(): 7390 events have been generated 

 Pythia::next(): 7400 events have been generated 

 Pythia::next(): 7410 events have been generated 

 Pythia::next(): 7420 events have been generated 

 Pythia::next(): 7430 events have been generated 

 Pythia::next(): 7440 events have been generated 

 Pythia::next(): 7450 events have been generated 

 Pythia::next(): 7460 events have been generated 

 Pythia::next(): 7470 events have been generated 

 Pythia::next(): 7480 events have been generated 

 Pythia::next(): 7490 events have been generated 

 Pythia::next(): 7500 events have been generated 

 Pythia::next(): 7510 events have been generated 

 Pythia::next(): 7520 events have been generated 

 Pythia::next(): 7530 events have been generated 

 Pythia::next(): 7540 events have been generated 

 Pythia::next(): 7550 events have been generated 

 Pythia::next(): 7560 events have been generated 

 Pythia::next(): 7570 events have been generated 

 Pythia::next(): 7580 events have been generated 

 Pythia::next(): 7590 events have been generated 

 Pythia::next(): 7600 events have been generated 

 Pythia::next(): 7610 events have been generated 

 Pythia::next(): 7620 events have been generated 

 Pythia::next(): 7630 events have been generated 

 Pythia::next(): 7640 events have been generated 

 Pythia::next(): 7650 events have been generated 

 Pythia::next(): 7660 events have been generated 

 Pythia::next(): 7670 events have been generated 

 Pythia::next(): 7680 events have been generated 

 Pythia::next(): 7690 events have been generated 

 Pythia::next(): 7700 events have been generated 

 Pythia::next(): 7710 events have been generated 

 Pythia::next(): 7720 events have been generated 

 Pythia::next(): 7730 events have been generated 

 Pythia::next(): 7740 events have been generated 

 Pythia::next(): 7750 events have been generated 

 Pythia::next(): 7760 events have been generated 

 Pythia::next(): 7770 events have been generated 

 Pythia::next(): 7780 events have been generated 

 Pythia::next(): 7790 events have been generated 

 Pythia::next(): 7800 events have been generated 

 Pythia::next(): 7810 events have been generated 

 Pythia::next(): 7820 events have been generated 

 Pythia::next(): 7830 events have been generated 

 Pythia::next(): 7840 events have been generated 

 Pythia::next(): 7850 events have been generated 

 Pythia::next(): 7860 events have been generated 

 Pythia::next(): 7870 events have been generated 

 Pythia::next(): 7880 events have been generated 

 Pythia::next(): 7890 events have been generated 

 Pythia::next(): 7900 events have been generated 

 Pythia::next(): 7910 events have been generated 

 Pythia::next(): 7920 events have been generated 

 Pythia::next(): 7930 events have been generated 

 Pythia::next(): 7940 events have been generated 

 Pythia::next(): 7950 events have been generated 

 Pythia::next(): 7960 events have been generated 

 Pythia::next(): 7970 events have been generated 

 Pythia::next(): 7980 events have been generated 

 Pythia::next(): 7990 events have been generated 

 Pythia::next(): 8000 events have been generated 

 Pythia::next(): 8010 events have been generated 

 Pythia::next(): 8020 events have been generated 

 Pythia::next(): 8030 events have been generated 

 Pythia::next(): 8040 events have been generated 

 Pythia::next(): 8050 events have been generated 

 Pythia::next(): 8060 events have been generated 

 Pythia::next(): 8070 events have been generated 

 Pythia::next(): 8080 events have been generated 

 Pythia::next(): 8090 events have been generated 

 Pythia::next(): 8100 events have been generated 

 Pythia::next(): 8110 events have been generated 

 Pythia::next(): 8120 events have been generated 

 Pythia::next(): 8130 events have been generated 

 Pythia::next(): 8140 events have been generated 

 Pythia::next(): 8150 events have been generated 

 Pythia::next(): 8160 events have been generated 

 Pythia::next(): 8170 events have been generated 

 Pythia::next(): 8180 events have been generated 

 Pythia::next(): 8190 events have been generated 

 Pythia::next(): 8200 events have been generated 

 Pythia::next(): 8210 events have been generated 

 Pythia::next(): 8220 events have been generated 

 Pythia::next(): 8230 events have been generated 

 Pythia::next(): 8240 events have been generated 

 Pythia::next(): 8250 events have been generated 

 Pythia::next(): 8260 events have been generated 

 Pythia::next(): 8270 events have been generated 

 Pythia::next(): 8280 events have been generated 

 Pythia::next(): 8290 events have been generated 

 Pythia::next(): 8300 events have been generated 

 Pythia::next(): 8310 events have been generated 

 Pythia::next(): 8320 events have been generated 

 Pythia::next(): 8330 events have been generated 

 Pythia::next(): 8340 events have been generated 

 Pythia::next(): 8350 events have been generated 

 Pythia::next(): 8360 events have been generated 

 Pythia::next(): 8370 events have been generated 

 Pythia::next(): 8380 events have been generated 

 Pythia::next(): 8390 events have been generated 

 Pythia::next(): 8400 events have been generated 

 Pythia::next(): 8410 events have been generated 

 Pythia::next(): 8420 events have been generated 

 Pythia::next(): 8430 events have been generated 

 Pythia::next(): 8440 events have been generated 

 Pythia::next(): 8450 events have been generated 

 Pythia::next(): 8460 events have been generated 

 Pythia::next(): 8470 events have been generated 

 Pythia::next(): 8480 events have been generated 

 Pythia::next(): 8490 events have been generated 

 Pythia::next(): 8500 events have been generated 

 Pythia::next(): 8510 events have been generated 

 Pythia::next(): 8520 events have been generated 

 Pythia::next(): 8530 events have been generated 

 Pythia::next(): 8540 events have been generated 

 Pythia::next(): 8550 events have been generated 

 Pythia::next(): 8560 events have been generated 

 Pythia::next(): 8570 events have been generated 

 Pythia::next(): 8580 events have been generated 

 Pythia::next(): 8590 events have been generated 

 Pythia::next(): 8600 events have been generated 

 Pythia::next(): 8610 events have been generated 

 Pythia::next(): 8620 events have been generated 

 Pythia::next(): 8630 events have been generated 

 Pythia::next(): 8640 events have been generated 

 Pythia::next(): 8650 events have been generated 

 Pythia::next(): 8660 events have been generated 

 Pythia::next(): 8670 events have been generated 

 Pythia::next(): 8680 events have been generated 

 Pythia::next(): 8690 events have been generated 

 Pythia::next(): 8700 events have been generated 

 Pythia::next(): 8710 events have been generated 

 Pythia::next(): 8720 events have been generated 

 Pythia::next(): 8730 events have been generated 

 Pythia::next(): 8740 events have been generated 

 Pythia::next(): 8750 events have been generated 

 Pythia::next(): 8760 events have been generated 

 Pythia::next(): 8770 events have been generated 

 Pythia::next(): 8780 events have been generated 

 Pythia::next(): 8790 events have been generated 

 Pythia::next(): 8800 events have been generated 

 Pythia::next(): 8810 events have been generated 

 Pythia::next(): 8820 events have been generated 

 Pythia::next(): 8830 events have been generated 

 Pythia::next(): 8840 events have been generated 

 Pythia::next(): 8850 events have been generated 

 Pythia::next(): 8860 events have been generated 

 Pythia::next(): 8870 events have been generated 

 Pythia::next(): 8880 events have been generated 

 Pythia::next(): 8890 events have been generated 

 Pythia::next(): 8900 events have been generated 

 Pythia::next(): 8910 events have been generated 

 Pythia::next(): 8920 events have been generated 

 Pythia::next(): 8930 events have been generated 

 Pythia::next(): 8940 events have been generated 

 Pythia::next(): 8950 events have been generated 

 Pythia::next(): 8960 events have been generated 

 Pythia::next(): 8970 events have been generated 

 Pythia::next(): 8980 events have been generated 

 Pythia::next(): 8990 events have been generated 

 Pythia::next(): 9000 events have been generated 

 Pythia::next(): 9010 events have been generated 

 Pythia::next(): 9020 events have been generated 

 Pythia::next(): 9030 events have been generated 

 Pythia::next(): 9040 events have been generated 

 Pythia::next(): 9050 events have been generated 

 Pythia::next(): 9060 events have been generated 

 Pythia::next(): 9070 events have been generated 

 Pythia::next(): 9080 events have been generated 

 Pythia::next(): 9090 events have been generated 

 Pythia::next(): 9100 events have been generated 

 Pythia::next(): 9110 events have been generated 

 Pythia::next(): 9120 events have been generated 

 Pythia::next(): 9130 events have been generated 

 Pythia::next(): 9140 events have been generated 

 Pythia::next(): 9150 events have been generated 

 Pythia::next(): 9160 events have been generated 

 Pythia::next(): 9170 events have been generated 

 Pythia::next(): 9180 events have been generated 

 Pythia::next(): 9190 events have been generated 

 Pythia::next(): 9200 events have been generated 

 Pythia::next(): 9210 events have been generated 

 Pythia::next(): 9220 events have been generated 

 Pythia::next(): 9230 events have been generated 

 Pythia::next(): 9240 events have been generated 

 Pythia::next(): 9250 events have been generated 

 Pythia::next(): 9260 events have been generated 

 Pythia::next(): 9270 events have been generated 

 Pythia::next(): 9280 events have been generated 

 Pythia::next(): 9290 events have been generated 

 Pythia::next(): 9300 events have been generated 

 Pythia::next(): 9310 events have been generated 

 Pythia::next(): 9320 events have been generated 

 Pythia::next(): 9330 events have been generated 

 Pythia::next(): 9340 events have been generated 

 Pythia::next(): 9350 events have been generated 

 Pythia::next(): 9360 events have been generated 

 Pythia::next(): 9370 events have been generated 

 Pythia::next(): 9380 events have been generated 

 Pythia::next(): 9390 events have been generated 

 Pythia::next(): 9400 events have been generated 

 Pythia::next(): 9410 events have been generated 

 Pythia::next(): 9420 events have been generated 

 Pythia::next(): 9430 events have been generated 

 Pythia::next(): 9440 events have been generated 

 Pythia::next(): 9450 events have been generated 

 Pythia::next(): 9460 events have been generated 

 Pythia::next(): 9470 events have been generated 

 Pythia::next(): 9480 events have been generated 

 Pythia::next(): 9490 events have been generated 

 Pythia::next(): 9500 events have been generated 

 Pythia::next(): 9510 events have been generated 

 Pythia::next(): 9520 events have been generated 

 Pythia::next(): 9530 events have been generated 

 Pythia::next(): 9540 events have been generated 

 Pythia::next(): 9550 events have been generated 

 Pythia::next(): 9560 events have been generated 

 Pythia::next(): 9570 events have been generated 

 Pythia::next(): 9580 events have been generated 

 Pythia::next(): 9590 events have been generated 

 Pythia::next(): 9600 events have been generated 

 Pythia::next(): 9610 events have been generated 

 Pythia::next(): 9620 events have been generated 

 Pythia::next(): 9630 events have been generated 

 Pythia::next(): 9640 events have been generated 

 Pythia::next(): 9650 events have been generated 

 Pythia::next(): 9660 events have been generated 

 Pythia::next(): 9670 events have been generated 

 Pythia::next(): 9680 events have been generated 

 Pythia::next(): 9690 events have been generated 

 Pythia::next(): 9700 events have been generated 

 Pythia::next(): 9710 events have been generated 

 Pythia::next(): 9720 events have been generated 

 Pythia::next(): 9730 events have been generated 

 Pythia::next(): 9740 events have been generated 

 Pythia::next(): 9750 events have been generated 

 Pythia::next(): 9760 events have been generated 

 Pythia::next(): 9770 events have been generated 

 Pythia::next(): 9780 events have been generated 

 Pythia::next(): 9790 events have been generated 

 Pythia::next(): 9800 events have been generated 

 Pythia::next(): 9810 events have been generated 

 Pythia::next(): 9820 events have been generated 

 Pythia::next(): 9830 events have been generated 

 Pythia::next(): 9840 events have been generated 

 Pythia::next(): 9850 events have been generated 

 Pythia::next(): 9860 events have been generated 

 Pythia::next(): 9870 events have been generated 

 Pythia::next(): 9880 events have been generated 

 Pythia::next(): 9890 events have been generated 

 Pythia::next(): 9900 events have been generated 

 Pythia::next(): 9910 events have been generated 

 Pythia::next(): 9920 events have been generated 

 Pythia::next(): 9930 events have been generated 

 Pythia::next(): 9940 events have been generated 

 Pythia::next(): 9950 events have been generated 

 Pythia::next(): 9960 events have been generated 

 Pythia::next(): 9970 events have been generated 

 Pythia::next(): 9980 events have been generated 

 Pythia::next(): 9990 events have been generated 

 *-------  PYTHIA Event and Cross Section Statistics  -------------------------------------------------------------*
 |                                                                                                                 |
 | Subprocess                                    Code |            Number of events       |      sigma +- delta    |
 |                                                    |       Tried   Selected   Accepted |     (estimated) (mb)   |
 |                                                    |                                   |                        |
 |-----------------------------------------------------------------------------------------------------------------|
 |                                                    |                                   |                        |
 | Les Houches User Process(es)                  9999 |       10000      10000      10000 |   1.263e-07  4.427e-16 |
 |    ... whereof user classification code          1 |       10000      10000      10000 |                        | 
 |                                                    |                                   |                        |
 | sum                                                |       10000      10000      10000 |   1.263e-07  4.427e-16 |
 |                                                                                                                 |
 *-------  End PYTHIA Event and Cross Section Statistics ----------------------------------------------------------*

 *-------  PYTHIA Error and Warning Messages Statistics  ----------------------------------------------------------* 
 |                                                                                                                 | 
 |  times   message                                                                                                | 
 |                                                                                                                 | 
 |     37   Error in SimpleSpaceShower::pT2nearThreshold: stuck in loop                                            | 
 |      1   Warning in HadronWidths::pickMasses: angular momentum and running widths not used                      | 
 |      2   Warning in MultipartonInteractions::pTnext: weight above unity                                         | 
 |      1   Warning in SLHAinterface::initSLHA: ignoring DECAY tables                                              | 
 |      1   Warning in SLHAinterface::initSLHA: ignoring MASS entries                                              | 
 |      1   Warning in SLHAinterface::initSLHA: ignoring empty DECAY tables                                        | 
 |      1   Info from SLHAinterface::initSLHA: No MODSEL found, keeping internal SUSY switched off                 | 
 |                                                                                                                 | 
 *-------  End PYTHIA Error and Warning Messages Statistics  ------------------------------------------------------* 
Wrote 10000 events to /uscms_data/d3/iturkmen/hh4b_delphes/hepmc/qcd_bbbb_iht200to400_10000_pythia8.hepmc
** INFO: initializing module  Delphes                  
** INFO: initializing module  ParticlePropagator       
** INFO: initializing module  ChargedHadronTrackingEfficiency
** INFO: initializing module  ElectronTrackingEfficiency
** INFO: initializing module  MuonTrackingEfficiency   
** INFO: initializing module  ChargedHadronMomentumSmearing
** INFO: initializing module  ElectronMomentumSmearing 
** INFO: initializing module  MuonMomentumSmearing     
** INFO: initializing module  TrackMerger              
** INFO: initializing module  ECal                     
** INFO: initializing module  HCal                     
** INFO: initializing module  Calorimeter              
** INFO: initializing module  EFlowMerger              
** INFO: initializing module  EFlowFilter              
** INFO: initializing module  PhotonEfficiency         
** INFO: initializing module  PhotonIsolation          
** INFO: initializing module  ElectronFilter           
** INFO: initializing module  ElectronEfficiency       
** INFO: initializing module  ElectronIsolation        
** INFO: initializing module  ChargedHadronFilter      
** INFO: initializing module  MuonEfficiency           
** INFO: initializing module  MuonIsolation            
** INFO: initializing module  MissingET                
** INFO: initializing module  NeutrinoFilter           
** INFO: initializing module  GenJetFinder             
#--------------------------------------------------------------------------
#                         FastJet release 3.5.1
#                 M. Cacciari, G.P. Salam and G. Soyez                  
#     A software package for jet finding and analysis at colliders      
#                           https://fastjet.fr                           
#	                                                                      
# Please cite EPJC72(2012)1896 [arXiv:1111.6097] if you use this package
# for scientific work and optionally PLB641(2006)57 [hep-ph/0512210].   
#                                                                       
# FastJet is provided without warranty under the GNU GPL v2 or higher.  
# It uses T. Chan's closest pair algorithm, S. Fortune's Voronoi code
# and 3rd party plugin jet algorithms. See COPYING file for details.
#--------------------------------------------------------------------------
** INFO: initializing module  GenMissingET             
** INFO: initializing module  FastJetFinder            
** INFO: initializing module  FatJetFinder             
** INFO: initializing module  JetEnergyScale           
** INFO: initializing module  JetFlavorAssociation     
** INFO: initializing module  BTagging                 
** INFO: initializing module  TauTagging               
** INFO: initializing module  UniqueObjectFinder       
** INFO: initializing module  ScalarHT                 
** INFO: initializing module  TreeWriter               
** Reading /uscms_data/d3/iturkmen/hh4b_delphes/hepmc/qcd_bbbb_iht200to400_10000_pythia8.hepmc
** [----------------------------------------------------------------] (0.01%)** [#---------------------------------------------------------------] (1.57%)** [##--------------------------------------------------------------] (3.39%)** [###-------------------------------------------------------------] (4.69%)** [####------------------------------------------------------------] (6.27%)** [#####-----------------------------------------------------------] (7.87%)** [######----------------------------------------------------------] (9.46%)** [#######---------------------------------------------------------] (11.44%)** [########--------------------------------------------------------] (13.02%)** [#########-------------------------------------------------------] (14.36%)** [##########------------------------------------------------------] (16.00%)** [###########-----------------------------------------------------] (17.78%)** [############----------------------------------------------------] (19.11%)** [#############---------------------------------------------------] (20.79%)** [##############--------------------------------------------------] (22.15%)** [###############-------------------------------------------------] (23.57%)** [################------------------------------------------------] (25.24%)** [#################-----------------------------------------------] (27.03%)** [##################----------------------------------------------] (28.35%)** [###################---------------------------------------------] (30.03%)** [####################--------------------------------------------] (31.65%)** [#####################-------------------------------------------] (33.11%)** [######################------------------------------------------] (34.60%)** [#######################-----------------------------------------] (36.03%)** [########################----------------------------------------] (37.74%)** [#########################---------------------------------------] (39.46%)** [##########################--------------------------------------] (40.66%)** [###########################-------------------------------------] (42.66%)** [############################------------------------------------] (43.86%)** [#############################-----------------------------------] (45.38%)** [##############################----------------------------------] (47.12%)** [###############################---------------------------------] (48.96%)** [################################--------------------------------] (50.40%)** [#################################-------------------------------] (51.67%)** [##################################------------------------------] (53.64%)** [###################################-----------------------------] (54.73%)** [####################################----------------------------] (56.34%)** [#####################################---------------------------] (58.03%)** [######################################--------------------------] (59.40%)** [#######################################-------------------------] (61.10%)** [########################################------------------------] (63.00%)** [#########################################-----------------------] (64.48%)** [##########################################----------------------] (65.78%)** [###########################################---------------------] (67.27%)** [############################################--------------------] (68.80%)** [#############################################-------------------] (70.80%)** [##############################################------------------] (71.94%)** [###############################################-----------------] (73.91%)** [################################################----------------] (75.08%)** [#################################################---------------] (77.09%)** [##################################################--------------] (78.13%)** [###################################################-------------] (79.75%)** [####################################################------------] (81.29%)** [#####################################################-----------] (83.25%)** [######################################################----------] (84.47%)** [#######################################################---------] (86.22%)** [########################################################--------] (87.93%)** [#########################################################-------] (89.50%)** [##########################################################------] (91.12%)** [###########################################################-----] (92.37%)** [############################################################----] (93.90%)** [#############################################################---] (95.65%)** [##############################################################--] (97.26%)** [###############################################################-] (98.91%)** [################################################################] (100.00%)
** Exiting...
FILE: /uscms_data/d3/iturkmen/hh4b_delphes/root/qcd_bbbb_iht200to400_10000_pythia8_delphes.root

KEYS:
  ProcessID0;1
  Delphes;1

TREE: Delphes
ENTRIES: 10000

OBJECT CHECK:
  Event: OK
  Particle: OK
  Jet: OK
  GenJet: OK
  MissingET: OK
  GenMissingET: OK
  Electron: OK
  Muon: OK

SIZE BRANCHES:
  Event_size
  Weight_size
  Particle_size
  Track_size
  Tower_size
  EFlowTrack_size
  EFlowPhoton_size
  EFlowNeutralHadron_size
  GenJet_size
  GenMissingET_size
  Jet_size
  Electron_size
  Photon_size
  Muon_size
  FatJet_size
  MissingET_size
  ScalarHT_size
Input: /uscms_data/d3/iturkmen/hh4b_delphes/root/qcd_bbbb_iht200to400_10000_pythia8_delphes.root
Events: 10000

      event  n_higgs_particles  ...  n_genjets_flavor5  n_genjets_btag
0         0                  0  ...                  0               0
1         1                  0  ...                  0               0
2         2                  0  ...                  0               0
3         3                  0  ...                  0               0
4         4                  0  ...                  0               0
...     ...                ...  ...                ...             ...
9995   9995                  0  ...                  0               0
9996   9996                  0  ...                  0               0
9997   9997                  0  ...                  0               0
9998   9998                  0  ...                  0               0
9999   9999                  0  ...                  0               0

[10000 rows x 15 columns]

Column sums:
  n_higgs_particles: 0
  n_b_particles: 440845
  n_status1_b_particles: 0
  n_jets: 46650
  n_jets_pt30_eta25: 36219
  n_jets_flavor5: 35528
  n_jets_flavoralgo5: 0
  n_jets_flavorphys5: 0
  n_btagged_jets: 23093
  n_btagged_jets_pt30_eta25: 20791
  n_genjets: 48818
  n_genjets_pt30_eta25: 35605
  n_genjets_flavor5: 0
  n_genjets_btag: 0

Events with >=4 reconstructed jets: 5287
Events with >=4 reconstructed b-tagged jets: 662
Events with >=4 jet FlavorPhys b jets: 0
Events with >=4 generator-level b particles: 10000

Wrote: /uscms_data/d3/iturkmen/hh4b_delphes/metadata/qcd_bbbb_iht200to400_10000_diagnostic.csv
Wrote: /uscms_data/d3/iturkmen/hh4b_delphes/parquet/qcd_bbbb_iht200to400_10000_event_summary.parquet
                          sample  event  ...  ht_pt30_eta25        met
0     qcd_bbbb_iht200to400_10000      0  ...     256.089020  31.005154
1     qcd_bbbb_iht200to400_10000      1  ...     343.640533   4.445236
2     qcd_bbbb_iht200to400_10000      2  ...     450.831848  12.335325
3     qcd_bbbb_iht200to400_10000      3  ...     186.605713  38.252224
4     qcd_bbbb_iht200to400_10000      4  ...     324.855804  33.434898
...                          ...    ...  ...            ...        ...
9995  qcd_bbbb_iht200to400_10000   9995  ...     248.391449  10.075574
9996  qcd_bbbb_iht200to400_10000   9996  ...     254.516541  22.275795
9997  qcd_bbbb_iht200to400_10000   9997  ...     261.691772  43.054852
9998  qcd_bbbb_iht200to400_10000   9998  ...     158.189682  33.125675
9999  qcd_bbbb_iht200to400_10000   9999  ...     225.516968  50.947090

[10000 rows x 13 columns]

Selection counts:
  events: 10000
  events with >=4 selected jets: 5287
  events with >=4 selected b-tagged jets: 662
DONE: qcd_bbbb_iht200to400_10000
ROOT: /uscms_data/d3/iturkmen/hh4b_delphes/root/qcd_bbbb_iht200to400_10000_pythia8_delphes.root
HEPMC: /uscms_data/d3/iturkmen/hh4b_delphes/hepmc/qcd_bbbb_iht200to400_10000_pythia8.hepmc
PARQUET: /uscms_data/d3/iturkmen/hh4b_delphes/parquet/qcd_bbbb_iht200to400_10000_event_summary.parquet
DIAGNOSTIC: /uscms_data/d3/iturkmen/hh4b_delphes/metadata/qcd_bbbb_iht200to400_10000_diagnostic.csv
Input events: 10000
Events with >=4 selected b-tagged jets: 662
Wrote: /uscms_data/d3/iturkmen/hh4b_delphes/parquet/qcd_bbbb_iht200to400_10000_hh4b_candidates.parquet

             mbb1        mbb2  ...          mhh  n_selected_bjets
count  662.000000  662.000000  ...   662.000000        662.000000
mean   135.210664  117.685275  ...   405.619391          4.039275
std     42.915311   45.521524  ...   148.493752          0.202028
min     40.132196   31.801054  ...   173.829706          4.000000
25%    110.438200   87.848790  ...   297.844217          4.000000
50%    131.610763  114.337233  ...   375.118944          4.000000
75%    155.943802  140.042457  ...   474.006330          4.000000
max    355.224869  338.612043  ...  1056.652583          6.000000

[8 rows x 6 columns]
sample: qcd_bbbb_iht200to400_10000
events: 10000
candidate rows: 662
cross-section median pb: 126.32364654541016
events with >=4 selected jets: 5287
events with >=4 selected b-tagged jets: 662
median mbb1: 131.61076277284997
median mbb2: 114.33723275818394
median avg_mbb: 125.33402764803705
median delta_mbb: 37.244272130344925
median mhh: 375.11894408557407
median n_selected_bjets: 4.0
Wrote: /uscms_data/d3/iturkmen/hh4b_delphes/metadata/qcd_bbbb_iht200to400_10000_summary.txt
DONE qcd_bbbb_iht200to400_10000
Finished and cleaned bulky files for qcd_bbbb_iht200to400_10000

============================================================
QCD bbbb inclusive-HT slice
LABEL=iht400to600
IHTMIN=400
IHTMAX=600
TAG=qcd_bbbb_iht400to600_10000
RUN_NAME=run_qcd_bbbb_iht400to600_10000
SEED=153000
============================================================
 25.0 = ptb ! minimum pt for b quarks
 -1.0 = ptbmax ! maximum pt for b quarks
  0.0	= xptb ! minimum pt for at least one b 
 400 = ihtmin ! inclusive HT minimum for all partons including b
 600 = ihtmax ! inclusive HT maximum for all partons including b
 0.0 = ht2min ! minimum HT for two leading jets
 0.0 = ht3min ! minimum HT for three leading jets
 0.0 = ht4min ! minimum HT for four leading jets
 -1.0 = ht2max ! maximum HT for two leading jets
 -1.0 = ht3max ! maximum HT for three leading jets
 -1.0 = ht4max ! maximum HT for four leading jets
PROCESS_DIR=/uscms_data/d3/iturkmen/hh4b_delphes/mg5/QCD_bbbb_presel_smoke
RUN_NAME=run_qcd_bbbb_iht400to600_10000
N_EVENTS=10000
SEED=153000
OUTPUT_TAG=qcd_bbbb_iht400to600_10000
APPLY_B_CUTS=no
Updated run card:
 10000 = nevents ! Number of unweighted events
 153000 = iseed ! Random seed
 25.0 = ptb ! minimum pt for b quarks
 -1.0 = ptbmax ! maximum pt for b quarks
 2.7 = etab ! maximum eta for b quarks
  0.0	= etabmin ! min rap for the b
 0.4 = drbb ! minimum deltaR between b quarks
  -1.0	= drbbmax ! max distance between b's
  0.0	= xptb ! minimum pt for at least one b 
 0.4 = drbj ! minimum deltaR between b and light jets
 20.0 = ptj ! minimum pt for jets
 5.0 = etaj ! maximum eta for jets
************************************************************
*                                                          *
*                      W E L C O M E to                    *
*             M A D G R A P H 5 _ a M C @ N L O            *
*                      M A D E V E N T                     *
*                                                          *
*                 *                       *                *
*                   *        * *        *                  *
*                     * * * * 5 * * * *                    *
*                   *        * *        *                  *
*                 *                       *                *
*                                                          *
*         VERSION 3.5.3                                    *
*                                                          *
*    The MadGraph5_aMC@NLO Development Team - Find us at   *
*    https://server06.fynu.ucl.ac.be/projects/madgraph     *
*                                                          *
*               Type 'help' for in-line help.              *
*                                                          *
************************************************************
INFO: load configuration from /uscms_data/d3/iturkmen/hh4b_delphes/mg5/QCD_bbbb_presel_smoke/Cards/me5_configuration.txt  
INFO: load configuration from /cvmfs/sft.cern.ch/lcg/releases/MCGenerators/madgraph5amc/3.5.3.atlas7-2c347/x86_64-el9-gcc13-opt/input/mg5_configuration.txt  
INFO: load configuration from /uscms_data/d3/iturkmen/hh4b_delphes/mg5/QCD_bbbb_presel_smoke/Cards/me5_configuration.txt  
Using default text editor "vi". Set another one in ./input/mg5_configuration.txt
Using default eps viewer "evince". Set another one in ./input/mg5_configuration.txt
Using default web browser "firefox". Set another one in ./input/mg5_configuration.txt
generate_events run_qcd_bbbb_iht400to600_10000 -f
Generating 10000 events with run name run_qcd_bbbb_iht400to600_10000
survey  run_qcd_bbbb_iht400to600_10000 
INFO: compile directory 
compile Source Directory
Using random number seed offset = 153000
INFO: Running Survey 
Creating Jobs
Working on SubProcesses
INFO: Compiling for process 1/2. 
INFO:     P1_gg_bbxbbx  
  0%|          | 0/1236 [00:00<?, ?it/s] 49%|████▊     | 600/1236 [00:00<00:00, 5753.81it/s] 95%|█████████▌| 1176/1236 [00:00<00:00, 3457.29it/s]100%|██████████| 1236/1236 [00:00<00:00, 3866.32it/s]
INFO: Compiling for process 2/2. 
INFO:     P1_qq_bbxbbx  
  0%|          | 0/856 [00:00<?, ?it/s]100%|██████████| 856/856 [00:00<00:00, 23742.70it/s]
INFO:     P1_gg_bbxbbx  
INFO:     P1_qq_bbxbbx  
INFO:  Idle: 1,  Running: 6,  Completed: 0 [ current time: 13h49 ] 
INFO:  Idle: 0,  Running: 6,  Completed: 1 [  0.9s  ] 
INFO:  Idle: 0,  Running: 0,  Completed: 7 [  2.4s  ] 
INFO: End survey 
refine 10000
Creating Jobs
INFO: Refine results to 10000 
INFO: Generating 10000.0 unweighted events. 
sum of cpu time of last step: 16 seconds
INFO: Effective Luminosity 1252.5008266505454 pb^-1 
INFO: need to improve 8 channels 
- Current estimate of cross-section: 9.580832000000001 +- 0.17583105697362708
    P1_gg_bbxbbx 
    P1_qq_bbxbbx 
INFO:  Idle: 7,  Running: 8,  Completed: 0 [ current time: 13h49 ] 
INFO:  Idle: 6,  Running: 8,  Completed: 1 [  2.7s  ] 
INFO:  Idle: 3,  Running: 8,  Completed: 4 [  7.3s  ] 
INFO:  Idle: 1,  Running: 8,  Completed: 6 [  19.4s  ] 
INFO:  Idle: 0,  Running: 4,  Completed: 11 [  26.3s  ] 
INFO:  Idle: 0,  Running: 2,  Completed: 13 [  32.5s  ] 
INFO:  Idle: 0,  Running: 0,  Completed: 15 [  34.5s  ] 
INFO: Combining runs 
sum of cpu time of last step: 2m38s
INFO: finish refine 
refine 10000 --treshold=0.9
No need for second refine due to stability of cross-section
INFO: Combining Events 
combination of events done in 20.422445058822632 s 
  === Results Summary for run: run_qcd_bbbb_iht400to600_10000 tag: tag_1 ===

     Cross-section :   9.725 +- 0.02554 pb
     Nb of events :  10000
 
INFO: Running Systematics computation 
INFO:  Idle: 1,  Running: 3,  Completed: 0 [ current time: 13h50 ] 
INFO:  Idle: 0,  Running: 3,  Completed: 1 [  8.4s  ] 
INFO: # Events generated with PDF: NNPDF23_lo_as_0130_qed (247000) 
INFO: # Will Compute 145 weights per event. 
INFO: #***************************************************************************
#
# original cross-section: 9.722475548980631
#     scale variation: +68.9% -37.7%
#     central scheme variation: + 0% -61.9%
# PDF variation: +5.84% -5.84%
#
# dynamical scheme # 1 : 4.49704 +54.4% -33.3% # \sum ET
# dynamical scheme # 2 : 4.49527 +54.4% -33.3% # \sum\sqrt{m^2+pt^2}
# dynamical scheme # 3 : 6.94137 +61.6% -35.2% # 0.5 \sum\sqrt{m^2+pt^2}
# dynamical scheme # 4 : 3.70013 +51.9% -32.3% # \sqrt{\hat s}
#***************************************************************************
 
INFO: End of systematics computation 
store_events
INFO: Storing parton level results 
INFO: End Parton 
reweight -from_cards
decay_events -from_cards
INFO: storing files of previous run 
INFO: Done 
quit
INFO:  
LHE=/uscms_data/d3/iturkmen/hh4b_delphes/mg5/QCD_bbbb_presel_smoke/Events/run_qcd_bbbb_iht400to600_10000/unweighted_events.lhe.gz
N_FOUND=10000
Sample: qcd_bbbb_iht400to600_10000
Input LHE.GZ: /uscms_data/d3/iturkmen/hh4b_delphes/mg5/QCD_bbbb_presel_smoke/Events/run_qcd_bbbb_iht400to600_10000/unweighted_events.lhe.gz
Events requested: 10000
Output tag: qcd_bbbb_iht400to600_10000
LHE: /uscms_data/d3/iturkmen/hh4b_delphes/mg5/QCD_bbbb_presel_smoke/Events/run_qcd_bbbb_iht400to600_10000/unweighted_events.lhe
HEPMC: /uscms_data/d3/iturkmen/hh4b_delphes/hepmc/qcd_bbbb_iht400to600_10000_pythia8.hepmc
ROOT: /uscms_data/d3/iturkmen/hh4b_delphes/root/qcd_bbbb_iht400to600_10000_pythia8_delphes.root
LHE event count: 10000

 *------------------------------------------------------------------------------------* 
 |                                                                                    | 
 |  *------------------------------------------------------------------------------*  | 
 |  |                                                                              |  | 
 |  |                                                                              |  | 
 |  |   PPP   Y   Y  TTTTT  H   H  III    A      Welcome to the Lund Monte Carlo!  |  | 
 |  |   P  P   Y Y     T    H   H   I    A A     This is PYTHIA version 8.312      |  | 
 |  |   PPP     Y      T    HHHHH   I   AAAAA    Last date of change: 23 May 2024  |  | 
 |  |   P       Y      T    H   H   I   A   A                                      |  | 
 |  |   P       Y      T    H   H  III  A   A    Now is 08 Jul 2026 at 13:51:08    |  | 
 |  |                                                                              |  | 
 |  |   Program documentation and an archive of historic versions is found on:     |  | 
 |  |                                                                              |  | 
 |  |                               https://pythia.org/                            |  | 
 |  |                                                                              |  | 
 |  |   PYTHIA is authored by a collaboration consisting of:                       |  | 
 |  |                                                                              |  | 
 |  |   Javira Altmann, Christian Bierlich, Naomi Cooke, Nishita Desai,            |  | 
 |  |   Leif Gellersen, Ilkka Helenius, Philip Ilten, Leif Lonnblad,               |  | 
 |  |   Stephen Mrenna, Christian Preuss, Torbjorn Sjostrand, Peter Skands,        |  | 
 |  |   Marius Utheim, and Rob Verheyen.                                           |  | 
 |  |                                                                              |  | 
 |  |   The complete list of authors, including contact information and            |  | 
 |  |   affiliations, can be found on https://pythia.org/.                         |  | 
 |  |   Problems or bugs should be reported on email at authors@pythia.org.        |  | 
 |  |                                                                              |  | 
 |  |   The main program reference is C. Bierlich et al,                           |  | 
 |  |   'A comprehensive guide to the physics and usage of Pythia 8.3',            |  | 
 |  |   SciPost Phys. Codebases 8-r8.3 (2022) [arXiv:2203.11601 [hep-ph]]          |  | 
 |  |                                                                              |  | 
 |  |   PYTHIA is released under the GNU General Public Licence version 2 or later.|  | 
 |  |   Please respect the MCnet Guidelines for Event Generator Authors and Users. |  | 
 |  |                                                                              |  | 
 |  |   Disclaimer: this program comes without any guarantees.                     |  | 
 |  |   Beware of errors and use common sense when interpreting results.           |  | 
 |  |                                                                              |  | 
 |  |   Copyright (C) 2024 Torbjorn Sjostrand                                      |  | 
 |  |                                                                              |  | 
 |  |                                                                              |  | 
 |  *------------------------------------------------------------------------------*  | 
 |                                                                                    | 
 *------------------------------------------------------------------------------------* 

 *-----------------------  SusyLesHouches SUSY/BSM Interface  ------------------------*
 | Last Change 12 Apr 2017 - P. Skands
 | Parsing: /uscms_data/d3/iturkmen/hh4b_delphes/mg5/QCD_bbbb_presel_smoke/Events/run_qcd_bbbb_iht400to600_10000/unweighted_events.lhe
 | (SLHA::readFile) line 344 - storing non-SLHA(2) block: yukawa
 *------------------------------------------------------------------------------------*
 PYTHIA Info from SLHAinterface::initSLHA: No MODSEL found, keeping internal SUSY switched off
 PYTHIA Warning in SLHAinterface::initSLHA: ignoring MASS entries for id = {1,2,3,4,5,11,12,13,14,15,16,21,22,23,24} (m0 < SLHA:minMassSM)
 PYTHIA Warning in SLHAinterface::initSLHA: ignoring DECAY tables for id = {23,24,1,2,3,4,5,11,12,13,14,15,16,21,22} (m0 < SLHA:minMassSM)
 PYTHIA Warning in SLHAinterface::initSLHA: ignoring empty DECAY tables for id = {6,25} (total width provided but no Branching Ratios)

 *-------  PYTHIA Process Initialization  --------------------------*
 |                                                                  |
 | We collide p+ with p+ at a CM energy of 1.300e+04 GeV            |
 |                                                                  |
 |------------------------------------------------------------------|
 |                                                    |             |
 | Subprocess                                    Code |   Estimated |
 |                                                    |    max (mb) |
 |                                                    |             |
 |------------------------------------------------------------------|
 |                                                    |             |
 | Les Houches User Process(es)                  9999 |   1.000e-09 |
 |                                                                  |
 *-------  End PYTHIA Process Initialization -----------------------*

 *-------  PYTHIA Multiparton Interactions Initialization  ---------* 
 |                                                                  | 
 |                   sigmaNonDiffractive =    56.42 mb              | 
 |                                                                  | 
 |    pT0 =  2.60 gives sigmaInteraction =   317.96 mb: accepted    | 
 |                                                                  | 
 *-------  End PYTHIA Multiparton Interactions Initialization  -----* 

 *-------  PYTHIA Flag + Mode + Parm + Word + FVec + MVec + PVec + WVec Settings (changes only)  ------------------* 
 |                                                                                                                 | 
 | Name                                          |                      Now |      Default         Min         Max | 
 |                                               |                          |                                      | 
 | Beams:frameType                               |                        4 |            1           1           5 | 
 | Beams:LHEF                                    | /uscms_data/d3/iturkmen/hh4b_delphes/mg5/QCD_bbbb_presel_smoke/Events/run_qcd_bbbb_iht400to600_10000/unweighted_events.lhe |         void | 
 | Check:event                                   |                      off |           on                         | 
 | Next:numberCount                              |                       10 |         1000           0             | 
 | Next:numberShowEvent                          |                        0 |            1           0             | 
 | Next:numberShowInfo                           |                        0 |            1           0             | 
 | Next:numberShowProcess                        |                        0 |            1           0             | 
 |                                                                                                                 | 
 *-------  End PYTHIA Flag + Mode + Parm + Word + FVec + MVec + PVec + WVec Settings  -----------------------------* 

 --------  PYTHIA Particle Data Table (changed only)  ------------------------------------------------------------------------------
 
      id   name            antiName         spn chg col      m0        mWidth      mMin       mMax       tau0    res dec ext vis wid
             no onMode   bRatio   meMode     products 

       6  t                tbar               2   2   1  173.00000    1.35678  166.40000  179.60000  1.45438e-13   1   1   0   1   0
              0     1   0.0000664    0       24        1 
              1     1   0.0017361    0       24        3 
              2     1   0.9981975    0       24        5 
              3     0   0.0000000    0       37        5 

      25  h0                                  1   0   0  125.00000    0.00408  124.96809  125.03191  4.83238e-11   1   1   0   0   0
              0     1   0.0000009    0        1       -1 
              1     1   0.0000002    0        2       -2 
              2     1   0.0002163    0        3       -3 
              3     1   0.0288493    0        4       -4 
              4     1   0.5768873    0        5       -5 
              5     1   0.0000000    0        6       -6 
              6     1   0.0000000    0       11      -11 
              7     1   0.0002185    0       13      -13 
              8     1   0.0628569    0       15      -15 
              9     1   0.0850383    0       21       21 
             10     1   0.0022965    0       22       22 
             11     1   0.0016155    0       22       23 
             12     1   0.0261758    0       23       23 
             13     1   0.2158445    0       24      -24 
             14     1   0.0000000  103  1000022  1000022 
             15     1   0.0000000  103  1000023  1000022 
             16     1   0.0000000  103  1000023  1000023 
             17     1   0.0000000  103  1000025  1000022 
             18     1   0.0000000  103  1000025  1000023 
             19     1   0.0000000  103  1000025  1000025 
             20     1   0.0000000  103  1000035  1000022 
             21     1   0.0000000  103  1000035  1000023 
             22     1   0.0000000  103  1000035  1000025 
             23     1   0.0000000  103  1000035  1000035 
             24     1   0.0000000  103  1000024 -1000024 
             25     1   0.0000000  103  1000024 -1000037 
             26     1   0.0000000  103  1000037 -1000024 
             27     1   0.0000000  103  1000037 -1000037 
             28     1   0.0000000  103  1000001 -1000001 
             29     1   0.0000000  103  2000001 -2000001 
             30     1   0.0000000  103  1000001 -2000001 
             31     1   0.0000000  103 -1000001  2000001 
             32     1   0.0000000  103  1000002 -1000002 
             33     1   0.0000000  103  2000002 -2000002 
             34     1   0.0000000  103  1000002 -2000002 
             35     1   0.0000000  103 -1000002  2000002 
             36     1   0.0000000  103  1000003 -1000003 
             37     1   0.0000000  103  2000003 -2000003 
             38     1   0.0000000  103  1000003 -2000003 
             39     1   0.0000000  103 -1000003  2000003 
             40     1   0.0000000  103  1000004 -1000004 
             41     1   0.0000000  103  2000004 -2000004 
             42     1   0.0000000  103  1000004 -2000004 
             43     1   0.0000000  103 -1000004  2000004 
             44     1   0.0000000  103  1000005 -1000005 
             45     1   0.0000000  103  2000005 -2000005 
             46     1   0.0000000  103  1000005 -2000005 
             47     1   0.0000000  103 -1000005  2000005 
             48     1   0.0000000  103  1000006 -1000006 
             49     1   0.0000000  103  2000006 -2000006 
             50     1   0.0000000  103  1000006 -2000006 
             51     1   0.0000000  103 -1000006  2000006 
             52     1   0.0000000  103  1000011 -1000011 
             53     1   0.0000000  103  2000011 -2000011 
             54     1   0.0000000  103  1000011 -2000011 
             55     1   0.0000000  103 -1000011  2000011 
             56     1   0.0000000  103  1000012 -1000012 
             57     1   0.0000000  103  2000012 -2000012 
             58     1   0.0000000  103  1000012 -2000012 
             59     1   0.0000000  103 -1000012  2000012 
             60     1   0.0000000  103  1000013 -1000013 
             61     1   0.0000000  103  2000013 -2000013 
             62     1   0.0000000  103  1000013 -2000013 
             63     1   0.0000000  103 -1000013  2000013 
             64     1   0.0000000  103  1000014 -1000014 
             65     1   0.0000000  103  2000014 -2000014 
             66     1   0.0000000  103  1000014 -2000014 
             67     1   0.0000000  103 -1000014  2000014 
             68     1   0.0000000  103  1000015 -1000015 
             69     1   0.0000000  103  2000015 -2000015 
             70     1   0.0000000  103  1000015 -2000015 
             71     1   0.0000000  103 -1000015  2000015 
             72     1   0.0000000  103  1000016 -1000016 
             73     1   0.0000000  103  2000016 -2000016 
             74     1   0.0000000  103  1000016 -2000016 
             75     1   0.0000000  103 -1000016  2000016 

 --------  End PYTHIA Particle Data Table  -----------------------------------------------------------------------------------------


 --------  LHA initialization information  ------------ 

  beam    kind      energy  pdfgrp  pdfset 
     A    2212    6500.000       0  247000
     B    2212    6500.000       0  247000

  Event weighting strategy = -4

  Processes, with strategy-dependent cross section info 
  number      xsec (pb)      xerr (pb)      xmax (pb) 
       1     9.7254e+00     2.5540e-02     9.7254e+00

 --------  End LHA initialization information  -------- 

 --------  LHA event information and listing  ---------------------------------------------------------------------- 

    process =        1    weight =   9.7254e+00     scale =   1.0835e+02 (GeV) 
                        alpha_em =   7.5558e-03    alpha_strong =   1.2991e-01

    Participating Particles 
    no        id stat     mothers     colours      p_x        p_y        p_z         e          m        tau    spin 
     1        21   -1     0     0   502   503      0.000      0.000   1223.978   1223.978      0.000   0.000  -1.000
     2        21   -1     0     0   501   504     -0.000     -0.000    -39.005     39.005      0.000   0.000  -1.000
     3         5    1     1     2   501     0    -48.542   -123.882    224.074    260.642      4.700   0.000   1.000
     4        -5    1     1     2     0   503    -75.579    -19.448    282.513    293.131      4.700   0.000  -1.000
     5         5    1     1     2   502     0    130.354    104.347    550.442    575.229      4.700   0.000  -1.000
     6        -5    1     1     2     0   504     -6.233     38.984    127.946    133.981      4.700   0.000   1.000

 --------  End LHA event information and listing  ------------------------------------------------------------------ 

 Pythia::next(): 10 events have been generated 

 Pythia::next(): 20 events have been generated 

 Pythia::next(): 30 events have been generated 

 Pythia::next(): 40 events have been generated 

 Pythia::next(): 50 events have been generated 

 Pythia::next(): 60 events have been generated 

 Pythia::next(): 70 events have been generated 

 Pythia::next(): 80 events have been generated 

 Pythia::next(): 90 events have been generated 

 Pythia::next(): 100 events have been generated 

 Pythia::next(): 110 events have been generated 

 Pythia::next(): 120 events have been generated 

 Pythia::next(): 130 events have been generated 

 Pythia::next(): 140 events have been generated 

 Pythia::next(): 150 events have been generated 

 Pythia::next(): 160 events have been generated 

 Pythia::next(): 170 events have been generated 

 Pythia::next(): 180 events have been generated 

 Pythia::next(): 190 events have been generated 

 Pythia::next(): 200 events have been generated 

 Pythia::next(): 210 events have been generated 

 Pythia::next(): 220 events have been generated 

 Pythia::next(): 230 events have been generated 

 Pythia::next(): 240 events have been generated 

 Pythia::next(): 250 events have been generated 

 Pythia::next(): 260 events have been generated 

 Pythia::next(): 270 events have been generated 

 Pythia::next(): 280 events have been generated 

 Pythia::next(): 290 events have been generated 

 Pythia::next(): 300 events have been generated 

 Pythia::next(): 310 events have been generated 

 Pythia::next(): 320 events have been generated 

 Pythia::next(): 330 events have been generated 

 Pythia::next(): 340 events have been generated 

 Pythia::next(): 350 events have been generated 

 Pythia::next(): 360 events have been generated 

 Pythia::next(): 370 events have been generated 

 Pythia::next(): 380 events have been generated 

 Pythia::next(): 390 events have been generated 

 Pythia::next(): 400 events have been generated 

 Pythia::next(): 410 events have been generated 

 Pythia::next(): 420 events have been generated 

 Pythia::next(): 430 events have been generated 

 Pythia::next(): 440 events have been generated 

 Pythia::next(): 450 events have been generated 

 Pythia::next(): 460 events have been generated 

 Pythia::next(): 470 events have been generated 

 Pythia::next(): 480 events have been generated 

 Pythia::next(): 490 events have been generated 

 Pythia::next(): 500 events have been generated 

 Pythia::next(): 510 events have been generated 

 Pythia::next(): 520 events have been generated 

 Pythia::next(): 530 events have been generated 

 Pythia::next(): 540 events have been generated 

 Pythia::next(): 550 events have been generated 

 Pythia::next(): 560 events have been generated 

 Pythia::next(): 570 events have been generated 

 Pythia::next(): 580 events have been generated 

 Pythia::next(): 590 events have been generated 

 Pythia::next(): 600 events have been generated 

 Pythia::next(): 610 events have been generated 

 Pythia::next(): 620 events have been generated 

 Pythia::next(): 630 events have been generated 

 Pythia::next(): 640 events have been generated 

 Pythia::next(): 650 events have been generated 

 Pythia::next(): 660 events have been generated 

 Pythia::next(): 670 events have been generated 

 Pythia::next(): 680 events have been generated 

 Pythia::next(): 690 events have been generated 

 Pythia::next(): 700 events have been generated 

 Pythia::next(): 710 events have been generated 
 PYTHIA Warning in MultipartonInteractions::pTnext: weight above unity

 Pythia::next(): 720 events have been generated 

 Pythia::next(): 730 events have been generated 

 Pythia::next(): 740 events have been generated 

 Pythia::next(): 750 events have been generated 

 Pythia::next(): 760 events have been generated 

 Pythia::next(): 770 events have been generated 

 Pythia::next(): 780 events have been generated 

 Pythia::next(): 790 events have been generated 

 Pythia::next(): 800 events have been generated 

 Pythia::next(): 810 events have been generated 

 Pythia::next(): 820 events have been generated 

 Pythia::next(): 830 events have been generated 

 Pythia::next(): 840 events have been generated 

 Pythia::next(): 850 events have been generated 

 Pythia::next(): 860 events have been generated 

 Pythia::next(): 870 events have been generated 

 Pythia::next(): 880 events have been generated 

 Pythia::next(): 890 events have been generated 

 Pythia::next(): 900 events have been generated 

 Pythia::next(): 910 events have been generated 

 Pythia::next(): 920 events have been generated 

 Pythia::next(): 930 events have been generated 

 Pythia::next(): 940 events have been generated 

 Pythia::next(): 950 events have been generated 

 Pythia::next(): 960 events have been generated 

 Pythia::next(): 970 events have been generated 

 Pythia::next(): 980 events have been generated 

 Pythia::next(): 990 events have been generated 

 Pythia::next(): 1000 events have been generated 

 Pythia::next(): 1010 events have been generated 

 Pythia::next(): 1020 events have been generated 

 Pythia::next(): 1030 events have been generated 

 Pythia::next(): 1040 events have been generated 

 Pythia::next(): 1050 events have been generated 

 Pythia::next(): 1060 events have been generated 

 Pythia::next(): 1070 events have been generated 

 Pythia::next(): 1080 events have been generated 

 Pythia::next(): 1090 events have been generated 

 Pythia::next(): 1100 events have been generated 

 Pythia::next(): 1110 events have been generated 

 Pythia::next(): 1120 events have been generated 

 Pythia::next(): 1130 events have been generated 

 Pythia::next(): 1140 events have been generated 

 Pythia::next(): 1150 events have been generated 

 Pythia::next(): 1160 events have been generated 

 Pythia::next(): 1170 events have been generated 

 Pythia::next(): 1180 events have been generated 

 Pythia::next(): 1190 events have been generated 

 Pythia::next(): 1200 events have been generated 

 Pythia::next(): 1210 events have been generated 

 Pythia::next(): 1220 events have been generated 

 Pythia::next(): 1230 events have been generated 

 Pythia::next(): 1240 events have been generated 

 Pythia::next(): 1250 events have been generated 

 Pythia::next(): 1260 events have been generated 

 Pythia::next(): 1270 events have been generated 

 Pythia::next(): 1280 events have been generated 

 Pythia::next(): 1290 events have been generated 

 Pythia::next(): 1300 events have been generated 

 Pythia::next(): 1310 events have been generated 

 Pythia::next(): 1320 events have been generated 

 Pythia::next(): 1330 events have been generated 

 Pythia::next(): 1340 events have been generated 

 Pythia::next(): 1350 events have been generated 

 Pythia::next(): 1360 events have been generated 

 Pythia::next(): 1370 events have been generated 

 Pythia::next(): 1380 events have been generated 

 Pythia::next(): 1390 events have been generated 

 Pythia::next(): 1400 events have been generated 

 Pythia::next(): 1410 events have been generated 

 Pythia::next(): 1420 events have been generated 

 Pythia::next(): 1430 events have been generated 

 Pythia::next(): 1440 events have been generated 

 Pythia::next(): 1450 events have been generated 

 Pythia::next(): 1460 events have been generated 

 Pythia::next(): 1470 events have been generated 

 Pythia::next(): 1480 events have been generated 

 Pythia::next(): 1490 events have been generated 

 Pythia::next(): 1500 events have been generated 

 Pythia::next(): 1510 events have been generated 

 Pythia::next(): 1520 events have been generated 

 Pythia::next(): 1530 events have been generated 

 Pythia::next(): 1540 events have been generated 

 Pythia::next(): 1550 events have been generated 

 Pythia::next(): 1560 events have been generated 

 Pythia::next(): 1570 events have been generated 

 Pythia::next(): 1580 events have been generated 

 Pythia::next(): 1590 events have been generated 

 Pythia::next(): 1600 events have been generated 

 Pythia::next(): 1610 events have been generated 

 Pythia::next(): 1620 events have been generated 

 Pythia::next(): 1630 events have been generated 

 Pythia::next(): 1640 events have been generated 

 Pythia::next(): 1650 events have been generated 

 Pythia::next(): 1660 events have been generated 

 Pythia::next(): 1670 events have been generated 

 Pythia::next(): 1680 events have been generated 
 PYTHIA Warning in HadronWidths::pickMasses: angular momentum and running widths not used

 Pythia::next(): 1690 events have been generated 

 Pythia::next(): 1700 events have been generated 

 Pythia::next(): 1710 events have been generated 

 Pythia::next(): 1720 events have been generated 

 Pythia::next(): 1730 events have been generated 

 Pythia::next(): 1740 events have been generated 

 Pythia::next(): 1750 events have been generated 

 Pythia::next(): 1760 events have been generated 

 Pythia::next(): 1770 events have been generated 

 Pythia::next(): 1780 events have been generated 

 Pythia::next(): 1790 events have been generated 

 Pythia::next(): 1800 events have been generated 

 Pythia::next(): 1810 events have been generated 

 Pythia::next(): 1820 events have been generated 

 Pythia::next(): 1830 events have been generated 

 Pythia::next(): 1840 events have been generated 

 Pythia::next(): 1850 events have been generated 

 Pythia::next(): 1860 events have been generated 

 Pythia::next(): 1870 events have been generated 

 Pythia::next(): 1880 events have been generated 

 Pythia::next(): 1890 events have been generated 

 Pythia::next(): 1900 events have been generated 

 Pythia::next(): 1910 events have been generated 

 Pythia::next(): 1920 events have been generated 

 Pythia::next(): 1930 events have been generated 

 Pythia::next(): 1940 events have been generated 

 Pythia::next(): 1950 events have been generated 

 Pythia::next(): 1960 events have been generated 

 Pythia::next(): 1970 events have been generated 

 Pythia::next(): 1980 events have been generated 

 Pythia::next(): 1990 events have been generated 

 Pythia::next(): 2000 events have been generated 

 Pythia::next(): 2010 events have been generated 

 Pythia::next(): 2020 events have been generated 

 Pythia::next(): 2030 events have been generated 

 Pythia::next(): 2040 events have been generated 

 Pythia::next(): 2050 events have been generated 

 Pythia::next(): 2060 events have been generated 

 Pythia::next(): 2070 events have been generated 

 Pythia::next(): 2080 events have been generated 

 Pythia::next(): 2090 events have been generated 

 Pythia::next(): 2100 events have been generated 

 Pythia::next(): 2110 events have been generated 

 Pythia::next(): 2120 events have been generated 

 Pythia::next(): 2130 events have been generated 

 Pythia::next(): 2140 events have been generated 

 Pythia::next(): 2150 events have been generated 

 Pythia::next(): 2160 events have been generated 

 Pythia::next(): 2170 events have been generated 

 Pythia::next(): 2180 events have been generated 

 Pythia::next(): 2190 events have been generated 

 Pythia::next(): 2200 events have been generated 

 Pythia::next(): 2210 events have been generated 

 Pythia::next(): 2220 events have been generated 

 Pythia::next(): 2230 events have been generated 

 Pythia::next(): 2240 events have been generated 

 Pythia::next(): 2250 events have been generated 

 Pythia::next(): 2260 events have been generated 

 Pythia::next(): 2270 events have been generated 

 Pythia::next(): 2280 events have been generated 

 Pythia::next(): 2290 events have been generated 

 Pythia::next(): 2300 events have been generated 

 Pythia::next(): 2310 events have been generated 

 Pythia::next(): 2320 events have been generated 

 Pythia::next(): 2330 events have been generated 

 Pythia::next(): 2340 events have been generated 

 Pythia::next(): 2350 events have been generated 

 Pythia::next(): 2360 events have been generated 

 Pythia::next(): 2370 events have been generated 

 Pythia::next(): 2380 events have been generated 

 Pythia::next(): 2390 events have been generated 

 Pythia::next(): 2400 events have been generated 

 Pythia::next(): 2410 events have been generated 

 Pythia::next(): 2420 events have been generated 

 Pythia::next(): 2430 events have been generated 

 Pythia::next(): 2440 events have been generated 

 Pythia::next(): 2450 events have been generated 

 Pythia::next(): 2460 events have been generated 

 Pythia::next(): 2470 events have been generated 

 Pythia::next(): 2480 events have been generated 

 Pythia::next(): 2490 events have been generated 

 Pythia::next(): 2500 events have been generated 

 Pythia::next(): 2510 events have been generated 

 Pythia::next(): 2520 events have been generated 

 Pythia::next(): 2530 events have been generated 

 Pythia::next(): 2540 events have been generated 

 Pythia::next(): 2550 events have been generated 

 Pythia::next(): 2560 events have been generated 

 Pythia::next(): 2570 events have been generated 

 Pythia::next(): 2580 events have been generated 

 Pythia::next(): 2590 events have been generated 

 Pythia::next(): 2600 events have been generated 

 Pythia::next(): 2610 events have been generated 

 Pythia::next(): 2620 events have been generated 

 Pythia::next(): 2630 events have been generated 

 Pythia::next(): 2640 events have been generated 

 Pythia::next(): 2650 events have been generated 

 Pythia::next(): 2660 events have been generated 

 Pythia::next(): 2670 events have been generated 

 Pythia::next(): 2680 events have been generated 

 Pythia::next(): 2690 events have been generated 

 Pythia::next(): 2700 events have been generated 

 Pythia::next(): 2710 events have been generated 

 Pythia::next(): 2720 events have been generated 

 Pythia::next(): 2730 events have been generated 

 Pythia::next(): 2740 events have been generated 

 Pythia::next(): 2750 events have been generated 

 Pythia::next(): 2760 events have been generated 

 Pythia::next(): 2770 events have been generated 

 Pythia::next(): 2780 events have been generated 

 Pythia::next(): 2790 events have been generated 

 Pythia::next(): 2800 events have been generated 

 Pythia::next(): 2810 events have been generated 

 Pythia::next(): 2820 events have been generated 

 Pythia::next(): 2830 events have been generated 

 Pythia::next(): 2840 events have been generated 

 Pythia::next(): 2850 events have been generated 

 Pythia::next(): 2860 events have been generated 

 Pythia::next(): 2870 events have been generated 

 Pythia::next(): 2880 events have been generated 

 Pythia::next(): 2890 events have been generated 

 Pythia::next(): 2900 events have been generated 

 Pythia::next(): 2910 events have been generated 

 Pythia::next(): 2920 events have been generated 

 Pythia::next(): 2930 events have been generated 

 Pythia::next(): 2940 events have been generated 

 Pythia::next(): 2950 events have been generated 

 Pythia::next(): 2960 events have been generated 

 Pythia::next(): 2970 events have been generated 

 Pythia::next(): 2980 events have been generated 

 Pythia::next(): 2990 events have been generated 

 Pythia::next(): 3000 events have been generated 

 Pythia::next(): 3010 events have been generated 

 Pythia::next(): 3020 events have been generated 

 Pythia::next(): 3030 events have been generated 

 Pythia::next(): 3040 events have been generated 

 Pythia::next(): 3050 events have been generated 

 Pythia::next(): 3060 events have been generated 

 Pythia::next(): 3070 events have been generated 

 Pythia::next(): 3080 events have been generated 

 Pythia::next(): 3090 events have been generated 

 Pythia::next(): 3100 events have been generated 

 Pythia::next(): 3110 events have been generated 

 Pythia::next(): 3120 events have been generated 

 Pythia::next(): 3130 events have been generated 

 Pythia::next(): 3140 events have been generated 

 Pythia::next(): 3150 events have been generated 

 Pythia::next(): 3160 events have been generated 

 Pythia::next(): 3170 events have been generated 

 Pythia::next(): 3180 events have been generated 

 Pythia::next(): 3190 events have been generated 

 Pythia::next(): 3200 events have been generated 

 Pythia::next(): 3210 events have been generated 

 Pythia::next(): 3220 events have been generated 

 Pythia::next(): 3230 events have been generated 

 Pythia::next(): 3240 events have been generated 

 Pythia::next(): 3250 events have been generated 

 Pythia::next(): 3260 events have been generated 

 Pythia::next(): 3270 events have been generated 

 Pythia::next(): 3280 events have been generated 

 Pythia::next(): 3290 events have been generated 

 Pythia::next(): 3300 events have been generated 

 Pythia::next(): 3310 events have been generated 

 Pythia::next(): 3320 events have been generated 

 Pythia::next(): 3330 events have been generated 

 Pythia::next(): 3340 events have been generated 

 Pythia::next(): 3350 events have been generated 

 Pythia::next(): 3360 events have been generated 

 Pythia::next(): 3370 events have been generated 

 Pythia::next(): 3380 events have been generated 

 Pythia::next(): 3390 events have been generated 

 Pythia::next(): 3400 events have been generated 

 Pythia::next(): 3410 events have been generated 

 Pythia::next(): 3420 events have been generated 

 Pythia::next(): 3430 events have been generated 

 Pythia::next(): 3440 events have been generated 

 Pythia::next(): 3450 events have been generated 

 Pythia::next(): 3460 events have been generated 

 Pythia::next(): 3470 events have been generated 

 Pythia::next(): 3480 events have been generated 

 Pythia::next(): 3490 events have been generated 

 Pythia::next(): 3500 events have been generated 

 Pythia::next(): 3510 events have been generated 

 Pythia::next(): 3520 events have been generated 

 Pythia::next(): 3530 events have been generated 

 Pythia::next(): 3540 events have been generated 

 Pythia::next(): 3550 events have been generated 

 Pythia::next(): 3560 events have been generated 

 Pythia::next(): 3570 events have been generated 

 Pythia::next(): 3580 events have been generated 

 Pythia::next(): 3590 events have been generated 

 Pythia::next(): 3600 events have been generated 

 Pythia::next(): 3610 events have been generated 

 Pythia::next(): 3620 events have been generated 

 Pythia::next(): 3630 events have been generated 

 Pythia::next(): 3640 events have been generated 

 Pythia::next(): 3650 events have been generated 

 Pythia::next(): 3660 events have been generated 

 Pythia::next(): 3670 events have been generated 

 Pythia::next(): 3680 events have been generated 

 Pythia::next(): 3690 events have been generated 

 Pythia::next(): 3700 events have been generated 

 Pythia::next(): 3710 events have been generated 

 Pythia::next(): 3720 events have been generated 

 Pythia::next(): 3730 events have been generated 

 Pythia::next(): 3740 events have been generated 

 Pythia::next(): 3750 events have been generated 

 Pythia::next(): 3760 events have been generated 

 Pythia::next(): 3770 events have been generated 

 Pythia::next(): 3780 events have been generated 

 Pythia::next(): 3790 events have been generated 

 Pythia::next(): 3800 events have been generated 

 Pythia::next(): 3810 events have been generated 

 Pythia::next(): 3820 events have been generated 

 Pythia::next(): 3830 events have been generated 

 Pythia::next(): 3840 events have been generated 

 Pythia::next(): 3850 events have been generated 

 Pythia::next(): 3860 events have been generated 

 Pythia::next(): 3870 events have been generated 

 Pythia::next(): 3880 events have been generated 

 Pythia::next(): 3890 events have been generated 

 Pythia::next(): 3900 events have been generated 

 Pythia::next(): 3910 events have been generated 

 Pythia::next(): 3920 events have been generated 

 Pythia::next(): 3930 events have been generated 

 Pythia::next(): 3940 events have been generated 

 Pythia::next(): 3950 events have been generated 

 Pythia::next(): 3960 events have been generated 

 Pythia::next(): 3970 events have been generated 

 Pythia::next(): 3980 events have been generated 

 Pythia::next(): 3990 events have been generated 

 Pythia::next(): 4000 events have been generated 

 Pythia::next(): 4010 events have been generated 

 Pythia::next(): 4020 events have been generated 

 Pythia::next(): 4030 events have been generated 

 Pythia::next(): 4040 events have been generated 

 Pythia::next(): 4050 events have been generated 

 Pythia::next(): 4060 events have been generated 

 Pythia::next(): 4070 events have been generated 

 Pythia::next(): 4080 events have been generated 

 Pythia::next(): 4090 events have been generated 

 Pythia::next(): 4100 events have been generated 

 Pythia::next(): 4110 events have been generated 

 Pythia::next(): 4120 events have been generated 

 Pythia::next(): 4130 events have been generated 

 Pythia::next(): 4140 events have been generated 
 PYTHIA Error in SimpleSpaceShower::pT2nearThreshold: stuck in loop

 Pythia::next(): 4150 events have been generated 

 Pythia::next(): 4160 events have been generated 

 Pythia::next(): 4170 events have been generated 

 Pythia::next(): 4180 events have been generated 

 Pythia::next(): 4190 events have been generated 

 Pythia::next(): 4200 events have been generated 

 Pythia::next(): 4210 events have been generated 

 Pythia::next(): 4220 events have been generated 

 Pythia::next(): 4230 events have been generated 

 Pythia::next(): 4240 events have been generated 

 Pythia::next(): 4250 events have been generated 

 Pythia::next(): 4260 events have been generated 

 Pythia::next(): 4270 events have been generated 

 Pythia::next(): 4280 events have been generated 

 Pythia::next(): 4290 events have been generated 

 Pythia::next(): 4300 events have been generated 

 Pythia::next(): 4310 events have been generated 

 Pythia::next(): 4320 events have been generated 

 Pythia::next(): 4330 events have been generated 

 Pythia::next(): 4340 events have been generated 

 Pythia::next(): 4350 events have been generated 

 Pythia::next(): 4360 events have been generated 

 Pythia::next(): 4370 events have been generated 

 Pythia::next(): 4380 events have been generated 

 Pythia::next(): 4390 events have been generated 

 Pythia::next(): 4400 events have been generated 

 Pythia::next(): 4410 events have been generated 

 Pythia::next(): 4420 events have been generated 

 Pythia::next(): 4430 events have been generated 

 Pythia::next(): 4440 events have been generated 

 Pythia::next(): 4450 events have been generated 

 Pythia::next(): 4460 events have been generated 

 Pythia::next(): 4470 events have been generated 

 Pythia::next(): 4480 events have been generated 

 Pythia::next(): 4490 events have been generated 

 Pythia::next(): 4500 events have been generated 

 Pythia::next(): 4510 events have been generated 

 Pythia::next(): 4520 events have been generated 

 Pythia::next(): 4530 events have been generated 

 Pythia::next(): 4540 events have been generated 

 Pythia::next(): 4550 events have been generated 

 Pythia::next(): 4560 events have been generated 

 Pythia::next(): 4570 events have been generated 

 Pythia::next(): 4580 events have been generated 

 Pythia::next(): 4590 events have been generated 

 Pythia::next(): 4600 events have been generated 

 Pythia::next(): 4610 events have been generated 

 Pythia::next(): 4620 events have been generated 

 Pythia::next(): 4630 events have been generated 

 Pythia::next(): 4640 events have been generated 

 Pythia::next(): 4650 events have been generated 

 Pythia::next(): 4660 events have been generated 

 Pythia::next(): 4670 events have been generated 

 Pythia::next(): 4680 events have been generated 

 Pythia::next(): 4690 events have been generated 

 Pythia::next(): 4700 events have been generated 

 Pythia::next(): 4710 events have been generated 

 Pythia::next(): 4720 events have been generated 

 Pythia::next(): 4730 events have been generated 

 Pythia::next(): 4740 events have been generated 

 Pythia::next(): 4750 events have been generated 

 Pythia::next(): 4760 events have been generated 

 Pythia::next(): 4770 events have been generated 

 Pythia::next(): 4780 events have been generated 

 Pythia::next(): 4790 events have been generated 

 Pythia::next(): 4800 events have been generated 

 Pythia::next(): 4810 events have been generated 

 Pythia::next(): 4820 events have been generated 

 Pythia::next(): 4830 events have been generated 

 Pythia::next(): 4840 events have been generated 

 Pythia::next(): 4850 events have been generated 

 Pythia::next(): 4860 events have been generated 

 Pythia::next(): 4870 events have been generated 

 Pythia::next(): 4880 events have been generated 

 Pythia::next(): 4890 events have been generated 

 Pythia::next(): 4900 events have been generated 

 Pythia::next(): 4910 events have been generated 

 Pythia::next(): 4920 events have been generated 

 Pythia::next(): 4930 events have been generated 

 Pythia::next(): 4940 events have been generated 

 Pythia::next(): 4950 events have been generated 

 Pythia::next(): 4960 events have been generated 

 Pythia::next(): 4970 events have been generated 

 Pythia::next(): 4980 events have been generated 

 Pythia::next(): 4990 events have been generated 

 Pythia::next(): 5000 events have been generated 

 Pythia::next(): 5010 events have been generated 

 Pythia::next(): 5020 events have been generated 

 Pythia::next(): 5030 events have been generated 

 Pythia::next(): 5040 events have been generated 

 Pythia::next(): 5050 events have been generated 

 Pythia::next(): 5060 events have been generated 

 Pythia::next(): 5070 events have been generated 

 Pythia::next(): 5080 events have been generated 

 Pythia::next(): 5090 events have been generated 

 Pythia::next(): 5100 events have been generated 

 Pythia::next(): 5110 events have been generated 

 Pythia::next(): 5120 events have been generated 

 Pythia::next(): 5130 events have been generated 

 Pythia::next(): 5140 events have been generated 

 Pythia::next(): 5150 events have been generated 

 Pythia::next(): 5160 events have been generated 

 Pythia::next(): 5170 events have been generated 

 Pythia::next(): 5180 events have been generated 

 Pythia::next(): 5190 events have been generated 

 Pythia::next(): 5200 events have been generated 

 Pythia::next(): 5210 events have been generated 

 Pythia::next(): 5220 events have been generated 

 Pythia::next(): 5230 events have been generated 

 Pythia::next(): 5240 events have been generated 

 Pythia::next(): 5250 events have been generated 

 Pythia::next(): 5260 events have been generated 

 Pythia::next(): 5270 events have been generated 

 Pythia::next(): 5280 events have been generated 

 Pythia::next(): 5290 events have been generated 

 Pythia::next(): 5300 events have been generated 

 Pythia::next(): 5310 events have been generated 

 Pythia::next(): 5320 events have been generated 

 Pythia::next(): 5330 events have been generated 

 Pythia::next(): 5340 events have been generated 

 Pythia::next(): 5350 events have been generated 

 Pythia::next(): 5360 events have been generated 

 Pythia::next(): 5370 events have been generated 

 Pythia::next(): 5380 events have been generated 

 Pythia::next(): 5390 events have been generated 

 Pythia::next(): 5400 events have been generated 

 Pythia::next(): 5410 events have been generated 

 Pythia::next(): 5420 events have been generated 

 Pythia::next(): 5430 events have been generated 

 Pythia::next(): 5440 events have been generated 

 Pythia::next(): 5450 events have been generated 

 Pythia::next(): 5460 events have been generated 

 Pythia::next(): 5470 events have been generated 

 Pythia::next(): 5480 events have been generated 

 Pythia::next(): 5490 events have been generated 

 Pythia::next(): 5500 events have been generated 

 Pythia::next(): 5510 events have been generated 

 Pythia::next(): 5520 events have been generated 

 Pythia::next(): 5530 events have been generated 

 Pythia::next(): 5540 events have been generated 

 Pythia::next(): 5550 events have been generated 

 Pythia::next(): 5560 events have been generated 

 Pythia::next(): 5570 events have been generated 

 Pythia::next(): 5580 events have been generated 

 Pythia::next(): 5590 events have been generated 

 Pythia::next(): 5600 events have been generated 

 Pythia::next(): 5610 events have been generated 

 Pythia::next(): 5620 events have been generated 

 Pythia::next(): 5630 events have been generated 

 Pythia::next(): 5640 events have been generated 

 Pythia::next(): 5650 events have been generated 

 Pythia::next(): 5660 events have been generated 

 Pythia::next(): 5670 events have been generated 

 Pythia::next(): 5680 events have been generated 

 Pythia::next(): 5690 events have been generated 

 Pythia::next(): 5700 events have been generated 

 Pythia::next(): 5710 events have been generated 

 Pythia::next(): 5720 events have been generated 
 PYTHIA Warning in TauDecays::decay: unknown correlated tau production, assuming from unpolarized photon

 Pythia::next(): 5730 events have been generated 

 Pythia::next(): 5740 events have been generated 

 Pythia::next(): 5750 events have been generated 

 Pythia::next(): 5760 events have been generated 

 Pythia::next(): 5770 events have been generated 

 Pythia::next(): 5780 events have been generated 

 Pythia::next(): 5790 events have been generated 

 Pythia::next(): 5800 events have been generated 

 Pythia::next(): 5810 events have been generated 

 Pythia::next(): 5820 events have been generated 

 Pythia::next(): 5830 events have been generated 

 Pythia::next(): 5840 events have been generated 

 Pythia::next(): 5850 events have been generated 

 Pythia::next(): 5860 events have been generated 

 Pythia::next(): 5870 events have been generated 

 Pythia::next(): 5880 events have been generated 

 Pythia::next(): 5890 events have been generated 

 Pythia::next(): 5900 events have been generated 

 Pythia::next(): 5910 events have been generated 

 Pythia::next(): 5920 events have been generated 

 Pythia::next(): 5930 events have been generated 

 Pythia::next(): 5940 events have been generated 

 Pythia::next(): 5950 events have been generated 

 Pythia::next(): 5960 events have been generated 

 Pythia::next(): 5970 events have been generated 

 Pythia::next(): 5980 events have been generated 

 Pythia::next(): 5990 events have been generated 

 Pythia::next(): 6000 events have been generated 

 Pythia::next(): 6010 events have been generated 

 Pythia::next(): 6020 events have been generated 

 Pythia::next(): 6030 events have been generated 

 Pythia::next(): 6040 events have been generated 

 Pythia::next(): 6050 events have been generated 

 Pythia::next(): 6060 events have been generated 

 Pythia::next(): 6070 events have been generated 

 Pythia::next(): 6080 events have been generated 

 Pythia::next(): 6090 events have been generated 

 Pythia::next(): 6100 events have been generated 

 Pythia::next(): 6110 events have been generated 

 Pythia::next(): 6120 events have been generated 

 Pythia::next(): 6130 events have been generated 

 Pythia::next(): 6140 events have been generated 

 Pythia::next(): 6150 events have been generated 

 Pythia::next(): 6160 events have been generated 

 Pythia::next(): 6170 events have been generated 

 Pythia::next(): 6180 events have been generated 

 Pythia::next(): 6190 events have been generated 

 Pythia::next(): 6200 events have been generated 

 Pythia::next(): 6210 events have been generated 

 Pythia::next(): 6220 events have been generated 

 Pythia::next(): 6230 events have been generated 

 Pythia::next(): 6240 events have been generated 

 Pythia::next(): 6250 events have been generated 

 Pythia::next(): 6260 events have been generated 

 Pythia::next(): 6270 events have been generated 

 Pythia::next(): 6280 events have been generated 

 Pythia::next(): 6290 events have been generated 

 Pythia::next(): 6300 events have been generated 

 Pythia::next(): 6310 events have been generated 

 Pythia::next(): 6320 events have been generated 

 Pythia::next(): 6330 events have been generated 

 Pythia::next(): 6340 events have been generated 

 Pythia::next(): 6350 events have been generated 

 Pythia::next(): 6360 events have been generated 

 Pythia::next(): 6370 events have been generated 

 Pythia::next(): 6380 events have been generated 

 Pythia::next(): 6390 events have been generated 

 Pythia::next(): 6400 events have been generated 

 Pythia::next(): 6410 events have been generated 

 Pythia::next(): 6420 events have been generated 

 Pythia::next(): 6430 events have been generated 

 Pythia::next(): 6440 events have been generated 

 Pythia::next(): 6450 events have been generated 

 Pythia::next(): 6460 events have been generated 

 Pythia::next(): 6470 events have been generated 

 Pythia::next(): 6480 events have been generated 

 Pythia::next(): 6490 events have been generated 

 Pythia::next(): 6500 events have been generated 

 Pythia::next(): 6510 events have been generated 

 Pythia::next(): 6520 events have been generated 

 Pythia::next(): 6530 events have been generated 

 Pythia::next(): 6540 events have been generated 

 Pythia::next(): 6550 events have been generated 

 Pythia::next(): 6560 events have been generated 

 Pythia::next(): 6570 events have been generated 

 Pythia::next(): 6580 events have been generated 

 Pythia::next(): 6590 events have been generated 

 Pythia::next(): 6600 events have been generated 

 Pythia::next(): 6610 events have been generated 

 Pythia::next(): 6620 events have been generated 

 Pythia::next(): 6630 events have been generated 

 Pythia::next(): 6640 events have been generated 

 Pythia::next(): 6650 events have been generated 

 Pythia::next(): 6660 events have been generated 

 Pythia::next(): 6670 events have been generated 

 Pythia::next(): 6680 events have been generated 

 Pythia::next(): 6690 events have been generated 

 Pythia::next(): 6700 events have been generated 

 Pythia::next(): 6710 events have been generated 

 Pythia::next(): 6720 events have been generated 

 Pythia::next(): 6730 events have been generated 

 Pythia::next(): 6740 events have been generated 

 Pythia::next(): 6750 events have been generated 

 Pythia::next(): 6760 events have been generated 

 Pythia::next(): 6770 events have been generated 

 Pythia::next(): 6780 events have been generated 

 Pythia::next(): 6790 events have been generated 

 Pythia::next(): 6800 events have been generated 

 Pythia::next(): 6810 events have been generated 

 Pythia::next(): 6820 events have been generated 

 Pythia::next(): 6830 events have been generated 

 Pythia::next(): 6840 events have been generated 

 Pythia::next(): 6850 events have been generated 

 Pythia::next(): 6860 events have been generated 

 Pythia::next(): 6870 events have been generated 

 Pythia::next(): 6880 events have been generated 
 PYTHIA Error in StringFragmentation::fragment: stuck in joining
 PYTHIA Error in Pythia::next: hadronLevel failed; try again

 Pythia::next(): 6890 events have been generated 

 Pythia::next(): 6900 events have been generated 

 Pythia::next(): 6910 events have been generated 

 Pythia::next(): 6920 events have been generated 

 Pythia::next(): 6930 events have been generated 

 Pythia::next(): 6940 events have been generated 

 Pythia::next(): 6950 events have been generated 

 Pythia::next(): 6960 events have been generated 

 Pythia::next(): 6970 events have been generated 

 Pythia::next(): 6980 events have been generated 

 Pythia::next(): 6990 events have been generated 

 Pythia::next(): 7000 events have been generated 

 Pythia::next(): 7010 events have been generated 

 Pythia::next(): 7020 events have been generated 

 Pythia::next(): 7030 events have been generated 

 Pythia::next(): 7040 events have been generated 

 Pythia::next(): 7050 events have been generated 

 Pythia::next(): 7060 events have been generated 

 Pythia::next(): 7070 events have been generated 

 Pythia::next(): 7080 events have been generated 

 Pythia::next(): 7090 events have been generated 

 Pythia::next(): 7100 events have been generated 

 Pythia::next(): 7110 events have been generated 

 Pythia::next(): 7120 events have been generated 

 Pythia::next(): 7130 events have been generated 

 Pythia::next(): 7140 events have been generated 

 Pythia::next(): 7150 events have been generated 

 Pythia::next(): 7160 events have been generated 

 Pythia::next(): 7170 events have been generated 

 Pythia::next(): 7180 events have been generated 

 Pythia::next(): 7190 events have been generated 

 Pythia::next(): 7200 events have been generated 

 Pythia::next(): 7210 events have been generated 

 Pythia::next(): 7220 events have been generated 

 Pythia::next(): 7230 events have been generated 

 Pythia::next(): 7240 events have been generated 

 Pythia::next(): 7250 events have been generated 

 Pythia::next(): 7260 events have been generated 

 Pythia::next(): 7270 events have been generated 

 Pythia::next(): 7280 events have been generated 

 Pythia::next(): 7290 events have been generated 

 Pythia::next(): 7300 events have been generated 

 Pythia::next(): 7310 events have been generated 

 Pythia::next(): 7320 events have been generated 

 Pythia::next(): 7330 events have been generated 

 Pythia::next(): 7340 events have been generated 

 Pythia::next(): 7350 events have been generated 

 Pythia::next(): 7360 events have been generated 

 Pythia::next(): 7370 events have been generated 

 Pythia::next(): 7380 events have been generated 

 Pythia::next(): 7390 events have been generated 

 Pythia::next(): 7400 events have been generated 

 Pythia::next(): 7410 events have been generated 

 Pythia::next(): 7420 events have been generated 

 Pythia::next(): 7430 events have been generated 

 Pythia::next(): 7440 events have been generated 

 Pythia::next(): 7450 events have been generated 

 Pythia::next(): 7460 events have been generated 

 Pythia::next(): 7470 events have been generated 

 Pythia::next(): 7480 events have been generated 

 Pythia::next(): 7490 events have been generated 

 Pythia::next(): 7500 events have been generated 

 Pythia::next(): 7510 events have been generated 

 Pythia::next(): 7520 events have been generated 

 Pythia::next(): 7530 events have been generated 

 Pythia::next(): 7540 events have been generated 

 Pythia::next(): 7550 events have been generated 

 Pythia::next(): 7560 events have been generated 

 Pythia::next(): 7570 events have been generated 

 Pythia::next(): 7580 events have been generated 

 Pythia::next(): 7590 events have been generated 

 Pythia::next(): 7600 events have been generated 

 Pythia::next(): 7610 events have been generated 

 Pythia::next(): 7620 events have been generated 

 Pythia::next(): 7630 events have been generated 

 Pythia::next(): 7640 events have been generated 

 Pythia::next(): 7650 events have been generated 

 Pythia::next(): 7660 events have been generated 

 Pythia::next(): 7670 events have been generated 

 Pythia::next(): 7680 events have been generated 

 Pythia::next(): 7690 events have been generated 

 Pythia::next(): 7700 events have been generated 

 Pythia::next(): 7710 events have been generated 

 Pythia::next(): 7720 events have been generated 

 Pythia::next(): 7730 events have been generated 

 Pythia::next(): 7740 events have been generated 

 Pythia::next(): 7750 events have been generated 

 Pythia::next(): 7760 events have been generated 

 Pythia::next(): 7770 events have been generated 

 Pythia::next(): 7780 events have been generated 

 Pythia::next(): 7790 events have been generated 

 Pythia::next(): 7800 events have been generated 

 Pythia::next(): 7810 events have been generated 

 Pythia::next(): 7820 events have been generated 

 Pythia::next(): 7830 events have been generated 

 Pythia::next(): 7840 events have been generated 

 Pythia::next(): 7850 events have been generated 

 Pythia::next(): 7860 events have been generated 

 Pythia::next(): 7870 events have been generated 

 Pythia::next(): 7880 events have been generated 

 Pythia::next(): 7890 events have been generated 

 Pythia::next(): 7900 events have been generated 

 Pythia::next(): 7910 events have been generated 

 Pythia::next(): 7920 events have been generated 

 Pythia::next(): 7930 events have been generated 

 Pythia::next(): 7940 events have been generated 

 Pythia::next(): 7950 events have been generated 

 Pythia::next(): 7960 events have been generated 

 Pythia::next(): 7970 events have been generated 

 Pythia::next(): 7980 events have been generated 

 Pythia::next(): 7990 events have been generated 

 Pythia::next(): 8000 events have been generated 

 Pythia::next(): 8010 events have been generated 

 Pythia::next(): 8020 events have been generated 

 Pythia::next(): 8030 events have been generated 

 Pythia::next(): 8040 events have been generated 

 Pythia::next(): 8050 events have been generated 

 Pythia::next(): 8060 events have been generated 

 Pythia::next(): 8070 events have been generated 

 Pythia::next(): 8080 events have been generated 

 Pythia::next(): 8090 events have been generated 

 Pythia::next(): 8100 events have been generated 

 Pythia::next(): 8110 events have been generated 

 Pythia::next(): 8120 events have been generated 

 Pythia::next(): 8130 events have been generated 

 Pythia::next(): 8140 events have been generated 

 Pythia::next(): 8150 events have been generated 

 Pythia::next(): 8160 events have been generated 

 Pythia::next(): 8170 events have been generated 

 Pythia::next(): 8180 events have been generated 

 Pythia::next(): 8190 events have been generated 

 Pythia::next(): 8200 events have been generated 

 Pythia::next(): 8210 events have been generated 

 Pythia::next(): 8220 events have been generated 

 Pythia::next(): 8230 events have been generated 

 Pythia::next(): 8240 events have been generated 

 Pythia::next(): 8250 events have been generated 

 Pythia::next(): 8260 events have been generated 

 Pythia::next(): 8270 events have been generated 

 Pythia::next(): 8280 events have been generated 

 Pythia::next(): 8290 events have been generated 

 Pythia::next(): 8300 events have been generated 

 Pythia::next(): 8310 events have been generated 

 Pythia::next(): 8320 events have been generated 

 Pythia::next(): 8330 events have been generated 

 Pythia::next(): 8340 events have been generated 

 Pythia::next(): 8350 events have been generated 

 Pythia::next(): 8360 events have been generated 

 Pythia::next(): 8370 events have been generated 

 Pythia::next(): 8380 events have been generated 

 Pythia::next(): 8390 events have been generated 

 Pythia::next(): 8400 events have been generated 

 Pythia::next(): 8410 events have been generated 

 Pythia::next(): 8420 events have been generated 

 Pythia::next(): 8430 events have been generated 

 Pythia::next(): 8440 events have been generated 

 Pythia::next(): 8450 events have been generated 

 Pythia::next(): 8460 events have been generated 

 Pythia::next(): 8470 events have been generated 

 Pythia::next(): 8480 events have been generated 

 Pythia::next(): 8490 events have been generated 

 Pythia::next(): 8500 events have been generated 

 Pythia::next(): 8510 events have been generated 

 Pythia::next(): 8520 events have been generated 

 Pythia::next(): 8530 events have been generated 

 Pythia::next(): 8540 events have been generated 

 Pythia::next(): 8550 events have been generated 

 Pythia::next(): 8560 events have been generated 

 Pythia::next(): 8570 events have been generated 

 Pythia::next(): 8580 events have been generated 

 Pythia::next(): 8590 events have been generated 

 Pythia::next(): 8600 events have been generated 

 Pythia::next(): 8610 events have been generated 

 Pythia::next(): 8620 events have been generated 

 Pythia::next(): 8630 events have been generated 

 Pythia::next(): 8640 events have been generated 

 Pythia::next(): 8650 events have been generated 

 Pythia::next(): 8660 events have been generated 

 Pythia::next(): 8670 events have been generated 

 Pythia::next(): 8680 events have been generated 

 Pythia::next(): 8690 events have been generated 

 Pythia::next(): 8700 events have been generated 

 Pythia::next(): 8710 events have been generated 

 Pythia::next(): 8720 events have been generated 

 Pythia::next(): 8730 events have been generated 

 Pythia::next(): 8740 events have been generated 

 Pythia::next(): 8750 events have been generated 

 Pythia::next(): 8760 events have been generated 

 Pythia::next(): 8770 events have been generated 

 Pythia::next(): 8780 events have been generated 

 Pythia::next(): 8790 events have been generated 

 Pythia::next(): 8800 events have been generated 

 Pythia::next(): 8810 events have been generated 

 Pythia::next(): 8820 events have been generated 

 Pythia::next(): 8830 events have been generated 

 Pythia::next(): 8840 events have been generated 

 Pythia::next(): 8850 events have been generated 

 Pythia::next(): 8860 events have been generated 

 Pythia::next(): 8870 events have been generated 

 Pythia::next(): 8880 events have been generated 

 Pythia::next(): 8890 events have been generated 

 Pythia::next(): 8900 events have been generated 

 Pythia::next(): 8910 events have been generated 

 Pythia::next(): 8920 events have been generated 

 Pythia::next(): 8930 events have been generated 

 Pythia::next(): 8940 events have been generated 

 Pythia::next(): 8950 events have been generated 

 Pythia::next(): 8960 events have been generated 

 Pythia::next(): 8970 events have been generated 

 Pythia::next(): 8980 events have been generated 

 Pythia::next(): 8990 events have been generated 

 Pythia::next(): 9000 events have been generated 

 Pythia::next(): 9010 events have been generated 

 Pythia::next(): 9020 events have been generated 

 Pythia::next(): 9030 events have been generated 

 Pythia::next(): 9040 events have been generated 

 Pythia::next(): 9050 events have been generated 

 Pythia::next(): 9060 events have been generated 

 Pythia::next(): 9070 events have been generated 

 Pythia::next(): 9080 events have been generated 

 Pythia::next(): 9090 events have been generated 

 Pythia::next(): 9100 events have been generated 

 Pythia::next(): 9110 events have been generated 

 Pythia::next(): 9120 events have been generated 

 Pythia::next(): 9130 events have been generated 

 Pythia::next(): 9140 events have been generated 

 Pythia::next(): 9150 events have been generated 

 Pythia::next(): 9160 events have been generated 

 Pythia::next(): 9170 events have been generated 

 Pythia::next(): 9180 events have been generated 

 Pythia::next(): 9190 events have been generated 

 Pythia::next(): 9200 events have been generated 

 Pythia::next(): 9210 events have been generated 

 Pythia::next(): 9220 events have been generated 

 Pythia::next(): 9230 events have been generated 

 Pythia::next(): 9240 events have been generated 

 Pythia::next(): 9250 events have been generated 

 Pythia::next(): 9260 events have been generated 

 Pythia::next(): 9270 events have been generated 

 Pythia::next(): 9280 events have been generated 

 Pythia::next(): 9290 events have been generated 

 Pythia::next(): 9300 events have been generated 

 Pythia::next(): 9310 events have been generated 

 Pythia::next(): 9320 events have been generated 

 Pythia::next(): 9330 events have been generated 

 Pythia::next(): 9340 events have been generated 

 Pythia::next(): 9350 events have been generated 

 Pythia::next(): 9360 events have been generated 

 Pythia::next(): 9370 events have been generated 

 Pythia::next(): 9380 events have been generated 

 Pythia::next(): 9390 events have been generated 

 Pythia::next(): 9400 events have been generated 

 Pythia::next(): 9410 events have been generated 

 Pythia::next(): 9420 events have been generated 

 Pythia::next(): 9430 events have been generated 

 Pythia::next(): 9440 events have been generated 

 Pythia::next(): 9450 events have been generated 

 Pythia::next(): 9460 events have been generated 

 Pythia::next(): 9470 events have been generated 

 Pythia::next(): 9480 events have been generated 

 Pythia::next(): 9490 events have been generated 

 Pythia::next(): 9500 events have been generated 

 Pythia::next(): 9510 events have been generated 

 Pythia::next(): 9520 events have been generated 

 Pythia::next(): 9530 events have been generated 

 Pythia::next(): 9540 events have been generated 

 Pythia::next(): 9550 events have been generated 

 Pythia::next(): 9560 events have been generated 

 Pythia::next(): 9570 events have been generated 

 Pythia::next(): 9580 events have been generated 

 Pythia::next(): 9590 events have been generated 

 Pythia::next(): 9600 events have been generated 

 Pythia::next(): 9610 events have been generated 

 Pythia::next(): 9620 events have been generated 

 Pythia::next(): 9630 events have been generated 

 Pythia::next(): 9640 events have been generated 

 Pythia::next(): 9650 events have been generated 

 Pythia::next(): 9660 events have been generated 

 Pythia::next(): 9670 events have been generated 

 Pythia::next(): 9680 events have been generated 

 Pythia::next(): 9690 events have been generated 

 Pythia::next(): 9700 events have been generated 

 Pythia::next(): 9710 events have been generated 

 Pythia::next(): 9720 events have been generated 

 Pythia::next(): 9730 events have been generated 

 Pythia::next(): 9740 events have been generated 

 Pythia::next(): 9750 events have been generated 

 Pythia::next(): 9760 events have been generated 

 Pythia::next(): 9770 events have been generated 

 Pythia::next(): 9780 events have been generated 

 Pythia::next(): 9790 events have been generated 

 Pythia::next(): 9800 events have been generated 

 Pythia::next(): 9810 events have been generated 

 Pythia::next(): 9820 events have been generated 

 Pythia::next(): 9830 events have been generated 

 Pythia::next(): 9840 events have been generated 

 Pythia::next(): 9850 events have been generated 

 Pythia::next(): 9860 events have been generated 

 Pythia::next(): 9870 events have been generated 

 Pythia::next(): 9880 events have been generated 

 Pythia::next(): 9890 events have been generated 

 Pythia::next(): 9900 events have been generated 

 Pythia::next(): 9910 events have been generated 

 Pythia::next(): 9920 events have been generated 

 Pythia::next(): 9930 events have been generated 

 Pythia::next(): 9940 events have been generated 

 Pythia::next(): 9950 events have been generated 

 Pythia::next(): 9960 events have been generated 

 Pythia::next(): 9970 events have been generated 

 Pythia::next(): 9980 events have been generated 

 Pythia::next(): 9990 events have been generated 

 *-------  PYTHIA Event and Cross Section Statistics  -------------------------------------------------------------*
 |                                                                                                                 |
 | Subprocess                                    Code |            Number of events       |      sigma +- delta    |
 |                                                    |       Tried   Selected   Accepted |     (estimated) (mb)   |
 |                                                    |                                   |                        |
 |-----------------------------------------------------------------------------------------------------------------|
 |                                                    |                                   |                        |
 | Les Houches User Process(es)                  9999 |       10000      10000      10000 |   9.725e-09  4.303e-17 |
 |    ... whereof user classification code          1 |       10000      10000      10000 |                        | 
 |                                                    |                                   |                        |
 | sum                                                |       10000      10000      10000 |   9.725e-09  4.303e-17 |
 |                                                                                                                 |
 *-------  End PYTHIA Event and Cross Section Statistics ----------------------------------------------------------*

 *-------  PYTHIA Error and Warning Messages Statistics  ----------------------------------------------------------* 
 |                                                                                                                 | 
 |  times   message                                                                                                | 
 |                                                                                                                 | 
 |      1   Error in Pythia::next: hadronLevel failed; try again                                                   | 
 |      2   Error in SimpleSpaceShower::pT2nearThreshold: stuck in loop                                            | 
 |      1   Error in StringFragmentation::fragment: stuck in joining                                               | 
 |      3   Warning in HadronWidths::pickMasses: angular momentum and running widths not used                      | 
 |      1   Warning in MultipartonInteractions::pTnext: weight above unity                                         | 
 |      1   Warning in SLHAinterface::initSLHA: ignoring DECAY tables                                              | 
 |      1   Warning in SLHAinterface::initSLHA: ignoring MASS entries                                              | 
 |      1   Warning in SLHAinterface::initSLHA: ignoring empty DECAY tables                                        | 
 |      1   Warning in TauDecays::decay: unknown correlated tau production, assuming from unpolarized photon       | 
 |      1   Info from SLHAinterface::initSLHA: No MODSEL found, keeping internal SUSY switched off                 | 
 |                                                                                                                 | 
 *-------  End PYTHIA Error and Warning Messages Statistics  ------------------------------------------------------* 
Wrote 10000 events to /uscms_data/d3/iturkmen/hh4b_delphes/hepmc/qcd_bbbb_iht400to600_10000_pythia8.hepmc
** INFO: initializing module  Delphes                  
** INFO: initializing module  ParticlePropagator       
** INFO: initializing module  ChargedHadronTrackingEfficiency
** INFO: initializing module  ElectronTrackingEfficiency
** INFO: initializing module  MuonTrackingEfficiency   
** INFO: initializing module  ChargedHadronMomentumSmearing
** INFO: initializing module  ElectronMomentumSmearing 
** INFO: initializing module  MuonMomentumSmearing     
** INFO: initializing module  TrackMerger              
** INFO: initializing module  ECal                     
** INFO: initializing module  HCal                     
** INFO: initializing module  Calorimeter              
** INFO: initializing module  EFlowMerger              
** INFO: initializing module  EFlowFilter              
** INFO: initializing module  PhotonEfficiency         
** INFO: initializing module  PhotonIsolation          
** INFO: initializing module  ElectronFilter           
** INFO: initializing module  ElectronEfficiency       
** INFO: initializing module  ElectronIsolation        
** INFO: initializing module  ChargedHadronFilter      
** INFO: initializing module  MuonEfficiency           
** INFO: initializing module  MuonIsolation            
** INFO: initializing module  MissingET                
** INFO: initializing module  NeutrinoFilter           
** INFO: initializing module  GenJetFinder             
#--------------------------------------------------------------------------
#                         FastJet release 3.5.1
#                 M. Cacciari, G.P. Salam and G. Soyez                  
#     A software package for jet finding and analysis at colliders      
#                           https://fastjet.fr                           
#	                                                                      
# Please cite EPJC72(2012)1896 [arXiv:1111.6097] if you use this package
# for scientific work and optionally PLB641(2006)57 [hep-ph/0512210].   
#                                                                       
# FastJet is provided without warranty under the GNU GPL v2 or higher.  
# It uses T. Chan's closest pair algorithm, S. Fortune's Voronoi code
# and 3rd party plugin jet algorithms. See COPYING file for details.
#--------------------------------------------------------------------------
** INFO: initializing module  GenMissingET             
** INFO: initializing module  FastJetFinder            
** INFO: initializing module  FatJetFinder             
** INFO: initializing module  JetEnergyScale           
** INFO: initializing module  JetFlavorAssociation     
** INFO: initializing module  BTagging                 
** INFO: initializing module  TauTagging               
** INFO: initializing module  UniqueObjectFinder       
** INFO: initializing module  ScalarHT                 
** INFO: initializing module  TreeWriter               
** Reading /uscms_data/d3/iturkmen/hh4b_delphes/hepmc/qcd_bbbb_iht400to600_10000_pythia8.hepmc
** [----------------------------------------------------------------] (0.01%)** [#---------------------------------------------------------------] (1.86%)** [##--------------------------------------------------------------] (3.65%)** [###-------------------------------------------------------------] (5.34%)** [####------------------------------------------------------------] (6.66%)** [#####-----------------------------------------------------------] (8.40%)** [######----------------------------------------------------------] (9.53%)** [#######---------------------------------------------------------] (11.01%)** [########--------------------------------------------------------] (12.97%)** [#########-------------------------------------------------------] (14.39%)** [##########------------------------------------------------------] (16.00%)** [###########-----------------------------------------------------] (17.85%)** [############----------------------------------------------------] (18.98%)** [#############---------------------------------------------------] (20.38%)** [##############--------------------------------------------------] (22.06%)** [###############-------------------------------------------------] (23.78%)** [################------------------------------------------------] (25.30%)** [#################-----------------------------------------------] (26.64%)** [##################----------------------------------------------] (28.13%)** [###################---------------------------------------------] (30.20%)** [####################--------------------------------------------] (31.62%)** [#####################-------------------------------------------] (33.63%)** [######################------------------------------------------] (35.01%)** [#######################-----------------------------------------] (36.14%)** [########################----------------------------------------] (37.54%)** [#########################---------------------------------------] (39.15%)** [##########################--------------------------------------] (41.00%)** [###########################-------------------------------------] (42.53%)** [############################------------------------------------] (44.19%)** [#############################-----------------------------------] (45.89%)** [##############################----------------------------------] (47.11%)** [###############################---------------------------------] (48.71%)** [################################--------------------------------] (50.45%)** [#################################-------------------------------] (51.92%)** [##################################------------------------------] (53.92%)** [###################################-----------------------------] (55.33%)** [####################################----------------------------] (56.48%)** [#####################################---------------------------] (57.89%)** [######################################--------------------------] (59.63%)** [#######################################-------------------------] (61.34%)** [########################################------------------------] (63.05%)** [#########################################-----------------------] (64.18%)** [##########################################----------------------] (65.65%)** [###########################################---------------------] (67.65%)** [############################################--------------------] (69.00%)** [#############################################-------------------] (71.04%)** [##############################################------------------] (72.14%)** [###############################################-----------------] (73.58%)** [################################################----------------] (75.77%)** [#################################################---------------] (76.59%)** [##################################################--------------] (78.22%)** [###################################################-------------] (79.98%)** [####################################################------------] (81.67%)** [#####################################################-----------] (83.18%)** [######################################################----------] (84.61%)** [#######################################################---------] (86.75%)** [########################################################--------] (87.92%)** [#########################################################-------] (89.41%)** [##########################################################------] (90.66%)** [###########################################################-----] (92.44%)** [############################################################----] (94.12%)** [#############################################################---] (95.49%)** [##############################################################--] (97.03%)** [###############################################################-] (98.62%)** [################################################################] (100.00%)
** Exiting...
FILE: /uscms_data/d3/iturkmen/hh4b_delphes/root/qcd_bbbb_iht400to600_10000_pythia8_delphes.root

KEYS:
  ProcessID0;1
  Delphes;1

TREE: Delphes
ENTRIES: 10000

OBJECT CHECK:
  Event: OK
  Particle: OK
  Jet: OK
  GenJet: OK
  MissingET: OK
  GenMissingET: OK
  Electron: OK
  Muon: OK

SIZE BRANCHES:
  Event_size
  Weight_size
  Particle_size
  Track_size
  Tower_size
  EFlowTrack_size
  EFlowPhoton_size
  EFlowNeutralHadron_size
  GenJet_size
  GenMissingET_size
  Jet_size
  Electron_size
  Photon_size
  Muon_size
  FatJet_size
  MissingET_size
  ScalarHT_size
Input: /uscms_data/d3/iturkmen/hh4b_delphes/root/qcd_bbbb_iht400to600_10000_pythia8_delphes.root
Events: 10000

      event  n_higgs_particles  ...  n_genjets_flavor5  n_genjets_btag
0         0                  0  ...                  0               0
1         1                  0  ...                  0               0
2         2                  0  ...                  0               0
3         3                  0  ...                  0               0
4         4                  0  ...                  0               0
...     ...                ...  ...                ...             ...
9995   9995                  0  ...                  0               0
9996   9996                  0  ...                  0               0
9997   9997                  0  ...                  0               0
9998   9998                  0  ...                  0               0
9999   9999                  0  ...                  0               0

[10000 rows x 15 columns]

Column sums:
  n_higgs_particles: 0
  n_b_particles: 468566
  n_status1_b_particles: 0
  n_jets: 54223
  n_jets_pt30_eta25: 43702
  n_jets_flavor5: 38050
  n_jets_flavoralgo5: 0
  n_jets_flavorphys5: 0
  n_btagged_jets: 26202
  n_btagged_jets_pt30_eta25: 24669
  n_genjets: 56252
  n_genjets_pt30_eta25: 43109
  n_genjets_flavor5: 0
  n_genjets_btag: 0

Events with >=4 reconstructed jets: 7762
Events with >=4 reconstructed b-tagged jets: 1480
Events with >=4 jet FlavorPhys b jets: 0
Events with >=4 generator-level b particles: 10000

Wrote: /uscms_data/d3/iturkmen/hh4b_delphes/metadata/qcd_bbbb_iht400to600_10000_diagnostic.csv
Wrote: /uscms_data/d3/iturkmen/hh4b_delphes/parquet/qcd_bbbb_iht400to600_10000_event_summary.parquet
                          sample  event  ...  ht_pt30_eta25        met
0     qcd_bbbb_iht400to600_10000      0  ...     474.444855  62.072899
1     qcd_bbbb_iht400to600_10000      1  ...     364.992523   5.697213
2     qcd_bbbb_iht400to600_10000      2  ...     260.772247  19.662472
3     qcd_bbbb_iht400to600_10000      3  ...     558.183105  69.988235
4     qcd_bbbb_iht400to600_10000      4  ...     453.451172  34.232540
...                          ...    ...  ...            ...        ...
9995  qcd_bbbb_iht400to600_10000   9995  ...     486.878784  16.577236
9996  qcd_bbbb_iht400to600_10000   9996  ...     423.983002  26.693783
9997  qcd_bbbb_iht400to600_10000   9997  ...     349.825714  49.854561
9998  qcd_bbbb_iht400to600_10000   9998  ...     341.076935  50.971458
9999  qcd_bbbb_iht400to600_10000   9999  ...     371.093597   6.412943

[10000 rows x 13 columns]

Selection counts:
  events: 10000
  events with >=4 selected jets: 7762
  events with >=4 selected b-tagged jets: 1480
DONE: qcd_bbbb_iht400to600_10000
ROOT: /uscms_data/d3/iturkmen/hh4b_delphes/root/qcd_bbbb_iht400to600_10000_pythia8_delphes.root
HEPMC: /uscms_data/d3/iturkmen/hh4b_delphes/hepmc/qcd_bbbb_iht400to600_10000_pythia8.hepmc
PARQUET: /uscms_data/d3/iturkmen/hh4b_delphes/parquet/qcd_bbbb_iht400to600_10000_event_summary.parquet
DIAGNOSTIC: /uscms_data/d3/iturkmen/hh4b_delphes/metadata/qcd_bbbb_iht400to600_10000_diagnostic.csv
Input events: 10000
Events with >=4 selected b-tagged jets: 1480
Wrote: /uscms_data/d3/iturkmen/hh4b_delphes/parquet/qcd_bbbb_iht400to600_10000_hh4b_candidates.parquet

              mbb1         mbb2  ...          mhh  n_selected_bjets
count  1480.000000  1480.000000  ...  1480.000000       1480.000000
mean    186.488387   144.280069  ...   625.911520          4.092568
std      87.513033    72.514667  ...   211.437484          0.314532
min      42.807658    25.724313  ...   211.151814          4.000000
25%     122.355167    91.978115  ...   480.460406          4.000000
50%     173.427153   129.628881  ...   585.030787          4.000000
75%     230.636367   177.132087  ...   715.920974          4.000000
max     649.973262   537.274277  ...  1793.494305          8.000000

[8 rows x 6 columns]
sample: qcd_bbbb_iht400to600_10000
events: 10000
candidate rows: 1480
cross-section median pb: 9.72539234161377
events with >=4 selected jets: 7762
events with >=4 selected b-tagged jets: 1480
median mbb1: 173.42715307709364
median mbb2: 129.62888052992815
median avg_mbb: 157.4364372809847
median delta_mbb: 70.1118735403583
median mhh: 585.0307873824629
median n_selected_bjets: 4.0
Wrote: /uscms_data/d3/iturkmen/hh4b_delphes/metadata/qcd_bbbb_iht400to600_10000_summary.txt
DONE qcd_bbbb_iht400to600_10000
Finished and cleaned bulky files for qcd_bbbb_iht400to600_10000

============================================================
QCD bbbb inclusive-HT slice
LABEL=iht600plus
IHTMIN=600
IHTMAX=-1
TAG=qcd_bbbb_iht600plus_10000
RUN_NAME=run_qcd_bbbb_iht600plus_10000
SEED=154000
============================================================
 25.0 = ptb ! minimum pt for b quarks
 -1.0 = ptbmax ! maximum pt for b quarks
  0.0	= xptb ! minimum pt for at least one b 
 600 = ihtmin ! inclusive HT minimum for all partons including b
 -1 = ihtmax ! inclusive HT maximum for all partons including b
 0.0 = ht2min ! minimum HT for two leading jets
 0.0 = ht3min ! minimum HT for three leading jets
 0.0 = ht4min ! minimum HT for four leading jets
 -1.0 = ht2max ! maximum HT for two leading jets
 -1.0 = ht3max ! maximum HT for three leading jets
 -1.0 = ht4max ! maximum HT for four leading jets
PROCESS_DIR=/uscms_data/d3/iturkmen/hh4b_delphes/mg5/QCD_bbbb_presel_smoke
RUN_NAME=run_qcd_bbbb_iht600plus_10000
N_EVENTS=10000
SEED=154000
OUTPUT_TAG=qcd_bbbb_iht600plus_10000
APPLY_B_CUTS=no
Updated run card:
 10000 = nevents ! Number of unweighted events
 154000 = iseed ! Random seed
 25.0 = ptb ! minimum pt for b quarks
 -1.0 = ptbmax ! maximum pt for b quarks
 2.7 = etab ! maximum eta for b quarks
  0.0	= etabmin ! min rap for the b
 0.4 = drbb ! minimum deltaR between b quarks
  -1.0	= drbbmax ! max distance between b's
  0.0	= xptb ! minimum pt for at least one b 
 0.4 = drbj ! minimum deltaR between b and light jets
 20.0 = ptj ! minimum pt for jets
 5.0 = etaj ! maximum eta for jets
************************************************************
*                                                          *
*                      W E L C O M E to                    *
*             M A D G R A P H 5 _ a M C @ N L O            *
*                      M A D E V E N T                     *
*                                                          *
*                 *                       *                *
*                   *        * *        *                  *
*                     * * * * 5 * * * *                    *
*                   *        * *        *                  *
*                 *                       *                *
*                                                          *
*         VERSION 3.5.3                                    *
*                                                          *
*    The MadGraph5_aMC@NLO Development Team - Find us at   *
*    https://server06.fynu.ucl.ac.be/projects/madgraph     *
*                                                          *
*               Type 'help' for in-line help.              *
*                                                          *
************************************************************
INFO: load configuration from /uscms_data/d3/iturkmen/hh4b_delphes/mg5/QCD_bbbb_presel_smoke/Cards/me5_configuration.txt  
INFO: load configuration from /cvmfs/sft.cern.ch/lcg/releases/MCGenerators/madgraph5amc/3.5.3.atlas7-2c347/x86_64-el9-gcc13-opt/input/mg5_configuration.txt  
INFO: load configuration from /uscms_data/d3/iturkmen/hh4b_delphes/mg5/QCD_bbbb_presel_smoke/Cards/me5_configuration.txt  
Using default text editor "vi". Set another one in ./input/mg5_configuration.txt
Using default eps viewer "evince". Set another one in ./input/mg5_configuration.txt
Using default web browser "firefox". Set another one in ./input/mg5_configuration.txt
generate_events run_qcd_bbbb_iht600plus_10000 -f
Generating 10000 events with run name run_qcd_bbbb_iht600plus_10000
survey  run_qcd_bbbb_iht600plus_10000 
INFO: compile directory 
compile Source Directory
Using random number seed offset = 154000
INFO: Running Survey 
Creating Jobs
Working on SubProcesses
INFO: Compiling for process 1/2. 
INFO:     P1_gg_bbxbbx  
  0%|          | 0/1236 [00:00<?, ?it/s] 48%|████▊     | 598/1236 [00:00<00:00, 5838.15it/s] 96%|█████████▌| 1182/1236 [00:00<00:00, 3397.75it/s]100%|██████████| 1236/1236 [00:00<00:00, 3790.55it/s]
INFO: Compiling for process 2/2. 
INFO:     P1_qq_bbxbbx  
  0%|          | 0/856 [00:00<?, ?it/s]100%|██████████| 856/856 [00:00<00:00, 24324.85it/s]
INFO:     P1_gg_bbxbbx  
INFO:     P1_qq_bbxbbx  
INFO:  Idle: 1,  Running: 6,  Completed: 0 [ current time: 13h56 ] 
INFO:  Idle: 0,  Running: 6,  Completed: 1 [  0.62s  ] 
INFO:  Idle: 0,  Running: 0,  Completed: 7 [  2.6s  ] 
INFO: End survey 
refine 10000
Creating Jobs
INFO: Refine results to 10000 
INFO: Generating 10000.0 unweighted events. 
sum of cpu time of last step: 14 seconds
INFO: Effective Luminosity 6752.071366693517 pb^-1 
INFO: need to improve 9 channels 
- Current estimate of cross-section: 1.7772324000000002 +- 0.04668145876324239
    P1_gg_bbxbbx 
    P1_qq_bbxbbx 
INFO:  Idle: 7,  Running: 8,  Completed: 0 [ current time: 13h56 ] 
INFO:  Idle: 6,  Running: 8,  Completed: 1 [  1.5s  ] 
INFO:  Idle: 5,  Running: 8,  Completed: 2 [  4.6s  ] 
INFO:  Idle: 3,  Running: 8,  Completed: 4 [  9.2s  ] 
INFO:  Idle: 2,  Running: 8,  Completed: 5 [  13.7s  ] 
INFO:  Idle: 0,  Running: 6,  Completed: 9 [  17.4s  ] 
INFO:  Idle: 0,  Running: 5,  Completed: 10 [  24.3s  ] 
INFO:  Idle: 0,  Running: 2,  Completed: 13 [  29.1s  ] 
INFO:  Idle: 0,  Running: 0,  Completed: 15 [  46.4s  ] 
INFO:  Idle: 0,  Running: 0,  Completed: 15 [  46.4s  ] 
INFO: Combining runs 
sum of cpu time of last step: 3m02s
INFO: finish refine 
refine 10000 --treshold=0.9
No need for second refine due to stability of cross-section
INFO: Combining Events 
combination of events done in 18.63529872894287 s 
  === Results Summary for run: run_qcd_bbbb_iht600plus_10000 tag: tag_1 ===

     Cross-section :   1.79 +- 0.004757 pb
     Nb of events :  10000
 
INFO: Running Systematics computation 
INFO:  Idle: 1,  Running: 3,  Completed: 0 [ current time: 13h57 ] 
INFO:  Idle: 0,  Running: 3,  Completed: 1 [  8.2s  ] 
INFO: # Events generated with PDF: NNPDF23_lo_as_0130_qed (247000) 
INFO: # Will Compute 145 weights per event. 
INFO: #***************************************************************************
#
# original cross-section: 1.7893266556776828
#     scale variation: +71% -38.1%
#     central scheme variation: + 0% -62.1%
# PDF variation: +8.53% -8.53%
#
# dynamical scheme # 1 : 0.811769 +56.5% -34.1% # \sum ET
# dynamical scheme # 2 : 0.811609 +56.5% -34.1% # \sum\sqrt{m^2+pt^2}
# dynamical scheme # 3 : 1.26992 +62.3% -36.1% # 0.5 \sum\sqrt{m^2+pt^2}
# dynamical scheme # 4 : 0.677847 +54% -33.2% # \sqrt{\hat s}
#***************************************************************************
 
INFO: End of systematics computation 
store_events
INFO: Storing parton level results 
INFO: End Parton 
reweight -from_cards
decay_events -from_cards
INFO: storing files of previous run 
INFO: Done 
quit
INFO:  
LHE=/uscms_data/d3/iturkmen/hh4b_delphes/mg5/QCD_bbbb_presel_smoke/Events/run_qcd_bbbb_iht600plus_10000/unweighted_events.lhe.gz
N_FOUND=10000
Sample: qcd_bbbb_iht600plus_10000
Input LHE.GZ: /uscms_data/d3/iturkmen/hh4b_delphes/mg5/QCD_bbbb_presel_smoke/Events/run_qcd_bbbb_iht600plus_10000/unweighted_events.lhe.gz
Events requested: 10000
Output tag: qcd_bbbb_iht600plus_10000
LHE: /uscms_data/d3/iturkmen/hh4b_delphes/mg5/QCD_bbbb_presel_smoke/Events/run_qcd_bbbb_iht600plus_10000/unweighted_events.lhe
HEPMC: /uscms_data/d3/iturkmen/hh4b_delphes/hepmc/qcd_bbbb_iht600plus_10000_pythia8.hepmc
ROOT: /uscms_data/d3/iturkmen/hh4b_delphes/root/qcd_bbbb_iht600plus_10000_pythia8_delphes.root
LHE event count: 10000

 *------------------------------------------------------------------------------------* 
 |                                                                                    | 
 |  *------------------------------------------------------------------------------*  | 
 |  |                                                                              |  | 
 |  |                                                                              |  | 
 |  |   PPP   Y   Y  TTTTT  H   H  III    A      Welcome to the Lund Monte Carlo!  |  | 
 |  |   P  P   Y Y     T    H   H   I    A A     This is PYTHIA version 8.312      |  | 
 |  |   PPP     Y      T    HHHHH   I   AAAAA    Last date of change: 23 May 2024  |  | 
 |  |   P       Y      T    H   H   I   A   A                                      |  | 
 |  |   P       Y      T    H   H  III  A   A    Now is 08 Jul 2026 at 13:58:40    |  | 
 |  |                                                                              |  | 
 |  |   Program documentation and an archive of historic versions is found on:     |  | 
 |  |                                                                              |  | 
 |  |                               https://pythia.org/                            |  | 
 |  |                                                                              |  | 
 |  |   PYTHIA is authored by a collaboration consisting of:                       |  | 
 |  |                                                                              |  | 
 |  |   Javira Altmann, Christian Bierlich, Naomi Cooke, Nishita Desai,            |  | 
 |  |   Leif Gellersen, Ilkka Helenius, Philip Ilten, Leif Lonnblad,               |  | 
 |  |   Stephen Mrenna, Christian Preuss, Torbjorn Sjostrand, Peter Skands,        |  | 
 |  |   Marius Utheim, and Rob Verheyen.                                           |  | 
 |  |                                                                              |  | 
 |  |   The complete list of authors, including contact information and            |  | 
 |  |   affiliations, can be found on https://pythia.org/.                         |  | 
 |  |   Problems or bugs should be reported on email at authors@pythia.org.        |  | 
 |  |                                                                              |  | 
 |  |   The main program reference is C. Bierlich et al,                           |  | 
 |  |   'A comprehensive guide to the physics and usage of Pythia 8.3',            |  | 
 |  |   SciPost Phys. Codebases 8-r8.3 (2022) [arXiv:2203.11601 [hep-ph]]          |  | 
 |  |                                                                              |  | 
 |  |   PYTHIA is released under the GNU General Public Licence version 2 or later.|  | 
 |  |   Please respect the MCnet Guidelines for Event Generator Authors and Users. |  | 
 |  |                                                                              |  | 
 |  |   Disclaimer: this program comes without any guarantees.                     |  | 
 |  |   Beware of errors and use common sense when interpreting results.           |  | 
 |  |                                                                              |  | 
 |  |   Copyright (C) 2024 Torbjorn Sjostrand                                      |  | 
 |  |                                                                              |  | 
 |  |                                                                              |  | 
 |  *------------------------------------------------------------------------------*  | 
 |                                                                                    | 
 *------------------------------------------------------------------------------------* 

 *-----------------------  SusyLesHouches SUSY/BSM Interface  ------------------------*
 | Last Change 12 Apr 2017 - P. Skands
 | Parsing: /uscms_data/d3/iturkmen/hh4b_delphes/mg5/QCD_bbbb_presel_smoke/Events/run_qcd_bbbb_iht600plus_10000/unweighted_events.lhe
 | (SLHA::readFile) line 344 - storing non-SLHA(2) block: yukawa
 *------------------------------------------------------------------------------------*
 PYTHIA Info from SLHAinterface::initSLHA: No MODSEL found, keeping internal SUSY switched off
 PYTHIA Warning in SLHAinterface::initSLHA: ignoring MASS entries for id = {1,2,3,4,5,11,12,13,14,15,16,21,22,23,24} (m0 < SLHA:minMassSM)
 PYTHIA Warning in SLHAinterface::initSLHA: ignoring DECAY tables for id = {23,24,1,2,3,4,5,11,12,13,14,15,16,21,22} (m0 < SLHA:minMassSM)
 PYTHIA Warning in SLHAinterface::initSLHA: ignoring empty DECAY tables for id = {6,25} (total width provided but no Branching Ratios)

 *-------  PYTHIA Process Initialization  --------------------------*
 |                                                                  |
 | We collide p+ with p+ at a CM energy of 1.300e+04 GeV            |
 |                                                                  |
 |------------------------------------------------------------------|
 |                                                    |             |
 | Subprocess                                    Code |   Estimated |
 |                                                    |    max (mb) |
 |                                                    |             |
 |------------------------------------------------------------------|
 |                                                    |             |
 | Les Houches User Process(es)                  9999 |   1.000e-09 |
 |                                                                  |
 *-------  End PYTHIA Process Initialization -----------------------*

 *-------  PYTHIA Multiparton Interactions Initialization  ---------* 
 |                                                                  | 
 |                   sigmaNonDiffractive =    56.42 mb              | 
 |                                                                  | 
 |    pT0 =  2.60 gives sigmaInteraction =   317.96 mb: accepted    | 
 |                                                                  | 
 *-------  End PYTHIA Multiparton Interactions Initialization  -----* 

 *-------  PYTHIA Flag + Mode + Parm + Word + FVec + MVec + PVec + WVec Settings (changes only)  ------------------* 
 |                                                                                                                 | 
 | Name                                          |                      Now |      Default         Min         Max | 
 |                                               |                          |                                      | 
 | Beams:frameType                               |                        4 |            1           1           5 | 
 | Beams:LHEF                                    | /uscms_data/d3/iturkmen/hh4b_delphes/mg5/QCD_bbbb_presel_smoke/Events/run_qcd_bbbb_iht600plus_10000/unweighted_events.lhe |         void | 
 | Check:event                                   |                      off |           on                         | 
 | Next:numberCount                              |                       10 |         1000           0             | 
 | Next:numberShowEvent                          |                        0 |            1           0             | 
 | Next:numberShowInfo                           |                        0 |            1           0             | 
 | Next:numberShowProcess                        |                        0 |            1           0             | 
 |                                                                                                                 | 
 *-------  End PYTHIA Flag + Mode + Parm + Word + FVec + MVec + PVec + WVec Settings  -----------------------------* 

 --------  PYTHIA Particle Data Table (changed only)  ------------------------------------------------------------------------------
 
      id   name            antiName         spn chg col      m0        mWidth      mMin       mMax       tau0    res dec ext vis wid
             no onMode   bRatio   meMode     products 

       6  t                tbar               2   2   1  173.00000    1.35678  166.40000  179.60000  1.45438e-13   1   1   0   1   0
              0     1   0.0000664    0       24        1 
              1     1   0.0017361    0       24        3 
              2     1   0.9981975    0       24        5 
              3     0   0.0000000    0       37        5 

      25  h0                                  1   0   0  125.00000    0.00408  124.96809  125.03191  4.83238e-11   1   1   0   0   0
              0     1   0.0000009    0        1       -1 
              1     1   0.0000002    0        2       -2 
              2     1   0.0002163    0        3       -3 
              3     1   0.0288493    0        4       -4 
              4     1   0.5768873    0        5       -5 
              5     1   0.0000000    0        6       -6 
              6     1   0.0000000    0       11      -11 
              7     1   0.0002185    0       13      -13 
              8     1   0.0628569    0       15      -15 
              9     1   0.0850383    0       21       21 
             10     1   0.0022965    0       22       22 
             11     1   0.0016155    0       22       23 
             12     1   0.0261758    0       23       23 
             13     1   0.2158445    0       24      -24 
             14     1   0.0000000  103  1000022  1000022 
             15     1   0.0000000  103  1000023  1000022 
             16     1   0.0000000  103  1000023  1000023 
             17     1   0.0000000  103  1000025  1000022 
             18     1   0.0000000  103  1000025  1000023 
             19     1   0.0000000  103  1000025  1000025 
             20     1   0.0000000  103  1000035  1000022 
             21     1   0.0000000  103  1000035  1000023 
             22     1   0.0000000  103  1000035  1000025 
             23     1   0.0000000  103  1000035  1000035 
             24     1   0.0000000  103  1000024 -1000024 
             25     1   0.0000000  103  1000024 -1000037 
             26     1   0.0000000  103  1000037 -1000024 
             27     1   0.0000000  103  1000037 -1000037 
             28     1   0.0000000  103  1000001 -1000001 
             29     1   0.0000000  103  2000001 -2000001 
             30     1   0.0000000  103  1000001 -2000001 
             31     1   0.0000000  103 -1000001  2000001 
             32     1   0.0000000  103  1000002 -1000002 
             33     1   0.0000000  103  2000002 -2000002 
             34     1   0.0000000  103  1000002 -2000002 
             35     1   0.0000000  103 -1000002  2000002 
             36     1   0.0000000  103  1000003 -1000003 
             37     1   0.0000000  103  2000003 -2000003 
             38     1   0.0000000  103  1000003 -2000003 
             39     1   0.0000000  103 -1000003  2000003 
             40     1   0.0000000  103  1000004 -1000004 
             41     1   0.0000000  103  2000004 -2000004 
             42     1   0.0000000  103  1000004 -2000004 
             43     1   0.0000000  103 -1000004  2000004 
             44     1   0.0000000  103  1000005 -1000005 
             45     1   0.0000000  103  2000005 -2000005 
             46     1   0.0000000  103  1000005 -2000005 
             47     1   0.0000000  103 -1000005  2000005 
             48     1   0.0000000  103  1000006 -1000006 
             49     1   0.0000000  103  2000006 -2000006 
             50     1   0.0000000  103  1000006 -2000006 
             51     1   0.0000000  103 -1000006  2000006 
             52     1   0.0000000  103  1000011 -1000011 
             53     1   0.0000000  103  2000011 -2000011 
             54     1   0.0000000  103  1000011 -2000011 
             55     1   0.0000000  103 -1000011  2000011 
             56     1   0.0000000  103  1000012 -1000012 
             57     1   0.0000000  103  2000012 -2000012 
             58     1   0.0000000  103  1000012 -2000012 
             59     1   0.0000000  103 -1000012  2000012 
             60     1   0.0000000  103  1000013 -1000013 
             61     1   0.0000000  103  2000013 -2000013 
             62     1   0.0000000  103  1000013 -2000013 
             63     1   0.0000000  103 -1000013  2000013 
             64     1   0.0000000  103  1000014 -1000014 
             65     1   0.0000000  103  2000014 -2000014 
             66     1   0.0000000  103  1000014 -2000014 
             67     1   0.0000000  103 -1000014  2000014 
             68     1   0.0000000  103  1000015 -1000015 
             69     1   0.0000000  103  2000015 -2000015 
             70     1   0.0000000  103  1000015 -2000015 
             71     1   0.0000000  103 -1000015  2000015 
             72     1   0.0000000  103  1000016 -1000016 
             73     1   0.0000000  103  2000016 -2000016 
             74     1   0.0000000  103  1000016 -2000016 
             75     1   0.0000000  103 -1000016  2000016 

 --------  End PYTHIA Particle Data Table  -----------------------------------------------------------------------------------------


 --------  LHA initialization information  ------------ 

  beam    kind      energy  pdfgrp  pdfset 
     A    2212    6500.000       0  247000
     B    2212    6500.000       0  247000

  Event weighting strategy = -4

  Processes, with strategy-dependent cross section info 
  number      xsec (pb)      xerr (pb)      xmax (pb) 
       1     1.7899e+00     4.7574e-03     1.7899e+00

 --------  End LHA initialization information  -------- 

 --------  LHA event information and listing  ---------------------------------------------------------------------- 

    process =        1    weight =   1.7899e+00     scale =   1.7373e+02 (GeV) 
                        alpha_em =   7.5558e-03    alpha_strong =   1.1914e-01

    Participating Particles 
    no        id stat     mothers     colours      p_x        p_y        p_z         e          m        tau    spin 
     1        21   -1     0     0   501   503      0.000      0.000    452.628    452.628      0.000   0.000  -1.000
     2        21   -1     0     0   502   504     -0.000     -0.000   -340.481    340.481      0.000   0.000   1.000
     3         5    1     1     2   501     0    -76.369    -65.402    129.020    163.639      4.700   0.000  -1.000
     4        -5    1     1     2     0   503    -94.493    122.428   -111.658    190.807      4.700   0.000   1.000
     5         5    1     1     2   502     0    288.450     -2.034    108.107    308.086      4.700   0.000  -1.000
     6        -5    1     1     2     0   504   -117.588    -54.993    -13.322    130.578      4.700   0.000   1.000

 --------  End LHA event information and listing  ------------------------------------------------------------------ 

 Pythia::next(): 10 events have been generated 

 Pythia::next(): 20 events have been generated 

 Pythia::next(): 30 events have been generated 

 Pythia::next(): 40 events have been generated 

 Pythia::next(): 50 events have been generated 

 Pythia::next(): 60 events have been generated 

 Pythia::next(): 70 events have been generated 

 Pythia::next(): 80 events have been generated 

 Pythia::next(): 90 events have been generated 

 Pythia::next(): 100 events have been generated 

 Pythia::next(): 110 events have been generated 

 Pythia::next(): 120 events have been generated 

 Pythia::next(): 130 events have been generated 

 Pythia::next(): 140 events have been generated 

 Pythia::next(): 150 events have been generated 

 Pythia::next(): 160 events have been generated 

 Pythia::next(): 170 events have been generated 

 Pythia::next(): 180 events have been generated 

 Pythia::next(): 190 events have been generated 

 Pythia::next(): 200 events have been generated 

 Pythia::next(): 210 events have been generated 

 Pythia::next(): 220 events have been generated 

 Pythia::next(): 230 events have been generated 

 Pythia::next(): 240 events have been generated 

 Pythia::next(): 250 events have been generated 

 Pythia::next(): 260 events have been generated 

 Pythia::next(): 270 events have been generated 

 Pythia::next(): 280 events have been generated 

 Pythia::next(): 290 events have been generated 

 Pythia::next(): 300 events have been generated 

 Pythia::next(): 310 events have been generated 

 Pythia::next(): 320 events have been generated 

 Pythia::next(): 330 events have been generated 

 Pythia::next(): 340 events have been generated 

 Pythia::next(): 350 events have been generated 

 Pythia::next(): 360 events have been generated 

 Pythia::next(): 370 events have been generated 

 Pythia::next(): 380 events have been generated 

 Pythia::next(): 390 events have been generated 

 Pythia::next(): 400 events have been generated 

 Pythia::next(): 410 events have been generated 

 Pythia::next(): 420 events have been generated 

 Pythia::next(): 430 events have been generated 

 Pythia::next(): 440 events have been generated 

 Pythia::next(): 450 events have been generated 

 Pythia::next(): 460 events have been generated 

 Pythia::next(): 470 events have been generated 

 Pythia::next(): 480 events have been generated 

 Pythia::next(): 490 events have been generated 

 Pythia::next(): 500 events have been generated 

 Pythia::next(): 510 events have been generated 

 Pythia::next(): 520 events have been generated 

 Pythia::next(): 530 events have been generated 

 Pythia::next(): 540 events have been generated 

 Pythia::next(): 550 events have been generated 

 Pythia::next(): 560 events have been generated 

 Pythia::next(): 570 events have been generated 

 Pythia::next(): 580 events have been generated 

 Pythia::next(): 590 events have been generated 

 Pythia::next(): 600 events have been generated 

 Pythia::next(): 610 events have been generated 

 Pythia::next(): 620 events have been generated 

 Pythia::next(): 630 events have been generated 

 Pythia::next(): 640 events have been generated 

 Pythia::next(): 650 events have been generated 

 Pythia::next(): 660 events have been generated 

 Pythia::next(): 670 events have been generated 

 Pythia::next(): 680 events have been generated 

 Pythia::next(): 690 events have been generated 

 Pythia::next(): 700 events have been generated 

 Pythia::next(): 710 events have been generated 

 Pythia::next(): 720 events have been generated 

 Pythia::next(): 730 events have been generated 

 Pythia::next(): 740 events have been generated 

 Pythia::next(): 750 events have been generated 

 Pythia::next(): 760 events have been generated 

 Pythia::next(): 770 events have been generated 

 Pythia::next(): 780 events have been generated 

 Pythia::next(): 790 events have been generated 

 Pythia::next(): 800 events have been generated 

 Pythia::next(): 810 events have been generated 

 Pythia::next(): 820 events have been generated 

 Pythia::next(): 830 events have been generated 

 Pythia::next(): 840 events have been generated 

 Pythia::next(): 850 events have been generated 

 Pythia::next(): 860 events have been generated 

 Pythia::next(): 870 events have been generated 

 Pythia::next(): 880 events have been generated 

 Pythia::next(): 890 events have been generated 

 Pythia::next(): 900 events have been generated 

 Pythia::next(): 910 events have been generated 

 Pythia::next(): 920 events have been generated 

 Pythia::next(): 930 events have been generated 

 Pythia::next(): 940 events have been generated 

 Pythia::next(): 950 events have been generated 

 Pythia::next(): 960 events have been generated 

 Pythia::next(): 970 events have been generated 

 Pythia::next(): 980 events have been generated 

 Pythia::next(): 990 events have been generated 

 Pythia::next(): 1000 events have been generated 

 Pythia::next(): 1010 events have been generated 

 Pythia::next(): 1020 events have been generated 

 Pythia::next(): 1030 events have been generated 

 Pythia::next(): 1040 events have been generated 

 Pythia::next(): 1050 events have been generated 

 Pythia::next(): 1060 events have been generated 

 Pythia::next(): 1070 events have been generated 

 Pythia::next(): 1080 events have been generated 

 Pythia::next(): 1090 events have been generated 

 Pythia::next(): 1100 events have been generated 

 Pythia::next(): 1110 events have been generated 

 Pythia::next(): 1120 events have been generated 

 Pythia::next(): 1130 events have been generated 

 Pythia::next(): 1140 events have been generated 

 Pythia::next(): 1150 events have been generated 

 Pythia::next(): 1160 events have been generated 

 Pythia::next(): 1170 events have been generated 

 Pythia::next(): 1180 events have been generated 

 Pythia::next(): 1190 events have been generated 

 Pythia::next(): 1200 events have been generated 

 Pythia::next(): 1210 events have been generated 

 Pythia::next(): 1220 events have been generated 

 Pythia::next(): 1230 events have been generated 

 Pythia::next(): 1240 events have been generated 

 Pythia::next(): 1250 events have been generated 

 Pythia::next(): 1260 events have been generated 

 Pythia::next(): 1270 events have been generated 

 Pythia::next(): 1280 events have been generated 

 Pythia::next(): 1290 events have been generated 

 Pythia::next(): 1300 events have been generated 

 Pythia::next(): 1310 events have been generated 

 Pythia::next(): 1320 events have been generated 

 Pythia::next(): 1330 events have been generated 

 Pythia::next(): 1340 events have been generated 

 Pythia::next(): 1350 events have been generated 

 Pythia::next(): 1360 events have been generated 

 Pythia::next(): 1370 events have been generated 

 Pythia::next(): 1380 events have been generated 

 Pythia::next(): 1390 events have been generated 

 Pythia::next(): 1400 events have been generated 

 Pythia::next(): 1410 events have been generated 

 Pythia::next(): 1420 events have been generated 

 Pythia::next(): 1430 events have been generated 

 Pythia::next(): 1440 events have been generated 

 Pythia::next(): 1450 events have been generated 

 Pythia::next(): 1460 events have been generated 

 Pythia::next(): 1470 events have been generated 

 Pythia::next(): 1480 events have been generated 

 Pythia::next(): 1490 events have been generated 

 Pythia::next(): 1500 events have been generated 

 Pythia::next(): 1510 events have been generated 

 Pythia::next(): 1520 events have been generated 

 Pythia::next(): 1530 events have been generated 

 Pythia::next(): 1540 events have been generated 

 Pythia::next(): 1550 events have been generated 

 Pythia::next(): 1560 events have been generated 

 Pythia::next(): 1570 events have been generated 

 Pythia::next(): 1580 events have been generated 

 Pythia::next(): 1590 events have been generated 

 Pythia::next(): 1600 events have been generated 

 Pythia::next(): 1610 events have been generated 

 Pythia::next(): 1620 events have been generated 

 Pythia::next(): 1630 events have been generated 

 Pythia::next(): 1640 events have been generated 

 Pythia::next(): 1650 events have been generated 

 Pythia::next(): 1660 events have been generated 

 Pythia::next(): 1670 events have been generated 

 Pythia::next(): 1680 events have been generated 

 Pythia::next(): 1690 events have been generated 

 Pythia::next(): 1700 events have been generated 

 Pythia::next(): 1710 events have been generated 

 Pythia::next(): 1720 events have been generated 

 Pythia::next(): 1730 events have been generated 

 Pythia::next(): 1740 events have been generated 

 Pythia::next(): 1750 events have been generated 

 Pythia::next(): 1760 events have been generated 

 Pythia::next(): 1770 events have been generated 

 Pythia::next(): 1780 events have been generated 

 Pythia::next(): 1790 events have been generated 

 Pythia::next(): 1800 events have been generated 

 Pythia::next(): 1810 events have been generated 

 Pythia::next(): 1820 events have been generated 

 Pythia::next(): 1830 events have been generated 

 Pythia::next(): 1840 events have been generated 

 Pythia::next(): 1850 events have been generated 

 Pythia::next(): 1860 events have been generated 

 Pythia::next(): 1870 events have been generated 

 Pythia::next(): 1880 events have been generated 

 Pythia::next(): 1890 events have been generated 

 Pythia::next(): 1900 events have been generated 

 Pythia::next(): 1910 events have been generated 

 Pythia::next(): 1920 events have been generated 

 Pythia::next(): 1930 events have been generated 

 Pythia::next(): 1940 events have been generated 

 Pythia::next(): 1950 events have been generated 

 Pythia::next(): 1960 events have been generated 

 Pythia::next(): 1970 events have been generated 

 Pythia::next(): 1980 events have been generated 

 Pythia::next(): 1990 events have been generated 

 Pythia::next(): 2000 events have been generated 

 Pythia::next(): 2010 events have been generated 

 Pythia::next(): 2020 events have been generated 

 Pythia::next(): 2030 events have been generated 

 Pythia::next(): 2040 events have been generated 

 Pythia::next(): 2050 events have been generated 

 Pythia::next(): 2060 events have been generated 

 Pythia::next(): 2070 events have been generated 

 Pythia::next(): 2080 events have been generated 

 Pythia::next(): 2090 events have been generated 

 Pythia::next(): 2100 events have been generated 

 Pythia::next(): 2110 events have been generated 

 Pythia::next(): 2120 events have been generated 

 Pythia::next(): 2130 events have been generated 

 Pythia::next(): 2140 events have been generated 

 Pythia::next(): 2150 events have been generated 

 Pythia::next(): 2160 events have been generated 

 Pythia::next(): 2170 events have been generated 

 Pythia::next(): 2180 events have been generated 

 Pythia::next(): 2190 events have been generated 

 Pythia::next(): 2200 events have been generated 

 Pythia::next(): 2210 events have been generated 

 Pythia::next(): 2220 events have been generated 

 Pythia::next(): 2230 events have been generated 

 Pythia::next(): 2240 events have been generated 
 PYTHIA Warning in HadronWidths::pickMasses: angular momentum and running widths not used

 Pythia::next(): 2250 events have been generated 

 Pythia::next(): 2260 events have been generated 

 Pythia::next(): 2270 events have been generated 

 Pythia::next(): 2280 events have been generated 

 Pythia::next(): 2290 events have been generated 

 Pythia::next(): 2300 events have been generated 

 Pythia::next(): 2310 events have been generated 

 Pythia::next(): 2320 events have been generated 

 Pythia::next(): 2330 events have been generated 

 Pythia::next(): 2340 events have been generated 

 Pythia::next(): 2350 events have been generated 

 Pythia::next(): 2360 events have been generated 

 Pythia::next(): 2370 events have been generated 

 Pythia::next(): 2380 events have been generated 

 Pythia::next(): 2390 events have been generated 

 Pythia::next(): 2400 events have been generated 

 Pythia::next(): 2410 events have been generated 

 Pythia::next(): 2420 events have been generated 

 Pythia::next(): 2430 events have been generated 

 Pythia::next(): 2440 events have been generated 

 Pythia::next(): 2450 events have been generated 

 Pythia::next(): 2460 events have been generated 

 Pythia::next(): 2470 events have been generated 

 Pythia::next(): 2480 events have been generated 

 Pythia::next(): 2490 events have been generated 

 Pythia::next(): 2500 events have been generated 

 Pythia::next(): 2510 events have been generated 

 Pythia::next(): 2520 events have been generated 

 Pythia::next(): 2530 events have been generated 

 Pythia::next(): 2540 events have been generated 

 Pythia::next(): 2550 events have been generated 

 Pythia::next(): 2560 events have been generated 

 Pythia::next(): 2570 events have been generated 

 Pythia::next(): 2580 events have been generated 

 Pythia::next(): 2590 events have been generated 

 Pythia::next(): 2600 events have been generated 

 Pythia::next(): 2610 events have been generated 

 Pythia::next(): 2620 events have been generated 

 Pythia::next(): 2630 events have been generated 

 Pythia::next(): 2640 events have been generated 

 Pythia::next(): 2650 events have been generated 

 Pythia::next(): 2660 events have been generated 

 Pythia::next(): 2670 events have been generated 

 Pythia::next(): 2680 events have been generated 

 Pythia::next(): 2690 events have been generated 

 Pythia::next(): 2700 events have been generated 

 Pythia::next(): 2710 events have been generated 

 Pythia::next(): 2720 events have been generated 

 Pythia::next(): 2730 events have been generated 

 Pythia::next(): 2740 events have been generated 

 Pythia::next(): 2750 events have been generated 

 Pythia::next(): 2760 events have been generated 

 Pythia::next(): 2770 events have been generated 

 Pythia::next(): 2780 events have been generated 

 Pythia::next(): 2790 events have been generated 

 Pythia::next(): 2800 events have been generated 

 Pythia::next(): 2810 events have been generated 

 Pythia::next(): 2820 events have been generated 

 Pythia::next(): 2830 events have been generated 

 Pythia::next(): 2840 events have been generated 

 Pythia::next(): 2850 events have been generated 

 Pythia::next(): 2860 events have been generated 

 Pythia::next(): 2870 events have been generated 

 Pythia::next(): 2880 events have been generated 

 Pythia::next(): 2890 events have been generated 

 Pythia::next(): 2900 events have been generated 

 Pythia::next(): 2910 events have been generated 

 Pythia::next(): 2920 events have been generated 

 Pythia::next(): 2930 events have been generated 

 Pythia::next(): 2940 events have been generated 

 Pythia::next(): 2950 events have been generated 

 Pythia::next(): 2960 events have been generated 

 Pythia::next(): 2970 events have been generated 

 Pythia::next(): 2980 events have been generated 

 Pythia::next(): 2990 events have been generated 

 Pythia::next(): 3000 events have been generated 

 Pythia::next(): 3010 events have been generated 

 Pythia::next(): 3020 events have been generated 

 Pythia::next(): 3030 events have been generated 

 Pythia::next(): 3040 events have been generated 

 Pythia::next(): 3050 events have been generated 

 Pythia::next(): 3060 events have been generated 

 Pythia::next(): 3070 events have been generated 

 Pythia::next(): 3080 events have been generated 

 Pythia::next(): 3090 events have been generated 

 Pythia::next(): 3100 events have been generated 

 Pythia::next(): 3110 events have been generated 

 Pythia::next(): 3120 events have been generated 

 Pythia::next(): 3130 events have been generated 

 Pythia::next(): 3140 events have been generated 

 Pythia::next(): 3150 events have been generated 

 Pythia::next(): 3160 events have been generated 

 Pythia::next(): 3170 events have been generated 

 Pythia::next(): 3180 events have been generated 

 Pythia::next(): 3190 events have been generated 

 Pythia::next(): 3200 events have been generated 

 Pythia::next(): 3210 events have been generated 

 Pythia::next(): 3220 events have been generated 

 Pythia::next(): 3230 events have been generated 

 Pythia::next(): 3240 events have been generated 

 Pythia::next(): 3250 events have been generated 

 Pythia::next(): 3260 events have been generated 

 Pythia::next(): 3270 events have been generated 

 Pythia::next(): 3280 events have been generated 

 Pythia::next(): 3290 events have been generated 

 Pythia::next(): 3300 events have been generated 

 Pythia::next(): 3310 events have been generated 

 Pythia::next(): 3320 events have been generated 

 Pythia::next(): 3330 events have been generated 

 Pythia::next(): 3340 events have been generated 

 Pythia::next(): 3350 events have been generated 

 Pythia::next(): 3360 events have been generated 

 Pythia::next(): 3370 events have been generated 

 Pythia::next(): 3380 events have been generated 

 Pythia::next(): 3390 events have been generated 

 Pythia::next(): 3400 events have been generated 

 Pythia::next(): 3410 events have been generated 

 Pythia::next(): 3420 events have been generated 

 Pythia::next(): 3430 events have been generated 

 Pythia::next(): 3440 events have been generated 

 Pythia::next(): 3450 events have been generated 

 Pythia::next(): 3460 events have been generated 

 Pythia::next(): 3470 events have been generated 

 Pythia::next(): 3480 events have been generated 

 Pythia::next(): 3490 events have been generated 

 Pythia::next(): 3500 events have been generated 

 Pythia::next(): 3510 events have been generated 

 Pythia::next(): 3520 events have been generated 

 Pythia::next(): 3530 events have been generated 

 Pythia::next(): 3540 events have been generated 

 Pythia::next(): 3550 events have been generated 

 Pythia::next(): 3560 events have been generated 

 Pythia::next(): 3570 events have been generated 

 Pythia::next(): 3580 events have been generated 

 Pythia::next(): 3590 events have been generated 

 Pythia::next(): 3600 events have been generated 

 Pythia::next(): 3610 events have been generated 

 Pythia::next(): 3620 events have been generated 

 Pythia::next(): 3630 events have been generated 

 Pythia::next(): 3640 events have been generated 

 Pythia::next(): 3650 events have been generated 

 Pythia::next(): 3660 events have been generated 

 Pythia::next(): 3670 events have been generated 

 Pythia::next(): 3680 events have been generated 

 Pythia::next(): 3690 events have been generated 

 Pythia::next(): 3700 events have been generated 

 Pythia::next(): 3710 events have been generated 

 Pythia::next(): 3720 events have been generated 

 Pythia::next(): 3730 events have been generated 

 Pythia::next(): 3740 events have been generated 

 Pythia::next(): 3750 events have been generated 

 Pythia::next(): 3760 events have been generated 

 Pythia::next(): 3770 events have been generated 

 Pythia::next(): 3780 events have been generated 

 Pythia::next(): 3790 events have been generated 

 Pythia::next(): 3800 events have been generated 

 Pythia::next(): 3810 events have been generated 

 Pythia::next(): 3820 events have been generated 

 Pythia::next(): 3830 events have been generated 

 Pythia::next(): 3840 events have been generated 

 Pythia::next(): 3850 events have been generated 

 Pythia::next(): 3860 events have been generated 

 Pythia::next(): 3870 events have been generated 

 Pythia::next(): 3880 events have been generated 

 Pythia::next(): 3890 events have been generated 

 Pythia::next(): 3900 events have been generated 

 Pythia::next(): 3910 events have been generated 

 Pythia::next(): 3920 events have been generated 

 Pythia::next(): 3930 events have been generated 

 Pythia::next(): 3940 events have been generated 

 Pythia::next(): 3950 events have been generated 

 Pythia::next(): 3960 events have been generated 

 Pythia::next(): 3970 events have been generated 

 Pythia::next(): 3980 events have been generated 

 Pythia::next(): 3990 events have been generated 

 Pythia::next(): 4000 events have been generated 

 Pythia::next(): 4010 events have been generated 

 Pythia::next(): 4020 events have been generated 

 Pythia::next(): 4030 events have been generated 

 Pythia::next(): 4040 events have been generated 

 Pythia::next(): 4050 events have been generated 

 Pythia::next(): 4060 events have been generated 

 Pythia::next(): 4070 events have been generated 

 Pythia::next(): 4080 events have been generated 

 Pythia::next(): 4090 events have been generated 

 Pythia::next(): 4100 events have been generated 

 Pythia::next(): 4110 events have been generated 

 Pythia::next(): 4120 events have been generated 

 Pythia::next(): 4130 events have been generated 

 Pythia::next(): 4140 events have been generated 

 Pythia::next(): 4150 events have been generated 

 Pythia::next(): 4160 events have been generated 

 Pythia::next(): 4170 events have been generated 

 Pythia::next(): 4180 events have been generated 

 Pythia::next(): 4190 events have been generated 

 Pythia::next(): 4200 events have been generated 

 Pythia::next(): 4210 events have been generated 

 Pythia::next(): 4220 events have been generated 

 Pythia::next(): 4230 events have been generated 

 Pythia::next(): 4240 events have been generated 

 Pythia::next(): 4250 events have been generated 

 Pythia::next(): 4260 events have been generated 

 Pythia::next(): 4270 events have been generated 

 Pythia::next(): 4280 events have been generated 

 Pythia::next(): 4290 events have been generated 

 Pythia::next(): 4300 events have been generated 

 Pythia::next(): 4310 events have been generated 

 Pythia::next(): 4320 events have been generated 

 Pythia::next(): 4330 events have been generated 

 Pythia::next(): 4340 events have been generated 

 Pythia::next(): 4350 events have been generated 

 Pythia::next(): 4360 events have been generated 

 Pythia::next(): 4370 events have been generated 

 Pythia::next(): 4380 events have been generated 

 Pythia::next(): 4390 events have been generated 

 Pythia::next(): 4400 events have been generated 

 Pythia::next(): 4410 events have been generated 

 Pythia::next(): 4420 events have been generated 

 Pythia::next(): 4430 events have been generated 

 Pythia::next(): 4440 events have been generated 

 Pythia::next(): 4450 events have been generated 

 Pythia::next(): 4460 events have been generated 

 Pythia::next(): 4470 events have been generated 

 Pythia::next(): 4480 events have been generated 

 Pythia::next(): 4490 events have been generated 

 Pythia::next(): 4500 events have been generated 

 Pythia::next(): 4510 events have been generated 

 Pythia::next(): 4520 events have been generated 

 Pythia::next(): 4530 events have been generated 

 Pythia::next(): 4540 events have been generated 

 Pythia::next(): 4550 events have been generated 

 Pythia::next(): 4560 events have been generated 

 Pythia::next(): 4570 events have been generated 

 Pythia::next(): 4580 events have been generated 

 Pythia::next(): 4590 events have been generated 

 Pythia::next(): 4600 events have been generated 

 Pythia::next(): 4610 events have been generated 

 Pythia::next(): 4620 events have been generated 

 Pythia::next(): 4630 events have been generated 

 Pythia::next(): 4640 events have been generated 

 Pythia::next(): 4650 events have been generated 

 Pythia::next(): 4660 events have been generated 

 Pythia::next(): 4670 events have been generated 

 Pythia::next(): 4680 events have been generated 

 Pythia::next(): 4690 events have been generated 

 Pythia::next(): 4700 events have been generated 

 Pythia::next(): 4710 events have been generated 

 Pythia::next(): 4720 events have been generated 

 Pythia::next(): 4730 events have been generated 

 Pythia::next(): 4740 events have been generated 

 Pythia::next(): 4750 events have been generated 

 Pythia::next(): 4760 events have been generated 

 Pythia::next(): 4770 events have been generated 

 Pythia::next(): 4780 events have been generated 

 Pythia::next(): 4790 events have been generated 

 Pythia::next(): 4800 events have been generated 

 Pythia::next(): 4810 events have been generated 

 Pythia::next(): 4820 events have been generated 

 Pythia::next(): 4830 events have been generated 

 Pythia::next(): 4840 events have been generated 

 Pythia::next(): 4850 events have been generated 

 Pythia::next(): 4860 events have been generated 

 Pythia::next(): 4870 events have been generated 

 Pythia::next(): 4880 events have been generated 

 Pythia::next(): 4890 events have been generated 

 Pythia::next(): 4900 events have been generated 

 Pythia::next(): 4910 events have been generated 

 Pythia::next(): 4920 events have been generated 

 Pythia::next(): 4930 events have been generated 

 Pythia::next(): 4940 events have been generated 

 Pythia::next(): 4950 events have been generated 

 Pythia::next(): 4960 events have been generated 

 Pythia::next(): 4970 events have been generated 

 Pythia::next(): 4980 events have been generated 

 Pythia::next(): 4990 events have been generated 

 Pythia::next(): 5000 events have been generated 

 Pythia::next(): 5010 events have been generated 

 Pythia::next(): 5020 events have been generated 

 Pythia::next(): 5030 events have been generated 

 Pythia::next(): 5040 events have been generated 

 Pythia::next(): 5050 events have been generated 

 Pythia::next(): 5060 events have been generated 

 Pythia::next(): 5070 events have been generated 

 Pythia::next(): 5080 events have been generated 

 Pythia::next(): 5090 events have been generated 

 Pythia::next(): 5100 events have been generated 

 Pythia::next(): 5110 events have been generated 

 Pythia::next(): 5120 events have been generated 

 Pythia::next(): 5130 events have been generated 

 Pythia::next(): 5140 events have been generated 

 Pythia::next(): 5150 events have been generated 

 Pythia::next(): 5160 events have been generated 

 Pythia::next(): 5170 events have been generated 

 Pythia::next(): 5180 events have been generated 

 Pythia::next(): 5190 events have been generated 

 Pythia::next(): 5200 events have been generated 

 Pythia::next(): 5210 events have been generated 

 Pythia::next(): 5220 events have been generated 

 Pythia::next(): 5230 events have been generated 

 Pythia::next(): 5240 events have been generated 

 Pythia::next(): 5250 events have been generated 

 Pythia::next(): 5260 events have been generated 

 Pythia::next(): 5270 events have been generated 

 Pythia::next(): 5280 events have been generated 

 Pythia::next(): 5290 events have been generated 

 Pythia::next(): 5300 events have been generated 

 Pythia::next(): 5310 events have been generated 

 Pythia::next(): 5320 events have been generated 

 Pythia::next(): 5330 events have been generated 

 Pythia::next(): 5340 events have been generated 

 Pythia::next(): 5350 events have been generated 

 Pythia::next(): 5360 events have been generated 

 Pythia::next(): 5370 events have been generated 

 Pythia::next(): 5380 events have been generated 

 Pythia::next(): 5390 events have been generated 

 Pythia::next(): 5400 events have been generated 

 Pythia::next(): 5410 events have been generated 

 Pythia::next(): 5420 events have been generated 

 Pythia::next(): 5430 events have been generated 

 Pythia::next(): 5440 events have been generated 

 Pythia::next(): 5450 events have been generated 

 Pythia::next(): 5460 events have been generated 

 Pythia::next(): 5470 events have been generated 

 Pythia::next(): 5480 events have been generated 

 Pythia::next(): 5490 events have been generated 

 Pythia::next(): 5500 events have been generated 

 Pythia::next(): 5510 events have been generated 

 Pythia::next(): 5520 events have been generated 

 Pythia::next(): 5530 events have been generated 

 Pythia::next(): 5540 events have been generated 

 Pythia::next(): 5550 events have been generated 

 Pythia::next(): 5560 events have been generated 

 Pythia::next(): 5570 events have been generated 

 Pythia::next(): 5580 events have been generated 

 Pythia::next(): 5590 events have been generated 

 Pythia::next(): 5600 events have been generated 

 Pythia::next(): 5610 events have been generated 

 Pythia::next(): 5620 events have been generated 

 Pythia::next(): 5630 events have been generated 

 Pythia::next(): 5640 events have been generated 

 Pythia::next(): 5650 events have been generated 

 Pythia::next(): 5660 events have been generated 

 Pythia::next(): 5670 events have been generated 

 Pythia::next(): 5680 events have been generated 

 Pythia::next(): 5690 events have been generated 

 Pythia::next(): 5700 events have been generated 

 Pythia::next(): 5710 events have been generated 

 Pythia::next(): 5720 events have been generated 

 Pythia::next(): 5730 events have been generated 

 Pythia::next(): 5740 events have been generated 

 Pythia::next(): 5750 events have been generated 

 Pythia::next(): 5760 events have been generated 

 Pythia::next(): 5770 events have been generated 

 Pythia::next(): 5780 events have been generated 

 Pythia::next(): 5790 events have been generated 

 Pythia::next(): 5800 events have been generated 

 Pythia::next(): 5810 events have been generated 

 Pythia::next(): 5820 events have been generated 

 Pythia::next(): 5830 events have been generated 

 Pythia::next(): 5840 events have been generated 

 Pythia::next(): 5850 events have been generated 

 Pythia::next(): 5860 events have been generated 

 Pythia::next(): 5870 events have been generated 

 Pythia::next(): 5880 events have been generated 

 Pythia::next(): 5890 events have been generated 

 Pythia::next(): 5900 events have been generated 

 Pythia::next(): 5910 events have been generated 

 Pythia::next(): 5920 events have been generated 

 Pythia::next(): 5930 events have been generated 

 Pythia::next(): 5940 events have been generated 

 Pythia::next(): 5950 events have been generated 

 Pythia::next(): 5960 events have been generated 

 Pythia::next(): 5970 events have been generated 

 Pythia::next(): 5980 events have been generated 

 Pythia::next(): 5990 events have been generated 

 Pythia::next(): 6000 events have been generated 

 Pythia::next(): 6010 events have been generated 

 Pythia::next(): 6020 events have been generated 

 Pythia::next(): 6030 events have been generated 

 Pythia::next(): 6040 events have been generated 

 Pythia::next(): 6050 events have been generated 

 Pythia::next(): 6060 events have been generated 

 Pythia::next(): 6070 events have been generated 

 Pythia::next(): 6080 events have been generated 

 Pythia::next(): 6090 events have been generated 

 Pythia::next(): 6100 events have been generated 

 Pythia::next(): 6110 events have been generated 

 Pythia::next(): 6120 events have been generated 

 Pythia::next(): 6130 events have been generated 

 Pythia::next(): 6140 events have been generated 

 Pythia::next(): 6150 events have been generated 

 Pythia::next(): 6160 events have been generated 

 Pythia::next(): 6170 events have been generated 

 Pythia::next(): 6180 events have been generated 

 Pythia::next(): 6190 events have been generated 

 Pythia::next(): 6200 events have been generated 

 Pythia::next(): 6210 events have been generated 

 Pythia::next(): 6220 events have been generated 

 Pythia::next(): 6230 events have been generated 

 Pythia::next(): 6240 events have been generated 

 Pythia::next(): 6250 events have been generated 

 Pythia::next(): 6260 events have been generated 

 Pythia::next(): 6270 events have been generated 

 Pythia::next(): 6280 events have been generated 

 Pythia::next(): 6290 events have been generated 

 Pythia::next(): 6300 events have been generated 

 Pythia::next(): 6310 events have been generated 

 Pythia::next(): 6320 events have been generated 

 Pythia::next(): 6330 events have been generated 

 Pythia::next(): 6340 events have been generated 

 Pythia::next(): 6350 events have been generated 

 Pythia::next(): 6360 events have been generated 

 Pythia::next(): 6370 events have been generated 

 Pythia::next(): 6380 events have been generated 

 Pythia::next(): 6390 events have been generated 

 Pythia::next(): 6400 events have been generated 

 Pythia::next(): 6410 events have been generated 

 Pythia::next(): 6420 events have been generated 

 Pythia::next(): 6430 events have been generated 

 Pythia::next(): 6440 events have been generated 

 Pythia::next(): 6450 events have been generated 

 Pythia::next(): 6460 events have been generated 

 Pythia::next(): 6470 events have been generated 

 Pythia::next(): 6480 events have been generated 

 Pythia::next(): 6490 events have been generated 

 Pythia::next(): 6500 events have been generated 

 Pythia::next(): 6510 events have been generated 

 Pythia::next(): 6520 events have been generated 

 Pythia::next(): 6530 events have been generated 

 Pythia::next(): 6540 events have been generated 

 Pythia::next(): 6550 events have been generated 

 Pythia::next(): 6560 events have been generated 

 Pythia::next(): 6570 events have been generated 

 Pythia::next(): 6580 events have been generated 

 Pythia::next(): 6590 events have been generated 

 Pythia::next(): 6600 events have been generated 

 Pythia::next(): 6610 events have been generated 

 Pythia::next(): 6620 events have been generated 

 Pythia::next(): 6630 events have been generated 

 Pythia::next(): 6640 events have been generated 

 Pythia::next(): 6650 events have been generated 

 Pythia::next(): 6660 events have been generated 

 Pythia::next(): 6670 events have been generated 

 Pythia::next(): 6680 events have been generated 

 Pythia::next(): 6690 events have been generated 

 Pythia::next(): 6700 events have been generated 

 Pythia::next(): 6710 events have been generated 

 Pythia::next(): 6720 events have been generated 

 Pythia::next(): 6730 events have been generated 

 Pythia::next(): 6740 events have been generated 

 Pythia::next(): 6750 events have been generated 

 Pythia::next(): 6760 events have been generated 

 Pythia::next(): 6770 events have been generated 

 Pythia::next(): 6780 events have been generated 

 Pythia::next(): 6790 events have been generated 

 Pythia::next(): 6800 events have been generated 

 Pythia::next(): 6810 events have been generated 

 Pythia::next(): 6820 events have been generated 

 Pythia::next(): 6830 events have been generated 

 Pythia::next(): 6840 events have been generated 

 Pythia::next(): 6850 events have been generated 

 Pythia::next(): 6860 events have been generated 

 Pythia::next(): 6870 events have been generated 

 Pythia::next(): 6880 events have been generated 

 Pythia::next(): 6890 events have been generated 

 Pythia::next(): 6900 events have been generated 

 Pythia::next(): 6910 events have been generated 

 Pythia::next(): 6920 events have been generated 

 Pythia::next(): 6930 events have been generated 

 Pythia::next(): 6940 events have been generated 

 Pythia::next(): 6950 events have been generated 

 Pythia::next(): 6960 events have been generated 

 Pythia::next(): 6970 events have been generated 

 Pythia::next(): 6980 events have been generated 

 Pythia::next(): 6990 events have been generated 

 Pythia::next(): 7000 events have been generated 

 Pythia::next(): 7010 events have been generated 

 Pythia::next(): 7020 events have been generated 

 Pythia::next(): 7030 events have been generated 

 Pythia::next(): 7040 events have been generated 

 Pythia::next(): 7050 events have been generated 

 Pythia::next(): 7060 events have been generated 

 Pythia::next(): 7070 events have been generated 

 Pythia::next(): 7080 events have been generated 

 Pythia::next(): 7090 events have been generated 

 Pythia::next(): 7100 events have been generated 

 Pythia::next(): 7110 events have been generated 

 Pythia::next(): 7120 events have been generated 

 Pythia::next(): 7130 events have been generated 

 Pythia::next(): 7140 events have been generated 

 Pythia::next(): 7150 events have been generated 

 Pythia::next(): 7160 events have been generated 

 Pythia::next(): 7170 events have been generated 

 Pythia::next(): 7180 events have been generated 

 Pythia::next(): 7190 events have been generated 

 Pythia::next(): 7200 events have been generated 

 Pythia::next(): 7210 events have been generated 

 Pythia::next(): 7220 events have been generated 

 Pythia::next(): 7230 events have been generated 

 Pythia::next(): 7240 events have been generated 

 Pythia::next(): 7250 events have been generated 

 Pythia::next(): 7260 events have been generated 

 Pythia::next(): 7270 events have been generated 

 Pythia::next(): 7280 events have been generated 

 Pythia::next(): 7290 events have been generated 

 Pythia::next(): 7300 events have been generated 

 Pythia::next(): 7310 events have been generated 

 Pythia::next(): 7320 events have been generated 

 Pythia::next(): 7330 events have been generated 

 Pythia::next(): 7340 events have been generated 

 Pythia::next(): 7350 events have been generated 

 Pythia::next(): 7360 events have been generated 

 Pythia::next(): 7370 events have been generated 

 Pythia::next(): 7380 events have been generated 

 Pythia::next(): 7390 events have been generated 

 Pythia::next(): 7400 events have been generated 

 Pythia::next(): 7410 events have been generated 

 Pythia::next(): 7420 events have been generated 

 Pythia::next(): 7430 events have been generated 

 Pythia::next(): 7440 events have been generated 

 Pythia::next(): 7450 events have been generated 

 Pythia::next(): 7460 events have been generated 

 Pythia::next(): 7470 events have been generated 

 Pythia::next(): 7480 events have been generated 

 Pythia::next(): 7490 events have been generated 

 Pythia::next(): 7500 events have been generated 

 Pythia::next(): 7510 events have been generated 

 Pythia::next(): 7520 events have been generated 

 Pythia::next(): 7530 events have been generated 

 Pythia::next(): 7540 events have been generated 

 Pythia::next(): 7550 events have been generated 

 Pythia::next(): 7560 events have been generated 

 Pythia::next(): 7570 events have been generated 

 Pythia::next(): 7580 events have been generated 

 Pythia::next(): 7590 events have been generated 

 Pythia::next(): 7600 events have been generated 

 Pythia::next(): 7610 events have been generated 

 Pythia::next(): 7620 events have been generated 

 Pythia::next(): 7630 events have been generated 

 Pythia::next(): 7640 events have been generated 

 Pythia::next(): 7650 events have been generated 

 Pythia::next(): 7660 events have been generated 

 Pythia::next(): 7670 events have been generated 

 Pythia::next(): 7680 events have been generated 

 Pythia::next(): 7690 events have been generated 

 Pythia::next(): 7700 events have been generated 

 Pythia::next(): 7710 events have been generated 

 Pythia::next(): 7720 events have been generated 

 Pythia::next(): 7730 events have been generated 

 Pythia::next(): 7740 events have been generated 

 Pythia::next(): 7750 events have been generated 

 Pythia::next(): 7760 events have been generated 
 PYTHIA Warning in TauDecays::decay: unknown correlated tau production, assuming from unpolarized photon

 Pythia::next(): 7770 events have been generated 

 Pythia::next(): 7780 events have been generated 

 Pythia::next(): 7790 events have been generated 

 Pythia::next(): 7800 events have been generated 

 Pythia::next(): 7810 events have been generated 

 Pythia::next(): 7820 events have been generated 

 Pythia::next(): 7830 events have been generated 

 Pythia::next(): 7840 events have been generated 

 Pythia::next(): 7850 events have been generated 

 Pythia::next(): 7860 events have been generated 

 Pythia::next(): 7870 events have been generated 

 Pythia::next(): 7880 events have been generated 

 Pythia::next(): 7890 events have been generated 

 Pythia::next(): 7900 events have been generated 

 Pythia::next(): 7910 events have been generated 

 Pythia::next(): 7920 events have been generated 

 Pythia::next(): 7930 events have been generated 

 Pythia::next(): 7940 events have been generated 

 Pythia::next(): 7950 events have been generated 

 Pythia::next(): 7960 events have been generated 

 Pythia::next(): 7970 events have been generated 

 Pythia::next(): 7980 events have been generated 

 Pythia::next(): 7990 events have been generated 

 Pythia::next(): 8000 events have been generated 

 Pythia::next(): 8010 events have been generated 

 Pythia::next(): 8020 events have been generated 

 Pythia::next(): 8030 events have been generated 

 Pythia::next(): 8040 events have been generated 

 Pythia::next(): 8050 events have been generated 

 Pythia::next(): 8060 events have been generated 

 Pythia::next(): 8070 events have been generated 

 Pythia::next(): 8080 events have been generated 

 Pythia::next(): 8090 events have been generated 

 Pythia::next(): 8100 events have been generated 

 Pythia::next(): 8110 events have been generated 

 Pythia::next(): 8120 events have been generated 

 Pythia::next(): 8130 events have been generated 

 Pythia::next(): 8140 events have been generated 

 Pythia::next(): 8150 events have been generated 

 Pythia::next(): 8160 events have been generated 

 Pythia::next(): 8170 events have been generated 

 Pythia::next(): 8180 events have been generated 

 Pythia::next(): 8190 events have been generated 

 Pythia::next(): 8200 events have been generated 

 Pythia::next(): 8210 events have been generated 

 Pythia::next(): 8220 events have been generated 

 Pythia::next(): 8230 events have been generated 

 Pythia::next(): 8240 events have been generated 

 Pythia::next(): 8250 events have been generated 

 Pythia::next(): 8260 events have been generated 

 Pythia::next(): 8270 events have been generated 

 Pythia::next(): 8280 events have been generated 

 Pythia::next(): 8290 events have been generated 

 Pythia::next(): 8300 events have been generated 

 Pythia::next(): 8310 events have been generated 

 Pythia::next(): 8320 events have been generated 

 Pythia::next(): 8330 events have been generated 

 Pythia::next(): 8340 events have been generated 

 Pythia::next(): 8350 events have been generated 

 Pythia::next(): 8360 events have been generated 

 Pythia::next(): 8370 events have been generated 

 Pythia::next(): 8380 events have been generated 

 Pythia::next(): 8390 events have been generated 

 Pythia::next(): 8400 events have been generated 

 Pythia::next(): 8410 events have been generated 

 Pythia::next(): 8420 events have been generated 

 Pythia::next(): 8430 events have been generated 

 Pythia::next(): 8440 events have been generated 

 Pythia::next(): 8450 events have been generated 

 Pythia::next(): 8460 events have been generated 

 Pythia::next(): 8470 events have been generated 

 Pythia::next(): 8480 events have been generated 

 Pythia::next(): 8490 events have been generated 

 Pythia::next(): 8500 events have been generated 

 Pythia::next(): 8510 events have been generated 

 Pythia::next(): 8520 events have been generated 

 Pythia::next(): 8530 events have been generated 

 Pythia::next(): 8540 events have been generated 

 Pythia::next(): 8550 events have been generated 

 Pythia::next(): 8560 events have been generated 

 Pythia::next(): 8570 events have been generated 

 Pythia::next(): 8580 events have been generated 

 Pythia::next(): 8590 events have been generated 

 Pythia::next(): 8600 events have been generated 

 Pythia::next(): 8610 events have been generated 

 Pythia::next(): 8620 events have been generated 

 Pythia::next(): 8630 events have been generated 

 Pythia::next(): 8640 events have been generated 

 Pythia::next(): 8650 events have been generated 

 Pythia::next(): 8660 events have been generated 

 Pythia::next(): 8670 events have been generated 

 Pythia::next(): 8680 events have been generated 

 Pythia::next(): 8690 events have been generated 

 Pythia::next(): 8700 events have been generated 

 Pythia::next(): 8710 events have been generated 

 Pythia::next(): 8720 events have been generated 

 Pythia::next(): 8730 events have been generated 

 Pythia::next(): 8740 events have been generated 

 Pythia::next(): 8750 events have been generated 

 Pythia::next(): 8760 events have been generated 

 Pythia::next(): 8770 events have been generated 

 Pythia::next(): 8780 events have been generated 

 Pythia::next(): 8790 events have been generated 

 Pythia::next(): 8800 events have been generated 

 Pythia::next(): 8810 events have been generated 

 Pythia::next(): 8820 events have been generated 

 Pythia::next(): 8830 events have been generated 

 Pythia::next(): 8840 events have been generated 

 Pythia::next(): 8850 events have been generated 

 Pythia::next(): 8860 events have been generated 

 Pythia::next(): 8870 events have been generated 

 Pythia::next(): 8880 events have been generated 

 Pythia::next(): 8890 events have been generated 

 Pythia::next(): 8900 events have been generated 

 Pythia::next(): 8910 events have been generated 

 Pythia::next(): 8920 events have been generated 

 Pythia::next(): 8930 events have been generated 

 Pythia::next(): 8940 events have been generated 

 Pythia::next(): 8950 events have been generated 

 Pythia::next(): 8960 events have been generated 

 Pythia::next(): 8970 events have been generated 

 Pythia::next(): 8980 events have been generated 

 Pythia::next(): 8990 events have been generated 

 Pythia::next(): 9000 events have been generated 

 Pythia::next(): 9010 events have been generated 

 Pythia::next(): 9020 events have been generated 

 Pythia::next(): 9030 events have been generated 

 Pythia::next(): 9040 events have been generated 

 Pythia::next(): 9050 events have been generated 

 Pythia::next(): 9060 events have been generated 

 Pythia::next(): 9070 events have been generated 

 Pythia::next(): 9080 events have been generated 

 Pythia::next(): 9090 events have been generated 

 Pythia::next(): 9100 events have been generated 

 Pythia::next(): 9110 events have been generated 

 Pythia::next(): 9120 events have been generated 

 Pythia::next(): 9130 events have been generated 

 Pythia::next(): 9140 events have been generated 

 Pythia::next(): 9150 events have been generated 

 Pythia::next(): 9160 events have been generated 

 Pythia::next(): 9170 events have been generated 

 Pythia::next(): 9180 events have been generated 

 Pythia::next(): 9190 events have been generated 

 Pythia::next(): 9200 events have been generated 

 Pythia::next(): 9210 events have been generated 

 Pythia::next(): 9220 events have been generated 

 Pythia::next(): 9230 events have been generated 

 Pythia::next(): 9240 events have been generated 

 Pythia::next(): 9250 events have been generated 

 Pythia::next(): 9260 events have been generated 

 Pythia::next(): 9270 events have been generated 

 Pythia::next(): 9280 events have been generated 

 Pythia::next(): 9290 events have been generated 

 Pythia::next(): 9300 events have been generated 

 Pythia::next(): 9310 events have been generated 

 Pythia::next(): 9320 events have been generated 

 Pythia::next(): 9330 events have been generated 

 Pythia::next(): 9340 events have been generated 

 Pythia::next(): 9350 events have been generated 

 Pythia::next(): 9360 events have been generated 

 Pythia::next(): 9370 events have been generated 

 Pythia::next(): 9380 events have been generated 

 Pythia::next(): 9390 events have been generated 

 Pythia::next(): 9400 events have been generated 

 Pythia::next(): 9410 events have been generated 

 Pythia::next(): 9420 events have been generated 

 Pythia::next(): 9430 events have been generated 

 Pythia::next(): 9440 events have been generated 

 Pythia::next(): 9450 events have been generated 

 Pythia::next(): 9460 events have been generated 

 Pythia::next(): 9470 events have been generated 

 Pythia::next(): 9480 events have been generated 

 Pythia::next(): 9490 events have been generated 

 Pythia::next(): 9500 events have been generated 

 Pythia::next(): 9510 events have been generated 

 Pythia::next(): 9520 events have been generated 

 Pythia::next(): 9530 events have been generated 

 Pythia::next(): 9540 events have been generated 

 Pythia::next(): 9550 events have been generated 

 Pythia::next(): 9560 events have been generated 

 Pythia::next(): 9570 events have been generated 

 Pythia::next(): 9580 events have been generated 

 Pythia::next(): 9590 events have been generated 

 Pythia::next(): 9600 events have been generated 

 Pythia::next(): 9610 events have been generated 

 Pythia::next(): 9620 events have been generated 

 Pythia::next(): 9630 events have been generated 

 Pythia::next(): 9640 events have been generated 

 Pythia::next(): 9650 events have been generated 

 Pythia::next(): 9660 events have been generated 

 Pythia::next(): 9670 events have been generated 

 Pythia::next(): 9680 events have been generated 

 Pythia::next(): 9690 events have been generated 

 Pythia::next(): 9700 events have been generated 

 Pythia::next(): 9710 events have been generated 

 Pythia::next(): 9720 events have been generated 

 Pythia::next(): 9730 events have been generated 

 Pythia::next(): 9740 events have been generated 

 Pythia::next(): 9750 events have been generated 

 Pythia::next(): 9760 events have been generated 

 Pythia::next(): 9770 events have been generated 

 Pythia::next(): 9780 events have been generated 

 Pythia::next(): 9790 events have been generated 

 Pythia::next(): 9800 events have been generated 

 Pythia::next(): 9810 events have been generated 

 Pythia::next(): 9820 events have been generated 

 Pythia::next(): 9830 events have been generated 

 Pythia::next(): 9840 events have been generated 

 Pythia::next(): 9850 events have been generated 

 Pythia::next(): 9860 events have been generated 

 Pythia::next(): 9870 events have been generated 

 Pythia::next(): 9880 events have been generated 

 Pythia::next(): 9890 events have been generated 

 Pythia::next(): 9900 events have been generated 

 Pythia::next(): 9910 events have been generated 

 Pythia::next(): 9920 events have been generated 

 Pythia::next(): 9930 events have been generated 

 Pythia::next(): 9940 events have been generated 

 Pythia::next(): 9950 events have been generated 

 Pythia::next(): 9960 events have been generated 

 Pythia::next(): 9970 events have been generated 

 Pythia::next(): 9980 events have been generated 

 Pythia::next(): 9990 events have been generated 

 *-------  PYTHIA Event and Cross Section Statistics  -------------------------------------------------------------*
 |                                                                                                                 |
 | Subprocess                                    Code |            Number of events       |      sigma +- delta    |
 |                                                    |       Tried   Selected   Accepted |     (estimated) (mb)   |
 |                                                    |                                   |                        |
 |-----------------------------------------------------------------------------------------------------------------|
 |                                                    |                                   |                        |
 | Les Houches User Process(es)                  9999 |       10000      10000      10000 |   1.790e-09  1.232e-17 |
 |    ... whereof user classification code          1 |       10000      10000      10000 |                        | 
 |                                                    |                                   |                        |
 | sum                                                |       10000      10000      10000 |   1.790e-09  1.232e-17 |
 |                                                                                                                 |
 *-------  End PYTHIA Event and Cross Section Statistics ----------------------------------------------------------*

 *-------  PYTHIA Error and Warning Messages Statistics  ----------------------------------------------------------* 
 |                                                                                                                 | 
 |  times   message                                                                                                | 
 |                                                                                                                 | 
 |      1   Warning in HadronWidths::pickMasses: angular momentum and running widths not used                      | 
 |      1   Warning in SLHAinterface::initSLHA: ignoring DECAY tables                                              | 
 |      1   Warning in SLHAinterface::initSLHA: ignoring MASS entries                                              | 
 |      1   Warning in SLHAinterface::initSLHA: ignoring empty DECAY tables                                        | 
 |      1   Warning in TauDecays::decay: unknown correlated tau production, assuming from unpolarized photon       | 
 |      1   Info from SLHAinterface::initSLHA: No MODSEL found, keeping internal SUSY switched off                 | 
 |                                                                                                                 | 
 *-------  End PYTHIA Error and Warning Messages Statistics  ------------------------------------------------------* 
Wrote 10000 events to /uscms_data/d3/iturkmen/hh4b_delphes/hepmc/qcd_bbbb_iht600plus_10000_pythia8.hepmc
** INFO: initializing module  Delphes                  
** INFO: initializing module  ParticlePropagator       
** INFO: initializing module  ChargedHadronTrackingEfficiency
** INFO: initializing module  ElectronTrackingEfficiency
** INFO: initializing module  MuonTrackingEfficiency   
** INFO: initializing module  ChargedHadronMomentumSmearing
** INFO: initializing module  ElectronMomentumSmearing 
** INFO: initializing module  MuonMomentumSmearing     
** INFO: initializing module  TrackMerger              
** INFO: initializing module  ECal                     
** INFO: initializing module  HCal                     
** INFO: initializing module  Calorimeter              
** INFO: initializing module  EFlowMerger              
** INFO: initializing module  EFlowFilter              
** INFO: initializing module  PhotonEfficiency         
** INFO: initializing module  PhotonIsolation          
** INFO: initializing module  ElectronFilter           
** INFO: initializing module  ElectronEfficiency       
** INFO: initializing module  ElectronIsolation        
** INFO: initializing module  ChargedHadronFilter      
** INFO: initializing module  MuonEfficiency           
** INFO: initializing module  MuonIsolation            
** INFO: initializing module  MissingET                
** INFO: initializing module  NeutrinoFilter           
** INFO: initializing module  GenJetFinder             
#--------------------------------------------------------------------------
#                         FastJet release 3.5.1
#                 M. Cacciari, G.P. Salam and G. Soyez                  
#     A software package for jet finding and analysis at colliders      
#                           https://fastjet.fr                           
#	                                                                      
# Please cite EPJC72(2012)1896 [arXiv:1111.6097] if you use this package
# for scientific work and optionally PLB641(2006)57 [hep-ph/0512210].   
#                                                                       
# FastJet is provided without warranty under the GNU GPL v2 or higher.  
# It uses T. Chan's closest pair algorithm, S. Fortune's Voronoi code
# and 3rd party plugin jet algorithms. See COPYING file for details.
#--------------------------------------------------------------------------
** INFO: initializing module  GenMissingET             
** INFO: initializing module  FastJetFinder            
** INFO: initializing module  FatJetFinder             
** INFO: initializing module  JetEnergyScale           
** INFO: initializing module  JetFlavorAssociation     
** INFO: initializing module  BTagging                 
** INFO: initializing module  TauTagging               
** INFO: initializing module  UniqueObjectFinder       
** INFO: initializing module  ScalarHT                 
** INFO: initializing module  TreeWriter               
** Reading /uscms_data/d3/iturkmen/hh4b_delphes/hepmc/qcd_bbbb_iht600plus_10000_pythia8.hepmc
** [----------------------------------------------------------------] (0.01%)** [#---------------------------------------------------------------] (1.64%)** [##--------------------------------------------------------------] (3.18%)** [###-------------------------------------------------------------] (4.76%)** [####------------------------------------------------------------] (6.42%)** [#####-----------------------------------------------------------] (8.17%)** [######----------------------------------------------------------] (9.76%)** [#######---------------------------------------------------------] (11.37%)** [########--------------------------------------------------------] (12.99%)** [#########-------------------------------------------------------] (14.56%)** [##########------------------------------------------------------] (15.67%)** [###########-----------------------------------------------------] (17.35%)** [############----------------------------------------------------] (18.85%)** [#############---------------------------------------------------] (20.97%)** [##############--------------------------------------------------] (22.08%)** [###############-------------------------------------------------] (24.00%)** [################------------------------------------------------] (25.24%)** [#################-----------------------------------------------] (26.62%)** [##################----------------------------------------------] (28.51%)** [###################---------------------------------------------] (30.28%)** [####################--------------------------------------------] (31.79%)** [#####################-------------------------------------------] (33.06%)** [######################------------------------------------------] (34.93%)** [#######################-----------------------------------------] (36.41%)** [########################----------------------------------------] (37.54%)** [#########################---------------------------------------] (39.73%)** [##########################--------------------------------------] (40.88%)** [###########################-------------------------------------] (42.83%)** [############################------------------------------------] (43.98%)** [#############################-----------------------------------] (46.00%)** [##############################----------------------------------] (47.12%)** [###############################---------------------------------] (48.57%)** [################################--------------------------------] (50.13%)** [#################################-------------------------------] (51.82%)** [##################################------------------------------] (53.28%)** [###################################-----------------------------] (55.07%)** [####################################----------------------------] (56.57%)** [#####################################---------------------------] (58.30%)** [######################################--------------------------] (59.85%)** [#######################################-------------------------] (61.58%)** [########################################------------------------] (63.15%)** [#########################################-----------------------] (64.22%)** [##########################################----------------------] (66.40%)** [###########################################---------------------] (67.46%)** [############################################--------------------] (68.89%)** [#############################################-------------------] (70.77%)** [##############################################------------------] (72.17%)** [###############################################-----------------] (74.03%)** [################################################----------------] (75.72%)** [#################################################---------------] (77.28%)** [##################################################--------------] (78.52%)** [###################################################-------------] (80.45%)** [####################################################------------] (81.88%)** [#####################################################-----------] (83.01%)** [######################################################----------] (85.12%)** [#######################################################---------] (86.26%)** [########################################################--------] (87.66%)** [#########################################################-------] (89.20%)** [##########################################################------] (91.06%)** [###########################################################-----] (92.62%)** [############################################################----] (94.27%)** [#############################################################---] (95.82%)** [##############################################################--] (96.90%)** [###############################################################-] (98.70%)** [################################################################] (100.00%)
** Exiting...
FILE: /uscms_data/d3/iturkmen/hh4b_delphes/root/qcd_bbbb_iht600plus_10000_pythia8_delphes.root

KEYS:
  ProcessID0;1
  Delphes;1

TREE: Delphes
ENTRIES: 10000

OBJECT CHECK:
  Event: OK
  Particle: OK
  Jet: OK
  GenJet: OK
  MissingET: OK
  GenMissingET: OK
  Electron: OK
  Muon: OK

SIZE BRANCHES:
  Event_size
  Weight_size
  Particle_size
  Track_size
  Tower_size
  EFlowTrack_size
  EFlowPhoton_size
  EFlowNeutralHadron_size
  GenJet_size
  GenMissingET_size
  Jet_size
  Electron_size
  Photon_size
  Muon_size
  FatJet_size
  MissingET_size
  ScalarHT_size
Input: /uscms_data/d3/iturkmen/hh4b_delphes/root/qcd_bbbb_iht600plus_10000_pythia8_delphes.root
Events: 10000

      event  n_higgs_particles  ...  n_genjets_flavor5  n_genjets_btag
0         0                  0  ...                  0               0
1         1                  0  ...                  0               0
2         2                  0  ...                  0               0
3         3                  0  ...                  0               0
4         4                  0  ...                  0               0
...     ...                ...  ...                ...             ...
9995   9995                  0  ...                  0               0
9996   9996                  0  ...                  0               0
9997   9997                  0  ...                  0               0
9998   9998                  0  ...                  0               0
9999   9999                  0  ...                  0               0

[10000 rows x 15 columns]

Column sums:
  n_higgs_particles: 0
  n_b_particles: 485679
  n_status1_b_particles: 0
  n_jets: 59183
  n_jets_pt30_eta25: 48400
  n_jets_flavor5: 39102
  n_jets_flavoralgo5: 0
  n_jets_flavorphys5: 0
  n_btagged_jets: 27059
  n_btagged_jets_pt30_eta25: 25804
  n_genjets: 61192
  n_genjets_pt30_eta25: 47834
  n_genjets_flavor5: 0
  n_genjets_btag: 0

Events with >=4 reconstructed jets: 8663
Events with >=4 reconstructed b-tagged jets: 1871
Events with >=4 jet FlavorPhys b jets: 0
Events with >=4 generator-level b particles: 10000

Wrote: /uscms_data/d3/iturkmen/hh4b_delphes/metadata/qcd_bbbb_iht600plus_10000_diagnostic.csv
Wrote: /uscms_data/d3/iturkmen/hh4b_delphes/parquet/qcd_bbbb_iht600plus_10000_event_summary.parquet
                         sample  event  ...  ht_pt30_eta25         met
0     qcd_bbbb_iht600plus_10000      0  ...     623.705872   96.109863
1     qcd_bbbb_iht600plus_10000      1  ...     562.687866  108.787422
2     qcd_bbbb_iht600plus_10000      2  ...     534.665283  112.465996
3     qcd_bbbb_iht600plus_10000      3  ...     948.986389    3.917360
4     qcd_bbbb_iht600plus_10000      4  ...     577.417786   45.393234
...                         ...    ...  ...            ...         ...
9995  qcd_bbbb_iht600plus_10000   9995  ...     772.589172   39.993443
9996  qcd_bbbb_iht600plus_10000   9996  ...     930.484985   53.539776
9997  qcd_bbbb_iht600plus_10000   9997  ...     814.765869  150.900986
9998  qcd_bbbb_iht600plus_10000   9998  ...     739.875732   91.350365
9999  qcd_bbbb_iht600plus_10000   9999  ...     607.709229   70.695671

[10000 rows x 13 columns]

Selection counts:
  events: 10000
  events with >=4 selected jets: 8663
  events with >=4 selected b-tagged jets: 1871
DONE: qcd_bbbb_iht600plus_10000
ROOT: /uscms_data/d3/iturkmen/hh4b_delphes/root/qcd_bbbb_iht600plus_10000_pythia8_delphes.root
HEPMC: /uscms_data/d3/iturkmen/hh4b_delphes/hepmc/qcd_bbbb_iht600plus_10000_pythia8.hepmc
PARQUET: /uscms_data/d3/iturkmen/hh4b_delphes/parquet/qcd_bbbb_iht600plus_10000_event_summary.parquet
DIAGNOSTIC: /uscms_data/d3/iturkmen/hh4b_delphes/metadata/qcd_bbbb_iht600plus_10000_diagnostic.csv
Input events: 10000
Events with >=4 selected b-tagged jets: 1871
Wrote: /uscms_data/d3/iturkmen/hh4b_delphes/parquet/qcd_bbbb_iht600plus_10000_hh4b_candidates.parquet

              mbb1         mbb2  ...          mhh  n_selected_bjets
count  1871.000000  1871.000000  ...  1871.000000       1871.000000
mean    262.295647   190.880967  ...   914.171817          4.146446
std     143.226314   108.230917  ...   328.291955          0.385481
min      55.229392    32.839386  ...   213.921058          4.000000
25%     152.724883   115.212007  ...   703.549101          4.000000
50%     232.284834   163.968832  ...   841.418668          4.000000
75%     336.907806   241.076138  ...  1051.551777          4.000000
max    1054.942687   985.274338  ...  2430.942831          7.000000

[8 rows x 6 columns]
sample: qcd_bbbb_iht600plus_10000
events: 10000
candidate rows: 1871
cross-section median pb: 1.7898633480072021
events with >=4 selected jets: 8663
events with >=4 selected b-tagged jets: 1871
median mbb1: 232.28483386177388
median mbb2: 163.96883191873405
median avg_mbb: 214.68592087135306
median delta_mbb: 112.42290604174971
median mhh: 841.4186675177621
median n_selected_bjets: 4.0
Wrote: /uscms_data/d3/iturkmen/hh4b_delphes/metadata/qcd_bbbb_iht600plus_10000_summary.txt
DONE qcd_bbbb_iht600plus_10000
Finished and cleaned bulky files for qcd_bbbb_iht600plus_10000
                       tag slice_label  n_generated    xsec_pb  n_ge4_jets  n_ge4_btags  candidate_rows  candidate_eff  effective_candidate_xsec_pb  median_mbb1  median_mbb2  median_avg_mbb  median_delta_mbb  median_mhh  median_ht_pt30_eta25
qcd_bbbb_iht100to200_10000 iht100to200        10000 204.981888        1809          148             148         0.0148                     3.033732   120.598713   100.894060      109.205033         26.357407  279.376951            122.806084
qcd_bbbb_iht200to400_10000 iht200to400        10000 126.323647        5287          662             662         0.0662                     8.362625   131.610763   114.337233      125.334028         37.244272  375.118944            234.762451
qcd_bbbb_iht400to600_10000 iht400to600        10000   9.725392        7762         1480            1480         0.1480                     1.439358   173.427153   129.628881      157.436437         70.111874  585.030787            455.994934
 qcd_bbbb_iht600plus_10000  iht600plus        10000   1.789863        8663         1871            1871         0.1871                     0.334883   232.284834   163.968832      214.685921        112.422906  841.418668            708.435425
Wrote: /uscms_data/d3/iturkmen/hh4b_delphes/metadata/qcd_bbbb_iht_slice_scan_10000.csv
	Command being timed: "scripts/delphes/run_qcd_bbbb_iht_slice_scan.sh 10000"
	User time (seconds): 2165.00
	System time (seconds): 57.50
	Percent of CPU this job got: 116%
	Elapsed (wall clock) time (h:mm:ss or m:ss): 31:49.93
	Average shared text size (kbytes): 0
	Average unshared data size (kbytes): 0
	Average stack size (kbytes): 0
	Average total size (kbytes): 0
	Maximum resident set size (kbytes): 556804
	Average resident set size (kbytes): 0
	Major (requiring I/O) page faults: 4656
	Minor (reclaiming a frame) page faults: 3357065
	Voluntary context switches: 304324
	Involuntary context switches: 120020
	Swaps: 0
	File system inputs: 22775584
	File system outputs: 39465592
	Socket messages sent: 0
	Socket messages received: 0
	Signals delivered: 0
	Page size (bytes): 4096
	Exit status: 0
