
============================================================
Starting shard 000 / campaign ttbar_100k
TAG=ttbar_100k_shard000
RUN_NAME=run_ttbar_100k_000
SEED=105000
============================================================
PROCESS_DIR=/uscms_data/d3/iturkmen/hh4b_delphes/mg5/TTbar_smoke
RUN_NAME=run_ttbar_100k_000
N_EVENTS=10000
SEED=105000
OUTPUT_TAG=ttbar_100k_shard000
APPLY_B_CUTS=yes
Updated run card:
 10000 = nevents ! Number of unweighted events
 105000 = iseed ! Random seed
 25.0 = ptb ! minimum pt for b quarks
 2.7 = etab ! maximum eta for b quarks
 0.4 = drbb ! minimum deltaR between b quarks
 0.4 = drbj ! minimum deltaR between b and light jets
 20.0 = ptj ! minimum pt for jets
 5.0 = etaj ! maximum eta for jets
************************************************************
*                                                          *
*                      W E L C O M E to                    *
*             M A D G R A P H 5 _ a M C @ N L O            *
*                      M A D E V E N T                     *
*                                                          *
*                 *                       *                *
*                   *        * *        *                  *
*                     * * * * 5 * * * *                    *
*                   *        * *        *                  *
*                 *                       *                *
*                                                          *
*         VERSION 3.5.3                                    *
*                                                          *
*    The MadGraph5_aMC@NLO Development Team - Find us at   *
*    https://server06.fynu.ucl.ac.be/projects/madgraph     *
*                                                          *
*               Type 'help' for in-line help.              *
*                                                          *
************************************************************
INFO: load configuration from /uscms_data/d3/iturkmen/hh4b_delphes/mg5/TTbar_smoke/Cards/me5_configuration.txt  
INFO: load configuration from /cvmfs/sft.cern.ch/lcg/releases/MCGenerators/madgraph5amc/3.5.3.atlas7-2c347/x86_64-el9-gcc13-opt/input/mg5_configuration.txt  
INFO: load configuration from /uscms_data/d3/iturkmen/hh4b_delphes/mg5/TTbar_smoke/Cards/me5_configuration.txt  
Using default text editor "vi". Set another one in ./input/mg5_configuration.txt
Using default eps viewer "evince". Set another one in ./input/mg5_configuration.txt
Using default web browser "firefox". Set another one in ./input/mg5_configuration.txt
generate_events run_ttbar_100k_000 -f
Generating 10000 events with run name run_ttbar_100k_000
survey  run_ttbar_100k_000 
INFO: compile directory 
compile Source Directory
Using random number seed offset = 105000
INFO: Running Survey 
Creating Jobs
Working on SubProcesses
INFO: Compiling for process 1/3. 
INFO:     P1_gg_ttx  
  0%|          | 0/707 [00:00<?, ?it/s]100%|██████████| 707/707 [00:00<00:00, 132803.66it/s]
INFO: Compiling for process 2/3. 
INFO:     P1_qq_ttx  
  0%|          | 0/703 [00:00<?, ?it/s]100%|██████████| 703/703 [00:00<00:00, 248135.63it/s]
INFO: Compiling for process 3/3. 
INFO:     P1_bbx_ttx  
  0%|          | 0/699 [00:00<?, ?it/s]100%|██████████| 699/699 [00:00<00:00, 212404.44it/s]
INFO:     P1_gg_ttx  
INFO:     P1_qq_ttx  
INFO:     P1_bbx_ttx  
INFO:  Idle: 1,  Running: 1,  Completed: 1 [ current time: 12h22 ] 
INFO:  Idle: 0,  Running: 2,  Completed: 1 [ current time: 12h22 ] 
INFO:  Idle: 0,  Running: 0,  Completed: 3 [  0.2s  ] 
INFO: End survey 
refine 10000
Creating Jobs
INFO: Refine results to 10000 
INFO: Generating 10000.0 unweighted events. 
sum of cpu time of last step: 1 seconds
INFO: Effective Luminosity 23.418977509877685 pb^-1 
INFO: need to improve 2 channels 
- Current estimate of cross-section: 512.40495 +- 2.7256567684479442
    P1_gg_ttx 
    P1_qq_ttx 
    P1_bbx_ttx 
INFO:  Idle: 5,  Running: 8,  Completed: 0 [ current time: 12h22 ] 
INFO:  Idle: 0,  Running: 7,  Completed: 6 [  0.36s  ] 
INFO:  Idle: 0,  Running: 0,  Completed: 13 [  0.75s  ] 
INFO: Combining runs 
sum of cpu time of last step: 8 seconds
INFO: finish refine 
refine 10000 --treshold=0.9
No need for second refine due to stability of cross-section
INFO: Combining Events 
combination of events done in 2.1287460327148438 s 
  === Results Summary for run: run_ttbar_100k_000 tag: tag_1 ===

     Cross-section :   512.8 +- 0.5903 pb
     Nb of events :  10000
 
INFO: Running Systematics computation 
INFO:  Idle: 0,  Running: 3,  Completed: 1 [  8.3s  ] 
INFO: # Events generated with PDF: NNPDF23_lo_as_0130_qed (247000) 
INFO: # Will Compute 145 weights per event. 
INFO: #***************************************************************************
#
# original cross-section: 512.6191796231413
#     scale variation: +30.2% -21.7%
#     central scheme variation: +1.13e-10% -25.9%
# PDF variation: +4.25% -4.25%
#
# dynamical scheme # 1 : 487.943 +29.9% -21.6% # \sum ET
# dynamical scheme # 2 : 401.489 +27.7% -20.4% # \sum\sqrt{m^2+pt^2}
# dynamical scheme # 3 : 512.619 +30.2% -21.7% # 0.5 \sum\sqrt{m^2+pt^2}
# dynamical scheme # 4 : 379.704 +27% -20.1% # \sqrt{\hat s}
#***************************************************************************
 
INFO: End of systematics computation 
store_events
INFO: Storing parton level results 
INFO: End Parton 
reweight -from_cards
decay_events -from_cards
INFO: storing files of previous run 
INFO: Done 
quit
INFO:  
LHE=/uscms_data/d3/iturkmen/hh4b_delphes/mg5/TTbar_smoke/Events/run_ttbar_100k_000/unweighted_events.lhe.gz
N_FOUND=10000
Sample: ttbar_100k_shard000
Input LHE.GZ: /uscms_data/d3/iturkmen/hh4b_delphes/mg5/TTbar_smoke/Events/run_ttbar_100k_000/unweighted_events.lhe.gz
Events requested: 10000
Output tag: ttbar_100k_shard000
LHE: /uscms_data/d3/iturkmen/hh4b_delphes/mg5/TTbar_smoke/Events/run_ttbar_100k_000/unweighted_events.lhe
HEPMC: /uscms_data/d3/iturkmen/hh4b_delphes/hepmc/ttbar_100k_shard000_pythia8.hepmc
ROOT: /uscms_data/d3/iturkmen/hh4b_delphes/root/ttbar_100k_shard000_pythia8_delphes.root
LHE event count: 10000

 *------------------------------------------------------------------------------------* 
 |                                                                                    | 
 |  *------------------------------------------------------------------------------*  | 
 |  |                                                                              |  | 
 |  |                                                                              |  | 
 |  |   PPP   Y   Y  TTTTT  H   H  III    A      Welcome to the Lund Monte Carlo!  |  | 
 |  |   P  P   Y Y     T    H   H   I    A A     This is PYTHIA version 8.312      |  | 
 |  |   PPP     Y      T    HHHHH   I   AAAAA    Last date of change: 23 May 2024  |  | 
 |  |   P       Y      T    H   H   I   A   A                                      |  | 
 |  |   P       Y      T    H   H  III  A   A    Now is 08 Jul 2026 at 12:23:18    |  | 
 |  |                                                                              |  | 
 |  |   Program documentation and an archive of historic versions is found on:     |  | 
 |  |                                                                              |  | 
 |  |                               https://pythia.org/                            |  | 
 |  |                                                                              |  | 
 |  |   PYTHIA is authored by a collaboration consisting of:                       |  | 
 |  |                                                                              |  | 
 |  |   Javira Altmann, Christian Bierlich, Naomi Cooke, Nishita Desai,            |  | 
 |  |   Leif Gellersen, Ilkka Helenius, Philip Ilten, Leif Lonnblad,               |  | 
 |  |   Stephen Mrenna, Christian Preuss, Torbjorn Sjostrand, Peter Skands,        |  | 
 |  |   Marius Utheim, and Rob Verheyen.                                           |  | 
 |  |                                                                              |  | 
 |  |   The complete list of authors, including contact information and            |  | 
 |  |   affiliations, can be found on https://pythia.org/.                         |  | 
 |  |   Problems or bugs should be reported on email at authors@pythia.org.        |  | 
 |  |                                                                              |  | 
 |  |   The main program reference is C. Bierlich et al,                           |  | 
 |  |   'A comprehensive guide to the physics and usage of Pythia 8.3',            |  | 
 |  |   SciPost Phys. Codebases 8-r8.3 (2022) [arXiv:2203.11601 [hep-ph]]          |  | 
 |  |                                                                              |  | 
 |  |   PYTHIA is released under the GNU General Public Licence version 2 or later.|  | 
 |  |   Please respect the MCnet Guidelines for Event Generator Authors and Users. |  | 
 |  |                                                                              |  | 
 |  |   Disclaimer: this program comes without any guarantees.                     |  | 
 |  |   Beware of errors and use common sense when interpreting results.           |  | 
 |  |                                                                              |  | 
 |  |   Copyright (C) 2024 Torbjorn Sjostrand                                      |  | 
 |  |                                                                              |  | 
 |  |                                                                              |  | 
 |  *------------------------------------------------------------------------------*  | 
 |                                                                                    | 
 *------------------------------------------------------------------------------------* 

 *-----------------------  SusyLesHouches SUSY/BSM Interface  ------------------------*
 | Last Change 12 Apr 2017 - P. Skands
 | Parsing: /uscms_data/d3/iturkmen/hh4b_delphes/mg5/TTbar_smoke/Events/run_ttbar_100k_000/unweighted_events.lhe
 | (SLHA::readFile) line 330 - storing non-SLHA(2) block: yukawa
 *------------------------------------------------------------------------------------*
 PYTHIA Info from SLHAinterface::initSLHA: No MODSEL found, keeping internal SUSY switched off
 PYTHIA Warning in SLHAinterface::initSLHA: ignoring MASS entries for id = {1,2,3,4,5,11,12,13,14,15,16,21,22,23,24} (m0 < SLHA:minMassSM)
 PYTHIA Warning in SLHAinterface::initSLHA: ignoring DECAY tables for id = {23,24,1,2,3,4,5,11,12,13,14,15,16,21,22} (m0 < SLHA:minMassSM)
 PYTHIA Warning in SLHAinterface::initSLHA: ignoring empty DECAY tables for id = {6,25} (total width provided but no Branching Ratios)

 *-------  PYTHIA Process Initialization  --------------------------*
 |                                                                  |
 | We collide p+ with p+ at a CM energy of 1.300e+04 GeV            |
 |                                                                  |
 |------------------------------------------------------------------|
 |                                                    |             |
 | Subprocess                                    Code |   Estimated |
 |                                                    |    max (mb) |
 |                                                    |             |
 |------------------------------------------------------------------|
 |                                                    |             |
 | Les Houches User Process(es)                  9999 |   1.000e-09 |
 |                                                                  |
 *-------  End PYTHIA Process Initialization -----------------------*

 *-------  PYTHIA Multiparton Interactions Initialization  ---------* 
 |                                                                  | 
 |                   sigmaNonDiffractive =    56.42 mb              | 
 |                                                                  | 
 |    pT0 =  2.60 gives sigmaInteraction =   317.96 mb: accepted    | 
 |                                                                  | 
 *-------  End PYTHIA Multiparton Interactions Initialization  -----* 

 *-------  PYTHIA Flag + Mode + Parm + Word + FVec + MVec + PVec + WVec Settings (changes only)  ------------------* 
 |                                                                                                                 | 
 | Name                                          |                      Now |      Default         Min         Max | 
 |                                               |                          |                                      | 
 | Beams:frameType                               |                        4 |            1           1           5 | 
 | Beams:LHEF                                    | /uscms_data/d3/iturkmen/hh4b_delphes/mg5/TTbar_smoke/Events/run_ttbar_100k_000/unweighted_events.lhe |         void | 
 | Check:event                                   |                      off |           on                         | 
 | Next:numberCount                              |                       10 |         1000           0             | 
 | Next:numberShowEvent                          |                        0 |            1           0             | 
 | Next:numberShowInfo                           |                        0 |            1           0             | 
 | Next:numberShowProcess                        |                        0 |            1           0             | 
 |                                                                                                                 | 
 *-------  End PYTHIA Flag + Mode + Parm + Word + FVec + MVec + PVec + WVec Settings  -----------------------------* 

 --------  PYTHIA Particle Data Table (changed only)  ------------------------------------------------------------------------------
 
      id   name            antiName         spn chg col      m0        mWidth      mMin       mMax       tau0    res dec ext vis wid
             no onMode   bRatio   meMode     products 

       6  t                tbar               2   2   1  173.00000    1.35678  166.40000  179.60000  1.45438e-13   1   1   0   1   0
              0     1   0.0000664    0       24        1 
              1     1   0.0017361    0       24        3 
              2     1   0.9981975    0       24        5 
              3     0   0.0000000    0       37        5 

      25  h0                                  1   0   0  125.00000    0.00408  124.96809  125.03191  4.83238e-11   1   1   0   0   0
              0     1   0.0000009    0        1       -1 
              1     1   0.0000002    0        2       -2 
              2     1   0.0002163    0        3       -3 
              3     1   0.0288493    0        4       -4 
              4     1   0.5768873    0        5       -5 
              5     1   0.0000000    0        6       -6 
              6     1   0.0000000    0       11      -11 
              7     1   0.0002185    0       13      -13 
              8     1   0.0628569    0       15      -15 
              9     1   0.0850383    0       21       21 
             10     1   0.0022965    0       22       22 
             11     1   0.0016155    0       22       23 
             12     1   0.0261758    0       23       23 
             13     1   0.2158445    0       24      -24 
             14     1   0.0000000  103  1000022  1000022 
             15     1   0.0000000  103  1000023  1000022 
             16     1   0.0000000  103  1000023  1000023 
             17     1   0.0000000  103  1000025  1000022 
             18     1   0.0000000  103  1000025  1000023 
             19     1   0.0000000  103  1000025  1000025 
             20     1   0.0000000  103  1000035  1000022 
             21     1   0.0000000  103  1000035  1000023 
             22     1   0.0000000  103  1000035  1000025 
             23     1   0.0000000  103  1000035  1000035 
             24     1   0.0000000  103  1000024 -1000024 
             25     1   0.0000000  103  1000024 -1000037 
             26     1   0.0000000  103  1000037 -1000024 
             27     1   0.0000000  103  1000037 -1000037 
             28     1   0.0000000  103  1000001 -1000001 
             29     1   0.0000000  103  2000001 -2000001 
             30     1   0.0000000  103  1000001 -2000001 
             31     1   0.0000000  103 -1000001  2000001 
             32     1   0.0000000  103  1000002 -1000002 
             33     1   0.0000000  103  2000002 -2000002 
             34     1   0.0000000  103  1000002 -2000002 
             35     1   0.0000000  103 -1000002  2000002 
             36     1   0.0000000  103  1000003 -1000003 
             37     1   0.0000000  103  2000003 -2000003 
             38     1   0.0000000  103  1000003 -2000003 
             39     1   0.0000000  103 -1000003  2000003 
             40     1   0.0000000  103  1000004 -1000004 
             41     1   0.0000000  103  2000004 -2000004 
             42     1   0.0000000  103  1000004 -2000004 
             43     1   0.0000000  103 -1000004  2000004 
             44     1   0.0000000  103  1000005 -1000005 
             45     1   0.0000000  103  2000005 -2000005 
             46     1   0.0000000  103  1000005 -2000005 
             47     1   0.0000000  103 -1000005  2000005 
             48     1   0.0000000  103  1000006 -1000006 
             49     1   0.0000000  103  2000006 -2000006 
             50     1   0.0000000  103  1000006 -2000006 
             51     1   0.0000000  103 -1000006  2000006 
             52     1   0.0000000  103  1000011 -1000011 
             53     1   0.0000000  103  2000011 -2000011 
             54     1   0.0000000  103  1000011 -2000011 
             55     1   0.0000000  103 -1000011  2000011 
             56     1   0.0000000  103  1000012 -1000012 
             57     1   0.0000000  103  2000012 -2000012 
             58     1   0.0000000  103  1000012 -2000012 
             59     1   0.0000000  103 -1000012  2000012 
             60     1   0.0000000  103  1000013 -1000013 
             61     1   0.0000000  103  2000013 -2000013 
             62     1   0.0000000  103  1000013 -2000013 
             63     1   0.0000000  103 -1000013  2000013 
             64     1   0.0000000  103  1000014 -1000014 
             65     1   0.0000000  103  2000014 -2000014 
             66     1   0.0000000  103  1000014 -2000014 
             67     1   0.0000000  103 -1000014  2000014 
             68     1   0.0000000  103  1000015 -1000015 
             69     1   0.0000000  103  2000015 -2000015 
             70     1   0.0000000  103  1000015 -2000015 
             71     1   0.0000000  103 -1000015  2000015 
             72     1   0.0000000  103  1000016 -1000016 
             73     1   0.0000000  103  2000016 -2000016 
             74     1   0.0000000  103  1000016 -2000016 
             75     1   0.0000000  103 -1000016  2000016 

 --------  End PYTHIA Particle Data Table  -----------------------------------------------------------------------------------------


 --------  LHA initialization information  ------------ 

  beam    kind      energy  pdfgrp  pdfset 
     A    2212    6500.000       0  247000
     B    2212    6500.000       0  247000

  Event weighting strategy = -4

  Processes, with strategy-dependent cross section info 
  number      xsec (pb)      xerr (pb)      xmax (pb) 
       1     5.1277e+02     5.9034e-01     5.1277e+02

 --------  End LHA initialization information  -------- 

 --------  LHA event information and listing  ---------------------------------------------------------------------- 

    process =        1    weight =   5.1277e+02     scale =   2.4231e+02 (GeV) 
                        alpha_em =   7.5558e-03    alpha_strong =   1.1183e-01

    Participating Particles 
    no        id stat     mothers     colours      p_x        p_y        p_z         e          m        tau    spin 
     1        21   -1     0     0   503   502      0.000      0.000    247.658    247.658      0.000   0.000   1.000
     2        21   -1     0     0   501   503     -0.000     -0.000   -265.846    265.846      0.000   0.000   1.000
     3         6    1     1     2   501     0    131.861    107.575    -93.545    259.743    172.500   0.000   1.000
     4        -6    1     1     2     0   502   -131.861   -107.575     75.357    253.761    172.500   0.000   1.000

 --------  End LHA event information and listing  ------------------------------------------------------------------ 

 Pythia::next(): 10 events have been generated 

 Pythia::next(): 20 events have been generated 

 Pythia::next(): 30 events have been generated 

 Pythia::next(): 40 events have been generated 

 Pythia::next(): 50 events have been generated 

 Pythia::next(): 60 events have been generated 

 Pythia::next(): 70 events have been generated 

 Pythia::next(): 80 events have been generated 

 Pythia::next(): 90 events have been generated 

 Pythia::next(): 100 events have been generated 

 Pythia::next(): 110 events have been generated 

 Pythia::next(): 120 events have been generated 

 Pythia::next(): 130 events have been generated 

 Pythia::next(): 140 events have been generated 

 Pythia::next(): 150 events have been generated 

 Pythia::next(): 160 events have been generated 

 Pythia::next(): 170 events have been generated 

 Pythia::next(): 180 events have been generated 

 Pythia::next(): 190 events have been generated 

 Pythia::next(): 200 events have been generated 

 Pythia::next(): 210 events have been generated 

 Pythia::next(): 220 events have been generated 

 Pythia::next(): 230 events have been generated 

 Pythia::next(): 240 events have been generated 

 Pythia::next(): 250 events have been generated 

 Pythia::next(): 260 events have been generated 

 Pythia::next(): 270 events have been generated 

 Pythia::next(): 280 events have been generated 

 Pythia::next(): 290 events have been generated 

 Pythia::next(): 300 events have been generated 

 Pythia::next(): 310 events have been generated 

 Pythia::next(): 320 events have been generated 

 Pythia::next(): 330 events have been generated 

 Pythia::next(): 340 events have been generated 

 Pythia::next(): 350 events have been generated 

 Pythia::next(): 360 events have been generated 

 Pythia::next(): 370 events have been generated 

 Pythia::next(): 380 events have been generated 

 Pythia::next(): 390 events have been generated 

 Pythia::next(): 400 events have been generated 

 Pythia::next(): 410 events have been generated 

 Pythia::next(): 420 events have been generated 

 Pythia::next(): 430 events have been generated 

 Pythia::next(): 440 events have been generated 

 Pythia::next(): 450 events have been generated 

 Pythia::next(): 460 events have been generated 

 Pythia::next(): 470 events have been generated 

 Pythia::next(): 480 events have been generated 

 Pythia::next(): 490 events have been generated 

 Pythia::next(): 500 events have been generated 

 Pythia::next(): 510 events have been generated 

 Pythia::next(): 520 events have been generated 

 Pythia::next(): 530 events have been generated 

 Pythia::next(): 540 events have been generated 

 Pythia::next(): 550 events have been generated 

 Pythia::next(): 560 events have been generated 

 Pythia::next(): 570 events have been generated 

 Pythia::next(): 580 events have been generated 

 Pythia::next(): 590 events have been generated 

 Pythia::next(): 600 events have been generated 

 Pythia::next(): 610 events have been generated 

 Pythia::next(): 620 events have been generated 

 Pythia::next(): 630 events have been generated 

 Pythia::next(): 640 events have been generated 

 Pythia::next(): 650 events have been generated 

 Pythia::next(): 660 events have been generated 

 Pythia::next(): 670 events have been generated 

 Pythia::next(): 680 events have been generated 

 Pythia::next(): 690 events have been generated 

 Pythia::next(): 700 events have been generated 

 Pythia::next(): 710 events have been generated 

 Pythia::next(): 720 events have been generated 

 Pythia::next(): 730 events have been generated 

 Pythia::next(): 740 events have been generated 

 Pythia::next(): 750 events have been generated 

 Pythia::next(): 760 events have been generated 

 Pythia::next(): 770 events have been generated 

 Pythia::next(): 780 events have been generated 

 Pythia::next(): 790 events have been generated 

 Pythia::next(): 800 events have been generated 

 Pythia::next(): 810 events have been generated 

 Pythia::next(): 820 events have been generated 

 Pythia::next(): 830 events have been generated 

 Pythia::next(): 840 events have been generated 

 Pythia::next(): 850 events have been generated 

 Pythia::next(): 860 events have been generated 

 Pythia::next(): 870 events have been generated 

 Pythia::next(): 880 events have been generated 

 Pythia::next(): 890 events have been generated 
 PYTHIA Error in SimpleSpaceShower::pT2nearThreshold: stuck in loop

 Pythia::next(): 900 events have been generated 

 Pythia::next(): 910 events have been generated 

 Pythia::next(): 920 events have been generated 

 Pythia::next(): 930 events have been generated 

 Pythia::next(): 940 events have been generated 

 Pythia::next(): 950 events have been generated 

 Pythia::next(): 960 events have been generated 

 Pythia::next(): 970 events have been generated 

 Pythia::next(): 980 events have been generated 

 Pythia::next(): 990 events have been generated 

 Pythia::next(): 1000 events have been generated 

 Pythia::next(): 1010 events have been generated 

 Pythia::next(): 1020 events have been generated 

 Pythia::next(): 1030 events have been generated 

 Pythia::next(): 1040 events have been generated 

 Pythia::next(): 1050 events have been generated 

 Pythia::next(): 1060 events have been generated 

 Pythia::next(): 1070 events have been generated 

 Pythia::next(): 1080 events have been generated 

 Pythia::next(): 1090 events have been generated 

 Pythia::next(): 1100 events have been generated 

 Pythia::next(): 1110 events have been generated 

 Pythia::next(): 1120 events have been generated 

 Pythia::next(): 1130 events have been generated 

 Pythia::next(): 1140 events have been generated 

 Pythia::next(): 1150 events have been generated 

 Pythia::next(): 1160 events have been generated 

 Pythia::next(): 1170 events have been generated 

 Pythia::next(): 1180 events have been generated 

 Pythia::next(): 1190 events have been generated 

 Pythia::next(): 1200 events have been generated 

 Pythia::next(): 1210 events have been generated 

 Pythia::next(): 1220 events have been generated 

 Pythia::next(): 1230 events have been generated 

 Pythia::next(): 1240 events have been generated 

 Pythia::next(): 1250 events have been generated 

 Pythia::next(): 1260 events have been generated 

 Pythia::next(): 1270 events have been generated 

 Pythia::next(): 1280 events have been generated 

 Pythia::next(): 1290 events have been generated 

 Pythia::next(): 1300 events have been generated 

 Pythia::next(): 1310 events have been generated 

 Pythia::next(): 1320 events have been generated 

 Pythia::next(): 1330 events have been generated 

 Pythia::next(): 1340 events have been generated 

 Pythia::next(): 1350 events have been generated 

 Pythia::next(): 1360 events have been generated 

 Pythia::next(): 1370 events have been generated 

 Pythia::next(): 1380 events have been generated 

 Pythia::next(): 1390 events have been generated 

 Pythia::next(): 1400 events have been generated 

 Pythia::next(): 1410 events have been generated 

 Pythia::next(): 1420 events have been generated 

 Pythia::next(): 1430 events have been generated 

 Pythia::next(): 1440 events have been generated 

 Pythia::next(): 1450 events have been generated 

 Pythia::next(): 1460 events have been generated 

 Pythia::next(): 1470 events have been generated 

 Pythia::next(): 1480 events have been generated 

 Pythia::next(): 1490 events have been generated 

 Pythia::next(): 1500 events have been generated 

 Pythia::next(): 1510 events have been generated 

 Pythia::next(): 1520 events have been generated 

 Pythia::next(): 1530 events have been generated 

 Pythia::next(): 1540 events have been generated 

 Pythia::next(): 1550 events have been generated 

 Pythia::next(): 1560 events have been generated 

 Pythia::next(): 1570 events have been generated 

 Pythia::next(): 1580 events have been generated 

 Pythia::next(): 1590 events have been generated 

 Pythia::next(): 1600 events have been generated 

 Pythia::next(): 1610 events have been generated 

 Pythia::next(): 1620 events have been generated 

 Pythia::next(): 1630 events have been generated 

 Pythia::next(): 1640 events have been generated 

 Pythia::next(): 1650 events have been generated 

 Pythia::next(): 1660 events have been generated 

 Pythia::next(): 1670 events have been generated 

 Pythia::next(): 1680 events have been generated 

 Pythia::next(): 1690 events have been generated 

 Pythia::next(): 1700 events have been generated 

 Pythia::next(): 1710 events have been generated 

 Pythia::next(): 1720 events have been generated 

 Pythia::next(): 1730 events have been generated 

 Pythia::next(): 1740 events have been generated 

 Pythia::next(): 1750 events have been generated 

 Pythia::next(): 1760 events have been generated 

 Pythia::next(): 1770 events have been generated 

 Pythia::next(): 1780 events have been generated 

 Pythia::next(): 1790 events have been generated 

 Pythia::next(): 1800 events have been generated 

 Pythia::next(): 1810 events have been generated 

 Pythia::next(): 1820 events have been generated 

 Pythia::next(): 1830 events have been generated 

 Pythia::next(): 1840 events have been generated 

 Pythia::next(): 1850 events have been generated 

 Pythia::next(): 1860 events have been generated 

 Pythia::next(): 1870 events have been generated 

 Pythia::next(): 1880 events have been generated 

 Pythia::next(): 1890 events have been generated 

 Pythia::next(): 1900 events have been generated 

 Pythia::next(): 1910 events have been generated 

 Pythia::next(): 1920 events have been generated 

 Pythia::next(): 1930 events have been generated 

 Pythia::next(): 1940 events have been generated 

 Pythia::next(): 1950 events have been generated 

 Pythia::next(): 1960 events have been generated 

 Pythia::next(): 1970 events have been generated 

 Pythia::next(): 1980 events have been generated 

 Pythia::next(): 1990 events have been generated 

 Pythia::next(): 2000 events have been generated 

 Pythia::next(): 2010 events have been generated 

 Pythia::next(): 2020 events have been generated 
 PYTHIA Warning in SimpleTimeShower::pTnext: negative dipole mass

 Pythia::next(): 2030 events have been generated 

 Pythia::next(): 2040 events have been generated 

 Pythia::next(): 2050 events have been generated 

 Pythia::next(): 2060 events have been generated 

 Pythia::next(): 2070 events have been generated 

 Pythia::next(): 2080 events have been generated 

 Pythia::next(): 2090 events have been generated 

 Pythia::next(): 2100 events have been generated 

 Pythia::next(): 2110 events have been generated 

 Pythia::next(): 2120 events have been generated 

 Pythia::next(): 2130 events have been generated 

 Pythia::next(): 2140 events have been generated 

 Pythia::next(): 2150 events have been generated 

 Pythia::next(): 2160 events have been generated 

 Pythia::next(): 2170 events have been generated 

 Pythia::next(): 2180 events have been generated 

 Pythia::next(): 2190 events have been generated 

 Pythia::next(): 2200 events have been generated 

 Pythia::next(): 2210 events have been generated 

 Pythia::next(): 2220 events have been generated 

 Pythia::next(): 2230 events have been generated 

 Pythia::next(): 2240 events have been generated 

 Pythia::next(): 2250 events have been generated 

 Pythia::next(): 2260 events have been generated 

 Pythia::next(): 2270 events have been generated 

 Pythia::next(): 2280 events have been generated 

 Pythia::next(): 2290 events have been generated 

 Pythia::next(): 2300 events have been generated 

 Pythia::next(): 2310 events have been generated 

 Pythia::next(): 2320 events have been generated 

 Pythia::next(): 2330 events have been generated 

 Pythia::next(): 2340 events have been generated 

 Pythia::next(): 2350 events have been generated 

 Pythia::next(): 2360 events have been generated 

 Pythia::next(): 2370 events have been generated 

 Pythia::next(): 2380 events have been generated 

 Pythia::next(): 2390 events have been generated 

 Pythia::next(): 2400 events have been generated 

 Pythia::next(): 2410 events have been generated 

 Pythia::next(): 2420 events have been generated 

 Pythia::next(): 2430 events have been generated 

 Pythia::next(): 2440 events have been generated 

 Pythia::next(): 2450 events have been generated 

 Pythia::next(): 2460 events have been generated 

 Pythia::next(): 2470 events have been generated 

 Pythia::next(): 2480 events have been generated 

 Pythia::next(): 2490 events have been generated 

 Pythia::next(): 2500 events have been generated 

 Pythia::next(): 2510 events have been generated 

 Pythia::next(): 2520 events have been generated 

 Pythia::next(): 2530 events have been generated 

 Pythia::next(): 2540 events have been generated 

 Pythia::next(): 2550 events have been generated 

 Pythia::next(): 2560 events have been generated 

 Pythia::next(): 2570 events have been generated 

 Pythia::next(): 2580 events have been generated 

 Pythia::next(): 2590 events have been generated 

 Pythia::next(): 2600 events have been generated 

 Pythia::next(): 2610 events have been generated 

 Pythia::next(): 2620 events have been generated 

 Pythia::next(): 2630 events have been generated 

 Pythia::next(): 2640 events have been generated 

 Pythia::next(): 2650 events have been generated 

 Pythia::next(): 2660 events have been generated 

 Pythia::next(): 2670 events have been generated 

 Pythia::next(): 2680 events have been generated 

 Pythia::next(): 2690 events have been generated 

 Pythia::next(): 2700 events have been generated 

 Pythia::next(): 2710 events have been generated 

 Pythia::next(): 2720 events have been generated 

 Pythia::next(): 2730 events have been generated 

 Pythia::next(): 2740 events have been generated 

 Pythia::next(): 2750 events have been generated 

 Pythia::next(): 2760 events have been generated 

 Pythia::next(): 2770 events have been generated 

 Pythia::next(): 2780 events have been generated 

 Pythia::next(): 2790 events have been generated 

 Pythia::next(): 2800 events have been generated 

 Pythia::next(): 2810 events have been generated 

 Pythia::next(): 2820 events have been generated 

 Pythia::next(): 2830 events have been generated 

 Pythia::next(): 2840 events have been generated 

 Pythia::next(): 2850 events have been generated 

 Pythia::next(): 2860 events have been generated 

 Pythia::next(): 2870 events have been generated 

 Pythia::next(): 2880 events have been generated 

 Pythia::next(): 2890 events have been generated 

 Pythia::next(): 2900 events have been generated 

 Pythia::next(): 2910 events have been generated 

 Pythia::next(): 2920 events have been generated 

 Pythia::next(): 2930 events have been generated 

 Pythia::next(): 2940 events have been generated 

 Pythia::next(): 2950 events have been generated 

 Pythia::next(): 2960 events have been generated 

 Pythia::next(): 2970 events have been generated 

 Pythia::next(): 2980 events have been generated 

 Pythia::next(): 2990 events have been generated 

 Pythia::next(): 3000 events have been generated 

 Pythia::next(): 3010 events have been generated 

 Pythia::next(): 3020 events have been generated 

 Pythia::next(): 3030 events have been generated 

 Pythia::next(): 3040 events have been generated 

 Pythia::next(): 3050 events have been generated 

 Pythia::next(): 3060 events have been generated 

 Pythia::next(): 3070 events have been generated 

 Pythia::next(): 3080 events have been generated 

 Pythia::next(): 3090 events have been generated 

 Pythia::next(): 3100 events have been generated 

 Pythia::next(): 3110 events have been generated 

 Pythia::next(): 3120 events have been generated 

 Pythia::next(): 3130 events have been generated 

 Pythia::next(): 3140 events have been generated 

 Pythia::next(): 3150 events have been generated 

 Pythia::next(): 3160 events have been generated 

 Pythia::next(): 3170 events have been generated 

 Pythia::next(): 3180 events have been generated 

 Pythia::next(): 3190 events have been generated 

 Pythia::next(): 3200 events have been generated 

 Pythia::next(): 3210 events have been generated 

 Pythia::next(): 3220 events have been generated 

 Pythia::next(): 3230 events have been generated 

 Pythia::next(): 3240 events have been generated 

 Pythia::next(): 3250 events have been generated 

 Pythia::next(): 3260 events have been generated 

 Pythia::next(): 3270 events have been generated 

 Pythia::next(): 3280 events have been generated 

 Pythia::next(): 3290 events have been generated 

 Pythia::next(): 3300 events have been generated 

 Pythia::next(): 3310 events have been generated 

 Pythia::next(): 3320 events have been generated 

 Pythia::next(): 3330 events have been generated 

 Pythia::next(): 3340 events have been generated 

 Pythia::next(): 3350 events have been generated 

 Pythia::next(): 3360 events have been generated 

 Pythia::next(): 3370 events have been generated 

 Pythia::next(): 3380 events have been generated 

 Pythia::next(): 3390 events have been generated 

 Pythia::next(): 3400 events have been generated 

 Pythia::next(): 3410 events have been generated 

 Pythia::next(): 3420 events have been generated 

 Pythia::next(): 3430 events have been generated 

 Pythia::next(): 3440 events have been generated 

 Pythia::next(): 3450 events have been generated 

 Pythia::next(): 3460 events have been generated 

 Pythia::next(): 3470 events have been generated 

 Pythia::next(): 3480 events have been generated 

 Pythia::next(): 3490 events have been generated 

 Pythia::next(): 3500 events have been generated 

 Pythia::next(): 3510 events have been generated 

 Pythia::next(): 3520 events have been generated 

 Pythia::next(): 3530 events have been generated 

 Pythia::next(): 3540 events have been generated 

 Pythia::next(): 3550 events have been generated 

 Pythia::next(): 3560 events have been generated 

 Pythia::next(): 3570 events have been generated 

 Pythia::next(): 3580 events have been generated 

 Pythia::next(): 3590 events have been generated 

 Pythia::next(): 3600 events have been generated 

 Pythia::next(): 3610 events have been generated 

 Pythia::next(): 3620 events have been generated 

 Pythia::next(): 3630 events have been generated 

 Pythia::next(): 3640 events have been generated 

 Pythia::next(): 3650 events have been generated 

 Pythia::next(): 3660 events have been generated 

 Pythia::next(): 3670 events have been generated 

 Pythia::next(): 3680 events have been generated 

 Pythia::next(): 3690 events have been generated 

 Pythia::next(): 3700 events have been generated 

 Pythia::next(): 3710 events have been generated 

 Pythia::next(): 3720 events have been generated 

 Pythia::next(): 3730 events have been generated 

 Pythia::next(): 3740 events have been generated 

 Pythia::next(): 3750 events have been generated 

 Pythia::next(): 3760 events have been generated 

 Pythia::next(): 3770 events have been generated 

 Pythia::next(): 3780 events have been generated 

 Pythia::next(): 3790 events have been generated 

 Pythia::next(): 3800 events have been generated 

 Pythia::next(): 3810 events have been generated 

 Pythia::next(): 3820 events have been generated 

 Pythia::next(): 3830 events have been generated 

 Pythia::next(): 3840 events have been generated 

 Pythia::next(): 3850 events have been generated 

 Pythia::next(): 3860 events have been generated 

 Pythia::next(): 3870 events have been generated 

 Pythia::next(): 3880 events have been generated 

 Pythia::next(): 3890 events have been generated 

 Pythia::next(): 3900 events have been generated 

 Pythia::next(): 3910 events have been generated 

 Pythia::next(): 3920 events have been generated 

 Pythia::next(): 3930 events have been generated 

 Pythia::next(): 3940 events have been generated 

 Pythia::next(): 3950 events have been generated 

 Pythia::next(): 3960 events have been generated 

 Pythia::next(): 3970 events have been generated 

 Pythia::next(): 3980 events have been generated 

 Pythia::next(): 3990 events have been generated 

 Pythia::next(): 4000 events have been generated 

 Pythia::next(): 4010 events have been generated 

 Pythia::next(): 4020 events have been generated 

 Pythia::next(): 4030 events have been generated 

 Pythia::next(): 4040 events have been generated 

 Pythia::next(): 4050 events have been generated 

 Pythia::next(): 4060 events have been generated 

 Pythia::next(): 4070 events have been generated 

 Pythia::next(): 4080 events have been generated 

 Pythia::next(): 4090 events have been generated 

 Pythia::next(): 4100 events have been generated 

 Pythia::next(): 4110 events have been generated 

 Pythia::next(): 4120 events have been generated 

 Pythia::next(): 4130 events have been generated 

 Pythia::next(): 4140 events have been generated 

 Pythia::next(): 4150 events have been generated 

 Pythia::next(): 4160 events have been generated 

 Pythia::next(): 4170 events have been generated 

 Pythia::next(): 4180 events have been generated 

 Pythia::next(): 4190 events have been generated 

 Pythia::next(): 4200 events have been generated 

 Pythia::next(): 4210 events have been generated 

 Pythia::next(): 4220 events have been generated 

 Pythia::next(): 4230 events have been generated 

 Pythia::next(): 4240 events have been generated 

 Pythia::next(): 4250 events have been generated 

 Pythia::next(): 4260 events have been generated 

 Pythia::next(): 4270 events have been generated 

 Pythia::next(): 4280 events have been generated 

 Pythia::next(): 4290 events have been generated 

 Pythia::next(): 4300 events have been generated 

 Pythia::next(): 4310 events have been generated 

 Pythia::next(): 4320 events have been generated 

 Pythia::next(): 4330 events have been generated 

 Pythia::next(): 4340 events have been generated 

 Pythia::next(): 4350 events have been generated 

 Pythia::next(): 4360 events have been generated 

 Pythia::next(): 4370 events have been generated 

 Pythia::next(): 4380 events have been generated 

 Pythia::next(): 4390 events have been generated 

 Pythia::next(): 4400 events have been generated 

 Pythia::next(): 4410 events have been generated 

 Pythia::next(): 4420 events have been generated 

 Pythia::next(): 4430 events have been generated 

 Pythia::next(): 4440 events have been generated 

 Pythia::next(): 4450 events have been generated 

 Pythia::next(): 4460 events have been generated 

 Pythia::next(): 4470 events have been generated 

 Pythia::next(): 4480 events have been generated 

 Pythia::next(): 4490 events have been generated 

 Pythia::next(): 4500 events have been generated 

 Pythia::next(): 4510 events have been generated 

 Pythia::next(): 4520 events have been generated 

 Pythia::next(): 4530 events have been generated 

 Pythia::next(): 4540 events have been generated 

 Pythia::next(): 4550 events have been generated 

 Pythia::next(): 4560 events have been generated 

 Pythia::next(): 4570 events have been generated 

 Pythia::next(): 4580 events have been generated 

 Pythia::next(): 4590 events have been generated 

 Pythia::next(): 4600 events have been generated 

 Pythia::next(): 4610 events have been generated 

 Pythia::next(): 4620 events have been generated 

 Pythia::next(): 4630 events have been generated 

 Pythia::next(): 4640 events have been generated 

 Pythia::next(): 4650 events have been generated 

 Pythia::next(): 4660 events have been generated 

 Pythia::next(): 4670 events have been generated 

 Pythia::next(): 4680 events have been generated 

 Pythia::next(): 4690 events have been generated 

 Pythia::next(): 4700 events have been generated 

 Pythia::next(): 4710 events have been generated 

 Pythia::next(): 4720 events have been generated 

 Pythia::next(): 4730 events have been generated 

 Pythia::next(): 4740 events have been generated 

 Pythia::next(): 4750 events have been generated 

 Pythia::next(): 4760 events have been generated 

 Pythia::next(): 4770 events have been generated 

 Pythia::next(): 4780 events have been generated 

 Pythia::next(): 4790 events have been generated 

 Pythia::next(): 4800 events have been generated 

 Pythia::next(): 4810 events have been generated 

 Pythia::next(): 4820 events have been generated 

 Pythia::next(): 4830 events have been generated 

 Pythia::next(): 4840 events have been generated 

 Pythia::next(): 4850 events have been generated 

 Pythia::next(): 4860 events have been generated 

 Pythia::next(): 4870 events have been generated 

 Pythia::next(): 4880 events have been generated 

 Pythia::next(): 4890 events have been generated 

 Pythia::next(): 4900 events have been generated 

 Pythia::next(): 4910 events have been generated 

 Pythia::next(): 4920 events have been generated 

 Pythia::next(): 4930 events have been generated 

 Pythia::next(): 4940 events have been generated 

 Pythia::next(): 4950 events have been generated 

 Pythia::next(): 4960 events have been generated 

 Pythia::next(): 4970 events have been generated 

 Pythia::next(): 4980 events have been generated 

 Pythia::next(): 4990 events have been generated 

 Pythia::next(): 5000 events have been generated 

 Pythia::next(): 5010 events have been generated 

 Pythia::next(): 5020 events have been generated 

 Pythia::next(): 5030 events have been generated 

 Pythia::next(): 5040 events have been generated 

 Pythia::next(): 5050 events have been generated 

 Pythia::next(): 5060 events have been generated 

 Pythia::next(): 5070 events have been generated 

 Pythia::next(): 5080 events have been generated 

 Pythia::next(): 5090 events have been generated 

 Pythia::next(): 5100 events have been generated 

 Pythia::next(): 5110 events have been generated 

 Pythia::next(): 5120 events have been generated 

 Pythia::next(): 5130 events have been generated 

 Pythia::next(): 5140 events have been generated 

 Pythia::next(): 5150 events have been generated 

 Pythia::next(): 5160 events have been generated 

 Pythia::next(): 5170 events have been generated 

 Pythia::next(): 5180 events have been generated 

 Pythia::next(): 5190 events have been generated 

 Pythia::next(): 5200 events have been generated 

 Pythia::next(): 5210 events have been generated 

 Pythia::next(): 5220 events have been generated 

 Pythia::next(): 5230 events have been generated 

 Pythia::next(): 5240 events have been generated 

 Pythia::next(): 5250 events have been generated 

 Pythia::next(): 5260 events have been generated 

 Pythia::next(): 5270 events have been generated 

 Pythia::next(): 5280 events have been generated 

 Pythia::next(): 5290 events have been generated 

 Pythia::next(): 5300 events have been generated 

 Pythia::next(): 5310 events have been generated 

 Pythia::next(): 5320 events have been generated 

 Pythia::next(): 5330 events have been generated 

 Pythia::next(): 5340 events have been generated 

 Pythia::next(): 5350 events have been generated 

 Pythia::next(): 5360 events have been generated 

 Pythia::next(): 5370 events have been generated 

 Pythia::next(): 5380 events have been generated 

 Pythia::next(): 5390 events have been generated 

 Pythia::next(): 5400 events have been generated 

 Pythia::next(): 5410 events have been generated 

 Pythia::next(): 5420 events have been generated 

 Pythia::next(): 5430 events have been generated 

 Pythia::next(): 5440 events have been generated 

 Pythia::next(): 5450 events have been generated 

 Pythia::next(): 5460 events have been generated 

 Pythia::next(): 5470 events have been generated 

 Pythia::next(): 5480 events have been generated 

 Pythia::next(): 5490 events have been generated 

 Pythia::next(): 5500 events have been generated 

 Pythia::next(): 5510 events have been generated 

 Pythia::next(): 5520 events have been generated 

 Pythia::next(): 5530 events have been generated 

 Pythia::next(): 5540 events have been generated 

 Pythia::next(): 5550 events have been generated 

 Pythia::next(): 5560 events have been generated 

 Pythia::next(): 5570 events have been generated 

 Pythia::next(): 5580 events have been generated 

 Pythia::next(): 5590 events have been generated 

 Pythia::next(): 5600 events have been generated 

 Pythia::next(): 5610 events have been generated 

 Pythia::next(): 5620 events have been generated 

 Pythia::next(): 5630 events have been generated 

 Pythia::next(): 5640 events have been generated 

 Pythia::next(): 5650 events have been generated 

 Pythia::next(): 5660 events have been generated 

 Pythia::next(): 5670 events have been generated 

 Pythia::next(): 5680 events have been generated 

 Pythia::next(): 5690 events have been generated 

 Pythia::next(): 5700 events have been generated 

 Pythia::next(): 5710 events have been generated 

 Pythia::next(): 5720 events have been generated 

 Pythia::next(): 5730 events have been generated 

 Pythia::next(): 5740 events have been generated 

 Pythia::next(): 5750 events have been generated 

 Pythia::next(): 5760 events have been generated 

 Pythia::next(): 5770 events have been generated 

 Pythia::next(): 5780 events have been generated 

 Pythia::next(): 5790 events have been generated 

 Pythia::next(): 5800 events have been generated 

 Pythia::next(): 5810 events have been generated 

 Pythia::next(): 5820 events have been generated 

 Pythia::next(): 5830 events have been generated 

 Pythia::next(): 5840 events have been generated 

 Pythia::next(): 5850 events have been generated 

 Pythia::next(): 5860 events have been generated 

 Pythia::next(): 5870 events have been generated 

 Pythia::next(): 5880 events have been generated 

 Pythia::next(): 5890 events have been generated 

 Pythia::next(): 5900 events have been generated 

 Pythia::next(): 5910 events have been generated 

 Pythia::next(): 5920 events have been generated 

 Pythia::next(): 5930 events have been generated 

 Pythia::next(): 5940 events have been generated 

 Pythia::next(): 5950 events have been generated 

 Pythia::next(): 5960 events have been generated 

 Pythia::next(): 5970 events have been generated 

 Pythia::next(): 5980 events have been generated 

 Pythia::next(): 5990 events have been generated 

 Pythia::next(): 6000 events have been generated 

 Pythia::next(): 6010 events have been generated 

 Pythia::next(): 6020 events have been generated 

 Pythia::next(): 6030 events have been generated 

 Pythia::next(): 6040 events have been generated 

 Pythia::next(): 6050 events have been generated 

 Pythia::next(): 6060 events have been generated 

 Pythia::next(): 6070 events have been generated 

 Pythia::next(): 6080 events have been generated 

 Pythia::next(): 6090 events have been generated 

 Pythia::next(): 6100 events have been generated 

 Pythia::next(): 6110 events have been generated 

 Pythia::next(): 6120 events have been generated 

 Pythia::next(): 6130 events have been generated 

 Pythia::next(): 6140 events have been generated 

 Pythia::next(): 6150 events have been generated 

 Pythia::next(): 6160 events have been generated 

 Pythia::next(): 6170 events have been generated 

 Pythia::next(): 6180 events have been generated 

 Pythia::next(): 6190 events have been generated 

 Pythia::next(): 6200 events have been generated 

 Pythia::next(): 6210 events have been generated 

 Pythia::next(): 6220 events have been generated 

 Pythia::next(): 6230 events have been generated 

 Pythia::next(): 6240 events have been generated 

 Pythia::next(): 6250 events have been generated 

 Pythia::next(): 6260 events have been generated 

 Pythia::next(): 6270 events have been generated 

 Pythia::next(): 6280 events have been generated 

 Pythia::next(): 6290 events have been generated 

 Pythia::next(): 6300 events have been generated 

 Pythia::next(): 6310 events have been generated 

 Pythia::next(): 6320 events have been generated 

 Pythia::next(): 6330 events have been generated 

 Pythia::next(): 6340 events have been generated 

 Pythia::next(): 6350 events have been generated 

 Pythia::next(): 6360 events have been generated 

 Pythia::next(): 6370 events have been generated 

 Pythia::next(): 6380 events have been generated 

 Pythia::next(): 6390 events have been generated 

 Pythia::next(): 6400 events have been generated 

 Pythia::next(): 6410 events have been generated 

 Pythia::next(): 6420 events have been generated 

 Pythia::next(): 6430 events have been generated 

 Pythia::next(): 6440 events have been generated 

 Pythia::next(): 6450 events have been generated 

 Pythia::next(): 6460 events have been generated 

 Pythia::next(): 6470 events have been generated 

 Pythia::next(): 6480 events have been generated 

 Pythia::next(): 6490 events have been generated 

 Pythia::next(): 6500 events have been generated 

 Pythia::next(): 6510 events have been generated 

 Pythia::next(): 6520 events have been generated 

 Pythia::next(): 6530 events have been generated 

 Pythia::next(): 6540 events have been generated 

 Pythia::next(): 6550 events have been generated 

 Pythia::next(): 6560 events have been generated 

 Pythia::next(): 6570 events have been generated 

 Pythia::next(): 6580 events have been generated 

 Pythia::next(): 6590 events have been generated 

 Pythia::next(): 6600 events have been generated 

 Pythia::next(): 6610 events have been generated 

 Pythia::next(): 6620 events have been generated 

 Pythia::next(): 6630 events have been generated 

 Pythia::next(): 6640 events have been generated 

 Pythia::next(): 6650 events have been generated 

 Pythia::next(): 6660 events have been generated 

 Pythia::next(): 6670 events have been generated 

 Pythia::next(): 6680 events have been generated 

 Pythia::next(): 6690 events have been generated 

 Pythia::next(): 6700 events have been generated 

 Pythia::next(): 6710 events have been generated 

 Pythia::next(): 6720 events have been generated 

 Pythia::next(): 6730 events have been generated 

 Pythia::next(): 6740 events have been generated 

 Pythia::next(): 6750 events have been generated 

 Pythia::next(): 6760 events have been generated 

 Pythia::next(): 6770 events have been generated 

 Pythia::next(): 6780 events have been generated 

 Pythia::next(): 6790 events have been generated 

 Pythia::next(): 6800 events have been generated 

 Pythia::next(): 6810 events have been generated 

 Pythia::next(): 6820 events have been generated 

 Pythia::next(): 6830 events have been generated 

 Pythia::next(): 6840 events have been generated 

 Pythia::next(): 6850 events have been generated 

 Pythia::next(): 6860 events have been generated 

 Pythia::next(): 6870 events have been generated 

 Pythia::next(): 6880 events have been generated 

 Pythia::next(): 6890 events have been generated 

 Pythia::next(): 6900 events have been generated 

 Pythia::next(): 6910 events have been generated 

 Pythia::next(): 6920 events have been generated 

 Pythia::next(): 6930 events have been generated 

 Pythia::next(): 6940 events have been generated 

 Pythia::next(): 6950 events have been generated 

 Pythia::next(): 6960 events have been generated 

 Pythia::next(): 6970 events have been generated 

 Pythia::next(): 6980 events have been generated 

 Pythia::next(): 6990 events have been generated 

 Pythia::next(): 7000 events have been generated 

 Pythia::next(): 7010 events have been generated 

 Pythia::next(): 7020 events have been generated 

 Pythia::next(): 7030 events have been generated 

 Pythia::next(): 7040 events have been generated 

 Pythia::next(): 7050 events have been generated 

 Pythia::next(): 7060 events have been generated 

 Pythia::next(): 7070 events have been generated 

 Pythia::next(): 7080 events have been generated 

 Pythia::next(): 7090 events have been generated 

 Pythia::next(): 7100 events have been generated 

 Pythia::next(): 7110 events have been generated 

 Pythia::next(): 7120 events have been generated 

 Pythia::next(): 7130 events have been generated 

 Pythia::next(): 7140 events have been generated 

 Pythia::next(): 7150 events have been generated 

 Pythia::next(): 7160 events have been generated 

 Pythia::next(): 7170 events have been generated 

 Pythia::next(): 7180 events have been generated 

 Pythia::next(): 7190 events have been generated 

 Pythia::next(): 7200 events have been generated 

 Pythia::next(): 7210 events have been generated 

 Pythia::next(): 7220 events have been generated 

 Pythia::next(): 7230 events have been generated 

 Pythia::next(): 7240 events have been generated 

 Pythia::next(): 7250 events have been generated 

 Pythia::next(): 7260 events have been generated 

 Pythia::next(): 7270 events have been generated 

 Pythia::next(): 7280 events have been generated 

 Pythia::next(): 7290 events have been generated 

 Pythia::next(): 7300 events have been generated 

 Pythia::next(): 7310 events have been generated 

 Pythia::next(): 7320 events have been generated 

 Pythia::next(): 7330 events have been generated 

 Pythia::next(): 7340 events have been generated 

 Pythia::next(): 7350 events have been generated 

 Pythia::next(): 7360 events have been generated 

 Pythia::next(): 7370 events have been generated 

 Pythia::next(): 7380 events have been generated 

 Pythia::next(): 7390 events have been generated 

 Pythia::next(): 7400 events have been generated 

 Pythia::next(): 7410 events have been generated 

 Pythia::next(): 7420 events have been generated 

 Pythia::next(): 7430 events have been generated 

 Pythia::next(): 7440 events have been generated 

 Pythia::next(): 7450 events have been generated 

 Pythia::next(): 7460 events have been generated 

 Pythia::next(): 7470 events have been generated 

 Pythia::next(): 7480 events have been generated 

 Pythia::next(): 7490 events have been generated 

 Pythia::next(): 7500 events have been generated 

 Pythia::next(): 7510 events have been generated 

 Pythia::next(): 7520 events have been generated 

 Pythia::next(): 7530 events have been generated 

 Pythia::next(): 7540 events have been generated 

 Pythia::next(): 7550 events have been generated 

 Pythia::next(): 7560 events have been generated 

 Pythia::next(): 7570 events have been generated 

 Pythia::next(): 7580 events have been generated 

 Pythia::next(): 7590 events have been generated 

 Pythia::next(): 7600 events have been generated 

 Pythia::next(): 7610 events have been generated 

 Pythia::next(): 7620 events have been generated 

 Pythia::next(): 7630 events have been generated 

 Pythia::next(): 7640 events have been generated 

 Pythia::next(): 7650 events have been generated 

 Pythia::next(): 7660 events have been generated 

 Pythia::next(): 7670 events have been generated 

 Pythia::next(): 7680 events have been generated 

 Pythia::next(): 7690 events have been generated 

 Pythia::next(): 7700 events have been generated 

 Pythia::next(): 7710 events have been generated 

 Pythia::next(): 7720 events have been generated 

 Pythia::next(): 7730 events have been generated 

 Pythia::next(): 7740 events have been generated 

 Pythia::next(): 7750 events have been generated 

 Pythia::next(): 7760 events have been generated 

 Pythia::next(): 7770 events have been generated 

 Pythia::next(): 7780 events have been generated 

 Pythia::next(): 7790 events have been generated 

 Pythia::next(): 7800 events have been generated 

 Pythia::next(): 7810 events have been generated 

 Pythia::next(): 7820 events have been generated 

 Pythia::next(): 7830 events have been generated 

 Pythia::next(): 7840 events have been generated 

 Pythia::next(): 7850 events have been generated 

 Pythia::next(): 7860 events have been generated 

 Pythia::next(): 7870 events have been generated 

 Pythia::next(): 7880 events have been generated 

 Pythia::next(): 7890 events have been generated 

 Pythia::next(): 7900 events have been generated 

 Pythia::next(): 7910 events have been generated 

 Pythia::next(): 7920 events have been generated 

 Pythia::next(): 7930 events have been generated 

 Pythia::next(): 7940 events have been generated 

 Pythia::next(): 7950 events have been generated 

 Pythia::next(): 7960 events have been generated 

 Pythia::next(): 7970 events have been generated 

 Pythia::next(): 7980 events have been generated 

 Pythia::next(): 7990 events have been generated 

 Pythia::next(): 8000 events have been generated 

 Pythia::next(): 8010 events have been generated 

 Pythia::next(): 8020 events have been generated 

 Pythia::next(): 8030 events have been generated 

 Pythia::next(): 8040 events have been generated 

 Pythia::next(): 8050 events have been generated 

 Pythia::next(): 8060 events have been generated 

 Pythia::next(): 8070 events have been generated 

 Pythia::next(): 8080 events have been generated 

 Pythia::next(): 8090 events have been generated 

 Pythia::next(): 8100 events have been generated 

 Pythia::next(): 8110 events have been generated 

 Pythia::next(): 8120 events have been generated 

 Pythia::next(): 8130 events have been generated 

 Pythia::next(): 8140 events have been generated 

 Pythia::next(): 8150 events have been generated 

 Pythia::next(): 8160 events have been generated 

 Pythia::next(): 8170 events have been generated 

 Pythia::next(): 8180 events have been generated 

 Pythia::next(): 8190 events have been generated 

 Pythia::next(): 8200 events have been generated 

 Pythia::next(): 8210 events have been generated 

 Pythia::next(): 8220 events have been generated 

 Pythia::next(): 8230 events have been generated 

 Pythia::next(): 8240 events have been generated 

 Pythia::next(): 8250 events have been generated 

 Pythia::next(): 8260 events have been generated 

 Pythia::next(): 8270 events have been generated 

 Pythia::next(): 8280 events have been generated 

 Pythia::next(): 8290 events have been generated 

 Pythia::next(): 8300 events have been generated 

 Pythia::next(): 8310 events have been generated 

 Pythia::next(): 8320 events have been generated 

 Pythia::next(): 8330 events have been generated 

 Pythia::next(): 8340 events have been generated 

 Pythia::next(): 8350 events have been generated 

 Pythia::next(): 8360 events have been generated 

 Pythia::next(): 8370 events have been generated 

 Pythia::next(): 8380 events have been generated 

 Pythia::next(): 8390 events have been generated 

 Pythia::next(): 8400 events have been generated 

 Pythia::next(): 8410 events have been generated 

 Pythia::next(): 8420 events have been generated 

 Pythia::next(): 8430 events have been generated 

 Pythia::next(): 8440 events have been generated 

 Pythia::next(): 8450 events have been generated 

 Pythia::next(): 8460 events have been generated 

 Pythia::next(): 8470 events have been generated 

 Pythia::next(): 8480 events have been generated 

 Pythia::next(): 8490 events have been generated 

 Pythia::next(): 8500 events have been generated 

 Pythia::next(): 8510 events have been generated 

 Pythia::next(): 8520 events have been generated 

 Pythia::next(): 8530 events have been generated 

 Pythia::next(): 8540 events have been generated 

 Pythia::next(): 8550 events have been generated 

 Pythia::next(): 8560 events have been generated 

 Pythia::next(): 8570 events have been generated 

 Pythia::next(): 8580 events have been generated 

 Pythia::next(): 8590 events have been generated 

 Pythia::next(): 8600 events have been generated 

 Pythia::next(): 8610 events have been generated 

 Pythia::next(): 8620 events have been generated 

 Pythia::next(): 8630 events have been generated 

 Pythia::next(): 8640 events have been generated 

 Pythia::next(): 8650 events have been generated 

 Pythia::next(): 8660 events have been generated 

 Pythia::next(): 8670 events have been generated 

 Pythia::next(): 8680 events have been generated 

 Pythia::next(): 8690 events have been generated 

 Pythia::next(): 8700 events have been generated 

 Pythia::next(): 8710 events have been generated 

 Pythia::next(): 8720 events have been generated 

 Pythia::next(): 8730 events have been generated 

 Pythia::next(): 8740 events have been generated 

 Pythia::next(): 8750 events have been generated 

 Pythia::next(): 8760 events have been generated 

 Pythia::next(): 8770 events have been generated 

 Pythia::next(): 8780 events have been generated 

 Pythia::next(): 8790 events have been generated 

 Pythia::next(): 8800 events have been generated 

 Pythia::next(): 8810 events have been generated 

 Pythia::next(): 8820 events have been generated 

 Pythia::next(): 8830 events have been generated 

 Pythia::next(): 8840 events have been generated 

 Pythia::next(): 8850 events have been generated 

 Pythia::next(): 8860 events have been generated 

 Pythia::next(): 8870 events have been generated 

 Pythia::next(): 8880 events have been generated 

 Pythia::next(): 8890 events have been generated 

 Pythia::next(): 8900 events have been generated 

 Pythia::next(): 8910 events have been generated 

 Pythia::next(): 8920 events have been generated 

 Pythia::next(): 8930 events have been generated 

 Pythia::next(): 8940 events have been generated 

 Pythia::next(): 8950 events have been generated 

 Pythia::next(): 8960 events have been generated 

 Pythia::next(): 8970 events have been generated 

 Pythia::next(): 8980 events have been generated 

 Pythia::next(): 8990 events have been generated 

 Pythia::next(): 9000 events have been generated 

 Pythia::next(): 9010 events have been generated 

 Pythia::next(): 9020 events have been generated 

 Pythia::next(): 9030 events have been generated 

 Pythia::next(): 9040 events have been generated 

 Pythia::next(): 9050 events have been generated 

 Pythia::next(): 9060 events have been generated 

 Pythia::next(): 9070 events have been generated 

 Pythia::next(): 9080 events have been generated 

 Pythia::next(): 9090 events have been generated 

 Pythia::next(): 9100 events have been generated 

 Pythia::next(): 9110 events have been generated 

 Pythia::next(): 9120 events have been generated 

 Pythia::next(): 9130 events have been generated 

 Pythia::next(): 9140 events have been generated 

 Pythia::next(): 9150 events have been generated 

 Pythia::next(): 9160 events have been generated 

 Pythia::next(): 9170 events have been generated 

 Pythia::next(): 9180 events have been generated 

 Pythia::next(): 9190 events have been generated 

 Pythia::next(): 9200 events have been generated 

 Pythia::next(): 9210 events have been generated 

 Pythia::next(): 9220 events have been generated 

 Pythia::next(): 9230 events have been generated 

 Pythia::next(): 9240 events have been generated 

 Pythia::next(): 9250 events have been generated 

 Pythia::next(): 9260 events have been generated 

 Pythia::next(): 9270 events have been generated 

 Pythia::next(): 9280 events have been generated 

 Pythia::next(): 9290 events have been generated 

 Pythia::next(): 9300 events have been generated 

 Pythia::next(): 9310 events have been generated 

 Pythia::next(): 9320 events have been generated 

 Pythia::next(): 9330 events have been generated 

 Pythia::next(): 9340 events have been generated 

 Pythia::next(): 9350 events have been generated 

 Pythia::next(): 9360 events have been generated 

 Pythia::next(): 9370 events have been generated 

 Pythia::next(): 9380 events have been generated 

 Pythia::next(): 9390 events have been generated 

 Pythia::next(): 9400 events have been generated 

 Pythia::next(): 9410 events have been generated 

 Pythia::next(): 9420 events have been generated 

 Pythia::next(): 9430 events have been generated 

 Pythia::next(): 9440 events have been generated 

 Pythia::next(): 9450 events have been generated 

 Pythia::next(): 9460 events have been generated 

 Pythia::next(): 9470 events have been generated 

 Pythia::next(): 9480 events have been generated 

 Pythia::next(): 9490 events have been generated 

 Pythia::next(): 9500 events have been generated 

 Pythia::next(): 9510 events have been generated 

 Pythia::next(): 9520 events have been generated 

 Pythia::next(): 9530 events have been generated 

 Pythia::next(): 9540 events have been generated 

 Pythia::next(): 9550 events have been generated 

 Pythia::next(): 9560 events have been generated 

 Pythia::next(): 9570 events have been generated 

 Pythia::next(): 9580 events have been generated 

 Pythia::next(): 9590 events have been generated 

 Pythia::next(): 9600 events have been generated 

 Pythia::next(): 9610 events have been generated 

 Pythia::next(): 9620 events have been generated 

 Pythia::next(): 9630 events have been generated 

 Pythia::next(): 9640 events have been generated 

 Pythia::next(): 9650 events have been generated 

 Pythia::next(): 9660 events have been generated 

 Pythia::next(): 9670 events have been generated 

 Pythia::next(): 9680 events have been generated 

 Pythia::next(): 9690 events have been generated 

 Pythia::next(): 9700 events have been generated 

 Pythia::next(): 9710 events have been generated 

 Pythia::next(): 9720 events have been generated 

 Pythia::next(): 9730 events have been generated 

 Pythia::next(): 9740 events have been generated 

 Pythia::next(): 9750 events have been generated 

 Pythia::next(): 9760 events have been generated 

 Pythia::next(): 9770 events have been generated 

 Pythia::next(): 9780 events have been generated 

 Pythia::next(): 9790 events have been generated 

 Pythia::next(): 9800 events have been generated 

 Pythia::next(): 9810 events have been generated 

 Pythia::next(): 9820 events have been generated 

 Pythia::next(): 9830 events have been generated 

 Pythia::next(): 9840 events have been generated 

 Pythia::next(): 9850 events have been generated 

 Pythia::next(): 9860 events have been generated 

 Pythia::next(): 9870 events have been generated 

 Pythia::next(): 9880 events have been generated 

 Pythia::next(): 9890 events have been generated 

 Pythia::next(): 9900 events have been generated 

 Pythia::next(): 9910 events have been generated 

 Pythia::next(): 9920 events have been generated 

 Pythia::next(): 9930 events have been generated 

 Pythia::next(): 9940 events have been generated 

 Pythia::next(): 9950 events have been generated 

 Pythia::next(): 9960 events have been generated 

 Pythia::next(): 9970 events have been generated 

 Pythia::next(): 9980 events have been generated 

 Pythia::next(): 9990 events have been generated 

 *-------  PYTHIA Event and Cross Section Statistics  -------------------------------------------------------------*
 |                                                                                                                 |
 | Subprocess                                    Code |            Number of events       |      sigma +- delta    |
 |                                                    |       Tried   Selected   Accepted |     (estimated) (mb)   |
 |                                                    |                                   |                        |
 |-----------------------------------------------------------------------------------------------------------------|
 |                                                    |                                   |                        |
 | Les Houches User Process(es)                  9999 |       10000      10000      10000 |   5.128e-07  0.000e+00 |
 |    ... whereof user classification code          1 |       10000      10000      10000 |                        | 
 |                                                    |                                   |                        |
 | sum                                                |       10000      10000      10000 |   5.128e-07  0.000e+00 |
 |                                                                                                                 |
 *-------  End PYTHIA Event and Cross Section Statistics ----------------------------------------------------------*

 *-------  PYTHIA Error and Warning Messages Statistics  ----------------------------------------------------------* 
 |                                                                                                                 | 
 |  times   message                                                                                                | 
 |                                                                                                                 | 
 |     18   Error in SimpleSpaceShower::pT2nearThreshold: stuck in loop                                            | 
 |      1   Warning in SLHAinterface::initSLHA: ignoring DECAY tables                                              | 
 |      1   Warning in SLHAinterface::initSLHA: ignoring MASS entries                                              | 
 |      1   Warning in SLHAinterface::initSLHA: ignoring empty DECAY tables                                        | 
 |      3   Warning in SimpleTimeShower::pTnext: negative dipole mass                                              | 
 |      1   Info from SLHAinterface::initSLHA: No MODSEL found, keeping internal SUSY switched off                 | 
 |                                                                                                                 | 
 *-------  End PYTHIA Error and Warning Messages Statistics  ------------------------------------------------------* 
Wrote 10000 events to /uscms_data/d3/iturkmen/hh4b_delphes/hepmc/ttbar_100k_shard000_pythia8.hepmc
** INFO: initializing module  Delphes                  
** INFO: initializing module  ParticlePropagator       
** INFO: initializing module  ChargedHadronTrackingEfficiency
** INFO: initializing module  ElectronTrackingEfficiency
** INFO: initializing module  MuonTrackingEfficiency   
** INFO: initializing module  ChargedHadronMomentumSmearing
** INFO: initializing module  ElectronMomentumSmearing 
** INFO: initializing module  MuonMomentumSmearing     
** INFO: initializing module  TrackMerger              
** INFO: initializing module  ECal                     
** INFO: initializing module  HCal                     
** INFO: initializing module  Calorimeter              
** INFO: initializing module  EFlowMerger              
** INFO: initializing module  EFlowFilter              
** INFO: initializing module  PhotonEfficiency         
** INFO: initializing module  PhotonIsolation          
** INFO: initializing module  ElectronFilter           
** INFO: initializing module  ElectronEfficiency       
** INFO: initializing module  ElectronIsolation        
** INFO: initializing module  ChargedHadronFilter      
** INFO: initializing module  MuonEfficiency           
** INFO: initializing module  MuonIsolation            
** INFO: initializing module  MissingET                
** INFO: initializing module  NeutrinoFilter           
** INFO: initializing module  GenJetFinder             
#--------------------------------------------------------------------------
#                         FastJet release 3.5.1
#                 M. Cacciari, G.P. Salam and G. Soyez                  
#     A software package for jet finding and analysis at colliders      
#                           https://fastjet.fr                           
#	                                                                      
# Please cite EPJC72(2012)1896 [arXiv:1111.6097] if you use this package
# for scientific work and optionally PLB641(2006)57 [hep-ph/0512210].   
#                                                                       
# FastJet is provided without warranty under the GNU GPL v2 or higher.  
# It uses T. Chan's closest pair algorithm, S. Fortune's Voronoi code
# and 3rd party plugin jet algorithms. See COPYING file for details.
#--------------------------------------------------------------------------
** INFO: initializing module  GenMissingET             
** INFO: initializing module  FastJetFinder            
** INFO: initializing module  FatJetFinder             
** INFO: initializing module  JetEnergyScale           
** INFO: initializing module  JetFlavorAssociation     
** INFO: initializing module  BTagging                 
** INFO: initializing module  TauTagging               
** INFO: initializing module  UniqueObjectFinder       
** INFO: initializing module  ScalarHT                 
** INFO: initializing module  TreeWriter               
** Reading /uscms_data/d3/iturkmen/hh4b_delphes/hepmc/ttbar_100k_shard000_pythia8.hepmc
** [----------------------------------------------------------------] (0.01%)** [#---------------------------------------------------------------] (1.92%)** [##--------------------------------------------------------------] (3.56%)** [###-------------------------------------------------------------] (5.32%)** [####------------------------------------------------------------] (6.55%)** [#####-----------------------------------------------------------] (7.85%)** [######----------------------------------------------------------] (9.97%)** [#######---------------------------------------------------------] (11.45%)** [########--------------------------------------------------------] (12.73%)** [#########-------------------------------------------------------] (14.06%)** [##########------------------------------------------------------] (15.78%)** [###########-----------------------------------------------------] (17.64%)** [############----------------------------------------------------] (19.30%)** [#############---------------------------------------------------] (20.55%)** [##############--------------------------------------------------] (22.07%)** [###############-------------------------------------------------] (24.24%)** [################------------------------------------------------] (25.58%)** [#################-----------------------------------------------] (26.82%)** [##################----------------------------------------------] (28.24%)** [###################---------------------------------------------] (30.00%)** [####################--------------------------------------------] (31.26%)** [#####################-------------------------------------------] (33.38%)** [######################------------------------------------------] (34.71%)** [#######################-----------------------------------------] (36.21%)** [########################----------------------------------------] (38.33%)** [#########################---------------------------------------] (39.84%)** [##########################--------------------------------------] (40.75%)** [###########################-------------------------------------] (42.41%)** [############################------------------------------------] (44.16%)** [#############################-----------------------------------] (45.39%)** [##############################----------------------------------] (47.46%)** [###############################---------------------------------] (48.82%)** [################################--------------------------------] (50.33%)** [#################################-------------------------------] (51.68%)** [##################################------------------------------] (53.81%)** [###################################-----------------------------] (55.18%)** [####################################----------------------------] (56.37%)** [#####################################---------------------------] (58.20%)** [######################################--------------------------] (59.55%)** [#######################################-------------------------] (61.06%)** [########################################------------------------] (62.72%)** [#########################################-----------------------] (64.52%)** [##########################################----------------------] (65.81%)** [###########################################---------------------] (67.30%)** [############################################--------------------] (69.03%)** [#############################################-------------------] (70.33%)** [##############################################------------------] (72.71%)** [###############################################-----------------] (73.96%)** [################################################----------------] (75.32%)** [#################################################---------------] (76.64%)** [##################################################--------------] (78.79%)** [###################################################-------------] (80.20%)** [####################################################------------] (81.71%)** [#####################################################-----------] (83.32%)** [######################################################----------] (84.68%)** [#######################################################---------] (86.05%)** [########################################################--------] (88.14%)** [#########################################################-------] (89.51%)** [##########################################################------] (90.80%)** [###########################################################-----] (92.22%)** [############################################################----] (93.97%)** [#############################################################---] (95.82%)** [##############################################################--] (97.48%)** [###############################################################-] (98.75%)** [################################################################] (100.00%)
** Exiting...
FILE: /uscms_data/d3/iturkmen/hh4b_delphes/root/ttbar_100k_shard000_pythia8_delphes.root

KEYS:
  ProcessID0;1
  Delphes;1

TREE: Delphes
ENTRIES: 10000

OBJECT CHECK:
  Event: OK
  Particle: OK
  Jet: OK
  GenJet: OK
  MissingET: OK
  GenMissingET: OK
  Electron: OK
  Muon: OK

SIZE BRANCHES:
  Event_size
  Weight_size
  Particle_size
  Track_size
  Tower_size
  EFlowTrack_size
  EFlowPhoton_size
  EFlowNeutralHadron_size
  GenJet_size
  GenMissingET_size
  Jet_size
  Electron_size
  Photon_size
  Muon_size
  FatJet_size
  MissingET_size
  ScalarHT_size
Input: /uscms_data/d3/iturkmen/hh4b_delphes/root/ttbar_100k_shard000_pythia8_delphes.root
Events: 10000

      event  n_higgs_particles  ...  n_genjets_flavor5  n_genjets_btag
0         0                  0  ...                  0               0
1         1                  0  ...                  0               0
2         2                  0  ...                  0               0
3         3                  0  ...                  0               0
4         4                  0  ...                  0               0
...     ...                ...  ...                ...             ...
9995   9995                  0  ...                  0               0
9996   9996                  0  ...                  0               0
9997   9997                  0  ...                  0               0
9998   9998                  0  ...                  0               0
9999   9999                  0  ...                  0               0

[10000 rows x 15 columns]

Column sums:
  n_higgs_particles: 0
  n_b_particles: 100537
  n_status1_b_particles: 0
  n_jets: 54604
  n_jets_pt30_eta25: 41863
  n_jets_flavor5: 17432
  n_jets_flavoralgo5: 0
  n_jets_flavorphys5: 0
  n_btagged_jets: 13114
  n_btagged_jets_pt30_eta25: 12180
  n_genjets: 60040
  n_genjets_pt30_eta25: 43602
  n_genjets_flavor5: 0
  n_genjets_btag: 0

Events with >=4 reconstructed jets: 6631
Events with >=4 reconstructed b-tagged jets: 29
Events with >=4 jet FlavorPhys b jets: 0
Events with >=4 generator-level b particles: 9989

Wrote: /uscms_data/d3/iturkmen/hh4b_delphes/metadata/ttbar_100k_shard000_diagnostic.csv
Wrote: /uscms_data/d3/iturkmen/hh4b_delphes/parquet/ttbar_100k_shard000_event_summary.parquet
                   sample  event  ...  ht_pt30_eta25         met
0     ttbar_100k_shard000      0  ...     276.765930  125.434372
1     ttbar_100k_shard000      1  ...     193.213959   20.820984
2     ttbar_100k_shard000      2  ...     148.242783   24.497763
3     ttbar_100k_shard000      3  ...     409.092621    9.463286
4     ttbar_100k_shard000      4  ...     487.190735   70.052742
...                   ...    ...  ...            ...         ...
9995  ttbar_100k_shard000   9995  ...     339.624573   18.325644
9996  ttbar_100k_shard000   9996  ...     439.647827   43.962669
9997  ttbar_100k_shard000   9997  ...      87.566505   33.361477
9998  ttbar_100k_shard000   9998  ...     270.203339   24.568237
9999  ttbar_100k_shard000   9999  ...     174.929611   21.858477

[10000 rows x 13 columns]

Selection counts:
  events: 10000
  events with >=4 selected jets: 6631
  events with >=4 selected b-tagged jets: 29
DONE: ttbar_100k_shard000
ROOT: /uscms_data/d3/iturkmen/hh4b_delphes/root/ttbar_100k_shard000_pythia8_delphes.root
HEPMC: /uscms_data/d3/iturkmen/hh4b_delphes/hepmc/ttbar_100k_shard000_pythia8.hepmc
PARQUET: /uscms_data/d3/iturkmen/hh4b_delphes/parquet/ttbar_100k_shard000_event_summary.parquet
DIAGNOSTIC: /uscms_data/d3/iturkmen/hh4b_delphes/metadata/ttbar_100k_shard000_diagnostic.csv
Input events: 10000
Events with >=4 selected b-tagged jets: 29
Wrote: /uscms_data/d3/iturkmen/hh4b_delphes/parquet/ttbar_100k_shard000_hh4b_candidates.parquet

             mbb1        mbb2  ...          mhh  n_selected_bjets
count   29.000000   29.000000  ...    29.000000              29.0
mean   152.380942  151.694466  ...   473.496811               4.0
std     81.251562  104.211558  ...   296.539337               0.0
min     81.298567   50.334195  ...   199.822492               4.0
25%    104.237979  100.809774  ...   291.384655               4.0
50%    121.389895  124.445530  ...   406.256638               4.0
75%    178.098954  151.797691  ...   534.036921               4.0
max    454.705503  541.182199  ...  1391.539929               4.0

[8 rows x 6 columns]
sample: ttbar_100k_shard000
events: 10000
candidate rows: 29
cross-section median pb: 512.77294921875
events with >=4 selected jets: 6631
events with >=4 selected b-tagged jets: 29
median mbb1: 121.38989469425242
median mbb2: 124.44553019469807
median avg_mbb: 134.61050253247518
median delta_mbb: 28.72695827159049
median mhh: 406.25663789211615
median n_selected_bjets: 4.0
Wrote: /uscms_data/d3/iturkmen/hh4b_delphes/metadata/ttbar_100k_shard000_summary.txt
DONE ttbar_100k_shard000
Finished shard 000

============================================================
Starting shard 001 / campaign ttbar_100k
TAG=ttbar_100k_shard001
RUN_NAME=run_ttbar_100k_001
SEED=105001
============================================================
PROCESS_DIR=/uscms_data/d3/iturkmen/hh4b_delphes/mg5/TTbar_smoke
RUN_NAME=run_ttbar_100k_001
N_EVENTS=10000
SEED=105001
OUTPUT_TAG=ttbar_100k_shard001
APPLY_B_CUTS=yes
Updated run card:
 10000 = nevents ! Number of unweighted events
 105001 = iseed ! Random seed
 25.0 = ptb ! minimum pt for b quarks
 2.7 = etab ! maximum eta for b quarks
 0.4 = drbb ! minimum deltaR between b quarks
 0.4 = drbj ! minimum deltaR between b and light jets
 20.0 = ptj ! minimum pt for jets
 5.0 = etaj ! maximum eta for jets
************************************************************
*                                                          *
*                      W E L C O M E to                    *
*             M A D G R A P H 5 _ a M C @ N L O            *
*                      M A D E V E N T                     *
*                                                          *
*                 *                       *                *
*                   *        * *        *                  *
*                     * * * * 5 * * * *                    *
*                   *        * *        *                  *
*                 *                       *                *
*                                                          *
*         VERSION 3.5.3                                    *
*                                                          *
*    The MadGraph5_aMC@NLO Development Team - Find us at   *
*    https://server06.fynu.ucl.ac.be/projects/madgraph     *
*                                                          *
*               Type 'help' for in-line help.              *
*                                                          *
************************************************************
INFO: load configuration from /uscms_data/d3/iturkmen/hh4b_delphes/mg5/TTbar_smoke/Cards/me5_configuration.txt  
INFO: load configuration from /cvmfs/sft.cern.ch/lcg/releases/MCGenerators/madgraph5amc/3.5.3.atlas7-2c347/x86_64-el9-gcc13-opt/input/mg5_configuration.txt  
INFO: load configuration from /uscms_data/d3/iturkmen/hh4b_delphes/mg5/TTbar_smoke/Cards/me5_configuration.txt  
Using default text editor "vi". Set another one in ./input/mg5_configuration.txt
Using default eps viewer "evince". Set another one in ./input/mg5_configuration.txt
Using default web browser "firefox". Set another one in ./input/mg5_configuration.txt
generate_events run_ttbar_100k_001 -f
Generating 10000 events with run name run_ttbar_100k_001
survey  run_ttbar_100k_001 
INFO: compile directory 
compile Source Directory
Using random number seed offset = 105001
INFO: Running Survey 
Creating Jobs
Working on SubProcesses
INFO: Compiling for process 1/3. 
INFO:     P1_gg_ttx  
  0%|          | 0/707 [00:00<?, ?it/s]100%|██████████| 707/707 [00:00<00:00, 135238.42it/s]
INFO: Compiling for process 2/3. 
INFO:     P1_qq_ttx  
  0%|          | 0/703 [00:00<?, ?it/s]100%|██████████| 703/703 [00:00<00:00, 245675.36it/s]
INFO: Compiling for process 3/3. 
INFO:     P1_bbx_ttx  
  0%|          | 0/699 [00:00<?, ?it/s]100%|██████████| 699/699 [00:00<00:00, 222748.71it/s]
INFO:     P1_gg_ttx  
INFO:     P1_qq_ttx  
INFO:     P1_bbx_ttx  
INFO:  Idle: 1,  Running: 0,  Completed: 2 [ current time: 12h27 ] 
INFO:  Idle: 0,  Running: 1,  Completed: 2 [ current time: 12h27 ] 
INFO:  Idle: 0,  Running: 0,  Completed: 3 [  0.19s  ] 
INFO: End survey 
refine 10000
Creating Jobs
INFO: Refine results to 10000 
INFO: Generating 10000.0 unweighted events. 
sum of cpu time of last step: 1 seconds
INFO: Effective Luminosity 23.578289095681836 pb^-1 
INFO: need to improve 2 channels 
- Current estimate of cross-section: 508.94278 +- 3.077659437675002
    P1_gg_ttx 
    P1_qq_ttx 
    P1_bbx_ttx 
INFO:  Idle: 0,  Running: 5,  Completed: 8 [ current time: 12h27 ] 
INFO:  Idle: 0,  Running: 0,  Completed: 13 [  0.73s  ] 
INFO: Combining runs 
sum of cpu time of last step: 9 seconds
INFO: finish refine 
refine 10000 --treshold=0.9
No need for second refine due to stability of cross-section
INFO: Combining Events 
combination of events done in 3.432703971862793 s 
  === Results Summary for run: run_ttbar_100k_001 tag: tag_1 ===

     Cross-section :   512.7 +- 0.5826 pb
     Nb of events :  10000
 
INFO: Running Systematics computation 
INFO:  Idle: 1,  Running: 3,  Completed: 0 [ current time: 12h27 ] 
INFO:  Idle: 0,  Running: 3,  Completed: 1 [  8.4s  ] 
INFO: # Events generated with PDF: NNPDF23_lo_as_0130_qed (247000) 
INFO: # Will Compute 145 weights per event. 
INFO: #***************************************************************************
#
# original cross-section: 512.519039662131
#     scale variation: +30.2% -21.7%
#     central scheme variation: +6.98e-10% -25.9%
# PDF variation: +4.27% -4.27%
#
# dynamical scheme # 1 : 488.138 +29.9% -21.6% # \sum ET
# dynamical scheme # 2 : 401.4 +27.7% -20.5% # \sum\sqrt{m^2+pt^2}
# dynamical scheme # 3 : 512.519 +30.2% -21.7% # 0.5 \sum\sqrt{m^2+pt^2}
# dynamical scheme # 4 : 379.719 +27% -20.1% # \sqrt{\hat s}
#***************************************************************************
 
INFO: End of systematics computation 
store_events
INFO: Storing parton level results 
INFO: End Parton 
reweight -from_cards
decay_events -from_cards
INFO: storing files of previous run 
INFO: Done 
quit
INFO:  
LHE=/uscms_data/d3/iturkmen/hh4b_delphes/mg5/TTbar_smoke/Events/run_ttbar_100k_001/unweighted_events.lhe.gz
N_FOUND=10000
Sample: ttbar_100k_shard001
Input LHE.GZ: /uscms_data/d3/iturkmen/hh4b_delphes/mg5/TTbar_smoke/Events/run_ttbar_100k_001/unweighted_events.lhe.gz
Events requested: 10000
Output tag: ttbar_100k_shard001
LHE: /uscms_data/d3/iturkmen/hh4b_delphes/mg5/TTbar_smoke/Events/run_ttbar_100k_001/unweighted_events.lhe
HEPMC: /uscms_data/d3/iturkmen/hh4b_delphes/hepmc/ttbar_100k_shard001_pythia8.hepmc
ROOT: /uscms_data/d3/iturkmen/hh4b_delphes/root/ttbar_100k_shard001_pythia8_delphes.root
LHE event count: 10000

 *------------------------------------------------------------------------------------* 
 |                                                                                    | 
 |  *------------------------------------------------------------------------------*  | 
 |  |                                                                              |  | 
 |  |                                                                              |  | 
 |  |   PPP   Y   Y  TTTTT  H   H  III    A      Welcome to the Lund Monte Carlo!  |  | 
 |  |   P  P   Y Y     T    H   H   I    A A     This is PYTHIA version 8.312      |  | 
 |  |   PPP     Y      T    HHHHH   I   AAAAA    Last date of change: 23 May 2024  |  | 
 |  |   P       Y      T    H   H   I   A   A                                      |  | 
 |  |   P       Y      T    H   H  III  A   A    Now is 08 Jul 2026 at 12:28:48    |  | 
 |  |                                                                              |  | 
 |  |   Program documentation and an archive of historic versions is found on:     |  | 
 |  |                                                                              |  | 
 |  |                               https://pythia.org/                            |  | 
 |  |                                                                              |  | 
 |  |   PYTHIA is authored by a collaboration consisting of:                       |  | 
 |  |                                                                              |  | 
 |  |   Javira Altmann, Christian Bierlich, Naomi Cooke, Nishita Desai,            |  | 
 |  |   Leif Gellersen, Ilkka Helenius, Philip Ilten, Leif Lonnblad,               |  | 
 |  |   Stephen Mrenna, Christian Preuss, Torbjorn Sjostrand, Peter Skands,        |  | 
 |  |   Marius Utheim, and Rob Verheyen.                                           |  | 
 |  |                                                                              |  | 
 |  |   The complete list of authors, including contact information and            |  | 
 |  |   affiliations, can be found on https://pythia.org/.                         |  | 
 |  |   Problems or bugs should be reported on email at authors@pythia.org.        |  | 
 |  |                                                                              |  | 
 |  |   The main program reference is C. Bierlich et al,                           |  | 
 |  |   'A comprehensive guide to the physics and usage of Pythia 8.3',            |  | 
 |  |   SciPost Phys. Codebases 8-r8.3 (2022) [arXiv:2203.11601 [hep-ph]]          |  | 
 |  |                                                                              |  | 
 |  |   PYTHIA is released under the GNU General Public Licence version 2 or later.|  | 
 |  |   Please respect the MCnet Guidelines for Event Generator Authors and Users. |  | 
 |  |                                                                              |  | 
 |  |   Disclaimer: this program comes without any guarantees.                     |  | 
 |  |   Beware of errors and use common sense when interpreting results.           |  | 
 |  |                                                                              |  | 
 |  |   Copyright (C) 2024 Torbjorn Sjostrand                                      |  | 
 |  |                                                                              |  | 
 |  |                                                                              |  | 
 |  *------------------------------------------------------------------------------*  | 
 |                                                                                    | 
 *------------------------------------------------------------------------------------* 

 *-----------------------  SusyLesHouches SUSY/BSM Interface  ------------------------*
 | Last Change 12 Apr 2017 - P. Skands
 | Parsing: /uscms_data/d3/iturkmen/hh4b_delphes/mg5/TTbar_smoke/Events/run_ttbar_100k_001/unweighted_events.lhe
 | (SLHA::readFile) line 330 - storing non-SLHA(2) block: yukawa
 *------------------------------------------------------------------------------------*
 PYTHIA Info from SLHAinterface::initSLHA: No MODSEL found, keeping internal SUSY switched off
 PYTHIA Warning in SLHAinterface::initSLHA: ignoring MASS entries for id = {1,2,3,4,5,11,12,13,14,15,16,21,22,23,24} (m0 < SLHA:minMassSM)
 PYTHIA Warning in SLHAinterface::initSLHA: ignoring DECAY tables for id = {23,24,1,2,3,4,5,11,12,13,14,15,16,21,22} (m0 < SLHA:minMassSM)
 PYTHIA Warning in SLHAinterface::initSLHA: ignoring empty DECAY tables for id = {6,25} (total width provided but no Branching Ratios)

 *-------  PYTHIA Process Initialization  --------------------------*
 |                                                                  |
 | We collide p+ with p+ at a CM energy of 1.300e+04 GeV            |
 |                                                                  |
 |------------------------------------------------------------------|
 |                                                    |             |
 | Subprocess                                    Code |   Estimated |
 |                                                    |    max (mb) |
 |                                                    |             |
 |------------------------------------------------------------------|
 |                                                    |             |
 | Les Houches User Process(es)                  9999 |   1.000e-09 |
 |                                                                  |
 *-------  End PYTHIA Process Initialization -----------------------*

 *-------  PYTHIA Multiparton Interactions Initialization  ---------* 
 |                                                                  | 
 |                   sigmaNonDiffractive =    56.42 mb              | 
 |                                                                  | 
 |    pT0 =  2.60 gives sigmaInteraction =   317.96 mb: accepted    | 
 |                                                                  | 
 *-------  End PYTHIA Multiparton Interactions Initialization  -----* 

 *-------  PYTHIA Flag + Mode + Parm + Word + FVec + MVec + PVec + WVec Settings (changes only)  ------------------* 
 |                                                                                                                 | 
 | Name                                          |                      Now |      Default         Min         Max | 
 |                                               |                          |                                      | 
 | Beams:frameType                               |                        4 |            1           1           5 | 
 | Beams:LHEF                                    | /uscms_data/d3/iturkmen/hh4b_delphes/mg5/TTbar_smoke/Events/run_ttbar_100k_001/unweighted_events.lhe |         void | 
 | Check:event                                   |                      off |           on                         | 
 | Next:numberCount                              |                       10 |         1000           0             | 
 | Next:numberShowEvent                          |                        0 |            1           0             | 
 | Next:numberShowInfo                           |                        0 |            1           0             | 
 | Next:numberShowProcess                        |                        0 |            1           0             | 
 |                                                                                                                 | 
 *-------  End PYTHIA Flag + Mode + Parm + Word + FVec + MVec + PVec + WVec Settings  -----------------------------* 

 --------  PYTHIA Particle Data Table (changed only)  ------------------------------------------------------------------------------
 
      id   name            antiName         spn chg col      m0        mWidth      mMin       mMax       tau0    res dec ext vis wid
             no onMode   bRatio   meMode     products 

       6  t                tbar               2   2   1  173.00000    1.35678  166.40000  179.60000  1.45438e-13   1   1   0   1   0
              0     1   0.0000664    0       24        1 
              1     1   0.0017361    0       24        3 
              2     1   0.9981975    0       24        5 
              3     0   0.0000000    0       37        5 

      25  h0                                  1   0   0  125.00000    0.00408  124.96809  125.03191  4.83238e-11   1   1   0   0   0
              0     1   0.0000009    0        1       -1 
              1     1   0.0000002    0        2       -2 
              2     1   0.0002163    0        3       -3 
              3     1   0.0288493    0        4       -4 
              4     1   0.5768873    0        5       -5 
              5     1   0.0000000    0        6       -6 
              6     1   0.0000000    0       11      -11 
              7     1   0.0002185    0       13      -13 
              8     1   0.0628569    0       15      -15 
              9     1   0.0850383    0       21       21 
             10     1   0.0022965    0       22       22 
             11     1   0.0016155    0       22       23 
             12     1   0.0261758    0       23       23 
             13     1   0.2158445    0       24      -24 
             14     1   0.0000000  103  1000022  1000022 
             15     1   0.0000000  103  1000023  1000022 
             16     1   0.0000000  103  1000023  1000023 
             17     1   0.0000000  103  1000025  1000022 
             18     1   0.0000000  103  1000025  1000023 
             19     1   0.0000000  103  1000025  1000025 
             20     1   0.0000000  103  1000035  1000022 
             21     1   0.0000000  103  1000035  1000023 
             22     1   0.0000000  103  1000035  1000025 
             23     1   0.0000000  103  1000035  1000035 
             24     1   0.0000000  103  1000024 -1000024 
             25     1   0.0000000  103  1000024 -1000037 
             26     1   0.0000000  103  1000037 -1000024 
             27     1   0.0000000  103  1000037 -1000037 
             28     1   0.0000000  103  1000001 -1000001 
             29     1   0.0000000  103  2000001 -2000001 
             30     1   0.0000000  103  1000001 -2000001 
             31     1   0.0000000  103 -1000001  2000001 
             32     1   0.0000000  103  1000002 -1000002 
             33     1   0.0000000  103  2000002 -2000002 
             34     1   0.0000000  103  1000002 -2000002 
             35     1   0.0000000  103 -1000002  2000002 
             36     1   0.0000000  103  1000003 -1000003 
             37     1   0.0000000  103  2000003 -2000003 
             38     1   0.0000000  103  1000003 -2000003 
             39     1   0.0000000  103 -1000003  2000003 
             40     1   0.0000000  103  1000004 -1000004 
             41     1   0.0000000  103  2000004 -2000004 
             42     1   0.0000000  103  1000004 -2000004 
             43     1   0.0000000  103 -1000004  2000004 
             44     1   0.0000000  103  1000005 -1000005 
             45     1   0.0000000  103  2000005 -2000005 
             46     1   0.0000000  103  1000005 -2000005 
             47     1   0.0000000  103 -1000005  2000005 
             48     1   0.0000000  103  1000006 -1000006 
             49     1   0.0000000  103  2000006 -2000006 
             50     1   0.0000000  103  1000006 -2000006 
             51     1   0.0000000  103 -1000006  2000006 
             52     1   0.0000000  103  1000011 -1000011 
             53     1   0.0000000  103  2000011 -2000011 
             54     1   0.0000000  103  1000011 -2000011 
             55     1   0.0000000  103 -1000011  2000011 
             56     1   0.0000000  103  1000012 -1000012 
             57     1   0.0000000  103  2000012 -2000012 
             58     1   0.0000000  103  1000012 -2000012 
             59     1   0.0000000  103 -1000012  2000012 
             60     1   0.0000000  103  1000013 -1000013 
             61     1   0.0000000  103  2000013 -2000013 
             62     1   0.0000000  103  1000013 -2000013 
             63     1   0.0000000  103 -1000013  2000013 
             64     1   0.0000000  103  1000014 -1000014 
             65     1   0.0000000  103  2000014 -2000014 
             66     1   0.0000000  103  1000014 -2000014 
             67     1   0.0000000  103 -1000014  2000014 
             68     1   0.0000000  103  1000015 -1000015 
             69     1   0.0000000  103  2000015 -2000015 
             70     1   0.0000000  103  1000015 -2000015 
             71     1   0.0000000  103 -1000015  2000015 
             72     1   0.0000000  103  1000016 -1000016 
             73     1   0.0000000  103  2000016 -2000016 
             74     1   0.0000000  103  1000016 -2000016 
             75     1   0.0000000  103 -1000016  2000016 

 --------  End PYTHIA Particle Data Table  -----------------------------------------------------------------------------------------


 --------  LHA initialization information  ------------ 

  beam    kind      energy  pdfgrp  pdfset 
     A    2212    6500.000       0  247000
     B    2212    6500.000       0  247000

  Event weighting strategy = -4

  Processes, with strategy-dependent cross section info 
  number      xsec (pb)      xerr (pb)      xmax (pb) 
       1     5.1267e+02     5.8260e-01     5.1267e+02

 --------  End LHA initialization information  -------- 

 --------  LHA event information and listing  ---------------------------------------------------------------------- 

    process =        1    weight =   5.1267e+02     scale =   2.0106e+02 (GeV) 
                        alpha_em =   7.5558e-03    alpha_strong =   1.1488e-01

    Participating Particles 
    no        id stat     mothers     colours      p_x        p_y        p_z         e          m        tau    spin 
     1        21   -1     0     0   501   502      0.000      0.000    147.580    147.580      0.000   0.000  -1.000
     2        21   -1     0     0   502   503     -0.000     -0.000   -426.802    426.802      0.000   0.000   1.000
     3         6    1     1     2   501     0    -96.131     37.778     32.276    203.633    172.500   0.000   1.000
     4        -6    1     1     2     0   503     96.131    -37.778   -311.497    370.749    172.500   0.000   1.000

 --------  End LHA event information and listing  ------------------------------------------------------------------ 

 Pythia::next(): 10 events have been generated 

 Pythia::next(): 20 events have been generated 

 Pythia::next(): 30 events have been generated 

 Pythia::next(): 40 events have been generated 

 Pythia::next(): 50 events have been generated 

 Pythia::next(): 60 events have been generated 

 Pythia::next(): 70 events have been generated 

 Pythia::next(): 80 events have been generated 

 Pythia::next(): 90 events have been generated 

 Pythia::next(): 100 events have been generated 

 Pythia::next(): 110 events have been generated 

 Pythia::next(): 120 events have been generated 

 Pythia::next(): 130 events have been generated 

 Pythia::next(): 140 events have been generated 

 Pythia::next(): 150 events have been generated 

 Pythia::next(): 160 events have been generated 

 Pythia::next(): 170 events have been generated 

 Pythia::next(): 180 events have been generated 

 Pythia::next(): 190 events have been generated 

 Pythia::next(): 200 events have been generated 

 Pythia::next(): 210 events have been generated 

 Pythia::next(): 220 events have been generated 

 Pythia::next(): 230 events have been generated 

 Pythia::next(): 240 events have been generated 

 Pythia::next(): 250 events have been generated 

 Pythia::next(): 260 events have been generated 

 Pythia::next(): 270 events have been generated 

 Pythia::next(): 280 events have been generated 

 Pythia::next(): 290 events have been generated 

 Pythia::next(): 300 events have been generated 

 Pythia::next(): 310 events have been generated 

 Pythia::next(): 320 events have been generated 

 Pythia::next(): 330 events have been generated 

 Pythia::next(): 340 events have been generated 

 Pythia::next(): 350 events have been generated 

 Pythia::next(): 360 events have been generated 

 Pythia::next(): 370 events have been generated 

 Pythia::next(): 380 events have been generated 

 Pythia::next(): 390 events have been generated 

 Pythia::next(): 400 events have been generated 

 Pythia::next(): 410 events have been generated 

 Pythia::next(): 420 events have been generated 

 Pythia::next(): 430 events have been generated 

 Pythia::next(): 440 events have been generated 

 Pythia::next(): 450 events have been generated 

 Pythia::next(): 460 events have been generated 

 Pythia::next(): 470 events have been generated 

 Pythia::next(): 480 events have been generated 

 Pythia::next(): 490 events have been generated 

 Pythia::next(): 500 events have been generated 

 Pythia::next(): 510 events have been generated 

 Pythia::next(): 520 events have been generated 

 Pythia::next(): 530 events have been generated 

 Pythia::next(): 540 events have been generated 

 Pythia::next(): 550 events have been generated 

 Pythia::next(): 560 events have been generated 

 Pythia::next(): 570 events have been generated 

 Pythia::next(): 580 events have been generated 

 Pythia::next(): 590 events have been generated 

 Pythia::next(): 600 events have been generated 
 PYTHIA Warning in SimpleSpaceShower::pT2nextQCD: weight above unity

 Pythia::next(): 610 events have been generated 

 Pythia::next(): 620 events have been generated 

 Pythia::next(): 630 events have been generated 

 Pythia::next(): 640 events have been generated 

 Pythia::next(): 650 events have been generated 

 Pythia::next(): 660 events have been generated 

 Pythia::next(): 670 events have been generated 

 Pythia::next(): 680 events have been generated 

 Pythia::next(): 690 events have been generated 

 Pythia::next(): 700 events have been generated 

 Pythia::next(): 710 events have been generated 

 Pythia::next(): 720 events have been generated 

 Pythia::next(): 730 events have been generated 

 Pythia::next(): 740 events have been generated 

 Pythia::next(): 750 events have been generated 

 Pythia::next(): 760 events have been generated 

 Pythia::next(): 770 events have been generated 

 Pythia::next(): 780 events have been generated 

 Pythia::next(): 790 events have been generated 

 Pythia::next(): 800 events have been generated 

 Pythia::next(): 810 events have been generated 

 Pythia::next(): 820 events have been generated 

 Pythia::next(): 830 events have been generated 

 Pythia::next(): 840 events have been generated 

 Pythia::next(): 850 events have been generated 

 Pythia::next(): 860 events have been generated 

 Pythia::next(): 870 events have been generated 

 Pythia::next(): 880 events have been generated 

 Pythia::next(): 890 events have been generated 

 Pythia::next(): 900 events have been generated 

 Pythia::next(): 910 events have been generated 

 Pythia::next(): 920 events have been generated 

 Pythia::next(): 930 events have been generated 

 Pythia::next(): 940 events have been generated 

 Pythia::next(): 950 events have been generated 

 Pythia::next(): 960 events have been generated 

 Pythia::next(): 970 events have been generated 

 Pythia::next(): 980 events have been generated 

 Pythia::next(): 990 events have been generated 

 Pythia::next(): 1000 events have been generated 

 Pythia::next(): 1010 events have been generated 

 Pythia::next(): 1020 events have been generated 

 Pythia::next(): 1030 events have been generated 

 Pythia::next(): 1040 events have been generated 

 Pythia::next(): 1050 events have been generated 

 Pythia::next(): 1060 events have been generated 

 Pythia::next(): 1070 events have been generated 

 Pythia::next(): 1080 events have been generated 

 Pythia::next(): 1090 events have been generated 

 Pythia::next(): 1100 events have been generated 

 Pythia::next(): 1110 events have been generated 

 Pythia::next(): 1120 events have been generated 

 Pythia::next(): 1130 events have been generated 

 Pythia::next(): 1140 events have been generated 

 Pythia::next(): 1150 events have been generated 

 Pythia::next(): 1160 events have been generated 

 Pythia::next(): 1170 events have been generated 

 Pythia::next(): 1180 events have been generated 

 Pythia::next(): 1190 events have been generated 

 Pythia::next(): 1200 events have been generated 

 Pythia::next(): 1210 events have been generated 

 Pythia::next(): 1220 events have been generated 

 Pythia::next(): 1230 events have been generated 

 Pythia::next(): 1240 events have been generated 

 Pythia::next(): 1250 events have been generated 

 Pythia::next(): 1260 events have been generated 

 Pythia::next(): 1270 events have been generated 

 Pythia::next(): 1280 events have been generated 

 Pythia::next(): 1290 events have been generated 

 Pythia::next(): 1300 events have been generated 

 Pythia::next(): 1310 events have been generated 

 Pythia::next(): 1320 events have been generated 

 Pythia::next(): 1330 events have been generated 

 Pythia::next(): 1340 events have been generated 

 Pythia::next(): 1350 events have been generated 

 Pythia::next(): 1360 events have been generated 

 Pythia::next(): 1370 events have been generated 

 Pythia::next(): 1380 events have been generated 

 Pythia::next(): 1390 events have been generated 

 Pythia::next(): 1400 events have been generated 

 Pythia::next(): 1410 events have been generated 

 Pythia::next(): 1420 events have been generated 

 Pythia::next(): 1430 events have been generated 

 Pythia::next(): 1440 events have been generated 

 Pythia::next(): 1450 events have been generated 

 Pythia::next(): 1460 events have been generated 

 Pythia::next(): 1470 events have been generated 

 Pythia::next(): 1480 events have been generated 

 Pythia::next(): 1490 events have been generated 

 Pythia::next(): 1500 events have been generated 

 Pythia::next(): 1510 events have been generated 

 Pythia::next(): 1520 events have been generated 

 Pythia::next(): 1530 events have been generated 

 Pythia::next(): 1540 events have been generated 

 Pythia::next(): 1550 events have been generated 

 Pythia::next(): 1560 events have been generated 

 Pythia::next(): 1570 events have been generated 

 Pythia::next(): 1580 events have been generated 

 Pythia::next(): 1590 events have been generated 

 Pythia::next(): 1600 events have been generated 

 Pythia::next(): 1610 events have been generated 

 Pythia::next(): 1620 events have been generated 

 Pythia::next(): 1630 events have been generated 

 Pythia::next(): 1640 events have been generated 

 Pythia::next(): 1650 events have been generated 

 Pythia::next(): 1660 events have been generated 

 Pythia::next(): 1670 events have been generated 

 Pythia::next(): 1680 events have been generated 

 Pythia::next(): 1690 events have been generated 

 Pythia::next(): 1700 events have been generated 

 Pythia::next(): 1710 events have been generated 

 Pythia::next(): 1720 events have been generated 

 Pythia::next(): 1730 events have been generated 

 Pythia::next(): 1740 events have been generated 

 Pythia::next(): 1750 events have been generated 

 Pythia::next(): 1760 events have been generated 

 Pythia::next(): 1770 events have been generated 

 Pythia::next(): 1780 events have been generated 

 Pythia::next(): 1790 events have been generated 

 Pythia::next(): 1800 events have been generated 

 Pythia::next(): 1810 events have been generated 

 Pythia::next(): 1820 events have been generated 

 Pythia::next(): 1830 events have been generated 

 Pythia::next(): 1840 events have been generated 

 Pythia::next(): 1850 events have been generated 

 Pythia::next(): 1860 events have been generated 

 Pythia::next(): 1870 events have been generated 

 Pythia::next(): 1880 events have been generated 

 Pythia::next(): 1890 events have been generated 

 Pythia::next(): 1900 events have been generated 

 Pythia::next(): 1910 events have been generated 

 Pythia::next(): 1920 events have been generated 

 Pythia::next(): 1930 events have been generated 

 Pythia::next(): 1940 events have been generated 

 Pythia::next(): 1950 events have been generated 

 Pythia::next(): 1960 events have been generated 

 Pythia::next(): 1970 events have been generated 

 Pythia::next(): 1980 events have been generated 

 Pythia::next(): 1990 events have been generated 

 Pythia::next(): 2000 events have been generated 

 Pythia::next(): 2010 events have been generated 

 Pythia::next(): 2020 events have been generated 

 Pythia::next(): 2030 events have been generated 

 Pythia::next(): 2040 events have been generated 

 Pythia::next(): 2050 events have been generated 

 Pythia::next(): 2060 events have been generated 

 Pythia::next(): 2070 events have been generated 

 Pythia::next(): 2080 events have been generated 

 Pythia::next(): 2090 events have been generated 

 Pythia::next(): 2100 events have been generated 

 Pythia::next(): 2110 events have been generated 

 Pythia::next(): 2120 events have been generated 

 Pythia::next(): 2130 events have been generated 

 Pythia::next(): 2140 events have been generated 

 Pythia::next(): 2150 events have been generated 

 Pythia::next(): 2160 events have been generated 

 Pythia::next(): 2170 events have been generated 

 Pythia::next(): 2180 events have been generated 

 Pythia::next(): 2190 events have been generated 

 Pythia::next(): 2200 events have been generated 

 Pythia::next(): 2210 events have been generated 

 Pythia::next(): 2220 events have been generated 

 Pythia::next(): 2230 events have been generated 

 Pythia::next(): 2240 events have been generated 

 Pythia::next(): 2250 events have been generated 

 Pythia::next(): 2260 events have been generated 

 Pythia::next(): 2270 events have been generated 

 Pythia::next(): 2280 events have been generated 

 Pythia::next(): 2290 events have been generated 

 Pythia::next(): 2300 events have been generated 

 Pythia::next(): 2310 events have been generated 

 Pythia::next(): 2320 events have been generated 

 Pythia::next(): 2330 events have been generated 

 Pythia::next(): 2340 events have been generated 

 Pythia::next(): 2350 events have been generated 

 Pythia::next(): 2360 events have been generated 

 Pythia::next(): 2370 events have been generated 

 Pythia::next(): 2380 events have been generated 

 Pythia::next(): 2390 events have been generated 

 Pythia::next(): 2400 events have been generated 

 Pythia::next(): 2410 events have been generated 

 Pythia::next(): 2420 events have been generated 

 Pythia::next(): 2430 events have been generated 

 Pythia::next(): 2440 events have been generated 

 Pythia::next(): 2450 events have been generated 

 Pythia::next(): 2460 events have been generated 

 Pythia::next(): 2470 events have been generated 

 Pythia::next(): 2480 events have been generated 

 Pythia::next(): 2490 events have been generated 

 Pythia::next(): 2500 events have been generated 

 Pythia::next(): 2510 events have been generated 

 Pythia::next(): 2520 events have been generated 

 Pythia::next(): 2530 events have been generated 

 Pythia::next(): 2540 events have been generated 

 Pythia::next(): 2550 events have been generated 

 Pythia::next(): 2560 events have been generated 

 Pythia::next(): 2570 events have been generated 

 Pythia::next(): 2580 events have been generated 

 Pythia::next(): 2590 events have been generated 

 Pythia::next(): 2600 events have been generated 

 Pythia::next(): 2610 events have been generated 

 Pythia::next(): 2620 events have been generated 

 Pythia::next(): 2630 events have been generated 

 Pythia::next(): 2640 events have been generated 

 Pythia::next(): 2650 events have been generated 

 Pythia::next(): 2660 events have been generated 

 Pythia::next(): 2670 events have been generated 

 Pythia::next(): 2680 events have been generated 

 Pythia::next(): 2690 events have been generated 

 Pythia::next(): 2700 events have been generated 

 Pythia::next(): 2710 events have been generated 

 Pythia::next(): 2720 events have been generated 

 Pythia::next(): 2730 events have been generated 

 Pythia::next(): 2740 events have been generated 

 Pythia::next(): 2750 events have been generated 

 Pythia::next(): 2760 events have been generated 

 Pythia::next(): 2770 events have been generated 

 Pythia::next(): 2780 events have been generated 

 Pythia::next(): 2790 events have been generated 

 Pythia::next(): 2800 events have been generated 

 Pythia::next(): 2810 events have been generated 

 Pythia::next(): 2820 events have been generated 

 Pythia::next(): 2830 events have been generated 

 Pythia::next(): 2840 events have been generated 

 Pythia::next(): 2850 events have been generated 

 Pythia::next(): 2860 events have been generated 

 Pythia::next(): 2870 events have been generated 

 Pythia::next(): 2880 events have been generated 

 Pythia::next(): 2890 events have been generated 

 Pythia::next(): 2900 events have been generated 

 Pythia::next(): 2910 events have been generated 

 Pythia::next(): 2920 events have been generated 

 Pythia::next(): 2930 events have been generated 

 Pythia::next(): 2940 events have been generated 

 Pythia::next(): 2950 events have been generated 

 Pythia::next(): 2960 events have been generated 

 Pythia::next(): 2970 events have been generated 

 Pythia::next(): 2980 events have been generated 

 Pythia::next(): 2990 events have been generated 

 Pythia::next(): 3000 events have been generated 

 Pythia::next(): 3010 events have been generated 

 Pythia::next(): 3020 events have been generated 

 Pythia::next(): 3030 events have been generated 

 Pythia::next(): 3040 events have been generated 

 Pythia::next(): 3050 events have been generated 

 Pythia::next(): 3060 events have been generated 

 Pythia::next(): 3070 events have been generated 

 Pythia::next(): 3080 events have been generated 

 Pythia::next(): 3090 events have been generated 

 Pythia::next(): 3100 events have been generated 

 Pythia::next(): 3110 events have been generated 

 Pythia::next(): 3120 events have been generated 

 Pythia::next(): 3130 events have been generated 

 Pythia::next(): 3140 events have been generated 

 Pythia::next(): 3150 events have been generated 

 Pythia::next(): 3160 events have been generated 

 Pythia::next(): 3170 events have been generated 

 Pythia::next(): 3180 events have been generated 

 Pythia::next(): 3190 events have been generated 

 Pythia::next(): 3200 events have been generated 

 Pythia::next(): 3210 events have been generated 

 Pythia::next(): 3220 events have been generated 

 Pythia::next(): 3230 events have been generated 

 Pythia::next(): 3240 events have been generated 

 Pythia::next(): 3250 events have been generated 

 Pythia::next(): 3260 events have been generated 

 Pythia::next(): 3270 events have been generated 

 Pythia::next(): 3280 events have been generated 

 Pythia::next(): 3290 events have been generated 

 Pythia::next(): 3300 events have been generated 

 Pythia::next(): 3310 events have been generated 

 Pythia::next(): 3320 events have been generated 

 Pythia::next(): 3330 events have been generated 

 Pythia::next(): 3340 events have been generated 

 Pythia::next(): 3350 events have been generated 

 Pythia::next(): 3360 events have been generated 

 Pythia::next(): 3370 events have been generated 

 Pythia::next(): 3380 events have been generated 

 Pythia::next(): 3390 events have been generated 

 Pythia::next(): 3400 events have been generated 

 Pythia::next(): 3410 events have been generated 

 Pythia::next(): 3420 events have been generated 

 Pythia::next(): 3430 events have been generated 

 Pythia::next(): 3440 events have been generated 

 Pythia::next(): 3450 events have been generated 

 Pythia::next(): 3460 events have been generated 

 Pythia::next(): 3470 events have been generated 

 Pythia::next(): 3480 events have been generated 

 Pythia::next(): 3490 events have been generated 

 Pythia::next(): 3500 events have been generated 

 Pythia::next(): 3510 events have been generated 

 Pythia::next(): 3520 events have been generated 

 Pythia::next(): 3530 events have been generated 

 Pythia::next(): 3540 events have been generated 

 Pythia::next(): 3550 events have been generated 

 Pythia::next(): 3560 events have been generated 

 Pythia::next(): 3570 events have been generated 

 Pythia::next(): 3580 events have been generated 

 Pythia::next(): 3590 events have been generated 

 Pythia::next(): 3600 events have been generated 

 Pythia::next(): 3610 events have been generated 

 Pythia::next(): 3620 events have been generated 

 Pythia::next(): 3630 events have been generated 

 Pythia::next(): 3640 events have been generated 

 Pythia::next(): 3650 events have been generated 

 Pythia::next(): 3660 events have been generated 

 Pythia::next(): 3670 events have been generated 

 Pythia::next(): 3680 events have been generated 

 Pythia::next(): 3690 events have been generated 

 Pythia::next(): 3700 events have been generated 

 Pythia::next(): 3710 events have been generated 

 Pythia::next(): 3720 events have been generated 

 Pythia::next(): 3730 events have been generated 

 Pythia::next(): 3740 events have been generated 

 Pythia::next(): 3750 events have been generated 

 Pythia::next(): 3760 events have been generated 

 Pythia::next(): 3770 events have been generated 

 Pythia::next(): 3780 events have been generated 

 Pythia::next(): 3790 events have been generated 

 Pythia::next(): 3800 events have been generated 

 Pythia::next(): 3810 events have been generated 

 Pythia::next(): 3820 events have been generated 

 Pythia::next(): 3830 events have been generated 

 Pythia::next(): 3840 events have been generated 

 Pythia::next(): 3850 events have been generated 

 Pythia::next(): 3860 events have been generated 

 Pythia::next(): 3870 events have been generated 

 Pythia::next(): 3880 events have been generated 

 Pythia::next(): 3890 events have been generated 

 Pythia::next(): 3900 events have been generated 

 Pythia::next(): 3910 events have been generated 
 PYTHIA Error in StringFragmentation::fragment: stuck in joining
 PYTHIA Error in Pythia::next: hadronLevel failed; try again

 Pythia::next(): 3920 events have been generated 

 Pythia::next(): 3930 events have been generated 

 Pythia::next(): 3940 events have been generated 

 Pythia::next(): 3950 events have been generated 

 Pythia::next(): 3960 events have been generated 

 Pythia::next(): 3970 events have been generated 

 Pythia::next(): 3980 events have been generated 

 Pythia::next(): 3990 events have been generated 

 Pythia::next(): 4000 events have been generated 

 Pythia::next(): 4010 events have been generated 

 Pythia::next(): 4020 events have been generated 

 Pythia::next(): 4030 events have been generated 

 Pythia::next(): 4040 events have been generated 

 Pythia::next(): 4050 events have been generated 

 Pythia::next(): 4060 events have been generated 

 Pythia::next(): 4070 events have been generated 

 Pythia::next(): 4080 events have been generated 

 Pythia::next(): 4090 events have been generated 

 Pythia::next(): 4100 events have been generated 

 Pythia::next(): 4110 events have been generated 

 Pythia::next(): 4120 events have been generated 

 Pythia::next(): 4130 events have been generated 

 Pythia::next(): 4140 events have been generated 

 Pythia::next(): 4150 events have been generated 

 Pythia::next(): 4160 events have been generated 

 Pythia::next(): 4170 events have been generated 

 Pythia::next(): 4180 events have been generated 

 Pythia::next(): 4190 events have been generated 

 Pythia::next(): 4200 events have been generated 

 Pythia::next(): 4210 events have been generated 

 Pythia::next(): 4220 events have been generated 

 Pythia::next(): 4230 events have been generated 

 Pythia::next(): 4240 events have been generated 

 Pythia::next(): 4250 events have been generated 

 Pythia::next(): 4260 events have been generated 

 Pythia::next(): 4270 events have been generated 

 Pythia::next(): 4280 events have been generated 

 Pythia::next(): 4290 events have been generated 

 Pythia::next(): 4300 events have been generated 

 Pythia::next(): 4310 events have been generated 

 Pythia::next(): 4320 events have been generated 

 Pythia::next(): 4330 events have been generated 

 Pythia::next(): 4340 events have been generated 

 Pythia::next(): 4350 events have been generated 

 Pythia::next(): 4360 events have been generated 

 Pythia::next(): 4370 events have been generated 

 Pythia::next(): 4380 events have been generated 

 Pythia::next(): 4390 events have been generated 

 Pythia::next(): 4400 events have been generated 

 Pythia::next(): 4410 events have been generated 

 Pythia::next(): 4420 events have been generated 

 Pythia::next(): 4430 events have been generated 

 Pythia::next(): 4440 events have been generated 

 Pythia::next(): 4450 events have been generated 

 Pythia::next(): 4460 events have been generated 

 Pythia::next(): 4470 events have been generated 

 Pythia::next(): 4480 events have been generated 

 Pythia::next(): 4490 events have been generated 

 Pythia::next(): 4500 events have been generated 

 Pythia::next(): 4510 events have been generated 

 Pythia::next(): 4520 events have been generated 

 Pythia::next(): 4530 events have been generated 

 Pythia::next(): 4540 events have been generated 

 Pythia::next(): 4550 events have been generated 

 Pythia::next(): 4560 events have been generated 

 Pythia::next(): 4570 events have been generated 

 Pythia::next(): 4580 events have been generated 

 Pythia::next(): 4590 events have been generated 

 Pythia::next(): 4600 events have been generated 

 Pythia::next(): 4610 events have been generated 

 Pythia::next(): 4620 events have been generated 

 Pythia::next(): 4630 events have been generated 

 Pythia::next(): 4640 events have been generated 

 Pythia::next(): 4650 events have been generated 

 Pythia::next(): 4660 events have been generated 

 Pythia::next(): 4670 events have been generated 

 Pythia::next(): 4680 events have been generated 

 Pythia::next(): 4690 events have been generated 

 Pythia::next(): 4700 events have been generated 

 Pythia::next(): 4710 events have been generated 

 Pythia::next(): 4720 events have been generated 

 Pythia::next(): 4730 events have been generated 

 Pythia::next(): 4740 events have been generated 

 Pythia::next(): 4750 events have been generated 

 Pythia::next(): 4760 events have been generated 

 Pythia::next(): 4770 events have been generated 

 Pythia::next(): 4780 events have been generated 

 Pythia::next(): 4790 events have been generated 

 Pythia::next(): 4800 events have been generated 

 Pythia::next(): 4810 events have been generated 

 Pythia::next(): 4820 events have been generated 

 Pythia::next(): 4830 events have been generated 

 Pythia::next(): 4840 events have been generated 

 Pythia::next(): 4850 events have been generated 

 Pythia::next(): 4860 events have been generated 

 Pythia::next(): 4870 events have been generated 

 Pythia::next(): 4880 events have been generated 

 Pythia::next(): 4890 events have been generated 

 Pythia::next(): 4900 events have been generated 

 Pythia::next(): 4910 events have been generated 

 Pythia::next(): 4920 events have been generated 

 Pythia::next(): 4930 events have been generated 

 Pythia::next(): 4940 events have been generated 

 Pythia::next(): 4950 events have been generated 

 Pythia::next(): 4960 events have been generated 

 Pythia::next(): 4970 events have been generated 

 Pythia::next(): 4980 events have been generated 

 Pythia::next(): 4990 events have been generated 

 Pythia::next(): 5000 events have been generated 

 Pythia::next(): 5010 events have been generated 

 Pythia::next(): 5020 events have been generated 

 Pythia::next(): 5030 events have been generated 

 Pythia::next(): 5040 events have been generated 

 Pythia::next(): 5050 events have been generated 

 Pythia::next(): 5060 events have been generated 

 Pythia::next(): 5070 events have been generated 

 Pythia::next(): 5080 events have been generated 

 Pythia::next(): 5090 events have been generated 

 Pythia::next(): 5100 events have been generated 

 Pythia::next(): 5110 events have been generated 

 Pythia::next(): 5120 events have been generated 

 Pythia::next(): 5130 events have been generated 

 Pythia::next(): 5140 events have been generated 

 Pythia::next(): 5150 events have been generated 

 Pythia::next(): 5160 events have been generated 

 Pythia::next(): 5170 events have been generated 

 Pythia::next(): 5180 events have been generated 

 Pythia::next(): 5190 events have been generated 

 Pythia::next(): 5200 events have been generated 

 Pythia::next(): 5210 events have been generated 

 Pythia::next(): 5220 events have been generated 

 Pythia::next(): 5230 events have been generated 

 Pythia::next(): 5240 events have been generated 

 Pythia::next(): 5250 events have been generated 

 Pythia::next(): 5260 events have been generated 

 Pythia::next(): 5270 events have been generated 

 Pythia::next(): 5280 events have been generated 

 Pythia::next(): 5290 events have been generated 

 Pythia::next(): 5300 events have been generated 

 Pythia::next(): 5310 events have been generated 

 Pythia::next(): 5320 events have been generated 

 Pythia::next(): 5330 events have been generated 

 Pythia::next(): 5340 events have been generated 

 Pythia::next(): 5350 events have been generated 

 Pythia::next(): 5360 events have been generated 

 Pythia::next(): 5370 events have been generated 

 Pythia::next(): 5380 events have been generated 

 Pythia::next(): 5390 events have been generated 

 Pythia::next(): 5400 events have been generated 

 Pythia::next(): 5410 events have been generated 

 Pythia::next(): 5420 events have been generated 

 Pythia::next(): 5430 events have been generated 

 Pythia::next(): 5440 events have been generated 

 Pythia::next(): 5450 events have been generated 

 Pythia::next(): 5460 events have been generated 

 Pythia::next(): 5470 events have been generated 
 PYTHIA Warning in SimpleTimeShower::pTnext: negative dipole mass

 Pythia::next(): 5480 events have been generated 

 Pythia::next(): 5490 events have been generated 

 Pythia::next(): 5500 events have been generated 

 Pythia::next(): 5510 events have been generated 

 Pythia::next(): 5520 events have been generated 

 Pythia::next(): 5530 events have been generated 

 Pythia::next(): 5540 events have been generated 

 Pythia::next(): 5550 events have been generated 

 Pythia::next(): 5560 events have been generated 

 Pythia::next(): 5570 events have been generated 

 Pythia::next(): 5580 events have been generated 

 Pythia::next(): 5590 events have been generated 

 Pythia::next(): 5600 events have been generated 

 Pythia::next(): 5610 events have been generated 

 Pythia::next(): 5620 events have been generated 

 Pythia::next(): 5630 events have been generated 

 Pythia::next(): 5640 events have been generated 

 Pythia::next(): 5650 events have been generated 

 Pythia::next(): 5660 events have been generated 

 Pythia::next(): 5670 events have been generated 

 Pythia::next(): 5680 events have been generated 

 Pythia::next(): 5690 events have been generated 

 Pythia::next(): 5700 events have been generated 

 Pythia::next(): 5710 events have been generated 

 Pythia::next(): 5720 events have been generated 

 Pythia::next(): 5730 events have been generated 

 Pythia::next(): 5740 events have been generated 

 Pythia::next(): 5750 events have been generated 

 Pythia::next(): 5760 events have been generated 

 Pythia::next(): 5770 events have been generated 

 Pythia::next(): 5780 events have been generated 

 Pythia::next(): 5790 events have been generated 

 Pythia::next(): 5800 events have been generated 

 Pythia::next(): 5810 events have been generated 

 Pythia::next(): 5820 events have been generated 

 Pythia::next(): 5830 events have been generated 

 Pythia::next(): 5840 events have been generated 

 Pythia::next(): 5850 events have been generated 

 Pythia::next(): 5860 events have been generated 

 Pythia::next(): 5870 events have been generated 

 Pythia::next(): 5880 events have been generated 

 Pythia::next(): 5890 events have been generated 

 Pythia::next(): 5900 events have been generated 

 Pythia::next(): 5910 events have been generated 

 Pythia::next(): 5920 events have been generated 

 Pythia::next(): 5930 events have been generated 

 Pythia::next(): 5940 events have been generated 

 Pythia::next(): 5950 events have been generated 

 Pythia::next(): 5960 events have been generated 

 Pythia::next(): 5970 events have been generated 

 Pythia::next(): 5980 events have been generated 

 Pythia::next(): 5990 events have been generated 

 Pythia::next(): 6000 events have been generated 

 Pythia::next(): 6010 events have been generated 

 Pythia::next(): 6020 events have been generated 

 Pythia::next(): 6030 events have been generated 

 Pythia::next(): 6040 events have been generated 

 Pythia::next(): 6050 events have been generated 

 Pythia::next(): 6060 events have been generated 

 Pythia::next(): 6070 events have been generated 

 Pythia::next(): 6080 events have been generated 

 Pythia::next(): 6090 events have been generated 

 Pythia::next(): 6100 events have been generated 

 Pythia::next(): 6110 events have been generated 

 Pythia::next(): 6120 events have been generated 

 Pythia::next(): 6130 events have been generated 

 Pythia::next(): 6140 events have been generated 

 Pythia::next(): 6150 events have been generated 

 Pythia::next(): 6160 events have been generated 

 Pythia::next(): 6170 events have been generated 

 Pythia::next(): 6180 events have been generated 

 Pythia::next(): 6190 events have been generated 

 Pythia::next(): 6200 events have been generated 

 Pythia::next(): 6210 events have been generated 

 Pythia::next(): 6220 events have been generated 

 Pythia::next(): 6230 events have been generated 

 Pythia::next(): 6240 events have been generated 

 Pythia::next(): 6250 events have been generated 

 Pythia::next(): 6260 events have been generated 

 Pythia::next(): 6270 events have been generated 

 Pythia::next(): 6280 events have been generated 

 Pythia::next(): 6290 events have been generated 

 Pythia::next(): 6300 events have been generated 

 Pythia::next(): 6310 events have been generated 

 Pythia::next(): 6320 events have been generated 

 Pythia::next(): 6330 events have been generated 

 Pythia::next(): 6340 events have been generated 

 Pythia::next(): 6350 events have been generated 

 Pythia::next(): 6360 events have been generated 

 Pythia::next(): 6370 events have been generated 

 Pythia::next(): 6380 events have been generated 

 Pythia::next(): 6390 events have been generated 

 Pythia::next(): 6400 events have been generated 

 Pythia::next(): 6410 events have been generated 

 Pythia::next(): 6420 events have been generated 

 Pythia::next(): 6430 events have been generated 

 Pythia::next(): 6440 events have been generated 

 Pythia::next(): 6450 events have been generated 

 Pythia::next(): 6460 events have been generated 

 Pythia::next(): 6470 events have been generated 

 Pythia::next(): 6480 events have been generated 

 Pythia::next(): 6490 events have been generated 

 Pythia::next(): 6500 events have been generated 

 Pythia::next(): 6510 events have been generated 

 Pythia::next(): 6520 events have been generated 

 Pythia::next(): 6530 events have been generated 

 Pythia::next(): 6540 events have been generated 

 Pythia::next(): 6550 events have been generated 

 Pythia::next(): 6560 events have been generated 

 Pythia::next(): 6570 events have been generated 

 Pythia::next(): 6580 events have been generated 

 Pythia::next(): 6590 events have been generated 

 Pythia::next(): 6600 events have been generated 

 Pythia::next(): 6610 events have been generated 

 Pythia::next(): 6620 events have been generated 

 Pythia::next(): 6630 events have been generated 

 Pythia::next(): 6640 events have been generated 

 Pythia::next(): 6650 events have been generated 

 Pythia::next(): 6660 events have been generated 

 Pythia::next(): 6670 events have been generated 

 Pythia::next(): 6680 events have been generated 

 Pythia::next(): 6690 events have been generated 

 Pythia::next(): 6700 events have been generated 

 Pythia::next(): 6710 events have been generated 

 Pythia::next(): 6720 events have been generated 

 Pythia::next(): 6730 events have been generated 

 Pythia::next(): 6740 events have been generated 

 Pythia::next(): 6750 events have been generated 

 Pythia::next(): 6760 events have been generated 

 Pythia::next(): 6770 events have been generated 

 Pythia::next(): 6780 events have been generated 

 Pythia::next(): 6790 events have been generated 

 Pythia::next(): 6800 events have been generated 

 Pythia::next(): 6810 events have been generated 

 Pythia::next(): 6820 events have been generated 

 Pythia::next(): 6830 events have been generated 

 Pythia::next(): 6840 events have been generated 

 Pythia::next(): 6850 events have been generated 

 Pythia::next(): 6860 events have been generated 

 Pythia::next(): 6870 events have been generated 

 Pythia::next(): 6880 events have been generated 

 Pythia::next(): 6890 events have been generated 

 Pythia::next(): 6900 events have been generated 

 Pythia::next(): 6910 events have been generated 

 Pythia::next(): 6920 events have been generated 

 Pythia::next(): 6930 events have been generated 

 Pythia::next(): 6940 events have been generated 

 Pythia::next(): 6950 events have been generated 

 Pythia::next(): 6960 events have been generated 

 Pythia::next(): 6970 events have been generated 

 Pythia::next(): 6980 events have been generated 

 Pythia::next(): 6990 events have been generated 

 Pythia::next(): 7000 events have been generated 

 Pythia::next(): 7010 events have been generated 

 Pythia::next(): 7020 events have been generated 

 Pythia::next(): 7030 events have been generated 

 Pythia::next(): 7040 events have been generated 

 Pythia::next(): 7050 events have been generated 

 Pythia::next(): 7060 events have been generated 

 Pythia::next(): 7070 events have been generated 

 Pythia::next(): 7080 events have been generated 

 Pythia::next(): 7090 events have been generated 

 Pythia::next(): 7100 events have been generated 

 Pythia::next(): 7110 events have been generated 

 Pythia::next(): 7120 events have been generated 

 Pythia::next(): 7130 events have been generated 

 Pythia::next(): 7140 events have been generated 

 Pythia::next(): 7150 events have been generated 

 Pythia::next(): 7160 events have been generated 

 Pythia::next(): 7170 events have been generated 

 Pythia::next(): 7180 events have been generated 

 Pythia::next(): 7190 events have been generated 

 Pythia::next(): 7200 events have been generated 

 Pythia::next(): 7210 events have been generated 

 Pythia::next(): 7220 events have been generated 

 Pythia::next(): 7230 events have been generated 

 Pythia::next(): 7240 events have been generated 

 Pythia::next(): 7250 events have been generated 

 Pythia::next(): 7260 events have been generated 

 Pythia::next(): 7270 events have been generated 

 Pythia::next(): 7280 events have been generated 

 Pythia::next(): 7290 events have been generated 

 Pythia::next(): 7300 events have been generated 

 Pythia::next(): 7310 events have been generated 

 Pythia::next(): 7320 events have been generated 

 Pythia::next(): 7330 events have been generated 

 Pythia::next(): 7340 events have been generated 

 Pythia::next(): 7350 events have been generated 

 Pythia::next(): 7360 events have been generated 

 Pythia::next(): 7370 events have been generated 

 Pythia::next(): 7380 events have been generated 

 Pythia::next(): 7390 events have been generated 

 Pythia::next(): 7400 events have been generated 

 Pythia::next(): 7410 events have been generated 

 Pythia::next(): 7420 events have been generated 

 Pythia::next(): 7430 events have been generated 

 Pythia::next(): 7440 events have been generated 

 Pythia::next(): 7450 events have been generated 

 Pythia::next(): 7460 events have been generated 

 Pythia::next(): 7470 events have been generated 

 Pythia::next(): 7480 events have been generated 

 Pythia::next(): 7490 events have been generated 

 Pythia::next(): 7500 events have been generated 

 Pythia::next(): 7510 events have been generated 

 Pythia::next(): 7520 events have been generated 

 Pythia::next(): 7530 events have been generated 

 Pythia::next(): 7540 events have been generated 

 Pythia::next(): 7550 events have been generated 

 Pythia::next(): 7560 events have been generated 

 Pythia::next(): 7570 events have been generated 

 Pythia::next(): 7580 events have been generated 

 Pythia::next(): 7590 events have been generated 

 Pythia::next(): 7600 events have been generated 

 Pythia::next(): 7610 events have been generated 

 Pythia::next(): 7620 events have been generated 

 Pythia::next(): 7630 events have been generated 

 Pythia::next(): 7640 events have been generated 

 Pythia::next(): 7650 events have been generated 

 Pythia::next(): 7660 events have been generated 

 Pythia::next(): 7670 events have been generated 

 Pythia::next(): 7680 events have been generated 

 Pythia::next(): 7690 events have been generated 

 Pythia::next(): 7700 events have been generated 

 Pythia::next(): 7710 events have been generated 

 Pythia::next(): 7720 events have been generated 

 Pythia::next(): 7730 events have been generated 

 Pythia::next(): 7740 events have been generated 

 Pythia::next(): 7750 events have been generated 

 Pythia::next(): 7760 events have been generated 

 Pythia::next(): 7770 events have been generated 

 Pythia::next(): 7780 events have been generated 

 Pythia::next(): 7790 events have been generated 

 Pythia::next(): 7800 events have been generated 

 Pythia::next(): 7810 events have been generated 

 Pythia::next(): 7820 events have been generated 

 Pythia::next(): 7830 events have been generated 

 Pythia::next(): 7840 events have been generated 

 Pythia::next(): 7850 events have been generated 

 Pythia::next(): 7860 events have been generated 

 Pythia::next(): 7870 events have been generated 

 Pythia::next(): 7880 events have been generated 

 Pythia::next(): 7890 events have been generated 

 Pythia::next(): 7900 events have been generated 

 Pythia::next(): 7910 events have been generated 

 Pythia::next(): 7920 events have been generated 

 Pythia::next(): 7930 events have been generated 

 Pythia::next(): 7940 events have been generated 

 Pythia::next(): 7950 events have been generated 

 Pythia::next(): 7960 events have been generated 

 Pythia::next(): 7970 events have been generated 

 Pythia::next(): 7980 events have been generated 

 Pythia::next(): 7990 events have been generated 

 Pythia::next(): 8000 events have been generated 

 Pythia::next(): 8010 events have been generated 

 Pythia::next(): 8020 events have been generated 

 Pythia::next(): 8030 events have been generated 

 Pythia::next(): 8040 events have been generated 

 Pythia::next(): 8050 events have been generated 

 Pythia::next(): 8060 events have been generated 

 Pythia::next(): 8070 events have been generated 

 Pythia::next(): 8080 events have been generated 

 Pythia::next(): 8090 events have been generated 

 Pythia::next(): 8100 events have been generated 

 Pythia::next(): 8110 events have been generated 

 Pythia::next(): 8120 events have been generated 

 Pythia::next(): 8130 events have been generated 

 Pythia::next(): 8140 events have been generated 

 Pythia::next(): 8150 events have been generated 

 Pythia::next(): 8160 events have been generated 

 Pythia::next(): 8170 events have been generated 

 Pythia::next(): 8180 events have been generated 

 Pythia::next(): 8190 events have been generated 

 Pythia::next(): 8200 events have been generated 

 Pythia::next(): 8210 events have been generated 

 Pythia::next(): 8220 events have been generated 

 Pythia::next(): 8230 events have been generated 

 Pythia::next(): 8240 events have been generated 

 Pythia::next(): 8250 events have been generated 

 Pythia::next(): 8260 events have been generated 

 Pythia::next(): 8270 events have been generated 

 Pythia::next(): 8280 events have been generated 

 Pythia::next(): 8290 events have been generated 

 Pythia::next(): 8300 events have been generated 

 Pythia::next(): 8310 events have been generated 

 Pythia::next(): 8320 events have been generated 

 Pythia::next(): 8330 events have been generated 

 Pythia::next(): 8340 events have been generated 

 Pythia::next(): 8350 events have been generated 

 Pythia::next(): 8360 events have been generated 

 Pythia::next(): 8370 events have been generated 

 Pythia::next(): 8380 events have been generated 

 Pythia::next(): 8390 events have been generated 

 Pythia::next(): 8400 events have been generated 

 Pythia::next(): 8410 events have been generated 

 Pythia::next(): 8420 events have been generated 

 Pythia::next(): 8430 events have been generated 

 Pythia::next(): 8440 events have been generated 

 Pythia::next(): 8450 events have been generated 

 Pythia::next(): 8460 events have been generated 

 Pythia::next(): 8470 events have been generated 

 Pythia::next(): 8480 events have been generated 

 Pythia::next(): 8490 events have been generated 

 Pythia::next(): 8500 events have been generated 

 Pythia::next(): 8510 events have been generated 

 Pythia::next(): 8520 events have been generated 

 Pythia::next(): 8530 events have been generated 

 Pythia::next(): 8540 events have been generated 

 Pythia::next(): 8550 events have been generated 

 Pythia::next(): 8560 events have been generated 

 Pythia::next(): 8570 events have been generated 

 Pythia::next(): 8580 events have been generated 

 Pythia::next(): 8590 events have been generated 

 Pythia::next(): 8600 events have been generated 

 Pythia::next(): 8610 events have been generated 

 Pythia::next(): 8620 events have been generated 

 Pythia::next(): 8630 events have been generated 

 Pythia::next(): 8640 events have been generated 

 Pythia::next(): 8650 events have been generated 

 Pythia::next(): 8660 events have been generated 

 Pythia::next(): 8670 events have been generated 

 Pythia::next(): 8680 events have been generated 

 Pythia::next(): 8690 events have been generated 

 Pythia::next(): 8700 events have been generated 

 Pythia::next(): 8710 events have been generated 

 Pythia::next(): 8720 events have been generated 

 Pythia::next(): 8730 events have been generated 

 Pythia::next(): 8740 events have been generated 

 Pythia::next(): 8750 events have been generated 

 Pythia::next(): 8760 events have been generated 

 Pythia::next(): 8770 events have been generated 

 Pythia::next(): 8780 events have been generated 

 Pythia::next(): 8790 events have been generated 

 Pythia::next(): 8800 events have been generated 

 Pythia::next(): 8810 events have been generated 

 Pythia::next(): 8820 events have been generated 

 Pythia::next(): 8830 events have been generated 

 Pythia::next(): 8840 events have been generated 

 Pythia::next(): 8850 events have been generated 

 Pythia::next(): 8860 events have been generated 

 Pythia::next(): 8870 events have been generated 

 Pythia::next(): 8880 events have been generated 

 Pythia::next(): 8890 events have been generated 

 Pythia::next(): 8900 events have been generated 

 Pythia::next(): 8910 events have been generated 

 Pythia::next(): 8920 events have been generated 

 Pythia::next(): 8930 events have been generated 

 Pythia::next(): 8940 events have been generated 

 Pythia::next(): 8950 events have been generated 

 Pythia::next(): 8960 events have been generated 

 Pythia::next(): 8970 events have been generated 

 Pythia::next(): 8980 events have been generated 

 Pythia::next(): 8990 events have been generated 

 Pythia::next(): 9000 events have been generated 

 Pythia::next(): 9010 events have been generated 

 Pythia::next(): 9020 events have been generated 

 Pythia::next(): 9030 events have been generated 

 Pythia::next(): 9040 events have been generated 

 Pythia::next(): 9050 events have been generated 

 Pythia::next(): 9060 events have been generated 

 Pythia::next(): 9070 events have been generated 

 Pythia::next(): 9080 events have been generated 

 Pythia::next(): 9090 events have been generated 

 Pythia::next(): 9100 events have been generated 

 Pythia::next(): 9110 events have been generated 

 Pythia::next(): 9120 events have been generated 

 Pythia::next(): 9130 events have been generated 

 Pythia::next(): 9140 events have been generated 

 Pythia::next(): 9150 events have been generated 

 Pythia::next(): 9160 events have been generated 

 Pythia::next(): 9170 events have been generated 

 Pythia::next(): 9180 events have been generated 

 Pythia::next(): 9190 events have been generated 

 Pythia::next(): 9200 events have been generated 

 Pythia::next(): 9210 events have been generated 

 Pythia::next(): 9220 events have been generated 

 Pythia::next(): 9230 events have been generated 

 Pythia::next(): 9240 events have been generated 

 Pythia::next(): 9250 events have been generated 

 Pythia::next(): 9260 events have been generated 

 Pythia::next(): 9270 events have been generated 

 Pythia::next(): 9280 events have been generated 

 Pythia::next(): 9290 events have been generated 

 Pythia::next(): 9300 events have been generated 

 Pythia::next(): 9310 events have been generated 

 Pythia::next(): 9320 events have been generated 

 Pythia::next(): 9330 events have been generated 

 Pythia::next(): 9340 events have been generated 

 Pythia::next(): 9350 events have been generated 

 Pythia::next(): 9360 events have been generated 

 Pythia::next(): 9370 events have been generated 

 Pythia::next(): 9380 events have been generated 

 Pythia::next(): 9390 events have been generated 

 Pythia::next(): 9400 events have been generated 

 Pythia::next(): 9410 events have been generated 

 Pythia::next(): 9420 events have been generated 

 Pythia::next(): 9430 events have been generated 

 Pythia::next(): 9440 events have been generated 

 Pythia::next(): 9450 events have been generated 

 Pythia::next(): 9460 events have been generated 

 Pythia::next(): 9470 events have been generated 

 Pythia::next(): 9480 events have been generated 

 Pythia::next(): 9490 events have been generated 

 Pythia::next(): 9500 events have been generated 

 Pythia::next(): 9510 events have been generated 

 Pythia::next(): 9520 events have been generated 

 Pythia::next(): 9530 events have been generated 

 Pythia::next(): 9540 events have been generated 

 Pythia::next(): 9550 events have been generated 

 Pythia::next(): 9560 events have been generated 

 Pythia::next(): 9570 events have been generated 

 Pythia::next(): 9580 events have been generated 

 Pythia::next(): 9590 events have been generated 

 Pythia::next(): 9600 events have been generated 

 Pythia::next(): 9610 events have been generated 

 Pythia::next(): 9620 events have been generated 

 Pythia::next(): 9630 events have been generated 

 Pythia::next(): 9640 events have been generated 

 Pythia::next(): 9650 events have been generated 

 Pythia::next(): 9660 events have been generated 

 Pythia::next(): 9670 events have been generated 

 Pythia::next(): 9680 events have been generated 

 Pythia::next(): 9690 events have been generated 

 Pythia::next(): 9700 events have been generated 

 Pythia::next(): 9710 events have been generated 

 Pythia::next(): 9720 events have been generated 

 Pythia::next(): 9730 events have been generated 

 Pythia::next(): 9740 events have been generated 

 Pythia::next(): 9750 events have been generated 

 Pythia::next(): 9760 events have been generated 

 Pythia::next(): 9770 events have been generated 

 Pythia::next(): 9780 events have been generated 

 Pythia::next(): 9790 events have been generated 

 Pythia::next(): 9800 events have been generated 

 Pythia::next(): 9810 events have been generated 

 Pythia::next(): 9820 events have been generated 

 Pythia::next(): 9830 events have been generated 

 Pythia::next(): 9840 events have been generated 

 Pythia::next(): 9850 events have been generated 

 Pythia::next(): 9860 events have been generated 

 Pythia::next(): 9870 events have been generated 

 Pythia::next(): 9880 events have been generated 

 Pythia::next(): 9890 events have been generated 

 Pythia::next(): 9900 events have been generated 

 Pythia::next(): 9910 events have been generated 

 Pythia::next(): 9920 events have been generated 

 Pythia::next(): 9930 events have been generated 

 Pythia::next(): 9940 events have been generated 

 Pythia::next(): 9950 events have been generated 
 PYTHIA Warning in SimpleSpaceShower::pT2nextQCD: small daughter PDF

 Pythia::next(): 9960 events have been generated 

 Pythia::next(): 9970 events have been generated 

 Pythia::next(): 9980 events have been generated 

 Pythia::next(): 9990 events have been generated 

 *-------  PYTHIA Event and Cross Section Statistics  -------------------------------------------------------------*
 |                                                                                                                 |
 | Subprocess                                    Code |            Number of events       |      sigma +- delta    |
 |                                                    |       Tried   Selected   Accepted |     (estimated) (mb)   |
 |                                                    |                                   |                        |
 |-----------------------------------------------------------------------------------------------------------------|
 |                                                    |                                   |                        |
 | Les Houches User Process(es)                  9999 |       10000      10000      10000 |   5.127e-07  0.000e+00 |
 |    ... whereof user classification code          1 |       10000      10000      10000 |                        | 
 |                                                    |                                   |                        |
 | sum                                                |       10000      10000      10000 |   5.127e-07  0.000e+00 |
 |                                                                                                                 |
 *-------  End PYTHIA Event and Cross Section Statistics ----------------------------------------------------------*

 *-------  PYTHIA Error and Warning Messages Statistics  ----------------------------------------------------------* 
 |                                                                                                                 | 
 |  times   message                                                                                                | 
 |                                                                                                                 | 
 |      1   Error in Pythia::next: hadronLevel failed; try again                                                   | 
 |      1   Error in StringFragmentation::fragment: stuck in joining                                               | 
 |      1   Warning in SLHAinterface::initSLHA: ignoring DECAY tables                                              | 
 |      1   Warning in SLHAinterface::initSLHA: ignoring MASS entries                                              | 
 |      1   Warning in SLHAinterface::initSLHA: ignoring empty DECAY tables                                        | 
 |      5   Warning in SimpleSpaceShower::pT2nextQCD: small daughter PDF                                           | 
 |      3   Warning in SimpleSpaceShower::pT2nextQCD: weight above unity                                           | 
 |      2   Warning in SimpleTimeShower::pTnext: negative dipole mass                                              | 
 |      1   Info from SLHAinterface::initSLHA: No MODSEL found, keeping internal SUSY switched off                 | 
 |                                                                                                                 | 
 *-------  End PYTHIA Error and Warning Messages Statistics  ------------------------------------------------------* 
Wrote 10000 events to /uscms_data/d3/iturkmen/hh4b_delphes/hepmc/ttbar_100k_shard001_pythia8.hepmc
** INFO: initializing module  Delphes                  
** INFO: initializing module  ParticlePropagator       
** INFO: initializing module  ChargedHadronTrackingEfficiency
** INFO: initializing module  ElectronTrackingEfficiency
** INFO: initializing module  MuonTrackingEfficiency   
** INFO: initializing module  ChargedHadronMomentumSmearing
** INFO: initializing module  ElectronMomentumSmearing 
** INFO: initializing module  MuonMomentumSmearing     
** INFO: initializing module  TrackMerger              
** INFO: initializing module  ECal                     
** INFO: initializing module  HCal                     
** INFO: initializing module  Calorimeter              
** INFO: initializing module  EFlowMerger              
** INFO: initializing module  EFlowFilter              
** INFO: initializing module  PhotonEfficiency         
** INFO: initializing module  PhotonIsolation          
** INFO: initializing module  ElectronFilter           
** INFO: initializing module  ElectronEfficiency       
** INFO: initializing module  ElectronIsolation        
** INFO: initializing module  ChargedHadronFilter      
** INFO: initializing module  MuonEfficiency           
** INFO: initializing module  MuonIsolation            
** INFO: initializing module  MissingET                
** INFO: initializing module  NeutrinoFilter           
** INFO: initializing module  GenJetFinder             
#--------------------------------------------------------------------------
#                         FastJet release 3.5.1
#                 M. Cacciari, G.P. Salam and G. Soyez                  
#     A software package for jet finding and analysis at colliders      
#                           https://fastjet.fr                           
#	                                                                      
# Please cite EPJC72(2012)1896 [arXiv:1111.6097] if you use this package
# for scientific work and optionally PLB641(2006)57 [hep-ph/0512210].   
#                                                                       
# FastJet is provided without warranty under the GNU GPL v2 or higher.  
# It uses T. Chan's closest pair algorithm, S. Fortune's Voronoi code
# and 3rd party plugin jet algorithms. See COPYING file for details.
#--------------------------------------------------------------------------
** INFO: initializing module  GenMissingET             
** INFO: initializing module  FastJetFinder            
** INFO: initializing module  FatJetFinder             
** INFO: initializing module  JetEnergyScale           
** INFO: initializing module  JetFlavorAssociation     
** INFO: initializing module  BTagging                 
** INFO: initializing module  TauTagging               
** INFO: initializing module  UniqueObjectFinder       
** INFO: initializing module  ScalarHT                 
** INFO: initializing module  TreeWriter               
** Reading /uscms_data/d3/iturkmen/hh4b_delphes/hepmc/ttbar_100k_shard001_pythia8.hepmc
** [----------------------------------------------------------------] (0.01%)** [#---------------------------------------------------------------] (1.99%)** [##--------------------------------------------------------------] (3.19%)** [###-------------------------------------------------------------] (4.69%)** [####------------------------------------------------------------] (6.53%)** [#####-----------------------------------------------------------] (7.84%)** [######----------------------------------------------------------] (10.05%)** [#######---------------------------------------------------------] (11.47%)** [########--------------------------------------------------------] (12.72%)** [#########-------------------------------------------------------] (14.09%)** [##########------------------------------------------------------] (16.02%)** [###########-----------------------------------------------------] (17.51%)** [############----------------------------------------------------] (19.29%)** [#############---------------------------------------------------] (20.52%)** [##############--------------------------------------------------] (22.66%)** [###############-------------------------------------------------] (23.99%)** [################------------------------------------------------] (25.41%)** [#################-----------------------------------------------] (26.65%)** [##################----------------------------------------------] (28.54%)** [###################---------------------------------------------] (30.06%)** [####################--------------------------------------------] (31.35%)** [#####################-------------------------------------------] (32.87%)** [######################------------------------------------------] (34.75%)** [#######################-----------------------------------------] (36.52%)** [########################----------------------------------------] (37.51%)** [#########################---------------------------------------] (39.12%)** [##########################--------------------------------------] (40.88%)** [###########################-------------------------------------] (42.64%)** [############################------------------------------------] (43.90%)** [#############################-----------------------------------] (46.06%)** [##############################----------------------------------] (46.96%)** [###############################---------------------------------] (48.68%)** [################################--------------------------------] (50.35%)** [#################################-------------------------------] (51.64%)** [##################################------------------------------] (53.84%)** [###################################-----------------------------] (55.14%)** [####################################----------------------------] (56.54%)** [#####################################---------------------------] (57.82%)** [######################################--------------------------] (60.07%)** [#######################################-------------------------] (61.36%)** [########################################------------------------] (62.70%)** [#########################################-----------------------] (64.40%)** [##########################################----------------------] (65.64%)** [###########################################---------------------] (67.30%)** [############################################--------------------] (69.13%)** [#############################################-------------------] (70.39%)** [##############################################------------------] (72.49%)** [###############################################-----------------] (73.87%)** [################################################----------------] (75.14%)** [#################################################---------------] (77.38%)** [##################################################--------------] (78.25%)** [###################################################-------------] (79.93%)** [####################################################------------] (81.68%)** [#####################################################-----------] (82.95%)** [######################################################----------] (84.41%)** [#######################################################---------] (86.54%)** [########################################################--------] (87.90%)** [#########################################################-------] (89.18%)** [##########################################################------] (90.71%)** [###########################################################-----] (92.47%)** [############################################################----] (94.26%)** [#############################################################---] (95.68%)** [##############################################################--] (97.10%)** [###############################################################-] (98.91%)** [################################################################] (100.00%)
** Exiting...
FILE: /uscms_data/d3/iturkmen/hh4b_delphes/root/ttbar_100k_shard001_pythia8_delphes.root

KEYS:
  ProcessID0;1
  Delphes;1

TREE: Delphes
ENTRIES: 10000

OBJECT CHECK:
  Event: OK
  Particle: OK
  Jet: OK
  GenJet: OK
  MissingET: OK
  GenMissingET: OK
  Electron: OK
  Muon: OK

SIZE BRANCHES:
  Event_size
  Weight_size
  Particle_size
  Track_size
  Tower_size
  EFlowTrack_size
  EFlowPhoton_size
  EFlowNeutralHadron_size
  GenJet_size
  GenMissingET_size
  Jet_size
  Electron_size
  Photon_size
  Muon_size
  FatJet_size
  MissingET_size
  ScalarHT_size
Input: /uscms_data/d3/iturkmen/hh4b_delphes/root/ttbar_100k_shard001_pythia8_delphes.root
Events: 10000

      event  n_higgs_particles  ...  n_genjets_flavor5  n_genjets_btag
0         0                  0  ...                  0               0
1         1                  0  ...                  0               0
2         2                  0  ...                  0               0
3         3                  0  ...                  0               0
4         4                  0  ...                  0               0
...     ...                ...  ...                ...             ...
9995   9995                  0  ...                  0               0
9996   9996                  0  ...                  0               0
9997   9997                  0  ...                  0               0
9998   9998                  0  ...                  0               0
9999   9999                  0  ...                  0               0

[10000 rows x 15 columns]

Column sums:
  n_higgs_particles: 0
  n_b_particles: 101664
  n_status1_b_particles: 0
  n_jets: 54343
  n_jets_pt30_eta25: 41575
  n_jets_flavor5: 17374
  n_jets_flavoralgo5: 0
  n_jets_flavorphys5: 0
  n_btagged_jets: 12851
  n_btagged_jets_pt30_eta25: 11909
  n_genjets: 59841
  n_genjets_pt30_eta25: 43309
  n_genjets_flavor5: 0
  n_genjets_btag: 0

Events with >=4 reconstructed jets: 6567
Events with >=4 reconstructed b-tagged jets: 46
Events with >=4 jet FlavorPhys b jets: 0
Events with >=4 generator-level b particles: 9987

Wrote: /uscms_data/d3/iturkmen/hh4b_delphes/metadata/ttbar_100k_shard001_diagnostic.csv
Wrote: /uscms_data/d3/iturkmen/hh4b_delphes/parquet/ttbar_100k_shard001_event_summary.parquet
                   sample  event  ...  ht_pt30_eta25         met
0     ttbar_100k_shard001      0  ...     396.605713  132.462280
1     ttbar_100k_shard001      1  ...     382.574585   50.812836
2     ttbar_100k_shard001      2  ...     421.063721   31.444033
3     ttbar_100k_shard001      3  ...     395.533386   25.823967
4     ttbar_100k_shard001      4  ...     452.852509   22.628983
...                   ...    ...  ...            ...         ...
9995  ttbar_100k_shard001   9995  ...     357.956085  154.290619
9996  ttbar_100k_shard001   9996  ...     318.482513    3.890235
9997  ttbar_100k_shard001   9997  ...     161.396973  119.736473
9998  ttbar_100k_shard001   9998  ...     542.041626   58.468204
9999  ttbar_100k_shard001   9999  ...     332.330841   24.614435

[10000 rows x 13 columns]

Selection counts:
  events: 10000
  events with >=4 selected jets: 6567
  events with >=4 selected b-tagged jets: 46
DONE: ttbar_100k_shard001
ROOT: /uscms_data/d3/iturkmen/hh4b_delphes/root/ttbar_100k_shard001_pythia8_delphes.root
HEPMC: /uscms_data/d3/iturkmen/hh4b_delphes/hepmc/ttbar_100k_shard001_pythia8.hepmc
PARQUET: /uscms_data/d3/iturkmen/hh4b_delphes/parquet/ttbar_100k_shard001_event_summary.parquet
DIAGNOSTIC: /uscms_data/d3/iturkmen/hh4b_delphes/metadata/ttbar_100k_shard001_diagnostic.csv
Input events: 10000
Events with >=4 selected b-tagged jets: 46
Wrote: /uscms_data/d3/iturkmen/hh4b_delphes/parquet/ttbar_100k_shard001_hh4b_candidates.parquet

             mbb1        mbb2  ...          mhh  n_selected_bjets
count   46.000000   46.000000  ...    46.000000         46.000000
mean   149.285671  127.540544  ...   426.093188          4.043478
std     57.487263   49.437374  ...   205.188787          0.206185
min     65.584570   61.882621  ...   180.456238          4.000000
25%    115.850927  100.861562  ...   272.877390          4.000000
50%    131.561091  118.974176  ...   378.100010          4.000000
75%    173.130800  138.025615  ...   460.964365          4.000000
max    318.131786  377.519248  ...  1027.878754          5.000000

[8 rows x 6 columns]
sample: ttbar_100k_shard001
events: 10000
candidate rows: 46
cross-section median pb: 512.6727905273438
events with >=4 selected jets: 6567
events with >=4 selected b-tagged jets: 46
median mbb1: 131.56109116817618
median mbb2: 118.97417566791748
median avg_mbb: 128.87254116799903
median delta_mbb: 34.178509366260826
median mhh: 378.10000978416645
median n_selected_bjets: 4.0
Wrote: /uscms_data/d3/iturkmen/hh4b_delphes/metadata/ttbar_100k_shard001_summary.txt
DONE ttbar_100k_shard001
Finished shard 001

============================================================
Starting shard 002 / campaign ttbar_100k
TAG=ttbar_100k_shard002
RUN_NAME=run_ttbar_100k_002
SEED=105002
============================================================
PROCESS_DIR=/uscms_data/d3/iturkmen/hh4b_delphes/mg5/TTbar_smoke
RUN_NAME=run_ttbar_100k_002
N_EVENTS=10000
SEED=105002
OUTPUT_TAG=ttbar_100k_shard002
APPLY_B_CUTS=yes
Updated run card:
 10000 = nevents ! Number of unweighted events
 105002 = iseed ! Random seed
 25.0 = ptb ! minimum pt for b quarks
 2.7 = etab ! maximum eta for b quarks
 0.4 = drbb ! minimum deltaR between b quarks
 0.4 = drbj ! minimum deltaR between b and light jets
 20.0 = ptj ! minimum pt for jets
 5.0 = etaj ! maximum eta for jets
************************************************************
*                                                          *
*                      W E L C O M E to                    *
*             M A D G R A P H 5 _ a M C @ N L O            *
*                      M A D E V E N T                     *
*                                                          *
*                 *                       *                *
*                   *        * *        *                  *
*                     * * * * 5 * * * *                    *
*                   *        * *        *                  *
*                 *                       *                *
*                                                          *
*         VERSION 3.5.3                                    *
*                                                          *
*    The MadGraph5_aMC@NLO Development Team - Find us at   *
*    https://server06.fynu.ucl.ac.be/projects/madgraph     *
*                                                          *
*               Type 'help' for in-line help.              *
*                                                          *
************************************************************
INFO: load configuration from /uscms_data/d3/iturkmen/hh4b_delphes/mg5/TTbar_smoke/Cards/me5_configuration.txt  
INFO: load configuration from /cvmfs/sft.cern.ch/lcg/releases/MCGenerators/madgraph5amc/3.5.3.atlas7-2c347/x86_64-el9-gcc13-opt/input/mg5_configuration.txt  
INFO: load configuration from /uscms_data/d3/iturkmen/hh4b_delphes/mg5/TTbar_smoke/Cards/me5_configuration.txt  
Using default text editor "vi". Set another one in ./input/mg5_configuration.txt
Using default eps viewer "evince". Set another one in ./input/mg5_configuration.txt
Using default web browser "firefox". Set another one in ./input/mg5_configuration.txt
generate_events run_ttbar_100k_002 -f
Generating 10000 events with run name run_ttbar_100k_002
survey  run_ttbar_100k_002 
INFO: compile directory 
compile Source Directory
Using random number seed offset = 105002
INFO: Running Survey 
Creating Jobs
Working on SubProcesses
INFO: Compiling for process 1/3. 
INFO:     P1_gg_ttx  
  0%|          | 0/707 [00:00<?, ?it/s]100%|██████████| 707/707 [00:00<00:00, 136213.73it/s]
INFO: Compiling for process 2/3. 
INFO:     P1_qq_ttx  
  0%|          | 0/703 [00:00<?, ?it/s]100%|██████████| 703/703 [00:00<00:00, 243524.59it/s]
INFO: Compiling for process 3/3. 
INFO:     P1_bbx_ttx  
  0%|          | 0/699 [00:00<?, ?it/s]100%|██████████| 699/699 [00:00<00:00, 217461.69it/s]
INFO:     P1_gg_ttx  
INFO:     P1_qq_ttx  
INFO:     P1_bbx_ttx  
INFO:  Idle: 1,  Running: 0,  Completed: 2 [ current time: 12h33 ] 
INFO:  Idle: 0,  Running: 1,  Completed: 2 [ current time: 12h33 ] 
INFO:  Idle: 0,  Running: 0,  Completed: 3 [  0.19s  ] 
INFO: End survey 
refine 10000
Creating Jobs
INFO: Refine results to 10000 
INFO: Generating 10000.0 unweighted events. 
sum of cpu time of last step: 1 seconds
INFO: Effective Luminosity 23.393257045712744 pb^-1 
INFO: need to improve 2 channels 
- Current estimate of cross-section: 512.96833 +- 2.7079871573742165
    P1_gg_ttx 
    P1_qq_ttx 
    P1_bbx_ttx 
INFO:  Idle: 0,  Running: 5,  Completed: 8 [ current time: 12h33 ] 
INFO:  Idle: 0,  Running: 0,  Completed: 13 [  0.31s  ] 
INFO: Combining runs 
sum of cpu time of last step: 9 seconds
INFO: finish refine 
refine 10000 --treshold=0.9
No need for second refine due to stability of cross-section
INFO: Combining Events 
combination of events done in 2.1170547008514404 s 
  === Results Summary for run: run_ttbar_100k_002 tag: tag_1 ===

     Cross-section :   512.2 +- 0.6942 pb
     Nb of events :  10000
 
INFO: Running Systematics computation 
INFO:  Idle: 1,  Running: 3,  Completed: 0 [ current time: 12h33 ] 
INFO:  Idle: 0,  Running: 3,  Completed: 1 [  7.8s  ] 
INFO: # Events generated with PDF: NNPDF23_lo_as_0130_qed (247000) 
INFO: # Will Compute 145 weights per event. 
INFO: #***************************************************************************
#
# original cross-section: 512.0767223440681
#     scale variation: +30.2% -21.7%
#     central scheme variation: +4.4e-09% -25.9%
# PDF variation: +4.23% -4.23%
#
# dynamical scheme # 1 : 487.113 +29.8% -21.6% # \sum ET
# dynamical scheme # 2 : 401.063 +27.7% -20.4% # \sum\sqrt{m^2+pt^2}
# dynamical scheme # 3 : 512.077 +30.2% -21.7% # 0.5 \sum\sqrt{m^2+pt^2}
# dynamical scheme # 4 : 379.343 +27% -20.1% # \sqrt{\hat s}
#***************************************************************************
 
INFO: End of systematics computation 
store_events
INFO: Storing parton level results 
INFO: End Parton 
reweight -from_cards
decay_events -from_cards
INFO: storing files of previous run 
INFO: Done 
quit
INFO:  
LHE=/uscms_data/d3/iturkmen/hh4b_delphes/mg5/TTbar_smoke/Events/run_ttbar_100k_002/unweighted_events.lhe.gz
N_FOUND=10000
Sample: ttbar_100k_shard002
Input LHE.GZ: /uscms_data/d3/iturkmen/hh4b_delphes/mg5/TTbar_smoke/Events/run_ttbar_100k_002/unweighted_events.lhe.gz
Events requested: 10000
Output tag: ttbar_100k_shard002
LHE: /uscms_data/d3/iturkmen/hh4b_delphes/mg5/TTbar_smoke/Events/run_ttbar_100k_002/unweighted_events.lhe
HEPMC: /uscms_data/d3/iturkmen/hh4b_delphes/hepmc/ttbar_100k_shard002_pythia8.hepmc
ROOT: /uscms_data/d3/iturkmen/hh4b_delphes/root/ttbar_100k_shard002_pythia8_delphes.root
LHE event count: 10000

 *------------------------------------------------------------------------------------* 
 |                                                                                    | 
 |  *------------------------------------------------------------------------------*  | 
 |  |                                                                              |  | 
 |  |                                                                              |  | 
 |  |   PPP   Y   Y  TTTTT  H   H  III    A      Welcome to the Lund Monte Carlo!  |  | 
 |  |   P  P   Y Y     T    H   H   I    A A     This is PYTHIA version 8.312      |  | 
 |  |   PPP     Y      T    HHHHH   I   AAAAA    Last date of change: 23 May 2024  |  | 
 |  |   P       Y      T    H   H   I   A   A                                      |  | 
 |  |   P       Y      T    H   H  III  A   A    Now is 08 Jul 2026 at 12:34:13    |  | 
 |  |                                                                              |  | 
 |  |   Program documentation and an archive of historic versions is found on:     |  | 
 |  |                                                                              |  | 
 |  |                               https://pythia.org/                            |  | 
 |  |                                                                              |  | 
 |  |   PYTHIA is authored by a collaboration consisting of:                       |  | 
 |  |                                                                              |  | 
 |  |   Javira Altmann, Christian Bierlich, Naomi Cooke, Nishita Desai,            |  | 
 |  |   Leif Gellersen, Ilkka Helenius, Philip Ilten, Leif Lonnblad,               |  | 
 |  |   Stephen Mrenna, Christian Preuss, Torbjorn Sjostrand, Peter Skands,        |  | 
 |  |   Marius Utheim, and Rob Verheyen.                                           |  | 
 |  |                                                                              |  | 
 |  |   The complete list of authors, including contact information and            |  | 
 |  |   affiliations, can be found on https://pythia.org/.                         |  | 
 |  |   Problems or bugs should be reported on email at authors@pythia.org.        |  | 
 |  |                                                                              |  | 
 |  |   The main program reference is C. Bierlich et al,                           |  | 
 |  |   'A comprehensive guide to the physics and usage of Pythia 8.3',            |  | 
 |  |   SciPost Phys. Codebases 8-r8.3 (2022) [arXiv:2203.11601 [hep-ph]]          |  | 
 |  |                                                                              |  | 
 |  |   PYTHIA is released under the GNU General Public Licence version 2 or later.|  | 
 |  |   Please respect the MCnet Guidelines for Event Generator Authors and Users. |  | 
 |  |                                                                              |  | 
 |  |   Disclaimer: this program comes without any guarantees.                     |  | 
 |  |   Beware of errors and use common sense when interpreting results.           |  | 
 |  |                                                                              |  | 
 |  |   Copyright (C) 2024 Torbjorn Sjostrand                                      |  | 
 |  |                                                                              |  | 
 |  |                                                                              |  | 
 |  *------------------------------------------------------------------------------*  | 
 |                                                                                    | 
 *------------------------------------------------------------------------------------* 

 *-----------------------  SusyLesHouches SUSY/BSM Interface  ------------------------*
 | Last Change 12 Apr 2017 - P. Skands
 | Parsing: /uscms_data/d3/iturkmen/hh4b_delphes/mg5/TTbar_smoke/Events/run_ttbar_100k_002/unweighted_events.lhe
 | (SLHA::readFile) line 330 - storing non-SLHA(2) block: yukawa
 *------------------------------------------------------------------------------------*
 PYTHIA Info from SLHAinterface::initSLHA: No MODSEL found, keeping internal SUSY switched off
 PYTHIA Warning in SLHAinterface::initSLHA: ignoring MASS entries for id = {1,2,3,4,5,11,12,13,14,15,16,21,22,23,24} (m0 < SLHA:minMassSM)
 PYTHIA Warning in SLHAinterface::initSLHA: ignoring DECAY tables for id = {23,24,1,2,3,4,5,11,12,13,14,15,16,21,22} (m0 < SLHA:minMassSM)
 PYTHIA Warning in SLHAinterface::initSLHA: ignoring empty DECAY tables for id = {6,25} (total width provided but no Branching Ratios)

 *-------  PYTHIA Process Initialization  --------------------------*
 |                                                                  |
 | We collide p+ with p+ at a CM energy of 1.300e+04 GeV            |
 |                                                                  |
 |------------------------------------------------------------------|
 |                                                    |             |
 | Subprocess                                    Code |   Estimated |
 |                                                    |    max (mb) |
 |                                                    |             |
 |------------------------------------------------------------------|
 |                                                    |             |
 | Les Houches User Process(es)                  9999 |   1.000e-09 |
 |                                                                  |
 *-------  End PYTHIA Process Initialization -----------------------*

 *-------  PYTHIA Multiparton Interactions Initialization  ---------* 
 |                                                                  | 
 |                   sigmaNonDiffractive =    56.42 mb              | 
 |                                                                  | 
 |    pT0 =  2.60 gives sigmaInteraction =   317.96 mb: accepted    | 
 |                                                                  | 
 *-------  End PYTHIA Multiparton Interactions Initialization  -----* 

 *-------  PYTHIA Flag + Mode + Parm + Word + FVec + MVec + PVec + WVec Settings (changes only)  ------------------* 
 |                                                                                                                 | 
 | Name                                          |                      Now |      Default         Min         Max | 
 |                                               |                          |                                      | 
 | Beams:frameType                               |                        4 |            1           1           5 | 
 | Beams:LHEF                                    | /uscms_data/d3/iturkmen/hh4b_delphes/mg5/TTbar_smoke/Events/run_ttbar_100k_002/unweighted_events.lhe |         void | 
 | Check:event                                   |                      off |           on                         | 
 | Next:numberCount                              |                       10 |         1000           0             | 
 | Next:numberShowEvent                          |                        0 |            1           0             | 
 | Next:numberShowInfo                           |                        0 |            1           0             | 
 | Next:numberShowProcess                        |                        0 |            1           0             | 
 |                                                                                                                 | 
 *-------  End PYTHIA Flag + Mode + Parm + Word + FVec + MVec + PVec + WVec Settings  -----------------------------* 

 --------  PYTHIA Particle Data Table (changed only)  ------------------------------------------------------------------------------
 
      id   name            antiName         spn chg col      m0        mWidth      mMin       mMax       tau0    res dec ext vis wid
             no onMode   bRatio   meMode     products 

       6  t                tbar               2   2   1  173.00000    1.35678  166.40000  179.60000  1.45438e-13   1   1   0   1   0
              0     1   0.0000664    0       24        1 
              1     1   0.0017361    0       24        3 
              2     1   0.9981975    0       24        5 
              3     0   0.0000000    0       37        5 

      25  h0                                  1   0   0  125.00000    0.00408  124.96809  125.03191  4.83238e-11   1   1   0   0   0
              0     1   0.0000009    0        1       -1 
              1     1   0.0000002    0        2       -2 
              2     1   0.0002163    0        3       -3 
              3     1   0.0288493    0        4       -4 
              4     1   0.5768873    0        5       -5 
              5     1   0.0000000    0        6       -6 
              6     1   0.0000000    0       11      -11 
              7     1   0.0002185    0       13      -13 
              8     1   0.0628569    0       15      -15 
              9     1   0.0850383    0       21       21 
             10     1   0.0022965    0       22       22 
             11     1   0.0016155    0       22       23 
             12     1   0.0261758    0       23       23 
             13     1   0.2158445    0       24      -24 
             14     1   0.0000000  103  1000022  1000022 
             15     1   0.0000000  103  1000023  1000022 
             16     1   0.0000000  103  1000023  1000023 
             17     1   0.0000000  103  1000025  1000022 
             18     1   0.0000000  103  1000025  1000023 
             19     1   0.0000000  103  1000025  1000025 
             20     1   0.0000000  103  1000035  1000022 
             21     1   0.0000000  103  1000035  1000023 
             22     1   0.0000000  103  1000035  1000025 
             23     1   0.0000000  103  1000035  1000035 
             24     1   0.0000000  103  1000024 -1000024 
             25     1   0.0000000  103  1000024 -1000037 
             26     1   0.0000000  103  1000037 -1000024 
             27     1   0.0000000  103  1000037 -1000037 
             28     1   0.0000000  103  1000001 -1000001 
             29     1   0.0000000  103  2000001 -2000001 
             30     1   0.0000000  103  1000001 -2000001 
             31     1   0.0000000  103 -1000001  2000001 
             32     1   0.0000000  103  1000002 -1000002 
             33     1   0.0000000  103  2000002 -2000002 
             34     1   0.0000000  103  1000002 -2000002 
             35     1   0.0000000  103 -1000002  2000002 
             36     1   0.0000000  103  1000003 -1000003 
             37     1   0.0000000  103  2000003 -2000003 
             38     1   0.0000000  103  1000003 -2000003 
             39     1   0.0000000  103 -1000003  2000003 
             40     1   0.0000000  103  1000004 -1000004 
             41     1   0.0000000  103  2000004 -2000004 
             42     1   0.0000000  103  1000004 -2000004 
             43     1   0.0000000  103 -1000004  2000004 
             44     1   0.0000000  103  1000005 -1000005 
             45     1   0.0000000  103  2000005 -2000005 
             46     1   0.0000000  103  1000005 -2000005 
             47     1   0.0000000  103 -1000005  2000005 
             48     1   0.0000000  103  1000006 -1000006 
             49     1   0.0000000  103  2000006 -2000006 
             50     1   0.0000000  103  1000006 -2000006 
             51     1   0.0000000  103 -1000006  2000006 
             52     1   0.0000000  103  1000011 -1000011 
             53     1   0.0000000  103  2000011 -2000011 
             54     1   0.0000000  103  1000011 -2000011 
             55     1   0.0000000  103 -1000011  2000011 
             56     1   0.0000000  103  1000012 -1000012 
             57     1   0.0000000  103  2000012 -2000012 
             58     1   0.0000000  103  1000012 -2000012 
             59     1   0.0000000  103 -1000012  2000012 
             60     1   0.0000000  103  1000013 -1000013 
             61     1   0.0000000  103  2000013 -2000013 
             62     1   0.0000000  103  1000013 -2000013 
             63     1   0.0000000  103 -1000013  2000013 
             64     1   0.0000000  103  1000014 -1000014 
             65     1   0.0000000  103  2000014 -2000014 
             66     1   0.0000000  103  1000014 -2000014 
             67     1   0.0000000  103 -1000014  2000014 
             68     1   0.0000000  103  1000015 -1000015 
             69     1   0.0000000  103  2000015 -2000015 
             70     1   0.0000000  103  1000015 -2000015 
             71     1   0.0000000  103 -1000015  2000015 
             72     1   0.0000000  103  1000016 -1000016 
             73     1   0.0000000  103  2000016 -2000016 
             74     1   0.0000000  103  1000016 -2000016 
             75     1   0.0000000  103 -1000016  2000016 

 --------  End PYTHIA Particle Data Table  -----------------------------------------------------------------------------------------


 --------  LHA initialization information  ------------ 

  beam    kind      energy  pdfgrp  pdfset 
     A    2212    6500.000       0  247000
     B    2212    6500.000       0  247000

  Event weighting strategy = -4

  Processes, with strategy-dependent cross section info 
  number      xsec (pb)      xerr (pb)      xmax (pb) 
       1     5.1223e+02     6.9422e-01     5.1223e+02

 --------  End LHA initialization information  -------- 

 --------  LHA event information and listing  ---------------------------------------------------------------------- 

    process =        1    weight =   5.1223e+02     scale =   2.1109e+02 (GeV) 
                        alpha_em =   7.5558e-03    alpha_strong =   1.1407e-01

    Participating Particles 
    no        id stat     mothers     colours      p_x        p_y        p_z         e          m        tau    spin 
     1        21   -1     0     0   503   502      0.000      0.000    122.458    122.458      0.000   0.000  -1.000
     2        21   -1     0     0   501   503     -0.000     -0.000   -391.544    391.544      0.000   0.000   1.000
     3         6    1     1     2   501     0     52.982    109.518    -66.207    221.226    172.500   0.000  -1.000
     4        -6    1     1     2     0   502    -52.982   -109.518   -202.880    292.776    172.500   0.000  -1.000

 --------  End LHA event information and listing  ------------------------------------------------------------------ 

 Pythia::next(): 10 events have been generated 

 Pythia::next(): 20 events have been generated 

 Pythia::next(): 30 events have been generated 

 Pythia::next(): 40 events have been generated 

 Pythia::next(): 50 events have been generated 

 Pythia::next(): 60 events have been generated 

 Pythia::next(): 70 events have been generated 

 Pythia::next(): 80 events have been generated 

 Pythia::next(): 90 events have been generated 

 Pythia::next(): 100 events have been generated 

 Pythia::next(): 110 events have been generated 

 Pythia::next(): 120 events have been generated 

 Pythia::next(): 130 events have been generated 

 Pythia::next(): 140 events have been generated 

 Pythia::next(): 150 events have been generated 

 Pythia::next(): 160 events have been generated 

 Pythia::next(): 170 events have been generated 

 Pythia::next(): 180 events have been generated 

 Pythia::next(): 190 events have been generated 

 Pythia::next(): 200 events have been generated 

 Pythia::next(): 210 events have been generated 

 Pythia::next(): 220 events have been generated 

 Pythia::next(): 230 events have been generated 

 Pythia::next(): 240 events have been generated 

 Pythia::next(): 250 events have been generated 

 Pythia::next(): 260 events have been generated 

 Pythia::next(): 270 events have been generated 

 Pythia::next(): 280 events have been generated 

 Pythia::next(): 290 events have been generated 

 Pythia::next(): 300 events have been generated 

 Pythia::next(): 310 events have been generated 

 Pythia::next(): 320 events have been generated 

 Pythia::next(): 330 events have been generated 

 Pythia::next(): 340 events have been generated 

 Pythia::next(): 350 events have been generated 

 Pythia::next(): 360 events have been generated 

 Pythia::next(): 370 events have been generated 

 Pythia::next(): 380 events have been generated 

 Pythia::next(): 390 events have been generated 

 Pythia::next(): 400 events have been generated 

 Pythia::next(): 410 events have been generated 

 Pythia::next(): 420 events have been generated 

 Pythia::next(): 430 events have been generated 
 PYTHIA Warning in TauDecays::decay: maximum decay weight exceeded in tau decay

 Pythia::next(): 440 events have been generated 

 Pythia::next(): 450 events have been generated 

 Pythia::next(): 460 events have been generated 

 Pythia::next(): 470 events have been generated 

 Pythia::next(): 480 events have been generated 

 Pythia::next(): 490 events have been generated 

 Pythia::next(): 500 events have been generated 

 Pythia::next(): 510 events have been generated 

 Pythia::next(): 520 events have been generated 

 Pythia::next(): 530 events have been generated 

 Pythia::next(): 540 events have been generated 

 Pythia::next(): 550 events have been generated 

 Pythia::next(): 560 events have been generated 

 Pythia::next(): 570 events have been generated 

 Pythia::next(): 580 events have been generated 

 Pythia::next(): 590 events have been generated 

 Pythia::next(): 600 events have been generated 

 Pythia::next(): 610 events have been generated 

 Pythia::next(): 620 events have been generated 

 Pythia::next(): 630 events have been generated 

 Pythia::next(): 640 events have been generated 

 Pythia::next(): 650 events have been generated 

 Pythia::next(): 660 events have been generated 

 Pythia::next(): 670 events have been generated 

 Pythia::next(): 680 events have been generated 

 Pythia::next(): 690 events have been generated 

 Pythia::next(): 700 events have been generated 

 Pythia::next(): 710 events have been generated 

 Pythia::next(): 720 events have been generated 

 Pythia::next(): 730 events have been generated 

 Pythia::next(): 740 events have been generated 

 Pythia::next(): 750 events have been generated 

 Pythia::next(): 760 events have been generated 

 Pythia::next(): 770 events have been generated 

 Pythia::next(): 780 events have been generated 

 Pythia::next(): 790 events have been generated 

 Pythia::next(): 800 events have been generated 

 Pythia::next(): 810 events have been generated 

 Pythia::next(): 820 events have been generated 

 Pythia::next(): 830 events have been generated 

 Pythia::next(): 840 events have been generated 

 Pythia::next(): 850 events have been generated 

 Pythia::next(): 860 events have been generated 

 Pythia::next(): 870 events have been generated 

 Pythia::next(): 880 events have been generated 

 Pythia::next(): 890 events have been generated 

 Pythia::next(): 900 events have been generated 

 Pythia::next(): 910 events have been generated 

 Pythia::next(): 920 events have been generated 

 Pythia::next(): 930 events have been generated 

 Pythia::next(): 940 events have been generated 

 Pythia::next(): 950 events have been generated 

 Pythia::next(): 960 events have been generated 

 Pythia::next(): 970 events have been generated 

 Pythia::next(): 980 events have been generated 

 Pythia::next(): 990 events have been generated 

 Pythia::next(): 1000 events have been generated 

 Pythia::next(): 1010 events have been generated 

 Pythia::next(): 1020 events have been generated 

 Pythia::next(): 1030 events have been generated 

 Pythia::next(): 1040 events have been generated 

 Pythia::next(): 1050 events have been generated 

 Pythia::next(): 1060 events have been generated 

 Pythia::next(): 1070 events have been generated 

 Pythia::next(): 1080 events have been generated 

 Pythia::next(): 1090 events have been generated 

 Pythia::next(): 1100 events have been generated 

 Pythia::next(): 1110 events have been generated 

 Pythia::next(): 1120 events have been generated 

 Pythia::next(): 1130 events have been generated 

 Pythia::next(): 1140 events have been generated 

 Pythia::next(): 1150 events have been generated 

 Pythia::next(): 1160 events have been generated 

 Pythia::next(): 1170 events have been generated 

 Pythia::next(): 1180 events have been generated 

 Pythia::next(): 1190 events have been generated 

 Pythia::next(): 1200 events have been generated 

 Pythia::next(): 1210 events have been generated 
 PYTHIA Warning in SimpleTimeShower::pTnext: negative dipole mass

 Pythia::next(): 1220 events have been generated 

 Pythia::next(): 1230 events have been generated 

 Pythia::next(): 1240 events have been generated 

 Pythia::next(): 1250 events have been generated 

 Pythia::next(): 1260 events have been generated 

 Pythia::next(): 1270 events have been generated 

 Pythia::next(): 1280 events have been generated 

 Pythia::next(): 1290 events have been generated 

 Pythia::next(): 1300 events have been generated 

 Pythia::next(): 1310 events have been generated 

 Pythia::next(): 1320 events have been generated 

 Pythia::next(): 1330 events have been generated 

 Pythia::next(): 1340 events have been generated 

 Pythia::next(): 1350 events have been generated 

 Pythia::next(): 1360 events have been generated 

 Pythia::next(): 1370 events have been generated 

 Pythia::next(): 1380 events have been generated 

 Pythia::next(): 1390 events have been generated 

 Pythia::next(): 1400 events have been generated 

 Pythia::next(): 1410 events have been generated 

 Pythia::next(): 1420 events have been generated 

 Pythia::next(): 1430 events have been generated 

 Pythia::next(): 1440 events have been generated 

 Pythia::next(): 1450 events have been generated 

 Pythia::next(): 1460 events have been generated 

 Pythia::next(): 1470 events have been generated 

 Pythia::next(): 1480 events have been generated 

 Pythia::next(): 1490 events have been generated 

 Pythia::next(): 1500 events have been generated 

 Pythia::next(): 1510 events have been generated 

 Pythia::next(): 1520 events have been generated 

 Pythia::next(): 1530 events have been generated 

 Pythia::next(): 1540 events have been generated 

 Pythia::next(): 1550 events have been generated 

 Pythia::next(): 1560 events have been generated 

 Pythia::next(): 1570 events have been generated 

 Pythia::next(): 1580 events have been generated 

 Pythia::next(): 1590 events have been generated 

 Pythia::next(): 1600 events have been generated 

 Pythia::next(): 1610 events have been generated 

 Pythia::next(): 1620 events have been generated 

 Pythia::next(): 1630 events have been generated 

 Pythia::next(): 1640 events have been generated 

 Pythia::next(): 1650 events have been generated 

 Pythia::next(): 1660 events have been generated 

 Pythia::next(): 1670 events have been generated 

 Pythia::next(): 1680 events have been generated 

 Pythia::next(): 1690 events have been generated 

 Pythia::next(): 1700 events have been generated 

 Pythia::next(): 1710 events have been generated 

 Pythia::next(): 1720 events have been generated 

 Pythia::next(): 1730 events have been generated 

 Pythia::next(): 1740 events have been generated 

 Pythia::next(): 1750 events have been generated 

 Pythia::next(): 1760 events have been generated 

 Pythia::next(): 1770 events have been generated 

 Pythia::next(): 1780 events have been generated 

 Pythia::next(): 1790 events have been generated 

 Pythia::next(): 1800 events have been generated 

 Pythia::next(): 1810 events have been generated 

 Pythia::next(): 1820 events have been generated 

 Pythia::next(): 1830 events have been generated 

 Pythia::next(): 1840 events have been generated 

 Pythia::next(): 1850 events have been generated 

 Pythia::next(): 1860 events have been generated 

 Pythia::next(): 1870 events have been generated 

 Pythia::next(): 1880 events have been generated 

 Pythia::next(): 1890 events have been generated 

 Pythia::next(): 1900 events have been generated 

 Pythia::next(): 1910 events have been generated 

 Pythia::next(): 1920 events have been generated 

 Pythia::next(): 1930 events have been generated 

 Pythia::next(): 1940 events have been generated 

 Pythia::next(): 1950 events have been generated 

 Pythia::next(): 1960 events have been generated 

 Pythia::next(): 1970 events have been generated 

 Pythia::next(): 1980 events have been generated 

 Pythia::next(): 1990 events have been generated 

 Pythia::next(): 2000 events have been generated 

 Pythia::next(): 2010 events have been generated 

 Pythia::next(): 2020 events have been generated 

 Pythia::next(): 2030 events have been generated 

 Pythia::next(): 2040 events have been generated 

 Pythia::next(): 2050 events have been generated 

 Pythia::next(): 2060 events have been generated 

 Pythia::next(): 2070 events have been generated 

 Pythia::next(): 2080 events have been generated 

 Pythia::next(): 2090 events have been generated 

 Pythia::next(): 2100 events have been generated 

 Pythia::next(): 2110 events have been generated 

 Pythia::next(): 2120 events have been generated 

 Pythia::next(): 2130 events have been generated 

 Pythia::next(): 2140 events have been generated 

 Pythia::next(): 2150 events have been generated 

 Pythia::next(): 2160 events have been generated 

 Pythia::next(): 2170 events have been generated 

 Pythia::next(): 2180 events have been generated 

 Pythia::next(): 2190 events have been generated 

 Pythia::next(): 2200 events have been generated 

 Pythia::next(): 2210 events have been generated 

 Pythia::next(): 2220 events have been generated 

 Pythia::next(): 2230 events have been generated 

 Pythia::next(): 2240 events have been generated 

 Pythia::next(): 2250 events have been generated 

 Pythia::next(): 2260 events have been generated 

 Pythia::next(): 2270 events have been generated 

 Pythia::next(): 2280 events have been generated 

 Pythia::next(): 2290 events have been generated 

 Pythia::next(): 2300 events have been generated 

 Pythia::next(): 2310 events have been generated 

 Pythia::next(): 2320 events have been generated 

 Pythia::next(): 2330 events have been generated 

 Pythia::next(): 2340 events have been generated 

 Pythia::next(): 2350 events have been generated 

 Pythia::next(): 2360 events have been generated 

 Pythia::next(): 2370 events have been generated 

 Pythia::next(): 2380 events have been generated 

 Pythia::next(): 2390 events have been generated 

 Pythia::next(): 2400 events have been generated 

 Pythia::next(): 2410 events have been generated 

 Pythia::next(): 2420 events have been generated 

 Pythia::next(): 2430 events have been generated 

 Pythia::next(): 2440 events have been generated 

 Pythia::next(): 2450 events have been generated 

 Pythia::next(): 2460 events have been generated 

 Pythia::next(): 2470 events have been generated 

 Pythia::next(): 2480 events have been generated 

 Pythia::next(): 2490 events have been generated 

 Pythia::next(): 2500 events have been generated 

 Pythia::next(): 2510 events have been generated 

 Pythia::next(): 2520 events have been generated 

 Pythia::next(): 2530 events have been generated 

 Pythia::next(): 2540 events have been generated 

 Pythia::next(): 2550 events have been generated 

 Pythia::next(): 2560 events have been generated 

 Pythia::next(): 2570 events have been generated 

 Pythia::next(): 2580 events have been generated 

 Pythia::next(): 2590 events have been generated 

 Pythia::next(): 2600 events have been generated 

 Pythia::next(): 2610 events have been generated 

 Pythia::next(): 2620 events have been generated 

 Pythia::next(): 2630 events have been generated 

 Pythia::next(): 2640 events have been generated 

 Pythia::next(): 2650 events have been generated 

 Pythia::next(): 2660 events have been generated 

 Pythia::next(): 2670 events have been generated 

 Pythia::next(): 2680 events have been generated 

 Pythia::next(): 2690 events have been generated 

 Pythia::next(): 2700 events have been generated 

 Pythia::next(): 2710 events have been generated 

 Pythia::next(): 2720 events have been generated 

 Pythia::next(): 2730 events have been generated 

 Pythia::next(): 2740 events have been generated 

 Pythia::next(): 2750 events have been generated 

 Pythia::next(): 2760 events have been generated 

 Pythia::next(): 2770 events have been generated 

 Pythia::next(): 2780 events have been generated 

 Pythia::next(): 2790 events have been generated 

 Pythia::next(): 2800 events have been generated 

 Pythia::next(): 2810 events have been generated 

 Pythia::next(): 2820 events have been generated 

 Pythia::next(): 2830 events have been generated 

 Pythia::next(): 2840 events have been generated 

 Pythia::next(): 2850 events have been generated 

 Pythia::next(): 2860 events have been generated 

 Pythia::next(): 2870 events have been generated 

 Pythia::next(): 2880 events have been generated 

 Pythia::next(): 2890 events have been generated 

 Pythia::next(): 2900 events have been generated 

 Pythia::next(): 2910 events have been generated 

 Pythia::next(): 2920 events have been generated 

 Pythia::next(): 2930 events have been generated 

 Pythia::next(): 2940 events have been generated 

 Pythia::next(): 2950 events have been generated 

 Pythia::next(): 2960 events have been generated 

 Pythia::next(): 2970 events have been generated 

 Pythia::next(): 2980 events have been generated 

 Pythia::next(): 2990 events have been generated 

 Pythia::next(): 3000 events have been generated 

 Pythia::next(): 3010 events have been generated 

 Pythia::next(): 3020 events have been generated 

 Pythia::next(): 3030 events have been generated 

 Pythia::next(): 3040 events have been generated 

 Pythia::next(): 3050 events have been generated 

 Pythia::next(): 3060 events have been generated 

 Pythia::next(): 3070 events have been generated 

 Pythia::next(): 3080 events have been generated 

 Pythia::next(): 3090 events have been generated 

 Pythia::next(): 3100 events have been generated 

 Pythia::next(): 3110 events have been generated 

 Pythia::next(): 3120 events have been generated 

 Pythia::next(): 3130 events have been generated 

 Pythia::next(): 3140 events have been generated 

 Pythia::next(): 3150 events have been generated 

 Pythia::next(): 3160 events have been generated 

 Pythia::next(): 3170 events have been generated 

 Pythia::next(): 3180 events have been generated 

 Pythia::next(): 3190 events have been generated 

 Pythia::next(): 3200 events have been generated 

 Pythia::next(): 3210 events have been generated 

 Pythia::next(): 3220 events have been generated 

 Pythia::next(): 3230 events have been generated 

 Pythia::next(): 3240 events have been generated 

 Pythia::next(): 3250 events have been generated 

 Pythia::next(): 3260 events have been generated 

 Pythia::next(): 3270 events have been generated 

 Pythia::next(): 3280 events have been generated 

 Pythia::next(): 3290 events have been generated 

 Pythia::next(): 3300 events have been generated 

 Pythia::next(): 3310 events have been generated 

 Pythia::next(): 3320 events have been generated 

 Pythia::next(): 3330 events have been generated 

 Pythia::next(): 3340 events have been generated 

 Pythia::next(): 3350 events have been generated 

 Pythia::next(): 3360 events have been generated 

 Pythia::next(): 3370 events have been generated 

 Pythia::next(): 3380 events have been generated 

 Pythia::next(): 3390 events have been generated 

 Pythia::next(): 3400 events have been generated 

 Pythia::next(): 3410 events have been generated 

 Pythia::next(): 3420 events have been generated 

 Pythia::next(): 3430 events have been generated 

 Pythia::next(): 3440 events have been generated 

 Pythia::next(): 3450 events have been generated 

 Pythia::next(): 3460 events have been generated 

 Pythia::next(): 3470 events have been generated 

 Pythia::next(): 3480 events have been generated 

 Pythia::next(): 3490 events have been generated 

 Pythia::next(): 3500 events have been generated 

 Pythia::next(): 3510 events have been generated 

 Pythia::next(): 3520 events have been generated 

 Pythia::next(): 3530 events have been generated 

 Pythia::next(): 3540 events have been generated 

 Pythia::next(): 3550 events have been generated 

 Pythia::next(): 3560 events have been generated 

 Pythia::next(): 3570 events have been generated 

 Pythia::next(): 3580 events have been generated 

 Pythia::next(): 3590 events have been generated 

 Pythia::next(): 3600 events have been generated 

 Pythia::next(): 3610 events have been generated 

 Pythia::next(): 3620 events have been generated 

 Pythia::next(): 3630 events have been generated 

 Pythia::next(): 3640 events have been generated 

 Pythia::next(): 3650 events have been generated 

 Pythia::next(): 3660 events have been generated 

 Pythia::next(): 3670 events have been generated 

 Pythia::next(): 3680 events have been generated 

 Pythia::next(): 3690 events have been generated 

 Pythia::next(): 3700 events have been generated 

 Pythia::next(): 3710 events have been generated 

 Pythia::next(): 3720 events have been generated 

 Pythia::next(): 3730 events have been generated 

 Pythia::next(): 3740 events have been generated 

 Pythia::next(): 3750 events have been generated 

 Pythia::next(): 3760 events have been generated 

 Pythia::next(): 3770 events have been generated 

 Pythia::next(): 3780 events have been generated 

 Pythia::next(): 3790 events have been generated 

 Pythia::next(): 3800 events have been generated 

 Pythia::next(): 3810 events have been generated 

 Pythia::next(): 3820 events have been generated 

 Pythia::next(): 3830 events have been generated 

 Pythia::next(): 3840 events have been generated 

 Pythia::next(): 3850 events have been generated 

 Pythia::next(): 3860 events have been generated 

 Pythia::next(): 3870 events have been generated 

 Pythia::next(): 3880 events have been generated 

 Pythia::next(): 3890 events have been generated 

 Pythia::next(): 3900 events have been generated 

 Pythia::next(): 3910 events have been generated 

 Pythia::next(): 3920 events have been generated 

 Pythia::next(): 3930 events have been generated 

 Pythia::next(): 3940 events have been generated 

 Pythia::next(): 3950 events have been generated 

 Pythia::next(): 3960 events have been generated 

 Pythia::next(): 3970 events have been generated 

 Pythia::next(): 3980 events have been generated 

 Pythia::next(): 3990 events have been generated 

 Pythia::next(): 4000 events have been generated 

 Pythia::next(): 4010 events have been generated 

 Pythia::next(): 4020 events have been generated 

 Pythia::next(): 4030 events have been generated 

 Pythia::next(): 4040 events have been generated 

 Pythia::next(): 4050 events have been generated 

 Pythia::next(): 4060 events have been generated 

 Pythia::next(): 4070 events have been generated 

 Pythia::next(): 4080 events have been generated 

 Pythia::next(): 4090 events have been generated 

 Pythia::next(): 4100 events have been generated 

 Pythia::next(): 4110 events have been generated 

 Pythia::next(): 4120 events have been generated 

 Pythia::next(): 4130 events have been generated 

 Pythia::next(): 4140 events have been generated 

 Pythia::next(): 4150 events have been generated 

 Pythia::next(): 4160 events have been generated 

 Pythia::next(): 4170 events have been generated 

 Pythia::next(): 4180 events have been generated 

 Pythia::next(): 4190 events have been generated 

 Pythia::next(): 4200 events have been generated 

 Pythia::next(): 4210 events have been generated 

 Pythia::next(): 4220 events have been generated 

 Pythia::next(): 4230 events have been generated 

 Pythia::next(): 4240 events have been generated 

 Pythia::next(): 4250 events have been generated 

 Pythia::next(): 4260 events have been generated 

 Pythia::next(): 4270 events have been generated 

 Pythia::next(): 4280 events have been generated 

 Pythia::next(): 4290 events have been generated 

 Pythia::next(): 4300 events have been generated 

 Pythia::next(): 4310 events have been generated 

 Pythia::next(): 4320 events have been generated 

 Pythia::next(): 4330 events have been generated 

 Pythia::next(): 4340 events have been generated 

 Pythia::next(): 4350 events have been generated 

 Pythia::next(): 4360 events have been generated 

 Pythia::next(): 4370 events have been generated 

 Pythia::next(): 4380 events have been generated 

 Pythia::next(): 4390 events have been generated 

 Pythia::next(): 4400 events have been generated 

 Pythia::next(): 4410 events have been generated 

 Pythia::next(): 4420 events have been generated 

 Pythia::next(): 4430 events have been generated 

 Pythia::next(): 4440 events have been generated 

 Pythia::next(): 4450 events have been generated 

 Pythia::next(): 4460 events have been generated 

 Pythia::next(): 4470 events have been generated 

 Pythia::next(): 4480 events have been generated 

 Pythia::next(): 4490 events have been generated 

 Pythia::next(): 4500 events have been generated 

 Pythia::next(): 4510 events have been generated 

 Pythia::next(): 4520 events have been generated 
 PYTHIA Error in SimpleSpaceShower::pT2nearThreshold: stuck in loop

 Pythia::next(): 4530 events have been generated 

 Pythia::next(): 4540 events have been generated 

 Pythia::next(): 4550 events have been generated 

 Pythia::next(): 4560 events have been generated 

 Pythia::next(): 4570 events have been generated 

 Pythia::next(): 4580 events have been generated 

 Pythia::next(): 4590 events have been generated 

 Pythia::next(): 4600 events have been generated 

 Pythia::next(): 4610 events have been generated 

 Pythia::next(): 4620 events have been generated 

 Pythia::next(): 4630 events have been generated 

 Pythia::next(): 4640 events have been generated 

 Pythia::next(): 4650 events have been generated 

 Pythia::next(): 4660 events have been generated 

 Pythia::next(): 4670 events have been generated 

 Pythia::next(): 4680 events have been generated 

 Pythia::next(): 4690 events have been generated 

 Pythia::next(): 4700 events have been generated 

 Pythia::next(): 4710 events have been generated 

 Pythia::next(): 4720 events have been generated 

 Pythia::next(): 4730 events have been generated 

 Pythia::next(): 4740 events have been generated 

 Pythia::next(): 4750 events have been generated 

 Pythia::next(): 4760 events have been generated 

 Pythia::next(): 4770 events have been generated 

 Pythia::next(): 4780 events have been generated 

 Pythia::next(): 4790 events have been generated 

 Pythia::next(): 4800 events have been generated 

 Pythia::next(): 4810 events have been generated 

 Pythia::next(): 4820 events have been generated 

 Pythia::next(): 4830 events have been generated 

 Pythia::next(): 4840 events have been generated 

 Pythia::next(): 4850 events have been generated 

 Pythia::next(): 4860 events have been generated 

 Pythia::next(): 4870 events have been generated 

 Pythia::next(): 4880 events have been generated 

 Pythia::next(): 4890 events have been generated 

 Pythia::next(): 4900 events have been generated 

 Pythia::next(): 4910 events have been generated 

 Pythia::next(): 4920 events have been generated 

 Pythia::next(): 4930 events have been generated 

 Pythia::next(): 4940 events have been generated 

 Pythia::next(): 4950 events have been generated 

 Pythia::next(): 4960 events have been generated 

 Pythia::next(): 4970 events have been generated 

 Pythia::next(): 4980 events have been generated 

 Pythia::next(): 4990 events have been generated 

 Pythia::next(): 5000 events have been generated 

 Pythia::next(): 5010 events have been generated 

 Pythia::next(): 5020 events have been generated 

 Pythia::next(): 5030 events have been generated 

 Pythia::next(): 5040 events have been generated 

 Pythia::next(): 5050 events have been generated 

 Pythia::next(): 5060 events have been generated 

 Pythia::next(): 5070 events have been generated 

 Pythia::next(): 5080 events have been generated 

 Pythia::next(): 5090 events have been generated 

 Pythia::next(): 5100 events have been generated 

 Pythia::next(): 5110 events have been generated 

 Pythia::next(): 5120 events have been generated 

 Pythia::next(): 5130 events have been generated 

 Pythia::next(): 5140 events have been generated 

 Pythia::next(): 5150 events have been generated 

 Pythia::next(): 5160 events have been generated 

 Pythia::next(): 5170 events have been generated 

 Pythia::next(): 5180 events have been generated 

 Pythia::next(): 5190 events have been generated 

 Pythia::next(): 5200 events have been generated 

 Pythia::next(): 5210 events have been generated 

 Pythia::next(): 5220 events have been generated 

 Pythia::next(): 5230 events have been generated 

 Pythia::next(): 5240 events have been generated 

 Pythia::next(): 5250 events have been generated 

 Pythia::next(): 5260 events have been generated 

 Pythia::next(): 5270 events have been generated 

 Pythia::next(): 5280 events have been generated 

 Pythia::next(): 5290 events have been generated 

 Pythia::next(): 5300 events have been generated 

 Pythia::next(): 5310 events have been generated 

 Pythia::next(): 5320 events have been generated 

 Pythia::next(): 5330 events have been generated 

 Pythia::next(): 5340 events have been generated 

 Pythia::next(): 5350 events have been generated 

 Pythia::next(): 5360 events have been generated 

 Pythia::next(): 5370 events have been generated 

 Pythia::next(): 5380 events have been generated 

 Pythia::next(): 5390 events have been generated 

 Pythia::next(): 5400 events have been generated 

 Pythia::next(): 5410 events have been generated 

 Pythia::next(): 5420 events have been generated 

 Pythia::next(): 5430 events have been generated 

 Pythia::next(): 5440 events have been generated 

 Pythia::next(): 5450 events have been generated 

 Pythia::next(): 5460 events have been generated 

 Pythia::next(): 5470 events have been generated 

 Pythia::next(): 5480 events have been generated 

 Pythia::next(): 5490 events have been generated 

 Pythia::next(): 5500 events have been generated 

 Pythia::next(): 5510 events have been generated 

 Pythia::next(): 5520 events have been generated 

 Pythia::next(): 5530 events have been generated 

 Pythia::next(): 5540 events have been generated 

 Pythia::next(): 5550 events have been generated 

 Pythia::next(): 5560 events have been generated 

 Pythia::next(): 5570 events have been generated 

 Pythia::next(): 5580 events have been generated 

 Pythia::next(): 5590 events have been generated 

 Pythia::next(): 5600 events have been generated 

 Pythia::next(): 5610 events have been generated 

 Pythia::next(): 5620 events have been generated 

 Pythia::next(): 5630 events have been generated 

 Pythia::next(): 5640 events have been generated 

 Pythia::next(): 5650 events have been generated 

 Pythia::next(): 5660 events have been generated 

 Pythia::next(): 5670 events have been generated 

 Pythia::next(): 5680 events have been generated 

 Pythia::next(): 5690 events have been generated 

 Pythia::next(): 5700 events have been generated 

 Pythia::next(): 5710 events have been generated 

 Pythia::next(): 5720 events have been generated 

 Pythia::next(): 5730 events have been generated 

 Pythia::next(): 5740 events have been generated 

 Pythia::next(): 5750 events have been generated 

 Pythia::next(): 5760 events have been generated 

 Pythia::next(): 5770 events have been generated 

 Pythia::next(): 5780 events have been generated 

 Pythia::next(): 5790 events have been generated 

 Pythia::next(): 5800 events have been generated 

 Pythia::next(): 5810 events have been generated 

 Pythia::next(): 5820 events have been generated 

 Pythia::next(): 5830 events have been generated 

 Pythia::next(): 5840 events have been generated 

 Pythia::next(): 5850 events have been generated 

 Pythia::next(): 5860 events have been generated 

 Pythia::next(): 5870 events have been generated 

 Pythia::next(): 5880 events have been generated 

 Pythia::next(): 5890 events have been generated 

 Pythia::next(): 5900 events have been generated 

 Pythia::next(): 5910 events have been generated 

 Pythia::next(): 5920 events have been generated 

 Pythia::next(): 5930 events have been generated 

 Pythia::next(): 5940 events have been generated 

 Pythia::next(): 5950 events have been generated 

 Pythia::next(): 5960 events have been generated 

 Pythia::next(): 5970 events have been generated 

 Pythia::next(): 5980 events have been generated 

 Pythia::next(): 5990 events have been generated 

 Pythia::next(): 6000 events have been generated 

 Pythia::next(): 6010 events have been generated 

 Pythia::next(): 6020 events have been generated 

 Pythia::next(): 6030 events have been generated 

 Pythia::next(): 6040 events have been generated 

 Pythia::next(): 6050 events have been generated 

 Pythia::next(): 6060 events have been generated 

 Pythia::next(): 6070 events have been generated 

 Pythia::next(): 6080 events have been generated 

 Pythia::next(): 6090 events have been generated 

 Pythia::next(): 6100 events have been generated 

 Pythia::next(): 6110 events have been generated 

 Pythia::next(): 6120 events have been generated 

 Pythia::next(): 6130 events have been generated 

 Pythia::next(): 6140 events have been generated 

 Pythia::next(): 6150 events have been generated 

 Pythia::next(): 6160 events have been generated 

 Pythia::next(): 6170 events have been generated 

 Pythia::next(): 6180 events have been generated 

 Pythia::next(): 6190 events have been generated 

 Pythia::next(): 6200 events have been generated 

 Pythia::next(): 6210 events have been generated 

 Pythia::next(): 6220 events have been generated 

 Pythia::next(): 6230 events have been generated 

 Pythia::next(): 6240 events have been generated 

 Pythia::next(): 6250 events have been generated 

 Pythia::next(): 6260 events have been generated 

 Pythia::next(): 6270 events have been generated 

 Pythia::next(): 6280 events have been generated 

 Pythia::next(): 6290 events have been generated 

 Pythia::next(): 6300 events have been generated 

 Pythia::next(): 6310 events have been generated 

 Pythia::next(): 6320 events have been generated 

 Pythia::next(): 6330 events have been generated 

 Pythia::next(): 6340 events have been generated 

 Pythia::next(): 6350 events have been generated 

 Pythia::next(): 6360 events have been generated 

 Pythia::next(): 6370 events have been generated 

 Pythia::next(): 6380 events have been generated 

 Pythia::next(): 6390 events have been generated 

 Pythia::next(): 6400 events have been generated 

 Pythia::next(): 6410 events have been generated 

 Pythia::next(): 6420 events have been generated 

 Pythia::next(): 6430 events have been generated 

 Pythia::next(): 6440 events have been generated 

 Pythia::next(): 6450 events have been generated 

 Pythia::next(): 6460 events have been generated 

 Pythia::next(): 6470 events have been generated 

 Pythia::next(): 6480 events have been generated 

 Pythia::next(): 6490 events have been generated 

 Pythia::next(): 6500 events have been generated 

 Pythia::next(): 6510 events have been generated 

 Pythia::next(): 6520 events have been generated 

 Pythia::next(): 6530 events have been generated 

 Pythia::next(): 6540 events have been generated 

 Pythia::next(): 6550 events have been generated 

 Pythia::next(): 6560 events have been generated 

 Pythia::next(): 6570 events have been generated 

 Pythia::next(): 6580 events have been generated 

 Pythia::next(): 6590 events have been generated 

 Pythia::next(): 6600 events have been generated 

 Pythia::next(): 6610 events have been generated 

 Pythia::next(): 6620 events have been generated 

 Pythia::next(): 6630 events have been generated 

 Pythia::next(): 6640 events have been generated 

 Pythia::next(): 6650 events have been generated 

 Pythia::next(): 6660 events have been generated 

 Pythia::next(): 6670 events have been generated 

 Pythia::next(): 6680 events have been generated 

 Pythia::next(): 6690 events have been generated 

 Pythia::next(): 6700 events have been generated 

 Pythia::next(): 6710 events have been generated 

 Pythia::next(): 6720 events have been generated 

 Pythia::next(): 6730 events have been generated 

 Pythia::next(): 6740 events have been generated 

 Pythia::next(): 6750 events have been generated 

 Pythia::next(): 6760 events have been generated 

 Pythia::next(): 6770 events have been generated 

 Pythia::next(): 6780 events have been generated 

 Pythia::next(): 6790 events have been generated 

 Pythia::next(): 6800 events have been generated 

 Pythia::next(): 6810 events have been generated 

 Pythia::next(): 6820 events have been generated 

 Pythia::next(): 6830 events have been generated 

 Pythia::next(): 6840 events have been generated 

 Pythia::next(): 6850 events have been generated 

 Pythia::next(): 6860 events have been generated 

 Pythia::next(): 6870 events have been generated 

 Pythia::next(): 6880 events have been generated 

 Pythia::next(): 6890 events have been generated 

 Pythia::next(): 6900 events have been generated 

 Pythia::next(): 6910 events have been generated 

 Pythia::next(): 6920 events have been generated 

 Pythia::next(): 6930 events have been generated 

 Pythia::next(): 6940 events have been generated 

 Pythia::next(): 6950 events have been generated 

 Pythia::next(): 6960 events have been generated 

 Pythia::next(): 6970 events have been generated 

 Pythia::next(): 6980 events have been generated 

 Pythia::next(): 6990 events have been generated 

 Pythia::next(): 7000 events have been generated 

 Pythia::next(): 7010 events have been generated 

 Pythia::next(): 7020 events have been generated 

 Pythia::next(): 7030 events have been generated 

 Pythia::next(): 7040 events have been generated 

 Pythia::next(): 7050 events have been generated 

 Pythia::next(): 7060 events have been generated 

 Pythia::next(): 7070 events have been generated 

 Pythia::next(): 7080 events have been generated 

 Pythia::next(): 7090 events have been generated 

 Pythia::next(): 7100 events have been generated 

 Pythia::next(): 7110 events have been generated 

 Pythia::next(): 7120 events have been generated 

 Pythia::next(): 7130 events have been generated 

 Pythia::next(): 7140 events have been generated 

 Pythia::next(): 7150 events have been generated 

 Pythia::next(): 7160 events have been generated 

 Pythia::next(): 7170 events have been generated 

 Pythia::next(): 7180 events have been generated 

 Pythia::next(): 7190 events have been generated 

 Pythia::next(): 7200 events have been generated 

 Pythia::next(): 7210 events have been generated 

 Pythia::next(): 7220 events have been generated 

 Pythia::next(): 7230 events have been generated 

 Pythia::next(): 7240 events have been generated 

 Pythia::next(): 7250 events have been generated 

 Pythia::next(): 7260 events have been generated 

 Pythia::next(): 7270 events have been generated 

 Pythia::next(): 7280 events have been generated 

 Pythia::next(): 7290 events have been generated 

 Pythia::next(): 7300 events have been generated 

 Pythia::next(): 7310 events have been generated 

 Pythia::next(): 7320 events have been generated 

 Pythia::next(): 7330 events have been generated 

 Pythia::next(): 7340 events have been generated 

 Pythia::next(): 7350 events have been generated 

 Pythia::next(): 7360 events have been generated 

 Pythia::next(): 7370 events have been generated 

 Pythia::next(): 7380 events have been generated 

 Pythia::next(): 7390 events have been generated 

 Pythia::next(): 7400 events have been generated 

 Pythia::next(): 7410 events have been generated 

 Pythia::next(): 7420 events have been generated 

 Pythia::next(): 7430 events have been generated 

 Pythia::next(): 7440 events have been generated 

 Pythia::next(): 7450 events have been generated 

 Pythia::next(): 7460 events have been generated 

 Pythia::next(): 7470 events have been generated 

 Pythia::next(): 7480 events have been generated 

 Pythia::next(): 7490 events have been generated 

 Pythia::next(): 7500 events have been generated 

 Pythia::next(): 7510 events have been generated 

 Pythia::next(): 7520 events have been generated 

 Pythia::next(): 7530 events have been generated 

 Pythia::next(): 7540 events have been generated 

 Pythia::next(): 7550 events have been generated 

 Pythia::next(): 7560 events have been generated 

 Pythia::next(): 7570 events have been generated 

 Pythia::next(): 7580 events have been generated 

 Pythia::next(): 7590 events have been generated 

 Pythia::next(): 7600 events have been generated 

 Pythia::next(): 7610 events have been generated 

 Pythia::next(): 7620 events have been generated 

 Pythia::next(): 7630 events have been generated 

 Pythia::next(): 7640 events have been generated 

 Pythia::next(): 7650 events have been generated 

 Pythia::next(): 7660 events have been generated 

 Pythia::next(): 7670 events have been generated 

 Pythia::next(): 7680 events have been generated 

 Pythia::next(): 7690 events have been generated 

 Pythia::next(): 7700 events have been generated 

 Pythia::next(): 7710 events have been generated 

 Pythia::next(): 7720 events have been generated 

 Pythia::next(): 7730 events have been generated 

 Pythia::next(): 7740 events have been generated 

 Pythia::next(): 7750 events have been generated 

 Pythia::next(): 7760 events have been generated 

 Pythia::next(): 7770 events have been generated 

 Pythia::next(): 7780 events have been generated 

 Pythia::next(): 7790 events have been generated 

 Pythia::next(): 7800 events have been generated 

 Pythia::next(): 7810 events have been generated 

 Pythia::next(): 7820 events have been generated 

 Pythia::next(): 7830 events have been generated 

 Pythia::next(): 7840 events have been generated 

 Pythia::next(): 7850 events have been generated 

 Pythia::next(): 7860 events have been generated 

 Pythia::next(): 7870 events have been generated 

 Pythia::next(): 7880 events have been generated 

 Pythia::next(): 7890 events have been generated 

 Pythia::next(): 7900 events have been generated 

 Pythia::next(): 7910 events have been generated 

 Pythia::next(): 7920 events have been generated 

 Pythia::next(): 7930 events have been generated 

 Pythia::next(): 7940 events have been generated 

 Pythia::next(): 7950 events have been generated 

 Pythia::next(): 7960 events have been generated 

 Pythia::next(): 7970 events have been generated 

 Pythia::next(): 7980 events have been generated 

 Pythia::next(): 7990 events have been generated 

 Pythia::next(): 8000 events have been generated 

 Pythia::next(): 8010 events have been generated 

 Pythia::next(): 8020 events have been generated 

 Pythia::next(): 8030 events have been generated 

 Pythia::next(): 8040 events have been generated 

 Pythia::next(): 8050 events have been generated 

 Pythia::next(): 8060 events have been generated 

 Pythia::next(): 8070 events have been generated 

 Pythia::next(): 8080 events have been generated 

 Pythia::next(): 8090 events have been generated 

 Pythia::next(): 8100 events have been generated 

 Pythia::next(): 8110 events have been generated 

 Pythia::next(): 8120 events have been generated 

 Pythia::next(): 8130 events have been generated 

 Pythia::next(): 8140 events have been generated 

 Pythia::next(): 8150 events have been generated 

 Pythia::next(): 8160 events have been generated 

 Pythia::next(): 8170 events have been generated 

 Pythia::next(): 8180 events have been generated 

 Pythia::next(): 8190 events have been generated 

 Pythia::next(): 8200 events have been generated 

 Pythia::next(): 8210 events have been generated 

 Pythia::next(): 8220 events have been generated 

 Pythia::next(): 8230 events have been generated 

 Pythia::next(): 8240 events have been generated 

 Pythia::next(): 8250 events have been generated 

 Pythia::next(): 8260 events have been generated 

 Pythia::next(): 8270 events have been generated 

 Pythia::next(): 8280 events have been generated 

 Pythia::next(): 8290 events have been generated 

 Pythia::next(): 8300 events have been generated 

 Pythia::next(): 8310 events have been generated 

 Pythia::next(): 8320 events have been generated 

 Pythia::next(): 8330 events have been generated 

 Pythia::next(): 8340 events have been generated 

 Pythia::next(): 8350 events have been generated 

 Pythia::next(): 8360 events have been generated 

 Pythia::next(): 8370 events have been generated 

 Pythia::next(): 8380 events have been generated 

 Pythia::next(): 8390 events have been generated 

 Pythia::next(): 8400 events have been generated 

 Pythia::next(): 8410 events have been generated 

 Pythia::next(): 8420 events have been generated 

 Pythia::next(): 8430 events have been generated 

 Pythia::next(): 8440 events have been generated 

 Pythia::next(): 8450 events have been generated 

 Pythia::next(): 8460 events have been generated 

 Pythia::next(): 8470 events have been generated 

 Pythia::next(): 8480 events have been generated 

 Pythia::next(): 8490 events have been generated 

 Pythia::next(): 8500 events have been generated 

 Pythia::next(): 8510 events have been generated 

 Pythia::next(): 8520 events have been generated 

 Pythia::next(): 8530 events have been generated 

 Pythia::next(): 8540 events have been generated 

 Pythia::next(): 8550 events have been generated 

 Pythia::next(): 8560 events have been generated 

 Pythia::next(): 8570 events have been generated 

 Pythia::next(): 8580 events have been generated 

 Pythia::next(): 8590 events have been generated 

 Pythia::next(): 8600 events have been generated 

 Pythia::next(): 8610 events have been generated 

 Pythia::next(): 8620 events have been generated 

 Pythia::next(): 8630 events have been generated 

 Pythia::next(): 8640 events have been generated 

 Pythia::next(): 8650 events have been generated 

 Pythia::next(): 8660 events have been generated 

 Pythia::next(): 8670 events have been generated 

 Pythia::next(): 8680 events have been generated 

 Pythia::next(): 8690 events have been generated 

 Pythia::next(): 8700 events have been generated 

 Pythia::next(): 8710 events have been generated 

 Pythia::next(): 8720 events have been generated 

 Pythia::next(): 8730 events have been generated 

 Pythia::next(): 8740 events have been generated 

 Pythia::next(): 8750 events have been generated 

 Pythia::next(): 8760 events have been generated 

 Pythia::next(): 8770 events have been generated 

 Pythia::next(): 8780 events have been generated 

 Pythia::next(): 8790 events have been generated 

 Pythia::next(): 8800 events have been generated 

 Pythia::next(): 8810 events have been generated 

 Pythia::next(): 8820 events have been generated 

 Pythia::next(): 8830 events have been generated 

 Pythia::next(): 8840 events have been generated 

 Pythia::next(): 8850 events have been generated 

 Pythia::next(): 8860 events have been generated 

 Pythia::next(): 8870 events have been generated 

 Pythia::next(): 8880 events have been generated 

 Pythia::next(): 8890 events have been generated 

 Pythia::next(): 8900 events have been generated 

 Pythia::next(): 8910 events have been generated 

 Pythia::next(): 8920 events have been generated 

 Pythia::next(): 8930 events have been generated 

 Pythia::next(): 8940 events have been generated 

 Pythia::next(): 8950 events have been generated 

 Pythia::next(): 8960 events have been generated 

 Pythia::next(): 8970 events have been generated 

 Pythia::next(): 8980 events have been generated 

 Pythia::next(): 8990 events have been generated 

 Pythia::next(): 9000 events have been generated 

 Pythia::next(): 9010 events have been generated 

 Pythia::next(): 9020 events have been generated 

 Pythia::next(): 9030 events have been generated 

 Pythia::next(): 9040 events have been generated 

 Pythia::next(): 9050 events have been generated 

 Pythia::next(): 9060 events have been generated 

 Pythia::next(): 9070 events have been generated 

 Pythia::next(): 9080 events have been generated 

 Pythia::next(): 9090 events have been generated 

 Pythia::next(): 9100 events have been generated 

 Pythia::next(): 9110 events have been generated 

 Pythia::next(): 9120 events have been generated 

 Pythia::next(): 9130 events have been generated 

 Pythia::next(): 9140 events have been generated 

 Pythia::next(): 9150 events have been generated 

 Pythia::next(): 9160 events have been generated 

 Pythia::next(): 9170 events have been generated 

 Pythia::next(): 9180 events have been generated 

 Pythia::next(): 9190 events have been generated 

 Pythia::next(): 9200 events have been generated 

 Pythia::next(): 9210 events have been generated 

 Pythia::next(): 9220 events have been generated 

 Pythia::next(): 9230 events have been generated 

 Pythia::next(): 9240 events have been generated 

 Pythia::next(): 9250 events have been generated 

 Pythia::next(): 9260 events have been generated 

 Pythia::next(): 9270 events have been generated 

 Pythia::next(): 9280 events have been generated 

 Pythia::next(): 9290 events have been generated 

 Pythia::next(): 9300 events have been generated 

 Pythia::next(): 9310 events have been generated 

 Pythia::next(): 9320 events have been generated 

 Pythia::next(): 9330 events have been generated 

 Pythia::next(): 9340 events have been generated 

 Pythia::next(): 9350 events have been generated 

 Pythia::next(): 9360 events have been generated 

 Pythia::next(): 9370 events have been generated 

 Pythia::next(): 9380 events have been generated 

 Pythia::next(): 9390 events have been generated 

 Pythia::next(): 9400 events have been generated 

 Pythia::next(): 9410 events have been generated 

 Pythia::next(): 9420 events have been generated 

 Pythia::next(): 9430 events have been generated 

 Pythia::next(): 9440 events have been generated 

 Pythia::next(): 9450 events have been generated 

 Pythia::next(): 9460 events have been generated 

 Pythia::next(): 9470 events have been generated 

 Pythia::next(): 9480 events have been generated 

 Pythia::next(): 9490 events have been generated 

 Pythia::next(): 9500 events have been generated 

 Pythia::next(): 9510 events have been generated 

 Pythia::next(): 9520 events have been generated 

 Pythia::next(): 9530 events have been generated 

 Pythia::next(): 9540 events have been generated 

 Pythia::next(): 9550 events have been generated 

 Pythia::next(): 9560 events have been generated 

 Pythia::next(): 9570 events have been generated 

 Pythia::next(): 9580 events have been generated 

 Pythia::next(): 9590 events have been generated 

 Pythia::next(): 9600 events have been generated 

 Pythia::next(): 9610 events have been generated 

 Pythia::next(): 9620 events have been generated 

 Pythia::next(): 9630 events have been generated 

 Pythia::next(): 9640 events have been generated 

 Pythia::next(): 9650 events have been generated 

 Pythia::next(): 9660 events have been generated 

 Pythia::next(): 9670 events have been generated 

 Pythia::next(): 9680 events have been generated 

 Pythia::next(): 9690 events have been generated 

 Pythia::next(): 9700 events have been generated 

 Pythia::next(): 9710 events have been generated 

 Pythia::next(): 9720 events have been generated 

 Pythia::next(): 9730 events have been generated 

 Pythia::next(): 9740 events have been generated 

 Pythia::next(): 9750 events have been generated 

 Pythia::next(): 9760 events have been generated 

 Pythia::next(): 9770 events have been generated 

 Pythia::next(): 9780 events have been generated 

 Pythia::next(): 9790 events have been generated 

 Pythia::next(): 9800 events have been generated 

 Pythia::next(): 9810 events have been generated 

 Pythia::next(): 9820 events have been generated 

 Pythia::next(): 9830 events have been generated 

 Pythia::next(): 9840 events have been generated 

 Pythia::next(): 9850 events have been generated 

 Pythia::next(): 9860 events have been generated 

 Pythia::next(): 9870 events have been generated 

 Pythia::next(): 9880 events have been generated 

 Pythia::next(): 9890 events have been generated 

 Pythia::next(): 9900 events have been generated 

 Pythia::next(): 9910 events have been generated 

 Pythia::next(): 9920 events have been generated 

 Pythia::next(): 9930 events have been generated 

 Pythia::next(): 9940 events have been generated 

 Pythia::next(): 9950 events have been generated 

 Pythia::next(): 9960 events have been generated 

 Pythia::next(): 9970 events have been generated 

 Pythia::next(): 9980 events have been generated 

 Pythia::next(): 9990 events have been generated 

 *-------  PYTHIA Event and Cross Section Statistics  -------------------------------------------------------------*
 |                                                                                                                 |
 | Subprocess                                    Code |            Number of events       |      sigma +- delta    |
 |                                                    |       Tried   Selected   Accepted |     (estimated) (mb)   |
 |                                                    |                                   |                        |
 |-----------------------------------------------------------------------------------------------------------------|
 |                                                    |                                   |                        |
 | Les Houches User Process(es)                  9999 |       10000      10000      10000 |   5.122e-07  0.000e+00 |
 |    ... whereof user classification code          1 |       10000      10000      10000 |                        | 
 |                                                    |                                   |                        |
 | sum                                                |       10000      10000      10000 |   5.122e-07  0.000e+00 |
 |                                                                                                                 |
 *-------  End PYTHIA Event and Cross Section Statistics ----------------------------------------------------------*

 *-------  PYTHIA Error and Warning Messages Statistics  ----------------------------------------------------------* 
 |                                                                                                                 | 
 |  times   message                                                                                                | 
 |                                                                                                                 | 
 |      4   Error in SimpleSpaceShower::pT2nearThreshold: stuck in loop                                            | 
 |      1   Warning in SLHAinterface::initSLHA: ignoring DECAY tables                                              | 
 |      1   Warning in SLHAinterface::initSLHA: ignoring MASS entries                                              | 
 |      1   Warning in SLHAinterface::initSLHA: ignoring empty DECAY tables                                        | 
 |      9   Warning in SimpleTimeShower::pTnext: negative dipole mass                                              | 
 |      1   Warning in TauDecays::decay: maximum decay weight exceeded in tau decay                                | 
 |      1   Info from SLHAinterface::initSLHA: No MODSEL found, keeping internal SUSY switched off                 | 
 |                                                                                                                 | 
 *-------  End PYTHIA Error and Warning Messages Statistics  ------------------------------------------------------* 
Wrote 10000 events to /uscms_data/d3/iturkmen/hh4b_delphes/hepmc/ttbar_100k_shard002_pythia8.hepmc
** INFO: initializing module  Delphes                  
** INFO: initializing module  ParticlePropagator       
** INFO: initializing module  ChargedHadronTrackingEfficiency
** INFO: initializing module  ElectronTrackingEfficiency
** INFO: initializing module  MuonTrackingEfficiency   
** INFO: initializing module  ChargedHadronMomentumSmearing
** INFO: initializing module  ElectronMomentumSmearing 
** INFO: initializing module  MuonMomentumSmearing     
** INFO: initializing module  TrackMerger              
** INFO: initializing module  ECal                     
** INFO: initializing module  HCal                     
** INFO: initializing module  Calorimeter              
** INFO: initializing module  EFlowMerger              
** INFO: initializing module  EFlowFilter              
** INFO: initializing module  PhotonEfficiency         
** INFO: initializing module  PhotonIsolation          
** INFO: initializing module  ElectronFilter           
** INFO: initializing module  ElectronEfficiency       
** INFO: initializing module  ElectronIsolation        
** INFO: initializing module  ChargedHadronFilter      
** INFO: initializing module  MuonEfficiency           
** INFO: initializing module  MuonIsolation            
** INFO: initializing module  MissingET                
** INFO: initializing module  NeutrinoFilter           
** INFO: initializing module  GenJetFinder             
#--------------------------------------------------------------------------
#                         FastJet release 3.5.1
#                 M. Cacciari, G.P. Salam and G. Soyez                  
#     A software package for jet finding and analysis at colliders      
#                           https://fastjet.fr                           
#	                                                                      
# Please cite EPJC72(2012)1896 [arXiv:1111.6097] if you use this package
# for scientific work and optionally PLB641(2006)57 [hep-ph/0512210].   
#                                                                       
# FastJet is provided without warranty under the GNU GPL v2 or higher.  
# It uses T. Chan's closest pair algorithm, S. Fortune's Voronoi code
# and 3rd party plugin jet algorithms. See COPYING file for details.
#--------------------------------------------------------------------------
** INFO: initializing module  GenMissingET             
** INFO: initializing module  FastJetFinder            
** INFO: initializing module  FatJetFinder             
** INFO: initializing module  JetEnergyScale           
** INFO: initializing module  JetFlavorAssociation     
** INFO: initializing module  BTagging                 
** INFO: initializing module  TauTagging               
** INFO: initializing module  UniqueObjectFinder       
** INFO: initializing module  ScalarHT                 
** INFO: initializing module  TreeWriter               
** Reading /uscms_data/d3/iturkmen/hh4b_delphes/hepmc/ttbar_100k_shard002_pythia8.hepmc
** [----------------------------------------------------------------] (0.01%)** [#---------------------------------------------------------------] (1.97%)** [##--------------------------------------------------------------] (3.18%)** [###-------------------------------------------------------------] (4.90%)** [####------------------------------------------------------------] (6.52%)** [#####-----------------------------------------------------------] (8.06%)** [######----------------------------------------------------------] (10.11%)** [#######---------------------------------------------------------] (11.56%)** [########--------------------------------------------------------] (12.75%)** [#########-------------------------------------------------------] (14.22%)** [##########------------------------------------------------------] (16.06%)** [###########-----------------------------------------------------] (17.20%)** [############----------------------------------------------------] (19.44%)** [#############---------------------------------------------------] (21.07%)** [##############--------------------------------------------------] (21.93%)** [###############-------------------------------------------------] (24.06%)** [################------------------------------------------------] (25.43%)** [#################-----------------------------------------------] (26.70%)** [##################----------------------------------------------] (28.13%)** [###################---------------------------------------------] (29.78%)** [####################--------------------------------------------] (31.59%)** [#####################-------------------------------------------] (33.25%)** [######################------------------------------------------] (34.83%)** [#######################-----------------------------------------] (36.19%)** [########################----------------------------------------] (37.96%)** [#########################---------------------------------------] (39.33%)** [##########################--------------------------------------] (41.41%)** [###########################-------------------------------------] (42.77%)** [############################------------------------------------] (44.05%)** [#############################-----------------------------------] (45.40%)** [##############################----------------------------------] (47.13%)** [###############################---------------------------------] (48.96%)** [################################--------------------------------] (50.65%)** [#################################-------------------------------] (51.96%)** [##################################------------------------------] (53.32%)** [###################################-----------------------------] (55.41%)** [####################################----------------------------] (56.86%)** [#####################################---------------------------] (58.10%)** [######################################--------------------------] (60.25%)** [#######################################-------------------------] (61.12%)** [########################################------------------------] (62.81%)** [#########################################-----------------------] (64.53%)** [##########################################----------------------] (65.77%)** [###########################################---------------------] (68.00%)** [############################################--------------------] (69.24%)** [#############################################-------------------] (70.72%)** [##############################################------------------] (71.91%)** [###############################################-----------------] (74.08%)** [################################################----------------] (75.32%)** [#################################################---------------] (76.79%)** [##################################################--------------] (78.52%)** [###################################################-------------] (79.74%)** [####################################################------------] (81.94%)** [#####################################################-----------] (83.11%)** [######################################################----------] (84.50%)** [#######################################################---------] (86.63%)** [########################################################--------] (88.04%)** [#########################################################-------] (89.34%)** [##########################################################------] (90.74%)** [###########################################################-----] (92.34%)** [############################################################----] (94.18%)** [#############################################################---] (95.86%)** [##############################################################--] (97.12%)** [###############################################################-] (98.53%)** [################################################################] (100.00%)
** Exiting...
FILE: /uscms_data/d3/iturkmen/hh4b_delphes/root/ttbar_100k_shard002_pythia8_delphes.root

KEYS:
  ProcessID0;1
  Delphes;1

TREE: Delphes
ENTRIES: 10000

OBJECT CHECK:
  Event: OK
  Particle: OK
  Jet: OK
  GenJet: OK
  MissingET: OK
  GenMissingET: OK
  Electron: OK
  Muon: OK

SIZE BRANCHES:
  Event_size
  Weight_size
  Particle_size
  Track_size
  Tower_size
  EFlowTrack_size
  EFlowPhoton_size
  EFlowNeutralHadron_size
  GenJet_size
  GenMissingET_size
  Jet_size
  Electron_size
  Photon_size
  Muon_size
  FatJet_size
  MissingET_size
  ScalarHT_size
Input: /uscms_data/d3/iturkmen/hh4b_delphes/root/ttbar_100k_shard002_pythia8_delphes.root
Events: 10000

      event  n_higgs_particles  ...  n_genjets_flavor5  n_genjets_btag
0         0                  0  ...                  0               0
1         1                  0  ...                  0               0
2         2                  0  ...                  0               0
3         3                  0  ...                  0               0
4         4                  0  ...                  0               0
...     ...                ...  ...                ...             ...
9995   9995                  0  ...                  0               0
9996   9996                  0  ...                  0               0
9997   9997                  0  ...                  0               0
9998   9998                  0  ...                  0               0
9999   9999                  0  ...                  0               0

[10000 rows x 15 columns]

Column sums:
  n_higgs_particles: 0
  n_b_particles: 100261
  n_status1_b_particles: 0
  n_jets: 54332
  n_jets_pt30_eta25: 41572
  n_jets_flavor5: 17507
  n_jets_flavoralgo5: 0
  n_jets_flavorphys5: 0
  n_btagged_jets: 12946
  n_btagged_jets_pt30_eta25: 12001
  n_genjets: 59700
  n_genjets_pt30_eta25: 43195
  n_genjets_flavor5: 0
  n_genjets_btag: 0

Events with >=4 reconstructed jets: 6572
Events with >=4 reconstructed b-tagged jets: 36
Events with >=4 jet FlavorPhys b jets: 0
Events with >=4 generator-level b particles: 9989

Wrote: /uscms_data/d3/iturkmen/hh4b_delphes/metadata/ttbar_100k_shard002_diagnostic.csv
Wrote: /uscms_data/d3/iturkmen/hh4b_delphes/parquet/ttbar_100k_shard002_event_summary.parquet
                   sample  event  ...  ht_pt30_eta25         met
0     ttbar_100k_shard002      0  ...     247.465179  118.955597
1     ttbar_100k_shard002      1  ...     386.318512  179.010117
2     ttbar_100k_shard002      2  ...     316.180969   35.807163
3     ttbar_100k_shard002      3  ...     459.676453   46.928410
4     ttbar_100k_shard002      4  ...     718.425415   15.937197
...                   ...    ...  ...            ...         ...
9995  ttbar_100k_shard002   9995  ...     570.993347  134.314392
9996  ttbar_100k_shard002   9996  ...     468.825043   77.812996
9997  ttbar_100k_shard002   9997  ...     153.384583   23.973879
9998  ttbar_100k_shard002   9998  ...     179.349167   46.101749
9999  ttbar_100k_shard002   9999  ...     469.610382   28.414383

[10000 rows x 13 columns]

Selection counts:
  events: 10000
  events with >=4 selected jets: 6572
  events with >=4 selected b-tagged jets: 36
DONE: ttbar_100k_shard002
ROOT: /uscms_data/d3/iturkmen/hh4b_delphes/root/ttbar_100k_shard002_pythia8_delphes.root
HEPMC: /uscms_data/d3/iturkmen/hh4b_delphes/hepmc/ttbar_100k_shard002_pythia8.hepmc
PARQUET: /uscms_data/d3/iturkmen/hh4b_delphes/parquet/ttbar_100k_shard002_event_summary.parquet
DIAGNOSTIC: /uscms_data/d3/iturkmen/hh4b_delphes/metadata/ttbar_100k_shard002_diagnostic.csv
Input events: 10000
Events with >=4 selected b-tagged jets: 36
Wrote: /uscms_data/d3/iturkmen/hh4b_delphes/parquet/ttbar_100k_shard002_hh4b_candidates.parquet

             mbb1        mbb2  ...          mhh  n_selected_bjets
count   36.000000   36.000000  ...    36.000000         36.000000
mean   163.172434  116.443024  ...   453.466445          4.083333
std     87.765108   36.636866  ...   216.465508          0.280306
min     42.102115   57.806881  ...   190.997793          4.000000
25%    118.016449   96.069275  ...   301.853360          4.000000
50%    137.435784  105.768095  ...   405.493380          4.000000
75%    186.618983  133.520269  ...   513.579244          4.000000
max    428.168413  207.099000  ...  1268.859004          5.000000

[8 rows x 6 columns]
sample: ttbar_100k_shard002
events: 10000
candidate rows: 36
cross-section median pb: 512.2303466796875
events with >=4 selected jets: 6572
events with >=4 selected b-tagged jets: 36
median mbb1: 137.43578404424204
median mbb2: 105.76809525923696
median avg_mbb: 124.06353728783083
median delta_mbb: 48.25920142427929
median mhh: 405.4933796176108
median n_selected_bjets: 4.0
Wrote: /uscms_data/d3/iturkmen/hh4b_delphes/metadata/ttbar_100k_shard002_summary.txt
DONE ttbar_100k_shard002
Finished shard 002

============================================================
Starting shard 003 / campaign ttbar_100k
TAG=ttbar_100k_shard003
RUN_NAME=run_ttbar_100k_003
SEED=105003
============================================================
PROCESS_DIR=/uscms_data/d3/iturkmen/hh4b_delphes/mg5/TTbar_smoke
RUN_NAME=run_ttbar_100k_003
N_EVENTS=10000
SEED=105003
OUTPUT_TAG=ttbar_100k_shard003
APPLY_B_CUTS=yes
Updated run card:
 10000 = nevents ! Number of unweighted events
 105003 = iseed ! Random seed
 25.0 = ptb ! minimum pt for b quarks
 2.7 = etab ! maximum eta for b quarks
 0.4 = drbb ! minimum deltaR between b quarks
 0.4 = drbj ! minimum deltaR between b and light jets
 20.0 = ptj ! minimum pt for jets
 5.0 = etaj ! maximum eta for jets
************************************************************
*                                                          *
*                      W E L C O M E to                    *
*             M A D G R A P H 5 _ a M C @ N L O            *
*                      M A D E V E N T                     *
*                                                          *
*                 *                       *                *
*                   *        * *        *                  *
*                     * * * * 5 * * * *                    *
*                   *        * *        *                  *
*                 *                       *                *
*                                                          *
*         VERSION 3.5.3                                    *
*                                                          *
*    The MadGraph5_aMC@NLO Development Team - Find us at   *
*    https://server06.fynu.ucl.ac.be/projects/madgraph     *
*                                                          *
*               Type 'help' for in-line help.              *
*                                                          *
************************************************************
INFO: load configuration from /uscms_data/d3/iturkmen/hh4b_delphes/mg5/TTbar_smoke/Cards/me5_configuration.txt  
INFO: load configuration from /cvmfs/sft.cern.ch/lcg/releases/MCGenerators/madgraph5amc/3.5.3.atlas7-2c347/x86_64-el9-gcc13-opt/input/mg5_configuration.txt  
INFO: load configuration from /uscms_data/d3/iturkmen/hh4b_delphes/mg5/TTbar_smoke/Cards/me5_configuration.txt  
Using default text editor "vi". Set another one in ./input/mg5_configuration.txt
Using default eps viewer "evince". Set another one in ./input/mg5_configuration.txt
Using default web browser "firefox". Set another one in ./input/mg5_configuration.txt
generate_events run_ttbar_100k_003 -f
Generating 10000 events with run name run_ttbar_100k_003
survey  run_ttbar_100k_003 
INFO: compile directory 
compile Source Directory
Using random number seed offset = 105003
INFO: Running Survey 
Creating Jobs
Working on SubProcesses
INFO: Compiling for process 1/3. 
INFO:     P1_gg_ttx  
  0%|          | 0/707 [00:00<?, ?it/s]100%|██████████| 707/707 [00:00<00:00, 133089.76it/s]
INFO: Compiling for process 2/3. 
INFO:     P1_qq_ttx  
  0%|          | 0/703 [00:00<?, ?it/s]100%|██████████| 703/703 [00:00<00:00, 243564.82it/s]
INFO: Compiling for process 3/3. 
INFO:     P1_bbx_ttx  
  0%|          | 0/699 [00:00<?, ?it/s]100%|██████████| 699/699 [00:00<00:00, 210800.87it/s]
INFO:     P1_gg_ttx  
INFO:     P1_qq_ttx  
INFO:     P1_bbx_ttx  
INFO:  Idle: 1,  Running: 0,  Completed: 2 [ current time: 12h38 ] 
INFO:  Idle: 0,  Running: 1,  Completed: 2 [ current time: 12h38 ] 
INFO:  Idle: 0,  Running: 0,  Completed: 3 [  0.19s  ] 
INFO: End survey 
refine 10000
Creating Jobs
INFO: Refine results to 10000 
INFO: Generating 10000.0 unweighted events. 
sum of cpu time of last step: 1 seconds
INFO: Effective Luminosity 23.59713275959265 pb^-1 
INFO: need to improve 2 channels 
- Current estimate of cross-section: 508.53635999999995 +- 2.762954282922459
    P1_gg_ttx 
    P1_qq_ttx 
    P1_bbx_ttx 
INFO:  Idle: 0,  Running: 5,  Completed: 8 [ current time: 12h38 ] 
INFO:  Idle: 0,  Running: 0,  Completed: 13 [  0.3s  ] 
INFO: Combining runs 
sum of cpu time of last step: 9 seconds
INFO: finish refine 
refine 10000 --treshold=0.9
No need for second refine due to stability of cross-section
INFO: Combining Events 
combination of events done in 2.13328218460083 s 
  === Results Summary for run: run_ttbar_100k_003 tag: tag_1 ===

     Cross-section :   512.6 +- 0.7254 pb
     Nb of events :  10000
 
INFO: Running Systematics computation 
INFO:  Idle: 1,  Running: 3,  Completed: 0 [ current time: 12h38 ] 
INFO:  Idle: 0,  Running: 3,  Completed: 1 [  8.7s  ] 
INFO: # Events generated with PDF: NNPDF23_lo_as_0130_qed (247000) 
INFO: # Will Compute 145 weights per event. 
INFO: #***************************************************************************
#
# original cross-section: 512.4386437784759
#     scale variation: +30.3% -21.7%
#     central scheme variation: + 0% -26.1%
# PDF variation: +4.25% -4.25%
#
# dynamical scheme # 1 : 488.903 +30.1% -21.7% # \sum ET
# dynamical scheme # 2 : 401.113 +27.8% -20.5% # \sum\sqrt{m^2+pt^2}
# dynamical scheme # 3 : 512.439 +30.3% -21.7% # 0.5 \sum\sqrt{m^2+pt^2}
# dynamical scheme # 4 : 378.815 +27.1% -20.1% # \sqrt{\hat s}
#***************************************************************************
 
INFO: End of systematics computation 
store_events
INFO: Storing parton level results 
INFO: End Parton 
reweight -from_cards
decay_events -from_cards
INFO: storing files of previous run 
INFO: Done 
quit
INFO:  
LHE=/uscms_data/d3/iturkmen/hh4b_delphes/mg5/TTbar_smoke/Events/run_ttbar_100k_003/unweighted_events.lhe.gz
N_FOUND=10000
Sample: ttbar_100k_shard003
Input LHE.GZ: /uscms_data/d3/iturkmen/hh4b_delphes/mg5/TTbar_smoke/Events/run_ttbar_100k_003/unweighted_events.lhe.gz
Events requested: 10000
Output tag: ttbar_100k_shard003
LHE: /uscms_data/d3/iturkmen/hh4b_delphes/mg5/TTbar_smoke/Events/run_ttbar_100k_003/unweighted_events.lhe
HEPMC: /uscms_data/d3/iturkmen/hh4b_delphes/hepmc/ttbar_100k_shard003_pythia8.hepmc
ROOT: /uscms_data/d3/iturkmen/hh4b_delphes/root/ttbar_100k_shard003_pythia8_delphes.root
LHE event count: 10000

 *------------------------------------------------------------------------------------* 
 |                                                                                    | 
 |  *------------------------------------------------------------------------------*  | 
 |  |                                                                              |  | 
 |  |                                                                              |  | 
 |  |   PPP   Y   Y  TTTTT  H   H  III    A      Welcome to the Lund Monte Carlo!  |  | 
 |  |   P  P   Y Y     T    H   H   I    A A     This is PYTHIA version 8.312      |  | 
 |  |   PPP     Y      T    HHHHH   I   AAAAA    Last date of change: 23 May 2024  |  | 
 |  |   P       Y      T    H   H   I   A   A                                      |  | 
 |  |   P       Y      T    H   H  III  A   A    Now is 08 Jul 2026 at 12:39:43    |  | 
 |  |                                                                              |  | 
 |  |   Program documentation and an archive of historic versions is found on:     |  | 
 |  |                                                                              |  | 
 |  |                               https://pythia.org/                            |  | 
 |  |                                                                              |  | 
 |  |   PYTHIA is authored by a collaboration consisting of:                       |  | 
 |  |                                                                              |  | 
 |  |   Javira Altmann, Christian Bierlich, Naomi Cooke, Nishita Desai,            |  | 
 |  |   Leif Gellersen, Ilkka Helenius, Philip Ilten, Leif Lonnblad,               |  | 
 |  |   Stephen Mrenna, Christian Preuss, Torbjorn Sjostrand, Peter Skands,        |  | 
 |  |   Marius Utheim, and Rob Verheyen.                                           |  | 
 |  |                                                                              |  | 
 |  |   The complete list of authors, including contact information and            |  | 
 |  |   affiliations, can be found on https://pythia.org/.                         |  | 
 |  |   Problems or bugs should be reported on email at authors@pythia.org.        |  | 
 |  |                                                                              |  | 
 |  |   The main program reference is C. Bierlich et al,                           |  | 
 |  |   'A comprehensive guide to the physics and usage of Pythia 8.3',            |  | 
 |  |   SciPost Phys. Codebases 8-r8.3 (2022) [arXiv:2203.11601 [hep-ph]]          |  | 
 |  |                                                                              |  | 
 |  |   PYTHIA is released under the GNU General Public Licence version 2 or later.|  | 
 |  |   Please respect the MCnet Guidelines for Event Generator Authors and Users. |  | 
 |  |                                                                              |  | 
 |  |   Disclaimer: this program comes without any guarantees.                     |  | 
 |  |   Beware of errors and use common sense when interpreting results.           |  | 
 |  |                                                                              |  | 
 |  |   Copyright (C) 2024 Torbjorn Sjostrand                                      |  | 
 |  |                                                                              |  | 
 |  |                                                                              |  | 
 |  *------------------------------------------------------------------------------*  | 
 |                                                                                    | 
 *------------------------------------------------------------------------------------* 

 *-----------------------  SusyLesHouches SUSY/BSM Interface  ------------------------*
 | Last Change 12 Apr 2017 - P. Skands
 | Parsing: /uscms_data/d3/iturkmen/hh4b_delphes/mg5/TTbar_smoke/Events/run_ttbar_100k_003/unweighted_events.lhe
 | (SLHA::readFile) line 330 - storing non-SLHA(2) block: yukawa
 *------------------------------------------------------------------------------------*
 PYTHIA Info from SLHAinterface::initSLHA: No MODSEL found, keeping internal SUSY switched off
 PYTHIA Warning in SLHAinterface::initSLHA: ignoring MASS entries for id = {1,2,3,4,5,11,12,13,14,15,16,21,22,23,24} (m0 < SLHA:minMassSM)
 PYTHIA Warning in SLHAinterface::initSLHA: ignoring DECAY tables for id = {23,24,1,2,3,4,5,11,12,13,14,15,16,21,22} (m0 < SLHA:minMassSM)
 PYTHIA Warning in SLHAinterface::initSLHA: ignoring empty DECAY tables for id = {6,25} (total width provided but no Branching Ratios)

 *-------  PYTHIA Process Initialization  --------------------------*
 |                                                                  |
 | We collide p+ with p+ at a CM energy of 1.300e+04 GeV            |
 |                                                                  |
 |------------------------------------------------------------------|
 |                                                    |             |
 | Subprocess                                    Code |   Estimated |
 |                                                    |    max (mb) |
 |                                                    |             |
 |------------------------------------------------------------------|
 |                                                    |             |
 | Les Houches User Process(es)                  9999 |   1.000e-09 |
 |                                                                  |
 *-------  End PYTHIA Process Initialization -----------------------*

 *-------  PYTHIA Multiparton Interactions Initialization  ---------* 
 |                                                                  | 
 |                   sigmaNonDiffractive =    56.42 mb              | 
 |                                                                  | 
 |    pT0 =  2.60 gives sigmaInteraction =   317.96 mb: accepted    | 
 |                                                                  | 
 *-------  End PYTHIA Multiparton Interactions Initialization  -----* 

 *-------  PYTHIA Flag + Mode + Parm + Word + FVec + MVec + PVec + WVec Settings (changes only)  ------------------* 
 |                                                                                                                 | 
 | Name                                          |                      Now |      Default         Min         Max | 
 |                                               |                          |                                      | 
 | Beams:frameType                               |                        4 |            1           1           5 | 
 | Beams:LHEF                                    | /uscms_data/d3/iturkmen/hh4b_delphes/mg5/TTbar_smoke/Events/run_ttbar_100k_003/unweighted_events.lhe |         void | 
 | Check:event                                   |                      off |           on                         | 
 | Next:numberCount                              |                       10 |         1000           0             | 
 | Next:numberShowEvent                          |                        0 |            1           0             | 
 | Next:numberShowInfo                           |                        0 |            1           0             | 
 | Next:numberShowProcess                        |                        0 |            1           0             | 
 |                                                                                                                 | 
 *-------  End PYTHIA Flag + Mode + Parm + Word + FVec + MVec + PVec + WVec Settings  -----------------------------* 

 --------  PYTHIA Particle Data Table (changed only)  ------------------------------------------------------------------------------
 
      id   name            antiName         spn chg col      m0        mWidth      mMin       mMax       tau0    res dec ext vis wid
             no onMode   bRatio   meMode     products 

       6  t                tbar               2   2   1  173.00000    1.35678  166.40000  179.60000  1.45438e-13   1   1   0   1   0
              0     1   0.0000664    0       24        1 
              1     1   0.0017361    0       24        3 
              2     1   0.9981975    0       24        5 
              3     0   0.0000000    0       37        5 

      25  h0                                  1   0   0  125.00000    0.00408  124.96809  125.03191  4.83238e-11   1   1   0   0   0
              0     1   0.0000009    0        1       -1 
              1     1   0.0000002    0        2       -2 
              2     1   0.0002163    0        3       -3 
              3     1   0.0288493    0        4       -4 
              4     1   0.5768873    0        5       -5 
              5     1   0.0000000    0        6       -6 
              6     1   0.0000000    0       11      -11 
              7     1   0.0002185    0       13      -13 
              8     1   0.0628569    0       15      -15 
              9     1   0.0850383    0       21       21 
             10     1   0.0022965    0       22       22 
             11     1   0.0016155    0       22       23 
             12     1   0.0261758    0       23       23 
             13     1   0.2158445    0       24      -24 
             14     1   0.0000000  103  1000022  1000022 
             15     1   0.0000000  103  1000023  1000022 
             16     1   0.0000000  103  1000023  1000023 
             17     1   0.0000000  103  1000025  1000022 
             18     1   0.0000000  103  1000025  1000023 
             19     1   0.0000000  103  1000025  1000025 
             20     1   0.0000000  103  1000035  1000022 
             21     1   0.0000000  103  1000035  1000023 
             22     1   0.0000000  103  1000035  1000025 
             23     1   0.0000000  103  1000035  1000035 
             24     1   0.0000000  103  1000024 -1000024 
             25     1   0.0000000  103  1000024 -1000037 
             26     1   0.0000000  103  1000037 -1000024 
             27     1   0.0000000  103  1000037 -1000037 
             28     1   0.0000000  103  1000001 -1000001 
             29     1   0.0000000  103  2000001 -2000001 
             30     1   0.0000000  103  1000001 -2000001 
             31     1   0.0000000  103 -1000001  2000001 
             32     1   0.0000000  103  1000002 -1000002 
             33     1   0.0000000  103  2000002 -2000002 
             34     1   0.0000000  103  1000002 -2000002 
             35     1   0.0000000  103 -1000002  2000002 
             36     1   0.0000000  103  1000003 -1000003 
             37     1   0.0000000  103  2000003 -2000003 
             38     1   0.0000000  103  1000003 -2000003 
             39     1   0.0000000  103 -1000003  2000003 
             40     1   0.0000000  103  1000004 -1000004 
             41     1   0.0000000  103  2000004 -2000004 
             42     1   0.0000000  103  1000004 -2000004 
             43     1   0.0000000  103 -1000004  2000004 
             44     1   0.0000000  103  1000005 -1000005 
             45     1   0.0000000  103  2000005 -2000005 
             46     1   0.0000000  103  1000005 -2000005 
             47     1   0.0000000  103 -1000005  2000005 
             48     1   0.0000000  103  1000006 -1000006 
             49     1   0.0000000  103  2000006 -2000006 
             50     1   0.0000000  103  1000006 -2000006 
             51     1   0.0000000  103 -1000006  2000006 
             52     1   0.0000000  103  1000011 -1000011 
             53     1   0.0000000  103  2000011 -2000011 
             54     1   0.0000000  103  1000011 -2000011 
             55     1   0.0000000  103 -1000011  2000011 
             56     1   0.0000000  103  1000012 -1000012 
             57     1   0.0000000  103  2000012 -2000012 
             58     1   0.0000000  103  1000012 -2000012 
             59     1   0.0000000  103 -1000012  2000012 
             60     1   0.0000000  103  1000013 -1000013 
             61     1   0.0000000  103  2000013 -2000013 
             62     1   0.0000000  103  1000013 -2000013 
             63     1   0.0000000  103 -1000013  2000013 
             64     1   0.0000000  103  1000014 -1000014 
             65     1   0.0000000  103  2000014 -2000014 
             66     1   0.0000000  103  1000014 -2000014 
             67     1   0.0000000  103 -1000014  2000014 
             68     1   0.0000000  103  1000015 -1000015 
             69     1   0.0000000  103  2000015 -2000015 
             70     1   0.0000000  103  1000015 -2000015 
             71     1   0.0000000  103 -1000015  2000015 
             72     1   0.0000000  103  1000016 -1000016 
             73     1   0.0000000  103  2000016 -2000016 
             74     1   0.0000000  103  1000016 -2000016 
             75     1   0.0000000  103 -1000016  2000016 

 --------  End PYTHIA Particle Data Table  -----------------------------------------------------------------------------------------


 --------  LHA initialization information  ------------ 

  beam    kind      energy  pdfgrp  pdfset 
     A    2212    6500.000       0  247000
     B    2212    6500.000       0  247000

  Event weighting strategy = -4

  Processes, with strategy-dependent cross section info 
  number      xsec (pb)      xerr (pb)      xmax (pb) 
       1     5.1259e+02     7.2541e-01     5.1259e+02

 --------  End LHA initialization information  -------- 

 --------  LHA event information and listing  ---------------------------------------------------------------------- 

    process =        1    weight =   5.1259e+02     scale =   1.9373e+02 (GeV) 
                        alpha_em =   7.5558e-03    alpha_strong =   1.1551e-01

    Participating Particles 
    no        id stat     mothers     colours      p_x        p_y        p_z         e          m        tau    spin 
     1        21   -1     0     0   503   502      0.000      0.000     38.736     38.736      0.000   0.000  -1.000
     2        21   -1     0     0   501   503     -0.000     -0.000  -1409.209   1409.209      0.000   0.000  -1.000
     3         6    1     1     2   501     0    -60.821     63.840  -1089.922   1107.005    172.500   0.000  -1.000
     4        -6    1     1     2     0   502     60.821    -63.840   -280.552    340.940    172.500   0.000  -1.000

 --------  End LHA event information and listing  ------------------------------------------------------------------ 

 Pythia::next(): 10 events have been generated 

 Pythia::next(): 20 events have been generated 

 Pythia::next(): 30 events have been generated 

 Pythia::next(): 40 events have been generated 

 Pythia::next(): 50 events have been generated 

 Pythia::next(): 60 events have been generated 

 Pythia::next(): 70 events have been generated 

 Pythia::next(): 80 events have been generated 

 Pythia::next(): 90 events have been generated 

 Pythia::next(): 100 events have been generated 

 Pythia::next(): 110 events have been generated 

 Pythia::next(): 120 events have been generated 

 Pythia::next(): 130 events have been generated 

 Pythia::next(): 140 events have been generated 

 Pythia::next(): 150 events have been generated 

 Pythia::next(): 160 events have been generated 

 Pythia::next(): 170 events have been generated 

 Pythia::next(): 180 events have been generated 

 Pythia::next(): 190 events have been generated 

 Pythia::next(): 200 events have been generated 

 Pythia::next(): 210 events have been generated 

 Pythia::next(): 220 events have been generated 

 Pythia::next(): 230 events have been generated 

 Pythia::next(): 240 events have been generated 

 Pythia::next(): 250 events have been generated 

 Pythia::next(): 260 events have been generated 

 Pythia::next(): 270 events have been generated 

 Pythia::next(): 280 events have been generated 

 Pythia::next(): 290 events have been generated 

 Pythia::next(): 300 events have been generated 

 Pythia::next(): 310 events have been generated 

 Pythia::next(): 320 events have been generated 

 Pythia::next(): 330 events have been generated 

 Pythia::next(): 340 events have been generated 

 Pythia::next(): 350 events have been generated 

 Pythia::next(): 360 events have been generated 

 Pythia::next(): 370 events have been generated 

 Pythia::next(): 380 events have been generated 

 Pythia::next(): 390 events have been generated 

 Pythia::next(): 400 events have been generated 

 Pythia::next(): 410 events have been generated 

 Pythia::next(): 420 events have been generated 

 Pythia::next(): 430 events have been generated 

 Pythia::next(): 440 events have been generated 

 Pythia::next(): 450 events have been generated 

 Pythia::next(): 460 events have been generated 

 Pythia::next(): 470 events have been generated 

 Pythia::next(): 480 events have been generated 

 Pythia::next(): 490 events have been generated 

 Pythia::next(): 500 events have been generated 

 Pythia::next(): 510 events have been generated 

 Pythia::next(): 520 events have been generated 

 Pythia::next(): 530 events have been generated 

 Pythia::next(): 540 events have been generated 

 Pythia::next(): 550 events have been generated 

 Pythia::next(): 560 events have been generated 

 Pythia::next(): 570 events have been generated 

 Pythia::next(): 580 events have been generated 

 Pythia::next(): 590 events have been generated 

 Pythia::next(): 600 events have been generated 

 Pythia::next(): 610 events have been generated 

 Pythia::next(): 620 events have been generated 

 Pythia::next(): 630 events have been generated 

 Pythia::next(): 640 events have been generated 

 Pythia::next(): 650 events have been generated 

 Pythia::next(): 660 events have been generated 

 Pythia::next(): 670 events have been generated 

 Pythia::next(): 680 events have been generated 

 Pythia::next(): 690 events have been generated 

 Pythia::next(): 700 events have been generated 

 Pythia::next(): 710 events have been generated 

 Pythia::next(): 720 events have been generated 

 Pythia::next(): 730 events have been generated 

 Pythia::next(): 740 events have been generated 

 Pythia::next(): 750 events have been generated 

 Pythia::next(): 760 events have been generated 

 Pythia::next(): 770 events have been generated 

 Pythia::next(): 780 events have been generated 

 Pythia::next(): 790 events have been generated 

 Pythia::next(): 800 events have been generated 

 Pythia::next(): 810 events have been generated 

 Pythia::next(): 820 events have been generated 

 Pythia::next(): 830 events have been generated 

 Pythia::next(): 840 events have been generated 

 Pythia::next(): 850 events have been generated 

 Pythia::next(): 860 events have been generated 

 Pythia::next(): 870 events have been generated 

 Pythia::next(): 880 events have been generated 

 Pythia::next(): 890 events have been generated 

 Pythia::next(): 900 events have been generated 

 Pythia::next(): 910 events have been generated 

 Pythia::next(): 920 events have been generated 

 Pythia::next(): 930 events have been generated 

 Pythia::next(): 940 events have been generated 

 Pythia::next(): 950 events have been generated 

 Pythia::next(): 960 events have been generated 

 Pythia::next(): 970 events have been generated 

 Pythia::next(): 980 events have been generated 

 Pythia::next(): 990 events have been generated 

 Pythia::next(): 1000 events have been generated 

 Pythia::next(): 1010 events have been generated 

 Pythia::next(): 1020 events have been generated 

 Pythia::next(): 1030 events have been generated 

 Pythia::next(): 1040 events have been generated 

 Pythia::next(): 1050 events have been generated 

 Pythia::next(): 1060 events have been generated 

 Pythia::next(): 1070 events have been generated 

 Pythia::next(): 1080 events have been generated 

 Pythia::next(): 1090 events have been generated 

 Pythia::next(): 1100 events have been generated 

 Pythia::next(): 1110 events have been generated 

 Pythia::next(): 1120 events have been generated 

 Pythia::next(): 1130 events have been generated 

 Pythia::next(): 1140 events have been generated 

 Pythia::next(): 1150 events have been generated 

 Pythia::next(): 1160 events have been generated 

 Pythia::next(): 1170 events have been generated 

 Pythia::next(): 1180 events have been generated 

 Pythia::next(): 1190 events have been generated 

 Pythia::next(): 1200 events have been generated 

 Pythia::next(): 1210 events have been generated 
 PYTHIA Error in SimpleSpaceShower::pT2nearThreshold: stuck in loop

 Pythia::next(): 1220 events have been generated 

 Pythia::next(): 1230 events have been generated 

 Pythia::next(): 1240 events have been generated 

 Pythia::next(): 1250 events have been generated 

 Pythia::next(): 1260 events have been generated 

 Pythia::next(): 1270 events have been generated 

 Pythia::next(): 1280 events have been generated 

 Pythia::next(): 1290 events have been generated 

 Pythia::next(): 1300 events have been generated 

 Pythia::next(): 1310 events have been generated 

 Pythia::next(): 1320 events have been generated 

 Pythia::next(): 1330 events have been generated 

 Pythia::next(): 1340 events have been generated 

 Pythia::next(): 1350 events have been generated 

 Pythia::next(): 1360 events have been generated 

 Pythia::next(): 1370 events have been generated 

 Pythia::next(): 1380 events have been generated 

 Pythia::next(): 1390 events have been generated 

 Pythia::next(): 1400 events have been generated 

 Pythia::next(): 1410 events have been generated 

 Pythia::next(): 1420 events have been generated 

 Pythia::next(): 1430 events have been generated 

 Pythia::next(): 1440 events have been generated 

 Pythia::next(): 1450 events have been generated 

 Pythia::next(): 1460 events have been generated 

 Pythia::next(): 1470 events have been generated 

 Pythia::next(): 1480 events have been generated 

 Pythia::next(): 1490 events have been generated 

 Pythia::next(): 1500 events have been generated 

 Pythia::next(): 1510 events have been generated 

 Pythia::next(): 1520 events have been generated 

 Pythia::next(): 1530 events have been generated 

 Pythia::next(): 1540 events have been generated 

 Pythia::next(): 1550 events have been generated 

 Pythia::next(): 1560 events have been generated 

 Pythia::next(): 1570 events have been generated 

 Pythia::next(): 1580 events have been generated 

 Pythia::next(): 1590 events have been generated 

 Pythia::next(): 1600 events have been generated 

 Pythia::next(): 1610 events have been generated 

 Pythia::next(): 1620 events have been generated 

 Pythia::next(): 1630 events have been generated 

 Pythia::next(): 1640 events have been generated 

 Pythia::next(): 1650 events have been generated 

 Pythia::next(): 1660 events have been generated 

 Pythia::next(): 1670 events have been generated 

 Pythia::next(): 1680 events have been generated 

 Pythia::next(): 1690 events have been generated 

 Pythia::next(): 1700 events have been generated 

 Pythia::next(): 1710 events have been generated 

 Pythia::next(): 1720 events have been generated 

 Pythia::next(): 1730 events have been generated 

 Pythia::next(): 1740 events have been generated 
 PYTHIA Warning in SimpleTimeShower::pTnext: negative dipole mass

 Pythia::next(): 1750 events have been generated 

 Pythia::next(): 1760 events have been generated 

 Pythia::next(): 1770 events have been generated 

 Pythia::next(): 1780 events have been generated 

 Pythia::next(): 1790 events have been generated 

 Pythia::next(): 1800 events have been generated 

 Pythia::next(): 1810 events have been generated 

 Pythia::next(): 1820 events have been generated 

 Pythia::next(): 1830 events have been generated 

 Pythia::next(): 1840 events have been generated 

 Pythia::next(): 1850 events have been generated 

 Pythia::next(): 1860 events have been generated 

 Pythia::next(): 1870 events have been generated 

 Pythia::next(): 1880 events have been generated 

 Pythia::next(): 1890 events have been generated 

 Pythia::next(): 1900 events have been generated 

 Pythia::next(): 1910 events have been generated 

 Pythia::next(): 1920 events have been generated 

 Pythia::next(): 1930 events have been generated 

 Pythia::next(): 1940 events have been generated 

 Pythia::next(): 1950 events have been generated 

 Pythia::next(): 1960 events have been generated 

 Pythia::next(): 1970 events have been generated 

 Pythia::next(): 1980 events have been generated 

 Pythia::next(): 1990 events have been generated 

 Pythia::next(): 2000 events have been generated 

 Pythia::next(): 2010 events have been generated 

 Pythia::next(): 2020 events have been generated 

 Pythia::next(): 2030 events have been generated 

 Pythia::next(): 2040 events have been generated 

 Pythia::next(): 2050 events have been generated 

 Pythia::next(): 2060 events have been generated 

 Pythia::next(): 2070 events have been generated 

 Pythia::next(): 2080 events have been generated 

 Pythia::next(): 2090 events have been generated 

 Pythia::next(): 2100 events have been generated 

 Pythia::next(): 2110 events have been generated 

 Pythia::next(): 2120 events have been generated 

 Pythia::next(): 2130 events have been generated 

 Pythia::next(): 2140 events have been generated 

 Pythia::next(): 2150 events have been generated 

 Pythia::next(): 2160 events have been generated 

 Pythia::next(): 2170 events have been generated 

 Pythia::next(): 2180 events have been generated 

 Pythia::next(): 2190 events have been generated 

 Pythia::next(): 2200 events have been generated 

 Pythia::next(): 2210 events have been generated 

 Pythia::next(): 2220 events have been generated 

 Pythia::next(): 2230 events have been generated 

 Pythia::next(): 2240 events have been generated 

 Pythia::next(): 2250 events have been generated 

 Pythia::next(): 2260 events have been generated 

 Pythia::next(): 2270 events have been generated 

 Pythia::next(): 2280 events have been generated 

 Pythia::next(): 2290 events have been generated 

 Pythia::next(): 2300 events have been generated 

 Pythia::next(): 2310 events have been generated 

 Pythia::next(): 2320 events have been generated 

 Pythia::next(): 2330 events have been generated 

 Pythia::next(): 2340 events have been generated 

 Pythia::next(): 2350 events have been generated 

 Pythia::next(): 2360 events have been generated 

 Pythia::next(): 2370 events have been generated 

 Pythia::next(): 2380 events have been generated 

 Pythia::next(): 2390 events have been generated 

 Pythia::next(): 2400 events have been generated 

 Pythia::next(): 2410 events have been generated 

 Pythia::next(): 2420 events have been generated 

 Pythia::next(): 2430 events have been generated 

 Pythia::next(): 2440 events have been generated 

 Pythia::next(): 2450 events have been generated 

 Pythia::next(): 2460 events have been generated 

 Pythia::next(): 2470 events have been generated 

 Pythia::next(): 2480 events have been generated 

 Pythia::next(): 2490 events have been generated 

 Pythia::next(): 2500 events have been generated 

 Pythia::next(): 2510 events have been generated 

 Pythia::next(): 2520 events have been generated 

 Pythia::next(): 2530 events have been generated 

 Pythia::next(): 2540 events have been generated 

 Pythia::next(): 2550 events have been generated 

 Pythia::next(): 2560 events have been generated 

 Pythia::next(): 2570 events have been generated 

 Pythia::next(): 2580 events have been generated 

 Pythia::next(): 2590 events have been generated 

 Pythia::next(): 2600 events have been generated 

 Pythia::next(): 2610 events have been generated 

 Pythia::next(): 2620 events have been generated 

 Pythia::next(): 2630 events have been generated 

 Pythia::next(): 2640 events have been generated 

 Pythia::next(): 2650 events have been generated 

 Pythia::next(): 2660 events have been generated 

 Pythia::next(): 2670 events have been generated 

 Pythia::next(): 2680 events have been generated 

 Pythia::next(): 2690 events have been generated 

 Pythia::next(): 2700 events have been generated 

 Pythia::next(): 2710 events have been generated 

 Pythia::next(): 2720 events have been generated 

 Pythia::next(): 2730 events have been generated 

 Pythia::next(): 2740 events have been generated 

 Pythia::next(): 2750 events have been generated 

 Pythia::next(): 2760 events have been generated 

 Pythia::next(): 2770 events have been generated 

 Pythia::next(): 2780 events have been generated 

 Pythia::next(): 2790 events have been generated 

 Pythia::next(): 2800 events have been generated 

 Pythia::next(): 2810 events have been generated 

 Pythia::next(): 2820 events have been generated 

 Pythia::next(): 2830 events have been generated 

 Pythia::next(): 2840 events have been generated 

 Pythia::next(): 2850 events have been generated 

 Pythia::next(): 2860 events have been generated 

 Pythia::next(): 2870 events have been generated 

 Pythia::next(): 2880 events have been generated 

 Pythia::next(): 2890 events have been generated 

 Pythia::next(): 2900 events have been generated 

 Pythia::next(): 2910 events have been generated 

 Pythia::next(): 2920 events have been generated 

 Pythia::next(): 2930 events have been generated 

 Pythia::next(): 2940 events have been generated 

 Pythia::next(): 2950 events have been generated 

 Pythia::next(): 2960 events have been generated 

 Pythia::next(): 2970 events have been generated 

 Pythia::next(): 2980 events have been generated 

 Pythia::next(): 2990 events have been generated 

 Pythia::next(): 3000 events have been generated 

 Pythia::next(): 3010 events have been generated 

 Pythia::next(): 3020 events have been generated 

 Pythia::next(): 3030 events have been generated 

 Pythia::next(): 3040 events have been generated 

 Pythia::next(): 3050 events have been generated 

 Pythia::next(): 3060 events have been generated 

 Pythia::next(): 3070 events have been generated 

 Pythia::next(): 3080 events have been generated 

 Pythia::next(): 3090 events have been generated 

 Pythia::next(): 3100 events have been generated 

 Pythia::next(): 3110 events have been generated 

 Pythia::next(): 3120 events have been generated 

 Pythia::next(): 3130 events have been generated 

 Pythia::next(): 3140 events have been generated 

 Pythia::next(): 3150 events have been generated 

 Pythia::next(): 3160 events have been generated 

 Pythia::next(): 3170 events have been generated 

 Pythia::next(): 3180 events have been generated 

 Pythia::next(): 3190 events have been generated 

 Pythia::next(): 3200 events have been generated 

 Pythia::next(): 3210 events have been generated 

 Pythia::next(): 3220 events have been generated 

 Pythia::next(): 3230 events have been generated 

 Pythia::next(): 3240 events have been generated 

 Pythia::next(): 3250 events have been generated 

 Pythia::next(): 3260 events have been generated 

 Pythia::next(): 3270 events have been generated 

 Pythia::next(): 3280 events have been generated 

 Pythia::next(): 3290 events have been generated 

 Pythia::next(): 3300 events have been generated 

 Pythia::next(): 3310 events have been generated 

 Pythia::next(): 3320 events have been generated 

 Pythia::next(): 3330 events have been generated 

 Pythia::next(): 3340 events have been generated 

 Pythia::next(): 3350 events have been generated 

 Pythia::next(): 3360 events have been generated 

 Pythia::next(): 3370 events have been generated 

 Pythia::next(): 3380 events have been generated 

 Pythia::next(): 3390 events have been generated 

 Pythia::next(): 3400 events have been generated 

 Pythia::next(): 3410 events have been generated 

 Pythia::next(): 3420 events have been generated 

 Pythia::next(): 3430 events have been generated 

 Pythia::next(): 3440 events have been generated 

 Pythia::next(): 3450 events have been generated 

 Pythia::next(): 3460 events have been generated 

 Pythia::next(): 3470 events have been generated 

 Pythia::next(): 3480 events have been generated 

 Pythia::next(): 3490 events have been generated 

 Pythia::next(): 3500 events have been generated 

 Pythia::next(): 3510 events have been generated 

 Pythia::next(): 3520 events have been generated 

 Pythia::next(): 3530 events have been generated 

 Pythia::next(): 3540 events have been generated 

 Pythia::next(): 3550 events have been generated 

 Pythia::next(): 3560 events have been generated 

 Pythia::next(): 3570 events have been generated 

 Pythia::next(): 3580 events have been generated 

 Pythia::next(): 3590 events have been generated 

 Pythia::next(): 3600 events have been generated 

 Pythia::next(): 3610 events have been generated 

 Pythia::next(): 3620 events have been generated 

 Pythia::next(): 3630 events have been generated 

 Pythia::next(): 3640 events have been generated 

 Pythia::next(): 3650 events have been generated 

 Pythia::next(): 3660 events have been generated 

 Pythia::next(): 3670 events have been generated 

 Pythia::next(): 3680 events have been generated 

 Pythia::next(): 3690 events have been generated 

 Pythia::next(): 3700 events have been generated 

 Pythia::next(): 3710 events have been generated 

 Pythia::next(): 3720 events have been generated 

 Pythia::next(): 3730 events have been generated 

 Pythia::next(): 3740 events have been generated 

 Pythia::next(): 3750 events have been generated 

 Pythia::next(): 3760 events have been generated 

 Pythia::next(): 3770 events have been generated 

 Pythia::next(): 3780 events have been generated 

 Pythia::next(): 3790 events have been generated 

 Pythia::next(): 3800 events have been generated 

 Pythia::next(): 3810 events have been generated 

 Pythia::next(): 3820 events have been generated 

 Pythia::next(): 3830 events have been generated 

 Pythia::next(): 3840 events have been generated 

 Pythia::next(): 3850 events have been generated 

 Pythia::next(): 3860 events have been generated 

 Pythia::next(): 3870 events have been generated 

 Pythia::next(): 3880 events have been generated 

 Pythia::next(): 3890 events have been generated 

 Pythia::next(): 3900 events have been generated 

 Pythia::next(): 3910 events have been generated 

 Pythia::next(): 3920 events have been generated 

 Pythia::next(): 3930 events have been generated 

 Pythia::next(): 3940 events have been generated 

 Pythia::next(): 3950 events have been generated 

 Pythia::next(): 3960 events have been generated 
 PYTHIA Warning in HadronWidths::pickMasses: angular momentum and running widths not used

 Pythia::next(): 3970 events have been generated 

 Pythia::next(): 3980 events have been generated 

 Pythia::next(): 3990 events have been generated 

 Pythia::next(): 4000 events have been generated 

 Pythia::next(): 4010 events have been generated 

 Pythia::next(): 4020 events have been generated 

 Pythia::next(): 4030 events have been generated 

 Pythia::next(): 4040 events have been generated 

 Pythia::next(): 4050 events have been generated 

 Pythia::next(): 4060 events have been generated 

 Pythia::next(): 4070 events have been generated 

 Pythia::next(): 4080 events have been generated 

 Pythia::next(): 4090 events have been generated 

 Pythia::next(): 4100 events have been generated 

 Pythia::next(): 4110 events have been generated 

 Pythia::next(): 4120 events have been generated 

 Pythia::next(): 4130 events have been generated 

 Pythia::next(): 4140 events have been generated 

 Pythia::next(): 4150 events have been generated 

 Pythia::next(): 4160 events have been generated 

 Pythia::next(): 4170 events have been generated 

 Pythia::next(): 4180 events have been generated 

 Pythia::next(): 4190 events have been generated 

 Pythia::next(): 4200 events have been generated 

 Pythia::next(): 4210 events have been generated 

 Pythia::next(): 4220 events have been generated 

 Pythia::next(): 4230 events have been generated 

 Pythia::next(): 4240 events have been generated 

 Pythia::next(): 4250 events have been generated 

 Pythia::next(): 4260 events have been generated 

 Pythia::next(): 4270 events have been generated 

 Pythia::next(): 4280 events have been generated 

 Pythia::next(): 4290 events have been generated 

 Pythia::next(): 4300 events have been generated 

 Pythia::next(): 4310 events have been generated 

 Pythia::next(): 4320 events have been generated 

 Pythia::next(): 4330 events have been generated 

 Pythia::next(): 4340 events have been generated 

 Pythia::next(): 4350 events have been generated 

 Pythia::next(): 4360 events have been generated 

 Pythia::next(): 4370 events have been generated 

 Pythia::next(): 4380 events have been generated 

 Pythia::next(): 4390 events have been generated 

 Pythia::next(): 4400 events have been generated 

 Pythia::next(): 4410 events have been generated 

 Pythia::next(): 4420 events have been generated 

 Pythia::next(): 4430 events have been generated 

 Pythia::next(): 4440 events have been generated 

 Pythia::next(): 4450 events have been generated 

 Pythia::next(): 4460 events have been generated 

 Pythia::next(): 4470 events have been generated 

 Pythia::next(): 4480 events have been generated 

 Pythia::next(): 4490 events have been generated 

 Pythia::next(): 4500 events have been generated 

 Pythia::next(): 4510 events have been generated 

 Pythia::next(): 4520 events have been generated 

 Pythia::next(): 4530 events have been generated 

 Pythia::next(): 4540 events have been generated 

 Pythia::next(): 4550 events have been generated 

 Pythia::next(): 4560 events have been generated 

 Pythia::next(): 4570 events have been generated 

 Pythia::next(): 4580 events have been generated 

 Pythia::next(): 4590 events have been generated 

 Pythia::next(): 4600 events have been generated 

 Pythia::next(): 4610 events have been generated 

 Pythia::next(): 4620 events have been generated 

 Pythia::next(): 4630 events have been generated 

 Pythia::next(): 4640 events have been generated 

 Pythia::next(): 4650 events have been generated 

 Pythia::next(): 4660 events have been generated 

 Pythia::next(): 4670 events have been generated 

 Pythia::next(): 4680 events have been generated 

 Pythia::next(): 4690 events have been generated 

 Pythia::next(): 4700 events have been generated 

 Pythia::next(): 4710 events have been generated 

 Pythia::next(): 4720 events have been generated 

 Pythia::next(): 4730 events have been generated 

 Pythia::next(): 4740 events have been generated 

 Pythia::next(): 4750 events have been generated 

 Pythia::next(): 4760 events have been generated 

 Pythia::next(): 4770 events have been generated 

 Pythia::next(): 4780 events have been generated 

 Pythia::next(): 4790 events have been generated 

 Pythia::next(): 4800 events have been generated 

 Pythia::next(): 4810 events have been generated 

 Pythia::next(): 4820 events have been generated 

 Pythia::next(): 4830 events have been generated 

 Pythia::next(): 4840 events have been generated 

 Pythia::next(): 4850 events have been generated 

 Pythia::next(): 4860 events have been generated 

 Pythia::next(): 4870 events have been generated 

 Pythia::next(): 4880 events have been generated 

 Pythia::next(): 4890 events have been generated 

 Pythia::next(): 4900 events have been generated 

 Pythia::next(): 4910 events have been generated 

 Pythia::next(): 4920 events have been generated 

 Pythia::next(): 4930 events have been generated 

 Pythia::next(): 4940 events have been generated 

 Pythia::next(): 4950 events have been generated 

 Pythia::next(): 4960 events have been generated 

 Pythia::next(): 4970 events have been generated 

 Pythia::next(): 4980 events have been generated 

 Pythia::next(): 4990 events have been generated 

 Pythia::next(): 5000 events have been generated 

 Pythia::next(): 5010 events have been generated 

 Pythia::next(): 5020 events have been generated 

 Pythia::next(): 5030 events have been generated 

 Pythia::next(): 5040 events have been generated 

 Pythia::next(): 5050 events have been generated 

 Pythia::next(): 5060 events have been generated 

 Pythia::next(): 5070 events have been generated 

 Pythia::next(): 5080 events have been generated 

 Pythia::next(): 5090 events have been generated 

 Pythia::next(): 5100 events have been generated 

 Pythia::next(): 5110 events have been generated 

 Pythia::next(): 5120 events have been generated 

 Pythia::next(): 5130 events have been generated 

 Pythia::next(): 5140 events have been generated 

 Pythia::next(): 5150 events have been generated 

 Pythia::next(): 5160 events have been generated 

 Pythia::next(): 5170 events have been generated 

 Pythia::next(): 5180 events have been generated 

 Pythia::next(): 5190 events have been generated 

 Pythia::next(): 5200 events have been generated 

 Pythia::next(): 5210 events have been generated 

 Pythia::next(): 5220 events have been generated 

 Pythia::next(): 5230 events have been generated 

 Pythia::next(): 5240 events have been generated 

 Pythia::next(): 5250 events have been generated 

 Pythia::next(): 5260 events have been generated 

 Pythia::next(): 5270 events have been generated 

 Pythia::next(): 5280 events have been generated 

 Pythia::next(): 5290 events have been generated 

 Pythia::next(): 5300 events have been generated 

 Pythia::next(): 5310 events have been generated 

 Pythia::next(): 5320 events have been generated 

 Pythia::next(): 5330 events have been generated 

 Pythia::next(): 5340 events have been generated 

 Pythia::next(): 5350 events have been generated 

 Pythia::next(): 5360 events have been generated 

 Pythia::next(): 5370 events have been generated 

 Pythia::next(): 5380 events have been generated 

 Pythia::next(): 5390 events have been generated 

 Pythia::next(): 5400 events have been generated 

 Pythia::next(): 5410 events have been generated 

 Pythia::next(): 5420 events have been generated 

 Pythia::next(): 5430 events have been generated 

 Pythia::next(): 5440 events have been generated 

 Pythia::next(): 5450 events have been generated 

 Pythia::next(): 5460 events have been generated 

 Pythia::next(): 5470 events have been generated 

 Pythia::next(): 5480 events have been generated 

 Pythia::next(): 5490 events have been generated 

 Pythia::next(): 5500 events have been generated 

 Pythia::next(): 5510 events have been generated 

 Pythia::next(): 5520 events have been generated 

 Pythia::next(): 5530 events have been generated 

 Pythia::next(): 5540 events have been generated 

 Pythia::next(): 5550 events have been generated 

 Pythia::next(): 5560 events have been generated 

 Pythia::next(): 5570 events have been generated 

 Pythia::next(): 5580 events have been generated 

 Pythia::next(): 5590 events have been generated 

 Pythia::next(): 5600 events have been generated 

 Pythia::next(): 5610 events have been generated 

 Pythia::next(): 5620 events have been generated 

 Pythia::next(): 5630 events have been generated 

 Pythia::next(): 5640 events have been generated 

 Pythia::next(): 5650 events have been generated 

 Pythia::next(): 5660 events have been generated 

 Pythia::next(): 5670 events have been generated 

 Pythia::next(): 5680 events have been generated 

 Pythia::next(): 5690 events have been generated 

 Pythia::next(): 5700 events have been generated 

 Pythia::next(): 5710 events have been generated 

 Pythia::next(): 5720 events have been generated 

 Pythia::next(): 5730 events have been generated 

 Pythia::next(): 5740 events have been generated 

 Pythia::next(): 5750 events have been generated 

 Pythia::next(): 5760 events have been generated 

 Pythia::next(): 5770 events have been generated 

 Pythia::next(): 5780 events have been generated 

 Pythia::next(): 5790 events have been generated 

 Pythia::next(): 5800 events have been generated 

 Pythia::next(): 5810 events have been generated 

 Pythia::next(): 5820 events have been generated 

 Pythia::next(): 5830 events have been generated 

 Pythia::next(): 5840 events have been generated 

 Pythia::next(): 5850 events have been generated 

 Pythia::next(): 5860 events have been generated 

 Pythia::next(): 5870 events have been generated 

 Pythia::next(): 5880 events have been generated 

 Pythia::next(): 5890 events have been generated 

 Pythia::next(): 5900 events have been generated 

 Pythia::next(): 5910 events have been generated 

 Pythia::next(): 5920 events have been generated 

 Pythia::next(): 5930 events have been generated 

 Pythia::next(): 5940 events have been generated 

 Pythia::next(): 5950 events have been generated 

 Pythia::next(): 5960 events have been generated 

 Pythia::next(): 5970 events have been generated 

 Pythia::next(): 5980 events have been generated 

 Pythia::next(): 5990 events have been generated 

 Pythia::next(): 6000 events have been generated 

 Pythia::next(): 6010 events have been generated 

 Pythia::next(): 6020 events have been generated 

 Pythia::next(): 6030 events have been generated 

 Pythia::next(): 6040 events have been generated 

 Pythia::next(): 6050 events have been generated 

 Pythia::next(): 6060 events have been generated 

 Pythia::next(): 6070 events have been generated 

 Pythia::next(): 6080 events have been generated 

 Pythia::next(): 6090 events have been generated 

 Pythia::next(): 6100 events have been generated 

 Pythia::next(): 6110 events have been generated 

 Pythia::next(): 6120 events have been generated 

 Pythia::next(): 6130 events have been generated 

 Pythia::next(): 6140 events have been generated 

 Pythia::next(): 6150 events have been generated 

 Pythia::next(): 6160 events have been generated 

 Pythia::next(): 6170 events have been generated 

 Pythia::next(): 6180 events have been generated 

 Pythia::next(): 6190 events have been generated 

 Pythia::next(): 6200 events have been generated 

 Pythia::next(): 6210 events have been generated 

 Pythia::next(): 6220 events have been generated 

 Pythia::next(): 6230 events have been generated 

 Pythia::next(): 6240 events have been generated 

 Pythia::next(): 6250 events have been generated 

 Pythia::next(): 6260 events have been generated 

 Pythia::next(): 6270 events have been generated 

 Pythia::next(): 6280 events have been generated 

 Pythia::next(): 6290 events have been generated 

 Pythia::next(): 6300 events have been generated 

 Pythia::next(): 6310 events have been generated 

 Pythia::next(): 6320 events have been generated 

 Pythia::next(): 6330 events have been generated 

 Pythia::next(): 6340 events have been generated 

 Pythia::next(): 6350 events have been generated 

 Pythia::next(): 6360 events have been generated 

 Pythia::next(): 6370 events have been generated 

 Pythia::next(): 6380 events have been generated 

 Pythia::next(): 6390 events have been generated 

 Pythia::next(): 6400 events have been generated 

 Pythia::next(): 6410 events have been generated 

 Pythia::next(): 6420 events have been generated 

 Pythia::next(): 6430 events have been generated 

 Pythia::next(): 6440 events have been generated 

 Pythia::next(): 6450 events have been generated 

 Pythia::next(): 6460 events have been generated 

 Pythia::next(): 6470 events have been generated 

 Pythia::next(): 6480 events have been generated 

 Pythia::next(): 6490 events have been generated 

 Pythia::next(): 6500 events have been generated 

 Pythia::next(): 6510 events have been generated 

 Pythia::next(): 6520 events have been generated 

 Pythia::next(): 6530 events have been generated 

 Pythia::next(): 6540 events have been generated 

 Pythia::next(): 6550 events have been generated 

 Pythia::next(): 6560 events have been generated 

 Pythia::next(): 6570 events have been generated 

 Pythia::next(): 6580 events have been generated 

 Pythia::next(): 6590 events have been generated 

 Pythia::next(): 6600 events have been generated 

 Pythia::next(): 6610 events have been generated 

 Pythia::next(): 6620 events have been generated 

 Pythia::next(): 6630 events have been generated 

 Pythia::next(): 6640 events have been generated 

 Pythia::next(): 6650 events have been generated 

 Pythia::next(): 6660 events have been generated 

 Pythia::next(): 6670 events have been generated 

 Pythia::next(): 6680 events have been generated 

 Pythia::next(): 6690 events have been generated 

 Pythia::next(): 6700 events have been generated 

 Pythia::next(): 6710 events have been generated 

 Pythia::next(): 6720 events have been generated 

 Pythia::next(): 6730 events have been generated 

 Pythia::next(): 6740 events have been generated 

 Pythia::next(): 6750 events have been generated 

 Pythia::next(): 6760 events have been generated 

 Pythia::next(): 6770 events have been generated 
 PYTHIA Warning in MultipartonInteractions::pTnext: weight above unity

 Pythia::next(): 6780 events have been generated 

 Pythia::next(): 6790 events have been generated 

 Pythia::next(): 6800 events have been generated 

 Pythia::next(): 6810 events have been generated 

 Pythia::next(): 6820 events have been generated 

 Pythia::next(): 6830 events have been generated 

 Pythia::next(): 6840 events have been generated 

 Pythia::next(): 6850 events have been generated 

 Pythia::next(): 6860 events have been generated 

 Pythia::next(): 6870 events have been generated 

 Pythia::next(): 6880 events have been generated 

 Pythia::next(): 6890 events have been generated 

 Pythia::next(): 6900 events have been generated 

 Pythia::next(): 6910 events have been generated 

 Pythia::next(): 6920 events have been generated 

 Pythia::next(): 6930 events have been generated 

 Pythia::next(): 6940 events have been generated 

 Pythia::next(): 6950 events have been generated 

 Pythia::next(): 6960 events have been generated 

 Pythia::next(): 6970 events have been generated 

 Pythia::next(): 6980 events have been generated 

 Pythia::next(): 6990 events have been generated 

 Pythia::next(): 7000 events have been generated 

 Pythia::next(): 7010 events have been generated 

 Pythia::next(): 7020 events have been generated 

 Pythia::next(): 7030 events have been generated 

 Pythia::next(): 7040 events have been generated 

 Pythia::next(): 7050 events have been generated 

 Pythia::next(): 7060 events have been generated 

 Pythia::next(): 7070 events have been generated 

 Pythia::next(): 7080 events have been generated 

 Pythia::next(): 7090 events have been generated 

 Pythia::next(): 7100 events have been generated 

 Pythia::next(): 7110 events have been generated 

 Pythia::next(): 7120 events have been generated 

 Pythia::next(): 7130 events have been generated 

 Pythia::next(): 7140 events have been generated 

 Pythia::next(): 7150 events have been generated 

 Pythia::next(): 7160 events have been generated 

 Pythia::next(): 7170 events have been generated 

 Pythia::next(): 7180 events have been generated 

 Pythia::next(): 7190 events have been generated 

 Pythia::next(): 7200 events have been generated 

 Pythia::next(): 7210 events have been generated 

 Pythia::next(): 7220 events have been generated 

 Pythia::next(): 7230 events have been generated 

 Pythia::next(): 7240 events have been generated 

 Pythia::next(): 7250 events have been generated 

 Pythia::next(): 7260 events have been generated 

 Pythia::next(): 7270 events have been generated 

 Pythia::next(): 7280 events have been generated 

 Pythia::next(): 7290 events have been generated 

 Pythia::next(): 7300 events have been generated 

 Pythia::next(): 7310 events have been generated 

 Pythia::next(): 7320 events have been generated 

 Pythia::next(): 7330 events have been generated 

 Pythia::next(): 7340 events have been generated 

 Pythia::next(): 7350 events have been generated 

 Pythia::next(): 7360 events have been generated 

 Pythia::next(): 7370 events have been generated 

 Pythia::next(): 7380 events have been generated 

 Pythia::next(): 7390 events have been generated 

 Pythia::next(): 7400 events have been generated 

 Pythia::next(): 7410 events have been generated 

 Pythia::next(): 7420 events have been generated 

 Pythia::next(): 7430 events have been generated 

 Pythia::next(): 7440 events have been generated 

 Pythia::next(): 7450 events have been generated 

 Pythia::next(): 7460 events have been generated 

 Pythia::next(): 7470 events have been generated 

 Pythia::next(): 7480 events have been generated 

 Pythia::next(): 7490 events have been generated 

 Pythia::next(): 7500 events have been generated 

 Pythia::next(): 7510 events have been generated 

 Pythia::next(): 7520 events have been generated 

 Pythia::next(): 7530 events have been generated 

 Pythia::next(): 7540 events have been generated 

 Pythia::next(): 7550 events have been generated 

 Pythia::next(): 7560 events have been generated 

 Pythia::next(): 7570 events have been generated 

 Pythia::next(): 7580 events have been generated 

 Pythia::next(): 7590 events have been generated 

 Pythia::next(): 7600 events have been generated 

 Pythia::next(): 7610 events have been generated 

 Pythia::next(): 7620 events have been generated 

 Pythia::next(): 7630 events have been generated 

 Pythia::next(): 7640 events have been generated 

 Pythia::next(): 7650 events have been generated 

 Pythia::next(): 7660 events have been generated 

 Pythia::next(): 7670 events have been generated 

 Pythia::next(): 7680 events have been generated 

 Pythia::next(): 7690 events have been generated 

 Pythia::next(): 7700 events have been generated 

 Pythia::next(): 7710 events have been generated 

 Pythia::next(): 7720 events have been generated 

 Pythia::next(): 7730 events have been generated 

 Pythia::next(): 7740 events have been generated 

 Pythia::next(): 7750 events have been generated 

 Pythia::next(): 7760 events have been generated 

 Pythia::next(): 7770 events have been generated 

 Pythia::next(): 7780 events have been generated 

 Pythia::next(): 7790 events have been generated 

 Pythia::next(): 7800 events have been generated 

 Pythia::next(): 7810 events have been generated 

 Pythia::next(): 7820 events have been generated 

 Pythia::next(): 7830 events have been generated 

 Pythia::next(): 7840 events have been generated 

 Pythia::next(): 7850 events have been generated 

 Pythia::next(): 7860 events have been generated 

 Pythia::next(): 7870 events have been generated 

 Pythia::next(): 7880 events have been generated 

 Pythia::next(): 7890 events have been generated 

 Pythia::next(): 7900 events have been generated 

 Pythia::next(): 7910 events have been generated 

 Pythia::next(): 7920 events have been generated 

 Pythia::next(): 7930 events have been generated 

 Pythia::next(): 7940 events have been generated 

 Pythia::next(): 7950 events have been generated 

 Pythia::next(): 7960 events have been generated 

 Pythia::next(): 7970 events have been generated 

 Pythia::next(): 7980 events have been generated 

 Pythia::next(): 7990 events have been generated 

 Pythia::next(): 8000 events have been generated 

 Pythia::next(): 8010 events have been generated 

 Pythia::next(): 8020 events have been generated 

 Pythia::next(): 8030 events have been generated 

 Pythia::next(): 8040 events have been generated 

 Pythia::next(): 8050 events have been generated 

 Pythia::next(): 8060 events have been generated 

 Pythia::next(): 8070 events have been generated 

 Pythia::next(): 8080 events have been generated 

 Pythia::next(): 8090 events have been generated 

 Pythia::next(): 8100 events have been generated 

 Pythia::next(): 8110 events have been generated 

 Pythia::next(): 8120 events have been generated 

 Pythia::next(): 8130 events have been generated 

 Pythia::next(): 8140 events have been generated 

 Pythia::next(): 8150 events have been generated 

 Pythia::next(): 8160 events have been generated 

 Pythia::next(): 8170 events have been generated 

 Pythia::next(): 8180 events have been generated 

 Pythia::next(): 8190 events have been generated 

 Pythia::next(): 8200 events have been generated 

 Pythia::next(): 8210 events have been generated 

 Pythia::next(): 8220 events have been generated 

 Pythia::next(): 8230 events have been generated 

 Pythia::next(): 8240 events have been generated 

 Pythia::next(): 8250 events have been generated 

 Pythia::next(): 8260 events have been generated 

 Pythia::next(): 8270 events have been generated 

 Pythia::next(): 8280 events have been generated 

 Pythia::next(): 8290 events have been generated 

 Pythia::next(): 8300 events have been generated 

 Pythia::next(): 8310 events have been generated 

 Pythia::next(): 8320 events have been generated 

 Pythia::next(): 8330 events have been generated 

 Pythia::next(): 8340 events have been generated 

 Pythia::next(): 8350 events have been generated 

 Pythia::next(): 8360 events have been generated 

 Pythia::next(): 8370 events have been generated 

 Pythia::next(): 8380 events have been generated 

 Pythia::next(): 8390 events have been generated 

 Pythia::next(): 8400 events have been generated 

 Pythia::next(): 8410 events have been generated 

 Pythia::next(): 8420 events have been generated 

 Pythia::next(): 8430 events have been generated 

 Pythia::next(): 8440 events have been generated 

 Pythia::next(): 8450 events have been generated 

 Pythia::next(): 8460 events have been generated 

 Pythia::next(): 8470 events have been generated 

 Pythia::next(): 8480 events have been generated 

 Pythia::next(): 8490 events have been generated 

 Pythia::next(): 8500 events have been generated 

 Pythia::next(): 8510 events have been generated 

 Pythia::next(): 8520 events have been generated 

 Pythia::next(): 8530 events have been generated 

 Pythia::next(): 8540 events have been generated 

 Pythia::next(): 8550 events have been generated 

 Pythia::next(): 8560 events have been generated 

 Pythia::next(): 8570 events have been generated 

 Pythia::next(): 8580 events have been generated 

 Pythia::next(): 8590 events have been generated 

 Pythia::next(): 8600 events have been generated 

 Pythia::next(): 8610 events have been generated 

 Pythia::next(): 8620 events have been generated 

 Pythia::next(): 8630 events have been generated 

 Pythia::next(): 8640 events have been generated 

 Pythia::next(): 8650 events have been generated 

 Pythia::next(): 8660 events have been generated 

 Pythia::next(): 8670 events have been generated 

 Pythia::next(): 8680 events have been generated 

 Pythia::next(): 8690 events have been generated 

 Pythia::next(): 8700 events have been generated 

 Pythia::next(): 8710 events have been generated 

 Pythia::next(): 8720 events have been generated 

 Pythia::next(): 8730 events have been generated 

 Pythia::next(): 8740 events have been generated 

 Pythia::next(): 8750 events have been generated 

 Pythia::next(): 8760 events have been generated 

 Pythia::next(): 8770 events have been generated 

 Pythia::next(): 8780 events have been generated 

 Pythia::next(): 8790 events have been generated 

 Pythia::next(): 8800 events have been generated 

 Pythia::next(): 8810 events have been generated 

 Pythia::next(): 8820 events have been generated 

 Pythia::next(): 8830 events have been generated 

 Pythia::next(): 8840 events have been generated 

 Pythia::next(): 8850 events have been generated 

 Pythia::next(): 8860 events have been generated 

 Pythia::next(): 8870 events have been generated 

 Pythia::next(): 8880 events have been generated 

 Pythia::next(): 8890 events have been generated 

 Pythia::next(): 8900 events have been generated 

 Pythia::next(): 8910 events have been generated 

 Pythia::next(): 8920 events have been generated 

 Pythia::next(): 8930 events have been generated 

 Pythia::next(): 8940 events have been generated 

 Pythia::next(): 8950 events have been generated 

 Pythia::next(): 8960 events have been generated 

 Pythia::next(): 8970 events have been generated 

 Pythia::next(): 8980 events have been generated 

 Pythia::next(): 8990 events have been generated 

 Pythia::next(): 9000 events have been generated 

 Pythia::next(): 9010 events have been generated 

 Pythia::next(): 9020 events have been generated 

 Pythia::next(): 9030 events have been generated 

 Pythia::next(): 9040 events have been generated 

 Pythia::next(): 9050 events have been generated 

 Pythia::next(): 9060 events have been generated 

 Pythia::next(): 9070 events have been generated 

 Pythia::next(): 9080 events have been generated 

 Pythia::next(): 9090 events have been generated 

 Pythia::next(): 9100 events have been generated 

 Pythia::next(): 9110 events have been generated 

 Pythia::next(): 9120 events have been generated 

 Pythia::next(): 9130 events have been generated 

 Pythia::next(): 9140 events have been generated 

 Pythia::next(): 9150 events have been generated 

 Pythia::next(): 9160 events have been generated 

 Pythia::next(): 9170 events have been generated 

 Pythia::next(): 9180 events have been generated 

 Pythia::next(): 9190 events have been generated 

 Pythia::next(): 9200 events have been generated 

 Pythia::next(): 9210 events have been generated 

 Pythia::next(): 9220 events have been generated 

 Pythia::next(): 9230 events have been generated 

 Pythia::next(): 9240 events have been generated 

 Pythia::next(): 9250 events have been generated 

 Pythia::next(): 9260 events have been generated 

 Pythia::next(): 9270 events have been generated 

 Pythia::next(): 9280 events have been generated 

 Pythia::next(): 9290 events have been generated 

 Pythia::next(): 9300 events have been generated 

 Pythia::next(): 9310 events have been generated 

 Pythia::next(): 9320 events have been generated 

 Pythia::next(): 9330 events have been generated 

 Pythia::next(): 9340 events have been generated 

 Pythia::next(): 9350 events have been generated 

 Pythia::next(): 9360 events have been generated 

 Pythia::next(): 9370 events have been generated 

 Pythia::next(): 9380 events have been generated 

 Pythia::next(): 9390 events have been generated 

 Pythia::next(): 9400 events have been generated 

 Pythia::next(): 9410 events have been generated 

 Pythia::next(): 9420 events have been generated 

 Pythia::next(): 9430 events have been generated 

 Pythia::next(): 9440 events have been generated 

 Pythia::next(): 9450 events have been generated 

 Pythia::next(): 9460 events have been generated 

 Pythia::next(): 9470 events have been generated 

 Pythia::next(): 9480 events have been generated 

 Pythia::next(): 9490 events have been generated 

 Pythia::next(): 9500 events have been generated 

 Pythia::next(): 9510 events have been generated 

 Pythia::next(): 9520 events have been generated 

 Pythia::next(): 9530 events have been generated 

 Pythia::next(): 9540 events have been generated 

 Pythia::next(): 9550 events have been generated 

 Pythia::next(): 9560 events have been generated 

 Pythia::next(): 9570 events have been generated 

 Pythia::next(): 9580 events have been generated 

 Pythia::next(): 9590 events have been generated 

 Pythia::next(): 9600 events have been generated 

 Pythia::next(): 9610 events have been generated 

 Pythia::next(): 9620 events have been generated 

 Pythia::next(): 9630 events have been generated 

 Pythia::next(): 9640 events have been generated 

 Pythia::next(): 9650 events have been generated 

 Pythia::next(): 9660 events have been generated 

 Pythia::next(): 9670 events have been generated 

 Pythia::next(): 9680 events have been generated 

 Pythia::next(): 9690 events have been generated 

 Pythia::next(): 9700 events have been generated 

 Pythia::next(): 9710 events have been generated 

 Pythia::next(): 9720 events have been generated 

 Pythia::next(): 9730 events have been generated 

 Pythia::next(): 9740 events have been generated 

 Pythia::next(): 9750 events have been generated 

 Pythia::next(): 9760 events have been generated 

 Pythia::next(): 9770 events have been generated 

 Pythia::next(): 9780 events have been generated 

 Pythia::next(): 9790 events have been generated 

 Pythia::next(): 9800 events have been generated 

 Pythia::next(): 9810 events have been generated 

 Pythia::next(): 9820 events have been generated 

 Pythia::next(): 9830 events have been generated 

 Pythia::next(): 9840 events have been generated 

 Pythia::next(): 9850 events have been generated 

 Pythia::next(): 9860 events have been generated 

 Pythia::next(): 9870 events have been generated 

 Pythia::next(): 9880 events have been generated 

 Pythia::next(): 9890 events have been generated 

 Pythia::next(): 9900 events have been generated 

 Pythia::next(): 9910 events have been generated 

 Pythia::next(): 9920 events have been generated 

 Pythia::next(): 9930 events have been generated 

 Pythia::next(): 9940 events have been generated 

 Pythia::next(): 9950 events have been generated 

 Pythia::next(): 9960 events have been generated 

 Pythia::next(): 9970 events have been generated 

 Pythia::next(): 9980 events have been generated 

 Pythia::next(): 9990 events have been generated 

 *-------  PYTHIA Event and Cross Section Statistics  -------------------------------------------------------------*
 |                                                                                                                 |
 | Subprocess                                    Code |            Number of events       |      sigma +- delta    |
 |                                                    |       Tried   Selected   Accepted |     (estimated) (mb)   |
 |                                                    |                                   |                        |
 |-----------------------------------------------------------------------------------------------------------------|
 |                                                    |                                   |                        |
 | Les Houches User Process(es)                  9999 |       10000      10000      10000 |   5.126e-07  2.641e-15 |
 |    ... whereof user classification code          1 |       10000      10000      10000 |                        | 
 |                                                    |                                   |                        |
 | sum                                                |       10000      10000      10000 |   5.126e-07  2.641e-15 |
 |                                                                                                                 |
 *-------  End PYTHIA Event and Cross Section Statistics ----------------------------------------------------------*

 *-------  PYTHIA Error and Warning Messages Statistics  ----------------------------------------------------------* 
 |                                                                                                                 | 
 |  times   message                                                                                                | 
 |                                                                                                                 | 
 |      5   Error in SimpleSpaceShower::pT2nearThreshold: stuck in loop                                            | 
 |      1   Warning in HadronWidths::pickMasses: angular momentum and running widths not used                      | 
 |      1   Warning in MultipartonInteractions::pTnext: weight above unity                                         | 
 |      1   Warning in SLHAinterface::initSLHA: ignoring DECAY tables                                              | 
 |      1   Warning in SLHAinterface::initSLHA: ignoring MASS entries                                              | 
 |      1   Warning in SLHAinterface::initSLHA: ignoring empty DECAY tables                                        | 
 |      4   Warning in SimpleTimeShower::pTnext: negative dipole mass                                              | 
 |      1   Info from SLHAinterface::initSLHA: No MODSEL found, keeping internal SUSY switched off                 | 
 |                                                                                                                 | 
 *-------  End PYTHIA Error and Warning Messages Statistics  ------------------------------------------------------* 
Wrote 10000 events to /uscms_data/d3/iturkmen/hh4b_delphes/hepmc/ttbar_100k_shard003_pythia8.hepmc
** INFO: initializing module  Delphes                  
** INFO: initializing module  ParticlePropagator       
** INFO: initializing module  ChargedHadronTrackingEfficiency
** INFO: initializing module  ElectronTrackingEfficiency
** INFO: initializing module  MuonTrackingEfficiency   
** INFO: initializing module  ChargedHadronMomentumSmearing
** INFO: initializing module  ElectronMomentumSmearing 
** INFO: initializing module  MuonMomentumSmearing     
** INFO: initializing module  TrackMerger              
** INFO: initializing module  ECal                     
** INFO: initializing module  HCal                     
** INFO: initializing module  Calorimeter              
** INFO: initializing module  EFlowMerger              
** INFO: initializing module  EFlowFilter              
** INFO: initializing module  PhotonEfficiency         
** INFO: initializing module  PhotonIsolation          
** INFO: initializing module  ElectronFilter           
** INFO: initializing module  ElectronEfficiency       
** INFO: initializing module  ElectronIsolation        
** INFO: initializing module  ChargedHadronFilter      
** INFO: initializing module  MuonEfficiency           
** INFO: initializing module  MuonIsolation            
** INFO: initializing module  MissingET                
** INFO: initializing module  NeutrinoFilter           
** INFO: initializing module  GenJetFinder             
#--------------------------------------------------------------------------
#                         FastJet release 3.5.1
#                 M. Cacciari, G.P. Salam and G. Soyez                  
#     A software package for jet finding and analysis at colliders      
#                           https://fastjet.fr                           
#	                                                                      
# Please cite EPJC72(2012)1896 [arXiv:1111.6097] if you use this package
# for scientific work and optionally PLB641(2006)57 [hep-ph/0512210].   
#                                                                       
# FastJet is provided without warranty under the GNU GPL v2 or higher.  
# It uses T. Chan's closest pair algorithm, S. Fortune's Voronoi code
# and 3rd party plugin jet algorithms. See COPYING file for details.
#--------------------------------------------------------------------------
** INFO: initializing module  GenMissingET             
** INFO: initializing module  FastJetFinder            
** INFO: initializing module  FatJetFinder             
** INFO: initializing module  JetEnergyScale           
** INFO: initializing module  JetFlavorAssociation     
** INFO: initializing module  BTagging                 
** INFO: initializing module  TauTagging               
** INFO: initializing module  UniqueObjectFinder       
** INFO: initializing module  ScalarHT                 
** INFO: initializing module  TreeWriter               
** Reading /uscms_data/d3/iturkmen/hh4b_delphes/hepmc/ttbar_100k_shard003_pythia8.hepmc
** [----------------------------------------------------------------] (0.01%)** [#---------------------------------------------------------------] (1.77%)** [##--------------------------------------------------------------] (3.57%)** [###-------------------------------------------------------------] (5.43%)** [####------------------------------------------------------------] (6.66%)** [#####-----------------------------------------------------------] (8.11%)** [######----------------------------------------------------------] (10.19%)** [#######---------------------------------------------------------] (11.69%)** [########--------------------------------------------------------] (12.57%)** [#########-------------------------------------------------------] (14.39%)** [##########------------------------------------------------------] (16.17%)** [###########-----------------------------------------------------] (17.42%)** [############----------------------------------------------------] (19.04%)** [#############---------------------------------------------------] (21.13%)** [##############--------------------------------------------------] (22.64%)** [###############-------------------------------------------------] (23.51%)** [################------------------------------------------------] (25.34%)** [#################-----------------------------------------------] (27.11%)** [##################----------------------------------------------] (28.22%)** [###################---------------------------------------------] (29.90%)** [####################--------------------------------------------] (31.86%)** [#####################-------------------------------------------] (33.12%)** [######################------------------------------------------] (34.42%)** [#######################-----------------------------------------] (36.17%)** [########################----------------------------------------] (37.92%)** [#########################---------------------------------------] (39.67%)** [##########################--------------------------------------] (41.28%)** [###########################-------------------------------------] (42.45%)** [############################------------------------------------] (44.20%)** [#############################-----------------------------------] (45.40%)** [##############################----------------------------------] (47.58%)** [###############################---------------------------------] (48.46%)** [################################--------------------------------] (50.30%)** [#################################-------------------------------] (51.84%)** [##################################------------------------------] (53.35%)** [###################################-----------------------------] (54.92%)** [####################################----------------------------] (57.02%)** [#####################################---------------------------] (58.45%)** [######################################--------------------------] (59.74%)** [#######################################-------------------------] (61.20%)** [########################################------------------------] (62.95%)** [#########################################-----------------------] (64.23%)** [##########################################----------------------] (66.46%)** [###########################################---------------------] (67.81%)** [############################################--------------------] (69.22%)** [#############################################-------------------] (70.50%)** [##############################################------------------] (71.96%)** [###############################################-----------------] (73.76%)** [################################################----------------] (75.33%)** [#################################################---------------] (76.75%)** [##################################################--------------] (78.42%)** [###################################################-------------] (79.86%)** [####################################################------------] (81.69%)** [#####################################################-----------] (83.46%)** [######################################################----------] (84.84%)** [#######################################################---------] (86.22%)** [########################################################--------] (87.96%)** [#########################################################-------] (89.27%)** [##########################################################------] (90.85%)** [###########################################################-----] (93.02%)** [############################################################----] (94.00%)** [#############################################################---] (95.73%)** [##############################################################--] (97.16%)** [###############################################################-] (99.13%)** [################################################################] (100.00%)
** Exiting...
FILE: /uscms_data/d3/iturkmen/hh4b_delphes/root/ttbar_100k_shard003_pythia8_delphes.root

KEYS:
  ProcessID0;1
  Delphes;1

TREE: Delphes
ENTRIES: 10000

OBJECT CHECK:
  Event: OK
  Particle: OK
  Jet: OK
  GenJet: OK
  MissingET: OK
  GenMissingET: OK
  Electron: OK
  Muon: OK

SIZE BRANCHES:
  Event_size
  Weight_size
  Particle_size
  Track_size
  Tower_size
  EFlowTrack_size
  EFlowPhoton_size
  EFlowNeutralHadron_size
  GenJet_size
  GenMissingET_size
  Jet_size
  Electron_size
  Photon_size
  Muon_size
  FatJet_size
  MissingET_size
  ScalarHT_size
Input: /uscms_data/d3/iturkmen/hh4b_delphes/root/ttbar_100k_shard003_pythia8_delphes.root
Events: 10000

      event  n_higgs_particles  ...  n_genjets_flavor5  n_genjets_btag
0         0                  0  ...                  0               0
1         1                  0  ...                  0               0
2         2                  0  ...                  0               0
3         3                  0  ...                  0               0
4         4                  0  ...                  0               0
...     ...                ...  ...                ...             ...
9995   9995                  0  ...                  0               0
9996   9996                  0  ...                  0               0
9997   9997                  0  ...                  0               0
9998   9998                  0  ...                  0               0
9999   9999                  0  ...                  0               0

[10000 rows x 15 columns]

Column sums:
  n_higgs_particles: 0
  n_b_particles: 100949
  n_status1_b_particles: 0
  n_jets: 54547
  n_jets_pt30_eta25: 41837
  n_jets_flavor5: 17445
  n_jets_flavoralgo5: 0
  n_jets_flavorphys5: 0
  n_btagged_jets: 13052
  n_btagged_jets_pt30_eta25: 12144
  n_genjets: 59761
  n_genjets_pt30_eta25: 43461
  n_genjets_flavor5: 0
  n_genjets_btag: 0

Events with >=4 reconstructed jets: 6580
Events with >=4 reconstructed b-tagged jets: 39
Events with >=4 jet FlavorPhys b jets: 0
Events with >=4 generator-level b particles: 9986

Wrote: /uscms_data/d3/iturkmen/hh4b_delphes/metadata/ttbar_100k_shard003_diagnostic.csv
Wrote: /uscms_data/d3/iturkmen/hh4b_delphes/parquet/ttbar_100k_shard003_event_summary.parquet
                   sample  event  ...  ht_pt30_eta25         met
0     ttbar_100k_shard003      0  ...     102.402199   81.978569
1     ttbar_100k_shard003      1  ...     151.907135   42.323055
2     ttbar_100k_shard003      2  ...     321.568878    8.385230
3     ttbar_100k_shard003      3  ...     550.531128   36.018486
4     ttbar_100k_shard003      4  ...     653.656433   17.857872
...                   ...    ...  ...            ...         ...
9995  ttbar_100k_shard003   9995  ...     629.286133  126.892952
9996  ttbar_100k_shard003   9996  ...     143.240662   56.019886
9997  ttbar_100k_shard003   9997  ...     335.441589   13.068367
9998  ttbar_100k_shard003   9998  ...     936.044495   31.828962
9999  ttbar_100k_shard003   9999  ...     572.265930    9.134072

[10000 rows x 13 columns]

Selection counts:
  events: 10000
  events with >=4 selected jets: 6580
  events with >=4 selected b-tagged jets: 39
DONE: ttbar_100k_shard003
ROOT: /uscms_data/d3/iturkmen/hh4b_delphes/root/ttbar_100k_shard003_pythia8_delphes.root
HEPMC: /uscms_data/d3/iturkmen/hh4b_delphes/hepmc/ttbar_100k_shard003_pythia8.hepmc
PARQUET: /uscms_data/d3/iturkmen/hh4b_delphes/parquet/ttbar_100k_shard003_event_summary.parquet
DIAGNOSTIC: /uscms_data/d3/iturkmen/hh4b_delphes/metadata/ttbar_100k_shard003_diagnostic.csv
Input events: 10000
Events with >=4 selected b-tagged jets: 39
Wrote: /uscms_data/d3/iturkmen/hh4b_delphes/parquet/ttbar_100k_shard003_hh4b_candidates.parquet

             mbb1        mbb2  ...          mhh  n_selected_bjets
count   39.000000   39.000000  ...    39.000000         39.000000
mean   171.638945  147.664341  ...   477.228317          4.076923
std    130.136500   72.401159  ...   269.755657          0.269953
min     82.787876   28.376623  ...   198.765093          4.000000
25%    106.540408   98.014009  ...   299.527566          4.000000
50%    131.634965  129.936081  ...   369.410567          4.000000
75%    164.650842  161.511401  ...   575.852401          4.000000
max    832.138086  355.049436  ...  1464.226261          5.000000

[8 rows x 6 columns]
sample: ttbar_100k_shard003
events: 10000
candidate rows: 39
cross-section median pb: 512.5923461914062
events with >=4 selected jets: 6580
events with >=4 selected b-tagged jets: 39
median mbb1: 131.6349648144122
median mbb2: 129.93608110070474
median avg_mbb: 141.39091212036755
median delta_mbb: 43.904092241624966
median mhh: 369.4105670556328
median n_selected_bjets: 4.0
Wrote: /uscms_data/d3/iturkmen/hh4b_delphes/metadata/ttbar_100k_shard003_summary.txt
DONE ttbar_100k_shard003
Finished shard 003

============================================================
Starting shard 004 / campaign ttbar_100k
TAG=ttbar_100k_shard004
RUN_NAME=run_ttbar_100k_004
SEED=105004
============================================================
PROCESS_DIR=/uscms_data/d3/iturkmen/hh4b_delphes/mg5/TTbar_smoke
RUN_NAME=run_ttbar_100k_004
N_EVENTS=10000
SEED=105004
OUTPUT_TAG=ttbar_100k_shard004
APPLY_B_CUTS=yes
Updated run card:
 10000 = nevents ! Number of unweighted events
 105004 = iseed ! Random seed
 25.0 = ptb ! minimum pt for b quarks
 2.7 = etab ! maximum eta for b quarks
 0.4 = drbb ! minimum deltaR between b quarks
 0.4 = drbj ! minimum deltaR between b and light jets
 20.0 = ptj ! minimum pt for jets
 5.0 = etaj ! maximum eta for jets
************************************************************
*                                                          *
*                      W E L C O M E to                    *
*             M A D G R A P H 5 _ a M C @ N L O            *
*                      M A D E V E N T                     *
*                                                          *
*                 *                       *                *
*                   *        * *        *                  *
*                     * * * * 5 * * * *                    *
*                   *        * *        *                  *
*                 *                       *                *
*                                                          *
*         VERSION 3.5.3                                    *
*                                                          *
*    The MadGraph5_aMC@NLO Development Team - Find us at   *
*    https://server06.fynu.ucl.ac.be/projects/madgraph     *
*                                                          *
*               Type 'help' for in-line help.              *
*                                                          *
************************************************************
INFO: load configuration from /uscms_data/d3/iturkmen/hh4b_delphes/mg5/TTbar_smoke/Cards/me5_configuration.txt  
INFO: load configuration from /cvmfs/sft.cern.ch/lcg/releases/MCGenerators/madgraph5amc/3.5.3.atlas7-2c347/x86_64-el9-gcc13-opt/input/mg5_configuration.txt  
INFO: load configuration from /uscms_data/d3/iturkmen/hh4b_delphes/mg5/TTbar_smoke/Cards/me5_configuration.txt  
Using default text editor "vi". Set another one in ./input/mg5_configuration.txt
Using default eps viewer "evince". Set another one in ./input/mg5_configuration.txt
Using default web browser "firefox". Set another one in ./input/mg5_configuration.txt
generate_events run_ttbar_100k_004 -f
Generating 10000 events with run name run_ttbar_100k_004
survey  run_ttbar_100k_004 
INFO: compile directory 
compile Source Directory
Using random number seed offset = 105004
INFO: Running Survey 
Creating Jobs
Working on SubProcesses
INFO: Compiling for process 1/3. 
INFO:     P1_gg_ttx  
  0%|          | 0/707 [00:00<?, ?it/s]100%|██████████| 707/707 [00:00<00:00, 129260.84it/s]
INFO: Compiling for process 2/3. 
INFO:     P1_qq_ttx  
  0%|          | 0/703 [00:00<?, ?it/s]100%|██████████| 703/703 [00:00<00:00, 249732.85it/s]
INFO: Compiling for process 3/3. 
INFO:     P1_bbx_ttx  
  0%|          | 0/699 [00:00<?, ?it/s]100%|██████████| 699/699 [00:00<00:00, 219234.17it/s]
INFO:     P1_gg_ttx  
INFO:     P1_qq_ttx  
INFO:     P1_bbx_ttx  
INFO:  Idle: 1,  Running: 0,  Completed: 2 [ current time: 12h44 ] 
INFO:  Idle: 0,  Running: 1,  Completed: 2 [ current time: 12h44 ] 
INFO:  Idle: 0,  Running: 0,  Completed: 3 [  0.26s  ] 
INFO: End survey 
refine 10000
Creating Jobs
INFO: Refine results to 10000 
INFO: Generating 10000.0 unweighted events. 
sum of cpu time of last step: 1 seconds
INFO: Effective Luminosity 23.445443975822123 pb^-1 
INFO: need to improve 2 channels 
- Current estimate of cross-section: 511.82651999999996 +- 2.7144549878225814
    P1_gg_ttx 
    P1_qq_ttx 
    P1_bbx_ttx 
INFO:  Idle: 0,  Running: 5,  Completed: 8 [ current time: 12h44 ] 
INFO:  Idle: 0,  Running: 0,  Completed: 13 [  0.32s  ] 
INFO: Combining runs 
sum of cpu time of last step: 9 seconds
INFO: finish refine 
refine 10000 --treshold=0.9
No need for second refine due to stability of cross-section
INFO: Combining Events 
combination of events done in 2.3251023292541504 s 
  === Results Summary for run: run_ttbar_100k_004 tag: tag_1 ===

     Cross-section :   511.8 +- 0.5691 pb
     Nb of events :  10000
 
INFO: Running Systematics computation 
INFO:  Idle: 2,  Running: 2,  Completed: 0 [ current time: 12h44 ] 
INFO:  Idle: 0,  Running: 3,  Completed: 1 [  8s  ] 
INFO: # Events generated with PDF: NNPDF23_lo_as_0130_qed (247000) 
INFO: # Will Compute 145 weights per event. 
INFO: #***************************************************************************
#
# original cross-section: 511.68802894043563
#     scale variation: +30.1% -21.7%
#     central scheme variation: + 0% -25.9%
# PDF variation: +4.23% -4.23%
#
# dynamical scheme # 1 : 488.675 +29.9% -21.6% # \sum ET
# dynamical scheme # 2 : 400.824 +27.7% -20.4% # \sum\sqrt{m^2+pt^2}
# dynamical scheme # 3 : 511.688 +30.1% -21.7% # 0.5 \sum\sqrt{m^2+pt^2}
# dynamical scheme # 4 : 379.243 +27% -20.1% # \sqrt{\hat s}
#***************************************************************************
 
INFO: End of systematics computation 
store_events
INFO: Storing parton level results 
INFO: End Parton 
reweight -from_cards
decay_events -from_cards
INFO: storing files of previous run 
INFO: Done 
quit
INFO:  
LHE=/uscms_data/d3/iturkmen/hh4b_delphes/mg5/TTbar_smoke/Events/run_ttbar_100k_004/unweighted_events.lhe.gz
N_FOUND=10000
Sample: ttbar_100k_shard004
Input LHE.GZ: /uscms_data/d3/iturkmen/hh4b_delphes/mg5/TTbar_smoke/Events/run_ttbar_100k_004/unweighted_events.lhe.gz
Events requested: 10000
Output tag: ttbar_100k_shard004
LHE: /uscms_data/d3/iturkmen/hh4b_delphes/mg5/TTbar_smoke/Events/run_ttbar_100k_004/unweighted_events.lhe
HEPMC: /uscms_data/d3/iturkmen/hh4b_delphes/hepmc/ttbar_100k_shard004_pythia8.hepmc
ROOT: /uscms_data/d3/iturkmen/hh4b_delphes/root/ttbar_100k_shard004_pythia8_delphes.root
LHE event count: 10000

 *------------------------------------------------------------------------------------* 
 |                                                                                    | 
 |  *------------------------------------------------------------------------------*  | 
 |  |                                                                              |  | 
 |  |                                                                              |  | 
 |  |   PPP   Y   Y  TTTTT  H   H  III    A      Welcome to the Lund Monte Carlo!  |  | 
 |  |   P  P   Y Y     T    H   H   I    A A     This is PYTHIA version 8.312      |  | 
 |  |   PPP     Y      T    HHHHH   I   AAAAA    Last date of change: 23 May 2024  |  | 
 |  |   P       Y      T    H   H   I   A   A                                      |  | 
 |  |   P       Y      T    H   H  III  A   A    Now is 08 Jul 2026 at 12:45:23    |  | 
 |  |                                                                              |  | 
 |  |   Program documentation and an archive of historic versions is found on:     |  | 
 |  |                                                                              |  | 
 |  |                               https://pythia.org/                            |  | 
 |  |                                                                              |  | 
 |  |   PYTHIA is authored by a collaboration consisting of:                       |  | 
 |  |                                                                              |  | 
 |  |   Javira Altmann, Christian Bierlich, Naomi Cooke, Nishita Desai,            |  | 
 |  |   Leif Gellersen, Ilkka Helenius, Philip Ilten, Leif Lonnblad,               |  | 
 |  |   Stephen Mrenna, Christian Preuss, Torbjorn Sjostrand, Peter Skands,        |  | 
 |  |   Marius Utheim, and Rob Verheyen.                                           |  | 
 |  |                                                                              |  | 
 |  |   The complete list of authors, including contact information and            |  | 
 |  |   affiliations, can be found on https://pythia.org/.                         |  | 
 |  |   Problems or bugs should be reported on email at authors@pythia.org.        |  | 
 |  |                                                                              |  | 
 |  |   The main program reference is C. Bierlich et al,                           |  | 
 |  |   'A comprehensive guide to the physics and usage of Pythia 8.3',            |  | 
 |  |   SciPost Phys. Codebases 8-r8.3 (2022) [arXiv:2203.11601 [hep-ph]]          |  | 
 |  |                                                                              |  | 
 |  |   PYTHIA is released under the GNU General Public Licence version 2 or later.|  | 
 |  |   Please respect the MCnet Guidelines for Event Generator Authors and Users. |  | 
 |  |                                                                              |  | 
 |  |   Disclaimer: this program comes without any guarantees.                     |  | 
 |  |   Beware of errors and use common sense when interpreting results.           |  | 
 |  |                                                                              |  | 
 |  |   Copyright (C) 2024 Torbjorn Sjostrand                                      |  | 
 |  |                                                                              |  | 
 |  |                                                                              |  | 
 |  *------------------------------------------------------------------------------*  | 
 |                                                                                    | 
 *------------------------------------------------------------------------------------* 

 *-----------------------  SusyLesHouches SUSY/BSM Interface  ------------------------*
 | Last Change 12 Apr 2017 - P. Skands
 | Parsing: /uscms_data/d3/iturkmen/hh4b_delphes/mg5/TTbar_smoke/Events/run_ttbar_100k_004/unweighted_events.lhe
 | (SLHA::readFile) line 330 - storing non-SLHA(2) block: yukawa
 *------------------------------------------------------------------------------------*
 PYTHIA Info from SLHAinterface::initSLHA: No MODSEL found, keeping internal SUSY switched off
 PYTHIA Warning in SLHAinterface::initSLHA: ignoring MASS entries for id = {1,2,3,4,5,11,12,13,14,15,16,21,22,23,24} (m0 < SLHA:minMassSM)
 PYTHIA Warning in SLHAinterface::initSLHA: ignoring DECAY tables for id = {23,24,1,2,3,4,5,11,12,13,14,15,16,21,22} (m0 < SLHA:minMassSM)
 PYTHIA Warning in SLHAinterface::initSLHA: ignoring empty DECAY tables for id = {6,25} (total width provided but no Branching Ratios)

 *-------  PYTHIA Process Initialization  --------------------------*
 |                                                                  |
 | We collide p+ with p+ at a CM energy of 1.300e+04 GeV            |
 |                                                                  |
 |------------------------------------------------------------------|
 |                                                    |             |
 | Subprocess                                    Code |   Estimated |
 |                                                    |    max (mb) |
 |                                                    |             |
 |------------------------------------------------------------------|
 |                                                    |             |
 | Les Houches User Process(es)                  9999 |   1.000e-09 |
 |                                                                  |
 *-------  End PYTHIA Process Initialization -----------------------*

 *-------  PYTHIA Multiparton Interactions Initialization  ---------* 
 |                                                                  | 
 |                   sigmaNonDiffractive =    56.42 mb              | 
 |                                                                  | 
 |    pT0 =  2.60 gives sigmaInteraction =   317.96 mb: accepted    | 
 |                                                                  | 
 *-------  End PYTHIA Multiparton Interactions Initialization  -----* 

 *-------  PYTHIA Flag + Mode + Parm + Word + FVec + MVec + PVec + WVec Settings (changes only)  ------------------* 
 |                                                                                                                 | 
 | Name                                          |                      Now |      Default         Min         Max | 
 |                                               |                          |                                      | 
 | Beams:frameType                               |                        4 |            1           1           5 | 
 | Beams:LHEF                                    | /uscms_data/d3/iturkmen/hh4b_delphes/mg5/TTbar_smoke/Events/run_ttbar_100k_004/unweighted_events.lhe |         void | 
 | Check:event                                   |                      off |           on                         | 
 | Next:numberCount                              |                       10 |         1000           0             | 
 | Next:numberShowEvent                          |                        0 |            1           0             | 
 | Next:numberShowInfo                           |                        0 |            1           0             | 
 | Next:numberShowProcess                        |                        0 |            1           0             | 
 |                                                                                                                 | 
 *-------  End PYTHIA Flag + Mode + Parm + Word + FVec + MVec + PVec + WVec Settings  -----------------------------* 

 --------  PYTHIA Particle Data Table (changed only)  ------------------------------------------------------------------------------
 
      id   name            antiName         spn chg col      m0        mWidth      mMin       mMax       tau0    res dec ext vis wid
             no onMode   bRatio   meMode     products 

       6  t                tbar               2   2   1  173.00000    1.35678  166.40000  179.60000  1.45438e-13   1   1   0   1   0
              0     1   0.0000664    0       24        1 
              1     1   0.0017361    0       24        3 
              2     1   0.9981975    0       24        5 
              3     0   0.0000000    0       37        5 

      25  h0                                  1   0   0  125.00000    0.00408  124.96809  125.03191  4.83238e-11   1   1   0   0   0
              0     1   0.0000009    0        1       -1 
              1     1   0.0000002    0        2       -2 
              2     1   0.0002163    0        3       -3 
              3     1   0.0288493    0        4       -4 
              4     1   0.5768873    0        5       -5 
              5     1   0.0000000    0        6       -6 
              6     1   0.0000000    0       11      -11 
              7     1   0.0002185    0       13      -13 
              8     1   0.0628569    0       15      -15 
              9     1   0.0850383    0       21       21 
             10     1   0.0022965    0       22       22 
             11     1   0.0016155    0       22       23 
             12     1   0.0261758    0       23       23 
             13     1   0.2158445    0       24      -24 
             14     1   0.0000000  103  1000022  1000022 
             15     1   0.0000000  103  1000023  1000022 
             16     1   0.0000000  103  1000023  1000023 
             17     1   0.0000000  103  1000025  1000022 
             18     1   0.0000000  103  1000025  1000023 
             19     1   0.0000000  103  1000025  1000025 
             20     1   0.0000000  103  1000035  1000022 
             21     1   0.0000000  103  1000035  1000023 
             22     1   0.0000000  103  1000035  1000025 
             23     1   0.0000000  103  1000035  1000035 
             24     1   0.0000000  103  1000024 -1000024 
             25     1   0.0000000  103  1000024 -1000037 
             26     1   0.0000000  103  1000037 -1000024 
             27     1   0.0000000  103  1000037 -1000037 
             28     1   0.0000000  103  1000001 -1000001 
             29     1   0.0000000  103  2000001 -2000001 
             30     1   0.0000000  103  1000001 -2000001 
             31     1   0.0000000  103 -1000001  2000001 
             32     1   0.0000000  103  1000002 -1000002 
             33     1   0.0000000  103  2000002 -2000002 
             34     1   0.0000000  103  1000002 -2000002 
             35     1   0.0000000  103 -1000002  2000002 
             36     1   0.0000000  103  1000003 -1000003 
             37     1   0.0000000  103  2000003 -2000003 
             38     1   0.0000000  103  1000003 -2000003 
             39     1   0.0000000  103 -1000003  2000003 
             40     1   0.0000000  103  1000004 -1000004 
             41     1   0.0000000  103  2000004 -2000004 
             42     1   0.0000000  103  1000004 -2000004 
             43     1   0.0000000  103 -1000004  2000004 
             44     1   0.0000000  103  1000005 -1000005 
             45     1   0.0000000  103  2000005 -2000005 
             46     1   0.0000000  103  1000005 -2000005 
             47     1   0.0000000  103 -1000005  2000005 
             48     1   0.0000000  103  1000006 -1000006 
             49     1   0.0000000  103  2000006 -2000006 
             50     1   0.0000000  103  1000006 -2000006 
             51     1   0.0000000  103 -1000006  2000006 
             52     1   0.0000000  103  1000011 -1000011 
             53     1   0.0000000  103  2000011 -2000011 
             54     1   0.0000000  103  1000011 -2000011 
             55     1   0.0000000  103 -1000011  2000011 
             56     1   0.0000000  103  1000012 -1000012 
             57     1   0.0000000  103  2000012 -2000012 
             58     1   0.0000000  103  1000012 -2000012 
             59     1   0.0000000  103 -1000012  2000012 
             60     1   0.0000000  103  1000013 -1000013 
             61     1   0.0000000  103  2000013 -2000013 
             62     1   0.0000000  103  1000013 -2000013 
             63     1   0.0000000  103 -1000013  2000013 
             64     1   0.0000000  103  1000014 -1000014 
             65     1   0.0000000  103  2000014 -2000014 
             66     1   0.0000000  103  1000014 -2000014 
             67     1   0.0000000  103 -1000014  2000014 
             68     1   0.0000000  103  1000015 -1000015 
             69     1   0.0000000  103  2000015 -2000015 
             70     1   0.0000000  103  1000015 -2000015 
             71     1   0.0000000  103 -1000015  2000015 
             72     1   0.0000000  103  1000016 -1000016 
             73     1   0.0000000  103  2000016 -2000016 
             74     1   0.0000000  103  1000016 -2000016 
             75     1   0.0000000  103 -1000016  2000016 

 --------  End PYTHIA Particle Data Table  -----------------------------------------------------------------------------------------


 --------  LHA initialization information  ------------ 

  beam    kind      energy  pdfgrp  pdfset 
     A    2212    6500.000       0  247000
     B    2212    6500.000       0  247000

  Event weighting strategy = -4

  Processes, with strategy-dependent cross section info 
  number      xsec (pb)      xerr (pb)      xmax (pb) 
       1     5.1184e+02     5.6911e-01     5.1184e+02

 --------  End LHA initialization information  -------- 

 --------  LHA event information and listing  ---------------------------------------------------------------------- 

    process =        1    weight =   5.1184e+02     scale =   1.8405e+02 (GeV) 
                        alpha_em =   7.5558e-03    alpha_strong =   1.1639e-01

    Participating Particles 
    no        id stat     mothers     colours      p_x        p_y        p_z         e          m        tau    spin 
     1        21   -1     0     0   503   502      0.000      0.000     35.923     35.923      0.000   0.000   1.000
     2        21   -1     0     0   501   503     -0.000     -0.000  -1350.050   1350.050      0.000   0.000   1.000
     3         6    1     1     2   501     0    -58.883     25.545  -1037.572   1053.770    172.500   0.000   1.000
     4        -6    1     1     2     0   502     58.883    -25.545   -276.555    332.203    172.500   0.000   1.000

 --------  End LHA event information and listing  ------------------------------------------------------------------ 

 Pythia::next(): 10 events have been generated 

 Pythia::next(): 20 events have been generated 

 Pythia::next(): 30 events have been generated 

 Pythia::next(): 40 events have been generated 

 Pythia::next(): 50 events have been generated 

 Pythia::next(): 60 events have been generated 

 Pythia::next(): 70 events have been generated 

 Pythia::next(): 80 events have been generated 

 Pythia::next(): 90 events have been generated 

 Pythia::next(): 100 events have been generated 

 Pythia::next(): 110 events have been generated 

 Pythia::next(): 120 events have been generated 

 Pythia::next(): 130 events have been generated 

 Pythia::next(): 140 events have been generated 

 Pythia::next(): 150 events have been generated 

 Pythia::next(): 160 events have been generated 

 Pythia::next(): 170 events have been generated 

 Pythia::next(): 180 events have been generated 

 Pythia::next(): 190 events have been generated 

 Pythia::next(): 200 events have been generated 

 Pythia::next(): 210 events have been generated 

 Pythia::next(): 220 events have been generated 

 Pythia::next(): 230 events have been generated 

 Pythia::next(): 240 events have been generated 

 Pythia::next(): 250 events have been generated 

 Pythia::next(): 260 events have been generated 

 Pythia::next(): 270 events have been generated 

 Pythia::next(): 280 events have been generated 

 Pythia::next(): 290 events have been generated 

 Pythia::next(): 300 events have been generated 

 Pythia::next(): 310 events have been generated 

 Pythia::next(): 320 events have been generated 

 Pythia::next(): 330 events have been generated 

 Pythia::next(): 340 events have been generated 

 Pythia::next(): 350 events have been generated 

 Pythia::next(): 360 events have been generated 

 Pythia::next(): 370 events have been generated 

 Pythia::next(): 380 events have been generated 

 Pythia::next(): 390 events have been generated 

 Pythia::next(): 400 events have been generated 

 Pythia::next(): 410 events have been generated 

 Pythia::next(): 420 events have been generated 

 Pythia::next(): 430 events have been generated 

 Pythia::next(): 440 events have been generated 

 Pythia::next(): 450 events have been generated 

 Pythia::next(): 460 events have been generated 

 Pythia::next(): 470 events have been generated 

 Pythia::next(): 480 events have been generated 

 Pythia::next(): 490 events have been generated 

 Pythia::next(): 500 events have been generated 

 Pythia::next(): 510 events have been generated 

 Pythia::next(): 520 events have been generated 

 Pythia::next(): 530 events have been generated 

 Pythia::next(): 540 events have been generated 

 Pythia::next(): 550 events have been generated 

 Pythia::next(): 560 events have been generated 

 Pythia::next(): 570 events have been generated 

 Pythia::next(): 580 events have been generated 

 Pythia::next(): 590 events have been generated 

 Pythia::next(): 600 events have been generated 

 Pythia::next(): 610 events have been generated 

 Pythia::next(): 620 events have been generated 

 Pythia::next(): 630 events have been generated 

 Pythia::next(): 640 events have been generated 

 Pythia::next(): 650 events have been generated 

 Pythia::next(): 660 events have been generated 

 Pythia::next(): 670 events have been generated 

 Pythia::next(): 680 events have been generated 

 Pythia::next(): 690 events have been generated 

 Pythia::next(): 700 events have been generated 

 Pythia::next(): 710 events have been generated 

 Pythia::next(): 720 events have been generated 

 Pythia::next(): 730 events have been generated 

 Pythia::next(): 740 events have been generated 

 Pythia::next(): 750 events have been generated 

 Pythia::next(): 760 events have been generated 

 Pythia::next(): 770 events have been generated 

 Pythia::next(): 780 events have been generated 

 Pythia::next(): 790 events have been generated 

 Pythia::next(): 800 events have been generated 

 Pythia::next(): 810 events have been generated 

 Pythia::next(): 820 events have been generated 

 Pythia::next(): 830 events have been generated 

 Pythia::next(): 840 events have been generated 

 Pythia::next(): 850 events have been generated 

 Pythia::next(): 860 events have been generated 

 Pythia::next(): 870 events have been generated 

 Pythia::next(): 880 events have been generated 

 Pythia::next(): 890 events have been generated 

 Pythia::next(): 900 events have been generated 

 Pythia::next(): 910 events have been generated 

 Pythia::next(): 920 events have been generated 

 Pythia::next(): 930 events have been generated 

 Pythia::next(): 940 events have been generated 

 Pythia::next(): 950 events have been generated 

 Pythia::next(): 960 events have been generated 

 Pythia::next(): 970 events have been generated 

 Pythia::next(): 980 events have been generated 

 Pythia::next(): 990 events have been generated 

 Pythia::next(): 1000 events have been generated 

 Pythia::next(): 1010 events have been generated 

 Pythia::next(): 1020 events have been generated 

 Pythia::next(): 1030 events have been generated 

 Pythia::next(): 1040 events have been generated 

 Pythia::next(): 1050 events have been generated 

 Pythia::next(): 1060 events have been generated 

 Pythia::next(): 1070 events have been generated 

 Pythia::next(): 1080 events have been generated 

 Pythia::next(): 1090 events have been generated 

 Pythia::next(): 1100 events have been generated 

 Pythia::next(): 1110 events have been generated 

 Pythia::next(): 1120 events have been generated 

 Pythia::next(): 1130 events have been generated 

 Pythia::next(): 1140 events have been generated 

 Pythia::next(): 1150 events have been generated 

 Pythia::next(): 1160 events have been generated 

 Pythia::next(): 1170 events have been generated 

 Pythia::next(): 1180 events have been generated 

 Pythia::next(): 1190 events have been generated 

 Pythia::next(): 1200 events have been generated 

 Pythia::next(): 1210 events have been generated 

 Pythia::next(): 1220 events have been generated 

 Pythia::next(): 1230 events have been generated 

 Pythia::next(): 1240 events have been generated 

 Pythia::next(): 1250 events have been generated 

 Pythia::next(): 1260 events have been generated 

 Pythia::next(): 1270 events have been generated 

 Pythia::next(): 1280 events have been generated 

 Pythia::next(): 1290 events have been generated 

 Pythia::next(): 1300 events have been generated 

 Pythia::next(): 1310 events have been generated 

 Pythia::next(): 1320 events have been generated 

 Pythia::next(): 1330 events have been generated 

 Pythia::next(): 1340 events have been generated 

 Pythia::next(): 1350 events have been generated 

 Pythia::next(): 1360 events have been generated 

 Pythia::next(): 1370 events have been generated 

 Pythia::next(): 1380 events have been generated 

 Pythia::next(): 1390 events have been generated 

 Pythia::next(): 1400 events have been generated 

 Pythia::next(): 1410 events have been generated 

 Pythia::next(): 1420 events have been generated 

 Pythia::next(): 1430 events have been generated 

 Pythia::next(): 1440 events have been generated 

 Pythia::next(): 1450 events have been generated 

 Pythia::next(): 1460 events have been generated 

 Pythia::next(): 1470 events have been generated 

 Pythia::next(): 1480 events have been generated 

 Pythia::next(): 1490 events have been generated 

 Pythia::next(): 1500 events have been generated 

 Pythia::next(): 1510 events have been generated 

 Pythia::next(): 1520 events have been generated 

 Pythia::next(): 1530 events have been generated 

 Pythia::next(): 1540 events have been generated 

 Pythia::next(): 1550 events have been generated 

 Pythia::next(): 1560 events have been generated 

 Pythia::next(): 1570 events have been generated 

 Pythia::next(): 1580 events have been generated 

 Pythia::next(): 1590 events have been generated 

 Pythia::next(): 1600 events have been generated 

 Pythia::next(): 1610 events have been generated 

 Pythia::next(): 1620 events have been generated 

 Pythia::next(): 1630 events have been generated 

 Pythia::next(): 1640 events have been generated 

 Pythia::next(): 1650 events have been generated 

 Pythia::next(): 1660 events have been generated 

 Pythia::next(): 1670 events have been generated 

 Pythia::next(): 1680 events have been generated 

 Pythia::next(): 1690 events have been generated 

 Pythia::next(): 1700 events have been generated 

 Pythia::next(): 1710 events have been generated 

 Pythia::next(): 1720 events have been generated 

 Pythia::next(): 1730 events have been generated 

 Pythia::next(): 1740 events have been generated 

 Pythia::next(): 1750 events have been generated 
 PYTHIA Warning in SimpleTimeShower::pTnext: negative dipole mass

 Pythia::next(): 1760 events have been generated 

 Pythia::next(): 1770 events have been generated 

 Pythia::next(): 1780 events have been generated 

 Pythia::next(): 1790 events have been generated 

 Pythia::next(): 1800 events have been generated 

 Pythia::next(): 1810 events have been generated 

 Pythia::next(): 1820 events have been generated 

 Pythia::next(): 1830 events have been generated 

 Pythia::next(): 1840 events have been generated 

 Pythia::next(): 1850 events have been generated 

 Pythia::next(): 1860 events have been generated 

 Pythia::next(): 1870 events have been generated 

 Pythia::next(): 1880 events have been generated 

 Pythia::next(): 1890 events have been generated 

 Pythia::next(): 1900 events have been generated 

 Pythia::next(): 1910 events have been generated 

 Pythia::next(): 1920 events have been generated 

 Pythia::next(): 1930 events have been generated 

 Pythia::next(): 1940 events have been generated 

 Pythia::next(): 1950 events have been generated 

 Pythia::next(): 1960 events have been generated 

 Pythia::next(): 1970 events have been generated 

 Pythia::next(): 1980 events have been generated 

 Pythia::next(): 1990 events have been generated 

 Pythia::next(): 2000 events have been generated 

 Pythia::next(): 2010 events have been generated 

 Pythia::next(): 2020 events have been generated 

 Pythia::next(): 2030 events have been generated 

 Pythia::next(): 2040 events have been generated 

 Pythia::next(): 2050 events have been generated 

 Pythia::next(): 2060 events have been generated 

 Pythia::next(): 2070 events have been generated 

 Pythia::next(): 2080 events have been generated 

 Pythia::next(): 2090 events have been generated 

 Pythia::next(): 2100 events have been generated 

 Pythia::next(): 2110 events have been generated 

 Pythia::next(): 2120 events have been generated 

 Pythia::next(): 2130 events have been generated 

 Pythia::next(): 2140 events have been generated 

 Pythia::next(): 2150 events have been generated 

 Pythia::next(): 2160 events have been generated 

 Pythia::next(): 2170 events have been generated 

 Pythia::next(): 2180 events have been generated 

 Pythia::next(): 2190 events have been generated 

 Pythia::next(): 2200 events have been generated 

 Pythia::next(): 2210 events have been generated 

 Pythia::next(): 2220 events have been generated 

 Pythia::next(): 2230 events have been generated 

 Pythia::next(): 2240 events have been generated 

 Pythia::next(): 2250 events have been generated 

 Pythia::next(): 2260 events have been generated 

 Pythia::next(): 2270 events have been generated 

 Pythia::next(): 2280 events have been generated 

 Pythia::next(): 2290 events have been generated 

 Pythia::next(): 2300 events have been generated 

 Pythia::next(): 2310 events have been generated 

 Pythia::next(): 2320 events have been generated 

 Pythia::next(): 2330 events have been generated 

 Pythia::next(): 2340 events have been generated 

 Pythia::next(): 2350 events have been generated 

 Pythia::next(): 2360 events have been generated 

 Pythia::next(): 2370 events have been generated 

 Pythia::next(): 2380 events have been generated 

 Pythia::next(): 2390 events have been generated 

 Pythia::next(): 2400 events have been generated 

 Pythia::next(): 2410 events have been generated 

 Pythia::next(): 2420 events have been generated 

 Pythia::next(): 2430 events have been generated 

 Pythia::next(): 2440 events have been generated 

 Pythia::next(): 2450 events have been generated 

 Pythia::next(): 2460 events have been generated 

 Pythia::next(): 2470 events have been generated 

 Pythia::next(): 2480 events have been generated 

 Pythia::next(): 2490 events have been generated 

 Pythia::next(): 2500 events have been generated 

 Pythia::next(): 2510 events have been generated 

 Pythia::next(): 2520 events have been generated 

 Pythia::next(): 2530 events have been generated 

 Pythia::next(): 2540 events have been generated 

 Pythia::next(): 2550 events have been generated 

 Pythia::next(): 2560 events have been generated 

 Pythia::next(): 2570 events have been generated 

 Pythia::next(): 2580 events have been generated 

 Pythia::next(): 2590 events have been generated 

 Pythia::next(): 2600 events have been generated 

 Pythia::next(): 2610 events have been generated 

 Pythia::next(): 2620 events have been generated 

 Pythia::next(): 2630 events have been generated 

 Pythia::next(): 2640 events have been generated 

 Pythia::next(): 2650 events have been generated 

 Pythia::next(): 2660 events have been generated 

 Pythia::next(): 2670 events have been generated 

 Pythia::next(): 2680 events have been generated 

 Pythia::next(): 2690 events have been generated 

 Pythia::next(): 2700 events have been generated 

 Pythia::next(): 2710 events have been generated 

 Pythia::next(): 2720 events have been generated 

 Pythia::next(): 2730 events have been generated 

 Pythia::next(): 2740 events have been generated 

 Pythia::next(): 2750 events have been generated 

 Pythia::next(): 2760 events have been generated 

 Pythia::next(): 2770 events have been generated 

 Pythia::next(): 2780 events have been generated 

 Pythia::next(): 2790 events have been generated 

 Pythia::next(): 2800 events have been generated 

 Pythia::next(): 2810 events have been generated 

 Pythia::next(): 2820 events have been generated 

 Pythia::next(): 2830 events have been generated 

 Pythia::next(): 2840 events have been generated 

 Pythia::next(): 2850 events have been generated 

 Pythia::next(): 2860 events have been generated 

 Pythia::next(): 2870 events have been generated 

 Pythia::next(): 2880 events have been generated 

 Pythia::next(): 2890 events have been generated 

 Pythia::next(): 2900 events have been generated 

 Pythia::next(): 2910 events have been generated 

 Pythia::next(): 2920 events have been generated 

 Pythia::next(): 2930 events have been generated 

 Pythia::next(): 2940 events have been generated 

 Pythia::next(): 2950 events have been generated 

 Pythia::next(): 2960 events have been generated 

 Pythia::next(): 2970 events have been generated 

 Pythia::next(): 2980 events have been generated 

 Pythia::next(): 2990 events have been generated 

 Pythia::next(): 3000 events have been generated 

 Pythia::next(): 3010 events have been generated 

 Pythia::next(): 3020 events have been generated 

 Pythia::next(): 3030 events have been generated 

 Pythia::next(): 3040 events have been generated 

 Pythia::next(): 3050 events have been generated 

 Pythia::next(): 3060 events have been generated 

 Pythia::next(): 3070 events have been generated 

 Pythia::next(): 3080 events have been generated 

 Pythia::next(): 3090 events have been generated 

 Pythia::next(): 3100 events have been generated 

 Pythia::next(): 3110 events have been generated 

 Pythia::next(): 3120 events have been generated 

 Pythia::next(): 3130 events have been generated 

 Pythia::next(): 3140 events have been generated 

 Pythia::next(): 3150 events have been generated 

 Pythia::next(): 3160 events have been generated 

 Pythia::next(): 3170 events have been generated 

 Pythia::next(): 3180 events have been generated 

 Pythia::next(): 3190 events have been generated 

 Pythia::next(): 3200 events have been generated 

 Pythia::next(): 3210 events have been generated 

 Pythia::next(): 3220 events have been generated 

 Pythia::next(): 3230 events have been generated 

 Pythia::next(): 3240 events have been generated 

 Pythia::next(): 3250 events have been generated 

 Pythia::next(): 3260 events have been generated 

 Pythia::next(): 3270 events have been generated 

 Pythia::next(): 3280 events have been generated 

 Pythia::next(): 3290 events have been generated 

 Pythia::next(): 3300 events have been generated 

 Pythia::next(): 3310 events have been generated 

 Pythia::next(): 3320 events have been generated 

 Pythia::next(): 3330 events have been generated 

 Pythia::next(): 3340 events have been generated 

 Pythia::next(): 3350 events have been generated 

 Pythia::next(): 3360 events have been generated 

 Pythia::next(): 3370 events have been generated 

 Pythia::next(): 3380 events have been generated 

 Pythia::next(): 3390 events have been generated 

 Pythia::next(): 3400 events have been generated 

 Pythia::next(): 3410 events have been generated 

 Pythia::next(): 3420 events have been generated 

 Pythia::next(): 3430 events have been generated 

 Pythia::next(): 3440 events have been generated 

 Pythia::next(): 3450 events have been generated 

 Pythia::next(): 3460 events have been generated 

 Pythia::next(): 3470 events have been generated 

 Pythia::next(): 3480 events have been generated 

 Pythia::next(): 3490 events have been generated 

 Pythia::next(): 3500 events have been generated 

 Pythia::next(): 3510 events have been generated 

 Pythia::next(): 3520 events have been generated 

 Pythia::next(): 3530 events have been generated 

 Pythia::next(): 3540 events have been generated 

 Pythia::next(): 3550 events have been generated 

 Pythia::next(): 3560 events have been generated 

 Pythia::next(): 3570 events have been generated 

 Pythia::next(): 3580 events have been generated 

 Pythia::next(): 3590 events have been generated 

 Pythia::next(): 3600 events have been generated 

 Pythia::next(): 3610 events have been generated 

 Pythia::next(): 3620 events have been generated 

 Pythia::next(): 3630 events have been generated 

 Pythia::next(): 3640 events have been generated 

 Pythia::next(): 3650 events have been generated 

 Pythia::next(): 3660 events have been generated 

 Pythia::next(): 3670 events have been generated 

 Pythia::next(): 3680 events have been generated 

 Pythia::next(): 3690 events have been generated 

 Pythia::next(): 3700 events have been generated 

 Pythia::next(): 3710 events have been generated 

 Pythia::next(): 3720 events have been generated 

 Pythia::next(): 3730 events have been generated 

 Pythia::next(): 3740 events have been generated 

 Pythia::next(): 3750 events have been generated 

 Pythia::next(): 3760 events have been generated 

 Pythia::next(): 3770 events have been generated 

 Pythia::next(): 3780 events have been generated 

 Pythia::next(): 3790 events have been generated 

 Pythia::next(): 3800 events have been generated 

 Pythia::next(): 3810 events have been generated 

 Pythia::next(): 3820 events have been generated 

 Pythia::next(): 3830 events have been generated 

 Pythia::next(): 3840 events have been generated 

 Pythia::next(): 3850 events have been generated 

 Pythia::next(): 3860 events have been generated 

 Pythia::next(): 3870 events have been generated 

 Pythia::next(): 3880 events have been generated 

 Pythia::next(): 3890 events have been generated 

 Pythia::next(): 3900 events have been generated 

 Pythia::next(): 3910 events have been generated 

 Pythia::next(): 3920 events have been generated 

 Pythia::next(): 3930 events have been generated 

 Pythia::next(): 3940 events have been generated 

 Pythia::next(): 3950 events have been generated 

 Pythia::next(): 3960 events have been generated 

 Pythia::next(): 3970 events have been generated 

 Pythia::next(): 3980 events have been generated 

 Pythia::next(): 3990 events have been generated 

 Pythia::next(): 4000 events have been generated 

 Pythia::next(): 4010 events have been generated 

 Pythia::next(): 4020 events have been generated 

 Pythia::next(): 4030 events have been generated 

 Pythia::next(): 4040 events have been generated 
 PYTHIA Warning in MultipartonInteractions::pTnext: weight above unity

 Pythia::next(): 4050 events have been generated 

 Pythia::next(): 4060 events have been generated 

 Pythia::next(): 4070 events have been generated 

 Pythia::next(): 4080 events have been generated 

 Pythia::next(): 4090 events have been generated 

 Pythia::next(): 4100 events have been generated 

 Pythia::next(): 4110 events have been generated 

 Pythia::next(): 4120 events have been generated 

 Pythia::next(): 4130 events have been generated 

 Pythia::next(): 4140 events have been generated 

 Pythia::next(): 4150 events have been generated 

 Pythia::next(): 4160 events have been generated 

 Pythia::next(): 4170 events have been generated 

 Pythia::next(): 4180 events have been generated 

 Pythia::next(): 4190 events have been generated 

 Pythia::next(): 4200 events have been generated 

 Pythia::next(): 4210 events have been generated 

 Pythia::next(): 4220 events have been generated 

 Pythia::next(): 4230 events have been generated 

 Pythia::next(): 4240 events have been generated 

 Pythia::next(): 4250 events have been generated 

 Pythia::next(): 4260 events have been generated 

 Pythia::next(): 4270 events have been generated 

 Pythia::next(): 4280 events have been generated 

 Pythia::next(): 4290 events have been generated 

 Pythia::next(): 4300 events have been generated 

 Pythia::next(): 4310 events have been generated 

 Pythia::next(): 4320 events have been generated 

 Pythia::next(): 4330 events have been generated 

 Pythia::next(): 4340 events have been generated 

 Pythia::next(): 4350 events have been generated 

 Pythia::next(): 4360 events have been generated 

 Pythia::next(): 4370 events have been generated 

 Pythia::next(): 4380 events have been generated 

 Pythia::next(): 4390 events have been generated 

 Pythia::next(): 4400 events have been generated 

 Pythia::next(): 4410 events have been generated 

 Pythia::next(): 4420 events have been generated 

 Pythia::next(): 4430 events have been generated 

 Pythia::next(): 4440 events have been generated 

 Pythia::next(): 4450 events have been generated 

 Pythia::next(): 4460 events have been generated 

 Pythia::next(): 4470 events have been generated 

 Pythia::next(): 4480 events have been generated 

 Pythia::next(): 4490 events have been generated 

 Pythia::next(): 4500 events have been generated 

 Pythia::next(): 4510 events have been generated 

 Pythia::next(): 4520 events have been generated 

 Pythia::next(): 4530 events have been generated 

 Pythia::next(): 4540 events have been generated 

 Pythia::next(): 4550 events have been generated 

 Pythia::next(): 4560 events have been generated 

 Pythia::next(): 4570 events have been generated 

 Pythia::next(): 4580 events have been generated 

 Pythia::next(): 4590 events have been generated 

 Pythia::next(): 4600 events have been generated 

 Pythia::next(): 4610 events have been generated 

 Pythia::next(): 4620 events have been generated 

 Pythia::next(): 4630 events have been generated 

 Pythia::next(): 4640 events have been generated 

 Pythia::next(): 4650 events have been generated 

 Pythia::next(): 4660 events have been generated 

 Pythia::next(): 4670 events have been generated 

 Pythia::next(): 4680 events have been generated 

 Pythia::next(): 4690 events have been generated 

 Pythia::next(): 4700 events have been generated 

 Pythia::next(): 4710 events have been generated 

 Pythia::next(): 4720 events have been generated 

 Pythia::next(): 4730 events have been generated 

 Pythia::next(): 4740 events have been generated 

 Pythia::next(): 4750 events have been generated 

 Pythia::next(): 4760 events have been generated 

 Pythia::next(): 4770 events have been generated 

 Pythia::next(): 4780 events have been generated 

 Pythia::next(): 4790 events have been generated 

 Pythia::next(): 4800 events have been generated 

 Pythia::next(): 4810 events have been generated 

 Pythia::next(): 4820 events have been generated 

 Pythia::next(): 4830 events have been generated 

 Pythia::next(): 4840 events have been generated 

 Pythia::next(): 4850 events have been generated 

 Pythia::next(): 4860 events have been generated 

 Pythia::next(): 4870 events have been generated 

 Pythia::next(): 4880 events have been generated 

 Pythia::next(): 4890 events have been generated 

 Pythia::next(): 4900 events have been generated 

 Pythia::next(): 4910 events have been generated 

 Pythia::next(): 4920 events have been generated 

 Pythia::next(): 4930 events have been generated 

 Pythia::next(): 4940 events have been generated 

 Pythia::next(): 4950 events have been generated 

 Pythia::next(): 4960 events have been generated 

 Pythia::next(): 4970 events have been generated 

 Pythia::next(): 4980 events have been generated 

 Pythia::next(): 4990 events have been generated 

 Pythia::next(): 5000 events have been generated 

 Pythia::next(): 5010 events have been generated 

 Pythia::next(): 5020 events have been generated 

 Pythia::next(): 5030 events have been generated 

 Pythia::next(): 5040 events have been generated 

 Pythia::next(): 5050 events have been generated 

 Pythia::next(): 5060 events have been generated 

 Pythia::next(): 5070 events have been generated 

 Pythia::next(): 5080 events have been generated 

 Pythia::next(): 5090 events have been generated 

 Pythia::next(): 5100 events have been generated 

 Pythia::next(): 5110 events have been generated 

 Pythia::next(): 5120 events have been generated 

 Pythia::next(): 5130 events have been generated 

 Pythia::next(): 5140 events have been generated 

 Pythia::next(): 5150 events have been generated 
 PYTHIA Warning in SimpleSpaceShower::pT2nextQCD: weight above unity

 Pythia::next(): 5160 events have been generated 

 Pythia::next(): 5170 events have been generated 

 Pythia::next(): 5180 events have been generated 

 Pythia::next(): 5190 events have been generated 

 Pythia::next(): 5200 events have been generated 

 Pythia::next(): 5210 events have been generated 

 Pythia::next(): 5220 events have been generated 

 Pythia::next(): 5230 events have been generated 

 Pythia::next(): 5240 events have been generated 

 Pythia::next(): 5250 events have been generated 

 Pythia::next(): 5260 events have been generated 

 Pythia::next(): 5270 events have been generated 

 Pythia::next(): 5280 events have been generated 

 Pythia::next(): 5290 events have been generated 

 Pythia::next(): 5300 events have been generated 

 Pythia::next(): 5310 events have been generated 

 Pythia::next(): 5320 events have been generated 

 Pythia::next(): 5330 events have been generated 

 Pythia::next(): 5340 events have been generated 

 Pythia::next(): 5350 events have been generated 

 Pythia::next(): 5360 events have been generated 

 Pythia::next(): 5370 events have been generated 

 Pythia::next(): 5380 events have been generated 

 Pythia::next(): 5390 events have been generated 

 Pythia::next(): 5400 events have been generated 

 Pythia::next(): 5410 events have been generated 

 Pythia::next(): 5420 events have been generated 

 Pythia::next(): 5430 events have been generated 

 Pythia::next(): 5440 events have been generated 

 Pythia::next(): 5450 events have been generated 

 Pythia::next(): 5460 events have been generated 

 Pythia::next(): 5470 events have been generated 

 Pythia::next(): 5480 events have been generated 

 Pythia::next(): 5490 events have been generated 

 Pythia::next(): 5500 events have been generated 

 Pythia::next(): 5510 events have been generated 

 Pythia::next(): 5520 events have been generated 

 Pythia::next(): 5530 events have been generated 

 Pythia::next(): 5540 events have been generated 

 Pythia::next(): 5550 events have been generated 

 Pythia::next(): 5560 events have been generated 

 Pythia::next(): 5570 events have been generated 

 Pythia::next(): 5580 events have been generated 

 Pythia::next(): 5590 events have been generated 

 Pythia::next(): 5600 events have been generated 

 Pythia::next(): 5610 events have been generated 

 Pythia::next(): 5620 events have been generated 

 Pythia::next(): 5630 events have been generated 

 Pythia::next(): 5640 events have been generated 

 Pythia::next(): 5650 events have been generated 

 Pythia::next(): 5660 events have been generated 

 Pythia::next(): 5670 events have been generated 

 Pythia::next(): 5680 events have been generated 

 Pythia::next(): 5690 events have been generated 

 Pythia::next(): 5700 events have been generated 

 Pythia::next(): 5710 events have been generated 

 Pythia::next(): 5720 events have been generated 

 Pythia::next(): 5730 events have been generated 

 Pythia::next(): 5740 events have been generated 

 Pythia::next(): 5750 events have been generated 

 Pythia::next(): 5760 events have been generated 

 Pythia::next(): 5770 events have been generated 

 Pythia::next(): 5780 events have been generated 

 Pythia::next(): 5790 events have been generated 

 Pythia::next(): 5800 events have been generated 

 Pythia::next(): 5810 events have been generated 

 Pythia::next(): 5820 events have been generated 

 Pythia::next(): 5830 events have been generated 

 Pythia::next(): 5840 events have been generated 

 Pythia::next(): 5850 events have been generated 

 Pythia::next(): 5860 events have been generated 

 Pythia::next(): 5870 events have been generated 

 Pythia::next(): 5880 events have been generated 

 Pythia::next(): 5890 events have been generated 

 Pythia::next(): 5900 events have been generated 

 Pythia::next(): 5910 events have been generated 

 Pythia::next(): 5920 events have been generated 

 Pythia::next(): 5930 events have been generated 

 Pythia::next(): 5940 events have been generated 

 Pythia::next(): 5950 events have been generated 

 Pythia::next(): 5960 events have been generated 

 Pythia::next(): 5970 events have been generated 

 Pythia::next(): 5980 events have been generated 

 Pythia::next(): 5990 events have been generated 

 Pythia::next(): 6000 events have been generated 

 Pythia::next(): 6010 events have been generated 

 Pythia::next(): 6020 events have been generated 

 Pythia::next(): 6030 events have been generated 

 Pythia::next(): 6040 events have been generated 

 Pythia::next(): 6050 events have been generated 

 Pythia::next(): 6060 events have been generated 

 Pythia::next(): 6070 events have been generated 

 Pythia::next(): 6080 events have been generated 

 Pythia::next(): 6090 events have been generated 

 Pythia::next(): 6100 events have been generated 

 Pythia::next(): 6110 events have been generated 

 Pythia::next(): 6120 events have been generated 

 Pythia::next(): 6130 events have been generated 

 Pythia::next(): 6140 events have been generated 

 Pythia::next(): 6150 events have been generated 

 Pythia::next(): 6160 events have been generated 

 Pythia::next(): 6170 events have been generated 

 Pythia::next(): 6180 events have been generated 

 Pythia::next(): 6190 events have been generated 

 Pythia::next(): 6200 events have been generated 

 Pythia::next(): 6210 events have been generated 

 Pythia::next(): 6220 events have been generated 

 Pythia::next(): 6230 events have been generated 

 Pythia::next(): 6240 events have been generated 

 Pythia::next(): 6250 events have been generated 

 Pythia::next(): 6260 events have been generated 

 Pythia::next(): 6270 events have been generated 

 Pythia::next(): 6280 events have been generated 

 Pythia::next(): 6290 events have been generated 

 Pythia::next(): 6300 events have been generated 

 Pythia::next(): 6310 events have been generated 

 Pythia::next(): 6320 events have been generated 

 Pythia::next(): 6330 events have been generated 

 Pythia::next(): 6340 events have been generated 

 Pythia::next(): 6350 events have been generated 

 Pythia::next(): 6360 events have been generated 

 Pythia::next(): 6370 events have been generated 

 Pythia::next(): 6380 events have been generated 

 Pythia::next(): 6390 events have been generated 

 Pythia::next(): 6400 events have been generated 

 Pythia::next(): 6410 events have been generated 

 Pythia::next(): 6420 events have been generated 

 Pythia::next(): 6430 events have been generated 

 Pythia::next(): 6440 events have been generated 

 Pythia::next(): 6450 events have been generated 

 Pythia::next(): 6460 events have been generated 

 Pythia::next(): 6470 events have been generated 

 Pythia::next(): 6480 events have been generated 

 Pythia::next(): 6490 events have been generated 

 Pythia::next(): 6500 events have been generated 

 Pythia::next(): 6510 events have been generated 

 Pythia::next(): 6520 events have been generated 

 Pythia::next(): 6530 events have been generated 

 Pythia::next(): 6540 events have been generated 

 Pythia::next(): 6550 events have been generated 

 Pythia::next(): 6560 events have been generated 

 Pythia::next(): 6570 events have been generated 

 Pythia::next(): 6580 events have been generated 

 Pythia::next(): 6590 events have been generated 

 Pythia::next(): 6600 events have been generated 

 Pythia::next(): 6610 events have been generated 

 Pythia::next(): 6620 events have been generated 

 Pythia::next(): 6630 events have been generated 

 Pythia::next(): 6640 events have been generated 

 Pythia::next(): 6650 events have been generated 

 Pythia::next(): 6660 events have been generated 

 Pythia::next(): 6670 events have been generated 

 Pythia::next(): 6680 events have been generated 

 Pythia::next(): 6690 events have been generated 

 Pythia::next(): 6700 events have been generated 

 Pythia::next(): 6710 events have been generated 

 Pythia::next(): 6720 events have been generated 

 Pythia::next(): 6730 events have been generated 

 Pythia::next(): 6740 events have been generated 

 Pythia::next(): 6750 events have been generated 

 Pythia::next(): 6760 events have been generated 

 Pythia::next(): 6770 events have been generated 

 Pythia::next(): 6780 events have been generated 

 Pythia::next(): 6790 events have been generated 

 Pythia::next(): 6800 events have been generated 

 Pythia::next(): 6810 events have been generated 

 Pythia::next(): 6820 events have been generated 

 Pythia::next(): 6830 events have been generated 

 Pythia::next(): 6840 events have been generated 

 Pythia::next(): 6850 events have been generated 

 Pythia::next(): 6860 events have been generated 

 Pythia::next(): 6870 events have been generated 

 Pythia::next(): 6880 events have been generated 

 Pythia::next(): 6890 events have been generated 

 Pythia::next(): 6900 events have been generated 

 Pythia::next(): 6910 events have been generated 

 Pythia::next(): 6920 events have been generated 

 Pythia::next(): 6930 events have been generated 

 Pythia::next(): 6940 events have been generated 

 Pythia::next(): 6950 events have been generated 

 Pythia::next(): 6960 events have been generated 

 Pythia::next(): 6970 events have been generated 

 Pythia::next(): 6980 events have been generated 

 Pythia::next(): 6990 events have been generated 

 Pythia::next(): 7000 events have been generated 

 Pythia::next(): 7010 events have been generated 

 Pythia::next(): 7020 events have been generated 

 Pythia::next(): 7030 events have been generated 

 Pythia::next(): 7040 events have been generated 

 Pythia::next(): 7050 events have been generated 

 Pythia::next(): 7060 events have been generated 

 Pythia::next(): 7070 events have been generated 
 PYTHIA Warning in HadronWidths::pickMasses: angular momentum and running widths not used

 Pythia::next(): 7080 events have been generated 

 Pythia::next(): 7090 events have been generated 

 Pythia::next(): 7100 events have been generated 

 Pythia::next(): 7110 events have been generated 

 Pythia::next(): 7120 events have been generated 

 Pythia::next(): 7130 events have been generated 

 Pythia::next(): 7140 events have been generated 

 Pythia::next(): 7150 events have been generated 

 Pythia::next(): 7160 events have been generated 

 Pythia::next(): 7170 events have been generated 

 Pythia::next(): 7180 events have been generated 

 Pythia::next(): 7190 events have been generated 

 Pythia::next(): 7200 events have been generated 

 Pythia::next(): 7210 events have been generated 

 Pythia::next(): 7220 events have been generated 

 Pythia::next(): 7230 events have been generated 

 Pythia::next(): 7240 events have been generated 

 Pythia::next(): 7250 events have been generated 

 Pythia::next(): 7260 events have been generated 

 Pythia::next(): 7270 events have been generated 

 Pythia::next(): 7280 events have been generated 

 Pythia::next(): 7290 events have been generated 

 Pythia::next(): 7300 events have been generated 

 Pythia::next(): 7310 events have been generated 

 Pythia::next(): 7320 events have been generated 

 Pythia::next(): 7330 events have been generated 

 Pythia::next(): 7340 events have been generated 

 Pythia::next(): 7350 events have been generated 

 Pythia::next(): 7360 events have been generated 

 Pythia::next(): 7370 events have been generated 

 Pythia::next(): 7380 events have been generated 

 Pythia::next(): 7390 events have been generated 

 Pythia::next(): 7400 events have been generated 

 Pythia::next(): 7410 events have been generated 

 Pythia::next(): 7420 events have been generated 

 Pythia::next(): 7430 events have been generated 

 Pythia::next(): 7440 events have been generated 

 Pythia::next(): 7450 events have been generated 

 Pythia::next(): 7460 events have been generated 

 Pythia::next(): 7470 events have been generated 

 Pythia::next(): 7480 events have been generated 

 Pythia::next(): 7490 events have been generated 

 Pythia::next(): 7500 events have been generated 

 Pythia::next(): 7510 events have been generated 

 Pythia::next(): 7520 events have been generated 

 Pythia::next(): 7530 events have been generated 

 Pythia::next(): 7540 events have been generated 

 Pythia::next(): 7550 events have been generated 

 Pythia::next(): 7560 events have been generated 

 Pythia::next(): 7570 events have been generated 

 Pythia::next(): 7580 events have been generated 

 Pythia::next(): 7590 events have been generated 

 Pythia::next(): 7600 events have been generated 

 Pythia::next(): 7610 events have been generated 

 Pythia::next(): 7620 events have been generated 

 Pythia::next(): 7630 events have been generated 

 Pythia::next(): 7640 events have been generated 

 Pythia::next(): 7650 events have been generated 

 Pythia::next(): 7660 events have been generated 

 Pythia::next(): 7670 events have been generated 

 Pythia::next(): 7680 events have been generated 

 Pythia::next(): 7690 events have been generated 

 Pythia::next(): 7700 events have been generated 

 Pythia::next(): 7710 events have been generated 

 Pythia::next(): 7720 events have been generated 

 Pythia::next(): 7730 events have been generated 

 Pythia::next(): 7740 events have been generated 

 Pythia::next(): 7750 events have been generated 

 Pythia::next(): 7760 events have been generated 

 Pythia::next(): 7770 events have been generated 

 Pythia::next(): 7780 events have been generated 

 Pythia::next(): 7790 events have been generated 

 Pythia::next(): 7800 events have been generated 

 Pythia::next(): 7810 events have been generated 

 Pythia::next(): 7820 events have been generated 

 Pythia::next(): 7830 events have been generated 

 Pythia::next(): 7840 events have been generated 

 Pythia::next(): 7850 events have been generated 

 Pythia::next(): 7860 events have been generated 

 Pythia::next(): 7870 events have been generated 

 Pythia::next(): 7880 events have been generated 

 Pythia::next(): 7890 events have been generated 

 Pythia::next(): 7900 events have been generated 

 Pythia::next(): 7910 events have been generated 

 Pythia::next(): 7920 events have been generated 

 Pythia::next(): 7930 events have been generated 

 Pythia::next(): 7940 events have been generated 

 Pythia::next(): 7950 events have been generated 

 Pythia::next(): 7960 events have been generated 

 Pythia::next(): 7970 events have been generated 

 Pythia::next(): 7980 events have been generated 

 Pythia::next(): 7990 events have been generated 

 Pythia::next(): 8000 events have been generated 

 Pythia::next(): 8010 events have been generated 

 Pythia::next(): 8020 events have been generated 

 Pythia::next(): 8030 events have been generated 

 Pythia::next(): 8040 events have been generated 

 Pythia::next(): 8050 events have been generated 

 Pythia::next(): 8060 events have been generated 

 Pythia::next(): 8070 events have been generated 

 Pythia::next(): 8080 events have been generated 

 Pythia::next(): 8090 events have been generated 

 Pythia::next(): 8100 events have been generated 

 Pythia::next(): 8110 events have been generated 

 Pythia::next(): 8120 events have been generated 

 Pythia::next(): 8130 events have been generated 

 Pythia::next(): 8140 events have been generated 

 Pythia::next(): 8150 events have been generated 

 Pythia::next(): 8160 events have been generated 

 Pythia::next(): 8170 events have been generated 

 Pythia::next(): 8180 events have been generated 

 Pythia::next(): 8190 events have been generated 

 Pythia::next(): 8200 events have been generated 

 Pythia::next(): 8210 events have been generated 

 Pythia::next(): 8220 events have been generated 

 Pythia::next(): 8230 events have been generated 

 Pythia::next(): 8240 events have been generated 

 Pythia::next(): 8250 events have been generated 

 Pythia::next(): 8260 events have been generated 

 Pythia::next(): 8270 events have been generated 

 Pythia::next(): 8280 events have been generated 

 Pythia::next(): 8290 events have been generated 

 Pythia::next(): 8300 events have been generated 

 Pythia::next(): 8310 events have been generated 

 Pythia::next(): 8320 events have been generated 

 Pythia::next(): 8330 events have been generated 

 Pythia::next(): 8340 events have been generated 

 Pythia::next(): 8350 events have been generated 

 Pythia::next(): 8360 events have been generated 

 Pythia::next(): 8370 events have been generated 

 Pythia::next(): 8380 events have been generated 

 Pythia::next(): 8390 events have been generated 

 Pythia::next(): 8400 events have been generated 

 Pythia::next(): 8410 events have been generated 

 Pythia::next(): 8420 events have been generated 

 Pythia::next(): 8430 events have been generated 

 Pythia::next(): 8440 events have been generated 

 Pythia::next(): 8450 events have been generated 

 Pythia::next(): 8460 events have been generated 

 Pythia::next(): 8470 events have been generated 

 Pythia::next(): 8480 events have been generated 

 Pythia::next(): 8490 events have been generated 

 Pythia::next(): 8500 events have been generated 

 Pythia::next(): 8510 events have been generated 

 Pythia::next(): 8520 events have been generated 

 Pythia::next(): 8530 events have been generated 

 Pythia::next(): 8540 events have been generated 

 Pythia::next(): 8550 events have been generated 

 Pythia::next(): 8560 events have been generated 

 Pythia::next(): 8570 events have been generated 

 Pythia::next(): 8580 events have been generated 

 Pythia::next(): 8590 events have been generated 

 Pythia::next(): 8600 events have been generated 

 Pythia::next(): 8610 events have been generated 

 Pythia::next(): 8620 events have been generated 

 Pythia::next(): 8630 events have been generated 

 Pythia::next(): 8640 events have been generated 

 Pythia::next(): 8650 events have been generated 

 Pythia::next(): 8660 events have been generated 

 Pythia::next(): 8670 events have been generated 

 Pythia::next(): 8680 events have been generated 

 Pythia::next(): 8690 events have been generated 

 Pythia::next(): 8700 events have been generated 

 Pythia::next(): 8710 events have been generated 

 Pythia::next(): 8720 events have been generated 

 Pythia::next(): 8730 events have been generated 

 Pythia::next(): 8740 events have been generated 

 Pythia::next(): 8750 events have been generated 

 Pythia::next(): 8760 events have been generated 

 Pythia::next(): 8770 events have been generated 

 Pythia::next(): 8780 events have been generated 

 Pythia::next(): 8790 events have been generated 

 Pythia::next(): 8800 events have been generated 

 Pythia::next(): 8810 events have been generated 

 Pythia::next(): 8820 events have been generated 

 Pythia::next(): 8830 events have been generated 

 Pythia::next(): 8840 events have been generated 

 Pythia::next(): 8850 events have been generated 

 Pythia::next(): 8860 events have been generated 

 Pythia::next(): 8870 events have been generated 

 Pythia::next(): 8880 events have been generated 

 Pythia::next(): 8890 events have been generated 

 Pythia::next(): 8900 events have been generated 

 Pythia::next(): 8910 events have been generated 

 Pythia::next(): 8920 events have been generated 

 Pythia::next(): 8930 events have been generated 

 Pythia::next(): 8940 events have been generated 

 Pythia::next(): 8950 events have been generated 

 Pythia::next(): 8960 events have been generated 

 Pythia::next(): 8970 events have been generated 

 Pythia::next(): 8980 events have been generated 

 Pythia::next(): 8990 events have been generated 

 Pythia::next(): 9000 events have been generated 

 Pythia::next(): 9010 events have been generated 

 Pythia::next(): 9020 events have been generated 

 Pythia::next(): 9030 events have been generated 

 Pythia::next(): 9040 events have been generated 

 Pythia::next(): 9050 events have been generated 

 Pythia::next(): 9060 events have been generated 

 Pythia::next(): 9070 events have been generated 

 Pythia::next(): 9080 events have been generated 

 Pythia::next(): 9090 events have been generated 

 Pythia::next(): 9100 events have been generated 

 Pythia::next(): 9110 events have been generated 

 Pythia::next(): 9120 events have been generated 

 Pythia::next(): 9130 events have been generated 

 Pythia::next(): 9140 events have been generated 

 Pythia::next(): 9150 events have been generated 

 Pythia::next(): 9160 events have been generated 

 Pythia::next(): 9170 events have been generated 

 Pythia::next(): 9180 events have been generated 

 Pythia::next(): 9190 events have been generated 

 Pythia::next(): 9200 events have been generated 

 Pythia::next(): 9210 events have been generated 

 Pythia::next(): 9220 events have been generated 

 Pythia::next(): 9230 events have been generated 

 Pythia::next(): 9240 events have been generated 

 Pythia::next(): 9250 events have been generated 

 Pythia::next(): 9260 events have been generated 

 Pythia::next(): 9270 events have been generated 

 Pythia::next(): 9280 events have been generated 

 Pythia::next(): 9290 events have been generated 

 Pythia::next(): 9300 events have been generated 

 Pythia::next(): 9310 events have been generated 

 Pythia::next(): 9320 events have been generated 

 Pythia::next(): 9330 events have been generated 

 Pythia::next(): 9340 events have been generated 

 Pythia::next(): 9350 events have been generated 

 Pythia::next(): 9360 events have been generated 

 Pythia::next(): 9370 events have been generated 

 Pythia::next(): 9380 events have been generated 

 Pythia::next(): 9390 events have been generated 

 Pythia::next(): 9400 events have been generated 

 Pythia::next(): 9410 events have been generated 

 Pythia::next(): 9420 events have been generated 

 Pythia::next(): 9430 events have been generated 

 Pythia::next(): 9440 events have been generated 

 Pythia::next(): 9450 events have been generated 

 Pythia::next(): 9460 events have been generated 

 Pythia::next(): 9470 events have been generated 

 Pythia::next(): 9480 events have been generated 

 Pythia::next(): 9490 events have been generated 

 Pythia::next(): 9500 events have been generated 

 Pythia::next(): 9510 events have been generated 

 Pythia::next(): 9520 events have been generated 

 Pythia::next(): 9530 events have been generated 

 Pythia::next(): 9540 events have been generated 

 Pythia::next(): 9550 events have been generated 

 Pythia::next(): 9560 events have been generated 

 Pythia::next(): 9570 events have been generated 
 PYTHIA Warning in TauDecays::decay: maximum decay weight exceeded in tau decay

 Pythia::next(): 9580 events have been generated 

 Pythia::next(): 9590 events have been generated 

 Pythia::next(): 9600 events have been generated 

 Pythia::next(): 9610 events have been generated 

 Pythia::next(): 9620 events have been generated 

 Pythia::next(): 9630 events have been generated 

 Pythia::next(): 9640 events have been generated 

 Pythia::next(): 9650 events have been generated 

 Pythia::next(): 9660 events have been generated 

 Pythia::next(): 9670 events have been generated 

 Pythia::next(): 9680 events have been generated 

 Pythia::next(): 9690 events have been generated 

 Pythia::next(): 9700 events have been generated 

 Pythia::next(): 9710 events have been generated 

 Pythia::next(): 9720 events have been generated 

 Pythia::next(): 9730 events have been generated 

 Pythia::next(): 9740 events have been generated 

 Pythia::next(): 9750 events have been generated 

 Pythia::next(): 9760 events have been generated 

 Pythia::next(): 9770 events have been generated 

 Pythia::next(): 9780 events have been generated 

 Pythia::next(): 9790 events have been generated 

 Pythia::next(): 9800 events have been generated 

 Pythia::next(): 9810 events have been generated 

 Pythia::next(): 9820 events have been generated 

 Pythia::next(): 9830 events have been generated 

 Pythia::next(): 9840 events have been generated 

 Pythia::next(): 9850 events have been generated 

 Pythia::next(): 9860 events have been generated 

 Pythia::next(): 9870 events have been generated 

 Pythia::next(): 9880 events have been generated 

 Pythia::next(): 9890 events have been generated 

 Pythia::next(): 9900 events have been generated 

 Pythia::next(): 9910 events have been generated 

 Pythia::next(): 9920 events have been generated 

 Pythia::next(): 9930 events have been generated 

 Pythia::next(): 9940 events have been generated 

 Pythia::next(): 9950 events have been generated 

 Pythia::next(): 9960 events have been generated 

 Pythia::next(): 9970 events have been generated 

 Pythia::next(): 9980 events have been generated 

 Pythia::next(): 9990 events have been generated 

 *-------  PYTHIA Event and Cross Section Statistics  -------------------------------------------------------------*
 |                                                                                                                 |
 | Subprocess                                    Code |            Number of events       |      sigma +- delta    |
 |                                                    |       Tried   Selected   Accepted |     (estimated) (mb)   |
 |                                                    |                                   |                        |
 |-----------------------------------------------------------------------------------------------------------------|
 |                                                    |                                   |                        |
 | Les Houches User Process(es)                  9999 |       10000      10000      10000 |   5.118e-07  1.141e-15 |
 |    ... whereof user classification code          1 |       10000      10000      10000 |                        | 
 |                                                    |                                   |                        |
 | sum                                                |       10000      10000      10000 |   5.118e-07  1.141e-15 |
 |                                                                                                                 |
 *-------  End PYTHIA Event and Cross Section Statistics ----------------------------------------------------------*

 *-------  PYTHIA Error and Warning Messages Statistics  ----------------------------------------------------------* 
 |                                                                                                                 | 
 |  times   message                                                                                                | 
 |                                                                                                                 | 
 |      1   Warning in HadronWidths::pickMasses: angular momentum and running widths not used                      | 
 |      1   Warning in MultipartonInteractions::pTnext: weight above unity                                         | 
 |      1   Warning in SLHAinterface::initSLHA: ignoring DECAY tables                                              | 
 |      1   Warning in SLHAinterface::initSLHA: ignoring MASS entries                                              | 
 |      1   Warning in SLHAinterface::initSLHA: ignoring empty DECAY tables                                        | 
 |      1   Warning in SimpleSpaceShower::pT2nextQCD: weight above unity                                           | 
 |      1   Warning in SimpleTimeShower::pTnext: negative dipole mass                                              | 
 |      1   Warning in TauDecays::decay: maximum decay weight exceeded in tau decay                                | 
 |      1   Info from SLHAinterface::initSLHA: No MODSEL found, keeping internal SUSY switched off                 | 
 |                                                                                                                 | 
 *-------  End PYTHIA Error and Warning Messages Statistics  ------------------------------------------------------* 
Wrote 10000 events to /uscms_data/d3/iturkmen/hh4b_delphes/hepmc/ttbar_100k_shard004_pythia8.hepmc
** INFO: initializing module  Delphes                  
** INFO: initializing module  ParticlePropagator       
** INFO: initializing module  ChargedHadronTrackingEfficiency
** INFO: initializing module  ElectronTrackingEfficiency
** INFO: initializing module  MuonTrackingEfficiency   
** INFO: initializing module  ChargedHadronMomentumSmearing
** INFO: initializing module  ElectronMomentumSmearing 
** INFO: initializing module  MuonMomentumSmearing     
** INFO: initializing module  TrackMerger              
** INFO: initializing module  ECal                     
** INFO: initializing module  HCal                     
** INFO: initializing module  Calorimeter              
** INFO: initializing module  EFlowMerger              
** INFO: initializing module  EFlowFilter              
** INFO: initializing module  PhotonEfficiency         
** INFO: initializing module  PhotonIsolation          
** INFO: initializing module  ElectronFilter           
** INFO: initializing module  ElectronEfficiency       
** INFO: initializing module  ElectronIsolation        
** INFO: initializing module  ChargedHadronFilter      
** INFO: initializing module  MuonEfficiency           
** INFO: initializing module  MuonIsolation            
** INFO: initializing module  MissingET                
** INFO: initializing module  NeutrinoFilter           
** INFO: initializing module  GenJetFinder             
#--------------------------------------------------------------------------
#                         FastJet release 3.5.1
#                 M. Cacciari, G.P. Salam and G. Soyez                  
#     A software package for jet finding and analysis at colliders      
#                           https://fastjet.fr                           
#	                                                                      
# Please cite EPJC72(2012)1896 [arXiv:1111.6097] if you use this package
# for scientific work and optionally PLB641(2006)57 [hep-ph/0512210].   
#                                                                       
# FastJet is provided without warranty under the GNU GPL v2 or higher.  
# It uses T. Chan's closest pair algorithm, S. Fortune's Voronoi code
# and 3rd party plugin jet algorithms. See COPYING file for details.
#--------------------------------------------------------------------------
** INFO: initializing module  GenMissingET             
** INFO: initializing module  FastJetFinder            
** INFO: initializing module  FatJetFinder             
** INFO: initializing module  JetEnergyScale           
** INFO: initializing module  JetFlavorAssociation     
** INFO: initializing module  BTagging                 
** INFO: initializing module  TauTagging               
** INFO: initializing module  UniqueObjectFinder       
** INFO: initializing module  ScalarHT                 
** INFO: initializing module  TreeWriter               
** Reading /uscms_data/d3/iturkmen/hh4b_delphes/hepmc/ttbar_100k_shard004_pythia8.hepmc
** [----------------------------------------------------------------] (0.01%)** [#---------------------------------------------------------------] (1.96%)** [##--------------------------------------------------------------] (3.18%)** [###-------------------------------------------------------------] (5.57%)** [####------------------------------------------------------------] (6.61%)** [#####-----------------------------------------------------------] (8.08%)** [######----------------------------------------------------------] (10.18%)** [#######---------------------------------------------------------] (11.75%)** [########--------------------------------------------------------] (12.61%)** [#########-------------------------------------------------------] (14.60%)** [##########------------------------------------------------------] (16.28%)** [###########-----------------------------------------------------] (17.61%)** [############----------------------------------------------------] (19.21%)** [#############---------------------------------------------------] (20.44%)** [##############--------------------------------------------------] (21.90%)** [###############-------------------------------------------------] (23.66%)** [################------------------------------------------------] (25.57%)** [#################-----------------------------------------------] (27.38%)** [##################----------------------------------------------] (28.57%)** [###################---------------------------------------------] (30.14%)** [####################--------------------------------------------] (31.36%)** [#####################-------------------------------------------] (33.02%)** [######################------------------------------------------] (34.83%)** [#######################-----------------------------------------] (36.03%)** [########################----------------------------------------] (37.85%)** [#########################---------------------------------------] (39.59%)** [##########################--------------------------------------] (40.84%)** [###########################-------------------------------------] (42.40%)** [############################------------------------------------] (43.89%)** [#############################-----------------------------------] (45.62%)** [##############################----------------------------------] (46.90%)** [###############################---------------------------------] (49.20%)** [################################--------------------------------] (50.56%)** [#################################-------------------------------] (52.04%)** [##################################------------------------------] (53.27%)** [###################################-----------------------------] (54.82%)** [####################################----------------------------] (56.59%)** [#####################################---------------------------] (57.87%)** [######################################--------------------------] (60.21%)** [#######################################-------------------------] (61.42%)** [########################################------------------------] (62.82%)** [#########################################-----------------------] (64.11%)** [##########################################----------------------] (66.40%)** [###########################################---------------------] (67.31%)** [############################################--------------------] (69.26%)** [#############################################-------------------] (70.98%)** [##############################################------------------] (72.08%)** [###############################################-----------------] (73.94%)** [################################################----------------] (75.15%)** [#################################################---------------] (76.66%)** [##################################################--------------] (78.44%)** [###################################################-------------] (80.33%)** [####################################################------------] (82.12%)** [#####################################################-----------] (83.33%)** [######################################################----------] (84.86%)** [#######################################################---------] (86.14%)** [########################################################--------] (87.73%)** [#########################################################-------] (89.44%)** [##########################################################------] (90.73%)** [###########################################################-----] (92.28%)** [############################################################----] (94.38%)** [#############################################################---] (95.96%)** [##############################################################--] (96.88%)** [###############################################################-] (98.76%)** [################################################################] (100.00%)
** Exiting...
FILE: /uscms_data/d3/iturkmen/hh4b_delphes/root/ttbar_100k_shard004_pythia8_delphes.root

KEYS:
  ProcessID0;1
  Delphes;1

TREE: Delphes
ENTRIES: 10000

OBJECT CHECK:
  Event: OK
  Particle: OK
  Jet: OK
  GenJet: OK
  MissingET: OK
  GenMissingET: OK
  Electron: OK
  Muon: OK

SIZE BRANCHES:
  Event_size
  Weight_size
  Particle_size
  Track_size
  Tower_size
  EFlowTrack_size
  EFlowPhoton_size
  EFlowNeutralHadron_size
  GenJet_size
  GenMissingET_size
  Jet_size
  Electron_size
  Photon_size
  Muon_size
  FatJet_size
  MissingET_size
  ScalarHT_size
Input: /uscms_data/d3/iturkmen/hh4b_delphes/root/ttbar_100k_shard004_pythia8_delphes.root
Events: 10000

      event  n_higgs_particles  ...  n_genjets_flavor5  n_genjets_btag
0         0                  0  ...                  0               0
1         1                  0  ...                  0               0
2         2                  0  ...                  0               0
3         3                  0  ...                  0               0
4         4                  0  ...                  0               0
...     ...                ...  ...                ...             ...
9995   9995                  0  ...                  0               0
9996   9996                  0  ...                  0               0
9997   9997                  0  ...                  0               0
9998   9998                  0  ...                  0               0
9999   9999                  0  ...                  0               0

[10000 rows x 15 columns]

Column sums:
  n_higgs_particles: 0
  n_b_particles: 101284
  n_status1_b_particles: 0
  n_jets: 54301
  n_jets_pt30_eta25: 41635
  n_jets_flavor5: 17378
  n_jets_flavoralgo5: 0
  n_jets_flavorphys5: 0
  n_btagged_jets: 12862
  n_btagged_jets_pt30_eta25: 11913
  n_genjets: 59751
  n_genjets_pt30_eta25: 43228
  n_genjets_flavor5: 0
  n_genjets_btag: 0

Events with >=4 reconstructed jets: 6586
Events with >=4 reconstructed b-tagged jets: 26
Events with >=4 jet FlavorPhys b jets: 0
Events with >=4 generator-level b particles: 9987

Wrote: /uscms_data/d3/iturkmen/hh4b_delphes/metadata/ttbar_100k_shard004_diagnostic.csv
Wrote: /uscms_data/d3/iturkmen/hh4b_delphes/parquet/ttbar_100k_shard004_event_summary.parquet
                   sample  event  ...  ht_pt30_eta25         met
0     ttbar_100k_shard004      0  ...     128.537827   66.328613
1     ttbar_100k_shard004      1  ...     550.552979   11.408704
2     ttbar_100k_shard004      2  ...     240.796295  108.751205
3     ttbar_100k_shard004      3  ...     499.888611   21.658329
4     ttbar_100k_shard004      4  ...     195.277237   37.240139
...                   ...    ...  ...            ...         ...
9995  ttbar_100k_shard004   9995  ...     395.192261   31.014322
9996  ttbar_100k_shard004   9996  ...     201.595184   51.086990
9997  ttbar_100k_shard004   9997  ...     288.659912   16.301418
9998  ttbar_100k_shard004   9998  ...     278.571259    8.197898
9999  ttbar_100k_shard004   9999  ...     657.010742    7.246480

[10000 rows x 13 columns]

Selection counts:
  events: 10000
  events with >=4 selected jets: 6586
  events with >=4 selected b-tagged jets: 26
DONE: ttbar_100k_shard004
ROOT: /uscms_data/d3/iturkmen/hh4b_delphes/root/ttbar_100k_shard004_pythia8_delphes.root
HEPMC: /uscms_data/d3/iturkmen/hh4b_delphes/hepmc/ttbar_100k_shard004_pythia8.hepmc
PARQUET: /uscms_data/d3/iturkmen/hh4b_delphes/parquet/ttbar_100k_shard004_event_summary.parquet
DIAGNOSTIC: /uscms_data/d3/iturkmen/hh4b_delphes/metadata/ttbar_100k_shard004_diagnostic.csv
Input events: 10000
Events with >=4 selected b-tagged jets: 26
Wrote: /uscms_data/d3/iturkmen/hh4b_delphes/parquet/ttbar_100k_shard004_hh4b_candidates.parquet

             mbb1        mbb2  ...          mhh  n_selected_bjets
count   26.000000   26.000000  ...    26.000000              26.0
mean   165.865075  120.375046  ...   463.050426               4.0
std     80.454314   47.639411  ...   213.167492               0.0
min     76.326866   32.509101  ...   131.013423               4.0
25%    119.720017   88.025063  ...   308.847175               4.0
50%    141.408723  118.569525  ...   412.987209               4.0
75%    187.197108  138.689079  ...   567.649989               4.0
max    357.272974  267.689699  ...  1055.129815               4.0

[8 rows x 6 columns]
sample: ttbar_100k_shard004
events: 10000
candidate rows: 26
cross-section median pb: 511.8415222167969
events with >=4 selected jets: 6586
events with >=4 selected b-tagged jets: 26
median mbb1: 141.40872264038157
median mbb2: 118.56952481273808
median avg_mbb: 128.32208719635037
median delta_mbb: 41.891919182557345
median mhh: 412.9872088009547
median n_selected_bjets: 4.0
Wrote: /uscms_data/d3/iturkmen/hh4b_delphes/metadata/ttbar_100k_shard004_summary.txt
DONE ttbar_100k_shard004
Finished shard 004

============================================================
Starting shard 005 / campaign ttbar_100k
TAG=ttbar_100k_shard005
RUN_NAME=run_ttbar_100k_005
SEED=105005
============================================================
PROCESS_DIR=/uscms_data/d3/iturkmen/hh4b_delphes/mg5/TTbar_smoke
RUN_NAME=run_ttbar_100k_005
N_EVENTS=10000
SEED=105005
OUTPUT_TAG=ttbar_100k_shard005
APPLY_B_CUTS=yes
Updated run card:
 10000 = nevents ! Number of unweighted events
 105005 = iseed ! Random seed
 25.0 = ptb ! minimum pt for b quarks
 2.7 = etab ! maximum eta for b quarks
 0.4 = drbb ! minimum deltaR between b quarks
 0.4 = drbj ! minimum deltaR between b and light jets
 20.0 = ptj ! minimum pt for jets
 5.0 = etaj ! maximum eta for jets
************************************************************
*                                                          *
*                      W E L C O M E to                    *
*             M A D G R A P H 5 _ a M C @ N L O            *
*                      M A D E V E N T                     *
*                                                          *
*                 *                       *                *
*                   *        * *        *                  *
*                     * * * * 5 * * * *                    *
*                   *        * *        *                  *
*                 *                       *                *
*                                                          *
*         VERSION 3.5.3                                    *
*                                                          *
*    The MadGraph5_aMC@NLO Development Team - Find us at   *
*    https://server06.fynu.ucl.ac.be/projects/madgraph     *
*                                                          *
*               Type 'help' for in-line help.              *
*                                                          *
************************************************************
INFO: load configuration from /uscms_data/d3/iturkmen/hh4b_delphes/mg5/TTbar_smoke/Cards/me5_configuration.txt  
INFO: load configuration from /cvmfs/sft.cern.ch/lcg/releases/MCGenerators/madgraph5amc/3.5.3.atlas7-2c347/x86_64-el9-gcc13-opt/input/mg5_configuration.txt  
INFO: load configuration from /uscms_data/d3/iturkmen/hh4b_delphes/mg5/TTbar_smoke/Cards/me5_configuration.txt  
Using default text editor "vi". Set another one in ./input/mg5_configuration.txt
Using default eps viewer "evince". Set another one in ./input/mg5_configuration.txt
Using default web browser "firefox". Set another one in ./input/mg5_configuration.txt
generate_events run_ttbar_100k_005 -f
Generating 10000 events with run name run_ttbar_100k_005
survey  run_ttbar_100k_005 
INFO: compile directory 
compile Source Directory
Using random number seed offset = 105005
INFO: Running Survey 
Creating Jobs
Working on SubProcesses
INFO: Compiling for process 1/3. 
INFO:     P1_gg_ttx  
  0%|          | 0/707 [00:00<?, ?it/s]100%|██████████| 707/707 [00:00<00:00, 135411.34it/s]
INFO: Compiling for process 2/3. 
INFO:     P1_qq_ttx  
  0%|          | 0/703 [00:00<?, ?it/s]100%|██████████| 703/703 [00:00<00:00, 242682.77it/s]
INFO: Compiling for process 3/3. 
INFO:     P1_bbx_ttx  
  0%|          | 0/699 [00:00<?, ?it/s]100%|██████████| 699/699 [00:00<00:00, 215116.19it/s]
INFO:     P1_gg_ttx  
INFO:     P1_qq_ttx  
INFO:     P1_bbx_ttx  
INFO:  Idle: 1,  Running: 0,  Completed: 2 [ current time: 12h49 ] 
INFO:  Idle: 0,  Running: 1,  Completed: 2 [ current time: 12h49 ] 
INFO:  Idle: 0,  Running: 0,  Completed: 3 [  0.22s  ] 
INFO: End survey 
refine 10000
Creating Jobs
INFO: Refine results to 10000 
INFO: Generating 10000.0 unweighted events. 
sum of cpu time of last step: 1 seconds
INFO: Effective Luminosity 23.22163494707441 pb^-1 
INFO: need to improve 2 channels 
- Current estimate of cross-section: 516.75948 +- 2.799528725382621
    P1_gg_ttx 
    P1_qq_ttx 
    P1_bbx_ttx 
INFO:  Idle: 0,  Running: 2,  Completed: 11 [ current time: 12h49 ] 
INFO:  Idle: 0,  Running: 0,  Completed: 13 [  0.33s  ] 
INFO: Combining runs 
sum of cpu time of last step: 9 seconds
INFO: finish refine 
refine 10000 --treshold=0.9
No need for second refine due to stability of cross-section
INFO: Combining Events 
combination of events done in 2.2430837154388428 s 
  === Results Summary for run: run_ttbar_100k_005 tag: tag_1 ===

     Cross-section :   512.2 +- 0.6456 pb
     Nb of events :  10000
 
INFO: Running Systematics computation 
INFO:  Idle: 2,  Running: 2,  Completed: 0 [ current time: 12h49 ] 
INFO:  Idle: 0,  Running: 3,  Completed: 1 [  8s  ] 
INFO: # Events generated with PDF: NNPDF23_lo_as_0130_qed (247000) 
INFO: # Will Compute 145 weights per event. 
INFO: #***************************************************************************
#
# original cross-section: 512.0518797960854
#     scale variation: +30.2% -21.7%
#     central scheme variation: +1.3e-09% -26%
# PDF variation: +4.26% -4.26%
#
# dynamical scheme # 1 : 486.451 +29.9% -21.6% # \sum ET
# dynamical scheme # 2 : 400.882 +27.7% -20.5% # \sum\sqrt{m^2+pt^2}
# dynamical scheme # 3 : 512.052 +30.2% -21.7% # 0.5 \sum\sqrt{m^2+pt^2}
# dynamical scheme # 4 : 378.826 +27.1% -20.1% # \sqrt{\hat s}
#***************************************************************************
 
INFO: End of systematics computation 
store_events
INFO: Storing parton level results 
INFO: End Parton 
reweight -from_cards
decay_events -from_cards
INFO: storing files of previous run 
INFO: Done 
quit
INFO:  
LHE=/uscms_data/d3/iturkmen/hh4b_delphes/mg5/TTbar_smoke/Events/run_ttbar_100k_005/unweighted_events.lhe.gz
N_FOUND=10000
Sample: ttbar_100k_shard005
Input LHE.GZ: /uscms_data/d3/iturkmen/hh4b_delphes/mg5/TTbar_smoke/Events/run_ttbar_100k_005/unweighted_events.lhe.gz
Events requested: 10000
Output tag: ttbar_100k_shard005
LHE: /uscms_data/d3/iturkmen/hh4b_delphes/mg5/TTbar_smoke/Events/run_ttbar_100k_005/unweighted_events.lhe
HEPMC: /uscms_data/d3/iturkmen/hh4b_delphes/hepmc/ttbar_100k_shard005_pythia8.hepmc
ROOT: /uscms_data/d3/iturkmen/hh4b_delphes/root/ttbar_100k_shard005_pythia8_delphes.root
LHE event count: 10000

 *------------------------------------------------------------------------------------* 
 |                                                                                    | 
 |  *------------------------------------------------------------------------------*  | 
 |  |                                                                              |  | 
 |  |                                                                              |  | 
 |  |   PPP   Y   Y  TTTTT  H   H  III    A      Welcome to the Lund Monte Carlo!  |  | 
 |  |   P  P   Y Y     T    H   H   I    A A     This is PYTHIA version 8.312      |  | 
 |  |   PPP     Y      T    HHHHH   I   AAAAA    Last date of change: 23 May 2024  |  | 
 |  |   P       Y      T    H   H   I   A   A                                      |  | 
 |  |   P       Y      T    H   H  III  A   A    Now is 08 Jul 2026 at 12:50:43    |  | 
 |  |                                                                              |  | 
 |  |   Program documentation and an archive of historic versions is found on:     |  | 
 |  |                                                                              |  | 
 |  |                               https://pythia.org/                            |  | 
 |  |                                                                              |  | 
 |  |   PYTHIA is authored by a collaboration consisting of:                       |  | 
 |  |                                                                              |  | 
 |  |   Javira Altmann, Christian Bierlich, Naomi Cooke, Nishita Desai,            |  | 
 |  |   Leif Gellersen, Ilkka Helenius, Philip Ilten, Leif Lonnblad,               |  | 
 |  |   Stephen Mrenna, Christian Preuss, Torbjorn Sjostrand, Peter Skands,        |  | 
 |  |   Marius Utheim, and Rob Verheyen.                                           |  | 
 |  |                                                                              |  | 
 |  |   The complete list of authors, including contact information and            |  | 
 |  |   affiliations, can be found on https://pythia.org/.                         |  | 
 |  |   Problems or bugs should be reported on email at authors@pythia.org.        |  | 
 |  |                                                                              |  | 
 |  |   The main program reference is C. Bierlich et al,                           |  | 
 |  |   'A comprehensive guide to the physics and usage of Pythia 8.3',            |  | 
 |  |   SciPost Phys. Codebases 8-r8.3 (2022) [arXiv:2203.11601 [hep-ph]]          |  | 
 |  |                                                                              |  | 
 |  |   PYTHIA is released under the GNU General Public Licence version 2 or later.|  | 
 |  |   Please respect the MCnet Guidelines for Event Generator Authors and Users. |  | 
 |  |                                                                              |  | 
 |  |   Disclaimer: this program comes without any guarantees.                     |  | 
 |  |   Beware of errors and use common sense when interpreting results.           |  | 
 |  |                                                                              |  | 
 |  |   Copyright (C) 2024 Torbjorn Sjostrand                                      |  | 
 |  |                                                                              |  | 
 |  |                                                                              |  | 
 |  *------------------------------------------------------------------------------*  | 
 |                                                                                    | 
 *------------------------------------------------------------------------------------* 

 *-----------------------  SusyLesHouches SUSY/BSM Interface  ------------------------*
 | Last Change 12 Apr 2017 - P. Skands
 | Parsing: /uscms_data/d3/iturkmen/hh4b_delphes/mg5/TTbar_smoke/Events/run_ttbar_100k_005/unweighted_events.lhe
 | (SLHA::readFile) line 330 - storing non-SLHA(2) block: yukawa
 *------------------------------------------------------------------------------------*
 PYTHIA Info from SLHAinterface::initSLHA: No MODSEL found, keeping internal SUSY switched off
 PYTHIA Warning in SLHAinterface::initSLHA: ignoring MASS entries for id = {1,2,3,4,5,11,12,13,14,15,16,21,22,23,24} (m0 < SLHA:minMassSM)
 PYTHIA Warning in SLHAinterface::initSLHA: ignoring DECAY tables for id = {23,24,1,2,3,4,5,11,12,13,14,15,16,21,22} (m0 < SLHA:minMassSM)
 PYTHIA Warning in SLHAinterface::initSLHA: ignoring empty DECAY tables for id = {6,25} (total width provided but no Branching Ratios)

 *-------  PYTHIA Process Initialization  --------------------------*
 |                                                                  |
 | We collide p+ with p+ at a CM energy of 1.300e+04 GeV            |
 |                                                                  |
 |------------------------------------------------------------------|
 |                                                    |             |
 | Subprocess                                    Code |   Estimated |
 |                                                    |    max (mb) |
 |                                                    |             |
 |------------------------------------------------------------------|
 |                                                    |             |
 | Les Houches User Process(es)                  9999 |   1.000e-09 |
 |                                                                  |
 *-------  End PYTHIA Process Initialization -----------------------*

 *-------  PYTHIA Multiparton Interactions Initialization  ---------* 
 |                                                                  | 
 |                   sigmaNonDiffractive =    56.42 mb              | 
 |                                                                  | 
 |    pT0 =  2.60 gives sigmaInteraction =   317.96 mb: accepted    | 
 |                                                                  | 
 *-------  End PYTHIA Multiparton Interactions Initialization  -----* 

 *-------  PYTHIA Flag + Mode + Parm + Word + FVec + MVec + PVec + WVec Settings (changes only)  ------------------* 
 |                                                                                                                 | 
 | Name                                          |                      Now |      Default         Min         Max | 
 |                                               |                          |                                      | 
 | Beams:frameType                               |                        4 |            1           1           5 | 
 | Beams:LHEF                                    | /uscms_data/d3/iturkmen/hh4b_delphes/mg5/TTbar_smoke/Events/run_ttbar_100k_005/unweighted_events.lhe |         void | 
 | Check:event                                   |                      off |           on                         | 
 | Next:numberCount                              |                       10 |         1000           0             | 
 | Next:numberShowEvent                          |                        0 |            1           0             | 
 | Next:numberShowInfo                           |                        0 |            1           0             | 
 | Next:numberShowProcess                        |                        0 |            1           0             | 
 |                                                                                                                 | 
 *-------  End PYTHIA Flag + Mode + Parm + Word + FVec + MVec + PVec + WVec Settings  -----------------------------* 

 --------  PYTHIA Particle Data Table (changed only)  ------------------------------------------------------------------------------
 
      id   name            antiName         spn chg col      m0        mWidth      mMin       mMax       tau0    res dec ext vis wid
             no onMode   bRatio   meMode     products 

       6  t                tbar               2   2   1  173.00000    1.35678  166.40000  179.60000  1.45438e-13   1   1   0   1   0
              0     1   0.0000664    0       24        1 
              1     1   0.0017361    0       24        3 
              2     1   0.9981975    0       24        5 
              3     0   0.0000000    0       37        5 

      25  h0                                  1   0   0  125.00000    0.00408  124.96809  125.03191  4.83238e-11   1   1   0   0   0
              0     1   0.0000009    0        1       -1 
              1     1   0.0000002    0        2       -2 
              2     1   0.0002163    0        3       -3 
              3     1   0.0288493    0        4       -4 
              4     1   0.5768873    0        5       -5 
              5     1   0.0000000    0        6       -6 
              6     1   0.0000000    0       11      -11 
              7     1   0.0002185    0       13      -13 
              8     1   0.0628569    0       15      -15 
              9     1   0.0850383    0       21       21 
             10     1   0.0022965    0       22       22 
             11     1   0.0016155    0       22       23 
             12     1   0.0261758    0       23       23 
             13     1   0.2158445    0       24      -24 
             14     1   0.0000000  103  1000022  1000022 
             15     1   0.0000000  103  1000023  1000022 
             16     1   0.0000000  103  1000023  1000023 
             17     1   0.0000000  103  1000025  1000022 
             18     1   0.0000000  103  1000025  1000023 
             19     1   0.0000000  103  1000025  1000025 
             20     1   0.0000000  103  1000035  1000022 
             21     1   0.0000000  103  1000035  1000023 
             22     1   0.0000000  103  1000035  1000025 
             23     1   0.0000000  103  1000035  1000035 
             24     1   0.0000000  103  1000024 -1000024 
             25     1   0.0000000  103  1000024 -1000037 
             26     1   0.0000000  103  1000037 -1000024 
             27     1   0.0000000  103  1000037 -1000037 
             28     1   0.0000000  103  1000001 -1000001 
             29     1   0.0000000  103  2000001 -2000001 
             30     1   0.0000000  103  1000001 -2000001 
             31     1   0.0000000  103 -1000001  2000001 
             32     1   0.0000000  103  1000002 -1000002 
             33     1   0.0000000  103  2000002 -2000002 
             34     1   0.0000000  103  1000002 -2000002 
             35     1   0.0000000  103 -1000002  2000002 
             36     1   0.0000000  103  1000003 -1000003 
             37     1   0.0000000  103  2000003 -2000003 
             38     1   0.0000000  103  1000003 -2000003 
             39     1   0.0000000  103 -1000003  2000003 
             40     1   0.0000000  103  1000004 -1000004 
             41     1   0.0000000  103  2000004 -2000004 
             42     1   0.0000000  103  1000004 -2000004 
             43     1   0.0000000  103 -1000004  2000004 
             44     1   0.0000000  103  1000005 -1000005 
             45     1   0.0000000  103  2000005 -2000005 
             46     1   0.0000000  103  1000005 -2000005 
             47     1   0.0000000  103 -1000005  2000005 
             48     1   0.0000000  103  1000006 -1000006 
             49     1   0.0000000  103  2000006 -2000006 
             50     1   0.0000000  103  1000006 -2000006 
             51     1   0.0000000  103 -1000006  2000006 
             52     1   0.0000000  103  1000011 -1000011 
             53     1   0.0000000  103  2000011 -2000011 
             54     1   0.0000000  103  1000011 -2000011 
             55     1   0.0000000  103 -1000011  2000011 
             56     1   0.0000000  103  1000012 -1000012 
             57     1   0.0000000  103  2000012 -2000012 
             58     1   0.0000000  103  1000012 -2000012 
             59     1   0.0000000  103 -1000012  2000012 
             60     1   0.0000000  103  1000013 -1000013 
             61     1   0.0000000  103  2000013 -2000013 
             62     1   0.0000000  103  1000013 -2000013 
             63     1   0.0000000  103 -1000013  2000013 
             64     1   0.0000000  103  1000014 -1000014 
             65     1   0.0000000  103  2000014 -2000014 
             66     1   0.0000000  103  1000014 -2000014 
             67     1   0.0000000  103 -1000014  2000014 
             68     1   0.0000000  103  1000015 -1000015 
             69     1   0.0000000  103  2000015 -2000015 
             70     1   0.0000000  103  1000015 -2000015 
             71     1   0.0000000  103 -1000015  2000015 
             72     1   0.0000000  103  1000016 -1000016 
             73     1   0.0000000  103  2000016 -2000016 
             74     1   0.0000000  103  1000016 -2000016 
             75     1   0.0000000  103 -1000016  2000016 

 --------  End PYTHIA Particle Data Table  -----------------------------------------------------------------------------------------


 --------  LHA initialization information  ------------ 

  beam    kind      energy  pdfgrp  pdfset 
     A    2212    6500.000       0  247000
     B    2212    6500.000       0  247000

  Event weighting strategy = -4

  Processes, with strategy-dependent cross section info 
  number      xsec (pb)      xerr (pb)      xmax (pb) 
       1     5.1221e+02     6.4561e-01     5.1221e+02

 --------  End LHA initialization information  -------- 

 --------  LHA event information and listing  ---------------------------------------------------------------------- 

    process =        1    weight =   5.1221e+02     scale =   2.0792e+02 (GeV) 
                        alpha_em =   7.5558e-03    alpha_strong =   1.1432e-01

    Participating Particles 
    no        id stat     mothers     colours      p_x        p_y        p_z         e          m        tau    spin 
     1        21   -1     0     0   503   502      0.000      0.000    633.966    633.966      0.000   0.000   1.000
     2        21   -1     0     0   501   503     -0.000     -0.000   -147.220    147.220      0.000   0.000  -1.000
     3         6    1     1     2   501     0   -115.249     13.847    -42.805    212.280    172.500   0.000   1.000
     4        -6    1     1     2     0   502    115.249    -13.847    529.551    568.907    172.500   0.000   1.000

 --------  End LHA event information and listing  ------------------------------------------------------------------ 

 Pythia::next(): 10 events have been generated 

 Pythia::next(): 20 events have been generated 

 Pythia::next(): 30 events have been generated 

 Pythia::next(): 40 events have been generated 

 Pythia::next(): 50 events have been generated 

 Pythia::next(): 60 events have been generated 

 Pythia::next(): 70 events have been generated 

 Pythia::next(): 80 events have been generated 

 Pythia::next(): 90 events have been generated 

 Pythia::next(): 100 events have been generated 

 Pythia::next(): 110 events have been generated 

 Pythia::next(): 120 events have been generated 

 Pythia::next(): 130 events have been generated 

 Pythia::next(): 140 events have been generated 

 Pythia::next(): 150 events have been generated 

 Pythia::next(): 160 events have been generated 

 Pythia::next(): 170 events have been generated 

 Pythia::next(): 180 events have been generated 

 Pythia::next(): 190 events have been generated 

 Pythia::next(): 200 events have been generated 

 Pythia::next(): 210 events have been generated 

 Pythia::next(): 220 events have been generated 

 Pythia::next(): 230 events have been generated 

 Pythia::next(): 240 events have been generated 

 Pythia::next(): 250 events have been generated 

 Pythia::next(): 260 events have been generated 

 Pythia::next(): 270 events have been generated 

 Pythia::next(): 280 events have been generated 

 Pythia::next(): 290 events have been generated 

 Pythia::next(): 300 events have been generated 

 Pythia::next(): 310 events have been generated 

 Pythia::next(): 320 events have been generated 

 Pythia::next(): 330 events have been generated 

 Pythia::next(): 340 events have been generated 

 Pythia::next(): 350 events have been generated 

 Pythia::next(): 360 events have been generated 

 Pythia::next(): 370 events have been generated 

 Pythia::next(): 380 events have been generated 

 Pythia::next(): 390 events have been generated 

 Pythia::next(): 400 events have been generated 

 Pythia::next(): 410 events have been generated 

 Pythia::next(): 420 events have been generated 

 Pythia::next(): 430 events have been generated 

 Pythia::next(): 440 events have been generated 

 Pythia::next(): 450 events have been generated 

 Pythia::next(): 460 events have been generated 

 Pythia::next(): 470 events have been generated 

 Pythia::next(): 480 events have been generated 

 Pythia::next(): 490 events have been generated 

 Pythia::next(): 500 events have been generated 
 PYTHIA Error in SimpleSpaceShower::pT2nearThreshold: stuck in loop

 Pythia::next(): 510 events have been generated 

 Pythia::next(): 520 events have been generated 

 Pythia::next(): 530 events have been generated 

 Pythia::next(): 540 events have been generated 

 Pythia::next(): 550 events have been generated 

 Pythia::next(): 560 events have been generated 

 Pythia::next(): 570 events have been generated 

 Pythia::next(): 580 events have been generated 

 Pythia::next(): 590 events have been generated 

 Pythia::next(): 600 events have been generated 

 Pythia::next(): 610 events have been generated 

 Pythia::next(): 620 events have been generated 

 Pythia::next(): 630 events have been generated 

 Pythia::next(): 640 events have been generated 

 Pythia::next(): 650 events have been generated 

 Pythia::next(): 660 events have been generated 

 Pythia::next(): 670 events have been generated 

 Pythia::next(): 680 events have been generated 

 Pythia::next(): 690 events have been generated 

 Pythia::next(): 700 events have been generated 

 Pythia::next(): 710 events have been generated 

 Pythia::next(): 720 events have been generated 

 Pythia::next(): 730 events have been generated 

 Pythia::next(): 740 events have been generated 

 Pythia::next(): 750 events have been generated 

 Pythia::next(): 760 events have been generated 

 Pythia::next(): 770 events have been generated 

 Pythia::next(): 780 events have been generated 

 Pythia::next(): 790 events have been generated 

 Pythia::next(): 800 events have been generated 

 Pythia::next(): 810 events have been generated 

 Pythia::next(): 820 events have been generated 

 Pythia::next(): 830 events have been generated 

 Pythia::next(): 840 events have been generated 

 Pythia::next(): 850 events have been generated 

 Pythia::next(): 860 events have been generated 

 Pythia::next(): 870 events have been generated 

 Pythia::next(): 880 events have been generated 

 Pythia::next(): 890 events have been generated 

 Pythia::next(): 900 events have been generated 

 Pythia::next(): 910 events have been generated 

 Pythia::next(): 920 events have been generated 

 Pythia::next(): 930 events have been generated 

 Pythia::next(): 940 events have been generated 

 Pythia::next(): 950 events have been generated 

 Pythia::next(): 960 events have been generated 

 Pythia::next(): 970 events have been generated 

 Pythia::next(): 980 events have been generated 

 Pythia::next(): 990 events have been generated 

 Pythia::next(): 1000 events have been generated 

 Pythia::next(): 1010 events have been generated 

 Pythia::next(): 1020 events have been generated 

 Pythia::next(): 1030 events have been generated 

 Pythia::next(): 1040 events have been generated 

 Pythia::next(): 1050 events have been generated 

 Pythia::next(): 1060 events have been generated 

 Pythia::next(): 1070 events have been generated 

 Pythia::next(): 1080 events have been generated 

 Pythia::next(): 1090 events have been generated 

 Pythia::next(): 1100 events have been generated 

 Pythia::next(): 1110 events have been generated 

 Pythia::next(): 1120 events have been generated 

 Pythia::next(): 1130 events have been generated 

 Pythia::next(): 1140 events have been generated 

 Pythia::next(): 1150 events have been generated 

 Pythia::next(): 1160 events have been generated 

 Pythia::next(): 1170 events have been generated 

 Pythia::next(): 1180 events have been generated 

 Pythia::next(): 1190 events have been generated 

 Pythia::next(): 1200 events have been generated 

 Pythia::next(): 1210 events have been generated 

 Pythia::next(): 1220 events have been generated 

 Pythia::next(): 1230 events have been generated 

 Pythia::next(): 1240 events have been generated 

 Pythia::next(): 1250 events have been generated 

 Pythia::next(): 1260 events have been generated 

 Pythia::next(): 1270 events have been generated 

 Pythia::next(): 1280 events have been generated 

 Pythia::next(): 1290 events have been generated 

 Pythia::next(): 1300 events have been generated 

 Pythia::next(): 1310 events have been generated 

 Pythia::next(): 1320 events have been generated 

 Pythia::next(): 1330 events have been generated 

 Pythia::next(): 1340 events have been generated 

 Pythia::next(): 1350 events have been generated 

 Pythia::next(): 1360 events have been generated 

 Pythia::next(): 1370 events have been generated 

 Pythia::next(): 1380 events have been generated 

 Pythia::next(): 1390 events have been generated 

 Pythia::next(): 1400 events have been generated 

 Pythia::next(): 1410 events have been generated 

 Pythia::next(): 1420 events have been generated 

 Pythia::next(): 1430 events have been generated 

 Pythia::next(): 1440 events have been generated 

 Pythia::next(): 1450 events have been generated 

 Pythia::next(): 1460 events have been generated 

 Pythia::next(): 1470 events have been generated 

 Pythia::next(): 1480 events have been generated 

 Pythia::next(): 1490 events have been generated 

 Pythia::next(): 1500 events have been generated 

 Pythia::next(): 1510 events have been generated 

 Pythia::next(): 1520 events have been generated 

 Pythia::next(): 1530 events have been generated 

 Pythia::next(): 1540 events have been generated 

 Pythia::next(): 1550 events have been generated 

 Pythia::next(): 1560 events have been generated 

 Pythia::next(): 1570 events have been generated 

 Pythia::next(): 1580 events have been generated 

 Pythia::next(): 1590 events have been generated 

 Pythia::next(): 1600 events have been generated 

 Pythia::next(): 1610 events have been generated 

 Pythia::next(): 1620 events have been generated 

 Pythia::next(): 1630 events have been generated 

 Pythia::next(): 1640 events have been generated 

 Pythia::next(): 1650 events have been generated 

 Pythia::next(): 1660 events have been generated 

 Pythia::next(): 1670 events have been generated 

 Pythia::next(): 1680 events have been generated 

 Pythia::next(): 1690 events have been generated 

 Pythia::next(): 1700 events have been generated 

 Pythia::next(): 1710 events have been generated 

 Pythia::next(): 1720 events have been generated 

 Pythia::next(): 1730 events have been generated 

 Pythia::next(): 1740 events have been generated 
 PYTHIA Warning in SimpleTimeShower::pTnext: negative dipole mass

 Pythia::next(): 1750 events have been generated 

 Pythia::next(): 1760 events have been generated 

 Pythia::next(): 1770 events have been generated 

 Pythia::next(): 1780 events have been generated 

 Pythia::next(): 1790 events have been generated 

 Pythia::next(): 1800 events have been generated 

 Pythia::next(): 1810 events have been generated 

 Pythia::next(): 1820 events have been generated 

 Pythia::next(): 1830 events have been generated 

 Pythia::next(): 1840 events have been generated 

 Pythia::next(): 1850 events have been generated 

 Pythia::next(): 1860 events have been generated 

 Pythia::next(): 1870 events have been generated 

 Pythia::next(): 1880 events have been generated 

 Pythia::next(): 1890 events have been generated 

 Pythia::next(): 1900 events have been generated 

 Pythia::next(): 1910 events have been generated 

 Pythia::next(): 1920 events have been generated 

 Pythia::next(): 1930 events have been generated 

 Pythia::next(): 1940 events have been generated 

 Pythia::next(): 1950 events have been generated 

 Pythia::next(): 1960 events have been generated 

 Pythia::next(): 1970 events have been generated 

 Pythia::next(): 1980 events have been generated 

 Pythia::next(): 1990 events have been generated 

 Pythia::next(): 2000 events have been generated 

 Pythia::next(): 2010 events have been generated 

 Pythia::next(): 2020 events have been generated 

 Pythia::next(): 2030 events have been generated 

 Pythia::next(): 2040 events have been generated 

 Pythia::next(): 2050 events have been generated 

 Pythia::next(): 2060 events have been generated 

 Pythia::next(): 2070 events have been generated 

 Pythia::next(): 2080 events have been generated 

 Pythia::next(): 2090 events have been generated 

 Pythia::next(): 2100 events have been generated 

 Pythia::next(): 2110 events have been generated 

 Pythia::next(): 2120 events have been generated 

 Pythia::next(): 2130 events have been generated 

 Pythia::next(): 2140 events have been generated 

 Pythia::next(): 2150 events have been generated 

 Pythia::next(): 2160 events have been generated 

 Pythia::next(): 2170 events have been generated 

 Pythia::next(): 2180 events have been generated 

 Pythia::next(): 2190 events have been generated 

 Pythia::next(): 2200 events have been generated 

 Pythia::next(): 2210 events have been generated 

 Pythia::next(): 2220 events have been generated 

 Pythia::next(): 2230 events have been generated 

 Pythia::next(): 2240 events have been generated 

 Pythia::next(): 2250 events have been generated 

 Pythia::next(): 2260 events have been generated 

 Pythia::next(): 2270 events have been generated 

 Pythia::next(): 2280 events have been generated 

 Pythia::next(): 2290 events have been generated 

 Pythia::next(): 2300 events have been generated 

 Pythia::next(): 2310 events have been generated 

 Pythia::next(): 2320 events have been generated 

 Pythia::next(): 2330 events have been generated 

 Pythia::next(): 2340 events have been generated 

 Pythia::next(): 2350 events have been generated 

 Pythia::next(): 2360 events have been generated 

 Pythia::next(): 2370 events have been generated 

 Pythia::next(): 2380 events have been generated 

 Pythia::next(): 2390 events have been generated 

 Pythia::next(): 2400 events have been generated 

 Pythia::next(): 2410 events have been generated 

 Pythia::next(): 2420 events have been generated 

 Pythia::next(): 2430 events have been generated 

 Pythia::next(): 2440 events have been generated 

 Pythia::next(): 2450 events have been generated 

 Pythia::next(): 2460 events have been generated 

 Pythia::next(): 2470 events have been generated 

 Pythia::next(): 2480 events have been generated 

 Pythia::next(): 2490 events have been generated 

 Pythia::next(): 2500 events have been generated 

 Pythia::next(): 2510 events have been generated 

 Pythia::next(): 2520 events have been generated 

 Pythia::next(): 2530 events have been generated 

 Pythia::next(): 2540 events have been generated 

 Pythia::next(): 2550 events have been generated 

 Pythia::next(): 2560 events have been generated 

 Pythia::next(): 2570 events have been generated 

 Pythia::next(): 2580 events have been generated 

 Pythia::next(): 2590 events have been generated 

 Pythia::next(): 2600 events have been generated 

 Pythia::next(): 2610 events have been generated 

 Pythia::next(): 2620 events have been generated 

 Pythia::next(): 2630 events have been generated 

 Pythia::next(): 2640 events have been generated 

 Pythia::next(): 2650 events have been generated 

 Pythia::next(): 2660 events have been generated 

 Pythia::next(): 2670 events have been generated 

 Pythia::next(): 2680 events have been generated 

 Pythia::next(): 2690 events have been generated 

 Pythia::next(): 2700 events have been generated 

 Pythia::next(): 2710 events have been generated 

 Pythia::next(): 2720 events have been generated 

 Pythia::next(): 2730 events have been generated 

 Pythia::next(): 2740 events have been generated 

 Pythia::next(): 2750 events have been generated 

 Pythia::next(): 2760 events have been generated 

 Pythia::next(): 2770 events have been generated 

 Pythia::next(): 2780 events have been generated 

 Pythia::next(): 2790 events have been generated 

 Pythia::next(): 2800 events have been generated 

 Pythia::next(): 2810 events have been generated 

 Pythia::next(): 2820 events have been generated 

 Pythia::next(): 2830 events have been generated 

 Pythia::next(): 2840 events have been generated 

 Pythia::next(): 2850 events have been generated 

 Pythia::next(): 2860 events have been generated 

 Pythia::next(): 2870 events have been generated 

 Pythia::next(): 2880 events have been generated 

 Pythia::next(): 2890 events have been generated 

 Pythia::next(): 2900 events have been generated 

 Pythia::next(): 2910 events have been generated 

 Pythia::next(): 2920 events have been generated 

 Pythia::next(): 2930 events have been generated 

 Pythia::next(): 2940 events have been generated 

 Pythia::next(): 2950 events have been generated 

 Pythia::next(): 2960 events have been generated 

 Pythia::next(): 2970 events have been generated 

 Pythia::next(): 2980 events have been generated 

 Pythia::next(): 2990 events have been generated 

 Pythia::next(): 3000 events have been generated 

 Pythia::next(): 3010 events have been generated 

 Pythia::next(): 3020 events have been generated 

 Pythia::next(): 3030 events have been generated 

 Pythia::next(): 3040 events have been generated 

 Pythia::next(): 3050 events have been generated 

 Pythia::next(): 3060 events have been generated 

 Pythia::next(): 3070 events have been generated 

 Pythia::next(): 3080 events have been generated 

 Pythia::next(): 3090 events have been generated 

 Pythia::next(): 3100 events have been generated 

 Pythia::next(): 3110 events have been generated 

 Pythia::next(): 3120 events have been generated 

 Pythia::next(): 3130 events have been generated 

 Pythia::next(): 3140 events have been generated 

 Pythia::next(): 3150 events have been generated 

 Pythia::next(): 3160 events have been generated 

 Pythia::next(): 3170 events have been generated 

 Pythia::next(): 3180 events have been generated 

 Pythia::next(): 3190 events have been generated 

 Pythia::next(): 3200 events have been generated 

 Pythia::next(): 3210 events have been generated 

 Pythia::next(): 3220 events have been generated 

 Pythia::next(): 3230 events have been generated 

 Pythia::next(): 3240 events have been generated 

 Pythia::next(): 3250 events have been generated 

 Pythia::next(): 3260 events have been generated 

 Pythia::next(): 3270 events have been generated 

 Pythia::next(): 3280 events have been generated 

 Pythia::next(): 3290 events have been generated 

 Pythia::next(): 3300 events have been generated 

 Pythia::next(): 3310 events have been generated 

 Pythia::next(): 3320 events have been generated 

 Pythia::next(): 3330 events have been generated 

 Pythia::next(): 3340 events have been generated 

 Pythia::next(): 3350 events have been generated 

 Pythia::next(): 3360 events have been generated 

 Pythia::next(): 3370 events have been generated 

 Pythia::next(): 3380 events have been generated 

 Pythia::next(): 3390 events have been generated 

 Pythia::next(): 3400 events have been generated 

 Pythia::next(): 3410 events have been generated 

 Pythia::next(): 3420 events have been generated 

 Pythia::next(): 3430 events have been generated 

 Pythia::next(): 3440 events have been generated 

 Pythia::next(): 3450 events have been generated 

 Pythia::next(): 3460 events have been generated 

 Pythia::next(): 3470 events have been generated 

 Pythia::next(): 3480 events have been generated 

 Pythia::next(): 3490 events have been generated 

 Pythia::next(): 3500 events have been generated 

 Pythia::next(): 3510 events have been generated 

 Pythia::next(): 3520 events have been generated 

 Pythia::next(): 3530 events have been generated 

 Pythia::next(): 3540 events have been generated 

 Pythia::next(): 3550 events have been generated 

 Pythia::next(): 3560 events have been generated 

 Pythia::next(): 3570 events have been generated 

 Pythia::next(): 3580 events have been generated 

 Pythia::next(): 3590 events have been generated 

 Pythia::next(): 3600 events have been generated 

 Pythia::next(): 3610 events have been generated 

 Pythia::next(): 3620 events have been generated 

 Pythia::next(): 3630 events have been generated 

 Pythia::next(): 3640 events have been generated 

 Pythia::next(): 3650 events have been generated 

 Pythia::next(): 3660 events have been generated 

 Pythia::next(): 3670 events have been generated 

 Pythia::next(): 3680 events have been generated 

 Pythia::next(): 3690 events have been generated 

 Pythia::next(): 3700 events have been generated 

 Pythia::next(): 3710 events have been generated 

 Pythia::next(): 3720 events have been generated 

 Pythia::next(): 3730 events have been generated 

 Pythia::next(): 3740 events have been generated 

 Pythia::next(): 3750 events have been generated 

 Pythia::next(): 3760 events have been generated 

 Pythia::next(): 3770 events have been generated 

 Pythia::next(): 3780 events have been generated 

 Pythia::next(): 3790 events have been generated 

 Pythia::next(): 3800 events have been generated 

 Pythia::next(): 3810 events have been generated 

 Pythia::next(): 3820 events have been generated 

 Pythia::next(): 3830 events have been generated 

 Pythia::next(): 3840 events have been generated 

 Pythia::next(): 3850 events have been generated 

 Pythia::next(): 3860 events have been generated 

 Pythia::next(): 3870 events have been generated 

 Pythia::next(): 3880 events have been generated 

 Pythia::next(): 3890 events have been generated 

 Pythia::next(): 3900 events have been generated 

 Pythia::next(): 3910 events have been generated 

 Pythia::next(): 3920 events have been generated 

 Pythia::next(): 3930 events have been generated 

 Pythia::next(): 3940 events have been generated 

 Pythia::next(): 3950 events have been generated 

 Pythia::next(): 3960 events have been generated 

 Pythia::next(): 3970 events have been generated 

 Pythia::next(): 3980 events have been generated 

 Pythia::next(): 3990 events have been generated 

 Pythia::next(): 4000 events have been generated 

 Pythia::next(): 4010 events have been generated 

 Pythia::next(): 4020 events have been generated 

 Pythia::next(): 4030 events have been generated 

 Pythia::next(): 4040 events have been generated 

 Pythia::next(): 4050 events have been generated 

 Pythia::next(): 4060 events have been generated 

 Pythia::next(): 4070 events have been generated 

 Pythia::next(): 4080 events have been generated 

 Pythia::next(): 4090 events have been generated 

 Pythia::next(): 4100 events have been generated 

 Pythia::next(): 4110 events have been generated 

 Pythia::next(): 4120 events have been generated 

 Pythia::next(): 4130 events have been generated 

 Pythia::next(): 4140 events have been generated 

 Pythia::next(): 4150 events have been generated 

 Pythia::next(): 4160 events have been generated 

 Pythia::next(): 4170 events have been generated 

 Pythia::next(): 4180 events have been generated 

 Pythia::next(): 4190 events have been generated 

 Pythia::next(): 4200 events have been generated 

 Pythia::next(): 4210 events have been generated 

 Pythia::next(): 4220 events have been generated 

 Pythia::next(): 4230 events have been generated 

 Pythia::next(): 4240 events have been generated 

 Pythia::next(): 4250 events have been generated 

 Pythia::next(): 4260 events have been generated 

 Pythia::next(): 4270 events have been generated 

 Pythia::next(): 4280 events have been generated 

 Pythia::next(): 4290 events have been generated 

 Pythia::next(): 4300 events have been generated 

 Pythia::next(): 4310 events have been generated 

 Pythia::next(): 4320 events have been generated 

 Pythia::next(): 4330 events have been generated 

 Pythia::next(): 4340 events have been generated 

 Pythia::next(): 4350 events have been generated 

 Pythia::next(): 4360 events have been generated 

 Pythia::next(): 4370 events have been generated 

 Pythia::next(): 4380 events have been generated 

 Pythia::next(): 4390 events have been generated 

 Pythia::next(): 4400 events have been generated 

 Pythia::next(): 4410 events have been generated 

 Pythia::next(): 4420 events have been generated 

 Pythia::next(): 4430 events have been generated 

 Pythia::next(): 4440 events have been generated 

 Pythia::next(): 4450 events have been generated 

 Pythia::next(): 4460 events have been generated 

 Pythia::next(): 4470 events have been generated 

 Pythia::next(): 4480 events have been generated 

 Pythia::next(): 4490 events have been generated 

 Pythia::next(): 4500 events have been generated 

 Pythia::next(): 4510 events have been generated 

 Pythia::next(): 4520 events have been generated 

 Pythia::next(): 4530 events have been generated 

 Pythia::next(): 4540 events have been generated 

 Pythia::next(): 4550 events have been generated 

 Pythia::next(): 4560 events have been generated 

 Pythia::next(): 4570 events have been generated 

 Pythia::next(): 4580 events have been generated 

 Pythia::next(): 4590 events have been generated 

 Pythia::next(): 4600 events have been generated 

 Pythia::next(): 4610 events have been generated 

 Pythia::next(): 4620 events have been generated 

 Pythia::next(): 4630 events have been generated 

 Pythia::next(): 4640 events have been generated 

 Pythia::next(): 4650 events have been generated 

 Pythia::next(): 4660 events have been generated 

 Pythia::next(): 4670 events have been generated 

 Pythia::next(): 4680 events have been generated 

 Pythia::next(): 4690 events have been generated 

 Pythia::next(): 4700 events have been generated 

 Pythia::next(): 4710 events have been generated 

 Pythia::next(): 4720 events have been generated 

 Pythia::next(): 4730 events have been generated 

 Pythia::next(): 4740 events have been generated 

 Pythia::next(): 4750 events have been generated 

 Pythia::next(): 4760 events have been generated 

 Pythia::next(): 4770 events have been generated 

 Pythia::next(): 4780 events have been generated 

 Pythia::next(): 4790 events have been generated 

 Pythia::next(): 4800 events have been generated 

 Pythia::next(): 4810 events have been generated 

 Pythia::next(): 4820 events have been generated 

 Pythia::next(): 4830 events have been generated 

 Pythia::next(): 4840 events have been generated 

 Pythia::next(): 4850 events have been generated 

 Pythia::next(): 4860 events have been generated 

 Pythia::next(): 4870 events have been generated 

 Pythia::next(): 4880 events have been generated 

 Pythia::next(): 4890 events have been generated 

 Pythia::next(): 4900 events have been generated 

 Pythia::next(): 4910 events have been generated 

 Pythia::next(): 4920 events have been generated 

 Pythia::next(): 4930 events have been generated 

 Pythia::next(): 4940 events have been generated 

 Pythia::next(): 4950 events have been generated 

 Pythia::next(): 4960 events have been generated 

 Pythia::next(): 4970 events have been generated 

 Pythia::next(): 4980 events have been generated 

 Pythia::next(): 4990 events have been generated 

 Pythia::next(): 5000 events have been generated 

 Pythia::next(): 5010 events have been generated 

 Pythia::next(): 5020 events have been generated 

 Pythia::next(): 5030 events have been generated 

 Pythia::next(): 5040 events have been generated 

 Pythia::next(): 5050 events have been generated 

 Pythia::next(): 5060 events have been generated 

 Pythia::next(): 5070 events have been generated 

 Pythia::next(): 5080 events have been generated 

 Pythia::next(): 5090 events have been generated 

 Pythia::next(): 5100 events have been generated 

 Pythia::next(): 5110 events have been generated 

 Pythia::next(): 5120 events have been generated 

 Pythia::next(): 5130 events have been generated 

 Pythia::next(): 5140 events have been generated 

 Pythia::next(): 5150 events have been generated 

 Pythia::next(): 5160 events have been generated 

 Pythia::next(): 5170 events have been generated 

 Pythia::next(): 5180 events have been generated 

 Pythia::next(): 5190 events have been generated 

 Pythia::next(): 5200 events have been generated 

 Pythia::next(): 5210 events have been generated 

 Pythia::next(): 5220 events have been generated 

 Pythia::next(): 5230 events have been generated 

 Pythia::next(): 5240 events have been generated 

 Pythia::next(): 5250 events have been generated 

 Pythia::next(): 5260 events have been generated 

 Pythia::next(): 5270 events have been generated 

 Pythia::next(): 5280 events have been generated 

 Pythia::next(): 5290 events have been generated 

 Pythia::next(): 5300 events have been generated 

 Pythia::next(): 5310 events have been generated 

 Pythia::next(): 5320 events have been generated 

 Pythia::next(): 5330 events have been generated 

 Pythia::next(): 5340 events have been generated 

 Pythia::next(): 5350 events have been generated 

 Pythia::next(): 5360 events have been generated 

 Pythia::next(): 5370 events have been generated 

 Pythia::next(): 5380 events have been generated 

 Pythia::next(): 5390 events have been generated 

 Pythia::next(): 5400 events have been generated 

 Pythia::next(): 5410 events have been generated 

 Pythia::next(): 5420 events have been generated 

 Pythia::next(): 5430 events have been generated 

 Pythia::next(): 5440 events have been generated 

 Pythia::next(): 5450 events have been generated 

 Pythia::next(): 5460 events have been generated 

 Pythia::next(): 5470 events have been generated 

 Pythia::next(): 5480 events have been generated 

 Pythia::next(): 5490 events have been generated 

 Pythia::next(): 5500 events have been generated 

 Pythia::next(): 5510 events have been generated 

 Pythia::next(): 5520 events have been generated 

 Pythia::next(): 5530 events have been generated 

 Pythia::next(): 5540 events have been generated 

 Pythia::next(): 5550 events have been generated 

 Pythia::next(): 5560 events have been generated 

 Pythia::next(): 5570 events have been generated 

 Pythia::next(): 5580 events have been generated 

 Pythia::next(): 5590 events have been generated 

 Pythia::next(): 5600 events have been generated 

 Pythia::next(): 5610 events have been generated 

 Pythia::next(): 5620 events have been generated 

 Pythia::next(): 5630 events have been generated 

 Pythia::next(): 5640 events have been generated 

 Pythia::next(): 5650 events have been generated 

 Pythia::next(): 5660 events have been generated 

 Pythia::next(): 5670 events have been generated 

 Pythia::next(): 5680 events have been generated 

 Pythia::next(): 5690 events have been generated 

 Pythia::next(): 5700 events have been generated 

 Pythia::next(): 5710 events have been generated 

 Pythia::next(): 5720 events have been generated 

 Pythia::next(): 5730 events have been generated 

 Pythia::next(): 5740 events have been generated 

 Pythia::next(): 5750 events have been generated 

 Pythia::next(): 5760 events have been generated 

 Pythia::next(): 5770 events have been generated 

 Pythia::next(): 5780 events have been generated 

 Pythia::next(): 5790 events have been generated 

 Pythia::next(): 5800 events have been generated 

 Pythia::next(): 5810 events have been generated 

 Pythia::next(): 5820 events have been generated 

 Pythia::next(): 5830 events have been generated 

 Pythia::next(): 5840 events have been generated 

 Pythia::next(): 5850 events have been generated 

 Pythia::next(): 5860 events have been generated 

 Pythia::next(): 5870 events have been generated 

 Pythia::next(): 5880 events have been generated 

 Pythia::next(): 5890 events have been generated 

 Pythia::next(): 5900 events have been generated 

 Pythia::next(): 5910 events have been generated 

 Pythia::next(): 5920 events have been generated 

 Pythia::next(): 5930 events have been generated 

 Pythia::next(): 5940 events have been generated 

 Pythia::next(): 5950 events have been generated 

 Pythia::next(): 5960 events have been generated 

 Pythia::next(): 5970 events have been generated 

 Pythia::next(): 5980 events have been generated 

 Pythia::next(): 5990 events have been generated 

 Pythia::next(): 6000 events have been generated 

 Pythia::next(): 6010 events have been generated 

 Pythia::next(): 6020 events have been generated 

 Pythia::next(): 6030 events have been generated 

 Pythia::next(): 6040 events have been generated 

 Pythia::next(): 6050 events have been generated 

 Pythia::next(): 6060 events have been generated 

 Pythia::next(): 6070 events have been generated 

 Pythia::next(): 6080 events have been generated 

 Pythia::next(): 6090 events have been generated 

 Pythia::next(): 6100 events have been generated 

 Pythia::next(): 6110 events have been generated 

 Pythia::next(): 6120 events have been generated 

 Pythia::next(): 6130 events have been generated 

 Pythia::next(): 6140 events have been generated 

 Pythia::next(): 6150 events have been generated 

 Pythia::next(): 6160 events have been generated 

 Pythia::next(): 6170 events have been generated 

 Pythia::next(): 6180 events have been generated 

 Pythia::next(): 6190 events have been generated 

 Pythia::next(): 6200 events have been generated 

 Pythia::next(): 6210 events have been generated 

 Pythia::next(): 6220 events have been generated 

 Pythia::next(): 6230 events have been generated 

 Pythia::next(): 6240 events have been generated 

 Pythia::next(): 6250 events have been generated 

 Pythia::next(): 6260 events have been generated 

 Pythia::next(): 6270 events have been generated 

 Pythia::next(): 6280 events have been generated 

 Pythia::next(): 6290 events have been generated 

 Pythia::next(): 6300 events have been generated 

 Pythia::next(): 6310 events have been generated 

 Pythia::next(): 6320 events have been generated 

 Pythia::next(): 6330 events have been generated 

 Pythia::next(): 6340 events have been generated 

 Pythia::next(): 6350 events have been generated 

 Pythia::next(): 6360 events have been generated 

 Pythia::next(): 6370 events have been generated 

 Pythia::next(): 6380 events have been generated 

 Pythia::next(): 6390 events have been generated 

 Pythia::next(): 6400 events have been generated 

 Pythia::next(): 6410 events have been generated 

 Pythia::next(): 6420 events have been generated 

 Pythia::next(): 6430 events have been generated 

 Pythia::next(): 6440 events have been generated 

 Pythia::next(): 6450 events have been generated 

 Pythia::next(): 6460 events have been generated 

 Pythia::next(): 6470 events have been generated 

 Pythia::next(): 6480 events have been generated 

 Pythia::next(): 6490 events have been generated 

 Pythia::next(): 6500 events have been generated 

 Pythia::next(): 6510 events have been generated 

 Pythia::next(): 6520 events have been generated 

 Pythia::next(): 6530 events have been generated 

 Pythia::next(): 6540 events have been generated 

 Pythia::next(): 6550 events have been generated 

 Pythia::next(): 6560 events have been generated 

 Pythia::next(): 6570 events have been generated 

 Pythia::next(): 6580 events have been generated 

 Pythia::next(): 6590 events have been generated 

 Pythia::next(): 6600 events have been generated 

 Pythia::next(): 6610 events have been generated 

 Pythia::next(): 6620 events have been generated 

 Pythia::next(): 6630 events have been generated 

 Pythia::next(): 6640 events have been generated 

 Pythia::next(): 6650 events have been generated 

 Pythia::next(): 6660 events have been generated 

 Pythia::next(): 6670 events have been generated 

 Pythia::next(): 6680 events have been generated 

 Pythia::next(): 6690 events have been generated 

 Pythia::next(): 6700 events have been generated 

 Pythia::next(): 6710 events have been generated 

 Pythia::next(): 6720 events have been generated 

 Pythia::next(): 6730 events have been generated 

 Pythia::next(): 6740 events have been generated 

 Pythia::next(): 6750 events have been generated 

 Pythia::next(): 6760 events have been generated 

 Pythia::next(): 6770 events have been generated 

 Pythia::next(): 6780 events have been generated 

 Pythia::next(): 6790 events have been generated 

 Pythia::next(): 6800 events have been generated 

 Pythia::next(): 6810 events have been generated 

 Pythia::next(): 6820 events have been generated 

 Pythia::next(): 6830 events have been generated 

 Pythia::next(): 6840 events have been generated 

 Pythia::next(): 6850 events have been generated 

 Pythia::next(): 6860 events have been generated 

 Pythia::next(): 6870 events have been generated 

 Pythia::next(): 6880 events have been generated 

 Pythia::next(): 6890 events have been generated 

 Pythia::next(): 6900 events have been generated 

 Pythia::next(): 6910 events have been generated 

 Pythia::next(): 6920 events have been generated 

 Pythia::next(): 6930 events have been generated 

 Pythia::next(): 6940 events have been generated 

 Pythia::next(): 6950 events have been generated 

 Pythia::next(): 6960 events have been generated 

 Pythia::next(): 6970 events have been generated 

 Pythia::next(): 6980 events have been generated 

 Pythia::next(): 6990 events have been generated 

 Pythia::next(): 7000 events have been generated 

 Pythia::next(): 7010 events have been generated 

 Pythia::next(): 7020 events have been generated 

 Pythia::next(): 7030 events have been generated 

 Pythia::next(): 7040 events have been generated 

 Pythia::next(): 7050 events have been generated 

 Pythia::next(): 7060 events have been generated 

 Pythia::next(): 7070 events have been generated 

 Pythia::next(): 7080 events have been generated 

 Pythia::next(): 7090 events have been generated 

 Pythia::next(): 7100 events have been generated 

 Pythia::next(): 7110 events have been generated 

 Pythia::next(): 7120 events have been generated 

 Pythia::next(): 7130 events have been generated 

 Pythia::next(): 7140 events have been generated 

 Pythia::next(): 7150 events have been generated 

 Pythia::next(): 7160 events have been generated 

 Pythia::next(): 7170 events have been generated 

 Pythia::next(): 7180 events have been generated 

 Pythia::next(): 7190 events have been generated 

 Pythia::next(): 7200 events have been generated 

 Pythia::next(): 7210 events have been generated 

 Pythia::next(): 7220 events have been generated 

 Pythia::next(): 7230 events have been generated 

 Pythia::next(): 7240 events have been generated 

 Pythia::next(): 7250 events have been generated 

 Pythia::next(): 7260 events have been generated 

 Pythia::next(): 7270 events have been generated 

 Pythia::next(): 7280 events have been generated 

 Pythia::next(): 7290 events have been generated 

 Pythia::next(): 7300 events have been generated 

 Pythia::next(): 7310 events have been generated 

 Pythia::next(): 7320 events have been generated 

 Pythia::next(): 7330 events have been generated 

 Pythia::next(): 7340 events have been generated 

 Pythia::next(): 7350 events have been generated 

 Pythia::next(): 7360 events have been generated 

 Pythia::next(): 7370 events have been generated 

 Pythia::next(): 7380 events have been generated 

 Pythia::next(): 7390 events have been generated 

 Pythia::next(): 7400 events have been generated 

 Pythia::next(): 7410 events have been generated 

 Pythia::next(): 7420 events have been generated 

 Pythia::next(): 7430 events have been generated 

 Pythia::next(): 7440 events have been generated 

 Pythia::next(): 7450 events have been generated 

 Pythia::next(): 7460 events have been generated 

 Pythia::next(): 7470 events have been generated 

 Pythia::next(): 7480 events have been generated 

 Pythia::next(): 7490 events have been generated 

 Pythia::next(): 7500 events have been generated 

 Pythia::next(): 7510 events have been generated 

 Pythia::next(): 7520 events have been generated 

 Pythia::next(): 7530 events have been generated 

 Pythia::next(): 7540 events have been generated 

 Pythia::next(): 7550 events have been generated 

 Pythia::next(): 7560 events have been generated 

 Pythia::next(): 7570 events have been generated 

 Pythia::next(): 7580 events have been generated 

 Pythia::next(): 7590 events have been generated 

 Pythia::next(): 7600 events have been generated 

 Pythia::next(): 7610 events have been generated 
 PYTHIA Warning in SimpleSpaceShower::pT2nextQCD: weight above unity

 Pythia::next(): 7620 events have been generated 

 Pythia::next(): 7630 events have been generated 

 Pythia::next(): 7640 events have been generated 

 Pythia::next(): 7650 events have been generated 

 Pythia::next(): 7660 events have been generated 

 Pythia::next(): 7670 events have been generated 

 Pythia::next(): 7680 events have been generated 

 Pythia::next(): 7690 events have been generated 

 Pythia::next(): 7700 events have been generated 

 Pythia::next(): 7710 events have been generated 

 Pythia::next(): 7720 events have been generated 

 Pythia::next(): 7730 events have been generated 

 Pythia::next(): 7740 events have been generated 

 Pythia::next(): 7750 events have been generated 

 Pythia::next(): 7760 events have been generated 

 Pythia::next(): 7770 events have been generated 

 Pythia::next(): 7780 events have been generated 

 Pythia::next(): 7790 events have been generated 

 Pythia::next(): 7800 events have been generated 

 Pythia::next(): 7810 events have been generated 

 Pythia::next(): 7820 events have been generated 

 Pythia::next(): 7830 events have been generated 

 Pythia::next(): 7840 events have been generated 

 Pythia::next(): 7850 events have been generated 

 Pythia::next(): 7860 events have been generated 

 Pythia::next(): 7870 events have been generated 

 Pythia::next(): 7880 events have been generated 

 Pythia::next(): 7890 events have been generated 

 Pythia::next(): 7900 events have been generated 

 Pythia::next(): 7910 events have been generated 

 Pythia::next(): 7920 events have been generated 

 Pythia::next(): 7930 events have been generated 

 Pythia::next(): 7940 events have been generated 

 Pythia::next(): 7950 events have been generated 

 Pythia::next(): 7960 events have been generated 

 Pythia::next(): 7970 events have been generated 

 Pythia::next(): 7980 events have been generated 

 Pythia::next(): 7990 events have been generated 

 Pythia::next(): 8000 events have been generated 

 Pythia::next(): 8010 events have been generated 

 Pythia::next(): 8020 events have been generated 

 Pythia::next(): 8030 events have been generated 

 Pythia::next(): 8040 events have been generated 

 Pythia::next(): 8050 events have been generated 

 Pythia::next(): 8060 events have been generated 

 Pythia::next(): 8070 events have been generated 

 Pythia::next(): 8080 events have been generated 

 Pythia::next(): 8090 events have been generated 

 Pythia::next(): 8100 events have been generated 

 Pythia::next(): 8110 events have been generated 

 Pythia::next(): 8120 events have been generated 

 Pythia::next(): 8130 events have been generated 

 Pythia::next(): 8140 events have been generated 

 Pythia::next(): 8150 events have been generated 

 Pythia::next(): 8160 events have been generated 

 Pythia::next(): 8170 events have been generated 

 Pythia::next(): 8180 events have been generated 

 Pythia::next(): 8190 events have been generated 

 Pythia::next(): 8200 events have been generated 

 Pythia::next(): 8210 events have been generated 

 Pythia::next(): 8220 events have been generated 

 Pythia::next(): 8230 events have been generated 

 Pythia::next(): 8240 events have been generated 

 Pythia::next(): 8250 events have been generated 

 Pythia::next(): 8260 events have been generated 

 Pythia::next(): 8270 events have been generated 

 Pythia::next(): 8280 events have been generated 

 Pythia::next(): 8290 events have been generated 

 Pythia::next(): 8300 events have been generated 

 Pythia::next(): 8310 events have been generated 

 Pythia::next(): 8320 events have been generated 

 Pythia::next(): 8330 events have been generated 

 Pythia::next(): 8340 events have been generated 

 Pythia::next(): 8350 events have been generated 

 Pythia::next(): 8360 events have been generated 

 Pythia::next(): 8370 events have been generated 

 Pythia::next(): 8380 events have been generated 

 Pythia::next(): 8390 events have been generated 

 Pythia::next(): 8400 events have been generated 

 Pythia::next(): 8410 events have been generated 

 Pythia::next(): 8420 events have been generated 

 Pythia::next(): 8430 events have been generated 

 Pythia::next(): 8440 events have been generated 

 Pythia::next(): 8450 events have been generated 

 Pythia::next(): 8460 events have been generated 

 Pythia::next(): 8470 events have been generated 

 Pythia::next(): 8480 events have been generated 

 Pythia::next(): 8490 events have been generated 

 Pythia::next(): 8500 events have been generated 

 Pythia::next(): 8510 events have been generated 

 Pythia::next(): 8520 events have been generated 

 Pythia::next(): 8530 events have been generated 

 Pythia::next(): 8540 events have been generated 

 Pythia::next(): 8550 events have been generated 

 Pythia::next(): 8560 events have been generated 

 Pythia::next(): 8570 events have been generated 

 Pythia::next(): 8580 events have been generated 

 Pythia::next(): 8590 events have been generated 

 Pythia::next(): 8600 events have been generated 

 Pythia::next(): 8610 events have been generated 

 Pythia::next(): 8620 events have been generated 

 Pythia::next(): 8630 events have been generated 

 Pythia::next(): 8640 events have been generated 

 Pythia::next(): 8650 events have been generated 

 Pythia::next(): 8660 events have been generated 

 Pythia::next(): 8670 events have been generated 

 Pythia::next(): 8680 events have been generated 

 Pythia::next(): 8690 events have been generated 

 Pythia::next(): 8700 events have been generated 

 Pythia::next(): 8710 events have been generated 

 Pythia::next(): 8720 events have been generated 

 Pythia::next(): 8730 events have been generated 

 Pythia::next(): 8740 events have been generated 

 Pythia::next(): 8750 events have been generated 

 Pythia::next(): 8760 events have been generated 

 Pythia::next(): 8770 events have been generated 

 Pythia::next(): 8780 events have been generated 

 Pythia::next(): 8790 events have been generated 

 Pythia::next(): 8800 events have been generated 

 Pythia::next(): 8810 events have been generated 

 Pythia::next(): 8820 events have been generated 

 Pythia::next(): 8830 events have been generated 

 Pythia::next(): 8840 events have been generated 

 Pythia::next(): 8850 events have been generated 

 Pythia::next(): 8860 events have been generated 

 Pythia::next(): 8870 events have been generated 

 Pythia::next(): 8880 events have been generated 

 Pythia::next(): 8890 events have been generated 

 Pythia::next(): 8900 events have been generated 

 Pythia::next(): 8910 events have been generated 

 Pythia::next(): 8920 events have been generated 

 Pythia::next(): 8930 events have been generated 

 Pythia::next(): 8940 events have been generated 

 Pythia::next(): 8950 events have been generated 

 Pythia::next(): 8960 events have been generated 

 Pythia::next(): 8970 events have been generated 

 Pythia::next(): 8980 events have been generated 

 Pythia::next(): 8990 events have been generated 

 Pythia::next(): 9000 events have been generated 

 Pythia::next(): 9010 events have been generated 

 Pythia::next(): 9020 events have been generated 

 Pythia::next(): 9030 events have been generated 

 Pythia::next(): 9040 events have been generated 

 Pythia::next(): 9050 events have been generated 

 Pythia::next(): 9060 events have been generated 

 Pythia::next(): 9070 events have been generated 

 Pythia::next(): 9080 events have been generated 

 Pythia::next(): 9090 events have been generated 

 Pythia::next(): 9100 events have been generated 

 Pythia::next(): 9110 events have been generated 

 Pythia::next(): 9120 events have been generated 

 Pythia::next(): 9130 events have been generated 

 Pythia::next(): 9140 events have been generated 

 Pythia::next(): 9150 events have been generated 

 Pythia::next(): 9160 events have been generated 

 Pythia::next(): 9170 events have been generated 

 Pythia::next(): 9180 events have been generated 

 Pythia::next(): 9190 events have been generated 

 Pythia::next(): 9200 events have been generated 

 Pythia::next(): 9210 events have been generated 

 Pythia::next(): 9220 events have been generated 

 Pythia::next(): 9230 events have been generated 

 Pythia::next(): 9240 events have been generated 

 Pythia::next(): 9250 events have been generated 

 Pythia::next(): 9260 events have been generated 

 Pythia::next(): 9270 events have been generated 

 Pythia::next(): 9280 events have been generated 

 Pythia::next(): 9290 events have been generated 

 Pythia::next(): 9300 events have been generated 

 Pythia::next(): 9310 events have been generated 

 Pythia::next(): 9320 events have been generated 

 Pythia::next(): 9330 events have been generated 

 Pythia::next(): 9340 events have been generated 

 Pythia::next(): 9350 events have been generated 

 Pythia::next(): 9360 events have been generated 

 Pythia::next(): 9370 events have been generated 

 Pythia::next(): 9380 events have been generated 

 Pythia::next(): 9390 events have been generated 

 Pythia::next(): 9400 events have been generated 

 Pythia::next(): 9410 events have been generated 

 Pythia::next(): 9420 events have been generated 

 Pythia::next(): 9430 events have been generated 

 Pythia::next(): 9440 events have been generated 

 Pythia::next(): 9450 events have been generated 

 Pythia::next(): 9460 events have been generated 

 Pythia::next(): 9470 events have been generated 

 Pythia::next(): 9480 events have been generated 

 Pythia::next(): 9490 events have been generated 

 Pythia::next(): 9500 events have been generated 

 Pythia::next(): 9510 events have been generated 

 Pythia::next(): 9520 events have been generated 

 Pythia::next(): 9530 events have been generated 

 Pythia::next(): 9540 events have been generated 

 Pythia::next(): 9550 events have been generated 

 Pythia::next(): 9560 events have been generated 

 Pythia::next(): 9570 events have been generated 

 Pythia::next(): 9580 events have been generated 

 Pythia::next(): 9590 events have been generated 

 Pythia::next(): 9600 events have been generated 

 Pythia::next(): 9610 events have been generated 

 Pythia::next(): 9620 events have been generated 

 Pythia::next(): 9630 events have been generated 

 Pythia::next(): 9640 events have been generated 

 Pythia::next(): 9650 events have been generated 

 Pythia::next(): 9660 events have been generated 

 Pythia::next(): 9670 events have been generated 

 Pythia::next(): 9680 events have been generated 

 Pythia::next(): 9690 events have been generated 

 Pythia::next(): 9700 events have been generated 

 Pythia::next(): 9710 events have been generated 

 Pythia::next(): 9720 events have been generated 

 Pythia::next(): 9730 events have been generated 

 Pythia::next(): 9740 events have been generated 

 Pythia::next(): 9750 events have been generated 

 Pythia::next(): 9760 events have been generated 

 Pythia::next(): 9770 events have been generated 

 Pythia::next(): 9780 events have been generated 

 Pythia::next(): 9790 events have been generated 

 Pythia::next(): 9800 events have been generated 

 Pythia::next(): 9810 events have been generated 

 Pythia::next(): 9820 events have been generated 

 Pythia::next(): 9830 events have been generated 

 Pythia::next(): 9840 events have been generated 

 Pythia::next(): 9850 events have been generated 

 Pythia::next(): 9860 events have been generated 

 Pythia::next(): 9870 events have been generated 

 Pythia::next(): 9880 events have been generated 

 Pythia::next(): 9890 events have been generated 

 Pythia::next(): 9900 events have been generated 

 Pythia::next(): 9910 events have been generated 

 Pythia::next(): 9920 events have been generated 

 Pythia::next(): 9930 events have been generated 

 Pythia::next(): 9940 events have been generated 

 Pythia::next(): 9950 events have been generated 

 Pythia::next(): 9960 events have been generated 

 Pythia::next(): 9970 events have been generated 

 Pythia::next(): 9980 events have been generated 

 Pythia::next(): 9990 events have been generated 

 *-------  PYTHIA Event and Cross Section Statistics  -------------------------------------------------------------*
 |                                                                                                                 |
 | Subprocess                                    Code |            Number of events       |      sigma +- delta    |
 |                                                    |       Tried   Selected   Accepted |     (estimated) (mb)   |
 |                                                    |                                   |                        |
 |-----------------------------------------------------------------------------------------------------------------|
 |                                                    |                                   |                        |
 | Les Houches User Process(es)                  9999 |       10000      10000      10000 |   5.122e-07  2.877e-15 |
 |    ... whereof user classification code          1 |       10000      10000      10000 |                        | 
 |                                                    |                                   |                        |
 | sum                                                |       10000      10000      10000 |   5.122e-07  2.877e-15 |
 |                                                                                                                 |
 *-------  End PYTHIA Event and Cross Section Statistics ----------------------------------------------------------*

 *-------  PYTHIA Error and Warning Messages Statistics  ----------------------------------------------------------* 
 |                                                                                                                 | 
 |  times   message                                                                                                | 
 |                                                                                                                 | 
 |     19   Error in SimpleSpaceShower::pT2nearThreshold: stuck in loop                                            | 
 |      1   Warning in SLHAinterface::initSLHA: ignoring DECAY tables                                              | 
 |      1   Warning in SLHAinterface::initSLHA: ignoring MASS entries                                              | 
 |      1   Warning in SLHAinterface::initSLHA: ignoring empty DECAY tables                                        | 
 |      1   Warning in SimpleSpaceShower::pT2nextQCD: weight above unity                                           | 
 |      5   Warning in SimpleTimeShower::pTnext: negative dipole mass                                              | 
 |      1   Info from SLHAinterface::initSLHA: No MODSEL found, keeping internal SUSY switched off                 | 
 |                                                                                                                 | 
 *-------  End PYTHIA Error and Warning Messages Statistics  ------------------------------------------------------* 
Wrote 10000 events to /uscms_data/d3/iturkmen/hh4b_delphes/hepmc/ttbar_100k_shard005_pythia8.hepmc
** INFO: initializing module  Delphes                  
** INFO: initializing module  ParticlePropagator       
** INFO: initializing module  ChargedHadronTrackingEfficiency
** INFO: initializing module  ElectronTrackingEfficiency
** INFO: initializing module  MuonTrackingEfficiency   
** INFO: initializing module  ChargedHadronMomentumSmearing
** INFO: initializing module  ElectronMomentumSmearing 
** INFO: initializing module  MuonMomentumSmearing     
** INFO: initializing module  TrackMerger              
** INFO: initializing module  ECal                     
** INFO: initializing module  HCal                     
** INFO: initializing module  Calorimeter              
** INFO: initializing module  EFlowMerger              
** INFO: initializing module  EFlowFilter              
** INFO: initializing module  PhotonEfficiency         
** INFO: initializing module  PhotonIsolation          
** INFO: initializing module  ElectronFilter           
** INFO: initializing module  ElectronEfficiency       
** INFO: initializing module  ElectronIsolation        
** INFO: initializing module  ChargedHadronFilter      
** INFO: initializing module  MuonEfficiency           
** INFO: initializing module  MuonIsolation            
** INFO: initializing module  MissingET                
** INFO: initializing module  NeutrinoFilter           
** INFO: initializing module  GenJetFinder             
#--------------------------------------------------------------------------
#                         FastJet release 3.5.1
#                 M. Cacciari, G.P. Salam and G. Soyez                  
#     A software package for jet finding and analysis at colliders      
#                           https://fastjet.fr                           
#	                                                                      
# Please cite EPJC72(2012)1896 [arXiv:1111.6097] if you use this package
# for scientific work and optionally PLB641(2006)57 [hep-ph/0512210].   
#                                                                       
# FastJet is provided without warranty under the GNU GPL v2 or higher.  
# It uses T. Chan's closest pair algorithm, S. Fortune's Voronoi code
# and 3rd party plugin jet algorithms. See COPYING file for details.
#--------------------------------------------------------------------------
** INFO: initializing module  GenMissingET             
** INFO: initializing module  FastJetFinder            
** INFO: initializing module  FatJetFinder             
** INFO: initializing module  JetEnergyScale           
** INFO: initializing module  JetFlavorAssociation     
** INFO: initializing module  BTagging                 
** INFO: initializing module  TauTagging               
** INFO: initializing module  UniqueObjectFinder       
** INFO: initializing module  ScalarHT                 
** INFO: initializing module  TreeWriter               
** Reading /uscms_data/d3/iturkmen/hh4b_delphes/hepmc/ttbar_100k_shard005_pythia8.hepmc
** [----------------------------------------------------------------] (0.01%)** [#---------------------------------------------------------------] (2.02%)** [##--------------------------------------------------------------] (3.32%)** [###-------------------------------------------------------------] (4.85%)** [####------------------------------------------------------------] (6.57%)** [#####-----------------------------------------------------------] (7.98%)** [######----------------------------------------------------------] (10.13%)** [#######---------------------------------------------------------] (11.68%)** [########--------------------------------------------------------] (12.58%)** [#########-------------------------------------------------------] (14.29%)** [##########------------------------------------------------------] (16.10%)** [###########-----------------------------------------------------] (17.30%)** [############----------------------------------------------------] (19.61%)** [#############---------------------------------------------------] (20.85%)** [##############--------------------------------------------------] (22.27%)** [###############-------------------------------------------------] (23.50%)** [################------------------------------------------------] (25.77%)** [#################-----------------------------------------------] (26.68%)** [##################----------------------------------------------] (28.50%)** [###################---------------------------------------------] (30.31%)** [####################--------------------------------------------] (31.55%)** [#####################-------------------------------------------] (33.37%)** [######################------------------------------------------] (34.98%)** [#######################-----------------------------------------] (36.35%)** [########################----------------------------------------] (37.61%)** [#########################---------------------------------------] (39.66%)** [##########################--------------------------------------] (40.98%)** [###########################-------------------------------------] (42.44%)** [############################------------------------------------] (44.16%)** [#############################-----------------------------------] (45.39%)** [##############################----------------------------------] (47.63%)** [###############################---------------------------------] (48.89%)** [################################--------------------------------] (50.28%)** [#################################-------------------------------] (52.43%)** [##################################------------------------------] (53.78%)** [###################################-----------------------------] (55.06%)** [####################################----------------------------] (56.47%)** [#####################################---------------------------] (58.20%)** [######################################--------------------------] (59.48%)** [#######################################-------------------------] (61.73%)** [########################################------------------------] (62.83%)** [#########################################-----------------------] (64.61%)** [##########################################----------------------] (65.67%)** [###########################################---------------------] (67.91%)** [############################################--------------------] (68.80%)** [#############################################-------------------] (70.56%)** [##############################################------------------] (72.12%)** [###############################################-----------------] (73.51%)** [################################################----------------] (75.80%)** [#################################################---------------] (76.98%)** [##################################################--------------] (78.25%)** [###################################################-------------] (79.73%)** [####################################################------------] (81.89%)** [#####################################################-----------] (83.14%)** [######################################################----------] (84.61%)** [#######################################################---------] (86.27%)** [########################################################--------] (87.82%)** [#########################################################-------] (89.13%)** [##########################################################------] (90.63%)** [###########################################################-----] (92.43%)** [############################################################----] (94.39%)** [#############################################################---] (95.32%)** [##############################################################--] (96.91%)** [###############################################################-] (98.78%)** [################################################################] (100.00%)
** Exiting...
FILE: /uscms_data/d3/iturkmen/hh4b_delphes/root/ttbar_100k_shard005_pythia8_delphes.root

KEYS:
  ProcessID0;1
  Delphes;1

TREE: Delphes
ENTRIES: 10000

OBJECT CHECK:
  Event: OK
  Particle: OK
  Jet: OK
  GenJet: OK
  MissingET: OK
  GenMissingET: OK
  Electron: OK
  Muon: OK

SIZE BRANCHES:
  Event_size
  Weight_size
  Particle_size
  Track_size
  Tower_size
  EFlowTrack_size
  EFlowPhoton_size
  EFlowNeutralHadron_size
  GenJet_size
  GenMissingET_size
  Jet_size
  Electron_size
  Photon_size
  Muon_size
  FatJet_size
  MissingET_size
  ScalarHT_size
Input: /uscms_data/d3/iturkmen/hh4b_delphes/root/ttbar_100k_shard005_pythia8_delphes.root
Events: 10000

      event  n_higgs_particles  ...  n_genjets_flavor5  n_genjets_btag
0         0                  0  ...                  0               0
1         1                  0  ...                  0               0
2         2                  0  ...                  0               0
3         3                  0  ...                  0               0
4         4                  0  ...                  0               0
...     ...                ...  ...                ...             ...
9995   9995                  0  ...                  0               0
9996   9996                  0  ...                  0               0
9997   9997                  0  ...                  0               0
9998   9998                  0  ...                  0               0
9999   9999                  0  ...                  0               0

[10000 rows x 15 columns]

Column sums:
  n_higgs_particles: 0
  n_b_particles: 100749
  n_status1_b_particles: 0
  n_jets: 54406
  n_jets_pt30_eta25: 41768
  n_jets_flavor5: 17441
  n_jets_flavoralgo5: 0
  n_jets_flavorphys5: 0
  n_btagged_jets: 13072
  n_btagged_jets_pt30_eta25: 12140
  n_genjets: 59885
  n_genjets_pt30_eta25: 43352
  n_genjets_flavor5: 0
  n_genjets_btag: 0

Events with >=4 reconstructed jets: 6638
Events with >=4 reconstructed b-tagged jets: 44
Events with >=4 jet FlavorPhys b jets: 0
Events with >=4 generator-level b particles: 9985

Wrote: /uscms_data/d3/iturkmen/hh4b_delphes/metadata/ttbar_100k_shard005_diagnostic.csv
Wrote: /uscms_data/d3/iturkmen/hh4b_delphes/parquet/ttbar_100k_shard005_event_summary.parquet
                   sample  event  ...  ht_pt30_eta25         met
0     ttbar_100k_shard005      0  ...     429.071014   30.432091
1     ttbar_100k_shard005      1  ...     241.341553   11.112554
2     ttbar_100k_shard005      2  ...     232.629608  164.447006
3     ttbar_100k_shard005      3  ...      59.312328   55.374722
4     ttbar_100k_shard005      4  ...     200.639282   16.096508
...                   ...    ...  ...            ...         ...
9995  ttbar_100k_shard005   9995  ...     330.996765   26.110212
9996  ttbar_100k_shard005   9996  ...     393.530151   56.833881
9997  ttbar_100k_shard005   9997  ...     100.293495   63.756592
9998  ttbar_100k_shard005   9998  ...     543.829834   33.568897
9999  ttbar_100k_shard005   9999  ...     233.420929    7.884609

[10000 rows x 13 columns]

Selection counts:
  events: 10000
  events with >=4 selected jets: 6638
  events with >=4 selected b-tagged jets: 44
DONE: ttbar_100k_shard005
ROOT: /uscms_data/d3/iturkmen/hh4b_delphes/root/ttbar_100k_shard005_pythia8_delphes.root
HEPMC: /uscms_data/d3/iturkmen/hh4b_delphes/hepmc/ttbar_100k_shard005_pythia8.hepmc
PARQUET: /uscms_data/d3/iturkmen/hh4b_delphes/parquet/ttbar_100k_shard005_event_summary.parquet
DIAGNOSTIC: /uscms_data/d3/iturkmen/hh4b_delphes/metadata/ttbar_100k_shard005_diagnostic.csv
Input events: 10000
Events with >=4 selected b-tagged jets: 44
Wrote: /uscms_data/d3/iturkmen/hh4b_delphes/parquet/ttbar_100k_shard005_hh4b_candidates.parquet

             mbb1        mbb2  ...          mhh  n_selected_bjets
count   44.000000   44.000000  ...    44.000000         44.000000
mean   177.744064  126.013133  ...   479.194423          4.045455
std     88.483790   47.185576  ...   226.065663          0.210707
min     91.312265   35.738698  ...   184.855994          4.000000
25%    122.798436   99.633171  ...   323.626574          4.000000
50%    143.065785  120.934414  ...   425.515947          4.000000
75%    188.797197  136.324188  ...   580.375610          4.000000
max    480.442283  322.260979  ...  1138.164379          5.000000

[8 rows x 6 columns]
sample: ttbar_100k_shard005
events: 10000
candidate rows: 44
cross-section median pb: 512.2055053710938
events with >=4 selected jets: 6638
events with >=4 selected b-tagged jets: 44
median mbb1: 143.06578496472952
median mbb2: 120.9344143683218
median avg_mbb: 132.52436735610908
median delta_mbb: 49.60847278426457
median mhh: 425.5159473651792
median n_selected_bjets: 4.0
Wrote: /uscms_data/d3/iturkmen/hh4b_delphes/metadata/ttbar_100k_shard005_summary.txt
DONE ttbar_100k_shard005
Finished shard 005

============================================================
Starting shard 006 / campaign ttbar_100k
TAG=ttbar_100k_shard006
RUN_NAME=run_ttbar_100k_006
SEED=105006
============================================================
PROCESS_DIR=/uscms_data/d3/iturkmen/hh4b_delphes/mg5/TTbar_smoke
RUN_NAME=run_ttbar_100k_006
N_EVENTS=10000
SEED=105006
OUTPUT_TAG=ttbar_100k_shard006
APPLY_B_CUTS=yes
Updated run card:
 10000 = nevents ! Number of unweighted events
 105006 = iseed ! Random seed
 25.0 = ptb ! minimum pt for b quarks
 2.7 = etab ! maximum eta for b quarks
 0.4 = drbb ! minimum deltaR between b quarks
 0.4 = drbj ! minimum deltaR between b and light jets
 20.0 = ptj ! minimum pt for jets
 5.0 = etaj ! maximum eta for jets
************************************************************
*                                                          *
*                      W E L C O M E to                    *
*             M A D G R A P H 5 _ a M C @ N L O            *
*                      M A D E V E N T                     *
*                                                          *
*                 *                       *                *
*                   *        * *        *                  *
*                     * * * * 5 * * * *                    *
*                   *        * *        *                  *
*                 *                       *                *
*                                                          *
*         VERSION 3.5.3                                    *
*                                                          *
*    The MadGraph5_aMC@NLO Development Team - Find us at   *
*    https://server06.fynu.ucl.ac.be/projects/madgraph     *
*                                                          *
*               Type 'help' for in-line help.              *
*                                                          *
************************************************************
INFO: load configuration from /uscms_data/d3/iturkmen/hh4b_delphes/mg5/TTbar_smoke/Cards/me5_configuration.txt  
INFO: load configuration from /cvmfs/sft.cern.ch/lcg/releases/MCGenerators/madgraph5amc/3.5.3.atlas7-2c347/x86_64-el9-gcc13-opt/input/mg5_configuration.txt  
INFO: load configuration from /uscms_data/d3/iturkmen/hh4b_delphes/mg5/TTbar_smoke/Cards/me5_configuration.txt  
Using default text editor "vi". Set another one in ./input/mg5_configuration.txt
Using default eps viewer "evince". Set another one in ./input/mg5_configuration.txt
Using default web browser "firefox". Set another one in ./input/mg5_configuration.txt
generate_events run_ttbar_100k_006 -f
Generating 10000 events with run name run_ttbar_100k_006
survey  run_ttbar_100k_006 
INFO: compile directory 
compile Source Directory
Using random number seed offset = 105006
INFO: Running Survey 
Creating Jobs
Working on SubProcesses
INFO: Compiling for process 1/3. 
INFO:     P1_gg_ttx  
  0%|          | 0/707 [00:00<?, ?it/s]100%|██████████| 707/707 [00:00<00:00, 132294.13it/s]
INFO: Compiling for process 2/3. 
INFO:     P1_qq_ttx  
  0%|          | 0/703 [00:00<?, ?it/s]100%|██████████| 703/703 [00:00<00:00, 247926.99it/s]
INFO: Compiling for process 3/3. 
INFO:     P1_bbx_ttx  
  0%|          | 0/699 [00:00<?, ?it/s]100%|██████████| 699/699 [00:00<00:00, 221888.93it/s]
INFO:     P1_gg_ttx  
INFO:     P1_qq_ttx  
INFO:     P1_bbx_ttx  
INFO:  Idle: 1,  Running: 0,  Completed: 2 [ current time: 12h56 ] 
INFO:  Idle: 0,  Running: 1,  Completed: 2 [ current time: 12h56 ] 
INFO:  Idle: 0,  Running: 0,  Completed: 3 [  0.28s  ] 
INFO: End survey 
refine 10000
Creating Jobs
INFO: Refine results to 10000 
INFO: Generating 10000.0 unweighted events. 
sum of cpu time of last step: 1 seconds
INFO: Effective Luminosity 23.36728768998432 pb^-1 
INFO: need to improve 2 channels 
- Current estimate of cross-section: 513.5384200000001 +- 2.6669267517764506
    P1_gg_ttx 
    P1_qq_ttx 
    P1_bbx_ttx 
INFO:  Idle: 0,  Running: 4,  Completed: 9 [ current time: 12h56 ] 
INFO:  Idle: 0,  Running: 0,  Completed: 13 [  0.3s  ] 
INFO: Combining runs 
sum of cpu time of last step: 9 seconds
INFO: finish refine 
refine 10000 --treshold=0.9
No need for second refine due to stability of cross-section
INFO: Combining Events 
combination of events done in 2.28320574760437 s 
  === Results Summary for run: run_ttbar_100k_006 tag: tag_1 ===

     Cross-section :   511.4 +- 0.672 pb
     Nb of events :  10000
 
INFO: Running Systematics computation 
INFO:  Idle: 1,  Running: 3,  Completed: 0 [ current time: 12h56 ] 
INFO:  Idle: 0,  Running: 3,  Completed: 1 [  7.9s  ] 
INFO: # Events generated with PDF: NNPDF23_lo_as_0130_qed (247000) 
INFO: # Will Compute 145 weights per event. 
INFO: #***************************************************************************
#
# original cross-section: 511.2640561195499
#     scale variation: +30.2% -21.7%
#     central scheme variation: +2.18e-09% -26%
# PDF variation: +4.2% -4.2%
#
# dynamical scheme # 1 : 485.945 +29.8% -21.6% # \sum ET
# dynamical scheme # 2 : 400.417 +27.7% -20.5% # \sum\sqrt{m^2+pt^2}
# dynamical scheme # 3 : 511.264 +30.2% -21.7% # 0.5 \sum\sqrt{m^2+pt^2}
# dynamical scheme # 4 : 378.502 +27% -20.1% # \sqrt{\hat s}
#***************************************************************************
 
INFO: End of systematics computation 
store_events
INFO: Storing parton level results 
INFO: End Parton 
reweight -from_cards
decay_events -from_cards
INFO: storing files of previous run 
INFO: Done 
quit
INFO:  
LHE=/uscms_data/d3/iturkmen/hh4b_delphes/mg5/TTbar_smoke/Events/run_ttbar_100k_006/unweighted_events.lhe.gz
N_FOUND=10000
Sample: ttbar_100k_shard006
Input LHE.GZ: /uscms_data/d3/iturkmen/hh4b_delphes/mg5/TTbar_smoke/Events/run_ttbar_100k_006/unweighted_events.lhe.gz
Events requested: 10000
Output tag: ttbar_100k_shard006
LHE: /uscms_data/d3/iturkmen/hh4b_delphes/mg5/TTbar_smoke/Events/run_ttbar_100k_006/unweighted_events.lhe
HEPMC: /uscms_data/d3/iturkmen/hh4b_delphes/hepmc/ttbar_100k_shard006_pythia8.hepmc
ROOT: /uscms_data/d3/iturkmen/hh4b_delphes/root/ttbar_100k_shard006_pythia8_delphes.root
LHE event count: 10000

 *------------------------------------------------------------------------------------* 
 |                                                                                    | 
 |  *------------------------------------------------------------------------------*  | 
 |  |                                                                              |  | 
 |  |                                                                              |  | 
 |  |   PPP   Y   Y  TTTTT  H   H  III    A      Welcome to the Lund Monte Carlo!  |  | 
 |  |   P  P   Y Y     T    H   H   I    A A     This is PYTHIA version 8.312      |  | 
 |  |   PPP     Y      T    HHHHH   I   AAAAA    Last date of change: 23 May 2024  |  | 
 |  |   P       Y      T    H   H   I   A   A                                      |  | 
 |  |   P       Y      T    H   H  III  A   A    Now is 08 Jul 2026 at 12:57:54    |  | 
 |  |                                                                              |  | 
 |  |   Program documentation and an archive of historic versions is found on:     |  | 
 |  |                                                                              |  | 
 |  |                               https://pythia.org/                            |  | 
 |  |                                                                              |  | 
 |  |   PYTHIA is authored by a collaboration consisting of:                       |  | 
 |  |                                                                              |  | 
 |  |   Javira Altmann, Christian Bierlich, Naomi Cooke, Nishita Desai,            |  | 
 |  |   Leif Gellersen, Ilkka Helenius, Philip Ilten, Leif Lonnblad,               |  | 
 |  |   Stephen Mrenna, Christian Preuss, Torbjorn Sjostrand, Peter Skands,        |  | 
 |  |   Marius Utheim, and Rob Verheyen.                                           |  | 
 |  |                                                                              |  | 
 |  |   The complete list of authors, including contact information and            |  | 
 |  |   affiliations, can be found on https://pythia.org/.                         |  | 
 |  |   Problems or bugs should be reported on email at authors@pythia.org.        |  | 
 |  |                                                                              |  | 
 |  |   The main program reference is C. Bierlich et al,                           |  | 
 |  |   'A comprehensive guide to the physics and usage of Pythia 8.3',            |  | 
 |  |   SciPost Phys. Codebases 8-r8.3 (2022) [arXiv:2203.11601 [hep-ph]]          |  | 
 |  |                                                                              |  | 
 |  |   PYTHIA is released under the GNU General Public Licence version 2 or later.|  | 
 |  |   Please respect the MCnet Guidelines for Event Generator Authors and Users. |  | 
 |  |                                                                              |  | 
 |  |   Disclaimer: this program comes without any guarantees.                     |  | 
 |  |   Beware of errors and use common sense when interpreting results.           |  | 
 |  |                                                                              |  | 
 |  |   Copyright (C) 2024 Torbjorn Sjostrand                                      |  | 
 |  |                                                                              |  | 
 |  |                                                                              |  | 
 |  *------------------------------------------------------------------------------*  | 
 |                                                                                    | 
 *------------------------------------------------------------------------------------* 

 *-----------------------  SusyLesHouches SUSY/BSM Interface  ------------------------*
 | Last Change 12 Apr 2017 - P. Skands
 | Parsing: /uscms_data/d3/iturkmen/hh4b_delphes/mg5/TTbar_smoke/Events/run_ttbar_100k_006/unweighted_events.lhe
 | (SLHA::readFile) line 330 - storing non-SLHA(2) block: yukawa
 *------------------------------------------------------------------------------------*
 PYTHIA Info from SLHAinterface::initSLHA: No MODSEL found, keeping internal SUSY switched off
 PYTHIA Warning in SLHAinterface::initSLHA: ignoring MASS entries for id = {1,2,3,4,5,11,12,13,14,15,16,21,22,23,24} (m0 < SLHA:minMassSM)
 PYTHIA Warning in SLHAinterface::initSLHA: ignoring DECAY tables for id = {23,24,1,2,3,4,5,11,12,13,14,15,16,21,22} (m0 < SLHA:minMassSM)
 PYTHIA Warning in SLHAinterface::initSLHA: ignoring empty DECAY tables for id = {6,25} (total width provided but no Branching Ratios)

 *-------  PYTHIA Process Initialization  --------------------------*
 |                                                                  |
 | We collide p+ with p+ at a CM energy of 1.300e+04 GeV            |
 |                                                                  |
 |------------------------------------------------------------------|
 |                                                    |             |
 | Subprocess                                    Code |   Estimated |
 |                                                    |    max (mb) |
 |                                                    |             |
 |------------------------------------------------------------------|
 |                                                    |             |
 | Les Houches User Process(es)                  9999 |   1.000e-09 |
 |                                                                  |
 *-------  End PYTHIA Process Initialization -----------------------*

 *-------  PYTHIA Multiparton Interactions Initialization  ---------* 
 |                                                                  | 
 |                   sigmaNonDiffractive =    56.42 mb              | 
 |                                                                  | 
 |    pT0 =  2.60 gives sigmaInteraction =   317.96 mb: accepted    | 
 |                                                                  | 
 *-------  End PYTHIA Multiparton Interactions Initialization  -----* 

 *-------  PYTHIA Flag + Mode + Parm + Word + FVec + MVec + PVec + WVec Settings (changes only)  ------------------* 
 |                                                                                                                 | 
 | Name                                          |                      Now |      Default         Min         Max | 
 |                                               |                          |                                      | 
 | Beams:frameType                               |                        4 |            1           1           5 | 
 | Beams:LHEF                                    | /uscms_data/d3/iturkmen/hh4b_delphes/mg5/TTbar_smoke/Events/run_ttbar_100k_006/unweighted_events.lhe |         void | 
 | Check:event                                   |                      off |           on                         | 
 | Next:numberCount                              |                       10 |         1000           0             | 
 | Next:numberShowEvent                          |                        0 |            1           0             | 
 | Next:numberShowInfo                           |                        0 |            1           0             | 
 | Next:numberShowProcess                        |                        0 |            1           0             | 
 |                                                                                                                 | 
 *-------  End PYTHIA Flag + Mode + Parm + Word + FVec + MVec + PVec + WVec Settings  -----------------------------* 

 --------  PYTHIA Particle Data Table (changed only)  ------------------------------------------------------------------------------
 
      id   name            antiName         spn chg col      m0        mWidth      mMin       mMax       tau0    res dec ext vis wid
             no onMode   bRatio   meMode     products 

       6  t                tbar               2   2   1  173.00000    1.35678  166.40000  179.60000  1.45438e-13   1   1   0   1   0
              0     1   0.0000664    0       24        1 
              1     1   0.0017361    0       24        3 
              2     1   0.9981975    0       24        5 
              3     0   0.0000000    0       37        5 

      25  h0                                  1   0   0  125.00000    0.00408  124.96809  125.03191  4.83238e-11   1   1   0   0   0
              0     1   0.0000009    0        1       -1 
              1     1   0.0000002    0        2       -2 
              2     1   0.0002163    0        3       -3 
              3     1   0.0288493    0        4       -4 
              4     1   0.5768873    0        5       -5 
              5     1   0.0000000    0        6       -6 
              6     1   0.0000000    0       11      -11 
              7     1   0.0002185    0       13      -13 
              8     1   0.0628569    0       15      -15 
              9     1   0.0850383    0       21       21 
             10     1   0.0022965    0       22       22 
             11     1   0.0016155    0       22       23 
             12     1   0.0261758    0       23       23 
             13     1   0.2158445    0       24      -24 
             14     1   0.0000000  103  1000022  1000022 
             15     1   0.0000000  103  1000023  1000022 
             16     1   0.0000000  103  1000023  1000023 
             17     1   0.0000000  103  1000025  1000022 
             18     1   0.0000000  103  1000025  1000023 
             19     1   0.0000000  103  1000025  1000025 
             20     1   0.0000000  103  1000035  1000022 
             21     1   0.0000000  103  1000035  1000023 
             22     1   0.0000000  103  1000035  1000025 
             23     1   0.0000000  103  1000035  1000035 
             24     1   0.0000000  103  1000024 -1000024 
             25     1   0.0000000  103  1000024 -1000037 
             26     1   0.0000000  103  1000037 -1000024 
             27     1   0.0000000  103  1000037 -1000037 
             28     1   0.0000000  103  1000001 -1000001 
             29     1   0.0000000  103  2000001 -2000001 
             30     1   0.0000000  103  1000001 -2000001 
             31     1   0.0000000  103 -1000001  2000001 
             32     1   0.0000000  103  1000002 -1000002 
             33     1   0.0000000  103  2000002 -2000002 
             34     1   0.0000000  103  1000002 -2000002 
             35     1   0.0000000  103 -1000002  2000002 
             36     1   0.0000000  103  1000003 -1000003 
             37     1   0.0000000  103  2000003 -2000003 
             38     1   0.0000000  103  1000003 -2000003 
             39     1   0.0000000  103 -1000003  2000003 
             40     1   0.0000000  103  1000004 -1000004 
             41     1   0.0000000  103  2000004 -2000004 
             42     1   0.0000000  103  1000004 -2000004 
             43     1   0.0000000  103 -1000004  2000004 
             44     1   0.0000000  103  1000005 -1000005 
             45     1   0.0000000  103  2000005 -2000005 
             46     1   0.0000000  103  1000005 -2000005 
             47     1   0.0000000  103 -1000005  2000005 
             48     1   0.0000000  103  1000006 -1000006 
             49     1   0.0000000  103  2000006 -2000006 
             50     1   0.0000000  103  1000006 -2000006 
             51     1   0.0000000  103 -1000006  2000006 
             52     1   0.0000000  103  1000011 -1000011 
             53     1   0.0000000  103  2000011 -2000011 
             54     1   0.0000000  103  1000011 -2000011 
             55     1   0.0000000  103 -1000011  2000011 
             56     1   0.0000000  103  1000012 -1000012 
             57     1   0.0000000  103  2000012 -2000012 
             58     1   0.0000000  103  1000012 -2000012 
             59     1   0.0000000  103 -1000012  2000012 
             60     1   0.0000000  103  1000013 -1000013 
             61     1   0.0000000  103  2000013 -2000013 
             62     1   0.0000000  103  1000013 -2000013 
             63     1   0.0000000  103 -1000013  2000013 
             64     1   0.0000000  103  1000014 -1000014 
             65     1   0.0000000  103  2000014 -2000014 
             66     1   0.0000000  103  1000014 -2000014 
             67     1   0.0000000  103 -1000014  2000014 
             68     1   0.0000000  103  1000015 -1000015 
             69     1   0.0000000  103  2000015 -2000015 
             70     1   0.0000000  103  1000015 -2000015 
             71     1   0.0000000  103 -1000015  2000015 
             72     1   0.0000000  103  1000016 -1000016 
             73     1   0.0000000  103  2000016 -2000016 
             74     1   0.0000000  103  1000016 -2000016 
             75     1   0.0000000  103 -1000016  2000016 

 --------  End PYTHIA Particle Data Table  -----------------------------------------------------------------------------------------


 --------  LHA initialization information  ------------ 

  beam    kind      energy  pdfgrp  pdfset 
     A    2212    6500.000       0  247000
     B    2212    6500.000       0  247000

  Event weighting strategy = -4

  Processes, with strategy-dependent cross section info 
  number      xsec (pb)      xerr (pb)      xmax (pb) 
       1     5.1142e+02     6.7201e-01     5.1142e+02

 --------  End LHA initialization information  -------- 

 --------  LHA event information and listing  ---------------------------------------------------------------------- 

    process =        1    weight =   5.1142e+02     scale =   2.0275e+02 (GeV) 
                        alpha_em =   7.5558e-03    alpha_strong =   1.1474e-01

    Participating Particles 
    no        id stat     mothers     colours      p_x        p_y        p_z         e          m        tau    spin 
     1        21   -1     0     0   503   502      0.000      0.000     20.172     20.172      0.000   0.000   1.000
     2        21   -1     0     0   501   503     -0.000     -0.000  -2108.417   2108.417      0.000   0.000   1.000
     3         6    1     1     2   501     0   -101.341     32.896   -849.429    873.291    172.500   0.000   1.000
     4        -6    1     1     2     0   502    101.341    -32.896  -1238.817   1255.299    172.500   0.000   1.000

 --------  End LHA event information and listing  ------------------------------------------------------------------ 

 Pythia::next(): 10 events have been generated 

 Pythia::next(): 20 events have been generated 

 Pythia::next(): 30 events have been generated 

 Pythia::next(): 40 events have been generated 

 Pythia::next(): 50 events have been generated 

 Pythia::next(): 60 events have been generated 

 Pythia::next(): 70 events have been generated 

 Pythia::next(): 80 events have been generated 

 Pythia::next(): 90 events have been generated 

 Pythia::next(): 100 events have been generated 

 Pythia::next(): 110 events have been generated 

 Pythia::next(): 120 events have been generated 

 Pythia::next(): 130 events have been generated 

 Pythia::next(): 140 events have been generated 

 Pythia::next(): 150 events have been generated 

 Pythia::next(): 160 events have been generated 

 Pythia::next(): 170 events have been generated 

 Pythia::next(): 180 events have been generated 

 Pythia::next(): 190 events have been generated 

 Pythia::next(): 200 events have been generated 

 Pythia::next(): 210 events have been generated 

 Pythia::next(): 220 events have been generated 

 Pythia::next(): 230 events have been generated 

 Pythia::next(): 240 events have been generated 

 Pythia::next(): 250 events have been generated 

 Pythia::next(): 260 events have been generated 

 Pythia::next(): 270 events have been generated 

 Pythia::next(): 280 events have been generated 

 Pythia::next(): 290 events have been generated 

 Pythia::next(): 300 events have been generated 

 Pythia::next(): 310 events have been generated 

 Pythia::next(): 320 events have been generated 

 Pythia::next(): 330 events have been generated 

 Pythia::next(): 340 events have been generated 

 Pythia::next(): 350 events have been generated 

 Pythia::next(): 360 events have been generated 

 Pythia::next(): 370 events have been generated 

 Pythia::next(): 380 events have been generated 

 Pythia::next(): 390 events have been generated 

 Pythia::next(): 400 events have been generated 

 Pythia::next(): 410 events have been generated 

 Pythia::next(): 420 events have been generated 

 Pythia::next(): 430 events have been generated 

 Pythia::next(): 440 events have been generated 

 Pythia::next(): 450 events have been generated 

 Pythia::next(): 460 events have been generated 

 Pythia::next(): 470 events have been generated 

 Pythia::next(): 480 events have been generated 

 Pythia::next(): 490 events have been generated 

 Pythia::next(): 500 events have been generated 

 Pythia::next(): 510 events have been generated 

 Pythia::next(): 520 events have been generated 

 Pythia::next(): 530 events have been generated 

 Pythia::next(): 540 events have been generated 

 Pythia::next(): 550 events have been generated 

 Pythia::next(): 560 events have been generated 

 Pythia::next(): 570 events have been generated 

 Pythia::next(): 580 events have been generated 

 Pythia::next(): 590 events have been generated 

 Pythia::next(): 600 events have been generated 

 Pythia::next(): 610 events have been generated 

 Pythia::next(): 620 events have been generated 

 Pythia::next(): 630 events have been generated 

 Pythia::next(): 640 events have been generated 

 Pythia::next(): 650 events have been generated 

 Pythia::next(): 660 events have been generated 

 Pythia::next(): 670 events have been generated 

 Pythia::next(): 680 events have been generated 

 Pythia::next(): 690 events have been generated 

 Pythia::next(): 700 events have been generated 

 Pythia::next(): 710 events have been generated 

 Pythia::next(): 720 events have been generated 

 Pythia::next(): 730 events have been generated 

 Pythia::next(): 740 events have been generated 

 Pythia::next(): 750 events have been generated 

 Pythia::next(): 760 events have been generated 

 Pythia::next(): 770 events have been generated 

 Pythia::next(): 780 events have been generated 

 Pythia::next(): 790 events have been generated 

 Pythia::next(): 800 events have been generated 

 Pythia::next(): 810 events have been generated 

 Pythia::next(): 820 events have been generated 

 Pythia::next(): 830 events have been generated 

 Pythia::next(): 840 events have been generated 

 Pythia::next(): 850 events have been generated 

 Pythia::next(): 860 events have been generated 

 Pythia::next(): 870 events have been generated 

 Pythia::next(): 880 events have been generated 

 Pythia::next(): 890 events have been generated 

 Pythia::next(): 900 events have been generated 

 Pythia::next(): 910 events have been generated 

 Pythia::next(): 920 events have been generated 

 Pythia::next(): 930 events have been generated 

 Pythia::next(): 940 events have been generated 

 Pythia::next(): 950 events have been generated 

 Pythia::next(): 960 events have been generated 

 Pythia::next(): 970 events have been generated 

 Pythia::next(): 980 events have been generated 

 Pythia::next(): 990 events have been generated 

 Pythia::next(): 1000 events have been generated 

 Pythia::next(): 1010 events have been generated 

 Pythia::next(): 1020 events have been generated 

 Pythia::next(): 1030 events have been generated 

 Pythia::next(): 1040 events have been generated 
 PYTHIA Error in SimpleSpaceShower::pT2nearThreshold: stuck in loop

 Pythia::next(): 1050 events have been generated 

 Pythia::next(): 1060 events have been generated 

 Pythia::next(): 1070 events have been generated 

 Pythia::next(): 1080 events have been generated 

 Pythia::next(): 1090 events have been generated 

 Pythia::next(): 1100 events have been generated 

 Pythia::next(): 1110 events have been generated 

 Pythia::next(): 1120 events have been generated 

 Pythia::next(): 1130 events have been generated 

 Pythia::next(): 1140 events have been generated 

 Pythia::next(): 1150 events have been generated 

 Pythia::next(): 1160 events have been generated 

 Pythia::next(): 1170 events have been generated 

 Pythia::next(): 1180 events have been generated 

 Pythia::next(): 1190 events have been generated 

 Pythia::next(): 1200 events have been generated 

 Pythia::next(): 1210 events have been generated 

 Pythia::next(): 1220 events have been generated 

 Pythia::next(): 1230 events have been generated 

 Pythia::next(): 1240 events have been generated 

 Pythia::next(): 1250 events have been generated 

 Pythia::next(): 1260 events have been generated 

 Pythia::next(): 1270 events have been generated 

 Pythia::next(): 1280 events have been generated 

 Pythia::next(): 1290 events have been generated 

 Pythia::next(): 1300 events have been generated 

 Pythia::next(): 1310 events have been generated 

 Pythia::next(): 1320 events have been generated 

 Pythia::next(): 1330 events have been generated 

 Pythia::next(): 1340 events have been generated 

 Pythia::next(): 1350 events have been generated 

 Pythia::next(): 1360 events have been generated 

 Pythia::next(): 1370 events have been generated 

 Pythia::next(): 1380 events have been generated 

 Pythia::next(): 1390 events have been generated 

 Pythia::next(): 1400 events have been generated 

 Pythia::next(): 1410 events have been generated 

 Pythia::next(): 1420 events have been generated 

 Pythia::next(): 1430 events have been generated 

 Pythia::next(): 1440 events have been generated 

 Pythia::next(): 1450 events have been generated 

 Pythia::next(): 1460 events have been generated 

 Pythia::next(): 1470 events have been generated 

 Pythia::next(): 1480 events have been generated 

 Pythia::next(): 1490 events have been generated 

 Pythia::next(): 1500 events have been generated 

 Pythia::next(): 1510 events have been generated 

 Pythia::next(): 1520 events have been generated 

 Pythia::next(): 1530 events have been generated 

 Pythia::next(): 1540 events have been generated 
 PYTHIA Warning in SimpleTimeShower::pTnext: negative dipole mass

 Pythia::next(): 1550 events have been generated 

 Pythia::next(): 1560 events have been generated 

 Pythia::next(): 1570 events have been generated 

 Pythia::next(): 1580 events have been generated 

 Pythia::next(): 1590 events have been generated 

 Pythia::next(): 1600 events have been generated 

 Pythia::next(): 1610 events have been generated 

 Pythia::next(): 1620 events have been generated 

 Pythia::next(): 1630 events have been generated 

 Pythia::next(): 1640 events have been generated 

 Pythia::next(): 1650 events have been generated 

 Pythia::next(): 1660 events have been generated 

 Pythia::next(): 1670 events have been generated 

 Pythia::next(): 1680 events have been generated 

 Pythia::next(): 1690 events have been generated 

 Pythia::next(): 1700 events have been generated 

 Pythia::next(): 1710 events have been generated 

 Pythia::next(): 1720 events have been generated 

 Pythia::next(): 1730 events have been generated 

 Pythia::next(): 1740 events have been generated 

 Pythia::next(): 1750 events have been generated 

 Pythia::next(): 1760 events have been generated 

 Pythia::next(): 1770 events have been generated 

 Pythia::next(): 1780 events have been generated 

 Pythia::next(): 1790 events have been generated 

 Pythia::next(): 1800 events have been generated 

 Pythia::next(): 1810 events have been generated 

 Pythia::next(): 1820 events have been generated 

 Pythia::next(): 1830 events have been generated 

 Pythia::next(): 1840 events have been generated 

 Pythia::next(): 1850 events have been generated 

 Pythia::next(): 1860 events have been generated 

 Pythia::next(): 1870 events have been generated 

 Pythia::next(): 1880 events have been generated 

 Pythia::next(): 1890 events have been generated 

 Pythia::next(): 1900 events have been generated 

 Pythia::next(): 1910 events have been generated 

 Pythia::next(): 1920 events have been generated 

 Pythia::next(): 1930 events have been generated 

 Pythia::next(): 1940 events have been generated 

 Pythia::next(): 1950 events have been generated 

 Pythia::next(): 1960 events have been generated 

 Pythia::next(): 1970 events have been generated 

 Pythia::next(): 1980 events have been generated 

 Pythia::next(): 1990 events have been generated 

 Pythia::next(): 2000 events have been generated 

 Pythia::next(): 2010 events have been generated 

 Pythia::next(): 2020 events have been generated 

 Pythia::next(): 2030 events have been generated 

 Pythia::next(): 2040 events have been generated 

 Pythia::next(): 2050 events have been generated 

 Pythia::next(): 2060 events have been generated 

 Pythia::next(): 2070 events have been generated 

 Pythia::next(): 2080 events have been generated 

 Pythia::next(): 2090 events have been generated 

 Pythia::next(): 2100 events have been generated 

 Pythia::next(): 2110 events have been generated 

 Pythia::next(): 2120 events have been generated 

 Pythia::next(): 2130 events have been generated 

 Pythia::next(): 2140 events have been generated 

 Pythia::next(): 2150 events have been generated 

 Pythia::next(): 2160 events have been generated 

 Pythia::next(): 2170 events have been generated 

 Pythia::next(): 2180 events have been generated 

 Pythia::next(): 2190 events have been generated 

 Pythia::next(): 2200 events have been generated 

 Pythia::next(): 2210 events have been generated 

 Pythia::next(): 2220 events have been generated 

 Pythia::next(): 2230 events have been generated 

 Pythia::next(): 2240 events have been generated 

 Pythia::next(): 2250 events have been generated 

 Pythia::next(): 2260 events have been generated 

 Pythia::next(): 2270 events have been generated 

 Pythia::next(): 2280 events have been generated 

 Pythia::next(): 2290 events have been generated 

 Pythia::next(): 2300 events have been generated 

 Pythia::next(): 2310 events have been generated 

 Pythia::next(): 2320 events have been generated 

 Pythia::next(): 2330 events have been generated 

 Pythia::next(): 2340 events have been generated 

 Pythia::next(): 2350 events have been generated 

 Pythia::next(): 2360 events have been generated 

 Pythia::next(): 2370 events have been generated 

 Pythia::next(): 2380 events have been generated 

 Pythia::next(): 2390 events have been generated 

 Pythia::next(): 2400 events have been generated 

 Pythia::next(): 2410 events have been generated 

 Pythia::next(): 2420 events have been generated 

 Pythia::next(): 2430 events have been generated 

 Pythia::next(): 2440 events have been generated 

 Pythia::next(): 2450 events have been generated 

 Pythia::next(): 2460 events have been generated 

 Pythia::next(): 2470 events have been generated 

 Pythia::next(): 2480 events have been generated 

 Pythia::next(): 2490 events have been generated 

 Pythia::next(): 2500 events have been generated 

 Pythia::next(): 2510 events have been generated 

 Pythia::next(): 2520 events have been generated 

 Pythia::next(): 2530 events have been generated 

 Pythia::next(): 2540 events have been generated 

 Pythia::next(): 2550 events have been generated 

 Pythia::next(): 2560 events have been generated 

 Pythia::next(): 2570 events have been generated 

 Pythia::next(): 2580 events have been generated 

 Pythia::next(): 2590 events have been generated 

 Pythia::next(): 2600 events have been generated 

 Pythia::next(): 2610 events have been generated 

 Pythia::next(): 2620 events have been generated 

 Pythia::next(): 2630 events have been generated 

 Pythia::next(): 2640 events have been generated 

 Pythia::next(): 2650 events have been generated 

 Pythia::next(): 2660 events have been generated 

 Pythia::next(): 2670 events have been generated 

 Pythia::next(): 2680 events have been generated 

 Pythia::next(): 2690 events have been generated 

 Pythia::next(): 2700 events have been generated 

 Pythia::next(): 2710 events have been generated 

 Pythia::next(): 2720 events have been generated 

 Pythia::next(): 2730 events have been generated 

 Pythia::next(): 2740 events have been generated 

 Pythia::next(): 2750 events have been generated 

 Pythia::next(): 2760 events have been generated 

 Pythia::next(): 2770 events have been generated 

 Pythia::next(): 2780 events have been generated 

 Pythia::next(): 2790 events have been generated 

 Pythia::next(): 2800 events have been generated 

 Pythia::next(): 2810 events have been generated 

 Pythia::next(): 2820 events have been generated 

 Pythia::next(): 2830 events have been generated 

 Pythia::next(): 2840 events have been generated 

 Pythia::next(): 2850 events have been generated 

 Pythia::next(): 2860 events have been generated 

 Pythia::next(): 2870 events have been generated 

 Pythia::next(): 2880 events have been generated 

 Pythia::next(): 2890 events have been generated 

 Pythia::next(): 2900 events have been generated 

 Pythia::next(): 2910 events have been generated 

 Pythia::next(): 2920 events have been generated 

 Pythia::next(): 2930 events have been generated 

 Pythia::next(): 2940 events have been generated 

 Pythia::next(): 2950 events have been generated 

 Pythia::next(): 2960 events have been generated 

 Pythia::next(): 2970 events have been generated 

 Pythia::next(): 2980 events have been generated 

 Pythia::next(): 2990 events have been generated 

 Pythia::next(): 3000 events have been generated 

 Pythia::next(): 3010 events have been generated 

 Pythia::next(): 3020 events have been generated 

 Pythia::next(): 3030 events have been generated 

 Pythia::next(): 3040 events have been generated 

 Pythia::next(): 3050 events have been generated 

 Pythia::next(): 3060 events have been generated 

 Pythia::next(): 3070 events have been generated 

 Pythia::next(): 3080 events have been generated 

 Pythia::next(): 3090 events have been generated 

 Pythia::next(): 3100 events have been generated 

 Pythia::next(): 3110 events have been generated 

 Pythia::next(): 3120 events have been generated 

 Pythia::next(): 3130 events have been generated 

 Pythia::next(): 3140 events have been generated 

 Pythia::next(): 3150 events have been generated 

 Pythia::next(): 3160 events have been generated 

 Pythia::next(): 3170 events have been generated 

 Pythia::next(): 3180 events have been generated 

 Pythia::next(): 3190 events have been generated 

 Pythia::next(): 3200 events have been generated 

 Pythia::next(): 3210 events have been generated 

 Pythia::next(): 3220 events have been generated 

 Pythia::next(): 3230 events have been generated 

 Pythia::next(): 3240 events have been generated 

 Pythia::next(): 3250 events have been generated 

 Pythia::next(): 3260 events have been generated 

 Pythia::next(): 3270 events have been generated 

 Pythia::next(): 3280 events have been generated 

 Pythia::next(): 3290 events have been generated 

 Pythia::next(): 3300 events have been generated 

 Pythia::next(): 3310 events have been generated 

 Pythia::next(): 3320 events have been generated 

 Pythia::next(): 3330 events have been generated 

 Pythia::next(): 3340 events have been generated 

 Pythia::next(): 3350 events have been generated 

 Pythia::next(): 3360 events have been generated 

 Pythia::next(): 3370 events have been generated 

 Pythia::next(): 3380 events have been generated 

 Pythia::next(): 3390 events have been generated 

 Pythia::next(): 3400 events have been generated 

 Pythia::next(): 3410 events have been generated 

 Pythia::next(): 3420 events have been generated 

 Pythia::next(): 3430 events have been generated 

 Pythia::next(): 3440 events have been generated 

 Pythia::next(): 3450 events have been generated 

 Pythia::next(): 3460 events have been generated 

 Pythia::next(): 3470 events have been generated 

 Pythia::next(): 3480 events have been generated 

 Pythia::next(): 3490 events have been generated 

 Pythia::next(): 3500 events have been generated 

 Pythia::next(): 3510 events have been generated 

 Pythia::next(): 3520 events have been generated 

 Pythia::next(): 3530 events have been generated 

 Pythia::next(): 3540 events have been generated 

 Pythia::next(): 3550 events have been generated 

 Pythia::next(): 3560 events have been generated 

 Pythia::next(): 3570 events have been generated 

 Pythia::next(): 3580 events have been generated 

 Pythia::next(): 3590 events have been generated 

 Pythia::next(): 3600 events have been generated 

 Pythia::next(): 3610 events have been generated 

 Pythia::next(): 3620 events have been generated 

 Pythia::next(): 3630 events have been generated 

 Pythia::next(): 3640 events have been generated 

 Pythia::next(): 3650 events have been generated 

 Pythia::next(): 3660 events have been generated 

 Pythia::next(): 3670 events have been generated 

 Pythia::next(): 3680 events have been generated 

 Pythia::next(): 3690 events have been generated 

 Pythia::next(): 3700 events have been generated 

 Pythia::next(): 3710 events have been generated 

 Pythia::next(): 3720 events have been generated 

 Pythia::next(): 3730 events have been generated 

 Pythia::next(): 3740 events have been generated 

 Pythia::next(): 3750 events have been generated 

 Pythia::next(): 3760 events have been generated 

 Pythia::next(): 3770 events have been generated 

 Pythia::next(): 3780 events have been generated 

 Pythia::next(): 3790 events have been generated 

 Pythia::next(): 3800 events have been generated 

 Pythia::next(): 3810 events have been generated 

 Pythia::next(): 3820 events have been generated 

 Pythia::next(): 3830 events have been generated 

 Pythia::next(): 3840 events have been generated 

 Pythia::next(): 3850 events have been generated 

 Pythia::next(): 3860 events have been generated 

 Pythia::next(): 3870 events have been generated 

 Pythia::next(): 3880 events have been generated 

 Pythia::next(): 3890 events have been generated 

 Pythia::next(): 3900 events have been generated 

 Pythia::next(): 3910 events have been generated 

 Pythia::next(): 3920 events have been generated 

 Pythia::next(): 3930 events have been generated 

 Pythia::next(): 3940 events have been generated 

 Pythia::next(): 3950 events have been generated 

 Pythia::next(): 3960 events have been generated 

 Pythia::next(): 3970 events have been generated 

 Pythia::next(): 3980 events have been generated 

 Pythia::next(): 3990 events have been generated 

 Pythia::next(): 4000 events have been generated 

 Pythia::next(): 4010 events have been generated 

 Pythia::next(): 4020 events have been generated 

 Pythia::next(): 4030 events have been generated 

 Pythia::next(): 4040 events have been generated 

 Pythia::next(): 4050 events have been generated 

 Pythia::next(): 4060 events have been generated 

 Pythia::next(): 4070 events have been generated 

 Pythia::next(): 4080 events have been generated 

 Pythia::next(): 4090 events have been generated 

 Pythia::next(): 4100 events have been generated 

 Pythia::next(): 4110 events have been generated 

 Pythia::next(): 4120 events have been generated 

 Pythia::next(): 4130 events have been generated 

 Pythia::next(): 4140 events have been generated 

 Pythia::next(): 4150 events have been generated 

 Pythia::next(): 4160 events have been generated 

 Pythia::next(): 4170 events have been generated 

 Pythia::next(): 4180 events have been generated 

 Pythia::next(): 4190 events have been generated 

 Pythia::next(): 4200 events have been generated 

 Pythia::next(): 4210 events have been generated 

 Pythia::next(): 4220 events have been generated 

 Pythia::next(): 4230 events have been generated 

 Pythia::next(): 4240 events have been generated 

 Pythia::next(): 4250 events have been generated 

 Pythia::next(): 4260 events have been generated 

 Pythia::next(): 4270 events have been generated 

 Pythia::next(): 4280 events have been generated 

 Pythia::next(): 4290 events have been generated 

 Pythia::next(): 4300 events have been generated 

 Pythia::next(): 4310 events have been generated 

 Pythia::next(): 4320 events have been generated 

 Pythia::next(): 4330 events have been generated 

 Pythia::next(): 4340 events have been generated 

 Pythia::next(): 4350 events have been generated 

 Pythia::next(): 4360 events have been generated 

 Pythia::next(): 4370 events have been generated 

 Pythia::next(): 4380 events have been generated 

 Pythia::next(): 4390 events have been generated 

 Pythia::next(): 4400 events have been generated 

 Pythia::next(): 4410 events have been generated 

 Pythia::next(): 4420 events have been generated 

 Pythia::next(): 4430 events have been generated 

 Pythia::next(): 4440 events have been generated 

 Pythia::next(): 4450 events have been generated 

 Pythia::next(): 4460 events have been generated 

 Pythia::next(): 4470 events have been generated 

 Pythia::next(): 4480 events have been generated 

 Pythia::next(): 4490 events have been generated 

 Pythia::next(): 4500 events have been generated 

 Pythia::next(): 4510 events have been generated 

 Pythia::next(): 4520 events have been generated 

 Pythia::next(): 4530 events have been generated 

 Pythia::next(): 4540 events have been generated 

 Pythia::next(): 4550 events have been generated 

 Pythia::next(): 4560 events have been generated 

 Pythia::next(): 4570 events have been generated 

 Pythia::next(): 4580 events have been generated 

 Pythia::next(): 4590 events have been generated 

 Pythia::next(): 4600 events have been generated 

 Pythia::next(): 4610 events have been generated 

 Pythia::next(): 4620 events have been generated 

 Pythia::next(): 4630 events have been generated 

 Pythia::next(): 4640 events have been generated 

 Pythia::next(): 4650 events have been generated 

 Pythia::next(): 4660 events have been generated 

 Pythia::next(): 4670 events have been generated 

 Pythia::next(): 4680 events have been generated 

 Pythia::next(): 4690 events have been generated 

 Pythia::next(): 4700 events have been generated 

 Pythia::next(): 4710 events have been generated 

 Pythia::next(): 4720 events have been generated 

 Pythia::next(): 4730 events have been generated 

 Pythia::next(): 4740 events have been generated 

 Pythia::next(): 4750 events have been generated 

 Pythia::next(): 4760 events have been generated 

 Pythia::next(): 4770 events have been generated 

 Pythia::next(): 4780 events have been generated 

 Pythia::next(): 4790 events have been generated 

 Pythia::next(): 4800 events have been generated 

 Pythia::next(): 4810 events have been generated 

 Pythia::next(): 4820 events have been generated 

 Pythia::next(): 4830 events have been generated 

 Pythia::next(): 4840 events have been generated 

 Pythia::next(): 4850 events have been generated 

 Pythia::next(): 4860 events have been generated 

 Pythia::next(): 4870 events have been generated 

 Pythia::next(): 4880 events have been generated 

 Pythia::next(): 4890 events have been generated 

 Pythia::next(): 4900 events have been generated 

 Pythia::next(): 4910 events have been generated 

 Pythia::next(): 4920 events have been generated 

 Pythia::next(): 4930 events have been generated 

 Pythia::next(): 4940 events have been generated 

 Pythia::next(): 4950 events have been generated 

 Pythia::next(): 4960 events have been generated 

 Pythia::next(): 4970 events have been generated 

 Pythia::next(): 4980 events have been generated 

 Pythia::next(): 4990 events have been generated 

 Pythia::next(): 5000 events have been generated 

 Pythia::next(): 5010 events have been generated 

 Pythia::next(): 5020 events have been generated 

 Pythia::next(): 5030 events have been generated 

 Pythia::next(): 5040 events have been generated 

 Pythia::next(): 5050 events have been generated 

 Pythia::next(): 5060 events have been generated 

 Pythia::next(): 5070 events have been generated 

 Pythia::next(): 5080 events have been generated 

 Pythia::next(): 5090 events have been generated 

 Pythia::next(): 5100 events have been generated 

 Pythia::next(): 5110 events have been generated 

 Pythia::next(): 5120 events have been generated 

 Pythia::next(): 5130 events have been generated 

 Pythia::next(): 5140 events have been generated 

 Pythia::next(): 5150 events have been generated 

 Pythia::next(): 5160 events have been generated 

 Pythia::next(): 5170 events have been generated 

 Pythia::next(): 5180 events have been generated 

 Pythia::next(): 5190 events have been generated 

 Pythia::next(): 5200 events have been generated 

 Pythia::next(): 5210 events have been generated 

 Pythia::next(): 5220 events have been generated 

 Pythia::next(): 5230 events have been generated 

 Pythia::next(): 5240 events have been generated 

 Pythia::next(): 5250 events have been generated 

 Pythia::next(): 5260 events have been generated 

 Pythia::next(): 5270 events have been generated 
 PYTHIA Warning in MultipartonInteractions::pTnext: weight above unity

 Pythia::next(): 5280 events have been generated 

 Pythia::next(): 5290 events have been generated 

 Pythia::next(): 5300 events have been generated 

 Pythia::next(): 5310 events have been generated 

 Pythia::next(): 5320 events have been generated 

 Pythia::next(): 5330 events have been generated 

 Pythia::next(): 5340 events have been generated 

 Pythia::next(): 5350 events have been generated 

 Pythia::next(): 5360 events have been generated 

 Pythia::next(): 5370 events have been generated 

 Pythia::next(): 5380 events have been generated 

 Pythia::next(): 5390 events have been generated 

 Pythia::next(): 5400 events have been generated 

 Pythia::next(): 5410 events have been generated 

 Pythia::next(): 5420 events have been generated 

 Pythia::next(): 5430 events have been generated 

 Pythia::next(): 5440 events have been generated 

 Pythia::next(): 5450 events have been generated 

 Pythia::next(): 5460 events have been generated 

 Pythia::next(): 5470 events have been generated 

 Pythia::next(): 5480 events have been generated 

 Pythia::next(): 5490 events have been generated 

 Pythia::next(): 5500 events have been generated 

 Pythia::next(): 5510 events have been generated 

 Pythia::next(): 5520 events have been generated 

 Pythia::next(): 5530 events have been generated 

 Pythia::next(): 5540 events have been generated 

 Pythia::next(): 5550 events have been generated 

 Pythia::next(): 5560 events have been generated 

 Pythia::next(): 5570 events have been generated 

 Pythia::next(): 5580 events have been generated 

 Pythia::next(): 5590 events have been generated 

 Pythia::next(): 5600 events have been generated 

 Pythia::next(): 5610 events have been generated 

 Pythia::next(): 5620 events have been generated 

 Pythia::next(): 5630 events have been generated 

 Pythia::next(): 5640 events have been generated 

 Pythia::next(): 5650 events have been generated 

 Pythia::next(): 5660 events have been generated 

 Pythia::next(): 5670 events have been generated 

 Pythia::next(): 5680 events have been generated 

 Pythia::next(): 5690 events have been generated 

 Pythia::next(): 5700 events have been generated 

 Pythia::next(): 5710 events have been generated 

 Pythia::next(): 5720 events have been generated 

 Pythia::next(): 5730 events have been generated 

 Pythia::next(): 5740 events have been generated 

 Pythia::next(): 5750 events have been generated 

 Pythia::next(): 5760 events have been generated 

 Pythia::next(): 5770 events have been generated 

 Pythia::next(): 5780 events have been generated 

 Pythia::next(): 5790 events have been generated 

 Pythia::next(): 5800 events have been generated 

 Pythia::next(): 5810 events have been generated 

 Pythia::next(): 5820 events have been generated 

 Pythia::next(): 5830 events have been generated 

 Pythia::next(): 5840 events have been generated 

 Pythia::next(): 5850 events have been generated 

 Pythia::next(): 5860 events have been generated 

 Pythia::next(): 5870 events have been generated 

 Pythia::next(): 5880 events have been generated 

 Pythia::next(): 5890 events have been generated 

 Pythia::next(): 5900 events have been generated 

 Pythia::next(): 5910 events have been generated 

 Pythia::next(): 5920 events have been generated 

 Pythia::next(): 5930 events have been generated 

 Pythia::next(): 5940 events have been generated 

 Pythia::next(): 5950 events have been generated 

 Pythia::next(): 5960 events have been generated 

 Pythia::next(): 5970 events have been generated 

 Pythia::next(): 5980 events have been generated 

 Pythia::next(): 5990 events have been generated 

 Pythia::next(): 6000 events have been generated 

 Pythia::next(): 6010 events have been generated 

 Pythia::next(): 6020 events have been generated 

 Pythia::next(): 6030 events have been generated 

 Pythia::next(): 6040 events have been generated 

 Pythia::next(): 6050 events have been generated 

 Pythia::next(): 6060 events have been generated 

 Pythia::next(): 6070 events have been generated 

 Pythia::next(): 6080 events have been generated 

 Pythia::next(): 6090 events have been generated 

 Pythia::next(): 6100 events have been generated 

 Pythia::next(): 6110 events have been generated 

 Pythia::next(): 6120 events have been generated 

 Pythia::next(): 6130 events have been generated 

 Pythia::next(): 6140 events have been generated 

 Pythia::next(): 6150 events have been generated 

 Pythia::next(): 6160 events have been generated 

 Pythia::next(): 6170 events have been generated 

 Pythia::next(): 6180 events have been generated 

 Pythia::next(): 6190 events have been generated 

 Pythia::next(): 6200 events have been generated 

 Pythia::next(): 6210 events have been generated 

 Pythia::next(): 6220 events have been generated 

 Pythia::next(): 6230 events have been generated 

 Pythia::next(): 6240 events have been generated 

 Pythia::next(): 6250 events have been generated 

 Pythia::next(): 6260 events have been generated 

 Pythia::next(): 6270 events have been generated 

 Pythia::next(): 6280 events have been generated 

 Pythia::next(): 6290 events have been generated 

 Pythia::next(): 6300 events have been generated 

 Pythia::next(): 6310 events have been generated 

 Pythia::next(): 6320 events have been generated 

 Pythia::next(): 6330 events have been generated 

 Pythia::next(): 6340 events have been generated 

 Pythia::next(): 6350 events have been generated 

 Pythia::next(): 6360 events have been generated 

 Pythia::next(): 6370 events have been generated 

 Pythia::next(): 6380 events have been generated 

 Pythia::next(): 6390 events have been generated 

 Pythia::next(): 6400 events have been generated 

 Pythia::next(): 6410 events have been generated 

 Pythia::next(): 6420 events have been generated 

 Pythia::next(): 6430 events have been generated 

 Pythia::next(): 6440 events have been generated 

 Pythia::next(): 6450 events have been generated 

 Pythia::next(): 6460 events have been generated 

 Pythia::next(): 6470 events have been generated 

 Pythia::next(): 6480 events have been generated 

 Pythia::next(): 6490 events have been generated 

 Pythia::next(): 6500 events have been generated 

 Pythia::next(): 6510 events have been generated 

 Pythia::next(): 6520 events have been generated 

 Pythia::next(): 6530 events have been generated 

 Pythia::next(): 6540 events have been generated 

 Pythia::next(): 6550 events have been generated 

 Pythia::next(): 6560 events have been generated 

 Pythia::next(): 6570 events have been generated 

 Pythia::next(): 6580 events have been generated 

 Pythia::next(): 6590 events have been generated 

 Pythia::next(): 6600 events have been generated 

 Pythia::next(): 6610 events have been generated 

 Pythia::next(): 6620 events have been generated 

 Pythia::next(): 6630 events have been generated 

 Pythia::next(): 6640 events have been generated 

 Pythia::next(): 6650 events have been generated 

 Pythia::next(): 6660 events have been generated 

 Pythia::next(): 6670 events have been generated 

 Pythia::next(): 6680 events have been generated 

 Pythia::next(): 6690 events have been generated 

 Pythia::next(): 6700 events have been generated 

 Pythia::next(): 6710 events have been generated 

 Pythia::next(): 6720 events have been generated 

 Pythia::next(): 6730 events have been generated 

 Pythia::next(): 6740 events have been generated 

 Pythia::next(): 6750 events have been generated 

 Pythia::next(): 6760 events have been generated 

 Pythia::next(): 6770 events have been generated 

 Pythia::next(): 6780 events have been generated 

 Pythia::next(): 6790 events have been generated 

 Pythia::next(): 6800 events have been generated 

 Pythia::next(): 6810 events have been generated 

 Pythia::next(): 6820 events have been generated 

 Pythia::next(): 6830 events have been generated 

 Pythia::next(): 6840 events have been generated 

 Pythia::next(): 6850 events have been generated 

 Pythia::next(): 6860 events have been generated 

 Pythia::next(): 6870 events have been generated 

 Pythia::next(): 6880 events have been generated 

 Pythia::next(): 6890 events have been generated 

 Pythia::next(): 6900 events have been generated 

 Pythia::next(): 6910 events have been generated 

 Pythia::next(): 6920 events have been generated 

 Pythia::next(): 6930 events have been generated 

 Pythia::next(): 6940 events have been generated 

 Pythia::next(): 6950 events have been generated 

 Pythia::next(): 6960 events have been generated 

 Pythia::next(): 6970 events have been generated 

 Pythia::next(): 6980 events have been generated 

 Pythia::next(): 6990 events have been generated 

 Pythia::next(): 7000 events have been generated 

 Pythia::next(): 7010 events have been generated 

 Pythia::next(): 7020 events have been generated 

 Pythia::next(): 7030 events have been generated 

 Pythia::next(): 7040 events have been generated 

 Pythia::next(): 7050 events have been generated 

 Pythia::next(): 7060 events have been generated 

 Pythia::next(): 7070 events have been generated 

 Pythia::next(): 7080 events have been generated 

 Pythia::next(): 7090 events have been generated 

 Pythia::next(): 7100 events have been generated 

 Pythia::next(): 7110 events have been generated 

 Pythia::next(): 7120 events have been generated 

 Pythia::next(): 7130 events have been generated 

 Pythia::next(): 7140 events have been generated 

 Pythia::next(): 7150 events have been generated 

 Pythia::next(): 7160 events have been generated 

 Pythia::next(): 7170 events have been generated 

 Pythia::next(): 7180 events have been generated 

 Pythia::next(): 7190 events have been generated 

 Pythia::next(): 7200 events have been generated 

 Pythia::next(): 7210 events have been generated 

 Pythia::next(): 7220 events have been generated 

 Pythia::next(): 7230 events have been generated 

 Pythia::next(): 7240 events have been generated 

 Pythia::next(): 7250 events have been generated 

 Pythia::next(): 7260 events have been generated 

 Pythia::next(): 7270 events have been generated 

 Pythia::next(): 7280 events have been generated 

 Pythia::next(): 7290 events have been generated 

 Pythia::next(): 7300 events have been generated 

 Pythia::next(): 7310 events have been generated 

 Pythia::next(): 7320 events have been generated 

 Pythia::next(): 7330 events have been generated 

 Pythia::next(): 7340 events have been generated 

 Pythia::next(): 7350 events have been generated 

 Pythia::next(): 7360 events have been generated 

 Pythia::next(): 7370 events have been generated 

 Pythia::next(): 7380 events have been generated 

 Pythia::next(): 7390 events have been generated 

 Pythia::next(): 7400 events have been generated 

 Pythia::next(): 7410 events have been generated 

 Pythia::next(): 7420 events have been generated 

 Pythia::next(): 7430 events have been generated 

 Pythia::next(): 7440 events have been generated 

 Pythia::next(): 7450 events have been generated 

 Pythia::next(): 7460 events have been generated 

 Pythia::next(): 7470 events have been generated 

 Pythia::next(): 7480 events have been generated 

 Pythia::next(): 7490 events have been generated 

 Pythia::next(): 7500 events have been generated 

 Pythia::next(): 7510 events have been generated 

 Pythia::next(): 7520 events have been generated 

 Pythia::next(): 7530 events have been generated 

 Pythia::next(): 7540 events have been generated 

 Pythia::next(): 7550 events have been generated 

 Pythia::next(): 7560 events have been generated 

 Pythia::next(): 7570 events have been generated 

 Pythia::next(): 7580 events have been generated 

 Pythia::next(): 7590 events have been generated 

 Pythia::next(): 7600 events have been generated 

 Pythia::next(): 7610 events have been generated 

 Pythia::next(): 7620 events have been generated 

 Pythia::next(): 7630 events have been generated 

 Pythia::next(): 7640 events have been generated 

 Pythia::next(): 7650 events have been generated 

 Pythia::next(): 7660 events have been generated 

 Pythia::next(): 7670 events have been generated 

 Pythia::next(): 7680 events have been generated 

 Pythia::next(): 7690 events have been generated 

 Pythia::next(): 7700 events have been generated 

 Pythia::next(): 7710 events have been generated 

 Pythia::next(): 7720 events have been generated 

 Pythia::next(): 7730 events have been generated 

 Pythia::next(): 7740 events have been generated 

 Pythia::next(): 7750 events have been generated 

 Pythia::next(): 7760 events have been generated 

 Pythia::next(): 7770 events have been generated 

 Pythia::next(): 7780 events have been generated 

 Pythia::next(): 7790 events have been generated 

 Pythia::next(): 7800 events have been generated 

 Pythia::next(): 7810 events have been generated 

 Pythia::next(): 7820 events have been generated 

 Pythia::next(): 7830 events have been generated 

 Pythia::next(): 7840 events have been generated 

 Pythia::next(): 7850 events have been generated 

 Pythia::next(): 7860 events have been generated 

 Pythia::next(): 7870 events have been generated 

 Pythia::next(): 7880 events have been generated 

 Pythia::next(): 7890 events have been generated 

 Pythia::next(): 7900 events have been generated 

 Pythia::next(): 7910 events have been generated 

 Pythia::next(): 7920 events have been generated 

 Pythia::next(): 7930 events have been generated 

 Pythia::next(): 7940 events have been generated 

 Pythia::next(): 7950 events have been generated 

 Pythia::next(): 7960 events have been generated 

 Pythia::next(): 7970 events have been generated 

 Pythia::next(): 7980 events have been generated 

 Pythia::next(): 7990 events have been generated 

 Pythia::next(): 8000 events have been generated 

 Pythia::next(): 8010 events have been generated 

 Pythia::next(): 8020 events have been generated 

 Pythia::next(): 8030 events have been generated 

 Pythia::next(): 8040 events have been generated 

 Pythia::next(): 8050 events have been generated 

 Pythia::next(): 8060 events have been generated 

 Pythia::next(): 8070 events have been generated 

 Pythia::next(): 8080 events have been generated 

 Pythia::next(): 8090 events have been generated 

 Pythia::next(): 8100 events have been generated 

 Pythia::next(): 8110 events have been generated 

 Pythia::next(): 8120 events have been generated 

 Pythia::next(): 8130 events have been generated 

 Pythia::next(): 8140 events have been generated 

 Pythia::next(): 8150 events have been generated 

 Pythia::next(): 8160 events have been generated 

 Pythia::next(): 8170 events have been generated 

 Pythia::next(): 8180 events have been generated 

 Pythia::next(): 8190 events have been generated 

 Pythia::next(): 8200 events have been generated 

 Pythia::next(): 8210 events have been generated 

 Pythia::next(): 8220 events have been generated 

 Pythia::next(): 8230 events have been generated 

 Pythia::next(): 8240 events have been generated 

 Pythia::next(): 8250 events have been generated 

 Pythia::next(): 8260 events have been generated 

 Pythia::next(): 8270 events have been generated 

 Pythia::next(): 8280 events have been generated 

 Pythia::next(): 8290 events have been generated 

 Pythia::next(): 8300 events have been generated 

 Pythia::next(): 8310 events have been generated 

 Pythia::next(): 8320 events have been generated 

 Pythia::next(): 8330 events have been generated 

 Pythia::next(): 8340 events have been generated 

 Pythia::next(): 8350 events have been generated 

 Pythia::next(): 8360 events have been generated 

 Pythia::next(): 8370 events have been generated 

 Pythia::next(): 8380 events have been generated 

 Pythia::next(): 8390 events have been generated 

 Pythia::next(): 8400 events have been generated 

 Pythia::next(): 8410 events have been generated 

 Pythia::next(): 8420 events have been generated 

 Pythia::next(): 8430 events have been generated 

 Pythia::next(): 8440 events have been generated 

 Pythia::next(): 8450 events have been generated 

 Pythia::next(): 8460 events have been generated 

 Pythia::next(): 8470 events have been generated 

 Pythia::next(): 8480 events have been generated 

 Pythia::next(): 8490 events have been generated 

 Pythia::next(): 8500 events have been generated 

 Pythia::next(): 8510 events have been generated 

 Pythia::next(): 8520 events have been generated 

 Pythia::next(): 8530 events have been generated 

 Pythia::next(): 8540 events have been generated 

 Pythia::next(): 8550 events have been generated 

 Pythia::next(): 8560 events have been generated 

 Pythia::next(): 8570 events have been generated 

 Pythia::next(): 8580 events have been generated 

 Pythia::next(): 8590 events have been generated 

 Pythia::next(): 8600 events have been generated 

 Pythia::next(): 8610 events have been generated 

 Pythia::next(): 8620 events have been generated 

 Pythia::next(): 8630 events have been generated 

 Pythia::next(): 8640 events have been generated 

 Pythia::next(): 8650 events have been generated 

 Pythia::next(): 8660 events have been generated 

 Pythia::next(): 8670 events have been generated 

 Pythia::next(): 8680 events have been generated 

 Pythia::next(): 8690 events have been generated 

 Pythia::next(): 8700 events have been generated 

 Pythia::next(): 8710 events have been generated 

 Pythia::next(): 8720 events have been generated 

 Pythia::next(): 8730 events have been generated 

 Pythia::next(): 8740 events have been generated 

 Pythia::next(): 8750 events have been generated 

 Pythia::next(): 8760 events have been generated 

 Pythia::next(): 8770 events have been generated 

 Pythia::next(): 8780 events have been generated 

 Pythia::next(): 8790 events have been generated 

 Pythia::next(): 8800 events have been generated 

 Pythia::next(): 8810 events have been generated 

 Pythia::next(): 8820 events have been generated 

 Pythia::next(): 8830 events have been generated 

 Pythia::next(): 8840 events have been generated 

 Pythia::next(): 8850 events have been generated 

 Pythia::next(): 8860 events have been generated 

 Pythia::next(): 8870 events have been generated 

 Pythia::next(): 8880 events have been generated 

 Pythia::next(): 8890 events have been generated 

 Pythia::next(): 8900 events have been generated 

 Pythia::next(): 8910 events have been generated 

 Pythia::next(): 8920 events have been generated 

 Pythia::next(): 8930 events have been generated 

 Pythia::next(): 8940 events have been generated 

 Pythia::next(): 8950 events have been generated 

 Pythia::next(): 8960 events have been generated 

 Pythia::next(): 8970 events have been generated 

 Pythia::next(): 8980 events have been generated 

 Pythia::next(): 8990 events have been generated 

 Pythia::next(): 9000 events have been generated 

 Pythia::next(): 9010 events have been generated 

 Pythia::next(): 9020 events have been generated 

 Pythia::next(): 9030 events have been generated 

 Pythia::next(): 9040 events have been generated 

 Pythia::next(): 9050 events have been generated 

 Pythia::next(): 9060 events have been generated 

 Pythia::next(): 9070 events have been generated 

 Pythia::next(): 9080 events have been generated 

 Pythia::next(): 9090 events have been generated 

 Pythia::next(): 9100 events have been generated 

 Pythia::next(): 9110 events have been generated 

 Pythia::next(): 9120 events have been generated 

 Pythia::next(): 9130 events have been generated 

 Pythia::next(): 9140 events have been generated 

 Pythia::next(): 9150 events have been generated 

 Pythia::next(): 9160 events have been generated 

 Pythia::next(): 9170 events have been generated 

 Pythia::next(): 9180 events have been generated 

 Pythia::next(): 9190 events have been generated 

 Pythia::next(): 9200 events have been generated 

 Pythia::next(): 9210 events have been generated 

 Pythia::next(): 9220 events have been generated 

 Pythia::next(): 9230 events have been generated 

 Pythia::next(): 9240 events have been generated 

 Pythia::next(): 9250 events have been generated 

 Pythia::next(): 9260 events have been generated 

 Pythia::next(): 9270 events have been generated 

 Pythia::next(): 9280 events have been generated 

 Pythia::next(): 9290 events have been generated 

 Pythia::next(): 9300 events have been generated 

 Pythia::next(): 9310 events have been generated 

 Pythia::next(): 9320 events have been generated 

 Pythia::next(): 9330 events have been generated 

 Pythia::next(): 9340 events have been generated 

 Pythia::next(): 9350 events have been generated 

 Pythia::next(): 9360 events have been generated 

 Pythia::next(): 9370 events have been generated 

 Pythia::next(): 9380 events have been generated 

 Pythia::next(): 9390 events have been generated 

 Pythia::next(): 9400 events have been generated 

 Pythia::next(): 9410 events have been generated 

 Pythia::next(): 9420 events have been generated 

 Pythia::next(): 9430 events have been generated 

 Pythia::next(): 9440 events have been generated 

 Pythia::next(): 9450 events have been generated 

 Pythia::next(): 9460 events have been generated 

 Pythia::next(): 9470 events have been generated 

 Pythia::next(): 9480 events have been generated 

 Pythia::next(): 9490 events have been generated 

 Pythia::next(): 9500 events have been generated 

 Pythia::next(): 9510 events have been generated 

 Pythia::next(): 9520 events have been generated 

 Pythia::next(): 9530 events have been generated 

 Pythia::next(): 9540 events have been generated 

 Pythia::next(): 9550 events have been generated 

 Pythia::next(): 9560 events have been generated 

 Pythia::next(): 9570 events have been generated 

 Pythia::next(): 9580 events have been generated 

 Pythia::next(): 9590 events have been generated 

 Pythia::next(): 9600 events have been generated 

 Pythia::next(): 9610 events have been generated 

 Pythia::next(): 9620 events have been generated 

 Pythia::next(): 9630 events have been generated 

 Pythia::next(): 9640 events have been generated 

 Pythia::next(): 9650 events have been generated 

 Pythia::next(): 9660 events have been generated 

 Pythia::next(): 9670 events have been generated 

 Pythia::next(): 9680 events have been generated 

 Pythia::next(): 9690 events have been generated 

 Pythia::next(): 9700 events have been generated 

 Pythia::next(): 9710 events have been generated 

 Pythia::next(): 9720 events have been generated 

 Pythia::next(): 9730 events have been generated 

 Pythia::next(): 9740 events have been generated 

 Pythia::next(): 9750 events have been generated 

 Pythia::next(): 9760 events have been generated 

 Pythia::next(): 9770 events have been generated 

 Pythia::next(): 9780 events have been generated 

 Pythia::next(): 9790 events have been generated 

 Pythia::next(): 9800 events have been generated 

 Pythia::next(): 9810 events have been generated 

 Pythia::next(): 9820 events have been generated 

 Pythia::next(): 9830 events have been generated 

 Pythia::next(): 9840 events have been generated 

 Pythia::next(): 9850 events have been generated 

 Pythia::next(): 9860 events have been generated 

 Pythia::next(): 9870 events have been generated 

 Pythia::next(): 9880 events have been generated 

 Pythia::next(): 9890 events have been generated 

 Pythia::next(): 9900 events have been generated 

 Pythia::next(): 9910 events have been generated 

 Pythia::next(): 9920 events have been generated 

 Pythia::next(): 9930 events have been generated 

 Pythia::next(): 9940 events have been generated 

 Pythia::next(): 9950 events have been generated 

 Pythia::next(): 9960 events have been generated 

 Pythia::next(): 9970 events have been generated 

 Pythia::next(): 9980 events have been generated 

 Pythia::next(): 9990 events have been generated 

 *-------  PYTHIA Event and Cross Section Statistics  -------------------------------------------------------------*
 |                                                                                                                 |
 | Subprocess                                    Code |            Number of events       |      sigma +- delta    |
 |                                                    |       Tried   Selected   Accepted |     (estimated) (mb)   |
 |                                                    |                                   |                        |
 |-----------------------------------------------------------------------------------------------------------------|
 |                                                    |                                   |                        |
 | Les Houches User Process(es)                  9999 |       10000      10000      10000 |   5.114e-07  0.000e+00 |
 |    ... whereof user classification code          1 |       10000      10000      10000 |                        | 
 |                                                    |                                   |                        |
 | sum                                                |       10000      10000      10000 |   5.114e-07  0.000e+00 |
 |                                                                                                                 |
 *-------  End PYTHIA Event and Cross Section Statistics ----------------------------------------------------------*

 *-------  PYTHIA Error and Warning Messages Statistics  ----------------------------------------------------------* 
 |                                                                                                                 | 
 |  times   message                                                                                                | 
 |                                                                                                                 | 
 |      4   Error in SimpleSpaceShower::pT2nearThreshold: stuck in loop                                            | 
 |      2   Warning in MultipartonInteractions::pTnext: weight above unity                                         | 
 |      1   Warning in SLHAinterface::initSLHA: ignoring DECAY tables                                              | 
 |      1   Warning in SLHAinterface::initSLHA: ignoring MASS entries                                              | 
 |      1   Warning in SLHAinterface::initSLHA: ignoring empty DECAY tables                                        | 
 |      1   Warning in SimpleTimeShower::pTnext: negative dipole mass                                              | 
 |      1   Info from SLHAinterface::initSLHA: No MODSEL found, keeping internal SUSY switched off                 | 
 |                                                                                                                 | 
 *-------  End PYTHIA Error and Warning Messages Statistics  ------------------------------------------------------* 
Wrote 10000 events to /uscms_data/d3/iturkmen/hh4b_delphes/hepmc/ttbar_100k_shard006_pythia8.hepmc
** INFO: initializing module  Delphes                  
** INFO: initializing module  ParticlePropagator       
** INFO: initializing module  ChargedHadronTrackingEfficiency
** INFO: initializing module  ElectronTrackingEfficiency
** INFO: initializing module  MuonTrackingEfficiency   
** INFO: initializing module  ChargedHadronMomentumSmearing
** INFO: initializing module  ElectronMomentumSmearing 
** INFO: initializing module  MuonMomentumSmearing     
** INFO: initializing module  TrackMerger              
** INFO: initializing module  ECal                     
** INFO: initializing module  HCal                     
** INFO: initializing module  Calorimeter              
** INFO: initializing module  EFlowMerger              
** INFO: initializing module  EFlowFilter              
** INFO: initializing module  PhotonEfficiency         
** INFO: initializing module  PhotonIsolation          
** INFO: initializing module  ElectronFilter           
** INFO: initializing module  ElectronEfficiency       
** INFO: initializing module  ElectronIsolation        
** INFO: initializing module  ChargedHadronFilter      
** INFO: initializing module  MuonEfficiency           
** INFO: initializing module  MuonIsolation            
** INFO: initializing module  MissingET                
** INFO: initializing module  NeutrinoFilter           
** INFO: initializing module  GenJetFinder             
#--------------------------------------------------------------------------
#                         FastJet release 3.5.1
#                 M. Cacciari, G.P. Salam and G. Soyez                  
#     A software package for jet finding and analysis at colliders      
#                           https://fastjet.fr                           
#	                                                                      
# Please cite EPJC72(2012)1896 [arXiv:1111.6097] if you use this package
# for scientific work and optionally PLB641(2006)57 [hep-ph/0512210].   
#                                                                       
# FastJet is provided without warranty under the GNU GPL v2 or higher.  
# It uses T. Chan's closest pair algorithm, S. Fortune's Voronoi code
# and 3rd party plugin jet algorithms. See COPYING file for details.
#--------------------------------------------------------------------------
** INFO: initializing module  GenMissingET             
** INFO: initializing module  FastJetFinder            
** INFO: initializing module  FatJetFinder             
** INFO: initializing module  JetEnergyScale           
** INFO: initializing module  JetFlavorAssociation     
** INFO: initializing module  BTagging                 
** INFO: initializing module  TauTagging               
** INFO: initializing module  UniqueObjectFinder       
** INFO: initializing module  ScalarHT                 
** INFO: initializing module  TreeWriter               
** Reading /uscms_data/d3/iturkmen/hh4b_delphes/hepmc/ttbar_100k_shard006_pythia8.hepmc
** [----------------------------------------------------------------] (0.01%)** [#---------------------------------------------------------------] (1.60%)** [##--------------------------------------------------------------] (3.14%)** [###-------------------------------------------------------------] (5.15%)** [####------------------------------------------------------------] (6.59%)** [#####-----------------------------------------------------------] (7.90%)** [######----------------------------------------------------------] (10.05%)** [#######---------------------------------------------------------] (11.76%)** [########--------------------------------------------------------] (12.61%)** [#########-------------------------------------------------------] (14.09%)** [##########------------------------------------------------------] (15.87%)** [###########-----------------------------------------------------] (17.59%)** [############----------------------------------------------------] (19.35%)** [#############---------------------------------------------------] (20.56%)** [##############--------------------------------------------------] (21.96%)** [###############-------------------------------------------------] (24.17%)** [################------------------------------------------------] (25.64%)** [#################-----------------------------------------------] (26.89%)** [##################----------------------------------------------] (28.15%)** [###################---------------------------------------------] (29.83%)** [####################--------------------------------------------] (31.71%)** [#####################-------------------------------------------] (33.44%)** [######################------------------------------------------] (34.74%)** [#######################-----------------------------------------] (36.16%)** [########################----------------------------------------] (38.29%)** [#########################---------------------------------------] (39.71%)** [##########################--------------------------------------] (40.99%)** [###########################-------------------------------------] (42.39%)** [############################------------------------------------] (44.14%)** [#############################-----------------------------------] (45.38%)** [##############################----------------------------------] (47.64%)** [###############################---------------------------------] (48.88%)** [################################--------------------------------] (50.19%)** [#################################-------------------------------] (52.41%)** [##################################------------------------------] (53.87%)** [###################################-----------------------------] (54.71%)** [####################################----------------------------] (56.41%)** [#####################################---------------------------] (58.11%)** [######################################--------------------------] (59.44%)** [#######################################-------------------------] (61.61%)** [########################################------------------------] (62.84%)** [#########################################-----------------------] (64.10%)** [##########################################----------------------] (66.26%)** [###########################################---------------------] (67.50%)** [############################################--------------------] (68.80%)** [#############################################-------------------] (71.11%)** [##############################################------------------] (71.95%)** [###############################################-----------------] (73.75%)** [################################################----------------] (75.45%)** [#################################################---------------] (76.73%)** [##################################################--------------] (78.92%)** [###################################################-------------] (80.23%)** [####################################################------------] (81.55%)** [#####################################################-----------] (82.83%)** [######################################################----------] (85.03%)** [#######################################################---------] (86.32%)** [########################################################--------] (87.69%)** [#########################################################-------] (89.37%)** [##########################################################------] (90.67%)** [###########################################################-----] (92.97%)** [############################################################----] (94.21%)** [#############################################################---] (95.47%)** [##############################################################--] (97.60%)** [###############################################################-] (98.90%)** [################################################################] (100.00%)
** Exiting...
FILE: /uscms_data/d3/iturkmen/hh4b_delphes/root/ttbar_100k_shard006_pythia8_delphes.root

KEYS:
  ProcessID0;1
  Delphes;1

TREE: Delphes
ENTRIES: 10000

OBJECT CHECK:
  Event: OK
  Particle: OK
  Jet: OK
  GenJet: OK
  MissingET: OK
  GenMissingET: OK
  Electron: OK
  Muon: OK

SIZE BRANCHES:
  Event_size
  Weight_size
  Particle_size
  Track_size
  Tower_size
  EFlowTrack_size
  EFlowPhoton_size
  EFlowNeutralHadron_size
  GenJet_size
  GenMissingET_size
  Jet_size
  Electron_size
  Photon_size
  Muon_size
  FatJet_size
  MissingET_size
  ScalarHT_size
Input: /uscms_data/d3/iturkmen/hh4b_delphes/root/ttbar_100k_shard006_pythia8_delphes.root
Events: 10000

      event  n_higgs_particles  ...  n_genjets_flavor5  n_genjets_btag
0         0                  0  ...                  0               0
1         1                  0  ...                  0               0
2         2                  0  ...                  0               0
3         3                  0  ...                  0               0
4         4                  0  ...                  0               0
...     ...                ...  ...                ...             ...
9995   9995                  0  ...                  0               0
9996   9996                  0  ...                  0               0
9997   9997                  0  ...                  0               0
9998   9998                  0  ...                  0               0
9999   9999                  0  ...                  0               0

[10000 rows x 15 columns]

Column sums:
  n_higgs_particles: 0
  n_b_particles: 101229
  n_status1_b_particles: 0
  n_jets: 54566
  n_jets_pt30_eta25: 41902
  n_jets_flavor5: 17493
  n_jets_flavoralgo5: 0
  n_jets_flavorphys5: 0
  n_btagged_jets: 13120
  n_btagged_jets_pt30_eta25: 12199
  n_genjets: 59907
  n_genjets_pt30_eta25: 43535
  n_genjets_flavor5: 0
  n_genjets_btag: 0

Events with >=4 reconstructed jets: 6634
Events with >=4 reconstructed b-tagged jets: 39
Events with >=4 jet FlavorPhys b jets: 0
Events with >=4 generator-level b particles: 9989

Wrote: /uscms_data/d3/iturkmen/hh4b_delphes/metadata/ttbar_100k_shard006_diagnostic.csv
Wrote: /uscms_data/d3/iturkmen/hh4b_delphes/parquet/ttbar_100k_shard006_event_summary.parquet
                   sample  event  ...  ht_pt30_eta25        met
0     ttbar_100k_shard006      0  ...     214.356018  70.988670
1     ttbar_100k_shard006      1  ...     242.486404  15.533401
2     ttbar_100k_shard006      2  ...       0.000000  27.077621
3     ttbar_100k_shard006      3  ...     169.728668  47.082497
4     ttbar_100k_shard006      4  ...     582.145081  46.340961
...                   ...    ...  ...            ...        ...
9995  ttbar_100k_shard006   9995  ...     385.537811  17.158886
9996  ttbar_100k_shard006   9996  ...     186.205048  83.270866
9997  ttbar_100k_shard006   9997  ...     199.435211  21.288271
9998  ttbar_100k_shard006   9998  ...     370.777588  14.077067
9999  ttbar_100k_shard006   9999  ...     222.515274  13.448668

[10000 rows x 13 columns]

Selection counts:
  events: 10000
  events with >=4 selected jets: 6634
  events with >=4 selected b-tagged jets: 39
DONE: ttbar_100k_shard006
ROOT: /uscms_data/d3/iturkmen/hh4b_delphes/root/ttbar_100k_shard006_pythia8_delphes.root
HEPMC: /uscms_data/d3/iturkmen/hh4b_delphes/hepmc/ttbar_100k_shard006_pythia8.hepmc
PARQUET: /uscms_data/d3/iturkmen/hh4b_delphes/parquet/ttbar_100k_shard006_event_summary.parquet
DIAGNOSTIC: /uscms_data/d3/iturkmen/hh4b_delphes/metadata/ttbar_100k_shard006_diagnostic.csv
Input events: 10000
Events with >=4 selected b-tagged jets: 39
Wrote: /uscms_data/d3/iturkmen/hh4b_delphes/parquet/ttbar_100k_shard006_hh4b_candidates.parquet

             mbb1        mbb2  ...          mhh  n_selected_bjets
count   39.000000   39.000000  ...    39.000000         39.000000
mean   182.847223  132.805325  ...   513.956749          4.102564
std    150.813615   41.652502  ...   252.497245          0.383534
min     68.794316   54.558451  ...   212.703056          4.000000
25%    121.430333  106.979905  ...   377.201532          4.000000
50%    139.467109  135.530511  ...   473.375940          4.000000
75%    181.848897  154.247410  ...   575.082671          4.000000
max    945.444790  246.519776  ...  1696.777899          6.000000

[8 rows x 6 columns]
sample: ttbar_100k_shard006
events: 10000
candidate rows: 39
cross-section median pb: 511.41741943359375
events with >=4 selected jets: 6634
events with >=4 selected b-tagged jets: 39
median mbb1: 139.46710935027897
median mbb2: 135.53051119599627
median avg_mbb: 139.9275866538779
median delta_mbb: 36.504789254862146
median mhh: 473.37594048805994
median n_selected_bjets: 4.0
Wrote: /uscms_data/d3/iturkmen/hh4b_delphes/metadata/ttbar_100k_shard006_summary.txt
DONE ttbar_100k_shard006
Finished shard 006

============================================================
Starting shard 007 / campaign ttbar_100k
TAG=ttbar_100k_shard007
RUN_NAME=run_ttbar_100k_007
SEED=105007
============================================================
PROCESS_DIR=/uscms_data/d3/iturkmen/hh4b_delphes/mg5/TTbar_smoke
RUN_NAME=run_ttbar_100k_007
N_EVENTS=10000
SEED=105007
OUTPUT_TAG=ttbar_100k_shard007
APPLY_B_CUTS=yes
Updated run card:
 10000 = nevents ! Number of unweighted events
 105007 = iseed ! Random seed
 25.0 = ptb ! minimum pt for b quarks
 2.7 = etab ! maximum eta for b quarks
 0.4 = drbb ! minimum deltaR between b quarks
 0.4 = drbj ! minimum deltaR between b and light jets
 20.0 = ptj ! minimum pt for jets
 5.0 = etaj ! maximum eta for jets
************************************************************
*                                                          *
*                      W E L C O M E to                    *
*             M A D G R A P H 5 _ a M C @ N L O            *
*                      M A D E V E N T                     *
*                                                          *
*                 *                       *                *
*                   *        * *        *                  *
*                     * * * * 5 * * * *                    *
*                   *        * *        *                  *
*                 *                       *                *
*                                                          *
*         VERSION 3.5.3                                    *
*                                                          *
*    The MadGraph5_aMC@NLO Development Team - Find us at   *
*    https://server06.fynu.ucl.ac.be/projects/madgraph     *
*                                                          *
*               Type 'help' for in-line help.              *
*                                                          *
************************************************************
INFO: load configuration from /uscms_data/d3/iturkmen/hh4b_delphes/mg5/TTbar_smoke/Cards/me5_configuration.txt  
INFO: load configuration from /cvmfs/sft.cern.ch/lcg/releases/MCGenerators/madgraph5amc/3.5.3.atlas7-2c347/x86_64-el9-gcc13-opt/input/mg5_configuration.txt  
INFO: load configuration from /uscms_data/d3/iturkmen/hh4b_delphes/mg5/TTbar_smoke/Cards/me5_configuration.txt  
Using default text editor "vi". Set another one in ./input/mg5_configuration.txt
Using default eps viewer "evince". Set another one in ./input/mg5_configuration.txt
Using default web browser "firefox". Set another one in ./input/mg5_configuration.txt
generate_events run_ttbar_100k_007 -f
Generating 10000 events with run name run_ttbar_100k_007
survey  run_ttbar_100k_007 
INFO: compile directory 
compile Source Directory
Using random number seed offset = 105007
INFO: Running Survey 
Creating Jobs
Working on SubProcesses
INFO: Compiling for process 1/3. 
INFO:     P1_gg_ttx  
  0%|          | 0/707 [00:00<?, ?it/s]100%|██████████| 707/707 [00:00<00:00, 134465.74it/s]
INFO: Compiling for process 2/3. 
INFO:     P1_qq_ttx  
  0%|          | 0/703 [00:00<?, ?it/s]100%|██████████| 703/703 [00:00<00:00, 212511.40it/s]
INFO: Compiling for process 3/3. 
INFO:     P1_bbx_ttx  
  0%|          | 0/699 [00:00<?, ?it/s]100%|██████████| 699/699 [00:00<00:00, 220570.15it/s]
INFO:     P1_gg_ttx  
INFO:     P1_qq_ttx  
INFO:     P1_bbx_ttx  
INFO:  Idle: 1,  Running: 0,  Completed: 2 [ current time: 13h02 ] 
INFO:  Idle: 0,  Running: 1,  Completed: 2 [ current time: 13h02 ] 
INFO:  Idle: 0,  Running: 0,  Completed: 3 [  0.19s  ] 
INFO: End survey 
refine 10000
Creating Jobs
INFO: Refine results to 10000 
INFO: Generating 10000.0 unweighted events. 
sum of cpu time of last step: 1 seconds
INFO: Effective Luminosity 23.707757320441793 pb^-1 
INFO: need to improve 2 channels 
- Current estimate of cross-section: 506.16344 +- 2.792723823268289
    P1_gg_ttx 
    P1_qq_ttx 
    P1_bbx_ttx 
INFO:  Idle: 0,  Running: 5,  Completed: 8 [ current time: 13h02 ] 
INFO:  Idle: 0,  Running: 0,  Completed: 13 [  0.31s  ] 
INFO: Combining runs 
sum of cpu time of last step: 9 seconds
INFO: finish refine 
refine 10000 --treshold=0.9
No need for second refine due to stability of cross-section
INFO: Combining Events 
combination of events done in 2.230919361114502 s 
  === Results Summary for run: run_ttbar_100k_007 tag: tag_1 ===

     Cross-section :   512.7 +- 0.6068 pb
     Nb of events :  10000
 
INFO: Running Systematics computation 
INFO:  Idle: 1,  Running: 3,  Completed: 0 [ current time: 13h02 ] 
INFO:  Idle: 0,  Running: 3,  Completed: 1 [  8s  ] 
INFO: # Events generated with PDF: NNPDF23_lo_as_0130_qed (247000) 
INFO: # Will Compute 145 weights per event. 
INFO: #***************************************************************************
#
# original cross-section: 512.5496904678104
#     scale variation: +30.2% -21.7%
#     central scheme variation: +6.08e-09% -26%
# PDF variation: +4.19% -4.19%
#
# dynamical scheme # 1 : 487.052 +29.9% -21.6% # \sum ET
# dynamical scheme # 2 : 401.405 +27.7% -20.5% # \sum\sqrt{m^2+pt^2}
# dynamical scheme # 3 : 512.55 +30.2% -21.7% # 0.5 \sum\sqrt{m^2+pt^2}
# dynamical scheme # 4 : 379.176 +27% -20.1% # \sqrt{\hat s}
#***************************************************************************
 
INFO: End of systematics computation 
store_events
INFO: Storing parton level results 
INFO: End Parton 
reweight -from_cards
decay_events -from_cards
INFO: storing files of previous run 
INFO: Done 
quit
INFO:  
LHE=/uscms_data/d3/iturkmen/hh4b_delphes/mg5/TTbar_smoke/Events/run_ttbar_100k_007/unweighted_events.lhe.gz
N_FOUND=10000
Sample: ttbar_100k_shard007
Input LHE.GZ: /uscms_data/d3/iturkmen/hh4b_delphes/mg5/TTbar_smoke/Events/run_ttbar_100k_007/unweighted_events.lhe.gz
Events requested: 10000
Output tag: ttbar_100k_shard007
LHE: /uscms_data/d3/iturkmen/hh4b_delphes/mg5/TTbar_smoke/Events/run_ttbar_100k_007/unweighted_events.lhe
HEPMC: /uscms_data/d3/iturkmen/hh4b_delphes/hepmc/ttbar_100k_shard007_pythia8.hepmc
ROOT: /uscms_data/d3/iturkmen/hh4b_delphes/root/ttbar_100k_shard007_pythia8_delphes.root
LHE event count: 10000

 *------------------------------------------------------------------------------------* 
 |                                                                                    | 
 |  *------------------------------------------------------------------------------*  | 
 |  |                                                                              |  | 
 |  |                                                                              |  | 
 |  |   PPP   Y   Y  TTTTT  H   H  III    A      Welcome to the Lund Monte Carlo!  |  | 
 |  |   P  P   Y Y     T    H   H   I    A A     This is PYTHIA version 8.312      |  | 
 |  |   PPP     Y      T    HHHHH   I   AAAAA    Last date of change: 23 May 2024  |  | 
 |  |   P       Y      T    H   H   I   A   A                                      |  | 
 |  |   P       Y      T    H   H  III  A   A    Now is 08 Jul 2026 at 13:03:16    |  | 
 |  |                                                                              |  | 
 |  |   Program documentation and an archive of historic versions is found on:     |  | 
 |  |                                                                              |  | 
 |  |                               https://pythia.org/                            |  | 
 |  |                                                                              |  | 
 |  |   PYTHIA is authored by a collaboration consisting of:                       |  | 
 |  |                                                                              |  | 
 |  |   Javira Altmann, Christian Bierlich, Naomi Cooke, Nishita Desai,            |  | 
 |  |   Leif Gellersen, Ilkka Helenius, Philip Ilten, Leif Lonnblad,               |  | 
 |  |   Stephen Mrenna, Christian Preuss, Torbjorn Sjostrand, Peter Skands,        |  | 
 |  |   Marius Utheim, and Rob Verheyen.                                           |  | 
 |  |                                                                              |  | 
 |  |   The complete list of authors, including contact information and            |  | 
 |  |   affiliations, can be found on https://pythia.org/.                         |  | 
 |  |   Problems or bugs should be reported on email at authors@pythia.org.        |  | 
 |  |                                                                              |  | 
 |  |   The main program reference is C. Bierlich et al,                           |  | 
 |  |   'A comprehensive guide to the physics and usage of Pythia 8.3',            |  | 
 |  |   SciPost Phys. Codebases 8-r8.3 (2022) [arXiv:2203.11601 [hep-ph]]          |  | 
 |  |                                                                              |  | 
 |  |   PYTHIA is released under the GNU General Public Licence version 2 or later.|  | 
 |  |   Please respect the MCnet Guidelines for Event Generator Authors and Users. |  | 
 |  |                                                                              |  | 
 |  |   Disclaimer: this program comes without any guarantees.                     |  | 
 |  |   Beware of errors and use common sense when interpreting results.           |  | 
 |  |                                                                              |  | 
 |  |   Copyright (C) 2024 Torbjorn Sjostrand                                      |  | 
 |  |                                                                              |  | 
 |  |                                                                              |  | 
 |  *------------------------------------------------------------------------------*  | 
 |                                                                                    | 
 *------------------------------------------------------------------------------------* 

 *-----------------------  SusyLesHouches SUSY/BSM Interface  ------------------------*
 | Last Change 12 Apr 2017 - P. Skands
 | Parsing: /uscms_data/d3/iturkmen/hh4b_delphes/mg5/TTbar_smoke/Events/run_ttbar_100k_007/unweighted_events.lhe
 | (SLHA::readFile) line 330 - storing non-SLHA(2) block: yukawa
 *------------------------------------------------------------------------------------*
 PYTHIA Info from SLHAinterface::initSLHA: No MODSEL found, keeping internal SUSY switched off
 PYTHIA Warning in SLHAinterface::initSLHA: ignoring MASS entries for id = {1,2,3,4,5,11,12,13,14,15,16,21,22,23,24} (m0 < SLHA:minMassSM)
 PYTHIA Warning in SLHAinterface::initSLHA: ignoring DECAY tables for id = {23,24,1,2,3,4,5,11,12,13,14,15,16,21,22} (m0 < SLHA:minMassSM)
 PYTHIA Warning in SLHAinterface::initSLHA: ignoring empty DECAY tables for id = {6,25} (total width provided but no Branching Ratios)

 *-------  PYTHIA Process Initialization  --------------------------*
 |                                                                  |
 | We collide p+ with p+ at a CM energy of 1.300e+04 GeV            |
 |                                                                  |
 |------------------------------------------------------------------|
 |                                                    |             |
 | Subprocess                                    Code |   Estimated |
 |                                                    |    max (mb) |
 |                                                    |             |
 |------------------------------------------------------------------|
 |                                                    |             |
 | Les Houches User Process(es)                  9999 |   1.000e-09 |
 |                                                                  |
 *-------  End PYTHIA Process Initialization -----------------------*

 *-------  PYTHIA Multiparton Interactions Initialization  ---------* 
 |                                                                  | 
 |                   sigmaNonDiffractive =    56.42 mb              | 
 |                                                                  | 
 |    pT0 =  2.60 gives sigmaInteraction =   317.96 mb: accepted    | 
 |                                                                  | 
 *-------  End PYTHIA Multiparton Interactions Initialization  -----* 

 *-------  PYTHIA Flag + Mode + Parm + Word + FVec + MVec + PVec + WVec Settings (changes only)  ------------------* 
 |                                                                                                                 | 
 | Name                                          |                      Now |      Default         Min         Max | 
 |                                               |                          |                                      | 
 | Beams:frameType                               |                        4 |            1           1           5 | 
 | Beams:LHEF                                    | /uscms_data/d3/iturkmen/hh4b_delphes/mg5/TTbar_smoke/Events/run_ttbar_100k_007/unweighted_events.lhe |         void | 
 | Check:event                                   |                      off |           on                         | 
 | Next:numberCount                              |                       10 |         1000           0             | 
 | Next:numberShowEvent                          |                        0 |            1           0             | 
 | Next:numberShowInfo                           |                        0 |            1           0             | 
 | Next:numberShowProcess                        |                        0 |            1           0             | 
 |                                                                                                                 | 
 *-------  End PYTHIA Flag + Mode + Parm + Word + FVec + MVec + PVec + WVec Settings  -----------------------------* 

 --------  PYTHIA Particle Data Table (changed only)  ------------------------------------------------------------------------------
 
      id   name            antiName         spn chg col      m0        mWidth      mMin       mMax       tau0    res dec ext vis wid
             no onMode   bRatio   meMode     products 

       6  t                tbar               2   2   1  173.00000    1.35678  166.40000  179.60000  1.45438e-13   1   1   0   1   0
              0     1   0.0000664    0       24        1 
              1     1   0.0017361    0       24        3 
              2     1   0.9981975    0       24        5 
              3     0   0.0000000    0       37        5 

      25  h0                                  1   0   0  125.00000    0.00408  124.96809  125.03191  4.83238e-11   1   1   0   0   0
              0     1   0.0000009    0        1       -1 
              1     1   0.0000002    0        2       -2 
              2     1   0.0002163    0        3       -3 
              3     1   0.0288493    0        4       -4 
              4     1   0.5768873    0        5       -5 
              5     1   0.0000000    0        6       -6 
              6     1   0.0000000    0       11      -11 
              7     1   0.0002185    0       13      -13 
              8     1   0.0628569    0       15      -15 
              9     1   0.0850383    0       21       21 
             10     1   0.0022965    0       22       22 
             11     1   0.0016155    0       22       23 
             12     1   0.0261758    0       23       23 
             13     1   0.2158445    0       24      -24 
             14     1   0.0000000  103  1000022  1000022 
             15     1   0.0000000  103  1000023  1000022 
             16     1   0.0000000  103  1000023  1000023 
             17     1   0.0000000  103  1000025  1000022 
             18     1   0.0000000  103  1000025  1000023 
             19     1   0.0000000  103  1000025  1000025 
             20     1   0.0000000  103  1000035  1000022 
             21     1   0.0000000  103  1000035  1000023 
             22     1   0.0000000  103  1000035  1000025 
             23     1   0.0000000  103  1000035  1000035 
             24     1   0.0000000  103  1000024 -1000024 
             25     1   0.0000000  103  1000024 -1000037 
             26     1   0.0000000  103  1000037 -1000024 
             27     1   0.0000000  103  1000037 -1000037 
             28     1   0.0000000  103  1000001 -1000001 
             29     1   0.0000000  103  2000001 -2000001 
             30     1   0.0000000  103  1000001 -2000001 
             31     1   0.0000000  103 -1000001  2000001 
             32     1   0.0000000  103  1000002 -1000002 
             33     1   0.0000000  103  2000002 -2000002 
             34     1   0.0000000  103  1000002 -2000002 
             35     1   0.0000000  103 -1000002  2000002 
             36     1   0.0000000  103  1000003 -1000003 
             37     1   0.0000000  103  2000003 -2000003 
             38     1   0.0000000  103  1000003 -2000003 
             39     1   0.0000000  103 -1000003  2000003 
             40     1   0.0000000  103  1000004 -1000004 
             41     1   0.0000000  103  2000004 -2000004 
             42     1   0.0000000  103  1000004 -2000004 
             43     1   0.0000000  103 -1000004  2000004 
             44     1   0.0000000  103  1000005 -1000005 
             45     1   0.0000000  103  2000005 -2000005 
             46     1   0.0000000  103  1000005 -2000005 
             47     1   0.0000000  103 -1000005  2000005 
             48     1   0.0000000  103  1000006 -1000006 
             49     1   0.0000000  103  2000006 -2000006 
             50     1   0.0000000  103  1000006 -2000006 
             51     1   0.0000000  103 -1000006  2000006 
             52     1   0.0000000  103  1000011 -1000011 
             53     1   0.0000000  103  2000011 -2000011 
             54     1   0.0000000  103  1000011 -2000011 
             55     1   0.0000000  103 -1000011  2000011 
             56     1   0.0000000  103  1000012 -1000012 
             57     1   0.0000000  103  2000012 -2000012 
             58     1   0.0000000  103  1000012 -2000012 
             59     1   0.0000000  103 -1000012  2000012 
             60     1   0.0000000  103  1000013 -1000013 
             61     1   0.0000000  103  2000013 -2000013 
             62     1   0.0000000  103  1000013 -2000013 
             63     1   0.0000000  103 -1000013  2000013 
             64     1   0.0000000  103  1000014 -1000014 
             65     1   0.0000000  103  2000014 -2000014 
             66     1   0.0000000  103  1000014 -2000014 
             67     1   0.0000000  103 -1000014  2000014 
             68     1   0.0000000  103  1000015 -1000015 
             69     1   0.0000000  103  2000015 -2000015 
             70     1   0.0000000  103  1000015 -2000015 
             71     1   0.0000000  103 -1000015  2000015 
             72     1   0.0000000  103  1000016 -1000016 
             73     1   0.0000000  103  2000016 -2000016 
             74     1   0.0000000  103  1000016 -2000016 
             75     1   0.0000000  103 -1000016  2000016 

 --------  End PYTHIA Particle Data Table  -----------------------------------------------------------------------------------------


 --------  LHA initialization information  ------------ 

  beam    kind      energy  pdfgrp  pdfset 
     A    2212    6500.000       0  247000
     B    2212    6500.000       0  247000

  Event weighting strategy = -4

  Processes, with strategy-dependent cross section info 
  number      xsec (pb)      xerr (pb)      xmax (pb) 
       1     5.1270e+02     6.0681e-01     5.1270e+02

 --------  End LHA initialization information  -------- 

 --------  LHA event information and listing  ---------------------------------------------------------------------- 

    process =        1    weight =   5.1270e+02     scale =   2.4809e+02 (GeV) 
                        alpha_em =   7.5558e-03    alpha_strong =   1.1145e-01

    Participating Particles 
    no        id stat     mothers     colours      p_x        p_y        p_z         e          m        tau    spin 
     1        21   -1     0     0   503   502      0.000      0.000     57.225     57.225      0.000   0.000   1.000
     2        21   -1     0     0   501   503     -0.000     -0.000  -1077.077   1077.077      0.000   0.000  -1.000
     3         6    1     1     2   501     0     74.893   -161.812   -488.633    548.006    172.500   0.000   1.000
     4        -6    1     1     2     0   502    -74.893    161.812   -531.220    586.296    172.500   0.000   1.000

 --------  End LHA event information and listing  ------------------------------------------------------------------ 

 Pythia::next(): 10 events have been generated 

 Pythia::next(): 20 events have been generated 

 Pythia::next(): 30 events have been generated 

 Pythia::next(): 40 events have been generated 

 Pythia::next(): 50 events have been generated 

 Pythia::next(): 60 events have been generated 

 Pythia::next(): 70 events have been generated 

 Pythia::next(): 80 events have been generated 

 Pythia::next(): 90 events have been generated 

 Pythia::next(): 100 events have been generated 

 Pythia::next(): 110 events have been generated 

 Pythia::next(): 120 events have been generated 

 Pythia::next(): 130 events have been generated 

 Pythia::next(): 140 events have been generated 

 Pythia::next(): 150 events have been generated 

 Pythia::next(): 160 events have been generated 

 Pythia::next(): 170 events have been generated 

 Pythia::next(): 180 events have been generated 

 Pythia::next(): 190 events have been generated 

 Pythia::next(): 200 events have been generated 

 Pythia::next(): 210 events have been generated 

 Pythia::next(): 220 events have been generated 

 Pythia::next(): 230 events have been generated 

 Pythia::next(): 240 events have been generated 

 Pythia::next(): 250 events have been generated 

 Pythia::next(): 260 events have been generated 

 Pythia::next(): 270 events have been generated 

 Pythia::next(): 280 events have been generated 

 Pythia::next(): 290 events have been generated 

 Pythia::next(): 300 events have been generated 

 Pythia::next(): 310 events have been generated 

 Pythia::next(): 320 events have been generated 

 Pythia::next(): 330 events have been generated 

 Pythia::next(): 340 events have been generated 

 Pythia::next(): 350 events have been generated 

 Pythia::next(): 360 events have been generated 

 Pythia::next(): 370 events have been generated 

 Pythia::next(): 380 events have been generated 

 Pythia::next(): 390 events have been generated 

 Pythia::next(): 400 events have been generated 

 Pythia::next(): 410 events have been generated 

 Pythia::next(): 420 events have been generated 

 Pythia::next(): 430 events have been generated 

 Pythia::next(): 440 events have been generated 

 Pythia::next(): 450 events have been generated 

 Pythia::next(): 460 events have been generated 

 Pythia::next(): 470 events have been generated 

 Pythia::next(): 480 events have been generated 

 Pythia::next(): 490 events have been generated 

 Pythia::next(): 500 events have been generated 

 Pythia::next(): 510 events have been generated 

 Pythia::next(): 520 events have been generated 

 Pythia::next(): 530 events have been generated 

 Pythia::next(): 540 events have been generated 

 Pythia::next(): 550 events have been generated 

 Pythia::next(): 560 events have been generated 

 Pythia::next(): 570 events have been generated 

 Pythia::next(): 580 events have been generated 

 Pythia::next(): 590 events have been generated 

 Pythia::next(): 600 events have been generated 

 Pythia::next(): 610 events have been generated 

 Pythia::next(): 620 events have been generated 

 Pythia::next(): 630 events have been generated 

 Pythia::next(): 640 events have been generated 

 Pythia::next(): 650 events have been generated 

 Pythia::next(): 660 events have been generated 

 Pythia::next(): 670 events have been generated 

 Pythia::next(): 680 events have been generated 

 Pythia::next(): 690 events have been generated 

 Pythia::next(): 700 events have been generated 

 Pythia::next(): 710 events have been generated 
 PYTHIA Error in StringFragmentation::fragment: stuck in joining
 PYTHIA Error in Pythia::next: hadronLevel failed; try again

 Pythia::next(): 720 events have been generated 

 Pythia::next(): 730 events have been generated 

 Pythia::next(): 740 events have been generated 

 Pythia::next(): 750 events have been generated 

 Pythia::next(): 760 events have been generated 

 Pythia::next(): 770 events have been generated 

 Pythia::next(): 780 events have been generated 

 Pythia::next(): 790 events have been generated 

 Pythia::next(): 800 events have been generated 

 Pythia::next(): 810 events have been generated 

 Pythia::next(): 820 events have been generated 

 Pythia::next(): 830 events have been generated 

 Pythia::next(): 840 events have been generated 

 Pythia::next(): 850 events have been generated 

 Pythia::next(): 860 events have been generated 

 Pythia::next(): 870 events have been generated 

 Pythia::next(): 880 events have been generated 

 Pythia::next(): 890 events have been generated 

 Pythia::next(): 900 events have been generated 

 Pythia::next(): 910 events have been generated 

 Pythia::next(): 920 events have been generated 

 Pythia::next(): 930 events have been generated 

 Pythia::next(): 940 events have been generated 

 Pythia::next(): 950 events have been generated 

 Pythia::next(): 960 events have been generated 

 Pythia::next(): 970 events have been generated 

 Pythia::next(): 980 events have been generated 

 Pythia::next(): 990 events have been generated 

 Pythia::next(): 1000 events have been generated 

 Pythia::next(): 1010 events have been generated 

 Pythia::next(): 1020 events have been generated 

 Pythia::next(): 1030 events have been generated 

 Pythia::next(): 1040 events have been generated 

 Pythia::next(): 1050 events have been generated 

 Pythia::next(): 1060 events have been generated 

 Pythia::next(): 1070 events have been generated 

 Pythia::next(): 1080 events have been generated 

 Pythia::next(): 1090 events have been generated 

 Pythia::next(): 1100 events have been generated 

 Pythia::next(): 1110 events have been generated 

 Pythia::next(): 1120 events have been generated 

 Pythia::next(): 1130 events have been generated 

 Pythia::next(): 1140 events have been generated 

 Pythia::next(): 1150 events have been generated 

 Pythia::next(): 1160 events have been generated 

 Pythia::next(): 1170 events have been generated 

 Pythia::next(): 1180 events have been generated 

 Pythia::next(): 1190 events have been generated 

 Pythia::next(): 1200 events have been generated 

 Pythia::next(): 1210 events have been generated 

 Pythia::next(): 1220 events have been generated 

 Pythia::next(): 1230 events have been generated 

 Pythia::next(): 1240 events have been generated 

 Pythia::next(): 1250 events have been generated 

 Pythia::next(): 1260 events have been generated 

 Pythia::next(): 1270 events have been generated 

 Pythia::next(): 1280 events have been generated 

 Pythia::next(): 1290 events have been generated 

 Pythia::next(): 1300 events have been generated 

 Pythia::next(): 1310 events have been generated 

 Pythia::next(): 1320 events have been generated 

 Pythia::next(): 1330 events have been generated 

 Pythia::next(): 1340 events have been generated 

 Pythia::next(): 1350 events have been generated 

 Pythia::next(): 1360 events have been generated 

 Pythia::next(): 1370 events have been generated 

 Pythia::next(): 1380 events have been generated 

 Pythia::next(): 1390 events have been generated 

 Pythia::next(): 1400 events have been generated 

 Pythia::next(): 1410 events have been generated 

 Pythia::next(): 1420 events have been generated 

 Pythia::next(): 1430 events have been generated 

 Pythia::next(): 1440 events have been generated 

 Pythia::next(): 1450 events have been generated 

 Pythia::next(): 1460 events have been generated 

 Pythia::next(): 1470 events have been generated 

 Pythia::next(): 1480 events have been generated 

 Pythia::next(): 1490 events have been generated 

 Pythia::next(): 1500 events have been generated 

 Pythia::next(): 1510 events have been generated 
 PYTHIA Warning in SimpleTimeShower::pTnext: negative dipole mass

 Pythia::next(): 1520 events have been generated 

 Pythia::next(): 1530 events have been generated 

 Pythia::next(): 1540 events have been generated 

 Pythia::next(): 1550 events have been generated 

 Pythia::next(): 1560 events have been generated 

 Pythia::next(): 1570 events have been generated 

 Pythia::next(): 1580 events have been generated 

 Pythia::next(): 1590 events have been generated 

 Pythia::next(): 1600 events have been generated 

 Pythia::next(): 1610 events have been generated 

 Pythia::next(): 1620 events have been generated 

 Pythia::next(): 1630 events have been generated 

 Pythia::next(): 1640 events have been generated 

 Pythia::next(): 1650 events have been generated 

 Pythia::next(): 1660 events have been generated 

 Pythia::next(): 1670 events have been generated 

 Pythia::next(): 1680 events have been generated 

 Pythia::next(): 1690 events have been generated 

 Pythia::next(): 1700 events have been generated 

 Pythia::next(): 1710 events have been generated 

 Pythia::next(): 1720 events have been generated 

 Pythia::next(): 1730 events have been generated 

 Pythia::next(): 1740 events have been generated 

 Pythia::next(): 1750 events have been generated 

 Pythia::next(): 1760 events have been generated 

 Pythia::next(): 1770 events have been generated 

 Pythia::next(): 1780 events have been generated 

 Pythia::next(): 1790 events have been generated 

 Pythia::next(): 1800 events have been generated 

 Pythia::next(): 1810 events have been generated 

 Pythia::next(): 1820 events have been generated 

 Pythia::next(): 1830 events have been generated 

 Pythia::next(): 1840 events have been generated 

 Pythia::next(): 1850 events have been generated 

 Pythia::next(): 1860 events have been generated 

 Pythia::next(): 1870 events have been generated 

 Pythia::next(): 1880 events have been generated 

 Pythia::next(): 1890 events have been generated 

 Pythia::next(): 1900 events have been generated 

 Pythia::next(): 1910 events have been generated 

 Pythia::next(): 1920 events have been generated 

 Pythia::next(): 1930 events have been generated 

 Pythia::next(): 1940 events have been generated 

 Pythia::next(): 1950 events have been generated 

 Pythia::next(): 1960 events have been generated 

 Pythia::next(): 1970 events have been generated 

 Pythia::next(): 1980 events have been generated 

 Pythia::next(): 1990 events have been generated 

 Pythia::next(): 2000 events have been generated 

 Pythia::next(): 2010 events have been generated 

 Pythia::next(): 2020 events have been generated 

 Pythia::next(): 2030 events have been generated 

 Pythia::next(): 2040 events have been generated 

 Pythia::next(): 2050 events have been generated 

 Pythia::next(): 2060 events have been generated 

 Pythia::next(): 2070 events have been generated 

 Pythia::next(): 2080 events have been generated 

 Pythia::next(): 2090 events have been generated 

 Pythia::next(): 2100 events have been generated 

 Pythia::next(): 2110 events have been generated 

 Pythia::next(): 2120 events have been generated 

 Pythia::next(): 2130 events have been generated 

 Pythia::next(): 2140 events have been generated 

 Pythia::next(): 2150 events have been generated 

 Pythia::next(): 2160 events have been generated 

 Pythia::next(): 2170 events have been generated 

 Pythia::next(): 2180 events have been generated 

 Pythia::next(): 2190 events have been generated 

 Pythia::next(): 2200 events have been generated 

 Pythia::next(): 2210 events have been generated 

 Pythia::next(): 2220 events have been generated 
 PYTHIA Warning in SimpleSpaceShower::pT2nextQCD: small daughter PDF

 Pythia::next(): 2230 events have been generated 

 Pythia::next(): 2240 events have been generated 

 Pythia::next(): 2250 events have been generated 

 Pythia::next(): 2260 events have been generated 

 Pythia::next(): 2270 events have been generated 

 Pythia::next(): 2280 events have been generated 

 Pythia::next(): 2290 events have been generated 

 Pythia::next(): 2300 events have been generated 

 Pythia::next(): 2310 events have been generated 

 Pythia::next(): 2320 events have been generated 

 Pythia::next(): 2330 events have been generated 

 Pythia::next(): 2340 events have been generated 

 Pythia::next(): 2350 events have been generated 

 Pythia::next(): 2360 events have been generated 

 Pythia::next(): 2370 events have been generated 

 Pythia::next(): 2380 events have been generated 

 Pythia::next(): 2390 events have been generated 

 Pythia::next(): 2400 events have been generated 

 Pythia::next(): 2410 events have been generated 

 Pythia::next(): 2420 events have been generated 

 Pythia::next(): 2430 events have been generated 

 Pythia::next(): 2440 events have been generated 

 Pythia::next(): 2450 events have been generated 

 Pythia::next(): 2460 events have been generated 

 Pythia::next(): 2470 events have been generated 

 Pythia::next(): 2480 events have been generated 

 Pythia::next(): 2490 events have been generated 

 Pythia::next(): 2500 events have been generated 

 Pythia::next(): 2510 events have been generated 

 Pythia::next(): 2520 events have been generated 

 Pythia::next(): 2530 events have been generated 

 Pythia::next(): 2540 events have been generated 

 Pythia::next(): 2550 events have been generated 

 Pythia::next(): 2560 events have been generated 

 Pythia::next(): 2570 events have been generated 

 Pythia::next(): 2580 events have been generated 

 Pythia::next(): 2590 events have been generated 

 Pythia::next(): 2600 events have been generated 

 Pythia::next(): 2610 events have been generated 

 Pythia::next(): 2620 events have been generated 

 Pythia::next(): 2630 events have been generated 

 Pythia::next(): 2640 events have been generated 

 Pythia::next(): 2650 events have been generated 

 Pythia::next(): 2660 events have been generated 

 Pythia::next(): 2670 events have been generated 

 Pythia::next(): 2680 events have been generated 

 Pythia::next(): 2690 events have been generated 

 Pythia::next(): 2700 events have been generated 

 Pythia::next(): 2710 events have been generated 

 Pythia::next(): 2720 events have been generated 

 Pythia::next(): 2730 events have been generated 

 Pythia::next(): 2740 events have been generated 

 Pythia::next(): 2750 events have been generated 

 Pythia::next(): 2760 events have been generated 

 Pythia::next(): 2770 events have been generated 

 Pythia::next(): 2780 events have been generated 

 Pythia::next(): 2790 events have been generated 

 Pythia::next(): 2800 events have been generated 

 Pythia::next(): 2810 events have been generated 

 Pythia::next(): 2820 events have been generated 

 Pythia::next(): 2830 events have been generated 

 Pythia::next(): 2840 events have been generated 

 Pythia::next(): 2850 events have been generated 

 Pythia::next(): 2860 events have been generated 

 Pythia::next(): 2870 events have been generated 

 Pythia::next(): 2880 events have been generated 

 Pythia::next(): 2890 events have been generated 

 Pythia::next(): 2900 events have been generated 

 Pythia::next(): 2910 events have been generated 

 Pythia::next(): 2920 events have been generated 

 Pythia::next(): 2930 events have been generated 

 Pythia::next(): 2940 events have been generated 

 Pythia::next(): 2950 events have been generated 

 Pythia::next(): 2960 events have been generated 

 Pythia::next(): 2970 events have been generated 

 Pythia::next(): 2980 events have been generated 

 Pythia::next(): 2990 events have been generated 

 Pythia::next(): 3000 events have been generated 

 Pythia::next(): 3010 events have been generated 

 Pythia::next(): 3020 events have been generated 

 Pythia::next(): 3030 events have been generated 

 Pythia::next(): 3040 events have been generated 

 Pythia::next(): 3050 events have been generated 

 Pythia::next(): 3060 events have been generated 

 Pythia::next(): 3070 events have been generated 

 Pythia::next(): 3080 events have been generated 

 Pythia::next(): 3090 events have been generated 

 Pythia::next(): 3100 events have been generated 

 Pythia::next(): 3110 events have been generated 

 Pythia::next(): 3120 events have been generated 

 Pythia::next(): 3130 events have been generated 

 Pythia::next(): 3140 events have been generated 

 Pythia::next(): 3150 events have been generated 

 Pythia::next(): 3160 events have been generated 

 Pythia::next(): 3170 events have been generated 

 Pythia::next(): 3180 events have been generated 

 Pythia::next(): 3190 events have been generated 

 Pythia::next(): 3200 events have been generated 

 Pythia::next(): 3210 events have been generated 

 Pythia::next(): 3220 events have been generated 

 Pythia::next(): 3230 events have been generated 

 Pythia::next(): 3240 events have been generated 

 Pythia::next(): 3250 events have been generated 

 Pythia::next(): 3260 events have been generated 

 Pythia::next(): 3270 events have been generated 

 Pythia::next(): 3280 events have been generated 

 Pythia::next(): 3290 events have been generated 

 Pythia::next(): 3300 events have been generated 

 Pythia::next(): 3310 events have been generated 

 Pythia::next(): 3320 events have been generated 

 Pythia::next(): 3330 events have been generated 

 Pythia::next(): 3340 events have been generated 

 Pythia::next(): 3350 events have been generated 

 Pythia::next(): 3360 events have been generated 

 Pythia::next(): 3370 events have been generated 

 Pythia::next(): 3380 events have been generated 

 Pythia::next(): 3390 events have been generated 

 Pythia::next(): 3400 events have been generated 

 Pythia::next(): 3410 events have been generated 

 Pythia::next(): 3420 events have been generated 

 Pythia::next(): 3430 events have been generated 

 Pythia::next(): 3440 events have been generated 

 Pythia::next(): 3450 events have been generated 

 Pythia::next(): 3460 events have been generated 

 Pythia::next(): 3470 events have been generated 

 Pythia::next(): 3480 events have been generated 

 Pythia::next(): 3490 events have been generated 

 Pythia::next(): 3500 events have been generated 

 Pythia::next(): 3510 events have been generated 

 Pythia::next(): 3520 events have been generated 

 Pythia::next(): 3530 events have been generated 

 Pythia::next(): 3540 events have been generated 

 Pythia::next(): 3550 events have been generated 

 Pythia::next(): 3560 events have been generated 

 Pythia::next(): 3570 events have been generated 

 Pythia::next(): 3580 events have been generated 

 Pythia::next(): 3590 events have been generated 

 Pythia::next(): 3600 events have been generated 

 Pythia::next(): 3610 events have been generated 

 Pythia::next(): 3620 events have been generated 

 Pythia::next(): 3630 events have been generated 

 Pythia::next(): 3640 events have been generated 

 Pythia::next(): 3650 events have been generated 

 Pythia::next(): 3660 events have been generated 

 Pythia::next(): 3670 events have been generated 

 Pythia::next(): 3680 events have been generated 

 Pythia::next(): 3690 events have been generated 

 Pythia::next(): 3700 events have been generated 

 Pythia::next(): 3710 events have been generated 

 Pythia::next(): 3720 events have been generated 

 Pythia::next(): 3730 events have been generated 

 Pythia::next(): 3740 events have been generated 

 Pythia::next(): 3750 events have been generated 

 Pythia::next(): 3760 events have been generated 

 Pythia::next(): 3770 events have been generated 

 Pythia::next(): 3780 events have been generated 

 Pythia::next(): 3790 events have been generated 

 Pythia::next(): 3800 events have been generated 

 Pythia::next(): 3810 events have been generated 

 Pythia::next(): 3820 events have been generated 

 Pythia::next(): 3830 events have been generated 

 Pythia::next(): 3840 events have been generated 

 Pythia::next(): 3850 events have been generated 

 Pythia::next(): 3860 events have been generated 

 Pythia::next(): 3870 events have been generated 

 Pythia::next(): 3880 events have been generated 

 Pythia::next(): 3890 events have been generated 

 Pythia::next(): 3900 events have been generated 

 Pythia::next(): 3910 events have been generated 

 Pythia::next(): 3920 events have been generated 

 Pythia::next(): 3930 events have been generated 

 Pythia::next(): 3940 events have been generated 

 Pythia::next(): 3950 events have been generated 

 Pythia::next(): 3960 events have been generated 

 Pythia::next(): 3970 events have been generated 

 Pythia::next(): 3980 events have been generated 

 Pythia::next(): 3990 events have been generated 

 Pythia::next(): 4000 events have been generated 

 Pythia::next(): 4010 events have been generated 

 Pythia::next(): 4020 events have been generated 

 Pythia::next(): 4030 events have been generated 

 Pythia::next(): 4040 events have been generated 

 Pythia::next(): 4050 events have been generated 

 Pythia::next(): 4060 events have been generated 

 Pythia::next(): 4070 events have been generated 

 Pythia::next(): 4080 events have been generated 

 Pythia::next(): 4090 events have been generated 

 Pythia::next(): 4100 events have been generated 

 Pythia::next(): 4110 events have been generated 

 Pythia::next(): 4120 events have been generated 

 Pythia::next(): 4130 events have been generated 

 Pythia::next(): 4140 events have been generated 

 Pythia::next(): 4150 events have been generated 

 Pythia::next(): 4160 events have been generated 

 Pythia::next(): 4170 events have been generated 

 Pythia::next(): 4180 events have been generated 

 Pythia::next(): 4190 events have been generated 

 Pythia::next(): 4200 events have been generated 

 Pythia::next(): 4210 events have been generated 

 Pythia::next(): 4220 events have been generated 

 Pythia::next(): 4230 events have been generated 

 Pythia::next(): 4240 events have been generated 

 Pythia::next(): 4250 events have been generated 

 Pythia::next(): 4260 events have been generated 

 Pythia::next(): 4270 events have been generated 

 Pythia::next(): 4280 events have been generated 

 Pythia::next(): 4290 events have been generated 

 Pythia::next(): 4300 events have been generated 

 Pythia::next(): 4310 events have been generated 

 Pythia::next(): 4320 events have been generated 

 Pythia::next(): 4330 events have been generated 

 Pythia::next(): 4340 events have been generated 

 Pythia::next(): 4350 events have been generated 

 Pythia::next(): 4360 events have been generated 

 Pythia::next(): 4370 events have been generated 

 Pythia::next(): 4380 events have been generated 

 Pythia::next(): 4390 events have been generated 

 Pythia::next(): 4400 events have been generated 

 Pythia::next(): 4410 events have been generated 

 Pythia::next(): 4420 events have been generated 

 Pythia::next(): 4430 events have been generated 

 Pythia::next(): 4440 events have been generated 

 Pythia::next(): 4450 events have been generated 

 Pythia::next(): 4460 events have been generated 

 Pythia::next(): 4470 events have been generated 
 PYTHIA Warning in TauDecays::decay: maximum decay weight exceeded in tau decay

 Pythia::next(): 4480 events have been generated 

 Pythia::next(): 4490 events have been generated 

 Pythia::next(): 4500 events have been generated 

 Pythia::next(): 4510 events have been generated 

 Pythia::next(): 4520 events have been generated 

 Pythia::next(): 4530 events have been generated 

 Pythia::next(): 4540 events have been generated 

 Pythia::next(): 4550 events have been generated 

 Pythia::next(): 4560 events have been generated 

 Pythia::next(): 4570 events have been generated 

 Pythia::next(): 4580 events have been generated 

 Pythia::next(): 4590 events have been generated 

 Pythia::next(): 4600 events have been generated 

 Pythia::next(): 4610 events have been generated 

 Pythia::next(): 4620 events have been generated 

 Pythia::next(): 4630 events have been generated 

 Pythia::next(): 4640 events have been generated 

 Pythia::next(): 4650 events have been generated 

 Pythia::next(): 4660 events have been generated 

 Pythia::next(): 4670 events have been generated 

 Pythia::next(): 4680 events have been generated 

 Pythia::next(): 4690 events have been generated 

 Pythia::next(): 4700 events have been generated 

 Pythia::next(): 4710 events have been generated 

 Pythia::next(): 4720 events have been generated 

 Pythia::next(): 4730 events have been generated 

 Pythia::next(): 4740 events have been generated 

 Pythia::next(): 4750 events have been generated 

 Pythia::next(): 4760 events have been generated 

 Pythia::next(): 4770 events have been generated 

 Pythia::next(): 4780 events have been generated 

 Pythia::next(): 4790 events have been generated 

 Pythia::next(): 4800 events have been generated 

 Pythia::next(): 4810 events have been generated 

 Pythia::next(): 4820 events have been generated 

 Pythia::next(): 4830 events have been generated 

 Pythia::next(): 4840 events have been generated 

 Pythia::next(): 4850 events have been generated 

 Pythia::next(): 4860 events have been generated 

 Pythia::next(): 4870 events have been generated 

 Pythia::next(): 4880 events have been generated 

 Pythia::next(): 4890 events have been generated 

 Pythia::next(): 4900 events have been generated 

 Pythia::next(): 4910 events have been generated 

 Pythia::next(): 4920 events have been generated 

 Pythia::next(): 4930 events have been generated 

 Pythia::next(): 4940 events have been generated 

 Pythia::next(): 4950 events have been generated 

 Pythia::next(): 4960 events have been generated 

 Pythia::next(): 4970 events have been generated 

 Pythia::next(): 4980 events have been generated 

 Pythia::next(): 4990 events have been generated 

 Pythia::next(): 5000 events have been generated 

 Pythia::next(): 5010 events have been generated 

 Pythia::next(): 5020 events have been generated 

 Pythia::next(): 5030 events have been generated 

 Pythia::next(): 5040 events have been generated 
 PYTHIA Warning in MultipartonInteractions::pTnext: weight above unity

 Pythia::next(): 5050 events have been generated 

 Pythia::next(): 5060 events have been generated 

 Pythia::next(): 5070 events have been generated 

 Pythia::next(): 5080 events have been generated 

 Pythia::next(): 5090 events have been generated 

 Pythia::next(): 5100 events have been generated 

 Pythia::next(): 5110 events have been generated 

 Pythia::next(): 5120 events have been generated 

 Pythia::next(): 5130 events have been generated 

 Pythia::next(): 5140 events have been generated 

 Pythia::next(): 5150 events have been generated 

 Pythia::next(): 5160 events have been generated 

 Pythia::next(): 5170 events have been generated 

 Pythia::next(): 5180 events have been generated 

 Pythia::next(): 5190 events have been generated 

 Pythia::next(): 5200 events have been generated 

 Pythia::next(): 5210 events have been generated 

 Pythia::next(): 5220 events have been generated 

 Pythia::next(): 5230 events have been generated 

 Pythia::next(): 5240 events have been generated 

 Pythia::next(): 5250 events have been generated 

 Pythia::next(): 5260 events have been generated 

 Pythia::next(): 5270 events have been generated 

 Pythia::next(): 5280 events have been generated 

 Pythia::next(): 5290 events have been generated 

 Pythia::next(): 5300 events have been generated 

 Pythia::next(): 5310 events have been generated 

 Pythia::next(): 5320 events have been generated 

 Pythia::next(): 5330 events have been generated 

 Pythia::next(): 5340 events have been generated 

 Pythia::next(): 5350 events have been generated 

 Pythia::next(): 5360 events have been generated 

 Pythia::next(): 5370 events have been generated 

 Pythia::next(): 5380 events have been generated 

 Pythia::next(): 5390 events have been generated 

 Pythia::next(): 5400 events have been generated 

 Pythia::next(): 5410 events have been generated 

 Pythia::next(): 5420 events have been generated 
 PYTHIA Error in SimpleSpaceShower::pT2nearThreshold: stuck in loop

 Pythia::next(): 5430 events have been generated 

 Pythia::next(): 5440 events have been generated 

 Pythia::next(): 5450 events have been generated 

 Pythia::next(): 5460 events have been generated 

 Pythia::next(): 5470 events have been generated 

 Pythia::next(): 5480 events have been generated 

 Pythia::next(): 5490 events have been generated 

 Pythia::next(): 5500 events have been generated 

 Pythia::next(): 5510 events have been generated 

 Pythia::next(): 5520 events have been generated 

 Pythia::next(): 5530 events have been generated 

 Pythia::next(): 5540 events have been generated 

 Pythia::next(): 5550 events have been generated 

 Pythia::next(): 5560 events have been generated 

 Pythia::next(): 5570 events have been generated 

 Pythia::next(): 5580 events have been generated 

 Pythia::next(): 5590 events have been generated 

 Pythia::next(): 5600 events have been generated 

 Pythia::next(): 5610 events have been generated 

 Pythia::next(): 5620 events have been generated 

 Pythia::next(): 5630 events have been generated 

 Pythia::next(): 5640 events have been generated 

 Pythia::next(): 5650 events have been generated 

 Pythia::next(): 5660 events have been generated 

 Pythia::next(): 5670 events have been generated 

 Pythia::next(): 5680 events have been generated 

 Pythia::next(): 5690 events have been generated 

 Pythia::next(): 5700 events have been generated 

 Pythia::next(): 5710 events have been generated 

 Pythia::next(): 5720 events have been generated 

 Pythia::next(): 5730 events have been generated 

 Pythia::next(): 5740 events have been generated 

 Pythia::next(): 5750 events have been generated 

 Pythia::next(): 5760 events have been generated 

 Pythia::next(): 5770 events have been generated 

 Pythia::next(): 5780 events have been generated 

 Pythia::next(): 5790 events have been generated 

 Pythia::next(): 5800 events have been generated 

 Pythia::next(): 5810 events have been generated 

 Pythia::next(): 5820 events have been generated 

 Pythia::next(): 5830 events have been generated 

 Pythia::next(): 5840 events have been generated 

 Pythia::next(): 5850 events have been generated 

 Pythia::next(): 5860 events have been generated 

 Pythia::next(): 5870 events have been generated 

 Pythia::next(): 5880 events have been generated 

 Pythia::next(): 5890 events have been generated 

 Pythia::next(): 5900 events have been generated 

 Pythia::next(): 5910 events have been generated 

 Pythia::next(): 5920 events have been generated 

 Pythia::next(): 5930 events have been generated 

 Pythia::next(): 5940 events have been generated 

 Pythia::next(): 5950 events have been generated 

 Pythia::next(): 5960 events have been generated 

 Pythia::next(): 5970 events have been generated 

 Pythia::next(): 5980 events have been generated 

 Pythia::next(): 5990 events have been generated 

 Pythia::next(): 6000 events have been generated 

 Pythia::next(): 6010 events have been generated 

 Pythia::next(): 6020 events have been generated 

 Pythia::next(): 6030 events have been generated 

 Pythia::next(): 6040 events have been generated 

 Pythia::next(): 6050 events have been generated 

 Pythia::next(): 6060 events have been generated 

 Pythia::next(): 6070 events have been generated 

 Pythia::next(): 6080 events have been generated 

 Pythia::next(): 6090 events have been generated 

 Pythia::next(): 6100 events have been generated 

 Pythia::next(): 6110 events have been generated 

 Pythia::next(): 6120 events have been generated 

 Pythia::next(): 6130 events have been generated 

 Pythia::next(): 6140 events have been generated 

 Pythia::next(): 6150 events have been generated 

 Pythia::next(): 6160 events have been generated 

 Pythia::next(): 6170 events have been generated 

 Pythia::next(): 6180 events have been generated 

 Pythia::next(): 6190 events have been generated 

 Pythia::next(): 6200 events have been generated 

 Pythia::next(): 6210 events have been generated 

 Pythia::next(): 6220 events have been generated 

 Pythia::next(): 6230 events have been generated 

 Pythia::next(): 6240 events have been generated 

 Pythia::next(): 6250 events have been generated 

 Pythia::next(): 6260 events have been generated 

 Pythia::next(): 6270 events have been generated 

 Pythia::next(): 6280 events have been generated 

 Pythia::next(): 6290 events have been generated 

 Pythia::next(): 6300 events have been generated 

 Pythia::next(): 6310 events have been generated 
 PYTHIA Warning in HadronWidths::pickMasses: angular momentum and running widths not used

 Pythia::next(): 6320 events have been generated 

 Pythia::next(): 6330 events have been generated 

 Pythia::next(): 6340 events have been generated 

 Pythia::next(): 6350 events have been generated 

 Pythia::next(): 6360 events have been generated 

 Pythia::next(): 6370 events have been generated 

 Pythia::next(): 6380 events have been generated 

 Pythia::next(): 6390 events have been generated 

 Pythia::next(): 6400 events have been generated 

 Pythia::next(): 6410 events have been generated 

 Pythia::next(): 6420 events have been generated 

 Pythia::next(): 6430 events have been generated 

 Pythia::next(): 6440 events have been generated 

 Pythia::next(): 6450 events have been generated 

 Pythia::next(): 6460 events have been generated 

 Pythia::next(): 6470 events have been generated 

 Pythia::next(): 6480 events have been generated 

 Pythia::next(): 6490 events have been generated 

 Pythia::next(): 6500 events have been generated 

 Pythia::next(): 6510 events have been generated 

 Pythia::next(): 6520 events have been generated 

 Pythia::next(): 6530 events have been generated 

 Pythia::next(): 6540 events have been generated 

 Pythia::next(): 6550 events have been generated 

 Pythia::next(): 6560 events have been generated 

 Pythia::next(): 6570 events have been generated 

 Pythia::next(): 6580 events have been generated 

 Pythia::next(): 6590 events have been generated 

 Pythia::next(): 6600 events have been generated 

 Pythia::next(): 6610 events have been generated 

 Pythia::next(): 6620 events have been generated 

 Pythia::next(): 6630 events have been generated 

 Pythia::next(): 6640 events have been generated 

 Pythia::next(): 6650 events have been generated 

 Pythia::next(): 6660 events have been generated 

 Pythia::next(): 6670 events have been generated 

 Pythia::next(): 6680 events have been generated 

 Pythia::next(): 6690 events have been generated 

 Pythia::next(): 6700 events have been generated 

 Pythia::next(): 6710 events have been generated 

 Pythia::next(): 6720 events have been generated 

 Pythia::next(): 6730 events have been generated 

 Pythia::next(): 6740 events have been generated 

 Pythia::next(): 6750 events have been generated 

 Pythia::next(): 6760 events have been generated 

 Pythia::next(): 6770 events have been generated 

 Pythia::next(): 6780 events have been generated 

 Pythia::next(): 6790 events have been generated 

 Pythia::next(): 6800 events have been generated 

 Pythia::next(): 6810 events have been generated 

 Pythia::next(): 6820 events have been generated 

 Pythia::next(): 6830 events have been generated 

 Pythia::next(): 6840 events have been generated 

 Pythia::next(): 6850 events have been generated 

 Pythia::next(): 6860 events have been generated 

 Pythia::next(): 6870 events have been generated 

 Pythia::next(): 6880 events have been generated 

 Pythia::next(): 6890 events have been generated 

 Pythia::next(): 6900 events have been generated 

 Pythia::next(): 6910 events have been generated 

 Pythia::next(): 6920 events have been generated 

 Pythia::next(): 6930 events have been generated 

 Pythia::next(): 6940 events have been generated 

 Pythia::next(): 6950 events have been generated 

 Pythia::next(): 6960 events have been generated 

 Pythia::next(): 6970 events have been generated 

 Pythia::next(): 6980 events have been generated 

 Pythia::next(): 6990 events have been generated 

 Pythia::next(): 7000 events have been generated 

 Pythia::next(): 7010 events have been generated 

 Pythia::next(): 7020 events have been generated 

 Pythia::next(): 7030 events have been generated 

 Pythia::next(): 7040 events have been generated 

 Pythia::next(): 7050 events have been generated 

 Pythia::next(): 7060 events have been generated 

 Pythia::next(): 7070 events have been generated 

 Pythia::next(): 7080 events have been generated 

 Pythia::next(): 7090 events have been generated 

 Pythia::next(): 7100 events have been generated 

 Pythia::next(): 7110 events have been generated 

 Pythia::next(): 7120 events have been generated 

 Pythia::next(): 7130 events have been generated 

 Pythia::next(): 7140 events have been generated 

 Pythia::next(): 7150 events have been generated 

 Pythia::next(): 7160 events have been generated 

 Pythia::next(): 7170 events have been generated 

 Pythia::next(): 7180 events have been generated 

 Pythia::next(): 7190 events have been generated 

 Pythia::next(): 7200 events have been generated 

 Pythia::next(): 7210 events have been generated 

 Pythia::next(): 7220 events have been generated 

 Pythia::next(): 7230 events have been generated 

 Pythia::next(): 7240 events have been generated 

 Pythia::next(): 7250 events have been generated 

 Pythia::next(): 7260 events have been generated 

 Pythia::next(): 7270 events have been generated 

 Pythia::next(): 7280 events have been generated 

 Pythia::next(): 7290 events have been generated 

 Pythia::next(): 7300 events have been generated 

 Pythia::next(): 7310 events have been generated 

 Pythia::next(): 7320 events have been generated 

 Pythia::next(): 7330 events have been generated 

 Pythia::next(): 7340 events have been generated 

 Pythia::next(): 7350 events have been generated 

 Pythia::next(): 7360 events have been generated 

 Pythia::next(): 7370 events have been generated 

 Pythia::next(): 7380 events have been generated 

 Pythia::next(): 7390 events have been generated 

 Pythia::next(): 7400 events have been generated 

 Pythia::next(): 7410 events have been generated 

 Pythia::next(): 7420 events have been generated 

 Pythia::next(): 7430 events have been generated 

 Pythia::next(): 7440 events have been generated 

 Pythia::next(): 7450 events have been generated 

 Pythia::next(): 7460 events have been generated 

 Pythia::next(): 7470 events have been generated 

 Pythia::next(): 7480 events have been generated 

 Pythia::next(): 7490 events have been generated 

 Pythia::next(): 7500 events have been generated 

 Pythia::next(): 7510 events have been generated 

 Pythia::next(): 7520 events have been generated 

 Pythia::next(): 7530 events have been generated 

 Pythia::next(): 7540 events have been generated 

 Pythia::next(): 7550 events have been generated 

 Pythia::next(): 7560 events have been generated 

 Pythia::next(): 7570 events have been generated 

 Pythia::next(): 7580 events have been generated 

 Pythia::next(): 7590 events have been generated 

 Pythia::next(): 7600 events have been generated 

 Pythia::next(): 7610 events have been generated 

 Pythia::next(): 7620 events have been generated 

 Pythia::next(): 7630 events have been generated 

 Pythia::next(): 7640 events have been generated 

 Pythia::next(): 7650 events have been generated 

 Pythia::next(): 7660 events have been generated 

 Pythia::next(): 7670 events have been generated 

 Pythia::next(): 7680 events have been generated 

 Pythia::next(): 7690 events have been generated 
 PYTHIA Warning in SimpleSpaceShower::pT2nextQCD: weight above unity

 Pythia::next(): 7700 events have been generated 

 Pythia::next(): 7710 events have been generated 

 Pythia::next(): 7720 events have been generated 

 Pythia::next(): 7730 events have been generated 

 Pythia::next(): 7740 events have been generated 

 Pythia::next(): 7750 events have been generated 

 Pythia::next(): 7760 events have been generated 

 Pythia::next(): 7770 events have been generated 

 Pythia::next(): 7780 events have been generated 

 Pythia::next(): 7790 events have been generated 

 Pythia::next(): 7800 events have been generated 

 Pythia::next(): 7810 events have been generated 

 Pythia::next(): 7820 events have been generated 

 Pythia::next(): 7830 events have been generated 

 Pythia::next(): 7840 events have been generated 

 Pythia::next(): 7850 events have been generated 

 Pythia::next(): 7860 events have been generated 

 Pythia::next(): 7870 events have been generated 

 Pythia::next(): 7880 events have been generated 

 Pythia::next(): 7890 events have been generated 

 Pythia::next(): 7900 events have been generated 

 Pythia::next(): 7910 events have been generated 

 Pythia::next(): 7920 events have been generated 

 Pythia::next(): 7930 events have been generated 

 Pythia::next(): 7940 events have been generated 

 Pythia::next(): 7950 events have been generated 

 Pythia::next(): 7960 events have been generated 

 Pythia::next(): 7970 events have been generated 

 Pythia::next(): 7980 events have been generated 

 Pythia::next(): 7990 events have been generated 

 Pythia::next(): 8000 events have been generated 

 Pythia::next(): 8010 events have been generated 

 Pythia::next(): 8020 events have been generated 

 Pythia::next(): 8030 events have been generated 

 Pythia::next(): 8040 events have been generated 

 Pythia::next(): 8050 events have been generated 

 Pythia::next(): 8060 events have been generated 

 Pythia::next(): 8070 events have been generated 

 Pythia::next(): 8080 events have been generated 

 Pythia::next(): 8090 events have been generated 

 Pythia::next(): 8100 events have been generated 

 Pythia::next(): 8110 events have been generated 

 Pythia::next(): 8120 events have been generated 

 Pythia::next(): 8130 events have been generated 

 Pythia::next(): 8140 events have been generated 

 Pythia::next(): 8150 events have been generated 

 Pythia::next(): 8160 events have been generated 

 Pythia::next(): 8170 events have been generated 

 Pythia::next(): 8180 events have been generated 

 Pythia::next(): 8190 events have been generated 

 Pythia::next(): 8200 events have been generated 

 Pythia::next(): 8210 events have been generated 

 Pythia::next(): 8220 events have been generated 

 Pythia::next(): 8230 events have been generated 

 Pythia::next(): 8240 events have been generated 

 Pythia::next(): 8250 events have been generated 

 Pythia::next(): 8260 events have been generated 

 Pythia::next(): 8270 events have been generated 

 Pythia::next(): 8280 events have been generated 

 Pythia::next(): 8290 events have been generated 

 Pythia::next(): 8300 events have been generated 

 Pythia::next(): 8310 events have been generated 

 Pythia::next(): 8320 events have been generated 

 Pythia::next(): 8330 events have been generated 

 Pythia::next(): 8340 events have been generated 

 Pythia::next(): 8350 events have been generated 

 Pythia::next(): 8360 events have been generated 

 Pythia::next(): 8370 events have been generated 

 Pythia::next(): 8380 events have been generated 

 Pythia::next(): 8390 events have been generated 

 Pythia::next(): 8400 events have been generated 

 Pythia::next(): 8410 events have been generated 

 Pythia::next(): 8420 events have been generated 

 Pythia::next(): 8430 events have been generated 

 Pythia::next(): 8440 events have been generated 

 Pythia::next(): 8450 events have been generated 

 Pythia::next(): 8460 events have been generated 

 Pythia::next(): 8470 events have been generated 

 Pythia::next(): 8480 events have been generated 

 Pythia::next(): 8490 events have been generated 

 Pythia::next(): 8500 events have been generated 

 Pythia::next(): 8510 events have been generated 

 Pythia::next(): 8520 events have been generated 

 Pythia::next(): 8530 events have been generated 

 Pythia::next(): 8540 events have been generated 

 Pythia::next(): 8550 events have been generated 

 Pythia::next(): 8560 events have been generated 

 Pythia::next(): 8570 events have been generated 

 Pythia::next(): 8580 events have been generated 

 Pythia::next(): 8590 events have been generated 

 Pythia::next(): 8600 events have been generated 

 Pythia::next(): 8610 events have been generated 

 Pythia::next(): 8620 events have been generated 

 Pythia::next(): 8630 events have been generated 

 Pythia::next(): 8640 events have been generated 

 Pythia::next(): 8650 events have been generated 

 Pythia::next(): 8660 events have been generated 

 Pythia::next(): 8670 events have been generated 

 Pythia::next(): 8680 events have been generated 

 Pythia::next(): 8690 events have been generated 

 Pythia::next(): 8700 events have been generated 

 Pythia::next(): 8710 events have been generated 

 Pythia::next(): 8720 events have been generated 

 Pythia::next(): 8730 events have been generated 

 Pythia::next(): 8740 events have been generated 

 Pythia::next(): 8750 events have been generated 

 Pythia::next(): 8760 events have been generated 

 Pythia::next(): 8770 events have been generated 

 Pythia::next(): 8780 events have been generated 

 Pythia::next(): 8790 events have been generated 

 Pythia::next(): 8800 events have been generated 

 Pythia::next(): 8810 events have been generated 

 Pythia::next(): 8820 events have been generated 

 Pythia::next(): 8830 events have been generated 

 Pythia::next(): 8840 events have been generated 

 Pythia::next(): 8850 events have been generated 

 Pythia::next(): 8860 events have been generated 

 Pythia::next(): 8870 events have been generated 

 Pythia::next(): 8880 events have been generated 

 Pythia::next(): 8890 events have been generated 

 Pythia::next(): 8900 events have been generated 

 Pythia::next(): 8910 events have been generated 

 Pythia::next(): 8920 events have been generated 

 Pythia::next(): 8930 events have been generated 

 Pythia::next(): 8940 events have been generated 

 Pythia::next(): 8950 events have been generated 

 Pythia::next(): 8960 events have been generated 

 Pythia::next(): 8970 events have been generated 

 Pythia::next(): 8980 events have been generated 

 Pythia::next(): 8990 events have been generated 

 Pythia::next(): 9000 events have been generated 

 Pythia::next(): 9010 events have been generated 

 Pythia::next(): 9020 events have been generated 

 Pythia::next(): 9030 events have been generated 

 Pythia::next(): 9040 events have been generated 

 Pythia::next(): 9050 events have been generated 

 Pythia::next(): 9060 events have been generated 

 Pythia::next(): 9070 events have been generated 

 Pythia::next(): 9080 events have been generated 

 Pythia::next(): 9090 events have been generated 

 Pythia::next(): 9100 events have been generated 

 Pythia::next(): 9110 events have been generated 

 Pythia::next(): 9120 events have been generated 

 Pythia::next(): 9130 events have been generated 

 Pythia::next(): 9140 events have been generated 

 Pythia::next(): 9150 events have been generated 

 Pythia::next(): 9160 events have been generated 

 Pythia::next(): 9170 events have been generated 

 Pythia::next(): 9180 events have been generated 

 Pythia::next(): 9190 events have been generated 

 Pythia::next(): 9200 events have been generated 

 Pythia::next(): 9210 events have been generated 

 Pythia::next(): 9220 events have been generated 

 Pythia::next(): 9230 events have been generated 

 Pythia::next(): 9240 events have been generated 

 Pythia::next(): 9250 events have been generated 

 Pythia::next(): 9260 events have been generated 

 Pythia::next(): 9270 events have been generated 

 Pythia::next(): 9280 events have been generated 

 Pythia::next(): 9290 events have been generated 

 Pythia::next(): 9300 events have been generated 

 Pythia::next(): 9310 events have been generated 

 Pythia::next(): 9320 events have been generated 

 Pythia::next(): 9330 events have been generated 

 Pythia::next(): 9340 events have been generated 

 Pythia::next(): 9350 events have been generated 

 Pythia::next(): 9360 events have been generated 

 Pythia::next(): 9370 events have been generated 

 Pythia::next(): 9380 events have been generated 

 Pythia::next(): 9390 events have been generated 

 Pythia::next(): 9400 events have been generated 

 Pythia::next(): 9410 events have been generated 

 Pythia::next(): 9420 events have been generated 

 Pythia::next(): 9430 events have been generated 

 Pythia::next(): 9440 events have been generated 

 Pythia::next(): 9450 events have been generated 

 Pythia::next(): 9460 events have been generated 

 Pythia::next(): 9470 events have been generated 

 Pythia::next(): 9480 events have been generated 

 Pythia::next(): 9490 events have been generated 

 Pythia::next(): 9500 events have been generated 

 Pythia::next(): 9510 events have been generated 

 Pythia::next(): 9520 events have been generated 

 Pythia::next(): 9530 events have been generated 

 Pythia::next(): 9540 events have been generated 

 Pythia::next(): 9550 events have been generated 

 Pythia::next(): 9560 events have been generated 

 Pythia::next(): 9570 events have been generated 

 Pythia::next(): 9580 events have been generated 

 Pythia::next(): 9590 events have been generated 

 Pythia::next(): 9600 events have been generated 

 Pythia::next(): 9610 events have been generated 

 Pythia::next(): 9620 events have been generated 

 Pythia::next(): 9630 events have been generated 

 Pythia::next(): 9640 events have been generated 

 Pythia::next(): 9650 events have been generated 

 Pythia::next(): 9660 events have been generated 

 Pythia::next(): 9670 events have been generated 

 Pythia::next(): 9680 events have been generated 

 Pythia::next(): 9690 events have been generated 

 Pythia::next(): 9700 events have been generated 

 Pythia::next(): 9710 events have been generated 

 Pythia::next(): 9720 events have been generated 

 Pythia::next(): 9730 events have been generated 

 Pythia::next(): 9740 events have been generated 

 Pythia::next(): 9750 events have been generated 

 Pythia::next(): 9760 events have been generated 

 Pythia::next(): 9770 events have been generated 

 Pythia::next(): 9780 events have been generated 

 Pythia::next(): 9790 events have been generated 

 Pythia::next(): 9800 events have been generated 

 Pythia::next(): 9810 events have been generated 

 Pythia::next(): 9820 events have been generated 

 Pythia::next(): 9830 events have been generated 

 Pythia::next(): 9840 events have been generated 

 Pythia::next(): 9850 events have been generated 

 Pythia::next(): 9860 events have been generated 

 Pythia::next(): 9870 events have been generated 

 Pythia::next(): 9880 events have been generated 

 Pythia::next(): 9890 events have been generated 

 Pythia::next(): 9900 events have been generated 

 Pythia::next(): 9910 events have been generated 

 Pythia::next(): 9920 events have been generated 

 Pythia::next(): 9930 events have been generated 

 Pythia::next(): 9940 events have been generated 

 Pythia::next(): 9950 events have been generated 

 Pythia::next(): 9960 events have been generated 

 Pythia::next(): 9970 events have been generated 

 Pythia::next(): 9980 events have been generated 

 Pythia::next(): 9990 events have been generated 

 *-------  PYTHIA Event and Cross Section Statistics  -------------------------------------------------------------*
 |                                                                                                                 |
 | Subprocess                                    Code |            Number of events       |      sigma +- delta    |
 |                                                    |       Tried   Selected   Accepted |     (estimated) (mb)   |
 |                                                    |                                   |                        |
 |-----------------------------------------------------------------------------------------------------------------|
 |                                                    |                                   |                        |
 | Les Houches User Process(es)                  9999 |       10000      10000      10000 |   5.127e-07  0.000e+00 |
 |    ... whereof user classification code          1 |       10000      10000      10000 |                        | 
 |                                                    |                                   |                        |
 | sum                                                |       10000      10000      10000 |   5.127e-07  0.000e+00 |
 |                                                                                                                 |
 *-------  End PYTHIA Event and Cross Section Statistics ----------------------------------------------------------*

 *-------  PYTHIA Error and Warning Messages Statistics  ----------------------------------------------------------* 
 |                                                                                                                 | 
 |  times   message                                                                                                | 
 |                                                                                                                 | 
 |      1   Error in Pythia::next: hadronLevel failed; try again                                                   | 
 |      2   Error in SimpleSpaceShower::pT2nearThreshold: stuck in loop                                            | 
 |      1   Error in StringFragmentation::fragment: stuck in joining                                               | 
 |      1   Warning in HadronWidths::pickMasses: angular momentum and running widths not used                      | 
 |      2   Warning in MultipartonInteractions::pTnext: weight above unity                                         | 
 |      1   Warning in SLHAinterface::initSLHA: ignoring DECAY tables                                              | 
 |      1   Warning in SLHAinterface::initSLHA: ignoring MASS entries                                              | 
 |      1   Warning in SLHAinterface::initSLHA: ignoring empty DECAY tables                                        | 
 |     10   Warning in SimpleSpaceShower::pT2nextQCD: small daughter PDF                                           | 
 |      1   Warning in SimpleSpaceShower::pT2nextQCD: weight above unity                                           | 
 |      3   Warning in SimpleTimeShower::pTnext: negative dipole mass                                              | 
 |      1   Warning in TauDecays::decay: maximum decay weight exceeded in tau decay                                | 
 |      1   Info from SLHAinterface::initSLHA: No MODSEL found, keeping internal SUSY switched off                 | 
 |                                                                                                                 | 
 *-------  End PYTHIA Error and Warning Messages Statistics  ------------------------------------------------------* 
Wrote 10000 events to /uscms_data/d3/iturkmen/hh4b_delphes/hepmc/ttbar_100k_shard007_pythia8.hepmc
** INFO: initializing module  Delphes                  
** INFO: initializing module  ParticlePropagator       
** INFO: initializing module  ChargedHadronTrackingEfficiency
** INFO: initializing module  ElectronTrackingEfficiency
** INFO: initializing module  MuonTrackingEfficiency   
** INFO: initializing module  ChargedHadronMomentumSmearing
** INFO: initializing module  ElectronMomentumSmearing 
** INFO: initializing module  MuonMomentumSmearing     
** INFO: initializing module  TrackMerger              
** INFO: initializing module  ECal                     
** INFO: initializing module  HCal                     
** INFO: initializing module  Calorimeter              
** INFO: initializing module  EFlowMerger              
** INFO: initializing module  EFlowFilter              
** INFO: initializing module  PhotonEfficiency         
** INFO: initializing module  PhotonIsolation          
** INFO: initializing module  ElectronFilter           
** INFO: initializing module  ElectronEfficiency       
** INFO: initializing module  ElectronIsolation        
** INFO: initializing module  ChargedHadronFilter      
** INFO: initializing module  MuonEfficiency           
** INFO: initializing module  MuonIsolation            
** INFO: initializing module  MissingET                
** INFO: initializing module  NeutrinoFilter           
** INFO: initializing module  GenJetFinder             
#--------------------------------------------------------------------------
#                         FastJet release 3.5.1
#                 M. Cacciari, G.P. Salam and G. Soyez                  
#     A software package for jet finding and analysis at colliders      
#                           https://fastjet.fr                           
#	                                                                      
# Please cite EPJC72(2012)1896 [arXiv:1111.6097] if you use this package
# for scientific work and optionally PLB641(2006)57 [hep-ph/0512210].   
#                                                                       
# FastJet is provided without warranty under the GNU GPL v2 or higher.  
# It uses T. Chan's closest pair algorithm, S. Fortune's Voronoi code
# and 3rd party plugin jet algorithms. See COPYING file for details.
#--------------------------------------------------------------------------
** INFO: initializing module  GenMissingET             
** INFO: initializing module  FastJetFinder            
** INFO: initializing module  FatJetFinder             
** INFO: initializing module  JetEnergyScale           
** INFO: initializing module  JetFlavorAssociation     
** INFO: initializing module  BTagging                 
** INFO: initializing module  TauTagging               
** INFO: initializing module  UniqueObjectFinder       
** INFO: initializing module  ScalarHT                 
** INFO: initializing module  TreeWriter               
** Reading /uscms_data/d3/iturkmen/hh4b_delphes/hepmc/ttbar_100k_shard007_pythia8.hepmc
** [----------------------------------------------------------------] (0.01%)** [#---------------------------------------------------------------] (1.95%)** [##--------------------------------------------------------------] (3.61%)** [###-------------------------------------------------------------] (5.31%)** [####------------------------------------------------------------] (6.53%)** [#####-----------------------------------------------------------] (8.04%)** [######----------------------------------------------------------] (10.15%)** [#######---------------------------------------------------------] (11.72%)** [########--------------------------------------------------------] (12.54%)** [#########-------------------------------------------------------] (14.47%)** [##########------------------------------------------------------] (16.17%)** [###########-----------------------------------------------------] (17.44%)** [############----------------------------------------------------] (18.94%)** [#############---------------------------------------------------] (21.09%)** [##############--------------------------------------------------] (22.62%)** [###############-------------------------------------------------] (23.46%)** [################------------------------------------------------] (25.39%)** [#################-----------------------------------------------] (27.06%)** [##################----------------------------------------------] (28.35%)** [###################---------------------------------------------] (29.83%)** [####################--------------------------------------------] (32.01%)** [#####################-------------------------------------------] (33.45%)** [######################------------------------------------------] (34.81%)** [#######################-----------------------------------------] (36.27%)** [########################----------------------------------------] (37.99%)** [#########################---------------------------------------] (39.26%)** [##########################--------------------------------------] (40.89%)** [###########################-------------------------------------] (43.01%)** [############################------------------------------------] (44.61%)** [#############################-----------------------------------] (45.49%)** [##############################----------------------------------] (47.51%)** [###############################---------------------------------] (49.26%)** [################################--------------------------------] (50.49%)** [#################################-------------------------------] (51.73%)** [##################################------------------------------] (53.29%)** [###################################-----------------------------] (54.83%)** [####################################----------------------------] (56.53%)** [#####################################---------------------------] (58.56%)** [######################################--------------------------] (59.57%)** [#######################################-------------------------] (61.54%)** [########################################------------------------] (63.05%)** [#########################################-----------------------] (64.34%)** [##########################################----------------------] (66.06%)** [###########################################---------------------] (67.75%)** [############################################--------------------] (69.01%)** [#############################################-------------------] (70.51%)** [##############################################------------------] (72.61%)** [###############################################-----------------] (74.05%)** [################################################----------------] (75.33%)** [#################################################---------------] (76.73%)** [##################################################--------------] (78.46%)** [###################################################-------------] (79.71%)** [####################################################------------] (82.07%)** [#####################################################-----------] (83.37%)** [######################################################----------] (84.90%)** [#######################################################---------] (86.16%)** [########################################################--------] (87.60%)** [#########################################################-------] (89.23%)** [##########################################################------] (91.27%)** [###########################################################-----] (92.79%)** [############################################################----] (94.26%)** [#############################################################---] (95.92%)** [##############################################################--] (97.17%)** [###############################################################-] (98.81%)** [################################################################] (100.00%)
** Exiting...
FILE: /uscms_data/d3/iturkmen/hh4b_delphes/root/ttbar_100k_shard007_pythia8_delphes.root

KEYS:
  ProcessID0;1
  Delphes;1

TREE: Delphes
ENTRIES: 10000

OBJECT CHECK:
  Event: OK
  Particle: OK
  Jet: OK
  GenJet: OK
  MissingET: OK
  GenMissingET: OK
  Electron: OK
  Muon: OK

SIZE BRANCHES:
  Event_size
  Weight_size
  Particle_size
  Track_size
  Tower_size
  EFlowTrack_size
  EFlowPhoton_size
  EFlowNeutralHadron_size
  GenJet_size
  GenMissingET_size
  Jet_size
  Electron_size
  Photon_size
  Muon_size
  FatJet_size
  MissingET_size
  ScalarHT_size
Input: /uscms_data/d3/iturkmen/hh4b_delphes/root/ttbar_100k_shard007_pythia8_delphes.root
Events: 10000

      event  n_higgs_particles  ...  n_genjets_flavor5  n_genjets_btag
0         0                  0  ...                  0               0
1         1                  0  ...                  0               0
2         2                  0  ...                  0               0
3         3                  0  ...                  0               0
4         4                  0  ...                  0               0
...     ...                ...  ...                ...             ...
9995   9995                  0  ...                  0               0
9996   9996                  0  ...                  0               0
9997   9997                  0  ...                  0               0
9998   9998                  0  ...                  0               0
9999   9999                  0  ...                  0               0

[10000 rows x 15 columns]

Column sums:
  n_higgs_particles: 0
  n_b_particles: 101275
  n_status1_b_particles: 0
  n_jets: 54382
  n_jets_pt30_eta25: 41728
  n_jets_flavor5: 17432
  n_jets_flavoralgo5: 0
  n_jets_flavorphys5: 0
  n_btagged_jets: 12950
  n_btagged_jets_pt30_eta25: 12031
  n_genjets: 59959
  n_genjets_pt30_eta25: 43407
  n_genjets_flavor5: 0
  n_genjets_btag: 0

Events with >=4 reconstructed jets: 6623
Events with >=4 reconstructed b-tagged jets: 39
Events with >=4 jet FlavorPhys b jets: 0
Events with >=4 generator-level b particles: 9988

Wrote: /uscms_data/d3/iturkmen/hh4b_delphes/metadata/ttbar_100k_shard007_diagnostic.csv
Wrote: /uscms_data/d3/iturkmen/hh4b_delphes/parquet/ttbar_100k_shard007_event_summary.parquet
                   sample  event  ...  ht_pt30_eta25         met
0     ttbar_100k_shard007      0  ...     475.344177  106.368584
1     ttbar_100k_shard007      1  ...     150.710022    3.293942
2     ttbar_100k_shard007      2  ...     270.614624    3.074205
3     ttbar_100k_shard007      3  ...     419.790558   91.561798
4     ttbar_100k_shard007      4  ...     619.229797  266.989990
...                   ...    ...  ...            ...         ...
9995  ttbar_100k_shard007   9995  ...     704.442383   62.134632
9996  ttbar_100k_shard007   9996  ...     560.922302   92.428558
9997  ttbar_100k_shard007   9997  ...     177.731354   32.382465
9998  ttbar_100k_shard007   9998  ...     198.468079   34.845680
9999  ttbar_100k_shard007   9999  ...     190.756256  125.914528

[10000 rows x 13 columns]

Selection counts:
  events: 10000
  events with >=4 selected jets: 6623
  events with >=4 selected b-tagged jets: 39
DONE: ttbar_100k_shard007
ROOT: /uscms_data/d3/iturkmen/hh4b_delphes/root/ttbar_100k_shard007_pythia8_delphes.root
HEPMC: /uscms_data/d3/iturkmen/hh4b_delphes/hepmc/ttbar_100k_shard007_pythia8.hepmc
PARQUET: /uscms_data/d3/iturkmen/hh4b_delphes/parquet/ttbar_100k_shard007_event_summary.parquet
DIAGNOSTIC: /uscms_data/d3/iturkmen/hh4b_delphes/metadata/ttbar_100k_shard007_diagnostic.csv
Input events: 10000
Events with >=4 selected b-tagged jets: 39
Wrote: /uscms_data/d3/iturkmen/hh4b_delphes/parquet/ttbar_100k_shard007_hh4b_candidates.parquet

             mbb1        mbb2  ...          mhh  n_selected_bjets
count   39.000000   39.000000  ...    39.000000              39.0
mean   157.054208  132.098889  ...   476.109913               4.0
std     80.999163   75.349304  ...   277.666933               0.0
min     75.288482   43.110395  ...   120.301256               4.0
25%    103.660299   93.461889  ...   293.997839               4.0
50%    134.961375  119.448943  ...   384.687597               4.0
75%    168.622177  146.831578  ...   544.753862               4.0
max    456.388317  496.684889  ...  1402.037201               4.0

[8 rows x 6 columns]
sample: ttbar_100k_shard007
events: 10000
candidate rows: 39
cross-section median pb: 512.7034301757812
events with >=4 selected jets: 6623
events with >=4 selected b-tagged jets: 39
median mbb1: 134.9613749048304
median mbb2: 119.44894341403148
median avg_mbb: 127.05561754046965
median delta_mbb: 38.75984076815223
median mhh: 384.68759669754445
median n_selected_bjets: 4.0
Wrote: /uscms_data/d3/iturkmen/hh4b_delphes/metadata/ttbar_100k_shard007_summary.txt
DONE ttbar_100k_shard007
Finished shard 007

============================================================
Starting shard 008 / campaign ttbar_100k
TAG=ttbar_100k_shard008
RUN_NAME=run_ttbar_100k_008
SEED=105008
============================================================
PROCESS_DIR=/uscms_data/d3/iturkmen/hh4b_delphes/mg5/TTbar_smoke
RUN_NAME=run_ttbar_100k_008
N_EVENTS=10000
SEED=105008
OUTPUT_TAG=ttbar_100k_shard008
APPLY_B_CUTS=yes
Updated run card:
 10000 = nevents ! Number of unweighted events
 105008 = iseed ! Random seed
 25.0 = ptb ! minimum pt for b quarks
 2.7 = etab ! maximum eta for b quarks
 0.4 = drbb ! minimum deltaR between b quarks
 0.4 = drbj ! minimum deltaR between b and light jets
 20.0 = ptj ! minimum pt for jets
 5.0 = etaj ! maximum eta for jets
************************************************************
*                                                          *
*                      W E L C O M E to                    *
*             M A D G R A P H 5 _ a M C @ N L O            *
*                      M A D E V E N T                     *
*                                                          *
*                 *                       *                *
*                   *        * *        *                  *
*                     * * * * 5 * * * *                    *
*                   *        * *        *                  *
*                 *                       *                *
*                                                          *
*         VERSION 3.5.3                                    *
*                                                          *
*    The MadGraph5_aMC@NLO Development Team - Find us at   *
*    https://server06.fynu.ucl.ac.be/projects/madgraph     *
*                                                          *
*               Type 'help' for in-line help.              *
*                                                          *
************************************************************
INFO: load configuration from /uscms_data/d3/iturkmen/hh4b_delphes/mg5/TTbar_smoke/Cards/me5_configuration.txt  
INFO: load configuration from /cvmfs/sft.cern.ch/lcg/releases/MCGenerators/madgraph5amc/3.5.3.atlas7-2c347/x86_64-el9-gcc13-opt/input/mg5_configuration.txt  
INFO: load configuration from /uscms_data/d3/iturkmen/hh4b_delphes/mg5/TTbar_smoke/Cards/me5_configuration.txt  
Using default text editor "vi". Set another one in ./input/mg5_configuration.txt
Using default eps viewer "evince". Set another one in ./input/mg5_configuration.txt
Using default web browser "firefox". Set another one in ./input/mg5_configuration.txt
generate_events run_ttbar_100k_008 -f
Generating 10000 events with run name run_ttbar_100k_008
survey  run_ttbar_100k_008 
INFO: compile directory 
compile Source Directory
Using random number seed offset = 105008
INFO: Running Survey 
Creating Jobs
Working on SubProcesses
INFO: Compiling for process 1/3. 
INFO:     P1_gg_ttx  
  0%|          | 0/707 [00:00<?, ?it/s]100%|██████████| 707/707 [00:00<00:00, 135004.46it/s]
INFO: Compiling for process 2/3. 
INFO:     P1_qq_ttx  
  0%|          | 0/703 [00:00<?, ?it/s]100%|██████████| 703/703 [00:00<00:00, 252146.03it/s]
INFO: Compiling for process 3/3. 
INFO:     P1_bbx_ttx  
  0%|          | 0/699 [00:00<?, ?it/s]100%|██████████| 699/699 [00:00<00:00, 211959.12it/s]
INFO:     P1_gg_ttx  
INFO:     P1_qq_ttx  
INFO:     P1_bbx_ttx  
INFO:  Idle: 1,  Running: 0,  Completed: 2 [ current time: 13h07 ] 
INFO:  Idle: 0,  Running: 1,  Completed: 2 [ current time: 13h07 ] 
INFO:  Idle: 0,  Running: 0,  Completed: 3 [  0.18s  ] 
INFO: End survey 
refine 10000
Creating Jobs
INFO: Refine results to 10000 
INFO: Generating 10000.0 unweighted events. 
sum of cpu time of last step: 1 seconds
INFO: Effective Luminosity 23.382992509005035 pb^-1 
INFO: need to improve 2 channels 
- Current estimate of cross-section: 513.19351 +- 3.296740394737862
    P1_gg_ttx 
    P1_qq_ttx 
    P1_bbx_ttx 
INFO:  Idle: 0,  Running: 2,  Completed: 11 [ current time: 13h07 ] 
INFO:  Idle: 0,  Running: 0,  Completed: 13 [  0.31s  ] 
INFO: Combining runs 
sum of cpu time of last step: 9 seconds
INFO: finish refine 
refine 10000 --treshold=0.9
No need for second refine due to stability of cross-section
INFO: Combining Events 
combination of events done in 2.1157398223876953 s 
  === Results Summary for run: run_ttbar_100k_008 tag: tag_1 ===

     Cross-section :   511.5 +- 0.6223 pb
     Nb of events :  10000
 
INFO: Running Systematics computation 
INFO:  Idle: 1,  Running: 3,  Completed: 0 [ current time: 13h07 ] 
INFO:  Idle: 0,  Running: 3,  Completed: 1 [  8s  ] 
INFO: # Events generated with PDF: NNPDF23_lo_as_0130_qed (247000) 
INFO: # Will Compute 145 weights per event. 
INFO: #***************************************************************************
#
# original cross-section: 511.30013529687665
#     scale variation: +30.2% -21.7%
#     central scheme variation: +6.84e-09% -25.9%
# PDF variation: +4.22% -4.22%
#
# dynamical scheme # 1 : 485.733 +29.8% -21.6% # \sum ET
# dynamical scheme # 2 : 400.448 +27.7% -20.5% # \sum\sqrt{m^2+pt^2}
# dynamical scheme # 3 : 511.3 +30.2% -21.7% # 0.5 \sum\sqrt{m^2+pt^2}
# dynamical scheme # 4 : 378.706 +27% -20.1% # \sqrt{\hat s}
#***************************************************************************
 
INFO: End of systematics computation 
store_events
INFO: Storing parton level results 
INFO: End Parton 
reweight -from_cards
decay_events -from_cards
INFO: storing files of previous run 
INFO: Done 
quit
INFO:  
LHE=/uscms_data/d3/iturkmen/hh4b_delphes/mg5/TTbar_smoke/Events/run_ttbar_100k_008/unweighted_events.lhe.gz
N_FOUND=10000
Sample: ttbar_100k_shard008
Input LHE.GZ: /uscms_data/d3/iturkmen/hh4b_delphes/mg5/TTbar_smoke/Events/run_ttbar_100k_008/unweighted_events.lhe.gz
Events requested: 10000
Output tag: ttbar_100k_shard008
LHE: /uscms_data/d3/iturkmen/hh4b_delphes/mg5/TTbar_smoke/Events/run_ttbar_100k_008/unweighted_events.lhe
HEPMC: /uscms_data/d3/iturkmen/hh4b_delphes/hepmc/ttbar_100k_shard008_pythia8.hepmc
ROOT: /uscms_data/d3/iturkmen/hh4b_delphes/root/ttbar_100k_shard008_pythia8_delphes.root
LHE event count: 10000

 *------------------------------------------------------------------------------------* 
 |                                                                                    | 
 |  *------------------------------------------------------------------------------*  | 
 |  |                                                                              |  | 
 |  |                                                                              |  | 
 |  |   PPP   Y   Y  TTTTT  H   H  III    A      Welcome to the Lund Monte Carlo!  |  | 
 |  |   P  P   Y Y     T    H   H   I    A A     This is PYTHIA version 8.312      |  | 
 |  |   PPP     Y      T    HHHHH   I   AAAAA    Last date of change: 23 May 2024  |  | 
 |  |   P       Y      T    H   H   I   A   A                                      |  | 
 |  |   P       Y      T    H   H  III  A   A    Now is 08 Jul 2026 at 13:08:55    |  | 
 |  |                                                                              |  | 
 |  |   Program documentation and an archive of historic versions is found on:     |  | 
 |  |                                                                              |  | 
 |  |                               https://pythia.org/                            |  | 
 |  |                                                                              |  | 
 |  |   PYTHIA is authored by a collaboration consisting of:                       |  | 
 |  |                                                                              |  | 
 |  |   Javira Altmann, Christian Bierlich, Naomi Cooke, Nishita Desai,            |  | 
 |  |   Leif Gellersen, Ilkka Helenius, Philip Ilten, Leif Lonnblad,               |  | 
 |  |   Stephen Mrenna, Christian Preuss, Torbjorn Sjostrand, Peter Skands,        |  | 
 |  |   Marius Utheim, and Rob Verheyen.                                           |  | 
 |  |                                                                              |  | 
 |  |   The complete list of authors, including contact information and            |  | 
 |  |   affiliations, can be found on https://pythia.org/.                         |  | 
 |  |   Problems or bugs should be reported on email at authors@pythia.org.        |  | 
 |  |                                                                              |  | 
 |  |   The main program reference is C. Bierlich et al,                           |  | 
 |  |   'A comprehensive guide to the physics and usage of Pythia 8.3',            |  | 
 |  |   SciPost Phys. Codebases 8-r8.3 (2022) [arXiv:2203.11601 [hep-ph]]          |  | 
 |  |                                                                              |  | 
 |  |   PYTHIA is released under the GNU General Public Licence version 2 or later.|  | 
 |  |   Please respect the MCnet Guidelines for Event Generator Authors and Users. |  | 
 |  |                                                                              |  | 
 |  |   Disclaimer: this program comes without any guarantees.                     |  | 
 |  |   Beware of errors and use common sense when interpreting results.           |  | 
 |  |                                                                              |  | 
 |  |   Copyright (C) 2024 Torbjorn Sjostrand                                      |  | 
 |  |                                                                              |  | 
 |  |                                                                              |  | 
 |  *------------------------------------------------------------------------------*  | 
 |                                                                                    | 
 *------------------------------------------------------------------------------------* 

 *-----------------------  SusyLesHouches SUSY/BSM Interface  ------------------------*
 | Last Change 12 Apr 2017 - P. Skands
 | Parsing: /uscms_data/d3/iturkmen/hh4b_delphes/mg5/TTbar_smoke/Events/run_ttbar_100k_008/unweighted_events.lhe
 | (SLHA::readFile) line 330 - storing non-SLHA(2) block: yukawa
 *------------------------------------------------------------------------------------*
 PYTHIA Info from SLHAinterface::initSLHA: No MODSEL found, keeping internal SUSY switched off
 PYTHIA Warning in SLHAinterface::initSLHA: ignoring MASS entries for id = {1,2,3,4,5,11,12,13,14,15,16,21,22,23,24} (m0 < SLHA:minMassSM)
 PYTHIA Warning in SLHAinterface::initSLHA: ignoring DECAY tables for id = {23,24,1,2,3,4,5,11,12,13,14,15,16,21,22} (m0 < SLHA:minMassSM)
 PYTHIA Warning in SLHAinterface::initSLHA: ignoring empty DECAY tables for id = {6,25} (total width provided but no Branching Ratios)

 *-------  PYTHIA Process Initialization  --------------------------*
 |                                                                  |
 | We collide p+ with p+ at a CM energy of 1.300e+04 GeV            |
 |                                                                  |
 |------------------------------------------------------------------|
 |                                                    |             |
 | Subprocess                                    Code |   Estimated |
 |                                                    |    max (mb) |
 |                                                    |             |
 |------------------------------------------------------------------|
 |                                                    |             |
 | Les Houches User Process(es)                  9999 |   1.000e-09 |
 |                                                                  |
 *-------  End PYTHIA Process Initialization -----------------------*

 *-------  PYTHIA Multiparton Interactions Initialization  ---------* 
 |                                                                  | 
 |                   sigmaNonDiffractive =    56.42 mb              | 
 |                                                                  | 
 |    pT0 =  2.60 gives sigmaInteraction =   317.96 mb: accepted    | 
 |                                                                  | 
 *-------  End PYTHIA Multiparton Interactions Initialization  -----* 

 *-------  PYTHIA Flag + Mode + Parm + Word + FVec + MVec + PVec + WVec Settings (changes only)  ------------------* 
 |                                                                                                                 | 
 | Name                                          |                      Now |      Default         Min         Max | 
 |                                               |                          |                                      | 
 | Beams:frameType                               |                        4 |            1           1           5 | 
 | Beams:LHEF                                    | /uscms_data/d3/iturkmen/hh4b_delphes/mg5/TTbar_smoke/Events/run_ttbar_100k_008/unweighted_events.lhe |         void | 
 | Check:event                                   |                      off |           on                         | 
 | Next:numberCount                              |                       10 |         1000           0             | 
 | Next:numberShowEvent                          |                        0 |            1           0             | 
 | Next:numberShowInfo                           |                        0 |            1           0             | 
 | Next:numberShowProcess                        |                        0 |            1           0             | 
 |                                                                                                                 | 
 *-------  End PYTHIA Flag + Mode + Parm + Word + FVec + MVec + PVec + WVec Settings  -----------------------------* 

 --------  PYTHIA Particle Data Table (changed only)  ------------------------------------------------------------------------------
 
      id   name            antiName         spn chg col      m0        mWidth      mMin       mMax       tau0    res dec ext vis wid
             no onMode   bRatio   meMode     products 

       6  t                tbar               2   2   1  173.00000    1.35678  166.40000  179.60000  1.45438e-13   1   1   0   1   0
              0     1   0.0000664    0       24        1 
              1     1   0.0017361    0       24        3 
              2     1   0.9981975    0       24        5 
              3     0   0.0000000    0       37        5 

      25  h0                                  1   0   0  125.00000    0.00408  124.96809  125.03191  4.83238e-11   1   1   0   0   0
              0     1   0.0000009    0        1       -1 
              1     1   0.0000002    0        2       -2 
              2     1   0.0002163    0        3       -3 
              3     1   0.0288493    0        4       -4 
              4     1   0.5768873    0        5       -5 
              5     1   0.0000000    0        6       -6 
              6     1   0.0000000    0       11      -11 
              7     1   0.0002185    0       13      -13 
              8     1   0.0628569    0       15      -15 
              9     1   0.0850383    0       21       21 
             10     1   0.0022965    0       22       22 
             11     1   0.0016155    0       22       23 
             12     1   0.0261758    0       23       23 
             13     1   0.2158445    0       24      -24 
             14     1   0.0000000  103  1000022  1000022 
             15     1   0.0000000  103  1000023  1000022 
             16     1   0.0000000  103  1000023  1000023 
             17     1   0.0000000  103  1000025  1000022 
             18     1   0.0000000  103  1000025  1000023 
             19     1   0.0000000  103  1000025  1000025 
             20     1   0.0000000  103  1000035  1000022 
             21     1   0.0000000  103  1000035  1000023 
             22     1   0.0000000  103  1000035  1000025 
             23     1   0.0000000  103  1000035  1000035 
             24     1   0.0000000  103  1000024 -1000024 
             25     1   0.0000000  103  1000024 -1000037 
             26     1   0.0000000  103  1000037 -1000024 
             27     1   0.0000000  103  1000037 -1000037 
             28     1   0.0000000  103  1000001 -1000001 
             29     1   0.0000000  103  2000001 -2000001 
             30     1   0.0000000  103  1000001 -2000001 
             31     1   0.0000000  103 -1000001  2000001 
             32     1   0.0000000  103  1000002 -1000002 
             33     1   0.0000000  103  2000002 -2000002 
             34     1   0.0000000  103  1000002 -2000002 
             35     1   0.0000000  103 -1000002  2000002 
             36     1   0.0000000  103  1000003 -1000003 
             37     1   0.0000000  103  2000003 -2000003 
             38     1   0.0000000  103  1000003 -2000003 
             39     1   0.0000000  103 -1000003  2000003 
             40     1   0.0000000  103  1000004 -1000004 
             41     1   0.0000000  103  2000004 -2000004 
             42     1   0.0000000  103  1000004 -2000004 
             43     1   0.0000000  103 -1000004  2000004 
             44     1   0.0000000  103  1000005 -1000005 
             45     1   0.0000000  103  2000005 -2000005 
             46     1   0.0000000  103  1000005 -2000005 
             47     1   0.0000000  103 -1000005  2000005 
             48     1   0.0000000  103  1000006 -1000006 
             49     1   0.0000000  103  2000006 -2000006 
             50     1   0.0000000  103  1000006 -2000006 
             51     1   0.0000000  103 -1000006  2000006 
             52     1   0.0000000  103  1000011 -1000011 
             53     1   0.0000000  103  2000011 -2000011 
             54     1   0.0000000  103  1000011 -2000011 
             55     1   0.0000000  103 -1000011  2000011 
             56     1   0.0000000  103  1000012 -1000012 
             57     1   0.0000000  103  2000012 -2000012 
             58     1   0.0000000  103  1000012 -2000012 
             59     1   0.0000000  103 -1000012  2000012 
             60     1   0.0000000  103  1000013 -1000013 
             61     1   0.0000000  103  2000013 -2000013 
             62     1   0.0000000  103  1000013 -2000013 
             63     1   0.0000000  103 -1000013  2000013 
             64     1   0.0000000  103  1000014 -1000014 
             65     1   0.0000000  103  2000014 -2000014 
             66     1   0.0000000  103  1000014 -2000014 
             67     1   0.0000000  103 -1000014  2000014 
             68     1   0.0000000  103  1000015 -1000015 
             69     1   0.0000000  103  2000015 -2000015 
             70     1   0.0000000  103  1000015 -2000015 
             71     1   0.0000000  103 -1000015  2000015 
             72     1   0.0000000  103  1000016 -1000016 
             73     1   0.0000000  103  2000016 -2000016 
             74     1   0.0000000  103  1000016 -2000016 
             75     1   0.0000000  103 -1000016  2000016 

 --------  End PYTHIA Particle Data Table  -----------------------------------------------------------------------------------------


 --------  LHA initialization information  ------------ 

  beam    kind      energy  pdfgrp  pdfset 
     A    2212    6500.000       0  247000
     B    2212    6500.000       0  247000

  Event weighting strategy = -4

  Processes, with strategy-dependent cross section info 
  number      xsec (pb)      xerr (pb)      xmax (pb) 
       1     5.1145e+02     6.2234e-01     5.1145e+02

 --------  End LHA initialization information  -------- 

 --------  LHA event information and listing  ---------------------------------------------------------------------- 

    process =        1    weight =   5.1145e+02     scale =   1.9238e+02 (GeV) 
                        alpha_em =   7.5558e-03    alpha_strong =   1.1563e-01

    Participating Particles 
    no        id stat     mothers     colours      p_x        p_y        p_z         e          m        tau    spin 
     1        21   -1     0     0   501   502      0.000      0.000    295.223    295.223      0.000   0.000  -1.000
     2        21   -1     0     0   502   503     -0.000     -0.000   -125.548    125.548      0.000   0.000  -1.000
     3         6    1     1     2   501     0     67.285    -52.215     76.756    207.127    172.500   0.000  -1.000
     4        -6    1     1     2     0   503    -67.285     52.215     92.918    213.644    172.500   0.000  -1.000

 --------  End LHA event information and listing  ------------------------------------------------------------------ 

 Pythia::next(): 10 events have been generated 

 Pythia::next(): 20 events have been generated 

 Pythia::next(): 30 events have been generated 

 Pythia::next(): 40 events have been generated 

 Pythia::next(): 50 events have been generated 

 Pythia::next(): 60 events have been generated 

 Pythia::next(): 70 events have been generated 

 Pythia::next(): 80 events have been generated 

 Pythia::next(): 90 events have been generated 

 Pythia::next(): 100 events have been generated 

 Pythia::next(): 110 events have been generated 

 Pythia::next(): 120 events have been generated 

 Pythia::next(): 130 events have been generated 

 Pythia::next(): 140 events have been generated 

 Pythia::next(): 150 events have been generated 

 Pythia::next(): 160 events have been generated 

 Pythia::next(): 170 events have been generated 

 Pythia::next(): 180 events have been generated 

 Pythia::next(): 190 events have been generated 

 Pythia::next(): 200 events have been generated 

 Pythia::next(): 210 events have been generated 

 Pythia::next(): 220 events have been generated 

 Pythia::next(): 230 events have been generated 

 Pythia::next(): 240 events have been generated 

 Pythia::next(): 250 events have been generated 

 Pythia::next(): 260 events have been generated 

 Pythia::next(): 270 events have been generated 

 Pythia::next(): 280 events have been generated 

 Pythia::next(): 290 events have been generated 

 Pythia::next(): 300 events have been generated 

 Pythia::next(): 310 events have been generated 

 Pythia::next(): 320 events have been generated 

 Pythia::next(): 330 events have been generated 

 Pythia::next(): 340 events have been generated 

 Pythia::next(): 350 events have been generated 

 Pythia::next(): 360 events have been generated 

 Pythia::next(): 370 events have been generated 

 Pythia::next(): 380 events have been generated 

 Pythia::next(): 390 events have been generated 

 Pythia::next(): 400 events have been generated 

 Pythia::next(): 410 events have been generated 

 Pythia::next(): 420 events have been generated 

 Pythia::next(): 430 events have been generated 

 Pythia::next(): 440 events have been generated 

 Pythia::next(): 450 events have been generated 

 Pythia::next(): 460 events have been generated 

 Pythia::next(): 470 events have been generated 

 Pythia::next(): 480 events have been generated 

 Pythia::next(): 490 events have been generated 

 Pythia::next(): 500 events have been generated 

 Pythia::next(): 510 events have been generated 

 Pythia::next(): 520 events have been generated 

 Pythia::next(): 530 events have been generated 

 Pythia::next(): 540 events have been generated 

 Pythia::next(): 550 events have been generated 

 Pythia::next(): 560 events have been generated 

 Pythia::next(): 570 events have been generated 

 Pythia::next(): 580 events have been generated 

 Pythia::next(): 590 events have been generated 

 Pythia::next(): 600 events have been generated 

 Pythia::next(): 610 events have been generated 

 Pythia::next(): 620 events have been generated 

 Pythia::next(): 630 events have been generated 

 Pythia::next(): 640 events have been generated 

 Pythia::next(): 650 events have been generated 

 Pythia::next(): 660 events have been generated 

 Pythia::next(): 670 events have been generated 

 Pythia::next(): 680 events have been generated 

 Pythia::next(): 690 events have been generated 

 Pythia::next(): 700 events have been generated 

 Pythia::next(): 710 events have been generated 

 Pythia::next(): 720 events have been generated 

 Pythia::next(): 730 events have been generated 

 Pythia::next(): 740 events have been generated 

 Pythia::next(): 750 events have been generated 

 Pythia::next(): 760 events have been generated 

 Pythia::next(): 770 events have been generated 

 Pythia::next(): 780 events have been generated 

 Pythia::next(): 790 events have been generated 

 Pythia::next(): 800 events have been generated 

 Pythia::next(): 810 events have been generated 

 Pythia::next(): 820 events have been generated 

 Pythia::next(): 830 events have been generated 

 Pythia::next(): 840 events have been generated 

 Pythia::next(): 850 events have been generated 

 Pythia::next(): 860 events have been generated 
 PYTHIA Warning in SimpleSpaceShower::pT2nextQCD: weight above unity

 Pythia::next(): 870 events have been generated 

 Pythia::next(): 880 events have been generated 

 Pythia::next(): 890 events have been generated 

 Pythia::next(): 900 events have been generated 

 Pythia::next(): 910 events have been generated 

 Pythia::next(): 920 events have been generated 

 Pythia::next(): 930 events have been generated 

 Pythia::next(): 940 events have been generated 

 Pythia::next(): 950 events have been generated 

 Pythia::next(): 960 events have been generated 

 Pythia::next(): 970 events have been generated 

 Pythia::next(): 980 events have been generated 

 Pythia::next(): 990 events have been generated 

 Pythia::next(): 1000 events have been generated 

 Pythia::next(): 1010 events have been generated 

 Pythia::next(): 1020 events have been generated 

 Pythia::next(): 1030 events have been generated 

 Pythia::next(): 1040 events have been generated 

 Pythia::next(): 1050 events have been generated 

 Pythia::next(): 1060 events have been generated 

 Pythia::next(): 1070 events have been generated 

 Pythia::next(): 1080 events have been generated 

 Pythia::next(): 1090 events have been generated 

 Pythia::next(): 1100 events have been generated 

 Pythia::next(): 1110 events have been generated 

 Pythia::next(): 1120 events have been generated 

 Pythia::next(): 1130 events have been generated 

 Pythia::next(): 1140 events have been generated 

 Pythia::next(): 1150 events have been generated 

 Pythia::next(): 1160 events have been generated 

 Pythia::next(): 1170 events have been generated 

 Pythia::next(): 1180 events have been generated 

 Pythia::next(): 1190 events have been generated 

 Pythia::next(): 1200 events have been generated 

 Pythia::next(): 1210 events have been generated 

 Pythia::next(): 1220 events have been generated 

 Pythia::next(): 1230 events have been generated 

 Pythia::next(): 1240 events have been generated 

 Pythia::next(): 1250 events have been generated 

 Pythia::next(): 1260 events have been generated 

 Pythia::next(): 1270 events have been generated 

 Pythia::next(): 1280 events have been generated 

 Pythia::next(): 1290 events have been generated 

 Pythia::next(): 1300 events have been generated 

 Pythia::next(): 1310 events have been generated 

 Pythia::next(): 1320 events have been generated 

 Pythia::next(): 1330 events have been generated 

 Pythia::next(): 1340 events have been generated 

 Pythia::next(): 1350 events have been generated 

 Pythia::next(): 1360 events have been generated 

 Pythia::next(): 1370 events have been generated 

 Pythia::next(): 1380 events have been generated 

 Pythia::next(): 1390 events have been generated 

 Pythia::next(): 1400 events have been generated 

 Pythia::next(): 1410 events have been generated 

 Pythia::next(): 1420 events have been generated 

 Pythia::next(): 1430 events have been generated 

 Pythia::next(): 1440 events have been generated 

 Pythia::next(): 1450 events have been generated 

 Pythia::next(): 1460 events have been generated 

 Pythia::next(): 1470 events have been generated 

 Pythia::next(): 1480 events have been generated 

 Pythia::next(): 1490 events have been generated 

 Pythia::next(): 1500 events have been generated 

 Pythia::next(): 1510 events have been generated 

 Pythia::next(): 1520 events have been generated 

 Pythia::next(): 1530 events have been generated 

 Pythia::next(): 1540 events have been generated 

 Pythia::next(): 1550 events have been generated 

 Pythia::next(): 1560 events have been generated 

 Pythia::next(): 1570 events have been generated 

 Pythia::next(): 1580 events have been generated 

 Pythia::next(): 1590 events have been generated 

 Pythia::next(): 1600 events have been generated 

 Pythia::next(): 1610 events have been generated 

 Pythia::next(): 1620 events have been generated 

 Pythia::next(): 1630 events have been generated 

 Pythia::next(): 1640 events have been generated 

 Pythia::next(): 1650 events have been generated 

 Pythia::next(): 1660 events have been generated 

 Pythia::next(): 1670 events have been generated 

 Pythia::next(): 1680 events have been generated 

 Pythia::next(): 1690 events have been generated 

 Pythia::next(): 1700 events have been generated 

 Pythia::next(): 1710 events have been generated 

 Pythia::next(): 1720 events have been generated 

 Pythia::next(): 1730 events have been generated 

 Pythia::next(): 1740 events have been generated 

 Pythia::next(): 1750 events have been generated 

 Pythia::next(): 1760 events have been generated 

 Pythia::next(): 1770 events have been generated 

 Pythia::next(): 1780 events have been generated 

 Pythia::next(): 1790 events have been generated 

 Pythia::next(): 1800 events have been generated 

 Pythia::next(): 1810 events have been generated 

 Pythia::next(): 1820 events have been generated 

 Pythia::next(): 1830 events have been generated 

 Pythia::next(): 1840 events have been generated 

 Pythia::next(): 1850 events have been generated 

 Pythia::next(): 1860 events have been generated 

 Pythia::next(): 1870 events have been generated 

 Pythia::next(): 1880 events have been generated 

 Pythia::next(): 1890 events have been generated 

 Pythia::next(): 1900 events have been generated 

 Pythia::next(): 1910 events have been generated 

 Pythia::next(): 1920 events have been generated 

 Pythia::next(): 1930 events have been generated 

 Pythia::next(): 1940 events have been generated 

 Pythia::next(): 1950 events have been generated 

 Pythia::next(): 1960 events have been generated 

 Pythia::next(): 1970 events have been generated 

 Pythia::next(): 1980 events have been generated 

 Pythia::next(): 1990 events have been generated 

 Pythia::next(): 2000 events have been generated 

 Pythia::next(): 2010 events have been generated 

 Pythia::next(): 2020 events have been generated 

 Pythia::next(): 2030 events have been generated 

 Pythia::next(): 2040 events have been generated 

 Pythia::next(): 2050 events have been generated 

 Pythia::next(): 2060 events have been generated 

 Pythia::next(): 2070 events have been generated 

 Pythia::next(): 2080 events have been generated 

 Pythia::next(): 2090 events have been generated 
 PYTHIA Warning in SimpleTimeShower::pTnext: negative dipole mass

 Pythia::next(): 2100 events have been generated 

 Pythia::next(): 2110 events have been generated 

 Pythia::next(): 2120 events have been generated 

 Pythia::next(): 2130 events have been generated 

 Pythia::next(): 2140 events have been generated 

 Pythia::next(): 2150 events have been generated 

 Pythia::next(): 2160 events have been generated 

 Pythia::next(): 2170 events have been generated 

 Pythia::next(): 2180 events have been generated 

 Pythia::next(): 2190 events have been generated 

 Pythia::next(): 2200 events have been generated 

 Pythia::next(): 2210 events have been generated 

 Pythia::next(): 2220 events have been generated 

 Pythia::next(): 2230 events have been generated 

 Pythia::next(): 2240 events have been generated 

 Pythia::next(): 2250 events have been generated 

 Pythia::next(): 2260 events have been generated 

 Pythia::next(): 2270 events have been generated 

 Pythia::next(): 2280 events have been generated 

 Pythia::next(): 2290 events have been generated 

 Pythia::next(): 2300 events have been generated 

 Pythia::next(): 2310 events have been generated 

 Pythia::next(): 2320 events have been generated 

 Pythia::next(): 2330 events have been generated 

 Pythia::next(): 2340 events have been generated 

 Pythia::next(): 2350 events have been generated 

 Pythia::next(): 2360 events have been generated 

 Pythia::next(): 2370 events have been generated 

 Pythia::next(): 2380 events have been generated 

 Pythia::next(): 2390 events have been generated 

 Pythia::next(): 2400 events have been generated 

 Pythia::next(): 2410 events have been generated 

 Pythia::next(): 2420 events have been generated 

 Pythia::next(): 2430 events have been generated 

 Pythia::next(): 2440 events have been generated 

 Pythia::next(): 2450 events have been generated 

 Pythia::next(): 2460 events have been generated 

 Pythia::next(): 2470 events have been generated 

 Pythia::next(): 2480 events have been generated 

 Pythia::next(): 2490 events have been generated 

 Pythia::next(): 2500 events have been generated 

 Pythia::next(): 2510 events have been generated 

 Pythia::next(): 2520 events have been generated 

 Pythia::next(): 2530 events have been generated 

 Pythia::next(): 2540 events have been generated 

 Pythia::next(): 2550 events have been generated 

 Pythia::next(): 2560 events have been generated 

 Pythia::next(): 2570 events have been generated 

 Pythia::next(): 2580 events have been generated 

 Pythia::next(): 2590 events have been generated 

 Pythia::next(): 2600 events have been generated 

 Pythia::next(): 2610 events have been generated 

 Pythia::next(): 2620 events have been generated 

 Pythia::next(): 2630 events have been generated 

 Pythia::next(): 2640 events have been generated 

 Pythia::next(): 2650 events have been generated 

 Pythia::next(): 2660 events have been generated 

 Pythia::next(): 2670 events have been generated 

 Pythia::next(): 2680 events have been generated 

 Pythia::next(): 2690 events have been generated 

 Pythia::next(): 2700 events have been generated 

 Pythia::next(): 2710 events have been generated 

 Pythia::next(): 2720 events have been generated 

 Pythia::next(): 2730 events have been generated 

 Pythia::next(): 2740 events have been generated 

 Pythia::next(): 2750 events have been generated 

 Pythia::next(): 2760 events have been generated 

 Pythia::next(): 2770 events have been generated 

 Pythia::next(): 2780 events have been generated 

 Pythia::next(): 2790 events have been generated 

 Pythia::next(): 2800 events have been generated 

 Pythia::next(): 2810 events have been generated 

 Pythia::next(): 2820 events have been generated 

 Pythia::next(): 2830 events have been generated 

 Pythia::next(): 2840 events have been generated 

 Pythia::next(): 2850 events have been generated 

 Pythia::next(): 2860 events have been generated 

 Pythia::next(): 2870 events have been generated 

 Pythia::next(): 2880 events have been generated 

 Pythia::next(): 2890 events have been generated 

 Pythia::next(): 2900 events have been generated 

 Pythia::next(): 2910 events have been generated 

 Pythia::next(): 2920 events have been generated 

 Pythia::next(): 2930 events have been generated 

 Pythia::next(): 2940 events have been generated 

 Pythia::next(): 2950 events have been generated 

 Pythia::next(): 2960 events have been generated 

 Pythia::next(): 2970 events have been generated 

 Pythia::next(): 2980 events have been generated 

 Pythia::next(): 2990 events have been generated 

 Pythia::next(): 3000 events have been generated 

 Pythia::next(): 3010 events have been generated 

 Pythia::next(): 3020 events have been generated 

 Pythia::next(): 3030 events have been generated 

 Pythia::next(): 3040 events have been generated 

 Pythia::next(): 3050 events have been generated 

 Pythia::next(): 3060 events have been generated 

 Pythia::next(): 3070 events have been generated 

 Pythia::next(): 3080 events have been generated 

 Pythia::next(): 3090 events have been generated 

 Pythia::next(): 3100 events have been generated 

 Pythia::next(): 3110 events have been generated 

 Pythia::next(): 3120 events have been generated 

 Pythia::next(): 3130 events have been generated 

 Pythia::next(): 3140 events have been generated 

 Pythia::next(): 3150 events have been generated 

 Pythia::next(): 3160 events have been generated 

 Pythia::next(): 3170 events have been generated 

 Pythia::next(): 3180 events have been generated 

 Pythia::next(): 3190 events have been generated 

 Pythia::next(): 3200 events have been generated 

 Pythia::next(): 3210 events have been generated 

 Pythia::next(): 3220 events have been generated 

 Pythia::next(): 3230 events have been generated 

 Pythia::next(): 3240 events have been generated 

 Pythia::next(): 3250 events have been generated 

 Pythia::next(): 3260 events have been generated 

 Pythia::next(): 3270 events have been generated 

 Pythia::next(): 3280 events have been generated 

 Pythia::next(): 3290 events have been generated 

 Pythia::next(): 3300 events have been generated 

 Pythia::next(): 3310 events have been generated 

 Pythia::next(): 3320 events have been generated 

 Pythia::next(): 3330 events have been generated 

 Pythia::next(): 3340 events have been generated 

 Pythia::next(): 3350 events have been generated 

 Pythia::next(): 3360 events have been generated 
 PYTHIA Warning in HadronWidths::pickMasses: angular momentum and running widths not used

 Pythia::next(): 3370 events have been generated 

 Pythia::next(): 3380 events have been generated 

 Pythia::next(): 3390 events have been generated 

 Pythia::next(): 3400 events have been generated 

 Pythia::next(): 3410 events have been generated 

 Pythia::next(): 3420 events have been generated 

 Pythia::next(): 3430 events have been generated 

 Pythia::next(): 3440 events have been generated 

 Pythia::next(): 3450 events have been generated 

 Pythia::next(): 3460 events have been generated 

 Pythia::next(): 3470 events have been generated 

 Pythia::next(): 3480 events have been generated 

 Pythia::next(): 3490 events have been generated 

 Pythia::next(): 3500 events have been generated 

 Pythia::next(): 3510 events have been generated 

 Pythia::next(): 3520 events have been generated 

 Pythia::next(): 3530 events have been generated 

 Pythia::next(): 3540 events have been generated 

 Pythia::next(): 3550 events have been generated 

 Pythia::next(): 3560 events have been generated 

 Pythia::next(): 3570 events have been generated 

 Pythia::next(): 3580 events have been generated 

 Pythia::next(): 3590 events have been generated 

 Pythia::next(): 3600 events have been generated 

 Pythia::next(): 3610 events have been generated 

 Pythia::next(): 3620 events have been generated 

 Pythia::next(): 3630 events have been generated 

 Pythia::next(): 3640 events have been generated 

 Pythia::next(): 3650 events have been generated 

 Pythia::next(): 3660 events have been generated 

 Pythia::next(): 3670 events have been generated 

 Pythia::next(): 3680 events have been generated 

 Pythia::next(): 3690 events have been generated 

 Pythia::next(): 3700 events have been generated 

 Pythia::next(): 3710 events have been generated 

 Pythia::next(): 3720 events have been generated 

 Pythia::next(): 3730 events have been generated 

 Pythia::next(): 3740 events have been generated 

 Pythia::next(): 3750 events have been generated 

 Pythia::next(): 3760 events have been generated 

 Pythia::next(): 3770 events have been generated 

 Pythia::next(): 3780 events have been generated 

 Pythia::next(): 3790 events have been generated 

 Pythia::next(): 3800 events have been generated 

 Pythia::next(): 3810 events have been generated 

 Pythia::next(): 3820 events have been generated 

 Pythia::next(): 3830 events have been generated 

 Pythia::next(): 3840 events have been generated 

 Pythia::next(): 3850 events have been generated 

 Pythia::next(): 3860 events have been generated 

 Pythia::next(): 3870 events have been generated 

 Pythia::next(): 3880 events have been generated 

 Pythia::next(): 3890 events have been generated 

 Pythia::next(): 3900 events have been generated 

 Pythia::next(): 3910 events have been generated 

 Pythia::next(): 3920 events have been generated 

 Pythia::next(): 3930 events have been generated 

 Pythia::next(): 3940 events have been generated 

 Pythia::next(): 3950 events have been generated 

 Pythia::next(): 3960 events have been generated 

 Pythia::next(): 3970 events have been generated 

 Pythia::next(): 3980 events have been generated 

 Pythia::next(): 3990 events have been generated 

 Pythia::next(): 4000 events have been generated 

 Pythia::next(): 4010 events have been generated 

 Pythia::next(): 4020 events have been generated 

 Pythia::next(): 4030 events have been generated 

 Pythia::next(): 4040 events have been generated 

 Pythia::next(): 4050 events have been generated 

 Pythia::next(): 4060 events have been generated 

 Pythia::next(): 4070 events have been generated 

 Pythia::next(): 4080 events have been generated 

 Pythia::next(): 4090 events have been generated 

 Pythia::next(): 4100 events have been generated 

 Pythia::next(): 4110 events have been generated 

 Pythia::next(): 4120 events have been generated 

 Pythia::next(): 4130 events have been generated 

 Pythia::next(): 4140 events have been generated 

 Pythia::next(): 4150 events have been generated 

 Pythia::next(): 4160 events have been generated 

 Pythia::next(): 4170 events have been generated 

 Pythia::next(): 4180 events have been generated 

 Pythia::next(): 4190 events have been generated 

 Pythia::next(): 4200 events have been generated 

 Pythia::next(): 4210 events have been generated 

 Pythia::next(): 4220 events have been generated 

 Pythia::next(): 4230 events have been generated 

 Pythia::next(): 4240 events have been generated 

 Pythia::next(): 4250 events have been generated 

 Pythia::next(): 4260 events have been generated 

 Pythia::next(): 4270 events have been generated 

 Pythia::next(): 4280 events have been generated 

 Pythia::next(): 4290 events have been generated 

 Pythia::next(): 4300 events have been generated 

 Pythia::next(): 4310 events have been generated 

 Pythia::next(): 4320 events have been generated 

 Pythia::next(): 4330 events have been generated 

 Pythia::next(): 4340 events have been generated 

 Pythia::next(): 4350 events have been generated 

 Pythia::next(): 4360 events have been generated 

 Pythia::next(): 4370 events have been generated 

 Pythia::next(): 4380 events have been generated 

 Pythia::next(): 4390 events have been generated 

 Pythia::next(): 4400 events have been generated 

 Pythia::next(): 4410 events have been generated 

 Pythia::next(): 4420 events have been generated 

 Pythia::next(): 4430 events have been generated 

 Pythia::next(): 4440 events have been generated 

 Pythia::next(): 4450 events have been generated 

 Pythia::next(): 4460 events have been generated 

 Pythia::next(): 4470 events have been generated 

 Pythia::next(): 4480 events have been generated 

 Pythia::next(): 4490 events have been generated 

 Pythia::next(): 4500 events have been generated 

 Pythia::next(): 4510 events have been generated 

 Pythia::next(): 4520 events have been generated 

 Pythia::next(): 4530 events have been generated 

 Pythia::next(): 4540 events have been generated 

 Pythia::next(): 4550 events have been generated 

 Pythia::next(): 4560 events have been generated 

 Pythia::next(): 4570 events have been generated 

 Pythia::next(): 4580 events have been generated 

 Pythia::next(): 4590 events have been generated 

 Pythia::next(): 4600 events have been generated 

 Pythia::next(): 4610 events have been generated 

 Pythia::next(): 4620 events have been generated 

 Pythia::next(): 4630 events have been generated 

 Pythia::next(): 4640 events have been generated 

 Pythia::next(): 4650 events have been generated 

 Pythia::next(): 4660 events have been generated 

 Pythia::next(): 4670 events have been generated 

 Pythia::next(): 4680 events have been generated 

 Pythia::next(): 4690 events have been generated 

 Pythia::next(): 4700 events have been generated 

 Pythia::next(): 4710 events have been generated 

 Pythia::next(): 4720 events have been generated 

 Pythia::next(): 4730 events have been generated 

 Pythia::next(): 4740 events have been generated 

 Pythia::next(): 4750 events have been generated 

 Pythia::next(): 4760 events have been generated 

 Pythia::next(): 4770 events have been generated 

 Pythia::next(): 4780 events have been generated 

 Pythia::next(): 4790 events have been generated 

 Pythia::next(): 4800 events have been generated 

 Pythia::next(): 4810 events have been generated 

 Pythia::next(): 4820 events have been generated 

 Pythia::next(): 4830 events have been generated 

 Pythia::next(): 4840 events have been generated 

 Pythia::next(): 4850 events have been generated 

 Pythia::next(): 4860 events have been generated 

 Pythia::next(): 4870 events have been generated 

 Pythia::next(): 4880 events have been generated 

 Pythia::next(): 4890 events have been generated 

 Pythia::next(): 4900 events have been generated 

 Pythia::next(): 4910 events have been generated 

 Pythia::next(): 4920 events have been generated 

 Pythia::next(): 4930 events have been generated 

 Pythia::next(): 4940 events have been generated 

 Pythia::next(): 4950 events have been generated 

 Pythia::next(): 4960 events have been generated 

 Pythia::next(): 4970 events have been generated 

 Pythia::next(): 4980 events have been generated 

 Pythia::next(): 4990 events have been generated 

 Pythia::next(): 5000 events have been generated 

 Pythia::next(): 5010 events have been generated 

 Pythia::next(): 5020 events have been generated 

 Pythia::next(): 5030 events have been generated 

 Pythia::next(): 5040 events have been generated 

 Pythia::next(): 5050 events have been generated 

 Pythia::next(): 5060 events have been generated 

 Pythia::next(): 5070 events have been generated 

 Pythia::next(): 5080 events have been generated 

 Pythia::next(): 5090 events have been generated 

 Pythia::next(): 5100 events have been generated 

 Pythia::next(): 5110 events have been generated 

 Pythia::next(): 5120 events have been generated 

 Pythia::next(): 5130 events have been generated 

 Pythia::next(): 5140 events have been generated 

 Pythia::next(): 5150 events have been generated 

 Pythia::next(): 5160 events have been generated 

 Pythia::next(): 5170 events have been generated 

 Pythia::next(): 5180 events have been generated 
 PYTHIA Error in SimpleSpaceShower::pT2nearThreshold: stuck in loop

 Pythia::next(): 5190 events have been generated 

 Pythia::next(): 5200 events have been generated 

 Pythia::next(): 5210 events have been generated 

 Pythia::next(): 5220 events have been generated 

 Pythia::next(): 5230 events have been generated 

 Pythia::next(): 5240 events have been generated 

 Pythia::next(): 5250 events have been generated 

 Pythia::next(): 5260 events have been generated 

 Pythia::next(): 5270 events have been generated 

 Pythia::next(): 5280 events have been generated 

 Pythia::next(): 5290 events have been generated 

 Pythia::next(): 5300 events have been generated 

 Pythia::next(): 5310 events have been generated 

 Pythia::next(): 5320 events have been generated 

 Pythia::next(): 5330 events have been generated 

 Pythia::next(): 5340 events have been generated 

 Pythia::next(): 5350 events have been generated 

 Pythia::next(): 5360 events have been generated 

 Pythia::next(): 5370 events have been generated 

 Pythia::next(): 5380 events have been generated 

 Pythia::next(): 5390 events have been generated 

 Pythia::next(): 5400 events have been generated 

 Pythia::next(): 5410 events have been generated 

 Pythia::next(): 5420 events have been generated 

 Pythia::next(): 5430 events have been generated 

 Pythia::next(): 5440 events have been generated 

 Pythia::next(): 5450 events have been generated 

 Pythia::next(): 5460 events have been generated 

 Pythia::next(): 5470 events have been generated 

 Pythia::next(): 5480 events have been generated 

 Pythia::next(): 5490 events have been generated 

 Pythia::next(): 5500 events have been generated 

 Pythia::next(): 5510 events have been generated 

 Pythia::next(): 5520 events have been generated 

 Pythia::next(): 5530 events have been generated 

 Pythia::next(): 5540 events have been generated 

 Pythia::next(): 5550 events have been generated 

 Pythia::next(): 5560 events have been generated 

 Pythia::next(): 5570 events have been generated 

 Pythia::next(): 5580 events have been generated 

 Pythia::next(): 5590 events have been generated 

 Pythia::next(): 5600 events have been generated 

 Pythia::next(): 5610 events have been generated 

 Pythia::next(): 5620 events have been generated 

 Pythia::next(): 5630 events have been generated 

 Pythia::next(): 5640 events have been generated 

 Pythia::next(): 5650 events have been generated 

 Pythia::next(): 5660 events have been generated 

 Pythia::next(): 5670 events have been generated 

 Pythia::next(): 5680 events have been generated 

 Pythia::next(): 5690 events have been generated 

 Pythia::next(): 5700 events have been generated 

 Pythia::next(): 5710 events have been generated 

 Pythia::next(): 5720 events have been generated 

 Pythia::next(): 5730 events have been generated 

 Pythia::next(): 5740 events have been generated 

 Pythia::next(): 5750 events have been generated 

 Pythia::next(): 5760 events have been generated 

 Pythia::next(): 5770 events have been generated 

 Pythia::next(): 5780 events have been generated 

 Pythia::next(): 5790 events have been generated 

 Pythia::next(): 5800 events have been generated 

 Pythia::next(): 5810 events have been generated 

 Pythia::next(): 5820 events have been generated 

 Pythia::next(): 5830 events have been generated 

 Pythia::next(): 5840 events have been generated 

 Pythia::next(): 5850 events have been generated 

 Pythia::next(): 5860 events have been generated 

 Pythia::next(): 5870 events have been generated 

 Pythia::next(): 5880 events have been generated 

 Pythia::next(): 5890 events have been generated 

 Pythia::next(): 5900 events have been generated 

 Pythia::next(): 5910 events have been generated 

 Pythia::next(): 5920 events have been generated 

 Pythia::next(): 5930 events have been generated 

 Pythia::next(): 5940 events have been generated 

 Pythia::next(): 5950 events have been generated 

 Pythia::next(): 5960 events have been generated 

 Pythia::next(): 5970 events have been generated 

 Pythia::next(): 5980 events have been generated 

 Pythia::next(): 5990 events have been generated 

 Pythia::next(): 6000 events have been generated 

 Pythia::next(): 6010 events have been generated 

 Pythia::next(): 6020 events have been generated 

 Pythia::next(): 6030 events have been generated 

 Pythia::next(): 6040 events have been generated 

 Pythia::next(): 6050 events have been generated 

 Pythia::next(): 6060 events have been generated 

 Pythia::next(): 6070 events have been generated 

 Pythia::next(): 6080 events have been generated 

 Pythia::next(): 6090 events have been generated 

 Pythia::next(): 6100 events have been generated 

 Pythia::next(): 6110 events have been generated 

 Pythia::next(): 6120 events have been generated 

 Pythia::next(): 6130 events have been generated 

 Pythia::next(): 6140 events have been generated 

 Pythia::next(): 6150 events have been generated 

 Pythia::next(): 6160 events have been generated 

 Pythia::next(): 6170 events have been generated 

 Pythia::next(): 6180 events have been generated 

 Pythia::next(): 6190 events have been generated 

 Pythia::next(): 6200 events have been generated 

 Pythia::next(): 6210 events have been generated 

 Pythia::next(): 6220 events have been generated 

 Pythia::next(): 6230 events have been generated 

 Pythia::next(): 6240 events have been generated 

 Pythia::next(): 6250 events have been generated 

 Pythia::next(): 6260 events have been generated 

 Pythia::next(): 6270 events have been generated 

 Pythia::next(): 6280 events have been generated 

 Pythia::next(): 6290 events have been generated 

 Pythia::next(): 6300 events have been generated 

 Pythia::next(): 6310 events have been generated 

 Pythia::next(): 6320 events have been generated 

 Pythia::next(): 6330 events have been generated 

 Pythia::next(): 6340 events have been generated 

 Pythia::next(): 6350 events have been generated 

 Pythia::next(): 6360 events have been generated 

 Pythia::next(): 6370 events have been generated 

 Pythia::next(): 6380 events have been generated 

 Pythia::next(): 6390 events have been generated 

 Pythia::next(): 6400 events have been generated 

 Pythia::next(): 6410 events have been generated 

 Pythia::next(): 6420 events have been generated 

 Pythia::next(): 6430 events have been generated 

 Pythia::next(): 6440 events have been generated 

 Pythia::next(): 6450 events have been generated 

 Pythia::next(): 6460 events have been generated 

 Pythia::next(): 6470 events have been generated 

 Pythia::next(): 6480 events have been generated 

 Pythia::next(): 6490 events have been generated 

 Pythia::next(): 6500 events have been generated 

 Pythia::next(): 6510 events have been generated 

 Pythia::next(): 6520 events have been generated 

 Pythia::next(): 6530 events have been generated 

 Pythia::next(): 6540 events have been generated 

 Pythia::next(): 6550 events have been generated 

 Pythia::next(): 6560 events have been generated 

 Pythia::next(): 6570 events have been generated 

 Pythia::next(): 6580 events have been generated 

 Pythia::next(): 6590 events have been generated 

 Pythia::next(): 6600 events have been generated 

 Pythia::next(): 6610 events have been generated 

 Pythia::next(): 6620 events have been generated 

 Pythia::next(): 6630 events have been generated 

 Pythia::next(): 6640 events have been generated 

 Pythia::next(): 6650 events have been generated 

 Pythia::next(): 6660 events have been generated 

 Pythia::next(): 6670 events have been generated 

 Pythia::next(): 6680 events have been generated 

 Pythia::next(): 6690 events have been generated 

 Pythia::next(): 6700 events have been generated 

 Pythia::next(): 6710 events have been generated 

 Pythia::next(): 6720 events have been generated 

 Pythia::next(): 6730 events have been generated 

 Pythia::next(): 6740 events have been generated 

 Pythia::next(): 6750 events have been generated 

 Pythia::next(): 6760 events have been generated 

 Pythia::next(): 6770 events have been generated 

 Pythia::next(): 6780 events have been generated 

 Pythia::next(): 6790 events have been generated 

 Pythia::next(): 6800 events have been generated 

 Pythia::next(): 6810 events have been generated 

 Pythia::next(): 6820 events have been generated 

 Pythia::next(): 6830 events have been generated 

 Pythia::next(): 6840 events have been generated 

 Pythia::next(): 6850 events have been generated 

 Pythia::next(): 6860 events have been generated 

 Pythia::next(): 6870 events have been generated 

 Pythia::next(): 6880 events have been generated 

 Pythia::next(): 6890 events have been generated 

 Pythia::next(): 6900 events have been generated 

 Pythia::next(): 6910 events have been generated 

 Pythia::next(): 6920 events have been generated 

 Pythia::next(): 6930 events have been generated 

 Pythia::next(): 6940 events have been generated 

 Pythia::next(): 6950 events have been generated 

 Pythia::next(): 6960 events have been generated 

 Pythia::next(): 6970 events have been generated 

 Pythia::next(): 6980 events have been generated 

 Pythia::next(): 6990 events have been generated 

 Pythia::next(): 7000 events have been generated 

 Pythia::next(): 7010 events have been generated 

 Pythia::next(): 7020 events have been generated 

 Pythia::next(): 7030 events have been generated 

 Pythia::next(): 7040 events have been generated 

 Pythia::next(): 7050 events have been generated 

 Pythia::next(): 7060 events have been generated 

 Pythia::next(): 7070 events have been generated 

 Pythia::next(): 7080 events have been generated 

 Pythia::next(): 7090 events have been generated 

 Pythia::next(): 7100 events have been generated 

 Pythia::next(): 7110 events have been generated 

 Pythia::next(): 7120 events have been generated 

 Pythia::next(): 7130 events have been generated 

 Pythia::next(): 7140 events have been generated 

 Pythia::next(): 7150 events have been generated 

 Pythia::next(): 7160 events have been generated 

 Pythia::next(): 7170 events have been generated 

 Pythia::next(): 7180 events have been generated 

 Pythia::next(): 7190 events have been generated 

 Pythia::next(): 7200 events have been generated 

 Pythia::next(): 7210 events have been generated 

 Pythia::next(): 7220 events have been generated 

 Pythia::next(): 7230 events have been generated 

 Pythia::next(): 7240 events have been generated 

 Pythia::next(): 7250 events have been generated 

 Pythia::next(): 7260 events have been generated 

 Pythia::next(): 7270 events have been generated 

 Pythia::next(): 7280 events have been generated 

 Pythia::next(): 7290 events have been generated 

 Pythia::next(): 7300 events have been generated 

 Pythia::next(): 7310 events have been generated 

 Pythia::next(): 7320 events have been generated 

 Pythia::next(): 7330 events have been generated 

 Pythia::next(): 7340 events have been generated 

 Pythia::next(): 7350 events have been generated 

 Pythia::next(): 7360 events have been generated 

 Pythia::next(): 7370 events have been generated 

 Pythia::next(): 7380 events have been generated 

 Pythia::next(): 7390 events have been generated 

 Pythia::next(): 7400 events have been generated 

 Pythia::next(): 7410 events have been generated 

 Pythia::next(): 7420 events have been generated 

 Pythia::next(): 7430 events have been generated 

 Pythia::next(): 7440 events have been generated 

 Pythia::next(): 7450 events have been generated 

 Pythia::next(): 7460 events have been generated 

 Pythia::next(): 7470 events have been generated 

 Pythia::next(): 7480 events have been generated 

 Pythia::next(): 7490 events have been generated 

 Pythia::next(): 7500 events have been generated 

 Pythia::next(): 7510 events have been generated 

 Pythia::next(): 7520 events have been generated 

 Pythia::next(): 7530 events have been generated 

 Pythia::next(): 7540 events have been generated 

 Pythia::next(): 7550 events have been generated 

 Pythia::next(): 7560 events have been generated 

 Pythia::next(): 7570 events have been generated 

 Pythia::next(): 7580 events have been generated 

 Pythia::next(): 7590 events have been generated 

 Pythia::next(): 7600 events have been generated 

 Pythia::next(): 7610 events have been generated 

 Pythia::next(): 7620 events have been generated 

 Pythia::next(): 7630 events have been generated 

 Pythia::next(): 7640 events have been generated 

 Pythia::next(): 7650 events have been generated 

 Pythia::next(): 7660 events have been generated 

 Pythia::next(): 7670 events have been generated 

 Pythia::next(): 7680 events have been generated 

 Pythia::next(): 7690 events have been generated 

 Pythia::next(): 7700 events have been generated 

 Pythia::next(): 7710 events have been generated 

 Pythia::next(): 7720 events have been generated 

 Pythia::next(): 7730 events have been generated 

 Pythia::next(): 7740 events have been generated 

 Pythia::next(): 7750 events have been generated 

 Pythia::next(): 7760 events have been generated 

 Pythia::next(): 7770 events have been generated 

 Pythia::next(): 7780 events have been generated 

 Pythia::next(): 7790 events have been generated 

 Pythia::next(): 7800 events have been generated 

 Pythia::next(): 7810 events have been generated 

 Pythia::next(): 7820 events have been generated 

 Pythia::next(): 7830 events have been generated 

 Pythia::next(): 7840 events have been generated 

 Pythia::next(): 7850 events have been generated 

 Pythia::next(): 7860 events have been generated 

 Pythia::next(): 7870 events have been generated 

 Pythia::next(): 7880 events have been generated 

 Pythia::next(): 7890 events have been generated 

 Pythia::next(): 7900 events have been generated 

 Pythia::next(): 7910 events have been generated 

 Pythia::next(): 7920 events have been generated 

 Pythia::next(): 7930 events have been generated 

 Pythia::next(): 7940 events have been generated 

 Pythia::next(): 7950 events have been generated 

 Pythia::next(): 7960 events have been generated 

 Pythia::next(): 7970 events have been generated 

 Pythia::next(): 7980 events have been generated 

 Pythia::next(): 7990 events have been generated 

 Pythia::next(): 8000 events have been generated 

 Pythia::next(): 8010 events have been generated 

 Pythia::next(): 8020 events have been generated 

 Pythia::next(): 8030 events have been generated 

 Pythia::next(): 8040 events have been generated 

 Pythia::next(): 8050 events have been generated 

 Pythia::next(): 8060 events have been generated 

 Pythia::next(): 8070 events have been generated 

 Pythia::next(): 8080 events have been generated 

 Pythia::next(): 8090 events have been generated 

 Pythia::next(): 8100 events have been generated 

 Pythia::next(): 8110 events have been generated 

 Pythia::next(): 8120 events have been generated 

 Pythia::next(): 8130 events have been generated 

 Pythia::next(): 8140 events have been generated 

 Pythia::next(): 8150 events have been generated 

 Pythia::next(): 8160 events have been generated 

 Pythia::next(): 8170 events have been generated 

 Pythia::next(): 8180 events have been generated 

 Pythia::next(): 8190 events have been generated 

 Pythia::next(): 8200 events have been generated 

 Pythia::next(): 8210 events have been generated 

 Pythia::next(): 8220 events have been generated 

 Pythia::next(): 8230 events have been generated 

 Pythia::next(): 8240 events have been generated 

 Pythia::next(): 8250 events have been generated 

 Pythia::next(): 8260 events have been generated 

 Pythia::next(): 8270 events have been generated 

 Pythia::next(): 8280 events have been generated 

 Pythia::next(): 8290 events have been generated 

 Pythia::next(): 8300 events have been generated 

 Pythia::next(): 8310 events have been generated 

 Pythia::next(): 8320 events have been generated 

 Pythia::next(): 8330 events have been generated 

 Pythia::next(): 8340 events have been generated 

 Pythia::next(): 8350 events have been generated 

 Pythia::next(): 8360 events have been generated 

 Pythia::next(): 8370 events have been generated 

 Pythia::next(): 8380 events have been generated 

 Pythia::next(): 8390 events have been generated 

 Pythia::next(): 8400 events have been generated 

 Pythia::next(): 8410 events have been generated 

 Pythia::next(): 8420 events have been generated 

 Pythia::next(): 8430 events have been generated 

 Pythia::next(): 8440 events have been generated 

 Pythia::next(): 8450 events have been generated 

 Pythia::next(): 8460 events have been generated 

 Pythia::next(): 8470 events have been generated 

 Pythia::next(): 8480 events have been generated 

 Pythia::next(): 8490 events have been generated 

 Pythia::next(): 8500 events have been generated 

 Pythia::next(): 8510 events have been generated 

 Pythia::next(): 8520 events have been generated 

 Pythia::next(): 8530 events have been generated 

 Pythia::next(): 8540 events have been generated 

 Pythia::next(): 8550 events have been generated 

 Pythia::next(): 8560 events have been generated 

 Pythia::next(): 8570 events have been generated 

 Pythia::next(): 8580 events have been generated 

 Pythia::next(): 8590 events have been generated 

 Pythia::next(): 8600 events have been generated 

 Pythia::next(): 8610 events have been generated 

 Pythia::next(): 8620 events have been generated 

 Pythia::next(): 8630 events have been generated 

 Pythia::next(): 8640 events have been generated 

 Pythia::next(): 8650 events have been generated 

 Pythia::next(): 8660 events have been generated 

 Pythia::next(): 8670 events have been generated 

 Pythia::next(): 8680 events have been generated 

 Pythia::next(): 8690 events have been generated 

 Pythia::next(): 8700 events have been generated 

 Pythia::next(): 8710 events have been generated 

 Pythia::next(): 8720 events have been generated 

 Pythia::next(): 8730 events have been generated 

 Pythia::next(): 8740 events have been generated 

 Pythia::next(): 8750 events have been generated 

 Pythia::next(): 8760 events have been generated 

 Pythia::next(): 8770 events have been generated 

 Pythia::next(): 8780 events have been generated 

 Pythia::next(): 8790 events have been generated 

 Pythia::next(): 8800 events have been generated 

 Pythia::next(): 8810 events have been generated 

 Pythia::next(): 8820 events have been generated 

 Pythia::next(): 8830 events have been generated 

 Pythia::next(): 8840 events have been generated 

 Pythia::next(): 8850 events have been generated 

 Pythia::next(): 8860 events have been generated 

 Pythia::next(): 8870 events have been generated 

 Pythia::next(): 8880 events have been generated 

 Pythia::next(): 8890 events have been generated 

 Pythia::next(): 8900 events have been generated 

 Pythia::next(): 8910 events have been generated 

 Pythia::next(): 8920 events have been generated 

 Pythia::next(): 8930 events have been generated 

 Pythia::next(): 8940 events have been generated 

 Pythia::next(): 8950 events have been generated 

 Pythia::next(): 8960 events have been generated 

 Pythia::next(): 8970 events have been generated 

 Pythia::next(): 8980 events have been generated 

 Pythia::next(): 8990 events have been generated 

 Pythia::next(): 9000 events have been generated 

 Pythia::next(): 9010 events have been generated 

 Pythia::next(): 9020 events have been generated 

 Pythia::next(): 9030 events have been generated 

 Pythia::next(): 9040 events have been generated 

 Pythia::next(): 9050 events have been generated 

 Pythia::next(): 9060 events have been generated 

 Pythia::next(): 9070 events have been generated 

 Pythia::next(): 9080 events have been generated 

 Pythia::next(): 9090 events have been generated 

 Pythia::next(): 9100 events have been generated 

 Pythia::next(): 9110 events have been generated 

 Pythia::next(): 9120 events have been generated 

 Pythia::next(): 9130 events have been generated 

 Pythia::next(): 9140 events have been generated 

 Pythia::next(): 9150 events have been generated 

 Pythia::next(): 9160 events have been generated 

 Pythia::next(): 9170 events have been generated 

 Pythia::next(): 9180 events have been generated 

 Pythia::next(): 9190 events have been generated 

 Pythia::next(): 9200 events have been generated 

 Pythia::next(): 9210 events have been generated 

 Pythia::next(): 9220 events have been generated 

 Pythia::next(): 9230 events have been generated 

 Pythia::next(): 9240 events have been generated 

 Pythia::next(): 9250 events have been generated 

 Pythia::next(): 9260 events have been generated 

 Pythia::next(): 9270 events have been generated 

 Pythia::next(): 9280 events have been generated 

 Pythia::next(): 9290 events have been generated 

 Pythia::next(): 9300 events have been generated 

 Pythia::next(): 9310 events have been generated 

 Pythia::next(): 9320 events have been generated 

 Pythia::next(): 9330 events have been generated 

 Pythia::next(): 9340 events have been generated 

 Pythia::next(): 9350 events have been generated 

 Pythia::next(): 9360 events have been generated 

 Pythia::next(): 9370 events have been generated 

 Pythia::next(): 9380 events have been generated 

 Pythia::next(): 9390 events have been generated 

 Pythia::next(): 9400 events have been generated 

 Pythia::next(): 9410 events have been generated 

 Pythia::next(): 9420 events have been generated 

 Pythia::next(): 9430 events have been generated 

 Pythia::next(): 9440 events have been generated 

 Pythia::next(): 9450 events have been generated 

 Pythia::next(): 9460 events have been generated 

 Pythia::next(): 9470 events have been generated 

 Pythia::next(): 9480 events have been generated 

 Pythia::next(): 9490 events have been generated 

 Pythia::next(): 9500 events have been generated 

 Pythia::next(): 9510 events have been generated 

 Pythia::next(): 9520 events have been generated 

 Pythia::next(): 9530 events have been generated 

 Pythia::next(): 9540 events have been generated 

 Pythia::next(): 9550 events have been generated 

 Pythia::next(): 9560 events have been generated 

 Pythia::next(): 9570 events have been generated 

 Pythia::next(): 9580 events have been generated 

 Pythia::next(): 9590 events have been generated 

 Pythia::next(): 9600 events have been generated 

 Pythia::next(): 9610 events have been generated 

 Pythia::next(): 9620 events have been generated 

 Pythia::next(): 9630 events have been generated 

 Pythia::next(): 9640 events have been generated 

 Pythia::next(): 9650 events have been generated 

 Pythia::next(): 9660 events have been generated 

 Pythia::next(): 9670 events have been generated 

 Pythia::next(): 9680 events have been generated 

 Pythia::next(): 9690 events have been generated 

 Pythia::next(): 9700 events have been generated 

 Pythia::next(): 9710 events have been generated 

 Pythia::next(): 9720 events have been generated 

 Pythia::next(): 9730 events have been generated 

 Pythia::next(): 9740 events have been generated 

 Pythia::next(): 9750 events have been generated 

 Pythia::next(): 9760 events have been generated 

 Pythia::next(): 9770 events have been generated 

 Pythia::next(): 9780 events have been generated 

 Pythia::next(): 9790 events have been generated 

 Pythia::next(): 9800 events have been generated 

 Pythia::next(): 9810 events have been generated 

 Pythia::next(): 9820 events have been generated 

 Pythia::next(): 9830 events have been generated 

 Pythia::next(): 9840 events have been generated 

 Pythia::next(): 9850 events have been generated 

 Pythia::next(): 9860 events have been generated 

 Pythia::next(): 9870 events have been generated 

 Pythia::next(): 9880 events have been generated 

 Pythia::next(): 9890 events have been generated 

 Pythia::next(): 9900 events have been generated 

 Pythia::next(): 9910 events have been generated 

 Pythia::next(): 9920 events have been generated 

 Pythia::next(): 9930 events have been generated 

 Pythia::next(): 9940 events have been generated 

 Pythia::next(): 9950 events have been generated 

 Pythia::next(): 9960 events have been generated 

 Pythia::next(): 9970 events have been generated 

 Pythia::next(): 9980 events have been generated 

 Pythia::next(): 9990 events have been generated 

 *-------  PYTHIA Event and Cross Section Statistics  -------------------------------------------------------------*
 |                                                                                                                 |
 | Subprocess                                    Code |            Number of events       |      sigma +- delta    |
 |                                                    |       Tried   Selected   Accepted |     (estimated) (mb)   |
 |                                                    |                                   |                        |
 |-----------------------------------------------------------------------------------------------------------------|
 |                                                    |                                   |                        |
 | Les Houches User Process(es)                  9999 |       10000      10000      10000 |   5.115e-07  5.411e-16 |
 |    ... whereof user classification code          1 |       10000      10000      10000 |                        | 
 |                                                    |                                   |                        |
 | sum                                                |       10000      10000      10000 |   5.115e-07  5.411e-16 |
 |                                                                                                                 |
 *-------  End PYTHIA Event and Cross Section Statistics ----------------------------------------------------------*

 *-------  PYTHIA Error and Warning Messages Statistics  ----------------------------------------------------------* 
 |                                                                                                                 | 
 |  times   message                                                                                                | 
 |                                                                                                                 | 
 |     11   Error in SimpleSpaceShower::pT2nearThreshold: stuck in loop                                            | 
 |      2   Warning in HadronWidths::pickMasses: angular momentum and running widths not used                      | 
 |      1   Warning in SLHAinterface::initSLHA: ignoring DECAY tables                                              | 
 |      1   Warning in SLHAinterface::initSLHA: ignoring MASS entries                                              | 
 |      1   Warning in SLHAinterface::initSLHA: ignoring empty DECAY tables                                        | 
 |      1   Warning in SimpleSpaceShower::pT2nextQCD: weight above unity                                           | 
 |      9   Warning in SimpleTimeShower::pTnext: negative dipole mass                                              | 
 |      1   Info from SLHAinterface::initSLHA: No MODSEL found, keeping internal SUSY switched off                 | 
 |                                                                                                                 | 
 *-------  End PYTHIA Error and Warning Messages Statistics  ------------------------------------------------------* 
Wrote 10000 events to /uscms_data/d3/iturkmen/hh4b_delphes/hepmc/ttbar_100k_shard008_pythia8.hepmc
** INFO: initializing module  Delphes                  
** INFO: initializing module  ParticlePropagator       
** INFO: initializing module  ChargedHadronTrackingEfficiency
** INFO: initializing module  ElectronTrackingEfficiency
** INFO: initializing module  MuonTrackingEfficiency   
** INFO: initializing module  ChargedHadronMomentumSmearing
** INFO: initializing module  ElectronMomentumSmearing 
** INFO: initializing module  MuonMomentumSmearing     
** INFO: initializing module  TrackMerger              
** INFO: initializing module  ECal                     
** INFO: initializing module  HCal                     
** INFO: initializing module  Calorimeter              
** INFO: initializing module  EFlowMerger              
** INFO: initializing module  EFlowFilter              
** INFO: initializing module  PhotonEfficiency         
** INFO: initializing module  PhotonIsolation          
** INFO: initializing module  ElectronFilter           
** INFO: initializing module  ElectronEfficiency       
** INFO: initializing module  ElectronIsolation        
** INFO: initializing module  ChargedHadronFilter      
** INFO: initializing module  MuonEfficiency           
** INFO: initializing module  MuonIsolation            
** INFO: initializing module  MissingET                
** INFO: initializing module  NeutrinoFilter           
** INFO: initializing module  GenJetFinder             
#--------------------------------------------------------------------------
#                         FastJet release 3.5.1
#                 M. Cacciari, G.P. Salam and G. Soyez                  
#     A software package for jet finding and analysis at colliders      
#                           https://fastjet.fr                           
#	                                                                      
# Please cite EPJC72(2012)1896 [arXiv:1111.6097] if you use this package
# for scientific work and optionally PLB641(2006)57 [hep-ph/0512210].   
#                                                                       
# FastJet is provided without warranty under the GNU GPL v2 or higher.  
# It uses T. Chan's closest pair algorithm, S. Fortune's Voronoi code
# and 3rd party plugin jet algorithms. See COPYING file for details.
#--------------------------------------------------------------------------
** INFO: initializing module  GenMissingET             
** INFO: initializing module  FastJetFinder            
** INFO: initializing module  FatJetFinder             
** INFO: initializing module  JetEnergyScale           
** INFO: initializing module  JetFlavorAssociation     
** INFO: initializing module  BTagging                 
** INFO: initializing module  TauTagging               
** INFO: initializing module  UniqueObjectFinder       
** INFO: initializing module  ScalarHT                 
** INFO: initializing module  TreeWriter               
** Reading /uscms_data/d3/iturkmen/hh4b_delphes/hepmc/ttbar_100k_shard008_pythia8.hepmc
** [----------------------------------------------------------------] (0.02%)** [#---------------------------------------------------------------] (2.03%)** [##--------------------------------------------------------------] (3.24%)** [###-------------------------------------------------------------] (5.56%)** [####------------------------------------------------------------] (6.57%)** [#####-----------------------------------------------------------] (8.07%)** [######----------------------------------------------------------] (10.15%)** [#######---------------------------------------------------------] (11.62%)** [########--------------------------------------------------------] (12.53%)** [#########-------------------------------------------------------] (14.40%)** [##########------------------------------------------------------] (16.20%)** [###########-----------------------------------------------------] (17.43%)** [############----------------------------------------------------] (18.91%)** [#############---------------------------------------------------] (20.99%)** [##############--------------------------------------------------] (22.43%)** [###############-------------------------------------------------] (23.64%)** [################------------------------------------------------] (25.85%)** [#################-----------------------------------------------] (26.72%)** [##################----------------------------------------------] (28.62%)** [###################---------------------------------------------] (30.36%)** [####################--------------------------------------------] (31.64%)** [#####################-------------------------------------------] (32.84%)** [######################------------------------------------------] (35.18%)** [#######################-----------------------------------------] (36.70%)** [########################----------------------------------------] (37.53%)** [#########################---------------------------------------] (39.51%)** [##########################--------------------------------------] (41.20%)** [###########################-------------------------------------] (42.48%)** [############################------------------------------------] (43.94%)** [#############################-----------------------------------] (46.01%)** [##############################----------------------------------] (47.25%)** [###############################---------------------------------] (48.72%)** [################################--------------------------------] (50.13%)** [#################################-------------------------------] (51.93%)** [##################################------------------------------] (53.71%)** [###################################-----------------------------] (55.48%)** [####################################----------------------------] (56.71%)** [#####################################---------------------------] (58.14%)** [######################################--------------------------] (59.45%)** [#######################################-------------------------] (61.68%)** [########################################------------------------] (62.55%)** [#########################################-----------------------] (64.27%)** [##########################################----------------------] (65.94%)** [###########################################---------------------] (67.24%)** [############################################--------------------] (69.43%)** [#############################################-------------------] (70.76%)** [##############################################------------------] (72.21%)** [###############################################-----------------] (73.53%)** [################################################----------------] (75.77%)** [#################################################---------------] (76.58%)** [##################################################--------------] (78.59%)** [###################################################-------------] (80.26%)** [####################################################------------] (81.52%)** [#####################################################-----------] (82.98%)** [######################################################----------] (84.68%)** [#######################################################---------] (86.22%)** [########################################################--------] (87.62%)** [#########################################################-------] (89.38%)** [##########################################################------] (91.12%)** [###########################################################-----] (92.32%)** [############################################################----] (94.46%)** [#############################################################---] (96.03%)** [##############################################################--] (97.51%)** [###############################################################-] (98.75%)** [################################################################] (100.00%)
** Exiting...
FILE: /uscms_data/d3/iturkmen/hh4b_delphes/root/ttbar_100k_shard008_pythia8_delphes.root

KEYS:
  ProcessID0;1
  Delphes;1

TREE: Delphes
ENTRIES: 10000

OBJECT CHECK:
  Event: OK
  Particle: OK
  Jet: OK
  GenJet: OK
  MissingET: OK
  GenMissingET: OK
  Electron: OK
  Muon: OK

SIZE BRANCHES:
  Event_size
  Weight_size
  Particle_size
  Track_size
  Tower_size
  EFlowTrack_size
  EFlowPhoton_size
  EFlowNeutralHadron_size
  GenJet_size
  GenMissingET_size
  Jet_size
  Electron_size
  Photon_size
  Muon_size
  FatJet_size
  MissingET_size
  ScalarHT_size
Input: /uscms_data/d3/iturkmen/hh4b_delphes/root/ttbar_100k_shard008_pythia8_delphes.root
Events: 10000

      event  n_higgs_particles  ...  n_genjets_flavor5  n_genjets_btag
0         0                  0  ...                  0               0
1         1                  0  ...                  0               0
2         2                  0  ...                  0               0
3         3                  0  ...                  0               0
4         4                  0  ...                  0               0
...     ...                ...  ...                ...             ...
9995   9995                  0  ...                  0               0
9996   9996                  0  ...                  0               0
9997   9997                  0  ...                  0               0
9998   9998                  0  ...                  0               0
9999   9999                  0  ...                  0               0

[10000 rows x 15 columns]

Column sums:
  n_higgs_particles: 0
  n_b_particles: 100794
  n_status1_b_particles: 0
  n_jets: 54302
  n_jets_pt30_eta25: 41720
  n_jets_flavor5: 17469
  n_jets_flavoralgo5: 0
  n_jets_flavorphys5: 0
  n_btagged_jets: 13024
  n_btagged_jets_pt30_eta25: 12060
  n_genjets: 59596
  n_genjets_pt30_eta25: 43365
  n_genjets_flavor5: 0
  n_genjets_btag: 0

Events with >=4 reconstructed jets: 6609
Events with >=4 reconstructed b-tagged jets: 33
Events with >=4 jet FlavorPhys b jets: 0
Events with >=4 generator-level b particles: 9991

Wrote: /uscms_data/d3/iturkmen/hh4b_delphes/metadata/ttbar_100k_shard008_diagnostic.csv
Wrote: /uscms_data/d3/iturkmen/hh4b_delphes/parquet/ttbar_100k_shard008_event_summary.parquet
                   sample  event  ...  ht_pt30_eta25         met
0     ttbar_100k_shard008      0  ...     370.892853  135.014557
1     ttbar_100k_shard008      1  ...     345.808624   12.045995
2     ttbar_100k_shard008      2  ...     258.693481   45.402660
3     ttbar_100k_shard008      3  ...     534.654663    8.250160
4     ttbar_100k_shard008      4  ...     310.416443  156.012558
...                   ...    ...  ...            ...         ...
9995  ttbar_100k_shard008   9995  ...     138.215271   54.114990
9996  ttbar_100k_shard008   9996  ...     208.881104   33.539989
9997  ttbar_100k_shard008   9997  ...     367.923248   17.824596
9998  ttbar_100k_shard008   9998  ...     243.705414   44.819649
9999  ttbar_100k_shard008   9999  ...     279.128967   42.469151

[10000 rows x 13 columns]

Selection counts:
  events: 10000
  events with >=4 selected jets: 6609
  events with >=4 selected b-tagged jets: 33
DONE: ttbar_100k_shard008
ROOT: /uscms_data/d3/iturkmen/hh4b_delphes/root/ttbar_100k_shard008_pythia8_delphes.root
HEPMC: /uscms_data/d3/iturkmen/hh4b_delphes/hepmc/ttbar_100k_shard008_pythia8.hepmc
PARQUET: /uscms_data/d3/iturkmen/hh4b_delphes/parquet/ttbar_100k_shard008_event_summary.parquet
DIAGNOSTIC: /uscms_data/d3/iturkmen/hh4b_delphes/metadata/ttbar_100k_shard008_diagnostic.csv
Input events: 10000
Events with >=4 selected b-tagged jets: 33
Wrote: /uscms_data/d3/iturkmen/hh4b_delphes/parquet/ttbar_100k_shard008_hh4b_candidates.parquet

             mbb1        mbb2  ...          mhh  n_selected_bjets
count   33.000000   33.000000  ...    33.000000         33.000000
mean   144.330216  129.312595  ...   457.197977          4.151515
std     60.293126   63.554620  ...   225.089956          0.364110
min     65.615583   54.019267  ...   236.226208          4.000000
25%    103.097722   89.958748  ...   305.825469          4.000000
50%    134.717586  116.248252  ...   414.618320          4.000000
75%    166.261415  135.994829  ...   495.519631          4.000000
max    375.618685  357.932235  ...  1197.432015          5.000000

[8 rows x 6 columns]
sample: ttbar_100k_shard008
events: 10000
candidate rows: 33
cross-section median pb: 511.4535217285156
events with >=4 selected jets: 6609
events with >=4 selected b-tagged jets: 33
median mbb1: 134.71758564822417
median mbb2: 116.2482519082343
median avg_mbb: 124.68744203706517
median delta_mbb: 55.92254443785566
median mhh: 414.6183195408791
median n_selected_bjets: 4.0
Wrote: /uscms_data/d3/iturkmen/hh4b_delphes/metadata/ttbar_100k_shard008_summary.txt
DONE ttbar_100k_shard008
Finished shard 008

============================================================
Starting shard 009 / campaign ttbar_100k
TAG=ttbar_100k_shard009
RUN_NAME=run_ttbar_100k_009
SEED=105009
============================================================
PROCESS_DIR=/uscms_data/d3/iturkmen/hh4b_delphes/mg5/TTbar_smoke
RUN_NAME=run_ttbar_100k_009
N_EVENTS=10000
SEED=105009
OUTPUT_TAG=ttbar_100k_shard009
APPLY_B_CUTS=yes
Updated run card:
 10000 = nevents ! Number of unweighted events
 105009 = iseed ! Random seed
 25.0 = ptb ! minimum pt for b quarks
 2.7 = etab ! maximum eta for b quarks
 0.4 = drbb ! minimum deltaR between b quarks
 0.4 = drbj ! minimum deltaR between b and light jets
 20.0 = ptj ! minimum pt for jets
 5.0 = etaj ! maximum eta for jets
************************************************************
*                                                          *
*                      W E L C O M E to                    *
*             M A D G R A P H 5 _ a M C @ N L O            *
*                      M A D E V E N T                     *
*                                                          *
*                 *                       *                *
*                   *        * *        *                  *
*                     * * * * 5 * * * *                    *
*                   *        * *        *                  *
*                 *                       *                *
*                                                          *
*         VERSION 3.5.3                                    *
*                                                          *
*    The MadGraph5_aMC@NLO Development Team - Find us at   *
*    https://server06.fynu.ucl.ac.be/projects/madgraph     *
*                                                          *
*               Type 'help' for in-line help.              *
*                                                          *
************************************************************
INFO: load configuration from /uscms_data/d3/iturkmen/hh4b_delphes/mg5/TTbar_smoke/Cards/me5_configuration.txt  
INFO: load configuration from /cvmfs/sft.cern.ch/lcg/releases/MCGenerators/madgraph5amc/3.5.3.atlas7-2c347/x86_64-el9-gcc13-opt/input/mg5_configuration.txt  
INFO: load configuration from /uscms_data/d3/iturkmen/hh4b_delphes/mg5/TTbar_smoke/Cards/me5_configuration.txt  
Using default text editor "vi". Set another one in ./input/mg5_configuration.txt
Using default eps viewer "evince". Set another one in ./input/mg5_configuration.txt
Using default web browser "firefox". Set another one in ./input/mg5_configuration.txt
generate_events run_ttbar_100k_009 -f
Generating 10000 events with run name run_ttbar_100k_009
survey  run_ttbar_100k_009 
INFO: compile directory 
compile Source Directory
Using random number seed offset = 105009
INFO: Running Survey 
Creating Jobs
Working on SubProcesses
INFO: Compiling for process 1/3. 
INFO:     P1_gg_ttx  
  0%|          | 0/707 [00:00<?, ?it/s]100%|██████████| 707/707 [00:00<00:00, 139507.57it/s]
INFO: Compiling for process 2/3. 
INFO:     P1_qq_ttx  
  0%|          | 0/703 [00:00<?, ?it/s]100%|██████████| 703/703 [00:00<00:00, 226727.85it/s]
INFO: Compiling for process 3/3. 
INFO:     P1_bbx_ttx  
  0%|          | 0/699 [00:00<?, ?it/s]100%|██████████| 699/699 [00:00<00:00, 215908.28it/s]
INFO:     P1_gg_ttx  
INFO:     P1_qq_ttx  
INFO:     P1_bbx_ttx  
INFO:  Idle: 1,  Running: 0,  Completed: 2 [ current time: 13h13 ] 
INFO:  Idle: 0,  Running: 1,  Completed: 2 [ current time: 13h13 ] 
INFO:  Idle: 0,  Running: 0,  Completed: 3 [  0.19s  ] 
INFO: End survey 
refine 10000
Creating Jobs
INFO: Refine results to 10000 
INFO: Generating 10000.0 unweighted events. 
sum of cpu time of last step: 1 seconds
INFO: Effective Luminosity 23.654454312140984 pb^-1 
INFO: need to improve 2 channels 
- Current estimate of cross-section: 507.30403 +- 2.841275317086891
    P1_gg_ttx 
    P1_qq_ttx 
    P1_bbx_ttx 
INFO:  Idle: 0,  Running: 2,  Completed: 11 [ current time: 13h13 ] 
INFO:  Idle: 0,  Running: 0,  Completed: 13 [  0.3s  ] 
INFO: Combining runs 
sum of cpu time of last step: 8 seconds
INFO: finish refine 
refine 10000 --treshold=0.9
No need for second refine due to stability of cross-section
INFO: Combining Events 
combination of events done in 2.0820600986480713 s 
  === Results Summary for run: run_ttbar_100k_009 tag: tag_1 ===

     Cross-section :   511.9 +- 0.669 pb
     Nb of events :  10000
 
INFO: Running Systematics computation 
INFO:  Idle: 1,  Running: 3,  Completed: 0 [ current time: 13h13 ] 
INFO:  Idle: 0,  Running: 3,  Completed: 1 [  7.8s  ] 
INFO: # Events generated with PDF: NNPDF23_lo_as_0130_qed (247000) 
INFO: # Will Compute 145 weights per event. 
INFO: #***************************************************************************
#
# original cross-section: 511.72552769189844
#     scale variation: +30.2% -21.7%
#     central scheme variation: + 0% -25.9%
# PDF variation: +4.19% -4.19%
#
# dynamical scheme # 1 : 486.841 +29.9% -21.6% # \sum ET
# dynamical scheme # 2 : 400.753 +27.7% -20.5% # \sum\sqrt{m^2+pt^2}
# dynamical scheme # 3 : 511.726 +30.2% -21.7% # 0.5 \sum\sqrt{m^2+pt^2}
# dynamical scheme # 4 : 379.366 +27.1% -20.1% # \sqrt{\hat s}
#***************************************************************************
 
INFO: End of systematics computation 
store_events
INFO: Storing parton level results 
INFO: End Parton 
reweight -from_cards
decay_events -from_cards
INFO: storing files of previous run 
INFO: Done 
quit
INFO:  
LHE=/uscms_data/d3/iturkmen/hh4b_delphes/mg5/TTbar_smoke/Events/run_ttbar_100k_009/unweighted_events.lhe.gz
N_FOUND=10000
Sample: ttbar_100k_shard009
Input LHE.GZ: /uscms_data/d3/iturkmen/hh4b_delphes/mg5/TTbar_smoke/Events/run_ttbar_100k_009/unweighted_events.lhe.gz
Events requested: 10000
Output tag: ttbar_100k_shard009
LHE: /uscms_data/d3/iturkmen/hh4b_delphes/mg5/TTbar_smoke/Events/run_ttbar_100k_009/unweighted_events.lhe
HEPMC: /uscms_data/d3/iturkmen/hh4b_delphes/hepmc/ttbar_100k_shard009_pythia8.hepmc
ROOT: /uscms_data/d3/iturkmen/hh4b_delphes/root/ttbar_100k_shard009_pythia8_delphes.root
LHE event count: 10000

 *------------------------------------------------------------------------------------* 
 |                                                                                    | 
 |  *------------------------------------------------------------------------------*  | 
 |  |                                                                              |  | 
 |  |                                                                              |  | 
 |  |   PPP   Y   Y  TTTTT  H   H  III    A      Welcome to the Lund Monte Carlo!  |  | 
 |  |   P  P   Y Y     T    H   H   I    A A     This is PYTHIA version 8.312      |  | 
 |  |   PPP     Y      T    HHHHH   I   AAAAA    Last date of change: 23 May 2024  |  | 
 |  |   P       Y      T    H   H   I   A   A                                      |  | 
 |  |   P       Y      T    H   H  III  A   A    Now is 08 Jul 2026 at 13:14:40    |  | 
 |  |                                                                              |  | 
 |  |   Program documentation and an archive of historic versions is found on:     |  | 
 |  |                                                                              |  | 
 |  |                               https://pythia.org/                            |  | 
 |  |                                                                              |  | 
 |  |   PYTHIA is authored by a collaboration consisting of:                       |  | 
 |  |                                                                              |  | 
 |  |   Javira Altmann, Christian Bierlich, Naomi Cooke, Nishita Desai,            |  | 
 |  |   Leif Gellersen, Ilkka Helenius, Philip Ilten, Leif Lonnblad,               |  | 
 |  |   Stephen Mrenna, Christian Preuss, Torbjorn Sjostrand, Peter Skands,        |  | 
 |  |   Marius Utheim, and Rob Verheyen.                                           |  | 
 |  |                                                                              |  | 
 |  |   The complete list of authors, including contact information and            |  | 
 |  |   affiliations, can be found on https://pythia.org/.                         |  | 
 |  |   Problems or bugs should be reported on email at authors@pythia.org.        |  | 
 |  |                                                                              |  | 
 |  |   The main program reference is C. Bierlich et al,                           |  | 
 |  |   'A comprehensive guide to the physics and usage of Pythia 8.3',            |  | 
 |  |   SciPost Phys. Codebases 8-r8.3 (2022) [arXiv:2203.11601 [hep-ph]]          |  | 
 |  |                                                                              |  | 
 |  |   PYTHIA is released under the GNU General Public Licence version 2 or later.|  | 
 |  |   Please respect the MCnet Guidelines for Event Generator Authors and Users. |  | 
 |  |                                                                              |  | 
 |  |   Disclaimer: this program comes without any guarantees.                     |  | 
 |  |   Beware of errors and use common sense when interpreting results.           |  | 
 |  |                                                                              |  | 
 |  |   Copyright (C) 2024 Torbjorn Sjostrand                                      |  | 
 |  |                                                                              |  | 
 |  |                                                                              |  | 
 |  *------------------------------------------------------------------------------*  | 
 |                                                                                    | 
 *------------------------------------------------------------------------------------* 

 *-----------------------  SusyLesHouches SUSY/BSM Interface  ------------------------*
 | Last Change 12 Apr 2017 - P. Skands
 | Parsing: /uscms_data/d3/iturkmen/hh4b_delphes/mg5/TTbar_smoke/Events/run_ttbar_100k_009/unweighted_events.lhe
 | (SLHA::readFile) line 330 - storing non-SLHA(2) block: yukawa
 *------------------------------------------------------------------------------------*
 PYTHIA Info from SLHAinterface::initSLHA: No MODSEL found, keeping internal SUSY switched off
 PYTHIA Warning in SLHAinterface::initSLHA: ignoring MASS entries for id = {1,2,3,4,5,11,12,13,14,15,16,21,22,23,24} (m0 < SLHA:minMassSM)
 PYTHIA Warning in SLHAinterface::initSLHA: ignoring DECAY tables for id = {23,24,1,2,3,4,5,11,12,13,14,15,16,21,22} (m0 < SLHA:minMassSM)
 PYTHIA Warning in SLHAinterface::initSLHA: ignoring empty DECAY tables for id = {6,25} (total width provided but no Branching Ratios)

 *-------  PYTHIA Process Initialization  --------------------------*
 |                                                                  |
 | We collide p+ with p+ at a CM energy of 1.300e+04 GeV            |
 |                                                                  |
 |------------------------------------------------------------------|
 |                                                    |             |
 | Subprocess                                    Code |   Estimated |
 |                                                    |    max (mb) |
 |                                                    |             |
 |------------------------------------------------------------------|
 |                                                    |             |
 | Les Houches User Process(es)                  9999 |   1.000e-09 |
 |                                                                  |
 *-------  End PYTHIA Process Initialization -----------------------*

 *-------  PYTHIA Multiparton Interactions Initialization  ---------* 
 |                                                                  | 
 |                   sigmaNonDiffractive =    56.42 mb              | 
 |                                                                  | 
 |    pT0 =  2.60 gives sigmaInteraction =   317.96 mb: accepted    | 
 |                                                                  | 
 *-------  End PYTHIA Multiparton Interactions Initialization  -----* 

 *-------  PYTHIA Flag + Mode + Parm + Word + FVec + MVec + PVec + WVec Settings (changes only)  ------------------* 
 |                                                                                                                 | 
 | Name                                          |                      Now |      Default         Min         Max | 
 |                                               |                          |                                      | 
 | Beams:frameType                               |                        4 |            1           1           5 | 
 | Beams:LHEF                                    | /uscms_data/d3/iturkmen/hh4b_delphes/mg5/TTbar_smoke/Events/run_ttbar_100k_009/unweighted_events.lhe |         void | 
 | Check:event                                   |                      off |           on                         | 
 | Next:numberCount                              |                       10 |         1000           0             | 
 | Next:numberShowEvent                          |                        0 |            1           0             | 
 | Next:numberShowInfo                           |                        0 |            1           0             | 
 | Next:numberShowProcess                        |                        0 |            1           0             | 
 |                                                                                                                 | 
 *-------  End PYTHIA Flag + Mode + Parm + Word + FVec + MVec + PVec + WVec Settings  -----------------------------* 

 --------  PYTHIA Particle Data Table (changed only)  ------------------------------------------------------------------------------
 
      id   name            antiName         spn chg col      m0        mWidth      mMin       mMax       tau0    res dec ext vis wid
             no onMode   bRatio   meMode     products 

       6  t                tbar               2   2   1  173.00000    1.35678  166.40000  179.60000  1.45438e-13   1   1   0   1   0
              0     1   0.0000664    0       24        1 
              1     1   0.0017361    0       24        3 
              2     1   0.9981975    0       24        5 
              3     0   0.0000000    0       37        5 

      25  h0                                  1   0   0  125.00000    0.00408  124.96809  125.03191  4.83238e-11   1   1   0   0   0
              0     1   0.0000009    0        1       -1 
              1     1   0.0000002    0        2       -2 
              2     1   0.0002163    0        3       -3 
              3     1   0.0288493    0        4       -4 
              4     1   0.5768873    0        5       -5 
              5     1   0.0000000    0        6       -6 
              6     1   0.0000000    0       11      -11 
              7     1   0.0002185    0       13      -13 
              8     1   0.0628569    0       15      -15 
              9     1   0.0850383    0       21       21 
             10     1   0.0022965    0       22       22 
             11     1   0.0016155    0       22       23 
             12     1   0.0261758    0       23       23 
             13     1   0.2158445    0       24      -24 
             14     1   0.0000000  103  1000022  1000022 
             15     1   0.0000000  103  1000023  1000022 
             16     1   0.0000000  103  1000023  1000023 
             17     1   0.0000000  103  1000025  1000022 
             18     1   0.0000000  103  1000025  1000023 
             19     1   0.0000000  103  1000025  1000025 
             20     1   0.0000000  103  1000035  1000022 
             21     1   0.0000000  103  1000035  1000023 
             22     1   0.0000000  103  1000035  1000025 
             23     1   0.0000000  103  1000035  1000035 
             24     1   0.0000000  103  1000024 -1000024 
             25     1   0.0000000  103  1000024 -1000037 
             26     1   0.0000000  103  1000037 -1000024 
             27     1   0.0000000  103  1000037 -1000037 
             28     1   0.0000000  103  1000001 -1000001 
             29     1   0.0000000  103  2000001 -2000001 
             30     1   0.0000000  103  1000001 -2000001 
             31     1   0.0000000  103 -1000001  2000001 
             32     1   0.0000000  103  1000002 -1000002 
             33     1   0.0000000  103  2000002 -2000002 
             34     1   0.0000000  103  1000002 -2000002 
             35     1   0.0000000  103 -1000002  2000002 
             36     1   0.0000000  103  1000003 -1000003 
             37     1   0.0000000  103  2000003 -2000003 
             38     1   0.0000000  103  1000003 -2000003 
             39     1   0.0000000  103 -1000003  2000003 
             40     1   0.0000000  103  1000004 -1000004 
             41     1   0.0000000  103  2000004 -2000004 
             42     1   0.0000000  103  1000004 -2000004 
             43     1   0.0000000  103 -1000004  2000004 
             44     1   0.0000000  103  1000005 -1000005 
             45     1   0.0000000  103  2000005 -2000005 
             46     1   0.0000000  103  1000005 -2000005 
             47     1   0.0000000  103 -1000005  2000005 
             48     1   0.0000000  103  1000006 -1000006 
             49     1   0.0000000  103  2000006 -2000006 
             50     1   0.0000000  103  1000006 -2000006 
             51     1   0.0000000  103 -1000006  2000006 
             52     1   0.0000000  103  1000011 -1000011 
             53     1   0.0000000  103  2000011 -2000011 
             54     1   0.0000000  103  1000011 -2000011 
             55     1   0.0000000  103 -1000011  2000011 
             56     1   0.0000000  103  1000012 -1000012 
             57     1   0.0000000  103  2000012 -2000012 
             58     1   0.0000000  103  1000012 -2000012 
             59     1   0.0000000  103 -1000012  2000012 
             60     1   0.0000000  103  1000013 -1000013 
             61     1   0.0000000  103  2000013 -2000013 
             62     1   0.0000000  103  1000013 -2000013 
             63     1   0.0000000  103 -1000013  2000013 
             64     1   0.0000000  103  1000014 -1000014 
             65     1   0.0000000  103  2000014 -2000014 
             66     1   0.0000000  103  1000014 -2000014 
             67     1   0.0000000  103 -1000014  2000014 
             68     1   0.0000000  103  1000015 -1000015 
             69     1   0.0000000  103  2000015 -2000015 
             70     1   0.0000000  103  1000015 -2000015 
             71     1   0.0000000  103 -1000015  2000015 
             72     1   0.0000000  103  1000016 -1000016 
             73     1   0.0000000  103  2000016 -2000016 
             74     1   0.0000000  103  1000016 -2000016 
             75     1   0.0000000  103 -1000016  2000016 

 --------  End PYTHIA Particle Data Table  -----------------------------------------------------------------------------------------


 --------  LHA initialization information  ------------ 

  beam    kind      energy  pdfgrp  pdfset 
     A    2212    6500.000       0  247000
     B    2212    6500.000       0  247000

  Event weighting strategy = -4

  Processes, with strategy-dependent cross section info 
  number      xsec (pb)      xerr (pb)      xmax (pb) 
       1     5.1188e+02     6.6900e-01     5.1188e+02

 --------  End LHA initialization information  -------- 

 --------  LHA event information and listing  ---------------------------------------------------------------------- 

    process =        1    weight =   5.1188e+02     scale =   1.8594e+02 (GeV) 
                        alpha_em =   7.5558e-03    alpha_strong =   1.1622e-01

    Participating Particles 
    no        id stat     mothers     colours      p_x        p_y        p_z         e          m        tau    spin 
     1        21   -1     0     0   501   502      0.000      0.000    202.612    202.612      0.000   0.000   1.000
     2        21   -1     0     0   502   503     -0.000     -0.000   -202.004    202.004      0.000   0.000   1.000
     3         6    1     1     2   501     0    -10.785    -68.567     80.019    202.428    172.500   0.000   1.000
     4        -6    1     1     2     0   503     10.785     68.567    -79.410    202.188    172.500   0.000   1.000

 --------  End LHA event information and listing  ------------------------------------------------------------------ 

 Pythia::next(): 10 events have been generated 

 Pythia::next(): 20 events have been generated 

 Pythia::next(): 30 events have been generated 

 Pythia::next(): 40 events have been generated 

 Pythia::next(): 50 events have been generated 

 Pythia::next(): 60 events have been generated 

 Pythia::next(): 70 events have been generated 

 Pythia::next(): 80 events have been generated 

 Pythia::next(): 90 events have been generated 

 Pythia::next(): 100 events have been generated 

 Pythia::next(): 110 events have been generated 

 Pythia::next(): 120 events have been generated 

 Pythia::next(): 130 events have been generated 

 Pythia::next(): 140 events have been generated 

 Pythia::next(): 150 events have been generated 

 Pythia::next(): 160 events have been generated 

 Pythia::next(): 170 events have been generated 

 Pythia::next(): 180 events have been generated 

 Pythia::next(): 190 events have been generated 

 Pythia::next(): 200 events have been generated 

 Pythia::next(): 210 events have been generated 

 Pythia::next(): 220 events have been generated 

 Pythia::next(): 230 events have been generated 

 Pythia::next(): 240 events have been generated 

 Pythia::next(): 250 events have been generated 

 Pythia::next(): 260 events have been generated 

 Pythia::next(): 270 events have been generated 

 Pythia::next(): 280 events have been generated 

 Pythia::next(): 290 events have been generated 

 Pythia::next(): 300 events have been generated 

 Pythia::next(): 310 events have been generated 

 Pythia::next(): 320 events have been generated 

 Pythia::next(): 330 events have been generated 

 Pythia::next(): 340 events have been generated 

 Pythia::next(): 350 events have been generated 

 Pythia::next(): 360 events have been generated 

 Pythia::next(): 370 events have been generated 

 Pythia::next(): 380 events have been generated 

 Pythia::next(): 390 events have been generated 

 Pythia::next(): 400 events have been generated 

 Pythia::next(): 410 events have been generated 

 Pythia::next(): 420 events have been generated 

 Pythia::next(): 430 events have been generated 

 Pythia::next(): 440 events have been generated 

 Pythia::next(): 450 events have been generated 

 Pythia::next(): 460 events have been generated 

 Pythia::next(): 470 events have been generated 

 Pythia::next(): 480 events have been generated 

 Pythia::next(): 490 events have been generated 

 Pythia::next(): 500 events have been generated 

 Pythia::next(): 510 events have been generated 

 Pythia::next(): 520 events have been generated 

 Pythia::next(): 530 events have been generated 

 Pythia::next(): 540 events have been generated 

 Pythia::next(): 550 events have been generated 

 Pythia::next(): 560 events have been generated 

 Pythia::next(): 570 events have been generated 

 Pythia::next(): 580 events have been generated 

 Pythia::next(): 590 events have been generated 

 Pythia::next(): 600 events have been generated 

 Pythia::next(): 610 events have been generated 

 Pythia::next(): 620 events have been generated 

 Pythia::next(): 630 events have been generated 

 Pythia::next(): 640 events have been generated 

 Pythia::next(): 650 events have been generated 

 Pythia::next(): 660 events have been generated 

 Pythia::next(): 670 events have been generated 

 Pythia::next(): 680 events have been generated 

 Pythia::next(): 690 events have been generated 

 Pythia::next(): 700 events have been generated 

 Pythia::next(): 710 events have been generated 

 Pythia::next(): 720 events have been generated 

 Pythia::next(): 730 events have been generated 

 Pythia::next(): 740 events have been generated 

 Pythia::next(): 750 events have been generated 

 Pythia::next(): 760 events have been generated 

 Pythia::next(): 770 events have been generated 

 Pythia::next(): 780 events have been generated 

 Pythia::next(): 790 events have been generated 

 Pythia::next(): 800 events have been generated 

 Pythia::next(): 810 events have been generated 

 Pythia::next(): 820 events have been generated 

 Pythia::next(): 830 events have been generated 

 Pythia::next(): 840 events have been generated 

 Pythia::next(): 850 events have been generated 

 Pythia::next(): 860 events have been generated 

 Pythia::next(): 870 events have been generated 

 Pythia::next(): 880 events have been generated 

 Pythia::next(): 890 events have been generated 

 Pythia::next(): 900 events have been generated 

 Pythia::next(): 910 events have been generated 

 Pythia::next(): 920 events have been generated 

 Pythia::next(): 930 events have been generated 

 Pythia::next(): 940 events have been generated 

 Pythia::next(): 950 events have been generated 

 Pythia::next(): 960 events have been generated 

 Pythia::next(): 970 events have been generated 

 Pythia::next(): 980 events have been generated 

 Pythia::next(): 990 events have been generated 

 Pythia::next(): 1000 events have been generated 

 Pythia::next(): 1010 events have been generated 

 Pythia::next(): 1020 events have been generated 

 Pythia::next(): 1030 events have been generated 

 Pythia::next(): 1040 events have been generated 

 Pythia::next(): 1050 events have been generated 

 Pythia::next(): 1060 events have been generated 

 Pythia::next(): 1070 events have been generated 

 Pythia::next(): 1080 events have been generated 

 Pythia::next(): 1090 events have been generated 

 Pythia::next(): 1100 events have been generated 

 Pythia::next(): 1110 events have been generated 

 Pythia::next(): 1120 events have been generated 

 Pythia::next(): 1130 events have been generated 

 Pythia::next(): 1140 events have been generated 

 Pythia::next(): 1150 events have been generated 

 Pythia::next(): 1160 events have been generated 

 Pythia::next(): 1170 events have been generated 

 Pythia::next(): 1180 events have been generated 

 Pythia::next(): 1190 events have been generated 

 Pythia::next(): 1200 events have been generated 

 Pythia::next(): 1210 events have been generated 

 Pythia::next(): 1220 events have been generated 

 Pythia::next(): 1230 events have been generated 

 Pythia::next(): 1240 events have been generated 

 Pythia::next(): 1250 events have been generated 

 Pythia::next(): 1260 events have been generated 

 Pythia::next(): 1270 events have been generated 

 Pythia::next(): 1280 events have been generated 

 Pythia::next(): 1290 events have been generated 

 Pythia::next(): 1300 events have been generated 

 Pythia::next(): 1310 events have been generated 

 Pythia::next(): 1320 events have been generated 

 Pythia::next(): 1330 events have been generated 

 Pythia::next(): 1340 events have been generated 

 Pythia::next(): 1350 events have been generated 

 Pythia::next(): 1360 events have been generated 

 Pythia::next(): 1370 events have been generated 

 Pythia::next(): 1380 events have been generated 

 Pythia::next(): 1390 events have been generated 

 Pythia::next(): 1400 events have been generated 

 Pythia::next(): 1410 events have been generated 

 Pythia::next(): 1420 events have been generated 

 Pythia::next(): 1430 events have been generated 

 Pythia::next(): 1440 events have been generated 

 Pythia::next(): 1450 events have been generated 

 Pythia::next(): 1460 events have been generated 

 Pythia::next(): 1470 events have been generated 

 Pythia::next(): 1480 events have been generated 

 Pythia::next(): 1490 events have been generated 

 Pythia::next(): 1500 events have been generated 

 Pythia::next(): 1510 events have been generated 

 Pythia::next(): 1520 events have been generated 

 Pythia::next(): 1530 events have been generated 

 Pythia::next(): 1540 events have been generated 

 Pythia::next(): 1550 events have been generated 

 Pythia::next(): 1560 events have been generated 

 Pythia::next(): 1570 events have been generated 

 Pythia::next(): 1580 events have been generated 

 Pythia::next(): 1590 events have been generated 

 Pythia::next(): 1600 events have been generated 

 Pythia::next(): 1610 events have been generated 

 Pythia::next(): 1620 events have been generated 

 Pythia::next(): 1630 events have been generated 

 Pythia::next(): 1640 events have been generated 

 Pythia::next(): 1650 events have been generated 

 Pythia::next(): 1660 events have been generated 

 Pythia::next(): 1670 events have been generated 

 Pythia::next(): 1680 events have been generated 

 Pythia::next(): 1690 events have been generated 

 Pythia::next(): 1700 events have been generated 

 Pythia::next(): 1710 events have been generated 

 Pythia::next(): 1720 events have been generated 

 Pythia::next(): 1730 events have been generated 

 Pythia::next(): 1740 events have been generated 

 Pythia::next(): 1750 events have been generated 

 Pythia::next(): 1760 events have been generated 

 Pythia::next(): 1770 events have been generated 

 Pythia::next(): 1780 events have been generated 

 Pythia::next(): 1790 events have been generated 

 Pythia::next(): 1800 events have been generated 

 Pythia::next(): 1810 events have been generated 

 Pythia::next(): 1820 events have been generated 

 Pythia::next(): 1830 events have been generated 

 Pythia::next(): 1840 events have been generated 

 Pythia::next(): 1850 events have been generated 

 Pythia::next(): 1860 events have been generated 

 Pythia::next(): 1870 events have been generated 

 Pythia::next(): 1880 events have been generated 

 Pythia::next(): 1890 events have been generated 

 Pythia::next(): 1900 events have been generated 

 Pythia::next(): 1910 events have been generated 

 Pythia::next(): 1920 events have been generated 

 Pythia::next(): 1930 events have been generated 

 Pythia::next(): 1940 events have been generated 

 Pythia::next(): 1950 events have been generated 

 Pythia::next(): 1960 events have been generated 

 Pythia::next(): 1970 events have been generated 

 Pythia::next(): 1980 events have been generated 

 Pythia::next(): 1990 events have been generated 

 Pythia::next(): 2000 events have been generated 

 Pythia::next(): 2010 events have been generated 

 Pythia::next(): 2020 events have been generated 

 Pythia::next(): 2030 events have been generated 

 Pythia::next(): 2040 events have been generated 

 Pythia::next(): 2050 events have been generated 

 Pythia::next(): 2060 events have been generated 

 Pythia::next(): 2070 events have been generated 

 Pythia::next(): 2080 events have been generated 

 Pythia::next(): 2090 events have been generated 

 Pythia::next(): 2100 events have been generated 

 Pythia::next(): 2110 events have been generated 

 Pythia::next(): 2120 events have been generated 

 Pythia::next(): 2130 events have been generated 

 Pythia::next(): 2140 events have been generated 

 Pythia::next(): 2150 events have been generated 

 Pythia::next(): 2160 events have been generated 

 Pythia::next(): 2170 events have been generated 

 Pythia::next(): 2180 events have been generated 

 Pythia::next(): 2190 events have been generated 

 Pythia::next(): 2200 events have been generated 

 Pythia::next(): 2210 events have been generated 

 Pythia::next(): 2220 events have been generated 

 Pythia::next(): 2230 events have been generated 

 Pythia::next(): 2240 events have been generated 

 Pythia::next(): 2250 events have been generated 

 Pythia::next(): 2260 events have been generated 

 Pythia::next(): 2270 events have been generated 

 Pythia::next(): 2280 events have been generated 

 Pythia::next(): 2290 events have been generated 

 Pythia::next(): 2300 events have been generated 

 Pythia::next(): 2310 events have been generated 

 Pythia::next(): 2320 events have been generated 

 Pythia::next(): 2330 events have been generated 

 Pythia::next(): 2340 events have been generated 

 Pythia::next(): 2350 events have been generated 

 Pythia::next(): 2360 events have been generated 

 Pythia::next(): 2370 events have been generated 

 Pythia::next(): 2380 events have been generated 

 Pythia::next(): 2390 events have been generated 

 Pythia::next(): 2400 events have been generated 

 Pythia::next(): 2410 events have been generated 

 Pythia::next(): 2420 events have been generated 

 Pythia::next(): 2430 events have been generated 

 Pythia::next(): 2440 events have been generated 

 Pythia::next(): 2450 events have been generated 

 Pythia::next(): 2460 events have been generated 

 Pythia::next(): 2470 events have been generated 

 Pythia::next(): 2480 events have been generated 

 Pythia::next(): 2490 events have been generated 

 Pythia::next(): 2500 events have been generated 

 Pythia::next(): 2510 events have been generated 

 Pythia::next(): 2520 events have been generated 

 Pythia::next(): 2530 events have been generated 

 Pythia::next(): 2540 events have been generated 

 Pythia::next(): 2550 events have been generated 

 Pythia::next(): 2560 events have been generated 

 Pythia::next(): 2570 events have been generated 

 Pythia::next(): 2580 events have been generated 

 Pythia::next(): 2590 events have been generated 

 Pythia::next(): 2600 events have been generated 

 Pythia::next(): 2610 events have been generated 

 Pythia::next(): 2620 events have been generated 

 Pythia::next(): 2630 events have been generated 

 Pythia::next(): 2640 events have been generated 

 Pythia::next(): 2650 events have been generated 

 Pythia::next(): 2660 events have been generated 

 Pythia::next(): 2670 events have been generated 

 Pythia::next(): 2680 events have been generated 

 Pythia::next(): 2690 events have been generated 

 Pythia::next(): 2700 events have been generated 

 Pythia::next(): 2710 events have been generated 

 Pythia::next(): 2720 events have been generated 

 Pythia::next(): 2730 events have been generated 

 Pythia::next(): 2740 events have been generated 

 Pythia::next(): 2750 events have been generated 

 Pythia::next(): 2760 events have been generated 

 Pythia::next(): 2770 events have been generated 

 Pythia::next(): 2780 events have been generated 

 Pythia::next(): 2790 events have been generated 

 Pythia::next(): 2800 events have been generated 

 Pythia::next(): 2810 events have been generated 

 Pythia::next(): 2820 events have been generated 

 Pythia::next(): 2830 events have been generated 

 Pythia::next(): 2840 events have been generated 

 Pythia::next(): 2850 events have been generated 

 Pythia::next(): 2860 events have been generated 

 Pythia::next(): 2870 events have been generated 

 Pythia::next(): 2880 events have been generated 

 Pythia::next(): 2890 events have been generated 

 Pythia::next(): 2900 events have been generated 

 Pythia::next(): 2910 events have been generated 

 Pythia::next(): 2920 events have been generated 

 Pythia::next(): 2930 events have been generated 

 Pythia::next(): 2940 events have been generated 

 Pythia::next(): 2950 events have been generated 

 Pythia::next(): 2960 events have been generated 

 Pythia::next(): 2970 events have been generated 

 Pythia::next(): 2980 events have been generated 

 Pythia::next(): 2990 events have been generated 

 Pythia::next(): 3000 events have been generated 

 Pythia::next(): 3010 events have been generated 

 Pythia::next(): 3020 events have been generated 

 Pythia::next(): 3030 events have been generated 

 Pythia::next(): 3040 events have been generated 

 Pythia::next(): 3050 events have been generated 

 Pythia::next(): 3060 events have been generated 

 Pythia::next(): 3070 events have been generated 

 Pythia::next(): 3080 events have been generated 

 Pythia::next(): 3090 events have been generated 

 Pythia::next(): 3100 events have been generated 

 Pythia::next(): 3110 events have been generated 

 Pythia::next(): 3120 events have been generated 

 Pythia::next(): 3130 events have been generated 

 Pythia::next(): 3140 events have been generated 

 Pythia::next(): 3150 events have been generated 

 Pythia::next(): 3160 events have been generated 

 Pythia::next(): 3170 events have been generated 

 Pythia::next(): 3180 events have been generated 

 Pythia::next(): 3190 events have been generated 

 Pythia::next(): 3200 events have been generated 

 Pythia::next(): 3210 events have been generated 

 Pythia::next(): 3220 events have been generated 

 Pythia::next(): 3230 events have been generated 

 Pythia::next(): 3240 events have been generated 

 Pythia::next(): 3250 events have been generated 

 Pythia::next(): 3260 events have been generated 

 Pythia::next(): 3270 events have been generated 

 Pythia::next(): 3280 events have been generated 

 Pythia::next(): 3290 events have been generated 

 Pythia::next(): 3300 events have been generated 

 Pythia::next(): 3310 events have been generated 

 Pythia::next(): 3320 events have been generated 

 Pythia::next(): 3330 events have been generated 

 Pythia::next(): 3340 events have been generated 

 Pythia::next(): 3350 events have been generated 

 Pythia::next(): 3360 events have been generated 

 Pythia::next(): 3370 events have been generated 

 Pythia::next(): 3380 events have been generated 

 Pythia::next(): 3390 events have been generated 

 Pythia::next(): 3400 events have been generated 

 Pythia::next(): 3410 events have been generated 

 Pythia::next(): 3420 events have been generated 

 Pythia::next(): 3430 events have been generated 

 Pythia::next(): 3440 events have been generated 

 Pythia::next(): 3450 events have been generated 

 Pythia::next(): 3460 events have been generated 

 Pythia::next(): 3470 events have been generated 

 Pythia::next(): 3480 events have been generated 

 Pythia::next(): 3490 events have been generated 

 Pythia::next(): 3500 events have been generated 

 Pythia::next(): 3510 events have been generated 

 Pythia::next(): 3520 events have been generated 

 Pythia::next(): 3530 events have been generated 

 Pythia::next(): 3540 events have been generated 

 Pythia::next(): 3550 events have been generated 

 Pythia::next(): 3560 events have been generated 

 Pythia::next(): 3570 events have been generated 

 Pythia::next(): 3580 events have been generated 

 Pythia::next(): 3590 events have been generated 

 Pythia::next(): 3600 events have been generated 

 Pythia::next(): 3610 events have been generated 

 Pythia::next(): 3620 events have been generated 

 Pythia::next(): 3630 events have been generated 

 Pythia::next(): 3640 events have been generated 

 Pythia::next(): 3650 events have been generated 

 Pythia::next(): 3660 events have been generated 

 Pythia::next(): 3670 events have been generated 

 Pythia::next(): 3680 events have been generated 

 Pythia::next(): 3690 events have been generated 

 Pythia::next(): 3700 events have been generated 

 Pythia::next(): 3710 events have been generated 

 Pythia::next(): 3720 events have been generated 

 Pythia::next(): 3730 events have been generated 

 Pythia::next(): 3740 events have been generated 

 Pythia::next(): 3750 events have been generated 

 Pythia::next(): 3760 events have been generated 

 Pythia::next(): 3770 events have been generated 

 Pythia::next(): 3780 events have been generated 

 Pythia::next(): 3790 events have been generated 

 Pythia::next(): 3800 events have been generated 

 Pythia::next(): 3810 events have been generated 

 Pythia::next(): 3820 events have been generated 

 Pythia::next(): 3830 events have been generated 

 Pythia::next(): 3840 events have been generated 

 Pythia::next(): 3850 events have been generated 

 Pythia::next(): 3860 events have been generated 

 Pythia::next(): 3870 events have been generated 

 Pythia::next(): 3880 events have been generated 

 Pythia::next(): 3890 events have been generated 

 Pythia::next(): 3900 events have been generated 

 Pythia::next(): 3910 events have been generated 

 Pythia::next(): 3920 events have been generated 

 Pythia::next(): 3930 events have been generated 

 Pythia::next(): 3940 events have been generated 

 Pythia::next(): 3950 events have been generated 

 Pythia::next(): 3960 events have been generated 

 Pythia::next(): 3970 events have been generated 

 Pythia::next(): 3980 events have been generated 

 Pythia::next(): 3990 events have been generated 

 Pythia::next(): 4000 events have been generated 

 Pythia::next(): 4010 events have been generated 

 Pythia::next(): 4020 events have been generated 

 Pythia::next(): 4030 events have been generated 

 Pythia::next(): 4040 events have been generated 

 Pythia::next(): 4050 events have been generated 

 Pythia::next(): 4060 events have been generated 

 Pythia::next(): 4070 events have been generated 
 PYTHIA Warning in SimpleTimeShower::pTnext: negative dipole mass

 Pythia::next(): 4080 events have been generated 

 Pythia::next(): 4090 events have been generated 

 Pythia::next(): 4100 events have been generated 

 Pythia::next(): 4110 events have been generated 

 Pythia::next(): 4120 events have been generated 

 Pythia::next(): 4130 events have been generated 

 Pythia::next(): 4140 events have been generated 

 Pythia::next(): 4150 events have been generated 

 Pythia::next(): 4160 events have been generated 

 Pythia::next(): 4170 events have been generated 

 Pythia::next(): 4180 events have been generated 

 Pythia::next(): 4190 events have been generated 

 Pythia::next(): 4200 events have been generated 

 Pythia::next(): 4210 events have been generated 

 Pythia::next(): 4220 events have been generated 

 Pythia::next(): 4230 events have been generated 

 Pythia::next(): 4240 events have been generated 

 Pythia::next(): 4250 events have been generated 

 Pythia::next(): 4260 events have been generated 

 Pythia::next(): 4270 events have been generated 

 Pythia::next(): 4280 events have been generated 

 Pythia::next(): 4290 events have been generated 

 Pythia::next(): 4300 events have been generated 

 Pythia::next(): 4310 events have been generated 

 Pythia::next(): 4320 events have been generated 

 Pythia::next(): 4330 events have been generated 

 Pythia::next(): 4340 events have been generated 

 Pythia::next(): 4350 events have been generated 

 Pythia::next(): 4360 events have been generated 

 Pythia::next(): 4370 events have been generated 

 Pythia::next(): 4380 events have been generated 

 Pythia::next(): 4390 events have been generated 

 Pythia::next(): 4400 events have been generated 

 Pythia::next(): 4410 events have been generated 

 Pythia::next(): 4420 events have been generated 

 Pythia::next(): 4430 events have been generated 

 Pythia::next(): 4440 events have been generated 

 Pythia::next(): 4450 events have been generated 

 Pythia::next(): 4460 events have been generated 

 Pythia::next(): 4470 events have been generated 

 Pythia::next(): 4480 events have been generated 

 Pythia::next(): 4490 events have been generated 

 Pythia::next(): 4500 events have been generated 

 Pythia::next(): 4510 events have been generated 

 Pythia::next(): 4520 events have been generated 

 Pythia::next(): 4530 events have been generated 

 Pythia::next(): 4540 events have been generated 

 Pythia::next(): 4550 events have been generated 

 Pythia::next(): 4560 events have been generated 

 Pythia::next(): 4570 events have been generated 

 Pythia::next(): 4580 events have been generated 

 Pythia::next(): 4590 events have been generated 

 Pythia::next(): 4600 events have been generated 

 Pythia::next(): 4610 events have been generated 

 Pythia::next(): 4620 events have been generated 

 Pythia::next(): 4630 events have been generated 

 Pythia::next(): 4640 events have been generated 

 Pythia::next(): 4650 events have been generated 

 Pythia::next(): 4660 events have been generated 

 Pythia::next(): 4670 events have been generated 

 Pythia::next(): 4680 events have been generated 

 Pythia::next(): 4690 events have been generated 

 Pythia::next(): 4700 events have been generated 

 Pythia::next(): 4710 events have been generated 

 Pythia::next(): 4720 events have been generated 

 Pythia::next(): 4730 events have been generated 

 Pythia::next(): 4740 events have been generated 

 Pythia::next(): 4750 events have been generated 

 Pythia::next(): 4760 events have been generated 

 Pythia::next(): 4770 events have been generated 

 Pythia::next(): 4780 events have been generated 

 Pythia::next(): 4790 events have been generated 

 Pythia::next(): 4800 events have been generated 

 Pythia::next(): 4810 events have been generated 

 Pythia::next(): 4820 events have been generated 

 Pythia::next(): 4830 events have been generated 

 Pythia::next(): 4840 events have been generated 

 Pythia::next(): 4850 events have been generated 

 Pythia::next(): 4860 events have been generated 

 Pythia::next(): 4870 events have been generated 

 Pythia::next(): 4880 events have been generated 

 Pythia::next(): 4890 events have been generated 

 Pythia::next(): 4900 events have been generated 

 Pythia::next(): 4910 events have been generated 

 Pythia::next(): 4920 events have been generated 

 Pythia::next(): 4930 events have been generated 

 Pythia::next(): 4940 events have been generated 

 Pythia::next(): 4950 events have been generated 

 Pythia::next(): 4960 events have been generated 

 Pythia::next(): 4970 events have been generated 

 Pythia::next(): 4980 events have been generated 

 Pythia::next(): 4990 events have been generated 

 Pythia::next(): 5000 events have been generated 

 Pythia::next(): 5010 events have been generated 

 Pythia::next(): 5020 events have been generated 

 Pythia::next(): 5030 events have been generated 

 Pythia::next(): 5040 events have been generated 

 Pythia::next(): 5050 events have been generated 

 Pythia::next(): 5060 events have been generated 

 Pythia::next(): 5070 events have been generated 

 Pythia::next(): 5080 events have been generated 

 Pythia::next(): 5090 events have been generated 

 Pythia::next(): 5100 events have been generated 

 Pythia::next(): 5110 events have been generated 

 Pythia::next(): 5120 events have been generated 

 Pythia::next(): 5130 events have been generated 

 Pythia::next(): 5140 events have been generated 

 Pythia::next(): 5150 events have been generated 

 Pythia::next(): 5160 events have been generated 

 Pythia::next(): 5170 events have been generated 

 Pythia::next(): 5180 events have been generated 

 Pythia::next(): 5190 events have been generated 

 Pythia::next(): 5200 events have been generated 

 Pythia::next(): 5210 events have been generated 

 Pythia::next(): 5220 events have been generated 

 Pythia::next(): 5230 events have been generated 
 PYTHIA Warning in SimpleSpaceShower::pT2nextQCD: weight above unity

 Pythia::next(): 5240 events have been generated 

 Pythia::next(): 5250 events have been generated 

 Pythia::next(): 5260 events have been generated 

 Pythia::next(): 5270 events have been generated 

 Pythia::next(): 5280 events have been generated 

 Pythia::next(): 5290 events have been generated 

 Pythia::next(): 5300 events have been generated 

 Pythia::next(): 5310 events have been generated 

 Pythia::next(): 5320 events have been generated 

 Pythia::next(): 5330 events have been generated 

 Pythia::next(): 5340 events have been generated 

 Pythia::next(): 5350 events have been generated 

 Pythia::next(): 5360 events have been generated 

 Pythia::next(): 5370 events have been generated 

 Pythia::next(): 5380 events have been generated 

 Pythia::next(): 5390 events have been generated 

 Pythia::next(): 5400 events have been generated 

 Pythia::next(): 5410 events have been generated 

 Pythia::next(): 5420 events have been generated 

 Pythia::next(): 5430 events have been generated 

 Pythia::next(): 5440 events have been generated 

 Pythia::next(): 5450 events have been generated 

 Pythia::next(): 5460 events have been generated 

 Pythia::next(): 5470 events have been generated 

 Pythia::next(): 5480 events have been generated 

 Pythia::next(): 5490 events have been generated 

 Pythia::next(): 5500 events have been generated 

 Pythia::next(): 5510 events have been generated 

 Pythia::next(): 5520 events have been generated 

 Pythia::next(): 5530 events have been generated 

 Pythia::next(): 5540 events have been generated 

 Pythia::next(): 5550 events have been generated 

 Pythia::next(): 5560 events have been generated 

 Pythia::next(): 5570 events have been generated 

 Pythia::next(): 5580 events have been generated 

 Pythia::next(): 5590 events have been generated 

 Pythia::next(): 5600 events have been generated 

 Pythia::next(): 5610 events have been generated 

 Pythia::next(): 5620 events have been generated 

 Pythia::next(): 5630 events have been generated 

 Pythia::next(): 5640 events have been generated 

 Pythia::next(): 5650 events have been generated 

 Pythia::next(): 5660 events have been generated 

 Pythia::next(): 5670 events have been generated 

 Pythia::next(): 5680 events have been generated 

 Pythia::next(): 5690 events have been generated 

 Pythia::next(): 5700 events have been generated 

 Pythia::next(): 5710 events have been generated 

 Pythia::next(): 5720 events have been generated 

 Pythia::next(): 5730 events have been generated 

 Pythia::next(): 5740 events have been generated 

 Pythia::next(): 5750 events have been generated 

 Pythia::next(): 5760 events have been generated 

 Pythia::next(): 5770 events have been generated 

 Pythia::next(): 5780 events have been generated 

 Pythia::next(): 5790 events have been generated 

 Pythia::next(): 5800 events have been generated 

 Pythia::next(): 5810 events have been generated 

 Pythia::next(): 5820 events have been generated 

 Pythia::next(): 5830 events have been generated 

 Pythia::next(): 5840 events have been generated 

 Pythia::next(): 5850 events have been generated 

 Pythia::next(): 5860 events have been generated 

 Pythia::next(): 5870 events have been generated 

 Pythia::next(): 5880 events have been generated 

 Pythia::next(): 5890 events have been generated 

 Pythia::next(): 5900 events have been generated 

 Pythia::next(): 5910 events have been generated 

 Pythia::next(): 5920 events have been generated 

 Pythia::next(): 5930 events have been generated 

 Pythia::next(): 5940 events have been generated 

 Pythia::next(): 5950 events have been generated 

 Pythia::next(): 5960 events have been generated 

 Pythia::next(): 5970 events have been generated 

 Pythia::next(): 5980 events have been generated 

 Pythia::next(): 5990 events have been generated 

 Pythia::next(): 6000 events have been generated 

 Pythia::next(): 6010 events have been generated 

 Pythia::next(): 6020 events have been generated 

 Pythia::next(): 6030 events have been generated 

 Pythia::next(): 6040 events have been generated 

 Pythia::next(): 6050 events have been generated 

 Pythia::next(): 6060 events have been generated 

 Pythia::next(): 6070 events have been generated 

 Pythia::next(): 6080 events have been generated 

 Pythia::next(): 6090 events have been generated 

 Pythia::next(): 6100 events have been generated 

 Pythia::next(): 6110 events have been generated 

 Pythia::next(): 6120 events have been generated 

 Pythia::next(): 6130 events have been generated 

 Pythia::next(): 6140 events have been generated 

 Pythia::next(): 6150 events have been generated 

 Pythia::next(): 6160 events have been generated 

 Pythia::next(): 6170 events have been generated 

 Pythia::next(): 6180 events have been generated 

 Pythia::next(): 6190 events have been generated 

 Pythia::next(): 6200 events have been generated 

 Pythia::next(): 6210 events have been generated 

 Pythia::next(): 6220 events have been generated 

 Pythia::next(): 6230 events have been generated 

 Pythia::next(): 6240 events have been generated 

 Pythia::next(): 6250 events have been generated 

 Pythia::next(): 6260 events have been generated 

 Pythia::next(): 6270 events have been generated 

 Pythia::next(): 6280 events have been generated 

 Pythia::next(): 6290 events have been generated 

 Pythia::next(): 6300 events have been generated 

 Pythia::next(): 6310 events have been generated 

 Pythia::next(): 6320 events have been generated 

 Pythia::next(): 6330 events have been generated 

 Pythia::next(): 6340 events have been generated 

 Pythia::next(): 6350 events have been generated 

 Pythia::next(): 6360 events have been generated 

 Pythia::next(): 6370 events have been generated 

 Pythia::next(): 6380 events have been generated 

 Pythia::next(): 6390 events have been generated 

 Pythia::next(): 6400 events have been generated 

 Pythia::next(): 6410 events have been generated 

 Pythia::next(): 6420 events have been generated 

 Pythia::next(): 6430 events have been generated 

 Pythia::next(): 6440 events have been generated 

 Pythia::next(): 6450 events have been generated 

 Pythia::next(): 6460 events have been generated 

 Pythia::next(): 6470 events have been generated 

 Pythia::next(): 6480 events have been generated 

 Pythia::next(): 6490 events have been generated 

 Pythia::next(): 6500 events have been generated 

 Pythia::next(): 6510 events have been generated 

 Pythia::next(): 6520 events have been generated 

 Pythia::next(): 6530 events have been generated 

 Pythia::next(): 6540 events have been generated 

 Pythia::next(): 6550 events have been generated 

 Pythia::next(): 6560 events have been generated 

 Pythia::next(): 6570 events have been generated 

 Pythia::next(): 6580 events have been generated 

 Pythia::next(): 6590 events have been generated 

 Pythia::next(): 6600 events have been generated 

 Pythia::next(): 6610 events have been generated 

 Pythia::next(): 6620 events have been generated 

 Pythia::next(): 6630 events have been generated 

 Pythia::next(): 6640 events have been generated 
 PYTHIA Error in SimpleSpaceShower::pT2nearThreshold: stuck in loop

 Pythia::next(): 6650 events have been generated 

 Pythia::next(): 6660 events have been generated 

 Pythia::next(): 6670 events have been generated 

 Pythia::next(): 6680 events have been generated 

 Pythia::next(): 6690 events have been generated 

 Pythia::next(): 6700 events have been generated 

 Pythia::next(): 6710 events have been generated 

 Pythia::next(): 6720 events have been generated 

 Pythia::next(): 6730 events have been generated 

 Pythia::next(): 6740 events have been generated 

 Pythia::next(): 6750 events have been generated 

 Pythia::next(): 6760 events have been generated 

 Pythia::next(): 6770 events have been generated 

 Pythia::next(): 6780 events have been generated 

 Pythia::next(): 6790 events have been generated 

 Pythia::next(): 6800 events have been generated 

 Pythia::next(): 6810 events have been generated 

 Pythia::next(): 6820 events have been generated 

 Pythia::next(): 6830 events have been generated 

 Pythia::next(): 6840 events have been generated 

 Pythia::next(): 6850 events have been generated 

 Pythia::next(): 6860 events have been generated 

 Pythia::next(): 6870 events have been generated 

 Pythia::next(): 6880 events have been generated 

 Pythia::next(): 6890 events have been generated 

 Pythia::next(): 6900 events have been generated 

 Pythia::next(): 6910 events have been generated 

 Pythia::next(): 6920 events have been generated 
 PYTHIA Error in StringFragmentation::fragment: stuck in joining
 PYTHIA Error in Pythia::next: hadronLevel failed; try again

 Pythia::next(): 6930 events have been generated 

 Pythia::next(): 6940 events have been generated 

 Pythia::next(): 6950 events have been generated 

 Pythia::next(): 6960 events have been generated 

 Pythia::next(): 6970 events have been generated 

 Pythia::next(): 6980 events have been generated 

 Pythia::next(): 6990 events have been generated 

 Pythia::next(): 7000 events have been generated 

 Pythia::next(): 7010 events have been generated 

 Pythia::next(): 7020 events have been generated 

 Pythia::next(): 7030 events have been generated 

 Pythia::next(): 7040 events have been generated 

 Pythia::next(): 7050 events have been generated 

 Pythia::next(): 7060 events have been generated 

 Pythia::next(): 7070 events have been generated 

 Pythia::next(): 7080 events have been generated 

 Pythia::next(): 7090 events have been generated 

 Pythia::next(): 7100 events have been generated 

 Pythia::next(): 7110 events have been generated 

 Pythia::next(): 7120 events have been generated 

 Pythia::next(): 7130 events have been generated 

 Pythia::next(): 7140 events have been generated 

 Pythia::next(): 7150 events have been generated 

 Pythia::next(): 7160 events have been generated 

 Pythia::next(): 7170 events have been generated 

 Pythia::next(): 7180 events have been generated 

 Pythia::next(): 7190 events have been generated 

 Pythia::next(): 7200 events have been generated 

 Pythia::next(): 7210 events have been generated 

 Pythia::next(): 7220 events have been generated 

 Pythia::next(): 7230 events have been generated 

 Pythia::next(): 7240 events have been generated 

 Pythia::next(): 7250 events have been generated 

 Pythia::next(): 7260 events have been generated 

 Pythia::next(): 7270 events have been generated 

 Pythia::next(): 7280 events have been generated 

 Pythia::next(): 7290 events have been generated 

 Pythia::next(): 7300 events have been generated 

 Pythia::next(): 7310 events have been generated 

 Pythia::next(): 7320 events have been generated 

 Pythia::next(): 7330 events have been generated 

 Pythia::next(): 7340 events have been generated 

 Pythia::next(): 7350 events have been generated 

 Pythia::next(): 7360 events have been generated 

 Pythia::next(): 7370 events have been generated 

 Pythia::next(): 7380 events have been generated 

 Pythia::next(): 7390 events have been generated 

 Pythia::next(): 7400 events have been generated 

 Pythia::next(): 7410 events have been generated 

 Pythia::next(): 7420 events have been generated 

 Pythia::next(): 7430 events have been generated 

 Pythia::next(): 7440 events have been generated 

 Pythia::next(): 7450 events have been generated 

 Pythia::next(): 7460 events have been generated 

 Pythia::next(): 7470 events have been generated 

 Pythia::next(): 7480 events have been generated 

 Pythia::next(): 7490 events have been generated 

 Pythia::next(): 7500 events have been generated 

 Pythia::next(): 7510 events have been generated 

 Pythia::next(): 7520 events have been generated 

 Pythia::next(): 7530 events have been generated 

 Pythia::next(): 7540 events have been generated 

 Pythia::next(): 7550 events have been generated 

 Pythia::next(): 7560 events have been generated 

 Pythia::next(): 7570 events have been generated 

 Pythia::next(): 7580 events have been generated 

 Pythia::next(): 7590 events have been generated 

 Pythia::next(): 7600 events have been generated 

 Pythia::next(): 7610 events have been generated 

 Pythia::next(): 7620 events have been generated 

 Pythia::next(): 7630 events have been generated 

 Pythia::next(): 7640 events have been generated 

 Pythia::next(): 7650 events have been generated 

 Pythia::next(): 7660 events have been generated 

 Pythia::next(): 7670 events have been generated 

 Pythia::next(): 7680 events have been generated 

 Pythia::next(): 7690 events have been generated 

 Pythia::next(): 7700 events have been generated 

 Pythia::next(): 7710 events have been generated 

 Pythia::next(): 7720 events have been generated 

 Pythia::next(): 7730 events have been generated 

 Pythia::next(): 7740 events have been generated 

 Pythia::next(): 7750 events have been generated 

 Pythia::next(): 7760 events have been generated 

 Pythia::next(): 7770 events have been generated 

 Pythia::next(): 7780 events have been generated 

 Pythia::next(): 7790 events have been generated 

 Pythia::next(): 7800 events have been generated 

 Pythia::next(): 7810 events have been generated 

 Pythia::next(): 7820 events have been generated 

 Pythia::next(): 7830 events have been generated 

 Pythia::next(): 7840 events have been generated 

 Pythia::next(): 7850 events have been generated 

 Pythia::next(): 7860 events have been generated 

 Pythia::next(): 7870 events have been generated 

 Pythia::next(): 7880 events have been generated 

 Pythia::next(): 7890 events have been generated 

 Pythia::next(): 7900 events have been generated 

 Pythia::next(): 7910 events have been generated 

 Pythia::next(): 7920 events have been generated 

 Pythia::next(): 7930 events have been generated 

 Pythia::next(): 7940 events have been generated 

 Pythia::next(): 7950 events have been generated 

 Pythia::next(): 7960 events have been generated 

 Pythia::next(): 7970 events have been generated 

 Pythia::next(): 7980 events have been generated 

 Pythia::next(): 7990 events have been generated 

 Pythia::next(): 8000 events have been generated 

 Pythia::next(): 8010 events have been generated 

 Pythia::next(): 8020 events have been generated 

 Pythia::next(): 8030 events have been generated 

 Pythia::next(): 8040 events have been generated 

 Pythia::next(): 8050 events have been generated 

 Pythia::next(): 8060 events have been generated 

 Pythia::next(): 8070 events have been generated 

 Pythia::next(): 8080 events have been generated 

 Pythia::next(): 8090 events have been generated 

 Pythia::next(): 8100 events have been generated 

 Pythia::next(): 8110 events have been generated 

 Pythia::next(): 8120 events have been generated 

 Pythia::next(): 8130 events have been generated 

 Pythia::next(): 8140 events have been generated 

 Pythia::next(): 8150 events have been generated 

 Pythia::next(): 8160 events have been generated 

 Pythia::next(): 8170 events have been generated 

 Pythia::next(): 8180 events have been generated 

 Pythia::next(): 8190 events have been generated 

 Pythia::next(): 8200 events have been generated 

 Pythia::next(): 8210 events have been generated 

 Pythia::next(): 8220 events have been generated 

 Pythia::next(): 8230 events have been generated 

 Pythia::next(): 8240 events have been generated 

 Pythia::next(): 8250 events have been generated 

 Pythia::next(): 8260 events have been generated 

 Pythia::next(): 8270 events have been generated 

 Pythia::next(): 8280 events have been generated 

 Pythia::next(): 8290 events have been generated 

 Pythia::next(): 8300 events have been generated 

 Pythia::next(): 8310 events have been generated 

 Pythia::next(): 8320 events have been generated 

 Pythia::next(): 8330 events have been generated 

 Pythia::next(): 8340 events have been generated 

 Pythia::next(): 8350 events have been generated 

 Pythia::next(): 8360 events have been generated 

 Pythia::next(): 8370 events have been generated 

 Pythia::next(): 8380 events have been generated 

 Pythia::next(): 8390 events have been generated 

 Pythia::next(): 8400 events have been generated 

 Pythia::next(): 8410 events have been generated 

 Pythia::next(): 8420 events have been generated 

 Pythia::next(): 8430 events have been generated 

 Pythia::next(): 8440 events have been generated 

 Pythia::next(): 8450 events have been generated 

 Pythia::next(): 8460 events have been generated 

 Pythia::next(): 8470 events have been generated 

 Pythia::next(): 8480 events have been generated 

 Pythia::next(): 8490 events have been generated 

 Pythia::next(): 8500 events have been generated 

 Pythia::next(): 8510 events have been generated 

 Pythia::next(): 8520 events have been generated 

 Pythia::next(): 8530 events have been generated 

 Pythia::next(): 8540 events have been generated 

 Pythia::next(): 8550 events have been generated 

 Pythia::next(): 8560 events have been generated 

 Pythia::next(): 8570 events have been generated 

 Pythia::next(): 8580 events have been generated 

 Pythia::next(): 8590 events have been generated 

 Pythia::next(): 8600 events have been generated 

 Pythia::next(): 8610 events have been generated 

 Pythia::next(): 8620 events have been generated 

 Pythia::next(): 8630 events have been generated 

 Pythia::next(): 8640 events have been generated 

 Pythia::next(): 8650 events have been generated 

 Pythia::next(): 8660 events have been generated 

 Pythia::next(): 8670 events have been generated 

 Pythia::next(): 8680 events have been generated 

 Pythia::next(): 8690 events have been generated 

 Pythia::next(): 8700 events have been generated 

 Pythia::next(): 8710 events have been generated 

 Pythia::next(): 8720 events have been generated 

 Pythia::next(): 8730 events have been generated 

 Pythia::next(): 8740 events have been generated 

 Pythia::next(): 8750 events have been generated 

 Pythia::next(): 8760 events have been generated 

 Pythia::next(): 8770 events have been generated 

 Pythia::next(): 8780 events have been generated 

 Pythia::next(): 8790 events have been generated 

 Pythia::next(): 8800 events have been generated 

 Pythia::next(): 8810 events have been generated 

 Pythia::next(): 8820 events have been generated 

 Pythia::next(): 8830 events have been generated 

 Pythia::next(): 8840 events have been generated 

 Pythia::next(): 8850 events have been generated 

 Pythia::next(): 8860 events have been generated 

 Pythia::next(): 8870 events have been generated 

 Pythia::next(): 8880 events have been generated 

 Pythia::next(): 8890 events have been generated 

 Pythia::next(): 8900 events have been generated 

 Pythia::next(): 8910 events have been generated 

 Pythia::next(): 8920 events have been generated 

 Pythia::next(): 8930 events have been generated 

 Pythia::next(): 8940 events have been generated 

 Pythia::next(): 8950 events have been generated 

 Pythia::next(): 8960 events have been generated 

 Pythia::next(): 8970 events have been generated 

 Pythia::next(): 8980 events have been generated 

 Pythia::next(): 8990 events have been generated 

 Pythia::next(): 9000 events have been generated 

 Pythia::next(): 9010 events have been generated 

 Pythia::next(): 9020 events have been generated 

 Pythia::next(): 9030 events have been generated 

 Pythia::next(): 9040 events have been generated 

 Pythia::next(): 9050 events have been generated 

 Pythia::next(): 9060 events have been generated 

 Pythia::next(): 9070 events have been generated 

 Pythia::next(): 9080 events have been generated 

 Pythia::next(): 9090 events have been generated 

 Pythia::next(): 9100 events have been generated 

 Pythia::next(): 9110 events have been generated 

 Pythia::next(): 9120 events have been generated 

 Pythia::next(): 9130 events have been generated 

 Pythia::next(): 9140 events have been generated 

 Pythia::next(): 9150 events have been generated 

 Pythia::next(): 9160 events have been generated 

 Pythia::next(): 9170 events have been generated 

 Pythia::next(): 9180 events have been generated 

 Pythia::next(): 9190 events have been generated 

 Pythia::next(): 9200 events have been generated 

 Pythia::next(): 9210 events have been generated 

 Pythia::next(): 9220 events have been generated 

 Pythia::next(): 9230 events have been generated 

 Pythia::next(): 9240 events have been generated 

 Pythia::next(): 9250 events have been generated 

 Pythia::next(): 9260 events have been generated 

 Pythia::next(): 9270 events have been generated 

 Pythia::next(): 9280 events have been generated 

 Pythia::next(): 9290 events have been generated 

 Pythia::next(): 9300 events have been generated 

 Pythia::next(): 9310 events have been generated 

 Pythia::next(): 9320 events have been generated 

 Pythia::next(): 9330 events have been generated 

 Pythia::next(): 9340 events have been generated 

 Pythia::next(): 9350 events have been generated 

 Pythia::next(): 9360 events have been generated 

 Pythia::next(): 9370 events have been generated 

 Pythia::next(): 9380 events have been generated 

 Pythia::next(): 9390 events have been generated 

 Pythia::next(): 9400 events have been generated 

 Pythia::next(): 9410 events have been generated 

 Pythia::next(): 9420 events have been generated 

 Pythia::next(): 9430 events have been generated 

 Pythia::next(): 9440 events have been generated 

 Pythia::next(): 9450 events have been generated 

 Pythia::next(): 9460 events have been generated 

 Pythia::next(): 9470 events have been generated 

 Pythia::next(): 9480 events have been generated 

 Pythia::next(): 9490 events have been generated 

 Pythia::next(): 9500 events have been generated 

 Pythia::next(): 9510 events have been generated 

 Pythia::next(): 9520 events have been generated 

 Pythia::next(): 9530 events have been generated 

 Pythia::next(): 9540 events have been generated 

 Pythia::next(): 9550 events have been generated 

 Pythia::next(): 9560 events have been generated 

 Pythia::next(): 9570 events have been generated 

 Pythia::next(): 9580 events have been generated 

 Pythia::next(): 9590 events have been generated 

 Pythia::next(): 9600 events have been generated 

 Pythia::next(): 9610 events have been generated 

 Pythia::next(): 9620 events have been generated 

 Pythia::next(): 9630 events have been generated 

 Pythia::next(): 9640 events have been generated 

 Pythia::next(): 9650 events have been generated 

 Pythia::next(): 9660 events have been generated 

 Pythia::next(): 9670 events have been generated 

 Pythia::next(): 9680 events have been generated 

 Pythia::next(): 9690 events have been generated 

 Pythia::next(): 9700 events have been generated 

 Pythia::next(): 9710 events have been generated 

 Pythia::next(): 9720 events have been generated 

 Pythia::next(): 9730 events have been generated 

 Pythia::next(): 9740 events have been generated 

 Pythia::next(): 9750 events have been generated 

 Pythia::next(): 9760 events have been generated 

 Pythia::next(): 9770 events have been generated 

 Pythia::next(): 9780 events have been generated 

 Pythia::next(): 9790 events have been generated 

 Pythia::next(): 9800 events have been generated 

 Pythia::next(): 9810 events have been generated 

 Pythia::next(): 9820 events have been generated 

 Pythia::next(): 9830 events have been generated 

 Pythia::next(): 9840 events have been generated 

 Pythia::next(): 9850 events have been generated 

 Pythia::next(): 9860 events have been generated 

 Pythia::next(): 9870 events have been generated 

 Pythia::next(): 9880 events have been generated 

 Pythia::next(): 9890 events have been generated 

 Pythia::next(): 9900 events have been generated 

 Pythia::next(): 9910 events have been generated 

 Pythia::next(): 9920 events have been generated 

 Pythia::next(): 9930 events have been generated 

 Pythia::next(): 9940 events have been generated 

 Pythia::next(): 9950 events have been generated 

 Pythia::next(): 9960 events have been generated 

 Pythia::next(): 9970 events have been generated 

 Pythia::next(): 9980 events have been generated 

 Pythia::next(): 9990 events have been generated 

 *-------  PYTHIA Event and Cross Section Statistics  -------------------------------------------------------------*
 |                                                                                                                 |
 | Subprocess                                    Code |            Number of events       |      sigma +- delta    |
 |                                                    |       Tried   Selected   Accepted |     (estimated) (mb)   |
 |                                                    |                                   |                        |
 |-----------------------------------------------------------------------------------------------------------------|
 |                                                    |                                   |                        |
 | Les Houches User Process(es)                  9999 |       10000      10000      10000 |   5.119e-07  0.000e+00 |
 |    ... whereof user classification code          1 |       10000      10000      10000 |                        | 
 |                                                    |                                   |                        |
 | sum                                                |       10000      10000      10000 |   5.119e-07  0.000e+00 |
 |                                                                                                                 |
 *-------  End PYTHIA Event and Cross Section Statistics ----------------------------------------------------------*

 *-------  PYTHIA Error and Warning Messages Statistics  ----------------------------------------------------------* 
 |                                                                                                                 | 
 |  times   message                                                                                                | 
 |                                                                                                                 | 
 |      1   Error in Pythia::next: hadronLevel failed; try again                                                   | 
 |      1   Error in SimpleSpaceShower::pT2nearThreshold: stuck in loop                                            | 
 |      1   Error in StringFragmentation::fragment: stuck in joining                                               | 
 |      1   Warning in SLHAinterface::initSLHA: ignoring DECAY tables                                              | 
 |      1   Warning in SLHAinterface::initSLHA: ignoring MASS entries                                              | 
 |      1   Warning in SLHAinterface::initSLHA: ignoring empty DECAY tables                                        | 
 |      1   Warning in SimpleSpaceShower::pT2nextQCD: weight above unity                                           | 
 |      5   Warning in SimpleTimeShower::pTnext: negative dipole mass                                              | 
 |      1   Info from SLHAinterface::initSLHA: No MODSEL found, keeping internal SUSY switched off                 | 
 |                                                                                                                 | 
 *-------  End PYTHIA Error and Warning Messages Statistics  ------------------------------------------------------* 
Wrote 10000 events to /uscms_data/d3/iturkmen/hh4b_delphes/hepmc/ttbar_100k_shard009_pythia8.hepmc
** INFO: initializing module  Delphes                  
** INFO: initializing module  ParticlePropagator       
** INFO: initializing module  ChargedHadronTrackingEfficiency
** INFO: initializing module  ElectronTrackingEfficiency
** INFO: initializing module  MuonTrackingEfficiency   
** INFO: initializing module  ChargedHadronMomentumSmearing
** INFO: initializing module  ElectronMomentumSmearing 
** INFO: initializing module  MuonMomentumSmearing     
** INFO: initializing module  TrackMerger              
** INFO: initializing module  ECal                     
** INFO: initializing module  HCal                     
** INFO: initializing module  Calorimeter              
** INFO: initializing module  EFlowMerger              
** INFO: initializing module  EFlowFilter              
** INFO: initializing module  PhotonEfficiency         
** INFO: initializing module  PhotonIsolation          
** INFO: initializing module  ElectronFilter           
** INFO: initializing module  ElectronEfficiency       
** INFO: initializing module  ElectronIsolation        
** INFO: initializing module  ChargedHadronFilter      
** INFO: initializing module  MuonEfficiency           
** INFO: initializing module  MuonIsolation            
** INFO: initializing module  MissingET                
** INFO: initializing module  NeutrinoFilter           
** INFO: initializing module  GenJetFinder             
#--------------------------------------------------------------------------
#                         FastJet release 3.5.1
#                 M. Cacciari, G.P. Salam and G. Soyez                  
#     A software package for jet finding and analysis at colliders      
#                           https://fastjet.fr                           
#	                                                                      
# Please cite EPJC72(2012)1896 [arXiv:1111.6097] if you use this package
# for scientific work and optionally PLB641(2006)57 [hep-ph/0512210].   
#                                                                       
# FastJet is provided without warranty under the GNU GPL v2 or higher.  
# It uses T. Chan's closest pair algorithm, S. Fortune's Voronoi code
# and 3rd party plugin jet algorithms. See COPYING file for details.
#--------------------------------------------------------------------------
** INFO: initializing module  GenMissingET             
** INFO: initializing module  FastJetFinder            
** INFO: initializing module  FatJetFinder             
** INFO: initializing module  JetEnergyScale           
** INFO: initializing module  JetFlavorAssociation     
** INFO: initializing module  BTagging                 
** INFO: initializing module  TauTagging               
** INFO: initializing module  UniqueObjectFinder       
** INFO: initializing module  ScalarHT                 
** INFO: initializing module  TreeWriter               
** Reading /uscms_data/d3/iturkmen/hh4b_delphes/hepmc/ttbar_100k_shard009_pythia8.hepmc
** [----------------------------------------------------------------] (0.02%)** [#---------------------------------------------------------------] (2.01%)** [##--------------------------------------------------------------] (3.21%)** [###-------------------------------------------------------------] (4.69%)** [####------------------------------------------------------------] (6.57%)** [#####-----------------------------------------------------------] (7.86%)** [######----------------------------------------------------------] (9.98%)** [#######---------------------------------------------------------] (11.27%)** [########--------------------------------------------------------] (12.56%)** [#########-------------------------------------------------------] (14.75%)** [##########------------------------------------------------------] (16.00%)** [###########-----------------------------------------------------] (17.41%)** [############----------------------------------------------------] (19.20%)** [#############---------------------------------------------------] (20.43%)** [##############--------------------------------------------------] (22.64%)** [###############-------------------------------------------------] (23.88%)** [################------------------------------------------------] (25.29%)** [#################-----------------------------------------------] (27.40%)** [##################----------------------------------------------] (28.85%)** [###################---------------------------------------------] (29.72%)** [####################--------------------------------------------] (31.42%)** [#####################-------------------------------------------] (33.13%)** [######################------------------------------------------] (34.40%)** [#######################-----------------------------------------] (36.63%)** [########################----------------------------------------] (37.91%)** [#########################---------------------------------------] (39.34%)** [##########################--------------------------------------] (40.63%)** [###########################-------------------------------------] (42.94%)** [############################------------------------------------] (43.80%)** [#############################-----------------------------------] (45.57%)** [##############################----------------------------------] (47.32%)** [###############################---------------------------------] (48.50%)** [################################--------------------------------] (50.71%)** [#################################-------------------------------] (51.91%)** [##################################------------------------------] (53.30%)** [###################################-----------------------------] (55.44%)** [####################################----------------------------] (56.83%)** [#####################################---------------------------] (58.09%)** [######################################--------------------------] (60.24%)** [#######################################-------------------------] (61.15%)** [########################################------------------------] (62.86%)** [#########################################-----------------------] (64.65%)** [##########################################----------------------] (65.90%)** [###########################################---------------------] (67.32%)** [############################################--------------------] (69.44%)** [#############################################-------------------] (70.77%)** [##############################################------------------] (72.00%)** [###############################################-----------------] (74.27%)** [################################################----------------] (75.23%)** [#################################################---------------] (76.74%)** [##################################################--------------] (78.62%)** [###################################################-------------] (79.83%)** [####################################################------------] (82.13%)** [#####################################################-----------] (83.29%)** [######################################################----------] (84.63%)** [#######################################################---------] (86.70%)** [########################################################--------] (88.10%)** [#########################################################-------] (89.26%)** [##########################################################------] (91.51%)** [###########################################################-----] (92.43%)** [############################################################----] (94.07%)** [#############################################################---] (95.88%)** [##############################################################--] (97.06%)** [###############################################################-] (99.24%)** [################################################################] (100.00%)
** Exiting...
FILE: /uscms_data/d3/iturkmen/hh4b_delphes/root/ttbar_100k_shard009_pythia8_delphes.root

KEYS:
  ProcessID0;1
  Delphes;1

TREE: Delphes
ENTRIES: 10000

OBJECT CHECK:
  Event: OK
  Particle: OK
  Jet: OK
  GenJet: OK
  MissingET: OK
  GenMissingET: OK
  Electron: OK
  Muon: OK

SIZE BRANCHES:
  Event_size
  Weight_size
  Particle_size
  Track_size
  Tower_size
  EFlowTrack_size
  EFlowPhoton_size
  EFlowNeutralHadron_size
  GenJet_size
  GenMissingET_size
  Jet_size
  Electron_size
  Photon_size
  Muon_size
  FatJet_size
  MissingET_size
  ScalarHT_size
Input: /uscms_data/d3/iturkmen/hh4b_delphes/root/ttbar_100k_shard009_pythia8_delphes.root
Events: 10000

      event  n_higgs_particles  ...  n_genjets_flavor5  n_genjets_btag
0         0                  0  ...                  0               0
1         1                  0  ...                  0               0
2         2                  0  ...                  0               0
3         3                  0  ...                  0               0
4         4                  0  ...                  0               0
...     ...                ...  ...                ...             ...
9995   9995                  0  ...                  0               0
9996   9996                  0  ...                  0               0
9997   9997                  0  ...                  0               0
9998   9998                  0  ...                  0               0
9999   9999                  0  ...                  0               0

[10000 rows x 15 columns]

Column sums:
  n_higgs_particles: 0
  n_b_particles: 101080
  n_status1_b_particles: 0
  n_jets: 54438
  n_jets_pt30_eta25: 41806
  n_jets_flavor5: 17471
  n_jets_flavoralgo5: 0
  n_jets_flavorphys5: 0
  n_btagged_jets: 13123
  n_btagged_jets_pt30_eta25: 12204
  n_genjets: 59770
  n_genjets_pt30_eta25: 43418
  n_genjets_flavor5: 0
  n_genjets_btag: 0

Events with >=4 reconstructed jets: 6623
Events with >=4 reconstructed b-tagged jets: 44
Events with >=4 jet FlavorPhys b jets: 0
Events with >=4 generator-level b particles: 9989

Wrote: /uscms_data/d3/iturkmen/hh4b_delphes/metadata/ttbar_100k_shard009_diagnostic.csv
Wrote: /uscms_data/d3/iturkmen/hh4b_delphes/parquet/ttbar_100k_shard009_event_summary.parquet
                   sample  event  ...  ht_pt30_eta25         met
0     ttbar_100k_shard009      0  ...     334.101440   72.079544
1     ttbar_100k_shard009      1  ...     286.105530   61.358315
2     ttbar_100k_shard009      2  ...     234.452820  107.852753
3     ttbar_100k_shard009      3  ...     225.912796   65.799454
4     ttbar_100k_shard009      4  ...     474.836365   45.452805
...                   ...    ...  ...            ...         ...
9995  ttbar_100k_shard009   9995  ...     347.657593   75.777412
9996  ttbar_100k_shard009   9996  ...     141.237122   64.210121
9997  ttbar_100k_shard009   9997  ...     222.445129  192.279388
9998  ttbar_100k_shard009   9998  ...     121.490601   43.124374
9999  ttbar_100k_shard009   9999  ...      96.153732   40.565155

[10000 rows x 13 columns]

Selection counts:
  events: 10000
  events with >=4 selected jets: 6623
  events with >=4 selected b-tagged jets: 44
DONE: ttbar_100k_shard009
ROOT: /uscms_data/d3/iturkmen/hh4b_delphes/root/ttbar_100k_shard009_pythia8_delphes.root
HEPMC: /uscms_data/d3/iturkmen/hh4b_delphes/hepmc/ttbar_100k_shard009_pythia8.hepmc
PARQUET: /uscms_data/d3/iturkmen/hh4b_delphes/parquet/ttbar_100k_shard009_event_summary.parquet
DIAGNOSTIC: /uscms_data/d3/iturkmen/hh4b_delphes/metadata/ttbar_100k_shard009_diagnostic.csv
Input events: 10000
Events with >=4 selected b-tagged jets: 44
Wrote: /uscms_data/d3/iturkmen/hh4b_delphes/parquet/ttbar_100k_shard009_hh4b_candidates.parquet

             mbb1        mbb2  ...          mhh  n_selected_bjets
count   44.000000   44.000000  ...    44.000000         44.000000
mean   142.902512  128.700322  ...   497.806490          4.068182
std     52.091026   51.420093  ...   306.226062          0.254972
min     65.540168   51.591903  ...   206.313743          4.000000
25%    108.026353   94.838711  ...   303.996766          4.000000
50%    133.979078  122.288432  ...   403.494415          4.000000
75%    169.106641  143.680120  ...   586.226532          4.000000
max    354.301841  301.172953  ...  1648.959932          5.000000

[8 rows x 6 columns]
sample: ttbar_100k_shard009
events: 10000
candidate rows: 44
cross-section median pb: 511.8790283203125
events with >=4 selected jets: 6623
events with >=4 selected b-tagged jets: 44
median mbb1: 133.97907828501252
median mbb2: 122.28843189877631
median avg_mbb: 128.77896948603487
median delta_mbb: 30.7235616459065
median mhh: 403.4944151840664
median n_selected_bjets: 4.0
Wrote: /uscms_data/d3/iturkmen/hh4b_delphes/metadata/ttbar_100k_shard009_summary.txt
DONE ttbar_100k_shard009
Finished shard 009
campaign: ttbar_100k
shards: 10
events_per_shard: 10000
total generated events: 100000
candidate rows: 375
events with >=4 selected jets: 66063
events with >=4 selected b-tagged jets: 375
median xsec pb: 512.2179260253906
median mbb1: 135.78179236948054
median mbb2: 120.57499447175921
median avg_mbb: 130.51382600755423
median delta_mbb: 40.584715183582716
median mhh: 413.98830995875227
median n_selected_bjets: 4.0
merged event summary: /uscms_data/d3/iturkmen/hh4b_delphes/parquet/ttbar_100k_merged_event_summary.parquet
merged candidates: /uscms_data/d3/iturkmen/hh4b_delphes/parquet/ttbar_100k_merged_hh4b_candidates.parquet
Wrote: /uscms_data/d3/iturkmen/hh4b_delphes/metadata/ttbar_100k_summary.txt

DONE campaign ttbar_100k
Manifest: /uscms_data/d3/iturkmen/hh4b_delphes/metadata/ttbar_100k_manifest.csv
Summary: /uscms_data/d3/iturkmen/hh4b_delphes/metadata/ttbar_100k_summary.txt
	Command being timed: "scripts/delphes/run_storage_safe_local_campaign.sh ttbar_100k /uscms_data/d3/iturkmen/hh4b_delphes/mg5/TTbar_smoke 10 10000 105000 yes 1 yes"
	User time (seconds): 2796.86
	System time (seconds): 107.24
	Percent of CPU this job got: 85%
	Elapsed (wall clock) time (h:mm:ss or m:ss): 56:50.48
	Average shared text size (kbytes): 0
	Average unshared data size (kbytes): 0
	Average stack size (kbytes): 0
	Average total size (kbytes): 0
	Maximum resident set size (kbytes): 539440
	Average resident set size (kbytes): 0
	Major (requiring I/O) page faults: 26324
	Minor (reclaiming a frame) page faults: 9545271
	Voluntary context switches: 855894
	Involuntary context switches: 746358
	Swaps: 0
	File system inputs: 57030760
	File system outputs: 75357920
	Socket messages sent: 0
	Socket messages received: 0
	Signals delivered: 0
	Page size (bytes): 4096
	Exit status: 0
