
============================================================
Starting shard 000 / campaign ttbb_50k
TAG=ttbb_50k_shard000
RUN_NAME=run_ttbb_50k_000
SEED=107000
============================================================
PROCESS_DIR=/uscms_data/d3/iturkmen/hh4b_delphes/mg5/TTbb_smoke
RUN_NAME=run_ttbb_50k_000
N_EVENTS=5000
SEED=107000
OUTPUT_TAG=ttbb_50k_shard000
APPLY_B_CUTS=yes
Updated run card:
 5000 = nevents ! Number of unweighted events
 107000 = iseed ! Random seed
 25.0 = ptb ! minimum pt for b quarks
  -1.0	= ptbmax ! maximum pt for the b
 2.7 = etab ! maximum eta for b quarks
  0.0	= etabmin ! min rap for the b
 0.4 = drbb ! minimum deltaR between b quarks
  -1.0	= drbbmax ! max distance between b's
  0.0	= xptb ! minimum pt for at least one b 
 0.4 = drbj ! minimum deltaR between b and light jets
 20.0 = ptj ! minimum pt for jets
 5.0 = etaj ! maximum eta for jets
************************************************************
*                                                          *
*                      W E L C O M E to                    *
*             M A D G R A P H 5 _ a M C @ N L O            *
*                      M A D E V E N T                     *
*                                                          *
*                 *                       *                *
*                   *        * *        *                  *
*                     * * * * 5 * * * *                    *
*                   *        * *        *                  *
*                 *                       *                *
*                                                          *
*         VERSION 3.5.3                                    *
*                                                          *
*    The MadGraph5_aMC@NLO Development Team - Find us at   *
*    https://server06.fynu.ucl.ac.be/projects/madgraph     *
*                                                          *
*               Type 'help' for in-line help.              *
*                                                          *
************************************************************
INFO: load configuration from /uscms_data/d3/iturkmen/hh4b_delphes/mg5/TTbb_smoke/Cards/me5_configuration.txt  
INFO: load configuration from /cvmfs/sft.cern.ch/lcg/releases/MCGenerators/madgraph5amc/3.5.3.atlas7-2c347/x86_64-el9-gcc13-opt/input/mg5_configuration.txt  
INFO: load configuration from /uscms_data/d3/iturkmen/hh4b_delphes/mg5/TTbb_smoke/Cards/me5_configuration.txt  
Using default text editor "vi". Set another one in ./input/mg5_configuration.txt
Using default eps viewer "evince". Set another one in ./input/mg5_configuration.txt
Using default web browser "firefox". Set another one in ./input/mg5_configuration.txt
generate_events run_ttbb_50k_000 -f
Generating 5000 events with run name run_ttbb_50k_000
survey  run_ttbb_50k_000 
INFO: compile directory 
compile Source Directory
Using random number seed offset = 107000
INFO: Running Survey 
Creating Jobs
Working on SubProcesses
INFO: Compiling for process 1/2. 
INFO:     P1_gg_ttxbbx  
  0%|          | 0/1049 [00:00<?, ?it/s] 58%|█████▊    | 604/1049 [00:00<00:00, 5876.09it/s]100%|██████████| 1049/1049 [00:00<00:00, 6303.84it/s]
INFO: Compiling for process 2/2. 
INFO:     P1_qq_ttxbbx  
  0%|          | 0/816 [00:00<?, ?it/s]100%|██████████| 816/816 [00:00<00:00, 39469.43it/s]
INFO:     P1_gg_ttxbbx  
INFO:     P1_qq_ttxbbx  
INFO:  Idle: 4,  Running: 8,  Completed: 0 [ current time: 14h56 ] 
INFO:  Idle: 3,  Running: 8,  Completed: 1 [  0.082s  ] 
INFO:  Idle: 0,  Running: 0,  Completed: 12 [  9.3s  ] 
INFO:  Idle: 0,  Running: 0,  Completed: 12 [  9.3s  ] 
INFO: End survey 
refine 5000
Creating Jobs
INFO: Refine results to 5000 
INFO: Generating 5000.0 unweighted events. 
sum of cpu time of last step: 20 seconds
INFO: Effective Luminosity 3932.8588163503714 pb^-1 
INFO: need to improve 9 channels 
- Current estimate of cross-section: 1.525607778 +- 0.013624541998117589
    P1_gg_ttxbbx 
    P1_qq_ttxbbx 
INFO:  Idle: 3,  Running: 8,  Completed: 0 [ current time: 14h56 ] 
INFO:  Idle: 1,  Running: 8,  Completed: 2 [  1.7s  ] 
INFO:  Idle: 0,  Running: 0,  Completed: 11 [  4.6s  ] 
INFO: Combining runs 
sum of cpu time of last step: 44 seconds
INFO: finish refine 
refine 5000 --treshold=0.9
No need for second refine due to stability of cross-section
INFO: Combining Events 
combination of events done in 3.852773666381836 s 
  === Results Summary for run: run_ttbb_50k_000 tag: tag_1 ===

     Cross-section :   1.549 +- 0.00653 pb
     Nb of events :  5000
 
INFO: Running Systematics computation 
INFO:  Idle: 1,  Running: 1,  Completed: 0 [ current time: 14h57 ] 
INFO:  Idle: 0,  Running: 1,  Completed: 1 [  8s  ] 
INFO: # Events generated with PDF: NNPDF23_lo_as_0130_qed (247000) 
INFO: # Will Compute 145 weights per event. 
INFO: #***************************************************************************
#
# original cross-section: 1.548522157496909
#     scale variation: +70% -37.8%
#     central scheme variation: + 0% -61.2%
# PDF variation: +7.49% -7.49%
#
# dynamical scheme # 1 : 0.844756 +58% -34.5% # \sum ET
# dynamical scheme # 2 : 0.719892 +55.5% -33.7% # \sum\sqrt{m^2+pt^2}
# dynamical scheme # 3 : 1.11978 +62% -35.7% # 0.5 \sum\sqrt{m^2+pt^2}
# dynamical scheme # 4 : 0.600541 +53% -32.8% # \sqrt{\hat s}
#***************************************************************************
 
INFO: End of systematics computation 
store_events
INFO: Storing parton level results 
INFO: End Parton 
reweight -from_cards
decay_events -from_cards
INFO: storing files of previous run 
INFO: Done 
quit
INFO:  
LHE=/uscms_data/d3/iturkmen/hh4b_delphes/mg5/TTbb_smoke/Events/run_ttbb_50k_000/unweighted_events.lhe.gz
N_FOUND=5000
Sample: ttbb_50k_shard000
Input LHE.GZ: /uscms_data/d3/iturkmen/hh4b_delphes/mg5/TTbb_smoke/Events/run_ttbb_50k_000/unweighted_events.lhe.gz
Events requested: 5000
Output tag: ttbb_50k_shard000
LHE: /uscms_data/d3/iturkmen/hh4b_delphes/mg5/TTbb_smoke/Events/run_ttbb_50k_000/unweighted_events.lhe
HEPMC: /uscms_data/d3/iturkmen/hh4b_delphes/hepmc/ttbb_50k_shard000_pythia8.hepmc
ROOT: /uscms_data/d3/iturkmen/hh4b_delphes/root/ttbb_50k_shard000_pythia8_delphes.root
LHE event count: 5000

 *------------------------------------------------------------------------------------* 
 |                                                                                    | 
 |  *------------------------------------------------------------------------------*  | 
 |  |                                                                              |  | 
 |  |                                                                              |  | 
 |  |   PPP   Y   Y  TTTTT  H   H  III    A      Welcome to the Lund Monte Carlo!  |  | 
 |  |   P  P   Y Y     T    H   H   I    A A     This is PYTHIA version 8.312      |  | 
 |  |   PPP     Y      T    HHHHH   I   AAAAA    Last date of change: 23 May 2024  |  | 
 |  |   P       Y      T    H   H   I   A   A                                      |  | 
 |  |   P       Y      T    H   H  III  A   A    Now is 08 Jul 2026 at 14:58:02    |  | 
 |  |                                                                              |  | 
 |  |   Program documentation and an archive of historic versions is found on:     |  | 
 |  |                                                                              |  | 
 |  |                               https://pythia.org/                            |  | 
 |  |                                                                              |  | 
 |  |   PYTHIA is authored by a collaboration consisting of:                       |  | 
 |  |                                                                              |  | 
 |  |   Javira Altmann, Christian Bierlich, Naomi Cooke, Nishita Desai,            |  | 
 |  |   Leif Gellersen, Ilkka Helenius, Philip Ilten, Leif Lonnblad,               |  | 
 |  |   Stephen Mrenna, Christian Preuss, Torbjorn Sjostrand, Peter Skands,        |  | 
 |  |   Marius Utheim, and Rob Verheyen.                                           |  | 
 |  |                                                                              |  | 
 |  |   The complete list of authors, including contact information and            |  | 
 |  |   affiliations, can be found on https://pythia.org/.                         |  | 
 |  |   Problems or bugs should be reported on email at authors@pythia.org.        |  | 
 |  |                                                                              |  | 
 |  |   The main program reference is C. Bierlich et al,                           |  | 
 |  |   'A comprehensive guide to the physics and usage of Pythia 8.3',            |  | 
 |  |   SciPost Phys. Codebases 8-r8.3 (2022) [arXiv:2203.11601 [hep-ph]]          |  | 
 |  |                                                                              |  | 
 |  |   PYTHIA is released under the GNU General Public Licence version 2 or later.|  | 
 |  |   Please respect the MCnet Guidelines for Event Generator Authors and Users. |  | 
 |  |                                                                              |  | 
 |  |   Disclaimer: this program comes without any guarantees.                     |  | 
 |  |   Beware of errors and use common sense when interpreting results.           |  | 
 |  |                                                                              |  | 
 |  |   Copyright (C) 2024 Torbjorn Sjostrand                                      |  | 
 |  |                                                                              |  | 
 |  |                                                                              |  | 
 |  *------------------------------------------------------------------------------*  | 
 |                                                                                    | 
 *------------------------------------------------------------------------------------* 

 *-----------------------  SusyLesHouches SUSY/BSM Interface  ------------------------*
 | Last Change 12 Apr 2017 - P. Skands
 | Parsing: /uscms_data/d3/iturkmen/hh4b_delphes/mg5/TTbb_smoke/Events/run_ttbb_50k_000/unweighted_events.lhe
 | (SLHA::readFile) line 338 - storing non-SLHA(2) block: yukawa
 *------------------------------------------------------------------------------------*
 PYTHIA Info from SLHAinterface::initSLHA: No MODSEL found, keeping internal SUSY switched off
 PYTHIA Warning in SLHAinterface::initSLHA: ignoring MASS entries for id = {1,2,3,4,5,11,12,13,14,15,16,21,22,23,24} (m0 < SLHA:minMassSM)
 PYTHIA Warning in SLHAinterface::initSLHA: ignoring DECAY tables for id = {23,24,1,2,3,4,5,11,12,13,14,15,16,21,22} (m0 < SLHA:minMassSM)
 PYTHIA Warning in SLHAinterface::initSLHA: ignoring empty DECAY tables for id = {6,25} (total width provided but no Branching Ratios)

 *-------  PYTHIA Process Initialization  --------------------------*
 |                                                                  |
 | We collide p+ with p+ at a CM energy of 1.300e+04 GeV            |
 |                                                                  |
 |------------------------------------------------------------------|
 |                                                    |             |
 | Subprocess                                    Code |   Estimated |
 |                                                    |    max (mb) |
 |                                                    |             |
 |------------------------------------------------------------------|
 |                                                    |             |
 | Les Houches User Process(es)                  9999 |   1.000e-09 |
 |                                                                  |
 *-------  End PYTHIA Process Initialization -----------------------*

 *-------  PYTHIA Multiparton Interactions Initialization  ---------* 
 |                                                                  | 
 |                   sigmaNonDiffractive =    56.42 mb              | 
 |                                                                  | 
 |    pT0 =  2.60 gives sigmaInteraction =   317.96 mb: accepted    | 
 |                                                                  | 
 *-------  End PYTHIA Multiparton Interactions Initialization  -----* 

 *-------  PYTHIA Flag + Mode + Parm + Word + FVec + MVec + PVec + WVec Settings (changes only)  ------------------* 
 |                                                                                                                 | 
 | Name                                          |                      Now |      Default         Min         Max | 
 |                                               |                          |                                      | 
 | Beams:frameType                               |                        4 |            1           1           5 | 
 | Beams:LHEF                                    | /uscms_data/d3/iturkmen/hh4b_delphes/mg5/TTbb_smoke/Events/run_ttbb_50k_000/unweighted_events.lhe |         void | 
 | Check:event                                   |                      off |           on                         | 
 | Next:numberCount                              |                       10 |         1000           0             | 
 | Next:numberShowEvent                          |                        0 |            1           0             | 
 | Next:numberShowInfo                           |                        0 |            1           0             | 
 | Next:numberShowProcess                        |                        0 |            1           0             | 
 |                                                                                                                 | 
 *-------  End PYTHIA Flag + Mode + Parm + Word + FVec + MVec + PVec + WVec Settings  -----------------------------* 

 --------  PYTHIA Particle Data Table (changed only)  ------------------------------------------------------------------------------
 
      id   name            antiName         spn chg col      m0        mWidth      mMin       mMax       tau0    res dec ext vis wid
             no onMode   bRatio   meMode     products 

       6  t                tbar               2   2   1  173.00000    1.35678  166.40000  179.60000  1.45438e-13   1   1   0   1   0
              0     1   0.0000664    0       24        1 
              1     1   0.0017361    0       24        3 
              2     1   0.9981975    0       24        5 
              3     0   0.0000000    0       37        5 

      25  h0                                  1   0   0  125.00000    0.00408  124.96809  125.03191  4.83238e-11   1   1   0   0   0
              0     1   0.0000009    0        1       -1 
              1     1   0.0000002    0        2       -2 
              2     1   0.0002163    0        3       -3 
              3     1   0.0288493    0        4       -4 
              4     1   0.5768873    0        5       -5 
              5     1   0.0000000    0        6       -6 
              6     1   0.0000000    0       11      -11 
              7     1   0.0002185    0       13      -13 
              8     1   0.0628569    0       15      -15 
              9     1   0.0850383    0       21       21 
             10     1   0.0022965    0       22       22 
             11     1   0.0016155    0       22       23 
             12     1   0.0261758    0       23       23 
             13     1   0.2158445    0       24      -24 
             14     1   0.0000000  103  1000022  1000022 
             15     1   0.0000000  103  1000023  1000022 
             16     1   0.0000000  103  1000023  1000023 
             17     1   0.0000000  103  1000025  1000022 
             18     1   0.0000000  103  1000025  1000023 
             19     1   0.0000000  103  1000025  1000025 
             20     1   0.0000000  103  1000035  1000022 
             21     1   0.0000000  103  1000035  1000023 
             22     1   0.0000000  103  1000035  1000025 
             23     1   0.0000000  103  1000035  1000035 
             24     1   0.0000000  103  1000024 -1000024 
             25     1   0.0000000  103  1000024 -1000037 
             26     1   0.0000000  103  1000037 -1000024 
             27     1   0.0000000  103  1000037 -1000037 
             28     1   0.0000000  103  1000001 -1000001 
             29     1   0.0000000  103  2000001 -2000001 
             30     1   0.0000000  103  1000001 -2000001 
             31     1   0.0000000  103 -1000001  2000001 
             32     1   0.0000000  103  1000002 -1000002 
             33     1   0.0000000  103  2000002 -2000002 
             34     1   0.0000000  103  1000002 -2000002 
             35     1   0.0000000  103 -1000002  2000002 
             36     1   0.0000000  103  1000003 -1000003 
             37     1   0.0000000  103  2000003 -2000003 
             38     1   0.0000000  103  1000003 -2000003 
             39     1   0.0000000  103 -1000003  2000003 
             40     1   0.0000000  103  1000004 -1000004 
             41     1   0.0000000  103  2000004 -2000004 
             42     1   0.0000000  103  1000004 -2000004 
             43     1   0.0000000  103 -1000004  2000004 
             44     1   0.0000000  103  1000005 -1000005 
             45     1   0.0000000  103  2000005 -2000005 
             46     1   0.0000000  103  1000005 -2000005 
             47     1   0.0000000  103 -1000005  2000005 
             48     1   0.0000000  103  1000006 -1000006 
             49     1   0.0000000  103  2000006 -2000006 
             50     1   0.0000000  103  1000006 -2000006 
             51     1   0.0000000  103 -1000006  2000006 
             52     1   0.0000000  103  1000011 -1000011 
             53     1   0.0000000  103  2000011 -2000011 
             54     1   0.0000000  103  1000011 -2000011 
             55     1   0.0000000  103 -1000011  2000011 
             56     1   0.0000000  103  1000012 -1000012 
             57     1   0.0000000  103  2000012 -2000012 
             58     1   0.0000000  103  1000012 -2000012 
             59     1   0.0000000  103 -1000012  2000012 
             60     1   0.0000000  103  1000013 -1000013 
             61     1   0.0000000  103  2000013 -2000013 
             62     1   0.0000000  103  1000013 -2000013 
             63     1   0.0000000  103 -1000013  2000013 
             64     1   0.0000000  103  1000014 -1000014 
             65     1   0.0000000  103  2000014 -2000014 
             66     1   0.0000000  103  1000014 -2000014 
             67     1   0.0000000  103 -1000014  2000014 
             68     1   0.0000000  103  1000015 -1000015 
             69     1   0.0000000  103  2000015 -2000015 
             70     1   0.0000000  103  1000015 -2000015 
             71     1   0.0000000  103 -1000015  2000015 
             72     1   0.0000000  103  1000016 -1000016 
             73     1   0.0000000  103  2000016 -2000016 
             74     1   0.0000000  103  1000016 -2000016 
             75     1   0.0000000  103 -1000016  2000016 

 --------  End PYTHIA Particle Data Table  -----------------------------------------------------------------------------------------


 --------  LHA initialization information  ------------ 

  beam    kind      energy  pdfgrp  pdfset 
     A    2212    6500.000       0  247000
     B    2212    6500.000       0  247000

  Event weighting strategy = -4

  Processes, with strategy-dependent cross section info 
  number      xsec (pb)      xerr (pb)      xmax (pb) 
       1     1.5488e+00     6.5302e-03     1.5488e+00

 --------  End LHA initialization information  -------- 

 --------  LHA event information and listing  ---------------------------------------------------------------------- 

    process =        1    weight =   1.5488e+00     scale =   1.6568e+02 (GeV) 
                        alpha_em =   7.5558e-03    alpha_strong =   1.1908e-01

    Participating Particles 
    no        id stat     mothers     colours      p_x        p_y        p_z         e          m        tau    spin 
     1        21   -1     0     0   502   503      0.000      0.000    157.942    157.942      0.000   0.000  -1.000
     2        21   -1     0     0   501   504     -0.000     -0.000  -1404.424   1404.424      0.000   0.000  -1.000
     3         6    1     1     2   501     0    -59.950    186.302   -639.485    690.652    172.500   0.000  -1.000
     4        -6    1     1     2     0   503     56.317   -176.636   -509.275    568.761    172.500   0.000   1.000
     5         5    1     1     2   502     0    -33.079     28.499   -190.786    195.775      4.700   0.000   1.000
     6        -5    1     1     2     0   504     36.712    -38.166     93.063    107.179      4.700   0.000  -1.000

 --------  End LHA event information and listing  ------------------------------------------------------------------ 

 Pythia::next(): 10 events have been generated 

 Pythia::next(): 20 events have been generated 

 Pythia::next(): 30 events have been generated 

 Pythia::next(): 40 events have been generated 

 Pythia::next(): 50 events have been generated 

 Pythia::next(): 60 events have been generated 

 Pythia::next(): 70 events have been generated 

 Pythia::next(): 80 events have been generated 

 Pythia::next(): 90 events have been generated 

 Pythia::next(): 100 events have been generated 

 Pythia::next(): 110 events have been generated 

 Pythia::next(): 120 events have been generated 

 Pythia::next(): 130 events have been generated 

 Pythia::next(): 140 events have been generated 

 Pythia::next(): 150 events have been generated 

 Pythia::next(): 160 events have been generated 

 Pythia::next(): 170 events have been generated 

 Pythia::next(): 180 events have been generated 

 Pythia::next(): 190 events have been generated 

 Pythia::next(): 200 events have been generated 

 Pythia::next(): 210 events have been generated 

 Pythia::next(): 220 events have been generated 

 Pythia::next(): 230 events have been generated 

 Pythia::next(): 240 events have been generated 

 Pythia::next(): 250 events have been generated 

 Pythia::next(): 260 events have been generated 

 Pythia::next(): 270 events have been generated 

 Pythia::next(): 280 events have been generated 

 Pythia::next(): 290 events have been generated 

 Pythia::next(): 300 events have been generated 

 Pythia::next(): 310 events have been generated 

 Pythia::next(): 320 events have been generated 

 Pythia::next(): 330 events have been generated 

 Pythia::next(): 340 events have been generated 

 Pythia::next(): 350 events have been generated 

 Pythia::next(): 360 events have been generated 

 Pythia::next(): 370 events have been generated 

 Pythia::next(): 380 events have been generated 

 Pythia::next(): 390 events have been generated 

 Pythia::next(): 400 events have been generated 

 Pythia::next(): 410 events have been generated 

 Pythia::next(): 420 events have been generated 

 Pythia::next(): 430 events have been generated 

 Pythia::next(): 440 events have been generated 

 Pythia::next(): 450 events have been generated 

 Pythia::next(): 460 events have been generated 

 Pythia::next(): 470 events have been generated 

 Pythia::next(): 480 events have been generated 

 Pythia::next(): 490 events have been generated 

 Pythia::next(): 500 events have been generated 

 Pythia::next(): 510 events have been generated 

 Pythia::next(): 520 events have been generated 

 Pythia::next(): 530 events have been generated 

 Pythia::next(): 540 events have been generated 

 Pythia::next(): 550 events have been generated 

 Pythia::next(): 560 events have been generated 

 Pythia::next(): 570 events have been generated 

 Pythia::next(): 580 events have been generated 

 Pythia::next(): 590 events have been generated 

 Pythia::next(): 600 events have been generated 

 Pythia::next(): 610 events have been generated 

 Pythia::next(): 620 events have been generated 

 Pythia::next(): 630 events have been generated 

 Pythia::next(): 640 events have been generated 

 Pythia::next(): 650 events have been generated 

 Pythia::next(): 660 events have been generated 

 Pythia::next(): 670 events have been generated 

 Pythia::next(): 680 events have been generated 

 Pythia::next(): 690 events have been generated 

 Pythia::next(): 700 events have been generated 

 Pythia::next(): 710 events have been generated 

 Pythia::next(): 720 events have been generated 

 Pythia::next(): 730 events have been generated 

 Pythia::next(): 740 events have been generated 

 Pythia::next(): 750 events have been generated 

 Pythia::next(): 760 events have been generated 

 Pythia::next(): 770 events have been generated 

 Pythia::next(): 780 events have been generated 

 Pythia::next(): 790 events have been generated 

 Pythia::next(): 800 events have been generated 

 Pythia::next(): 810 events have been generated 

 Pythia::next(): 820 events have been generated 

 Pythia::next(): 830 events have been generated 

 Pythia::next(): 840 events have been generated 

 Pythia::next(): 850 events have been generated 

 Pythia::next(): 860 events have been generated 

 Pythia::next(): 870 events have been generated 

 Pythia::next(): 880 events have been generated 

 Pythia::next(): 890 events have been generated 

 Pythia::next(): 900 events have been generated 

 Pythia::next(): 910 events have been generated 

 Pythia::next(): 920 events have been generated 

 Pythia::next(): 930 events have been generated 

 Pythia::next(): 940 events have been generated 

 Pythia::next(): 950 events have been generated 

 Pythia::next(): 960 events have been generated 

 Pythia::next(): 970 events have been generated 

 Pythia::next(): 980 events have been generated 

 Pythia::next(): 990 events have been generated 

 Pythia::next(): 1000 events have been generated 

 Pythia::next(): 1010 events have been generated 

 Pythia::next(): 1020 events have been generated 

 Pythia::next(): 1030 events have been generated 

 Pythia::next(): 1040 events have been generated 

 Pythia::next(): 1050 events have been generated 

 Pythia::next(): 1060 events have been generated 

 Pythia::next(): 1070 events have been generated 

 Pythia::next(): 1080 events have been generated 

 Pythia::next(): 1090 events have been generated 

 Pythia::next(): 1100 events have been generated 

 Pythia::next(): 1110 events have been generated 

 Pythia::next(): 1120 events have been generated 

 Pythia::next(): 1130 events have been generated 

 Pythia::next(): 1140 events have been generated 

 Pythia::next(): 1150 events have been generated 

 Pythia::next(): 1160 events have been generated 

 Pythia::next(): 1170 events have been generated 

 Pythia::next(): 1180 events have been generated 

 Pythia::next(): 1190 events have been generated 

 Pythia::next(): 1200 events have been generated 

 Pythia::next(): 1210 events have been generated 

 Pythia::next(): 1220 events have been generated 

 Pythia::next(): 1230 events have been generated 

 Pythia::next(): 1240 events have been generated 

 Pythia::next(): 1250 events have been generated 

 Pythia::next(): 1260 events have been generated 

 Pythia::next(): 1270 events have been generated 

 Pythia::next(): 1280 events have been generated 

 Pythia::next(): 1290 events have been generated 

 Pythia::next(): 1300 events have been generated 

 Pythia::next(): 1310 events have been generated 

 Pythia::next(): 1320 events have been generated 

 Pythia::next(): 1330 events have been generated 

 Pythia::next(): 1340 events have been generated 

 Pythia::next(): 1350 events have been generated 

 Pythia::next(): 1360 events have been generated 
 PYTHIA Warning in SimpleTimeShower::pTnext: negative dipole mass

 Pythia::next(): 1370 events have been generated 

 Pythia::next(): 1380 events have been generated 

 Pythia::next(): 1390 events have been generated 

 Pythia::next(): 1400 events have been generated 

 Pythia::next(): 1410 events have been generated 

 Pythia::next(): 1420 events have been generated 

 Pythia::next(): 1430 events have been generated 

 Pythia::next(): 1440 events have been generated 

 Pythia::next(): 1450 events have been generated 

 Pythia::next(): 1460 events have been generated 

 Pythia::next(): 1470 events have been generated 

 Pythia::next(): 1480 events have been generated 

 Pythia::next(): 1490 events have been generated 

 Pythia::next(): 1500 events have been generated 

 Pythia::next(): 1510 events have been generated 

 Pythia::next(): 1520 events have been generated 

 Pythia::next(): 1530 events have been generated 

 Pythia::next(): 1540 events have been generated 

 Pythia::next(): 1550 events have been generated 

 Pythia::next(): 1560 events have been generated 

 Pythia::next(): 1570 events have been generated 

 Pythia::next(): 1580 events have been generated 

 Pythia::next(): 1590 events have been generated 

 Pythia::next(): 1600 events have been generated 

 Pythia::next(): 1610 events have been generated 

 Pythia::next(): 1620 events have been generated 

 Pythia::next(): 1630 events have been generated 

 Pythia::next(): 1640 events have been generated 

 Pythia::next(): 1650 events have been generated 

 Pythia::next(): 1660 events have been generated 

 Pythia::next(): 1670 events have been generated 

 Pythia::next(): 1680 events have been generated 

 Pythia::next(): 1690 events have been generated 

 Pythia::next(): 1700 events have been generated 

 Pythia::next(): 1710 events have been generated 

 Pythia::next(): 1720 events have been generated 

 Pythia::next(): 1730 events have been generated 

 Pythia::next(): 1740 events have been generated 

 Pythia::next(): 1750 events have been generated 

 Pythia::next(): 1760 events have been generated 

 Pythia::next(): 1770 events have been generated 

 Pythia::next(): 1780 events have been generated 

 Pythia::next(): 1790 events have been generated 

 Pythia::next(): 1800 events have been generated 

 Pythia::next(): 1810 events have been generated 

 Pythia::next(): 1820 events have been generated 

 Pythia::next(): 1830 events have been generated 

 Pythia::next(): 1840 events have been generated 

 Pythia::next(): 1850 events have been generated 

 Pythia::next(): 1860 events have been generated 

 Pythia::next(): 1870 events have been generated 

 Pythia::next(): 1880 events have been generated 

 Pythia::next(): 1890 events have been generated 

 Pythia::next(): 1900 events have been generated 

 Pythia::next(): 1910 events have been generated 

 Pythia::next(): 1920 events have been generated 

 Pythia::next(): 1930 events have been generated 

 Pythia::next(): 1940 events have been generated 

 Pythia::next(): 1950 events have been generated 

 Pythia::next(): 1960 events have been generated 

 Pythia::next(): 1970 events have been generated 

 Pythia::next(): 1980 events have been generated 

 Pythia::next(): 1990 events have been generated 

 Pythia::next(): 2000 events have been generated 

 Pythia::next(): 2010 events have been generated 

 Pythia::next(): 2020 events have been generated 

 Pythia::next(): 2030 events have been generated 

 Pythia::next(): 2040 events have been generated 

 Pythia::next(): 2050 events have been generated 

 Pythia::next(): 2060 events have been generated 

 Pythia::next(): 2070 events have been generated 

 Pythia::next(): 2080 events have been generated 

 Pythia::next(): 2090 events have been generated 

 Pythia::next(): 2100 events have been generated 

 Pythia::next(): 2110 events have been generated 

 Pythia::next(): 2120 events have been generated 

 Pythia::next(): 2130 events have been generated 

 Pythia::next(): 2140 events have been generated 

 Pythia::next(): 2150 events have been generated 

 Pythia::next(): 2160 events have been generated 

 Pythia::next(): 2170 events have been generated 

 Pythia::next(): 2180 events have been generated 

 Pythia::next(): 2190 events have been generated 

 Pythia::next(): 2200 events have been generated 

 Pythia::next(): 2210 events have been generated 

 Pythia::next(): 2220 events have been generated 

 Pythia::next(): 2230 events have been generated 

 Pythia::next(): 2240 events have been generated 

 Pythia::next(): 2250 events have been generated 

 Pythia::next(): 2260 events have been generated 

 Pythia::next(): 2270 events have been generated 

 Pythia::next(): 2280 events have been generated 

 Pythia::next(): 2290 events have been generated 

 Pythia::next(): 2300 events have been generated 

 Pythia::next(): 2310 events have been generated 

 Pythia::next(): 2320 events have been generated 

 Pythia::next(): 2330 events have been generated 

 Pythia::next(): 2340 events have been generated 

 Pythia::next(): 2350 events have been generated 

 Pythia::next(): 2360 events have been generated 

 Pythia::next(): 2370 events have been generated 

 Pythia::next(): 2380 events have been generated 

 Pythia::next(): 2390 events have been generated 

 Pythia::next(): 2400 events have been generated 

 Pythia::next(): 2410 events have been generated 

 Pythia::next(): 2420 events have been generated 

 Pythia::next(): 2430 events have been generated 

 Pythia::next(): 2440 events have been generated 

 Pythia::next(): 2450 events have been generated 

 Pythia::next(): 2460 events have been generated 

 Pythia::next(): 2470 events have been generated 

 Pythia::next(): 2480 events have been generated 

 Pythia::next(): 2490 events have been generated 

 Pythia::next(): 2500 events have been generated 

 Pythia::next(): 2510 events have been generated 

 Pythia::next(): 2520 events have been generated 

 Pythia::next(): 2530 events have been generated 

 Pythia::next(): 2540 events have been generated 

 Pythia::next(): 2550 events have been generated 

 Pythia::next(): 2560 events have been generated 

 Pythia::next(): 2570 events have been generated 

 Pythia::next(): 2580 events have been generated 

 Pythia::next(): 2590 events have been generated 

 Pythia::next(): 2600 events have been generated 

 Pythia::next(): 2610 events have been generated 

 Pythia::next(): 2620 events have been generated 

 Pythia::next(): 2630 events have been generated 

 Pythia::next(): 2640 events have been generated 

 Pythia::next(): 2650 events have been generated 

 Pythia::next(): 2660 events have been generated 

 Pythia::next(): 2670 events have been generated 

 Pythia::next(): 2680 events have been generated 

 Pythia::next(): 2690 events have been generated 

 Pythia::next(): 2700 events have been generated 

 Pythia::next(): 2710 events have been generated 

 Pythia::next(): 2720 events have been generated 

 Pythia::next(): 2730 events have been generated 

 Pythia::next(): 2740 events have been generated 

 Pythia::next(): 2750 events have been generated 

 Pythia::next(): 2760 events have been generated 

 Pythia::next(): 2770 events have been generated 

 Pythia::next(): 2780 events have been generated 

 Pythia::next(): 2790 events have been generated 

 Pythia::next(): 2800 events have been generated 

 Pythia::next(): 2810 events have been generated 

 Pythia::next(): 2820 events have been generated 

 Pythia::next(): 2830 events have been generated 

 Pythia::next(): 2840 events have been generated 

 Pythia::next(): 2850 events have been generated 

 Pythia::next(): 2860 events have been generated 

 Pythia::next(): 2870 events have been generated 

 Pythia::next(): 2880 events have been generated 

 Pythia::next(): 2890 events have been generated 

 Pythia::next(): 2900 events have been generated 

 Pythia::next(): 2910 events have been generated 

 Pythia::next(): 2920 events have been generated 

 Pythia::next(): 2930 events have been generated 

 Pythia::next(): 2940 events have been generated 

 Pythia::next(): 2950 events have been generated 

 Pythia::next(): 2960 events have been generated 

 Pythia::next(): 2970 events have been generated 

 Pythia::next(): 2980 events have been generated 

 Pythia::next(): 2990 events have been generated 

 Pythia::next(): 3000 events have been generated 

 Pythia::next(): 3010 events have been generated 

 Pythia::next(): 3020 events have been generated 

 Pythia::next(): 3030 events have been generated 

 Pythia::next(): 3040 events have been generated 

 Pythia::next(): 3050 events have been generated 

 Pythia::next(): 3060 events have been generated 

 Pythia::next(): 3070 events have been generated 

 Pythia::next(): 3080 events have been generated 

 Pythia::next(): 3090 events have been generated 

 Pythia::next(): 3100 events have been generated 

 Pythia::next(): 3110 events have been generated 

 Pythia::next(): 3120 events have been generated 

 Pythia::next(): 3130 events have been generated 

 Pythia::next(): 3140 events have been generated 

 Pythia::next(): 3150 events have been generated 

 Pythia::next(): 3160 events have been generated 

 Pythia::next(): 3170 events have been generated 

 Pythia::next(): 3180 events have been generated 

 Pythia::next(): 3190 events have been generated 

 Pythia::next(): 3200 events have been generated 

 Pythia::next(): 3210 events have been generated 

 Pythia::next(): 3220 events have been generated 

 Pythia::next(): 3230 events have been generated 

 Pythia::next(): 3240 events have been generated 

 Pythia::next(): 3250 events have been generated 

 Pythia::next(): 3260 events have been generated 

 Pythia::next(): 3270 events have been generated 

 Pythia::next(): 3280 events have been generated 

 Pythia::next(): 3290 events have been generated 

 Pythia::next(): 3300 events have been generated 

 Pythia::next(): 3310 events have been generated 

 Pythia::next(): 3320 events have been generated 

 Pythia::next(): 3330 events have been generated 

 Pythia::next(): 3340 events have been generated 

 Pythia::next(): 3350 events have been generated 

 Pythia::next(): 3360 events have been generated 

 Pythia::next(): 3370 events have been generated 

 Pythia::next(): 3380 events have been generated 

 Pythia::next(): 3390 events have been generated 

 Pythia::next(): 3400 events have been generated 

 Pythia::next(): 3410 events have been generated 

 Pythia::next(): 3420 events have been generated 

 Pythia::next(): 3430 events have been generated 

 Pythia::next(): 3440 events have been generated 

 Pythia::next(): 3450 events have been generated 

 Pythia::next(): 3460 events have been generated 

 Pythia::next(): 3470 events have been generated 

 Pythia::next(): 3480 events have been generated 

 Pythia::next(): 3490 events have been generated 
 PYTHIA Warning in HadronWidths::pickMasses: angular momentum and running widths not used

 Pythia::next(): 3500 events have been generated 

 Pythia::next(): 3510 events have been generated 

 Pythia::next(): 3520 events have been generated 

 Pythia::next(): 3530 events have been generated 

 Pythia::next(): 3540 events have been generated 

 Pythia::next(): 3550 events have been generated 

 Pythia::next(): 3560 events have been generated 

 Pythia::next(): 3570 events have been generated 

 Pythia::next(): 3580 events have been generated 

 Pythia::next(): 3590 events have been generated 

 Pythia::next(): 3600 events have been generated 

 Pythia::next(): 3610 events have been generated 

 Pythia::next(): 3620 events have been generated 

 Pythia::next(): 3630 events have been generated 

 Pythia::next(): 3640 events have been generated 

 Pythia::next(): 3650 events have been generated 

 Pythia::next(): 3660 events have been generated 

 Pythia::next(): 3670 events have been generated 

 Pythia::next(): 3680 events have been generated 

 Pythia::next(): 3690 events have been generated 

 Pythia::next(): 3700 events have been generated 

 Pythia::next(): 3710 events have been generated 

 Pythia::next(): 3720 events have been generated 

 Pythia::next(): 3730 events have been generated 

 Pythia::next(): 3740 events have been generated 

 Pythia::next(): 3750 events have been generated 

 Pythia::next(): 3760 events have been generated 

 Pythia::next(): 3770 events have been generated 

 Pythia::next(): 3780 events have been generated 

 Pythia::next(): 3790 events have been generated 

 Pythia::next(): 3800 events have been generated 

 Pythia::next(): 3810 events have been generated 

 Pythia::next(): 3820 events have been generated 

 Pythia::next(): 3830 events have been generated 

 Pythia::next(): 3840 events have been generated 

 Pythia::next(): 3850 events have been generated 

 Pythia::next(): 3860 events have been generated 

 Pythia::next(): 3870 events have been generated 

 Pythia::next(): 3880 events have been generated 

 Pythia::next(): 3890 events have been generated 

 Pythia::next(): 3900 events have been generated 

 Pythia::next(): 3910 events have been generated 

 Pythia::next(): 3920 events have been generated 

 Pythia::next(): 3930 events have been generated 

 Pythia::next(): 3940 events have been generated 

 Pythia::next(): 3950 events have been generated 

 Pythia::next(): 3960 events have been generated 

 Pythia::next(): 3970 events have been generated 

 Pythia::next(): 3980 events have been generated 

 Pythia::next(): 3990 events have been generated 

 Pythia::next(): 4000 events have been generated 

 Pythia::next(): 4010 events have been generated 

 Pythia::next(): 4020 events have been generated 

 Pythia::next(): 4030 events have been generated 

 Pythia::next(): 4040 events have been generated 

 Pythia::next(): 4050 events have been generated 

 Pythia::next(): 4060 events have been generated 

 Pythia::next(): 4070 events have been generated 

 Pythia::next(): 4080 events have been generated 

 Pythia::next(): 4090 events have been generated 

 Pythia::next(): 4100 events have been generated 

 Pythia::next(): 4110 events have been generated 

 Pythia::next(): 4120 events have been generated 

 Pythia::next(): 4130 events have been generated 

 Pythia::next(): 4140 events have been generated 

 Pythia::next(): 4150 events have been generated 

 Pythia::next(): 4160 events have been generated 

 Pythia::next(): 4170 events have been generated 

 Pythia::next(): 4180 events have been generated 

 Pythia::next(): 4190 events have been generated 

 Pythia::next(): 4200 events have been generated 

 Pythia::next(): 4210 events have been generated 

 Pythia::next(): 4220 events have been generated 

 Pythia::next(): 4230 events have been generated 

 Pythia::next(): 4240 events have been generated 

 Pythia::next(): 4250 events have been generated 

 Pythia::next(): 4260 events have been generated 

 Pythia::next(): 4270 events have been generated 

 Pythia::next(): 4280 events have been generated 

 Pythia::next(): 4290 events have been generated 

 Pythia::next(): 4300 events have been generated 

 Pythia::next(): 4310 events have been generated 

 Pythia::next(): 4320 events have been generated 

 Pythia::next(): 4330 events have been generated 

 Pythia::next(): 4340 events have been generated 

 Pythia::next(): 4350 events have been generated 

 Pythia::next(): 4360 events have been generated 

 Pythia::next(): 4370 events have been generated 

 Pythia::next(): 4380 events have been generated 

 Pythia::next(): 4390 events have been generated 

 Pythia::next(): 4400 events have been generated 

 Pythia::next(): 4410 events have been generated 

 Pythia::next(): 4420 events have been generated 

 Pythia::next(): 4430 events have been generated 

 Pythia::next(): 4440 events have been generated 

 Pythia::next(): 4450 events have been generated 

 Pythia::next(): 4460 events have been generated 

 Pythia::next(): 4470 events have been generated 

 Pythia::next(): 4480 events have been generated 

 Pythia::next(): 4490 events have been generated 

 Pythia::next(): 4500 events have been generated 

 Pythia::next(): 4510 events have been generated 

 Pythia::next(): 4520 events have been generated 

 Pythia::next(): 4530 events have been generated 

 Pythia::next(): 4540 events have been generated 

 Pythia::next(): 4550 events have been generated 

 Pythia::next(): 4560 events have been generated 

 Pythia::next(): 4570 events have been generated 

 Pythia::next(): 4580 events have been generated 

 Pythia::next(): 4590 events have been generated 

 Pythia::next(): 4600 events have been generated 

 Pythia::next(): 4610 events have been generated 
 PYTHIA Error in SimpleSpaceShower::pT2nearThreshold: stuck in loop

 Pythia::next(): 4620 events have been generated 

 Pythia::next(): 4630 events have been generated 

 Pythia::next(): 4640 events have been generated 

 Pythia::next(): 4650 events have been generated 

 Pythia::next(): 4660 events have been generated 

 Pythia::next(): 4670 events have been generated 

 Pythia::next(): 4680 events have been generated 

 Pythia::next(): 4690 events have been generated 

 Pythia::next(): 4700 events have been generated 

 Pythia::next(): 4710 events have been generated 

 Pythia::next(): 4720 events have been generated 

 Pythia::next(): 4730 events have been generated 

 Pythia::next(): 4740 events have been generated 

 Pythia::next(): 4750 events have been generated 

 Pythia::next(): 4760 events have been generated 

 Pythia::next(): 4770 events have been generated 

 Pythia::next(): 4780 events have been generated 

 Pythia::next(): 4790 events have been generated 

 Pythia::next(): 4800 events have been generated 

 Pythia::next(): 4810 events have been generated 

 Pythia::next(): 4820 events have been generated 

 Pythia::next(): 4830 events have been generated 

 Pythia::next(): 4840 events have been generated 

 Pythia::next(): 4850 events have been generated 

 Pythia::next(): 4860 events have been generated 

 Pythia::next(): 4870 events have been generated 

 Pythia::next(): 4880 events have been generated 

 Pythia::next(): 4890 events have been generated 

 Pythia::next(): 4900 events have been generated 

 Pythia::next(): 4910 events have been generated 

 Pythia::next(): 4920 events have been generated 

 Pythia::next(): 4930 events have been generated 

 Pythia::next(): 4940 events have been generated 

 Pythia::next(): 4950 events have been generated 

 Pythia::next(): 4960 events have been generated 

 Pythia::next(): 4970 events have been generated 

 Pythia::next(): 4980 events have been generated 

 Pythia::next(): 4990 events have been generated 

 *-------  PYTHIA Event and Cross Section Statistics  -------------------------------------------------------------*
 |                                                                                                                 |
 | Subprocess                                    Code |            Number of events       |      sigma +- delta    |
 |                                                    |       Tried   Selected   Accepted |     (estimated) (mb)   |
 |                                                    |                                   |                        |
 |-----------------------------------------------------------------------------------------------------------------|
 |                                                    |                                   |                        |
 | Les Houches User Process(es)                  9999 |        5000       5000       5000 |   1.549e-09  0.000e+00 |
 |    ... whereof user classification code          1 |        5000       5000       5000 |                        | 
 |                                                    |                                   |                        |
 | sum                                                |        5000       5000       5000 |   1.549e-09  0.000e+00 |
 |                                                                                                                 |
 *-------  End PYTHIA Event and Cross Section Statistics ----------------------------------------------------------*

 *-------  PYTHIA Error and Warning Messages Statistics  ----------------------------------------------------------* 
 |                                                                                                                 | 
 |  times   message                                                                                                | 
 |                                                                                                                 | 
 |      1   Error in SimpleSpaceShower::pT2nearThreshold: stuck in loop                                            | 
 |      1   Warning in HadronWidths::pickMasses: angular momentum and running widths not used                      | 
 |      1   Warning in SLHAinterface::initSLHA: ignoring DECAY tables                                              | 
 |      1   Warning in SLHAinterface::initSLHA: ignoring MASS entries                                              | 
 |      1   Warning in SLHAinterface::initSLHA: ignoring empty DECAY tables                                        | 
 |      1   Warning in SimpleTimeShower::pTnext: negative dipole mass                                              | 
 |      1   Info from SLHAinterface::initSLHA: No MODSEL found, keeping internal SUSY switched off                 | 
 |                                                                                                                 | 
 *-------  End PYTHIA Error and Warning Messages Statistics  ------------------------------------------------------* 
Wrote 5000 events to /uscms_data/d3/iturkmen/hh4b_delphes/hepmc/ttbb_50k_shard000_pythia8.hepmc
** INFO: initializing module  Delphes                  
** INFO: initializing module  ParticlePropagator       
** INFO: initializing module  ChargedHadronTrackingEfficiency
** INFO: initializing module  ElectronTrackingEfficiency
** INFO: initializing module  MuonTrackingEfficiency   
** INFO: initializing module  ChargedHadronMomentumSmearing
** INFO: initializing module  ElectronMomentumSmearing 
** INFO: initializing module  MuonMomentumSmearing     
** INFO: initializing module  TrackMerger              
** INFO: initializing module  ECal                     
** INFO: initializing module  HCal                     
** INFO: initializing module  Calorimeter              
** INFO: initializing module  EFlowMerger              
** INFO: initializing module  EFlowFilter              
** INFO: initializing module  PhotonEfficiency         
** INFO: initializing module  PhotonIsolation          
** INFO: initializing module  ElectronFilter           
** INFO: initializing module  ElectronEfficiency       
** INFO: initializing module  ElectronIsolation        
** INFO: initializing module  ChargedHadronFilter      
** INFO: initializing module  MuonEfficiency           
** INFO: initializing module  MuonIsolation            
** INFO: initializing module  MissingET                
** INFO: initializing module  NeutrinoFilter           
** INFO: initializing module  GenJetFinder             
#--------------------------------------------------------------------------
#                         FastJet release 3.5.1
#                 M. Cacciari, G.P. Salam and G. Soyez                  
#     A software package for jet finding and analysis at colliders      
#                           https://fastjet.fr                           
#	                                                                      
# Please cite EPJC72(2012)1896 [arXiv:1111.6097] if you use this package
# for scientific work and optionally PLB641(2006)57 [hep-ph/0512210].   
#                                                                       
# FastJet is provided without warranty under the GNU GPL v2 or higher.  
# It uses T. Chan's closest pair algorithm, S. Fortune's Voronoi code
# and 3rd party plugin jet algorithms. See COPYING file for details.
#--------------------------------------------------------------------------
** INFO: initializing module  GenMissingET             
** INFO: initializing module  FastJetFinder            
** INFO: initializing module  FatJetFinder             
** INFO: initializing module  JetEnergyScale           
** INFO: initializing module  JetFlavorAssociation     
** INFO: initializing module  BTagging                 
** INFO: initializing module  TauTagging               
** INFO: initializing module  UniqueObjectFinder       
** INFO: initializing module  ScalarHT                 
** INFO: initializing module  TreeWriter               
** Reading /uscms_data/d3/iturkmen/hh4b_delphes/hepmc/ttbb_50k_shard000_pythia8.hepmc
** [----------------------------------------------------------------] (0.03%)** [#---------------------------------------------------------------] (1.88%)** [##--------------------------------------------------------------] (3.87%)** [###-------------------------------------------------------------] (4.84%)** [####------------------------------------------------------------] (6.92%)** [#####-----------------------------------------------------------] (8.45%)** [######----------------------------------------------------------] (9.92%)** [#######---------------------------------------------------------] (11.33%)** [########--------------------------------------------------------] (13.77%)** [#########-------------------------------------------------------] (15.25%)** [##########------------------------------------------------------] (16.08%)** [###########-----------------------------------------------------] (17.45%)** [############----------------------------------------------------] (19.74%)** [#############---------------------------------------------------] (21.21%)** [##############--------------------------------------------------] (22.02%)** [###############-------------------------------------------------] (24.47%)** [################------------------------------------------------] (25.96%)** [#################-----------------------------------------------] (27.23%)** [##################----------------------------------------------] (28.20%)** [###################---------------------------------------------] (30.33%)** [####################--------------------------------------------] (32.07%)** [#####################-------------------------------------------] (33.51%)** [######################------------------------------------------] (35.71%)** [#######################-----------------------------------------] (36.48%)** [########################----------------------------------------] (37.87%)** [#########################---------------------------------------] (39.37%)** [##########################--------------------------------------] (41.57%)** [###########################-------------------------------------] (42.65%)** [############################------------------------------------] (44.03%)** [#############################-----------------------------------] (45.40%)** [##############################----------------------------------] (47.67%)** [###############################---------------------------------] (48.79%)** [################################--------------------------------] (50.94%)** [#################################-------------------------------] (51.95%)** [##################################------------------------------] (53.60%)** [###################################-----------------------------] (54.80%)** [####################################----------------------------] (56.97%)** [#####################################---------------------------] (58.01%)** [######################################--------------------------] (59.64%)** [#######################################-------------------------] (61.00%)** [########################################------------------------] (63.17%)** [#########################################-----------------------] (64.20%)** [##########################################----------------------] (65.81%)** [###########################################---------------------] (68.24%)** [############################################--------------------] (69.39%)** [#############################################-------------------] (70.45%)** [##############################################------------------] (72.31%)** [###############################################-----------------] (74.47%)** [################################################----------------] (75.61%)** [#################################################---------------] (76.79%)** [##################################################--------------] (79.11%)** [###################################################-------------] (80.55%)** [####################################################------------] (81.89%)** [#####################################################-----------] (82.83%)** [######################################################----------] (85.30%)** [#######################################################---------] (86.75%)** [########################################################--------] (88.18%)** [#########################################################-------] (90.45%)** [##########################################################------] (91.36%)** [###########################################################-----] (92.80%)** [############################################################----] (94.28%)** [#############################################################---] (96.55%)** [##############################################################--] (97.53%)** [###############################################################-] (98.97%)** [################################################################] (100.00%)
** Exiting...
FILE: /uscms_data/d3/iturkmen/hh4b_delphes/root/ttbb_50k_shard000_pythia8_delphes.root

KEYS:
  ProcessID0;1
  Delphes;1

TREE: Delphes
ENTRIES: 5000

OBJECT CHECK:
  Event: OK
  Particle: OK
  Jet: OK
  GenJet: OK
  MissingET: OK
  GenMissingET: OK
  Electron: OK
  Muon: OK

SIZE BRANCHES:
  Event_size
  Weight_size
  Particle_size
  Track_size
  Tower_size
  EFlowTrack_size
  EFlowPhoton_size
  EFlowNeutralHadron_size
  GenJet_size
  GenMissingET_size
  Jet_size
  Electron_size
  Photon_size
  Muon_size
  FatJet_size
  MissingET_size
  ScalarHT_size
Input: /uscms_data/d3/iturkmen/hh4b_delphes/root/ttbb_50k_shard000_pythia8_delphes.root
Events: 5000

      event  n_higgs_particles  ...  n_genjets_flavor5  n_genjets_btag
0         0                  0  ...                  0               0
1         1                  0  ...                  0               0
2         2                  0  ...                  0               0
3         3                  0  ...                  0               0
4         4                  0  ...                  0               0
...     ...                ...  ...                ...             ...
4995   4995                  0  ...                  0               0
4996   4996                  0  ...                  0               0
4997   4997                  0  ...                  0               0
4998   4998                  0  ...                  0               0
4999   4999                  0  ...                  0               0

[5000 rows x 15 columns]

Column sums:
  n_higgs_particles: 0
  n_b_particles: 164393
  n_status1_b_particles: 0
  n_jets: 37163
  n_jets_pt30_eta25: 29467
  n_jets_flavor5: 17677
  n_jets_flavoralgo5: 0
  n_jets_flavorphys5: 0
  n_btagged_jets: 12336
  n_btagged_jets_pt30_eta25: 11381
  n_genjets: 39959
  n_genjets_pt30_eta25: 30237
  n_genjets_flavor5: 0
  n_genjets_btag: 0

Events with >=4 reconstructed jets: 4653
Events with >=4 reconstructed b-tagged jets: 637
Events with >=4 jet FlavorPhys b jets: 0
Events with >=4 generator-level b particles: 5000

Wrote: /uscms_data/d3/iturkmen/hh4b_delphes/metadata/ttbb_50k_shard000_diagnostic.csv
Wrote: /uscms_data/d3/iturkmen/hh4b_delphes/parquet/ttbb_50k_shard000_event_summary.parquet
                 sample  event  event_weight  ...  n_muon  ht_pt30_eta25         met
0     ttbb_50k_shard000      0      1.548832  ...       0     358.876740  129.708176
1     ttbb_50k_shard000      1      1.548832  ...       0     388.872681   25.564554
2     ttbb_50k_shard000      2      1.548832  ...       0     410.978577   54.141678
3     ttbb_50k_shard000      3      1.548832  ...       0     368.886139   32.661530
4     ttbb_50k_shard000      4      1.548832  ...       1     107.578316   28.831997
...                 ...    ...           ...  ...     ...            ...         ...
4995  ttbb_50k_shard000   4995      1.548832  ...       0     353.920319  107.365074
4996  ttbb_50k_shard000   4996      1.548832  ...       0    1270.411987   73.621170
4997  ttbb_50k_shard000   4997      1.548832  ...       0     504.749329   25.205143
4998  ttbb_50k_shard000   4998      1.548832  ...       0     410.529602  109.848328
4999  ttbb_50k_shard000   4999      1.548832  ...       0     548.242554   39.370644

[5000 rows x 13 columns]

Selection counts:
  events: 5000
  events with >=4 selected jets: 4653
  events with >=4 selected b-tagged jets: 637
DONE: ttbb_50k_shard000
ROOT: /uscms_data/d3/iturkmen/hh4b_delphes/root/ttbb_50k_shard000_pythia8_delphes.root
HEPMC: /uscms_data/d3/iturkmen/hh4b_delphes/hepmc/ttbb_50k_shard000_pythia8.hepmc
PARQUET: /uscms_data/d3/iturkmen/hh4b_delphes/parquet/ttbb_50k_shard000_event_summary.parquet
DIAGNOSTIC: /uscms_data/d3/iturkmen/hh4b_delphes/metadata/ttbb_50k_shard000_diagnostic.csv
Input events: 5000
Events with >=4 selected b-tagged jets: 637
Wrote: /uscms_data/d3/iturkmen/hh4b_delphes/parquet/ttbb_50k_shard000_hh4b_candidates.parquet

             mbb1        mbb2  ...          mhh  n_selected_bjets
count  637.000000  637.000000  ...   637.000000        637.000000
mean   173.014596  139.220000  ...   545.039670          4.150706
std     90.253477   67.141138  ...   260.726603          0.379366
min     44.683297   28.648872  ...   139.996796          4.000000
25%    116.439011   95.748273  ...   362.592302          4.000000
50%    149.801580  127.541102  ...   480.269881          4.000000
75%    199.696014  165.230528  ...   666.778034          4.000000
max    647.779727  695.297890  ...  2391.645408          6.000000

[8 rows x 6 columns]
sample: ttbb_50k_shard000
events: 5000
candidate rows: 637
cross-section median pb: 1.548831820487976
events with >=4 selected jets: 4653
events with >=4 selected b-tagged jets: 637
median mbb1: 149.8015801978416
median mbb2: 127.54110177584067
median avg_mbb: 142.8337730895662
median delta_mbb: 51.40891487323748
median mhh: 480.26988072083833
median n_selected_bjets: 4.0
Wrote: /uscms_data/d3/iturkmen/hh4b_delphes/metadata/ttbb_50k_shard000_summary.txt
DONE ttbb_50k_shard000
Finished shard 000

============================================================
Starting shard 001 / campaign ttbb_50k
TAG=ttbb_50k_shard001
RUN_NAME=run_ttbb_50k_001
SEED=107001
============================================================
PROCESS_DIR=/uscms_data/d3/iturkmen/hh4b_delphes/mg5/TTbb_smoke
RUN_NAME=run_ttbb_50k_001
N_EVENTS=5000
SEED=107001
OUTPUT_TAG=ttbb_50k_shard001
APPLY_B_CUTS=yes
Updated run card:
 5000 = nevents ! Number of unweighted events
 107001 = iseed ! Random seed
 25.0 = ptb ! minimum pt for b quarks
  -1.0	= ptbmax ! maximum pt for the b
 2.7 = etab ! maximum eta for b quarks
  0.0	= etabmin ! min rap for the b
 0.4 = drbb ! minimum deltaR between b quarks
  -1.0	= drbbmax ! max distance between b's
  0.0	= xptb ! minimum pt for at least one b 
 0.4 = drbj ! minimum deltaR between b and light jets
 20.0 = ptj ! minimum pt for jets
 5.0 = etaj ! maximum eta for jets
************************************************************
*                                                          *
*                      W E L C O M E to                    *
*             M A D G R A P H 5 _ a M C @ N L O            *
*                      M A D E V E N T                     *
*                                                          *
*                 *                       *                *
*                   *        * *        *                  *
*                     * * * * 5 * * * *                    *
*                   *        * *        *                  *
*                 *                       *                *
*                                                          *
*         VERSION 3.5.3                                    *
*                                                          *
*    The MadGraph5_aMC@NLO Development Team - Find us at   *
*    https://server06.fynu.ucl.ac.be/projects/madgraph     *
*                                                          *
*               Type 'help' for in-line help.              *
*                                                          *
************************************************************
INFO: load configuration from /uscms_data/d3/iturkmen/hh4b_delphes/mg5/TTbb_smoke/Cards/me5_configuration.txt  
INFO: load configuration from /cvmfs/sft.cern.ch/lcg/releases/MCGenerators/madgraph5amc/3.5.3.atlas7-2c347/x86_64-el9-gcc13-opt/input/mg5_configuration.txt  
INFO: load configuration from /uscms_data/d3/iturkmen/hh4b_delphes/mg5/TTbb_smoke/Cards/me5_configuration.txt  
Using default text editor "vi". Set another one in ./input/mg5_configuration.txt
Using default eps viewer "evince". Set another one in ./input/mg5_configuration.txt
Using default web browser "firefox". Set another one in ./input/mg5_configuration.txt
generate_events run_ttbb_50k_001 -f
Generating 5000 events with run name run_ttbb_50k_001
survey  run_ttbb_50k_001 
INFO: compile directory 
compile Source Directory
Using random number seed offset = 107001
INFO: Running Survey 
Creating Jobs
Working on SubProcesses
INFO: Compiling for process 1/2. 
INFO:     P1_gg_ttxbbx  
  0%|          | 0/1049 [00:00<?, ?it/s] 57%|█████▋    | 598/1049 [00:00<00:00, 5970.27it/s]100%|██████████| 1049/1049 [00:00<00:00, 5908.95it/s]
INFO: Compiling for process 2/2. 
INFO:     P1_qq_ttxbbx  
  0%|          | 0/816 [00:00<?, ?it/s]100%|██████████| 816/816 [00:00<00:00, 41391.16it/s]
INFO:     P1_gg_ttxbbx  
INFO:     P1_qq_ttxbbx  
INFO:  Idle: 4,  Running: 8,  Completed: 0 [ current time: 15h00 ] 
INFO:  Idle: 3,  Running: 8,  Completed: 1 [ current time: 15h00 ] 
INFO:  Idle: 0,  Running: 0,  Completed: 12 [  1s  ] 
INFO: End survey 
refine 5000
Creating Jobs
INFO: Refine results to 5000 
INFO: Generating 5000.0 unweighted events. 
sum of cpu time of last step: 19 seconds
INFO: Effective Luminosity 3913.5886743436317 pb^-1 
INFO: need to improve 10 channels 
- Current estimate of cross-section: 1.5331197269999999 +- 0.014727599878997567
    P1_gg_ttxbbx 
    P1_qq_ttxbbx 
INFO:  Idle: 4,  Running: 8,  Completed: 0 [ current time: 15h00 ] 
INFO:  Idle: 2,  Running: 8,  Completed: 2 [  1.5s  ] 
INFO:  Idle: 0,  Running: 3,  Completed: 9 [  4.9s  ] 
INFO:  Idle: 0,  Running: 0,  Completed: 12 [  6.4s  ] 
INFO: Combining runs 
sum of cpu time of last step: 45 seconds
INFO: finish refine 
refine 5000 --treshold=0.9
No need for second refine due to stability of cross-section
INFO: Combining Events 
combination of events done in 3.8657212257385254 s 
  === Results Summary for run: run_ttbb_50k_001 tag: tag_1 ===

     Cross-section :   1.549 +- 0.008138 pb
     Nb of events :  5000
 
INFO: Running Systematics computation 
INFO:  Idle: 1,  Running: 1,  Completed: 0 [ current time: 15h01 ] 
INFO:  Idle: 0,  Running: 1,  Completed: 1 [  8s  ] 
INFO: # Events generated with PDF: NNPDF23_lo_as_0130_qed (247000) 
INFO: # Will Compute 145 weights per event. 
INFO: #***************************************************************************
#
# original cross-section: 1.5490109597560577
#     scale variation: +69.9% -37.7%
#     central scheme variation: + 0% -61.2%
# PDF variation: +7.47% -7.47%
#
# dynamical scheme # 1 : 0.847329 +58.1% -34.5% # \sum ET
# dynamical scheme # 2 : 0.721324 +55.5% -33.7% # \sum\sqrt{m^2+pt^2}
# dynamical scheme # 3 : 1.12198 +62% -35.7% # 0.5 \sum\sqrt{m^2+pt^2}
# dynamical scheme # 4 : 0.60119 +53% -32.8% # \sqrt{\hat s}
#***************************************************************************
 
INFO: End of systematics computation 
store_events
INFO: Storing parton level results 
INFO: End Parton 
reweight -from_cards
decay_events -from_cards
INFO: storing files of previous run 
INFO: Done 
quit
INFO:  
LHE=/uscms_data/d3/iturkmen/hh4b_delphes/mg5/TTbb_smoke/Events/run_ttbb_50k_001/unweighted_events.lhe.gz
N_FOUND=5000
Sample: ttbb_50k_shard001
Input LHE.GZ: /uscms_data/d3/iturkmen/hh4b_delphes/mg5/TTbb_smoke/Events/run_ttbb_50k_001/unweighted_events.lhe.gz
Events requested: 5000
Output tag: ttbb_50k_shard001
LHE: /uscms_data/d3/iturkmen/hh4b_delphes/mg5/TTbb_smoke/Events/run_ttbb_50k_001/unweighted_events.lhe
HEPMC: /uscms_data/d3/iturkmen/hh4b_delphes/hepmc/ttbb_50k_shard001_pythia8.hepmc
ROOT: /uscms_data/d3/iturkmen/hh4b_delphes/root/ttbb_50k_shard001_pythia8_delphes.root
LHE event count: 5000

 *------------------------------------------------------------------------------------* 
 |                                                                                    | 
 |  *------------------------------------------------------------------------------*  | 
 |  |                                                                              |  | 
 |  |                                                                              |  | 
 |  |   PPP   Y   Y  TTTTT  H   H  III    A      Welcome to the Lund Monte Carlo!  |  | 
 |  |   P  P   Y Y     T    H   H   I    A A     This is PYTHIA version 8.312      |  | 
 |  |   PPP     Y      T    HHHHH   I   AAAAA    Last date of change: 23 May 2024  |  | 
 |  |   P       Y      T    H   H   I   A   A                                      |  | 
 |  |   P       Y      T    H   H  III  A   A    Now is 08 Jul 2026 at 15:02:07    |  | 
 |  |                                                                              |  | 
 |  |   Program documentation and an archive of historic versions is found on:     |  | 
 |  |                                                                              |  | 
 |  |                               https://pythia.org/                            |  | 
 |  |                                                                              |  | 
 |  |   PYTHIA is authored by a collaboration consisting of:                       |  | 
 |  |                                                                              |  | 
 |  |   Javira Altmann, Christian Bierlich, Naomi Cooke, Nishita Desai,            |  | 
 |  |   Leif Gellersen, Ilkka Helenius, Philip Ilten, Leif Lonnblad,               |  | 
 |  |   Stephen Mrenna, Christian Preuss, Torbjorn Sjostrand, Peter Skands,        |  | 
 |  |   Marius Utheim, and Rob Verheyen.                                           |  | 
 |  |                                                                              |  | 
 |  |   The complete list of authors, including contact information and            |  | 
 |  |   affiliations, can be found on https://pythia.org/.                         |  | 
 |  |   Problems or bugs should be reported on email at authors@pythia.org.        |  | 
 |  |                                                                              |  | 
 |  |   The main program reference is C. Bierlich et al,                           |  | 
 |  |   'A comprehensive guide to the physics and usage of Pythia 8.3',            |  | 
 |  |   SciPost Phys. Codebases 8-r8.3 (2022) [arXiv:2203.11601 [hep-ph]]          |  | 
 |  |                                                                              |  | 
 |  |   PYTHIA is released under the GNU General Public Licence version 2 or later.|  | 
 |  |   Please respect the MCnet Guidelines for Event Generator Authors and Users. |  | 
 |  |                                                                              |  | 
 |  |   Disclaimer: this program comes without any guarantees.                     |  | 
 |  |   Beware of errors and use common sense when interpreting results.           |  | 
 |  |                                                                              |  | 
 |  |   Copyright (C) 2024 Torbjorn Sjostrand                                      |  | 
 |  |                                                                              |  | 
 |  |                                                                              |  | 
 |  *------------------------------------------------------------------------------*  | 
 |                                                                                    | 
 *------------------------------------------------------------------------------------* 

 *-----------------------  SusyLesHouches SUSY/BSM Interface  ------------------------*
 | Last Change 12 Apr 2017 - P. Skands
 | Parsing: /uscms_data/d3/iturkmen/hh4b_delphes/mg5/TTbb_smoke/Events/run_ttbb_50k_001/unweighted_events.lhe
 | (SLHA::readFile) line 338 - storing non-SLHA(2) block: yukawa
 *------------------------------------------------------------------------------------*
 PYTHIA Info from SLHAinterface::initSLHA: No MODSEL found, keeping internal SUSY switched off
 PYTHIA Warning in SLHAinterface::initSLHA: ignoring MASS entries for id = {1,2,3,4,5,11,12,13,14,15,16,21,22,23,24} (m0 < SLHA:minMassSM)
 PYTHIA Warning in SLHAinterface::initSLHA: ignoring DECAY tables for id = {23,24,1,2,3,4,5,11,12,13,14,15,16,21,22} (m0 < SLHA:minMassSM)
 PYTHIA Warning in SLHAinterface::initSLHA: ignoring empty DECAY tables for id = {6,25} (total width provided but no Branching Ratios)

 *-------  PYTHIA Process Initialization  --------------------------*
 |                                                                  |
 | We collide p+ with p+ at a CM energy of 1.300e+04 GeV            |
 |                                                                  |
 |------------------------------------------------------------------|
 |                                                    |             |
 | Subprocess                                    Code |   Estimated |
 |                                                    |    max (mb) |
 |                                                    |             |
 |------------------------------------------------------------------|
 |                                                    |             |
 | Les Houches User Process(es)                  9999 |   1.000e-09 |
 |                                                                  |
 *-------  End PYTHIA Process Initialization -----------------------*

 *-------  PYTHIA Multiparton Interactions Initialization  ---------* 
 |                                                                  | 
 |                   sigmaNonDiffractive =    56.42 mb              | 
 |                                                                  | 
 |    pT0 =  2.60 gives sigmaInteraction =   317.96 mb: accepted    | 
 |                                                                  | 
 *-------  End PYTHIA Multiparton Interactions Initialization  -----* 

 *-------  PYTHIA Flag + Mode + Parm + Word + FVec + MVec + PVec + WVec Settings (changes only)  ------------------* 
 |                                                                                                                 | 
 | Name                                          |                      Now |      Default         Min         Max | 
 |                                               |                          |                                      | 
 | Beams:frameType                               |                        4 |            1           1           5 | 
 | Beams:LHEF                                    | /uscms_data/d3/iturkmen/hh4b_delphes/mg5/TTbb_smoke/Events/run_ttbb_50k_001/unweighted_events.lhe |         void | 
 | Check:event                                   |                      off |           on                         | 
 | Next:numberCount                              |                       10 |         1000           0             | 
 | Next:numberShowEvent                          |                        0 |            1           0             | 
 | Next:numberShowInfo                           |                        0 |            1           0             | 
 | Next:numberShowProcess                        |                        0 |            1           0             | 
 |                                                                                                                 | 
 *-------  End PYTHIA Flag + Mode + Parm + Word + FVec + MVec + PVec + WVec Settings  -----------------------------* 

 --------  PYTHIA Particle Data Table (changed only)  ------------------------------------------------------------------------------
 
      id   name            antiName         spn chg col      m0        mWidth      mMin       mMax       tau0    res dec ext vis wid
             no onMode   bRatio   meMode     products 

       6  t                tbar               2   2   1  173.00000    1.35678  166.40000  179.60000  1.45438e-13   1   1   0   1   0
              0     1   0.0000664    0       24        1 
              1     1   0.0017361    0       24        3 
              2     1   0.9981975    0       24        5 
              3     0   0.0000000    0       37        5 

      25  h0                                  1   0   0  125.00000    0.00408  124.96809  125.03191  4.83238e-11   1   1   0   0   0
              0     1   0.0000009    0        1       -1 
              1     1   0.0000002    0        2       -2 
              2     1   0.0002163    0        3       -3 
              3     1   0.0288493    0        4       -4 
              4     1   0.5768873    0        5       -5 
              5     1   0.0000000    0        6       -6 
              6     1   0.0000000    0       11      -11 
              7     1   0.0002185    0       13      -13 
              8     1   0.0628569    0       15      -15 
              9     1   0.0850383    0       21       21 
             10     1   0.0022965    0       22       22 
             11     1   0.0016155    0       22       23 
             12     1   0.0261758    0       23       23 
             13     1   0.2158445    0       24      -24 
             14     1   0.0000000  103  1000022  1000022 
             15     1   0.0000000  103  1000023  1000022 
             16     1   0.0000000  103  1000023  1000023 
             17     1   0.0000000  103  1000025  1000022 
             18     1   0.0000000  103  1000025  1000023 
             19     1   0.0000000  103  1000025  1000025 
             20     1   0.0000000  103  1000035  1000022 
             21     1   0.0000000  103  1000035  1000023 
             22     1   0.0000000  103  1000035  1000025 
             23     1   0.0000000  103  1000035  1000035 
             24     1   0.0000000  103  1000024 -1000024 
             25     1   0.0000000  103  1000024 -1000037 
             26     1   0.0000000  103  1000037 -1000024 
             27     1   0.0000000  103  1000037 -1000037 
             28     1   0.0000000  103  1000001 -1000001 
             29     1   0.0000000  103  2000001 -2000001 
             30     1   0.0000000  103  1000001 -2000001 
             31     1   0.0000000  103 -1000001  2000001 
             32     1   0.0000000  103  1000002 -1000002 
             33     1   0.0000000  103  2000002 -2000002 
             34     1   0.0000000  103  1000002 -2000002 
             35     1   0.0000000  103 -1000002  2000002 
             36     1   0.0000000  103  1000003 -1000003 
             37     1   0.0000000  103  2000003 -2000003 
             38     1   0.0000000  103  1000003 -2000003 
             39     1   0.0000000  103 -1000003  2000003 
             40     1   0.0000000  103  1000004 -1000004 
             41     1   0.0000000  103  2000004 -2000004 
             42     1   0.0000000  103  1000004 -2000004 
             43     1   0.0000000  103 -1000004  2000004 
             44     1   0.0000000  103  1000005 -1000005 
             45     1   0.0000000  103  2000005 -2000005 
             46     1   0.0000000  103  1000005 -2000005 
             47     1   0.0000000  103 -1000005  2000005 
             48     1   0.0000000  103  1000006 -1000006 
             49     1   0.0000000  103  2000006 -2000006 
             50     1   0.0000000  103  1000006 -2000006 
             51     1   0.0000000  103 -1000006  2000006 
             52     1   0.0000000  103  1000011 -1000011 
             53     1   0.0000000  103  2000011 -2000011 
             54     1   0.0000000  103  1000011 -2000011 
             55     1   0.0000000  103 -1000011  2000011 
             56     1   0.0000000  103  1000012 -1000012 
             57     1   0.0000000  103  2000012 -2000012 
             58     1   0.0000000  103  1000012 -2000012 
             59     1   0.0000000  103 -1000012  2000012 
             60     1   0.0000000  103  1000013 -1000013 
             61     1   0.0000000  103  2000013 -2000013 
             62     1   0.0000000  103  1000013 -2000013 
             63     1   0.0000000  103 -1000013  2000013 
             64     1   0.0000000  103  1000014 -1000014 
             65     1   0.0000000  103  2000014 -2000014 
             66     1   0.0000000  103  1000014 -2000014 
             67     1   0.0000000  103 -1000014  2000014 
             68     1   0.0000000  103  1000015 -1000015 
             69     1   0.0000000  103  2000015 -2000015 
             70     1   0.0000000  103  1000015 -2000015 
             71     1   0.0000000  103 -1000015  2000015 
             72     1   0.0000000  103  1000016 -1000016 
             73     1   0.0000000  103  2000016 -2000016 
             74     1   0.0000000  103  1000016 -2000016 
             75     1   0.0000000  103 -1000016  2000016 

 --------  End PYTHIA Particle Data Table  -----------------------------------------------------------------------------------------


 --------  LHA initialization information  ------------ 

  beam    kind      energy  pdfgrp  pdfset 
     A    2212    6500.000       0  247000
     B    2212    6500.000       0  247000

  Event weighting strategy = -4

  Processes, with strategy-dependent cross section info 
  number      xsec (pb)      xerr (pb)      xmax (pb) 
       1     1.5493e+00     8.1377e-03     1.5493e+00

 --------  End LHA initialization information  -------- 

 --------  LHA event information and listing  ---------------------------------------------------------------------- 

    process =        1    weight =   1.5493e+00     scale =   1.7882e+02 (GeV) 
                        alpha_em =   7.5558e-03    alpha_strong =   1.2607e-01

    Participating Particles 
    no        id stat     mothers     colours      p_x        p_y        p_z         e          m        tau    spin 
     1        21   -1     0     0   502   503      0.000      0.000    356.533    356.533      0.000   0.000   1.000
     2        21   -1     0     0   501   504     -0.000     -0.000   -559.910    559.910      0.000   0.000  -1.000
     3         6    1     1     2   501     0    -85.001     36.209    108.469    223.737    172.500   0.000  -1.000
     4        -6    1     1     2     0   503    -21.329    -42.173    129.570    220.857    172.500   0.000   1.000
     5         5    1     1     2   502     0    130.615     -0.467   -287.341    315.670      4.700   0.000   1.000
     6        -5    1     1     2     0   504    -24.285      6.430   -154.074    156.179      4.700   0.000  -1.000

 --------  End LHA event information and listing  ------------------------------------------------------------------ 

 Pythia::next(): 10 events have been generated 

 Pythia::next(): 20 events have been generated 

 Pythia::next(): 30 events have been generated 

 Pythia::next(): 40 events have been generated 

 Pythia::next(): 50 events have been generated 

 Pythia::next(): 60 events have been generated 

 Pythia::next(): 70 events have been generated 

 Pythia::next(): 80 events have been generated 

 Pythia::next(): 90 events have been generated 

 Pythia::next(): 100 events have been generated 

 Pythia::next(): 110 events have been generated 

 Pythia::next(): 120 events have been generated 

 Pythia::next(): 130 events have been generated 

 Pythia::next(): 140 events have been generated 

 Pythia::next(): 150 events have been generated 

 Pythia::next(): 160 events have been generated 

 Pythia::next(): 170 events have been generated 

 Pythia::next(): 180 events have been generated 

 Pythia::next(): 190 events have been generated 

 Pythia::next(): 200 events have been generated 

 Pythia::next(): 210 events have been generated 

 Pythia::next(): 220 events have been generated 

 Pythia::next(): 230 events have been generated 

 Pythia::next(): 240 events have been generated 

 Pythia::next(): 250 events have been generated 

 Pythia::next(): 260 events have been generated 

 Pythia::next(): 270 events have been generated 

 Pythia::next(): 280 events have been generated 

 Pythia::next(): 290 events have been generated 

 Pythia::next(): 300 events have been generated 

 Pythia::next(): 310 events have been generated 

 Pythia::next(): 320 events have been generated 

 Pythia::next(): 330 events have been generated 

 Pythia::next(): 340 events have been generated 

 Pythia::next(): 350 events have been generated 

 Pythia::next(): 360 events have been generated 

 Pythia::next(): 370 events have been generated 

 Pythia::next(): 380 events have been generated 

 Pythia::next(): 390 events have been generated 

 Pythia::next(): 400 events have been generated 

 Pythia::next(): 410 events have been generated 

 Pythia::next(): 420 events have been generated 

 Pythia::next(): 430 events have been generated 

 Pythia::next(): 440 events have been generated 

 Pythia::next(): 450 events have been generated 

 Pythia::next(): 460 events have been generated 

 Pythia::next(): 470 events have been generated 

 Pythia::next(): 480 events have been generated 

 Pythia::next(): 490 events have been generated 

 Pythia::next(): 500 events have been generated 

 Pythia::next(): 510 events have been generated 

 Pythia::next(): 520 events have been generated 

 Pythia::next(): 530 events have been generated 

 Pythia::next(): 540 events have been generated 

 Pythia::next(): 550 events have been generated 

 Pythia::next(): 560 events have been generated 

 Pythia::next(): 570 events have been generated 

 Pythia::next(): 580 events have been generated 

 Pythia::next(): 590 events have been generated 

 Pythia::next(): 600 events have been generated 

 Pythia::next(): 610 events have been generated 

 Pythia::next(): 620 events have been generated 

 Pythia::next(): 630 events have been generated 

 Pythia::next(): 640 events have been generated 

 Pythia::next(): 650 events have been generated 

 Pythia::next(): 660 events have been generated 

 Pythia::next(): 670 events have been generated 

 Pythia::next(): 680 events have been generated 

 Pythia::next(): 690 events have been generated 

 Pythia::next(): 700 events have been generated 

 Pythia::next(): 710 events have been generated 

 Pythia::next(): 720 events have been generated 

 Pythia::next(): 730 events have been generated 

 Pythia::next(): 740 events have been generated 

 Pythia::next(): 750 events have been generated 

 Pythia::next(): 760 events have been generated 

 Pythia::next(): 770 events have been generated 

 Pythia::next(): 780 events have been generated 

 Pythia::next(): 790 events have been generated 

 Pythia::next(): 800 events have been generated 

 Pythia::next(): 810 events have been generated 

 Pythia::next(): 820 events have been generated 

 Pythia::next(): 830 events have been generated 

 Pythia::next(): 840 events have been generated 

 Pythia::next(): 850 events have been generated 

 Pythia::next(): 860 events have been generated 

 Pythia::next(): 870 events have been generated 

 Pythia::next(): 880 events have been generated 

 Pythia::next(): 890 events have been generated 

 Pythia::next(): 900 events have been generated 

 Pythia::next(): 910 events have been generated 

 Pythia::next(): 920 events have been generated 

 Pythia::next(): 930 events have been generated 

 Pythia::next(): 940 events have been generated 

 Pythia::next(): 950 events have been generated 

 Pythia::next(): 960 events have been generated 

 Pythia::next(): 970 events have been generated 

 Pythia::next(): 980 events have been generated 

 Pythia::next(): 990 events have been generated 

 Pythia::next(): 1000 events have been generated 

 Pythia::next(): 1010 events have been generated 

 Pythia::next(): 1020 events have been generated 

 Pythia::next(): 1030 events have been generated 

 Pythia::next(): 1040 events have been generated 

 Pythia::next(): 1050 events have been generated 

 Pythia::next(): 1060 events have been generated 

 Pythia::next(): 1070 events have been generated 

 Pythia::next(): 1080 events have been generated 

 Pythia::next(): 1090 events have been generated 

 Pythia::next(): 1100 events have been generated 

 Pythia::next(): 1110 events have been generated 

 Pythia::next(): 1120 events have been generated 

 Pythia::next(): 1130 events have been generated 

 Pythia::next(): 1140 events have been generated 

 Pythia::next(): 1150 events have been generated 

 Pythia::next(): 1160 events have been generated 

 Pythia::next(): 1170 events have been generated 

 Pythia::next(): 1180 events have been generated 

 Pythia::next(): 1190 events have been generated 

 Pythia::next(): 1200 events have been generated 

 Pythia::next(): 1210 events have been generated 

 Pythia::next(): 1220 events have been generated 

 Pythia::next(): 1230 events have been generated 

 Pythia::next(): 1240 events have been generated 

 Pythia::next(): 1250 events have been generated 

 Pythia::next(): 1260 events have been generated 

 Pythia::next(): 1270 events have been generated 

 Pythia::next(): 1280 events have been generated 

 Pythia::next(): 1290 events have been generated 

 Pythia::next(): 1300 events have been generated 

 Pythia::next(): 1310 events have been generated 

 Pythia::next(): 1320 events have been generated 

 Pythia::next(): 1330 events have been generated 

 Pythia::next(): 1340 events have been generated 

 Pythia::next(): 1350 events have been generated 

 Pythia::next(): 1360 events have been generated 

 Pythia::next(): 1370 events have been generated 

 Pythia::next(): 1380 events have been generated 

 Pythia::next(): 1390 events have been generated 

 Pythia::next(): 1400 events have been generated 

 Pythia::next(): 1410 events have been generated 

 Pythia::next(): 1420 events have been generated 

 Pythia::next(): 1430 events have been generated 

 Pythia::next(): 1440 events have been generated 

 Pythia::next(): 1450 events have been generated 

 Pythia::next(): 1460 events have been generated 

 Pythia::next(): 1470 events have been generated 

 Pythia::next(): 1480 events have been generated 

 Pythia::next(): 1490 events have been generated 

 Pythia::next(): 1500 events have been generated 

 Pythia::next(): 1510 events have been generated 

 Pythia::next(): 1520 events have been generated 

 Pythia::next(): 1530 events have been generated 

 Pythia::next(): 1540 events have been generated 

 Pythia::next(): 1550 events have been generated 

 Pythia::next(): 1560 events have been generated 

 Pythia::next(): 1570 events have been generated 

 Pythia::next(): 1580 events have been generated 

 Pythia::next(): 1590 events have been generated 

 Pythia::next(): 1600 events have been generated 

 Pythia::next(): 1610 events have been generated 

 Pythia::next(): 1620 events have been generated 

 Pythia::next(): 1630 events have been generated 

 Pythia::next(): 1640 events have been generated 

 Pythia::next(): 1650 events have been generated 

 Pythia::next(): 1660 events have been generated 

 Pythia::next(): 1670 events have been generated 

 Pythia::next(): 1680 events have been generated 

 Pythia::next(): 1690 events have been generated 

 Pythia::next(): 1700 events have been generated 

 Pythia::next(): 1710 events have been generated 

 Pythia::next(): 1720 events have been generated 

 Pythia::next(): 1730 events have been generated 

 Pythia::next(): 1740 events have been generated 

 Pythia::next(): 1750 events have been generated 

 Pythia::next(): 1760 events have been generated 

 Pythia::next(): 1770 events have been generated 

 Pythia::next(): 1780 events have been generated 

 Pythia::next(): 1790 events have been generated 

 Pythia::next(): 1800 events have been generated 

 Pythia::next(): 1810 events have been generated 

 Pythia::next(): 1820 events have been generated 

 Pythia::next(): 1830 events have been generated 

 Pythia::next(): 1840 events have been generated 

 Pythia::next(): 1850 events have been generated 

 Pythia::next(): 1860 events have been generated 

 Pythia::next(): 1870 events have been generated 

 Pythia::next(): 1880 events have been generated 

 Pythia::next(): 1890 events have been generated 

 Pythia::next(): 1900 events have been generated 

 Pythia::next(): 1910 events have been generated 

 Pythia::next(): 1920 events have been generated 

 Pythia::next(): 1930 events have been generated 

 Pythia::next(): 1940 events have been generated 

 Pythia::next(): 1950 events have been generated 

 Pythia::next(): 1960 events have been generated 

 Pythia::next(): 1970 events have been generated 

 Pythia::next(): 1980 events have been generated 

 Pythia::next(): 1990 events have been generated 

 Pythia::next(): 2000 events have been generated 

 Pythia::next(): 2010 events have been generated 

 Pythia::next(): 2020 events have been generated 

 Pythia::next(): 2030 events have been generated 

 Pythia::next(): 2040 events have been generated 

 Pythia::next(): 2050 events have been generated 

 Pythia::next(): 2060 events have been generated 

 Pythia::next(): 2070 events have been generated 

 Pythia::next(): 2080 events have been generated 

 Pythia::next(): 2090 events have been generated 

 Pythia::next(): 2100 events have been generated 

 Pythia::next(): 2110 events have been generated 

 Pythia::next(): 2120 events have been generated 

 Pythia::next(): 2130 events have been generated 

 Pythia::next(): 2140 events have been generated 

 Pythia::next(): 2150 events have been generated 

 Pythia::next(): 2160 events have been generated 

 Pythia::next(): 2170 events have been generated 

 Pythia::next(): 2180 events have been generated 

 Pythia::next(): 2190 events have been generated 

 Pythia::next(): 2200 events have been generated 

 Pythia::next(): 2210 events have been generated 

 Pythia::next(): 2220 events have been generated 

 Pythia::next(): 2230 events have been generated 

 Pythia::next(): 2240 events have been generated 

 Pythia::next(): 2250 events have been generated 

 Pythia::next(): 2260 events have been generated 

 Pythia::next(): 2270 events have been generated 

 Pythia::next(): 2280 events have been generated 

 Pythia::next(): 2290 events have been generated 

 Pythia::next(): 2300 events have been generated 

 Pythia::next(): 2310 events have been generated 

 Pythia::next(): 2320 events have been generated 

 Pythia::next(): 2330 events have been generated 

 Pythia::next(): 2340 events have been generated 

 Pythia::next(): 2350 events have been generated 

 Pythia::next(): 2360 events have been generated 

 Pythia::next(): 2370 events have been generated 

 Pythia::next(): 2380 events have been generated 

 Pythia::next(): 2390 events have been generated 

 Pythia::next(): 2400 events have been generated 

 Pythia::next(): 2410 events have been generated 

 Pythia::next(): 2420 events have been generated 

 Pythia::next(): 2430 events have been generated 

 Pythia::next(): 2440 events have been generated 

 Pythia::next(): 2450 events have been generated 

 Pythia::next(): 2460 events have been generated 

 Pythia::next(): 2470 events have been generated 

 Pythia::next(): 2480 events have been generated 

 Pythia::next(): 2490 events have been generated 

 Pythia::next(): 2500 events have been generated 

 Pythia::next(): 2510 events have been generated 

 Pythia::next(): 2520 events have been generated 

 Pythia::next(): 2530 events have been generated 

 Pythia::next(): 2540 events have been generated 

 Pythia::next(): 2550 events have been generated 

 Pythia::next(): 2560 events have been generated 

 Pythia::next(): 2570 events have been generated 

 Pythia::next(): 2580 events have been generated 

 Pythia::next(): 2590 events have been generated 

 Pythia::next(): 2600 events have been generated 

 Pythia::next(): 2610 events have been generated 

 Pythia::next(): 2620 events have been generated 

 Pythia::next(): 2630 events have been generated 

 Pythia::next(): 2640 events have been generated 

 Pythia::next(): 2650 events have been generated 

 Pythia::next(): 2660 events have been generated 

 Pythia::next(): 2670 events have been generated 

 Pythia::next(): 2680 events have been generated 

 Pythia::next(): 2690 events have been generated 

 Pythia::next(): 2700 events have been generated 

 Pythia::next(): 2710 events have been generated 

 Pythia::next(): 2720 events have been generated 

 Pythia::next(): 2730 events have been generated 

 Pythia::next(): 2740 events have been generated 

 Pythia::next(): 2750 events have been generated 

 Pythia::next(): 2760 events have been generated 

 Pythia::next(): 2770 events have been generated 

 Pythia::next(): 2780 events have been generated 

 Pythia::next(): 2790 events have been generated 

 Pythia::next(): 2800 events have been generated 

 Pythia::next(): 2810 events have been generated 

 Pythia::next(): 2820 events have been generated 

 Pythia::next(): 2830 events have been generated 

 Pythia::next(): 2840 events have been generated 

 Pythia::next(): 2850 events have been generated 

 Pythia::next(): 2860 events have been generated 

 Pythia::next(): 2870 events have been generated 

 Pythia::next(): 2880 events have been generated 

 Pythia::next(): 2890 events have been generated 

 Pythia::next(): 2900 events have been generated 

 Pythia::next(): 2910 events have been generated 

 Pythia::next(): 2920 events have been generated 

 Pythia::next(): 2930 events have been generated 

 Pythia::next(): 2940 events have been generated 

 Pythia::next(): 2950 events have been generated 

 Pythia::next(): 2960 events have been generated 

 Pythia::next(): 2970 events have been generated 

 Pythia::next(): 2980 events have been generated 

 Pythia::next(): 2990 events have been generated 

 Pythia::next(): 3000 events have been generated 

 Pythia::next(): 3010 events have been generated 

 Pythia::next(): 3020 events have been generated 

 Pythia::next(): 3030 events have been generated 

 Pythia::next(): 3040 events have been generated 

 Pythia::next(): 3050 events have been generated 

 Pythia::next(): 3060 events have been generated 

 Pythia::next(): 3070 events have been generated 

 Pythia::next(): 3080 events have been generated 

 Pythia::next(): 3090 events have been generated 

 Pythia::next(): 3100 events have been generated 

 Pythia::next(): 3110 events have been generated 

 Pythia::next(): 3120 events have been generated 

 Pythia::next(): 3130 events have been generated 

 Pythia::next(): 3140 events have been generated 

 Pythia::next(): 3150 events have been generated 

 Pythia::next(): 3160 events have been generated 

 Pythia::next(): 3170 events have been generated 

 Pythia::next(): 3180 events have been generated 

 Pythia::next(): 3190 events have been generated 

 Pythia::next(): 3200 events have been generated 

 Pythia::next(): 3210 events have been generated 

 Pythia::next(): 3220 events have been generated 

 Pythia::next(): 3230 events have been generated 

 Pythia::next(): 3240 events have been generated 

 Pythia::next(): 3250 events have been generated 

 Pythia::next(): 3260 events have been generated 

 Pythia::next(): 3270 events have been generated 

 Pythia::next(): 3280 events have been generated 

 Pythia::next(): 3290 events have been generated 

 Pythia::next(): 3300 events have been generated 

 Pythia::next(): 3310 events have been generated 

 Pythia::next(): 3320 events have been generated 

 Pythia::next(): 3330 events have been generated 

 Pythia::next(): 3340 events have been generated 

 Pythia::next(): 3350 events have been generated 

 Pythia::next(): 3360 events have been generated 

 Pythia::next(): 3370 events have been generated 

 Pythia::next(): 3380 events have been generated 

 Pythia::next(): 3390 events have been generated 

 Pythia::next(): 3400 events have been generated 

 Pythia::next(): 3410 events have been generated 

 Pythia::next(): 3420 events have been generated 

 Pythia::next(): 3430 events have been generated 

 Pythia::next(): 3440 events have been generated 

 Pythia::next(): 3450 events have been generated 

 Pythia::next(): 3460 events have been generated 

 Pythia::next(): 3470 events have been generated 

 Pythia::next(): 3480 events have been generated 

 Pythia::next(): 3490 events have been generated 

 Pythia::next(): 3500 events have been generated 

 Pythia::next(): 3510 events have been generated 

 Pythia::next(): 3520 events have been generated 

 Pythia::next(): 3530 events have been generated 

 Pythia::next(): 3540 events have been generated 

 Pythia::next(): 3550 events have been generated 

 Pythia::next(): 3560 events have been generated 

 Pythia::next(): 3570 events have been generated 

 Pythia::next(): 3580 events have been generated 

 Pythia::next(): 3590 events have been generated 

 Pythia::next(): 3600 events have been generated 

 Pythia::next(): 3610 events have been generated 

 Pythia::next(): 3620 events have been generated 

 Pythia::next(): 3630 events have been generated 

 Pythia::next(): 3640 events have been generated 

 Pythia::next(): 3650 events have been generated 

 Pythia::next(): 3660 events have been generated 

 Pythia::next(): 3670 events have been generated 

 Pythia::next(): 3680 events have been generated 

 Pythia::next(): 3690 events have been generated 

 Pythia::next(): 3700 events have been generated 

 Pythia::next(): 3710 events have been generated 

 Pythia::next(): 3720 events have been generated 

 Pythia::next(): 3730 events have been generated 

 Pythia::next(): 3740 events have been generated 

 Pythia::next(): 3750 events have been generated 

 Pythia::next(): 3760 events have been generated 

 Pythia::next(): 3770 events have been generated 

 Pythia::next(): 3780 events have been generated 

 Pythia::next(): 3790 events have been generated 

 Pythia::next(): 3800 events have been generated 

 Pythia::next(): 3810 events have been generated 

 Pythia::next(): 3820 events have been generated 

 Pythia::next(): 3830 events have been generated 

 Pythia::next(): 3840 events have been generated 

 Pythia::next(): 3850 events have been generated 

 Pythia::next(): 3860 events have been generated 

 Pythia::next(): 3870 events have been generated 

 Pythia::next(): 3880 events have been generated 

 Pythia::next(): 3890 events have been generated 

 Pythia::next(): 3900 events have been generated 

 Pythia::next(): 3910 events have been generated 

 Pythia::next(): 3920 events have been generated 

 Pythia::next(): 3930 events have been generated 

 Pythia::next(): 3940 events have been generated 

 Pythia::next(): 3950 events have been generated 

 Pythia::next(): 3960 events have been generated 

 Pythia::next(): 3970 events have been generated 

 Pythia::next(): 3980 events have been generated 

 Pythia::next(): 3990 events have been generated 

 Pythia::next(): 4000 events have been generated 

 Pythia::next(): 4010 events have been generated 

 Pythia::next(): 4020 events have been generated 

 Pythia::next(): 4030 events have been generated 

 Pythia::next(): 4040 events have been generated 

 Pythia::next(): 4050 events have been generated 

 Pythia::next(): 4060 events have been generated 

 Pythia::next(): 4070 events have been generated 

 Pythia::next(): 4080 events have been generated 

 Pythia::next(): 4090 events have been generated 
 PYTHIA Error in SimpleSpaceShower::pT2nearThreshold: stuck in loop

 Pythia::next(): 4100 events have been generated 

 Pythia::next(): 4110 events have been generated 

 Pythia::next(): 4120 events have been generated 

 Pythia::next(): 4130 events have been generated 

 Pythia::next(): 4140 events have been generated 

 Pythia::next(): 4150 events have been generated 

 Pythia::next(): 4160 events have been generated 

 Pythia::next(): 4170 events have been generated 

 Pythia::next(): 4180 events have been generated 

 Pythia::next(): 4190 events have been generated 

 Pythia::next(): 4200 events have been generated 

 Pythia::next(): 4210 events have been generated 

 Pythia::next(): 4220 events have been generated 

 Pythia::next(): 4230 events have been generated 

 Pythia::next(): 4240 events have been generated 

 Pythia::next(): 4250 events have been generated 

 Pythia::next(): 4260 events have been generated 

 Pythia::next(): 4270 events have been generated 

 Pythia::next(): 4280 events have been generated 

 Pythia::next(): 4290 events have been generated 

 Pythia::next(): 4300 events have been generated 

 Pythia::next(): 4310 events have been generated 

 Pythia::next(): 4320 events have been generated 

 Pythia::next(): 4330 events have been generated 

 Pythia::next(): 4340 events have been generated 

 Pythia::next(): 4350 events have been generated 

 Pythia::next(): 4360 events have been generated 

 Pythia::next(): 4370 events have been generated 

 Pythia::next(): 4380 events have been generated 

 Pythia::next(): 4390 events have been generated 

 Pythia::next(): 4400 events have been generated 

 Pythia::next(): 4410 events have been generated 

 Pythia::next(): 4420 events have been generated 

 Pythia::next(): 4430 events have been generated 

 Pythia::next(): 4440 events have been generated 

 Pythia::next(): 4450 events have been generated 

 Pythia::next(): 4460 events have been generated 

 Pythia::next(): 4470 events have been generated 

 Pythia::next(): 4480 events have been generated 

 Pythia::next(): 4490 events have been generated 

 Pythia::next(): 4500 events have been generated 

 Pythia::next(): 4510 events have been generated 

 Pythia::next(): 4520 events have been generated 

 Pythia::next(): 4530 events have been generated 

 Pythia::next(): 4540 events have been generated 

 Pythia::next(): 4550 events have been generated 

 Pythia::next(): 4560 events have been generated 

 Pythia::next(): 4570 events have been generated 

 Pythia::next(): 4580 events have been generated 

 Pythia::next(): 4590 events have been generated 

 Pythia::next(): 4600 events have been generated 

 Pythia::next(): 4610 events have been generated 

 Pythia::next(): 4620 events have been generated 

 Pythia::next(): 4630 events have been generated 

 Pythia::next(): 4640 events have been generated 

 Pythia::next(): 4650 events have been generated 

 Pythia::next(): 4660 events have been generated 

 Pythia::next(): 4670 events have been generated 

 Pythia::next(): 4680 events have been generated 

 Pythia::next(): 4690 events have been generated 

 Pythia::next(): 4700 events have been generated 

 Pythia::next(): 4710 events have been generated 

 Pythia::next(): 4720 events have been generated 

 Pythia::next(): 4730 events have been generated 

 Pythia::next(): 4740 events have been generated 

 Pythia::next(): 4750 events have been generated 

 Pythia::next(): 4760 events have been generated 

 Pythia::next(): 4770 events have been generated 

 Pythia::next(): 4780 events have been generated 

 Pythia::next(): 4790 events have been generated 

 Pythia::next(): 4800 events have been generated 

 Pythia::next(): 4810 events have been generated 

 Pythia::next(): 4820 events have been generated 

 Pythia::next(): 4830 events have been generated 

 Pythia::next(): 4840 events have been generated 

 Pythia::next(): 4850 events have been generated 

 Pythia::next(): 4860 events have been generated 

 Pythia::next(): 4870 events have been generated 

 Pythia::next(): 4880 events have been generated 

 Pythia::next(): 4890 events have been generated 

 Pythia::next(): 4900 events have been generated 

 Pythia::next(): 4910 events have been generated 

 Pythia::next(): 4920 events have been generated 

 Pythia::next(): 4930 events have been generated 

 Pythia::next(): 4940 events have been generated 

 Pythia::next(): 4950 events have been generated 

 Pythia::next(): 4960 events have been generated 

 Pythia::next(): 4970 events have been generated 

 Pythia::next(): 4980 events have been generated 

 Pythia::next(): 4990 events have been generated 

 *-------  PYTHIA Event and Cross Section Statistics  -------------------------------------------------------------*
 |                                                                                                                 |
 | Subprocess                                    Code |            Number of events       |      sigma +- delta    |
 |                                                    |       Tried   Selected   Accepted |     (estimated) (mb)   |
 |                                                    |                                   |                        |
 |-----------------------------------------------------------------------------------------------------------------|
 |                                                    |                                   |                        |
 | Les Houches User Process(es)                  9999 |        5000       5000       5000 |   1.549e-09  0.000e+00 |
 |    ... whereof user classification code          1 |        5000       5000       5000 |                        | 
 |                                                    |                                   |                        |
 | sum                                                |        5000       5000       5000 |   1.549e-09  0.000e+00 |
 |                                                                                                                 |
 *-------  End PYTHIA Event and Cross Section Statistics ----------------------------------------------------------*

 *-------  PYTHIA Error and Warning Messages Statistics  ----------------------------------------------------------* 
 |                                                                                                                 | 
 |  times   message                                                                                                | 
 |                                                                                                                 | 
 |      6   Error in SimpleSpaceShower::pT2nearThreshold: stuck in loop                                            | 
 |      1   Warning in SLHAinterface::initSLHA: ignoring DECAY tables                                              | 
 |      1   Warning in SLHAinterface::initSLHA: ignoring MASS entries                                              | 
 |      1   Warning in SLHAinterface::initSLHA: ignoring empty DECAY tables                                        | 
 |      1   Info from SLHAinterface::initSLHA: No MODSEL found, keeping internal SUSY switched off                 | 
 |                                                                                                                 | 
 *-------  End PYTHIA Error and Warning Messages Statistics  ------------------------------------------------------* 
Wrote 5000 events to /uscms_data/d3/iturkmen/hh4b_delphes/hepmc/ttbb_50k_shard001_pythia8.hepmc
** INFO: initializing module  Delphes                  
** INFO: initializing module  ParticlePropagator       
** INFO: initializing module  ChargedHadronTrackingEfficiency
** INFO: initializing module  ElectronTrackingEfficiency
** INFO: initializing module  MuonTrackingEfficiency   
** INFO: initializing module  ChargedHadronMomentumSmearing
** INFO: initializing module  ElectronMomentumSmearing 
** INFO: initializing module  MuonMomentumSmearing     
** INFO: initializing module  TrackMerger              
** INFO: initializing module  ECal                     
** INFO: initializing module  HCal                     
** INFO: initializing module  Calorimeter              
** INFO: initializing module  EFlowMerger              
** INFO: initializing module  EFlowFilter              
** INFO: initializing module  PhotonEfficiency         
** INFO: initializing module  PhotonIsolation          
** INFO: initializing module  ElectronFilter           
** INFO: initializing module  ElectronEfficiency       
** INFO: initializing module  ElectronIsolation        
** INFO: initializing module  ChargedHadronFilter      
** INFO: initializing module  MuonEfficiency           
** INFO: initializing module  MuonIsolation            
** INFO: initializing module  MissingET                
** INFO: initializing module  NeutrinoFilter           
** INFO: initializing module  GenJetFinder             
#--------------------------------------------------------------------------
#                         FastJet release 3.5.1
#                 M. Cacciari, G.P. Salam and G. Soyez                  
#     A software package for jet finding and analysis at colliders      
#                           https://fastjet.fr                           
#	                                                                      
# Please cite EPJC72(2012)1896 [arXiv:1111.6097] if you use this package
# for scientific work and optionally PLB641(2006)57 [hep-ph/0512210].   
#                                                                       
# FastJet is provided without warranty under the GNU GPL v2 or higher.  
# It uses T. Chan's closest pair algorithm, S. Fortune's Voronoi code
# and 3rd party plugin jet algorithms. See COPYING file for details.
#--------------------------------------------------------------------------
** INFO: initializing module  GenMissingET             
** INFO: initializing module  FastJetFinder            
** INFO: initializing module  FatJetFinder             
** INFO: initializing module  JetEnergyScale           
** INFO: initializing module  JetFlavorAssociation     
** INFO: initializing module  BTagging                 
** INFO: initializing module  TauTagging               
** INFO: initializing module  UniqueObjectFinder       
** INFO: initializing module  ScalarHT                 
** INFO: initializing module  TreeWriter               
** Reading /uscms_data/d3/iturkmen/hh4b_delphes/hepmc/ttbb_50k_shard001_pythia8.hepmc
** [----------------------------------------------------------------] (0.02%)** [#---------------------------------------------------------------] (2.22%)** [##--------------------------------------------------------------] (3.23%)** [###-------------------------------------------------------------] (5.30%)** [####------------------------------------------------------------] (7.15%)** [#####-----------------------------------------------------------] (8.55%)** [######----------------------------------------------------------] (9.96%)** [#######---------------------------------------------------------] (11.65%)** [########--------------------------------------------------------] (13.86%)** [#########-------------------------------------------------------] (15.24%)** [##########------------------------------------------------------] (16.30%)** [###########-----------------------------------------------------] (17.63%)** [############----------------------------------------------------] (18.91%)** [#############---------------------------------------------------] (20.34%)** [##############--------------------------------------------------] (22.72%)** [###############-------------------------------------------------] (24.22%)** [################------------------------------------------------] (25.25%)** [#################-----------------------------------------------] (26.70%)** [##################----------------------------------------------] (29.05%)** [###################---------------------------------------------] (30.52%)** [####################--------------------------------------------] (31.63%)** [#####################-------------------------------------------] (33.05%)** [######################------------------------------------------] (34.62%)** [#######################-----------------------------------------] (36.89%)** [########################----------------------------------------] (38.06%)** [#########################---------------------------------------] (39.53%)** [##########################--------------------------------------] (41.03%)** [###########################-------------------------------------] (43.32%)** [############################------------------------------------] (44.77%)** [#############################-----------------------------------] (46.35%)** [##############################----------------------------------] (47.84%)** [###############################---------------------------------] (48.57%)** [################################--------------------------------] (50.03%)** [#################################-------------------------------] (52.73%)** [##################################------------------------------] (54.19%)** [###################################-----------------------------] (55.05%)** [####################################----------------------------] (56.50%)** [#####################################---------------------------] (59.03%)** [######################################--------------------------] (60.41%)** [#######################################-------------------------] (61.39%)** [########################################------------------------] (62.79%)** [#########################################-----------------------] (65.36%)** [##########################################----------------------] (66.82%)** [###########################################---------------------] (67.71%)** [############################################--------------------] (69.19%)** [#############################################-------------------] (71.69%)** [##############################################------------------] (73.07%)** [###############################################-----------------] (74.12%)** [################################################----------------] (75.51%)** [#################################################---------------] (76.65%)** [##################################################--------------] (79.56%)** [###################################################-------------] (80.45%)** [####################################################------------] (82.46%)** [#####################################################-----------] (83.09%)** [######################################################----------] (84.60%)** [#######################################################---------] (86.03%)** [########################################################--------] (88.42%)** [#########################################################-------] (89.41%)** [##########################################################------] (90.75%)** [###########################################################-----] (92.48%)** [############################################################----] (94.48%)** [#############################################################---] (95.76%)** [##############################################################--] (97.20%)** [###############################################################-] (98.69%)** [################################################################] (100.00%)
** Exiting...
FILE: /uscms_data/d3/iturkmen/hh4b_delphes/root/ttbb_50k_shard001_pythia8_delphes.root

KEYS:
  ProcessID0;1
  Delphes;1

TREE: Delphes
ENTRIES: 5000

OBJECT CHECK:
  Event: OK
  Particle: OK
  Jet: OK
  GenJet: OK
  MissingET: OK
  GenMissingET: OK
  Electron: OK
  Muon: OK

SIZE BRANCHES:
  Event_size
  Weight_size
  Particle_size
  Track_size
  Tower_size
  EFlowTrack_size
  EFlowPhoton_size
  EFlowNeutralHadron_size
  GenJet_size
  GenMissingET_size
  Jet_size
  Electron_size
  Photon_size
  Muon_size
  FatJet_size
  MissingET_size
  ScalarHT_size
Input: /uscms_data/d3/iturkmen/hh4b_delphes/root/ttbb_50k_shard001_pythia8_delphes.root
Events: 5000

      event  n_higgs_particles  ...  n_genjets_flavor5  n_genjets_btag
0         0                  0  ...                  0               0
1         1                  0  ...                  0               0
2         2                  0  ...                  0               0
3         3                  0  ...                  0               0
4         4                  0  ...                  0               0
...     ...                ...  ...                ...             ...
4995   4995                  0  ...                  0               0
4996   4996                  0  ...                  0               0
4997   4997                  0  ...                  0               0
4998   4998                  0  ...                  0               0
4999   4999                  0  ...                  0               0

[5000 rows x 15 columns]

Column sums:
  n_higgs_particles: 0
  n_b_particles: 163722
  n_status1_b_particles: 0
  n_jets: 36898
  n_jets_pt30_eta25: 29478
  n_jets_flavor5: 17507
  n_jets_flavoralgo5: 0
  n_jets_flavorphys5: 0
  n_btagged_jets: 12311
  n_btagged_jets_pt30_eta25: 11348
  n_genjets: 39875
  n_genjets_pt30_eta25: 30114
  n_genjets_flavor5: 0
  n_genjets_btag: 0

Events with >=4 reconstructed jets: 4650
Events with >=4 reconstructed b-tagged jets: 608
Events with >=4 jet FlavorPhys b jets: 0
Events with >=4 generator-level b particles: 5000

Wrote: /uscms_data/d3/iturkmen/hh4b_delphes/metadata/ttbb_50k_shard001_diagnostic.csv
Wrote: /uscms_data/d3/iturkmen/hh4b_delphes/parquet/ttbb_50k_shard001_event_summary.parquet
                 sample  event  event_weight  ...  n_muon  ht_pt30_eta25         met
0     ttbb_50k_shard001      0      1.549321  ...       0     287.301758   51.456940
1     ttbb_50k_shard001      1      1.549321  ...       1     826.358521   61.786068
2     ttbb_50k_shard001      2      1.549321  ...       0     336.423767   24.229849
3     ttbb_50k_shard001      3      1.549321  ...       0     692.209290   10.288028
4     ttbb_50k_shard001      4      1.549321  ...       0     565.660034   60.364235
...                 ...    ...           ...  ...     ...            ...         ...
4995  ttbb_50k_shard001   4995      1.549321  ...       0     231.035583   32.983681
4996  ttbb_50k_shard001   4996      1.549321  ...       0     860.806580  104.660995
4997  ttbb_50k_shard001   4997      1.549321  ...       1     347.822174   14.450418
4998  ttbb_50k_shard001   4998      1.549321  ...       0     530.605713  148.023010
4999  ttbb_50k_shard001   4999      1.549321  ...       0     924.974365   14.759222

[5000 rows x 13 columns]

Selection counts:
  events: 5000
  events with >=4 selected jets: 4650
  events with >=4 selected b-tagged jets: 608
DONE: ttbb_50k_shard001
ROOT: /uscms_data/d3/iturkmen/hh4b_delphes/root/ttbb_50k_shard001_pythia8_delphes.root
HEPMC: /uscms_data/d3/iturkmen/hh4b_delphes/hepmc/ttbb_50k_shard001_pythia8.hepmc
PARQUET: /uscms_data/d3/iturkmen/hh4b_delphes/parquet/ttbb_50k_shard001_event_summary.parquet
DIAGNOSTIC: /uscms_data/d3/iturkmen/hh4b_delphes/metadata/ttbb_50k_shard001_diagnostic.csv
Input events: 5000
Events with >=4 selected b-tagged jets: 608
Wrote: /uscms_data/d3/iturkmen/hh4b_delphes/parquet/ttbb_50k_shard001_hh4b_candidates.parquet

             mbb1        mbb2  ...          mhh  n_selected_bjets
count  608.000000  608.000000  ...   608.000000        608.000000
mean   173.592332  141.240603  ...   550.592303          4.157895
std     90.056926   62.992438  ...   252.506851          0.415598
min     47.747461   32.037226  ...   148.032366          4.000000
25%    116.597451  101.191035  ...   385.339940          4.000000
50%    148.566685  130.463045  ...   491.410518          4.000000
75%    204.905446  166.642491  ...   652.268699          4.000000
max    765.633097  515.328785  ...  2380.576448          7.000000

[8 rows x 6 columns]
sample: ttbb_50k_shard001
events: 5000
candidate rows: 608
cross-section median pb: 1.5493206977844238
events with >=4 selected jets: 4650
events with >=4 selected b-tagged jets: 608
median mbb1: 148.56668517888488
median mbb2: 130.46304484615172
median avg_mbb: 145.50772197744513
median delta_mbb: 54.515002169415126
median mhh: 491.4105179512136
median n_selected_bjets: 4.0
Wrote: /uscms_data/d3/iturkmen/hh4b_delphes/metadata/ttbb_50k_shard001_summary.txt
DONE ttbb_50k_shard001
Finished shard 001

============================================================
Starting shard 002 / campaign ttbb_50k
TAG=ttbb_50k_shard002
RUN_NAME=run_ttbb_50k_002
SEED=107002
============================================================
PROCESS_DIR=/uscms_data/d3/iturkmen/hh4b_delphes/mg5/TTbb_smoke
RUN_NAME=run_ttbb_50k_002
N_EVENTS=5000
SEED=107002
OUTPUT_TAG=ttbb_50k_shard002
APPLY_B_CUTS=yes
Updated run card:
 5000 = nevents ! Number of unweighted events
 107002 = iseed ! Random seed
 25.0 = ptb ! minimum pt for b quarks
  -1.0	= ptbmax ! maximum pt for the b
 2.7 = etab ! maximum eta for b quarks
  0.0	= etabmin ! min rap for the b
 0.4 = drbb ! minimum deltaR between b quarks
  -1.0	= drbbmax ! max distance between b's
  0.0	= xptb ! minimum pt for at least one b 
 0.4 = drbj ! minimum deltaR between b and light jets
 20.0 = ptj ! minimum pt for jets
 5.0 = etaj ! maximum eta for jets
************************************************************
*                                                          *
*                      W E L C O M E to                    *
*             M A D G R A P H 5 _ a M C @ N L O            *
*                      M A D E V E N T                     *
*                                                          *
*                 *                       *                *
*                   *        * *        *                  *
*                     * * * * 5 * * * *                    *
*                   *        * *        *                  *
*                 *                       *                *
*                                                          *
*         VERSION 3.5.3                                    *
*                                                          *
*    The MadGraph5_aMC@NLO Development Team - Find us at   *
*    https://server06.fynu.ucl.ac.be/projects/madgraph     *
*                                                          *
*               Type 'help' for in-line help.              *
*                                                          *
************************************************************
INFO: load configuration from /uscms_data/d3/iturkmen/hh4b_delphes/mg5/TTbb_smoke/Cards/me5_configuration.txt  
INFO: load configuration from /cvmfs/sft.cern.ch/lcg/releases/MCGenerators/madgraph5amc/3.5.3.atlas7-2c347/x86_64-el9-gcc13-opt/input/mg5_configuration.txt  
INFO: load configuration from /uscms_data/d3/iturkmen/hh4b_delphes/mg5/TTbb_smoke/Cards/me5_configuration.txt  
Using default text editor "vi". Set another one in ./input/mg5_configuration.txt
Using default eps viewer "evince". Set another one in ./input/mg5_configuration.txt
Using default web browser "firefox". Set another one in ./input/mg5_configuration.txt
generate_events run_ttbb_50k_002 -f
Generating 5000 events with run name run_ttbb_50k_002
survey  run_ttbb_50k_002 
INFO: compile directory 
compile Source Directory
Using random number seed offset = 107002
INFO: Running Survey 
Creating Jobs
Working on SubProcesses
INFO: Compiling for process 1/2. 
INFO:     P1_gg_ttxbbx  
  0%|          | 0/1049 [00:00<?, ?it/s] 58%|█████▊    | 605/1049 [00:00<00:00, 6048.10it/s]100%|██████████| 1049/1049 [00:00<00:00, 6445.02it/s]
INFO: Compiling for process 2/2. 
INFO:     P1_qq_ttxbbx  
  0%|          | 0/816 [00:00<?, ?it/s]100%|██████████| 816/816 [00:00<00:00, 41282.82it/s]
INFO:     P1_gg_ttxbbx  
INFO:     P1_qq_ttxbbx  
INFO:  Idle: 4,  Running: 8,  Completed: 0 [ current time: 15h04 ] 
INFO:  Idle: 3,  Running: 8,  Completed: 1 [ current time: 15h04 ] 
INFO:  Idle: 0,  Running: 0,  Completed: 12 [  0.89s  ] 
INFO: End survey 
refine 5000
Creating Jobs
INFO: Refine results to 5000 
INFO: Generating 5000.0 unweighted events. 
sum of cpu time of last step: 18 seconds
INFO: Effective Luminosity 3881.8230848842236 pb^-1 
INFO: need to improve 9 channels 
- Current estimate of cross-section: 1.545665495 +- 0.014880747260209007
    P1_gg_ttxbbx 
    P1_qq_ttxbbx 
INFO:  Idle: 3,  Running: 8,  Completed: 0 [ current time: 15h04 ] 
INFO:  Idle: 2,  Running: 8,  Completed: 1 [  1.8s  ] 
INFO:  Idle: 0,  Running: 2,  Completed: 9 [  6.1s  ] 
INFO:  Idle: 0,  Running: 0,  Completed: 11 [  12.3s  ] 
INFO:  Idle: 0,  Running: 0,  Completed: 11 [  12.3s  ] 
INFO: Combining runs 
sum of cpu time of last step: 53 seconds
INFO: finish refine 
refine 5000 --treshold=0.9
No need for second refine due to stability of cross-section
INFO: Combining Events 
combination of events done in 3.4913651943206787 s 
  === Results Summary for run: run_ttbb_50k_002 tag: tag_1 ===

     Cross-section :   1.55 +- 0.00631 pb
     Nb of events :  5000
 
INFO: Running Systematics computation 
INFO:  Idle: 1,  Running: 1,  Completed: 0 [ current time: 15h04 ] 
INFO:  Idle: 0,  Running: 1,  Completed: 1 [  8.1s  ] 
INFO: # Events generated with PDF: NNPDF23_lo_as_0130_qed (247000) 
INFO: # Will Compute 145 weights per event. 
INFO: #***************************************************************************
#
# original cross-section: 1.549309700020032
#     scale variation: +69.9% -37.7%
#     central scheme variation: + 0% -61%
# PDF variation: +7.5% -7.5%
#
# dynamical scheme # 1 : 0.848113 +58.1% -34.5% # \sum ET
# dynamical scheme # 2 : 0.721929 +55.5% -33.7% # \sum\sqrt{m^2+pt^2}
# dynamical scheme # 3 : 1.12288 +62% -35.7% # 0.5 \sum\sqrt{m^2+pt^2}
# dynamical scheme # 4 : 0.604506 +53.1% -32.8% # \sqrt{\hat s}
#***************************************************************************
 
INFO: End of systematics computation 
store_events
INFO: Storing parton level results 
INFO: End Parton 
reweight -from_cards
decay_events -from_cards
INFO: storing files of previous run 
INFO: Done 
quit
INFO:  
LHE=/uscms_data/d3/iturkmen/hh4b_delphes/mg5/TTbb_smoke/Events/run_ttbb_50k_002/unweighted_events.lhe.gz
N_FOUND=5000
Sample: ttbb_50k_shard002
Input LHE.GZ: /uscms_data/d3/iturkmen/hh4b_delphes/mg5/TTbb_smoke/Events/run_ttbb_50k_002/unweighted_events.lhe.gz
Events requested: 5000
Output tag: ttbb_50k_shard002
LHE: /uscms_data/d3/iturkmen/hh4b_delphes/mg5/TTbb_smoke/Events/run_ttbb_50k_002/unweighted_events.lhe
HEPMC: /uscms_data/d3/iturkmen/hh4b_delphes/hepmc/ttbb_50k_shard002_pythia8.hepmc
ROOT: /uscms_data/d3/iturkmen/hh4b_delphes/root/ttbb_50k_shard002_pythia8_delphes.root
LHE event count: 5000

 *------------------------------------------------------------------------------------* 
 |                                                                                    | 
 |  *------------------------------------------------------------------------------*  | 
 |  |                                                                              |  | 
 |  |                                                                              |  | 
 |  |   PPP   Y   Y  TTTTT  H   H  III    A      Welcome to the Lund Monte Carlo!  |  | 
 |  |   P  P   Y Y     T    H   H   I    A A     This is PYTHIA version 8.312      |  | 
 |  |   PPP     Y      T    HHHHH   I   AAAAA    Last date of change: 23 May 2024  |  | 
 |  |   P       Y      T    H   H   I   A   A                                      |  | 
 |  |   P       Y      T    H   H  III  A   A    Now is 08 Jul 2026 at 15:05:56    |  | 
 |  |                                                                              |  | 
 |  |   Program documentation and an archive of historic versions is found on:     |  | 
 |  |                                                                              |  | 
 |  |                               https://pythia.org/                            |  | 
 |  |                                                                              |  | 
 |  |   PYTHIA is authored by a collaboration consisting of:                       |  | 
 |  |                                                                              |  | 
 |  |   Javira Altmann, Christian Bierlich, Naomi Cooke, Nishita Desai,            |  | 
 |  |   Leif Gellersen, Ilkka Helenius, Philip Ilten, Leif Lonnblad,               |  | 
 |  |   Stephen Mrenna, Christian Preuss, Torbjorn Sjostrand, Peter Skands,        |  | 
 |  |   Marius Utheim, and Rob Verheyen.                                           |  | 
 |  |                                                                              |  | 
 |  |   The complete list of authors, including contact information and            |  | 
 |  |   affiliations, can be found on https://pythia.org/.                         |  | 
 |  |   Problems or bugs should be reported on email at authors@pythia.org.        |  | 
 |  |                                                                              |  | 
 |  |   The main program reference is C. Bierlich et al,                           |  | 
 |  |   'A comprehensive guide to the physics and usage of Pythia 8.3',            |  | 
 |  |   SciPost Phys. Codebases 8-r8.3 (2022) [arXiv:2203.11601 [hep-ph]]          |  | 
 |  |                                                                              |  | 
 |  |   PYTHIA is released under the GNU General Public Licence version 2 or later.|  | 
 |  |   Please respect the MCnet Guidelines for Event Generator Authors and Users. |  | 
 |  |                                                                              |  | 
 |  |   Disclaimer: this program comes without any guarantees.                     |  | 
 |  |   Beware of errors and use common sense when interpreting results.           |  | 
 |  |                                                                              |  | 
 |  |   Copyright (C) 2024 Torbjorn Sjostrand                                      |  | 
 |  |                                                                              |  | 
 |  |                                                                              |  | 
 |  *------------------------------------------------------------------------------*  | 
 |                                                                                    | 
 *------------------------------------------------------------------------------------* 

 *-----------------------  SusyLesHouches SUSY/BSM Interface  ------------------------*
 | Last Change 12 Apr 2017 - P. Skands
 | Parsing: /uscms_data/d3/iturkmen/hh4b_delphes/mg5/TTbb_smoke/Events/run_ttbb_50k_002/unweighted_events.lhe
 | (SLHA::readFile) line 338 - storing non-SLHA(2) block: yukawa
 *------------------------------------------------------------------------------------*
 PYTHIA Info from SLHAinterface::initSLHA: No MODSEL found, keeping internal SUSY switched off
 PYTHIA Warning in SLHAinterface::initSLHA: ignoring MASS entries for id = {1,2,3,4,5,11,12,13,14,15,16,21,22,23,24} (m0 < SLHA:minMassSM)
 PYTHIA Warning in SLHAinterface::initSLHA: ignoring DECAY tables for id = {23,24,1,2,3,4,5,11,12,13,14,15,16,21,22} (m0 < SLHA:minMassSM)
 PYTHIA Warning in SLHAinterface::initSLHA: ignoring empty DECAY tables for id = {6,25} (total width provided but no Branching Ratios)

 *-------  PYTHIA Process Initialization  --------------------------*
 |                                                                  |
 | We collide p+ with p+ at a CM energy of 1.300e+04 GeV            |
 |                                                                  |
 |------------------------------------------------------------------|
 |                                                    |             |
 | Subprocess                                    Code |   Estimated |
 |                                                    |    max (mb) |
 |                                                    |             |
 |------------------------------------------------------------------|
 |                                                    |             |
 | Les Houches User Process(es)                  9999 |   1.000e-09 |
 |                                                                  |
 *-------  End PYTHIA Process Initialization -----------------------*

 *-------  PYTHIA Multiparton Interactions Initialization  ---------* 
 |                                                                  | 
 |                   sigmaNonDiffractive =    56.42 mb              | 
 |                                                                  | 
 |    pT0 =  2.60 gives sigmaInteraction =   317.96 mb: accepted    | 
 |                                                                  | 
 *-------  End PYTHIA Multiparton Interactions Initialization  -----* 

 *-------  PYTHIA Flag + Mode + Parm + Word + FVec + MVec + PVec + WVec Settings (changes only)  ------------------* 
 |                                                                                                                 | 
 | Name                                          |                      Now |      Default         Min         Max | 
 |                                               |                          |                                      | 
 | Beams:frameType                               |                        4 |            1           1           5 | 
 | Beams:LHEF                                    | /uscms_data/d3/iturkmen/hh4b_delphes/mg5/TTbb_smoke/Events/run_ttbb_50k_002/unweighted_events.lhe |         void | 
 | Check:event                                   |                      off |           on                         | 
 | Next:numberCount                              |                       10 |         1000           0             | 
 | Next:numberShowEvent                          |                        0 |            1           0             | 
 | Next:numberShowInfo                           |                        0 |            1           0             | 
 | Next:numberShowProcess                        |                        0 |            1           0             | 
 |                                                                                                                 | 
 *-------  End PYTHIA Flag + Mode + Parm + Word + FVec + MVec + PVec + WVec Settings  -----------------------------* 

 --------  PYTHIA Particle Data Table (changed only)  ------------------------------------------------------------------------------
 
      id   name            antiName         spn chg col      m0        mWidth      mMin       mMax       tau0    res dec ext vis wid
             no onMode   bRatio   meMode     products 

       6  t                tbar               2   2   1  173.00000    1.35678  166.40000  179.60000  1.45438e-13   1   1   0   1   0
              0     1   0.0000664    0       24        1 
              1     1   0.0017361    0       24        3 
              2     1   0.9981975    0       24        5 
              3     0   0.0000000    0       37        5 

      25  h0                                  1   0   0  125.00000    0.00408  124.96809  125.03191  4.83238e-11   1   1   0   0   0
              0     1   0.0000009    0        1       -1 
              1     1   0.0000002    0        2       -2 
              2     1   0.0002163    0        3       -3 
              3     1   0.0288493    0        4       -4 
              4     1   0.5768873    0        5       -5 
              5     1   0.0000000    0        6       -6 
              6     1   0.0000000    0       11      -11 
              7     1   0.0002185    0       13      -13 
              8     1   0.0628569    0       15      -15 
              9     1   0.0850383    0       21       21 
             10     1   0.0022965    0       22       22 
             11     1   0.0016155    0       22       23 
             12     1   0.0261758    0       23       23 
             13     1   0.2158445    0       24      -24 
             14     1   0.0000000  103  1000022  1000022 
             15     1   0.0000000  103  1000023  1000022 
             16     1   0.0000000  103  1000023  1000023 
             17     1   0.0000000  103  1000025  1000022 
             18     1   0.0000000  103  1000025  1000023 
             19     1   0.0000000  103  1000025  1000025 
             20     1   0.0000000  103  1000035  1000022 
             21     1   0.0000000  103  1000035  1000023 
             22     1   0.0000000  103  1000035  1000025 
             23     1   0.0000000  103  1000035  1000035 
             24     1   0.0000000  103  1000024 -1000024 
             25     1   0.0000000  103  1000024 -1000037 
             26     1   0.0000000  103  1000037 -1000024 
             27     1   0.0000000  103  1000037 -1000037 
             28     1   0.0000000  103  1000001 -1000001 
             29     1   0.0000000  103  2000001 -2000001 
             30     1   0.0000000  103  1000001 -2000001 
             31     1   0.0000000  103 -1000001  2000001 
             32     1   0.0000000  103  1000002 -1000002 
             33     1   0.0000000  103  2000002 -2000002 
             34     1   0.0000000  103  1000002 -2000002 
             35     1   0.0000000  103 -1000002  2000002 
             36     1   0.0000000  103  1000003 -1000003 
             37     1   0.0000000  103  2000003 -2000003 
             38     1   0.0000000  103  1000003 -2000003 
             39     1   0.0000000  103 -1000003  2000003 
             40     1   0.0000000  103  1000004 -1000004 
             41     1   0.0000000  103  2000004 -2000004 
             42     1   0.0000000  103  1000004 -2000004 
             43     1   0.0000000  103 -1000004  2000004 
             44     1   0.0000000  103  1000005 -1000005 
             45     1   0.0000000  103  2000005 -2000005 
             46     1   0.0000000  103  1000005 -2000005 
             47     1   0.0000000  103 -1000005  2000005 
             48     1   0.0000000  103  1000006 -1000006 
             49     1   0.0000000  103  2000006 -2000006 
             50     1   0.0000000  103  1000006 -2000006 
             51     1   0.0000000  103 -1000006  2000006 
             52     1   0.0000000  103  1000011 -1000011 
             53     1   0.0000000  103  2000011 -2000011 
             54     1   0.0000000  103  1000011 -2000011 
             55     1   0.0000000  103 -1000011  2000011 
             56     1   0.0000000  103  1000012 -1000012 
             57     1   0.0000000  103  2000012 -2000012 
             58     1   0.0000000  103  1000012 -2000012 
             59     1   0.0000000  103 -1000012  2000012 
             60     1   0.0000000  103  1000013 -1000013 
             61     1   0.0000000  103  2000013 -2000013 
             62     1   0.0000000  103  1000013 -2000013 
             63     1   0.0000000  103 -1000013  2000013 
             64     1   0.0000000  103  1000014 -1000014 
             65     1   0.0000000  103  2000014 -2000014 
             66     1   0.0000000  103  1000014 -2000014 
             67     1   0.0000000  103 -1000014  2000014 
             68     1   0.0000000  103  1000015 -1000015 
             69     1   0.0000000  103  2000015 -2000015 
             70     1   0.0000000  103  1000015 -2000015 
             71     1   0.0000000  103 -1000015  2000015 
             72     1   0.0000000  103  1000016 -1000016 
             73     1   0.0000000  103  2000016 -2000016 
             74     1   0.0000000  103  1000016 -2000016 
             75     1   0.0000000  103 -1000016  2000016 

 --------  End PYTHIA Particle Data Table  -----------------------------------------------------------------------------------------


 --------  LHA initialization information  ------------ 

  beam    kind      energy  pdfgrp  pdfset 
     A    2212    6500.000       0  247000
     B    2212    6500.000       0  247000

  Event weighting strategy = -4

  Processes, with strategy-dependent cross section info 
  number      xsec (pb)      xerr (pb)      xmax (pb) 
       1     1.5496e+00     6.3102e-03     1.5496e+00

 --------  End LHA initialization information  -------- 

 --------  LHA event information and listing  ---------------------------------------------------------------------- 

    process =        1    weight =   1.5496e+00     scale =   1.9436e+02 (GeV) 
                        alpha_em =   7.5558e-03    alpha_strong =   1.2102e-01

    Participating Particles 
    no        id stat     mothers     colours      p_x        p_y        p_z         e          m        tau    spin 
     1        21   -1     0     0   502   503      0.000      0.000    511.786    511.786      0.000   0.000   1.000
     2        21   -1     0     0   501   504     -0.000     -0.000   -444.380    444.380      0.000   0.000  -1.000
     3         6    1     1     2   501     0   -101.496    -65.603   -303.831    369.695    172.500   0.000  -1.000
     4        -6    1     1     2     0   503    -25.608     -3.007     54.243    182.656    172.500   0.000   1.000
     5         5    1     1     2   502     0     54.077     13.636    306.638    311.704      4.700   0.000  -1.000
     6        -5    1     1     2     0   504     73.027     54.974     10.356     92.110      4.700   0.000   1.000

 --------  End LHA event information and listing  ------------------------------------------------------------------ 

 Pythia::next(): 10 events have been generated 

 Pythia::next(): 20 events have been generated 

 Pythia::next(): 30 events have been generated 

 Pythia::next(): 40 events have been generated 

 Pythia::next(): 50 events have been generated 

 Pythia::next(): 60 events have been generated 

 Pythia::next(): 70 events have been generated 

 Pythia::next(): 80 events have been generated 

 Pythia::next(): 90 events have been generated 

 Pythia::next(): 100 events have been generated 

 Pythia::next(): 110 events have been generated 

 Pythia::next(): 120 events have been generated 

 Pythia::next(): 130 events have been generated 

 Pythia::next(): 140 events have been generated 

 Pythia::next(): 150 events have been generated 

 Pythia::next(): 160 events have been generated 

 Pythia::next(): 170 events have been generated 

 Pythia::next(): 180 events have been generated 

 Pythia::next(): 190 events have been generated 

 Pythia::next(): 200 events have been generated 

 Pythia::next(): 210 events have been generated 

 Pythia::next(): 220 events have been generated 

 Pythia::next(): 230 events have been generated 

 Pythia::next(): 240 events have been generated 

 Pythia::next(): 250 events have been generated 

 Pythia::next(): 260 events have been generated 

 Pythia::next(): 270 events have been generated 

 Pythia::next(): 280 events have been generated 

 Pythia::next(): 290 events have been generated 

 Pythia::next(): 300 events have been generated 

 Pythia::next(): 310 events have been generated 

 Pythia::next(): 320 events have been generated 

 Pythia::next(): 330 events have been generated 

 Pythia::next(): 340 events have been generated 

 Pythia::next(): 350 events have been generated 

 Pythia::next(): 360 events have been generated 

 Pythia::next(): 370 events have been generated 

 Pythia::next(): 380 events have been generated 

 Pythia::next(): 390 events have been generated 

 Pythia::next(): 400 events have been generated 

 Pythia::next(): 410 events have been generated 

 Pythia::next(): 420 events have been generated 

 Pythia::next(): 430 events have been generated 

 Pythia::next(): 440 events have been generated 

 Pythia::next(): 450 events have been generated 

 Pythia::next(): 460 events have been generated 

 Pythia::next(): 470 events have been generated 

 Pythia::next(): 480 events have been generated 

 Pythia::next(): 490 events have been generated 

 Pythia::next(): 500 events have been generated 

 Pythia::next(): 510 events have been generated 

 Pythia::next(): 520 events have been generated 

 Pythia::next(): 530 events have been generated 

 Pythia::next(): 540 events have been generated 

 Pythia::next(): 550 events have been generated 

 Pythia::next(): 560 events have been generated 

 Pythia::next(): 570 events have been generated 

 Pythia::next(): 580 events have been generated 

 Pythia::next(): 590 events have been generated 

 Pythia::next(): 600 events have been generated 

 Pythia::next(): 610 events have been generated 

 Pythia::next(): 620 events have been generated 

 Pythia::next(): 630 events have been generated 

 Pythia::next(): 640 events have been generated 

 Pythia::next(): 650 events have been generated 

 Pythia::next(): 660 events have been generated 

 Pythia::next(): 670 events have been generated 

 Pythia::next(): 680 events have been generated 

 Pythia::next(): 690 events have been generated 

 Pythia::next(): 700 events have been generated 

 Pythia::next(): 710 events have been generated 

 Pythia::next(): 720 events have been generated 

 Pythia::next(): 730 events have been generated 

 Pythia::next(): 740 events have been generated 

 Pythia::next(): 750 events have been generated 

 Pythia::next(): 760 events have been generated 

 Pythia::next(): 770 events have been generated 

 Pythia::next(): 780 events have been generated 

 Pythia::next(): 790 events have been generated 

 Pythia::next(): 800 events have been generated 

 Pythia::next(): 810 events have been generated 

 Pythia::next(): 820 events have been generated 

 Pythia::next(): 830 events have been generated 

 Pythia::next(): 840 events have been generated 

 Pythia::next(): 850 events have been generated 

 Pythia::next(): 860 events have been generated 

 Pythia::next(): 870 events have been generated 

 Pythia::next(): 880 events have been generated 

 Pythia::next(): 890 events have been generated 

 Pythia::next(): 900 events have been generated 

 Pythia::next(): 910 events have been generated 

 Pythia::next(): 920 events have been generated 

 Pythia::next(): 930 events have been generated 

 Pythia::next(): 940 events have been generated 

 Pythia::next(): 950 events have been generated 

 Pythia::next(): 960 events have been generated 

 Pythia::next(): 970 events have been generated 

 Pythia::next(): 980 events have been generated 

 Pythia::next(): 990 events have been generated 

 Pythia::next(): 1000 events have been generated 

 Pythia::next(): 1010 events have been generated 

 Pythia::next(): 1020 events have been generated 

 Pythia::next(): 1030 events have been generated 

 Pythia::next(): 1040 events have been generated 

 Pythia::next(): 1050 events have been generated 

 Pythia::next(): 1060 events have been generated 

 Pythia::next(): 1070 events have been generated 

 Pythia::next(): 1080 events have been generated 

 Pythia::next(): 1090 events have been generated 

 Pythia::next(): 1100 events have been generated 

 Pythia::next(): 1110 events have been generated 

 Pythia::next(): 1120 events have been generated 

 Pythia::next(): 1130 events have been generated 

 Pythia::next(): 1140 events have been generated 

 Pythia::next(): 1150 events have been generated 

 Pythia::next(): 1160 events have been generated 

 Pythia::next(): 1170 events have been generated 

 Pythia::next(): 1180 events have been generated 

 Pythia::next(): 1190 events have been generated 

 Pythia::next(): 1200 events have been generated 

 Pythia::next(): 1210 events have been generated 
 PYTHIA Error in SimpleSpaceShower::pT2nearThreshold: stuck in loop

 Pythia::next(): 1220 events have been generated 

 Pythia::next(): 1230 events have been generated 

 Pythia::next(): 1240 events have been generated 

 Pythia::next(): 1250 events have been generated 

 Pythia::next(): 1260 events have been generated 

 Pythia::next(): 1270 events have been generated 

 Pythia::next(): 1280 events have been generated 

 Pythia::next(): 1290 events have been generated 

 Pythia::next(): 1300 events have been generated 

 Pythia::next(): 1310 events have been generated 

 Pythia::next(): 1320 events have been generated 

 Pythia::next(): 1330 events have been generated 

 Pythia::next(): 1340 events have been generated 

 Pythia::next(): 1350 events have been generated 

 Pythia::next(): 1360 events have been generated 

 Pythia::next(): 1370 events have been generated 

 Pythia::next(): 1380 events have been generated 

 Pythia::next(): 1390 events have been generated 

 Pythia::next(): 1400 events have been generated 

 Pythia::next(): 1410 events have been generated 

 Pythia::next(): 1420 events have been generated 

 Pythia::next(): 1430 events have been generated 

 Pythia::next(): 1440 events have been generated 

 Pythia::next(): 1450 events have been generated 

 Pythia::next(): 1460 events have been generated 

 Pythia::next(): 1470 events have been generated 

 Pythia::next(): 1480 events have been generated 

 Pythia::next(): 1490 events have been generated 

 Pythia::next(): 1500 events have been generated 

 Pythia::next(): 1510 events have been generated 

 Pythia::next(): 1520 events have been generated 

 Pythia::next(): 1530 events have been generated 

 Pythia::next(): 1540 events have been generated 

 Pythia::next(): 1550 events have been generated 

 Pythia::next(): 1560 events have been generated 

 Pythia::next(): 1570 events have been generated 

 Pythia::next(): 1580 events have been generated 

 Pythia::next(): 1590 events have been generated 

 Pythia::next(): 1600 events have been generated 

 Pythia::next(): 1610 events have been generated 

 Pythia::next(): 1620 events have been generated 

 Pythia::next(): 1630 events have been generated 

 Pythia::next(): 1640 events have been generated 

 Pythia::next(): 1650 events have been generated 

 Pythia::next(): 1660 events have been generated 

 Pythia::next(): 1670 events have been generated 

 Pythia::next(): 1680 events have been generated 

 Pythia::next(): 1690 events have been generated 

 Pythia::next(): 1700 events have been generated 

 Pythia::next(): 1710 events have been generated 

 Pythia::next(): 1720 events have been generated 

 Pythia::next(): 1730 events have been generated 

 Pythia::next(): 1740 events have been generated 

 Pythia::next(): 1750 events have been generated 

 Pythia::next(): 1760 events have been generated 

 Pythia::next(): 1770 events have been generated 

 Pythia::next(): 1780 events have been generated 

 Pythia::next(): 1790 events have been generated 

 Pythia::next(): 1800 events have been generated 

 Pythia::next(): 1810 events have been generated 

 Pythia::next(): 1820 events have been generated 

 Pythia::next(): 1830 events have been generated 

 Pythia::next(): 1840 events have been generated 

 Pythia::next(): 1850 events have been generated 

 Pythia::next(): 1860 events have been generated 

 Pythia::next(): 1870 events have been generated 

 Pythia::next(): 1880 events have been generated 

 Pythia::next(): 1890 events have been generated 

 Pythia::next(): 1900 events have been generated 

 Pythia::next(): 1910 events have been generated 

 Pythia::next(): 1920 events have been generated 

 Pythia::next(): 1930 events have been generated 

 Pythia::next(): 1940 events have been generated 

 Pythia::next(): 1950 events have been generated 

 Pythia::next(): 1960 events have been generated 

 Pythia::next(): 1970 events have been generated 

 Pythia::next(): 1980 events have been generated 

 Pythia::next(): 1990 events have been generated 

 Pythia::next(): 2000 events have been generated 

 Pythia::next(): 2010 events have been generated 

 Pythia::next(): 2020 events have been generated 

 Pythia::next(): 2030 events have been generated 

 Pythia::next(): 2040 events have been generated 
 PYTHIA Warning in SimpleTimeShower::pTnext: negative dipole mass

 Pythia::next(): 2050 events have been generated 

 Pythia::next(): 2060 events have been generated 

 Pythia::next(): 2070 events have been generated 

 Pythia::next(): 2080 events have been generated 

 Pythia::next(): 2090 events have been generated 

 Pythia::next(): 2100 events have been generated 

 Pythia::next(): 2110 events have been generated 

 Pythia::next(): 2120 events have been generated 

 Pythia::next(): 2130 events have been generated 

 Pythia::next(): 2140 events have been generated 

 Pythia::next(): 2150 events have been generated 

 Pythia::next(): 2160 events have been generated 

 Pythia::next(): 2170 events have been generated 

 Pythia::next(): 2180 events have been generated 

 Pythia::next(): 2190 events have been generated 

 Pythia::next(): 2200 events have been generated 

 Pythia::next(): 2210 events have been generated 

 Pythia::next(): 2220 events have been generated 

 Pythia::next(): 2230 events have been generated 

 Pythia::next(): 2240 events have been generated 

 Pythia::next(): 2250 events have been generated 

 Pythia::next(): 2260 events have been generated 

 Pythia::next(): 2270 events have been generated 

 Pythia::next(): 2280 events have been generated 

 Pythia::next(): 2290 events have been generated 

 Pythia::next(): 2300 events have been generated 

 Pythia::next(): 2310 events have been generated 

 Pythia::next(): 2320 events have been generated 

 Pythia::next(): 2330 events have been generated 

 Pythia::next(): 2340 events have been generated 

 Pythia::next(): 2350 events have been generated 

 Pythia::next(): 2360 events have been generated 

 Pythia::next(): 2370 events have been generated 

 Pythia::next(): 2380 events have been generated 

 Pythia::next(): 2390 events have been generated 

 Pythia::next(): 2400 events have been generated 

 Pythia::next(): 2410 events have been generated 

 Pythia::next(): 2420 events have been generated 

 Pythia::next(): 2430 events have been generated 

 Pythia::next(): 2440 events have been generated 

 Pythia::next(): 2450 events have been generated 

 Pythia::next(): 2460 events have been generated 

 Pythia::next(): 2470 events have been generated 

 Pythia::next(): 2480 events have been generated 

 Pythia::next(): 2490 events have been generated 

 Pythia::next(): 2500 events have been generated 

 Pythia::next(): 2510 events have been generated 

 Pythia::next(): 2520 events have been generated 

 Pythia::next(): 2530 events have been generated 

 Pythia::next(): 2540 events have been generated 

 Pythia::next(): 2550 events have been generated 

 Pythia::next(): 2560 events have been generated 

 Pythia::next(): 2570 events have been generated 

 Pythia::next(): 2580 events have been generated 

 Pythia::next(): 2590 events have been generated 

 Pythia::next(): 2600 events have been generated 

 Pythia::next(): 2610 events have been generated 

 Pythia::next(): 2620 events have been generated 

 Pythia::next(): 2630 events have been generated 

 Pythia::next(): 2640 events have been generated 

 Pythia::next(): 2650 events have been generated 

 Pythia::next(): 2660 events have been generated 

 Pythia::next(): 2670 events have been generated 

 Pythia::next(): 2680 events have been generated 

 Pythia::next(): 2690 events have been generated 

 Pythia::next(): 2700 events have been generated 

 Pythia::next(): 2710 events have been generated 

 Pythia::next(): 2720 events have been generated 

 Pythia::next(): 2730 events have been generated 

 Pythia::next(): 2740 events have been generated 

 Pythia::next(): 2750 events have been generated 

 Pythia::next(): 2760 events have been generated 

 Pythia::next(): 2770 events have been generated 

 Pythia::next(): 2780 events have been generated 

 Pythia::next(): 2790 events have been generated 

 Pythia::next(): 2800 events have been generated 

 Pythia::next(): 2810 events have been generated 

 Pythia::next(): 2820 events have been generated 

 Pythia::next(): 2830 events have been generated 

 Pythia::next(): 2840 events have been generated 

 Pythia::next(): 2850 events have been generated 

 Pythia::next(): 2860 events have been generated 

 Pythia::next(): 2870 events have been generated 

 Pythia::next(): 2880 events have been generated 

 Pythia::next(): 2890 events have been generated 

 Pythia::next(): 2900 events have been generated 

 Pythia::next(): 2910 events have been generated 

 Pythia::next(): 2920 events have been generated 

 Pythia::next(): 2930 events have been generated 

 Pythia::next(): 2940 events have been generated 

 Pythia::next(): 2950 events have been generated 

 Pythia::next(): 2960 events have been generated 

 Pythia::next(): 2970 events have been generated 

 Pythia::next(): 2980 events have been generated 

 Pythia::next(): 2990 events have been generated 

 Pythia::next(): 3000 events have been generated 

 Pythia::next(): 3010 events have been generated 

 Pythia::next(): 3020 events have been generated 

 Pythia::next(): 3030 events have been generated 

 Pythia::next(): 3040 events have been generated 

 Pythia::next(): 3050 events have been generated 

 Pythia::next(): 3060 events have been generated 

 Pythia::next(): 3070 events have been generated 

 Pythia::next(): 3080 events have been generated 

 Pythia::next(): 3090 events have been generated 

 Pythia::next(): 3100 events have been generated 

 Pythia::next(): 3110 events have been generated 

 Pythia::next(): 3120 events have been generated 

 Pythia::next(): 3130 events have been generated 

 Pythia::next(): 3140 events have been generated 

 Pythia::next(): 3150 events have been generated 

 Pythia::next(): 3160 events have been generated 

 Pythia::next(): 3170 events have been generated 

 Pythia::next(): 3180 events have been generated 

 Pythia::next(): 3190 events have been generated 

 Pythia::next(): 3200 events have been generated 

 Pythia::next(): 3210 events have been generated 

 Pythia::next(): 3220 events have been generated 

 Pythia::next(): 3230 events have been generated 

 Pythia::next(): 3240 events have been generated 

 Pythia::next(): 3250 events have been generated 

 Pythia::next(): 3260 events have been generated 

 Pythia::next(): 3270 events have been generated 

 Pythia::next(): 3280 events have been generated 

 Pythia::next(): 3290 events have been generated 

 Pythia::next(): 3300 events have been generated 

 Pythia::next(): 3310 events have been generated 

 Pythia::next(): 3320 events have been generated 

 Pythia::next(): 3330 events have been generated 

 Pythia::next(): 3340 events have been generated 

 Pythia::next(): 3350 events have been generated 

 Pythia::next(): 3360 events have been generated 

 Pythia::next(): 3370 events have been generated 

 Pythia::next(): 3380 events have been generated 

 Pythia::next(): 3390 events have been generated 

 Pythia::next(): 3400 events have been generated 

 Pythia::next(): 3410 events have been generated 

 Pythia::next(): 3420 events have been generated 

 Pythia::next(): 3430 events have been generated 

 Pythia::next(): 3440 events have been generated 

 Pythia::next(): 3450 events have been generated 

 Pythia::next(): 3460 events have been generated 

 Pythia::next(): 3470 events have been generated 

 Pythia::next(): 3480 events have been generated 

 Pythia::next(): 3490 events have been generated 

 Pythia::next(): 3500 events have been generated 

 Pythia::next(): 3510 events have been generated 

 Pythia::next(): 3520 events have been generated 

 Pythia::next(): 3530 events have been generated 

 Pythia::next(): 3540 events have been generated 

 Pythia::next(): 3550 events have been generated 

 Pythia::next(): 3560 events have been generated 

 Pythia::next(): 3570 events have been generated 

 Pythia::next(): 3580 events have been generated 

 Pythia::next(): 3590 events have been generated 

 Pythia::next(): 3600 events have been generated 

 Pythia::next(): 3610 events have been generated 

 Pythia::next(): 3620 events have been generated 

 Pythia::next(): 3630 events have been generated 

 Pythia::next(): 3640 events have been generated 

 Pythia::next(): 3650 events have been generated 

 Pythia::next(): 3660 events have been generated 

 Pythia::next(): 3670 events have been generated 

 Pythia::next(): 3680 events have been generated 

 Pythia::next(): 3690 events have been generated 

 Pythia::next(): 3700 events have been generated 

 Pythia::next(): 3710 events have been generated 

 Pythia::next(): 3720 events have been generated 

 Pythia::next(): 3730 events have been generated 

 Pythia::next(): 3740 events have been generated 

 Pythia::next(): 3750 events have been generated 

 Pythia::next(): 3760 events have been generated 

 Pythia::next(): 3770 events have been generated 

 Pythia::next(): 3780 events have been generated 

 Pythia::next(): 3790 events have been generated 

 Pythia::next(): 3800 events have been generated 

 Pythia::next(): 3810 events have been generated 

 Pythia::next(): 3820 events have been generated 

 Pythia::next(): 3830 events have been generated 

 Pythia::next(): 3840 events have been generated 

 Pythia::next(): 3850 events have been generated 

 Pythia::next(): 3860 events have been generated 

 Pythia::next(): 3870 events have been generated 

 Pythia::next(): 3880 events have been generated 

 Pythia::next(): 3890 events have been generated 

 Pythia::next(): 3900 events have been generated 

 Pythia::next(): 3910 events have been generated 

 Pythia::next(): 3920 events have been generated 

 Pythia::next(): 3930 events have been generated 

 Pythia::next(): 3940 events have been generated 

 Pythia::next(): 3950 events have been generated 

 Pythia::next(): 3960 events have been generated 

 Pythia::next(): 3970 events have been generated 

 Pythia::next(): 3980 events have been generated 

 Pythia::next(): 3990 events have been generated 

 Pythia::next(): 4000 events have been generated 

 Pythia::next(): 4010 events have been generated 

 Pythia::next(): 4020 events have been generated 

 Pythia::next(): 4030 events have been generated 

 Pythia::next(): 4040 events have been generated 

 Pythia::next(): 4050 events have been generated 

 Pythia::next(): 4060 events have been generated 

 Pythia::next(): 4070 events have been generated 

 Pythia::next(): 4080 events have been generated 

 Pythia::next(): 4090 events have been generated 

 Pythia::next(): 4100 events have been generated 

 Pythia::next(): 4110 events have been generated 

 Pythia::next(): 4120 events have been generated 

 Pythia::next(): 4130 events have been generated 

 Pythia::next(): 4140 events have been generated 

 Pythia::next(): 4150 events have been generated 

 Pythia::next(): 4160 events have been generated 

 Pythia::next(): 4170 events have been generated 

 Pythia::next(): 4180 events have been generated 

 Pythia::next(): 4190 events have been generated 

 Pythia::next(): 4200 events have been generated 

 Pythia::next(): 4210 events have been generated 

 Pythia::next(): 4220 events have been generated 

 Pythia::next(): 4230 events have been generated 

 Pythia::next(): 4240 events have been generated 

 Pythia::next(): 4250 events have been generated 

 Pythia::next(): 4260 events have been generated 

 Pythia::next(): 4270 events have been generated 

 Pythia::next(): 4280 events have been generated 

 Pythia::next(): 4290 events have been generated 

 Pythia::next(): 4300 events have been generated 

 Pythia::next(): 4310 events have been generated 
 PYTHIA Warning in HadronWidths::pickMasses: angular momentum and running widths not used

 Pythia::next(): 4320 events have been generated 

 Pythia::next(): 4330 events have been generated 

 Pythia::next(): 4340 events have been generated 

 Pythia::next(): 4350 events have been generated 

 Pythia::next(): 4360 events have been generated 

 Pythia::next(): 4370 events have been generated 

 Pythia::next(): 4380 events have been generated 

 Pythia::next(): 4390 events have been generated 

 Pythia::next(): 4400 events have been generated 

 Pythia::next(): 4410 events have been generated 

 Pythia::next(): 4420 events have been generated 

 Pythia::next(): 4430 events have been generated 

 Pythia::next(): 4440 events have been generated 

 Pythia::next(): 4450 events have been generated 

 Pythia::next(): 4460 events have been generated 

 Pythia::next(): 4470 events have been generated 

 Pythia::next(): 4480 events have been generated 

 Pythia::next(): 4490 events have been generated 

 Pythia::next(): 4500 events have been generated 

 Pythia::next(): 4510 events have been generated 

 Pythia::next(): 4520 events have been generated 

 Pythia::next(): 4530 events have been generated 

 Pythia::next(): 4540 events have been generated 

 Pythia::next(): 4550 events have been generated 

 Pythia::next(): 4560 events have been generated 

 Pythia::next(): 4570 events have been generated 

 Pythia::next(): 4580 events have been generated 

 Pythia::next(): 4590 events have been generated 

 Pythia::next(): 4600 events have been generated 

 Pythia::next(): 4610 events have been generated 

 Pythia::next(): 4620 events have been generated 

 Pythia::next(): 4630 events have been generated 

 Pythia::next(): 4640 events have been generated 

 Pythia::next(): 4650 events have been generated 

 Pythia::next(): 4660 events have been generated 

 Pythia::next(): 4670 events have been generated 

 Pythia::next(): 4680 events have been generated 

 Pythia::next(): 4690 events have been generated 

 Pythia::next(): 4700 events have been generated 

 Pythia::next(): 4710 events have been generated 

 Pythia::next(): 4720 events have been generated 

 Pythia::next(): 4730 events have been generated 

 Pythia::next(): 4740 events have been generated 

 Pythia::next(): 4750 events have been generated 

 Pythia::next(): 4760 events have been generated 

 Pythia::next(): 4770 events have been generated 

 Pythia::next(): 4780 events have been generated 

 Pythia::next(): 4790 events have been generated 

 Pythia::next(): 4800 events have been generated 

 Pythia::next(): 4810 events have been generated 

 Pythia::next(): 4820 events have been generated 

 Pythia::next(): 4830 events have been generated 

 Pythia::next(): 4840 events have been generated 

 Pythia::next(): 4850 events have been generated 

 Pythia::next(): 4860 events have been generated 

 Pythia::next(): 4870 events have been generated 

 Pythia::next(): 4880 events have been generated 

 Pythia::next(): 4890 events have been generated 

 Pythia::next(): 4900 events have been generated 

 Pythia::next(): 4910 events have been generated 

 Pythia::next(): 4920 events have been generated 

 Pythia::next(): 4930 events have been generated 

 Pythia::next(): 4940 events have been generated 

 Pythia::next(): 4950 events have been generated 

 Pythia::next(): 4960 events have been generated 

 Pythia::next(): 4970 events have been generated 

 Pythia::next(): 4980 events have been generated 

 Pythia::next(): 4990 events have been generated 

 *-------  PYTHIA Event and Cross Section Statistics  -------------------------------------------------------------*
 |                                                                                                                 |
 | Subprocess                                    Code |            Number of events       |      sigma +- delta    |
 |                                                    |       Tried   Selected   Accepted |     (estimated) (mb)   |
 |                                                    |                                   |                        |
 |-----------------------------------------------------------------------------------------------------------------|
 |                                                    |                                   |                        |
 | Les Houches User Process(es)                  9999 |        5000       5000       5000 |   1.550e-09  1.015e-17 |
 |    ... whereof user classification code          1 |        5000       5000       5000 |                        | 
 |                                                    |                                   |                        |
 | sum                                                |        5000       5000       5000 |   1.550e-09  1.015e-17 |
 |                                                                                                                 |
 *-------  End PYTHIA Event and Cross Section Statistics ----------------------------------------------------------*

 *-------  PYTHIA Error and Warning Messages Statistics  ----------------------------------------------------------* 
 |                                                                                                                 | 
 |  times   message                                                                                                | 
 |                                                                                                                 | 
 |      4   Error in SimpleSpaceShower::pT2nearThreshold: stuck in loop                                            | 
 |      1   Warning in HadronWidths::pickMasses: angular momentum and running widths not used                      | 
 |      1   Warning in SLHAinterface::initSLHA: ignoring DECAY tables                                              | 
 |      1   Warning in SLHAinterface::initSLHA: ignoring MASS entries                                              | 
 |      1   Warning in SLHAinterface::initSLHA: ignoring empty DECAY tables                                        | 
 |      1   Warning in SimpleTimeShower::pTnext: negative dipole mass                                              | 
 |      1   Info from SLHAinterface::initSLHA: No MODSEL found, keeping internal SUSY switched off                 | 
 |                                                                                                                 | 
 *-------  End PYTHIA Error and Warning Messages Statistics  ------------------------------------------------------* 
Wrote 5000 events to /uscms_data/d3/iturkmen/hh4b_delphes/hepmc/ttbb_50k_shard002_pythia8.hepmc
** INFO: initializing module  Delphes                  
** INFO: initializing module  ParticlePropagator       
** INFO: initializing module  ChargedHadronTrackingEfficiency
** INFO: initializing module  ElectronTrackingEfficiency
** INFO: initializing module  MuonTrackingEfficiency   
** INFO: initializing module  ChargedHadronMomentumSmearing
** INFO: initializing module  ElectronMomentumSmearing 
** INFO: initializing module  MuonMomentumSmearing     
** INFO: initializing module  TrackMerger              
** INFO: initializing module  ECal                     
** INFO: initializing module  HCal                     
** INFO: initializing module  Calorimeter              
** INFO: initializing module  EFlowMerger              
** INFO: initializing module  EFlowFilter              
** INFO: initializing module  PhotonEfficiency         
** INFO: initializing module  PhotonIsolation          
** INFO: initializing module  ElectronFilter           
** INFO: initializing module  ElectronEfficiency       
** INFO: initializing module  ElectronIsolation        
** INFO: initializing module  ChargedHadronFilter      
** INFO: initializing module  MuonEfficiency           
** INFO: initializing module  MuonIsolation            
** INFO: initializing module  MissingET                
** INFO: initializing module  NeutrinoFilter           
** INFO: initializing module  GenJetFinder             
#--------------------------------------------------------------------------
#                         FastJet release 3.5.1
#                 M. Cacciari, G.P. Salam and G. Soyez                  
#     A software package for jet finding and analysis at colliders      
#                           https://fastjet.fr                           
#	                                                                      
# Please cite EPJC72(2012)1896 [arXiv:1111.6097] if you use this package
# for scientific work and optionally PLB641(2006)57 [hep-ph/0512210].   
#                                                                       
# FastJet is provided without warranty under the GNU GPL v2 or higher.  
# It uses T. Chan's closest pair algorithm, S. Fortune's Voronoi code
# and 3rd party plugin jet algorithms. See COPYING file for details.
#--------------------------------------------------------------------------
** INFO: initializing module  GenMissingET             
** INFO: initializing module  FastJetFinder            
** INFO: initializing module  FatJetFinder             
** INFO: initializing module  JetEnergyScale           
** INFO: initializing module  JetFlavorAssociation     
** INFO: initializing module  BTagging                 
** INFO: initializing module  TauTagging               
** INFO: initializing module  UniqueObjectFinder       
** INFO: initializing module  ScalarHT                 
** INFO: initializing module  TreeWriter               
** Reading /uscms_data/d3/iturkmen/hh4b_delphes/hepmc/ttbb_50k_shard002_pythia8.hepmc
** [----------------------------------------------------------------] (0.04%)** [#---------------------------------------------------------------] (2.30%)** [##--------------------------------------------------------------] (3.23%)** [###-------------------------------------------------------------] (5.34%)** [####------------------------------------------------------------] (6.26%)** [#####-----------------------------------------------------------] (9.29%)** [######----------------------------------------------------------] (9.98%)** [#######---------------------------------------------------------] (11.34%)** [########--------------------------------------------------------] (12.70%)** [#########-------------------------------------------------------] (14.22%)** [##########------------------------------------------------------] (15.69%)** [###########-----------------------------------------------------] (17.87%)** [############----------------------------------------------------] (19.01%)** [#############---------------------------------------------------] (20.35%)** [##############--------------------------------------------------] (21.89%)** [###############-------------------------------------------------] (24.24%)** [################------------------------------------------------] (25.56%)** [#################-----------------------------------------------] (27.02%)** [##################----------------------------------------------] (28.50%)** [###################---------------------------------------------] (30.70%)** [####################--------------------------------------------] (32.02%)** [#####################-------------------------------------------] (33.36%)** [######################------------------------------------------] (34.79%)** [#######################-----------------------------------------] (37.08%)** [########################----------------------------------------] (38.49%)** [#########################---------------------------------------] (39.95%)** [##########################--------------------------------------] (41.33%)** [###########################-------------------------------------] (42.34%)** [############################------------------------------------] (44.99%)** [#############################-----------------------------------] (46.44%)** [##############################----------------------------------] (47.83%)** [###############################---------------------------------] (48.73%)** [################################--------------------------------] (50.19%)** [#################################-------------------------------] (52.95%)** [##################################------------------------------] (54.42%)** [###################################-----------------------------] (55.26%)** [####################################----------------------------] (56.59%)** [#####################################---------------------------] (57.85%)** [######################################--------------------------] (60.53%)** [#######################################-------------------------] (61.59%)** [########################################------------------------] (62.95%)** [#########################################-----------------------] (64.33%)** [##########################################----------------------] (65.75%)** [###########################################---------------------] (67.28%)** [############################################--------------------] (69.50%)** [#############################################-------------------] (70.70%)** [##############################################------------------] (73.10%)** [###############################################-----------------] (74.44%)** [################################################----------------] (75.82%)** [#################################################---------------] (76.93%)** [##################################################--------------] (78.30%)** [###################################################-------------] (80.64%)** [####################################################------------] (82.02%)** [#####################################################-----------] (83.38%)** [######################################################----------] (84.82%)** [#######################################################---------] (86.21%)** [########################################################--------] (88.61%)** [#########################################################-------] (89.91%)** [##########################################################------] (91.38%)** [###########################################################-----] (92.75%)** [############################################################----] (95.00%)** [#############################################################---] (96.23%)** [##############################################################--] (97.59%)** [###############################################################-] (98.86%)** [################################################################] (100.00%)
** Exiting...
FILE: /uscms_data/d3/iturkmen/hh4b_delphes/root/ttbb_50k_shard002_pythia8_delphes.root

KEYS:
  ProcessID0;1
  Delphes;1

TREE: Delphes
ENTRIES: 5000

OBJECT CHECK:
  Event: OK
  Particle: OK
  Jet: OK
  GenJet: OK
  MissingET: OK
  GenMissingET: OK
  Electron: OK
  Muon: OK

SIZE BRANCHES:
  Event_size
  Weight_size
  Particle_size
  Track_size
  Tower_size
  EFlowTrack_size
  EFlowPhoton_size
  EFlowNeutralHadron_size
  GenJet_size
  GenMissingET_size
  Jet_size
  Electron_size
  Photon_size
  Muon_size
  FatJet_size
  MissingET_size
  ScalarHT_size
Input: /uscms_data/d3/iturkmen/hh4b_delphes/root/ttbb_50k_shard002_pythia8_delphes.root
Events: 5000

      event  n_higgs_particles  ...  n_genjets_flavor5  n_genjets_btag
0         0                  0  ...                  0               0
1         1                  0  ...                  0               0
2         2                  0  ...                  0               0
3         3                  0  ...                  0               0
4         4                  0  ...                  0               0
...     ...                ...  ...                ...             ...
4995   4995                  0  ...                  0               0
4996   4996                  0  ...                  0               0
4997   4997                  0  ...                  0               0
4998   4998                  0  ...                  0               0
4999   4999                  0  ...                  0               0

[5000 rows x 15 columns]

Column sums:
  n_higgs_particles: 0
  n_b_particles: 164303
  n_status1_b_particles: 0
  n_jets: 37054
  n_jets_pt30_eta25: 29571
  n_jets_flavor5: 17606
  n_jets_flavoralgo5: 0
  n_jets_flavorphys5: 0
  n_btagged_jets: 12414
  n_btagged_jets_pt30_eta25: 11444
  n_genjets: 39800
  n_genjets_pt30_eta25: 30301
  n_genjets_flavor5: 0
  n_genjets_btag: 0

Events with >=4 reconstructed jets: 4637
Events with >=4 reconstructed b-tagged jets: 662
Events with >=4 jet FlavorPhys b jets: 0
Events with >=4 generator-level b particles: 5000

Wrote: /uscms_data/d3/iturkmen/hh4b_delphes/metadata/ttbb_50k_shard002_diagnostic.csv
Wrote: /uscms_data/d3/iturkmen/hh4b_delphes/parquet/ttbb_50k_shard002_event_summary.parquet
                 sample  event  event_weight  ...  n_muon  ht_pt30_eta25         met
0     ttbb_50k_shard002      0       1.54962  ...       0     664.525208    7.750332
1     ttbb_50k_shard002      1       1.54962  ...       0     902.271973   48.840824
2     ttbb_50k_shard002      2       1.54962  ...       0    1198.969727  174.966888
3     ttbb_50k_shard002      3       1.54962  ...       0     640.424133   26.541105
4     ttbb_50k_shard002      4       1.54962  ...       1     604.447937   26.601568
...                 ...    ...           ...  ...     ...            ...         ...
4995  ttbb_50k_shard002   4995       1.54962  ...       0     502.626892  116.189346
4996  ttbb_50k_shard002   4996       1.54962  ...       0     861.462646   30.030329
4997  ttbb_50k_shard002   4997       1.54962  ...       0     780.958191   41.788879
4998  ttbb_50k_shard002   4998       1.54962  ...       0     616.723938   96.706116
4999  ttbb_50k_shard002   4999       1.54962  ...       0     382.542542   11.748676

[5000 rows x 13 columns]

Selection counts:
  events: 5000
  events with >=4 selected jets: 4637
  events with >=4 selected b-tagged jets: 662
DONE: ttbb_50k_shard002
ROOT: /uscms_data/d3/iturkmen/hh4b_delphes/root/ttbb_50k_shard002_pythia8_delphes.root
HEPMC: /uscms_data/d3/iturkmen/hh4b_delphes/hepmc/ttbb_50k_shard002_pythia8.hepmc
PARQUET: /uscms_data/d3/iturkmen/hh4b_delphes/parquet/ttbb_50k_shard002_event_summary.parquet
DIAGNOSTIC: /uscms_data/d3/iturkmen/hh4b_delphes/metadata/ttbb_50k_shard002_diagnostic.csv
Input events: 5000
Events with >=4 selected b-tagged jets: 662
Wrote: /uscms_data/d3/iturkmen/hh4b_delphes/parquet/ttbb_50k_shard002_hh4b_candidates.parquet

             mbb1        mbb2  ...          mhh  n_selected_bjets
count  662.000000  662.000000  ...   662.000000        662.000000
mean   184.179719  144.160143  ...   568.710601          4.175227
std     98.193049   70.041762  ...   275.382677          0.414695
min     39.073505   26.324840  ...   163.820183          4.000000
25%    122.464930  100.177617  ...   386.134604          4.000000
50%    159.325029  130.072778  ...   497.178284          4.000000
75%    218.340449  166.091788  ...   680.665395          4.000000
max    844.549497  490.535408  ...  2276.752507          6.000000

[8 rows x 6 columns]
sample: ttbb_50k_shard002
events: 5000
candidate rows: 662
cross-section median pb: 1.5496195554733276
events with >=4 selected jets: 4637
events with >=4 selected b-tagged jets: 662
median mbb1: 159.32502863229584
median mbb2: 130.07277819734944
median avg_mbb: 147.4494723233251
median delta_mbb: 57.09957525864968
median mhh: 497.1782840426116
median n_selected_bjets: 4.0
Wrote: /uscms_data/d3/iturkmen/hh4b_delphes/metadata/ttbb_50k_shard002_summary.txt
DONE ttbb_50k_shard002
Finished shard 002

============================================================
Starting shard 003 / campaign ttbb_50k
TAG=ttbb_50k_shard003
RUN_NAME=run_ttbb_50k_003
SEED=107003
============================================================
PROCESS_DIR=/uscms_data/d3/iturkmen/hh4b_delphes/mg5/TTbb_smoke
RUN_NAME=run_ttbb_50k_003
N_EVENTS=5000
SEED=107003
OUTPUT_TAG=ttbb_50k_shard003
APPLY_B_CUTS=yes
Updated run card:
 5000 = nevents ! Number of unweighted events
 107003 = iseed ! Random seed
 25.0 = ptb ! minimum pt for b quarks
  -1.0	= ptbmax ! maximum pt for the b
 2.7 = etab ! maximum eta for b quarks
  0.0	= etabmin ! min rap for the b
 0.4 = drbb ! minimum deltaR between b quarks
  -1.0	= drbbmax ! max distance between b's
  0.0	= xptb ! minimum pt for at least one b 
 0.4 = drbj ! minimum deltaR between b and light jets
 20.0 = ptj ! minimum pt for jets
 5.0 = etaj ! maximum eta for jets
************************************************************
*                                                          *
*                      W E L C O M E to                    *
*             M A D G R A P H 5 _ a M C @ N L O            *
*                      M A D E V E N T                     *
*                                                          *
*                 *                       *                *
*                   *        * *        *                  *
*                     * * * * 5 * * * *                    *
*                   *        * *        *                  *
*                 *                       *                *
*                                                          *
*         VERSION 3.5.3                                    *
*                                                          *
*    The MadGraph5_aMC@NLO Development Team - Find us at   *
*    https://server06.fynu.ucl.ac.be/projects/madgraph     *
*                                                          *
*               Type 'help' for in-line help.              *
*                                                          *
************************************************************
INFO: load configuration from /uscms_data/d3/iturkmen/hh4b_delphes/mg5/TTbb_smoke/Cards/me5_configuration.txt  
INFO: load configuration from /cvmfs/sft.cern.ch/lcg/releases/MCGenerators/madgraph5amc/3.5.3.atlas7-2c347/x86_64-el9-gcc13-opt/input/mg5_configuration.txt  
INFO: load configuration from /uscms_data/d3/iturkmen/hh4b_delphes/mg5/TTbb_smoke/Cards/me5_configuration.txt  
Using default text editor "vi". Set another one in ./input/mg5_configuration.txt
Using default eps viewer "evince". Set another one in ./input/mg5_configuration.txt
Using default web browser "firefox". Set another one in ./input/mg5_configuration.txt
generate_events run_ttbb_50k_003 -f
Generating 5000 events with run name run_ttbb_50k_003
survey  run_ttbb_50k_003 
INFO: compile directory 
compile Source Directory
Using random number seed offset = 107003
INFO: Running Survey 
Creating Jobs
Working on SubProcesses
INFO: Compiling for process 1/2. 
INFO:     P1_gg_ttxbbx  
  0%|          | 0/1049 [00:00<?, ?it/s] 58%|█████▊    | 604/1049 [00:00<00:00, 6010.43it/s]100%|██████████| 1049/1049 [00:00<00:00, 6367.96it/s]
INFO: Compiling for process 2/2. 
INFO:     P1_qq_ttxbbx  
  0%|          | 0/816 [00:00<?, ?it/s]100%|██████████| 816/816 [00:00<00:00, 40084.23it/s]
INFO:     P1_gg_ttxbbx  
INFO:     P1_qq_ttxbbx  
INFO:  Idle: 2,  Running: 8,  Completed: 2 [ current time: 15h08 ] 
INFO:  Idle: 1,  Running: 8,  Completed: 3 [ current time: 15h08 ] 
INFO:  Idle: 0,  Running: 0,  Completed: 12 [  0.84s  ] 
INFO: End survey 
refine 5000
Creating Jobs
INFO: Refine results to 5000 
INFO: Generating 5000.0 unweighted events. 
sum of cpu time of last step: 18 seconds
INFO: Effective Luminosity 3887.608822051436 pb^-1 
INFO: need to improve 9 channels 
- Current estimate of cross-section: 1.543365157 +- 0.01747072821841067
    P1_gg_ttxbbx 
    P1_qq_ttxbbx 
INFO:  Idle: 3,  Running: 8,  Completed: 0 [ current time: 15h08 ] 
INFO:  Idle: 1,  Running: 8,  Completed: 2 [  2.1s  ] 
INFO:  Idle: 0,  Running: 1,  Completed: 10 [  6.4s  ] 
INFO:  Idle: 0,  Running: 0,  Completed: 11 [  6.7s  ] 
INFO: Combining runs 
sum of cpu time of last step: 47 seconds
INFO: finish refine 
refine 5000 --treshold=0.9
No need for second refine due to stability of cross-section
INFO: Combining Events 
combination of events done in 9.0399751663208 s 
  === Results Summary for run: run_ttbb_50k_003 tag: tag_1 ===

     Cross-section :   1.544 +- 0.005633 pb
     Nb of events :  5000
 
INFO: Running Systematics computation 
INFO:  Idle: 1,  Running: 1,  Completed: 0 [ current time: 15h08 ] 
INFO:  Idle: 0,  Running: 1,  Completed: 1 [  8.4s  ] 
INFO: # Events generated with PDF: NNPDF23_lo_as_0130_qed (247000) 
INFO: # Will Compute 145 weights per event. 
INFO: #***************************************************************************
#
# original cross-section: 1.5437775062375367
#     scale variation: +70% -37.8%
#     central scheme variation: + 0% -61.3%
# PDF variation: +7.5% -7.5%
#
# dynamical scheme # 1 : 0.847594 +58.2% -34.5% # \sum ET
# dynamical scheme # 2 : 0.719292 +55.6% -33.7% # \sum\sqrt{m^2+pt^2}
# dynamical scheme # 3 : 1.11902 +62% -35.7% # 0.5 \sum\sqrt{m^2+pt^2}
# dynamical scheme # 4 : 0.598037 +53% -32.8% # \sqrt{\hat s}
#***************************************************************************
 
INFO: End of systematics computation 
store_events
INFO: Storing parton level results 
INFO: End Parton 
reweight -from_cards
decay_events -from_cards
INFO: storing files of previous run 
INFO: Done 
quit
INFO:  
LHE=/uscms_data/d3/iturkmen/hh4b_delphes/mg5/TTbb_smoke/Events/run_ttbb_50k_003/unweighted_events.lhe.gz
N_FOUND=5000
Sample: ttbb_50k_shard003
Input LHE.GZ: /uscms_data/d3/iturkmen/hh4b_delphes/mg5/TTbb_smoke/Events/run_ttbb_50k_003/unweighted_events.lhe.gz
Events requested: 5000
Output tag: ttbb_50k_shard003
LHE: /uscms_data/d3/iturkmen/hh4b_delphes/mg5/TTbb_smoke/Events/run_ttbb_50k_003/unweighted_events.lhe
HEPMC: /uscms_data/d3/iturkmen/hh4b_delphes/hepmc/ttbb_50k_shard003_pythia8.hepmc
ROOT: /uscms_data/d3/iturkmen/hh4b_delphes/root/ttbb_50k_shard003_pythia8_delphes.root
LHE event count: 5000

 *------------------------------------------------------------------------------------* 
 |                                                                                    | 
 |  *------------------------------------------------------------------------------*  | 
 |  |                                                                              |  | 
 |  |                                                                              |  | 
 |  |   PPP   Y   Y  TTTTT  H   H  III    A      Welcome to the Lund Monte Carlo!  |  | 
 |  |   P  P   Y Y     T    H   H   I    A A     This is PYTHIA version 8.312      |  | 
 |  |   PPP     Y      T    HHHHH   I   AAAAA    Last date of change: 23 May 2024  |  | 
 |  |   P       Y      T    H   H   I   A   A                                      |  | 
 |  |   P       Y      T    H   H  III  A   A    Now is 08 Jul 2026 at 15:09:44    |  | 
 |  |                                                                              |  | 
 |  |   Program documentation and an archive of historic versions is found on:     |  | 
 |  |                                                                              |  | 
 |  |                               https://pythia.org/                            |  | 
 |  |                                                                              |  | 
 |  |   PYTHIA is authored by a collaboration consisting of:                       |  | 
 |  |                                                                              |  | 
 |  |   Javira Altmann, Christian Bierlich, Naomi Cooke, Nishita Desai,            |  | 
 |  |   Leif Gellersen, Ilkka Helenius, Philip Ilten, Leif Lonnblad,               |  | 
 |  |   Stephen Mrenna, Christian Preuss, Torbjorn Sjostrand, Peter Skands,        |  | 
 |  |   Marius Utheim, and Rob Verheyen.                                           |  | 
 |  |                                                                              |  | 
 |  |   The complete list of authors, including contact information and            |  | 
 |  |   affiliations, can be found on https://pythia.org/.                         |  | 
 |  |   Problems or bugs should be reported on email at authors@pythia.org.        |  | 
 |  |                                                                              |  | 
 |  |   The main program reference is C. Bierlich et al,                           |  | 
 |  |   'A comprehensive guide to the physics and usage of Pythia 8.3',            |  | 
 |  |   SciPost Phys. Codebases 8-r8.3 (2022) [arXiv:2203.11601 [hep-ph]]          |  | 
 |  |                                                                              |  | 
 |  |   PYTHIA is released under the GNU General Public Licence version 2 or later.|  | 
 |  |   Please respect the MCnet Guidelines for Event Generator Authors and Users. |  | 
 |  |                                                                              |  | 
 |  |   Disclaimer: this program comes without any guarantees.                     |  | 
 |  |   Beware of errors and use common sense when interpreting results.           |  | 
 |  |                                                                              |  | 
 |  |   Copyright (C) 2024 Torbjorn Sjostrand                                      |  | 
 |  |                                                                              |  | 
 |  |                                                                              |  | 
 |  *------------------------------------------------------------------------------*  | 
 |                                                                                    | 
 *------------------------------------------------------------------------------------* 

 *-----------------------  SusyLesHouches SUSY/BSM Interface  ------------------------*
 | Last Change 12 Apr 2017 - P. Skands
 | Parsing: /uscms_data/d3/iturkmen/hh4b_delphes/mg5/TTbb_smoke/Events/run_ttbb_50k_003/unweighted_events.lhe
 | (SLHA::readFile) line 338 - storing non-SLHA(2) block: yukawa
 *------------------------------------------------------------------------------------*
 PYTHIA Info from SLHAinterface::initSLHA: No MODSEL found, keeping internal SUSY switched off
 PYTHIA Warning in SLHAinterface::initSLHA: ignoring MASS entries for id = {1,2,3,4,5,11,12,13,14,15,16,21,22,23,24} (m0 < SLHA:minMassSM)
 PYTHIA Warning in SLHAinterface::initSLHA: ignoring DECAY tables for id = {23,24,1,2,3,4,5,11,12,13,14,15,16,21,22} (m0 < SLHA:minMassSM)
 PYTHIA Warning in SLHAinterface::initSLHA: ignoring empty DECAY tables for id = {6,25} (total width provided but no Branching Ratios)

 *-------  PYTHIA Process Initialization  --------------------------*
 |                                                                  |
 | We collide p+ with p+ at a CM energy of 1.300e+04 GeV            |
 |                                                                  |
 |------------------------------------------------------------------|
 |                                                    |             |
 | Subprocess                                    Code |   Estimated |
 |                                                    |    max (mb) |
 |                                                    |             |
 |------------------------------------------------------------------|
 |                                                    |             |
 | Les Houches User Process(es)                  9999 |   1.000e-09 |
 |                                                                  |
 *-------  End PYTHIA Process Initialization -----------------------*

 *-------  PYTHIA Multiparton Interactions Initialization  ---------* 
 |                                                                  | 
 |                   sigmaNonDiffractive =    56.42 mb              | 
 |                                                                  | 
 |    pT0 =  2.60 gives sigmaInteraction =   317.96 mb: accepted    | 
 |                                                                  | 
 *-------  End PYTHIA Multiparton Interactions Initialization  -----* 

 *-------  PYTHIA Flag + Mode + Parm + Word + FVec + MVec + PVec + WVec Settings (changes only)  ------------------* 
 |                                                                                                                 | 
 | Name                                          |                      Now |      Default         Min         Max | 
 |                                               |                          |                                      | 
 | Beams:frameType                               |                        4 |            1           1           5 | 
 | Beams:LHEF                                    | /uscms_data/d3/iturkmen/hh4b_delphes/mg5/TTbb_smoke/Events/run_ttbb_50k_003/unweighted_events.lhe |         void | 
 | Check:event                                   |                      off |           on                         | 
 | Next:numberCount                              |                       10 |         1000           0             | 
 | Next:numberShowEvent                          |                        0 |            1           0             | 
 | Next:numberShowInfo                           |                        0 |            1           0             | 
 | Next:numberShowProcess                        |                        0 |            1           0             | 
 |                                                                                                                 | 
 *-------  End PYTHIA Flag + Mode + Parm + Word + FVec + MVec + PVec + WVec Settings  -----------------------------* 

 --------  PYTHIA Particle Data Table (changed only)  ------------------------------------------------------------------------------
 
      id   name            antiName         spn chg col      m0        mWidth      mMin       mMax       tau0    res dec ext vis wid
             no onMode   bRatio   meMode     products 

       6  t                tbar               2   2   1  173.00000    1.35678  166.40000  179.60000  1.45438e-13   1   1   0   1   0
              0     1   0.0000664    0       24        1 
              1     1   0.0017361    0       24        3 
              2     1   0.9981975    0       24        5 
              3     0   0.0000000    0       37        5 

      25  h0                                  1   0   0  125.00000    0.00408  124.96809  125.03191  4.83238e-11   1   1   0   0   0
              0     1   0.0000009    0        1       -1 
              1     1   0.0000002    0        2       -2 
              2     1   0.0002163    0        3       -3 
              3     1   0.0288493    0        4       -4 
              4     1   0.5768873    0        5       -5 
              5     1   0.0000000    0        6       -6 
              6     1   0.0000000    0       11      -11 
              7     1   0.0002185    0       13      -13 
              8     1   0.0628569    0       15      -15 
              9     1   0.0850383    0       21       21 
             10     1   0.0022965    0       22       22 
             11     1   0.0016155    0       22       23 
             12     1   0.0261758    0       23       23 
             13     1   0.2158445    0       24      -24 
             14     1   0.0000000  103  1000022  1000022 
             15     1   0.0000000  103  1000023  1000022 
             16     1   0.0000000  103  1000023  1000023 
             17     1   0.0000000  103  1000025  1000022 
             18     1   0.0000000  103  1000025  1000023 
             19     1   0.0000000  103  1000025  1000025 
             20     1   0.0000000  103  1000035  1000022 
             21     1   0.0000000  103  1000035  1000023 
             22     1   0.0000000  103  1000035  1000025 
             23     1   0.0000000  103  1000035  1000035 
             24     1   0.0000000  103  1000024 -1000024 
             25     1   0.0000000  103  1000024 -1000037 
             26     1   0.0000000  103  1000037 -1000024 
             27     1   0.0000000  103  1000037 -1000037 
             28     1   0.0000000  103  1000001 -1000001 
             29     1   0.0000000  103  2000001 -2000001 
             30     1   0.0000000  103  1000001 -2000001 
             31     1   0.0000000  103 -1000001  2000001 
             32     1   0.0000000  103  1000002 -1000002 
             33     1   0.0000000  103  2000002 -2000002 
             34     1   0.0000000  103  1000002 -2000002 
             35     1   0.0000000  103 -1000002  2000002 
             36     1   0.0000000  103  1000003 -1000003 
             37     1   0.0000000  103  2000003 -2000003 
             38     1   0.0000000  103  1000003 -2000003 
             39     1   0.0000000  103 -1000003  2000003 
             40     1   0.0000000  103  1000004 -1000004 
             41     1   0.0000000  103  2000004 -2000004 
             42     1   0.0000000  103  1000004 -2000004 
             43     1   0.0000000  103 -1000004  2000004 
             44     1   0.0000000  103  1000005 -1000005 
             45     1   0.0000000  103  2000005 -2000005 
             46     1   0.0000000  103  1000005 -2000005 
             47     1   0.0000000  103 -1000005  2000005 
             48     1   0.0000000  103  1000006 -1000006 
             49     1   0.0000000  103  2000006 -2000006 
             50     1   0.0000000  103  1000006 -2000006 
             51     1   0.0000000  103 -1000006  2000006 
             52     1   0.0000000  103  1000011 -1000011 
             53     1   0.0000000  103  2000011 -2000011 
             54     1   0.0000000  103  1000011 -2000011 
             55     1   0.0000000  103 -1000011  2000011 
             56     1   0.0000000  103  1000012 -1000012 
             57     1   0.0000000  103  2000012 -2000012 
             58     1   0.0000000  103  1000012 -2000012 
             59     1   0.0000000  103 -1000012  2000012 
             60     1   0.0000000  103  1000013 -1000013 
             61     1   0.0000000  103  2000013 -2000013 
             62     1   0.0000000  103  1000013 -2000013 
             63     1   0.0000000  103 -1000013  2000013 
             64     1   0.0000000  103  1000014 -1000014 
             65     1   0.0000000  103  2000014 -2000014 
             66     1   0.0000000  103  1000014 -2000014 
             67     1   0.0000000  103 -1000014  2000014 
             68     1   0.0000000  103  1000015 -1000015 
             69     1   0.0000000  103  2000015 -2000015 
             70     1   0.0000000  103  1000015 -2000015 
             71     1   0.0000000  103 -1000015  2000015 
             72     1   0.0000000  103  1000016 -1000016 
             73     1   0.0000000  103  2000016 -2000016 
             74     1   0.0000000  103  1000016 -2000016 
             75     1   0.0000000  103 -1000016  2000016 

 --------  End PYTHIA Particle Data Table  -----------------------------------------------------------------------------------------


 --------  LHA initialization information  ------------ 

  beam    kind      energy  pdfgrp  pdfset 
     A    2212    6500.000       0  247000
     B    2212    6500.000       0  247000

  Event weighting strategy = -4

  Processes, with strategy-dependent cross section info 
  number      xsec (pb)      xerr (pb)      xmax (pb) 
       1     1.5441e+00     5.6328e-03     1.5441e+00

 --------  End LHA initialization information  -------- 

 --------  LHA event information and listing  ---------------------------------------------------------------------- 

    process =        1    weight =   1.5441e+00     scale =   2.0554e+02 (GeV) 
                        alpha_em =   7.5558e-03    alpha_strong =   1.1781e-01

    Participating Particles 
    no        id stat     mothers     colours      p_x        p_y        p_z         e          m        tau    spin 
     1        21   -1     0     0   504   503      0.000      0.000    279.297    279.297      0.000   0.000  -1.000
     2        21   -1     0     0   502   504     -0.000     -0.000   -692.666    692.666      0.000   0.000   1.000
     3         6    1     1     2   501     0     28.096   -121.579    194.491    288.364    172.500   0.000  -1.000
     4        -6    1     1     2     0   503    -46.488     29.923   -224.452    288.429    172.500   0.000  -1.000
     5         5    1     1     2   502     0     -0.411     28.345   -139.904    142.824      4.700   0.000   1.000
     6        -5    1     1     2     0   501     18.803     63.311   -243.504    252.345      4.700   0.000  -1.000

 --------  End LHA event information and listing  ------------------------------------------------------------------ 

 Pythia::next(): 10 events have been generated 

 Pythia::next(): 20 events have been generated 

 Pythia::next(): 30 events have been generated 

 Pythia::next(): 40 events have been generated 

 Pythia::next(): 50 events have been generated 

 Pythia::next(): 60 events have been generated 

 Pythia::next(): 70 events have been generated 

 Pythia::next(): 80 events have been generated 

 Pythia::next(): 90 events have been generated 

 Pythia::next(): 100 events have been generated 

 Pythia::next(): 110 events have been generated 

 Pythia::next(): 120 events have been generated 

 Pythia::next(): 130 events have been generated 

 Pythia::next(): 140 events have been generated 

 Pythia::next(): 150 events have been generated 

 Pythia::next(): 160 events have been generated 

 Pythia::next(): 170 events have been generated 

 Pythia::next(): 180 events have been generated 

 Pythia::next(): 190 events have been generated 

 Pythia::next(): 200 events have been generated 

 Pythia::next(): 210 events have been generated 

 Pythia::next(): 220 events have been generated 

 Pythia::next(): 230 events have been generated 

 Pythia::next(): 240 events have been generated 

 Pythia::next(): 250 events have been generated 

 Pythia::next(): 260 events have been generated 
 PYTHIA Warning in SimpleTimeShower::pTnext: negative dipole mass

 Pythia::next(): 270 events have been generated 

 Pythia::next(): 280 events have been generated 

 Pythia::next(): 290 events have been generated 

 Pythia::next(): 300 events have been generated 

 Pythia::next(): 310 events have been generated 

 Pythia::next(): 320 events have been generated 

 Pythia::next(): 330 events have been generated 

 Pythia::next(): 340 events have been generated 

 Pythia::next(): 350 events have been generated 

 Pythia::next(): 360 events have been generated 

 Pythia::next(): 370 events have been generated 

 Pythia::next(): 380 events have been generated 

 Pythia::next(): 390 events have been generated 

 Pythia::next(): 400 events have been generated 

 Pythia::next(): 410 events have been generated 

 Pythia::next(): 420 events have been generated 

 Pythia::next(): 430 events have been generated 

 Pythia::next(): 440 events have been generated 

 Pythia::next(): 450 events have been generated 

 Pythia::next(): 460 events have been generated 

 Pythia::next(): 470 events have been generated 

 Pythia::next(): 480 events have been generated 

 Pythia::next(): 490 events have been generated 

 Pythia::next(): 500 events have been generated 

 Pythia::next(): 510 events have been generated 

 Pythia::next(): 520 events have been generated 

 Pythia::next(): 530 events have been generated 

 Pythia::next(): 540 events have been generated 

 Pythia::next(): 550 events have been generated 

 Pythia::next(): 560 events have been generated 

 Pythia::next(): 570 events have been generated 

 Pythia::next(): 580 events have been generated 

 Pythia::next(): 590 events have been generated 

 Pythia::next(): 600 events have been generated 

 Pythia::next(): 610 events have been generated 

 Pythia::next(): 620 events have been generated 

 Pythia::next(): 630 events have been generated 

 Pythia::next(): 640 events have been generated 

 Pythia::next(): 650 events have been generated 

 Pythia::next(): 660 events have been generated 

 Pythia::next(): 670 events have been generated 

 Pythia::next(): 680 events have been generated 

 Pythia::next(): 690 events have been generated 

 Pythia::next(): 700 events have been generated 

 Pythia::next(): 710 events have been generated 

 Pythia::next(): 720 events have been generated 

 Pythia::next(): 730 events have been generated 

 Pythia::next(): 740 events have been generated 

 Pythia::next(): 750 events have been generated 

 Pythia::next(): 760 events have been generated 

 Pythia::next(): 770 events have been generated 

 Pythia::next(): 780 events have been generated 

 Pythia::next(): 790 events have been generated 

 Pythia::next(): 800 events have been generated 

 Pythia::next(): 810 events have been generated 

 Pythia::next(): 820 events have been generated 

 Pythia::next(): 830 events have been generated 

 Pythia::next(): 840 events have been generated 

 Pythia::next(): 850 events have been generated 

 Pythia::next(): 860 events have been generated 

 Pythia::next(): 870 events have been generated 

 Pythia::next(): 880 events have been generated 

 Pythia::next(): 890 events have been generated 

 Pythia::next(): 900 events have been generated 

 Pythia::next(): 910 events have been generated 

 Pythia::next(): 920 events have been generated 

 Pythia::next(): 930 events have been generated 

 Pythia::next(): 940 events have been generated 

 Pythia::next(): 950 events have been generated 

 Pythia::next(): 960 events have been generated 

 Pythia::next(): 970 events have been generated 

 Pythia::next(): 980 events have been generated 

 Pythia::next(): 990 events have been generated 

 Pythia::next(): 1000 events have been generated 

 Pythia::next(): 1010 events have been generated 

 Pythia::next(): 1020 events have been generated 

 Pythia::next(): 1030 events have been generated 

 Pythia::next(): 1040 events have been generated 

 Pythia::next(): 1050 events have been generated 

 Pythia::next(): 1060 events have been generated 

 Pythia::next(): 1070 events have been generated 

 Pythia::next(): 1080 events have been generated 

 Pythia::next(): 1090 events have been generated 

 Pythia::next(): 1100 events have been generated 

 Pythia::next(): 1110 events have been generated 

 Pythia::next(): 1120 events have been generated 

 Pythia::next(): 1130 events have been generated 

 Pythia::next(): 1140 events have been generated 

 Pythia::next(): 1150 events have been generated 

 Pythia::next(): 1160 events have been generated 

 Pythia::next(): 1170 events have been generated 

 Pythia::next(): 1180 events have been generated 

 Pythia::next(): 1190 events have been generated 

 Pythia::next(): 1200 events have been generated 

 Pythia::next(): 1210 events have been generated 

 Pythia::next(): 1220 events have been generated 

 Pythia::next(): 1230 events have been generated 

 Pythia::next(): 1240 events have been generated 

 Pythia::next(): 1250 events have been generated 

 Pythia::next(): 1260 events have been generated 

 Pythia::next(): 1270 events have been generated 

 Pythia::next(): 1280 events have been generated 

 Pythia::next(): 1290 events have been generated 

 Pythia::next(): 1300 events have been generated 

 Pythia::next(): 1310 events have been generated 

 Pythia::next(): 1320 events have been generated 

 Pythia::next(): 1330 events have been generated 

 Pythia::next(): 1340 events have been generated 

 Pythia::next(): 1350 events have been generated 

 Pythia::next(): 1360 events have been generated 

 Pythia::next(): 1370 events have been generated 

 Pythia::next(): 1380 events have been generated 

 Pythia::next(): 1390 events have been generated 

 Pythia::next(): 1400 events have been generated 

 Pythia::next(): 1410 events have been generated 

 Pythia::next(): 1420 events have been generated 

 Pythia::next(): 1430 events have been generated 

 Pythia::next(): 1440 events have been generated 

 Pythia::next(): 1450 events have been generated 

 Pythia::next(): 1460 events have been generated 

 Pythia::next(): 1470 events have been generated 

 Pythia::next(): 1480 events have been generated 

 Pythia::next(): 1490 events have been generated 

 Pythia::next(): 1500 events have been generated 

 Pythia::next(): 1510 events have been generated 

 Pythia::next(): 1520 events have been generated 

 Pythia::next(): 1530 events have been generated 

 Pythia::next(): 1540 events have been generated 

 Pythia::next(): 1550 events have been generated 

 Pythia::next(): 1560 events have been generated 

 Pythia::next(): 1570 events have been generated 

 Pythia::next(): 1580 events have been generated 

 Pythia::next(): 1590 events have been generated 

 Pythia::next(): 1600 events have been generated 

 Pythia::next(): 1610 events have been generated 

 Pythia::next(): 1620 events have been generated 

 Pythia::next(): 1630 events have been generated 

 Pythia::next(): 1640 events have been generated 

 Pythia::next(): 1650 events have been generated 

 Pythia::next(): 1660 events have been generated 

 Pythia::next(): 1670 events have been generated 

 Pythia::next(): 1680 events have been generated 

 Pythia::next(): 1690 events have been generated 

 Pythia::next(): 1700 events have been generated 

 Pythia::next(): 1710 events have been generated 

 Pythia::next(): 1720 events have been generated 

 Pythia::next(): 1730 events have been generated 

 Pythia::next(): 1740 events have been generated 

 Pythia::next(): 1750 events have been generated 

 Pythia::next(): 1760 events have been generated 

 Pythia::next(): 1770 events have been generated 

 Pythia::next(): 1780 events have been generated 

 Pythia::next(): 1790 events have been generated 

 Pythia::next(): 1800 events have been generated 

 Pythia::next(): 1810 events have been generated 

 Pythia::next(): 1820 events have been generated 

 Pythia::next(): 1830 events have been generated 

 Pythia::next(): 1840 events have been generated 

 Pythia::next(): 1850 events have been generated 

 Pythia::next(): 1860 events have been generated 

 Pythia::next(): 1870 events have been generated 

 Pythia::next(): 1880 events have been generated 

 Pythia::next(): 1890 events have been generated 

 Pythia::next(): 1900 events have been generated 

 Pythia::next(): 1910 events have been generated 

 Pythia::next(): 1920 events have been generated 

 Pythia::next(): 1930 events have been generated 

 Pythia::next(): 1940 events have been generated 

 Pythia::next(): 1950 events have been generated 

 Pythia::next(): 1960 events have been generated 

 Pythia::next(): 1970 events have been generated 

 Pythia::next(): 1980 events have been generated 

 Pythia::next(): 1990 events have been generated 

 Pythia::next(): 2000 events have been generated 

 Pythia::next(): 2010 events have been generated 

 Pythia::next(): 2020 events have been generated 

 Pythia::next(): 2030 events have been generated 

 Pythia::next(): 2040 events have been generated 

 Pythia::next(): 2050 events have been generated 

 Pythia::next(): 2060 events have been generated 

 Pythia::next(): 2070 events have been generated 

 Pythia::next(): 2080 events have been generated 

 Pythia::next(): 2090 events have been generated 

 Pythia::next(): 2100 events have been generated 

 Pythia::next(): 2110 events have been generated 

 Pythia::next(): 2120 events have been generated 

 Pythia::next(): 2130 events have been generated 

 Pythia::next(): 2140 events have been generated 

 Pythia::next(): 2150 events have been generated 

 Pythia::next(): 2160 events have been generated 

 Pythia::next(): 2170 events have been generated 

 Pythia::next(): 2180 events have been generated 

 Pythia::next(): 2190 events have been generated 

 Pythia::next(): 2200 events have been generated 

 Pythia::next(): 2210 events have been generated 

 Pythia::next(): 2220 events have been generated 

 Pythia::next(): 2230 events have been generated 

 Pythia::next(): 2240 events have been generated 

 Pythia::next(): 2250 events have been generated 

 Pythia::next(): 2260 events have been generated 

 Pythia::next(): 2270 events have been generated 

 Pythia::next(): 2280 events have been generated 

 Pythia::next(): 2290 events have been generated 

 Pythia::next(): 2300 events have been generated 

 Pythia::next(): 2310 events have been generated 

 Pythia::next(): 2320 events have been generated 

 Pythia::next(): 2330 events have been generated 

 Pythia::next(): 2340 events have been generated 

 Pythia::next(): 2350 events have been generated 

 Pythia::next(): 2360 events have been generated 

 Pythia::next(): 2370 events have been generated 

 Pythia::next(): 2380 events have been generated 

 Pythia::next(): 2390 events have been generated 

 Pythia::next(): 2400 events have been generated 

 Pythia::next(): 2410 events have been generated 

 Pythia::next(): 2420 events have been generated 

 Pythia::next(): 2430 events have been generated 

 Pythia::next(): 2440 events have been generated 

 Pythia::next(): 2450 events have been generated 

 Pythia::next(): 2460 events have been generated 

 Pythia::next(): 2470 events have been generated 

 Pythia::next(): 2480 events have been generated 

 Pythia::next(): 2490 events have been generated 

 Pythia::next(): 2500 events have been generated 

 Pythia::next(): 2510 events have been generated 

 Pythia::next(): 2520 events have been generated 

 Pythia::next(): 2530 events have been generated 

 Pythia::next(): 2540 events have been generated 

 Pythia::next(): 2550 events have been generated 

 Pythia::next(): 2560 events have been generated 

 Pythia::next(): 2570 events have been generated 

 Pythia::next(): 2580 events have been generated 

 Pythia::next(): 2590 events have been generated 

 Pythia::next(): 2600 events have been generated 

 Pythia::next(): 2610 events have been generated 

 Pythia::next(): 2620 events have been generated 

 Pythia::next(): 2630 events have been generated 

 Pythia::next(): 2640 events have been generated 

 Pythia::next(): 2650 events have been generated 

 Pythia::next(): 2660 events have been generated 

 Pythia::next(): 2670 events have been generated 

 Pythia::next(): 2680 events have been generated 

 Pythia::next(): 2690 events have been generated 

 Pythia::next(): 2700 events have been generated 

 Pythia::next(): 2710 events have been generated 

 Pythia::next(): 2720 events have been generated 

 Pythia::next(): 2730 events have been generated 

 Pythia::next(): 2740 events have been generated 

 Pythia::next(): 2750 events have been generated 

 Pythia::next(): 2760 events have been generated 

 Pythia::next(): 2770 events have been generated 

 Pythia::next(): 2780 events have been generated 

 Pythia::next(): 2790 events have been generated 

 Pythia::next(): 2800 events have been generated 

 Pythia::next(): 2810 events have been generated 

 Pythia::next(): 2820 events have been generated 

 Pythia::next(): 2830 events have been generated 

 Pythia::next(): 2840 events have been generated 

 Pythia::next(): 2850 events have been generated 

 Pythia::next(): 2860 events have been generated 

 Pythia::next(): 2870 events have been generated 

 Pythia::next(): 2880 events have been generated 

 Pythia::next(): 2890 events have been generated 

 Pythia::next(): 2900 events have been generated 

 Pythia::next(): 2910 events have been generated 

 Pythia::next(): 2920 events have been generated 

 Pythia::next(): 2930 events have been generated 

 Pythia::next(): 2940 events have been generated 

 Pythia::next(): 2950 events have been generated 

 Pythia::next(): 2960 events have been generated 

 Pythia::next(): 2970 events have been generated 

 Pythia::next(): 2980 events have been generated 

 Pythia::next(): 2990 events have been generated 

 Pythia::next(): 3000 events have been generated 

 Pythia::next(): 3010 events have been generated 

 Pythia::next(): 3020 events have been generated 

 Pythia::next(): 3030 events have been generated 

 Pythia::next(): 3040 events have been generated 

 Pythia::next(): 3050 events have been generated 

 Pythia::next(): 3060 events have been generated 

 Pythia::next(): 3070 events have been generated 

 Pythia::next(): 3080 events have been generated 

 Pythia::next(): 3090 events have been generated 

 Pythia::next(): 3100 events have been generated 

 Pythia::next(): 3110 events have been generated 

 Pythia::next(): 3120 events have been generated 

 Pythia::next(): 3130 events have been generated 

 Pythia::next(): 3140 events have been generated 

 Pythia::next(): 3150 events have been generated 

 Pythia::next(): 3160 events have been generated 

 Pythia::next(): 3170 events have been generated 

 Pythia::next(): 3180 events have been generated 

 Pythia::next(): 3190 events have been generated 

 Pythia::next(): 3200 events have been generated 

 Pythia::next(): 3210 events have been generated 

 Pythia::next(): 3220 events have been generated 

 Pythia::next(): 3230 events have been generated 

 Pythia::next(): 3240 events have been generated 

 Pythia::next(): 3250 events have been generated 

 Pythia::next(): 3260 events have been generated 

 Pythia::next(): 3270 events have been generated 

 Pythia::next(): 3280 events have been generated 

 Pythia::next(): 3290 events have been generated 

 Pythia::next(): 3300 events have been generated 

 Pythia::next(): 3310 events have been generated 

 Pythia::next(): 3320 events have been generated 

 Pythia::next(): 3330 events have been generated 

 Pythia::next(): 3340 events have been generated 

 Pythia::next(): 3350 events have been generated 

 Pythia::next(): 3360 events have been generated 

 Pythia::next(): 3370 events have been generated 

 Pythia::next(): 3380 events have been generated 

 Pythia::next(): 3390 events have been generated 

 Pythia::next(): 3400 events have been generated 

 Pythia::next(): 3410 events have been generated 

 Pythia::next(): 3420 events have been generated 

 Pythia::next(): 3430 events have been generated 

 Pythia::next(): 3440 events have been generated 

 Pythia::next(): 3450 events have been generated 

 Pythia::next(): 3460 events have been generated 

 Pythia::next(): 3470 events have been generated 

 Pythia::next(): 3480 events have been generated 

 Pythia::next(): 3490 events have been generated 

 Pythia::next(): 3500 events have been generated 

 Pythia::next(): 3510 events have been generated 

 Pythia::next(): 3520 events have been generated 

 Pythia::next(): 3530 events have been generated 

 Pythia::next(): 3540 events have been generated 

 Pythia::next(): 3550 events have been generated 

 Pythia::next(): 3560 events have been generated 

 Pythia::next(): 3570 events have been generated 

 Pythia::next(): 3580 events have been generated 

 Pythia::next(): 3590 events have been generated 

 Pythia::next(): 3600 events have been generated 

 Pythia::next(): 3610 events have been generated 

 Pythia::next(): 3620 events have been generated 

 Pythia::next(): 3630 events have been generated 

 Pythia::next(): 3640 events have been generated 

 Pythia::next(): 3650 events have been generated 

 Pythia::next(): 3660 events have been generated 

 Pythia::next(): 3670 events have been generated 

 Pythia::next(): 3680 events have been generated 

 Pythia::next(): 3690 events have been generated 

 Pythia::next(): 3700 events have been generated 

 Pythia::next(): 3710 events have been generated 

 Pythia::next(): 3720 events have been generated 

 Pythia::next(): 3730 events have been generated 

 Pythia::next(): 3740 events have been generated 

 Pythia::next(): 3750 events have been generated 

 Pythia::next(): 3760 events have been generated 

 Pythia::next(): 3770 events have been generated 

 Pythia::next(): 3780 events have been generated 

 Pythia::next(): 3790 events have been generated 

 Pythia::next(): 3800 events have been generated 

 Pythia::next(): 3810 events have been generated 

 Pythia::next(): 3820 events have been generated 

 Pythia::next(): 3830 events have been generated 

 Pythia::next(): 3840 events have been generated 

 Pythia::next(): 3850 events have been generated 

 Pythia::next(): 3860 events have been generated 

 Pythia::next(): 3870 events have been generated 

 Pythia::next(): 3880 events have been generated 

 Pythia::next(): 3890 events have been generated 

 Pythia::next(): 3900 events have been generated 

 Pythia::next(): 3910 events have been generated 

 Pythia::next(): 3920 events have been generated 

 Pythia::next(): 3930 events have been generated 

 Pythia::next(): 3940 events have been generated 

 Pythia::next(): 3950 events have been generated 

 Pythia::next(): 3960 events have been generated 

 Pythia::next(): 3970 events have been generated 

 Pythia::next(): 3980 events have been generated 

 Pythia::next(): 3990 events have been generated 

 Pythia::next(): 4000 events have been generated 

 Pythia::next(): 4010 events have been generated 

 Pythia::next(): 4020 events have been generated 

 Pythia::next(): 4030 events have been generated 

 Pythia::next(): 4040 events have been generated 

 Pythia::next(): 4050 events have been generated 

 Pythia::next(): 4060 events have been generated 

 Pythia::next(): 4070 events have been generated 

 Pythia::next(): 4080 events have been generated 

 Pythia::next(): 4090 events have been generated 

 Pythia::next(): 4100 events have been generated 

 Pythia::next(): 4110 events have been generated 

 Pythia::next(): 4120 events have been generated 

 Pythia::next(): 4130 events have been generated 

 Pythia::next(): 4140 events have been generated 

 Pythia::next(): 4150 events have been generated 

 Pythia::next(): 4160 events have been generated 

 Pythia::next(): 4170 events have been generated 

 Pythia::next(): 4180 events have been generated 

 Pythia::next(): 4190 events have been generated 

 Pythia::next(): 4200 events have been generated 

 Pythia::next(): 4210 events have been generated 

 Pythia::next(): 4220 events have been generated 

 Pythia::next(): 4230 events have been generated 

 Pythia::next(): 4240 events have been generated 

 Pythia::next(): 4250 events have been generated 

 Pythia::next(): 4260 events have been generated 

 Pythia::next(): 4270 events have been generated 

 Pythia::next(): 4280 events have been generated 
 PYTHIA Error in SimpleSpaceShower::pT2nearThreshold: stuck in loop

 Pythia::next(): 4290 events have been generated 

 Pythia::next(): 4300 events have been generated 

 Pythia::next(): 4310 events have been generated 

 Pythia::next(): 4320 events have been generated 

 Pythia::next(): 4330 events have been generated 

 Pythia::next(): 4340 events have been generated 

 Pythia::next(): 4350 events have been generated 

 Pythia::next(): 4360 events have been generated 

 Pythia::next(): 4370 events have been generated 

 Pythia::next(): 4380 events have been generated 

 Pythia::next(): 4390 events have been generated 

 Pythia::next(): 4400 events have been generated 

 Pythia::next(): 4410 events have been generated 

 Pythia::next(): 4420 events have been generated 

 Pythia::next(): 4430 events have been generated 

 Pythia::next(): 4440 events have been generated 

 Pythia::next(): 4450 events have been generated 

 Pythia::next(): 4460 events have been generated 

 Pythia::next(): 4470 events have been generated 

 Pythia::next(): 4480 events have been generated 

 Pythia::next(): 4490 events have been generated 

 Pythia::next(): 4500 events have been generated 

 Pythia::next(): 4510 events have been generated 

 Pythia::next(): 4520 events have been generated 

 Pythia::next(): 4530 events have been generated 

 Pythia::next(): 4540 events have been generated 

 Pythia::next(): 4550 events have been generated 

 Pythia::next(): 4560 events have been generated 

 Pythia::next(): 4570 events have been generated 

 Pythia::next(): 4580 events have been generated 

 Pythia::next(): 4590 events have been generated 

 Pythia::next(): 4600 events have been generated 

 Pythia::next(): 4610 events have been generated 

 Pythia::next(): 4620 events have been generated 

 Pythia::next(): 4630 events have been generated 

 Pythia::next(): 4640 events have been generated 

 Pythia::next(): 4650 events have been generated 

 Pythia::next(): 4660 events have been generated 

 Pythia::next(): 4670 events have been generated 

 Pythia::next(): 4680 events have been generated 

 Pythia::next(): 4690 events have been generated 

 Pythia::next(): 4700 events have been generated 

 Pythia::next(): 4710 events have been generated 

 Pythia::next(): 4720 events have been generated 

 Pythia::next(): 4730 events have been generated 

 Pythia::next(): 4740 events have been generated 

 Pythia::next(): 4750 events have been generated 

 Pythia::next(): 4760 events have been generated 

 Pythia::next(): 4770 events have been generated 

 Pythia::next(): 4780 events have been generated 

 Pythia::next(): 4790 events have been generated 

 Pythia::next(): 4800 events have been generated 

 Pythia::next(): 4810 events have been generated 

 Pythia::next(): 4820 events have been generated 

 Pythia::next(): 4830 events have been generated 

 Pythia::next(): 4840 events have been generated 

 Pythia::next(): 4850 events have been generated 

 Pythia::next(): 4860 events have been generated 

 Pythia::next(): 4870 events have been generated 

 Pythia::next(): 4880 events have been generated 

 Pythia::next(): 4890 events have been generated 

 Pythia::next(): 4900 events have been generated 

 Pythia::next(): 4910 events have been generated 

 Pythia::next(): 4920 events have been generated 

 Pythia::next(): 4930 events have been generated 

 Pythia::next(): 4940 events have been generated 

 Pythia::next(): 4950 events have been generated 

 Pythia::next(): 4960 events have been generated 

 Pythia::next(): 4970 events have been generated 

 Pythia::next(): 4980 events have been generated 

 Pythia::next(): 4990 events have been generated 

 *-------  PYTHIA Event and Cross Section Statistics  -------------------------------------------------------------*
 |                                                                                                                 |
 | Subprocess                                    Code |            Number of events       |      sigma +- delta    |
 |                                                    |       Tried   Selected   Accepted |     (estimated) (mb)   |
 |                                                    |                                   |                        |
 |-----------------------------------------------------------------------------------------------------------------|
 |                                                    |                                   |                        |
 | Les Houches User Process(es)                  9999 |        5000       5000       5000 |   1.544e-09  4.578e-18 |
 |    ... whereof user classification code          1 |        5000       5000       5000 |                        | 
 |                                                    |                                   |                        |
 | sum                                                |        5000       5000       5000 |   1.544e-09  4.578e-18 |
 |                                                                                                                 |
 *-------  End PYTHIA Event and Cross Section Statistics ----------------------------------------------------------*

 *-------  PYTHIA Error and Warning Messages Statistics  ----------------------------------------------------------* 
 |                                                                                                                 | 
 |  times   message                                                                                                | 
 |                                                                                                                 | 
 |      3   Error in SimpleSpaceShower::pT2nearThreshold: stuck in loop                                            | 
 |      1   Warning in SLHAinterface::initSLHA: ignoring DECAY tables                                              | 
 |      1   Warning in SLHAinterface::initSLHA: ignoring MASS entries                                              | 
 |      1   Warning in SLHAinterface::initSLHA: ignoring empty DECAY tables                                        | 
 |      1   Warning in SimpleTimeShower::pTnext: negative dipole mass                                              | 
 |      1   Info from SLHAinterface::initSLHA: No MODSEL found, keeping internal SUSY switched off                 | 
 |                                                                                                                 | 
 *-------  End PYTHIA Error and Warning Messages Statistics  ------------------------------------------------------* 
Wrote 5000 events to /uscms_data/d3/iturkmen/hh4b_delphes/hepmc/ttbb_50k_shard003_pythia8.hepmc
** INFO: initializing module  Delphes                  
** INFO: initializing module  ParticlePropagator       
** INFO: initializing module  ChargedHadronTrackingEfficiency
** INFO: initializing module  ElectronTrackingEfficiency
** INFO: initializing module  MuonTrackingEfficiency   
** INFO: initializing module  ChargedHadronMomentumSmearing
** INFO: initializing module  ElectronMomentumSmearing 
** INFO: initializing module  MuonMomentumSmearing     
** INFO: initializing module  TrackMerger              
** INFO: initializing module  ECal                     
** INFO: initializing module  HCal                     
** INFO: initializing module  Calorimeter              
** INFO: initializing module  EFlowMerger              
** INFO: initializing module  EFlowFilter              
** INFO: initializing module  PhotonEfficiency         
** INFO: initializing module  PhotonIsolation          
** INFO: initializing module  ElectronFilter           
** INFO: initializing module  ElectronEfficiency       
** INFO: initializing module  ElectronIsolation        
** INFO: initializing module  ChargedHadronFilter      
** INFO: initializing module  MuonEfficiency           
** INFO: initializing module  MuonIsolation            
** INFO: initializing module  MissingET                
** INFO: initializing module  NeutrinoFilter           
** INFO: initializing module  GenJetFinder             
#--------------------------------------------------------------------------
#                         FastJet release 3.5.1
#                 M. Cacciari, G.P. Salam and G. Soyez                  
#     A software package for jet finding and analysis at colliders      
#                           https://fastjet.fr                           
#	                                                                      
# Please cite EPJC72(2012)1896 [arXiv:1111.6097] if you use this package
# for scientific work and optionally PLB641(2006)57 [hep-ph/0512210].   
#                                                                       
# FastJet is provided without warranty under the GNU GPL v2 or higher.  
# It uses T. Chan's closest pair algorithm, S. Fortune's Voronoi code
# and 3rd party plugin jet algorithms. See COPYING file for details.
#--------------------------------------------------------------------------
** INFO: initializing module  GenMissingET             
** INFO: initializing module  FastJetFinder            
** INFO: initializing module  FatJetFinder             
** INFO: initializing module  JetEnergyScale           
** INFO: initializing module  JetFlavorAssociation     
** INFO: initializing module  BTagging                 
** INFO: initializing module  TauTagging               
** INFO: initializing module  UniqueObjectFinder       
** INFO: initializing module  ScalarHT                 
** INFO: initializing module  TreeWriter               
** Reading /uscms_data/d3/iturkmen/hh4b_delphes/hepmc/ttbb_50k_shard003_pythia8.hepmc
** [----------------------------------------------------------------] (0.03%)** [#---------------------------------------------------------------] (2.24%)** [##--------------------------------------------------------------] (3.26%)** [###-------------------------------------------------------------] (5.40%)** [####------------------------------------------------------------] (7.78%)** [#####-----------------------------------------------------------] (9.30%)** [######----------------------------------------------------------] (9.96%)** [#######---------------------------------------------------------] (11.38%)** [########--------------------------------------------------------] (13.85%)** [#########-------------------------------------------------------] (15.36%)** [##########------------------------------------------------------] (16.07%)** [###########-----------------------------------------------------] (17.50%)** [############----------------------------------------------------] (19.88%)** [#############---------------------------------------------------] (21.43%)** [##############--------------------------------------------------] (22.09%)** [###############-------------------------------------------------] (23.60%)** [################------------------------------------------------] (26.01%)** [#################-----------------------------------------------] (27.40%)** [##################----------------------------------------------] (28.27%)** [###################---------------------------------------------] (29.74%)** [####################--------------------------------------------] (32.04%)** [#####################-------------------------------------------] (33.45%)** [######################------------------------------------------] (35.36%)** [#######################-----------------------------------------] (36.56%)** [########################----------------------------------------] (38.02%)** [#########################---------------------------------------] (39.19%)** [##########################--------------------------------------] (41.77%)** [###########################-------------------------------------] (42.86%)** [############################------------------------------------] (44.43%)** [#############################-----------------------------------] (45.88%)** [##############################----------------------------------] (48.13%)** [###############################---------------------------------] (49.11%)** [################################--------------------------------] (50.53%)** [#################################-------------------------------] (52.07%)** [##################################------------------------------] (54.37%)** [###################################-----------------------------] (55.52%)** [####################################----------------------------] (57.01%)** [#####################################---------------------------] (58.49%)** [######################################--------------------------] (60.63%)** [#######################################-------------------------] (61.66%)** [########################################------------------------] (63.10%)** [#########################################-----------------------] (64.60%)** [##########################################----------------------] (66.87%)** [###########################################---------------------] (67.93%)** [############################################--------------------] (69.37%)** [#############################################-------------------] (70.87%)** [##############################################------------------] (72.91%)** [###############################################-----------------] (74.14%)** [################################################----------------] (75.60%)** [#################################################---------------] (77.10%)** [##################################################--------------] (79.23%)** [###################################################-------------] (80.09%)** [####################################################------------] (82.43%)** [#####################################################-----------] (83.77%)** [######################################################----------] (85.13%)** [#######################################################---------] (86.35%)** [########################################################--------] (87.64%)** [#########################################################-------] (90.08%)** [##########################################################------] (91.46%)** [###########################################################-----] (92.77%)** [############################################################----] (94.16%)** [#############################################################---] (95.53%)** [##############################################################--] (97.90%)** [###############################################################-] (98.87%)** [################################################################] (100.00%)
** Exiting...
FILE: /uscms_data/d3/iturkmen/hh4b_delphes/root/ttbb_50k_shard003_pythia8_delphes.root

KEYS:
  ProcessID0;1
  Delphes;1

TREE: Delphes
ENTRIES: 5000

OBJECT CHECK:
  Event: OK
  Particle: OK
  Jet: OK
  GenJet: OK
  MissingET: OK
  GenMissingET: OK
  Electron: OK
  Muon: OK

SIZE BRANCHES:
  Event_size
  Weight_size
  Particle_size
  Track_size
  Tower_size
  EFlowTrack_size
  EFlowPhoton_size
  EFlowNeutralHadron_size
  GenJet_size
  GenMissingET_size
  Jet_size
  Electron_size
  Photon_size
  Muon_size
  FatJet_size
  MissingET_size
  ScalarHT_size
Input: /uscms_data/d3/iturkmen/hh4b_delphes/root/ttbb_50k_shard003_pythia8_delphes.root
Events: 5000

      event  n_higgs_particles  ...  n_genjets_flavor5  n_genjets_btag
0         0                  0  ...                  0               0
1         1                  0  ...                  0               0
2         2                  0  ...                  0               0
3         3                  0  ...                  0               0
4         4                  0  ...                  0               0
...     ...                ...  ...                ...             ...
4995   4995                  0  ...                  0               0
4996   4996                  0  ...                  0               0
4997   4997                  0  ...                  0               0
4998   4998                  0  ...                  0               0
4999   4999                  0  ...                  0               0

[5000 rows x 15 columns]

Column sums:
  n_higgs_particles: 0
  n_b_particles: 164232
  n_status1_b_particles: 0
  n_jets: 37183
  n_jets_pt30_eta25: 29411
  n_jets_flavor5: 17537
  n_jets_flavoralgo5: 0
  n_jets_flavorphys5: 0
  n_btagged_jets: 12265
  n_btagged_jets_pt30_eta25: 11268
  n_genjets: 39965
  n_genjets_pt30_eta25: 30088
  n_genjets_flavor5: 0
  n_genjets_btag: 0

Events with >=4 reconstructed jets: 4616
Events with >=4 reconstructed b-tagged jets: 633
Events with >=4 jet FlavorPhys b jets: 0
Events with >=4 generator-level b particles: 5000

Wrote: /uscms_data/d3/iturkmen/hh4b_delphes/metadata/ttbb_50k_shard003_diagnostic.csv
Wrote: /uscms_data/d3/iturkmen/hh4b_delphes/parquet/ttbb_50k_shard003_event_summary.parquet
                 sample  event  event_weight  ...  n_muon  ht_pt30_eta25         met
0     ttbb_50k_shard003      0      1.544086  ...       0     662.281555   21.923845
1     ttbb_50k_shard003      1      1.544086  ...       0     450.399902   22.244907
2     ttbb_50k_shard003      2      1.544086  ...       0     626.085693   48.397423
3     ttbb_50k_shard003      3      1.544086  ...       0     491.155548  235.264999
4     ttbb_50k_shard003      4      1.544086  ...       1     547.921814   57.002525
...                 ...    ...           ...  ...     ...            ...         ...
4995  ttbb_50k_shard003   4995      1.544086  ...       1     401.235443  166.307419
4996  ttbb_50k_shard003   4996      1.544086  ...       0     657.158630   48.480076
4997  ttbb_50k_shard003   4997      1.544086  ...       1     251.025177   79.275139
4998  ttbb_50k_shard003   4998      1.544086  ...       0     565.656799   47.382919
4999  ttbb_50k_shard003   4999      1.544086  ...       0     411.797058    6.813366

[5000 rows x 13 columns]

Selection counts:
  events: 5000
  events with >=4 selected jets: 4616
  events with >=4 selected b-tagged jets: 633
DONE: ttbb_50k_shard003
ROOT: /uscms_data/d3/iturkmen/hh4b_delphes/root/ttbb_50k_shard003_pythia8_delphes.root
HEPMC: /uscms_data/d3/iturkmen/hh4b_delphes/hepmc/ttbb_50k_shard003_pythia8.hepmc
PARQUET: /uscms_data/d3/iturkmen/hh4b_delphes/parquet/ttbb_50k_shard003_event_summary.parquet
DIAGNOSTIC: /uscms_data/d3/iturkmen/hh4b_delphes/metadata/ttbb_50k_shard003_diagnostic.csv
Input events: 5000
Events with >=4 selected b-tagged jets: 633
Wrote: /uscms_data/d3/iturkmen/hh4b_delphes/parquet/ttbb_50k_shard003_hh4b_candidates.parquet

             mbb1        mbb2  ...          mhh  n_selected_bjets
count  633.000000  633.000000  ...   633.000000        633.000000
mean   176.490565  145.287476  ...   560.626794          4.181675
std     89.323665   80.284755  ...   293.662134          0.446696
min     42.338282   26.558386  ...   141.280017          4.000000
25%    121.595107  102.421418  ...   364.146615          4.000000
50%    154.565242  129.550621  ...   490.430937          4.000000
75%    204.454666  165.582984  ...   682.864601          4.000000
max    709.146579  949.011007  ...  3474.550512          7.000000

[8 rows x 6 columns]
sample: ttbb_50k_shard003
events: 5000
candidate rows: 633
cross-section median pb: 1.544086217880249
events with >=4 selected jets: 4616
events with >=4 selected b-tagged jets: 633
median mbb1: 154.5652424238109
median mbb2: 129.5506214519168
median avg_mbb: 146.9047258601065
median delta_mbb: 58.59008089831946
median mhh: 490.4309372154569
median n_selected_bjets: 4.0
Wrote: /uscms_data/d3/iturkmen/hh4b_delphes/metadata/ttbb_50k_shard003_summary.txt
DONE ttbb_50k_shard003
Finished shard 003

============================================================
Starting shard 004 / campaign ttbb_50k
TAG=ttbb_50k_shard004
RUN_NAME=run_ttbb_50k_004
SEED=107004
============================================================
PROCESS_DIR=/uscms_data/d3/iturkmen/hh4b_delphes/mg5/TTbb_smoke
RUN_NAME=run_ttbb_50k_004
N_EVENTS=5000
SEED=107004
OUTPUT_TAG=ttbb_50k_shard004
APPLY_B_CUTS=yes
Updated run card:
 5000 = nevents ! Number of unweighted events
 107004 = iseed ! Random seed
 25.0 = ptb ! minimum pt for b quarks
  -1.0	= ptbmax ! maximum pt for the b
 2.7 = etab ! maximum eta for b quarks
  0.0	= etabmin ! min rap for the b
 0.4 = drbb ! minimum deltaR between b quarks
  -1.0	= drbbmax ! max distance between b's
  0.0	= xptb ! minimum pt for at least one b 
 0.4 = drbj ! minimum deltaR between b and light jets
 20.0 = ptj ! minimum pt for jets
 5.0 = etaj ! maximum eta for jets
************************************************************
*                                                          *
*                      W E L C O M E to                    *
*             M A D G R A P H 5 _ a M C @ N L O            *
*                      M A D E V E N T                     *
*                                                          *
*                 *                       *                *
*                   *        * *        *                  *
*                     * * * * 5 * * * *                    *
*                   *        * *        *                  *
*                 *                       *                *
*                                                          *
*         VERSION 3.5.3                                    *
*                                                          *
*    The MadGraph5_aMC@NLO Development Team - Find us at   *
*    https://server06.fynu.ucl.ac.be/projects/madgraph     *
*                                                          *
*               Type 'help' for in-line help.              *
*                                                          *
************************************************************
INFO: load configuration from /uscms_data/d3/iturkmen/hh4b_delphes/mg5/TTbb_smoke/Cards/me5_configuration.txt  
INFO: load configuration from /cvmfs/sft.cern.ch/lcg/releases/MCGenerators/madgraph5amc/3.5.3.atlas7-2c347/x86_64-el9-gcc13-opt/input/mg5_configuration.txt  
INFO: load configuration from /uscms_data/d3/iturkmen/hh4b_delphes/mg5/TTbb_smoke/Cards/me5_configuration.txt  
Using default text editor "vi". Set another one in ./input/mg5_configuration.txt
Using default eps viewer "evince". Set another one in ./input/mg5_configuration.txt
Using default web browser "firefox". Set another one in ./input/mg5_configuration.txt
generate_events run_ttbb_50k_004 -f
Generating 5000 events with run name run_ttbb_50k_004
survey  run_ttbb_50k_004 
INFO: compile directory 
compile Source Directory
Using random number seed offset = 107004
INFO: Running Survey 
Creating Jobs
Working on SubProcesses
INFO: Compiling for process 1/2. 
INFO:     P1_gg_ttxbbx  
  0%|          | 0/1049 [00:00<?, ?it/s] 58%|█████▊    | 607/1049 [00:00<00:00, 5938.86it/s]100%|██████████| 1049/1049 [00:00<00:00, 6590.31it/s]
INFO: Compiling for process 2/2. 
INFO:     P1_qq_ttxbbx  
  0%|          | 0/816 [00:00<?, ?it/s]100%|██████████| 816/816 [00:00<00:00, 42559.00it/s]
INFO:     P1_gg_ttxbbx  
INFO:     P1_qq_ttxbbx  
INFO:  Idle: 4,  Running: 8,  Completed: 0 [ current time: 15h12 ] 
INFO:  Idle: 3,  Running: 8,  Completed: 1 [  0.092s  ] 
INFO:  Idle: 0,  Running: 0,  Completed: 12 [  0.97s  ] 
INFO: End survey 
refine 5000
Creating Jobs
INFO: Refine results to 5000 
INFO: Generating 5000.0 unweighted events. 
sum of cpu time of last step: 19 seconds
INFO: Effective Luminosity 3897.3985486322954 pb^-1 
INFO: need to improve 9 channels 
- Current estimate of cross-section: 1.5394884369999997 +- 0.01772787980040978
    P1_gg_ttxbbx 
    P1_qq_ttxbbx 
INFO:  Idle: 3,  Running: 8,  Completed: 0 [ current time: 15h12 ] 
INFO:  Idle: 1,  Running: 8,  Completed: 2 [  2s  ] 
INFO:  Idle: 0,  Running: 4,  Completed: 7 [  6.8s  ] 
INFO:  Idle: 0,  Running: 0,  Completed: 11 [  10.9s  ] 
INFO:  Idle: 0,  Running: 0,  Completed: 11 [  10.9s  ] 
INFO: Combining runs 
sum of cpu time of last step: 45 seconds
INFO: finish refine 
refine 5000 --treshold=0.9
No need for second refine due to stability of cross-section
INFO: Combining Events 
combination of events done in 7.383557081222534 s 
  === Results Summary for run: run_ttbb_50k_004 tag: tag_1 ===

     Cross-section :   1.551 +- 0.006526 pb
     Nb of events :  5000
 
INFO: Running Systematics computation 
INFO:  Idle: 1,  Running: 1,  Completed: 0 [ current time: 15h12 ] 
INFO:  Idle: 0,  Running: 1,  Completed: 1 [  7.8s  ] 
INFO: # Events generated with PDF: NNPDF23_lo_as_0130_qed (247000) 
INFO: # Will Compute 145 weights per event. 
INFO: #***************************************************************************
#
# original cross-section: 1.550249412115235
#     scale variation: +69.9% -37.7%
#     central scheme variation: + 0% -61.1%
# PDF variation: +7.48% -7.48%
#
# dynamical scheme # 1 : 0.850114 +58.1% -34.5% # \sum ET
# dynamical scheme # 2 : 0.722087 +55.5% -33.7% # \sum\sqrt{m^2+pt^2}
# dynamical scheme # 3 : 1.12307 +62% -35.7% # 0.5 \sum\sqrt{m^2+pt^2}
# dynamical scheme # 4 : 0.603369 +53% -32.8% # \sqrt{\hat s}
#***************************************************************************
 
INFO: End of systematics computation 
store_events
INFO: Storing parton level results 
INFO: End Parton 
reweight -from_cards
decay_events -from_cards
INFO: storing files of previous run 
INFO: Done 
quit
INFO:  
LHE=/uscms_data/d3/iturkmen/hh4b_delphes/mg5/TTbb_smoke/Events/run_ttbb_50k_004/unweighted_events.lhe.gz
N_FOUND=5000
Sample: ttbb_50k_shard004
Input LHE.GZ: /uscms_data/d3/iturkmen/hh4b_delphes/mg5/TTbb_smoke/Events/run_ttbb_50k_004/unweighted_events.lhe.gz
Events requested: 5000
Output tag: ttbb_50k_shard004
LHE: /uscms_data/d3/iturkmen/hh4b_delphes/mg5/TTbb_smoke/Events/run_ttbb_50k_004/unweighted_events.lhe
HEPMC: /uscms_data/d3/iturkmen/hh4b_delphes/hepmc/ttbb_50k_shard004_pythia8.hepmc
ROOT: /uscms_data/d3/iturkmen/hh4b_delphes/root/ttbb_50k_shard004_pythia8_delphes.root
LHE event count: 5000

 *------------------------------------------------------------------------------------* 
 |                                                                                    | 
 |  *------------------------------------------------------------------------------*  | 
 |  |                                                                              |  | 
 |  |                                                                              |  | 
 |  |   PPP   Y   Y  TTTTT  H   H  III    A      Welcome to the Lund Monte Carlo!  |  | 
 |  |   P  P   Y Y     T    H   H   I    A A     This is PYTHIA version 8.312      |  | 
 |  |   PPP     Y      T    HHHHH   I   AAAAA    Last date of change: 23 May 2024  |  | 
 |  |   P       Y      T    H   H   I   A   A                                      |  | 
 |  |   P       Y      T    H   H  III  A   A    Now is 08 Jul 2026 at 15:13:36    |  | 
 |  |                                                                              |  | 
 |  |   Program documentation and an archive of historic versions is found on:     |  | 
 |  |                                                                              |  | 
 |  |                               https://pythia.org/                            |  | 
 |  |                                                                              |  | 
 |  |   PYTHIA is authored by a collaboration consisting of:                       |  | 
 |  |                                                                              |  | 
 |  |   Javira Altmann, Christian Bierlich, Naomi Cooke, Nishita Desai,            |  | 
 |  |   Leif Gellersen, Ilkka Helenius, Philip Ilten, Leif Lonnblad,               |  | 
 |  |   Stephen Mrenna, Christian Preuss, Torbjorn Sjostrand, Peter Skands,        |  | 
 |  |   Marius Utheim, and Rob Verheyen.                                           |  | 
 |  |                                                                              |  | 
 |  |   The complete list of authors, including contact information and            |  | 
 |  |   affiliations, can be found on https://pythia.org/.                         |  | 
 |  |   Problems or bugs should be reported on email at authors@pythia.org.        |  | 
 |  |                                                                              |  | 
 |  |   The main program reference is C. Bierlich et al,                           |  | 
 |  |   'A comprehensive guide to the physics and usage of Pythia 8.3',            |  | 
 |  |   SciPost Phys. Codebases 8-r8.3 (2022) [arXiv:2203.11601 [hep-ph]]          |  | 
 |  |                                                                              |  | 
 |  |   PYTHIA is released under the GNU General Public Licence version 2 or later.|  | 
 |  |   Please respect the MCnet Guidelines for Event Generator Authors and Users. |  | 
 |  |                                                                              |  | 
 |  |   Disclaimer: this program comes without any guarantees.                     |  | 
 |  |   Beware of errors and use common sense when interpreting results.           |  | 
 |  |                                                                              |  | 
 |  |   Copyright (C) 2024 Torbjorn Sjostrand                                      |  | 
 |  |                                                                              |  | 
 |  |                                                                              |  | 
 |  *------------------------------------------------------------------------------*  | 
 |                                                                                    | 
 *------------------------------------------------------------------------------------* 

 *-----------------------  SusyLesHouches SUSY/BSM Interface  ------------------------*
 | Last Change 12 Apr 2017 - P. Skands
 | Parsing: /uscms_data/d3/iturkmen/hh4b_delphes/mg5/TTbb_smoke/Events/run_ttbb_50k_004/unweighted_events.lhe
 | (SLHA::readFile) line 338 - storing non-SLHA(2) block: yukawa
 *------------------------------------------------------------------------------------*
 PYTHIA Info from SLHAinterface::initSLHA: No MODSEL found, keeping internal SUSY switched off
 PYTHIA Warning in SLHAinterface::initSLHA: ignoring MASS entries for id = {1,2,3,4,5,11,12,13,14,15,16,21,22,23,24} (m0 < SLHA:minMassSM)
 PYTHIA Warning in SLHAinterface::initSLHA: ignoring DECAY tables for id = {23,24,1,2,3,4,5,11,12,13,14,15,16,21,22} (m0 < SLHA:minMassSM)
 PYTHIA Warning in SLHAinterface::initSLHA: ignoring empty DECAY tables for id = {6,25} (total width provided but no Branching Ratios)

 *-------  PYTHIA Process Initialization  --------------------------*
 |                                                                  |
 | We collide p+ with p+ at a CM energy of 1.300e+04 GeV            |
 |                                                                  |
 |------------------------------------------------------------------|
 |                                                    |             |
 | Subprocess                                    Code |   Estimated |
 |                                                    |    max (mb) |
 |                                                    |             |
 |------------------------------------------------------------------|
 |                                                    |             |
 | Les Houches User Process(es)                  9999 |   1.000e-09 |
 |                                                                  |
 *-------  End PYTHIA Process Initialization -----------------------*

 *-------  PYTHIA Multiparton Interactions Initialization  ---------* 
 |                                                                  | 
 |                   sigmaNonDiffractive =    56.42 mb              | 
 |                                                                  | 
 |    pT0 =  2.60 gives sigmaInteraction =   317.96 mb: accepted    | 
 |                                                                  | 
 *-------  End PYTHIA Multiparton Interactions Initialization  -----* 

 *-------  PYTHIA Flag + Mode + Parm + Word + FVec + MVec + PVec + WVec Settings (changes only)  ------------------* 
 |                                                                                                                 | 
 | Name                                          |                      Now |      Default         Min         Max | 
 |                                               |                          |                                      | 
 | Beams:frameType                               |                        4 |            1           1           5 | 
 | Beams:LHEF                                    | /uscms_data/d3/iturkmen/hh4b_delphes/mg5/TTbb_smoke/Events/run_ttbb_50k_004/unweighted_events.lhe |         void | 
 | Check:event                                   |                      off |           on                         | 
 | Next:numberCount                              |                       10 |         1000           0             | 
 | Next:numberShowEvent                          |                        0 |            1           0             | 
 | Next:numberShowInfo                           |                        0 |            1           0             | 
 | Next:numberShowProcess                        |                        0 |            1           0             | 
 |                                                                                                                 | 
 *-------  End PYTHIA Flag + Mode + Parm + Word + FVec + MVec + PVec + WVec Settings  -----------------------------* 

 --------  PYTHIA Particle Data Table (changed only)  ------------------------------------------------------------------------------
 
      id   name            antiName         spn chg col      m0        mWidth      mMin       mMax       tau0    res dec ext vis wid
             no onMode   bRatio   meMode     products 

       6  t                tbar               2   2   1  173.00000    1.35678  166.40000  179.60000  1.45438e-13   1   1   0   1   0
              0     1   0.0000664    0       24        1 
              1     1   0.0017361    0       24        3 
              2     1   0.9981975    0       24        5 
              3     0   0.0000000    0       37        5 

      25  h0                                  1   0   0  125.00000    0.00408  124.96809  125.03191  4.83238e-11   1   1   0   0   0
              0     1   0.0000009    0        1       -1 
              1     1   0.0000002    0        2       -2 
              2     1   0.0002163    0        3       -3 
              3     1   0.0288493    0        4       -4 
              4     1   0.5768873    0        5       -5 
              5     1   0.0000000    0        6       -6 
              6     1   0.0000000    0       11      -11 
              7     1   0.0002185    0       13      -13 
              8     1   0.0628569    0       15      -15 
              9     1   0.0850383    0       21       21 
             10     1   0.0022965    0       22       22 
             11     1   0.0016155    0       22       23 
             12     1   0.0261758    0       23       23 
             13     1   0.2158445    0       24      -24 
             14     1   0.0000000  103  1000022  1000022 
             15     1   0.0000000  103  1000023  1000022 
             16     1   0.0000000  103  1000023  1000023 
             17     1   0.0000000  103  1000025  1000022 
             18     1   0.0000000  103  1000025  1000023 
             19     1   0.0000000  103  1000025  1000025 
             20     1   0.0000000  103  1000035  1000022 
             21     1   0.0000000  103  1000035  1000023 
             22     1   0.0000000  103  1000035  1000025 
             23     1   0.0000000  103  1000035  1000035 
             24     1   0.0000000  103  1000024 -1000024 
             25     1   0.0000000  103  1000024 -1000037 
             26     1   0.0000000  103  1000037 -1000024 
             27     1   0.0000000  103  1000037 -1000037 
             28     1   0.0000000  103  1000001 -1000001 
             29     1   0.0000000  103  2000001 -2000001 
             30     1   0.0000000  103  1000001 -2000001 
             31     1   0.0000000  103 -1000001  2000001 
             32     1   0.0000000  103  1000002 -1000002 
             33     1   0.0000000  103  2000002 -2000002 
             34     1   0.0000000  103  1000002 -2000002 
             35     1   0.0000000  103 -1000002  2000002 
             36     1   0.0000000  103  1000003 -1000003 
             37     1   0.0000000  103  2000003 -2000003 
             38     1   0.0000000  103  1000003 -2000003 
             39     1   0.0000000  103 -1000003  2000003 
             40     1   0.0000000  103  1000004 -1000004 
             41     1   0.0000000  103  2000004 -2000004 
             42     1   0.0000000  103  1000004 -2000004 
             43     1   0.0000000  103 -1000004  2000004 
             44     1   0.0000000  103  1000005 -1000005 
             45     1   0.0000000  103  2000005 -2000005 
             46     1   0.0000000  103  1000005 -2000005 
             47     1   0.0000000  103 -1000005  2000005 
             48     1   0.0000000  103  1000006 -1000006 
             49     1   0.0000000  103  2000006 -2000006 
             50     1   0.0000000  103  1000006 -2000006 
             51     1   0.0000000  103 -1000006  2000006 
             52     1   0.0000000  103  1000011 -1000011 
             53     1   0.0000000  103  2000011 -2000011 
             54     1   0.0000000  103  1000011 -2000011 
             55     1   0.0000000  103 -1000011  2000011 
             56     1   0.0000000  103  1000012 -1000012 
             57     1   0.0000000  103  2000012 -2000012 
             58     1   0.0000000  103  1000012 -2000012 
             59     1   0.0000000  103 -1000012  2000012 
             60     1   0.0000000  103  1000013 -1000013 
             61     1   0.0000000  103  2000013 -2000013 
             62     1   0.0000000  103  1000013 -2000013 
             63     1   0.0000000  103 -1000013  2000013 
             64     1   0.0000000  103  1000014 -1000014 
             65     1   0.0000000  103  2000014 -2000014 
             66     1   0.0000000  103  1000014 -2000014 
             67     1   0.0000000  103 -1000014  2000014 
             68     1   0.0000000  103  1000015 -1000015 
             69     1   0.0000000  103  2000015 -2000015 
             70     1   0.0000000  103  1000015 -2000015 
             71     1   0.0000000  103 -1000015  2000015 
             72     1   0.0000000  103  1000016 -1000016 
             73     1   0.0000000  103  2000016 -2000016 
             74     1   0.0000000  103  1000016 -2000016 
             75     1   0.0000000  103 -1000016  2000016 

 --------  End PYTHIA Particle Data Table  -----------------------------------------------------------------------------------------


 --------  LHA initialization information  ------------ 

  beam    kind      energy  pdfgrp  pdfset 
     A    2212    6500.000       0  247000
     B    2212    6500.000       0  247000

  Event weighting strategy = -4

  Processes, with strategy-dependent cross section info 
  number      xsec (pb)      xerr (pb)      xmax (pb) 
       1     1.5506e+00     6.5258e-03     1.5506e+00

 --------  End LHA initialization information  -------- 

 --------  LHA event information and listing  ---------------------------------------------------------------------- 

    process =        1    weight =   1.5506e+00     scale =   2.7623e+02 (GeV) 
                        alpha_em =   7.5558e-03    alpha_strong =   1.1474e-01

    Participating Particles 
    no        id stat     mothers     colours      p_x        p_y        p_z         e          m        tau    spin 
     1        21   -1     0     0   504   503      0.000      0.000   1300.187   1300.187      0.000   0.000   1.000
     2        21   -1     0     0   502   504     -0.000     -0.000   -286.794    286.794      0.000   0.000   1.000
     3         6    1     1     2   501     0    161.251   -100.486    593.490    646.596    172.500   0.000   1.000
     4        -6    1     1     2     0   503   -199.027   -177.367    422.680    528.664    172.500   0.000  -1.000
     5         5    1     1     2   502     0    -66.956     10.644     87.526    110.812      4.700   0.000  -1.000
     6        -5    1     1     2     0   501    104.733    267.209    -90.304    300.909      4.700   0.000   1.000

 --------  End LHA event information and listing  ------------------------------------------------------------------ 

 Pythia::next(): 10 events have been generated 

 Pythia::next(): 20 events have been generated 

 Pythia::next(): 30 events have been generated 

 Pythia::next(): 40 events have been generated 

 Pythia::next(): 50 events have been generated 

 Pythia::next(): 60 events have been generated 

 Pythia::next(): 70 events have been generated 
 PYTHIA Error in SimpleSpaceShower::pT2nearThreshold: stuck in loop

 Pythia::next(): 80 events have been generated 

 Pythia::next(): 90 events have been generated 

 Pythia::next(): 100 events have been generated 

 Pythia::next(): 110 events have been generated 

 Pythia::next(): 120 events have been generated 

 Pythia::next(): 130 events have been generated 

 Pythia::next(): 140 events have been generated 

 Pythia::next(): 150 events have been generated 

 Pythia::next(): 160 events have been generated 

 Pythia::next(): 170 events have been generated 

 Pythia::next(): 180 events have been generated 

 Pythia::next(): 190 events have been generated 

 Pythia::next(): 200 events have been generated 

 Pythia::next(): 210 events have been generated 

 Pythia::next(): 220 events have been generated 

 Pythia::next(): 230 events have been generated 

 Pythia::next(): 240 events have been generated 

 Pythia::next(): 250 events have been generated 

 Pythia::next(): 260 events have been generated 

 Pythia::next(): 270 events have been generated 

 Pythia::next(): 280 events have been generated 

 Pythia::next(): 290 events have been generated 

 Pythia::next(): 300 events have been generated 

 Pythia::next(): 310 events have been generated 

 Pythia::next(): 320 events have been generated 

 Pythia::next(): 330 events have been generated 

 Pythia::next(): 340 events have been generated 

 Pythia::next(): 350 events have been generated 

 Pythia::next(): 360 events have been generated 

 Pythia::next(): 370 events have been generated 

 Pythia::next(): 380 events have been generated 

 Pythia::next(): 390 events have been generated 

 Pythia::next(): 400 events have been generated 

 Pythia::next(): 410 events have been generated 

 Pythia::next(): 420 events have been generated 

 Pythia::next(): 430 events have been generated 

 Pythia::next(): 440 events have been generated 

 Pythia::next(): 450 events have been generated 

 Pythia::next(): 460 events have been generated 

 Pythia::next(): 470 events have been generated 

 Pythia::next(): 480 events have been generated 

 Pythia::next(): 490 events have been generated 

 Pythia::next(): 500 events have been generated 

 Pythia::next(): 510 events have been generated 

 Pythia::next(): 520 events have been generated 

 Pythia::next(): 530 events have been generated 

 Pythia::next(): 540 events have been generated 

 Pythia::next(): 550 events have been generated 

 Pythia::next(): 560 events have been generated 

 Pythia::next(): 570 events have been generated 

 Pythia::next(): 580 events have been generated 

 Pythia::next(): 590 events have been generated 

 Pythia::next(): 600 events have been generated 

 Pythia::next(): 610 events have been generated 

 Pythia::next(): 620 events have been generated 

 Pythia::next(): 630 events have been generated 

 Pythia::next(): 640 events have been generated 

 Pythia::next(): 650 events have been generated 

 Pythia::next(): 660 events have been generated 

 Pythia::next(): 670 events have been generated 

 Pythia::next(): 680 events have been generated 

 Pythia::next(): 690 events have been generated 

 Pythia::next(): 700 events have been generated 

 Pythia::next(): 710 events have been generated 

 Pythia::next(): 720 events have been generated 

 Pythia::next(): 730 events have been generated 

 Pythia::next(): 740 events have been generated 

 Pythia::next(): 750 events have been generated 

 Pythia::next(): 760 events have been generated 

 Pythia::next(): 770 events have been generated 

 Pythia::next(): 780 events have been generated 

 Pythia::next(): 790 events have been generated 

 Pythia::next(): 800 events have been generated 

 Pythia::next(): 810 events have been generated 

 Pythia::next(): 820 events have been generated 

 Pythia::next(): 830 events have been generated 

 Pythia::next(): 840 events have been generated 

 Pythia::next(): 850 events have been generated 

 Pythia::next(): 860 events have been generated 

 Pythia::next(): 870 events have been generated 

 Pythia::next(): 880 events have been generated 

 Pythia::next(): 890 events have been generated 

 Pythia::next(): 900 events have been generated 

 Pythia::next(): 910 events have been generated 

 Pythia::next(): 920 events have been generated 

 Pythia::next(): 930 events have been generated 

 Pythia::next(): 940 events have been generated 

 Pythia::next(): 950 events have been generated 

 Pythia::next(): 960 events have been generated 

 Pythia::next(): 970 events have been generated 

 Pythia::next(): 980 events have been generated 

 Pythia::next(): 990 events have been generated 

 Pythia::next(): 1000 events have been generated 

 Pythia::next(): 1010 events have been generated 

 Pythia::next(): 1020 events have been generated 

 Pythia::next(): 1030 events have been generated 

 Pythia::next(): 1040 events have been generated 

 Pythia::next(): 1050 events have been generated 

 Pythia::next(): 1060 events have been generated 

 Pythia::next(): 1070 events have been generated 

 Pythia::next(): 1080 events have been generated 

 Pythia::next(): 1090 events have been generated 

 Pythia::next(): 1100 events have been generated 

 Pythia::next(): 1110 events have been generated 

 Pythia::next(): 1120 events have been generated 

 Pythia::next(): 1130 events have been generated 

 Pythia::next(): 1140 events have been generated 

 Pythia::next(): 1150 events have been generated 

 Pythia::next(): 1160 events have been generated 

 Pythia::next(): 1170 events have been generated 

 Pythia::next(): 1180 events have been generated 

 Pythia::next(): 1190 events have been generated 

 Pythia::next(): 1200 events have been generated 

 Pythia::next(): 1210 events have been generated 

 Pythia::next(): 1220 events have been generated 

 Pythia::next(): 1230 events have been generated 

 Pythia::next(): 1240 events have been generated 

 Pythia::next(): 1250 events have been generated 

 Pythia::next(): 1260 events have been generated 

 Pythia::next(): 1270 events have been generated 

 Pythia::next(): 1280 events have been generated 

 Pythia::next(): 1290 events have been generated 

 Pythia::next(): 1300 events have been generated 

 Pythia::next(): 1310 events have been generated 

 Pythia::next(): 1320 events have been generated 

 Pythia::next(): 1330 events have been generated 

 Pythia::next(): 1340 events have been generated 

 Pythia::next(): 1350 events have been generated 

 Pythia::next(): 1360 events have been generated 

 Pythia::next(): 1370 events have been generated 

 Pythia::next(): 1380 events have been generated 

 Pythia::next(): 1390 events have been generated 

 Pythia::next(): 1400 events have been generated 

 Pythia::next(): 1410 events have been generated 

 Pythia::next(): 1420 events have been generated 

 Pythia::next(): 1430 events have been generated 

 Pythia::next(): 1440 events have been generated 

 Pythia::next(): 1450 events have been generated 

 Pythia::next(): 1460 events have been generated 

 Pythia::next(): 1470 events have been generated 

 Pythia::next(): 1480 events have been generated 

 Pythia::next(): 1490 events have been generated 

 Pythia::next(): 1500 events have been generated 

 Pythia::next(): 1510 events have been generated 

 Pythia::next(): 1520 events have been generated 

 Pythia::next(): 1530 events have been generated 

 Pythia::next(): 1540 events have been generated 

 Pythia::next(): 1550 events have been generated 

 Pythia::next(): 1560 events have been generated 

 Pythia::next(): 1570 events have been generated 

 Pythia::next(): 1580 events have been generated 

 Pythia::next(): 1590 events have been generated 

 Pythia::next(): 1600 events have been generated 

 Pythia::next(): 1610 events have been generated 

 Pythia::next(): 1620 events have been generated 

 Pythia::next(): 1630 events have been generated 

 Pythia::next(): 1640 events have been generated 

 Pythia::next(): 1650 events have been generated 

 Pythia::next(): 1660 events have been generated 

 Pythia::next(): 1670 events have been generated 

 Pythia::next(): 1680 events have been generated 

 Pythia::next(): 1690 events have been generated 

 Pythia::next(): 1700 events have been generated 

 Pythia::next(): 1710 events have been generated 

 Pythia::next(): 1720 events have been generated 

 Pythia::next(): 1730 events have been generated 

 Pythia::next(): 1740 events have been generated 

 Pythia::next(): 1750 events have been generated 

 Pythia::next(): 1760 events have been generated 

 Pythia::next(): 1770 events have been generated 

 Pythia::next(): 1780 events have been generated 

 Pythia::next(): 1790 events have been generated 

 Pythia::next(): 1800 events have been generated 

 Pythia::next(): 1810 events have been generated 

 Pythia::next(): 1820 events have been generated 

 Pythia::next(): 1830 events have been generated 

 Pythia::next(): 1840 events have been generated 

 Pythia::next(): 1850 events have been generated 

 Pythia::next(): 1860 events have been generated 

 Pythia::next(): 1870 events have been generated 

 Pythia::next(): 1880 events have been generated 

 Pythia::next(): 1890 events have been generated 

 Pythia::next(): 1900 events have been generated 

 Pythia::next(): 1910 events have been generated 

 Pythia::next(): 1920 events have been generated 

 Pythia::next(): 1930 events have been generated 

 Pythia::next(): 1940 events have been generated 

 Pythia::next(): 1950 events have been generated 

 Pythia::next(): 1960 events have been generated 

 Pythia::next(): 1970 events have been generated 

 Pythia::next(): 1980 events have been generated 

 Pythia::next(): 1990 events have been generated 

 Pythia::next(): 2000 events have been generated 

 Pythia::next(): 2010 events have been generated 

 Pythia::next(): 2020 events have been generated 

 Pythia::next(): 2030 events have been generated 

 Pythia::next(): 2040 events have been generated 

 Pythia::next(): 2050 events have been generated 

 Pythia::next(): 2060 events have been generated 

 Pythia::next(): 2070 events have been generated 

 Pythia::next(): 2080 events have been generated 

 Pythia::next(): 2090 events have been generated 

 Pythia::next(): 2100 events have been generated 

 Pythia::next(): 2110 events have been generated 
 PYTHIA Warning in SimpleTimeShower::pTnext: negative dipole mass

 Pythia::next(): 2120 events have been generated 

 Pythia::next(): 2130 events have been generated 

 Pythia::next(): 2140 events have been generated 

 Pythia::next(): 2150 events have been generated 

 Pythia::next(): 2160 events have been generated 

 Pythia::next(): 2170 events have been generated 

 Pythia::next(): 2180 events have been generated 

 Pythia::next(): 2190 events have been generated 

 Pythia::next(): 2200 events have been generated 

 Pythia::next(): 2210 events have been generated 

 Pythia::next(): 2220 events have been generated 

 Pythia::next(): 2230 events have been generated 

 Pythia::next(): 2240 events have been generated 

 Pythia::next(): 2250 events have been generated 

 Pythia::next(): 2260 events have been generated 

 Pythia::next(): 2270 events have been generated 

 Pythia::next(): 2280 events have been generated 

 Pythia::next(): 2290 events have been generated 

 Pythia::next(): 2300 events have been generated 

 Pythia::next(): 2310 events have been generated 

 Pythia::next(): 2320 events have been generated 

 Pythia::next(): 2330 events have been generated 

 Pythia::next(): 2340 events have been generated 

 Pythia::next(): 2350 events have been generated 

 Pythia::next(): 2360 events have been generated 

 Pythia::next(): 2370 events have been generated 

 Pythia::next(): 2380 events have been generated 

 Pythia::next(): 2390 events have been generated 

 Pythia::next(): 2400 events have been generated 

 Pythia::next(): 2410 events have been generated 

 Pythia::next(): 2420 events have been generated 

 Pythia::next(): 2430 events have been generated 

 Pythia::next(): 2440 events have been generated 

 Pythia::next(): 2450 events have been generated 

 Pythia::next(): 2460 events have been generated 

 Pythia::next(): 2470 events have been generated 

 Pythia::next(): 2480 events have been generated 

 Pythia::next(): 2490 events have been generated 

 Pythia::next(): 2500 events have been generated 

 Pythia::next(): 2510 events have been generated 

 Pythia::next(): 2520 events have been generated 

 Pythia::next(): 2530 events have been generated 

 Pythia::next(): 2540 events have been generated 

 Pythia::next(): 2550 events have been generated 

 Pythia::next(): 2560 events have been generated 

 Pythia::next(): 2570 events have been generated 

 Pythia::next(): 2580 events have been generated 

 Pythia::next(): 2590 events have been generated 

 Pythia::next(): 2600 events have been generated 

 Pythia::next(): 2610 events have been generated 

 Pythia::next(): 2620 events have been generated 

 Pythia::next(): 2630 events have been generated 

 Pythia::next(): 2640 events have been generated 

 Pythia::next(): 2650 events have been generated 

 Pythia::next(): 2660 events have been generated 

 Pythia::next(): 2670 events have been generated 

 Pythia::next(): 2680 events have been generated 

 Pythia::next(): 2690 events have been generated 

 Pythia::next(): 2700 events have been generated 

 Pythia::next(): 2710 events have been generated 

 Pythia::next(): 2720 events have been generated 

 Pythia::next(): 2730 events have been generated 

 Pythia::next(): 2740 events have been generated 

 Pythia::next(): 2750 events have been generated 

 Pythia::next(): 2760 events have been generated 

 Pythia::next(): 2770 events have been generated 

 Pythia::next(): 2780 events have been generated 

 Pythia::next(): 2790 events have been generated 

 Pythia::next(): 2800 events have been generated 

 Pythia::next(): 2810 events have been generated 

 Pythia::next(): 2820 events have been generated 

 Pythia::next(): 2830 events have been generated 

 Pythia::next(): 2840 events have been generated 

 Pythia::next(): 2850 events have been generated 

 Pythia::next(): 2860 events have been generated 

 Pythia::next(): 2870 events have been generated 

 Pythia::next(): 2880 events have been generated 

 Pythia::next(): 2890 events have been generated 

 Pythia::next(): 2900 events have been generated 

 Pythia::next(): 2910 events have been generated 

 Pythia::next(): 2920 events have been generated 

 Pythia::next(): 2930 events have been generated 

 Pythia::next(): 2940 events have been generated 

 Pythia::next(): 2950 events have been generated 

 Pythia::next(): 2960 events have been generated 

 Pythia::next(): 2970 events have been generated 

 Pythia::next(): 2980 events have been generated 

 Pythia::next(): 2990 events have been generated 

 Pythia::next(): 3000 events have been generated 

 Pythia::next(): 3010 events have been generated 

 Pythia::next(): 3020 events have been generated 

 Pythia::next(): 3030 events have been generated 

 Pythia::next(): 3040 events have been generated 

 Pythia::next(): 3050 events have been generated 

 Pythia::next(): 3060 events have been generated 

 Pythia::next(): 3070 events have been generated 

 Pythia::next(): 3080 events have been generated 

 Pythia::next(): 3090 events have been generated 

 Pythia::next(): 3100 events have been generated 

 Pythia::next(): 3110 events have been generated 

 Pythia::next(): 3120 events have been generated 

 Pythia::next(): 3130 events have been generated 

 Pythia::next(): 3140 events have been generated 

 Pythia::next(): 3150 events have been generated 

 Pythia::next(): 3160 events have been generated 

 Pythia::next(): 3170 events have been generated 

 Pythia::next(): 3180 events have been generated 

 Pythia::next(): 3190 events have been generated 

 Pythia::next(): 3200 events have been generated 

 Pythia::next(): 3210 events have been generated 

 Pythia::next(): 3220 events have been generated 

 Pythia::next(): 3230 events have been generated 

 Pythia::next(): 3240 events have been generated 

 Pythia::next(): 3250 events have been generated 

 Pythia::next(): 3260 events have been generated 

 Pythia::next(): 3270 events have been generated 

 Pythia::next(): 3280 events have been generated 

 Pythia::next(): 3290 events have been generated 

 Pythia::next(): 3300 events have been generated 

 Pythia::next(): 3310 events have been generated 

 Pythia::next(): 3320 events have been generated 

 Pythia::next(): 3330 events have been generated 

 Pythia::next(): 3340 events have been generated 

 Pythia::next(): 3350 events have been generated 

 Pythia::next(): 3360 events have been generated 

 Pythia::next(): 3370 events have been generated 

 Pythia::next(): 3380 events have been generated 

 Pythia::next(): 3390 events have been generated 

 Pythia::next(): 3400 events have been generated 

 Pythia::next(): 3410 events have been generated 

 Pythia::next(): 3420 events have been generated 

 Pythia::next(): 3430 events have been generated 

 Pythia::next(): 3440 events have been generated 

 Pythia::next(): 3450 events have been generated 

 Pythia::next(): 3460 events have been generated 

 Pythia::next(): 3470 events have been generated 

 Pythia::next(): 3480 events have been generated 

 Pythia::next(): 3490 events have been generated 

 Pythia::next(): 3500 events have been generated 

 Pythia::next(): 3510 events have been generated 

 Pythia::next(): 3520 events have been generated 

 Pythia::next(): 3530 events have been generated 

 Pythia::next(): 3540 events have been generated 

 Pythia::next(): 3550 events have been generated 

 Pythia::next(): 3560 events have been generated 

 Pythia::next(): 3570 events have been generated 

 Pythia::next(): 3580 events have been generated 

 Pythia::next(): 3590 events have been generated 

 Pythia::next(): 3600 events have been generated 

 Pythia::next(): 3610 events have been generated 

 Pythia::next(): 3620 events have been generated 

 Pythia::next(): 3630 events have been generated 

 Pythia::next(): 3640 events have been generated 

 Pythia::next(): 3650 events have been generated 

 Pythia::next(): 3660 events have been generated 

 Pythia::next(): 3670 events have been generated 

 Pythia::next(): 3680 events have been generated 

 Pythia::next(): 3690 events have been generated 

 Pythia::next(): 3700 events have been generated 

 Pythia::next(): 3710 events have been generated 

 Pythia::next(): 3720 events have been generated 

 Pythia::next(): 3730 events have been generated 

 Pythia::next(): 3740 events have been generated 

 Pythia::next(): 3750 events have been generated 

 Pythia::next(): 3760 events have been generated 

 Pythia::next(): 3770 events have been generated 

 Pythia::next(): 3780 events have been generated 

 Pythia::next(): 3790 events have been generated 

 Pythia::next(): 3800 events have been generated 

 Pythia::next(): 3810 events have been generated 

 Pythia::next(): 3820 events have been generated 

 Pythia::next(): 3830 events have been generated 

 Pythia::next(): 3840 events have been generated 

 Pythia::next(): 3850 events have been generated 

 Pythia::next(): 3860 events have been generated 

 Pythia::next(): 3870 events have been generated 

 Pythia::next(): 3880 events have been generated 

 Pythia::next(): 3890 events have been generated 

 Pythia::next(): 3900 events have been generated 

 Pythia::next(): 3910 events have been generated 

 Pythia::next(): 3920 events have been generated 

 Pythia::next(): 3930 events have been generated 

 Pythia::next(): 3940 events have been generated 

 Pythia::next(): 3950 events have been generated 

 Pythia::next(): 3960 events have been generated 

 Pythia::next(): 3970 events have been generated 

 Pythia::next(): 3980 events have been generated 

 Pythia::next(): 3990 events have been generated 

 Pythia::next(): 4000 events have been generated 

 Pythia::next(): 4010 events have been generated 

 Pythia::next(): 4020 events have been generated 

 Pythia::next(): 4030 events have been generated 

 Pythia::next(): 4040 events have been generated 

 Pythia::next(): 4050 events have been generated 

 Pythia::next(): 4060 events have been generated 

 Pythia::next(): 4070 events have been generated 

 Pythia::next(): 4080 events have been generated 

 Pythia::next(): 4090 events have been generated 

 Pythia::next(): 4100 events have been generated 

 Pythia::next(): 4110 events have been generated 

 Pythia::next(): 4120 events have been generated 

 Pythia::next(): 4130 events have been generated 

 Pythia::next(): 4140 events have been generated 

 Pythia::next(): 4150 events have been generated 

 Pythia::next(): 4160 events have been generated 

 Pythia::next(): 4170 events have been generated 

 Pythia::next(): 4180 events have been generated 

 Pythia::next(): 4190 events have been generated 

 Pythia::next(): 4200 events have been generated 

 Pythia::next(): 4210 events have been generated 

 Pythia::next(): 4220 events have been generated 

 Pythia::next(): 4230 events have been generated 

 Pythia::next(): 4240 events have been generated 

 Pythia::next(): 4250 events have been generated 

 Pythia::next(): 4260 events have been generated 

 Pythia::next(): 4270 events have been generated 

 Pythia::next(): 4280 events have been generated 

 Pythia::next(): 4290 events have been generated 

 Pythia::next(): 4300 events have been generated 

 Pythia::next(): 4310 events have been generated 

 Pythia::next(): 4320 events have been generated 

 Pythia::next(): 4330 events have been generated 

 Pythia::next(): 4340 events have been generated 

 Pythia::next(): 4350 events have been generated 

 Pythia::next(): 4360 events have been generated 

 Pythia::next(): 4370 events have been generated 

 Pythia::next(): 4380 events have been generated 

 Pythia::next(): 4390 events have been generated 

 Pythia::next(): 4400 events have been generated 

 Pythia::next(): 4410 events have been generated 

 Pythia::next(): 4420 events have been generated 

 Pythia::next(): 4430 events have been generated 

 Pythia::next(): 4440 events have been generated 

 Pythia::next(): 4450 events have been generated 

 Pythia::next(): 4460 events have been generated 

 Pythia::next(): 4470 events have been generated 

 Pythia::next(): 4480 events have been generated 

 Pythia::next(): 4490 events have been generated 

 Pythia::next(): 4500 events have been generated 

 Pythia::next(): 4510 events have been generated 

 Pythia::next(): 4520 events have been generated 

 Pythia::next(): 4530 events have been generated 

 Pythia::next(): 4540 events have been generated 

 Pythia::next(): 4550 events have been generated 

 Pythia::next(): 4560 events have been generated 

 Pythia::next(): 4570 events have been generated 

 Pythia::next(): 4580 events have been generated 

 Pythia::next(): 4590 events have been generated 

 Pythia::next(): 4600 events have been generated 

 Pythia::next(): 4610 events have been generated 

 Pythia::next(): 4620 events have been generated 

 Pythia::next(): 4630 events have been generated 

 Pythia::next(): 4640 events have been generated 

 Pythia::next(): 4650 events have been generated 

 Pythia::next(): 4660 events have been generated 

 Pythia::next(): 4670 events have been generated 

 Pythia::next(): 4680 events have been generated 

 Pythia::next(): 4690 events have been generated 

 Pythia::next(): 4700 events have been generated 

 Pythia::next(): 4710 events have been generated 

 Pythia::next(): 4720 events have been generated 

 Pythia::next(): 4730 events have been generated 

 Pythia::next(): 4740 events have been generated 

 Pythia::next(): 4750 events have been generated 

 Pythia::next(): 4760 events have been generated 

 Pythia::next(): 4770 events have been generated 

 Pythia::next(): 4780 events have been generated 

 Pythia::next(): 4790 events have been generated 

 Pythia::next(): 4800 events have been generated 

 Pythia::next(): 4810 events have been generated 

 Pythia::next(): 4820 events have been generated 

 Pythia::next(): 4830 events have been generated 

 Pythia::next(): 4840 events have been generated 

 Pythia::next(): 4850 events have been generated 

 Pythia::next(): 4860 events have been generated 

 Pythia::next(): 4870 events have been generated 

 Pythia::next(): 4880 events have been generated 

 Pythia::next(): 4890 events have been generated 

 Pythia::next(): 4900 events have been generated 

 Pythia::next(): 4910 events have been generated 

 Pythia::next(): 4920 events have been generated 

 Pythia::next(): 4930 events have been generated 

 Pythia::next(): 4940 events have been generated 

 Pythia::next(): 4950 events have been generated 

 Pythia::next(): 4960 events have been generated 

 Pythia::next(): 4970 events have been generated 

 Pythia::next(): 4980 events have been generated 

 Pythia::next(): 4990 events have been generated 

 *-------  PYTHIA Event and Cross Section Statistics  -------------------------------------------------------------*
 |                                                                                                                 |
 | Subprocess                                    Code |            Number of events       |      sigma +- delta    |
 |                                                    |       Tried   Selected   Accepted |     (estimated) (mb)   |
 |                                                    |                                   |                        |
 |-----------------------------------------------------------------------------------------------------------------|
 |                                                    |                                   |                        |
 | Les Houches User Process(es)                  9999 |        5000       5000       5000 |   1.551e-09  0.000e+00 |
 |    ... whereof user classification code          1 |        5000       5000       5000 |                        | 
 |                                                    |                                   |                        |
 | sum                                                |        5000       5000       5000 |   1.551e-09  0.000e+00 |
 |                                                                                                                 |
 *-------  End PYTHIA Event and Cross Section Statistics ----------------------------------------------------------*

 *-------  PYTHIA Error and Warning Messages Statistics  ----------------------------------------------------------* 
 |                                                                                                                 | 
 |  times   message                                                                                                | 
 |                                                                                                                 | 
 |      2   Error in SimpleSpaceShower::pT2nearThreshold: stuck in loop                                            | 
 |      1   Warning in SLHAinterface::initSLHA: ignoring DECAY tables                                              | 
 |      1   Warning in SLHAinterface::initSLHA: ignoring MASS entries                                              | 
 |      1   Warning in SLHAinterface::initSLHA: ignoring empty DECAY tables                                        | 
 |      3   Warning in SimpleTimeShower::pTnext: negative dipole mass                                              | 
 |      1   Info from SLHAinterface::initSLHA: No MODSEL found, keeping internal SUSY switched off                 | 
 |                                                                                                                 | 
 *-------  End PYTHIA Error and Warning Messages Statistics  ------------------------------------------------------* 
Wrote 5000 events to /uscms_data/d3/iturkmen/hh4b_delphes/hepmc/ttbb_50k_shard004_pythia8.hepmc
** INFO: initializing module  Delphes                  
** INFO: initializing module  ParticlePropagator       
** INFO: initializing module  ChargedHadronTrackingEfficiency
** INFO: initializing module  ElectronTrackingEfficiency
** INFO: initializing module  MuonTrackingEfficiency   
** INFO: initializing module  ChargedHadronMomentumSmearing
** INFO: initializing module  ElectronMomentumSmearing 
** INFO: initializing module  MuonMomentumSmearing     
** INFO: initializing module  TrackMerger              
** INFO: initializing module  ECal                     
** INFO: initializing module  HCal                     
** INFO: initializing module  Calorimeter              
** INFO: initializing module  EFlowMerger              
** INFO: initializing module  EFlowFilter              
** INFO: initializing module  PhotonEfficiency         
** INFO: initializing module  PhotonIsolation          
** INFO: initializing module  ElectronFilter           
** INFO: initializing module  ElectronEfficiency       
** INFO: initializing module  ElectronIsolation        
** INFO: initializing module  ChargedHadronFilter      
** INFO: initializing module  MuonEfficiency           
** INFO: initializing module  MuonIsolation            
** INFO: initializing module  MissingET                
** INFO: initializing module  NeutrinoFilter           
** INFO: initializing module  GenJetFinder             
#--------------------------------------------------------------------------
#                         FastJet release 3.5.1
#                 M. Cacciari, G.P. Salam and G. Soyez                  
#     A software package for jet finding and analysis at colliders      
#                           https://fastjet.fr                           
#	                                                                      
# Please cite EPJC72(2012)1896 [arXiv:1111.6097] if you use this package
# for scientific work and optionally PLB641(2006)57 [hep-ph/0512210].   
#                                                                       
# FastJet is provided without warranty under the GNU GPL v2 or higher.  
# It uses T. Chan's closest pair algorithm, S. Fortune's Voronoi code
# and 3rd party plugin jet algorithms. See COPYING file for details.
#--------------------------------------------------------------------------
** INFO: initializing module  GenMissingET             
** INFO: initializing module  FastJetFinder            
** INFO: initializing module  FatJetFinder             
** INFO: initializing module  JetEnergyScale           
** INFO: initializing module  JetFlavorAssociation     
** INFO: initializing module  BTagging                 
** INFO: initializing module  TauTagging               
** INFO: initializing module  UniqueObjectFinder       
** INFO: initializing module  ScalarHT                 
** INFO: initializing module  TreeWriter               
** Reading /uscms_data/d3/iturkmen/hh4b_delphes/hepmc/ttbb_50k_shard004_pythia8.hepmc
** [----------------------------------------------------------------] (0.03%)** [#---------------------------------------------------------------] (2.32%)** [##--------------------------------------------------------------] (3.30%)** [###-------------------------------------------------------------] (5.63%)** [####------------------------------------------------------------] (6.45%)** [#####-----------------------------------------------------------] (8.03%)** [######----------------------------------------------------------] (9.61%)** [#######---------------------------------------------------------] (11.53%)** [########--------------------------------------------------------] (12.77%)** [#########-------------------------------------------------------] (14.09%)** [##########------------------------------------------------------] (16.52%)** [###########-----------------------------------------------------] (17.86%)** [############----------------------------------------------------] (19.03%)** [#############---------------------------------------------------] (20.52%)** [##############--------------------------------------------------] (22.09%)** [###############-------------------------------------------------] (24.22%)** [################------------------------------------------------] (25.18%)** [#################-----------------------------------------------] (26.67%)** [##################----------------------------------------------] (28.22%)** [###################---------------------------------------------] (30.33%)** [####################--------------------------------------------] (31.64%)** [#####################-------------------------------------------] (33.04%)** [######################------------------------------------------] (34.72%)** [#######################-----------------------------------------] (36.01%)** [########################----------------------------------------] (37.63%)** [#########################---------------------------------------] (39.36%)** [##########################--------------------------------------] (40.73%)** [###########################-------------------------------------] (43.23%)** [############################------------------------------------] (44.21%)** [#############################-----------------------------------] (45.68%)** [##############################----------------------------------] (47.17%)** [###############################---------------------------------] (49.43%)** [################################--------------------------------] (50.55%)** [#################################-------------------------------] (52.07%)** [##################################------------------------------] (53.54%)** [###################################-----------------------------] (55.61%)** [####################################----------------------------] (56.79%)** [#####################################---------------------------] (58.09%)** [######################################--------------------------] (59.57%)** [#######################################-------------------------] (61.80%)** [########################################------------------------] (62.91%)** [#########################################-----------------------] (64.34%)** [##########################################----------------------] (65.80%)** [###########################################---------------------] (68.12%)** [############################################--------------------] (69.10%)** [#############################################-------------------] (70.55%)** [##############################################------------------] (71.94%)** [###############################################-----------------] (74.24%)** [################################################----------------] (75.27%)** [#################################################---------------] (76.63%)** [##################################################--------------] (79.04%)** [###################################################-------------] (80.41%)** [####################################################------------] (81.49%)** [#####################################################-----------] (82.89%)** [######################################################----------] (85.25%)** [#######################################################---------] (86.61%)** [########################################################--------] (87.71%)** [#########################################################-------] (89.18%)** [##########################################################------] (91.48%)** [###########################################################-----] (92.88%)** [############################################################----] (93.97%)** [#############################################################---] (95.40%)** [##############################################################--] (97.77%)** [###############################################################-] (99.22%)** [################################################################] (100.00%)
** Exiting...
FILE: /uscms_data/d3/iturkmen/hh4b_delphes/root/ttbb_50k_shard004_pythia8_delphes.root

KEYS:
  ProcessID0;1
  Delphes;1

TREE: Delphes
ENTRIES: 5000

OBJECT CHECK:
  Event: OK
  Particle: OK
  Jet: OK
  GenJet: OK
  MissingET: OK
  GenMissingET: OK
  Electron: OK
  Muon: OK

SIZE BRANCHES:
  Event_size
  Weight_size
  Particle_size
  Track_size
  Tower_size
  EFlowTrack_size
  EFlowPhoton_size
  EFlowNeutralHadron_size
  GenJet_size
  GenMissingET_size
  Jet_size
  Electron_size
  Photon_size
  Muon_size
  FatJet_size
  MissingET_size
  ScalarHT_size
Input: /uscms_data/d3/iturkmen/hh4b_delphes/root/ttbb_50k_shard004_pythia8_delphes.root
Events: 5000

      event  n_higgs_particles  ...  n_genjets_flavor5  n_genjets_btag
0         0                  0  ...                  0               0
1         1                  0  ...                  0               0
2         2                  0  ...                  0               0
3         3                  0  ...                  0               0
4         4                  0  ...                  0               0
...     ...                ...  ...                ...             ...
4995   4995                  0  ...                  0               0
4996   4996                  0  ...                  0               0
4997   4997                  0  ...                  0               0
4998   4998                  0  ...                  0               0
4999   4999                  0  ...                  0               0

[5000 rows x 15 columns]

Column sums:
  n_higgs_particles: 0
  n_b_particles: 163553
  n_status1_b_particles: 0
  n_jets: 36967
  n_jets_pt30_eta25: 29346
  n_jets_flavor5: 17581
  n_jets_flavoralgo5: 0
  n_jets_flavorphys5: 0
  n_btagged_jets: 12214
  n_btagged_jets_pt30_eta25: 11263
  n_genjets: 39824
  n_genjets_pt30_eta25: 30050
  n_genjets_flavor5: 0
  n_genjets_btag: 0

Events with >=4 reconstructed jets: 4645
Events with >=4 reconstructed b-tagged jets: 608
Events with >=4 jet FlavorPhys b jets: 0
Events with >=4 generator-level b particles: 5000

Wrote: /uscms_data/d3/iturkmen/hh4b_delphes/metadata/ttbb_50k_shard004_diagnostic.csv
Wrote: /uscms_data/d3/iturkmen/hh4b_delphes/parquet/ttbb_50k_shard004_event_summary.parquet
                 sample  event  event_weight  ...  n_muon  ht_pt30_eta25         met
0     ttbb_50k_shard004      0      1.550559  ...       0     737.581726   98.920464
1     ttbb_50k_shard004      1      1.550559  ...       1     363.928925  104.310501
2     ttbb_50k_shard004      2      1.550559  ...       0     674.384399   59.932560
3     ttbb_50k_shard004      3      1.550559  ...       1     439.210510   38.851921
4     ttbb_50k_shard004      4      1.550559  ...       0     694.066711    7.045553
...                 ...    ...           ...  ...     ...            ...         ...
4995  ttbb_50k_shard004   4995      1.550559  ...       0     313.226990   73.480316
4996  ttbb_50k_shard004   4996      1.550559  ...       0     959.860352   31.749908
4997  ttbb_50k_shard004   4997      1.550559  ...       0     247.664124   25.229786
4998  ttbb_50k_shard004   4998      1.550559  ...       0     836.302124   55.121925
4999  ttbb_50k_shard004   4999      1.550559  ...       0     313.422241   16.450264

[5000 rows x 13 columns]

Selection counts:
  events: 5000
  events with >=4 selected jets: 4645
  events with >=4 selected b-tagged jets: 608
DONE: ttbb_50k_shard004
ROOT: /uscms_data/d3/iturkmen/hh4b_delphes/root/ttbb_50k_shard004_pythia8_delphes.root
HEPMC: /uscms_data/d3/iturkmen/hh4b_delphes/hepmc/ttbb_50k_shard004_pythia8.hepmc
PARQUET: /uscms_data/d3/iturkmen/hh4b_delphes/parquet/ttbb_50k_shard004_event_summary.parquet
DIAGNOSTIC: /uscms_data/d3/iturkmen/hh4b_delphes/metadata/ttbb_50k_shard004_diagnostic.csv
Input events: 5000
Events with >=4 selected b-tagged jets: 608
Wrote: /uscms_data/d3/iturkmen/hh4b_delphes/parquet/ttbb_50k_shard004_hh4b_candidates.parquet

             mbb1        mbb2  ...          mhh  n_selected_bjets
count  608.000000  608.000000  ...   608.000000        608.000000
mean   176.276521  146.834547  ...   560.507759          4.184211
std     90.747541   79.404759  ...   280.123779          0.408655
min     37.261259   29.978545  ...   159.616723          4.000000
25%    116.637978  103.834405  ...   365.952705          4.000000
50%    149.630348  129.125895  ...   491.765046          4.000000
75%    212.857746  168.077797  ...   674.994261          4.000000
max    631.007939  704.705669  ...  2000.238667          6.000000

[8 rows x 6 columns]
sample: ttbb_50k_shard004
events: 5000
candidate rows: 608
cross-section median pb: 1.550559401512146
events with >=4 selected jets: 4645
events with >=4 selected b-tagged jets: 608
median mbb1: 149.63034766144295
median mbb2: 129.12589464266412
median avg_mbb: 144.90226520449315
median delta_mbb: 53.20360989709149
median mhh: 491.76504630244517
median n_selected_bjets: 4.0
Wrote: /uscms_data/d3/iturkmen/hh4b_delphes/metadata/ttbb_50k_shard004_summary.txt
DONE ttbb_50k_shard004
Finished shard 004

============================================================
Starting shard 005 / campaign ttbb_50k
TAG=ttbb_50k_shard005
RUN_NAME=run_ttbb_50k_005
SEED=107005
============================================================
PROCESS_DIR=/uscms_data/d3/iturkmen/hh4b_delphes/mg5/TTbb_smoke
RUN_NAME=run_ttbb_50k_005
N_EVENTS=5000
SEED=107005
OUTPUT_TAG=ttbb_50k_shard005
APPLY_B_CUTS=yes
Updated run card:
 5000 = nevents ! Number of unweighted events
 107005 = iseed ! Random seed
 25.0 = ptb ! minimum pt for b quarks
  -1.0	= ptbmax ! maximum pt for the b
 2.7 = etab ! maximum eta for b quarks
  0.0	= etabmin ! min rap for the b
 0.4 = drbb ! minimum deltaR between b quarks
  -1.0	= drbbmax ! max distance between b's
  0.0	= xptb ! minimum pt for at least one b 
 0.4 = drbj ! minimum deltaR between b and light jets
 20.0 = ptj ! minimum pt for jets
 5.0 = etaj ! maximum eta for jets
************************************************************
*                                                          *
*                      W E L C O M E to                    *
*             M A D G R A P H 5 _ a M C @ N L O            *
*                      M A D E V E N T                     *
*                                                          *
*                 *                       *                *
*                   *        * *        *                  *
*                     * * * * 5 * * * *                    *
*                   *        * *        *                  *
*                 *                       *                *
*                                                          *
*         VERSION 3.5.3                                    *
*                                                          *
*    The MadGraph5_aMC@NLO Development Team - Find us at   *
*    https://server06.fynu.ucl.ac.be/projects/madgraph     *
*                                                          *
*               Type 'help' for in-line help.              *
*                                                          *
************************************************************
INFO: load configuration from /uscms_data/d3/iturkmen/hh4b_delphes/mg5/TTbb_smoke/Cards/me5_configuration.txt  
INFO: load configuration from /cvmfs/sft.cern.ch/lcg/releases/MCGenerators/madgraph5amc/3.5.3.atlas7-2c347/x86_64-el9-gcc13-opt/input/mg5_configuration.txt  
INFO: load configuration from /uscms_data/d3/iturkmen/hh4b_delphes/mg5/TTbb_smoke/Cards/me5_configuration.txt  
Using default text editor "vi". Set another one in ./input/mg5_configuration.txt
Using default eps viewer "evince". Set another one in ./input/mg5_configuration.txt
Using default web browser "firefox". Set another one in ./input/mg5_configuration.txt
generate_events run_ttbb_50k_005 -f
Generating 5000 events with run name run_ttbb_50k_005
survey  run_ttbb_50k_005 
INFO: compile directory 
compile Source Directory
Using random number seed offset = 107005
INFO: Running Survey 
Creating Jobs
Working on SubProcesses
INFO: Compiling for process 1/2. 
INFO:     P1_gg_ttxbbx  
  0%|          | 0/1049 [00:00<?, ?it/s] 57%|█████▋    | 602/1049 [00:00<00:00, 5883.71it/s]100%|██████████| 1049/1049 [00:00<00:00, 5918.96it/s]
INFO: Compiling for process 2/2. 
INFO:     P1_qq_ttxbbx  
  0%|          | 0/816 [00:00<?, ?it/s]100%|██████████| 816/816 [00:00<00:00, 39839.27it/s]
INFO:     P1_gg_ttxbbx  
INFO:     P1_qq_ttxbbx  
INFO:  Idle: 3,  Running: 8,  Completed: 1 [ current time: 15h16 ] 
INFO:  Idle: 2,  Running: 8,  Completed: 2 [  0.036s  ] 
INFO:  Idle: 0,  Running: 0,  Completed: 12 [  0.9s  ] 
INFO: End survey 
refine 5000
Creating Jobs
INFO: Refine results to 5000 
INFO: Generating 5000.0 unweighted events. 
sum of cpu time of last step: 19 seconds
INFO: Effective Luminosity 3872.0084328833045 pb^-1 
INFO: need to improve 10 channels 
- Current estimate of cross-section: 1.549583402 +- 0.01784624504102632
    P1_gg_ttxbbx 
    P1_qq_ttxbbx 
INFO:  Idle: 4,  Running: 8,  Completed: 0 [ current time: 15h16 ] 
INFO:  Idle: 1,  Running: 8,  Completed: 3 [  2s  ] 
INFO:  Idle: 0,  Running: 2,  Completed: 10 [  6.4s  ] 
INFO:  Idle: 0,  Running: 1,  Completed: 11 [  10.4s  ] 
INFO:  Idle: 0,  Running: 0,  Completed: 12 [  17s  ] 
INFO:  Idle: 0,  Running: 0,  Completed: 12 [  17s  ] 
INFO: Combining runs 
sum of cpu time of last step: 58 seconds
INFO: finish refine 
refine 5000 --treshold=0.9
No need for second refine due to stability of cross-section
INFO: Combining Events 
combination of events done in 6.428769826889038 s 
  === Results Summary for run: run_ttbb_50k_005 tag: tag_1 ===

     Cross-section :   1.554 +- 0.005155 pb
     Nb of events :  5000
 
INFO: Running Systematics computation 
INFO:  Idle: 1,  Running: 1,  Completed: 0 [ current time: 15h16 ] 
INFO:  Idle: 0,  Running: 1,  Completed: 1 [  7.9s  ] 
INFO: # Events generated with PDF: NNPDF23_lo_as_0130_qed (247000) 
INFO: # Will Compute 145 weights per event. 
INFO: #***************************************************************************
#
# original cross-section: 1.5533107999599898
#     scale variation: +70% -37.8%
#     central scheme variation: + 0% -61.2%
# PDF variation: +7.56% -7.56%
#
# dynamical scheme # 1 : 0.852073 +58.2% -34.6% # \sum ET
# dynamical scheme # 2 : 0.722683 +55.6% -33.7% # \sum\sqrt{m^2+pt^2}
# dynamical scheme # 3 : 1.12447 +62.1% -35.7% # 0.5 \sum\sqrt{m^2+pt^2}
# dynamical scheme # 4 : 0.602329 +53.1% -32.8% # \sqrt{\hat s}
#***************************************************************************
 
INFO: End of systematics computation 
store_events
INFO: Storing parton level results 
INFO: End Parton 
reweight -from_cards
decay_events -from_cards
INFO: storing files of previous run 
INFO: Done 
quit
INFO:  
LHE=/uscms_data/d3/iturkmen/hh4b_delphes/mg5/TTbb_smoke/Events/run_ttbb_50k_005/unweighted_events.lhe.gz
N_FOUND=5000
Sample: ttbb_50k_shard005
Input LHE.GZ: /uscms_data/d3/iturkmen/hh4b_delphes/mg5/TTbb_smoke/Events/run_ttbb_50k_005/unweighted_events.lhe.gz
Events requested: 5000
Output tag: ttbb_50k_shard005
LHE: /uscms_data/d3/iturkmen/hh4b_delphes/mg5/TTbb_smoke/Events/run_ttbb_50k_005/unweighted_events.lhe
HEPMC: /uscms_data/d3/iturkmen/hh4b_delphes/hepmc/ttbb_50k_shard005_pythia8.hepmc
ROOT: /uscms_data/d3/iturkmen/hh4b_delphes/root/ttbb_50k_shard005_pythia8_delphes.root
LHE event count: 5000

 *------------------------------------------------------------------------------------* 
 |                                                                                    | 
 |  *------------------------------------------------------------------------------*  | 
 |  |                                                                              |  | 
 |  |                                                                              |  | 
 |  |   PPP   Y   Y  TTTTT  H   H  III    A      Welcome to the Lund Monte Carlo!  |  | 
 |  |   P  P   Y Y     T    H   H   I    A A     This is PYTHIA version 8.312      |  | 
 |  |   PPP     Y      T    HHHHH   I   AAAAA    Last date of change: 23 May 2024  |  | 
 |  |   P       Y      T    H   H   I   A   A                                      |  | 
 |  |   P       Y      T    H   H  III  A   A    Now is 08 Jul 2026 at 15:17:35    |  | 
 |  |                                                                              |  | 
 |  |   Program documentation and an archive of historic versions is found on:     |  | 
 |  |                                                                              |  | 
 |  |                               https://pythia.org/                            |  | 
 |  |                                                                              |  | 
 |  |   PYTHIA is authored by a collaboration consisting of:                       |  | 
 |  |                                                                              |  | 
 |  |   Javira Altmann, Christian Bierlich, Naomi Cooke, Nishita Desai,            |  | 
 |  |   Leif Gellersen, Ilkka Helenius, Philip Ilten, Leif Lonnblad,               |  | 
 |  |   Stephen Mrenna, Christian Preuss, Torbjorn Sjostrand, Peter Skands,        |  | 
 |  |   Marius Utheim, and Rob Verheyen.                                           |  | 
 |  |                                                                              |  | 
 |  |   The complete list of authors, including contact information and            |  | 
 |  |   affiliations, can be found on https://pythia.org/.                         |  | 
 |  |   Problems or bugs should be reported on email at authors@pythia.org.        |  | 
 |  |                                                                              |  | 
 |  |   The main program reference is C. Bierlich et al,                           |  | 
 |  |   'A comprehensive guide to the physics and usage of Pythia 8.3',            |  | 
 |  |   SciPost Phys. Codebases 8-r8.3 (2022) [arXiv:2203.11601 [hep-ph]]          |  | 
 |  |                                                                              |  | 
 |  |   PYTHIA is released under the GNU General Public Licence version 2 or later.|  | 
 |  |   Please respect the MCnet Guidelines for Event Generator Authors and Users. |  | 
 |  |                                                                              |  | 
 |  |   Disclaimer: this program comes without any guarantees.                     |  | 
 |  |   Beware of errors and use common sense when interpreting results.           |  | 
 |  |                                                                              |  | 
 |  |   Copyright (C) 2024 Torbjorn Sjostrand                                      |  | 
 |  |                                                                              |  | 
 |  |                                                                              |  | 
 |  *------------------------------------------------------------------------------*  | 
 |                                                                                    | 
 *------------------------------------------------------------------------------------* 

 *-----------------------  SusyLesHouches SUSY/BSM Interface  ------------------------*
 | Last Change 12 Apr 2017 - P. Skands
 | Parsing: /uscms_data/d3/iturkmen/hh4b_delphes/mg5/TTbb_smoke/Events/run_ttbb_50k_005/unweighted_events.lhe
 | (SLHA::readFile) line 338 - storing non-SLHA(2) block: yukawa
 *------------------------------------------------------------------------------------*
 PYTHIA Info from SLHAinterface::initSLHA: No MODSEL found, keeping internal SUSY switched off
 PYTHIA Warning in SLHAinterface::initSLHA: ignoring MASS entries for id = {1,2,3,4,5,11,12,13,14,15,16,21,22,23,24} (m0 < SLHA:minMassSM)
 PYTHIA Warning in SLHAinterface::initSLHA: ignoring DECAY tables for id = {23,24,1,2,3,4,5,11,12,13,14,15,16,21,22} (m0 < SLHA:minMassSM)
 PYTHIA Warning in SLHAinterface::initSLHA: ignoring empty DECAY tables for id = {6,25} (total width provided but no Branching Ratios)

 *-------  PYTHIA Process Initialization  --------------------------*
 |                                                                  |
 | We collide p+ with p+ at a CM energy of 1.300e+04 GeV            |
 |                                                                  |
 |------------------------------------------------------------------|
 |                                                    |             |
 | Subprocess                                    Code |   Estimated |
 |                                                    |    max (mb) |
 |                                                    |             |
 |------------------------------------------------------------------|
 |                                                    |             |
 | Les Houches User Process(es)                  9999 |   1.000e-09 |
 |                                                                  |
 *-------  End PYTHIA Process Initialization -----------------------*

 *-------  PYTHIA Multiparton Interactions Initialization  ---------* 
 |                                                                  | 
 |                   sigmaNonDiffractive =    56.42 mb              | 
 |                                                                  | 
 |    pT0 =  2.60 gives sigmaInteraction =   317.96 mb: accepted    | 
 |                                                                  | 
 *-------  End PYTHIA Multiparton Interactions Initialization  -----* 

 *-------  PYTHIA Flag + Mode + Parm + Word + FVec + MVec + PVec + WVec Settings (changes only)  ------------------* 
 |                                                                                                                 | 
 | Name                                          |                      Now |      Default         Min         Max | 
 |                                               |                          |                                      | 
 | Beams:frameType                               |                        4 |            1           1           5 | 
 | Beams:LHEF                                    | /uscms_data/d3/iturkmen/hh4b_delphes/mg5/TTbb_smoke/Events/run_ttbb_50k_005/unweighted_events.lhe |         void | 
 | Check:event                                   |                      off |           on                         | 
 | Next:numberCount                              |                       10 |         1000           0             | 
 | Next:numberShowEvent                          |                        0 |            1           0             | 
 | Next:numberShowInfo                           |                        0 |            1           0             | 
 | Next:numberShowProcess                        |                        0 |            1           0             | 
 |                                                                                                                 | 
 *-------  End PYTHIA Flag + Mode + Parm + Word + FVec + MVec + PVec + WVec Settings  -----------------------------* 

 --------  PYTHIA Particle Data Table (changed only)  ------------------------------------------------------------------------------
 
      id   name            antiName         spn chg col      m0        mWidth      mMin       mMax       tau0    res dec ext vis wid
             no onMode   bRatio   meMode     products 

       6  t                tbar               2   2   1  173.00000    1.35678  166.40000  179.60000  1.45438e-13   1   1   0   1   0
              0     1   0.0000664    0       24        1 
              1     1   0.0017361    0       24        3 
              2     1   0.9981975    0       24        5 
              3     0   0.0000000    0       37        5 

      25  h0                                  1   0   0  125.00000    0.00408  124.96809  125.03191  4.83238e-11   1   1   0   0   0
              0     1   0.0000009    0        1       -1 
              1     1   0.0000002    0        2       -2 
              2     1   0.0002163    0        3       -3 
              3     1   0.0288493    0        4       -4 
              4     1   0.5768873    0        5       -5 
              5     1   0.0000000    0        6       -6 
              6     1   0.0000000    0       11      -11 
              7     1   0.0002185    0       13      -13 
              8     1   0.0628569    0       15      -15 
              9     1   0.0850383    0       21       21 
             10     1   0.0022965    0       22       22 
             11     1   0.0016155    0       22       23 
             12     1   0.0261758    0       23       23 
             13     1   0.2158445    0       24      -24 
             14     1   0.0000000  103  1000022  1000022 
             15     1   0.0000000  103  1000023  1000022 
             16     1   0.0000000  103  1000023  1000023 
             17     1   0.0000000  103  1000025  1000022 
             18     1   0.0000000  103  1000025  1000023 
             19     1   0.0000000  103  1000025  1000025 
             20     1   0.0000000  103  1000035  1000022 
             21     1   0.0000000  103  1000035  1000023 
             22     1   0.0000000  103  1000035  1000025 
             23     1   0.0000000  103  1000035  1000035 
             24     1   0.0000000  103  1000024 -1000024 
             25     1   0.0000000  103  1000024 -1000037 
             26     1   0.0000000  103  1000037 -1000024 
             27     1   0.0000000  103  1000037 -1000037 
             28     1   0.0000000  103  1000001 -1000001 
             29     1   0.0000000  103  2000001 -2000001 
             30     1   0.0000000  103  1000001 -2000001 
             31     1   0.0000000  103 -1000001  2000001 
             32     1   0.0000000  103  1000002 -1000002 
             33     1   0.0000000  103  2000002 -2000002 
             34     1   0.0000000  103  1000002 -2000002 
             35     1   0.0000000  103 -1000002  2000002 
             36     1   0.0000000  103  1000003 -1000003 
             37     1   0.0000000  103  2000003 -2000003 
             38     1   0.0000000  103  1000003 -2000003 
             39     1   0.0000000  103 -1000003  2000003 
             40     1   0.0000000  103  1000004 -1000004 
             41     1   0.0000000  103  2000004 -2000004 
             42     1   0.0000000  103  1000004 -2000004 
             43     1   0.0000000  103 -1000004  2000004 
             44     1   0.0000000  103  1000005 -1000005 
             45     1   0.0000000  103  2000005 -2000005 
             46     1   0.0000000  103  1000005 -2000005 
             47     1   0.0000000  103 -1000005  2000005 
             48     1   0.0000000  103  1000006 -1000006 
             49     1   0.0000000  103  2000006 -2000006 
             50     1   0.0000000  103  1000006 -2000006 
             51     1   0.0000000  103 -1000006  2000006 
             52     1   0.0000000  103  1000011 -1000011 
             53     1   0.0000000  103  2000011 -2000011 
             54     1   0.0000000  103  1000011 -2000011 
             55     1   0.0000000  103 -1000011  2000011 
             56     1   0.0000000  103  1000012 -1000012 
             57     1   0.0000000  103  2000012 -2000012 
             58     1   0.0000000  103  1000012 -2000012 
             59     1   0.0000000  103 -1000012  2000012 
             60     1   0.0000000  103  1000013 -1000013 
             61     1   0.0000000  103  2000013 -2000013 
             62     1   0.0000000  103  1000013 -2000013 
             63     1   0.0000000  103 -1000013  2000013 
             64     1   0.0000000  103  1000014 -1000014 
             65     1   0.0000000  103  2000014 -2000014 
             66     1   0.0000000  103  1000014 -2000014 
             67     1   0.0000000  103 -1000014  2000014 
             68     1   0.0000000  103  1000015 -1000015 
             69     1   0.0000000  103  2000015 -2000015 
             70     1   0.0000000  103  1000015 -2000015 
             71     1   0.0000000  103 -1000015  2000015 
             72     1   0.0000000  103  1000016 -1000016 
             73     1   0.0000000  103  2000016 -2000016 
             74     1   0.0000000  103  1000016 -2000016 
             75     1   0.0000000  103 -1000016  2000016 

 --------  End PYTHIA Particle Data Table  -----------------------------------------------------------------------------------------


 --------  LHA initialization information  ------------ 

  beam    kind      energy  pdfgrp  pdfset 
     A    2212    6500.000       0  247000
     B    2212    6500.000       0  247000

  Event weighting strategy = -4

  Processes, with strategy-dependent cross section info 
  number      xsec (pb)      xerr (pb)      xmax (pb) 
       1     1.5536e+00     5.1554e-03     1.5536e+00

 --------  End LHA initialization information  -------- 

 --------  LHA event information and listing  ---------------------------------------------------------------------- 

    process =        1    weight =   1.5536e+00     scale =   2.4064e+02 (GeV) 
                        alpha_em =   7.5558e-03    alpha_strong =   1.1424e-01

    Participating Particles 
    no        id stat     mothers     colours      p_x        p_y        p_z         e          m        tau    spin 
     1        21   -1     0     0   502   503      0.000      0.000    539.120    539.120      0.000   0.000   1.000
     2        21   -1     0     0   503   504     -0.000     -0.000   -197.910    197.910      0.000   0.000   1.000
     3         6    1     1     2   501     0     45.764   -104.688     96.499    228.303    172.500   0.000   1.000
     4        -6    1     1     2     0   504    -42.320    235.177    104.206    312.593    172.500   0.000   1.000
     5         5    1     1     2   502     0    -16.746    -72.623     58.922     95.123      4.700   0.000  -1.000
     6        -5    1     1     2     0   501     13.302    -57.867     81.582    101.011      4.700   0.000   1.000

 --------  End LHA event information and listing  ------------------------------------------------------------------ 

 Pythia::next(): 10 events have been generated 

 Pythia::next(): 20 events have been generated 

 Pythia::next(): 30 events have been generated 

 Pythia::next(): 40 events have been generated 

 Pythia::next(): 50 events have been generated 

 Pythia::next(): 60 events have been generated 

 Pythia::next(): 70 events have been generated 

 Pythia::next(): 80 events have been generated 

 Pythia::next(): 90 events have been generated 

 Pythia::next(): 100 events have been generated 

 Pythia::next(): 110 events have been generated 

 Pythia::next(): 120 events have been generated 

 Pythia::next(): 130 events have been generated 

 Pythia::next(): 140 events have been generated 

 Pythia::next(): 150 events have been generated 

 Pythia::next(): 160 events have been generated 

 Pythia::next(): 170 events have been generated 

 Pythia::next(): 180 events have been generated 

 Pythia::next(): 190 events have been generated 

 Pythia::next(): 200 events have been generated 

 Pythia::next(): 210 events have been generated 

 Pythia::next(): 220 events have been generated 

 Pythia::next(): 230 events have been generated 

 Pythia::next(): 240 events have been generated 

 Pythia::next(): 250 events have been generated 

 Pythia::next(): 260 events have been generated 

 Pythia::next(): 270 events have been generated 

 Pythia::next(): 280 events have been generated 

 Pythia::next(): 290 events have been generated 

 Pythia::next(): 300 events have been generated 

 Pythia::next(): 310 events have been generated 

 Pythia::next(): 320 events have been generated 

 Pythia::next(): 330 events have been generated 

 Pythia::next(): 340 events have been generated 

 Pythia::next(): 350 events have been generated 

 Pythia::next(): 360 events have been generated 

 Pythia::next(): 370 events have been generated 

 Pythia::next(): 380 events have been generated 

 Pythia::next(): 390 events have been generated 

 Pythia::next(): 400 events have been generated 

 Pythia::next(): 410 events have been generated 

 Pythia::next(): 420 events have been generated 

 Pythia::next(): 430 events have been generated 

 Pythia::next(): 440 events have been generated 

 Pythia::next(): 450 events have been generated 

 Pythia::next(): 460 events have been generated 

 Pythia::next(): 470 events have been generated 

 Pythia::next(): 480 events have been generated 

 Pythia::next(): 490 events have been generated 

 Pythia::next(): 500 events have been generated 

 Pythia::next(): 510 events have been generated 

 Pythia::next(): 520 events have been generated 

 Pythia::next(): 530 events have been generated 

 Pythia::next(): 540 events have been generated 

 Pythia::next(): 550 events have been generated 

 Pythia::next(): 560 events have been generated 

 Pythia::next(): 570 events have been generated 

 Pythia::next(): 580 events have been generated 

 Pythia::next(): 590 events have been generated 

 Pythia::next(): 600 events have been generated 

 Pythia::next(): 610 events have been generated 

 Pythia::next(): 620 events have been generated 

 Pythia::next(): 630 events have been generated 

 Pythia::next(): 640 events have been generated 

 Pythia::next(): 650 events have been generated 

 Pythia::next(): 660 events have been generated 

 Pythia::next(): 670 events have been generated 

 Pythia::next(): 680 events have been generated 

 Pythia::next(): 690 events have been generated 

 Pythia::next(): 700 events have been generated 

 Pythia::next(): 710 events have been generated 

 Pythia::next(): 720 events have been generated 

 Pythia::next(): 730 events have been generated 

 Pythia::next(): 740 events have been generated 

 Pythia::next(): 750 events have been generated 

 Pythia::next(): 760 events have been generated 

 Pythia::next(): 770 events have been generated 

 Pythia::next(): 780 events have been generated 

 Pythia::next(): 790 events have been generated 

 Pythia::next(): 800 events have been generated 

 Pythia::next(): 810 events have been generated 

 Pythia::next(): 820 events have been generated 

 Pythia::next(): 830 events have been generated 

 Pythia::next(): 840 events have been generated 

 Pythia::next(): 850 events have been generated 

 Pythia::next(): 860 events have been generated 

 Pythia::next(): 870 events have been generated 

 Pythia::next(): 880 events have been generated 

 Pythia::next(): 890 events have been generated 

 Pythia::next(): 900 events have been generated 

 Pythia::next(): 910 events have been generated 

 Pythia::next(): 920 events have been generated 

 Pythia::next(): 930 events have been generated 

 Pythia::next(): 940 events have been generated 

 Pythia::next(): 950 events have been generated 

 Pythia::next(): 960 events have been generated 

 Pythia::next(): 970 events have been generated 

 Pythia::next(): 980 events have been generated 

 Pythia::next(): 990 events have been generated 

 Pythia::next(): 1000 events have been generated 

 Pythia::next(): 1010 events have been generated 

 Pythia::next(): 1020 events have been generated 

 Pythia::next(): 1030 events have been generated 

 Pythia::next(): 1040 events have been generated 

 Pythia::next(): 1050 events have been generated 

 Pythia::next(): 1060 events have been generated 

 Pythia::next(): 1070 events have been generated 

 Pythia::next(): 1080 events have been generated 

 Pythia::next(): 1090 events have been generated 

 Pythia::next(): 1100 events have been generated 

 Pythia::next(): 1110 events have been generated 

 Pythia::next(): 1120 events have been generated 

 Pythia::next(): 1130 events have been generated 

 Pythia::next(): 1140 events have been generated 

 Pythia::next(): 1150 events have been generated 

 Pythia::next(): 1160 events have been generated 

 Pythia::next(): 1170 events have been generated 

 Pythia::next(): 1180 events have been generated 

 Pythia::next(): 1190 events have been generated 

 Pythia::next(): 1200 events have been generated 

 Pythia::next(): 1210 events have been generated 

 Pythia::next(): 1220 events have been generated 

 Pythia::next(): 1230 events have been generated 

 Pythia::next(): 1240 events have been generated 

 Pythia::next(): 1250 events have been generated 

 Pythia::next(): 1260 events have been generated 

 Pythia::next(): 1270 events have been generated 

 Pythia::next(): 1280 events have been generated 

 Pythia::next(): 1290 events have been generated 

 Pythia::next(): 1300 events have been generated 

 Pythia::next(): 1310 events have been generated 

 Pythia::next(): 1320 events have been generated 

 Pythia::next(): 1330 events have been generated 

 Pythia::next(): 1340 events have been generated 

 Pythia::next(): 1350 events have been generated 

 Pythia::next(): 1360 events have been generated 

 Pythia::next(): 1370 events have been generated 

 Pythia::next(): 1380 events have been generated 

 Pythia::next(): 1390 events have been generated 

 Pythia::next(): 1400 events have been generated 

 Pythia::next(): 1410 events have been generated 

 Pythia::next(): 1420 events have been generated 

 Pythia::next(): 1430 events have been generated 

 Pythia::next(): 1440 events have been generated 

 Pythia::next(): 1450 events have been generated 

 Pythia::next(): 1460 events have been generated 

 Pythia::next(): 1470 events have been generated 

 Pythia::next(): 1480 events have been generated 

 Pythia::next(): 1490 events have been generated 

 Pythia::next(): 1500 events have been generated 

 Pythia::next(): 1510 events have been generated 

 Pythia::next(): 1520 events have been generated 

 Pythia::next(): 1530 events have been generated 

 Pythia::next(): 1540 events have been generated 

 Pythia::next(): 1550 events have been generated 

 Pythia::next(): 1560 events have been generated 

 Pythia::next(): 1570 events have been generated 

 Pythia::next(): 1580 events have been generated 

 Pythia::next(): 1590 events have been generated 

 Pythia::next(): 1600 events have been generated 

 Pythia::next(): 1610 events have been generated 

 Pythia::next(): 1620 events have been generated 

 Pythia::next(): 1630 events have been generated 

 Pythia::next(): 1640 events have been generated 

 Pythia::next(): 1650 events have been generated 

 Pythia::next(): 1660 events have been generated 

 Pythia::next(): 1670 events have been generated 

 Pythia::next(): 1680 events have been generated 

 Pythia::next(): 1690 events have been generated 

 Pythia::next(): 1700 events have been generated 

 Pythia::next(): 1710 events have been generated 

 Pythia::next(): 1720 events have been generated 

 Pythia::next(): 1730 events have been generated 

 Pythia::next(): 1740 events have been generated 

 Pythia::next(): 1750 events have been generated 

 Pythia::next(): 1760 events have been generated 

 Pythia::next(): 1770 events have been generated 

 Pythia::next(): 1780 events have been generated 

 Pythia::next(): 1790 events have been generated 

 Pythia::next(): 1800 events have been generated 

 Pythia::next(): 1810 events have been generated 

 Pythia::next(): 1820 events have been generated 

 Pythia::next(): 1830 events have been generated 

 Pythia::next(): 1840 events have been generated 

 Pythia::next(): 1850 events have been generated 

 Pythia::next(): 1860 events have been generated 

 Pythia::next(): 1870 events have been generated 

 Pythia::next(): 1880 events have been generated 

 Pythia::next(): 1890 events have been generated 

 Pythia::next(): 1900 events have been generated 

 Pythia::next(): 1910 events have been generated 

 Pythia::next(): 1920 events have been generated 

 Pythia::next(): 1930 events have been generated 

 Pythia::next(): 1940 events have been generated 

 Pythia::next(): 1950 events have been generated 

 Pythia::next(): 1960 events have been generated 

 Pythia::next(): 1970 events have been generated 

 Pythia::next(): 1980 events have been generated 

 Pythia::next(): 1990 events have been generated 

 Pythia::next(): 2000 events have been generated 

 Pythia::next(): 2010 events have been generated 

 Pythia::next(): 2020 events have been generated 

 Pythia::next(): 2030 events have been generated 

 Pythia::next(): 2040 events have been generated 

 Pythia::next(): 2050 events have been generated 

 Pythia::next(): 2060 events have been generated 

 Pythia::next(): 2070 events have been generated 

 Pythia::next(): 2080 events have been generated 

 Pythia::next(): 2090 events have been generated 

 Pythia::next(): 2100 events have been generated 

 Pythia::next(): 2110 events have been generated 

 Pythia::next(): 2120 events have been generated 

 Pythia::next(): 2130 events have been generated 

 Pythia::next(): 2140 events have been generated 

 Pythia::next(): 2150 events have been generated 

 Pythia::next(): 2160 events have been generated 

 Pythia::next(): 2170 events have been generated 

 Pythia::next(): 2180 events have been generated 

 Pythia::next(): 2190 events have been generated 

 Pythia::next(): 2200 events have been generated 

 Pythia::next(): 2210 events have been generated 

 Pythia::next(): 2220 events have been generated 

 Pythia::next(): 2230 events have been generated 

 Pythia::next(): 2240 events have been generated 

 Pythia::next(): 2250 events have been generated 

 Pythia::next(): 2260 events have been generated 

 Pythia::next(): 2270 events have been generated 

 Pythia::next(): 2280 events have been generated 

 Pythia::next(): 2290 events have been generated 

 Pythia::next(): 2300 events have been generated 

 Pythia::next(): 2310 events have been generated 

 Pythia::next(): 2320 events have been generated 

 Pythia::next(): 2330 events have been generated 

 Pythia::next(): 2340 events have been generated 

 Pythia::next(): 2350 events have been generated 

 Pythia::next(): 2360 events have been generated 

 Pythia::next(): 2370 events have been generated 

 Pythia::next(): 2380 events have been generated 

 Pythia::next(): 2390 events have been generated 

 Pythia::next(): 2400 events have been generated 

 Pythia::next(): 2410 events have been generated 

 Pythia::next(): 2420 events have been generated 

 Pythia::next(): 2430 events have been generated 

 Pythia::next(): 2440 events have been generated 
 PYTHIA Warning in MultipartonInteractions::pTnext: weight above unity

 Pythia::next(): 2450 events have been generated 

 Pythia::next(): 2460 events have been generated 

 Pythia::next(): 2470 events have been generated 

 Pythia::next(): 2480 events have been generated 

 Pythia::next(): 2490 events have been generated 

 Pythia::next(): 2500 events have been generated 

 Pythia::next(): 2510 events have been generated 

 Pythia::next(): 2520 events have been generated 

 Pythia::next(): 2530 events have been generated 

 Pythia::next(): 2540 events have been generated 

 Pythia::next(): 2550 events have been generated 

 Pythia::next(): 2560 events have been generated 

 Pythia::next(): 2570 events have been generated 

 Pythia::next(): 2580 events have been generated 

 Pythia::next(): 2590 events have been generated 

 Pythia::next(): 2600 events have been generated 

 Pythia::next(): 2610 events have been generated 

 Pythia::next(): 2620 events have been generated 

 Pythia::next(): 2630 events have been generated 

 Pythia::next(): 2640 events have been generated 

 Pythia::next(): 2650 events have been generated 

 Pythia::next(): 2660 events have been generated 

 Pythia::next(): 2670 events have been generated 

 Pythia::next(): 2680 events have been generated 

 Pythia::next(): 2690 events have been generated 

 Pythia::next(): 2700 events have been generated 

 Pythia::next(): 2710 events have been generated 

 Pythia::next(): 2720 events have been generated 

 Pythia::next(): 2730 events have been generated 

 Pythia::next(): 2740 events have been generated 

 Pythia::next(): 2750 events have been generated 

 Pythia::next(): 2760 events have been generated 

 Pythia::next(): 2770 events have been generated 

 Pythia::next(): 2780 events have been generated 

 Pythia::next(): 2790 events have been generated 

 Pythia::next(): 2800 events have been generated 

 Pythia::next(): 2810 events have been generated 

 Pythia::next(): 2820 events have been generated 

 Pythia::next(): 2830 events have been generated 

 Pythia::next(): 2840 events have been generated 

 Pythia::next(): 2850 events have been generated 

 Pythia::next(): 2860 events have been generated 

 Pythia::next(): 2870 events have been generated 

 Pythia::next(): 2880 events have been generated 

 Pythia::next(): 2890 events have been generated 

 Pythia::next(): 2900 events have been generated 

 Pythia::next(): 2910 events have been generated 

 Pythia::next(): 2920 events have been generated 

 Pythia::next(): 2930 events have been generated 

 Pythia::next(): 2940 events have been generated 

 Pythia::next(): 2950 events have been generated 

 Pythia::next(): 2960 events have been generated 

 Pythia::next(): 2970 events have been generated 

 Pythia::next(): 2980 events have been generated 

 Pythia::next(): 2990 events have been generated 

 Pythia::next(): 3000 events have been generated 

 Pythia::next(): 3010 events have been generated 

 Pythia::next(): 3020 events have been generated 

 Pythia::next(): 3030 events have been generated 

 Pythia::next(): 3040 events have been generated 

 Pythia::next(): 3050 events have been generated 

 Pythia::next(): 3060 events have been generated 

 Pythia::next(): 3070 events have been generated 

 Pythia::next(): 3080 events have been generated 

 Pythia::next(): 3090 events have been generated 

 Pythia::next(): 3100 events have been generated 

 Pythia::next(): 3110 events have been generated 

 Pythia::next(): 3120 events have been generated 

 Pythia::next(): 3130 events have been generated 

 Pythia::next(): 3140 events have been generated 

 Pythia::next(): 3150 events have been generated 

 Pythia::next(): 3160 events have been generated 

 Pythia::next(): 3170 events have been generated 

 Pythia::next(): 3180 events have been generated 

 Pythia::next(): 3190 events have been generated 

 Pythia::next(): 3200 events have been generated 

 Pythia::next(): 3210 events have been generated 

 Pythia::next(): 3220 events have been generated 

 Pythia::next(): 3230 events have been generated 

 Pythia::next(): 3240 events have been generated 

 Pythia::next(): 3250 events have been generated 

 Pythia::next(): 3260 events have been generated 

 Pythia::next(): 3270 events have been generated 

 Pythia::next(): 3280 events have been generated 

 Pythia::next(): 3290 events have been generated 

 Pythia::next(): 3300 events have been generated 

 Pythia::next(): 3310 events have been generated 

 Pythia::next(): 3320 events have been generated 

 Pythia::next(): 3330 events have been generated 

 Pythia::next(): 3340 events have been generated 

 Pythia::next(): 3350 events have been generated 

 Pythia::next(): 3360 events have been generated 

 Pythia::next(): 3370 events have been generated 

 Pythia::next(): 3380 events have been generated 

 Pythia::next(): 3390 events have been generated 

 Pythia::next(): 3400 events have been generated 

 Pythia::next(): 3410 events have been generated 

 Pythia::next(): 3420 events have been generated 

 Pythia::next(): 3430 events have been generated 

 Pythia::next(): 3440 events have been generated 

 Pythia::next(): 3450 events have been generated 

 Pythia::next(): 3460 events have been generated 

 Pythia::next(): 3470 events have been generated 

 Pythia::next(): 3480 events have been generated 

 Pythia::next(): 3490 events have been generated 

 Pythia::next(): 3500 events have been generated 

 Pythia::next(): 3510 events have been generated 

 Pythia::next(): 3520 events have been generated 

 Pythia::next(): 3530 events have been generated 

 Pythia::next(): 3540 events have been generated 

 Pythia::next(): 3550 events have been generated 

 Pythia::next(): 3560 events have been generated 

 Pythia::next(): 3570 events have been generated 

 Pythia::next(): 3580 events have been generated 

 Pythia::next(): 3590 events have been generated 

 Pythia::next(): 3600 events have been generated 

 Pythia::next(): 3610 events have been generated 

 Pythia::next(): 3620 events have been generated 

 Pythia::next(): 3630 events have been generated 

 Pythia::next(): 3640 events have been generated 

 Pythia::next(): 3650 events have been generated 

 Pythia::next(): 3660 events have been generated 

 Pythia::next(): 3670 events have been generated 

 Pythia::next(): 3680 events have been generated 

 Pythia::next(): 3690 events have been generated 

 Pythia::next(): 3700 events have been generated 

 Pythia::next(): 3710 events have been generated 

 Pythia::next(): 3720 events have been generated 

 Pythia::next(): 3730 events have been generated 

 Pythia::next(): 3740 events have been generated 

 Pythia::next(): 3750 events have been generated 

 Pythia::next(): 3760 events have been generated 

 Pythia::next(): 3770 events have been generated 

 Pythia::next(): 3780 events have been generated 

 Pythia::next(): 3790 events have been generated 

 Pythia::next(): 3800 events have been generated 

 Pythia::next(): 3810 events have been generated 

 Pythia::next(): 3820 events have been generated 

 Pythia::next(): 3830 events have been generated 

 Pythia::next(): 3840 events have been generated 

 Pythia::next(): 3850 events have been generated 

 Pythia::next(): 3860 events have been generated 

 Pythia::next(): 3870 events have been generated 

 Pythia::next(): 3880 events have been generated 

 Pythia::next(): 3890 events have been generated 

 Pythia::next(): 3900 events have been generated 

 Pythia::next(): 3910 events have been generated 

 Pythia::next(): 3920 events have been generated 

 Pythia::next(): 3930 events have been generated 

 Pythia::next(): 3940 events have been generated 

 Pythia::next(): 3950 events have been generated 

 Pythia::next(): 3960 events have been generated 

 Pythia::next(): 3970 events have been generated 

 Pythia::next(): 3980 events have been generated 

 Pythia::next(): 3990 events have been generated 

 Pythia::next(): 4000 events have been generated 

 Pythia::next(): 4010 events have been generated 

 Pythia::next(): 4020 events have been generated 

 Pythia::next(): 4030 events have been generated 

 Pythia::next(): 4040 events have been generated 

 Pythia::next(): 4050 events have been generated 

 Pythia::next(): 4060 events have been generated 

 Pythia::next(): 4070 events have been generated 

 Pythia::next(): 4080 events have been generated 

 Pythia::next(): 4090 events have been generated 

 Pythia::next(): 4100 events have been generated 

 Pythia::next(): 4110 events have been generated 

 Pythia::next(): 4120 events have been generated 

 Pythia::next(): 4130 events have been generated 

 Pythia::next(): 4140 events have been generated 

 Pythia::next(): 4150 events have been generated 

 Pythia::next(): 4160 events have been generated 

 Pythia::next(): 4170 events have been generated 

 Pythia::next(): 4180 events have been generated 

 Pythia::next(): 4190 events have been generated 

 Pythia::next(): 4200 events have been generated 

 Pythia::next(): 4210 events have been generated 

 Pythia::next(): 4220 events have been generated 

 Pythia::next(): 4230 events have been generated 

 Pythia::next(): 4240 events have been generated 

 Pythia::next(): 4250 events have been generated 

 Pythia::next(): 4260 events have been generated 

 Pythia::next(): 4270 events have been generated 

 Pythia::next(): 4280 events have been generated 

 Pythia::next(): 4290 events have been generated 

 Pythia::next(): 4300 events have been generated 

 Pythia::next(): 4310 events have been generated 

 Pythia::next(): 4320 events have been generated 

 Pythia::next(): 4330 events have been generated 

 Pythia::next(): 4340 events have been generated 

 Pythia::next(): 4350 events have been generated 

 Pythia::next(): 4360 events have been generated 

 Pythia::next(): 4370 events have been generated 

 Pythia::next(): 4380 events have been generated 

 Pythia::next(): 4390 events have been generated 

 Pythia::next(): 4400 events have been generated 

 Pythia::next(): 4410 events have been generated 

 Pythia::next(): 4420 events have been generated 

 Pythia::next(): 4430 events have been generated 

 Pythia::next(): 4440 events have been generated 

 Pythia::next(): 4450 events have been generated 

 Pythia::next(): 4460 events have been generated 

 Pythia::next(): 4470 events have been generated 

 Pythia::next(): 4480 events have been generated 

 Pythia::next(): 4490 events have been generated 

 Pythia::next(): 4500 events have been generated 

 Pythia::next(): 4510 events have been generated 

 Pythia::next(): 4520 events have been generated 

 Pythia::next(): 4530 events have been generated 

 Pythia::next(): 4540 events have been generated 

 Pythia::next(): 4550 events have been generated 

 Pythia::next(): 4560 events have been generated 

 Pythia::next(): 4570 events have been generated 

 Pythia::next(): 4580 events have been generated 

 Pythia::next(): 4590 events have been generated 

 Pythia::next(): 4600 events have been generated 

 Pythia::next(): 4610 events have been generated 

 Pythia::next(): 4620 events have been generated 

 Pythia::next(): 4630 events have been generated 

 Pythia::next(): 4640 events have been generated 

 Pythia::next(): 4650 events have been generated 
 PYTHIA Error in SimpleSpaceShower::pT2nearThreshold: stuck in loop

 Pythia::next(): 4660 events have been generated 

 Pythia::next(): 4670 events have been generated 

 Pythia::next(): 4680 events have been generated 

 Pythia::next(): 4690 events have been generated 

 Pythia::next(): 4700 events have been generated 

 Pythia::next(): 4710 events have been generated 

 Pythia::next(): 4720 events have been generated 

 Pythia::next(): 4730 events have been generated 

 Pythia::next(): 4740 events have been generated 

 Pythia::next(): 4750 events have been generated 

 Pythia::next(): 4760 events have been generated 

 Pythia::next(): 4770 events have been generated 

 Pythia::next(): 4780 events have been generated 

 Pythia::next(): 4790 events have been generated 

 Pythia::next(): 4800 events have been generated 

 Pythia::next(): 4810 events have been generated 

 Pythia::next(): 4820 events have been generated 

 Pythia::next(): 4830 events have been generated 

 Pythia::next(): 4840 events have been generated 

 Pythia::next(): 4850 events have been generated 

 Pythia::next(): 4860 events have been generated 

 Pythia::next(): 4870 events have been generated 

 Pythia::next(): 4880 events have been generated 

 Pythia::next(): 4890 events have been generated 

 Pythia::next(): 4900 events have been generated 

 Pythia::next(): 4910 events have been generated 

 Pythia::next(): 4920 events have been generated 

 Pythia::next(): 4930 events have been generated 

 Pythia::next(): 4940 events have been generated 

 Pythia::next(): 4950 events have been generated 

 Pythia::next(): 4960 events have been generated 

 Pythia::next(): 4970 events have been generated 

 Pythia::next(): 4980 events have been generated 

 Pythia::next(): 4990 events have been generated 

 *-------  PYTHIA Event and Cross Section Statistics  -------------------------------------------------------------*
 |                                                                                                                 |
 | Subprocess                                    Code |            Number of events       |      sigma +- delta    |
 |                                                    |       Tried   Selected   Accepted |     (estimated) (mb)   |
 |                                                    |                                   |                        |
 |-----------------------------------------------------------------------------------------------------------------|
 |                                                    |                                   |                        |
 | Les Houches User Process(es)                  9999 |        5000       5000       5000 |   1.554e-09  8.229e-18 |
 |    ... whereof user classification code          1 |        5000       5000       5000 |                        | 
 |                                                    |                                   |                        |
 | sum                                                |        5000       5000       5000 |   1.554e-09  8.229e-18 |
 |                                                                                                                 |
 *-------  End PYTHIA Event and Cross Section Statistics ----------------------------------------------------------*

 *-------  PYTHIA Error and Warning Messages Statistics  ----------------------------------------------------------* 
 |                                                                                                                 | 
 |  times   message                                                                                                | 
 |                                                                                                                 | 
 |      1   Error in SimpleSpaceShower::pT2nearThreshold: stuck in loop                                            | 
 |      2   Warning in MultipartonInteractions::pTnext: weight above unity                                         | 
 |      1   Warning in SLHAinterface::initSLHA: ignoring DECAY tables                                              | 
 |      1   Warning in SLHAinterface::initSLHA: ignoring MASS entries                                              | 
 |      1   Warning in SLHAinterface::initSLHA: ignoring empty DECAY tables                                        | 
 |      1   Info from SLHAinterface::initSLHA: No MODSEL found, keeping internal SUSY switched off                 | 
 |                                                                                                                 | 
 *-------  End PYTHIA Error and Warning Messages Statistics  ------------------------------------------------------* 
Wrote 5000 events to /uscms_data/d3/iturkmen/hh4b_delphes/hepmc/ttbb_50k_shard005_pythia8.hepmc
** INFO: initializing module  Delphes                  
** INFO: initializing module  ParticlePropagator       
** INFO: initializing module  ChargedHadronTrackingEfficiency
** INFO: initializing module  ElectronTrackingEfficiency
** INFO: initializing module  MuonTrackingEfficiency   
** INFO: initializing module  ChargedHadronMomentumSmearing
** INFO: initializing module  ElectronMomentumSmearing 
** INFO: initializing module  MuonMomentumSmearing     
** INFO: initializing module  TrackMerger              
** INFO: initializing module  ECal                     
** INFO: initializing module  HCal                     
** INFO: initializing module  Calorimeter              
** INFO: initializing module  EFlowMerger              
** INFO: initializing module  EFlowFilter              
** INFO: initializing module  PhotonEfficiency         
** INFO: initializing module  PhotonIsolation          
** INFO: initializing module  ElectronFilter           
** INFO: initializing module  ElectronEfficiency       
** INFO: initializing module  ElectronIsolation        
** INFO: initializing module  ChargedHadronFilter      
** INFO: initializing module  MuonEfficiency           
** INFO: initializing module  MuonIsolation            
** INFO: initializing module  MissingET                
** INFO: initializing module  NeutrinoFilter           
** INFO: initializing module  GenJetFinder             
#--------------------------------------------------------------------------
#                         FastJet release 3.5.1
#                 M. Cacciari, G.P. Salam and G. Soyez                  
#     A software package for jet finding and analysis at colliders      
#                           https://fastjet.fr                           
#	                                                                      
# Please cite EPJC72(2012)1896 [arXiv:1111.6097] if you use this package
# for scientific work and optionally PLB641(2006)57 [hep-ph/0512210].   
#                                                                       
# FastJet is provided without warranty under the GNU GPL v2 or higher.  
# It uses T. Chan's closest pair algorithm, S. Fortune's Voronoi code
# and 3rd party plugin jet algorithms. See COPYING file for details.
#--------------------------------------------------------------------------
** INFO: initializing module  GenMissingET             
** INFO: initializing module  FastJetFinder            
** INFO: initializing module  FatJetFinder             
** INFO: initializing module  JetEnergyScale           
** INFO: initializing module  JetFlavorAssociation     
** INFO: initializing module  BTagging                 
** INFO: initializing module  TauTagging               
** INFO: initializing module  UniqueObjectFinder       
** INFO: initializing module  ScalarHT                 
** INFO: initializing module  TreeWriter               
** Reading /uscms_data/d3/iturkmen/hh4b_delphes/hepmc/ttbb_50k_shard005_pythia8.hepmc
** [----------------------------------------------------------------] (0.03%)** [#---------------------------------------------------------------] (2.15%)** [##--------------------------------------------------------------] (3.21%)** [###-------------------------------------------------------------] (5.10%)** [####------------------------------------------------------------] (7.15%)** [#####-----------------------------------------------------------] (8.65%)** [######----------------------------------------------------------] (10.12%)** [#######---------------------------------------------------------] (11.54%)** [########--------------------------------------------------------] (12.52%)** [#########-------------------------------------------------------] (15.49%)** [##########------------------------------------------------------] (16.29%)** [###########-----------------------------------------------------] (17.76%)** [############----------------------------------------------------] (20.20%)** [#############---------------------------------------------------] (21.70%)** [##############--------------------------------------------------] (22.51%)** [###############-------------------------------------------------] (23.94%)** [################------------------------------------------------] (25.08%)** [#################-----------------------------------------------] (27.96%)** [##################----------------------------------------------] (28.87%)** [###################---------------------------------------------] (30.23%)** [####################--------------------------------------------] (31.31%)** [#####################-------------------------------------------] (34.00%)** [######################------------------------------------------] (35.10%)** [#######################-----------------------------------------] (36.42%)** [########################----------------------------------------] (38.78%)** [#########################---------------------------------------] (40.24%)** [##########################--------------------------------------] (41.19%)** [###########################-------------------------------------] (42.66%)** [############################------------------------------------] (45.16%)** [#############################-----------------------------------] (46.57%)** [##############################----------------------------------] (47.46%)** [###############################---------------------------------] (48.91%)** [################################--------------------------------] (51.45%)** [#################################-------------------------------] (52.92%)** [##################################------------------------------] (53.73%)** [###################################-----------------------------] (55.11%)** [####################################----------------------------] (57.50%)** [#####################################---------------------------] (59.00%)** [######################################--------------------------] (59.45%)** [#######################################-------------------------] (61.28%)** [########################################------------------------] (64.00%)** [#########################################-----------------------] (65.41%)** [##########################################----------------------] (66.27%)** [###########################################---------------------] (67.73%)** [############################################--------------------] (68.81%)** [#############################################-------------------] (71.71%)** [##############################################------------------] (72.59%)** [###############################################-----------------] (73.93%)** [################################################----------------] (75.03%)** [#################################################---------------] (77.74%)** [##################################################--------------] (78.84%)** [###################################################-------------] (80.26%)** [####################################################------------] (81.26%)** [#####################################################-----------] (84.08%)** [######################################################----------] (85.04%)** [#######################################################---------] (86.42%)** [########################################################--------] (88.86%)** [#########################################################-------] (90.32%)** [##########################################################------] (91.26%)** [###########################################################-----] (92.66%)** [############################################################----] (93.82%)** [#############################################################---] (96.75%)** [##############################################################--] (97.60%)** [###############################################################-] (99.03%)** [################################################################] (100.00%)
** Exiting...
FILE: /uscms_data/d3/iturkmen/hh4b_delphes/root/ttbb_50k_shard005_pythia8_delphes.root

KEYS:
  ProcessID0;1
  Delphes;1

TREE: Delphes
ENTRIES: 5000

OBJECT CHECK:
  Event: OK
  Particle: OK
  Jet: OK
  GenJet: OK
  MissingET: OK
  GenMissingET: OK
  Electron: OK
  Muon: OK

SIZE BRANCHES:
  Event_size
  Weight_size
  Particle_size
  Track_size
  Tower_size
  EFlowTrack_size
  EFlowPhoton_size
  EFlowNeutralHadron_size
  GenJet_size
  GenMissingET_size
  Jet_size
  Electron_size
  Photon_size
  Muon_size
  FatJet_size
  MissingET_size
  ScalarHT_size
Input: /uscms_data/d3/iturkmen/hh4b_delphes/root/ttbb_50k_shard005_pythia8_delphes.root
Events: 5000

      event  n_higgs_particles  ...  n_genjets_flavor5  n_genjets_btag
0         0                  0  ...                  0               0
1         1                  0  ...                  0               0
2         2                  0  ...                  0               0
3         3                  0  ...                  0               0
4         4                  0  ...                  0               0
...     ...                ...  ...                ...             ...
4995   4995                  0  ...                  0               0
4996   4996                  0  ...                  0               0
4997   4997                  0  ...                  0               0
4998   4998                  0  ...                  0               0
4999   4999                  0  ...                  0               0

[5000 rows x 15 columns]

Column sums:
  n_higgs_particles: 0
  n_b_particles: 164000
  n_status1_b_particles: 0
  n_jets: 36925
  n_jets_pt30_eta25: 29353
  n_jets_flavor5: 17591
  n_jets_flavoralgo5: 0
  n_jets_flavorphys5: 0
  n_btagged_jets: 12347
  n_btagged_jets_pt30_eta25: 11380
  n_genjets: 39846
  n_genjets_pt30_eta25: 30112
  n_genjets_flavor5: 0
  n_genjets_btag: 0

Events with >=4 reconstructed jets: 4635
Events with >=4 reconstructed b-tagged jets: 675
Events with >=4 jet FlavorPhys b jets: 0
Events with >=4 generator-level b particles: 5000

Wrote: /uscms_data/d3/iturkmen/hh4b_delphes/metadata/ttbb_50k_shard005_diagnostic.csv
Wrote: /uscms_data/d3/iturkmen/hh4b_delphes/parquet/ttbb_50k_shard005_event_summary.parquet
                 sample  event  event_weight  ...  n_muon  ht_pt30_eta25         met
0     ttbb_50k_shard005      0      1.553621  ...       0     531.160889   47.155823
1     ttbb_50k_shard005      1      1.553621  ...       0     641.710571   35.778114
2     ttbb_50k_shard005      2      1.553621  ...       0     684.999695   38.868717
3     ttbb_50k_shard005      3      1.553621  ...       0     937.891663  135.351410
4     ttbb_50k_shard005      4      1.553621  ...       0     377.854431   84.245499
...                 ...    ...           ...  ...     ...            ...         ...
4995  ttbb_50k_shard005   4995      1.553621  ...       0     586.553101   37.755375
4996  ttbb_50k_shard005   4996      1.553621  ...       0     387.772217   25.666161
4997  ttbb_50k_shard005   4997      1.553621  ...       0     752.339172   33.523575
4998  ttbb_50k_shard005   4998      1.553621  ...       1     284.735992   65.984352
4999  ttbb_50k_shard005   4999      1.553621  ...       0     898.464966   79.839622

[5000 rows x 13 columns]

Selection counts:
  events: 5000
  events with >=4 selected jets: 4635
  events with >=4 selected b-tagged jets: 675
DONE: ttbb_50k_shard005
ROOT: /uscms_data/d3/iturkmen/hh4b_delphes/root/ttbb_50k_shard005_pythia8_delphes.root
HEPMC: /uscms_data/d3/iturkmen/hh4b_delphes/hepmc/ttbb_50k_shard005_pythia8.hepmc
PARQUET: /uscms_data/d3/iturkmen/hh4b_delphes/parquet/ttbb_50k_shard005_event_summary.parquet
DIAGNOSTIC: /uscms_data/d3/iturkmen/hh4b_delphes/metadata/ttbb_50k_shard005_diagnostic.csv
Input events: 5000
Events with >=4 selected b-tagged jets: 675
Wrote: /uscms_data/d3/iturkmen/hh4b_delphes/parquet/ttbb_50k_shard005_hh4b_candidates.parquet

             mbb1        mbb2  ...          mhh  n_selected_bjets
count  675.000000  675.000000  ...   675.000000        675.000000
mean   185.901086  146.818146  ...   562.087885          4.171852
std    104.152225   81.804504  ...   289.350242          0.418534
min     46.069829   36.795687  ...   170.485328          4.000000
25%    120.842885  100.093790  ...   365.231155          4.000000
50%    155.322794  127.852366  ...   485.850625          4.000000
75%    213.560568  166.521887  ...   683.534597          4.000000
max    780.220829  807.017789  ...  2168.341449          7.000000

[8 rows x 6 columns]
sample: ttbb_50k_shard005
events: 5000
candidate rows: 675
cross-section median pb: 1.5536214113235474
events with >=4 selected jets: 4635
events with >=4 selected b-tagged jets: 675
median mbb1: 155.32279429579225
median mbb2: 127.85236592156558
median avg_mbb: 148.75633637361102
median delta_mbb: 55.263610699827154
median mhh: 485.85062513961003
median n_selected_bjets: 4.0
Wrote: /uscms_data/d3/iturkmen/hh4b_delphes/metadata/ttbb_50k_shard005_summary.txt
DONE ttbb_50k_shard005
Finished shard 005

============================================================
Starting shard 006 / campaign ttbb_50k
TAG=ttbb_50k_shard006
RUN_NAME=run_ttbb_50k_006
SEED=107006
============================================================
PROCESS_DIR=/uscms_data/d3/iturkmen/hh4b_delphes/mg5/TTbb_smoke
RUN_NAME=run_ttbb_50k_006
N_EVENTS=5000
SEED=107006
OUTPUT_TAG=ttbb_50k_shard006
APPLY_B_CUTS=yes
Updated run card:
 5000 = nevents ! Number of unweighted events
 107006 = iseed ! Random seed
 25.0 = ptb ! minimum pt for b quarks
  -1.0	= ptbmax ! maximum pt for the b
 2.7 = etab ! maximum eta for b quarks
  0.0	= etabmin ! min rap for the b
 0.4 = drbb ! minimum deltaR between b quarks
  -1.0	= drbbmax ! max distance between b's
  0.0	= xptb ! minimum pt for at least one b 
 0.4 = drbj ! minimum deltaR between b and light jets
 20.0 = ptj ! minimum pt for jets
 5.0 = etaj ! maximum eta for jets
************************************************************
*                                                          *
*                      W E L C O M E to                    *
*             M A D G R A P H 5 _ a M C @ N L O            *
*                      M A D E V E N T                     *
*                                                          *
*                 *                       *                *
*                   *        * *        *                  *
*                     * * * * 5 * * * *                    *
*                   *        * *        *                  *
*                 *                       *                *
*                                                          *
*         VERSION 3.5.3                                    *
*                                                          *
*    The MadGraph5_aMC@NLO Development Team - Find us at   *
*    https://server06.fynu.ucl.ac.be/projects/madgraph     *
*                                                          *
*               Type 'help' for in-line help.              *
*                                                          *
************************************************************
INFO: load configuration from /uscms_data/d3/iturkmen/hh4b_delphes/mg5/TTbb_smoke/Cards/me5_configuration.txt  
INFO: load configuration from /cvmfs/sft.cern.ch/lcg/releases/MCGenerators/madgraph5amc/3.5.3.atlas7-2c347/x86_64-el9-gcc13-opt/input/mg5_configuration.txt  
INFO: load configuration from /uscms_data/d3/iturkmen/hh4b_delphes/mg5/TTbb_smoke/Cards/me5_configuration.txt  
Using default text editor "vi". Set another one in ./input/mg5_configuration.txt
Using default eps viewer "evince". Set another one in ./input/mg5_configuration.txt
Using default web browser "firefox". Set another one in ./input/mg5_configuration.txt
generate_events run_ttbb_50k_006 -f
Generating 5000 events with run name run_ttbb_50k_006
survey  run_ttbb_50k_006 
INFO: compile directory 
compile Source Directory
Using random number seed offset = 107006
INFO: Running Survey 
Creating Jobs
Working on SubProcesses
INFO: Compiling for process 1/2. 
INFO:     P1_gg_ttxbbx  
  0%|          | 0/1049 [00:00<?, ?it/s] 58%|█████▊    | 605/1049 [00:00<00:00, 6048.36it/s]100%|██████████| 1049/1049 [00:00<00:00, 6072.19it/s]
INFO: Compiling for process 2/2. 
INFO:     P1_qq_ttxbbx  
  0%|          | 0/816 [00:00<?, ?it/s]100%|██████████| 816/816 [00:00<00:00, 40781.57it/s]
INFO:     P1_gg_ttxbbx  
INFO:     P1_qq_ttxbbx  
INFO:  Idle: 3,  Running: 8,  Completed: 1 [ current time: 15h20 ] 
INFO:  Idle: 2,  Running: 8,  Completed: 2 [  0.075s  ] 
INFO:  Idle: 0,  Running: 0,  Completed: 12 [  0.89s  ] 
INFO: End survey 
refine 5000
Creating Jobs
INFO: Refine results to 5000 
INFO: Generating 5000.0 unweighted events. 
sum of cpu time of last step: 18 seconds
INFO: Effective Luminosity 3910.6768174149474 pb^-1 
INFO: need to improve 10 channels 
- Current estimate of cross-section: 1.5342612750000002 +- 0.02018691296437571
    P1_gg_ttxbbx 
    P1_qq_ttxbbx 
INFO:  Idle: 4,  Running: 8,  Completed: 0 [ current time: 15h20 ] 
INFO:  Idle: 3,  Running: 8,  Completed: 1 [  1s  ] 
INFO:  Idle: 0,  Running: 1,  Completed: 11 [  5.2s  ] 
INFO:  Idle: 0,  Running: 0,  Completed: 12 [  6.5s  ] 
INFO: Combining runs 
sum of cpu time of last step: 43 seconds
INFO: finish refine 
refine 5000 --treshold=0.9
No need for second refine due to stability of cross-section
INFO: Combining Events 
combination of events done in 3.6931164264678955 s 
  === Results Summary for run: run_ttbb_50k_006 tag: tag_1 ===

     Cross-section :   1.547 +- 0.00658 pb
     Nb of events :  5000
 
INFO: Running Systematics computation 
INFO:  Idle: 1,  Running: 1,  Completed: 0 [ current time: 15h20 ] 
INFO:  Idle: 0,  Running: 1,  Completed: 1 [  11.1s  ] 
INFO: # Events generated with PDF: NNPDF23_lo_as_0130_qed (247000) 
INFO: # Will Compute 145 weights per event. 
INFO: #***************************************************************************
#
# original cross-section: 1.546550051839308
#     scale variation: +69.9% -37.7%
#     central scheme variation: + 0% -61.1%
# PDF variation: +7.44% -7.44%
#
# dynamical scheme # 1 : 0.844959 +58% -34.5% # \sum ET
# dynamical scheme # 2 : 0.719252 +55.5% -33.7% # \sum\sqrt{m^2+pt^2}
# dynamical scheme # 3 : 1.11836 +61.9% -35.7% # 0.5 \sum\sqrt{m^2+pt^2}
# dynamical scheme # 4 : 0.601266 +53.1% -32.8% # \sqrt{\hat s}
#***************************************************************************
 
INFO: End of systematics computation 
store_events
INFO: Storing parton level results 
INFO: End Parton 
reweight -from_cards
decay_events -from_cards
INFO: storing files of previous run 
INFO: Done 
quit
INFO:  
LHE=/uscms_data/d3/iturkmen/hh4b_delphes/mg5/TTbb_smoke/Events/run_ttbb_50k_006/unweighted_events.lhe.gz
N_FOUND=5000
Sample: ttbb_50k_shard006
Input LHE.GZ: /uscms_data/d3/iturkmen/hh4b_delphes/mg5/TTbb_smoke/Events/run_ttbb_50k_006/unweighted_events.lhe.gz
Events requested: 5000
Output tag: ttbb_50k_shard006
LHE: /uscms_data/d3/iturkmen/hh4b_delphes/mg5/TTbb_smoke/Events/run_ttbb_50k_006/unweighted_events.lhe
HEPMC: /uscms_data/d3/iturkmen/hh4b_delphes/hepmc/ttbb_50k_shard006_pythia8.hepmc
ROOT: /uscms_data/d3/iturkmen/hh4b_delphes/root/ttbb_50k_shard006_pythia8_delphes.root
LHE event count: 5000

 *------------------------------------------------------------------------------------* 
 |                                                                                    | 
 |  *------------------------------------------------------------------------------*  | 
 |  |                                                                              |  | 
 |  |                                                                              |  | 
 |  |   PPP   Y   Y  TTTTT  H   H  III    A      Welcome to the Lund Monte Carlo!  |  | 
 |  |   P  P   Y Y     T    H   H   I    A A     This is PYTHIA version 8.312      |  | 
 |  |   PPP     Y      T    HHHHH   I   AAAAA    Last date of change: 23 May 2024  |  | 
 |  |   P       Y      T    H   H   I   A   A                                      |  | 
 |  |   P       Y      T    H   H  III  A   A    Now is 08 Jul 2026 at 15:21:22    |  | 
 |  |                                                                              |  | 
 |  |   Program documentation and an archive of historic versions is found on:     |  | 
 |  |                                                                              |  | 
 |  |                               https://pythia.org/                            |  | 
 |  |                                                                              |  | 
 |  |   PYTHIA is authored by a collaboration consisting of:                       |  | 
 |  |                                                                              |  | 
 |  |   Javira Altmann, Christian Bierlich, Naomi Cooke, Nishita Desai,            |  | 
 |  |   Leif Gellersen, Ilkka Helenius, Philip Ilten, Leif Lonnblad,               |  | 
 |  |   Stephen Mrenna, Christian Preuss, Torbjorn Sjostrand, Peter Skands,        |  | 
 |  |   Marius Utheim, and Rob Verheyen.                                           |  | 
 |  |                                                                              |  | 
 |  |   The complete list of authors, including contact information and            |  | 
 |  |   affiliations, can be found on https://pythia.org/.                         |  | 
 |  |   Problems or bugs should be reported on email at authors@pythia.org.        |  | 
 |  |                                                                              |  | 
 |  |   The main program reference is C. Bierlich et al,                           |  | 
 |  |   'A comprehensive guide to the physics and usage of Pythia 8.3',            |  | 
 |  |   SciPost Phys. Codebases 8-r8.3 (2022) [arXiv:2203.11601 [hep-ph]]          |  | 
 |  |                                                                              |  | 
 |  |   PYTHIA is released under the GNU General Public Licence version 2 or later.|  | 
 |  |   Please respect the MCnet Guidelines for Event Generator Authors and Users. |  | 
 |  |                                                                              |  | 
 |  |   Disclaimer: this program comes without any guarantees.                     |  | 
 |  |   Beware of errors and use common sense when interpreting results.           |  | 
 |  |                                                                              |  | 
 |  |   Copyright (C) 2024 Torbjorn Sjostrand                                      |  | 
 |  |                                                                              |  | 
 |  |                                                                              |  | 
 |  *------------------------------------------------------------------------------*  | 
 |                                                                                    | 
 *------------------------------------------------------------------------------------* 

 *-----------------------  SusyLesHouches SUSY/BSM Interface  ------------------------*
 | Last Change 12 Apr 2017 - P. Skands
 | Parsing: /uscms_data/d3/iturkmen/hh4b_delphes/mg5/TTbb_smoke/Events/run_ttbb_50k_006/unweighted_events.lhe
 | (SLHA::readFile) line 338 - storing non-SLHA(2) block: yukawa
 *------------------------------------------------------------------------------------*
 PYTHIA Info from SLHAinterface::initSLHA: No MODSEL found, keeping internal SUSY switched off
 PYTHIA Warning in SLHAinterface::initSLHA: ignoring MASS entries for id = {1,2,3,4,5,11,12,13,14,15,16,21,22,23,24} (m0 < SLHA:minMassSM)
 PYTHIA Warning in SLHAinterface::initSLHA: ignoring DECAY tables for id = {23,24,1,2,3,4,5,11,12,13,14,15,16,21,22} (m0 < SLHA:minMassSM)
 PYTHIA Warning in SLHAinterface::initSLHA: ignoring empty DECAY tables for id = {6,25} (total width provided but no Branching Ratios)

 *-------  PYTHIA Process Initialization  --------------------------*
 |                                                                  |
 | We collide p+ with p+ at a CM energy of 1.300e+04 GeV            |
 |                                                                  |
 |------------------------------------------------------------------|
 |                                                    |             |
 | Subprocess                                    Code |   Estimated |
 |                                                    |    max (mb) |
 |                                                    |             |
 |------------------------------------------------------------------|
 |                                                    |             |
 | Les Houches User Process(es)                  9999 |   1.000e-09 |
 |                                                                  |
 *-------  End PYTHIA Process Initialization -----------------------*

 *-------  PYTHIA Multiparton Interactions Initialization  ---------* 
 |                                                                  | 
 |                   sigmaNonDiffractive =    56.42 mb              | 
 |                                                                  | 
 |    pT0 =  2.60 gives sigmaInteraction =   317.96 mb: accepted    | 
 |                                                                  | 
 *-------  End PYTHIA Multiparton Interactions Initialization  -----* 

 *-------  PYTHIA Flag + Mode + Parm + Word + FVec + MVec + PVec + WVec Settings (changes only)  ------------------* 
 |                                                                                                                 | 
 | Name                                          |                      Now |      Default         Min         Max | 
 |                                               |                          |                                      | 
 | Beams:frameType                               |                        4 |            1           1           5 | 
 | Beams:LHEF                                    | /uscms_data/d3/iturkmen/hh4b_delphes/mg5/TTbb_smoke/Events/run_ttbb_50k_006/unweighted_events.lhe |         void | 
 | Check:event                                   |                      off |           on                         | 
 | Next:numberCount                              |                       10 |         1000           0             | 
 | Next:numberShowEvent                          |                        0 |            1           0             | 
 | Next:numberShowInfo                           |                        0 |            1           0             | 
 | Next:numberShowProcess                        |                        0 |            1           0             | 
 |                                                                                                                 | 
 *-------  End PYTHIA Flag + Mode + Parm + Word + FVec + MVec + PVec + WVec Settings  -----------------------------* 

 --------  PYTHIA Particle Data Table (changed only)  ------------------------------------------------------------------------------
 
      id   name            antiName         spn chg col      m0        mWidth      mMin       mMax       tau0    res dec ext vis wid
             no onMode   bRatio   meMode     products 

       6  t                tbar               2   2   1  173.00000    1.35678  166.40000  179.60000  1.45438e-13   1   1   0   1   0
              0     1   0.0000664    0       24        1 
              1     1   0.0017361    0       24        3 
              2     1   0.9981975    0       24        5 
              3     0   0.0000000    0       37        5 

      25  h0                                  1   0   0  125.00000    0.00408  124.96809  125.03191  4.83238e-11   1   1   0   0   0
              0     1   0.0000009    0        1       -1 
              1     1   0.0000002    0        2       -2 
              2     1   0.0002163    0        3       -3 
              3     1   0.0288493    0        4       -4 
              4     1   0.5768873    0        5       -5 
              5     1   0.0000000    0        6       -6 
              6     1   0.0000000    0       11      -11 
              7     1   0.0002185    0       13      -13 
              8     1   0.0628569    0       15      -15 
              9     1   0.0850383    0       21       21 
             10     1   0.0022965    0       22       22 
             11     1   0.0016155    0       22       23 
             12     1   0.0261758    0       23       23 
             13     1   0.2158445    0       24      -24 
             14     1   0.0000000  103  1000022  1000022 
             15     1   0.0000000  103  1000023  1000022 
             16     1   0.0000000  103  1000023  1000023 
             17     1   0.0000000  103  1000025  1000022 
             18     1   0.0000000  103  1000025  1000023 
             19     1   0.0000000  103  1000025  1000025 
             20     1   0.0000000  103  1000035  1000022 
             21     1   0.0000000  103  1000035  1000023 
             22     1   0.0000000  103  1000035  1000025 
             23     1   0.0000000  103  1000035  1000035 
             24     1   0.0000000  103  1000024 -1000024 
             25     1   0.0000000  103  1000024 -1000037 
             26     1   0.0000000  103  1000037 -1000024 
             27     1   0.0000000  103  1000037 -1000037 
             28     1   0.0000000  103  1000001 -1000001 
             29     1   0.0000000  103  2000001 -2000001 
             30     1   0.0000000  103  1000001 -2000001 
             31     1   0.0000000  103 -1000001  2000001 
             32     1   0.0000000  103  1000002 -1000002 
             33     1   0.0000000  103  2000002 -2000002 
             34     1   0.0000000  103  1000002 -2000002 
             35     1   0.0000000  103 -1000002  2000002 
             36     1   0.0000000  103  1000003 -1000003 
             37     1   0.0000000  103  2000003 -2000003 
             38     1   0.0000000  103  1000003 -2000003 
             39     1   0.0000000  103 -1000003  2000003 
             40     1   0.0000000  103  1000004 -1000004 
             41     1   0.0000000  103  2000004 -2000004 
             42     1   0.0000000  103  1000004 -2000004 
             43     1   0.0000000  103 -1000004  2000004 
             44     1   0.0000000  103  1000005 -1000005 
             45     1   0.0000000  103  2000005 -2000005 
             46     1   0.0000000  103  1000005 -2000005 
             47     1   0.0000000  103 -1000005  2000005 
             48     1   0.0000000  103  1000006 -1000006 
             49     1   0.0000000  103  2000006 -2000006 
             50     1   0.0000000  103  1000006 -2000006 
             51     1   0.0000000  103 -1000006  2000006 
             52     1   0.0000000  103  1000011 -1000011 
             53     1   0.0000000  103  2000011 -2000011 
             54     1   0.0000000  103  1000011 -2000011 
             55     1   0.0000000  103 -1000011  2000011 
             56     1   0.0000000  103  1000012 -1000012 
             57     1   0.0000000  103  2000012 -2000012 
             58     1   0.0000000  103  1000012 -2000012 
             59     1   0.0000000  103 -1000012  2000012 
             60     1   0.0000000  103  1000013 -1000013 
             61     1   0.0000000  103  2000013 -2000013 
             62     1   0.0000000  103  1000013 -2000013 
             63     1   0.0000000  103 -1000013  2000013 
             64     1   0.0000000  103  1000014 -1000014 
             65     1   0.0000000  103  2000014 -2000014 
             66     1   0.0000000  103  1000014 -2000014 
             67     1   0.0000000  103 -1000014  2000014 
             68     1   0.0000000  103  1000015 -1000015 
             69     1   0.0000000  103  2000015 -2000015 
             70     1   0.0000000  103  1000015 -2000015 
             71     1   0.0000000  103 -1000015  2000015 
             72     1   0.0000000  103  1000016 -1000016 
             73     1   0.0000000  103  2000016 -2000016 
             74     1   0.0000000  103  1000016 -2000016 
             75     1   0.0000000  103 -1000016  2000016 

 --------  End PYTHIA Particle Data Table  -----------------------------------------------------------------------------------------


 --------  LHA initialization information  ------------ 

  beam    kind      energy  pdfgrp  pdfset 
     A    2212    6500.000       0  247000
     B    2212    6500.000       0  247000

  Event weighting strategy = -4

  Processes, with strategy-dependent cross section info 
  number      xsec (pb)      xerr (pb)      xmax (pb) 
       1     1.5469e+00     6.5800e-03     1.5469e+00

 --------  End LHA initialization information  -------- 

 --------  LHA event information and listing  ---------------------------------------------------------------------- 

    process =        1    weight =   1.5469e+00     scale =   3.0153e+02 (GeV) 
                        alpha_em =   7.5558e-03    alpha_strong =   1.0846e-01

    Participating Particles 
    no        id stat     mothers     colours      p_x        p_y        p_z         e          m        tau    spin 
     1        21   -1     0     0   501   503      0.000      0.000   2380.669   2380.669      0.000   0.000  -1.000
     2        21   -1     0     0   502   504     -0.000     -0.000   -691.960    691.960      0.000   0.000  -1.000
     3         6    1     1     2   501     0    370.604    321.018   1633.898   1714.578    172.500   0.000  -1.000
     4        -6    1     1     2     0   504     15.311    101.027   -472.179    512.981    172.500   0.000  -1.000
     5         5    1     1     2   502     0   -394.043   -243.497    463.608    655.374      4.700   0.000  -1.000
     6        -5    1     1     2     0   503      8.127   -178.547     63.382    189.696      4.700   0.000   1.000

 --------  End LHA event information and listing  ------------------------------------------------------------------ 

 Pythia::next(): 10 events have been generated 

 Pythia::next(): 20 events have been generated 

 Pythia::next(): 30 events have been generated 

 Pythia::next(): 40 events have been generated 

 Pythia::next(): 50 events have been generated 

 Pythia::next(): 60 events have been generated 

 Pythia::next(): 70 events have been generated 

 Pythia::next(): 80 events have been generated 

 Pythia::next(): 90 events have been generated 

 Pythia::next(): 100 events have been generated 

 Pythia::next(): 110 events have been generated 

 Pythia::next(): 120 events have been generated 

 Pythia::next(): 130 events have been generated 

 Pythia::next(): 140 events have been generated 

 Pythia::next(): 150 events have been generated 

 Pythia::next(): 160 events have been generated 

 Pythia::next(): 170 events have been generated 

 Pythia::next(): 180 events have been generated 

 Pythia::next(): 190 events have been generated 

 Pythia::next(): 200 events have been generated 

 Pythia::next(): 210 events have been generated 

 Pythia::next(): 220 events have been generated 

 Pythia::next(): 230 events have been generated 

 Pythia::next(): 240 events have been generated 
 PYTHIA Warning in SimpleSpaceShower::pT2nextQCD: small daughter PDF

 Pythia::next(): 250 events have been generated 

 Pythia::next(): 260 events have been generated 

 Pythia::next(): 270 events have been generated 

 Pythia::next(): 280 events have been generated 

 Pythia::next(): 290 events have been generated 

 Pythia::next(): 300 events have been generated 

 Pythia::next(): 310 events have been generated 

 Pythia::next(): 320 events have been generated 

 Pythia::next(): 330 events have been generated 

 Pythia::next(): 340 events have been generated 

 Pythia::next(): 350 events have been generated 

 Pythia::next(): 360 events have been generated 

 Pythia::next(): 370 events have been generated 

 Pythia::next(): 380 events have been generated 

 Pythia::next(): 390 events have been generated 

 Pythia::next(): 400 events have been generated 

 Pythia::next(): 410 events have been generated 

 Pythia::next(): 420 events have been generated 

 Pythia::next(): 430 events have been generated 

 Pythia::next(): 440 events have been generated 

 Pythia::next(): 450 events have been generated 

 Pythia::next(): 460 events have been generated 

 Pythia::next(): 470 events have been generated 

 Pythia::next(): 480 events have been generated 

 Pythia::next(): 490 events have been generated 

 Pythia::next(): 500 events have been generated 

 Pythia::next(): 510 events have been generated 

 Pythia::next(): 520 events have been generated 

 Pythia::next(): 530 events have been generated 

 Pythia::next(): 540 events have been generated 

 Pythia::next(): 550 events have been generated 

 Pythia::next(): 560 events have been generated 

 Pythia::next(): 570 events have been generated 

 Pythia::next(): 580 events have been generated 

 Pythia::next(): 590 events have been generated 

 Pythia::next(): 600 events have been generated 

 Pythia::next(): 610 events have been generated 

 Pythia::next(): 620 events have been generated 

 Pythia::next(): 630 events have been generated 

 Pythia::next(): 640 events have been generated 

 Pythia::next(): 650 events have been generated 

 Pythia::next(): 660 events have been generated 

 Pythia::next(): 670 events have been generated 

 Pythia::next(): 680 events have been generated 

 Pythia::next(): 690 events have been generated 

 Pythia::next(): 700 events have been generated 

 Pythia::next(): 710 events have been generated 

 Pythia::next(): 720 events have been generated 

 Pythia::next(): 730 events have been generated 

 Pythia::next(): 740 events have been generated 

 Pythia::next(): 750 events have been generated 

 Pythia::next(): 760 events have been generated 

 Pythia::next(): 770 events have been generated 

 Pythia::next(): 780 events have been generated 

 Pythia::next(): 790 events have been generated 

 Pythia::next(): 800 events have been generated 

 Pythia::next(): 810 events have been generated 

 Pythia::next(): 820 events have been generated 

 Pythia::next(): 830 events have been generated 

 Pythia::next(): 840 events have been generated 

 Pythia::next(): 850 events have been generated 

 Pythia::next(): 860 events have been generated 

 Pythia::next(): 870 events have been generated 

 Pythia::next(): 880 events have been generated 

 Pythia::next(): 890 events have been generated 

 Pythia::next(): 900 events have been generated 

 Pythia::next(): 910 events have been generated 

 Pythia::next(): 920 events have been generated 

 Pythia::next(): 930 events have been generated 

 Pythia::next(): 940 events have been generated 

 Pythia::next(): 950 events have been generated 

 Pythia::next(): 960 events have been generated 

 Pythia::next(): 970 events have been generated 

 Pythia::next(): 980 events have been generated 

 Pythia::next(): 990 events have been generated 

 Pythia::next(): 1000 events have been generated 

 Pythia::next(): 1010 events have been generated 

 Pythia::next(): 1020 events have been generated 

 Pythia::next(): 1030 events have been generated 

 Pythia::next(): 1040 events have been generated 

 Pythia::next(): 1050 events have been generated 

 Pythia::next(): 1060 events have been generated 

 Pythia::next(): 1070 events have been generated 

 Pythia::next(): 1080 events have been generated 

 Pythia::next(): 1090 events have been generated 

 Pythia::next(): 1100 events have been generated 

 Pythia::next(): 1110 events have been generated 

 Pythia::next(): 1120 events have been generated 

 Pythia::next(): 1130 events have been generated 

 Pythia::next(): 1140 events have been generated 

 Pythia::next(): 1150 events have been generated 

 Pythia::next(): 1160 events have been generated 

 Pythia::next(): 1170 events have been generated 
 PYTHIA Warning in HadronWidths::pickMasses: angular momentum and running widths not used

 Pythia::next(): 1180 events have been generated 

 Pythia::next(): 1190 events have been generated 

 Pythia::next(): 1200 events have been generated 

 Pythia::next(): 1210 events have been generated 

 Pythia::next(): 1220 events have been generated 

 Pythia::next(): 1230 events have been generated 

 Pythia::next(): 1240 events have been generated 

 Pythia::next(): 1250 events have been generated 

 Pythia::next(): 1260 events have been generated 

 Pythia::next(): 1270 events have been generated 

 Pythia::next(): 1280 events have been generated 

 Pythia::next(): 1290 events have been generated 

 Pythia::next(): 1300 events have been generated 

 Pythia::next(): 1310 events have been generated 

 Pythia::next(): 1320 events have been generated 

 Pythia::next(): 1330 events have been generated 

 Pythia::next(): 1340 events have been generated 

 Pythia::next(): 1350 events have been generated 

 Pythia::next(): 1360 events have been generated 

 Pythia::next(): 1370 events have been generated 

 Pythia::next(): 1380 events have been generated 

 Pythia::next(): 1390 events have been generated 

 Pythia::next(): 1400 events have been generated 

 Pythia::next(): 1410 events have been generated 

 Pythia::next(): 1420 events have been generated 

 Pythia::next(): 1430 events have been generated 

 Pythia::next(): 1440 events have been generated 

 Pythia::next(): 1450 events have been generated 

 Pythia::next(): 1460 events have been generated 

 Pythia::next(): 1470 events have been generated 

 Pythia::next(): 1480 events have been generated 

 Pythia::next(): 1490 events have been generated 

 Pythia::next(): 1500 events have been generated 

 Pythia::next(): 1510 events have been generated 

 Pythia::next(): 1520 events have been generated 

 Pythia::next(): 1530 events have been generated 

 Pythia::next(): 1540 events have been generated 

 Pythia::next(): 1550 events have been generated 

 Pythia::next(): 1560 events have been generated 

 Pythia::next(): 1570 events have been generated 

 Pythia::next(): 1580 events have been generated 

 Pythia::next(): 1590 events have been generated 

 Pythia::next(): 1600 events have been generated 

 Pythia::next(): 1610 events have been generated 

 Pythia::next(): 1620 events have been generated 

 Pythia::next(): 1630 events have been generated 

 Pythia::next(): 1640 events have been generated 

 Pythia::next(): 1650 events have been generated 

 Pythia::next(): 1660 events have been generated 

 Pythia::next(): 1670 events have been generated 

 Pythia::next(): 1680 events have been generated 

 Pythia::next(): 1690 events have been generated 

 Pythia::next(): 1700 events have been generated 

 Pythia::next(): 1710 events have been generated 

 Pythia::next(): 1720 events have been generated 

 Pythia::next(): 1730 events have been generated 

 Pythia::next(): 1740 events have been generated 

 Pythia::next(): 1750 events have been generated 

 Pythia::next(): 1760 events have been generated 

 Pythia::next(): 1770 events have been generated 

 Pythia::next(): 1780 events have been generated 

 Pythia::next(): 1790 events have been generated 

 Pythia::next(): 1800 events have been generated 

 Pythia::next(): 1810 events have been generated 

 Pythia::next(): 1820 events have been generated 

 Pythia::next(): 1830 events have been generated 

 Pythia::next(): 1840 events have been generated 

 Pythia::next(): 1850 events have been generated 

 Pythia::next(): 1860 events have been generated 

 Pythia::next(): 1870 events have been generated 

 Pythia::next(): 1880 events have been generated 

 Pythia::next(): 1890 events have been generated 

 Pythia::next(): 1900 events have been generated 

 Pythia::next(): 1910 events have been generated 

 Pythia::next(): 1920 events have been generated 

 Pythia::next(): 1930 events have been generated 

 Pythia::next(): 1940 events have been generated 

 Pythia::next(): 1950 events have been generated 

 Pythia::next(): 1960 events have been generated 

 Pythia::next(): 1970 events have been generated 

 Pythia::next(): 1980 events have been generated 

 Pythia::next(): 1990 events have been generated 

 Pythia::next(): 2000 events have been generated 

 Pythia::next(): 2010 events have been generated 

 Pythia::next(): 2020 events have been generated 

 Pythia::next(): 2030 events have been generated 

 Pythia::next(): 2040 events have been generated 

 Pythia::next(): 2050 events have been generated 
 PYTHIA Warning in SimpleSpaceShower::pT2nextQCD: weight above unity

 Pythia::next(): 2060 events have been generated 

 Pythia::next(): 2070 events have been generated 

 Pythia::next(): 2080 events have been generated 

 Pythia::next(): 2090 events have been generated 

 Pythia::next(): 2100 events have been generated 

 Pythia::next(): 2110 events have been generated 

 Pythia::next(): 2120 events have been generated 

 Pythia::next(): 2130 events have been generated 

 Pythia::next(): 2140 events have been generated 

 Pythia::next(): 2150 events have been generated 

 Pythia::next(): 2160 events have been generated 

 Pythia::next(): 2170 events have been generated 

 Pythia::next(): 2180 events have been generated 

 Pythia::next(): 2190 events have been generated 

 Pythia::next(): 2200 events have been generated 

 Pythia::next(): 2210 events have been generated 

 Pythia::next(): 2220 events have been generated 

 Pythia::next(): 2230 events have been generated 

 Pythia::next(): 2240 events have been generated 

 Pythia::next(): 2250 events have been generated 

 Pythia::next(): 2260 events have been generated 

 Pythia::next(): 2270 events have been generated 

 Pythia::next(): 2280 events have been generated 

 Pythia::next(): 2290 events have been generated 

 Pythia::next(): 2300 events have been generated 

 Pythia::next(): 2310 events have been generated 

 Pythia::next(): 2320 events have been generated 

 Pythia::next(): 2330 events have been generated 

 Pythia::next(): 2340 events have been generated 

 Pythia::next(): 2350 events have been generated 

 Pythia::next(): 2360 events have been generated 

 Pythia::next(): 2370 events have been generated 

 Pythia::next(): 2380 events have been generated 

 Pythia::next(): 2390 events have been generated 

 Pythia::next(): 2400 events have been generated 

 Pythia::next(): 2410 events have been generated 

 Pythia::next(): 2420 events have been generated 

 Pythia::next(): 2430 events have been generated 

 Pythia::next(): 2440 events have been generated 

 Pythia::next(): 2450 events have been generated 

 Pythia::next(): 2460 events have been generated 

 Pythia::next(): 2470 events have been generated 

 Pythia::next(): 2480 events have been generated 

 Pythia::next(): 2490 events have been generated 

 Pythia::next(): 2500 events have been generated 

 Pythia::next(): 2510 events have been generated 

 Pythia::next(): 2520 events have been generated 

 Pythia::next(): 2530 events have been generated 

 Pythia::next(): 2540 events have been generated 

 Pythia::next(): 2550 events have been generated 
 PYTHIA Error in SimpleSpaceShower::pT2nearThreshold: stuck in loop

 Pythia::next(): 2560 events have been generated 

 Pythia::next(): 2570 events have been generated 

 Pythia::next(): 2580 events have been generated 

 Pythia::next(): 2590 events have been generated 

 Pythia::next(): 2600 events have been generated 

 Pythia::next(): 2610 events have been generated 

 Pythia::next(): 2620 events have been generated 

 Pythia::next(): 2630 events have been generated 

 Pythia::next(): 2640 events have been generated 

 Pythia::next(): 2650 events have been generated 

 Pythia::next(): 2660 events have been generated 

 Pythia::next(): 2670 events have been generated 

 Pythia::next(): 2680 events have been generated 

 Pythia::next(): 2690 events have been generated 

 Pythia::next(): 2700 events have been generated 

 Pythia::next(): 2710 events have been generated 

 Pythia::next(): 2720 events have been generated 

 Pythia::next(): 2730 events have been generated 

 Pythia::next(): 2740 events have been generated 

 Pythia::next(): 2750 events have been generated 

 Pythia::next(): 2760 events have been generated 

 Pythia::next(): 2770 events have been generated 

 Pythia::next(): 2780 events have been generated 

 Pythia::next(): 2790 events have been generated 

 Pythia::next(): 2800 events have been generated 

 Pythia::next(): 2810 events have been generated 

 Pythia::next(): 2820 events have been generated 

 Pythia::next(): 2830 events have been generated 

 Pythia::next(): 2840 events have been generated 

 Pythia::next(): 2850 events have been generated 

 Pythia::next(): 2860 events have been generated 

 Pythia::next(): 2870 events have been generated 

 Pythia::next(): 2880 events have been generated 

 Pythia::next(): 2890 events have been generated 

 Pythia::next(): 2900 events have been generated 

 Pythia::next(): 2910 events have been generated 

 Pythia::next(): 2920 events have been generated 

 Pythia::next(): 2930 events have been generated 

 Pythia::next(): 2940 events have been generated 

 Pythia::next(): 2950 events have been generated 

 Pythia::next(): 2960 events have been generated 

 Pythia::next(): 2970 events have been generated 

 Pythia::next(): 2980 events have been generated 

 Pythia::next(): 2990 events have been generated 

 Pythia::next(): 3000 events have been generated 

 Pythia::next(): 3010 events have been generated 

 Pythia::next(): 3020 events have been generated 

 Pythia::next(): 3030 events have been generated 

 Pythia::next(): 3040 events have been generated 

 Pythia::next(): 3050 events have been generated 

 Pythia::next(): 3060 events have been generated 

 Pythia::next(): 3070 events have been generated 

 Pythia::next(): 3080 events have been generated 

 Pythia::next(): 3090 events have been generated 

 Pythia::next(): 3100 events have been generated 

 Pythia::next(): 3110 events have been generated 

 Pythia::next(): 3120 events have been generated 

 Pythia::next(): 3130 events have been generated 

 Pythia::next(): 3140 events have been generated 

 Pythia::next(): 3150 events have been generated 

 Pythia::next(): 3160 events have been generated 

 Pythia::next(): 3170 events have been generated 

 Pythia::next(): 3180 events have been generated 

 Pythia::next(): 3190 events have been generated 

 Pythia::next(): 3200 events have been generated 

 Pythia::next(): 3210 events have been generated 

 Pythia::next(): 3220 events have been generated 

 Pythia::next(): 3230 events have been generated 

 Pythia::next(): 3240 events have been generated 

 Pythia::next(): 3250 events have been generated 

 Pythia::next(): 3260 events have been generated 

 Pythia::next(): 3270 events have been generated 

 Pythia::next(): 3280 events have been generated 

 Pythia::next(): 3290 events have been generated 

 Pythia::next(): 3300 events have been generated 

 Pythia::next(): 3310 events have been generated 

 Pythia::next(): 3320 events have been generated 

 Pythia::next(): 3330 events have been generated 

 Pythia::next(): 3340 events have been generated 

 Pythia::next(): 3350 events have been generated 

 Pythia::next(): 3360 events have been generated 

 Pythia::next(): 3370 events have been generated 

 Pythia::next(): 3380 events have been generated 

 Pythia::next(): 3390 events have been generated 

 Pythia::next(): 3400 events have been generated 

 Pythia::next(): 3410 events have been generated 

 Pythia::next(): 3420 events have been generated 

 Pythia::next(): 3430 events have been generated 

 Pythia::next(): 3440 events have been generated 

 Pythia::next(): 3450 events have been generated 

 Pythia::next(): 3460 events have been generated 

 Pythia::next(): 3470 events have been generated 

 Pythia::next(): 3480 events have been generated 

 Pythia::next(): 3490 events have been generated 

 Pythia::next(): 3500 events have been generated 

 Pythia::next(): 3510 events have been generated 

 Pythia::next(): 3520 events have been generated 

 Pythia::next(): 3530 events have been generated 

 Pythia::next(): 3540 events have been generated 

 Pythia::next(): 3550 events have been generated 

 Pythia::next(): 3560 events have been generated 

 Pythia::next(): 3570 events have been generated 

 Pythia::next(): 3580 events have been generated 

 Pythia::next(): 3590 events have been generated 

 Pythia::next(): 3600 events have been generated 

 Pythia::next(): 3610 events have been generated 

 Pythia::next(): 3620 events have been generated 

 Pythia::next(): 3630 events have been generated 
 PYTHIA Warning in SimpleTimeShower::pTnext: negative dipole mass

 Pythia::next(): 3640 events have been generated 

 Pythia::next(): 3650 events have been generated 

 Pythia::next(): 3660 events have been generated 

 Pythia::next(): 3670 events have been generated 

 Pythia::next(): 3680 events have been generated 

 Pythia::next(): 3690 events have been generated 

 Pythia::next(): 3700 events have been generated 

 Pythia::next(): 3710 events have been generated 

 Pythia::next(): 3720 events have been generated 

 Pythia::next(): 3730 events have been generated 

 Pythia::next(): 3740 events have been generated 

 Pythia::next(): 3750 events have been generated 

 Pythia::next(): 3760 events have been generated 

 Pythia::next(): 3770 events have been generated 

 Pythia::next(): 3780 events have been generated 

 Pythia::next(): 3790 events have been generated 

 Pythia::next(): 3800 events have been generated 

 Pythia::next(): 3810 events have been generated 

 Pythia::next(): 3820 events have been generated 

 Pythia::next(): 3830 events have been generated 

 Pythia::next(): 3840 events have been generated 

 Pythia::next(): 3850 events have been generated 

 Pythia::next(): 3860 events have been generated 

 Pythia::next(): 3870 events have been generated 

 Pythia::next(): 3880 events have been generated 

 Pythia::next(): 3890 events have been generated 

 Pythia::next(): 3900 events have been generated 

 Pythia::next(): 3910 events have been generated 

 Pythia::next(): 3920 events have been generated 

 Pythia::next(): 3930 events have been generated 

 Pythia::next(): 3940 events have been generated 

 Pythia::next(): 3950 events have been generated 

 Pythia::next(): 3960 events have been generated 

 Pythia::next(): 3970 events have been generated 

 Pythia::next(): 3980 events have been generated 

 Pythia::next(): 3990 events have been generated 

 Pythia::next(): 4000 events have been generated 

 Pythia::next(): 4010 events have been generated 

 Pythia::next(): 4020 events have been generated 

 Pythia::next(): 4030 events have been generated 

 Pythia::next(): 4040 events have been generated 

 Pythia::next(): 4050 events have been generated 

 Pythia::next(): 4060 events have been generated 

 Pythia::next(): 4070 events have been generated 

 Pythia::next(): 4080 events have been generated 

 Pythia::next(): 4090 events have been generated 

 Pythia::next(): 4100 events have been generated 

 Pythia::next(): 4110 events have been generated 

 Pythia::next(): 4120 events have been generated 

 Pythia::next(): 4130 events have been generated 

 Pythia::next(): 4140 events have been generated 

 Pythia::next(): 4150 events have been generated 

 Pythia::next(): 4160 events have been generated 

 Pythia::next(): 4170 events have been generated 

 Pythia::next(): 4180 events have been generated 

 Pythia::next(): 4190 events have been generated 

 Pythia::next(): 4200 events have been generated 

 Pythia::next(): 4210 events have been generated 

 Pythia::next(): 4220 events have been generated 

 Pythia::next(): 4230 events have been generated 

 Pythia::next(): 4240 events have been generated 

 Pythia::next(): 4250 events have been generated 

 Pythia::next(): 4260 events have been generated 

 Pythia::next(): 4270 events have been generated 

 Pythia::next(): 4280 events have been generated 

 Pythia::next(): 4290 events have been generated 

 Pythia::next(): 4300 events have been generated 

 Pythia::next(): 4310 events have been generated 

 Pythia::next(): 4320 events have been generated 

 Pythia::next(): 4330 events have been generated 

 Pythia::next(): 4340 events have been generated 

 Pythia::next(): 4350 events have been generated 

 Pythia::next(): 4360 events have been generated 

 Pythia::next(): 4370 events have been generated 

 Pythia::next(): 4380 events have been generated 

 Pythia::next(): 4390 events have been generated 

 Pythia::next(): 4400 events have been generated 

 Pythia::next(): 4410 events have been generated 

 Pythia::next(): 4420 events have been generated 

 Pythia::next(): 4430 events have been generated 

 Pythia::next(): 4440 events have been generated 

 Pythia::next(): 4450 events have been generated 

 Pythia::next(): 4460 events have been generated 

 Pythia::next(): 4470 events have been generated 

 Pythia::next(): 4480 events have been generated 

 Pythia::next(): 4490 events have been generated 

 Pythia::next(): 4500 events have been generated 

 Pythia::next(): 4510 events have been generated 

 Pythia::next(): 4520 events have been generated 

 Pythia::next(): 4530 events have been generated 

 Pythia::next(): 4540 events have been generated 

 Pythia::next(): 4550 events have been generated 

 Pythia::next(): 4560 events have been generated 

 Pythia::next(): 4570 events have been generated 

 Pythia::next(): 4580 events have been generated 

 Pythia::next(): 4590 events have been generated 

 Pythia::next(): 4600 events have been generated 

 Pythia::next(): 4610 events have been generated 

 Pythia::next(): 4620 events have been generated 

 Pythia::next(): 4630 events have been generated 

 Pythia::next(): 4640 events have been generated 

 Pythia::next(): 4650 events have been generated 

 Pythia::next(): 4660 events have been generated 

 Pythia::next(): 4670 events have been generated 

 Pythia::next(): 4680 events have been generated 

 Pythia::next(): 4690 events have been generated 

 Pythia::next(): 4700 events have been generated 

 Pythia::next(): 4710 events have been generated 

 Pythia::next(): 4720 events have been generated 

 Pythia::next(): 4730 events have been generated 

 Pythia::next(): 4740 events have been generated 

 Pythia::next(): 4750 events have been generated 

 Pythia::next(): 4760 events have been generated 

 Pythia::next(): 4770 events have been generated 

 Pythia::next(): 4780 events have been generated 

 Pythia::next(): 4790 events have been generated 

 Pythia::next(): 4800 events have been generated 

 Pythia::next(): 4810 events have been generated 

 Pythia::next(): 4820 events have been generated 

 Pythia::next(): 4830 events have been generated 

 Pythia::next(): 4840 events have been generated 

 Pythia::next(): 4850 events have been generated 

 Pythia::next(): 4860 events have been generated 

 Pythia::next(): 4870 events have been generated 

 Pythia::next(): 4880 events have been generated 

 Pythia::next(): 4890 events have been generated 

 Pythia::next(): 4900 events have been generated 

 Pythia::next(): 4910 events have been generated 

 Pythia::next(): 4920 events have been generated 

 Pythia::next(): 4930 events have been generated 

 Pythia::next(): 4940 events have been generated 

 Pythia::next(): 4950 events have been generated 

 Pythia::next(): 4960 events have been generated 

 Pythia::next(): 4970 events have been generated 

 Pythia::next(): 4980 events have been generated 

 Pythia::next(): 4990 events have been generated 

 *-------  PYTHIA Event and Cross Section Statistics  -------------------------------------------------------------*
 |                                                                                                                 |
 | Subprocess                                    Code |            Number of events       |      sigma +- delta    |
 |                                                    |       Tried   Selected   Accepted |     (estimated) (mb)   |
 |                                                    |                                   |                        |
 |-----------------------------------------------------------------------------------------------------------------|
 |                                                    |                                   |                        |
 | Les Houches User Process(es)                  9999 |        5000       5000       5000 |   1.547e-09  0.000e+00 |
 |    ... whereof user classification code          1 |        5000       5000       5000 |                        | 
 |                                                    |                                   |                        |
 | sum                                                |        5000       5000       5000 |   1.547e-09  0.000e+00 |
 |                                                                                                                 |
 *-------  End PYTHIA Event and Cross Section Statistics ----------------------------------------------------------*

 *-------  PYTHIA Error and Warning Messages Statistics  ----------------------------------------------------------* 
 |                                                                                                                 | 
 |  times   message                                                                                                | 
 |                                                                                                                 | 
 |     12   Error in SimpleSpaceShower::pT2nearThreshold: stuck in loop                                            | 
 |      2   Warning in HadronWidths::pickMasses: angular momentum and running widths not used                      | 
 |      1   Warning in SLHAinterface::initSLHA: ignoring DECAY tables                                              | 
 |      1   Warning in SLHAinterface::initSLHA: ignoring MASS entries                                              | 
 |      1   Warning in SLHAinterface::initSLHA: ignoring empty DECAY tables                                        | 
 |      1   Warning in SimpleSpaceShower::pT2nextQCD: small daughter PDF                                           | 
 |      1   Warning in SimpleSpaceShower::pT2nextQCD: weight above unity                                           | 
 |      1   Warning in SimpleTimeShower::pTnext: negative dipole mass                                              | 
 |      1   Info from SLHAinterface::initSLHA: No MODSEL found, keeping internal SUSY switched off                 | 
 |                                                                                                                 | 
 *-------  End PYTHIA Error and Warning Messages Statistics  ------------------------------------------------------* 
Wrote 5000 events to /uscms_data/d3/iturkmen/hh4b_delphes/hepmc/ttbb_50k_shard006_pythia8.hepmc
** INFO: initializing module  Delphes                  
** INFO: initializing module  ParticlePropagator       
** INFO: initializing module  ChargedHadronTrackingEfficiency
** INFO: initializing module  ElectronTrackingEfficiency
** INFO: initializing module  MuonTrackingEfficiency   
** INFO: initializing module  ChargedHadronMomentumSmearing
** INFO: initializing module  ElectronMomentumSmearing 
** INFO: initializing module  MuonMomentumSmearing     
** INFO: initializing module  TrackMerger              
** INFO: initializing module  ECal                     
** INFO: initializing module  HCal                     
** INFO: initializing module  Calorimeter              
** INFO: initializing module  EFlowMerger              
** INFO: initializing module  EFlowFilter              
** INFO: initializing module  PhotonEfficiency         
** INFO: initializing module  PhotonIsolation          
** INFO: initializing module  ElectronFilter           
** INFO: initializing module  ElectronEfficiency       
** INFO: initializing module  ElectronIsolation        
** INFO: initializing module  ChargedHadronFilter      
** INFO: initializing module  MuonEfficiency           
** INFO: initializing module  MuonIsolation            
** INFO: initializing module  MissingET                
** INFO: initializing module  NeutrinoFilter           
** INFO: initializing module  GenJetFinder             
#--------------------------------------------------------------------------
#                         FastJet release 3.5.1
#                 M. Cacciari, G.P. Salam and G. Soyez                  
#     A software package for jet finding and analysis at colliders      
#                           https://fastjet.fr                           
#	                                                                      
# Please cite EPJC72(2012)1896 [arXiv:1111.6097] if you use this package
# for scientific work and optionally PLB641(2006)57 [hep-ph/0512210].   
#                                                                       
# FastJet is provided without warranty under the GNU GPL v2 or higher.  
# It uses T. Chan's closest pair algorithm, S. Fortune's Voronoi code
# and 3rd party plugin jet algorithms. See COPYING file for details.
#--------------------------------------------------------------------------
** INFO: initializing module  GenMissingET             
** INFO: initializing module  FastJetFinder            
** INFO: initializing module  FatJetFinder             
** INFO: initializing module  JetEnergyScale           
** INFO: initializing module  JetFlavorAssociation     
** INFO: initializing module  BTagging                 
** INFO: initializing module  TauTagging               
** INFO: initializing module  UniqueObjectFinder       
** INFO: initializing module  ScalarHT                 
** INFO: initializing module  TreeWriter               
** Reading /uscms_data/d3/iturkmen/hh4b_delphes/hepmc/ttbb_50k_shard006_pythia8.hepmc
** [----------------------------------------------------------------] (0.03%)** [#---------------------------------------------------------------] (2.41%)** [##--------------------------------------------------------------] (3.42%)** [###-------------------------------------------------------------] (5.57%)** [####------------------------------------------------------------] (6.44%)** [#####-----------------------------------------------------------] (8.00%)** [######----------------------------------------------------------] (9.55%)** [#######---------------------------------------------------------] (11.44%)** [########--------------------------------------------------------] (13.97%)** [#########-------------------------------------------------------] (15.44%)** [##########------------------------------------------------------] (16.17%)** [###########-----------------------------------------------------] (17.64%)** [############----------------------------------------------------] (18.79%)** [#############---------------------------------------------------] (21.66%)** [##############--------------------------------------------------] (22.53%)** [###############-------------------------------------------------] (23.99%)** [################------------------------------------------------] (26.35%)** [#################-----------------------------------------------] (27.81%)** [##################----------------------------------------------] (28.66%)** [###################---------------------------------------------] (30.10%)** [####################--------------------------------------------] (31.30%)** [#####################-------------------------------------------] (32.84%)** [######################------------------------------------------] (35.06%)** [#######################-----------------------------------------] (36.49%)** [########################----------------------------------------] (37.76%)** [#########################---------------------------------------] (39.10%)** [##########################--------------------------------------] (41.52%)** [###########################-------------------------------------] (42.94%)** [############################------------------------------------] (43.95%)** [#############################-----------------------------------] (45.91%)** [##############################----------------------------------] (46.89%)** [###############################---------------------------------] (48.65%)** [################################--------------------------------] (50.19%)** [#################################-------------------------------] (52.07%)** [##################################------------------------------] (53.28%)** [###################################-----------------------------] (55.48%)** [####################################----------------------------] (56.76%)** [#####################################---------------------------] (58.21%)** [######################################--------------------------] (59.67%)** [#######################################-------------------------] (61.99%)** [########################################------------------------] (63.00%)** [#########################################-----------------------] (64.13%)** [##########################################----------------------] (65.97%)** [###########################################---------------------] (68.14%)** [############################################--------------------] (69.59%)** [#############################################-------------------] (71.02%)** [##############################################------------------] (72.44%)** [###############################################-----------------] (73.88%)** [################################################----------------] (75.50%)** [#################################################---------------] (76.91%)** [##################################################--------------] (78.59%)** [###################################################-------------] (79.78%)** [####################################################------------] (82.47%)** [#####################################################-----------] (83.84%)** [######################################################----------] (85.26%)** [#######################################################---------] (86.21%)** [########################################################--------] (87.54%)** [#########################################################-------] (90.18%)** [##########################################################------] (91.58%)** [###########################################################-----] (92.51%)** [############################################################----] (94.01%)** [#############################################################---] (96.67%)** [##############################################################--] (98.04%)** [###############################################################-] (98.92%)** [################################################################] (100.00%)
** Exiting...
FILE: /uscms_data/d3/iturkmen/hh4b_delphes/root/ttbb_50k_shard006_pythia8_delphes.root

KEYS:
  ProcessID0;1
  Delphes;1

TREE: Delphes
ENTRIES: 5000

OBJECT CHECK:
  Event: OK
  Particle: OK
  Jet: OK
  GenJet: OK
  MissingET: OK
  GenMissingET: OK
  Electron: OK
  Muon: OK

SIZE BRANCHES:
  Event_size
  Weight_size
  Particle_size
  Track_size
  Tower_size
  EFlowTrack_size
  EFlowPhoton_size
  EFlowNeutralHadron_size
  GenJet_size
  GenMissingET_size
  Jet_size
  Electron_size
  Photon_size
  Muon_size
  FatJet_size
  MissingET_size
  ScalarHT_size
Input: /uscms_data/d3/iturkmen/hh4b_delphes/root/ttbb_50k_shard006_pythia8_delphes.root
Events: 5000

      event  n_higgs_particles  ...  n_genjets_flavor5  n_genjets_btag
0         0                  0  ...                  0               0
1         1                  0  ...                  0               0
2         2                  0  ...                  0               0
3         3                  0  ...                  0               0
4         4                  0  ...                  0               0
...     ...                ...  ...                ...             ...
4995   4995                  0  ...                  0               0
4996   4996                  0  ...                  0               0
4997   4997                  0  ...                  0               0
4998   4998                  0  ...                  0               0
4999   4999                  0  ...                  0               0

[5000 rows x 15 columns]

Column sums:
  n_higgs_particles: 0
  n_b_particles: 164234
  n_status1_b_particles: 0
  n_jets: 37155
  n_jets_pt30_eta25: 29566
  n_jets_flavor5: 17538
  n_jets_flavoralgo5: 0
  n_jets_flavorphys5: 0
  n_btagged_jets: 12252
  n_btagged_jets_pt30_eta25: 11337
  n_genjets: 39997
  n_genjets_pt30_eta25: 30198
  n_genjets_flavor5: 0
  n_genjets_btag: 0

Events with >=4 reconstructed jets: 4670
Events with >=4 reconstructed b-tagged jets: 622
Events with >=4 jet FlavorPhys b jets: 0
Events with >=4 generator-level b particles: 5000

Wrote: /uscms_data/d3/iturkmen/hh4b_delphes/metadata/ttbb_50k_shard006_diagnostic.csv
Wrote: /uscms_data/d3/iturkmen/hh4b_delphes/parquet/ttbb_50k_shard006_event_summary.parquet
                 sample  event  event_weight  ...  n_muon  ht_pt30_eta25         met
0     ttbb_50k_shard006      0      1.546859  ...       1     589.815735   77.115303
1     ttbb_50k_shard006      1      1.546859  ...       1     607.903931   18.640675
2     ttbb_50k_shard006      2      1.546859  ...       0     335.531525   73.169456
3     ttbb_50k_shard006      3      1.546859  ...       0     405.542511  177.626907
4     ttbb_50k_shard006      4      1.546859  ...       0    1339.805298  101.319870
...                 ...    ...           ...  ...     ...            ...         ...
4995  ttbb_50k_shard006   4995      1.546859  ...       0     744.336243   49.700806
4996  ttbb_50k_shard006   4996      1.546859  ...       0     149.390015   22.841562
4997  ttbb_50k_shard006   4997      1.546859  ...       0     520.026672   17.950825
4998  ttbb_50k_shard006   4998      1.546859  ...       2     260.170105   83.341110
4999  ttbb_50k_shard006   4999      1.546859  ...       0     464.851471    8.206715

[5000 rows x 13 columns]

Selection counts:
  events: 5000
  events with >=4 selected jets: 4670
  events with >=4 selected b-tagged jets: 622
DONE: ttbb_50k_shard006
ROOT: /uscms_data/d3/iturkmen/hh4b_delphes/root/ttbb_50k_shard006_pythia8_delphes.root
HEPMC: /uscms_data/d3/iturkmen/hh4b_delphes/hepmc/ttbb_50k_shard006_pythia8.hepmc
PARQUET: /uscms_data/d3/iturkmen/hh4b_delphes/parquet/ttbb_50k_shard006_event_summary.parquet
DIAGNOSTIC: /uscms_data/d3/iturkmen/hh4b_delphes/metadata/ttbb_50k_shard006_diagnostic.csv
Input events: 5000
Events with >=4 selected b-tagged jets: 622
Wrote: /uscms_data/d3/iturkmen/hh4b_delphes/parquet/ttbb_50k_shard006_hh4b_candidates.parquet

              mbb1        mbb2  ...          mhh  n_selected_bjets
count   622.000000  622.000000  ...   622.000000        622.000000
mean    173.381615  146.726847  ...   556.733480          4.197749
std     106.405409   90.401559  ...   295.301391          0.448071
min      46.368782   27.533287  ...   115.730141          4.000000
25%     116.632892   99.129819  ...   368.226227          4.000000
50%     146.904886  126.989484  ...   490.239180          4.000000
75%     194.545667  164.363001  ...   664.451111          4.000000
max    1146.325811  986.731615  ...  2820.505261          7.000000

[8 rows x 6 columns]
sample: ttbb_50k_shard006
events: 5000
candidate rows: 622
cross-section median pb: 1.5468592643737793
events with >=4 selected jets: 4670
events with >=4 selected b-tagged jets: 622
median mbb1: 146.90488589085584
median mbb2: 126.98948353283181
median avg_mbb: 141.31622865883912
median delta_mbb: 54.18163525907357
median mhh: 490.2391795820688
median n_selected_bjets: 4.0
Wrote: /uscms_data/d3/iturkmen/hh4b_delphes/metadata/ttbb_50k_shard006_summary.txt
DONE ttbb_50k_shard006
Finished shard 006

============================================================
Starting shard 007 / campaign ttbb_50k
TAG=ttbb_50k_shard007
RUN_NAME=run_ttbb_50k_007
SEED=107007
============================================================
PROCESS_DIR=/uscms_data/d3/iturkmen/hh4b_delphes/mg5/TTbb_smoke
RUN_NAME=run_ttbb_50k_007
N_EVENTS=5000
SEED=107007
OUTPUT_TAG=ttbb_50k_shard007
APPLY_B_CUTS=yes
Updated run card:
 5000 = nevents ! Number of unweighted events
 107007 = iseed ! Random seed
 25.0 = ptb ! minimum pt for b quarks
  -1.0	= ptbmax ! maximum pt for the b
 2.7 = etab ! maximum eta for b quarks
  0.0	= etabmin ! min rap for the b
 0.4 = drbb ! minimum deltaR between b quarks
  -1.0	= drbbmax ! max distance between b's
  0.0	= xptb ! minimum pt for at least one b 
 0.4 = drbj ! minimum deltaR between b and light jets
 20.0 = ptj ! minimum pt for jets
 5.0 = etaj ! maximum eta for jets
************************************************************
*                                                          *
*                      W E L C O M E to                    *
*             M A D G R A P H 5 _ a M C @ N L O            *
*                      M A D E V E N T                     *
*                                                          *
*                 *                       *                *
*                   *        * *        *                  *
*                     * * * * 5 * * * *                    *
*                   *        * *        *                  *
*                 *                       *                *
*                                                          *
*         VERSION 3.5.3                                    *
*                                                          *
*    The MadGraph5_aMC@NLO Development Team - Find us at   *
*    https://server06.fynu.ucl.ac.be/projects/madgraph     *
*                                                          *
*               Type 'help' for in-line help.              *
*                                                          *
************************************************************
INFO: load configuration from /uscms_data/d3/iturkmen/hh4b_delphes/mg5/TTbb_smoke/Cards/me5_configuration.txt  
INFO: load configuration from /cvmfs/sft.cern.ch/lcg/releases/MCGenerators/madgraph5amc/3.5.3.atlas7-2c347/x86_64-el9-gcc13-opt/input/mg5_configuration.txt  
INFO: load configuration from /uscms_data/d3/iturkmen/hh4b_delphes/mg5/TTbb_smoke/Cards/me5_configuration.txt  
Using default text editor "vi". Set another one in ./input/mg5_configuration.txt
Using default eps viewer "evince". Set another one in ./input/mg5_configuration.txt
Using default web browser "firefox". Set another one in ./input/mg5_configuration.txt
generate_events run_ttbb_50k_007 -f
Generating 5000 events with run name run_ttbb_50k_007
survey  run_ttbb_50k_007 
INFO: compile directory 
compile Source Directory
Using random number seed offset = 107007
INFO: Running Survey 
Creating Jobs
Working on SubProcesses
INFO: Compiling for process 1/2. 
INFO:     P1_gg_ttxbbx  
  0%|          | 0/1049 [00:00<?, ?it/s] 58%|█████▊    | 607/1049 [00:00<00:00, 5982.81it/s]100%|██████████| 1049/1049 [00:00<00:00, 6586.77it/s]
INFO: Compiling for process 2/2. 
INFO:     P1_qq_ttxbbx  
  0%|          | 0/816 [00:00<?, ?it/s]100%|██████████| 816/816 [00:00<00:00, 37452.01it/s]
INFO:     P1_gg_ttxbbx  
INFO:     P1_qq_ttxbbx  
INFO:  Idle: 2,  Running: 8,  Completed: 2 [ current time: 15h24 ] 
INFO:  Idle: 1,  Running: 8,  Completed: 3 [ current time: 15h24 ] 
INFO:  Idle: 0,  Running: 0,  Completed: 12 [  0.79s  ] 
INFO: End survey 
refine 5000
Creating Jobs
INFO: Refine results to 5000 
INFO: Generating 5000.0 unweighted events. 
sum of cpu time of last step: 19 seconds
INFO: Effective Luminosity 3923.997897608254 pb^-1 
INFO: need to improve 9 channels 
- Current estimate of cross-section: 1.5290528070000002 +- 0.013873076303279813
    P1_gg_ttxbbx 
    P1_qq_ttxbbx 
INFO:  Idle: 3,  Running: 8,  Completed: 0 [ current time: 15h24 ] 
INFO:  Idle: 1,  Running: 8,  Completed: 2 [  2s  ] 
INFO:  Idle: 0,  Running: 0,  Completed: 11 [  5.8s  ] 
INFO:  Idle: 0,  Running: 0,  Completed: 11 [  5.8s  ] 
INFO: Combining runs 
sum of cpu time of last step: 41 seconds
INFO: finish refine 
refine 5000 --treshold=0.9
No need for second refine due to stability of cross-section
INFO: Combining Events 
combination of events done in 6.885795831680298 s 
  === Results Summary for run: run_ttbb_50k_007 tag: tag_1 ===

     Cross-section :   1.535 +- 0.005896 pb
     Nb of events :  5000
 
INFO: Running Systematics computation 
INFO:  Idle: 1,  Running: 1,  Completed: 0 [ current time: 15h24 ] 
INFO:  Idle: 0,  Running: 1,  Completed: 1 [  8.2s  ] 
INFO: # Events generated with PDF: NNPDF23_lo_as_0130_qed (247000) 
INFO: # Will Compute 145 weights per event. 
INFO: #***************************************************************************
#
# original cross-section: 1.534773906597292
#     scale variation: +70% -37.8%
#     central scheme variation: + 0% -61.2%
# PDF variation: +7.54% -7.54%
#
# dynamical scheme # 1 : 0.83815 +58.2% -34.5% # \sum ET
# dynamical scheme # 2 : 0.713059 +55.6% -33.7% # \sum\sqrt{m^2+pt^2}
# dynamical scheme # 3 : 1.1097 +62% -35.7% # 0.5 \sum\sqrt{m^2+pt^2}
# dynamical scheme # 4 : 0.594988 +53.1% -32.8% # \sqrt{\hat s}
#***************************************************************************
 
INFO: End of systematics computation 
store_events
INFO: Storing parton level results 
INFO: End Parton 
reweight -from_cards
decay_events -from_cards
INFO: storing files of previous run 
INFO: Done 
quit
INFO:  
LHE=/uscms_data/d3/iturkmen/hh4b_delphes/mg5/TTbb_smoke/Events/run_ttbb_50k_007/unweighted_events.lhe.gz
N_FOUND=5000
Sample: ttbb_50k_shard007
Input LHE.GZ: /uscms_data/d3/iturkmen/hh4b_delphes/mg5/TTbb_smoke/Events/run_ttbb_50k_007/unweighted_events.lhe.gz
Events requested: 5000
Output tag: ttbb_50k_shard007
LHE: /uscms_data/d3/iturkmen/hh4b_delphes/mg5/TTbb_smoke/Events/run_ttbb_50k_007/unweighted_events.lhe
HEPMC: /uscms_data/d3/iturkmen/hh4b_delphes/hepmc/ttbb_50k_shard007_pythia8.hepmc
ROOT: /uscms_data/d3/iturkmen/hh4b_delphes/root/ttbb_50k_shard007_pythia8_delphes.root
LHE event count: 5000

 *------------------------------------------------------------------------------------* 
 |                                                                                    | 
 |  *------------------------------------------------------------------------------*  | 
 |  |                                                                              |  | 
 |  |                                                                              |  | 
 |  |   PPP   Y   Y  TTTTT  H   H  III    A      Welcome to the Lund Monte Carlo!  |  | 
 |  |   P  P   Y Y     T    H   H   I    A A     This is PYTHIA version 8.312      |  | 
 |  |   PPP     Y      T    HHHHH   I   AAAAA    Last date of change: 23 May 2024  |  | 
 |  |   P       Y      T    H   H   I   A   A                                      |  | 
 |  |   P       Y      T    H   H  III  A   A    Now is 08 Jul 2026 at 15:25:17    |  | 
 |  |                                                                              |  | 
 |  |   Program documentation and an archive of historic versions is found on:     |  | 
 |  |                                                                              |  | 
 |  |                               https://pythia.org/                            |  | 
 |  |                                                                              |  | 
 |  |   PYTHIA is authored by a collaboration consisting of:                       |  | 
 |  |                                                                              |  | 
 |  |   Javira Altmann, Christian Bierlich, Naomi Cooke, Nishita Desai,            |  | 
 |  |   Leif Gellersen, Ilkka Helenius, Philip Ilten, Leif Lonnblad,               |  | 
 |  |   Stephen Mrenna, Christian Preuss, Torbjorn Sjostrand, Peter Skands,        |  | 
 |  |   Marius Utheim, and Rob Verheyen.                                           |  | 
 |  |                                                                              |  | 
 |  |   The complete list of authors, including contact information and            |  | 
 |  |   affiliations, can be found on https://pythia.org/.                         |  | 
 |  |   Problems or bugs should be reported on email at authors@pythia.org.        |  | 
 |  |                                                                              |  | 
 |  |   The main program reference is C. Bierlich et al,                           |  | 
 |  |   'A comprehensive guide to the physics and usage of Pythia 8.3',            |  | 
 |  |   SciPost Phys. Codebases 8-r8.3 (2022) [arXiv:2203.11601 [hep-ph]]          |  | 
 |  |                                                                              |  | 
 |  |   PYTHIA is released under the GNU General Public Licence version 2 or later.|  | 
 |  |   Please respect the MCnet Guidelines for Event Generator Authors and Users. |  | 
 |  |                                                                              |  | 
 |  |   Disclaimer: this program comes without any guarantees.                     |  | 
 |  |   Beware of errors and use common sense when interpreting results.           |  | 
 |  |                                                                              |  | 
 |  |   Copyright (C) 2024 Torbjorn Sjostrand                                      |  | 
 |  |                                                                              |  | 
 |  |                                                                              |  | 
 |  *------------------------------------------------------------------------------*  | 
 |                                                                                    | 
 *------------------------------------------------------------------------------------* 

 *-----------------------  SusyLesHouches SUSY/BSM Interface  ------------------------*
 | Last Change 12 Apr 2017 - P. Skands
 | Parsing: /uscms_data/d3/iturkmen/hh4b_delphes/mg5/TTbb_smoke/Events/run_ttbb_50k_007/unweighted_events.lhe
 | (SLHA::readFile) line 338 - storing non-SLHA(2) block: yukawa
 *------------------------------------------------------------------------------------*
 PYTHIA Info from SLHAinterface::initSLHA: No MODSEL found, keeping internal SUSY switched off
 PYTHIA Warning in SLHAinterface::initSLHA: ignoring MASS entries for id = {1,2,3,4,5,11,12,13,14,15,16,21,22,23,24} (m0 < SLHA:minMassSM)
 PYTHIA Warning in SLHAinterface::initSLHA: ignoring DECAY tables for id = {23,24,1,2,3,4,5,11,12,13,14,15,16,21,22} (m0 < SLHA:minMassSM)
 PYTHIA Warning in SLHAinterface::initSLHA: ignoring empty DECAY tables for id = {6,25} (total width provided but no Branching Ratios)

 *-------  PYTHIA Process Initialization  --------------------------*
 |                                                                  |
 | We collide p+ with p+ at a CM energy of 1.300e+04 GeV            |
 |                                                                  |
 |------------------------------------------------------------------|
 |                                                    |             |
 | Subprocess                                    Code |   Estimated |
 |                                                    |    max (mb) |
 |                                                    |             |
 |------------------------------------------------------------------|
 |                                                    |             |
 | Les Houches User Process(es)                  9999 |   1.000e-09 |
 |                                                                  |
 *-------  End PYTHIA Process Initialization -----------------------*

 *-------  PYTHIA Multiparton Interactions Initialization  ---------* 
 |                                                                  | 
 |                   sigmaNonDiffractive =    56.42 mb              | 
 |                                                                  | 
 |    pT0 =  2.60 gives sigmaInteraction =   317.96 mb: accepted    | 
 |                                                                  | 
 *-------  End PYTHIA Multiparton Interactions Initialization  -----* 

 *-------  PYTHIA Flag + Mode + Parm + Word + FVec + MVec + PVec + WVec Settings (changes only)  ------------------* 
 |                                                                                                                 | 
 | Name                                          |                      Now |      Default         Min         Max | 
 |                                               |                          |                                      | 
 | Beams:frameType                               |                        4 |            1           1           5 | 
 | Beams:LHEF                                    | /uscms_data/d3/iturkmen/hh4b_delphes/mg5/TTbb_smoke/Events/run_ttbb_50k_007/unweighted_events.lhe |         void | 
 | Check:event                                   |                      off |           on                         | 
 | Next:numberCount                              |                       10 |         1000           0             | 
 | Next:numberShowEvent                          |                        0 |            1           0             | 
 | Next:numberShowInfo                           |                        0 |            1           0             | 
 | Next:numberShowProcess                        |                        0 |            1           0             | 
 |                                                                                                                 | 
 *-------  End PYTHIA Flag + Mode + Parm + Word + FVec + MVec + PVec + WVec Settings  -----------------------------* 

 --------  PYTHIA Particle Data Table (changed only)  ------------------------------------------------------------------------------
 
      id   name            antiName         spn chg col      m0        mWidth      mMin       mMax       tau0    res dec ext vis wid
             no onMode   bRatio   meMode     products 

       6  t                tbar               2   2   1  173.00000    1.35678  166.40000  179.60000  1.45438e-13   1   1   0   1   0
              0     1   0.0000664    0       24        1 
              1     1   0.0017361    0       24        3 
              2     1   0.9981975    0       24        5 
              3     0   0.0000000    0       37        5 

      25  h0                                  1   0   0  125.00000    0.00408  124.96809  125.03191  4.83238e-11   1   1   0   0   0
              0     1   0.0000009    0        1       -1 
              1     1   0.0000002    0        2       -2 
              2     1   0.0002163    0        3       -3 
              3     1   0.0288493    0        4       -4 
              4     1   0.5768873    0        5       -5 
              5     1   0.0000000    0        6       -6 
              6     1   0.0000000    0       11      -11 
              7     1   0.0002185    0       13      -13 
              8     1   0.0628569    0       15      -15 
              9     1   0.0850383    0       21       21 
             10     1   0.0022965    0       22       22 
             11     1   0.0016155    0       22       23 
             12     1   0.0261758    0       23       23 
             13     1   0.2158445    0       24      -24 
             14     1   0.0000000  103  1000022  1000022 
             15     1   0.0000000  103  1000023  1000022 
             16     1   0.0000000  103  1000023  1000023 
             17     1   0.0000000  103  1000025  1000022 
             18     1   0.0000000  103  1000025  1000023 
             19     1   0.0000000  103  1000025  1000025 
             20     1   0.0000000  103  1000035  1000022 
             21     1   0.0000000  103  1000035  1000023 
             22     1   0.0000000  103  1000035  1000025 
             23     1   0.0000000  103  1000035  1000035 
             24     1   0.0000000  103  1000024 -1000024 
             25     1   0.0000000  103  1000024 -1000037 
             26     1   0.0000000  103  1000037 -1000024 
             27     1   0.0000000  103  1000037 -1000037 
             28     1   0.0000000  103  1000001 -1000001 
             29     1   0.0000000  103  2000001 -2000001 
             30     1   0.0000000  103  1000001 -2000001 
             31     1   0.0000000  103 -1000001  2000001 
             32     1   0.0000000  103  1000002 -1000002 
             33     1   0.0000000  103  2000002 -2000002 
             34     1   0.0000000  103  1000002 -2000002 
             35     1   0.0000000  103 -1000002  2000002 
             36     1   0.0000000  103  1000003 -1000003 
             37     1   0.0000000  103  2000003 -2000003 
             38     1   0.0000000  103  1000003 -2000003 
             39     1   0.0000000  103 -1000003  2000003 
             40     1   0.0000000  103  1000004 -1000004 
             41     1   0.0000000  103  2000004 -2000004 
             42     1   0.0000000  103  1000004 -2000004 
             43     1   0.0000000  103 -1000004  2000004 
             44     1   0.0000000  103  1000005 -1000005 
             45     1   0.0000000  103  2000005 -2000005 
             46     1   0.0000000  103  1000005 -2000005 
             47     1   0.0000000  103 -1000005  2000005 
             48     1   0.0000000  103  1000006 -1000006 
             49     1   0.0000000  103  2000006 -2000006 
             50     1   0.0000000  103  1000006 -2000006 
             51     1   0.0000000  103 -1000006  2000006 
             52     1   0.0000000  103  1000011 -1000011 
             53     1   0.0000000  103  2000011 -2000011 
             54     1   0.0000000  103  1000011 -2000011 
             55     1   0.0000000  103 -1000011  2000011 
             56     1   0.0000000  103  1000012 -1000012 
             57     1   0.0000000  103  2000012 -2000012 
             58     1   0.0000000  103  1000012 -2000012 
             59     1   0.0000000  103 -1000012  2000012 
             60     1   0.0000000  103  1000013 -1000013 
             61     1   0.0000000  103  2000013 -2000013 
             62     1   0.0000000  103  1000013 -2000013 
             63     1   0.0000000  103 -1000013  2000013 
             64     1   0.0000000  103  1000014 -1000014 
             65     1   0.0000000  103  2000014 -2000014 
             66     1   0.0000000  103  1000014 -2000014 
             67     1   0.0000000  103 -1000014  2000014 
             68     1   0.0000000  103  1000015 -1000015 
             69     1   0.0000000  103  2000015 -2000015 
             70     1   0.0000000  103  1000015 -2000015 
             71     1   0.0000000  103 -1000015  2000015 
             72     1   0.0000000  103  1000016 -1000016 
             73     1   0.0000000  103  2000016 -2000016 
             74     1   0.0000000  103  1000016 -2000016 
             75     1   0.0000000  103 -1000016  2000016 

 --------  End PYTHIA Particle Data Table  -----------------------------------------------------------------------------------------


 --------  LHA initialization information  ------------ 

  beam    kind      energy  pdfgrp  pdfset 
     A    2212    6500.000       0  247000
     B    2212    6500.000       0  247000

  Event weighting strategy = -4

  Processes, with strategy-dependent cross section info 
  number      xsec (pb)      xerr (pb)      xmax (pb) 
       1     1.5351e+00     5.8960e-03     1.5351e+00

 --------  End LHA initialization information  -------- 

 --------  LHA event information and listing  ---------------------------------------------------------------------- 

    process =        1    weight =   1.5351e+00     scale =   2.3280e+02 (GeV) 
                        alpha_em =   7.5558e-03    alpha_strong =   1.1380e-01

    Participating Particles 
    no        id stat     mothers     colours      p_x        p_y        p_z         e          m        tau    spin 
     1        21   -1     0     0   502   503      0.000      0.000   1142.131   1142.131      0.000   0.000  -1.000
     2        21   -1     0     0   503   504     -0.000     -0.000   -122.532    122.532      0.000   0.000  -1.000
     3         6    1     1     2   501     0   -181.126     58.343    787.781    828.593    172.500   0.000  -1.000
     4        -6    1     1     2     0   504     41.793      2.187     41.626    182.320    172.500   0.000  -1.000
     5         5    1     1     2   502     0     80.213    -16.457    146.534    167.927      4.700   0.000   1.000
     6        -5    1     1     2     0   501     59.119    -44.073     43.657     85.823      4.700   0.000  -1.000

 --------  End LHA event information and listing  ------------------------------------------------------------------ 

 Pythia::next(): 10 events have been generated 

 Pythia::next(): 20 events have been generated 

 Pythia::next(): 30 events have been generated 

 Pythia::next(): 40 events have been generated 

 Pythia::next(): 50 events have been generated 

 Pythia::next(): 60 events have been generated 

 Pythia::next(): 70 events have been generated 

 Pythia::next(): 80 events have been generated 

 Pythia::next(): 90 events have been generated 

 Pythia::next(): 100 events have been generated 

 Pythia::next(): 110 events have been generated 

 Pythia::next(): 120 events have been generated 

 Pythia::next(): 130 events have been generated 

 Pythia::next(): 140 events have been generated 

 Pythia::next(): 150 events have been generated 

 Pythia::next(): 160 events have been generated 

 Pythia::next(): 170 events have been generated 

 Pythia::next(): 180 events have been generated 

 Pythia::next(): 190 events have been generated 

 Pythia::next(): 200 events have been generated 

 Pythia::next(): 210 events have been generated 

 Pythia::next(): 220 events have been generated 

 Pythia::next(): 230 events have been generated 

 Pythia::next(): 240 events have been generated 

 Pythia::next(): 250 events have been generated 

 Pythia::next(): 260 events have been generated 

 Pythia::next(): 270 events have been generated 

 Pythia::next(): 280 events have been generated 

 Pythia::next(): 290 events have been generated 

 Pythia::next(): 300 events have been generated 

 Pythia::next(): 310 events have been generated 

 Pythia::next(): 320 events have been generated 

 Pythia::next(): 330 events have been generated 

 Pythia::next(): 340 events have been generated 

 Pythia::next(): 350 events have been generated 

 Pythia::next(): 360 events have been generated 

 Pythia::next(): 370 events have been generated 

 Pythia::next(): 380 events have been generated 

 Pythia::next(): 390 events have been generated 

 Pythia::next(): 400 events have been generated 

 Pythia::next(): 410 events have been generated 

 Pythia::next(): 420 events have been generated 

 Pythia::next(): 430 events have been generated 

 Pythia::next(): 440 events have been generated 

 Pythia::next(): 450 events have been generated 

 Pythia::next(): 460 events have been generated 

 Pythia::next(): 470 events have been generated 

 Pythia::next(): 480 events have been generated 

 Pythia::next(): 490 events have been generated 

 Pythia::next(): 500 events have been generated 

 Pythia::next(): 510 events have been generated 

 Pythia::next(): 520 events have been generated 

 Pythia::next(): 530 events have been generated 

 Pythia::next(): 540 events have been generated 

 Pythia::next(): 550 events have been generated 

 Pythia::next(): 560 events have been generated 

 Pythia::next(): 570 events have been generated 

 Pythia::next(): 580 events have been generated 

 Pythia::next(): 590 events have been generated 

 Pythia::next(): 600 events have been generated 

 Pythia::next(): 610 events have been generated 

 Pythia::next(): 620 events have been generated 

 Pythia::next(): 630 events have been generated 

 Pythia::next(): 640 events have been generated 

 Pythia::next(): 650 events have been generated 

 Pythia::next(): 660 events have been generated 

 Pythia::next(): 670 events have been generated 

 Pythia::next(): 680 events have been generated 

 Pythia::next(): 690 events have been generated 

 Pythia::next(): 700 events have been generated 

 Pythia::next(): 710 events have been generated 

 Pythia::next(): 720 events have been generated 

 Pythia::next(): 730 events have been generated 

 Pythia::next(): 740 events have been generated 

 Pythia::next(): 750 events have been generated 

 Pythia::next(): 760 events have been generated 

 Pythia::next(): 770 events have been generated 

 Pythia::next(): 780 events have been generated 

 Pythia::next(): 790 events have been generated 

 Pythia::next(): 800 events have been generated 

 Pythia::next(): 810 events have been generated 

 Pythia::next(): 820 events have been generated 

 Pythia::next(): 830 events have been generated 

 Pythia::next(): 840 events have been generated 

 Pythia::next(): 850 events have been generated 
 PYTHIA Warning in SimpleTimeShower::pTnext: negative dipole mass

 Pythia::next(): 860 events have been generated 

 Pythia::next(): 870 events have been generated 

 Pythia::next(): 880 events have been generated 

 Pythia::next(): 890 events have been generated 

 Pythia::next(): 900 events have been generated 

 Pythia::next(): 910 events have been generated 

 Pythia::next(): 920 events have been generated 

 Pythia::next(): 930 events have been generated 

 Pythia::next(): 940 events have been generated 

 Pythia::next(): 950 events have been generated 

 Pythia::next(): 960 events have been generated 

 Pythia::next(): 970 events have been generated 

 Pythia::next(): 980 events have been generated 

 Pythia::next(): 990 events have been generated 

 Pythia::next(): 1000 events have been generated 

 Pythia::next(): 1010 events have been generated 

 Pythia::next(): 1020 events have been generated 

 Pythia::next(): 1030 events have been generated 

 Pythia::next(): 1040 events have been generated 

 Pythia::next(): 1050 events have been generated 

 Pythia::next(): 1060 events have been generated 

 Pythia::next(): 1070 events have been generated 

 Pythia::next(): 1080 events have been generated 

 Pythia::next(): 1090 events have been generated 

 Pythia::next(): 1100 events have been generated 

 Pythia::next(): 1110 events have been generated 

 Pythia::next(): 1120 events have been generated 

 Pythia::next(): 1130 events have been generated 

 Pythia::next(): 1140 events have been generated 

 Pythia::next(): 1150 events have been generated 

 Pythia::next(): 1160 events have been generated 

 Pythia::next(): 1170 events have been generated 

 Pythia::next(): 1180 events have been generated 

 Pythia::next(): 1190 events have been generated 

 Pythia::next(): 1200 events have been generated 

 Pythia::next(): 1210 events have been generated 

 Pythia::next(): 1220 events have been generated 

 Pythia::next(): 1230 events have been generated 

 Pythia::next(): 1240 events have been generated 

 Pythia::next(): 1250 events have been generated 

 Pythia::next(): 1260 events have been generated 

 Pythia::next(): 1270 events have been generated 

 Pythia::next(): 1280 events have been generated 

 Pythia::next(): 1290 events have been generated 

 Pythia::next(): 1300 events have been generated 

 Pythia::next(): 1310 events have been generated 

 Pythia::next(): 1320 events have been generated 

 Pythia::next(): 1330 events have been generated 

 Pythia::next(): 1340 events have been generated 

 Pythia::next(): 1350 events have been generated 

 Pythia::next(): 1360 events have been generated 

 Pythia::next(): 1370 events have been generated 

 Pythia::next(): 1380 events have been generated 

 Pythia::next(): 1390 events have been generated 

 Pythia::next(): 1400 events have been generated 

 Pythia::next(): 1410 events have been generated 

 Pythia::next(): 1420 events have been generated 

 Pythia::next(): 1430 events have been generated 

 Pythia::next(): 1440 events have been generated 

 Pythia::next(): 1450 events have been generated 

 Pythia::next(): 1460 events have been generated 

 Pythia::next(): 1470 events have been generated 

 Pythia::next(): 1480 events have been generated 

 Pythia::next(): 1490 events have been generated 

 Pythia::next(): 1500 events have been generated 

 Pythia::next(): 1510 events have been generated 

 Pythia::next(): 1520 events have been generated 

 Pythia::next(): 1530 events have been generated 

 Pythia::next(): 1540 events have been generated 

 Pythia::next(): 1550 events have been generated 

 Pythia::next(): 1560 events have been generated 

 Pythia::next(): 1570 events have been generated 

 Pythia::next(): 1580 events have been generated 

 Pythia::next(): 1590 events have been generated 

 Pythia::next(): 1600 events have been generated 

 Pythia::next(): 1610 events have been generated 

 Pythia::next(): 1620 events have been generated 

 Pythia::next(): 1630 events have been generated 

 Pythia::next(): 1640 events have been generated 

 Pythia::next(): 1650 events have been generated 

 Pythia::next(): 1660 events have been generated 

 Pythia::next(): 1670 events have been generated 

 Pythia::next(): 1680 events have been generated 

 Pythia::next(): 1690 events have been generated 

 Pythia::next(): 1700 events have been generated 

 Pythia::next(): 1710 events have been generated 

 Pythia::next(): 1720 events have been generated 

 Pythia::next(): 1730 events have been generated 

 Pythia::next(): 1740 events have been generated 

 Pythia::next(): 1750 events have been generated 

 Pythia::next(): 1760 events have been generated 

 Pythia::next(): 1770 events have been generated 

 Pythia::next(): 1780 events have been generated 

 Pythia::next(): 1790 events have been generated 

 Pythia::next(): 1800 events have been generated 

 Pythia::next(): 1810 events have been generated 

 Pythia::next(): 1820 events have been generated 

 Pythia::next(): 1830 events have been generated 

 Pythia::next(): 1840 events have been generated 

 Pythia::next(): 1850 events have been generated 

 Pythia::next(): 1860 events have been generated 

 Pythia::next(): 1870 events have been generated 

 Pythia::next(): 1880 events have been generated 

 Pythia::next(): 1890 events have been generated 

 Pythia::next(): 1900 events have been generated 

 Pythia::next(): 1910 events have been generated 

 Pythia::next(): 1920 events have been generated 

 Pythia::next(): 1930 events have been generated 

 Pythia::next(): 1940 events have been generated 

 Pythia::next(): 1950 events have been generated 

 Pythia::next(): 1960 events have been generated 

 Pythia::next(): 1970 events have been generated 

 Pythia::next(): 1980 events have been generated 

 Pythia::next(): 1990 events have been generated 

 Pythia::next(): 2000 events have been generated 

 Pythia::next(): 2010 events have been generated 

 Pythia::next(): 2020 events have been generated 

 Pythia::next(): 2030 events have been generated 

 Pythia::next(): 2040 events have been generated 

 Pythia::next(): 2050 events have been generated 

 Pythia::next(): 2060 events have been generated 

 Pythia::next(): 2070 events have been generated 

 Pythia::next(): 2080 events have been generated 

 Pythia::next(): 2090 events have been generated 

 Pythia::next(): 2100 events have been generated 

 Pythia::next(): 2110 events have been generated 

 Pythia::next(): 2120 events have been generated 

 Pythia::next(): 2130 events have been generated 

 Pythia::next(): 2140 events have been generated 

 Pythia::next(): 2150 events have been generated 

 Pythia::next(): 2160 events have been generated 

 Pythia::next(): 2170 events have been generated 

 Pythia::next(): 2180 events have been generated 

 Pythia::next(): 2190 events have been generated 

 Pythia::next(): 2200 events have been generated 

 Pythia::next(): 2210 events have been generated 

 Pythia::next(): 2220 events have been generated 
 PYTHIA Warning in HadronWidths::pickMasses: angular momentum and running widths not used

 Pythia::next(): 2230 events have been generated 

 Pythia::next(): 2240 events have been generated 

 Pythia::next(): 2250 events have been generated 

 Pythia::next(): 2260 events have been generated 

 Pythia::next(): 2270 events have been generated 

 Pythia::next(): 2280 events have been generated 

 Pythia::next(): 2290 events have been generated 

 Pythia::next(): 2300 events have been generated 

 Pythia::next(): 2310 events have been generated 

 Pythia::next(): 2320 events have been generated 

 Pythia::next(): 2330 events have been generated 

 Pythia::next(): 2340 events have been generated 

 Pythia::next(): 2350 events have been generated 

 Pythia::next(): 2360 events have been generated 

 Pythia::next(): 2370 events have been generated 

 Pythia::next(): 2380 events have been generated 

 Pythia::next(): 2390 events have been generated 

 Pythia::next(): 2400 events have been generated 

 Pythia::next(): 2410 events have been generated 

 Pythia::next(): 2420 events have been generated 

 Pythia::next(): 2430 events have been generated 

 Pythia::next(): 2440 events have been generated 

 Pythia::next(): 2450 events have been generated 

 Pythia::next(): 2460 events have been generated 

 Pythia::next(): 2470 events have been generated 

 Pythia::next(): 2480 events have been generated 

 Pythia::next(): 2490 events have been generated 

 Pythia::next(): 2500 events have been generated 

 Pythia::next(): 2510 events have been generated 

 Pythia::next(): 2520 events have been generated 

 Pythia::next(): 2530 events have been generated 

 Pythia::next(): 2540 events have been generated 

 Pythia::next(): 2550 events have been generated 

 Pythia::next(): 2560 events have been generated 

 Pythia::next(): 2570 events have been generated 

 Pythia::next(): 2580 events have been generated 

 Pythia::next(): 2590 events have been generated 

 Pythia::next(): 2600 events have been generated 

 Pythia::next(): 2610 events have been generated 

 Pythia::next(): 2620 events have been generated 

 Pythia::next(): 2630 events have been generated 

 Pythia::next(): 2640 events have been generated 

 Pythia::next(): 2650 events have been generated 

 Pythia::next(): 2660 events have been generated 

 Pythia::next(): 2670 events have been generated 

 Pythia::next(): 2680 events have been generated 

 Pythia::next(): 2690 events have been generated 

 Pythia::next(): 2700 events have been generated 

 Pythia::next(): 2710 events have been generated 

 Pythia::next(): 2720 events have been generated 

 Pythia::next(): 2730 events have been generated 

 Pythia::next(): 2740 events have been generated 

 Pythia::next(): 2750 events have been generated 

 Pythia::next(): 2760 events have been generated 

 Pythia::next(): 2770 events have been generated 

 Pythia::next(): 2780 events have been generated 

 Pythia::next(): 2790 events have been generated 

 Pythia::next(): 2800 events have been generated 

 Pythia::next(): 2810 events have been generated 

 Pythia::next(): 2820 events have been generated 

 Pythia::next(): 2830 events have been generated 

 Pythia::next(): 2840 events have been generated 

 Pythia::next(): 2850 events have been generated 

 Pythia::next(): 2860 events have been generated 

 Pythia::next(): 2870 events have been generated 

 Pythia::next(): 2880 events have been generated 

 Pythia::next(): 2890 events have been generated 

 Pythia::next(): 2900 events have been generated 

 Pythia::next(): 2910 events have been generated 

 Pythia::next(): 2920 events have been generated 

 Pythia::next(): 2930 events have been generated 

 Pythia::next(): 2940 events have been generated 

 Pythia::next(): 2950 events have been generated 

 Pythia::next(): 2960 events have been generated 

 Pythia::next(): 2970 events have been generated 

 Pythia::next(): 2980 events have been generated 

 Pythia::next(): 2990 events have been generated 

 Pythia::next(): 3000 events have been generated 

 Pythia::next(): 3010 events have been generated 

 Pythia::next(): 3020 events have been generated 

 Pythia::next(): 3030 events have been generated 

 Pythia::next(): 3040 events have been generated 

 Pythia::next(): 3050 events have been generated 

 Pythia::next(): 3060 events have been generated 

 Pythia::next(): 3070 events have been generated 

 Pythia::next(): 3080 events have been generated 

 Pythia::next(): 3090 events have been generated 

 Pythia::next(): 3100 events have been generated 

 Pythia::next(): 3110 events have been generated 

 Pythia::next(): 3120 events have been generated 

 Pythia::next(): 3130 events have been generated 

 Pythia::next(): 3140 events have been generated 

 Pythia::next(): 3150 events have been generated 

 Pythia::next(): 3160 events have been generated 

 Pythia::next(): 3170 events have been generated 

 Pythia::next(): 3180 events have been generated 

 Pythia::next(): 3190 events have been generated 

 Pythia::next(): 3200 events have been generated 

 Pythia::next(): 3210 events have been generated 

 Pythia::next(): 3220 events have been generated 

 Pythia::next(): 3230 events have been generated 

 Pythia::next(): 3240 events have been generated 

 Pythia::next(): 3250 events have been generated 

 Pythia::next(): 3260 events have been generated 

 Pythia::next(): 3270 events have been generated 

 Pythia::next(): 3280 events have been generated 

 Pythia::next(): 3290 events have been generated 

 Pythia::next(): 3300 events have been generated 

 Pythia::next(): 3310 events have been generated 

 Pythia::next(): 3320 events have been generated 

 Pythia::next(): 3330 events have been generated 

 Pythia::next(): 3340 events have been generated 

 Pythia::next(): 3350 events have been generated 

 Pythia::next(): 3360 events have been generated 

 Pythia::next(): 3370 events have been generated 

 Pythia::next(): 3380 events have been generated 

 Pythia::next(): 3390 events have been generated 

 Pythia::next(): 3400 events have been generated 

 Pythia::next(): 3410 events have been generated 

 Pythia::next(): 3420 events have been generated 

 Pythia::next(): 3430 events have been generated 

 Pythia::next(): 3440 events have been generated 

 Pythia::next(): 3450 events have been generated 

 Pythia::next(): 3460 events have been generated 

 Pythia::next(): 3470 events have been generated 

 Pythia::next(): 3480 events have been generated 

 Pythia::next(): 3490 events have been generated 

 Pythia::next(): 3500 events have been generated 

 Pythia::next(): 3510 events have been generated 

 Pythia::next(): 3520 events have been generated 

 Pythia::next(): 3530 events have been generated 

 Pythia::next(): 3540 events have been generated 

 Pythia::next(): 3550 events have been generated 

 Pythia::next(): 3560 events have been generated 

 Pythia::next(): 3570 events have been generated 

 Pythia::next(): 3580 events have been generated 

 Pythia::next(): 3590 events have been generated 

 Pythia::next(): 3600 events have been generated 

 Pythia::next(): 3610 events have been generated 

 Pythia::next(): 3620 events have been generated 

 Pythia::next(): 3630 events have been generated 

 Pythia::next(): 3640 events have been generated 

 Pythia::next(): 3650 events have been generated 

 Pythia::next(): 3660 events have been generated 

 Pythia::next(): 3670 events have been generated 

 Pythia::next(): 3680 events have been generated 

 Pythia::next(): 3690 events have been generated 

 Pythia::next(): 3700 events have been generated 

 Pythia::next(): 3710 events have been generated 

 Pythia::next(): 3720 events have been generated 

 Pythia::next(): 3730 events have been generated 

 Pythia::next(): 3740 events have been generated 

 Pythia::next(): 3750 events have been generated 

 Pythia::next(): 3760 events have been generated 

 Pythia::next(): 3770 events have been generated 

 Pythia::next(): 3780 events have been generated 

 Pythia::next(): 3790 events have been generated 

 Pythia::next(): 3800 events have been generated 

 Pythia::next(): 3810 events have been generated 

 Pythia::next(): 3820 events have been generated 

 Pythia::next(): 3830 events have been generated 

 Pythia::next(): 3840 events have been generated 

 Pythia::next(): 3850 events have been generated 

 Pythia::next(): 3860 events have been generated 

 Pythia::next(): 3870 events have been generated 

 Pythia::next(): 3880 events have been generated 

 Pythia::next(): 3890 events have been generated 

 Pythia::next(): 3900 events have been generated 

 Pythia::next(): 3910 events have been generated 

 Pythia::next(): 3920 events have been generated 

 Pythia::next(): 3930 events have been generated 

 Pythia::next(): 3940 events have been generated 

 Pythia::next(): 3950 events have been generated 

 Pythia::next(): 3960 events have been generated 

 Pythia::next(): 3970 events have been generated 

 Pythia::next(): 3980 events have been generated 

 Pythia::next(): 3990 events have been generated 

 Pythia::next(): 4000 events have been generated 

 Pythia::next(): 4010 events have been generated 

 Pythia::next(): 4020 events have been generated 

 Pythia::next(): 4030 events have been generated 

 Pythia::next(): 4040 events have been generated 

 Pythia::next(): 4050 events have been generated 

 Pythia::next(): 4060 events have been generated 

 Pythia::next(): 4070 events have been generated 

 Pythia::next(): 4080 events have been generated 

 Pythia::next(): 4090 events have been generated 

 Pythia::next(): 4100 events have been generated 

 Pythia::next(): 4110 events have been generated 

 Pythia::next(): 4120 events have been generated 

 Pythia::next(): 4130 events have been generated 

 Pythia::next(): 4140 events have been generated 

 Pythia::next(): 4150 events have been generated 

 Pythia::next(): 4160 events have been generated 

 Pythia::next(): 4170 events have been generated 

 Pythia::next(): 4180 events have been generated 

 Pythia::next(): 4190 events have been generated 

 Pythia::next(): 4200 events have been generated 

 Pythia::next(): 4210 events have been generated 

 Pythia::next(): 4220 events have been generated 

 Pythia::next(): 4230 events have been generated 

 Pythia::next(): 4240 events have been generated 

 Pythia::next(): 4250 events have been generated 

 Pythia::next(): 4260 events have been generated 

 Pythia::next(): 4270 events have been generated 

 Pythia::next(): 4280 events have been generated 

 Pythia::next(): 4290 events have been generated 

 Pythia::next(): 4300 events have been generated 

 Pythia::next(): 4310 events have been generated 

 Pythia::next(): 4320 events have been generated 

 Pythia::next(): 4330 events have been generated 

 Pythia::next(): 4340 events have been generated 

 Pythia::next(): 4350 events have been generated 
 PYTHIA Error in SimpleSpaceShower::pT2nearThreshold: stuck in loop

 Pythia::next(): 4360 events have been generated 

 Pythia::next(): 4370 events have been generated 

 Pythia::next(): 4380 events have been generated 

 Pythia::next(): 4390 events have been generated 

 Pythia::next(): 4400 events have been generated 

 Pythia::next(): 4410 events have been generated 

 Pythia::next(): 4420 events have been generated 

 Pythia::next(): 4430 events have been generated 

 Pythia::next(): 4440 events have been generated 

 Pythia::next(): 4450 events have been generated 

 Pythia::next(): 4460 events have been generated 

 Pythia::next(): 4470 events have been generated 

 Pythia::next(): 4480 events have been generated 

 Pythia::next(): 4490 events have been generated 

 Pythia::next(): 4500 events have been generated 

 Pythia::next(): 4510 events have been generated 

 Pythia::next(): 4520 events have been generated 

 Pythia::next(): 4530 events have been generated 

 Pythia::next(): 4540 events have been generated 

 Pythia::next(): 4550 events have been generated 

 Pythia::next(): 4560 events have been generated 

 Pythia::next(): 4570 events have been generated 

 Pythia::next(): 4580 events have been generated 

 Pythia::next(): 4590 events have been generated 

 Pythia::next(): 4600 events have been generated 

 Pythia::next(): 4610 events have been generated 

 Pythia::next(): 4620 events have been generated 

 Pythia::next(): 4630 events have been generated 

 Pythia::next(): 4640 events have been generated 

 Pythia::next(): 4650 events have been generated 

 Pythia::next(): 4660 events have been generated 

 Pythia::next(): 4670 events have been generated 

 Pythia::next(): 4680 events have been generated 

 Pythia::next(): 4690 events have been generated 

 Pythia::next(): 4700 events have been generated 

 Pythia::next(): 4710 events have been generated 

 Pythia::next(): 4720 events have been generated 

 Pythia::next(): 4730 events have been generated 

 Pythia::next(): 4740 events have been generated 

 Pythia::next(): 4750 events have been generated 

 Pythia::next(): 4760 events have been generated 

 Pythia::next(): 4770 events have been generated 

 Pythia::next(): 4780 events have been generated 

 Pythia::next(): 4790 events have been generated 

 Pythia::next(): 4800 events have been generated 

 Pythia::next(): 4810 events have been generated 

 Pythia::next(): 4820 events have been generated 

 Pythia::next(): 4830 events have been generated 

 Pythia::next(): 4840 events have been generated 

 Pythia::next(): 4850 events have been generated 

 Pythia::next(): 4860 events have been generated 

 Pythia::next(): 4870 events have been generated 

 Pythia::next(): 4880 events have been generated 

 Pythia::next(): 4890 events have been generated 

 Pythia::next(): 4900 events have been generated 

 Pythia::next(): 4910 events have been generated 

 Pythia::next(): 4920 events have been generated 

 Pythia::next(): 4930 events have been generated 

 Pythia::next(): 4940 events have been generated 

 Pythia::next(): 4950 events have been generated 

 Pythia::next(): 4960 events have been generated 

 Pythia::next(): 4970 events have been generated 

 Pythia::next(): 4980 events have been generated 

 Pythia::next(): 4990 events have been generated 

 *-------  PYTHIA Event and Cross Section Statistics  -------------------------------------------------------------*
 |                                                                                                                 |
 | Subprocess                                    Code |            Number of events       |      sigma +- delta    |
 |                                                    |       Tried   Selected   Accepted |     (estimated) (mb)   |
 |                                                    |                                   |                        |
 |-----------------------------------------------------------------------------------------------------------------|
 |                                                    |                                   |                        |
 | Les Houches User Process(es)                  9999 |        5000       5000       5000 |   1.535e-09  7.442e-18 |
 |    ... whereof user classification code          1 |        5000       5000       5000 |                        | 
 |                                                    |                                   |                        |
 | sum                                                |        5000       5000       5000 |   1.535e-09  7.442e-18 |
 |                                                                                                                 |
 *-------  End PYTHIA Event and Cross Section Statistics ----------------------------------------------------------*

 *-------  PYTHIA Error and Warning Messages Statistics  ----------------------------------------------------------* 
 |                                                                                                                 | 
 |  times   message                                                                                                | 
 |                                                                                                                 | 
 |      2   Error in SimpleSpaceShower::pT2nearThreshold: stuck in loop                                            | 
 |      1   Warning in HadronWidths::pickMasses: angular momentum and running widths not used                      | 
 |      1   Warning in SLHAinterface::initSLHA: ignoring DECAY tables                                              | 
 |      1   Warning in SLHAinterface::initSLHA: ignoring MASS entries                                              | 
 |      1   Warning in SLHAinterface::initSLHA: ignoring empty DECAY tables                                        | 
 |      7   Warning in SimpleTimeShower::pTnext: negative dipole mass                                              | 
 |      1   Info from SLHAinterface::initSLHA: No MODSEL found, keeping internal SUSY switched off                 | 
 |                                                                                                                 | 
 *-------  End PYTHIA Error and Warning Messages Statistics  ------------------------------------------------------* 
Wrote 5000 events to /uscms_data/d3/iturkmen/hh4b_delphes/hepmc/ttbb_50k_shard007_pythia8.hepmc
** INFO: initializing module  Delphes                  
** INFO: initializing module  ParticlePropagator       
** INFO: initializing module  ChargedHadronTrackingEfficiency
** INFO: initializing module  ElectronTrackingEfficiency
** INFO: initializing module  MuonTrackingEfficiency   
** INFO: initializing module  ChargedHadronMomentumSmearing
** INFO: initializing module  ElectronMomentumSmearing 
** INFO: initializing module  MuonMomentumSmearing     
** INFO: initializing module  TrackMerger              
** INFO: initializing module  ECal                     
** INFO: initializing module  HCal                     
** INFO: initializing module  Calorimeter              
** INFO: initializing module  EFlowMerger              
** INFO: initializing module  EFlowFilter              
** INFO: initializing module  PhotonEfficiency         
** INFO: initializing module  PhotonIsolation          
** INFO: initializing module  ElectronFilter           
** INFO: initializing module  ElectronEfficiency       
** INFO: initializing module  ElectronIsolation        
** INFO: initializing module  ChargedHadronFilter      
** INFO: initializing module  MuonEfficiency           
** INFO: initializing module  MuonIsolation            
** INFO: initializing module  MissingET                
** INFO: initializing module  NeutrinoFilter           
** INFO: initializing module  GenJetFinder             
#--------------------------------------------------------------------------
#                         FastJet release 3.5.1
#                 M. Cacciari, G.P. Salam and G. Soyez                  
#     A software package for jet finding and analysis at colliders      
#                           https://fastjet.fr                           
#	                                                                      
# Please cite EPJC72(2012)1896 [arXiv:1111.6097] if you use this package
# for scientific work and optionally PLB641(2006)57 [hep-ph/0512210].   
#                                                                       
# FastJet is provided without warranty under the GNU GPL v2 or higher.  
# It uses T. Chan's closest pair algorithm, S. Fortune's Voronoi code
# and 3rd party plugin jet algorithms. See COPYING file for details.
#--------------------------------------------------------------------------
** INFO: initializing module  GenMissingET             
** INFO: initializing module  FastJetFinder            
** INFO: initializing module  FatJetFinder             
** INFO: initializing module  JetEnergyScale           
** INFO: initializing module  JetFlavorAssociation     
** INFO: initializing module  BTagging                 
** INFO: initializing module  TauTagging               
** INFO: initializing module  UniqueObjectFinder       
** INFO: initializing module  ScalarHT                 
** INFO: initializing module  TreeWriter               
** Reading /uscms_data/d3/iturkmen/hh4b_delphes/hepmc/ttbb_50k_shard007_pythia8.hepmc
** [----------------------------------------------------------------] (0.03%)** [#---------------------------------------------------------------] (2.16%)** [##--------------------------------------------------------------] (3.21%)** [###-------------------------------------------------------------] (5.32%)** [####------------------------------------------------------------] (7.72%)** [#####-----------------------------------------------------------] (9.21%)** [######----------------------------------------------------------] (9.92%)** [#######---------------------------------------------------------] (11.27%)** [########--------------------------------------------------------] (13.90%)** [#########-------------------------------------------------------] (15.39%)** [##########------------------------------------------------------] (16.08%)** [###########-----------------------------------------------------] (17.52%)** [############----------------------------------------------------] (19.93%)** [#############---------------------------------------------------] (21.36%)** [##############--------------------------------------------------] (22.13%)** [###############-------------------------------------------------] (23.57%)** [################------------------------------------------------] (25.87%)** [#################-----------------------------------------------] (27.33%)** [##################----------------------------------------------] (28.16%)** [###################---------------------------------------------] (30.56%)** [####################--------------------------------------------] (32.07%)** [#####################-------------------------------------------] (33.55%)** [######################------------------------------------------] (35.73%)** [#######################-----------------------------------------] (36.83%)** [########################----------------------------------------] (38.27%)** [#########################---------------------------------------] (39.77%)** [##########################--------------------------------------] (41.84%)** [###########################-------------------------------------] (43.16%)** [############################------------------------------------] (44.52%)** [#############################-----------------------------------] (45.85%)** [##############################----------------------------------] (46.88%)** [###############################---------------------------------] (49.29%)** [################################--------------------------------] (50.60%)** [#################################-------------------------------] (51.93%)** [##################################------------------------------] (54.36%)** [###################################-----------------------------] (55.40%)** [####################################----------------------------] (56.76%)** [#####################################---------------------------] (58.13%)** [######################################--------------------------] (60.44%)** [#######################################-------------------------] (61.64%)** [########################################------------------------] (63.09%)** [#########################################-----------------------] (64.61%)** [##########################################----------------------] (66.66%)** [###########################################---------------------] (67.66%)** [############################################--------------------] (68.78%)** [#############################################-------------------] (71.38%)** [##############################################------------------] (72.73%)** [###############################################-----------------] (73.83%)** [################################################----------------] (75.26%)** [#################################################---------------] (76.72%)** [##################################################--------------] (78.98%)** [###################################################-------------] (80.05%)** [####################################################------------] (81.28%)** [#####################################################-----------] (83.65%)** [######################################################----------] (84.96%)** [#######################################################---------] (86.12%)** [########################################################--------] (88.52%)** [#########################################################-------] (89.51%)** [##########################################################------] (91.63%)** [###########################################################-----] (92.29%)** [############################################################----] (94.98%)** [#############################################################---] (96.00%)** [##############################################################--] (97.35%)** [###############################################################-] (98.47%)** [################################################################] (100.00%)
** Exiting...
FILE: /uscms_data/d3/iturkmen/hh4b_delphes/root/ttbb_50k_shard007_pythia8_delphes.root

KEYS:
  ProcessID0;1
  Delphes;1

TREE: Delphes
ENTRIES: 5000

OBJECT CHECK:
  Event: OK
  Particle: OK
  Jet: OK
  GenJet: OK
  MissingET: OK
  GenMissingET: OK
  Electron: OK
  Muon: OK

SIZE BRANCHES:
  Event_size
  Weight_size
  Particle_size
  Track_size
  Tower_size
  EFlowTrack_size
  EFlowPhoton_size
  EFlowNeutralHadron_size
  GenJet_size
  GenMissingET_size
  Jet_size
  Electron_size
  Photon_size
  Muon_size
  FatJet_size
  MissingET_size
  ScalarHT_size
Input: /uscms_data/d3/iturkmen/hh4b_delphes/root/ttbb_50k_shard007_pythia8_delphes.root
Events: 5000

      event  n_higgs_particles  ...  n_genjets_flavor5  n_genjets_btag
0         0                  0  ...                  0               0
1         1                  0  ...                  0               0
2         2                  0  ...                  0               0
3         3                  0  ...                  0               0
4         4                  0  ...                  0               0
...     ...                ...  ...                ...             ...
4995   4995                  0  ...                  0               0
4996   4996                  0  ...                  0               0
4997   4997                  0  ...                  0               0
4998   4998                  0  ...                  0               0
4999   4999                  0  ...                  0               0

[5000 rows x 15 columns]

Column sums:
  n_higgs_particles: 0
  n_b_particles: 164388
  n_status1_b_particles: 0
  n_jets: 37285
  n_jets_pt30_eta25: 29664
  n_jets_flavor5: 17703
  n_jets_flavoralgo5: 0
  n_jets_flavorphys5: 0
  n_btagged_jets: 12399
  n_btagged_jets_pt30_eta25: 11444
  n_genjets: 40170
  n_genjets_pt30_eta25: 30404
  n_genjets_flavor5: 0
  n_genjets_btag: 0

Events with >=4 reconstructed jets: 4662
Events with >=4 reconstructed b-tagged jets: 665
Events with >=4 jet FlavorPhys b jets: 0
Events with >=4 generator-level b particles: 5000

Wrote: /uscms_data/d3/iturkmen/hh4b_delphes/metadata/ttbb_50k_shard007_diagnostic.csv
Wrote: /uscms_data/d3/iturkmen/hh4b_delphes/parquet/ttbb_50k_shard007_event_summary.parquet
                 sample  event  event_weight  ...  n_muon  ht_pt30_eta25         met
0     ttbb_50k_shard007      0      1.535081  ...       0     351.745148   73.046585
1     ttbb_50k_shard007      1      1.535081  ...       0    1095.334473   10.393893
2     ttbb_50k_shard007      2      1.535081  ...       0     784.462036  101.320229
3     ttbb_50k_shard007      3      1.535081  ...       0     444.061279   50.992878
4     ttbb_50k_shard007      4      1.535081  ...       0    1064.351196   97.115471
...                 ...    ...           ...  ...     ...            ...         ...
4995  ttbb_50k_shard007   4995      1.535081  ...       0     752.608337  104.485733
4996  ttbb_50k_shard007   4996      1.535081  ...       1     200.780212  134.925385
4997  ttbb_50k_shard007   4997      1.535081  ...       0    1268.251587   39.200958
4998  ttbb_50k_shard007   4998      1.535081  ...       1     445.580536   92.420761
4999  ttbb_50k_shard007   4999      1.535081  ...       0     676.634583   49.117096

[5000 rows x 13 columns]

Selection counts:
  events: 5000
  events with >=4 selected jets: 4662
  events with >=4 selected b-tagged jets: 665
DONE: ttbb_50k_shard007
ROOT: /uscms_data/d3/iturkmen/hh4b_delphes/root/ttbb_50k_shard007_pythia8_delphes.root
HEPMC: /uscms_data/d3/iturkmen/hh4b_delphes/hepmc/ttbb_50k_shard007_pythia8.hepmc
PARQUET: /uscms_data/d3/iturkmen/hh4b_delphes/parquet/ttbb_50k_shard007_event_summary.parquet
DIAGNOSTIC: /uscms_data/d3/iturkmen/hh4b_delphes/metadata/ttbb_50k_shard007_diagnostic.csv
Input events: 5000
Events with >=4 selected b-tagged jets: 665
Wrote: /uscms_data/d3/iturkmen/hh4b_delphes/parquet/ttbb_50k_shard007_hh4b_candidates.parquet

             mbb1        mbb2  ...          mhh  n_selected_bjets
count  665.000000  665.000000  ...   665.000000        665.000000
mean   180.354165  151.990705  ...   572.467575          4.184962
std     99.157521   81.655747  ...   273.082952          0.425557
min     41.294278   34.924553  ...   134.247221          4.000000
25%    118.490260  100.511446  ...   378.641428          4.000000
50%    150.363319  129.552827  ...   512.507870          4.000000
75%    209.751913  182.601731  ...   708.423655          4.000000
max    776.088406  664.457230  ...  2068.503552          7.000000

[8 rows x 6 columns]
sample: ttbb_50k_shard007
events: 5000
candidate rows: 665
cross-section median pb: 1.5350807905197144
events with >=4 selected jets: 4662
events with >=4 selected b-tagged jets: 665
median mbb1: 150.36331869003132
median mbb2: 129.55282698558068
median avg_mbb: 145.49935407828633
median delta_mbb: 55.375504646258236
median mhh: 512.5078703641484
median n_selected_bjets: 4.0
Wrote: /uscms_data/d3/iturkmen/hh4b_delphes/metadata/ttbb_50k_shard007_summary.txt
DONE ttbb_50k_shard007
Finished shard 007

============================================================
Starting shard 008 / campaign ttbb_50k
TAG=ttbb_50k_shard008
RUN_NAME=run_ttbb_50k_008
SEED=107008
============================================================
PROCESS_DIR=/uscms_data/d3/iturkmen/hh4b_delphes/mg5/TTbb_smoke
RUN_NAME=run_ttbb_50k_008
N_EVENTS=5000
SEED=107008
OUTPUT_TAG=ttbb_50k_shard008
APPLY_B_CUTS=yes
Updated run card:
 5000 = nevents ! Number of unweighted events
 107008 = iseed ! Random seed
 25.0 = ptb ! minimum pt for b quarks
  -1.0	= ptbmax ! maximum pt for the b
 2.7 = etab ! maximum eta for b quarks
  0.0	= etabmin ! min rap for the b
 0.4 = drbb ! minimum deltaR between b quarks
  -1.0	= drbbmax ! max distance between b's
  0.0	= xptb ! minimum pt for at least one b 
 0.4 = drbj ! minimum deltaR between b and light jets
 20.0 = ptj ! minimum pt for jets
 5.0 = etaj ! maximum eta for jets
************************************************************
*                                                          *
*                      W E L C O M E to                    *
*             M A D G R A P H 5 _ a M C @ N L O            *
*                      M A D E V E N T                     *
*                                                          *
*                 *                       *                *
*                   *        * *        *                  *
*                     * * * * 5 * * * *                    *
*                   *        * *        *                  *
*                 *                       *                *
*                                                          *
*         VERSION 3.5.3                                    *
*                                                          *
*    The MadGraph5_aMC@NLO Development Team - Find us at   *
*    https://server06.fynu.ucl.ac.be/projects/madgraph     *
*                                                          *
*               Type 'help' for in-line help.              *
*                                                          *
************************************************************
INFO: load configuration from /uscms_data/d3/iturkmen/hh4b_delphes/mg5/TTbb_smoke/Cards/me5_configuration.txt  
INFO: load configuration from /cvmfs/sft.cern.ch/lcg/releases/MCGenerators/madgraph5amc/3.5.3.atlas7-2c347/x86_64-el9-gcc13-opt/input/mg5_configuration.txt  
INFO: load configuration from /uscms_data/d3/iturkmen/hh4b_delphes/mg5/TTbb_smoke/Cards/me5_configuration.txt  
Using default text editor "vi". Set another one in ./input/mg5_configuration.txt
Using default eps viewer "evince". Set another one in ./input/mg5_configuration.txt
Using default web browser "firefox". Set another one in ./input/mg5_configuration.txt
generate_events run_ttbb_50k_008 -f
Generating 5000 events with run name run_ttbb_50k_008
survey  run_ttbb_50k_008 
INFO: compile directory 
compile Source Directory
Using random number seed offset = 107008
INFO: Running Survey 
Creating Jobs
Working on SubProcesses
INFO: Compiling for process 1/2. 
INFO:     P1_gg_ttxbbx  
  0%|          | 0/1049 [00:00<?, ?it/s] 58%|█████▊    | 604/1049 [00:00<00:00, 6035.73it/s]100%|██████████| 1049/1049 [00:00<00:00, 6392.01it/s]
INFO: Compiling for process 2/2. 
INFO:     P1_qq_ttxbbx  
  0%|          | 0/816 [00:00<?, ?it/s]100%|██████████| 816/816 [00:00<00:00, 40615.57it/s]
INFO:     P1_gg_ttxbbx  
INFO:     P1_qq_ttxbbx  
INFO:  Idle: 4,  Running: 8,  Completed: 0 [ current time: 15h27 ] 
INFO:  Idle: 3,  Running: 8,  Completed: 1 [  0.38s  ] 
INFO:  Idle: 0,  Running: 0,  Completed: 12 [  1.3s  ] 
INFO: End survey 
refine 5000
Creating Jobs
INFO: Refine results to 5000 
INFO: Generating 5000.0 unweighted events. 
sum of cpu time of last step: 19 seconds
INFO: Effective Luminosity 3872.484961556403 pb^-1 
INFO: need to improve 9 channels 
- Current estimate of cross-section: 1.5493927179999998 +- 0.016841398672275146
    P1_gg_ttxbbx 
    P1_qq_ttxbbx 
INFO:  Idle: 3,  Running: 8,  Completed: 0 [ current time: 15h27 ] 
INFO:  Idle: 1,  Running: 8,  Completed: 2 [  7.7s  ] 
INFO:  Idle: 0,  Running: 0,  Completed: 11 [  11s  ] 
INFO:  Idle: 0,  Running: 0,  Completed: 11 [  11s  ] 
INFO: Combining runs 
sum of cpu time of last step: 43 seconds
INFO: finish refine 
refine 5000 --treshold=0.9
No need for second refine due to stability of cross-section
INFO: Combining Events 
combination of events done in 3.383615255355835 s 
  === Results Summary for run: run_ttbb_50k_008 tag: tag_1 ===

     Cross-section :   1.547 +- 0.005915 pb
     Nb of events :  5000
 
INFO: Running Systematics computation 
INFO:  Idle: 1,  Running: 1,  Completed: 0 [ current time: 15h28 ] 
INFO:  Idle: 0,  Running: 1,  Completed: 1 [  8.1s  ] 
INFO: # Events generated with PDF: NNPDF23_lo_as_0130_qed (247000) 
INFO: # Will Compute 145 weights per event. 
INFO: #***************************************************************************
#
# original cross-section: 1.5466174383646045
#     scale variation: +70% -37.8%
#     central scheme variation: + 0% -61.3%
# PDF variation: +7.56% -7.56%
#
# dynamical scheme # 1 : 0.842838 +58.2% -34.5% # \sum ET
# dynamical scheme # 2 : 0.717572 +55.6% -33.7% # \sum\sqrt{m^2+pt^2}
# dynamical scheme # 3 : 1.11678 +62.1% -35.7% # 0.5 \sum\sqrt{m^2+pt^2}
# dynamical scheme # 4 : 0.599163 +53.2% -32.8% # \sqrt{\hat s}
#***************************************************************************
 
INFO: End of systematics computation 
store_events
INFO: Storing parton level results 
INFO: End Parton 
reweight -from_cards
decay_events -from_cards
INFO: storing files of previous run 
INFO: Done 
quit
INFO:  
LHE=/uscms_data/d3/iturkmen/hh4b_delphes/mg5/TTbb_smoke/Events/run_ttbb_50k_008/unweighted_events.lhe.gz
N_FOUND=5000
Sample: ttbb_50k_shard008
Input LHE.GZ: /uscms_data/d3/iturkmen/hh4b_delphes/mg5/TTbb_smoke/Events/run_ttbb_50k_008/unweighted_events.lhe.gz
Events requested: 5000
Output tag: ttbb_50k_shard008
LHE: /uscms_data/d3/iturkmen/hh4b_delphes/mg5/TTbb_smoke/Events/run_ttbb_50k_008/unweighted_events.lhe
HEPMC: /uscms_data/d3/iturkmen/hh4b_delphes/hepmc/ttbb_50k_shard008_pythia8.hepmc
ROOT: /uscms_data/d3/iturkmen/hh4b_delphes/root/ttbb_50k_shard008_pythia8_delphes.root
LHE event count: 5000

 *------------------------------------------------------------------------------------* 
 |                                                                                    | 
 |  *------------------------------------------------------------------------------*  | 
 |  |                                                                              |  | 
 |  |                                                                              |  | 
 |  |   PPP   Y   Y  TTTTT  H   H  III    A      Welcome to the Lund Monte Carlo!  |  | 
 |  |   P  P   Y Y     T    H   H   I    A A     This is PYTHIA version 8.312      |  | 
 |  |   PPP     Y      T    HHHHH   I   AAAAA    Last date of change: 23 May 2024  |  | 
 |  |   P       Y      T    H   H   I   A   A                                      |  | 
 |  |   P       Y      T    H   H  III  A   A    Now is 08 Jul 2026 at 15:29:13    |  | 
 |  |                                                                              |  | 
 |  |   Program documentation and an archive of historic versions is found on:     |  | 
 |  |                                                                              |  | 
 |  |                               https://pythia.org/                            |  | 
 |  |                                                                              |  | 
 |  |   PYTHIA is authored by a collaboration consisting of:                       |  | 
 |  |                                                                              |  | 
 |  |   Javira Altmann, Christian Bierlich, Naomi Cooke, Nishita Desai,            |  | 
 |  |   Leif Gellersen, Ilkka Helenius, Philip Ilten, Leif Lonnblad,               |  | 
 |  |   Stephen Mrenna, Christian Preuss, Torbjorn Sjostrand, Peter Skands,        |  | 
 |  |   Marius Utheim, and Rob Verheyen.                                           |  | 
 |  |                                                                              |  | 
 |  |   The complete list of authors, including contact information and            |  | 
 |  |   affiliations, can be found on https://pythia.org/.                         |  | 
 |  |   Problems or bugs should be reported on email at authors@pythia.org.        |  | 
 |  |                                                                              |  | 
 |  |   The main program reference is C. Bierlich et al,                           |  | 
 |  |   'A comprehensive guide to the physics and usage of Pythia 8.3',            |  | 
 |  |   SciPost Phys. Codebases 8-r8.3 (2022) [arXiv:2203.11601 [hep-ph]]          |  | 
 |  |                                                                              |  | 
 |  |   PYTHIA is released under the GNU General Public Licence version 2 or later.|  | 
 |  |   Please respect the MCnet Guidelines for Event Generator Authors and Users. |  | 
 |  |                                                                              |  | 
 |  |   Disclaimer: this program comes without any guarantees.                     |  | 
 |  |   Beware of errors and use common sense when interpreting results.           |  | 
 |  |                                                                              |  | 
 |  |   Copyright (C) 2024 Torbjorn Sjostrand                                      |  | 
 |  |                                                                              |  | 
 |  |                                                                              |  | 
 |  *------------------------------------------------------------------------------*  | 
 |                                                                                    | 
 *------------------------------------------------------------------------------------* 

 *-----------------------  SusyLesHouches SUSY/BSM Interface  ------------------------*
 | Last Change 12 Apr 2017 - P. Skands
 | Parsing: /uscms_data/d3/iturkmen/hh4b_delphes/mg5/TTbb_smoke/Events/run_ttbb_50k_008/unweighted_events.lhe
 | (SLHA::readFile) line 338 - storing non-SLHA(2) block: yukawa
 *------------------------------------------------------------------------------------*
 PYTHIA Info from SLHAinterface::initSLHA: No MODSEL found, keeping internal SUSY switched off
 PYTHIA Warning in SLHAinterface::initSLHA: ignoring MASS entries for id = {1,2,3,4,5,11,12,13,14,15,16,21,22,23,24} (m0 < SLHA:minMassSM)
 PYTHIA Warning in SLHAinterface::initSLHA: ignoring DECAY tables for id = {23,24,1,2,3,4,5,11,12,13,14,15,16,21,22} (m0 < SLHA:minMassSM)
 PYTHIA Warning in SLHAinterface::initSLHA: ignoring empty DECAY tables for id = {6,25} (total width provided but no Branching Ratios)

 *-------  PYTHIA Process Initialization  --------------------------*
 |                                                                  |
 | We collide p+ with p+ at a CM energy of 1.300e+04 GeV            |
 |                                                                  |
 |------------------------------------------------------------------|
 |                                                    |             |
 | Subprocess                                    Code |   Estimated |
 |                                                    |    max (mb) |
 |                                                    |             |
 |------------------------------------------------------------------|
 |                                                    |             |
 | Les Houches User Process(es)                  9999 |   1.000e-09 |
 |                                                                  |
 *-------  End PYTHIA Process Initialization -----------------------*

 *-------  PYTHIA Multiparton Interactions Initialization  ---------* 
 |                                                                  | 
 |                   sigmaNonDiffractive =    56.42 mb              | 
 |                                                                  | 
 |    pT0 =  2.60 gives sigmaInteraction =   317.96 mb: accepted    | 
 |                                                                  | 
 *-------  End PYTHIA Multiparton Interactions Initialization  -----* 

 *-------  PYTHIA Flag + Mode + Parm + Word + FVec + MVec + PVec + WVec Settings (changes only)  ------------------* 
 |                                                                                                                 | 
 | Name                                          |                      Now |      Default         Min         Max | 
 |                                               |                          |                                      | 
 | Beams:frameType                               |                        4 |            1           1           5 | 
 | Beams:LHEF                                    | /uscms_data/d3/iturkmen/hh4b_delphes/mg5/TTbb_smoke/Events/run_ttbb_50k_008/unweighted_events.lhe |         void | 
 | Check:event                                   |                      off |           on                         | 
 | Next:numberCount                              |                       10 |         1000           0             | 
 | Next:numberShowEvent                          |                        0 |            1           0             | 
 | Next:numberShowInfo                           |                        0 |            1           0             | 
 | Next:numberShowProcess                        |                        0 |            1           0             | 
 |                                                                                                                 | 
 *-------  End PYTHIA Flag + Mode + Parm + Word + FVec + MVec + PVec + WVec Settings  -----------------------------* 

 --------  PYTHIA Particle Data Table (changed only)  ------------------------------------------------------------------------------
 
      id   name            antiName         spn chg col      m0        mWidth      mMin       mMax       tau0    res dec ext vis wid
             no onMode   bRatio   meMode     products 

       6  t                tbar               2   2   1  173.00000    1.35678  166.40000  179.60000  1.45438e-13   1   1   0   1   0
              0     1   0.0000664    0       24        1 
              1     1   0.0017361    0       24        3 
              2     1   0.9981975    0       24        5 
              3     0   0.0000000    0       37        5 

      25  h0                                  1   0   0  125.00000    0.00408  124.96809  125.03191  4.83238e-11   1   1   0   0   0
              0     1   0.0000009    0        1       -1 
              1     1   0.0000002    0        2       -2 
              2     1   0.0002163    0        3       -3 
              3     1   0.0288493    0        4       -4 
              4     1   0.5768873    0        5       -5 
              5     1   0.0000000    0        6       -6 
              6     1   0.0000000    0       11      -11 
              7     1   0.0002185    0       13      -13 
              8     1   0.0628569    0       15      -15 
              9     1   0.0850383    0       21       21 
             10     1   0.0022965    0       22       22 
             11     1   0.0016155    0       22       23 
             12     1   0.0261758    0       23       23 
             13     1   0.2158445    0       24      -24 
             14     1   0.0000000  103  1000022  1000022 
             15     1   0.0000000  103  1000023  1000022 
             16     1   0.0000000  103  1000023  1000023 
             17     1   0.0000000  103  1000025  1000022 
             18     1   0.0000000  103  1000025  1000023 
             19     1   0.0000000  103  1000025  1000025 
             20     1   0.0000000  103  1000035  1000022 
             21     1   0.0000000  103  1000035  1000023 
             22     1   0.0000000  103  1000035  1000025 
             23     1   0.0000000  103  1000035  1000035 
             24     1   0.0000000  103  1000024 -1000024 
             25     1   0.0000000  103  1000024 -1000037 
             26     1   0.0000000  103  1000037 -1000024 
             27     1   0.0000000  103  1000037 -1000037 
             28     1   0.0000000  103  1000001 -1000001 
             29     1   0.0000000  103  2000001 -2000001 
             30     1   0.0000000  103  1000001 -2000001 
             31     1   0.0000000  103 -1000001  2000001 
             32     1   0.0000000  103  1000002 -1000002 
             33     1   0.0000000  103  2000002 -2000002 
             34     1   0.0000000  103  1000002 -2000002 
             35     1   0.0000000  103 -1000002  2000002 
             36     1   0.0000000  103  1000003 -1000003 
             37     1   0.0000000  103  2000003 -2000003 
             38     1   0.0000000  103  1000003 -2000003 
             39     1   0.0000000  103 -1000003  2000003 
             40     1   0.0000000  103  1000004 -1000004 
             41     1   0.0000000  103  2000004 -2000004 
             42     1   0.0000000  103  1000004 -2000004 
             43     1   0.0000000  103 -1000004  2000004 
             44     1   0.0000000  103  1000005 -1000005 
             45     1   0.0000000  103  2000005 -2000005 
             46     1   0.0000000  103  1000005 -2000005 
             47     1   0.0000000  103 -1000005  2000005 
             48     1   0.0000000  103  1000006 -1000006 
             49     1   0.0000000  103  2000006 -2000006 
             50     1   0.0000000  103  1000006 -2000006 
             51     1   0.0000000  103 -1000006  2000006 
             52     1   0.0000000  103  1000011 -1000011 
             53     1   0.0000000  103  2000011 -2000011 
             54     1   0.0000000  103  1000011 -2000011 
             55     1   0.0000000  103 -1000011  2000011 
             56     1   0.0000000  103  1000012 -1000012 
             57     1   0.0000000  103  2000012 -2000012 
             58     1   0.0000000  103  1000012 -2000012 
             59     1   0.0000000  103 -1000012  2000012 
             60     1   0.0000000  103  1000013 -1000013 
             61     1   0.0000000  103  2000013 -2000013 
             62     1   0.0000000  103  1000013 -2000013 
             63     1   0.0000000  103 -1000013  2000013 
             64     1   0.0000000  103  1000014 -1000014 
             65     1   0.0000000  103  2000014 -2000014 
             66     1   0.0000000  103  1000014 -2000014 
             67     1   0.0000000  103 -1000014  2000014 
             68     1   0.0000000  103  1000015 -1000015 
             69     1   0.0000000  103  2000015 -2000015 
             70     1   0.0000000  103  1000015 -2000015 
             71     1   0.0000000  103 -1000015  2000015 
             72     1   0.0000000  103  1000016 -1000016 
             73     1   0.0000000  103  2000016 -2000016 
             74     1   0.0000000  103  1000016 -2000016 
             75     1   0.0000000  103 -1000016  2000016 

 --------  End PYTHIA Particle Data Table  -----------------------------------------------------------------------------------------


 --------  LHA initialization information  ------------ 

  beam    kind      energy  pdfgrp  pdfset 
     A    2212    6500.000       0  247000
     B    2212    6500.000       0  247000

  Event weighting strategy = -4

  Processes, with strategy-dependent cross section info 
  number      xsec (pb)      xerr (pb)      xmax (pb) 
       1     1.5469e+00     5.9150e-03     1.5469e+00

 --------  End LHA initialization information  -------- 

 --------  LHA event information and listing  ---------------------------------------------------------------------- 

    process =        1    weight =   1.5469e+00     scale =   2.4475e+02 (GeV) 
                        alpha_em =   7.5558e-03    alpha_strong =   1.2094e-01

    Participating Particles 
    no        id stat     mothers     colours      p_x        p_y        p_z         e          m        tau    spin 
     1        21   -1     0     0   501   503      0.000      0.000   1192.895   1192.895      0.000   0.000   1.000
     2        21   -1     0     0   502   504     -0.000     -0.000   -340.515    340.515      0.000   0.000  -1.000
     3         6    1     1     2   501     0   -199.913     20.008    918.707    956.109    172.500   0.000   1.000
     4        -6    1     1     2     0   504    104.390    -46.790    200.475    288.154    172.500   0.000  -1.000
     5         5    1     1     2   502     0     13.341     24.749    -56.069     62.899      4.700   0.000   1.000
     6        -5    1     1     2     0   503     82.182      2.033   -210.732    226.248      4.700   0.000  -1.000

 --------  End LHA event information and listing  ------------------------------------------------------------------ 

 Pythia::next(): 10 events have been generated 

 Pythia::next(): 20 events have been generated 

 Pythia::next(): 30 events have been generated 

 Pythia::next(): 40 events have been generated 

 Pythia::next(): 50 events have been generated 

 Pythia::next(): 60 events have been generated 

 Pythia::next(): 70 events have been generated 

 Pythia::next(): 80 events have been generated 

 Pythia::next(): 90 events have been generated 

 Pythia::next(): 100 events have been generated 

 Pythia::next(): 110 events have been generated 

 Pythia::next(): 120 events have been generated 

 Pythia::next(): 130 events have been generated 

 Pythia::next(): 140 events have been generated 

 Pythia::next(): 150 events have been generated 

 Pythia::next(): 160 events have been generated 

 Pythia::next(): 170 events have been generated 

 Pythia::next(): 180 events have been generated 

 Pythia::next(): 190 events have been generated 

 Pythia::next(): 200 events have been generated 

 Pythia::next(): 210 events have been generated 

 Pythia::next(): 220 events have been generated 

 Pythia::next(): 230 events have been generated 

 Pythia::next(): 240 events have been generated 

 Pythia::next(): 250 events have been generated 

 Pythia::next(): 260 events have been generated 

 Pythia::next(): 270 events have been generated 

 Pythia::next(): 280 events have been generated 

 Pythia::next(): 290 events have been generated 

 Pythia::next(): 300 events have been generated 

 Pythia::next(): 310 events have been generated 

 Pythia::next(): 320 events have been generated 

 Pythia::next(): 330 events have been generated 

 Pythia::next(): 340 events have been generated 

 Pythia::next(): 350 events have been generated 

 Pythia::next(): 360 events have been generated 

 Pythia::next(): 370 events have been generated 

 Pythia::next(): 380 events have been generated 

 Pythia::next(): 390 events have been generated 

 Pythia::next(): 400 events have been generated 

 Pythia::next(): 410 events have been generated 

 Pythia::next(): 420 events have been generated 

 Pythia::next(): 430 events have been generated 

 Pythia::next(): 440 events have been generated 

 Pythia::next(): 450 events have been generated 

 Pythia::next(): 460 events have been generated 

 Pythia::next(): 470 events have been generated 

 Pythia::next(): 480 events have been generated 

 Pythia::next(): 490 events have been generated 

 Pythia::next(): 500 events have been generated 

 Pythia::next(): 510 events have been generated 

 Pythia::next(): 520 events have been generated 

 Pythia::next(): 530 events have been generated 

 Pythia::next(): 540 events have been generated 

 Pythia::next(): 550 events have been generated 

 Pythia::next(): 560 events have been generated 

 Pythia::next(): 570 events have been generated 

 Pythia::next(): 580 events have been generated 

 Pythia::next(): 590 events have been generated 

 Pythia::next(): 600 events have been generated 

 Pythia::next(): 610 events have been generated 

 Pythia::next(): 620 events have been generated 

 Pythia::next(): 630 events have been generated 

 Pythia::next(): 640 events have been generated 

 Pythia::next(): 650 events have been generated 

 Pythia::next(): 660 events have been generated 

 Pythia::next(): 670 events have been generated 

 Pythia::next(): 680 events have been generated 

 Pythia::next(): 690 events have been generated 

 Pythia::next(): 700 events have been generated 

 Pythia::next(): 710 events have been generated 

 Pythia::next(): 720 events have been generated 

 Pythia::next(): 730 events have been generated 

 Pythia::next(): 740 events have been generated 

 Pythia::next(): 750 events have been generated 

 Pythia::next(): 760 events have been generated 

 Pythia::next(): 770 events have been generated 

 Pythia::next(): 780 events have been generated 

 Pythia::next(): 790 events have been generated 

 Pythia::next(): 800 events have been generated 

 Pythia::next(): 810 events have been generated 

 Pythia::next(): 820 events have been generated 

 Pythia::next(): 830 events have been generated 

 Pythia::next(): 840 events have been generated 

 Pythia::next(): 850 events have been generated 

 Pythia::next(): 860 events have been generated 

 Pythia::next(): 870 events have been generated 

 Pythia::next(): 880 events have been generated 

 Pythia::next(): 890 events have been generated 

 Pythia::next(): 900 events have been generated 

 Pythia::next(): 910 events have been generated 

 Pythia::next(): 920 events have been generated 

 Pythia::next(): 930 events have been generated 

 Pythia::next(): 940 events have been generated 

 Pythia::next(): 950 events have been generated 

 Pythia::next(): 960 events have been generated 

 Pythia::next(): 970 events have been generated 

 Pythia::next(): 980 events have been generated 

 Pythia::next(): 990 events have been generated 

 Pythia::next(): 1000 events have been generated 

 Pythia::next(): 1010 events have been generated 

 Pythia::next(): 1020 events have been generated 

 Pythia::next(): 1030 events have been generated 

 Pythia::next(): 1040 events have been generated 

 Pythia::next(): 1050 events have been generated 

 Pythia::next(): 1060 events have been generated 

 Pythia::next(): 1070 events have been generated 

 Pythia::next(): 1080 events have been generated 

 Pythia::next(): 1090 events have been generated 

 Pythia::next(): 1100 events have been generated 

 Pythia::next(): 1110 events have been generated 

 Pythia::next(): 1120 events have been generated 

 Pythia::next(): 1130 events have been generated 

 Pythia::next(): 1140 events have been generated 

 Pythia::next(): 1150 events have been generated 

 Pythia::next(): 1160 events have been generated 

 Pythia::next(): 1170 events have been generated 

 Pythia::next(): 1180 events have been generated 

 Pythia::next(): 1190 events have been generated 

 Pythia::next(): 1200 events have been generated 

 Pythia::next(): 1210 events have been generated 

 Pythia::next(): 1220 events have been generated 

 Pythia::next(): 1230 events have been generated 

 Pythia::next(): 1240 events have been generated 

 Pythia::next(): 1250 events have been generated 

 Pythia::next(): 1260 events have been generated 

 Pythia::next(): 1270 events have been generated 

 Pythia::next(): 1280 events have been generated 

 Pythia::next(): 1290 events have been generated 

 Pythia::next(): 1300 events have been generated 

 Pythia::next(): 1310 events have been generated 

 Pythia::next(): 1320 events have been generated 

 Pythia::next(): 1330 events have been generated 

 Pythia::next(): 1340 events have been generated 

 Pythia::next(): 1350 events have been generated 

 Pythia::next(): 1360 events have been generated 

 Pythia::next(): 1370 events have been generated 

 Pythia::next(): 1380 events have been generated 

 Pythia::next(): 1390 events have been generated 

 Pythia::next(): 1400 events have been generated 

 Pythia::next(): 1410 events have been generated 

 Pythia::next(): 1420 events have been generated 

 Pythia::next(): 1430 events have been generated 

 Pythia::next(): 1440 events have been generated 

 Pythia::next(): 1450 events have been generated 

 Pythia::next(): 1460 events have been generated 

 Pythia::next(): 1470 events have been generated 

 Pythia::next(): 1480 events have been generated 

 Pythia::next(): 1490 events have been generated 

 Pythia::next(): 1500 events have been generated 

 Pythia::next(): 1510 events have been generated 

 Pythia::next(): 1520 events have been generated 

 Pythia::next(): 1530 events have been generated 

 Pythia::next(): 1540 events have been generated 

 Pythia::next(): 1550 events have been generated 

 Pythia::next(): 1560 events have been generated 

 Pythia::next(): 1570 events have been generated 

 Pythia::next(): 1580 events have been generated 

 Pythia::next(): 1590 events have been generated 

 Pythia::next(): 1600 events have been generated 

 Pythia::next(): 1610 events have been generated 

 Pythia::next(): 1620 events have been generated 

 Pythia::next(): 1630 events have been generated 

 Pythia::next(): 1640 events have been generated 

 Pythia::next(): 1650 events have been generated 

 Pythia::next(): 1660 events have been generated 

 Pythia::next(): 1670 events have been generated 

 Pythia::next(): 1680 events have been generated 

 Pythia::next(): 1690 events have been generated 

 Pythia::next(): 1700 events have been generated 

 Pythia::next(): 1710 events have been generated 

 Pythia::next(): 1720 events have been generated 

 Pythia::next(): 1730 events have been generated 

 Pythia::next(): 1740 events have been generated 

 Pythia::next(): 1750 events have been generated 

 Pythia::next(): 1760 events have been generated 

 Pythia::next(): 1770 events have been generated 

 Pythia::next(): 1780 events have been generated 

 Pythia::next(): 1790 events have been generated 

 Pythia::next(): 1800 events have been generated 

 Pythia::next(): 1810 events have been generated 

 Pythia::next(): 1820 events have been generated 

 Pythia::next(): 1830 events have been generated 

 Pythia::next(): 1840 events have been generated 

 Pythia::next(): 1850 events have been generated 

 Pythia::next(): 1860 events have been generated 

 Pythia::next(): 1870 events have been generated 

 Pythia::next(): 1880 events have been generated 

 Pythia::next(): 1890 events have been generated 

 Pythia::next(): 1900 events have been generated 

 Pythia::next(): 1910 events have been generated 

 Pythia::next(): 1920 events have been generated 

 Pythia::next(): 1930 events have been generated 

 Pythia::next(): 1940 events have been generated 

 Pythia::next(): 1950 events have been generated 

 Pythia::next(): 1960 events have been generated 

 Pythia::next(): 1970 events have been generated 

 Pythia::next(): 1980 events have been generated 

 Pythia::next(): 1990 events have been generated 

 Pythia::next(): 2000 events have been generated 

 Pythia::next(): 2010 events have been generated 
 PYTHIA Warning in TauDecays::decay: unknown correlated tau production, assuming from unpolarized photon

 Pythia::next(): 2020 events have been generated 

 Pythia::next(): 2030 events have been generated 

 Pythia::next(): 2040 events have been generated 

 Pythia::next(): 2050 events have been generated 

 Pythia::next(): 2060 events have been generated 

 Pythia::next(): 2070 events have been generated 

 Pythia::next(): 2080 events have been generated 

 Pythia::next(): 2090 events have been generated 

 Pythia::next(): 2100 events have been generated 

 Pythia::next(): 2110 events have been generated 

 Pythia::next(): 2120 events have been generated 

 Pythia::next(): 2130 events have been generated 

 Pythia::next(): 2140 events have been generated 
 PYTHIA Error in SimpleSpaceShower::pT2nearThreshold: stuck in loop

 Pythia::next(): 2150 events have been generated 

 Pythia::next(): 2160 events have been generated 

 Pythia::next(): 2170 events have been generated 

 Pythia::next(): 2180 events have been generated 

 Pythia::next(): 2190 events have been generated 

 Pythia::next(): 2200 events have been generated 

 Pythia::next(): 2210 events have been generated 

 Pythia::next(): 2220 events have been generated 

 Pythia::next(): 2230 events have been generated 

 Pythia::next(): 2240 events have been generated 

 Pythia::next(): 2250 events have been generated 

 Pythia::next(): 2260 events have been generated 

 Pythia::next(): 2270 events have been generated 

 Pythia::next(): 2280 events have been generated 

 Pythia::next(): 2290 events have been generated 

 Pythia::next(): 2300 events have been generated 

 Pythia::next(): 2310 events have been generated 

 Pythia::next(): 2320 events have been generated 

 Pythia::next(): 2330 events have been generated 

 Pythia::next(): 2340 events have been generated 

 Pythia::next(): 2350 events have been generated 

 Pythia::next(): 2360 events have been generated 

 Pythia::next(): 2370 events have been generated 

 Pythia::next(): 2380 events have been generated 

 Pythia::next(): 2390 events have been generated 

 Pythia::next(): 2400 events have been generated 

 Pythia::next(): 2410 events have been generated 

 Pythia::next(): 2420 events have been generated 

 Pythia::next(): 2430 events have been generated 

 Pythia::next(): 2440 events have been generated 

 Pythia::next(): 2450 events have been generated 

 Pythia::next(): 2460 events have been generated 

 Pythia::next(): 2470 events have been generated 

 Pythia::next(): 2480 events have been generated 

 Pythia::next(): 2490 events have been generated 

 Pythia::next(): 2500 events have been generated 

 Pythia::next(): 2510 events have been generated 

 Pythia::next(): 2520 events have been generated 

 Pythia::next(): 2530 events have been generated 

 Pythia::next(): 2540 events have been generated 

 Pythia::next(): 2550 events have been generated 

 Pythia::next(): 2560 events have been generated 

 Pythia::next(): 2570 events have been generated 

 Pythia::next(): 2580 events have been generated 

 Pythia::next(): 2590 events have been generated 

 Pythia::next(): 2600 events have been generated 

 Pythia::next(): 2610 events have been generated 

 Pythia::next(): 2620 events have been generated 

 Pythia::next(): 2630 events have been generated 

 Pythia::next(): 2640 events have been generated 

 Pythia::next(): 2650 events have been generated 

 Pythia::next(): 2660 events have been generated 

 Pythia::next(): 2670 events have been generated 

 Pythia::next(): 2680 events have been generated 

 Pythia::next(): 2690 events have been generated 

 Pythia::next(): 2700 events have been generated 

 Pythia::next(): 2710 events have been generated 

 Pythia::next(): 2720 events have been generated 

 Pythia::next(): 2730 events have been generated 
 PYTHIA Warning in SimpleSpaceShower::pT2nextQCD: weight above unity

 Pythia::next(): 2740 events have been generated 

 Pythia::next(): 2750 events have been generated 

 Pythia::next(): 2760 events have been generated 

 Pythia::next(): 2770 events have been generated 

 Pythia::next(): 2780 events have been generated 

 Pythia::next(): 2790 events have been generated 

 Pythia::next(): 2800 events have been generated 

 Pythia::next(): 2810 events have been generated 

 Pythia::next(): 2820 events have been generated 

 Pythia::next(): 2830 events have been generated 

 Pythia::next(): 2840 events have been generated 

 Pythia::next(): 2850 events have been generated 

 Pythia::next(): 2860 events have been generated 

 Pythia::next(): 2870 events have been generated 

 Pythia::next(): 2880 events have been generated 

 Pythia::next(): 2890 events have been generated 

 Pythia::next(): 2900 events have been generated 

 Pythia::next(): 2910 events have been generated 

 Pythia::next(): 2920 events have been generated 

 Pythia::next(): 2930 events have been generated 

 Pythia::next(): 2940 events have been generated 

 Pythia::next(): 2950 events have been generated 

 Pythia::next(): 2960 events have been generated 

 Pythia::next(): 2970 events have been generated 

 Pythia::next(): 2980 events have been generated 

 Pythia::next(): 2990 events have been generated 

 Pythia::next(): 3000 events have been generated 

 Pythia::next(): 3010 events have been generated 

 Pythia::next(): 3020 events have been generated 

 Pythia::next(): 3030 events have been generated 

 Pythia::next(): 3040 events have been generated 

 Pythia::next(): 3050 events have been generated 

 Pythia::next(): 3060 events have been generated 

 Pythia::next(): 3070 events have been generated 

 Pythia::next(): 3080 events have been generated 

 Pythia::next(): 3090 events have been generated 

 Pythia::next(): 3100 events have been generated 

 Pythia::next(): 3110 events have been generated 

 Pythia::next(): 3120 events have been generated 

 Pythia::next(): 3130 events have been generated 

 Pythia::next(): 3140 events have been generated 

 Pythia::next(): 3150 events have been generated 

 Pythia::next(): 3160 events have been generated 

 Pythia::next(): 3170 events have been generated 

 Pythia::next(): 3180 events have been generated 

 Pythia::next(): 3190 events have been generated 

 Pythia::next(): 3200 events have been generated 

 Pythia::next(): 3210 events have been generated 

 Pythia::next(): 3220 events have been generated 

 Pythia::next(): 3230 events have been generated 

 Pythia::next(): 3240 events have been generated 

 Pythia::next(): 3250 events have been generated 

 Pythia::next(): 3260 events have been generated 

 Pythia::next(): 3270 events have been generated 

 Pythia::next(): 3280 events have been generated 

 Pythia::next(): 3290 events have been generated 

 Pythia::next(): 3300 events have been generated 

 Pythia::next(): 3310 events have been generated 

 Pythia::next(): 3320 events have been generated 

 Pythia::next(): 3330 events have been generated 

 Pythia::next(): 3340 events have been generated 

 Pythia::next(): 3350 events have been generated 

 Pythia::next(): 3360 events have been generated 

 Pythia::next(): 3370 events have been generated 

 Pythia::next(): 3380 events have been generated 

 Pythia::next(): 3390 events have been generated 

 Pythia::next(): 3400 events have been generated 

 Pythia::next(): 3410 events have been generated 

 Pythia::next(): 3420 events have been generated 

 Pythia::next(): 3430 events have been generated 

 Pythia::next(): 3440 events have been generated 

 Pythia::next(): 3450 events have been generated 

 Pythia::next(): 3460 events have been generated 

 Pythia::next(): 3470 events have been generated 

 Pythia::next(): 3480 events have been generated 

 Pythia::next(): 3490 events have been generated 

 Pythia::next(): 3500 events have been generated 

 Pythia::next(): 3510 events have been generated 

 Pythia::next(): 3520 events have been generated 

 Pythia::next(): 3530 events have been generated 

 Pythia::next(): 3540 events have been generated 

 Pythia::next(): 3550 events have been generated 

 Pythia::next(): 3560 events have been generated 

 Pythia::next(): 3570 events have been generated 

 Pythia::next(): 3580 events have been generated 

 Pythia::next(): 3590 events have been generated 

 Pythia::next(): 3600 events have been generated 

 Pythia::next(): 3610 events have been generated 

 Pythia::next(): 3620 events have been generated 

 Pythia::next(): 3630 events have been generated 

 Pythia::next(): 3640 events have been generated 

 Pythia::next(): 3650 events have been generated 

 Pythia::next(): 3660 events have been generated 

 Pythia::next(): 3670 events have been generated 

 Pythia::next(): 3680 events have been generated 

 Pythia::next(): 3690 events have been generated 

 Pythia::next(): 3700 events have been generated 

 Pythia::next(): 3710 events have been generated 

 Pythia::next(): 3720 events have been generated 

 Pythia::next(): 3730 events have been generated 

 Pythia::next(): 3740 events have been generated 

 Pythia::next(): 3750 events have been generated 

 Pythia::next(): 3760 events have been generated 

 Pythia::next(): 3770 events have been generated 

 Pythia::next(): 3780 events have been generated 

 Pythia::next(): 3790 events have been generated 

 Pythia::next(): 3800 events have been generated 

 Pythia::next(): 3810 events have been generated 

 Pythia::next(): 3820 events have been generated 

 Pythia::next(): 3830 events have been generated 

 Pythia::next(): 3840 events have been generated 

 Pythia::next(): 3850 events have been generated 

 Pythia::next(): 3860 events have been generated 

 Pythia::next(): 3870 events have been generated 

 Pythia::next(): 3880 events have been generated 

 Pythia::next(): 3890 events have been generated 

 Pythia::next(): 3900 events have been generated 

 Pythia::next(): 3910 events have been generated 

 Pythia::next(): 3920 events have been generated 

 Pythia::next(): 3930 events have been generated 

 Pythia::next(): 3940 events have been generated 

 Pythia::next(): 3950 events have been generated 

 Pythia::next(): 3960 events have been generated 

 Pythia::next(): 3970 events have been generated 

 Pythia::next(): 3980 events have been generated 

 Pythia::next(): 3990 events have been generated 

 Pythia::next(): 4000 events have been generated 

 Pythia::next(): 4010 events have been generated 

 Pythia::next(): 4020 events have been generated 

 Pythia::next(): 4030 events have been generated 

 Pythia::next(): 4040 events have been generated 

 Pythia::next(): 4050 events have been generated 

 Pythia::next(): 4060 events have been generated 

 Pythia::next(): 4070 events have been generated 

 Pythia::next(): 4080 events have been generated 

 Pythia::next(): 4090 events have been generated 

 Pythia::next(): 4100 events have been generated 

 Pythia::next(): 4110 events have been generated 

 Pythia::next(): 4120 events have been generated 

 Pythia::next(): 4130 events have been generated 

 Pythia::next(): 4140 events have been generated 

 Pythia::next(): 4150 events have been generated 

 Pythia::next(): 4160 events have been generated 

 Pythia::next(): 4170 events have been generated 

 Pythia::next(): 4180 events have been generated 

 Pythia::next(): 4190 events have been generated 

 Pythia::next(): 4200 events have been generated 

 Pythia::next(): 4210 events have been generated 

 Pythia::next(): 4220 events have been generated 

 Pythia::next(): 4230 events have been generated 

 Pythia::next(): 4240 events have been generated 

 Pythia::next(): 4250 events have been generated 

 Pythia::next(): 4260 events have been generated 

 Pythia::next(): 4270 events have been generated 

 Pythia::next(): 4280 events have been generated 

 Pythia::next(): 4290 events have been generated 

 Pythia::next(): 4300 events have been generated 

 Pythia::next(): 4310 events have been generated 

 Pythia::next(): 4320 events have been generated 

 Pythia::next(): 4330 events have been generated 

 Pythia::next(): 4340 events have been generated 

 Pythia::next(): 4350 events have been generated 

 Pythia::next(): 4360 events have been generated 
 PYTHIA Warning in MultipartonInteractions::pTnext: weight above unity

 Pythia::next(): 4370 events have been generated 

 Pythia::next(): 4380 events have been generated 

 Pythia::next(): 4390 events have been generated 

 Pythia::next(): 4400 events have been generated 

 Pythia::next(): 4410 events have been generated 

 Pythia::next(): 4420 events have been generated 

 Pythia::next(): 4430 events have been generated 

 Pythia::next(): 4440 events have been generated 

 Pythia::next(): 4450 events have been generated 

 Pythia::next(): 4460 events have been generated 

 Pythia::next(): 4470 events have been generated 

 Pythia::next(): 4480 events have been generated 

 Pythia::next(): 4490 events have been generated 

 Pythia::next(): 4500 events have been generated 

 Pythia::next(): 4510 events have been generated 

 Pythia::next(): 4520 events have been generated 

 Pythia::next(): 4530 events have been generated 

 Pythia::next(): 4540 events have been generated 

 Pythia::next(): 4550 events have been generated 

 Pythia::next(): 4560 events have been generated 

 Pythia::next(): 4570 events have been generated 

 Pythia::next(): 4580 events have been generated 

 Pythia::next(): 4590 events have been generated 

 Pythia::next(): 4600 events have been generated 

 Pythia::next(): 4610 events have been generated 

 Pythia::next(): 4620 events have been generated 

 Pythia::next(): 4630 events have been generated 

 Pythia::next(): 4640 events have been generated 

 Pythia::next(): 4650 events have been generated 

 Pythia::next(): 4660 events have been generated 

 Pythia::next(): 4670 events have been generated 

 Pythia::next(): 4680 events have been generated 

 Pythia::next(): 4690 events have been generated 

 Pythia::next(): 4700 events have been generated 

 Pythia::next(): 4710 events have been generated 

 Pythia::next(): 4720 events have been generated 

 Pythia::next(): 4730 events have been generated 

 Pythia::next(): 4740 events have been generated 

 Pythia::next(): 4750 events have been generated 

 Pythia::next(): 4760 events have been generated 

 Pythia::next(): 4770 events have been generated 

 Pythia::next(): 4780 events have been generated 

 Pythia::next(): 4790 events have been generated 

 Pythia::next(): 4800 events have been generated 

 Pythia::next(): 4810 events have been generated 

 Pythia::next(): 4820 events have been generated 

 Pythia::next(): 4830 events have been generated 

 Pythia::next(): 4840 events have been generated 

 Pythia::next(): 4850 events have been generated 

 Pythia::next(): 4860 events have been generated 

 Pythia::next(): 4870 events have been generated 

 Pythia::next(): 4880 events have been generated 

 Pythia::next(): 4890 events have been generated 

 Pythia::next(): 4900 events have been generated 

 Pythia::next(): 4910 events have been generated 

 Pythia::next(): 4920 events have been generated 

 Pythia::next(): 4930 events have been generated 

 Pythia::next(): 4940 events have been generated 

 Pythia::next(): 4950 events have been generated 

 Pythia::next(): 4960 events have been generated 

 Pythia::next(): 4970 events have been generated 

 Pythia::next(): 4980 events have been generated 

 Pythia::next(): 4990 events have been generated 

 *-------  PYTHIA Event and Cross Section Statistics  -------------------------------------------------------------*
 |                                                                                                                 |
 | Subprocess                                    Code |            Number of events       |      sigma +- delta    |
 |                                                    |       Tried   Selected   Accepted |     (estimated) (mb)   |
 |                                                    |                                   |                        |
 |-----------------------------------------------------------------------------------------------------------------|
 |                                                    |                                   |                        |
 | Les Houches User Process(es)                  9999 |        5000       5000       5000 |   1.547e-09  6.468e-18 |
 |    ... whereof user classification code          1 |        5000       5000       5000 |                        | 
 |                                                    |                                   |                        |
 | sum                                                |        5000       5000       5000 |   1.547e-09  6.468e-18 |
 |                                                                                                                 |
 *-------  End PYTHIA Event and Cross Section Statistics ----------------------------------------------------------*

 *-------  PYTHIA Error and Warning Messages Statistics  ----------------------------------------------------------* 
 |                                                                                                                 | 
 |  times   message                                                                                                | 
 |                                                                                                                 | 
 |      2   Error in SimpleSpaceShower::pT2nearThreshold: stuck in loop                                            | 
 |      1   Warning in MultipartonInteractions::pTnext: weight above unity                                         | 
 |      1   Warning in SLHAinterface::initSLHA: ignoring DECAY tables                                              | 
 |      1   Warning in SLHAinterface::initSLHA: ignoring MASS entries                                              | 
 |      1   Warning in SLHAinterface::initSLHA: ignoring empty DECAY tables                                        | 
 |      1   Warning in SimpleSpaceShower::pT2nextQCD: weight above unity                                           | 
 |      1   Warning in TauDecays::decay: unknown correlated tau production, assuming from unpolarized photon       | 
 |      1   Info from SLHAinterface::initSLHA: No MODSEL found, keeping internal SUSY switched off                 | 
 |                                                                                                                 | 
 *-------  End PYTHIA Error and Warning Messages Statistics  ------------------------------------------------------* 
Wrote 5000 events to /uscms_data/d3/iturkmen/hh4b_delphes/hepmc/ttbb_50k_shard008_pythia8.hepmc
** INFO: initializing module  Delphes                  
** INFO: initializing module  ParticlePropagator       
** INFO: initializing module  ChargedHadronTrackingEfficiency
** INFO: initializing module  ElectronTrackingEfficiency
** INFO: initializing module  MuonTrackingEfficiency   
** INFO: initializing module  ChargedHadronMomentumSmearing
** INFO: initializing module  ElectronMomentumSmearing 
** INFO: initializing module  MuonMomentumSmearing     
** INFO: initializing module  TrackMerger              
** INFO: initializing module  ECal                     
** INFO: initializing module  HCal                     
** INFO: initializing module  Calorimeter              
** INFO: initializing module  EFlowMerger              
** INFO: initializing module  EFlowFilter              
** INFO: initializing module  PhotonEfficiency         
** INFO: initializing module  PhotonIsolation          
** INFO: initializing module  ElectronFilter           
** INFO: initializing module  ElectronEfficiency       
** INFO: initializing module  ElectronIsolation        
** INFO: initializing module  ChargedHadronFilter      
** INFO: initializing module  MuonEfficiency           
** INFO: initializing module  MuonIsolation            
** INFO: initializing module  MissingET                
** INFO: initializing module  NeutrinoFilter           
** INFO: initializing module  GenJetFinder             
#--------------------------------------------------------------------------
#                         FastJet release 3.5.1
#                 M. Cacciari, G.P. Salam and G. Soyez                  
#     A software package for jet finding and analysis at colliders      
#                           https://fastjet.fr                           
#	                                                                      
# Please cite EPJC72(2012)1896 [arXiv:1111.6097] if you use this package
# for scientific work and optionally PLB641(2006)57 [hep-ph/0512210].   
#                                                                       
# FastJet is provided without warranty under the GNU GPL v2 or higher.  
# It uses T. Chan's closest pair algorithm, S. Fortune's Voronoi code
# and 3rd party plugin jet algorithms. See COPYING file for details.
#--------------------------------------------------------------------------
** INFO: initializing module  GenMissingET             
** INFO: initializing module  FastJetFinder            
** INFO: initializing module  FatJetFinder             
** INFO: initializing module  JetEnergyScale           
** INFO: initializing module  JetFlavorAssociation     
** INFO: initializing module  BTagging                 
** INFO: initializing module  TauTagging               
** INFO: initializing module  UniqueObjectFinder       
** INFO: initializing module  ScalarHT                 
** INFO: initializing module  TreeWriter               
** Reading /uscms_data/d3/iturkmen/hh4b_delphes/hepmc/ttbb_50k_shard008_pythia8.hepmc
** [----------------------------------------------------------------] (0.03%)** [#---------------------------------------------------------------] (2.28%)** [##--------------------------------------------------------------] (3.27%)** [###-------------------------------------------------------------] (5.43%)** [####------------------------------------------------------------] (7.77%)** [#####-----------------------------------------------------------] (9.29%)** [######----------------------------------------------------------] (9.94%)** [#######---------------------------------------------------------] (11.41%)** [########--------------------------------------------------------] (12.66%)** [#########-------------------------------------------------------] (14.13%)** [##########------------------------------------------------------] (16.37%)** [###########-----------------------------------------------------] (17.79%)** [############----------------------------------------------------] (18.98%)** [#############---------------------------------------------------] (20.47%)** [##############--------------------------------------------------] (21.99%)** [###############-------------------------------------------------] (24.17%)** [################------------------------------------------------] (25.25%)** [#################-----------------------------------------------] (26.74%)** [##################----------------------------------------------] (28.21%)** [###################---------------------------------------------] (30.44%)** [####################--------------------------------------------] (31.42%)** [#####################-------------------------------------------] (33.64%)** [######################------------------------------------------] (34.98%)** [#######################-----------------------------------------] (36.52%)** [########################----------------------------------------] (37.64%)** [#########################---------------------------------------] (39.86%)** [##########################--------------------------------------] (41.03%)** [###########################-------------------------------------] (42.51%)** [############################------------------------------------] (43.76%)** [#############################-----------------------------------] (45.36%)** [##############################----------------------------------] (47.71%)** [###############################---------------------------------] (48.97%)** [################################--------------------------------] (50.19%)** [#################################-------------------------------] (51.71%)** [##################################------------------------------] (53.58%)** [###################################-----------------------------] (55.37%)** [####################################----------------------------] (56.55%)** [#####################################---------------------------] (58.02%)** [######################################--------------------------] (59.51%)** [#######################################-------------------------] (61.74%)** [########################################------------------------] (63.00%)** [#########################################-----------------------] (64.30%)** [##########################################----------------------] (65.74%)** [###########################################---------------------] (68.07%)** [############################################--------------------] (69.31%)** [#############################################-------------------] (70.64%)** [##############################################------------------] (72.08%)** [###############################################-----------------] (74.34%)** [################################################----------------] (75.55%)** [#################################################---------------] (76.98%)** [##################################################--------------] (78.41%)** [###################################################-------------] (80.62%)** [####################################################------------] (81.77%)** [#####################################################-----------] (83.21%)** [######################################################----------] (84.67%)** [#######################################################---------] (86.89%)** [########################################################--------] (88.01%)** [#########################################################-------] (89.44%)** [##########################################################------] (90.82%)** [###########################################################-----] (93.16%)** [############################################################----] (94.24%)** [#############################################################---] (95.61%)** [##############################################################--] (96.97%)** [###############################################################-] (99.33%)** [################################################################] (100.00%)
** Exiting...
FILE: /uscms_data/d3/iturkmen/hh4b_delphes/root/ttbb_50k_shard008_pythia8_delphes.root

KEYS:
  ProcessID0;1
  Delphes;1

TREE: Delphes
ENTRIES: 5000

OBJECT CHECK:
  Event: OK
  Particle: OK
  Jet: OK
  GenJet: OK
  MissingET: OK
  GenMissingET: OK
  Electron: OK
  Muon: OK

SIZE BRANCHES:
  Event_size
  Weight_size
  Particle_size
  Track_size
  Tower_size
  EFlowTrack_size
  EFlowPhoton_size
  EFlowNeutralHadron_size
  GenJet_size
  GenMissingET_size
  Jet_size
  Electron_size
  Photon_size
  Muon_size
  FatJet_size
  MissingET_size
  ScalarHT_size
Input: /uscms_data/d3/iturkmen/hh4b_delphes/root/ttbb_50k_shard008_pythia8_delphes.root
Events: 5000

      event  n_higgs_particles  ...  n_genjets_flavor5  n_genjets_btag
0         0                  0  ...                  0               0
1         1                  0  ...                  0               0
2         2                  0  ...                  0               0
3         3                  0  ...                  0               0
4         4                  0  ...                  0               0
...     ...                ...  ...                ...             ...
4995   4995                  0  ...                  0               0
4996   4996                  0  ...                  0               0
4997   4997                  0  ...                  0               0
4998   4998                  0  ...                  0               0
4999   4999                  0  ...                  0               0

[5000 rows x 15 columns]

Column sums:
  n_higgs_particles: 0
  n_b_particles: 164142
  n_status1_b_particles: 0
  n_jets: 37152
  n_jets_pt30_eta25: 29554
  n_jets_flavor5: 17603
  n_jets_flavoralgo5: 0
  n_jets_flavorphys5: 0
  n_btagged_jets: 12361
  n_btagged_jets_pt30_eta25: 11377
  n_genjets: 40028
  n_genjets_pt30_eta25: 30209
  n_genjets_flavor5: 0
  n_genjets_btag: 0

Events with >=4 reconstructed jets: 4663
Events with >=4 reconstructed b-tagged jets: 647
Events with >=4 jet FlavorPhys b jets: 0
Events with >=4 generator-level b particles: 5000

Wrote: /uscms_data/d3/iturkmen/hh4b_delphes/metadata/ttbb_50k_shard008_diagnostic.csv
Wrote: /uscms_data/d3/iturkmen/hh4b_delphes/parquet/ttbb_50k_shard008_event_summary.parquet
                 sample  event  event_weight  ...  n_muon  ht_pt30_eta25         met
0     ttbb_50k_shard008      0      1.546927  ...       0     506.064087   53.089680
1     ttbb_50k_shard008      1      1.546927  ...       0     467.146667   22.090084
2     ttbb_50k_shard008      2      1.546927  ...       0     705.477539   73.676506
3     ttbb_50k_shard008      3      1.546927  ...       1     139.344788  124.834824
4     ttbb_50k_shard008      4      1.546927  ...       0     460.514282   52.878864
...                 ...    ...           ...  ...     ...            ...         ...
4995  ttbb_50k_shard008   4995      1.546927  ...       1     264.704895   83.289459
4996  ttbb_50k_shard008   4996      1.546927  ...       1     284.070312   70.521263
4997  ttbb_50k_shard008   4997      1.546927  ...       0     436.606323   18.842739
4998  ttbb_50k_shard008   4998      1.546927  ...       0     451.280273   26.857710
4999  ttbb_50k_shard008   4999      1.546927  ...       0     943.476990   38.486088

[5000 rows x 13 columns]

Selection counts:
  events: 5000
  events with >=4 selected jets: 4663
  events with >=4 selected b-tagged jets: 647
DONE: ttbb_50k_shard008
ROOT: /uscms_data/d3/iturkmen/hh4b_delphes/root/ttbb_50k_shard008_pythia8_delphes.root
HEPMC: /uscms_data/d3/iturkmen/hh4b_delphes/hepmc/ttbb_50k_shard008_pythia8.hepmc
PARQUET: /uscms_data/d3/iturkmen/hh4b_delphes/parquet/ttbb_50k_shard008_event_summary.parquet
DIAGNOSTIC: /uscms_data/d3/iturkmen/hh4b_delphes/metadata/ttbb_50k_shard008_diagnostic.csv
Input events: 5000
Events with >=4 selected b-tagged jets: 647
Wrote: /uscms_data/d3/iturkmen/hh4b_delphes/parquet/ttbb_50k_shard008_hh4b_candidates.parquet

             mbb1        mbb2  ...          mhh  n_selected_bjets
count  647.000000  647.000000  ...   647.000000        647.000000
mean   176.640900  146.599543  ...   548.066997          4.183926
std     98.197449   68.735221  ...   261.300742          0.443587
min     53.405935   23.464079  ...   162.813748          4.000000
25%    120.102529  105.272654  ...   354.760061          4.000000
50%    150.169315  133.045524  ...   484.699555          4.000000
75%    198.874683  169.938245  ...   662.106717          4.000000
max    939.690068  645.392967  ...  1659.252916          7.000000

[8 rows x 6 columns]
sample: ttbb_50k_shard008
events: 5000
candidate rows: 647
cross-section median pb: 1.546926736831665
events with >=4 selected jets: 4663
events with >=4 selected b-tagged jets: 647
median mbb1: 150.16931454301346
median mbb2: 133.04552354442012
median avg_mbb: 146.1160545226566
median delta_mbb: 54.18135105214583
median mhh: 484.6995548832003
median n_selected_bjets: 4.0
Wrote: /uscms_data/d3/iturkmen/hh4b_delphes/metadata/ttbb_50k_shard008_summary.txt
DONE ttbb_50k_shard008
Finished shard 008

============================================================
Starting shard 009 / campaign ttbb_50k
TAG=ttbb_50k_shard009
RUN_NAME=run_ttbb_50k_009
SEED=107009
============================================================
PROCESS_DIR=/uscms_data/d3/iturkmen/hh4b_delphes/mg5/TTbb_smoke
RUN_NAME=run_ttbb_50k_009
N_EVENTS=5000
SEED=107009
OUTPUT_TAG=ttbb_50k_shard009
APPLY_B_CUTS=yes
Updated run card:
 5000 = nevents ! Number of unweighted events
 107009 = iseed ! Random seed
 25.0 = ptb ! minimum pt for b quarks
  -1.0	= ptbmax ! maximum pt for the b
 2.7 = etab ! maximum eta for b quarks
  0.0	= etabmin ! min rap for the b
 0.4 = drbb ! minimum deltaR between b quarks
  -1.0	= drbbmax ! max distance between b's
  0.0	= xptb ! minimum pt for at least one b 
 0.4 = drbj ! minimum deltaR between b and light jets
 20.0 = ptj ! minimum pt for jets
 5.0 = etaj ! maximum eta for jets
************************************************************
*                                                          *
*                      W E L C O M E to                    *
*             M A D G R A P H 5 _ a M C @ N L O            *
*                      M A D E V E N T                     *
*                                                          *
*                 *                       *                *
*                   *        * *        *                  *
*                     * * * * 5 * * * *                    *
*                   *        * *        *                  *
*                 *                       *                *
*                                                          *
*         VERSION 3.5.3                                    *
*                                                          *
*    The MadGraph5_aMC@NLO Development Team - Find us at   *
*    https://server06.fynu.ucl.ac.be/projects/madgraph     *
*                                                          *
*               Type 'help' for in-line help.              *
*                                                          *
************************************************************
INFO: load configuration from /uscms_data/d3/iturkmen/hh4b_delphes/mg5/TTbb_smoke/Cards/me5_configuration.txt  
INFO: load configuration from /cvmfs/sft.cern.ch/lcg/releases/MCGenerators/madgraph5amc/3.5.3.atlas7-2c347/x86_64-el9-gcc13-opt/input/mg5_configuration.txt  
INFO: load configuration from /uscms_data/d3/iturkmen/hh4b_delphes/mg5/TTbb_smoke/Cards/me5_configuration.txt  
Using default text editor "vi". Set another one in ./input/mg5_configuration.txt
Using default eps viewer "evince". Set another one in ./input/mg5_configuration.txt
Using default web browser "firefox". Set another one in ./input/mg5_configuration.txt
generate_events run_ttbb_50k_009 -f
Generating 5000 events with run name run_ttbb_50k_009
survey  run_ttbb_50k_009 
INFO: compile directory 
compile Source Directory
Using random number seed offset = 107009
INFO: Running Survey 
Creating Jobs
Working on SubProcesses
INFO: Compiling for process 1/2. 
INFO:     P1_gg_ttxbbx  
  0%|          | 0/1049 [00:00<?, ?it/s] 58%|█████▊    | 604/1049 [00:00<00:00, 5865.52it/s]100%|██████████| 1049/1049 [00:00<00:00, 6260.75it/s]
INFO: Compiling for process 2/2. 
INFO:     P1_qq_ttxbbx  
  0%|          | 0/816 [00:00<?, ?it/s]100%|██████████| 816/816 [00:00<00:00, 41394.66it/s]
INFO:     P1_gg_ttxbbx  
INFO:     P1_qq_ttxbbx  
INFO:  Idle: 4,  Running: 8,  Completed: 0 [ current time: 15h31 ] 
INFO:  Idle: 3,  Running: 8,  Completed: 1 [  0.13s  ] 
INFO:  Idle: 0,  Running: 0,  Completed: 12 [  0.99s  ] 
INFO: End survey 
refine 5000
Creating Jobs
INFO: Refine results to 5000 
INFO: Generating 5000.0 unweighted events. 
sum of cpu time of last step: 19 seconds
INFO: Effective Luminosity 3865.8843036057547 pb^-1 
INFO: need to improve 10 channels 
- Current estimate of cross-section: 1.55203817 +- 0.014464804055698798
    P1_gg_ttxbbx 
    P1_qq_ttxbbx 
INFO:  Idle: 4,  Running: 8,  Completed: 0 [ current time: 15h31 ] 
INFO:  Idle: 3,  Running: 8,  Completed: 1 [  1.5s  ] 
INFO:  Idle: 0,  Running: 3,  Completed: 9 [  4.9s  ] 
INFO:  Idle: 0,  Running: 0,  Completed: 12 [  7.4s  ] 
INFO: Combining runs 
sum of cpu time of last step: 50 seconds
INFO: finish refine 
refine 5000 --treshold=0.9
No need for second refine due to stability of cross-section
INFO: Combining Events 
combination of events done in 6.061141014099121 s 
  === Results Summary for run: run_ttbb_50k_009 tag: tag_1 ===

     Cross-section :   1.552 +- 0.007854 pb
     Nb of events :  5000
 
INFO: Running Systematics computation 
INFO:  Idle: 1,  Running: 1,  Completed: 0 [ current time: 15h31 ] 
INFO:  Idle: 0,  Running: 1,  Completed: 1 [  8.3s  ] 
INFO: # Events generated with PDF: NNPDF23_lo_as_0130_qed (247000) 
INFO: # Will Compute 145 weights per event. 
INFO: #***************************************************************************
#
# original cross-section: 1.5514319756496622
#     scale variation: +70% -37.7%
#     central scheme variation: + 0% -61.2%
# PDF variation: +7.5% -7.5%
#
# dynamical scheme # 1 : 0.849032 +58.1% -34.5% # \sum ET
# dynamical scheme # 2 : 0.722538 +55.5% -33.7% # \sum\sqrt{m^2+pt^2}
# dynamical scheme # 3 : 1.12361 +62% -35.7% # 0.5 \sum\sqrt{m^2+pt^2}
# dynamical scheme # 4 : 0.601505 +53% -32.7% # \sqrt{\hat s}
#***************************************************************************
 
INFO: End of systematics computation 
store_events
INFO: Storing parton level results 
INFO: End Parton 
reweight -from_cards
decay_events -from_cards
INFO: storing files of previous run 
INFO: Done 
quit
INFO:  
LHE=/uscms_data/d3/iturkmen/hh4b_delphes/mg5/TTbb_smoke/Events/run_ttbb_50k_009/unweighted_events.lhe.gz
N_FOUND=5000
Sample: ttbb_50k_shard009
Input LHE.GZ: /uscms_data/d3/iturkmen/hh4b_delphes/mg5/TTbb_smoke/Events/run_ttbb_50k_009/unweighted_events.lhe.gz
Events requested: 5000
Output tag: ttbb_50k_shard009
LHE: /uscms_data/d3/iturkmen/hh4b_delphes/mg5/TTbb_smoke/Events/run_ttbb_50k_009/unweighted_events.lhe
HEPMC: /uscms_data/d3/iturkmen/hh4b_delphes/hepmc/ttbb_50k_shard009_pythia8.hepmc
ROOT: /uscms_data/d3/iturkmen/hh4b_delphes/root/ttbb_50k_shard009_pythia8_delphes.root
LHE event count: 5000

 *------------------------------------------------------------------------------------* 
 |                                                                                    | 
 |  *------------------------------------------------------------------------------*  | 
 |  |                                                                              |  | 
 |  |                                                                              |  | 
 |  |   PPP   Y   Y  TTTTT  H   H  III    A      Welcome to the Lund Monte Carlo!  |  | 
 |  |   P  P   Y Y     T    H   H   I    A A     This is PYTHIA version 8.312      |  | 
 |  |   PPP     Y      T    HHHHH   I   AAAAA    Last date of change: 23 May 2024  |  | 
 |  |   P       Y      T    H   H   I   A   A                                      |  | 
 |  |   P       Y      T    H   H  III  A   A    Now is 08 Jul 2026 at 15:32:59    |  | 
 |  |                                                                              |  | 
 |  |   Program documentation and an archive of historic versions is found on:     |  | 
 |  |                                                                              |  | 
 |  |                               https://pythia.org/                            |  | 
 |  |                                                                              |  | 
 |  |   PYTHIA is authored by a collaboration consisting of:                       |  | 
 |  |                                                                              |  | 
 |  |   Javira Altmann, Christian Bierlich, Naomi Cooke, Nishita Desai,            |  | 
 |  |   Leif Gellersen, Ilkka Helenius, Philip Ilten, Leif Lonnblad,               |  | 
 |  |   Stephen Mrenna, Christian Preuss, Torbjorn Sjostrand, Peter Skands,        |  | 
 |  |   Marius Utheim, and Rob Verheyen.                                           |  | 
 |  |                                                                              |  | 
 |  |   The complete list of authors, including contact information and            |  | 
 |  |   affiliations, can be found on https://pythia.org/.                         |  | 
 |  |   Problems or bugs should be reported on email at authors@pythia.org.        |  | 
 |  |                                                                              |  | 
 |  |   The main program reference is C. Bierlich et al,                           |  | 
 |  |   'A comprehensive guide to the physics and usage of Pythia 8.3',            |  | 
 |  |   SciPost Phys. Codebases 8-r8.3 (2022) [arXiv:2203.11601 [hep-ph]]          |  | 
 |  |                                                                              |  | 
 |  |   PYTHIA is released under the GNU General Public Licence version 2 or later.|  | 
 |  |   Please respect the MCnet Guidelines for Event Generator Authors and Users. |  | 
 |  |                                                                              |  | 
 |  |   Disclaimer: this program comes without any guarantees.                     |  | 
 |  |   Beware of errors and use common sense when interpreting results.           |  | 
 |  |                                                                              |  | 
 |  |   Copyright (C) 2024 Torbjorn Sjostrand                                      |  | 
 |  |                                                                              |  | 
 |  |                                                                              |  | 
 |  *------------------------------------------------------------------------------*  | 
 |                                                                                    | 
 *------------------------------------------------------------------------------------* 

 *-----------------------  SusyLesHouches SUSY/BSM Interface  ------------------------*
 | Last Change 12 Apr 2017 - P. Skands
 | Parsing: /uscms_data/d3/iturkmen/hh4b_delphes/mg5/TTbb_smoke/Events/run_ttbb_50k_009/unweighted_events.lhe
 | (SLHA::readFile) line 338 - storing non-SLHA(2) block: yukawa
 *------------------------------------------------------------------------------------*
 PYTHIA Info from SLHAinterface::initSLHA: No MODSEL found, keeping internal SUSY switched off
 PYTHIA Warning in SLHAinterface::initSLHA: ignoring MASS entries for id = {1,2,3,4,5,11,12,13,14,15,16,21,22,23,24} (m0 < SLHA:minMassSM)
 PYTHIA Warning in SLHAinterface::initSLHA: ignoring DECAY tables for id = {23,24,1,2,3,4,5,11,12,13,14,15,16,21,22} (m0 < SLHA:minMassSM)
 PYTHIA Warning in SLHAinterface::initSLHA: ignoring empty DECAY tables for id = {6,25} (total width provided but no Branching Ratios)

 *-------  PYTHIA Process Initialization  --------------------------*
 |                                                                  |
 | We collide p+ with p+ at a CM energy of 1.300e+04 GeV            |
 |                                                                  |
 |------------------------------------------------------------------|
 |                                                    |             |
 | Subprocess                                    Code |   Estimated |
 |                                                    |    max (mb) |
 |                                                    |             |
 |------------------------------------------------------------------|
 |                                                    |             |
 | Les Houches User Process(es)                  9999 |   1.000e-09 |
 |                                                                  |
 *-------  End PYTHIA Process Initialization -----------------------*

 *-------  PYTHIA Multiparton Interactions Initialization  ---------* 
 |                                                                  | 
 |                   sigmaNonDiffractive =    56.42 mb              | 
 |                                                                  | 
 |    pT0 =  2.60 gives sigmaInteraction =   317.96 mb: accepted    | 
 |                                                                  | 
 *-------  End PYTHIA Multiparton Interactions Initialization  -----* 

 *-------  PYTHIA Flag + Mode + Parm + Word + FVec + MVec + PVec + WVec Settings (changes only)  ------------------* 
 |                                                                                                                 | 
 | Name                                          |                      Now |      Default         Min         Max | 
 |                                               |                          |                                      | 
 | Beams:frameType                               |                        4 |            1           1           5 | 
 | Beams:LHEF                                    | /uscms_data/d3/iturkmen/hh4b_delphes/mg5/TTbb_smoke/Events/run_ttbb_50k_009/unweighted_events.lhe |         void | 
 | Check:event                                   |                      off |           on                         | 
 | Next:numberCount                              |                       10 |         1000           0             | 
 | Next:numberShowEvent                          |                        0 |            1           0             | 
 | Next:numberShowInfo                           |                        0 |            1           0             | 
 | Next:numberShowProcess                        |                        0 |            1           0             | 
 |                                                                                                                 | 
 *-------  End PYTHIA Flag + Mode + Parm + Word + FVec + MVec + PVec + WVec Settings  -----------------------------* 

 --------  PYTHIA Particle Data Table (changed only)  ------------------------------------------------------------------------------
 
      id   name            antiName         spn chg col      m0        mWidth      mMin       mMax       tau0    res dec ext vis wid
             no onMode   bRatio   meMode     products 

       6  t                tbar               2   2   1  173.00000    1.35678  166.40000  179.60000  1.45438e-13   1   1   0   1   0
              0     1   0.0000664    0       24        1 
              1     1   0.0017361    0       24        3 
              2     1   0.9981975    0       24        5 
              3     0   0.0000000    0       37        5 

      25  h0                                  1   0   0  125.00000    0.00408  124.96809  125.03191  4.83238e-11   1   1   0   0   0
              0     1   0.0000009    0        1       -1 
              1     1   0.0000002    0        2       -2 
              2     1   0.0002163    0        3       -3 
              3     1   0.0288493    0        4       -4 
              4     1   0.5768873    0        5       -5 
              5     1   0.0000000    0        6       -6 
              6     1   0.0000000    0       11      -11 
              7     1   0.0002185    0       13      -13 
              8     1   0.0628569    0       15      -15 
              9     1   0.0850383    0       21       21 
             10     1   0.0022965    0       22       22 
             11     1   0.0016155    0       22       23 
             12     1   0.0261758    0       23       23 
             13     1   0.2158445    0       24      -24 
             14     1   0.0000000  103  1000022  1000022 
             15     1   0.0000000  103  1000023  1000022 
             16     1   0.0000000  103  1000023  1000023 
             17     1   0.0000000  103  1000025  1000022 
             18     1   0.0000000  103  1000025  1000023 
             19     1   0.0000000  103  1000025  1000025 
             20     1   0.0000000  103  1000035  1000022 
             21     1   0.0000000  103  1000035  1000023 
             22     1   0.0000000  103  1000035  1000025 
             23     1   0.0000000  103  1000035  1000035 
             24     1   0.0000000  103  1000024 -1000024 
             25     1   0.0000000  103  1000024 -1000037 
             26     1   0.0000000  103  1000037 -1000024 
             27     1   0.0000000  103  1000037 -1000037 
             28     1   0.0000000  103  1000001 -1000001 
             29     1   0.0000000  103  2000001 -2000001 
             30     1   0.0000000  103  1000001 -2000001 
             31     1   0.0000000  103 -1000001  2000001 
             32     1   0.0000000  103  1000002 -1000002 
             33     1   0.0000000  103  2000002 -2000002 
             34     1   0.0000000  103  1000002 -2000002 
             35     1   0.0000000  103 -1000002  2000002 
             36     1   0.0000000  103  1000003 -1000003 
             37     1   0.0000000  103  2000003 -2000003 
             38     1   0.0000000  103  1000003 -2000003 
             39     1   0.0000000  103 -1000003  2000003 
             40     1   0.0000000  103  1000004 -1000004 
             41     1   0.0000000  103  2000004 -2000004 
             42     1   0.0000000  103  1000004 -2000004 
             43     1   0.0000000  103 -1000004  2000004 
             44     1   0.0000000  103  1000005 -1000005 
             45     1   0.0000000  103  2000005 -2000005 
             46     1   0.0000000  103  1000005 -2000005 
             47     1   0.0000000  103 -1000005  2000005 
             48     1   0.0000000  103  1000006 -1000006 
             49     1   0.0000000  103  2000006 -2000006 
             50     1   0.0000000  103  1000006 -2000006 
             51     1   0.0000000  103 -1000006  2000006 
             52     1   0.0000000  103  1000011 -1000011 
             53     1   0.0000000  103  2000011 -2000011 
             54     1   0.0000000  103  1000011 -2000011 
             55     1   0.0000000  103 -1000011  2000011 
             56     1   0.0000000  103  1000012 -1000012 
             57     1   0.0000000  103  2000012 -2000012 
             58     1   0.0000000  103  1000012 -2000012 
             59     1   0.0000000  103 -1000012  2000012 
             60     1   0.0000000  103  1000013 -1000013 
             61     1   0.0000000  103  2000013 -2000013 
             62     1   0.0000000  103  1000013 -2000013 
             63     1   0.0000000  103 -1000013  2000013 
             64     1   0.0000000  103  1000014 -1000014 
             65     1   0.0000000  103  2000014 -2000014 
             66     1   0.0000000  103  1000014 -2000014 
             67     1   0.0000000  103 -1000014  2000014 
             68     1   0.0000000  103  1000015 -1000015 
             69     1   0.0000000  103  2000015 -2000015 
             70     1   0.0000000  103  1000015 -2000015 
             71     1   0.0000000  103 -1000015  2000015 
             72     1   0.0000000  103  1000016 -1000016 
             73     1   0.0000000  103  2000016 -2000016 
             74     1   0.0000000  103  1000016 -2000016 
             75     1   0.0000000  103 -1000016  2000016 

 --------  End PYTHIA Particle Data Table  -----------------------------------------------------------------------------------------


 --------  LHA initialization information  ------------ 

  beam    kind      energy  pdfgrp  pdfset 
     A    2212    6500.000       0  247000
     B    2212    6500.000       0  247000

  Event weighting strategy = -4

  Processes, with strategy-dependent cross section info 
  number      xsec (pb)      xerr (pb)      xmax (pb) 
       1     1.5517e+00     7.8538e-03     1.5517e+00

 --------  End LHA initialization information  -------- 

 --------  LHA event information and listing  ---------------------------------------------------------------------- 

    process =        1    weight =   1.5517e+00     scale =   2.0233e+02 (GeV) 
                        alpha_em =   7.5558e-03    alpha_strong =   1.1992e-01

    Participating Particles 
    no        id stat     mothers     colours      p_x        p_y        p_z         e          m        tau    spin 
     1        21   -1     0     0   501   503      0.000      0.000    261.688    261.688      0.000   0.000   1.000
     2        21   -1     0     0   503   504     -0.000     -0.000   -450.871    450.871      0.000   0.000  -1.000
     3         6    1     1     2   501     0     -1.420   -106.606    -56.474    210.505    172.500   0.000  -1.000
     4        -6    1     1     2     0   502    -60.887     93.731     76.669    219.379    172.500   0.000   1.000
     5         5    1     1     2   502     0    122.815     28.925   -152.267    197.807      4.700   0.000  -1.000
     6        -5    1     1     2     0   504    -60.509    -16.051    -57.110     84.868      4.700   0.000   1.000

 --------  End LHA event information and listing  ------------------------------------------------------------------ 

 Pythia::next(): 10 events have been generated 

 Pythia::next(): 20 events have been generated 

 Pythia::next(): 30 events have been generated 
 PYTHIA Error in SimpleSpaceShower::pT2nearThreshold: stuck in loop

 Pythia::next(): 40 events have been generated 

 Pythia::next(): 50 events have been generated 

 Pythia::next(): 60 events have been generated 

 Pythia::next(): 70 events have been generated 

 Pythia::next(): 80 events have been generated 

 Pythia::next(): 90 events have been generated 
 PYTHIA Warning in SimpleTimeShower::pTnext: negative dipole mass

 Pythia::next(): 100 events have been generated 

 Pythia::next(): 110 events have been generated 

 Pythia::next(): 120 events have been generated 

 Pythia::next(): 130 events have been generated 

 Pythia::next(): 140 events have been generated 

 Pythia::next(): 150 events have been generated 

 Pythia::next(): 160 events have been generated 

 Pythia::next(): 170 events have been generated 

 Pythia::next(): 180 events have been generated 

 Pythia::next(): 190 events have been generated 

 Pythia::next(): 200 events have been generated 

 Pythia::next(): 210 events have been generated 

 Pythia::next(): 220 events have been generated 

 Pythia::next(): 230 events have been generated 

 Pythia::next(): 240 events have been generated 

 Pythia::next(): 250 events have been generated 

 Pythia::next(): 260 events have been generated 

 Pythia::next(): 270 events have been generated 

 Pythia::next(): 280 events have been generated 

 Pythia::next(): 290 events have been generated 

 Pythia::next(): 300 events have been generated 

 Pythia::next(): 310 events have been generated 

 Pythia::next(): 320 events have been generated 

 Pythia::next(): 330 events have been generated 

 Pythia::next(): 340 events have been generated 

 Pythia::next(): 350 events have been generated 

 Pythia::next(): 360 events have been generated 

 Pythia::next(): 370 events have been generated 

 Pythia::next(): 380 events have been generated 

 Pythia::next(): 390 events have been generated 

 Pythia::next(): 400 events have been generated 

 Pythia::next(): 410 events have been generated 

 Pythia::next(): 420 events have been generated 

 Pythia::next(): 430 events have been generated 

 Pythia::next(): 440 events have been generated 

 Pythia::next(): 450 events have been generated 

 Pythia::next(): 460 events have been generated 

 Pythia::next(): 470 events have been generated 

 Pythia::next(): 480 events have been generated 

 Pythia::next(): 490 events have been generated 

 Pythia::next(): 500 events have been generated 

 Pythia::next(): 510 events have been generated 

 Pythia::next(): 520 events have been generated 

 Pythia::next(): 530 events have been generated 

 Pythia::next(): 540 events have been generated 

 Pythia::next(): 550 events have been generated 

 Pythia::next(): 560 events have been generated 

 Pythia::next(): 570 events have been generated 

 Pythia::next(): 580 events have been generated 

 Pythia::next(): 590 events have been generated 

 Pythia::next(): 600 events have been generated 

 Pythia::next(): 610 events have been generated 

 Pythia::next(): 620 events have been generated 

 Pythia::next(): 630 events have been generated 

 Pythia::next(): 640 events have been generated 

 Pythia::next(): 650 events have been generated 

 Pythia::next(): 660 events have been generated 

 Pythia::next(): 670 events have been generated 

 Pythia::next(): 680 events have been generated 

 Pythia::next(): 690 events have been generated 

 Pythia::next(): 700 events have been generated 

 Pythia::next(): 710 events have been generated 

 Pythia::next(): 720 events have been generated 

 Pythia::next(): 730 events have been generated 

 Pythia::next(): 740 events have been generated 

 Pythia::next(): 750 events have been generated 

 Pythia::next(): 760 events have been generated 

 Pythia::next(): 770 events have been generated 

 Pythia::next(): 780 events have been generated 

 Pythia::next(): 790 events have been generated 

 Pythia::next(): 800 events have been generated 

 Pythia::next(): 810 events have been generated 

 Pythia::next(): 820 events have been generated 

 Pythia::next(): 830 events have been generated 

 Pythia::next(): 840 events have been generated 

 Pythia::next(): 850 events have been generated 

 Pythia::next(): 860 events have been generated 

 Pythia::next(): 870 events have been generated 

 Pythia::next(): 880 events have been generated 

 Pythia::next(): 890 events have been generated 

 Pythia::next(): 900 events have been generated 

 Pythia::next(): 910 events have been generated 

 Pythia::next(): 920 events have been generated 

 Pythia::next(): 930 events have been generated 

 Pythia::next(): 940 events have been generated 

 Pythia::next(): 950 events have been generated 

 Pythia::next(): 960 events have been generated 

 Pythia::next(): 970 events have been generated 

 Pythia::next(): 980 events have been generated 

 Pythia::next(): 990 events have been generated 

 Pythia::next(): 1000 events have been generated 

 Pythia::next(): 1010 events have been generated 

 Pythia::next(): 1020 events have been generated 

 Pythia::next(): 1030 events have been generated 

 Pythia::next(): 1040 events have been generated 

 Pythia::next(): 1050 events have been generated 

 Pythia::next(): 1060 events have been generated 

 Pythia::next(): 1070 events have been generated 

 Pythia::next(): 1080 events have been generated 

 Pythia::next(): 1090 events have been generated 

 Pythia::next(): 1100 events have been generated 

 Pythia::next(): 1110 events have been generated 

 Pythia::next(): 1120 events have been generated 

 Pythia::next(): 1130 events have been generated 

 Pythia::next(): 1140 events have been generated 

 Pythia::next(): 1150 events have been generated 

 Pythia::next(): 1160 events have been generated 

 Pythia::next(): 1170 events have been generated 

 Pythia::next(): 1180 events have been generated 

 Pythia::next(): 1190 events have been generated 

 Pythia::next(): 1200 events have been generated 

 Pythia::next(): 1210 events have been generated 

 Pythia::next(): 1220 events have been generated 

 Pythia::next(): 1230 events have been generated 

 Pythia::next(): 1240 events have been generated 

 Pythia::next(): 1250 events have been generated 

 Pythia::next(): 1260 events have been generated 

 Pythia::next(): 1270 events have been generated 

 Pythia::next(): 1280 events have been generated 

 Pythia::next(): 1290 events have been generated 

 Pythia::next(): 1300 events have been generated 

 Pythia::next(): 1310 events have been generated 

 Pythia::next(): 1320 events have been generated 

 Pythia::next(): 1330 events have been generated 

 Pythia::next(): 1340 events have been generated 

 Pythia::next(): 1350 events have been generated 

 Pythia::next(): 1360 events have been generated 

 Pythia::next(): 1370 events have been generated 

 Pythia::next(): 1380 events have been generated 

 Pythia::next(): 1390 events have been generated 

 Pythia::next(): 1400 events have been generated 

 Pythia::next(): 1410 events have been generated 

 Pythia::next(): 1420 events have been generated 

 Pythia::next(): 1430 events have been generated 

 Pythia::next(): 1440 events have been generated 

 Pythia::next(): 1450 events have been generated 

 Pythia::next(): 1460 events have been generated 

 Pythia::next(): 1470 events have been generated 

 Pythia::next(): 1480 events have been generated 

 Pythia::next(): 1490 events have been generated 

 Pythia::next(): 1500 events have been generated 

 Pythia::next(): 1510 events have been generated 

 Pythia::next(): 1520 events have been generated 

 Pythia::next(): 1530 events have been generated 

 Pythia::next(): 1540 events have been generated 

 Pythia::next(): 1550 events have been generated 

 Pythia::next(): 1560 events have been generated 

 Pythia::next(): 1570 events have been generated 

 Pythia::next(): 1580 events have been generated 

 Pythia::next(): 1590 events have been generated 

 Pythia::next(): 1600 events have been generated 

 Pythia::next(): 1610 events have been generated 

 Pythia::next(): 1620 events have been generated 

 Pythia::next(): 1630 events have been generated 

 Pythia::next(): 1640 events have been generated 

 Pythia::next(): 1650 events have been generated 

 Pythia::next(): 1660 events have been generated 

 Pythia::next(): 1670 events have been generated 

 Pythia::next(): 1680 events have been generated 

 Pythia::next(): 1690 events have been generated 

 Pythia::next(): 1700 events have been generated 

 Pythia::next(): 1710 events have been generated 

 Pythia::next(): 1720 events have been generated 

 Pythia::next(): 1730 events have been generated 

 Pythia::next(): 1740 events have been generated 

 Pythia::next(): 1750 events have been generated 

 Pythia::next(): 1760 events have been generated 

 Pythia::next(): 1770 events have been generated 

 Pythia::next(): 1780 events have been generated 

 Pythia::next(): 1790 events have been generated 

 Pythia::next(): 1800 events have been generated 

 Pythia::next(): 1810 events have been generated 

 Pythia::next(): 1820 events have been generated 

 Pythia::next(): 1830 events have been generated 

 Pythia::next(): 1840 events have been generated 

 Pythia::next(): 1850 events have been generated 

 Pythia::next(): 1860 events have been generated 

 Pythia::next(): 1870 events have been generated 

 Pythia::next(): 1880 events have been generated 

 Pythia::next(): 1890 events have been generated 

 Pythia::next(): 1900 events have been generated 

 Pythia::next(): 1910 events have been generated 

 Pythia::next(): 1920 events have been generated 

 Pythia::next(): 1930 events have been generated 

 Pythia::next(): 1940 events have been generated 

 Pythia::next(): 1950 events have been generated 

 Pythia::next(): 1960 events have been generated 

 Pythia::next(): 1970 events have been generated 

 Pythia::next(): 1980 events have been generated 

 Pythia::next(): 1990 events have been generated 

 Pythia::next(): 2000 events have been generated 

 Pythia::next(): 2010 events have been generated 

 Pythia::next(): 2020 events have been generated 

 Pythia::next(): 2030 events have been generated 

 Pythia::next(): 2040 events have been generated 

 Pythia::next(): 2050 events have been generated 

 Pythia::next(): 2060 events have been generated 

 Pythia::next(): 2070 events have been generated 

 Pythia::next(): 2080 events have been generated 

 Pythia::next(): 2090 events have been generated 

 Pythia::next(): 2100 events have been generated 

 Pythia::next(): 2110 events have been generated 

 Pythia::next(): 2120 events have been generated 

 Pythia::next(): 2130 events have been generated 

 Pythia::next(): 2140 events have been generated 

 Pythia::next(): 2150 events have been generated 

 Pythia::next(): 2160 events have been generated 

 Pythia::next(): 2170 events have been generated 

 Pythia::next(): 2180 events have been generated 

 Pythia::next(): 2190 events have been generated 

 Pythia::next(): 2200 events have been generated 

 Pythia::next(): 2210 events have been generated 

 Pythia::next(): 2220 events have been generated 

 Pythia::next(): 2230 events have been generated 

 Pythia::next(): 2240 events have been generated 

 Pythia::next(): 2250 events have been generated 

 Pythia::next(): 2260 events have been generated 

 Pythia::next(): 2270 events have been generated 

 Pythia::next(): 2280 events have been generated 

 Pythia::next(): 2290 events have been generated 

 Pythia::next(): 2300 events have been generated 

 Pythia::next(): 2310 events have been generated 

 Pythia::next(): 2320 events have been generated 

 Pythia::next(): 2330 events have been generated 

 Pythia::next(): 2340 events have been generated 

 Pythia::next(): 2350 events have been generated 

 Pythia::next(): 2360 events have been generated 

 Pythia::next(): 2370 events have been generated 

 Pythia::next(): 2380 events have been generated 

 Pythia::next(): 2390 events have been generated 

 Pythia::next(): 2400 events have been generated 

 Pythia::next(): 2410 events have been generated 

 Pythia::next(): 2420 events have been generated 

 Pythia::next(): 2430 events have been generated 

 Pythia::next(): 2440 events have been generated 

 Pythia::next(): 2450 events have been generated 

 Pythia::next(): 2460 events have been generated 

 Pythia::next(): 2470 events have been generated 

 Pythia::next(): 2480 events have been generated 

 Pythia::next(): 2490 events have been generated 

 Pythia::next(): 2500 events have been generated 

 Pythia::next(): 2510 events have been generated 

 Pythia::next(): 2520 events have been generated 

 Pythia::next(): 2530 events have been generated 

 Pythia::next(): 2540 events have been generated 

 Pythia::next(): 2550 events have been generated 

 Pythia::next(): 2560 events have been generated 

 Pythia::next(): 2570 events have been generated 

 Pythia::next(): 2580 events have been generated 

 Pythia::next(): 2590 events have been generated 

 Pythia::next(): 2600 events have been generated 

 Pythia::next(): 2610 events have been generated 

 Pythia::next(): 2620 events have been generated 

 Pythia::next(): 2630 events have been generated 

 Pythia::next(): 2640 events have been generated 

 Pythia::next(): 2650 events have been generated 

 Pythia::next(): 2660 events have been generated 

 Pythia::next(): 2670 events have been generated 

 Pythia::next(): 2680 events have been generated 

 Pythia::next(): 2690 events have been generated 

 Pythia::next(): 2700 events have been generated 

 Pythia::next(): 2710 events have been generated 

 Pythia::next(): 2720 events have been generated 

 Pythia::next(): 2730 events have been generated 

 Pythia::next(): 2740 events have been generated 

 Pythia::next(): 2750 events have been generated 

 Pythia::next(): 2760 events have been generated 

 Pythia::next(): 2770 events have been generated 

 Pythia::next(): 2780 events have been generated 

 Pythia::next(): 2790 events have been generated 

 Pythia::next(): 2800 events have been generated 

 Pythia::next(): 2810 events have been generated 

 Pythia::next(): 2820 events have been generated 

 Pythia::next(): 2830 events have been generated 

 Pythia::next(): 2840 events have been generated 

 Pythia::next(): 2850 events have been generated 

 Pythia::next(): 2860 events have been generated 

 Pythia::next(): 2870 events have been generated 

 Pythia::next(): 2880 events have been generated 

 Pythia::next(): 2890 events have been generated 

 Pythia::next(): 2900 events have been generated 

 Pythia::next(): 2910 events have been generated 

 Pythia::next(): 2920 events have been generated 

 Pythia::next(): 2930 events have been generated 

 Pythia::next(): 2940 events have been generated 

 Pythia::next(): 2950 events have been generated 

 Pythia::next(): 2960 events have been generated 

 Pythia::next(): 2970 events have been generated 

 Pythia::next(): 2980 events have been generated 

 Pythia::next(): 2990 events have been generated 

 Pythia::next(): 3000 events have been generated 

 Pythia::next(): 3010 events have been generated 

 Pythia::next(): 3020 events have been generated 

 Pythia::next(): 3030 events have been generated 

 Pythia::next(): 3040 events have been generated 

 Pythia::next(): 3050 events have been generated 

 Pythia::next(): 3060 events have been generated 

 Pythia::next(): 3070 events have been generated 

 Pythia::next(): 3080 events have been generated 

 Pythia::next(): 3090 events have been generated 

 Pythia::next(): 3100 events have been generated 

 Pythia::next(): 3110 events have been generated 

 Pythia::next(): 3120 events have been generated 

 Pythia::next(): 3130 events have been generated 

 Pythia::next(): 3140 events have been generated 

 Pythia::next(): 3150 events have been generated 

 Pythia::next(): 3160 events have been generated 

 Pythia::next(): 3170 events have been generated 

 Pythia::next(): 3180 events have been generated 

 Pythia::next(): 3190 events have been generated 

 Pythia::next(): 3200 events have been generated 

 Pythia::next(): 3210 events have been generated 

 Pythia::next(): 3220 events have been generated 

 Pythia::next(): 3230 events have been generated 

 Pythia::next(): 3240 events have been generated 

 Pythia::next(): 3250 events have been generated 

 Pythia::next(): 3260 events have been generated 

 Pythia::next(): 3270 events have been generated 

 Pythia::next(): 3280 events have been generated 

 Pythia::next(): 3290 events have been generated 

 Pythia::next(): 3300 events have been generated 

 Pythia::next(): 3310 events have been generated 

 Pythia::next(): 3320 events have been generated 

 Pythia::next(): 3330 events have been generated 

 Pythia::next(): 3340 events have been generated 

 Pythia::next(): 3350 events have been generated 

 Pythia::next(): 3360 events have been generated 

 Pythia::next(): 3370 events have been generated 

 Pythia::next(): 3380 events have been generated 

 Pythia::next(): 3390 events have been generated 

 Pythia::next(): 3400 events have been generated 

 Pythia::next(): 3410 events have been generated 

 Pythia::next(): 3420 events have been generated 
 PYTHIA Warning in SimpleSpaceShower::pT2nextQCD: weight above unity

 Pythia::next(): 3430 events have been generated 

 Pythia::next(): 3440 events have been generated 

 Pythia::next(): 3450 events have been generated 

 Pythia::next(): 3460 events have been generated 

 Pythia::next(): 3470 events have been generated 

 Pythia::next(): 3480 events have been generated 

 Pythia::next(): 3490 events have been generated 

 Pythia::next(): 3500 events have been generated 

 Pythia::next(): 3510 events have been generated 

 Pythia::next(): 3520 events have been generated 

 Pythia::next(): 3530 events have been generated 

 Pythia::next(): 3540 events have been generated 

 Pythia::next(): 3550 events have been generated 

 Pythia::next(): 3560 events have been generated 

 Pythia::next(): 3570 events have been generated 

 Pythia::next(): 3580 events have been generated 

 Pythia::next(): 3590 events have been generated 

 Pythia::next(): 3600 events have been generated 

 Pythia::next(): 3610 events have been generated 

 Pythia::next(): 3620 events have been generated 

 Pythia::next(): 3630 events have been generated 

 Pythia::next(): 3640 events have been generated 

 Pythia::next(): 3650 events have been generated 

 Pythia::next(): 3660 events have been generated 

 Pythia::next(): 3670 events have been generated 

 Pythia::next(): 3680 events have been generated 

 Pythia::next(): 3690 events have been generated 

 Pythia::next(): 3700 events have been generated 

 Pythia::next(): 3710 events have been generated 

 Pythia::next(): 3720 events have been generated 

 Pythia::next(): 3730 events have been generated 

 Pythia::next(): 3740 events have been generated 

 Pythia::next(): 3750 events have been generated 

 Pythia::next(): 3760 events have been generated 

 Pythia::next(): 3770 events have been generated 

 Pythia::next(): 3780 events have been generated 

 Pythia::next(): 3790 events have been generated 

 Pythia::next(): 3800 events have been generated 

 Pythia::next(): 3810 events have been generated 

 Pythia::next(): 3820 events have been generated 

 Pythia::next(): 3830 events have been generated 

 Pythia::next(): 3840 events have been generated 

 Pythia::next(): 3850 events have been generated 

 Pythia::next(): 3860 events have been generated 

 Pythia::next(): 3870 events have been generated 

 Pythia::next(): 3880 events have been generated 

 Pythia::next(): 3890 events have been generated 

 Pythia::next(): 3900 events have been generated 

 Pythia::next(): 3910 events have been generated 

 Pythia::next(): 3920 events have been generated 

 Pythia::next(): 3930 events have been generated 

 Pythia::next(): 3940 events have been generated 

 Pythia::next(): 3950 events have been generated 

 Pythia::next(): 3960 events have been generated 

 Pythia::next(): 3970 events have been generated 

 Pythia::next(): 3980 events have been generated 

 Pythia::next(): 3990 events have been generated 

 Pythia::next(): 4000 events have been generated 

 Pythia::next(): 4010 events have been generated 

 Pythia::next(): 4020 events have been generated 

 Pythia::next(): 4030 events have been generated 

 Pythia::next(): 4040 events have been generated 

 Pythia::next(): 4050 events have been generated 

 Pythia::next(): 4060 events have been generated 

 Pythia::next(): 4070 events have been generated 
 PYTHIA Warning in TauDecays::decay: unknown correlated tau production, assuming from unpolarized photon

 Pythia::next(): 4080 events have been generated 

 Pythia::next(): 4090 events have been generated 

 Pythia::next(): 4100 events have been generated 

 Pythia::next(): 4110 events have been generated 

 Pythia::next(): 4120 events have been generated 

 Pythia::next(): 4130 events have been generated 

 Pythia::next(): 4140 events have been generated 

 Pythia::next(): 4150 events have been generated 

 Pythia::next(): 4160 events have been generated 

 Pythia::next(): 4170 events have been generated 

 Pythia::next(): 4180 events have been generated 

 Pythia::next(): 4190 events have been generated 

 Pythia::next(): 4200 events have been generated 

 Pythia::next(): 4210 events have been generated 

 Pythia::next(): 4220 events have been generated 

 Pythia::next(): 4230 events have been generated 

 Pythia::next(): 4240 events have been generated 

 Pythia::next(): 4250 events have been generated 

 Pythia::next(): 4260 events have been generated 

 Pythia::next(): 4270 events have been generated 

 Pythia::next(): 4280 events have been generated 

 Pythia::next(): 4290 events have been generated 

 Pythia::next(): 4300 events have been generated 

 Pythia::next(): 4310 events have been generated 

 Pythia::next(): 4320 events have been generated 

 Pythia::next(): 4330 events have been generated 

 Pythia::next(): 4340 events have been generated 

 Pythia::next(): 4350 events have been generated 

 Pythia::next(): 4360 events have been generated 

 Pythia::next(): 4370 events have been generated 

 Pythia::next(): 4380 events have been generated 

 Pythia::next(): 4390 events have been generated 

 Pythia::next(): 4400 events have been generated 

 Pythia::next(): 4410 events have been generated 

 Pythia::next(): 4420 events have been generated 

 Pythia::next(): 4430 events have been generated 

 Pythia::next(): 4440 events have been generated 

 Pythia::next(): 4450 events have been generated 

 Pythia::next(): 4460 events have been generated 

 Pythia::next(): 4470 events have been generated 

 Pythia::next(): 4480 events have been generated 

 Pythia::next(): 4490 events have been generated 

 Pythia::next(): 4500 events have been generated 

 Pythia::next(): 4510 events have been generated 

 Pythia::next(): 4520 events have been generated 

 Pythia::next(): 4530 events have been generated 

 Pythia::next(): 4540 events have been generated 

 Pythia::next(): 4550 events have been generated 

 Pythia::next(): 4560 events have been generated 

 Pythia::next(): 4570 events have been generated 

 Pythia::next(): 4580 events have been generated 

 Pythia::next(): 4590 events have been generated 

 Pythia::next(): 4600 events have been generated 

 Pythia::next(): 4610 events have been generated 

 Pythia::next(): 4620 events have been generated 

 Pythia::next(): 4630 events have been generated 

 Pythia::next(): 4640 events have been generated 

 Pythia::next(): 4650 events have been generated 

 Pythia::next(): 4660 events have been generated 

 Pythia::next(): 4670 events have been generated 

 Pythia::next(): 4680 events have been generated 

 Pythia::next(): 4690 events have been generated 

 Pythia::next(): 4700 events have been generated 

 Pythia::next(): 4710 events have been generated 

 Pythia::next(): 4720 events have been generated 

 Pythia::next(): 4730 events have been generated 

 Pythia::next(): 4740 events have been generated 

 Pythia::next(): 4750 events have been generated 

 Pythia::next(): 4760 events have been generated 

 Pythia::next(): 4770 events have been generated 

 Pythia::next(): 4780 events have been generated 

 Pythia::next(): 4790 events have been generated 

 Pythia::next(): 4800 events have been generated 

 Pythia::next(): 4810 events have been generated 

 Pythia::next(): 4820 events have been generated 

 Pythia::next(): 4830 events have been generated 

 Pythia::next(): 4840 events have been generated 

 Pythia::next(): 4850 events have been generated 

 Pythia::next(): 4860 events have been generated 

 Pythia::next(): 4870 events have been generated 

 Pythia::next(): 4880 events have been generated 

 Pythia::next(): 4890 events have been generated 

 Pythia::next(): 4900 events have been generated 

 Pythia::next(): 4910 events have been generated 

 Pythia::next(): 4920 events have been generated 

 Pythia::next(): 4930 events have been generated 

 Pythia::next(): 4940 events have been generated 

 Pythia::next(): 4950 events have been generated 

 Pythia::next(): 4960 events have been generated 

 Pythia::next(): 4970 events have been generated 

 Pythia::next(): 4980 events have been generated 

 Pythia::next(): 4990 events have been generated 

 *-------  PYTHIA Event and Cross Section Statistics  -------------------------------------------------------------*
 |                                                                                                                 |
 | Subprocess                                    Code |            Number of events       |      sigma +- delta    |
 |                                                    |       Tried   Selected   Accepted |     (estimated) (mb)   |
 |                                                    |                                   |                        |
 |-----------------------------------------------------------------------------------------------------------------|
 |                                                    |                                   |                        |
 | Les Houches User Process(es)                  9999 |        5000       5000       5000 |   1.552e-09  0.000e+00 |
 |    ... whereof user classification code          1 |        5000       5000       5000 |                        | 
 |                                                    |                                   |                        |
 | sum                                                |        5000       5000       5000 |   1.552e-09  0.000e+00 |
 |                                                                                                                 |
 *-------  End PYTHIA Event and Cross Section Statistics ----------------------------------------------------------*

 *-------  PYTHIA Error and Warning Messages Statistics  ----------------------------------------------------------* 
 |                                                                                                                 | 
 |  times   message                                                                                                | 
 |                                                                                                                 | 
 |      3   Error in SimpleSpaceShower::pT2nearThreshold: stuck in loop                                            | 
 |      1   Warning in SLHAinterface::initSLHA: ignoring DECAY tables                                              | 
 |      1   Warning in SLHAinterface::initSLHA: ignoring MASS entries                                              | 
 |      1   Warning in SLHAinterface::initSLHA: ignoring empty DECAY tables                                        | 
 |      1   Warning in SimpleSpaceShower::pT2nextQCD: weight above unity                                           | 
 |      4   Warning in SimpleTimeShower::pTnext: negative dipole mass                                              | 
 |      1   Warning in TauDecays::decay: unknown correlated tau production, assuming from unpolarized photon       | 
 |      1   Info from SLHAinterface::initSLHA: No MODSEL found, keeping internal SUSY switched off                 | 
 |                                                                                                                 | 
 *-------  End PYTHIA Error and Warning Messages Statistics  ------------------------------------------------------* 
Wrote 5000 events to /uscms_data/d3/iturkmen/hh4b_delphes/hepmc/ttbb_50k_shard009_pythia8.hepmc
** INFO: initializing module  Delphes                  
** INFO: initializing module  ParticlePropagator       
** INFO: initializing module  ChargedHadronTrackingEfficiency
** INFO: initializing module  ElectronTrackingEfficiency
** INFO: initializing module  MuonTrackingEfficiency   
** INFO: initializing module  ChargedHadronMomentumSmearing
** INFO: initializing module  ElectronMomentumSmearing 
** INFO: initializing module  MuonMomentumSmearing     
** INFO: initializing module  TrackMerger              
** INFO: initializing module  ECal                     
** INFO: initializing module  HCal                     
** INFO: initializing module  Calorimeter              
** INFO: initializing module  EFlowMerger              
** INFO: initializing module  EFlowFilter              
** INFO: initializing module  PhotonEfficiency         
** INFO: initializing module  PhotonIsolation          
** INFO: initializing module  ElectronFilter           
** INFO: initializing module  ElectronEfficiency       
** INFO: initializing module  ElectronIsolation        
** INFO: initializing module  ChargedHadronFilter      
** INFO: initializing module  MuonEfficiency           
** INFO: initializing module  MuonIsolation            
** INFO: initializing module  MissingET                
** INFO: initializing module  NeutrinoFilter           
** INFO: initializing module  GenJetFinder             
#--------------------------------------------------------------------------
#                         FastJet release 3.5.1
#                 M. Cacciari, G.P. Salam and G. Soyez                  
#     A software package for jet finding and analysis at colliders      
#                           https://fastjet.fr                           
#	                                                                      
# Please cite EPJC72(2012)1896 [arXiv:1111.6097] if you use this package
# for scientific work and optionally PLB641(2006)57 [hep-ph/0512210].   
#                                                                       
# FastJet is provided without warranty under the GNU GPL v2 or higher.  
# It uses T. Chan's closest pair algorithm, S. Fortune's Voronoi code
# and 3rd party plugin jet algorithms. See COPYING file for details.
#--------------------------------------------------------------------------
** INFO: initializing module  GenMissingET             
** INFO: initializing module  FastJetFinder            
** INFO: initializing module  FatJetFinder             
** INFO: initializing module  JetEnergyScale           
** INFO: initializing module  JetFlavorAssociation     
** INFO: initializing module  BTagging                 
** INFO: initializing module  TauTagging               
** INFO: initializing module  UniqueObjectFinder       
** INFO: initializing module  ScalarHT                 
** INFO: initializing module  TreeWriter               
** Reading /uscms_data/d3/iturkmen/hh4b_delphes/hepmc/ttbb_50k_shard009_pythia8.hepmc
** [----------------------------------------------------------------] (0.03%)** [#---------------------------------------------------------------] (2.31%)** [##--------------------------------------------------------------] (3.33%)** [###-------------------------------------------------------------] (5.47%)** [####------------------------------------------------------------] (6.35%)** [#####-----------------------------------------------------------] (7.88%)** [######----------------------------------------------------------] (9.46%)** [#######---------------------------------------------------------] (11.59%)** [########--------------------------------------------------------] (12.53%)** [#########-------------------------------------------------------] (15.44%)** [##########------------------------------------------------------] (16.33%)** [###########-----------------------------------------------------] (17.83%)** [############----------------------------------------------------] (18.88%)** [#############---------------------------------------------------] (20.31%)** [##############--------------------------------------------------] (22.67%)** [###############-------------------------------------------------] (24.09%)** [################------------------------------------------------] (25.19%)** [#################-----------------------------------------------] (26.65%)** [##################----------------------------------------------] (28.15%)** [###################---------------------------------------------] (30.49%)** [####################--------------------------------------------] (31.59%)** [#####################-------------------------------------------] (33.62%)** [######################------------------------------------------] (35.08%)** [#######################-----------------------------------------] (36.81%)** [########################----------------------------------------] (37.77%)** [#########################---------------------------------------] (39.33%)** [##########################--------------------------------------] (40.82%)** [###########################-------------------------------------] (43.05%)** [############################------------------------------------] (44.17%)** [#############################-----------------------------------] (45.70%)** [##############################----------------------------------] (47.26%)** [###############################---------------------------------] (49.33%)** [################################--------------------------------] (50.40%)** [#################################-------------------------------] (51.90%)** [##################################------------------------------] (53.37%)** [###################################-----------------------------] (55.60%)** [####################################----------------------------] (56.89%)** [#####################################---------------------------] (58.35%)** [######################################--------------------------] (59.80%)** [#######################################-------------------------] (62.20%)** [########################################------------------------] (63.14%)** [#########################################-----------------------] (64.62%)** [##########################################----------------------] (66.16%)** [###########################################---------------------] (68.41%)** [############################################--------------------] (69.32%)** [#############################################-------------------] (70.77%)** [##############################################------------------] (72.25%)** [###############################################-----------------] (74.61%)** [################################################----------------] (75.64%)** [#################################################---------------] (76.70%)** [##################################################--------------] (78.67%)** [###################################################-------------] (80.68%)** [####################################################------------] (81.90%)** [#####################################################-----------] (83.21%)** [######################################################----------] (84.50%)** [#######################################################---------] (86.12%)** [########################################################--------] (88.00%)** [#########################################################-------] (89.09%)** [##########################################################------] (91.28%)** [###########################################################-----] (92.78%)** [############################################################----] (94.21%)** [#############################################################---] (96.35%)** [##############################################################--] (97.43%)** [###############################################################-] (99.18%)** [################################################################] (100.00%)
** Exiting...
FILE: /uscms_data/d3/iturkmen/hh4b_delphes/root/ttbb_50k_shard009_pythia8_delphes.root

KEYS:
  ProcessID0;1
  Delphes;1

TREE: Delphes
ENTRIES: 5000

OBJECT CHECK:
  Event: OK
  Particle: OK
  Jet: OK
  GenJet: OK
  MissingET: OK
  GenMissingET: OK
  Electron: OK
  Muon: OK

SIZE BRANCHES:
  Event_size
  Weight_size
  Particle_size
  Track_size
  Tower_size
  EFlowTrack_size
  EFlowPhoton_size
  EFlowNeutralHadron_size
  GenJet_size
  GenMissingET_size
  Jet_size
  Electron_size
  Photon_size
  Muon_size
  FatJet_size
  MissingET_size
  ScalarHT_size
Input: /uscms_data/d3/iturkmen/hh4b_delphes/root/ttbb_50k_shard009_pythia8_delphes.root
Events: 5000

      event  n_higgs_particles  ...  n_genjets_flavor5  n_genjets_btag
0         0                  0  ...                  0               0
1         1                  0  ...                  0               0
2         2                  0  ...                  0               0
3         3                  0  ...                  0               0
4         4                  0  ...                  0               0
...     ...                ...  ...                ...             ...
4995   4995                  0  ...                  0               0
4996   4996                  0  ...                  0               0
4997   4997                  0  ...                  0               0
4998   4998                  0  ...                  0               0
4999   4999                  0  ...                  0               0

[5000 rows x 15 columns]

Column sums:
  n_higgs_particles: 0
  n_b_particles: 163570
  n_status1_b_particles: 0
  n_jets: 37172
  n_jets_pt30_eta25: 29429
  n_jets_flavor5: 17633
  n_jets_flavoralgo5: 0
  n_jets_flavorphys5: 0
  n_btagged_jets: 12426
  n_btagged_jets_pt30_eta25: 11403
  n_genjets: 39899
  n_genjets_pt30_eta25: 30155
  n_genjets_flavor5: 0
  n_genjets_btag: 0

Events with >=4 reconstructed jets: 4637
Events with >=4 reconstructed b-tagged jets: 646
Events with >=4 jet FlavorPhys b jets: 0
Events with >=4 generator-level b particles: 5000

Wrote: /uscms_data/d3/iturkmen/hh4b_delphes/metadata/ttbb_50k_shard009_diagnostic.csv
Wrote: /uscms_data/d3/iturkmen/hh4b_delphes/parquet/ttbb_50k_shard009_event_summary.parquet
                 sample  event  event_weight  ...  n_muon  ht_pt30_eta25        met
0     ttbb_50k_shard009      0      1.551742  ...       0     610.993774  50.442844
1     ttbb_50k_shard009      1      1.551742  ...       0     274.276703  47.917320
2     ttbb_50k_shard009      2      1.551742  ...       0     532.856506  47.006306
3     ttbb_50k_shard009      3      1.551742  ...       0     586.356262  37.066532
4     ttbb_50k_shard009      4      1.551742  ...       0     553.118286  47.366596
...                 ...    ...           ...  ...     ...            ...        ...
4995  ttbb_50k_shard009   4995      1.551742  ...       1     466.267273  58.179829
4996  ttbb_50k_shard009   4996      1.551742  ...       0     546.831543  18.522436
4997  ttbb_50k_shard009   4997      1.551742  ...       1     576.630249  68.309296
4998  ttbb_50k_shard009   4998      1.551742  ...       0     773.671265   8.174613
4999  ttbb_50k_shard009   4999      1.551742  ...       1     774.285889  29.010517

[5000 rows x 13 columns]

Selection counts:
  events: 5000
  events with >=4 selected jets: 4637
  events with >=4 selected b-tagged jets: 646
DONE: ttbb_50k_shard009
ROOT: /uscms_data/d3/iturkmen/hh4b_delphes/root/ttbb_50k_shard009_pythia8_delphes.root
HEPMC: /uscms_data/d3/iturkmen/hh4b_delphes/hepmc/ttbb_50k_shard009_pythia8.hepmc
PARQUET: /uscms_data/d3/iturkmen/hh4b_delphes/parquet/ttbb_50k_shard009_event_summary.parquet
DIAGNOSTIC: /uscms_data/d3/iturkmen/hh4b_delphes/metadata/ttbb_50k_shard009_diagnostic.csv
Input events: 5000
Events with >=4 selected b-tagged jets: 646
Wrote: /uscms_data/d3/iturkmen/hh4b_delphes/parquet/ttbb_50k_shard009_hh4b_candidates.parquet

             mbb1        mbb2  ...          mhh  n_selected_bjets
count  646.000000  646.000000  ...   646.000000        646.000000
mean   176.715099  141.918964  ...   544.597308          4.167183
std    100.168576   72.634364  ...   261.404486          0.409091
min     52.286071   29.268530  ...   168.284810          4.000000
25%    118.264862   98.202067  ...   368.925340          4.000000
50%    149.066178  127.900717  ...   478.536197          4.000000
75%    202.028357  168.001887  ...   641.332634          4.000000
max    818.045950  708.922470  ...  1864.858112          6.000000

[8 rows x 6 columns]
sample: ttbb_50k_shard009
events: 5000
candidate rows: 646
cross-section median pb: 1.5517421960830688
events with >=4 selected jets: 4637
events with >=4 selected b-tagged jets: 646
median mbb1: 149.0661777002291
median mbb2: 127.900716821033
median avg_mbb: 145.58240761318052
median delta_mbb: 55.818640524681136
median mhh: 478.5361971557683
median n_selected_bjets: 4.0
Wrote: /uscms_data/d3/iturkmen/hh4b_delphes/metadata/ttbb_50k_shard009_summary.txt
DONE ttbb_50k_shard009
Finished shard 009
campaign: ttbb_50k
shards: 10
events_per_shard: 5000
total generated events: 50000
candidate rows: 6403
events with >=4 selected jets: 46468
events with >=4 selected b-tagged jets: 6403
median xsec pb: 1.5490762591362
median mbb1: 151.16561826380303
median mbb2: 129.2879150903756
median avg_mbb: 145.4965496698499
median delta_mbb: 55.05045021778474
median mhh: 489.8730107377172
median n_selected_bjets: 4.0
merged event summary: /uscms_data/d3/iturkmen/hh4b_delphes/parquet/ttbb_50k_merged_event_summary.parquet
merged candidates: /uscms_data/d3/iturkmen/hh4b_delphes/parquet/ttbb_50k_merged_hh4b_candidates.parquet
Wrote: /uscms_data/d3/iturkmen/hh4b_delphes/metadata/ttbb_50k_summary.txt

DONE campaign ttbb_50k
Manifest: /uscms_data/d3/iturkmen/hh4b_delphes/metadata/ttbb_50k_manifest.csv
Summary: /uscms_data/d3/iturkmen/hh4b_delphes/metadata/ttbb_50k_summary.txt
	Command being timed: "scripts/delphes/run_storage_safe_local_campaign.sh ttbb_50k /uscms_data/d3/iturkmen/hh4b_delphes/mg5/TTbb_smoke 10 5000 107000 yes 1 yes"
	User time (seconds): 2064.26
	System time (seconds): 102.33
	Percent of CPU this job got: 93%
	Elapsed (wall clock) time (h:mm:ss or m:ss): 38:46.24
	Average shared text size (kbytes): 0
	Average unshared data size (kbytes): 0
	Average stack size (kbytes): 0
	Average total size (kbytes): 0
	Maximum resident set size (kbytes): 541924
	Average resident set size (kbytes): 0
	Major (requiring I/O) page faults: 4626
	Minor (reclaiming a frame) page faults: 7957818
	Voluntary context switches: 656025
	Involuntary context switches: 1583052
	Swaps: 0
	File system inputs: 31277640
	File system outputs: 46092728
	Socket messages sent: 0
	Socket messages received: 0
	Signals delivered: 0
	Page size (bytes): 4096
	Exit status: 0
