replica	category_id	selected_structure_id	threshold_variable	threshold_value	supporting_outer_fold_count	supporting_outer_folds_json	is_nominal_structure
0	exact3tag	radial_mass__category__plus_ht_candidate_jets	ht_candidate_jets	177.26047706604	2	[1,2]	True
0	exact3tag	radial_mass__category__plus_ht_candidate_jets	r_hh_125_125	36.845249668601895	2	[1,2]	True
0	ge4tag	radial_mass__category__plus_ht_candidate_jets	ht_candidate_jets	196.13399505615232	3	[0,2,4]	False
0	ge4tag	radial_mass__category__plus_ht_candidate_jets	r_hh_125_125	35.05446654991432	3	[0,2,4]	False
1	exact3tag	asymmetric_rectangular_mass__category__plus_max_drbb	abs_mbb1_minus_125	19.076922917202257	2	[0,3]	False
1	exact3tag	asymmetric_rectangular_mass__category__plus_max_drbb	abs_mbb2_minus_125	1195.411600407152	2	[0,3]	False
1	exact3tag	asymmetric_rectangular_mass__category__plus_max_drbb	max_drbb	4.766829126003969	2	[0,3]	False
1	ge4tag	symmetric_rectangular_mass__category__plus_ht_candidate_jets_and_max_drbb	ht_candidate_jets	195.19564056396482	2	[1,4]	False
1	ge4tag	symmetric_rectangular_mass__category__plus_ht_candidate_jets_and_max_drbb	max_abs_mbb_minus_125	38.405353755584606	2	[1,4]	False
1	ge4tag	symmetric_rectangular_mass__category__plus_ht_candidate_jets_and_max_drbb	max_drbb	3.042276577387326	2	[1,4]	False
2	exact3tag	asymmetric_rectangular_mass__category__plus_mhh	abs_mbb1_minus_125	19.394592134806576	2	[0,2]	False
2	exact3tag	asymmetric_rectangular_mass__category__plus_mhh	abs_mbb2_minus_125	997.3982052645523	2	[0,2]	False
2	exact3tag	asymmetric_rectangular_mass__category__plus_mhh	mhh	147.17043766773048	2	[0,2]	False
2	ge4tag	asymmetric_rectangular_mass__category__plus_max_drbb	abs_mbb1_minus_125	28.221464948358747	2	[1,3]	False
2	ge4tag	asymmetric_rectangular_mass__category__plus_max_drbb	abs_mbb2_minus_125	90.111447491939	2	[1,3]	False
2	ge4tag	asymmetric_rectangular_mass__category__plus_max_drbb	max_drbb	2.9218338281273475	2	[1,3]	False
3	exact3tag	asymmetric_rectangular_mass__category__plus_abs_h_delta_eta	abs_h_delta_eta	7.670986609339533	2	[0,4]	False
3	exact3tag	asymmetric_rectangular_mass__category__plus_abs_h_delta_eta	abs_mbb1_minus_125	19.18294201285782	2	[0,4]	False
3	exact3tag	asymmetric_rectangular_mass__category__plus_abs_h_delta_eta	abs_mbb2_minus_125	997.3982052645523	2	[0,4]	False
3	ge4tag	radial_mass__category__plus_ht_candidate_jets	ht_candidate_jets	187.4812660217285	2	[0,1]	False
3	ge4tag	radial_mass__category__plus_ht_candidate_jets	r_hh_125_125	34.48893565849475	2	[0,1]	False
4	exact3tag	asymmetric_rectangular_mass__category__plus_ht_candidate_jets	abs_mbb1_minus_125	33.12436305962605	2	[0,4]	False
4	exact3tag	asymmetric_rectangular_mass__category__plus_ht_candidate_jets	abs_mbb2_minus_125	376.48439474732356	2	[0,4]	False
4	exact3tag	asymmetric_rectangular_mass__category__plus_ht_candidate_jets	ht_candidate_jets	182.88134574890134	2	[0,4]	False
4	ge4tag	symmetric_rectangular_mass__category__plus_ht_candidate_jets_and_max_drbb	ht_candidate_jets	171.6592445373535	2	[3,4]	False
4	ge4tag	symmetric_rectangular_mass__category__plus_ht_candidate_jets_and_max_drbb	max_abs_mbb_minus_125	35.10948822171725	2	[3,4]	False
4	ge4tag	symmetric_rectangular_mass__category__plus_ht_candidate_jets_and_max_drbb	max_drbb	3.5278094809139033	2	[3,4]	False
5	exact3tag	asymmetric_rectangular_mass__category__plus_ht_candidate_jets_and_max_drbb	abs_mbb1_minus_125	1021.5366553716673	1	[4]	False
5	exact3tag	asymmetric_rectangular_mass__category__plus_ht_candidate_jets_and_max_drbb	abs_mbb2_minus_125	35.17114776728037	1	[4]	False
5	exact3tag	asymmetric_rectangular_mass__category__plus_ht_candidate_jets_and_max_drbb	ht_candidate_jets	211.81828308105466	1	[4]	False
5	exact3tag	asymmetric_rectangular_mass__category__plus_ht_candidate_jets_and_max_drbb	max_drbb	3.0390908836749393	1	[4]	False
5	ge4tag	radial_mass__category__plus_mhh	mhh	215.7303079407609	2	[0,3]	False
5	ge4tag	radial_mass__category__plus_mhh	r_hh_125_125	34.0010093572017	2	[0,3]	False
6	exact3tag	asymmetric_rectangular_mass__category__plus_ht_candidate_jets	abs_mbb1_minus_125	19.02965999302791	2	[1,2]	False
6	exact3tag	asymmetric_rectangular_mass__category__plus_ht_candidate_jets	abs_mbb2_minus_125	1195.411600407152	2	[1,2]	False
6	exact3tag	asymmetric_rectangular_mass__category__plus_ht_candidate_jets	ht_candidate_jets	140.44009780883786	2	[1,2]	False
6	ge4tag	radial_mass__category__plus_h2_pt	h2_pt	14.146489084109692	2	[0,4]	False
6	ge4tag	radial_mass__category__plus_h2_pt	r_hh_125_125	36.04294420660245	2	[0,4]	False
7	exact3tag	asymmetric_rectangular_mass__category__plus_abs_h_delta_eta	abs_h_delta_eta	7.576934088635984	3	[0,3,4]	False
7	exact3tag	asymmetric_rectangular_mass__category__plus_abs_h_delta_eta	abs_mbb1_minus_125	19.17137702875556	3	[0,3,4]	False
7	exact3tag	asymmetric_rectangular_mass__category__plus_abs_h_delta_eta	abs_mbb2_minus_125	799.3848101219526	3	[0,3,4]	False
7	ge4tag	asymmetric_rectangular_mass__category__plus_ht_candidate_jets	abs_mbb1_minus_125	32.69834571787549	2	[0,4]	False
7	ge4tag	asymmetric_rectangular_mass__category__plus_ht_candidate_jets	abs_mbb2_minus_125	40.782951218367	2	[0,4]	False
7	ge4tag	asymmetric_rectangular_mass__category__plus_ht_candidate_jets	ht_candidate_jets	222.19258308410642	2	[0,4]	False
8	exact3tag	asymmetric_rectangular_mass__category__plus_mhh	abs_mbb1_minus_125	19.17750327042818	1	[2]	False
8	exact3tag	asymmetric_rectangular_mass__category__plus_mhh	abs_mbb2_minus_125	799.3848101219526	1	[2]	False
8	exact3tag	asymmetric_rectangular_mass__category__plus_mhh	mhh	179.34894690232184	1	[2]	False
8	ge4tag	radial_mass__category__plus_h2_pt_and_max_drbb	h2_pt	8.114527853999354	2	[0,3]	False
8	ge4tag	radial_mass__category__plus_h2_pt_and_max_drbb	max_drbb	3.4964359631313475	2	[0,3]	False
8	ge4tag	radial_mass__category__plus_h2_pt_and_max_drbb	r_hh_125_125	37.21544238823543	2	[0,3]	False
9	exact3tag	symmetric_rectangular_mass__category__plus_ht_candidate_jets	ht_candidate_jets	180.79620552062985	2	[1,3]	False
9	exact3tag	symmetric_rectangular_mass__category__plus_ht_candidate_jets	max_abs_mbb_minus_125	33.69478673538462	2	[1,3]	False
9	ge4tag	symmetric_rectangular_mass__category__mass_only	max_abs_mbb_minus_125	30.88984953222076	2	[0,1]	False
10	exact3tag	radial_mass__category__plus_ht_candidate_jets	ht_candidate_jets	184.63222885131833	3	[0,2,4]	True
10	exact3tag	radial_mass__category__plus_ht_candidate_jets	r_hh_125_125	36.94481393463384	3	[0,2,4]	True
10	ge4tag	asymmetric_rectangular_mass__category__mass_only	abs_mbb1_minus_125	21.64047931547893	3	[1,2,4]	False
10	ge4tag	asymmetric_rectangular_mass__category__mass_only	abs_mbb2_minus_125	44.39938397834519	3	[1,2,4]	False
11	exact3tag	radial_mass__category__plus_ht_candidate_jets	ht_candidate_jets	184.76450347900388	2	[1,4]	True
11	exact3tag	radial_mass__category__plus_ht_candidate_jets	r_hh_125_125	36.89339477775931	2	[1,4]	True
11	ge4tag	radial_mass__category__plus_ht_candidate_jets_and_max_drbb	ht_candidate_jets	187.36515808105466	3	[0,1,2]	False
11	ge4tag	radial_mass__category__plus_ht_candidate_jets_and_max_drbb	max_drbb	3.033907140221396	3	[0,1,2]	False
11	ge4tag	radial_mass__category__plus_ht_candidate_jets_and_max_drbb	r_hh_125_125	41.21087479558251	3	[0,1,2]	False
12	exact3tag	asymmetric_rectangular_mass__category__plus_max_drbb	abs_mbb1_minus_125	19.11137422145274	3	[0,2,3]	False
12	exact3tag	asymmetric_rectangular_mass__category__plus_max_drbb	abs_mbb2_minus_125	1195.411600407152	3	[0,2,3]	False
12	exact3tag	asymmetric_rectangular_mass__category__plus_max_drbb	max_drbb	4.8368026200013245	3	[0,2,3]	False
12	ge4tag	radial_mass__category__plus_h2_pt	h2_pt	5.453954469218081	2	[1,2]	False
12	ge4tag	radial_mass__category__plus_h2_pt	r_hh_125_125	34.294066927518024	2	[1,2]	False
13	exact3tag	asymmetric_rectangular_mass__category__plus_abs_h_delta_eta	abs_h_delta_eta	7.670986609339533	2	[0,4]	False
13	exact3tag	asymmetric_rectangular_mass__category__plus_abs_h_delta_eta	abs_mbb1_minus_125	19.107827332394233	2	[0,4]	False
13	exact3tag	asymmetric_rectangular_mass__category__plus_abs_h_delta_eta	abs_mbb2_minus_125	799.3848101219526	2	[0,4]	False
13	ge4tag	asymmetric_rectangular_mass__category__plus_mhh_and_abs_h_delta_eta	abs_h_delta_eta	6.809818891966871	1	[3]	False
13	ge4tag	asymmetric_rectangular_mass__category__plus_mhh_and_abs_h_delta_eta	abs_mbb1_minus_125	17.55294212550503	1	[3]	False
13	ge4tag	asymmetric_rectangular_mass__category__plus_mhh_and_abs_h_delta_eta	abs_mbb2_minus_125	412.44612388528975	1	[3]	False
13	ge4tag	asymmetric_rectangular_mass__category__plus_mhh_and_abs_h_delta_eta	mhh	183.6773465570329	1	[3]	False
14	exact3tag	asymmetric_rectangular_mass__category__plus_ht_candidate_jets_and_max_drbb	abs_mbb1_minus_125	18.854948196430446	2	[2,4]	False
14	exact3tag	asymmetric_rectangular_mass__category__plus_ht_candidate_jets_and_max_drbb	abs_mbb2_minus_125	677.6710257917994	2	[2,4]	False
14	exact3tag	asymmetric_rectangular_mass__category__plus_ht_candidate_jets_and_max_drbb	ht_candidate_jets	139.73014163970944	2	[2,4]	False
14	exact3tag	asymmetric_rectangular_mass__category__plus_ht_candidate_jets_and_max_drbb	max_drbb	4.8368026200013245	2	[2,4]	False
14	ge4tag	radial_mass__category__plus_max_drbb	max_drbb	3.317996896121568	2	[0,1]	False
14	ge4tag	radial_mass__category__plus_max_drbb	r_hh_125_125	34.844066881786844	2	[0,1]	False
15	exact3tag	asymmetric_rectangular_mass__category__plus_mhh_and_abs_h_delta_eta	abs_h_delta_eta	7.670986609339533	2	[0,4]	False
15	exact3tag	asymmetric_rectangular_mass__category__plus_mhh_and_abs_h_delta_eta	abs_mbb1_minus_125	18.988356914154966	2	[0,4]	False
15	exact3tag	asymmetric_rectangular_mass__category__plus_mhh_and_abs_h_delta_eta	abs_mbb2_minus_125	799.3848101219526	2	[0,4]	False
15	exact3tag	asymmetric_rectangular_mass__category__plus_mhh_and_abs_h_delta_eta	mhh	180.9429569192214	2	[0,4]	False
15	ge4tag	asymmetric_rectangular_mass__category__plus_ht_candidate_jets	abs_mbb1_minus_125	31.47918160398655	2	[0,3]	False
15	ge4tag	asymmetric_rectangular_mass__category__plus_ht_candidate_jets	abs_mbb2_minus_125	40.21960622752676	2	[0,3]	False
15	ge4tag	asymmetric_rectangular_mass__category__plus_ht_candidate_jets	ht_candidate_jets	219.99098631739614	2	[0,3]	False
16	exact3tag	asymmetric_rectangular_mass__category__plus_abs_h_delta_eta	abs_h_delta_eta	7.463296051007061	1	[0]	False
16	exact3tag	asymmetric_rectangular_mass__category__plus_abs_h_delta_eta	abs_mbb1_minus_125	19.097563697690905	1	[0]	False
16	exact3tag	asymmetric_rectangular_mass__category__plus_abs_h_delta_eta	abs_mbb2_minus_125	799.3848101219526	1	[0]	False
16	ge4tag	asymmetric_rectangular_mass__category__mass_only	abs_mbb1_minus_125	21.758914210150724	1	[1]	False
16	ge4tag	asymmetric_rectangular_mass__category__mass_only	abs_mbb2_minus_125	45.64868630571265	1	[1]	False
17	exact3tag	asymmetric_rectangular_mass__category__plus_mhh	abs_mbb1_minus_125	19.379999006169857	2	[2,4]	False
17	exact3tag	asymmetric_rectangular_mass__category__plus_mhh	abs_mbb2_minus_125	738.527917956876	2	[2,4]	False
17	exact3tag	asymmetric_rectangular_mass__category__plus_mhh	mhh	112.01666156260593	2	[2,4]	False
17	ge4tag	asymmetric_rectangular_mass__category__mass_only	abs_mbb1_minus_125	20.937011943297296	1	[1]	False
17	ge4tag	asymmetric_rectangular_mass__category__mass_only	abs_mbb2_minus_125	45.69548098044158	1	[1]	False
18	exact3tag	asymmetric_rectangular_mass__category__plus_ht_candidate_jets_and_max_drbb	abs_mbb1_minus_125	18.76423216001712	1	[1]	False
18	exact3tag	asymmetric_rectangular_mass__category__plus_ht_candidate_jets_and_max_drbb	abs_mbb2_minus_125	1195.411600407152	1	[1]	False
18	exact3tag	asymmetric_rectangular_mass__category__plus_ht_candidate_jets_and_max_drbb	ht_candidate_jets	140.44009780883786	1	[1]	False
18	exact3tag	asymmetric_rectangular_mass__category__plus_ht_candidate_jets_and_max_drbb	max_drbb	4.766829126003969	1	[1]	False
18	ge4tag	asymmetric_rectangular_mass__category__mass_only	abs_mbb1_minus_125	21.79982491302842	3	[2,3,4]	False
18	ge4tag	asymmetric_rectangular_mass__category__mass_only	abs_mbb2_minus_125	44.16320351052497	3	[2,3,4]	False
19	exact3tag	asymmetric_rectangular_mass__category__plus_ht_candidate_jets	abs_mbb1_minus_125	18.835370528355835	2	[0,2]	False
19	exact3tag	asymmetric_rectangular_mass__category__plus_ht_candidate_jets	abs_mbb2_minus_125	1195.411600407152	2	[0,2]	False
19	exact3tag	asymmetric_rectangular_mass__category__plus_ht_candidate_jets	ht_candidate_jets	139.02018547058103	2	[0,2]	False
19	ge4tag	radial_mass__category__plus_ht_candidate_jets_and_max_drbb	ht_candidate_jets	185.43425989150998	2	[1,4]	False
19	ge4tag	radial_mass__category__plus_ht_candidate_jets_and_max_drbb	max_drbb	3.035924995682906	2	[1,4]	False
19	ge4tag	radial_mass__category__plus_ht_candidate_jets_and_max_drbb	r_hh_125_125	41.39703271885517	2	[1,4]	False
20	exact3tag	asymmetric_rectangular_mass__category__plus_mhh	abs_mbb1_minus_125	18.776494753507396	2	[2,4]	False
20	exact3tag	asymmetric_rectangular_mass__category__plus_mhh	abs_mbb2_minus_125	997.3982052645523	2	[2,4]	False
20	exact3tag	asymmetric_rectangular_mass__category__plus_mhh	mhh	179.34894690232184	2	[2,4]	False
20	ge4tag	asymmetric_rectangular_mass__category__mass_only	abs_mbb1_minus_125	24.310722528799747	2	[1,4]	False
20	ge4tag	asymmetric_rectangular_mass__category__mass_only	abs_mbb2_minus_125	38.476202452902825	2	[1,4]	False
21	exact3tag	asymmetric_rectangular_mass__category__plus_mhh	abs_mbb1_minus_125	19.233776630884503	4	[0,1,2,3]	False
21	exact3tag	asymmetric_rectangular_mass__category__plus_mhh	abs_mbb2_minus_125	738.527917956876	4	[0,1,2,3]	False
21	exact3tag	asymmetric_rectangular_mass__category__plus_mhh	mhh	111.43399288199572	4	[0,1,2,3]	False
21	ge4tag	asymmetric_rectangular_mass__category__plus_max_drbb	abs_mbb1_minus_125	28.111384104852018	2	[1,3]	False
21	ge4tag	asymmetric_rectangular_mass__category__plus_max_drbb	abs_mbb2_minus_125	85.86429306320612	2	[1,3]	False
21	ge4tag	asymmetric_rectangular_mass__category__plus_max_drbb	max_drbb	2.9263798321471866	2	[1,3]	False
22	exact3tag	radial_mass__category__plus_ht_candidate_jets	ht_candidate_jets	176.72596740722653	2	[1,2]	True
22	exact3tag	radial_mass__category__plus_ht_candidate_jets	r_hh_125_125	36.70047245062416	2	[1,2]	True
22	ge4tag	radial_mass__category__plus_mhh_and_abs_h_delta_eta	abs_h_delta_eta	6.998785436981115	2	[1,3]	True
22	ge4tag	radial_mass__category__plus_mhh_and_abs_h_delta_eta	mhh	167.2173981515162	2	[1,3]	True
22	ge4tag	radial_mass__category__plus_mhh_and_abs_h_delta_eta	r_hh_125_125	33.81921461769713	2	[1,3]	True
23	exact3tag	asymmetric_rectangular_mass__category__plus_ht_candidate_jets	abs_mbb1_minus_125	33.2640870663792	2	[2,4]	False
23	exact3tag	asymmetric_rectangular_mass__category__plus_ht_candidate_jets	abs_mbb2_minus_125	618.3653312953743	2	[2,4]	False
23	exact3tag	asymmetric_rectangular_mass__category__plus_ht_candidate_jets	ht_candidate_jets	182.66781616210935	2	[2,4]	False
23	ge4tag	asymmetric_rectangular_mass__category__plus_ht_candidate_jets_and_max_drbb	abs_mbb1_minus_125	30.892816792267986	2	[1,2]	False
23	ge4tag	asymmetric_rectangular_mass__category__plus_ht_candidate_jets_and_max_drbb	abs_mbb2_minus_125	346.93452455412205	2	[1,2]	False
23	ge4tag	asymmetric_rectangular_mass__category__plus_ht_candidate_jets_and_max_drbb	ht_candidate_jets	178.20136070251462	2	[1,2]	False
23	ge4tag	asymmetric_rectangular_mass__category__plus_ht_candidate_jets_and_max_drbb	max_drbb	3.7076905977346497	2	[1,2]	False
24	exact3tag	radial_mass__category__plus_ht_candidate_jets	ht_candidate_jets	186.57288455963132	2	[1,3]	True
24	exact3tag	radial_mass__category__plus_ht_candidate_jets	r_hh_125_125	37.04873055822543	2	[1,3]	True
24	ge4tag	radial_mass__category__plus_mhh_and_abs_h_delta_eta	abs_h_delta_eta	6.998785436981115	2	[1,3]	True
24	ge4tag	radial_mass__category__plus_mhh_and_abs_h_delta_eta	mhh	167.96873293391974	2	[1,3]	True
24	ge4tag	radial_mass__category__plus_mhh_and_abs_h_delta_eta	r_hh_125_125	33.85451883115752	2	[1,3]	True
25	exact3tag	asymmetric_rectangular_mass__category__plus_mhh	abs_mbb1_minus_125	18.808159673884187	2	[2,4]	False
25	exact3tag	asymmetric_rectangular_mass__category__plus_mhh	abs_mbb2_minus_125	873.8412446617003	2	[2,4]	False
25	exact3tag	asymmetric_rectangular_mass__category__plus_mhh	mhh	183.84982318058488	2	[2,4]	False
25	ge4tag	asymmetric_rectangular_mass__category__plus_ht_candidate_jets	abs_mbb1_minus_125	34.42344107929884	2	[1,2]	False
25	ge4tag	asymmetric_rectangular_mass__category__plus_ht_candidate_jets	abs_mbb2_minus_125	34.92641629673408	2	[1,2]	False
25	ge4tag	asymmetric_rectangular_mass__category__plus_ht_candidate_jets	ht_candidate_jets	211.481357216835	2	[1,2]	False
26	exact3tag	asymmetric_rectangular_mass__category__plus_ht_candidate_jets	abs_mbb1_minus_125	36.14972962375457	2	[2,3]	False
26	exact3tag	asymmetric_rectangular_mass__category__plus_ht_candidate_jets	abs_mbb2_minus_125	616.5240335998828	2	[2,3]	False
26	exact3tag	asymmetric_rectangular_mass__category__plus_ht_candidate_jets	ht_candidate_jets	181.6385069042444	2	[2,3]	False
26	ge4tag	asymmetric_rectangular_mass__category__mass_only	abs_mbb1_minus_125	21.758250796721217	2	[0,3]	False
26	ge4tag	asymmetric_rectangular_mass__category__mass_only	abs_mbb2_minus_125	46.15301235011841	2	[0,3]	False
27	exact3tag	radial_mass__category__plus_h2_pt	h2_pt	10.86049587753496	1	[3]	False
27	exact3tag	radial_mass__category__plus_h2_pt	r_hh_125_125	37.49381003923172	1	[3]	False
27	ge4tag	asymmetric_rectangular_mass__category__mass_only	abs_mbb1_minus_125	21.88115416698118	1	[1]	False
27	ge4tag	asymmetric_rectangular_mass__category__mass_only	abs_mbb2_minus_125	43.94462065560952	1	[1]	False
28	exact3tag	asymmetric_rectangular_mass__category__plus_abs_h_delta_eta	abs_h_delta_eta	7.76503913004308	2	[0,3]	False
28	exact3tag	asymmetric_rectangular_mass__category__plus_abs_h_delta_eta	abs_mbb1_minus_125	19.12338399399083	2	[0,3]	False
28	exact3tag	asymmetric_rectangular_mass__category__plus_abs_h_delta_eta	abs_mbb2_minus_125	711.7937275383631	2	[0,3]	False
28	ge4tag	asymmetric_rectangular_mass__category__plus_max_drbb	abs_mbb1_minus_125	28.209742095741877	2	[1,4]	False
28	ge4tag	asymmetric_rectangular_mass__category__plus_max_drbb	abs_mbb2_minus_125	93.09482448370622	2	[1,4]	False
28	ge4tag	asymmetric_rectangular_mass__category__plus_max_drbb	max_drbb	2.9249831642703183	2	[1,4]	False
29	exact3tag	asymmetric_rectangular_mass__category__mass_only	abs_mbb1_minus_125	25.07469094354963	2	[0,4]	False
29	exact3tag	asymmetric_rectangular_mass__category__mass_only	abs_mbb2_minus_125	45.3929044270718	2	[0,4]	False
29	ge4tag	radial_mass__category__plus_max_drbb	max_drbb	3.1769131667188146	2	[3,4]	False
29	ge4tag	radial_mass__category__plus_max_drbb	r_hh_125_125	37.27646470637353	2	[3,4]	False
30	exact3tag	radial_mass__category__plus_ht_candidate_jets	ht_candidate_jets	183.85602951049802	3	[0,1,2]	True
30	exact3tag	radial_mass__category__plus_ht_candidate_jets	r_hh_125_125	36.84943619506817	3	[0,1,2]	True
30	ge4tag	asymmetric_rectangular_mass__category__mass_only	abs_mbb1_minus_125	22.309260997915377	3	[1,3,4]	False
30	ge4tag	asymmetric_rectangular_mass__category__mass_only	abs_mbb2_minus_125	43.936944244856086	3	[1,3,4]	False
31	exact3tag	radial_mass__category__plus_ht_candidate_jets	ht_candidate_jets	181.30421066284177	2	[2,3]	True
31	exact3tag	radial_mass__category__plus_ht_candidate_jets	r_hh_125_125	36.99236457125281	2	[2,3]	True
31	ge4tag	radial_mass__category__plus_ht_candidate_jets	ht_candidate_jets	185.18201065063474	1	[1]	False
31	ge4tag	radial_mass__category__plus_ht_candidate_jets	r_hh_125_125	34.43870271951907	1	[1]	False
32	exact3tag	asymmetric_rectangular_mass__category__plus_h2_pt	abs_mbb1_minus_125	18.98987202585585	1	[4]	False
32	exact3tag	asymmetric_rectangular_mass__category__plus_h2_pt	abs_mbb2_minus_125	799.3848101219526	1	[4]	False
32	exact3tag	asymmetric_rectangular_mass__category__plus_h2_pt	h2_pt	0.9204909886887173	1	[4]	False
32	ge4tag	asymmetric_rectangular_mass__category__mass_only	abs_mbb1_minus_125	21.471717136902104	1	[4]	False
32	ge4tag	asymmetric_rectangular_mass__category__mass_only	abs_mbb2_minus_125	47.040979139844474	1	[4]	False
33	exact3tag	asymmetric_rectangular_mass__category__plus_max_drbb	abs_mbb1_minus_125	30.968515119575006	2	[0,3]	False
33	exact3tag	asymmetric_rectangular_mass__category__plus_max_drbb	abs_mbb2_minus_125	121.51940713173634	2	[0,3]	False
33	exact3tag	asymmetric_rectangular_mass__category__plus_max_drbb	max_drbb	3.010391596620407	2	[0,3]	False
33	ge4tag	asymmetric_rectangular_mass__category__mass_only	abs_mbb1_minus_125	22.477241588179428	1	[0]	False
33	ge4tag	asymmetric_rectangular_mass__category__mass_only	abs_mbb2_minus_125	43.480335964810315	1	[0]	False
34	exact3tag	asymmetric_rectangular_mass__category__plus_ht_candidate_jets	abs_mbb1_minus_125	19.007874619380292	3	[2,3,4]	False
34	exact3tag	asymmetric_rectangular_mass__category__plus_ht_candidate_jets	abs_mbb2_minus_125	647.5550423596388	3	[2,3,4]	False
34	exact3tag	asymmetric_rectangular_mass__category__plus_ht_candidate_jets	ht_candidate_jets	140.44009780883786	3	[2,3,4]	False
34	ge4tag	asymmetric_rectangular_mass__category__plus_max_drbb	abs_mbb1_minus_125	31.65712562409978	1	[4]	False
34	ge4tag	asymmetric_rectangular_mass__category__plus_max_drbb	abs_mbb2_minus_125	65.37139550067374	1	[4]	False
34	ge4tag	asymmetric_rectangular_mass__category__plus_max_drbb	max_drbb	2.8680216728052885	1	[4]	False
35	exact3tag	radial_mass__category__plus_ht_candidate_jets	ht_candidate_jets	176.33173274993894	4	[0,1,3,4]	True
35	exact3tag	radial_mass__category__plus_ht_candidate_jets	r_hh_125_125	36.369112354216995	4	[0,1,3,4]	True
35	ge4tag	asymmetric_rectangular_mass__category__mass_only	abs_mbb1_minus_125	23.57392203083238	1	[2]	False
35	ge4tag	asymmetric_rectangular_mass__category__mass_only	abs_mbb2_minus_125	40.247792232618	1	[2]	False
36	exact3tag	asymmetric_rectangular_mass__category__plus_ht_candidate_jets	abs_mbb1_minus_125	34.75001229598888	2	[1,2]	False
36	exact3tag	asymmetric_rectangular_mass__category__plus_ht_candidate_jets	abs_mbb2_minus_125	616.408156385287	2	[1,2]	False
36	exact3tag	asymmetric_rectangular_mass__category__plus_ht_candidate_jets	ht_candidate_jets	181.2102708816528	2	[1,2]	False
36	ge4tag	radial_mass__category__plus_ht_candidate_jets_and_max_drbb	ht_candidate_jets	188.00949096679685	2	[0,1]	False
36	ge4tag	radial_mass__category__plus_ht_candidate_jets_and_max_drbb	max_drbb	3.0316614968070996	2	[0,1]	False
36	ge4tag	radial_mass__category__plus_ht_candidate_jets_and_max_drbb	r_hh_125_125	41.220699567087244	2	[0,1]	False
37	exact3tag	asymmetric_rectangular_mass__category__plus_ht_candidate_jets	abs_mbb1_minus_125	30.639740668887818	2	[0,1]	False
37	exact3tag	asymmetric_rectangular_mass__category__plus_ht_candidate_jets	abs_mbb2_minus_125	620.0904515815079	2	[0,1]	False
37	exact3tag	asymmetric_rectangular_mass__category__plus_ht_candidate_jets	ht_candidate_jets	182.34703350067136	2	[0,1]	False
37	ge4tag	radial_mass__category__plus_ht_candidate_jets	ht_candidate_jets	187.72199821472165	2	[0,3]	False
37	ge4tag	radial_mass__category__plus_ht_candidate_jets	r_hh_125_125	34.643126013389605	2	[0,3]	False
38	exact3tag	symmetric_rectangular_mass__category__plus_ht_candidate_jets	ht_candidate_jets	180.55701541900632	2	[3,4]	False
38	exact3tag	symmetric_rectangular_mass__category__plus_ht_candidate_jets	max_abs_mbb_minus_125	33.62313909666152	2	[3,4]	False
38	ge4tag	radial_mass__category__plus_ht_candidate_jets_and_max_drbb	ht_candidate_jets	194.64492607116696	2	[1,4]	False
38	ge4tag	radial_mass__category__plus_ht_candidate_jets_and_max_drbb	max_drbb	3.0463967791496964	2	[1,4]	False
38	ge4tag	radial_mass__category__plus_ht_candidate_jets_and_max_drbb	r_hh_125_125	41.691106520876836	2	[1,4]	False
39	exact3tag	asymmetric_rectangular_mass__category__plus_max_drbb	abs_mbb1_minus_125	19.105613826561846	4	[0,1,2,4]	False
39	exact3tag	asymmetric_rectangular_mass__category__plus_max_drbb	abs_mbb2_minus_125	936.5413130994757	4	[0,1,2,4]	False
39	exact3tag	asymmetric_rectangular_mass__category__plus_max_drbb	max_drbb	4.801815873002647	4	[0,1,2,4]	False
39	ge4tag	asymmetric_rectangular_mass__category__plus_max_drbb	abs_mbb1_minus_125	26.890470596892005	2	[0,1]	False
39	ge4tag	asymmetric_rectangular_mass__category__plus_max_drbb	abs_mbb2_minus_125	105.25201808897353	2	[0,1]	False
39	ge4tag	asymmetric_rectangular_mass__category__plus_max_drbb	max_drbb	2.9359739516838412	2	[0,1]	False
40	exact3tag	asymmetric_rectangular_mass__category__plus_h2_pt	abs_mbb1_minus_125	19.19677785458798	1	[0]	False
40	exact3tag	asymmetric_rectangular_mass__category__plus_h2_pt	abs_mbb2_minus_125	1195.411600407152	1	[0]	False
40	exact3tag	asymmetric_rectangular_mass__category__plus_h2_pt	h2_pt	0.9204909886887173	1	[0]	False
40	ge4tag	radial_mass__category__plus_h2_pt_and_max_drbb	h2_pt	16.594099063209857	3	[0,2,3]	False
40	ge4tag	radial_mass__category__plus_h2_pt_and_max_drbb	max_drbb	3.021653953032353	3	[0,2,3]	False
40	ge4tag	radial_mass__category__plus_h2_pt_and_max_drbb	r_hh_125_125	41.38265210049311	3	[0,2,3]	False
41	exact3tag	radial_mass__category__plus_ht_candidate_jets_and_max_drbb	ht_candidate_jets	148.6804103851318	2	[1,2]	False
41	exact3tag	radial_mass__category__plus_ht_candidate_jets_and_max_drbb	max_drbb	4.110427178177871	2	[1,2]	False
41	exact3tag	radial_mass__category__plus_ht_candidate_jets_and_max_drbb	r_hh_125_125	36.430847730305175	2	[1,2]	False
41	ge4tag	asymmetric_rectangular_mass__category__mass_only	abs_mbb1_minus_125	21.758914210150724	3	[1,2,4]	False
41	ge4tag	asymmetric_rectangular_mass__category__mass_only	abs_mbb2_minus_125	44.37794461136138	3	[1,2,4]	False
42	exact3tag	asymmetric_rectangular_mass__category__mass_only	abs_mbb1_minus_125	25.091340145617924	1	[4]	False
42	exact3tag	asymmetric_rectangular_mass__category__mass_only	abs_mbb2_minus_125	45.336648075087304	1	[4]	False
42	ge4tag	asymmetric_rectangular_mass__category__mass_only	abs_mbb1_minus_125	23.852204294309903	3	[2,3,4]	False
42	ge4tag	asymmetric_rectangular_mass__category__mass_only	abs_mbb2_minus_125	39.230577897980375	3	[2,3,4]	False
43	exact3tag	asymmetric_rectangular_mass__category__plus_abs_h_delta_eta	abs_h_delta_eta	7.76503913004308	2	[0,3]	False
43	exact3tag	asymmetric_rectangular_mass__category__plus_abs_h_delta_eta	abs_mbb1_minus_125	19.173846798754465	2	[0,3]	False
43	exact3tag	asymmetric_rectangular_mass__category__plus_abs_h_delta_eta	abs_mbb2_minus_125	1195.411600407152	2	[0,3]	False
43	ge4tag	radial_mass__category__mass_only	r_hh_125_125	34.066059846816145	2	[3,4]	False
44	exact3tag	asymmetric_rectangular_mass__category__plus_mhh	abs_mbb1_minus_125	19.077533269486384	2	[2,3]	False
44	exact3tag	asymmetric_rectangular_mass__category__plus_mhh	abs_mbb2_minus_125	1195.411600407152	2	[2,3]	False
44	exact3tag	asymmetric_rectangular_mass__category__plus_mhh	mhh	112.31103049494016	2	[2,3]	False
44	ge4tag	asymmetric_rectangular_mass__category__plus_h2_pt	abs_mbb1_minus_125	36.099266570095516	2	[0,2]	False
44	ge4tag	asymmetric_rectangular_mass__category__plus_h2_pt	abs_mbb2_minus_125	40.449950852036295	2	[0,2]	False
44	ge4tag	asymmetric_rectangular_mass__category__plus_h2_pt	h2_pt	30.17830219309422	2	[0,2]	False
45	exact3tag	asymmetric_rectangular_mass__category__plus_abs_h_delta_eta	abs_h_delta_eta	7.576934088635984	2	[3,4]	False
45	exact3tag	asymmetric_rectangular_mass__category__plus_abs_h_delta_eta	abs_mbb1_minus_125	19.551289748803573	2	[3,4]	False
45	exact3tag	asymmetric_rectangular_mass__category__plus_abs_h_delta_eta	abs_mbb2_minus_125	997.3982052645523	2	[3,4]	False
45	ge4tag	radial_mass__category__plus_ht_candidate_jets_and_max_drbb	ht_candidate_jets	196.5163536071777	2	[1,4]	False
45	ge4tag	radial_mass__category__plus_ht_candidate_jets_and_max_drbb	max_drbb	3.0368298816118964	2	[1,4]	False
45	ge4tag	radial_mass__category__plus_ht_candidate_jets_and_max_drbb	r_hh_125_125	41.666888104979776	2	[1,4]	False
46	exact3tag	asymmetric_rectangular_mass__category__plus_abs_h_delta_eta	abs_h_delta_eta	7.76503913004308	1	[1]	False
46	exact3tag	asymmetric_rectangular_mass__category__plus_abs_h_delta_eta	abs_mbb1_minus_125	18.94078306766531	1	[1]	False
46	exact3tag	asymmetric_rectangular_mass__category__plus_abs_h_delta_eta	abs_mbb2_minus_125	1195.411600407152	1	[1]	False
46	ge4tag	radial_mass__category__plus_ht_candidate_jets	ht_candidate_jets	190.55060005187985	2	[3,4]	False
46	ge4tag	radial_mass__category__plus_ht_candidate_jets	r_hh_125_125	34.97895320541261	2	[3,4]	False
47	exact3tag	asymmetric_rectangular_mass__category__plus_ht_candidate_jets	abs_mbb1_minus_125	19.071932099644496	2	[1,3]	False
47	exact3tag	asymmetric_rectangular_mass__category__plus_ht_candidate_jets	abs_mbb2_minus_125	675.8278495191007	2	[1,3]	False
47	exact3tag	asymmetric_rectangular_mass__category__plus_ht_candidate_jets	ht_candidate_jets	141.077446937561	2	[1,3]	False
47	ge4tag	asymmetric_rectangular_mass__category__plus_h2_pt	abs_mbb1_minus_125	35.54003581934807	1	[0]	False
47	ge4tag	asymmetric_rectangular_mass__category__plus_h2_pt	abs_mbb2_minus_125	42.68328560385215	1	[0]	False
47	ge4tag	asymmetric_rectangular_mass__category__plus_h2_pt	h2_pt	32.66001205403698	1	[0]	False
48	exact3tag	asymmetric_rectangular_mass__category__plus_h2_pt	abs_mbb1_minus_125	18.63100969747258	1	[0]	False
48	exact3tag	asymmetric_rectangular_mass__category__plus_h2_pt	abs_mbb2_minus_125	799.3848101219526	1	[0]	False
48	exact3tag	asymmetric_rectangular_mass__category__plus_h2_pt	h2_pt	0.37309395234862586	1	[0]	False
48	ge4tag	radial_mass__category__plus_h2_pt	h2_pt	1.49207262902118	1	[0]	False
48	ge4tag	radial_mass__category__plus_h2_pt	r_hh_125_125	33.92793623151421	1	[0]	False
49	exact3tag	asymmetric_rectangular_mass__category__plus_max_drbb	abs_mbb1_minus_125	19.292604921242916	3	[0,1,4]	False
49	exact3tag	asymmetric_rectangular_mass__category__plus_max_drbb	abs_mbb2_minus_125	799.3848101219526	3	[0,1,4]	False
49	exact3tag	asymmetric_rectangular_mass__category__plus_max_drbb	max_drbb	4.7566199587174705	3	[0,1,4]	False
49	ge4tag	asymmetric_rectangular_mass__category__mass_only	abs_mbb1_minus_125	21.65739363097342	1	[1]	False
49	ge4tag	asymmetric_rectangular_mass__category__mass_only	abs_mbb2_minus_125	44.73684523066283	1	[1]	False
50	exact3tag	asymmetric_rectangular_mass__category__plus_abs_h_delta_eta	abs_h_delta_eta	7.463296051007061	1	[4]	False
50	exact3tag	asymmetric_rectangular_mass__category__plus_abs_h_delta_eta	abs_mbb1_minus_125	18.48737291975657	1	[4]	False
50	exact3tag	asymmetric_rectangular_mass__category__plus_abs_h_delta_eta	abs_mbb2_minus_125	799.3848101219526	1	[4]	False
50	ge4tag	radial_mass__category__plus_ht_candidate_jets	ht_candidate_jets	195.11714172363278	2	[1,2]	False
50	ge4tag	radial_mass__category__plus_ht_candidate_jets	r_hh_125_125	34.32616773799315	2	[1,2]	False
51	exact3tag	radial_mass__category__plus_mhh_and_abs_h_delta_eta	abs_h_delta_eta	7.661710225732472	2	[0,1]	False
51	exact3tag	radial_mass__category__plus_mhh_and_abs_h_delta_eta	mhh	204.1332750114455	2	[0,1]	False
51	exact3tag	radial_mass__category__plus_mhh_and_abs_h_delta_eta	r_hh_125_125	35.94991616535918	2	[0,1]	False
51	ge4tag	radial_mass__category__mass_only	r_hh_125_125	33.89555159812822	1	[1]	False
52	exact3tag	symmetric_rectangular_mass__category__plus_max_drbb	max_abs_mbb_minus_125	35.79099181399053	2	[1,3]	False
52	exact3tag	symmetric_rectangular_mass__category__plus_max_drbb	max_drbb	3.2406056193335124	2	[1,3]	False
52	ge4tag	radial_mass__category__mass_only	r_hh_125_125	33.84093263336256	2	[0,3]	False
53	exact3tag	asymmetric_rectangular_mass__category__plus_max_drbb	abs_mbb1_minus_125	19.285703926913914	2	[1,3]	False
53	exact3tag	asymmetric_rectangular_mass__category__plus_max_drbb	abs_mbb2_minus_125	1195.411600407152	2	[1,3]	False
53	exact3tag	asymmetric_rectangular_mass__category__plus_max_drbb	max_drbb	4.801815873002647	2	[1,3]	False
53	ge4tag	radial_mass__category__plus_ht_candidate_jets_and_max_drbb	ht_candidate_jets	194.1827354431152	2	[1,2]	False
53	ge4tag	radial_mass__category__plus_ht_candidate_jets_and_max_drbb	max_drbb	3.048305994220785	2	[1,2]	False
53	ge4tag	radial_mass__category__plus_ht_candidate_jets_and_max_drbb	r_hh_125_125	41.47198071585597	2	[1,2]	False
54	exact3tag	asymmetric_rectangular_mass__category__plus_max_drbb	abs_mbb1_minus_125	30.33974987016615	3	[0,1,4]	False
54	exact3tag	asymmetric_rectangular_mass__category__plus_max_drbb	abs_mbb2_minus_125	127.06278619673138	3	[0,1,4]	False
54	exact3tag	asymmetric_rectangular_mass__category__plus_max_drbb	max_drbb	3.0204400061343937	3	[0,1,4]	False
54	ge4tag	radial_mass__category__mass_only	r_hh_125_125	34.13037225951683	1	[1]	False
55	exact3tag	asymmetric_rectangular_mass__category__mass_only	abs_mbb1_minus_125	23.968456183404147	1	[0]	False
55	exact3tag	asymmetric_rectangular_mass__category__mass_only	abs_mbb2_minus_125	45.16321116849307	1	[0]	False
55	ge4tag	asymmetric_rectangular_mass__category__mass_only	abs_mbb1_minus_125	23.294526795216914	3	[0,2,3]	False
55	ge4tag	asymmetric_rectangular_mass__category__mass_only	abs_mbb2_minus_125	42.53825474750685	3	[0,2,3]	False
56	exact3tag	symmetric_rectangular_mass__category__plus_ht_candidate_jets	ht_candidate_jets	184.70458412170407	2	[1,3]	False
56	exact3tag	symmetric_rectangular_mass__category__plus_ht_candidate_jets	max_abs_mbb_minus_125	33.53628202872988	2	[1,3]	False
56	ge4tag	asymmetric_rectangular_mass__category__plus_max_drbb	abs_mbb1_minus_125	28.314816458508563	1	[3]	False
56	ge4tag	asymmetric_rectangular_mass__category__plus_max_drbb	abs_mbb2_minus_125	90.27522102306426	1	[3]	False
56	ge4tag	asymmetric_rectangular_mass__category__plus_max_drbb	max_drbb	2.911592332414601	1	[3]	False
57	exact3tag	asymmetric_rectangular_mass__category__plus_max_drbb	abs_mbb1_minus_125	24.59808596294572	2	[0,4]	False
57	exact3tag	asymmetric_rectangular_mass__category__plus_max_drbb	abs_mbb2_minus_125	455.6821805554314	2	[0,4]	False
57	exact3tag	asymmetric_rectangular_mass__category__plus_max_drbb	max_drbb	3.9319083759306674	2	[0,4]	False
57	ge4tag	radial_mass__category__plus_ht_candidate_jets_and_max_drbb	ht_candidate_jets	195.29268264770505	2	[1,4]	False
57	ge4tag	radial_mass__category__plus_ht_candidate_jets_and_max_drbb	max_drbb	3.0486420692489333	2	[1,4]	False
57	ge4tag	radial_mass__category__plus_ht_candidate_jets_and_max_drbb	r_hh_125_125	40.992675432884816	2	[1,4]	False
58	exact3tag	asymmetric_rectangular_mass__category__plus_max_drbb	abs_mbb1_minus_125	24.957431297509263	2	[0,1]	False
58	exact3tag	asymmetric_rectangular_mass__category__plus_max_drbb	abs_mbb2_minus_125	656.591501021677	2	[0,1]	False
58	exact3tag	asymmetric_rectangular_mass__category__plus_max_drbb	max_drbb	3.888841760605863	2	[0,1]	False
58	ge4tag	radial_mass__category__plus_ht_candidate_jets_and_max_drbb	ht_candidate_jets	186.52588272094724	3	[1,3,4]	False
58	ge4tag	radial_mass__category__plus_ht_candidate_jets_and_max_drbb	max_drbb	3.033767595370178	3	[1,3,4]	False
58	ge4tag	radial_mass__category__plus_ht_candidate_jets_and_max_drbb	r_hh_125_125	41.28811937890016	3	[1,3,4]	False
59	exact3tag	asymmetric_rectangular_mass__category__plus_ht_candidate_jets	abs_mbb1_minus_125	47.28657010929002	3	[0,1,4]	False
59	exact3tag	asymmetric_rectangular_mass__category__plus_ht_candidate_jets	abs_mbb2_minus_125	41.26006870655548	3	[0,1,4]	False
59	exact3tag	asymmetric_rectangular_mass__category__plus_ht_candidate_jets	ht_candidate_jets	225.42560958862302	3	[0,1,4]	False
59	ge4tag	asymmetric_rectangular_mass__category__plus_max_drbb	abs_mbb1_minus_125	27.856329540827037	1	[0]	False
59	ge4tag	asymmetric_rectangular_mass__category__plus_max_drbb	abs_mbb2_minus_125	91.97474337477489	1	[0]	False
59	ge4tag	asymmetric_rectangular_mass__category__plus_max_drbb	max_drbb	2.9230189556642006	1	[0]	False
60	exact3tag	asymmetric_rectangular_mass__category__plus_ht_candidate_jets	abs_mbb1_minus_125	19.186738866112382	1	[1]	False
60	exact3tag	asymmetric_rectangular_mass__category__plus_ht_candidate_jets	abs_mbb2_minus_125	677.6710257917994	1	[1]	False
60	exact3tag	asymmetric_rectangular_mass__category__plus_ht_candidate_jets	ht_candidate_jets	140.44009780883786	1	[1]	False
60	ge4tag	asymmetric_rectangular_mass__category__plus_ht_candidate_jets	abs_mbb1_minus_125	36.265584420956195	1	[2]	False
60	ge4tag	asymmetric_rectangular_mass__category__plus_ht_candidate_jets	abs_mbb2_minus_125	30.272313420677296	1	[2]	False
60	ge4tag	asymmetric_rectangular_mass__category__plus_ht_candidate_jets	ht_candidate_jets	198.7765385508537	1	[2]	False
61	exact3tag	symmetric_rectangular_mass__category__plus_ht_candidate_jets	ht_candidate_jets	178.59275233745572	3	[0,1,2]	False
61	exact3tag	symmetric_rectangular_mass__category__plus_ht_candidate_jets	max_abs_mbb_minus_125	33.6667177330686	3	[0,1,2]	False
61	ge4tag	symmetric_rectangular_mass__category__plus_ht_candidate_jets_and_max_drbb	ht_candidate_jets	178.4816036224365	2	[0,3]	False
61	ge4tag	symmetric_rectangular_mass__category__plus_ht_candidate_jets_and_max_drbb	max_abs_mbb_minus_125	34.08618355262183	2	[0,3]	False
61	ge4tag	symmetric_rectangular_mass__category__plus_ht_candidate_jets_and_max_drbb	max_drbb	3.558925188452093	2	[0,3]	False
62	exact3tag	asymmetric_rectangular_mass__category__plus_abs_h_delta_eta	abs_h_delta_eta	7.189707476782597	2	[0,3]	False
62	exact3tag	asymmetric_rectangular_mass__category__plus_abs_h_delta_eta	abs_mbb1_minus_125	18.774566248574953	2	[0,3]	False
62	exact3tag	asymmetric_rectangular_mass__category__plus_abs_h_delta_eta	abs_mbb2_minus_125	711.7937275383631	2	[0,3]	False
62	ge4tag	asymmetric_rectangular_mass__category__plus_mhh	abs_mbb1_minus_125	39.63021796441494	2	[0,4]	False
62	ge4tag	asymmetric_rectangular_mass__category__plus_mhh	abs_mbb2_minus_125	29.44852007638214	2	[0,4]	False
62	ge4tag	asymmetric_rectangular_mass__category__plus_mhh	mhh	235.99690240950804	2	[0,4]	False
63	exact3tag	asymmetric_rectangular_mass__category__plus_max_drbb	abs_mbb1_minus_125	18.955454557801634	2	[0,1]	False
63	exact3tag	asymmetric_rectangular_mass__category__plus_max_drbb	abs_mbb2_minus_125	694.7323766650812	2	[0,1]	False
63	exact3tag	asymmetric_rectangular_mass__category__plus_max_drbb	max_drbb	4.7694525130886865	2	[0,1]	False
63	ge4tag	asymmetric_rectangular_mass__category__mass_only	abs_mbb1_minus_125	21.489100346678082	2	[2,3]	False
63	ge4tag	asymmetric_rectangular_mass__category__mass_only	abs_mbb2_minus_125	44.55822761567856	2	[2,3]	False
64	exact3tag	radial_mass__category__plus_mhh_and_abs_h_delta_eta	abs_h_delta_eta	7.746486362828959	2	[0,4]	False
64	exact3tag	radial_mass__category__plus_mhh_and_abs_h_delta_eta	mhh	205.8986731509402	2	[0,4]	False
64	exact3tag	radial_mass__category__plus_mhh_and_abs_h_delta_eta	r_hh_125_125	35.67090896697686	2	[0,4]	False
64	ge4tag	radial_mass__category__mass_only	r_hh_125_125	34.028724820560704	1	[4]	False
65	exact3tag	asymmetric_rectangular_mass__category__mass_only	abs_mbb1_minus_125	24.729748389081482	1	[2]	False
65	exact3tag	asymmetric_rectangular_mass__category__mass_only	abs_mbb2_minus_125	45.33721014380961	1	[2]	False
65	ge4tag	asymmetric_rectangular_mass__category__mass_only	abs_mbb1_minus_125	25.492256732505954	1	[0]	False
65	ge4tag	asymmetric_rectangular_mass__category__mass_only	abs_mbb2_minus_125	36.40365061743987	1	[0]	False
66	exact3tag	asymmetric_rectangular_mass__category__plus_ht_candidate_jets	abs_mbb1_minus_125	19.200271288190745	2	[2,4]	False
66	exact3tag	asymmetric_rectangular_mass__category__plus_ht_candidate_jets	abs_mbb2_minus_125	997.3982052645523	2	[2,4]	False
66	exact3tag	asymmetric_rectangular_mass__category__plus_ht_candidate_jets	ht_candidate_jets	140.46144676208493	2	[2,4]	False
66	ge4tag	asymmetric_rectangular_mass__category__mass_only	abs_mbb1_minus_125	21.65739363097342	1	[1]	False
66	ge4tag	asymmetric_rectangular_mass__category__mass_only	abs_mbb2_minus_125	43.050574634548575	1	[1]	False
67	exact3tag	asymmetric_rectangular_mass__category__plus_abs_h_delta_eta	abs_h_delta_eta	7.520115069821523	2	[0,3]	False
67	exact3tag	asymmetric_rectangular_mass__category__plus_abs_h_delta_eta	abs_mbb1_minus_125	19.20650968195177	2	[0,3]	False
67	exact3tag	asymmetric_rectangular_mass__category__plus_abs_h_delta_eta	abs_mbb2_minus_125	723.4699262407958	2	[0,3]	False
67	ge4tag	asymmetric_rectangular_mass__category__mass_only	abs_mbb1_minus_125	21.785751364067313	3	[1,2,4]	False
67	ge4tag	asymmetric_rectangular_mass__category__mass_only	abs_mbb2_minus_125	45.741678503642596	3	[1,2,4]	False
68	exact3tag	asymmetric_rectangular_mass__category__mass_only	abs_mbb1_minus_125	29.266988477484094	1	[4]	False
68	exact3tag	asymmetric_rectangular_mass__category__mass_only	abs_mbb2_minus_125	35.81125260016399	1	[4]	False
68	ge4tag	asymmetric_rectangular_mass__category__plus_max_drbb	abs_mbb1_minus_125	27.165594509817726	2	[0,4]	False
68	ge4tag	asymmetric_rectangular_mass__category__plus_max_drbb	abs_mbb2_minus_125	86.61933406208328	2	[0,4]	False
68	ge4tag	asymmetric_rectangular_mass__category__plus_max_drbb	max_drbb	2.9390881762289776	2	[0,4]	False
69	exact3tag	asymmetric_rectangular_mass__category__plus_mhh	abs_mbb1_minus_125	19.45340874392608	2	[2,3]	False
69	exact3tag	asymmetric_rectangular_mass__category__plus_mhh	abs_mbb2_minus_125	799.3848101219526	2	[2,3]	False
69	exact3tag	asymmetric_rectangular_mass__category__plus_mhh	mhh	183.84982318058488	2	[2,3]	False
69	ge4tag	asymmetric_rectangular_mass__category__plus_max_drbb	abs_mbb1_minus_125	30.46627571776201	2	[0,3]	False
69	ge4tag	asymmetric_rectangular_mass__category__plus_max_drbb	abs_mbb2_minus_125	72.06445382890465	2	[0,3]	False
69	ge4tag	asymmetric_rectangular_mass__category__plus_max_drbb	max_drbb	2.911350304615725	2	[0,3]	False
70	exact3tag	asymmetric_rectangular_mass__category__plus_ht_candidate_jets	abs_mbb1_minus_125	19.23318488003571	3	[2,3,4]	False
70	exact3tag	asymmetric_rectangular_mass__category__plus_ht_candidate_jets	abs_mbb2_minus_125	677.6710257917994	3	[2,3,4]	False
70	exact3tag	asymmetric_rectangular_mass__category__plus_ht_candidate_jets	ht_candidate_jets	140.44009780883786	3	[2,3,4]	False
70	ge4tag	asymmetric_rectangular_mass__category__plus_h2_pt_and_max_drbb	abs_mbb1_minus_125	49.699232526825845	1	[4]	False
70	ge4tag	asymmetric_rectangular_mass__category__plus_h2_pt_and_max_drbb	abs_mbb2_minus_125	40.296502270162655	1	[4]	False
70	ge4tag	asymmetric_rectangular_mass__category__plus_h2_pt_and_max_drbb	h2_pt	29.801700687033463	1	[4]	False
70	ge4tag	asymmetric_rectangular_mass__category__plus_h2_pt_and_max_drbb	max_drbb	2.9972121924685897	1	[4]	False
71	exact3tag	radial_mass__category__plus_ht_candidate_jets	ht_candidate_jets	176.2462246417999	2	[0,4]	True
71	exact3tag	radial_mass__category__plus_ht_candidate_jets	r_hh_125_125	36.24595086716994	2	[0,4]	True
71	ge4tag	radial_mass__category__plus_ht_candidate_jets_and_max_drbb	ht_candidate_jets	194.61551380157468	4	[0,1,3,4]	False
71	ge4tag	radial_mass__category__plus_ht_candidate_jets_and_max_drbb	max_drbb	3.0373625441707377	4	[0,1,3,4]	False
71	ge4tag	radial_mass__category__plus_ht_candidate_jets_and_max_drbb	r_hh_125_125	41.40639984598707	4	[0,1,3,4]	False
72	exact3tag	asymmetric_rectangular_mass__category__plus_mhh	abs_mbb1_minus_125	19.065800253919637	1	[1]	False
72	exact3tag	asymmetric_rectangular_mass__category__plus_mhh	abs_mbb2_minus_125	1195.411600407152	1	[1]	False
72	exact3tag	asymmetric_rectangular_mass__category__plus_mhh	mhh	182.90688245346527	1	[1]	False
72	ge4tag	asymmetric_rectangular_mass__category__plus_ht_candidate_jets	abs_mbb1_minus_125	31.82320612915338	1	[2]	False
72	ge4tag	asymmetric_rectangular_mass__category__plus_ht_candidate_jets	abs_mbb2_minus_125	43.81883107562427	1	[2]	False
72	ge4tag	asymmetric_rectangular_mass__category__plus_ht_candidate_jets	ht_candidate_jets	223.1165504455566	1	[2]	False
73	exact3tag	asymmetric_rectangular_mass__category__plus_abs_h_delta_eta	abs_h_delta_eta	7.463296051007061	1	[4]	False
73	exact3tag	asymmetric_rectangular_mass__category__plus_abs_h_delta_eta	abs_mbb1_minus_125	19.00277790220696	1	[4]	False
73	exact3tag	asymmetric_rectangular_mass__category__plus_abs_h_delta_eta	abs_mbb2_minus_125	799.3848101219526	1	[4]	False
73	ge4tag	asymmetric_rectangular_mass__category__plus_max_drbb	abs_mbb1_minus_125	26.687823415657864	1	[4]	False
73	ge4tag	asymmetric_rectangular_mass__category__plus_max_drbb	abs_mbb2_minus_125	115.43514664862478	1	[4]	False
73	ge4tag	asymmetric_rectangular_mass__category__plus_max_drbb	max_drbb	2.9576400093266453	1	[4]	False
74	exact3tag	radial_mass__category__mass_only	r_hh_125_125	36.00337190571551	2	[0,3]	False
74	ge4tag	asymmetric_rectangular_mass__category__mass_only	abs_mbb1_minus_125	23.046075250308906	2	[2,4]	False
74	ge4tag	asymmetric_rectangular_mass__category__mass_only	abs_mbb2_minus_125	41.73458901607595	2	[2,4]	False
75	exact3tag	asymmetric_rectangular_mass__category__plus_max_drbb	abs_mbb1_minus_125	30.810964165039426	3	[1,3,4]	False
75	exact3tag	asymmetric_rectangular_mass__category__plus_max_drbb	abs_mbb2_minus_125	125.9148960511893	3	[1,3,4]	False
75	exact3tag	asymmetric_rectangular_mass__category__plus_max_drbb	max_drbb	3.0148007071254495	3	[1,3,4]	False
75	ge4tag	asymmetric_rectangular_mass__category__mass_only	abs_mbb1_minus_125	21.26306403139751	1	[2]	False
75	ge4tag	asymmetric_rectangular_mass__category__mass_only	abs_mbb2_minus_125	46.34203821776996	1	[2]	False
76	exact3tag	asymmetric_rectangular_mass__category__plus_ht_candidate_jets	abs_mbb1_minus_125	47.62922395469372	3	[0,1,3]	False
76	exact3tag	asymmetric_rectangular_mass__category__plus_ht_candidate_jets	abs_mbb2_minus_125	44.80666280511662	3	[0,1,3]	False
76	exact3tag	asymmetric_rectangular_mass__category__plus_ht_candidate_jets	ht_candidate_jets	225.19519424438474	3	[0,1,3]	False
76	ge4tag	radial_mass__category__plus_abs_h_delta_eta	abs_h_delta_eta	4.070046192120417	3	[0,2,3]	False
76	ge4tag	radial_mass__category__plus_abs_h_delta_eta	r_hh_125_125	35.51568574008464	3	[0,2,3]	False
77	exact3tag	radial_mass__category__mass_only	r_hh_125_125	35.56287607285383	2	[0,4]	False
77	ge4tag	radial_mass__category__plus_ht_candidate_jets_and_max_drbb	ht_candidate_jets	187.49872815608975	2	[1,3]	False
77	ge4tag	radial_mass__category__plus_ht_candidate_jets_and_max_drbb	max_drbb	3.0290086723702294	2	[1,3]	False
77	ge4tag	radial_mass__category__plus_ht_candidate_jets_and_max_drbb	r_hh_125_125	40.82097595888339	2	[1,3]	False
78	exact3tag	radial_mass__category__plus_ht_candidate_jets	ht_candidate_jets	176.10147285461423	2	[1,3]	True
78	exact3tag	radial_mass__category__plus_ht_candidate_jets	r_hh_125_125	36.63950933628577	2	[1,3]	True
78	ge4tag	radial_mass__category__plus_ht_candidate_jets	ht_candidate_jets	187.84188079833982	2	[0,3]	False
78	ge4tag	radial_mass__category__plus_ht_candidate_jets	r_hh_125_125	34.41784830911328	2	[0,3]	False
79	exact3tag	asymmetric_rectangular_mass__category__plus_abs_h_delta_eta	abs_h_delta_eta	7.463296051007061	2	[0,4]	False
79	exact3tag	asymmetric_rectangular_mass__category__plus_abs_h_delta_eta	abs_mbb1_minus_125	19.266168763164	2	[0,4]	False
79	exact3tag	asymmetric_rectangular_mass__category__plus_abs_h_delta_eta	abs_mbb2_minus_125	799.3848101219526	2	[0,4]	False
79	ge4tag	asymmetric_rectangular_mass__category__mass_only	abs_mbb1_minus_125	24.38541324482988	1	[4]	False
79	ge4tag	asymmetric_rectangular_mass__category__mass_only	abs_mbb2_minus_125	39.402433040080545	1	[4]	False
80	exact3tag	asymmetric_rectangular_mass__category__plus_abs_h_delta_eta	abs_h_delta_eta	7.76503913004308	2	[2,3]	False
80	exact3tag	asymmetric_rectangular_mass__category__plus_abs_h_delta_eta	abs_mbb1_minus_125	19.088864019998223	2	[2,3]	False
80	exact3tag	asymmetric_rectangular_mass__category__plus_abs_h_delta_eta	abs_mbb2_minus_125	997.3982052645523	2	[2,3]	False
80	ge4tag	radial_mass__category__plus_h2_pt	h2_pt	15.522466426605845	2	[0,4]	False
80	ge4tag	radial_mass__category__plus_h2_pt	r_hh_125_125	35.847033429051095	2	[0,4]	False
81	exact3tag	radial_mass__category__plus_ht_candidate_jets	ht_candidate_jets	185.78400409221646	2	[0,4]	True
81	exact3tag	radial_mass__category__plus_ht_candidate_jets	r_hh_125_125	36.73817776145448	2	[0,4]	True
81	ge4tag	asymmetric_rectangular_mass__category__mass_only	abs_mbb1_minus_125	21.891867146240973	3	[0,2,4]	False
81	ge4tag	asymmetric_rectangular_mass__category__mass_only	abs_mbb2_minus_125	45.32554946892015	3	[0,2,4]	False
82	exact3tag	asymmetric_rectangular_mass__category__plus_ht_candidate_jets_and_max_drbb	abs_mbb1_minus_125	18.977714213113888	1	[2]	False
82	exact3tag	asymmetric_rectangular_mass__category__plus_ht_candidate_jets_and_max_drbb	abs_mbb2_minus_125	1195.411600407152	1	[2]	False
82	exact3tag	asymmetric_rectangular_mass__category__plus_ht_candidate_jets_and_max_drbb	ht_candidate_jets	139.02018547058103	1	[2]	False
82	exact3tag	asymmetric_rectangular_mass__category__plus_ht_candidate_jets_and_max_drbb	max_drbb	4.8368026200013245	1	[2]	False
82	ge4tag	symmetric_rectangular_mass__category__plus_ht_candidate_jets	ht_candidate_jets	197.62882423400876	2	[1,3]	False
82	ge4tag	symmetric_rectangular_mass__category__plus_ht_candidate_jets	max_abs_mbb_minus_125	32.274729456259465	2	[1,3]	False
83	exact3tag	asymmetric_rectangular_mass__category__plus_max_drbb	abs_mbb1_minus_125	25.131004708271615	2	[1,2]	False
83	exact3tag	asymmetric_rectangular_mass__category__plus_max_drbb	abs_mbb2_minus_125	416.2570546312637	2	[1,2]	False
83	exact3tag	asymmetric_rectangular_mass__category__plus_max_drbb	max_drbb	3.860402729003036	2	[1,2]	False
83	ge4tag	asymmetric_rectangular_mass__category__plus_mhh_and_abs_h_delta_eta	abs_h_delta_eta	6.487932728452392	2	[2,3]	False
83	ge4tag	asymmetric_rectangular_mass__category__plus_mhh_and_abs_h_delta_eta	abs_mbb1_minus_125	17.542393171340134	2	[2,3]	False
83	ge4tag	asymmetric_rectangular_mass__category__plus_mhh_and_abs_h_delta_eta	abs_mbb2_minus_125	633.5456764430767	2	[2,3]	False
83	ge4tag	asymmetric_rectangular_mass__category__plus_mhh_and_abs_h_delta_eta	mhh	177.46477525183303	2	[2,3]	False
84	exact3tag	asymmetric_rectangular_mass__category__plus_h2_pt	abs_mbb1_minus_125	19.158908600530285	1	[3]	False
84	exact3tag	asymmetric_rectangular_mass__category__plus_h2_pt	abs_mbb2_minus_125	711.7937275383631	1	[3]	False
84	exact3tag	asymmetric_rectangular_mass__category__plus_h2_pt	h2_pt	0.37309395234862586	1	[3]	False
84	ge4tag	symmetric_rectangular_mass__category__plus_abs_h_delta_eta	abs_h_delta_eta	3.9736139757079463	3	[0,2,3]	False
84	ge4tag	symmetric_rectangular_mass__category__plus_abs_h_delta_eta	max_abs_mbb_minus_125	32.41097136762631	3	[0,2,3]	False
85	exact3tag	asymmetric_rectangular_mass__category__plus_max_drbb	abs_mbb1_minus_125	24.97853888088846	2	[0,1]	False
85	exact3tag	asymmetric_rectangular_mass__category__plus_max_drbb	abs_mbb2_minus_125	654.5148769396608	2	[0,1]	False
85	exact3tag	asymmetric_rectangular_mass__category__plus_max_drbb	max_drbb	3.8919293093546923	2	[0,1]	False
85	ge4tag	radial_mass__category__mass_only	r_hh_125_125	34.18486048472155	2	[0,4]	False
86	exact3tag	asymmetric_rectangular_mass__category__plus_ht_candidate_jets	abs_mbb1_minus_125	33.586852749762336	2	[2,3]	False
86	exact3tag	asymmetric_rectangular_mass__category__plus_ht_candidate_jets	abs_mbb2_minus_125	618.3049268515846	2	[2,3]	False
86	exact3tag	asymmetric_rectangular_mass__category__plus_ht_candidate_jets	ht_candidate_jets	184.1558570861816	2	[2,3]	False
86	ge4tag	symmetric_rectangular_mass__category__plus_abs_h_delta_eta	abs_h_delta_eta	4.0741320865340604	2	[1,2]	False
86	ge4tag	symmetric_rectangular_mass__category__plus_abs_h_delta_eta	max_abs_mbb_minus_125	31.696514224348686	2	[1,2]	False
87	exact3tag	asymmetric_rectangular_mass__category__plus_max_drbb	abs_mbb1_minus_125	25.07190307754941	2	[1,4]	False
87	exact3tag	asymmetric_rectangular_mass__category__plus_max_drbb	abs_mbb2_minus_125	397.75511784353506	2	[1,4]	False
87	exact3tag	asymmetric_rectangular_mass__category__plus_max_drbb	max_drbb	3.9216197142940894	2	[1,4]	False
87	ge4tag	asymmetric_rectangular_mass__category__mass_only	abs_mbb1_minus_125	22.576609446793444	1	[0]	False
87	ge4tag	asymmetric_rectangular_mass__category__mass_only	abs_mbb2_minus_125	41.83944227889328	1	[0]	False
88	exact3tag	asymmetric_rectangular_mass__category__plus_abs_h_delta_eta	abs_h_delta_eta	7.76503913004308	3	[1,2,3]	False
88	exact3tag	asymmetric_rectangular_mass__category__plus_abs_h_delta_eta	abs_mbb1_minus_125	19.247311706384014	3	[1,2,3]	False
88	exact3tag	asymmetric_rectangular_mass__category__plus_abs_h_delta_eta	abs_mbb2_minus_125	799.3848101219526	3	[1,2,3]	False
88	ge4tag	asymmetric_rectangular_mass__category__plus_ht_candidate_jets	abs_mbb1_minus_125	33.458482980435825	1	[1]	False
88	ge4tag	asymmetric_rectangular_mass__category__plus_ht_candidate_jets	abs_mbb2_minus_125	40.9374989380043	1	[1]	False
88	ge4tag	asymmetric_rectangular_mass__category__plus_ht_candidate_jets	ht_candidate_jets	221.5149281620979	1	[1]	False
89	exact3tag	radial_mass__category__plus_max_drbb	max_drbb	3.208900919043174	2	[2,3]	False
89	exact3tag	radial_mass__category__plus_max_drbb	r_hh_125_125	39.049776878459156	2	[2,3]	False
89	ge4tag	radial_mass__category__plus_ht_candidate_jets	ht_candidate_jets	188.16888999938962	2	[2,3]	False
89	ge4tag	radial_mass__category__plus_ht_candidate_jets	r_hh_125_125	34.798283434396524	2	[2,3]	False
90	exact3tag	asymmetric_rectangular_mass__category__plus_abs_h_delta_eta	abs_h_delta_eta	7.576934088635984	1	[3]	False
90	exact3tag	asymmetric_rectangular_mass__category__plus_abs_h_delta_eta	abs_mbb1_minus_125	19.74422547505289	1	[3]	False
90	exact3tag	asymmetric_rectangular_mass__category__plus_abs_h_delta_eta	abs_mbb2_minus_125	1195.411600407152	1	[3]	False
90	ge4tag	radial_mass__category__mass_only	r_hh_125_125	33.83862329329132	2	[2,3]	False
91	exact3tag	asymmetric_rectangular_mass__category__plus_h2_pt_and_max_drbb	abs_mbb1_minus_125	19.606927946786993	2	[3,4]	False
91	exact3tag	asymmetric_rectangular_mass__category__plus_h2_pt_and_max_drbb	abs_mbb2_minus_125	997.3982052645523	2	[3,4]	False
91	exact3tag	asymmetric_rectangular_mass__category__plus_h2_pt_and_max_drbb	h2_pt	1.046562899346976	2	[3,4]	False
91	exact3tag	asymmetric_rectangular_mass__category__plus_h2_pt_and_max_drbb	max_drbb	4.8368026200013245	2	[3,4]	False
91	ge4tag	radial_mass__category__mass_only	r_hh_125_125	34.06597380444134	2	[0,2]	False
92	exact3tag	asymmetric_rectangular_mass__category__plus_max_drbb	abs_mbb1_minus_125	19.264284936476795	2	[0,2]	False
92	exact3tag	asymmetric_rectangular_mass__category__plus_max_drbb	abs_mbb2_minus_125	1195.411600407152	2	[0,2]	False
92	exact3tag	asymmetric_rectangular_mass__category__plus_max_drbb	max_drbb	4.8368026200013245	2	[0,2]	False
92	ge4tag	radial_mass__category__mass_only	r_hh_125_125	33.87541913448351	2	[1,3]	False
93	exact3tag	asymmetric_rectangular_mass__category__plus_ht_candidate_jets_and_max_drbb	abs_mbb1_minus_125	18.946653246933007	2	[2,3]	False
93	exact3tag	asymmetric_rectangular_mass__category__plus_ht_candidate_jets_and_max_drbb	abs_mbb2_minus_125	1195.411600407152	2	[2,3]	False
93	exact3tag	asymmetric_rectangular_mass__category__plus_ht_candidate_jets_and_max_drbb	ht_candidate_jets	140.44009780883786	2	[2,3]	False
93	exact3tag	asymmetric_rectangular_mass__category__plus_ht_candidate_jets_and_max_drbb	max_drbb	4.766829126003969	2	[2,3]	False
93	ge4tag	symmetric_rectangular_mass__category__plus_abs_h_delta_eta	abs_h_delta_eta	4.355992521628103	2	[0,4]	False
93	ge4tag	symmetric_rectangular_mass__category__plus_abs_h_delta_eta	max_abs_mbb_minus_125	31.347351832215164	2	[0,4]	False
94	exact3tag	symmetric_rectangular_mass__category__plus_ht_candidate_jets	ht_candidate_jets	180.52342605590817	2	[2,4]	False
94	exact3tag	symmetric_rectangular_mass__category__plus_ht_candidate_jets	max_abs_mbb_minus_125	33.73039066778247	2	[2,4]	False
94	ge4tag	asymmetric_rectangular_mass__category__mass_only	abs_mbb1_minus_125	23.22340165962338	1	[3]	False
94	ge4tag	asymmetric_rectangular_mass__category__mass_only	abs_mbb2_minus_125	41.4116056672219	1	[3]	False
95	exact3tag	asymmetric_rectangular_mass__category__plus_h2_pt	abs_mbb1_minus_125	19.097563697690905	1	[4]	False
95	exact3tag	asymmetric_rectangular_mass__category__plus_h2_pt	abs_mbb2_minus_125	799.3848101219526	1	[4]	False
95	exact3tag	asymmetric_rectangular_mass__category__plus_h2_pt	h2_pt	1.1712799416449344	1	[4]	False
95	ge4tag	radial_mass__category__plus_mhh_and_abs_h_delta_eta	abs_h_delta_eta	6.998785436981115	2	[1,3]	True
95	ge4tag	radial_mass__category__plus_mhh_and_abs_h_delta_eta	mhh	211.55339764208227	2	[1,3]	True
95	ge4tag	radial_mass__category__plus_mhh_and_abs_h_delta_eta	r_hh_125_125	33.796129312064906	2	[1,3]	True
96	exact3tag	asymmetric_rectangular_mass__category__plus_max_drbb	abs_mbb1_minus_125	30.904086276202353	3	[1,2,3]	False
96	exact3tag	asymmetric_rectangular_mass__category__plus_max_drbb	abs_mbb2_minus_125	125.10683656071309	3	[1,2,3]	False
96	exact3tag	asymmetric_rectangular_mass__category__plus_max_drbb	max_drbb	3.0042739198543407	3	[1,2,3]	False
96	ge4tag	asymmetric_rectangular_mass__category__plus_ht_candidate_jets	abs_mbb1_minus_125	36.70360447717332	2	[2,3]	False
96	ge4tag	asymmetric_rectangular_mass__category__plus_ht_candidate_jets	abs_mbb2_minus_125	35.78399834346864	2	[2,3]	False
96	ge4tag	asymmetric_rectangular_mass__category__plus_ht_candidate_jets	ht_candidate_jets	212.68537521362302	2	[2,3]	False
97	exact3tag	asymmetric_rectangular_mass__category__plus_h2_pt	abs_mbb1_minus_125	19.149278948263724	2	[3,4]	False
97	exact3tag	asymmetric_rectangular_mass__category__plus_h2_pt	abs_mbb2_minus_125	997.3982052645523	2	[3,4]	False
97	exact3tag	asymmetric_rectangular_mass__category__plus_h2_pt	h2_pt	0.2373932669422844	2	[3,4]	False
97	ge4tag	asymmetric_rectangular_mass__category__mass_only	abs_mbb1_minus_125	23.308982094262692	2	[0,2]	False
97	ge4tag	asymmetric_rectangular_mass__category__mass_only	abs_mbb2_minus_125	42.086505381521924	2	[0,2]	False
98	exact3tag	asymmetric_rectangular_mass__category__plus_max_drbb	abs_mbb1_minus_125	18.841790407068093	1	[0]	False
98	exact3tag	asymmetric_rectangular_mass__category__plus_max_drbb	abs_mbb2_minus_125	1195.411600407152	1	[0]	False
98	exact3tag	asymmetric_rectangular_mass__category__plus_max_drbb	max_drbb	4.766829126003969	1	[0]	False
98	ge4tag	asymmetric_rectangular_mass__category__plus_max_drbb	abs_mbb1_minus_125	29.195819264361038	3	[1,2,3]	False
98	ge4tag	asymmetric_rectangular_mass__category__plus_max_drbb	abs_mbb2_minus_125	90.54384863845846	3	[1,2,3]	False
98	ge4tag	asymmetric_rectangular_mass__category__plus_max_drbb	max_drbb	2.907011818334926	3	[1,2,3]	False
99	exact3tag	radial_mass__category__plus_ht_candidate_jets	ht_candidate_jets	177.39404678344724	4	[0,1,2,3]	True
99	exact3tag	radial_mass__category__plus_ht_candidate_jets	r_hh_125_125	36.456658586447624	4	[0,1,2,3]	True
99	ge4tag	radial_mass__category__plus_ht_candidate_jets	ht_candidate_jets	195.0033493041992	2	[3,4]	False
99	ge4tag	radial_mass__category__plus_ht_candidate_jets	r_hh_125_125	34.78532009811316	2	[3,4]	False
100	exact3tag	asymmetric_rectangular_mass__category__plus_ht_candidate_jets	abs_mbb1_minus_125	45.979341783643854	2	[2,4]	False
100	exact3tag	asymmetric_rectangular_mass__category__plus_ht_candidate_jets	abs_mbb2_minus_125	41.47761160278211	2	[2,4]	False
100	exact3tag	asymmetric_rectangular_mass__category__plus_ht_candidate_jets	ht_candidate_jets	225.15955162048337	2	[2,4]	False
100	ge4tag	radial_mass__category__plus_abs_h_delta_eta	abs_h_delta_eta	4.616919189553428	2	[0,2]	False
100	ge4tag	radial_mass__category__plus_abs_h_delta_eta	r_hh_125_125	34.11730713875183	2	[0,2]	False
101	exact3tag	radial_mass__category__plus_ht_candidate_jets	ht_candidate_jets	184.85591125488278	3	[0,2,4]	True
101	exact3tag	radial_mass__category__plus_ht_candidate_jets	r_hh_125_125	36.90638595739956	3	[0,2,4]	True
101	ge4tag	asymmetric_rectangular_mass__category__plus_h2_pt	abs_mbb1_minus_125	35.36988275944581	1	[0]	False
101	ge4tag	asymmetric_rectangular_mass__category__plus_h2_pt	abs_mbb2_minus_125	41.272625108474266	1	[0]	False
101	ge4tag	asymmetric_rectangular_mass__category__plus_h2_pt	h2_pt	29.749814141429788	1	[0]	False
102	exact3tag	asymmetric_rectangular_mass__category__plus_abs_h_delta_eta	abs_h_delta_eta	7.463296051007061	1	[4]	False
102	exact3tag	asymmetric_rectangular_mass__category__plus_abs_h_delta_eta	abs_mbb1_minus_125	18.964522027702404	1	[4]	False
102	exact3tag	asymmetric_rectangular_mass__category__plus_abs_h_delta_eta	abs_mbb2_minus_125	799.3848101219526	1	[4]	False
102	ge4tag	radial_mass__category__plus_ht_candidate_jets	ht_candidate_jets	191.78736877441403	2	[0,3]	False
102	ge4tag	radial_mass__category__plus_ht_candidate_jets	r_hh_125_125	34.96152562829471	2	[0,3]	False
103	exact3tag	asymmetric_rectangular_mass__category__plus_ht_candidate_jets	abs_mbb1_minus_125	19.17178806949548	1	[2]	False
103	exact3tag	asymmetric_rectangular_mass__category__plus_ht_candidate_jets	abs_mbb2_minus_125	1195.411600407152	1	[2]	False
103	exact3tag	asymmetric_rectangular_mass__category__plus_ht_candidate_jets	ht_candidate_jets	139.02018547058103	1	[2]	False
103	ge4tag	asymmetric_rectangular_mass__category__plus_h2_pt_and_max_drbb	abs_mbb1_minus_125	45.327445386738354	1	[0]	False
103	ge4tag	asymmetric_rectangular_mass__category__plus_h2_pt_and_max_drbb	abs_mbb2_minus_125	39.775710903982706	1	[0]	False
103	ge4tag	asymmetric_rectangular_mass__category__plus_h2_pt_and_max_drbb	h2_pt	28.81946334504393	1	[0]	False
103	ge4tag	asymmetric_rectangular_mass__category__plus_h2_pt_and_max_drbb	max_drbb	3.0187771406354913	1	[0]	False
104	exact3tag	asymmetric_rectangular_mass__category__plus_max_drbb	abs_mbb1_minus_125	31.212110162889676	1	[1]	False
104	exact3tag	asymmetric_rectangular_mass__category__plus_max_drbb	abs_mbb2_minus_125	117.17203982223135	1	[1]	False
104	exact3tag	asymmetric_rectangular_mass__category__plus_max_drbb	max_drbb	3.0125317791369697	1	[1]	False
104	ge4tag	radial_mass__category__plus_mhh	mhh	215.93643192512062	2	[3,4]	False
104	ge4tag	radial_mass__category__plus_mhh	r_hh_125_125	33.98901947965086	2	[3,4]	False
105	exact3tag	radial_mass__category__plus_ht_candidate_jets	ht_candidate_jets	208.2866218090057	2	[0,3]	True
105	exact3tag	radial_mass__category__plus_ht_candidate_jets	r_hh_125_125	43.150250042301316	2	[0,3]	True
105	ge4tag	asymmetric_rectangular_mass__category__plus_ht_candidate_jets	abs_mbb1_minus_125	32.34306966387589	2	[1,4]	False
105	ge4tag	asymmetric_rectangular_mass__category__plus_ht_candidate_jets	abs_mbb2_minus_125	41.5785330409553	2	[1,4]	False
105	ge4tag	asymmetric_rectangular_mass__category__plus_ht_candidate_jets	ht_candidate_jets	221.4858646392822	2	[1,4]	False
106	exact3tag	radial_mass__category__mass_only	r_hh_125_125	36.06240295976316	2	[0,4]	False
106	ge4tag	asymmetric_rectangular_mass__category__mass_only	abs_mbb1_minus_125	21.38146128100991	1	[4]	False
106	ge4tag	asymmetric_rectangular_mass__category__mass_only	abs_mbb2_minus_125	45.32554946892015	1	[4]	False
107	exact3tag	radial_mass__category__plus_ht_candidate_jets	ht_candidate_jets	205.72136855125424	2	[3,4]	True
107	exact3tag	radial_mass__category__plus_ht_candidate_jets	r_hh_125_125	42.05520000222512	2	[3,4]	True
107	ge4tag	radial_mass__category__plus_ht_candidate_jets	ht_candidate_jets	192.09130287170407	2	[2,3]	False
107	ge4tag	radial_mass__category__plus_ht_candidate_jets	r_hh_125_125	34.808766624094076	2	[2,3]	False
108	exact3tag	asymmetric_rectangular_mass__category__plus_mhh_and_abs_h_delta_eta	abs_h_delta_eta	7.76503913004308	3	[0,2,4]	False
108	exact3tag	asymmetric_rectangular_mass__category__plus_mhh_and_abs_h_delta_eta	abs_mbb1_minus_125	18.974155672635565	3	[0,2,4]	False
108	exact3tag	asymmetric_rectangular_mass__category__plus_mhh_and_abs_h_delta_eta	abs_mbb2_minus_125	1195.411600407152	3	[0,2,4]	False
108	exact3tag	asymmetric_rectangular_mass__category__plus_mhh_and_abs_h_delta_eta	mhh	111.43399288199572	3	[0,2,4]	False
108	ge4tag	radial_mass__category__mass_only	r_hh_125_125	34.047668009621304	2	[0,2]	False
109	exact3tag	asymmetric_rectangular_mass__category__plus_ht_candidate_jets	abs_mbb1_minus_125	18.31783273186267	1	[0]	False
109	exact3tag	asymmetric_rectangular_mass__category__plus_ht_candidate_jets	abs_mbb2_minus_125	1195.411600407152	1	[0]	False
109	exact3tag	asymmetric_rectangular_mass__category__plus_ht_candidate_jets	ht_candidate_jets	139.02018547058103	1	[0]	False
109	ge4tag	asymmetric_rectangular_mass__category__plus_ht_candidate_jets_and_max_drbb	abs_mbb1_minus_125	37.05962935032856	2	[0,2]	False
109	ge4tag	asymmetric_rectangular_mass__category__plus_ht_candidate_jets_and_max_drbb	abs_mbb2_minus_125	389.69556167481505	2	[0,2]	False
109	ge4tag	asymmetric_rectangular_mass__category__plus_ht_candidate_jets_and_max_drbb	ht_candidate_jets	181.03188800811765	2	[0,2]	False
109	ge4tag	asymmetric_rectangular_mass__category__plus_ht_candidate_jets_and_max_drbb	max_drbb	3.6187652800373957	2	[0,2]	False
110	exact3tag	asymmetric_rectangular_mass__category__mass_only	abs_mbb1_minus_125	29.345541349275383	1	[3]	False
110	exact3tag	asymmetric_rectangular_mass__category__mass_only	abs_mbb2_minus_125	37.504163767650645	1	[3]	False
110	ge4tag	radial_mass__category__plus_mhh_and_abs_h_delta_eta	abs_h_delta_eta	6.998785436981115	2	[2,3]	True
110	ge4tag	radial_mass__category__plus_mhh_and_abs_h_delta_eta	mhh	208.7757371124349	2	[2,3]	True
110	ge4tag	radial_mass__category__plus_mhh_and_abs_h_delta_eta	r_hh_125_125	34.35590411564422	2	[2,3]	True
111	exact3tag	asymmetric_rectangular_mass__category__plus_mhh	abs_mbb1_minus_125	18.79829820492971	3	[1,2,3]	False
111	exact3tag	asymmetric_rectangular_mass__category__plus_mhh	abs_mbb2_minus_125	1195.411600407152	3	[1,2,3]	False
111	exact3tag	asymmetric_rectangular_mass__category__plus_mhh	mhh	111.43399288199572	3	[1,2,3]	False
111	ge4tag	radial_mass__category__plus_ht_candidate_jets_and_max_drbb	ht_candidate_jets	186.64290732145307	3	[0,3,4]	False
111	ge4tag	radial_mass__category__plus_ht_candidate_jets_and_max_drbb	max_drbb	3.0450806399310624	3	[0,3,4]	False
111	ge4tag	radial_mass__category__plus_ht_candidate_jets_and_max_drbb	r_hh_125_125	41.626736341254094	3	[0,3,4]	False
112	exact3tag	asymmetric_rectangular_mass__category__plus_max_drbb	abs_mbb1_minus_125	19.426503462815095	2	[2,3]	False
112	exact3tag	asymmetric_rectangular_mass__category__plus_max_drbb	abs_mbb2_minus_125	997.3982052645523	2	[2,3]	False
112	exact3tag	asymmetric_rectangular_mass__category__plus_max_drbb	max_drbb	4.825589393909441	2	[2,3]	False
112	ge4tag	radial_mass__category__plus_ht_candidate_jets_and_max_drbb	ht_candidate_jets	156.02581405639646	3	[0,2,4]	False
112	ge4tag	radial_mass__category__plus_ht_candidate_jets_and_max_drbb	max_drbb	4.066694375158864	3	[0,2,4]	False
112	ge4tag	radial_mass__category__plus_ht_candidate_jets_and_max_drbb	r_hh_125_125	33.95680103176586	3	[0,2,4]	False
113	exact3tag	symmetric_rectangular_mass__category__plus_ht_candidate_jets	ht_candidate_jets	175.86945819854733	2	[0,4]	False
113	exact3tag	symmetric_rectangular_mass__category__plus_ht_candidate_jets	max_abs_mbb_minus_125	33.24352583843866	2	[0,4]	False
113	ge4tag	asymmetric_rectangular_mass__category__plus_h2_pt	abs_mbb1_minus_125	17.621533762837377	1	[1]	False
113	ge4tag	asymmetric_rectangular_mass__category__plus_h2_pt	abs_mbb2_minus_125	654.4499179649249	1	[1]	False
113	ge4tag	asymmetric_rectangular_mass__category__plus_h2_pt	h2_pt	1.9597146027631922	1	[1]	False
114	exact3tag	radial_mass__category__plus_h2_pt	h2_pt	4.4806863809945865	2	[0,1]	False
114	exact3tag	radial_mass__category__plus_h2_pt	r_hh_125_125	36.149814481979476	2	[0,1]	False
114	ge4tag	asymmetric_rectangular_mass__category__plus_max_drbb	abs_mbb1_minus_125	27.386113282456424	4	[0,1,2,3]	False
114	ge4tag	asymmetric_rectangular_mass__category__plus_max_drbb	abs_mbb2_minus_125	92.032746846896	4	[0,1,2,3]	False
114	ge4tag	asymmetric_rectangular_mass__category__plus_max_drbb	max_drbb	2.9269728519153535	4	[0,1,2,3]	False
115	exact3tag	asymmetric_rectangular_mass__category__plus_ht_candidate_jets	abs_mbb1_minus_125	33.449540140511004	2	[1,4]	False
115	exact3tag	asymmetric_rectangular_mass__category__plus_ht_candidate_jets	abs_mbb2_minus_125	618.1606736110082	2	[1,4]	False
115	exact3tag	asymmetric_rectangular_mass__category__plus_ht_candidate_jets	ht_candidate_jets	181.84239864349362	2	[1,4]	False
115	ge4tag	asymmetric_rectangular_mass__category__mass_only	abs_mbb1_minus_125	21.61803204085604	2	[0,4]	False
115	ge4tag	asymmetric_rectangular_mass__category__mass_only	abs_mbb2_minus_125	46.38621395939821	2	[0,4]	False
116	exact3tag	asymmetric_rectangular_mass__category__plus_abs_h_delta_eta	abs_h_delta_eta	7.76503913004308	1	[3]	False
116	exact3tag	asymmetric_rectangular_mass__category__plus_abs_h_delta_eta	abs_mbb1_minus_125	19.158908600530285	1	[3]	False
116	exact3tag	asymmetric_rectangular_mass__category__plus_abs_h_delta_eta	abs_mbb2_minus_125	1195.411600407152	1	[3]	False
116	ge4tag	radial_mass__category__plus_ht_candidate_jets_and_max_drbb	ht_candidate_jets	195.2057781219482	2	[0,4]	False
116	ge4tag	radial_mass__category__plus_ht_candidate_jets_and_max_drbb	max_drbb	3.044188842547803	2	[0,4]	False
116	ge4tag	radial_mass__category__plus_ht_candidate_jets_and_max_drbb	r_hh_125_125	41.540259485668386	2	[0,4]	False
117	exact3tag	asymmetric_rectangular_mass__category__plus_mhh	abs_mbb1_minus_125	18.68651122527196	2	[1,2]	False
117	exact3tag	asymmetric_rectangular_mass__category__plus_mhh	abs_mbb2_minus_125	1195.411600407152	2	[1,2]	False
117	exact3tag	asymmetric_rectangular_mass__category__plus_mhh	mhh	111.43399288199572	2	[1,2]	False
117	ge4tag	symmetric_rectangular_mass__category__plus_abs_h_delta_eta	abs_h_delta_eta	4.344360753913778	2	[1,4]	False
117	ge4tag	symmetric_rectangular_mass__category__plus_abs_h_delta_eta	max_abs_mbb_minus_125	31.577260427274577	2	[1,4]	False
118	exact3tag	asymmetric_rectangular_mass__category__plus_mhh_and_abs_h_delta_eta	abs_h_delta_eta	7.417148506680969	1	[0]	False
118	exact3tag	asymmetric_rectangular_mass__category__plus_mhh_and_abs_h_delta_eta	abs_mbb1_minus_125	18.438299122183	1	[0]	False
118	exact3tag	asymmetric_rectangular_mass__category__plus_mhh_and_abs_h_delta_eta	abs_mbb2_minus_125	711.7937275383631	1	[0]	False
118	exact3tag	asymmetric_rectangular_mass__category__plus_mhh_and_abs_h_delta_eta	mhh	182.5369669361209	1	[0]	False
118	ge4tag	asymmetric_rectangular_mass__category__mass_only	abs_mbb1_minus_125	21.741641384031883	1	[3]	False
118	ge4tag	asymmetric_rectangular_mass__category__mass_only	abs_mbb2_minus_125	44.1804823995131	1	[3]	False
119	exact3tag	radial_mass__category__plus_ht_candidate_jets	ht_candidate_jets	179.95448172092435	2	[0,3]	True
119	exact3tag	radial_mass__category__plus_ht_candidate_jets	r_hh_125_125	36.312959496747226	2	[0,3]	True
119	ge4tag	radial_mass__category__plus_ht_candidate_jets	ht_candidate_jets	194.51071357727048	2	[1,2]	False
119	ge4tag	radial_mass__category__plus_ht_candidate_jets	r_hh_125_125	35.21836913935071	2	[1,2]	False
120	exact3tag	asymmetric_rectangular_mass__category__mass_only	abs_mbb1_minus_125	31.29230346582803	1	[1]	False
120	exact3tag	asymmetric_rectangular_mass__category__mass_only	abs_mbb2_minus_125	33.707222709595506	1	[1]	False
120	ge4tag	radial_mass__category__plus_max_drbb	max_drbb	3.2066712787184057	3	[0,1,4]	False
120	ge4tag	radial_mass__category__plus_max_drbb	r_hh_125_125	36.06128839339613	3	[0,1,4]	False
121	exact3tag	asymmetric_rectangular_mass__category__plus_mhh	abs_mbb1_minus_125	19.19618517695128	3	[1,2,4]	False
121	exact3tag	asymmetric_rectangular_mass__category__plus_mhh	abs_mbb2_minus_125	799.3848101219526	3	[1,2,4]	False
121	exact3tag	asymmetric_rectangular_mass__category__plus_mhh	mhh	112.01666156260593	3	[1,2,4]	False
121	ge4tag	asymmetric_rectangular_mass__category__plus_max_drbb	abs_mbb1_minus_125	29.97508879534077	2	[3,4]	False
121	ge4tag	asymmetric_rectangular_mass__category__plus_max_drbb	abs_mbb2_minus_125	73.17020361100133	2	[3,4]	False
121	ge4tag	asymmetric_rectangular_mass__category__plus_max_drbb	max_drbb	2.9064932201211597	2	[3,4]	False
122	exact3tag	asymmetric_rectangular_mass__category__plus_abs_h_delta_eta	abs_h_delta_eta	7.76503913004308	1	[2]	False
122	exact3tag	asymmetric_rectangular_mass__category__plus_abs_h_delta_eta	abs_mbb1_minus_125	19.157410123143723	1	[2]	False
122	exact3tag	asymmetric_rectangular_mass__category__plus_abs_h_delta_eta	abs_mbb2_minus_125	711.7937275383631	1	[2]	False
122	ge4tag	radial_mass__category__plus_ht_candidate_jets	ht_candidate_jets	195.81191635131833	2	[2,4]	False
122	ge4tag	radial_mass__category__plus_ht_candidate_jets	r_hh_125_125	35.02504696548688	2	[2,4]	False
123	exact3tag	asymmetric_rectangular_mass__category__plus_abs_h_delta_eta	abs_h_delta_eta	7.76503913004308	2	[2,3]	False
123	exact3tag	asymmetric_rectangular_mass__category__plus_abs_h_delta_eta	abs_mbb1_minus_125	19.325571611259665	2	[2,3]	False
123	exact3tag	asymmetric_rectangular_mass__category__plus_abs_h_delta_eta	abs_mbb2_minus_125	799.3848101219526	2	[2,3]	False
123	ge4tag	asymmetric_rectangular_mass__category__plus_max_drbb	abs_mbb1_minus_125	30.176836344298327	2	[0,2]	False
123	ge4tag	asymmetric_rectangular_mass__category__plus_max_drbb	abs_mbb2_minus_125	74.99369213630945	2	[0,2]	False
123	ge4tag	asymmetric_rectangular_mass__category__plus_max_drbb	max_drbb	2.9089849441739615	2	[0,2]	False
124	exact3tag	asymmetric_rectangular_mass__category__plus_mhh	abs_mbb1_minus_125	19.001383076756742	2	[1,2]	False
124	exact3tag	asymmetric_rectangular_mass__category__plus_mhh	abs_mbb2_minus_125	1195.411600407152	2	[1,2]	False
124	exact3tag	asymmetric_rectangular_mass__category__plus_mhh	mhh	179.34894690232184	2	[1,2]	False
124	ge4tag	asymmetric_rectangular_mass__category__plus_h2_pt	abs_mbb1_minus_125	35.08915948981434	2	[0,4]	False
124	ge4tag	asymmetric_rectangular_mass__category__plus_h2_pt	abs_mbb2_minus_125	40.489394961797736	2	[0,4]	False
124	ge4tag	asymmetric_rectangular_mass__category__plus_h2_pt	h2_pt	29.588710922021512	2	[0,4]	False
125	exact3tag	asymmetric_rectangular_mass__category__plus_h2_pt	abs_mbb1_minus_125	19.158908600530285	1	[3]	False
125	exact3tag	asymmetric_rectangular_mass__category__plus_h2_pt	abs_mbb2_minus_125	552.2708889162487	1	[3]	False
125	exact3tag	asymmetric_rectangular_mass__category__plus_h2_pt	h2_pt	0.37309395234862586	1	[3]	False
125	ge4tag	radial_mass__category__plus_abs_h_delta_eta	abs_h_delta_eta	4.050537680036515	2	[1,4]	False
125	ge4tag	radial_mass__category__plus_abs_h_delta_eta	r_hh_125_125	35.401275302713444	2	[1,4]	False
126	exact3tag	radial_mass__category__plus_abs_h_delta_eta	abs_h_delta_eta	7.463296051007061	1	[3]	False
126	exact3tag	radial_mass__category__plus_abs_h_delta_eta	r_hh_125_125	35.73948783735429	1	[3]	False
126	ge4tag	radial_mass__category__plus_ht_candidate_jets	ht_candidate_jets	192.46566390991208	2	[2,3]	False
126	ge4tag	radial_mass__category__plus_ht_candidate_jets	r_hh_125_125	34.150532948045026	2	[2,3]	False
127	exact3tag	asymmetric_rectangular_mass__category__plus_abs_h_delta_eta	abs_h_delta_eta	7.463296051007061	1	[4]	False
127	exact3tag	asymmetric_rectangular_mass__category__plus_abs_h_delta_eta	abs_mbb1_minus_125	18.880212960039305	1	[4]	False
127	exact3tag	asymmetric_rectangular_mass__category__plus_abs_h_delta_eta	abs_mbb2_minus_125	799.3848101219526	1	[4]	False
127	ge4tag	radial_mass__category__plus_h2_pt	h2_pt	1.4241866561746042	1	[0]	False
127	ge4tag	radial_mass__category__plus_h2_pt	r_hh_125_125	33.95619234573473	1	[0]	False
128	exact3tag	asymmetric_rectangular_mass__category__plus_ht_candidate_jets	abs_mbb1_minus_125	18.814349338966142	2	[2,3]	False
128	exact3tag	asymmetric_rectangular_mass__category__plus_ht_candidate_jets	abs_mbb2_minus_125	711.7937275383631	2	[2,3]	False
128	exact3tag	asymmetric_rectangular_mass__category__plus_ht_candidate_jets	ht_candidate_jets	140.11435413360593	2	[2,3]	False
128	ge4tag	radial_mass__category__plus_h2_pt_and_max_drbb	h2_pt	1.6909764741424858	2	[2,3]	False
128	ge4tag	radial_mass__category__plus_h2_pt_and_max_drbb	max_drbb	3.977627353377033	2	[2,3]	False
128	ge4tag	radial_mass__category__plus_h2_pt_and_max_drbb	r_hh_125_125	33.6290562082737	2	[2,3]	False
129	exact3tag	asymmetric_rectangular_mass__category__mass_only	abs_mbb1_minus_125	29.418819086008018	1	[3]	False
129	exact3tag	asymmetric_rectangular_mass__category__mass_only	abs_mbb2_minus_125	37.09145238300216	1	[3]	False
129	ge4tag	asymmetric_rectangular_mass__category__mass_only	abs_mbb1_minus_125	22.107386228530043	2	[3,4]	False
129	ge4tag	asymmetric_rectangular_mass__category__mass_only	abs_mbb2_minus_125	46.094861044637675	2	[3,4]	False
130	exact3tag	asymmetric_rectangular_mass__category__plus_abs_h_delta_eta	abs_h_delta_eta	7.76503913004308	3	[2,3,4]	False
130	exact3tag	asymmetric_rectangular_mass__category__plus_abs_h_delta_eta	abs_mbb1_minus_125	19.04819151742102	3	[2,3,4]	False
130	exact3tag	asymmetric_rectangular_mass__category__plus_abs_h_delta_eta	abs_mbb2_minus_125	1195.411600407152	3	[2,3,4]	False
130	ge4tag	radial_mass__category__plus_ht_candidate_jets_and_max_drbb	ht_candidate_jets	186.14777565002439	3	[0,1,2]	False
130	ge4tag	radial_mass__category__plus_ht_candidate_jets_and_max_drbb	max_drbb	3.033907140221396	3	[0,1,2]	False
130	ge4tag	radial_mass__category__plus_ht_candidate_jets_and_max_drbb	r_hh_125_125	40.9709083284529	3	[0,1,2]	False
131	exact3tag	radial_mass__category__plus_mhh	mhh	217.57833673542467	2	[0,4]	False
131	exact3tag	radial_mass__category__plus_mhh	r_hh_125_125	36.47158714843592	2	[0,4]	False
131	ge4tag	radial_mass__category__plus_mhh	mhh	212.86410706934393	2	[2,3]	False
131	ge4tag	radial_mass__category__plus_mhh	r_hh_125_125	34.13731228458087	2	[2,3]	False
132	exact3tag	asymmetric_rectangular_mass__category__plus_max_drbb	abs_mbb1_minus_125	24.924925434466342	2	[0,2]	False
132	exact3tag	asymmetric_rectangular_mass__category__plus_max_drbb	abs_mbb2_minus_125	414.028540118467	2	[0,2]	False
132	exact3tag	asymmetric_rectangular_mass__category__plus_max_drbb	max_drbb	3.9273977265395077	2	[0,2]	False
132	ge4tag	asymmetric_rectangular_mass__category__plus_h2_pt	abs_mbb1_minus_125	36.265584420956195	1	[2]	False
132	ge4tag	asymmetric_rectangular_mass__category__plus_h2_pt	abs_mbb2_minus_125	41.62848517975929	1	[2]	False
132	ge4tag	asymmetric_rectangular_mass__category__plus_h2_pt	h2_pt	29.590039387406282	1	[2]	False
133	exact3tag	asymmetric_rectangular_mass__category__plus_ht_candidate_jets	abs_mbb1_minus_125	18.79594465152434	1	[3]	False
133	exact3tag	asymmetric_rectangular_mass__category__plus_ht_candidate_jets	abs_mbb2_minus_125	1195.411600407152	1	[3]	False
133	exact3tag	asymmetric_rectangular_mass__category__plus_ht_candidate_jets	ht_candidate_jets	140.44009780883786	1	[3]	False
133	ge4tag	radial_mass__category__plus_ht_candidate_jets_and_max_drbb	ht_candidate_jets	191.2180480957031	2	[1,2]	False
133	ge4tag	radial_mass__category__plus_ht_candidate_jets_and_max_drbb	max_drbb	3.023947472292673	2	[1,2]	False
133	ge4tag	radial_mass__category__plus_ht_candidate_jets_and_max_drbb	r_hh_125_125	40.87624835503303	2	[1,2]	False
134	exact3tag	asymmetric_rectangular_mass__category__plus_h2_pt	abs_mbb1_minus_125	19.512501128380283	3	[0,2,4]	False
134	exact3tag	asymmetric_rectangular_mass__category__plus_h2_pt	abs_mbb2_minus_125	799.3848101219526	3	[0,2,4]	False
134	exact3tag	asymmetric_rectangular_mass__category__plus_h2_pt	h2_pt	0.37309395234862586	3	[0,2,4]	False
134	ge4tag	asymmetric_rectangular_mass__category__plus_ht_candidate_jets_and_max_drbb	abs_mbb1_minus_125	17.660193454298938	2	[0,2]	False
134	ge4tag	asymmetric_rectangular_mass__category__plus_ht_candidate_jets_and_max_drbb	abs_mbb2_minus_125	412.44612388528975	2	[0,2]	False
134	ge4tag	asymmetric_rectangular_mass__category__plus_ht_candidate_jets_and_max_drbb	ht_candidate_jets	149.17173957824704	2	[0,2]	False
134	ge4tag	asymmetric_rectangular_mass__category__plus_ht_candidate_jets_and_max_drbb	max_drbb	4.393134550241827	2	[0,2]	False
135	exact3tag	symmetric_rectangular_mass__category__plus_ht_candidate_jets	ht_candidate_jets	176.73519420623776	2	[1,3]	False
135	exact3tag	symmetric_rectangular_mass__category__plus_ht_candidate_jets	max_abs_mbb_minus_125	33.55988257167276	2	[1,3]	False
135	ge4tag	asymmetric_rectangular_mass__category__mass_only	abs_mbb1_minus_125	23.985359056981043	1	[0]	False
135	ge4tag	asymmetric_rectangular_mass__category__mass_only	abs_mbb2_minus_125	39.12312808889204	1	[0]	False
136	exact3tag	asymmetric_rectangular_mass__category__plus_abs_h_delta_eta	abs_h_delta_eta	7.463296051007061	1	[2]	False
136	exact3tag	asymmetric_rectangular_mass__category__plus_abs_h_delta_eta	abs_mbb1_minus_125	19.13486265540782	1	[2]	False
136	exact3tag	asymmetric_rectangular_mass__category__plus_abs_h_delta_eta	abs_mbb2_minus_125	1195.411600407152	1	[2]	False
136	ge4tag	asymmetric_rectangular_mass__category__mass_only	abs_mbb1_minus_125	22.445060770748125	2	[2,3]	False
136	ge4tag	asymmetric_rectangular_mass__category__mass_only	abs_mbb2_minus_125	44.70375615155227	2	[2,3]	False
137	exact3tag	asymmetric_rectangular_mass__category__plus_mhh_and_abs_h_delta_eta	abs_h_delta_eta	7.76503913004308	1	[0]	False
137	exact3tag	asymmetric_rectangular_mass__category__plus_mhh_and_abs_h_delta_eta	abs_mbb1_minus_125	18.93993293320347	1	[0]	False
137	exact3tag	asymmetric_rectangular_mass__category__plus_mhh_and_abs_h_delta_eta	abs_mbb2_minus_125	1195.411600407152	1	[0]	False
137	exact3tag	asymmetric_rectangular_mass__category__plus_mhh_and_abs_h_delta_eta	mhh	183.03134428128232	1	[0]	False
137	ge4tag	radial_mass__category__plus_ht_candidate_jets	ht_candidate_jets	191.3632829338312	2	[2,4]	False
137	ge4tag	radial_mass__category__plus_ht_candidate_jets	r_hh_125_125	34.805304800921206	2	[2,4]	False
138	exact3tag	asymmetric_rectangular_mass__category__plus_ht_candidate_jets	abs_mbb1_minus_125	18.765360746514492	2	[2,3]	False
138	exact3tag	asymmetric_rectangular_mass__category__plus_ht_candidate_jets	abs_mbb2_minus_125	1195.411600407152	2	[2,3]	False
138	exact3tag	asymmetric_rectangular_mass__category__plus_ht_candidate_jets	ht_candidate_jets	139.73014163970944	2	[2,3]	False
138	ge4tag	radial_mass__category__plus_ht_candidate_jets	ht_candidate_jets	194.51889038085935	3	[0,2,4]	False
138	ge4tag	radial_mass__category__plus_ht_candidate_jets	r_hh_125_125	34.830548410248014	3	[0,2,4]	False
139	exact3tag	asymmetric_rectangular_mass__category__plus_abs_h_delta_eta	abs_h_delta_eta	7.670986609339533	2	[3,4]	False
139	exact3tag	asymmetric_rectangular_mass__category__plus_abs_h_delta_eta	abs_mbb1_minus_125	19.16280062108773	2	[3,4]	False
139	exact3tag	asymmetric_rectangular_mass__category__plus_abs_h_delta_eta	abs_mbb2_minus_125	738.527917956876	2	[3,4]	False
139	ge4tag	asymmetric_rectangular_mass__category__plus_h2_pt_and_max_drbb	abs_mbb1_minus_125	17.700790667210956	1	[1]	False
139	ge4tag	asymmetric_rectangular_mass__category__plus_h2_pt_and_max_drbb	abs_mbb2_minus_125	528.6697401407941	1	[1]	False
139	ge4tag	asymmetric_rectangular_mass__category__plus_h2_pt_and_max_drbb	h2_pt	1.9577662921103671	1	[1]	False
139	ge4tag	asymmetric_rectangular_mass__category__plus_h2_pt_and_max_drbb	max_drbb	4.238011529333885	1	[1]	False
140	exact3tag	asymmetric_rectangular_mass__category__plus_ht_candidate_jets_and_max_drbb	abs_mbb1_minus_125	18.87588102993634	2	[2,3]	False
140	exact3tag	asymmetric_rectangular_mass__category__plus_ht_candidate_jets_and_max_drbb	abs_mbb2_minus_125	953.6026639727576	2	[2,3]	False
140	exact3tag	asymmetric_rectangular_mass__category__plus_ht_candidate_jets_and_max_drbb	ht_candidate_jets	139.73014163970944	2	[2,3]	False
140	exact3tag	asymmetric_rectangular_mass__category__plus_ht_candidate_jets_and_max_drbb	max_drbb	4.8368026200013245	2	[2,3]	False
140	ge4tag	radial_mass__category__plus_ht_candidate_jets	ht_candidate_jets	192.7420444488525	2	[2,3]	False
140	ge4tag	radial_mass__category__plus_ht_candidate_jets	r_hh_125_125	34.556832618282044	2	[2,3]	False
141	exact3tag	symmetric_rectangular_mass__category__plus_ht_candidate_jets_and_max_drbb	ht_candidate_jets	142.1716156005859	2	[2,4]	False
141	exact3tag	symmetric_rectangular_mass__category__plus_ht_candidate_jets_and_max_drbb	max_abs_mbb_minus_125	32.67509021398466	2	[2,4]	False
141	exact3tag	symmetric_rectangular_mass__category__plus_ht_candidate_jets_and_max_drbb	max_drbb	4.14263076333976	2	[2,4]	False
141	ge4tag	radial_mass__category__mass_only	r_hh_125_125	33.716000813987314	3	[1,2,4]	False
142	exact3tag	asymmetric_rectangular_mass__category__plus_abs_h_delta_eta	abs_h_delta_eta	7.417148506680969	1	[4]	False
142	exact3tag	asymmetric_rectangular_mass__category__plus_abs_h_delta_eta	abs_mbb1_minus_125	18.90061938527646	1	[4]	False
142	exact3tag	asymmetric_rectangular_mass__category__plus_abs_h_delta_eta	abs_mbb2_minus_125	677.6710257917994	1	[4]	False
142	ge4tag	asymmetric_rectangular_mass__category__mass_only	abs_mbb1_minus_125	21.37319200629641	2	[0,4]	False
142	ge4tag	asymmetric_rectangular_mass__category__mass_only	abs_mbb2_minus_125	44.418306051211616	2	[0,4]	False
143	exact3tag	asymmetric_rectangular_mass__category__plus_max_drbb	abs_mbb1_minus_125	18.787690266733424	1	[0]	False
143	exact3tag	asymmetric_rectangular_mass__category__plus_max_drbb	abs_mbb2_minus_125	1195.411600407152	1	[0]	False
143	exact3tag	asymmetric_rectangular_mass__category__plus_max_drbb	max_drbb	4.766829126003969	1	[0]	False
143	ge4tag	asymmetric_rectangular_mass__category__plus_h2_pt	abs_mbb1_minus_125	37.14656596026564	1	[1]	False
143	ge4tag	asymmetric_rectangular_mass__category__plus_h2_pt	abs_mbb2_minus_125	40.235016434355636	1	[1]	False
143	ge4tag	asymmetric_rectangular_mass__category__plus_h2_pt	h2_pt	30.819983878878617	1	[1]	False
144	exact3tag	asymmetric_rectangular_mass__category__plus_mhh_and_abs_h_delta_eta	abs_h_delta_eta	7.76503913004308	2	[0,1]	False
144	exact3tag	asymmetric_rectangular_mass__category__plus_mhh_and_abs_h_delta_eta	abs_mbb1_minus_125	18.886917038809248	2	[0,1]	False
144	exact3tag	asymmetric_rectangular_mass__category__plus_mhh_and_abs_h_delta_eta	abs_mbb2_minus_125	711.7937275383631	2	[0,1]	False
144	exact3tag	asymmetric_rectangular_mass__category__plus_mhh_and_abs_h_delta_eta	mhh	181.1901455918021	2	[0,1]	False
144	ge4tag	asymmetric_rectangular_mass__category__mass_only	abs_mbb1_minus_125	23.333167790688787	2	[0,1]	False
144	ge4tag	asymmetric_rectangular_mass__category__mass_only	abs_mbb2_minus_125	41.148919979010785	2	[0,1]	False
145	exact3tag	asymmetric_rectangular_mass__category__plus_h2_pt	abs_mbb1_minus_125	19.142916917709098	2	[0,3]	False
145	exact3tag	asymmetric_rectangular_mass__category__plus_h2_pt	abs_mbb2_minus_125	799.3848101219526	2	[0,3]	False
145	exact3tag	asymmetric_rectangular_mass__category__plus_h2_pt	h2_pt	0.37309395234862586	2	[0,3]	False
145	ge4tag	asymmetric_rectangular_mass__category__mass_only	abs_mbb1_minus_125	22.477241588179428	1	[3]	False
145	ge4tag	asymmetric_rectangular_mass__category__mass_only	abs_mbb2_minus_125	41.75800476157293	1	[3]	False
146	exact3tag	asymmetric_rectangular_mass__category__plus_ht_candidate_jets	abs_mbb1_minus_125	33.47273278325358	2	[0,1]	False
146	exact3tag	asymmetric_rectangular_mass__category__plus_ht_candidate_jets	abs_mbb2_minus_125	376.00715331971503	2	[0,1]	False
146	exact3tag	asymmetric_rectangular_mass__category__plus_ht_candidate_jets	ht_candidate_jets	183.11984443664548	2	[0,1]	False
146	ge4tag	radial_mass__category__plus_ht_candidate_jets	ht_candidate_jets	196.3982124328613	2	[2,4]	False
146	ge4tag	radial_mass__category__plus_ht_candidate_jets	r_hh_125_125	34.52161680480053	2	[2,4]	False
147	exact3tag	asymmetric_rectangular_mass__category__plus_abs_h_delta_eta	abs_h_delta_eta	7.76503913004308	2	[0,2]	False
147	exact3tag	asymmetric_rectangular_mass__category__plus_abs_h_delta_eta	abs_mbb1_minus_125	19.302154320351182	2	[0,2]	False
147	exact3tag	asymmetric_rectangular_mass__category__plus_abs_h_delta_eta	abs_mbb2_minus_125	799.3848101219526	2	[0,2]	False
147	ge4tag	radial_mass__category__plus_ht_candidate_jets	ht_candidate_jets	195.29429221153256	3	[0,2,4]	False
147	ge4tag	radial_mass__category__plus_ht_candidate_jets	r_hh_125_125	35.481233731765776	3	[0,2,4]	False
148	exact3tag	radial_mass__category__mass_only	r_hh_125_125	35.92692280899311	2	[0,1]	False
148	ge4tag	radial_mass__category__plus_ht_candidate_jets_and_max_drbb	ht_candidate_jets	199.8684043884277	3	[0,2,4]	False
148	ge4tag	radial_mass__category__plus_ht_candidate_jets_and_max_drbb	max_drbb	3.0522842306222193	3	[0,2,4]	False
148	ge4tag	radial_mass__category__plus_ht_candidate_jets_and_max_drbb	r_hh_125_125	41.728540475193775	3	[0,2,4]	False
149	exact3tag	asymmetric_rectangular_mass__category__plus_abs_h_delta_eta	abs_h_delta_eta	7.576934088635984	1	[3]	False
149	exact3tag	asymmetric_rectangular_mass__category__plus_abs_h_delta_eta	abs_mbb1_minus_125	19.318822076295053	1	[3]	False
149	exact3tag	asymmetric_rectangular_mass__category__plus_abs_h_delta_eta	abs_mbb2_minus_125	1195.411600407152	1	[3]	False
149	ge4tag	asymmetric_rectangular_mass__category__mass_only	abs_mbb1_minus_125	22.164030726463114	1	[0]	False
149	ge4tag	asymmetric_rectangular_mass__category__mass_only	abs_mbb2_minus_125	44.32582794655233	1	[0]	False
150	exact3tag	asymmetric_rectangular_mass__category__plus_abs_h_delta_eta	abs_h_delta_eta	7.76503913004308	1	[2]	False
150	exact3tag	asymmetric_rectangular_mass__category__plus_abs_h_delta_eta	abs_mbb1_minus_125	19.57080485402054	1	[2]	False
150	exact3tag	asymmetric_rectangular_mass__category__plus_abs_h_delta_eta	abs_mbb2_minus_125	1195.411600407152	1	[2]	False
150	ge4tag	asymmetric_rectangular_mass__category__plus_max_drbb	abs_mbb1_minus_125	27.528623188573338	2	[0,4]	False
150	ge4tag	asymmetric_rectangular_mass__category__plus_max_drbb	abs_mbb2_minus_125	90.01238522260181	2	[0,4]	False
150	ge4tag	asymmetric_rectangular_mass__category__plus_max_drbb	max_drbb	2.922023252477457	2	[0,4]	False
151	exact3tag	asymmetric_rectangular_mass__category__plus_abs_h_delta_eta	abs_h_delta_eta	7.76503913004308	1	[1]	False
151	exact3tag	asymmetric_rectangular_mass__category__plus_abs_h_delta_eta	abs_mbb1_minus_125	19.073118593157037	1	[1]	False
151	exact3tag	asymmetric_rectangular_mass__category__plus_abs_h_delta_eta	abs_mbb2_minus_125	647.5550423596388	1	[1]	False
151	ge4tag	radial_mass__category__plus_ht_candidate_jets_and_max_drbb	ht_candidate_jets	180.63946819305417	2	[1,2]	False
151	ge4tag	radial_mass__category__plus_ht_candidate_jets_and_max_drbb	max_drbb	3.0205657824242724	2	[1,2]	False
151	ge4tag	radial_mass__category__plus_ht_candidate_jets_and_max_drbb	r_hh_125_125	42.137427772435004	2	[1,2]	False
152	exact3tag	symmetric_rectangular_mass__category__plus_max_drbb	max_abs_mbb_minus_125	35.366124874653615	2	[3,4]	False
152	exact3tag	symmetric_rectangular_mass__category__plus_max_drbb	max_drbb	3.235746780876073	2	[3,4]	False
152	ge4tag	radial_mass__category__mass_only	r_hh_125_125	34.02328099075251	2	[0,1]	False
153	exact3tag	asymmetric_rectangular_mass__category__plus_abs_h_delta_eta	abs_h_delta_eta	7.463296051007061	1	[4]	False
153	exact3tag	asymmetric_rectangular_mass__category__plus_abs_h_delta_eta	abs_mbb1_minus_125	18.812068418281942	1	[4]	False
153	exact3tag	asymmetric_rectangular_mass__category__plus_abs_h_delta_eta	abs_mbb2_minus_125	677.6710257917994	1	[4]	False
153	ge4tag	radial_mass__category__plus_ht_candidate_jets_and_max_drbb	ht_candidate_jets	187.3375549316406	2	[0,1]	False
153	ge4tag	radial_mass__category__plus_ht_candidate_jets_and_max_drbb	max_drbb	3.037101161033135	2	[0,1]	False
153	ge4tag	radial_mass__category__plus_ht_candidate_jets_and_max_drbb	r_hh_125_125	40.50840083689462	2	[0,1]	False
154	exact3tag	radial_mass__category__plus_ht_candidate_jets	ht_candidate_jets	177.18093490600583	3	[2,3,4]	True
154	exact3tag	radial_mass__category__plus_ht_candidate_jets	r_hh_125_125	36.37350907938907	3	[2,3,4]	True
154	ge4tag	radial_mass__category__plus_ht_candidate_jets	ht_candidate_jets	191.14955139160153	2	[0,3]	False
154	ge4tag	radial_mass__category__plus_ht_candidate_jets	r_hh_125_125	34.37888923420559	2	[0,3]	False
155	exact3tag	symmetric_rectangular_mass__category__plus_ht_candidate_jets	ht_candidate_jets	176.27210044860837	2	[0,3]	False
155	exact3tag	symmetric_rectangular_mass__category__plus_ht_candidate_jets	max_abs_mbb_minus_125	33.38134635192202	2	[0,3]	False
155	ge4tag	radial_mass__category__plus_ht_candidate_jets	ht_candidate_jets	194.39201164245603	3	[0,2,4]	False
155	ge4tag	radial_mass__category__plus_ht_candidate_jets	r_hh_125_125	34.43870271951907	3	[0,2,4]	False
156	exact3tag	asymmetric_rectangular_mass__category__plus_h2_pt	abs_mbb1_minus_125	19.25578544783858	4	[0,1,3,4]	False
156	exact3tag	asymmetric_rectangular_mass__category__plus_h2_pt	abs_mbb2_minus_125	658.9479190185336	4	[0,1,3,4]	False
156	exact3tag	asymmetric_rectangular_mass__category__plus_h2_pt	h2_pt	0.37309395234862586	4	[0,1,3,4]	False
156	ge4tag	asymmetric_rectangular_mass__category__mass_only	abs_mbb1_minus_125	20.889840856578207	1	[2]	False
156	ge4tag	asymmetric_rectangular_mass__category__mass_only	abs_mbb2_minus_125	45.64868630571265	1	[2]	False
157	exact3tag	asymmetric_rectangular_mass__category__plus_ht_candidate_jets	abs_mbb1_minus_125	18.56179008674656	1	[4]	False
157	exact3tag	asymmetric_rectangular_mass__category__plus_ht_candidate_jets	abs_mbb2_minus_125	677.6710257917994	1	[4]	False
157	exact3tag	asymmetric_rectangular_mass__category__plus_ht_candidate_jets	ht_candidate_jets	140.482795715332	1	[4]	False
157	ge4tag	radial_mass__category__plus_ht_candidate_jets_and_max_drbb	ht_candidate_jets	188.72702217102048	2	[0,1]	False
157	ge4tag	radial_mass__category__plus_ht_candidate_jets_and_max_drbb	max_drbb	3.0342360090298115	2	[0,1]	False
157	ge4tag	radial_mass__category__plus_ht_candidate_jets_and_max_drbb	r_hh_125_125	41.15629125032922	2	[0,1]	False
158	exact3tag	radial_mass__category__plus_ht_candidate_jets	ht_candidate_jets	177.43220520019528	3	[2,3,4]	True
158	exact3tag	radial_mass__category__plus_ht_candidate_jets	r_hh_125_125	36.59795547155694	3	[2,3,4]	True
158	ge4tag	asymmetric_rectangular_mass__category__plus_max_drbb	abs_mbb1_minus_125	27.456462828451617	4	[0,1,3,4]	False
158	ge4tag	asymmetric_rectangular_mass__category__plus_max_drbb	abs_mbb2_minus_125	87.7224856825803	4	[0,1,3,4]	False
158	ge4tag	asymmetric_rectangular_mass__category__plus_max_drbb	max_drbb	2.936471636211146	4	[0,1,3,4]	False
159	exact3tag	asymmetric_rectangular_mass__category__plus_ht_candidate_jets	abs_mbb1_minus_125	32.4296065090317	4	[0,1,2,4]	False
159	exact3tag	asymmetric_rectangular_mass__category__plus_ht_candidate_jets	abs_mbb2_minus_125	375.77560016710055	4	[0,1,2,4]	False
159	exact3tag	asymmetric_rectangular_mass__category__plus_ht_candidate_jets	ht_candidate_jets	178.12157344818112	4	[0,1,2,4]	False
159	ge4tag	asymmetric_rectangular_mass__category__plus_max_drbb	abs_mbb1_minus_125	26.112441428701604	3	[1,2,4]	False
159	ge4tag	asymmetric_rectangular_mass__category__plus_max_drbb	abs_mbb2_minus_125	115.72467328775154	3	[1,2,4]	False
159	ge4tag	asymmetric_rectangular_mass__category__plus_max_drbb	max_drbb	2.953611534748683	3	[1,2,4]	False
160	exact3tag	symmetric_rectangular_mass__category__plus_ht_candidate_jets	ht_candidate_jets	176.44910621643064	2	[2,4]	False
160	exact3tag	symmetric_rectangular_mass__category__plus_ht_candidate_jets	max_abs_mbb_minus_125	33.6004263409141	2	[2,4]	False
160	ge4tag	asymmetric_rectangular_mass__category__mass_only	abs_mbb1_minus_125	23.9040429518509	1	[3]	False
160	ge4tag	asymmetric_rectangular_mass__category__mass_only	abs_mbb2_minus_125	39.12312808889204	1	[3]	False
161	exact3tag	asymmetric_rectangular_mass__category__plus_h2_pt	abs_mbb1_minus_125	19.539498069113723	2	[0,2]	False
161	exact3tag	asymmetric_rectangular_mass__category__plus_h2_pt	abs_mbb2_minus_125	799.3848101219526	2	[0,2]	False
161	exact3tag	asymmetric_rectangular_mass__category__plus_h2_pt	h2_pt	0.9211684228688674	2	[0,2]	False
161	ge4tag	asymmetric_rectangular_mass__category__plus_h2_pt	abs_mbb1_minus_125	35.56059883715074	2	[0,4]	False
161	ge4tag	asymmetric_rectangular_mass__category__plus_h2_pt	abs_mbb2_minus_125	44.73469969099749	2	[0,4]	False
161	ge4tag	asymmetric_rectangular_mass__category__plus_h2_pt	h2_pt	32.43308507906752	2	[0,4]	False
162	exact3tag	asymmetric_rectangular_mass__category__plus_mhh	abs_mbb1_minus_125	19.3663144173504	3	[2,3,4]	False
162	exact3tag	asymmetric_rectangular_mass__category__plus_mhh	abs_mbb2_minus_125	1195.411600407152	3	[2,3,4]	False
162	exact3tag	asymmetric_rectangular_mass__category__plus_mhh	mhh	182.5369669361209	3	[2,3,4]	False
162	ge4tag	radial_mass__category__plus_ht_candidate_jets	ht_candidate_jets	195.34510993957517	2	[1,4]	False
162	ge4tag	radial_mass__category__plus_ht_candidate_jets	r_hh_125_125	35.244047206658294	2	[1,4]	False
163	exact3tag	symmetric_rectangular_mass__category__plus_ht_candidate_jets	ht_candidate_jets	180.93273925781247	2	[0,4]	False
163	exact3tag	symmetric_rectangular_mass__category__plus_ht_candidate_jets	max_abs_mbb_minus_125	33.779463414635664	2	[0,4]	False
163	ge4tag	asymmetric_rectangular_mass__category__plus_h2_pt	abs_mbb1_minus_125	35.96561638693437	2	[0,2]	False
163	ge4tag	asymmetric_rectangular_mass__category__plus_h2_pt	abs_mbb2_minus_125	41.17042344591742	2	[0,2]	False
163	ge4tag	asymmetric_rectangular_mass__category__plus_h2_pt	h2_pt	30.008179104729788	2	[0,2]	False
164	exact3tag	asymmetric_rectangular_mass__category__plus_max_drbb	abs_mbb1_minus_125	25.235832203702753	2	[2,4]	False
164	exact3tag	asymmetric_rectangular_mass__category__plus_max_drbb	abs_mbb2_minus_125	461.12488604652515	2	[2,4]	False
164	exact3tag	asymmetric_rectangular_mass__category__plus_max_drbb	max_drbb	3.919571653290197	2	[2,4]	False
164	ge4tag	asymmetric_rectangular_mass__category__mass_only	abs_mbb1_minus_125	21.566727553369763	1	[3]	False
164	ge4tag	asymmetric_rectangular_mass__category__mass_only	abs_mbb2_minus_125	45.09179013269715	1	[3]	False
165	exact3tag	radial_mass__category__plus_h2_pt	h2_pt	10.582653939300808	1	[0]	False
165	exact3tag	radial_mass__category__plus_h2_pt	r_hh_125_125	36.97118466218607	1	[0]	False
165	ge4tag	asymmetric_rectangular_mass__category__plus_ht_candidate_jets	abs_mbb1_minus_125	34.77950175614502	2	[0,1]	False
165	ge4tag	asymmetric_rectangular_mass__category__plus_ht_candidate_jets	abs_mbb2_minus_125	33.6815033962871	2	[0,1]	False
165	ge4tag	asymmetric_rectangular_mass__category__plus_ht_candidate_jets	ht_candidate_jets	208.79775619506833	2	[0,1]	False
166	exact3tag	radial_mass__category__plus_ht_candidate_jets	ht_candidate_jets	176.8647537231445	2	[1,2]	True
166	exact3tag	radial_mass__category__plus_ht_candidate_jets	r_hh_125_125	36.57247236543664	2	[1,2]	True
166	ge4tag	asymmetric_rectangular_mass__category__plus_max_drbb	abs_mbb1_minus_125	28.708199169863196	2	[1,3]	False
166	ge4tag	asymmetric_rectangular_mass__category__plus_max_drbb	abs_mbb2_minus_125	77.75121328690851	2	[1,3]	False
166	ge4tag	asymmetric_rectangular_mass__category__plus_max_drbb	max_drbb	2.9150417361214793	2	[1,3]	False
167	exact3tag	asymmetric_rectangular_mass__category__plus_max_drbb	abs_mbb1_minus_125	24.4661361677308	2	[2,4]	False
167	exact3tag	asymmetric_rectangular_mass__category__plus_max_drbb	abs_mbb2_minus_125	399.19570375798185	2	[2,4]	False
167	exact3tag	asymmetric_rectangular_mass__category__plus_max_drbb	max_drbb	3.883619042637873	2	[2,4]	False
167	ge4tag	radial_mass__category__plus_mhh	mhh	219.76675396455846	2	[0,3]	False
167	ge4tag	radial_mass__category__plus_mhh	r_hh_125_125	33.960996771837515	2	[0,3]	False
168	exact3tag	asymmetric_rectangular_mass__category__plus_abs_h_delta_eta	abs_h_delta_eta	7.591093818362024	2	[0,2]	False
168	exact3tag	asymmetric_rectangular_mass__category__plus_abs_h_delta_eta	abs_mbb1_minus_125	18.72470845019917	2	[0,2]	False
168	exact3tag	asymmetric_rectangular_mass__category__plus_abs_h_delta_eta	abs_mbb2_minus_125	1195.411600407152	2	[0,2]	False
168	ge4tag	asymmetric_rectangular_mass__category__mass_only	abs_mbb1_minus_125	21.824185749303783	2	[1,4]	False
168	ge4tag	asymmetric_rectangular_mass__category__mass_only	abs_mbb2_minus_125	45.25836976921829	2	[1,4]	False
169	exact3tag	asymmetric_rectangular_mass__category__plus_h2_pt	abs_mbb1_minus_125	19.090193115893886	2	[3,4]	False
169	exact3tag	asymmetric_rectangular_mass__category__plus_h2_pt	abs_mbb2_minus_125	936.5413130994757	2	[3,4]	False
169	exact3tag	asymmetric_rectangular_mass__category__plus_h2_pt	h2_pt	0.37309395234862586	2	[3,4]	False
169	ge4tag	asymmetric_rectangular_mass__category__mass_only	abs_mbb1_minus_125	23.15221227005947	1	[0]	False
169	ge4tag	asymmetric_rectangular_mass__category__mass_only	abs_mbb2_minus_125	41.283113579185546	1	[0]	False
170	exact3tag	radial_mass__category__plus_mhh_and_abs_h_delta_eta	abs_h_delta_eta	7.576934088635984	3	[1,2,4]	False
170	exact3tag	radial_mass__category__plus_mhh_and_abs_h_delta_eta	mhh	204.28120120993898	3	[1,2,4]	False
170	exact3tag	radial_mass__category__plus_mhh_and_abs_h_delta_eta	r_hh_125_125	36.17680034567033	3	[1,2,4]	False
170	ge4tag	radial_mass__category__plus_ht_candidate_jets	ht_candidate_jets	182.1726093292236	2	[0,1]	False
170	ge4tag	radial_mass__category__plus_ht_candidate_jets	r_hh_125_125	33.92874750072524	2	[0,1]	False
171	exact3tag	asymmetric_rectangular_mass__category__plus_abs_h_delta_eta	abs_h_delta_eta	7.520115069821523	2	[0,3]	False
171	exact3tag	asymmetric_rectangular_mass__category__plus_abs_h_delta_eta	abs_mbb1_minus_125	19.32328138040246	2	[0,3]	False
171	exact3tag	asymmetric_rectangular_mass__category__plus_abs_h_delta_eta	abs_mbb2_minus_125	1195.411600407152	2	[0,3]	False
171	ge4tag	asymmetric_rectangular_mass__category__mass_only	abs_mbb1_minus_125	21.422358202840375	1	[1]	False
171	ge4tag	asymmetric_rectangular_mass__category__mass_only	abs_mbb2_minus_125	45.910743882361494	1	[1]	False
172	exact3tag	asymmetric_rectangular_mass__category__plus_ht_candidate_jets_and_max_drbb	abs_mbb1_minus_125	18.99770804397048	2	[2,4]	False
172	exact3tag	asymmetric_rectangular_mass__category__plus_ht_candidate_jets_and_max_drbb	abs_mbb2_minus_125	936.5413130994757	2	[2,4]	False
172	exact3tag	asymmetric_rectangular_mass__category__plus_ht_candidate_jets_and_max_drbb	ht_candidate_jets	139.02018547058103	2	[2,4]	False
172	exact3tag	asymmetric_rectangular_mass__category__plus_ht_candidate_jets_and_max_drbb	max_drbb	4.8368026200013245	2	[2,4]	False
172	ge4tag	radial_mass__category__plus_ht_candidate_jets	ht_candidate_jets	185.72174072265622	3	[2,3,4]	False
172	ge4tag	radial_mass__category__plus_ht_candidate_jets	r_hh_125_125	34.913542881101144	3	[2,3,4]	False
173	exact3tag	radial_mass__category__plus_ht_candidate_jets	ht_candidate_jets	180.74484825134275	2	[1,3]	True
173	exact3tag	radial_mass__category__plus_ht_candidate_jets	r_hh_125_125	36.605357605092436	2	[1,3]	True
173	ge4tag	asymmetric_rectangular_mass__category__mass_only	abs_mbb1_minus_125	23.81761919783239	1	[0]	False
173	ge4tag	asymmetric_rectangular_mass__category__mass_only	abs_mbb2_minus_125	39.12312808889204	1	[0]	False
174	exact3tag	radial_mass__category__mass_only	r_hh_125_125	36.04158682664061	2	[0,4]	False
174	ge4tag	asymmetric_rectangular_mass__category__mass_only	abs_mbb1_minus_125	22.057528050697105	1	[1]	False
174	ge4tag	asymmetric_rectangular_mass__category__mass_only	abs_mbb2_minus_125	44.316458992304725	1	[1]	False
175	exact3tag	radial_mass__category__plus_ht_candidate_jets	ht_candidate_jets	176.67221832275388	3	[0,2,4]	True
175	exact3tag	radial_mass__category__plus_ht_candidate_jets	r_hh_125_125	36.52839336950561	3	[0,2,4]	True
175	ge4tag	asymmetric_rectangular_mass__category__plus_mhh	abs_mbb1_minus_125	37.96921825970538	1	[3]	False
175	ge4tag	asymmetric_rectangular_mass__category__plus_mhh	abs_mbb2_minus_125	30.500490723454636	1	[3]	False
175	ge4tag	asymmetric_rectangular_mass__category__plus_mhh	mhh	237.28692861731415	1	[3]	False
176	exact3tag	asymmetric_rectangular_mass__category__plus_h2_pt	abs_mbb1_minus_125	19.01790532797313	2	[0,3]	False
176	exact3tag	asymmetric_rectangular_mass__category__plus_h2_pt	abs_mbb2_minus_125	1195.411600407152	2	[0,3]	False
176	exact3tag	asymmetric_rectangular_mass__category__plus_h2_pt	h2_pt	0.37309395234862586	2	[0,3]	False
176	ge4tag	asymmetric_rectangular_mass__category__mass_only	abs_mbb1_minus_125	21.35975791803472	1	[4]	False
176	ge4tag	asymmetric_rectangular_mass__category__mass_only	abs_mbb2_minus_125	47.040979139844474	1	[4]	False
177	exact3tag	asymmetric_rectangular_mass__category__plus_max_drbb	abs_mbb1_minus_125	24.835053005789316	2	[3,4]	False
177	exact3tag	asymmetric_rectangular_mass__category__plus_max_drbb	abs_mbb2_minus_125	660.7734891412939	2	[3,4]	False
177	exact3tag	asymmetric_rectangular_mass__category__plus_max_drbb	max_drbb	3.9265191339529606	2	[3,4]	False
177	ge4tag	asymmetric_rectangular_mass__category__mass_only	abs_mbb1_minus_125	23.104115994192558	1	[0]	False
177	ge4tag	asymmetric_rectangular_mass__category__mass_only	abs_mbb2_minus_125	42.27399200402608	1	[0]	False
178	exact3tag	symmetric_rectangular_mass__category__plus_mhh	max_abs_mbb_minus_125	33.606087248786885	2	[0,2]	False
178	exact3tag	symmetric_rectangular_mass__category__plus_mhh	mhh	222.4915918738711	2	[0,2]	False
178	ge4tag	radial_mass__category__plus_ht_candidate_jets_and_max_drbb	ht_candidate_jets	187.88934898376462	2	[0,1]	False
178	ge4tag	radial_mass__category__plus_ht_candidate_jets_and_max_drbb	max_drbb	3.034929578951296	2	[0,1]	False
178	ge4tag	radial_mass__category__plus_ht_candidate_jets_and_max_drbb	r_hh_125_125	40.87710394291008	2	[0,1]	False
179	exact3tag	asymmetric_rectangular_mass__category__plus_ht_candidate_jets	abs_mbb1_minus_125	47.68242220376721	1	[2]	False
179	exact3tag	asymmetric_rectangular_mass__category__plus_ht_candidate_jets	abs_mbb2_minus_125	41.089521258074946	1	[2]	False
179	exact3tag	asymmetric_rectangular_mass__category__plus_ht_candidate_jets	ht_candidate_jets	225.61926269531247	1	[2]	False
179	ge4tag	asymmetric_rectangular_mass__category__mass_only	abs_mbb1_minus_125	21.656880908655157	1	[3]	False
179	ge4tag	asymmetric_rectangular_mass__category__mass_only	abs_mbb2_minus_125	44.91093730356213	1	[3]	False
180	exact3tag	asymmetric_rectangular_mass__category__plus_abs_h_delta_eta	abs_h_delta_eta	7.417148506680969	1	[4]	False
180	exact3tag	asymmetric_rectangular_mass__category__plus_abs_h_delta_eta	abs_mbb1_minus_125	18.897852390250055	1	[4]	False
180	exact3tag	asymmetric_rectangular_mass__category__plus_abs_h_delta_eta	abs_mbb2_minus_125	647.5550423596388	1	[4]	False
180	ge4tag	asymmetric_rectangular_mass__category__mass_only	abs_mbb1_minus_125	22.313729526588748	1	[4]	False
180	ge4tag	asymmetric_rectangular_mass__category__mass_only	abs_mbb2_minus_125	45.398073119341994	1	[4]	False
181	exact3tag	radial_mass__category__plus_ht_candidate_jets	ht_candidate_jets	184.41771697998044	3	[2,3,4]	True
181	exact3tag	radial_mass__category__plus_ht_candidate_jets	r_hh_125_125	37.265107759159754	3	[2,3,4]	True
181	ge4tag	radial_mass__category__plus_mhh	mhh	214.01882885764357	2	[2,3]	False
181	ge4tag	radial_mass__category__plus_mhh	r_hh_125_125	34.046278504002714	2	[2,3]	False
182	exact3tag	asymmetric_rectangular_mass__category__plus_abs_h_delta_eta	abs_h_delta_eta	7.576934088635984	1	[4]	False
182	exact3tag	asymmetric_rectangular_mass__category__plus_abs_h_delta_eta	abs_mbb1_minus_125	18.94078306766531	1	[4]	False
182	exact3tag	asymmetric_rectangular_mass__category__plus_abs_h_delta_eta	abs_mbb2_minus_125	677.6710257917994	1	[4]	False
182	ge4tag	radial_mass__category__plus_ht_candidate_jets_and_max_drbb	ht_candidate_jets	202.06502723693845	2	[0,1]	False
182	ge4tag	radial_mass__category__plus_ht_candidate_jets_and_max_drbb	max_drbb	3.052102033794652	2	[0,1]	False
182	ge4tag	radial_mass__category__plus_ht_candidate_jets_and_max_drbb	r_hh_125_125	41.35987347931115	2	[0,1]	False
183	exact3tag	asymmetric_rectangular_mass__category__plus_max_drbb	abs_mbb1_minus_125	19.04456257876487	1	[0]	False
183	exact3tag	asymmetric_rectangular_mass__category__plus_max_drbb	abs_mbb2_minus_125	711.7937275383631	1	[0]	False
183	exact3tag	asymmetric_rectangular_mass__category__plus_max_drbb	max_drbb	4.8368026200013245	1	[0]	False
183	ge4tag	radial_mass__category__plus_h2_pt_and_max_drbb	h2_pt	1.7155115680283628	3	[0,2,4]	False
183	ge4tag	radial_mass__category__plus_h2_pt_and_max_drbb	max_drbb	4.066694375158864	3	[0,2,4]	False
183	ge4tag	radial_mass__category__plus_h2_pt_and_max_drbb	r_hh_125_125	34.365632027874085	3	[0,2,4]	False
184	exact3tag	asymmetric_rectangular_mass__category__plus_abs_h_delta_eta	abs_h_delta_eta	7.76503913004308	1	[3]	False
184	exact3tag	asymmetric_rectangular_mass__category__plus_abs_h_delta_eta	abs_mbb1_minus_125	19.153278340028468	1	[3]	False
184	exact3tag	asymmetric_rectangular_mass__category__plus_abs_h_delta_eta	abs_mbb2_minus_125	799.3848101219526	1	[3]	False
184	ge4tag	radial_mass__category__plus_h2_pt_and_max_drbb	h2_pt	7.1319372706559925	1	[0]	False
184	ge4tag	radial_mass__category__plus_h2_pt_and_max_drbb	max_drbb	3.0320925594207866	1	[0]	False
184	ge4tag	radial_mass__category__plus_h2_pt_and_max_drbb	r_hh_125_125	40.40018087307951	1	[0]	False
185	exact3tag	asymmetric_rectangular_mass__category__plus_abs_h_delta_eta	abs_h_delta_eta	7.576934088635984	3	[0,1,3]	False
185	exact3tag	asymmetric_rectangular_mass__category__plus_abs_h_delta_eta	abs_mbb1_minus_125	18.964522027702404	3	[0,1,3]	False
185	exact3tag	asymmetric_rectangular_mass__category__plus_abs_h_delta_eta	abs_mbb2_minus_125	677.6710257917994	3	[0,1,3]	False
185	ge4tag	symmetric_rectangular_mass__category__plus_ht_candidate_jets	ht_candidate_jets	194.869368314743	2	[1,4]	False
185	ge4tag	symmetric_rectangular_mass__category__plus_ht_candidate_jets	max_abs_mbb_minus_125	31.806508788627596	2	[1,4]	False
186	exact3tag	radial_mass__category__plus_h2_pt_and_max_drbb	h2_pt	1.0251834499950983	2	[3,4]	False
186	exact3tag	radial_mass__category__plus_h2_pt_and_max_drbb	max_drbb	4.164613107651833	2	[3,4]	False
186	exact3tag	radial_mass__category__plus_h2_pt_and_max_drbb	r_hh_125_125	35.90538849306605	2	[3,4]	False
186	ge4tag	symmetric_rectangular_mass__category__plus_ht_candidate_jets	ht_candidate_jets	179.02961921691892	2	[0,1]	False
186	ge4tag	symmetric_rectangular_mass__category__plus_ht_candidate_jets	max_abs_mbb_minus_125	30.896822775996878	2	[0,1]	False
187	exact3tag	asymmetric_rectangular_mass__category__plus_max_drbb	abs_mbb1_minus_125	19.014891118205416	3	[0,2,3]	False
187	exact3tag	asymmetric_rectangular_mass__category__plus_max_drbb	abs_mbb2_minus_125	711.7937275383631	3	[0,2,3]	False
187	exact3tag	asymmetric_rectangular_mass__category__plus_max_drbb	max_drbb	4.8368026200013245	3	[0,2,3]	False
187	ge4tag	asymmetric_rectangular_mass__category__mass_only	abs_mbb1_minus_125	24.255377770905685	1	[0]	False
187	ge4tag	asymmetric_rectangular_mass__category__mass_only	abs_mbb2_minus_125	38.660691590293816	1	[0]	False
188	exact3tag	radial_mass__category__mass_only	r_hh_125_125	35.721886758883386	2	[0,2]	False
188	ge4tag	asymmetric_rectangular_mass__category__mass_only	abs_mbb1_minus_125	23.90807054250357	1	[1]	False
188	ge4tag	asymmetric_rectangular_mass__category__mass_only	abs_mbb2_minus_125	40.326950189491534	1	[1]	False
189	exact3tag	radial_mass__category__plus_ht_candidate_jets	ht_candidate_jets	184.86988830566403	2	[0,4]	True
189	exact3tag	radial_mass__category__plus_ht_candidate_jets	r_hh_125_125	37.09747252391874	2	[0,4]	True
189	ge4tag	radial_mass__category__mass_only	r_hh_125_125	33.95467682639445	2	[1,3]	False
190	exact3tag	radial_mass__category__plus_ht_candidate_jets	ht_candidate_jets	176.295202255249	2	[0,4]	True
190	exact3tag	radial_mass__category__plus_ht_candidate_jets	r_hh_125_125	36.36625176995574	2	[0,4]	True
190	ge4tag	radial_mass__category__plus_mhh_and_abs_h_delta_eta	abs_h_delta_eta	6.904302164473993	2	[0,2]	True
190	ge4tag	radial_mass__category__plus_mhh_and_abs_h_delta_eta	mhh	166.54852727726075	2	[0,2]	True
190	ge4tag	radial_mass__category__plus_mhh_and_abs_h_delta_eta	r_hh_125_125	33.811534189591384	2	[0,2]	True
191	exact3tag	asymmetric_rectangular_mass__category__plus_abs_h_delta_eta	abs_h_delta_eta	7.417148506680969	1	[4]	False
191	exact3tag	asymmetric_rectangular_mass__category__plus_abs_h_delta_eta	abs_mbb1_minus_125	19.18295835280634	1	[4]	False
191	exact3tag	asymmetric_rectangular_mass__category__plus_abs_h_delta_eta	abs_mbb2_minus_125	647.5550423596388	1	[4]	False
191	ge4tag	radial_mass__category__mass_only	r_hh_125_125	33.89332651641121	1	[0]	False
192	exact3tag	radial_mass__category__mass_only	r_hh_125_125	35.9694902712048	2	[0,3]	False
192	ge4tag	asymmetric_rectangular_mass__category__mass_only	abs_mbb1_minus_125	23.345098874727963	2	[1,4]	False
192	ge4tag	asymmetric_rectangular_mass__category__mass_only	abs_mbb2_minus_125	41.53956841192538	2	[1,4]	False
193	exact3tag	symmetric_rectangular_mass__category__mass_only	max_abs_mbb_minus_125	32.694525280544134	2	[0,1]	False
193	ge4tag	asymmetric_rectangular_mass__category__plus_ht_candidate_jets	abs_mbb1_minus_125	31.967884844630024	1	[3]	False
193	ge4tag	asymmetric_rectangular_mass__category__plus_ht_candidate_jets	abs_mbb2_minus_125	40.366907988420216	1	[3]	False
193	ge4tag	asymmetric_rectangular_mass__category__plus_ht_candidate_jets	ht_candidate_jets	220.45442962646482	1	[3]	False
194	exact3tag	asymmetric_rectangular_mass__category__plus_ht_candidate_jets	abs_mbb1_minus_125	19.077326686463454	2	[2,4]	False
194	exact3tag	asymmetric_rectangular_mass__category__plus_ht_candidate_jets	abs_mbb2_minus_125	997.3982052645523	2	[2,4]	False
194	exact3tag	asymmetric_rectangular_mass__category__plus_ht_candidate_jets	ht_candidate_jets	140.46144676208493	2	[2,4]	False
194	ge4tag	radial_mass__category__plus_ht_candidate_jets	ht_candidate_jets	187.2975387573242	2	[1,4]	False
194	ge4tag	radial_mass__category__plus_ht_candidate_jets	r_hh_125_125	34.68626602317505	2	[1,4]	False
195	exact3tag	asymmetric_rectangular_mass__category__plus_max_drbb	abs_mbb1_minus_125	31.150189373226727	3	[2,3,4]	False
195	exact3tag	asymmetric_rectangular_mass__category__plus_max_drbb	abs_mbb2_minus_125	121.7791775777125	3	[2,3,4]	False
195	exact3tag	asymmetric_rectangular_mass__category__plus_max_drbb	max_drbb	3.0160492801433767	3	[2,3,4]	False
195	ge4tag	radial_mass__category__plus_ht_candidate_jets	ht_candidate_jets	196.25006949901578	2	[0,1]	False
195	ge4tag	radial_mass__category__plus_ht_candidate_jets	r_hh_125_125	34.44315582624926	2	[0,1]	False
196	exact3tag	asymmetric_rectangular_mass__category__plus_mhh	abs_mbb1_minus_125	19.04865568775359	2	[3,4]	False
196	exact3tag	asymmetric_rectangular_mass__category__plus_mhh	abs_mbb2_minus_125	755.5892688301578	2	[3,4]	False
196	exact3tag	asymmetric_rectangular_mass__category__plus_mhh	mhh	179.34894690232184	2	[3,4]	False
196	ge4tag	radial_mass__category__mass_only	r_hh_125_125	34.03646615306923	2	[2,4]	False
197	exact3tag	asymmetric_rectangular_mass__category__plus_ht_candidate_jets	abs_mbb1_minus_125	32.08005478189435	2	[1,4]	False
197	exact3tag	asymmetric_rectangular_mass__category__plus_ht_candidate_jets	abs_mbb2_minus_125	342.6868704085925	2	[1,4]	False
197	exact3tag	asymmetric_rectangular_mass__category__plus_ht_candidate_jets	ht_candidate_jets	179.75851345062253	2	[1,4]	False
197	ge4tag	radial_mass__category__plus_h2_pt	h2_pt	1.49207262902118	2	[0,1]	False
197	ge4tag	radial_mass__category__plus_h2_pt	r_hh_125_125	33.86177959634145	2	[0,1]	False
198	exact3tag	asymmetric_rectangular_mass__category__plus_max_drbb	abs_mbb1_minus_125	19.303441921587915	2	[0,3]	False
198	exact3tag	asymmetric_rectangular_mass__category__plus_max_drbb	abs_mbb2_minus_125	1195.411600407152	2	[0,3]	False
198	exact3tag	asymmetric_rectangular_mass__category__plus_max_drbb	max_drbb	4.8368026200013245	2	[0,3]	False
198	ge4tag	symmetric_rectangular_mass__category__plus_ht_candidate_jets	ht_candidate_jets	195.52870368957517	2	[3,4]	False
198	ge4tag	symmetric_rectangular_mass__category__plus_ht_candidate_jets	max_abs_mbb_minus_125	32.07457426355542	2	[3,4]	False
199	exact3tag	asymmetric_rectangular_mass__category__plus_ht_candidate_jets	abs_mbb1_minus_125	18.813977091282016	2	[0,1]	False
199	exact3tag	asymmetric_rectangular_mass__category__plus_ht_candidate_jets	abs_mbb2_minus_125	1195.411600407152	2	[0,1]	False
199	exact3tag	asymmetric_rectangular_mass__category__plus_ht_candidate_jets	ht_candidate_jets	139.73014163970944	2	[0,1]	False
199	ge4tag	asymmetric_rectangular_mass__category__mass_only	abs_mbb1_minus_125	24.430628872393715	1	[2]	False
199	ge4tag	asymmetric_rectangular_mass__category__mass_only	abs_mbb2_minus_125	39.41913114331923	1	[2]	False
