group_id	optimized_fold_k5	production_row_index	source_uid	sample_class	process_or_mode	workflow_population	auxiliary_qcd	broad_eligible_rows	assignment_matchable_rows
08ab83ea7308663ebbcce2ec	0	343	08ab83ea7308663ebbcce2ec::background::312::bundle:/store/user/iturkmen/hh4b_delphes/run2_13tev/frozen_v2/bundles/final_background_triboson_zbb_scaleout40k_20260722_v1/wwz_zbb_run2_frozen_v2_train_shard9904_5200_bundle.tar.gz	background	wwz_zbb	primary_physical_background	False	2552	0
0d6f9c8a8ab14ab9a78b6ebe	0	38	0d6f9c8a8ab14ab9a78b6ebe::background::166::bundle:/store/user/iturkmen/hh4b_delphes/run2_13tev/frozen_v2/bundles/qcd_hardqcd_importance_adaptive500k_phys_20260717_0022/qcd_hardqcd_importance_adaptive500k_phys_20260717_0022_bin00_pthat50to75_shard1844_seed1201844_bundle.tar.gz	background	qcd_hardqcd	primary_physical_background	False	99	0
0f1d84b89957afb5ad1b5c6d	0	11	0f1d84b89957afb5ad1b5c6d::background::367::bundle:/store/user/iturkmen/hh4b_delphes/run2_13tev/frozen_v2/bundles/unified_background_5m_wavea_proven111_20260720_v1/qcd_bbbb_iht400to600_run2_frozen_v2_unified5m_wavea_shard001_10k_bundle.tar.gz	background	qcd_bbbb_iht400to600	auxiliary_qcd_classification_only	True	7994	0
11a8cc9e20b8e73dae12f48e	0	40	11a8cc9e20b8e73dae12f48e::background::124::bundle:/store/user/iturkmen/hh4b_delphes/run2_13tev/frozen_v2/bundles/qcd_hardqcd_importance_adaptive1500k_phys_wave3_20260718/qcd_hardqcd_importance_adaptive1500k_phys_wave3_20260718_bin02_pthat100to200_shard1154_seed1221154_bundle.tar.gz	background	qcd_hardqcd	primary_physical_background	False	1429	0
12dc47153628d80559949d78	0	41	12dc47153628d80559949d78::background::193::bundle:/store/user/iturkmen/hh4b_delphes/run2_13tev/frozen_v2/bundles/qcd_hardqcd_importance_adaptive500k_phys_wave2_20260717/qcd_hardqcd_importance_adaptive500k_phys_wave2_20260717_bin00_pthat50to75_shard9777_seed1209777_bundle.tar.gz	background	qcd_hardqcd	primary_physical_background	False	137	0
133e6191360b663edb01d781	0	381	133e6191360b663edb01d781::signal::30::ggf_shard_030	signal	ggf_hh4b	primary_physical_signal	False	581	212
1522977d1bcb654e1261fadb	0	42	1522977d1bcb654e1261fadb::background::53::bundle:/store/user/iturkmen/hh4b_delphes/run2_13tev/frozen_v2/bundles/qcd_hardqcd_importance_adaptive1500k_phys_wave3_20260718/qcd_hardqcd_importance_adaptive1500k_phys_wave3_20260718_bin00_pthat50to75_shard1060_seed1201060_bundle.tar.gz	background	qcd_hardqcd	primary_physical_background	False	121	0
164e9f11d3245ab7af5ed234	0	240	164e9f11d3245ab7af5ed234::background::426::bundle:/store/user/iturkmen/hh4b_delphes/run2_13tev/frozen_v2/bundles/unified_background_5m_wavea_proven111_20260720_v1/ttbar_inclusive_run2_frozen_v2_unified5m_wavea_shard006_10k_bundle.tar.gz	background	ttbar_inclusive	primary_physical_background	False	6364	0
16ca7fe539d16ce0cbe2994e	0	12	16ca7fe539d16ce0cbe2994e::background::375::bundle:/store/user/iturkmen/hh4b_delphes/run2_13tev/frozen_v2/bundles/unified_background_5m_wavea_proven111_20260720_v1/qcd_bbbb_iht400to600_run2_frozen_v2_unified5m_wavea_shard006_10k_bundle.tar.gz	background	qcd_bbbb_iht400to600	auxiliary_qcd_classification_only	True	7986	0
1862b489d3ce604c66545fff	0	45	1862b489d3ce604c66545fff::background::173::bundle:/store/user/iturkmen/hh4b_delphes/run2_13tev/frozen_v2/bundles/qcd_hardqcd_importance_adaptive500k_phys_20260717_0022/qcd_hardqcd_importance_adaptive500k_phys_20260717_0022_bin01_pthat75to100_shard1852_seed1211852_bundle.tar.gz	background	qcd_hardqcd	primary_physical_background	False	565	0
1a9ab3befc2c5033bf19f2d6	0	46	1a9ab3befc2c5033bf19f2d6::background::74::bundle:/store/user/iturkmen/hh4b_delphes/run2_13tev/frozen_v2/bundles/qcd_hardqcd_importance_adaptive1500k_phys_wave3_20260718/qcd_hardqcd_importance_adaptive1500k_phys_wave3_20260718_bin00_pthat50to75_shard1092_seed1201092_bundle.tar.gz	background	qcd_hardqcd	primary_physical_background	False	115	0
1cb737905aa62b58320e53d0	0	242	1cb737905aa62b58320e53d0::background::419::bundle:/store/user/iturkmen/hh4b_delphes/run2_13tev/frozen_v2/bundles/unified_background_5m_wavea_proven111_20260720_v1/ttbar_inclusive_run2_frozen_v2_unified5m_wavea_shard051_10k_bundle.tar.gz	background	ttbar_inclusive	primary_physical_background	False	6437	0
1d994f7dbd40f70a18de22e1	0	50	1d994f7dbd40f70a18de22e1::background::148::bundle:/store/user/iturkmen/hh4b_delphes/run2_13tev/frozen_v2/bundles/qcd_hardqcd_importance_adaptive500k_phys_20260717_0022/qcd_hardqcd_importance_adaptive500k_phys_20260717_0022_bin00_pthat50to75_shard1821_seed1201821_bundle.tar.gz	background	qcd_hardqcd	primary_physical_background	False	123	0
224e8975cd1789c339195c41	0	53	224e8975cd1789c339195c41::background::98::bundle:/store/user/iturkmen/hh4b_delphes/run2_13tev/frozen_v2/bundles/qcd_hardqcd_importance_adaptive1500k_phys_wave3_20260718/qcd_hardqcd_importance_adaptive1500k_phys_wave3_20260718_bin01_pthat75to100_shard1123_seed1211123_bundle.tar.gz	background	qcd_hardqcd	primary_physical_background	False	577	0
278e9d103607e2e5999aa4b7	0	388	278e9d103607e2e5999aa4b7::signal::27::ggf_shard_027	signal	ggf_hh4b	primary_physical_signal	False	635	243
2eb98f8619acc8bd099c994e	0	394	2eb98f8619acc8bd099c994e::signal::79::ggf_shard_079	signal	ggf_hh4b	primary_physical_signal	False	573	210
3287a5e416950a6fd2e2410e	0	398	3287a5e416950a6fd2e2410e::signal::53::ggf_shard_053	signal	ggf_hh4b	primary_physical_signal	False	611	236
331e1d9ade0b6f4ee6de7411	0	0	331e1d9ade0b6f4ee6de7411::background::359::bundle:/store/user/iturkmen/hh4b_delphes/run2_13tev/frozen_v2/bundles/unified_background_5m_wavea_proven111_20260720_v1/qcd_bbbb_general_run2_frozen_v2_unified5m_wavea_shard005_10k_bundle.tar.gz	background	qcd_bbbb_general	auxiliary_qcd_classification_only	True	2915	0
367aa1135c9723731abc5ecd	0	399	367aa1135c9723731abc5ecd::signal::31::ggf_shard_031	signal	ggf_hh4b	primary_physical_signal	False	564	186
371d085d82206cef3edf9869	0	400	371d085d82206cef3edf9869::signal::32::ggf_shard_032	signal	ggf_hh4b	primary_physical_signal	False	589	227
42f8fdb5659f4026e0b13fe8	0	404	42f8fdb5659f4026e0b13fe8::signal::35::ggf_shard_035	signal	ggf_hh4b	primary_physical_signal	False	566	226
45769e5a1a14b913092bc190	0	254	45769e5a1a14b913092bc190::background::339::event_parquet:/uscms_data/d3/iturkmen/hh4b_delphes/parquet/ttbar_200k_shard012_event_summary.parquet	background	ttbar_inclusive	primary_physical_background	False	6635	0
48a9ecd95acadd0e4921e4c7	0	255	48a9ecd95acadd0e4921e4c7::background::395::bundle:/store/user/iturkmen/hh4b_delphes/run2_13tev/frozen_v2/bundles/unified_background_5m_wavea_proven111_20260720_v1/ttbar_inclusive_run2_frozen_v2_unified5m_wavea_shard023_10k_bundle.tar.gz	background	ttbar_inclusive	primary_physical_background	False	6381	0
4b2f86c81c15a2383ae45bc1	0	229	4b2f86c81c15a2383ae45bc1::background::290::bundle:/store/user/iturkmen/hh4b_delphes/run2_13tev/frozen_v2/bundles/unified_background_5m_single_top_scaleout280k_20260722_v1/tchannel_top_run2_frozen_v2_single_top_scaleout_shard4303_10kevt_bundle.tar.gz	background	tchannel_top	primary_physical_background	False	2251	0
509e2e7e416c11322408f853	0	339	509e2e7e416c11322408f853::background::508::bundle:/store/user/iturkmen/hh4b_delphes/run2_13tev/frozen_v2/bundles/unified_background_5m_wavec1_scaleout180k_20260721_v2/wh_hbb_run2_frozen_v2_wavec1_scaleout_shard3304_10kevt_bundle.tar.gz	background	wh_hbb	primary_physical_background	False	2137	0
5304d983da8e8e8103487569	0	101	5304d983da8e8e8103487569::background::171::bundle:/store/user/iturkmen/hh4b_delphes/run2_13tev/frozen_v2/bundles/qcd_hardqcd_importance_adaptive500k_phys_20260717_0022/qcd_hardqcd_importance_adaptive500k_phys_20260717_0022_bin00_pthat50to75_shard1849_seed1201849_bundle.tar.gz	background	qcd_hardqcd	primary_physical_background	False	113	0
553eefefde62b55ae18e586a	0	102	553eefefde62b55ae18e586a::background::215::bundle:/store/user/iturkmen/hh4b_delphes/run2_13tev/frozen_v2/bundles/qcd_hardqcd_importance_adaptive500k_phys_wave2_20260717/qcd_hardqcd_importance_adaptive500k_phys_wave2_20260717_bin02_pthat100to200_shard9817_seed1229817_bundle.tar.gz	background	qcd_hardqcd	primary_physical_background	False	1487	0
56030d6bc179bd05eafe89e4	0	259	56030d6bc179bd05eafe89e4::background::397::bundle:/store/user/iturkmen/hh4b_delphes/run2_13tev/frozen_v2/bundles/unified_background_5m_wavea_proven111_20260720_v1/ttbar_inclusive_run2_frozen_v2_unified5m_wavea_shard026_10k_bundle.tar.gz	background	ttbar_inclusive	primary_physical_background	False	6471	0
5a235681023ea8bbb34fd880	0	260	5a235681023ea8bbb34fd880::background::427::bundle:/store/user/iturkmen/hh4b_delphes/run2_13tev/frozen_v2/bundles/unified_background_5m_wavea_proven111_20260720_v1/ttbar_inclusive_run2_frozen_v2_unified5m_wavea_shard060_10k_bundle.tar.gz	background	ttbar_inclusive	primary_physical_background	False	6469	0
5b4a3b95ebeef7f13fa5fded	0	375	5b4a3b95ebeef7f13fa5fded::background::320::bundle:/store/user/iturkmen/hh4b_delphes/run2_13tev/frozen_v2/bundles/final_background_triboson_zbb_scaleout40k_20260722_v1/zzz_zbb_run2_frozen_v2_train_shard9922_1500_bundle.tar.gz	background	zzz_zbb	primary_physical_background	False	721	0
5bbd2742ab71e70d654ef04a	0	261	5bbd2742ab71e70d654ef04a::background::430::bundle:/store/user/iturkmen/hh4b_delphes/run2_13tev/frozen_v2/bundles/unified_background_5m_wavea_proven111_20260720_v1/ttbar_inclusive_run2_frozen_v2_unified5m_wavea_shard063_10k_bundle.tar.gz	background	ttbar_inclusive	primary_physical_background	False	6480	0
5c4621b09ef7a6bc49957556	0	107	5c4621b09ef7a6bc49957556::background::122::bundle:/store/user/iturkmen/hh4b_delphes/run2_13tev/frozen_v2/bundles/qcd_hardqcd_importance_adaptive1500k_phys_wave3_20260718/qcd_hardqcd_importance_adaptive1500k_phys_wave3_20260718_bin02_pthat100to200_shard1151_seed1221151_bundle.tar.gz	background	qcd_hardqcd	primary_physical_background	False	1444	0
5cccbd7357ae1fde4772487e	0	108	5cccbd7357ae1fde4772487e::background::71::bundle:/store/user/iturkmen/hh4b_delphes/run2_13tev/frozen_v2/bundles/qcd_hardqcd_importance_adaptive1500k_phys_wave3_20260718/qcd_hardqcd_importance_adaptive1500k_phys_wave3_20260718_bin00_pthat50to75_shard1088_seed1201088_bundle.tar.gz	background	qcd_hardqcd	primary_physical_background	False	138	0
6313c1575ba1599e63fd3a9e	0	112	6313c1575ba1599e63fd3a9e::background::86::bundle:/store/user/iturkmen/hh4b_delphes/run2_13tev/frozen_v2/bundles/qcd_hardqcd_importance_adaptive1500k_phys_wave3_20260718/qcd_hardqcd_importance_adaptive1500k_phys_wave3_20260718_bin01_pthat75to100_shard1107_seed1211107_bundle.tar.gz	background	qcd_hardqcd	primary_physical_background	False	556	0
6459ce30eae5248fb3fd495b	0	414	6459ce30eae5248fb3fd495b::signal::72::ggf_shard_072	signal	ggf_hh4b	primary_physical_signal	False	584	206
64e7772611d569e565da936f	0	114	64e7772611d569e565da936f::background::56::bundle:/store/user/iturkmen/hh4b_delphes/run2_13tev/frozen_v2/bundles/qcd_hardqcd_importance_adaptive1500k_phys_wave3_20260718/qcd_hardqcd_importance_adaptive1500k_phys_wave3_20260718_bin00_pthat50to75_shard1066_seed1201066_bundle.tar.gz	background	qcd_hardqcd	primary_physical_background	False	138	0
66f7a8f538a41bb2bdcea168	0	115	66f7a8f538a41bb2bdcea168::background::70::bundle:/store/user/iturkmen/hh4b_delphes/run2_13tev/frozen_v2/bundles/qcd_hardqcd_importance_adaptive1500k_phys_wave3_20260718/qcd_hardqcd_importance_adaptive1500k_phys_wave3_20260718_bin00_pthat50to75_shard1086_seed1201086_bundle.tar.gz	background	qcd_hardqcd	primary_physical_background	False	109	0
67adedb754dee181165dd546	0	117	67adedb754dee181165dd546::background::181::bundle:/store/user/iturkmen/hh4b_delphes/run2_13tev/frozen_v2/bundles/qcd_hardqcd_importance_adaptive500k_phys_20260717_0022/qcd_hardqcd_importance_adaptive500k_phys_20260717_0022_bin02_pthat100to200_shard1862_seed1221862_bundle.tar.gz	background	qcd_hardqcd	primary_physical_background	False	1306	0
68a731c70386d8901f37ecd5	0	119	68a731c70386d8901f37ecd5::background::201::bundle:/store/user/iturkmen/hh4b_delphes/run2_13tev/frozen_v2/bundles/qcd_hardqcd_importance_adaptive500k_phys_wave2_20260717/qcd_hardqcd_importance_adaptive500k_phys_wave2_20260717_bin00_pthat50to75_shard9792_seed1209792_bundle.tar.gz	background	qcd_hardqcd	primary_physical_background	False	131	0
70527a5196e3e28bdb208be1	0	416	70527a5196e3e28bdb208be1::signal::62::ggf_shard_062	signal	ggf_hh4b	primary_physical_signal	False	613	220
7299aaf40b9bfc83f4dd155f	0	417	7299aaf40b9bfc83f4dd155f::signal::60::ggf_shard_060	signal	ggf_hh4b	primary_physical_signal	False	566	202
7429c3d966fb7ecfabba6c41	0	125	7429c3d966fb7ecfabba6c41::background::185::bundle:/store/user/iturkmen/hh4b_delphes/run2_13tev/frozen_v2/bundles/qcd_hardqcd_importance_adaptive500k_phys_20260717_0022/qcd_hardqcd_importance_adaptive500k_phys_20260717_0022_bin05_pthat500to700_shard1867_seed1251867_bundle.tar.gz	background	qcd_hardqcd	primary_physical_background	False	5554	0
80c7d2da2e1ad4813c224b91	0	134	80c7d2da2e1ad4813c224b91::background::127::bundle:/store/user/iturkmen/hh4b_delphes/run2_13tev/frozen_v2/bundles/qcd_hardqcd_importance_adaptive1500k_phys_wave3_20260718/qcd_hardqcd_importance_adaptive1500k_phys_wave3_20260718_bin02_pthat100to200_shard1159_seed1221159_bundle.tar.gz	background	qcd_hardqcd	primary_physical_background	False	1496	0
80d4a63426959c0870cb3a41	0	135	80d4a63426959c0870cb3a41::background::126::bundle:/store/user/iturkmen/hh4b_delphes/run2_13tev/frozen_v2/bundles/qcd_hardqcd_importance_adaptive1500k_phys_wave3_20260718/qcd_hardqcd_importance_adaptive1500k_phys_wave3_20260718_bin02_pthat100to200_shard1157_seed1221157_bundle.tar.gz	background	qcd_hardqcd	primary_physical_background	False	1423	0
84d9ec75dcf07041d6945f6c	0	420	84d9ec75dcf07041d6945f6c::signal::7::ggf_shard_007	signal	ggf_hh4b	primary_physical_signal	False	596	223
84f08406cedb048d5f986059	0	278	84f08406cedb048d5f986059::background::408::bundle:/store/user/iturkmen/hh4b_delphes/run2_13tev/frozen_v2/bundles/unified_background_5m_wavea_proven111_20260720_v1/ttbar_inclusive_run2_frozen_v2_unified5m_wavea_shard038_10k_bundle.tar.gz	background	ttbar_inclusive	primary_physical_background	False	6427	0
897007d036f86df65467037d	0	141	897007d036f86df65467037d::background::138::bundle:/store/user/iturkmen/hh4b_delphes/run2_13tev/frozen_v2/bundles/qcd_hardqcd_importance_adaptive1500k_phys_wave3_20260718/qcd_hardqcd_importance_adaptive1500k_phys_wave3_20260718_bin02_pthat100to200_shard1175_seed1221175_bundle.tar.gz	background	qcd_hardqcd	primary_physical_background	False	1429	0
8a6581b66ffa055a82a21b1c	0	359	8a6581b66ffa055a82a21b1c::background::465::bundle:/store/user/iturkmen/hh4b_delphes/run2_13tev/frozen_v2/bundles/unified_background_5m_wavea_zbbbb_remaining15_20260721_v1/zbbbb_run2_frozen_v2_unified5m_wavea_shard011_10k_bundle.tar.gz	background	zbbbb	primary_physical_background	False	2946	0
8b599686a633844f7ef32be4	0	18	8b599686a633844f7ef32be4::background::377::bundle:/store/user/iturkmen/hh4b_delphes/run2_13tev/frozen_v2/bundles/unified_background_5m_wavea_proven111_20260720_v1/qcd_bbbb_iht400to600_run2_frozen_v2_unified5m_wavea_shard008_10k_bundle.tar.gz	background	qcd_bbbb_iht400to600	auxiliary_qcd_classification_only	True	7921	0
907f07fb1fdcd9957032e26b	0	147	907f07fb1fdcd9957032e26b::background::152::bundle:/store/user/iturkmen/hh4b_delphes/run2_13tev/frozen_v2/bundles/qcd_hardqcd_importance_adaptive500k_phys_20260717_0022/qcd_hardqcd_importance_adaptive500k_phys_20260717_0022_bin00_pthat50to75_shard1825_seed1201825_bundle.tar.gz	background	qcd_hardqcd	primary_physical_background	False	126	0
918b60151d7c097d565fa0e3	0	224	918b60151d7c097d565fa0e3::background::282::bundle:/store/user/iturkmen/hh4b_delphes/run2_13tev/frozen_v2/bundles/unified_background_5m_single_top_scaleout280k_20260722_v1/tchannel_antitop_run2_frozen_v2_single_top_scaleout_shard4310_10kevt_bundle.tar.gz	background	tchannel_antitop	primary_physical_background	False	2398	0
949cf023bb5efb88e9e4ecb2	0	283	949cf023bb5efb88e9e4ecb2::background::332::event_parquet:/uscms_data/d3/iturkmen/hh4b_delphes/parquet/ttbar_200k_shard002_event_summary.parquet	background	ttbar_inclusive	primary_physical_background	False	6661	0
94d4f046f8102bec1240f515	0	284	94d4f046f8102bec1240f515::background::429::bundle:/store/user/iturkmen/hh4b_delphes/run2_13tev/frozen_v2/bundles/unified_background_5m_wavea_proven111_20260720_v1/ttbar_inclusive_run2_frozen_v2_unified5m_wavea_shard062_10k_bundle.tar.gz	background	ttbar_inclusive	primary_physical_background	False	6435	0
96e08ae3b234c74b1c391b53	0	153	96e08ae3b234c74b1c391b53::background::58::bundle:/store/user/iturkmen/hh4b_delphes/run2_13tev/frozen_v2/bundles/qcd_hardqcd_importance_adaptive1500k_phys_wave3_20260718/qcd_hardqcd_importance_adaptive1500k_phys_wave3_20260718_bin00_pthat50to75_shard1068_seed1201068_bundle.tar.gz	background	qcd_hardqcd	primary_physical_background	False	137	0
970925546e011b12db8c1200	0	422	970925546e011b12db8c1200::signal::47::ggf_shard_047	signal	ggf_hh4b	primary_physical_signal	False	585	208
9e0bec62ea0ce2ff4577fa44	0	287	9e0bec62ea0ce2ff4577fa44::background::401::bundle:/store/user/iturkmen/hh4b_delphes/run2_13tev/frozen_v2/bundles/unified_background_5m_wavea_proven111_20260720_v1/ttbar_inclusive_run2_frozen_v2_unified5m_wavea_shard030_10k_bundle.tar.gz	background	ttbar_inclusive	primary_physical_background	False	6418	0
9e8e6b731592ac3250ce3825	0	424	9e8e6b731592ac3250ce3825::signal::66::ggf_shard_066	signal	ggf_hh4b	primary_physical_signal	False	583	208
a0d0a6f3bb42379649efa777	0	364	a0d0a6f3bb42379649efa777::background::475::bundle:/store/user/iturkmen/hh4b_delphes/run2_13tev/frozen_v2/bundles/unified_background_5m_wavea_zbbbb_remaining15_20260721_v1/zbbbb_run2_frozen_v2_unified5m_wavea_shard023_10k_bundle.tar.gz	background	zbbbb	primary_physical_background	False	2937	0
a7a44bc5e84733c1949c5e92	0	290	a7a44bc5e84733c1949c5e92::background::440::bundle:/store/user/iturkmen/hh4b_delphes/run2_13tev/frozen_v2/bundles/unified_background_5m_wavea_proven111_20260720_v1/ttbar_inclusive_run2_frozen_v2_unified5m_wavea_shard008_10k_bundle.tar.gz	background	ttbar_inclusive	primary_physical_background	False	6519	0
ad1cd5b1aa0b24960ff445e9	0	292	ad1cd5b1aa0b24960ff445e9::background::387::bundle:/store/user/iturkmen/hh4b_delphes/run2_13tev/frozen_v2/bundles/unified_background_5m_wavea_proven111_20260720_v1/ttbar_inclusive_run2_frozen_v2_unified5m_wavea_shard015_10k_bundle.tar.gz	background	ttbar_inclusive	primary_physical_background	False	6461	0
adb5eeceb09003f32bef5477	0	429	adb5eeceb09003f32bef5477::signal::10::ggf_shard_010	signal	ggf_hh4b	primary_physical_signal	False	602	232
af189691cdccac9145560830	0	431	af189691cdccac9145560830::signal::58::ggf_shard_058	signal	ggf_hh4b	primary_physical_signal	False	574	211
af33534011b01672fe8f2b5c	0	166	af33534011b01672fe8f2b5c::background::100::bundle:/store/user/iturkmen/hh4b_delphes/run2_13tev/frozen_v2/bundles/qcd_hardqcd_importance_adaptive1500k_phys_wave3_20260718/qcd_hardqcd_importance_adaptive1500k_phys_wave3_20260718_bin01_pthat75to100_shard1126_seed1211126_bundle.tar.gz	background	qcd_hardqcd	primary_physical_background	False	537	0
bf0a69811f60bdf85baf6d69	0	176	bf0a69811f60bdf85baf6d69::background::79::bundle:/store/user/iturkmen/hh4b_delphes/run2_13tev/frozen_v2/bundles/qcd_hardqcd_importance_adaptive1500k_phys_wave3_20260718/qcd_hardqcd_importance_adaptive1500k_phys_wave3_20260718_bin00_pthat50to75_shard1099_seed1201099_bundle.tar.gz	background	qcd_hardqcd	primary_physical_background	False	123	0
bfc9c74d68ae59f0b2f11071	0	324	bfc9c74d68ae59f0b2f11071::background::489::bundle:/store/user/iturkmen/hh4b_delphes/run2_13tev/frozen_v2/bundles/unified_background_5m_waveb_priority_scale400k_20260721_v1/ttz_zbb_run2_frozen_v2_waveb_scale400k_shard2103_10000evt_bundle.tar.gz	background	ttz_zbb	primary_physical_background	False	9070	0
bfe3673040e4fac0332b46cb	0	440	bfe3673040e4fac0332b46cb::signal::70::ggf_shard_070	signal	ggf_hh4b	primary_physical_signal	False	570	194
c167b5fe28b439d712d0ed31	0	179	c167b5fe28b439d712d0ed31::background::50::bundle:/store/user/iturkmen/hh4b_delphes/run2_13tev/frozen_v2/bundles/qcd_hardqcd_importance_adaptive1500k_phys_wave3_20260718/qcd_hardqcd_importance_adaptive1500k_phys_wave3_20260718_bin00_pthat50to75_shard1057_seed1201057_bundle.tar.gz	background	qcd_hardqcd	primary_physical_background	False	111	0
c1d20591c2e9ebe1f88a03fa	0	317	c1d20591c2e9ebe1f88a03fa::background::485::bundle:/store/user/iturkmen/hh4b_delphes/run2_13tev/frozen_v2/bundles/unified_background_5m_waveb_priority_pilots10k_20260721_v1/tttt_run2_frozen_v2_waveb_pilot_shard1003_10000evt_bundle.tar.gz	background	tttt	primary_physical_background	False	9932	0
c3243743a4a6a550a9c5c805	0	31	c3243743a4a6a550a9c5c805::background::12::bundle:/store/user/iturkmen/hh4b_delphes/run2_13tev/frozen_v2/bundles/ggh_hbb_scaleout90k_20260722_v1/ggh_hbb_run2_frozen_v2_train_shard9708_10k_bundle.tar.gz	background	ggh_hbb	primary_physical_background	False	802	0
cad7d87f15a91605dc239aa7	0	185	cad7d87f15a91605dc239aa7::background::144::bundle:/store/user/iturkmen/hh4b_delphes/run2_13tev/frozen_v2/bundles/qcd_hardqcd_importance_adaptive1500k_phys_wave3_20260718/qcd_hardqcd_importance_adaptive1500k_phys_wave3_20260718_bin06_pthat700to1000_shard1181_seed1261181_bundle.tar.gz	background	qcd_hardqcd	primary_physical_background	False	5992	0
cc4862077fc6c6a96c44cf57	0	442	cc4862077fc6c6a96c44cf57::signal::75::ggf_shard_075	signal	ggf_hh4b	primary_physical_signal	False	575	218
cdf2d49cc011f7c782d20e7d	0	186	cdf2d49cc011f7c782d20e7d::background::60::bundle:/store/user/iturkmen/hh4b_delphes/run2_13tev/frozen_v2/bundles/qcd_hardqcd_importance_adaptive1500k_phys_wave3_20260718/qcd_hardqcd_importance_adaptive1500k_phys_wave3_20260718_bin00_pthat50to75_shard1071_seed1201071_bundle.tar.gz	background	qcd_hardqcd	primary_physical_background	False	133	0
cfdc7ce5e7ae1aae839cfeb5	0	462	cfdc7ce5e7ae1aae839cfeb5::signal::107::vbf_hh4b_sm_run2_frozen_v2_train_shard9407_10k	signal	vbf_hh4b	primary_physical_signal	False	6356	1965
d1a1bafcae23ca1be1c2f36b	0	446	d1a1bafcae23ca1be1c2f36b::signal::65::ggf_shard_065	signal	ggf_hh4b	primary_physical_signal	False	600	213
d54e5613704e7e856664fc8d	0	369	d54e5613704e7e856664fc8d::background::469::bundle:/store/user/iturkmen/hh4b_delphes/run2_13tev/frozen_v2/bundles/unified_background_5m_wavea_zbbbb_remaining15_20260721_v1/zbbbb_run2_frozen_v2_unified5m_wavea_shard016_10k_bundle.tar.gz	background	zbbbb	primary_physical_background	False	2908	0
d851555557986be4b7e0510a	0	301	d851555557986be4b7e0510a::background::385::bundle:/store/user/iturkmen/hh4b_delphes/run2_13tev/frozen_v2/bundles/unified_background_5m_wavea_proven111_20260720_v1/ttbar_inclusive_run2_frozen_v2_unified5m_wavea_shard012_10k_bundle.tar.gz	background	ttbar_inclusive	primary_physical_background	False	6495	0
d9be722e0839d93162bc33e3	0	195	d9be722e0839d93162bc33e3::background::170::bundle:/store/user/iturkmen/hh4b_delphes/run2_13tev/frozen_v2/bundles/qcd_hardqcd_importance_adaptive500k_phys_20260717_0022/qcd_hardqcd_importance_adaptive500k_phys_20260717_0022_bin00_pthat50to75_shard1848_seed1201848_bundle.tar.gz	background	qcd_hardqcd	primary_physical_background	False	144	0
dcbb32effe2c555c38aa9693	0	350	dcbb32effe2c555c38aa9693::background::517::bundle:/store/user/iturkmen/hh4b_delphes/run2_13tev/frozen_v2/bundles/unified_background_5m_wavec1_scaleout180k_20260721_v2/wz_zbb_run2_frozen_v2_wavec1_scaleout_shard3503_10kevt_bundle.tar.gz	background	wz_zbb	primary_physical_background	False	1244	0
e0f552f9471fa8c08d1443ca	0	199	e0f552f9471fa8c08d1443ca::background::165::bundle:/store/user/iturkmen/hh4b_delphes/run2_13tev/frozen_v2/bundles/qcd_hardqcd_importance_adaptive500k_phys_20260717_0022/qcd_hardqcd_importance_adaptive500k_phys_20260717_0022_bin00_pthat50to75_shard1843_seed1201843_bundle.tar.gz	background	qcd_hardqcd	primary_physical_background	False	137	0
e2e1045cd38dfcd0a9bd664d	0	305	e2e1045cd38dfcd0a9bd664d::background::435::bundle:/store/user/iturkmen/hh4b_delphes/run2_13tev/frozen_v2/bundles/unified_background_5m_wavea_proven111_20260720_v1/ttbar_inclusive_run2_frozen_v2_unified5m_wavea_shard007_10k_bundle.tar.gz	background	ttbar_inclusive	primary_physical_background	False	6465	0
e4200a8934df966fe4707b12	0	332	e4200a8934df966fe4707b12::background::302::bundle:/store/user/iturkmen/hh4b_delphes/run2_13tev/frozen_v2/bundles/unified_background_5m_single_top_scaleout280k_20260722_v1/tw_top_run2_frozen_v2_single_top_scaleout_shard4317_10kevt_bundle.tar.gz	background	tw_top	primary_physical_background	False	4635	0
e831cad844385a3d684c4829	0	203	e831cad844385a3d684c4829::background::159::bundle:/store/user/iturkmen/hh4b_delphes/run2_13tev/frozen_v2/bundles/qcd_hardqcd_importance_adaptive500k_phys_20260717_0022/qcd_hardqcd_importance_adaptive500k_phys_20260717_0022_bin00_pthat50to75_shard1835_seed1201835_bundle.tar.gz	background	qcd_hardqcd	primary_physical_background	False	126	0
e913062b5f3e6b74057d1360	0	9	e913062b5f3e6b74057d1360::background::360::bundle:/store/user/iturkmen/hh4b_delphes/run2_13tev/frozen_v2/bundles/unified_background_5m_wavea_proven111_20260720_v1/qcd_bbbb_general_run2_frozen_v2_unified5m_wavea_shard006_10k_bundle.tar.gz	background	qcd_bbbb_general	auxiliary_qcd_classification_only	True	2969	0
e9aef2a6443a5dc54ae14090	0	204	e9aef2a6443a5dc54ae14090::background::93::bundle:/store/user/iturkmen/hh4b_delphes/run2_13tev/frozen_v2/bundles/qcd_hardqcd_importance_adaptive1500k_phys_wave3_20260718/qcd_hardqcd_importance_adaptive1500k_phys_wave3_20260718_bin01_pthat75to100_shard1116_seed1211116_bundle.tar.gz	background	qcd_hardqcd	primary_physical_background	False	573	0
ea117128b9596f005587e5ac	0	205	ea117128b9596f005587e5ac::background::59::bundle:/store/user/iturkmen/hh4b_delphes/run2_13tev/frozen_v2/bundles/qcd_hardqcd_importance_adaptive1500k_phys_wave3_20260718/qcd_hardqcd_importance_adaptive1500k_phys_wave3_20260718_bin00_pthat50to75_shard1070_seed1201070_bundle.tar.gz	background	qcd_hardqcd	primary_physical_background	False	126	0
ed505dd84175c8656100b75e	0	207	ed505dd84175c8656100b75e::background::198::bundle:/store/user/iturkmen/hh4b_delphes/run2_13tev/frozen_v2/bundles/qcd_hardqcd_importance_adaptive500k_phys_wave2_20260717/qcd_hardqcd_importance_adaptive500k_phys_wave2_20260717_bin00_pthat50to75_shard9784_seed1209784_bundle.tar.gz	background	qcd_hardqcd	primary_physical_background	False	129	0
ed8dcb86ba6f9b5013d5a8e1	0	321	ed8dcb86ba6f9b5013d5a8e1::background::500::bundle:/store/user/iturkmen/hh4b_delphes/run2_13tev/frozen_v2/bundles/unified_background_5m_wavec1_scaleout180k_20260721_v2/ttw_run2_frozen_v2_wavec1_scaleout_shard3402_10kevt_bundle.tar.gz	background	ttw	primary_physical_background	False	7932	0
ee384ac1ea933b9645b23f6a	0	208	ee384ac1ea933b9645b23f6a::background::162::bundle:/store/user/iturkmen/hh4b_delphes/run2_13tev/frozen_v2/bundles/qcd_hardqcd_importance_adaptive500k_phys_20260717_0022/qcd_hardqcd_importance_adaptive500k_phys_20260717_0022_bin00_pthat50to75_shard1838_seed1201838_bundle.tar.gz	background	qcd_hardqcd	primary_physical_background	False	135	0
ee8f9dd05fe78fdb6151cb18	0	454	ee8f9dd05fe78fdb6151cb18::signal::49::ggf_shard_049	signal	ggf_hh4b	primary_physical_signal	False	579	211
f42922534497e38e4ff6f397	0	328	f42922534497e38e4ff6f397::background::297::bundle:/store/user/iturkmen/hh4b_delphes/run2_13tev/frozen_v2/bundles/unified_background_5m_single_top_scaleout280k_20260722_v1/tw_antitop_run2_frozen_v2_single_top_scaleout_shard4324_10kevt_bundle.tar.gz	background	tw_antitop	primary_physical_background	False	4731	0
f9a1fcf42412823ab3d16a6e	0	311	f9a1fcf42412823ab3d16a6e::background::335::event_parquet:/uscms_data/d3/iturkmen/hh4b_delphes/parquet/ttbar_200k_shard006_event_summary.parquet	background	ttbar_inclusive	primary_physical_background	False	6703	0
fa6cf9ebbfb98be8f02b4de8	0	215	fa6cf9ebbfb98be8f02b4de8::background::176::bundle:/store/user/iturkmen/hh4b_delphes/run2_13tev/frozen_v2/bundles/qcd_hardqcd_importance_adaptive500k_phys_20260717_0022/qcd_hardqcd_importance_adaptive500k_phys_20260717_0022_bin01_pthat75to100_shard1856_seed1211856_bundle.tar.gz	background	qcd_hardqcd	primary_physical_background	False	562	0
fc4fb58d7b622f21aacf4b4f	0	216	fc4fb58d7b622f21aacf4b4f::background::39::bundle:/store/user/iturkmen/hh4b_delphes/run2_13tev/frozen_v2/bundles/qcd_hardqcd_importance_adaptive1500k_phys_wave3_20260718/qcd_hardqcd_importance_adaptive1500k_phys_wave3_20260718_bin00_pthat50to75_shard1040_seed1201040_bundle.tar.gz	background	qcd_hardqcd	primary_physical_background	False	136	0
033c63280e6c94af8af37984	1	337	033c63280e6c94af8af37984::background::506::bundle:/store/user/iturkmen/hh4b_delphes/run2_13tev/frozen_v2/bundles/unified_background_5m_wavec1_scaleout180k_20260721_v2/wh_hbb_run2_frozen_v2_wavec1_scaleout_shard3302_10kevt_bundle.tar.gz	background	wh_hbb	primary_physical_background	False	2095	0
072351ae165eaf96578cd69e	1	233	072351ae165eaf96578cd69e::background::415::bundle:/store/user/iturkmen/hh4b_delphes/run2_13tev/frozen_v2/bundles/unified_background_5m_wavea_proven111_20260720_v1/ttbar_inclusive_run2_frozen_v2_unified5m_wavea_shard047_10k_bundle.tar.gz	background	ttbar_inclusive	primary_physical_background	False	6351	0
0d654a7ec7bd5d190951df7f	1	235	0d654a7ec7bd5d190951df7f::background::386::bundle:/store/user/iturkmen/hh4b_delphes/run2_13tev/frozen_v2/bundles/unified_background_5m_wavea_proven111_20260720_v1/ttbar_inclusive_run2_frozen_v2_unified5m_wavea_shard013_10k_bundle.tar.gz	background	ttbar_inclusive	primary_physical_background	False	6363	0
1494147487a3188bf4ba5dba	1	239	1494147487a3188bf4ba5dba::background::409::bundle:/store/user/iturkmen/hh4b_delphes/run2_13tev/frozen_v2/bundles/unified_background_5m_wavea_proven111_20260720_v1/ttbar_inclusive_run2_frozen_v2_unified5m_wavea_shard040_10k_bundle.tar.gz	background	ttbar_inclusive	primary_physical_background	False	6391	0
1bee4336cb3685c3fab75c05	1	48	1bee4336cb3685c3fab75c05::background::115::bundle:/store/user/iturkmen/hh4b_delphes/run2_13tev/frozen_v2/bundles/qcd_hardqcd_importance_adaptive1500k_phys_wave3_20260718/qcd_hardqcd_importance_adaptive1500k_phys_wave3_20260718_bin01_pthat75to100_shard1144_seed1211144_bundle.tar.gz	background	qcd_hardqcd	primary_physical_background	False	581	0
212b1c57441055b7a9c9fbb1	1	243	212b1c57441055b7a9c9fbb1::background::432::bundle:/store/user/iturkmen/hh4b_delphes/run2_13tev/frozen_v2/bundles/unified_background_5m_wavea_proven111_20260720_v1/ttbar_inclusive_run2_frozen_v2_unified5m_wavea_shard066_10k_bundle.tar.gz	background	ttbar_inclusive	primary_physical_background	False	6319	0
22579e48074d70b05aab8079	1	54	22579e48074d70b05aab8079::background::189::bundle:/store/user/iturkmen/hh4b_delphes/run2_13tev/frozen_v2/bundles/qcd_hardqcd_importance_adaptive500k_phys_wave2_20260717/qcd_hardqcd_importance_adaptive500k_phys_wave2_20260717_bin00_pthat50to75_shard9773_seed1209773_bundle.tar.gz	background	qcd_hardqcd	primary_physical_background	False	120	0
24553efcd3b3e4cf989bee14	1	55	24553efcd3b3e4cf989bee14::background::41::bundle:/store/user/iturkmen/hh4b_delphes/run2_13tev/frozen_v2/bundles/qcd_hardqcd_importance_adaptive1500k_phys_wave3_20260718/qcd_hardqcd_importance_adaptive1500k_phys_wave3_20260718_bin00_pthat50to75_shard1042_seed1201042_bundle.tar.gz	background	qcd_hardqcd	primary_physical_background	False	122	0
2458e0e0077b4b360490aa0b	1	329	2458e0e0077b4b360490aa0b::background::306::bundle:/store/user/iturkmen/hh4b_delphes/run2_13tev/frozen_v2/bundles/unified_background_5m_single_top_scaleout280k_20260722_v1/tw_top_run2_frozen_v2_single_top_scaleout_shard4321_10kevt_bundle.tar.gz	background	tw_top	primary_physical_background	False	4603	0
28cad4a2f5ab5c25d207948a	1	60	28cad4a2f5ab5c25d207948a::background::64::bundle:/store/user/iturkmen/hh4b_delphes/run2_13tev/frozen_v2/bundles/qcd_hardqcd_importance_adaptive1500k_phys_wave3_20260718/qcd_hardqcd_importance_adaptive1500k_phys_wave3_20260718_bin00_pthat50to75_shard1076_seed1201076_bundle.tar.gz	background	qcd_hardqcd	primary_physical_background	False	144	0
2a8f67ec124cd0c098bf7bbd	1	246	2a8f67ec124cd0c098bf7bbd::background::381::bundle:/store/user/iturkmen/hh4b_delphes/run2_13tev/frozen_v2/bundles/unified_background_5m_wavea_pilots_20260720_retry1/ttbar_inclusive_run2_frozen_v2_unified5m_pilot_shard000_10k_bundle.tar.gz	background	ttbar_inclusive	primary_physical_background	False	6422	0
2af952184deedee108a2153e	1	392	2af952184deedee108a2153e::signal::52::ggf_shard_052	signal	ggf_hh4b	primary_physical_signal	False	576	180
2bce797964cf5af141e4525f	1	14	2bce797964cf5af141e4525f::background::372::bundle:/store/user/iturkmen/hh4b_delphes/run2_13tev/frozen_v2/bundles/unified_background_5m_wavea_proven111_20260720_v1/qcd_bbbb_iht400to600_run2_frozen_v2_unified5m_wavea_shard002_10k_bundle.tar.gz	background	qcd_bbbb_iht400to600	auxiliary_qcd_classification_only	True	8061	0
327bb09e0e0015775b8e6ff0	1	397	327bb09e0e0015775b8e6ff0::signal::33::ggf_shard_033	signal	ggf_hh4b	primary_physical_signal	False	580	186
365f7cea18504cdf9e08046b	1	228	365f7cea18504cdf9e08046b::background::287::bundle:/store/user/iturkmen/hh4b_delphes/run2_13tev/frozen_v2/bundles/unified_background_5m_single_top_pilot50k_20260722_v1/tchannel_top_run2_frozen_v2_single_top_pilot_shard4201_10kevt_bundle.tar.gz	background	tchannel_top	primary_physical_background	False	2270	0
369607981cba9e3f933173ba	1	69	369607981cba9e3f933173ba::background::153::bundle:/store/user/iturkmen/hh4b_delphes/run2_13tev/frozen_v2/bundles/qcd_hardqcd_importance_adaptive500k_phys_20260717_0022/qcd_hardqcd_importance_adaptive500k_phys_20260717_0022_bin00_pthat50to75_shard1826_seed1201826_bundle.tar.gz	background	qcd_hardqcd	primary_physical_background	False	126	0
3da88a15811d3039fa596d87	1	76	3da88a15811d3039fa596d87::background::82::bundle:/store/user/iturkmen/hh4b_delphes/run2_13tev/frozen_v2/bundles/qcd_hardqcd_importance_adaptive1500k_phys_wave3_20260718/qcd_hardqcd_importance_adaptive1500k_phys_wave3_20260718_bin00_pthat50to75_shard1102_seed1201102_bundle.tar.gz	background	qcd_hardqcd	primary_physical_background	False	145	0
3faaceda80411cc24d45d24c	1	78	3faaceda80411cc24d45d24c::background::81::bundle:/store/user/iturkmen/hh4b_delphes/run2_13tev/frozen_v2/bundles/qcd_hardqcd_importance_adaptive1500k_phys_wave3_20260718/qcd_hardqcd_importance_adaptive1500k_phys_wave3_20260718_bin00_pthat50to75_shard1101_seed1201101_bundle.tar.gz	background	qcd_hardqcd	primary_physical_background	False	130	0
41ffdcf26e0a406be3a3a34a	1	81	41ffdcf26e0a406be3a3a34a::background::192::bundle:/store/user/iturkmen/hh4b_delphes/run2_13tev/frozen_v2/bundles/qcd_hardqcd_importance_adaptive500k_phys_wave2_20260717/qcd_hardqcd_importance_adaptive500k_phys_wave2_20260717_bin00_pthat50to75_shard9776_seed1209776_bundle.tar.gz	background	qcd_hardqcd	primary_physical_background	False	139	0
4298e3a1d402c2443115f116	1	251	4298e3a1d402c2443115f116::background::400::bundle:/store/user/iturkmen/hh4b_delphes/run2_13tev/frozen_v2/bundles/unified_background_5m_wavea_proven111_20260720_v1/ttbar_inclusive_run2_frozen_v2_unified5m_wavea_shard003_10k_bundle.tar.gz	background	ttbar_inclusive	primary_physical_background	False	6496	0
43cacf9907182386c714deb0	1	405	43cacf9907182386c714deb0::signal::78::ggf_shard_078	signal	ggf_hh4b	primary_physical_signal	False	576	189
4882f035b3e6e255725894b5	1	85	4882f035b3e6e255725894b5::background::147::bundle:/store/user/iturkmen/hh4b_delphes/run2_13tev/frozen_v2/bundles/qcd_hardqcd_importance_adaptive500k_phys_20260717_0022/qcd_hardqcd_importance_adaptive500k_phys_20260717_0022_bin00_pthat50to75_shard1820_seed1201820_bundle.tar.gz	background	qcd_hardqcd	primary_physical_background	False	144	0
48da485c475d0d0e14308bf5	1	406	48da485c475d0d0e14308bf5::signal::0::ggf_shard_000	signal	ggf_hh4b	primary_physical_signal	False	579	206
49a2638e63d98ff43df450c1	1	89	49a2638e63d98ff43df450c1::background::207::bundle:/store/user/iturkmen/hh4b_delphes/run2_13tev/frozen_v2/bundles/qcd_hardqcd_importance_adaptive500k_phys_wave2_20260717/qcd_hardqcd_importance_adaptive500k_phys_wave2_20260717_bin00_pthat50to75_shard9801_seed1209801_bundle.tar.gz	background	qcd_hardqcd	primary_physical_background	False	117	0
4b23df1afb18cd2abd379780	1	90	4b23df1afb18cd2abd379780::background::175::bundle:/store/user/iturkmen/hh4b_delphes/run2_13tev/frozen_v2/bundles/qcd_hardqcd_importance_adaptive500k_phys_20260717_0022/qcd_hardqcd_importance_adaptive500k_phys_20260717_0022_bin01_pthat75to100_shard1855_seed1211855_bundle.tar.gz	background	qcd_hardqcd	primary_physical_background	False	640	0
4e58a8f1c085735911c8ea56	1	256	4e58a8f1c085735911c8ea56::background::392::bundle:/store/user/iturkmen/hh4b_delphes/run2_13tev/frozen_v2/bundles/unified_background_5m_wavea_proven111_20260720_v1/ttbar_inclusive_run2_frozen_v2_unified5m_wavea_shard020_10k_bundle.tar.gz	background	ttbar_inclusive	primary_physical_background	False	6419	0
4f1e219173f9a046578e39a5	1	257	4f1e219173f9a046578e39a5::background::327::event_parquet:/uscms_data/d3/iturkmen/hh4b_delphes/parquet/ttbar_100k_shard007_event_summary.parquet	background	ttbar_inclusive	primary_physical_background	False	6599	0
50c17982fbf2dcc3aa3dcac3	1	96	50c17982fbf2dcc3aa3dcac3::background::188::bundle:/store/user/iturkmen/hh4b_delphes/run2_13tev/frozen_v2/bundles/qcd_hardqcd_importance_adaptive500k_phys_20260717_0022/qcd_hardqcd_importance_adaptive500k_phys_20260717_0022_bin07_pthat1000toInf_shard1871_seed1271871_bundle.tar.gz	background	qcd_hardqcd	primary_physical_background	False	6067	0
51cf8078801992c04d6ce933	1	258	51cf8078801992c04d6ce933::background::403::bundle:/store/user/iturkmen/hh4b_delphes/run2_13tev/frozen_v2/bundles/unified_background_5m_wavea_proven111_20260720_v1/ttbar_inclusive_run2_frozen_v2_unified5m_wavea_shard032_10k_bundle.tar.gz	background	ttbar_inclusive	primary_physical_background	False	6357	0
55005e34cb7ab35fac9ca40e	1	222	55005e34cb7ab35fac9ca40e::background::284::bundle:/store/user/iturkmen/hh4b_delphes/run2_13tev/frozen_v2/bundles/unified_background_5m_single_top_scaleout280k_20260722_v1/tchannel_antitop_run2_frozen_v2_single_top_scaleout_shard4312_10kevt_bundle.tar.gz	background	tchannel_antitop	primary_physical_background	False	2305	0
553a19c0232e5c467d99a913	1	459	553a19c0232e5c467d99a913::signal::106::vbf_hh4b_sm_run2_frozen_v2_train_shard9406_10k	signal	vbf_hh4b	primary_physical_signal	False	6307	1992
554693ea991d325b22636467	1	2	554693ea991d325b22636467::background::357::bundle:/store/user/iturkmen/hh4b_delphes/run2_13tev/frozen_v2/bundles/unified_background_5m_wavea_proven111_20260720_v1/qcd_bbbb_general_run2_frozen_v2_unified5m_wavea_shard002_10k_bundle.tar.gz	background	qcd_bbbb_general	auxiliary_qcd_classification_only	True	2920	0
5ef002a554188a84550fd907	1	345	5ef002a554188a84550fd907::background::311::bundle:/store/user/iturkmen/hh4b_delphes/run2_13tev/frozen_v2/bundles/final_background_triboson_zbb_scaleout40k_20260722_v1/wwz_zbb_run2_frozen_v2_train_shard9903_5200_bundle.tar.gz	background	wwz_zbb	primary_physical_background	False	2522	0
61a9c87f29abee5f054cf3dc	1	354	61a9c87f29abee5f054cf3dc::background::316::bundle:/store/user/iturkmen/hh4b_delphes/run2_13tev/frozen_v2/bundles/final_background_triboson_zbb_scaleout40k_20260722_v1/wzz_zbb_run2_frozen_v2_train_shard9913_3300_bundle.tar.gz	background	wzz_zbb	primary_physical_background	False	1489	0
6898f98238d3c3fd31ffa828	1	118	6898f98238d3c3fd31ffa828::background::52::bundle:/store/user/iturkmen/hh4b_delphes/run2_13tev/frozen_v2/bundles/qcd_hardqcd_importance_adaptive1500k_phys_wave3_20260718/qcd_hardqcd_importance_adaptive1500k_phys_wave3_20260718_bin00_pthat50to75_shard1059_seed1201059_bundle.tar.gz	background	qcd_hardqcd	primary_physical_background	False	136	0
6b17060f283655da93e0921e	1	25	6b17060f283655da93e0921e::background::0::bundle:/store/user/iturkmen/hh4b_delphes/run2_13tev/frozen_v2/bundles/bbh_hbb_4fs_scaleout40k_20260722_v1/bbh_hbb_4fs_run2_frozen_v2_train_shard9801_10k_bundle.tar.gz	background	bbh_hbb_4fs	primary_physical_background	False	3154	0
6da028860451de9aba8f1b92	1	120	6da028860451de9aba8f1b92::background::92::bundle:/store/user/iturkmen/hh4b_delphes/run2_13tev/frozen_v2/bundles/qcd_hardqcd_importance_adaptive1500k_phys_wave3_20260718/qcd_hardqcd_importance_adaptive1500k_phys_wave3_20260718_bin01_pthat75to100_shard1115_seed1211115_bundle.tar.gz	background	qcd_hardqcd	primary_physical_background	False	596	0
6f598d53ae37f540978d9afd	1	121	6f598d53ae37f540978d9afd::background::143::bundle:/store/user/iturkmen/hh4b_delphes/run2_13tev/frozen_v2/bundles/qcd_hardqcd_importance_adaptive1500k_phys_wave3_20260718/qcd_hardqcd_importance_adaptive1500k_phys_wave3_20260718_bin05_pthat500to700_shard1180_seed1251180_bundle.tar.gz	background	qcd_hardqcd	primary_physical_background	False	5482	0
701a4fd6225ecb01b2c72831	1	122	701a4fd6225ecb01b2c72831::background::177::bundle:/store/user/iturkmen/hh4b_delphes/run2_13tev/frozen_v2/bundles/qcd_hardqcd_importance_adaptive500k_phys_20260717_0022/qcd_hardqcd_importance_adaptive500k_phys_20260717_0022_bin01_pthat75to100_shard1857_seed1211857_bundle.tar.gz	background	qcd_hardqcd	primary_physical_background	False	419	0
70ffb1b2cf387f87e7174ff2	1	123	70ffb1b2cf387f87e7174ff2::background::99::bundle:/store/user/iturkmen/hh4b_delphes/run2_13tev/frozen_v2/bundles/qcd_hardqcd_importance_adaptive1500k_phys_wave3_20260718/qcd_hardqcd_importance_adaptive1500k_phys_wave3_20260718_bin01_pthat75to100_shard1125_seed1211125_bundle.tar.gz	background	qcd_hardqcd	primary_physical_background	False	583	0
74375f832cd500bff96c6a50	1	126	74375f832cd500bff96c6a50::background::61::bundle:/store/user/iturkmen/hh4b_delphes/run2_13tev/frozen_v2/bundles/qcd_hardqcd_importance_adaptive1500k_phys_wave3_20260718/qcd_hardqcd_importance_adaptive1500k_phys_wave3_20260718_bin00_pthat50to75_shard1072_seed1201072_bundle.tar.gz	background	qcd_hardqcd	primary_physical_background	False	148	0
76e146dba8c117d75731904b	1	129	76e146dba8c117d75731904b::background::119::bundle:/store/user/iturkmen/hh4b_delphes/run2_13tev/frozen_v2/bundles/qcd_hardqcd_importance_adaptive1500k_phys_wave3_20260718/qcd_hardqcd_importance_adaptive1500k_phys_wave3_20260718_bin01_pthat75to100_shard1148_seed1211148_bundle.tar.gz	background	qcd_hardqcd	primary_physical_background	False	596	0
7b270a89fd2b65f7cfdbab53	1	273	7b270a89fd2b65f7cfdbab53::background::431::bundle:/store/user/iturkmen/hh4b_delphes/run2_13tev/frozen_v2/bundles/unified_background_5m_wavea_proven111_20260720_v1/ttbar_inclusive_run2_frozen_v2_unified5m_wavea_shard065_10k_bundle.tar.gz	background	ttbar_inclusive	primary_physical_background	False	6383	0
83652cb739d9d39fbbbc93c6	1	349	83652cb739d9d39fbbbc93c6::background::515::bundle:/store/user/iturkmen/hh4b_delphes/run2_13tev/frozen_v2/bundles/unified_background_5m_wavec1_scaleout180k_20260721_v2/wz_zbb_run2_frozen_v2_wavec1_scaleout_shard3501_10kevt_bundle.tar.gz	background	wz_zbb	primary_physical_background	False	1193	0
8685b4c4aad4333b8c26c4d6	1	139	8685b4c4aad4333b8c26c4d6::background::94::bundle:/store/user/iturkmen/hh4b_delphes/run2_13tev/frozen_v2/bundles/qcd_hardqcd_importance_adaptive1500k_phys_wave3_20260718/qcd_hardqcd_importance_adaptive1500k_phys_wave3_20260718_bin01_pthat75to100_shard1117_seed1211117_bundle.tar.gz	background	qcd_hardqcd	primary_physical_background	False	586	0
883cde2439e6efaaafe5691f	1	4	883cde2439e6efaaafe5691f::background::361::bundle:/store/user/iturkmen/hh4b_delphes/run2_13tev/frozen_v2/bundles/unified_background_5m_wavea_proven111_20260720_v1/qcd_bbbb_general_run2_frozen_v2_unified5m_wavea_shard007_10k_bundle.tar.gz	background	qcd_bbbb_general	auxiliary_qcd_classification_only	True	2923	0
8e0aa4631d1190f8a8484606	1	5	8e0aa4631d1190f8a8484606::background::353::bundle:/store/user/iturkmen/hh4b_delphes/run2_13tev/frozen_v2/bundles/unified_background_5m_wavea_proven111_20260720_v1/qcd_bbbb_general_run2_frozen_v2_unified5m_wavea_shard010_10k_bundle.tar.gz	background	qcd_bbbb_general	auxiliary_qcd_classification_only	True	2953	0
91f658096aa78e4832aa35b6	1	336	91f658096aa78e4832aa35b6::background::495::bundle:/store/user/iturkmen/hh4b_delphes/run2_13tev/frozen_v2/bundles/unified_background_5m_waveb_priority_scale400k_20260721_v1/vbf_hbb_run2_frozen_v2_waveb_scale400k_shard2305_10000evt_bundle.tar.gz	background	vbf_hbb	primary_physical_background	False	2469	0
92de7601b708423913266367	1	421	92de7601b708423913266367::signal::6::ggf_shard_006	signal	ggf_hh4b	primary_physical_signal	False	556	192
9469a2a367f8b919dc1dc3d9	1	282	9469a2a367f8b919dc1dc3d9::background::434::bundle:/store/user/iturkmen/hh4b_delphes/run2_13tev/frozen_v2/bundles/unified_background_5m_wavea_proven111_20260720_v1/ttbar_inclusive_run2_frozen_v2_unified5m_wavea_shard068_10k_bundle.tar.gz	background	ttbar_inclusive	primary_physical_background	False	6397	0
98171249eef4d6f22e76b4f8	1	286	98171249eef4d6f22e76b4f8::background::390::bundle:/store/user/iturkmen/hh4b_delphes/run2_13tev/frozen_v2/bundles/unified_background_5m_wavea_proven111_20260720_v1/ttbar_inclusive_run2_frozen_v2_unified5m_wavea_shard018_10k_bundle.tar.gz	background	ttbar_inclusive	primary_physical_background	False	6409	0
982d685a97862d69fd8d9550	1	361	982d685a97862d69fd8d9550::background::473::bundle:/store/user/iturkmen/hh4b_delphes/run2_13tev/frozen_v2/bundles/unified_background_5m_wavea_zbbbb_remaining15_20260721_v1/zbbbb_run2_frozen_v2_unified5m_wavea_shard021_10k_bundle.tar.gz	background	zbbbb	primary_physical_background	False	2831	0
9a799be2c37d183aecd2bb36	1	154	9a799be2c37d183aecd2bb36::background::109::bundle:/store/user/iturkmen/hh4b_delphes/run2_13tev/frozen_v2/bundles/qcd_hardqcd_importance_adaptive1500k_phys_wave3_20260718/qcd_hardqcd_importance_adaptive1500k_phys_wave3_20260718_bin01_pthat75to100_shard1137_seed1211137_bundle.tar.gz	background	qcd_hardqcd	primary_physical_background	False	600	0
9c61ba98080c71d6f467f759	1	155	9c61ba98080c71d6f467f759::background::91::bundle:/store/user/iturkmen/hh4b_delphes/run2_13tev/frozen_v2/bundles/qcd_hardqcd_importance_adaptive1500k_phys_wave3_20260718/qcd_hardqcd_importance_adaptive1500k_phys_wave3_20260718_bin01_pthat75to100_shard1114_seed1211114_bundle.tar.gz	background	qcd_hardqcd	primary_physical_background	False	561	0
9d7ac3bcb6a5484ccbe9e9ca	1	362	9d7ac3bcb6a5484ccbe9e9ca::background::464::bundle:/store/user/iturkmen/hh4b_delphes/run2_13tev/frozen_v2/bundles/unified_background_5m_wavea_zbbbb_remaining15_20260721_v1/zbbbb_run2_frozen_v2_unified5m_wavea_shard010_10k_bundle.tar.gz	background	zbbbb	primary_physical_background	False	2870	0
9e101fcc8d166030a2422f6e	1	363	9e101fcc8d166030a2422f6e::background::461::bundle:/store/user/iturkmen/hh4b_delphes/run2_13tev/frozen_v2/bundles/unified_background_5m_wavea_proven111_20260720_v1/zbbbb_run2_frozen_v2_unified5m_wavea_shard006_10k_bundle.tar.gz	background	zbbbb	primary_physical_background	False	2919	0
a14cd6acf4b6d5c65abe4e74	1	156	a14cd6acf4b6d5c65abe4e74::background::54::bundle:/store/user/iturkmen/hh4b_delphes/run2_13tev/frozen_v2/bundles/qcd_hardqcd_importance_adaptive1500k_phys_wave3_20260718/qcd_hardqcd_importance_adaptive1500k_phys_wave3_20260718_bin00_pthat50to75_shard1061_seed1201061_bundle.tar.gz	background	qcd_hardqcd	primary_physical_background	False	140	0
a1a63ca4d089a39f366a6a8e	1	157	a1a63ca4d089a39f366a6a8e::background::195::bundle:/store/user/iturkmen/hh4b_delphes/run2_13tev/frozen_v2/bundles/qcd_hardqcd_importance_adaptive500k_phys_wave2_20260717/qcd_hardqcd_importance_adaptive500k_phys_wave2_20260717_bin00_pthat50to75_shard9781_seed1209781_bundle.tar.gz	background	qcd_hardqcd	primary_physical_background	False	147	0
a2143f6e461b58252e90ce12	1	158	a2143f6e461b58252e90ce12::background::104::bundle:/store/user/iturkmen/hh4b_delphes/run2_13tev/frozen_v2/bundles/qcd_hardqcd_importance_adaptive1500k_phys_wave3_20260718/qcd_hardqcd_importance_adaptive1500k_phys_wave3_20260718_bin01_pthat75to100_shard1131_seed1211131_bundle.tar.gz	background	qcd_hardqcd	primary_physical_background	False	596	0
a346dfbdef48b2b93fb72db2	1	426	a346dfbdef48b2b93fb72db2::signal::40::ggf_shard_040	signal	ggf_hh4b	primary_physical_signal	False	566	200
a367aed4dfb7a75f2c7b67ce	1	159	a367aed4dfb7a75f2c7b67ce::background::112::bundle:/store/user/iturkmen/hh4b_delphes/run2_13tev/frozen_v2/bundles/qcd_hardqcd_importance_adaptive1500k_phys_wave3_20260718/qcd_hardqcd_importance_adaptive1500k_phys_wave3_20260718_bin01_pthat75to100_shard1141_seed1211141_bundle.tar.gz	background	qcd_hardqcd	primary_physical_background	False	598	0
a4f175231e8b5c3a04f4f77e	1	341	a4f175231e8b5c3a04f4f77e::background::512::bundle:/store/user/iturkmen/hh4b_delphes/run2_13tev/frozen_v2/bundles/unified_background_5m_wavec1_scaleout180k_20260721_v2/ww_run2_frozen_v2_wavec1_scaleout_shard3603_10kevt_bundle.tar.gz	background	ww	primary_physical_background	False	860	0
a51f7aac48cdcbc8f48ec468	1	427	a51f7aac48cdcbc8f48ec468::signal::24::ggf_shard_024	signal	ggf_hh4b	primary_physical_signal	False	560	182
aad357b2b4ed9d0e041bdb53	1	365	aad357b2b4ed9d0e041bdb53::background::472::bundle:/store/user/iturkmen/hh4b_delphes/run2_13tev/frozen_v2/bundles/unified_background_5m_wavea_zbbbb_remaining15_20260721_v1/zbbbb_run2_frozen_v2_unified5m_wavea_shard020_10k_bundle.tar.gz	background	zbbbb	primary_physical_background	False	2900	0
b01df2690d845a4ec70c448d	1	30	b01df2690d845a4ec70c448d::background::5::bundle:/store/user/iturkmen/hh4b_delphes/run2_13tev/frozen_v2/bundles/ggh_hbb_scaleout90k_20260722_v1/ggh_hbb_run2_frozen_v2_train_shard9701_10k_bundle.tar.gz	background	ggh_hbb	primary_physical_background	False	746	0
b4a82a790daca296e3c2df7f	1	316	b4a82a790daca296e3c2df7f::background::488::bundle:/store/user/iturkmen/hh4b_delphes/run2_13tev/frozen_v2/bundles/unified_background_5m_waveb_priority_scale400k_20260721_v1/tttt_run2_frozen_v2_waveb_scale400k_shard2207_10000evt_bundle.tar.gz	background	tttt	primary_physical_background	False	9934	0
b5ee1278b28f90289d44af50	1	295	b5ee1278b28f90289d44af50::background::405::bundle:/store/user/iturkmen/hh4b_delphes/run2_13tev/frozen_v2/bundles/unified_background_5m_wavea_proven111_20260720_v1/ttbar_inclusive_run2_frozen_v2_unified5m_wavea_shard035_10k_bundle.tar.gz	background	ttbar_inclusive	primary_physical_background	False	6385	0
b88c5ed05928184b5697a79e	1	170	b88c5ed05928184b5697a79e::background::40::bundle:/store/user/iturkmen/hh4b_delphes/run2_13tev/frozen_v2/bundles/qcd_hardqcd_importance_adaptive1500k_phys_wave3_20260718/qcd_hardqcd_importance_adaptive1500k_phys_wave3_20260718_bin00_pthat50to75_shard1041_seed1201041_bundle.tar.gz	background	qcd_hardqcd	primary_physical_background	False	148	0
bcb339e2e29d437d1f523598	1	297	bcb339e2e29d437d1f523598::background::407::bundle:/store/user/iturkmen/hh4b_delphes/run2_13tev/frozen_v2/bundles/unified_background_5m_wavea_proven111_20260720_v1/ttbar_inclusive_run2_frozen_v2_unified5m_wavea_shard037_10k_bundle.tar.gz	background	ttbar_inclusive	primary_physical_background	False	6454	0
bdf7d97e40ed15a6f69fd959	1	174	bdf7d97e40ed15a6f69fd959::background::83::bundle:/store/user/iturkmen/hh4b_delphes/run2_13tev/frozen_v2/bundles/qcd_hardqcd_importance_adaptive1500k_phys_wave3_20260718/qcd_hardqcd_importance_adaptive1500k_phys_wave3_20260718_bin00_pthat50to75_shard1104_seed1201104_bundle.tar.gz	background	qcd_hardqcd	primary_physical_background	False	133	0
be9da3dc3b12995f6ee41ccb	1	175	be9da3dc3b12995f6ee41ccb::background::146::bundle:/store/user/iturkmen/hh4b_delphes/run2_13tev/frozen_v2/bundles/qcd_hardqcd_importance_adaptive500k_phys_20260717_0022/qcd_hardqcd_importance_adaptive500k_phys_20260717_0022_bin00_pthat50to75_shard1819_seed1201819_bundle.tar.gz	background	qcd_hardqcd	primary_physical_background	False	146	0
bf8b1ecbd6aa083b8d6d68f6	1	177	bf8b1ecbd6aa083b8d6d68f6::background::73::bundle:/store/user/iturkmen/hh4b_delphes/run2_13tev/frozen_v2/bundles/qcd_hardqcd_importance_adaptive1500k_phys_wave3_20260718/qcd_hardqcd_importance_adaptive1500k_phys_wave3_20260718_bin00_pthat50to75_shard1091_seed1201091_bundle.tar.gz	background	qcd_hardqcd	primary_physical_background	False	120	0
c660746595f512710f2aca2a	1	376	c660746595f512710f2aca2a::background::321::bundle:/store/user/iturkmen/hh4b_delphes/run2_13tev/frozen_v2/bundles/final_background_triboson_zbb_scaleout40k_20260722_v1/zzz_zbb_run2_frozen_v2_train_shard9923_1500_bundle.tar.gz	background	zzz_zbb	primary_physical_background	False	704	0
c91d7624506c21dfaf6d86fc	1	461	c91d7624506c21dfaf6d86fc::signal::104::vbf_hh4b_sm_run2_frozen_v2_train_shard9404_10k	signal	vbf_hh4b	primary_physical_signal	False	6254	1989
caace5f1265848379814527c	1	441	caace5f1265848379814527c::signal::81::ggf_shard_081	signal	ggf_hh4b	primary_physical_signal	False	576	205
ceaf51e54d9ad936f2af541f	1	444	ceaf51e54d9ad936f2af541f::signal::4::ggf_shard_004	signal	ggf_hh4b	primary_physical_signal	False	553	183
d13c9b53836400ed06a41d29	1	189	d13c9b53836400ed06a41d29::background::191::bundle:/store/user/iturkmen/hh4b_delphes/run2_13tev/frozen_v2/bundles/qcd_hardqcd_importance_adaptive500k_phys_wave2_20260717/qcd_hardqcd_importance_adaptive500k_phys_wave2_20260717_bin00_pthat50to75_shard9775_seed1209775_bundle.tar.gz	background	qcd_hardqcd	primary_physical_background	False	140	0
d1bb23222fde702852fcc5e2	1	190	d1bb23222fde702852fcc5e2::background::145::bundle:/store/user/iturkmen/hh4b_delphes/run2_13tev/frozen_v2/bundles/qcd_hardqcd_importance_adaptive1500k_phys_wave3_20260718/qcd_hardqcd_importance_adaptive1500k_phys_wave3_20260718_bin07_pthat1000toInf_shard1182_seed1271182_bundle.tar.gz	background	qcd_hardqcd	primary_physical_background	False	6139	0
d40f85c7143b7f9894499b9f	1	299	d40f85c7143b7f9894499b9f::background::388::bundle:/store/user/iturkmen/hh4b_delphes/run2_13tev/frozen_v2/bundles/unified_background_5m_wavea_proven111_20260720_v1/ttbar_inclusive_run2_frozen_v2_unified5m_wavea_shard016_10k_bundle.tar.gz	background	ttbar_inclusive	primary_physical_background	False	6371	0
d5037d0869ffec0742a1fc4f	1	193	d5037d0869ffec0742a1fc4f::background::34::bundle:/store/user/iturkmen/hh4b_delphes/run2_13tev/frozen_v2/bundles/qcd_hardqcd_importance_adaptive1500k_phys_wave3_20260718/qcd_hardqcd_importance_adaptive1500k_phys_wave3_20260718_bin00_pthat50to75_shard1033_seed1201033_bundle.tar.gz	background	qcd_hardqcd	primary_physical_background	False	131	0
d5f350f87e8b9964fd47c6c4	1	300	d5f350f87e8b9964fd47c6c4::background::396::bundle:/store/user/iturkmen/hh4b_delphes/run2_13tev/frozen_v2/bundles/unified_background_5m_wavea_proven111_20260720_v1/ttbar_inclusive_run2_frozen_v2_unified5m_wavea_shard025_10k_bundle.tar.gz	background	ttbar_inclusive	primary_physical_background	False	6386	0
d87ae41fcff790a5bcb001c0	1	194	d87ae41fcff790a5bcb001c0::background::65::bundle:/store/user/iturkmen/hh4b_delphes/run2_13tev/frozen_v2/bundles/qcd_hardqcd_importance_adaptive1500k_phys_wave3_20260718/qcd_hardqcd_importance_adaptive1500k_phys_wave3_20260718_bin00_pthat50to75_shard1079_seed1201079_bundle.tar.gz	background	qcd_hardqcd	primary_physical_background	False	132	0
d97fa8db39d859b8ec40a988	1	320	d97fa8db39d859b8ec40a988::background::501::bundle:/store/user/iturkmen/hh4b_delphes/run2_13tev/frozen_v2/bundles/unified_background_5m_wavec1_scaleout180k_20260721_v2/ttw_run2_frozen_v2_wavec1_scaleout_shard3403_10kevt_bundle.tar.gz	background	ttw	primary_physical_background	False	7844	0
db851bd542564798669015d6	1	33	db851bd542564798669015d6::background::7::bundle:/store/user/iturkmen/hh4b_delphes/run2_13tev/frozen_v2/bundles/ggh_hbb_scaleout90k_20260722_v1/ggh_hbb_run2_frozen_v2_train_shard9703_10k_bundle.tar.gz	background	ggh_hbb	primary_physical_background	False	766	0
dd74c0dbb7807a9cf79d5774	1	449	dd74c0dbb7807a9cf79d5774::signal::34::ggf_shard_034	signal	ggf_hh4b	primary_physical_signal	False	593	200
ddf00195c30b0ce35b7c3936	1	198	ddf00195c30b0ce35b7c3936::background::48::bundle:/store/user/iturkmen/hh4b_delphes/run2_13tev/frozen_v2/bundles/qcd_hardqcd_importance_adaptive1500k_phys_wave3_20260718/qcd_hardqcd_importance_adaptive1500k_phys_wave3_20260718_bin00_pthat50to75_shard1053_seed1201053_bundle.tar.gz	background	qcd_hardqcd	primary_physical_background	False	144	0
e5ff572c7d0297ac256a6c61	1	202	e5ff572c7d0297ac256a6c61::background::212::bundle:/store/user/iturkmen/hh4b_delphes/run2_13tev/frozen_v2/bundles/qcd_hardqcd_importance_adaptive500k_phys_wave2_20260717/qcd_hardqcd_importance_adaptive500k_phys_wave2_20260717_bin01_pthat75to100_shard9812_seed1219812_bundle.tar.gz	background	qcd_hardqcd	primary_physical_background	False	158	0
e94d61dcf38dfbeb35d97c00	1	307	e94d61dcf38dfbeb35d97c00::background::406::bundle:/store/user/iturkmen/hh4b_delphes/run2_13tev/frozen_v2/bundles/unified_background_5m_wavea_proven111_20260720_v1/ttbar_inclusive_run2_frozen_v2_unified5m_wavea_shard036_10k_bundle.tar.gz	background	ttbar_inclusive	primary_physical_background	False	6549	0
ee933650871c26440c3ba459	1	209	ee933650871c26440c3ba459::background::156::bundle:/store/user/iturkmen/hh4b_delphes/run2_13tev/frozen_v2/bundles/qcd_hardqcd_importance_adaptive500k_phys_20260717_0022/qcd_hardqcd_importance_adaptive500k_phys_20260717_0022_bin00_pthat50to75_shard1830_seed1201830_bundle.tar.gz	background	qcd_hardqcd	primary_physical_background	False	128	0
f12441a60cd7cd2cee2ec8d5	1	455	f12441a60cd7cd2cee2ec8d5::signal::61::ggf_shard_061	signal	ggf_hh4b	primary_physical_signal	False	581	197
f34a6262703836fcc9fc3290	1	212	f34a6262703836fcc9fc3290::background::164::bundle:/store/user/iturkmen/hh4b_delphes/run2_13tev/frozen_v2/bundles/qcd_hardqcd_importance_adaptive500k_phys_20260717_0022/qcd_hardqcd_importance_adaptive500k_phys_20260717_0022_bin00_pthat50to75_shard1840_seed1201840_bundle.tar.gz	background	qcd_hardqcd	primary_physical_background	False	144	0
f4f00d9c34728628f5d0bd7e	1	213	f4f00d9c34728628f5d0bd7e::background::197::bundle:/store/user/iturkmen/hh4b_delphes/run2_13tev/frozen_v2/bundles/qcd_hardqcd_importance_adaptive500k_phys_wave2_20260717/qcd_hardqcd_importance_adaptive500k_phys_wave2_20260717_bin00_pthat50to75_shard9783_seed1209783_bundle.tar.gz	background	qcd_hardqcd	primary_physical_background	False	125	0
fabd00856f2405973059615f	1	22	fabd00856f2405973059615f::background::370::bundle:/store/user/iturkmen/hh4b_delphes/run2_13tev/frozen_v2/bundles/unified_background_5m_wavea_proven111_20260720_v1/qcd_bbbb_iht400to600_run2_frozen_v2_unified5m_wavea_shard012_10k_bundle.tar.gz	background	qcd_bbbb_iht400to600	auxiliary_qcd_classification_only	True	8012	0
01311a969155f53d6624fd5f	2	34	01311a969155f53d6624fd5f::background::186::bundle:/store/user/iturkmen/hh4b_delphes/run2_13tev/frozen_v2/bundles/qcd_hardqcd_importance_adaptive500k_phys_20260717_0022/qcd_hardqcd_importance_adaptive500k_phys_20260717_0022_bin05_pthat500to700_shard1868_seed1251868_bundle.tar.gz	background	qcd_hardqcd	primary_physical_background	False	1372	0
021503002b36947a16899190	2	232	021503002b36947a16899190::background::384::bundle:/store/user/iturkmen/hh4b_delphes/run2_13tev/frozen_v2/bundles/unified_background_5m_wavea_proven111_20260720_v1/ttbar_inclusive_run2_frozen_v2_unified5m_wavea_shard011_10k_bundle.tar.gz	background	ttbar_inclusive	primary_physical_background	False	6427	0
092aec821c27ac84c1358221	2	234	092aec821c27ac84c1358221::background::412::bundle:/store/user/iturkmen/hh4b_delphes/run2_13tev/frozen_v2/bundles/unified_background_5m_wavea_proven111_20260720_v1/ttbar_inclusive_run2_frozen_v2_unified5m_wavea_shard043_10k_bundle.tar.gz	background	ttbar_inclusive	primary_physical_background	False	6366	0
0bc14151d9ef1452b67c229a	2	36	0bc14151d9ef1452b67c229a::background::180::bundle:/store/user/iturkmen/hh4b_delphes/run2_13tev/frozen_v2/bundles/qcd_hardqcd_importance_adaptive500k_phys_20260717_0022/qcd_hardqcd_importance_adaptive500k_phys_20260717_0022_bin02_pthat100to200_shard1861_seed1221861_bundle.tar.gz	background	qcd_hardqcd	primary_physical_background	False	1427	0
0bf37616852bdde4181c6655	2	221	0bf37616852bdde4181c6655::background::280::bundle:/store/user/iturkmen/hh4b_delphes/run2_13tev/frozen_v2/bundles/unified_background_5m_single_top_scaleout280k_20260722_v1/tchannel_antitop_run2_frozen_v2_single_top_scaleout_shard4308_10kevt_bundle.tar.gz	background	tchannel_antitop	primary_physical_background	False	2402	0
0d3465a131ab0343c3671249	2	334	0d3465a131ab0343c3671249::background::496::bundle:/store/user/iturkmen/hh4b_delphes/run2_13tev/frozen_v2/bundles/unified_background_5m_waveb_priority_scale400k_20260721_v1/vbf_hbb_run2_frozen_v2_waveb_scale400k_shard2306_10000evt_bundle.tar.gz	background	vbf_hbb	primary_physical_background	False	2424	0
114469bce4fe3c257d74fa94	2	379	114469bce4fe3c257d74fa94::signal::29::ggf_shard_029	signal	ggf_hh4b	primary_physical_signal	False	527	176
1255c2f2d6134d2e34bcb053	2	313	1255c2f2d6134d2e34bcb053::background::481::bundle:/store/user/iturkmen/hh4b_delphes/run2_13tev/frozen_v2/bundles/unified_background_5m_waveb_priority_pilots10k_20260721_v1/tth_hbb_run2_frozen_v2_waveb_pilot_shard1001_10000evt_bundle.tar.gz	background	tth_hbb	primary_physical_background	False	9210	0
138439eb0637fdaf2eb69810	2	227	138439eb0637fdaf2eb69810::background::291::bundle:/store/user/iturkmen/hh4b_delphes/run2_13tev/frozen_v2/bundles/unified_background_5m_single_top_scaleout280k_20260722_v1/tchannel_top_run2_frozen_v2_single_top_scaleout_shard4304_10kevt_bundle.tar.gz	background	tchannel_top	primary_physical_background	False	2220	0
1596513597a80bad4bbc8fdc	2	374	1596513597a80bad4bbc8fdc::background::319::bundle:/store/user/iturkmen/hh4b_delphes/run2_13tev/frozen_v2/bundles/final_background_triboson_zbb_scaleout40k_20260722_v1/zzz_zbb_run2_frozen_v2_train_shard9921_1500_bundle.tar.gz	background	zzz_zbb	primary_physical_background	False	729	0
15a8f22a39885b3831929660	2	322	15a8f22a39885b3831929660::background::490::bundle:/store/user/iturkmen/hh4b_delphes/run2_13tev/frozen_v2/bundles/unified_background_5m_waveb_priority_scale400k_20260721_v1/ttz_zbb_run2_frozen_v2_waveb_scale400k_shard2106_10000evt_bundle.tar.gz	background	ttz_zbb	primary_physical_background	False	9045	0
15ec1a7e4eeccaab4688806a	2	383	15ec1a7e4eeccaab4688806a::signal::36::ggf_shard_036	signal	ggf_hh4b	primary_physical_signal	False	601	192
171e76cc08c666b63c11b59f	2	44	171e76cc08c666b63c11b59f::background::196::bundle:/store/user/iturkmen/hh4b_delphes/run2_13tev/frozen_v2/bundles/qcd_hardqcd_importance_adaptive500k_phys_wave2_20260717/qcd_hardqcd_importance_adaptive500k_phys_wave2_20260717_bin00_pthat50to75_shard9782_seed1209782_bundle.tar.gz	background	qcd_hardqcd	primary_physical_background	False	106	0
18da05b1009ec2362315d6db	2	13	18da05b1009ec2362315d6db::background::373::bundle:/store/user/iturkmen/hh4b_delphes/run2_13tev/frozen_v2/bundles/unified_background_5m_wavea_proven111_20260720_v1/qcd_bbbb_iht400to600_run2_frozen_v2_unified5m_wavea_shard003_10k_bundle.tar.gz	background	qcd_bbbb_iht400to600	auxiliary_qcd_classification_only	True	7992	0
1d33e21f26bc3e7ef5c9922d	2	49	1d33e21f26bc3e7ef5c9922d::background::69::bundle:/store/user/iturkmen/hh4b_delphes/run2_13tev/frozen_v2/bundles/qcd_hardqcd_importance_adaptive1500k_phys_wave3_20260718/qcd_hardqcd_importance_adaptive1500k_phys_wave3_20260718_bin00_pthat50to75_shard1085_seed1201085_bundle.tar.gz	background	qcd_hardqcd	primary_physical_background	False	127	0
20b7e4a97c9e106a368d399f	2	51	20b7e4a97c9e106a368d399f::background::66::bundle:/store/user/iturkmen/hh4b_delphes/run2_13tev/frozen_v2/bundles/qcd_hardqcd_importance_adaptive1500k_phys_wave3_20260718/qcd_hardqcd_importance_adaptive1500k_phys_wave3_20260718_bin00_pthat50to75_shard1080_seed1201080_bundle.tar.gz	background	qcd_hardqcd	primary_physical_background	False	151	0
2496984764c38b86a50c444a	2	56	2496984764c38b86a50c444a::background::84::bundle:/store/user/iturkmen/hh4b_delphes/run2_13tev/frozen_v2/bundles/qcd_hardqcd_importance_adaptive1500k_phys_wave3_20260718/qcd_hardqcd_importance_adaptive1500k_phys_wave3_20260718_bin00_pthat50to75_shard1105_seed1201105_bundle.tar.gz	background	qcd_hardqcd	primary_physical_background	False	142	0
286a8961f7e75524ed52e3b1	2	59	286a8961f7e75524ed52e3b1::background::161::bundle:/store/user/iturkmen/hh4b_delphes/run2_13tev/frozen_v2/bundles/qcd_hardqcd_importance_adaptive500k_phys_20260717_0022/qcd_hardqcd_importance_adaptive500k_phys_20260717_0022_bin00_pthat50to75_shard1837_seed1201837_bundle.tar.gz	background	qcd_hardqcd	primary_physical_background	False	142	0
2a7c0387348764d1e344a8f7	2	245	2a7c0387348764d1e344a8f7::background::421::bundle:/store/user/iturkmen/hh4b_delphes/run2_13tev/frozen_v2/bundles/unified_background_5m_wavea_proven111_20260720_v1/ttbar_inclusive_run2_frozen_v2_unified5m_wavea_shard053_10k_bundle.tar.gz	background	ttbar_inclusive	primary_physical_background	False	6393	0
2aa660985a483cd382d0a2bf	2	391	2aa660985a483cd382d0a2bf::signal::20::ggf_shard_020	signal	ggf_hh4b	primary_physical_signal	False	611	208
2b5c1961e0da5a94d3dd6922	2	61	2b5c1961e0da5a94d3dd6922::background::139::bundle:/store/user/iturkmen/hh4b_delphes/run2_13tev/frozen_v2/bundles/qcd_hardqcd_importance_adaptive1500k_phys_wave3_20260718/qcd_hardqcd_importance_adaptive1500k_phys_wave3_20260718_bin02_pthat100to200_shard1176_seed1221176_bundle.tar.gz	background	qcd_hardqcd	primary_physical_background	False	1492	0
2b75740d79c95d2ed01426b1	2	23	2b75740d79c95d2ed01426b1::background::1::bundle:/store/user/iturkmen/hh4b_delphes/run2_13tev/frozen_v2/bundles/bbh_hbb_4fs_scaleout40k_20260722_v1/bbh_hbb_4fs_run2_frozen_v2_train_shard9802_10k_bundle.tar.gz	background	bbh_hbb_4fs	primary_physical_background	False	3114	0
2e18dbab0788c0655351bce6	2	64	2e18dbab0788c0655351bce6::background::160::bundle:/store/user/iturkmen/hh4b_delphes/run2_13tev/frozen_v2/bundles/qcd_hardqcd_importance_adaptive500k_phys_20260717_0022/qcd_hardqcd_importance_adaptive500k_phys_20260717_0022_bin00_pthat50to75_shard1836_seed1201836_bundle.tar.gz	background	qcd_hardqcd	primary_physical_background	False	136	0
2f19c1e9254ddc78b50c33ca	2	247	2f19c1e9254ddc78b50c33ca::background::428::bundle:/store/user/iturkmen/hh4b_delphes/run2_13tev/frozen_v2/bundles/unified_background_5m_wavea_proven111_20260720_v1/ttbar_inclusive_run2_frozen_v2_unified5m_wavea_shard061_10k_bundle.tar.gz	background	ttbar_inclusive	primary_physical_background	False	6411	0
339aeb4c863d7330b2b10c24	2	248	339aeb4c863d7330b2b10c24::background::423::bundle:/store/user/iturkmen/hh4b_delphes/run2_13tev/frozen_v2/bundles/unified_background_5m_wavea_proven111_20260720_v1/ttbar_inclusive_run2_frozen_v2_unified5m_wavea_shard056_10k_bundle.tar.gz	background	ttbar_inclusive	primary_physical_background	False	6516	0
3bc3942d91503ba846db3899	2	1	3bc3942d91503ba846db3899::background::362::bundle:/store/user/iturkmen/hh4b_delphes/run2_13tev/frozen_v2/bundles/unified_background_5m_wavea_proven111_20260720_v1/qcd_bbbb_general_run2_frozen_v2_unified5m_wavea_shard008_10k_bundle.tar.gz	background	qcd_bbbb_general	auxiliary_qcd_classification_only	True	3016	0
3c9b389d779c1cd8f768600b	2	73	3c9b389d779c1cd8f768600b::background::219::bundle:/store/user/iturkmen/hh4b_delphes/run2_13tev/frozen_v2/bundles/qcd_hardqcd_importance_adaptive500k_phys_wave2_20260717/qcd_hardqcd_importance_adaptive500k_phys_wave2_20260717_bin05_pthat500to700_shard9824_seed1259824_bundle.tar.gz	background	qcd_hardqcd	primary_physical_background	False	1372	0
3ece5afaee693d683e829846	2	77	3ece5afaee693d683e829846::background::85::bundle:/store/user/iturkmen/hh4b_delphes/run2_13tev/frozen_v2/bundles/qcd_hardqcd_importance_adaptive1500k_phys_wave3_20260718/qcd_hardqcd_importance_adaptive1500k_phys_wave3_20260718_bin01_pthat75to100_shard1106_seed1211106_bundle.tar.gz	background	qcd_hardqcd	primary_physical_background	False	555	0
3f787ed181ceb56c3045abdf	2	403	3f787ed181ceb56c3045abdf::signal::76::ggf_shard_076	signal	ggf_hh4b	primary_physical_signal	False	554	191
40c218a668fd9e2befeac9d4	2	79	40c218a668fd9e2befeac9d4::background::51::bundle:/store/user/iturkmen/hh4b_delphes/run2_13tev/frozen_v2/bundles/qcd_hardqcd_importance_adaptive1500k_phys_wave3_20260718/qcd_hardqcd_importance_adaptive1500k_phys_wave3_20260718_bin00_pthat50to75_shard1058_seed1201058_bundle.tar.gz	background	qcd_hardqcd	primary_physical_background	False	117	0
41afb3ef62ff0a95f27b7b11	2	80	41afb3ef62ff0a95f27b7b11::background::90::bundle:/store/user/iturkmen/hh4b_delphes/run2_13tev/frozen_v2/bundles/qcd_hardqcd_importance_adaptive1500k_phys_wave3_20260718/qcd_hardqcd_importance_adaptive1500k_phys_wave3_20260718_bin01_pthat75to100_shard1113_seed1211113_bundle.tar.gz	background	qcd_hardqcd	primary_physical_background	False	582	0
426a61c13fb8814690689d5e	2	82	426a61c13fb8814690689d5e::background::120::bundle:/store/user/iturkmen/hh4b_delphes/run2_13tev/frozen_v2/bundles/qcd_hardqcd_importance_adaptive1500k_phys_wave3_20260718/qcd_hardqcd_importance_adaptive1500k_phys_wave3_20260718_bin01_pthat75to100_shard1149_seed1211149_bundle.tar.gz	background	qcd_hardqcd	primary_physical_background	False	587	0
4346c20df8fe279389c6b8c2	2	356	4346c20df8fe279389c6b8c2::background::474::bundle:/store/user/iturkmen/hh4b_delphes/run2_13tev/frozen_v2/bundles/unified_background_5m_wavea_zbbbb_remaining15_20260721_v1/zbbbb_run2_frozen_v2_unified5m_wavea_shard022_10k_bundle.tar.gz	background	zbbbb	primary_physical_background	False	2859	0
44dc9356890ebd0553d35eff	2	353	44dc9356890ebd0553d35eff::background::314::bundle:/store/user/iturkmen/hh4b_delphes/run2_13tev/frozen_v2/bundles/final_background_triboson_zbb_scaleout40k_20260722_v1/wzz_zbb_run2_frozen_v2_train_shard9911_3300_bundle.tar.gz	background	wzz_zbb	primary_physical_background	False	1542	0
47c50caee3c055bdcaa4f49e	2	348	47c50caee3c055bdcaa4f49e::background::514::bundle:/store/user/iturkmen/hh4b_delphes/run2_13tev/frozen_v2/bundles/unified_background_5m_wavec1_pilot40k_20260721_v1/wz_zbb_run2_frozen_v2_wavec1_pilot_shard3203_10kevt_bundle.tar.gz	background	wz_zbb	primary_physical_background	False	1276	0
48cdfcb72bf85bd30fb3d338	2	86	48cdfcb72bf85bd30fb3d338::background::155::bundle:/store/user/iturkmen/hh4b_delphes/run2_13tev/frozen_v2/bundles/qcd_hardqcd_importance_adaptive500k_phys_20260717_0022/qcd_hardqcd_importance_adaptive500k_phys_20260717_0022_bin00_pthat50to75_shard1828_seed1201828_bundle.tar.gz	background	qcd_hardqcd	primary_physical_background	False	136	0
4a383ef4d505eaaa7b9d8cec	2	407	4a383ef4d505eaaa7b9d8cec::signal::42::ggf_shard_042	signal	ggf_hh4b	primary_physical_signal	False	597	212
4abe85d1b36241cf6669ae73	2	344	4abe85d1b36241cf6669ae73::background::310::bundle:/store/user/iturkmen/hh4b_delphes/run2_13tev/frozen_v2/bundles/final_background_triboson_zbb_scaleout40k_20260722_v1/wwz_zbb_run2_frozen_v2_train_shard9902_5200_bundle.tar.gz	background	wwz_zbb	primary_physical_background	False	2519	0
4ac7914bb0a9634b59fdc088	2	357	4ac7914bb0a9634b59fdc088::background::466::bundle:/store/user/iturkmen/hh4b_delphes/run2_13tev/frozen_v2/bundles/unified_background_5m_wavea_zbbbb_remaining15_20260721_v1/zbbbb_run2_frozen_v2_unified5m_wavea_shard012_10k_bundle.tar.gz	background	zbbbb	primary_physical_background	False	2899	0
4d0d6d647ec04b0075933ba3	2	92	4d0d6d647ec04b0075933ba3::background::75::bundle:/store/user/iturkmen/hh4b_delphes/run2_13tev/frozen_v2/bundles/qcd_hardqcd_importance_adaptive1500k_phys_wave3_20260718/qcd_hardqcd_importance_adaptive1500k_phys_wave3_20260718_bin00_pthat50to75_shard1094_seed1201094_bundle.tar.gz	background	qcd_hardqcd	primary_physical_background	False	116	0
4e26b2a32ca02ef1e27285e1	2	458	4e26b2a32ca02ef1e27285e1::signal::108::vbf_hh4b_sm_run2_frozen_v2_train_shard9408_10k	signal	vbf_hh4b	primary_physical_signal	False	6331	1977
4fa0b8f81b9772eb078d3c0b	2	93	4fa0b8f81b9772eb078d3c0b::background::102::bundle:/store/user/iturkmen/hh4b_delphes/run2_13tev/frozen_v2/bundles/qcd_hardqcd_importance_adaptive1500k_phys_wave3_20260718/qcd_hardqcd_importance_adaptive1500k_phys_wave3_20260718_bin01_pthat75to100_shard1129_seed1211129_bundle.tar.gz	background	qcd_hardqcd	primary_physical_background	False	546	0
506a4a33bb3114c64f3d002d	2	95	506a4a33bb3114c64f3d002d::background::183::bundle:/store/user/iturkmen/hh4b_delphes/run2_13tev/frozen_v2/bundles/qcd_hardqcd_importance_adaptive500k_phys_20260717_0022/qcd_hardqcd_importance_adaptive500k_phys_20260717_0022_bin04_pthat300to500_shard1865_seed1241865_bundle.tar.gz	background	qcd_hardqcd	primary_physical_background	False	4509	0
51e48b6b65534c3e081aa2c8	2	99	51e48b6b65534c3e081aa2c8::background::101::bundle:/store/user/iturkmen/hh4b_delphes/run2_13tev/frozen_v2/bundles/qcd_hardqcd_importance_adaptive1500k_phys_wave3_20260718/qcd_hardqcd_importance_adaptive1500k_phys_wave3_20260718_bin01_pthat75to100_shard1127_seed1211127_bundle.tar.gz	background	qcd_hardqcd	primary_physical_background	False	562	0
5593b7cab50604594488f2f9	2	410	5593b7cab50604594488f2f9::signal::5::ggf_shard_005	signal	ggf_hh4b	primary_physical_signal	False	587	196
56430476b09c36d1d87894a5	2	411	56430476b09c36d1d87894a5::signal::50::ggf_shard_050	signal	ggf_hh4b	primary_physical_signal	False	561	207
5b34e7d7c8b92209ca4ab29d	2	105	5b34e7d7c8b92209ca4ab29d::background::117::bundle:/store/user/iturkmen/hh4b_delphes/run2_13tev/frozen_v2/bundles/qcd_hardqcd_importance_adaptive1500k_phys_wave3_20260718/qcd_hardqcd_importance_adaptive1500k_phys_wave3_20260718_bin01_pthat75to100_shard1146_seed1211146_bundle.tar.gz	background	qcd_hardqcd	primary_physical_background	False	575	0
60f74bcb0e8a5add37f7d9e2	2	263	60f74bcb0e8a5add37f7d9e2::background::413::bundle:/store/user/iturkmen/hh4b_delphes/run2_13tev/frozen_v2/bundles/unified_background_5m_wavea_proven111_20260720_v1/ttbar_inclusive_run2_frozen_v2_unified5m_wavea_shard045_10k_bundle.tar.gz	background	ttbar_inclusive	primary_physical_background	False	6389	0
670bcfb31fc0bc05834f5639	2	116	670bcfb31fc0bc05834f5639::background::132::bundle:/store/user/iturkmen/hh4b_delphes/run2_13tev/frozen_v2/bundles/qcd_hardqcd_importance_adaptive1500k_phys_wave3_20260718/qcd_hardqcd_importance_adaptive1500k_phys_wave3_20260718_bin02_pthat100to200_shard1167_seed1221167_bundle.tar.gz	background	qcd_hardqcd	primary_physical_background	False	1478	0
6e539dd7dfbd7a0f6f44fc9c	2	267	6e539dd7dfbd7a0f6f44fc9c::background::410::bundle:/store/user/iturkmen/hh4b_delphes/run2_13tev/frozen_v2/bundles/unified_background_5m_wavea_proven111_20260720_v1/ttbar_inclusive_run2_frozen_v2_unified5m_wavea_shard041_10k_bundle.tar.gz	background	ttbar_inclusive	primary_physical_background	False	6465	0
7421a02097fa79c3e219bc3c	2	460	7421a02097fa79c3e219bc3c::signal::101::vbf_hh4b_sm_run2_frozen_v2_train_shard9401_10k	signal	vbf_hh4b	primary_physical_signal	False	6268	1962
742224b085e2e09059811354	2	271	742224b085e2e09059811354::background::438::bundle:/store/user/iturkmen/hh4b_delphes/run2_13tev/frozen_v2/bundles/unified_background_5m_wavea_proven111_20260720_v1/ttbar_inclusive_run2_frozen_v2_unified5m_wavea_shard072_10k_bundle.tar.gz	background	ttbar_inclusive	primary_physical_background	False	6464	0
74caf842044911f685f5c20b	2	331	74caf842044911f685f5c20b::background::305::bundle:/store/user/iturkmen/hh4b_delphes/run2_13tev/frozen_v2/bundles/unified_background_5m_single_top_scaleout280k_20260722_v1/tw_top_run2_frozen_v2_single_top_scaleout_shard4320_10kevt_bundle.tar.gz	background	tw_top	primary_physical_background	False	4583	0
768ba5ade33b7e9a446dcd42	2	128	768ba5ade33b7e9a446dcd42::background::72::bundle:/store/user/iturkmen/hh4b_delphes/run2_13tev/frozen_v2/bundles/qcd_hardqcd_importance_adaptive1500k_phys_wave3_20260718/qcd_hardqcd_importance_adaptive1500k_phys_wave3_20260718_bin00_pthat50to75_shard1090_seed1201090_bundle.tar.gz	background	qcd_hardqcd	primary_physical_background	False	142	0
7aa9d747eb7ca52e0b2ebfed	2	340	7aa9d747eb7ca52e0b2ebfed::background::505::bundle:/store/user/iturkmen/hh4b_delphes/run2_13tev/frozen_v2/bundles/unified_background_5m_wavec1_scaleout180k_20260721_v2/wh_hbb_run2_frozen_v2_wavec1_scaleout_shard3301_10kevt_bundle.tar.gz	background	wh_hbb	primary_physical_background	False	2112	0
7e0cc4e9473e7528bf3f863c	2	132	7e0cc4e9473e7528bf3f863c::background::202::bundle:/store/user/iturkmen/hh4b_delphes/run2_13tev/frozen_v2/bundles/qcd_hardqcd_importance_adaptive500k_phys_wave2_20260717/qcd_hardqcd_importance_adaptive500k_phys_wave2_20260717_bin00_pthat50to75_shard9794_seed1209794_bundle.tar.gz	background	qcd_hardqcd	primary_physical_background	False	129	0
7f3e4018480247a4a4f74d09	2	133	7f3e4018480247a4a4f74d09::background::136::bundle:/store/user/iturkmen/hh4b_delphes/run2_13tev/frozen_v2/bundles/qcd_hardqcd_importance_adaptive1500k_phys_wave3_20260718/qcd_hardqcd_importance_adaptive1500k_phys_wave3_20260718_bin02_pthat100to200_shard1173_seed1221173_bundle.tar.gz	background	qcd_hardqcd	primary_physical_background	False	1484	0
80c6a6c15054fb3b01ee2a95	2	16	80c6a6c15054fb3b01ee2a95::background::376::bundle:/store/user/iturkmen/hh4b_delphes/run2_13tev/frozen_v2/bundles/unified_background_5m_wavea_proven111_20260720_v1/qcd_bbbb_iht400to600_run2_frozen_v2_unified5m_wavea_shard007_10k_bundle.tar.gz	background	qcd_bbbb_iht400to600	auxiliary_qcd_classification_only	True	8013	0
827fd5c22c0ff2667e557383	2	277	827fd5c22c0ff2667e557383::background::424::bundle:/store/user/iturkmen/hh4b_delphes/run2_13tev/frozen_v2/bundles/unified_background_5m_wavea_proven111_20260720_v1/ttbar_inclusive_run2_frozen_v2_unified5m_wavea_shard057_10k_bundle.tar.gz	background	ttbar_inclusive	primary_physical_background	False	6413	0
85e5d91a040c7d00e843c794	2	138	85e5d91a040c7d00e843c794::background::203::bundle:/store/user/iturkmen/hh4b_delphes/run2_13tev/frozen_v2/bundles/qcd_hardqcd_importance_adaptive500k_phys_wave2_20260717/qcd_hardqcd_importance_adaptive500k_phys_wave2_20260717_bin00_pthat50to75_shard9796_seed1209796_bundle.tar.gz	background	qcd_hardqcd	primary_physical_background	False	144	0
88fb3e44603165ad294fcc51	2	140	88fb3e44603165ad294fcc51::background::167::bundle:/store/user/iturkmen/hh4b_delphes/run2_13tev/frozen_v2/bundles/qcd_hardqcd_importance_adaptive500k_phys_20260717_0022/qcd_hardqcd_importance_adaptive500k_phys_20260717_0022_bin00_pthat50to75_shard1845_seed1201845_bundle.tar.gz	background	qcd_hardqcd	primary_physical_background	False	114	0
8daadf85d04b29fd70d1b32f	2	279	8daadf85d04b29fd70d1b32f::background::420::bundle:/store/user/iturkmen/hh4b_delphes/run2_13tev/frozen_v2/bundles/unified_background_5m_wavea_proven111_20260720_v1/ttbar_inclusive_run2_frozen_v2_unified5m_wavea_shard052_10k_bundle.tar.gz	background	ttbar_inclusive	primary_physical_background	False	6463	0
8f1741023310e29fd789cb2c	2	143	8f1741023310e29fd789cb2c::background::89::bundle:/store/user/iturkmen/hh4b_delphes/run2_13tev/frozen_v2/bundles/qcd_hardqcd_importance_adaptive1500k_phys_wave3_20260718/qcd_hardqcd_importance_adaptive1500k_phys_wave3_20260718_bin01_pthat75to100_shard1110_seed1211110_bundle.tar.gz	background	qcd_hardqcd	primary_physical_background	False	558	0
907c700c76e1a1be6c83d3d7	2	146	907c700c76e1a1be6c83d3d7::background::213::bundle:/store/user/iturkmen/hh4b_delphes/run2_13tev/frozen_v2/bundles/qcd_hardqcd_importance_adaptive500k_phys_wave2_20260717/qcd_hardqcd_importance_adaptive500k_phys_wave2_20260717_bin02_pthat100to200_shard9815_seed1229815_bundle.tar.gz	background	qcd_hardqcd	primary_physical_background	False	1452	0
93f46a2d1ab529e31dc1ec37	2	151	93f46a2d1ab529e31dc1ec37::background::96::bundle:/store/user/iturkmen/hh4b_delphes/run2_13tev/frozen_v2/bundles/qcd_hardqcd_importance_adaptive1500k_phys_wave3_20260718/qcd_hardqcd_importance_adaptive1500k_phys_wave3_20260718_bin01_pthat75to100_shard1121_seed1211121_bundle.tar.gz	background	qcd_hardqcd	primary_physical_background	False	567	0
9524da743bed17f1a164de40	2	29	9524da743bed17f1a164de40::background::10::bundle:/store/user/iturkmen/hh4b_delphes/run2_13tev/frozen_v2/bundles/ggh_hbb_scaleout90k_20260722_v1/ggh_hbb_run2_frozen_v2_train_shard9706_10k_bundle.tar.gz	background	ggh_hbb	primary_physical_background	False	738	0
9850cbadcc588fe9269a1d7a	2	423	9850cbadcc588fe9269a1d7a::signal::59::ggf_shard_059	signal	ggf_hh4b	primary_physical_signal	False	596	204
9fc9eb0e107c226254e696ce	2	425	9fc9eb0e107c226254e696ce::signal::38::ggf_shard_038	signal	ggf_hh4b	primary_physical_signal	False	553	178
a37df2a0a04121ddc8643f83	2	160	a37df2a0a04121ddc8643f83::background::49::bundle:/store/user/iturkmen/hh4b_delphes/run2_13tev/frozen_v2/bundles/qcd_hardqcd_importance_adaptive1500k_phys_wave3_20260718/qcd_hardqcd_importance_adaptive1500k_phys_wave3_20260718_bin00_pthat50to75_shard1054_seed1201054_bundle.tar.gz	background	qcd_hardqcd	primary_physical_background	False	141	0
a4cf18868e86c0c5ff2067d0	2	289	a4cf18868e86c0c5ff2067d0::background::417::bundle:/store/user/iturkmen/hh4b_delphes/run2_13tev/frozen_v2/bundles/unified_background_5m_wavea_proven111_20260720_v1/ttbar_inclusive_run2_frozen_v2_unified5m_wavea_shard005_10k_bundle.tar.gz	background	ttbar_inclusive	primary_physical_background	False	6421	0
a9c40db2fcde0d303492c52a	2	164	a9c40db2fcde0d303492c52a::background::103::bundle:/store/user/iturkmen/hh4b_delphes/run2_13tev/frozen_v2/bundles/qcd_hardqcd_importance_adaptive1500k_phys_wave3_20260718/qcd_hardqcd_importance_adaptive1500k_phys_wave3_20260718_bin01_pthat75to100_shard1130_seed1211130_bundle.tar.gz	background	qcd_hardqcd	primary_physical_background	False	543	0
af24065c10201b1880aed6e5	2	366	af24065c10201b1880aed6e5::background::470::bundle:/store/user/iturkmen/hh4b_delphes/run2_13tev/frozen_v2/bundles/unified_background_5m_wavea_zbbbb_remaining15_20260721_v1/zbbbb_run2_frozen_v2_unified5m_wavea_shard017_10k_bundle.tar.gz	background	zbbbb	primary_physical_background	False	2869	0
b0995619a836f6f90b8bf94f	2	432	b0995619a836f6f90b8bf94f::signal::85::ggf_shard_085	signal	ggf_hh4b	primary_physical_signal	False	564	202
b2239a1c2ffb2eb5fc793ee7	2	6	b2239a1c2ffb2eb5fc793ee7::background::351::bundle:/store/user/iturkmen/hh4b_delphes/run2_13tev/frozen_v2/bundles/unified_background_5m_wavea_pilots_20260720_retry1/qcd_bbbb_general_run2_frozen_v2_unified5m_pilot_shard000_10k_bundle.tar.gz	background	qcd_bbbb_general	auxiliary_qcd_classification_only	True	2965	0
b9abf836ae7368479c8f77e6	2	172	b9abf836ae7368479c8f77e6::background::88::bundle:/store/user/iturkmen/hh4b_delphes/run2_13tev/frozen_v2/bundles/qcd_hardqcd_importance_adaptive1500k_phys_wave3_20260718/qcd_hardqcd_importance_adaptive1500k_phys_wave3_20260718_bin01_pthat75to100_shard1109_seed1211109_bundle.tar.gz	background	qcd_hardqcd	primary_physical_background	False	523	0
bddb3170cd22688b332c5b92	2	173	bddb3170cd22688b332c5b92::background::87::bundle:/store/user/iturkmen/hh4b_delphes/run2_13tev/frozen_v2/bundles/qcd_hardqcd_importance_adaptive1500k_phys_wave3_20260718/qcd_hardqcd_importance_adaptive1500k_phys_wave3_20260718_bin01_pthat75to100_shard1108_seed1211108_bundle.tar.gz	background	qcd_hardqcd	primary_physical_background	False	582	0
becc40c8875d2db838b0f240	2	438	becc40c8875d2db838b0f240::signal::44::ggf_shard_044	signal	ggf_hh4b	primary_physical_signal	False	587	206
bf97c09f4fd69489fca1b6db	2	178	bf97c09f4fd69489fca1b6db::background::37::bundle:/store/user/iturkmen/hh4b_delphes/run2_13tev/frozen_v2/bundles/qcd_hardqcd_importance_adaptive1500k_phys_wave3_20260718/qcd_hardqcd_importance_adaptive1500k_phys_wave3_20260718_bin00_pthat50to75_shard1037_seed1201037_bundle.tar.gz	background	qcd_hardqcd	primary_physical_background	False	146	0
c1be834df5c1d7a6877bb985	2	231	c1be834df5c1d7a6877bb985::background::289::bundle:/store/user/iturkmen/hh4b_delphes/run2_13tev/frozen_v2/bundles/unified_background_5m_single_top_scaleout280k_20260722_v1/tchannel_top_run2_frozen_v2_single_top_scaleout_shard4302_10kevt_bundle.tar.gz	background	tchannel_top	primary_physical_background	False	2161	0
c47a54ffacb42db14ab95a97	2	181	c47a54ffacb42db14ab95a97::background::206::bundle:/store/user/iturkmen/hh4b_delphes/run2_13tev/frozen_v2/bundles/qcd_hardqcd_importance_adaptive500k_phys_wave2_20260717/qcd_hardqcd_importance_adaptive500k_phys_wave2_20260717_bin00_pthat50to75_shard9799_seed1209799_bundle.tar.gz	background	qcd_hardqcd	primary_physical_background	False	145	0
c798755a998401d32094427d	2	326	c798755a998401d32094427d::background::295::bundle:/store/user/iturkmen/hh4b_delphes/run2_13tev/frozen_v2/bundles/unified_background_5m_single_top_pilot50k_20260722_v1/tw_antitop_run2_frozen_v2_single_top_pilot_shard4205_10kevt_bundle.tar.gz	background	tw_antitop	primary_physical_background	False	4668	0
d227f52543e2cb31db9c1a80	2	191	d227f52543e2cb31db9c1a80::background::217::bundle:/store/user/iturkmen/hh4b_delphes/run2_13tev/frozen_v2/bundles/qcd_hardqcd_importance_adaptive500k_phys_wave2_20260717/qcd_hardqcd_importance_adaptive500k_phys_wave2_20260717_bin03_pthat200to300_shard9819_seed1239819_bundle.tar.gz	background	qcd_hardqcd	primary_physical_background	False	3295	0
d3ccca5128c2fdb212911a93	2	298	d3ccca5128c2fdb212911a93::background::414::bundle:/store/user/iturkmen/hh4b_delphes/run2_13tev/frozen_v2/bundles/unified_background_5m_wavea_proven111_20260720_v1/ttbar_inclusive_run2_frozen_v2_unified5m_wavea_shard046_10k_bundle.tar.gz	background	ttbar_inclusive	primary_physical_background	False	6491	0
d57b5a8ba73ef272a21399fc	2	32	d57b5a8ba73ef272a21399fc::background::9::bundle:/store/user/iturkmen/hh4b_delphes/run2_13tev/frozen_v2/bundles/ggh_hbb_scaleout90k_20260722_v1/ggh_hbb_run2_frozen_v2_train_shard9705_10k_bundle.tar.gz	background	ggh_hbb	primary_physical_background	False	780	0
e16babb476785f9c7bba08d7	2	200	e16babb476785f9c7bba08d7::background::97::bundle:/store/user/iturkmen/hh4b_delphes/run2_13tev/frozen_v2/bundles/qcd_hardqcd_importance_adaptive1500k_phys_wave3_20260718/qcd_hardqcd_importance_adaptive1500k_phys_wave3_20260718_bin01_pthat75to100_shard1122_seed1211122_bundle.tar.gz	background	qcd_hardqcd	primary_physical_background	False	513	0
e21bcb6f34e52a134041a317	2	304	e21bcb6f34e52a134041a317::background::425::bundle:/store/user/iturkmen/hh4b_delphes/run2_13tev/frozen_v2/bundles/unified_background_5m_wavea_proven111_20260720_v1/ttbar_inclusive_run2_frozen_v2_unified5m_wavea_shard058_10k_bundle.tar.gz	background	ttbar_inclusive	primary_physical_background	False	6404	0
e62192a7cb0f4d252b3469d1	2	306	e62192a7cb0f4d252b3469d1::background::416::bundle:/store/user/iturkmen/hh4b_delphes/run2_13tev/frozen_v2/bundles/unified_background_5m_wavea_proven111_20260720_v1/ttbar_inclusive_run2_frozen_v2_unified5m_wavea_shard048_10k_bundle.tar.gz	background	ttbar_inclusive	primary_physical_background	False	6457	0
ebe12edd8f83f24f4947eb80	2	308	ebe12edd8f83f24f4947eb80::background::399::bundle:/store/user/iturkmen/hh4b_delphes/run2_13tev/frozen_v2/bundles/unified_background_5m_wavea_proven111_20260720_v1/ttbar_inclusive_run2_frozen_v2_unified5m_wavea_shard028_10k_bundle.tar.gz	background	ttbar_inclusive	primary_physical_background	False	6371	0
f0e0ccf513aa3e63752ef51c	2	210	f0e0ccf513aa3e63752ef51c::background::68::bundle:/store/user/iturkmen/hh4b_delphes/run2_13tev/frozen_v2/bundles/qcd_hardqcd_importance_adaptive1500k_phys_wave3_20260718/qcd_hardqcd_importance_adaptive1500k_phys_wave3_20260718_bin00_pthat50to75_shard1084_seed1201084_bundle.tar.gz	background	qcd_hardqcd	primary_physical_background	False	127	0
f1348dbe63c52ad67fdae781	2	342	f1348dbe63c52ad67fdae781::background::510::bundle:/store/user/iturkmen/hh4b_delphes/run2_13tev/frozen_v2/bundles/unified_background_5m_wavec1_scaleout180k_20260721_v2/ww_run2_frozen_v2_wavec1_scaleout_shard3601_10kevt_bundle.tar.gz	background	ww	primary_physical_background	False	907	0
fd13a74c299c8e72a4b4775b	2	373	fd13a74c299c8e72a4b4775b::background::462::bundle:/store/user/iturkmen/hh4b_delphes/run2_13tev/frozen_v2/bundles/unified_background_5m_wavea_proven111_20260720_v1/zbbbb_run2_frozen_v2_unified5m_wavea_shard007_10k_bundle.tar.gz	background	zbbbb	primary_physical_background	False	2835	0
fdcedb704faf9317373e629f	2	218	fdcedb704faf9317373e629f::background::118::bundle:/store/user/iturkmen/hh4b_delphes/run2_13tev/frozen_v2/bundles/qcd_hardqcd_importance_adaptive1500k_phys_wave3_20260718/qcd_hardqcd_importance_adaptive1500k_phys_wave3_20260718_bin01_pthat75to100_shard1147_seed1211147_bundle.tar.gz	background	qcd_hardqcd	primary_physical_background	False	546	0
ffa2f4f3518c84d5cc907659	2	312	ffa2f4f3518c84d5cc907659::background::422::bundle:/store/user/iturkmen/hh4b_delphes/run2_13tev/frozen_v2/bundles/unified_background_5m_wavea_proven111_20260720_v1/ttbar_inclusive_run2_frozen_v2_unified5m_wavea_shard055_10k_bundle.tar.gz	background	ttbar_inclusive	primary_physical_background	False	6488	0
08e796dd30daf7ad34498409	3	378	08e796dd30daf7ad34498409::signal::39::ggf_shard_039	signal	ggf_hh4b	primary_physical_signal	False	573	207
0c8c993da718c671b9e4b916	3	37	0c8c993da718c671b9e4b916::background::168::bundle:/store/user/iturkmen/hh4b_delphes/run2_13tev/frozen_v2/bundles/qcd_hardqcd_importance_adaptive500k_phys_20260717_0022/qcd_hardqcd_importance_adaptive500k_phys_20260717_0022_bin00_pthat50to75_shard1846_seed1201846_bundle.tar.gz	background	qcd_hardqcd	primary_physical_background	False	129	0
0fecd1f17d5998741d7328e9	3	352	0fecd1f17d5998741d7328e9::background::315::bundle:/store/user/iturkmen/hh4b_delphes/run2_13tev/frozen_v2/bundles/final_background_triboson_zbb_scaleout40k_20260722_v1/wzz_zbb_run2_frozen_v2_train_shard9912_3300_bundle.tar.gz	background	wzz_zbb	primary_physical_background	False	1548	0
1292acdf3e3add4887eb1585	3	237	1292acdf3e3add4887eb1585::background::342::event_parquet:/uscms_data/d3/iturkmen/hh4b_delphes/parquet/ttbar_200k_shard016_event_summary.parquet	background	ttbar_inclusive	primary_physical_background	False	6653	0
15c7311d3a472c2c062f532b	3	43	15c7311d3a472c2c062f532b::background::190::bundle:/store/user/iturkmen/hh4b_delphes/run2_13tev/frozen_v2/bundles/qcd_hardqcd_importance_adaptive500k_phys_wave2_20260717/qcd_hardqcd_importance_adaptive500k_phys_wave2_20260717_bin00_pthat50to75_shard9774_seed1209774_bundle.tar.gz	background	qcd_hardqcd	primary_physical_background	False	101	0
192ecc11f84c1d13de0cd9a3	3	241	192ecc11f84c1d13de0cd9a3::background::340::event_parquet:/uscms_data/d3/iturkmen/hh4b_delphes/parquet/ttbar_200k_shard013_event_summary.parquet	background	ttbar_inclusive	primary_physical_background	False	6577	0
1b967c0b64f53b628384c424	3	47	1b967c0b64f53b628384c424::background::108::bundle:/store/user/iturkmen/hh4b_delphes/run2_13tev/frozen_v2/bundles/qcd_hardqcd_importance_adaptive1500k_phys_wave3_20260718/qcd_hardqcd_importance_adaptive1500k_phys_wave3_20260718_bin01_pthat75to100_shard1136_seed1211136_bundle.tar.gz	background	qcd_hardqcd	primary_physical_background	False	547	0
1c4229a7a9f683a549bf7c05	3	335	1c4229a7a9f683a549bf7c05::background::493::bundle:/store/user/iturkmen/hh4b_delphes/run2_13tev/frozen_v2/bundles/unified_background_5m_waveb_priority_scale400k_20260721_v1/vbf_hbb_run2_frozen_v2_waveb_scale400k_shard2302_10000evt_bundle.tar.gz	background	vbf_hbb	primary_physical_background	False	2524	0
1e39e950ee4ddd73c328778c	3	384	1e39e950ee4ddd73c328778c::signal::64::ggf_shard_064	signal	ggf_hh4b	primary_physical_signal	False	567	199
1e8ebac8c0f54ad25e332f16	3	385	1e8ebac8c0f54ad25e332f16::signal::23::ggf_shard_023	signal	ggf_hh4b	primary_physical_signal	False	568	204
220483008330cbda9bc0e2f1	3	52	220483008330cbda9bc0e2f1::background::210::bundle:/store/user/iturkmen/hh4b_delphes/run2_13tev/frozen_v2/bundles/qcd_hardqcd_importance_adaptive500k_phys_wave2_20260717/qcd_hardqcd_importance_adaptive500k_phys_wave2_20260717_bin01_pthat75to100_shard9810_seed1219810_bundle.tar.gz	background	qcd_hardqcd	primary_physical_background	False	583	0
223267186ebe55b28055e533	3	386	223267186ebe55b28055e533::signal::3::ggf_shard_003	signal	ggf_hh4b	primary_physical_signal	False	564	197
2616c0c14f310de5fffd4ae9	3	347	2616c0c14f310de5fffd4ae9::background::516::bundle:/store/user/iturkmen/hh4b_delphes/run2_13tev/frozen_v2/bundles/unified_background_5m_wavec1_scaleout180k_20260721_v2/wz_zbb_run2_frozen_v2_wavec1_scaleout_shard3502_10kevt_bundle.tar.gz	background	wz_zbb	primary_physical_background	False	1270	0
269be1bb3c2c25cea82e5c20	3	387	269be1bb3c2c25cea82e5c20::signal::57::ggf_shard_057	signal	ggf_hh4b	primary_physical_signal	False	566	199
2aaf5b1400278907b35eafe2	3	457	2aaf5b1400278907b35eafe2::signal::105::vbf_hh4b_sm_run2_frozen_v2_train_shard9405_10k	signal	vbf_hh4b	primary_physical_signal	False	6357	2025
2df9f3c8fd1857d7df03536d	3	63	2df9f3c8fd1857d7df03536d::background::204::bundle:/store/user/iturkmen/hh4b_delphes/run2_13tev/frozen_v2/bundles/qcd_hardqcd_importance_adaptive500k_phys_wave2_20260717/qcd_hardqcd_importance_adaptive500k_phys_wave2_20260717_bin00_pthat50to75_shard9797_seed1209797_bundle.tar.gz	background	qcd_hardqcd	primary_physical_background	False	129	0
2ebbf5133dc5e37b3c06e5a7	3	395	2ebbf5133dc5e37b3c06e5a7::signal::43::ggf_shard_043	signal	ggf_hh4b	primary_physical_signal	False	569	189
2f862e1d6690070145517b88	3	65	2f862e1d6690070145517b88::background::38::bundle:/store/user/iturkmen/hh4b_delphes/run2_13tev/frozen_v2/bundles/qcd_hardqcd_importance_adaptive1500k_phys_wave3_20260718/qcd_hardqcd_importance_adaptive1500k_phys_wave3_20260718_bin00_pthat50to75_shard1038_seed1201038_bundle.tar.gz	background	qcd_hardqcd	primary_physical_background	False	133	0
304b26f5b9a58d65df7e7b29	3	396	304b26f5b9a58d65df7e7b29::signal::73::ggf_shard_073	signal	ggf_hh4b	primary_physical_signal	False	560	210
326a5afd73acd1973ad9efce	3	67	326a5afd73acd1973ad9efce::background::67::bundle:/store/user/iturkmen/hh4b_delphes/run2_13tev/frozen_v2/bundles/qcd_hardqcd_importance_adaptive1500k_phys_wave3_20260718/qcd_hardqcd_importance_adaptive1500k_phys_wave3_20260718_bin00_pthat50to75_shard1083_seed1201083_bundle.tar.gz	background	qcd_hardqcd	primary_physical_background	False	135	0
352baccfa4ef988207d36507	3	249	352baccfa4ef988207d36507::background::439::bundle:/store/user/iturkmen/hh4b_delphes/run2_13tev/frozen_v2/bundles/unified_background_5m_wavea_proven111_20260720_v1/ttbar_inclusive_run2_frozen_v2_unified5m_wavea_shard073_10k_bundle.tar.gz	background	ttbar_inclusive	primary_physical_background	False	6456	0
383b2fdff4ebed10b6255b21	3	220	383b2fdff4ebed10b6255b21::background::276::bundle:/store/user/iturkmen/hh4b_delphes/run2_13tev/frozen_v2/bundles/unified_background_5m_single_top_pilot50k_20260722_v1/schannel_single_top_run2_frozen_v2_single_top_pilot_shard4203_10kevt_bundle.tar.gz	background	schannel_single_top	primary_physical_background	False	2254	0
3c57654e77649c4d051b386e	3	250	3c57654e77649c4d051b386e::background::344::event_parquet:/uscms_data/d3/iturkmen/hh4b_delphes/parquet/ttbar_200k_shard018_event_summary.parquet	background	ttbar_inclusive	primary_physical_background	False	6580	0
3ce04d39eb1f03650a156ab1	3	74	3ce04d39eb1f03650a156ab1::background::182::bundle:/store/user/iturkmen/hh4b_delphes/run2_13tev/frozen_v2/bundles/qcd_hardqcd_importance_adaptive500k_phys_20260717_0022/qcd_hardqcd_importance_adaptive500k_phys_20260717_0022_bin03_pthat200to300_shard1863_seed1231863_bundle.tar.gz	background	qcd_hardqcd	primary_physical_background	False	3418	0
4445d1bd383a2f0daf544737	3	338	4445d1bd383a2f0daf544737::background::507::bundle:/store/user/iturkmen/hh4b_delphes/run2_13tev/frozen_v2/bundles/unified_background_5m_wavec1_scaleout180k_20260721_v2/wh_hbb_run2_frozen_v2_wavec1_scaleout_shard3303_10kevt_bundle.tar.gz	background	wh_hbb	primary_physical_background	False	2189	0
44496f1095922dfadc459546	3	24	44496f1095922dfadc459546::background::2::bundle:/store/user/iturkmen/hh4b_delphes/run2_13tev/frozen_v2/bundles/bbh_hbb_4fs_scaleout40k_20260722_v1/bbh_hbb_4fs_run2_frozen_v2_train_shard9803_10k_bundle.tar.gz	background	bbh_hbb_4fs	primary_physical_background	False	3180	0
48a560034fc93461d1a27171	3	15	48a560034fc93461d1a27171::background::374::bundle:/store/user/iturkmen/hh4b_delphes/run2_13tev/frozen_v2/bundles/unified_background_5m_wavea_proven111_20260720_v1/qcd_bbbb_iht400to600_run2_frozen_v2_unified5m_wavea_shard005_10k_bundle.tar.gz	background	qcd_bbbb_iht400to600	auxiliary_qcd_classification_only	True	8085	0
49065a145a9da5b3c4c63196	3	87	49065a145a9da5b3c4c63196::background::158::bundle:/store/user/iturkmen/hh4b_delphes/run2_13tev/frozen_v2/bundles/qcd_hardqcd_importance_adaptive500k_phys_20260717_0022/qcd_hardqcd_importance_adaptive500k_phys_20260717_0022_bin00_pthat50to75_shard1834_seed1201834_bundle.tar.gz	background	qcd_hardqcd	primary_physical_background	False	125	0
492d76164620425fd4a38568	3	88	492d76164620425fd4a38568::background::55::bundle:/store/user/iturkmen/hh4b_delphes/run2_13tev/frozen_v2/bundles/qcd_hardqcd_importance_adaptive1500k_phys_wave3_20260718/qcd_hardqcd_importance_adaptive1500k_phys_wave3_20260718_bin00_pthat50to75_shard1063_seed1201063_bundle.tar.gz	background	qcd_hardqcd	primary_physical_background	False	107	0
4cb37ad30a944e05dde81444	3	91	4cb37ad30a944e05dde81444::background::114::bundle:/store/user/iturkmen/hh4b_delphes/run2_13tev/frozen_v2/bundles/qcd_hardqcd_importance_adaptive1500k_phys_wave3_20260718/qcd_hardqcd_importance_adaptive1500k_phys_wave3_20260718_bin01_pthat75to100_shard1143_seed1211143_bundle.tar.gz	background	qcd_hardqcd	primary_physical_background	False	570	0
5044a6e1019c07aac38c4f37	3	94	5044a6e1019c07aac38c4f37::background::209::bundle:/store/user/iturkmen/hh4b_delphes/run2_13tev/frozen_v2/bundles/qcd_hardqcd_importance_adaptive500k_phys_wave2_20260717/qcd_hardqcd_importance_adaptive500k_phys_wave2_20260717_bin01_pthat75to100_shard9808_seed1219808_bundle.tar.gz	background	qcd_hardqcd	primary_physical_background	False	520	0
51c3cc0bc21cda0e4a5807a5	3	98	51c3cc0bc21cda0e4a5807a5::background::150::bundle:/store/user/iturkmen/hh4b_delphes/run2_13tev/frozen_v2/bundles/qcd_hardqcd_importance_adaptive500k_phys_20260717_0022/qcd_hardqcd_importance_adaptive500k_phys_20260717_0022_bin00_pthat50to75_shard1823_seed1201823_bundle.tar.gz	background	qcd_hardqcd	primary_physical_background	False	123	0
528035c1f4af388b7ffcff08	3	100	528035c1f4af388b7ffcff08::background::43::bundle:/store/user/iturkmen/hh4b_delphes/run2_13tev/frozen_v2/bundles/qcd_hardqcd_importance_adaptive1500k_phys_wave3_20260718/qcd_hardqcd_importance_adaptive1500k_phys_wave3_20260718_bin00_pthat50to75_shard1047_seed1201047_bundle.tar.gz	background	qcd_hardqcd	primary_physical_background	False	112	0
5324bd0c1e334c1210341bcd	3	409	5324bd0c1e334c1210341bcd::signal::1::ggf_shard_001	signal	ggf_hh4b	primary_physical_signal	False	579	180
557f71440ffa2dc12f05f308	3	103	557f71440ffa2dc12f05f308::background::163::bundle:/store/user/iturkmen/hh4b_delphes/run2_13tev/frozen_v2/bundles/qcd_hardqcd_importance_adaptive500k_phys_20260717_0022/qcd_hardqcd_importance_adaptive500k_phys_20260717_0022_bin00_pthat50to75_shard1839_seed1201839_bundle.tar.gz	background	qcd_hardqcd	primary_physical_background	False	140	0
5581eba7ecceab1d7eb22b19	3	26	5581eba7ecceab1d7eb22b19::background::11::bundle:/store/user/iturkmen/hh4b_delphes/run2_13tev/frozen_v2/bundles/ggh_hbb_scaleout90k_20260722_v1/ggh_hbb_run2_frozen_v2_train_shard9707_10k_bundle.tar.gz	background	ggh_hbb	primary_physical_background	False	785	0
5789fcccf8be7da15e3fe6a7	3	318	5789fcccf8be7da15e3fe6a7::background::502::bundle:/store/user/iturkmen/hh4b_delphes/run2_13tev/frozen_v2/bundles/unified_background_5m_wavec1_scaleout180k_20260721_v2/ttw_run2_frozen_v2_wavec1_scaleout_shard3404_10kevt_bundle.tar.gz	background	ttw	primary_physical_background	False	7887	0
5b5ad486c37751f1b6e55e38	3	106	5b5ad486c37751f1b6e55e38::background::77::bundle:/store/user/iturkmen/hh4b_delphes/run2_13tev/frozen_v2/bundles/qcd_hardqcd_importance_adaptive1500k_phys_wave3_20260718/qcd_hardqcd_importance_adaptive1500k_phys_wave3_20260718_bin00_pthat50to75_shard1097_seed1201097_bundle.tar.gz	background	qcd_hardqcd	primary_physical_background	False	130	0
5d07a37aee258b91dbc13e21	3	109	5d07a37aee258b91dbc13e21::background::187::bundle:/store/user/iturkmen/hh4b_delphes/run2_13tev/frozen_v2/bundles/qcd_hardqcd_importance_adaptive500k_phys_20260717_0022/qcd_hardqcd_importance_adaptive500k_phys_20260717_0022_bin06_pthat700to1000_shard1869_seed1261869_bundle.tar.gz	background	qcd_hardqcd	primary_physical_background	False	5891	0
5e159a0bd05bcc78e15649dc	3	262	5e159a0bd05bcc78e15649dc::background::337::event_parquet:/uscms_data/d3/iturkmen/hh4b_delphes/parquet/ttbar_200k_shard009_event_summary.parquet	background	ttbar_inclusive	primary_physical_background	False	6595	0
5fad593f0101e0bee8ad1cf4	3	111	5fad593f0101e0bee8ad1cf4::background::149::bundle:/store/user/iturkmen/hh4b_delphes/run2_13tev/frozen_v2/bundles/qcd_hardqcd_importance_adaptive500k_phys_20260717_0022/qcd_hardqcd_importance_adaptive500k_phys_20260717_0022_bin00_pthat50to75_shard1822_seed1201822_bundle.tar.gz	background	qcd_hardqcd	primary_physical_background	False	128	0
62dd49b2bea9dfe6921816e0	3	264	62dd49b2bea9dfe6921816e0::background::326::event_parquet:/uscms_data/d3/iturkmen/hh4b_delphes/parquet/ttbar_100k_shard003_event_summary.parquet	background	ttbar_inclusive	primary_physical_background	False	6558	0
6395728056957aad3d82db98	3	223	6395728056957aad3d82db98::background::279::bundle:/store/user/iturkmen/hh4b_delphes/run2_13tev/frozen_v2/bundles/unified_background_5m_single_top_pilot50k_20260722_v1/tchannel_antitop_run2_frozen_v2_single_top_pilot_shard4202_10kevt_bundle.tar.gz	background	tchannel_antitop	primary_physical_background	False	2433	0
69e9198af372ba0c71b23ea6	3	325	69e9198af372ba0c71b23ea6::background::296::bundle:/store/user/iturkmen/hh4b_delphes/run2_13tev/frozen_v2/bundles/unified_background_5m_single_top_scaleout280k_20260722_v1/tw_antitop_run2_frozen_v2_single_top_scaleout_shard4323_10kevt_bundle.tar.gz	background	tw_antitop	primary_physical_background	False	4689	0
6fef608fcd9a48cea05e0ac2	3	269	6fef608fcd9a48cea05e0ac2::background::333::event_parquet:/uscms_data/d3/iturkmen/hh4b_delphes/parquet/ttbar_200k_shard004_event_summary.parquet	background	ttbar_inclusive	primary_physical_background	False	6627	0
7325d8e32e2b28a75f57667e	3	270	7325d8e32e2b28a75f57667e::background::345::event_parquet:/uscms_data/d3/iturkmen/hh4b_delphes/parquet/ttbar_200k_shard019_event_summary.parquet	background	ttbar_inclusive	primary_physical_background	False	6654	0
765df8c6ff15e5ef9646314a	3	3	765df8c6ff15e5ef9646314a::background::356::bundle:/store/user/iturkmen/hh4b_delphes/run2_13tev/frozen_v2/bundles/unified_background_5m_wavea_proven111_20260720_v1/qcd_bbbb_general_run2_frozen_v2_unified5m_wavea_shard013_10k_bundle.tar.gz	background	qcd_bbbb_general	auxiliary_qcd_classification_only	True	2995	0
7a5430dd83c97c563fd3b214	3	130	7a5430dd83c97c563fd3b214::background::57::bundle:/store/user/iturkmen/hh4b_delphes/run2_13tev/frozen_v2/bundles/qcd_hardqcd_importance_adaptive1500k_phys_wave3_20260718/qcd_hardqcd_importance_adaptive1500k_phys_wave3_20260718_bin00_pthat50to75_shard1067_seed1201067_bundle.tar.gz	background	qcd_hardqcd	primary_physical_background	False	120	0
7ec20e752ae2d4dbf2b268eb	3	274	7ec20e752ae2d4dbf2b268eb::background::330::event_parquet:/uscms_data/d3/iturkmen/hh4b_delphes/parquet/ttbar_200k_shard000_event_summary.parquet	background	ttbar_inclusive	primary_physical_background	False	6628	0
7f85bc41fcf2f1234d2e9cdd	3	276	7f85bc41fcf2f1234d2e9cdd::background::338::event_parquet:/uscms_data/d3/iturkmen/hh4b_delphes/parquet/ttbar_200k_shard011_event_summary.parquet	background	ttbar_inclusive	primary_physical_background	False	6567	0
83ab4076dbffbe744d66f11f	3	137	83ab4076dbffbe744d66f11f::background::142::bundle:/store/user/iturkmen/hh4b_delphes/run2_13tev/frozen_v2/bundles/qcd_hardqcd_importance_adaptive1500k_phys_wave3_20260718/qcd_hardqcd_importance_adaptive1500k_phys_wave3_20260718_bin04_pthat300to500_shard1179_seed1241179_bundle.tar.gz	background	qcd_hardqcd	primary_physical_background	False	4634	0
84a8f7e85924c130c41591c6	3	419	84a8f7e85924c130c41591c6::signal::37::ggf_shard_037	signal	ggf_hh4b	primary_physical_signal	False	549	199
89bdf3a3353582c2558f715d	3	315	89bdf3a3353582c2558f715d::background::486::bundle:/store/user/iturkmen/hh4b_delphes/run2_13tev/frozen_v2/bundles/unified_background_5m_waveb_priority_scale400k_20260721_v1/tttt_run2_frozen_v2_waveb_scale400k_shard2201_10000evt_bundle.tar.gz	background	tttt	primary_physical_background	False	9941	0
8a35e2b5d9d0d8b84c87cd87	3	142	8a35e2b5d9d0d8b84c87cd87::background::140::bundle:/store/user/iturkmen/hh4b_delphes/run2_13tev/frozen_v2/bundles/qcd_hardqcd_importance_adaptive1500k_phys_wave3_20260718/qcd_hardqcd_importance_adaptive1500k_phys_wave3_20260718_bin02_pthat100to200_shard1177_seed1221177_bundle.tar.gz	background	qcd_hardqcd	primary_physical_background	False	1451	0
8f41fdd666080ce44bdd43c5	3	280	8f41fdd666080ce44bdd43c5::background::329::event_parquet:/uscms_data/d3/iturkmen/hh4b_delphes/parquet/ttbar_100k_shard009_event_summary.parquet	background	ttbar_inclusive	primary_physical_background	False	6676	0
8f830df6e5952caa261f5528	3	144	8f830df6e5952caa261f5528::background::44::bundle:/store/user/iturkmen/hh4b_delphes/run2_13tev/frozen_v2/bundles/qcd_hardqcd_importance_adaptive1500k_phys_wave3_20260718/qcd_hardqcd_importance_adaptive1500k_phys_wave3_20260718_bin00_pthat50to75_shard1048_seed1201048_bundle.tar.gz	background	qcd_hardqcd	primary_physical_background	False	121	0
90665c0a0ef73250c60acae1	3	145	90665c0a0ef73250c60acae1::background::214::bundle:/store/user/iturkmen/hh4b_delphes/run2_13tev/frozen_v2/bundles/qcd_hardqcd_importance_adaptive500k_phys_wave2_20260717/qcd_hardqcd_importance_adaptive500k_phys_wave2_20260717_bin02_pthat100to200_shard9816_seed1229816_bundle.tar.gz	background	qcd_hardqcd	primary_physical_background	False	1490	0
90675ad3957f3fba70612683	3	230	90675ad3957f3fba70612683::background::288::bundle:/store/user/iturkmen/hh4b_delphes/run2_13tev/frozen_v2/bundles/unified_background_5m_single_top_scaleout280k_20260722_v1/tchannel_top_run2_frozen_v2_single_top_scaleout_shard4301_10kevt_bundle.tar.gz	background	tchannel_top	primary_physical_background	False	2312	0
90adfb0b186bcf8a579b24a1	3	148	90adfb0b186bcf8a579b24a1::background::134::bundle:/store/user/iturkmen/hh4b_delphes/run2_13tev/frozen_v2/bundles/qcd_hardqcd_importance_adaptive1500k_phys_wave3_20260718/qcd_hardqcd_importance_adaptive1500k_phys_wave3_20260718_bin02_pthat100to200_shard1170_seed1221170_bundle.tar.gz	background	qcd_hardqcd	primary_physical_background	False	1422	0
90b4350e43d99eae35ff9b1a	3	149	90b4350e43d99eae35ff9b1a::background::135::bundle:/store/user/iturkmen/hh4b_delphes/run2_13tev/frozen_v2/bundles/qcd_hardqcd_importance_adaptive1500k_phys_wave3_20260718/qcd_hardqcd_importance_adaptive1500k_phys_wave3_20260718_bin02_pthat100to200_shard1171_seed1221171_bundle.tar.gz	background	qcd_hardqcd	primary_physical_background	False	1421	0
9122e8aa1bd2b7e0ade9d594	3	360	9122e8aa1bd2b7e0ade9d594::background::467::bundle:/store/user/iturkmen/hh4b_delphes/run2_13tev/frozen_v2/bundles/unified_background_5m_wavea_zbbbb_remaining15_20260721_v1/zbbbb_run2_frozen_v2_unified5m_wavea_shard013_10k_bundle.tar.gz	background	zbbbb	primary_physical_background	False	2869	0
92ade417100c4544b618e4e5	3	150	92ade417100c4544b618e4e5::background::105::bundle:/store/user/iturkmen/hh4b_delphes/run2_13tev/frozen_v2/bundles/qcd_hardqcd_importance_adaptive1500k_phys_wave3_20260718/qcd_hardqcd_importance_adaptive1500k_phys_wave3_20260718_bin01_pthat75to100_shard1133_seed1211133_bundle.tar.gz	background	qcd_hardqcd	primary_physical_background	False	571	0
93586c35829871bb0bf7823c	3	281	93586c35829871bb0bf7823c::background::325::event_parquet:/uscms_data/d3/iturkmen/hh4b_delphes/parquet/ttbar_100k_shard002_event_summary.parquet	background	ttbar_inclusive	primary_physical_background	False	6572	0
940c87ebae39515efac047b6	3	152	940c87ebae39515efac047b6::background::62::bundle:/store/user/iturkmen/hh4b_delphes/run2_13tev/frozen_v2/bundles/qcd_hardqcd_importance_adaptive1500k_phys_wave3_20260718/qcd_hardqcd_importance_adaptive1500k_phys_wave3_20260718_bin00_pthat50to75_shard1073_seed1201073_bundle.tar.gz	background	qcd_hardqcd	primary_physical_background	False	124	0
9638868e2172e96b52a3f58c	3	285	9638868e2172e96b52a3f58c::background::334::event_parquet:/uscms_data/d3/iturkmen/hh4b_delphes/parquet/ttbar_200k_shard005_event_summary.parquet	background	ttbar_inclusive	primary_physical_background	False	6758	0
a87f47c0546eeca95d1b21d9	3	291	a87f47c0546eeca95d1b21d9::background::331::event_parquet:/uscms_data/d3/iturkmen/hh4b_delphes/parquet/ttbar_200k_shard001_event_summary.parquet	background	ttbar_inclusive	primary_physical_background	False	6646	0
b2d747b8686f59332330dbc7	3	433	b2d747b8686f59332330dbc7::signal::22::ggf_shard_022	signal	ggf_hh4b	primary_physical_signal	False	597	206
b79f897061f17eef98bf9b4a	3	435	b79f897061f17eef98bf9b4a::signal::71::ggf_shard_071	signal	ggf_hh4b	primary_physical_signal	False	549	186
b7fe2540d02511e2fe4e234b	3	367	b7fe2540d02511e2fe4e234b::background::468::bundle:/store/user/iturkmen/hh4b_delphes/run2_13tev/frozen_v2/bundles/unified_background_5m_wavea_zbbbb_remaining15_20260721_v1/zbbbb_run2_frozen_v2_unified5m_wavea_shard015_10k_bundle.tar.gz	background	zbbbb	primary_physical_background	False	2906	0
ba1880f113a8b089c6ef7865	3	296	ba1880f113a8b089c6ef7865::background::343::event_parquet:/uscms_data/d3/iturkmen/hh4b_delphes/parquet/ttbar_200k_shard017_event_summary.parquet	background	ttbar_inclusive	primary_physical_background	False	6607	0
bbf443b8a3bcef402b695d7d	3	436	bbf443b8a3bcef402b695d7d::signal::11::ggf_shard_011	signal	ggf_hh4b	primary_physical_signal	False	555	226
bbfb56c829f1edc3b556d14f	3	437	bbfb56c829f1edc3b556d14f::signal::74::ggf_shard_074	signal	ggf_hh4b	primary_physical_signal	False	563	194
bd8b7f9e133dbca1fd322312	3	21	bd8b7f9e133dbca1fd322312::background::371::bundle:/store/user/iturkmen/hh4b_delphes/run2_13tev/frozen_v2/bundles/unified_background_5m_wavea_proven111_20260720_v1/qcd_bbbb_iht400to600_run2_frozen_v2_unified5m_wavea_shard013_10k_bundle.tar.gz	background	qcd_bbbb_iht400to600	auxiliary_qcd_classification_only	True	8033	0
bee7456de8e3ebfa2ff1f580	3	439	bee7456de8e3ebfa2ff1f580::signal::8::ggf_shard_008	signal	ggf_hh4b	primary_physical_signal	False	587	219
c38a5ed7a3be81e93bbbe5ab	3	368	c38a5ed7a3be81e93bbbe5ab::background::459::bundle:/store/user/iturkmen/hh4b_delphes/run2_13tev/frozen_v2/bundles/unified_background_5m_wavea_proven111_20260720_v1/zbbbb_run2_frozen_v2_unified5m_wavea_shard003_10k_bundle.tar.gz	background	zbbbb	primary_physical_background	False	2918	0
c989603462cc21bda0b676ef	3	182	c989603462cc21bda0b676ef::background::179::bundle:/store/user/iturkmen/hh4b_delphes/run2_13tev/frozen_v2/bundles/qcd_hardqcd_importance_adaptive500k_phys_20260717_0022/qcd_hardqcd_importance_adaptive500k_phys_20260717_0022_bin02_pthat100to200_shard1860_seed1221860_bundle.tar.gz	background	qcd_hardqcd	primary_physical_background	False	1492	0
c9b03b9b6b9f9398092a3add	3	183	c9b03b9b6b9f9398092a3add::background::36::bundle:/store/user/iturkmen/hh4b_delphes/run2_13tev/frozen_v2/bundles/qcd_hardqcd_importance_adaptive1500k_phys_wave3_20260718/qcd_hardqcd_importance_adaptive1500k_phys_wave3_20260718_bin00_pthat50to75_shard1036_seed1201036_bundle.tar.gz	background	qcd_hardqcd	primary_physical_background	False	113	0
ca5dd2d91915701f2db3c250	3	184	ca5dd2d91915701f2db3c250::background::131::bundle:/store/user/iturkmen/hh4b_delphes/run2_13tev/frozen_v2/bundles/qcd_hardqcd_importance_adaptive1500k_phys_wave3_20260718/qcd_hardqcd_importance_adaptive1500k_phys_wave3_20260718_bin02_pthat100to200_shard1166_seed1221166_bundle.tar.gz	background	qcd_hardqcd	primary_physical_background	False	1441	0
cd5f5dd776f3b846433546ea	3	443	cd5f5dd776f3b846433546ea::signal::67::ggf_shard_067	signal	ggf_hh4b	primary_physical_signal	False	577	213
ce365d3e4aad32d2d4b33623	3	187	ce365d3e4aad32d2d4b33623::background::194::bundle:/store/user/iturkmen/hh4b_delphes/run2_13tev/frozen_v2/bundles/qcd_hardqcd_importance_adaptive500k_phys_wave2_20260717/qcd_hardqcd_importance_adaptive500k_phys_wave2_20260717_bin00_pthat50to75_shard9779_seed1209779_bundle.tar.gz	background	qcd_hardqcd	primary_physical_background	False	122	0
d3283698ac6c6b82a75e200e	3	447	d3283698ac6c6b82a75e200e::signal::80::ggf_shard_080	signal	ggf_hh4b	primary_physical_signal	False	603	215
d3e3de3e684c6e0f1e97b762	3	448	d3e3de3e684c6e0f1e97b762::signal::55::ggf_shard_055	signal	ggf_hh4b	primary_physical_signal	False	601	199
d4486205aec22c450a5f8bbc	3	192	d4486205aec22c450a5f8bbc::background::42::bundle:/store/user/iturkmen/hh4b_delphes/run2_13tev/frozen_v2/bundles/qcd_hardqcd_importance_adaptive1500k_phys_wave3_20260718/qcd_hardqcd_importance_adaptive1500k_phys_wave3_20260718_bin00_pthat50to75_shard1043_seed1201043_bundle.tar.gz	background	qcd_hardqcd	primary_physical_background	False	118	0
da7b55b8ebf9ff7d43f57099	3	196	da7b55b8ebf9ff7d43f57099::background::151::bundle:/store/user/iturkmen/hh4b_delphes/run2_13tev/frozen_v2/bundles/qcd_hardqcd_importance_adaptive500k_phys_20260717_0022/qcd_hardqcd_importance_adaptive500k_phys_20260717_0022_bin00_pthat50to75_shard1824_seed1201824_bundle.tar.gz	background	qcd_hardqcd	primary_physical_background	False	125	0
df76d35956e8eb5f25831712	3	371	df76d35956e8eb5f25831712::background::457::bundle:/store/user/iturkmen/hh4b_delphes/run2_13tev/frozen_v2/bundles/unified_background_5m_wavea_proven111_20260720_v1/zbbbb_run2_frozen_v2_unified5m_wavea_shard001_10k_bundle.tar.gz	background	zbbbb	primary_physical_background	False	2913	0
e14311c8c1d2f7b5d00cbf57	3	8	e14311c8c1d2f7b5d00cbf57::background::358::bundle:/store/user/iturkmen/hh4b_delphes/run2_13tev/frozen_v2/bundles/unified_background_5m_wavea_proven111_20260720_v1/qcd_bbbb_general_run2_frozen_v2_unified5m_wavea_shard003_10k_bundle.tar.gz	background	qcd_bbbb_general	auxiliary_qcd_classification_only	True	3004	0
e4c8e277581861a9965390a9	3	333	e4c8e277581861a9965390a9::background::303::bundle:/store/user/iturkmen/hh4b_delphes/run2_13tev/frozen_v2/bundles/unified_background_5m_single_top_scaleout280k_20260722_v1/tw_top_run2_frozen_v2_single_top_scaleout_shard4318_10kevt_bundle.tar.gz	background	tw_top	primary_physical_background	False	4737	0
e566d63f21f4842e8702af50	3	201	e566d63f21f4842e8702af50::background::169::bundle:/store/user/iturkmen/hh4b_delphes/run2_13tev/frozen_v2/bundles/qcd_hardqcd_importance_adaptive500k_phys_20260717_0022/qcd_hardqcd_importance_adaptive500k_phys_20260717_0022_bin00_pthat50to75_shard1847_seed1201847_bundle.tar.gz	background	qcd_hardqcd	primary_physical_background	False	125	0
ed0f1618606bfe7ed20a97f7	3	451	ed0f1618606bfe7ed20a97f7::signal::54::ggf_shard_054	signal	ggf_hh4b	primary_physical_signal	False	581	223
ed80d5c162be1339cecb457f	3	452	ed80d5c162be1339cecb457f::signal::63::ggf_shard_063	signal	ggf_hh4b	primary_physical_signal	False	563	193
f166c58018f30a00b511eec7	3	211	f166c58018f30a00b511eec7::background::76::bundle:/store/user/iturkmen/hh4b_delphes/run2_13tev/frozen_v2/bundles/qcd_hardqcd_importance_adaptive1500k_phys_wave3_20260718/qcd_hardqcd_importance_adaptive1500k_phys_wave3_20260718_bin00_pthat50to75_shard1096_seed1201096_bundle.tar.gz	background	qcd_hardqcd	primary_physical_background	False	114	0
f4b6e2721a3222baf2452d0c	3	309	f4b6e2721a3222baf2452d0c::background::436::bundle:/store/user/iturkmen/hh4b_delphes/run2_13tev/frozen_v2/bundles/unified_background_5m_wavea_proven111_20260720_v1/ttbar_inclusive_run2_frozen_v2_unified5m_wavea_shard070_10k_bundle.tar.gz	background	ttbar_inclusive	primary_physical_background	False	6487	0
faeda360dd0787436f98bc3f	3	456	faeda360dd0787436f98bc3f::signal::51::ggf_shard_051	signal	ggf_hh4b	primary_physical_signal	False	548	192
03b82368ee8a80a11d321612	4	35	03b82368ee8a80a11d321612::background::218::bundle:/store/user/iturkmen/hh4b_delphes/run2_13tev/frozen_v2/bundles/qcd_hardqcd_importance_adaptive500k_phys_wave2_20260717/qcd_hardqcd_importance_adaptive500k_phys_wave2_20260717_bin03_pthat200to300_shard9820_seed1239820_bundle.tar.gz	background	qcd_hardqcd	primary_physical_background	False	1548	0
0540a4c78a021d63f3a941b1	4	377	0540a4c78a021d63f3a941b1::signal::45::ggf_shard_045	signal	ggf_hh4b	primary_physical_signal	False	600	202
0a34ee6d1ece34fbb1a4de87	4	351	0a34ee6d1ece34fbb1a4de87::background::317::bundle:/store/user/iturkmen/hh4b_delphes/run2_13tev/frozen_v2/bundles/final_background_triboson_zbb_scaleout40k_20260722_v1/wzz_zbb_run2_frozen_v2_train_shard9914_3300_bundle.tar.gz	background	wzz_zbb	primary_physical_background	False	1500	0
0b98dd231d51507a67024a7c	4	226	0b98dd231d51507a67024a7c::background::292::bundle:/store/user/iturkmen/hh4b_delphes/run2_13tev/frozen_v2/bundles/unified_background_5m_single_top_scaleout280k_20260722_v1/tchannel_top_run2_frozen_v2_single_top_scaleout_shard4305_10kevt_bundle.tar.gz	background	tchannel_top	primary_physical_background	False	2216	0
0e224e13ad1a0a08aa106ab5	4	236	0e224e13ad1a0a08aa106ab5::background::433::bundle:/store/user/iturkmen/hh4b_delphes/run2_13tev/frozen_v2/bundles/unified_background_5m_wavea_proven111_20260720_v1/ttbar_inclusive_run2_frozen_v2_unified5m_wavea_shard067_10k_bundle.tar.gz	background	ttbar_inclusive	primary_physical_background	False	6426	0
0f7f19ccd5e2f87f8428be14	4	39	0f7f19ccd5e2f87f8428be14::background::157::bundle:/store/user/iturkmen/hh4b_delphes/run2_13tev/frozen_v2/bundles/qcd_hardqcd_importance_adaptive500k_phys_20260717_0022/qcd_hardqcd_importance_adaptive500k_phys_20260717_0022_bin00_pthat50to75_shard1832_seed1201832_bundle.tar.gz	background	qcd_hardqcd	primary_physical_background	False	121	0
12882cd094457c9fdf8aa1dd	4	380	12882cd094457c9fdf8aa1dd::signal::26::ggf_shard_026	signal	ggf_hh4b	primary_physical_signal	False	583	218
13a972650c4fdff3714faf1b	4	238	13a972650c4fdff3714faf1b::background::336::event_parquet:/uscms_data/d3/iturkmen/hh4b_delphes/parquet/ttbar_200k_shard007_event_summary.parquet	background	ttbar_inclusive	primary_physical_background	False	6660	0
13ebfabb3793ae31a54909e6	4	382	13ebfabb3793ae31a54909e6::signal::69::ggf_shard_069	signal	ggf_hh4b	primary_physical_signal	False	596	208
256666d525d1d35b7272b519	4	57	256666d525d1d35b7272b519::background::216::bundle:/store/user/iturkmen/hh4b_delphes/run2_13tev/frozen_v2/bundles/qcd_hardqcd_importance_adaptive500k_phys_wave2_20260717/qcd_hardqcd_importance_adaptive500k_phys_wave2_20260717_bin02_pthat100to200_shard9818_seed1229818_bundle.tar.gz	background	qcd_hardqcd	primary_physical_background	False	167	0
265659ec6844ada669a1c22b	4	58	265659ec6844ada669a1c22b::background::200::bundle:/store/user/iturkmen/hh4b_delphes/run2_13tev/frozen_v2/bundles/qcd_hardqcd_importance_adaptive500k_phys_wave2_20260717/qcd_hardqcd_importance_adaptive500k_phys_wave2_20260717_bin00_pthat50to75_shard9788_seed1209788_bundle.tar.gz	background	qcd_hardqcd	primary_physical_background	False	122	0
27c38d9f236cdf6a882b0ea0	4	389	27c38d9f236cdf6a882b0ea0::signal::84::ggf_shard_084	signal	ggf_hh4b	primary_physical_signal	False	595	225
287cc934fda61bca10c7e177	4	244	287cc934fda61bca10c7e177::background::391::bundle:/store/user/iturkmen/hh4b_delphes/run2_13tev/frozen_v2/bundles/unified_background_5m_wavea_proven111_20260720_v1/ttbar_inclusive_run2_frozen_v2_unified5m_wavea_shard002_10k_bundle.tar.gz	background	ttbar_inclusive	primary_physical_background	False	6462	0
29c61230fbd6596ae7c78bd8	4	390	29c61230fbd6596ae7c78bd8::signal::25::ggf_shard_025	signal	ggf_hh4b	primary_physical_signal	False	588	196
2c2137bd1a11d29566552454	4	62	2c2137bd1a11d29566552454::background::110::bundle:/store/user/iturkmen/hh4b_delphes/run2_13tev/frozen_v2/bundles/qcd_hardqcd_importance_adaptive1500k_phys_wave3_20260718/qcd_hardqcd_importance_adaptive1500k_phys_wave3_20260718_bin01_pthat75to100_shard1139_seed1211139_bundle.tar.gz	background	qcd_hardqcd	primary_physical_background	False	576	0
2de0fa11440a92a85ada95c3	4	393	2de0fa11440a92a85ada95c3::signal::28::ggf_shard_028	signal	ggf_hh4b	primary_physical_signal	False	585	202
2fc1765f92bee7ca2ad0745c	4	66	2fc1765f92bee7ca2ad0745c::background::45::bundle:/store/user/iturkmen/hh4b_delphes/run2_13tev/frozen_v2/bundles/qcd_hardqcd_importance_adaptive1500k_phys_wave3_20260718/qcd_hardqcd_importance_adaptive1500k_phys_wave3_20260718_bin00_pthat50to75_shard1050_seed1201050_bundle.tar.gz	background	qcd_hardqcd	primary_physical_background	False	128	0
34b1e9d59bdb22c9ae6729b8	4	68	34b1e9d59bdb22c9ae6729b8::background::208::bundle:/store/user/iturkmen/hh4b_delphes/run2_13tev/frozen_v2/bundles/qcd_hardqcd_importance_adaptive500k_phys_wave2_20260717/qcd_hardqcd_importance_adaptive500k_phys_wave2_20260717_bin01_pthat75to100_shard9806_seed1219806_bundle.tar.gz	background	qcd_hardqcd	primary_physical_background	False	560	0
37322c6369fb66e00e5adb2f	4	401	37322c6369fb66e00e5adb2f::signal::2::ggf_shard_002	signal	ggf_hh4b	primary_physical_signal	False	596	223
397083e42d53f7591ed40e84	4	70	397083e42d53f7591ed40e84::background::141::bundle:/store/user/iturkmen/hh4b_delphes/run2_13tev/frozen_v2/bundles/qcd_hardqcd_importance_adaptive1500k_phys_wave3_20260718/qcd_hardqcd_importance_adaptive1500k_phys_wave3_20260718_bin03_pthat200to300_shard1178_seed1231178_bundle.tar.gz	background	qcd_hardqcd	primary_physical_background	False	3371	0
3985a321950cc46302e7b4a2	4	71	3985a321950cc46302e7b4a2::background::184::bundle:/store/user/iturkmen/hh4b_delphes/run2_13tev/frozen_v2/bundles/qcd_hardqcd_importance_adaptive500k_phys_20260717_0022/qcd_hardqcd_importance_adaptive500k_phys_20260717_0022_bin04_pthat300to500_shard1866_seed1241866_bundle.tar.gz	background	qcd_hardqcd	primary_physical_background	False	1341	0
3a15781b089b4f1b34355de3	4	402	3a15781b089b4f1b34355de3::signal::12::ggf_shard_012	signal	ggf_hh4b	primary_physical_signal	False	589	217
3c218500a70136d42696cdbd	4	72	3c218500a70136d42696cdbd::background::205::bundle:/store/user/iturkmen/hh4b_delphes/run2_13tev/frozen_v2/bundles/qcd_hardqcd_importance_adaptive500k_phys_wave2_20260717/qcd_hardqcd_importance_adaptive500k_phys_wave2_20260717_bin00_pthat50to75_shard9798_seed1209798_bundle.tar.gz	background	qcd_hardqcd	primary_physical_background	False	129	0
3d9f6517f0e585392bc55730	4	75	3d9f6517f0e585392bc55730::background::80::bundle:/store/user/iturkmen/hh4b_delphes/run2_13tev/frozen_v2/bundles/qcd_hardqcd_importance_adaptive1500k_phys_wave3_20260718/qcd_hardqcd_importance_adaptive1500k_phys_wave3_20260718_bin00_pthat50to75_shard1100_seed1201100_bundle.tar.gz	background	qcd_hardqcd	primary_physical_background	False	132	0
426772edf5da187755dae56a	4	355	426772edf5da187755dae56a::background::456::bundle:/store/user/iturkmen/hh4b_delphes/run2_13tev/frozen_v2/bundles/unified_background_5m_wavea_pilots_20260720_retry1/zbbbb_run2_frozen_v2_unified5m_pilot_shard000_10k_bundle.tar.gz	background	zbbbb	primary_physical_background	False	2851	0
44b0090fd1f705d63820afcc	4	252	44b0090fd1f705d63820afcc::background::404::bundle:/store/user/iturkmen/hh4b_delphes/run2_13tev/frozen_v2/bundles/unified_background_5m_wavea_proven111_20260720_v1/ttbar_inclusive_run2_frozen_v2_unified5m_wavea_shard033_10k_bundle.tar.gz	background	ttbar_inclusive	primary_physical_background	False	6442	0
44c963c46040b117925f2752	4	253	44c963c46040b117925f2752::background::418::bundle:/store/user/iturkmen/hh4b_delphes/run2_13tev/frozen_v2/bundles/unified_background_5m_wavea_proven111_20260720_v1/ttbar_inclusive_run2_frozen_v2_unified5m_wavea_shard050_10k_bundle.tar.gz	background	ttbar_inclusive	primary_physical_background	False	6449	0
470da0a2b752a837467fce78	4	83	470da0a2b752a837467fce78::background::63::bundle:/store/user/iturkmen/hh4b_delphes/run2_13tev/frozen_v2/bundles/qcd_hardqcd_importance_adaptive1500k_phys_wave3_20260718/qcd_hardqcd_importance_adaptive1500k_phys_wave3_20260718_bin00_pthat50to75_shard1075_seed1201075_bundle.tar.gz	background	qcd_hardqcd	primary_physical_background	False	152	0
482e13bb945af35911ca709c	4	84	482e13bb945af35911ca709c::background::47::bundle:/store/user/iturkmen/hh4b_delphes/run2_13tev/frozen_v2/bundles/qcd_hardqcd_importance_adaptive1500k_phys_wave3_20260718/qcd_hardqcd_importance_adaptive1500k_phys_wave3_20260718_bin00_pthat50to75_shard1052_seed1201052_bundle.tar.gz	background	qcd_hardqcd	primary_physical_background	False	139	0
511e38f39d0e1b4e5d6037de	4	97	511e38f39d0e1b4e5d6037de::background::174::bundle:/store/user/iturkmen/hh4b_delphes/run2_13tev/frozen_v2/bundles/qcd_hardqcd_importance_adaptive500k_phys_20260717_0022/qcd_hardqcd_importance_adaptive500k_phys_20260717_0022_bin01_pthat75to100_shard1853_seed1211853_bundle.tar.gz	background	qcd_hardqcd	primary_physical_background	False	579	0
512e29428828a43613a01625	4	408	512e29428828a43613a01625::signal::68::ggf_shard_068	signal	ggf_hh4b	primary_physical_signal	False	595	216
56b5a6cd136122138dbaad5c	4	323	56b5a6cd136122138dbaad5c::background::491::bundle:/store/user/iturkmen/hh4b_delphes/run2_13tev/frozen_v2/bundles/unified_background_5m_waveb_priority_scale400k_20260721_v1/ttz_zbb_run2_frozen_v2_waveb_scale400k_shard2107_10000evt_bundle.tar.gz	background	ttz_zbb	primary_physical_background	False	9076	0
579707076b113398aff108cf	4	330	579707076b113398aff108cf::background::304::bundle:/store/user/iturkmen/hh4b_delphes/run2_13tev/frozen_v2/bundles/unified_background_5m_single_top_scaleout280k_20260722_v1/tw_top_run2_frozen_v2_single_top_scaleout_shard4319_10kevt_bundle.tar.gz	background	tw_top	primary_physical_background	False	4652	0
5a4d100c18764fd8791866fa	4	104	5a4d100c18764fd8791866fa::background::178::bundle:/store/user/iturkmen/hh4b_delphes/run2_13tev/frozen_v2/bundles/qcd_hardqcd_importance_adaptive500k_phys_20260717_0022/qcd_hardqcd_importance_adaptive500k_phys_20260717_0022_bin02_pthat100to200_shard1858_seed1221858_bundle.tar.gz	background	qcd_hardqcd	primary_physical_background	False	1453	0
5bb3459b72f6233eef9887ef	4	314	5bb3459b72f6233eef9887ef::background::483::bundle:/store/user/iturkmen/hh4b_delphes/run2_13tev/frozen_v2/bundles/unified_background_5m_waveb_priority_scale400k_20260721_v1/tth_hbb_run2_frozen_v2_waveb_scale400k_shard2007_10000evt_bundle.tar.gz	background	tth_hbb	primary_physical_background	False	9190	0
5d62f90eea25f9c5657e35ec	4	412	5d62f90eea25f9c5657e35ec::signal::48::ggf_shard_048	signal	ggf_hh4b	primary_physical_signal	False	557	193
5e929eb3d9c0d5d3e24a8894	4	413	5e929eb3d9c0d5d3e24a8894::signal::56::ggf_shard_056	signal	ggf_hh4b	primary_physical_signal	False	575	209
5f4a77010b81f56c455a25c5	4	110	5f4a77010b81f56c455a25c5::background::107::bundle:/store/user/iturkmen/hh4b_delphes/run2_13tev/frozen_v2/bundles/qcd_hardqcd_importance_adaptive1500k_phys_wave3_20260718/qcd_hardqcd_importance_adaptive1500k_phys_wave3_20260718_bin01_pthat75to100_shard1135_seed1211135_bundle.tar.gz	background	qcd_hardqcd	primary_physical_background	False	580	0
6319a5d14f1a753e3c730c36	4	265	6319a5d14f1a753e3c730c36::background::402::bundle:/store/user/iturkmen/hh4b_delphes/run2_13tev/frozen_v2/bundles/unified_background_5m_wavea_proven111_20260720_v1/ttbar_inclusive_run2_frozen_v2_unified5m_wavea_shard031_10k_bundle.tar.gz	background	ttbar_inclusive	primary_physical_background	False	6511	0
63e1239b3f2a4c8a53dbae19	4	113	63e1239b3f2a4c8a53dbae19::background::129::bundle:/store/user/iturkmen/hh4b_delphes/run2_13tev/frozen_v2/bundles/qcd_hardqcd_importance_adaptive1500k_phys_wave3_20260718/qcd_hardqcd_importance_adaptive1500k_phys_wave3_20260718_bin02_pthat100to200_shard1162_seed1221162_bundle.tar.gz	background	qcd_hardqcd	primary_physical_background	False	1430	0
6975995ec3d8326d07ee26b1	4	415	6975995ec3d8326d07ee26b1::signal::9::ggf_shard_009	signal	ggf_hh4b	primary_physical_signal	False	596	186
6aeca1df086a5ba7b74a5ebf	4	27	6aeca1df086a5ba7b74a5ebf::background::6::bundle:/store/user/iturkmen/hh4b_delphes/run2_13tev/frozen_v2/bundles/ggh_hbb_scaleout90k_20260722_v1/ggh_hbb_run2_frozen_v2_train_shard9702_10k_bundle.tar.gz	background	ggh_hbb	primary_physical_background	False	761	0
6ddaaf7b411d1bb16228ee96	4	266	6ddaaf7b411d1bb16228ee96::background::389::bundle:/store/user/iturkmen/hh4b_delphes/run2_13tev/frozen_v2/bundles/unified_background_5m_wavea_proven111_20260720_v1/ttbar_inclusive_run2_frozen_v2_unified5m_wavea_shard017_10k_bundle.tar.gz	background	ttbar_inclusive	primary_physical_background	False	6469	0
6ecca2088df38f9e020e8460	4	268	6ecca2088df38f9e020e8460::background::382::bundle:/store/user/iturkmen/hh4b_delphes/run2_13tev/frozen_v2/bundles/unified_background_5m_wavea_proven111_20260720_v1/ttbar_inclusive_run2_frozen_v2_unified5m_wavea_shard001_10k_bundle.tar.gz	background	ttbar_inclusive	primary_physical_background	False	6473	0
73ec2f0e84fede5140d11b65	4	124	73ec2f0e84fede5140d11b65::background::172::bundle:/store/user/iturkmen/hh4b_delphes/run2_13tev/frozen_v2/bundles/qcd_hardqcd_importance_adaptive500k_phys_20260717_0022/qcd_hardqcd_importance_adaptive500k_phys_20260717_0022_bin01_pthat75to100_shard1850_seed1211850_bundle.tar.gz	background	qcd_hardqcd	primary_physical_background	False	591	0
762a3b5ceac5de930f6c8d22	4	127	762a3b5ceac5de930f6c8d22::background::35::bundle:/store/user/iturkmen/hh4b_delphes/run2_13tev/frozen_v2/bundles/qcd_hardqcd_importance_adaptive1500k_phys_wave3_20260718/qcd_hardqcd_importance_adaptive1500k_phys_wave3_20260718_bin00_pthat50to75_shard1034_seed1201034_bundle.tar.gz	background	qcd_hardqcd	primary_physical_background	False	143	0
794d2039b5bb4aad54eef557	4	272	794d2039b5bb4aad54eef557::background::437::bundle:/store/user/iturkmen/hh4b_delphes/run2_13tev/frozen_v2/bundles/unified_background_5m_wavea_proven111_20260720_v1/ttbar_inclusive_run2_frozen_v2_unified5m_wavea_shard071_10k_bundle.tar.gz	background	ttbar_inclusive	primary_physical_background	False	6467	0
7dcf83e3d7a9fbe6d951f885	4	28	7dcf83e3d7a9fbe6d951f885::background::8::bundle:/store/user/iturkmen/hh4b_delphes/run2_13tev/frozen_v2/bundles/ggh_hbb_scaleout90k_20260722_v1/ggh_hbb_run2_frozen_v2_train_shard9704_10k_bundle.tar.gz	background	ggh_hbb	primary_physical_background	False	746	0
7deeae1d1811de320a4ee017	4	131	7deeae1d1811de320a4ee017::background::95::bundle:/store/user/iturkmen/hh4b_delphes/run2_13tev/frozen_v2/bundles/qcd_hardqcd_importance_adaptive1500k_phys_wave3_20260718/qcd_hardqcd_importance_adaptive1500k_phys_wave3_20260718_bin01_pthat75to100_shard1120_seed1211120_bundle.tar.gz	background	qcd_hardqcd	primary_physical_background	False	558	0
7f3d2f506f599688947055f7	4	275	7f3d2f506f599688947055f7::background::383::bundle:/store/user/iturkmen/hh4b_delphes/run2_13tev/frozen_v2/bundles/unified_background_5m_wavea_proven111_20260720_v1/ttbar_inclusive_run2_frozen_v2_unified5m_wavea_shard010_10k_bundle.tar.gz	background	ttbar_inclusive	primary_physical_background	False	6416	0
825de3873398b77d78765092	4	358	825de3873398b77d78765092::background::458::bundle:/store/user/iturkmen/hh4b_delphes/run2_13tev/frozen_v2/bundles/unified_background_5m_wavea_proven111_20260720_v1/zbbbb_run2_frozen_v2_unified5m_wavea_shard002_10k_bundle.tar.gz	background	zbbbb	primary_physical_background	False	2907	0
82dc05d8b4f579c41c640664	4	136	82dc05d8b4f579c41c640664::background::123::bundle:/store/user/iturkmen/hh4b_delphes/run2_13tev/frozen_v2/bundles/qcd_hardqcd_importance_adaptive1500k_phys_wave3_20260718/qcd_hardqcd_importance_adaptive1500k_phys_wave3_20260718_bin02_pthat100to200_shard1152_seed1221152_bundle.tar.gz	background	qcd_hardqcd	primary_physical_background	False	1513	0
84093289b227bfb4126da03d	4	418	84093289b227bfb4126da03d::signal::21::ggf_shard_021	signal	ggf_hh4b	primary_physical_signal	False	584	202
85088f1356342f7e511e9439	4	319	85088f1356342f7e511e9439::background::498::bundle:/store/user/iturkmen/hh4b_delphes/run2_13tev/frozen_v2/bundles/unified_background_5m_wavec1_pilot40k_20260721_v1/ttw_run2_frozen_v2_wavec1_pilot_shard3202_10kevt_bundle.tar.gz	background	ttw	primary_physical_background	False	7881	0
852a26fa10837984b6514fd7	4	17	852a26fa10837984b6514fd7::background::369::bundle:/store/user/iturkmen/hh4b_delphes/run2_13tev/frozen_v2/bundles/unified_background_5m_wavea_proven111_20260720_v1/qcd_bbbb_iht400to600_run2_frozen_v2_unified5m_wavea_shard011_10k_bundle.tar.gz	background	qcd_bbbb_iht400to600	auxiliary_qcd_classification_only	True	7906	0
971534c289c8c141e6703131	4	19	971534c289c8c141e6703131::background::366::bundle:/store/user/iturkmen/hh4b_delphes/run2_13tev/frozen_v2/bundles/unified_background_5m_wavea_pilots_20260720_retry1/qcd_bbbb_iht400to600_run2_frozen_v2_unified5m_pilot_shard000_10k_bundle.tar.gz	background	qcd_bbbb_iht400to600	auxiliary_qcd_classification_only	True	7987	0
9cacc87dca5502e5a629cb02	4	20	9cacc87dca5502e5a629cb02::background::368::bundle:/store/user/iturkmen/hh4b_delphes/run2_13tev/frozen_v2/bundles/unified_background_5m_wavea_proven111_20260720_v1/qcd_bbbb_iht400to600_run2_frozen_v2_unified5m_wavea_shard010_10k_bundle.tar.gz	background	qcd_bbbb_iht400to600	auxiliary_qcd_classification_only	True	8033	0
9e82d9d7495c5770b58a0a91	4	288	9e82d9d7495c5770b58a0a91::background::393::bundle:/store/user/iturkmen/hh4b_delphes/run2_13tev/frozen_v2/bundles/unified_background_5m_wavea_proven111_20260720_v1/ttbar_inclusive_run2_frozen_v2_unified5m_wavea_shard021_10k_bundle.tar.gz	background	ttbar_inclusive	primary_physical_background	False	6477	0
a5162e429f56e50ac80408f2	4	161	a5162e429f56e50ac80408f2::background::116::bundle:/store/user/iturkmen/hh4b_delphes/run2_13tev/frozen_v2/bundles/qcd_hardqcd_importance_adaptive1500k_phys_wave3_20260718/qcd_hardqcd_importance_adaptive1500k_phys_wave3_20260718_bin01_pthat75to100_shard1145_seed1211145_bundle.tar.gz	background	qcd_hardqcd	primary_physical_background	False	589	0
a75c631d9494fe1d370ae9ef	4	162	a75c631d9494fe1d370ae9ef::background::154::bundle:/store/user/iturkmen/hh4b_delphes/run2_13tev/frozen_v2/bundles/qcd_hardqcd_importance_adaptive500k_phys_20260717_0022/qcd_hardqcd_importance_adaptive500k_phys_20260717_0022_bin00_pthat50to75_shard1827_seed1201827_bundle.tar.gz	background	qcd_hardqcd	primary_physical_background	False	127	0
a7f3d1764a153d6806dbc770	4	163	a7f3d1764a153d6806dbc770::background::137::bundle:/store/user/iturkmen/hh4b_delphes/run2_13tev/frozen_v2/bundles/qcd_hardqcd_importance_adaptive1500k_phys_wave3_20260718/qcd_hardqcd_importance_adaptive1500k_phys_wave3_20260718_bin02_pthat100to200_shard1174_seed1221174_bundle.tar.gz	background	qcd_hardqcd	primary_physical_background	False	1499	0
ab36407e677f871864b59862	4	165	ab36407e677f871864b59862::background::130::bundle:/store/user/iturkmen/hh4b_delphes/run2_13tev/frozen_v2/bundles/qcd_hardqcd_importance_adaptive1500k_phys_wave3_20260718/qcd_hardqcd_importance_adaptive1500k_phys_wave3_20260718_bin02_pthat100to200_shard1163_seed1221163_bundle.tar.gz	background	qcd_hardqcd	primary_physical_background	False	1509	0
acdaf0e975a99e37cfc08207	4	428	acdaf0e975a99e37cfc08207::signal::46::ggf_shard_046	signal	ggf_hh4b	primary_physical_signal	False	580	199
aed5d515806075d1fca2187a	4	430	aed5d515806075d1fca2187a::signal::13::ggf_shard_013	signal	ggf_hh4b	primary_physical_signal	False	592	228
af9489b346e19d2f9b40a96e	4	167	af9489b346e19d2f9b40a96e::background::128::bundle:/store/user/iturkmen/hh4b_delphes/run2_13tev/frozen_v2/bundles/qcd_hardqcd_importance_adaptive1500k_phys_wave3_20260718/qcd_hardqcd_importance_adaptive1500k_phys_wave3_20260718_bin02_pthat100to200_shard1161_seed1221161_bundle.tar.gz	background	qcd_hardqcd	primary_physical_background	False	1471	0
b1e92c289619a3db74e301f5	4	168	b1e92c289619a3db74e301f5::background::211::bundle:/store/user/iturkmen/hh4b_delphes/run2_13tev/frozen_v2/bundles/qcd_hardqcd_importance_adaptive500k_phys_wave2_20260717/qcd_hardqcd_importance_adaptive500k_phys_wave2_20260717_bin01_pthat75to100_shard9811_seed1219811_bundle.tar.gz	background	qcd_hardqcd	primary_physical_background	False	560	0
b2ea0b57f02d32c5d9dfd646	4	293	b2ea0b57f02d32c5d9dfd646::background::398::bundle:/store/user/iturkmen/hh4b_delphes/run2_13tev/frozen_v2/bundles/unified_background_5m_wavea_proven111_20260720_v1/ttbar_inclusive_run2_frozen_v2_unified5m_wavea_shard027_10k_bundle.tar.gz	background	ttbar_inclusive	primary_physical_background	False	6532	0
b52313e8cb66586582d09297	4	294	b52313e8cb66586582d09297::background::328::event_parquet:/uscms_data/d3/iturkmen/hh4b_delphes/parquet/ttbar_100k_shard008_event_summary.parquet	background	ttbar_inclusive	primary_physical_background	False	6611	0
b66980414647b56870a5d835	4	169	b66980414647b56870a5d835::background::199::bundle:/store/user/iturkmen/hh4b_delphes/run2_13tev/frozen_v2/bundles/qcd_hardqcd_importance_adaptive500k_phys_wave2_20260717/qcd_hardqcd_importance_adaptive500k_phys_wave2_20260717_bin00_pthat50to75_shard9787_seed1209787_bundle.tar.gz	background	qcd_hardqcd	primary_physical_background	False	125	0
b6d4759e04559bc933725626	4	434	b6d4759e04559bc933725626::signal::77::ggf_shard_077	signal	ggf_hh4b	primary_physical_signal	False	605	227
b9270d974d2ec08a4fe9d08b	4	171	b9270d974d2ec08a4fe9d08b::background::106::bundle:/store/user/iturkmen/hh4b_delphes/run2_13tev/frozen_v2/bundles/qcd_hardqcd_importance_adaptive1500k_phys_wave3_20260718/qcd_hardqcd_importance_adaptive1500k_phys_wave3_20260718_bin01_pthat75to100_shard1134_seed1211134_bundle.tar.gz	background	qcd_hardqcd	primary_physical_background	False	560	0
ba4ea16c7c45ee2aae854f6e	4	7	ba4ea16c7c45ee2aae854f6e::background::355::bundle:/store/user/iturkmen/hh4b_delphes/run2_13tev/frozen_v2/bundles/unified_background_5m_wavea_proven111_20260720_v1/qcd_bbbb_general_run2_frozen_v2_unified5m_wavea_shard012_10k_bundle.tar.gz	background	qcd_bbbb_general	auxiliary_qcd_classification_only	True	3033	0
c43cdb4e3cf70f69cddc4f20	4	180	c43cdb4e3cf70f69cddc4f20::background::46::bundle:/store/user/iturkmen/hh4b_delphes/run2_13tev/frozen_v2/bundles/qcd_hardqcd_importance_adaptive1500k_phys_wave3_20260718/qcd_hardqcd_importance_adaptive1500k_phys_wave3_20260718_bin00_pthat50to75_shard1051_seed1201051_bundle.tar.gz	background	qcd_hardqcd	primary_physical_background	False	133	0
ce7af60881c755acd494dc80	4	225	ce7af60881c755acd494dc80::background::283::bundle:/store/user/iturkmen/hh4b_delphes/run2_13tev/frozen_v2/bundles/unified_background_5m_single_top_scaleout280k_20260722_v1/tchannel_antitop_run2_frozen_v2_single_top_scaleout_shard4311_10kevt_bundle.tar.gz	background	tchannel_antitop	primary_physical_background	False	2404	0
d031dddec52f11168df71a77	4	346	d031dddec52f11168df71a77::background::309::bundle:/store/user/iturkmen/hh4b_delphes/run2_13tev/frozen_v2/bundles/final_background_triboson_zbb_scaleout40k_20260722_v1/wwz_zbb_run2_frozen_v2_train_shard9901_5200_bundle.tar.gz	background	wwz_zbb	primary_physical_background	False	2406	0
d04114ab82c639ee8e8b9155	4	445	d04114ab82c639ee8e8b9155::signal::82::ggf_shard_082	signal	ggf_hh4b	primary_physical_signal	False	578	213
d113c905e746c5f3a1fbe572	4	188	d113c905e746c5f3a1fbe572::background::133::bundle:/store/user/iturkmen/hh4b_delphes/run2_13tev/frozen_v2/bundles/qcd_hardqcd_importance_adaptive1500k_phys_wave3_20260718/qcd_hardqcd_importance_adaptive1500k_phys_wave3_20260718_bin02_pthat100to200_shard1169_seed1221169_bundle.tar.gz	background	qcd_hardqcd	primary_physical_background	False	1424	0
d18c07f548a58bc07eee0e75	4	327	d18c07f548a58bc07eee0e75::background::298::bundle:/store/user/iturkmen/hh4b_delphes/run2_13tev/frozen_v2/bundles/unified_background_5m_single_top_scaleout280k_20260722_v1/tw_antitop_run2_frozen_v2_single_top_scaleout_shard4325_10kevt_bundle.tar.gz	background	tw_antitop	primary_physical_background	False	4647	0
d98c5fe7043d6cacb315c6d0	4	302	d98c5fe7043d6cacb315c6d0::background::411::bundle:/store/user/iturkmen/hh4b_delphes/run2_13tev/frozen_v2/bundles/unified_background_5m_wavea_proven111_20260720_v1/ttbar_inclusive_run2_frozen_v2_unified5m_wavea_shard042_10k_bundle.tar.gz	background	ttbar_inclusive	primary_physical_background	False	6546	0
dc22938180b8a475a1145b22	4	303	dc22938180b8a475a1145b22::background::324::event_parquet:/uscms_data/d3/iturkmen/hh4b_delphes/parquet/ttbar_100k_shard001_event_summary.parquet	background	ttbar_inclusive	primary_physical_background	False	6607	0
dc3961ab7ada02fa1c964567	4	370	dc3961ab7ada02fa1c964567::background::471::bundle:/store/user/iturkmen/hh4b_delphes/run2_13tev/frozen_v2/bundles/unified_background_5m_wavea_zbbbb_remaining15_20260721_v1/zbbbb_run2_frozen_v2_unified5m_wavea_shard018_10k_bundle.tar.gz	background	zbbbb	primary_physical_background	False	2909	0
dd372cba4e2fd782a567777a	4	197	dd372cba4e2fd782a567777a::background::113::bundle:/store/user/iturkmen/hh4b_delphes/run2_13tev/frozen_v2/bundles/qcd_hardqcd_importance_adaptive1500k_phys_wave3_20260718/qcd_hardqcd_importance_adaptive1500k_phys_wave3_20260718_bin01_pthat75to100_shard1142_seed1211142_bundle.tar.gz	background	qcd_hardqcd	primary_physical_background	False	569	0
e1b1210236020324e1141030	4	372	e1b1210236020324e1141030::background::463::bundle:/store/user/iturkmen/hh4b_delphes/run2_13tev/frozen_v2/bundles/unified_background_5m_wavea_proven111_20260720_v1/zbbbb_run2_frozen_v2_unified5m_wavea_shard008_10k_bundle.tar.gz	background	zbbbb	primary_physical_background	False	2902	0
e473d8eca2acaf445655f28f	4	450	e473d8eca2acaf445655f28f::signal::41::ggf_shard_041	signal	ggf_hh4b	primary_physical_signal	False	574	191
e91c377b6decd1e2d8d19143	4	463	e91c377b6decd1e2d8d19143::signal::103::vbf_hh4b_sm_run2_frozen_v2_train_shard9403_10k	signal	vbf_hh4b	primary_physical_signal	False	6425	2096
eb0da04f9b6641022289637e	4	206	eb0da04f9b6641022289637e::background::121::bundle:/store/user/iturkmen/hh4b_delphes/run2_13tev/frozen_v2/bundles/qcd_hardqcd_importance_adaptive1500k_phys_wave3_20260718/qcd_hardqcd_importance_adaptive1500k_phys_wave3_20260718_bin02_pthat100to200_shard1150_seed1221150_bundle.tar.gz	background	qcd_hardqcd	primary_physical_background	False	1493	0
edeeda17ebb53ec5b08f7643	4	453	edeeda17ebb53ec5b08f7643::signal::83::ggf_shard_083	signal	ggf_hh4b	primary_physical_signal	False	573	208
f64b9ebbb63ed7fdc54ac20f	4	214	f64b9ebbb63ed7fdc54ac20f::background::111::bundle:/store/user/iturkmen/hh4b_delphes/run2_13tev/frozen_v2/bundles/qcd_hardqcd_importance_adaptive1500k_phys_wave3_20260718/qcd_hardqcd_importance_adaptive1500k_phys_wave3_20260718_bin01_pthat75to100_shard1140_seed1211140_bundle.tar.gz	background	qcd_hardqcd	primary_physical_background	False	538	0
f76c4d295021c2545924a8cb	4	10	f76c4d295021c2545924a8cb::background::352::bundle:/store/user/iturkmen/hh4b_delphes/run2_13tev/frozen_v2/bundles/unified_background_5m_wavea_proven111_20260720_v1/qcd_bbbb_general_run2_frozen_v2_unified5m_wavea_shard001_10k_bundle.tar.gz	background	qcd_bbbb_general	auxiliary_qcd_classification_only	True	2959	0
f94be1e794a18f8029e054ad	4	310	f94be1e794a18f8029e054ad::background::341::event_parquet:/uscms_data/d3/iturkmen/hh4b_delphes/parquet/ttbar_200k_shard014_event_summary.parquet	background	ttbar_inclusive	primary_physical_background	False	6672	0
fdc4deca706f521f7e178cb0	4	217	fdc4deca706f521f7e178cb0::background::125::bundle:/store/user/iturkmen/hh4b_delphes/run2_13tev/frozen_v2/bundles/qcd_hardqcd_importance_adaptive1500k_phys_wave3_20260718/qcd_hardqcd_importance_adaptive1500k_phys_wave3_20260718_bin02_pthat100to200_shard1155_seed1221155_bundle.tar.gz	background	qcd_hardqcd	primary_physical_background	False	1464	0
fdd17315eed7ce2a363b04b2	4	219	fdd17315eed7ce2a363b04b2::background::78::bundle:/store/user/iturkmen/hh4b_delphes/run2_13tev/frozen_v2/bundles/qcd_hardqcd_importance_adaptive1500k_phys_wave3_20260718/qcd_hardqcd_importance_adaptive1500k_phys_wave3_20260718_bin00_pthat50to75_shard1098_seed1201098_bundle.tar.gz	background	qcd_hardqcd	primary_physical_background	False	154	0
