sample_group	remote_path	entry_index	particle_count	used_particle_count	was_truncated	score_set	overall_top1_class	signal_grid_top1_class	signal_probability	qcd_probability	ttbar_probability
ttH_ntuple	/eos/ihep/cms/store/user/coli/datasets/hh4b/inference/ttH_ntuple/selected_ntuples_0000.root	0	137	137	False	model0	137	107	2.3450405209912104e-09	5.081319254252037e-10	1.0
ttH_ntuple	/eos/ihep/cms/store/user/coli/datasets/hh4b/inference/ttH_ntuple/selected_ntuples_0000.root	1	222	222	False	model0	137	134	0.608759923475418	0.0011016371427103877	0.3901384174823761
ttH_ntuple	/eos/ihep/cms/store/user/coli/datasets/hh4b/inference/ttH_ntuple/selected_ntuples_0000.root	2	168	168	False	model0	63	63	0.8907048974997451	0.07498741894960403	0.03430768474936485
ttH_ntuple	/eos/ihep/cms/store/user/coli/datasets/hh4b/inference/ttH_ntuple/selected_ntuples_0000.root	3	186	186	False	model0	137	134	0.04871390801093867	0.03863152489066124	0.9126545786857605
ttH_ntuple	/eos/ihep/cms/store/user/coli/datasets/hh4b/inference/ttH_ntuple/selected_ntuples_0000.root	4	70	70	False	model0	137	89	8.444912522023748e-13	1.740849557064529e-14	1.0
ttH_ntuple	/eos/ihep/cms/store/user/coli/datasets/hh4b/inference/ttH_ntuple/selected_ntuples_0000.root	5	154	154	False	model0	137	17	0.8756395229138434	0.007297889329493046	0.11706259101629257
ttH_ntuple	/eos/ihep/cms/store/user/coli/datasets/hh4b/inference/ttH_ntuple/selected_ntuples_0000.root	6	235	235	False	model0	137	90	0.00013142917873601445	1.4777145906919031e-07	0.9998685121536255
ttH_ntuple	/eos/ihep/cms/store/user/coli/datasets/hh4b/inference/ttH_ntuple/selected_ntuples_0000.root	7	168	168	False	model0	116	116	0.9941832118843195	0.0010620509274303913	0.004754706751555204
ttH_ntuple	/eos/ihep/cms/store/user/coli/datasets/hh4b/inference/ttH_ntuple/selected_ntuples_0000.root	8	90	90	False	model0	136	71	0.40993588482160703	0.5363075733184814	0.05375651642680168
ttH_ntuple	/eos/ihep/cms/store/user/coli/datasets/hh4b/inference/ttH_ntuple/selected_ntuples_0000.root	9	110	110	False	model0	137	107	1.2465801216742173e-06	1.0698430514821666e-06	0.9999977350234985
ttH_ntuple	/eos/ihep/cms/store/user/coli/datasets/hh4b/inference/ttH_ntuple/selected_ntuples_0000.root	10	119	119	False	model0	136	134	0.8663647560852041	0.09932958334684372	0.03430570289492607
ttH_ntuple	/eos/ihep/cms/store/user/coli/datasets/hh4b/inference/ttH_ntuple/selected_ntuples_0000.root	11	139	139	False	model0	136	79	0.9590958311455324	0.03986299782991409	0.0010411327239125967
ttH_ntuple	/eos/ihep/cms/store/user/coli/datasets/hh4b/inference/ttH_ntuple/selected_ntuples_0000.root	12	92	92	False	model0	64	64	0.989986089296508	0.008298410102725029	0.0017155330860987306
ttH_ntuple	/eos/ihep/cms/store/user/coli/datasets/hh4b/inference/ttH_ntuple/selected_ntuples_0000.root	13	197	197	False	model0	136	15	0.6279548269176303	0.2555203139781952	0.11652494966983795
ttH_ntuple	/eos/ihep/cms/store/user/coli/datasets/hh4b/inference/ttH_ntuple/selected_ntuples_0000.root	14	113	113	False	model0	137	15	0.058321107069787104	0.04647521674633026	0.8952036499977112
ttH_ntuple	/eos/ihep/cms/store/user/coli/datasets/hh4b/inference/ttH_ntuple/selected_ntuples_0000.root	15	143	143	False	model0	137	107	1.7491980758113297e-09	8.394954176260683e-10	1.0
ttH_ntuple	/eos/ihep/cms/store/user/coli/datasets/hh4b/inference/ttH_ntuple/selected_ntuples_0000.root	16	133	133	False	model0	137	111	0.0004388425646695282	0.00040351698407903314	0.9991576671600342
ttH_ntuple	/eos/ihep/cms/store/user/coli/datasets/hh4b/inference/ttH_ntuple/selected_ntuples_0000.root	17	208	208	False	model0	137	76	0.5737106309486535	0.0018220144556835294	0.42446738481521606
ttH_ntuple	/eos/ihep/cms/store/user/coli/datasets/hh4b/inference/ttH_ntuple/selected_ntuples_0000.root	18	156	156	False	model0	137	13	3.3835757481254225e-06	7.919161362224258e-07	0.9999958276748657
ttH_ntuple	/eos/ihep/cms/store/user/coli/datasets/hh4b/inference/ttH_ntuple/selected_ntuples_0000.root	19	164	164	False	model0	137	134	8.450415092659154e-05	1.5287454857570992e-07	0.999915361404419
ttH_ntuple	/eos/ihep/cms/store/user/coli/datasets/hh4b/inference/ttH_ntuple/selected_ntuples_0000.root	20	127	127	False	model0	137	132	0.0009816611548157939	7.534868200309575e-05	0.9989431500434875
ttH_ntuple	/eos/ihep/cms/store/user/coli/datasets/hh4b/inference/ttH_ntuple/selected_ntuples_0000.root	21	169	169	False	model0	137	129	8.32301371379296e-05	2.406572093605064e-05	0.9998928308486938
ttH_ntuple	/eos/ihep/cms/store/user/coli/datasets/hh4b/inference/ttH_ntuple/selected_ntuples_0000.root	22	103	103	False	model0	137	84	1.651731385867751e-06	1.0327710242563626e-06	0.9999972581863403
ttH_ntuple	/eos/ihep/cms/store/user/coli/datasets/hh4b/inference/ttH_ntuple/selected_ntuples_0000.root	23	125	125	False	model0	137	49	0.7319617354451111	0.036606013774871826	0.23143227398395538
ttH_ntuple	/eos/ihep/cms/store/user/coli/datasets/hh4b/inference/ttH_ntuple/selected_ntuples_0000.root	24	135	135	False	model0	137	107	2.1673344158655302e-11	4.0071553930945414e-13	1.0
ttH_ntuple	/eos/ihep/cms/store/user/coli/datasets/hh4b/inference/ttH_ntuple/selected_ntuples_0000.root	25	99	99	False	model0	137	82	0.4463171044767478	0.07919540256261826	0.4744875133037567
ttH_ntuple	/eos/ihep/cms/store/user/coli/datasets/hh4b/inference/ttH_ntuple/selected_ntuples_0000.root	26	87	87	False	model0	137	134	7.40684400861616e-08	1.4090104194508513e-08	1.0
ttH_ntuple	/eos/ihep/cms/store/user/coli/datasets/hh4b/inference/ttH_ntuple/selected_ntuples_0000.root	27	88	88	False	model0	137	107	0.0005846588583995338	0.0002595350088085979	0.9991558790206909
ttH_ntuple	/eos/ihep/cms/store/user/coli/datasets/hh4b/inference/ttH_ntuple/selected_ntuples_0000.root	28	90	90	False	model0	137	131	5.2484715775822505e-05	1.835149646467471e-06	0.9999456405639648
ttH_ntuple	/eos/ihep/cms/store/user/coli/datasets/hh4b/inference/ttH_ntuple/selected_ntuples_0000.root	29	91	91	False	model0	137	132	2.079653866833564e-05	3.956418822781416e-06	0.9999752044677734
ttH_ntuple	/eos/ihep/cms/store/user/coli/datasets/hh4b/inference/ttH_ntuple/selected_ntuples_0000.root	30	117	117	False	model0	137	90	2.121149584720719e-05	1.2063743497492396e-06	0.9999775886535645
ttH_ntuple	/eos/ihep/cms/store/user/coli/datasets/hh4b/inference/ttH_ntuple/selected_ntuples_0000.root	31	141	141	False	model0	137	67	0.02437992646082421	0.024296408519148827	0.9513236284255981
ttH_ntuple	/eos/ihep/cms/store/user/coli/datasets/hh4b/inference/ttH_ntuple/selected_ntuples_0000.root	32	121	121	False	model0	137	131	0.005072126013260458	0.00015949485532473773	0.9947683811187744
ttH_ntuple	/eos/ihep/cms/store/user/coli/datasets/hh4b/inference/ttH_ntuple/selected_ntuples_0000.root	33	66	66	False	model0	137	57	1.365198988073353e-05	4.1856225152514526e-07	0.999985933303833
ttH_ntuple	/eos/ihep/cms/store/user/coli/datasets/hh4b/inference/ttH_ntuple/selected_ntuples_0000.root	34	128	128	False	model0	137	132	6.856486206772804e-07	3.069481024908782e-08	0.9999991655349731
ttH_ntuple	/eos/ihep/cms/store/user/coli/datasets/hh4b/inference/ttH_ntuple/selected_ntuples_0000.root	35	94	94	False	model0	137	36	0.004826284033313755	0.0007640300318598747	0.9944097399711609
ttH_ntuple	/eos/ihep/cms/store/user/coli/datasets/hh4b/inference/ttH_ntuple/selected_ntuples_0000.root	36	40	40	False	model0	137	90	4.429646566071669e-12	2.414798233336263e-13	1.0
ttH_ntuple	/eos/ihep/cms/store/user/coli/datasets/hh4b/inference/ttH_ntuple/selected_ntuples_0000.root	37	131	131	False	model0	137	79	0.10770797548724431	0.0025571577716618776	0.8897347450256348
ttH_ntuple	/eos/ihep/cms/store/user/coli/datasets/hh4b/inference/ttH_ntuple/selected_ntuples_0000.root	38	104	104	False	model0	137	131	0.9253071616610669	0.03094862960278988	0.04374418035149574
ttH_ntuple	/eos/ihep/cms/store/user/coli/datasets/hh4b/inference/ttH_ntuple/selected_ntuples_0000.root	39	116	116	False	model0	137	67	0.2242535128702059	0.002777037676423788	0.7729694843292236
ttH_ntuple	/eos/ihep/cms/store/user/coli/datasets/hh4b/inference/ttH_ntuple/selected_ntuples_0000.root	40	161	161	False	model0	136	74	0.921851218572499	0.07586188614368439	0.0022869177628308535
ttH_ntuple	/eos/ihep/cms/store/user/coli/datasets/hh4b/inference/ttH_ntuple/selected_ntuples_0000.root	41	142	142	False	model0	137	107	0.194878092154795	0.22324348986148834	0.5818784236907959
ttH_ntuple	/eos/ihep/cms/store/user/coli/datasets/hh4b/inference/ttH_ntuple/selected_ntuples_0000.root	42	131	131	False	model0	137	134	0.0030908258631852092	0.003129619872197509	0.9937795996665955
ttH_ntuple	/eos/ihep/cms/store/user/coli/datasets/hh4b/inference/ttH_ntuple/selected_ntuples_0000.root	43	152	152	False	model0	137	90	0.3663987287507098	0.2646455764770508	0.36895567178726196
ttH_ntuple	/eos/ihep/cms/store/user/coli/datasets/hh4b/inference/ttH_ntuple/selected_ntuples_0000.root	44	198	198	False	model0	137	43	0.024588991685959627	0.07957680523395538	0.8958341479301453
ttH_ntuple	/eos/ihep/cms/store/user/coli/datasets/hh4b/inference/ttH_ntuple/selected_ntuples_0000.root	45	155	155	False	model0	137	107	8.03989949858939e-09	2.0443716164386672e-10	1.0
ttH_ntuple	/eos/ihep/cms/store/user/coli/datasets/hh4b/inference/ttH_ntuple/selected_ntuples_0000.root	46	106	106	False	model0	137	107	1.8478733054142082e-08	3.256471314827536e-09	1.0
ttH_ntuple	/eos/ihep/cms/store/user/coli/datasets/hh4b/inference/ttH_ntuple/selected_ntuples_0000.root	47	111	111	False	model0	137	134	0.13190172413487744	0.10301096737384796	0.7650874257087708
ttH_ntuple	/eos/ihep/cms/store/user/coli/datasets/hh4b/inference/ttH_ntuple/selected_ntuples_0000.root	48	94	94	False	model0	137	134	4.555639551527576e-09	3.096253919920855e-09	1.0
ttH_ntuple	/eos/ihep/cms/store/user/coli/datasets/hh4b/inference/ttH_ntuple/selected_ntuples_0000.root	49	157	157	False	model0	137	90	0.05669268396377447	0.016358735039830208	0.9269485473632812
ttH_ntuple	/eos/ihep/cms/store/user/coli/datasets/hh4b/inference/ttH_ntuple/selected_ntuples_0000.root	50	96	96	False	model0	50	50	0.9895417995505795	0.00662591215223074	0.003832288319244981
ttH_ntuple	/eos/ihep/cms/store/user/coli/datasets/hh4b/inference/ttH_ntuple/selected_ntuples_0000.root	51	204	204	False	model0	137	119	2.769887379841808e-06	2.839000678989123e-08	0.9999972581863403
ttH_ntuple	/eos/ihep/cms/store/user/coli/datasets/hh4b/inference/ttH_ntuple/selected_ntuples_0000.root	52	158	158	False	model0	137	13	6.137040574216712e-05	0.0001555690832901746	0.9997830986976624
ttH_ntuple	/eos/ihep/cms/store/user/coli/datasets/hh4b/inference/ttH_ntuple/selected_ntuples_0000.root	53	135	135	False	model0	137	57	0.00058770892468063	0.0025613701436668634	0.9968509078025818
ttH_ntuple	/eos/ihep/cms/store/user/coli/datasets/hh4b/inference/ttH_ntuple/selected_ntuples_0000.root	54	160	160	False	model0	137	134	0.6003126568421067	0.0812963917851448	0.31839093565940857
ttH_ntuple	/eos/ihep/cms/store/user/coli/datasets/hh4b/inference/ttH_ntuple/selected_ntuples_0000.root	55	99	99	False	model0	137	107	0.0028001694758368334	4.835988147533499e-05	0.9971516728401184
ttH_ntuple	/eos/ihep/cms/store/user/coli/datasets/hh4b/inference/ttH_ntuple/selected_ntuples_0000.root	56	112	112	False	model0	137	86	0.02909005217206584	0.0028957126196473837	0.9680142402648926
ttH_ntuple	/eos/ihep/cms/store/user/coli/datasets/hh4b/inference/ttH_ntuple/selected_ntuples_0000.root	57	207	207	False	model0	137	30	0.8698987619827676	0.002399349818006158	0.12770181894302368
ttH_ntuple	/eos/ihep/cms/store/user/coli/datasets/hh4b/inference/ttH_ntuple/selected_ntuples_0000.root	58	135	135	False	model0	137	55	2.9330935658267165e-05	7.530472885264317e-07	0.9999699592590332
ttH_ntuple	/eos/ihep/cms/store/user/coli/datasets/hh4b/inference/ttH_ntuple/selected_ntuples_0000.root	59	185	185	False	model0	137	131	0.0633385888064879	0.012715892866253853	0.9239454865455627
ttH_ntuple	/eos/ihep/cms/store/user/coli/datasets/hh4b/inference/ttH_ntuple/selected_ntuples_0000.root	60	121	121	False	model0	136	57	0.07753318614049931	0.8985861539840698	0.023880794644355774
ttH_ntuple	/eos/ihep/cms/store/user/coli/datasets/hh4b/inference/ttH_ntuple/selected_ntuples_0000.root	61	177	177	False	model0	137	57	0.012128416952617016	0.01233034860342741	0.9755411148071289
ttH_ntuple	/eos/ihep/cms/store/user/coli/datasets/hh4b/inference/ttH_ntuple/selected_ntuples_0000.root	62	84	84	False	model0	137	55	0.014866338669992984	8.138908015098423e-05	0.9850522875785828
ttH_ntuple	/eos/ihep/cms/store/user/coli/datasets/hh4b/inference/ttH_ntuple/selected_ntuples_0000.root	63	147	147	False	model0	137	107	1.6414384295669094e-07	1.5713359857727482e-07	0.9999997615814209
ttH_ntuple	/eos/ihep/cms/store/user/coli/datasets/hh4b/inference/ttH_ntuple/selected_ntuples_0000.root	64	93	93	False	model0	137	90	0.0002899242735000529	6.188880070112646e-05	0.9996480941772461
ttH_ntuple	/eos/ihep/cms/store/user/coli/datasets/hh4b/inference/ttH_ntuple/selected_ntuples_0000.root	65	116	116	False	model0	137	107	2.7740530069086593e-10	6.434958902540311e-12	1.0
ttH_ntuple	/eos/ihep/cms/store/user/coli/datasets/hh4b/inference/ttH_ntuple/selected_ntuples_0000.root	66	224	224	False	model0	46	46	0.961934702328108	0.028934473171830177	0.009130740538239479
ttH_ntuple	/eos/ihep/cms/store/user/coli/datasets/hh4b/inference/ttH_ntuple/selected_ntuples_0000.root	67	92	92	False	model0	136	74	0.8710563103070967	0.12349192798137665	0.005451698787510395
ttH_ntuple	/eos/ihep/cms/store/user/coli/datasets/hh4b/inference/ttH_ntuple/selected_ntuples_0000.root	68	138	138	False	model0	137	122	0.057152267973776816	0.0032102225814014673	0.9396374821662903
ttH_ntuple	/eos/ihep/cms/store/user/coli/datasets/hh4b/inference/ttH_ntuple/selected_ntuples_0000.root	69	161	161	False	model0	137	43	5.196954072872462e-05	7.084946901159128e-06	0.9999408721923828
ttH_ntuple	/eos/ihep/cms/store/user/coli/datasets/hh4b/inference/ttH_ntuple/selected_ntuples_0000.root	70	119	119	False	model0	136	127	0.3664353822150588	0.6258659958839417	0.0076985908672213554
ttH_ntuple	/eos/ihep/cms/store/user/coli/datasets/hh4b/inference/ttH_ntuple/selected_ntuples_0000.root	71	63	63	False	model0	137	107	2.050092983020381e-12	6.986673338395949e-14	1.0
ttH_ntuple	/eos/ihep/cms/store/user/coli/datasets/hh4b/inference/ttH_ntuple/selected_ntuples_0000.root	72	158	158	False	model0	136	8	0.9041706441930728	0.06873282045125961	0.027096498757600784
ttH_ntuple	/eos/ihep/cms/store/user/coli/datasets/hh4b/inference/ttH_ntuple/selected_ntuples_0000.root	73	166	166	False	model0	137	22	0.9328001844351093	0.0028255165088921785	0.06437428295612335
ttH_ntuple	/eos/ihep/cms/store/user/coli/datasets/hh4b/inference/ttH_ntuple/selected_ntuples_0000.root	74	102	102	False	model0	137	131	1.8037070662920733e-12	3.077205984057703e-14	1.0
ttH_ntuple	/eos/ihep/cms/store/user/coli/datasets/hh4b/inference/ttH_ntuple/selected_ntuples_0000.root	75	198	198	False	model0	137	129	0.022985943623069716	0.053774334490299225	0.9232397675514221
ttH_ntuple	/eos/ihep/cms/store/user/coli/datasets/hh4b/inference/ttH_ntuple/selected_ntuples_0000.root	76	112	112	False	model0	137	107	0.026984648234815722	0.0003733742341864854	0.9726419448852539
ttH_ntuple	/eos/ihep/cms/store/user/coli/datasets/hh4b/inference/ttH_ntuple/selected_ntuples_0000.root	77	158	158	False	model0	136	87	0.7172349495244816	0.15307854115962982	0.12968647480010986
ttH_ntuple	/eos/ihep/cms/store/user/coli/datasets/hh4b/inference/ttH_ntuple/selected_ntuples_0000.root	78	93	93	False	model0	137	107	2.5572628500270437e-12	1.2962639859073755e-13	1.0
ttH_ntuple	/eos/ihep/cms/store/user/coli/datasets/hh4b/inference/ttH_ntuple/selected_ntuples_0000.root	79	103	103	False	model0	137	132	2.557932379573108e-06	3.7203160445642425e-06	0.9999936819076538
ttH_ntuple	/eos/ihep/cms/store/user/coli/datasets/hh4b/inference/ttH_ntuple/selected_ntuples_0000.root	80	219	219	False	model0	137	4	0.019336760182341095	0.00973332766443491	0.9709298610687256
ttH_ntuple	/eos/ihep/cms/store/user/coli/datasets/hh4b/inference/ttH_ntuple/selected_ntuples_0000.root	81	78	78	False	model0	137	107	2.3799216050186457e-10	1.3992063584156167e-11	1.0
ttH_ntuple	/eos/ihep/cms/store/user/coli/datasets/hh4b/inference/ttH_ntuple/selected_ntuples_0000.root	82	180	180	False	model0	137	109	0.00028290916246435406	2.867121338567813e-06	0.999714195728302
ttH_ntuple	/eos/ihep/cms/store/user/coli/datasets/hh4b/inference/ttH_ntuple/selected_ntuples_0000.root	83	228	228	False	model0	137	134	0.0009733092618956635	1.3230933291197289e-06	0.9990253448486328
ttH_ntuple	/eos/ihep/cms/store/user/coli/datasets/hh4b/inference/ttH_ntuple/selected_ntuples_0000.root	84	123	123	False	model0	137	37	0.00012655095761359564	5.724475045099098e-07	0.9998728036880493
ttH_ntuple	/eos/ihep/cms/store/user/coli/datasets/hh4b/inference/ttH_ntuple/selected_ntuples_0000.root	85	58	58	False	model0	137	107	3.8170396575687054e-11	4.613949738767331e-13	1.0
ttH_ntuple	/eos/ihep/cms/store/user/coli/datasets/hh4b/inference/ttH_ntuple/selected_ntuples_0000.root	86	122	122	False	model0	137	101	0.2437375994059039	0.0661439597606659	0.6901184320449829
ttH_ntuple	/eos/ihep/cms/store/user/coli/datasets/hh4b/inference/ttH_ntuple/selected_ntuples_0000.root	87	142	142	False	model0	69	69	0.9564228017825371	0.04058873653411865	0.0029884902760386467
ttH_ntuple	/eos/ihep/cms/store/user/coli/datasets/hh4b/inference/ttH_ntuple/selected_ntuples_0000.root	88	104	104	False	model0	137	107	1.0235516594029789e-10	3.801065712183416e-11	1.0
ttH_ntuple	/eos/ihep/cms/store/user/coli/datasets/hh4b/inference/ttH_ntuple/selected_ntuples_0000.root	89	126	126	False	model0	137	69	7.586032390636405e-05	8.781993528828025e-05	0.9998363256454468
ttH_ntuple	/eos/ihep/cms/store/user/coli/datasets/hh4b/inference/ttH_ntuple/selected_ntuples_0000.root	90	123	123	False	model0	137	107	2.6818274012144205e-06	1.2419125141605036e-06	0.9999960660934448
ttH_ntuple	/eos/ihep/cms/store/user/coli/datasets/hh4b/inference/ttH_ntuple/selected_ntuples_0000.root	91	141	141	False	model0	137	132	0.0002746526463763832	1.6750966096878983e-05	0.9997085928916931
ttH_ntuple	/eos/ihep/cms/store/user/coli/datasets/hh4b/inference/ttH_ntuple/selected_ntuples_0000.root	92	206	206	False	model0	136	107	0.7182841307090939	0.18707415461540222	0.09464171528816223
ttH_ntuple	/eos/ihep/cms/store/user/coli/datasets/hh4b/inference/ttH_ntuple/selected_ntuples_0000.root	93	103	103	False	model0	137	132	3.516452113626594e-05	7.735975486866664e-07	0.9999638795852661
ttH_ntuple	/eos/ihep/cms/store/user/coli/datasets/hh4b/inference/ttH_ntuple/selected_ntuples_0000.root	94	79	79	False	model0	137	111	0.211735867100316	0.0004104930558241904	0.7878535985946655
ttH_ntuple	/eos/ihep/cms/store/user/coli/datasets/hh4b/inference/ttH_ntuple/selected_ntuples_0000.root	95	132	132	False	model0	137	134	0.5547272960064902	0.06834128499031067	0.37693145871162415
ttH_ntuple	/eos/ihep/cms/store/user/coli/datasets/hh4b/inference/ttH_ntuple/selected_ntuples_0000.root	96	158	158	False	model0	137	103	0.7705796904338058	0.05242647975683212	0.17699378728866577
ttH_ntuple	/eos/ihep/cms/store/user/coli/datasets/hh4b/inference/ttH_ntuple/selected_ntuples_0000.root	97	103	103	False	model0	137	134	1.526947423014443e-06	1.5811120590569772e-07	0.9999983310699463
ttH_ntuple	/eos/ihep/cms/store/user/coli/datasets/hh4b/inference/ttH_ntuple/selected_ntuples_0000.root	98	186	186	False	model0	136	107	0.8773609869228949	0.08565062284469604	0.03698846697807312
ttH_ntuple	/eos/ihep/cms/store/user/coli/datasets/hh4b/inference/ttH_ntuple/selected_ntuples_0000.root	99	131	131	False	model0	137	134	0.008219955727483352	0.03919553384184837	0.952584445476532
ttH_ntuple	/eos/ihep/cms/store/user/coli/datasets/hh4b/inference/ttH_ntuple/selected_ntuples_0000.root	100	97	97	False	model0	137	134	1.158486840084673e-11	4.2250678324896873e-13	1.0
ttH_ntuple	/eos/ihep/cms/store/user/coli/datasets/hh4b/inference/ttH_ntuple/selected_ntuples_0000.root	101	221	221	False	model0	137	35	0.5953452415487845	0.11007603257894516	0.2945786714553833
ttH_ntuple	/eos/ihep/cms/store/user/coli/datasets/hh4b/inference/ttH_ntuple/selected_ntuples_0000.root	102	156	156	False	model0	137	134	0.0011873078268249682	6.477677379734814e-05	0.9987479448318481
ttH_ntuple	/eos/ihep/cms/store/user/coli/datasets/hh4b/inference/ttH_ntuple/selected_ntuples_0000.root	103	119	119	False	model0	137	109	0.20459947705383996	0.0007008473039604723	0.7946997880935669
ttH_ntuple	/eos/ihep/cms/store/user/coli/datasets/hh4b/inference/ttH_ntuple/selected_ntuples_0000.root	104	249	249	False	model0	137	43	0.20576629481001874	0.012312636710703373	0.7819211483001709
ttH_ntuple	/eos/ihep/cms/store/user/coli/datasets/hh4b/inference/ttH_ntuple/selected_ntuples_0000.root	105	98	98	False	model0	137	107	8.006940176677468e-06	8.826835255604237e-06	0.9999831914901733
ttH_ntuple	/eos/ihep/cms/store/user/coli/datasets/hh4b/inference/ttH_ntuple/selected_ntuples_0000.root	106	152	152	False	model0	137	132	7.781260556625191e-07	3.1800396982362145e-08	0.9999991655349731
ttH_ntuple	/eos/ihep/cms/store/user/coli/datasets/hh4b/inference/ttH_ntuple/selected_ntuples_0000.root	107	144	144	False	model0	137	134	0.4952669418946698	0.017245326191186905	0.4874877333641052
ttH_ntuple	/eos/ihep/cms/store/user/coli/datasets/hh4b/inference/ttH_ntuple/selected_ntuples_0000.root	108	129	129	False	model0	137	107	7.380401591101926e-06	5.217719944994315e-07	0.9999921321868896
ttH_ntuple	/eos/ihep/cms/store/user/coli/datasets/hh4b/inference/ttH_ntuple/selected_ntuples_0000.root	109	183	183	False	model0	120	120	0.9677627484878286	0.0002758041664492339	0.03196138143539429
ttH_ntuple	/eos/ihep/cms/store/user/coli/datasets/hh4b/inference/ttH_ntuple/selected_ntuples_0000.root	110	107	107	False	model0	137	89	7.087475830696283e-13	1.27647577160021e-14	1.0
ttH_ntuple	/eos/ihep/cms/store/user/coli/datasets/hh4b/inference/ttH_ntuple/selected_ntuples_0000.root	111	97	97	False	model0	137	109	0.0011091059088443878	2.2011397959431633e-05	0.9988688826560974
ttH_ntuple	/eos/ihep/cms/store/user/coli/datasets/hh4b/inference/ttH_ntuple/selected_ntuples_0000.root	112	139	139	False	model0	137	114	1.3679263288657317e-05	6.867490446893498e-05	0.9999176263809204
ttH_ntuple	/eos/ihep/cms/store/user/coli/datasets/hh4b/inference/ttH_ntuple/selected_ntuples_0000.root	113	103	103	False	model0	137	134	6.972037490513006e-05	2.058088284684345e-06	0.99992835521698
ttH_ntuple	/eos/ihep/cms/store/user/coli/datasets/hh4b/inference/ttH_ntuple/selected_ntuples_0000.root	114	156	156	False	model0	101	101	0.9889734092284925	0.00623908219859004	0.0047875940799713135
ttH_ntuple	/eos/ihep/cms/store/user/coli/datasets/hh4b/inference/ttH_ntuple/selected_ntuples_0000.root	115	217	217	False	model0	137	62	0.06232969202665117	4.148276639170945e-05	0.9376287460327148
ttH_ntuple	/eos/ihep/cms/store/user/coli/datasets/hh4b/inference/ttH_ntuple/selected_ntuples_0000.root	116	115	115	False	model0	137	57	0.03889366661849181	0.09277147799730301	0.8683348894119263
ttH_ntuple	/eos/ihep/cms/store/user/coli/datasets/hh4b/inference/ttH_ntuple/selected_ntuples_0000.root	117	42	42	False	model0	137	131	9.982739281430482e-12	1.468809069597038e-13	1.0
ttH_ntuple	/eos/ihep/cms/store/user/coli/datasets/hh4b/inference/ttH_ntuple/selected_ntuples_0000.root	118	97	97	False	model0	137	132	0.00033358906251994974	7.129850132514548e-07	0.9996656179428101
ttH_ntuple	/eos/ihep/cms/store/user/coli/datasets/hh4b/inference/ttH_ntuple/selected_ntuples_0000.root	119	108	108	False	model0	137	134	1.1795353965483868e-05	6.407757155102445e-06	0.9999817609786987
ttH_ntuple	/eos/ihep/cms/store/user/coli/datasets/hh4b/inference/ttH_ntuple/selected_ntuples_0000.root	120	129	129	False	model0	137	107	8.3276806963975e-06	4.151953817199683e-06	0.9999876022338867
ttH_ntuple	/eos/ihep/cms/store/user/coli/datasets/hh4b/inference/ttH_ntuple/selected_ntuples_0000.root	121	191	191	False	model0	136	129	0.003751314014664331	0.744003176689148	0.2522454559803009
ttH_ntuple	/eos/ihep/cms/store/user/coli/datasets/hh4b/inference/ttH_ntuple/selected_ntuples_0000.root	122	106	106	False	model0	137	107	1.3932046949610414e-08	2.3712593000269067e-10	1.0
ttH_ntuple	/eos/ihep/cms/store/user/coli/datasets/hh4b/inference/ttH_ntuple/selected_ntuples_0000.root	123	252	252	False	model0	95	95	0.9965488020879434	0.0022767221089452505	0.0011744452640414238
ttH_ntuple	/eos/ihep/cms/store/user/coli/datasets/hh4b/inference/ttH_ntuple/selected_ntuples_0000.root	124	220	220	False	model0	137	101	0.25830716331256554	0.35677847266197205	0.3849142789840698
ttH_ntuple	/eos/ihep/cms/store/user/coli/datasets/hh4b/inference/ttH_ntuple/selected_ntuples_0000.root	125	200	200	False	model0	137	122	0.15009064147943718	0.0088562136515975	0.8410530686378479
ttH_ntuple	/eos/ihep/cms/store/user/coli/datasets/hh4b/inference/ttH_ntuple/selected_ntuples_0000.root	126	122	122	False	model0	137	132	0.00035042010681024527	0.00013029090769123286	0.9995193481445312
ttH_ntuple	/eos/ihep/cms/store/user/coli/datasets/hh4b/inference/ttH_ntuple/selected_ntuples_0000.root	127	152	152	False	model0	137	134	2.8699035840403517e-09	9.645201304309126e-11	1.0
ttH_ntuple	/eos/ihep/cms/store/user/coli/datasets/hh4b/inference/ttH_ntuple/selected_ntuples_0000.root	128	144	144	False	model0	137	79	2.2004125526844942e-05	1.0114980568687315e-06	0.9999771118164062
ttH_ntuple	/eos/ihep/cms/store/user/coli/datasets/hh4b/inference/ttH_ntuple/selected_ntuples_0000.root	129	149	149	False	model0	137	129	0.267629987363307	0.03754178807139397	0.6948282122612
ttH_ntuple	/eos/ihep/cms/store/user/coli/datasets/hh4b/inference/ttH_ntuple/selected_ntuples_0000.root	130	190	190	False	model0	137	134	0.5387892838638066	0.003651862032711506	0.45755887031555176
ttH_ntuple	/eos/ihep/cms/store/user/coli/datasets/hh4b/inference/ttH_ntuple/selected_ntuples_0000.root	131	191	191	False	model0	109	109	0.993629694217816	0.003182769753038883	0.0031875583808869123
ttH_ntuple	/eos/ihep/cms/store/user/coli/datasets/hh4b/inference/ttH_ntuple/selected_ntuples_0000.root	132	100	100	False	model0	137	132	0.0033366139465977884	0.00024815351935103536	0.9964150190353394
ttH_ntuple	/eos/ihep/cms/store/user/coli/datasets/hh4b/inference/ttH_ntuple/selected_ntuples_0000.root	133	101	101	False	model0	137	82	0.004590653728970273	9.097398287849501e-05	0.9953183531761169
ttH_ntuple	/eos/ihep/cms/store/user/coli/datasets/hh4b/inference/ttH_ntuple/selected_ntuples_0000.root	134	161	161	False	model0	137	15	0.0003733621645074514	6.287421911110869e-06	0.9996203184127808
ttH_ntuple	/eos/ihep/cms/store/user/coli/datasets/hh4b/inference/ttH_ntuple/selected_ntuples_0000.root	135	143	143	False	model0	137	90	0.0021162518322270785	0.00011231240932829678	0.9977715015411377
ttH_ntuple	/eos/ihep/cms/store/user/coli/datasets/hh4b/inference/ttH_ntuple/selected_ntuples_0000.root	136	135	135	False	model0	136	67	0.5854614539434806	0.2998061776161194	0.11473235487937927
ttH_ntuple	/eos/ihep/cms/store/user/coli/datasets/hh4b/inference/ttH_ntuple/selected_ntuples_0000.root	137	104	104	False	model0	137	131	0.007399234995197901	0.00014808468404226005	0.9924525618553162
ttH_ntuple	/eos/ihep/cms/store/user/coli/datasets/hh4b/inference/ttH_ntuple/selected_ntuples_0000.root	138	209	209	False	model0	137	30	0.0044055030869571965	0.00016201190010178834	0.9954324960708618
ttH_ntuple	/eos/ihep/cms/store/user/coli/datasets/hh4b/inference/ttH_ntuple/selected_ntuples_0000.root	139	118	118	False	model0	137	107	2.78562608709103e-09	4.832858557790587e-10	1.0
ttH_ntuple	/eos/ihep/cms/store/user/coli/datasets/hh4b/inference/ttH_ntuple/selected_ntuples_0000.root	140	156	156	False	model0	137	114	0.00019898865675277433	2.5246559744118713e-05	0.9997758269309998
ttH_ntuple	/eos/ihep/cms/store/user/coli/datasets/hh4b/inference/ttH_ntuple/selected_ntuples_0000.root	141	187	187	False	model0	137	107	0.7068824487503775	0.004613721743226051	0.28850382566452026
ttH_ntuple	/eos/ihep/cms/store/user/coli/datasets/hh4b/inference/ttH_ntuple/selected_ntuples_0000.root	142	136	136	False	model0	137	134	0.053414488410112426	0.018984591588377953	0.9276009798049927
ttH_ntuple	/eos/ihep/cms/store/user/coli/datasets/hh4b/inference/ttH_ntuple/selected_ntuples_0000.root	143	89	89	False	model0	137	13	3.186112339764735e-06	4.563943605262466e-07	0.9999964237213135
ttH_ntuple	/eos/ihep/cms/store/user/coli/datasets/hh4b/inference/ttH_ntuple/selected_ntuples_0000.root	144	245	245	False	model0	137	90	0.7331625562510453	0.07993663102388382	0.18690088391304016
ttH_ntuple	/eos/ihep/cms/store/user/coli/datasets/hh4b/inference/ttH_ntuple/selected_ntuples_0000.root	145	106	106	False	model0	137	132	1.9383228685055254e-07	1.0734410693657992e-07	0.9999997615814209
ttH_ntuple	/eos/ihep/cms/store/user/coli/datasets/hh4b/inference/ttH_ntuple/selected_ntuples_0000.root	146	115	115	False	model0	137	132	0.04158525947400449	0.01883307658135891	0.9395816922187805
ttH_ntuple	/eos/ihep/cms/store/user/coli/datasets/hh4b/inference/ttH_ntuple/selected_ntuples_0000.root	147	138	138	False	model0	137	42	0.005119160243353349	0.0004069157876074314	0.9944739937782288
ttH_ntuple	/eos/ihep/cms/store/user/coli/datasets/hh4b/inference/ttH_ntuple/selected_ntuples_0000.root	148	144	144	False	model0	129	129	0.9494786608865766	0.009185506962239742	0.041335806250572205
ttH_ntuple	/eos/ihep/cms/store/user/coli/datasets/hh4b/inference/ttH_ntuple/selected_ntuples_0000.root	149	204	204	False	model0	137	132	0.8976096738982733	0.0268124770373106	0.07557789236307144
ttH_ntuple	/eos/ihep/cms/store/user/coli/datasets/hh4b/inference/ttH_ntuple/selected_ntuples_0000.root	150	119	119	False	model0	137	107	0.00938911252336716	3.4876498830271885e-05	0.990575909614563
ttH_ntuple	/eos/ihep/cms/store/user/coli/datasets/hh4b/inference/ttH_ntuple/selected_ntuples_0000.root	151	111	111	False	model0	137	107	1.228705972980988e-10	1.5294173913438236e-11	1.0
ttH_ntuple	/eos/ihep/cms/store/user/coli/datasets/hh4b/inference/ttH_ntuple/selected_ntuples_0000.root	152	735	256	True	model0	99	99	0.9874433484314977	0.0035042492672801018	0.009052388370037079
ttH_ntuple	/eos/ihep/cms/store/user/coli/datasets/hh4b/inference/ttH_ntuple/selected_ntuples_0000.root	153	100	100	False	model0	136	132	0.5824843664613581	0.28430891036987305	0.13320665061473846
ttH_ntuple	/eos/ihep/cms/store/user/coli/datasets/hh4b/inference/ttH_ntuple/selected_ntuples_0000.root	154	172	172	False	model0	137	132	0.09248417681101273	0.0903809443116188	0.8171349167823792
ttH_ntuple	/eos/ihep/cms/store/user/coli/datasets/hh4b/inference/ttH_ntuple/selected_ntuples_0000.root	155	184	184	False	model0	137	107	7.435659519750004e-05	2.3236598281073384e-05	0.9999023675918579
ttH_ntuple	/eos/ihep/cms/store/user/coli/datasets/hh4b/inference/ttH_ntuple/selected_ntuples_0000.root	156	169	169	False	model0	64	64	0.9977184720057064	0.002119619632139802	0.00016195121861528605
ttH_ntuple	/eos/ihep/cms/store/user/coli/datasets/hh4b/inference/ttH_ntuple/selected_ntuples_0000.root	157	68	68	False	model0	137	134	1.318645749615843e-09	1.869878904492417e-11	1.0
ttH_ntuple	/eos/ihep/cms/store/user/coli/datasets/hh4b/inference/ttH_ntuple/selected_ntuples_0000.root	158	168	168	False	model0	137	132	0.005948185341352996	0.042412687093019485	0.9516390562057495
ttH_ntuple	/eos/ihep/cms/store/user/coli/datasets/hh4b/inference/ttH_ntuple/selected_ntuples_0000.root	159	193	193	False	model0	137	57	0.02438413122801819	0.0005279824836179614	0.9750878810882568
ttH_ntuple	/eos/ihep/cms/store/user/coli/datasets/hh4b/inference/ttH_ntuple/selected_ntuples_0000.root	160	167	167	False	model0	137	30	0.01911475931149198	0.06719930469989777	0.9136859178543091
ttH_ntuple	/eos/ihep/cms/store/user/coli/datasets/hh4b/inference/ttH_ntuple/selected_ntuples_0000.root	161	120	120	False	model0	137	35	0.0040099353093020484	0.0007001833873800933	0.9952899217605591
ttH_ntuple	/eos/ihep/cms/store/user/coli/datasets/hh4b/inference/ttH_ntuple/selected_ntuples_0000.root	162	161	161	False	model0	137	134	1.3632867971016588e-06	1.5385322171823645e-07	0.9999985694885254
ttH_ntuple	/eos/ihep/cms/store/user/coli/datasets/hh4b/inference/ttH_ntuple/selected_ntuples_0000.root	163	64	64	False	model0	137	89	7.698105537634214e-13	1.581808956822167e-14	1.0
ttH_ntuple	/eos/ihep/cms/store/user/coli/datasets/hh4b/inference/ttH_ntuple/selected_ntuples_0000.root	164	174	174	False	model0	136	122	0.14115110527723118	0.8485702276229858	0.010278633795678616
ttH_ntuple	/eos/ihep/cms/store/user/coli/datasets/hh4b/inference/ttH_ntuple/selected_ntuples_0000.root	165	142	142	False	model0	137	109	0.03830294661656808	0.19839191436767578	0.7633051872253418
ttH_ntuple	/eos/ihep/cms/store/user/coli/datasets/hh4b/inference/ttH_ntuple/selected_ntuples_0000.root	166	183	183	False	model0	137	96	0.9256461152890552	0.011542581021785736	0.06281126290559769
ttH_ntuple	/eos/ihep/cms/store/user/coli/datasets/hh4b/inference/ttH_ntuple/selected_ntuples_0000.root	167	185	185	False	model0	137	92	0.035269566290324406	0.0017103521386161447	0.9630200862884521
ttH_ntuple	/eos/ihep/cms/store/user/coli/datasets/hh4b/inference/ttH_ntuple/selected_ntuples_0000.root	168	57	57	False	model0	137	109	0.9316955034128114	0.014054393395781517	0.05425005406141281
ttH_ntuple	/eos/ihep/cms/store/user/coli/datasets/hh4b/inference/ttH_ntuple/selected_ntuples_0000.root	169	196	196	False	model0	137	109	0.11585370095599501	0.08657683432102203	0.7975695133209229
ttH_ntuple	/eos/ihep/cms/store/user/coli/datasets/hh4b/inference/ttH_ntuple/selected_ntuples_0000.root	170	94	94	False	model0	111	111	0.9790055110579488	0.013381029479205608	0.007613412570208311
ttH_ntuple	/eos/ihep/cms/store/user/coli/datasets/hh4b/inference/ttH_ntuple/selected_ntuples_0000.root	171	118	118	False	model0	136	107	0.06557234481812202	0.5000126361846924	0.43441498279571533
ttH_ntuple	/eos/ihep/cms/store/user/coli/datasets/hh4b/inference/ttH_ntuple/selected_ntuples_0000.root	172	106	106	False	model0	62	62	0.9971184499340495	0.0024494852405041456	0.00043213312164880335
ttH_ntuple	/eos/ihep/cms/store/user/coli/datasets/hh4b/inference/ttH_ntuple/selected_ntuples_0000.root	173	192	192	False	model0	137	90	0.00039888669571757317	6.090542115089193e-07	0.9996004700660706
ttH_ntuple	/eos/ihep/cms/store/user/coli/datasets/hh4b/inference/ttH_ntuple/selected_ntuples_0000.root	174	112	112	False	model0	137	107	3.5635327056765166e-10	8.544306755176034e-12	1.0
ttH_ntuple	/eos/ihep/cms/store/user/coli/datasets/hh4b/inference/ttH_ntuple/selected_ntuples_0000.root	175	170	170	False	model0	137	111	0.00019762627991726234	0.0022608970757573843	0.9975413084030151
ttH_ntuple	/eos/ihep/cms/store/user/coli/datasets/hh4b/inference/ttH_ntuple/selected_ntuples_0000.root	176	186	186	False	model0	137	105	0.053876500629996826	0.019554438069462776	0.9265691041946411
ttH_ntuple	/eos/ihep/cms/store/user/coli/datasets/hh4b/inference/ttH_ntuple/selected_ntuples_0000.root	177	92	92	False	model0	137	134	3.657848913950491e-12	8.012338757962603e-14	1.0
ttH_ntuple	/eos/ihep/cms/store/user/coli/datasets/hh4b/inference/ttH_ntuple/selected_ntuples_0000.root	178	114	114	False	model0	137	90	0.022104522913082292	0.002118135569617152	0.9757771492004395
ttH_ntuple	/eos/ihep/cms/store/user/coli/datasets/hh4b/inference/ttH_ntuple/selected_ntuples_0000.root	179	79	79	False	model0	137	90	2.5953003754972462e-08	3.69740149608333e-08	1.0
ttH_ntuple	/eos/ihep/cms/store/user/coli/datasets/hh4b/inference/ttH_ntuple/selected_ntuples_0000.root	180	120	120	False	model0	136	97	0.9324948166336071	0.05920852720737457	0.008296726271510124
ttH_ntuple	/eos/ihep/cms/store/user/coli/datasets/hh4b/inference/ttH_ntuple/selected_ntuples_0000.root	181	135	135	False	model0	137	129	0.5653113851002445	0.0008679534657858312	0.4338207542896271
ttH_ntuple	/eos/ihep/cms/store/user/coli/datasets/hh4b/inference/ttH_ntuple/selected_ntuples_0000.root	182	78	78	False	model0	137	37	0.00024597779511870144	1.1497503692226019e-05	0.9997425675392151
ttH_ntuple	/eos/ihep/cms/store/user/coli/datasets/hh4b/inference/ttH_ntuple/selected_ntuples_0000.root	183	117	117	False	model0	137	89	6.580479827344753e-12	1.6497798949449e-13	1.0
ttH_ntuple	/eos/ihep/cms/store/user/coli/datasets/hh4b/inference/ttH_ntuple/selected_ntuples_0000.root	184	169	169	False	model0	82	82	0.9875797638537165	0.011751227080821991	0.0006689329748041928
ttH_ntuple	/eos/ihep/cms/store/user/coli/datasets/hh4b/inference/ttH_ntuple/selected_ntuples_0000.root	185	164	164	False	model0	137	64	0.0002777719954705623	1.1747863482014509e-06	0.999721109867096
ttH_ntuple	/eos/ihep/cms/store/user/coli/datasets/hh4b/inference/ttH_ntuple/selected_ntuples_0000.root	186	156	156	False	model0	137	9	0.9052154498667733	0.009260865859687328	0.08552365750074387
ttH_ntuple	/eos/ihep/cms/store/user/coli/datasets/hh4b/inference/ttH_ntuple/selected_ntuples_0000.root	187	178	178	False	model0	136	134	0.09087159352270646	0.7230451703071594	0.18608328700065613
ttH_ntuple	/eos/ihep/cms/store/user/coli/datasets/hh4b/inference/ttH_ntuple/selected_ntuples_0000.root	188	115	115	False	model0	137	107	2.519192144373114e-05	9.398888323630672e-06	0.9999653100967407
ttH_ntuple	/eos/ihep/cms/store/user/coli/datasets/hh4b/inference/ttH_ntuple/selected_ntuples_0000.root	189	121	121	False	model0	137	69	0.00034903633904748155	7.546332199126482e-06	0.9996433258056641
ttH_ntuple	/eos/ihep/cms/store/user/coli/datasets/hh4b/inference/ttH_ntuple/selected_ntuples_0000.root	190	186	186	False	model0	137	132	0.6531551524914221	0.0034758485853672028	0.3433689773082733
ttH_ntuple	/eos/ihep/cms/store/user/coli/datasets/hh4b/inference/ttH_ntuple/selected_ntuples_0000.root	191	168	168	False	model0	134	134	0.9415889915649132	0.03499624878168106	0.02341475524008274
ttH_ntuple	/eos/ihep/cms/store/user/coli/datasets/hh4b/inference/ttH_ntuple/selected_ntuples_0000.root	192	118	118	False	model0	84	84	0.8769118921998142	0.10577443242073059	0.017313702031970024
ttH_ntuple	/eos/ihep/cms/store/user/coli/datasets/hh4b/inference/ttH_ntuple/selected_ntuples_0000.root	193	116	116	False	model0	137	107	7.192470384898714e-12	4.1467472359536794e-13	1.0
ttH_ntuple	/eos/ihep/cms/store/user/coli/datasets/hh4b/inference/ttH_ntuple/selected_ntuples_0000.root	194	163	163	False	model0	136	134	0.9590186064015143	0.020960617810487747	0.020020734518766403
ttH_ntuple	/eos/ihep/cms/store/user/coli/datasets/hh4b/inference/ttH_ntuple/selected_ntuples_0000.root	195	123	123	False	model0	137	109	0.031361850900019306	0.0002976214454974979	0.9683406352996826
ttH_ntuple	/eos/ihep/cms/store/user/coli/datasets/hh4b/inference/ttH_ntuple/selected_ntuples_0000.root	196	209	209	False	model0	137	109	0.03584810892234458	5.435344428406097e-05	0.9640974402427673
ttH_ntuple	/eos/ihep/cms/store/user/coli/datasets/hh4b/inference/ttH_ntuple/selected_ntuples_0000.root	197	161	161	False	model0	137	68	0.004540556911788229	0.00024319757358171046	0.9952162504196167
ttH_ntuple	/eos/ihep/cms/store/user/coli/datasets/hh4b/inference/ttH_ntuple/selected_ntuples_0000.root	198	137	137	False	model0	137	132	2.5860335462350904e-07	1.0693494090219247e-08	0.9999997615814209
ttH_ntuple	/eos/ihep/cms/store/user/coli/datasets/hh4b/inference/ttH_ntuple/selected_ntuples_0000.root	199	98	98	False	model0	137	90	0.13679472779642765	0.0002088966139126569	0.8629963994026184
ttH_ntuple	/eos/ihep/cms/store/user/coli/datasets/hh4b/inference/ttH_ntuple/selected_ntuples_0000.root	200	174	174	False	model0	137	134	1.2438690979875075e-06	3.6418632021195663e-07	0.9999984502792358
ttH_ntuple	/eos/ihep/cms/store/user/coli/datasets/hh4b/inference/ttH_ntuple/selected_ntuples_0000.root	201	102	102	False	model0	137	89	3.4615009839981007e-13	1.6826550054563696e-14	1.0
ttH_ntuple	/eos/ihep/cms/store/user/coli/datasets/hh4b/inference/ttH_ntuple/selected_ntuples_0000.root	202	190	190	False	model0	137	109	0.0010848262936420383	1.3080220014671795e-05	0.9989020824432373
ttH_ntuple	/eos/ihep/cms/store/user/coli/datasets/hh4b/inference/ttH_ntuple/selected_ntuples_0000.root	203	97	97	False	model0	137	134	9.540979907116563e-09	4.203383952017248e-08	1.0
ttH_ntuple	/eos/ihep/cms/store/user/coli/datasets/hh4b/inference/ttH_ntuple/selected_ntuples_0000.root	204	160	160	False	model0	137	39	0.005106693397577189	1.6548420944673126e-06	0.9948916435241699
ttH_ntuple	/eos/ihep/cms/store/user/coli/datasets/hh4b/inference/ttH_ntuple/selected_ntuples_0000.root	205	151	151	False	model0	137	15	0.004028362626456783	0.002406009938567877	0.9935654997825623
ttH_ntuple	/eos/ihep/cms/store/user/coli/datasets/hh4b/inference/ttH_ntuple/selected_ntuples_0000.root	206	145	145	False	model0	137	105	0.28602144055912504	0.13600784540176392	0.5779707431793213
ttH_ntuple	/eos/ihep/cms/store/user/coli/datasets/hh4b/inference/ttH_ntuple/selected_ntuples_0000.root	207	74	74	False	model0	137	134	1.1093009205773077e-06	4.508294892957565e-08	0.999998927116394
ttH_ntuple	/eos/ihep/cms/store/user/coli/datasets/hh4b/inference/ttH_ntuple/selected_ntuples_0000.root	208	115	115	False	model0	137	114	1.0042489343562236e-05	5.1935121518909e-06	0.9999847412109375
ttH_ntuple	/eos/ihep/cms/store/user/coli/datasets/hh4b/inference/ttH_ntuple/selected_ntuples_0000.root	209	226	226	False	model0	137	134	0.28693173750434653	0.017521340399980545	0.6955469846725464
ttH_ntuple	/eos/ihep/cms/store/user/coli/datasets/hh4b/inference/ttH_ntuple/selected_ntuples_0000.root	210	96	96	False	model0	137	122	0.004291728356841773	0.003020241390913725	0.9926880598068237
ttH_ntuple	/eos/ihep/cms/store/user/coli/datasets/hh4b/inference/ttH_ntuple/selected_ntuples_0000.root	211	178	178	False	model0	137	109	0.0023624283072379293	8.760319360590074e-06	0.9976288676261902
ttH_ntuple	/eos/ihep/cms/store/user/coli/datasets/hh4b/inference/ttH_ntuple/selected_ntuples_0000.root	212	72	72	False	model0	137	132	4.262728039801833e-08	5.891368282107123e-09	1.0
ttH_ntuple	/eos/ihep/cms/store/user/coli/datasets/hh4b/inference/ttH_ntuple/selected_ntuples_0000.root	213	319	256	True	model0	137	30	0.006331208163473434	0.0002543242590036243	0.9934145212173462
ttH_ntuple	/eos/ihep/cms/store/user/coli/datasets/hh4b/inference/ttH_ntuple/selected_ntuples_0000.root	214	142	142	False	model0	137	107	1.7389866872124514e-08	1.1133181043732066e-09	1.0
ttH_ntuple	/eos/ihep/cms/store/user/coli/datasets/hh4b/inference/ttH_ntuple/selected_ntuples_0000.root	215	180	180	False	model0	137	131	0.33008999257026517	0.3053511679172516	0.36455878615379333
ttH_ntuple	/eos/ihep/cms/store/user/coli/datasets/hh4b/inference/ttH_ntuple/selected_ntuples_0000.root	216	121	121	False	model0	137	114	6.230866419729142e-05	8.636452548671514e-06	0.9999290704727173
ttH_ntuple	/eos/ihep/cms/store/user/coli/datasets/hh4b/inference/ttH_ntuple/selected_ntuples_0000.root	217	157	157	False	model0	137	57	0.6241077287191814	0.014941624365746975	0.3609505593776703
ttH_ntuple	/eos/ihep/cms/store/user/coli/datasets/hh4b/inference/ttH_ntuple/selected_ntuples_0000.root	218	183	183	False	model0	137	134	0.04733027704830306	0.0003809056361205876	0.9522887468338013
ttH_ntuple	/eos/ihep/cms/store/user/coli/datasets/hh4b/inference/ttH_ntuple/selected_ntuples_0000.root	219	135	135	False	model0	136	134	0.33437307937128935	0.49905526638031006	0.166571706533432
ttH_ntuple	/eos/ihep/cms/store/user/coli/datasets/hh4b/inference/ttH_ntuple/selected_ntuples_0000.root	220	151	151	False	model0	137	107	1.1160609098982699e-05	4.5352015831667813e-07	0.9999884366989136
ttH_ntuple	/eos/ihep/cms/store/user/coli/datasets/hh4b/inference/ttH_ntuple/selected_ntuples_0000.root	221	175	175	False	model0	137	101	0.00796799311884444	4.6349061449291185e-05	0.9919856786727905
ttH_ntuple	/eos/ihep/cms/store/user/coli/datasets/hh4b/inference/ttH_ntuple/selected_ntuples_0000.root	222	154	154	False	model0	137	105	0.6000715576383442	0.0013149309670552611	0.39861351251602173
ttH_ntuple	/eos/ihep/cms/store/user/coli/datasets/hh4b/inference/ttH_ntuple/selected_ntuples_0000.root	223	149	149	False	model0	137	82	0.8653984782195039	0.010495341382920742	0.12410621345043182
ttH_ntuple	/eos/ihep/cms/store/user/coli/datasets/hh4b/inference/ttH_ntuple/selected_ntuples_0000.root	224	234	234	False	model0	137	111	0.9416995221500883	0.004585848655551672	0.05371454358100891
ttH_ntuple	/eos/ihep/cms/store/user/coli/datasets/hh4b/inference/ttH_ntuple/selected_ntuples_0000.root	225	113	113	False	model0	137	107	3.3505564921900326e-09	1.1333420868453459e-09	1.0
ttH_ntuple	/eos/ihep/cms/store/user/coli/datasets/hh4b/inference/ttH_ntuple/selected_ntuples_0000.root	226	140	140	False	model0	137	13	0.0001615003322923414	4.551235633698525e-06	0.9998340606689453
ttH_ntuple	/eos/ihep/cms/store/user/coli/datasets/hh4b/inference/ttH_ntuple/selected_ntuples_0000.root	227	123	123	False	model0	137	107	1.1952762130643409e-08	1.963573081908976e-09	1.0
ttH_ntuple	/eos/ihep/cms/store/user/coli/datasets/hh4b/inference/ttH_ntuple/selected_ntuples_0000.root	228	122	122	False	model0	137	92	0.5198204074406476	0.04276638850569725	0.4374132454395294
ttH_ntuple	/eos/ihep/cms/store/user/coli/datasets/hh4b/inference/ttH_ntuple/selected_ntuples_0000.root	229	138	138	False	model0	136	13	0.6188292945953435	0.24447636306285858	0.13669423758983612
ttH_ntuple	/eos/ihep/cms/store/user/coli/datasets/hh4b/inference/ttH_ntuple/selected_ntuples_0000.root	230	73	73	False	model0	137	90	1.4223001702701188e-05	1.7930176909430884e-05	0.9999678134918213
ttH_ntuple	/eos/ihep/cms/store/user/coli/datasets/hh4b/inference/ttH_ntuple/selected_ntuples_0000.root	231	188	188	False	model0	137	96	0.3318488634728993	0.0008378640632145107	0.667313277721405
ttH_ntuple	/eos/ihep/cms/store/user/coli/datasets/hh4b/inference/ttH_ntuple/selected_ntuples_0000.root	232	65	65	False	model0	137	90	1.1225477118921101e-06	3.5097554018648225e-07	0.9999985694885254
ttH_ntuple	/eos/ihep/cms/store/user/coli/datasets/hh4b/inference/ttH_ntuple/selected_ntuples_0000.root	233	134	134	False	model0	137	122	0.4639338736933496	0.041158609092235565	0.4949074983596802
ttH_ntuple	/eos/ihep/cms/store/user/coli/datasets/hh4b/inference/ttH_ntuple/selected_ntuples_0000.root	234	225	225	False	model0	137	134	0.27503431955915403	0.0034161622170358896	0.7215495705604553
ttH_ntuple	/eos/ihep/cms/store/user/coli/datasets/hh4b/inference/ttH_ntuple/selected_ntuples_0000.root	235	205	205	False	model0	137	132	3.549455743135331e-06	6.113701829235652e-07	0.9999958276748657
ttH_ntuple	/eos/ihep/cms/store/user/coli/datasets/hh4b/inference/ttH_ntuple/selected_ntuples_0000.root	236	180	180	False	model0	137	69	0.040080031831962515	0.0001779952726792544	0.95974200963974
ttH_ntuple	/eos/ihep/cms/store/user/coli/datasets/hh4b/inference/ttH_ntuple/selected_ntuples_0000.root	237	166	166	False	model0	137	82	0.5670687244104329	0.0015291476156562567	0.4314021170139313
ttH_ntuple	/eos/ihep/cms/store/user/coli/datasets/hh4b/inference/ttH_ntuple/selected_ntuples_0000.root	238	193	193	False	model0	137	90	0.03414509074036687	0.019860079512000084	0.9459947943687439
ttH_ntuple	/eos/ihep/cms/store/user/coli/datasets/hh4b/inference/ttH_ntuple/selected_ntuples_0000.root	239	140	140	False	model0	136	129	0.15159485244248572	0.8295725584030151	0.018832527101039886
ttH_ntuple	/eos/ihep/cms/store/user/coli/datasets/hh4b/inference/ttH_ntuple/selected_ntuples_0000.root	240	143	143	False	model0	136	30	0.7365857178156148	0.22686298191547394	0.03655131533741951
ttH_ntuple	/eos/ihep/cms/store/user/coli/datasets/hh4b/inference/ttH_ntuple/selected_ntuples_0000.root	241	90	90	False	model0	137	107	5.56366840713616e-10	1.9607490978068576e-11	1.0
ttH_ntuple	/eos/ihep/cms/store/user/coli/datasets/hh4b/inference/ttH_ntuple/selected_ntuples_0000.root	242	156	156	False	model0	137	98	0.0003225622503562689	1.5150324543355964e-05	0.9996622800827026
ttH_ntuple	/eos/ihep/cms/store/user/coli/datasets/hh4b/inference/ttH_ntuple/selected_ntuples_0000.root	243	51	51	False	model0	137	90	1.6357479140109363e-06	2.9718870919737128e-08	0.9999983310699463
ttH_ntuple	/eos/ihep/cms/store/user/coli/datasets/hh4b/inference/ttH_ntuple/selected_ntuples_0000.root	244	130	130	False	model0	137	107	1.0353415300243835e-09	2.5955003771227503e-11	1.0
ttH_ntuple	/eos/ihep/cms/store/user/coli/datasets/hh4b/inference/ttH_ntuple/selected_ntuples_0000.root	245	160	160	False	model0	137	132	0.0002782478705461444	0.005757658276706934	0.9939641356468201
ttH_ntuple	/eos/ihep/cms/store/user/coli/datasets/hh4b/inference/ttH_ntuple/selected_ntuples_0000.root	246	163	163	False	model0	136	71	0.30397097575769294	0.6910974979400635	0.004931517876684666
ttH_ntuple	/eos/ihep/cms/store/user/coli/datasets/hh4b/inference/ttH_ntuple/selected_ntuples_0000.root	247	153	153	False	model0	137	90	0.027076548607858797	0.04552782326936722	0.9273955225944519
ttH_ntuple	/eos/ihep/cms/store/user/coli/datasets/hh4b/inference/ttH_ntuple/selected_ntuples_0000.root	248	164	164	False	model0	137	15	0.5157025285225245	0.22112713754177094	0.2631703317165375
ttH_ntuple	/eos/ihep/cms/store/user/coli/datasets/hh4b/inference/ttH_ntuple/selected_ntuples_0000.root	249	105	105	False	model0	137	107	2.3871518068290146e-11	8.455557217942888e-13	1.0
ttH_ntuple	/eos/ihep/cms/store/user/coli/datasets/hh4b/inference/ttH_ntuple/selected_ntuples_0000.root	250	90	90	False	model0	137	109	0.03904990855654944	0.0021291458979249	0.9588209986686707
ttH_ntuple	/eos/ihep/cms/store/user/coli/datasets/hh4b/inference/ttH_ntuple/selected_ntuples_0000.root	251	245	245	False	model0	136	44	0.6588888314254291	0.17576341331005096	0.16534771025180817
ttH_ntuple	/eos/ihep/cms/store/user/coli/datasets/hh4b/inference/ttH_ntuple/selected_ntuples_0000.root	252	101	101	False	model0	137	107	0.008009219153677805	0.0014133567456156015	0.9905774593353271
ttH_ntuple	/eos/ihep/cms/store/user/coli/datasets/hh4b/inference/ttH_ntuple/selected_ntuples_0000.root	253	101	101	False	model0	137	101	0.021778227422851515	0.0005005280254408717	0.9777212738990784
ttH_ntuple	/eos/ihep/cms/store/user/coli/datasets/hh4b/inference/ttH_ntuple/selected_ntuples_0000.root	254	187	187	False	model0	137	119	0.38068203975853976	0.0043105436488986015	0.6150074601173401
ttH_ntuple	/eos/ihep/cms/store/user/coli/datasets/hh4b/inference/ttH_ntuple/selected_ntuples_0000.root	255	133	133	False	model0	136	93	0.05194670246783062	0.8436359763145447	0.1044173613190651
ttH_ntuple	/eos/ihep/cms/store/user/coli/datasets/hh4b/inference/ttH_ntuple/selected_ntuples_0000.root	0	137	137	False	model1	137	128	7.145526645368198e-10	6.51061704548539e-11	1.0
ttH_ntuple	/eos/ihep/cms/store/user/coli/datasets/hh4b/inference/ttH_ntuple/selected_ntuples_0000.root	1	222	222	False	model1	137	134	0.853309361877109	0.003494853852316737	0.1431957632303238
ttH_ntuple	/eos/ihep/cms/store/user/coli/datasets/hh4b/inference/ttH_ntuple/selected_ntuples_0000.root	2	168	168	False	model1	63	63	0.9108701420068428	0.016061363741755486	0.07306849956512451
ttH_ntuple	/eos/ihep/cms/store/user/coli/datasets/hh4b/inference/ttH_ntuple/selected_ntuples_0000.root	3	186	186	False	model1	137	134	0.013815469342755904	0.006132052280008793	0.9800524711608887
ttH_ntuple	/eos/ihep/cms/store/user/coli/datasets/hh4b/inference/ttH_ntuple/selected_ntuples_0000.root	4	70	70	False	model1	137	125	1.2087196012090072e-13	7.81315260766865e-16	1.0
ttH_ntuple	/eos/ihep/cms/store/user/coli/datasets/hh4b/inference/ttH_ntuple/selected_ntuples_0000.root	5	154	154	False	model1	137	99	0.9318026550172362	0.004722071811556816	0.0634753629565239
ttH_ntuple	/eos/ihep/cms/store/user/coli/datasets/hh4b/inference/ttH_ntuple/selected_ntuples_0000.root	6	235	235	False	model1	137	86	4.0620688416564965e-05	9.118081578662895e-08	0.9999592304229736
ttH_ntuple	/eos/ihep/cms/store/user/coli/datasets/hh4b/inference/ttH_ntuple/selected_ntuples_0000.root	7	168	168	False	model1	116	116	0.9854554839438379	0.001895320601761341	0.012649254873394966
ttH_ntuple	/eos/ihep/cms/store/user/coli/datasets/hh4b/inference/ttH_ntuple/selected_ntuples_0000.root	8	90	90	False	model1	136	71	0.3810723175010935	0.6060397624969482	0.0128878653049469
ttH_ntuple	/eos/ihep/cms/store/user/coli/datasets/hh4b/inference/ttH_ntuple/selected_ntuples_0000.root	9	110	110	False	model1	137	129	3.9532665012360175e-07	1.787775971706651e-07	0.9999994039535522
ttH_ntuple	/eos/ihep/cms/store/user/coli/datasets/hh4b/inference/ttH_ntuple/selected_ntuples_0000.root	10	119	119	False	model1	136	134	0.8394802414804872	0.10463009029626846	0.05588962882757187
ttH_ntuple	/eos/ihep/cms/store/user/coli/datasets/hh4b/inference/ttH_ntuple/selected_ntuples_0000.root	11	139	139	False	model1	136	122	0.9815728894900531	0.016828639432787895	0.0015985147329047322
ttH_ntuple	/eos/ihep/cms/store/user/coli/datasets/hh4b/inference/ttH_ntuple/selected_ntuples_0000.root	12	92	92	False	model1	64	64	0.9843877704370243	0.015477059409022331	0.00013512076111510396
ttH_ntuple	/eos/ihep/cms/store/user/coli/datasets/hh4b/inference/ttH_ntuple/selected_ntuples_0000.root	13	197	197	False	model1	136	15	0.5003067203806495	0.29124701023101807	0.20844629406929016
ttH_ntuple	/eos/ihep/cms/store/user/coli/datasets/hh4b/inference/ttH_ntuple/selected_ntuples_0000.root	14	113	113	False	model1	137	15	0.08174496311039547	0.024932481348514557	0.8933226466178894
ttH_ntuple	/eos/ihep/cms/store/user/coli/datasets/hh4b/inference/ttH_ntuple/selected_ntuples_0000.root	15	143	143	False	model1	137	128	5.282837431068698e-09	2.6198094804641414e-09	1.0
ttH_ntuple	/eos/ihep/cms/store/user/coli/datasets/hh4b/inference/ttH_ntuple/selected_ntuples_0000.root	16	133	133	False	model1	137	128	8.77056237221785e-05	0.00016827060608193278	0.9997439980506897
ttH_ntuple	/eos/ihep/cms/store/user/coli/datasets/hh4b/inference/ttH_ntuple/selected_ntuples_0000.root	17	208	208	False	model1	137	86	0.5911345142358186	0.0023428532294929028	0.40652257204055786
ttH_ntuple	/eos/ihep/cms/store/user/coli/datasets/hh4b/inference/ttH_ntuple/selected_ntuples_0000.root	18	156	156	False	model1	137	13	2.7730011966098367e-06	8.886874525160238e-07	0.9999963045120239
ttH_ntuple	/eos/ihep/cms/store/user/coli/datasets/hh4b/inference/ttH_ntuple/selected_ntuples_0000.root	19	164	164	False	model1	137	129	0.0010285260934807545	1.6398304296671995e-06	0.9989699125289917
ttH_ntuple	/eos/ihep/cms/store/user/coli/datasets/hh4b/inference/ttH_ntuple/selected_ntuples_0000.root	20	127	127	False	model1	137	134	0.005329498589071946	0.000523452996276319	0.9941471815109253
ttH_ntuple	/eos/ihep/cms/store/user/coli/datasets/hh4b/inference/ttH_ntuple/selected_ntuples_0000.root	21	169	169	False	model1	137	128	0.0006499298225020045	0.00017736847803462297	0.9991727471351624
ttH_ntuple	/eos/ihep/cms/store/user/coli/datasets/hh4b/inference/ttH_ntuple/selected_ntuples_0000.root	22	103	103	False	model1	137	86	4.652805036482743e-06	6.587409870917327e-07	0.9999947547912598
ttH_ntuple	/eos/ihep/cms/store/user/coli/datasets/hh4b/inference/ttH_ntuple/selected_ntuples_0000.root	23	125	125	False	model1	137	49	0.8689127743773497	0.0415535494685173	0.08953366428613663
ttH_ntuple	/eos/ihep/cms/store/user/coli/datasets/hh4b/inference/ttH_ntuple/selected_ntuples_0000.root	24	135	135	False	model1	137	125	3.067066438667768e-12	1.1453303380031844e-14	1.0
ttH_ntuple	/eos/ihep/cms/store/user/coli/datasets/hh4b/inference/ttH_ntuple/selected_ntuples_0000.root	25	99	99	False	model1	137	92	0.7097490370856576	0.09185338020324707	0.19839757680892944
ttH_ntuple	/eos/ihep/cms/store/user/coli/datasets/hh4b/inference/ttH_ntuple/selected_ntuples_0000.root	26	87	87	False	model1	137	134	6.422582738845687e-09	1.9044991972361203e-10	1.0
ttH_ntuple	/eos/ihep/cms/store/user/coli/datasets/hh4b/inference/ttH_ntuple/selected_ntuples_0000.root	27	88	88	False	model1	137	101	0.0011757067515745234	0.0005879570380784571	0.9982362985610962
ttH_ntuple	/eos/ihep/cms/store/user/coli/datasets/hh4b/inference/ttH_ntuple/selected_ntuples_0000.root	28	90	90	False	model1	137	128	2.8097407200661692e-09	5.839118771833185e-11	1.0
ttH_ntuple	/eos/ihep/cms/store/user/coli/datasets/hh4b/inference/ttH_ntuple/selected_ntuples_0000.root	29	91	91	False	model1	137	134	4.0822898022083165e-05	2.0017041606479324e-05	0.9999392032623291
ttH_ntuple	/eos/ihep/cms/store/user/coli/datasets/hh4b/inference/ttH_ntuple/selected_ntuples_0000.root	30	117	117	False	model1	137	89	5.996512135110661e-06	6.547741691065312e-07	0.9999934434890747
ttH_ntuple	/eos/ihep/cms/store/user/coli/datasets/hh4b/inference/ttH_ntuple/selected_ntuples_0000.root	31	141	141	False	model1	137	128	0.00897875184188024	0.0076726400293409824	0.9833486676216125
ttH_ntuple	/eos/ihep/cms/store/user/coli/datasets/hh4b/inference/ttH_ntuple/selected_ntuples_0000.root	32	121	121	False	model1	137	44	0.010853252623974186	0.00039530632784590125	0.9887514710426331
ttH_ntuple	/eos/ihep/cms/store/user/coli/datasets/hh4b/inference/ttH_ntuple/selected_ntuples_0000.root	33	66	66	False	model1	137	57	0.00010809682114054121	4.701953002950177e-06	0.999887228012085
ttH_ntuple	/eos/ihep/cms/store/user/coli/datasets/hh4b/inference/ttH_ntuple/selected_ntuples_0000.root	34	128	128	False	model1	137	134	1.205157482436108e-06	8.650557248301993e-08	0.9999988079071045
ttH_ntuple	/eos/ihep/cms/store/user/coli/datasets/hh4b/inference/ttH_ntuple/selected_ntuples_0000.root	35	94	94	False	model1	137	37	0.008346924815100465	0.003662373870611191	0.9879907965660095
ttH_ntuple	/eos/ihep/cms/store/user/coli/datasets/hh4b/inference/ttH_ntuple/selected_ntuples_0000.root	36	40	40	False	model1	137	120	6.466636671393993e-13	4.562836043785039e-15	1.0
ttH_ntuple	/eos/ihep/cms/store/user/coli/datasets/hh4b/inference/ttH_ntuple/selected_ntuples_0000.root	37	131	131	False	model1	137	21	0.5416989730779278	0.02688458561897278	0.43141645193099976
ttH_ntuple	/eos/ihep/cms/store/user/coli/datasets/hh4b/inference/ttH_ntuple/selected_ntuples_0000.root	38	104	104	False	model1	137	132	0.8680125832458998	0.04229309409856796	0.08969440311193466
ttH_ntuple	/eos/ihep/cms/store/user/coli/datasets/hh4b/inference/ttH_ntuple/selected_ntuples_0000.root	39	116	116	False	model1	137	69	0.09756609814812833	0.000962365826126188	0.9014716148376465
ttH_ntuple	/eos/ihep/cms/store/user/coli/datasets/hh4b/inference/ttH_ntuple/selected_ntuples_0000.root	40	161	161	False	model1	136	134	0.8960282372773349	0.10129932314157486	0.0026724752970039845
ttH_ntuple	/eos/ihep/cms/store/user/coli/datasets/hh4b/inference/ttH_ntuple/selected_ntuples_0000.root	41	142	142	False	model1	137	114	0.13961588432312055	0.09498701244592667	0.7653971314430237
ttH_ntuple	/eos/ihep/cms/store/user/coli/datasets/hh4b/inference/ttH_ntuple/selected_ntuples_0000.root	42	131	131	False	model1	137	134	0.0027068740136839686	0.002789705293253064	0.994503378868103
ttH_ntuple	/eos/ihep/cms/store/user/coli/datasets/hh4b/inference/ttH_ntuple/selected_ntuples_0000.root	43	152	152	False	model1	137	90	0.351565082209504	0.22451433539390564	0.42392057180404663
ttH_ntuple	/eos/ihep/cms/store/user/coli/datasets/hh4b/inference/ttH_ntuple/selected_ntuples_0000.root	44	198	198	False	model1	137	42	0.004664683053420049	0.013089572079479694	0.982245683670044
ttH_ntuple	/eos/ihep/cms/store/user/coli/datasets/hh4b/inference/ttH_ntuple/selected_ntuples_0000.root	45	155	155	False	model1	137	128	3.7842780609367995e-10	2.113715018986495e-12	1.0
ttH_ntuple	/eos/ihep/cms/store/user/coli/datasets/hh4b/inference/ttH_ntuple/selected_ntuples_0000.root	46	106	106	False	model1	137	128	3.1960498554456686e-09	1.6179591000309301e-10	1.0
ttH_ntuple	/eos/ihep/cms/store/user/coli/datasets/hh4b/inference/ttH_ntuple/selected_ntuples_0000.root	47	111	111	False	model1	136	134	0.16375968141892372	0.4329800307750702	0.40326032042503357
ttH_ntuple	/eos/ihep/cms/store/user/coli/datasets/hh4b/inference/ttH_ntuple/selected_ntuples_0000.root	48	94	94	False	model1	137	134	2.993590076048261e-09	4.4144152222536093e-10	1.0
ttH_ntuple	/eos/ihep/cms/store/user/coli/datasets/hh4b/inference/ttH_ntuple/selected_ntuples_0000.root	49	157	157	False	model1	137	69	0.014110664550344154	0.006425581406801939	0.9794638156890869
ttH_ntuple	/eos/ihep/cms/store/user/coli/datasets/hh4b/inference/ttH_ntuple/selected_ntuples_0000.root	50	96	96	False	model1	49	49	0.9772921967978618	0.01370737049728632	0.009000338613986969
ttH_ntuple	/eos/ihep/cms/store/user/coli/datasets/hh4b/inference/ttH_ntuple/selected_ntuples_0000.root	51	204	204	False	model1	137	125	9.162155966959892e-06	4.587480262330246e-08	0.9999909400939941
ttH_ntuple	/eos/ihep/cms/store/user/coli/datasets/hh4b/inference/ttH_ntuple/selected_ntuples_0000.root	52	158	158	False	model1	137	12	8.039027058315273e-06	1.4292135347204749e-05	0.999977707862854
ttH_ntuple	/eos/ihep/cms/store/user/coli/datasets/hh4b/inference/ttH_ntuple/selected_ntuples_0000.root	53	135	135	False	model1	137	132	0.0032716070067113634	0.008807913400232792	0.9879205226898193
ttH_ntuple	/eos/ihep/cms/store/user/coli/datasets/hh4b/inference/ttH_ntuple/selected_ntuples_0000.root	54	160	160	False	model1	137	134	0.5612146082876279	0.1211787760257721	0.3176065981388092
ttH_ntuple	/eos/ihep/cms/store/user/coli/datasets/hh4b/inference/ttH_ntuple/selected_ntuples_0000.root	55	99	99	False	model1	137	107	0.0011641540266985884	2.1801324692205526e-05	0.9988141059875488
ttH_ntuple	/eos/ihep/cms/store/user/coli/datasets/hh4b/inference/ttH_ntuple/selected_ntuples_0000.root	56	112	112	False	model1	137	120	0.11940209264250257	0.02674679085612297	0.8538511991500854
ttH_ntuple	/eos/ihep/cms/store/user/coli/datasets/hh4b/inference/ttH_ntuple/selected_ntuples_0000.root	57	207	207	False	model1	137	15	0.7888597112651041	0.004109690431505442	0.2070305496454239
ttH_ntuple	/eos/ihep/cms/store/user/coli/datasets/hh4b/inference/ttH_ntuple/selected_ntuples_0000.root	58	135	135	False	model1	137	57	0.00012490063390213635	3.906530764652416e-06	0.9998712539672852
ttH_ntuple	/eos/ihep/cms/store/user/coli/datasets/hh4b/inference/ttH_ntuple/selected_ntuples_0000.root	59	185	185	False	model1	137	131	0.04682234538171315	0.005316451657563448	0.9478612542152405
ttH_ntuple	/eos/ihep/cms/store/user/coli/datasets/hh4b/inference/ttH_ntuple/selected_ntuples_0000.root	60	121	121	False	model1	136	57	0.04352221467252093	0.8683626651763916	0.08811510354280472
ttH_ntuple	/eos/ihep/cms/store/user/coli/datasets/hh4b/inference/ttH_ntuple/selected_ntuples_0000.root	61	177	177	False	model1	137	107	0.01473991911097805	0.025473080575466156	0.9597869515419006
ttH_ntuple	/eos/ihep/cms/store/user/coli/datasets/hh4b/inference/ttH_ntuple/selected_ntuples_0000.root	62	84	84	False	model1	137	54	0.019770398867062333	9.219345520250499e-05	0.980137288570404
ttH_ntuple	/eos/ihep/cms/store/user/coli/datasets/hh4b/inference/ttH_ntuple/selected_ntuples_0000.root	63	147	147	False	model1	137	86	3.369406849189349e-05	1.1741182788682636e-05	0.9999545812606812
ttH_ntuple	/eos/ihep/cms/store/user/coli/datasets/hh4b/inference/ttH_ntuple/selected_ntuples_0000.root	64	93	93	False	model1	137	35	0.002562235117913758	0.0006534180720336735	0.9967842102050781
ttH_ntuple	/eos/ihep/cms/store/user/coli/datasets/hh4b/inference/ttH_ntuple/selected_ntuples_0000.root	65	116	116	False	model1	137	128	2.2218092224649817e-10	7.960475269415401e-13	1.0
ttH_ntuple	/eos/ihep/cms/store/user/coli/datasets/hh4b/inference/ttH_ntuple/selected_ntuples_0000.root	66	224	224	False	model1	134	134	0.9536680540186353	0.024477330967783928	0.021854668855667114
ttH_ntuple	/eos/ihep/cms/store/user/coli/datasets/hh4b/inference/ttH_ntuple/selected_ntuples_0000.root	67	92	92	False	model1	136	74	0.8408700006215213	0.15330030024051666	0.005829706322401762
ttH_ntuple	/eos/ihep/cms/store/user/coli/datasets/hh4b/inference/ttH_ntuple/selected_ntuples_0000.root	68	138	138	False	model1	137	128	0.0877125574251636	0.002503771334886551	0.9097836017608643
ttH_ntuple	/eos/ihep/cms/store/user/coli/datasets/hh4b/inference/ttH_ntuple/selected_ntuples_0000.root	69	161	161	False	model1	137	128	3.4622510185005565e-07	1.3582842406378859e-08	0.9999996423721313
ttH_ntuple	/eos/ihep/cms/store/user/coli/datasets/hh4b/inference/ttH_ntuple/selected_ntuples_0000.root	70	119	119	False	model1	136	131	0.32939034153923785	0.6564344763755798	0.014175130985677242
ttH_ntuple	/eos/ihep/cms/store/user/coli/datasets/hh4b/inference/ttH_ntuple/selected_ntuples_0000.root	71	63	63	False	model1	137	125	3.3674286187028096e-13	2.8854060881187494e-15	1.0
ttH_ntuple	/eos/ihep/cms/store/user/coli/datasets/hh4b/inference/ttH_ntuple/selected_ntuples_0000.root	72	158	158	False	model1	136	8	0.8903354608339669	0.06206401437520981	0.047600504010915756
ttH_ntuple	/eos/ihep/cms/store/user/coli/datasets/hh4b/inference/ttH_ntuple/selected_ntuples_0000.root	73	166	166	False	model1	137	7	0.8228191925536521	0.0030431989580392838	0.17413759231567383
ttH_ntuple	/eos/ihep/cms/store/user/coli/datasets/hh4b/inference/ttH_ntuple/selected_ntuples_0000.root	74	102	102	False	model1	137	125	1.877756278449166e-13	4.2220081970182743e-16	1.0
ttH_ntuple	/eos/ihep/cms/store/user/coli/datasets/hh4b/inference/ttH_ntuple/selected_ntuples_0000.root	75	198	198	False	model1	137	125	0.027431196069471753	0.1554691642522812	0.8170996308326721
ttH_ntuple	/eos/ihep/cms/store/user/coli/datasets/hh4b/inference/ttH_ntuple/selected_ntuples_0000.root	76	112	112	False	model1	137	134	0.010409419165938516	0.0002720300399232656	0.9893185496330261
ttH_ntuple	/eos/ihep/cms/store/user/coli/datasets/hh4b/inference/ttH_ntuple/selected_ntuples_0000.root	77	158	158	False	model1	137	76	0.6680416745073217	0.12705877423286438	0.20489953458309174
ttH_ntuple	/eos/ihep/cms/store/user/coli/datasets/hh4b/inference/ttH_ntuple/selected_ntuples_0000.root	78	93	93	False	model1	137	125	2.699424413443572e-13	4.794304313764748e-15	1.0
ttH_ntuple	/eos/ihep/cms/store/user/coli/datasets/hh4b/inference/ttH_ntuple/selected_ntuples_0000.root	79	103	103	False	model1	137	128	5.423040957082403e-06	7.48058619137737e-06	0.999987006187439
ttH_ntuple	/eos/ihep/cms/store/user/coli/datasets/hh4b/inference/ttH_ntuple/selected_ntuples_0000.root	80	219	219	False	model1	137	15	0.010170247445785208	0.005476478487253189	0.9843533635139465
ttH_ntuple	/eos/ihep/cms/store/user/coli/datasets/hh4b/inference/ttH_ntuple/selected_ntuples_0000.root	81	78	78	False	model1	137	134	2.392632767911443e-10	5.240003309731067e-12	1.0
ttH_ntuple	/eos/ihep/cms/store/user/coli/datasets/hh4b/inference/ttH_ntuple/selected_ntuples_0000.root	82	180	180	False	model1	137	93	0.00029868023987746073	3.7586903545161476e-06	0.9996975660324097
ttH_ntuple	/eos/ihep/cms/store/user/coli/datasets/hh4b/inference/ttH_ntuple/selected_ntuples_0000.root	83	228	228	False	model1	137	134	0.0010524158345431994	2.1689163531846134e-06	0.9989455342292786
ttH_ntuple	/eos/ihep/cms/store/user/coli/datasets/hh4b/inference/ttH_ntuple/selected_ntuples_0000.root	84	123	123	False	model1	137	38	5.970249944986907e-06	2.9292781533740708e-08	0.9999939203262329
ttH_ntuple	/eos/ihep/cms/store/user/coli/datasets/hh4b/inference/ttH_ntuple/selected_ntuples_0000.root	85	58	58	False	model1	137	128	4.17819085335902e-11	1.899080664859859e-13	1.0
ttH_ntuple	/eos/ihep/cms/store/user/coli/datasets/hh4b/inference/ttH_ntuple/selected_ntuples_0000.root	86	122	122	False	model1	137	101	0.40701325815518885	0.08679817616939545	0.5061885118484497
ttH_ntuple	/eos/ihep/cms/store/user/coli/datasets/hh4b/inference/ttH_ntuple/selected_ntuples_0000.root	87	142	142	False	model1	136	57	0.8730480630038073	0.12058500945568085	0.006366915535181761
ttH_ntuple	/eos/ihep/cms/store/user/coli/datasets/hh4b/inference/ttH_ntuple/selected_ntuples_0000.root	88	104	104	False	model1	137	128	1.1153210469736615e-10	4.424503124988988e-11	1.0
ttH_ntuple	/eos/ihep/cms/store/user/coli/datasets/hh4b/inference/ttH_ntuple/selected_ntuples_0000.root	89	126	126	False	model1	137	128	0.00013317200651266625	0.0002789752616081387	0.9995878338813782
ttH_ntuple	/eos/ihep/cms/store/user/coli/datasets/hh4b/inference/ttH_ntuple/selected_ntuples_0000.root	90	123	123	False	model1	137	86	1.3078176441513878e-05	2.3525969936599722e-06	0.9999845027923584
ttH_ntuple	/eos/ihep/cms/store/user/coli/datasets/hh4b/inference/ttH_ntuple/selected_ntuples_0000.root	91	141	141	False	model1	137	43	0.00025036774095055225	1.8468541384208947e-05	0.9997311234474182
ttH_ntuple	/eos/ihep/cms/store/user/coli/datasets/hh4b/inference/ttH_ntuple/selected_ntuples_0000.root	92	206	206	False	model1	136	106	0.7662166701662727	0.17348210513591766	0.06030116230249405
ttH_ntuple	/eos/ihep/cms/store/user/coli/datasets/hh4b/inference/ttH_ntuple/selected_ntuples_0000.root	93	103	103	False	model1	137	128	3.1070604895380705e-06	5.039218109459398e-08	0.9999969005584717
ttH_ntuple	/eos/ihep/cms/store/user/coli/datasets/hh4b/inference/ttH_ntuple/selected_ntuples_0000.root	94	79	79	False	model1	137	110	0.24555817313878947	0.0002947094035334885	0.7541471719741821
ttH_ntuple	/eos/ihep/cms/store/user/coli/datasets/hh4b/inference/ttH_ntuple/selected_ntuples_0000.root	95	132	132	False	model1	137	134	0.6855630077582191	0.06734444200992584	0.247092604637146
ttH_ntuple	/eos/ihep/cms/store/user/coli/datasets/hh4b/inference/ttH_ntuple/selected_ntuples_0000.root	96	158	158	False	model1	137	114	0.9378099772729911	0.014798440039157867	0.0473916158080101
ttH_ntuple	/eos/ihep/cms/store/user/coli/datasets/hh4b/inference/ttH_ntuple/selected_ntuples_0000.root	97	103	103	False	model1	137	57	2.305509275685099e-06	4.1122618199551653e-07	0.9999972581863403
ttH_ntuple	/eos/ihep/cms/store/user/coli/datasets/hh4b/inference/ttH_ntuple/selected_ntuples_0000.root	98	186	186	False	model1	136	134	0.8836994298519585	0.07803164422512054	0.038268886506557465
ttH_ntuple	/eos/ihep/cms/store/user/coli/datasets/hh4b/inference/ttH_ntuple/selected_ntuples_0000.root	99	131	131	False	model1	137	134	0.011014327615853858	0.0459110327064991	0.9430745840072632
ttH_ntuple	/eos/ihep/cms/store/user/coli/datasets/hh4b/inference/ttH_ntuple/selected_ntuples_0000.root	100	97	97	False	model1	137	134	1.56616777214464e-11	1.4975645506662416e-13	1.0
ttH_ntuple	/eos/ihep/cms/store/user/coli/datasets/hh4b/inference/ttH_ntuple/selected_ntuples_0000.root	101	221	221	False	model1	137	17	0.5553110418259166	0.20390164852142334	0.2407873421907425
ttH_ntuple	/eos/ihep/cms/store/user/coli/datasets/hh4b/inference/ttH_ntuple/selected_ntuples_0000.root	102	156	156	False	model1	137	134	0.0011555155336049339	5.7496639783494174e-05	0.9987871050834656
ttH_ntuple	/eos/ihep/cms/store/user/coli/datasets/hh4b/inference/ttH_ntuple/selected_ntuples_0000.root	103	119	119	False	model1	137	109	0.07950574214288686	0.00042427211883477867	0.9200699329376221
ttH_ntuple	/eos/ihep/cms/store/user/coli/datasets/hh4b/inference/ttH_ntuple/selected_ntuples_0000.root	104	249	249	False	model1	137	44	0.22571699329921557	0.03021843545138836	0.7440646290779114
ttH_ntuple	/eos/ihep/cms/store/user/coli/datasets/hh4b/inference/ttH_ntuple/selected_ntuples_0000.root	105	98	98	False	model1	137	90	4.91729430234511e-05	1.167913342214888e-05	0.9999392032623291
ttH_ntuple	/eos/ihep/cms/store/user/coli/datasets/hh4b/inference/ttH_ntuple/selected_ntuples_0000.root	106	152	152	False	model1	137	128	7.423436046163112e-07	2.8424034681506782e-08	0.9999991655349731
ttH_ntuple	/eos/ihep/cms/store/user/coli/datasets/hh4b/inference/ttH_ntuple/selected_ntuples_0000.root	107	144	144	False	model1	137	134	0.16119540353869866	0.0027745270635932684	0.8360300660133362
ttH_ntuple	/eos/ihep/cms/store/user/coli/datasets/hh4b/inference/ttH_ntuple/selected_ntuples_0000.root	108	129	129	False	model1	137	128	6.067063415067693e-07	2.8273181129634395e-08	0.9999992847442627
ttH_ntuple	/eos/ihep/cms/store/user/coli/datasets/hh4b/inference/ttH_ntuple/selected_ntuples_0000.root	109	183	183	False	model1	120	120	0.9790544449341212	0.00018614142027217895	0.020759427919983864
ttH_ntuple	/eos/ihep/cms/store/user/coli/datasets/hh4b/inference/ttH_ntuple/selected_ntuples_0000.root	110	107	107	False	model1	137	125	1.1028255480318565e-13	3.854005203962987e-16	1.0
ttH_ntuple	/eos/ihep/cms/store/user/coli/datasets/hh4b/inference/ttH_ntuple/selected_ntuples_0000.root	111	97	97	False	model1	137	117	0.0009986766908345324	2.1727259081671946e-05	0.9989795088768005
ttH_ntuple	/eos/ihep/cms/store/user/coli/datasets/hh4b/inference/ttH_ntuple/selected_ntuples_0000.root	112	139	139	False	model1	137	128	2.664214895076178e-05	3.1208968721330166e-05	0.9999421834945679
ttH_ntuple	/eos/ihep/cms/store/user/coli/datasets/hh4b/inference/ttH_ntuple/selected_ntuples_0000.root	113	103	103	False	model1	137	134	5.78899882547134e-06	1.9743113455206185e-07	0.9999940395355225
ttH_ntuple	/eos/ihep/cms/store/user/coli/datasets/hh4b/inference/ttH_ntuple/selected_ntuples_0000.root	114	156	156	False	model1	134	134	0.9806226178934594	0.009887715801596642	0.009489746764302254
ttH_ntuple	/eos/ihep/cms/store/user/coli/datasets/hh4b/inference/ttH_ntuple/selected_ntuples_0000.root	115	217	217	False	model1	137	134	0.0012011194519487844	4.93987454319722e-06	0.9987938404083252
ttH_ntuple	/eos/ihep/cms/store/user/coli/datasets/hh4b/inference/ttH_ntuple/selected_ntuples_0000.root	116	115	115	False	model1	137	134	0.027955362342765966	0.043906569480895996	0.928138017654419
ttH_ntuple	/eos/ihep/cms/store/user/coli/datasets/hh4b/inference/ttH_ntuple/selected_ntuples_0000.root	117	42	42	False	model1	137	128	3.6308473303278397e-12	1.0633910811912346e-14	1.0
ttH_ntuple	/eos/ihep/cms/store/user/coli/datasets/hh4b/inference/ttH_ntuple/selected_ntuples_0000.root	118	97	97	False	model1	137	128	0.0007952137545824897	1.892977252282435e-06	0.9992029070854187
ttH_ntuple	/eos/ihep/cms/store/user/coli/datasets/hh4b/inference/ttH_ntuple/selected_ntuples_0000.root	119	108	108	False	model1	137	128	7.491456970661059e-06	4.412704583955929e-06	0.9999880790710449
ttH_ntuple	/eos/ihep/cms/store/user/coli/datasets/hh4b/inference/ttH_ntuple/selected_ntuples_0000.root	120	129	129	False	model1	137	86	4.2536454974068105e-05	1.1804353562183678e-05	0.9999456405639648
ttH_ntuple	/eos/ihep/cms/store/user/coli/datasets/hh4b/inference/ttH_ntuple/selected_ntuples_0000.root	121	191	191	False	model1	136	120	0.018374046566577817	0.6658101677894592	0.31581583619117737
ttH_ntuple	/eos/ihep/cms/store/user/coli/datasets/hh4b/inference/ttH_ntuple/selected_ntuples_0000.root	122	106	106	False	model1	137	128	1.7652567558433837e-09	9.061773900698178e-12	1.0
ttH_ntuple	/eos/ihep/cms/store/user/coli/datasets/hh4b/inference/ttH_ntuple/selected_ntuples_0000.root	123	252	252	False	model1	95	95	0.9948975120826162	0.003068875288590789	0.002033575903624296
ttH_ntuple	/eos/ihep/cms/store/user/coli/datasets/hh4b/inference/ttH_ntuple/selected_ntuples_0000.root	124	220	220	False	model1	137	82	0.18543424952076748	0.208845317363739	0.6057203412055969
ttH_ntuple	/eos/ihep/cms/store/user/coli/datasets/hh4b/inference/ttH_ntuple/selected_ntuples_0000.root	125	200	200	False	model1	137	128	0.0634793822578672	0.0029089462477713823	0.9336117506027222
ttH_ntuple	/eos/ihep/cms/store/user/coli/datasets/hh4b/inference/ttH_ntuple/selected_ntuples_0000.root	126	122	122	False	model1	137	129	0.00035562010828510404	0.00010420050239190459	0.9995400905609131
ttH_ntuple	/eos/ihep/cms/store/user/coli/datasets/hh4b/inference/ttH_ntuple/selected_ntuples_0000.root	127	152	152	False	model1	137	128	2.4841460171145765e-09	1.8327646691962407e-11	1.0
ttH_ntuple	/eos/ihep/cms/store/user/coli/datasets/hh4b/inference/ttH_ntuple/selected_ntuples_0000.root	128	144	144	False	model1	137	90	0.00014609501749973663	6.187462531670462e-06	0.9998476505279541
ttH_ntuple	/eos/ihep/cms/store/user/coli/datasets/hh4b/inference/ttH_ntuple/selected_ntuples_0000.root	129	149	149	False	model1	137	129	0.275046888047882	0.02844143472611904	0.6965116262435913
ttH_ntuple	/eos/ihep/cms/store/user/coli/datasets/hh4b/inference/ttH_ntuple/selected_ntuples_0000.root	130	190	190	False	model1	137	134	0.6208827781974833	0.006304426118731499	0.37281280755996704
ttH_ntuple	/eos/ihep/cms/store/user/coli/datasets/hh4b/inference/ttH_ntuple/selected_ntuples_0000.root	131	191	191	False	model1	101	101	0.9928978975804057	0.00322675216011703	0.0038753515109419823
ttH_ntuple	/eos/ihep/cms/store/user/coli/datasets/hh4b/inference/ttH_ntuple/selected_ntuples_0000.root	132	100	100	False	model1	137	134	0.012179588632658334	0.00046877440763637424	0.987351655960083
ttH_ntuple	/eos/ihep/cms/store/user/coli/datasets/hh4b/inference/ttH_ntuple/selected_ntuples_0000.root	133	101	101	False	model1	137	92	0.011347232854021172	0.00017403006495442241	0.9884787201881409
ttH_ntuple	/eos/ihep/cms/store/user/coli/datasets/hh4b/inference/ttH_ntuple/selected_ntuples_0000.root	134	161	161	False	model1	137	15	0.0004341912931402625	1.7753010979504324e-05	0.9995478987693787
ttH_ntuple	/eos/ihep/cms/store/user/coli/datasets/hh4b/inference/ttH_ntuple/selected_ntuples_0000.root	135	143	143	False	model1	137	86	0.0023626276362991305	7.226146408356726e-05	0.9975650310516357
ttH_ntuple	/eos/ihep/cms/store/user/coli/datasets/hh4b/inference/ttH_ntuple/selected_ntuples_0000.root	136	135	135	False	model1	136	64	0.6933734088345318	0.23279470205307007	0.07383184880018234
ttH_ntuple	/eos/ihep/cms/store/user/coli/datasets/hh4b/inference/ttH_ntuple/selected_ntuples_0000.root	137	104	104	False	model1	137	134	0.0051081941183710455	9.97340539470315e-05	0.9947920441627502
ttH_ntuple	/eos/ihep/cms/store/user/coli/datasets/hh4b/inference/ttH_ntuple/selected_ntuples_0000.root	138	209	209	False	model1	137	15	0.0012807606539126937	5.491347110364586e-05	0.998664379119873
ttH_ntuple	/eos/ihep/cms/store/user/coli/datasets/hh4b/inference/ttH_ntuple/selected_ntuples_0000.root	139	118	118	False	model1	137	128	1.8790185090124313e-09	1.3934012277339036e-10	1.0
ttH_ntuple	/eos/ihep/cms/store/user/coli/datasets/hh4b/inference/ttH_ntuple/selected_ntuples_0000.root	140	156	156	False	model1	137	128	0.000414382704067906	6.107878289185464e-05	0.9995244741439819
ttH_ntuple	/eos/ihep/cms/store/user/coli/datasets/hh4b/inference/ttH_ntuple/selected_ntuples_0000.root	141	187	187	False	model1	137	106	0.749108733524821	0.004281484056264162	0.24660983681678772
ttH_ntuple	/eos/ihep/cms/store/user/coli/datasets/hh4b/inference/ttH_ntuple/selected_ntuples_0000.root	142	136	136	False	model1	137	134	0.25842350099628675	0.07931940257549286	0.6622570157051086
ttH_ntuple	/eos/ihep/cms/store/user/coli/datasets/hh4b/inference/ttH_ntuple/selected_ntuples_0000.root	143	89	89	False	model1	137	10	5.6005365150824105e-05	2.442746790620731e-06	0.9999415874481201
ttH_ntuple	/eos/ihep/cms/store/user/coli/datasets/hh4b/inference/ttH_ntuple/selected_ntuples_0000.root	144	245	245	False	model1	137	99	0.5085670787957497	0.14976075291633606	0.3416721820831299
ttH_ntuple	/eos/ihep/cms/store/user/coli/datasets/hh4b/inference/ttH_ntuple/selected_ntuples_0000.root	145	106	106	False	model1	137	128	1.0595758021514877e-06	2.6086843263328774e-07	0.9999986886978149
ttH_ntuple	/eos/ihep/cms/store/user/coli/datasets/hh4b/inference/ttH_ntuple/selected_ntuples_0000.root	146	115	115	False	model1	137	134	0.06099489270104641	0.0961330458521843	0.8428720235824585
ttH_ntuple	/eos/ihep/cms/store/user/coli/datasets/hh4b/inference/ttH_ntuple/selected_ntuples_0000.root	147	138	138	False	model1	137	41	0.006258893715035185	0.00014749214460607618	0.9935935139656067
ttH_ntuple	/eos/ihep/cms/store/user/coli/datasets/hh4b/inference/ttH_ntuple/selected_ntuples_0000.root	148	144	144	False	model1	129	129	0.9450983471739391	0.0265361238270998	0.0283654872328043
ttH_ntuple	/eos/ihep/cms/store/user/coli/datasets/hh4b/inference/ttH_ntuple/selected_ntuples_0000.root	149	204	204	False	model1	137	134	0.8428284188578345	0.030811170116066933	0.12636049091815948
ttH_ntuple	/eos/ihep/cms/store/user/coli/datasets/hh4b/inference/ttH_ntuple/selected_ntuples_0000.root	150	119	119	False	model1	137	114	0.005077733647495641	3.477328209555708e-05	0.9948875308036804
ttH_ntuple	/eos/ihep/cms/store/user/coli/datasets/hh4b/inference/ttH_ntuple/selected_ntuples_0000.root	151	111	111	False	model1	137	134	1.2853269976820145e-10	1.0853759731255241e-11	1.0
ttH_ntuple	/eos/ihep/cms/store/user/coli/datasets/hh4b/inference/ttH_ntuple/selected_ntuples_0000.root	152	735	256	True	model1	99	99	0.9891433313418929	0.007032774854451418	0.0038238337729126215
ttH_ntuple	/eos/ihep/cms/store/user/coli/datasets/hh4b/inference/ttH_ntuple/selected_ntuples_0000.root	153	100	100	False	model1	136	132	0.5749613495408994	0.2339629828929901	0.1910756677389145
ttH_ntuple	/eos/ihep/cms/store/user/coli/datasets/hh4b/inference/ttH_ntuple/selected_ntuples_0000.root	154	172	172	False	model1	137	131	0.10095217400976253	0.12058550119400024	0.7784623503684998
ttH_ntuple	/eos/ihep/cms/store/user/coli/datasets/hh4b/inference/ttH_ntuple/selected_ntuples_0000.root	155	184	184	False	model1	137	15	0.001939205959886614	0.00017575183301232755	0.9978851675987244
ttH_ntuple	/eos/ihep/cms/store/user/coli/datasets/hh4b/inference/ttH_ntuple/selected_ntuples_0000.root	156	169	169	False	model1	64	64	0.9965437745832162	0.0033448755275458097	0.00011133492080261931
ttH_ntuple	/eos/ihep/cms/store/user/coli/datasets/hh4b/inference/ttH_ntuple/selected_ntuples_0000.root	157	68	68	False	model1	137	128	2.7025459621782603e-10	8.10564560350252e-13	1.0
ttH_ntuple	/eos/ihep/cms/store/user/coli/datasets/hh4b/inference/ttH_ntuple/selected_ntuples_0000.root	158	168	168	False	model1	137	134	0.03794914323810872	0.05839390307664871	0.9036569595336914
ttH_ntuple	/eos/ihep/cms/store/user/coli/datasets/hh4b/inference/ttH_ntuple/selected_ntuples_0000.root	159	193	193	False	model1	137	67	0.059606715080690265	0.0010520943906158209	0.9393411874771118
ttH_ntuple	/eos/ihep/cms/store/user/coli/datasets/hh4b/inference/ttH_ntuple/selected_ntuples_0000.root	160	167	167	False	model1	137	134	0.025217110271796628	0.07585970312356949	0.8989231586456299
ttH_ntuple	/eos/ihep/cms/store/user/coli/datasets/hh4b/inference/ttH_ntuple/selected_ntuples_0000.root	161	120	120	False	model1	137	35	0.006707813883121805	0.0005540500278584659	0.9927381873130798
ttH_ntuple	/eos/ihep/cms/store/user/coli/datasets/hh4b/inference/ttH_ntuple/selected_ntuples_0000.root	162	161	161	False	model1	137	128	5.506346348186009e-06	3.0512083526446077e-07	0.9999940395355225
ttH_ntuple	/eos/ihep/cms/store/user/coli/datasets/hh4b/inference/ttH_ntuple/selected_ntuples_0000.root	163	64	64	False	model1	137	125	1.2646546716288958e-13	5.752800020614136e-16	1.0
ttH_ntuple	/eos/ihep/cms/store/user/coli/datasets/hh4b/inference/ttH_ntuple/selected_ntuples_0000.root	164	174	174	False	model1	136	129	0.19174926273262827	0.7961699366569519	0.012080811895430088
ttH_ntuple	/eos/ihep/cms/store/user/coli/datasets/hh4b/inference/ttH_ntuple/selected_ntuples_0000.root	165	142	142	False	model1	137	109	0.04310418886234402	0.21933795511722565	0.7375578880310059
ttH_ntuple	/eos/ihep/cms/store/user/coli/datasets/hh4b/inference/ttH_ntuple/selected_ntuples_0000.root	166	183	183	False	model1	96	96	0.96358328831775	0.008712978102266788	0.027703672647476196
ttH_ntuple	/eos/ihep/cms/store/user/coli/datasets/hh4b/inference/ttH_ntuple/selected_ntuples_0000.root	167	185	185	False	model1	137	92	0.023626093488324784	0.0015121136093512177	0.9748616814613342
ttH_ntuple	/eos/ihep/cms/store/user/coli/datasets/hh4b/inference/ttH_ntuple/selected_ntuples_0000.root	168	57	57	False	model1	137	114	0.9084410679097346	0.01278681494295597	0.07877204567193985
ttH_ntuple	/eos/ihep/cms/store/user/coli/datasets/hh4b/inference/ttH_ntuple/selected_ntuples_0000.root	169	196	196	False	model1	137	109	0.14780740594051167	0.06400955468416214	0.7881829738616943
ttH_ntuple	/eos/ihep/cms/store/user/coli/datasets/hh4b/inference/ttH_ntuple/selected_ntuples_0000.root	170	94	94	False	model1	111	111	0.9843389567067788	0.008930500596761703	0.006730556022375822
ttH_ntuple	/eos/ihep/cms/store/user/coli/datasets/hh4b/inference/ttH_ntuple/selected_ntuples_0000.root	171	118	118	False	model1	136	106	0.13345745016772526	0.6633438467979431	0.20319867134094238
ttH_ntuple	/eos/ihep/cms/store/user/coli/datasets/hh4b/inference/ttH_ntuple/selected_ntuples_0000.root	172	106	106	False	model1	62	62	0.9976751150145873	0.002107724081724882	0.0002171904779970646
ttH_ntuple	/eos/ihep/cms/store/user/coli/datasets/hh4b/inference/ttH_ntuple/selected_ntuples_0000.root	173	192	192	False	model1	137	89	0.00095598937928279	2.2090785023465287e-06	0.9990418553352356
ttH_ntuple	/eos/ihep/cms/store/user/coli/datasets/hh4b/inference/ttH_ntuple/selected_ntuples_0000.root	174	112	112	False	model1	137	128	1.0962569838678319e-10	2.244803952097807e-12	1.0
ttH_ntuple	/eos/ihep/cms/store/user/coli/datasets/hh4b/inference/ttH_ntuple/selected_ntuples_0000.root	175	170	170	False	model1	137	86	9.03993424885563e-05	0.00024228393158409745	0.9996672868728638
ttH_ntuple	/eos/ihep/cms/store/user/coli/datasets/hh4b/inference/ttH_ntuple/selected_ntuples_0000.root	176	186	186	False	model1	137	105	0.05219058914866537	0.007395736873149872	0.9404135942459106
ttH_ntuple	/eos/ihep/cms/store/user/coli/datasets/hh4b/inference/ttH_ntuple/selected_ntuples_0000.root	177	92	92	False	model1	137	134	3.661610423299457e-12	6.473533325059358e-14	1.0
ttH_ntuple	/eos/ihep/cms/store/user/coli/datasets/hh4b/inference/ttH_ntuple/selected_ntuples_0000.root	178	114	114	False	model1	137	90	0.007339732519170639	0.0018844164442270994	0.9907758831977844
ttH_ntuple	/eos/ihep/cms/store/user/coli/datasets/hh4b/inference/ttH_ntuple/selected_ntuples_0000.root	179	79	79	False	model1	137	128	2.479248428366245e-09	3.421047334306593e-10	1.0
ttH_ntuple	/eos/ihep/cms/store/user/coli/datasets/hh4b/inference/ttH_ntuple/selected_ntuples_0000.root	180	120	120	False	model1	136	106	0.95308592850688	0.039696190506219864	0.00721787428483367
ttH_ntuple	/eos/ihep/cms/store/user/coli/datasets/hh4b/inference/ttH_ntuple/selected_ntuples_0000.root	181	135	135	False	model1	137	129	0.3644054019434009	0.00065669632749632	0.6349378228187561
ttH_ntuple	/eos/ihep/cms/store/user/coli/datasets/hh4b/inference/ttH_ntuple/selected_ntuples_0000.root	182	78	78	False	model1	137	37	1.408838102175819e-06	2.583922587007237e-08	0.9999985694885254
ttH_ntuple	/eos/ihep/cms/store/user/coli/datasets/hh4b/inference/ttH_ntuple/selected_ntuples_0000.root	183	117	117	False	model1	137	125	1.4170620734244063e-12	5.538561247814527e-15	1.0
ttH_ntuple	/eos/ihep/cms/store/user/coli/datasets/hh4b/inference/ttH_ntuple/selected_ntuples_0000.root	184	169	169	False	model1	82	82	0.985221023856127	0.013233364559710026	0.0015456551918759942
ttH_ntuple	/eos/ihep/cms/store/user/coli/datasets/hh4b/inference/ttH_ntuple/selected_ntuples_0000.root	185	164	164	False	model1	137	64	0.0011315761407694955	5.626513939205324e-06	0.9988627433776855
ttH_ntuple	/eos/ihep/cms/store/user/coli/datasets/hh4b/inference/ttH_ntuple/selected_ntuples_0000.root	186	156	156	False	model1	8	8	0.9790148388274247	0.010804244317114353	0.010180898010730743
ttH_ntuple	/eos/ihep/cms/store/user/coli/datasets/hh4b/inference/ttH_ntuple/selected_ntuples_0000.root	187	178	178	False	model1	137	125	0.049629920623544876	0.37609973549842834	0.5742703676223755
ttH_ntuple	/eos/ihep/cms/store/user/coli/datasets/hh4b/inference/ttH_ntuple/selected_ntuples_0000.root	188	115	115	False	model1	137	86	4.6353342802667175e-05	1.2195634553791024e-05	0.9999414682388306
ttH_ntuple	/eos/ihep/cms/store/user/coli/datasets/hh4b/inference/ttH_ntuple/selected_ntuples_0000.root	189	121	121	False	model1	137	60	0.0009976050014328663	4.318005812820047e-05	0.9989591836929321
ttH_ntuple	/eos/ihep/cms/store/user/coli/datasets/hh4b/inference/ttH_ntuple/selected_ntuples_0000.root	190	186	186	False	model1	137	132	0.8572366973220369	0.005123428534716368	0.1376398801803589
ttH_ntuple	/eos/ihep/cms/store/user/coli/datasets/hh4b/inference/ttH_ntuple/selected_ntuples_0000.root	191	168	168	False	model1	132	132	0.9574425355708627	0.027393370866775513	0.015164147131145
ttH_ntuple	/eos/ihep/cms/store/user/coli/datasets/hh4b/inference/ttH_ntuple/selected_ntuples_0000.root	192	118	118	False	model1	93	93	0.9297726223927611	0.06664346158504486	0.0035839711781591177
ttH_ntuple	/eos/ihep/cms/store/user/coli/datasets/hh4b/inference/ttH_ntuple/selected_ntuples_0000.root	193	116	116	False	model1	137	125	4.553897589057978e-12	6.70506402136728e-14	1.0
ttH_ntuple	/eos/ihep/cms/store/user/coli/datasets/hh4b/inference/ttH_ntuple/selected_ntuples_0000.root	194	163	163	False	model1	137	134	0.9588281965880014	0.01894436962902546	0.022227492183446884
ttH_ntuple	/eos/ihep/cms/store/user/coli/datasets/hh4b/inference/ttH_ntuple/selected_ntuples_0000.root	195	123	123	False	model1	137	101	0.038193996620723425	0.0009322432451881468	0.9608737230300903
ttH_ntuple	/eos/ihep/cms/store/user/coli/datasets/hh4b/inference/ttH_ntuple/selected_ntuples_0000.root	196	209	209	False	model1	137	109	0.020462974218723673	0.00011062120029237121	0.9794264435768127
ttH_ntuple	/eos/ihep/cms/store/user/coli/datasets/hh4b/inference/ttH_ntuple/selected_ntuples_0000.root	197	161	161	False	model1	137	69	0.009247178502648445	0.0002446145808789879	0.9905083179473877
ttH_ntuple	/eos/ihep/cms/store/user/coli/datasets/hh4b/inference/ttH_ntuple/selected_ntuples_0000.root	198	137	137	False	model1	137	134	4.534480285442406e-08	2.4331392456389267e-09	1.0
ttH_ntuple	/eos/ihep/cms/store/user/coli/datasets/hh4b/inference/ttH_ntuple/selected_ntuples_0000.root	199	98	98	False	model1	137	134	0.037743582012783605	0.00010487282270332798	0.9621515870094299
ttH_ntuple	/eos/ihep/cms/store/user/coli/datasets/hh4b/inference/ttH_ntuple/selected_ntuples_0000.root	200	174	174	False	model1	137	134	4.719556676779902e-06	1.1911267847608542e-06	0.999994158744812
ttH_ntuple	/eos/ihep/cms/store/user/coli/datasets/hh4b/inference/ttH_ntuple/selected_ntuples_0000.root	201	102	102	False	model1	137	120	2.1286782513202945e-13	2.0966587485144383e-15	1.0
ttH_ntuple	/eos/ihep/cms/store/user/coli/datasets/hh4b/inference/ttH_ntuple/selected_ntuples_0000.root	202	190	190	False	model1	137	109	0.0006427385017344633	9.935689377016388e-06	0.9993473887443542
ttH_ntuple	/eos/ihep/cms/store/user/coli/datasets/hh4b/inference/ttH_ntuple/selected_ntuples_0000.root	203	97	97	False	model1	137	134	1.447982900927207e-09	2.5881272680550182e-09	1.0
ttH_ntuple	/eos/ihep/cms/store/user/coli/datasets/hh4b/inference/ttH_ntuple/selected_ntuples_0000.root	204	160	160	False	model1	137	39	0.002435325484555939	2.0575610051309923e-06	0.9975626468658447
ttH_ntuple	/eos/ihep/cms/store/user/coli/datasets/hh4b/inference/ttH_ntuple/selected_ntuples_0000.root	205	151	151	False	model1	137	12	0.0007412911151334356	0.0004078182391822338	0.99885094165802
ttH_ntuple	/eos/ihep/cms/store/user/coli/datasets/hh4b/inference/ttH_ntuple/selected_ntuples_0000.root	206	145	145	False	model1	137	106	0.29183738904782786	0.1816207766532898	0.5265418887138367
ttH_ntuple	/eos/ihep/cms/store/user/coli/datasets/hh4b/inference/ttH_ntuple/selected_ntuples_0000.root	207	74	74	False	model1	137	44	9.341923872713265e-05	3.08253720504581e-06	0.9999034404754639
ttH_ntuple	/eos/ihep/cms/store/user/coli/datasets/hh4b/inference/ttH_ntuple/selected_ntuples_0000.root	208	115	115	False	model1	137	109	0.00019383304235187637	3.2827774703036994e-05	0.9997733235359192
ttH_ntuple	/eos/ihep/cms/store/user/coli/datasets/hh4b/inference/ttH_ntuple/selected_ntuples_0000.root	209	226	226	False	model1	137	134	0.3748475547799899	0.026009373366832733	0.5991429686546326
ttH_ntuple	/eos/ihep/cms/store/user/coli/datasets/hh4b/inference/ttH_ntuple/selected_ntuples_0000.root	210	96	96	False	model1	137	122	0.001436790424244272	0.002588657196611166	0.9959744811058044
ttH_ntuple	/eos/ihep/cms/store/user/coli/datasets/hh4b/inference/ttH_ntuple/selected_ntuples_0000.root	211	178	178	False	model1	137	120	0.001442770421641204	8.349846211785916e-06	0.9985489249229431
ttH_ntuple	/eos/ihep/cms/store/user/coli/datasets/hh4b/inference/ttH_ntuple/selected_ntuples_0000.root	212	72	72	False	model1	137	134	3.3400335565754924e-09	1.2727369158582746e-10	1.0
ttH_ntuple	/eos/ihep/cms/store/user/coli/datasets/hh4b/inference/ttH_ntuple/selected_ntuples_0000.root	213	319	256	True	model1	137	44	0.04998765253918691	0.002315578982234001	0.9476967453956604
ttH_ntuple	/eos/ihep/cms/store/user/coli/datasets/hh4b/inference/ttH_ntuple/selected_ntuples_0000.root	214	142	142	False	model1	137	128	2.3066140367150912e-08	1.1704874847140445e-09	1.0
ttH_ntuple	/eos/ihep/cms/store/user/coli/datasets/hh4b/inference/ttH_ntuple/selected_ntuples_0000.root	215	180	180	False	model1	137	134	0.08409225819519861	0.08454407006502151	0.8313635587692261
ttH_ntuple	/eos/ihep/cms/store/user/coli/datasets/hh4b/inference/ttH_ntuple/selected_ntuples_0000.root	216	121	121	False	model1	137	128	0.00039764961282839906	0.00017417588969692588	0.9994282126426697
ttH_ntuple	/eos/ihep/cms/store/user/coli/datasets/hh4b/inference/ttH_ntuple/selected_ntuples_0000.root	217	157	157	False	model1	137	69	0.47314012209108114	0.050764940679073334	0.4760949909687042
ttH_ntuple	/eos/ihep/cms/store/user/coli/datasets/hh4b/inference/ttH_ntuple/selected_ntuples_0000.root	218	183	183	False	model1	137	134	0.01647622550017047	0.00019647600129246712	0.983327329158783
ttH_ntuple	/eos/ihep/cms/store/user/coli/datasets/hh4b/inference/ttH_ntuple/selected_ntuples_0000.root	219	135	135	False	model1	136	134	0.5085336209413072	0.4035012125968933	0.08796509355306625
ttH_ntuple	/eos/ihep/cms/store/user/coli/datasets/hh4b/inference/ttH_ntuple/selected_ntuples_0000.root	220	151	151	False	model1	137	117	5.5343803325058616e-05	1.4775607724004658e-06	0.9999432563781738
ttH_ntuple	/eos/ihep/cms/store/user/coli/datasets/hh4b/inference/ttH_ntuple/selected_ntuples_0000.root	221	175	175	False	model1	137	101	0.04323821866974065	0.00025804672623053193	0.9565038084983826
ttH_ntuple	/eos/ihep/cms/store/user/coli/datasets/hh4b/inference/ttH_ntuple/selected_ntuples_0000.root	222	154	154	False	model1	137	106	0.30178642789737253	0.0012297590728849173	0.696983814239502
ttH_ntuple	/eos/ihep/cms/store/user/coli/datasets/hh4b/inference/ttH_ntuple/selected_ntuples_0000.root	223	149	149	False	model1	137	92	0.6277902229276151	0.015316431410610676	0.356893390417099
ttH_ntuple	/eos/ihep/cms/store/user/coli/datasets/hh4b/inference/ttH_ntuple/selected_ntuples_0000.root	224	234	234	False	model1	137	110	0.8637815753174891	0.010266778990626335	0.12595176696777344
ttH_ntuple	/eos/ihep/cms/store/user/coli/datasets/hh4b/inference/ttH_ntuple/selected_ntuples_0000.root	225	113	113	False	model1	137	128	2.821747134684597e-09	2.964783696324247e-10	1.0
ttH_ntuple	/eos/ihep/cms/store/user/coli/datasets/hh4b/inference/ttH_ntuple/selected_ntuples_0000.root	226	140	140	False	model1	137	12	0.00021806303336679989	1.0634284990373999e-05	0.9997712969779968
ttH_ntuple	/eos/ihep/cms/store/user/coli/datasets/hh4b/inference/ttH_ntuple/selected_ntuples_0000.root	227	123	123	False	model1	137	128	5.379922981097547e-08	2.4864676984037715e-09	1.0
ttH_ntuple	/eos/ihep/cms/store/user/coli/datasets/hh4b/inference/ttH_ntuple/selected_ntuples_0000.root	228	122	122	False	model1	137	93	0.35764874913752465	0.03251517936587334	0.6098361611366272
ttH_ntuple	/eos/ihep/cms/store/user/coli/datasets/hh4b/inference/ttH_ntuple/selected_ntuples_0000.root	229	138	138	False	model1	136	127	0.6597301394067472	0.27710410952568054	0.06316570937633514
ttH_ntuple	/eos/ihep/cms/store/user/coli/datasets/hh4b/inference/ttH_ntuple/selected_ntuples_0000.root	230	73	73	False	model1	137	86	1.0910603615243986e-05	3.8608845898124855e-06	0.9999853372573853
ttH_ntuple	/eos/ihep/cms/store/user/coli/datasets/hh4b/inference/ttH_ntuple/selected_ntuples_0000.root	231	188	188	False	model1	137	95	0.4410680760344121	0.0017351810820400715	0.5571967959403992
ttH_ntuple	/eos/ihep/cms/store/user/coli/datasets/hh4b/inference/ttH_ntuple/selected_ntuples_0000.root	232	65	65	False	model1	137	90	1.1657883735877866e-06	1.687944717332357e-07	0.9999985694885254
ttH_ntuple	/eos/ihep/cms/store/user/coli/datasets/hh4b/inference/ttH_ntuple/selected_ntuples_0000.root	233	134	134	False	model1	137	122	0.5051399509320618	0.11128820478916168	0.3835718333721161
ttH_ntuple	/eos/ihep/cms/store/user/coli/datasets/hh4b/inference/ttH_ntuple/selected_ntuples_0000.root	234	225	225	False	model1	137	134	0.23517672847219728	0.003856329945847392	0.760966956615448
ttH_ntuple	/eos/ihep/cms/store/user/coli/datasets/hh4b/inference/ttH_ntuple/selected_ntuples_0000.root	235	205	205	False	model1	137	134	5.425441389832544e-06	9.643043767937343e-07	0.9999935626983643
ttH_ntuple	/eos/ihep/cms/store/user/coli/datasets/hh4b/inference/ttH_ntuple/selected_ntuples_0000.root	236	180	180	False	model1	137	80	0.03393726974115907	0.0009337192168459296	0.9651288986206055
ttH_ntuple	/eos/ihep/cms/store/user/coli/datasets/hh4b/inference/ttH_ntuple/selected_ntuples_0000.root	237	166	166	False	model1	137	82	0.5328755241557381	0.0020188328344374895	0.4651056230068207
ttH_ntuple	/eos/ihep/cms/store/user/coli/datasets/hh4b/inference/ttH_ntuple/selected_ntuples_0000.root	238	193	193	False	model1	137	99	0.0386575510729017	0.02141350507736206	0.9399288892745972
ttH_ntuple	/eos/ihep/cms/store/user/coli/datasets/hh4b/inference/ttH_ntuple/selected_ntuples_0000.root	239	140	140	False	model1	136	15	0.24164635559873204	0.7306792140007019	0.027674483135342598
ttH_ntuple	/eos/ihep/cms/store/user/coli/datasets/hh4b/inference/ttH_ntuple/selected_ntuples_0000.root	240	143	143	False	model1	136	30	0.7920412724852213	0.1932162642478943	0.014742417261004448
ttH_ntuple	/eos/ihep/cms/store/user/coli/datasets/hh4b/inference/ttH_ntuple/selected_ntuples_0000.root	241	90	90	False	model1	137	128	1.209340123600383e-10	5.432249160046421e-13	1.0
ttH_ntuple	/eos/ihep/cms/store/user/coli/datasets/hh4b/inference/ttH_ntuple/selected_ntuples_0000.root	242	156	156	False	model1	137	95	0.0013173639220910305	5.777893238700926e-05	0.9986248016357422
ttH_ntuple	/eos/ihep/cms/store/user/coli/datasets/hh4b/inference/ttH_ntuple/selected_ntuples_0000.root	243	51	51	False	model1	137	128	2.238386627069364e-08	3.362097822368071e-10	1.0
ttH_ntuple	/eos/ihep/cms/store/user/coli/datasets/hh4b/inference/ttH_ntuple/selected_ntuples_0000.root	244	130	130	False	model1	137	128	2.366831170615421e-11	1.5816166464618225e-13	1.0
ttH_ntuple	/eos/ihep/cms/store/user/coli/datasets/hh4b/inference/ttH_ntuple/selected_ntuples_0000.root	245	160	160	False	model1	137	128	0.00010961074159274165	0.0022598677314817905	0.9976303577423096
ttH_ntuple	/eos/ihep/cms/store/user/coli/datasets/hh4b/inference/ttH_ntuple/selected_ntuples_0000.root	246	163	163	False	model1	136	82	0.36511582758976147	0.6286329627037048	0.006251188460737467
ttH_ntuple	/eos/ihep/cms/store/user/coli/datasets/hh4b/inference/ttH_ntuple/selected_ntuples_0000.root	247	153	153	False	model1	137	134	0.010325400452013689	0.03056126832962036	0.9591134786605835
ttH_ntuple	/eos/ihep/cms/store/user/coli/datasets/hh4b/inference/ttH_ntuple/selected_ntuples_0000.root	248	164	164	False	model1	137	15	0.5236698618991795	0.15531758964061737	0.3210125267505646
ttH_ntuple	/eos/ihep/cms/store/user/coli/datasets/hh4b/inference/ttH_ntuple/selected_ntuples_0000.root	249	105	105	False	model1	137	125	1.1702564880178982e-11	1.547131156911033e-13	1.0
ttH_ntuple	/eos/ihep/cms/store/user/coli/datasets/hh4b/inference/ttH_ntuple/selected_ntuples_0000.root	250	90	90	False	model1	137	101	0.18617989569315796	0.017311248928308487	0.7965088486671448
ttH_ntuple	/eos/ihep/cms/store/user/coli/datasets/hh4b/inference/ttH_ntuple/selected_ntuples_0000.root	251	245	245	False	model1	137	134	0.4954563557566871	0.22000643610954285	0.2845371961593628
ttH_ntuple	/eos/ihep/cms/store/user/coli/datasets/hh4b/inference/ttH_ntuple/selected_ntuples_0000.root	252	101	101	False	model1	137	128	0.004035284644729131	0.0012034567771479487	0.9947612881660461
ttH_ntuple	/eos/ihep/cms/store/user/coli/datasets/hh4b/inference/ttH_ntuple/selected_ntuples_0000.root	253	101	101	False	model1	137	93	0.015049455292242442	0.000451883883215487	0.9844985604286194
ttH_ntuple	/eos/ihep/cms/store/user/coli/datasets/hh4b/inference/ttH_ntuple/selected_ntuples_0000.root	254	187	187	False	model1	137	114	0.6039304282714966	0.00476605910807848	0.39130350947380066
ttH_ntuple	/eos/ihep/cms/store/user/coli/datasets/hh4b/inference/ttH_ntuple/selected_ntuples_0000.root	255	133	133	False	model1	136	66	0.044533590981473026	0.9150563478469849	0.040410079061985016
ttH_ntuple	/eos/ihep/cms/store/user/coli/datasets/hh4b/inference/ttH_ntuple/selected_ntuples_0000.root	0	137	137	False	model2	137	114	1.1408174055462094e-09	2.618394390196954e-10	1.0
ttH_ntuple	/eos/ihep/cms/store/user/coli/datasets/hh4b/inference/ttH_ntuple/selected_ntuples_0000.root	1	222	222	False	model2	137	134	0.8916977621297519	0.0011897521326318383	0.10711247473955154
ttH_ntuple	/eos/ihep/cms/store/user/coli/datasets/hh4b/inference/ttH_ntuple/selected_ntuples_0000.root	2	168	168	False	model2	137	63	0.7398623021144886	0.01487236749380827	0.245265394449234
ttH_ntuple	/eos/ihep/cms/store/user/coli/datasets/hh4b/inference/ttH_ntuple/selected_ntuples_0000.root	3	186	186	False	model2	137	134	0.0678392675478392	0.020141474902629852	0.9120192527770996
ttH_ntuple	/eos/ihep/cms/store/user/coli/datasets/hh4b/inference/ttH_ntuple/selected_ntuples_0000.root	4	70	70	False	model2	137	114	4.028565285664133e-12	3.947717532645084e-13	1.0
ttH_ntuple	/eos/ihep/cms/store/user/coli/datasets/hh4b/inference/ttH_ntuple/selected_ntuples_0000.root	5	154	154	False	model2	137	131	0.8895578595111147	0.0064325048588216305	0.10400959849357605
ttH_ntuple	/eos/ihep/cms/store/user/coli/datasets/hh4b/inference/ttH_ntuple/selected_ntuples_0000.root	6	235	235	False	model2	137	77	0.00010838836692630277	7.59604716904505e-08	0.9998916387557983
ttH_ntuple	/eos/ihep/cms/store/user/coli/datasets/hh4b/inference/ttH_ntuple/selected_ntuples_0000.root	7	168	168	False	model2	122	122	0.99461216951795	0.0012091239914298058	0.004178689792752266
ttH_ntuple	/eos/ihep/cms/store/user/coli/datasets/hh4b/inference/ttH_ntuple/selected_ntuples_0000.root	8	90	90	False	model2	136	71	0.21143475056896932	0.5124367475509644	0.27612850069999695
ttH_ntuple	/eos/ihep/cms/store/user/coli/datasets/hh4b/inference/ttH_ntuple/selected_ntuples_0000.root	9	110	110	False	model2	137	134	9.12319922075899e-07	4.50205789093161e-07	0.9999986886978149
ttH_ntuple	/eos/ihep/cms/store/user/coli/datasets/hh4b/inference/ttH_ntuple/selected_ntuples_0000.root	10	119	119	False	model2	137	134	0.4873982453827921	0.12415359169244766	0.38844814896583557
ttH_ntuple	/eos/ihep/cms/store/user/coli/datasets/hh4b/inference/ttH_ntuple/selected_ntuples_0000.root	11	139	139	False	model2	6	6	0.9811131535097957	0.01655714027583599	0.002329763490706682
ttH_ntuple	/eos/ihep/cms/store/user/coli/datasets/hh4b/inference/ttH_ntuple/selected_ntuples_0000.root	12	92	92	False	model2	64	64	0.9845209043378418	0.01448378711938858	0.0009953018743544817
ttH_ntuple	/eos/ihep/cms/store/user/coli/datasets/hh4b/inference/ttH_ntuple/selected_ntuples_0000.root	13	197	197	False	model2	136	6	0.43588657397322095	0.28982314467430115	0.2742902636528015
ttH_ntuple	/eos/ihep/cms/store/user/coli/datasets/hh4b/inference/ttH_ntuple/selected_ntuples_0000.root	14	113	113	False	model2	137	6	0.1369203636495513	0.045999277383089066	0.8170803189277649
ttH_ntuple	/eos/ihep/cms/store/user/coli/datasets/hh4b/inference/ttH_ntuple/selected_ntuples_0000.root	15	143	143	False	model2	137	114	5.930356812987115e-09	1.239748304016075e-08	1.0
ttH_ntuple	/eos/ihep/cms/store/user/coli/datasets/hh4b/inference/ttH_ntuple/selected_ntuples_0000.root	16	133	133	False	model2	137	127	0.00033961410720406704	8.66348491399549e-05	0.9995737671852112
ttH_ntuple	/eos/ihep/cms/store/user/coli/datasets/hh4b/inference/ttH_ntuple/selected_ntuples_0000.root	17	208	208	False	model2	137	86	0.5738063672254725	0.0014455192722380161	0.42474812269210815
ttH_ntuple	/eos/ihep/cms/store/user/coli/datasets/hh4b/inference/ttH_ntuple/selected_ntuples_0000.root	18	156	156	False	model2	137	12	1.4530634336457071e-06	4.706761842498963e-07	0.9999982118606567
ttH_ntuple	/eos/ihep/cms/store/user/coli/datasets/hh4b/inference/ttH_ntuple/selected_ntuples_0000.root	19	164	164	False	model2	137	125	0.0004938862995450283	1.526957248643157e-06	0.999504566192627
ttH_ntuple	/eos/ihep/cms/store/user/coli/datasets/hh4b/inference/ttH_ntuple/selected_ntuples_0000.root	20	127	127	False	model2	137	132	0.0021451545025645835	0.0001731186785036698	0.9976816177368164
ttH_ntuple	/eos/ihep/cms/store/user/coli/datasets/hh4b/inference/ttH_ntuple/selected_ntuples_0000.root	21	169	169	False	model2	137	131	0.0001303457400706476	8.415344200329855e-05	0.9997854828834534
ttH_ntuple	/eos/ihep/cms/store/user/coli/datasets/hh4b/inference/ttH_ntuple/selected_ntuples_0000.root	22	103	103	False	model2	137	114	1.7469715297162476e-07	6.864128465622343e-08	0.9999997615814209
ttH_ntuple	/eos/ihep/cms/store/user/coli/datasets/hh4b/inference/ttH_ntuple/selected_ntuples_0000.root	23	125	125	False	model2	137	50	0.9321025242606993	0.017405478283762932	0.050491947680711746
ttH_ntuple	/eos/ihep/cms/store/user/coli/datasets/hh4b/inference/ttH_ntuple/selected_ntuples_0000.root	24	135	135	False	model2	137	114	2.713972871986938e-11	1.8080389616037529e-12	1.0
ttH_ntuple	/eos/ihep/cms/store/user/coli/datasets/hh4b/inference/ttH_ntuple/selected_ntuples_0000.root	25	99	99	False	model2	137	99	0.31735801249942597	0.051425449550151825	0.6312165856361389
ttH_ntuple	/eos/ihep/cms/store/user/coli/datasets/hh4b/inference/ttH_ntuple/selected_ntuples_0000.root	26	87	87	False	model2	137	134	1.7516999439105206e-07	2.093401363367775e-08	0.9999998807907104
ttH_ntuple	/eos/ihep/cms/store/user/coli/datasets/hh4b/inference/ttH_ntuple/selected_ntuples_0000.root	27	88	88	False	model2	137	107	0.000619615125788453	0.00035339256282895803	0.9990270137786865
ttH_ntuple	/eos/ihep/cms/store/user/coli/datasets/hh4b/inference/ttH_ntuple/selected_ntuples_0000.root	28	90	90	False	model2	137	129	2.279357934742873e-07	1.8519925149007577e-08	0.9999998807907104
ttH_ntuple	/eos/ihep/cms/store/user/coli/datasets/hh4b/inference/ttH_ntuple/selected_ntuples_0000.root	29	91	91	False	model2	137	134	0.00021973797129215544	0.0003609362174756825	0.9994193315505981
ttH_ntuple	/eos/ihep/cms/store/user/coli/datasets/hh4b/inference/ttH_ntuple/selected_ntuples_0000.root	30	117	117	False	model2	137	80	4.448623956530319e-06	4.166472535871435e-07	0.9999951124191284
ttH_ntuple	/eos/ihep/cms/store/user/coli/datasets/hh4b/inference/ttH_ntuple/selected_ntuples_0000.root	31	141	141	False	model2	137	69	0.03165784932525639	0.02380739338696003	0.9445346593856812
ttH_ntuple	/eos/ihep/cms/store/user/coli/datasets/hh4b/inference/ttH_ntuple/selected_ntuples_0000.root	32	121	121	False	model2	137	15	0.01809180962004575	0.000739907321985811	0.981168270111084
ttH_ntuple	/eos/ihep/cms/store/user/coli/datasets/hh4b/inference/ttH_ntuple/selected_ntuples_0000.root	33	66	66	False	model2	137	57	1.9877916149258412e-05	1.0284769587087794e-06	0.9999792575836182
ttH_ntuple	/eos/ihep/cms/store/user/coli/datasets/hh4b/inference/ttH_ntuple/selected_ntuples_0000.root	34	128	128	False	model2	137	107	4.3973239588929744e-06	3.422433110245038e-07	0.999995231628418
ttH_ntuple	/eos/ihep/cms/store/user/coli/datasets/hh4b/inference/ttH_ntuple/selected_ntuples_0000.root	35	94	94	False	model2	137	37	0.009860156417516919	0.00224664737470448	0.9878930449485779
ttH_ntuple	/eos/ihep/cms/store/user/coli/datasets/hh4b/inference/ttH_ntuple/selected_ntuples_0000.root	36	40	40	False	model2	137	114	1.7335704061774485e-11	6.6824089664518915e-12	1.0
ttH_ntuple	/eos/ihep/cms/store/user/coli/datasets/hh4b/inference/ttH_ntuple/selected_ntuples_0000.root	37	131	131	False	model2	137	80	0.6018899828777649	0.005699058994650841	0.39241090416908264
ttH_ntuple	/eos/ihep/cms/store/user/coli/datasets/hh4b/inference/ttH_ntuple/selected_ntuples_0000.root	38	104	104	False	model2	137	131	0.9013729019596894	0.017530908808112144	0.0810961052775383
ttH_ntuple	/eos/ihep/cms/store/user/coli/datasets/hh4b/inference/ttH_ntuple/selected_ntuples_0000.root	39	116	116	False	model2	137	68	0.09839930836687927	0.0013354055117815733	0.9002652764320374
ttH_ntuple	/eos/ihep/cms/store/user/coli/datasets/hh4b/inference/ttH_ntuple/selected_ntuples_0000.root	40	161	161	False	model2	136	74	0.9237623497138543	0.0728471502661705	0.0033905012533068657
ttH_ntuple	/eos/ihep/cms/store/user/coli/datasets/hh4b/inference/ttH_ntuple/selected_ntuples_0000.root	41	142	142	False	model2	137	131	0.22276590022920573	0.18166911602020264	0.5955650210380554
ttH_ntuple	/eos/ihep/cms/store/user/coli/datasets/hh4b/inference/ttH_ntuple/selected_ntuples_0000.root	42	131	131	False	model2	137	132	0.005421291064475753	0.004295096267014742	0.9902835488319397
ttH_ntuple	/eos/ihep/cms/store/user/coli/datasets/hh4b/inference/ttH_ntuple/selected_ntuples_0000.root	43	152	152	False	model2	137	90	0.39585935647482984	0.24412722885608673	0.3600134253501892
ttH_ntuple	/eos/ihep/cms/store/user/coli/datasets/hh4b/inference/ttH_ntuple/selected_ntuples_0000.root	44	198	198	False	model2	137	39	0.008752434303232803	0.010230420157313347	0.9810171723365784
ttH_ntuple	/eos/ihep/cms/store/user/coli/datasets/hh4b/inference/ttH_ntuple/selected_ntuples_0000.root	45	155	155	False	model2	137	114	5.590897683583339e-09	7.509369515101838e-11	1.0
ttH_ntuple	/eos/ihep/cms/store/user/coli/datasets/hh4b/inference/ttH_ntuple/selected_ntuples_0000.root	46	106	106	False	model2	137	114	1.16391048139688e-08	1.718522657512267e-09	1.0
ttH_ntuple	/eos/ihep/cms/store/user/coli/datasets/hh4b/inference/ttH_ntuple/selected_ntuples_0000.root	47	111	111	False	model2	137	134	0.15693842280643366	0.32842305302619934	0.5146385431289673
ttH_ntuple	/eos/ihep/cms/store/user/coli/datasets/hh4b/inference/ttH_ntuple/selected_ntuples_0000.root	48	94	94	False	model2	137	114	2.0915085941865634e-09	2.56269089282668e-10	1.0
ttH_ntuple	/eos/ihep/cms/store/user/coli/datasets/hh4b/inference/ttH_ntuple/selected_ntuples_0000.root	49	157	157	False	model2	137	69	0.040216389475517644	0.011261969804763794	0.9485216736793518
ttH_ntuple	/eos/ihep/cms/store/user/coli/datasets/hh4b/inference/ttH_ntuple/selected_ntuples_0000.root	50	96	96	False	model2	56	56	0.9902245001467236	0.008611135184764862	0.0011643266770988703
ttH_ntuple	/eos/ihep/cms/store/user/coli/datasets/hh4b/inference/ttH_ntuple/selected_ntuples_0000.root	51	204	204	False	model2	137	125	4.8084997942732135e-06	3.917808655273802e-08	0.9999951124191284
ttH_ntuple	/eos/ihep/cms/store/user/coli/datasets/hh4b/inference/ttH_ntuple/selected_ntuples_0000.root	52	158	158	False	model2	137	12	2.8841888910502433e-06	4.735953552881256e-06	0.9999922513961792
ttH_ntuple	/eos/ihep/cms/store/user/coli/datasets/hh4b/inference/ttH_ntuple/selected_ntuples_0000.root	53	135	135	False	model2	137	57	0.001045258781125824	0.0015694050816819072	0.9973853230476379
ttH_ntuple	/eos/ihep/cms/store/user/coli/datasets/hh4b/inference/ttH_ntuple/selected_ntuples_0000.root	54	160	160	False	model2	137	131	0.581029798632585	0.1240500882267952	0.29492008686065674
ttH_ntuple	/eos/ihep/cms/store/user/coli/datasets/hh4b/inference/ttH_ntuple/selected_ntuples_0000.root	55	99	99	False	model2	137	107	0.0062227575482544095	5.77742830500938e-05	0.9937194585800171
ttH_ntuple	/eos/ihep/cms/store/user/coli/datasets/hh4b/inference/ttH_ntuple/selected_ntuples_0000.root	56	112	112	False	model2	137	118	0.5177888711768901	0.04024394601583481	0.4419671893119812
ttH_ntuple	/eos/ihep/cms/store/user/coli/datasets/hh4b/inference/ttH_ntuple/selected_ntuples_0000.root	57	207	207	False	model2	137	15	0.8202848712135165	0.002239326946437359	0.17747578024864197
ttH_ntuple	/eos/ihep/cms/store/user/coli/datasets/hh4b/inference/ttH_ntuple/selected_ntuples_0000.root	58	135	135	False	model2	137	134	1.3494118469681293e-05	3.3906721341736556e-07	0.9999862909317017
ttH_ntuple	/eos/ihep/cms/store/user/coli/datasets/hh4b/inference/ttH_ntuple/selected_ntuples_0000.root	59	185	185	False	model2	137	131	0.17436415038810082	0.04380331560969353	0.7818325757980347
ttH_ntuple	/eos/ihep/cms/store/user/coli/datasets/hh4b/inference/ttH_ntuple/selected_ntuples_0000.root	60	121	121	False	model2	136	57	0.04736118439359416	0.8580310940742493	0.09460772573947906
ttH_ntuple	/eos/ihep/cms/store/user/coli/datasets/hh4b/inference/ttH_ntuple/selected_ntuples_0000.root	61	177	177	False	model2	137	44	0.061866465865421105	0.03184095770120621	0.9062926173210144
ttH_ntuple	/eos/ihep/cms/store/user/coli/datasets/hh4b/inference/ttH_ntuple/selected_ntuples_0000.root	62	84	84	False	model2	137	54	0.005541104144968223	4.7493285819655284e-05	0.9944114089012146
ttH_ntuple	/eos/ihep/cms/store/user/coli/datasets/hh4b/inference/ttH_ntuple/selected_ntuples_0000.root	63	147	147	False	model2	137	114	3.307381052300852e-07	4.240731854565638e-08	0.9999996423721313
ttH_ntuple	/eos/ihep/cms/store/user/coli/datasets/hh4b/inference/ttH_ntuple/selected_ntuples_0000.root	64	93	93	False	model2	137	71	0.0013441193682783847	0.00021466746693477035	0.9984412789344788
ttH_ntuple	/eos/ihep/cms/store/user/coli/datasets/hh4b/inference/ttH_ntuple/selected_ntuples_0000.root	65	116	116	False	model2	137	114	9.390120198875286e-10	2.119246618470516e-11	1.0
ttH_ntuple	/eos/ihep/cms/store/user/coli/datasets/hh4b/inference/ttH_ntuple/selected_ntuples_0000.root	66	224	224	False	model2	46	46	0.9681378240456979	0.019405391067266464	0.012456793338060379
ttH_ntuple	/eos/ihep/cms/store/user/coli/datasets/hh4b/inference/ttH_ntuple/selected_ntuples_0000.root	67	92	92	False	model2	136	74	0.9136437544336218	0.07892096787691116	0.007435319013893604
ttH_ntuple	/eos/ihep/cms/store/user/coli/datasets/hh4b/inference/ttH_ntuple/selected_ntuples_0000.root	68	138	138	False	model2	137	131	0.09240758248546399	0.0008435348863713443	0.90674889087677
ttH_ntuple	/eos/ihep/cms/store/user/coli/datasets/hh4b/inference/ttH_ntuple/selected_ntuples_0000.root	69	161	161	False	model2	137	129	6.912165753055247e-07	3.6748936338426574e-08	0.9999992847442627
ttH_ntuple	/eos/ihep/cms/store/user/coli/datasets/hh4b/inference/ttH_ntuple/selected_ntuples_0000.root	70	119	119	False	model2	136	127	0.4021508964142413	0.5586281418800354	0.039221037179231644
ttH_ntuple	/eos/ihep/cms/store/user/coli/datasets/hh4b/inference/ttH_ntuple/selected_ntuples_0000.root	71	63	63	False	model2	137	114	8.656485078460177e-12	1.3240087195012795e-12	1.0
ttH_ntuple	/eos/ihep/cms/store/user/coli/datasets/hh4b/inference/ttH_ntuple/selected_ntuples_0000.root	72	158	158	False	model2	136	8	0.8451518853004245	0.08891947567462921	0.06592860072851181
ttH_ntuple	/eos/ihep/cms/store/user/coli/datasets/hh4b/inference/ttH_ntuple/selected_ntuples_0000.root	73	166	166	False	model2	137	22	0.884946782127372	0.004267471376806498	0.1107858419418335
ttH_ntuple	/eos/ihep/cms/store/user/coli/datasets/hh4b/inference/ttH_ntuple/selected_ntuples_0000.root	74	102	102	False	model2	137	114	3.499921255623324e-12	1.67776220433985e-13	1.0
ttH_ntuple	/eos/ihep/cms/store/user/coli/datasets/hh4b/inference/ttH_ntuple/selected_ntuples_0000.root	75	198	198	False	model2	137	118	0.03982536427758987	0.19528767466545105	0.7648869752883911
ttH_ntuple	/eos/ihep/cms/store/user/coli/datasets/hh4b/inference/ttH_ntuple/selected_ntuples_0000.root	76	112	112	False	model2	137	69	0.022539597238960596	0.000338923156959936	0.9771214127540588
ttH_ntuple	/eos/ihep/cms/store/user/coli/datasets/hh4b/inference/ttH_ntuple/selected_ntuples_0000.root	77	158	158	False	model2	137	76	0.8071768471511405	0.08833716064691544	0.10448604822158813
ttH_ntuple	/eos/ihep/cms/store/user/coli/datasets/hh4b/inference/ttH_ntuple/selected_ntuples_0000.root	78	93	93	False	model2	137	114	5.889663898022623e-12	1.4613877599364833e-12	1.0
ttH_ntuple	/eos/ihep/cms/store/user/coli/datasets/hh4b/inference/ttH_ntuple/selected_ntuples_0000.root	79	103	103	False	model2	137	127	0.0001040155980980284	5.936061643296853e-05	0.9998365640640259
ttH_ntuple	/eos/ihep/cms/store/user/coli/datasets/hh4b/inference/ttH_ntuple/selected_ntuples_0000.root	80	219	219	False	model2	137	15	0.010318355139133928	0.0031334972009062767	0.9865480065345764
ttH_ntuple	/eos/ihep/cms/store/user/coli/datasets/hh4b/inference/ttH_ntuple/selected_ntuples_0000.root	81	78	78	False	model2	137	114	6.819355693633428e-10	5.5665954484807045e-11	1.0
ttH_ntuple	/eos/ihep/cms/store/user/coli/datasets/hh4b/inference/ttH_ntuple/selected_ntuples_0000.root	82	180	180	False	model2	137	92	0.0011093568947083687	2.4837760065565817e-05	0.9988658428192139
ttH_ntuple	/eos/ihep/cms/store/user/coli/datasets/hh4b/inference/ttH_ntuple/selected_ntuples_0000.root	83	228	228	False	model2	137	134	0.0010813045032319057	1.2479716815505526e-06	0.9989174604415894
ttH_ntuple	/eos/ihep/cms/store/user/coli/datasets/hh4b/inference/ttH_ntuple/selected_ntuples_0000.root	84	123	123	False	model2	137	37	0.00021750544647453074	4.292129744953854e-07	0.9997820258140564
ttH_ntuple	/eos/ihep/cms/store/user/coli/datasets/hh4b/inference/ttH_ntuple/selected_ntuples_0000.root	85	58	58	False	model2	137	114	1.0337403987620935e-10	3.566963781634347e-12	1.0
ttH_ntuple	/eos/ihep/cms/store/user/coli/datasets/hh4b/inference/ttH_ntuple/selected_ntuples_0000.root	86	122	122	False	model2	137	101	0.7133271876473373	0.05105682834982872	0.23561599850654602
ttH_ntuple	/eos/ihep/cms/store/user/coli/datasets/hh4b/inference/ttH_ntuple/selected_ntuples_0000.root	87	142	142	False	model2	136	69	0.9465481725055724	0.04983217641711235	0.0036197262816131115
ttH_ntuple	/eos/ihep/cms/store/user/coli/datasets/hh4b/inference/ttH_ntuple/selected_ntuples_0000.root	88	104	104	False	model2	137	114	9.839094653658816e-11	7.154769832151686e-11	1.0
ttH_ntuple	/eos/ihep/cms/store/user/coli/datasets/hh4b/inference/ttH_ntuple/selected_ntuples_0000.root	89	126	126	False	model2	137	131	5.8659075071972044e-05	0.00014454001211561263	0.9997969269752502
ttH_ntuple	/eos/ihep/cms/store/user/coli/datasets/hh4b/inference/ttH_ntuple/selected_ntuples_0000.root	90	123	123	False	model2	137	114	6.206056723414947e-07	2.4487781047355384e-07	0.9999990463256836
ttH_ntuple	/eos/ihep/cms/store/user/coli/datasets/hh4b/inference/ttH_ntuple/selected_ntuples_0000.root	91	141	141	False	model2	137	127	0.00024388817250642347	1.783998595783487e-05	0.9997382760047913
ttH_ntuple	/eos/ihep/cms/store/user/coli/datasets/hh4b/inference/ttH_ntuple/selected_ntuples_0000.root	92	206	206	False	model2	136	107	0.6733956482814847	0.2040051817893982	0.12259922176599503
ttH_ntuple	/eos/ihep/cms/store/user/coli/datasets/hh4b/inference/ttH_ntuple/selected_ntuples_0000.root	93	103	103	False	model2	137	131	5.0236663746666514e-05	5.930352244831738e-07	0.9999492168426514
ttH_ntuple	/eos/ihep/cms/store/user/coli/datasets/hh4b/inference/ttH_ntuple/selected_ntuples_0000.root	94	79	79	False	model2	137	111	0.18468357444183425	0.00019812709069810808	0.8151182532310486
ttH_ntuple	/eos/ihep/cms/store/user/coli/datasets/hh4b/inference/ttH_ntuple/selected_ntuples_0000.root	95	132	132	False	model2	137	134	0.6419574980712923	0.03523138910531998	0.322811096906662
ttH_ntuple	/eos/ihep/cms/store/user/coli/datasets/hh4b/inference/ttH_ntuple/selected_ntuples_0000.root	96	158	158	False	model2	137	114	0.9686858919303631	0.007202314678579569	0.02411186508834362
ttH_ntuple	/eos/ihep/cms/store/user/coli/datasets/hh4b/inference/ttH_ntuple/selected_ntuples_0000.root	97	103	103	False	model2	137	69	6.595809592004759e-05	1.2423524822224863e-05	0.9999215602874756
ttH_ntuple	/eos/ihep/cms/store/user/coli/datasets/hh4b/inference/ttH_ntuple/selected_ntuples_0000.root	98	186	186	False	model2	134	134	0.9317200526550096	0.03573328256607056	0.03254668414592743
ttH_ntuple	/eos/ihep/cms/store/user/coli/datasets/hh4b/inference/ttH_ntuple/selected_ntuples_0000.root	99	131	131	False	model2	137	134	0.0051375900545309605	0.025184331461787224	0.9696780443191528
ttH_ntuple	/eos/ihep/cms/store/user/coli/datasets/hh4b/inference/ttH_ntuple/selected_ntuples_0000.root	100	97	97	False	model2	137	114	1.3790645882661206e-10	6.3266809326167905e-12	1.0
ttH_ntuple	/eos/ihep/cms/store/user/coli/datasets/hh4b/inference/ttH_ntuple/selected_ntuples_0000.root	101	221	221	False	model2	136	22	0.8100409456674242	0.1273927390575409	0.06256632506847382
ttH_ntuple	/eos/ihep/cms/store/user/coli/datasets/hh4b/inference/ttH_ntuple/selected_ntuples_0000.root	102	156	156	False	model2	137	134	0.0013358395545299828	0.00014289589307736605	0.9985212683677673
ttH_ntuple	/eos/ihep/cms/store/user/coli/datasets/hh4b/inference/ttH_ntuple/selected_ntuples_0000.root	103	119	119	False	model2	137	109	0.08643881557295074	0.00024832619237713516	0.9133128523826599
ttH_ntuple	/eos/ihep/cms/store/user/coli/datasets/hh4b/inference/ttH_ntuple/selected_ntuples_0000.root	104	249	249	False	model2	137	44	0.15707410255259902	0.014135862700641155	0.8287900686264038
ttH_ntuple	/eos/ihep/cms/store/user/coli/datasets/hh4b/inference/ttH_ntuple/selected_ntuples_0000.root	105	98	98	False	model2	137	107	1.381626511083242e-05	5.503151896846248e-06	0.9999808073043823
ttH_ntuple	/eos/ihep/cms/store/user/coli/datasets/hh4b/inference/ttH_ntuple/selected_ntuples_0000.root	106	152	152	False	model2	137	107	3.0340565263842255e-06	4.748983073454838e-08	0.9999969005584717
ttH_ntuple	/eos/ihep/cms/store/user/coli/datasets/hh4b/inference/ttH_ntuple/selected_ntuples_0000.root	107	144	144	False	model2	137	134	0.5249030109188197	0.015166914090514183	0.45993003249168396
ttH_ntuple	/eos/ihep/cms/store/user/coli/datasets/hh4b/inference/ttH_ntuple/selected_ntuples_0000.root	108	129	129	False	model2	137	134	8.06513212525976e-07	2.9596371575735247e-08	0.9999991655349731
ttH_ntuple	/eos/ihep/cms/store/user/coli/datasets/hh4b/inference/ttH_ntuple/selected_ntuples_0000.root	109	183	183	False	model2	137	120	0.9098510986129043	0.0005836485070176423	0.0895652249455452
ttH_ntuple	/eos/ihep/cms/store/user/coli/datasets/hh4b/inference/ttH_ntuple/selected_ntuples_0000.root	110	107	107	False	model2	137	114	6.057210284212358e-12	1.0957570571387687e-12	1.0
ttH_ntuple	/eos/ihep/cms/store/user/coli/datasets/hh4b/inference/ttH_ntuple/selected_ntuples_0000.root	111	97	97	False	model2	137	117	0.0016912686893100215	2.0588502593454905e-05	0.998288094997406
ttH_ntuple	/eos/ihep/cms/store/user/coli/datasets/hh4b/inference/ttH_ntuple/selected_ntuples_0000.root	112	139	139	False	model2	137	131	1.770898573477675e-05	1.4740026927029248e-05	0.9999674558639526
ttH_ntuple	/eos/ihep/cms/store/user/coli/datasets/hh4b/inference/ttH_ntuple/selected_ntuples_0000.root	113	103	103	False	model2	137	134	6.114210504296188e-05	9.512625069874048e-07	0.999937891960144
ttH_ntuple	/eos/ihep/cms/store/user/coli/datasets/hh4b/inference/ttH_ntuple/selected_ntuples_0000.root	114	156	156	False	model2	134	134	0.9844722378475126	0.0067771379835903645	0.0087505541741848
ttH_ntuple	/eos/ihep/cms/store/user/coli/datasets/hh4b/inference/ttH_ntuple/selected_ntuples_0000.root	115	217	217	False	model2	137	134	0.009121371567630376	4.5811197196599096e-05	0.9908327460289001
ttH_ntuple	/eos/ihep/cms/store/user/coli/datasets/hh4b/inference/ttH_ntuple/selected_ntuples_0000.root	116	115	115	False	model2	137	134	0.04244413744299891	0.04811509698629379	0.9094406962394714
ttH_ntuple	/eos/ihep/cms/store/user/coli/datasets/hh4b/inference/ttH_ntuple/selected_ntuples_0000.root	117	42	42	False	model2	137	114	1.775238419578632e-11	4.609569019889403e-13	1.0
ttH_ntuple	/eos/ihep/cms/store/user/coli/datasets/hh4b/inference/ttH_ntuple/selected_ntuples_0000.root	118	97	97	False	model2	137	113	0.0019985664345853194	1.661028477428772e-06	0.9979997277259827
ttH_ntuple	/eos/ihep/cms/store/user/coli/datasets/hh4b/inference/ttH_ntuple/selected_ntuples_0000.root	119	108	108	False	model2	137	114	5.655999403240963e-06	2.505323891455191e-06	0.999991774559021
ttH_ntuple	/eos/ihep/cms/store/user/coli/datasets/hh4b/inference/ttH_ntuple/selected_ntuples_0000.root	120	129	129	False	model2	137	56	8.325206584064437e-05	2.735743510129396e-05	0.9998893737792969
ttH_ntuple	/eos/ihep/cms/store/user/coli/datasets/hh4b/inference/ttH_ntuple/selected_ntuples_0000.root	121	191	191	False	model2	136	123	0.009633787209281763	0.7027285099029541	0.2876376807689667
ttH_ntuple	/eos/ihep/cms/store/user/coli/datasets/hh4b/inference/ttH_ntuple/selected_ntuples_0000.root	122	106	106	False	model2	137	134	3.967577489693024e-09	5.927735385879984e-11	1.0
ttH_ntuple	/eos/ihep/cms/store/user/coli/datasets/hh4b/inference/ttH_ntuple/selected_ntuples_0000.root	123	252	252	False	model2	95	95	0.9943112746672114	0.0036594639532268047	0.002029277617111802
ttH_ntuple	/eos/ihep/cms/store/user/coli/datasets/hh4b/inference/ttH_ntuple/selected_ntuples_0000.root	124	220	220	False	model2	137	92	0.27296821092022583	0.31084057688713074	0.41619113087654114
ttH_ntuple	/eos/ihep/cms/store/user/coli/datasets/hh4b/inference/ttH_ntuple/selected_ntuples_0000.root	125	200	200	False	model2	137	122	0.049082481033451586	0.0013086191611364484	0.9496088624000549
ttH_ntuple	/eos/ihep/cms/store/user/coli/datasets/hh4b/inference/ttH_ntuple/selected_ntuples_0000.root	126	122	122	False	model2	137	134	2.4808258580271206e-05	6.960079190321267e-06	0.9999682903289795
ttH_ntuple	/eos/ihep/cms/store/user/coli/datasets/hh4b/inference/ttH_ntuple/selected_ntuples_0000.root	127	152	152	False	model2	137	114	1.2252001886275269e-08	2.64463451138397e-10	1.0
ttH_ntuple	/eos/ihep/cms/store/user/coli/datasets/hh4b/inference/ttH_ntuple/selected_ntuples_0000.root	128	144	144	False	model2	137	55	1.60786798660828e-05	1.0868599247260136e-06	0.9999828338623047
ttH_ntuple	/eos/ihep/cms/store/user/coli/datasets/hh4b/inference/ttH_ntuple/selected_ntuples_0000.root	129	149	149	False	model2	137	125	0.10333614107889844	0.009706411510705948	0.8869574666023254
ttH_ntuple	/eos/ihep/cms/store/user/coli/datasets/hh4b/inference/ttH_ntuple/selected_ntuples_0000.root	130	190	190	False	model2	137	134	0.22325084408007	0.0027054522652179003	0.7740436792373657
ttH_ntuple	/eos/ihep/cms/store/user/coli/datasets/hh4b/inference/ttH_ntuple/selected_ntuples_0000.root	131	191	191	False	model2	101	101	0.9934356590529205	0.001985267736017704	0.004579060710966587
ttH_ntuple	/eos/ihep/cms/store/user/coli/datasets/hh4b/inference/ttH_ntuple/selected_ntuples_0000.root	132	100	100	False	model2	137	131	0.004642639937157078	0.0002824350376613438	0.9950749278068542
ttH_ntuple	/eos/ihep/cms/store/user/coli/datasets/hh4b/inference/ttH_ntuple/selected_ntuples_0000.root	133	101	101	False	model2	137	92	0.006499982067808219	6.897418643347919e-05	0.9934311509132385
ttH_ntuple	/eos/ihep/cms/store/user/coli/datasets/hh4b/inference/ttH_ntuple/selected_ntuples_0000.root	134	161	161	False	model2	137	15	0.0008528563612166806	1.756855272105895e-05	0.999129593372345
ttH_ntuple	/eos/ihep/cms/store/user/coli/datasets/hh4b/inference/ttH_ntuple/selected_ntuples_0000.root	135	143	143	False	model2	137	80	0.0005742132751564988	2.4625667720101774e-05	0.9994010925292969
ttH_ntuple	/eos/ihep/cms/store/user/coli/datasets/hh4b/inference/ttH_ntuple/selected_ntuples_0000.root	136	135	135	False	model2	136	65	0.8054675102134752	0.12608285248279572	0.06844967603683472
ttH_ntuple	/eos/ihep/cms/store/user/coli/datasets/hh4b/inference/ttH_ntuple/selected_ntuples_0000.root	137	104	104	False	model2	137	131	0.00032163166920007313	9.260671504307538e-06	0.9996691942214966
ttH_ntuple	/eos/ihep/cms/store/user/coli/datasets/hh4b/inference/ttH_ntuple/selected_ntuples_0000.root	138	209	209	False	model2	137	15	0.0008294390309799837	2.5977782570407726e-05	0.9991445541381836
ttH_ntuple	/eos/ihep/cms/store/user/coli/datasets/hh4b/inference/ttH_ntuple/selected_ntuples_0000.root	139	118	118	False	model2	137	114	2.2552428248852794e-09	2.8143185004658733e-10	1.0
ttH_ntuple	/eos/ihep/cms/store/user/coli/datasets/hh4b/inference/ttH_ntuple/selected_ntuples_0000.root	140	156	156	False	model2	137	129	0.00022814966222534094	3.9348506106762215e-05	0.9997325539588928
ttH_ntuple	/eos/ihep/cms/store/user/coli/datasets/hh4b/inference/ttH_ntuple/selected_ntuples_0000.root	141	187	187	False	model2	137	107	0.5962667241630015	0.004633352626115084	0.3990999758243561
ttH_ntuple	/eos/ihep/cms/store/user/coli/datasets/hh4b/inference/ttH_ntuple/selected_ntuples_0000.root	142	136	136	False	model2	137	109	0.22249748132071545	0.0338192880153656	0.7436831593513489
ttH_ntuple	/eos/ihep/cms/store/user/coli/datasets/hh4b/inference/ttH_ntuple/selected_ntuples_0000.root	143	89	89	False	model2	137	134	2.4085400825227254e-06	1.1457248660917685e-07	0.9999974966049194
ttH_ntuple	/eos/ihep/cms/store/user/coli/datasets/hh4b/inference/ttH_ntuple/selected_ntuples_0000.root	144	245	245	False	model2	137	90	0.8685939122515265	0.05608449503779411	0.07532158493995667
ttH_ntuple	/eos/ihep/cms/store/user/coli/datasets/hh4b/inference/ttH_ntuple/selected_ntuples_0000.root	145	106	106	False	model2	137	131	9.833332463371827e-07	2.919624364494666e-07	0.9999986886978149
ttH_ntuple	/eos/ihep/cms/store/user/coli/datasets/hh4b/inference/ttH_ntuple/selected_ntuples_0000.root	146	115	115	False	model2	137	131	0.013823973607628659	0.022565562278032303	0.9636104702949524
ttH_ntuple	/eos/ihep/cms/store/user/coli/datasets/hh4b/inference/ttH_ntuple/selected_ntuples_0000.root	147	138	138	False	model2	137	42	0.3223111079842056	0.009222772903740406	0.6684660911560059
ttH_ntuple	/eos/ihep/cms/store/user/coli/datasets/hh4b/inference/ttH_ntuple/selected_ntuples_0000.root	148	144	144	False	model2	125	125	0.9187921168440418	0.03823927417397499	0.04296865314245224
ttH_ntuple	/eos/ihep/cms/store/user/coli/datasets/hh4b/inference/ttH_ntuple/selected_ntuples_0000.root	149	204	204	False	model2	137	132	0.8076270593669506	0.03411075845360756	0.158262237906456
ttH_ntuple	/eos/ihep/cms/store/user/coli/datasets/hh4b/inference/ttH_ntuple/selected_ntuples_0000.root	150	119	119	False	model2	137	107	0.00317961052229343	1.574504676682409e-05	0.9968045949935913
ttH_ntuple	/eos/ihep/cms/store/user/coli/datasets/hh4b/inference/ttH_ntuple/selected_ntuples_0000.root	151	111	111	False	model2	137	114	9.869047850427766e-11	2.9925353861592896e-11	1.0
ttH_ntuple	/eos/ihep/cms/store/user/coli/datasets/hh4b/inference/ttH_ntuple/selected_ntuples_0000.root	152	735	256	True	model2	107	107	0.9882807055885223	0.004239642061293125	0.007479643914848566
ttH_ntuple	/eos/ihep/cms/store/user/coli/datasets/hh4b/inference/ttH_ntuple/selected_ntuples_0000.root	153	100	100	False	model2	136	125	0.5944586862210599	0.24442920088768005	0.16111205518245697
ttH_ntuple	/eos/ihep/cms/store/user/coli/datasets/hh4b/inference/ttH_ntuple/selected_ntuples_0000.root	154	172	172	False	model2	137	131	0.09464243184720544	0.03409343212842941	0.8712641596794128
ttH_ntuple	/eos/ihep/cms/store/user/coli/datasets/hh4b/inference/ttH_ntuple/selected_ntuples_0000.root	155	184	184	False	model2	137	134	1.1473532488388144e-05	3.2039129109762143e-06	0.9999853372573853
ttH_ntuple	/eos/ihep/cms/store/user/coli/datasets/hh4b/inference/ttH_ntuple/selected_ntuples_0000.root	156	169	169	False	model2	64	64	0.9954668805659992	0.004120644181966782	0.00041251120273955166
ttH_ntuple	/eos/ihep/cms/store/user/coli/datasets/hh4b/inference/ttH_ntuple/selected_ntuples_0000.root	157	68	68	False	model2	137	114	8.128151739903704e-10	1.824832472629989e-11	1.0
ttH_ntuple	/eos/ihep/cms/store/user/coli/datasets/hh4b/inference/ttH_ntuple/selected_ntuples_0000.root	158	168	168	False	model2	137	134	0.02055016318851699	0.032203059643507004	0.947246789932251
ttH_ntuple	/eos/ihep/cms/store/user/coli/datasets/hh4b/inference/ttH_ntuple/selected_ntuples_0000.root	159	193	193	False	model2	137	57	0.02611741341927143	0.0006485098274424672	0.9732339382171631
ttH_ntuple	/eos/ihep/cms/store/user/coli/datasets/hh4b/inference/ttH_ntuple/selected_ntuples_0000.root	160	167	167	False	model2	137	30	0.01623083601612052	0.027624955400824547	0.9561442136764526
ttH_ntuple	/eos/ihep/cms/store/user/coli/datasets/hh4b/inference/ttH_ntuple/selected_ntuples_0000.root	161	120	120	False	model2	137	90	0.0036054629070454425	0.0011810068972408772	0.995213508605957
ttH_ntuple	/eos/ihep/cms/store/user/coli/datasets/hh4b/inference/ttH_ntuple/selected_ntuples_0000.root	162	161	161	False	model2	137	134	3.6915699796940334e-07	2.0520769083987034e-08	0.9999996423721313
ttH_ntuple	/eos/ihep/cms/store/user/coli/datasets/hh4b/inference/ttH_ntuple/selected_ntuples_0000.root	163	64	64	False	model2	137	114	3.291024269762378e-12	5.621560617181942e-13	1.0
ttH_ntuple	/eos/ihep/cms/store/user/coli/datasets/hh4b/inference/ttH_ntuple/selected_ntuples_0000.root	164	174	174	False	model2	136	120	0.2586844576380827	0.7211053371429443	0.020210199058055878
ttH_ntuple	/eos/ihep/cms/store/user/coli/datasets/hh4b/inference/ttH_ntuple/selected_ntuples_0000.root	165	142	142	False	model2	137	109	0.020159220008736156	0.09158819168806076	0.8882526159286499
ttH_ntuple	/eos/ihep/cms/store/user/coli/datasets/hh4b/inference/ttH_ntuple/selected_ntuples_0000.root	166	183	183	False	model2	137	96	0.9373923034791005	0.011940390802919865	0.05066731199622154
ttH_ntuple	/eos/ihep/cms/store/user/coli/datasets/hh4b/inference/ttH_ntuple/selected_ntuples_0000.root	167	185	185	False	model2	137	92	0.011926807426798192	0.0007932898588478565	0.9872798919677734
ttH_ntuple	/eos/ihep/cms/store/user/coli/datasets/hh4b/inference/ttH_ntuple/selected_ntuples_0000.root	168	57	57	False	model2	137	113	0.9143884235081714	0.010802180506289005	0.07480940222740173
ttH_ntuple	/eos/ihep/cms/store/user/coli/datasets/hh4b/inference/ttH_ntuple/selected_ntuples_0000.root	169	196	196	False	model2	137	109	0.12739597132167546	0.08441265672445297	0.7881913781166077
ttH_ntuple	/eos/ihep/cms/store/user/coli/datasets/hh4b/inference/ttH_ntuple/selected_ntuples_0000.root	170	94	94	False	model2	112	112	0.9807796262502961	0.009282787330448627	0.009937611408531666
ttH_ntuple	/eos/ihep/cms/store/user/coli/datasets/hh4b/inference/ttH_ntuple/selected_ntuples_0000.root	171	118	118	False	model2	136	107	0.04354293958760991	0.8249561786651611	0.13150089979171753
ttH_ntuple	/eos/ihep/cms/store/user/coli/datasets/hh4b/inference/ttH_ntuple/selected_ntuples_0000.root	172	106	106	False	model2	62	62	0.9956621448699821	0.003885690588504076	0.00045219811727292836
ttH_ntuple	/eos/ihep/cms/store/user/coli/datasets/hh4b/inference/ttH_ntuple/selected_ntuples_0000.root	173	192	192	False	model2	137	99	0.0009493267758774113	2.5409310637769522e-06	0.9990480542182922
ttH_ntuple	/eos/ihep/cms/store/user/coli/datasets/hh4b/inference/ttH_ntuple/selected_ntuples_0000.root	174	112	112	False	model2	137	114	1.240603825600386e-10	1.262776341826033e-11	1.0
ttH_ntuple	/eos/ihep/cms/store/user/coli/datasets/hh4b/inference/ttH_ntuple/selected_ntuples_0000.root	175	170	170	False	model2	137	117	0.0002033785938062027	0.0011405427940189838	0.9986560344696045
ttH_ntuple	/eos/ihep/cms/store/user/coli/datasets/hh4b/inference/ttH_ntuple/selected_ntuples_0000.root	176	186	186	False	model2	137	96	0.0873036665157656	0.02102159522473812	0.8916747570037842
ttH_ntuple	/eos/ihep/cms/store/user/coli/datasets/hh4b/inference/ttH_ntuple/selected_ntuples_0000.root	177	92	92	False	model2	137	114	1.843148763271649e-11	9.77326618072094e-13	1.0
ttH_ntuple	/eos/ihep/cms/store/user/coli/datasets/hh4b/inference/ttH_ntuple/selected_ntuples_0000.root	178	114	114	False	model2	137	132	0.014392390650868947	0.0012164091458544135	0.9843912124633789
ttH_ntuple	/eos/ihep/cms/store/user/coli/datasets/hh4b/inference/ttH_ntuple/selected_ntuples_0000.root	179	79	79	False	model2	137	113	3.156378490679172e-09	2.8204352187088944e-09	1.0
ttH_ntuple	/eos/ihep/cms/store/user/coli/datasets/hh4b/inference/ttH_ntuple/selected_ntuples_0000.root	180	120	120	False	model2	136	106	0.9361113450536322	0.056255802512168884	0.00763288140296936
ttH_ntuple	/eos/ihep/cms/store/user/coli/datasets/hh4b/inference/ttH_ntuple/selected_ntuples_0000.root	181	135	135	False	model2	137	125	0.2001352902866671	0.0006054788245819509	0.7992591857910156
ttH_ntuple	/eos/ihep/cms/store/user/coli/datasets/hh4b/inference/ttH_ntuple/selected_ntuples_0000.root	182	78	78	False	model2	137	8	6.268310825330303e-05	9.552383062327863e-07	0.9999363422393799
ttH_ntuple	/eos/ihep/cms/store/user/coli/datasets/hh4b/inference/ttH_ntuple/selected_ntuples_0000.root	183	117	117	False	model2	137	114	1.4168558378032134e-11	1.2668792881073698e-12	1.0
ttH_ntuple	/eos/ihep/cms/store/user/coli/datasets/hh4b/inference/ttH_ntuple/selected_ntuples_0000.root	184	169	169	False	model2	82	82	0.9844215893308501	0.013489456847310066	0.002088987035676837
ttH_ntuple	/eos/ihep/cms/store/user/coli/datasets/hh4b/inference/ttH_ntuple/selected_ntuples_0000.root	185	164	164	False	model2	137	64	0.0003569996837241643	1.3422903748505632e-06	0.9996416568756104
ttH_ntuple	/eos/ihep/cms/store/user/coli/datasets/hh4b/inference/ttH_ntuple/selected_ntuples_0000.root	186	156	156	False	model2	9	9	0.9645679138939158	0.010943985544145107	0.0244880523532629
ttH_ntuple	/eos/ihep/cms/store/user/coli/datasets/hh4b/inference/ttH_ntuple/selected_ntuples_0000.root	187	178	178	False	model2	137	134	0.041362023754601296	0.24490469694137573	0.7137332558631897
ttH_ntuple	/eos/ihep/cms/store/user/coli/datasets/hh4b/inference/ttH_ntuple/selected_ntuples_0000.root	188	115	115	False	model2	137	99	8.649647709423058e-05	4.0616505430079997e-05	0.9998729228973389
ttH_ntuple	/eos/ihep/cms/store/user/coli/datasets/hh4b/inference/ttH_ntuple/selected_ntuples_0000.root	189	121	121	False	model2	137	60	0.0002945091279520362	8.932462151278742e-06	0.9996966123580933
ttH_ntuple	/eos/ihep/cms/store/user/coli/datasets/hh4b/inference/ttH_ntuple/selected_ntuples_0000.root	190	186	186	False	model2	137	114	0.9045861672259434	0.003386770375072956	0.09202714264392853
ttH_ntuple	/eos/ihep/cms/store/user/coli/datasets/hh4b/inference/ttH_ntuple/selected_ntuples_0000.root	191	168	168	False	model2	132	132	0.9378594357451675	0.03734291344881058	0.024797674268484116
ttH_ntuple	/eos/ihep/cms/store/user/coli/datasets/hh4b/inference/ttH_ntuple/selected_ntuples_0000.root	192	118	118	False	model2	93	93	0.9086190561077956	0.08748847991228104	0.0038925691042095423
ttH_ntuple	/eos/ihep/cms/store/user/coli/datasets/hh4b/inference/ttH_ntuple/selected_ntuples_0000.root	193	116	116	False	model2	137	114	2.485277177200192e-11	3.035661565869985e-12	1.0
ttH_ntuple	/eos/ihep/cms/store/user/coli/datasets/hh4b/inference/ttH_ntuple/selected_ntuples_0000.root	194	163	163	False	model2	137	134	0.9663919070662814	0.016743311658501625	0.016864746809005737
ttH_ntuple	/eos/ihep/cms/store/user/coli/datasets/hh4b/inference/ttH_ntuple/selected_ntuples_0000.root	195	123	123	False	model2	137	109	0.005467511100781586	6.880863656988367e-05	0.9944636225700378
ttH_ntuple	/eos/ihep/cms/store/user/coli/datasets/hh4b/inference/ttH_ntuple/selected_ntuples_0000.root	196	209	209	False	model2	137	109	0.18779082595105479	0.000691983790602535	0.811517059803009
ttH_ntuple	/eos/ihep/cms/store/user/coli/datasets/hh4b/inference/ttH_ntuple/selected_ntuples_0000.root	197	161	161	False	model2	137	55	0.004780528973326703	0.0002843996335286647	0.9949350953102112
ttH_ntuple	/eos/ihep/cms/store/user/coli/datasets/hh4b/inference/ttH_ntuple/selected_ntuples_0000.root	198	137	137	False	model2	137	134	1.1392868282028317e-07	6.011290132335034e-09	1.0
ttH_ntuple	/eos/ihep/cms/store/user/coli/datasets/hh4b/inference/ttH_ntuple/selected_ntuples_0000.root	199	98	98	False	model2	137	131	0.2784510216690137	0.00028385495534166694	0.7212650775909424
ttH_ntuple	/eos/ihep/cms/store/user/coli/datasets/hh4b/inference/ttH_ntuple/selected_ntuples_0000.root	200	174	174	False	model2	137	134	1.1386603763650297e-05	2.8109718641644577e-06	0.999985933303833
ttH_ntuple	/eos/ihep/cms/store/user/coli/datasets/hh4b/inference/ttH_ntuple/selected_ntuples_0000.root	201	102	102	False	model2	137	114	9.291523780970124e-12	3.4434655647730406e-12	1.0
ttH_ntuple	/eos/ihep/cms/store/user/coli/datasets/hh4b/inference/ttH_ntuple/selected_ntuples_0000.root	202	190	190	False	model2	137	109	0.0043497553626536956	5.038313247496262e-05	0.9955997467041016
ttH_ntuple	/eos/ihep/cms/store/user/coli/datasets/hh4b/inference/ttH_ntuple/selected_ntuples_0000.root	203	97	97	False	model2	137	114	6.790529944814679e-09	3.2720134157671055e-08	1.0
ttH_ntuple	/eos/ihep/cms/store/user/coli/datasets/hh4b/inference/ttH_ntuple/selected_ntuples_0000.root	204	160	160	False	model2	137	39	0.0006421462184021953	4.335071537298063e-07	0.9993575215339661
ttH_ntuple	/eos/ihep/cms/store/user/coli/datasets/hh4b/inference/ttH_ntuple/selected_ntuples_0000.root	205	151	151	False	model2	137	15	0.00824020720176577	0.003314313245937228	0.988445520401001
ttH_ntuple	/eos/ihep/cms/store/user/coli/datasets/hh4b/inference/ttH_ntuple/selected_ntuples_0000.root	206	145	145	False	model2	137	113	0.3295949418620694	0.08059526979923248	0.5898097157478333
ttH_ntuple	/eos/ihep/cms/store/user/coli/datasets/hh4b/inference/ttH_ntuple/selected_ntuples_0000.root	207	74	74	False	model2	137	134	3.6679089527938413e-06	2.3812881977391953e-07	0.9999960660934448
ttH_ntuple	/eos/ihep/cms/store/user/coli/datasets/hh4b/inference/ttH_ntuple/selected_ntuples_0000.root	208	115	115	False	model2	137	114	0.0001464921620160653	3.63856197509449e-05	0.9998173117637634
ttH_ntuple	/eos/ihep/cms/store/user/coli/datasets/hh4b/inference/ttH_ntuple/selected_ntuples_0000.root	209	226	226	False	model2	137	134	0.47788781976123573	0.03109474666416645	0.4910174012184143
ttH_ntuple	/eos/ihep/cms/store/user/coli/datasets/hh4b/inference/ttH_ntuple/selected_ntuples_0000.root	210	96	96	False	model2	137	125	0.0005429719759322271	0.0009824841981753707	0.9984745383262634
ttH_ntuple	/eos/ihep/cms/store/user/coli/datasets/hh4b/inference/ttH_ntuple/selected_ntuples_0000.root	211	178	178	False	model2	137	114	0.0009539794024252257	4.868776613875525e-06	0.9990411400794983
ttH_ntuple	/eos/ihep/cms/store/user/coli/datasets/hh4b/inference/ttH_ntuple/selected_ntuples_0000.root	212	72	72	False	model2	137	114	5.3295972784699985e-09	5.429657834454815e-10	1.0
ttH_ntuple	/eos/ihep/cms/store/user/coli/datasets/hh4b/inference/ttH_ntuple/selected_ntuples_0000.root	213	319	256	True	model2	137	30	0.053017326159533695	0.000969168555457145	0.9460134506225586
ttH_ntuple	/eos/ihep/cms/store/user/coli/datasets/hh4b/inference/ttH_ntuple/selected_ntuples_0000.root	214	142	142	False	model2	137	114	2.141724504444075e-08	1.1078910011619314e-09	1.0
ttH_ntuple	/eos/ihep/cms/store/user/coli/datasets/hh4b/inference/ttH_ntuple/selected_ntuples_0000.root	215	180	180	False	model2	137	134	0.10458121876581572	0.3508596122264862	0.5445591807365417
ttH_ntuple	/eos/ihep/cms/store/user/coli/datasets/hh4b/inference/ttH_ntuple/selected_ntuples_0000.root	216	121	121	False	model2	137	128	5.1825437850053224e-05	5.523821073438739e-06	0.9999426603317261
ttH_ntuple	/eos/ihep/cms/store/user/coli/datasets/hh4b/inference/ttH_ntuple/selected_ntuples_0000.root	217	157	157	False	model2	137	69	0.631964209014086	0.036903951317071915	0.3311317265033722
ttH_ntuple	/eos/ihep/cms/store/user/coli/datasets/hh4b/inference/ttH_ntuple/selected_ntuples_0000.root	218	183	183	False	model2	137	131	0.002237703557337767	2.6264677217113785e-05	0.9977360963821411
ttH_ntuple	/eos/ihep/cms/store/user/coli/datasets/hh4b/inference/ttH_ntuple/selected_ntuples_0000.root	219	135	135	False	model2	136	132	0.11011958354902163	0.7140995860099792	0.1757807582616806
ttH_ntuple	/eos/ihep/cms/store/user/coli/datasets/hh4b/inference/ttH_ntuple/selected_ntuples_0000.root	220	151	151	False	model2	137	114	3.5276923102929916e-06	2.1369481828514836e-07	0.9999961853027344
ttH_ntuple	/eos/ihep/cms/store/user/coli/datasets/hh4b/inference/ttH_ntuple/selected_ntuples_0000.root	221	175	175	False	model2	137	109	0.010253232224028519	4.8236619477393106e-05	0.9896984696388245
ttH_ntuple	/eos/ihep/cms/store/user/coli/datasets/hh4b/inference/ttH_ntuple/selected_ntuples_0000.root	222	154	154	False	model2	137	104	0.5943615104373592	0.0015855806414037943	0.40405288338661194
ttH_ntuple	/eos/ihep/cms/store/user/coli/datasets/hh4b/inference/ttH_ntuple/selected_ntuples_0000.root	223	149	149	False	model2	137	92	0.7763799907315843	0.01163197960704565	0.21198804676532745
ttH_ntuple	/eos/ihep/cms/store/user/coli/datasets/hh4b/inference/ttH_ntuple/selected_ntuples_0000.root	224	234	234	False	model2	137	113	0.8788292923527194	0.006376356352120638	0.11479431390762329
ttH_ntuple	/eos/ihep/cms/store/user/coli/datasets/hh4b/inference/ttH_ntuple/selected_ntuples_0000.root	225	113	113	False	model2	137	114	7.546773368481373e-10	3.027095796248602e-10	1.0
ttH_ntuple	/eos/ihep/cms/store/user/coli/datasets/hh4b/inference/ttH_ntuple/selected_ntuples_0000.root	226	140	140	False	model2	137	13	0.0001083752013348871	3.326070100229117e-06	0.9998883008956909
ttH_ntuple	/eos/ihep/cms/store/user/coli/datasets/hh4b/inference/ttH_ntuple/selected_ntuples_0000.root	227	123	123	False	model2	137	114	4.6209291991119615e-08	4.362372241217827e-09	1.0
ttH_ntuple	/eos/ihep/cms/store/user/coli/datasets/hh4b/inference/ttH_ntuple/selected_ntuples_0000.root	228	122	122	False	model2	137	93	0.18107391910200477	0.020310254767537117	0.7986158132553101
ttH_ntuple	/eos/ihep/cms/store/user/coli/datasets/hh4b/inference/ttH_ntuple/selected_ntuples_0000.root	229	138	138	False	model2	136	127	0.5662387107731774	0.35414838790893555	0.07961282134056091
ttH_ntuple	/eos/ihep/cms/store/user/coli/datasets/hh4b/inference/ttH_ntuple/selected_ntuples_0000.root	230	73	73	False	model2	137	80	2.45600146469324e-06	8.370657269551884e-06	0.9999891519546509
ttH_ntuple	/eos/ihep/cms/store/user/coli/datasets/hh4b/inference/ttH_ntuple/selected_ntuples_0000.root	231	188	188	False	model2	137	95	0.5321876902478664	0.002113449154421687	0.46569883823394775
ttH_ntuple	/eos/ihep/cms/store/user/coli/datasets/hh4b/inference/ttH_ntuple/selected_ntuples_0000.root	232	65	65	False	model2	137	99	6.845424875883072e-07	1.087146515033055e-07	0.9999990463256836
ttH_ntuple	/eos/ihep/cms/store/user/coli/datasets/hh4b/inference/ttH_ntuple/selected_ntuples_0000.root	233	134	134	False	model2	137	26	0.6745278609887464	0.09301860630512238	0.23245355486869812
ttH_ntuple	/eos/ihep/cms/store/user/coli/datasets/hh4b/inference/ttH_ntuple/selected_ntuples_0000.root	234	225	225	False	model2	137	134	0.1940445000809632	0.0024839576799422503	0.8034714460372925
ttH_ntuple	/eos/ihep/cms/store/user/coli/datasets/hh4b/inference/ttH_ntuple/selected_ntuples_0000.root	235	205	205	False	model2	137	134	5.147091293206119e-06	1.6534035296444927e-07	0.9999946355819702
ttH_ntuple	/eos/ihep/cms/store/user/coli/datasets/hh4b/inference/ttH_ntuple/selected_ntuples_0000.root	236	180	180	False	model2	137	69	0.04720389439188466	0.00027029687771573663	0.9525259137153625
ttH_ntuple	/eos/ihep/cms/store/user/coli/datasets/hh4b/inference/ttH_ntuple/selected_ntuples_0000.root	237	166	166	False	model2	137	92	0.7119215302010069	0.0005811856244690716	0.28749728202819824
ttH_ntuple	/eos/ihep/cms/store/user/coli/datasets/hh4b/inference/ttH_ntuple/selected_ntuples_0000.root	238	193	193	False	model2	137	89	0.016202593635739504	0.011516690254211426	0.972280740737915
ttH_ntuple	/eos/ihep/cms/store/user/coli/datasets/hh4b/inference/ttH_ntuple/selected_ntuples_0000.root	239	140	140	False	model2	136	132	0.1937372679008149	0.7210497856140137	0.08521288633346558
ttH_ntuple	/eos/ihep/cms/store/user/coli/datasets/hh4b/inference/ttH_ntuple/selected_ntuples_0000.root	240	143	143	False	model2	136	129	0.8197708392544882	0.13876350224018097	0.04146556928753853
ttH_ntuple	/eos/ihep/cms/store/user/coli/datasets/hh4b/inference/ttH_ntuple/selected_ntuples_0000.root	241	90	90	False	model2	137	114	1.646134481862363e-10	3.6112135417404323e-12	1.0
ttH_ntuple	/eos/ihep/cms/store/user/coli/datasets/hh4b/inference/ttH_ntuple/selected_ntuples_0000.root	242	156	156	False	model2	137	99	0.0003878982281949814	1.9167395294061862e-05	0.9995929598808289
ttH_ntuple	/eos/ihep/cms/store/user/coli/datasets/hh4b/inference/ttH_ntuple/selected_ntuples_0000.root	243	51	51	False	model2	137	125	2.3653792955650576e-07	4.8373056671380255e-09	0.9999998807907104
ttH_ntuple	/eos/ihep/cms/store/user/coli/datasets/hh4b/inference/ttH_ntuple/selected_ntuples_0000.root	244	130	130	False	model2	137	114	7.402335573712822e-11	3.29529264118944e-12	1.0
ttH_ntuple	/eos/ihep/cms/store/user/coli/datasets/hh4b/inference/ttH_ntuple/selected_ntuples_0000.root	245	160	160	False	model2	137	132	0.0004997586261188958	0.0076872906647622585	0.991813063621521
ttH_ntuple	/eos/ihep/cms/store/user/coli/datasets/hh4b/inference/ttH_ntuple/selected_ntuples_0000.root	246	163	163	False	model2	136	77	0.4576200206793146	0.5357113480567932	0.006668593268841505
ttH_ntuple	/eos/ihep/cms/store/user/coli/datasets/hh4b/inference/ttH_ntuple/selected_ntuples_0000.root	247	153	153	False	model2	137	134	0.010914915082790966	0.03336257115006447	0.955722451210022
ttH_ntuple	/eos/ihep/cms/store/user/coli/datasets/hh4b/inference/ttH_ntuple/selected_ntuples_0000.root	248	164	164	False	model2	137	15	0.5899738543266722	0.16261377930641174	0.24741235375404358
ttH_ntuple	/eos/ihep/cms/store/user/coli/datasets/hh4b/inference/ttH_ntuple/selected_ntuples_0000.root	249	105	105	False	model2	137	114	3.7085652126948025e-11	3.1698135869590027e-12	1.0
ttH_ntuple	/eos/ihep/cms/store/user/coli/datasets/hh4b/inference/ttH_ntuple/selected_ntuples_0000.root	250	90	90	False	model2	137	101	0.07316221807359113	0.0037509293761104345	0.9230868220329285
ttH_ntuple	/eos/ihep/cms/store/user/coli/datasets/hh4b/inference/ttH_ntuple/selected_ntuples_0000.root	251	245	245	False	model2	137	37	0.7569307456697061	0.0685342401266098	0.17453503608703613
ttH_ntuple	/eos/ihep/cms/store/user/coli/datasets/hh4b/inference/ttH_ntuple/selected_ntuples_0000.root	252	101	101	False	model2	137	125	0.01171377845457755	0.0011861759703606367	0.9871000051498413
ttH_ntuple	/eos/ihep/cms/store/user/coli/datasets/hh4b/inference/ttH_ntuple/selected_ntuples_0000.root	253	101	101	False	model2	137	101	0.057780729640313666	0.001310845254920423	0.9409085512161255
ttH_ntuple	/eos/ihep/cms/store/user/coli/datasets/hh4b/inference/ttH_ntuple/selected_ntuples_0000.root	254	187	187	False	model2	137	109	0.04362889338062814	0.00046301924157887697	0.9559081196784973
ttH_ntuple	/eos/ihep/cms/store/user/coli/datasets/hh4b/inference/ttH_ntuple/selected_ntuples_0000.root	255	133	133	False	model2	136	94	0.14693638703101897	0.6654690504074097	0.18759459257125854
ttH_ntuple	/eos/ihep/cms/store/user/coli/datasets/hh4b/inference/ttH_ntuple/selected_ntuples_0000.root	0	137	137	False	ensemble	137	114	1.4001368636914132e-09	2.783591782999177e-10	1.0
ttH_ntuple	/eos/ihep/cms/store/user/coli/datasets/hh4b/inference/ttH_ntuple/selected_ntuples_0000.root	1	222	222	False	ensemble	137	134	0.7845890158274264	0.0019287477092196543	0.2134822184840838
ttH_ntuple	/eos/ihep/cms/store/user/coli/datasets/hh4b/inference/ttH_ntuple/selected_ntuples_0000.root	2	168	168	False	ensemble	137	63	0.8471457805403588	0.0353070500617226	0.11754719292124112
ttH_ntuple	/eos/ihep/cms/store/user/coli/datasets/hh4b/inference/ttH_ntuple/selected_ntuples_0000.root	3	186	186	False	ensemble	137	134	0.04345621496717793	0.02163501735776663	0.9349087675412496
ttH_ntuple	/eos/ihep/cms/store/user/coli/datasets/hh4b/inference/ttH_ntuple/selected_ntuples_0000.root	4	70	70	False	ensemble	137	114	1.6646428326624697e-12	1.3765385469864018e-13	1.0
ttH_ntuple	/eos/ihep/cms/store/user/coli/datasets/hh4b/inference/ttH_ntuple/selected_ntuples_0000.root	5	154	154	False	ensemble	137	99	0.8990000124807314	0.006150821999957164	0.09484918415546417
ttH_ntuple	/eos/ihep/cms/store/user/coli/datasets/hh4b/inference/ttH_ntuple/selected_ntuples_0000.root	6	235	235	False	ensemble	137	77	9.34794113596274e-05	1.0497091551542326e-07	0.9999064604441324
ttH_ntuple	/eos/ihep/cms/store/user/coli/datasets/hh4b/inference/ttH_ntuple/selected_ntuples_0000.root	7	168	168	False	ensemble	116	116	0.9914169551153691	0.0013888318402071793	0.007194217139234145
ttH_ntuple	/eos/ihep/cms/store/user/coli/datasets/hh4b/inference/ttH_ntuple/selected_ntuples_0000.root	8	90	90	False	ensemble	136	71	0.33414765096389	0.5515946944554647	0.1142576274772485
ttH_ntuple	/eos/ihep/cms/store/user/coli/datasets/hh4b/inference/ttH_ntuple/selected_ntuples_0000.root	9	110	110	False	ensemble	137	134	8.51408897957906e-07	5.662754792486643e-07	0.9999986092249552
ttH_ntuple	/eos/ihep/cms/store/user/coli/datasets/hh4b/inference/ttH_ntuple/selected_ntuples_0000.root	10	119	119	False	ensemble	137	134	0.7310810809828278	0.10937108844518661	0.15954782689611116
ttH_ntuple	/eos/ihep/cms/store/user/coli/datasets/hh4b/inference/ttH_ntuple/selected_ntuples_0000.root	11	139	139	False	ensemble	136	6	0.9739272913817937	0.02441625917951266	0.001656470315841337
ttH_ntuple	/eos/ihep/cms/store/user/coli/datasets/hh4b/inference/ttH_ntuple/selected_ntuples_0000.root	12	92	92	False	ensemble	64	64	0.9862982546904581	0.01275308554371198	0.0009486519071894387
ttH_ntuple	/eos/ihep/cms/store/user/coli/datasets/hh4b/inference/ttH_ntuple/selected_ntuples_0000.root	13	197	197	False	ensemble	136	15	0.5213827070905002	0.27886348962783813	0.19975383579730988
ttH_ntuple	/eos/ihep/cms/store/user/coli/datasets/hh4b/inference/ttH_ntuple/selected_ntuples_0000.root	14	113	113	False	ensemble	137	6	0.09232881127657797	0.03913565849264463	0.8685355385144552
ttH_ntuple	/eos/ihep/cms/store/user/coli/datasets/hh4b/inference/ttH_ntuple/selected_ntuples_0000.root	15	143	143	False	ensemble	137	134	4.320797439955715e-09	5.2855959794169865e-09	1.0
ttH_ntuple	/eos/ihep/cms/store/user/coli/datasets/hh4b/inference/ttH_ntuple/selected_ntuples_0000.root	16	133	133	False	ensemble	137	128	0.0002887207651985912	0.00021947414643364027	0.999491810798645
ttH_ntuple	/eos/ihep/cms/store/user/coli/datasets/hh4b/inference/ttH_ntuple/selected_ntuples_0000.root	17	208	208	False	ensemble	137	86	0.5795505041366482	0.001870128985804816	0.418579359849294
ttH_ntuple	/eos/ihep/cms/store/user/coli/datasets/hh4b/inference/ttH_ntuple/selected_ntuples_0000.root	18	156	156	False	ensemble	137	13	2.536546792793655e-06	7.17093257662782e-07	0.9999967813491821
ttH_ntuple	/eos/ihep/cms/store/user/coli/datasets/hh4b/inference/ttH_ntuple/selected_ntuples_0000.root	19	164	164	False	ensemble	137	129	0.0005356388479841248	1.106554075628689e-06	0.9994632800420126
ttH_ntuple	/eos/ihep/cms/store/user/coli/datasets/hh4b/inference/ttH_ntuple/selected_ntuples_0000.root	20	127	127	False	ensemble	137	134	0.0028187714154841075	0.00025730678559436154	0.9969239830970764
ttH_ntuple	/eos/ihep/cms/store/user/coli/datasets/hh4b/inference/ttH_ntuple/selected_ntuples_0000.root	21	169	169	False	ensemble	137	128	0.0002878352332368606	9.519588032465738e-05	0.9996170202891032
ttH_ntuple	/eos/ihep/cms/store/user/coli/datasets/hh4b/inference/ttH_ntuple/selected_ntuples_0000.root	22	103	103	False	ensemble	137	85	2.1597445251073727e-06	5.867177653347729e-07	0.9999972581863403
ttH_ntuple	/eos/ihep/cms/store/user/coli/datasets/hh4b/inference/ttH_ntuple/selected_ntuples_0000.root	23	125	125	False	ensemble	137	49	0.8443256780277201	0.03185501384238402	0.12381929531693459
ttH_ntuple	/eos/ihep/cms/store/user/coli/datasets/hh4b/inference/ttH_ntuple/selected_ntuples_0000.root	24	135	135	False	ensemble	137	114	1.7293379772397486e-11	7.400692680977463e-13	1.0
ttH_ntuple	/eos/ihep/cms/store/user/coli/datasets/hh4b/inference/ttH_ntuple/selected_ntuples_0000.root	25	99	99	False	ensemble	137	82	0.4911413846872771	0.07415807743867238	0.4347005585829417
ttH_ntuple	/eos/ihep/cms/store/user/coli/datasets/hh4b/inference/ttH_ntuple/selected_ntuples_0000.root	26	87	87	False	ensemble	137	134	8.522033907201977e-08	1.1738189249303291e-08	0.9999999602635702
ttH_ntuple	/eos/ihep/cms/store/user/coli/datasets/hh4b/inference/ttH_ntuple/selected_ntuples_0000.root	27	88	88	False	ensemble	137	101	0.0007933269119208368	0.0004002948699053377	0.9988063971201578
ttH_ntuple	/eos/ihep/cms/store/user/coli/datasets/hh4b/inference/ttH_ntuple/selected_ntuples_0000.root	28	90	90	False	ensemble	137	131	1.7571820436672286e-05	6.179093209347323e-07	0.9999818404515585
ttH_ntuple	/eos/ihep/cms/store/user/coli/datasets/hh4b/inference/ttH_ntuple/selected_ntuples_0000.root	29	91	91	False	ensemble	137	134	9.378580266085808e-05	0.00012830322596831442	0.9997779130935669
ttH_ntuple	/eos/ihep/cms/store/user/coli/datasets/hh4b/inference/ttH_ntuple/selected_ntuples_0000.root	30	117	117	False	ensemble	137	90	1.0552210646282725e-05	7.592652574809714e-07	0.9999887148539225
ttH_ntuple	/eos/ihep/cms/store/user/coli/datasets/hh4b/inference/ttH_ntuple/selected_ntuples_0000.root	31	141	141	False	ensemble	137	67	0.021672175875986948	0.018592147311816614	0.959735651810964
ttH_ntuple	/eos/ihep/cms/store/user/coli/datasets/hh4b/inference/ttH_ntuple/selected_ntuples_0000.root	32	121	121	False	ensemble	137	15	0.011339062752426798	0.00043156950171881664	0.9882293740908304
ttH_ntuple	/eos/ihep/cms/store/user/coli/datasets/hh4b/inference/ttH_ntuple/selected_ntuples_0000.root	33	66	66	False	ensemble	137	57	4.720890905684438e-05	2.049664071061367e-06	0.9999508062998453
ttH_ntuple	/eos/ihep/cms/store/user/coli/datasets/hh4b/inference/ttH_ntuple/selected_ntuples_0000.root	34	128	128	False	ensemble	137	107	2.096043354002121e-06	1.531478979188705e-07	0.9999977350234985
ttH_ntuple	/eos/ihep/cms/store/user/coli/datasets/hh4b/inference/ttH_ntuple/selected_ntuples_0000.root	35	94	94	False	ensemble	137	37	0.007677788421977047	0.002224350425725182	0.9900978604952494
ttH_ntuple	/eos/ihep/cms/store/user/coli/datasets/hh4b/inference/ttH_ntuple/selected_ntuples_0000.root	36	40	40	False	ensemble	137	114	7.470671431661851e-12	2.3094838752764344e-12	1.0
ttH_ntuple	/eos/ihep/cms/store/user/coli/datasets/hh4b/inference/ttH_ntuple/selected_ntuples_0000.root	37	131	131	False	ensemble	137	80	0.41709897714764566	0.011713600795095166	0.5711873670419058
ttH_ntuple	/eos/ihep/cms/store/user/coli/datasets/hh4b/inference/ttH_ntuple/selected_ntuples_0000.root	38	104	104	False	ensemble	137	131	0.8982308822888853	0.03025754416982333	0.07151156291365623
ttH_ntuple	/eos/ihep/cms/store/user/coli/datasets/hh4b/inference/ttH_ntuple/selected_ntuples_0000.root	39	116	116	False	ensemble	137	69	0.1400729731284045	0.001691603004777183	0.8582354585329691
ttH_ntuple	/eos/ihep/cms/store/user/coli/datasets/hh4b/inference/ttH_ntuple/selected_ntuples_0000.root	40	161	161	False	ensemble	136	74	0.9138806018545628	0.08333611985047658	0.002783298104380568
ttH_ntuple	/eos/ihep/cms/store/user/coli/datasets/hh4b/inference/ttH_ntuple/selected_ntuples_0000.root	41	142	142	False	ensemble	137	107	0.1857532922357071	0.16663320610920587	0.647613525390625
ttH_ntuple	/eos/ihep/cms/store/user/coli/datasets/hh4b/inference/ttH_ntuple/selected_ntuples_0000.root	42	131	131	False	ensemble	137	134	0.003739663647114977	0.003404807144155105	0.9928555091222128
ttH_ntuple	/eos/ihep/cms/store/user/coli/datasets/hh4b/inference/ttH_ntuple/selected_ntuples_0000.root	43	152	152	False	ensemble	137	90	0.37127438914501454	0.24442904690901437	0.3842965563138326
ttH_ntuple	/eos/ihep/cms/store/user/coli/datasets/hh4b/inference/ttH_ntuple/selected_ntuples_0000.root	44	198	198	False	ensemble	137	43	0.01266870301420416	0.03429893249024948	0.9530323346455892
ttH_ntuple	/eos/ihep/cms/store/user/coli/datasets/hh4b/inference/ttH_ntuple/selected_ntuples_0000.root	45	155	155	False	ensemble	137	114	4.669741662755469e-09	9.388152393795719e-11	1.0
ttH_ntuple	/eos/ihep/cms/store/user/coli/datasets/hh4b/inference/ttH_ntuple/selected_ntuples_0000.root	46	106	106	False	ensemble	137	114	1.1104629241185518e-08	1.7122632941142986e-09	1.0
ttH_ntuple	/eos/ihep/cms/store/user/coli/datasets/hh4b/inference/ttH_ntuple/selected_ntuples_0000.root	47	111	111	False	ensemble	137	134	0.1508666094534116	0.2881380170583725	0.5609954297542572
ttH_ntuple	/eos/ihep/cms/store/user/coli/datasets/hh4b/inference/ttH_ntuple/selected_ntuples_0000.root	48	94	94	False	ensemble	137	134	3.2135794072541335e-09	1.264654843809628e-09	1.0
ttH_ntuple	/eos/ihep/cms/store/user/coli/datasets/hh4b/inference/ttH_ntuple/selected_ntuples_0000.root	49	157	157	False	ensemble	137	69	0.037006579329878754	0.011348762083798647	0.9516446789105734
ttH_ntuple	/eos/ihep/cms/store/user/coli/datasets/hh4b/inference/ttH_ntuple/selected_ntuples_0000.root	50	96	96	False	ensemble	50	50	0.9856861654983882	0.009648139278093973	0.004665651203443606
ttH_ntuple	/eos/ihep/cms/store/user/coli/datasets/hh4b/inference/ttH_ntuple/selected_ntuples_0000.root	51	204	204	False	ensemble	137	125	5.580181047024971e-06	3.781429865531057e-08	0.9999944368998209
ttH_ntuple	/eos/ihep/cms/store/user/coli/datasets/hh4b/inference/ttH_ntuple/selected_ntuples_0000.root	52	158	158	False	ensemble	137	13	2.4097873897177546e-05	5.819905739675354e-05	0.9999176859855652
ttH_ntuple	/eos/ihep/cms/store/user/coli/datasets/hh4b/inference/ttH_ntuple/selected_ntuples_0000.root	53	135	135	False	ensemble	137	57	0.0016348582375059393	0.004312896208527188	0.9940522511800131
ttH_ntuple	/eos/ihep/cms/store/user/coli/datasets/hh4b/inference/ttH_ntuple/selected_ntuples_0000.root	54	160	160	False	ensemble	137	134	0.5808523545874399	0.1088417520125707	0.3103058735529582
ttH_ntuple	/eos/ihep/cms/store/user/coli/datasets/hh4b/inference/ttH_ntuple/selected_ntuples_0000.root	55	99	99	False	ensemble	137	107	0.0033956936835966103	4.264516307254477e-05	0.9965617458025614
ttH_ntuple	/eos/ihep/cms/store/user/coli/datasets/hh4b/inference/ttH_ntuple/selected_ntuples_0000.root	56	112	112	False	ensemble	137	118	0.22209367199715285	0.023295483163868386	0.7546108762423197
ttH_ntuple	/eos/ihep/cms/store/user/coli/datasets/hh4b/inference/ttH_ntuple/selected_ntuples_0000.root	57	207	207	False	ensemble	137	30	0.8263477814871294	0.002916122398649653	0.1707360496123632
ttH_ntuple	/eos/ihep/cms/store/user/coli/datasets/hh4b/inference/ttH_ntuple/selected_ntuples_0000.root	58	135	135	False	ensemble	137	57	5.590856267669494e-05	1.6662150888654044e-06	0.9999425013860067
ttH_ntuple	/eos/ihep/cms/store/user/coli/datasets/hh4b/inference/ttH_ntuple/selected_ntuples_0000.root	59	185	185	False	ensemble	137	131	0.09484169485876728	0.020611886711170275	0.8845464388529459
ttH_ntuple	/eos/ihep/cms/store/user/coli/datasets/hh4b/inference/ttH_ntuple/selected_ntuples_0000.root	60	121	121	False	ensemble	136	57	0.056138861735538136	0.8749933044115702	0.06886787464221318
ttH_ntuple	/eos/ihep/cms/store/user/coli/datasets/hh4b/inference/ttH_ntuple/selected_ntuples_0000.root	61	177	177	False	ensemble	137	44	0.029578267309672054	0.023214795626699924	0.9472068945566813
ttH_ntuple	/eos/ihep/cms/store/user/coli/datasets/hh4b/inference/ttH_ntuple/selected_ntuples_0000.root	62	84	84	False	ensemble	137	54	0.013392613894007846	7.369194039104816e-05	0.9865336616834005
ttH_ntuple	/eos/ihep/cms/store/user/coli/datasets/hh4b/inference/ttH_ntuple/selected_ntuples_0000.root	63	147	147	False	ensemble	137	86	1.139631681336009e-05	3.980241235268522e-06	0.9999846617380778
ttH_ntuple	/eos/ihep/cms/store/user/coli/datasets/hh4b/inference/ttH_ntuple/selected_ntuples_0000.root	64	93	93	False	ensemble	137	35	0.0013987595865640654	0.00030999144655652344	0.9982911944389343
ttH_ntuple	/eos/ihep/cms/store/user/coli/datasets/hh4b/inference/ttH_ntuple/selected_ntuples_0000.root	65	116	116	False	ensemble	137	114	4.795327476082976e-10	9.474490871395671e-12	1.0
ttH_ntuple	/eos/ihep/cms/store/user/coli/datasets/hh4b/inference/ttH_ntuple/selected_ntuples_0000.root	66	224	224	False	ensemble	46	46	0.9612468601308137	0.024272398402293522	0.01448073424398899
ttH_ntuple	/eos/ihep/cms/store/user/coli/datasets/hh4b/inference/ttH_ntuple/selected_ntuples_0000.root	67	92	92	False	ensemble	136	74	0.8751900217874132	0.11857106536626816	0.006238908041268587
ttH_ntuple	/eos/ihep/cms/store/user/coli/datasets/hh4b/inference/ttH_ntuple/selected_ntuples_0000.root	68	138	138	False	ensemble	137	131	0.07909080262813481	0.0021858429342197874	0.9187233249346415
ttH_ntuple	/eos/ihep/cms/store/user/coli/datasets/hh4b/inference/ttH_ntuple/selected_ntuples_0000.root	69	161	161	False	ensemble	137	43	1.7668994135293398e-05	2.3784262266346445e-06	0.9999799331029257
ttH_ntuple	/eos/ihep/cms/store/user/coli/datasets/hh4b/inference/ttH_ntuple/selected_ntuples_0000.root	70	119	119	False	ensemble	136	127	0.365992206722846	0.6136428713798523	0.020364919677376747
ttH_ntuple	/eos/ihep/cms/store/user/coli/datasets/hh4b/inference/ttH_ntuple/selected_ntuples_0000.root	71	63	63	False	ensemble	137	114	3.68110697445028e-12	4.655869529911192e-13	1.0
ttH_ntuple	/eos/ihep/cms/store/user/coli/datasets/hh4b/inference/ttH_ntuple/selected_ntuples_0000.root	72	158	158	False	ensemble	136	8	0.8798859967758214	0.07323877016703288	0.04687520116567612
ttH_ntuple	/eos/ihep/cms/store/user/coli/datasets/hh4b/inference/ttH_ntuple/selected_ntuples_0000.root	73	166	166	False	ensemble	137	22	0.8801887197053778	0.0033787289479126534	0.11643257240454356
ttH_ntuple	/eos/ihep/cms/store/user/coli/datasets/hh4b/inference/ttH_ntuple/selected_ntuples_0000.root	74	102	102	False	ensemble	137	114	1.8304679832534377e-12	6.632349369808795e-14	1.0
ttH_ntuple	/eos/ihep/cms/store/user/coli/datasets/hh4b/inference/ttH_ntuple/selected_ntuples_0000.root	75	198	198	False	ensemble	137	125	0.030080834656710447	0.1348437244693438	0.8350754578908285
ttH_ntuple	/eos/ihep/cms/store/user/coli/datasets/hh4b/inference/ttH_ntuple/selected_ntuples_0000.root	76	112	112	False	ensemble	137	69	0.01997788821323828	0.0003281091436898957	0.9796939690907797
ttH_ntuple	/eos/ihep/cms/store/user/coli/datasets/hh4b/inference/ttH_ntuple/selected_ntuples_0000.root	77	158	158	False	ensemble	137	86	0.7308178237276478	0.12282482534646988	0.1463573525349299
ttH_ntuple	/eos/ihep/cms/store/user/coli/datasets/hh4b/inference/ttH_ntuple/selected_ntuples_0000.root	78	93	93	False	ensemble	137	114	2.9056230631313412e-12	5.319361542803285e-13	1.0
ttH_ntuple	/eos/ihep/cms/store/user/coli/datasets/hh4b/inference/ttH_ntuple/selected_ntuples_0000.root	79	103	103	False	ensemble	137	127	3.733219047822797e-05	2.3520506222970045e-05	0.9999390840530396
ttH_ntuple	/eos/ihep/cms/store/user/coli/datasets/hh4b/inference/ttH_ntuple/selected_ntuples_0000.root	80	219	219	False	ensemble	137	15	0.013275120922420076	0.006114434450864792	0.9806104103724161
ttH_ntuple	/eos/ihep/cms/store/user/coli/datasets/hh4b/inference/ttH_ntuple/selected_ntuples_0000.root	81	78	78	False	ensemble	137	134	3.8639700221878394e-10	2.4966007126231426e-11	1.0
ttH_ntuple	/eos/ihep/cms/store/user/coli/datasets/hh4b/inference/ttH_ntuple/selected_ntuples_0000.root	82	180	180	False	ensemble	137	93	0.0005636487656833945	1.048785725288326e-05	0.9994258681933085
ttH_ntuple	/eos/ihep/cms/store/user/coli/datasets/hh4b/inference/ttH_ntuple/selected_ntuples_0000.root	83	228	228	False	ensemble	137	134	0.0010356765332235898	1.5799937879516317e-06	0.9989627798398336
ttH_ntuple	/eos/ihep/cms/store/user/coli/datasets/hh4b/inference/ttH_ntuple/selected_ntuples_0000.root	84	123	123	False	ensemble	137	37	0.0001166755513443711	3.436510868463453e-07	0.9998829166094462
ttH_ntuple	/eos/ihep/cms/store/user/coli/datasets/hh4b/inference/ttH_ntuple/selected_ntuples_0000.root	85	58	58	False	ensemble	137	114	6.110878166182887e-11	1.4060889406656886e-12	1.0
ttH_ntuple	/eos/ihep/cms/store/user/coli/datasets/hh4b/inference/ttH_ntuple/selected_ntuples_0000.root	86	122	122	False	ensemble	137	101	0.4546926817361433	0.06799965475996335	0.47730764746665955
ttH_ntuple	/eos/ihep/cms/store/user/coli/datasets/hh4b/inference/ttH_ntuple/selected_ntuples_0000.root	87	142	142	False	ensemble	136	57	0.9253396790973056	0.07033530746897061	0.004325044030944507
ttH_ntuple	/eos/ihep/cms/store/user/coli/datasets/hh4b/inference/ttH_ntuple/selected_ntuples_0000.root	88	104	104	False	ensemble	137	134	1.0409273905808406e-10	5.126779556441363e-11	1.0
ttH_ntuple	/eos/ihep/cms/store/user/coli/datasets/hh4b/inference/ttH_ntuple/selected_ntuples_0000.root	89	126	126	False	ensemble	137	128	8.92304684970008e-05	0.00017044506967067719	0.9997403621673584
ttH_ntuple	/eos/ihep/cms/store/user/coli/datasets/hh4b/inference/ttH_ntuple/selected_ntuples_0000.root	90	123	123	False	ensemble	137	86	5.460203171689932e-06	1.2797957727646765e-06	0.9999932050704956
ttH_ntuple	/eos/ihep/cms/store/user/coli/datasets/hh4b/inference/ttH_ntuple/selected_ntuples_0000.root	91	141	141	False	ensemble	137	128	0.00025630285327778635	1.7686497812974267e-05	0.9997259974479675
ttH_ntuple	/eos/ihep/cms/store/user/coli/datasets/hh4b/inference/ttH_ntuple/selected_ntuples_0000.root	92	206	206	False	ensemble	136	107	0.7192988163856171	0.18818714718023935	0.09251403311888377
ttH_ntuple	/eos/ihep/cms/store/user/coli/datasets/hh4b/inference/ttH_ntuple/selected_ntuples_0000.root	93	103	103	False	ensemble	137	132	2.9502748457490175e-05	4.7234165142147805e-07	0.999969998995463
ttH_ntuple	/eos/ihep/cms/store/user/coli/datasets/hh4b/inference/ttH_ntuple/selected_ntuples_0000.root	94	79	79	False	ensemble	137	111	0.2139925382269799	0.00030110985001859564	0.7857063412666321
ttH_ntuple	/eos/ihep/cms/store/user/coli/datasets/hh4b/inference/ttH_ntuple/selected_ntuples_0000.root	95	132	132	False	ensemble	137	134	0.6274159339453339	0.056972372035185494	0.31561172008514404
ttH_ntuple	/eos/ihep/cms/store/user/coli/datasets/hh4b/inference/ttH_ntuple/selected_ntuples_0000.root	96	158	158	False	ensemble	137	105	0.8923585198790533	0.024809078158189852	0.08283242272833984
ttH_ntuple	/eos/ihep/cms/store/user/coli/datasets/hh4b/inference/ttH_ntuple/selected_ntuples_0000.root	97	103	103	False	ensemble	137	69	2.3263517539582374e-05	4.330954070042026e-06	0.999972383181254
ttH_ntuple	/eos/ihep/cms/store/user/coli/datasets/hh4b/inference/ttH_ntuple/selected_ntuples_0000.root	98	186	186	False	ensemble	136	107	0.8975934898099543	0.06647184987862904	0.035934679210186005
ttH_ntuple	/eos/ihep/cms/store/user/coli/datasets/hh4b/inference/ttH_ntuple/selected_ntuples_0000.root	99	131	131	False	ensemble	137	134	0.008123957799289391	0.0367636326700449	0.955112357934316
ttH_ntuple	/eos/ihep/cms/store/user/coli/datasets/hh4b/inference/ttH_ntuple/selected_ntuples_0000.root	100	97	97	False	ensemble	137	114	5.5051001649635066e-11	2.299648056977461e-12	1.0
ttH_ntuple	/eos/ihep/cms/store/user/coli/datasets/hh4b/inference/ttH_ntuple/selected_ntuples_0000.root	101	221	221	False	ensemble	137	17	0.6535657430140418	0.1471234733859698	0.1993107795715332
ttH_ntuple	/eos/ihep/cms/store/user/coli/datasets/hh4b/inference/ttH_ntuple/selected_ntuples_0000.root	102	156	156	False	ensemble	137	134	0.0012262209716532948	8.838976888606946e-05	0.9986854394276937
ttH_ntuple	/eos/ihep/cms/store/user/coli/datasets/hh4b/inference/ttH_ntuple/selected_ntuples_0000.root	103	119	119	False	ensemble	137	109	0.1235146782565592	0.00045781520505746204	0.876027524471283
ttH_ntuple	/eos/ihep/cms/store/user/coli/datasets/hh4b/inference/ttH_ntuple/selected_ntuples_0000.root	104	249	249	False	ensemble	137	44	0.19618579688727777	0.01888897828757763	0.7849252820014954
ttH_ntuple	/eos/ihep/cms/store/user/coli/datasets/hh4b/inference/ttH_ntuple/selected_ntuples_0000.root	105	98	98	False	ensemble	137	90	2.3665382770320327e-05	8.669706858199788e-06	0.9999677340189616
ttH_ntuple	/eos/ihep/cms/store/user/coli/datasets/hh4b/inference/ttH_ntuple/selected_ntuples_0000.root	106	152	152	False	ensemble	137	107	1.518175395554352e-06	3.590475413280577e-08	0.999998410542806
ttH_ntuple	/eos/ihep/cms/store/user/coli/datasets/hh4b/inference/ttH_ntuple/selected_ntuples_0000.root	107	144	144	False	ensemble	137	134	0.39378845211739605	0.011728922448431453	0.5944826106230418
ttH_ntuple	/eos/ihep/cms/store/user/coli/datasets/hh4b/inference/ttH_ntuple/selected_ntuples_0000.root	108	129	129	False	ensemble	137	107	2.9312070483782236e-06	1.9321384906826702e-07	0.9999968608220419
ttH_ntuple	/eos/ihep/cms/store/user/coli/datasets/hh4b/inference/ttH_ntuple/selected_ntuples_0000.root	109	183	183	False	ensemble	120	120	0.952222764011618	0.00034853136457968503	0.047428678100307785
ttH_ntuple	/eos/ihep/cms/store/user/coli/datasets/hh4b/inference/ttH_ntuple/selected_ntuples_0000.root	110	107	107	False	ensemble	137	114	2.292080140695057e-12	3.6963573845838905e-13	1.0
ttH_ntuple	/eos/ihep/cms/store/user/coli/datasets/hh4b/inference/ttH_ntuple/selected_ntuples_0000.root	111	97	97	False	ensemble	137	109	0.0012663504296629806	2.1442386544852827e-05	0.998712162176768
ttH_ntuple	/eos/ihep/cms/store/user/coli/datasets/hh4b/inference/ttH_ntuple/selected_ntuples_0000.root	112	139	139	False	ensemble	137	128	1.9343465991398613e-05	3.82079667057648e-05	0.999942421913147
ttH_ntuple	/eos/ihep/cms/store/user/coli/datasets/hh4b/inference/ttH_ntuple/selected_ntuples_0000.root	113	103	103	False	ensemble	137	134	4.5550492924521095e-05	1.0689273087412705e-06	0.9999534289042155
ttH_ntuple	/eos/ihep/cms/store/user/coli/datasets/hh4b/inference/ttH_ntuple/selected_ntuples_0000.root	114	156	156	False	ensemble	134	134	0.9846894216564881	0.007634645327925682	0.007675965006152789
ttH_ntuple	/eos/ihep/cms/store/user/coli/datasets/hh4b/inference/ttH_ntuple/selected_ntuples_0000.root	115	217	217	False	ensemble	137	62	0.024217394348743444	3.074461271050192e-05	0.9757517774899801
ttH_ntuple	/eos/ihep/cms/store/user/coli/datasets/hh4b/inference/ttH_ntuple/selected_ntuples_0000.root	116	115	115	False	ensemble	137	57	0.03643105546808556	0.0615977148214976	0.9019712011019388
ttH_ntuple	/eos/ihep/cms/store/user/coli/datasets/hh4b/inference/ttH_ntuple/selected_ntuples_0000.root	117	42	42	False	ensemble	137	134	1.045532360251488e-11	2.061572399201855e-13	1.0
ttH_ntuple	/eos/ihep/cms/store/user/coli/datasets/hh4b/inference/ttH_ntuple/selected_ntuples_0000.root	118	97	97	False	ensemble	137	113	0.001042456417229253	1.4223302476542206e-06	0.9989560842514038
ttH_ntuple	/eos/ihep/cms/store/user/coli/datasets/hh4b/inference/ttH_ntuple/selected_ntuples_0000.root	119	108	108	False	ensemble	137	134	8.31427011312863e-06	4.441928543504521e-06	0.9999872048695883
ttH_ntuple	/eos/ihep/cms/store/user/coli/datasets/hh4b/inference/ttH_ntuple/selected_ntuples_0000.root	120	129	129	False	ensemble	137	56	4.470540050370333e-05	1.4437914160225773e-05	0.9999408721923828
ttH_ntuple	/eos/ihep/cms/store/user/coli/datasets/hh4b/inference/ttH_ntuple/selected_ntuples_0000.root	121	191	191	False	ensemble	136	125	0.010586382596841304	0.7041806181271871	0.2852329909801483
ttH_ntuple	/eos/ihep/cms/store/user/coli/datasets/hh4b/inference/ttH_ntuple/selected_ntuples_0000.root	122	106	106	False	ensemble	137	134	6.554960398382274e-09	1.0182168592072956e-10	1.0
ttH_ntuple	/eos/ihep/cms/store/user/coli/datasets/hh4b/inference/ttH_ntuple/selected_ntuples_0000.root	123	252	252	False	ensemble	95	95	0.9952525296125903	0.003001687116920948	0.0017457662615925074
ttH_ntuple	/eos/ihep/cms/store/user/coli/datasets/hh4b/inference/ttH_ntuple/selected_ntuples_0000.root	124	220	220	False	ensemble	137	92	0.23890320791785297	0.29215478897094727	0.4689419170220693
ttH_ntuple	/eos/ihep/cms/store/user/coli/datasets/hh4b/inference/ttH_ntuple/selected_ntuples_0000.root	125	200	200	False	ensemble	137	122	0.08755083492358534	0.004357926353501777	0.9080912272135416
ttH_ntuple	/eos/ihep/cms/store/user/coli/datasets/hh4b/inference/ttH_ntuple/selected_ntuples_0000.root	126	122	122	False	ensemble	137	129	0.00024361615789187348	8.048382975781958e-05	0.9996759096781412
ttH_ntuple	/eos/ihep/cms/store/user/coli/datasets/hh4b/inference/ttH_ntuple/selected_ntuples_0000.root	127	152	152	False	ensemble	137	134	5.868683829143398e-09	1.2641437029115021e-10	1.0
ttH_ntuple	/eos/ihep/cms/store/user/coli/datasets/hh4b/inference/ttH_ntuple/selected_ntuples_0000.root	128	144	144	False	ensemble	137	90	6.139260763088812e-05	2.7619401710884026e-06	0.9999358654022217
ttH_ntuple	/eos/ihep/cms/store/user/coli/datasets/hh4b/inference/ttH_ntuple/selected_ntuples_0000.root	129	149	149	False	ensemble	137	129	0.2153376721633625	0.02522987810273965	0.7594324350357056
ttH_ntuple	/eos/ihep/cms/store/user/coli/datasets/hh4b/inference/ttH_ntuple/selected_ntuples_0000.root	130	190	190	False	ensemble	137	134	0.46097430204712	0.004220580138886969	0.5348051190376282
ttH_ntuple	/eos/ihep/cms/store/user/coli/datasets/hh4b/inference/ttH_ntuple/selected_ntuples_0000.root	131	191	191	False	ensemble	101	101	0.9933210836170474	0.002798263216391206	0.003880656867598494
ttH_ntuple	/eos/ihep/cms/store/user/coli/datasets/hh4b/inference/ttH_ntuple/selected_ntuples_0000.root	132	100	100	False	ensemble	137	132	0.006719614172137733	0.00033312098821625113	0.9929472009340922
ttH_ntuple	/eos/ihep/cms/store/user/coli/datasets/hh4b/inference/ttH_ntuple/selected_ntuples_0000.root	133	101	101	False	ensemble	137	92	0.0074792895502665555	0.00011132607808879887	0.9924094080924988
ttH_ntuple	/eos/ihep/cms/store/user/coli/datasets/hh4b/inference/ttH_ntuple/selected_ntuples_0000.root	134	161	161	False	ensemble	137	15	0.0005534699396214648	1.3869661870558048e-05	0.9994326035181681
ttH_ntuple	/eos/ihep/cms/store/user/coli/datasets/hh4b/inference/ttH_ntuple/selected_ntuples_0000.root	135	143	143	False	ensemble	137	90	0.001684364247894236	6.973318037732194e-05	0.9982458750406901
ttH_ntuple	/eos/ihep/cms/store/user/coli/datasets/hh4b/inference/ttH_ntuple/selected_ntuples_0000.root	136	135	135	False	ensemble	136	64	0.6947674576638292	0.2195612440506617	0.08567129323879878
ttH_ntuple	/eos/ihep/cms/store/user/coli/datasets/hh4b/inference/ttH_ntuple/selected_ntuples_0000.root	137	104	104	False	ensemble	137	134	0.00427635359425634	8.569313649786636e-05	0.9956379334131876
ttH_ntuple	/eos/ihep/cms/store/user/coli/datasets/hh4b/inference/ttH_ntuple/selected_ntuples_0000.root	138	209	209	False	ensemble	137	30	0.0021719009239499583	8.096771792528064e-05	0.9977471431096395
ttH_ntuple	/eos/ihep/cms/store/user/coli/datasets/hh4b/inference/ttH_ntuple/selected_ntuples_0000.root	139	118	118	False	ensemble	137	114	2.30662914032958e-09	3.0135260953301213e-10	1.0
ttH_ntuple	/eos/ihep/cms/store/user/coli/datasets/hh4b/inference/ttH_ntuple/selected_ntuples_0000.root	140	156	156	False	ensemble	137	128	0.00028050700768200704	4.189128291424519e-05	0.9996776183446249
ttH_ntuple	/eos/ihep/cms/store/user/coli/datasets/hh4b/inference/ttH_ntuple/selected_ntuples_0000.root	141	187	187	False	ensemble	137	107	0.6840859688127333	0.004509519475201766	0.311404546101888
ttH_ntuple	/eos/ihep/cms/store/user/coli/datasets/hh4b/inference/ttH_ntuple/selected_ntuples_0000.root	142	136	136	False	ensemble	137	134	0.17811182357570488	0.04404109405974547	0.7778470516204834
ttH_ntuple	/eos/ihep/cms/store/user/coli/datasets/hh4b/inference/ttH_ntuple/selected_ntuples_0000.root	143	89	89	False	ensemble	137	10	2.053333919103719e-05	1.004571212585385e-06	0.999978502591451
ttH_ntuple	/eos/ihep/cms/store/user/coli/datasets/hh4b/inference/ttH_ntuple/selected_ntuples_0000.root	144	245	245	False	ensemble	137	90	0.7034411824327739	0.09526062632600467	0.2012982169787089
ttH_ntuple	/eos/ihep/cms/store/user/coli/datasets/hh4b/inference/ttH_ntuple/selected_ntuples_0000.root	145	106	106	False	ensemble	137	134	7.455804451130742e-07	2.200583253397781e-07	0.9999990463256836
ttH_ntuple	/eos/ihep/cms/store/user/coli/datasets/hh4b/inference/ttH_ntuple/selected_ntuples_0000.root	146	115	115	False	ensemble	137	132	0.03880137526089318	0.045843894903858505	0.9153547286987305
ttH_ntuple	/eos/ihep/cms/store/user/coli/datasets/hh4b/inference/ttH_ntuple/selected_ntuples_0000.root	147	138	138	False	ensemble	137	42	0.11122972064753137	0.0032590602786513045	0.8855111996332804
ttH_ntuple	/eos/ihep/cms/store/user/coli/datasets/hh4b/inference/ttH_ntuple/selected_ntuples_0000.root	148	144	144	False	ensemble	125	125	0.9377897083015191	0.02465363498777151	0.037556648875276245
ttH_ntuple	/eos/ihep/cms/store/user/coli/datasets/hh4b/inference/ttH_ntuple/selected_ntuples_0000.root	149	204	204	False	ensemble	137	132	0.8493550507076861	0.030578135202328365	0.12006687372922897
ttH_ntuple	/eos/ihep/cms/store/user/coli/datasets/hh4b/inference/ttH_ntuple/selected_ntuples_0000.root	150	119	119	False	ensemble	137	107	0.005882152231052077	2.8464942564217683e-05	0.9940893451372782
ttH_ntuple	/eos/ihep/cms/store/user/coli/datasets/hh4b/inference/ttH_ntuple/selected_ntuples_0000.root	151	111	111	False	ensemble	137	134	1.1669792519019264e-10	1.869109583542879e-11	1.0
ttH_ntuple	/eos/ihep/cms/store/user/coli/datasets/hh4b/inference/ttH_ntuple/selected_ntuples_0000.root	152	735	256	True	ensemble	99	99	0.9882891284539709	0.004925555394341548	0.0067852886859327555
ttH_ntuple	/eos/ihep/cms/store/user/coli/datasets/hh4b/inference/ttH_ntuple/selected_ntuples_0000.root	153	100	100	False	ensemble	136	132	0.5839681340744391	0.2542336980501811	0.16179812451203665
ttH_ntuple	/eos/ihep/cms/store/user/coli/datasets/hh4b/inference/ttH_ntuple/selected_ntuples_0000.root	154	172	172	False	ensemble	137	131	0.09602626088932689	0.08168662587801616	0.8222871422767639
ttH_ntuple	/eos/ihep/cms/store/user/coli/datasets/hh4b/inference/ttH_ntuple/selected_ntuples_0000.root	155	184	184	False	ensemble	137	15	0.0006750120291908342	6.739744806812571e-05	0.9992576241493225
ttH_ntuple	/eos/ihep/cms/store/user/coli/datasets/hh4b/inference/ttH_ntuple/selected_ntuples_0000.root	156	169	169	False	ensemble	64	64	0.9965763757183073	0.0031950464472174644	0.00022859911405248567
ttH_ntuple	/eos/ihep/cms/store/user/coli/datasets/hh4b/inference/ttH_ntuple/selected_ntuples_0000.root	157	68	68	False	ensemble	137	134	8.005718399413465e-10	1.2585892777191438e-11	1.0
ttH_ntuple	/eos/ihep/cms/store/user/coli/datasets/hh4b/inference/ttH_ntuple/selected_ntuples_0000.root	158	168	168	False	ensemble	137	134	0.021482497255992904	0.04433654993772507	0.9341809352238973
ttH_ntuple	/eos/ihep/cms/store/user/coli/datasets/hh4b/inference/ttH_ntuple/selected_ntuples_0000.root	159	193	193	False	ensemble	137	57	0.03670275324265996	0.0007428622338920832	0.9625543355941772
ttH_ntuple	/eos/ihep/cms/store/user/coli/datasets/hh4b/inference/ttH_ntuple/selected_ntuples_0000.root	160	167	167	False	ensemble	137	30	0.020187568533136375	0.05689465440809727	0.9229177633921305
ttH_ntuple	/eos/ihep/cms/store/user/coli/datasets/hh4b/inference/ttH_ntuple/selected_ntuples_0000.root	161	120	120	False	ensemble	137	35	0.004774404033156432	0.0008117467708264788	0.9944138725598654
ttH_ntuple	/eos/ihep/cms/store/user/coli/datasets/hh4b/inference/ttH_ntuple/selected_ntuples_0000.root	162	161	161	False	ensemble	137	128	2.4129300477523567e-06	1.5983160868889476e-07	0.9999974171320597
ttH_ntuple	/eos/ihep/cms/store/user/coli/datasets/hh4b/inference/ttH_ntuple/selected_ntuples_0000.root	163	64	64	False	ensemble	137	114	1.3957667635628964e-12	1.9284981042949243e-13	1.0
ttH_ntuple	/eos/ihep/cms/store/user/coli/datasets/hh4b/inference/ttH_ntuple/selected_ntuples_0000.root	164	174	174	False	ensemble	136	122	0.19719494188264736	0.7886151671409607	0.014189881583054861
ttH_ntuple	/eos/ihep/cms/store/user/coli/datasets/hh4b/inference/ttH_ntuple/selected_ntuples_0000.root	165	142	142	False	ensemble	137	109	0.033855451829216086	0.16977268705765405	0.7963718970616659
ttH_ntuple	/eos/ihep/cms/store/user/coli/datasets/hh4b/inference/ttH_ntuple/selected_ntuples_0000.root	166	183	183	False	ensemble	137	96	0.942207235695302	0.010731983308990797	0.04706074918309847
ttH_ntuple	/eos/ihep/cms/store/user/coli/datasets/hh4b/inference/ttH_ntuple/selected_ntuples_0000.root	167	185	185	False	ensemble	137	92	0.023607489068482458	0.0013385852022717397	0.9750538865725199
ttH_ntuple	/eos/ihep/cms/store/user/coli/datasets/hh4b/inference/ttH_ntuple/selected_ntuples_0000.root	168	57	57	False	ensemble	137	109	0.9181749982769059	0.012547796281675497	0.06927716732025146
ttH_ntuple	/eos/ihep/cms/store/user/coli/datasets/hh4b/inference/ttH_ntuple/selected_ntuples_0000.root	169	196	196	False	ensemble	137	109	0.1303523594060607	0.07833301524321239	0.7913146217664083
ttH_ntuple	/eos/ihep/cms/store/user/coli/datasets/hh4b/inference/ttH_ntuple/selected_ntuples_0000.root	170	94	94	False	ensemble	111	111	0.9813746980050079	0.01053143913547198	0.008093860000371933
ttH_ntuple	/eos/ihep/cms/store/user/coli/datasets/hh4b/inference/ttH_ntuple/selected_ntuples_0000.root	171	118	118	False	ensemble	136	107	0.0808575781911524	0.6627708872159322	0.25637151797612506
ttH_ntuple	/eos/ihep/cms/store/user/coli/datasets/hh4b/inference/ttH_ntuple/selected_ntuples_0000.root	172	106	106	False	ensemble	62	62	0.9968185699395395	0.002814299970244368	0.0003671739056395988
ttH_ntuple	/eos/ihep/cms/store/user/coli/datasets/hh4b/inference/ttH_ntuple/selected_ntuples_0000.root	173	192	192	False	ensemble	137	99	0.0007680676169592581	1.7863545925441333e-06	0.9992301265398661
ttH_ntuple	/eos/ihep/cms/store/user/coli/datasets/hh4b/inference/ttH_ntuple/selected_ntuples_0000.root	174	112	112	False	ensemble	137	134	1.9667978383815781e-10	7.80562470851139e-12	1.0
ttH_ntuple	/eos/ihep/cms/store/user/coli/datasets/hh4b/inference/ttH_ntuple/selected_ntuples_0000.root	175	170	170	False	ensemble	137	111	0.00016380140540400712	0.0012145746004534885	0.9986215432484945
ttH_ntuple	/eos/ihep/cms/store/user/coli/datasets/hh4b/inference/ttH_ntuple/selected_ntuples_0000.root	176	186	186	False	ensemble	137	105	0.06445691876480926	0.01599059005578359	0.9195524851481119
ttH_ntuple	/eos/ihep/cms/store/user/coli/datasets/hh4b/inference/ttH_ntuple/selected_ntuples_0000.root	177	92	92	False	ensemble	137	134	8.583648989988813e-12	3.740617796341046e-13	1.0
ttH_ntuple	/eos/ihep/cms/store/user/coli/datasets/hh4b/inference/ttH_ntuple/selected_ntuples_0000.root	178	114	114	False	ensemble	137	90	0.014612215361040626	0.001739653719899555	0.9836480816205343
ttH_ntuple	/eos/ihep/cms/store/user/coli/datasets/hh4b/inference/ttH_ntuple/selected_ntuples_0000.root	179	79	79	False	ensemble	137	90	1.052954355800596e-08	1.3378851637657618e-08	1.0
ttH_ntuple	/eos/ihep/cms/store/user/coli/datasets/hh4b/inference/ttH_ntuple/selected_ntuples_0000.root	180	120	120	False	ensemble	136	106	0.9405640300647065	0.051720173408587776	0.007715827319771051
ttH_ntuple	/eos/ihep/cms/store/user/coli/datasets/hh4b/inference/ttH_ntuple/selected_ntuples_0000.root	181	135	135	False	ensemble	137	129	0.37661735911010413	0.0007100428726213673	0.6226725876331329
ttH_ntuple	/eos/ihep/cms/store/user/coli/datasets/hh4b/inference/ttH_ntuple/selected_ntuples_0000.root	182	78	78	False	ensemble	137	37	0.00010335658049139343	4.1595270747762925e-06	0.9998924930890402
ttH_ntuple	/eos/ihep/cms/store/user/coli/datasets/hh4b/inference/ttH_ntuple/selected_ntuples_0000.root	183	117	117	False	ensemble	137	114	7.388700092933763e-12	4.791319462832248e-13	1.0
ttH_ntuple	/eos/ihep/cms/store/user/coli/datasets/hh4b/inference/ttH_ntuple/selected_ntuples_0000.root	184	169	169	False	ensemble	82	82	0.9857407923468979	0.012824682829280695	0.0014345250674523413
ttH_ntuple	/eos/ihep/cms/store/user/coli/datasets/hh4b/inference/ttH_ntuple/selected_ntuples_0000.root	185	164	164	False	ensemble	137	64	0.0005887826066547407	2.714530220752446e-06	0.999408503373464
ttH_ntuple	/eos/ihep/cms/store/user/coli/datasets/hh4b/inference/ttH_ntuple/selected_ntuples_0000.root	186	156	156	False	ensemble	9	9	0.9495994008627047	0.010336365240315596	0.04006420262157917
ttH_ntuple	/eos/ihep/cms/store/user/coli/datasets/hh4b/inference/ttH_ntuple/selected_ntuples_0000.root	187	178	178	False	ensemble	137	132	0.0606211793002842	0.44801653424898785	0.4913623034954071
ttH_ntuple	/eos/ihep/cms/store/user/coli/datasets/hh4b/inference/ttH_ntuple/selected_ntuples_0000.root	188	115	115	False	ensemble	137	86	5.26805804468763e-05	2.0737009435833897e-05	0.9999265670776367
ttH_ntuple	/eos/ihep/cms/store/user/coli/datasets/hh4b/inference/ttH_ntuple/selected_ntuples_0000.root	189	121	121	False	ensemble	137	60	0.000547050156144128	1.9886284159535233e-05	0.9994330406188965
ttH_ntuple	/eos/ihep/cms/store/user/coli/datasets/hh4b/inference/ttH_ntuple/selected_ntuples_0000.root	190	186	186	False	ensemble	137	132	0.8049926723464674	0.0039953491650521755	0.19101200004418692
ttH_ntuple	/eos/ihep/cms/store/user/coli/datasets/hh4b/inference/ttH_ntuple/selected_ntuples_0000.root	191	168	168	False	ensemble	132	132	0.9456303209603144	0.03324417769908905	0.021125525546570618
ttH_ntuple	/eos/ihep/cms/store/user/coli/datasets/hh4b/inference/ttH_ntuple/selected_ntuples_0000.root	192	118	118	False	ensemble	93	93	0.9051011902334569	0.0866354579726855	0.008263414104779562
ttH_ntuple	/eos/ihep/cms/store/user/coli/datasets/hh4b/inference/ttH_ntuple/selected_ntuples_0000.root	193	116	116	False	ensemble	137	114	1.2199713248652872e-11	1.1724623098930086e-12	1.0
ttH_ntuple	/eos/ihep/cms/store/user/coli/datasets/hh4b/inference/ttH_ntuple/selected_ntuples_0000.root	194	163	163	False	ensemble	137	134	0.9614129033519323	0.018882766366004944	0.019704324503739674
ttH_ntuple	/eos/ihep/cms/store/user/coli/datasets/hh4b/inference/ttH_ntuple/selected_ntuples_0000.root	195	123	123	False	ensemble	137	109	0.025007786207174774	0.00043289110908517614	0.9745593269666036
ttH_ntuple	/eos/ihep/cms/store/user/coli/datasets/hh4b/inference/ttH_ntuple/selected_ntuples_0000.root	196	209	209	False	ensemble	137	109	0.08136730303070769	0.0002856528117263224	0.9183469812075297
ttH_ntuple	/eos/ihep/cms/store/user/coli/datasets/hh4b/inference/ttH_ntuple/selected_ntuples_0000.root	197	161	161	False	ensemble	137	68	0.006189421462587793	0.0002574039293297877	0.9935532212257385
ttH_ntuple	/eos/ihep/cms/store/user/coli/datasets/hh4b/inference/ttH_ntuple/selected_ntuples_0000.root	198	137	137	False	ensemble	137	134	1.3929228009940544e-07	6.379307822731069e-09	0.9999999205271403
ttH_ntuple	/eos/ihep/cms/store/user/coli/datasets/hh4b/inference/ttH_ntuple/selected_ntuples_0000.root	199	98	98	False	ensemble	137	132	0.15099644382607497	0.0001992081306525506	0.8488043546676636
ttH_ntuple	/eos/ihep/cms/store/user/coli/datasets/hh4b/inference/ttH_ntuple/selected_ntuples_0000.root	200	174	174	False	ensemble	137	134	5.783343179472568e-06	1.455428323045756e-06	0.999992847442627
ttH_ntuple	/eos/ihep/cms/store/user/coli/datasets/hh4b/inference/ttH_ntuple/selected_ntuples_0000.root	201	102	102	False	ensemble	137	114	3.2835139015006545e-12	1.1541295911920395e-12	1.0
ttH_ntuple	/eos/ihep/cms/store/user/coli/datasets/hh4b/inference/ttH_ntuple/selected_ntuples_0000.root	202	190	190	False	ensemble	137	109	0.0020257733860100657	2.44663472888836e-05	0.9979497392972311
ttH_ntuple	/eos/ihep/cms/store/user/coli/datasets/hh4b/inference/ttH_ntuple/selected_ntuples_0000.root	203	97	97	False	ensemble	137	134	5.92649758428615e-09	2.5780700315299516e-08	1.0
ttH_ntuple	/eos/ihep/cms/store/user/coli/datasets/hh4b/inference/ttH_ntuple/selected_ntuples_0000.root	204	160	160	False	ensemble	137	39	0.002728055033511774	1.3819700844427036e-06	0.9972706039746603
ttH_ntuple	/eos/ihep/cms/store/user/coli/datasets/hh4b/inference/ttH_ntuple/selected_ntuples_0000.root	205	151	151	False	ensemble	137	15	0.004336620314451997	0.0020427138078957796	0.9936206539471945
ttH_ntuple	/eos/ihep/cms/store/user/coli/datasets/hh4b/inference/ttH_ntuple/selected_ntuples_0000.root	206	145	145	False	ensemble	137	105	0.3024845904896741	0.13274129728476206	0.5647741158803304
ttH_ntuple	/eos/ihep/cms/store/user/coli/datasets/hh4b/inference/ttH_ntuple/selected_ntuples_0000.root	207	74	74	False	ensemble	137	44	3.273214953350127e-05	1.1219163245831016e-06	0.9999661445617676
ttH_ntuple	/eos/ihep/cms/store/user/coli/datasets/hh4b/inference/ttH_ntuple/selected_ntuples_0000.root	208	115	115	False	ensemble	137	114	0.00011678923123716797	2.4802302201957598e-05	0.9998584588368734
ttH_ntuple	/eos/ihep/cms/store/user/coli/datasets/hh4b/inference/ttH_ntuple/selected_ntuples_0000.root	209	226	226	False	ensemble	137	134	0.37988903734852403	0.024875153476993244	0.5952357848485311
ttH_ntuple	/eos/ihep/cms/store/user/coli/datasets/hh4b/inference/ttH_ntuple/selected_ntuples_0000.root	210	96	96	False	ensemble	137	122	0.002090496919006091	0.0021971275952334204	0.9957123597462972
ttH_ntuple	/eos/ihep/cms/store/user/coli/datasets/hh4b/inference/ttH_ntuple/selected_ntuples_0000.root	211	178	178	False	ensemble	137	114	0.0015863927104347861	7.3263140620838385e-06	0.9984063108762106
ttH_ntuple	/eos/ihep/cms/store/user/coli/datasets/hh4b/inference/ttH_ntuple/selected_ntuples_0000.root	212	72	72	False	ensemble	137	132	1.7098970411021275e-08	2.1872025857128108e-09	1.0
ttH_ntuple	/eos/ihep/cms/store/user/coli/datasets/hh4b/inference/ttH_ntuple/selected_ntuples_0000.root	213	319	256	True	ensemble	137	44	0.03644539562073135	0.0011796905988982569	0.9623749057451884
ttH_ntuple	/eos/ihep/cms/store/user/coli/datasets/hh4b/inference/ttH_ntuple/selected_ntuples_0000.root	214	142	142	False	ensemble	137	134	2.062441742790539e-08	1.1305655300830608e-09	1.0
ttH_ntuple	/eos/ihep/cms/store/user/coli/datasets/hh4b/inference/ttH_ntuple/selected_ntuples_0000.root	215	180	180	False	ensemble	137	134	0.1729211565104265	0.24691828340291977	0.580160508553187
ttH_ntuple	/eos/ihep/cms/store/user/coli/datasets/hh4b/inference/ttH_ntuple/selected_ntuples_0000.root	216	121	121	False	ensemble	137	128	0.0001705945716252479	6.277872110634537e-05	0.9997666478157043
ttH_ntuple	/eos/ihep/cms/store/user/coli/datasets/hh4b/inference/ttH_ntuple/selected_ntuples_0000.root	217	157	157	False	ensemble	137	69	0.5764040199414495	0.03420350545396408	0.3893924256165822
ttH_ntuple	/eos/ihep/cms/store/user/coli/datasets/hh4b/inference/ttH_ntuple/selected_ntuples_0000.root	218	183	183	False	ensemble	137	134	0.022014735368603766	0.00020121543821005616	0.9777840574582418
ttH_ntuple	/eos/ihep/cms/store/user/coli/datasets/hh4b/inference/ttH_ntuple/selected_ntuples_0000.root	219	135	135	False	ensemble	136	134	0.31767542795387266	0.5388853549957275	0.14343918611605963
ttH_ntuple	/eos/ihep/cms/store/user/coli/datasets/hh4b/inference/ttH_ntuple/selected_ntuples_0000.root	220	151	151	False	ensemble	137	109	2.334403491144477e-05	7.149252496674308e-07	0.9999759594599406
ttH_ntuple	/eos/ihep/cms/store/user/coli/datasets/hh4b/inference/ttH_ntuple/selected_ntuples_0000.root	221	175	175	False	ensemble	137	101	0.020486481337537867	0.00011754413571907207	0.9793959856033325
ttH_ntuple	/eos/ihep/cms/store/user/coli/datasets/hh4b/inference/ttH_ntuple/selected_ntuples_0000.root	222	154	154	False	ensemble	137	104	0.4987398319910253	0.0013767568937813242	0.49988340338071185
ttH_ntuple	/eos/ihep/cms/store/user/coli/datasets/hh4b/inference/ttH_ntuple/selected_ntuples_0000.root	223	149	149	False	ensemble	137	92	0.756522897292901	0.012481250800192356	0.2309958835442861
ttH_ntuple	/eos/ihep/cms/store/user/coli/datasets/hh4b/inference/ttH_ntuple/selected_ntuples_0000.root	224	234	234	False	ensemble	137	114	0.894770129940099	0.007076327999432881	0.09815354148546855
ttH_ntuple	/eos/ihep/cms/store/user/coli/datasets/hh4b/inference/ttH_ntuple/selected_ntuples_0000.root	225	113	113	False	ensemble	137	114	2.3089936545742557e-09	5.775100120342103e-10	1.0
ttH_ntuple	/eos/ihep/cms/store/user/coli/datasets/hh4b/inference/ttH_ntuple/selected_ntuples_0000.root	226	140	140	False	ensemble	137	13	0.00016264618899800948	6.17053024143388e-06	0.9998312195142111
ttH_ntuple	/eos/ihep/cms/store/user/coli/datasets/hh4b/inference/ttH_ntuple/selected_ntuples_0000.root	227	123	123	False	ensemble	137	114	3.7320427977579505e-08	2.937471007176858e-09	1.0
ttH_ntuple	/eos/ihep/cms/store/user/coli/datasets/hh4b/inference/ttH_ntuple/selected_ntuples_0000.root	228	122	122	False	ensemble	137	92	0.3528476918933923	0.03186394087970257	0.6152884066104889
ttH_ntuple	/eos/ihep/cms/store/user/coli/datasets/hh4b/inference/ttH_ntuple/selected_ntuples_0000.root	229	138	138	False	ensemble	136	127	0.6149327149250894	0.2919096201658249	0.09315758943557739
ttH_ntuple	/eos/ihep/cms/store/user/coli/datasets/hh4b/inference/ttH_ntuple/selected_ntuples_0000.root	230	73	73	False	ensemble	137	90	9.196535594212804e-06	1.0053906256265085e-05	0.9999807675679525
ttH_ntuple	/eos/ihep/cms/store/user/coli/datasets/hh4b/inference/ttH_ntuple/selected_ntuples_0000.root	231	188	188	False	ensemble	137	95	0.4350348765850593	0.0015621647665587564	0.5634029706319174
ttH_ntuple	/eos/ihep/cms/store/user/coli/datasets/hh4b/inference/ttH_ntuple/selected_ntuples_0000.root	232	65	65	False	ensemble	137	90	9.909595243560681e-07	2.0949488780767447e-07	0.9999987284342448
ttH_ntuple	/eos/ihep/cms/store/user/coli/datasets/hh4b/inference/ttH_ntuple/selected_ntuples_0000.root	233	134	134	False	ensemble	137	122	0.5478672285380526	0.08182180672883987	0.3703109622001648
ttH_ntuple	/eos/ihep/cms/store/user/coli/datasets/hh4b/inference/ttH_ntuple/selected_ntuples_0000.root	234	225	225	False	ensemble	137	134	0.23475184937077148	0.0032521499476085105	0.7619959910710653
ttH_ntuple	/eos/ihep/cms/store/user/coli/datasets/hh4b/inference/ttH_ntuple/selected_ntuples_0000.root	235	205	205	False	ensemble	137	134	4.707329475391332e-06	5.803383042272495e-07	0.9999946753184
ttH_ntuple	/eos/ihep/cms/store/user/coli/datasets/hh4b/inference/ttH_ntuple/selected_ntuples_0000.root	236	180	180	False	ensemble	137	69	0.040407065321668746	0.00046067045574697357	0.9591322739919027
ttH_ntuple	/eos/ihep/cms/store/user/coli/datasets/hh4b/inference/ttH_ntuple/selected_ntuples_0000.root	237	166	166	False	ensemble	137	82	0.6039552595890593	0.0013763886915209393	0.3946683406829834
ttH_ntuple	/eos/ihep/cms/store/user/coli/datasets/hh4b/inference/ttH_ntuple/selected_ntuples_0000.root	238	193	193	False	ensemble	137	90	0.029668411816336022	0.01759675828119119	0.9527348081270853
ttH_ntuple	/eos/ihep/cms/store/user/coli/datasets/hh4b/inference/ttH_ntuple/selected_ntuples_0000.root	239	140	140	False	ensemble	136	15	0.19565949198067756	0.7604338526725769	0.043906632189949356
ttH_ntuple	/eos/ihep/cms/store/user/coli/datasets/hh4b/inference/ttH_ntuple/selected_ntuples_0000.root	240	143	143	False	ensemble	136	30	0.7827992765184415	0.1862809161345164	0.030919767295320828
ttH_ntuple	/eos/ihep/cms/store/user/coli/datasets/hh4b/inference/ttH_ntuple/selected_ntuples_0000.root	241	90	90	False	ensemble	137	114	2.806381004199635e-10	7.920643145271217e-12	1.0
ttH_ntuple	/eos/ihep/cms/store/user/coli/datasets/hh4b/inference/ttH_ntuple/selected_ntuples_0000.root	242	156	156	False	ensemble	137	99	0.0006759414668807603	3.069888407480903e-05	0.9992933471997579
ttH_ntuple	/eos/ihep/cms/store/user/coli/datasets/hh4b/inference/ttH_ntuple/selected_ntuples_0000.root	243	51	51	False	ensemble	137	128	6.315565699460452e-07	1.1630795456370654e-08	0.9999994039535522
ttH_ntuple	/eos/ihep/cms/store/user/coli/datasets/hh4b/inference/ttH_ntuple/selected_ntuples_0000.root	244	130	130	False	ensemble	137	107	3.77677732489222e-10	9.802819359021041e-12	1.0
ttH_ntuple	/eos/ihep/cms/store/user/coli/datasets/hh4b/inference/ttH_ntuple/selected_ntuples_0000.root	245	160	160	False	ensemble	137	132	0.0002958724127525939	0.005234938890983661	0.9944691856702169
ttH_ntuple	/eos/ihep/cms/store/user/coli/datasets/hh4b/inference/ttH_ntuple/selected_ntuples_0000.root	246	163	163	False	ensemble	136	71	0.3755689413422563	0.6184806029001871	0.005950433202087879
ttH_ntuple	/eos/ihep/cms/store/user/coli/datasets/hh4b/inference/ttH_ntuple/selected_ntuples_0000.root	247	153	153	False	ensemble	137	134	0.01610562138088782	0.03648388758301735	0.9474104841550192
ttH_ntuple	/eos/ihep/cms/store/user/coli/datasets/hh4b/inference/ttH_ntuple/selected_ntuples_0000.root	248	164	164	False	ensemble	137	15	0.5431154149161255	0.1796861688296	0.2771984040737152
ttH_ntuple	/eos/ihep/cms/store/user/coli/datasets/hh4b/inference/ttH_ntuple/selected_ntuples_0000.root	249	105	105	False	ensemble	137	134	2.4219911691805715e-11	1.3900274748147982e-12	1.0
ttH_ntuple	/eos/ihep/cms/store/user/coli/datasets/hh4b/inference/ttH_ntuple/selected_ntuples_0000.root	250	90	90	False	ensemble	137	101	0.09946400744109951	0.007730441400781274	0.8928055564562479
ttH_ntuple	/eos/ihep/cms/store/user/coli/datasets/hh4b/inference/ttH_ntuple/selected_ntuples_0000.root	251	245	245	False	ensemble	137	44	0.6370919776172741	0.15476802984873453	0.2081399808327357
ttH_ntuple	/eos/ihep/cms/store/user/coli/datasets/hh4b/inference/ttH_ntuple/selected_ntuples_0000.root	252	101	101	False	ensemble	137	129	0.007919427417661495	0.001267663164374729	0.9908129175504049
ttH_ntuple	/eos/ihep/cms/store/user/coli/datasets/hh4b/inference/ttH_ntuple/selected_ntuples_0000.root	253	101	101	False	ensemble	137	101	0.03153613745180254	0.0007544190545255939	0.967709461847941
ttH_ntuple	/eos/ihep/cms/store/user/coli/datasets/hh4b/inference/ttH_ntuple/selected_ntuples_0000.root	254	187	187	False	ensemble	137	114	0.3427471204702215	0.003179873999518653	0.654073029756546
ttH_ntuple	/eos/ihep/cms/store/user/coli/datasets/hh4b/inference/ttH_ntuple/selected_ntuples_0000.root	255	133	133	False	ensemble	136	94	0.08113889349344086	0.8080537915229797	0.11080734431743622
