eos_directory	listed_path	artifact_types	event_payload	bundle_archive	raw_listing_line
/store/user/iturkmen/hh4b_delphes/run2_13tev/frozen_v2/bundles/bbh_hbb_4fs_pilot10k_20260722_v1	/store/user/iturkmen/hh4b_delphes/run2_13tev/frozen_v2/bundles/bbh_hbb_4fs_pilot10k_20260722_v1/bbh_hbb_4fs_run2_frozen_v2_pilot_shard9602_10k_bundle.tar.gz	bundle_archive	False	True	-rw-r--r-- iturkmen us_cms 864708870 2026-07-22 21:20:43 /store/user/iturkmen/hh4b_delphes/run2_13tev/frozen_v2/bundles/bbh_hbb_4fs_pilot10k_20260722_v1/bbh_hbb_4fs_run2_frozen_v2_pilot_shard9602_10k_bundle.tar.gz
/store/user/iturkmen/hh4b_delphes/run2_13tev/frozen_v2/bundles/bbh_hbb_4fs_scaleout40k_20260722_v1	/store/user/iturkmen/hh4b_delphes/run2_13tev/frozen_v2/bundles/bbh_hbb_4fs_scaleout40k_20260722_v1/bbh_hbb_4fs_run2_frozen_v2_train_shard9801_10k_bundle.tar.gz	bundle_archive	False	True	-rw-r--r-- iturkmen us_cms 856367444 2026-07-23 02:27:48 /store/user/iturkmen/hh4b_delphes/run2_13tev/frozen_v2/bundles/bbh_hbb_4fs_scaleout40k_20260722_v1/bbh_hbb_4fs_run2_frozen_v2_train_shard9801_10k_bundle.tar.gz
/store/user/iturkmen/hh4b_delphes/run2_13tev/frozen_v2/bundles/bbh_hbb_4fs_scaleout40k_20260722_v1	/store/user/iturkmen/hh4b_delphes/run2_13tev/frozen_v2/bundles/bbh_hbb_4fs_scaleout40k_20260722_v1/bbh_hbb_4fs_run2_frozen_v2_train_shard9802_10k_bundle.tar.gz	bundle_archive	False	True	-rw-r--r-- iturkmen us_cms 871047263 2026-07-23 02:35:51 /store/user/iturkmen/hh4b_delphes/run2_13tev/frozen_v2/bundles/bbh_hbb_4fs_scaleout40k_20260722_v1/bbh_hbb_4fs_run2_frozen_v2_train_shard9802_10k_bundle.tar.gz
/store/user/iturkmen/hh4b_delphes/run2_13tev/frozen_v2/bundles/bbh_hbb_4fs_scaleout40k_20260722_v1	/store/user/iturkmen/hh4b_delphes/run2_13tev/frozen_v2/bundles/bbh_hbb_4fs_scaleout40k_20260722_v1/bbh_hbb_4fs_run2_frozen_v2_train_shard9803_10k_bundle.tar.gz	bundle_archive	False	True	-rw-r--r-- iturkmen us_cms 862103436 2026-07-23 02:28:43 /store/user/iturkmen/hh4b_delphes/run2_13tev/frozen_v2/bundles/bbh_hbb_4fs_scaleout40k_20260722_v1/bbh_hbb_4fs_run2_frozen_v2_train_shard9803_10k_bundle.tar.gz
/store/user/iturkmen/hh4b_delphes/run2_13tev/frozen_v2/bundles/bbh_hbb_4fs_scaleout40k_20260722_v1	/store/user/iturkmen/hh4b_delphes/run2_13tev/frozen_v2/bundles/bbh_hbb_4fs_scaleout40k_20260722_v1/bbh_hbb_4fs_run2_frozen_v2_train_shard9804_10k_bundle.tar.gz	bundle_archive	False	True	-rw-r--r-- iturkmen us_cms 865922056 2026-07-23 02:29:34 /store/user/iturkmen/hh4b_delphes/run2_13tev/frozen_v2/bundles/bbh_hbb_4fs_scaleout40k_20260722_v1/bbh_hbb_4fs_run2_frozen_v2_train_shard9804_10k_bundle.tar.gz
/store/user/iturkmen/hh4b_delphes/run2_13tev/frozen_v2/bundles/ggh_hbb_pilot10k_20260722_v1	/store/user/iturkmen/hh4b_delphes/run2_13tev/frozen_v2/bundles/ggh_hbb_pilot10k_20260722_v1/ggh_hbb_run2_frozen_v2_pilot_shard9601_10k_bundle.tar.gz	bundle_archive	False	True	-rw-r--r-- iturkmen us_cms 783232189 2026-07-22 21:21:22 /store/user/iturkmen/hh4b_delphes/run2_13tev/frozen_v2/bundles/ggh_hbb_pilot10k_20260722_v1/ggh_hbb_run2_frozen_v2_pilot_shard9601_10k_bundle.tar.gz
/store/user/iturkmen/hh4b_delphes/run2_13tev/frozen_v2/bundles/ggh_hbb_scaleout90k_20260722_v1	/store/user/iturkmen/hh4b_delphes/run2_13tev/frozen_v2/bundles/ggh_hbb_scaleout90k_20260722_v1/ggh_hbb_run2_frozen_v2_train_shard9701_10k_bundle.tar.gz	bundle_archive	False	True	-rw-r--r-- iturkmen us_cms 775236693 2026-07-23 02:38:23 /store/user/iturkmen/hh4b_delphes/run2_13tev/frozen_v2/bundles/ggh_hbb_scaleout90k_20260722_v1/ggh_hbb_run2_frozen_v2_train_shard9701_10k_bundle.tar.gz
/store/user/iturkmen/hh4b_delphes/run2_13tev/frozen_v2/bundles/ggh_hbb_scaleout90k_20260722_v1	/store/user/iturkmen/hh4b_delphes/run2_13tev/frozen_v2/bundles/ggh_hbb_scaleout90k_20260722_v1/ggh_hbb_run2_frozen_v2_train_shard9702_10k_bundle.tar.gz	bundle_archive	False	True	-rw-r--r-- iturkmen us_cms 774130291 2026-07-23 02:31:38 /store/user/iturkmen/hh4b_delphes/run2_13tev/frozen_v2/bundles/ggh_hbb_scaleout90k_20260722_v1/ggh_hbb_run2_frozen_v2_train_shard9702_10k_bundle.tar.gz
/store/user/iturkmen/hh4b_delphes/run2_13tev/frozen_v2/bundles/ggh_hbb_scaleout90k_20260722_v1	/store/user/iturkmen/hh4b_delphes/run2_13tev/frozen_v2/bundles/ggh_hbb_scaleout90k_20260722_v1/ggh_hbb_run2_frozen_v2_train_shard9703_10k_bundle.tar.gz	bundle_archive	False	True	-rw-r--r-- iturkmen us_cms 774270506 2026-07-23 02:32:43 /store/user/iturkmen/hh4b_delphes/run2_13tev/frozen_v2/bundles/ggh_hbb_scaleout90k_20260722_v1/ggh_hbb_run2_frozen_v2_train_shard9703_10k_bundle.tar.gz
/store/user/iturkmen/hh4b_delphes/run2_13tev/frozen_v2/bundles/ggh_hbb_scaleout90k_20260722_v1	/store/user/iturkmen/hh4b_delphes/run2_13tev/frozen_v2/bundles/ggh_hbb_scaleout90k_20260722_v1/ggh_hbb_run2_frozen_v2_train_shard9704_10k_bundle.tar.gz	bundle_archive	False	True	-rw-r--r-- iturkmen us_cms 771598994 2026-07-23 02:28:27 /store/user/iturkmen/hh4b_delphes/run2_13tev/frozen_v2/bundles/ggh_hbb_scaleout90k_20260722_v1/ggh_hbb_run2_frozen_v2_train_shard9704_10k_bundle.tar.gz
/store/user/iturkmen/hh4b_delphes/run2_13tev/frozen_v2/bundles/ggh_hbb_scaleout90k_20260722_v1	/store/user/iturkmen/hh4b_delphes/run2_13tev/frozen_v2/bundles/ggh_hbb_scaleout90k_20260722_v1/ggh_hbb_run2_frozen_v2_train_shard9705_10k_bundle.tar.gz	bundle_archive	False	True	-rw-r--r-- iturkmen us_cms 776857707 2026-07-23 02:38:39 /store/user/iturkmen/hh4b_delphes/run2_13tev/frozen_v2/bundles/ggh_hbb_scaleout90k_20260722_v1/ggh_hbb_run2_frozen_v2_train_shard9705_10k_bundle.tar.gz
/store/user/iturkmen/hh4b_delphes/run2_13tev/frozen_v2/bundles/ggh_hbb_scaleout90k_20260722_v1	/store/user/iturkmen/hh4b_delphes/run2_13tev/frozen_v2/bundles/ggh_hbb_scaleout90k_20260722_v1/ggh_hbb_run2_frozen_v2_train_shard9706_10k_bundle.tar.gz	bundle_archive	False	True	-rw-r--r-- iturkmen us_cms 777667205 2026-07-23 03:06:59 /store/user/iturkmen/hh4b_delphes/run2_13tev/frozen_v2/bundles/ggh_hbb_scaleout90k_20260722_v1/ggh_hbb_run2_frozen_v2_train_shard9706_10k_bundle.tar.gz
/store/user/iturkmen/hh4b_delphes/run2_13tev/frozen_v2/bundles/ggh_hbb_scaleout90k_20260722_v1	/store/user/iturkmen/hh4b_delphes/run2_13tev/frozen_v2/bundles/ggh_hbb_scaleout90k_20260722_v1/ggh_hbb_run2_frozen_v2_train_shard9707_10k_bundle.tar.gz	bundle_archive	False	True	-rw-r--r-- iturkmen us_cms 784626037 2026-07-23 02:51:39 /store/user/iturkmen/hh4b_delphes/run2_13tev/frozen_v2/bundles/ggh_hbb_scaleout90k_20260722_v1/ggh_hbb_run2_frozen_v2_train_shard9707_10k_bundle.tar.gz
/store/user/iturkmen/hh4b_delphes/run2_13tev/frozen_v2/bundles/ggh_hbb_scaleout90k_20260722_v1	/store/user/iturkmen/hh4b_delphes/run2_13tev/frozen_v2/bundles/ggh_hbb_scaleout90k_20260722_v1/ggh_hbb_run2_frozen_v2_train_shard9708_10k_bundle.tar.gz	bundle_archive	False	True	-rw-r--r-- iturkmen us_cms 776486435 2026-07-23 02:51:24 /store/user/iturkmen/hh4b_delphes/run2_13tev/frozen_v2/bundles/ggh_hbb_scaleout90k_20260722_v1/ggh_hbb_run2_frozen_v2_train_shard9708_10k_bundle.tar.gz
/store/user/iturkmen/hh4b_delphes/run2_13tev/frozen_v2/bundles/ggh_hbb_scaleout90k_20260722_v1	/store/user/iturkmen/hh4b_delphes/run2_13tev/frozen_v2/bundles/ggh_hbb_scaleout90k_20260722_v1/ggh_hbb_run2_frozen_v2_validation_shard9709_10k_bundle.tar.gz	bundle_archive	False	True	-rw-r--r-- iturkmen us_cms 773212204 2026-07-23 02:36:59 /store/user/iturkmen/hh4b_delphes/run2_13tev/frozen_v2/bundles/ggh_hbb_scaleout90k_20260722_v1/ggh_hbb_run2_frozen_v2_validation_shard9709_10k_bundle.tar.gz
/store/user/iturkmen/hh4b_delphes/run2_13tev/frozen_v2/bundles/unified_background_5m_wavea_pilots_20260720_retry1	/store/user/iturkmen/hh4b_delphes/run2_13tev/frozen_v2/bundles/unified_background_5m_wavea_pilots_20260720_retry1/qcd_bbbb_general_run2_frozen_v2_unified5m_pilot_shard000_10k_bundle.tar.gz	bundle_archive	False	True	-rw-r--r-- iturkmen us_cms 867076826 2026-07-20 23:42:54 /store/user/iturkmen/hh4b_delphes/run2_13tev/frozen_v2/bundles/unified_background_5m_wavea_pilots_20260720_retry1/qcd_bbbb_general_run2_frozen_v2_unified5m_pilot_shard000_10k_bundle.tar.gz
/store/user/iturkmen/hh4b_delphes/run2_13tev/frozen_v2/bundles/unified_background_5m_wavea_pilots_20260720_retry1	/store/user/iturkmen/hh4b_delphes/run2_13tev/frozen_v2/bundles/unified_background_5m_wavea_pilots_20260720_retry1/qcd_bbbb_iht400to600_run2_frozen_v2_unified5m_pilot_shard000_10k_bundle.tar.gz	bundle_archive	False	True	-rw-r--r-- iturkmen us_cms 961579902 2026-07-20 23:42:42 /store/user/iturkmen/hh4b_delphes/run2_13tev/frozen_v2/bundles/unified_background_5m_wavea_pilots_20260720_retry1/qcd_bbbb_iht400to600_run2_frozen_v2_unified5m_pilot_shard000_10k_bundle.tar.gz
/store/user/iturkmen/hh4b_delphes/run2_13tev/frozen_v2/bundles/unified_background_5m_wavea_pilots_20260720_retry1	/store/user/iturkmen/hh4b_delphes/run2_13tev/frozen_v2/bundles/unified_background_5m_wavea_pilots_20260720_retry1/ttbar_inclusive_run2_frozen_v2_unified5m_pilot_shard000_10k_bundle.tar.gz	bundle_archive	False	True	-rw-r--r-- iturkmen us_cms 903935916 2026-07-20 23:03:37 /store/user/iturkmen/hh4b_delphes/run2_13tev/frozen_v2/bundles/unified_background_5m_wavea_pilots_20260720_retry1/ttbar_inclusive_run2_frozen_v2_unified5m_pilot_shard000_10k_bundle.tar.gz
/store/user/iturkmen/hh4b_delphes/run2_13tev/frozen_v2/bundles/unified_background_5m_wavea_pilots_20260720_retry1	/store/user/iturkmen/hh4b_delphes/run2_13tev/frozen_v2/bundles/unified_background_5m_wavea_pilots_20260720_retry1/zbbbb_run2_frozen_v2_unified5m_pilot_shard000_10k_bundle.tar.gz	bundle_archive	False	True	-rw-r--r-- iturkmen us_cms 846981639 2026-07-20 23:32:39 /store/user/iturkmen/hh4b_delphes/run2_13tev/frozen_v2/bundles/unified_background_5m_wavea_pilots_20260720_retry1/zbbbb_run2_frozen_v2_unified5m_pilot_shard000_10k_bundle.tar.gz
/store/user/iturkmen/hh4b_delphes/run2_13tev/frozen_v2/bundles/unified_background_5m_wavea_proven111_20260720_v1	/store/user/iturkmen/hh4b_delphes/run2_13tev/frozen_v2/bundles/unified_background_5m_wavea_proven111_20260720_v1/qcd_bbbb_general_run2_frozen_v2_unified5m_wavea_shard001_10k_bundle.tar.gz	bundle_archive	False	True	-rw-r--r-- iturkmen us_cms 858006894 2026-07-21 06:22:40 /store/user/iturkmen/hh4b_delphes/run2_13tev/frozen_v2/bundles/unified_background_5m_wavea_proven111_20260720_v1/qcd_bbbb_general_run2_frozen_v2_unified5m_wavea_shard001_10k_bundle.tar.gz
/store/user/iturkmen/hh4b_delphes/run2_13tev/frozen_v2/bundles/unified_background_5m_wavea_proven111_20260720_v1	/store/user/iturkmen/hh4b_delphes/run2_13tev/frozen_v2/bundles/unified_background_5m_wavea_proven111_20260720_v1/qcd_bbbb_general_run2_frozen_v2_unified5m_wavea_shard002_10k_bundle.tar.gz	bundle_archive	False	True	-rw-r--r-- iturkmen us_cms 860227234 2026-07-21 06:26:36 /store/user/iturkmen/hh4b_delphes/run2_13tev/frozen_v2/bundles/unified_background_5m_wavea_proven111_20260720_v1/qcd_bbbb_general_run2_frozen_v2_unified5m_wavea_shard002_10k_bundle.tar.gz
/store/user/iturkmen/hh4b_delphes/run2_13tev/frozen_v2/bundles/unified_background_5m_wavea_proven111_20260720_v1	/store/user/iturkmen/hh4b_delphes/run2_13tev/frozen_v2/bundles/unified_background_5m_wavea_proven111_20260720_v1/qcd_bbbb_general_run2_frozen_v2_unified5m_wavea_shard003_10k_bundle.tar.gz	bundle_archive	False	True	-rw-r--r-- iturkmen us_cms 856758257 2026-07-21 06:15:06 /store/user/iturkmen/hh4b_delphes/run2_13tev/frozen_v2/bundles/unified_background_5m_wavea_proven111_20260720_v1/qcd_bbbb_general_run2_frozen_v2_unified5m_wavea_shard003_10k_bundle.tar.gz
/store/user/iturkmen/hh4b_delphes/run2_13tev/frozen_v2/bundles/unified_background_5m_wavea_proven111_20260720_v1	/store/user/iturkmen/hh4b_delphes/run2_13tev/frozen_v2/bundles/unified_background_5m_wavea_proven111_20260720_v1/qcd_bbbb_general_run2_frozen_v2_unified5m_wavea_shard004_10k_bundle.tar.gz	bundle_archive	False	True	-rw-r--r-- iturkmen us_cms 860127934 2026-07-21 06:24:18 /store/user/iturkmen/hh4b_delphes/run2_13tev/frozen_v2/bundles/unified_background_5m_wavea_proven111_20260720_v1/qcd_bbbb_general_run2_frozen_v2_unified5m_wavea_shard004_10k_bundle.tar.gz
/store/user/iturkmen/hh4b_delphes/run2_13tev/frozen_v2/bundles/unified_background_5m_wavea_proven111_20260720_v1	/store/user/iturkmen/hh4b_delphes/run2_13tev/frozen_v2/bundles/unified_background_5m_wavea_proven111_20260720_v1/qcd_bbbb_general_run2_frozen_v2_unified5m_wavea_shard005_10k_bundle.tar.gz	bundle_archive	False	True	-rw-r--r-- iturkmen us_cms 858988647 2026-07-21 06:28:08 /store/user/iturkmen/hh4b_delphes/run2_13tev/frozen_v2/bundles/unified_background_5m_wavea_proven111_20260720_v1/qcd_bbbb_general_run2_frozen_v2_unified5m_wavea_shard005_10k_bundle.tar.gz
/store/user/iturkmen/hh4b_delphes/run2_13tev/frozen_v2/bundles/unified_background_5m_wavea_proven111_20260720_v1	/store/user/iturkmen/hh4b_delphes/run2_13tev/frozen_v2/bundles/unified_background_5m_wavea_proven111_20260720_v1/qcd_bbbb_general_run2_frozen_v2_unified5m_wavea_shard006_10k_bundle.tar.gz	bundle_archive	False	True	-rw-r--r-- iturkmen us_cms 864391350 2026-07-21 06:35:12 /store/user/iturkmen/hh4b_delphes/run2_13tev/frozen_v2/bundles/unified_background_5m_wavea_proven111_20260720_v1/qcd_bbbb_general_run2_frozen_v2_unified5m_wavea_shard006_10k_bundle.tar.gz
/store/user/iturkmen/hh4b_delphes/run2_13tev/frozen_v2/bundles/unified_background_5m_wavea_proven111_20260720_v1	/store/user/iturkmen/hh4b_delphes/run2_13tev/frozen_v2/bundles/unified_background_5m_wavea_proven111_20260720_v1/qcd_bbbb_general_run2_frozen_v2_unified5m_wavea_shard007_10k_bundle.tar.gz	bundle_archive	False	True	-rw-r--r-- iturkmen us_cms 864078521 2026-07-21 06:16:15 /store/user/iturkmen/hh4b_delphes/run2_13tev/frozen_v2/bundles/unified_background_5m_wavea_proven111_20260720_v1/qcd_bbbb_general_run2_frozen_v2_unified5m_wavea_shard007_10k_bundle.tar.gz
/store/user/iturkmen/hh4b_delphes/run2_13tev/frozen_v2/bundles/unified_background_5m_wavea_proven111_20260720_v1	/store/user/iturkmen/hh4b_delphes/run2_13tev/frozen_v2/bundles/unified_background_5m_wavea_proven111_20260720_v1/qcd_bbbb_general_run2_frozen_v2_unified5m_wavea_shard008_10k_bundle.tar.gz	bundle_archive	False	True	-rw-r--r-- iturkmen us_cms 865650072 2026-07-21 06:14:43 /store/user/iturkmen/hh4b_delphes/run2_13tev/frozen_v2/bundles/unified_background_5m_wavea_proven111_20260720_v1/qcd_bbbb_general_run2_frozen_v2_unified5m_wavea_shard008_10k_bundle.tar.gz
/store/user/iturkmen/hh4b_delphes/run2_13tev/frozen_v2/bundles/unified_background_5m_wavea_proven111_20260720_v1	/store/user/iturkmen/hh4b_delphes/run2_13tev/frozen_v2/bundles/unified_background_5m_wavea_proven111_20260720_v1/qcd_bbbb_general_run2_frozen_v2_unified5m_wavea_shard009_10k_bundle.tar.gz	bundle_archive	False	True	-rw-r--r-- iturkmen us_cms 860495511 2026-07-21 06:23:52 /store/user/iturkmen/hh4b_delphes/run2_13tev/frozen_v2/bundles/unified_background_5m_wavea_proven111_20260720_v1/qcd_bbbb_general_run2_frozen_v2_unified5m_wavea_shard009_10k_bundle.tar.gz
/store/user/iturkmen/hh4b_delphes/run2_13tev/frozen_v2/bundles/unified_background_5m_wavea_proven111_20260720_v1	/store/user/iturkmen/hh4b_delphes/run2_13tev/frozen_v2/bundles/unified_background_5m_wavea_proven111_20260720_v1/qcd_bbbb_general_run2_frozen_v2_unified5m_wavea_shard010_10k_bundle.tar.gz	bundle_archive	False	True	-rw-r--r-- iturkmen us_cms 857750083 2026-07-21 06:10:54 /store/user/iturkmen/hh4b_delphes/run2_13tev/frozen_v2/bundles/unified_background_5m_wavea_proven111_20260720_v1/qcd_bbbb_general_run2_frozen_v2_unified5m_wavea_shard010_10k_bundle.tar.gz
/store/user/iturkmen/hh4b_delphes/run2_13tev/frozen_v2/bundles/unified_background_5m_wavea_proven111_20260720_v1	/store/user/iturkmen/hh4b_delphes/run2_13tev/frozen_v2/bundles/unified_background_5m_wavea_proven111_20260720_v1/qcd_bbbb_general_run2_frozen_v2_unified5m_wavea_shard011_10k_bundle.tar.gz	bundle_archive	False	True	-rw-r--r-- iturkmen us_cms 862014375 2026-07-21 06:24:33 /store/user/iturkmen/hh4b_delphes/run2_13tev/frozen_v2/bundles/unified_background_5m_wavea_proven111_20260720_v1/qcd_bbbb_general_run2_frozen_v2_unified5m_wavea_shard011_10k_bundle.tar.gz
/store/user/iturkmen/hh4b_delphes/run2_13tev/frozen_v2/bundles/unified_background_5m_wavea_proven111_20260720_v1	/store/user/iturkmen/hh4b_delphes/run2_13tev/frozen_v2/bundles/unified_background_5m_wavea_proven111_20260720_v1/qcd_bbbb_general_run2_frozen_v2_unified5m_wavea_shard012_10k_bundle.tar.gz	bundle_archive	False	True	-rw-r--r-- iturkmen us_cms 856453001 2026-07-21 06:11:13 /store/user/iturkmen/hh4b_delphes/run2_13tev/frozen_v2/bundles/unified_background_5m_wavea_proven111_20260720_v1/qcd_bbbb_general_run2_frozen_v2_unified5m_wavea_shard012_10k_bundle.tar.gz
/store/user/iturkmen/hh4b_delphes/run2_13tev/frozen_v2/bundles/unified_background_5m_wavea_proven111_20260720_v1	/store/user/iturkmen/hh4b_delphes/run2_13tev/frozen_v2/bundles/unified_background_5m_wavea_proven111_20260720_v1/qcd_bbbb_general_run2_frozen_v2_unified5m_wavea_shard013_10k_bundle.tar.gz	bundle_archive	False	True	-rw-r--r-- iturkmen us_cms 866990605 2026-07-21 06:21:33 /store/user/iturkmen/hh4b_delphes/run2_13tev/frozen_v2/bundles/unified_background_5m_wavea_proven111_20260720_v1/qcd_bbbb_general_run2_frozen_v2_unified5m_wavea_shard013_10k_bundle.tar.gz
/store/user/iturkmen/hh4b_delphes/run2_13tev/frozen_v2/bundles/unified_background_5m_wavea_proven111_20260720_v1	/store/user/iturkmen/hh4b_delphes/run2_13tev/frozen_v2/bundles/unified_background_5m_wavea_proven111_20260720_v1/qcd_bbbb_general_run2_frozen_v2_unified5m_wavea_shard014_10k_bundle.tar.gz	bundle_archive	False	True	-rw-r--r-- iturkmen us_cms 863528417 2026-07-21 06:30:37 /store/user/iturkmen/hh4b_delphes/run2_13tev/frozen_v2/bundles/unified_background_5m_wavea_proven111_20260720_v1/qcd_bbbb_general_run2_frozen_v2_unified5m_wavea_shard014_10k_bundle.tar.gz
/store/user/iturkmen/hh4b_delphes/run2_13tev/frozen_v2/bundles/unified_background_5m_wavea_proven111_20260720_v1	/store/user/iturkmen/hh4b_delphes/run2_13tev/frozen_v2/bundles/unified_background_5m_wavea_proven111_20260720_v1/qcd_bbbb_iht400to600_run2_frozen_v2_unified5m_wavea_shard001_10k_bundle.tar.gz	bundle_archive	False	True	-rw-r--r-- iturkmen us_cms 958106595 2026-07-21 06:03:13 /store/user/iturkmen/hh4b_delphes/run2_13tev/frozen_v2/bundles/unified_background_5m_wavea_proven111_20260720_v1/qcd_bbbb_iht400to600_run2_frozen_v2_unified5m_wavea_shard001_10k_bundle.tar.gz
/store/user/iturkmen/hh4b_delphes/run2_13tev/frozen_v2/bundles/unified_background_5m_wavea_proven111_20260720_v1	/store/user/iturkmen/hh4b_delphes/run2_13tev/frozen_v2/bundles/unified_background_5m_wavea_proven111_20260720_v1/qcd_bbbb_iht400to600_run2_frozen_v2_unified5m_wavea_shard002_10k_bundle.tar.gz	bundle_archive	False	True	-rw-r--r-- iturkmen us_cms 954351193 2026-07-21 06:03:09 /store/user/iturkmen/hh4b_delphes/run2_13tev/frozen_v2/bundles/unified_background_5m_wavea_proven111_20260720_v1/qcd_bbbb_iht400to600_run2_frozen_v2_unified5m_wavea_shard002_10k_bundle.tar.gz
/store/user/iturkmen/hh4b_delphes/run2_13tev/frozen_v2/bundles/unified_background_5m_wavea_proven111_20260720_v1	/store/user/iturkmen/hh4b_delphes/run2_13tev/frozen_v2/bundles/unified_background_5m_wavea_proven111_20260720_v1/qcd_bbbb_iht400to600_run2_frozen_v2_unified5m_wavea_shard003_10k_bundle.tar.gz	bundle_archive	False	True	-rw-r--r-- iturkmen us_cms 957388402 2026-07-21 06:07:14 /store/user/iturkmen/hh4b_delphes/run2_13tev/frozen_v2/bundles/unified_background_5m_wavea_proven111_20260720_v1/qcd_bbbb_iht400to600_run2_frozen_v2_unified5m_wavea_shard003_10k_bundle.tar.gz
/store/user/iturkmen/hh4b_delphes/run2_13tev/frozen_v2/bundles/unified_background_5m_wavea_proven111_20260720_v1	/store/user/iturkmen/hh4b_delphes/run2_13tev/frozen_v2/bundles/unified_background_5m_wavea_proven111_20260720_v1/qcd_bbbb_iht400to600_run2_frozen_v2_unified5m_wavea_shard004_10k_bundle.tar.gz	bundle_archive	False	True	-rw-r--r-- iturkmen us_cms 958972081 2026-07-21 06:06:27 /store/user/iturkmen/hh4b_delphes/run2_13tev/frozen_v2/bundles/unified_background_5m_wavea_proven111_20260720_v1/qcd_bbbb_iht400to600_run2_frozen_v2_unified5m_wavea_shard004_10k_bundle.tar.gz
/store/user/iturkmen/hh4b_delphes/run2_13tev/frozen_v2/bundles/unified_background_5m_wavea_proven111_20260720_v1	/store/user/iturkmen/hh4b_delphes/run2_13tev/frozen_v2/bundles/unified_background_5m_wavea_proven111_20260720_v1/qcd_bbbb_iht400to600_run2_frozen_v2_unified5m_wavea_shard005_10k_bundle.tar.gz	bundle_archive	False	True	-rw-r--r-- iturkmen us_cms 962188615 2026-07-21 06:11:43 /store/user/iturkmen/hh4b_delphes/run2_13tev/frozen_v2/bundles/unified_background_5m_wavea_proven111_20260720_v1/qcd_bbbb_iht400to600_run2_frozen_v2_unified5m_wavea_shard005_10k_bundle.tar.gz
/store/user/iturkmen/hh4b_delphes/run2_13tev/frozen_v2/bundles/unified_background_5m_wavea_proven111_20260720_v1	/store/user/iturkmen/hh4b_delphes/run2_13tev/frozen_v2/bundles/unified_background_5m_wavea_proven111_20260720_v1/qcd_bbbb_iht400to600_run2_frozen_v2_unified5m_wavea_shard006_10k_bundle.tar.gz	bundle_archive	False	True	-rw-r--r-- iturkmen us_cms 958142757 2026-07-21 06:06:30 /store/user/iturkmen/hh4b_delphes/run2_13tev/frozen_v2/bundles/unified_background_5m_wavea_proven111_20260720_v1/qcd_bbbb_iht400to600_run2_frozen_v2_unified5m_wavea_shard006_10k_bundle.tar.gz
/store/user/iturkmen/hh4b_delphes/run2_13tev/frozen_v2/bundles/unified_background_5m_wavea_proven111_20260720_v1	/store/user/iturkmen/hh4b_delphes/run2_13tev/frozen_v2/bundles/unified_background_5m_wavea_proven111_20260720_v1/qcd_bbbb_iht400to600_run2_frozen_v2_unified5m_wavea_shard007_10k_bundle.tar.gz	bundle_archive	False	True	-rw-r--r-- iturkmen us_cms 956408451 2026-07-21 06:10:03 /store/user/iturkmen/hh4b_delphes/run2_13tev/frozen_v2/bundles/unified_background_5m_wavea_proven111_20260720_v1/qcd_bbbb_iht400to600_run2_frozen_v2_unified5m_wavea_shard007_10k_bundle.tar.gz
/store/user/iturkmen/hh4b_delphes/run2_13tev/frozen_v2/bundles/unified_background_5m_wavea_proven111_20260720_v1	/store/user/iturkmen/hh4b_delphes/run2_13tev/frozen_v2/bundles/unified_background_5m_wavea_proven111_20260720_v1/qcd_bbbb_iht400to600_run2_frozen_v2_unified5m_wavea_shard008_10k_bundle.tar.gz	bundle_archive	False	True	-rw-r--r-- iturkmen us_cms 955734061 2026-07-21 06:10:01 /store/user/iturkmen/hh4b_delphes/run2_13tev/frozen_v2/bundles/unified_background_5m_wavea_proven111_20260720_v1/qcd_bbbb_iht400to600_run2_frozen_v2_unified5m_wavea_shard008_10k_bundle.tar.gz
/store/user/iturkmen/hh4b_delphes/run2_13tev/frozen_v2/bundles/unified_background_5m_wavea_proven111_20260720_v1	/store/user/iturkmen/hh4b_delphes/run2_13tev/frozen_v2/bundles/unified_background_5m_wavea_proven111_20260720_v1/qcd_bbbb_iht400to600_run2_frozen_v2_unified5m_wavea_shard009_10k_bundle.tar.gz	bundle_archive	False	True	-rw-r--r-- iturkmen us_cms 959363716 2026-07-21 06:05:17 /store/user/iturkmen/hh4b_delphes/run2_13tev/frozen_v2/bundles/unified_background_5m_wavea_proven111_20260720_v1/qcd_bbbb_iht400to600_run2_frozen_v2_unified5m_wavea_shard009_10k_bundle.tar.gz
/store/user/iturkmen/hh4b_delphes/run2_13tev/frozen_v2/bundles/unified_background_5m_wavea_proven111_20260720_v1	/store/user/iturkmen/hh4b_delphes/run2_13tev/frozen_v2/bundles/unified_background_5m_wavea_proven111_20260720_v1/qcd_bbbb_iht400to600_run2_frozen_v2_unified5m_wavea_shard010_10k_bundle.tar.gz	bundle_archive	False	True	-rw-r--r-- iturkmen us_cms 958560513 2026-07-21 06:02:39 /store/user/iturkmen/hh4b_delphes/run2_13tev/frozen_v2/bundles/unified_background_5m_wavea_proven111_20260720_v1/qcd_bbbb_iht400to600_run2_frozen_v2_unified5m_wavea_shard010_10k_bundle.tar.gz
/store/user/iturkmen/hh4b_delphes/run2_13tev/frozen_v2/bundles/unified_background_5m_wavea_proven111_20260720_v1	/store/user/iturkmen/hh4b_delphes/run2_13tev/frozen_v2/bundles/unified_background_5m_wavea_proven111_20260720_v1/qcd_bbbb_iht400to600_run2_frozen_v2_unified5m_wavea_shard011_10k_bundle.tar.gz	bundle_archive	False	True	-rw-r--r-- iturkmen us_cms 957566122 2026-07-21 06:11:27 /store/user/iturkmen/hh4b_delphes/run2_13tev/frozen_v2/bundles/unified_background_5m_wavea_proven111_20260720_v1/qcd_bbbb_iht400to600_run2_frozen_v2_unified5m_wavea_shard011_10k_bundle.tar.gz
/store/user/iturkmen/hh4b_delphes/run2_13tev/frozen_v2/bundles/unified_background_5m_wavea_proven111_20260720_v1	/store/user/iturkmen/hh4b_delphes/run2_13tev/frozen_v2/bundles/unified_background_5m_wavea_proven111_20260720_v1/qcd_bbbb_iht400to600_run2_frozen_v2_unified5m_wavea_shard012_10k_bundle.tar.gz	bundle_archive	False	True	-rw-r--r-- iturkmen us_cms 955953526 2026-07-21 06:08:30 /store/user/iturkmen/hh4b_delphes/run2_13tev/frozen_v2/bundles/unified_background_5m_wavea_proven111_20260720_v1/qcd_bbbb_iht400to600_run2_frozen_v2_unified5m_wavea_shard012_10k_bundle.tar.gz
/store/user/iturkmen/hh4b_delphes/run2_13tev/frozen_v2/bundles/unified_background_5m_wavea_proven111_20260720_v1	/store/user/iturkmen/hh4b_delphes/run2_13tev/frozen_v2/bundles/unified_background_5m_wavea_proven111_20260720_v1/qcd_bbbb_iht400to600_run2_frozen_v2_unified5m_wavea_shard013_10k_bundle.tar.gz	bundle_archive	False	True	-rw-r--r-- iturkmen us_cms 956021875 2026-07-21 06:02:37 /store/user/iturkmen/hh4b_delphes/run2_13tev/frozen_v2/bundles/unified_background_5m_wavea_proven111_20260720_v1/qcd_bbbb_iht400to600_run2_frozen_v2_unified5m_wavea_shard013_10k_bundle.tar.gz
/store/user/iturkmen/hh4b_delphes/run2_13tev/frozen_v2/bundles/unified_background_5m_wavea_proven111_20260720_v1	/store/user/iturkmen/hh4b_delphes/run2_13tev/frozen_v2/bundles/unified_background_5m_wavea_proven111_20260720_v1/qcd_bbbb_iht400to600_run2_frozen_v2_unified5m_wavea_shard014_10k_bundle.tar.gz	bundle_archive	False	True	-rw-r--r-- iturkmen us_cms 956730759 2026-07-21 06:03:00 /store/user/iturkmen/hh4b_delphes/run2_13tev/frozen_v2/bundles/unified_background_5m_wavea_proven111_20260720_v1/qcd_bbbb_iht400to600_run2_frozen_v2_unified5m_wavea_shard014_10k_bundle.tar.gz
/store/user/iturkmen/hh4b_delphes/run2_13tev/frozen_v2/bundles/unified_background_5m_wavea_proven111_20260720_v1	/store/user/iturkmen/hh4b_delphes/run2_13tev/frozen_v2/bundles/unified_background_5m_wavea_proven111_20260720_v1/ttbar_inclusive_run2_frozen_v2_unified5m_wavea_shard001_10k_bundle.tar.gz	bundle_archive	False	True	-rw-r--r-- iturkmen us_cms 909282663 2026-07-21 06:04:45 /store/user/iturkmen/hh4b_delphes/run2_13tev/frozen_v2/bundles/unified_background_5m_wavea_proven111_20260720_v1/ttbar_inclusive_run2_frozen_v2_unified5m_wavea_shard001_10k_bundle.tar.gz
/store/user/iturkmen/hh4b_delphes/run2_13tev/frozen_v2/bundles/unified_background_5m_wavea_proven111_20260720_v1	/store/user/iturkmen/hh4b_delphes/run2_13tev/frozen_v2/bundles/unified_background_5m_wavea_proven111_20260720_v1/ttbar_inclusive_run2_frozen_v2_unified5m_wavea_shard002_10k_bundle.tar.gz	bundle_archive	False	True	-rw-r--r-- iturkmen us_cms 897662700 2026-07-21 06:00:08 /store/user/iturkmen/hh4b_delphes/run2_13tev/frozen_v2/bundles/unified_background_5m_wavea_proven111_20260720_v1/ttbar_inclusive_run2_frozen_v2_unified5m_wavea_shard002_10k_bundle.tar.gz
/store/user/iturkmen/hh4b_delphes/run2_13tev/frozen_v2/bundles/unified_background_5m_wavea_proven111_20260720_v1	/store/user/iturkmen/hh4b_delphes/run2_13tev/frozen_v2/bundles/unified_background_5m_wavea_proven111_20260720_v1/ttbar_inclusive_run2_frozen_v2_unified5m_wavea_shard003_10k_bundle.tar.gz	bundle_archive	False	True	-rw-r--r-- iturkmen us_cms 900734374 2026-07-21 06:04:26 /store/user/iturkmen/hh4b_delphes/run2_13tev/frozen_v2/bundles/unified_background_5m_wavea_proven111_20260720_v1/ttbar_inclusive_run2_frozen_v2_unified5m_wavea_shard003_10k_bundle.tar.gz
/store/user/iturkmen/hh4b_delphes/run2_13tev/frozen_v2/bundles/unified_background_5m_wavea_proven111_20260720_v1	/store/user/iturkmen/hh4b_delphes/run2_13tev/frozen_v2/bundles/unified_background_5m_wavea_proven111_20260720_v1/ttbar_inclusive_run2_frozen_v2_unified5m_wavea_shard004_10k_bundle.tar.gz	bundle_archive	False	True	-rw-r--r-- iturkmen us_cms 896390541 2026-07-21 06:02:09 /store/user/iturkmen/hh4b_delphes/run2_13tev/frozen_v2/bundles/unified_background_5m_wavea_proven111_20260720_v1/ttbar_inclusive_run2_frozen_v2_unified5m_wavea_shard004_10k_bundle.tar.gz
/store/user/iturkmen/hh4b_delphes/run2_13tev/frozen_v2/bundles/unified_background_5m_wavea_proven111_20260720_v1	/store/user/iturkmen/hh4b_delphes/run2_13tev/frozen_v2/bundles/unified_background_5m_wavea_proven111_20260720_v1/ttbar_inclusive_run2_frozen_v2_unified5m_wavea_shard005_10k_bundle.tar.gz	bundle_archive	False	True	-rw-r--r-- iturkmen us_cms 891306721 2026-07-21 06:04:46 /store/user/iturkmen/hh4b_delphes/run2_13tev/frozen_v2/bundles/unified_background_5m_wavea_proven111_20260720_v1/ttbar_inclusive_run2_frozen_v2_unified5m_wavea_shard005_10k_bundle.tar.gz
/store/user/iturkmen/hh4b_delphes/run2_13tev/frozen_v2/bundles/unified_background_5m_wavea_proven111_20260720_v1	/store/user/iturkmen/hh4b_delphes/run2_13tev/frozen_v2/bundles/unified_background_5m_wavea_proven111_20260720_v1/ttbar_inclusive_run2_frozen_v2_unified5m_wavea_shard006_10k_bundle.tar.gz	bundle_archive	False	True	-rw-r--r-- iturkmen us_cms 894607226 2026-07-21 05:59:15 /store/user/iturkmen/hh4b_delphes/run2_13tev/frozen_v2/bundles/unified_background_5m_wavea_proven111_20260720_v1/ttbar_inclusive_run2_frozen_v2_unified5m_wavea_shard006_10k_bundle.tar.gz
/store/user/iturkmen/hh4b_delphes/run2_13tev/frozen_v2/bundles/unified_background_5m_wavea_proven111_20260720_v1	/store/user/iturkmen/hh4b_delphes/run2_13tev/frozen_v2/bundles/unified_background_5m_wavea_proven111_20260720_v1/ttbar_inclusive_run2_frozen_v2_unified5m_wavea_shard007_10k_bundle.tar.gz	bundle_archive	False	True	-rw-r--r-- iturkmen us_cms 900131484 2026-07-21 05:58:48 /store/user/iturkmen/hh4b_delphes/run2_13tev/frozen_v2/bundles/unified_background_5m_wavea_proven111_20260720_v1/ttbar_inclusive_run2_frozen_v2_unified5m_wavea_shard007_10k_bundle.tar.gz
/store/user/iturkmen/hh4b_delphes/run2_13tev/frozen_v2/bundles/unified_background_5m_wavea_proven111_20260720_v1	/store/user/iturkmen/hh4b_delphes/run2_13tev/frozen_v2/bundles/unified_background_5m_wavea_proven111_20260720_v1/ttbar_inclusive_run2_frozen_v2_unified5m_wavea_shard008_10k_bundle.tar.gz	bundle_archive	False	True	-rw-r--r-- iturkmen us_cms 902466082 2026-07-21 05:59:27 /store/user/iturkmen/hh4b_delphes/run2_13tev/frozen_v2/bundles/unified_background_5m_wavea_proven111_20260720_v1/ttbar_inclusive_run2_frozen_v2_unified5m_wavea_shard008_10k_bundle.tar.gz
/store/user/iturkmen/hh4b_delphes/run2_13tev/frozen_v2/bundles/unified_background_5m_wavea_proven111_20260720_v1	/store/user/iturkmen/hh4b_delphes/run2_13tev/frozen_v2/bundles/unified_background_5m_wavea_proven111_20260720_v1/ttbar_inclusive_run2_frozen_v2_unified5m_wavea_shard009_10k_bundle.tar.gz	bundle_archive	False	True	-rw-r--r-- iturkmen us_cms 899291224 2026-07-21 06:02:56 /store/user/iturkmen/hh4b_delphes/run2_13tev/frozen_v2/bundles/unified_background_5m_wavea_proven111_20260720_v1/ttbar_inclusive_run2_frozen_v2_unified5m_wavea_shard009_10k_bundle.tar.gz
/store/user/iturkmen/hh4b_delphes/run2_13tev/frozen_v2/bundles/unified_background_5m_wavea_proven111_20260720_v1	/store/user/iturkmen/hh4b_delphes/run2_13tev/frozen_v2/bundles/unified_background_5m_wavea_proven111_20260720_v1/ttbar_inclusive_run2_frozen_v2_unified5m_wavea_shard010_10k_bundle.tar.gz	bundle_archive	False	True	-rw-r--r-- iturkmen us_cms 904906245 2026-07-21 06:04:25 /store/user/iturkmen/hh4b_delphes/run2_13tev/frozen_v2/bundles/unified_background_5m_wavea_proven111_20260720_v1/ttbar_inclusive_run2_frozen_v2_unified5m_wavea_shard010_10k_bundle.tar.gz
/store/user/iturkmen/hh4b_delphes/run2_13tev/frozen_v2/bundles/unified_background_5m_wavea_proven111_20260720_v1	/store/user/iturkmen/hh4b_delphes/run2_13tev/frozen_v2/bundles/unified_background_5m_wavea_proven111_20260720_v1/ttbar_inclusive_run2_frozen_v2_unified5m_wavea_shard011_10k_bundle.tar.gz	bundle_archive	False	True	-rw-r--r-- iturkmen us_cms 894294781 2026-07-21 06:03:03 /store/user/iturkmen/hh4b_delphes/run2_13tev/frozen_v2/bundles/unified_background_5m_wavea_proven111_20260720_v1/ttbar_inclusive_run2_frozen_v2_unified5m_wavea_shard011_10k_bundle.tar.gz
/store/user/iturkmen/hh4b_delphes/run2_13tev/frozen_v2/bundles/unified_background_5m_wavea_proven111_20260720_v1	/store/user/iturkmen/hh4b_delphes/run2_13tev/frozen_v2/bundles/unified_background_5m_wavea_proven111_20260720_v1/ttbar_inclusive_run2_frozen_v2_unified5m_wavea_shard012_10k_bundle.tar.gz	bundle_archive	False	True	-rw-r--r-- iturkmen us_cms 898212679 2026-07-21 06:04:17 /store/user/iturkmen/hh4b_delphes/run2_13tev/frozen_v2/bundles/unified_background_5m_wavea_proven111_20260720_v1/ttbar_inclusive_run2_frozen_v2_unified5m_wavea_shard012_10k_bundle.tar.gz
/store/user/iturkmen/hh4b_delphes/run2_13tev/frozen_v2/bundles/unified_background_5m_wavea_proven111_20260720_v1	/store/user/iturkmen/hh4b_delphes/run2_13tev/frozen_v2/bundles/unified_background_5m_wavea_proven111_20260720_v1/ttbar_inclusive_run2_frozen_v2_unified5m_wavea_shard013_10k_bundle.tar.gz	bundle_archive	False	True	-rw-r--r-- iturkmen us_cms 900502427 2026-07-21 05:58:47 /store/user/iturkmen/hh4b_delphes/run2_13tev/frozen_v2/bundles/unified_background_5m_wavea_proven111_20260720_v1/ttbar_inclusive_run2_frozen_v2_unified5m_wavea_shard013_10k_bundle.tar.gz
/store/user/iturkmen/hh4b_delphes/run2_13tev/frozen_v2/bundles/unified_background_5m_wavea_proven111_20260720_v1	/store/user/iturkmen/hh4b_delphes/run2_13tev/frozen_v2/bundles/unified_background_5m_wavea_proven111_20260720_v1/ttbar_inclusive_run2_frozen_v2_unified5m_wavea_shard014_10k_bundle.tar.gz	bundle_archive	False	True	-rw-r--r-- iturkmen us_cms 899444065 2026-07-21 06:05:02 /store/user/iturkmen/hh4b_delphes/run2_13tev/frozen_v2/bundles/unified_background_5m_wavea_proven111_20260720_v1/ttbar_inclusive_run2_frozen_v2_unified5m_wavea_shard014_10k_bundle.tar.gz
/store/user/iturkmen/hh4b_delphes/run2_13tev/frozen_v2/bundles/unified_background_5m_wavea_proven111_20260720_v1	/store/user/iturkmen/hh4b_delphes/run2_13tev/frozen_v2/bundles/unified_background_5m_wavea_proven111_20260720_v1/ttbar_inclusive_run2_frozen_v2_unified5m_wavea_shard015_10k_bundle.tar.gz	bundle_archive	False	True	-rw-r--r-- iturkmen us_cms 893706365 2026-07-21 06:03:40 /store/user/iturkmen/hh4b_delphes/run2_13tev/frozen_v2/bundles/unified_background_5m_wavea_proven111_20260720_v1/ttbar_inclusive_run2_frozen_v2_unified5m_wavea_shard015_10k_bundle.tar.gz
/store/user/iturkmen/hh4b_delphes/run2_13tev/frozen_v2/bundles/unified_background_5m_wavea_proven111_20260720_v1	/store/user/iturkmen/hh4b_delphes/run2_13tev/frozen_v2/bundles/unified_background_5m_wavea_proven111_20260720_v1/ttbar_inclusive_run2_frozen_v2_unified5m_wavea_shard016_10k_bundle.tar.gz	bundle_archive	False	True	-rw-r--r-- iturkmen us_cms 899562263 2026-07-21 06:03:24 /store/user/iturkmen/hh4b_delphes/run2_13tev/frozen_v2/bundles/unified_background_5m_wavea_proven111_20260720_v1/ttbar_inclusive_run2_frozen_v2_unified5m_wavea_shard016_10k_bundle.tar.gz
/store/user/iturkmen/hh4b_delphes/run2_13tev/frozen_v2/bundles/unified_background_5m_wavea_proven111_20260720_v1	/store/user/iturkmen/hh4b_delphes/run2_13tev/frozen_v2/bundles/unified_background_5m_wavea_proven111_20260720_v1/ttbar_inclusive_run2_frozen_v2_unified5m_wavea_shard017_10k_bundle.tar.gz	bundle_archive	False	True	-rw-r--r-- iturkmen us_cms 901575633 2026-07-21 07:59:16 /store/user/iturkmen/hh4b_delphes/run2_13tev/frozen_v2/bundles/unified_background_5m_wavea_proven111_20260720_v1/ttbar_inclusive_run2_frozen_v2_unified5m_wavea_shard017_10k_bundle.tar.gz
/store/user/iturkmen/hh4b_delphes/run2_13tev/frozen_v2/bundles/unified_background_5m_wavea_proven111_20260720_v1	/store/user/iturkmen/hh4b_delphes/run2_13tev/frozen_v2/bundles/unified_background_5m_wavea_proven111_20260720_v1/ttbar_inclusive_run2_frozen_v2_unified5m_wavea_shard018_10k_bundle.tar.gz	bundle_archive	False	True	-rw-r--r-- iturkmen us_cms 901690382 2026-07-21 06:01:02 /store/user/iturkmen/hh4b_delphes/run2_13tev/frozen_v2/bundles/unified_background_5m_wavea_proven111_20260720_v1/ttbar_inclusive_run2_frozen_v2_unified5m_wavea_shard018_10k_bundle.tar.gz
/store/user/iturkmen/hh4b_delphes/run2_13tev/frozen_v2/bundles/unified_background_5m_wavea_proven111_20260720_v1	/store/user/iturkmen/hh4b_delphes/run2_13tev/frozen_v2/bundles/unified_background_5m_wavea_proven111_20260720_v1/ttbar_inclusive_run2_frozen_v2_unified5m_wavea_shard019_10k_bundle.tar.gz	bundle_archive	False	True	-rw-r--r-- iturkmen us_cms 900605604 2026-07-21 06:04:26 /store/user/iturkmen/hh4b_delphes/run2_13tev/frozen_v2/bundles/unified_background_5m_wavea_proven111_20260720_v1/ttbar_inclusive_run2_frozen_v2_unified5m_wavea_shard019_10k_bundle.tar.gz
/store/user/iturkmen/hh4b_delphes/run2_13tev/frozen_v2/bundles/unified_background_5m_wavea_proven111_20260720_v1	/store/user/iturkmen/hh4b_delphes/run2_13tev/frozen_v2/bundles/unified_background_5m_wavea_proven111_20260720_v1/ttbar_inclusive_run2_frozen_v2_unified5m_wavea_shard020_10k_bundle.tar.gz	bundle_archive	False	True	-rw-r--r-- iturkmen us_cms 897567115 2026-07-21 05:59:33 /store/user/iturkmen/hh4b_delphes/run2_13tev/frozen_v2/bundles/unified_background_5m_wavea_proven111_20260720_v1/ttbar_inclusive_run2_frozen_v2_unified5m_wavea_shard020_10k_bundle.tar.gz
/store/user/iturkmen/hh4b_delphes/run2_13tev/frozen_v2/bundles/unified_background_5m_wavea_proven111_20260720_v1	/store/user/iturkmen/hh4b_delphes/run2_13tev/frozen_v2/bundles/unified_background_5m_wavea_proven111_20260720_v1/ttbar_inclusive_run2_frozen_v2_unified5m_wavea_shard021_10k_bundle.tar.gz	bundle_archive	False	True	-rw-r--r-- iturkmen us_cms 901604359 2026-07-21 06:01:15 /store/user/iturkmen/hh4b_delphes/run2_13tev/frozen_v2/bundles/unified_background_5m_wavea_proven111_20260720_v1/ttbar_inclusive_run2_frozen_v2_unified5m_wavea_shard021_10k_bundle.tar.gz
/store/user/iturkmen/hh4b_delphes/run2_13tev/frozen_v2/bundles/unified_background_5m_wavea_proven111_20260720_v1	/store/user/iturkmen/hh4b_delphes/run2_13tev/frozen_v2/bundles/unified_background_5m_wavea_proven111_20260720_v1/ttbar_inclusive_run2_frozen_v2_unified5m_wavea_shard022_10k_bundle.tar.gz	bundle_archive	False	True	-rw-r--r-- iturkmen us_cms 898830735 2026-07-21 06:02:34 /store/user/iturkmen/hh4b_delphes/run2_13tev/frozen_v2/bundles/unified_background_5m_wavea_proven111_20260720_v1/ttbar_inclusive_run2_frozen_v2_unified5m_wavea_shard022_10k_bundle.tar.gz
/store/user/iturkmen/hh4b_delphes/run2_13tev/frozen_v2/bundles/unified_background_5m_wavea_proven111_20260720_v1	/store/user/iturkmen/hh4b_delphes/run2_13tev/frozen_v2/bundles/unified_background_5m_wavea_proven111_20260720_v1/ttbar_inclusive_run2_frozen_v2_unified5m_wavea_shard023_10k_bundle.tar.gz	bundle_archive	False	True	-rw-r--r-- iturkmen us_cms 900693597 2026-07-21 06:06:06 /store/user/iturkmen/hh4b_delphes/run2_13tev/frozen_v2/bundles/unified_background_5m_wavea_proven111_20260720_v1/ttbar_inclusive_run2_frozen_v2_unified5m_wavea_shard023_10k_bundle.tar.gz
/store/user/iturkmen/hh4b_delphes/run2_13tev/frozen_v2/bundles/unified_background_5m_wavea_proven111_20260720_v1	/store/user/iturkmen/hh4b_delphes/run2_13tev/frozen_v2/bundles/unified_background_5m_wavea_proven111_20260720_v1/ttbar_inclusive_run2_frozen_v2_unified5m_wavea_shard024_10k_bundle.tar.gz	bundle_archive	False	True	-rw-r--r-- iturkmen us_cms 900337582 2026-07-21 06:01:33 /store/user/iturkmen/hh4b_delphes/run2_13tev/frozen_v2/bundles/unified_background_5m_wavea_proven111_20260720_v1/ttbar_inclusive_run2_frozen_v2_unified5m_wavea_shard024_10k_bundle.tar.gz
/store/user/iturkmen/hh4b_delphes/run2_13tev/frozen_v2/bundles/unified_background_5m_wavea_proven111_20260720_v1	/store/user/iturkmen/hh4b_delphes/run2_13tev/frozen_v2/bundles/unified_background_5m_wavea_proven111_20260720_v1/ttbar_inclusive_run2_frozen_v2_unified5m_wavea_shard025_10k_bundle.tar.gz	bundle_archive	False	True	-rw-r--r-- iturkmen us_cms 904416239 2026-07-21 06:04:55 /store/user/iturkmen/hh4b_delphes/run2_13tev/frozen_v2/bundles/unified_background_5m_wavea_proven111_20260720_v1/ttbar_inclusive_run2_frozen_v2_unified5m_wavea_shard025_10k_bundle.tar.gz
/store/user/iturkmen/hh4b_delphes/run2_13tev/frozen_v2/bundles/unified_background_5m_wavea_proven111_20260720_v1	/store/user/iturkmen/hh4b_delphes/run2_13tev/frozen_v2/bundles/unified_background_5m_wavea_proven111_20260720_v1/ttbar_inclusive_run2_frozen_v2_unified5m_wavea_shard026_10k_bundle.tar.gz	bundle_archive	False	True	-rw-r--r-- iturkmen us_cms 901414825 2026-07-21 06:04:34 /store/user/iturkmen/hh4b_delphes/run2_13tev/frozen_v2/bundles/unified_background_5m_wavea_proven111_20260720_v1/ttbar_inclusive_run2_frozen_v2_unified5m_wavea_shard026_10k_bundle.tar.gz
/store/user/iturkmen/hh4b_delphes/run2_13tev/frozen_v2/bundles/unified_background_5m_wavea_proven111_20260720_v1	/store/user/iturkmen/hh4b_delphes/run2_13tev/frozen_v2/bundles/unified_background_5m_wavea_proven111_20260720_v1/ttbar_inclusive_run2_frozen_v2_unified5m_wavea_shard027_10k_bundle.tar.gz	bundle_archive	False	True	-rw-r--r-- iturkmen us_cms 896765794 2026-07-21 06:02:29 /store/user/iturkmen/hh4b_delphes/run2_13tev/frozen_v2/bundles/unified_background_5m_wavea_proven111_20260720_v1/ttbar_inclusive_run2_frozen_v2_unified5m_wavea_shard027_10k_bundle.tar.gz
/store/user/iturkmen/hh4b_delphes/run2_13tev/frozen_v2/bundles/unified_background_5m_wavea_proven111_20260720_v1	/store/user/iturkmen/hh4b_delphes/run2_13tev/frozen_v2/bundles/unified_background_5m_wavea_proven111_20260720_v1/ttbar_inclusive_run2_frozen_v2_unified5m_wavea_shard028_10k_bundle.tar.gz	bundle_archive	False	True	-rw-r--r-- iturkmen us_cms 899849215 2026-07-21 06:04:55 /store/user/iturkmen/hh4b_delphes/run2_13tev/frozen_v2/bundles/unified_background_5m_wavea_proven111_20260720_v1/ttbar_inclusive_run2_frozen_v2_unified5m_wavea_shard028_10k_bundle.tar.gz
/store/user/iturkmen/hh4b_delphes/run2_13tev/frozen_v2/bundles/unified_background_5m_wavea_proven111_20260720_v1	/store/user/iturkmen/hh4b_delphes/run2_13tev/frozen_v2/bundles/unified_background_5m_wavea_proven111_20260720_v1/ttbar_inclusive_run2_frozen_v2_unified5m_wavea_shard029_10k_bundle.tar.gz	bundle_archive	False	True	-rw-r--r-- iturkmen us_cms 902342023 2026-07-21 06:02:13 /store/user/iturkmen/hh4b_delphes/run2_13tev/frozen_v2/bundles/unified_background_5m_wavea_proven111_20260720_v1/ttbar_inclusive_run2_frozen_v2_unified5m_wavea_shard029_10k_bundle.tar.gz
/store/user/iturkmen/hh4b_delphes/run2_13tev/frozen_v2/bundles/unified_background_5m_wavea_proven111_20260720_v1	/store/user/iturkmen/hh4b_delphes/run2_13tev/frozen_v2/bundles/unified_background_5m_wavea_proven111_20260720_v1/ttbar_inclusive_run2_frozen_v2_unified5m_wavea_shard030_10k_bundle.tar.gz	bundle_archive	False	True	-rw-r--r-- iturkmen us_cms 902738836 2026-07-21 06:02:20 /store/user/iturkmen/hh4b_delphes/run2_13tev/frozen_v2/bundles/unified_background_5m_wavea_proven111_20260720_v1/ttbar_inclusive_run2_frozen_v2_unified5m_wavea_shard030_10k_bundle.tar.gz
/store/user/iturkmen/hh4b_delphes/run2_13tev/frozen_v2/bundles/unified_background_5m_wavea_proven111_20260720_v1	/store/user/iturkmen/hh4b_delphes/run2_13tev/frozen_v2/bundles/unified_background_5m_wavea_proven111_20260720_v1/ttbar_inclusive_run2_frozen_v2_unified5m_wavea_shard031_10k_bundle.tar.gz	bundle_archive	False	True	-rw-r--r-- iturkmen us_cms 904108158 2026-07-21 06:04:44 /store/user/iturkmen/hh4b_delphes/run2_13tev/frozen_v2/bundles/unified_background_5m_wavea_proven111_20260720_v1/ttbar_inclusive_run2_frozen_v2_unified5m_wavea_shard031_10k_bundle.tar.gz
/store/user/iturkmen/hh4b_delphes/run2_13tev/frozen_v2/bundles/unified_background_5m_wavea_proven111_20260720_v1	/store/user/iturkmen/hh4b_delphes/run2_13tev/frozen_v2/bundles/unified_background_5m_wavea_proven111_20260720_v1/ttbar_inclusive_run2_frozen_v2_unified5m_wavea_shard032_10k_bundle.tar.gz	bundle_archive	False	True	-rw-r--r-- iturkmen us_cms 903481448 2026-07-21 06:03:45 /store/user/iturkmen/hh4b_delphes/run2_13tev/frozen_v2/bundles/unified_background_5m_wavea_proven111_20260720_v1/ttbar_inclusive_run2_frozen_v2_unified5m_wavea_shard032_10k_bundle.tar.gz
/store/user/iturkmen/hh4b_delphes/run2_13tev/frozen_v2/bundles/unified_background_5m_wavea_proven111_20260720_v1	/store/user/iturkmen/hh4b_delphes/run2_13tev/frozen_v2/bundles/unified_background_5m_wavea_proven111_20260720_v1/ttbar_inclusive_run2_frozen_v2_unified5m_wavea_shard033_10k_bundle.tar.gz	bundle_archive	False	True	-rw-r--r-- iturkmen us_cms 898763961 2026-07-21 06:05:25 /store/user/iturkmen/hh4b_delphes/run2_13tev/frozen_v2/bundles/unified_background_5m_wavea_proven111_20260720_v1/ttbar_inclusive_run2_frozen_v2_unified5m_wavea_shard033_10k_bundle.tar.gz
/store/user/iturkmen/hh4b_delphes/run2_13tev/frozen_v2/bundles/unified_background_5m_wavea_proven111_20260720_v1	/store/user/iturkmen/hh4b_delphes/run2_13tev/frozen_v2/bundles/unified_background_5m_wavea_proven111_20260720_v1/ttbar_inclusive_run2_frozen_v2_unified5m_wavea_shard034_10k_bundle.tar.gz	bundle_archive	False	True	-rw-r--r-- iturkmen us_cms 900776625 2026-07-21 06:01:39 /store/user/iturkmen/hh4b_delphes/run2_13tev/frozen_v2/bundles/unified_background_5m_wavea_proven111_20260720_v1/ttbar_inclusive_run2_frozen_v2_unified5m_wavea_shard034_10k_bundle.tar.gz
/store/user/iturkmen/hh4b_delphes/run2_13tev/frozen_v2/bundles/unified_background_5m_wavea_proven111_20260720_v1	/store/user/iturkmen/hh4b_delphes/run2_13tev/frozen_v2/bundles/unified_background_5m_wavea_proven111_20260720_v1/ttbar_inclusive_run2_frozen_v2_unified5m_wavea_shard035_10k_bundle.tar.gz	bundle_archive	False	True	-rw-r--r-- iturkmen us_cms 898319848 2026-07-21 06:04:55 /store/user/iturkmen/hh4b_delphes/run2_13tev/frozen_v2/bundles/unified_background_5m_wavea_proven111_20260720_v1/ttbar_inclusive_run2_frozen_v2_unified5m_wavea_shard035_10k_bundle.tar.gz
/store/user/iturkmen/hh4b_delphes/run2_13tev/frozen_v2/bundles/unified_background_5m_wavea_proven111_20260720_v1	/store/user/iturkmen/hh4b_delphes/run2_13tev/frozen_v2/bundles/unified_background_5m_wavea_proven111_20260720_v1/ttbar_inclusive_run2_frozen_v2_unified5m_wavea_shard036_10k_bundle.tar.gz	bundle_archive	False	True	-rw-r--r-- iturkmen us_cms 903631468 2026-07-21 06:01:11 /store/user/iturkmen/hh4b_delphes/run2_13tev/frozen_v2/bundles/unified_background_5m_wavea_proven111_20260720_v1/ttbar_inclusive_run2_frozen_v2_unified5m_wavea_shard036_10k_bundle.tar.gz
/store/user/iturkmen/hh4b_delphes/run2_13tev/frozen_v2/bundles/unified_background_5m_wavea_proven111_20260720_v1	/store/user/iturkmen/hh4b_delphes/run2_13tev/frozen_v2/bundles/unified_background_5m_wavea_proven111_20260720_v1/ttbar_inclusive_run2_frozen_v2_unified5m_wavea_shard037_10k_bundle.tar.gz	bundle_archive	False	True	-rw-r--r-- iturkmen us_cms 897121526 2026-07-21 06:04:44 /store/user/iturkmen/hh4b_delphes/run2_13tev/frozen_v2/bundles/unified_background_5m_wavea_proven111_20260720_v1/ttbar_inclusive_run2_frozen_v2_unified5m_wavea_shard037_10k_bundle.tar.gz
/store/user/iturkmen/hh4b_delphes/run2_13tev/frozen_v2/bundles/unified_background_5m_wavea_proven111_20260720_v1	/store/user/iturkmen/hh4b_delphes/run2_13tev/frozen_v2/bundles/unified_background_5m_wavea_proven111_20260720_v1/ttbar_inclusive_run2_frozen_v2_unified5m_wavea_shard038_10k_bundle.tar.gz	bundle_archive	False	True	-rw-r--r-- iturkmen us_cms 904888278 2026-07-21 06:07:45 /store/user/iturkmen/hh4b_delphes/run2_13tev/frozen_v2/bundles/unified_background_5m_wavea_proven111_20260720_v1/ttbar_inclusive_run2_frozen_v2_unified5m_wavea_shard038_10k_bundle.tar.gz
/store/user/iturkmen/hh4b_delphes/run2_13tev/frozen_v2/bundles/unified_background_5m_wavea_proven111_20260720_v1	/store/user/iturkmen/hh4b_delphes/run2_13tev/frozen_v2/bundles/unified_background_5m_wavea_proven111_20260720_v1/ttbar_inclusive_run2_frozen_v2_unified5m_wavea_shard039_10k_bundle.tar.gz	bundle_archive	False	True	-rw-r--r-- iturkmen us_cms 896646972 2026-07-21 06:07:22 /store/user/iturkmen/hh4b_delphes/run2_13tev/frozen_v2/bundles/unified_background_5m_wavea_proven111_20260720_v1/ttbar_inclusive_run2_frozen_v2_unified5m_wavea_shard039_10k_bundle.tar.gz
/store/user/iturkmen/hh4b_delphes/run2_13tev/frozen_v2/bundles/unified_background_5m_wavea_proven111_20260720_v1	/store/user/iturkmen/hh4b_delphes/run2_13tev/frozen_v2/bundles/unified_background_5m_wavea_proven111_20260720_v1/ttbar_inclusive_run2_frozen_v2_unified5m_wavea_shard040_10k_bundle.tar.gz	bundle_archive	False	True	-rw-r--r-- iturkmen us_cms 895707619 2026-07-21 06:06:53 /store/user/iturkmen/hh4b_delphes/run2_13tev/frozen_v2/bundles/unified_background_5m_wavea_proven111_20260720_v1/ttbar_inclusive_run2_frozen_v2_unified5m_wavea_shard040_10k_bundle.tar.gz
/store/user/iturkmen/hh4b_delphes/run2_13tev/frozen_v2/bundles/unified_background_5m_wavea_proven111_20260720_v1	/store/user/iturkmen/hh4b_delphes/run2_13tev/frozen_v2/bundles/unified_background_5m_wavea_proven111_20260720_v1/ttbar_inclusive_run2_frozen_v2_unified5m_wavea_shard041_10k_bundle.tar.gz	bundle_archive	False	True	-rw-r--r-- iturkmen us_cms 901081937 2026-07-21 06:02:17 /store/user/iturkmen/hh4b_delphes/run2_13tev/frozen_v2/bundles/unified_background_5m_wavea_proven111_20260720_v1/ttbar_inclusive_run2_frozen_v2_unified5m_wavea_shard041_10k_bundle.tar.gz
/store/user/iturkmen/hh4b_delphes/run2_13tev/frozen_v2/bundles/unified_background_5m_wavea_proven111_20260720_v1	/store/user/iturkmen/hh4b_delphes/run2_13tev/frozen_v2/bundles/unified_background_5m_wavea_proven111_20260720_v1/ttbar_inclusive_run2_frozen_v2_unified5m_wavea_shard042_10k_bundle.tar.gz	bundle_archive	False	True	-rw-r--r-- iturkmen us_cms 899402395 2026-07-21 06:07:37 /store/user/iturkmen/hh4b_delphes/run2_13tev/frozen_v2/bundles/unified_background_5m_wavea_proven111_20260720_v1/ttbar_inclusive_run2_frozen_v2_unified5m_wavea_shard042_10k_bundle.tar.gz
/store/user/iturkmen/hh4b_delphes/run2_13tev/frozen_v2/bundles/unified_background_5m_wavea_proven111_20260720_v1	/store/user/iturkmen/hh4b_delphes/run2_13tev/frozen_v2/bundles/unified_background_5m_wavea_proven111_20260720_v1/ttbar_inclusive_run2_frozen_v2_unified5m_wavea_shard043_10k_bundle.tar.gz	bundle_archive	False	True	-rw-r--r-- iturkmen us_cms 898296330 2026-07-21 06:03:37 /store/user/iturkmen/hh4b_delphes/run2_13tev/frozen_v2/bundles/unified_background_5m_wavea_proven111_20260720_v1/ttbar_inclusive_run2_frozen_v2_unified5m_wavea_shard043_10k_bundle.tar.gz
/store/user/iturkmen/hh4b_delphes/run2_13tev/frozen_v2/bundles/unified_background_5m_wavea_proven111_20260720_v1	/store/user/iturkmen/hh4b_delphes/run2_13tev/frozen_v2/bundles/unified_background_5m_wavea_proven111_20260720_v1/ttbar_inclusive_run2_frozen_v2_unified5m_wavea_shard044_10k_bundle.tar.gz	bundle_archive	False	True	-rw-r--r-- iturkmen us_cms 893782890 2026-07-21 07:40:53 /store/user/iturkmen/hh4b_delphes/run2_13tev/frozen_v2/bundles/unified_background_5m_wavea_proven111_20260720_v1/ttbar_inclusive_run2_frozen_v2_unified5m_wavea_shard044_10k_bundle.tar.gz
/store/user/iturkmen/hh4b_delphes/run2_13tev/frozen_v2/bundles/unified_background_5m_wavea_proven111_20260720_v1	/store/user/iturkmen/hh4b_delphes/run2_13tev/frozen_v2/bundles/unified_background_5m_wavea_proven111_20260720_v1/ttbar_inclusive_run2_frozen_v2_unified5m_wavea_shard045_10k_bundle.tar.gz	bundle_archive	False	True	-rw-r--r-- iturkmen us_cms 899704882 2026-07-21 06:09:49 /store/user/iturkmen/hh4b_delphes/run2_13tev/frozen_v2/bundles/unified_background_5m_wavea_proven111_20260720_v1/ttbar_inclusive_run2_frozen_v2_unified5m_wavea_shard045_10k_bundle.tar.gz
/store/user/iturkmen/hh4b_delphes/run2_13tev/frozen_v2/bundles/unified_background_5m_wavea_proven111_20260720_v1	/store/user/iturkmen/hh4b_delphes/run2_13tev/frozen_v2/bundles/unified_background_5m_wavea_proven111_20260720_v1/ttbar_inclusive_run2_frozen_v2_unified5m_wavea_shard046_10k_bundle.tar.gz	bundle_archive	False	True	-rw-r--r-- iturkmen us_cms 903340950 2026-07-21 06:08:53 /store/user/iturkmen/hh4b_delphes/run2_13tev/frozen_v2/bundles/unified_background_5m_wavea_proven111_20260720_v1/ttbar_inclusive_run2_frozen_v2_unified5m_wavea_shard046_10k_bundle.tar.gz
/store/user/iturkmen/hh4b_delphes/run2_13tev/frozen_v2/bundles/unified_background_5m_wavea_proven111_20260720_v1	/store/user/iturkmen/hh4b_delphes/run2_13tev/frozen_v2/bundles/unified_background_5m_wavea_proven111_20260720_v1/ttbar_inclusive_run2_frozen_v2_unified5m_wavea_shard047_10k_bundle.tar.gz	bundle_archive	False	True	-rw-r--r-- iturkmen us_cms 905453442 2026-07-21 06:06:16 /store/user/iturkmen/hh4b_delphes/run2_13tev/frozen_v2/bundles/unified_background_5m_wavea_proven111_20260720_v1/ttbar_inclusive_run2_frozen_v2_unified5m_wavea_shard047_10k_bundle.tar.gz
/store/user/iturkmen/hh4b_delphes/run2_13tev/frozen_v2/bundles/unified_background_5m_wavea_proven111_20260720_v1	/store/user/iturkmen/hh4b_delphes/run2_13tev/frozen_v2/bundles/unified_background_5m_wavea_proven111_20260720_v1/ttbar_inclusive_run2_frozen_v2_unified5m_wavea_shard048_10k_bundle.tar.gz	bundle_archive	False	True	-rw-r--r-- iturkmen us_cms 901237719 2026-07-21 06:05:28 /store/user/iturkmen/hh4b_delphes/run2_13tev/frozen_v2/bundles/unified_background_5m_wavea_proven111_20260720_v1/ttbar_inclusive_run2_frozen_v2_unified5m_wavea_shard048_10k_bundle.tar.gz
/store/user/iturkmen/hh4b_delphes/run2_13tev/frozen_v2/bundles/unified_background_5m_wavea_proven111_20260720_v1	/store/user/iturkmen/hh4b_delphes/run2_13tev/frozen_v2/bundles/unified_background_5m_wavea_proven111_20260720_v1/ttbar_inclusive_run2_frozen_v2_unified5m_wavea_shard049_10k_bundle.tar.gz	bundle_archive	False	True	-rw-r--r-- iturkmen us_cms 897342921 2026-07-21 06:02:49 /store/user/iturkmen/hh4b_delphes/run2_13tev/frozen_v2/bundles/unified_background_5m_wavea_proven111_20260720_v1/ttbar_inclusive_run2_frozen_v2_unified5m_wavea_shard049_10k_bundle.tar.gz
/store/user/iturkmen/hh4b_delphes/run2_13tev/frozen_v2/bundles/unified_background_5m_wavea_proven111_20260720_v1	/store/user/iturkmen/hh4b_delphes/run2_13tev/frozen_v2/bundles/unified_background_5m_wavea_proven111_20260720_v1/ttbar_inclusive_run2_frozen_v2_unified5m_wavea_shard050_10k_bundle.tar.gz	bundle_archive	False	True	-rw-r--r-- iturkmen us_cms 898409368 2026-07-21 06:13:33 /store/user/iturkmen/hh4b_delphes/run2_13tev/frozen_v2/bundles/unified_background_5m_wavea_proven111_20260720_v1/ttbar_inclusive_run2_frozen_v2_unified5m_wavea_shard050_10k_bundle.tar.gz
/store/user/iturkmen/hh4b_delphes/run2_13tev/frozen_v2/bundles/unified_background_5m_wavea_proven111_20260720_v1	/store/user/iturkmen/hh4b_delphes/run2_13tev/frozen_v2/bundles/unified_background_5m_wavea_proven111_20260720_v1/ttbar_inclusive_run2_frozen_v2_unified5m_wavea_shard051_10k_bundle.tar.gz	bundle_archive	False	True	-rw-r--r-- iturkmen us_cms 901913638 2026-07-21 06:02:20 /store/user/iturkmen/hh4b_delphes/run2_13tev/frozen_v2/bundles/unified_background_5m_wavea_proven111_20260720_v1/ttbar_inclusive_run2_frozen_v2_unified5m_wavea_shard051_10k_bundle.tar.gz
/store/user/iturkmen/hh4b_delphes/run2_13tev/frozen_v2/bundles/unified_background_5m_wavea_proven111_20260720_v1	/store/user/iturkmen/hh4b_delphes/run2_13tev/frozen_v2/bundles/unified_background_5m_wavea_proven111_20260720_v1/ttbar_inclusive_run2_frozen_v2_unified5m_wavea_shard052_10k_bundle.tar.gz	bundle_archive	False	True	-rw-r--r-- iturkmen us_cms 902112922 2026-07-21 06:07:02 /store/user/iturkmen/hh4b_delphes/run2_13tev/frozen_v2/bundles/unified_background_5m_wavea_proven111_20260720_v1/ttbar_inclusive_run2_frozen_v2_unified5m_wavea_shard052_10k_bundle.tar.gz
/store/user/iturkmen/hh4b_delphes/run2_13tev/frozen_v2/bundles/unified_background_5m_wavea_proven111_20260720_v1	/store/user/iturkmen/hh4b_delphes/run2_13tev/frozen_v2/bundles/unified_background_5m_wavea_proven111_20260720_v1/ttbar_inclusive_run2_frozen_v2_unified5m_wavea_shard053_10k_bundle.tar.gz	bundle_archive	False	True	-rw-r--r-- iturkmen us_cms 897311797 2026-07-21 06:02:49 /store/user/iturkmen/hh4b_delphes/run2_13tev/frozen_v2/bundles/unified_background_5m_wavea_proven111_20260720_v1/ttbar_inclusive_run2_frozen_v2_unified5m_wavea_shard053_10k_bundle.tar.gz
/store/user/iturkmen/hh4b_delphes/run2_13tev/frozen_v2/bundles/unified_background_5m_wavea_proven111_20260720_v1	/store/user/iturkmen/hh4b_delphes/run2_13tev/frozen_v2/bundles/unified_background_5m_wavea_proven111_20260720_v1/ttbar_inclusive_run2_frozen_v2_unified5m_wavea_shard054_10k_bundle.tar.gz	bundle_archive	False	True	-rw-r--r-- iturkmen us_cms 895673088 2026-07-21 06:05:35 /store/user/iturkmen/hh4b_delphes/run2_13tev/frozen_v2/bundles/unified_background_5m_wavea_proven111_20260720_v1/ttbar_inclusive_run2_frozen_v2_unified5m_wavea_shard054_10k_bundle.tar.gz
/store/user/iturkmen/hh4b_delphes/run2_13tev/frozen_v2/bundles/unified_background_5m_wavea_proven111_20260720_v1	/store/user/iturkmen/hh4b_delphes/run2_13tev/frozen_v2/bundles/unified_background_5m_wavea_proven111_20260720_v1/ttbar_inclusive_run2_frozen_v2_unified5m_wavea_shard055_10k_bundle.tar.gz	bundle_archive	False	True	-rw-r--r-- iturkmen us_cms 896628192 2026-07-21 06:03:57 /store/user/iturkmen/hh4b_delphes/run2_13tev/frozen_v2/bundles/unified_background_5m_wavea_proven111_20260720_v1/ttbar_inclusive_run2_frozen_v2_unified5m_wavea_shard055_10k_bundle.tar.gz
/store/user/iturkmen/hh4b_delphes/run2_13tev/frozen_v2/bundles/unified_background_5m_wavea_proven111_20260720_v1	/store/user/iturkmen/hh4b_delphes/run2_13tev/frozen_v2/bundles/unified_background_5m_wavea_proven111_20260720_v1/ttbar_inclusive_run2_frozen_v2_unified5m_wavea_shard056_10k_bundle.tar.gz	bundle_archive	False	True	-rw-r--r-- iturkmen us_cms 899095656 2026-07-21 06:08:07 /store/user/iturkmen/hh4b_delphes/run2_13tev/frozen_v2/bundles/unified_background_5m_wavea_proven111_20260720_v1/ttbar_inclusive_run2_frozen_v2_unified5m_wavea_shard056_10k_bundle.tar.gz
/store/user/iturkmen/hh4b_delphes/run2_13tev/frozen_v2/bundles/unified_background_5m_wavea_proven111_20260720_v1	/store/user/iturkmen/hh4b_delphes/run2_13tev/frozen_v2/bundles/unified_background_5m_wavea_proven111_20260720_v1/ttbar_inclusive_run2_frozen_v2_unified5m_wavea_shard057_10k_bundle.tar.gz	bundle_archive	False	True	-rw-r--r-- iturkmen us_cms 901542352 2026-07-21 06:08:02 /store/user/iturkmen/hh4b_delphes/run2_13tev/frozen_v2/bundles/unified_background_5m_wavea_proven111_20260720_v1/ttbar_inclusive_run2_frozen_v2_unified5m_wavea_shard057_10k_bundle.tar.gz
/store/user/iturkmen/hh4b_delphes/run2_13tev/frozen_v2/bundles/unified_background_5m_wavea_proven111_20260720_v1	/store/user/iturkmen/hh4b_delphes/run2_13tev/frozen_v2/bundles/unified_background_5m_wavea_proven111_20260720_v1/ttbar_inclusive_run2_frozen_v2_unified5m_wavea_shard058_10k_bundle.tar.gz	bundle_archive	False	True	-rw-r--r-- iturkmen us_cms 896081206 2026-07-21 06:06:26 /store/user/iturkmen/hh4b_delphes/run2_13tev/frozen_v2/bundles/unified_background_5m_wavea_proven111_20260720_v1/ttbar_inclusive_run2_frozen_v2_unified5m_wavea_shard058_10k_bundle.tar.gz
/store/user/iturkmen/hh4b_delphes/run2_13tev/frozen_v2/bundles/unified_background_5m_wavea_proven111_20260720_v1	/store/user/iturkmen/hh4b_delphes/run2_13tev/frozen_v2/bundles/unified_background_5m_wavea_proven111_20260720_v1/ttbar_inclusive_run2_frozen_v2_unified5m_wavea_shard059_10k_bundle.tar.gz	bundle_archive	False	True	-rw-r--r-- iturkmen us_cms 901422425 2026-07-21 06:04:08 /store/user/iturkmen/hh4b_delphes/run2_13tev/frozen_v2/bundles/unified_background_5m_wavea_proven111_20260720_v1/ttbar_inclusive_run2_frozen_v2_unified5m_wavea_shard059_10k_bundle.tar.gz
/store/user/iturkmen/hh4b_delphes/run2_13tev/frozen_v2/bundles/unified_background_5m_wavea_proven111_20260720_v1	/store/user/iturkmen/hh4b_delphes/run2_13tev/frozen_v2/bundles/unified_background_5m_wavea_proven111_20260720_v1/ttbar_inclusive_run2_frozen_v2_unified5m_wavea_shard060_10k_bundle.tar.gz	bundle_archive	False	True	-rw-r--r-- iturkmen us_cms 901614667 2026-07-21 06:07:34 /store/user/iturkmen/hh4b_delphes/run2_13tev/frozen_v2/bundles/unified_background_5m_wavea_proven111_20260720_v1/ttbar_inclusive_run2_frozen_v2_unified5m_wavea_shard060_10k_bundle.tar.gz
/store/user/iturkmen/hh4b_delphes/run2_13tev/frozen_v2/bundles/unified_background_5m_wavea_proven111_20260720_v1	/store/user/iturkmen/hh4b_delphes/run2_13tev/frozen_v2/bundles/unified_background_5m_wavea_proven111_20260720_v1/ttbar_inclusive_run2_frozen_v2_unified5m_wavea_shard061_10k_bundle.tar.gz	bundle_archive	False	True	-rw-r--r-- iturkmen us_cms 898933644 2026-07-21 06:07:40 /store/user/iturkmen/hh4b_delphes/run2_13tev/frozen_v2/bundles/unified_background_5m_wavea_proven111_20260720_v1/ttbar_inclusive_run2_frozen_v2_unified5m_wavea_shard061_10k_bundle.tar.gz
/store/user/iturkmen/hh4b_delphes/run2_13tev/frozen_v2/bundles/unified_background_5m_wavea_proven111_20260720_v1	/store/user/iturkmen/hh4b_delphes/run2_13tev/frozen_v2/bundles/unified_background_5m_wavea_proven111_20260720_v1/ttbar_inclusive_run2_frozen_v2_unified5m_wavea_shard062_10k_bundle.tar.gz	bundle_archive	False	True	-rw-r--r-- iturkmen us_cms 899264037 2026-07-21 06:06:44 /store/user/iturkmen/hh4b_delphes/run2_13tev/frozen_v2/bundles/unified_background_5m_wavea_proven111_20260720_v1/ttbar_inclusive_run2_frozen_v2_unified5m_wavea_shard062_10k_bundle.tar.gz
/store/user/iturkmen/hh4b_delphes/run2_13tev/frozen_v2/bundles/unified_background_5m_wavea_proven111_20260720_v1	/store/user/iturkmen/hh4b_delphes/run2_13tev/frozen_v2/bundles/unified_background_5m_wavea_proven111_20260720_v1/ttbar_inclusive_run2_frozen_v2_unified5m_wavea_shard063_10k_bundle.tar.gz	bundle_archive	False	True	-rw-r--r-- iturkmen us_cms 902014788 2026-07-21 06:05:55 /store/user/iturkmen/hh4b_delphes/run2_13tev/frozen_v2/bundles/unified_background_5m_wavea_proven111_20260720_v1/ttbar_inclusive_run2_frozen_v2_unified5m_wavea_shard063_10k_bundle.tar.gz
/store/user/iturkmen/hh4b_delphes/run2_13tev/frozen_v2/bundles/unified_background_5m_wavea_proven111_20260720_v1	/store/user/iturkmen/hh4b_delphes/run2_13tev/frozen_v2/bundles/unified_background_5m_wavea_proven111_20260720_v1/ttbar_inclusive_run2_frozen_v2_unified5m_wavea_shard064_10k_bundle.tar.gz	bundle_archive	False	True	-rw-r--r-- iturkmen us_cms 895212561 2026-07-21 06:09:30 /store/user/iturkmen/hh4b_delphes/run2_13tev/frozen_v2/bundles/unified_background_5m_wavea_proven111_20260720_v1/ttbar_inclusive_run2_frozen_v2_unified5m_wavea_shard064_10k_bundle.tar.gz
/store/user/iturkmen/hh4b_delphes/run2_13tev/frozen_v2/bundles/unified_background_5m_wavea_proven111_20260720_v1	/store/user/iturkmen/hh4b_delphes/run2_13tev/frozen_v2/bundles/unified_background_5m_wavea_proven111_20260720_v1/ttbar_inclusive_run2_frozen_v2_unified5m_wavea_shard065_10k_bundle.tar.gz	bundle_archive	False	True	-rw-r--r-- iturkmen us_cms 898975491 2026-07-21 06:07:18 /store/user/iturkmen/hh4b_delphes/run2_13tev/frozen_v2/bundles/unified_background_5m_wavea_proven111_20260720_v1/ttbar_inclusive_run2_frozen_v2_unified5m_wavea_shard065_10k_bundle.tar.gz
/store/user/iturkmen/hh4b_delphes/run2_13tev/frozen_v2/bundles/unified_background_5m_wavea_proven111_20260720_v1	/store/user/iturkmen/hh4b_delphes/run2_13tev/frozen_v2/bundles/unified_background_5m_wavea_proven111_20260720_v1/ttbar_inclusive_run2_frozen_v2_unified5m_wavea_shard066_10k_bundle.tar.gz	bundle_archive	False	True	-rw-r--r-- iturkmen us_cms 893331464 2026-07-21 06:08:46 /store/user/iturkmen/hh4b_delphes/run2_13tev/frozen_v2/bundles/unified_background_5m_wavea_proven111_20260720_v1/ttbar_inclusive_run2_frozen_v2_unified5m_wavea_shard066_10k_bundle.tar.gz
/store/user/iturkmen/hh4b_delphes/run2_13tev/frozen_v2/bundles/unified_background_5m_wavea_proven111_20260720_v1	/store/user/iturkmen/hh4b_delphes/run2_13tev/frozen_v2/bundles/unified_background_5m_wavea_proven111_20260720_v1/ttbar_inclusive_run2_frozen_v2_unified5m_wavea_shard067_10k_bundle.tar.gz	bundle_archive	False	True	-rw-r--r-- iturkmen us_cms 894334628 2026-07-21 06:07:23 /store/user/iturkmen/hh4b_delphes/run2_13tev/frozen_v2/bundles/unified_background_5m_wavea_proven111_20260720_v1/ttbar_inclusive_run2_frozen_v2_unified5m_wavea_shard067_10k_bundle.tar.gz
/store/user/iturkmen/hh4b_delphes/run2_13tev/frozen_v2/bundles/unified_background_5m_wavea_proven111_20260720_v1	/store/user/iturkmen/hh4b_delphes/run2_13tev/frozen_v2/bundles/unified_background_5m_wavea_proven111_20260720_v1/ttbar_inclusive_run2_frozen_v2_unified5m_wavea_shard068_10k_bundle.tar.gz	bundle_archive	False	True	-rw-r--r-- iturkmen us_cms 901081280 2026-07-21 06:10:20 /store/user/iturkmen/hh4b_delphes/run2_13tev/frozen_v2/bundles/unified_background_5m_wavea_proven111_20260720_v1/ttbar_inclusive_run2_frozen_v2_unified5m_wavea_shard068_10k_bundle.tar.gz
/store/user/iturkmen/hh4b_delphes/run2_13tev/frozen_v2/bundles/unified_background_5m_wavea_proven111_20260720_v1	/store/user/iturkmen/hh4b_delphes/run2_13tev/frozen_v2/bundles/unified_background_5m_wavea_proven111_20260720_v1/ttbar_inclusive_run2_frozen_v2_unified5m_wavea_shard069_10k_bundle.tar.gz	bundle_archive	False	True	-rw-r--r-- iturkmen us_cms 901522503 2026-07-21 06:11:47 /store/user/iturkmen/hh4b_delphes/run2_13tev/frozen_v2/bundles/unified_background_5m_wavea_proven111_20260720_v1/ttbar_inclusive_run2_frozen_v2_unified5m_wavea_shard069_10k_bundle.tar.gz
/store/user/iturkmen/hh4b_delphes/run2_13tev/frozen_v2/bundles/unified_background_5m_wavea_proven111_20260720_v1	/store/user/iturkmen/hh4b_delphes/run2_13tev/frozen_v2/bundles/unified_background_5m_wavea_proven111_20260720_v1/ttbar_inclusive_run2_frozen_v2_unified5m_wavea_shard070_10k_bundle.tar.gz	bundle_archive	False	True	-rw-r--r-- iturkmen us_cms 902780807 2026-07-21 06:03:10 /store/user/iturkmen/hh4b_delphes/run2_13tev/frozen_v2/bundles/unified_background_5m_wavea_proven111_20260720_v1/ttbar_inclusive_run2_frozen_v2_unified5m_wavea_shard070_10k_bundle.tar.gz
/store/user/iturkmen/hh4b_delphes/run2_13tev/frozen_v2/bundles/unified_background_5m_wavea_proven111_20260720_v1	/store/user/iturkmen/hh4b_delphes/run2_13tev/frozen_v2/bundles/unified_background_5m_wavea_proven111_20260720_v1/ttbar_inclusive_run2_frozen_v2_unified5m_wavea_shard071_10k_bundle.tar.gz	bundle_archive	False	True	-rw-r--r-- iturkmen us_cms 903109354 2026-07-21 06:02:58 /store/user/iturkmen/hh4b_delphes/run2_13tev/frozen_v2/bundles/unified_background_5m_wavea_proven111_20260720_v1/ttbar_inclusive_run2_frozen_v2_unified5m_wavea_shard071_10k_bundle.tar.gz
/store/user/iturkmen/hh4b_delphes/run2_13tev/frozen_v2/bundles/unified_background_5m_wavea_proven111_20260720_v1	/store/user/iturkmen/hh4b_delphes/run2_13tev/frozen_v2/bundles/unified_background_5m_wavea_proven111_20260720_v1/ttbar_inclusive_run2_frozen_v2_unified5m_wavea_shard072_10k_bundle.tar.gz	bundle_archive	False	True	-rw-r--r-- iturkmen us_cms 899251553 2026-07-21 06:07:10 /store/user/iturkmen/hh4b_delphes/run2_13tev/frozen_v2/bundles/unified_background_5m_wavea_proven111_20260720_v1/ttbar_inclusive_run2_frozen_v2_unified5m_wavea_shard072_10k_bundle.tar.gz
/store/user/iturkmen/hh4b_delphes/run2_13tev/frozen_v2/bundles/unified_background_5m_wavea_proven111_20260720_v1	/store/user/iturkmen/hh4b_delphes/run2_13tev/frozen_v2/bundles/unified_background_5m_wavea_proven111_20260720_v1/ttbar_inclusive_run2_frozen_v2_unified5m_wavea_shard073_10k_bundle.tar.gz	bundle_archive	False	True	-rw-r--r-- iturkmen us_cms 905191720 2026-07-21 06:09:09 /store/user/iturkmen/hh4b_delphes/run2_13tev/frozen_v2/bundles/unified_background_5m_wavea_proven111_20260720_v1/ttbar_inclusive_run2_frozen_v2_unified5m_wavea_shard073_10k_bundle.tar.gz
/store/user/iturkmen/hh4b_delphes/run2_13tev/frozen_v2/bundles/unified_background_5m_wavea_proven111_20260720_v1	/store/user/iturkmen/hh4b_delphes/run2_13tev/frozen_v2/bundles/unified_background_5m_wavea_proven111_20260720_v1/ttbar_inclusive_run2_frozen_v2_unified5m_wavea_shard074_10k_bundle.tar.gz	bundle_archive	False	True	-rw-r--r-- iturkmen us_cms 902766113 2026-07-21 06:03:17 /store/user/iturkmen/hh4b_delphes/run2_13tev/frozen_v2/bundles/unified_background_5m_wavea_proven111_20260720_v1/ttbar_inclusive_run2_frozen_v2_unified5m_wavea_shard074_10k_bundle.tar.gz
/store/user/iturkmen/hh4b_delphes/run2_13tev/frozen_v2/bundles/unified_background_5m_wavea_proven111_20260720_v1	/store/user/iturkmen/hh4b_delphes/run2_13tev/frozen_v2/bundles/unified_background_5m_wavea_proven111_20260720_v1/zbbbb_run2_frozen_v2_unified5m_wavea_shard001_10k_bundle.tar.gz	bundle_archive	False	True	-rw-r--r-- iturkmen us_cms 850787671 2026-07-21 06:03:50 /store/user/iturkmen/hh4b_delphes/run2_13tev/frozen_v2/bundles/unified_background_5m_wavea_proven111_20260720_v1/zbbbb_run2_frozen_v2_unified5m_wavea_shard001_10k_bundle.tar.gz
/store/user/iturkmen/hh4b_delphes/run2_13tev/frozen_v2/bundles/unified_background_5m_wavea_proven111_20260720_v1	/store/user/iturkmen/hh4b_delphes/run2_13tev/frozen_v2/bundles/unified_background_5m_wavea_proven111_20260720_v1/zbbbb_run2_frozen_v2_unified5m_wavea_shard002_10k_bundle.tar.gz	bundle_archive	False	True	-rw-r--r-- iturkmen us_cms 856915509 2026-07-21 06:11:52 /store/user/iturkmen/hh4b_delphes/run2_13tev/frozen_v2/bundles/unified_background_5m_wavea_proven111_20260720_v1/zbbbb_run2_frozen_v2_unified5m_wavea_shard002_10k_bundle.tar.gz
/store/user/iturkmen/hh4b_delphes/run2_13tev/frozen_v2/bundles/unified_background_5m_wavea_proven111_20260720_v1	/store/user/iturkmen/hh4b_delphes/run2_13tev/frozen_v2/bundles/unified_background_5m_wavea_proven111_20260720_v1/zbbbb_run2_frozen_v2_unified5m_wavea_shard003_10k_bundle.tar.gz	bundle_archive	False	True	-rw-r--r-- iturkmen us_cms 853102804 2026-07-21 06:08:23 /store/user/iturkmen/hh4b_delphes/run2_13tev/frozen_v2/bundles/unified_background_5m_wavea_proven111_20260720_v1/zbbbb_run2_frozen_v2_unified5m_wavea_shard003_10k_bundle.tar.gz
/store/user/iturkmen/hh4b_delphes/run2_13tev/frozen_v2/bundles/unified_background_5m_wavea_proven111_20260720_v1	/store/user/iturkmen/hh4b_delphes/run2_13tev/frozen_v2/bundles/unified_background_5m_wavea_proven111_20260720_v1/zbbbb_run2_frozen_v2_unified5m_wavea_shard004_10k_bundle.tar.gz	bundle_archive	False	True	-rw-r--r-- iturkmen us_cms 856824109 2026-07-21 06:04:32 /store/user/iturkmen/hh4b_delphes/run2_13tev/frozen_v2/bundles/unified_background_5m_wavea_proven111_20260720_v1/zbbbb_run2_frozen_v2_unified5m_wavea_shard004_10k_bundle.tar.gz
/store/user/iturkmen/hh4b_delphes/run2_13tev/frozen_v2/bundles/unified_background_5m_wavea_proven111_20260720_v1	/store/user/iturkmen/hh4b_delphes/run2_13tev/frozen_v2/bundles/unified_background_5m_wavea_proven111_20260720_v1/zbbbb_run2_frozen_v2_unified5m_wavea_shard005_10k_bundle.tar.gz	bundle_archive	False	True	-rw-r--r-- iturkmen us_cms 851902150 2026-07-21 06:10:03 /store/user/iturkmen/hh4b_delphes/run2_13tev/frozen_v2/bundles/unified_background_5m_wavea_proven111_20260720_v1/zbbbb_run2_frozen_v2_unified5m_wavea_shard005_10k_bundle.tar.gz
/store/user/iturkmen/hh4b_delphes/run2_13tev/frozen_v2/bundles/unified_background_5m_wavea_proven111_20260720_v1	/store/user/iturkmen/hh4b_delphes/run2_13tev/frozen_v2/bundles/unified_background_5m_wavea_proven111_20260720_v1/zbbbb_run2_frozen_v2_unified5m_wavea_shard006_10k_bundle.tar.gz	bundle_archive	False	True	-rw-r--r-- iturkmen us_cms 852652484 2026-07-21 06:07:31 /store/user/iturkmen/hh4b_delphes/run2_13tev/frozen_v2/bundles/unified_background_5m_wavea_proven111_20260720_v1/zbbbb_run2_frozen_v2_unified5m_wavea_shard006_10k_bundle.tar.gz
/store/user/iturkmen/hh4b_delphes/run2_13tev/frozen_v2/bundles/unified_background_5m_wavea_proven111_20260720_v1	/store/user/iturkmen/hh4b_delphes/run2_13tev/frozen_v2/bundles/unified_background_5m_wavea_proven111_20260720_v1/zbbbb_run2_frozen_v2_unified5m_wavea_shard007_10k_bundle.tar.gz	bundle_archive	False	True	-rw-r--r-- iturkmen us_cms 848843445 2026-07-21 06:04:19 /store/user/iturkmen/hh4b_delphes/run2_13tev/frozen_v2/bundles/unified_background_5m_wavea_proven111_20260720_v1/zbbbb_run2_frozen_v2_unified5m_wavea_shard007_10k_bundle.tar.gz
/store/user/iturkmen/hh4b_delphes/run2_13tev/frozen_v2/bundles/unified_background_5m_wavea_proven111_20260720_v1	/store/user/iturkmen/hh4b_delphes/run2_13tev/frozen_v2/bundles/unified_background_5m_wavea_proven111_20260720_v1/zbbbb_run2_frozen_v2_unified5m_wavea_shard008_10k_bundle.tar.gz	bundle_archive	False	True	-rw-r--r-- iturkmen us_cms 855832005 2026-07-21 06:03:11 /store/user/iturkmen/hh4b_delphes/run2_13tev/frozen_v2/bundles/unified_background_5m_wavea_proven111_20260720_v1/zbbbb_run2_frozen_v2_unified5m_wavea_shard008_10k_bundle.tar.gz
/store/user/iturkmen/hh4b_delphes/run2_13tev/frozen_v2/bundles/unified_background_5m_wavea_proven111_20260720_v1	/store/user/iturkmen/hh4b_delphes/run2_13tev/frozen_v2/bundles/unified_background_5m_wavea_proven111_20260720_v1/zbbbb_run2_frozen_v2_unified5m_wavea_shard009_10k_bundle.tar.gz	bundle_archive	False	True	-rw-r--r-- iturkmen us_cms 857512858 2026-07-21 06:03:46 /store/user/iturkmen/hh4b_delphes/run2_13tev/frozen_v2/bundles/unified_background_5m_wavea_proven111_20260720_v1/zbbbb_run2_frozen_v2_unified5m_wavea_shard009_10k_bundle.tar.gz
/store/user/iturkmen/hh4b_delphes/run2_13tev/frozen_v2/bundles/qcd_hardqcd_importance_adaptive1500k_phys_wave3_20260718	/store/user/iturkmen/hh4b_delphes/run2_13tev/frozen_v2/bundles/qcd_hardqcd_importance_adaptive1500k_phys_wave3_20260718/qcd_hardqcd_importance_adaptive1500k_phys_wave3_20260718_bin00_pthat50to75_shard1033_seed1201033_bundle.tar.gz	bundle_archive,importance_sampling_record	False	True	-rw-r--r-- iturkmen us_cms 1606628831 2026-07-18 05:33:37 /store/user/iturkmen/hh4b_delphes/run2_13tev/frozen_v2/bundles/qcd_hardqcd_importance_adaptive1500k_phys_wave3_20260718/qcd_hardqcd_importance_adaptive1500k_phys_wave3_20260718_bin00_pthat50to75_shard1033_seed1201033_bundle.tar.gz
/store/user/iturkmen/hh4b_delphes/run2_13tev/frozen_v2/bundles/qcd_hardqcd_importance_adaptive1500k_phys_wave3_20260718	/store/user/iturkmen/hh4b_delphes/run2_13tev/frozen_v2/bundles/qcd_hardqcd_importance_adaptive1500k_phys_wave3_20260718/qcd_hardqcd_importance_adaptive1500k_phys_wave3_20260718_bin00_pthat50to75_shard1034_seed1201034_bundle.tar.gz	bundle_archive,importance_sampling_record	False	True	-rw-r--r-- iturkmen us_cms 1603383305 2026-07-18 15:22:43 /store/user/iturkmen/hh4b_delphes/run2_13tev/frozen_v2/bundles/qcd_hardqcd_importance_adaptive1500k_phys_wave3_20260718/qcd_hardqcd_importance_adaptive1500k_phys_wave3_20260718_bin00_pthat50to75_shard1034_seed1201034_bundle.tar.gz
/store/user/iturkmen/hh4b_delphes/run2_13tev/frozen_v2/bundles/qcd_hardqcd_importance_adaptive1500k_phys_wave3_20260718	/store/user/iturkmen/hh4b_delphes/run2_13tev/frozen_v2/bundles/qcd_hardqcd_importance_adaptive1500k_phys_wave3_20260718/qcd_hardqcd_importance_adaptive1500k_phys_wave3_20260718_bin00_pthat50to75_shard1035_seed1201035_bundle.tar.gz	bundle_archive,importance_sampling_record	False	True	-rw-r--r-- iturkmen us_cms 1604655276 2026-07-18 05:25:05 /store/user/iturkmen/hh4b_delphes/run2_13tev/frozen_v2/bundles/qcd_hardqcd_importance_adaptive1500k_phys_wave3_20260718/qcd_hardqcd_importance_adaptive1500k_phys_wave3_20260718_bin00_pthat50to75_shard1035_seed1201035_bundle.tar.gz
/store/user/iturkmen/hh4b_delphes/run2_13tev/frozen_v2/bundles/qcd_hardqcd_importance_adaptive1500k_phys_wave3_20260718	/store/user/iturkmen/hh4b_delphes/run2_13tev/frozen_v2/bundles/qcd_hardqcd_importance_adaptive1500k_phys_wave3_20260718/qcd_hardqcd_importance_adaptive1500k_phys_wave3_20260718_bin00_pthat50to75_shard1036_seed1201036_bundle.tar.gz	bundle_archive,importance_sampling_record	False	True	-rw-r--r-- iturkmen us_cms 1608296749 2026-07-18 05:29:20 /store/user/iturkmen/hh4b_delphes/run2_13tev/frozen_v2/bundles/qcd_hardqcd_importance_adaptive1500k_phys_wave3_20260718/qcd_hardqcd_importance_adaptive1500k_phys_wave3_20260718_bin00_pthat50to75_shard1036_seed1201036_bundle.tar.gz
/store/user/iturkmen/hh4b_delphes/run2_13tev/frozen_v2/bundles/qcd_hardqcd_importance_adaptive1500k_phys_wave3_20260718	/store/user/iturkmen/hh4b_delphes/run2_13tev/frozen_v2/bundles/qcd_hardqcd_importance_adaptive1500k_phys_wave3_20260718/qcd_hardqcd_importance_adaptive1500k_phys_wave3_20260718_bin00_pthat50to75_shard1037_seed1201037_bundle.tar.gz	bundle_archive,importance_sampling_record	False	True	-rw-r--r-- iturkmen us_cms 1602703627 2026-07-18 05:33:16 /store/user/iturkmen/hh4b_delphes/run2_13tev/frozen_v2/bundles/qcd_hardqcd_importance_adaptive1500k_phys_wave3_20260718/qcd_hardqcd_importance_adaptive1500k_phys_wave3_20260718_bin00_pthat50to75_shard1037_seed1201037_bundle.tar.gz
/store/user/iturkmen/hh4b_delphes/run2_13tev/frozen_v2/bundles/qcd_hardqcd_importance_adaptive1500k_phys_wave3_20260718	/store/user/iturkmen/hh4b_delphes/run2_13tev/frozen_v2/bundles/qcd_hardqcd_importance_adaptive1500k_phys_wave3_20260718/qcd_hardqcd_importance_adaptive1500k_phys_wave3_20260718_bin00_pthat50to75_shard1038_seed1201038_bundle.tar.gz	bundle_archive,importance_sampling_record	False	True	-rw-r--r-- iturkmen us_cms 1601489541 2026-07-18 05:28:52 /store/user/iturkmen/hh4b_delphes/run2_13tev/frozen_v2/bundles/qcd_hardqcd_importance_adaptive1500k_phys_wave3_20260718/qcd_hardqcd_importance_adaptive1500k_phys_wave3_20260718_bin00_pthat50to75_shard1038_seed1201038_bundle.tar.gz
/store/user/iturkmen/hh4b_delphes/run2_13tev/frozen_v2/bundles/qcd_hardqcd_importance_adaptive1500k_phys_wave3_20260718	/store/user/iturkmen/hh4b_delphes/run2_13tev/frozen_v2/bundles/qcd_hardqcd_importance_adaptive1500k_phys_wave3_20260718/qcd_hardqcd_importance_adaptive1500k_phys_wave3_20260718_bin00_pthat50to75_shard1039_seed1201039_bundle.tar.gz	bundle_archive,importance_sampling_record	False	True	-rw-r--r-- iturkmen us_cms 1610347990 2026-07-18 05:29:25 /store/user/iturkmen/hh4b_delphes/run2_13tev/frozen_v2/bundles/qcd_hardqcd_importance_adaptive1500k_phys_wave3_20260718/qcd_hardqcd_importance_adaptive1500k_phys_wave3_20260718_bin00_pthat50to75_shard1039_seed1201039_bundle.tar.gz
/store/user/iturkmen/hh4b_delphes/run2_13tev/frozen_v2/bundles/qcd_hardqcd_importance_adaptive1500k_phys_wave3_20260718	/store/user/iturkmen/hh4b_delphes/run2_13tev/frozen_v2/bundles/qcd_hardqcd_importance_adaptive1500k_phys_wave3_20260718/qcd_hardqcd_importance_adaptive1500k_phys_wave3_20260718_bin00_pthat50to75_shard1040_seed1201040_bundle.tar.gz	bundle_archive,importance_sampling_record	False	True	-rw-r--r-- iturkmen us_cms 1614891904 2026-07-18 05:33:38 /store/user/iturkmen/hh4b_delphes/run2_13tev/frozen_v2/bundles/qcd_hardqcd_importance_adaptive1500k_phys_wave3_20260718/qcd_hardqcd_importance_adaptive1500k_phys_wave3_20260718_bin00_pthat50to75_shard1040_seed1201040_bundle.tar.gz
/store/user/iturkmen/hh4b_delphes/run2_13tev/frozen_v2/bundles/qcd_hardqcd_importance_adaptive1500k_phys_wave3_20260718	/store/user/iturkmen/hh4b_delphes/run2_13tev/frozen_v2/bundles/qcd_hardqcd_importance_adaptive1500k_phys_wave3_20260718/qcd_hardqcd_importance_adaptive1500k_phys_wave3_20260718_bin00_pthat50to75_shard1041_seed1201041_bundle.tar.gz	bundle_archive,importance_sampling_record	False	True	-rw-r--r-- iturkmen us_cms 1609522362 2026-07-18 05:33:13 /store/user/iturkmen/hh4b_delphes/run2_13tev/frozen_v2/bundles/qcd_hardqcd_importance_adaptive1500k_phys_wave3_20260718/qcd_hardqcd_importance_adaptive1500k_phys_wave3_20260718_bin00_pthat50to75_shard1041_seed1201041_bundle.tar.gz
/store/user/iturkmen/hh4b_delphes/run2_13tev/frozen_v2/bundles/qcd_hardqcd_importance_adaptive1500k_phys_wave3_20260718	/store/user/iturkmen/hh4b_delphes/run2_13tev/frozen_v2/bundles/qcd_hardqcd_importance_adaptive1500k_phys_wave3_20260718/qcd_hardqcd_importance_adaptive1500k_phys_wave3_20260718_bin00_pthat50to75_shard1042_seed1201042_bundle.tar.gz	bundle_archive,importance_sampling_record	False	True	-rw-r--r-- iturkmen us_cms 1607702159 2026-07-18 05:30:54 /store/user/iturkmen/hh4b_delphes/run2_13tev/frozen_v2/bundles/qcd_hardqcd_importance_adaptive1500k_phys_wave3_20260718/qcd_hardqcd_importance_adaptive1500k_phys_wave3_20260718_bin00_pthat50to75_shard1042_seed1201042_bundle.tar.gz
/store/user/iturkmen/hh4b_delphes/run2_13tev/frozen_v2/bundles/qcd_hardqcd_importance_adaptive1500k_phys_wave3_20260718	/store/user/iturkmen/hh4b_delphes/run2_13tev/frozen_v2/bundles/qcd_hardqcd_importance_adaptive1500k_phys_wave3_20260718/qcd_hardqcd_importance_adaptive1500k_phys_wave3_20260718_bin00_pthat50to75_shard1043_seed1201043_bundle.tar.gz	bundle_archive,importance_sampling_record	False	True	-rw-r--r-- iturkmen us_cms 1604540967 2026-07-18 05:30:05 /store/user/iturkmen/hh4b_delphes/run2_13tev/frozen_v2/bundles/qcd_hardqcd_importance_adaptive1500k_phys_wave3_20260718/qcd_hardqcd_importance_adaptive1500k_phys_wave3_20260718_bin00_pthat50to75_shard1043_seed1201043_bundle.tar.gz
/store/user/iturkmen/hh4b_delphes/run2_13tev/frozen_v2/bundles/qcd_hardqcd_importance_adaptive1500k_phys_wave3_20260718	/store/user/iturkmen/hh4b_delphes/run2_13tev/frozen_v2/bundles/qcd_hardqcd_importance_adaptive1500k_phys_wave3_20260718/qcd_hardqcd_importance_adaptive1500k_phys_wave3_20260718_bin00_pthat50to75_shard1044_seed1201044_bundle.tar.gz	bundle_archive,importance_sampling_record	False	True	-rw-r--r-- iturkmen us_cms 1607930768 2026-07-18 05:31:14 /store/user/iturkmen/hh4b_delphes/run2_13tev/frozen_v2/bundles/qcd_hardqcd_importance_adaptive1500k_phys_wave3_20260718/qcd_hardqcd_importance_adaptive1500k_phys_wave3_20260718_bin00_pthat50to75_shard1044_seed1201044_bundle.tar.gz
/store/user/iturkmen/hh4b_delphes/run2_13tev/frozen_v2/bundles/qcd_hardqcd_importance_adaptive1500k_phys_wave3_20260718	/store/user/iturkmen/hh4b_delphes/run2_13tev/frozen_v2/bundles/qcd_hardqcd_importance_adaptive1500k_phys_wave3_20260718/qcd_hardqcd_importance_adaptive1500k_phys_wave3_20260718_bin00_pthat50to75_shard1045_seed1201045_bundle.tar.gz	bundle_archive,importance_sampling_record	False	True	-rw-r--r-- iturkmen us_cms 1609167113 2026-07-18 05:31:21 /store/user/iturkmen/hh4b_delphes/run2_13tev/frozen_v2/bundles/qcd_hardqcd_importance_adaptive1500k_phys_wave3_20260718/qcd_hardqcd_importance_adaptive1500k_phys_wave3_20260718_bin00_pthat50to75_shard1045_seed1201045_bundle.tar.gz
/store/user/iturkmen/hh4b_delphes/run2_13tev/frozen_v2/bundles/qcd_hardqcd_importance_adaptive1500k_phys_wave3_20260718	/store/user/iturkmen/hh4b_delphes/run2_13tev/frozen_v2/bundles/qcd_hardqcd_importance_adaptive1500k_phys_wave3_20260718/qcd_hardqcd_importance_adaptive1500k_phys_wave3_20260718_bin00_pthat50to75_shard1046_seed1201046_bundle.tar.gz	bundle_archive,importance_sampling_record	False	True	-rw-r--r-- iturkmen us_cms 1602561255 2026-07-18 05:31:17 /store/user/iturkmen/hh4b_delphes/run2_13tev/frozen_v2/bundles/qcd_hardqcd_importance_adaptive1500k_phys_wave3_20260718/qcd_hardqcd_importance_adaptive1500k_phys_wave3_20260718_bin00_pthat50to75_shard1046_seed1201046_bundle.tar.gz
/store/user/iturkmen/hh4b_delphes/run2_13tev/frozen_v2/bundles/qcd_hardqcd_importance_adaptive1500k_phys_wave3_20260718	/store/user/iturkmen/hh4b_delphes/run2_13tev/frozen_v2/bundles/qcd_hardqcd_importance_adaptive1500k_phys_wave3_20260718/qcd_hardqcd_importance_adaptive1500k_phys_wave3_20260718_bin00_pthat50to75_shard1047_seed1201047_bundle.tar.gz	bundle_archive,importance_sampling_record	False	True	-rw-r--r-- iturkmen us_cms 1596051121 2026-07-18 05:32:25 /store/user/iturkmen/hh4b_delphes/run2_13tev/frozen_v2/bundles/qcd_hardqcd_importance_adaptive1500k_phys_wave3_20260718/qcd_hardqcd_importance_adaptive1500k_phys_wave3_20260718_bin00_pthat50to75_shard1047_seed1201047_bundle.tar.gz
/store/user/iturkmen/hh4b_delphes/run2_13tev/frozen_v2/bundles/qcd_hardqcd_importance_adaptive1500k_phys_wave3_20260718	/store/user/iturkmen/hh4b_delphes/run2_13tev/frozen_v2/bundles/qcd_hardqcd_importance_adaptive1500k_phys_wave3_20260718/qcd_hardqcd_importance_adaptive1500k_phys_wave3_20260718_bin00_pthat50to75_shard1048_seed1201048_bundle.tar.gz	bundle_archive,importance_sampling_record	False	True	-rw-r--r-- iturkmen us_cms 1611039447 2026-07-18 05:32:56 /store/user/iturkmen/hh4b_delphes/run2_13tev/frozen_v2/bundles/qcd_hardqcd_importance_adaptive1500k_phys_wave3_20260718/qcd_hardqcd_importance_adaptive1500k_phys_wave3_20260718_bin00_pthat50to75_shard1048_seed1201048_bundle.tar.gz
/store/user/iturkmen/hh4b_delphes/run2_13tev/frozen_v2/bundles/qcd_hardqcd_importance_adaptive1500k_phys_wave3_20260718	/store/user/iturkmen/hh4b_delphes/run2_13tev/frozen_v2/bundles/qcd_hardqcd_importance_adaptive1500k_phys_wave3_20260718/qcd_hardqcd_importance_adaptive1500k_phys_wave3_20260718_bin00_pthat50to75_shard1049_seed1201049_bundle.tar.gz	bundle_archive,importance_sampling_record	False	True	-rw-r--r-- iturkmen us_cms 1595678192 2026-07-18 05:28:33 /store/user/iturkmen/hh4b_delphes/run2_13tev/frozen_v2/bundles/qcd_hardqcd_importance_adaptive1500k_phys_wave3_20260718/qcd_hardqcd_importance_adaptive1500k_phys_wave3_20260718_bin00_pthat50to75_shard1049_seed1201049_bundle.tar.gz
/store/user/iturkmen/hh4b_delphes/run2_13tev/frozen_v2/bundles/qcd_hardqcd_importance_adaptive1500k_phys_wave3_20260718	/store/user/iturkmen/hh4b_delphes/run2_13tev/frozen_v2/bundles/qcd_hardqcd_importance_adaptive1500k_phys_wave3_20260718/qcd_hardqcd_importance_adaptive1500k_phys_wave3_20260718_bin00_pthat50to75_shard1050_seed1201050_bundle.tar.gz	bundle_archive,importance_sampling_record	False	True	-rw-r--r-- iturkmen us_cms 1605865786 2026-07-18 05:29:38 /store/user/iturkmen/hh4b_delphes/run2_13tev/frozen_v2/bundles/qcd_hardqcd_importance_adaptive1500k_phys_wave3_20260718/qcd_hardqcd_importance_adaptive1500k_phys_wave3_20260718_bin00_pthat50to75_shard1050_seed1201050_bundle.tar.gz
/store/user/iturkmen/hh4b_delphes/run2_13tev/frozen_v2/bundles/qcd_hardqcd_importance_adaptive1500k_phys_wave3_20260718	/store/user/iturkmen/hh4b_delphes/run2_13tev/frozen_v2/bundles/qcd_hardqcd_importance_adaptive1500k_phys_wave3_20260718/qcd_hardqcd_importance_adaptive1500k_phys_wave3_20260718_bin00_pthat50to75_shard1051_seed1201051_bundle.tar.gz	bundle_archive,importance_sampling_record	False	True	-rw-r--r-- iturkmen us_cms 1610583058 2026-07-18 05:28:40 /store/user/iturkmen/hh4b_delphes/run2_13tev/frozen_v2/bundles/qcd_hardqcd_importance_adaptive1500k_phys_wave3_20260718/qcd_hardqcd_importance_adaptive1500k_phys_wave3_20260718_bin00_pthat50to75_shard1051_seed1201051_bundle.tar.gz
/store/user/iturkmen/hh4b_delphes/run2_13tev/frozen_v2/bundles/qcd_hardqcd_importance_adaptive1500k_phys_wave3_20260718	/store/user/iturkmen/hh4b_delphes/run2_13tev/frozen_v2/bundles/qcd_hardqcd_importance_adaptive1500k_phys_wave3_20260718/qcd_hardqcd_importance_adaptive1500k_phys_wave3_20260718_bin00_pthat50to75_shard1052_seed1201052_bundle.tar.gz	bundle_archive,importance_sampling_record	False	True	-rw-r--r-- iturkmen us_cms 1599746168 2026-07-18 05:28:37 /store/user/iturkmen/hh4b_delphes/run2_13tev/frozen_v2/bundles/qcd_hardqcd_importance_adaptive1500k_phys_wave3_20260718/qcd_hardqcd_importance_adaptive1500k_phys_wave3_20260718_bin00_pthat50to75_shard1052_seed1201052_bundle.tar.gz
/store/user/iturkmen/hh4b_delphes/run2_13tev/frozen_v2/bundles/qcd_hardqcd_importance_adaptive1500k_phys_wave3_20260718	/store/user/iturkmen/hh4b_delphes/run2_13tev/frozen_v2/bundles/qcd_hardqcd_importance_adaptive1500k_phys_wave3_20260718/qcd_hardqcd_importance_adaptive1500k_phys_wave3_20260718_bin00_pthat50to75_shard1053_seed1201053_bundle.tar.gz	bundle_archive,importance_sampling_record	False	True	-rw-r--r-- iturkmen us_cms 1606100514 2026-07-18 05:30:17 /store/user/iturkmen/hh4b_delphes/run2_13tev/frozen_v2/bundles/qcd_hardqcd_importance_adaptive1500k_phys_wave3_20260718/qcd_hardqcd_importance_adaptive1500k_phys_wave3_20260718_bin00_pthat50to75_shard1053_seed1201053_bundle.tar.gz
/store/user/iturkmen/hh4b_delphes/run2_13tev/frozen_v2/bundles/qcd_hardqcd_importance_adaptive1500k_phys_wave3_20260718	/store/user/iturkmen/hh4b_delphes/run2_13tev/frozen_v2/bundles/qcd_hardqcd_importance_adaptive1500k_phys_wave3_20260718/qcd_hardqcd_importance_adaptive1500k_phys_wave3_20260718_bin00_pthat50to75_shard1054_seed1201054_bundle.tar.gz	bundle_archive,importance_sampling_record	False	True	-rw-r--r-- iturkmen us_cms 1613823867 2026-07-18 05:25:32 /store/user/iturkmen/hh4b_delphes/run2_13tev/frozen_v2/bundles/qcd_hardqcd_importance_adaptive1500k_phys_wave3_20260718/qcd_hardqcd_importance_adaptive1500k_phys_wave3_20260718_bin00_pthat50to75_shard1054_seed1201054_bundle.tar.gz
/store/user/iturkmen/hh4b_delphes/run2_13tev/frozen_v2/bundles/qcd_hardqcd_importance_adaptive1500k_phys_wave3_20260718	/store/user/iturkmen/hh4b_delphes/run2_13tev/frozen_v2/bundles/qcd_hardqcd_importance_adaptive1500k_phys_wave3_20260718/qcd_hardqcd_importance_adaptive1500k_phys_wave3_20260718_bin00_pthat50to75_shard1055_seed1201055_bundle.tar.gz	bundle_archive,importance_sampling_record	False	True	-rw-r--r-- iturkmen us_cms 1610945595 2026-07-18 05:28:55 /store/user/iturkmen/hh4b_delphes/run2_13tev/frozen_v2/bundles/qcd_hardqcd_importance_adaptive1500k_phys_wave3_20260718/qcd_hardqcd_importance_adaptive1500k_phys_wave3_20260718_bin00_pthat50to75_shard1055_seed1201055_bundle.tar.gz
/store/user/iturkmen/hh4b_delphes/run2_13tev/frozen_v2/bundles/qcd_hardqcd_importance_adaptive1500k_phys_wave3_20260718	/store/user/iturkmen/hh4b_delphes/run2_13tev/frozen_v2/bundles/qcd_hardqcd_importance_adaptive1500k_phys_wave3_20260718/qcd_hardqcd_importance_adaptive1500k_phys_wave3_20260718_bin00_pthat50to75_shard1056_seed1201056_bundle.tar.gz	bundle_archive,importance_sampling_record	False	True	-rw-r--r-- iturkmen us_cms 1604202664 2026-07-18 05:29:17 /store/user/iturkmen/hh4b_delphes/run2_13tev/frozen_v2/bundles/qcd_hardqcd_importance_adaptive1500k_phys_wave3_20260718/qcd_hardqcd_importance_adaptive1500k_phys_wave3_20260718_bin00_pthat50to75_shard1056_seed1201056_bundle.tar.gz
/store/user/iturkmen/hh4b_delphes/run2_13tev/frozen_v2/bundles/qcd_hardqcd_importance_adaptive1500k_phys_wave3_20260718	/store/user/iturkmen/hh4b_delphes/run2_13tev/frozen_v2/bundles/qcd_hardqcd_importance_adaptive1500k_phys_wave3_20260718/qcd_hardqcd_importance_adaptive1500k_phys_wave3_20260718_bin00_pthat50to75_shard1057_seed1201057_bundle.tar.gz	bundle_archive,importance_sampling_record	False	True	-rw-r--r-- iturkmen us_cms 1606244123 2026-07-18 05:29:01 /store/user/iturkmen/hh4b_delphes/run2_13tev/frozen_v2/bundles/qcd_hardqcd_importance_adaptive1500k_phys_wave3_20260718/qcd_hardqcd_importance_adaptive1500k_phys_wave3_20260718_bin00_pthat50to75_shard1057_seed1201057_bundle.tar.gz
/store/user/iturkmen/hh4b_delphes/run2_13tev/frozen_v2/bundles/qcd_hardqcd_importance_adaptive1500k_phys_wave3_20260718	/store/user/iturkmen/hh4b_delphes/run2_13tev/frozen_v2/bundles/qcd_hardqcd_importance_adaptive1500k_phys_wave3_20260718/qcd_hardqcd_importance_adaptive1500k_phys_wave3_20260718_bin00_pthat50to75_shard1058_seed1201058_bundle.tar.gz	bundle_archive,importance_sampling_record	False	True	-rw-r--r-- iturkmen us_cms 1609173839 2026-07-18 05:32:52 /store/user/iturkmen/hh4b_delphes/run2_13tev/frozen_v2/bundles/qcd_hardqcd_importance_adaptive1500k_phys_wave3_20260718/qcd_hardqcd_importance_adaptive1500k_phys_wave3_20260718_bin00_pthat50to75_shard1058_seed1201058_bundle.tar.gz
/store/user/iturkmen/hh4b_delphes/run2_13tev/frozen_v2/bundles/qcd_hardqcd_importance_adaptive1500k_phys_wave3_20260718	/store/user/iturkmen/hh4b_delphes/run2_13tev/frozen_v2/bundles/qcd_hardqcd_importance_adaptive1500k_phys_wave3_20260718/qcd_hardqcd_importance_adaptive1500k_phys_wave3_20260718_bin00_pthat50to75_shard1059_seed1201059_bundle.tar.gz	bundle_archive,importance_sampling_record	False	True	-rw-r--r-- iturkmen us_cms 1610507238 2026-07-18 05:29:04 /store/user/iturkmen/hh4b_delphes/run2_13tev/frozen_v2/bundles/qcd_hardqcd_importance_adaptive1500k_phys_wave3_20260718/qcd_hardqcd_importance_adaptive1500k_phys_wave3_20260718_bin00_pthat50to75_shard1059_seed1201059_bundle.tar.gz
/store/user/iturkmen/hh4b_delphes/run2_13tev/frozen_v2/bundles/qcd_hardqcd_importance_adaptive1500k_phys_wave3_20260718	/store/user/iturkmen/hh4b_delphes/run2_13tev/frozen_v2/bundles/qcd_hardqcd_importance_adaptive1500k_phys_wave3_20260718/qcd_hardqcd_importance_adaptive1500k_phys_wave3_20260718_bin00_pthat50to75_shard1060_seed1201060_bundle.tar.gz	bundle_archive,importance_sampling_record	False	True	-rw-r--r-- iturkmen us_cms 1596840688 2026-07-18 05:29:18 /store/user/iturkmen/hh4b_delphes/run2_13tev/frozen_v2/bundles/qcd_hardqcd_importance_adaptive1500k_phys_wave3_20260718/qcd_hardqcd_importance_adaptive1500k_phys_wave3_20260718_bin00_pthat50to75_shard1060_seed1201060_bundle.tar.gz
/store/user/iturkmen/hh4b_delphes/run2_13tev/frozen_v2/bundles/qcd_hardqcd_importance_adaptive1500k_phys_wave3_20260718	/store/user/iturkmen/hh4b_delphes/run2_13tev/frozen_v2/bundles/qcd_hardqcd_importance_adaptive1500k_phys_wave3_20260718/qcd_hardqcd_importance_adaptive1500k_phys_wave3_20260718_bin00_pthat50to75_shard1061_seed1201061_bundle.tar.gz	bundle_archive,importance_sampling_record	False	True	-rw-r--r-- iturkmen us_cms 1601887897 2026-07-18 05:29:26 /store/user/iturkmen/hh4b_delphes/run2_13tev/frozen_v2/bundles/qcd_hardqcd_importance_adaptive1500k_phys_wave3_20260718/qcd_hardqcd_importance_adaptive1500k_phys_wave3_20260718_bin00_pthat50to75_shard1061_seed1201061_bundle.tar.gz
/store/user/iturkmen/hh4b_delphes/run2_13tev/frozen_v2/bundles/qcd_hardqcd_importance_adaptive1500k_phys_wave3_20260718	/store/user/iturkmen/hh4b_delphes/run2_13tev/frozen_v2/bundles/qcd_hardqcd_importance_adaptive1500k_phys_wave3_20260718/qcd_hardqcd_importance_adaptive1500k_phys_wave3_20260718_bin00_pthat50to75_shard1062_seed1201062_bundle.tar.gz	bundle_archive,importance_sampling_record	False	True	-rw-r--r-- iturkmen us_cms 1607273801 2026-07-18 05:29:10 /store/user/iturkmen/hh4b_delphes/run2_13tev/frozen_v2/bundles/qcd_hardqcd_importance_adaptive1500k_phys_wave3_20260718/qcd_hardqcd_importance_adaptive1500k_phys_wave3_20260718_bin00_pthat50to75_shard1062_seed1201062_bundle.tar.gz
/store/user/iturkmen/hh4b_delphes/run2_13tev/frozen_v2/bundles/qcd_hardqcd_importance_adaptive1500k_phys_wave3_20260718	/store/user/iturkmen/hh4b_delphes/run2_13tev/frozen_v2/bundles/qcd_hardqcd_importance_adaptive1500k_phys_wave3_20260718/qcd_hardqcd_importance_adaptive1500k_phys_wave3_20260718_bin00_pthat50to75_shard1063_seed1201063_bundle.tar.gz	bundle_archive,importance_sampling_record	False	True	-rw-r--r-- iturkmen us_cms 1595406061 2026-07-18 05:31:44 /store/user/iturkmen/hh4b_delphes/run2_13tev/frozen_v2/bundles/qcd_hardqcd_importance_adaptive1500k_phys_wave3_20260718/qcd_hardqcd_importance_adaptive1500k_phys_wave3_20260718_bin00_pthat50to75_shard1063_seed1201063_bundle.tar.gz
/store/user/iturkmen/hh4b_delphes/run2_13tev/frozen_v2/bundles/qcd_hardqcd_importance_adaptive1500k_phys_wave3_20260718	/store/user/iturkmen/hh4b_delphes/run2_13tev/frozen_v2/bundles/qcd_hardqcd_importance_adaptive1500k_phys_wave3_20260718/qcd_hardqcd_importance_adaptive1500k_phys_wave3_20260718_bin00_pthat50to75_shard1064_seed1201064_bundle.tar.gz	bundle_archive,importance_sampling_record	False	True	-rw-r--r-- iturkmen us_cms 1618567740 2026-07-18 05:31:04 /store/user/iturkmen/hh4b_delphes/run2_13tev/frozen_v2/bundles/qcd_hardqcd_importance_adaptive1500k_phys_wave3_20260718/qcd_hardqcd_importance_adaptive1500k_phys_wave3_20260718_bin00_pthat50to75_shard1064_seed1201064_bundle.tar.gz
/store/user/iturkmen/hh4b_delphes/run2_13tev/frozen_v2/bundles/qcd_hardqcd_importance_adaptive1500k_phys_wave3_20260718	/store/user/iturkmen/hh4b_delphes/run2_13tev/frozen_v2/bundles/qcd_hardqcd_importance_adaptive1500k_phys_wave3_20260718/qcd_hardqcd_importance_adaptive1500k_phys_wave3_20260718_bin00_pthat50to75_shard1065_seed1201065_bundle.tar.gz	bundle_archive,importance_sampling_record	False	True	-rw-r--r-- iturkmen us_cms 1611605812 2026-07-18 05:27:58 /store/user/iturkmen/hh4b_delphes/run2_13tev/frozen_v2/bundles/qcd_hardqcd_importance_adaptive1500k_phys_wave3_20260718/qcd_hardqcd_importance_adaptive1500k_phys_wave3_20260718_bin00_pthat50to75_shard1065_seed1201065_bundle.tar.gz
/store/user/iturkmen/hh4b_delphes/run2_13tev/frozen_v2/bundles/qcd_hardqcd_importance_adaptive1500k_phys_wave3_20260718	/store/user/iturkmen/hh4b_delphes/run2_13tev/frozen_v2/bundles/qcd_hardqcd_importance_adaptive1500k_phys_wave3_20260718/qcd_hardqcd_importance_adaptive1500k_phys_wave3_20260718_bin00_pthat50to75_shard1066_seed1201066_bundle.tar.gz	bundle_archive,importance_sampling_record	False	True	-rw-r--r-- iturkmen us_cms 1613691025 2026-07-18 05:29:22 /store/user/iturkmen/hh4b_delphes/run2_13tev/frozen_v2/bundles/qcd_hardqcd_importance_adaptive1500k_phys_wave3_20260718/qcd_hardqcd_importance_adaptive1500k_phys_wave3_20260718_bin00_pthat50to75_shard1066_seed1201066_bundle.tar.gz
/store/user/iturkmen/hh4b_delphes/run2_13tev/frozen_v2/bundles/qcd_hardqcd_importance_adaptive1500k_phys_wave3_20260718	/store/user/iturkmen/hh4b_delphes/run2_13tev/frozen_v2/bundles/qcd_hardqcd_importance_adaptive1500k_phys_wave3_20260718/qcd_hardqcd_importance_adaptive1500k_phys_wave3_20260718_bin00_pthat50to75_shard1067_seed1201067_bundle.tar.gz	bundle_archive,importance_sampling_record	False	True	-rw-r--r-- iturkmen us_cms 1599091766 2026-07-18 05:29:45 /store/user/iturkmen/hh4b_delphes/run2_13tev/frozen_v2/bundles/qcd_hardqcd_importance_adaptive1500k_phys_wave3_20260718/qcd_hardqcd_importance_adaptive1500k_phys_wave3_20260718_bin00_pthat50to75_shard1067_seed1201067_bundle.tar.gz
/store/user/iturkmen/hh4b_delphes/run2_13tev/frozen_v2/bundles/qcd_hardqcd_importance_adaptive1500k_phys_wave3_20260718	/store/user/iturkmen/hh4b_delphes/run2_13tev/frozen_v2/bundles/qcd_hardqcd_importance_adaptive1500k_phys_wave3_20260718/qcd_hardqcd_importance_adaptive1500k_phys_wave3_20260718_bin00_pthat50to75_shard1068_seed1201068_bundle.tar.gz	bundle_archive,importance_sampling_record	False	True	-rw-r--r-- iturkmen us_cms 1602835630 2026-07-18 05:29:48 /store/user/iturkmen/hh4b_delphes/run2_13tev/frozen_v2/bundles/qcd_hardqcd_importance_adaptive1500k_phys_wave3_20260718/qcd_hardqcd_importance_adaptive1500k_phys_wave3_20260718_bin00_pthat50to75_shard1068_seed1201068_bundle.tar.gz
/store/user/iturkmen/hh4b_delphes/run2_13tev/frozen_v2/bundles/qcd_hardqcd_importance_adaptive1500k_phys_wave3_20260718	/store/user/iturkmen/hh4b_delphes/run2_13tev/frozen_v2/bundles/qcd_hardqcd_importance_adaptive1500k_phys_wave3_20260718/qcd_hardqcd_importance_adaptive1500k_phys_wave3_20260718_bin00_pthat50to75_shard1069_seed1201069_bundle.tar.gz	bundle_archive,importance_sampling_record	False	True	-rw-r--r-- iturkmen us_cms 1615594660 2026-07-18 05:30:01 /store/user/iturkmen/hh4b_delphes/run2_13tev/frozen_v2/bundles/qcd_hardqcd_importance_adaptive1500k_phys_wave3_20260718/qcd_hardqcd_importance_adaptive1500k_phys_wave3_20260718_bin00_pthat50to75_shard1069_seed1201069_bundle.tar.gz
/store/user/iturkmen/hh4b_delphes/run2_13tev/frozen_v2/bundles/qcd_hardqcd_importance_adaptive1500k_phys_wave3_20260718	/store/user/iturkmen/hh4b_delphes/run2_13tev/frozen_v2/bundles/qcd_hardqcd_importance_adaptive1500k_phys_wave3_20260718/qcd_hardqcd_importance_adaptive1500k_phys_wave3_20260718_bin00_pthat50to75_shard1070_seed1201070_bundle.tar.gz	bundle_archive,importance_sampling_record	False	True	-rw-r--r-- iturkmen us_cms 1604891385 2026-07-18 05:34:03 /store/user/iturkmen/hh4b_delphes/run2_13tev/frozen_v2/bundles/qcd_hardqcd_importance_adaptive1500k_phys_wave3_20260718/qcd_hardqcd_importance_adaptive1500k_phys_wave3_20260718_bin00_pthat50to75_shard1070_seed1201070_bundle.tar.gz
/store/user/iturkmen/hh4b_delphes/run2_13tev/frozen_v2/bundles/qcd_hardqcd_importance_adaptive1500k_phys_wave3_20260718	/store/user/iturkmen/hh4b_delphes/run2_13tev/frozen_v2/bundles/qcd_hardqcd_importance_adaptive1500k_phys_wave3_20260718/qcd_hardqcd_importance_adaptive1500k_phys_wave3_20260718_bin00_pthat50to75_shard1071_seed1201071_bundle.tar.gz	bundle_archive,importance_sampling_record	False	True	-rw-r--r-- iturkmen us_cms 1621328124 2026-07-18 05:30:13 /store/user/iturkmen/hh4b_delphes/run2_13tev/frozen_v2/bundles/qcd_hardqcd_importance_adaptive1500k_phys_wave3_20260718/qcd_hardqcd_importance_adaptive1500k_phys_wave3_20260718_bin00_pthat50to75_shard1071_seed1201071_bundle.tar.gz
/store/user/iturkmen/hh4b_delphes/run2_13tev/frozen_v2/bundles/qcd_hardqcd_importance_adaptive1500k_phys_wave3_20260718	/store/user/iturkmen/hh4b_delphes/run2_13tev/frozen_v2/bundles/qcd_hardqcd_importance_adaptive1500k_phys_wave3_20260718/qcd_hardqcd_importance_adaptive1500k_phys_wave3_20260718_bin00_pthat50to75_shard1072_seed1201072_bundle.tar.gz	bundle_archive,importance_sampling_record	False	True	-rw-r--r-- iturkmen us_cms 1605242207 2026-07-18 05:30:01 /store/user/iturkmen/hh4b_delphes/run2_13tev/frozen_v2/bundles/qcd_hardqcd_importance_adaptive1500k_phys_wave3_20260718/qcd_hardqcd_importance_adaptive1500k_phys_wave3_20260718_bin00_pthat50to75_shard1072_seed1201072_bundle.tar.gz
/store/user/iturkmen/hh4b_delphes/run2_13tev/frozen_v2/bundles/qcd_hardqcd_importance_adaptive1500k_phys_wave3_20260718	/store/user/iturkmen/hh4b_delphes/run2_13tev/frozen_v2/bundles/qcd_hardqcd_importance_adaptive1500k_phys_wave3_20260718/qcd_hardqcd_importance_adaptive1500k_phys_wave3_20260718_bin00_pthat50to75_shard1073_seed1201073_bundle.tar.gz	bundle_archive,importance_sampling_record	False	True	-rw-r--r-- iturkmen us_cms 1597260521 2026-07-18 05:35:19 /store/user/iturkmen/hh4b_delphes/run2_13tev/frozen_v2/bundles/qcd_hardqcd_importance_adaptive1500k_phys_wave3_20260718/qcd_hardqcd_importance_adaptive1500k_phys_wave3_20260718_bin00_pthat50to75_shard1073_seed1201073_bundle.tar.gz
/store/user/iturkmen/hh4b_delphes/run2_13tev/frozen_v2/bundles/qcd_hardqcd_importance_adaptive1500k_phys_wave3_20260718	/store/user/iturkmen/hh4b_delphes/run2_13tev/frozen_v2/bundles/qcd_hardqcd_importance_adaptive1500k_phys_wave3_20260718/qcd_hardqcd_importance_adaptive1500k_phys_wave3_20260718_bin00_pthat50to75_shard1074_seed1201074_bundle.tar.gz	bundle_archive,importance_sampling_record	False	True	-rw-r--r-- iturkmen us_cms 1606690375 2026-07-18 05:30:51 /store/user/iturkmen/hh4b_delphes/run2_13tev/frozen_v2/bundles/qcd_hardqcd_importance_adaptive1500k_phys_wave3_20260718/qcd_hardqcd_importance_adaptive1500k_phys_wave3_20260718_bin00_pthat50to75_shard1074_seed1201074_bundle.tar.gz
/store/user/iturkmen/hh4b_delphes/run2_13tev/frozen_v2/bundles/qcd_hardqcd_importance_adaptive1500k_phys_wave3_20260718	/store/user/iturkmen/hh4b_delphes/run2_13tev/frozen_v2/bundles/qcd_hardqcd_importance_adaptive1500k_phys_wave3_20260718/qcd_hardqcd_importance_adaptive1500k_phys_wave3_20260718_bin00_pthat50to75_shard1075_seed1201075_bundle.tar.gz	bundle_archive,importance_sampling_record	False	True	-rw-r--r-- iturkmen us_cms 1616016015 2026-07-18 05:28:40 /store/user/iturkmen/hh4b_delphes/run2_13tev/frozen_v2/bundles/qcd_hardqcd_importance_adaptive1500k_phys_wave3_20260718/qcd_hardqcd_importance_adaptive1500k_phys_wave3_20260718_bin00_pthat50to75_shard1075_seed1201075_bundle.tar.gz
/store/user/iturkmen/hh4b_delphes/run2_13tev/frozen_v2/bundles/qcd_hardqcd_importance_adaptive1500k_phys_wave3_20260718	/store/user/iturkmen/hh4b_delphes/run2_13tev/frozen_v2/bundles/qcd_hardqcd_importance_adaptive1500k_phys_wave3_20260718/qcd_hardqcd_importance_adaptive1500k_phys_wave3_20260718_bin00_pthat50to75_shard1076_seed1201076_bundle.tar.gz	bundle_archive,importance_sampling_record	False	True	-rw-r--r-- iturkmen us_cms 1596666146 2026-07-18 05:28:43 /store/user/iturkmen/hh4b_delphes/run2_13tev/frozen_v2/bundles/qcd_hardqcd_importance_adaptive1500k_phys_wave3_20260718/qcd_hardqcd_importance_adaptive1500k_phys_wave3_20260718_bin00_pthat50to75_shard1076_seed1201076_bundle.tar.gz
/store/user/iturkmen/hh4b_delphes/run2_13tev/frozen_v2/bundles/qcd_hardqcd_importance_adaptive1500k_phys_wave3_20260718	/store/user/iturkmen/hh4b_delphes/run2_13tev/frozen_v2/bundles/qcd_hardqcd_importance_adaptive1500k_phys_wave3_20260718/qcd_hardqcd_importance_adaptive1500k_phys_wave3_20260718_bin00_pthat50to75_shard1077_seed1201077_bundle.tar.gz	bundle_archive,importance_sampling_record	False	True	-rw-r--r-- iturkmen us_cms 1610826542 2026-07-18 05:32:12 /store/user/iturkmen/hh4b_delphes/run2_13tev/frozen_v2/bundles/qcd_hardqcd_importance_adaptive1500k_phys_wave3_20260718/qcd_hardqcd_importance_adaptive1500k_phys_wave3_20260718_bin00_pthat50to75_shard1077_seed1201077_bundle.tar.gz
/store/user/iturkmen/hh4b_delphes/run2_13tev/frozen_v2/bundles/qcd_hardqcd_importance_adaptive1500k_phys_wave3_20260718	/store/user/iturkmen/hh4b_delphes/run2_13tev/frozen_v2/bundles/qcd_hardqcd_importance_adaptive1500k_phys_wave3_20260718/qcd_hardqcd_importance_adaptive1500k_phys_wave3_20260718_bin00_pthat50to75_shard1078_seed1201078_bundle.tar.gz	bundle_archive,importance_sampling_record	False	True	-rw-r--r-- iturkmen us_cms 1605714356 2026-07-18 05:31:11 /store/user/iturkmen/hh4b_delphes/run2_13tev/frozen_v2/bundles/qcd_hardqcd_importance_adaptive1500k_phys_wave3_20260718/qcd_hardqcd_importance_adaptive1500k_phys_wave3_20260718_bin00_pthat50to75_shard1078_seed1201078_bundle.tar.gz
/store/user/iturkmen/hh4b_delphes/run2_13tev/frozen_v2/bundles/qcd_hardqcd_importance_adaptive1500k_phys_wave3_20260718	/store/user/iturkmen/hh4b_delphes/run2_13tev/frozen_v2/bundles/qcd_hardqcd_importance_adaptive1500k_phys_wave3_20260718/qcd_hardqcd_importance_adaptive1500k_phys_wave3_20260718_bin00_pthat50to75_shard1079_seed1201079_bundle.tar.gz	bundle_archive,importance_sampling_record	False	True	-rw-r--r-- iturkmen us_cms 1596489328 2026-07-18 05:30:29 /store/user/iturkmen/hh4b_delphes/run2_13tev/frozen_v2/bundles/qcd_hardqcd_importance_adaptive1500k_phys_wave3_20260718/qcd_hardqcd_importance_adaptive1500k_phys_wave3_20260718_bin00_pthat50to75_shard1079_seed1201079_bundle.tar.gz
/store/user/iturkmen/hh4b_delphes/run2_13tev/frozen_v2/bundles/qcd_hardqcd_importance_adaptive1500k_phys_wave3_20260718	/store/user/iturkmen/hh4b_delphes/run2_13tev/frozen_v2/bundles/qcd_hardqcd_importance_adaptive1500k_phys_wave3_20260718/qcd_hardqcd_importance_adaptive1500k_phys_wave3_20260718_bin00_pthat50to75_shard1080_seed1201080_bundle.tar.gz	bundle_archive,importance_sampling_record	False	True	-rw-r--r-- iturkmen us_cms 1608002995 2026-07-18 05:30:11 /store/user/iturkmen/hh4b_delphes/run2_13tev/frozen_v2/bundles/qcd_hardqcd_importance_adaptive1500k_phys_wave3_20260718/qcd_hardqcd_importance_adaptive1500k_phys_wave3_20260718_bin00_pthat50to75_shard1080_seed1201080_bundle.tar.gz
/store/user/iturkmen/hh4b_delphes/run2_13tev/frozen_v2/bundles/qcd_hardqcd_importance_adaptive1500k_phys_wave3_20260718	/store/user/iturkmen/hh4b_delphes/run2_13tev/frozen_v2/bundles/qcd_hardqcd_importance_adaptive1500k_phys_wave3_20260718/qcd_hardqcd_importance_adaptive1500k_phys_wave3_20260718_bin00_pthat50to75_shard1081_seed1201081_bundle.tar.gz	bundle_archive,importance_sampling_record	False	True	-rw-r--r-- iturkmen us_cms 1614353231 2026-07-18 05:30:36 /store/user/iturkmen/hh4b_delphes/run2_13tev/frozen_v2/bundles/qcd_hardqcd_importance_adaptive1500k_phys_wave3_20260718/qcd_hardqcd_importance_adaptive1500k_phys_wave3_20260718_bin00_pthat50to75_shard1081_seed1201081_bundle.tar.gz
/store/user/iturkmen/hh4b_delphes/run2_13tev/frozen_v2/bundles/qcd_hardqcd_importance_adaptive1500k_phys_wave3_20260718	/store/user/iturkmen/hh4b_delphes/run2_13tev/frozen_v2/bundles/qcd_hardqcd_importance_adaptive1500k_phys_wave3_20260718/qcd_hardqcd_importance_adaptive1500k_phys_wave3_20260718_bin00_pthat50to75_shard1082_seed1201082_bundle.tar.gz	bundle_archive,importance_sampling_record	False	True	-rw-r--r-- iturkmen us_cms 1598326233 2026-07-18 05:30:37 /store/user/iturkmen/hh4b_delphes/run2_13tev/frozen_v2/bundles/qcd_hardqcd_importance_adaptive1500k_phys_wave3_20260718/qcd_hardqcd_importance_adaptive1500k_phys_wave3_20260718_bin00_pthat50to75_shard1082_seed1201082_bundle.tar.gz
/store/user/iturkmen/hh4b_delphes/run2_13tev/frozen_v2/bundles/qcd_hardqcd_importance_adaptive1500k_phys_wave3_20260718	/store/user/iturkmen/hh4b_delphes/run2_13tev/frozen_v2/bundles/qcd_hardqcd_importance_adaptive1500k_phys_wave3_20260718/qcd_hardqcd_importance_adaptive1500k_phys_wave3_20260718_bin00_pthat50to75_shard1083_seed1201083_bundle.tar.gz	bundle_archive,importance_sampling_record	False	True	-rw-r--r-- iturkmen us_cms 1607589774 2026-07-18 05:32:06 /store/user/iturkmen/hh4b_delphes/run2_13tev/frozen_v2/bundles/qcd_hardqcd_importance_adaptive1500k_phys_wave3_20260718/qcd_hardqcd_importance_adaptive1500k_phys_wave3_20260718_bin00_pthat50to75_shard1083_seed1201083_bundle.tar.gz
/store/user/iturkmen/hh4b_delphes/run2_13tev/frozen_v2/bundles/qcd_hardqcd_importance_adaptive1500k_phys_wave3_20260718	/store/user/iturkmen/hh4b_delphes/run2_13tev/frozen_v2/bundles/qcd_hardqcd_importance_adaptive1500k_phys_wave3_20260718/qcd_hardqcd_importance_adaptive1500k_phys_wave3_20260718_bin00_pthat50to75_shard1084_seed1201084_bundle.tar.gz	bundle_archive,importance_sampling_record	False	True	-rw-r--r-- iturkmen us_cms 1609655314 2026-07-18 05:31:44 /store/user/iturkmen/hh4b_delphes/run2_13tev/frozen_v2/bundles/qcd_hardqcd_importance_adaptive1500k_phys_wave3_20260718/qcd_hardqcd_importance_adaptive1500k_phys_wave3_20260718_bin00_pthat50to75_shard1084_seed1201084_bundle.tar.gz
/store/user/iturkmen/hh4b_delphes/run2_13tev/frozen_v2/bundles/qcd_hardqcd_importance_adaptive1500k_phys_wave3_20260718	/store/user/iturkmen/hh4b_delphes/run2_13tev/frozen_v2/bundles/qcd_hardqcd_importance_adaptive1500k_phys_wave3_20260718/qcd_hardqcd_importance_adaptive1500k_phys_wave3_20260718_bin00_pthat50to75_shard1085_seed1201085_bundle.tar.gz	bundle_archive,importance_sampling_record	False	True	-rw-r--r-- iturkmen us_cms 1611746553 2026-07-18 05:32:08 /store/user/iturkmen/hh4b_delphes/run2_13tev/frozen_v2/bundles/qcd_hardqcd_importance_adaptive1500k_phys_wave3_20260718/qcd_hardqcd_importance_adaptive1500k_phys_wave3_20260718_bin00_pthat50to75_shard1085_seed1201085_bundle.tar.gz
/store/user/iturkmen/hh4b_delphes/run2_13tev/frozen_v2/bundles/qcd_hardqcd_importance_adaptive1500k_phys_wave3_20260718	/store/user/iturkmen/hh4b_delphes/run2_13tev/frozen_v2/bundles/qcd_hardqcd_importance_adaptive1500k_phys_wave3_20260718/qcd_hardqcd_importance_adaptive1500k_phys_wave3_20260718_bin00_pthat50to75_shard1086_seed1201086_bundle.tar.gz	bundle_archive,importance_sampling_record	False	True	-rw-r--r-- iturkmen us_cms 1610694468 2026-07-18 05:32:36 /store/user/iturkmen/hh4b_delphes/run2_13tev/frozen_v2/bundles/qcd_hardqcd_importance_adaptive1500k_phys_wave3_20260718/qcd_hardqcd_importance_adaptive1500k_phys_wave3_20260718_bin00_pthat50to75_shard1086_seed1201086_bundle.tar.gz
/store/user/iturkmen/hh4b_delphes/run2_13tev/frozen_v2/bundles/qcd_hardqcd_importance_adaptive1500k_phys_wave3_20260718	/store/user/iturkmen/hh4b_delphes/run2_13tev/frozen_v2/bundles/qcd_hardqcd_importance_adaptive1500k_phys_wave3_20260718/qcd_hardqcd_importance_adaptive1500k_phys_wave3_20260718_bin00_pthat50to75_shard1087_seed1201087_bundle.tar.gz	bundle_archive,importance_sampling_record	False	True	-rw-r--r-- iturkmen us_cms 1596041468 2026-07-18 05:31:22 /store/user/iturkmen/hh4b_delphes/run2_13tev/frozen_v2/bundles/qcd_hardqcd_importance_adaptive1500k_phys_wave3_20260718/qcd_hardqcd_importance_adaptive1500k_phys_wave3_20260718_bin00_pthat50to75_shard1087_seed1201087_bundle.tar.gz
/store/user/iturkmen/hh4b_delphes/run2_13tev/frozen_v2/bundles/qcd_hardqcd_importance_adaptive1500k_phys_wave3_20260718	/store/user/iturkmen/hh4b_delphes/run2_13tev/frozen_v2/bundles/qcd_hardqcd_importance_adaptive1500k_phys_wave3_20260718/qcd_hardqcd_importance_adaptive1500k_phys_wave3_20260718_bin00_pthat50to75_shard1088_seed1201088_bundle.tar.gz	bundle_archive,importance_sampling_record	False	True	-rw-r--r-- iturkmen us_cms 1600447788 2026-07-18 05:32:43 /store/user/iturkmen/hh4b_delphes/run2_13tev/frozen_v2/bundles/qcd_hardqcd_importance_adaptive1500k_phys_wave3_20260718/qcd_hardqcd_importance_adaptive1500k_phys_wave3_20260718_bin00_pthat50to75_shard1088_seed1201088_bundle.tar.gz
/store/user/iturkmen/hh4b_delphes/run2_13tev/frozen_v2/bundles/qcd_hardqcd_importance_adaptive1500k_phys_wave3_20260718	/store/user/iturkmen/hh4b_delphes/run2_13tev/frozen_v2/bundles/qcd_hardqcd_importance_adaptive1500k_phys_wave3_20260718/qcd_hardqcd_importance_adaptive1500k_phys_wave3_20260718_bin00_pthat50to75_shard1089_seed1201089_bundle.tar.gz	bundle_archive,importance_sampling_record	False	True	-rw-r--r-- iturkmen us_cms 1610820655 2026-07-18 05:28:09 /store/user/iturkmen/hh4b_delphes/run2_13tev/frozen_v2/bundles/qcd_hardqcd_importance_adaptive1500k_phys_wave3_20260718/qcd_hardqcd_importance_adaptive1500k_phys_wave3_20260718_bin00_pthat50to75_shard1089_seed1201089_bundle.tar.gz
/store/user/iturkmen/hh4b_delphes/run2_13tev/frozen_v2/bundles/qcd_hardqcd_importance_adaptive1500k_phys_wave3_20260718	/store/user/iturkmen/hh4b_delphes/run2_13tev/frozen_v2/bundles/qcd_hardqcd_importance_adaptive1500k_phys_wave3_20260718/qcd_hardqcd_importance_adaptive1500k_phys_wave3_20260718_bin00_pthat50to75_shard1090_seed1201090_bundle.tar.gz	bundle_archive,importance_sampling_record	False	True	-rw-r--r-- iturkmen us_cms 1612986190 2026-07-18 05:31:38 /store/user/iturkmen/hh4b_delphes/run2_13tev/frozen_v2/bundles/qcd_hardqcd_importance_adaptive1500k_phys_wave3_20260718/qcd_hardqcd_importance_adaptive1500k_phys_wave3_20260718_bin00_pthat50to75_shard1090_seed1201090_bundle.tar.gz
/store/user/iturkmen/hh4b_delphes/run2_13tev/frozen_v2/bundles/qcd_hardqcd_importance_adaptive1500k_phys_wave3_20260718	/store/user/iturkmen/hh4b_delphes/run2_13tev/frozen_v2/bundles/qcd_hardqcd_importance_adaptive1500k_phys_wave3_20260718/qcd_hardqcd_importance_adaptive1500k_phys_wave3_20260718_bin00_pthat50to75_shard1091_seed1201091_bundle.tar.gz	bundle_archive,importance_sampling_record	False	True	-rw-r--r-- iturkmen us_cms 1609332028 2026-07-18 05:32:11 /store/user/iturkmen/hh4b_delphes/run2_13tev/frozen_v2/bundles/qcd_hardqcd_importance_adaptive1500k_phys_wave3_20260718/qcd_hardqcd_importance_adaptive1500k_phys_wave3_20260718_bin00_pthat50to75_shard1091_seed1201091_bundle.tar.gz
/store/user/iturkmen/hh4b_delphes/run2_13tev/frozen_v2/bundles/qcd_hardqcd_importance_adaptive1500k_phys_wave3_20260718	/store/user/iturkmen/hh4b_delphes/run2_13tev/frozen_v2/bundles/qcd_hardqcd_importance_adaptive1500k_phys_wave3_20260718/qcd_hardqcd_importance_adaptive1500k_phys_wave3_20260718_bin00_pthat50to75_shard1092_seed1201092_bundle.tar.gz	bundle_archive,importance_sampling_record	False	True	-rw-r--r-- iturkmen us_cms 1604096633 2026-07-18 05:32:08 /store/user/iturkmen/hh4b_delphes/run2_13tev/frozen_v2/bundles/qcd_hardqcd_importance_adaptive1500k_phys_wave3_20260718/qcd_hardqcd_importance_adaptive1500k_phys_wave3_20260718_bin00_pthat50to75_shard1092_seed1201092_bundle.tar.gz
/store/user/iturkmen/hh4b_delphes/run2_13tev/frozen_v2/bundles/qcd_hardqcd_importance_adaptive1500k_phys_wave3_20260718	/store/user/iturkmen/hh4b_delphes/run2_13tev/frozen_v2/bundles/qcd_hardqcd_importance_adaptive1500k_phys_wave3_20260718/qcd_hardqcd_importance_adaptive1500k_phys_wave3_20260718_bin00_pthat50to75_shard1093_seed1201093_bundle.tar.gz	bundle_archive,importance_sampling_record	False	True	-rw-r--r-- iturkmen us_cms 1617684321 2026-07-18 05:32:09 /store/user/iturkmen/hh4b_delphes/run2_13tev/frozen_v2/bundles/qcd_hardqcd_importance_adaptive1500k_phys_wave3_20260718/qcd_hardqcd_importance_adaptive1500k_phys_wave3_20260718_bin00_pthat50to75_shard1093_seed1201093_bundle.tar.gz
/store/user/iturkmen/hh4b_delphes/run2_13tev/frozen_v2/bundles/qcd_hardqcd_importance_adaptive1500k_phys_wave3_20260718	/store/user/iturkmen/hh4b_delphes/run2_13tev/frozen_v2/bundles/qcd_hardqcd_importance_adaptive1500k_phys_wave3_20260718/qcd_hardqcd_importance_adaptive1500k_phys_wave3_20260718_bin00_pthat50to75_shard1094_seed1201094_bundle.tar.gz	bundle_archive,importance_sampling_record	False	True	-rw-r--r-- iturkmen us_cms 1612871926 2026-07-18 05:32:06 /store/user/iturkmen/hh4b_delphes/run2_13tev/frozen_v2/bundles/qcd_hardqcd_importance_adaptive1500k_phys_wave3_20260718/qcd_hardqcd_importance_adaptive1500k_phys_wave3_20260718_bin00_pthat50to75_shard1094_seed1201094_bundle.tar.gz
/store/user/iturkmen/hh4b_delphes/run2_13tev/frozen_v2/bundles/qcd_hardqcd_importance_adaptive1500k_phys_wave3_20260718	/store/user/iturkmen/hh4b_delphes/run2_13tev/frozen_v2/bundles/qcd_hardqcd_importance_adaptive1500k_phys_wave3_20260718/qcd_hardqcd_importance_adaptive1500k_phys_wave3_20260718_bin00_pthat50to75_shard1095_seed1201095_bundle.tar.gz	bundle_archive,importance_sampling_record	False	True	-rw-r--r-- iturkmen us_cms 1605708726 2026-07-18 05:31:30 /store/user/iturkmen/hh4b_delphes/run2_13tev/frozen_v2/bundles/qcd_hardqcd_importance_adaptive1500k_phys_wave3_20260718/qcd_hardqcd_importance_adaptive1500k_phys_wave3_20260718_bin00_pthat50to75_shard1095_seed1201095_bundle.tar.gz
/store/user/iturkmen/hh4b_delphes/run2_13tev/frozen_v2/bundles/qcd_hardqcd_importance_adaptive1500k_phys_wave3_20260718	/store/user/iturkmen/hh4b_delphes/run2_13tev/frozen_v2/bundles/qcd_hardqcd_importance_adaptive1500k_phys_wave3_20260718/qcd_hardqcd_importance_adaptive1500k_phys_wave3_20260718_bin00_pthat50to75_shard1096_seed1201096_bundle.tar.gz	bundle_archive,importance_sampling_record	False	True	-rw-r--r-- iturkmen us_cms 1603889595 2026-07-18 05:32:46 /store/user/iturkmen/hh4b_delphes/run2_13tev/frozen_v2/bundles/qcd_hardqcd_importance_adaptive1500k_phys_wave3_20260718/qcd_hardqcd_importance_adaptive1500k_phys_wave3_20260718_bin00_pthat50to75_shard1096_seed1201096_bundle.tar.gz
/store/user/iturkmen/hh4b_delphes/run2_13tev/frozen_v2/bundles/qcd_hardqcd_importance_adaptive1500k_phys_wave3_20260718	/store/user/iturkmen/hh4b_delphes/run2_13tev/frozen_v2/bundles/qcd_hardqcd_importance_adaptive1500k_phys_wave3_20260718/qcd_hardqcd_importance_adaptive1500k_phys_wave3_20260718_bin00_pthat50to75_shard1097_seed1201097_bundle.tar.gz	bundle_archive,importance_sampling_record	False	True	-rw-r--r-- iturkmen us_cms 1597186524 2026-07-18 05:31:36 /store/user/iturkmen/hh4b_delphes/run2_13tev/frozen_v2/bundles/qcd_hardqcd_importance_adaptive1500k_phys_wave3_20260718/qcd_hardqcd_importance_adaptive1500k_phys_wave3_20260718_bin00_pthat50to75_shard1097_seed1201097_bundle.tar.gz
/store/user/iturkmen/hh4b_delphes/run2_13tev/frozen_v2/bundles/qcd_hardqcd_importance_adaptive1500k_phys_wave3_20260718	/store/user/iturkmen/hh4b_delphes/run2_13tev/frozen_v2/bundles/qcd_hardqcd_importance_adaptive1500k_phys_wave3_20260718/qcd_hardqcd_importance_adaptive1500k_phys_wave3_20260718_bin00_pthat50to75_shard1098_seed1201098_bundle.tar.gz	bundle_archive,importance_sampling_record	False	True	-rw-r--r-- iturkmen us_cms 1601573005 2026-07-18 05:31:30 /store/user/iturkmen/hh4b_delphes/run2_13tev/frozen_v2/bundles/qcd_hardqcd_importance_adaptive1500k_phys_wave3_20260718/qcd_hardqcd_importance_adaptive1500k_phys_wave3_20260718_bin00_pthat50to75_shard1098_seed1201098_bundle.tar.gz
/store/user/iturkmen/hh4b_delphes/run2_13tev/frozen_v2/bundles/qcd_hardqcd_importance_adaptive1500k_phys_wave3_20260718	/store/user/iturkmen/hh4b_delphes/run2_13tev/frozen_v2/bundles/qcd_hardqcd_importance_adaptive1500k_phys_wave3_20260718/qcd_hardqcd_importance_adaptive1500k_phys_wave3_20260718_bin00_pthat50to75_shard1099_seed1201099_bundle.tar.gz	bundle_archive,importance_sampling_record	False	True	-rw-r--r-- iturkmen us_cms 1588846829 2026-07-18 05:31:17 /store/user/iturkmen/hh4b_delphes/run2_13tev/frozen_v2/bundles/qcd_hardqcd_importance_adaptive1500k_phys_wave3_20260718/qcd_hardqcd_importance_adaptive1500k_phys_wave3_20260718_bin00_pthat50to75_shard1099_seed1201099_bundle.tar.gz
/store/user/iturkmen/hh4b_delphes/run2_13tev/frozen_v2/bundles/qcd_hardqcd_importance_adaptive1500k_phys_wave3_20260718	/store/user/iturkmen/hh4b_delphes/run2_13tev/frozen_v2/bundles/qcd_hardqcd_importance_adaptive1500k_phys_wave3_20260718/qcd_hardqcd_importance_adaptive1500k_phys_wave3_20260718_bin00_pthat50to75_shard1100_seed1201100_bundle.tar.gz	bundle_archive,importance_sampling_record	False	True	-rw-r--r-- iturkmen us_cms 1604922443 2026-07-18 05:31:30 /store/user/iturkmen/hh4b_delphes/run2_13tev/frozen_v2/bundles/qcd_hardqcd_importance_adaptive1500k_phys_wave3_20260718/qcd_hardqcd_importance_adaptive1500k_phys_wave3_20260718_bin00_pthat50to75_shard1100_seed1201100_bundle.tar.gz
/store/user/iturkmen/hh4b_delphes/run2_13tev/frozen_v2/bundles/qcd_hardqcd_importance_adaptive1500k_phys_wave3_20260718	/store/user/iturkmen/hh4b_delphes/run2_13tev/frozen_v2/bundles/qcd_hardqcd_importance_adaptive1500k_phys_wave3_20260718/qcd_hardqcd_importance_adaptive1500k_phys_wave3_20260718_bin00_pthat50to75_shard1101_seed1201101_bundle.tar.gz	bundle_archive,importance_sampling_record	False	True	-rw-r--r-- iturkmen us_cms 1608921154 2026-07-18 05:34:01 /store/user/iturkmen/hh4b_delphes/run2_13tev/frozen_v2/bundles/qcd_hardqcd_importance_adaptive1500k_phys_wave3_20260718/qcd_hardqcd_importance_adaptive1500k_phys_wave3_20260718_bin00_pthat50to75_shard1101_seed1201101_bundle.tar.gz
/store/user/iturkmen/hh4b_delphes/run2_13tev/frozen_v2/bundles/qcd_hardqcd_importance_adaptive1500k_phys_wave3_20260718	/store/user/iturkmen/hh4b_delphes/run2_13tev/frozen_v2/bundles/qcd_hardqcd_importance_adaptive1500k_phys_wave3_20260718/qcd_hardqcd_importance_adaptive1500k_phys_wave3_20260718_bin00_pthat50to75_shard1102_seed1201102_bundle.tar.gz	bundle_archive,importance_sampling_record	False	True	-rw-r--r-- iturkmen us_cms 1623643929 2026-07-18 05:30:59 /store/user/iturkmen/hh4b_delphes/run2_13tev/frozen_v2/bundles/qcd_hardqcd_importance_adaptive1500k_phys_wave3_20260718/qcd_hardqcd_importance_adaptive1500k_phys_wave3_20260718_bin00_pthat50to75_shard1102_seed1201102_bundle.tar.gz
/store/user/iturkmen/hh4b_delphes/run2_13tev/frozen_v2/bundles/qcd_hardqcd_importance_adaptive1500k_phys_wave3_20260718	/store/user/iturkmen/hh4b_delphes/run2_13tev/frozen_v2/bundles/qcd_hardqcd_importance_adaptive1500k_phys_wave3_20260718/qcd_hardqcd_importance_adaptive1500k_phys_wave3_20260718_bin00_pthat50to75_shard1103_seed1201103_bundle.tar.gz	bundle_archive,importance_sampling_record	False	True	-rw-r--r-- iturkmen us_cms 1598121794 2026-07-18 05:31:18 /store/user/iturkmen/hh4b_delphes/run2_13tev/frozen_v2/bundles/qcd_hardqcd_importance_adaptive1500k_phys_wave3_20260718/qcd_hardqcd_importance_adaptive1500k_phys_wave3_20260718_bin00_pthat50to75_shard1103_seed1201103_bundle.tar.gz
/store/user/iturkmen/hh4b_delphes/run2_13tev/frozen_v2/bundles/qcd_hardqcd_importance_adaptive1500k_phys_wave3_20260718	/store/user/iturkmen/hh4b_delphes/run2_13tev/frozen_v2/bundles/qcd_hardqcd_importance_adaptive1500k_phys_wave3_20260718/qcd_hardqcd_importance_adaptive1500k_phys_wave3_20260718_bin00_pthat50to75_shard1104_seed1201104_bundle.tar.gz	bundle_archive,importance_sampling_record	False	True	-rw-r--r-- iturkmen us_cms 1616276945 2026-07-18 05:32:51 /store/user/iturkmen/hh4b_delphes/run2_13tev/frozen_v2/bundles/qcd_hardqcd_importance_adaptive1500k_phys_wave3_20260718/qcd_hardqcd_importance_adaptive1500k_phys_wave3_20260718_bin00_pthat50to75_shard1104_seed1201104_bundle.tar.gz
/store/user/iturkmen/hh4b_delphes/run2_13tev/frozen_v2/bundles/qcd_hardqcd_importance_adaptive1500k_phys_wave3_20260718	/store/user/iturkmen/hh4b_delphes/run2_13tev/frozen_v2/bundles/qcd_hardqcd_importance_adaptive1500k_phys_wave3_20260718/qcd_hardqcd_importance_adaptive1500k_phys_wave3_20260718_bin00_pthat50to75_shard1105_seed1201105_bundle.tar.gz	bundle_archive,importance_sampling_record	False	True	-rw-r--r-- iturkmen us_cms 1616385283 2026-07-18 05:32:13 /store/user/iturkmen/hh4b_delphes/run2_13tev/frozen_v2/bundles/qcd_hardqcd_importance_adaptive1500k_phys_wave3_20260718/qcd_hardqcd_importance_adaptive1500k_phys_wave3_20260718_bin00_pthat50to75_shard1105_seed1201105_bundle.tar.gz
/store/user/iturkmen/hh4b_delphes/run2_13tev/frozen_v2/bundles/qcd_hardqcd_importance_adaptive1500k_phys_wave3_20260718	/store/user/iturkmen/hh4b_delphes/run2_13tev/frozen_v2/bundles/qcd_hardqcd_importance_adaptive1500k_phys_wave3_20260718/qcd_hardqcd_importance_adaptive1500k_phys_wave3_20260718_bin01_pthat75to100_shard1106_seed1211106_bundle.tar.gz	bundle_archive,importance_sampling_record	False	True	-rw-r--r-- iturkmen us_cms 1671627341 2026-07-18 05:32:25 /store/user/iturkmen/hh4b_delphes/run2_13tev/frozen_v2/bundles/qcd_hardqcd_importance_adaptive1500k_phys_wave3_20260718/qcd_hardqcd_importance_adaptive1500k_phys_wave3_20260718_bin01_pthat75to100_shard1106_seed1211106_bundle.tar.gz
/store/user/iturkmen/hh4b_delphes/run2_13tev/frozen_v2/bundles/qcd_hardqcd_importance_adaptive1500k_phys_wave3_20260718	/store/user/iturkmen/hh4b_delphes/run2_13tev/frozen_v2/bundles/qcd_hardqcd_importance_adaptive1500k_phys_wave3_20260718/qcd_hardqcd_importance_adaptive1500k_phys_wave3_20260718_bin01_pthat75to100_shard1107_seed1211107_bundle.tar.gz	bundle_archive,importance_sampling_record	False	True	-rw-r--r-- iturkmen us_cms 1663545978 2026-07-18 05:34:05 /store/user/iturkmen/hh4b_delphes/run2_13tev/frozen_v2/bundles/qcd_hardqcd_importance_adaptive1500k_phys_wave3_20260718/qcd_hardqcd_importance_adaptive1500k_phys_wave3_20260718_bin01_pthat75to100_shard1107_seed1211107_bundle.tar.gz
/store/user/iturkmen/hh4b_delphes/run2_13tev/frozen_v2/bundles/qcd_hardqcd_importance_adaptive1500k_phys_wave3_20260718	/store/user/iturkmen/hh4b_delphes/run2_13tev/frozen_v2/bundles/qcd_hardqcd_importance_adaptive1500k_phys_wave3_20260718/qcd_hardqcd_importance_adaptive1500k_phys_wave3_20260718_bin01_pthat75to100_shard1108_seed1211108_bundle.tar.gz	bundle_archive,importance_sampling_record	False	True	-rw-r--r-- iturkmen us_cms 1657254790 2026-07-18 05:34:59 /store/user/iturkmen/hh4b_delphes/run2_13tev/frozen_v2/bundles/qcd_hardqcd_importance_adaptive1500k_phys_wave3_20260718/qcd_hardqcd_importance_adaptive1500k_phys_wave3_20260718_bin01_pthat75to100_shard1108_seed1211108_bundle.tar.gz
/store/user/iturkmen/hh4b_delphes/run2_13tev/frozen_v2/bundles/qcd_hardqcd_importance_adaptive1500k_phys_wave3_20260718	/store/user/iturkmen/hh4b_delphes/run2_13tev/frozen_v2/bundles/qcd_hardqcd_importance_adaptive1500k_phys_wave3_20260718/qcd_hardqcd_importance_adaptive1500k_phys_wave3_20260718_bin01_pthat75to100_shard1109_seed1211109_bundle.tar.gz	bundle_archive,importance_sampling_record	False	True	-rw-r--r-- iturkmen us_cms 1654550466 2026-07-18 05:33:57 /store/user/iturkmen/hh4b_delphes/run2_13tev/frozen_v2/bundles/qcd_hardqcd_importance_adaptive1500k_phys_wave3_20260718/qcd_hardqcd_importance_adaptive1500k_phys_wave3_20260718_bin01_pthat75to100_shard1109_seed1211109_bundle.tar.gz
/store/user/iturkmen/hh4b_delphes/run2_13tev/frozen_v2/bundles/qcd_hardqcd_importance_adaptive1500k_phys_wave3_20260718	/store/user/iturkmen/hh4b_delphes/run2_13tev/frozen_v2/bundles/qcd_hardqcd_importance_adaptive1500k_phys_wave3_20260718/qcd_hardqcd_importance_adaptive1500k_phys_wave3_20260718_bin01_pthat75to100_shard1110_seed1211110_bundle.tar.gz	bundle_archive,importance_sampling_record	False	True	-rw-r--r-- iturkmen us_cms 1657568485 2026-07-18 05:32:30 /store/user/iturkmen/hh4b_delphes/run2_13tev/frozen_v2/bundles/qcd_hardqcd_importance_adaptive1500k_phys_wave3_20260718/qcd_hardqcd_importance_adaptive1500k_phys_wave3_20260718_bin01_pthat75to100_shard1110_seed1211110_bundle.tar.gz
/store/user/iturkmen/hh4b_delphes/run2_13tev/frozen_v2/bundles/qcd_hardqcd_importance_adaptive1500k_phys_wave3_20260718	/store/user/iturkmen/hh4b_delphes/run2_13tev/frozen_v2/bundles/qcd_hardqcd_importance_adaptive1500k_phys_wave3_20260718/qcd_hardqcd_importance_adaptive1500k_phys_wave3_20260718_bin01_pthat75to100_shard1111_seed1211111_bundle.tar.gz	bundle_archive,importance_sampling_record	False	True	-rw-r--r-- iturkmen us_cms 1669223564 2026-07-18 05:35:53 /store/user/iturkmen/hh4b_delphes/run2_13tev/frozen_v2/bundles/qcd_hardqcd_importance_adaptive1500k_phys_wave3_20260718/qcd_hardqcd_importance_adaptive1500k_phys_wave3_20260718_bin01_pthat75to100_shard1111_seed1211111_bundle.tar.gz
/store/user/iturkmen/hh4b_delphes/run2_13tev/frozen_v2/bundles/qcd_hardqcd_importance_adaptive1500k_phys_wave3_20260718	/store/user/iturkmen/hh4b_delphes/run2_13tev/frozen_v2/bundles/qcd_hardqcd_importance_adaptive1500k_phys_wave3_20260718/qcd_hardqcd_importance_adaptive1500k_phys_wave3_20260718_bin01_pthat75to100_shard1112_seed1211112_bundle.tar.gz	bundle_archive,importance_sampling_record	False	True	-rw-r--r-- iturkmen us_cms 1660655411 2026-07-18 05:32:49 /store/user/iturkmen/hh4b_delphes/run2_13tev/frozen_v2/bundles/qcd_hardqcd_importance_adaptive1500k_phys_wave3_20260718/qcd_hardqcd_importance_adaptive1500k_phys_wave3_20260718_bin01_pthat75to100_shard1112_seed1211112_bundle.tar.gz
/store/user/iturkmen/hh4b_delphes/run2_13tev/frozen_v2/bundles/qcd_hardqcd_importance_adaptive1500k_phys_wave3_20260718	/store/user/iturkmen/hh4b_delphes/run2_13tev/frozen_v2/bundles/qcd_hardqcd_importance_adaptive1500k_phys_wave3_20260718/qcd_hardqcd_importance_adaptive1500k_phys_wave3_20260718_bin01_pthat75to100_shard1113_seed1211113_bundle.tar.gz	bundle_archive,importance_sampling_record	False	True	-rw-r--r-- iturkmen us_cms 1669012907 2026-07-18 05:34:27 /store/user/iturkmen/hh4b_delphes/run2_13tev/frozen_v2/bundles/qcd_hardqcd_importance_adaptive1500k_phys_wave3_20260718/qcd_hardqcd_importance_adaptive1500k_phys_wave3_20260718_bin01_pthat75to100_shard1113_seed1211113_bundle.tar.gz
/store/user/iturkmen/hh4b_delphes/run2_13tev/frozen_v2/bundles/qcd_hardqcd_importance_adaptive1500k_phys_wave3_20260718	/store/user/iturkmen/hh4b_delphes/run2_13tev/frozen_v2/bundles/qcd_hardqcd_importance_adaptive1500k_phys_wave3_20260718/qcd_hardqcd_importance_adaptive1500k_phys_wave3_20260718_bin01_pthat75to100_shard1114_seed1211114_bundle.tar.gz	bundle_archive,importance_sampling_record	False	True	-rw-r--r-- iturkmen us_cms 1673677919 2026-07-18 05:32:56 /store/user/iturkmen/hh4b_delphes/run2_13tev/frozen_v2/bundles/qcd_hardqcd_importance_adaptive1500k_phys_wave3_20260718/qcd_hardqcd_importance_adaptive1500k_phys_wave3_20260718_bin01_pthat75to100_shard1114_seed1211114_bundle.tar.gz
/store/user/iturkmen/hh4b_delphes/run2_13tev/frozen_v2/bundles/qcd_hardqcd_importance_adaptive1500k_phys_wave3_20260718	/store/user/iturkmen/hh4b_delphes/run2_13tev/frozen_v2/bundles/qcd_hardqcd_importance_adaptive1500k_phys_wave3_20260718/qcd_hardqcd_importance_adaptive1500k_phys_wave3_20260718_bin01_pthat75to100_shard1115_seed1211115_bundle.tar.gz	bundle_archive,importance_sampling_record	False	True	-rw-r--r-- iturkmen us_cms 1663592274 2026-07-18 05:33:18 /store/user/iturkmen/hh4b_delphes/run2_13tev/frozen_v2/bundles/qcd_hardqcd_importance_adaptive1500k_phys_wave3_20260718/qcd_hardqcd_importance_adaptive1500k_phys_wave3_20260718_bin01_pthat75to100_shard1115_seed1211115_bundle.tar.gz
/store/user/iturkmen/hh4b_delphes/run2_13tev/frozen_v2/bundles/qcd_hardqcd_importance_adaptive1500k_phys_wave3_20260718	/store/user/iturkmen/hh4b_delphes/run2_13tev/frozen_v2/bundles/qcd_hardqcd_importance_adaptive1500k_phys_wave3_20260718/qcd_hardqcd_importance_adaptive1500k_phys_wave3_20260718_bin01_pthat75to100_shard1116_seed1211116_bundle.tar.gz	bundle_archive,importance_sampling_record	False	True	-rw-r--r-- iturkmen us_cms 1670519580 2026-07-18 05:33:03 /store/user/iturkmen/hh4b_delphes/run2_13tev/frozen_v2/bundles/qcd_hardqcd_importance_adaptive1500k_phys_wave3_20260718/qcd_hardqcd_importance_adaptive1500k_phys_wave3_20260718_bin01_pthat75to100_shard1116_seed1211116_bundle.tar.gz
/store/user/iturkmen/hh4b_delphes/run2_13tev/frozen_v2/bundles/qcd_hardqcd_importance_adaptive1500k_phys_wave3_20260718	/store/user/iturkmen/hh4b_delphes/run2_13tev/frozen_v2/bundles/qcd_hardqcd_importance_adaptive1500k_phys_wave3_20260718/qcd_hardqcd_importance_adaptive1500k_phys_wave3_20260718_bin01_pthat75to100_shard1117_seed1211117_bundle.tar.gz	bundle_archive,importance_sampling_record	False	True	-rw-r--r-- iturkmen us_cms 1679292636 2026-07-18 05:35:01 /store/user/iturkmen/hh4b_delphes/run2_13tev/frozen_v2/bundles/qcd_hardqcd_importance_adaptive1500k_phys_wave3_20260718/qcd_hardqcd_importance_adaptive1500k_phys_wave3_20260718_bin01_pthat75to100_shard1117_seed1211117_bundle.tar.gz
/store/user/iturkmen/hh4b_delphes/run2_13tev/frozen_v2/bundles/qcd_hardqcd_importance_adaptive1500k_phys_wave3_20260718	/store/user/iturkmen/hh4b_delphes/run2_13tev/frozen_v2/bundles/qcd_hardqcd_importance_adaptive1500k_phys_wave3_20260718/qcd_hardqcd_importance_adaptive1500k_phys_wave3_20260718_bin01_pthat75to100_shard1118_seed1211118_bundle.tar.gz	bundle_archive,importance_sampling_record	False	True	-rw-r--r-- iturkmen us_cms 1673278240 2026-07-18 05:33:09 /store/user/iturkmen/hh4b_delphes/run2_13tev/frozen_v2/bundles/qcd_hardqcd_importance_adaptive1500k_phys_wave3_20260718/qcd_hardqcd_importance_adaptive1500k_phys_wave3_20260718_bin01_pthat75to100_shard1118_seed1211118_bundle.tar.gz
/store/user/iturkmen/hh4b_delphes/run2_13tev/frozen_v2/bundles/qcd_hardqcd_importance_adaptive1500k_phys_wave3_20260718	/store/user/iturkmen/hh4b_delphes/run2_13tev/frozen_v2/bundles/qcd_hardqcd_importance_adaptive1500k_phys_wave3_20260718/qcd_hardqcd_importance_adaptive1500k_phys_wave3_20260718_bin01_pthat75to100_shard1119_seed1211119_bundle.tar.gz	bundle_archive,importance_sampling_record	False	True	-rw-r--r-- iturkmen us_cms 1660511442 2026-07-18 05:31:56 /store/user/iturkmen/hh4b_delphes/run2_13tev/frozen_v2/bundles/qcd_hardqcd_importance_adaptive1500k_phys_wave3_20260718/qcd_hardqcd_importance_adaptive1500k_phys_wave3_20260718_bin01_pthat75to100_shard1119_seed1211119_bundle.tar.gz
/store/user/iturkmen/hh4b_delphes/run2_13tev/frozen_v2/bundles/qcd_hardqcd_importance_adaptive1500k_phys_wave3_20260718	/store/user/iturkmen/hh4b_delphes/run2_13tev/frozen_v2/bundles/qcd_hardqcd_importance_adaptive1500k_phys_wave3_20260718/qcd_hardqcd_importance_adaptive1500k_phys_wave3_20260718_bin01_pthat75to100_shard1120_seed1211120_bundle.tar.gz	bundle_archive,importance_sampling_record	False	True	-rw-r--r-- iturkmen us_cms 1659035046 2026-07-18 05:34:11 /store/user/iturkmen/hh4b_delphes/run2_13tev/frozen_v2/bundles/qcd_hardqcd_importance_adaptive1500k_phys_wave3_20260718/qcd_hardqcd_importance_adaptive1500k_phys_wave3_20260718_bin01_pthat75to100_shard1120_seed1211120_bundle.tar.gz
/store/user/iturkmen/hh4b_delphes/run2_13tev/frozen_v2/bundles/qcd_hardqcd_importance_adaptive1500k_phys_wave3_20260718	/store/user/iturkmen/hh4b_delphes/run2_13tev/frozen_v2/bundles/qcd_hardqcd_importance_adaptive1500k_phys_wave3_20260718/qcd_hardqcd_importance_adaptive1500k_phys_wave3_20260718_bin01_pthat75to100_shard1121_seed1211121_bundle.tar.gz	bundle_archive,importance_sampling_record	False	True	-rw-r--r-- iturkmen us_cms 1655555510 2026-07-18 05:33:52 /store/user/iturkmen/hh4b_delphes/run2_13tev/frozen_v2/bundles/qcd_hardqcd_importance_adaptive1500k_phys_wave3_20260718/qcd_hardqcd_importance_adaptive1500k_phys_wave3_20260718_bin01_pthat75to100_shard1121_seed1211121_bundle.tar.gz
/store/user/iturkmen/hh4b_delphes/run2_13tev/frozen_v2/bundles/qcd_hardqcd_importance_adaptive1500k_phys_wave3_20260718	/store/user/iturkmen/hh4b_delphes/run2_13tev/frozen_v2/bundles/qcd_hardqcd_importance_adaptive1500k_phys_wave3_20260718/qcd_hardqcd_importance_adaptive1500k_phys_wave3_20260718_bin01_pthat75to100_shard1122_seed1211122_bundle.tar.gz	bundle_archive,importance_sampling_record	False	True	-rw-r--r-- iturkmen us_cms 1658589017 2026-07-18 05:39:08 /store/user/iturkmen/hh4b_delphes/run2_13tev/frozen_v2/bundles/qcd_hardqcd_importance_adaptive1500k_phys_wave3_20260718/qcd_hardqcd_importance_adaptive1500k_phys_wave3_20260718_bin01_pthat75to100_shard1122_seed1211122_bundle.tar.gz
/store/user/iturkmen/hh4b_delphes/run2_13tev/frozen_v2/bundles/qcd_hardqcd_importance_adaptive1500k_phys_wave3_20260718	/store/user/iturkmen/hh4b_delphes/run2_13tev/frozen_v2/bundles/qcd_hardqcd_importance_adaptive1500k_phys_wave3_20260718/qcd_hardqcd_importance_adaptive1500k_phys_wave3_20260718_bin01_pthat75to100_shard1123_seed1211123_bundle.tar.gz	bundle_archive,importance_sampling_record	False	True	-rw-r--r-- iturkmen us_cms 1669594456 2026-07-18 05:37:46 /store/user/iturkmen/hh4b_delphes/run2_13tev/frozen_v2/bundles/qcd_hardqcd_importance_adaptive1500k_phys_wave3_20260718/qcd_hardqcd_importance_adaptive1500k_phys_wave3_20260718_bin01_pthat75to100_shard1123_seed1211123_bundle.tar.gz
/store/user/iturkmen/hh4b_delphes/run2_13tev/frozen_v2/bundles/qcd_hardqcd_importance_adaptive1500k_phys_wave3_20260718	/store/user/iturkmen/hh4b_delphes/run2_13tev/frozen_v2/bundles/qcd_hardqcd_importance_adaptive1500k_phys_wave3_20260718/qcd_hardqcd_importance_adaptive1500k_phys_wave3_20260718_bin01_pthat75to100_shard1124_seed1211124_bundle.tar.gz	bundle_archive,importance_sampling_record	False	True	-rw-r--r-- iturkmen us_cms 1666920938 2026-07-18 05:33:48 /store/user/iturkmen/hh4b_delphes/run2_13tev/frozen_v2/bundles/qcd_hardqcd_importance_adaptive1500k_phys_wave3_20260718/qcd_hardqcd_importance_adaptive1500k_phys_wave3_20260718_bin01_pthat75to100_shard1124_seed1211124_bundle.tar.gz
/store/user/iturkmen/hh4b_delphes/run2_13tev/frozen_v2/bundles/qcd_hardqcd_importance_adaptive1500k_phys_wave3_20260718	/store/user/iturkmen/hh4b_delphes/run2_13tev/frozen_v2/bundles/qcd_hardqcd_importance_adaptive1500k_phys_wave3_20260718/qcd_hardqcd_importance_adaptive1500k_phys_wave3_20260718_bin01_pthat75to100_shard1125_seed1211125_bundle.tar.gz	bundle_archive,importance_sampling_record	False	True	-rw-r--r-- iturkmen us_cms 1670133767 2026-07-18 05:33:33 /store/user/iturkmen/hh4b_delphes/run2_13tev/frozen_v2/bundles/qcd_hardqcd_importance_adaptive1500k_phys_wave3_20260718/qcd_hardqcd_importance_adaptive1500k_phys_wave3_20260718_bin01_pthat75to100_shard1125_seed1211125_bundle.tar.gz
/store/user/iturkmen/hh4b_delphes/run2_13tev/frozen_v2/bundles/qcd_hardqcd_importance_adaptive1500k_phys_wave3_20260718	/store/user/iturkmen/hh4b_delphes/run2_13tev/frozen_v2/bundles/qcd_hardqcd_importance_adaptive1500k_phys_wave3_20260718/qcd_hardqcd_importance_adaptive1500k_phys_wave3_20260718_bin01_pthat75to100_shard1126_seed1211126_bundle.tar.gz	bundle_archive,importance_sampling_record	False	True	-rw-r--r-- iturkmen us_cms 1671695070 2026-07-18 05:28:37 /store/user/iturkmen/hh4b_delphes/run2_13tev/frozen_v2/bundles/qcd_hardqcd_importance_adaptive1500k_phys_wave3_20260718/qcd_hardqcd_importance_adaptive1500k_phys_wave3_20260718_bin01_pthat75to100_shard1126_seed1211126_bundle.tar.gz
/store/user/iturkmen/hh4b_delphes/run2_13tev/frozen_v2/bundles/qcd_hardqcd_importance_adaptive1500k_phys_wave3_20260718	/store/user/iturkmen/hh4b_delphes/run2_13tev/frozen_v2/bundles/qcd_hardqcd_importance_adaptive1500k_phys_wave3_20260718/qcd_hardqcd_importance_adaptive1500k_phys_wave3_20260718_bin01_pthat75to100_shard1127_seed1211127_bundle.tar.gz	bundle_archive,importance_sampling_record	False	True	-rw-r--r-- iturkmen us_cms 1667946337 2026-07-18 05:36:36 /store/user/iturkmen/hh4b_delphes/run2_13tev/frozen_v2/bundles/qcd_hardqcd_importance_adaptive1500k_phys_wave3_20260718/qcd_hardqcd_importance_adaptive1500k_phys_wave3_20260718_bin01_pthat75to100_shard1127_seed1211127_bundle.tar.gz
/store/user/iturkmen/hh4b_delphes/run2_13tev/frozen_v2/bundles/qcd_hardqcd_importance_adaptive1500k_phys_wave3_20260718	/store/user/iturkmen/hh4b_delphes/run2_13tev/frozen_v2/bundles/qcd_hardqcd_importance_adaptive1500k_phys_wave3_20260718/qcd_hardqcd_importance_adaptive1500k_phys_wave3_20260718_bin01_pthat75to100_shard1128_seed1211128_bundle.tar.gz	bundle_archive,importance_sampling_record	False	True	-rw-r--r-- iturkmen us_cms 1673500405 2026-07-18 05:33:51 /store/user/iturkmen/hh4b_delphes/run2_13tev/frozen_v2/bundles/qcd_hardqcd_importance_adaptive1500k_phys_wave3_20260718/qcd_hardqcd_importance_adaptive1500k_phys_wave3_20260718_bin01_pthat75to100_shard1128_seed1211128_bundle.tar.gz
/store/user/iturkmen/hh4b_delphes/run2_13tev/frozen_v2/bundles/qcd_hardqcd_importance_adaptive1500k_phys_wave3_20260718	/store/user/iturkmen/hh4b_delphes/run2_13tev/frozen_v2/bundles/qcd_hardqcd_importance_adaptive1500k_phys_wave3_20260718/qcd_hardqcd_importance_adaptive1500k_phys_wave3_20260718_bin01_pthat75to100_shard1129_seed1211129_bundle.tar.gz	bundle_archive,importance_sampling_record	False	True	-rw-r--r-- iturkmen us_cms 1660998376 2026-07-18 05:33:50 /store/user/iturkmen/hh4b_delphes/run2_13tev/frozen_v2/bundles/qcd_hardqcd_importance_adaptive1500k_phys_wave3_20260718/qcd_hardqcd_importance_adaptive1500k_phys_wave3_20260718_bin01_pthat75to100_shard1129_seed1211129_bundle.tar.gz
/store/user/iturkmen/hh4b_delphes/run2_13tev/frozen_v2/bundles/qcd_hardqcd_importance_adaptive1500k_phys_wave3_20260718	/store/user/iturkmen/hh4b_delphes/run2_13tev/frozen_v2/bundles/qcd_hardqcd_importance_adaptive1500k_phys_wave3_20260718/qcd_hardqcd_importance_adaptive1500k_phys_wave3_20260718_bin01_pthat75to100_shard1130_seed1211130_bundle.tar.gz	bundle_archive,importance_sampling_record	False	True	-rw-r--r-- iturkmen us_cms 1670026054 2026-07-18 05:34:19 /store/user/iturkmen/hh4b_delphes/run2_13tev/frozen_v2/bundles/qcd_hardqcd_importance_adaptive1500k_phys_wave3_20260718/qcd_hardqcd_importance_adaptive1500k_phys_wave3_20260718_bin01_pthat75to100_shard1130_seed1211130_bundle.tar.gz
/store/user/iturkmen/hh4b_delphes/run2_13tev/frozen_v2/bundles/qcd_hardqcd_importance_adaptive1500k_phys_wave3_20260718	/store/user/iturkmen/hh4b_delphes/run2_13tev/frozen_v2/bundles/qcd_hardqcd_importance_adaptive1500k_phys_wave3_20260718/qcd_hardqcd_importance_adaptive1500k_phys_wave3_20260718_bin01_pthat75to100_shard1131_seed1211131_bundle.tar.gz	bundle_archive,importance_sampling_record	False	True	-rw-r--r-- iturkmen us_cms 1661135852 2026-07-18 05:33:58 /store/user/iturkmen/hh4b_delphes/run2_13tev/frozen_v2/bundles/qcd_hardqcd_importance_adaptive1500k_phys_wave3_20260718/qcd_hardqcd_importance_adaptive1500k_phys_wave3_20260718_bin01_pthat75to100_shard1131_seed1211131_bundle.tar.gz
/store/user/iturkmen/hh4b_delphes/run2_13tev/frozen_v2/bundles/qcd_hardqcd_importance_adaptive1500k_phys_wave3_20260718	/store/user/iturkmen/hh4b_delphes/run2_13tev/frozen_v2/bundles/qcd_hardqcd_importance_adaptive1500k_phys_wave3_20260718/qcd_hardqcd_importance_adaptive1500k_phys_wave3_20260718_bin01_pthat75to100_shard1132_seed1211132_bundle.tar.gz	bundle_archive,importance_sampling_record	False	True	-rw-r--r-- iturkmen us_cms 1667204860 2026-07-18 05:34:52 /store/user/iturkmen/hh4b_delphes/run2_13tev/frozen_v2/bundles/qcd_hardqcd_importance_adaptive1500k_phys_wave3_20260718/qcd_hardqcd_importance_adaptive1500k_phys_wave3_20260718_bin01_pthat75to100_shard1132_seed1211132_bundle.tar.gz
/store/user/iturkmen/hh4b_delphes/run2_13tev/frozen_v2/bundles/qcd_hardqcd_importance_adaptive1500k_phys_wave3_20260718	/store/user/iturkmen/hh4b_delphes/run2_13tev/frozen_v2/bundles/qcd_hardqcd_importance_adaptive1500k_phys_wave3_20260718/qcd_hardqcd_importance_adaptive1500k_phys_wave3_20260718_bin01_pthat75to100_shard1133_seed1211133_bundle.tar.gz	bundle_archive,importance_sampling_record	False	True	-rw-r--r-- iturkmen us_cms 1665008855 2026-07-18 05:34:49 /store/user/iturkmen/hh4b_delphes/run2_13tev/frozen_v2/bundles/qcd_hardqcd_importance_adaptive1500k_phys_wave3_20260718/qcd_hardqcd_importance_adaptive1500k_phys_wave3_20260718_bin01_pthat75to100_shard1133_seed1211133_bundle.tar.gz
/store/user/iturkmen/hh4b_delphes/run2_13tev/frozen_v2/bundles/qcd_hardqcd_importance_adaptive1500k_phys_wave3_20260718	/store/user/iturkmen/hh4b_delphes/run2_13tev/frozen_v2/bundles/qcd_hardqcd_importance_adaptive1500k_phys_wave3_20260718/qcd_hardqcd_importance_adaptive1500k_phys_wave3_20260718_bin01_pthat75to100_shard1134_seed1211134_bundle.tar.gz	bundle_archive,importance_sampling_record	False	True	-rw-r--r-- iturkmen us_cms 1666696528 2026-07-18 05:35:25 /store/user/iturkmen/hh4b_delphes/run2_13tev/frozen_v2/bundles/qcd_hardqcd_importance_adaptive1500k_phys_wave3_20260718/qcd_hardqcd_importance_adaptive1500k_phys_wave3_20260718_bin01_pthat75to100_shard1134_seed1211134_bundle.tar.gz
/store/user/iturkmen/hh4b_delphes/run2_13tev/frozen_v2/bundles/qcd_hardqcd_importance_adaptive1500k_phys_wave3_20260718	/store/user/iturkmen/hh4b_delphes/run2_13tev/frozen_v2/bundles/qcd_hardqcd_importance_adaptive1500k_phys_wave3_20260718/qcd_hardqcd_importance_adaptive1500k_phys_wave3_20260718_bin01_pthat75to100_shard1135_seed1211135_bundle.tar.gz	bundle_archive,importance_sampling_record	False	True	-rw-r--r-- iturkmen us_cms 1663378011 2026-07-18 05:34:10 /store/user/iturkmen/hh4b_delphes/run2_13tev/frozen_v2/bundles/qcd_hardqcd_importance_adaptive1500k_phys_wave3_20260718/qcd_hardqcd_importance_adaptive1500k_phys_wave3_20260718_bin01_pthat75to100_shard1135_seed1211135_bundle.tar.gz
/store/user/iturkmen/hh4b_delphes/run2_13tev/frozen_v2/bundles/qcd_hardqcd_importance_adaptive1500k_phys_wave3_20260718	/store/user/iturkmen/hh4b_delphes/run2_13tev/frozen_v2/bundles/qcd_hardqcd_importance_adaptive1500k_phys_wave3_20260718/qcd_hardqcd_importance_adaptive1500k_phys_wave3_20260718_bin01_pthat75to100_shard1136_seed1211136_bundle.tar.gz	bundle_archive,importance_sampling_record	False	True	-rw-r--r-- iturkmen us_cms 1655906572 2026-07-18 05:35:23 /store/user/iturkmen/hh4b_delphes/run2_13tev/frozen_v2/bundles/qcd_hardqcd_importance_adaptive1500k_phys_wave3_20260718/qcd_hardqcd_importance_adaptive1500k_phys_wave3_20260718_bin01_pthat75to100_shard1136_seed1211136_bundle.tar.gz
/store/user/iturkmen/hh4b_delphes/run2_13tev/frozen_v2/bundles/qcd_hardqcd_importance_adaptive1500k_phys_wave3_20260718	/store/user/iturkmen/hh4b_delphes/run2_13tev/frozen_v2/bundles/qcd_hardqcd_importance_adaptive1500k_phys_wave3_20260718/qcd_hardqcd_importance_adaptive1500k_phys_wave3_20260718_bin01_pthat75to100_shard1137_seed1211137_bundle.tar.gz	bundle_archive,importance_sampling_record	False	True	-rw-r--r-- iturkmen us_cms 1667602487 2026-07-18 05:35:07 /store/user/iturkmen/hh4b_delphes/run2_13tev/frozen_v2/bundles/qcd_hardqcd_importance_adaptive1500k_phys_wave3_20260718/qcd_hardqcd_importance_adaptive1500k_phys_wave3_20260718_bin01_pthat75to100_shard1137_seed1211137_bundle.tar.gz
/store/user/iturkmen/hh4b_delphes/run2_13tev/frozen_v2/bundles/qcd_hardqcd_importance_adaptive1500k_phys_wave3_20260718	/store/user/iturkmen/hh4b_delphes/run2_13tev/frozen_v2/bundles/qcd_hardqcd_importance_adaptive1500k_phys_wave3_20260718/qcd_hardqcd_importance_adaptive1500k_phys_wave3_20260718_bin01_pthat75to100_shard1138_seed1211138_bundle.tar.gz	bundle_archive,importance_sampling_record	False	True	-rw-r--r-- iturkmen us_cms 1658838603 2026-07-18 05:34:16 /store/user/iturkmen/hh4b_delphes/run2_13tev/frozen_v2/bundles/qcd_hardqcd_importance_adaptive1500k_phys_wave3_20260718/qcd_hardqcd_importance_adaptive1500k_phys_wave3_20260718_bin01_pthat75to100_shard1138_seed1211138_bundle.tar.gz
/store/user/iturkmen/hh4b_delphes/run2_13tev/frozen_v2/bundles/qcd_hardqcd_importance_adaptive1500k_phys_wave3_20260718	/store/user/iturkmen/hh4b_delphes/run2_13tev/frozen_v2/bundles/qcd_hardqcd_importance_adaptive1500k_phys_wave3_20260718/qcd_hardqcd_importance_adaptive1500k_phys_wave3_20260718_bin01_pthat75to100_shard1139_seed1211139_bundle.tar.gz	bundle_archive,importance_sampling_record	False	True	-rw-r--r-- iturkmen us_cms 1668493652 2026-07-18 05:35:50 /store/user/iturkmen/hh4b_delphes/run2_13tev/frozen_v2/bundles/qcd_hardqcd_importance_adaptive1500k_phys_wave3_20260718/qcd_hardqcd_importance_adaptive1500k_phys_wave3_20260718_bin01_pthat75to100_shard1139_seed1211139_bundle.tar.gz
/store/user/iturkmen/hh4b_delphes/run2_13tev/frozen_v2/bundles/qcd_hardqcd_importance_adaptive1500k_phys_wave3_20260718	/store/user/iturkmen/hh4b_delphes/run2_13tev/frozen_v2/bundles/qcd_hardqcd_importance_adaptive1500k_phys_wave3_20260718/qcd_hardqcd_importance_adaptive1500k_phys_wave3_20260718_bin01_pthat75to100_shard1140_seed1211140_bundle.tar.gz	bundle_archive,importance_sampling_record	False	True	-rw-r--r-- iturkmen us_cms 1662210673 2026-07-18 05:34:41 /store/user/iturkmen/hh4b_delphes/run2_13tev/frozen_v2/bundles/qcd_hardqcd_importance_adaptive1500k_phys_wave3_20260718/qcd_hardqcd_importance_adaptive1500k_phys_wave3_20260718_bin01_pthat75to100_shard1140_seed1211140_bundle.tar.gz
/store/user/iturkmen/hh4b_delphes/run2_13tev/frozen_v2/bundles/qcd_hardqcd_importance_adaptive1500k_phys_wave3_20260718	/store/user/iturkmen/hh4b_delphes/run2_13tev/frozen_v2/bundles/qcd_hardqcd_importance_adaptive1500k_phys_wave3_20260718/qcd_hardqcd_importance_adaptive1500k_phys_wave3_20260718_bin01_pthat75to100_shard1141_seed1211141_bundle.tar.gz	bundle_archive,importance_sampling_record	False	True	-rw-r--r-- iturkmen us_cms 1672782167 2026-07-18 05:35:22 /store/user/iturkmen/hh4b_delphes/run2_13tev/frozen_v2/bundles/qcd_hardqcd_importance_adaptive1500k_phys_wave3_20260718/qcd_hardqcd_importance_adaptive1500k_phys_wave3_20260718_bin01_pthat75to100_shard1141_seed1211141_bundle.tar.gz
/store/user/iturkmen/hh4b_delphes/run2_13tev/frozen_v2/bundles/qcd_hardqcd_importance_adaptive1500k_phys_wave3_20260718	/store/user/iturkmen/hh4b_delphes/run2_13tev/frozen_v2/bundles/qcd_hardqcd_importance_adaptive1500k_phys_wave3_20260718/qcd_hardqcd_importance_adaptive1500k_phys_wave3_20260718_bin01_pthat75to100_shard1142_seed1211142_bundle.tar.gz	bundle_archive,importance_sampling_record	False	True	-rw-r--r-- iturkmen us_cms 1671389696 2026-07-18 05:38:14 /store/user/iturkmen/hh4b_delphes/run2_13tev/frozen_v2/bundles/qcd_hardqcd_importance_adaptive1500k_phys_wave3_20260718/qcd_hardqcd_importance_adaptive1500k_phys_wave3_20260718_bin01_pthat75to100_shard1142_seed1211142_bundle.tar.gz
/store/user/iturkmen/hh4b_delphes/run2_13tev/frozen_v2/bundles/qcd_hardqcd_importance_adaptive1500k_phys_wave3_20260718	/store/user/iturkmen/hh4b_delphes/run2_13tev/frozen_v2/bundles/qcd_hardqcd_importance_adaptive1500k_phys_wave3_20260718/qcd_hardqcd_importance_adaptive1500k_phys_wave3_20260718_bin01_pthat75to100_shard1143_seed1211143_bundle.tar.gz	bundle_archive,importance_sampling_record	False	True	-rw-r--r-- iturkmen us_cms 1670212203 2026-07-18 05:35:15 /store/user/iturkmen/hh4b_delphes/run2_13tev/frozen_v2/bundles/qcd_hardqcd_importance_adaptive1500k_phys_wave3_20260718/qcd_hardqcd_importance_adaptive1500k_phys_wave3_20260718_bin01_pthat75to100_shard1143_seed1211143_bundle.tar.gz
/store/user/iturkmen/hh4b_delphes/run2_13tev/frozen_v2/bundles/qcd_hardqcd_importance_adaptive1500k_phys_wave3_20260718	/store/user/iturkmen/hh4b_delphes/run2_13tev/frozen_v2/bundles/qcd_hardqcd_importance_adaptive1500k_phys_wave3_20260718/qcd_hardqcd_importance_adaptive1500k_phys_wave3_20260718_bin01_pthat75to100_shard1144_seed1211144_bundle.tar.gz	bundle_archive,importance_sampling_record	False	True	-rw-r--r-- iturkmen us_cms 1666251461 2026-07-18 05:35:48 /store/user/iturkmen/hh4b_delphes/run2_13tev/frozen_v2/bundles/qcd_hardqcd_importance_adaptive1500k_phys_wave3_20260718/qcd_hardqcd_importance_adaptive1500k_phys_wave3_20260718_bin01_pthat75to100_shard1144_seed1211144_bundle.tar.gz
/store/user/iturkmen/hh4b_delphes/run2_13tev/frozen_v2/bundles/qcd_hardqcd_importance_adaptive1500k_phys_wave3_20260718	/store/user/iturkmen/hh4b_delphes/run2_13tev/frozen_v2/bundles/qcd_hardqcd_importance_adaptive1500k_phys_wave3_20260718/qcd_hardqcd_importance_adaptive1500k_phys_wave3_20260718_bin01_pthat75to100_shard1145_seed1211145_bundle.tar.gz	bundle_archive,importance_sampling_record	False	True	-rw-r--r-- iturkmen us_cms 1670044016 2026-07-18 05:35:57 /store/user/iturkmen/hh4b_delphes/run2_13tev/frozen_v2/bundles/qcd_hardqcd_importance_adaptive1500k_phys_wave3_20260718/qcd_hardqcd_importance_adaptive1500k_phys_wave3_20260718_bin01_pthat75to100_shard1145_seed1211145_bundle.tar.gz
/store/user/iturkmen/hh4b_delphes/run2_13tev/frozen_v2/bundles/qcd_hardqcd_importance_adaptive1500k_phys_wave3_20260718	/store/user/iturkmen/hh4b_delphes/run2_13tev/frozen_v2/bundles/qcd_hardqcd_importance_adaptive1500k_phys_wave3_20260718/qcd_hardqcd_importance_adaptive1500k_phys_wave3_20260718_bin01_pthat75to100_shard1146_seed1211146_bundle.tar.gz	bundle_archive,importance_sampling_record	False	True	-rw-r--r-- iturkmen us_cms 1671469183 2026-07-18 05:32:26 /store/user/iturkmen/hh4b_delphes/run2_13tev/frozen_v2/bundles/qcd_hardqcd_importance_adaptive1500k_phys_wave3_20260718/qcd_hardqcd_importance_adaptive1500k_phys_wave3_20260718_bin01_pthat75to100_shard1146_seed1211146_bundle.tar.gz
/store/user/iturkmen/hh4b_delphes/run2_13tev/frozen_v2/bundles/qcd_hardqcd_importance_adaptive1500k_phys_wave3_20260718	/store/user/iturkmen/hh4b_delphes/run2_13tev/frozen_v2/bundles/qcd_hardqcd_importance_adaptive1500k_phys_wave3_20260718/qcd_hardqcd_importance_adaptive1500k_phys_wave3_20260718_bin01_pthat75to100_shard1147_seed1211147_bundle.tar.gz	bundle_archive,importance_sampling_record	False	True	-rw-r--r-- iturkmen us_cms 1659414908 2026-07-18 05:35:34 /store/user/iturkmen/hh4b_delphes/run2_13tev/frozen_v2/bundles/qcd_hardqcd_importance_adaptive1500k_phys_wave3_20260718/qcd_hardqcd_importance_adaptive1500k_phys_wave3_20260718_bin01_pthat75to100_shard1147_seed1211147_bundle.tar.gz
/store/user/iturkmen/hh4b_delphes/run2_13tev/frozen_v2/bundles/qcd_hardqcd_importance_adaptive1500k_phys_wave3_20260718	/store/user/iturkmen/hh4b_delphes/run2_13tev/frozen_v2/bundles/qcd_hardqcd_importance_adaptive1500k_phys_wave3_20260718/qcd_hardqcd_importance_adaptive1500k_phys_wave3_20260718_bin01_pthat75to100_shard1148_seed1211148_bundle.tar.gz	bundle_archive,importance_sampling_record	False	True	-rw-r--r-- iturkmen us_cms 1661872171 2026-07-18 05:36:30 /store/user/iturkmen/hh4b_delphes/run2_13tev/frozen_v2/bundles/qcd_hardqcd_importance_adaptive1500k_phys_wave3_20260718/qcd_hardqcd_importance_adaptive1500k_phys_wave3_20260718_bin01_pthat75to100_shard1148_seed1211148_bundle.tar.gz
/store/user/iturkmen/hh4b_delphes/run2_13tev/frozen_v2/bundles/qcd_hardqcd_importance_adaptive1500k_phys_wave3_20260718	/store/user/iturkmen/hh4b_delphes/run2_13tev/frozen_v2/bundles/qcd_hardqcd_importance_adaptive1500k_phys_wave3_20260718/qcd_hardqcd_importance_adaptive1500k_phys_wave3_20260718_bin01_pthat75to100_shard1149_seed1211149_bundle.tar.gz	bundle_archive,importance_sampling_record	False	True	-rw-r--r-- iturkmen us_cms 1666357164 2026-07-18 05:36:17 /store/user/iturkmen/hh4b_delphes/run2_13tev/frozen_v2/bundles/qcd_hardqcd_importance_adaptive1500k_phys_wave3_20260718/qcd_hardqcd_importance_adaptive1500k_phys_wave3_20260718_bin01_pthat75to100_shard1149_seed1211149_bundle.tar.gz
/store/user/iturkmen/hh4b_delphes/run2_13tev/frozen_v2/bundles/qcd_hardqcd_importance_adaptive1500k_phys_wave3_20260718	/store/user/iturkmen/hh4b_delphes/run2_13tev/frozen_v2/bundles/qcd_hardqcd_importance_adaptive1500k_phys_wave3_20260718/qcd_hardqcd_importance_adaptive1500k_phys_wave3_20260718_bin02_pthat100to200_shard1150_seed1221150_bundle.tar.gz	bundle_archive,importance_sampling_record	False	True	-rw-r--r-- iturkmen us_cms 1728006826 2026-07-18 05:40:06 /store/user/iturkmen/hh4b_delphes/run2_13tev/frozen_v2/bundles/qcd_hardqcd_importance_adaptive1500k_phys_wave3_20260718/qcd_hardqcd_importance_adaptive1500k_phys_wave3_20260718_bin02_pthat100to200_shard1150_seed1221150_bundle.tar.gz
/store/user/iturkmen/hh4b_delphes/run2_13tev/frozen_v2/bundles/qcd_hardqcd_importance_adaptive1500k_phys_wave3_20260718	/store/user/iturkmen/hh4b_delphes/run2_13tev/frozen_v2/bundles/qcd_hardqcd_importance_adaptive1500k_phys_wave3_20260718/qcd_hardqcd_importance_adaptive1500k_phys_wave3_20260718_bin02_pthat100to200_shard1151_seed1221151_bundle.tar.gz	bundle_archive,importance_sampling_record	False	True	-rw-r--r-- iturkmen us_cms 1714309030 2026-07-18 05:34:03 /store/user/iturkmen/hh4b_delphes/run2_13tev/frozen_v2/bundles/qcd_hardqcd_importance_adaptive1500k_phys_wave3_20260718/qcd_hardqcd_importance_adaptive1500k_phys_wave3_20260718_bin02_pthat100to200_shard1151_seed1221151_bundle.tar.gz
/store/user/iturkmen/hh4b_delphes/run2_13tev/frozen_v2/bundles/qcd_hardqcd_importance_adaptive1500k_phys_wave3_20260718	/store/user/iturkmen/hh4b_delphes/run2_13tev/frozen_v2/bundles/qcd_hardqcd_importance_adaptive1500k_phys_wave3_20260718/qcd_hardqcd_importance_adaptive1500k_phys_wave3_20260718_bin02_pthat100to200_shard1152_seed1221152_bundle.tar.gz	bundle_archive,importance_sampling_record	False	True	-rw-r--r-- iturkmen us_cms 1724685502 2026-07-18 05:38:08 /store/user/iturkmen/hh4b_delphes/run2_13tev/frozen_v2/bundles/qcd_hardqcd_importance_adaptive1500k_phys_wave3_20260718/qcd_hardqcd_importance_adaptive1500k_phys_wave3_20260718_bin02_pthat100to200_shard1152_seed1221152_bundle.tar.gz
/store/user/iturkmen/hh4b_delphes/run2_13tev/frozen_v2/bundles/qcd_hardqcd_importance_adaptive1500k_phys_wave3_20260718	/store/user/iturkmen/hh4b_delphes/run2_13tev/frozen_v2/bundles/qcd_hardqcd_importance_adaptive1500k_phys_wave3_20260718/qcd_hardqcd_importance_adaptive1500k_phys_wave3_20260718_bin02_pthat100to200_shard1153_seed1221153_bundle.tar.gz	bundle_archive,importance_sampling_record	False	True	-rw-r--r-- iturkmen us_cms 1722201007 2026-07-18 05:31:56 /store/user/iturkmen/hh4b_delphes/run2_13tev/frozen_v2/bundles/qcd_hardqcd_importance_adaptive1500k_phys_wave3_20260718/qcd_hardqcd_importance_adaptive1500k_phys_wave3_20260718_bin02_pthat100to200_shard1153_seed1221153_bundle.tar.gz
/store/user/iturkmen/hh4b_delphes/run2_13tev/frozen_v2/bundles/qcd_hardqcd_importance_adaptive1500k_phys_wave3_20260718	/store/user/iturkmen/hh4b_delphes/run2_13tev/frozen_v2/bundles/qcd_hardqcd_importance_adaptive1500k_phys_wave3_20260718/qcd_hardqcd_importance_adaptive1500k_phys_wave3_20260718_bin02_pthat100to200_shard1154_seed1221154_bundle.tar.gz	bundle_archive,importance_sampling_record	False	True	-rw-r--r-- iturkmen us_cms 1727987625 2026-07-18 05:34:16 /store/user/iturkmen/hh4b_delphes/run2_13tev/frozen_v2/bundles/qcd_hardqcd_importance_adaptive1500k_phys_wave3_20260718/qcd_hardqcd_importance_adaptive1500k_phys_wave3_20260718_bin02_pthat100to200_shard1154_seed1221154_bundle.tar.gz
/store/user/iturkmen/hh4b_delphes/run2_13tev/frozen_v2/bundles/qcd_hardqcd_importance_adaptive1500k_phys_wave3_20260718	/store/user/iturkmen/hh4b_delphes/run2_13tev/frozen_v2/bundles/qcd_hardqcd_importance_adaptive1500k_phys_wave3_20260718/qcd_hardqcd_importance_adaptive1500k_phys_wave3_20260718_bin02_pthat100to200_shard1155_seed1221155_bundle.tar.gz	bundle_archive,importance_sampling_record	False	True	-rw-r--r-- iturkmen us_cms 1728268876 2026-07-18 05:37:10 /store/user/iturkmen/hh4b_delphes/run2_13tev/frozen_v2/bundles/qcd_hardqcd_importance_adaptive1500k_phys_wave3_20260718/qcd_hardqcd_importance_adaptive1500k_phys_wave3_20260718_bin02_pthat100to200_shard1155_seed1221155_bundle.tar.gz
/store/user/iturkmen/hh4b_delphes/run2_13tev/frozen_v2/bundles/qcd_hardqcd_importance_adaptive1500k_phys_wave3_20260718	/store/user/iturkmen/hh4b_delphes/run2_13tev/frozen_v2/bundles/qcd_hardqcd_importance_adaptive1500k_phys_wave3_20260718/qcd_hardqcd_importance_adaptive1500k_phys_wave3_20260718_bin02_pthat100to200_shard1156_seed1221156_bundle.tar.gz	bundle_archive,importance_sampling_record	False	True	-rw-r--r-- iturkmen us_cms 1733113628 2026-07-18 05:39:45 /store/user/iturkmen/hh4b_delphes/run2_13tev/frozen_v2/bundles/qcd_hardqcd_importance_adaptive1500k_phys_wave3_20260718/qcd_hardqcd_importance_adaptive1500k_phys_wave3_20260718_bin02_pthat100to200_shard1156_seed1221156_bundle.tar.gz
/store/user/iturkmen/hh4b_delphes/run2_13tev/frozen_v2/bundles/qcd_hardqcd_importance_adaptive1500k_phys_wave3_20260718	/store/user/iturkmen/hh4b_delphes/run2_13tev/frozen_v2/bundles/qcd_hardqcd_importance_adaptive1500k_phys_wave3_20260718/qcd_hardqcd_importance_adaptive1500k_phys_wave3_20260718_bin02_pthat100to200_shard1157_seed1221157_bundle.tar.gz	bundle_archive,importance_sampling_record	False	True	-rw-r--r-- iturkmen us_cms 1736886456 2026-07-18 05:36:23 /store/user/iturkmen/hh4b_delphes/run2_13tev/frozen_v2/bundles/qcd_hardqcd_importance_adaptive1500k_phys_wave3_20260718/qcd_hardqcd_importance_adaptive1500k_phys_wave3_20260718_bin02_pthat100to200_shard1157_seed1221157_bundle.tar.gz
/store/user/iturkmen/hh4b_delphes/run2_13tev/frozen_v2/bundles/qcd_hardqcd_importance_adaptive1500k_phys_wave3_20260718	/store/user/iturkmen/hh4b_delphes/run2_13tev/frozen_v2/bundles/qcd_hardqcd_importance_adaptive1500k_phys_wave3_20260718/qcd_hardqcd_importance_adaptive1500k_phys_wave3_20260718_bin02_pthat100to200_shard1158_seed1221158_bundle.tar.gz	bundle_archive,importance_sampling_record	False	True	-rw-r--r-- iturkmen us_cms 1715953387 2026-07-18 05:38:28 /store/user/iturkmen/hh4b_delphes/run2_13tev/frozen_v2/bundles/qcd_hardqcd_importance_adaptive1500k_phys_wave3_20260718/qcd_hardqcd_importance_adaptive1500k_phys_wave3_20260718_bin02_pthat100to200_shard1158_seed1221158_bundle.tar.gz
/store/user/iturkmen/hh4b_delphes/run2_13tev/frozen_v2/bundles/qcd_hardqcd_importance_adaptive1500k_phys_wave3_20260718	/store/user/iturkmen/hh4b_delphes/run2_13tev/frozen_v2/bundles/qcd_hardqcd_importance_adaptive1500k_phys_wave3_20260718/qcd_hardqcd_importance_adaptive1500k_phys_wave3_20260718_bin02_pthat100to200_shard1159_seed1221159_bundle.tar.gz	bundle_archive,importance_sampling_record	False	True	-rw-r--r-- iturkmen us_cms 1723557430 2026-07-18 05:40:53 /store/user/iturkmen/hh4b_delphes/run2_13tev/frozen_v2/bundles/qcd_hardqcd_importance_adaptive1500k_phys_wave3_20260718/qcd_hardqcd_importance_adaptive1500k_phys_wave3_20260718_bin02_pthat100to200_shard1159_seed1221159_bundle.tar.gz
/store/user/iturkmen/hh4b_delphes/run2_13tev/frozen_v2/bundles/qcd_hardqcd_importance_adaptive1500k_phys_wave3_20260718	/store/user/iturkmen/hh4b_delphes/run2_13tev/frozen_v2/bundles/qcd_hardqcd_importance_adaptive1500k_phys_wave3_20260718/qcd_hardqcd_importance_adaptive1500k_phys_wave3_20260718_bin02_pthat100to200_shard1160_seed1221160_bundle.tar.gz	bundle_archive,importance_sampling_record	False	True	-rw-r--r-- iturkmen us_cms 1719386471 2026-07-18 05:39:52 /store/user/iturkmen/hh4b_delphes/run2_13tev/frozen_v2/bundles/qcd_hardqcd_importance_adaptive1500k_phys_wave3_20260718/qcd_hardqcd_importance_adaptive1500k_phys_wave3_20260718_bin02_pthat100to200_shard1160_seed1221160_bundle.tar.gz
/store/user/iturkmen/hh4b_delphes/run2_13tev/frozen_v2/bundles/qcd_hardqcd_importance_adaptive1500k_phys_wave3_20260718	/store/user/iturkmen/hh4b_delphes/run2_13tev/frozen_v2/bundles/qcd_hardqcd_importance_adaptive1500k_phys_wave3_20260718/qcd_hardqcd_importance_adaptive1500k_phys_wave3_20260718_bin02_pthat100to200_shard1161_seed1221161_bundle.tar.gz	bundle_archive,importance_sampling_record	False	True	-rw-r--r-- iturkmen us_cms 1734856350 2026-07-18 05:33:47 /store/user/iturkmen/hh4b_delphes/run2_13tev/frozen_v2/bundles/qcd_hardqcd_importance_adaptive1500k_phys_wave3_20260718/qcd_hardqcd_importance_adaptive1500k_phys_wave3_20260718_bin02_pthat100to200_shard1161_seed1221161_bundle.tar.gz
/store/user/iturkmen/hh4b_delphes/run2_13tev/frozen_v2/bundles/qcd_hardqcd_importance_adaptive1500k_phys_wave3_20260718	/store/user/iturkmen/hh4b_delphes/run2_13tev/frozen_v2/bundles/qcd_hardqcd_importance_adaptive1500k_phys_wave3_20260718/qcd_hardqcd_importance_adaptive1500k_phys_wave3_20260718_bin02_pthat100to200_shard1162_seed1221162_bundle.tar.gz	bundle_archive,importance_sampling_record	False	True	-rw-r--r-- iturkmen us_cms 1742070345 2026-07-18 05:37:25 /store/user/iturkmen/hh4b_delphes/run2_13tev/frozen_v2/bundles/qcd_hardqcd_importance_adaptive1500k_phys_wave3_20260718/qcd_hardqcd_importance_adaptive1500k_phys_wave3_20260718_bin02_pthat100to200_shard1162_seed1221162_bundle.tar.gz
/store/user/iturkmen/hh4b_delphes/run2_13tev/frozen_v2/bundles/qcd_hardqcd_importance_adaptive1500k_phys_wave3_20260718	/store/user/iturkmen/hh4b_delphes/run2_13tev/frozen_v2/bundles/qcd_hardqcd_importance_adaptive1500k_phys_wave3_20260718/qcd_hardqcd_importance_adaptive1500k_phys_wave3_20260718_bin02_pthat100to200_shard1163_seed1221163_bundle.tar.gz	bundle_archive,importance_sampling_record	False	True	-rw-r--r-- iturkmen us_cms 1738468767 2026-07-18 05:36:44 /store/user/iturkmen/hh4b_delphes/run2_13tev/frozen_v2/bundles/qcd_hardqcd_importance_adaptive1500k_phys_wave3_20260718/qcd_hardqcd_importance_adaptive1500k_phys_wave3_20260718_bin02_pthat100to200_shard1163_seed1221163_bundle.tar.gz
/store/user/iturkmen/hh4b_delphes/run2_13tev/frozen_v2/bundles/qcd_hardqcd_importance_adaptive1500k_phys_wave3_20260718	/store/user/iturkmen/hh4b_delphes/run2_13tev/frozen_v2/bundles/qcd_hardqcd_importance_adaptive1500k_phys_wave3_20260718/qcd_hardqcd_importance_adaptive1500k_phys_wave3_20260718_bin02_pthat100to200_shard1164_seed1221164_bundle.tar.gz	bundle_archive,importance_sampling_record	False	True	-rw-r--r-- iturkmen us_cms 1720886908 2026-07-18 05:39:06 /store/user/iturkmen/hh4b_delphes/run2_13tev/frozen_v2/bundles/qcd_hardqcd_importance_adaptive1500k_phys_wave3_20260718/qcd_hardqcd_importance_adaptive1500k_phys_wave3_20260718_bin02_pthat100to200_shard1164_seed1221164_bundle.tar.gz
/store/user/iturkmen/hh4b_delphes/run2_13tev/frozen_v2/bundles/qcd_hardqcd_importance_adaptive1500k_phys_wave3_20260718	/store/user/iturkmen/hh4b_delphes/run2_13tev/frozen_v2/bundles/qcd_hardqcd_importance_adaptive1500k_phys_wave3_20260718/qcd_hardqcd_importance_adaptive1500k_phys_wave3_20260718_bin02_pthat100to200_shard1165_seed1221165_bundle.tar.gz	bundle_archive,importance_sampling_record	False	True	-rw-r--r-- iturkmen us_cms 1726906551 2026-07-18 05:38:32 /store/user/iturkmen/hh4b_delphes/run2_13tev/frozen_v2/bundles/qcd_hardqcd_importance_adaptive1500k_phys_wave3_20260718/qcd_hardqcd_importance_adaptive1500k_phys_wave3_20260718_bin02_pthat100to200_shard1165_seed1221165_bundle.tar.gz
/store/user/iturkmen/hh4b_delphes/run2_13tev/frozen_v2/bundles/qcd_hardqcd_importance_adaptive1500k_phys_wave3_20260718	/store/user/iturkmen/hh4b_delphes/run2_13tev/frozen_v2/bundles/qcd_hardqcd_importance_adaptive1500k_phys_wave3_20260718/qcd_hardqcd_importance_adaptive1500k_phys_wave3_20260718_bin02_pthat100to200_shard1166_seed1221166_bundle.tar.gz	bundle_archive,importance_sampling_record	False	True	-rw-r--r-- iturkmen us_cms 1730279005 2026-07-18 05:37:46 /store/user/iturkmen/hh4b_delphes/run2_13tev/frozen_v2/bundles/qcd_hardqcd_importance_adaptive1500k_phys_wave3_20260718/qcd_hardqcd_importance_adaptive1500k_phys_wave3_20260718_bin02_pthat100to200_shard1166_seed1221166_bundle.tar.gz
/store/user/iturkmen/hh4b_delphes/run2_13tev/frozen_v2/bundles/qcd_hardqcd_importance_adaptive1500k_phys_wave3_20260718	/store/user/iturkmen/hh4b_delphes/run2_13tev/frozen_v2/bundles/qcd_hardqcd_importance_adaptive1500k_phys_wave3_20260718/qcd_hardqcd_importance_adaptive1500k_phys_wave3_20260718_bin02_pthat100to200_shard1167_seed1221167_bundle.tar.gz	bundle_archive,importance_sampling_record	False	True	-rw-r--r-- iturkmen us_cms 1724265904 2026-07-18 05:37:20 /store/user/iturkmen/hh4b_delphes/run2_13tev/frozen_v2/bundles/qcd_hardqcd_importance_adaptive1500k_phys_wave3_20260718/qcd_hardqcd_importance_adaptive1500k_phys_wave3_20260718_bin02_pthat100to200_shard1167_seed1221167_bundle.tar.gz
/store/user/iturkmen/hh4b_delphes/run2_13tev/frozen_v2/bundles/qcd_hardqcd_importance_adaptive1500k_phys_wave3_20260718	/store/user/iturkmen/hh4b_delphes/run2_13tev/frozen_v2/bundles/qcd_hardqcd_importance_adaptive1500k_phys_wave3_20260718/qcd_hardqcd_importance_adaptive1500k_phys_wave3_20260718_bin02_pthat100to200_shard1168_seed1221168_bundle.tar.gz	bundle_archive,importance_sampling_record	False	True	-rw-r--r-- iturkmen us_cms 1731205656 2026-07-18 05:35:42 /store/user/iturkmen/hh4b_delphes/run2_13tev/frozen_v2/bundles/qcd_hardqcd_importance_adaptive1500k_phys_wave3_20260718/qcd_hardqcd_importance_adaptive1500k_phys_wave3_20260718_bin02_pthat100to200_shard1168_seed1221168_bundle.tar.gz
/store/user/iturkmen/hh4b_delphes/run2_13tev/frozen_v2/bundles/qcd_hardqcd_importance_adaptive1500k_phys_wave3_20260718	/store/user/iturkmen/hh4b_delphes/run2_13tev/frozen_v2/bundles/qcd_hardqcd_importance_adaptive1500k_phys_wave3_20260718/qcd_hardqcd_importance_adaptive1500k_phys_wave3_20260718_bin02_pthat100to200_shard1169_seed1221169_bundle.tar.gz	bundle_archive,importance_sampling_record	False	True	-rw-r--r-- iturkmen us_cms 1728237475 2026-07-18 05:32:44 /store/user/iturkmen/hh4b_delphes/run2_13tev/frozen_v2/bundles/qcd_hardqcd_importance_adaptive1500k_phys_wave3_20260718/qcd_hardqcd_importance_adaptive1500k_phys_wave3_20260718_bin02_pthat100to200_shard1169_seed1221169_bundle.tar.gz
/store/user/iturkmen/hh4b_delphes/run2_13tev/frozen_v2/bundles/qcd_hardqcd_importance_adaptive1500k_phys_wave3_20260718	/store/user/iturkmen/hh4b_delphes/run2_13tev/frozen_v2/bundles/qcd_hardqcd_importance_adaptive1500k_phys_wave3_20260718/qcd_hardqcd_importance_adaptive1500k_phys_wave3_20260718_bin02_pthat100to200_shard1170_seed1221170_bundle.tar.gz	bundle_archive,importance_sampling_record	False	True	-rw-r--r-- iturkmen us_cms 1725288627 2026-07-18 07:05:02 /store/user/iturkmen/hh4b_delphes/run2_13tev/frozen_v2/bundles/qcd_hardqcd_importance_adaptive1500k_phys_wave3_20260718/qcd_hardqcd_importance_adaptive1500k_phys_wave3_20260718_bin02_pthat100to200_shard1170_seed1221170_bundle.tar.gz
/store/user/iturkmen/hh4b_delphes/run2_13tev/frozen_v2/bundles/qcd_hardqcd_importance_adaptive1500k_phys_wave3_20260718	/store/user/iturkmen/hh4b_delphes/run2_13tev/frozen_v2/bundles/qcd_hardqcd_importance_adaptive1500k_phys_wave3_20260718/qcd_hardqcd_importance_adaptive1500k_phys_wave3_20260718_bin02_pthat100to200_shard1171_seed1221171_bundle.tar.gz	bundle_archive,importance_sampling_record	False	True	-rw-r--r-- iturkmen us_cms 1730064137 2026-07-18 05:38:22 /store/user/iturkmen/hh4b_delphes/run2_13tev/frozen_v2/bundles/qcd_hardqcd_importance_adaptive1500k_phys_wave3_20260718/qcd_hardqcd_importance_adaptive1500k_phys_wave3_20260718_bin02_pthat100to200_shard1171_seed1221171_bundle.tar.gz
/store/user/iturkmen/hh4b_delphes/run2_13tev/frozen_v2/bundles/qcd_hardqcd_importance_adaptive1500k_phys_wave3_20260718	/store/user/iturkmen/hh4b_delphes/run2_13tev/frozen_v2/bundles/qcd_hardqcd_importance_adaptive1500k_phys_wave3_20260718/qcd_hardqcd_importance_adaptive1500k_phys_wave3_20260718_bin02_pthat100to200_shard1172_seed1221172_bundle.tar.gz	bundle_archive,importance_sampling_record	False	True	-rw-r--r-- iturkmen us_cms 1715287293 2026-07-18 05:34:42 /store/user/iturkmen/hh4b_delphes/run2_13tev/frozen_v2/bundles/qcd_hardqcd_importance_adaptive1500k_phys_wave3_20260718/qcd_hardqcd_importance_adaptive1500k_phys_wave3_20260718_bin02_pthat100to200_shard1172_seed1221172_bundle.tar.gz
/store/user/iturkmen/hh4b_delphes/run2_13tev/frozen_v2/bundles/qcd_hardqcd_importance_adaptive1500k_phys_wave3_20260718	/store/user/iturkmen/hh4b_delphes/run2_13tev/frozen_v2/bundles/qcd_hardqcd_importance_adaptive1500k_phys_wave3_20260718/qcd_hardqcd_importance_adaptive1500k_phys_wave3_20260718_bin02_pthat100to200_shard1173_seed1221173_bundle.tar.gz	bundle_archive,importance_sampling_record	False	True	-rw-r--r-- iturkmen us_cms 1716946665 2026-07-18 05:39:49 /store/user/iturkmen/hh4b_delphes/run2_13tev/frozen_v2/bundles/qcd_hardqcd_importance_adaptive1500k_phys_wave3_20260718/qcd_hardqcd_importance_adaptive1500k_phys_wave3_20260718_bin02_pthat100to200_shard1173_seed1221173_bundle.tar.gz
/store/user/iturkmen/hh4b_delphes/run2_13tev/frozen_v2/bundles/qcd_hardqcd_importance_adaptive1500k_phys_wave3_20260718	/store/user/iturkmen/hh4b_delphes/run2_13tev/frozen_v2/bundles/qcd_hardqcd_importance_adaptive1500k_phys_wave3_20260718/qcd_hardqcd_importance_adaptive1500k_phys_wave3_20260718_bin02_pthat100to200_shard1174_seed1221174_bundle.tar.gz	bundle_archive,importance_sampling_record	False	True	-rw-r--r-- iturkmen us_cms 1727333035 2026-07-18 05:37:34 /store/user/iturkmen/hh4b_delphes/run2_13tev/frozen_v2/bundles/qcd_hardqcd_importance_adaptive1500k_phys_wave3_20260718/qcd_hardqcd_importance_adaptive1500k_phys_wave3_20260718_bin02_pthat100to200_shard1174_seed1221174_bundle.tar.gz
/store/user/iturkmen/hh4b_delphes/run2_13tev/frozen_v2/bundles/qcd_hardqcd_importance_adaptive1500k_phys_wave3_20260718	/store/user/iturkmen/hh4b_delphes/run2_13tev/frozen_v2/bundles/qcd_hardqcd_importance_adaptive1500k_phys_wave3_20260718/qcd_hardqcd_importance_adaptive1500k_phys_wave3_20260718_bin02_pthat100to200_shard1175_seed1221175_bundle.tar.gz	bundle_archive,importance_sampling_record	False	True	-rw-r--r-- iturkmen us_cms 1741672735 2026-07-18 05:37:25 /store/user/iturkmen/hh4b_delphes/run2_13tev/frozen_v2/bundles/qcd_hardqcd_importance_adaptive1500k_phys_wave3_20260718/qcd_hardqcd_importance_adaptive1500k_phys_wave3_20260718_bin02_pthat100to200_shard1175_seed1221175_bundle.tar.gz
/store/user/iturkmen/hh4b_delphes/run2_13tev/frozen_v2/bundles/qcd_hardqcd_importance_adaptive1500k_phys_wave3_20260718	/store/user/iturkmen/hh4b_delphes/run2_13tev/frozen_v2/bundles/qcd_hardqcd_importance_adaptive1500k_phys_wave3_20260718/qcd_hardqcd_importance_adaptive1500k_phys_wave3_20260718_bin02_pthat100to200_shard1176_seed1221176_bundle.tar.gz	bundle_archive,importance_sampling_record	False	True	-rw-r--r-- iturkmen us_cms 1716886333 2026-07-18 05:37:28 /store/user/iturkmen/hh4b_delphes/run2_13tev/frozen_v2/bundles/qcd_hardqcd_importance_adaptive1500k_phys_wave3_20260718/qcd_hardqcd_importance_adaptive1500k_phys_wave3_20260718_bin02_pthat100to200_shard1176_seed1221176_bundle.tar.gz
/store/user/iturkmen/hh4b_delphes/run2_13tev/frozen_v2/bundles/qcd_hardqcd_importance_adaptive1500k_phys_wave3_20260718	/store/user/iturkmen/hh4b_delphes/run2_13tev/frozen_v2/bundles/qcd_hardqcd_importance_adaptive1500k_phys_wave3_20260718/qcd_hardqcd_importance_adaptive1500k_phys_wave3_20260718_bin02_pthat100to200_shard1177_seed1221177_bundle.tar.gz	bundle_archive,importance_sampling_record	False	True	-rw-r--r-- iturkmen us_cms 1724955191 2026-07-18 05:37:48 /store/user/iturkmen/hh4b_delphes/run2_13tev/frozen_v2/bundles/qcd_hardqcd_importance_adaptive1500k_phys_wave3_20260718/qcd_hardqcd_importance_adaptive1500k_phys_wave3_20260718_bin02_pthat100to200_shard1177_seed1221177_bundle.tar.gz
/store/user/iturkmen/hh4b_delphes/run2_13tev/frozen_v2/bundles/qcd_hardqcd_importance_adaptive1500k_phys_wave3_20260718	/store/user/iturkmen/hh4b_delphes/run2_13tev/frozen_v2/bundles/qcd_hardqcd_importance_adaptive1500k_phys_wave3_20260718/qcd_hardqcd_importance_adaptive1500k_phys_wave3_20260718_bin03_pthat200to300_shard1178_seed1231178_bundle.tar.gz	bundle_archive,importance_sampling_record	False	True	-rw-r--r-- iturkmen us_cms 1844699941 2026-07-18 05:43:02 /store/user/iturkmen/hh4b_delphes/run2_13tev/frozen_v2/bundles/qcd_hardqcd_importance_adaptive1500k_phys_wave3_20260718/qcd_hardqcd_importance_adaptive1500k_phys_wave3_20260718_bin03_pthat200to300_shard1178_seed1231178_bundle.tar.gz
/store/user/iturkmen/hh4b_delphes/run2_13tev/frozen_v2/bundles/qcd_hardqcd_importance_adaptive1500k_phys_wave3_20260718	/store/user/iturkmen/hh4b_delphes/run2_13tev/frozen_v2/bundles/qcd_hardqcd_importance_adaptive1500k_phys_wave3_20260718/qcd_hardqcd_importance_adaptive1500k_phys_wave3_20260718_bin04_pthat300to500_shard1179_seed1241179_bundle.tar.gz	bundle_archive,importance_sampling_record	False	True	-rw-r--r-- iturkmen us_cms 1924157939 2026-07-18 05:37:38 /store/user/iturkmen/hh4b_delphes/run2_13tev/frozen_v2/bundles/qcd_hardqcd_importance_adaptive1500k_phys_wave3_20260718/qcd_hardqcd_importance_adaptive1500k_phys_wave3_20260718_bin04_pthat300to500_shard1179_seed1241179_bundle.tar.gz
/store/user/iturkmen/hh4b_delphes/run2_13tev/frozen_v2/bundles/qcd_hardqcd_importance_adaptive1500k_phys_wave3_20260718	/store/user/iturkmen/hh4b_delphes/run2_13tev/frozen_v2/bundles/qcd_hardqcd_importance_adaptive1500k_phys_wave3_20260718/qcd_hardqcd_importance_adaptive1500k_phys_wave3_20260718_bin05_pthat500to700_shard1180_seed1251180_bundle.tar.gz	bundle_archive,importance_sampling_record	False	True	-rw-r--r-- iturkmen us_cms 1980837632 2026-07-18 05:40:40 /store/user/iturkmen/hh4b_delphes/run2_13tev/frozen_v2/bundles/qcd_hardqcd_importance_adaptive1500k_phys_wave3_20260718/qcd_hardqcd_importance_adaptive1500k_phys_wave3_20260718_bin05_pthat500to700_shard1180_seed1251180_bundle.tar.gz
/store/user/iturkmen/hh4b_delphes/run2_13tev/frozen_v2/bundles/qcd_hardqcd_importance_adaptive1500k_phys_wave3_20260718	/store/user/iturkmen/hh4b_delphes/run2_13tev/frozen_v2/bundles/qcd_hardqcd_importance_adaptive1500k_phys_wave3_20260718/qcd_hardqcd_importance_adaptive1500k_phys_wave3_20260718_bin06_pthat700to1000_shard1181_seed1261181_bundle.tar.gz	bundle_archive,importance_sampling_record	False	True	-rw-r--r-- iturkmen us_cms 2005554766 2026-07-18 05:41:56 /store/user/iturkmen/hh4b_delphes/run2_13tev/frozen_v2/bundles/qcd_hardqcd_importance_adaptive1500k_phys_wave3_20260718/qcd_hardqcd_importance_adaptive1500k_phys_wave3_20260718_bin06_pthat700to1000_shard1181_seed1261181_bundle.tar.gz
/store/user/iturkmen/hh4b_delphes/run2_13tev/frozen_v2/bundles/qcd_hardqcd_importance_adaptive1500k_phys_wave3_20260718	/store/user/iturkmen/hh4b_delphes/run2_13tev/frozen_v2/bundles/qcd_hardqcd_importance_adaptive1500k_phys_wave3_20260718/qcd_hardqcd_importance_adaptive1500k_phys_wave3_20260718_bin07_pthat1000toInf_shard1182_seed1271182_bundle.tar.gz	bundle_archive,importance_sampling_record	False	True	-rw-r--r-- iturkmen us_cms 1993652908 2026-07-18 05:40:51 /store/user/iturkmen/hh4b_delphes/run2_13tev/frozen_v2/bundles/qcd_hardqcd_importance_adaptive1500k_phys_wave3_20260718/qcd_hardqcd_importance_adaptive1500k_phys_wave3_20260718_bin07_pthat1000toInf_shard1182_seed1271182_bundle.tar.gz
/store/user/iturkmen/hh4b_delphes/run2_13tev/frozen_v2/bundles/qcd_hardqcd_importance_adaptive500k_phys_20260717_0022	/store/user/iturkmen/hh4b_delphes/run2_13tev/frozen_v2/bundles/qcd_hardqcd_importance_adaptive500k_phys_20260717_0022/qcd_hardqcd_importance_adaptive500k_phys_20260717_0022_bin00_pthat50to75_shard1819_seed1201819_bundle.tar.gz	bundle_archive,importance_sampling_record	False	True	-rw-r--r-- iturkmen us_cms 1618275041 2026-07-17 00:48:54 /store/user/iturkmen/hh4b_delphes/run2_13tev/frozen_v2/bundles/qcd_hardqcd_importance_adaptive500k_phys_20260717_0022/qcd_hardqcd_importance_adaptive500k_phys_20260717_0022_bin00_pthat50to75_shard1819_seed1201819_bundle.tar.gz
/store/user/iturkmen/hh4b_delphes/run2_13tev/frozen_v2/bundles/qcd_hardqcd_importance_adaptive500k_phys_20260717_0022	/store/user/iturkmen/hh4b_delphes/run2_13tev/frozen_v2/bundles/qcd_hardqcd_importance_adaptive500k_phys_20260717_0022/qcd_hardqcd_importance_adaptive500k_phys_20260717_0022_bin00_pthat50to75_shard1820_seed1201820_bundle.tar.gz	bundle_archive,importance_sampling_record	False	True	-rw-r--r-- iturkmen us_cms 1593922957 2026-07-17 00:46:27 /store/user/iturkmen/hh4b_delphes/run2_13tev/frozen_v2/bundles/qcd_hardqcd_importance_adaptive500k_phys_20260717_0022/qcd_hardqcd_importance_adaptive500k_phys_20260717_0022_bin00_pthat50to75_shard1820_seed1201820_bundle.tar.gz
/store/user/iturkmen/hh4b_delphes/run2_13tev/frozen_v2/bundles/qcd_hardqcd_importance_adaptive500k_phys_20260717_0022	/store/user/iturkmen/hh4b_delphes/run2_13tev/frozen_v2/bundles/qcd_hardqcd_importance_adaptive500k_phys_20260717_0022/qcd_hardqcd_importance_adaptive500k_phys_20260717_0022_bin00_pthat50to75_shard1821_seed1201821_bundle.tar.gz	bundle_archive,importance_sampling_record	False	True	-rw-r--r-- iturkmen us_cms 1608588730 2026-07-17 00:42:44 /store/user/iturkmen/hh4b_delphes/run2_13tev/frozen_v2/bundles/qcd_hardqcd_importance_adaptive500k_phys_20260717_0022/qcd_hardqcd_importance_adaptive500k_phys_20260717_0022_bin00_pthat50to75_shard1821_seed1201821_bundle.tar.gz
/store/user/iturkmen/hh4b_delphes/run2_13tev/frozen_v2/bundles/qcd_hardqcd_importance_adaptive500k_phys_20260717_0022	/store/user/iturkmen/hh4b_delphes/run2_13tev/frozen_v2/bundles/qcd_hardqcd_importance_adaptive500k_phys_20260717_0022/qcd_hardqcd_importance_adaptive500k_phys_20260717_0022_bin00_pthat50to75_shard1822_seed1201822_bundle.tar.gz	bundle_archive,importance_sampling_record	False	True	-rw-r--r-- iturkmen us_cms 1608667167 2026-07-17 00:42:41 /store/user/iturkmen/hh4b_delphes/run2_13tev/frozen_v2/bundles/qcd_hardqcd_importance_adaptive500k_phys_20260717_0022/qcd_hardqcd_importance_adaptive500k_phys_20260717_0022_bin00_pthat50to75_shard1822_seed1201822_bundle.tar.gz
/store/user/iturkmen/hh4b_delphes/run2_13tev/frozen_v2/bundles/qcd_hardqcd_importance_adaptive500k_phys_20260717_0022	/store/user/iturkmen/hh4b_delphes/run2_13tev/frozen_v2/bundles/qcd_hardqcd_importance_adaptive500k_phys_20260717_0022/qcd_hardqcd_importance_adaptive500k_phys_20260717_0022_bin00_pthat50to75_shard1823_seed1201823_bundle.tar.gz	bundle_archive,importance_sampling_record	False	True	-rw-r--r-- iturkmen us_cms 1594883000 2026-07-17 00:47:52 /store/user/iturkmen/hh4b_delphes/run2_13tev/frozen_v2/bundles/qcd_hardqcd_importance_adaptive500k_phys_20260717_0022/qcd_hardqcd_importance_adaptive500k_phys_20260717_0022_bin00_pthat50to75_shard1823_seed1201823_bundle.tar.gz
/store/user/iturkmen/hh4b_delphes/run2_13tev/frozen_v2/bundles/qcd_hardqcd_importance_adaptive500k_phys_20260717_0022	/store/user/iturkmen/hh4b_delphes/run2_13tev/frozen_v2/bundles/qcd_hardqcd_importance_adaptive500k_phys_20260717_0022/qcd_hardqcd_importance_adaptive500k_phys_20260717_0022_bin00_pthat50to75_shard1824_seed1201824_bundle.tar.gz	bundle_archive,importance_sampling_record	False	True	-rw-r--r-- iturkmen us_cms 1601783417 2026-07-17 00:44:42 /store/user/iturkmen/hh4b_delphes/run2_13tev/frozen_v2/bundles/qcd_hardqcd_importance_adaptive500k_phys_20260717_0022/qcd_hardqcd_importance_adaptive500k_phys_20260717_0022_bin00_pthat50to75_shard1824_seed1201824_bundle.tar.gz
/store/user/iturkmen/hh4b_delphes/run2_13tev/frozen_v2/bundles/qcd_hardqcd_importance_adaptive500k_phys_20260717_0022	/store/user/iturkmen/hh4b_delphes/run2_13tev/frozen_v2/bundles/qcd_hardqcd_importance_adaptive500k_phys_20260717_0022/qcd_hardqcd_importance_adaptive500k_phys_20260717_0022_bin00_pthat50to75_shard1825_seed1201825_bundle.tar.gz	bundle_archive,importance_sampling_record	False	True	-rw-r--r-- iturkmen us_cms 1602526240 2026-07-17 00:50:30 /store/user/iturkmen/hh4b_delphes/run2_13tev/frozen_v2/bundles/qcd_hardqcd_importance_adaptive500k_phys_20260717_0022/qcd_hardqcd_importance_adaptive500k_phys_20260717_0022_bin00_pthat50to75_shard1825_seed1201825_bundle.tar.gz
/store/user/iturkmen/hh4b_delphes/run2_13tev/frozen_v2/bundles/qcd_hardqcd_importance_adaptive500k_phys_20260717_0022	/store/user/iturkmen/hh4b_delphes/run2_13tev/frozen_v2/bundles/qcd_hardqcd_importance_adaptive500k_phys_20260717_0022/qcd_hardqcd_importance_adaptive500k_phys_20260717_0022_bin00_pthat50to75_shard1826_seed1201826_bundle.tar.gz	bundle_archive,importance_sampling_record	False	True	-rw-r--r-- iturkmen us_cms 1608847704 2026-07-17 00:49:43 /store/user/iturkmen/hh4b_delphes/run2_13tev/frozen_v2/bundles/qcd_hardqcd_importance_adaptive500k_phys_20260717_0022/qcd_hardqcd_importance_adaptive500k_phys_20260717_0022_bin00_pthat50to75_shard1826_seed1201826_bundle.tar.gz
/store/user/iturkmen/hh4b_delphes/run2_13tev/frozen_v2/bundles/qcd_hardqcd_importance_adaptive500k_phys_20260717_0022	/store/user/iturkmen/hh4b_delphes/run2_13tev/frozen_v2/bundles/qcd_hardqcd_importance_adaptive500k_phys_20260717_0022/qcd_hardqcd_importance_adaptive500k_phys_20260717_0022_bin00_pthat50to75_shard1827_seed1201827_bundle.tar.gz	bundle_archive,importance_sampling_record	False	True	-rw-r--r-- iturkmen us_cms 1610592555 2026-07-17 00:42:52 /store/user/iturkmen/hh4b_delphes/run2_13tev/frozen_v2/bundles/qcd_hardqcd_importance_adaptive500k_phys_20260717_0022/qcd_hardqcd_importance_adaptive500k_phys_20260717_0022_bin00_pthat50to75_shard1827_seed1201827_bundle.tar.gz
/store/user/iturkmen/hh4b_delphes/run2_13tev/frozen_v2/bundles/qcd_hardqcd_importance_adaptive500k_phys_20260717_0022	/store/user/iturkmen/hh4b_delphes/run2_13tev/frozen_v2/bundles/qcd_hardqcd_importance_adaptive500k_phys_20260717_0022/qcd_hardqcd_importance_adaptive500k_phys_20260717_0022_bin00_pthat50to75_shard1828_seed1201828_bundle.tar.gz	bundle_archive,importance_sampling_record	False	True	-rw-r--r-- iturkmen us_cms 1623802624 2026-07-17 00:49:45 /store/user/iturkmen/hh4b_delphes/run2_13tev/frozen_v2/bundles/qcd_hardqcd_importance_adaptive500k_phys_20260717_0022/qcd_hardqcd_importance_adaptive500k_phys_20260717_0022_bin00_pthat50to75_shard1828_seed1201828_bundle.tar.gz
/store/user/iturkmen/hh4b_delphes/run2_13tev/frozen_v2/bundles/qcd_hardqcd_importance_adaptive500k_phys_20260717_0022	/store/user/iturkmen/hh4b_delphes/run2_13tev/frozen_v2/bundles/qcd_hardqcd_importance_adaptive500k_phys_20260717_0022/qcd_hardqcd_importance_adaptive500k_phys_20260717_0022_bin00_pthat50to75_shard1829_seed1201829_bundle.tar.gz	bundle_archive,importance_sampling_record	False	True	-rw-r--r-- iturkmen us_cms 1609317840 2026-07-17 00:46:17 /store/user/iturkmen/hh4b_delphes/run2_13tev/frozen_v2/bundles/qcd_hardqcd_importance_adaptive500k_phys_20260717_0022/qcd_hardqcd_importance_adaptive500k_phys_20260717_0022_bin00_pthat50to75_shard1829_seed1201829_bundle.tar.gz
/store/user/iturkmen/hh4b_delphes/run2_13tev/frozen_v2/bundles/qcd_hardqcd_importance_adaptive500k_phys_20260717_0022	/store/user/iturkmen/hh4b_delphes/run2_13tev/frozen_v2/bundles/qcd_hardqcd_importance_adaptive500k_phys_20260717_0022/qcd_hardqcd_importance_adaptive500k_phys_20260717_0022_bin00_pthat50to75_shard1830_seed1201830_bundle.tar.gz	bundle_archive,importance_sampling_record	False	True	-rw-r--r-- iturkmen us_cms 1619679312 2026-07-17 00:50:07 /store/user/iturkmen/hh4b_delphes/run2_13tev/frozen_v2/bundles/qcd_hardqcd_importance_adaptive500k_phys_20260717_0022/qcd_hardqcd_importance_adaptive500k_phys_20260717_0022_bin00_pthat50to75_shard1830_seed1201830_bundle.tar.gz
/store/user/iturkmen/hh4b_delphes/run2_13tev/frozen_v2/bundles/qcd_hardqcd_importance_adaptive500k_phys_20260717_0022	/store/user/iturkmen/hh4b_delphes/run2_13tev/frozen_v2/bundles/qcd_hardqcd_importance_adaptive500k_phys_20260717_0022/qcd_hardqcd_importance_adaptive500k_phys_20260717_0022_bin00_pthat50to75_shard1831_seed1201831_bundle.tar.gz	bundle_archive,importance_sampling_record	False	True	-rw-r--r-- iturkmen us_cms 1607718622 2026-07-17 00:43:56 /store/user/iturkmen/hh4b_delphes/run2_13tev/frozen_v2/bundles/qcd_hardqcd_importance_adaptive500k_phys_20260717_0022/qcd_hardqcd_importance_adaptive500k_phys_20260717_0022_bin00_pthat50to75_shard1831_seed1201831_bundle.tar.gz
/store/user/iturkmen/hh4b_delphes/run2_13tev/frozen_v2/bundles/qcd_hardqcd_importance_adaptive500k_phys_20260717_0022	/store/user/iturkmen/hh4b_delphes/run2_13tev/frozen_v2/bundles/qcd_hardqcd_importance_adaptive500k_phys_20260717_0022/qcd_hardqcd_importance_adaptive500k_phys_20260717_0022_bin00_pthat50to75_shard1832_seed1201832_bundle.tar.gz	bundle_archive,importance_sampling_record	False	True	-rw-r--r-- iturkmen us_cms 1611575648 2026-07-17 00:47:16 /store/user/iturkmen/hh4b_delphes/run2_13tev/frozen_v2/bundles/qcd_hardqcd_importance_adaptive500k_phys_20260717_0022/qcd_hardqcd_importance_adaptive500k_phys_20260717_0022_bin00_pthat50to75_shard1832_seed1201832_bundle.tar.gz
/store/user/iturkmen/hh4b_delphes/run2_13tev/frozen_v2/bundles/qcd_hardqcd_importance_adaptive500k_phys_20260717_0022	/store/user/iturkmen/hh4b_delphes/run2_13tev/frozen_v2/bundles/qcd_hardqcd_importance_adaptive500k_phys_20260717_0022/qcd_hardqcd_importance_adaptive500k_phys_20260717_0022_bin00_pthat50to75_shard1833_seed1201833_bundle.tar.gz	bundle_archive,importance_sampling_record	False	True	-rw-r--r-- iturkmen us_cms 1605327752 2026-07-17 00:49:00 /store/user/iturkmen/hh4b_delphes/run2_13tev/frozen_v2/bundles/qcd_hardqcd_importance_adaptive500k_phys_20260717_0022/qcd_hardqcd_importance_adaptive500k_phys_20260717_0022_bin00_pthat50to75_shard1833_seed1201833_bundle.tar.gz
/store/user/iturkmen/hh4b_delphes/run2_13tev/frozen_v2/bundles/qcd_hardqcd_importance_adaptive500k_phys_20260717_0022	/store/user/iturkmen/hh4b_delphes/run2_13tev/frozen_v2/bundles/qcd_hardqcd_importance_adaptive500k_phys_20260717_0022/qcd_hardqcd_importance_adaptive500k_phys_20260717_0022_bin00_pthat50to75_shard1834_seed1201834_bundle.tar.gz	bundle_archive,importance_sampling_record	False	True	-rw-r--r-- iturkmen us_cms 1614488809 2026-07-17 00:44:07 /store/user/iturkmen/hh4b_delphes/run2_13tev/frozen_v2/bundles/qcd_hardqcd_importance_adaptive500k_phys_20260717_0022/qcd_hardqcd_importance_adaptive500k_phys_20260717_0022_bin00_pthat50to75_shard1834_seed1201834_bundle.tar.gz
/store/user/iturkmen/hh4b_delphes/run2_13tev/frozen_v2/bundles/qcd_hardqcd_importance_adaptive500k_phys_20260717_0022	/store/user/iturkmen/hh4b_delphes/run2_13tev/frozen_v2/bundles/qcd_hardqcd_importance_adaptive500k_phys_20260717_0022/qcd_hardqcd_importance_adaptive500k_phys_20260717_0022_bin00_pthat50to75_shard1835_seed1201835_bundle.tar.gz	bundle_archive,importance_sampling_record	False	True	-rw-r--r-- iturkmen us_cms 1610200590 2026-07-17 00:48:56 /store/user/iturkmen/hh4b_delphes/run2_13tev/frozen_v2/bundles/qcd_hardqcd_importance_adaptive500k_phys_20260717_0022/qcd_hardqcd_importance_adaptive500k_phys_20260717_0022_bin00_pthat50to75_shard1835_seed1201835_bundle.tar.gz
/store/user/iturkmen/hh4b_delphes/run2_13tev/frozen_v2/bundles/qcd_hardqcd_importance_adaptive500k_phys_20260717_0022	/store/user/iturkmen/hh4b_delphes/run2_13tev/frozen_v2/bundles/qcd_hardqcd_importance_adaptive500k_phys_20260717_0022/qcd_hardqcd_importance_adaptive500k_phys_20260717_0022_bin00_pthat50to75_shard1836_seed1201836_bundle.tar.gz	bundle_archive,importance_sampling_record	False	True	-rw-r--r-- iturkmen us_cms 1613401471 2026-07-17 00:47:22 /store/user/iturkmen/hh4b_delphes/run2_13tev/frozen_v2/bundles/qcd_hardqcd_importance_adaptive500k_phys_20260717_0022/qcd_hardqcd_importance_adaptive500k_phys_20260717_0022_bin00_pthat50to75_shard1836_seed1201836_bundle.tar.gz
/store/user/iturkmen/hh4b_delphes/run2_13tev/frozen_v2/bundles/qcd_hardqcd_importance_adaptive500k_phys_20260717_0022	/store/user/iturkmen/hh4b_delphes/run2_13tev/frozen_v2/bundles/qcd_hardqcd_importance_adaptive500k_phys_20260717_0022/qcd_hardqcd_importance_adaptive500k_phys_20260717_0022_bin00_pthat50to75_shard1837_seed1201837_bundle.tar.gz	bundle_archive,importance_sampling_record	False	True	-rw-r--r-- iturkmen us_cms 1597284096 2026-07-17 00:49:27 /store/user/iturkmen/hh4b_delphes/run2_13tev/frozen_v2/bundles/qcd_hardqcd_importance_adaptive500k_phys_20260717_0022/qcd_hardqcd_importance_adaptive500k_phys_20260717_0022_bin00_pthat50to75_shard1837_seed1201837_bundle.tar.gz
/store/user/iturkmen/hh4b_delphes/run2_13tev/frozen_v2/bundles/qcd_hardqcd_importance_adaptive500k_phys_20260717_0022	/store/user/iturkmen/hh4b_delphes/run2_13tev/frozen_v2/bundles/qcd_hardqcd_importance_adaptive500k_phys_20260717_0022/qcd_hardqcd_importance_adaptive500k_phys_20260717_0022_bin00_pthat50to75_shard1838_seed1201838_bundle.tar.gz	bundle_archive,importance_sampling_record	False	True	-rw-r--r-- iturkmen us_cms 1599817547 2026-07-17 00:50:20 /store/user/iturkmen/hh4b_delphes/run2_13tev/frozen_v2/bundles/qcd_hardqcd_importance_adaptive500k_phys_20260717_0022/qcd_hardqcd_importance_adaptive500k_phys_20260717_0022_bin00_pthat50to75_shard1838_seed1201838_bundle.tar.gz
/store/user/iturkmen/hh4b_delphes/run2_13tev/frozen_v2/bundles/qcd_hardqcd_importance_adaptive500k_phys_20260717_0022	/store/user/iturkmen/hh4b_delphes/run2_13tev/frozen_v2/bundles/qcd_hardqcd_importance_adaptive500k_phys_20260717_0022/qcd_hardqcd_importance_adaptive500k_phys_20260717_0022_bin00_pthat50to75_shard1839_seed1201839_bundle.tar.gz	bundle_archive,importance_sampling_record	False	True	-rw-r--r-- iturkmen us_cms 1617466531 2026-07-17 00:49:42 /store/user/iturkmen/hh4b_delphes/run2_13tev/frozen_v2/bundles/qcd_hardqcd_importance_adaptive500k_phys_20260717_0022/qcd_hardqcd_importance_adaptive500k_phys_20260717_0022_bin00_pthat50to75_shard1839_seed1201839_bundle.tar.gz
/store/user/iturkmen/hh4b_delphes/run2_13tev/frozen_v2/bundles/qcd_hardqcd_importance_adaptive500k_phys_20260717_0022	/store/user/iturkmen/hh4b_delphes/run2_13tev/frozen_v2/bundles/qcd_hardqcd_importance_adaptive500k_phys_20260717_0022/qcd_hardqcd_importance_adaptive500k_phys_20260717_0022_bin00_pthat50to75_shard1840_seed1201840_bundle.tar.gz	bundle_archive,importance_sampling_record	False	True	-rw-r--r-- iturkmen us_cms 1601389165 2026-07-17 00:47:59 /store/user/iturkmen/hh4b_delphes/run2_13tev/frozen_v2/bundles/qcd_hardqcd_importance_adaptive500k_phys_20260717_0022/qcd_hardqcd_importance_adaptive500k_phys_20260717_0022_bin00_pthat50to75_shard1840_seed1201840_bundle.tar.gz
/store/user/iturkmen/hh4b_delphes/run2_13tev/frozen_v2/bundles/qcd_hardqcd_importance_adaptive500k_phys_20260717_0022	/store/user/iturkmen/hh4b_delphes/run2_13tev/frozen_v2/bundles/qcd_hardqcd_importance_adaptive500k_phys_20260717_0022/qcd_hardqcd_importance_adaptive500k_phys_20260717_0022_bin00_pthat50to75_shard1841_seed1201841_bundle.tar.gz	bundle_archive,importance_sampling_record	False	True	-rw-r--r-- iturkmen us_cms 1610744205 2026-07-17 00:50:12 /store/user/iturkmen/hh4b_delphes/run2_13tev/frozen_v2/bundles/qcd_hardqcd_importance_adaptive500k_phys_20260717_0022/qcd_hardqcd_importance_adaptive500k_phys_20260717_0022_bin00_pthat50to75_shard1841_seed1201841_bundle.tar.gz
/store/user/iturkmen/hh4b_delphes/run2_13tev/frozen_v2/bundles/qcd_hardqcd_importance_adaptive500k_phys_20260717_0022	/store/user/iturkmen/hh4b_delphes/run2_13tev/frozen_v2/bundles/qcd_hardqcd_importance_adaptive500k_phys_20260717_0022/qcd_hardqcd_importance_adaptive500k_phys_20260717_0022_bin00_pthat50to75_shard1842_seed1201842_bundle.tar.gz	bundle_archive,importance_sampling_record	False	True	-rw-r--r-- iturkmen us_cms 1597884425 2026-07-17 00:48:52 /store/user/iturkmen/hh4b_delphes/run2_13tev/frozen_v2/bundles/qcd_hardqcd_importance_adaptive500k_phys_20260717_0022/qcd_hardqcd_importance_adaptive500k_phys_20260717_0022_bin00_pthat50to75_shard1842_seed1201842_bundle.tar.gz
/store/user/iturkmen/hh4b_delphes/run2_13tev/frozen_v2/bundles/qcd_hardqcd_importance_adaptive500k_phys_20260717_0022	/store/user/iturkmen/hh4b_delphes/run2_13tev/frozen_v2/bundles/qcd_hardqcd_importance_adaptive500k_phys_20260717_0022/qcd_hardqcd_importance_adaptive500k_phys_20260717_0022_bin00_pthat50to75_shard1843_seed1201843_bundle.tar.gz	bundle_archive,importance_sampling_record	False	True	-rw-r--r-- iturkmen us_cms 1590960929 2026-07-17 00:45:07 /store/user/iturkmen/hh4b_delphes/run2_13tev/frozen_v2/bundles/qcd_hardqcd_importance_adaptive500k_phys_20260717_0022/qcd_hardqcd_importance_adaptive500k_phys_20260717_0022_bin00_pthat50to75_shard1843_seed1201843_bundle.tar.gz
/store/user/iturkmen/hh4b_delphes/run2_13tev/frozen_v2/bundles/qcd_hardqcd_importance_adaptive500k_phys_20260717_0022	/store/user/iturkmen/hh4b_delphes/run2_13tev/frozen_v2/bundles/qcd_hardqcd_importance_adaptive500k_phys_20260717_0022/qcd_hardqcd_importance_adaptive500k_phys_20260717_0022_bin00_pthat50to75_shard1844_seed1201844_bundle.tar.gz	bundle_archive,importance_sampling_record	False	True	-rw-r--r-- iturkmen us_cms 1602429644 2026-07-17 00:48:33 /store/user/iturkmen/hh4b_delphes/run2_13tev/frozen_v2/bundles/qcd_hardqcd_importance_adaptive500k_phys_20260717_0022/qcd_hardqcd_importance_adaptive500k_phys_20260717_0022_bin00_pthat50to75_shard1844_seed1201844_bundle.tar.gz
/store/user/iturkmen/hh4b_delphes/run2_13tev/frozen_v2/bundles/qcd_hardqcd_importance_adaptive500k_phys_20260717_0022	/store/user/iturkmen/hh4b_delphes/run2_13tev/frozen_v2/bundles/qcd_hardqcd_importance_adaptive500k_phys_20260717_0022/qcd_hardqcd_importance_adaptive500k_phys_20260717_0022_bin00_pthat50to75_shard1845_seed1201845_bundle.tar.gz	bundle_archive,importance_sampling_record	False	True	-rw-r--r-- iturkmen us_cms 1616941581 2026-07-17 00:43:19 /store/user/iturkmen/hh4b_delphes/run2_13tev/frozen_v2/bundles/qcd_hardqcd_importance_adaptive500k_phys_20260717_0022/qcd_hardqcd_importance_adaptive500k_phys_20260717_0022_bin00_pthat50to75_shard1845_seed1201845_bundle.tar.gz
/store/user/iturkmen/hh4b_delphes/run2_13tev/frozen_v2/bundles/qcd_hardqcd_importance_adaptive500k_phys_20260717_0022	/store/user/iturkmen/hh4b_delphes/run2_13tev/frozen_v2/bundles/qcd_hardqcd_importance_adaptive500k_phys_20260717_0022/qcd_hardqcd_importance_adaptive500k_phys_20260717_0022_bin00_pthat50to75_shard1846_seed1201846_bundle.tar.gz	bundle_archive,importance_sampling_record	False	True	-rw-r--r-- iturkmen us_cms 1612371325 2026-07-17 00:46:29 /store/user/iturkmen/hh4b_delphes/run2_13tev/frozen_v2/bundles/qcd_hardqcd_importance_adaptive500k_phys_20260717_0022/qcd_hardqcd_importance_adaptive500k_phys_20260717_0022_bin00_pthat50to75_shard1846_seed1201846_bundle.tar.gz
/store/user/iturkmen/hh4b_delphes/run2_13tev/frozen_v2/bundles/qcd_hardqcd_importance_adaptive500k_phys_20260717_0022	/store/user/iturkmen/hh4b_delphes/run2_13tev/frozen_v2/bundles/qcd_hardqcd_importance_adaptive500k_phys_20260717_0022/qcd_hardqcd_importance_adaptive500k_phys_20260717_0022_bin00_pthat50to75_shard1847_seed1201847_bundle.tar.gz	bundle_archive,importance_sampling_record	False	True	-rw-r--r-- iturkmen us_cms 1598348626 2026-07-17 00:49:15 /store/user/iturkmen/hh4b_delphes/run2_13tev/frozen_v2/bundles/qcd_hardqcd_importance_adaptive500k_phys_20260717_0022/qcd_hardqcd_importance_adaptive500k_phys_20260717_0022_bin00_pthat50to75_shard1847_seed1201847_bundle.tar.gz
/store/user/iturkmen/hh4b_delphes/run2_13tev/frozen_v2/bundles/qcd_hardqcd_importance_adaptive500k_phys_20260717_0022	/store/user/iturkmen/hh4b_delphes/run2_13tev/frozen_v2/bundles/qcd_hardqcd_importance_adaptive500k_phys_20260717_0022/qcd_hardqcd_importance_adaptive500k_phys_20260717_0022_bin00_pthat50to75_shard1848_seed1201848_bundle.tar.gz	bundle_archive,importance_sampling_record	False	True	-rw-r--r-- iturkmen us_cms 1619440915 2026-07-17 00:49:44 /store/user/iturkmen/hh4b_delphes/run2_13tev/frozen_v2/bundles/qcd_hardqcd_importance_adaptive500k_phys_20260717_0022/qcd_hardqcd_importance_adaptive500k_phys_20260717_0022_bin00_pthat50to75_shard1848_seed1201848_bundle.tar.gz
/store/user/iturkmen/hh4b_delphes/run2_13tev/frozen_v2/bundles/qcd_hardqcd_importance_adaptive500k_phys_20260717_0022	/store/user/iturkmen/hh4b_delphes/run2_13tev/frozen_v2/bundles/qcd_hardqcd_importance_adaptive500k_phys_20260717_0022/qcd_hardqcd_importance_adaptive500k_phys_20260717_0022_bin00_pthat50to75_shard1849_seed1201849_bundle.tar.gz	bundle_archive,importance_sampling_record	False	True	-rw-r--r-- iturkmen us_cms 1483325685 2026-07-17 00:41:54 /store/user/iturkmen/hh4b_delphes/run2_13tev/frozen_v2/bundles/qcd_hardqcd_importance_adaptive500k_phys_20260717_0022/qcd_hardqcd_importance_adaptive500k_phys_20260717_0022_bin00_pthat50to75_shard1849_seed1201849_bundle.tar.gz
/store/user/iturkmen/hh4b_delphes/run2_13tev/frozen_v2/bundles/qcd_hardqcd_importance_adaptive500k_phys_20260717_0022	/store/user/iturkmen/hh4b_delphes/run2_13tev/frozen_v2/bundles/qcd_hardqcd_importance_adaptive500k_phys_20260717_0022/qcd_hardqcd_importance_adaptive500k_phys_20260717_0022_bin01_pthat75to100_shard1850_seed1211850_bundle.tar.gz	bundle_archive,importance_sampling_record	False	True	-rw-r--r-- iturkmen us_cms 1668487540 2026-07-17 00:50:04 /store/user/iturkmen/hh4b_delphes/run2_13tev/frozen_v2/bundles/qcd_hardqcd_importance_adaptive500k_phys_20260717_0022/qcd_hardqcd_importance_adaptive500k_phys_20260717_0022_bin01_pthat75to100_shard1850_seed1211850_bundle.tar.gz
/store/user/iturkmen/hh4b_delphes/run2_13tev/frozen_v2/bundles/qcd_hardqcd_importance_adaptive500k_phys_20260717_0022	/store/user/iturkmen/hh4b_delphes/run2_13tev/frozen_v2/bundles/qcd_hardqcd_importance_adaptive500k_phys_20260717_0022/qcd_hardqcd_importance_adaptive500k_phys_20260717_0022_bin01_pthat75to100_shard1851_seed1211851_bundle.tar.gz	bundle_archive,importance_sampling_record	False	True	-rw-r--r-- iturkmen us_cms 1669420982 2026-07-17 00:50:18 /store/user/iturkmen/hh4b_delphes/run2_13tev/frozen_v2/bundles/qcd_hardqcd_importance_adaptive500k_phys_20260717_0022/qcd_hardqcd_importance_adaptive500k_phys_20260717_0022_bin01_pthat75to100_shard1851_seed1211851_bundle.tar.gz
/store/user/iturkmen/hh4b_delphes/run2_13tev/frozen_v2/bundles/qcd_hardqcd_importance_adaptive500k_phys_20260717_0022	/store/user/iturkmen/hh4b_delphes/run2_13tev/frozen_v2/bundles/qcd_hardqcd_importance_adaptive500k_phys_20260717_0022/qcd_hardqcd_importance_adaptive500k_phys_20260717_0022_bin01_pthat75to100_shard1852_seed1211852_bundle.tar.gz	bundle_archive,importance_sampling_record	False	True	-rw-r--r-- iturkmen us_cms 1666618710 2026-07-17 00:48:05 /store/user/iturkmen/hh4b_delphes/run2_13tev/frozen_v2/bundles/qcd_hardqcd_importance_adaptive500k_phys_20260717_0022/qcd_hardqcd_importance_adaptive500k_phys_20260717_0022_bin01_pthat75to100_shard1852_seed1211852_bundle.tar.gz
/store/user/iturkmen/hh4b_delphes/run2_13tev/frozen_v2/bundles/qcd_hardqcd_importance_adaptive500k_phys_20260717_0022	/store/user/iturkmen/hh4b_delphes/run2_13tev/frozen_v2/bundles/qcd_hardqcd_importance_adaptive500k_phys_20260717_0022/qcd_hardqcd_importance_adaptive500k_phys_20260717_0022_bin01_pthat75to100_shard1853_seed1211853_bundle.tar.gz	bundle_archive,importance_sampling_record	False	True	-rw-r--r-- iturkmen us_cms 1664562501 2026-07-17 00:43:32 /store/user/iturkmen/hh4b_delphes/run2_13tev/frozen_v2/bundles/qcd_hardqcd_importance_adaptive500k_phys_20260717_0022/qcd_hardqcd_importance_adaptive500k_phys_20260717_0022_bin01_pthat75to100_shard1853_seed1211853_bundle.tar.gz
/store/user/iturkmen/hh4b_delphes/run2_13tev/frozen_v2/bundles/qcd_hardqcd_importance_adaptive500k_phys_20260717_0022	/store/user/iturkmen/hh4b_delphes/run2_13tev/frozen_v2/bundles/qcd_hardqcd_importance_adaptive500k_phys_20260717_0022/qcd_hardqcd_importance_adaptive500k_phys_20260717_0022_bin01_pthat75to100_shard1854_seed1211854_bundle.tar.gz	bundle_archive,importance_sampling_record	False	True	-rw-r--r-- iturkmen us_cms 1662722522 2026-07-17 00:47:37 /store/user/iturkmen/hh4b_delphes/run2_13tev/frozen_v2/bundles/qcd_hardqcd_importance_adaptive500k_phys_20260717_0022/qcd_hardqcd_importance_adaptive500k_phys_20260717_0022_bin01_pthat75to100_shard1854_seed1211854_bundle.tar.gz
/store/user/iturkmen/hh4b_delphes/run2_13tev/frozen_v2/bundles/qcd_hardqcd_importance_adaptive500k_phys_20260717_0022	/store/user/iturkmen/hh4b_delphes/run2_13tev/frozen_v2/bundles/qcd_hardqcd_importance_adaptive500k_phys_20260717_0022/qcd_hardqcd_importance_adaptive500k_phys_20260717_0022_bin01_pthat75to100_shard1855_seed1211855_bundle.tar.gz	bundle_archive,importance_sampling_record	False	True	-rw-r--r-- iturkmen us_cms 1685248387 2026-07-17 00:48:59 /store/user/iturkmen/hh4b_delphes/run2_13tev/frozen_v2/bundles/qcd_hardqcd_importance_adaptive500k_phys_20260717_0022/qcd_hardqcd_importance_adaptive500k_phys_20260717_0022_bin01_pthat75to100_shard1855_seed1211855_bundle.tar.gz
/store/user/iturkmen/hh4b_delphes/run2_13tev/frozen_v2/bundles/qcd_hardqcd_importance_adaptive500k_phys_20260717_0022	/store/user/iturkmen/hh4b_delphes/run2_13tev/frozen_v2/bundles/qcd_hardqcd_importance_adaptive500k_phys_20260717_0022/qcd_hardqcd_importance_adaptive500k_phys_20260717_0022_bin01_pthat75to100_shard1856_seed1211856_bundle.tar.gz	bundle_archive,importance_sampling_record	False	True	-rw-r--r-- iturkmen us_cms 1660304115 2026-07-17 00:45:22 /store/user/iturkmen/hh4b_delphes/run2_13tev/frozen_v2/bundles/qcd_hardqcd_importance_adaptive500k_phys_20260717_0022/qcd_hardqcd_importance_adaptive500k_phys_20260717_0022_bin01_pthat75to100_shard1856_seed1211856_bundle.tar.gz
/store/user/iturkmen/hh4b_delphes/run2_13tev/frozen_v2/bundles/qcd_hardqcd_importance_adaptive500k_phys_20260717_0022	/store/user/iturkmen/hh4b_delphes/run2_13tev/frozen_v2/bundles/qcd_hardqcd_importance_adaptive500k_phys_20260717_0022/qcd_hardqcd_importance_adaptive500k_phys_20260717_0022_bin01_pthat75to100_shard1857_seed1211857_bundle.tar.gz	bundle_archive,importance_sampling_record	False	True	-rw-r--r-- iturkmen us_cms 1231074864 2026-07-17 00:41:08 /store/user/iturkmen/hh4b_delphes/run2_13tev/frozen_v2/bundles/qcd_hardqcd_importance_adaptive500k_phys_20260717_0022/qcd_hardqcd_importance_adaptive500k_phys_20260717_0022_bin01_pthat75to100_shard1857_seed1211857_bundle.tar.gz
/store/user/iturkmen/hh4b_delphes/run2_13tev/frozen_v2/bundles/qcd_hardqcd_importance_adaptive500k_phys_20260717_0022	/store/user/iturkmen/hh4b_delphes/run2_13tev/frozen_v2/bundles/qcd_hardqcd_importance_adaptive500k_phys_20260717_0022/qcd_hardqcd_importance_adaptive500k_phys_20260717_0022_bin02_pthat100to200_shard1858_seed1221858_bundle.tar.gz	bundle_archive,importance_sampling_record	False	True	-rw-r--r-- iturkmen us_cms 1725809580 2026-07-17 00:50:20 /store/user/iturkmen/hh4b_delphes/run2_13tev/frozen_v2/bundles/qcd_hardqcd_importance_adaptive500k_phys_20260717_0022/qcd_hardqcd_importance_adaptive500k_phys_20260717_0022_bin02_pthat100to200_shard1858_seed1221858_bundle.tar.gz
/store/user/iturkmen/hh4b_delphes/run2_13tev/frozen_v2/bundles/qcd_hardqcd_importance_adaptive500k_phys_20260717_0022	/store/user/iturkmen/hh4b_delphes/run2_13tev/frozen_v2/bundles/qcd_hardqcd_importance_adaptive500k_phys_20260717_0022/qcd_hardqcd_importance_adaptive500k_phys_20260717_0022_bin02_pthat100to200_shard1859_seed1221859_bundle.tar.gz	bundle_archive,importance_sampling_record	False	True	-rw-r--r-- iturkmen us_cms 1718131760 2026-07-17 00:45:03 /store/user/iturkmen/hh4b_delphes/run2_13tev/frozen_v2/bundles/qcd_hardqcd_importance_adaptive500k_phys_20260717_0022/qcd_hardqcd_importance_adaptive500k_phys_20260717_0022_bin02_pthat100to200_shard1859_seed1221859_bundle.tar.gz
/store/user/iturkmen/hh4b_delphes/run2_13tev/frozen_v2/bundles/qcd_hardqcd_importance_adaptive500k_phys_20260717_0022	/store/user/iturkmen/hh4b_delphes/run2_13tev/frozen_v2/bundles/qcd_hardqcd_importance_adaptive500k_phys_20260717_0022/qcd_hardqcd_importance_adaptive500k_phys_20260717_0022_bin02_pthat100to200_shard1860_seed1221860_bundle.tar.gz	bundle_archive,importance_sampling_record	False	True	-rw-r--r-- iturkmen us_cms 1717725046 2026-07-17 00:45:10 /store/user/iturkmen/hh4b_delphes/run2_13tev/frozen_v2/bundles/qcd_hardqcd_importance_adaptive500k_phys_20260717_0022/qcd_hardqcd_importance_adaptive500k_phys_20260717_0022_bin02_pthat100to200_shard1860_seed1221860_bundle.tar.gz
/store/user/iturkmen/hh4b_delphes/run2_13tev/frozen_v2/bundles/qcd_hardqcd_importance_adaptive500k_phys_20260717_0022	/store/user/iturkmen/hh4b_delphes/run2_13tev/frozen_v2/bundles/qcd_hardqcd_importance_adaptive500k_phys_20260717_0022/qcd_hardqcd_importance_adaptive500k_phys_20260717_0022_bin02_pthat100to200_shard1861_seed1221861_bundle.tar.gz	bundle_archive,importance_sampling_record	False	True	-rw-r--r-- iturkmen us_cms 1728590112 2026-07-17 00:50:35 /store/user/iturkmen/hh4b_delphes/run2_13tev/frozen_v2/bundles/qcd_hardqcd_importance_adaptive500k_phys_20260717_0022/qcd_hardqcd_importance_adaptive500k_phys_20260717_0022_bin02_pthat100to200_shard1861_seed1221861_bundle.tar.gz
/store/user/iturkmen/hh4b_delphes/run2_13tev/frozen_v2/bundles/qcd_hardqcd_importance_adaptive500k_phys_20260717_0022	/store/user/iturkmen/hh4b_delphes/run2_13tev/frozen_v2/bundles/qcd_hardqcd_importance_adaptive500k_phys_20260717_0022/qcd_hardqcd_importance_adaptive500k_phys_20260717_0022_bin02_pthat100to200_shard1862_seed1221862_bundle.tar.gz	bundle_archive,importance_sampling_record	False	True	-rw-r--r-- iturkmen us_cms 1483036533 2026-07-17 00:44:39 /store/user/iturkmen/hh4b_delphes/run2_13tev/frozen_v2/bundles/qcd_hardqcd_importance_adaptive500k_phys_20260717_0022/qcd_hardqcd_importance_adaptive500k_phys_20260717_0022_bin02_pthat100to200_shard1862_seed1221862_bundle.tar.gz
/store/user/iturkmen/hh4b_delphes/run2_13tev/frozen_v2/bundles/qcd_hardqcd_importance_adaptive500k_phys_20260717_0022	/store/user/iturkmen/hh4b_delphes/run2_13tev/frozen_v2/bundles/qcd_hardqcd_importance_adaptive500k_phys_20260717_0022/qcd_hardqcd_importance_adaptive500k_phys_20260717_0022_bin03_pthat200to300_shard1863_seed1231863_bundle.tar.gz	bundle_archive,importance_sampling_record	False	True	-rw-r--r-- iturkmen us_cms 1839949349 2026-07-17 00:45:43 /store/user/iturkmen/hh4b_delphes/run2_13tev/frozen_v2/bundles/qcd_hardqcd_importance_adaptive500k_phys_20260717_0022/qcd_hardqcd_importance_adaptive500k_phys_20260717_0022_bin03_pthat200to300_shard1863_seed1231863_bundle.tar.gz
/store/user/iturkmen/hh4b_delphes/run2_13tev/frozen_v2/bundles/qcd_hardqcd_importance_adaptive500k_phys_20260717_0022	/store/user/iturkmen/hh4b_delphes/run2_13tev/frozen_v2/bundles/qcd_hardqcd_importance_adaptive500k_phys_20260717_0022/qcd_hardqcd_importance_adaptive500k_phys_20260717_0022_bin03_pthat200to300_shard1864_seed1231864_bundle.tar.gz	bundle_archive,importance_sampling_record	False	True	-rw-r--r-- iturkmen us_cms  838214713 2026-07-17 00:42:33 /store/user/iturkmen/hh4b_delphes/run2_13tev/frozen_v2/bundles/qcd_hardqcd_importance_adaptive500k_phys_20260717_0022/qcd_hardqcd_importance_adaptive500k_phys_20260717_0022_bin03_pthat200to300_shard1864_seed1231864_bundle.tar.gz
/store/user/iturkmen/hh4b_delphes/run2_13tev/frozen_v2/bundles/qcd_hardqcd_importance_adaptive500k_phys_20260717_0022	/store/user/iturkmen/hh4b_delphes/run2_13tev/frozen_v2/bundles/qcd_hardqcd_importance_adaptive500k_phys_20260717_0022/qcd_hardqcd_importance_adaptive500k_phys_20260717_0022_bin04_pthat300to500_shard1865_seed1241865_bundle.tar.gz	bundle_archive,importance_sampling_record	False	True	-rw-r--r-- iturkmen us_cms 1903799088 2026-07-17 00:48:33 /store/user/iturkmen/hh4b_delphes/run2_13tev/frozen_v2/bundles/qcd_hardqcd_importance_adaptive500k_phys_20260717_0022/qcd_hardqcd_importance_adaptive500k_phys_20260717_0022_bin04_pthat300to500_shard1865_seed1241865_bundle.tar.gz
/store/user/iturkmen/hh4b_delphes/run2_13tev/frozen_v2/bundles/qcd_hardqcd_importance_adaptive500k_phys_20260717_0022	/store/user/iturkmen/hh4b_delphes/run2_13tev/frozen_v2/bundles/qcd_hardqcd_importance_adaptive500k_phys_20260717_0022/qcd_hardqcd_importance_adaptive500k_phys_20260717_0022_bin04_pthat300to500_shard1866_seed1241866_bundle.tar.gz	bundle_archive,importance_sampling_record	False	True	-rw-r--r-- iturkmen us_cms  548744894 2026-07-17 00:38:36 /store/user/iturkmen/hh4b_delphes/run2_13tev/frozen_v2/bundles/qcd_hardqcd_importance_adaptive500k_phys_20260717_0022/qcd_hardqcd_importance_adaptive500k_phys_20260717_0022_bin04_pthat300to500_shard1866_seed1241866_bundle.tar.gz
/store/user/iturkmen/hh4b_delphes/run2_13tev/frozen_v2/bundles/qcd_hardqcd_importance_adaptive500k_phys_20260717_0022	/store/user/iturkmen/hh4b_delphes/run2_13tev/frozen_v2/bundles/qcd_hardqcd_importance_adaptive500k_phys_20260717_0022/qcd_hardqcd_importance_adaptive500k_phys_20260717_0022_bin05_pthat500to700_shard1867_seed1251867_bundle.tar.gz	bundle_archive,importance_sampling_record	False	True	-rw-r--r-- iturkmen us_cms 1983341628 2026-07-17 00:47:51 /store/user/iturkmen/hh4b_delphes/run2_13tev/frozen_v2/bundles/qcd_hardqcd_importance_adaptive500k_phys_20260717_0022/qcd_hardqcd_importance_adaptive500k_phys_20260717_0022_bin05_pthat500to700_shard1867_seed1251867_bundle.tar.gz
/store/user/iturkmen/hh4b_delphes/run2_13tev/frozen_v2/bundles/qcd_hardqcd_importance_adaptive500k_phys_20260717_0022	/store/user/iturkmen/hh4b_delphes/run2_13tev/frozen_v2/bundles/qcd_hardqcd_importance_adaptive500k_phys_20260717_0022/qcd_hardqcd_importance_adaptive500k_phys_20260717_0022_bin05_pthat500to700_shard1868_seed1251868_bundle.tar.gz	bundle_archive,importance_sampling_record	False	True	-rw-r--r-- iturkmen us_cms  496326946 2026-07-17 00:39:27 /store/user/iturkmen/hh4b_delphes/run2_13tev/frozen_v2/bundles/qcd_hardqcd_importance_adaptive500k_phys_20260717_0022/qcd_hardqcd_importance_adaptive500k_phys_20260717_0022_bin05_pthat500to700_shard1868_seed1251868_bundle.tar.gz
/store/user/iturkmen/hh4b_delphes/run2_13tev/frozen_v2/bundles/qcd_hardqcd_importance_adaptive500k_phys_20260717_0022	/store/user/iturkmen/hh4b_delphes/run2_13tev/frozen_v2/bundles/qcd_hardqcd_importance_adaptive500k_phys_20260717_0022/qcd_hardqcd_importance_adaptive500k_phys_20260717_0022_bin06_pthat700to1000_shard1869_seed1261869_bundle.tar.gz	bundle_archive,importance_sampling_record	False	True	-rw-r--r-- iturkmen us_cms 2000902482 2026-07-17 00:50:30 /store/user/iturkmen/hh4b_delphes/run2_13tev/frozen_v2/bundles/qcd_hardqcd_importance_adaptive500k_phys_20260717_0022/qcd_hardqcd_importance_adaptive500k_phys_20260717_0022_bin06_pthat700to1000_shard1869_seed1261869_bundle.tar.gz
/store/user/iturkmen/hh4b_delphes/run2_13tev/frozen_v2/bundles/qcd_hardqcd_importance_adaptive500k_phys_20260717_0022	/store/user/iturkmen/hh4b_delphes/run2_13tev/frozen_v2/bundles/qcd_hardqcd_importance_adaptive500k_phys_20260717_0022/qcd_hardqcd_importance_adaptive500k_phys_20260717_0022_bin06_pthat700to1000_shard1870_seed1261870_bundle.tar.gz	bundle_archive,importance_sampling_record	False	True	-rw-r--r-- iturkmen us_cms  500872669 2026-07-17 00:40:04 /store/user/iturkmen/hh4b_delphes/run2_13tev/frozen_v2/bundles/qcd_hardqcd_importance_adaptive500k_phys_20260717_0022/qcd_hardqcd_importance_adaptive500k_phys_20260717_0022_bin06_pthat700to1000_shard1870_seed1261870_bundle.tar.gz
/store/user/iturkmen/hh4b_delphes/run2_13tev/frozen_v2/bundles/qcd_hardqcd_importance_adaptive500k_phys_20260717_0022	/store/user/iturkmen/hh4b_delphes/run2_13tev/frozen_v2/bundles/qcd_hardqcd_importance_adaptive500k_phys_20260717_0022/qcd_hardqcd_importance_adaptive500k_phys_20260717_0022_bin07_pthat1000toInf_shard1871_seed1271871_bundle.tar.gz	bundle_archive,importance_sampling_record	False	True	-rw-r--r-- iturkmen us_cms 2008455630 2026-07-17 00:52:44 /store/user/iturkmen/hh4b_delphes/run2_13tev/frozen_v2/bundles/qcd_hardqcd_importance_adaptive500k_phys_20260717_0022/qcd_hardqcd_importance_adaptive500k_phys_20260717_0022_bin07_pthat1000toInf_shard1871_seed1271871_bundle.tar.gz
/store/user/iturkmen/hh4b_delphes/run2_13tev/frozen_v2/bundles/qcd_hardqcd_importance_adaptive500k_phys_20260717_0022	/store/user/iturkmen/hh4b_delphes/run2_13tev/frozen_v2/bundles/qcd_hardqcd_importance_adaptive500k_phys_20260717_0022/qcd_hardqcd_importance_adaptive500k_phys_20260717_0022_bin07_pthat1000toInf_shard1872_seed1271872_bundle.tar.gz	bundle_archive,importance_sampling_record	False	True	-rw-r--r-- iturkmen us_cms  506515649 2026-07-17 00:40:52 /store/user/iturkmen/hh4b_delphes/run2_13tev/frozen_v2/bundles/qcd_hardqcd_importance_adaptive500k_phys_20260717_0022/qcd_hardqcd_importance_adaptive500k_phys_20260717_0022_bin07_pthat1000toInf_shard1872_seed1271872_bundle.tar.gz
/store/user/iturkmen/hh4b_delphes/run2_13tev/frozen_v2/bundles/qcd_hardqcd_importance_adaptive500k_phys_wave2_20260717	/store/user/iturkmen/hh4b_delphes/run2_13tev/frozen_v2/bundles/qcd_hardqcd_importance_adaptive500k_phys_wave2_20260717/qcd_hardqcd_importance_adaptive500k_phys_wave2_20260717_bin00_pthat50to75_shard9773_seed1209773_bundle.tar.gz	bundle_archive,importance_sampling_record	False	True	-rw-r--r-- iturkmen us_cms 1604481039 2026-07-17 23:11:19 /store/user/iturkmen/hh4b_delphes/run2_13tev/frozen_v2/bundles/qcd_hardqcd_importance_adaptive500k_phys_wave2_20260717/qcd_hardqcd_importance_adaptive500k_phys_wave2_20260717_bin00_pthat50to75_shard9773_seed1209773_bundle.tar.gz
/store/user/iturkmen/hh4b_delphes/run2_13tev/frozen_v2/bundles/qcd_hardqcd_importance_adaptive500k_phys_wave2_20260717	/store/user/iturkmen/hh4b_delphes/run2_13tev/frozen_v2/bundles/qcd_hardqcd_importance_adaptive500k_phys_wave2_20260717/qcd_hardqcd_importance_adaptive500k_phys_wave2_20260717_bin00_pthat50to75_shard9774_seed1209774_bundle.tar.gz	bundle_archive,importance_sampling_record	False	True	-rw-r--r-- iturkmen us_cms 1606434562 2026-07-17 23:09:38 /store/user/iturkmen/hh4b_delphes/run2_13tev/frozen_v2/bundles/qcd_hardqcd_importance_adaptive500k_phys_wave2_20260717/qcd_hardqcd_importance_adaptive500k_phys_wave2_20260717_bin00_pthat50to75_shard9774_seed1209774_bundle.tar.gz
/store/user/iturkmen/hh4b_delphes/run2_13tev/frozen_v2/bundles/qcd_hardqcd_importance_adaptive500k_phys_wave2_20260717	/store/user/iturkmen/hh4b_delphes/run2_13tev/frozen_v2/bundles/qcd_hardqcd_importance_adaptive500k_phys_wave2_20260717/qcd_hardqcd_importance_adaptive500k_phys_wave2_20260717_bin00_pthat50to75_shard9775_seed1209775_bundle.tar.gz	bundle_archive,importance_sampling_record	False	True	-rw-r--r-- iturkmen us_cms 1608729106 2026-07-17 23:09:40 /store/user/iturkmen/hh4b_delphes/run2_13tev/frozen_v2/bundles/qcd_hardqcd_importance_adaptive500k_phys_wave2_20260717/qcd_hardqcd_importance_adaptive500k_phys_wave2_20260717_bin00_pthat50to75_shard9775_seed1209775_bundle.tar.gz
/store/user/iturkmen/hh4b_delphes/run2_13tev/frozen_v2/bundles/qcd_hardqcd_importance_adaptive500k_phys_wave2_20260717	/store/user/iturkmen/hh4b_delphes/run2_13tev/frozen_v2/bundles/qcd_hardqcd_importance_adaptive500k_phys_wave2_20260717/qcd_hardqcd_importance_adaptive500k_phys_wave2_20260717_bin00_pthat50to75_shard9776_seed1209776_bundle.tar.gz	bundle_archive,importance_sampling_record	False	True	-rw-r--r-- iturkmen us_cms 1606535332 2026-07-17 23:09:40 /store/user/iturkmen/hh4b_delphes/run2_13tev/frozen_v2/bundles/qcd_hardqcd_importance_adaptive500k_phys_wave2_20260717/qcd_hardqcd_importance_adaptive500k_phys_wave2_20260717_bin00_pthat50to75_shard9776_seed1209776_bundle.tar.gz
/store/user/iturkmen/hh4b_delphes/run2_13tev/frozen_v2/bundles/qcd_hardqcd_importance_adaptive500k_phys_wave2_20260717	/store/user/iturkmen/hh4b_delphes/run2_13tev/frozen_v2/bundles/qcd_hardqcd_importance_adaptive500k_phys_wave2_20260717/qcd_hardqcd_importance_adaptive500k_phys_wave2_20260717_bin00_pthat50to75_shard9777_seed1209777_bundle.tar.gz	bundle_archive,importance_sampling_record	False	True	-rw-r--r-- iturkmen us_cms 1617015409 2026-07-17 23:10:05 /store/user/iturkmen/hh4b_delphes/run2_13tev/frozen_v2/bundles/qcd_hardqcd_importance_adaptive500k_phys_wave2_20260717/qcd_hardqcd_importance_adaptive500k_phys_wave2_20260717_bin00_pthat50to75_shard9777_seed1209777_bundle.tar.gz
/store/user/iturkmen/hh4b_delphes/run2_13tev/frozen_v2/bundles/qcd_hardqcd_importance_adaptive500k_phys_wave2_20260717	/store/user/iturkmen/hh4b_delphes/run2_13tev/frozen_v2/bundles/qcd_hardqcd_importance_adaptive500k_phys_wave2_20260717/qcd_hardqcd_importance_adaptive500k_phys_wave2_20260717_bin00_pthat50to75_shard9778_seed1209778_bundle.tar.gz	bundle_archive,importance_sampling_record	False	True	-rw-r--r-- iturkmen us_cms 1594729245 2026-07-17 23:09:54 /store/user/iturkmen/hh4b_delphes/run2_13tev/frozen_v2/bundles/qcd_hardqcd_importance_adaptive500k_phys_wave2_20260717/qcd_hardqcd_importance_adaptive500k_phys_wave2_20260717_bin00_pthat50to75_shard9778_seed1209778_bundle.tar.gz
/store/user/iturkmen/hh4b_delphes/run2_13tev/frozen_v2/bundles/qcd_hardqcd_importance_adaptive500k_phys_wave2_20260717	/store/user/iturkmen/hh4b_delphes/run2_13tev/frozen_v2/bundles/qcd_hardqcd_importance_adaptive500k_phys_wave2_20260717/qcd_hardqcd_importance_adaptive500k_phys_wave2_20260717_bin00_pthat50to75_shard9779_seed1209779_bundle.tar.gz	bundle_archive,importance_sampling_record	False	True	-rw-r--r-- iturkmen us_cms 1606303483 2026-07-17 23:10:43 /store/user/iturkmen/hh4b_delphes/run2_13tev/frozen_v2/bundles/qcd_hardqcd_importance_adaptive500k_phys_wave2_20260717/qcd_hardqcd_importance_adaptive500k_phys_wave2_20260717_bin00_pthat50to75_shard9779_seed1209779_bundle.tar.gz
/store/user/iturkmen/hh4b_delphes/run2_13tev/frozen_v2/bundles/qcd_hardqcd_importance_adaptive500k_phys_wave2_20260717	/store/user/iturkmen/hh4b_delphes/run2_13tev/frozen_v2/bundles/qcd_hardqcd_importance_adaptive500k_phys_wave2_20260717/qcd_hardqcd_importance_adaptive500k_phys_wave2_20260717_bin00_pthat50to75_shard9780_seed1209780_bundle.tar.gz	bundle_archive,importance_sampling_record	False	True	-rw-r--r-- iturkmen us_cms 1613662372 2026-07-17 23:09:43 /store/user/iturkmen/hh4b_delphes/run2_13tev/frozen_v2/bundles/qcd_hardqcd_importance_adaptive500k_phys_wave2_20260717/qcd_hardqcd_importance_adaptive500k_phys_wave2_20260717_bin00_pthat50to75_shard9780_seed1209780_bundle.tar.gz
/store/user/iturkmen/hh4b_delphes/run2_13tev/frozen_v2/bundles/qcd_hardqcd_importance_adaptive500k_phys_wave2_20260717	/store/user/iturkmen/hh4b_delphes/run2_13tev/frozen_v2/bundles/qcd_hardqcd_importance_adaptive500k_phys_wave2_20260717/qcd_hardqcd_importance_adaptive500k_phys_wave2_20260717_bin00_pthat50to75_shard9781_seed1209781_bundle.tar.gz	bundle_archive,importance_sampling_record	False	True	-rw-r--r-- iturkmen us_cms 1599125895 2026-07-17 23:09:19 /store/user/iturkmen/hh4b_delphes/run2_13tev/frozen_v2/bundles/qcd_hardqcd_importance_adaptive500k_phys_wave2_20260717/qcd_hardqcd_importance_adaptive500k_phys_wave2_20260717_bin00_pthat50to75_shard9781_seed1209781_bundle.tar.gz
/store/user/iturkmen/hh4b_delphes/run2_13tev/frozen_v2/bundles/qcd_hardqcd_importance_adaptive500k_phys_wave2_20260717	/store/user/iturkmen/hh4b_delphes/run2_13tev/frozen_v2/bundles/qcd_hardqcd_importance_adaptive500k_phys_wave2_20260717/qcd_hardqcd_importance_adaptive500k_phys_wave2_20260717_bin00_pthat50to75_shard9782_seed1209782_bundle.tar.gz	bundle_archive,importance_sampling_record	False	True	-rw-r--r-- iturkmen us_cms 1603843825 2026-07-17 23:09:20 /store/user/iturkmen/hh4b_delphes/run2_13tev/frozen_v2/bundles/qcd_hardqcd_importance_adaptive500k_phys_wave2_20260717/qcd_hardqcd_importance_adaptive500k_phys_wave2_20260717_bin00_pthat50to75_shard9782_seed1209782_bundle.tar.gz
/store/user/iturkmen/hh4b_delphes/run2_13tev/frozen_v2/bundles/qcd_hardqcd_importance_adaptive500k_phys_wave2_20260717	/store/user/iturkmen/hh4b_delphes/run2_13tev/frozen_v2/bundles/qcd_hardqcd_importance_adaptive500k_phys_wave2_20260717/qcd_hardqcd_importance_adaptive500k_phys_wave2_20260717_bin00_pthat50to75_shard9783_seed1209783_bundle.tar.gz	bundle_archive,importance_sampling_record	False	True	-rw-r--r-- iturkmen us_cms 1607830632 2026-07-17 23:09:38 /store/user/iturkmen/hh4b_delphes/run2_13tev/frozen_v2/bundles/qcd_hardqcd_importance_adaptive500k_phys_wave2_20260717/qcd_hardqcd_importance_adaptive500k_phys_wave2_20260717_bin00_pthat50to75_shard9783_seed1209783_bundle.tar.gz
/store/user/iturkmen/hh4b_delphes/run2_13tev/frozen_v2/bundles/qcd_hardqcd_importance_adaptive500k_phys_wave2_20260717	/store/user/iturkmen/hh4b_delphes/run2_13tev/frozen_v2/bundles/qcd_hardqcd_importance_adaptive500k_phys_wave2_20260717/qcd_hardqcd_importance_adaptive500k_phys_wave2_20260717_bin00_pthat50to75_shard9784_seed1209784_bundle.tar.gz	bundle_archive,importance_sampling_record	False	True	-rw-r--r-- iturkmen us_cms 1620692567 2026-07-17 23:09:49 /store/user/iturkmen/hh4b_delphes/run2_13tev/frozen_v2/bundles/qcd_hardqcd_importance_adaptive500k_phys_wave2_20260717/qcd_hardqcd_importance_adaptive500k_phys_wave2_20260717_bin00_pthat50to75_shard9784_seed1209784_bundle.tar.gz
/store/user/iturkmen/hh4b_delphes/run2_13tev/frozen_v2/bundles/qcd_hardqcd_importance_adaptive500k_phys_wave2_20260717	/store/user/iturkmen/hh4b_delphes/run2_13tev/frozen_v2/bundles/qcd_hardqcd_importance_adaptive500k_phys_wave2_20260717/qcd_hardqcd_importance_adaptive500k_phys_wave2_20260717_bin00_pthat50to75_shard9785_seed1209785_bundle.tar.gz	bundle_archive,importance_sampling_record	False	True	-rw-r--r-- iturkmen us_cms 1594687347 2026-07-17 23:10:07 /store/user/iturkmen/hh4b_delphes/run2_13tev/frozen_v2/bundles/qcd_hardqcd_importance_adaptive500k_phys_wave2_20260717/qcd_hardqcd_importance_adaptive500k_phys_wave2_20260717_bin00_pthat50to75_shard9785_seed1209785_bundle.tar.gz
/store/user/iturkmen/hh4b_delphes/run2_13tev/frozen_v2/bundles/qcd_hardqcd_importance_adaptive500k_phys_wave2_20260717	/store/user/iturkmen/hh4b_delphes/run2_13tev/frozen_v2/bundles/qcd_hardqcd_importance_adaptive500k_phys_wave2_20260717/qcd_hardqcd_importance_adaptive500k_phys_wave2_20260717_bin00_pthat50to75_shard9786_seed1209786_bundle.tar.gz	bundle_archive,importance_sampling_record	False	True	-rw-r--r-- iturkmen us_cms 1617402735 2026-07-17 23:11:16 /store/user/iturkmen/hh4b_delphes/run2_13tev/frozen_v2/bundles/qcd_hardqcd_importance_adaptive500k_phys_wave2_20260717/qcd_hardqcd_importance_adaptive500k_phys_wave2_20260717_bin00_pthat50to75_shard9786_seed1209786_bundle.tar.gz
/store/user/iturkmen/hh4b_delphes/run2_13tev/frozen_v2/bundles/qcd_hardqcd_importance_adaptive500k_phys_wave2_20260717	/store/user/iturkmen/hh4b_delphes/run2_13tev/frozen_v2/bundles/qcd_hardqcd_importance_adaptive500k_phys_wave2_20260717/qcd_hardqcd_importance_adaptive500k_phys_wave2_20260717_bin00_pthat50to75_shard9787_seed1209787_bundle.tar.gz	bundle_archive,importance_sampling_record	False	True	-rw-r--r-- iturkmen us_cms 1604303460 2026-07-17 23:09:17 /store/user/iturkmen/hh4b_delphes/run2_13tev/frozen_v2/bundles/qcd_hardqcd_importance_adaptive500k_phys_wave2_20260717/qcd_hardqcd_importance_adaptive500k_phys_wave2_20260717_bin00_pthat50to75_shard9787_seed1209787_bundle.tar.gz
/store/user/iturkmen/hh4b_delphes/run2_13tev/frozen_v2/bundles/qcd_hardqcd_importance_adaptive500k_phys_wave2_20260717	/store/user/iturkmen/hh4b_delphes/run2_13tev/frozen_v2/bundles/qcd_hardqcd_importance_adaptive500k_phys_wave2_20260717/qcd_hardqcd_importance_adaptive500k_phys_wave2_20260717_bin00_pthat50to75_shard9788_seed1209788_bundle.tar.gz	bundle_archive,importance_sampling_record	False	True	-rw-r--r-- iturkmen us_cms 1620683776 2026-07-18 02:32:48 /store/user/iturkmen/hh4b_delphes/run2_13tev/frozen_v2/bundles/qcd_hardqcd_importance_adaptive500k_phys_wave2_20260717/qcd_hardqcd_importance_adaptive500k_phys_wave2_20260717_bin00_pthat50to75_shard9788_seed1209788_bundle.tar.gz
/store/user/iturkmen/hh4b_delphes/run2_13tev/frozen_v2/bundles/qcd_hardqcd_importance_adaptive500k_phys_wave2_20260717	/store/user/iturkmen/hh4b_delphes/run2_13tev/frozen_v2/bundles/qcd_hardqcd_importance_adaptive500k_phys_wave2_20260717/qcd_hardqcd_importance_adaptive500k_phys_wave2_20260717_bin00_pthat50to75_shard9789_seed1209789_bundle.tar.gz	bundle_archive,importance_sampling_record	False	True	-rw-r--r-- iturkmen us_cms 1605302978 2026-07-17 23:11:17 /store/user/iturkmen/hh4b_delphes/run2_13tev/frozen_v2/bundles/qcd_hardqcd_importance_adaptive500k_phys_wave2_20260717/qcd_hardqcd_importance_adaptive500k_phys_wave2_20260717_bin00_pthat50to75_shard9789_seed1209789_bundle.tar.gz
/store/user/iturkmen/hh4b_delphes/run2_13tev/frozen_v2/bundles/qcd_hardqcd_importance_adaptive500k_phys_wave2_20260717	/store/user/iturkmen/hh4b_delphes/run2_13tev/frozen_v2/bundles/qcd_hardqcd_importance_adaptive500k_phys_wave2_20260717/qcd_hardqcd_importance_adaptive500k_phys_wave2_20260717_bin00_pthat50to75_shard9790_seed1209790_bundle.tar.gz	bundle_archive,importance_sampling_record	False	True	-rw-r--r-- iturkmen us_cms 1617162582 2026-07-17 23:10:55 /store/user/iturkmen/hh4b_delphes/run2_13tev/frozen_v2/bundles/qcd_hardqcd_importance_adaptive500k_phys_wave2_20260717/qcd_hardqcd_importance_adaptive500k_phys_wave2_20260717_bin00_pthat50to75_shard9790_seed1209790_bundle.tar.gz
/store/user/iturkmen/hh4b_delphes/run2_13tev/frozen_v2/bundles/qcd_hardqcd_importance_adaptive500k_phys_wave2_20260717	/store/user/iturkmen/hh4b_delphes/run2_13tev/frozen_v2/bundles/qcd_hardqcd_importance_adaptive500k_phys_wave2_20260717/qcd_hardqcd_importance_adaptive500k_phys_wave2_20260717_bin00_pthat50to75_shard9791_seed1209791_bundle.tar.gz	bundle_archive,importance_sampling_record	False	True	-rw-r--r-- iturkmen us_cms 1614573220 2026-07-17 23:09:08 /store/user/iturkmen/hh4b_delphes/run2_13tev/frozen_v2/bundles/qcd_hardqcd_importance_adaptive500k_phys_wave2_20260717/qcd_hardqcd_importance_adaptive500k_phys_wave2_20260717_bin00_pthat50to75_shard9791_seed1209791_bundle.tar.gz
/store/user/iturkmen/hh4b_delphes/run2_13tev/frozen_v2/bundles/qcd_hardqcd_importance_adaptive500k_phys_wave2_20260717	/store/user/iturkmen/hh4b_delphes/run2_13tev/frozen_v2/bundles/qcd_hardqcd_importance_adaptive500k_phys_wave2_20260717/qcd_hardqcd_importance_adaptive500k_phys_wave2_20260717_bin00_pthat50to75_shard9792_seed1209792_bundle.tar.gz	bundle_archive,importance_sampling_record	False	True	-rw-r--r-- iturkmen us_cms 1607297302 2026-07-17 23:13:08 /store/user/iturkmen/hh4b_delphes/run2_13tev/frozen_v2/bundles/qcd_hardqcd_importance_adaptive500k_phys_wave2_20260717/qcd_hardqcd_importance_adaptive500k_phys_wave2_20260717_bin00_pthat50to75_shard9792_seed1209792_bundle.tar.gz
/store/user/iturkmen/hh4b_delphes/run2_13tev/frozen_v2/bundles/qcd_hardqcd_importance_adaptive500k_phys_wave2_20260717	/store/user/iturkmen/hh4b_delphes/run2_13tev/frozen_v2/bundles/qcd_hardqcd_importance_adaptive500k_phys_wave2_20260717/qcd_hardqcd_importance_adaptive500k_phys_wave2_20260717_bin00_pthat50to75_shard9793_seed1209793_bundle.tar.gz	bundle_archive,importance_sampling_record	False	True	-rw-r--r-- iturkmen us_cms 1607836374 2026-07-17 23:12:40 /store/user/iturkmen/hh4b_delphes/run2_13tev/frozen_v2/bundles/qcd_hardqcd_importance_adaptive500k_phys_wave2_20260717/qcd_hardqcd_importance_adaptive500k_phys_wave2_20260717_bin00_pthat50to75_shard9793_seed1209793_bundle.tar.gz
/store/user/iturkmen/hh4b_delphes/run2_13tev/frozen_v2/bundles/qcd_hardqcd_importance_adaptive500k_phys_wave2_20260717	/store/user/iturkmen/hh4b_delphes/run2_13tev/frozen_v2/bundles/qcd_hardqcd_importance_adaptive500k_phys_wave2_20260717/qcd_hardqcd_importance_adaptive500k_phys_wave2_20260717_bin00_pthat50to75_shard9794_seed1209794_bundle.tar.gz	bundle_archive,importance_sampling_record	False	True	-rw-r--r-- iturkmen us_cms 1610982946 2026-07-17 23:13:48 /store/user/iturkmen/hh4b_delphes/run2_13tev/frozen_v2/bundles/qcd_hardqcd_importance_adaptive500k_phys_wave2_20260717/qcd_hardqcd_importance_adaptive500k_phys_wave2_20260717_bin00_pthat50to75_shard9794_seed1209794_bundle.tar.gz
/store/user/iturkmen/hh4b_delphes/run2_13tev/frozen_v2/bundles/qcd_hardqcd_importance_adaptive500k_phys_wave2_20260717	/store/user/iturkmen/hh4b_delphes/run2_13tev/frozen_v2/bundles/qcd_hardqcd_importance_adaptive500k_phys_wave2_20260717/qcd_hardqcd_importance_adaptive500k_phys_wave2_20260717_bin00_pthat50to75_shard9795_seed1209795_bundle.tar.gz	bundle_archive,importance_sampling_record	False	True	-rw-r--r-- iturkmen us_cms 1605698436 2026-07-17 23:13:03 /store/user/iturkmen/hh4b_delphes/run2_13tev/frozen_v2/bundles/qcd_hardqcd_importance_adaptive500k_phys_wave2_20260717/qcd_hardqcd_importance_adaptive500k_phys_wave2_20260717_bin00_pthat50to75_shard9795_seed1209795_bundle.tar.gz
/store/user/iturkmen/hh4b_delphes/run2_13tev/frozen_v2/bundles/qcd_hardqcd_importance_adaptive500k_phys_wave2_20260717	/store/user/iturkmen/hh4b_delphes/run2_13tev/frozen_v2/bundles/qcd_hardqcd_importance_adaptive500k_phys_wave2_20260717/qcd_hardqcd_importance_adaptive500k_phys_wave2_20260717_bin00_pthat50to75_shard9796_seed1209796_bundle.tar.gz	bundle_archive,importance_sampling_record	False	True	-rw-r--r-- iturkmen us_cms 1612606018 2026-07-17 23:12:35 /store/user/iturkmen/hh4b_delphes/run2_13tev/frozen_v2/bundles/qcd_hardqcd_importance_adaptive500k_phys_wave2_20260717/qcd_hardqcd_importance_adaptive500k_phys_wave2_20260717_bin00_pthat50to75_shard9796_seed1209796_bundle.tar.gz
/store/user/iturkmen/hh4b_delphes/run2_13tev/frozen_v2/bundles/qcd_hardqcd_importance_adaptive500k_phys_wave2_20260717	/store/user/iturkmen/hh4b_delphes/run2_13tev/frozen_v2/bundles/qcd_hardqcd_importance_adaptive500k_phys_wave2_20260717/qcd_hardqcd_importance_adaptive500k_phys_wave2_20260717_bin00_pthat50to75_shard9797_seed1209797_bundle.tar.gz	bundle_archive,importance_sampling_record	False	True	-rw-r--r-- iturkmen us_cms 1616541721 2026-07-17 23:13:12 /store/user/iturkmen/hh4b_delphes/run2_13tev/frozen_v2/bundles/qcd_hardqcd_importance_adaptive500k_phys_wave2_20260717/qcd_hardqcd_importance_adaptive500k_phys_wave2_20260717_bin00_pthat50to75_shard9797_seed1209797_bundle.tar.gz
/store/user/iturkmen/hh4b_delphes/run2_13tev/frozen_v2/bundles/qcd_hardqcd_importance_adaptive500k_phys_wave2_20260717	/store/user/iturkmen/hh4b_delphes/run2_13tev/frozen_v2/bundles/qcd_hardqcd_importance_adaptive500k_phys_wave2_20260717/qcd_hardqcd_importance_adaptive500k_phys_wave2_20260717_bin00_pthat50to75_shard9798_seed1209798_bundle.tar.gz	bundle_archive,importance_sampling_record	False	True	-rw-r--r-- iturkmen us_cms 1610106606 2026-07-17 23:12:41 /store/user/iturkmen/hh4b_delphes/run2_13tev/frozen_v2/bundles/qcd_hardqcd_importance_adaptive500k_phys_wave2_20260717/qcd_hardqcd_importance_adaptive500k_phys_wave2_20260717_bin00_pthat50to75_shard9798_seed1209798_bundle.tar.gz
/store/user/iturkmen/hh4b_delphes/run2_13tev/frozen_v2/bundles/qcd_hardqcd_importance_adaptive500k_phys_wave2_20260717	/store/user/iturkmen/hh4b_delphes/run2_13tev/frozen_v2/bundles/qcd_hardqcd_importance_adaptive500k_phys_wave2_20260717/qcd_hardqcd_importance_adaptive500k_phys_wave2_20260717_bin00_pthat50to75_shard9799_seed1209799_bundle.tar.gz	bundle_archive,importance_sampling_record	False	True	-rw-r--r-- iturkmen us_cms 1605528310 2026-07-17 23:13:51 /store/user/iturkmen/hh4b_delphes/run2_13tev/frozen_v2/bundles/qcd_hardqcd_importance_adaptive500k_phys_wave2_20260717/qcd_hardqcd_importance_adaptive500k_phys_wave2_20260717_bin00_pthat50to75_shard9799_seed1209799_bundle.tar.gz
/store/user/iturkmen/hh4b_delphes/run2_13tev/frozen_v2/bundles/qcd_hardqcd_importance_adaptive500k_phys_wave2_20260717	/store/user/iturkmen/hh4b_delphes/run2_13tev/frozen_v2/bundles/qcd_hardqcd_importance_adaptive500k_phys_wave2_20260717/qcd_hardqcd_importance_adaptive500k_phys_wave2_20260717_bin00_pthat50to75_shard9800_seed1209800_bundle.tar.gz	bundle_archive,importance_sampling_record	False	True	-rw-r--r-- iturkmen us_cms 1603867021 2026-07-17 23:12:48 /store/user/iturkmen/hh4b_delphes/run2_13tev/frozen_v2/bundles/qcd_hardqcd_importance_adaptive500k_phys_wave2_20260717/qcd_hardqcd_importance_adaptive500k_phys_wave2_20260717_bin00_pthat50to75_shard9800_seed1209800_bundle.tar.gz
/store/user/iturkmen/hh4b_delphes/run2_13tev/frozen_v2/bundles/qcd_hardqcd_importance_adaptive500k_phys_wave2_20260717	/store/user/iturkmen/hh4b_delphes/run2_13tev/frozen_v2/bundles/qcd_hardqcd_importance_adaptive500k_phys_wave2_20260717/qcd_hardqcd_importance_adaptive500k_phys_wave2_20260717_bin00_pthat50to75_shard9801_seed1209801_bundle.tar.gz	bundle_archive,importance_sampling_record	False	True	-rw-r--r-- iturkmen us_cms 1621896534 2026-07-17 23:14:52 /store/user/iturkmen/hh4b_delphes/run2_13tev/frozen_v2/bundles/qcd_hardqcd_importance_adaptive500k_phys_wave2_20260717/qcd_hardqcd_importance_adaptive500k_phys_wave2_20260717_bin00_pthat50to75_shard9801_seed1209801_bundle.tar.gz
/store/user/iturkmen/hh4b_delphes/run2_13tev/frozen_v2/bundles/qcd_hardqcd_importance_adaptive500k_phys_wave2_20260717	/store/user/iturkmen/hh4b_delphes/run2_13tev/frozen_v2/bundles/qcd_hardqcd_importance_adaptive500k_phys_wave2_20260717/qcd_hardqcd_importance_adaptive500k_phys_wave2_20260717_bin00_pthat50to75_shard9802_seed1209802_bundle.tar.gz	bundle_archive,importance_sampling_record	False	True	-rw-r--r-- iturkmen us_cms 1595767018 2026-07-17 23:12:24 /store/user/iturkmen/hh4b_delphes/run2_13tev/frozen_v2/bundles/qcd_hardqcd_importance_adaptive500k_phys_wave2_20260717/qcd_hardqcd_importance_adaptive500k_phys_wave2_20260717_bin00_pthat50to75_shard9802_seed1209802_bundle.tar.gz
/store/user/iturkmen/hh4b_delphes/run2_13tev/frozen_v2/bundles/qcd_hardqcd_importance_adaptive500k_phys_wave2_20260717	/store/user/iturkmen/hh4b_delphes/run2_13tev/frozen_v2/bundles/qcd_hardqcd_importance_adaptive500k_phys_wave2_20260717/qcd_hardqcd_importance_adaptive500k_phys_wave2_20260717_bin00_pthat50to75_shard9803_seed1209803_bundle.tar.gz	bundle_archive,importance_sampling_record	False	True	-rw-r--r-- iturkmen us_cms  197836194 2026-07-17 22:59:26 /store/user/iturkmen/hh4b_delphes/run2_13tev/frozen_v2/bundles/qcd_hardqcd_importance_adaptive500k_phys_wave2_20260717/qcd_hardqcd_importance_adaptive500k_phys_wave2_20260717_bin00_pthat50to75_shard9803_seed1209803_bundle.tar.gz
/store/user/iturkmen/hh4b_delphes/run2_13tev/frozen_v2/bundles/qcd_hardqcd_importance_adaptive500k_phys_wave2_20260717	/store/user/iturkmen/hh4b_delphes/run2_13tev/frozen_v2/bundles/qcd_hardqcd_importance_adaptive500k_phys_wave2_20260717/qcd_hardqcd_importance_adaptive500k_phys_wave2_20260717_bin01_pthat75to100_shard9804_seed1219804_bundle.tar.gz	bundle_archive,importance_sampling_record	False	True	-rw-r--r-- iturkmen us_cms 1665895658 2026-07-17 23:15:22 /store/user/iturkmen/hh4b_delphes/run2_13tev/frozen_v2/bundles/qcd_hardqcd_importance_adaptive500k_phys_wave2_20260717/qcd_hardqcd_importance_adaptive500k_phys_wave2_20260717_bin01_pthat75to100_shard9804_seed1219804_bundle.tar.gz
/store/user/iturkmen/hh4b_delphes/run2_13tev/frozen_v2/bundles/qcd_hardqcd_importance_adaptive500k_phys_wave2_20260717	/store/user/iturkmen/hh4b_delphes/run2_13tev/frozen_v2/bundles/qcd_hardqcd_importance_adaptive500k_phys_wave2_20260717/qcd_hardqcd_importance_adaptive500k_phys_wave2_20260717_bin01_pthat75to100_shard9805_seed1219805_bundle.tar.gz	bundle_archive,importance_sampling_record	False	True	-rw-r--r-- iturkmen us_cms 1669544802 2026-07-17 23:14:14 /store/user/iturkmen/hh4b_delphes/run2_13tev/frozen_v2/bundles/qcd_hardqcd_importance_adaptive500k_phys_wave2_20260717/qcd_hardqcd_importance_adaptive500k_phys_wave2_20260717_bin01_pthat75to100_shard9805_seed1219805_bundle.tar.gz
/store/user/iturkmen/hh4b_delphes/run2_13tev/frozen_v2/bundles/qcd_hardqcd_importance_adaptive500k_phys_wave2_20260717	/store/user/iturkmen/hh4b_delphes/run2_13tev/frozen_v2/bundles/qcd_hardqcd_importance_adaptive500k_phys_wave2_20260717/qcd_hardqcd_importance_adaptive500k_phys_wave2_20260717_bin01_pthat75to100_shard9806_seed1219806_bundle.tar.gz	bundle_archive,importance_sampling_record	False	True	-rw-r--r-- iturkmen us_cms 1670028052 2026-07-17 23:15:23 /store/user/iturkmen/hh4b_delphes/run2_13tev/frozen_v2/bundles/qcd_hardqcd_importance_adaptive500k_phys_wave2_20260717/qcd_hardqcd_importance_adaptive500k_phys_wave2_20260717_bin01_pthat75to100_shard9806_seed1219806_bundle.tar.gz
/store/user/iturkmen/hh4b_delphes/run2_13tev/frozen_v2/bundles/qcd_hardqcd_importance_adaptive500k_phys_wave2_20260717	/store/user/iturkmen/hh4b_delphes/run2_13tev/frozen_v2/bundles/qcd_hardqcd_importance_adaptive500k_phys_wave2_20260717/qcd_hardqcd_importance_adaptive500k_phys_wave2_20260717_bin01_pthat75to100_shard9807_seed1219807_bundle.tar.gz	bundle_archive,importance_sampling_record	False	True	-rw-r--r-- iturkmen us_cms 1664897769 2026-07-17 23:14:31 /store/user/iturkmen/hh4b_delphes/run2_13tev/frozen_v2/bundles/qcd_hardqcd_importance_adaptive500k_phys_wave2_20260717/qcd_hardqcd_importance_adaptive500k_phys_wave2_20260717_bin01_pthat75to100_shard9807_seed1219807_bundle.tar.gz
/store/user/iturkmen/hh4b_delphes/run2_13tev/frozen_v2/bundles/qcd_hardqcd_importance_adaptive500k_phys_wave2_20260717	/store/user/iturkmen/hh4b_delphes/run2_13tev/frozen_v2/bundles/qcd_hardqcd_importance_adaptive500k_phys_wave2_20260717/qcd_hardqcd_importance_adaptive500k_phys_wave2_20260717_bin01_pthat75to100_shard9808_seed1219808_bundle.tar.gz	bundle_archive,importance_sampling_record	False	True	-rw-r--r-- iturkmen us_cms 1666948046 2026-07-17 23:14:28 /store/user/iturkmen/hh4b_delphes/run2_13tev/frozen_v2/bundles/qcd_hardqcd_importance_adaptive500k_phys_wave2_20260717/qcd_hardqcd_importance_adaptive500k_phys_wave2_20260717_bin01_pthat75to100_shard9808_seed1219808_bundle.tar.gz
/store/user/iturkmen/hh4b_delphes/run2_13tev/frozen_v2/bundles/qcd_hardqcd_importance_adaptive500k_phys_wave2_20260717	/store/user/iturkmen/hh4b_delphes/run2_13tev/frozen_v2/bundles/qcd_hardqcd_importance_adaptive500k_phys_wave2_20260717/qcd_hardqcd_importance_adaptive500k_phys_wave2_20260717_bin01_pthat75to100_shard9809_seed1219809_bundle.tar.gz	bundle_archive,importance_sampling_record	False	True	-rw-r--r-- iturkmen us_cms 1666333027 2026-07-17 23:15:37 /store/user/iturkmen/hh4b_delphes/run2_13tev/frozen_v2/bundles/qcd_hardqcd_importance_adaptive500k_phys_wave2_20260717/qcd_hardqcd_importance_adaptive500k_phys_wave2_20260717_bin01_pthat75to100_shard9809_seed1219809_bundle.tar.gz
/store/user/iturkmen/hh4b_delphes/run2_13tev/frozen_v2/bundles/qcd_hardqcd_importance_adaptive500k_phys_wave2_20260717	/store/user/iturkmen/hh4b_delphes/run2_13tev/frozen_v2/bundles/qcd_hardqcd_importance_adaptive500k_phys_wave2_20260717/qcd_hardqcd_importance_adaptive500k_phys_wave2_20260717_bin01_pthat75to100_shard9810_seed1219810_bundle.tar.gz	bundle_archive,importance_sampling_record	False	True	-rw-r--r-- iturkmen us_cms 1664569633 2026-07-17 23:18:21 /store/user/iturkmen/hh4b_delphes/run2_13tev/frozen_v2/bundles/qcd_hardqcd_importance_adaptive500k_phys_wave2_20260717/qcd_hardqcd_importance_adaptive500k_phys_wave2_20260717_bin01_pthat75to100_shard9810_seed1219810_bundle.tar.gz
/store/user/iturkmen/hh4b_delphes/run2_13tev/frozen_v2/bundles/qcd_hardqcd_importance_adaptive500k_phys_wave2_20260717	/store/user/iturkmen/hh4b_delphes/run2_13tev/frozen_v2/bundles/qcd_hardqcd_importance_adaptive500k_phys_wave2_20260717/qcd_hardqcd_importance_adaptive500k_phys_wave2_20260717_bin01_pthat75to100_shard9811_seed1219811_bundle.tar.gz	bundle_archive,importance_sampling_record	False	True	-rw-r--r-- iturkmen us_cms 1665344737 2026-07-17 23:18:04 /store/user/iturkmen/hh4b_delphes/run2_13tev/frozen_v2/bundles/qcd_hardqcd_importance_adaptive500k_phys_wave2_20260717/qcd_hardqcd_importance_adaptive500k_phys_wave2_20260717_bin01_pthat75to100_shard9811_seed1219811_bundle.tar.gz
/store/user/iturkmen/hh4b_delphes/run2_13tev/frozen_v2/bundles/qcd_hardqcd_importance_adaptive500k_phys_wave2_20260717	/store/user/iturkmen/hh4b_delphes/run2_13tev/frozen_v2/bundles/qcd_hardqcd_importance_adaptive500k_phys_wave2_20260717/qcd_hardqcd_importance_adaptive500k_phys_wave2_20260717_bin01_pthat75to100_shard9812_seed1219812_bundle.tar.gz	bundle_archive,importance_sampling_record	False	True	-rw-r--r-- iturkmen us_cms  467168997 2026-07-17 23:02:40 /store/user/iturkmen/hh4b_delphes/run2_13tev/frozen_v2/bundles/qcd_hardqcd_importance_adaptive500k_phys_wave2_20260717/qcd_hardqcd_importance_adaptive500k_phys_wave2_20260717_bin01_pthat75to100_shard9812_seed1219812_bundle.tar.gz
/store/user/iturkmen/hh4b_delphes/run2_13tev/frozen_v2/bundles/qcd_hardqcd_importance_adaptive500k_phys_wave2_20260717	/store/user/iturkmen/hh4b_delphes/run2_13tev/frozen_v2/bundles/qcd_hardqcd_importance_adaptive500k_phys_wave2_20260717/qcd_hardqcd_importance_adaptive500k_phys_wave2_20260717_bin02_pthat100to200_shard9813_seed1229813_bundle.tar.gz	bundle_archive,importance_sampling_record	False	True	-rw-r--r-- iturkmen us_cms 1738604459 2026-07-17 23:21:02 /store/user/iturkmen/hh4b_delphes/run2_13tev/frozen_v2/bundles/qcd_hardqcd_importance_adaptive500k_phys_wave2_20260717/qcd_hardqcd_importance_adaptive500k_phys_wave2_20260717_bin02_pthat100to200_shard9813_seed1229813_bundle.tar.gz
/store/user/iturkmen/hh4b_delphes/run2_13tev/frozen_v2/bundles/qcd_hardqcd_importance_adaptive500k_phys_wave2_20260717	/store/user/iturkmen/hh4b_delphes/run2_13tev/frozen_v2/bundles/qcd_hardqcd_importance_adaptive500k_phys_wave2_20260717/qcd_hardqcd_importance_adaptive500k_phys_wave2_20260717_bin02_pthat100to200_shard9814_seed1229814_bundle.tar.gz	bundle_archive,importance_sampling_record	False	True	-rw-r--r-- iturkmen us_cms 1729256621 2026-07-17 23:20:38 /store/user/iturkmen/hh4b_delphes/run2_13tev/frozen_v2/bundles/qcd_hardqcd_importance_adaptive500k_phys_wave2_20260717/qcd_hardqcd_importance_adaptive500k_phys_wave2_20260717_bin02_pthat100to200_shard9814_seed1229814_bundle.tar.gz
/store/user/iturkmen/hh4b_delphes/run2_13tev/frozen_v2/bundles/qcd_hardqcd_importance_adaptive500k_phys_wave2_20260717	/store/user/iturkmen/hh4b_delphes/run2_13tev/frozen_v2/bundles/qcd_hardqcd_importance_adaptive500k_phys_wave2_20260717/qcd_hardqcd_importance_adaptive500k_phys_wave2_20260717_bin02_pthat100to200_shard9815_seed1229815_bundle.tar.gz	bundle_archive,importance_sampling_record	False	True	-rw-r--r-- iturkmen us_cms 1724469071 2026-07-17 23:18:41 /store/user/iturkmen/hh4b_delphes/run2_13tev/frozen_v2/bundles/qcd_hardqcd_importance_adaptive500k_phys_wave2_20260717/qcd_hardqcd_importance_adaptive500k_phys_wave2_20260717_bin02_pthat100to200_shard9815_seed1229815_bundle.tar.gz
/store/user/iturkmen/hh4b_delphes/run2_13tev/frozen_v2/bundles/qcd_hardqcd_importance_adaptive500k_phys_wave2_20260717	/store/user/iturkmen/hh4b_delphes/run2_13tev/frozen_v2/bundles/qcd_hardqcd_importance_adaptive500k_phys_wave2_20260717/qcd_hardqcd_importance_adaptive500k_phys_wave2_20260717_bin02_pthat100to200_shard9816_seed1229816_bundle.tar.gz	bundle_archive,importance_sampling_record	False	True	-rw-r--r-- iturkmen us_cms 1733015790 2026-07-17 23:18:48 /store/user/iturkmen/hh4b_delphes/run2_13tev/frozen_v2/bundles/qcd_hardqcd_importance_adaptive500k_phys_wave2_20260717/qcd_hardqcd_importance_adaptive500k_phys_wave2_20260717_bin02_pthat100to200_shard9816_seed1229816_bundle.tar.gz
/store/user/iturkmen/hh4b_delphes/run2_13tev/frozen_v2/bundles/qcd_hardqcd_importance_adaptive500k_phys_wave2_20260717	/store/user/iturkmen/hh4b_delphes/run2_13tev/frozen_v2/bundles/qcd_hardqcd_importance_adaptive500k_phys_wave2_20260717/qcd_hardqcd_importance_adaptive500k_phys_wave2_20260717_bin02_pthat100to200_shard9817_seed1229817_bundle.tar.gz	bundle_archive,importance_sampling_record	False	True	-rw-r--r-- iturkmen us_cms 1720686682 2026-07-17 23:20:21 /store/user/iturkmen/hh4b_delphes/run2_13tev/frozen_v2/bundles/qcd_hardqcd_importance_adaptive500k_phys_wave2_20260717/qcd_hardqcd_importance_adaptive500k_phys_wave2_20260717_bin02_pthat100to200_shard9817_seed1229817_bundle.tar.gz
/store/user/iturkmen/hh4b_delphes/run2_13tev/frozen_v2/bundles/qcd_hardqcd_importance_adaptive500k_phys_wave2_20260717	/store/user/iturkmen/hh4b_delphes/run2_13tev/frozen_v2/bundles/qcd_hardqcd_importance_adaptive500k_phys_wave2_20260717/qcd_hardqcd_importance_adaptive500k_phys_wave2_20260717_bin02_pthat100to200_shard9818_seed1229818_bundle.tar.gz	bundle_archive,importance_sampling_record	False	True	-rw-r--r-- iturkmen us_cms  180496835 2026-07-17 23:00:07 /store/user/iturkmen/hh4b_delphes/run2_13tev/frozen_v2/bundles/qcd_hardqcd_importance_adaptive500k_phys_wave2_20260717/qcd_hardqcd_importance_adaptive500k_phys_wave2_20260717_bin02_pthat100to200_shard9818_seed1229818_bundle.tar.gz
/store/user/iturkmen/hh4b_delphes/run2_13tev/frozen_v2/bundles/qcd_hardqcd_importance_adaptive500k_phys_wave2_20260717	/store/user/iturkmen/hh4b_delphes/run2_13tev/frozen_v2/bundles/qcd_hardqcd_importance_adaptive500k_phys_wave2_20260717/qcd_hardqcd_importance_adaptive500k_phys_wave2_20260717_bin03_pthat200to300_shard9819_seed1239819_bundle.tar.gz	bundle_archive,importance_sampling_record	False	True	-rw-r--r-- iturkmen us_cms 1845872961 2026-07-17 23:15:46 /store/user/iturkmen/hh4b_delphes/run2_13tev/frozen_v2/bundles/qcd_hardqcd_importance_adaptive500k_phys_wave2_20260717/qcd_hardqcd_importance_adaptive500k_phys_wave2_20260717_bin03_pthat200to300_shard9819_seed1239819_bundle.tar.gz
/store/user/iturkmen/hh4b_delphes/run2_13tev/frozen_v2/bundles/qcd_hardqcd_importance_adaptive500k_phys_wave2_20260717	/store/user/iturkmen/hh4b_delphes/run2_13tev/frozen_v2/bundles/qcd_hardqcd_importance_adaptive500k_phys_wave2_20260717/qcd_hardqcd_importance_adaptive500k_phys_wave2_20260717_bin03_pthat200to300_shard9820_seed1239820_bundle.tar.gz	bundle_archive,importance_sampling_record	False	True	-rw-r--r-- iturkmen us_cms  832769187 2026-07-17 23:06:58 /store/user/iturkmen/hh4b_delphes/run2_13tev/frozen_v2/bundles/qcd_hardqcd_importance_adaptive500k_phys_wave2_20260717/qcd_hardqcd_importance_adaptive500k_phys_wave2_20260717_bin03_pthat200to300_shard9820_seed1239820_bundle.tar.gz
/store/user/iturkmen/hh4b_delphes/run2_13tev/frozen_v2/bundles/qcd_hardqcd_importance_adaptive500k_phys_wave2_20260717	/store/user/iturkmen/hh4b_delphes/run2_13tev/frozen_v2/bundles/qcd_hardqcd_importance_adaptive500k_phys_wave2_20260717/qcd_hardqcd_importance_adaptive500k_phys_wave2_20260717_bin04_pthat300to500_shard9821_seed1249821_bundle.tar.gz	bundle_archive,importance_sampling_record	False	True	-rw-r--r-- iturkmen us_cms 1922164582 2026-07-17 23:19:18 /store/user/iturkmen/hh4b_delphes/run2_13tev/frozen_v2/bundles/qcd_hardqcd_importance_adaptive500k_phys_wave2_20260717/qcd_hardqcd_importance_adaptive500k_phys_wave2_20260717_bin04_pthat300to500_shard9821_seed1249821_bundle.tar.gz
/store/user/iturkmen/hh4b_delphes/run2_13tev/frozen_v2/bundles/qcd_hardqcd_importance_adaptive500k_phys_wave2_20260717	/store/user/iturkmen/hh4b_delphes/run2_13tev/frozen_v2/bundles/qcd_hardqcd_importance_adaptive500k_phys_wave2_20260717/qcd_hardqcd_importance_adaptive500k_phys_wave2_20260717_bin04_pthat300to500_shard9822_seed1249822_bundle.tar.gz	bundle_archive,importance_sampling_record	False	True	-rw-r--r-- iturkmen us_cms  548287795 2026-07-17 23:05:17 /store/user/iturkmen/hh4b_delphes/run2_13tev/frozen_v2/bundles/qcd_hardqcd_importance_adaptive500k_phys_wave2_20260717/qcd_hardqcd_importance_adaptive500k_phys_wave2_20260717_bin04_pthat300to500_shard9822_seed1249822_bundle.tar.gz
/store/user/iturkmen/hh4b_delphes/run2_13tev/frozen_v2/bundles/qcd_hardqcd_importance_adaptive500k_phys_wave2_20260717	/store/user/iturkmen/hh4b_delphes/run2_13tev/frozen_v2/bundles/qcd_hardqcd_importance_adaptive500k_phys_wave2_20260717/qcd_hardqcd_importance_adaptive500k_phys_wave2_20260717_bin05_pthat500to700_shard9823_seed1259823_bundle.tar.gz	bundle_archive,importance_sampling_record	False	True	-rw-r--r-- iturkmen us_cms 1983348077 2026-07-17 23:23:39 /store/user/iturkmen/hh4b_delphes/run2_13tev/frozen_v2/bundles/qcd_hardqcd_importance_adaptive500k_phys_wave2_20260717/qcd_hardqcd_importance_adaptive500k_phys_wave2_20260717_bin05_pthat500to700_shard9823_seed1259823_bundle.tar.gz
/store/user/iturkmen/hh4b_delphes/run2_13tev/frozen_v2/bundles/qcd_hardqcd_importance_adaptive500k_phys_wave2_20260717	/store/user/iturkmen/hh4b_delphes/run2_13tev/frozen_v2/bundles/qcd_hardqcd_importance_adaptive500k_phys_wave2_20260717/qcd_hardqcd_importance_adaptive500k_phys_wave2_20260717_bin05_pthat500to700_shard9824_seed1259824_bundle.tar.gz	bundle_archive,importance_sampling_record	False	True	-rw-r--r-- iturkmen us_cms  499491426 2026-07-17 23:05:08 /store/user/iturkmen/hh4b_delphes/run2_13tev/frozen_v2/bundles/qcd_hardqcd_importance_adaptive500k_phys_wave2_20260717/qcd_hardqcd_importance_adaptive500k_phys_wave2_20260717_bin05_pthat500to700_shard9824_seed1259824_bundle.tar.gz
/store/user/iturkmen/hh4b_delphes/run2_13tev/frozen_v2/bundles/qcd_hardqcd_importance_adaptive500k_phys_wave2_20260717	/store/user/iturkmen/hh4b_delphes/run2_13tev/frozen_v2/bundles/qcd_hardqcd_importance_adaptive500k_phys_wave2_20260717/qcd_hardqcd_importance_adaptive500k_phys_wave2_20260717_bin06_pthat700to1000_shard9825_seed1269825_bundle.tar.gz	bundle_archive,importance_sampling_record	False	True	-rw-r--r-- iturkmen us_cms 2007512505 2026-07-17 23:24:39 /store/user/iturkmen/hh4b_delphes/run2_13tev/frozen_v2/bundles/qcd_hardqcd_importance_adaptive500k_phys_wave2_20260717/qcd_hardqcd_importance_adaptive500k_phys_wave2_20260717_bin06_pthat700to1000_shard9825_seed1269825_bundle.tar.gz
/store/user/iturkmen/hh4b_delphes/run2_13tev/frozen_v2/bundles/qcd_hardqcd_importance_adaptive500k_phys_wave2_20260717	/store/user/iturkmen/hh4b_delphes/run2_13tev/frozen_v2/bundles/qcd_hardqcd_importance_adaptive500k_phys_wave2_20260717/qcd_hardqcd_importance_adaptive500k_phys_wave2_20260717_bin06_pthat700to1000_shard9826_seed1269826_bundle.tar.gz	bundle_archive,importance_sampling_record	False	True	-rw-r--r-- iturkmen us_cms  500832163 2026-07-17 23:05:11 /store/user/iturkmen/hh4b_delphes/run2_13tev/frozen_v2/bundles/qcd_hardqcd_importance_adaptive500k_phys_wave2_20260717/qcd_hardqcd_importance_adaptive500k_phys_wave2_20260717_bin06_pthat700to1000_shard9826_seed1269826_bundle.tar.gz
/store/user/iturkmen/hh4b_delphes/run2_13tev/frozen_v2/bundles/qcd_hardqcd_importance_adaptive500k_phys_wave2_20260717	/store/user/iturkmen/hh4b_delphes/run2_13tev/frozen_v2/bundles/qcd_hardqcd_importance_adaptive500k_phys_wave2_20260717/qcd_hardqcd_importance_adaptive500k_phys_wave2_20260717_bin07_pthat1000toInf_shard9827_seed1279827_bundle.tar.gz	bundle_archive,importance_sampling_record	False	True	-rw-r--r-- iturkmen us_cms 2011214646 2026-07-17 23:22:38 /store/user/iturkmen/hh4b_delphes/run2_13tev/frozen_v2/bundles/qcd_hardqcd_importance_adaptive500k_phys_wave2_20260717/qcd_hardqcd_importance_adaptive500k_phys_wave2_20260717_bin07_pthat1000toInf_shard9827_seed1279827_bundle.tar.gz
/store/user/iturkmen/hh4b_delphes/run2_13tev/frozen_v2/bundles/qcd_hardqcd_importance_adaptive500k_phys_wave2_20260717	/store/user/iturkmen/hh4b_delphes/run2_13tev/frozen_v2/bundles/qcd_hardqcd_importance_adaptive500k_phys_wave2_20260717/qcd_hardqcd_importance_adaptive500k_phys_wave2_20260717_bin07_pthat1000toInf_shard9828_seed1279828_bundle.tar.gz	bundle_archive,importance_sampling_record	False	True	-rw-r--r-- iturkmen us_cms  503096594 2026-07-17 23:04:47 /store/user/iturkmen/hh4b_delphes/run2_13tev/frozen_v2/bundles/qcd_hardqcd_importance_adaptive500k_phys_wave2_20260717/qcd_hardqcd_importance_adaptive500k_phys_wave2_20260717_bin07_pthat1000toInf_shard9828_seed1279828_bundle.tar.gz
/store/user/iturkmen/hh4b_delphes/run2_13tev/frozen_v2/bundles/qcd_hardqcd_importance_testfill_bin3_10k_20260717	/store/user/iturkmen/hh4b_delphes/run2_13tev/frozen_v2/bundles/qcd_hardqcd_importance_testfill_bin3_10k_20260717/qcd_hardqcd_importance_testfill_bin3_10k_20260717_bin03_pthat200to300_shard3909_seed1233909_bundle.tar.gz	bundle_archive,importance_sampling_record	False	True	-rw-r--r-- iturkmen us_cms 1847704870 2026-07-17 23:17:32 /store/user/iturkmen/hh4b_delphes/run2_13tev/frozen_v2/bundles/qcd_hardqcd_importance_testfill_bin3_10k_20260717/qcd_hardqcd_importance_testfill_bin3_10k_20260717_bin03_pthat200to300_shard3909_seed1233909_bundle.tar.gz
/store/user/iturkmen/hh4b_delphes/run2_13tev/frozen_v2/bundles/unified_background_5m_single_top_pilot50k_20260722_v1	/store/user/iturkmen/hh4b_delphes/run2_13tev/frozen_v2/bundles/unified_background_5m_single_top_pilot50k_20260722_v1/schannel_single_top_run2_frozen_v2_single_top_pilot_shard4203_10kevt_bundle.tar.gz	bundle_archive	False	True	-rw-r--r-- iturkmen us_cms 780640923 2026-07-22 06:55:40 /store/user/iturkmen/hh4b_delphes/run2_13tev/frozen_v2/bundles/unified_background_5m_single_top_pilot50k_20260722_v1/schannel_single_top_run2_frozen_v2_single_top_pilot_shard4203_10kevt_bundle.tar.gz
/store/user/iturkmen/hh4b_delphes/run2_13tev/frozen_v2/bundles/unified_background_5m_single_top_pilot50k_20260722_v1	/store/user/iturkmen/hh4b_delphes/run2_13tev/frozen_v2/bundles/unified_background_5m_single_top_pilot50k_20260722_v1/tchannel_antitop_run2_frozen_v2_single_top_pilot_shard4202_10kevt_bundle.tar.gz	bundle_archive	False	True	-rw-r--r-- iturkmen us_cms 781762307 2026-07-22 06:53:01 /store/user/iturkmen/hh4b_delphes/run2_13tev/frozen_v2/bundles/unified_background_5m_single_top_pilot50k_20260722_v1/tchannel_antitop_run2_frozen_v2_single_top_pilot_shard4202_10kevt_bundle.tar.gz
/store/user/iturkmen/hh4b_delphes/run2_13tev/frozen_v2/bundles/unified_background_5m_single_top_pilot50k_20260722_v1	/store/user/iturkmen/hh4b_delphes/run2_13tev/frozen_v2/bundles/unified_background_5m_single_top_pilot50k_20260722_v1/tchannel_top_run2_frozen_v2_single_top_pilot_shard4201_10kevt_bundle.tar.gz	bundle_archive	False	True	-rw-r--r-- iturkmen us_cms 791506809 2026-07-22 09:08:52 /store/user/iturkmen/hh4b_delphes/run2_13tev/frozen_v2/bundles/unified_background_5m_single_top_pilot50k_20260722_v1/tchannel_top_run2_frozen_v2_single_top_pilot_shard4201_10kevt_bundle.tar.gz
/store/user/iturkmen/hh4b_delphes/run2_13tev/frozen_v2/bundles/unified_background_5m_single_top_pilot50k_20260722_v1	/store/user/iturkmen/hh4b_delphes/run2_13tev/frozen_v2/bundles/unified_background_5m_single_top_pilot50k_20260722_v1/tw_antitop_run2_frozen_v2_single_top_pilot_shard4205_10kevt_bundle.tar.gz	bundle_archive	False	True	-rw-r--r-- iturkmen us_cms 848633845 2026-07-22 06:58:30 /store/user/iturkmen/hh4b_delphes/run2_13tev/frozen_v2/bundles/unified_background_5m_single_top_pilot50k_20260722_v1/tw_antitop_run2_frozen_v2_single_top_pilot_shard4205_10kevt_bundle.tar.gz
/store/user/iturkmen/hh4b_delphes/run2_13tev/frozen_v2/bundles/unified_background_5m_single_top_pilot50k_20260722_v1	/store/user/iturkmen/hh4b_delphes/run2_13tev/frozen_v2/bundles/unified_background_5m_single_top_pilot50k_20260722_v1/tw_top_run2_frozen_v2_single_top_pilot_shard4204_10kevt_bundle.tar.gz	bundle_archive	False	True	-rw-r--r-- iturkmen us_cms 847823885 2026-07-22 06:57:32 /store/user/iturkmen/hh4b_delphes/run2_13tev/frozen_v2/bundles/unified_background_5m_single_top_pilot50k_20260722_v1/tw_top_run2_frozen_v2_single_top_pilot_shard4204_10kevt_bundle.tar.gz
/store/user/iturkmen/hh4b_delphes/run2_13tev/frozen_v2/bundles/unified_background_5m_single_top_scaleout280k_20260722_v1	/store/user/iturkmen/hh4b_delphes/run2_13tev/frozen_v2/bundles/unified_background_5m_single_top_scaleout280k_20260722_v1/schannel_single_top_run2_frozen_v2_single_top_scaleout_shard4315_10kevt_bundle.tar.gz	bundle_archive	False	True	-rw-r--r-- iturkmen us_cms 779365500 2026-07-22 15:58:13 /store/user/iturkmen/hh4b_delphes/run2_13tev/frozen_v2/bundles/unified_background_5m_single_top_scaleout280k_20260722_v1/schannel_single_top_run2_frozen_v2_single_top_scaleout_shard4315_10kevt_bundle.tar.gz
/store/user/iturkmen/hh4b_delphes/run2_13tev/frozen_v2/bundles/unified_background_5m_single_top_scaleout280k_20260722_v1	/store/user/iturkmen/hh4b_delphes/run2_13tev/frozen_v2/bundles/unified_background_5m_single_top_scaleout280k_20260722_v1/schannel_single_top_run2_frozen_v2_single_top_scaleout_shard4316_10kevt_bundle.tar.gz	bundle_archive	False	True	-rw-r--r-- iturkmen us_cms 779654557 2026-07-22 16:02:38 /store/user/iturkmen/hh4b_delphes/run2_13tev/frozen_v2/bundles/unified_background_5m_single_top_scaleout280k_20260722_v1/schannel_single_top_run2_frozen_v2_single_top_scaleout_shard4316_10kevt_bundle.tar.gz
/store/user/iturkmen/hh4b_delphes/run2_13tev/frozen_v2/bundles/unified_background_5m_single_top_scaleout280k_20260722_v1	/store/user/iturkmen/hh4b_delphes/run2_13tev/frozen_v2/bundles/unified_background_5m_single_top_scaleout280k_20260722_v1/tchannel_antitop_run2_frozen_v2_single_top_scaleout_shard4308_10kevt_bundle.tar.gz	bundle_archive	False	True	-rw-r--r-- iturkmen us_cms 775673980 2026-07-22 15:58:25 /store/user/iturkmen/hh4b_delphes/run2_13tev/frozen_v2/bundles/unified_background_5m_single_top_scaleout280k_20260722_v1/tchannel_antitop_run2_frozen_v2_single_top_scaleout_shard4308_10kevt_bundle.tar.gz
/store/user/iturkmen/hh4b_delphes/run2_13tev/frozen_v2/bundles/unified_background_5m_single_top_scaleout280k_20260722_v1	/store/user/iturkmen/hh4b_delphes/run2_13tev/frozen_v2/bundles/unified_background_5m_single_top_scaleout280k_20260722_v1/tchannel_antitop_run2_frozen_v2_single_top_scaleout_shard4309_10kevt_bundle.tar.gz	bundle_archive	False	True	-rw-r--r-- iturkmen us_cms 781921527 2026-07-22 16:02:59 /store/user/iturkmen/hh4b_delphes/run2_13tev/frozen_v2/bundles/unified_background_5m_single_top_scaleout280k_20260722_v1/tchannel_antitop_run2_frozen_v2_single_top_scaleout_shard4309_10kevt_bundle.tar.gz
/store/user/iturkmen/hh4b_delphes/run2_13tev/frozen_v2/bundles/unified_background_5m_single_top_scaleout280k_20260722_v1	/store/user/iturkmen/hh4b_delphes/run2_13tev/frozen_v2/bundles/unified_background_5m_single_top_scaleout280k_20260722_v1/tchannel_antitop_run2_frozen_v2_single_top_scaleout_shard4310_10kevt_bundle.tar.gz	bundle_archive	False	True	-rw-r--r-- iturkmen us_cms 771337373 2026-07-22 16:02:52 /store/user/iturkmen/hh4b_delphes/run2_13tev/frozen_v2/bundles/unified_background_5m_single_top_scaleout280k_20260722_v1/tchannel_antitop_run2_frozen_v2_single_top_scaleout_shard4310_10kevt_bundle.tar.gz
/store/user/iturkmen/hh4b_delphes/run2_13tev/frozen_v2/bundles/unified_background_5m_single_top_scaleout280k_20260722_v1	/store/user/iturkmen/hh4b_delphes/run2_13tev/frozen_v2/bundles/unified_background_5m_single_top_scaleout280k_20260722_v1/tchannel_antitop_run2_frozen_v2_single_top_scaleout_shard4311_10kevt_bundle.tar.gz	bundle_archive	False	True	-rw-r--r-- iturkmen us_cms 773680482 2026-07-22 16:14:12 /store/user/iturkmen/hh4b_delphes/run2_13tev/frozen_v2/bundles/unified_background_5m_single_top_scaleout280k_20260722_v1/tchannel_antitop_run2_frozen_v2_single_top_scaleout_shard4311_10kevt_bundle.tar.gz
/store/user/iturkmen/hh4b_delphes/run2_13tev/frozen_v2/bundles/unified_background_5m_single_top_scaleout280k_20260722_v1	/store/user/iturkmen/hh4b_delphes/run2_13tev/frozen_v2/bundles/unified_background_5m_single_top_scaleout280k_20260722_v1/tchannel_antitop_run2_frozen_v2_single_top_scaleout_shard4312_10kevt_bundle.tar.gz	bundle_archive	False	True	-rw-r--r-- iturkmen us_cms 776274880 2026-07-22 16:02:41 /store/user/iturkmen/hh4b_delphes/run2_13tev/frozen_v2/bundles/unified_background_5m_single_top_scaleout280k_20260722_v1/tchannel_antitop_run2_frozen_v2_single_top_scaleout_shard4312_10kevt_bundle.tar.gz
/store/user/iturkmen/hh4b_delphes/run2_13tev/frozen_v2/bundles/unified_background_5m_single_top_scaleout280k_20260722_v1	/store/user/iturkmen/hh4b_delphes/run2_13tev/frozen_v2/bundles/unified_background_5m_single_top_scaleout280k_20260722_v1/tchannel_antitop_run2_frozen_v2_single_top_scaleout_shard4313_10kevt_bundle.tar.gz	bundle_archive	False	True	-rw-r--r-- iturkmen us_cms 778812841 2026-07-22 15:58:39 /store/user/iturkmen/hh4b_delphes/run2_13tev/frozen_v2/bundles/unified_background_5m_single_top_scaleout280k_20260722_v1/tchannel_antitop_run2_frozen_v2_single_top_scaleout_shard4313_10kevt_bundle.tar.gz
/store/user/iturkmen/hh4b_delphes/run2_13tev/frozen_v2/bundles/unified_background_5m_single_top_scaleout280k_20260722_v1	/store/user/iturkmen/hh4b_delphes/run2_13tev/frozen_v2/bundles/unified_background_5m_single_top_scaleout280k_20260722_v1/tchannel_antitop_run2_frozen_v2_single_top_scaleout_shard4314_10kevt_bundle.tar.gz	bundle_archive	False	True	-rw-r--r-- iturkmen us_cms 779250184 2026-07-22 15:59:14 /store/user/iturkmen/hh4b_delphes/run2_13tev/frozen_v2/bundles/unified_background_5m_single_top_scaleout280k_20260722_v1/tchannel_antitop_run2_frozen_v2_single_top_scaleout_shard4314_10kevt_bundle.tar.gz
/store/user/iturkmen/hh4b_delphes/run2_13tev/frozen_v2/bundles/unified_background_5m_single_top_scaleout280k_20260722_v1	/store/user/iturkmen/hh4b_delphes/run2_13tev/frozen_v2/bundles/unified_background_5m_single_top_scaleout280k_20260722_v1/tchannel_top_run2_frozen_v2_single_top_scaleout_shard4301_10kevt_bundle.tar.gz	bundle_archive	False	True	-rw-r--r-- iturkmen us_cms 790733540 2026-07-22 15:59:16 /store/user/iturkmen/hh4b_delphes/run2_13tev/frozen_v2/bundles/unified_background_5m_single_top_scaleout280k_20260722_v1/tchannel_top_run2_frozen_v2_single_top_scaleout_shard4301_10kevt_bundle.tar.gz
/store/user/iturkmen/hh4b_delphes/run2_13tev/frozen_v2/bundles/unified_background_5m_single_top_scaleout280k_20260722_v1	/store/user/iturkmen/hh4b_delphes/run2_13tev/frozen_v2/bundles/unified_background_5m_single_top_scaleout280k_20260722_v1/tchannel_top_run2_frozen_v2_single_top_scaleout_shard4302_10kevt_bundle.tar.gz	bundle_archive	False	True	-rw-r--r-- iturkmen us_cms 781996737 2026-07-22 15:59:25 /store/user/iturkmen/hh4b_delphes/run2_13tev/frozen_v2/bundles/unified_background_5m_single_top_scaleout280k_20260722_v1/tchannel_top_run2_frozen_v2_single_top_scaleout_shard4302_10kevt_bundle.tar.gz
/store/user/iturkmen/hh4b_delphes/run2_13tev/frozen_v2/bundles/unified_background_5m_single_top_scaleout280k_20260722_v1	/store/user/iturkmen/hh4b_delphes/run2_13tev/frozen_v2/bundles/unified_background_5m_single_top_scaleout280k_20260722_v1/tchannel_top_run2_frozen_v2_single_top_scaleout_shard4303_10kevt_bundle.tar.gz	bundle_archive	False	True	-rw-r--r-- iturkmen us_cms 789282581 2026-07-22 16:09:40 /store/user/iturkmen/hh4b_delphes/run2_13tev/frozen_v2/bundles/unified_background_5m_single_top_scaleout280k_20260722_v1/tchannel_top_run2_frozen_v2_single_top_scaleout_shard4303_10kevt_bundle.tar.gz
/store/user/iturkmen/hh4b_delphes/run2_13tev/frozen_v2/bundles/unified_background_5m_single_top_scaleout280k_20260722_v1	/store/user/iturkmen/hh4b_delphes/run2_13tev/frozen_v2/bundles/unified_background_5m_single_top_scaleout280k_20260722_v1/tchannel_top_run2_frozen_v2_single_top_scaleout_shard4304_10kevt_bundle.tar.gz	bundle_archive	False	True	-rw-r--r-- iturkmen us_cms 781931806 2026-07-22 15:58:37 /store/user/iturkmen/hh4b_delphes/run2_13tev/frozen_v2/bundles/unified_background_5m_single_top_scaleout280k_20260722_v1/tchannel_top_run2_frozen_v2_single_top_scaleout_shard4304_10kevt_bundle.tar.gz
/store/user/iturkmen/hh4b_delphes/run2_13tev/frozen_v2/bundles/unified_background_5m_single_top_scaleout280k_20260722_v1	/store/user/iturkmen/hh4b_delphes/run2_13tev/frozen_v2/bundles/unified_background_5m_single_top_scaleout280k_20260722_v1/tchannel_top_run2_frozen_v2_single_top_scaleout_shard4305_10kevt_bundle.tar.gz	bundle_archive	False	True	-rw-r--r-- iturkmen us_cms 782773332 2026-07-22 16:03:09 /store/user/iturkmen/hh4b_delphes/run2_13tev/frozen_v2/bundles/unified_background_5m_single_top_scaleout280k_20260722_v1/tchannel_top_run2_frozen_v2_single_top_scaleout_shard4305_10kevt_bundle.tar.gz
/store/user/iturkmen/hh4b_delphes/run2_13tev/frozen_v2/bundles/unified_background_5m_single_top_scaleout280k_20260722_v1	/store/user/iturkmen/hh4b_delphes/run2_13tev/frozen_v2/bundles/unified_background_5m_single_top_scaleout280k_20260722_v1/tchannel_top_run2_frozen_v2_single_top_scaleout_shard4306_10kevt_bundle.tar.gz	bundle_archive	False	True	-rw-r--r-- iturkmen us_cms 782681431 2026-07-22 15:59:05 /store/user/iturkmen/hh4b_delphes/run2_13tev/frozen_v2/bundles/unified_background_5m_single_top_scaleout280k_20260722_v1/tchannel_top_run2_frozen_v2_single_top_scaleout_shard4306_10kevt_bundle.tar.gz
/store/user/iturkmen/hh4b_delphes/run2_13tev/frozen_v2/bundles/unified_background_5m_single_top_scaleout280k_20260722_v1	/store/user/iturkmen/hh4b_delphes/run2_13tev/frozen_v2/bundles/unified_background_5m_single_top_scaleout280k_20260722_v1/tchannel_top_run2_frozen_v2_single_top_scaleout_shard4307_10kevt_bundle.tar.gz	bundle_archive	False	True	-rw-r--r-- iturkmen us_cms 787667936 2026-07-22 15:59:29 /store/user/iturkmen/hh4b_delphes/run2_13tev/frozen_v2/bundles/unified_background_5m_single_top_scaleout280k_20260722_v1/tchannel_top_run2_frozen_v2_single_top_scaleout_shard4307_10kevt_bundle.tar.gz
/store/user/iturkmen/hh4b_delphes/run2_13tev/frozen_v2/bundles/unified_background_5m_single_top_scaleout280k_20260722_v1	/store/user/iturkmen/hh4b_delphes/run2_13tev/frozen_v2/bundles/unified_background_5m_single_top_scaleout280k_20260722_v1/tw_antitop_run2_frozen_v2_single_top_scaleout_shard4323_10kevt_bundle.tar.gz	bundle_archive	False	True	-rw-r--r-- iturkmen us_cms 852990950 2026-07-22 15:58:51 /store/user/iturkmen/hh4b_delphes/run2_13tev/frozen_v2/bundles/unified_background_5m_single_top_scaleout280k_20260722_v1/tw_antitop_run2_frozen_v2_single_top_scaleout_shard4323_10kevt_bundle.tar.gz
/store/user/iturkmen/hh4b_delphes/run2_13tev/frozen_v2/bundles/unified_background_5m_single_top_scaleout280k_20260722_v1	/store/user/iturkmen/hh4b_delphes/run2_13tev/frozen_v2/bundles/unified_background_5m_single_top_scaleout280k_20260722_v1/tw_antitop_run2_frozen_v2_single_top_scaleout_shard4324_10kevt_bundle.tar.gz	bundle_archive	False	True	-rw-r--r-- iturkmen us_cms 850628765 2026-07-22 15:58:50 /store/user/iturkmen/hh4b_delphes/run2_13tev/frozen_v2/bundles/unified_background_5m_single_top_scaleout280k_20260722_v1/tw_antitop_run2_frozen_v2_single_top_scaleout_shard4324_10kevt_bundle.tar.gz
/store/user/iturkmen/hh4b_delphes/run2_13tev/frozen_v2/bundles/unified_background_5m_single_top_scaleout280k_20260722_v1	/store/user/iturkmen/hh4b_delphes/run2_13tev/frozen_v2/bundles/unified_background_5m_single_top_scaleout280k_20260722_v1/tw_antitop_run2_frozen_v2_single_top_scaleout_shard4325_10kevt_bundle.tar.gz	bundle_archive	False	True	-rw-r--r-- iturkmen us_cms 848580677 2026-07-22 15:56:36 /store/user/iturkmen/hh4b_delphes/run2_13tev/frozen_v2/bundles/unified_background_5m_single_top_scaleout280k_20260722_v1/tw_antitop_run2_frozen_v2_single_top_scaleout_shard4325_10kevt_bundle.tar.gz
/store/user/iturkmen/hh4b_delphes/run2_13tev/frozen_v2/bundles/unified_background_5m_single_top_scaleout280k_20260722_v1	/store/user/iturkmen/hh4b_delphes/run2_13tev/frozen_v2/bundles/unified_background_5m_single_top_scaleout280k_20260722_v1/tw_antitop_run2_frozen_v2_single_top_scaleout_shard4326_10kevt_bundle.tar.gz	bundle_archive	False	True	-rw-r--r-- iturkmen us_cms 847356925 2026-07-22 15:56:22 /store/user/iturkmen/hh4b_delphes/run2_13tev/frozen_v2/bundles/unified_background_5m_single_top_scaleout280k_20260722_v1/tw_antitop_run2_frozen_v2_single_top_scaleout_shard4326_10kevt_bundle.tar.gz
/store/user/iturkmen/hh4b_delphes/run2_13tev/frozen_v2/bundles/unified_background_5m_single_top_scaleout280k_20260722_v1	/store/user/iturkmen/hh4b_delphes/run2_13tev/frozen_v2/bundles/unified_background_5m_single_top_scaleout280k_20260722_v1/tw_antitop_run2_frozen_v2_single_top_scaleout_shard4327_10kevt_bundle.tar.gz	bundle_archive	False	True	-rw-r--r-- iturkmen us_cms 846879220 2026-07-22 16:01:55 /store/user/iturkmen/hh4b_delphes/run2_13tev/frozen_v2/bundles/unified_background_5m_single_top_scaleout280k_20260722_v1/tw_antitop_run2_frozen_v2_single_top_scaleout_shard4327_10kevt_bundle.tar.gz
/store/user/iturkmen/hh4b_delphes/run2_13tev/frozen_v2/bundles/unified_background_5m_single_top_scaleout280k_20260722_v1	/store/user/iturkmen/hh4b_delphes/run2_13tev/frozen_v2/bundles/unified_background_5m_single_top_scaleout280k_20260722_v1/tw_antitop_run2_frozen_v2_single_top_scaleout_shard4328_10kevt_bundle.tar.gz	bundle_archive	False	True	-rw-r--r-- iturkmen us_cms 846219297 2026-07-22 16:02:48 /store/user/iturkmen/hh4b_delphes/run2_13tev/frozen_v2/bundles/unified_background_5m_single_top_scaleout280k_20260722_v1/tw_antitop_run2_frozen_v2_single_top_scaleout_shard4328_10kevt_bundle.tar.gz
/store/user/iturkmen/hh4b_delphes/run2_13tev/frozen_v2/bundles/unified_background_5m_single_top_scaleout280k_20260722_v1	/store/user/iturkmen/hh4b_delphes/run2_13tev/frozen_v2/bundles/unified_background_5m_single_top_scaleout280k_20260722_v1/tw_top_run2_frozen_v2_single_top_scaleout_shard4317_10kevt_bundle.tar.gz	bundle_archive	False	True	-rw-r--r-- iturkmen us_cms 843393738 2026-07-22 15:59:19 /store/user/iturkmen/hh4b_delphes/run2_13tev/frozen_v2/bundles/unified_background_5m_single_top_scaleout280k_20260722_v1/tw_top_run2_frozen_v2_single_top_scaleout_shard4317_10kevt_bundle.tar.gz
/store/user/iturkmen/hh4b_delphes/run2_13tev/frozen_v2/bundles/unified_background_5m_single_top_scaleout280k_20260722_v1	/store/user/iturkmen/hh4b_delphes/run2_13tev/frozen_v2/bundles/unified_background_5m_single_top_scaleout280k_20260722_v1/tw_top_run2_frozen_v2_single_top_scaleout_shard4318_10kevt_bundle.tar.gz	bundle_archive	False	True	-rw-r--r-- iturkmen us_cms 847134393 2026-07-22 15:56:56 /store/user/iturkmen/hh4b_delphes/run2_13tev/frozen_v2/bundles/unified_background_5m_single_top_scaleout280k_20260722_v1/tw_top_run2_frozen_v2_single_top_scaleout_shard4318_10kevt_bundle.tar.gz
/store/user/iturkmen/hh4b_delphes/run2_13tev/frozen_v2/bundles/unified_background_5m_single_top_scaleout280k_20260722_v1	/store/user/iturkmen/hh4b_delphes/run2_13tev/frozen_v2/bundles/unified_background_5m_single_top_scaleout280k_20260722_v1/tw_top_run2_frozen_v2_single_top_scaleout_shard4319_10kevt_bundle.tar.gz	bundle_archive	False	True	-rw-r--r-- iturkmen us_cms 847135118 2026-07-22 15:56:53 /store/user/iturkmen/hh4b_delphes/run2_13tev/frozen_v2/bundles/unified_background_5m_single_top_scaleout280k_20260722_v1/tw_top_run2_frozen_v2_single_top_scaleout_shard4319_10kevt_bundle.tar.gz
/store/user/iturkmen/hh4b_delphes/run2_13tev/frozen_v2/bundles/unified_background_5m_single_top_scaleout280k_20260722_v1	/store/user/iturkmen/hh4b_delphes/run2_13tev/frozen_v2/bundles/unified_background_5m_single_top_scaleout280k_20260722_v1/tw_top_run2_frozen_v2_single_top_scaleout_shard4320_10kevt_bundle.tar.gz	bundle_archive	False	True	-rw-r--r-- iturkmen us_cms 841757913 2026-07-22 15:56:55 /store/user/iturkmen/hh4b_delphes/run2_13tev/frozen_v2/bundles/unified_background_5m_single_top_scaleout280k_20260722_v1/tw_top_run2_frozen_v2_single_top_scaleout_shard4320_10kevt_bundle.tar.gz
/store/user/iturkmen/hh4b_delphes/run2_13tev/frozen_v2/bundles/unified_background_5m_single_top_scaleout280k_20260722_v1	/store/user/iturkmen/hh4b_delphes/run2_13tev/frozen_v2/bundles/unified_background_5m_single_top_scaleout280k_20260722_v1/tw_top_run2_frozen_v2_single_top_scaleout_shard4321_10kevt_bundle.tar.gz	bundle_archive	False	True	-rw-r--r-- iturkmen us_cms 844327840 2026-07-22 16:01:19 /store/user/iturkmen/hh4b_delphes/run2_13tev/frozen_v2/bundles/unified_background_5m_single_top_scaleout280k_20260722_v1/tw_top_run2_frozen_v2_single_top_scaleout_shard4321_10kevt_bundle.tar.gz
/store/user/iturkmen/hh4b_delphes/run2_13tev/frozen_v2/bundles/unified_background_5m_single_top_scaleout280k_20260722_v1	/store/user/iturkmen/hh4b_delphes/run2_13tev/frozen_v2/bundles/unified_background_5m_single_top_scaleout280k_20260722_v1/tw_top_run2_frozen_v2_single_top_scaleout_shard4322_10kevt_bundle.tar.gz	bundle_archive	False	True	-rw-r--r-- iturkmen us_cms 848501501 2026-07-22 16:03:20 /store/user/iturkmen/hh4b_delphes/run2_13tev/frozen_v2/bundles/unified_background_5m_single_top_scaleout280k_20260722_v1/tw_top_run2_frozen_v2_single_top_scaleout_shard4322_10kevt_bundle.tar.gz
/store/user/iturkmen/hh4b_delphes/run2_13tev/frozen_v2/bundles/unified_background_5m_waveb_priority_pilots10k_20260721_v1	/store/user/iturkmen/hh4b_delphes/run2_13tev/frozen_v2/bundles/unified_background_5m_waveb_priority_pilots10k_20260721_v1/tth_hbb_run2_frozen_v2_waveb_pilot_shard1001_10000evt_bundle.tar.gz	bundle_archive	False	True	-rw-r--r-- iturkmen us_cms 1012172139 2026-07-21 19:42:39 /store/user/iturkmen/hh4b_delphes/run2_13tev/frozen_v2/bundles/unified_background_5m_waveb_priority_pilots10k_20260721_v1/tth_hbb_run2_frozen_v2_waveb_pilot_shard1001_10000evt_bundle.tar.gz
/store/user/iturkmen/hh4b_delphes/run2_13tev/frozen_v2/bundles/unified_background_5m_waveb_priority_pilots10k_20260721_v1	/store/user/iturkmen/hh4b_delphes/run2_13tev/frozen_v2/bundles/unified_background_5m_waveb_priority_pilots10k_20260721_v1/tttt_run2_frozen_v2_waveb_pilot_shard1003_10000evt_bundle.tar.gz	bundle_archive	False	True	-rw-r--r-- iturkmen us_cms 1164973491 2026-07-21 19:44:17 /store/user/iturkmen/hh4b_delphes/run2_13tev/frozen_v2/bundles/unified_background_5m_waveb_priority_pilots10k_20260721_v1/tttt_run2_frozen_v2_waveb_pilot_shard1003_10000evt_bundle.tar.gz
/store/user/iturkmen/hh4b_delphes/run2_13tev/frozen_v2/bundles/unified_background_5m_waveb_priority_pilots10k_20260721_v1	/store/user/iturkmen/hh4b_delphes/run2_13tev/frozen_v2/bundles/unified_background_5m_waveb_priority_pilots10k_20260721_v1/ttz_zbb_run2_frozen_v2_waveb_pilot_shard1002_10000evt_bundle.tar.gz	bundle_archive	False	True	-rw-r--r-- iturkmen us_cms  995033631 2026-07-21 19:44:52 /store/user/iturkmen/hh4b_delphes/run2_13tev/frozen_v2/bundles/unified_background_5m_waveb_priority_pilots10k_20260721_v1/ttz_zbb_run2_frozen_v2_waveb_pilot_shard1002_10000evt_bundle.tar.gz
/store/user/iturkmen/hh4b_delphes/run2_13tev/frozen_v2/bundles/unified_background_5m_waveb_priority_pilots10k_20260721_v1	/store/user/iturkmen/hh4b_delphes/run2_13tev/frozen_v2/bundles/unified_background_5m_waveb_priority_pilots10k_20260721_v1/vbf_hbb_run2_frozen_v2_waveb_pilot_shard1004_10000evt_bundle.tar.gz	bundle_archive	False	True	-rw-r--r-- iturkmen us_cms  791038433 2026-07-21 19:38:25 /store/user/iturkmen/hh4b_delphes/run2_13tev/frozen_v2/bundles/unified_background_5m_waveb_priority_pilots10k_20260721_v1/vbf_hbb_run2_frozen_v2_waveb_pilot_shard1004_10000evt_bundle.tar.gz
/store/user/iturkmen/hh4b_delphes/run2_13tev/frozen_v2/bundles/unified_background_5m_waveb_priority_scale400k_20260721_v1	/store/user/iturkmen/hh4b_delphes/run2_13tev/frozen_v2/bundles/unified_background_5m_waveb_priority_scale400k_20260721_v1/tth_hbb_run2_frozen_v2_waveb_scale400k_shard2001_10000evt_bundle.tar.gz	bundle_archive	False	True	-rw-r--r-- iturkmen us_cms 1007623029 2026-07-21 21:02:27 /store/user/iturkmen/hh4b_delphes/run2_13tev/frozen_v2/bundles/unified_background_5m_waveb_priority_scale400k_20260721_v1/tth_hbb_run2_frozen_v2_waveb_scale400k_shard2001_10000evt_bundle.tar.gz
/store/user/iturkmen/hh4b_delphes/run2_13tev/frozen_v2/bundles/unified_background_5m_waveb_priority_scale400k_20260721_v1	/store/user/iturkmen/hh4b_delphes/run2_13tev/frozen_v2/bundles/unified_background_5m_waveb_priority_scale400k_20260721_v1/tth_hbb_run2_frozen_v2_waveb_scale400k_shard2002_10000evt_bundle.tar.gz	bundle_archive	False	True	-rw-r--r-- iturkmen us_cms 1015181404 2026-07-21 21:17:11 /store/user/iturkmen/hh4b_delphes/run2_13tev/frozen_v2/bundles/unified_background_5m_waveb_priority_scale400k_20260721_v1/tth_hbb_run2_frozen_v2_waveb_scale400k_shard2002_10000evt_bundle.tar.gz
/store/user/iturkmen/hh4b_delphes/run2_13tev/frozen_v2/bundles/unified_background_5m_waveb_priority_scale400k_20260721_v1	/store/user/iturkmen/hh4b_delphes/run2_13tev/frozen_v2/bundles/unified_background_5m_waveb_priority_scale400k_20260721_v1/tth_hbb_run2_frozen_v2_waveb_scale400k_shard2003_10000evt_bundle.tar.gz	bundle_archive	False	True	-rw-r--r-- iturkmen us_cms 1013351774 2026-07-21 21:10:12 /store/user/iturkmen/hh4b_delphes/run2_13tev/frozen_v2/bundles/unified_background_5m_waveb_priority_scale400k_20260721_v1/tth_hbb_run2_frozen_v2_waveb_scale400k_shard2003_10000evt_bundle.tar.gz
/store/user/iturkmen/hh4b_delphes/run2_13tev/frozen_v2/bundles/unified_background_5m_waveb_priority_scale400k_20260721_v1	/store/user/iturkmen/hh4b_delphes/run2_13tev/frozen_v2/bundles/unified_background_5m_waveb_priority_scale400k_20260721_v1/tth_hbb_run2_frozen_v2_waveb_scale400k_shard2004_10000evt_bundle.tar.gz	bundle_archive	False	True	-rw-r--r-- iturkmen us_cms 1011617978 2026-07-21 21:14:30 /store/user/iturkmen/hh4b_delphes/run2_13tev/frozen_v2/bundles/unified_background_5m_waveb_priority_scale400k_20260721_v1/tth_hbb_run2_frozen_v2_waveb_scale400k_shard2004_10000evt_bundle.tar.gz
/store/user/iturkmen/hh4b_delphes/run2_13tev/frozen_v2/bundles/unified_background_5m_waveb_priority_scale400k_20260721_v1	/store/user/iturkmen/hh4b_delphes/run2_13tev/frozen_v2/bundles/unified_background_5m_waveb_priority_scale400k_20260721_v1/tth_hbb_run2_frozen_v2_waveb_scale400k_shard2005_10000evt_bundle.tar.gz	bundle_archive	False	True	-rw-r--r-- iturkmen us_cms 1012796057 2026-07-21 21:13:50 /store/user/iturkmen/hh4b_delphes/run2_13tev/frozen_v2/bundles/unified_background_5m_waveb_priority_scale400k_20260721_v1/tth_hbb_run2_frozen_v2_waveb_scale400k_shard2005_10000evt_bundle.tar.gz
/store/user/iturkmen/hh4b_delphes/run2_13tev/frozen_v2/bundles/unified_background_5m_waveb_priority_scale400k_20260721_v1	/store/user/iturkmen/hh4b_delphes/run2_13tev/frozen_v2/bundles/unified_background_5m_waveb_priority_scale400k_20260721_v1/tth_hbb_run2_frozen_v2_waveb_scale400k_shard2006_10000evt_bundle.tar.gz	bundle_archive	False	True	-rw-r--r-- iturkmen us_cms 1012173681 2026-07-21 21:06:55 /store/user/iturkmen/hh4b_delphes/run2_13tev/frozen_v2/bundles/unified_background_5m_waveb_priority_scale400k_20260721_v1/tth_hbb_run2_frozen_v2_waveb_scale400k_shard2006_10000evt_bundle.tar.gz
/store/user/iturkmen/hh4b_delphes/run2_13tev/frozen_v2/bundles/unified_background_5m_waveb_priority_scale400k_20260721_v1	/store/user/iturkmen/hh4b_delphes/run2_13tev/frozen_v2/bundles/unified_background_5m_waveb_priority_scale400k_20260721_v1/tth_hbb_run2_frozen_v2_waveb_scale400k_shard2007_10000evt_bundle.tar.gz	bundle_archive	False	True	-rw-r--r-- iturkmen us_cms 1010755522 2026-07-21 21:14:20 /store/user/iturkmen/hh4b_delphes/run2_13tev/frozen_v2/bundles/unified_background_5m_waveb_priority_scale400k_20260721_v1/tth_hbb_run2_frozen_v2_waveb_scale400k_shard2007_10000evt_bundle.tar.gz
/store/user/iturkmen/hh4b_delphes/run2_13tev/frozen_v2/bundles/unified_background_5m_waveb_priority_scale400k_20260721_v1	/store/user/iturkmen/hh4b_delphes/run2_13tev/frozen_v2/bundles/unified_background_5m_waveb_priority_scale400k_20260721_v1/tth_hbb_run2_frozen_v2_waveb_scale400k_shard2008_10000evt_bundle.tar.gz	bundle_archive	False	True	-rw-r--r-- iturkmen us_cms 1011564216 2026-07-21 21:19:32 /store/user/iturkmen/hh4b_delphes/run2_13tev/frozen_v2/bundles/unified_background_5m_waveb_priority_scale400k_20260721_v1/tth_hbb_run2_frozen_v2_waveb_scale400k_shard2008_10000evt_bundle.tar.gz
/store/user/iturkmen/hh4b_delphes/run2_13tev/frozen_v2/bundles/unified_background_5m_waveb_priority_scale400k_20260721_v1	/store/user/iturkmen/hh4b_delphes/run2_13tev/frozen_v2/bundles/unified_background_5m_waveb_priority_scale400k_20260721_v1/tth_hbb_run2_frozen_v2_waveb_scale400k_shard2009_10000evt_bundle.tar.gz	bundle_archive	False	True	-rw-r--r-- iturkmen us_cms 1010747967 2026-07-21 21:08:52 /store/user/iturkmen/hh4b_delphes/run2_13tev/frozen_v2/bundles/unified_background_5m_waveb_priority_scale400k_20260721_v1/tth_hbb_run2_frozen_v2_waveb_scale400k_shard2009_10000evt_bundle.tar.gz
/store/user/iturkmen/hh4b_delphes/run2_13tev/frozen_v2/bundles/unified_background_5m_waveb_priority_scale400k_20260721_v1	/store/user/iturkmen/hh4b_delphes/run2_13tev/frozen_v2/bundles/unified_background_5m_waveb_priority_scale400k_20260721_v1/tth_hbb_run2_frozen_v2_waveb_scale400k_shard2010_10000evt_bundle.tar.gz	bundle_archive	False	True	-rw-r--r-- iturkmen us_cms 1016514586 2026-07-21 21:10:12 /store/user/iturkmen/hh4b_delphes/run2_13tev/frozen_v2/bundles/unified_background_5m_waveb_priority_scale400k_20260721_v1/tth_hbb_run2_frozen_v2_waveb_scale400k_shard2010_10000evt_bundle.tar.gz
/store/user/iturkmen/hh4b_delphes/run2_13tev/frozen_v2/bundles/unified_background_5m_waveb_priority_scale400k_20260721_v1	/store/user/iturkmen/hh4b_delphes/run2_13tev/frozen_v2/bundles/unified_background_5m_waveb_priority_scale400k_20260721_v1/tttt_run2_frozen_v2_waveb_scale400k_shard2201_10000evt_bundle.tar.gz	bundle_archive	False	True	-rw-r--r-- iturkmen us_cms 1165198481 2026-07-21 21:20:51 /store/user/iturkmen/hh4b_delphes/run2_13tev/frozen_v2/bundles/unified_background_5m_waveb_priority_scale400k_20260721_v1/tttt_run2_frozen_v2_waveb_scale400k_shard2201_10000evt_bundle.tar.gz
/store/user/iturkmen/hh4b_delphes/run2_13tev/frozen_v2/bundles/unified_background_5m_waveb_priority_scale400k_20260721_v1	/store/user/iturkmen/hh4b_delphes/run2_13tev/frozen_v2/bundles/unified_background_5m_waveb_priority_scale400k_20260721_v1/tttt_run2_frozen_v2_waveb_scale400k_shard2202_10000evt_bundle.tar.gz	bundle_archive	False	True	-rw-r--r-- iturkmen us_cms 1167108019 2026-07-21 21:21:36 /store/user/iturkmen/hh4b_delphes/run2_13tev/frozen_v2/bundles/unified_background_5m_waveb_priority_scale400k_20260721_v1/tttt_run2_frozen_v2_waveb_scale400k_shard2202_10000evt_bundle.tar.gz
/store/user/iturkmen/hh4b_delphes/run2_13tev/frozen_v2/bundles/unified_background_5m_waveb_priority_scale400k_20260721_v1	/store/user/iturkmen/hh4b_delphes/run2_13tev/frozen_v2/bundles/unified_background_5m_waveb_priority_scale400k_20260721_v1/tttt_run2_frozen_v2_waveb_scale400k_shard2203_10000evt_bundle.tar.gz	bundle_archive	False	True	-rw-r--r-- iturkmen us_cms 1166213231 2026-07-21 21:15:55 /store/user/iturkmen/hh4b_delphes/run2_13tev/frozen_v2/bundles/unified_background_5m_waveb_priority_scale400k_20260721_v1/tttt_run2_frozen_v2_waveb_scale400k_shard2203_10000evt_bundle.tar.gz
/store/user/iturkmen/hh4b_delphes/run2_13tev/frozen_v2/bundles/unified_background_5m_waveb_priority_scale400k_20260721_v1	/store/user/iturkmen/hh4b_delphes/run2_13tev/frozen_v2/bundles/unified_background_5m_waveb_priority_scale400k_20260721_v1/tttt_run2_frozen_v2_waveb_scale400k_shard2204_10000evt_bundle.tar.gz	bundle_archive	False	True	-rw-r--r-- iturkmen us_cms 1165420831 2026-07-21 21:17:42 /store/user/iturkmen/hh4b_delphes/run2_13tev/frozen_v2/bundles/unified_background_5m_waveb_priority_scale400k_20260721_v1/tttt_run2_frozen_v2_waveb_scale400k_shard2204_10000evt_bundle.tar.gz
/store/user/iturkmen/hh4b_delphes/run2_13tev/frozen_v2/bundles/unified_background_5m_waveb_priority_scale400k_20260721_v1	/store/user/iturkmen/hh4b_delphes/run2_13tev/frozen_v2/bundles/unified_background_5m_waveb_priority_scale400k_20260721_v1/tttt_run2_frozen_v2_waveb_scale400k_shard2205_10000evt_bundle.tar.gz	bundle_archive	False	True	-rw-r--r-- iturkmen us_cms 1162867565 2026-07-21 21:19:48 /store/user/iturkmen/hh4b_delphes/run2_13tev/frozen_v2/bundles/unified_background_5m_waveb_priority_scale400k_20260721_v1/tttt_run2_frozen_v2_waveb_scale400k_shard2205_10000evt_bundle.tar.gz
/store/user/iturkmen/hh4b_delphes/run2_13tev/frozen_v2/bundles/unified_background_5m_waveb_priority_scale400k_20260721_v1	/store/user/iturkmen/hh4b_delphes/run2_13tev/frozen_v2/bundles/unified_background_5m_waveb_priority_scale400k_20260721_v1/tttt_run2_frozen_v2_waveb_scale400k_shard2206_10000evt_bundle.tar.gz	bundle_archive	False	True	-rw-r--r-- iturkmen us_cms 1164175929 2026-07-21 21:20:30 /store/user/iturkmen/hh4b_delphes/run2_13tev/frozen_v2/bundles/unified_background_5m_waveb_priority_scale400k_20260721_v1/tttt_run2_frozen_v2_waveb_scale400k_shard2206_10000evt_bundle.tar.gz
/store/user/iturkmen/hh4b_delphes/run2_13tev/frozen_v2/bundles/unified_background_5m_waveb_priority_scale400k_20260721_v1	/store/user/iturkmen/hh4b_delphes/run2_13tev/frozen_v2/bundles/unified_background_5m_waveb_priority_scale400k_20260721_v1/tttt_run2_frozen_v2_waveb_scale400k_shard2207_10000evt_bundle.tar.gz	bundle_archive	False	True	-rw-r--r-- iturkmen us_cms 1167726500 2026-07-21 21:22:06 /store/user/iturkmen/hh4b_delphes/run2_13tev/frozen_v2/bundles/unified_background_5m_waveb_priority_scale400k_20260721_v1/tttt_run2_frozen_v2_waveb_scale400k_shard2207_10000evt_bundle.tar.gz
/store/user/iturkmen/hh4b_delphes/run2_13tev/frozen_v2/bundles/unified_background_5m_waveb_priority_scale400k_20260721_v1	/store/user/iturkmen/hh4b_delphes/run2_13tev/frozen_v2/bundles/unified_background_5m_waveb_priority_scale400k_20260721_v1/tttt_run2_frozen_v2_waveb_scale400k_shard2208_10000evt_bundle.tar.gz	bundle_archive	False	True	-rw-r--r-- iturkmen us_cms 1160914685 2026-07-21 21:17:28 /store/user/iturkmen/hh4b_delphes/run2_13tev/frozen_v2/bundles/unified_background_5m_waveb_priority_scale400k_20260721_v1/tttt_run2_frozen_v2_waveb_scale400k_shard2208_10000evt_bundle.tar.gz
/store/user/iturkmen/hh4b_delphes/run2_13tev/frozen_v2/bundles/unified_background_5m_waveb_priority_scale400k_20260721_v1	/store/user/iturkmen/hh4b_delphes/run2_13tev/frozen_v2/bundles/unified_background_5m_waveb_priority_scale400k_20260721_v1/tttt_run2_frozen_v2_waveb_scale400k_shard2209_10000evt_bundle.tar.gz	bundle_archive	False	True	-rw-r--r-- iturkmen us_cms 1160582897 2026-07-21 21:15:27 /store/user/iturkmen/hh4b_delphes/run2_13tev/frozen_v2/bundles/unified_background_5m_waveb_priority_scale400k_20260721_v1/tttt_run2_frozen_v2_waveb_scale400k_shard2209_10000evt_bundle.tar.gz
/store/user/iturkmen/hh4b_delphes/run2_13tev/frozen_v2/bundles/unified_background_5m_waveb_priority_scale400k_20260721_v1	/store/user/iturkmen/hh4b_delphes/run2_13tev/frozen_v2/bundles/unified_background_5m_waveb_priority_scale400k_20260721_v1/tttt_run2_frozen_v2_waveb_scale400k_shard2210_10000evt_bundle.tar.gz	bundle_archive	False	True	-rw-r--r-- iturkmen us_cms 1165235907 2026-07-21 21:12:59 /store/user/iturkmen/hh4b_delphes/run2_13tev/frozen_v2/bundles/unified_background_5m_waveb_priority_scale400k_20260721_v1/tttt_run2_frozen_v2_waveb_scale400k_shard2210_10000evt_bundle.tar.gz
/store/user/iturkmen/hh4b_delphes/run2_13tev/frozen_v2/bundles/unified_background_5m_waveb_priority_scale400k_20260721_v1	/store/user/iturkmen/hh4b_delphes/run2_13tev/frozen_v2/bundles/unified_background_5m_waveb_priority_scale400k_20260721_v1/ttz_zbb_run2_frozen_v2_waveb_scale400k_shard2101_10000evt_bundle.tar.gz	bundle_archive	False	True	-rw-r--r-- iturkmen us_cms  995565232 2026-07-21 21:13:12 /store/user/iturkmen/hh4b_delphes/run2_13tev/frozen_v2/bundles/unified_background_5m_waveb_priority_scale400k_20260721_v1/ttz_zbb_run2_frozen_v2_waveb_scale400k_shard2101_10000evt_bundle.tar.gz
/store/user/iturkmen/hh4b_delphes/run2_13tev/frozen_v2/bundles/unified_background_5m_waveb_priority_scale400k_20260721_v1	/store/user/iturkmen/hh4b_delphes/run2_13tev/frozen_v2/bundles/unified_background_5m_waveb_priority_scale400k_20260721_v1/ttz_zbb_run2_frozen_v2_waveb_scale400k_shard2102_10000evt_bundle.tar.gz	bundle_archive	False	True	-rw-r--r-- iturkmen us_cms  995170513 2026-07-21 21:15:26 /store/user/iturkmen/hh4b_delphes/run2_13tev/frozen_v2/bundles/unified_background_5m_waveb_priority_scale400k_20260721_v1/ttz_zbb_run2_frozen_v2_waveb_scale400k_shard2102_10000evt_bundle.tar.gz
/store/user/iturkmen/hh4b_delphes/run2_13tev/frozen_v2/bundles/unified_background_5m_waveb_priority_scale400k_20260721_v1	/store/user/iturkmen/hh4b_delphes/run2_13tev/frozen_v2/bundles/unified_background_5m_waveb_priority_scale400k_20260721_v1/ttz_zbb_run2_frozen_v2_waveb_scale400k_shard2103_10000evt_bundle.tar.gz	bundle_archive	False	True	-rw-r--r-- iturkmen us_cms  998430208 2026-07-21 21:12:16 /store/user/iturkmen/hh4b_delphes/run2_13tev/frozen_v2/bundles/unified_background_5m_waveb_priority_scale400k_20260721_v1/ttz_zbb_run2_frozen_v2_waveb_scale400k_shard2103_10000evt_bundle.tar.gz
/store/user/iturkmen/hh4b_delphes/run2_13tev/frozen_v2/bundles/unified_background_5m_waveb_priority_scale400k_20260721_v1	/store/user/iturkmen/hh4b_delphes/run2_13tev/frozen_v2/bundles/unified_background_5m_waveb_priority_scale400k_20260721_v1/ttz_zbb_run2_frozen_v2_waveb_scale400k_shard2104_10000evt_bundle.tar.gz	bundle_archive	False	True	-rw-r--r-- iturkmen us_cms  998575649 2026-07-21 21:15:14 /store/user/iturkmen/hh4b_delphes/run2_13tev/frozen_v2/bundles/unified_background_5m_waveb_priority_scale400k_20260721_v1/ttz_zbb_run2_frozen_v2_waveb_scale400k_shard2104_10000evt_bundle.tar.gz
/store/user/iturkmen/hh4b_delphes/run2_13tev/frozen_v2/bundles/unified_background_5m_waveb_priority_scale400k_20260721_v1	/store/user/iturkmen/hh4b_delphes/run2_13tev/frozen_v2/bundles/unified_background_5m_waveb_priority_scale400k_20260721_v1/ttz_zbb_run2_frozen_v2_waveb_scale400k_shard2105_10000evt_bundle.tar.gz	bundle_archive	False	True	-rw-r--r-- iturkmen us_cms  998206955 2026-07-21 21:14:23 /store/user/iturkmen/hh4b_delphes/run2_13tev/frozen_v2/bundles/unified_background_5m_waveb_priority_scale400k_20260721_v1/ttz_zbb_run2_frozen_v2_waveb_scale400k_shard2105_10000evt_bundle.tar.gz
/store/user/iturkmen/hh4b_delphes/run2_13tev/frozen_v2/bundles/unified_background_5m_waveb_priority_scale400k_20260721_v1	/store/user/iturkmen/hh4b_delphes/run2_13tev/frozen_v2/bundles/unified_background_5m_waveb_priority_scale400k_20260721_v1/ttz_zbb_run2_frozen_v2_waveb_scale400k_shard2106_10000evt_bundle.tar.gz	bundle_archive	False	True	-rw-r--r-- iturkmen us_cms 1001159855 2026-07-21 21:10:49 /store/user/iturkmen/hh4b_delphes/run2_13tev/frozen_v2/bundles/unified_background_5m_waveb_priority_scale400k_20260721_v1/ttz_zbb_run2_frozen_v2_waveb_scale400k_shard2106_10000evt_bundle.tar.gz
/store/user/iturkmen/hh4b_delphes/run2_13tev/frozen_v2/bundles/unified_background_5m_waveb_priority_scale400k_20260721_v1	/store/user/iturkmen/hh4b_delphes/run2_13tev/frozen_v2/bundles/unified_background_5m_waveb_priority_scale400k_20260721_v1/ttz_zbb_run2_frozen_v2_waveb_scale400k_shard2107_10000evt_bundle.tar.gz	bundle_archive	False	True	-rw-r--r-- iturkmen us_cms  999762965 2026-07-21 21:11:26 /store/user/iturkmen/hh4b_delphes/run2_13tev/frozen_v2/bundles/unified_background_5m_waveb_priority_scale400k_20260721_v1/ttz_zbb_run2_frozen_v2_waveb_scale400k_shard2107_10000evt_bundle.tar.gz
/store/user/iturkmen/hh4b_delphes/run2_13tev/frozen_v2/bundles/unified_background_5m_waveb_priority_scale400k_20260721_v1	/store/user/iturkmen/hh4b_delphes/run2_13tev/frozen_v2/bundles/unified_background_5m_waveb_priority_scale400k_20260721_v1/ttz_zbb_run2_frozen_v2_waveb_scale400k_shard2108_10000evt_bundle.tar.gz	bundle_archive	False	True	-rw-r--r-- iturkmen us_cms  996175427 2026-07-21 21:12:06 /store/user/iturkmen/hh4b_delphes/run2_13tev/frozen_v2/bundles/unified_background_5m_waveb_priority_scale400k_20260721_v1/ttz_zbb_run2_frozen_v2_waveb_scale400k_shard2108_10000evt_bundle.tar.gz
/store/user/iturkmen/hh4b_delphes/run2_13tev/frozen_v2/bundles/unified_background_5m_waveb_priority_scale400k_20260721_v1	/store/user/iturkmen/hh4b_delphes/run2_13tev/frozen_v2/bundles/unified_background_5m_waveb_priority_scale400k_20260721_v1/ttz_zbb_run2_frozen_v2_waveb_scale400k_shard2109_10000evt_bundle.tar.gz	bundle_archive	False	True	-rw-r--r-- iturkmen us_cms  997852633 2026-07-21 21:12:08 /store/user/iturkmen/hh4b_delphes/run2_13tev/frozen_v2/bundles/unified_background_5m_waveb_priority_scale400k_20260721_v1/ttz_zbb_run2_frozen_v2_waveb_scale400k_shard2109_10000evt_bundle.tar.gz
/store/user/iturkmen/hh4b_delphes/run2_13tev/frozen_v2/bundles/unified_background_5m_waveb_priority_scale400k_20260721_v1	/store/user/iturkmen/hh4b_delphes/run2_13tev/frozen_v2/bundles/unified_background_5m_waveb_priority_scale400k_20260721_v1/ttz_zbb_run2_frozen_v2_waveb_scale400k_shard2110_10000evt_bundle.tar.gz	bundle_archive	False	True	-rw-r--r-- iturkmen us_cms  998569692 2026-07-21 21:11:16 /store/user/iturkmen/hh4b_delphes/run2_13tev/frozen_v2/bundles/unified_background_5m_waveb_priority_scale400k_20260721_v1/ttz_zbb_run2_frozen_v2_waveb_scale400k_shard2110_10000evt_bundle.tar.gz
/store/user/iturkmen/hh4b_delphes/run2_13tev/frozen_v2/bundles/unified_background_5m_waveb_priority_scale400k_20260721_v1	/store/user/iturkmen/hh4b_delphes/run2_13tev/frozen_v2/bundles/unified_background_5m_waveb_priority_scale400k_20260721_v1/vbf_hbb_run2_frozen_v2_waveb_scale400k_shard2301_10000evt_bundle.tar.gz	bundle_archive	False	True	-rw-r--r-- iturkmen us_cms  792928195 2026-07-21 21:14:07 /store/user/iturkmen/hh4b_delphes/run2_13tev/frozen_v2/bundles/unified_background_5m_waveb_priority_scale400k_20260721_v1/vbf_hbb_run2_frozen_v2_waveb_scale400k_shard2301_10000evt_bundle.tar.gz
/store/user/iturkmen/hh4b_delphes/run2_13tev/frozen_v2/bundles/unified_background_5m_waveb_priority_scale400k_20260721_v1	/store/user/iturkmen/hh4b_delphes/run2_13tev/frozen_v2/bundles/unified_background_5m_waveb_priority_scale400k_20260721_v1/vbf_hbb_run2_frozen_v2_waveb_scale400k_shard2302_10000evt_bundle.tar.gz	bundle_archive	False	True	-rw-r--r-- iturkmen us_cms  794296132 2026-07-21 21:14:39 /store/user/iturkmen/hh4b_delphes/run2_13tev/frozen_v2/bundles/unified_background_5m_waveb_priority_scale400k_20260721_v1/vbf_hbb_run2_frozen_v2_waveb_scale400k_shard2302_10000evt_bundle.tar.gz
/store/user/iturkmen/hh4b_delphes/run2_13tev/frozen_v2/bundles/unified_background_5m_waveb_priority_scale400k_20260721_v1	/store/user/iturkmen/hh4b_delphes/run2_13tev/frozen_v2/bundles/unified_background_5m_waveb_priority_scale400k_20260721_v1/vbf_hbb_run2_frozen_v2_waveb_scale400k_shard2303_10000evt_bundle.tar.gz	bundle_archive	False	True	-rw-r--r-- iturkmen us_cms  792187829 2026-07-21 21:12:33 /store/user/iturkmen/hh4b_delphes/run2_13tev/frozen_v2/bundles/unified_background_5m_waveb_priority_scale400k_20260721_v1/vbf_hbb_run2_frozen_v2_waveb_scale400k_shard2303_10000evt_bundle.tar.gz
/store/user/iturkmen/hh4b_delphes/run2_13tev/frozen_v2/bundles/unified_background_5m_waveb_priority_scale400k_20260721_v1	/store/user/iturkmen/hh4b_delphes/run2_13tev/frozen_v2/bundles/unified_background_5m_waveb_priority_scale400k_20260721_v1/vbf_hbb_run2_frozen_v2_waveb_scale400k_shard2304_10000evt_bundle.tar.gz	bundle_archive	False	True	-rw-r--r-- iturkmen us_cms  794791918 2026-07-21 21:09:40 /store/user/iturkmen/hh4b_delphes/run2_13tev/frozen_v2/bundles/unified_background_5m_waveb_priority_scale400k_20260721_v1/vbf_hbb_run2_frozen_v2_waveb_scale400k_shard2304_10000evt_bundle.tar.gz
/store/user/iturkmen/hh4b_delphes/run2_13tev/frozen_v2/bundles/unified_background_5m_waveb_priority_scale400k_20260721_v1	/store/user/iturkmen/hh4b_delphes/run2_13tev/frozen_v2/bundles/unified_background_5m_waveb_priority_scale400k_20260721_v1/vbf_hbb_run2_frozen_v2_waveb_scale400k_shard2305_10000evt_bundle.tar.gz	bundle_archive	False	True	-rw-r--r-- iturkmen us_cms  794847188 2026-07-21 21:09:39 /store/user/iturkmen/hh4b_delphes/run2_13tev/frozen_v2/bundles/unified_background_5m_waveb_priority_scale400k_20260721_v1/vbf_hbb_run2_frozen_v2_waveb_scale400k_shard2305_10000evt_bundle.tar.gz
/store/user/iturkmen/hh4b_delphes/run2_13tev/frozen_v2/bundles/unified_background_5m_waveb_priority_scale400k_20260721_v1	/store/user/iturkmen/hh4b_delphes/run2_13tev/frozen_v2/bundles/unified_background_5m_waveb_priority_scale400k_20260721_v1/vbf_hbb_run2_frozen_v2_waveb_scale400k_shard2306_10000evt_bundle.tar.gz	bundle_archive	False	True	-rw-r--r-- iturkmen us_cms  790288971 2026-07-21 21:15:51 /store/user/iturkmen/hh4b_delphes/run2_13tev/frozen_v2/bundles/unified_background_5m_waveb_priority_scale400k_20260721_v1/vbf_hbb_run2_frozen_v2_waveb_scale400k_shard2306_10000evt_bundle.tar.gz
/store/user/iturkmen/hh4b_delphes/run2_13tev/frozen_v2/bundles/unified_background_5m_waveb_priority_scale400k_20260721_v1	/store/user/iturkmen/hh4b_delphes/run2_13tev/frozen_v2/bundles/unified_background_5m_waveb_priority_scale400k_20260721_v1/vbf_hbb_run2_frozen_v2_waveb_scale400k_shard2307_10000evt_bundle.tar.gz	bundle_archive	False	True	-rw-r--r-- iturkmen us_cms  794181703 2026-07-21 21:13:45 /store/user/iturkmen/hh4b_delphes/run2_13tev/frozen_v2/bundles/unified_background_5m_waveb_priority_scale400k_20260721_v1/vbf_hbb_run2_frozen_v2_waveb_scale400k_shard2307_10000evt_bundle.tar.gz
/store/user/iturkmen/hh4b_delphes/run2_13tev/frozen_v2/bundles/unified_background_5m_waveb_priority_scale400k_20260721_v1	/store/user/iturkmen/hh4b_delphes/run2_13tev/frozen_v2/bundles/unified_background_5m_waveb_priority_scale400k_20260721_v1/vbf_hbb_run2_frozen_v2_waveb_scale400k_shard2308_10000evt_bundle.tar.gz	bundle_archive	False	True	-rw-r--r-- iturkmen us_cms  793903042 2026-07-21 21:14:27 /store/user/iturkmen/hh4b_delphes/run2_13tev/frozen_v2/bundles/unified_background_5m_waveb_priority_scale400k_20260721_v1/vbf_hbb_run2_frozen_v2_waveb_scale400k_shard2308_10000evt_bundle.tar.gz
/store/user/iturkmen/hh4b_delphes/run2_13tev/frozen_v2/bundles/unified_background_5m_waveb_priority_scale400k_20260721_v1	/store/user/iturkmen/hh4b_delphes/run2_13tev/frozen_v2/bundles/unified_background_5m_waveb_priority_scale400k_20260721_v1/vbf_hbb_run2_frozen_v2_waveb_scale400k_shard2309_10000evt_bundle.tar.gz	bundle_archive	False	True	-rw-r--r-- iturkmen us_cms  784431594 2026-07-21 21:08:08 /store/user/iturkmen/hh4b_delphes/run2_13tev/frozen_v2/bundles/unified_background_5m_waveb_priority_scale400k_20260721_v1/vbf_hbb_run2_frozen_v2_waveb_scale400k_shard2309_10000evt_bundle.tar.gz
/store/user/iturkmen/hh4b_delphes/run2_13tev/frozen_v2/bundles/unified_background_5m_waveb_priority_scale400k_20260721_v1	/store/user/iturkmen/hh4b_delphes/run2_13tev/frozen_v2/bundles/unified_background_5m_waveb_priority_scale400k_20260721_v1/vbf_hbb_run2_frozen_v2_waveb_scale400k_shard2310_10000evt_bundle.tar.gz	bundle_archive	False	True	-rw-r--r-- iturkmen us_cms  792370200 2026-07-21 21:13:35 /store/user/iturkmen/hh4b_delphes/run2_13tev/frozen_v2/bundles/unified_background_5m_waveb_priority_scale400k_20260721_v1/vbf_hbb_run2_frozen_v2_waveb_scale400k_shard2310_10000evt_bundle.tar.gz
/store/user/iturkmen/hh4b_delphes/run2_13tev/frozen_v2/bundles/unified_background_5m_wavec1_pilot40k_20260721_v1	/store/user/iturkmen/hh4b_delphes/run2_13tev/frozen_v2/bundles/unified_background_5m_wavec1_pilot40k_20260721_v1/ttw_run2_frozen_v2_wavec1_pilot_shard3202_10kevt_bundle.tar.gz	bundle_archive	False	True	-rw-r--r-- iturkmen us_cms 900359881 2026-07-22 03:46:48 /store/user/iturkmen/hh4b_delphes/run2_13tev/frozen_v2/bundles/unified_background_5m_wavec1_pilot40k_20260721_v1/ttw_run2_frozen_v2_wavec1_pilot_shard3202_10kevt_bundle.tar.gz
/store/user/iturkmen/hh4b_delphes/run2_13tev/frozen_v2/bundles/unified_background_5m_wavec1_pilot40k_20260721_v1	/store/user/iturkmen/hh4b_delphes/run2_13tev/frozen_v2/bundles/unified_background_5m_wavec1_pilot40k_20260721_v1/wh_hbb_run2_frozen_v2_wavec1_pilot_shard3201_10kevt_bundle.tar.gz	bundle_archive	False	True	-rw-r--r-- iturkmen us_cms 773016067 2026-07-22 03:52:36 /store/user/iturkmen/hh4b_delphes/run2_13tev/frozen_v2/bundles/unified_background_5m_wavec1_pilot40k_20260721_v1/wh_hbb_run2_frozen_v2_wavec1_pilot_shard3201_10kevt_bundle.tar.gz
/store/user/iturkmen/hh4b_delphes/run2_13tev/frozen_v2/bundles/unified_background_5m_wavec1_pilot40k_20260721_v1	/store/user/iturkmen/hh4b_delphes/run2_13tev/frozen_v2/bundles/unified_background_5m_wavec1_pilot40k_20260721_v1/ww_run2_frozen_v2_wavec1_pilot_shard3204_10kevt_bundle.tar.gz	bundle_archive	False	True	-rw-r--r-- iturkmen us_cms 719774097 2026-07-22 03:46:59 /store/user/iturkmen/hh4b_delphes/run2_13tev/frozen_v2/bundles/unified_background_5m_wavec1_pilot40k_20260721_v1/ww_run2_frozen_v2_wavec1_pilot_shard3204_10kevt_bundle.tar.gz
/store/user/iturkmen/hh4b_delphes/run2_13tev/frozen_v2/bundles/unified_background_5m_wavec1_pilot40k_20260721_v1	/store/user/iturkmen/hh4b_delphes/run2_13tev/frozen_v2/bundles/unified_background_5m_wavec1_pilot40k_20260721_v1/wz_zbb_run2_frozen_v2_wavec1_pilot_shard3203_10kevt_bundle.tar.gz	bundle_archive	False	True	-rw-r--r-- iturkmen us_cms 754415624 2026-07-22 03:48:23 /store/user/iturkmen/hh4b_delphes/run2_13tev/frozen_v2/bundles/unified_background_5m_wavec1_pilot40k_20260721_v1/wz_zbb_run2_frozen_v2_wavec1_pilot_shard3203_10kevt_bundle.tar.gz
/store/user/iturkmen/hh4b_delphes/run2_13tev/frozen_v2/bundles/unified_background_5m_wavec1_scaleout180k_20260721_v2	/store/user/iturkmen/hh4b_delphes/run2_13tev/frozen_v2/bundles/unified_background_5m_wavec1_scaleout180k_20260721_v2/ttw_run2_frozen_v2_wavec1_scaleout_shard3401_10kevt_bundle.tar.gz	bundle_archive	False	True	-rw-r--r-- iturkmen us_cms 896621135 2026-07-22 04:35:00 /store/user/iturkmen/hh4b_delphes/run2_13tev/frozen_v2/bundles/unified_background_5m_wavec1_scaleout180k_20260721_v2/ttw_run2_frozen_v2_wavec1_scaleout_shard3401_10kevt_bundle.tar.gz
/store/user/iturkmen/hh4b_delphes/run2_13tev/frozen_v2/bundles/unified_background_5m_wavec1_scaleout180k_20260721_v2	/store/user/iturkmen/hh4b_delphes/run2_13tev/frozen_v2/bundles/unified_background_5m_wavec1_scaleout180k_20260721_v2/ttw_run2_frozen_v2_wavec1_scaleout_shard3402_10kevt_bundle.tar.gz	bundle_archive	False	True	-rw-r--r-- iturkmen us_cms 903296954 2026-07-22 04:28:08 /store/user/iturkmen/hh4b_delphes/run2_13tev/frozen_v2/bundles/unified_background_5m_wavec1_scaleout180k_20260721_v2/ttw_run2_frozen_v2_wavec1_scaleout_shard3402_10kevt_bundle.tar.gz
/store/user/iturkmen/hh4b_delphes/run2_13tev/frozen_v2/bundles/unified_background_5m_wavec1_scaleout180k_20260721_v2	/store/user/iturkmen/hh4b_delphes/run2_13tev/frozen_v2/bundles/unified_background_5m_wavec1_scaleout180k_20260721_v2/ttw_run2_frozen_v2_wavec1_scaleout_shard3403_10kevt_bundle.tar.gz	bundle_archive	False	True	-rw-r--r-- iturkmen us_cms 899278173 2026-07-22 04:35:36 /store/user/iturkmen/hh4b_delphes/run2_13tev/frozen_v2/bundles/unified_background_5m_wavec1_scaleout180k_20260721_v2/ttw_run2_frozen_v2_wavec1_scaleout_shard3403_10kevt_bundle.tar.gz
/store/user/iturkmen/hh4b_delphes/run2_13tev/frozen_v2/bundles/unified_background_5m_wavec1_scaleout180k_20260721_v2	/store/user/iturkmen/hh4b_delphes/run2_13tev/frozen_v2/bundles/unified_background_5m_wavec1_scaleout180k_20260721_v2/ttw_run2_frozen_v2_wavec1_scaleout_shard3404_10kevt_bundle.tar.gz	bundle_archive	False	True	-rw-r--r-- iturkmen us_cms 898074150 2026-07-22 04:34:12 /store/user/iturkmen/hh4b_delphes/run2_13tev/frozen_v2/bundles/unified_background_5m_wavec1_scaleout180k_20260721_v2/ttw_run2_frozen_v2_wavec1_scaleout_shard3404_10kevt_bundle.tar.gz
/store/user/iturkmen/hh4b_delphes/run2_13tev/frozen_v2/bundles/unified_background_5m_wavec1_scaleout180k_20260721_v2	/store/user/iturkmen/hh4b_delphes/run2_13tev/frozen_v2/bundles/unified_background_5m_wavec1_scaleout180k_20260721_v2/ttw_run2_frozen_v2_wavec1_scaleout_shard3405_10kevt_bundle.tar.gz	bundle_archive	False	True	-rw-r--r-- iturkmen us_cms 898368824 2026-07-22 04:35:01 /store/user/iturkmen/hh4b_delphes/run2_13tev/frozen_v2/bundles/unified_background_5m_wavec1_scaleout180k_20260721_v2/ttw_run2_frozen_v2_wavec1_scaleout_shard3405_10kevt_bundle.tar.gz
/store/user/iturkmen/hh4b_delphes/run2_13tev/frozen_v2/bundles/unified_background_5m_wavec1_scaleout180k_20260721_v2	/store/user/iturkmen/hh4b_delphes/run2_13tev/frozen_v2/bundles/unified_background_5m_wavec1_scaleout180k_20260721_v2/wh_hbb_run2_frozen_v2_wavec1_scaleout_shard3301_10kevt_bundle.tar.gz	bundle_archive	False	True	-rw-r--r-- iturkmen us_cms 772629511 2026-07-22 04:35:45 /store/user/iturkmen/hh4b_delphes/run2_13tev/frozen_v2/bundles/unified_background_5m_wavec1_scaleout180k_20260721_v2/wh_hbb_run2_frozen_v2_wavec1_scaleout_shard3301_10kevt_bundle.tar.gz
/store/user/iturkmen/hh4b_delphes/run2_13tev/frozen_v2/bundles/unified_background_5m_wavec1_scaleout180k_20260721_v2	/store/user/iturkmen/hh4b_delphes/run2_13tev/frozen_v2/bundles/unified_background_5m_wavec1_scaleout180k_20260721_v2/wh_hbb_run2_frozen_v2_wavec1_scaleout_shard3302_10kevt_bundle.tar.gz	bundle_archive	False	True	-rw-r--r-- iturkmen us_cms 772456708 2026-07-22 04:28:29 /store/user/iturkmen/hh4b_delphes/run2_13tev/frozen_v2/bundles/unified_background_5m_wavec1_scaleout180k_20260721_v2/wh_hbb_run2_frozen_v2_wavec1_scaleout_shard3302_10kevt_bundle.tar.gz
/store/user/iturkmen/hh4b_delphes/run2_13tev/frozen_v2/bundles/unified_background_5m_wavec1_scaleout180k_20260721_v2	/store/user/iturkmen/hh4b_delphes/run2_13tev/frozen_v2/bundles/unified_background_5m_wavec1_scaleout180k_20260721_v2/wh_hbb_run2_frozen_v2_wavec1_scaleout_shard3303_10kevt_bundle.tar.gz	bundle_archive	False	True	-rw-r--r-- iturkmen us_cms 774097565 2026-07-22 04:32:53 /store/user/iturkmen/hh4b_delphes/run2_13tev/frozen_v2/bundles/unified_background_5m_wavec1_scaleout180k_20260721_v2/wh_hbb_run2_frozen_v2_wavec1_scaleout_shard3303_10kevt_bundle.tar.gz
/store/user/iturkmen/hh4b_delphes/run2_13tev/frozen_v2/bundles/unified_background_5m_wavec1_scaleout180k_20260721_v2	/store/user/iturkmen/hh4b_delphes/run2_13tev/frozen_v2/bundles/unified_background_5m_wavec1_scaleout180k_20260721_v2/wh_hbb_run2_frozen_v2_wavec1_scaleout_shard3304_10kevt_bundle.tar.gz	bundle_archive	False	True	-rw-r--r-- iturkmen us_cms 771195232 2026-07-22 04:33:09 /store/user/iturkmen/hh4b_delphes/run2_13tev/frozen_v2/bundles/unified_background_5m_wavec1_scaleout180k_20260721_v2/wh_hbb_run2_frozen_v2_wavec1_scaleout_shard3304_10kevt_bundle.tar.gz
/store/user/iturkmen/hh4b_delphes/run2_13tev/frozen_v2/bundles/unified_background_5m_wavec1_scaleout180k_20260721_v2	/store/user/iturkmen/hh4b_delphes/run2_13tev/frozen_v2/bundles/unified_background_5m_wavec1_scaleout180k_20260721_v2/wh_hbb_run2_frozen_v2_wavec1_scaleout_shard3305_10kevt_bundle.tar.gz	bundle_archive	False	True	-rw-r--r-- iturkmen us_cms 776442353 2026-07-22 04:31:30 /store/user/iturkmen/hh4b_delphes/run2_13tev/frozen_v2/bundles/unified_background_5m_wavec1_scaleout180k_20260721_v2/wh_hbb_run2_frozen_v2_wavec1_scaleout_shard3305_10kevt_bundle.tar.gz
/store/user/iturkmen/hh4b_delphes/run2_13tev/frozen_v2/bundles/unified_background_5m_wavec1_scaleout180k_20260721_v2	/store/user/iturkmen/hh4b_delphes/run2_13tev/frozen_v2/bundles/unified_background_5m_wavec1_scaleout180k_20260721_v2/ww_run2_frozen_v2_wavec1_scaleout_shard3601_10kevt_bundle.tar.gz	bundle_archive	False	True	-rw-r--r-- iturkmen us_cms 721126187 2026-07-22 04:26:57 /store/user/iturkmen/hh4b_delphes/run2_13tev/frozen_v2/bundles/unified_background_5m_wavec1_scaleout180k_20260721_v2/ww_run2_frozen_v2_wavec1_scaleout_shard3601_10kevt_bundle.tar.gz
/store/user/iturkmen/hh4b_delphes/run2_13tev/frozen_v2/bundles/unified_background_5m_wavec1_scaleout180k_20260721_v2	/store/user/iturkmen/hh4b_delphes/run2_13tev/frozen_v2/bundles/unified_background_5m_wavec1_scaleout180k_20260721_v2/ww_run2_frozen_v2_wavec1_scaleout_shard3602_10kevt_bundle.tar.gz	bundle_archive	False	True	-rw-r--r-- iturkmen us_cms 725538590 2026-07-22 04:32:41 /store/user/iturkmen/hh4b_delphes/run2_13tev/frozen_v2/bundles/unified_background_5m_wavec1_scaleout180k_20260721_v2/ww_run2_frozen_v2_wavec1_scaleout_shard3602_10kevt_bundle.tar.gz
/store/user/iturkmen/hh4b_delphes/run2_13tev/frozen_v2/bundles/unified_background_5m_wavec1_scaleout180k_20260721_v2	/store/user/iturkmen/hh4b_delphes/run2_13tev/frozen_v2/bundles/unified_background_5m_wavec1_scaleout180k_20260721_v2/ww_run2_frozen_v2_wavec1_scaleout_shard3603_10kevt_bundle.tar.gz	bundle_archive	False	True	-rw-r--r-- iturkmen us_cms 724629974 2026-07-22 04:28:12 /store/user/iturkmen/hh4b_delphes/run2_13tev/frozen_v2/bundles/unified_background_5m_wavec1_scaleout180k_20260721_v2/ww_run2_frozen_v2_wavec1_scaleout_shard3603_10kevt_bundle.tar.gz
/store/user/iturkmen/hh4b_delphes/run2_13tev/frozen_v2/bundles/unified_background_5m_wavec1_scaleout180k_20260721_v2	/store/user/iturkmen/hh4b_delphes/run2_13tev/frozen_v2/bundles/unified_background_5m_wavec1_scaleout180k_20260721_v2/wz_zbb_run2_frozen_v2_wavec1_scaleout_shard3501_10kevt_bundle.tar.gz	bundle_archive	False	True	-rw-r--r-- iturkmen us_cms 760265475 2026-07-22 04:28:04 /store/user/iturkmen/hh4b_delphes/run2_13tev/frozen_v2/bundles/unified_background_5m_wavec1_scaleout180k_20260721_v2/wz_zbb_run2_frozen_v2_wavec1_scaleout_shard3501_10kevt_bundle.tar.gz
/store/user/iturkmen/hh4b_delphes/run2_13tev/frozen_v2/bundles/unified_background_5m_wavec1_scaleout180k_20260721_v2	/store/user/iturkmen/hh4b_delphes/run2_13tev/frozen_v2/bundles/unified_background_5m_wavec1_scaleout180k_20260721_v2/wz_zbb_run2_frozen_v2_wavec1_scaleout_shard3502_10kevt_bundle.tar.gz	bundle_archive	False	True	-rw-r--r-- iturkmen us_cms 756845091 2026-07-22 04:30:53 /store/user/iturkmen/hh4b_delphes/run2_13tev/frozen_v2/bundles/unified_background_5m_wavec1_scaleout180k_20260721_v2/wz_zbb_run2_frozen_v2_wavec1_scaleout_shard3502_10kevt_bundle.tar.gz
/store/user/iturkmen/hh4b_delphes/run2_13tev/frozen_v2/bundles/unified_background_5m_wavec1_scaleout180k_20260721_v2	/store/user/iturkmen/hh4b_delphes/run2_13tev/frozen_v2/bundles/unified_background_5m_wavec1_scaleout180k_20260721_v2/wz_zbb_run2_frozen_v2_wavec1_scaleout_shard3503_10kevt_bundle.tar.gz	bundle_archive	False	True	-rw-r--r-- iturkmen us_cms 759701461 2026-07-22 04:30:06 /store/user/iturkmen/hh4b_delphes/run2_13tev/frozen_v2/bundles/unified_background_5m_wavec1_scaleout180k_20260721_v2/wz_zbb_run2_frozen_v2_wavec1_scaleout_shard3503_10kevt_bundle.tar.gz
/store/user/iturkmen/hh4b_delphes/run2_13tev/frozen_v2/bundles/unified_background_5m_wavec1_scaleout180k_20260721_v2	/store/user/iturkmen/hh4b_delphes/run2_13tev/frozen_v2/bundles/unified_background_5m_wavec1_scaleout180k_20260721_v2/wz_zbb_run2_frozen_v2_wavec1_scaleout_shard3504_10kevt_bundle.tar.gz	bundle_archive	False	True	-rw-r--r-- iturkmen us_cms 763015483 2026-07-22 04:29:06 /store/user/iturkmen/hh4b_delphes/run2_13tev/frozen_v2/bundles/unified_background_5m_wavec1_scaleout180k_20260721_v2/wz_zbb_run2_frozen_v2_wavec1_scaleout_shard3504_10kevt_bundle.tar.gz
/store/user/iturkmen/hh4b_delphes/run2_13tev/frozen_v2/bundles/unified_background_5m_wavec1_scaleout180k_20260721_v2	/store/user/iturkmen/hh4b_delphes/run2_13tev/frozen_v2/bundles/unified_background_5m_wavec1_scaleout180k_20260721_v2/wz_zbb_run2_frozen_v2_wavec1_scaleout_shard3505_10kevt_bundle.tar.gz	bundle_archive	False	True	-rw-r--r-- iturkmen us_cms 761414152 2026-07-22 04:29:00 /store/user/iturkmen/hh4b_delphes/run2_13tev/frozen_v2/bundles/unified_background_5m_wavec1_scaleout180k_20260721_v2/wz_zbb_run2_frozen_v2_wavec1_scaleout_shard3505_10kevt_bundle.tar.gz
/store/user/iturkmen/hh4b_delphes/run2_13tev/frozen_v2/bundles/final_background_triboson_zbb_pilot10k_20260722_v1	/store/user/iturkmen/hh4b_delphes/run2_13tev/frozen_v2/bundles/final_background_triboson_zbb_pilot10k_20260722_v1/wwz_zbb_run2_frozen_v2_pilot_validation_shard9601_5200_bundle.tar.gz	bundle_archive	False	True	-rw-r--r-- iturkmen us_cms 474353085 2026-07-23 04:11:12 /store/user/iturkmen/hh4b_delphes/run2_13tev/frozen_v2/bundles/final_background_triboson_zbb_pilot10k_20260722_v1/wwz_zbb_run2_frozen_v2_pilot_validation_shard9601_5200_bundle.tar.gz
/store/user/iturkmen/hh4b_delphes/run2_13tev/frozen_v2/bundles/final_background_triboson_zbb_pilot10k_20260722_v1	/store/user/iturkmen/hh4b_delphes/run2_13tev/frozen_v2/bundles/final_background_triboson_zbb_pilot10k_20260722_v1/wzz_zbb_run2_frozen_v2_pilot_validation_shard9602_3300_bundle.tar.gz	bundle_archive	False	True	-rw-r--r-- iturkmen us_cms 291219832 2026-07-23 03:54:01 /store/user/iturkmen/hh4b_delphes/run2_13tev/frozen_v2/bundles/final_background_triboson_zbb_pilot10k_20260722_v1/wzz_zbb_run2_frozen_v2_pilot_validation_shard9602_3300_bundle.tar.gz
/store/user/iturkmen/hh4b_delphes/run2_13tev/frozen_v2/bundles/final_background_triboson_zbb_pilot10k_20260722_v1	/store/user/iturkmen/hh4b_delphes/run2_13tev/frozen_v2/bundles/final_background_triboson_zbb_pilot10k_20260722_v1/zzz_zbb_run2_frozen_v2_pilot_validation_shard9603_1500_bundle.tar.gz	bundle_archive	False	True	-rw-r--r-- iturkmen us_cms 130964009 2026-07-23 03:45:51 /store/user/iturkmen/hh4b_delphes/run2_13tev/frozen_v2/bundles/final_background_triboson_zbb_pilot10k_20260722_v1/zzz_zbb_run2_frozen_v2_pilot_validation_shard9603_1500_bundle.tar.gz
/store/user/iturkmen/hh4b_delphes/run2_13tev/frozen_v2/bundles/final_background_triboson_zbb_scaleout40k_20260722_v1	/store/user/iturkmen/hh4b_delphes/run2_13tev/frozen_v2/bundles/final_background_triboson_zbb_scaleout40k_20260722_v1/wwz_zbb_run2_frozen_v2_train_shard9901_5200_bundle.tar.gz	bundle_archive	False	True	-rw-r--r-- iturkmen us_cms 472106981 2026-07-23 05:11:22 /store/user/iturkmen/hh4b_delphes/run2_13tev/frozen_v2/bundles/final_background_triboson_zbb_scaleout40k_20260722_v1/wwz_zbb_run2_frozen_v2_train_shard9901_5200_bundle.tar.gz
/store/user/iturkmen/hh4b_delphes/run2_13tev/frozen_v2/bundles/final_background_triboson_zbb_scaleout40k_20260722_v1	/store/user/iturkmen/hh4b_delphes/run2_13tev/frozen_v2/bundles/final_background_triboson_zbb_scaleout40k_20260722_v1/wwz_zbb_run2_frozen_v2_train_shard9902_5200_bundle.tar.gz	bundle_archive	False	True	-rw-r--r-- iturkmen us_cms 473233558 2026-07-23 05:07:04 /store/user/iturkmen/hh4b_delphes/run2_13tev/frozen_v2/bundles/final_background_triboson_zbb_scaleout40k_20260722_v1/wwz_zbb_run2_frozen_v2_train_shard9902_5200_bundle.tar.gz
/store/user/iturkmen/hh4b_delphes/run2_13tev/frozen_v2/bundles/final_background_triboson_zbb_scaleout40k_20260722_v1	/store/user/iturkmen/hh4b_delphes/run2_13tev/frozen_v2/bundles/final_background_triboson_zbb_scaleout40k_20260722_v1/wwz_zbb_run2_frozen_v2_train_shard9903_5200_bundle.tar.gz	bundle_archive	False	True	-rw-r--r-- iturkmen us_cms 472648224 2026-07-23 05:03:57 /store/user/iturkmen/hh4b_delphes/run2_13tev/frozen_v2/bundles/final_background_triboson_zbb_scaleout40k_20260722_v1/wwz_zbb_run2_frozen_v2_train_shard9903_5200_bundle.tar.gz
/store/user/iturkmen/hh4b_delphes/run2_13tev/frozen_v2/bundles/final_background_triboson_zbb_scaleout40k_20260722_v1	/store/user/iturkmen/hh4b_delphes/run2_13tev/frozen_v2/bundles/final_background_triboson_zbb_scaleout40k_20260722_v1/wwz_zbb_run2_frozen_v2_train_shard9904_5200_bundle.tar.gz	bundle_archive	False	True	-rw-r--r-- iturkmen us_cms 474256123 2026-07-23 05:02:30 /store/user/iturkmen/hh4b_delphes/run2_13tev/frozen_v2/bundles/final_background_triboson_zbb_scaleout40k_20260722_v1/wwz_zbb_run2_frozen_v2_train_shard9904_5200_bundle.tar.gz
/store/user/iturkmen/hh4b_delphes/run2_13tev/frozen_v2/bundles/final_background_triboson_zbb_scaleout40k_20260722_v1	/store/user/iturkmen/hh4b_delphes/run2_13tev/frozen_v2/bundles/final_background_triboson_zbb_scaleout40k_20260722_v1/wzz_zbb_run2_frozen_v2_train_shard9911_3300_bundle.tar.gz	bundle_archive	False	True	-rw-r--r-- iturkmen us_cms 291764214 2026-07-23 04:51:24 /store/user/iturkmen/hh4b_delphes/run2_13tev/frozen_v2/bundles/final_background_triboson_zbb_scaleout40k_20260722_v1/wzz_zbb_run2_frozen_v2_train_shard9911_3300_bundle.tar.gz
/store/user/iturkmen/hh4b_delphes/run2_13tev/frozen_v2/bundles/final_background_triboson_zbb_scaleout40k_20260722_v1	/store/user/iturkmen/hh4b_delphes/run2_13tev/frozen_v2/bundles/final_background_triboson_zbb_scaleout40k_20260722_v1/wzz_zbb_run2_frozen_v2_train_shard9912_3300_bundle.tar.gz	bundle_archive	False	True	-rw-r--r-- iturkmen us_cms 289480239 2026-07-23 04:55:38 /store/user/iturkmen/hh4b_delphes/run2_13tev/frozen_v2/bundles/final_background_triboson_zbb_scaleout40k_20260722_v1/wzz_zbb_run2_frozen_v2_train_shard9912_3300_bundle.tar.gz
/store/user/iturkmen/hh4b_delphes/run2_13tev/frozen_v2/bundles/final_background_triboson_zbb_scaleout40k_20260722_v1	/store/user/iturkmen/hh4b_delphes/run2_13tev/frozen_v2/bundles/final_background_triboson_zbb_scaleout40k_20260722_v1/wzz_zbb_run2_frozen_v2_train_shard9913_3300_bundle.tar.gz	bundle_archive	False	True	-rw-r--r-- iturkmen us_cms 289011377 2026-07-23 04:53:40 /store/user/iturkmen/hh4b_delphes/run2_13tev/frozen_v2/bundles/final_background_triboson_zbb_scaleout40k_20260722_v1/wzz_zbb_run2_frozen_v2_train_shard9913_3300_bundle.tar.gz
/store/user/iturkmen/hh4b_delphes/run2_13tev/frozen_v2/bundles/final_background_triboson_zbb_scaleout40k_20260722_v1	/store/user/iturkmen/hh4b_delphes/run2_13tev/frozen_v2/bundles/final_background_triboson_zbb_scaleout40k_20260722_v1/wzz_zbb_run2_frozen_v2_train_shard9914_3300_bundle.tar.gz	bundle_archive	False	True	-rw-r--r-- iturkmen us_cms 292880611 2026-07-23 04:50:47 /store/user/iturkmen/hh4b_delphes/run2_13tev/frozen_v2/bundles/final_background_triboson_zbb_scaleout40k_20260722_v1/wzz_zbb_run2_frozen_v2_train_shard9914_3300_bundle.tar.gz
/store/user/iturkmen/hh4b_delphes/run2_13tev/frozen_v2/bundles/final_background_triboson_zbb_scaleout40k_20260722_v1	/store/user/iturkmen/hh4b_delphes/run2_13tev/frozen_v2/bundles/final_background_triboson_zbb_scaleout40k_20260722_v1/zzz_zbb_run2_frozen_v2_train_shard9921_1500_bundle.tar.gz	bundle_archive	False	True	-rw-r--r-- iturkmen us_cms 131197947 2026-07-23 04:45:19 /store/user/iturkmen/hh4b_delphes/run2_13tev/frozen_v2/bundles/final_background_triboson_zbb_scaleout40k_20260722_v1/zzz_zbb_run2_frozen_v2_train_shard9921_1500_bundle.tar.gz
/store/user/iturkmen/hh4b_delphes/run2_13tev/frozen_v2/bundles/final_background_triboson_zbb_scaleout40k_20260722_v1	/store/user/iturkmen/hh4b_delphes/run2_13tev/frozen_v2/bundles/final_background_triboson_zbb_scaleout40k_20260722_v1/zzz_zbb_run2_frozen_v2_train_shard9922_1500_bundle.tar.gz	bundle_archive	False	True	-rw-r--r-- iturkmen us_cms 131855699 2026-07-23 04:46:58 /store/user/iturkmen/hh4b_delphes/run2_13tev/frozen_v2/bundles/final_background_triboson_zbb_scaleout40k_20260722_v1/zzz_zbb_run2_frozen_v2_train_shard9922_1500_bundle.tar.gz
/store/user/iturkmen/hh4b_delphes/run2_13tev/frozen_v2/bundles/final_background_triboson_zbb_scaleout40k_20260722_v1	/store/user/iturkmen/hh4b_delphes/run2_13tev/frozen_v2/bundles/final_background_triboson_zbb_scaleout40k_20260722_v1/zzz_zbb_run2_frozen_v2_train_shard9923_1500_bundle.tar.gz	bundle_archive	False	True	-rw-r--r-- iturkmen us_cms 130695454 2026-07-23 04:45:25 /store/user/iturkmen/hh4b_delphes/run2_13tev/frozen_v2/bundles/final_background_triboson_zbb_scaleout40k_20260722_v1/zzz_zbb_run2_frozen_v2_train_shard9923_1500_bundle.tar.gz
/store/user/iturkmen/hh4b_delphes/run2_13tev/frozen_v2/bundles/final_background_triboson_zbb_scaleout40k_20260722_v1	/store/user/iturkmen/hh4b_delphes/run2_13tev/frozen_v2/bundles/final_background_triboson_zbb_scaleout40k_20260722_v1/zzz_zbb_run2_frozen_v2_train_shard9924_1500_bundle.tar.gz	bundle_archive	False	True	-rw-r--r-- iturkmen us_cms 131605969 2026-07-23 04:46:23 /store/user/iturkmen/hh4b_delphes/run2_13tev/frozen_v2/bundles/final_background_triboson_zbb_scaleout40k_20260722_v1/zzz_zbb_run2_frozen_v2_train_shard9924_1500_bundle.tar.gz
/store/user/iturkmen/hh4b_delphes/run2_13tev/frozen_v2/bundles/unified_background_5m_wavea_zbbbb_remaining15_20260721_v1	/store/user/iturkmen/hh4b_delphes/run2_13tev/frozen_v2/bundles/unified_background_5m_wavea_zbbbb_remaining15_20260721_v1/zbbbb_run2_frozen_v2_unified5m_wavea_shard010_10k_bundle.tar.gz	bundle_archive	False	True	-rw-r--r-- iturkmen us_cms 854468021 2026-07-21 06:10:47 /store/user/iturkmen/hh4b_delphes/run2_13tev/frozen_v2/bundles/unified_background_5m_wavea_zbbbb_remaining15_20260721_v1/zbbbb_run2_frozen_v2_unified5m_wavea_shard010_10k_bundle.tar.gz
/store/user/iturkmen/hh4b_delphes/run2_13tev/frozen_v2/bundles/unified_background_5m_wavea_zbbbb_remaining15_20260721_v1	/store/user/iturkmen/hh4b_delphes/run2_13tev/frozen_v2/bundles/unified_background_5m_wavea_zbbbb_remaining15_20260721_v1/zbbbb_run2_frozen_v2_unified5m_wavea_shard011_10k_bundle.tar.gz	bundle_archive	False	True	-rw-r--r-- iturkmen us_cms 850580019 2026-07-21 06:15:03 /store/user/iturkmen/hh4b_delphes/run2_13tev/frozen_v2/bundles/unified_background_5m_wavea_zbbbb_remaining15_20260721_v1/zbbbb_run2_frozen_v2_unified5m_wavea_shard011_10k_bundle.tar.gz
/store/user/iturkmen/hh4b_delphes/run2_13tev/frozen_v2/bundles/unified_background_5m_wavea_zbbbb_remaining15_20260721_v1	/store/user/iturkmen/hh4b_delphes/run2_13tev/frozen_v2/bundles/unified_background_5m_wavea_zbbbb_remaining15_20260721_v1/zbbbb_run2_frozen_v2_unified5m_wavea_shard012_10k_bundle.tar.gz	bundle_archive	False	True	-rw-r--r-- iturkmen us_cms 857180517 2026-07-21 06:16:01 /store/user/iturkmen/hh4b_delphes/run2_13tev/frozen_v2/bundles/unified_background_5m_wavea_zbbbb_remaining15_20260721_v1/zbbbb_run2_frozen_v2_unified5m_wavea_shard012_10k_bundle.tar.gz
/store/user/iturkmen/hh4b_delphes/run2_13tev/frozen_v2/bundles/unified_background_5m_wavea_zbbbb_remaining15_20260721_v1	/store/user/iturkmen/hh4b_delphes/run2_13tev/frozen_v2/bundles/unified_background_5m_wavea_zbbbb_remaining15_20260721_v1/zbbbb_run2_frozen_v2_unified5m_wavea_shard013_10k_bundle.tar.gz	bundle_archive	False	True	-rw-r--r-- iturkmen us_cms 854688915 2026-07-21 06:09:43 /store/user/iturkmen/hh4b_delphes/run2_13tev/frozen_v2/bundles/unified_background_5m_wavea_zbbbb_remaining15_20260721_v1/zbbbb_run2_frozen_v2_unified5m_wavea_shard013_10k_bundle.tar.gz
/store/user/iturkmen/hh4b_delphes/run2_13tev/frozen_v2/bundles/unified_background_5m_wavea_zbbbb_remaining15_20260721_v1	/store/user/iturkmen/hh4b_delphes/run2_13tev/frozen_v2/bundles/unified_background_5m_wavea_zbbbb_remaining15_20260721_v1/zbbbb_run2_frozen_v2_unified5m_wavea_shard014_10k_bundle.tar.gz	bundle_archive	False	True	-rw-r--r-- iturkmen us_cms 849963672 2026-07-21 06:15:24 /store/user/iturkmen/hh4b_delphes/run2_13tev/frozen_v2/bundles/unified_background_5m_wavea_zbbbb_remaining15_20260721_v1/zbbbb_run2_frozen_v2_unified5m_wavea_shard014_10k_bundle.tar.gz
/store/user/iturkmen/hh4b_delphes/run2_13tev/frozen_v2/bundles/unified_background_5m_wavea_zbbbb_remaining15_20260721_v1	/store/user/iturkmen/hh4b_delphes/run2_13tev/frozen_v2/bundles/unified_background_5m_wavea_zbbbb_remaining15_20260721_v1/zbbbb_run2_frozen_v2_unified5m_wavea_shard015_10k_bundle.tar.gz	bundle_archive	False	True	-rw-r--r-- iturkmen us_cms 853406891 2026-07-21 06:11:21 /store/user/iturkmen/hh4b_delphes/run2_13tev/frozen_v2/bundles/unified_background_5m_wavea_zbbbb_remaining15_20260721_v1/zbbbb_run2_frozen_v2_unified5m_wavea_shard015_10k_bundle.tar.gz
/store/user/iturkmen/hh4b_delphes/run2_13tev/frozen_v2/bundles/unified_background_5m_wavea_zbbbb_remaining15_20260721_v1	/store/user/iturkmen/hh4b_delphes/run2_13tev/frozen_v2/bundles/unified_background_5m_wavea_zbbbb_remaining15_20260721_v1/zbbbb_run2_frozen_v2_unified5m_wavea_shard016_10k_bundle.tar.gz	bundle_archive	False	True	-rw-r--r-- iturkmen us_cms 853505275 2026-07-21 06:14:12 /store/user/iturkmen/hh4b_delphes/run2_13tev/frozen_v2/bundles/unified_background_5m_wavea_zbbbb_remaining15_20260721_v1/zbbbb_run2_frozen_v2_unified5m_wavea_shard016_10k_bundle.tar.gz
/store/user/iturkmen/hh4b_delphes/run2_13tev/frozen_v2/bundles/unified_background_5m_wavea_zbbbb_remaining15_20260721_v1	/store/user/iturkmen/hh4b_delphes/run2_13tev/frozen_v2/bundles/unified_background_5m_wavea_zbbbb_remaining15_20260721_v1/zbbbb_run2_frozen_v2_unified5m_wavea_shard017_10k_bundle.tar.gz	bundle_archive	False	True	-rw-r--r-- iturkmen us_cms 853104477 2026-07-21 06:10:45 /store/user/iturkmen/hh4b_delphes/run2_13tev/frozen_v2/bundles/unified_background_5m_wavea_zbbbb_remaining15_20260721_v1/zbbbb_run2_frozen_v2_unified5m_wavea_shard017_10k_bundle.tar.gz
/store/user/iturkmen/hh4b_delphes/run2_13tev/frozen_v2/bundles/unified_background_5m_wavea_zbbbb_remaining15_20260721_v1	/store/user/iturkmen/hh4b_delphes/run2_13tev/frozen_v2/bundles/unified_background_5m_wavea_zbbbb_remaining15_20260721_v1/zbbbb_run2_frozen_v2_unified5m_wavea_shard018_10k_bundle.tar.gz	bundle_archive	False	True	-rw-r--r-- iturkmen us_cms 852581308 2026-07-21 06:11:15 /store/user/iturkmen/hh4b_delphes/run2_13tev/frozen_v2/bundles/unified_background_5m_wavea_zbbbb_remaining15_20260721_v1/zbbbb_run2_frozen_v2_unified5m_wavea_shard018_10k_bundle.tar.gz
/store/user/iturkmen/hh4b_delphes/run2_13tev/frozen_v2/bundles/unified_background_5m_wavea_zbbbb_remaining15_20260721_v1	/store/user/iturkmen/hh4b_delphes/run2_13tev/frozen_v2/bundles/unified_background_5m_wavea_zbbbb_remaining15_20260721_v1/zbbbb_run2_frozen_v2_unified5m_wavea_shard019_10k_bundle.tar.gz	bundle_archive	False	True	-rw-r--r-- iturkmen us_cms 853084593 2026-07-21 06:14:59 /store/user/iturkmen/hh4b_delphes/run2_13tev/frozen_v2/bundles/unified_background_5m_wavea_zbbbb_remaining15_20260721_v1/zbbbb_run2_frozen_v2_unified5m_wavea_shard019_10k_bundle.tar.gz
/store/user/iturkmen/hh4b_delphes/run2_13tev/frozen_v2/bundles/unified_background_5m_wavea_zbbbb_remaining15_20260721_v1	/store/user/iturkmen/hh4b_delphes/run2_13tev/frozen_v2/bundles/unified_background_5m_wavea_zbbbb_remaining15_20260721_v1/zbbbb_run2_frozen_v2_unified5m_wavea_shard020_10k_bundle.tar.gz	bundle_archive	False	True	-rw-r--r-- iturkmen us_cms 845260171 2026-07-21 06:14:39 /store/user/iturkmen/hh4b_delphes/run2_13tev/frozen_v2/bundles/unified_background_5m_wavea_zbbbb_remaining15_20260721_v1/zbbbb_run2_frozen_v2_unified5m_wavea_shard020_10k_bundle.tar.gz
/store/user/iturkmen/hh4b_delphes/run2_13tev/frozen_v2/bundles/unified_background_5m_wavea_zbbbb_remaining15_20260721_v1	/store/user/iturkmen/hh4b_delphes/run2_13tev/frozen_v2/bundles/unified_background_5m_wavea_zbbbb_remaining15_20260721_v1/zbbbb_run2_frozen_v2_unified5m_wavea_shard021_10k_bundle.tar.gz	bundle_archive	False	True	-rw-r--r-- iturkmen us_cms 856571976 2026-07-21 06:10:48 /store/user/iturkmen/hh4b_delphes/run2_13tev/frozen_v2/bundles/unified_background_5m_wavea_zbbbb_remaining15_20260721_v1/zbbbb_run2_frozen_v2_unified5m_wavea_shard021_10k_bundle.tar.gz
/store/user/iturkmen/hh4b_delphes/run2_13tev/frozen_v2/bundles/unified_background_5m_wavea_zbbbb_remaining15_20260721_v1	/store/user/iturkmen/hh4b_delphes/run2_13tev/frozen_v2/bundles/unified_background_5m_wavea_zbbbb_remaining15_20260721_v1/zbbbb_run2_frozen_v2_unified5m_wavea_shard022_10k_bundle.tar.gz	bundle_archive	False	True	-rw-r--r-- iturkmen us_cms 850790421 2026-07-21 06:13:55 /store/user/iturkmen/hh4b_delphes/run2_13tev/frozen_v2/bundles/unified_background_5m_wavea_zbbbb_remaining15_20260721_v1/zbbbb_run2_frozen_v2_unified5m_wavea_shard022_10k_bundle.tar.gz
/store/user/iturkmen/hh4b_delphes/run2_13tev/frozen_v2/bundles/unified_background_5m_wavea_zbbbb_remaining15_20260721_v1	/store/user/iturkmen/hh4b_delphes/run2_13tev/frozen_v2/bundles/unified_background_5m_wavea_zbbbb_remaining15_20260721_v1/zbbbb_run2_frozen_v2_unified5m_wavea_shard023_10k_bundle.tar.gz	bundle_archive	False	True	-rw-r--r-- iturkmen us_cms 852393266 2026-07-21 06:10:41 /store/user/iturkmen/hh4b_delphes/run2_13tev/frozen_v2/bundles/unified_background_5m_wavea_zbbbb_remaining15_20260721_v1/zbbbb_run2_frozen_v2_unified5m_wavea_shard023_10k_bundle.tar.gz
/store/user/iturkmen/hh4b_delphes/run2_13tev/frozen_v2/bundles/unified_background_5m_wavea_zbbbb_remaining15_20260721_v1	/store/user/iturkmen/hh4b_delphes/run2_13tev/frozen_v2/bundles/unified_background_5m_wavea_zbbbb_remaining15_20260721_v1/zbbbb_run2_frozen_v2_unified5m_wavea_shard024_10k_bundle.tar.gz	bundle_archive	False	True	-rw-r--r-- iturkmen us_cms 856421915 2026-07-21 06:10:41 /store/user/iturkmen/hh4b_delphes/run2_13tev/frozen_v2/bundles/unified_background_5m_wavea_zbbbb_remaining15_20260721_v1/zbbbb_run2_frozen_v2_unified5m_wavea_shard024_10k_bundle.tar.gz
/store/user/iturkmen/hh4b_delphes/run2_13tev/frozen_v2/bundles/ggf_hh4b_ml_ext20k_frozen_v2_20260716	/store/user/iturkmen/hh4b_delphes/run2_13tev/frozen_v2/bundles/ggf_hh4b_ml_ext20k_frozen_v2_20260716/HH4b_ggf_ggf_hh4b_ml_ext20k_frozen_v2_20260716_shard000_seed86000_bundle.tar.gz	bundle_archive	False	True	-rw-r--r-- iturkmen us_cms 185192232 2026-07-16 16:41:18 /store/user/iturkmen/hh4b_delphes/run2_13tev/frozen_v2/bundles/ggf_hh4b_ml_ext20k_frozen_v2_20260716/HH4b_ggf_ggf_hh4b_ml_ext20k_frozen_v2_20260716_shard000_seed86000_bundle.tar.gz
/store/user/iturkmen/hh4b_delphes/run2_13tev/frozen_v2/bundles/ggf_hh4b_ml_ext20k_frozen_v2_20260716	/store/user/iturkmen/hh4b_delphes/run2_13tev/frozen_v2/bundles/ggf_hh4b_ml_ext20k_frozen_v2_20260716/HH4b_ggf_ggf_hh4b_ml_ext20k_frozen_v2_20260716_shard001_seed86001_bundle.tar.gz	bundle_archive	False	True	-rw-r--r-- iturkmen us_cms 186204281 2026-07-16 16:40:36 /store/user/iturkmen/hh4b_delphes/run2_13tev/frozen_v2/bundles/ggf_hh4b_ml_ext20k_frozen_v2_20260716/HH4b_ggf_ggf_hh4b_ml_ext20k_frozen_v2_20260716_shard001_seed86001_bundle.tar.gz
/store/user/iturkmen/hh4b_delphes/run2_13tev/frozen_v2/bundles/ggf_hh4b_ml_ext20k_frozen_v2_20260716	/store/user/iturkmen/hh4b_delphes/run2_13tev/frozen_v2/bundles/ggf_hh4b_ml_ext20k_frozen_v2_20260716/HH4b_ggf_ggf_hh4b_ml_ext20k_frozen_v2_20260716_shard002_seed86002_bundle.tar.gz	bundle_archive	False	True	-rw-r--r-- iturkmen us_cms 186421503 2026-07-16 16:40:30 /store/user/iturkmen/hh4b_delphes/run2_13tev/frozen_v2/bundles/ggf_hh4b_ml_ext20k_frozen_v2_20260716/HH4b_ggf_ggf_hh4b_ml_ext20k_frozen_v2_20260716_shard002_seed86002_bundle.tar.gz
/store/user/iturkmen/hh4b_delphes/run2_13tev/frozen_v2/bundles/ggf_hh4b_ml_ext20k_frozen_v2_20260716	/store/user/iturkmen/hh4b_delphes/run2_13tev/frozen_v2/bundles/ggf_hh4b_ml_ext20k_frozen_v2_20260716/HH4b_ggf_ggf_hh4b_ml_ext20k_frozen_v2_20260716_shard003_seed86003_bundle.tar.gz	bundle_archive	False	True	-rw-r--r-- iturkmen us_cms 185348135 2026-07-16 16:40:46 /store/user/iturkmen/hh4b_delphes/run2_13tev/frozen_v2/bundles/ggf_hh4b_ml_ext20k_frozen_v2_20260716/HH4b_ggf_ggf_hh4b_ml_ext20k_frozen_v2_20260716_shard003_seed86003_bundle.tar.gz
/store/user/iturkmen/hh4b_delphes/run2_13tev/frozen_v2/bundles/ggf_hh4b_ml_ext20k_frozen_v2_20260716	/store/user/iturkmen/hh4b_delphes/run2_13tev/frozen_v2/bundles/ggf_hh4b_ml_ext20k_frozen_v2_20260716/HH4b_ggf_ggf_hh4b_ml_ext20k_frozen_v2_20260716_shard004_seed86004_bundle.tar.gz	bundle_archive	False	True	-rw-r--r-- iturkmen us_cms 182990543 2026-07-16 16:41:20 /store/user/iturkmen/hh4b_delphes/run2_13tev/frozen_v2/bundles/ggf_hh4b_ml_ext20k_frozen_v2_20260716/HH4b_ggf_ggf_hh4b_ml_ext20k_frozen_v2_20260716_shard004_seed86004_bundle.tar.gz
/store/user/iturkmen/hh4b_delphes/run2_13tev/frozen_v2/bundles/ggf_hh4b_ml_ext20k_frozen_v2_20260716	/store/user/iturkmen/hh4b_delphes/run2_13tev/frozen_v2/bundles/ggf_hh4b_ml_ext20k_frozen_v2_20260716/HH4b_ggf_ggf_hh4b_ml_ext20k_frozen_v2_20260716_shard005_seed86005_bundle.tar.gz	bundle_archive	False	True	-rw-r--r-- iturkmen us_cms 188236554 2026-07-16 16:40:41 /store/user/iturkmen/hh4b_delphes/run2_13tev/frozen_v2/bundles/ggf_hh4b_ml_ext20k_frozen_v2_20260716/HH4b_ggf_ggf_hh4b_ml_ext20k_frozen_v2_20260716_shard005_seed86005_bundle.tar.gz
/store/user/iturkmen/hh4b_delphes/run2_13tev/frozen_v2/bundles/ggf_hh4b_ml_ext20k_frozen_v2_20260716	/store/user/iturkmen/hh4b_delphes/run2_13tev/frozen_v2/bundles/ggf_hh4b_ml_ext20k_frozen_v2_20260716/HH4b_ggf_ggf_hh4b_ml_ext20k_frozen_v2_20260716_shard006_seed86006_bundle.tar.gz	bundle_archive	False	True	-rw-r--r-- iturkmen us_cms 187410675 2026-07-16 16:41:47 /store/user/iturkmen/hh4b_delphes/run2_13tev/frozen_v2/bundles/ggf_hh4b_ml_ext20k_frozen_v2_20260716/HH4b_ggf_ggf_hh4b_ml_ext20k_frozen_v2_20260716_shard006_seed86006_bundle.tar.gz
/store/user/iturkmen/hh4b_delphes/run2_13tev/frozen_v2/bundles/ggf_hh4b_ml_ext20k_frozen_v2_20260716	/store/user/iturkmen/hh4b_delphes/run2_13tev/frozen_v2/bundles/ggf_hh4b_ml_ext20k_frozen_v2_20260716/HH4b_ggf_ggf_hh4b_ml_ext20k_frozen_v2_20260716_shard007_seed86007_bundle.tar.gz	bundle_archive	False	True	-rw-r--r-- iturkmen us_cms 186029199 2026-07-16 16:42:57 /store/user/iturkmen/hh4b_delphes/run2_13tev/frozen_v2/bundles/ggf_hh4b_ml_ext20k_frozen_v2_20260716/HH4b_ggf_ggf_hh4b_ml_ext20k_frozen_v2_20260716_shard007_seed86007_bundle.tar.gz
/store/user/iturkmen/hh4b_delphes/run2_13tev/frozen_v2/bundles/ggf_hh4b_ml_ext20k_frozen_v2_20260716	/store/user/iturkmen/hh4b_delphes/run2_13tev/frozen_v2/bundles/ggf_hh4b_ml_ext20k_frozen_v2_20260716/HH4b_ggf_ggf_hh4b_ml_ext20k_frozen_v2_20260716_shard008_seed86008_bundle.tar.gz	bundle_archive	False	True	-rw-r--r-- iturkmen us_cms 189641923 2026-07-16 16:42:58 /store/user/iturkmen/hh4b_delphes/run2_13tev/frozen_v2/bundles/ggf_hh4b_ml_ext20k_frozen_v2_20260716/HH4b_ggf_ggf_hh4b_ml_ext20k_frozen_v2_20260716_shard008_seed86008_bundle.tar.gz
/store/user/iturkmen/hh4b_delphes/run2_13tev/frozen_v2/bundles/ggf_hh4b_ml_ext20k_frozen_v2_20260716	/store/user/iturkmen/hh4b_delphes/run2_13tev/frozen_v2/bundles/ggf_hh4b_ml_ext20k_frozen_v2_20260716/HH4b_ggf_ggf_hh4b_ml_ext20k_frozen_v2_20260716_shard009_seed86009_bundle.tar.gz	bundle_archive	False	True	-rw-r--r-- iturkmen us_cms 186969043 2026-07-16 16:43:04 /store/user/iturkmen/hh4b_delphes/run2_13tev/frozen_v2/bundles/ggf_hh4b_ml_ext20k_frozen_v2_20260716/HH4b_ggf_ggf_hh4b_ml_ext20k_frozen_v2_20260716_shard009_seed86009_bundle.tar.gz
/store/user/iturkmen/hh4b_delphes/run2_13tev/frozen_v2/bundles/ggf_hh4b_ml_ext20k_frozen_v2_20260716	/store/user/iturkmen/hh4b_delphes/run2_13tev/frozen_v2/bundles/ggf_hh4b_ml_ext20k_frozen_v2_20260716/HH4b_ggf_ggf_hh4b_ml_ext20k_frozen_v2_20260716_shard010_seed86010_bundle.tar.gz	bundle_archive	False	True	-rw-r--r-- iturkmen us_cms 184515193 2026-07-16 16:42:55 /store/user/iturkmen/hh4b_delphes/run2_13tev/frozen_v2/bundles/ggf_hh4b_ml_ext20k_frozen_v2_20260716/HH4b_ggf_ggf_hh4b_ml_ext20k_frozen_v2_20260716_shard010_seed86010_bundle.tar.gz
/store/user/iturkmen/hh4b_delphes/run2_13tev/frozen_v2/bundles/ggf_hh4b_ml_ext20k_frozen_v2_20260716	/store/user/iturkmen/hh4b_delphes/run2_13tev/frozen_v2/bundles/ggf_hh4b_ml_ext20k_frozen_v2_20260716/HH4b_ggf_ggf_hh4b_ml_ext20k_frozen_v2_20260716_shard011_seed86011_bundle.tar.gz	bundle_archive	False	True	-rw-r--r-- iturkmen us_cms 183960492 2026-07-16 16:42:56 /store/user/iturkmen/hh4b_delphes/run2_13tev/frozen_v2/bundles/ggf_hh4b_ml_ext20k_frozen_v2_20260716/HH4b_ggf_ggf_hh4b_ml_ext20k_frozen_v2_20260716_shard011_seed86011_bundle.tar.gz
/store/user/iturkmen/hh4b_delphes/run2_13tev/frozen_v2/bundles/ggf_hh4b_ml_ext20k_frozen_v2_20260716	/store/user/iturkmen/hh4b_delphes/run2_13tev/frozen_v2/bundles/ggf_hh4b_ml_ext20k_frozen_v2_20260716/HH4b_ggf_ggf_hh4b_ml_ext20k_frozen_v2_20260716_shard012_seed86012_bundle.tar.gz	bundle_archive	False	True	-rw-r--r-- iturkmen us_cms 184904011 2026-07-16 16:42:49 /store/user/iturkmen/hh4b_delphes/run2_13tev/frozen_v2/bundles/ggf_hh4b_ml_ext20k_frozen_v2_20260716/HH4b_ggf_ggf_hh4b_ml_ext20k_frozen_v2_20260716_shard012_seed86012_bundle.tar.gz
/store/user/iturkmen/hh4b_delphes/run2_13tev/frozen_v2/bundles/ggf_hh4b_ml_ext20k_frozen_v2_20260716	/store/user/iturkmen/hh4b_delphes/run2_13tev/frozen_v2/bundles/ggf_hh4b_ml_ext20k_frozen_v2_20260716/HH4b_ggf_ggf_hh4b_ml_ext20k_frozen_v2_20260716_shard013_seed86013_bundle.tar.gz	bundle_archive	False	True	-rw-r--r-- iturkmen us_cms 184233454 2026-07-16 16:42:34 /store/user/iturkmen/hh4b_delphes/run2_13tev/frozen_v2/bundles/ggf_hh4b_ml_ext20k_frozen_v2_20260716/HH4b_ggf_ggf_hh4b_ml_ext20k_frozen_v2_20260716_shard013_seed86013_bundle.tar.gz
/store/user/iturkmen/hh4b_delphes/run2_13tev/frozen_v2/bundles/ggf_hh4b_ml_ext20k_frozen_v2_20260716	/store/user/iturkmen/hh4b_delphes/run2_13tev/frozen_v2/bundles/ggf_hh4b_ml_ext20k_frozen_v2_20260716/HH4b_ggf_ggf_hh4b_ml_ext20k_frozen_v2_20260716_shard014_seed86014_bundle.tar.gz	bundle_archive	False	True	-rw-r--r-- iturkmen us_cms 184214941 2026-07-16 16:42:08 /store/user/iturkmen/hh4b_delphes/run2_13tev/frozen_v2/bundles/ggf_hh4b_ml_ext20k_frozen_v2_20260716/HH4b_ggf_ggf_hh4b_ml_ext20k_frozen_v2_20260716_shard014_seed86014_bundle.tar.gz
/store/user/iturkmen/hh4b_delphes/run2_13tev/frozen_v2/bundles/ggf_hh4b_ml_ext20k_frozen_v2_20260716	/store/user/iturkmen/hh4b_delphes/run2_13tev/frozen_v2/bundles/ggf_hh4b_ml_ext20k_frozen_v2_20260716/HH4b_ggf_ggf_hh4b_ml_ext20k_frozen_v2_20260716_shard015_seed86015_bundle.tar.gz	bundle_archive	False	True	-rw-r--r-- iturkmen us_cms 182234039 2026-07-16 16:41:12 /store/user/iturkmen/hh4b_delphes/run2_13tev/frozen_v2/bundles/ggf_hh4b_ml_ext20k_frozen_v2_20260716/HH4b_ggf_ggf_hh4b_ml_ext20k_frozen_v2_20260716_shard015_seed86015_bundle.tar.gz
/store/user/iturkmen/hh4b_delphes/run2_13tev/frozen_v2/bundles/ggf_hh4b_ml_ext20k_frozen_v2_20260716	/store/user/iturkmen/hh4b_delphes/run2_13tev/frozen_v2/bundles/ggf_hh4b_ml_ext20k_frozen_v2_20260716/HH4b_ggf_ggf_hh4b_ml_ext20k_frozen_v2_20260716_shard016_seed86016_bundle.tar.gz	bundle_archive	False	True	-rw-r--r-- iturkmen us_cms 187570642 2026-07-16 16:41:34 /store/user/iturkmen/hh4b_delphes/run2_13tev/frozen_v2/bundles/ggf_hh4b_ml_ext20k_frozen_v2_20260716/HH4b_ggf_ggf_hh4b_ml_ext20k_frozen_v2_20260716_shard016_seed86016_bundle.tar.gz
/store/user/iturkmen/hh4b_delphes/run2_13tev/frozen_v2/bundles/ggf_hh4b_ml_ext20k_frozen_v2_20260716	/store/user/iturkmen/hh4b_delphes/run2_13tev/frozen_v2/bundles/ggf_hh4b_ml_ext20k_frozen_v2_20260716/HH4b_ggf_ggf_hh4b_ml_ext20k_frozen_v2_20260716_shard017_seed86017_bundle.tar.gz	bundle_archive	False	True	-rw-r--r-- iturkmen us_cms 185443903 2026-07-16 16:40:56 /store/user/iturkmen/hh4b_delphes/run2_13tev/frozen_v2/bundles/ggf_hh4b_ml_ext20k_frozen_v2_20260716/HH4b_ggf_ggf_hh4b_ml_ext20k_frozen_v2_20260716_shard017_seed86017_bundle.tar.gz
/store/user/iturkmen/hh4b_delphes/run2_13tev/frozen_v2/bundles/ggf_hh4b_ml_ext20k_frozen_v2_20260716	/store/user/iturkmen/hh4b_delphes/run2_13tev/frozen_v2/bundles/ggf_hh4b_ml_ext20k_frozen_v2_20260716/HH4b_ggf_ggf_hh4b_ml_ext20k_frozen_v2_20260716_shard018_seed86018_bundle.tar.gz	bundle_archive	False	True	-rw-r--r-- iturkmen us_cms 183458090 2026-07-16 16:41:12 /store/user/iturkmen/hh4b_delphes/run2_13tev/frozen_v2/bundles/ggf_hh4b_ml_ext20k_frozen_v2_20260716/HH4b_ggf_ggf_hh4b_ml_ext20k_frozen_v2_20260716_shard018_seed86018_bundle.tar.gz
/store/user/iturkmen/hh4b_delphes/run2_13tev/frozen_v2/bundles/ggf_hh4b_ml_ext20k_frozen_v2_20260716	/store/user/iturkmen/hh4b_delphes/run2_13tev/frozen_v2/bundles/ggf_hh4b_ml_ext20k_frozen_v2_20260716/HH4b_ggf_ggf_hh4b_ml_ext20k_frozen_v2_20260716_shard019_seed86019_bundle.tar.gz	bundle_archive	False	True	-rw-r--r-- iturkmen us_cms 191847781 2026-07-16 16:37:30 /store/user/iturkmen/hh4b_delphes/run2_13tev/frozen_v2/bundles/ggf_hh4b_ml_ext20k_frozen_v2_20260716/HH4b_ggf_ggf_hh4b_ml_ext20k_frozen_v2_20260716_shard019_seed86019_bundle.tar.gz
/store/user/iturkmen/hh4b_delphes/run2_13tev/frozen_v2/bundles/ggf_hh4b_ml_ext80k_frozen_v2_20260721_v1	/store/user/iturkmen/hh4b_delphes/run2_13tev/frozen_v2/bundles/ggf_hh4b_ml_ext80k_frozen_v2_20260721_v1/HH4b_ggf_ggf_hh4b_ml_ext80k_frozen_v2_20260721_v1_shard020_seed86020_bundle.tar.gz	bundle_archive	False	True	-rw-r--r-- iturkmen us_cms 185982525 2026-07-21 22:56:03 /store/user/iturkmen/hh4b_delphes/run2_13tev/frozen_v2/bundles/ggf_hh4b_ml_ext80k_frozen_v2_20260721_v1/HH4b_ggf_ggf_hh4b_ml_ext80k_frozen_v2_20260721_v1_shard020_seed86020_bundle.tar.gz
/store/user/iturkmen/hh4b_delphes/run2_13tev/frozen_v2/bundles/ggf_hh4b_ml_ext80k_frozen_v2_20260721_v1	/store/user/iturkmen/hh4b_delphes/run2_13tev/frozen_v2/bundles/ggf_hh4b_ml_ext80k_frozen_v2_20260721_v1/HH4b_ggf_ggf_hh4b_ml_ext80k_frozen_v2_20260721_v1_shard021_seed86021_bundle.tar.gz	bundle_archive	False	True	-rw-r--r-- iturkmen us_cms 185909319 2026-07-21 23:16:32 /store/user/iturkmen/hh4b_delphes/run2_13tev/frozen_v2/bundles/ggf_hh4b_ml_ext80k_frozen_v2_20260721_v1/HH4b_ggf_ggf_hh4b_ml_ext80k_frozen_v2_20260721_v1_shard021_seed86021_bundle.tar.gz
/store/user/iturkmen/hh4b_delphes/run2_13tev/frozen_v2/bundles/ggf_hh4b_ml_ext80k_frozen_v2_20260721_v1	/store/user/iturkmen/hh4b_delphes/run2_13tev/frozen_v2/bundles/ggf_hh4b_ml_ext80k_frozen_v2_20260721_v1/HH4b_ggf_ggf_hh4b_ml_ext80k_frozen_v2_20260721_v1_shard022_seed86022_bundle.tar.gz	bundle_archive	False	True	-rw-r--r-- iturkmen us_cms 185310159 2026-07-21 23:14:41 /store/user/iturkmen/hh4b_delphes/run2_13tev/frozen_v2/bundles/ggf_hh4b_ml_ext80k_frozen_v2_20260721_v1/HH4b_ggf_ggf_hh4b_ml_ext80k_frozen_v2_20260721_v1_shard022_seed86022_bundle.tar.gz
/store/user/iturkmen/hh4b_delphes/run2_13tev/frozen_v2/bundles/ggf_hh4b_ml_ext80k_frozen_v2_20260721_v1	/store/user/iturkmen/hh4b_delphes/run2_13tev/frozen_v2/bundles/ggf_hh4b_ml_ext80k_frozen_v2_20260721_v1/HH4b_ggf_ggf_hh4b_ml_ext80k_frozen_v2_20260721_v1_shard023_seed86023_bundle.tar.gz	bundle_archive	False	True	-rw-r--r-- iturkmen us_cms 185700325 2026-07-21 23:14:58 /store/user/iturkmen/hh4b_delphes/run2_13tev/frozen_v2/bundles/ggf_hh4b_ml_ext80k_frozen_v2_20260721_v1/HH4b_ggf_ggf_hh4b_ml_ext80k_frozen_v2_20260721_v1_shard023_seed86023_bundle.tar.gz
/store/user/iturkmen/hh4b_delphes/run2_13tev/frozen_v2/bundles/ggf_hh4b_ml_ext80k_frozen_v2_20260721_v1	/store/user/iturkmen/hh4b_delphes/run2_13tev/frozen_v2/bundles/ggf_hh4b_ml_ext80k_frozen_v2_20260721_v1/HH4b_ggf_ggf_hh4b_ml_ext80k_frozen_v2_20260721_v1_shard024_seed86024_bundle.tar.gz	bundle_archive	False	True	-rw-r--r-- iturkmen us_cms 185272835 2026-07-21 23:15:08 /store/user/iturkmen/hh4b_delphes/run2_13tev/frozen_v2/bundles/ggf_hh4b_ml_ext80k_frozen_v2_20260721_v1/HH4b_ggf_ggf_hh4b_ml_ext80k_frozen_v2_20260721_v1_shard024_seed86024_bundle.tar.gz
/store/user/iturkmen/hh4b_delphes/run2_13tev/frozen_v2/bundles/ggf_hh4b_ml_ext80k_frozen_v2_20260721_v1	/store/user/iturkmen/hh4b_delphes/run2_13tev/frozen_v2/bundles/ggf_hh4b_ml_ext80k_frozen_v2_20260721_v1/HH4b_ggf_ggf_hh4b_ml_ext80k_frozen_v2_20260721_v1_shard025_seed86025_bundle.tar.gz	bundle_archive	False	True	-rw-r--r-- iturkmen us_cms 187971643 2026-07-21 23:16:07 /store/user/iturkmen/hh4b_delphes/run2_13tev/frozen_v2/bundles/ggf_hh4b_ml_ext80k_frozen_v2_20260721_v1/HH4b_ggf_ggf_hh4b_ml_ext80k_frozen_v2_20260721_v1_shard025_seed86025_bundle.tar.gz
/store/user/iturkmen/hh4b_delphes/run2_13tev/frozen_v2/bundles/ggf_hh4b_ml_ext80k_frozen_v2_20260721_v1	/store/user/iturkmen/hh4b_delphes/run2_13tev/frozen_v2/bundles/ggf_hh4b_ml_ext80k_frozen_v2_20260721_v1/HH4b_ggf_ggf_hh4b_ml_ext80k_frozen_v2_20260721_v1_shard026_seed86026_bundle.tar.gz	bundle_archive	False	True	-rw-r--r-- iturkmen us_cms 185209647 2026-07-21 23:16:02 /store/user/iturkmen/hh4b_delphes/run2_13tev/frozen_v2/bundles/ggf_hh4b_ml_ext80k_frozen_v2_20260721_v1/HH4b_ggf_ggf_hh4b_ml_ext80k_frozen_v2_20260721_v1_shard026_seed86026_bundle.tar.gz
/store/user/iturkmen/hh4b_delphes/run2_13tev/frozen_v2/bundles/ggf_hh4b_ml_ext80k_frozen_v2_20260721_v1	/store/user/iturkmen/hh4b_delphes/run2_13tev/frozen_v2/bundles/ggf_hh4b_ml_ext80k_frozen_v2_20260721_v1/HH4b_ggf_ggf_hh4b_ml_ext80k_frozen_v2_20260721_v1_shard027_seed86027_bundle.tar.gz	bundle_archive	False	True	-rw-r--r-- iturkmen us_cms 186074274 2026-07-21 23:15:00 /store/user/iturkmen/hh4b_delphes/run2_13tev/frozen_v2/bundles/ggf_hh4b_ml_ext80k_frozen_v2_20260721_v1/HH4b_ggf_ggf_hh4b_ml_ext80k_frozen_v2_20260721_v1_shard027_seed86027_bundle.tar.gz
/store/user/iturkmen/hh4b_delphes/run2_13tev/frozen_v2/bundles/ggf_hh4b_ml_ext80k_frozen_v2_20260721_v1	/store/user/iturkmen/hh4b_delphes/run2_13tev/frozen_v2/bundles/ggf_hh4b_ml_ext80k_frozen_v2_20260721_v1/HH4b_ggf_ggf_hh4b_ml_ext80k_frozen_v2_20260721_v1_shard028_seed86028_bundle.tar.gz	bundle_archive	False	True	-rw-r--r-- iturkmen us_cms 184914205 2026-07-21 23:16:03 /store/user/iturkmen/hh4b_delphes/run2_13tev/frozen_v2/bundles/ggf_hh4b_ml_ext80k_frozen_v2_20260721_v1/HH4b_ggf_ggf_hh4b_ml_ext80k_frozen_v2_20260721_v1_shard028_seed86028_bundle.tar.gz
/store/user/iturkmen/hh4b_delphes/run2_13tev/frozen_v2/bundles/ggf_hh4b_ml_ext80k_frozen_v2_20260721_v1	/store/user/iturkmen/hh4b_delphes/run2_13tev/frozen_v2/bundles/ggf_hh4b_ml_ext80k_frozen_v2_20260721_v1/HH4b_ggf_ggf_hh4b_ml_ext80k_frozen_v2_20260721_v1_shard029_seed86029_bundle.tar.gz	bundle_archive	False	True	-rw-r--r-- iturkmen us_cms 182805473 2026-07-21 23:15:55 /store/user/iturkmen/hh4b_delphes/run2_13tev/frozen_v2/bundles/ggf_hh4b_ml_ext80k_frozen_v2_20260721_v1/HH4b_ggf_ggf_hh4b_ml_ext80k_frozen_v2_20260721_v1_shard029_seed86029_bundle.tar.gz
/store/user/iturkmen/hh4b_delphes/run2_13tev/frozen_v2/bundles/ggf_hh4b_ml_ext80k_frozen_v2_20260721_v1	/store/user/iturkmen/hh4b_delphes/run2_13tev/frozen_v2/bundles/ggf_hh4b_ml_ext80k_frozen_v2_20260721_v1/HH4b_ggf_ggf_hh4b_ml_ext80k_frozen_v2_20260721_v1_shard030_seed86030_bundle.tar.gz	bundle_archive	False	True	-rw-r--r-- iturkmen us_cms 186948243 2026-07-21 23:14:59 /store/user/iturkmen/hh4b_delphes/run2_13tev/frozen_v2/bundles/ggf_hh4b_ml_ext80k_frozen_v2_20260721_v1/HH4b_ggf_ggf_hh4b_ml_ext80k_frozen_v2_20260721_v1_shard030_seed86030_bundle.tar.gz
/store/user/iturkmen/hh4b_delphes/run2_13tev/frozen_v2/bundles/ggf_hh4b_ml_ext80k_frozen_v2_20260721_v1	/store/user/iturkmen/hh4b_delphes/run2_13tev/frozen_v2/bundles/ggf_hh4b_ml_ext80k_frozen_v2_20260721_v1/HH4b_ggf_ggf_hh4b_ml_ext80k_frozen_v2_20260721_v1_shard031_seed86031_bundle.tar.gz	bundle_archive	False	True	-rw-r--r-- iturkmen us_cms 182450919 2026-07-21 23:15:09 /store/user/iturkmen/hh4b_delphes/run2_13tev/frozen_v2/bundles/ggf_hh4b_ml_ext80k_frozen_v2_20260721_v1/HH4b_ggf_ggf_hh4b_ml_ext80k_frozen_v2_20260721_v1_shard031_seed86031_bundle.tar.gz
/store/user/iturkmen/hh4b_delphes/run2_13tev/frozen_v2/bundles/ggf_hh4b_ml_ext80k_frozen_v2_20260721_v1	/store/user/iturkmen/hh4b_delphes/run2_13tev/frozen_v2/bundles/ggf_hh4b_ml_ext80k_frozen_v2_20260721_v1/HH4b_ggf_ggf_hh4b_ml_ext80k_frozen_v2_20260721_v1_shard032_seed86032_bundle.tar.gz	bundle_archive	False	True	-rw-r--r-- iturkmen us_cms 190487556 2026-07-21 23:17:29 /store/user/iturkmen/hh4b_delphes/run2_13tev/frozen_v2/bundles/ggf_hh4b_ml_ext80k_frozen_v2_20260721_v1/HH4b_ggf_ggf_hh4b_ml_ext80k_frozen_v2_20260721_v1_shard032_seed86032_bundle.tar.gz
/store/user/iturkmen/hh4b_delphes/run2_13tev/frozen_v2/bundles/ggf_hh4b_ml_ext80k_frozen_v2_20260721_v1	/store/user/iturkmen/hh4b_delphes/run2_13tev/frozen_v2/bundles/ggf_hh4b_ml_ext80k_frozen_v2_20260721_v1/HH4b_ggf_ggf_hh4b_ml_ext80k_frozen_v2_20260721_v1_shard033_seed86033_bundle.tar.gz	bundle_archive	False	True	-rw-r--r-- iturkmen us_cms 183055290 2026-07-21 23:21:43 /store/user/iturkmen/hh4b_delphes/run2_13tev/frozen_v2/bundles/ggf_hh4b_ml_ext80k_frozen_v2_20260721_v1/HH4b_ggf_ggf_hh4b_ml_ext80k_frozen_v2_20260721_v1_shard033_seed86033_bundle.tar.gz
/store/user/iturkmen/hh4b_delphes/run2_13tev/frozen_v2/bundles/ggf_hh4b_ml_ext80k_frozen_v2_20260721_v1	/store/user/iturkmen/hh4b_delphes/run2_13tev/frozen_v2/bundles/ggf_hh4b_ml_ext80k_frozen_v2_20260721_v1/HH4b_ggf_ggf_hh4b_ml_ext80k_frozen_v2_20260721_v1_shard034_seed86034_bundle.tar.gz	bundle_archive	False	True	-rw-r--r-- iturkmen us_cms 186509855 2026-07-21 23:16:54 /store/user/iturkmen/hh4b_delphes/run2_13tev/frozen_v2/bundles/ggf_hh4b_ml_ext80k_frozen_v2_20260721_v1/HH4b_ggf_ggf_hh4b_ml_ext80k_frozen_v2_20260721_v1_shard034_seed86034_bundle.tar.gz
/store/user/iturkmen/hh4b_delphes/run2_13tev/frozen_v2/bundles/ggf_hh4b_ml_ext80k_frozen_v2_20260721_v1	/store/user/iturkmen/hh4b_delphes/run2_13tev/frozen_v2/bundles/ggf_hh4b_ml_ext80k_frozen_v2_20260721_v1/HH4b_ggf_ggf_hh4b_ml_ext80k_frozen_v2_20260721_v1_shard035_seed86035_bundle.tar.gz	bundle_archive	False	True	-rw-r--r-- iturkmen us_cms 184527934 2026-07-21 23:17:07 /store/user/iturkmen/hh4b_delphes/run2_13tev/frozen_v2/bundles/ggf_hh4b_ml_ext80k_frozen_v2_20260721_v1/HH4b_ggf_ggf_hh4b_ml_ext80k_frozen_v2_20260721_v1_shard035_seed86035_bundle.tar.gz
/store/user/iturkmen/hh4b_delphes/run2_13tev/frozen_v2/bundles/ggf_hh4b_ml_ext80k_frozen_v2_20260721_v1	/store/user/iturkmen/hh4b_delphes/run2_13tev/frozen_v2/bundles/ggf_hh4b_ml_ext80k_frozen_v2_20260721_v1/HH4b_ggf_ggf_hh4b_ml_ext80k_frozen_v2_20260721_v1_shard036_seed86036_bundle.tar.gz	bundle_archive	False	True	-rw-r--r-- iturkmen us_cms 186546459 2026-07-21 23:21:48 /store/user/iturkmen/hh4b_delphes/run2_13tev/frozen_v2/bundles/ggf_hh4b_ml_ext80k_frozen_v2_20260721_v1/HH4b_ggf_ggf_hh4b_ml_ext80k_frozen_v2_20260721_v1_shard036_seed86036_bundle.tar.gz
/store/user/iturkmen/hh4b_delphes/run2_13tev/frozen_v2/bundles/ggf_hh4b_ml_ext80k_frozen_v2_20260721_v1	/store/user/iturkmen/hh4b_delphes/run2_13tev/frozen_v2/bundles/ggf_hh4b_ml_ext80k_frozen_v2_20260721_v1/HH4b_ggf_ggf_hh4b_ml_ext80k_frozen_v2_20260721_v1_shard037_seed86037_bundle.tar.gz	bundle_archive	False	True	-rw-r--r-- iturkmen us_cms 185151536 2026-07-21 23:16:53 /store/user/iturkmen/hh4b_delphes/run2_13tev/frozen_v2/bundles/ggf_hh4b_ml_ext80k_frozen_v2_20260721_v1/HH4b_ggf_ggf_hh4b_ml_ext80k_frozen_v2_20260721_v1_shard037_seed86037_bundle.tar.gz
/store/user/iturkmen/hh4b_delphes/run2_13tev/frozen_v2/bundles/ggf_hh4b_ml_ext80k_frozen_v2_20260721_v1	/store/user/iturkmen/hh4b_delphes/run2_13tev/frozen_v2/bundles/ggf_hh4b_ml_ext80k_frozen_v2_20260721_v1/HH4b_ggf_ggf_hh4b_ml_ext80k_frozen_v2_20260721_v1_shard038_seed86038_bundle.tar.gz	bundle_archive	False	True	-rw-r--r-- iturkmen us_cms 184036253 2026-07-21 23:16:57 /store/user/iturkmen/hh4b_delphes/run2_13tev/frozen_v2/bundles/ggf_hh4b_ml_ext80k_frozen_v2_20260721_v1/HH4b_ggf_ggf_hh4b_ml_ext80k_frozen_v2_20260721_v1_shard038_seed86038_bundle.tar.gz
/store/user/iturkmen/hh4b_delphes/run2_13tev/frozen_v2/bundles/ggf_hh4b_ml_ext80k_frozen_v2_20260721_v1	/store/user/iturkmen/hh4b_delphes/run2_13tev/frozen_v2/bundles/ggf_hh4b_ml_ext80k_frozen_v2_20260721_v1/HH4b_ggf_ggf_hh4b_ml_ext80k_frozen_v2_20260721_v1_shard039_seed86039_bundle.tar.gz	bundle_archive	False	True	-rw-r--r-- iturkmen us_cms 186227548 2026-07-21 23:16:57 /store/user/iturkmen/hh4b_delphes/run2_13tev/frozen_v2/bundles/ggf_hh4b_ml_ext80k_frozen_v2_20260721_v1/HH4b_ggf_ggf_hh4b_ml_ext80k_frozen_v2_20260721_v1_shard039_seed86039_bundle.tar.gz
/store/user/iturkmen/hh4b_delphes/run2_13tev/frozen_v2/bundles/ggf_hh4b_ml_ext80k_frozen_v2_20260721_v1	/store/user/iturkmen/hh4b_delphes/run2_13tev/frozen_v2/bundles/ggf_hh4b_ml_ext80k_frozen_v2_20260721_v1/HH4b_ggf_ggf_hh4b_ml_ext80k_frozen_v2_20260721_v1_shard040_seed86040_bundle.tar.gz	bundle_archive	False	True	-rw-r--r-- iturkmen us_cms 188334851 2026-07-21 23:21:47 /store/user/iturkmen/hh4b_delphes/run2_13tev/frozen_v2/bundles/ggf_hh4b_ml_ext80k_frozen_v2_20260721_v1/HH4b_ggf_ggf_hh4b_ml_ext80k_frozen_v2_20260721_v1_shard040_seed86040_bundle.tar.gz
/store/user/iturkmen/hh4b_delphes/run2_13tev/frozen_v2/bundles/ggf_hh4b_ml_ext80k_frozen_v2_20260721_v1	/store/user/iturkmen/hh4b_delphes/run2_13tev/frozen_v2/bundles/ggf_hh4b_ml_ext80k_frozen_v2_20260721_v1/HH4b_ggf_ggf_hh4b_ml_ext80k_frozen_v2_20260721_v1_shard041_seed86041_bundle.tar.gz	bundle_archive	False	True	-rw-r--r-- iturkmen us_cms 184006884 2026-07-21 23:16:58 /store/user/iturkmen/hh4b_delphes/run2_13tev/frozen_v2/bundles/ggf_hh4b_ml_ext80k_frozen_v2_20260721_v1/HH4b_ggf_ggf_hh4b_ml_ext80k_frozen_v2_20260721_v1_shard041_seed86041_bundle.tar.gz
/store/user/iturkmen/hh4b_delphes/run2_13tev/frozen_v2/bundles/ggf_hh4b_ml_ext80k_frozen_v2_20260721_v1	/store/user/iturkmen/hh4b_delphes/run2_13tev/frozen_v2/bundles/ggf_hh4b_ml_ext80k_frozen_v2_20260721_v1/HH4b_ggf_ggf_hh4b_ml_ext80k_frozen_v2_20260721_v1_shard042_seed86042_bundle.tar.gz	bundle_archive	False	True	-rw-r--r-- iturkmen us_cms 187044721 2026-07-21 23:21:48 /store/user/iturkmen/hh4b_delphes/run2_13tev/frozen_v2/bundles/ggf_hh4b_ml_ext80k_frozen_v2_20260721_v1/HH4b_ggf_ggf_hh4b_ml_ext80k_frozen_v2_20260721_v1_shard042_seed86042_bundle.tar.gz
/store/user/iturkmen/hh4b_delphes/run2_13tev/frozen_v2/bundles/ggf_hh4b_ml_ext80k_frozen_v2_20260721_v1	/store/user/iturkmen/hh4b_delphes/run2_13tev/frozen_v2/bundles/ggf_hh4b_ml_ext80k_frozen_v2_20260721_v1/HH4b_ggf_ggf_hh4b_ml_ext80k_frozen_v2_20260721_v1_shard043_seed86043_bundle.tar.gz	bundle_archive	False	True	-rw-r--r-- iturkmen us_cms 184563431 2026-07-21 23:16:56 /store/user/iturkmen/hh4b_delphes/run2_13tev/frozen_v2/bundles/ggf_hh4b_ml_ext80k_frozen_v2_20260721_v1/HH4b_ggf_ggf_hh4b_ml_ext80k_frozen_v2_20260721_v1_shard043_seed86043_bundle.tar.gz
/store/user/iturkmen/hh4b_delphes/run2_13tev/frozen_v2/bundles/ggf_hh4b_ml_ext80k_frozen_v2_20260721_v1	/store/user/iturkmen/hh4b_delphes/run2_13tev/frozen_v2/bundles/ggf_hh4b_ml_ext80k_frozen_v2_20260721_v1/HH4b_ggf_ggf_hh4b_ml_ext80k_frozen_v2_20260721_v1_shard044_seed86044_bundle.tar.gz	bundle_archive	False	True	-rw-r--r-- iturkmen us_cms 184692702 2026-07-21 23:16:45 /store/user/iturkmen/hh4b_delphes/run2_13tev/frozen_v2/bundles/ggf_hh4b_ml_ext80k_frozen_v2_20260721_v1/HH4b_ggf_ggf_hh4b_ml_ext80k_frozen_v2_20260721_v1_shard044_seed86044_bundle.tar.gz
/store/user/iturkmen/hh4b_delphes/run2_13tev/frozen_v2/bundles/ggf_hh4b_ml_ext80k_frozen_v2_20260721_v1	/store/user/iturkmen/hh4b_delphes/run2_13tev/frozen_v2/bundles/ggf_hh4b_ml_ext80k_frozen_v2_20260721_v1/HH4b_ggf_ggf_hh4b_ml_ext80k_frozen_v2_20260721_v1_shard045_seed86045_bundle.tar.gz	bundle_archive	False	True	-rw-r--r-- iturkmen us_cms 187238967 2026-07-21 23:16:11 /store/user/iturkmen/hh4b_delphes/run2_13tev/frozen_v2/bundles/ggf_hh4b_ml_ext80k_frozen_v2_20260721_v1/HH4b_ggf_ggf_hh4b_ml_ext80k_frozen_v2_20260721_v1_shard045_seed86045_bundle.tar.gz
/store/user/iturkmen/hh4b_delphes/run2_13tev/frozen_v2/bundles/ggf_hh4b_ml_ext80k_frozen_v2_20260721_v1	/store/user/iturkmen/hh4b_delphes/run2_13tev/frozen_v2/bundles/ggf_hh4b_ml_ext80k_frozen_v2_20260721_v1/HH4b_ggf_ggf_hh4b_ml_ext80k_frozen_v2_20260721_v1_shard046_seed86046_bundle.tar.gz	bundle_archive	False	True	-rw-r--r-- iturkmen us_cms 186185051 2026-07-21 23:16:43 /store/user/iturkmen/hh4b_delphes/run2_13tev/frozen_v2/bundles/ggf_hh4b_ml_ext80k_frozen_v2_20260721_v1/HH4b_ggf_ggf_hh4b_ml_ext80k_frozen_v2_20260721_v1_shard046_seed86046_bundle.tar.gz
/store/user/iturkmen/hh4b_delphes/run2_13tev/frozen_v2/bundles/ggf_hh4b_ml_ext80k_frozen_v2_20260721_v1	/store/user/iturkmen/hh4b_delphes/run2_13tev/frozen_v2/bundles/ggf_hh4b_ml_ext80k_frozen_v2_20260721_v1/HH4b_ggf_ggf_hh4b_ml_ext80k_frozen_v2_20260721_v1_shard047_seed86047_bundle.tar.gz	bundle_archive	False	True	-rw-r--r-- iturkmen us_cms 186145734 2026-07-21 23:16:37 /store/user/iturkmen/hh4b_delphes/run2_13tev/frozen_v2/bundles/ggf_hh4b_ml_ext80k_frozen_v2_20260721_v1/HH4b_ggf_ggf_hh4b_ml_ext80k_frozen_v2_20260721_v1_shard047_seed86047_bundle.tar.gz
/store/user/iturkmen/hh4b_delphes/run2_13tev/frozen_v2/bundles/ggf_hh4b_ml_ext80k_frozen_v2_20260721_v1	/store/user/iturkmen/hh4b_delphes/run2_13tev/frozen_v2/bundles/ggf_hh4b_ml_ext80k_frozen_v2_20260721_v1/HH4b_ggf_ggf_hh4b_ml_ext80k_frozen_v2_20260721_v1_shard048_seed86048_bundle.tar.gz	bundle_archive	False	True	-rw-r--r-- iturkmen us_cms 186887919 2026-07-21 23:15:54 /store/user/iturkmen/hh4b_delphes/run2_13tev/frozen_v2/bundles/ggf_hh4b_ml_ext80k_frozen_v2_20260721_v1/HH4b_ggf_ggf_hh4b_ml_ext80k_frozen_v2_20260721_v1_shard048_seed86048_bundle.tar.gz
/store/user/iturkmen/hh4b_delphes/run2_13tev/frozen_v2/bundles/ggf_hh4b_ml_ext80k_frozen_v2_20260721_v1	/store/user/iturkmen/hh4b_delphes/run2_13tev/frozen_v2/bundles/ggf_hh4b_ml_ext80k_frozen_v2_20260721_v1/HH4b_ggf_ggf_hh4b_ml_ext80k_frozen_v2_20260721_v1_shard049_seed86049_bundle.tar.gz	bundle_archive	False	True	-rw-r--r-- iturkmen us_cms 185770791 2026-07-21 23:15:19 /store/user/iturkmen/hh4b_delphes/run2_13tev/frozen_v2/bundles/ggf_hh4b_ml_ext80k_frozen_v2_20260721_v1/HH4b_ggf_ggf_hh4b_ml_ext80k_frozen_v2_20260721_v1_shard049_seed86049_bundle.tar.gz
/store/user/iturkmen/hh4b_delphes/run2_13tev/frozen_v2/bundles/ggf_hh4b_ml_ext80k_frozen_v2_20260721_v1	/store/user/iturkmen/hh4b_delphes/run2_13tev/frozen_v2/bundles/ggf_hh4b_ml_ext80k_frozen_v2_20260721_v1/HH4b_ggf_ggf_hh4b_ml_ext80k_frozen_v2_20260721_v1_shard050_seed86050_bundle.tar.gz	bundle_archive	False	True	-rw-r--r-- iturkmen us_cms 184841791 2026-07-21 23:15:37 /store/user/iturkmen/hh4b_delphes/run2_13tev/frozen_v2/bundles/ggf_hh4b_ml_ext80k_frozen_v2_20260721_v1/HH4b_ggf_ggf_hh4b_ml_ext80k_frozen_v2_20260721_v1_shard050_seed86050_bundle.tar.gz
/store/user/iturkmen/hh4b_delphes/run2_13tev/frozen_v2/bundles/ggf_hh4b_ml_ext80k_frozen_v2_20260721_v1	/store/user/iturkmen/hh4b_delphes/run2_13tev/frozen_v2/bundles/ggf_hh4b_ml_ext80k_frozen_v2_20260721_v1/HH4b_ggf_ggf_hh4b_ml_ext80k_frozen_v2_20260721_v1_shard051_seed86051_bundle.tar.gz	bundle_archive	False	True	-rw-r--r-- iturkmen us_cms 187030346 2026-07-21 23:16:06 /store/user/iturkmen/hh4b_delphes/run2_13tev/frozen_v2/bundles/ggf_hh4b_ml_ext80k_frozen_v2_20260721_v1/HH4b_ggf_ggf_hh4b_ml_ext80k_frozen_v2_20260721_v1_shard051_seed86051_bundle.tar.gz
/store/user/iturkmen/hh4b_delphes/run2_13tev/frozen_v2/bundles/ggf_hh4b_ml_ext80k_frozen_v2_20260721_v1	/store/user/iturkmen/hh4b_delphes/run2_13tev/frozen_v2/bundles/ggf_hh4b_ml_ext80k_frozen_v2_20260721_v1/HH4b_ggf_ggf_hh4b_ml_ext80k_frozen_v2_20260721_v1_shard052_seed86052_bundle.tar.gz	bundle_archive	False	True	-rw-r--r-- iturkmen us_cms 186854896 2026-07-21 23:14:17 /store/user/iturkmen/hh4b_delphes/run2_13tev/frozen_v2/bundles/ggf_hh4b_ml_ext80k_frozen_v2_20260721_v1/HH4b_ggf_ggf_hh4b_ml_ext80k_frozen_v2_20260721_v1_shard052_seed86052_bundle.tar.gz
/store/user/iturkmen/hh4b_delphes/run2_13tev/frozen_v2/bundles/ggf_hh4b_ml_ext80k_frozen_v2_20260721_v1	/store/user/iturkmen/hh4b_delphes/run2_13tev/frozen_v2/bundles/ggf_hh4b_ml_ext80k_frozen_v2_20260721_v1/HH4b_ggf_ggf_hh4b_ml_ext80k_frozen_v2_20260721_v1_shard053_seed86053_bundle.tar.gz	bundle_archive	False	True	-rw-r--r-- iturkmen us_cms 182652162 2026-07-21 23:15:29 /store/user/iturkmen/hh4b_delphes/run2_13tev/frozen_v2/bundles/ggf_hh4b_ml_ext80k_frozen_v2_20260721_v1/HH4b_ggf_ggf_hh4b_ml_ext80k_frozen_v2_20260721_v1_shard053_seed86053_bundle.tar.gz
/store/user/iturkmen/hh4b_delphes/run2_13tev/frozen_v2/bundles/ggf_hh4b_ml_ext80k_frozen_v2_20260721_v1	/store/user/iturkmen/hh4b_delphes/run2_13tev/frozen_v2/bundles/ggf_hh4b_ml_ext80k_frozen_v2_20260721_v1/HH4b_ggf_ggf_hh4b_ml_ext80k_frozen_v2_20260721_v1_shard054_seed86054_bundle.tar.gz	bundle_archive	False	True	-rw-r--r-- iturkmen us_cms 186528930 2026-07-21 23:16:04 /store/user/iturkmen/hh4b_delphes/run2_13tev/frozen_v2/bundles/ggf_hh4b_ml_ext80k_frozen_v2_20260721_v1/HH4b_ggf_ggf_hh4b_ml_ext80k_frozen_v2_20260721_v1_shard054_seed86054_bundle.tar.gz
/store/user/iturkmen/hh4b_delphes/run2_13tev/frozen_v2/bundles/ggf_hh4b_ml_ext80k_frozen_v2_20260721_v1	/store/user/iturkmen/hh4b_delphes/run2_13tev/frozen_v2/bundles/ggf_hh4b_ml_ext80k_frozen_v2_20260721_v1/HH4b_ggf_ggf_hh4b_ml_ext80k_frozen_v2_20260721_v1_shard055_seed86055_bundle.tar.gz	bundle_archive	False	True	-rw-r--r-- iturkmen us_cms 186580439 2026-07-21 23:16:30 /store/user/iturkmen/hh4b_delphes/run2_13tev/frozen_v2/bundles/ggf_hh4b_ml_ext80k_frozen_v2_20260721_v1/HH4b_ggf_ggf_hh4b_ml_ext80k_frozen_v2_20260721_v1_shard055_seed86055_bundle.tar.gz
/store/user/iturkmen/hh4b_delphes/run2_13tev/frozen_v2/bundles/ggf_hh4b_ml_ext80k_frozen_v2_20260721_v1	/store/user/iturkmen/hh4b_delphes/run2_13tev/frozen_v2/bundles/ggf_hh4b_ml_ext80k_frozen_v2_20260721_v1/HH4b_ggf_ggf_hh4b_ml_ext80k_frozen_v2_20260721_v1_shard056_seed86056_bundle.tar.gz	bundle_archive	False	True	-rw-r--r-- iturkmen us_cms 185205407 2026-07-21 23:14:59 /store/user/iturkmen/hh4b_delphes/run2_13tev/frozen_v2/bundles/ggf_hh4b_ml_ext80k_frozen_v2_20260721_v1/HH4b_ggf_ggf_hh4b_ml_ext80k_frozen_v2_20260721_v1_shard056_seed86056_bundle.tar.gz
/store/user/iturkmen/hh4b_delphes/run2_13tev/frozen_v2/bundles/ggf_hh4b_ml_ext80k_frozen_v2_20260721_v1	/store/user/iturkmen/hh4b_delphes/run2_13tev/frozen_v2/bundles/ggf_hh4b_ml_ext80k_frozen_v2_20260721_v1/HH4b_ggf_ggf_hh4b_ml_ext80k_frozen_v2_20260721_v1_shard057_seed86057_bundle.tar.gz	bundle_archive	False	True	-rw-r--r-- iturkmen us_cms 185066234 2026-07-21 23:15:05 /store/user/iturkmen/hh4b_delphes/run2_13tev/frozen_v2/bundles/ggf_hh4b_ml_ext80k_frozen_v2_20260721_v1/HH4b_ggf_ggf_hh4b_ml_ext80k_frozen_v2_20260721_v1_shard057_seed86057_bundle.tar.gz
/store/user/iturkmen/hh4b_delphes/run2_13tev/frozen_v2/bundles/ggf_hh4b_ml_ext80k_frozen_v2_20260721_v1	/store/user/iturkmen/hh4b_delphes/run2_13tev/frozen_v2/bundles/ggf_hh4b_ml_ext80k_frozen_v2_20260721_v1/HH4b_ggf_ggf_hh4b_ml_ext80k_frozen_v2_20260721_v1_shard058_seed86058_bundle.tar.gz	bundle_archive	False	True	-rw-r--r-- iturkmen us_cms 185774497 2026-07-21 23:14:48 /store/user/iturkmen/hh4b_delphes/run2_13tev/frozen_v2/bundles/ggf_hh4b_ml_ext80k_frozen_v2_20260721_v1/HH4b_ggf_ggf_hh4b_ml_ext80k_frozen_v2_20260721_v1_shard058_seed86058_bundle.tar.gz
/store/user/iturkmen/hh4b_delphes/run2_13tev/frozen_v2/bundles/ggf_hh4b_ml_ext80k_frozen_v2_20260721_v1	/store/user/iturkmen/hh4b_delphes/run2_13tev/frozen_v2/bundles/ggf_hh4b_ml_ext80k_frozen_v2_20260721_v1/HH4b_ggf_ggf_hh4b_ml_ext80k_frozen_v2_20260721_v1_shard059_seed86059_bundle.tar.gz	bundle_archive	False	True	-rw-r--r-- iturkmen us_cms 190035066 2026-07-21 23:16:18 /store/user/iturkmen/hh4b_delphes/run2_13tev/frozen_v2/bundles/ggf_hh4b_ml_ext80k_frozen_v2_20260721_v1/HH4b_ggf_ggf_hh4b_ml_ext80k_frozen_v2_20260721_v1_shard059_seed86059_bundle.tar.gz
/store/user/iturkmen/hh4b_delphes/run2_13tev/frozen_v2/bundles/ggf_hh4b_ml_ext80k_frozen_v2_20260721_v1	/store/user/iturkmen/hh4b_delphes/run2_13tev/frozen_v2/bundles/ggf_hh4b_ml_ext80k_frozen_v2_20260721_v1/HH4b_ggf_ggf_hh4b_ml_ext80k_frozen_v2_20260721_v1_shard060_seed86060_bundle.tar.gz	bundle_archive	False	True	-rw-r--r-- iturkmen us_cms 186333809 2026-07-21 23:15:02 /store/user/iturkmen/hh4b_delphes/run2_13tev/frozen_v2/bundles/ggf_hh4b_ml_ext80k_frozen_v2_20260721_v1/HH4b_ggf_ggf_hh4b_ml_ext80k_frozen_v2_20260721_v1_shard060_seed86060_bundle.tar.gz
/store/user/iturkmen/hh4b_delphes/run2_13tev/frozen_v2/bundles/ggf_hh4b_ml_ext80k_frozen_v2_20260721_v1	/store/user/iturkmen/hh4b_delphes/run2_13tev/frozen_v2/bundles/ggf_hh4b_ml_ext80k_frozen_v2_20260721_v1/HH4b_ggf_ggf_hh4b_ml_ext80k_frozen_v2_20260721_v1_shard061_seed86061_bundle.tar.gz	bundle_archive	False	True	-rw-r--r-- iturkmen us_cms 185883869 2026-07-21 23:15:26 /store/user/iturkmen/hh4b_delphes/run2_13tev/frozen_v2/bundles/ggf_hh4b_ml_ext80k_frozen_v2_20260721_v1/HH4b_ggf_ggf_hh4b_ml_ext80k_frozen_v2_20260721_v1_shard061_seed86061_bundle.tar.gz
/store/user/iturkmen/hh4b_delphes/run2_13tev/frozen_v2/bundles/ggf_hh4b_ml_ext80k_frozen_v2_20260721_v1	/store/user/iturkmen/hh4b_delphes/run2_13tev/frozen_v2/bundles/ggf_hh4b_ml_ext80k_frozen_v2_20260721_v1/HH4b_ggf_ggf_hh4b_ml_ext80k_frozen_v2_20260721_v1_shard062_seed86062_bundle.tar.gz	bundle_archive	False	True	-rw-r--r-- iturkmen us_cms 184389502 2026-07-21 23:15:02 /store/user/iturkmen/hh4b_delphes/run2_13tev/frozen_v2/bundles/ggf_hh4b_ml_ext80k_frozen_v2_20260721_v1/HH4b_ggf_ggf_hh4b_ml_ext80k_frozen_v2_20260721_v1_shard062_seed86062_bundle.tar.gz
/store/user/iturkmen/hh4b_delphes/run2_13tev/frozen_v2/bundles/ggf_hh4b_ml_ext80k_frozen_v2_20260721_v1	/store/user/iturkmen/hh4b_delphes/run2_13tev/frozen_v2/bundles/ggf_hh4b_ml_ext80k_frozen_v2_20260721_v1/HH4b_ggf_ggf_hh4b_ml_ext80k_frozen_v2_20260721_v1_shard063_seed86063_bundle.tar.gz	bundle_archive	False	True	-rw-r--r-- iturkmen us_cms 184053519 2026-07-21 23:15:02 /store/user/iturkmen/hh4b_delphes/run2_13tev/frozen_v2/bundles/ggf_hh4b_ml_ext80k_frozen_v2_20260721_v1/HH4b_ggf_ggf_hh4b_ml_ext80k_frozen_v2_20260721_v1_shard063_seed86063_bundle.tar.gz
/store/user/iturkmen/hh4b_delphes/run2_13tev/frozen_v2/bundles/ggf_hh4b_ml_ext80k_frozen_v2_20260721_v1	/store/user/iturkmen/hh4b_delphes/run2_13tev/frozen_v2/bundles/ggf_hh4b_ml_ext80k_frozen_v2_20260721_v1/HH4b_ggf_ggf_hh4b_ml_ext80k_frozen_v2_20260721_v1_shard064_seed86064_bundle.tar.gz	bundle_archive	False	True	-rw-r--r-- iturkmen us_cms 189054136 2026-07-21 23:15:50 /store/user/iturkmen/hh4b_delphes/run2_13tev/frozen_v2/bundles/ggf_hh4b_ml_ext80k_frozen_v2_20260721_v1/HH4b_ggf_ggf_hh4b_ml_ext80k_frozen_v2_20260721_v1_shard064_seed86064_bundle.tar.gz
/store/user/iturkmen/hh4b_delphes/run2_13tev/frozen_v2/bundles/ggf_hh4b_ml_ext80k_frozen_v2_20260721_v1	/store/user/iturkmen/hh4b_delphes/run2_13tev/frozen_v2/bundles/ggf_hh4b_ml_ext80k_frozen_v2_20260721_v1/HH4b_ggf_ggf_hh4b_ml_ext80k_frozen_v2_20260721_v1_shard065_seed86065_bundle.tar.gz	bundle_archive	False	True	-rw-r--r-- iturkmen us_cms 186096710 2026-07-21 23:16:05 /store/user/iturkmen/hh4b_delphes/run2_13tev/frozen_v2/bundles/ggf_hh4b_ml_ext80k_frozen_v2_20260721_v1/HH4b_ggf_ggf_hh4b_ml_ext80k_frozen_v2_20260721_v1_shard065_seed86065_bundle.tar.gz
/store/user/iturkmen/hh4b_delphes/run2_13tev/frozen_v2/bundles/ggf_hh4b_ml_ext80k_frozen_v2_20260721_v1	/store/user/iturkmen/hh4b_delphes/run2_13tev/frozen_v2/bundles/ggf_hh4b_ml_ext80k_frozen_v2_20260721_v1/HH4b_ggf_ggf_hh4b_ml_ext80k_frozen_v2_20260721_v1_shard066_seed86066_bundle.tar.gz	bundle_archive	False	True	-rw-r--r-- iturkmen us_cms 186537585 2026-07-21 23:15:54 /store/user/iturkmen/hh4b_delphes/run2_13tev/frozen_v2/bundles/ggf_hh4b_ml_ext80k_frozen_v2_20260721_v1/HH4b_ggf_ggf_hh4b_ml_ext80k_frozen_v2_20260721_v1_shard066_seed86066_bundle.tar.gz
/store/user/iturkmen/hh4b_delphes/run2_13tev/frozen_v2/bundles/ggf_hh4b_ml_ext80k_frozen_v2_20260721_v1	/store/user/iturkmen/hh4b_delphes/run2_13tev/frozen_v2/bundles/ggf_hh4b_ml_ext80k_frozen_v2_20260721_v1/HH4b_ggf_ggf_hh4b_ml_ext80k_frozen_v2_20260721_v1_shard067_seed86067_bundle.tar.gz	bundle_archive	False	True	-rw-r--r-- iturkmen us_cms 189995479 2026-07-21 23:15:41 /store/user/iturkmen/hh4b_delphes/run2_13tev/frozen_v2/bundles/ggf_hh4b_ml_ext80k_frozen_v2_20260721_v1/HH4b_ggf_ggf_hh4b_ml_ext80k_frozen_v2_20260721_v1_shard067_seed86067_bundle.tar.gz
/store/user/iturkmen/hh4b_delphes/run2_13tev/frozen_v2/bundles/ggf_hh4b_ml_ext80k_frozen_v2_20260721_v1	/store/user/iturkmen/hh4b_delphes/run2_13tev/frozen_v2/bundles/ggf_hh4b_ml_ext80k_frozen_v2_20260721_v1/HH4b_ggf_ggf_hh4b_ml_ext80k_frozen_v2_20260721_v1_shard068_seed86068_bundle.tar.gz	bundle_archive	False	True	-rw-r--r-- iturkmen us_cms 183948491 2026-07-21 23:16:08 /store/user/iturkmen/hh4b_delphes/run2_13tev/frozen_v2/bundles/ggf_hh4b_ml_ext80k_frozen_v2_20260721_v1/HH4b_ggf_ggf_hh4b_ml_ext80k_frozen_v2_20260721_v1_shard068_seed86068_bundle.tar.gz
/store/user/iturkmen/hh4b_delphes/run2_13tev/frozen_v2/bundles/ggf_hh4b_ml_ext80k_frozen_v2_20260721_v1	/store/user/iturkmen/hh4b_delphes/run2_13tev/frozen_v2/bundles/ggf_hh4b_ml_ext80k_frozen_v2_20260721_v1/HH4b_ggf_ggf_hh4b_ml_ext80k_frozen_v2_20260721_v1_shard069_seed86069_bundle.tar.gz	bundle_archive	False	True	-rw-r--r-- iturkmen us_cms 190180180 2026-07-21 23:16:11 /store/user/iturkmen/hh4b_delphes/run2_13tev/frozen_v2/bundles/ggf_hh4b_ml_ext80k_frozen_v2_20260721_v1/HH4b_ggf_ggf_hh4b_ml_ext80k_frozen_v2_20260721_v1_shard069_seed86069_bundle.tar.gz
/store/user/iturkmen/hh4b_delphes/run2_13tev/frozen_v2/bundles/ggf_hh4b_ml_ext80k_frozen_v2_20260721_v1	/store/user/iturkmen/hh4b_delphes/run2_13tev/frozen_v2/bundles/ggf_hh4b_ml_ext80k_frozen_v2_20260721_v1/HH4b_ggf_ggf_hh4b_ml_ext80k_frozen_v2_20260721_v1_shard070_seed86070_bundle.tar.gz	bundle_archive	False	True	-rw-r--r-- iturkmen us_cms 186963153 2026-07-21 23:16:22 /store/user/iturkmen/hh4b_delphes/run2_13tev/frozen_v2/bundles/ggf_hh4b_ml_ext80k_frozen_v2_20260721_v1/HH4b_ggf_ggf_hh4b_ml_ext80k_frozen_v2_20260721_v1_shard070_seed86070_bundle.tar.gz
/store/user/iturkmen/hh4b_delphes/run2_13tev/frozen_v2/bundles/ggf_hh4b_ml_ext80k_frozen_v2_20260721_v1	/store/user/iturkmen/hh4b_delphes/run2_13tev/frozen_v2/bundles/ggf_hh4b_ml_ext80k_frozen_v2_20260721_v1/HH4b_ggf_ggf_hh4b_ml_ext80k_frozen_v2_20260721_v1_shard071_seed86071_bundle.tar.gz	bundle_archive	False	True	-rw-r--r-- iturkmen us_cms 180745795 2026-07-21 23:14:51 /store/user/iturkmen/hh4b_delphes/run2_13tev/frozen_v2/bundles/ggf_hh4b_ml_ext80k_frozen_v2_20260721_v1/HH4b_ggf_ggf_hh4b_ml_ext80k_frozen_v2_20260721_v1_shard071_seed86071_bundle.tar.gz
/store/user/iturkmen/hh4b_delphes/run2_13tev/frozen_v2/bundles/ggf_hh4b_ml_ext80k_frozen_v2_20260721_v1	/store/user/iturkmen/hh4b_delphes/run2_13tev/frozen_v2/bundles/ggf_hh4b_ml_ext80k_frozen_v2_20260721_v1/HH4b_ggf_ggf_hh4b_ml_ext80k_frozen_v2_20260721_v1_shard072_seed86072_bundle.tar.gz	bundle_archive	False	True	-rw-r--r-- iturkmen us_cms 191645823 2026-07-21 23:17:49 /store/user/iturkmen/hh4b_delphes/run2_13tev/frozen_v2/bundles/ggf_hh4b_ml_ext80k_frozen_v2_20260721_v1/HH4b_ggf_ggf_hh4b_ml_ext80k_frozen_v2_20260721_v1_shard072_seed86072_bundle.tar.gz
/store/user/iturkmen/hh4b_delphes/run2_13tev/frozen_v2/bundles/ggf_hh4b_ml_ext80k_frozen_v2_20260721_v1	/store/user/iturkmen/hh4b_delphes/run2_13tev/frozen_v2/bundles/ggf_hh4b_ml_ext80k_frozen_v2_20260721_v1/HH4b_ggf_ggf_hh4b_ml_ext80k_frozen_v2_20260721_v1_shard073_seed86073_bundle.tar.gz	bundle_archive	False	True	-rw-r--r-- iturkmen us_cms 183679250 2026-07-21 23:16:26 /store/user/iturkmen/hh4b_delphes/run2_13tev/frozen_v2/bundles/ggf_hh4b_ml_ext80k_frozen_v2_20260721_v1/HH4b_ggf_ggf_hh4b_ml_ext80k_frozen_v2_20260721_v1_shard073_seed86073_bundle.tar.gz
/store/user/iturkmen/hh4b_delphes/run2_13tev/frozen_v2/bundles/ggf_hh4b_ml_ext80k_frozen_v2_20260721_v1	/store/user/iturkmen/hh4b_delphes/run2_13tev/frozen_v2/bundles/ggf_hh4b_ml_ext80k_frozen_v2_20260721_v1/HH4b_ggf_ggf_hh4b_ml_ext80k_frozen_v2_20260721_v1_shard074_seed86074_bundle.tar.gz	bundle_archive	False	True	-rw-r--r-- iturkmen us_cms 187236794 2026-07-21 23:16:34 /store/user/iturkmen/hh4b_delphes/run2_13tev/frozen_v2/bundles/ggf_hh4b_ml_ext80k_frozen_v2_20260721_v1/HH4b_ggf_ggf_hh4b_ml_ext80k_frozen_v2_20260721_v1_shard074_seed86074_bundle.tar.gz
/store/user/iturkmen/hh4b_delphes/run2_13tev/frozen_v2/bundles/ggf_hh4b_ml_ext80k_frozen_v2_20260721_v1	/store/user/iturkmen/hh4b_delphes/run2_13tev/frozen_v2/bundles/ggf_hh4b_ml_ext80k_frozen_v2_20260721_v1/HH4b_ggf_ggf_hh4b_ml_ext80k_frozen_v2_20260721_v1_shard075_seed86075_bundle.tar.gz	bundle_archive	False	True	-rw-r--r-- iturkmen us_cms 182390303 2026-07-21 23:16:49 /store/user/iturkmen/hh4b_delphes/run2_13tev/frozen_v2/bundles/ggf_hh4b_ml_ext80k_frozen_v2_20260721_v1/HH4b_ggf_ggf_hh4b_ml_ext80k_frozen_v2_20260721_v1_shard075_seed86075_bundle.tar.gz
/store/user/iturkmen/hh4b_delphes/run2_13tev/frozen_v2/bundles/ggf_hh4b_ml_ext80k_frozen_v2_20260721_v1	/store/user/iturkmen/hh4b_delphes/run2_13tev/frozen_v2/bundles/ggf_hh4b_ml_ext80k_frozen_v2_20260721_v1/HH4b_ggf_ggf_hh4b_ml_ext80k_frozen_v2_20260721_v1_shard076_seed86076_bundle.tar.gz	bundle_archive	False	True	-rw-r--r-- iturkmen us_cms 186643467 2026-07-21 23:16:52 /store/user/iturkmen/hh4b_delphes/run2_13tev/frozen_v2/bundles/ggf_hh4b_ml_ext80k_frozen_v2_20260721_v1/HH4b_ggf_ggf_hh4b_ml_ext80k_frozen_v2_20260721_v1_shard076_seed86076_bundle.tar.gz
/store/user/iturkmen/hh4b_delphes/run2_13tev/frozen_v2/bundles/ggf_hh4b_ml_ext80k_frozen_v2_20260721_v1	/store/user/iturkmen/hh4b_delphes/run2_13tev/frozen_v2/bundles/ggf_hh4b_ml_ext80k_frozen_v2_20260721_v1/HH4b_ggf_ggf_hh4b_ml_ext80k_frozen_v2_20260721_v1_shard077_seed86077_bundle.tar.gz	bundle_archive	False	True	-rw-r--r-- iturkmen us_cms 185879546 2026-07-21 23:16:10 /store/user/iturkmen/hh4b_delphes/run2_13tev/frozen_v2/bundles/ggf_hh4b_ml_ext80k_frozen_v2_20260721_v1/HH4b_ggf_ggf_hh4b_ml_ext80k_frozen_v2_20260721_v1_shard077_seed86077_bundle.tar.gz
/store/user/iturkmen/hh4b_delphes/run2_13tev/frozen_v2/bundles/ggf_hh4b_ml_ext80k_frozen_v2_20260721_v1	/store/user/iturkmen/hh4b_delphes/run2_13tev/frozen_v2/bundles/ggf_hh4b_ml_ext80k_frozen_v2_20260721_v1/HH4b_ggf_ggf_hh4b_ml_ext80k_frozen_v2_20260721_v1_shard078_seed86078_bundle.tar.gz	bundle_archive	False	True	-rw-r--r-- iturkmen us_cms 185317122 2026-07-21 23:16:50 /store/user/iturkmen/hh4b_delphes/run2_13tev/frozen_v2/bundles/ggf_hh4b_ml_ext80k_frozen_v2_20260721_v1/HH4b_ggf_ggf_hh4b_ml_ext80k_frozen_v2_20260721_v1_shard078_seed86078_bundle.tar.gz
/store/user/iturkmen/hh4b_delphes/run2_13tev/frozen_v2/bundles/ggf_hh4b_ml_ext80k_frozen_v2_20260721_v1	/store/user/iturkmen/hh4b_delphes/run2_13tev/frozen_v2/bundles/ggf_hh4b_ml_ext80k_frozen_v2_20260721_v1/HH4b_ggf_ggf_hh4b_ml_ext80k_frozen_v2_20260721_v1_shard079_seed86079_bundle.tar.gz	bundle_archive	False	True	-rw-r--r-- iturkmen us_cms 184111754 2026-07-21 23:17:15 /store/user/iturkmen/hh4b_delphes/run2_13tev/frozen_v2/bundles/ggf_hh4b_ml_ext80k_frozen_v2_20260721_v1/HH4b_ggf_ggf_hh4b_ml_ext80k_frozen_v2_20260721_v1_shard079_seed86079_bundle.tar.gz
/store/user/iturkmen/hh4b_delphes/run2_13tev/frozen_v2/bundles/ggf_hh4b_ml_ext80k_frozen_v2_20260721_v1	/store/user/iturkmen/hh4b_delphes/run2_13tev/frozen_v2/bundles/ggf_hh4b_ml_ext80k_frozen_v2_20260721_v1/HH4b_ggf_ggf_hh4b_ml_ext80k_frozen_v2_20260721_v1_shard080_seed86080_bundle.tar.gz	bundle_archive	False	True	-rw-r--r-- iturkmen us_cms 186923547 2026-07-21 23:16:55 /store/user/iturkmen/hh4b_delphes/run2_13tev/frozen_v2/bundles/ggf_hh4b_ml_ext80k_frozen_v2_20260721_v1/HH4b_ggf_ggf_hh4b_ml_ext80k_frozen_v2_20260721_v1_shard080_seed86080_bundle.tar.gz
/store/user/iturkmen/hh4b_delphes/run2_13tev/frozen_v2/bundles/ggf_hh4b_ml_ext80k_frozen_v2_20260721_v1	/store/user/iturkmen/hh4b_delphes/run2_13tev/frozen_v2/bundles/ggf_hh4b_ml_ext80k_frozen_v2_20260721_v1/HH4b_ggf_ggf_hh4b_ml_ext80k_frozen_v2_20260721_v1_shard081_seed86081_bundle.tar.gz	bundle_archive	False	True	-rw-r--r-- iturkmen us_cms 188598055 2026-07-21 23:16:55 /store/user/iturkmen/hh4b_delphes/run2_13tev/frozen_v2/bundles/ggf_hh4b_ml_ext80k_frozen_v2_20260721_v1/HH4b_ggf_ggf_hh4b_ml_ext80k_frozen_v2_20260721_v1_shard081_seed86081_bundle.tar.gz
/store/user/iturkmen/hh4b_delphes/run2_13tev/frozen_v2/bundles/ggf_hh4b_ml_ext80k_frozen_v2_20260721_v1	/store/user/iturkmen/hh4b_delphes/run2_13tev/frozen_v2/bundles/ggf_hh4b_ml_ext80k_frozen_v2_20260721_v1/HH4b_ggf_ggf_hh4b_ml_ext80k_frozen_v2_20260721_v1_shard082_seed86082_bundle.tar.gz	bundle_archive	False	True	-rw-r--r-- iturkmen us_cms 186653164 2026-07-21 23:17:15 /store/user/iturkmen/hh4b_delphes/run2_13tev/frozen_v2/bundles/ggf_hh4b_ml_ext80k_frozen_v2_20260721_v1/HH4b_ggf_ggf_hh4b_ml_ext80k_frozen_v2_20260721_v1_shard082_seed86082_bundle.tar.gz
/store/user/iturkmen/hh4b_delphes/run2_13tev/frozen_v2/bundles/ggf_hh4b_ml_ext80k_frozen_v2_20260721_v1	/store/user/iturkmen/hh4b_delphes/run2_13tev/frozen_v2/bundles/ggf_hh4b_ml_ext80k_frozen_v2_20260721_v1/HH4b_ggf_ggf_hh4b_ml_ext80k_frozen_v2_20260721_v1_shard083_seed86083_bundle.tar.gz	bundle_archive	False	True	-rw-r--r-- iturkmen us_cms 185895953 2026-07-21 23:42:34 /store/user/iturkmen/hh4b_delphes/run2_13tev/frozen_v2/bundles/ggf_hh4b_ml_ext80k_frozen_v2_20260721_v1/HH4b_ggf_ggf_hh4b_ml_ext80k_frozen_v2_20260721_v1_shard083_seed86083_bundle.tar.gz
/store/user/iturkmen/hh4b_delphes/run2_13tev/frozen_v2/bundles/ggf_hh4b_ml_ext80k_frozen_v2_20260721_v1	/store/user/iturkmen/hh4b_delphes/run2_13tev/frozen_v2/bundles/ggf_hh4b_ml_ext80k_frozen_v2_20260721_v1/HH4b_ggf_ggf_hh4b_ml_ext80k_frozen_v2_20260721_v1_shard084_seed86084_bundle.tar.gz	bundle_archive	False	True	-rw-r--r-- iturkmen us_cms 185211372 2026-07-21 23:17:27 /store/user/iturkmen/hh4b_delphes/run2_13tev/frozen_v2/bundles/ggf_hh4b_ml_ext80k_frozen_v2_20260721_v1/HH4b_ggf_ggf_hh4b_ml_ext80k_frozen_v2_20260721_v1_shard084_seed86084_bundle.tar.gz
/store/user/iturkmen/hh4b_delphes/run2_13tev/frozen_v2/bundles/ggf_hh4b_ml_ext80k_frozen_v2_20260721_v1	/store/user/iturkmen/hh4b_delphes/run2_13tev/frozen_v2/bundles/ggf_hh4b_ml_ext80k_frozen_v2_20260721_v1/HH4b_ggf_ggf_hh4b_ml_ext80k_frozen_v2_20260721_v1_shard085_seed86085_bundle.tar.gz	bundle_archive	False	True	-rw-r--r-- iturkmen us_cms 188552145 2026-07-21 23:17:11 /store/user/iturkmen/hh4b_delphes/run2_13tev/frozen_v2/bundles/ggf_hh4b_ml_ext80k_frozen_v2_20260721_v1/HH4b_ggf_ggf_hh4b_ml_ext80k_frozen_v2_20260721_v1_shard085_seed86085_bundle.tar.gz
/store/user/iturkmen/hh4b_delphes/run2_13tev/frozen_v2/bundles/ggf_hh4b_ml_ext80k_frozen_v2_20260721_v1	/store/user/iturkmen/hh4b_delphes/run2_13tev/frozen_v2/bundles/ggf_hh4b_ml_ext80k_frozen_v2_20260721_v1/HH4b_ggf_ggf_hh4b_ml_ext80k_frozen_v2_20260721_v1_shard086_seed86086_bundle.tar.gz	bundle_archive	False	True	-rw-r--r-- iturkmen us_cms 187468454 2026-07-21 23:18:12 /store/user/iturkmen/hh4b_delphes/run2_13tev/frozen_v2/bundles/ggf_hh4b_ml_ext80k_frozen_v2_20260721_v1/HH4b_ggf_ggf_hh4b_ml_ext80k_frozen_v2_20260721_v1_shard086_seed86086_bundle.tar.gz
/store/user/iturkmen/hh4b_delphes/run2_13tev/frozen_v2/bundles/ggf_hh4b_ml_ext80k_frozen_v2_20260721_v1	/store/user/iturkmen/hh4b_delphes/run2_13tev/frozen_v2/bundles/ggf_hh4b_ml_ext80k_frozen_v2_20260721_v1/HH4b_ggf_ggf_hh4b_ml_ext80k_frozen_v2_20260721_v1_shard087_seed86087_bundle.tar.gz	bundle_archive	False	True	-rw-r--r-- iturkmen us_cms 183797039 2026-07-21 23:16:30 /store/user/iturkmen/hh4b_delphes/run2_13tev/frozen_v2/bundles/ggf_hh4b_ml_ext80k_frozen_v2_20260721_v1/HH4b_ggf_ggf_hh4b_ml_ext80k_frozen_v2_20260721_v1_shard087_seed86087_bundle.tar.gz
/store/user/iturkmen/hh4b_delphes/run2_13tev/frozen_v2/bundles/ggf_hh4b_ml_ext80k_frozen_v2_20260721_v1	/store/user/iturkmen/hh4b_delphes/run2_13tev/frozen_v2/bundles/ggf_hh4b_ml_ext80k_frozen_v2_20260721_v1/HH4b_ggf_ggf_hh4b_ml_ext80k_frozen_v2_20260721_v1_shard088_seed86088_bundle.tar.gz	bundle_archive	False	True	-rw-r--r-- iturkmen us_cms 184671429 2026-07-21 23:16:54 /store/user/iturkmen/hh4b_delphes/run2_13tev/frozen_v2/bundles/ggf_hh4b_ml_ext80k_frozen_v2_20260721_v1/HH4b_ggf_ggf_hh4b_ml_ext80k_frozen_v2_20260721_v1_shard088_seed86088_bundle.tar.gz
/store/user/iturkmen/hh4b_delphes/run2_13tev/frozen_v2/bundles/ggf_hh4b_ml_ext80k_frozen_v2_20260721_v1	/store/user/iturkmen/hh4b_delphes/run2_13tev/frozen_v2/bundles/ggf_hh4b_ml_ext80k_frozen_v2_20260721_v1/HH4b_ggf_ggf_hh4b_ml_ext80k_frozen_v2_20260721_v1_shard089_seed86089_bundle.tar.gz	bundle_archive	False	True	-rw-r--r-- iturkmen us_cms 186477404 2026-07-21 23:17:04 /store/user/iturkmen/hh4b_delphes/run2_13tev/frozen_v2/bundles/ggf_hh4b_ml_ext80k_frozen_v2_20260721_v1/HH4b_ggf_ggf_hh4b_ml_ext80k_frozen_v2_20260721_v1_shard089_seed86089_bundle.tar.gz
/store/user/iturkmen/hh4b_delphes/run2_13tev/frozen_v2/bundles/ggf_hh4b_ml_ext80k_frozen_v2_20260721_v1	/store/user/iturkmen/hh4b_delphes/run2_13tev/frozen_v2/bundles/ggf_hh4b_ml_ext80k_frozen_v2_20260721_v1/HH4b_ggf_ggf_hh4b_ml_ext80k_frozen_v2_20260721_v1_shard090_seed86090_bundle.tar.gz	bundle_archive	False	True	-rw-r--r-- iturkmen us_cms 186747163 2026-07-21 23:16:58 /store/user/iturkmen/hh4b_delphes/run2_13tev/frozen_v2/bundles/ggf_hh4b_ml_ext80k_frozen_v2_20260721_v1/HH4b_ggf_ggf_hh4b_ml_ext80k_frozen_v2_20260721_v1_shard090_seed86090_bundle.tar.gz
/store/user/iturkmen/hh4b_delphes/run2_13tev/frozen_v2/bundles/ggf_hh4b_ml_ext80k_frozen_v2_20260721_v1	/store/user/iturkmen/hh4b_delphes/run2_13tev/frozen_v2/bundles/ggf_hh4b_ml_ext80k_frozen_v2_20260721_v1/HH4b_ggf_ggf_hh4b_ml_ext80k_frozen_v2_20260721_v1_shard091_seed86091_bundle.tar.gz	bundle_archive	False	True	-rw-r--r-- iturkmen us_cms 190732291 2026-07-21 23:18:12 /store/user/iturkmen/hh4b_delphes/run2_13tev/frozen_v2/bundles/ggf_hh4b_ml_ext80k_frozen_v2_20260721_v1/HH4b_ggf_ggf_hh4b_ml_ext80k_frozen_v2_20260721_v1_shard091_seed86091_bundle.tar.gz
/store/user/iturkmen/hh4b_delphes/run2_13tev/frozen_v2/bundles/ggf_hh4b_ml_ext80k_frozen_v2_20260721_v1	/store/user/iturkmen/hh4b_delphes/run2_13tev/frozen_v2/bundles/ggf_hh4b_ml_ext80k_frozen_v2_20260721_v1/HH4b_ggf_ggf_hh4b_ml_ext80k_frozen_v2_20260721_v1_shard092_seed86092_bundle.tar.gz	bundle_archive	False	True	-rw-r--r-- iturkmen us_cms 183801957 2026-07-21 23:17:19 /store/user/iturkmen/hh4b_delphes/run2_13tev/frozen_v2/bundles/ggf_hh4b_ml_ext80k_frozen_v2_20260721_v1/HH4b_ggf_ggf_hh4b_ml_ext80k_frozen_v2_20260721_v1_shard092_seed86092_bundle.tar.gz
/store/user/iturkmen/hh4b_delphes/run2_13tev/frozen_v2/bundles/ggf_hh4b_ml_ext80k_frozen_v2_20260721_v1	/store/user/iturkmen/hh4b_delphes/run2_13tev/frozen_v2/bundles/ggf_hh4b_ml_ext80k_frozen_v2_20260721_v1/HH4b_ggf_ggf_hh4b_ml_ext80k_frozen_v2_20260721_v1_shard093_seed86093_bundle.tar.gz	bundle_archive	False	True	-rw-r--r-- iturkmen us_cms 184533675 2026-07-21 23:16:45 /store/user/iturkmen/hh4b_delphes/run2_13tev/frozen_v2/bundles/ggf_hh4b_ml_ext80k_frozen_v2_20260721_v1/HH4b_ggf_ggf_hh4b_ml_ext80k_frozen_v2_20260721_v1_shard093_seed86093_bundle.tar.gz
/store/user/iturkmen/hh4b_delphes/run2_13tev/frozen_v2/bundles/ggf_hh4b_ml_ext80k_frozen_v2_20260721_v1	/store/user/iturkmen/hh4b_delphes/run2_13tev/frozen_v2/bundles/ggf_hh4b_ml_ext80k_frozen_v2_20260721_v1/HH4b_ggf_ggf_hh4b_ml_ext80k_frozen_v2_20260721_v1_shard094_seed86094_bundle.tar.gz	bundle_archive	False	True	-rw-r--r-- iturkmen us_cms 186343109 2026-07-21 23:17:24 /store/user/iturkmen/hh4b_delphes/run2_13tev/frozen_v2/bundles/ggf_hh4b_ml_ext80k_frozen_v2_20260721_v1/HH4b_ggf_ggf_hh4b_ml_ext80k_frozen_v2_20260721_v1_shard094_seed86094_bundle.tar.gz
/store/user/iturkmen/hh4b_delphes/run2_13tev/frozen_v2/bundles/ggf_hh4b_ml_ext80k_frozen_v2_20260721_v1	/store/user/iturkmen/hh4b_delphes/run2_13tev/frozen_v2/bundles/ggf_hh4b_ml_ext80k_frozen_v2_20260721_v1/HH4b_ggf_ggf_hh4b_ml_ext80k_frozen_v2_20260721_v1_shard095_seed86095_bundle.tar.gz	bundle_archive	False	True	-rw-r--r-- iturkmen us_cms 183651395 2026-07-21 23:17:27 /store/user/iturkmen/hh4b_delphes/run2_13tev/frozen_v2/bundles/ggf_hh4b_ml_ext80k_frozen_v2_20260721_v1/HH4b_ggf_ggf_hh4b_ml_ext80k_frozen_v2_20260721_v1_shard095_seed86095_bundle.tar.gz
/store/user/iturkmen/hh4b_delphes/run2_13tev/frozen_v2/bundles/ggf_hh4b_ml_ext80k_frozen_v2_20260721_v1	/store/user/iturkmen/hh4b_delphes/run2_13tev/frozen_v2/bundles/ggf_hh4b_ml_ext80k_frozen_v2_20260721_v1/HH4b_ggf_ggf_hh4b_ml_ext80k_frozen_v2_20260721_v1_shard096_seed86096_bundle.tar.gz	bundle_archive	False	True	-rw-r--r-- iturkmen us_cms 185907804 2026-07-21 23:16:34 /store/user/iturkmen/hh4b_delphes/run2_13tev/frozen_v2/bundles/ggf_hh4b_ml_ext80k_frozen_v2_20260721_v1/HH4b_ggf_ggf_hh4b_ml_ext80k_frozen_v2_20260721_v1_shard096_seed86096_bundle.tar.gz
/store/user/iturkmen/hh4b_delphes/run2_13tev/frozen_v2/bundles/ggf_hh4b_ml_ext80k_frozen_v2_20260721_v1	/store/user/iturkmen/hh4b_delphes/run2_13tev/frozen_v2/bundles/ggf_hh4b_ml_ext80k_frozen_v2_20260721_v1/HH4b_ggf_ggf_hh4b_ml_ext80k_frozen_v2_20260721_v1_shard097_seed86097_bundle.tar.gz	bundle_archive	False	True	-rw-r--r-- iturkmen us_cms 183223451 2026-07-21 23:17:02 /store/user/iturkmen/hh4b_delphes/run2_13tev/frozen_v2/bundles/ggf_hh4b_ml_ext80k_frozen_v2_20260721_v1/HH4b_ggf_ggf_hh4b_ml_ext80k_frozen_v2_20260721_v1_shard097_seed86097_bundle.tar.gz
/store/user/iturkmen/hh4b_delphes/run2_13tev/frozen_v2/bundles/ggf_hh4b_ml_ext80k_frozen_v2_20260721_v1	/store/user/iturkmen/hh4b_delphes/run2_13tev/frozen_v2/bundles/ggf_hh4b_ml_ext80k_frozen_v2_20260721_v1/HH4b_ggf_ggf_hh4b_ml_ext80k_frozen_v2_20260721_v1_shard098_seed86098_bundle.tar.gz	bundle_archive	False	True	-rw-r--r-- iturkmen us_cms 190467595 2026-07-21 23:16:57 /store/user/iturkmen/hh4b_delphes/run2_13tev/frozen_v2/bundles/ggf_hh4b_ml_ext80k_frozen_v2_20260721_v1/HH4b_ggf_ggf_hh4b_ml_ext80k_frozen_v2_20260721_v1_shard098_seed86098_bundle.tar.gz
/store/user/iturkmen/hh4b_delphes/run2_13tev/frozen_v2/bundles/ggf_hh4b_ml_ext80k_frozen_v2_20260721_v1	/store/user/iturkmen/hh4b_delphes/run2_13tev/frozen_v2/bundles/ggf_hh4b_ml_ext80k_frozen_v2_20260721_v1/HH4b_ggf_ggf_hh4b_ml_ext80k_frozen_v2_20260721_v1_shard099_seed86099_bundle.tar.gz	bundle_archive	False	True	-rw-r--r-- iturkmen us_cms 184850726 2026-07-21 23:17:06 /store/user/iturkmen/hh4b_delphes/run2_13tev/frozen_v2/bundles/ggf_hh4b_ml_ext80k_frozen_v2_20260721_v1/HH4b_ggf_ggf_hh4b_ml_ext80k_frozen_v2_20260721_v1_shard099_seed86099_bundle.tar.gz
/store/user/iturkmen/hh4b_delphes/run2_13tev/frozen_v2/bundles/vbf_hh4b_sm_pilot10k_20260722_v1	/store/user/iturkmen/hh4b_delphes/run2_13tev/frozen_v2/bundles/vbf_hh4b_sm_pilot10k_20260722_v1/vbf_hh4b_sm_run2_frozen_v2_pilot_shard9301_10k_bundle.tar.gz	bundle_archive	False	True	-rw-r--r-- iturkmen us_cms 880212701 2026-07-22 20:35:20 /store/user/iturkmen/hh4b_delphes/run2_13tev/frozen_v2/bundles/vbf_hh4b_sm_pilot10k_20260722_v1/vbf_hh4b_sm_run2_frozen_v2_pilot_shard9301_10k_bundle.tar.gz
/store/user/iturkmen/hh4b_delphes/run2_13tev/frozen_v2/bundles/vbf_hh4b_sm_scaleout90k_20260722_v1	/store/user/iturkmen/hh4b_delphes/run2_13tev/frozen_v2/bundles/vbf_hh4b_sm_scaleout90k_20260722_v1/vbf_hh4b_sm_run2_frozen_v2_train_shard9401_10k_bundle.tar.gz	bundle_archive	False	True	-rw-r--r-- iturkmen us_cms 879313063 2026-07-23 00:24:46 /store/user/iturkmen/hh4b_delphes/run2_13tev/frozen_v2/bundles/vbf_hh4b_sm_scaleout90k_20260722_v1/vbf_hh4b_sm_run2_frozen_v2_train_shard9401_10k_bundle.tar.gz
/store/user/iturkmen/hh4b_delphes/run2_13tev/frozen_v2/bundles/vbf_hh4b_sm_scaleout90k_20260722_v1	/store/user/iturkmen/hh4b_delphes/run2_13tev/frozen_v2/bundles/vbf_hh4b_sm_scaleout90k_20260722_v1/vbf_hh4b_sm_run2_frozen_v2_train_shard9402_10k_bundle.tar.gz	bundle_archive	False	True	-rw-r--r-- iturkmen us_cms 881962201 2026-07-23 04:25:23 /store/user/iturkmen/hh4b_delphes/run2_13tev/frozen_v2/bundles/vbf_hh4b_sm_scaleout90k_20260722_v1/vbf_hh4b_sm_run2_frozen_v2_train_shard9402_10k_bundle.tar.gz
/store/user/iturkmen/hh4b_delphes/run2_13tev/frozen_v2/bundles/vbf_hh4b_sm_scaleout90k_20260722_v1	/store/user/iturkmen/hh4b_delphes/run2_13tev/frozen_v2/bundles/vbf_hh4b_sm_scaleout90k_20260722_v1/vbf_hh4b_sm_run2_frozen_v2_train_shard9403_10k_bundle.tar.gz	bundle_archive	False	True	-rw-r--r-- iturkmen us_cms 884772742 2026-07-23 01:01:49 /store/user/iturkmen/hh4b_delphes/run2_13tev/frozen_v2/bundles/vbf_hh4b_sm_scaleout90k_20260722_v1/vbf_hh4b_sm_run2_frozen_v2_train_shard9403_10k_bundle.tar.gz
/store/user/iturkmen/hh4b_delphes/run2_13tev/frozen_v2/bundles/vbf_hh4b_sm_scaleout90k_20260722_v1	/store/user/iturkmen/hh4b_delphes/run2_13tev/frozen_v2/bundles/vbf_hh4b_sm_scaleout90k_20260722_v1/vbf_hh4b_sm_run2_frozen_v2_train_shard9404_10k_bundle.tar.gz	bundle_archive	False	True	-rw-r--r-- iturkmen us_cms 886215573 2026-07-23 00:35:12 /store/user/iturkmen/hh4b_delphes/run2_13tev/frozen_v2/bundles/vbf_hh4b_sm_scaleout90k_20260722_v1/vbf_hh4b_sm_run2_frozen_v2_train_shard9404_10k_bundle.tar.gz
/store/user/iturkmen/hh4b_delphes/run2_13tev/frozen_v2/bundles/vbf_hh4b_sm_scaleout90k_20260722_v1	/store/user/iturkmen/hh4b_delphes/run2_13tev/frozen_v2/bundles/vbf_hh4b_sm_scaleout90k_20260722_v1/vbf_hh4b_sm_run2_frozen_v2_train_shard9405_10k_bundle.tar.gz	bundle_archive	False	True	-rw-r--r-- iturkmen us_cms 885751535 2026-07-23 00:26:52 /store/user/iturkmen/hh4b_delphes/run2_13tev/frozen_v2/bundles/vbf_hh4b_sm_scaleout90k_20260722_v1/vbf_hh4b_sm_run2_frozen_v2_train_shard9405_10k_bundle.tar.gz
/store/user/iturkmen/hh4b_delphes/run2_13tev/frozen_v2/bundles/vbf_hh4b_sm_scaleout90k_20260722_v1	/store/user/iturkmen/hh4b_delphes/run2_13tev/frozen_v2/bundles/vbf_hh4b_sm_scaleout90k_20260722_v1/vbf_hh4b_sm_run2_frozen_v2_train_shard9406_10k_bundle.tar.gz	bundle_archive	False	True	-rw-r--r-- iturkmen us_cms 884488150 2026-07-23 00:06:35 /store/user/iturkmen/hh4b_delphes/run2_13tev/frozen_v2/bundles/vbf_hh4b_sm_scaleout90k_20260722_v1/vbf_hh4b_sm_run2_frozen_v2_train_shard9406_10k_bundle.tar.gz
/store/user/iturkmen/hh4b_delphes/run2_13tev/frozen_v2/bundles/vbf_hh4b_sm_scaleout90k_20260722_v1	/store/user/iturkmen/hh4b_delphes/run2_13tev/frozen_v2/bundles/vbf_hh4b_sm_scaleout90k_20260722_v1/vbf_hh4b_sm_run2_frozen_v2_train_shard9407_10k_bundle.tar.gz	bundle_archive	False	True	-rw-r--r-- iturkmen us_cms 884596477 2026-07-23 02:24:51 /store/user/iturkmen/hh4b_delphes/run2_13tev/frozen_v2/bundles/vbf_hh4b_sm_scaleout90k_20260722_v1/vbf_hh4b_sm_run2_frozen_v2_train_shard9407_10k_bundle.tar.gz
/store/user/iturkmen/hh4b_delphes/run2_13tev/frozen_v2/bundles/vbf_hh4b_sm_scaleout90k_20260722_v1	/store/user/iturkmen/hh4b_delphes/run2_13tev/frozen_v2/bundles/vbf_hh4b_sm_scaleout90k_20260722_v1/vbf_hh4b_sm_run2_frozen_v2_train_shard9408_10k_bundle.tar.gz	bundle_archive	False	True	-rw-r--r-- iturkmen us_cms 878970603 2026-07-23 00:24:53 /store/user/iturkmen/hh4b_delphes/run2_13tev/frozen_v2/bundles/vbf_hh4b_sm_scaleout90k_20260722_v1/vbf_hh4b_sm_run2_frozen_v2_train_shard9408_10k_bundle.tar.gz
/store/user/iturkmen/hh4b_delphes/run2_13tev/frozen_v2/bundles/vbf_hh4b_sm_scaleout90k_20260722_v1	/store/user/iturkmen/hh4b_delphes/run2_13tev/frozen_v2/bundles/vbf_hh4b_sm_scaleout90k_20260722_v1/vbf_hh4b_sm_run2_frozen_v2_validation_shard9409_10k_bundle.tar.gz	bundle_archive	False	True	-rw-r--r-- iturkmen us_cms 888223652 2026-07-23 01:16:13 /store/user/iturkmen/hh4b_delphes/run2_13tev/frozen_v2/bundles/vbf_hh4b_sm_scaleout90k_20260722_v1/vbf_hh4b_sm_run2_frozen_v2_validation_shard9409_10k_bundle.tar.gz
