target_index	fragment_id	sample_class	source_index	process_or_mode	campaign	member_id	final_split	generated_events_frozen	candidate_rows_metadata	root_tree_entries	event_weight_values	sum_generator_weights_candidate	sum_squared_generator_weights_candidate	min_generator_weight_candidate	max_generator_weight_candidate	negative_weight_events	zero_weight_events	positive_weight_events	uniform_event_weights	signed_weight_sample_candidate	bundle_sha256	root_member_sha256	normalization_denominator_authorized	reference_cross_section_assigned	physical_weight_calculated	denominator_source_branch	denominator_value_status	denominator_value_frozen	denominator_use_authorized_within_campaign	cross_campaign_process_aggregation_authorized	process_reference_cross_section_assigned	physical_weight_application_authorized	physical_yield_calculation_authorized
1	001_4e2de74dc7dd1588	background	0	bbh_hbb_4fs	bbh_hbb_4fs_scaleout40k_20260722_v1	bundle:/store/user/iturkmen/hh4b_delphes/run2_13tev/frozen_v2/bundles/bbh_hbb_4fs_scaleout40k_20260722_v1/bbh_hbb_4fs_run2_frozen_v2_train_shard9801_10k_bundle.tar.gz	train	10000	344	10000	10000	286.0054187476635	8.1799099553026355	0.02860054187476635	0.02860054187476635	0	0	10000	True	False	8b59ca913149221d4434722d9d459ee5eaa3c175af7f69158dd5a1e4a8f4c297	807ce8882077143064e5781fc883d0fe789a0930fec90df226ccc49679a624dc	False	False	False	Event/Event.Weight	frozen_exact_full_member_signed_sumw	True	True	False	False	False	False
2	002_976ccba46a5a7a28	signal	0	ggf_hh4b	ggf_hh4b_ml_ext20k_frozen_v2_20260716	ggf_shard_000	train	1000	58	1000	1000	0.99312001839280128	0.00098628737093251796	0.00099312001839280128	0.00099312001839280128	0	0	1000	True	False	3a2a7824f40ad0ac0821e5c605f9c0e578e70762308fabd01834b56822c08b36	fc8a67f580b5fed2218e8f23dc8c39b293b4bb277787e7cd09dcb4617bbfdf6e	False	False	False	Event/Event.Weight	frozen_exact_full_member_signed_sumw	True	True	False	False	False	False
3	003_ef74b099a32b809d	background	1	bbh_hbb_4fs	bbh_hbb_4fs_scaleout40k_20260722_v1	bundle:/store/user/iturkmen/hh4b_delphes/run2_13tev/frozen_v2/bundles/bbh_hbb_4fs_scaleout40k_20260722_v1/bbh_hbb_4fs_run2_frozen_v2_train_shard9802_10k_bundle.tar.gz	train	10000	334	10000	10000	287.44500065967441	8.2657688173201969	-0.028750250115990639	0.028750250115990639	1	0	9999	False	True	601ab5c7e9eab37ce985c38c14cf88cb5a3ab30f82ca7d05b55acec6b12c1035	ba7c2abfcc27bd25798a9dd0ee265ec8bd4155717c65b501286e8e140e1e2cb2	False	False	False	Event/Event.Weight	frozen_exact_full_member_signed_sumw	True	True	False	False	False	False
4	004_dea5da4e371b261a	signal	1	ggf_hh4b	ggf_hh4b_ml_ext20k_frozen_v2_20260716	ggf_shard_001	train	1000	60	1000	1000	0.99255004897713661	0.00098515559972451629	0.00099255004897713661	0.00099255004897713661	0	0	1000	True	False	9e64a2e04c14944da82c9c45663e126cef20548405200c9dc41f24a79f41e97b	6433e447ed51fde2d546c08a67edb24f8979fa16f0d4dd21cb236c9527f74337	False	False	False	Event/Event.Weight	frozen_exact_full_member_signed_sumw	True	True	False	False	False	False
5	005_e266fa3005709079	background	2	bbh_hbb_4fs	bbh_hbb_4fs_scaleout40k_20260722_v1	bundle:/store/user/iturkmen/hh4b_delphes/run2_13tev/frozen_v2/bundles/bbh_hbb_4fs_scaleout40k_20260722_v1/bbh_hbb_4fs_run2_frozen_v2_train_shard9803_10k_bundle.tar.gz	train	10000	334	10000	10000	285.85402294993401	8.1712522436661406	0.028585402294993401	0.028585402294993401	0	0	10000	True	False	2b9e1aa5bcce9840dcd9f7b64aabe073df3897b13cb779975c322a04982aa7ca	ad144017427b10a16a5aeead334d1a205139dcda8fed2ea7ea2a54aecffaaf0d	False	False	False	Event/Event.Weight	frozen_exact_full_member_signed_sumw	True	True	False	False	False	False
6	006_5cee28e5df72865b	signal	2	ggf_hh4b	ggf_hh4b_ml_ext20k_frozen_v2_20260716	ggf_shard_002	train	1000	65	1000	1000	0.99294004030525684	0.00098592992364140509	0.00099294004030525684	0.00099294004030525684	0	0	1000	True	False	048f9e42ddb0fbdae5f17285f1442030d463438f8618987567c51465379cf9a8	829e2cf7729e5bebece48a52cc40897b065fd44efeeceb4168e928dd0f33a4c9	False	False	False	Event/Event.Weight	frozen_exact_full_member_signed_sumw	True	True	False	False	False	False
7	007_43dc3478787a4552	signal	3	ggf_hh4b	ggf_hh4b_ml_ext20k_frozen_v2_20260716	ggf_shard_003	train	1000	59	1000	1000	0.99083001259714365	0.00098174411386325574	0.00099083001259714365	0.00099083001259714365	0	0	1000	True	False	c45a05238525e4c1cfc148e197f354d1a52cabab788cbe4538f0899a3adcaa80	3f36064af36db17502b6648cf8b7f02823cd981089bb2cf2e30feb0def5791b6	False	False	False	Event/Event.Weight	frozen_exact_full_member_signed_sumw	True	True	False	False	False	False
8	008_45563b0f3b034502	signal	4	ggf_hh4b	ggf_hh4b_ml_ext20k_frozen_v2_20260716	ggf_shard_004	train	1000	63	1000	1000	0.99826999939978123	0.00099654299170163921	0.00099826999939978123	0.00099826999939978123	0	0	1000	True	False	442080d0f19d58db635c79745be0eeeb495dc37dc16bba4ae2efebac427a3005	47b3ee7dc5f5f9cdcb58e99d6a7e6819246d775cb82d37df0a4f0374ccfdc6ba	False	False	False	Event/Event.Weight	frozen_exact_full_member_signed_sumw	True	True	False	False	False	False
9	009_d051cdeff6a9c79b	background	5	ggh_hbb	ggh_hbb_scaleout90k_20260722_v1	bundle:/store/user/iturkmen/hh4b_delphes/run2_13tev/frozen_v2/bundles/ggh_hbb_scaleout90k_20260722_v1/ggh_hbb_run2_frozen_v2_train_shard9701_10k_bundle.tar.gz	train	10000	7	10000	10000	128385.28633117676	1648278.1746338243	12.838528633117676	12.838528633117676	0	0	10000	True	False	eb59e230e5556af7e43cefbd2eb82357f9acbf84c2cfe79548ca264b274f2025	c7752d6bb61bc082a19678be2bc4a7b05ee25f79ab78600e78c2abf4e4ed1ad3	False	False	False	Event/Event.Weight	frozen_exact_full_member_signed_sumw	True	True	False	False	False	False
10	010_238a59eeec201fd7	signal	5	ggf_hh4b	ggf_hh4b_ml_ext20k_frozen_v2_20260716	ggf_shard_005	train	1000	62	1000	1000	0.99682004656642675	0.00099365020523669309	0.00099682004656642675	0.00099682004656642675	0	0	1000	True	False	c7e4935a3c2ee109098f22b7f655ba7d213bbe8ce5f9a84a49e55cacd29ad770	2fadbf51d35f0c662ca0bdd1305cd0b29eb2c913d08d4c2da098dbf8bbf3de4c	False	False	False	Event/Event.Weight	frozen_exact_full_member_signed_sumw	True	True	False	False	False	False
11	011_7981f9237d69458a	background	6	ggh_hbb	ggh_hbb_scaleout90k_20260722_v1	bundle:/store/user/iturkmen/hh4b_delphes/run2_13tev/frozen_v2/bundles/ggh_hbb_scaleout90k_20260722_v1/ggh_hbb_run2_frozen_v2_train_shard9702_10k_bundle.tar.gz	train	10000	1	10000	10000	128170.26138305664	1642761.590300106	12.817026138305664	12.817026138305664	0	0	10000	True	False	89896b7f49ae549477a7f085dfddd34f3cdc98f8852ec243bee3c429fbdaa2e9	27a7aef547c481960f57f7ecfb2be1f7c27b5f675df631b12a24c3e24889b10e	False	False	False	Event/Event.Weight	frozen_exact_full_member_signed_sumw	True	True	False	False	False	False
12	012_592e749759e4ee19	signal	6	ggf_hh4b	ggf_hh4b_ml_ext20k_frozen_v2_20260716	ggf_shard_006	train	1000	67	1000	1000	0.99103001412004232	0.00098214048888677118	0.00099103001412004232	0.00099103001412004232	0	0	1000	True	False	9a741217d16c04c735924dd64343b9eb6c698855a25d3a5391a67715f63ad0eb	823c727f5fc1c8596760b918a571e78e51397c0f4593796794b8630384db4a27	False	False	False	Event/Event.Weight	frozen_exact_full_member_signed_sumw	True	True	False	False	False	False
13	013_06b0c26a56585ba6	background	7	ggh_hbb	ggh_hbb_scaleout90k_20260722_v1	bundle:/store/user/iturkmen/hh4b_delphes/run2_13tev/frozen_v2/bundles/ggh_hbb_scaleout90k_20260722_v1/ggh_hbb_run2_frozen_v2_train_shard9703_10k_bundle.tar.gz	train	10000	7	10000	10000	128129.3429889679	1642369.7356779394	-12.815497398376465	12.815497398376465	1	0	9999	False	True	a81e56be20fd5fac83f4086ff0aefaac2bf993c729cba90d9c0d389824034067	bf1da14badcea5352ad0bf5992554245544793aab1dd2fd02b77f4f18018195a	False	False	False	Event/Event.Weight	frozen_exact_full_member_signed_sumw	True	True	False	False	False	False
14	014_ac7be40bd9f5ea7e	signal	7	ggf_hh4b	ggf_hh4b_ml_ext20k_frozen_v2_20260716	ggf_shard_007	train	1000	72	1000	1000	0.9943000040948391	0.00098863249814299704	0.0009943000040948391	0.0009943000040948391	0	0	1000	True	False	c484307cbc100bed634235488d4c1c776169f7472033f8e643237db79f0aef65	81dc0584b6d8550d987346ceb1424c2c6454c270b2417f07c9b1cd40b5869623	False	False	False	Event/Event.Weight	frozen_exact_full_member_signed_sumw	True	True	False	False	False	False
15	015_104b83a804600d04	background	8	ggh_hbb	ggh_hbb_scaleout90k_20260722_v1	bundle:/store/user/iturkmen/hh4b_delphes/run2_13tev/frozen_v2/bundles/ggh_hbb_scaleout90k_20260722_v1/ggh_hbb_run2_frozen_v2_train_shard9704_10k_bundle.tar.gz	train	10000	6	10000	10000	128320.36972045898	1646611.7285195286	12.832036972045898	12.832036972045898	0	0	10000	True	False	1d034de4737ab1d6dc2e7a7e86333ff732448addc735b07cda70869cf3bc6b00	8518df665aae0c2362c80bbbf0bb43574939e734d2b491bf4fac059b2fa02d3b	False	False	False	Event/Event.Weight	frozen_exact_full_member_signed_sumw	True	True	False	False	False	False
16	016_2052ed0cef6f891c	signal	8	ggf_hh4b	ggf_hh4b_ml_ext20k_frozen_v2_20260716	ggf_shard_008	train	1000	77	1000	1000	1.00020004902035	0.0010004001380603104	0.00100020004902035	0.00100020004902035	0	0	1000	True	False	df73739b197f00142f569e53569a2879208f03dd2f5a7f24c2f0a52d13e5a7a9	e2b6eb85422884d64f364206d56c519978be82721808cefa4d0465c59b5d5d15	False	False	False	Event/Event.Weight	frozen_exact_full_member_signed_sumw	True	True	False	False	False	False
17	017_e481a176cdcbb1bf	background	9	ggh_hbb	ggh_hbb_scaleout90k_20260722_v1	bundle:/store/user/iturkmen/hh4b_delphes/run2_13tev/frozen_v2/bundles/ggh_hbb_scaleout90k_20260722_v1/ggh_hbb_run2_frozen_v2_train_shard9705_10k_bundle.tar.gz	train	10000	3	10000	10000	128532.27615356445	1652054.6013216153	12.853227615356445	12.853227615356445	0	0	10000	True	False	0b7c321a149b2781e6c7840d63c6c932abb022dc5cae3b23c0d40e75f94fce44	829502f97f3d6c3eb2d8b61cdcb23a846283b6722f7bbf132e68a1276d4f65f0	False	False	False	Event/Event.Weight	frozen_exact_full_member_signed_sumw	True	True	False	False	False	False
18	018_6c210b34bfdf5cf9	signal	9	ggf_hh4b	ggf_hh4b_ml_ext20k_frozen_v2_20260716	ggf_shard_009	train	1000	56	1000	1000	0.99373003467917442	0.0009874993818234732	0.00099373003467917442	0.00099373003467917442	0	0	1000	True	False	d1215a6c92773b52abda197ff3edad8ac531bd1d5e7cb89e68082e3c131e3f4d	238af841c621bd1a0f72479c834d5022b5454a9a068a6aa2150988a82cef2bc4	False	False	False	Event/Event.Weight	frozen_exact_full_member_signed_sumw	True	True	False	False	False	False
19	019_939e8385e566d69c	background	10	ggh_hbb	ggh_hbb_scaleout90k_20260722_v1	bundle:/store/user/iturkmen/hh4b_delphes/run2_13tev/frozen_v2/bundles/ggh_hbb_scaleout90k_20260722_v1/ggh_hbb_run2_frozen_v2_train_shard9706_10k_bundle.tar.gz	train	10000	6	10000	10000	128234.1194152832	1644398.9382213112	12.82341194152832	12.82341194152832	0	0	10000	True	False	b7fb793a256c7c1b8a00ca8c1db29b084d1beb3946aa76161b3c4ac788509fbb	49affe767ce0237e458c0f412d70089f05499012392644256d9f87313c7ea768	False	False	False	Event/Event.Weight	frozen_exact_full_member_signed_sumw	True	True	False	False	False	False
20	020_785d6055c912725f	signal	10	ggf_hh4b	ggf_hh4b_ml_ext20k_frozen_v2_20260716	ggf_shard_010	train	1000	74	1000	1000	0.9930699598044157	0.00098618794506594382	0.0009930699598044157	0.0009930699598044157	0	0	1000	True	False	b0318793748b31d47211a3f8c6b7de84a693c26cdb194bc0a7cb1c0118da061e	943a70930fe83b3c081cad8ab5373d9e9338d9d2baff4977eca8223b186a76dc	False	False	False	Event/Event.Weight	frozen_exact_full_member_signed_sumw	True	True	False	False	False	False
21	021_325c97ed797d1be4	background	11	ggh_hbb	ggh_hbb_scaleout90k_20260722_v1	bundle:/store/user/iturkmen/hh4b_delphes/run2_13tev/frozen_v2/bundles/ggh_hbb_scaleout90k_20260722_v1/ggh_hbb_run2_frozen_v2_train_shard9707_10k_bundle.tar.gz	train	10000	2	10000	10000	128020.21980285645	1638917.6678371679	12.802021980285645	12.802021980285645	0	0	10000	True	False	e7d1f42355106f23a244e42fd687b12797d0da15150f802e535e4c812723facb	96c0f254c57f8829eb1642a50c2e2fd3dff3010f4868547ce126fa750c1a3587	False	False	False	Event/Event.Weight	frozen_exact_full_member_signed_sumw	True	True	False	False	False	False
22	022_6f29fd5bc4f9b609	signal	11	ggf_hh4b	ggf_hh4b_ml_ext20k_frozen_v2_20260716	ggf_shard_011	train	1000	61	1000	1000	0.99325994960963726	0.00098656532749853915	0.00099325994960963726	0.00099325994960963726	0	0	1000	True	False	3206989478ed49e52b5869f1e86a82b4253b6bd0f3d632668870a5c138823bed	c17e271525fd40445bc5f44e7e626034a1d5b95121a5cc5b38e0282e241044a4	False	False	False	Event/Event.Weight	frozen_exact_full_member_signed_sumw	True	True	False	False	False	False
23	023_8d60a81a6ff177a4	background	12	ggh_hbb	ggh_hbb_scaleout90k_20260722_v1	bundle:/store/user/iturkmen/hh4b_delphes/run2_13tev/frozen_v2/bundles/ggh_hbb_scaleout90k_20260722_v1/ggh_hbb_run2_frozen_v2_train_shard9708_10k_bundle.tar.gz	train	10000	6	10000	10000	128548.37041854858	1653129.5394170228	-12.85740852355957	12.85740852355957	1	0	9999	False	True	eaaa97bd3376e2852a020a13c65a5272642b6c5567594b2bbed81e96d5ee473f	03f8647581ed441f38ecf71fa5346a91d85eb3f0dc1ae80bbac2775df937232c	False	False	False	Event/Event.Weight	frozen_exact_full_member_signed_sumw	True	True	False	False	False	False
24	024_b24d9e26c1a0db05	signal	12	ggf_hh4b	ggf_hh4b_ml_ext20k_frozen_v2_20260716	ggf_shard_012	train	1000	63	1000	1000	0.99127995781600475	0.00098263595476770016	0.00099127995781600475	0.00099127995781600475	0	0	1000	True	False	dc3ebcc31d5d489f7e5dff87471fe2a279de2e87cd4c6ea7cdc73d1fdbdbc665	e4a8373d5122dea1771dc139642834c51210ee5d8f0729afeda8c9a43473f123	False	False	False	Event/Event.Weight	frozen_exact_full_member_signed_sumw	True	True	False	False	False	False
25	025_2646528c4609bd84	signal	13	ggf_hh4b	ggf_hh4b_ml_ext20k_frozen_v2_20260716	ggf_shard_013	train	1000	81	1000	1000	0.99069997668266296	0.00098148644379902894	0.00099069997668266296	0.00099069997668266296	0	0	1000	True	False	324ce7b263c5ae9cd7ba5e328b9ba4ef2d0666e95e7070a32cff97ff96b10d28	c0ed9faa27f329fa128ffa90cf16b4626e942d6d029d3d0e4f6a6a6279d91f3c	False	False	False	Event/Event.Weight	frozen_exact_full_member_signed_sumw	True	True	False	False	False	False
26	026_2be3a37d88fbd297	signal	20	ggf_hh4b	ggf_hh4b_ml_ext80k_frozen_v2_20260721_v1	ggf_shard_020	train	1000	74	1000	1000	0.99055003374814987	0.00098118936935846085	0.00099055003374814987	0.00099055003374814987	0	0	1000	True	False	06ad7ac4f8344c79acb3f305cffda565ff419cc0ab423e8c8737b793ffd83606	969dfc459e9cd79180788ff646d77101bd2d2f9f69f056fe1e6ae0c1da8e7c2c	False	False	False	Event/Event.Weight	frozen_exact_full_member_signed_sumw	True	True	False	False	False	False
27	027_2765ba5d4ab7956f	signal	21	ggf_hh4b	ggf_hh4b_ml_ext80k_frozen_v2_20260721_v1	ggf_shard_021	train	1000	74	1000	1000	0.99273002706468105	0.00098551290663584238	0.00099273002706468105	0.00099273002706468105	0	0	1000	True	False	a63d28ad98a070082ea4f198ca3b5845c0ad05b2af6269f2774c88f33f64ceed	a716ca815c2de356cc7fe1259d5ff1664a08706db08d544b2a3c4cb39d25cb39	False	False	False	Event/Event.Weight	frozen_exact_full_member_signed_sumw	True	True	False	False	False	False
28	028_d64ed8fd0f5a56ad	signal	22	ggf_hh4b	ggf_hh4b_ml_ext80k_frozen_v2_20260721_v1	ggf_shard_022	train	1000	58	1000	1000	0.99202001001685858	0.00098410370027384808	0.00099202001001685858	0.00099202001001685858	0	0	1000	True	False	6c2a4c923f203bb18768b8dd16757f43601b7fe8f7250cccc7a3004ef0338724	4eb06d0710bb7250845965c51cf551803260360117640569097f84c072b75f91	False	False	False	Event/Event.Weight	frozen_exact_full_member_signed_sumw	True	True	False	False	False	False
29	029_016776d27199a5b8	signal	23	ggf_hh4b	ggf_hh4b_ml_ext80k_frozen_v2_20260721_v1	ggf_shard_023	train	1000	64	1000	1000	0.98908995278179646	0.00097829893469389634	0.00098908995278179646	0.00098908995278179646	0	0	1000	True	False	2fef70f44c02f8e41f29995cbfd948e4e1b8eeaacb9213d29804fa18f08b0c9a	a104612080fa6c4a1df0d5151b720e0689e5a53821de8549e77a4d75782d0d3b	False	False	False	Event/Event.Weight	frozen_exact_full_member_signed_sumw	True	True	False	False	False	False
30	030_b80dfbb1fcfd89ba	signal	24	ggf_hh4b	ggf_hh4b_ml_ext80k_frozen_v2_20260721_v1	ggf_shard_024	train	1000	47	1000	1000	0.99275994580239058	0.00098557230998956536	0.00099275994580239058	0.00099275994580239058	0	0	1000	True	False	8f8bae913616607595bea93281a76dadb48cb8f18e5ffa4ad28cfed1554271fa	eba6fe32e9272f7a6cf2ebc93553e6b378760b2171b975b1335fb6cdca71c4d8	False	False	False	Event/Event.Weight	frozen_exact_full_member_signed_sumw	True	True	False	False	False	False
31	031_01a8c824ba26efb4	signal	25	ggf_hh4b	ggf_hh4b_ml_ext80k_frozen_v2_20260721_v1	ggf_shard_025	train	1000	54	1000	1000	0.99203002173453569	0.00098412356402262325	0.00099203002173453569	0.00099203002173453569	0	0	1000	True	False	e13a038fb89888c556f27ea05ccc529dbd0b69327ab32c404536cca26aa9c630	8cd5772153a92075834645ea5c45b663db0c884f6291acb3534dbe8e06d04cb9	False	False	False	Event/Event.Weight	frozen_exact_full_member_signed_sumw	True	True	False	False	False	False
32	032_f11c7a0ae8b240ad	signal	26	ggf_hh4b	ggf_hh4b_ml_ext80k_frozen_v2_20260721_v1	ggf_shard_026	train	1000	43	1000	1000	0.99450000561773777	0.00098903026117368046	0.00099450000561773777	0.00099450000561773777	0	0	1000	True	False	fa2b0c822e8f7d7eda2067884e1acf457c383f1c89ac10ddab8c9f5588584984	3de27557c1f9817331ce1de765cb87eaf45a49bf3e272d4f8a4a085325e0e13d	False	False	False	Event/Event.Weight	frozen_exact_full_member_signed_sumw	True	True	False	False	False	False
33	033_21eacc777bbecdd0	signal	27	ggf_hh4b	ggf_hh4b_ml_ext80k_frozen_v2_20260721_v1	ggf_shard_027	train	1000	74	1000	1000	0.99169998429715633	0.00098346885885498012	0.00099169998429715633	0.00099169998429715633	0	0	1000	True	False	95bc3b273bcafdfea907a7740b6c6f925557e216244921dce4b4bd1c3025f20c	f712453a12811e99fb34eec053bba1ba63aeb408bc192cf997e8c08889858a7c	False	False	False	Event/Event.Weight	frozen_exact_full_member_signed_sumw	True	True	False	False	False	False
34	034_414de89a67046e0e	signal	28	ggf_hh4b	ggf_hh4b_ml_ext80k_frozen_v2_20260721_v1	ggf_shard_028	train	1000	63	1000	1000	0.99494005553424358	0.00098990571410648371	0.00099494005553424358	0.00099494005553424358	0	0	1000	True	False	f4dc484057d4967d3408eccf55f7c6a7ef781c30b1c4c8eff52e094a86e1ce59	ca1cc64b95618394be5f3b85fd83e6478b15f0fd26eb8f03df2d4914bfa34300	False	False	False	Event/Event.Weight	frozen_exact_full_member_signed_sumw	True	True	False	False	False	False
35	035_de2b05ea76c02535	signal	29	ggf_hh4b	ggf_hh4b_ml_ext80k_frozen_v2_20260721_v1	ggf_shard_029	train	1000	54	1000	1000	1.0006000520661473	0.0010012004641947766	0.0010006000520661473	0.0010006000520661473	0	0	1000	True	False	9f7954d9b794ac233a18d292b11c7479fed1c2d240471b8bed20e34a17eba74a	315edb327ac5bb8186f63eadc5aeab3cfcd47693b2e414ed2b2d985ba64232cd	False	False	False	Event/Event.Weight	frozen_exact_full_member_signed_sumw	True	True	False	False	False	False
36	036_4ca4d1cc39101217	signal	30	ggf_hh4b	ggf_hh4b_ml_ext80k_frozen_v2_20260721_v1	ggf_shard_030	train	1000	68	1000	1000	0.9943000040948391	0.00098863249814299704	0.0009943000040948391	0.0009943000040948391	0	0	1000	True	False	b1151fac09bffb12189c15d5949c9742862893500b36ae68d7e34cca78a1ec14	e88e75a726313fefcde4b7e0997e751788fb6a71e66a92472c76ceef67a72c81	False	False	False	Event/Event.Weight	frozen_exact_full_member_signed_sumw	True	True	False	False	False	False
37	037_a83930738e5b5453	signal	31	ggf_hh4b	ggf_hh4b_ml_ext80k_frozen_v2_20260721_v1	ggf_shard_031	train	1000	58	1000	1000	0.99235994275659323	0.00098477825598786888	0.00099235994275659323	0.00099235994275659323	0	0	1000	True	False	8ee2339ae2244a6b73ebca3e0725ad482b2d73950cf8ecc5346f251e024a3035	f6e97c644c18fa9c0c491674e24c60b8786106727a989eec87a6ffcebaaec410	False	False	False	Event/Event.Weight	frozen_exact_full_member_signed_sumw	True	True	False	False	False	False
38	038_1ab068a8a42ebb2d	signal	32	ggf_hh4b	ggf_hh4b_ml_ext80k_frozen_v2_20260721_v1	ggf_shard_032	train	1000	75	1000	1000	0.9954000124707818	0.00099082118482683246	0.0009954000124707818	0.0009954000124707818	0	0	1000	True	False	8b6949ba505e9bd284d5a0dd98fa4caddbcac70f7059578014af5eae9fc4b549	86063fb34242af18197ab25ebef93730385db055aaa8bb1cc70745b28548c93d	False	False	False	Event/Event.Weight	frozen_exact_full_member_signed_sumw	True	True	False	False	False	False
39	039_647fc6aafaffc832	signal	33	ggf_hh4b	ggf_hh4b_ml_ext80k_frozen_v2_20260721_v1	ggf_shard_033	train	1000	55	1000	1000	0.98778994288295507	0.00097572897126071165	0.00098778994288295507	0.00098778994288295507	0	0	1000	True	False	b5fd9cc1b484fcba4fa053fa1bd7711975d21f9892b12dc8912bf7ac949254ff	154f357dd541e1f53550f040229746a6a9f1c68fdc20c39df37466bb0c8e4d30	False	False	False	Event/Event.Weight	frozen_exact_full_member_signed_sumw	True	True	False	False	False	False
40	040_2742ffff7e383c38	signal	34	ggf_hh4b	ggf_hh4b_ml_ext80k_frozen_v2_20260721_v1	ggf_shard_034	train	1000	56	1000	1000	0.99764997139573097	0.00099530546542590283	0.00099764997139573097	0.00099764997139573097	0	0	1000	True	False	82a59a1b1ad6c5d572480255caf8bd3ecff8fc550ffebb4da488487bba5213cf	423fd927f72a50d13f3424000b5d6e1c414bdd31ef21252f19b3c1dfa3f2913f	False	False	False	Event/Event.Weight	frozen_exact_full_member_signed_sumw	True	True	False	False	False	False
41	041_567e3825ca16f051	signal	35	ggf_hh4b	ggf_hh4b_ml_ext80k_frozen_v2_20260721_v1	ggf_shard_035	train	1000	56	1000	1000	0.98939996678382158	0.00097891229427182714	0.00098939996678382158	0.00098939996678382158	0	0	1000	True	False	3ae6f6b174fb9b4fb5287b150510595c6946b75d27278432519799ff1f1cecbe	f482928dea576f98e692a96558e8ed2eb47889ab434ddf9a17ea47c8eae146da	False	False	False	Event/Event.Weight	frozen_exact_full_member_signed_sumw	True	True	False	False	False	False
42	042_7d649ac4e9139c8a	signal	36	ggf_hh4b	ggf_hh4b_ml_ext80k_frozen_v2_20260721_v1	ggf_shard_036	train	1000	69	1000	1000	0.99553004838526249	0.00099108007723796307	0.00099553004838526249	0.00099553004838526249	0	0	1000	True	False	4113f54e7e56f4f7028cbb27cc1c8efd6a1da8d40bb7140036d3ee1280b451d7	c58d62bd4dc0cca6a41623396a9f213f6d04cc51e555833306ffb0de4c23b9c6	False	False	False	Event/Event.Weight	frozen_exact_full_member_signed_sumw	True	True	False	False	False	False
43	043_1fa213cfc76ca0d7	signal	37	ggf_hh4b	ggf_hh4b_ml_ext80k_frozen_v2_20260721_v1	ggf_shard_037	train	1000	58	1000	1000	0.99156994838267565	0.00098321096253562194	0.00099156994838267565	0.00099156994838267565	0	0	1000	True	False	6e8156efa169c5f805d061fc9d210dc592fab8260f40705cf33d0f4b054b78f6	68d93f123e3b2356b7e4ca979bc723fafe124f4157f2dbdae90db861962d2618	False	False	False	Event/Event.Weight	frozen_exact_full_member_signed_sumw	True	True	False	False	False	False
44	044_3611e968bcd64c5d	signal	38	ggf_hh4b	ggf_hh4b_ml_ext80k_frozen_v2_20260721_v1	ggf_shard_038	train	1000	57	1000	1000	0.98741997499018908	0.00097499820700962562	0.00098741997499018908	0.00098741997499018908	0	0	1000	True	False	ce2761e4ede14a26d85760ef1e0caab3066dd1473a7a7fbf0dfdc865545a22ac	ce926741ed84aaf437b6736f6eadf61d595768b21fc2f73b3d5dac92a64bb583	False	False	False	Event/Event.Weight	frozen_exact_full_member_signed_sumw	True	True	False	False	False	False
45	045_05d75efb945a0b56	signal	39	ggf_hh4b	ggf_hh4b_ml_ext80k_frozen_v2_20260721_v1	ggf_shard_039	train	1000	66	1000	1000	0.98651996813714504	0.00097322164753331367	0.00098651996813714504	0.00098651996813714504	0	0	1000	True	False	102829757721cfa9ab4b602797352cc9709586986eb1d21a651bcd84b0242bda	593a2b0a4d3918cc4440c9f7ef6e4c0f9372c65547de08f610490f3b7846eb6c	False	False	False	Event/Event.Weight	frozen_exact_full_member_signed_sumw	True	True	False	False	False	False
46	046_b66cf11b6c9c5f38	signal	40	ggf_hh4b	ggf_hh4b_ml_ext80k_frozen_v2_20260721_v1	ggf_shard_040	train	1000	50	1000	1000	0.988240004517138	0.00097661830652803283	0.000988240004517138	0.000988240004517138	0	0	1000	True	False	b5e809a0a732bbf764a16c1fb000d67eb702427433fe7f1aded89bcdc887064c	6126736dd8f0538e97daad1c91c65da6f49d5aa535896bfb89ce41967fb8b998	False	False	False	Event/Event.Weight	frozen_exact_full_member_signed_sumw	True	True	False	False	False	False
47	047_f010e1f9e2c56b9b	signal	41	ggf_hh4b	ggf_hh4b_ml_ext80k_frozen_v2_20260721_v1	ggf_shard_041	train	1000	46	1000	1000	0.99725998006761074	0.00099452746784445137	0.00099725998006761074	0.00099725998006761074	0	0	1000	True	False	8dd877a4680bf084ae9da8d542220e0e46cd336db5162607e0bb8e8f817381fb	e88036744588d953345387fe36ab682bd399b26a56ef050211a70a4e2843c209	False	False	False	Event/Event.Weight	frozen_exact_full_member_signed_sumw	True	True	False	False	False	False
48	048_441dd358c4a1532f	signal	42	ggf_hh4b	ggf_hh4b_ml_ext80k_frozen_v2_20260721_v1	ggf_shard_042	train	1000	67	1000	1000	0.99688000045716763	0.00099376973531148253	0.00099688000045716763	0.00099688000045716763	0	0	1000	True	False	28c75543101b6d48ea2e79062003d52888065e8baffbd5f09d34a29d178b5fb7	f551b0683a7b79d92c6f5d1339182c3ab9c630f908d271fe78cea7aec7909016	False	False	False	Event/Event.Weight	frozen_exact_full_member_signed_sumw	True	True	False	False	False	False
49	049_8a5052094f24136f	signal	43	ggf_hh4b	ggf_hh4b_ml_ext80k_frozen_v2_20260721_v1	ggf_shard_043	train	1000	62	1000	1000	0.98615000024437904	0.00097249182298198879	0.00098615000024437904	0.00098615000024437904	0	0	1000	True	False	548f7ee1fdd369f596025e6d593b6e37cf77a2b9c2ff3672ba296726a73199ce	489a58b365707d30c0174308d66167ef7e5bfa1ec9c3e3d7019200e76317e875	False	False	False	Event/Event.Weight	frozen_exact_full_member_signed_sumw	True	True	False	False	False	False
50	050_bb4ad8845a18a977	signal	44	ggf_hh4b	ggf_hh4b_ml_ext80k_frozen_v2_20260721_v1	ggf_shard_044	train	1000	57	1000	1000	0.99575996864587069	0.00099153791515762526	0.00099575996864587069	0.00099575996864587069	0	0	1000	True	False	16a6a144b46854a7586b8470714d30f87fe97c72f732181bfa23d1ab1d673c53	b8b53c2668c0f3fd0ca17f2d2facf94a3626b3e1d33504d5a534c1319f2d19b4	False	False	False	Event/Event.Weight	frozen_exact_full_member_signed_sumw	True	True	False	False	False	False
51	051_85b8058518a0198c	signal	45	ggf_hh4b	ggf_hh4b_ml_ext80k_frozen_v2_20260721_v1	ggf_shard_045	train	1000	59	1000	1000	0.9872199734672904	0.00097460327601275756	0.0009872199734672904	0.0009872199734672904	0	0	1000	True	False	651d8902d5b0b6dfc8e91e69e5c280cc2ad38aa5864592993c8fc5daafa82c3f	ac76801ad09ddea6a6550d26b743859e988299753000cada29e70b321e36a935	False	False	False	Event/Event.Weight	frozen_exact_full_member_signed_sumw	True	True	False	False	False	False
52	052_83a744e3fa43cd51	signal	46	ggf_hh4b	ggf_hh4b_ml_ext80k_frozen_v2_20260721_v1	ggf_shard_046	train	1000	55	1000	1000	0.99531002342700958	0.00099064204273427436	0.00099531002342700958	0.00099531002342700958	0	0	1000	True	False	7e249ab675a1e2c1ab1ce82ae37710ad72264e01f75a815bef7b136f34dc98fa	cdaade963e06eadf484424017b4a07b5b4f28b9e717973de3185efaf995d4108	False	False	False	Event/Event.Weight	frozen_exact_full_member_signed_sumw	True	True	False	False	False	False
53	053_6ff039e1c2b7b235	signal	47	ggf_hh4b	ggf_hh4b_ml_ext80k_frozen_v2_20260721_v1	ggf_shard_047	train	1000	67	1000	1000	0.990860047750175	0.00098180363422747897	0.000990860047750175	0.000990860047750175	0	0	1000	True	False	43f8daa9eb7a1c9d3c8adcca83fdcb3f8d8dc4bd797abd23e4a9da69fdfd8f1a	7596b1e0bd6f1012b8fb0e904a39d7d5e205201a19dbef70c8bda02789c79d62	False	False	False	Event/Event.Weight	frozen_exact_full_member_signed_sumw	True	True	False	False	False	False
54	054_87da9faf1b6cd45b	signal	48	ggf_hh4b	ggf_hh4b_ml_ext80k_frozen_v2_20260721_v1	ggf_shard_048	train	1000	52	1000	1000	0.98689005244523287	0.00097395197561535448	0.00098689005244523287	0.00098689005244523287	0	0	1000	True	False	b509419880834bf590c58224e29e70f929d605a4ac0d062517b27fda1a4080df	0a7ab396774c131cec3fb9ac6ab26ca0c13b9b38b9fd52208b77a65de11fb91a	False	False	False	Event/Event.Weight	frozen_exact_full_member_signed_sumw	True	True	False	False	False	False
55	055_18fe89a4b4c5fa65	signal	49	ggf_hh4b	ggf_hh4b_ml_ext80k_frozen_v2_20260721_v1	ggf_shard_049	train	1000	54	1000	1000	0.99000998307019472	0.00098011976657864713	0.00099000998307019472	0.00099000998307019472	0	0	1000	True	False	c6693f589afd4c7094e58d0f0ce6d8a2d830b984de1206c380bde262f09b2903	70b0d40f78c24aaf3c143265f060f883d52a4097a970cc7e1c018b76e3df6f93	False	False	False	Event/Event.Weight	frozen_exact_full_member_signed_sumw	True	True	False	False	False	False
56	056_3d07d1b6fdfbe512	signal	50	ggf_hh4b	ggf_hh4b_ml_ext80k_frozen_v2_20260721_v1	ggf_shard_050	train	1000	70	1000	1000	0.98851998336613178	0.00097717175751417746	0.00098851998336613178	0.00098851998336613178	0	0	1000	True	False	5f8a98f33403b2fe9315160baba1f325b8256e489fb1896bab088fd2d0a66b51	38c31159724b6957d1b919e1ba8bdbfde0bb34f32443b063206b0181d9ee3ce7	False	False	False	Event/Event.Weight	frozen_exact_full_member_signed_sumw	True	True	False	False	False	False
57	057_147f3f7389820da8	signal	51	ggf_hh4b	ggf_hh4b_ml_ext80k_frozen_v2_20260721_v1	ggf_shard_051	train	1000	63	1000	1000	0.99127995781600475	0.00098263595476770016	0.00099127995781600475	0.00099127995781600475	0	0	1000	True	False	4503c17b34c577737d115b2c9e9c97f0757e8aa7632e0d17dc10bb324e42affd	c04009a2af1e0fb0daf338e59b7f59ef5236c8694bb780c65a8f9e46711ff2b6	False	False	False	Event/Event.Weight	frozen_exact_full_member_signed_sumw	True	True	False	False	False	False
58	058_5f65ab0950ae259a	signal	52	ggf_hh4b	ggf_hh4b_ml_ext80k_frozen_v2_20260721_v1	ggf_shard_052	train	1000	58	1000	1000	0.99476997274905443	0.00098956729868315439	0.00099476997274905443	0.00099476997274905443	0	0	1000	True	False	ddb9eae36d175d9787339f69e40d484bf5a3ee850a35da3469808e86b4b8cfb1	32088023f7d5a8b91f8bb11cff3ce421fe9febd1405b1de411966aee47f48e44	False	False	False	Event/Event.Weight	frozen_exact_full_member_signed_sumw	True	True	False	False	False	False
59	059_648b68e52858788d	signal	53	ggf_hh4b	ggf_hh4b_ml_ext80k_frozen_v2_20260721_v1	ggf_shard_053	train	1000	77	1000	1000	0.9925599442794919	0.00098517524298810796	0.0009925599442794919	0.0009925599442794919	0	0	1000	True	False	cbdb39a55d73731cc60449b2b55d2235ddc09ef98e83254f2395f980eb2218a7	3435bed0affcf59db88588a287c3a6c4396d312b87fab44c562dde8c1deecc39	False	False	False	Event/Event.Weight	frozen_exact_full_member_signed_sumw	True	True	False	False	False	False
60	060_da0a4ff7a2a458c9	signal	54	ggf_hh4b	ggf_hh4b_ml_ext80k_frozen_v2_20260721_v1	ggf_shard_054	train	1000	71	1000	1000	0.98673999309539795	0.00097365581397390599	0.00098673999309539795	0.00098673999309539795	0	0	1000	True	False	1934da16720bcdb981d73dc677ff1b768942206ddc5e790d4a7fcef9dcd7d6b4	b05b83ea47269febc5b1236bf83ebba52f468aeec145085e1a370cb0f443e8de	False	False	False	Event/Event.Weight	frozen_exact_full_member_signed_sumw	True	True	False	False	False	False
61	061_8ad9801aa745a26c	signal	55	ggf_hh4b	ggf_hh4b_ml_ext80k_frozen_v2_20260721_v1	ggf_shard_055	train	1000	66	1000	1000	0.99245004821568727	0.00098495709820331989	0.00099245004821568727	0.00099245004821568727	0	0	1000	True	False	203d8b92bbaecbf718f27aa9182a3cb644e822bdc3236cbafb6de32746e36d7d	3d1cf0efb1c619ea153efeb6183a5ba897fe78b5724cf2853ffafd2f44ec3aac	False	False	False	Event/Event.Weight	frozen_exact_full_member_signed_sumw	True	True	False	False	False	False
62	062_767aa36cb43499aa	signal	56	ggf_hh4b	ggf_hh4b_ml_ext80k_frozen_v2_20260721_v1	ggf_shard_056	train	1000	53	1000	1000	0.99133001640439034	0.00098273520142432881	0.00099133001640439034	0.00099133001640439034	0	0	1000	True	False	19f5ad6304762043aaf070957661774faeeb4cf2402f3482776174713e2fe127	8d96cf8ee6debc43d8ad086e46ed70495e6362a6e6b199125f36b87855b6b6e9	False	False	False	Event/Event.Weight	frozen_exact_full_member_signed_sumw	True	True	False	False	False	False
63	063_511f1d0dff94c7ff	signal	57	ggf_hh4b	ggf_hh4b_ml_ext80k_frozen_v2_20260721_v1	ggf_shard_057	train	1000	63	1000	1000	0.99545996636152267	0.00099094054462848385	0.00099545996636152267	0.00099545996636152267	0	0	1000	True	False	26471515ea190abbee54756e9a2b21ad8d91187af3bf51e6d1ac44877b0cec8d	debd54d7fbd6c72d19f40869b33776a9a8eb93857b1e769be4a027686ca2c025	False	False	False	Event/Event.Weight	frozen_exact_full_member_signed_sumw	True	True	False	False	False	False
64	064_19345edbdbed3247	signal	58	ggf_hh4b	ggf_hh4b_ml_ext80k_frozen_v2_20260721_v1	ggf_shard_058	train	1000	63	1000	1000	0.99590001627802849	0.00099181684242257741	0.00099590001627802849	0.00099590001627802849	0	0	1000	True	False	bef47f70d9c61a897010eb107c7a8cc8f5085f240e92112a4f0c6ec4b801c1a7	e2746b7fe2a20458804e41c0aa898c2210d41f21a4381a9be1690d1ce879eb62	False	False	False	Event/Event.Weight	frozen_exact_full_member_signed_sumw	True	True	False	False	False	False
65	065_002b469df113c585	signal	59	ggf_hh4b	ggf_hh4b_ml_ext80k_frozen_v2_20260721_v1	ggf_shard_059	train	1000	57	1000	1000	0.99056004546582699	0.00098120920367326123	0.00099056004546582699	0.00099056004546582699	0	0	1000	True	False	2f25173916e0100c8685a7796b4e3c707adb05a19c7ad408b11ca8c53ee23886	ed8bb3957e7db77ea69bcac1f2032e2f218f4b52038fa4daeee40133e2acc0bc	False	False	False	Event/Event.Weight	frozen_exact_full_member_signed_sumw	True	True	False	False	False	False
66	066_de9d7bb9d3cef00f	signal	60	ggf_hh4b	ggf_hh4b_ml_ext80k_frozen_v2_20260721_v1	ggf_shard_060	train	1000	53	1000	1000	0.9930699598044157	0.00098618794506594382	0.0009930699598044157	0.0009930699598044157	0	0	1000	True	False	7bc5000a9ffa89fcb6be111121290f13b69c3e1674beddb235f85f7e10c9d346	705b7c5eff99415b4fa33d4ac77338b1db75d6ac9f27700b56ab1cfbf5333f8b	False	False	False	Event/Event.Weight	frozen_exact_full_member_signed_sumw	True	True	False	False	False	False
67	067_7ee0e03fde802076	signal	61	ggf_hh4b	ggf_hh4b_ml_ext80k_frozen_v2_20260721_v1	ggf_shard_061	train	1000	56	1000	1000	0.98900997545570135	0.00097814073155088688	0.00098900997545570135	0.00098900997545570135	0	0	1000	True	False	6daf89a0824cc5178ef01be313dffbc00eebd38c491c6c43b95a5c44068f54aa	338901416c8e378d43bdbee090422c2543cbd12ae98869aa589f861e28f57f44	False	False	False	Event/Event.Weight	frozen_exact_full_member_signed_sumw	True	True	False	False	False	False
68	068_9a9eee21c2960048	signal	62	ggf_hh4b	ggf_hh4b_ml_ext80k_frozen_v2_20260721_v1	ggf_shard_062	train	1000	63	1000	1000	0.99263002630323172	0.00098531436911875438	0.00099263002630323172	0.00099263002630323172	0	0	1000	True	False	787c8e8d237dd06763fc8eb25bed6da2d29592b7f83957cda368ee0f25d0c0cb	e4a345f4bded57bdd4d66973f9132a9ee272cc2741201059d383c49aaee59c7a	False	False	False	Event/Event.Weight	frozen_exact_full_member_signed_sumw	True	True	False	False	False	False
69	069_d04dbd77a1b271ab	signal	63	ggf_hh4b	ggf_hh4b_ml_ext80k_frozen_v2_20260721_v1	ggf_shard_063	train	1000	62	1000	1000	0.99332001991569996	0.00098668466196532656	0.00099332001991569996	0.00099332001991569996	0	0	1000	True	False	1dadb39929740913d3ca747b35dd2223025da5deeee1e8e84868168de757a5cc	4e3aa5c5affc033135971c3391e2d97fd4da9abf92c3dd994e9206b57fb551ca	False	False	False	Event/Event.Weight	frozen_exact_full_member_signed_sumw	True	True	False	False	False	False
70	070_aa1f50eb3ec23c25	signal	64	ggf_hh4b	ggf_hh4b_ml_ext80k_frozen_v2_20260721_v1	ggf_shard_064	train	1000	61	1000	1000	0.99279999267309904	0.0009856518254517054	0.00099279999267309904	0.00099279999267309904	0	0	1000	True	False	57df1c154f2663792e6831e78c5789bd483e5535f39b8fdf3885b21d05f24065	818ce9b4b022a820970d44c51c7888a53980384b4fd661a5177e672becf249e7	False	False	False	Event/Event.Weight	frozen_exact_full_member_signed_sumw	True	True	False	False	False	False
71	071_8fab6ee2abc72a0b	signal	65	ggf_hh4b	ggf_hh4b_ml_ext80k_frozen_v2_20260721_v1	ggf_shard_065	train	1000	55	1000	1000	0.99482003133744001	0.00098966689475022502	0.00099482003133744001	0.00099482003133744001	0	0	1000	True	False	4d745b3c79f17e70149cf41b1ff9f68b70ad5196024682219cc14e470fdc2915	b8626a3a5c15f0f0a6c66467ba5c34c93fb75b3b8af8c02d91f0de2b092368fd	False	False	False	Event/Event.Weight	frozen_exact_full_member_signed_sumw	True	True	False	False	False	False
72	072_41334a66e4b317b9	signal	66	ggf_hh4b	ggf_hh4b_ml_ext80k_frozen_v2_20260721_v1	ggf_shard_066	train	1000	64	1000	1000	0.98825001623481512	0.00097663809458811224	0.00098825001623481512	0.00098825001623481512	0	0	1000	True	False	edf6a43de75ffe5a61f0c6ff14884193f5507818da233461ba47591dc04127cc	45e60d7695e2b141ecc6fe7bba70880532102a7693c6daedd1b339cec88ae613	False	False	False	Event/Event.Weight	frozen_exact_full_member_signed_sumw	True	True	False	False	False	False
73	073_21aab707caaac14f	signal	67	ggf_hh4b	ggf_hh4b_ml_ext80k_frozen_v2_20260721_v1	ggf_shard_067	train	1000	61	1000	1000	0.99404994398355484	0.00098813529113370852	0.00099404994398355484	0.00099404994398355484	0	0	1000	True	False	4249d09baa323db848eaeabce20456856943be129d491193f4f30739ddd9e668	e2e19f78a0067c48a719d56f4dc72eee36c4e324c7a106ddd8911a6e3c6d4501	False	False	False	Event/Event.Weight	frozen_exact_full_member_signed_sumw	True	True	False	False	False	False
74	074_92f791a1632fdf40	signal	68	ggf_hh4b	ggf_hh4b_ml_ext80k_frozen_v2_20260721_v1	ggf_shard_068	train	1000	65	1000	1000	0.99070998840034008	0.00098150628111620198	0.00099070998840034008	0.00099070998840034008	0	0	1000	True	False	d66c77c8447eb4ac6979995427db1a0c3d74528aa5c0070c8d0f8b8c9e941296	8f8220c6b598268535fca64d3fdad153e5fe2b09ee46b2de9bd20e0cb0a95654	False	False	False	Event/Event.Weight	frozen_exact_full_member_signed_sumw	True	True	False	False	False	False
75	075_67b915bb04568d72	signal	69	ggf_hh4b	ggf_hh4b_ml_ext80k_frozen_v2_20260721_v1	ggf_shard_069	train	1000	67	1000	1000	0.99228997714817524	0.00098463939874872614	0.00099228997714817524	0.00099228997714817524	0	0	1000	True	False	7665ec67ae9cf0e7d9d9165f32a62477a41c157a3165a61794949def74e61bc2	bd988627a9fde89c79cc544bf9f8468483331a34a7c9215b84d50d39f00d1a3b	False	False	False	Event/Event.Weight	frozen_exact_full_member_signed_sumw	True	True	False	False	False	False
76	076_09712d7a25a89b42	signal	70	ggf_hh4b	ggf_hh4b_ml_ext80k_frozen_v2_20260721_v1	ggf_shard_070	train	1000	49	1000	1000	0.99653995130211115	0.00099309187454121395	0.00099653995130211115	0.00099653995130211115	0	0	1000	True	False	ffd373714bd1074bb7d5d1a5d6e8f8cfb0e9d46c2d018dfb2c8c9d25df4d35c1	7c7fd5122b99e248b137a58e0bedd349fb61810628c3b2f01a76773e1eacd9a1	False	False	False	Event/Event.Weight	frozen_exact_full_member_signed_sumw	True	True	False	False	False	False
77	077_5f49b758d72229b4	signal	71	ggf_hh4b	ggf_hh4b_ml_ext80k_frozen_v2_20260721_v1	ggf_shard_071	train	1000	52	1000	1000	0.99110999144613743	0.00098229901514436261	0.00099110999144613743	0.00099110999144613743	0	0	1000	True	False	ef210201d9e113e4852d4d181e0cf3b23a9bb422ec2d621d2126e978b5ff3055	117ef5fcb9044489d7010c85fa457ab20c0729b953451b04784a83d147ba1965	False	False	False	Event/Event.Weight	frozen_exact_full_member_signed_sumw	True	True	False	False	False	False
78	078_36797ee3a0669294	signal	72	ggf_hh4b	ggf_hh4b_ml_ext80k_frozen_v2_20260721_v1	ggf_shard_072	train	1000	74	1000	1000	0.99291000515222549	0.00098587027833139246	0.00099291000515222549	0.00099291000515222549	0	0	1000	True	False	00c60beebc48b92f01bf3faba3dade6932927120ebb47225df14836933ac777a	fe3b63c29d247639b966c4a66bb3315ee6ea5d201f3c6993a93297d893c97b42	False	False	False	Event/Event.Weight	frozen_exact_full_member_signed_sumw	True	True	False	False	False	False
79	079_34cbc9ed00c4b768	signal	73	ggf_hh4b	ggf_hh4b_ml_ext80k_frozen_v2_20260721_v1	ggf_shard_073	train	1000	58	1000	1000	0.99303002934902906	0.00098610863918893342	0.00099303002934902906	0.00099303002934902906	0	0	1000	True	False	28c2d92ac0cedbf6db051735933ea4b9e85238eacc3b75e74d67cf8fe6cd5fad	b6c096ede356cdafe4e4c64fddf063df54e9c5ea89edb059039126b9d4d1638a	False	False	False	Event/Event.Weight	frozen_exact_full_member_signed_sumw	True	True	False	False	False	False
80	080_85684edf3a978ce0	signal	74	ggf_hh4b	ggf_hh4b_ml_ext80k_frozen_v2_20260721_v1	ggf_shard_074	train	1000	58	1000	1000	0.99869002588093281	0.00099738176779405824	0.00099869002588093281	0.00099869002588093281	0	0	1000	True	False	15c13577064d1881301159576cd82cafd35768316966f1b5ed05c4159176c6f3	1d77480d20af23aa1abf0f34d931a585879345008b7c0cd322eec864a122177b	False	False	False	Event/Event.Weight	frozen_exact_full_member_signed_sumw	True	True	False	False	False	False
81	081_7053071f129455c9	signal	75	ggf_hh4b	ggf_hh4b_ml_ext80k_frozen_v2_20260721_v1	ggf_shard_075	train	1000	44	1000	1000	0.98871998488903046	0.00097756720851896461	0.00098871998488903046	0.00098871998488903046	0	0	1000	True	False	5ac697795b8efda92a53c51987e609f6799f02b43e8d2993cc8b28fa6044d839	3abdb103bf41a1bf5af9481c759af613a71f00ac73de3019fbee0711fb381e80	False	False	False	Event/Event.Weight	frozen_exact_full_member_signed_sumw	True	True	False	False	False	False
82	082_e1b95b562a378cb5	signal	76	ggf_hh4b	ggf_hh4b_ml_ext80k_frozen_v2_20260721_v1	ggf_shard_076	train	1000	53	1000	1000	0.99204003345221281	0.0009841434279718674	0.00099204003345221281	0.00099204003345221281	0	0	1000	True	False	288197524a7129ef18e9cd5b47cea8f6d6055934fd64d9c44d201b452982198c	f16065da2e0cd5220b39c2c0317ccca24923d8b6616fd0850bb280d661237afc	False	False	False	Event/Event.Weight	frozen_exact_full_member_signed_sumw	True	True	False	False	False	False
83	083_60026e2f76c70cb7	signal	77	ggf_hh4b	ggf_hh4b_ml_ext80k_frozen_v2_20260721_v1	ggf_shard_077	train	1000	69	1000	1000	0.99344004411250353	0.00098692312124625285	0.00099344004411250353	0.00099344004411250353	0	0	1000	True	False	24a653028163cd548e2937a9d210c554c19832f3957823d81ade063a80c78808	f8ae9d87938ef9ab776a0f5cb082cd2a39213858be436aa783d4de91996b1d30	False	False	False	Event/Event.Weight	frozen_exact_full_member_signed_sumw	True	True	False	False	False	False
84	084_5fc89f1120f774ed	signal	78	ggf_hh4b	ggf_hh4b_ml_ext80k_frozen_v2_20260721_v1	ggf_shard_078	train	1000	63	1000	1000	0.99017994944006205	0.00098045633227312372	0.00099017994944006205	0.00099017994944006205	0	0	1000	True	False	f257693f3dc0a6318320ccf8a008304df2cf85692dd34004af01ba606c83ea39	68059d3d5ab5525aad2007ed6a41431a679d6ac552dd178262d53eccf8f20e20	False	False	False	Event/Event.Weight	frozen_exact_full_member_signed_sumw	True	True	False	False	False	False
85	085_0ccb2ca3c61533ca	signal	79	ggf_hh4b	ggf_hh4b_ml_ext80k_frozen_v2_20260721_v1	ggf_shard_079	train	1000	55	1000	1000	0.99105003755539656	0.00098218017693855282	0.00099105003755539656	0.00099105003755539656	0	0	1000	True	False	31b665f2d8008c568fd5d55893dace57e68ce81cfa298c4008e2648df782dd50	7916c220392400862af6ac95d392bffe47e8a1a545e2172365f1df2a79e5ffcf	False	False	False	Event/Event.Weight	frozen_exact_full_member_signed_sumw	True	True	False	False	False	False
86	086_03855cea5aa74657	signal	80	ggf_hh4b	ggf_hh4b_ml_ext80k_frozen_v2_20260721_v1	ggf_shard_080	train	1000	61	1000	1000	0.99612004123628139	0.00099225513655257095	0.00099612004123628139	0.00099612004123628139	0	0	1000	True	False	a5757a7b0242038b5e90d4bdd2a23be4b10d0b9e07a3c1cbaeff1b1f554af603	aa09a7b85dae5dbc691a7a9e5455f75f191ce749f472ca40e63de21b006878b7	False	False	False	Event/Event.Weight	frozen_exact_full_member_signed_sumw	True	True	False	False	False	False
87	087_f14376f35f091d89	signal	81	ggf_hh4b	ggf_hh4b_ml_ext80k_frozen_v2_20260721_v1	ggf_shard_081	train	1000	58	1000	1000	0.9958300506696105	0.00099167748981663891	0.0009958300506696105	0.0009958300506696105	0	0	1000	True	False	ab764e69b5bfb661e6e2cc9a33fc4247b6ff3a179e7f93bde4f46c2e4489324f	416b8cf48f3bbf3cca57a34c82076dea8405e1198d980cbb0683f6a9fa5048b7	False	False	False	Event/Event.Weight	frozen_exact_full_member_signed_sumw	True	True	False	False	False	False
88	088_25d7bb4ad3c50081	signal	82	ggf_hh4b	ggf_hh4b_ml_ext80k_frozen_v2_20260721_v1	ggf_shard_082	train	1000	65	1000	1000	0.99106004927307367	0.00098220002126514711	0.00099106004927307367	0.00099106004927307367	0	0	1000	True	False	94b884798e87e3724e8a0ae1c529509921682cb279b64908215f75ebd83e3046	c25ecc3fcc93e9286408262e9f1d8702023246e88ef9e0df7019ab9b86ae6b4b	False	False	False	Event/Event.Weight	frozen_exact_full_member_signed_sumw	True	True	False	False	False	False
89	089_45afab67af096930	signal	83	ggf_hh4b	ggf_hh4b_ml_ext80k_frozen_v2_20260721_v1	ggf_shard_083	train	1000	57	1000	1000	0.99334004335105419	0.00098672444172467422	0.00099334004335105419	0.00099334004335105419	0	0	1000	True	False	e4ce495c7d84f70aab27e1a2745a004ce1ef8c0f37e6fd16e1ba239869fb6b00	79764907794f19a7e37515266b54a5dc4e34e34a60702067484965250cfeba05	False	False	False	Event/Event.Weight	frozen_exact_full_member_signed_sumw	True	True	False	False	False	False
90	090_d1bceaef93104f23	signal	84	ggf_hh4b	ggf_hh4b_ml_ext80k_frozen_v2_20260721_v1	ggf_shard_084	train	1000	59	1000	1000	0.98559004254639149	0.00097138773196659778	0.00098559004254639149	0.00098559004254639149	0	0	1000	True	False	65663c574773a0cf8cad71ca7bc4af5e02d707eda64a323d803614a266120e7f	42b980085bf4b71d0a185e1cabbb076c76db603fd1b5e5dc1118417d23cfd908	False	False	False	Event/Event.Weight	frozen_exact_full_member_signed_sumw	True	True	False	False	False	False
91	091_abc74bff5c01ff89	signal	85	ggf_hh4b	ggf_hh4b_ml_ext80k_frozen_v2_20260721_v1	ggf_shard_085	train	1000	60	1000	1000	0.98755001090466976	0.00097525502403781337	0.00098755001090466976	0.00098755001090466976	0	0	1000	True	False	0daeb31f97b6afde25950cf116bb75e93ac6fc4d648a09b27c41cf16c6a328bb	83b5dd5ae78d6435c8cc876ef7b65d03041c17f03b1cda8ab105a2c315faed55	False	False	False	Event/Event.Weight	frozen_exact_full_member_signed_sumw	True	True	False	False	False	False
92	092_63ab9773467fb332	signal	101	vbf_hh4b	vbf_hh4b_sm_scaleout90k_20260722_v1	vbf_hh4b_sm_run2_frozen_v2_train_shard9401_10k	train	10000	612	10000	10000	14.278319431468844	0.020387040578706078	0.0014278319431468844	0.0014278319431468844	0	0	10000	True	False	b6258e0bcb2c4e830ae3fa7efb5ba4c19c4c7f2c442c3b0264bb3489f3af44b9	7c8f5af55159c1510df49d537e38b41ca00e2bff2a0a0cd3aadf9f96712c2cf3	False	False	False	Event/Event.Weight	frozen_exact_full_member_signed_sumw	True	True	False	False	False	False
93	093_19a28e00adf8446d	signal	103	vbf_hh4b	vbf_hh4b_sm_scaleout90k_20260722_v1	vbf_hh4b_sm_run2_frozen_v2_train_shard9403_10k	train	10000	691	10000	10000	14.143929583951831	0.020005074407578781	0.0014143929583951831	0.0014143929583951831	0	0	10000	True	False	47ca255122a3a9b62cd85d37ddb5e3ab229ffc5278270d129d51cf49c00b2c6c	c97b4571c7421969c310acacf897aa4f649938f2989c6cafa19a4978750a12ca	False	False	False	Event/Event.Weight	frozen_exact_full_member_signed_sumw	True	True	False	False	False	False
94	094_6ee5df375a1f201d	signal	104	vbf_hh4b	vbf_hh4b_sm_scaleout90k_20260722_v1	vbf_hh4b_sm_run2_frozen_v2_train_shard9404_10k	train	10000	635	10000	10000	14.283836353570223	0.020402798097557427	0.0014283836353570223	0.0014283836353570223	0	0	10000	True	False	f6abf4408b0b06b1a13b5c8c031271c38664410fe59e95ead265904ff51452cc	f215a1296d8087aa13daf573e9c645a24932c0891fb509802b2ac6169700fd34	False	False	False	Event/Event.Weight	frozen_exact_full_member_signed_sumw	True	True	False	False	False	False
95	095_da1f07bfcd2bff14	signal	105	vbf_hh4b	vbf_hh4b_sm_scaleout90k_20260722_v1	vbf_hh4b_sm_run2_frozen_v2_train_shard9405_10k	train	10000	605	10000	10000	14.261455507948995	0.020338911320520871	0.0014261455507948995	0.0014261455507948995	0	0	10000	True	False	bd75842e52d4be7b0608dd3ca9983f34e2767b4a11c82fb5eae64063ca955c7f	ec5ead014ae86249a3b31789b3715079c6844316f11118bb4527d5b45801d861	False	False	False	Event/Event.Weight	frozen_exact_full_member_signed_sumw	True	True	False	False	False	False
96	096_cda32009259ed10b	signal	106	vbf_hh4b	vbf_hh4b_sm_scaleout90k_20260722_v1	vbf_hh4b_sm_run2_frozen_v2_train_shard9406_10k	train	10000	645	10000	10000	14.201394515112042	0.02016796061738544	0.0014201394515112042	0.0014201394515112042	0	0	10000	True	False	d8cfb572bbfad906aceac4b4120ee108f2df046b0ded0f8df8588158254e8be6	4c1b09cd72f8047b29192fbe1f598b6919431d9c9a5bbe58b154bbe7619364af	False	False	False	Event/Event.Weight	frozen_exact_full_member_signed_sumw	True	True	False	False	False	False
97	097_f90a82f832419a6b	signal	107	vbf_hh4b	vbf_hh4b_sm_scaleout90k_20260722_v1	vbf_hh4b_sm_run2_frozen_v2_train_shard9407_10k	train	10000	639	10000	10000	14.271654654294252	0.020368012657143879	0.0014271654654294252	0.0014271654654294252	0	0	10000	True	False	cf9b08f6e618da96419ddc275fbe0997d895e1c4990fd16e170c796e980cbcff	008abedd32a25deb2ed28f0ac7ff141519f31644f33d02f632f3fbce80de911c	False	False	False	Event/Event.Weight	frozen_exact_full_member_signed_sumw	True	True	False	False	False	False
98	098_28f8abc1ff9de8bf	signal	108	vbf_hh4b	vbf_hh4b_sm_scaleout90k_20260722_v1	vbf_hh4b_sm_run2_frozen_v2_train_shard9408_10k	train	10000	617	10000	10000	14.233149122446775	0.020258253394180741	0.0014233149122446775	0.0014233149122446775	0	0	10000	True	False	513889bb9c0d2136b0ccde2b74ff1b8639be9f01e28445e039024a3d2151310a	a35ab8d9b7e5f787b809d46383801e4c32877f659876ba13a7330537dbddc8d5	False	False	False	Event/Event.Weight	frozen_exact_full_member_signed_sumw	True	True	False	False	False	False
99	099_300ecf71e85c6708	background	276	schannel_single_top	unified_background_5m_single_top_pilot50k_20260722_v1	bundle:/store/user/iturkmen/hh4b_delphes/run2_13tev/frozen_v2/bundles/unified_background_5m_single_top_pilot50k_20260722_v1/schannel_single_top_run2_frozen_v2_single_top_pilot_shard4203_10kevt_bundle.tar.gz	train	10000	8	10000	10000	70187.997817993164	492635.5037698613	7.0187997817993164	7.0187997817993164	0	0	10000	True	False	8e6d3b99fd56a63e777e955f301092db541fa089e4046a6fa3ccb08381bfbc08	8eb74ee3d2f8f4fab711ff216972fd15aa4815dad33b83415dfc9e5d7bce0e94	False	False	False	Event/Event.Weight	frozen_exact_full_member_signed_sumw	True	True	False	False	False	False
100	100_55034f92c2559f1b	background	279	tchannel_antitop	unified_background_5m_single_top_pilot50k_20260722_v1	bundle:/store/user/iturkmen/hh4b_delphes/run2_13tev/frozen_v2/bundles/unified_background_5m_single_top_pilot50k_20260722_v1/tchannel_antitop_run2_frozen_v2_single_top_pilot_shard4202_10kevt_bundle.tar.gz	train	10000	8	10000	10000	581240.00549316406	33783994.398569338	58.124000549316406	58.124000549316406	0	0	10000	True	False	f123b4ff7ce1d13761dbb25b221b88112e7d216c1fb24b33cc4b5b1f3b98c1a3	2d30ec99fcfb7255862de5d0967ac8a07bca8707fb8d4cd879bdc2e3e2e652f2	False	False	False	Event/Event.Weight	frozen_exact_full_member_signed_sumw	True	True	False	False	False	False
101	101_52b8a3ddeb7284d2	background	280	tchannel_antitop	unified_background_5m_single_top_scaleout280k_20260722_v1	bundle:/store/user/iturkmen/hh4b_delphes/run2_13tev/frozen_v2/bundles/unified_background_5m_single_top_scaleout280k_20260722_v1/tchannel_antitop_run2_frozen_v2_single_top_scaleout_shard4308_10kevt_bundle.tar.gz	train	10000	1	10000	10000	582569.99969482422	33938780.454442747	58.256999969482422	58.256999969482422	0	0	10000	True	False	a7bc51efef6a3f7809fd9c960c498d2afddef7e836378078c77ebbd34fd61961	980e13cf5fb2e6e3cea61a7361bd1b9a7dd4c461d339a49b490e37b5d83a5bef	False	False	False	Event/Event.Weight	frozen_exact_full_member_signed_sumw	True	True	False	False	False	False
102	102_8a18a503cb966b7a	background	282	tchannel_antitop	unified_background_5m_single_top_scaleout280k_20260722_v1	bundle:/store/user/iturkmen/hh4b_delphes/run2_13tev/frozen_v2/bundles/unified_background_5m_single_top_scaleout280k_20260722_v1/tchannel_antitop_run2_frozen_v2_single_top_scaleout_shard4310_10kevt_bundle.tar.gz	train	10000	2	10000	10000	581360.01586914062	33797946.80513674	58.136001586914062	58.136001586914062	0	0	10000	True	False	5b9079e921fe11cc116cff0d7acb1c2d52b523509ddb0708781d0d144abae012	7c88c93a3a654832f39bf234c3986674069b565fa4b79580ffa4bd309481cdd5	False	False	False	Event/Event.Weight	frozen_exact_full_member_signed_sumw	True	True	False	False	False	False
103	103_51b98df280e38241	background	283	tchannel_antitop	unified_background_5m_single_top_scaleout280k_20260722_v1	bundle:/store/user/iturkmen/hh4b_delphes/run2_13tev/frozen_v2/bundles/unified_background_5m_single_top_scaleout280k_20260722_v1/tchannel_antitop_run2_frozen_v2_single_top_scaleout_shard4311_10kevt_bundle.tar.gz	train	10000	4	10000	10000	581759.98687744141	33844468.233164079	58.175998687744141	58.175998687744141	0	0	10000	True	False	c5e17c86fb9fa2ebea776b9664d85b68294501410ed34a3f387db4a1dffd84c0	f3204db0422e5e4818c8d8d48e5ea271de38287db9ed25ef68446f6a5405ba12	False	False	False	Event/Event.Weight	frozen_exact_full_member_signed_sumw	True	True	False	False	False	False
104	104_c74e48e981782bc7	background	284	tchannel_antitop	unified_background_5m_single_top_scaleout280k_20260722_v1	bundle:/store/user/iturkmen/hh4b_delphes/run2_13tev/frozen_v2/bundles/unified_background_5m_single_top_scaleout280k_20260722_v1/tchannel_antitop_run2_frozen_v2_single_top_scaleout_shard4312_10kevt_bundle.tar.gz	train	10000	4	10000	10000	581949.99694824219	33866579.894805908	58.194999694824219	58.194999694824219	0	0	10000	True	False	c0bb5f81a406a17d0ed691808166e8fbe468f4cbbd7d57c5ef96ededfa7fb62d	cf3320ceb22a9304b63d97229fc0ac778a449a5871f7860cd9b53c1ee7cdf04b	False	False	False	Event/Event.Weight	frozen_exact_full_member_signed_sumw	True	True	False	False	False	False
105	105_9328c12066b6d659	background	287	tchannel_top	unified_background_5m_single_top_pilot50k_20260722_v1	bundle:/store/user/iturkmen/hh4b_delphes/run2_13tev/frozen_v2/bundles/unified_background_5m_single_top_pilot50k_20260722_v1/tchannel_top_run2_frozen_v2_single_top_pilot_shard4201_10kevt_bundle.tar.gz	train	10000	7	10000	10000	1003600.0061035156	100721297.22509766	100.36000061035156	100.36000061035156	0	0	10000	True	False	88cac128c9af2146c79082c4c704363c96d2489716e3324e8b14fb7088780529	81f8ded63940644cbcaaaef975f1964946d6f52ff13f8ab86367896efd0ed7a5	False	False	False	Event/Event.Weight	frozen_exact_full_member_signed_sumw	True	True	False	False	False	False
106	106_3e4a5f347d5338c2	background	288	tchannel_top	unified_background_5m_single_top_scaleout280k_20260722_v1	bundle:/store/user/iturkmen/hh4b_delphes/run2_13tev/frozen_v2/bundles/unified_background_5m_single_top_scaleout280k_20260722_v1/tchannel_top_run2_frozen_v2_single_top_scaleout_shard4301_10kevt_bundle.tar.gz	train	10000	7	10000	10000	1006429.9774169922	101290129.94435674	100.64299774169922	100.64299774169922	0	0	10000	True	False	a99b2c1ed553606788ae500317345203c01495e35459eb8ccf158f22fafc6a9d	7d685e63c751937cdec80dbfae60897d6ac4a36a3a8c63fb759b44cd5d1c995b	False	False	False	Event/Event.Weight	frozen_exact_full_member_signed_sumw	True	True	False	False	False	False
107	107_d79866d7461e5b3f	background	289	tchannel_top	unified_background_5m_single_top_scaleout280k_20260722_v1	bundle:/store/user/iturkmen/hh4b_delphes/run2_13tev/frozen_v2/bundles/unified_background_5m_single_top_scaleout280k_20260722_v1/tchannel_top_run2_frozen_v2_single_top_scaleout_shard4302_10kevt_bundle.tar.gz	train	10000	4	10000	10000	1005690.0024414062	101141238.10105957	100.56900024414062	100.56900024414062	0	0	10000	True	False	985192545a6d3e373511a238f7173339b65d2b02fb01fea865a019d7d3e6c016	34097df4c4fc2a27345206ea71f26f6ee2eab514019d94d1e995da1a874b6227	False	False	False	Event/Event.Weight	frozen_exact_full_member_signed_sumw	True	True	False	False	False	False
108	108_a2d1906bb966b525	background	290	tchannel_top	unified_background_5m_single_top_scaleout280k_20260722_v1	bundle:/store/user/iturkmen/hh4b_delphes/run2_13tev/frozen_v2/bundles/unified_background_5m_single_top_scaleout280k_20260722_v1/tchannel_top_run2_frozen_v2_single_top_scaleout_shard4303_10kevt_bundle.tar.gz	train	10000	1	10000	10000	1008160.0189208984	101638662.37505864	100.81600189208984	100.81600189208984	0	0	10000	True	False	0a94b352882d08401b6e069baa950a3672394330c9393e8b10f851c712b409c8	d5019761b35a117d29d15a1f4e2b3b29b4de50ba998da1cfab0e8620f3f88420	False	False	False	Event/Event.Weight	frozen_exact_full_member_signed_sumw	True	True	False	False	False	False
109	109_eaa49f4760ad8229	background	291	tchannel_top	unified_background_5m_single_top_scaleout280k_20260722_v1	bundle:/store/user/iturkmen/hh4b_delphes/run2_13tev/frozen_v2/bundles/unified_background_5m_single_top_scaleout280k_20260722_v1/tchannel_top_run2_frozen_v2_single_top_scaleout_shard4304_10kevt_bundle.tar.gz	train	10000	0	10000	10000	1003880.0048828125	100777506.42035156	100.38800048828125	100.38800048828125	0	0	10000	True	False	4a85b42ca48a8b23a791a0c57e7a4b7fa57e8f1750c4df0bd996d16a52ed86d9	3d8dae2d9b2a3b9c73a5f3aaf82e05b5ef4bb5c25aae5d660ce8eb671b4fe918	False	False	False	Event/Event.Weight	frozen_exact_full_member_signed_sumw	True	True	False	False	False	False
110	110_86cc89c5449cf600	background	292	tchannel_top	unified_background_5m_single_top_scaleout280k_20260722_v1	bundle:/store/user/iturkmen/hh4b_delphes/run2_13tev/frozen_v2/bundles/unified_background_5m_single_top_scaleout280k_20260722_v1/tchannel_top_run2_frozen_v2_single_top_scaleout_shard4305_10kevt_bundle.tar.gz	train	10000	0	10000	10000	1003239.9749755859	100649044.73890144	100.32399749755859	100.32399749755859	0	0	10000	True	False	b3dc5b7b842b5d3b067521d87263720efefce66a735fdf77fae1a55118fafa51	4c249d9c872bc0f81a44d145fd536436e6974a438b87825859b2f6b17161c9ab	False	False	False	Event/Event.Weight	frozen_exact_full_member_signed_sumw	True	True	False	False	False	False
111	111_d8acecdf4ee9e8de	background	295	tw_antitop	unified_background_5m_single_top_pilot50k_20260722_v1	bundle:/store/user/iturkmen/hh4b_delphes/run2_13tev/frozen_v2/bundles/unified_background_5m_single_top_pilot50k_20260722_v1/tw_antitop_run2_frozen_v2_single_top_pilot_shard4205_10kevt_bundle.tar.gz	train	10000	18	10000	10000	279978.5041809082	7838796.2803378832	27.99785041809082	27.99785041809082	0	0	10000	True	False	3110569a0cd6b9c52b538734d66bb16ba0b112b8e38002541a02a07b1ed621e0	ebf21ac565d8a8d2183195b0bb2a2abb2f806d4c7ad21f94a29e1642c2a993d2	False	False	False	Event/Event.Weight	frozen_exact_full_member_signed_sumw	True	True	False	False	False	False
112	112_3fc97b8991ab3e1f	background	296	tw_antitop	unified_background_5m_single_top_scaleout280k_20260722_v1	bundle:/store/user/iturkmen/hh4b_delphes/run2_13tev/frozen_v2/bundles/unified_background_5m_single_top_scaleout280k_20260722_v1/tw_antitop_run2_frozen_v2_single_top_scaleout_shard4323_10kevt_bundle.tar.gz	train	10000	17	10000	10000	280147.0947265625	7848239.4683733582	28.01470947265625	28.01470947265625	0	0	10000	True	False	a930f37b2c9e9ffbd973d82e92591c145639d88f10b2854a1650f8648233dcb1	95fe469f7f49e5f698be6d261e70fa1982dddf165da55e6db6a754842ce8415d	False	False	False	Event/Event.Weight	frozen_exact_full_member_signed_sumw	True	True	False	False	False	False
113	113_ac9f8f6dcf0635ec	background	297	tw_antitop	unified_background_5m_single_top_scaleout280k_20260722_v1	bundle:/store/user/iturkmen/hh4b_delphes/run2_13tev/frozen_v2/bundles/unified_background_5m_single_top_scaleout280k_20260722_v1/tw_antitop_run2_frozen_v2_single_top_scaleout_shard4324_10kevt_bundle.tar.gz	train	10000	15	10000	10000	280346.39358520508	7859410.0396230714	28.034639358520508	28.034639358520508	0	0	10000	True	False	685097cf67871b5b8e56b05b7df1635549a06791af9b93e6609154bb3f7750b0	c52c801c0d0010b25c73cbb2b67a7c6318f39cc5b5fc727902b094ddf51dd021	False	False	False	Event/Event.Weight	frozen_exact_full_member_signed_sumw	True	True	False	False	False	False
114	114_e1f3e4fd3dcabc6d	background	298	tw_antitop	unified_background_5m_single_top_scaleout280k_20260722_v1	bundle:/store/user/iturkmen/hh4b_delphes/run2_13tev/frozen_v2/bundles/unified_background_5m_single_top_scaleout280k_20260722_v1/tw_antitop_run2_frozen_v2_single_top_scaleout_shard4325_10kevt_bundle.tar.gz	train	10000	14	10000	10000	280849.20883178711	7887627.8101440771	28.084920883178711	28.084920883178711	0	0	10000	True	False	630a0c522110d501fa79be60d7746c8ee3cbb713b6e70c7cc93f6730136efeb7	2c60cd40a428fd5137801e2bbc5621fd78657bdd3bbcd1b7a333cde813ee7925	False	False	False	Event/Event.Weight	frozen_exact_full_member_signed_sumw	True	True	False	False	False	False
115	115_8cc26e74ee89afd4	background	302	tw_top	unified_background_5m_single_top_scaleout280k_20260722_v1	bundle:/store/user/iturkmen/hh4b_delphes/run2_13tev/frozen_v2/bundles/unified_background_5m_single_top_scaleout280k_20260722_v1/tw_top_run2_frozen_v2_single_top_scaleout_shard4317_10kevt_bundle.tar.gz	train	10000	9	10000	10000	280348.09112548828	7859505.2197705079	28.034809112548828	28.034809112548828	0	0	10000	True	False	fb7e3718513642e9a579dcafdf662f319133681f40873c9f713839ff6575c72c	3c6b433b0ef919cd732bdb375989123b3a9f87a710c341512e56f1c98cab69f1	False	False	False	Event/Event.Weight	frozen_exact_full_member_signed_sumw	True	True	False	False	False	False
116	116_a0035672afe052f1	background	303	tw_top	unified_background_5m_single_top_scaleout280k_20260722_v1	bundle:/store/user/iturkmen/hh4b_delphes/run2_13tev/frozen_v2/bundles/unified_background_5m_single_top_scaleout280k_20260722_v1/tw_top_run2_frozen_v2_single_top_scaleout_shard4318_10kevt_bundle.tar.gz	train	10000	11	10000	10000	280068.20678710938	7843820.0452947058	28.006820678710938	28.006820678710938	0	0	10000	True	False	cc6a142a2dad970ec8af3d48665098723e9097bedf00ec1c626aa0ba8ea2bd33	d8070087a5c77ec01049cba2efd30f7bab72a3ba49d147f7cf0b71be8f23a930	False	False	False	Event/Event.Weight	frozen_exact_full_member_signed_sumw	True	True	False	False	False	False
117	117_286fec180aec1d60	background	304	tw_top	unified_background_5m_single_top_scaleout280k_20260722_v1	bundle:/store/user/iturkmen/hh4b_delphes/run2_13tev/frozen_v2/bundles/unified_background_5m_single_top_scaleout280k_20260722_v1/tw_top_run2_frozen_v2_single_top_scaleout_shard4319_10kevt_bundle.tar.gz	train	10000	7	10000	10000	280552.00576782227	7870942.7940348182	28.055200576782227	28.055200576782227	0	0	10000	True	False	cf5f80ba93b1786fe4ec01f5ce2407c86baccfd812ec55a075bcf1c292bdc215	bb008ca1dd410ac1fa0d0d737ee79d3ea65b1d2275d16d6f4929c1f401804ca8	False	False	False	Event/Event.Weight	frozen_exact_full_member_signed_sumw	True	True	False	False	False	False
118	118_26e9d0984f933875	background	305	tw_top	unified_background_5m_single_top_scaleout280k_20260722_v1	bundle:/store/user/iturkmen/hh4b_delphes/run2_13tev/frozen_v2/bundles/unified_background_5m_single_top_scaleout280k_20260722_v1/tw_top_run2_frozen_v2_single_top_scaleout_shard4320_10kevt_bundle.tar.gz	train	10000	10	10000	10000	280308.20846557617	7857269.1733180908	28.030820846557617	28.030820846557617	0	0	10000	True	False	4cb47835616db073a077242fecc219da28e40b7f8641bb183086314713affab5	ae9ab6c96ca7e6cf0a6afa2b3b0295acc0f469f5c687b48c8c245b8bafc7e505	False	False	False	Event/Event.Weight	frozen_exact_full_member_signed_sumw	True	True	False	False	False	False
119	119_1e6086ec44cdb4ac	background	306	tw_top	unified_background_5m_single_top_scaleout280k_20260722_v1	bundle:/store/user/iturkmen/hh4b_delphes/run2_13tev/frozen_v2/bundles/unified_background_5m_single_top_scaleout280k_20260722_v1/tw_top_run2_frozen_v2_single_top_scaleout_shard4321_10kevt_bundle.tar.gz	train	10000	10	10000	10000	280148.20098876953	7848301.4517244007	28.014820098876953	28.014820098876953	0	0	10000	True	False	b9775adbc725b923539ed8f26e9e624d57409f54174c1b0256e199c350cea46b	425b0518b54c581d9fa0059ef64e78d790ab3022853002ebc0578836e225e8e5	False	False	False	Event/Event.Weight	frozen_exact_full_member_signed_sumw	True	True	False	False	False	False
120	120_84158ac2249f0a9b	background	309	wwz_zbb	final_background_triboson_zbb_scaleout40k_20260722_v1	bundle:/store/user/iturkmen/hh4b_delphes/run2_13tev/frozen_v2/bundles/final_background_triboson_zbb_scaleout40k_20260722_v1/wwz_zbb_run2_frozen_v2_train_shard9901_5200_bundle.tar.gz	train	5200	9	5200	5200	497.16589617729187	47.680042725786009	-0.09575614333152771	0.09575614333152771	4	0	5196	False	True	975fe361b082fb12ebc655daa6b5b737da3a30c65e7cd565cd0674e7f4d8bc42	3498922a5e4441e0094efc32c8c229f50d8944806df774f23f12a86a96e631e6	False	False	False	Event/Event.Weight	frozen_exact_full_member_signed_sumw	True	True	False	False	False	False
121	121_15d61db3bc7371b6	background	310	wwz_zbb	final_background_triboson_zbb_scaleout40k_20260722_v1	bundle:/store/user/iturkmen/hh4b_delphes/run2_13tev/frozen_v2/bundles/final_background_triboson_zbb_scaleout40k_20260722_v1/wwz_zbb_run2_frozen_v2_train_shard9902_5200_bundle.tar.gz	train	5200	9	5200	5200	493.58571624755859	47.14097107146813	-0.09521329402923584	0.09521329402923584	8	0	5192	False	True	76d5820f72657e789a8f8430776f5ce10b54cbb747e11b8919b241cb070d5036	98eac3de9eb01e3ad3e85260965701f7ffe21b5b41e9f81d293e9d0043229ab5	False	False	False	Event/Event.Weight	frozen_exact_full_member_signed_sumw	True	True	False	False	False	False
122	122_4bb35aab3b0e259c	background	311	wwz_zbb	final_background_triboson_zbb_scaleout40k_20260722_v1	bundle:/store/user/iturkmen/hh4b_delphes/run2_13tev/frozen_v2/bundles/final_background_triboson_zbb_scaleout40k_20260722_v1/wwz_zbb_run2_frozen_v2_train_shard9903_5200_bundle.tar.gz	train	5200	10	5200	5200	495.90987846255302	47.659484775684227	-0.095735497772693634	0.095735497772693634	10	0	5190	False	True	1cddfa6260638230bac9a398aab96f442d8d5d9bea884c7af4bee29c4da3f825	58d3beb44e04ad44ff86e89e889f744d502903b4aaab8ab27348ce2e47acbd9b	False	False	False	Event/Event.Weight	frozen_exact_full_member_signed_sumw	True	True	False	False	False	False
123	123_c66d7980bc270866	background	312	wwz_zbb	final_background_triboson_zbb_scaleout40k_20260722_v1	bundle:/store/user/iturkmen/hh4b_delphes/run2_13tev/frozen_v2/bundles/final_background_triboson_zbb_scaleout40k_20260722_v1/wwz_zbb_run2_frozen_v2_train_shard9904_5200_bundle.tar.gz	train	5200	5	5200	5200	495.21264959871769	47.488886405821098	-0.095564000308513641	0.095564000308513641	9	0	5191	False	True	3c63c714819c7d8f5c4e578205ae14c79d57b5f7733d0cc46b704a0eb8ef751c	c5c48cb4e461d021afef6fcda321583af484a9d30b46097e361106ecb4748d42	False	False	False	Event/Event.Weight	frozen_exact_full_member_signed_sumw	True	True	False	False	False	False
124	124_d181d55d40f44187	background	314	wzz_zbb	final_background_triboson_zbb_scaleout40k_20260722_v1	bundle:/store/user/iturkmen/hh4b_delphes/run2_13tev/frozen_v2/bundles/final_background_triboson_zbb_scaleout40k_20260722_v1/wzz_zbb_run2_frozen_v2_train_shard9911_3300_bundle.tar.gz	train	3300	9	3300	3300	100.66672565415502	3.0820425887001601	-0.030560633167624474	0.030560633167624474	3	0	3297	False	True	ad68a0d5a944394f35ba92c6025a0d3a66416dee2ee38db69d39183ffe91fb01	c004c4abc8e0e0b32c35b46d09526c4c427e63ec861ef589f1e9fa899aae0f46	False	False	False	Event/Event.Weight	frozen_exact_full_member_signed_sumw	True	True	False	False	False	False
125	125_b79b3358bcdf5f25	background	315	wzz_zbb	final_background_triboson_zbb_scaleout40k_20260722_v1	bundle:/store/user/iturkmen/hh4b_delphes/run2_13tev/frozen_v2/bundles/final_background_triboson_zbb_scaleout40k_20260722_v1/wzz_zbb_run2_frozen_v2_train_shard9912_3300_bundle.tar.gz	train	3300	20	3300	3300	100.03685921803117	3.0733791277445079	-0.03051765076816082	0.03051765076816082	11	0	3289	False	True	1ffd7a2af3b2e810619e907259864aa4a1e58e9ea1ed31ab6318b76df2e2bfc6	a2a02daff2b6896f852c334e492c4f5fee3553cfaf6e1352b871cfb58ddf8fc6	False	False	False	Event/Event.Weight	frozen_exact_full_member_signed_sumw	True	True	False	False	False	False
126	126_2f08834c715d7db4	background	316	wzz_zbb	final_background_triboson_zbb_scaleout40k_20260722_v1	bundle:/store/user/iturkmen/hh4b_delphes/run2_13tev/frozen_v2/bundles/final_background_triboson_zbb_scaleout40k_20260722_v1/wzz_zbb_run2_frozen_v2_train_shard9913_3300_bundle.tar.gz	train	3300	20	3300	3300	100.83515885844827	3.0923648196835631	-0.030611766502261162	0.030611766502261162	3	0	3297	False	True	25fb6de6b5fe19413a3a9902bc8df5dc109f1390977983d5ab34179af2bf9eb7	3cd4e50b3e4a8b872d8ffc87c8e81e55cd40fde27ec26c248cb542d1543d0972	False	False	False	Event/Event.Weight	frozen_exact_full_member_signed_sumw	True	True	False	False	False	False
127	127_06ebff65e23c5239	background	317	wzz_zbb	final_background_triboson_zbb_scaleout40k_20260722_v1	bundle:/store/user/iturkmen/hh4b_delphes/run2_13tev/frozen_v2/bundles/final_background_triboson_zbb_scaleout40k_20260722_v1/wzz_zbb_run2_frozen_v2_train_shard9914_3300_bundle.tar.gz	train	3300	19	3300	3300	100.47161588817835	3.0850740722735872	-0.03057565912604332	0.03057565912604332	7	0	3293	False	True	3ab59356faf7cb011282505fd36b16caa1fa239ae6005e57cf764c02be0906f9	b05a226ca124566794447d75b6ff8c52df211da7a66dd5981cbf514a35703b11	False	False	False	Event/Event.Weight	frozen_exact_full_member_signed_sumw	True	True	False	False	False	False
128	128_86635a7384981347	background	319	zzz_zbb	final_background_triboson_zbb_scaleout40k_20260722_v1	bundle:/store/user/iturkmen/hh4b_delphes/run2_13tev/frozen_v2/bundles/final_background_triboson_zbb_scaleout40k_20260722_v1/zzz_zbb_run2_frozen_v2_train_shard9921_1500_bundle.tar.gz	train	1500	12	1500	1500	15.761973477900028	0.16606909429619371	-0.010522011667490005	0.010522011667490005	1	0	1499	False	True	aa4fce800d71bd13a075841ddc4009f8e96d9fd148c67628b0a2d57cb1b50ff0	36f069e04ed96481aa39879c09d60a84303081f58acb61dd28d8f9ff15f84c9b	False	False	False	Event/Event.Weight	frozen_exact_full_member_signed_sumw	True	True	False	False	False	False
129	129_5d287ee2da0a5a24	background	320	zzz_zbb	final_background_triboson_zbb_scaleout40k_20260722_v1	bundle:/store/user/iturkmen/hh4b_delphes/run2_13tev/frozen_v2/bundles/final_background_triboson_zbb_scaleout40k_20260722_v1/zzz_zbb_run2_frozen_v2_train_shard9922_1500_bundle.tar.gz	train	1500	18	1500	1500	15.647666286677122	0.16498815412711301	-0.010487711988389492	0.010487711988389492	4	0	1496	False	True	c6139d6d1efee53918d8a8dd93433c988c4170b58fe3b30b7fc2f450f723013d	556e8de75ef3dd65dfe4e289a29e18e94923db971f71de811de3f551a14ce9e1	False	False	False	Event/Event.Weight	frozen_exact_full_member_signed_sumw	True	True	False	False	False	False
130	130_0957ae68ef33041c	background	321	zzz_zbb	final_background_triboson_zbb_scaleout40k_20260722_v1	bundle:/store/user/iturkmen/hh4b_delphes/run2_13tev/frozen_v2/bundles/final_background_triboson_zbb_scaleout40k_20260722_v1/zzz_zbb_run2_frozen_v2_train_shard9923_1500_bundle.tar.gz	train	1500	15	1500	1500	15.704029183834791	0.16752353455494995	-0.010567987337708473	0.010567987337708473	7	0	1493	False	True	1c159778a5c7a33ec1f8bb4e6ca5485e3d499b8672eedb96b8e719db4df28336	6e9330adf26e1d401832fcfbea44df181a5379e1263e8af0fb6f8c0b01254396	False	False	False	Event/Event.Weight	frozen_exact_full_member_signed_sumw	True	True	False	False	False	False
131	131_5d4746de2f33f0ad	background	351	qcd_bbbb_general	unified_background_5m_wavea_pilots_20260720_retry1	bundle:/store/user/iturkmen/hh4b_delphes/run2_13tev/frozen_v2/bundles/unified_background_5m_wavea_pilots_20260720_retry1/qcd_bbbb_general_run2_frozen_v2_unified5m_pilot_shard000_10k_bundle.tar.gz	train	10000	334	10000	10000	3470123.9013671875	1204175989.0839829	347.01239013671875	347.01239013671875	0	0	10000	True	False	233ab3e392c4947202d8a62578c9fdbcc4386c63be47822fab27b26fad5b093f	6427a58847e7016d8ee3d3010088106f1192421b49596f722bdbc61ceec6302b	False	False	False	Event/Event.Weight	frozen_exact_full_member_signed_sumw	True	True	False	False	False	False
132	132_f50e80e4c57fa853	background	352	qcd_bbbb_general	unified_background_5m_wavea_proven111_20260720_v1	bundle:/store/user/iturkmen/hh4b_delphes/run2_13tev/frozen_v2/bundles/unified_background_5m_wavea_proven111_20260720_v1/qcd_bbbb_general_run2_frozen_v2_unified5m_wavea_shard001_10k_bundle.tar.gz	train	10000	382	10000	10000	3474596.8627929688	1207282335.893074	347.45968627929688	347.45968627929688	0	0	10000	True	False	9606f29b52c098c1a8665bb8d6c73e21eb32a8343c406d26d31017de0a77e806	bfa6c8ee053b94b8843fa40f93fa1f24c2556954e71169bbf72a3c9896ec29c1	False	False	False	Event/Event.Weight	frozen_exact_full_member_signed_sumw	True	True	False	False	False	False
133	133_401e9c70e6875243	background	353	qcd_bbbb_general	unified_background_5m_wavea_proven111_20260720_v1	bundle:/store/user/iturkmen/hh4b_delphes/run2_13tev/frozen_v2/bundles/unified_background_5m_wavea_proven111_20260720_v1/qcd_bbbb_general_run2_frozen_v2_unified5m_wavea_shard010_10k_bundle.tar.gz	train	10000	353	10000	10000	3467995.3002929688	1202699140.2854118	346.79953002929688	346.79953002929688	0	0	10000	True	False	4d41a18e7e5a49334272abac50e579d9e3ffe453bb3b8252ea61a9ee3b9cff7c	f81454c2905055e46fc688a9ebf52b97d824e1958f2c54254eb249943537b00f	False	False	False	Event/Event.Weight	frozen_exact_full_member_signed_sumw	True	True	False	False	False	False
134	134_88a1922288f4e1e2	background	355	qcd_bbbb_general	unified_background_5m_wavea_proven111_20260720_v1	bundle:/store/user/iturkmen/hh4b_delphes/run2_13tev/frozen_v2/bundles/unified_background_5m_wavea_proven111_20260720_v1/qcd_bbbb_general_run2_frozen_v2_unified5m_wavea_shard012_10k_bundle.tar.gz	train	10000	368	10000	10000	3470920.1049804688	1204728637.5157628	347.09201049804688	347.09201049804688	0	0	10000	True	False	6e6bf22ba432e3e8979aec48f2a41c4581bbc7bc8d1454c0a1bdc9ef8f8c1408	462647f98989307c6f8c144e44b583c17f883bac0263ab2eca4e030050f29aa6	False	False	False	Event/Event.Weight	frozen_exact_full_member_signed_sumw	True	True	False	False	False	False
135	135_0da11df67300c997	background	356	qcd_bbbb_general	unified_background_5m_wavea_proven111_20260720_v1	bundle:/store/user/iturkmen/hh4b_delphes/run2_13tev/frozen_v2/bundles/unified_background_5m_wavea_proven111_20260720_v1/qcd_bbbb_general_run2_frozen_v2_unified5m_wavea_shard013_10k_bundle.tar.gz	train	10000	352	10000	10000	3471458.1298828125	1205102154.7529473	347.14581298828125	347.14581298828125	0	0	10000	True	False	231d4edb0852d3c2fa41f040f55bdc3f36d6054dc5032b9c47ebf528a6e390ae	5c04d34f4d5e145ac7a8c1cbe1e93d1fea3044e6781f9c3779aca813c2692885	False	False	False	Event/Event.Weight	frozen_exact_full_member_signed_sumw	True	True	False	False	False	False
136	136_32557f65e428d00e	background	357	qcd_bbbb_general	unified_background_5m_wavea_proven111_20260720_v1	bundle:/store/user/iturkmen/hh4b_delphes/run2_13tev/frozen_v2/bundles/unified_background_5m_wavea_proven111_20260720_v1/qcd_bbbb_general_run2_frozen_v2_unified5m_wavea_shard002_10k_bundle.tar.gz	train	10000	367	10000	10000	3459758.30078125	1196992749.9824762	345.975830078125	345.975830078125	0	0	10000	True	False	148e3fdda798be174fb72f9b75e5ed283f9e1d5538b16ea30a1224f4006a1f4c	14b78be9b15b24a3013370479ca9eca3642551f4e488b53a32b14d508b96fcb9	False	False	False	Event/Event.Weight	frozen_exact_full_member_signed_sumw	True	True	False	False	False	False
137	137_c247b175bd137134	background	358	qcd_bbbb_general	unified_background_5m_wavea_proven111_20260720_v1	bundle:/store/user/iturkmen/hh4b_delphes/run2_13tev/frozen_v2/bundles/unified_background_5m_wavea_proven111_20260720_v1/qcd_bbbb_general_run2_frozen_v2_unified5m_wavea_shard003_10k_bundle.tar.gz	train	10000	379	10000	10000	3473646.240234375	1206621820.2294409	347.3646240234375	347.3646240234375	0	0	10000	True	False	d9ce98485b2a42a48bcc6720f92a48e89da0bde6a6a959e0e437d46e9bd36d63	a53468f6dd93288db5c40d2ac8f8df1fd7579e05ee51e30aa29116e24061232d	False	False	False	Event/Event.Weight	frozen_exact_full_member_signed_sumw	True	True	False	False	False	False
138	138_f1b43584806e2277	background	359	qcd_bbbb_general	unified_background_5m_wavea_proven111_20260720_v1	bundle:/store/user/iturkmen/hh4b_delphes/run2_13tev/frozen_v2/bundles/unified_background_5m_wavea_proven111_20260720_v1/qcd_bbbb_general_run2_frozen_v2_unified5m_wavea_shard005_10k_bundle.tar.gz	train	10000	395	10000	10000	3478510.4370117188	1210003486.0399458	347.85104370117188	347.85104370117188	0	0	10000	True	False	32705269945cb2eccafc41018119d106602fbcb65d8e6d91de8943d07ac10486	b81c5205ea355407f5f36abd21887e6c7ebfe5740a0085edcedbf47e28edd15d	False	False	False	Event/Event.Weight	frozen_exact_full_member_signed_sumw	True	True	False	False	False	False
139	139_308ef684aadac859	background	360	qcd_bbbb_general	unified_background_5m_wavea_proven111_20260720_v1	bundle:/store/user/iturkmen/hh4b_delphes/run2_13tev/frozen_v2/bundles/unified_background_5m_wavea_proven111_20260720_v1/qcd_bbbb_general_run2_frozen_v2_unified5m_wavea_shard006_10k_bundle.tar.gz	train	10000	324	10000	10000	3471008.9111328125	1204790286.1163392	347.10089111328125	347.10089111328125	0	0	10000	True	False	15c17305c4bdc84f31ff5b199f44a880be2ecd57674d2dc475fcf0d9c8bf512f	1839cb35f295b5785109132e2b0c16ca56f051c0376ca0893d156907328d5aef	False	False	False	Event/Event.Weight	frozen_exact_full_member_signed_sumw	True	True	False	False	False	False
140	140_dc41783fc6d05079	background	361	qcd_bbbb_general	unified_background_5m_wavea_proven111_20260720_v1	bundle:/store/user/iturkmen/hh4b_delphes/run2_13tev/frozen_v2/bundles/unified_background_5m_wavea_proven111_20260720_v1/qcd_bbbb_general_run2_frozen_v2_unified5m_wavea_shard007_10k_bundle.tar.gz	train	10000	344	10000	10000	3463776.85546875	1199775010.4480982	346.377685546875	346.377685546875	0	0	10000	True	False	d8deea3190906b744540dab21ccefc075975fc724bad39bb7ceba23a79f20bdc	4ba7b53c19a3aa05f4b446221db7eb9b7e6e2d6c0d428c394a2e282aae58bb27	False	False	False	Event/Event.Weight	frozen_exact_full_member_signed_sumw	True	True	False	False	False	False
141	141_d4e3b8861ab60331	background	362	qcd_bbbb_general	unified_background_5m_wavea_proven111_20260720_v1	bundle:/store/user/iturkmen/hh4b_delphes/run2_13tev/frozen_v2/bundles/unified_background_5m_wavea_proven111_20260720_v1/qcd_bbbb_general_run2_frozen_v2_unified5m_wavea_shard008_10k_bundle.tar.gz	train	10000	364	10000	10000	3462914.7338867188	1199177845.4169724	346.29147338867188	346.29147338867188	0	0	10000	True	False	2f41ef44dab2c1e24b2b1ee0e98b5d107adc895b36ec95318863b603aabf4cda	5023fcae766915f7b8386b7b4dd05f592cce09fe182ea1f0a9c4841e2f1b3cda	False	False	False	Event/Event.Weight	frozen_exact_full_member_signed_sumw	True	True	False	False	False	False
142	142_ed5972b59f7cd383	background	366	qcd_bbbb_iht400to600	unified_background_5m_wavea_pilots_20260720_retry1	bundle:/store/user/iturkmen/hh4b_delphes/run2_13tev/frozen_v2/bundles/unified_background_5m_wavea_pilots_20260720_retry1/qcd_bbbb_iht400to600_run2_frozen_v2_unified5m_pilot_shard000_10k_bundle.tar.gz	train	10000	1481	10000	10000	97152.347564697266	943857.86373317381	9.7152347564697266	9.7152347564697266	0	0	10000	True	False	a3a5c14eb7968976143f5e9386086f9ab6d2efd6972b2367bb7202a439dcb721	264080bbcae0e007a78a9052355c87d80ea6dd77aa2643fa1209930736f92b95	False	False	False	Event/Event.Weight	frozen_exact_full_member_signed_sumw	True	True	False	False	False	False
143	143_29a10c88c73b0ea0	background	367	qcd_bbbb_iht400to600	unified_background_5m_wavea_proven111_20260720_v1	bundle:/store/user/iturkmen/hh4b_delphes/run2_13tev/frozen_v2/bundles/unified_background_5m_wavea_proven111_20260720_v1/qcd_bbbb_iht400to600_run2_frozen_v2_unified5m_wavea_shard001_10k_bundle.tar.gz	train	10000	1490	10000	10000	98126.592636108398	962882.81823727628	9.8126592636108398	9.8126592636108398	0	0	10000	True	False	4a6c9cb7b150f8286bc95a416348d0660b7df4194a6a9dcfaa06205e8c6af768	b42d48fc0a6f55238971b33312b8fbf0b4b90e552773ea8ac2e9c91a33953b88	False	False	False	Event/Event.Weight	frozen_exact_full_member_signed_sumw	True	True	False	False	False	False
144	144_5059d03927ccc30d	background	368	qcd_bbbb_iht400to600	unified_background_5m_wavea_proven111_20260720_v1	bundle:/store/user/iturkmen/hh4b_delphes/run2_13tev/frozen_v2/bundles/unified_background_5m_wavea_proven111_20260720_v1/qcd_bbbb_iht400to600_run2_frozen_v2_unified5m_wavea_shard010_10k_bundle.tar.gz	train	10000	1525	10000	10000	98031.139373779297	961010.4286921341	9.8031139373779297	9.8031139373779297	0	0	10000	True	False	80ecfff988198b61875ab08b31ed436621b4b5ffcba0acddfcc6cbe4731d24a0	e79fbff2b9c6b113f5221b158abbb84878a7d393db4f2c426411303bee6dda90	False	False	False	Event/Event.Weight	frozen_exact_full_member_signed_sumw	True	True	False	False	False	False
145	145_c327b7b47403f6d6	background	369	qcd_bbbb_iht400to600	unified_background_5m_wavea_proven111_20260720_v1	bundle:/store/user/iturkmen/hh4b_delphes/run2_13tev/frozen_v2/bundles/unified_background_5m_wavea_proven111_20260720_v1/qcd_bbbb_iht400to600_run2_frozen_v2_unified5m_wavea_shard011_10k_bundle.tar.gz	train	10000	1589	10000	10000	97723.95133972168	954997.06654482905	9.772395133972168	9.772395133972168	0	0	10000	True	False	030b25abea1c4665219afcca82160453a278df8dea685dfbbe83c8ce992e971a	fe8038d0a91cc43e8b7e84d54f9eb92097a41cf25ca5fd39aade1c5361f11152	False	False	False	Event/Event.Weight	frozen_exact_full_member_signed_sumw	True	True	False	False	False	False
146	146_fa1918ed2f434cdc	background	370	qcd_bbbb_iht400to600	unified_background_5m_wavea_proven111_20260720_v1	bundle:/store/user/iturkmen/hh4b_delphes/run2_13tev/frozen_v2/bundles/unified_background_5m_wavea_proven111_20260720_v1/qcd_bbbb_iht400to600_run2_frozen_v2_unified5m_wavea_shard012_10k_bundle.tar.gz	train	10000	1562	10000	10000	97887.887954711914	958203.86082342337	9.7887887954711914	9.7887887954711914	0	0	10000	True	False	98a30a96d1337d7ee3c4cbac10556be15676a38e1cf14701540109b01740c329	9e5a1be4c7fc4b6d606056edef50e14729f952bee9de2d1fc36c429a66e38754	False	False	False	Event/Event.Weight	frozen_exact_full_member_signed_sumw	True	True	False	False	False	False
147	147_fe4279341f13b6e5	background	371	qcd_bbbb_iht400to600	unified_background_5m_wavea_proven111_20260720_v1	bundle:/store/user/iturkmen/hh4b_delphes/run2_13tev/frozen_v2/bundles/unified_background_5m_wavea_proven111_20260720_v1/qcd_bbbb_iht400to600_run2_frozen_v2_unified5m_wavea_shard013_10k_bundle.tar.gz	train	10000	1595	10000	10000	98273.687362670898	965771.76278559817	9.8273687362670898	9.8273687362670898	0	0	10000	True	False	9b3e9479d4a8020d746c2d14c9e03ac23d2ffd284b879e1afa4b5b7a388a2e4e	682e7adfc9bd3568c2cbabae03ab49d6a1f595b315d3194a409e6b88d8102499	False	False	False	Event/Event.Weight	frozen_exact_full_member_signed_sumw	True	True	False	False	False	False
148	148_3853e7c18af4f6f9	background	372	qcd_bbbb_iht400to600	unified_background_5m_wavea_proven111_20260720_v1	bundle:/store/user/iturkmen/hh4b_delphes/run2_13tev/frozen_v2/bundles/unified_background_5m_wavea_proven111_20260720_v1/qcd_bbbb_iht400to600_run2_frozen_v2_unified5m_wavea_shard002_10k_bundle.tar.gz	train	10000	1552	10000	10000	97672.348022460938	953988.7568220729	9.7672348022460938	9.7672348022460938	0	0	10000	True	False	4f0c7e895f7e7e4d0577eefcca6c1916c77b0fc769359444e32842a476f97de0	bd7fd56a3287b2fc4e6d649a45a9c8cf8af2934e6943745b1235bbb3dfab0e47	False	False	False	Event/Event.Weight	frozen_exact_full_member_signed_sumw	True	True	False	False	False	False
149	149_3339b682f017d757	background	373	qcd_bbbb_iht400to600	unified_background_5m_wavea_proven111_20260720_v1	bundle:/store/user/iturkmen/hh4b_delphes/run2_13tev/frozen_v2/bundles/unified_background_5m_wavea_proven111_20260720_v1/qcd_bbbb_iht400to600_run2_frozen_v2_unified5m_wavea_shard003_10k_bundle.tar.gz	train	10000	1485	10000	10000	98025.379180908203	960897.49635608308	9.8025379180908203	9.8025379180908203	0	0	10000	True	False	72a6df1e2a261d7d487bb6c3f4a1c802a3acefbb22c4d3e9392ade2fcd275a5b	56256c0f0e114b96bd6db9b098235b73838c6150b54217accdf03f9ab01dc6a7	False	False	False	Event/Event.Weight	frozen_exact_full_member_signed_sumw	True	True	False	False	False	False
150	150_826ed6d034b4b6a9	background	374	qcd_bbbb_iht400to600	unified_background_5m_wavea_proven111_20260720_v1	bundle:/store/user/iturkmen/hh4b_delphes/run2_13tev/frozen_v2/bundles/unified_background_5m_wavea_proven111_20260720_v1/qcd_bbbb_iht400to600_run2_frozen_v2_unified5m_wavea_shard005_10k_bundle.tar.gz	train	10000	1581	10000	10000	98019.704818725586	960786.25327500957	9.8019704818725586	9.8019704818725586	0	0	10000	True	False	8f8256dda855678b3b4c4be856bc30d62233a8aa3823053494fe3275a0deddb3	b262b4356f7b5aa50f6283fdb0fdf57349de904f41e451bc24d503a2ce51e087	False	False	False	Event/Event.Weight	frozen_exact_full_member_signed_sumw	True	True	False	False	False	False
151	151_a9f68a0f5f7352bc	background	375	qcd_bbbb_iht400to600	unified_background_5m_wavea_proven111_20260720_v1	bundle:/store/user/iturkmen/hh4b_delphes/run2_13tev/frozen_v2/bundles/unified_background_5m_wavea_proven111_20260720_v1/qcd_bbbb_iht400to600_run2_frozen_v2_unified5m_wavea_shard006_10k_bundle.tar.gz	train	10000	1559	10000	10000	97810.611724853516	956691.57659900514	9.7810611724853516	9.7810611724853516	0	0	10000	True	False	76fd63608e41b7a4010394b33ca8df924b870f79629f90158d36c77f5986b90a	ce44690605bfe7df5a1af36ab781ccf4bc4a16483f78c7749abc657d0f094a9b	False	False	False	Event/Event.Weight	frozen_exact_full_member_signed_sumw	True	True	False	False	False	False
152	152_93796eb1b6834b6a	background	376	qcd_bbbb_iht400to600	unified_background_5m_wavea_proven111_20260720_v1	bundle:/store/user/iturkmen/hh4b_delphes/run2_13tev/frozen_v2/bundles/unified_background_5m_wavea_proven111_20260720_v1/qcd_bbbb_iht400to600_run2_frozen_v2_unified5m_wavea_shard007_10k_bundle.tar.gz	train	10000	1560	10000	10000	98255.777359008789	965419.7784423104	9.8255777359008789	9.8255777359008789	0	0	10000	True	False	0e625c9976074e22c82e4506be980fb330f2ecc99088f9826fd9852b2c912ef3	665b0af9fbd47ee94790b91383a35c0be32c7675ebf32eafc2a752d77a444128	False	False	False	Event/Event.Weight	frozen_exact_full_member_signed_sumw	True	True	False	False	False	False
153	153_35714878945c4644	background	377	qcd_bbbb_iht400to600	unified_background_5m_wavea_proven111_20260720_v1	bundle:/store/user/iturkmen/hh4b_delphes/run2_13tev/frozen_v2/bundles/unified_background_5m_wavea_proven111_20260720_v1/qcd_bbbb_iht400to600_run2_frozen_v2_unified5m_wavea_shard008_10k_bundle.tar.gz	train	10000	1516	10000	10000	97942.123413085938	959265.95386641566	9.7942123413085938	9.7942123413085938	0	0	10000	True	False	b6812c9870f52f40c47da192c834f9d48d4b821f87b1c96b2f25686c65f8d075	56c967e9135238c6a74985d53622240eb19fcd65c9319ace75f07a15a253ae4e	False	False	False	Event/Event.Weight	frozen_exact_full_member_signed_sumw	True	True	False	False	False	False
154	154_8176a8eee38e0ce6	background	381	ttbar_inclusive	unified_background_5m_wavea_pilots_20260720_retry1	bundle:/store/user/iturkmen/hh4b_delphes/run2_13tev/frozen_v2/bundles/unified_background_5m_wavea_pilots_20260720_retry1/ttbar_inclusive_run2_frozen_v2_unified5m_pilot_shard000_10k_bundle.tar.gz	train	10000	36	10000	10000	5125641.4794921875	2627220057.629086	512.56414794921875	512.56414794921875	0	0	10000	True	False	c9611d9455292527e1c8ca64d1161cfd04171038d79e109e65e38837ad87c901	bbacdadaddc590df5ba09ca4edb3cbc87f7c563accbd5582337c4218c1b852d2	False	False	False	Event/Event.Weight	frozen_exact_full_member_signed_sumw	True	True	False	False	False	False
155	155_d8b895d3096b302c	background	382	ttbar_inclusive	unified_background_5m_wavea_proven111_20260720_v1	bundle:/store/user/iturkmen/hh4b_delphes/run2_13tev/frozen_v2/bundles/unified_background_5m_wavea_proven111_20260720_v1/ttbar_inclusive_run2_frozen_v2_unified5m_wavea_shard001_10k_bundle.tar.gz	train	10000	41	10000	10000	5115447.6928710938	2616780509.8500195	511.54476928710938	511.54476928710938	0	0	10000	True	False	3874d1d83774e1c651dc23436f4d377c92029bdfff830015017d452ad87c5a69	f59a58e22442b9e084a24c7b9171728cfe2ba5e95dcf49f515ff00a31698fd53	False	False	False	Event/Event.Weight	frozen_exact_full_member_signed_sumw	True	True	False	False	False	False
156	156_416317514fb0550e	background	383	ttbar_inclusive	unified_background_5m_wavea_proven111_20260720_v1	bundle:/store/user/iturkmen/hh4b_delphes/run2_13tev/frozen_v2/bundles/unified_background_5m_wavea_proven111_20260720_v1/ttbar_inclusive_run2_frozen_v2_unified5m_wavea_shard010_10k_bundle.tar.gz	train	10000	36	10000	10000	5122164.306640625	2623656718.4223232	512.2164306640625	512.2164306640625	0	0	10000	True	False	843750f0bb69916da574f15aa9d4401da61a5e19983f45c98e5f7056cc482218	3e9904e4e92952d0ae16adda386c8959b71fdb10c29fb330f71263e1e764de50	False	False	False	Event/Event.Weight	frozen_exact_full_member_signed_sumw	True	True	False	False	False	False
157	157_f26389f27657ac0c	background	384	ttbar_inclusive	unified_background_5m_wavea_proven111_20260720_v1	bundle:/store/user/iturkmen/hh4b_delphes/run2_13tev/frozen_v2/bundles/unified_background_5m_wavea_proven111_20260720_v1/ttbar_inclusive_run2_frozen_v2_unified5m_wavea_shard011_10k_bundle.tar.gz	train	10000	34	10000	10000	5120283.203125	2621730008.020401	512.0283203125	512.0283203125	0	0	10000	True	False	96eabd0c36189a5c7bdf0fa1d8187fc93b5e463d7353751667b7f2b1a02c6da1	cfc0800605ecd7a5881b014782da8db0c8e5ab63533ee73b708c105529b3b277	False	False	False	Event/Event.Weight	frozen_exact_full_member_signed_sumw	True	True	False	False	False	False
158	158_aff23dbeddad64b1	background	385	ttbar_inclusive	unified_background_5m_wavea_proven111_20260720_v1	bundle:/store/user/iturkmen/hh4b_delphes/run2_13tev/frozen_v2/bundles/unified_background_5m_wavea_proven111_20260720_v1/ttbar_inclusive_run2_frozen_v2_unified5m_wavea_shard012_10k_bundle.tar.gz	train	10000	24	10000	10000	5125269.1650390625	2626838401.4100208	512.52691650390625	512.52691650390625	0	0	10000	True	False	948068cf1ed54af9a4eab5b96da95a78195232f9000dbbac52af003324a84ca9	a1bcdbdddd431f2b9dc7cdc7603662c83821d57ad3aa963fd8c77734721e80a1	False	False	False	Event/Event.Weight	frozen_exact_full_member_signed_sumw	True	True	False	False	False	False
159	159_3616d08b16a55699	background	386	ttbar_inclusive	unified_background_5m_wavea_proven111_20260720_v1	bundle:/store/user/iturkmen/hh4b_delphes/run2_13tev/frozen_v2/bundles/unified_background_5m_wavea_proven111_20260720_v1/ttbar_inclusive_run2_frozen_v2_unified5m_wavea_shard013_10k_bundle.tar.gz	train	10000	35	10000	10000	5122115.478515625	2623606697.5249348	512.2115478515625	512.2115478515625	0	0	10000	True	False	2777f7a41e7b65e9f7b9b00d8469c4877ef2ebdb37b0b6ea16118925f316a9ba	1c619220100482e17290a479589e59f8fe78430b39bc0afc792edca739aaf8f7	False	False	False	Event/Event.Weight	frozen_exact_full_member_signed_sumw	True	True	False	False	False	False
160	160_56c8503bf6a5014d	background	387	ttbar_inclusive	unified_background_5m_wavea_proven111_20260720_v1	bundle:/store/user/iturkmen/hh4b_delphes/run2_13tev/frozen_v2/bundles/unified_background_5m_wavea_proven111_20260720_v1/ttbar_inclusive_run2_frozen_v2_unified5m_wavea_shard015_10k_bundle.tar.gz	train	10000	27	10000	10000	5126311.6455078125	2627907108.6869016	512.63116455078125	512.63116455078125	0	0	10000	True	False	1b1b82ada9d68157cf4abef737c0ba97d043e18e752855592af4c2a425d195f0	07f2a2e7705c3d33e0ee7441db077aad7ed3cd2fb9b95b9cb89d351e9d77824e	False	False	False	Event/Event.Weight	frozen_exact_full_member_signed_sumw	True	True	False	False	False	False
161	161_2d2f59d13dd79f04	background	388	ttbar_inclusive	unified_background_5m_wavea_proven111_20260720_v1	bundle:/store/user/iturkmen/hh4b_delphes/run2_13tev/frozen_v2/bundles/unified_background_5m_wavea_proven111_20260720_v1/ttbar_inclusive_run2_frozen_v2_unified5m_wavea_shard016_10k_bundle.tar.gz	train	10000	40	10000	10000	5126110.83984375	2627701234.2363596	512.611083984375	512.611083984375	0	0	10000	True	False	c9be8a1b074e6fe8428ae8ffa552b9eb83032eff7b9e5065ea68795324a8fcc3	d49f0eb0a0ee59e839c550727eaf704516284698d3e55cdeb4e0c86921d3d1e5	False	False	False	Event/Event.Weight	frozen_exact_full_member_signed_sumw	True	True	False	False	False	False
162	162_30a50be7c86046af	background	389	ttbar_inclusive	unified_background_5m_wavea_proven111_20260720_v1	bundle:/store/user/iturkmen/hh4b_delphes/run2_13tev/frozen_v2/bundles/unified_background_5m_wavea_proven111_20260720_v1/ttbar_inclusive_run2_frozen_v2_unified5m_wavea_shard017_10k_bundle.tar.gz	train	10000	36	10000	10000	5121627.197265625	2623106514.7770939	512.1627197265625	512.1627197265625	0	0	10000	True	False	2faaff1ecd16251d6c01b79a30fadb8c681fe25b60ee61aefcf629db7f083a9b	c99422fb308c4319524a1abca2966eddda2125ba34075b313945df608b8e961e	False	False	False	Event/Event.Weight	frozen_exact_full_member_signed_sumw	True	True	False	False	False	False
163	163_dbf3dc76e7a9b540	background	390	ttbar_inclusive	unified_background_5m_wavea_proven111_20260720_v1	bundle:/store/user/iturkmen/hh4b_delphes/run2_13tev/frozen_v2/bundles/unified_background_5m_wavea_proven111_20260720_v1/ttbar_inclusive_run2_frozen_v2_unified5m_wavea_shard018_10k_bundle.tar.gz	train	10000	34	10000	10000	5133500.3662109375	2635282600.9887829	513.35003662109375	513.35003662109375	0	0	10000	True	False	28139d0fc29f2fefba42970f22a66f9358f56996a9b78bdde7e0dd9fb4d602e3	258aaa79ad1ee385072f24b72cbcbdde5547cd5d87f5ae9a7a706b22a35c676e	False	False	False	Event/Event.Weight	frozen_exact_full_member_signed_sumw	True	True	False	False	False	False
164	164_359e67ab766c5260	background	391	ttbar_inclusive	unified_background_5m_wavea_proven111_20260720_v1	bundle:/store/user/iturkmen/hh4b_delphes/run2_13tev/frozen_v2/bundles/unified_background_5m_wavea_proven111_20260720_v1/ttbar_inclusive_run2_frozen_v2_unified5m_wavea_shard002_10k_bundle.tar.gz	train	10000	39	10000	10000	5135369.873046875	2637202373.2997475	513.5369873046875	513.5369873046875	0	0	10000	True	False	be860d4dba33bfe4168353e168abad914175185cfe9e2272674d655fb732181d	c0a682805b47b6fbd9c9ad6300b71c7920d112f04977f698a07ef86a508b4032	False	False	False	Event/Event.Weight	frozen_exact_full_member_signed_sumw	True	True	False	False	False	False
165	165_9abb6ba17fdc2007	background	392	ttbar_inclusive	unified_background_5m_wavea_proven111_20260720_v1	bundle:/store/user/iturkmen/hh4b_delphes/run2_13tev/frozen_v2/bundles/unified_background_5m_wavea_proven111_20260720_v1/ttbar_inclusive_run2_frozen_v2_unified5m_wavea_shard020_10k_bundle.tar.gz	train	10000	42	10000	10000	5120140.9912109375	2621584376.9878521	512.01409912109375	512.01409912109375	0	0	10000	True	False	1c17c68665cc0d9d9571a5207b6f9f739fe0bd1aa8a9adafa33cf74930f2c4dd	917263d28dc75a5bc9ea8dd27fb05dfc3ecb151dc028c7bff6b8d1ae73986015	False	False	False	Event/Event.Weight	frozen_exact_full_member_signed_sumw	True	True	False	False	False	False
166	166_0100b13790d89969	background	393	ttbar_inclusive	unified_background_5m_wavea_proven111_20260720_v1	bundle:/store/user/iturkmen/hh4b_delphes/run2_13tev/frozen_v2/bundles/unified_background_5m_wavea_proven111_20260720_v1/ttbar_inclusive_run2_frozen_v2_unified5m_wavea_shard021_10k_bundle.tar.gz	train	10000	47	10000	10000	5119020.6909179688	2620437283.4046278	511.90206909179688	511.90206909179688	0	0	10000	True	False	1f290ba8c0d5222076ccd89d28684b43e6eb47938a46400235c5bd5710bdcc08	e9f6a3cd2f642feb9dcee999f435bb21be326e301677bc1f6dc622fe1c813669	False	False	False	Event/Event.Weight	frozen_exact_full_member_signed_sumw	True	True	False	False	False	False
167	167_2f676a40d0dac716	background	395	ttbar_inclusive	unified_background_5m_wavea_proven111_20260720_v1	bundle:/store/user/iturkmen/hh4b_delphes/run2_13tev/frozen_v2/bundles/unified_background_5m_wavea_proven111_20260720_v1/ttbar_inclusive_run2_frozen_v2_unified5m_wavea_shard023_10k_bundle.tar.gz	train	10000	18	10000	10000	5137813.1103515625	2639712355.6900396	513.78131103515625	513.78131103515625	0	0	10000	True	False	a0b467211bde587914eadd0491c11c7ffbeb77594ec2e9de4788b164ac98ec84	7b74ce307a118bd592206a2e04f7a42e229eb0cd9eb5f84fb1c9911ecc4cd9f7	False	False	False	Event/Event.Weight	frozen_exact_full_member_signed_sumw	True	True	False	False	False	False
168	168_adacd066a4329a5e	background	396	ttbar_inclusive	unified_background_5m_wavea_proven111_20260720_v1	bundle:/store/user/iturkmen/hh4b_delphes/run2_13tev/frozen_v2/bundles/unified_background_5m_wavea_proven111_20260720_v1/ttbar_inclusive_run2_frozen_v2_unified5m_wavea_shard025_10k_bundle.tar.gz	train	10000	31	10000	10000	5118638.916015625	2620046435.254961	511.8638916015625	511.8638916015625	0	0	10000	True	False	ed1bcbc85bea2af3d68bd4cf1e8c20ca3fe27e4cc0f7b5ad46d42ef96f31a20a	78c9acef7ef1138325e2750f42cadbbac976a3a1177ef796f1973048204363e0	False	False	False	Event/Event.Weight	frozen_exact_full_member_signed_sumw	True	True	False	False	False	False
169	169_d43e438c3dfabdd2	background	397	ttbar_inclusive	unified_background_5m_wavea_proven111_20260720_v1	bundle:/store/user/iturkmen/hh4b_delphes/run2_13tev/frozen_v2/bundles/unified_background_5m_wavea_proven111_20260720_v1/ttbar_inclusive_run2_frozen_v2_unified5m_wavea_shard026_10k_bundle.tar.gz	train	10000	33	10000	10000	5117841.1865234375	2619229841.0475626	511.78411865234375	511.78411865234375	0	0	10000	True	False	21c6da6410d2a9d282fad58b157b310b9170bf96960073bc534fbd90bc325181	8744d1a82c3d7b4a3ae9c954708bb6c56f779a654844552ecedbfc4b86946aee	False	False	False	Event/Event.Weight	frozen_exact_full_member_signed_sumw	True	True	False	False	False	False
170	170_34d50d9cb5d4c4c4	background	398	ttbar_inclusive	unified_background_5m_wavea_proven111_20260720_v1	bundle:/store/user/iturkmen/hh4b_delphes/run2_13tev/frozen_v2/bundles/unified_background_5m_wavea_proven111_20260720_v1/ttbar_inclusive_run2_frozen_v2_unified5m_wavea_shard027_10k_bundle.tar.gz	train	10000	33	10000	10000	5121567.9931640625	2623045870.8602562	512.15679931640625	512.15679931640625	0	0	10000	True	False	adbd0d2205be19b42ad76e21fc1d6774f66daf67f529b59e3110e3e4bcc76236	863b1491e8711937a784616d2b2c1f301f455fc078722bd7b182cb88426f8dcf	False	False	False	Event/Event.Weight	frozen_exact_full_member_signed_sumw	True	True	False	False	False	False
171	171_8228cddd112acb68	background	399	ttbar_inclusive	unified_background_5m_wavea_proven111_20260720_v1	bundle:/store/user/iturkmen/hh4b_delphes/run2_13tev/frozen_v2/bundles/unified_background_5m_wavea_proven111_20260720_v1/ttbar_inclusive_run2_frozen_v2_unified5m_wavea_shard028_10k_bundle.tar.gz	train	10000	34	10000	10000	5125568.2373046875	2627144975.5266681	512.55682373046875	512.55682373046875	0	0	10000	True	False	9d027013fd4b4ed1078774ee02d15cea5d0161d59409c5964364fdc010922284	609403c57ea07348f9d7a13028ace03694db89f11495dbf5d828f56daf715a7c	False	False	False	Event/Event.Weight	frozen_exact_full_member_signed_sumw	True	True	False	False	False	False
172	172_2078acb7508181c8	background	400	ttbar_inclusive	unified_background_5m_wavea_proven111_20260720_v1	bundle:/store/user/iturkmen/hh4b_delphes/run2_13tev/frozen_v2/bundles/unified_background_5m_wavea_proven111_20260720_v1/ttbar_inclusive_run2_frozen_v2_unified5m_wavea_shard003_10k_bundle.tar.gz	train	10000	34	10000	10000	5117250.6713867188	2618625443.3807826	511.72506713867188	511.72506713867188	0	0	10000	True	False	4b04ddd2db4077cb685e4ba153174dcd8da03a77fd66ae452c174a69be0e7e2e	b439e6b7f97d369ce0c44ce4b210464bffe70027e4b731539da28e4bd3bdb6c6	False	False	False	Event/Event.Weight	frozen_exact_full_member_signed_sumw	True	True	False	False	False	False
173	173_1e0c14e899a2e9d2	background	401	ttbar_inclusive	unified_background_5m_wavea_proven111_20260720_v1	bundle:/store/user/iturkmen/hh4b_delphes/run2_13tev/frozen_v2/bundles/unified_background_5m_wavea_proven111_20260720_v1/ttbar_inclusive_run2_frozen_v2_unified5m_wavea_shard030_10k_bundle.tar.gz	train	10000	24	10000	10000	5116477.05078125	2617833741.1171198	511.647705078125	511.647705078125	0	0	10000	True	False	cd738dc1eb19150aa6ca5ca8738cea231aa8de814c330b866d19f4e9d8c56eb3	87d29fce62d90aee5d93f66bd3a6df06aeeac8328c664d892ed8aee417c0223b	False	False	False	Event/Event.Weight	frozen_exact_full_member_signed_sumw	True	True	False	False	False	False
174	174_ef10c9acd31a287d	background	402	ttbar_inclusive	unified_background_5m_wavea_proven111_20260720_v1	bundle:/store/user/iturkmen/hh4b_delphes/run2_13tev/frozen_v2/bundles/unified_background_5m_wavea_proven111_20260720_v1/ttbar_inclusive_run2_frozen_v2_unified5m_wavea_shard031_10k_bundle.tar.gz	train	10000	35	10000	10000	5119482.7270507812	2620910339.2571306	511.94827270507812	511.94827270507812	0	0	10000	True	False	0c7046c8b9a4d5bd6947ea88a5f2a40806c77366ae79328a532a4c860ba90199	7795d49df909a430154330e6fc9eadf1a0a9b224d69b99664e83896f3afcdd14	False	False	False	Event/Event.Weight	frozen_exact_full_member_signed_sumw	True	True	False	False	False	False
175	175_425b3fa3b7716f08	background	403	ttbar_inclusive	unified_background_5m_wavea_proven111_20260720_v1	bundle:/store/user/iturkmen/hh4b_delphes/run2_13tev/frozen_v2/bundles/unified_background_5m_wavea_proven111_20260720_v1/ttbar_inclusive_run2_frozen_v2_unified5m_wavea_shard032_10k_bundle.tar.gz	train	10000	28	10000	10000	5117870.7885742188	2619260140.8541298	511.78707885742188	511.78707885742188	0	0	10000	True	False	56b949635ad6399b057c0073bddff16552088ebde0676071322c2c6943a9e72f	9f2d8756fd983d6a4054bc956002c0f4c667d9e8750dee0cae307e312f2f078e	False	False	False	Event/Event.Weight	frozen_exact_full_member_signed_sumw	True	True	False	False	False	False
176	176_ba3f4c79307960a7	background	404	ttbar_inclusive	unified_background_5m_wavea_proven111_20260720_v1	bundle:/store/user/iturkmen/hh4b_delphes/run2_13tev/frozen_v2/bundles/unified_background_5m_wavea_proven111_20260720_v1/ttbar_inclusive_run2_frozen_v2_unified5m_wavea_shard033_10k_bundle.tar.gz	train	10000	36	10000	10000	5139207.1533203125	2641145016.4738669	513.92071533203125	513.92071533203125	0	0	10000	True	False	07b13f2038064f00208efae8c6f918ca537e2ae9fd20c4f2eb302198258dfbdb	a3c4673559d2777265f5226cff1cedd4a913c03edbc9d4893c56c69a52b5bdb2	False	False	False	Event/Event.Weight	frozen_exact_full_member_signed_sumw	True	True	False	False	False	False
177	177_1c13cc4021b0c686	background	405	ttbar_inclusive	unified_background_5m_wavea_proven111_20260720_v1	bundle:/store/user/iturkmen/hh4b_delphes/run2_13tev/frozen_v2/bundles/unified_background_5m_wavea_proven111_20260720_v1/ttbar_inclusive_run2_frozen_v2_unified5m_wavea_shard035_10k_bundle.tar.gz	train	10000	36	10000	10000	5115649.1088867188	2616986580.5253482	511.56491088867188	511.56491088867188	0	0	10000	True	False	3809a63d703325c10dc801a41b8509eb4d3267cce947bd1f23f4487676ce1b47	6cd42bfb86bcf9a909919d18c0788d0bb28cfd6f41e296f23f6344b64f92e1ba	False	False	False	Event/Event.Weight	frozen_exact_full_member_signed_sumw	True	True	False	False	False	False
178	178_42e7f451ffcdfb74	background	406	ttbar_inclusive	unified_background_5m_wavea_proven111_20260720_v1	bundle:/store/user/iturkmen/hh4b_delphes/run2_13tev/frozen_v2/bundles/unified_background_5m_wavea_proven111_20260720_v1/ttbar_inclusive_run2_frozen_v2_unified5m_wavea_shard036_10k_bundle.tar.gz	train	10000	30	10000	10000	5110860.2905273438	2612089290.9289246	511.08602905273438	511.08602905273438	0	0	10000	True	False	ff4161e731b99ccb15511c6c66617a9fff955f6d4da6a79a5d1d46cbafc105a2	90117422d9d99ac8c263b10fff423655407cd76cff942b6a49ab4f0dcce3f357	False	False	False	Event/Event.Weight	frozen_exact_full_member_signed_sumw	True	True	False	False	False	False
179	179_b776e92f8e753351	background	407	ttbar_inclusive	unified_background_5m_wavea_proven111_20260720_v1	bundle:/store/user/iturkmen/hh4b_delphes/run2_13tev/frozen_v2/bundles/unified_background_5m_wavea_proven111_20260720_v1/ttbar_inclusive_run2_frozen_v2_unified5m_wavea_shard037_10k_bundle.tar.gz	train	10000	38	10000	10000	5133051.1474609375	2634821408.2450047	513.30511474609375	513.30511474609375	0	0	10000	True	False	b421b9be4d01f356b89e8d3a5c24c36a62b58a46d5dccf48977e0f4fcee9e69c	77cd32bd0cb83bed1e4517c43582127ce69a8413cb066e8747061e08898c1bc2	False	False	False	Event/Event.Weight	frozen_exact_full_member_signed_sumw	True	True	False	False	False	False
180	180_50be02ca9a4795db	background	408	ttbar_inclusive	unified_background_5m_wavea_proven111_20260720_v1	bundle:/store/user/iturkmen/hh4b_delphes/run2_13tev/frozen_v2/bundles/unified_background_5m_wavea_proven111_20260720_v1/ttbar_inclusive_run2_frozen_v2_unified5m_wavea_shard038_10k_bundle.tar.gz	train	10000	27	10000	10000	5120075.68359375	2621517500.5728006	512.007568359375	512.007568359375	0	0	10000	True	False	65dae03a6b44f1148f8e72e7783ebc121cfe5a659936f79add932487ab72e7c3	2687bf8cf4ed40bfa4a0f81ffa278c2e074014995f552ee8d3b457b44601d153	False	False	False	Event/Event.Weight	frozen_exact_full_member_signed_sumw	True	True	False	False	False	False
181	181_fee037392c7265a3	background	409	ttbar_inclusive	unified_background_5m_wavea_proven111_20260720_v1	bundle:/store/user/iturkmen/hh4b_delphes/run2_13tev/frozen_v2/bundles/unified_background_5m_wavea_proven111_20260720_v1/ttbar_inclusive_run2_frozen_v2_unified5m_wavea_shard040_10k_bundle.tar.gz	train	10000	32	10000	10000	5120801.3916015625	2622260689.2228498	512.08013916015625	512.08013916015625	0	0	10000	True	False	aa19273ac5bd274dc3c00e4b108c921d5a4e74dbae0601dcc9b6e9b5039f0aa6	afab3d4d3deefbec6e95f40c3ecf00f271661ce25c97e225cf3ec270cc370acc	False	False	False	Event/Event.Weight	frozen_exact_full_member_signed_sumw	True	True	False	False	False	False
182	182_96349a322a3683db	background	410	ttbar_inclusive	unified_background_5m_wavea_proven111_20260720_v1	bundle:/store/user/iturkmen/hh4b_delphes/run2_13tev/frozen_v2/bundles/unified_background_5m_wavea_proven111_20260720_v1/ttbar_inclusive_run2_frozen_v2_unified5m_wavea_shard041_10k_bundle.tar.gz	train	10000	30	10000	10000	5115874.9389648438	2617217639.1128545	511.58749389648438	511.58749389648438	0	0	10000	True	False	84b7f35e260c5e2b004d3d823f7ccdee51a656601c4ac5ea6dd544085a7a56d9	9a8fce7afbd047c520f2391515a549401de3ad55200949cfda76676463bb313e	False	False	False	Event/Event.Weight	frozen_exact_full_member_signed_sumw	True	True	False	False	False	False
183	183_12705bdc17d94ce6	background	411	ttbar_inclusive	unified_background_5m_wavea_proven111_20260720_v1	bundle:/store/user/iturkmen/hh4b_delphes/run2_13tev/frozen_v2/bundles/unified_background_5m_wavea_proven111_20260720_v1/ttbar_inclusive_run2_frozen_v2_unified5m_wavea_shard042_10k_bundle.tar.gz	train	10000	32	10000	10000	5121247.55859375	2622717655.6402445	512.124755859375	512.124755859375	0	0	10000	True	False	4e1a3915e0e8fd258cf8ef283acccf83994a00c2f7c345dc95356e1926d69730	cf5c6bb86b04358bbef432634b00a298d225d3d2d72cdf4fa181bac2c62e3379	False	False	False	Event/Event.Weight	frozen_exact_full_member_signed_sumw	True	True	False	False	False	False
184	184_97281e1911585fb3	background	412	ttbar_inclusive	unified_background_5m_wavea_proven111_20260720_v1	bundle:/store/user/iturkmen/hh4b_delphes/run2_13tev/frozen_v2/bundles/unified_background_5m_wavea_proven111_20260720_v1/ttbar_inclusive_run2_frozen_v2_unified5m_wavea_shard043_10k_bundle.tar.gz	train	10000	37	10000	10000	5122097.16796875	2623587939.8113489	512.209716796875	512.209716796875	0	0	10000	True	False	8ac40a9ce7a295f9487e7c305604e03dbc0feb36e06bc8e031da6ef757a8990a	3c3d5b7909c222c5bd236f8c24fb0c679efccc722c0c81f204bc89debc312b6d	False	False	False	Event/Event.Weight	frozen_exact_full_member_signed_sumw	True	True	False	False	False	False
185	185_26b8207d4ecb83a9	background	413	ttbar_inclusive	unified_background_5m_wavea_proven111_20260720_v1	bundle:/store/user/iturkmen/hh4b_delphes/run2_13tev/frozen_v2/bundles/unified_background_5m_wavea_proven111_20260720_v1/ttbar_inclusive_run2_frozen_v2_unified5m_wavea_shard045_10k_bundle.tar.gz	train	10000	27	10000	10000	5127157.5927734375	2628774498.113431	512.71575927734375	512.71575927734375	0	0	10000	True	False	5218f52c7167e5e63ebf04d9a840c9e4abd937e9754e47671605c57b1f8b2fc0	897cf881a08ff3e935098730a278a7fc19557c7ab008cc8387e9ab0dead65a27	False	False	False	Event/Event.Weight	frozen_exact_full_member_signed_sumw	True	True	False	False	False	False
186	186_9f591320232697e5	background	414	ttbar_inclusive	unified_background_5m_wavea_proven111_20260720_v1	bundle:/store/user/iturkmen/hh4b_delphes/run2_13tev/frozen_v2/bundles/unified_background_5m_wavea_proven111_20260720_v1/ttbar_inclusive_run2_frozen_v2_unified5m_wavea_shard046_10k_bundle.tar.gz	train	10000	35	10000	10000	5119482.7270507812	2620910339.2571306	511.94827270507812	511.94827270507812	0	0	10000	True	False	8bc3aa96d00b226cb495ce46b4937d6a6409d932b8785fe125140e80606816d2	6a8f72938233bea86943b9e28952dc90a98d926605c42a6b4669d3c3df942754	False	False	False	Event/Event.Weight	frozen_exact_full_member_signed_sumw	True	True	False	False	False	False
187	187_96b2ceabce064163	background	415	ttbar_inclusive	unified_background_5m_wavea_proven111_20260720_v1	bundle:/store/user/iturkmen/hh4b_delphes/run2_13tev/frozen_v2/bundles/unified_background_5m_wavea_proven111_20260720_v1/ttbar_inclusive_run2_frozen_v2_unified5m_wavea_shard047_10k_bundle.tar.gz	train	10000	28	10000	10000	5117019.3481445312	2618388700.9285483	511.70193481445312	511.70193481445312	0	0	10000	True	False	cd744d8a012fa7ccdb7e3f1782cf9de41e1abe7469b1524ff6e8390a62ada961	0f057f03075c167ad4043320849c42526782a7a1aec985e7d2350e27b4bbbf2f	False	False	False	Event/Event.Weight	frozen_exact_full_member_signed_sumw	True	True	False	False	False	False
188	188_8e950a3d634d69f2	background	416	ttbar_inclusive	unified_background_5m_wavea_proven111_20260720_v1	bundle:/store/user/iturkmen/hh4b_delphes/run2_13tev/frozen_v2/bundles/unified_background_5m_wavea_proven111_20260720_v1/ttbar_inclusive_run2_frozen_v2_unified5m_wavea_shard048_10k_bundle.tar.gz	train	10000	33	10000	10000	5122655.6396484375	2624160080.2421942	512.26556396484375	512.26556396484375	0	0	10000	True	False	11fb4deb97c73f0b845e2bc7b9bf29212b2511862e58a9145d637b3433a26fa5	1dcdb3bac06c999faaa3e942ac4063a890074636714d223914d00de6c21e27f8	False	False	False	Event/Event.Weight	frozen_exact_full_member_signed_sumw	True	True	False	False	False	False
189	189_b1da9b3ab7e6fa40	background	417	ttbar_inclusive	unified_background_5m_wavea_proven111_20260720_v1	bundle:/store/user/iturkmen/hh4b_delphes/run2_13tev/frozen_v2/bundles/unified_background_5m_wavea_proven111_20260720_v1/ttbar_inclusive_run2_frozen_v2_unified5m_wavea_shard005_10k_bundle.tar.gz	train	10000	38	10000	10000	5119575.5004882812	2621005330.5199838	511.95755004882812	511.95755004882812	0	0	10000	True	False	21d6278539d18a17be0f0b1ed9cb4e6d246af658a5f7bfc3ee50c354b1870c43	a2d91c3fff445c63ef87356f0b895c0dcc241f4670139499f35642da659c9fad	False	False	False	Event/Event.Weight	frozen_exact_full_member_signed_sumw	True	True	False	False	False	False
190	190_c0db7abff8ea72fe	background	418	ttbar_inclusive	unified_background_5m_wavea_proven111_20260720_v1	bundle:/store/user/iturkmen/hh4b_delphes/run2_13tev/frozen_v2/bundles/unified_background_5m_wavea_proven111_20260720_v1/ttbar_inclusive_run2_frozen_v2_unified5m_wavea_shard050_10k_bundle.tar.gz	train	10000	35	10000	10000	5123535.7666015625	2625061875.164546	512.35357666015625	512.35357666015625	0	0	10000	True	False	c91ae5a041abcf1c8809c4f6a31ca906df241b7384c33688d83de203ed084429	e08e04919fc6e0f6fd332fa1a879842af93db76b7125622c02fcfbafc9260701	False	False	False	Event/Event.Weight	frozen_exact_full_member_signed_sumw	True	True	False	False	False	False
191	191_a4654a20a0dc5dec	background	419	ttbar_inclusive	unified_background_5m_wavea_proven111_20260720_v1	bundle:/store/user/iturkmen/hh4b_delphes/run2_13tev/frozen_v2/bundles/unified_background_5m_wavea_proven111_20260720_v1/ttbar_inclusive_run2_frozen_v2_unified5m_wavea_shard051_10k_bundle.tar.gz	train	10000	23	10000	10000	5129002.685546875	2630666854.8347054	512.9002685546875	512.9002685546875	0	0	10000	True	False	a491c05a62666d8207dd834ab6f6dbda0093d2b3ee1e479c7916eab456eec545	1f04cf4220d1f231cd85ed27004fb58cbe84c6bedad4d9e437cb936805f55a80	False	False	False	Event/Event.Weight	frozen_exact_full_member_signed_sumw	True	True	False	False	False	False
192	192_a312b2c5e820be71	background	420	ttbar_inclusive	unified_background_5m_wavea_proven111_20260720_v1	bundle:/store/user/iturkmen/hh4b_delphes/run2_13tev/frozen_v2/bundles/unified_background_5m_wavea_proven111_20260720_v1/ttbar_inclusive_run2_frozen_v2_unified5m_wavea_shard052_10k_bundle.tar.gz	train	10000	32	10000	10000	5126265.2587890625	2627859550.3467693	512.62652587890625	512.62652587890625	0	0	10000	True	False	e8099725b70006bd924d9e8b871a892af1268bee55da112d147e406a08ac6432	ffd72edf4d13396a00666dd75bade8c42f16e42684e651f8b4e0344703857322	False	False	False	Event/Event.Weight	frozen_exact_full_member_signed_sumw	True	True	False	False	False	False
193	193_ade493019dee7c53	background	421	ttbar_inclusive	unified_background_5m_wavea_proven111_20260720_v1	bundle:/store/user/iturkmen/hh4b_delphes/run2_13tev/frozen_v2/bundles/unified_background_5m_wavea_proven111_20260720_v1/ttbar_inclusive_run2_frozen_v2_unified5m_wavea_shard053_10k_bundle.tar.gz	train	10000	27	10000	10000	5123704.2236328125	2625234497.1272721	512.37042236328125	512.37042236328125	0	0	10000	True	False	64a417b3cbf4eb43f791d47ee49776e4b953f0feb98d15a1029ef3f21e3c0cd7	c6dc208e275251d635b92934319cb12732bb31f8c20834fa711bf818d87f4f7e	False	False	False	Event/Event.Weight	frozen_exact_full_member_signed_sumw	True	True	False	False	False	False
194	194_e30902d0b7dfc2a5	background	422	ttbar_inclusive	unified_background_5m_wavea_proven111_20260720_v1	bundle:/store/user/iturkmen/hh4b_delphes/run2_13tev/frozen_v2/bundles/unified_background_5m_wavea_proven111_20260720_v1/ttbar_inclusive_run2_frozen_v2_unified5m_wavea_shard055_10k_bundle.tar.gz	train	10000	34	10000	10000	5118170.4711914062	2619566897.217566	511.81704711914062	511.81704711914062	0	0	10000	True	False	85607b536602f4f8bbcc36aead2d9b2cc7511a0bfaa57e32549f1f7f1bfb9cc1	3514e17c2b874258e7c601bf41a3245d3a167be898976dd968408b85e3a56b66	False	False	False	Event/Event.Weight	frozen_exact_full_member_signed_sumw	True	True	False	False	False	False
195	195_d149e0e405878bb5	background	423	ttbar_inclusive	unified_background_5m_wavea_proven111_20260720_v1	bundle:/store/user/iturkmen/hh4b_delphes/run2_13tev/frozen_v2/bundles/unified_background_5m_wavea_proven111_20260720_v1/ttbar_inclusive_run2_frozen_v2_unified5m_wavea_shard056_10k_bundle.tar.gz	train	10000	30	10000	10000	5129088.7451171875	2630755135.5287805	512.90887451171875	512.90887451171875	0	0	10000	True	False	7d7c060c0d2c01ef5ea27c4a76b907a2647c091cf373b8db139a07eecd478454	d6d8fcc8c9a1da6d99f6975daa713d796765895facbea13bd54b3efef9707993	False	False	False	Event/Event.Weight	frozen_exact_full_member_signed_sumw	True	True	False	False	False	False
196	196_f105dc1bf955f3ca	background	424	ttbar_inclusive	unified_background_5m_wavea_proven111_20260720_v1	bundle:/store/user/iturkmen/hh4b_delphes/run2_13tev/frozen_v2/bundles/unified_background_5m_wavea_proven111_20260720_v1/ttbar_inclusive_run2_frozen_v2_unified5m_wavea_shard057_10k_bundle.tar.gz	train	10000	34	10000	10000	5115517.2729492188	2616851696.9841814	511.55172729492188	511.55172729492188	0	0	10000	True	False	9d613c2c46ffba41a73d1d1bb9c15030a10135e39fda7fb7008f7d90af084875	186a7ee610700bd05f63ec67fb5ccf5648a5fc462dcfe95b8fa3e57f56e7df30	False	False	False	Event/Event.Weight	frozen_exact_full_member_signed_sumw	True	True	False	False	False	False
197	197_3b60f2747c2d2261	background	425	ttbar_inclusive	unified_background_5m_wavea_proven111_20260720_v1	bundle:/store/user/iturkmen/hh4b_delphes/run2_13tev/frozen_v2/bundles/unified_background_5m_wavea_proven111_20260720_v1/ttbar_inclusive_run2_frozen_v2_unified5m_wavea_shard058_10k_bundle.tar.gz	train	10000	30	10000	10000	5122633.6669921875	2624137568.6201825	512.26336669921875	512.26336669921875	0	0	10000	True	False	d401887bdcace5346e1802be510ca0130d2659f160177cb1136789978b26df27	7ac02c7904839ee9db413d6b99f3d48e2ab77a7b38412b8de0607924d06e5a56	False	False	False	Event/Event.Weight	frozen_exact_full_member_signed_sumw	True	True	False	False	False	False
198	198_8f339d60b918b3ff	background	426	ttbar_inclusive	unified_background_5m_wavea_proven111_20260720_v1	bundle:/store/user/iturkmen/hh4b_delphes/run2_13tev/frozen_v2/bundles/unified_background_5m_wavea_proven111_20260720_v1/ttbar_inclusive_run2_frozen_v2_unified5m_wavea_shard006_10k_bundle.tar.gz	train	10000	28	10000	10000	5131547.8515625	2633278335.287571	513.15478515625	513.15478515625	0	0	10000	True	False	145e705f96212911affbf0d3b9a0cb042a31d9f7d4fd47f5650f5e8e7a60235b	e8135cd33d05d4e111910b32ddaec0546500733db1831f7d7d7c72d770928a85	False	False	False	Event/Event.Weight	frozen_exact_full_member_signed_sumw	True	True	False	False	False	False
199	199_5377248e8d84fc4c	background	427	ttbar_inclusive	unified_background_5m_wavea_proven111_20260720_v1	bundle:/store/user/iturkmen/hh4b_delphes/run2_13tev/frozen_v2/bundles/unified_background_5m_wavea_proven111_20260720_v1/ttbar_inclusive_run2_frozen_v2_unified5m_wavea_shard060_10k_bundle.tar.gz	train	10000	23	10000	10000	5126105.3466796875	2627695602.5258079	512.61053466796875	512.61053466796875	0	0	10000	True	False	07f59f59cc29346bee26ae57e13fc1ec9b8514089b9037e4fe7d0575d1d5b59b	7f15a0dda3f0669710773f526844bd63ee32b1f0c7e74a41d6033abb83626d15	False	False	False	Event/Event.Weight	frozen_exact_full_member_signed_sumw	True	True	False	False	False	False
200	200_e13d5671274e6596	background	428	ttbar_inclusive	unified_background_5m_wavea_proven111_20260720_v1	bundle:/store/user/iturkmen/hh4b_delphes/run2_13tev/frozen_v2/bundles/unified_background_5m_wavea_proven111_20260720_v1/ttbar_inclusive_run2_frozen_v2_unified5m_wavea_shard061_10k_bundle.tar.gz	train	10000	29	10000	10000	5121084.5947265625	2622550742.634572	512.10845947265625	512.10845947265625	0	0	10000	True	False	b209ffe0e7d02f1d346fbac611a8c4ce63d46b36bc5884c44fd6b08f3916faad	5fcfa6224acef64ecde4784ccd6c76a3309d38f3f8df9e79180de17fb24579f3	False	False	False	Event/Event.Weight	frozen_exact_full_member_signed_sumw	True	True	False	False	False	False
201	201_330f01f21f0df765	background	429	ttbar_inclusive	unified_background_5m_wavea_proven111_20260720_v1	bundle:/store/user/iturkmen/hh4b_delphes/run2_13tev/frozen_v2/bundles/unified_background_5m_wavea_proven111_20260720_v1/ttbar_inclusive_run2_frozen_v2_unified5m_wavea_shard062_10k_bundle.tar.gz	train	10000	25	10000	10000	5122501.8310546875	2624002500.9158626	512.25018310546875	512.25018310546875	0	0	10000	True	False	c32be46bbabb37e6d9474de7fa7338c26fa3b78dd5f2b822d33b60c6b7fdcb6b	587eefecd96bf18e0c047657c4a9d649dee5efb829af271fdeb94fd16579a522	False	False	False	Event/Event.Weight	frozen_exact_full_member_signed_sumw	True	True	False	False	False	False
202	202_7f3579b39e9eefe4	background	430	ttbar_inclusive	unified_background_5m_wavea_proven111_20260720_v1	bundle:/store/user/iturkmen/hh4b_delphes/run2_13tev/frozen_v2/bundles/unified_background_5m_wavea_proven111_20260720_v1/ttbar_inclusive_run2_frozen_v2_unified5m_wavea_shard063_10k_bundle.tar.gz	train	10000	27	10000	10000	5127656.8603515625	2629286487.7510443	512.76568603515625	512.76568603515625	0	0	10000	True	False	91f50697b7a0e24db2f16fa207a81d2a95eb896931d749c63d012636bb1ce6c7	c7dd039d0684afe610b4f2d27eea0c307145e098a60c7a2649820a825f9bc95b	False	False	False	Event/Event.Weight	frozen_exact_full_member_signed_sumw	True	True	False	False	False	False
203	203_16558072be308c01	background	431	ttbar_inclusive	unified_background_5m_wavea_proven111_20260720_v1	bundle:/store/user/iturkmen/hh4b_delphes/run2_13tev/frozen_v2/bundles/unified_background_5m_wavea_proven111_20260720_v1/ttbar_inclusive_run2_frozen_v2_unified5m_wavea_shard065_10k_bundle.tar.gz	train	10000	31	10000	10000	5122912.59765625	2624423348.3225107	512.291259765625	512.291259765625	0	0	10000	True	False	4d5d94e5cebdb9c758bf0e53b367b1b0d173c45fb64b5185178b05d36fad628d	a279c8d5a801f68d415b39e3a3dada14a76283b185430b23d7ba2ff99e074769	False	False	False	Event/Event.Weight	frozen_exact_full_member_signed_sumw	True	True	False	False	False	False
204	204_b79738fc8e30529c	background	432	ttbar_inclusive	unified_background_5m_wavea_proven111_20260720_v1	bundle:/store/user/iturkmen/hh4b_delphes/run2_13tev/frozen_v2/bundles/unified_background_5m_wavea_proven111_20260720_v1/ttbar_inclusive_run2_frozen_v2_unified5m_wavea_shard066_10k_bundle.tar.gz	train	10000	31	10000	10000	5127165.52734375	2628782634.4782114	512.716552734375	512.716552734375	0	0	10000	True	False	5abfbc9530fca4125ecdd445102e53fc8660cbd4808df3b5c04a55c12f4a2521	59ba89363b74de48ab7727dadf1a77efb451d2d5f82cdfb752eda4524a39151b	False	False	False	Event/Event.Weight	frozen_exact_full_member_signed_sumw	True	True	False	False	False	False
205	205_1a2d226b25745dba	background	433	ttbar_inclusive	unified_background_5m_wavea_proven111_20260720_v1	bundle:/store/user/iturkmen/hh4b_delphes/run2_13tev/frozen_v2/bundles/unified_background_5m_wavea_proven111_20260720_v1/ttbar_inclusive_run2_frozen_v2_unified5m_wavea_shard067_10k_bundle.tar.gz	train	10000	38	10000	10000	5119752.5024414062	2621186568.625504	511.97525024414062	511.97525024414062	0	0	10000	True	False	a940aac18c41fbd26dbdba0cab0508005fc7faffe877e5312b68986892688528	ac6eaebd3bb1c9691249bd8f052719bf26ee2c50e625a4334cd33418a6a05337	False	False	False	Event/Event.Weight	frozen_exact_full_member_signed_sumw	True	True	False	False	False	False
206	206_a483993210c1ac78	background	434	ttbar_inclusive	unified_background_5m_wavea_proven111_20260720_v1	bundle:/store/user/iturkmen/hh4b_delphes/run2_13tev/frozen_v2/bundles/unified_background_5m_wavea_proven111_20260720_v1/ttbar_inclusive_run2_frozen_v2_unified5m_wavea_shard068_10k_bundle.tar.gz	train	10000	40	10000	10000	5125273.4375	2626842780.9143066	512.52734375	512.52734375	0	0	10000	True	False	574a8dbdbf8d9cdad615f416a5719712fcf8a333e3a1ce6189a7cbd7fe984d99	ed5c30760e532747dfcec7ccede8122954dc25da8d07ed8a3768e28f1acbd142	False	False	False	Event/Event.Weight	frozen_exact_full_member_signed_sumw	True	True	False	False	False	False
207	207_b8a4c7eead855e62	background	435	ttbar_inclusive	unified_background_5m_wavea_proven111_20260720_v1	bundle:/store/user/iturkmen/hh4b_delphes/run2_13tev/frozen_v2/bundles/unified_background_5m_wavea_proven111_20260720_v1/ttbar_inclusive_run2_frozen_v2_unified5m_wavea_shard007_10k_bundle.tar.gz	train	10000	30	10000	10000	5123611.4501953125	2625139429.2572513	512.36114501953125	512.36114501953125	0	0	10000	True	False	02ab0b8ab61a9503d83b9f6b59989e54706e3f779d309a05b70fb5415c20a8e7	a67dc9fe92fb1dcdd16c029f8ae9e9f82031fa8db3736cc0ead022a867627068	False	False	False	Event/Event.Weight	frozen_exact_full_member_signed_sumw	True	True	False	False	False	False
208	208_eceb1b522e760bb6	background	436	ttbar_inclusive	unified_background_5m_wavea_proven111_20260720_v1	bundle:/store/user/iturkmen/hh4b_delphes/run2_13tev/frozen_v2/bundles/unified_background_5m_wavea_proven111_20260720_v1/ttbar_inclusive_run2_frozen_v2_unified5m_wavea_shard070_10k_bundle.tar.gz	train	10000	34	10000	10000	5130439.453125	2632140898.2181549	513.0439453125	513.0439453125	0	0	10000	True	False	a38c5722b3afe0d6fc0e9144f73175c8f71db25a86d25b1b718e317fcf914d46	336a133078b405e48e7c65930de27fe74b0e658ac99a5edd60f739d812a1728d	False	False	False	Event/Event.Weight	frozen_exact_full_member_signed_sumw	True	True	False	False	False	False
209	209_7988f70d9ba88e08	background	437	ttbar_inclusive	unified_background_5m_wavea_proven111_20260720_v1	bundle:/store/user/iturkmen/hh4b_delphes/run2_13tev/frozen_v2/bundles/unified_background_5m_wavea_proven111_20260720_v1/ttbar_inclusive_run2_frozen_v2_unified5m_wavea_shard071_10k_bundle.tar.gz	train	10000	31	10000	10000	5127645.263671875	2629274595.005661	512.7645263671875	512.7645263671875	0	0	10000	True	False	48153413fd4d0851796cf26b404ccc35c1b2b7ac0aeea15e1100e9d26efdffce	17381fffa7433f64a5faf507a7bd3e2b7bbb9461d0559929607abff505c12882	False	False	False	Event/Event.Weight	frozen_exact_full_member_signed_sumw	True	True	False	False	False	False
210	210_acd0d1c0966a2ac2	background	438	ttbar_inclusive	unified_background_5m_wavea_proven111_20260720_v1	bundle:/store/user/iturkmen/hh4b_delphes/run2_13tev/frozen_v2/bundles/unified_background_5m_wavea_proven111_20260720_v1/ttbar_inclusive_run2_frozen_v2_unified5m_wavea_shard072_10k_bundle.tar.gz	train	10000	35	10000	10000	5121753.5400390625	2623235932.4902668	512.17535400390625	512.17535400390625	0	0	10000	True	False	2aa8841ce71b7cd3774de114d0aacdecd7c0229af93f5d31b7f6b5324cdb79fb	91970efd27ad42caf097d043ecc4124b2480797528f058f14a1aecc0e434ce79	False	False	False	Event/Event.Weight	frozen_exact_full_member_signed_sumw	True	True	False	False	False	False
211	211_5ba75edbd15fdbdd	background	439	ttbar_inclusive	unified_background_5m_wavea_proven111_20260720_v1	bundle:/store/user/iturkmen/hh4b_delphes/run2_13tev/frozen_v2/bundles/unified_background_5m_wavea_proven111_20260720_v1/ttbar_inclusive_run2_frozen_v2_unified5m_wavea_shard073_10k_bundle.tar.gz	train	10000	38	10000	10000	5130296.630859375	2631994352.0607052	513.0296630859375	513.0296630859375	0	0	10000	True	False	b2b59591e6f65558ce3e17c9b4752ea34a5a6cb2ff698ca69bc9cca5b2a5960a	2124da056d7e76b362eed15644ebf47aed38d9bf6114f1a56b97bb65851a9667	False	False	False	Event/Event.Weight	frozen_exact_full_member_signed_sumw	True	True	False	False	False	False
212	212_fbfcf117dd0dd6e4	background	440	ttbar_inclusive	unified_background_5m_wavea_proven111_20260720_v1	bundle:/store/user/iturkmen/hh4b_delphes/run2_13tev/frozen_v2/bundles/unified_background_5m_wavea_proven111_20260720_v1/ttbar_inclusive_run2_frozen_v2_unified5m_wavea_shard008_10k_bundle.tar.gz	train	10000	29	10000	10000	5128114.6240234375	2629755959.7123041	512.81146240234375	512.81146240234375	0	0	10000	True	False	efec57d5a2414ccceb7440381bb9de7a601e646b30f169aec874fbb37717e1a3	42e16ee7e83e48065d84912ee0328a4c7690d73e6904cf44ba4a2a6a8bb00640	False	False	False	Event/Event.Weight	frozen_exact_full_member_signed_sumw	True	True	False	False	False	False
213	213_5a987df17e7706f9	background	456	zbbbb	unified_background_5m_wavea_pilots_20260720_retry1	bundle:/store/user/iturkmen/hh4b_delphes/run2_13tev/frozen_v2/bundles/unified_background_5m_wavea_pilots_20260720_retry1/zbbbb_run2_frozen_v2_unified5m_pilot_shard000_10k_bundle.tar.gz	train	10000	314	10000	10000	68993.020057678223	476003.68166791898	6.8993020057678223	6.8993020057678223	0	0	10000	True	False	ec24daa44530a8eb9081da20eedcae378e46f618fc735392f6844d781b98affe	1931aff918a9cfd8345aba4e7bb3a03cab1a11cbf4c46538a7de456ac445d250	False	False	False	Event/Event.Weight	frozen_exact_full_member_signed_sumw	True	True	False	False	False	False
214	214_d2859779d1ff3bae	background	457	zbbbb	unified_background_5m_wavea_proven111_20260720_v1	bundle:/store/user/iturkmen/hh4b_delphes/run2_13tev/frozen_v2/bundles/unified_background_5m_wavea_proven111_20260720_v1/zbbbb_run2_frozen_v2_unified5m_wavea_shard001_10k_bundle.tar.gz	train	10000	295	10000	10000	69136.910438537598	477991.23849863693	6.9136910438537598	6.9136910438537598	0	0	10000	True	False	26f02f41f04bca1bdd090393112f48f431c8893031fe3911d72d556055c0c2a7	ca853d9e5ca7cdc1d17bf649f3637de030258c9730cd80acdec081d696b8137b	False	False	False	Event/Event.Weight	frozen_exact_full_member_signed_sumw	True	True	False	False	False	False
215	215_4f402a158f1e234a	background	458	zbbbb	unified_background_5m_wavea_proven111_20260720_v1	bundle:/store/user/iturkmen/hh4b_delphes/run2_13tev/frozen_v2/bundles/unified_background_5m_wavea_proven111_20260720_v1/zbbbb_run2_frozen_v2_unified5m_wavea_shard002_10k_bundle.tar.gz	train	10000	302	10000	10000	69096.221923828125	477428.78841469064	6.9096221923828125	6.9096221923828125	0	0	10000	True	False	392c18039dec1154321a0dfd26c3405a04c44c44ee15ccfb4530469c6fd7d633	479c7b4e6b62fb77a7971e7ad7402c17ee8dae5dec2ea6d6d218d1bdee6b53a3	False	False	False	Event/Event.Weight	frozen_exact_full_member_signed_sumw	True	True	False	False	False	False
216	216_5028d9c94d6897cb	background	459	zbbbb	unified_background_5m_wavea_proven111_20260720_v1	bundle:/store/user/iturkmen/hh4b_delphes/run2_13tev/frozen_v2/bundles/unified_background_5m_wavea_proven111_20260720_v1/zbbbb_run2_frozen_v2_unified5m_wavea_shard003_10k_bundle.tar.gz	train	10000	276	10000	10000	68680.868148803711	471706.16496733599	6.8680868148803711	6.8680868148803711	0	0	10000	True	False	652551fcfd5f2588828ab7242a06ab96b0b9c79c26edd2b24783e9ff219d2feb	b104034ea4f62442c1ac57f7424b84845121ea8561d188d5494580fbf76a5e7a	False	False	False	Event/Event.Weight	frozen_exact_full_member_signed_sumw	True	True	False	False	False	False
217	217_234d892cbd4ff220	background	461	zbbbb	unified_background_5m_wavea_proven111_20260720_v1	bundle:/store/user/iturkmen/hh4b_delphes/run2_13tev/frozen_v2/bundles/unified_background_5m_wavea_proven111_20260720_v1/zbbbb_run2_frozen_v2_unified5m_wavea_shard006_10k_bundle.tar.gz	train	10000	316	10000	10000	68795.552253723145	473282.80098947516	6.8795552253723145	6.8795552253723145	0	0	10000	True	False	22f0e9264dd9ce4c1eec94defc4d1992ec266da9712af93f238a1c0519f6027b	a8be1dfe3ec1b9361595d72cc58c4a9af5e4c6301a8c135ebeeb3fe9c7c7f04c	False	False	False	Event/Event.Weight	frozen_exact_full_member_signed_sumw	True	True	False	False	False	False
218	218_932d1e143c362a8d	background	462	zbbbb	unified_background_5m_wavea_proven111_20260720_v1	bundle:/store/user/iturkmen/hh4b_delphes/run2_13tev/frozen_v2/bundles/unified_background_5m_wavea_proven111_20260720_v1/zbbbb_run2_frozen_v2_unified5m_wavea_shard007_10k_bundle.tar.gz	train	10000	262	10000	10000	68667.97924041748	471529.1372962406	6.866797924041748	6.866797924041748	0	0	10000	True	False	83ffa3ace0017fbc1c6706b683ee67306fd7dfb64aef2dea54ca66fe7e1c1be8	6bf2a3dcf1ec48e3ac51d880f9cd14a18f4874c013464064d5269696a8b241c6	False	False	False	Event/Event.Weight	frozen_exact_full_member_signed_sumw	True	True	False	False	False	False
219	219_057031479fa49ccf	background	463	zbbbb	unified_background_5m_wavea_proven111_20260720_v1	bundle:/store/user/iturkmen/hh4b_delphes/run2_13tev/frozen_v2/bundles/unified_background_5m_wavea_proven111_20260720_v1/zbbbb_run2_frozen_v2_unified5m_wavea_shard008_10k_bundle.tar.gz	train	10000	303	10000	10000	69208.550453186035	478982.34558311972	6.9208550453186035	6.9208550453186035	0	0	10000	True	False	212547f8c67af03f0ae0a0c6a697101f75dd26eeaacec9252f94b8e23a7a52a2	cd60e83dbef35e475025e1138ecf20e139fc2c55f8cb53e825619f9146fddf73	False	False	False	Event/Event.Weight	frozen_exact_full_member_signed_sumw	True	True	False	False	False	False
220	220_e0150831a31e22e9	background	464	zbbbb	unified_background_5m_wavea_zbbbb_remaining15_20260721_v1	bundle:/store/user/iturkmen/hh4b_delphes/run2_13tev/frozen_v2/bundles/unified_background_5m_wavea_zbbbb_remaining15_20260721_v1/zbbbb_run2_frozen_v2_unified5m_wavea_shard010_10k_bundle.tar.gz	train	10000	272	10000	10000	69148.092269897461	478145.86645662528	6.9148092269897461	6.9148092269897461	0	0	10000	True	False	4d1c07ef7d24524c0539dafc349b3276fb06366b3b0c9c55e117255e32ff59fb	4372fb54fa78b954559db9670cb7018d5e84949621d68934493993ce7c2cf87d	False	False	False	Event/Event.Weight	frozen_exact_full_member_signed_sumw	True	True	False	False	False	False
221	221_2ee66e457fc1dcf6	background	465	zbbbb	unified_background_5m_wavea_zbbbb_remaining15_20260721_v1	bundle:/store/user/iturkmen/hh4b_delphes/run2_13tev/frozen_v2/bundles/unified_background_5m_wavea_zbbbb_remaining15_20260721_v1/zbbbb_run2_frozen_v2_unified5m_wavea_shard011_10k_bundle.tar.gz	train	10000	307	10000	10000	69238.748550415039	479400.43008276005	6.9238748550415039	6.9238748550415039	0	0	10000	True	False	09aa71c71c30759da66822f2a572a2e827ea4ef55dde7d66dc51267b5c3be5cd	2be198d84382768d691b9b61583a936faa312ec715045a640b50bb66805e6cbf	False	False	False	Event/Event.Weight	frozen_exact_full_member_signed_sumw	True	True	False	False	False	False
222	222_d25efb78826598d8	background	466	zbbbb	unified_background_5m_wavea_zbbbb_remaining15_20260721_v1	bundle:/store/user/iturkmen/hh4b_delphes/run2_13tev/frozen_v2/bundles/unified_background_5m_wavea_zbbbb_remaining15_20260721_v1/zbbbb_run2_frozen_v2_unified5m_wavea_shard012_10k_bundle.tar.gz	train	10000	292	10000	10000	69230.499267578125	479286.20288381353	6.9230499267578125	6.9230499267578125	0	0	10000	True	False	7609abd18de8d95e4a361acfb89b99be1f1e7bc315938420fea885ed97979179	9fc25b9ca32514b05d2dc6a273f1b593362901a7d46b721e88f561732a4a383f	False	False	False	Event/Event.Weight	frozen_exact_full_member_signed_sumw	True	True	False	False	False	False
223	223_ef152af7060cc8e4	background	467	zbbbb	unified_background_5m_wavea_zbbbb_remaining15_20260721_v1	bundle:/store/user/iturkmen/hh4b_delphes/run2_13tev/frozen_v2/bundles/unified_background_5m_wavea_zbbbb_remaining15_20260721_v1/zbbbb_run2_frozen_v2_unified5m_wavea_shard013_10k_bundle.tar.gz	train	10000	295	10000	10000	68889.169692993164	474571.77009900077	6.8889169692993164	6.8889169692993164	0	0	10000	True	False	9b563c67ebcd5bca240563c62eb92458a2c4d2e013f1aa0bd4a28d6eec55b987	f4f3198429c00739c47d33932c20c76656c287d3ea45931c65ceec111347cba0	False	False	False	Event/Event.Weight	frozen_exact_full_member_signed_sumw	True	True	False	False	False	False
224	224_2cf858789f0bf8ff	background	468	zbbbb	unified_background_5m_wavea_zbbbb_remaining15_20260721_v1	bundle:/store/user/iturkmen/hh4b_delphes/run2_13tev/frozen_v2/bundles/unified_background_5m_wavea_zbbbb_remaining15_20260721_v1/zbbbb_run2_frozen_v2_unified5m_wavea_shard015_10k_bundle.tar.gz	train	10000	294	10000	10000	69182.171821594238	478617.28979525878	6.9182171821594238	6.9182171821594238	0	0	10000	True	False	8a0188a7d1b7effa6e5a42acf27f515025b37179c680c697a3abc59447ca2f08	b644b5bae18cb3d391044c7fc7709def09bad130dcca0b168389124097da9c79	False	False	False	Event/Event.Weight	frozen_exact_full_member_signed_sumw	True	True	False	False	False	False
225	225_9b034b21b06d1424	background	469	zbbbb	unified_background_5m_wavea_zbbbb_remaining15_20260721_v1	bundle:/store/user/iturkmen/hh4b_delphes/run2_13tev/frozen_v2/bundles/unified_background_5m_wavea_zbbbb_remaining15_20260721_v1/zbbbb_run2_frozen_v2_unified5m_wavea_shard016_10k_bundle.tar.gz	train	10000	276	10000	10000	69369.20166015625	481208.61389674246	6.936920166015625	6.936920166015625	0	0	10000	True	False	3bc226fee5dc87734d59c1c935d41e457311823be3f007f6cadc21264bc904bc	5d97d683132092dd3e300be6554b747cd327e685a90cad10eda0f6668f1d8cf5	False	False	False	Event/Event.Weight	frozen_exact_full_member_signed_sumw	True	True	False	False	False	False
226	226_9d6ceec88729bd2e	background	470	zbbbb	unified_background_5m_wavea_zbbbb_remaining15_20260721_v1	bundle:/store/user/iturkmen/hh4b_delphes/run2_13tev/frozen_v2/bundles/unified_background_5m_wavea_zbbbb_remaining15_20260721_v1/zbbbb_run2_frozen_v2_unified5m_wavea_shard017_10k_bundle.tar.gz	train	10000	279	10000	10000	68923.430442810059	475043.92640048766	6.8923430442810059	6.8923430442810059	0	0	10000	True	False	4ee8d47e05a6bc79726b05ae4036b8360faf0cf08fcf7da899e8abc0dd3b72a9	698972c33121ba8e0730fae68e649160c91dc1bd6a0e9a21d9ed0ec581f0b719	False	False	False	Event/Event.Weight	frozen_exact_full_member_signed_sumw	True	True	False	False	False	False
227	227_32670f625542f39f	background	471	zbbbb	unified_background_5m_wavea_zbbbb_remaining15_20260721_v1	bundle:/store/user/iturkmen/hh4b_delphes/run2_13tev/frozen_v2/bundles/unified_background_5m_wavea_zbbbb_remaining15_20260721_v1/zbbbb_run2_frozen_v2_unified5m_wavea_shard018_10k_bundle.tar.gz	train	10000	288	10000	10000	69343.981742858887	480858.78039539466	6.9343981742858887	6.9343981742858887	0	0	10000	True	False	13345d5541bf51e12f890228603740be9e605bd41bc84046e0a6a848d8c3395c	3e3a33771021876b4e3435d945d2d3bb2df75d3ea8dc30c9ed66809b7df20e69	False	False	False	Event/Event.Weight	frozen_exact_full_member_signed_sumw	True	True	False	False	False	False
228	228_81bdcd6dcd2f0ce5	background	472	zbbbb	unified_background_5m_wavea_zbbbb_remaining15_20260721_v1	bundle:/store/user/iturkmen/hh4b_delphes/run2_13tev/frozen_v2/bundles/unified_background_5m_wavea_zbbbb_remaining15_20260721_v1/zbbbb_run2_frozen_v2_unified5m_wavea_shard020_10k_bundle.tar.gz	train	10000	314	10000	10000	69214.901924133301	479070.26483673917	6.9214901924133301	6.9214901924133301	0	0	10000	True	False	8d6bf9812a4ad6572c4d0e448a81524b6deed5e7c9e06e80c48a36e08b6164e9	d13181e72d9c712c6dafb76f932ee769efa09dc7a4de14b0bb78f681f37925af	False	False	False	Event/Event.Weight	frozen_exact_full_member_signed_sumw	True	True	False	False	False	False
229	229_1f672565b315b4ca	background	473	zbbbb	unified_background_5m_wavea_zbbbb_remaining15_20260721_v1	bundle:/store/user/iturkmen/hh4b_delphes/run2_13tev/frozen_v2/bundles/unified_background_5m_wavea_zbbbb_remaining15_20260721_v1/zbbbb_run2_frozen_v2_unified5m_wavea_shard021_10k_bundle.tar.gz	train	10000	285	10000	10000	68847.589492797852	473999.0578968809	6.8847589492797852	6.8847589492797852	0	0	10000	True	False	db4478ed2afd5e829dcb68e77257dcb10fba0278b397eb71dc00a5985c922fd1	b9bf6097d0c13fa60efd0d0d0047a6d7a9891bb78e048972c3a5952eb88db421	False	False	False	Event/Event.Weight	frozen_exact_full_member_signed_sumw	True	True	False	False	False	False
230	230_afdaba225641c129	background	474	zbbbb	unified_background_5m_wavea_zbbbb_remaining15_20260721_v1	bundle:/store/user/iturkmen/hh4b_delphes/run2_13tev/frozen_v2/bundles/unified_background_5m_wavea_zbbbb_remaining15_20260721_v1/zbbbb_run2_frozen_v2_unified5m_wavea_shard022_10k_bundle.tar.gz	train	10000	274	10000	10000	69176.86939239502	478543.92589324788	6.917686939239502	6.917686939239502	0	0	10000	True	False	861cf8d7ed764ad31f94d3768feb0eefd6b7797f0658378b508805c1ded5e6c2	47d9fd7913e69ddf2b892b3210057eab161e574f484795a85e113cecb9ca1285	False	False	False	Event/Event.Weight	frozen_exact_full_member_signed_sumw	True	True	False	False	False	False
231	231_64d15685e9f1f6bc	background	475	zbbbb	unified_background_5m_wavea_zbbbb_remaining15_20260721_v1	bundle:/store/user/iturkmen/hh4b_delphes/run2_13tev/frozen_v2/bundles/unified_background_5m_wavea_zbbbb_remaining15_20260721_v1/zbbbb_run2_frozen_v2_unified5m_wavea_shard023_10k_bundle.tar.gz	train	10000	300	10000	10000	69305.891990661621	480330.66646212549	6.9305891990661621	6.9305891990661621	0	0	10000	True	False	d623fd8d4d747a03eb040049c61e7fbaea1624cdf80cb81bfe29d577756da43d	d54b4c298dcb03e2b1067f79fb59ab55f62ebdd784eefaf7e46956b29a560644	False	False	False	Event/Event.Weight	frozen_exact_full_member_signed_sumw	True	True	False	False	False	False
232	232_f829f83d0e353604	background	481	tth_hbb	unified_background_5m_waveb_priority_pilots10k_20260721_v1	bundle:/store/user/iturkmen/hh4b_delphes/run2_13tev/frozen_v2/bundles/unified_background_5m_waveb_priority_pilots10k_20260721_v1/tth_hbb_run2_frozen_v2_waveb_pilot_shard1001_10000evt_bundle.tar.gz	train	10000	1189	10000	10000	3309.130072593689	1095.0341837343913	0.3309130072593689	0.3309130072593689	0	0	10000	True	False	d6fbec626026a7c7f1e22f9a1149e8cc0147382c30d33a3cf0a3cefd854daa1f	aeb350531512813665e98932590fa6883c52f3df2957821964316e6847f2b839	False	False	False	Event/Event.Weight	frozen_exact_full_member_signed_sumw	True	True	False	False	False	False
233	233_3156fbf7b8d701c4	background	483	tth_hbb	unified_background_5m_waveb_priority_scale400k_20260721_v1	bundle:/store/user/iturkmen/hh4b_delphes/run2_13tev/frozen_v2/bundles/unified_background_5m_waveb_priority_scale400k_20260721_v1/tth_hbb_run2_frozen_v2_waveb_scale400k_shard2007_10000evt_bundle.tar.gz	train	10000	1222	10000	10000	3304.1998744010925	1091.7736809992196	0.33041998744010925	0.33041998744010925	0	0	10000	True	False	a3124d7f311c20ef90d7a31306b0158ca7eb239a8e890abd8a5ca7a27919f540	81b5f69d363d4696404a3350cd0478fc02da86028131fa3b83b2810163900917	False	False	False	Event/Event.Weight	frozen_exact_full_member_signed_sumw	True	True	False	False	False	False
234	234_57c3bb2984cf7de2	background	485	tttt	unified_background_5m_waveb_priority_pilots10k_20260721_v1	bundle:/store/user/iturkmen/hh4b_delphes/run2_13tev/frozen_v2/bundles/unified_background_5m_waveb_priority_pilots10k_20260721_v1/tttt_run2_frozen_v2_waveb_pilot_shard1003_10000evt_bundle.tar.gz	train	10000	1853	10000	10000	91.307498514652252	0.83370592850032232	0.0091307498514652252	0.0091307498514652252	0	0	10000	True	False	abe32474c405508546d2ab0c36db353fa9a5eaed06913705e27e978fb2c707fc	5b3e48399f3bd75a08a45f4ebbe34c64aedd280f0dbd94266ab602eb0e5979cf	False	False	False	Event/Event.Weight	frozen_exact_full_member_signed_sumw	True	True	False	False	False	False
235	235_ff6fd211ccb7dd73	background	486	tttt	unified_background_5m_waveb_priority_scale400k_20260721_v1	bundle:/store/user/iturkmen/hh4b_delphes/run2_13tev/frozen_v2/bundles/unified_background_5m_waveb_priority_scale400k_20260721_v1/tttt_run2_frozen_v2_waveb_scale400k_shard2201_10000evt_bundle.tar.gz	train	10000	2016	10000	10000	91.853411868214607	0.84370492718318679	0.0091853411868214607	0.0091853411868214607	0	0	10000	True	False	9faff1e530c15eff5fffaf9e8d8018fa98b28f4bc7d022f054aea09af8ce7f87	a1a871667c52ebfaed87cfc5d716a675009479840d103710b4d4a848673b3814	False	False	False	Event/Event.Weight	frozen_exact_full_member_signed_sumw	True	True	False	False	False	False
236	236_7e8bfc555bc7a340	background	488	tttt	unified_background_5m_waveb_priority_scale400k_20260721_v1	bundle:/store/user/iturkmen/hh4b_delphes/run2_13tev/frozen_v2/bundles/unified_background_5m_waveb_priority_scale400k_20260721_v1/tttt_run2_frozen_v2_waveb_scale400k_shard2207_10000evt_bundle.tar.gz	train	10000	1934	10000	10000	91.619361191987991	0.83941073452279547	0.0091619361191987991	0.0091619361191987991	0	0	10000	True	False	b0e2b5ef811526261908aa210b01bf16d340e1d8481b52e6180035f3afa05803	9364243499e3b16c4e73c3c6f73b813b901154040377745cf40c3831c04affc4	False	False	False	Event/Event.Weight	frozen_exact_full_member_signed_sumw	True	True	False	False	False	False
237	237_a661c731407e3a0c	background	489	ttz_zbb	unified_background_5m_waveb_priority_scale400k_20260721_v1	bundle:/store/user/iturkmen/hh4b_delphes/run2_13tev/frozen_v2/bundles/unified_background_5m_waveb_priority_scale400k_20260721_v1/ttz_zbb_run2_frozen_v2_waveb_scale400k_shard2103_10000evt_bundle.tar.gz	train	10000	1072	10000	10000	850.83402693271637	72.391854138654239	0.085083402693271637	0.085083402693271637	0	0	10000	True	False	1b1218e86e8acfa6e405a04e8980cdbb71535555f09cccd4d66ada12958f5885	df8d2afb5aee582bcb995ece206e4ff5b693e856a5c87e07ad36fd6bca528cc8	False	False	False	Event/Event.Weight	frozen_exact_full_member_signed_sumw	True	True	False	False	False	False
238	238_5328bbad6ff2c5ca	background	490	ttz_zbb	unified_background_5m_waveb_priority_scale400k_20260721_v1	bundle:/store/user/iturkmen/hh4b_delphes/run2_13tev/frozen_v2/bundles/unified_background_5m_waveb_priority_scale400k_20260721_v1/ttz_zbb_run2_frozen_v2_waveb_scale400k_shard2106_10000evt_bundle.tar.gz	train	10000	1019	10000	10000	847.58900105953217	71.840711471709568	0.084758900105953217	0.084758900105953217	0	0	10000	True	False	91d14e61da97bfe66538af7dae55027dbb3ff6cd8e9aeab6f2ccd0077d5a9d87	aea99f16c4a3e09304bbe65fffe04826c3e65ad3770b668f60a4e2f961cf87f1	False	False	False	Event/Event.Weight	frozen_exact_full_member_signed_sumw	True	True	False	False	False	False
239	239_719e8b9f2358c409	background	491	ttz_zbb	unified_background_5m_waveb_priority_scale400k_20260721_v1	bundle:/store/user/iturkmen/hh4b_delphes/run2_13tev/frozen_v2/bundles/unified_background_5m_waveb_priority_scale400k_20260721_v1/ttz_zbb_run2_frozen_v2_waveb_scale400k_shard2107_10000evt_bundle.tar.gz	train	10000	1078	10000	10000	850.35696625709534	72.310697006197074	0.085035696625709534	0.085035696625709534	0	0	10000	True	False	24e4d3c160286c5a6a1de5b781188a4581abd594f3ec655d292eebbc24f06a87	1062cc0c915c133ed87d63b68fde53dadfdc5830ec2d8d0ef8e5885c69abcd86	False	False	False	Event/Event.Weight	frozen_exact_full_member_signed_sumw	True	True	False	False	False	False
240	240_f7761917d7f2b075	background	493	vbf_hbb	unified_background_5m_waveb_priority_scale400k_20260721_v1	bundle:/store/user/iturkmen/hh4b_delphes/run2_13tev/frozen_v2/bundles/unified_background_5m_waveb_priority_scale400k_20260721_v1/vbf_hbb_run2_frozen_v2_waveb_scale400k_shard2302_10000evt_bundle.tar.gz	train	10000	7	10000	10000	27916.624546051025	77933.792604517861	2.7916624546051025	2.7916624546051025	0	0	10000	True	False	7fbaca008f54929b377ececb96c0d4c6b80032e0ed4052a79e7255c25dff50fa	aafbc8aed85457518ba97f507f86879117997d4954246d336498b35005a3f228	False	False	False	Event/Event.Weight	frozen_exact_full_member_signed_sumw	True	True	False	False	False	False
241	241_99db975bc72a729b	background	495	vbf_hbb	unified_background_5m_waveb_priority_scale400k_20260721_v1	bundle:/store/user/iturkmen/hh4b_delphes/run2_13tev/frozen_v2/bundles/unified_background_5m_waveb_priority_scale400k_20260721_v1/vbf_hbb_run2_frozen_v2_waveb_scale400k_shard2305_10000evt_bundle.tar.gz	train	10000	8	10000	10000	27993.650436401367	78364.446475543446	2.7993650436401367	2.7993650436401367	0	0	10000	True	False	7f01cab9978516aeff85324b3ca5713bfa9076657f726991766652691625dea1	ecfa25f7a0c4ecab7dc31ba5a2cfa0591bd0de0461de9f03b8e66a1dbcd0b8c0	False	False	False	Event/Event.Weight	frozen_exact_full_member_signed_sumw	True	True	False	False	False	False
242	242_a02c8ddb52402084	background	496	vbf_hbb	unified_background_5m_waveb_priority_scale400k_20260721_v1	bundle:/store/user/iturkmen/hh4b_delphes/run2_13tev/frozen_v2/bundles/unified_background_5m_waveb_priority_scale400k_20260721_v1/vbf_hbb_run2_frozen_v2_waveb_scale400k_shard2306_10000evt_bundle.tar.gz	train	10000	5	10000	10000	27971.022129058838	78237.80789442992	2.7971022129058838	2.7971022129058838	0	0	10000	True	False	fffbfa841660792f6bd8c5476fe4e6611b15f27a230d0506233f2cda31b7ee3a	6752ec66e16ce35764634ea4e15e27ad6ce746d96e62735de1e35fc7d56e1c06	False	False	False	Event/Event.Weight	frozen_exact_full_member_signed_sumw	True	True	False	False	False	False
243	243_317ba892b8791887	background	498	ttw	unified_background_5m_wavec1_pilot40k_20260721_v1	bundle:/store/user/iturkmen/hh4b_delphes/run2_13tev/frozen_v2/bundles/unified_background_5m_wavec1_pilot40k_20260721_v1/ttw_run2_frozen_v2_wavec1_pilot_shard3202_10kevt_bundle.tar.gz	train	10000	48	10000	10000	3535.7201099395752	1250.1316695831122	0.35357201099395752	0.35357201099395752	0	0	10000	True	False	e9e63c3f3480b582e9f31c393e3926d9a7e32e6f79dba3d97bece0280465bad2	8a4d68dded97bf53675a6138abd31739cef6c623a4b579d31a64b58d323d964c	False	False	False	Event/Event.Weight	frozen_exact_full_member_signed_sumw	True	True	False	False	False	False
244	244_e1c93f3462732413	background	500	ttw	unified_background_5m_wavec1_scaleout180k_20260721_v2	bundle:/store/user/iturkmen/hh4b_delphes/run2_13tev/frozen_v2/bundles/unified_background_5m_wavec1_scaleout180k_20260721_v2/ttw_run2_frozen_v2_wavec1_scaleout_shard3402_10kevt_bundle.tar.gz	train	10000	55	10000	10000	3543.0800914764404	1255.3416534616701	0.35430800914764404	0.35430800914764404	0	0	10000	True	False	698ebc23f968aec7f36082e642bed33dbbeb48880f2e766765b7c70ca145828a	eb517b30eb62e4c6250f57777e7dad352661f230568c9191d594a0293fcfd39c	False	False	False	Event/Event.Weight	frozen_exact_full_member_signed_sumw	True	True	False	False	False	False
245	245_7d4313a7d482874c	background	501	ttw	unified_background_5m_wavec1_scaleout180k_20260721_v2	bundle:/store/user/iturkmen/hh4b_delphes/run2_13tev/frozen_v2/bundles/unified_background_5m_wavec1_scaleout180k_20260721_v2/ttw_run2_frozen_v2_wavec1_scaleout_shard3403_10kevt_bundle.tar.gz	train	10000	70	10000	10000	3529.7501087188721	1245.9135830000889	0.35297501087188721	0.35297501087188721	0	0	10000	True	False	38d23181dd9c1f1a4d4a78c3709920b3703d015ca38b941681b543171b44dbd2	59b06c189e7063e8e1b11269e742b6fd4fbffab9e6937c06151f646654d654d1	False	False	False	Event/Event.Weight	frozen_exact_full_member_signed_sumw	True	True	False	False	False	False
246	246_9484cb540858a8cd	background	502	ttw	unified_background_5m_wavec1_scaleout180k_20260721_v2	bundle:/store/user/iturkmen/hh4b_delphes/run2_13tev/frozen_v2/bundles/unified_background_5m_wavec1_scaleout180k_20260721_v2/ttw_run2_frozen_v2_wavec1_scaleout_shard3404_10kevt_bundle.tar.gz	train	10000	59	10000	10000	3516.7199373245239	1236.7319117575803	0.35167199373245239	0.35167199373245239	0	0	10000	True	False	42f0ec50364a831d4b97f3826fb873bc640a91d8b20474395c92f487c80264e4	5f020a36040be427288dc414c65c7a953ef7ff40f602efb7ed9bcbd70fffff4f	False	False	False	Event/Event.Weight	frozen_exact_full_member_signed_sumw	True	True	False	False	False	False
247	247_65aa6c665cd50847	background	505	wh_hbb	unified_background_5m_wavec1_scaleout180k_20260721_v2	bundle:/store/user/iturkmen/hh4b_delphes/run2_13tev/frozen_v2/bundles/unified_background_5m_wavec1_scaleout180k_20260721_v2/wh_hbb_run2_frozen_v2_wavec1_scaleout_shard3301_10kevt_bundle.tar.gz	train	10000	7	10000	10000	9147.4002599716187	8367.4931516128836	0.91474002599716187	0.91474002599716187	0	0	10000	True	False	dfb754f753e6f9115fa20824d1ec2c5a7f8166941353e5fb8c5cbfd2beb87614	112c6bfcf3fdad0ea7312fb453b28825e72ac0c4ab763ea4b3f808fdc4da03ae	False	False	False	Event/Event.Weight	frozen_exact_full_member_signed_sumw	True	True	False	False	False	False
248	248_9e63f1068d48e08a	background	506	wh_hbb	unified_background_5m_wavec1_scaleout180k_20260721_v2	bundle:/store/user/iturkmen/hh4b_delphes/run2_13tev/frozen_v2/bundles/unified_background_5m_wavec1_scaleout180k_20260721_v2/wh_hbb_run2_frozen_v2_wavec1_scaleout_shard3302_10kevt_bundle.tar.gz	train	10000	9	10000	10000	9128.0001401901245	8332.0386559310937	0.91280001401901245	0.91280001401901245	0	0	10000	True	False	55d95afe381e1b9b1738e72fbc70de70fd4252a36871644a60b2056a20c51aed	21eefaa5f70c5e1530eb0e57a425ab273f2a4eff625971692707692808a12247	False	False	False	Event/Event.Weight	frozen_exact_full_member_signed_sumw	True	True	False	False	False	False
249	249_6ecf2cf4f993da0c	background	507	wh_hbb	unified_background_5m_wavec1_scaleout180k_20260721_v2	bundle:/store/user/iturkmen/hh4b_delphes/run2_13tev/frozen_v2/bundles/unified_background_5m_wavec1_scaleout180k_20260721_v2/wh_hbb_run2_frozen_v2_wavec1_scaleout_shard3303_10kevt_bundle.tar.gz	train	10000	9	10000	10000	9145.7998752593994	8364.5655358294844	0.91457998752593994	0.91457998752593994	0	0	10000	True	False	7852323d3c79793aa52efce762cf737f212ed69f5b4d3c57f81e04dfe4bdb239	2073c94e60ff245aeaa479392cd54583f3f522df33f816e02c2ef534ede776c3	False	False	False	Event/Event.Weight	frozen_exact_full_member_signed_sumw	True	True	False	False	False	False
250	250_4e2f252d183ef2c7	background	508	wh_hbb	unified_background_5m_wavec1_scaleout180k_20260721_v2	bundle:/store/user/iturkmen/hh4b_delphes/run2_13tev/frozen_v2/bundles/unified_background_5m_wavec1_scaleout180k_20260721_v2/wh_hbb_run2_frozen_v2_wavec1_scaleout_shard3304_10kevt_bundle.tar.gz	train	10000	3	10000	10000	9131.3999891281128	8338.2465761448893	0.91313999891281128	0.91313999891281128	0	0	10000	True	False	54bac1b13f5d4b5353a2430a882b305768e70f6b140da009c1240ae06b2a4f62	2f72bab6b8d1eb6386d5d90e0ba9c2be9d40ad4cdd7e0e93a97d8cd3b9326588	False	False	False	Event/Event.Weight	frozen_exact_full_member_signed_sumw	True	True	False	False	False	False
251	251_f41ae18754bd82bb	background	510	ww	unified_background_5m_wavec1_scaleout180k_20260721_v2	bundle:/store/user/iturkmen/hh4b_delphes/run2_13tev/frozen_v2/bundles/unified_background_5m_wavec1_scaleout180k_20260721_v2/ww_run2_frozen_v2_wavec1_scaleout_shard3601_10kevt_bundle.tar.gz	train	10000	0	10000	10000	647490.99731445312	41924459.160326511	64.749099731445312	64.749099731445312	0	0	10000	True	False	2e1945cfec98a97e6b01ab8af5441a036b6678725689b6278fa7c770980d3ffb	80ea7c080c13401877233617d02c5671fe2c147b575053ba7de516530400df34	False	False	False	Event/Event.Weight	frozen_exact_full_member_signed_sumw	True	True	False	False	False	False
252	252_958a3ddc2843730c	background	512	ww	unified_background_5m_wavec1_scaleout180k_20260721_v2	bundle:/store/user/iturkmen/hh4b_delphes/run2_13tev/frozen_v2/bundles/unified_background_5m_wavec1_scaleout180k_20260721_v2/ww_run2_frozen_v2_wavec1_scaleout_shard3603_10kevt_bundle.tar.gz	train	10000	0	10000	10000	646583.02307128906	41806960.572400711	64.658302307128906	64.658302307128906	0	0	10000	True	False	1967f7dca7ada319f3b8dd5927236498ff659df5653432fe75037f98b3bae043	12dabccec353c37f36ec58cf423f7476eb9557525b0642e40ba0c1e4a226f3b3	False	False	False	Event/Event.Weight	frozen_exact_full_member_signed_sumw	True	True	False	False	False	False
253	253_dc88bd4ab4c6210e	background	514	wz_zbb	unified_background_5m_wavec1_pilot40k_20260721_v1	bundle:/store/user/iturkmen/hh4b_delphes/run2_13tev/frozen_v2/bundles/unified_background_5m_wavec1_pilot40k_20260721_v1/wz_zbb_run2_frozen_v2_wavec1_pilot_shard3203_10kevt_bundle.tar.gz	train	10000	2	10000	10000	35566.10107421875	126494.75456215441	3.556610107421875	3.556610107421875	0	0	10000	True	False	fdb790505a6191b395f46051b09bd2207fc6904b13667f43ea5562d2284be8fd	9ce43faee1655b807c12c17f49e4b6e05158ba753fb964db6665fb2a8170790f	False	False	False	Event/Event.Weight	frozen_exact_full_member_signed_sumw	True	True	False	False	False	False
254	254_736067af0d8a145a	background	515	wz_zbb	unified_background_5m_wavec1_scaleout180k_20260721_v2	bundle:/store/user/iturkmen/hh4b_delphes/run2_13tev/frozen_v2/bundles/unified_background_5m_wavec1_scaleout180k_20260721_v2/wz_zbb_run2_frozen_v2_wavec1_scaleout_shard3501_10kevt_bundle.tar.gz	train	10000	2	10000	10000	35620.501041412354	126882.00944412586	3.5620501041412354	3.5620501041412354	0	0	10000	True	False	b6bfc71bfe1444c7c8048e2bedbb23dace59f56af2d074c55f2afa6e65d7e3e3	b434bbebaf6f7f1e097dfd374b0cf3be252d4e66f9c478edc791bc63473a13e2	False	False	False	Event/Event.Weight	frozen_exact_full_member_signed_sumw	True	True	False	False	False	False
255	255_18f90d828c1fa259	background	516	wz_zbb	unified_background_5m_wavec1_scaleout180k_20260721_v2	bundle:/store/user/iturkmen/hh4b_delphes/run2_13tev/frozen_v2/bundles/unified_background_5m_wavec1_scaleout180k_20260721_v2/wz_zbb_run2_frozen_v2_wavec1_scaleout_shard3502_10kevt_bundle.tar.gz	train	10000	1	10000	10000	35688.09986114502	127364.04716990591	3.568809986114502	3.568809986114502	0	0	10000	True	False	7385ecd5a8b8f74eb6746883397691d57f28fcfb182c9241b252a127be3b007b	ee34bbe0ef867d3f46a450867bd760a8c3dbaa78bb1b241ee241c9000363c3c2	False	False	False	Event/Event.Weight	frozen_exact_full_member_signed_sumw	True	True	False	False	False	False
256	256_c4b5f6ae13adf748	background	517	wz_zbb	unified_background_5m_wavec1_scaleout180k_20260721_v2	bundle:/store/user/iturkmen/hh4b_delphes/run2_13tev/frozen_v2/bundles/unified_background_5m_wavec1_scaleout180k_20260721_v2/wz_zbb_run2_frozen_v2_wavec1_scaleout_shard3503_10kevt_bundle.tar.gz	train	10000	2	10000	10000	35703.299045562744	127472.55627368815	3.5703299045562744	3.5703299045562744	0	0	10000	True	False	87b1d14e46a0d7dbe7b58a60b2d108d091a7667cc9a7e065782298d0e533af05	83118f33a58e558802c73a13f69d650924d29aac0d5687b976bb67558904bfa2	False	False	False	Event/Event.Weight	frozen_exact_full_member_signed_sumw	True	True	False	False	False	False
257	257_2c0c6d87e94a08f1	background	4	bbh_hbb_4fs	bbh_hbb_4fs_pilot10k_20260722_v1	bundle:/store/user/iturkmen/hh4b_delphes/run2_13tev/frozen_v2/bundles/bbh_hbb_4fs_pilot10k_20260722_v1/bbh_hbb_4fs_run2_frozen_v2_pilot_shard9602_10k_bundle.tar.gz	validation	10000	344	10000	10000	287.09711506962776	8.2424753481303092	0.028709711506962776	0.028709711506962776	0	0	10000	True	False	3e711be5b513020c2c20d88b9130e4a68b6dffe4ebdde6b0d3aa37ba0e6fd44b	2bc7ee2b19d67903f2e7bd45242d8caf1984f5e8b644e12cc7b011bfa8245927	False	False	False	Event/Event.Weight	frozen_exact_full_member_signed_sumw	True	True	False	False	False	False
258	258_fcf60732e2b2317b	background	13	ggh_hbb	ggh_hbb_pilot10k_20260722_v1	bundle:/store/user/iturkmen/hh4b_delphes/run2_13tev/frozen_v2/bundles/ggh_hbb_pilot10k_20260722_v1/ggh_hbb_run2_frozen_v2_pilot_shard9601_10k_bundle.tar.gz	validation	10000	3	10000	10000	128778.19061279297	1658382.2377504839	12.877819061279297	12.877819061279297	0	0	10000	True	False	3588dc4a9483dbb8b666850be38be207e2c9165e3a76c90665d5ff82e97a1b9c	e808569dc83e718cf8df8066b4f0c5c62ed6f76f184eadb43dcc83fbb86a3542	False	False	False	Event/Event.Weight	frozen_exact_full_member_signed_sumw	True	True	False	False	False	False
259	259_5153d2b28544f438	signal	14	ggf_hh4b	ggf_hh4b_ml_ext20k_frozen_v2_20260716	ggf_shard_014	validation	1000	60	1000	1000	0.99014001898467541	0.00098037725719497338	0.00099014001898467541	0.00099014001898467541	0	0	1000	True	False	f00082c791ce55f5111fe0d89d9c008431bd68249f14d4845f740cd4a5acbe34	57d5ee2b305c076b95f574d61c681cc776ff10f0f73291cd7ba254468be0bf0d	False	False	False	Event/Event.Weight	frozen_exact_full_member_signed_sumw	True	True	False	False	False	False
260	260_c028f770c84d513a	signal	15	ggf_hh4b	ggf_hh4b_ml_ext20k_frozen_v2_20260716	ggf_shard_015	validation	1000	59	1000	1000	0.98878005519509315	0.00097768599755161147	0.00098878005519509315	0.00098878005519509315	0	0	1000	True	False	6f3ee3a8f4e214213284be4b1b122cd57f9e74dabaccd1769056ef91f2bcf3da	33e8a19b1805730820f6a5630df4e604072c534a19d28c8ffb82329156e2012c	False	False	False	Event/Event.Weight	frozen_exact_full_member_signed_sumw	True	True	False	False	False	False
261	261_4aafd4056b227c5f	signal	16	ggf_hh4b	ggf_hh4b_ml_ext20k_frozen_v2_20260716	ggf_shard_016	validation	1000	78	1000	1000	0.99075003527104855	0.00098158563238958394	0.00099075003527104855	0.00099075003527104855	0	0	1000	True	False	f6f60fa0314ad0e2d3858c341d4aadab5b9061c05f971a6ec1d6baf6924470e8	486fdf28eeddd19240a7a3f9717baac0ac40f2b2832e86c0c1f35179191db302	False	False	False	Event/Event.Weight	frozen_exact_full_member_signed_sumw	True	True	False	False	False	False
262	262_d10f5507396923cc	signal	86	ggf_hh4b	ggf_hh4b_ml_ext80k_frozen_v2_20260721_v1	ggf_shard_086	validation	1000	76	1000	1000	0.99362002220004797	0.00098728074851682371	0.00099362002220004797	0.00099362002220004797	0	0	1000	True	False	5c82672a690645a4217e487583bb4b39c8de9d01eaa4795f06b515e8e3f2be58	cb97c6a58a747c22c65a5d24571d052201509bf9d2b771bcd451cffa01b5f3fc	False	False	False	Event/Event.Weight	frozen_exact_full_member_signed_sumw	True	True	False	False	False	False
263	263_93352712260317a1	signal	87	ggf_hh4b	ggf_hh4b_ml_ext80k_frozen_v2_20260721_v1	ggf_shard_087	validation	1000	47	1000	1000	0.99038996268063784	0.0009808722781785551	0.00099038996268063784	0.00099038996268063784	0	0	1000	True	False	03bfa21638349ca0ba71e5440dba44bc8933522da6cdbe98e9b52e3d10d96e55	25b57e668b23000ffb3566390ca05566f06938146dde07cfca47d9081c5ff685	False	False	False	Event/Event.Weight	frozen_exact_full_member_signed_sumw	True	True	False	False	False	False
264	264_5016156039b0ba6e	signal	88	ggf_hh4b	ggf_hh4b_ml_ext80k_frozen_v2_20260721_v1	ggf_shard_088	validation	1000	46	1000	1000	0.99057995248585939	0.00098124864226688735	0.00099057995248585939	0.00099057995248585939	0	0	1000	True	False	9f50f201c9ea1b7297da64334eeb31752f394c595810354d31817ee876d53c02	ad0022900f32288c8c15c7cce2e1b781a1aca3eeaa27254269bb6dd5e62eaf0a	False	False	False	Event/Event.Weight	frozen_exact_full_member_signed_sumw	True	True	False	False	False	False
265	265_9820700e00995bc7	signal	89	ggf_hh4b	ggf_hh4b_ml_ext80k_frozen_v2_20260721_v1	ggf_shard_089	validation	1000	66	1000	1000	0.98941999021917582	0.00097895191704531386	0.00098941999021917582	0.00098941999021917582	0	0	1000	True	False	1932643a40e1eeb07d5862384627b22e46f7d3b55ff657561bfbb6b08e1c1949	25c04f5925c91d648a7e8d2ce4f0282e74cd60efcf72f8062cdd109dec8b2177	False	False	False	Event/Event.Weight	frozen_exact_full_member_signed_sumw	True	True	False	False	False	False
266	266_81bdc81a5f68d419	signal	90	ggf_hh4b	ggf_hh4b_ml_ext80k_frozen_v2_20260721_v1	ggf_shard_090	validation	1000	59	1000	1000	0.99609000608325005	0.00099219530021892911	0.00099609000608325005	0.00099609000608325005	0	0	1000	True	False	fce066a7fa10ecf43c59b666f1fb79c747357880200fed19ce6b2d13ed279139	cd0f7b0f0bb9744c5ba7e3df2e992e7067b458b8581e6ec71ccf29d5539911aa	False	False	False	Event/Event.Weight	frozen_exact_full_member_signed_sumw	True	True	False	False	False	False
267	267_176583ca06c24c55	signal	91	ggf_hh4b	ggf_hh4b_ml_ext80k_frozen_v2_20260721_v1	ggf_shard_091	validation	1000	59	1000	1000	0.99375005811452866	0.00098753917800262908	0.00099375005811452866	0.00099375005811452866	0	0	1000	True	False	ce533480fe51b1c53fdfce197d486d2599599554c38d633f838ba6c0f52ac296	a5e104390486c7c11b2b6ca540c107d76c37a9891100743aa727508865e2cad0	False	False	False	Event/Event.Weight	frozen_exact_full_member_signed_sumw	True	True	False	False	False	False
268	268_eb93b9f1e9420012	signal	92	ggf_hh4b	ggf_hh4b_ml_ext80k_frozen_v2_20260721_v1	ggf_shard_092	validation	1000	61	1000	1000	0.99440000485628843	0.00098883136965818635	0.00099440000485628843	0.00099440000485628843	0	0	1000	True	False	2ed7839ff2c8462164b8a1694e0023aa01d967eb89992ea9a93eb7ace9c6a4ba	0f61fd6c422253fdd10a8d1616d4266a859b1838fa61aff367d125f5c3b81c64	False	False	False	Event/Event.Weight	frozen_exact_full_member_signed_sumw	True	True	False	False	False	False
269	269_0b94419f4e6ef307	signal	93	ggf_hh4b	ggf_hh4b_ml_ext80k_frozen_v2_20260721_v1	ggf_shard_093	validation	1000	61	1000	1000	0.99156994838267565	0.00098321096253562194	0.00099156994838267565	0.00099156994838267565	0	0	1000	True	False	dfa3c13ec77142f2c20c5d6042fa8a33722080938f6aa42940b96411db659e38	b9c02f20140bfc795e6a4e0af3fddce77e55781154bc7f3cb53a6c3ff7559fdc	False	False	False	Event/Event.Weight	frozen_exact_full_member_signed_sumw	True	True	False	False	False	False
270	270_731c90aa193a08dd	signal	94	ggf_hh4b	ggf_hh4b_ml_ext80k_frozen_v2_20260721_v1	ggf_shard_094	validation	1000	57	1000	1000	0.98785001318901777	0.00097584764855754259	0.00098785001318901777	0.00098785001318901777	0	0	1000	True	False	b9691744cbd709217d9d5969413e9473ba160f0e091b3ab2b43aea0e50bacf45	994ff081303f017dce44c9aac5270b0f6260bda7501ab9506d72f2d57c07c86d	False	False	False	Event/Event.Weight	frozen_exact_full_member_signed_sumw	True	True	False	False	False	False
271	271_57145181947d49b3	signal	95	ggf_hh4b	ggf_hh4b_ml_ext80k_frozen_v2_20260721_v1	ggf_shard_095	validation	1000	73	1000	1000	0.99348998628556728	0.00098702235284969667	0.00099348998628556728	0.00099348998628556728	0	0	1000	True	False	230f28ae904395d5296a2ca327f4454336c2ee8f4ef51636bd460fb4d022ef0f	3c58e324ceb255f9d025dc2fb0d0c7a476139bbdda650dd9388df9929848f2f7	False	False	False	Event/Event.Weight	frozen_exact_full_member_signed_sumw	True	True	False	False	False	False
272	272_c9c5eb6b4f517a58	signal	96	ggf_hh4b	ggf_hh4b_ml_ext80k_frozen_v2_20260721_v1	ggf_shard_096	validation	1000	63	1000	1000	0.99144002888351679	0.0009829533308725485	0.00099144002888351679	0.00099144002888351679	0	0	1000	True	False	16e3025e59ad0fe1264f49d2d3024f9691aed56b10079e006365389a3c9ead4e	f66f26710426185d1f9145672d0d87c5134421a8c7f1365e6daf02d450ea7f0f	False	False	False	Event/Event.Weight	frozen_exact_full_member_signed_sumw	True	True	False	False	False	False
273	273_48e27461ee98388c	signal	97	ggf_hh4b	ggf_hh4b_ml_ext80k_frozen_v2_20260721_v1	ggf_shard_097	validation	1000	62	1000	1000	0.99107995629310608	0.00098223947976594506	0.00099107995629310608	0.00099107995629310608	0	0	1000	True	False	57385778144bcfb61d887f1082fc960ba1212f7072d31683787ca5b08e8a629a	36d4fa80461834c2e6324c7d51ad88ff192e8bc63b05fa1e85cd40f9bed8d77f	False	False	False	Event/Event.Weight	frozen_exact_full_member_signed_sumw	True	True	False	False	False	False
274	274_2e22945843aeed17	signal	98	ggf_hh4b	ggf_hh4b_ml_ext80k_frozen_v2_20260721_v1	ggf_shard_098	validation	1000	57	1000	1000	0.99021999631077051	0.00098053564109370226	0.00099021999631077051	0.00099021999631077051	0	0	1000	True	False	9cf16d851c2636fa0774ba3805d84a496b65d679f2a76add4848bb214e96dcad	13a3c731edb6122087a929cc0f9eb1c2d2d7bb8f3d2e55ed28bae83fe903456a	False	False	False	Event/Event.Weight	frozen_exact_full_member_signed_sumw	True	True	False	False	False	False
275	275_67164499686adf96	signal	99	ggf_hh4b	ggf_hh4b_ml_ext80k_frozen_v2_20260721_v1	ggf_shard_099	validation	1000	61	1000	1000	0.99039997439831495	0.00098089210928818281	0.00099039997439831495	0.00099039997439831495	0	0	1000	True	False	f082c263a41b7717c6cd3ea3f229d192326f35d4a3c5b1f2e2e8b2410bebfeb0	9a57402349dfbf86c93422724948b14a0af0125919412a87e67e72d74ddfee2f	False	False	False	Event/Event.Weight	frozen_exact_full_member_signed_sumw	True	True	False	False	False	False
276	276_14321b472fb4ad7d	signal	100	vbf_hh4b	vbf_hh4b_sm_pilot10k_20260722_v1	vbf_hh4b_sm_run2_frozen_v2_pilot_shard9301_10k	validation	10000	581	10000	10000	14.25917143933475	0.020332397013633985	0.001425917143933475	0.001425917143933475	0	0	10000	True	False	64105567600535d4c8a136d9fd6b2a2fae31167e1e3ec50c7a5f1523645013ee	9da38514a61b7bc2e15f46aa47d3538b57afd9bb73747f2a38c5535c844ac346	False	False	False	Event/Event.Weight	frozen_exact_full_member_signed_sumw	True	True	False	False	False	False
277	277_f450c128e0f0afce	signal	109	vbf_hh4b	vbf_hh4b_sm_scaleout90k_20260722_v1	vbf_hh4b_sm_run2_frozen_v2_validation_shard9409_10k	validation	10000	620	10000	10000	14.249919913709164	0.020306021754712498	0.0014249919913709164	0.0014249919913709164	0	0	10000	True	False	f83fd15aa0e84ad91666b2e8f6ead51813f05b1e2779d31c9ab5f6d4968f2369	2219a831e40094803c3e51366692ceee2b89cc43681935ad9980017b85752f2f	False	False	False	Event/Event.Weight	frozen_exact_full_member_signed_sumw	True	True	False	False	False	False
278	278_055ca385bb3341e5	background	278	schannel_single_top	unified_background_5m_single_top_scaleout280k_20260722_v1	bundle:/store/user/iturkmen/hh4b_delphes/run2_13tev/frozen_v2/bundles/unified_background_5m_single_top_scaleout280k_20260722_v1/schannel_single_top_run2_frozen_v2_single_top_scaleout_shard4316_10kevt_bundle.tar.gz	validation	10000	9	10000	10000	69844.999313354492	487832.39290824893	6.9844999313354492	6.9844999313354492	0	0	10000	True	False	7befaf5fa2528ec656b2e1a54d686afcdfbb36c9814e1e85526dd6550771e5b3	d57c9e7163ee6c0a2a632c4454ca079078fc46143b6532d6d98623ddda56090a	False	False	False	Event/Event.Weight	frozen_exact_full_member_signed_sumw	True	True	False	False	False	False
279	279_872957e61efe9b9b	background	285	tchannel_antitop	unified_background_5m_single_top_scaleout280k_20260722_v1	bundle:/store/user/iturkmen/hh4b_delphes/run2_13tev/frozen_v2/bundles/unified_background_5m_single_top_scaleout280k_20260722_v1/tchannel_antitop_run2_frozen_v2_single_top_scaleout_shard4313_10kevt_bundle.tar.gz	validation	10000	4	10000	10000	580699.99694824219	33721248.645568848	58.069999694824219	58.069999694824219	0	0	10000	True	False	915cffd91c69b50f2ae0566b3cfbdcd02cd0bb9a77bc498d0005b2bec9d041d1	1347899095868c7a908f03306425cbe4307941570227da9a93d4dc7d9f5b8998	False	False	False	Event/Event.Weight	frozen_exact_full_member_signed_sumw	True	True	False	False	False	False
280	280_a78cf3607da6fd68	background	286	tchannel_antitop	unified_background_5m_single_top_scaleout280k_20260722_v1	bundle:/store/user/iturkmen/hh4b_delphes/run2_13tev/frozen_v2/bundles/unified_background_5m_single_top_scaleout280k_20260722_v1/tchannel_antitop_run2_frozen_v2_single_top_scaleout_shard4314_10kevt_bundle.tar.gz	validation	10000	8	10000	10000	580180.01556396484	33660885.045980252	58.018001556396484	58.018001556396484	0	0	10000	True	False	266dbd29fc47cb9d8ea5fe8f629952228d30833b6b4f0fc8b15a9865b55ae0fa	2ad3e217ff1303ba770cf72c17171f9ca4e41966892e52d177705bd6ca64149c	False	False	False	Event/Event.Weight	frozen_exact_full_member_signed_sumw	True	True	False	False	False	False
281	281_7f87432351cb3ae3	background	294	tchannel_top	unified_background_5m_single_top_scaleout280k_20260722_v1	bundle:/store/user/iturkmen/hh4b_delphes/run2_13tev/frozen_v2/bundles/unified_background_5m_single_top_scaleout280k_20260722_v1/tchannel_top_run2_frozen_v2_single_top_scaleout_shard4307_10kevt_bundle.tar.gz	validation	10000	3	10000	10000	1001880.0354003906	100376360.53338879	100.18800354003906	100.18800354003906	0	0	10000	True	False	1aa08a517d7dc8eeb5b50330287803832f3a9aefe8383938e49d0f302c665431	0cfaf83c99c9054b8454a3cf4e9bc05b2b2864446753df9480d9369a262056e0	False	False	False	Event/Event.Weight	frozen_exact_full_member_signed_sumw	True	True	False	False	False	False
282	282_d1129f8d9b3ed19b	background	300	tw_antitop	unified_background_5m_single_top_scaleout280k_20260722_v1	bundle:/store/user/iturkmen/hh4b_delphes/run2_13tev/frozen_v2/bundles/unified_background_5m_single_top_scaleout280k_20260722_v1/tw_antitop_run2_frozen_v2_single_top_scaleout_shard4327_10kevt_bundle.tar.gz	validation	10000	14	10000	10000	280204.29611206055	7851444.7559655309	28.020429611206055	28.020429611206055	0	0	10000	True	False	926272e901dba55386110418974b5ff2e45c7598d78ea32720c33ce80422af84	81d2820783f0bd6d582dbbc3fc83e2451caa897e9e82c13d6d4a8a8e9a152de8	False	False	False	Event/Event.Weight	frozen_exact_full_member_signed_sumw	True	True	False	False	False	False
283	283_fac214aeb3c4f184	background	301	tw_antitop	unified_background_5m_single_top_scaleout280k_20260722_v1	bundle:/store/user/iturkmen/hh4b_delphes/run2_13tev/frozen_v2/bundles/unified_background_5m_single_top_scaleout280k_20260722_v1/tw_antitop_run2_frozen_v2_single_top_scaleout_shard4328_10kevt_bundle.tar.gz	validation	10000	20	10000	10000	279816.79916381836	7829744.1094284663	27.981679916381836	27.981679916381836	0	0	10000	True	False	8f09bbd6d26826c500299b35bf9112c6d0520ced1e909eea08effa7d66ffa76b	e827ffca0f3e90e9b4b9aeeea84b39fcd346a1eb652231ea84a07cce5ccffd37	False	False	False	Event/Event.Weight	frozen_exact_full_member_signed_sumw	True	True	False	False	False	False
284	284_ecffeb539870a66c	background	308	tw_top	unified_background_5m_single_top_scaleout280k_20260722_v1	bundle:/store/user/iturkmen/hh4b_delphes/run2_13tev/frozen_v2/bundles/unified_background_5m_single_top_scaleout280k_20260722_v1/tw_top_run2_frozen_v2_single_top_scaleout_shard4322_10kevt_bundle.tar.gz	validation	10000	13	10000	10000	280298.69079589844	7856735.6061894679	28.029869079589844	28.029869079589844	0	0	10000	True	False	d66835f6b1d84002d510b52fc6dfe57b852bacf0129bdb32afbc02ca9d815e10	3c7197984f0ed486a0e0b54a65493b0414bc100c1c1a21f2120e0b527f938bb8	False	False	False	Event/Event.Weight	frozen_exact_full_member_signed_sumw	True	True	False	False	False	False
285	285_07a40802c90e3d39	background	323	zzz_zbb	final_background_triboson_zbb_pilot10k_20260722_v1	bundle:/store/user/iturkmen/hh4b_delphes/run2_13tev/frozen_v2/bundles/final_background_triboson_zbb_pilot10k_20260722_v1/zzz_zbb_run2_frozen_v2_pilot_validation_shard9603_1500_bundle.tar.gz	validation	1500	15	1500	1500	15.810139574110508	0.16753265840337281	-0.010568275116384029	0.010568275116384029	2	0	1498	False	True	e93ec374582c137bf20a861db3f17906c724426a29ea33df6c82f02a8140f9eb	009645335e0b04798ef5a3ba57c14352a6beb744582e0682a084e548122c752e	False	False	False	Event/Event.Weight	frozen_exact_full_member_signed_sumw	True	True	False	False	False	False
286	286_d576f096dc7aa2c0	background	363	qcd_bbbb_general	unified_background_5m_wavea_proven111_20260720_v1	bundle:/store/user/iturkmen/hh4b_delphes/run2_13tev/frozen_v2/bundles/unified_background_5m_wavea_proven111_20260720_v1/qcd_bbbb_general_run2_frozen_v2_unified5m_wavea_shard014_10k_bundle.tar.gz	validation	10000	378	10000	10000	3468927.9174804688	1203346089.6675382	346.89279174804688	346.89279174804688	0	0	10000	True	False	76ae9b0aa1f8999e9e39e6a7eb1025eacfabc52e3e80c18ac4039f56e5cceedf	b567e749cf2a805e83419ab1a09fc4bbbbe778f065773decd2a81bc34798ab15	False	False	False	Event/Event.Weight	frozen_exact_full_member_signed_sumw	True	True	False	False	False	False
287	287_a02b84a948c8918b	background	364	qcd_bbbb_general	unified_background_5m_wavea_proven111_20260720_v1	bundle:/store/user/iturkmen/hh4b_delphes/run2_13tev/frozen_v2/bundles/unified_background_5m_wavea_proven111_20260720_v1/qcd_bbbb_general_run2_frozen_v2_unified5m_wavea_shard004_10k_bundle.tar.gz	validation	10000	360	10000	10000	3477522.8881835938	1209316543.7840765	347.75228881835938	347.75228881835938	0	0	10000	True	False	e127ad560c091ed0f94c3dc919d6cebf2e779e7741482430ef23f27041fef58d	714b173dcc38a34d98e776a2f5296bcedd0521e029141f400f01a64cf74ababc	False	False	False	Event/Event.Weight	frozen_exact_full_member_signed_sumw	True	True	False	False	False	False
288	288_e6bc525802fca6ba	background	365	qcd_bbbb_general	unified_background_5m_wavea_proven111_20260720_v1	bundle:/store/user/iturkmen/hh4b_delphes/run2_13tev/frozen_v2/bundles/unified_background_5m_wavea_proven111_20260720_v1/qcd_bbbb_general_run2_frozen_v2_unified5m_wavea_shard009_10k_bundle.tar.gz	validation	10000	366	10000	10000	3457385.5590820312	1195351490.414897	345.73855590820312	345.73855590820312	0	0	10000	True	False	224888bca2d95bc2f41b4cd0ed1d9a5a2cc92d4d86c872ecdcaba6e96bfd8c4f	42a3f3308ac6e8f0b4f1e02074b36b69e91fcabbdb74150d378d7e276e6f053d	False	False	False	Event/Event.Weight	frozen_exact_full_member_signed_sumw	True	True	False	False	False	False
289	289_343461470a2268d1	background	378	qcd_bbbb_iht400to600	unified_background_5m_wavea_proven111_20260720_v1	bundle:/store/user/iturkmen/hh4b_delphes/run2_13tev/frozen_v2/bundles/unified_background_5m_wavea_proven111_20260720_v1/qcd_bbbb_iht400to600_run2_frozen_v2_unified5m_wavea_shard014_10k_bundle.tar.gz	validation	10000	1522	10000	10000	97366.523742675781	948023.99457330466	9.7366523742675781	9.7366523742675781	0	0	10000	True	False	106a1da65a4bbf4cd48b35a88b0154af060fc54e273a930fbe72d5a68e3e1a24	dbbfc4875666c0746da672b6d2fde212d7d8ef70304c37089ef5e034ce4e9d90	False	False	False	Event/Event.Weight	frozen_exact_full_member_signed_sumw	True	True	False	False	False	False
290	290_246b7d81c8dd8405	background	380	qcd_bbbb_iht400to600	unified_background_5m_wavea_proven111_20260720_v1	bundle:/store/user/iturkmen/hh4b_delphes/run2_13tev/frozen_v2/bundles/unified_background_5m_wavea_proven111_20260720_v1/qcd_bbbb_iht400to600_run2_frozen_v2_unified5m_wavea_shard009_10k_bundle.tar.gz	validation	10000	1527	10000	10000	97647.953033447266	953512.27316223225	9.7647953033447266	9.7647953033447266	0	0	10000	True	False	bd5792e8013a121e91c3c5eb3ee597530d3d8e84d7133c07dc5e7785d90b70b2	97ac35463146abe6a10bb38d529183b6ccf31c76679a24bc3ffb2ed42aa65ebb	False	False	False	Event/Event.Weight	frozen_exact_full_member_signed_sumw	True	True	False	False	False	False
291	291_347e55543450dcb2	background	441	ttbar_inclusive	unified_background_5m_wavea_proven111_20260720_v1	bundle:/store/user/iturkmen/hh4b_delphes/run2_13tev/frozen_v2/bundles/unified_background_5m_wavea_proven111_20260720_v1/ttbar_inclusive_run2_frozen_v2_unified5m_wavea_shard014_10k_bundle.tar.gz	validation	10000	21	10000	10000	5123752.44140625	2625283908.0816507	512.375244140625	512.375244140625	0	0	10000	True	False	153fb6e61a78d6ee026a60a5b510024b144b5a0548369e56b8da98902c2832ff	d5425c41a0f40fbae75f4bedf2155099ea4d93c6f8d7910bf33177e0c8e866d9	False	False	False	Event/Event.Weight	frozen_exact_full_member_signed_sumw	True	True	False	False	False	False
292	292_1c49984222544485	background	442	ttbar_inclusive	unified_background_5m_wavea_proven111_20260720_v1	bundle:/store/user/iturkmen/hh4b_delphes/run2_13tev/frozen_v2/bundles/unified_background_5m_wavea_proven111_20260720_v1/ttbar_inclusive_run2_frozen_v2_unified5m_wavea_shard019_10k_bundle.tar.gz	validation	10000	34	10000	10000	5111343.6889648438	2612583430.6720738	511.13436889648438	511.13436889648438	0	0	10000	True	False	0cb588d209a9cd9b639901745e5af8684cdab06149bf06555f185c015de5f57e	1d7671801c94d7af04f0fa029ec89f9dd1e8f72ed46eac0987e07251144af26d	False	False	False	Event/Event.Weight	frozen_exact_full_member_signed_sumw	True	True	False	False	False	False
293	293_02cfff4dcb40acd5	background	443	ttbar_inclusive	unified_background_5m_wavea_proven111_20260720_v1	bundle:/store/user/iturkmen/hh4b_delphes/run2_13tev/frozen_v2/bundles/unified_background_5m_wavea_proven111_20260720_v1/ttbar_inclusive_run2_frozen_v2_unified5m_wavea_shard024_10k_bundle.tar.gz	validation	10000	22	10000	10000	5116002.8076171875	2617348472.7546945	511.60028076171875	511.60028076171875	0	0	10000	True	False	8dafaf48e7ae2f72156db0187028ae367c3cbe22bda9846d6c36a4879c2557f3	fdd0d64b0d84b77f00d259cff230569055279faf5b2a07ef6d05b41e41131741	False	False	False	Event/Event.Weight	frozen_exact_full_member_signed_sumw	True	True	False	False	False	False
294	294_6e96c3b86d74ea48	background	444	ttbar_inclusive	unified_background_5m_wavea_proven111_20260720_v1	bundle:/store/user/iturkmen/hh4b_delphes/run2_13tev/frozen_v2/bundles/unified_background_5m_wavea_proven111_20260720_v1/ttbar_inclusive_run2_frozen_v2_unified5m_wavea_shard029_10k_bundle.tar.gz	validation	10000	34	10000	10000	5116604.9194335938	2617964590.1572051	511.66049194335938	511.66049194335938	0	0	10000	True	False	be704a1ac7ee535235831b728f0105a37e3c259856db0fde95c3aad39c871ab9	e0780d9778acffa0201b6dc4fb8608ddd626bd76d13b6de2bb82ca7c7a3d514c	False	False	False	Event/Event.Weight	frozen_exact_full_member_signed_sumw	True	True	False	False	False	False
295	295_125904c53e627ee6	background	445	ttbar_inclusive	unified_background_5m_wavea_proven111_20260720_v1	bundle:/store/user/iturkmen/hh4b_delphes/run2_13tev/frozen_v2/bundles/unified_background_5m_wavea_proven111_20260720_v1/ttbar_inclusive_run2_frozen_v2_unified5m_wavea_shard034_10k_bundle.tar.gz	validation	10000	35	10000	10000	5123548.583984375	2625075009.2448292	512.3548583984375	512.3548583984375	0	0	10000	True	False	62c56254eb82fad6eadf7bcf5d41e185fb7c28791292c316d6a450ae274a751b	6bb8f11f5b1e4c95fff58fa11105ca77c04bf744e96da795fe4991734ff2973c	False	False	False	Event/Event.Weight	frozen_exact_full_member_signed_sumw	True	True	False	False	False	False
296	296_5da3440cc97cdf0f	background	446	ttbar_inclusive	unified_background_5m_wavea_proven111_20260720_v1	bundle:/store/user/iturkmen/hh4b_delphes/run2_13tev/frozen_v2/bundles/unified_background_5m_wavea_proven111_20260720_v1/ttbar_inclusive_run2_frozen_v2_unified5m_wavea_shard039_10k_bundle.tar.gz	validation	10000	31	10000	10000	5125249.0234375	2626817755.2247047	512.52490234375	512.52490234375	0	0	10000	True	False	1297c665934dec238d826fc1bee160e7c5d511314af9fabe62b39716fcbc77ae	b77c545534a132b83fc65c343dcfe9fa6b91829b3e44eff3bcef95216f3b6c26	False	False	False	Event/Event.Weight	frozen_exact_full_member_signed_sumw	True	True	False	False	False	False
297	297_5d540379d5cbc362	background	447	ttbar_inclusive	unified_background_5m_wavea_proven111_20260720_v1	bundle:/store/user/iturkmen/hh4b_delphes/run2_13tev/frozen_v2/bundles/unified_background_5m_wavea_proven111_20260720_v1/ttbar_inclusive_run2_frozen_v2_unified5m_wavea_shard004_10k_bundle.tar.gz	validation	10000	20	10000	10000	5117973.0224609375	2619364785.8637943	511.79730224609375	511.79730224609375	0	0	10000	True	False	5a31063fc92454dc563f52fea7b0beba6007c17c82ffc1a58959ad65b2ad506e	0e0d9ecb73c0a9d9c130216a8e57c3bcb2c2ac253ea58e355d95458dfa8e3a60	False	False	False	Event/Event.Weight	frozen_exact_full_member_signed_sumw	True	True	False	False	False	False
298	298_f06502e0147f18b2	background	448	ttbar_inclusive	unified_background_5m_wavea_proven111_20260720_v1	bundle:/store/user/iturkmen/hh4b_delphes/run2_13tev/frozen_v2/bundles/unified_background_5m_wavea_proven111_20260720_v1/ttbar_inclusive_run2_frozen_v2_unified5m_wavea_shard044_10k_bundle.tar.gz	validation	10000	42	10000	10000	5125834.3505859375	2627417778.9646759	512.58343505859375	512.58343505859375	0	0	10000	True	False	db624118584283f8d1bf39647d2875927bfcdd7a444e83a70cbb2c15622caf1e	9e8f16456cef335130e621f983e4b4fa204e3c3dfdbf58a74af9da9c3f5d87be	False	False	False	Event/Event.Weight	frozen_exact_full_member_signed_sumw	True	True	False	False	False	False
299	299_fd7e4cf2000b34e8	background	449	ttbar_inclusive	unified_background_5m_wavea_proven111_20260720_v1	bundle:/store/user/iturkmen/hh4b_delphes/run2_13tev/frozen_v2/bundles/unified_background_5m_wavea_proven111_20260720_v1/ttbar_inclusive_run2_frozen_v2_unified5m_wavea_shard049_10k_bundle.tar.gz	validation	10000	43	10000	10000	5121275.634765625	2622746412.7244053	512.1275634765625	512.1275634765625	0	0	10000	True	False	4388c30eaccec9c642e8417156d7f5e4c3829ad514cbdb36942764a309226c27	5ac8cf063cfa5cab6fb8c0e0998a612783e7f238eb424d4389d6fcd8953294e5	False	False	False	Event/Event.Weight	frozen_exact_full_member_signed_sumw	True	True	False	False	False	False
300	300_13c0c31faf4345ce	background	450	ttbar_inclusive	unified_background_5m_wavea_proven111_20260720_v1	bundle:/store/user/iturkmen/hh4b_delphes/run2_13tev/frozen_v2/bundles/unified_background_5m_wavea_proven111_20260720_v1/ttbar_inclusive_run2_frozen_v2_unified5m_wavea_shard054_10k_bundle.tar.gz	validation	10000	45	10000	10000	5111672.0581054688	2612919122.9616199	511.16720581054688	511.16720581054688	0	0	10000	True	False	38e06834a19e3e7c0c61b489099cbc721b5eb3f4cc7e1e76f217d3927b245b49	5193b1504f1ed9413e97336592a73a741dc5307f27c1a0f5f94c472135c4aa4f	False	False	False	Event/Event.Weight	frozen_exact_full_member_signed_sumw	True	True	False	False	False	False
301	301_b8d8f16e10469a0c	background	451	ttbar_inclusive	unified_background_5m_wavea_proven111_20260720_v1	bundle:/store/user/iturkmen/hh4b_delphes/run2_13tev/frozen_v2/bundles/unified_background_5m_wavea_proven111_20260720_v1/ttbar_inclusive_run2_frozen_v2_unified5m_wavea_shard059_10k_bundle.tar.gz	validation	10000	25	10000	10000	5132692.2607421875	2634452984.3482747	513.26922607421875	513.26922607421875	0	0	10000	True	False	a36ce937ca960671aaadcdb370dfcd3f126cd500ff51f799fa112c937cdd59ca	4e7991357df14f0fcf41414f2430877953a8abebf800e8829c764534105e1c97	False	False	False	Event/Event.Weight	frozen_exact_full_member_signed_sumw	True	True	False	False	False	False
302	302_790d435704153c89	background	452	ttbar_inclusive	unified_background_5m_wavea_proven111_20260720_v1	bundle:/store/user/iturkmen/hh4b_delphes/run2_13tev/frozen_v2/bundles/unified_background_5m_wavea_proven111_20260720_v1/ttbar_inclusive_run2_frozen_v2_unified5m_wavea_shard064_10k_bundle.tar.gz	validation	10000	34	10000	10000	5112933.0444335938	2614208431.6860976	511.29330444335938	511.29330444335938	0	0	10000	True	False	820783b79cfd2b8172e4cead18aaf76a4c34ff8c220c041358d61d8a29e49290	7f18b2908a894f957295baf303c849c80f3bd433b1c80e981de8cf845ab4fe89	False	False	False	Event/Event.Weight	frozen_exact_full_member_signed_sumw	True	True	False	False	False	False
303	303_f36a6fafe007d74f	background	453	ttbar_inclusive	unified_background_5m_wavea_proven111_20260720_v1	bundle:/store/user/iturkmen/hh4b_delphes/run2_13tev/frozen_v2/bundles/unified_background_5m_wavea_proven111_20260720_v1/ttbar_inclusive_run2_frozen_v2_unified5m_wavea_shard069_10k_bundle.tar.gz	validation	10000	32	10000	10000	5129206.54296875	2630875976.0433435	512.920654296875	512.920654296875	0	0	10000	True	False	e884d866ca93e9a026099f902f66776e2299d954761e5c99fda26b413624891a	a04aa32a9a9637fa3dddeff5188d706d2cabfb35fceb590927007146fc2c53ee	False	False	False	Event/Event.Weight	frozen_exact_full_member_signed_sumw	True	True	False	False	False	False
304	304_f016c25ccf263988	background	454	ttbar_inclusive	unified_background_5m_wavea_proven111_20260720_v1	bundle:/store/user/iturkmen/hh4b_delphes/run2_13tev/frozen_v2/bundles/unified_background_5m_wavea_proven111_20260720_v1/ttbar_inclusive_run2_frozen_v2_unified5m_wavea_shard074_10k_bundle.tar.gz	validation	10000	36	10000	10000	5115406.1889648438	2616738047.8099828	511.54061889648438	511.54061889648438	0	0	10000	True	False	05c6e63c677cfe4a3670e503693c28c8227ed13931341cd0ec03ac667d156564	4194610e6cfbf5cb6680500ef6be94a8e72ba1e3f74b55256ade06af4cabac76	False	False	False	Event/Event.Weight	frozen_exact_full_member_signed_sumw	True	True	False	False	False	False
305	305_7aff8b76747b9d75	background	455	ttbar_inclusive	unified_background_5m_wavea_proven111_20260720_v1	bundle:/store/user/iturkmen/hh4b_delphes/run2_13tev/frozen_v2/bundles/unified_background_5m_wavea_proven111_20260720_v1/ttbar_inclusive_run2_frozen_v2_unified5m_wavea_shard009_10k_bundle.tar.gz	validation	10000	38	10000	10000	5128034.66796875	2629673955.5889368	512.803466796875	512.803466796875	0	0	10000	True	False	74bc4852129f35d35805defc2f07aa81949dcfa129c6a7bdd45096d0c4e19fcc	dde8313b24cc244857f3025473d581c80ac0b1a46d821279da2608b061d61aa1	False	False	False	Event/Event.Weight	frozen_exact_full_member_signed_sumw	True	True	False	False	False	False
306	306_57fae291f4c34a96	background	476	zbbbb	unified_background_5m_wavea_proven111_20260720_v1	bundle:/store/user/iturkmen/hh4b_delphes/run2_13tev/frozen_v2/bundles/unified_background_5m_wavea_proven111_20260720_v1/zbbbb_run2_frozen_v2_unified5m_wavea_shard004_10k_bundle.tar.gz	validation	10000	297	10000	10000	69282.422065734863	480005.4007294625	6.9282422065734863	6.9282422065734863	0	0	10000	True	False	9fa94c72c2d94f0700be2729c3c396c50c7214095789153fd11528b71f628628	882474b303a32be0c315d651a23cde34a9e72dcc7c17a2d3c9b52378146b2309	False	False	False	Event/Event.Weight	frozen_exact_full_member_signed_sumw	True	True	False	False	False	False
307	307_bc5131fc8e7bb056	background	477	zbbbb	unified_background_5m_wavea_proven111_20260720_v1	bundle:/store/user/iturkmen/hh4b_delphes/run2_13tev/frozen_v2/bundles/unified_background_5m_wavea_proven111_20260720_v1/zbbbb_run2_frozen_v2_unified5m_wavea_shard009_10k_bundle.tar.gz	validation	10000	279	10000	10000	69053.668975830078	476840.91990235174	6.9053668975830078	6.9053668975830078	0	0	10000	True	False	cafd707a9dd922923d1aac0d83ea41e848cb10b7a32fe879ecd6635331fe3409	3822516218698809f07465175e9db6b2c3b1d95d0eaea07ec76f1b178acc23e5	False	False	False	Event/Event.Weight	frozen_exact_full_member_signed_sumw	True	True	False	False	False	False
308	308_6252c770e52f4447	background	478	zbbbb	unified_background_5m_wavea_zbbbb_remaining15_20260721_v1	bundle:/store/user/iturkmen/hh4b_delphes/run2_13tev/frozen_v2/bundles/unified_background_5m_wavea_zbbbb_remaining15_20260721_v1/zbbbb_run2_frozen_v2_unified5m_wavea_shard014_10k_bundle.tar.gz	validation	10000	274	10000	10000	69308.671951293945	480369.20076520799	6.9308671951293945	6.9308671951293945	0	0	10000	True	False	4f58f85d33e365d6d984a175e4a14fd76650f5241ef3473a0cd01ab8743aa930	25fad7ba87a437b6a4088a74375f8a278ad41a5aa88b71c0f4bbcd351d92f6eb	False	False	False	Event/Event.Weight	frozen_exact_full_member_signed_sumw	True	True	False	False	False	False
309	309_46c6ea16ef3760b1	background	479	zbbbb	unified_background_5m_wavea_zbbbb_remaining15_20260721_v1	bundle:/store/user/iturkmen/hh4b_delphes/run2_13tev/frozen_v2/bundles/unified_background_5m_wavea_zbbbb_remaining15_20260721_v1/zbbbb_run2_frozen_v2_unified5m_wavea_shard019_10k_bundle.tar.gz	validation	10000	284	10000	10000	69181.399345397949	478606.60153874278	6.9181399345397949	6.9181399345397949	0	0	10000	True	False	7756c59f55fdf28d8d1ce9c262386aff8ca825d44fc0541c7602933981e7c9db	f0a92bc5ea6d12d801eb461831d610e94611c0016fab9cfa88ece8ebbe0a5b96	False	False	False	Event/Event.Weight	frozen_exact_full_member_signed_sumw	True	True	False	False	False	False
310	310_845cceb8afe48d82	background	480	zbbbb	unified_background_5m_wavea_zbbbb_remaining15_20260721_v1	bundle:/store/user/iturkmen/hh4b_delphes/run2_13tev/frozen_v2/bundles/unified_background_5m_wavea_zbbbb_remaining15_20260721_v1/zbbbb_run2_frozen_v2_unified5m_wavea_shard024_10k_bundle.tar.gz	validation	10000	305	10000	10000	69247.469902038574	479521.20878337382	6.9247469902038574	6.9247469902038574	0	0	10000	True	False	801babfb4bce511a3d7ce30c3c60e3d52c91f300cfc6303ed982f00ab8dc2729	ff2198b3febfd96828e09ae29ec147d830dd144d530978c48b3afe96db77df7d	False	False	False	Event/Event.Weight	frozen_exact_full_member_signed_sumw	True	True	False	False	False	False
311	311_519a8994842113e2	background	484	tth_hbb	unified_background_5m_waveb_priority_scale400k_20260721_v1	bundle:/store/user/iturkmen/hh4b_delphes/run2_13tev/frozen_v2/bundles/unified_background_5m_waveb_priority_scale400k_20260721_v1/tth_hbb_run2_frozen_v2_waveb_scale400k_shard2010_10000evt_bundle.tar.gz	validation	10000	1204	10000	10000	3296.000063419342	1086.3616418060308	0.3296000063419342	0.3296000063419342	0	0	10000	True	False	9c81db5860ee8e64e09a39260743cfd817eaf636824a9f6a59ad52d5f489079b	4ace02326ba815674d34543ef35255cf188be4fce6e807f0acf6dd338e410709	False	False	False	Event/Event.Weight	frozen_exact_full_member_signed_sumw	True	True	False	False	False	False
312	312_353c3e38b1ebf90f	background	497	vbf_hbb	unified_background_5m_waveb_priority_pilots10k_20260721_v1	bundle:/store/user/iturkmen/hh4b_delphes/run2_13tev/frozen_v2/bundles/unified_background_5m_waveb_priority_pilots10k_20260721_v1/vbf_hbb_run2_frozen_v2_waveb_pilot_shard1004_10000evt_bundle.tar.gz	validation	10000	6	10000	10000	27932.138442993164	78020.435799853658	2.7932138442993164	2.7932138442993164	0	0	10000	True	False	4893813a919d0d380a4e6c9554439c65dcc7ca806353b8d10f896c3277eec65f	50feac5332373e829f8b144cc4fbda198830d4dc020e6aaacc266aab9d9a5302	False	False	False	Event/Event.Weight	frozen_exact_full_member_signed_sumw	True	True	False	False	False	False
313	313_3abfa92bfb0af1f1	background	503	ttw	unified_background_5m_wavec1_scaleout180k_20260721_v2	bundle:/store/user/iturkmen/hh4b_delphes/run2_13tev/frozen_v2/bundles/unified_background_5m_wavec1_scaleout180k_20260721_v2/ttw_run2_frozen_v2_wavec1_scaleout_shard3405_10kevt_bundle.tar.gz	validation	10000	51	10000	10000	3529.6100378036499	1245.8147018964282	0.35296100378036499	0.35296100378036499	0	0	10000	True	False	75a9f9cc810084b380454f97e7df75308c6256a4f24d8a9d4ef7c8ce8bdb4e21	c1dba886bdb8de1876094c659d53f35a6b578392e351a6b82b7a0b06e0eb3608	False	False	False	Event/Event.Weight	frozen_exact_full_member_signed_sumw	True	True	False	False	False	False
314	314_62697150f07651c7	background	509	wh_hbb	unified_background_5m_wavec1_scaleout180k_20260721_v2	bundle:/store/user/iturkmen/hh4b_delphes/run2_13tev/frozen_v2/bundles/unified_background_5m_wavec1_scaleout180k_20260721_v2/wh_hbb_run2_frozen_v2_wavec1_scaleout_shard3305_10kevt_bundle.tar.gz	validation	10000	5	10000	10000	9122.5999593734741	8322.183001876092	0.91225999593734741	0.91225999593734741	0	0	10000	True	False	7e29fb465306595d6277e2dd985a7a3c6ef374564f4c2781d99ff9553de27534	050343df9332185d2b28b99dc04484dfb88427ba57a9365c635536617526c8be	False	False	False	Event/Event.Weight	frozen_exact_full_member_signed_sumw	True	True	False	False	False	False
315	315_59c16ee0fd33e841	background	513	ww	unified_background_5m_wavec1_pilot40k_20260721_v1	bundle:/store/user/iturkmen/hh4b_delphes/run2_13tev/frozen_v2/bundles/unified_background_5m_wavec1_pilot40k_20260721_v1/ww_run2_frozen_v2_wavec1_pilot_shard3204_10kevt_bundle.tar.gz	validation	10000	0	10000	10000	646639.02282714844	41814202.584284939	64.663902282714844	64.663902282714844	0	0	10000	True	False	72735fa750c50b43578b0d566690c399b0c61354b86208802920c905eaafc2d8	5b8a76ff6f1f6298d1fcab14689c36aa173dea11f0a1a1814a14fb7477b79dc1	False	False	False	Event/Event.Weight	frozen_exact_full_member_signed_sumw	True	True	False	False	False	False
316	316_392043d41a3a5c7d	background	519	wz_zbb	unified_background_5m_wavec1_scaleout180k_20260721_v2	bundle:/store/user/iturkmen/hh4b_delphes/run2_13tev/frozen_v2/bundles/unified_background_5m_wavec1_scaleout180k_20260721_v2/wz_zbb_run2_frozen_v2_wavec1_scaleout_shard3505_10kevt_bundle.tar.gz	validation	10000	0	10000	10000	35708.699226379395	127511.12004400283	3.5708699226379395	3.5708699226379395	0	0	10000	True	False	c88fccec25a5e583b3c82aaa48a1d96db7ce118d8a1a64b169d079b16a67cbdb	56b4c54f5d1c725f8c3b97dbcc8b226708d5ee73e5c76c2b6d80026468b9bf4f	False	False	False	Event/Event.Weight	frozen_exact_full_member_signed_sumw	True	True	False	False	False	False
317	317_76739b2acaf29d42	background	3	bbh_hbb_4fs	bbh_hbb_4fs_scaleout40k_20260722_v1	bundle:/store/user/iturkmen/hh4b_delphes/run2_13tev/frozen_v2/bundles/bbh_hbb_4fs_scaleout40k_20260722_v1/bbh_hbb_4fs_run2_frozen_v2_train_shard9804_10k_bundle.tar.gz	test	10000	359	10000	10000	288.21783140301704	8.3069518338657957	0.028821783140301704	0.028821783140301704	0	0	10000	True	False	00cf68288f166567d3b237eb402f15e6b84deac9721b1a6fd31c4e2cb8e28dbb	d2517ce3f38e18109530c4dd68f37b51a389cf374648b23a8d31445349cf2e62	False	False	False	Event/Event.Weight	frozen_exact_full_member_signed_sumw	True	True	False	False	False	False
318	318_27c6908f4ecc53cf	background	14	ggh_hbb	ggh_hbb_scaleout90k_20260722_v1	bundle:/store/user/iturkmen/hh4b_delphes/run2_13tev/frozen_v2/bundles/ggh_hbb_scaleout90k_20260722_v1/ggh_hbb_run2_frozen_v2_validation_shard9709_10k_bundle.tar.gz	test	10000	2	10000	10000	128444.15664672852	1649790.1376689333	12.844415664672852	12.844415664672852	0	0	10000	True	False	79f62f439bcd84426f22ba5e6105a5dc5df5fd0766815eba7e4a1a8d673d0738	cd09e9b021a7cfe5205696daccc363441c869c4f8e3419a10d6b96dd853b7cd7	False	False	False	Event/Event.Weight	frozen_exact_full_member_signed_sumw	True	True	False	False	False	False
319	319_a9ce0fdc0d5d2a07	signal	17	ggf_hh4b	ggf_hh4b_ml_ext20k_frozen_v2_20260716	ggf_shard_017	test	1000	50	1000	1000	0.99299999419599771	0.00098604898847325139	0.00099299999419599771	0.00099299999419599771	0	0	1000	True	False	b5fb18385f07735e06f5bb23fb9860a3f30e49ba520ba96517124cc5afc48190	7093df159c03dbdfe6b05ed0f6eea08284d5741bc276aaa0c332b214f85751f9	False	False	False	Event/Event.Weight	frozen_exact_full_member_signed_sumw	True	True	False	False	False	False
320	320_c1374f30c7d2544e	signal	18	ggf_hh4b	ggf_hh4b_ml_ext20k_frozen_v2_20260716	ggf_shard_018	test	1000	63	1000	1000	0.99076994229108095	0.00098162507854747177	0.00099076994229108095	0.00099076994229108095	0	0	1000	True	False	55ec6b4799bf42072bad6c690f1e580a9566ecbfb5854fea0ce43dfc1b812930	4f87bffe01440fd538fef8c05c11af4534861399a97d17a7a50272c6f3c7ffda	False	False	False	Event/Event.Weight	frozen_exact_full_member_signed_sumw	True	True	False	False	False	False
321	321_0486387153d61f6a	signal	19	ggf_hh4b	ggf_hh4b_ml_ext20k_frozen_v2_20260716	ggf_shard_019	test	1000	61	1000	1000	0.98660995718091726	0.0009733992076085314	0.00098660995718091726	0.00098660995718091726	0	0	1000	True	False	b5e24ebda9ec7ad7d00a7e8df3cb27f7b94cc64fb65add49c7000486c17b850f	06566b871d88b4eceeafc3081eb91ed8461533e5524438a22e0e4653222e151a	False	False	False	Event/Event.Weight	frozen_exact_full_member_signed_sumw	True	True	False	False	False	False
322	322_fc8e5f108e2118c7	signal	102	vbf_hh4b	vbf_hh4b_sm_scaleout90k_20260722_v1	vbf_hh4b_sm_run2_frozen_v2_train_shard9402_10k	test	10000	638	10000	10000	14.261194737628102	0.020338167534455148	0.0014261194737628102	0.0014261194737628102	0	0	10000	True	False	d1a3656ce5fbc3cfd242a7af6782f1581bd3e076855ba8fbfdc2c4e79af83977	a7caaa0648df3264d7e9a760b2c9cc637d921ed86774b73f8ec3e186a9ab617f	False	False	False	Event/Event.Weight	frozen_exact_full_member_signed_sumw	True	True	False	False	False	False
323	323_4c009446b96c73f4	background	277	schannel_single_top	unified_background_5m_single_top_scaleout280k_20260722_v1	bundle:/store/user/iturkmen/hh4b_delphes/run2_13tev/frozen_v2/bundles/unified_background_5m_single_top_scaleout280k_20260722_v1/schannel_single_top_run2_frozen_v2_single_top_scaleout_shard4315_10kevt_bundle.tar.gz	test	10000	4	10000	10000	69969.000816345215	489566.10752377176	6.9969000816345215	6.9969000816345215	0	0	10000	True	False	7b51cda5476b0216ab419dfeacb4374c6835f1ee72b98125f193ffe1e75b2148	5b753c0b5fc7e850adc84e800708751359d53320a5ab20bd9e2e9d02dacecf3e	False	False	False	Event/Event.Weight	frozen_exact_full_member_signed_sumw	True	True	False	False	False	False
324	324_2279d69b84b63309	background	281	tchannel_antitop	unified_background_5m_single_top_scaleout280k_20260722_v1	bundle:/store/user/iturkmen/hh4b_delphes/run2_13tev/frozen_v2/bundles/unified_background_5m_single_top_scaleout280k_20260722_v1/tchannel_antitop_run2_frozen_v2_single_top_scaleout_shard4309_10kevt_bundle.tar.gz	test	10000	4	10000	10000	581860.00823974609	33856106.918875739	58.186000823974609	58.186000823974609	0	0	10000	True	False	bc94167e6462b1ff207b8d7afb33cb8a45845d52599b5317dfa3098c7a361bcc	e2fd9f4f18209c7c17ffbfdb00a889c94916eac43585942f97ebc1158ef7bfd8	False	False	False	Event/Event.Weight	frozen_exact_full_member_signed_sumw	True	True	False	False	False	False
325	325_fc18aa925e5843dd	background	293	tchannel_top	unified_background_5m_single_top_scaleout280k_20260722_v1	bundle:/store/user/iturkmen/hh4b_delphes/run2_13tev/frozen_v2/bundles/unified_background_5m_single_top_scaleout280k_20260722_v1/tchannel_top_run2_frozen_v2_single_top_scaleout_shard4306_10kevt_bundle.tar.gz	test	10000	2	10000	10000	1003570.0225830078	100715279.02272588	100.35700225830078	100.35700225830078	0	0	10000	True	False	00ea347b50b672287397b0e58a738410cc4836226fb1d61debf42d4dbb9a061c	8b38c684bf3eddb2fc32dcd0328c29a22ff0e136b864b9ff22e76a196f450575	False	False	False	Event/Event.Weight	frozen_exact_full_member_signed_sumw	True	True	False	False	False	False
326	326_fa28143d70f4f1df	background	299	tw_antitop	unified_background_5m_single_top_scaleout280k_20260722_v1	bundle:/store/user/iturkmen/hh4b_delphes/run2_13tev/frozen_v2/bundles/unified_background_5m_single_top_scaleout280k_20260722_v1/tw_antitop_run2_frozen_v2_single_top_scaleout_shard4326_10kevt_bundle.tar.gz	test	10000	10	10000	10000	280007.70568847656	7840431.524492451	28.000770568847656	28.000770568847656	0	0	10000	True	False	92f4ab4b51b0ccfebd41be7a923546acfb253e7fc3a7c6d37b22fd8b555a95e5	2fdc4d357a0029857b9d217a9ebffedf0fde9444a206e6f1612a8e9132cee50a	False	False	False	Event/Event.Weight	frozen_exact_full_member_signed_sumw	True	True	False	False	False	False
327	327_a545f5684fad9be1	background	307	tw_top	unified_background_5m_single_top_pilot50k_20260722_v1	bundle:/store/user/iturkmen/hh4b_delphes/run2_13tev/frozen_v2/bundles/unified_background_5m_single_top_pilot50k_20260722_v1/tw_top_run2_frozen_v2_single_top_pilot_shard4204_10kevt_bundle.tar.gz	test	10000	19	10000	10000	280492.89703369141	7867626.5286353007	28.049289703369141	28.049289703369141	0	0	10000	True	False	18ad83a6977d658d72c2404b8be896efc1c98bf81a44a2852d4b1caabf888c65	662212fe21544f028e8df7e99abcecf1736e7cd1a32880ab9dabc420bc306e57	False	False	False	Event/Event.Weight	frozen_exact_full_member_signed_sumw	True	True	False	False	False	False
328	328_180d2948abbf8e1d	background	313	wwz_zbb	final_background_triboson_zbb_pilot10k_20260722_v1	bundle:/store/user/iturkmen/hh4b_delphes/run2_13tev/frozen_v2/bundles/final_background_triboson_zbb_pilot10k_20260722_v1/wwz_zbb_run2_frozen_v2_pilot_validation_shard9601_5200_bundle.tar.gz	test	5200	14	5200	5200	495.21063286066055	47.598660409793617	-0.095674388110637665	0.095674388110637665	12	0	5188	False	True	b7a6d98bbae1e7bf05a372abe096330ddc5435c5c1d11bdb1e68de97b65dbec6	cfefbbc80b097141da7c8f1fd0f2a5cf9e0e42c381d3dfceec173cc683f13d93	False	False	False	Event/Event.Weight	frozen_exact_full_member_signed_sumw	True	True	False	False	False	False
329	329_d1e07f0cbf11eff2	background	318	wzz_zbb	final_background_triboson_zbb_pilot10k_20260722_v1	bundle:/store/user/iturkmen/hh4b_delphes/run2_13tev/frozen_v2/bundles/final_background_triboson_zbb_pilot10k_20260722_v1/wzz_zbb_run2_frozen_v2_pilot_validation_shard9602_3300_bundle.tar.gz	test	3300	13	3300	3300	100.86702873557806	3.0980808166724527	-0.030640045180916786	0.030640045180916786	4	0	3296	False	True	91ca4c2ff62b87985db8b5aeceb98eaa553dcbda214fd8d487f9050132ec34d7	7f001981c857c342a802a3e7352841e43d6cde1200fd6fc3d9cb3d68f801cf3c	False	False	False	Event/Event.Weight	frozen_exact_full_member_signed_sumw	True	True	False	False	False	False
330	330_f703933d8fa38041	background	322	zzz_zbb	final_background_triboson_zbb_scaleout40k_20260722_v1	bundle:/store/user/iturkmen/hh4b_delphes/run2_13tev/frozen_v2/bundles/final_background_triboson_zbb_scaleout40k_20260722_v1/zzz_zbb_run2_frozen_v2_train_shard9924_1500_bundle.tar.gz	test	1500	13	1500	1500	15.841227352619171	0.16819215146632316	-0.010589055716991425	0.010589055716991425	2	0	1498	False	True	1c8b321cbddea192ac60dc657aec2c0d2df1c8ce8f84d79c29323cf75bbf1622	3ba2bdb65623fe06d8b3b49e00da77fdc638f5e60e5c23e3d67642cef7c4c0b2	False	False	False	Event/Event.Weight	frozen_exact_full_member_signed_sumw	True	True	False	False	False	False
331	331_2c81e1e629dac589	background	354	qcd_bbbb_general	unified_background_5m_wavea_proven111_20260720_v1	bundle:/store/user/iturkmen/hh4b_delphes/run2_13tev/frozen_v2/bundles/unified_background_5m_wavea_proven111_20260720_v1/qcd_bbbb_general_run2_frozen_v2_unified5m_wavea_shard011_10k_bundle.tar.gz	test	10000	350	10000	10000	3475569.4580078125	1207958305.7436719	347.55694580078125	347.55694580078125	0	0	10000	True	False	e5c3b30abf92bc85b71d192bda31374a7195a81c9a1ca29bb144ab9ffd7649c1	501171e4a0d5f9e328b0536d83cf03dd0f39943a29ad600ec2853de39c992264	False	False	False	Event/Event.Weight	frozen_exact_full_member_signed_sumw	True	True	False	False	False	False
332	332_38b2e01c83d5e114	background	379	qcd_bbbb_iht400to600	unified_background_5m_wavea_proven111_20260720_v1	bundle:/store/user/iturkmen/hh4b_delphes/run2_13tev/frozen_v2/bundles/unified_background_5m_wavea_proven111_20260720_v1/qcd_bbbb_iht400to600_run2_frozen_v2_unified5m_wavea_shard004_10k_bundle.tar.gz	test	10000	1556	10000	10000	97061.605453491211	942095.52532091946	9.7061605453491211	9.7061605453491211	0	0	10000	True	False	e746dd1ccf4a5cf6ea856ec675a97d3776bd94557767f8807975ae25f4272ead	472b3f9d2c3ab5bb99fdab25430f9bd2cf051e651e8eda39cfb617175666d40a	False	False	False	Event/Event.Weight	frozen_exact_full_member_signed_sumw	True	True	False	False	False	False
333	333_374138c40b25b40b	background	394	ttbar_inclusive	unified_background_5m_wavea_proven111_20260720_v1	bundle:/store/user/iturkmen/hh4b_delphes/run2_13tev/frozen_v2/bundles/unified_background_5m_wavea_proven111_20260720_v1/ttbar_inclusive_run2_frozen_v2_unified5m_wavea_shard022_10k_bundle.tar.gz	test	10000	33	10000	10000	5116650.0854492188	2618010809.69275	511.66500854492188	511.66500854492188	0	0	10000	True	False	6636e9b3ce8b113332d71d1e9316b8b80bafbf00257889746de9583d004ea7ed	19432ff64707151f75ba78adb7db541a9a9f33a2ad667e25894ecb78b5eb2158	False	False	False	Event/Event.Weight	frozen_exact_full_member_signed_sumw	True	True	False	False	False	False
334	334_89fcd1bd487adf6f	background	460	zbbbb	unified_background_5m_wavea_proven111_20260720_v1	bundle:/store/user/iturkmen/hh4b_delphes/run2_13tev/frozen_v2/bundles/unified_background_5m_wavea_proven111_20260720_v1/zbbbb_run2_frozen_v2_unified5m_wavea_shard005_10k_bundle.tar.gz	test	10000	301	10000	10000	69139.528274536133	478027.43700253812	6.9139528274536133	6.9139528274536133	0	0	10000	True	False	8e936a6feb6bf640720c73076edb3693ce69fba7f8e0d8c460f8376209baa675	63253a0a10bcc0efad6b96f40a76f3db8f6011f9b7868d924fcccf3d5bf837ca	False	False	False	Event/Event.Weight	frozen_exact_full_member_signed_sumw	True	True	False	False	False	False
335	335_c7aa8b341532cc6e	background	482	tth_hbb	unified_background_5m_waveb_priority_scale400k_20260721_v1	bundle:/store/user/iturkmen/hh4b_delphes/run2_13tev/frozen_v2/bundles/unified_background_5m_waveb_priority_scale400k_20260721_v1/tth_hbb_run2_frozen_v2_waveb_scale400k_shard2006_10000evt_bundle.tar.gz	test	10000	1246	10000	10000	3296.4500784873962	1086.6583119959562	0.32964500784873962	0.32964500784873962	0	0	10000	True	False	27784218bd9c11b3000a9e4c33436e30d097257d647c543408c26d9bbdbe0917	5281b8b43b5a5ead9c708214fba16480c609a59643ce3fe92c06a3d7d458b60f	False	False	False	Event/Event.Weight	frozen_exact_full_member_signed_sumw	True	True	False	False	False	False
336	336_4a208db061276b92	background	487	tttt	unified_background_5m_waveb_priority_scale400k_20260721_v1	bundle:/store/user/iturkmen/hh4b_delphes/run2_13tev/frozen_v2/bundles/unified_background_5m_waveb_priority_scale400k_20260721_v1/tttt_run2_frozen_v2_waveb_scale400k_shard2202_10000evt_bundle.tar.gz	test	10000	1963	10000	10000	91.587956994771957	0.8388353866476197	0.0091587956994771957	0.0091587956994771957	0	0	10000	True	False	c6a014a6a3255dbf774bbcf48f9cb4357e2159d43e9f0fac630dfe2425acb0e1	2ef0b5bd3e6c60dce8e176407aae143c1e6268135a030f6af8c71a1040ded793	False	False	False	Event/Event.Weight	frozen_exact_full_member_signed_sumw	True	True	False	False	False	False
337	337_20e8b233c0b3915b	background	492	ttz_zbb	unified_background_5m_waveb_priority_pilots10k_20260721_v1	bundle:/store/user/iturkmen/hh4b_delphes/run2_13tev/frozen_v2/bundles/unified_background_5m_waveb_priority_pilots10k_20260721_v1/ttz_zbb_run2_frozen_v2_waveb_pilot_shard1002_10000evt_bundle.tar.gz	test	10000	1104	10000	10000	848.72700273990631	72.0337525179865	0.084872700273990631	0.084872700273990631	0	0	10000	True	False	fbe75ed917fdf6a917a9a8aa66c199ac8027906d175ca286be1042bd99e4a05d	8afd164a63a7549d92e627329eaf2f6616fad7628eae9f88055bbee6706c0bb3	False	False	False	Event/Event.Weight	frozen_exact_full_member_signed_sumw	True	True	False	False	False	False
338	338_6403f6e192965700	background	494	vbf_hbb	unified_background_5m_waveb_priority_scale400k_20260721_v1	bundle:/store/user/iturkmen/hh4b_delphes/run2_13tev/frozen_v2/bundles/unified_background_5m_waveb_priority_scale400k_20260721_v1/vbf_hbb_run2_frozen_v2_waveb_scale400k_shard2304_10000evt_bundle.tar.gz	test	10000	4	10000	10000	27828.941345214844	77444.997639540816	2.7828941345214844	2.7828941345214844	0	0	10000	True	False	a6a5d2453d23718da4b72867037bf852df9a99a8911bf55c923a84a079500ccd	c1ee1a1a7c557c28100f01bf808c833dba12ed628893b990df7fc002ed1f616a	False	False	False	Event/Event.Weight	frozen_exact_full_member_signed_sumw	True	True	False	False	False	False
339	339_1a827b28e14727f7	background	499	ttw	unified_background_5m_wavec1_scaleout180k_20260721_v2	bundle:/store/user/iturkmen/hh4b_delphes/run2_13tev/frozen_v2/bundles/unified_background_5m_wavec1_scaleout180k_20260721_v2/ttw_run2_frozen_v2_wavec1_scaleout_shard3401_10kevt_bundle.tar.gz	test	10000	65	10000	10000	3526.7001390457153	1243.7613870745067	0.35267001390457153	0.35267001390457153	0	0	10000	True	False	3ebc8715c5e6946d705be679c7438ecf3ac9b722cd4f7d67ece228211df96775	86ec8220bfd16886e3458e1731022ddb97f1d14cbb259fc48255f817cf481355	False	False	False	Event/Event.Weight	frozen_exact_full_member_signed_sumw	True	True	False	False	False	False
340	340_19ce3d79d4b71e3f	background	504	wh_hbb	unified_background_5m_wavec1_pilot40k_20260721_v1	bundle:/store/user/iturkmen/hh4b_delphes/run2_13tev/frozen_v2/bundles/unified_background_5m_wavec1_pilot40k_20260721_v1/wh_hbb_run2_frozen_v2_wavec1_pilot_shard3201_10kevt_bundle.tar.gz	test	10000	5	10000	10000	9130.3002834320068	8336.2383265638582	0.91303002834320068	0.91303002834320068	0	0	10000	True	False	23e3697b1f17de15b1d2177b7ebbcba68a5e55d415c30b47e3a2cda6186443a8	ef15059e8b619279721d80f58a3df7b60abdd330f24ef5941506afcdc40b910d	False	False	False	Event/Event.Weight	frozen_exact_full_member_signed_sumw	True	True	False	False	False	False
341	341_d495efa0fdc2fccd	background	511	ww	unified_background_5m_wavec1_scaleout180k_20260721_v2	bundle:/store/user/iturkmen/hh4b_delphes/run2_13tev/frozen_v2/bundles/unified_background_5m_wavec1_scaleout180k_20260721_v2/ww_run2_frozen_v2_wavec1_scaleout_shard3602_10kevt_bundle.tar.gz	test	10000	0	10000	10000	646754.98962402344	41829201.660357065	64.675498962402344	64.675498962402344	0	0	10000	True	False	651831676a0ef781d7c2546304020bec7cce20958019e329bca3ed77b28734a6	2912fdabe1e902437fabc3564570f98d95f01963f047de56299ea8d5fed8fb6b	False	False	False	Event/Event.Weight	frozen_exact_full_member_signed_sumw	True	True	False	False	False	False
342	342_a2643448e55379e7	background	518	wz_zbb	unified_background_5m_wavec1_scaleout180k_20260721_v2	bundle:/store/user/iturkmen/hh4b_delphes/run2_13tev/frozen_v2/bundles/unified_background_5m_wavec1_scaleout180k_20260721_v2/wz_zbb_run2_frozen_v2_wavec1_scaleout_shard3504_10kevt_bundle.tar.gz	test	10000	0	10000	10000	35495.901107788086	125995.89954538715	3.5495901107788086	3.5495901107788086	0	0	10000	True	False	5dc7adcb0ef08eed684aeb6f0b9d75c5598c33a1950fa3a9cd2867dd3ec65139	b2c93cf7755144fdb6f98f308b613f87d9e0019fd1fa90940870893bda3878d2	False	False	False	Event/Event.Weight	frozen_exact_full_member_signed_sumw	True	True	False	False	False	False
