sample_group	remote_path	entry_index	particle_count	used_particle_count	was_truncated	score_set	overall_top1_class	signal_grid_top1_class	signal_probability	qcd_probability	ttbar_probability
VBFH_ntuple	/eos/ihep/cms/store/user/coli/datasets/hh4b/inference/VBFH_ntuple/selected_ntuples_0000.root	0	75	75	False	model0	137	89	2.404559096472814e-12	1.261662757774673e-13	1.0
VBFH_ntuple	/eos/ihep/cms/store/user/coli/datasets/hh4b/inference/VBFH_ntuple/selected_ntuples_0000.root	1	129	129	False	model0	137	107	5.88611516163193e-12	2.5659507071201793e-12	1.0
VBFH_ntuple	/eos/ihep/cms/store/user/coli/datasets/hh4b/inference/VBFH_ntuple/selected_ntuples_0000.root	2	139	139	False	model0	137	89	5.392352753701873e-13	2.1255461719058358e-14	1.0
VBFH_ntuple	/eos/ihep/cms/store/user/coli/datasets/hh4b/inference/VBFH_ntuple/selected_ntuples_0000.root	3	144	144	False	model0	137	107	5.726922741828362e-12	3.2425689737436425e-13	1.0
VBFH_ntuple	/eos/ihep/cms/store/user/coli/datasets/hh4b/inference/VBFH_ntuple/selected_ntuples_0000.root	4	69	69	False	model0	137	89	8.335430162586475e-13	1.0432315954026286e-13	1.0
VBFH_ntuple	/eos/ihep/cms/store/user/coli/datasets/hh4b/inference/VBFH_ntuple/selected_ntuples_0000.root	5	90	90	False	model0	137	90	7.864861171741344e-06	0.00011808401177404448	0.9998739957809448
VBFH_ntuple	/eos/ihep/cms/store/user/coli/datasets/hh4b/inference/VBFH_ntuple/selected_ntuples_0000.root	6	103	103	False	model0	137	63	0.0006885182698432857	0.014951971359550953	0.9843595623970032
VBFH_ntuple	/eos/ihep/cms/store/user/coli/datasets/hh4b/inference/VBFH_ntuple/selected_ntuples_0000.root	7	45	45	False	model0	137	90	1.523716402344674e-12	6.726099711917843e-13	1.0
VBFH_ntuple	/eos/ihep/cms/store/user/coli/datasets/hh4b/inference/VBFH_ntuple/selected_ntuples_0000.root	8	105	105	False	model0	137	89	2.917737792084614e-12	2.1078882454610148e-13	1.0
VBFH_ntuple	/eos/ihep/cms/store/user/coli/datasets/hh4b/inference/VBFH_ntuple/selected_ntuples_0000.root	9	98	98	False	model0	137	107	7.03319121060718e-13	1.2841289683885367e-14	1.0
VBFH_ntuple	/eos/ihep/cms/store/user/coli/datasets/hh4b/inference/VBFH_ntuple/selected_ntuples_0000.root	10	106	106	False	model0	137	107	1.0441288021164309e-12	2.8054320747993716e-14	1.0
VBFH_ntuple	/eos/ihep/cms/store/user/coli/datasets/hh4b/inference/VBFH_ntuple/selected_ntuples_0000.root	11	59	59	False	model0	137	89	7.324044435740643e-13	5.1456695892085347e-14	1.0
VBFH_ntuple	/eos/ihep/cms/store/user/coli/datasets/hh4b/inference/VBFH_ntuple/selected_ntuples_0000.root	12	75	75	False	model0	137	107	1.1808939850077655e-12	9.846176608416246e-14	1.0
VBFH_ntuple	/eos/ihep/cms/store/user/coli/datasets/hh4b/inference/VBFH_ntuple/selected_ntuples_0000.root	13	115	115	False	model0	137	107	1.5846140662421392e-12	1.091170272085433e-13	1.0
VBFH_ntuple	/eos/ihep/cms/store/user/coli/datasets/hh4b/inference/VBFH_ntuple/selected_ntuples_0000.root	14	98	98	False	model0	137	107	5.922912691831058e-13	3.88953734671571e-14	1.0
VBFH_ntuple	/eos/ihep/cms/store/user/coli/datasets/hh4b/inference/VBFH_ntuple/selected_ntuples_0000.root	15	92	92	False	model0	137	107	2.231719318865033e-12	1.0569289990739958e-13	1.0
VBFH_ntuple	/eos/ihep/cms/store/user/coli/datasets/hh4b/inference/VBFH_ntuple/selected_ntuples_0000.root	16	122	122	False	model0	136	7	0.0006287127218911337	0.9220207929611206	0.07735055685043335
VBFH_ntuple	/eos/ihep/cms/store/user/coli/datasets/hh4b/inference/VBFH_ntuple/selected_ntuples_0000.root	17	62	62	False	model0	137	90	1.9280096005401115e-12	4.1150028805454764e-13	1.0
VBFH_ntuple	/eos/ihep/cms/store/user/coli/datasets/hh4b/inference/VBFH_ntuple/selected_ntuples_0000.root	18	57	57	False	model0	137	90	2.0352428184386028e-12	3.781284909753352e-13	1.0
VBFH_ntuple	/eos/ihep/cms/store/user/coli/datasets/hh4b/inference/VBFH_ntuple/selected_ntuples_0000.root	19	76	76	False	model0	137	89	6.635469003577283e-13	4.131941574374125e-14	1.0
VBFH_ntuple	/eos/ihep/cms/store/user/coli/datasets/hh4b/inference/VBFH_ntuple/selected_ntuples_0000.root	20	83	83	False	model0	137	107	1.3656958466061574e-11	1.477979739462898e-12	1.0
VBFH_ntuple	/eos/ihep/cms/store/user/coli/datasets/hh4b/inference/VBFH_ntuple/selected_ntuples_0000.root	21	23	23	False	model0	137	90	1.4157852694340686e-11	1.4554302207869796e-11	1.0
VBFH_ntuple	/eos/ihep/cms/store/user/coli/datasets/hh4b/inference/VBFH_ntuple/selected_ntuples_0000.root	22	71	71	False	model0	137	89	3.816671532802552e-12	3.059655664678501e-13	1.0
VBFH_ntuple	/eos/ihep/cms/store/user/coli/datasets/hh4b/inference/VBFH_ntuple/selected_ntuples_0000.root	23	35	35	False	model0	137	90	2.559282667619509e-12	6.20006162296155e-13	1.0
VBFH_ntuple	/eos/ihep/cms/store/user/coli/datasets/hh4b/inference/VBFH_ntuple/selected_ntuples_0000.root	24	46	46	False	model0	137	89	7.132548156097356e-13	4.332856773023308e-14	1.0
VBFH_ntuple	/eos/ihep/cms/store/user/coli/datasets/hh4b/inference/VBFH_ntuple/selected_ntuples_0000.root	25	106	106	False	model0	137	107	3.4043138390321294e-12	2.5772502079517146e-13	1.0
VBFH_ntuple	/eos/ihep/cms/store/user/coli/datasets/hh4b/inference/VBFH_ntuple/selected_ntuples_0000.root	26	99	99	False	model0	137	107	8.149469137907335e-11	7.024874432159933e-11	1.0
VBFH_ntuple	/eos/ihep/cms/store/user/coli/datasets/hh4b/inference/VBFH_ntuple/selected_ntuples_0000.root	27	86	86	False	model0	137	89	1.2361841526765667e-12	3.948461024284866e-14	1.0
VBFH_ntuple	/eos/ihep/cms/store/user/coli/datasets/hh4b/inference/VBFH_ntuple/selected_ntuples_0000.root	28	72	72	False	model0	137	89	9.30309324226517e-13	6.209336972547164e-14	1.0
VBFH_ntuple	/eos/ihep/cms/store/user/coli/datasets/hh4b/inference/VBFH_ntuple/selected_ntuples_0000.root	29	83	83	False	model0	137	89	4.944565892264981e-13	5.5131212908701016e-14	1.0
VBFH_ntuple	/eos/ihep/cms/store/user/coli/datasets/hh4b/inference/VBFH_ntuple/selected_ntuples_0000.root	30	150	150	False	model0	137	107	1.366134744339184e-10	3.7454258444702404e-12	1.0
VBFH_ntuple	/eos/ihep/cms/store/user/coli/datasets/hh4b/inference/VBFH_ntuple/selected_ntuples_0000.root	31	105	105	False	model0	136	71	0.5840198274904864	0.4157383441925049	0.00024181512708310038
VBFH_ntuple	/eos/ihep/cms/store/user/coli/datasets/hh4b/inference/VBFH_ntuple/selected_ntuples_0000.root	32	108	108	False	model0	137	90	4.1418403512460955e-07	8.35170521895634e-06	0.9999912977218628
VBFH_ntuple	/eos/ihep/cms/store/user/coli/datasets/hh4b/inference/VBFH_ntuple/selected_ntuples_0000.root	33	105	105	False	model0	137	107	1.5362300141862083e-12	1.2036804387417777e-13	1.0
VBFH_ntuple	/eos/ihep/cms/store/user/coli/datasets/hh4b/inference/VBFH_ntuple/selected_ntuples_0000.root	34	77	77	False	model0	137	89	7.601981845356901e-13	6.13398830969121e-14	1.0
VBFH_ntuple	/eos/ihep/cms/store/user/coli/datasets/hh4b/inference/VBFH_ntuple/selected_ntuples_0000.root	35	116	116	False	model0	137	89	1.2473826950770922e-12	4.707875867035645e-14	1.0
VBFH_ntuple	/eos/ihep/cms/store/user/coli/datasets/hh4b/inference/VBFH_ntuple/selected_ntuples_0000.root	36	60	60	False	model0	137	90	3.77549750580486e-12	2.630514350180496e-13	1.0
VBFH_ntuple	/eos/ihep/cms/store/user/coli/datasets/hh4b/inference/VBFH_ntuple/selected_ntuples_0000.root	37	95	95	False	model0	137	107	1.083997277350816e-11	6.049244763960127e-13	1.0
VBFH_ntuple	/eos/ihep/cms/store/user/coli/datasets/hh4b/inference/VBFH_ntuple/selected_ntuples_0000.root	38	89	89	False	model0	137	107	4.390957705544334e-12	1.1431447151724616e-12	1.0
VBFH_ntuple	/eos/ihep/cms/store/user/coli/datasets/hh4b/inference/VBFH_ntuple/selected_ntuples_0000.root	39	130	130	False	model0	137	107	1.9271981243693534e-12	4.3425946025981224e-14	1.0
VBFH_ntuple	/eos/ihep/cms/store/user/coli/datasets/hh4b/inference/VBFH_ntuple/selected_ntuples_0000.root	40	95	95	False	model0	137	90	7.484794485000015e-11	1.4836526451844634e-10	1.0
VBFH_ntuple	/eos/ihep/cms/store/user/coli/datasets/hh4b/inference/VBFH_ntuple/selected_ntuples_0000.root	41	35	35	False	model0	137	90	1.963886369255532e-12	9.020141946737559e-13	1.0
VBFH_ntuple	/eos/ihep/cms/store/user/coli/datasets/hh4b/inference/VBFH_ntuple/selected_ntuples_0000.root	42	153	153	False	model0	137	134	1.329726687134946e-06	2.7959295039181598e-05	0.9999707937240601
VBFH_ntuple	/eos/ihep/cms/store/user/coli/datasets/hh4b/inference/VBFH_ntuple/selected_ntuples_0000.root	43	86	86	False	model0	137	89	2.1656047703223412e-12	1.6891384666851972e-13	1.0
VBFH_ntuple	/eos/ihep/cms/store/user/coli/datasets/hh4b/inference/VBFH_ntuple/selected_ntuples_0000.root	44	100	100	False	model0	137	107	2.044050467694855e-11	1.7959955354515666e-12	1.0
VBFH_ntuple	/eos/ihep/cms/store/user/coli/datasets/hh4b/inference/VBFH_ntuple/selected_ntuples_0000.root	45	118	118	False	model0	137	89	2.0854570175464094e-12	9.675718342858075e-14	1.0
VBFH_ntuple	/eos/ihep/cms/store/user/coli/datasets/hh4b/inference/VBFH_ntuple/selected_ntuples_0000.root	46	37	37	False	model0	137	90	4.054908161889855e-12	5.305581820234939e-13	1.0
VBFH_ntuple	/eos/ihep/cms/store/user/coli/datasets/hh4b/inference/VBFH_ntuple/selected_ntuples_0000.root	47	70	70	False	model0	137	89	2.3386062689000827e-12	1.090022034222135e-13	1.0
VBFH_ntuple	/eos/ihep/cms/store/user/coli/datasets/hh4b/inference/VBFH_ntuple/selected_ntuples_0000.root	48	59	59	False	model0	137	89	1.4735019310102277e-12	1.319772335037564e-13	1.0
VBFH_ntuple	/eos/ihep/cms/store/user/coli/datasets/hh4b/inference/VBFH_ntuple/selected_ntuples_0000.root	49	45	45	False	model0	137	90	2.8064453208870934e-12	4.1798048312433056e-13	1.0
VBFH_ntuple	/eos/ihep/cms/store/user/coli/datasets/hh4b/inference/VBFH_ntuple/selected_ntuples_0000.root	50	109	109	False	model0	137	107	1.993594269444769e-11	1.597839373833343e-12	1.0
VBFH_ntuple	/eos/ihep/cms/store/user/coli/datasets/hh4b/inference/VBFH_ntuple/selected_ntuples_0000.root	51	21	21	False	model0	137	90	2.2790176768692614e-11	2.1412604328530094e-11	1.0
VBFH_ntuple	/eos/ihep/cms/store/user/coli/datasets/hh4b/inference/VBFH_ntuple/selected_ntuples_0000.root	52	60	60	False	model0	137	90	2.1852443388604255e-12	2.5941418067484956e-13	1.0
VBFH_ntuple	/eos/ihep/cms/store/user/coli/datasets/hh4b/inference/VBFH_ntuple/selected_ntuples_0000.root	53	68	68	False	model0	137	134	1.7621087873477045e-09	3.5643170637200683e-09	1.0
VBFH_ntuple	/eos/ihep/cms/store/user/coli/datasets/hh4b/inference/VBFH_ntuple/selected_ntuples_0000.root	54	35	35	False	model0	137	90	2.0918320226234547e-12	2.690035694197235e-13	1.0
VBFH_ntuple	/eos/ihep/cms/store/user/coli/datasets/hh4b/inference/VBFH_ntuple/selected_ntuples_0000.root	55	89	89	False	model0	137	89	1.118555170487992e-12	1.7605616400503954e-13	1.0
VBFH_ntuple	/eos/ihep/cms/store/user/coli/datasets/hh4b/inference/VBFH_ntuple/selected_ntuples_0000.root	56	60	60	False	model0	137	89	2.2344065286916957e-12	1.7327708278641607e-13	1.0
VBFH_ntuple	/eos/ihep/cms/store/user/coli/datasets/hh4b/inference/VBFH_ntuple/selected_ntuples_0000.root	57	67	67	False	model0	137	134	1.8977151372935865e-08	4.849177059895737e-09	1.0
VBFH_ntuple	/eos/ihep/cms/store/user/coli/datasets/hh4b/inference/VBFH_ntuple/selected_ntuples_0000.root	58	36	36	False	model0	137	90	4.439486851250528e-12	3.1898081723734373e-13	1.0
VBFH_ntuple	/eos/ihep/cms/store/user/coli/datasets/hh4b/inference/VBFH_ntuple/selected_ntuples_0000.root	59	49	49	False	model0	137	90	1.4027324245059464e-12	3.890941659579622e-13	1.0
VBFH_ntuple	/eos/ihep/cms/store/user/coli/datasets/hh4b/inference/VBFH_ntuple/selected_ntuples_0000.root	60	62	62	False	model0	137	90	1.5150617188100217e-12	2.785391275267335e-13	1.0
VBFH_ntuple	/eos/ihep/cms/store/user/coli/datasets/hh4b/inference/VBFH_ntuple/selected_ntuples_0000.root	61	58	58	False	model0	137	89	9.766910984395211e-13	1.5238193194246075e-13	1.0
VBFH_ntuple	/eos/ihep/cms/store/user/coli/datasets/hh4b/inference/VBFH_ntuple/selected_ntuples_0000.root	62	135	135	False	model0	137	107	2.114713885620712e-11	3.478637733769774e-12	1.0
VBFH_ntuple	/eos/ihep/cms/store/user/coli/datasets/hh4b/inference/VBFH_ntuple/selected_ntuples_0000.root	63	92	92	False	model0	137	107	1.4451306869740713e-11	7.95319452656651e-12	1.0
VBFH_ntuple	/eos/ihep/cms/store/user/coli/datasets/hh4b/inference/VBFH_ntuple/selected_ntuples_0000.root	64	100	100	False	model0	137	90	1.2008912271543881e-06	6.799519178457558e-05	0.9999308586120605
VBFH_ntuple	/eos/ihep/cms/store/user/coli/datasets/hh4b/inference/VBFH_ntuple/selected_ntuples_0000.root	65	95	95	False	model0	137	89	1.0474440832199552e-12	7.463109042435759e-14	1.0
VBFH_ntuple	/eos/ihep/cms/store/user/coli/datasets/hh4b/inference/VBFH_ntuple/selected_ntuples_0000.root	66	59	59	False	model0	137	89	1.7573400532561487e-12	6.432559292082057e-14	1.0
VBFH_ntuple	/eos/ihep/cms/store/user/coli/datasets/hh4b/inference/VBFH_ntuple/selected_ntuples_0000.root	67	58	58	False	model0	137	89	1.0350944224904151e-12	6.261404426628064e-14	1.0
VBFH_ntuple	/eos/ihep/cms/store/user/coli/datasets/hh4b/inference/VBFH_ntuple/selected_ntuples_0000.root	68	87	87	False	model0	137	89	1.3274868106564586e-12	9.46523743172896e-14	1.0
VBFH_ntuple	/eos/ihep/cms/store/user/coli/datasets/hh4b/inference/VBFH_ntuple/selected_ntuples_0000.root	69	44	44	False	model0	137	90	3.4340299684328375e-12	3.1222940899411356e-13	1.0
VBFH_ntuple	/eos/ihep/cms/store/user/coli/datasets/hh4b/inference/VBFH_ntuple/selected_ntuples_0000.root	70	98	98	False	model0	137	107	5.38129684132402e-12	1.7869635892536762e-13	1.0
VBFH_ntuple	/eos/ihep/cms/store/user/coli/datasets/hh4b/inference/VBFH_ntuple/selected_ntuples_0000.root	71	78	78	False	model0	137	89	4.797386699506708e-13	2.0072439600748483e-14	1.0
VBFH_ntuple	/eos/ihep/cms/store/user/coli/datasets/hh4b/inference/VBFH_ntuple/selected_ntuples_0000.root	72	51	51	False	model0	137	89	5.66023248493143e-13	4.9815830442927894e-14	1.0
VBFH_ntuple	/eos/ihep/cms/store/user/coli/datasets/hh4b/inference/VBFH_ntuple/selected_ntuples_0000.root	73	90	90	False	model0	137	107	1.569069083592882e-10	3.684794136482594e-11	1.0
VBFH_ntuple	/eos/ihep/cms/store/user/coli/datasets/hh4b/inference/VBFH_ntuple/selected_ntuples_0000.root	74	59	59	False	model0	137	90	5.124949663957481e-12	8.164406108644717e-13	1.0
VBFH_ntuple	/eos/ihep/cms/store/user/coli/datasets/hh4b/inference/VBFH_ntuple/selected_ntuples_0000.root	75	70	70	False	model0	137	107	4.5639414714606806e-11	4.238947734491738e-11	1.0
VBFH_ntuple	/eos/ihep/cms/store/user/coli/datasets/hh4b/inference/VBFH_ntuple/selected_ntuples_0000.root	76	103	103	False	model0	137	107	7.702344237308915e-12	1.596212745313963e-12	1.0
VBFH_ntuple	/eos/ihep/cms/store/user/coli/datasets/hh4b/inference/VBFH_ntuple/selected_ntuples_0000.root	77	62	62	False	model0	137	90	3.1536213341681864e-12	1.0878370957940336e-13	1.0
VBFH_ntuple	/eos/ihep/cms/store/user/coli/datasets/hh4b/inference/VBFH_ntuple/selected_ntuples_0000.root	78	65	65	False	model0	137	90	5.185850608833325e-12	1.194318407192474e-12	1.0
VBFH_ntuple	/eos/ihep/cms/store/user/coli/datasets/hh4b/inference/VBFH_ntuple/selected_ntuples_0000.root	79	101	101	False	model0	137	89	4.203923332741125e-13	6.621981608889715e-14	1.0
VBFH_ntuple	/eos/ihep/cms/store/user/coli/datasets/hh4b/inference/VBFH_ntuple/selected_ntuples_0000.root	80	85	85	False	model0	137	90	1.441711656712475e-12	7.100380396488082e-14	1.0
VBFH_ntuple	/eos/ihep/cms/store/user/coli/datasets/hh4b/inference/VBFH_ntuple/selected_ntuples_0000.root	81	122	122	False	model0	137	89	8.705176545694902e-13	3.7043430795675666e-14	1.0
VBFH_ntuple	/eos/ihep/cms/store/user/coli/datasets/hh4b/inference/VBFH_ntuple/selected_ntuples_0000.root	82	80	80	False	model0	137	89	3.3418161206603797e-13	1.580301068769465e-14	1.0
VBFH_ntuple	/eos/ihep/cms/store/user/coli/datasets/hh4b/inference/VBFH_ntuple/selected_ntuples_0000.root	83	116	116	False	model0	137	89	8.24768424681709e-13	4.191154598398063e-14	1.0
VBFH_ntuple	/eos/ihep/cms/store/user/coli/datasets/hh4b/inference/VBFH_ntuple/selected_ntuples_0000.root	84	141	141	False	model0	137	107	1.5532990445667846e-12	2.86024594850845e-14	1.0
VBFH_ntuple	/eos/ihep/cms/store/user/coli/datasets/hh4b/inference/VBFH_ntuple/selected_ntuples_0000.root	85	42	42	False	model0	137	90	2.840814972466355e-12	4.984769650002996e-13	1.0
VBFH_ntuple	/eos/ihep/cms/store/user/coli/datasets/hh4b/inference/VBFH_ntuple/selected_ntuples_0000.root	86	110	110	False	model0	137	107	1.716319347921009e-11	1.4793927801542983e-12	1.0
VBFH_ntuple	/eos/ihep/cms/store/user/coli/datasets/hh4b/inference/VBFH_ntuple/selected_ntuples_0000.root	87	78	78	False	model0	137	107	4.170599760470928e-07	3.3846898617184706e-08	0.9999995231628418
VBFH_ntuple	/eos/ihep/cms/store/user/coli/datasets/hh4b/inference/VBFH_ntuple/selected_ntuples_0000.root	88	60	60	False	model0	137	90	5.758514347167551e-12	7.68379121180579e-13	1.0
VBFH_ntuple	/eos/ihep/cms/store/user/coli/datasets/hh4b/inference/VBFH_ntuple/selected_ntuples_0000.root	89	66	66	False	model0	137	89	1.0566348877426815e-12	8.975516862944413e-14	1.0
VBFH_ntuple	/eos/ihep/cms/store/user/coli/datasets/hh4b/inference/VBFH_ntuple/selected_ntuples_0000.root	90	52	52	False	model0	137	89	1.2390364761657817e-12	8.697643300026314e-14	1.0
VBFH_ntuple	/eos/ihep/cms/store/user/coli/datasets/hh4b/inference/VBFH_ntuple/selected_ntuples_0000.root	91	88	88	False	model0	137	89	1.8732117851018746e-12	9.982992080562192e-14	1.0
VBFH_ntuple	/eos/ihep/cms/store/user/coli/datasets/hh4b/inference/VBFH_ntuple/selected_ntuples_0000.root	92	66	66	False	model0	137	107	9.592366978842522e-12	5.405173704453592e-12	1.0
VBFH_ntuple	/eos/ihep/cms/store/user/coli/datasets/hh4b/inference/VBFH_ntuple/selected_ntuples_0000.root	93	52	52	False	model0	137	89	1.4664671701637443e-12	9.0694080934553e-14	1.0
VBFH_ntuple	/eos/ihep/cms/store/user/coli/datasets/hh4b/inference/VBFH_ntuple/selected_ntuples_0000.root	94	78	78	False	model0	137	89	9.904168400446694e-13	6.425005791071622e-14	1.0
VBFH_ntuple	/eos/ihep/cms/store/user/coli/datasets/hh4b/inference/VBFH_ntuple/selected_ntuples_0000.root	95	123	123	False	model0	137	89	3.3621772287373726e-12	9.694098957813493e-14	1.0
VBFH_ntuple	/eos/ihep/cms/store/user/coli/datasets/hh4b/inference/VBFH_ntuple/selected_ntuples_0000.root	96	45	45	False	model0	137	90	5.182293054565771e-12	7.358347329892989e-13	1.0
VBFH_ntuple	/eos/ihep/cms/store/user/coli/datasets/hh4b/inference/VBFH_ntuple/selected_ntuples_0000.root	97	175	175	False	model0	137	107	1.2867584117788682e-11	2.268034393106133e-13	1.0
VBFH_ntuple	/eos/ihep/cms/store/user/coli/datasets/hh4b/inference/VBFH_ntuple/selected_ntuples_0000.root	98	188	188	False	model0	136	109	0.1851048271819309	0.8019310832023621	0.01296406053006649
VBFH_ntuple	/eos/ihep/cms/store/user/coli/datasets/hh4b/inference/VBFH_ntuple/selected_ntuples_0000.root	99	64	64	False	model0	137	89	8.202614981069895e-13	8.483612982035024e-14	1.0
VBFH_ntuple	/eos/ihep/cms/store/user/coli/datasets/hh4b/inference/VBFH_ntuple/selected_ntuples_0000.root	100	85	85	False	model0	137	107	1.0921695072251075e-12	4.219082291108574e-14	1.0
VBFH_ntuple	/eos/ihep/cms/store/user/coli/datasets/hh4b/inference/VBFH_ntuple/selected_ntuples_0000.root	101	97	97	False	model0	137	89	1.177098325727423e-12	1.0711555611681717e-13	1.0
VBFH_ntuple	/eos/ihep/cms/store/user/coli/datasets/hh4b/inference/VBFH_ntuple/selected_ntuples_0000.root	102	98	98	False	model0	137	89	1.3802125760027225e-12	3.073774484181786e-14	1.0
VBFH_ntuple	/eos/ihep/cms/store/user/coli/datasets/hh4b/inference/VBFH_ntuple/selected_ntuples_0000.root	103	76	76	False	model0	137	90	1.992602001916481e-12	1.2481395040772614e-13	1.0
VBFH_ntuple	/eos/ihep/cms/store/user/coli/datasets/hh4b/inference/VBFH_ntuple/selected_ntuples_0000.root	104	114	114	False	model0	137	89	1.8784540442380346e-12	6.960576592104223e-14	1.0
VBFH_ntuple	/eos/ihep/cms/store/user/coli/datasets/hh4b/inference/VBFH_ntuple/selected_ntuples_0000.root	105	68	68	False	model0	137	107	3.015078130715047e-09	8.468599155264656e-09	1.0
VBFH_ntuple	/eos/ihep/cms/store/user/coli/datasets/hh4b/inference/VBFH_ntuple/selected_ntuples_0000.root	106	69	69	False	model0	137	107	7.954213496966237e-13	3.474191691710954e-14	1.0
VBFH_ntuple	/eos/ihep/cms/store/user/coli/datasets/hh4b/inference/VBFH_ntuple/selected_ntuples_0000.root	107	58	58	False	model0	137	90	3.5455890959243744e-12	2.7029295685335186e-13	1.0
VBFH_ntuple	/eos/ihep/cms/store/user/coli/datasets/hh4b/inference/VBFH_ntuple/selected_ntuples_0000.root	108	160	160	False	model0	137	89	1.8770767564207008e-12	5.3212063255052636e-14	1.0
VBFH_ntuple	/eos/ihep/cms/store/user/coli/datasets/hh4b/inference/VBFH_ntuple/selected_ntuples_0000.root	109	86	86	False	model0	137	89	3.274883471193542e-13	1.88409248462083e-14	1.0
VBFH_ntuple	/eos/ihep/cms/store/user/coli/datasets/hh4b/inference/VBFH_ntuple/selected_ntuples_0000.root	110	101	101	False	model0	136	1	0.029562121640083205	0.9703050255775452	0.0001328880462097004
VBFH_ntuple	/eos/ihep/cms/store/user/coli/datasets/hh4b/inference/VBFH_ntuple/selected_ntuples_0000.root	111	91	91	False	model0	137	107	1.5878062422803359e-12	4.0368719516270177e-14	1.0
VBFH_ntuple	/eos/ihep/cms/store/user/coli/datasets/hh4b/inference/VBFH_ntuple/selected_ntuples_0000.root	112	87	87	False	model0	137	89	8.610615209168911e-13	6.404915524815466e-14	1.0
VBFH_ntuple	/eos/ihep/cms/store/user/coli/datasets/hh4b/inference/VBFH_ntuple/selected_ntuples_0000.root	113	63	63	False	model0	137	90	3.1872997452045087e-12	2.3918006789545865e-13	1.0
VBFH_ntuple	/eos/ihep/cms/store/user/coli/datasets/hh4b/inference/VBFH_ntuple/selected_ntuples_0000.root	114	125	125	False	model0	137	107	2.8876275170336453e-11	3.9574671664710515e-12	1.0
VBFH_ntuple	/eos/ihep/cms/store/user/coli/datasets/hh4b/inference/VBFH_ntuple/selected_ntuples_0000.root	115	34	34	False	model0	137	90	2.2453984431401233e-12	7.799153575564766e-13	1.0
VBFH_ntuple	/eos/ihep/cms/store/user/coli/datasets/hh4b/inference/VBFH_ntuple/selected_ntuples_0000.root	116	159	159	False	model0	137	90	2.83695631516645e-05	3.37510064127855e-05	0.999937891960144
VBFH_ntuple	/eos/ihep/cms/store/user/coli/datasets/hh4b/inference/VBFH_ntuple/selected_ntuples_0000.root	117	101	101	False	model0	137	107	1.5780844648627084e-12	1.196009301795628e-13	1.0
VBFH_ntuple	/eos/ihep/cms/store/user/coli/datasets/hh4b/inference/VBFH_ntuple/selected_ntuples_0000.root	118	52	52	False	model0	137	107	1.2264207631974593e-11	3.5828102637469605e-12	1.0
VBFH_ntuple	/eos/ihep/cms/store/user/coli/datasets/hh4b/inference/VBFH_ntuple/selected_ntuples_0000.root	119	94	94	False	model0	137	89	1.2248190503385377e-12	6.000506759225657e-14	1.0
VBFH_ntuple	/eos/ihep/cms/store/user/coli/datasets/hh4b/inference/VBFH_ntuple/selected_ntuples_0000.root	120	132	132	False	model0	137	107	2.800279272618522e-12	2.2326715129472596e-13	1.0
VBFH_ntuple	/eos/ihep/cms/store/user/coli/datasets/hh4b/inference/VBFH_ntuple/selected_ntuples_0000.root	121	73	73	False	model0	137	89	7.714230560957362e-13	9.41974363094511e-14	1.0
VBFH_ntuple	/eos/ihep/cms/store/user/coli/datasets/hh4b/inference/VBFH_ntuple/selected_ntuples_0000.root	122	163	163	False	model0	137	107	2.1791947552632184e-11	1.1503801383705436e-12	1.0
VBFH_ntuple	/eos/ihep/cms/store/user/coli/datasets/hh4b/inference/VBFH_ntuple/selected_ntuples_0000.root	123	39	39	False	model0	137	90	2.4209952623882066e-12	3.0659006691920176e-13	1.0
VBFH_ntuple	/eos/ihep/cms/store/user/coli/datasets/hh4b/inference/VBFH_ntuple/selected_ntuples_0000.root	124	137	137	False	model0	136	9	0.02962172413776898	0.9620433449745178	0.00833491887897253
VBFH_ntuple	/eos/ihep/cms/store/user/coli/datasets/hh4b/inference/VBFH_ntuple/selected_ntuples_0000.root	125	172	172	False	model0	137	42	2.0406384301286697e-07	5.442091222107592e-09	0.9999998807907104
VBFH_ntuple	/eos/ihep/cms/store/user/coli/datasets/hh4b/inference/VBFH_ntuple/selected_ntuples_0000.root	126	70	70	False	model0	137	89	1.96089892557037e-12	3.503332335601933e-13	1.0
VBFH_ntuple	/eos/ihep/cms/store/user/coli/datasets/hh4b/inference/VBFH_ntuple/selected_ntuples_0000.root	127	66	66	False	model0	137	107	3.948718458884451e-11	2.794131245820175e-11	1.0
VBFH_ntuple	/eos/ihep/cms/store/user/coli/datasets/hh4b/inference/VBFH_ntuple/selected_ntuples_0000.root	128	61	61	False	model0	137	90	1.7934753763983948e-12	3.320008656014506e-13	1.0
VBFH_ntuple	/eos/ihep/cms/store/user/coli/datasets/hh4b/inference/VBFH_ntuple/selected_ntuples_0000.root	129	93	93	False	model0	137	107	4.747297644778395e-09	2.073716975914408e-09	1.0
VBFH_ntuple	/eos/ihep/cms/store/user/coli/datasets/hh4b/inference/VBFH_ntuple/selected_ntuples_0000.root	130	125	125	False	model0	137	107	1.366017571179178e-12	3.7819106299321475e-14	1.0
VBFH_ntuple	/eos/ihep/cms/store/user/coli/datasets/hh4b/inference/VBFH_ntuple/selected_ntuples_0000.root	131	121	121	False	model0	137	107	1.4416366844554521e-09	2.526041598116535e-10	1.0
VBFH_ntuple	/eos/ihep/cms/store/user/coli/datasets/hh4b/inference/VBFH_ntuple/selected_ntuples_0000.root	132	110	110	False	model0	137	111	7.036976636962469e-07	1.0617321066774821e-07	0.9999991655349731
VBFH_ntuple	/eos/ihep/cms/store/user/coli/datasets/hh4b/inference/VBFH_ntuple/selected_ntuples_0000.root	133	152	152	False	model0	136	13	0.06258846943273966	0.7664520740509033	0.1709594577550888
VBFH_ntuple	/eos/ihep/cms/store/user/coli/datasets/hh4b/inference/VBFH_ntuple/selected_ntuples_0000.root	134	103	103	False	model0	137	89	1.0260117097379177e-12	9.36581880301747e-14	1.0
VBFH_ntuple	/eos/ihep/cms/store/user/coli/datasets/hh4b/inference/VBFH_ntuple/selected_ntuples_0000.root	135	84	84	False	model0	137	107	6.759696038650956e-13	3.219285596564245e-14	1.0
VBFH_ntuple	/eos/ihep/cms/store/user/coli/datasets/hh4b/inference/VBFH_ntuple/selected_ntuples_0000.root	136	60	60	False	model0	137	107	2.0908284854734133e-10	2.6765349936397342e-09	1.0
VBFH_ntuple	/eos/ihep/cms/store/user/coli/datasets/hh4b/inference/VBFH_ntuple/selected_ntuples_0000.root	137	117	117	False	model0	137	89	2.398880824234302e-12	1.0743106572527403e-13	1.0
VBFH_ntuple	/eos/ihep/cms/store/user/coli/datasets/hh4b/inference/VBFH_ntuple/selected_ntuples_0000.root	138	76	76	False	model0	137	107	2.648336901362153e-12	2.5134844834802383e-13	1.0
VBFH_ntuple	/eos/ihep/cms/store/user/coli/datasets/hh4b/inference/VBFH_ntuple/selected_ntuples_0000.root	139	57	57	False	model0	137	90	1.2902962257491495e-12	2.0213140243616895e-13	1.0
VBFH_ntuple	/eos/ihep/cms/store/user/coli/datasets/hh4b/inference/VBFH_ntuple/selected_ntuples_0000.root	140	78	78	False	model0	137	79	4.0079402237491735e-05	5.108767800265923e-05	0.9999088048934937
VBFH_ntuple	/eos/ihep/cms/store/user/coli/datasets/hh4b/inference/VBFH_ntuple/selected_ntuples_0000.root	141	122	122	False	model0	137	107	1.1805517619792683e-08	1.881325095709485e-09	1.0
VBFH_ntuple	/eos/ihep/cms/store/user/coli/datasets/hh4b/inference/VBFH_ntuple/selected_ntuples_0000.root	142	112	112	False	model0	137	90	2.862579003294597e-08	1.949457413275013e-07	0.9999997615814209
VBFH_ntuple	/eos/ihep/cms/store/user/coli/datasets/hh4b/inference/VBFH_ntuple/selected_ntuples_0000.root	143	104	104	False	model0	137	107	4.791593074228095e-12	2.7723843728545694e-13	1.0
VBFH_ntuple	/eos/ihep/cms/store/user/coli/datasets/hh4b/inference/VBFH_ntuple/selected_ntuples_0000.root	144	69	69	False	model0	137	89	1.526389196048663e-12	1.27977232218697e-13	1.0
VBFH_ntuple	/eos/ihep/cms/store/user/coli/datasets/hh4b/inference/VBFH_ntuple/selected_ntuples_0000.root	145	69	69	False	model0	137	89	1.381017826426879e-12	1.1783969796046873e-13	1.0
VBFH_ntuple	/eos/ihep/cms/store/user/coli/datasets/hh4b/inference/VBFH_ntuple/selected_ntuples_0000.root	146	62	62	False	model0	137	90	8.896745147922083e-13	1.5124857475398018e-13	1.0
VBFH_ntuple	/eos/ihep/cms/store/user/coli/datasets/hh4b/inference/VBFH_ntuple/selected_ntuples_0000.root	147	113	113	False	model0	137	36	8.816190016780467e-05	0.00024186096561606973	0.9996700286865234
VBFH_ntuple	/eos/ihep/cms/store/user/coli/datasets/hh4b/inference/VBFH_ntuple/selected_ntuples_0000.root	148	108	108	False	model0	137	71	0.004588119974187066	0.08359406888484955	0.9118179082870483
VBFH_ntuple	/eos/ihep/cms/store/user/coli/datasets/hh4b/inference/VBFH_ntuple/selected_ntuples_0000.root	149	147	147	False	model0	137	107	1.5696348664690913e-12	1.9808189038127665e-14	1.0
VBFH_ntuple	/eos/ihep/cms/store/user/coli/datasets/hh4b/inference/VBFH_ntuple/selected_ntuples_0000.root	150	105	105	False	model0	137	89	1.51581825859297e-12	1.0077326478711082e-13	1.0
VBFH_ntuple	/eos/ihep/cms/store/user/coli/datasets/hh4b/inference/VBFH_ntuple/selected_ntuples_0000.root	151	118	118	False	model0	137	89	5.369848386614068e-13	3.8275341961635165e-14	1.0
VBFH_ntuple	/eos/ihep/cms/store/user/coli/datasets/hh4b/inference/VBFH_ntuple/selected_ntuples_0000.root	152	206	206	False	model0	137	131	4.016916955256906e-09	5.35579636196104e-10	1.0
VBFH_ntuple	/eos/ihep/cms/store/user/coli/datasets/hh4b/inference/VBFH_ntuple/selected_ntuples_0000.root	153	105	105	False	model0	137	107	2.748007271422075e-12	2.1117513933268522e-13	1.0
VBFH_ntuple	/eos/ihep/cms/store/user/coli/datasets/hh4b/inference/VBFH_ntuple/selected_ntuples_0000.root	154	74	74	False	model0	137	89	1.6781590315895393e-12	8.861968369420006e-14	1.0
VBFH_ntuple	/eos/ihep/cms/store/user/coli/datasets/hh4b/inference/VBFH_ntuple/selected_ntuples_0000.root	155	66	66	False	model0	137	89	9.000261569773811e-13	1.197689408587166e-13	1.0
VBFH_ntuple	/eos/ihep/cms/store/user/coli/datasets/hh4b/inference/VBFH_ntuple/selected_ntuples_0000.root	156	83	83	False	model0	137	50	0.7252755968005431	0.03578062355518341	0.23894378542900085
VBFH_ntuple	/eos/ihep/cms/store/user/coli/datasets/hh4b/inference/VBFH_ntuple/selected_ntuples_0000.root	157	89	89	False	model0	137	89	8.606354433717226e-13	6.137581084640284e-14	1.0
VBFH_ntuple	/eos/ihep/cms/store/user/coli/datasets/hh4b/inference/VBFH_ntuple/selected_ntuples_0000.root	158	41	41	False	model0	137	90	3.4435262723323335e-12	7.449758583459587e-13	1.0
VBFH_ntuple	/eos/ihep/cms/store/user/coli/datasets/hh4b/inference/VBFH_ntuple/selected_ntuples_0000.root	159	46	46	False	model0	137	90	3.126557454603423e-12	3.6258366101216133e-13	1.0
VBFH_ntuple	/eos/ihep/cms/store/user/coli/datasets/hh4b/inference/VBFH_ntuple/selected_ntuples_0000.root	160	104	104	False	model0	137	89	2.570674564893294e-12	2.0230187967526514e-13	1.0
VBFH_ntuple	/eos/ihep/cms/store/user/coli/datasets/hh4b/inference/VBFH_ntuple/selected_ntuples_0000.root	161	94	94	False	model0	137	107	5.407117150798942e-12	7.20213656508345e-13	1.0
VBFH_ntuple	/eos/ihep/cms/store/user/coli/datasets/hh4b/inference/VBFH_ntuple/selected_ntuples_0000.root	162	68	68	False	model0	137	107	2.0411196549561394e-12	1.784024588214611e-13	1.0
VBFH_ntuple	/eos/ihep/cms/store/user/coli/datasets/hh4b/inference/VBFH_ntuple/selected_ntuples_0000.root	163	137	137	False	model0	136	8	0.04093040121733793	0.9490346312522888	0.010034916922450066
VBFH_ntuple	/eos/ihep/cms/store/user/coli/datasets/hh4b/inference/VBFH_ntuple/selected_ntuples_0000.root	164	63	63	False	model0	137	89	2.0671261767502206e-12	1.772857712413825e-13	1.0
VBFH_ntuple	/eos/ihep/cms/store/user/coli/datasets/hh4b/inference/VBFH_ntuple/selected_ntuples_0000.root	165	109	109	False	model0	137	89	2.0256347742329415e-12	1.0932159582970058e-13	1.0
VBFH_ntuple	/eos/ihep/cms/store/user/coli/datasets/hh4b/inference/VBFH_ntuple/selected_ntuples_0000.root	166	75	75	False	model0	137	107	9.588443749296933e-12	1.4854095601105066e-12	1.0
VBFH_ntuple	/eos/ihep/cms/store/user/coli/datasets/hh4b/inference/VBFH_ntuple/selected_ntuples_0000.root	167	91	91	False	model0	137	107	3.779059260960048e-12	1.48066509140371e-13	1.0
VBFH_ntuple	/eos/ihep/cms/store/user/coli/datasets/hh4b/inference/VBFH_ntuple/selected_ntuples_0000.root	168	70	70	False	model0	137	107	1.3287445843726972e-12	1.701143295240043e-13	1.0
VBFH_ntuple	/eos/ihep/cms/store/user/coli/datasets/hh4b/inference/VBFH_ntuple/selected_ntuples_0000.root	169	82	82	False	model0	137	107	1.151568651775639e-12	9.354946288106514e-14	1.0
VBFH_ntuple	/eos/ihep/cms/store/user/coli/datasets/hh4b/inference/VBFH_ntuple/selected_ntuples_0000.root	170	44	44	False	model0	137	90	2.572898247456922e-12	3.223834231253636e-13	1.0
VBFH_ntuple	/eos/ihep/cms/store/user/coli/datasets/hh4b/inference/VBFH_ntuple/selected_ntuples_0000.root	171	77	77	False	model0	137	107	6.92368384377476e-09	3.123801439741669e-09	1.0
VBFH_ntuple	/eos/ihep/cms/store/user/coli/datasets/hh4b/inference/VBFH_ntuple/selected_ntuples_0000.root	172	92	92	False	model0	137	89	6.819506187491739e-13	3.2400016507618326e-14	1.0
VBFH_ntuple	/eos/ihep/cms/store/user/coli/datasets/hh4b/inference/VBFH_ntuple/selected_ntuples_0000.root	173	82	82	False	model0	137	107	1.1860092711609188e-12	4.0383682183876835e-13	1.0
VBFH_ntuple	/eos/ihep/cms/store/user/coli/datasets/hh4b/inference/VBFH_ntuple/selected_ntuples_0000.root	174	119	119	False	model0	137	107	1.839354844141447e-11	1.2654133383499522e-12	1.0
VBFH_ntuple	/eos/ihep/cms/store/user/coli/datasets/hh4b/inference/VBFH_ntuple/selected_ntuples_0000.root	175	85	85	False	model0	137	90	2.899320566956438e-12	3.253224241644287e-13	1.0
VBFH_ntuple	/eos/ihep/cms/store/user/coli/datasets/hh4b/inference/VBFH_ntuple/selected_ntuples_0000.root	176	104	104	False	model0	137	107	2.32924253401471e-12	1.1756177628607922e-13	1.0
VBFH_ntuple	/eos/ihep/cms/store/user/coli/datasets/hh4b/inference/VBFH_ntuple/selected_ntuples_0000.root	177	71	71	False	model0	137	107	1.3369583061283077e-12	3.0182975530815975e-14	1.0
VBFH_ntuple	/eos/ihep/cms/store/user/coli/datasets/hh4b/inference/VBFH_ntuple/selected_ntuples_0000.root	178	49	49	False	model0	137	90	5.266651904619708e-12	8.678822634514138e-13	1.0
VBFH_ntuple	/eos/ihep/cms/store/user/coli/datasets/hh4b/inference/VBFH_ntuple/selected_ntuples_0000.root	179	87	87	False	model0	137	107	6.60059806480498e-07	2.1142091100045945e-06	0.9999971389770508
VBFH_ntuple	/eos/ihep/cms/store/user/coli/datasets/hh4b/inference/VBFH_ntuple/selected_ntuples_0000.root	180	90	90	False	model0	137	90	3.178283153190156e-12	5.456580283100254e-13	1.0
VBFH_ntuple	/eos/ihep/cms/store/user/coli/datasets/hh4b/inference/VBFH_ntuple/selected_ntuples_0000.root	181	86	86	False	model0	137	107	9.185520032830659e-11	5.0248676747299825e-11	1.0
VBFH_ntuple	/eos/ihep/cms/store/user/coli/datasets/hh4b/inference/VBFH_ntuple/selected_ntuples_0000.root	182	141	141	False	model0	137	89	5.385409450393966e-13	2.326801030766868e-14	1.0
VBFH_ntuple	/eos/ihep/cms/store/user/coli/datasets/hh4b/inference/VBFH_ntuple/selected_ntuples_0000.root	183	130	130	False	model0	136	92	0.00852973560324699	0.9910616278648376	0.00040868466021493077
VBFH_ntuple	/eos/ihep/cms/store/user/coli/datasets/hh4b/inference/VBFH_ntuple/selected_ntuples_0000.root	184	103	103	False	model0	137	89	1.604500245342198e-12	4.936126851771798e-14	1.0
VBFH_ntuple	/eos/ihep/cms/store/user/coli/datasets/hh4b/inference/VBFH_ntuple/selected_ntuples_0000.root	185	75	75	False	model0	137	89	9.69606484291427e-13	4.924870122715967e-14	1.0
VBFH_ntuple	/eos/ihep/cms/store/user/coli/datasets/hh4b/inference/VBFH_ntuple/selected_ntuples_0000.root	186	48	48	False	model0	137	90	2.0501754693920037e-12	2.6248407202118795e-13	1.0
VBFH_ntuple	/eos/ihep/cms/store/user/coli/datasets/hh4b/inference/VBFH_ntuple/selected_ntuples_0000.root	187	69	69	False	model0	137	89	7.554906319960834e-13	4.0472491216704196e-14	1.0
VBFH_ntuple	/eos/ihep/cms/store/user/coli/datasets/hh4b/inference/VBFH_ntuple/selected_ntuples_0000.root	188	107	107	False	model0	137	107	8.459663805616733e-13	1.1886658649561122e-13	1.0
VBFH_ntuple	/eos/ihep/cms/store/user/coli/datasets/hh4b/inference/VBFH_ntuple/selected_ntuples_0000.root	189	28	28	False	model0	137	90	4.836992768628557e-12	3.443754613072225e-12	1.0
VBFH_ntuple	/eos/ihep/cms/store/user/coli/datasets/hh4b/inference/VBFH_ntuple/selected_ntuples_0000.root	190	77	77	False	model0	137	107	3.188347211185053e-08	8.176080541488773e-07	0.9999991655349731
VBFH_ntuple	/eos/ihep/cms/store/user/coli/datasets/hh4b/inference/VBFH_ntuple/selected_ntuples_0000.root	191	44	44	False	model0	137	90	2.6495054424946113e-12	6.481703195004851e-13	1.0
VBFH_ntuple	/eos/ihep/cms/store/user/coli/datasets/hh4b/inference/VBFH_ntuple/selected_ntuples_0000.root	192	115	115	False	model0	137	107	1.1943090475958283e-11	7.741265311070333e-13	1.0
VBFH_ntuple	/eos/ihep/cms/store/user/coli/datasets/hh4b/inference/VBFH_ntuple/selected_ntuples_0000.root	193	77	77	False	model0	137	90	2.2264987661547525e-12	2.0926018079805986e-13	1.0
VBFH_ntuple	/eos/ihep/cms/store/user/coli/datasets/hh4b/inference/VBFH_ntuple/selected_ntuples_0000.root	194	58	58	False	model0	137	90	6.134251395781289e-12	4.434882094807996e-13	1.0
VBFH_ntuple	/eos/ihep/cms/store/user/coli/datasets/hh4b/inference/VBFH_ntuple/selected_ntuples_0000.root	195	104	104	False	model0	137	114	3.4565981249963518e-06	0.00033866846933960915	0.9996578693389893
VBFH_ntuple	/eos/ihep/cms/store/user/coli/datasets/hh4b/inference/VBFH_ntuple/selected_ntuples_0000.root	196	77	77	False	model0	137	89	6.765310041037696e-13	4.703980193104633e-14	1.0
VBFH_ntuple	/eos/ihep/cms/store/user/coli/datasets/hh4b/inference/VBFH_ntuple/selected_ntuples_0000.root	197	62	62	False	model0	137	89	1.4616609591713164e-12	1.401972477997268e-13	1.0
VBFH_ntuple	/eos/ihep/cms/store/user/coli/datasets/hh4b/inference/VBFH_ntuple/selected_ntuples_0000.root	198	99	99	False	model0	137	107	3.2409501568320684e-07	1.4589232932848972e-07	0.9999995231628418
VBFH_ntuple	/eos/ihep/cms/store/user/coli/datasets/hh4b/inference/VBFH_ntuple/selected_ntuples_0000.root	199	48	48	False	model0	137	90	4.284918734489906e-12	4.0608296347950656e-13	1.0
VBFH_ntuple	/eos/ihep/cms/store/user/coli/datasets/hh4b/inference/VBFH_ntuple/selected_ntuples_0000.root	200	46	46	False	model0	137	90	1.527606094503924e-12	3.591490711600531e-13	1.0
VBFH_ntuple	/eos/ihep/cms/store/user/coli/datasets/hh4b/inference/VBFH_ntuple/selected_ntuples_0000.root	201	89	89	False	model0	137	107	0.0003094115376423012	0.017074955627322197	0.98261559009552
VBFH_ntuple	/eos/ihep/cms/store/user/coli/datasets/hh4b/inference/VBFH_ntuple/selected_ntuples_0000.root	202	111	111	False	model0	137	43	0.0025649272899954667	0.26302671432495117	0.7344083786010742
VBFH_ntuple	/eos/ihep/cms/store/user/coli/datasets/hh4b/inference/VBFH_ntuple/selected_ntuples_0000.root	203	88	88	False	model0	137	82	0.0015683036173186338	0.43914321064949036	0.559288501739502
VBFH_ntuple	/eos/ihep/cms/store/user/coli/datasets/hh4b/inference/VBFH_ntuple/selected_ntuples_0000.root	204	54	54	False	model0	137	90	2.524530953669318e-12	1.8004430682883737e-13	1.0
VBFH_ntuple	/eos/ihep/cms/store/user/coli/datasets/hh4b/inference/VBFH_ntuple/selected_ntuples_0000.root	205	48	48	False	model0	137	90	2.3321805651885516e-12	4.330305916361993e-13	1.0
VBFH_ntuple	/eos/ihep/cms/store/user/coli/datasets/hh4b/inference/VBFH_ntuple/selected_ntuples_0000.root	206	140	140	False	model0	137	107	1.1698973158048347e-12	1.4408916768071656e-13	1.0
VBFH_ntuple	/eos/ihep/cms/store/user/coli/datasets/hh4b/inference/VBFH_ntuple/selected_ntuples_0000.root	207	93	93	False	model0	137	107	2.5718732628507435e-06	2.5497429305687547e-06	0.9999947547912598
VBFH_ntuple	/eos/ihep/cms/store/user/coli/datasets/hh4b/inference/VBFH_ntuple/selected_ntuples_0000.root	208	99	99	False	model0	137	89	1.642165189949593e-12	8.332849248940052e-14	1.0
VBFH_ntuple	/eos/ihep/cms/store/user/coli/datasets/hh4b/inference/VBFH_ntuple/selected_ntuples_0000.root	209	110	110	False	model0	137	107	2.278004577326543e-09	1.3975495427587248e-08	1.0
VBFH_ntuple	/eos/ihep/cms/store/user/coli/datasets/hh4b/inference/VBFH_ntuple/selected_ntuples_0000.root	210	72	72	False	model0	137	89	1.1633736107419098e-12	4.5134658814213746e-14	1.0
VBFH_ntuple	/eos/ihep/cms/store/user/coli/datasets/hh4b/inference/VBFH_ntuple/selected_ntuples_0000.root	211	78	78	False	model0	137	89	1.2501970839384729e-12	8.77298518661869e-14	1.0
VBFH_ntuple	/eos/ihep/cms/store/user/coli/datasets/hh4b/inference/VBFH_ntuple/selected_ntuples_0000.root	212	56	56	False	model0	137	90	1.9895669697889114e-12	2.222826415120005e-13	1.0
VBFH_ntuple	/eos/ihep/cms/store/user/coli/datasets/hh4b/inference/VBFH_ntuple/selected_ntuples_0000.root	213	105	105	False	model0	137	107	9.97189104222877e-13	7.056340781868078e-14	1.0
VBFH_ntuple	/eos/ihep/cms/store/user/coli/datasets/hh4b/inference/VBFH_ntuple/selected_ntuples_0000.root	214	108	108	False	model0	136	66	0.23109968361916344	0.7492262721061707	0.019673984497785568
VBFH_ntuple	/eos/ihep/cms/store/user/coli/datasets/hh4b/inference/VBFH_ntuple/selected_ntuples_0000.root	215	82	82	False	model0	137	89	2.7350289474520572e-12	2.980836877244236e-13	1.0
VBFH_ntuple	/eos/ihep/cms/store/user/coli/datasets/hh4b/inference/VBFH_ntuple/selected_ntuples_0000.root	216	78	78	False	model0	137	89	1.014854624865139e-12	7.173971974198251e-14	1.0
VBFH_ntuple	/eos/ihep/cms/store/user/coli/datasets/hh4b/inference/VBFH_ntuple/selected_ntuples_0000.root	217	131	131	False	model0	137	107	1.6576749354485527e-12	4.8271004977461923e-14	1.0
VBFH_ntuple	/eos/ihep/cms/store/user/coli/datasets/hh4b/inference/VBFH_ntuple/selected_ntuples_0000.root	218	110	110	False	model0	137	107	7.436569313266114e-13	1.001111204975173e-14	1.0
VBFH_ntuple	/eos/ihep/cms/store/user/coli/datasets/hh4b/inference/VBFH_ntuple/selected_ntuples_0000.root	219	104	104	False	model0	137	89	1.3008106471259827e-12	8.178413458612144e-14	1.0
VBFH_ntuple	/eos/ihep/cms/store/user/coli/datasets/hh4b/inference/VBFH_ntuple/selected_ntuples_0000.root	220	96	96	False	model0	137	89	5.34233384389724e-13	3.6393593894805745e-14	1.0
VBFH_ntuple	/eos/ihep/cms/store/user/coli/datasets/hh4b/inference/VBFH_ntuple/selected_ntuples_0000.root	221	118	118	False	model0	137	107	6.588659114244112e-09	5.1446131799082195e-09	1.0
VBFH_ntuple	/eos/ihep/cms/store/user/coli/datasets/hh4b/inference/VBFH_ntuple/selected_ntuples_0000.root	222	85	85	False	model0	137	89	1.3343112987178799e-12	1.0037234715251642e-13	1.0
VBFH_ntuple	/eos/ihep/cms/store/user/coli/datasets/hh4b/inference/VBFH_ntuple/selected_ntuples_0000.root	223	70	70	False	model0	137	89	1.004554705656888e-12	7.658095349267341e-14	1.0
VBFH_ntuple	/eos/ihep/cms/store/user/coli/datasets/hh4b/inference/VBFH_ntuple/selected_ntuples_0000.root	224	115	115	False	model0	137	89	4.209882627823494e-12	7.642059321509923e-14	1.0
VBFH_ntuple	/eos/ihep/cms/store/user/coli/datasets/hh4b/inference/VBFH_ntuple/selected_ntuples_0000.root	225	112	112	False	model0	137	89	1.0371244776206698e-12	7.620153694241211e-14	1.0
VBFH_ntuple	/eos/ihep/cms/store/user/coli/datasets/hh4b/inference/VBFH_ntuple/selected_ntuples_0000.root	226	76	76	False	model0	137	107	1.9704290590666563e-10	3.430895012535018e-10	1.0
VBFH_ntuple	/eos/ihep/cms/store/user/coli/datasets/hh4b/inference/VBFH_ntuple/selected_ntuples_0000.root	227	152	152	False	model0	137	107	1.3831336114227944e-11	1.7940165412261289e-12	1.0
VBFH_ntuple	/eos/ihep/cms/store/user/coli/datasets/hh4b/inference/VBFH_ntuple/selected_ntuples_0000.root	228	59	59	False	model0	137	89	8.183414557308906e-13	1.062205743284847e-13	1.0
VBFH_ntuple	/eos/ihep/cms/store/user/coli/datasets/hh4b/inference/VBFH_ntuple/selected_ntuples_0000.root	229	73	73	False	model0	137	89	8.913223073803344e-13	9.022856517926919e-14	1.0
VBFH_ntuple	/eos/ihep/cms/store/user/coli/datasets/hh4b/inference/VBFH_ntuple/selected_ntuples_0000.root	230	115	115	False	model0	137	107	1.912174215965787e-10	2.5922958224455783e-10	1.0
VBFH_ntuple	/eos/ihep/cms/store/user/coli/datasets/hh4b/inference/VBFH_ntuple/selected_ntuples_0000.root	231	108	108	False	model0	137	107	1.2274325341390036e-11	1.7462154769040672e-12	1.0
VBFH_ntuple	/eos/ihep/cms/store/user/coli/datasets/hh4b/inference/VBFH_ntuple/selected_ntuples_0000.root	232	60	60	False	model0	137	107	1.567462597471816e-11	4.773789870349265e-12	1.0
VBFH_ntuple	/eos/ihep/cms/store/user/coli/datasets/hh4b/inference/VBFH_ntuple/selected_ntuples_0000.root	233	29	29	False	model0	137	90	6.1460622561849064e-12	4.324662589844097e-12	1.0
VBFH_ntuple	/eos/ihep/cms/store/user/coli/datasets/hh4b/inference/VBFH_ntuple/selected_ntuples_0000.root	234	36	36	False	model0	137	90	4.031043950823485e-12	2.6508031880645433e-12	1.0
VBFH_ntuple	/eos/ihep/cms/store/user/coli/datasets/hh4b/inference/VBFH_ntuple/selected_ntuples_0000.root	235	106	106	False	model0	137	89	1.4672320293635619e-12	9.363800831723931e-14	1.0
VBFH_ntuple	/eos/ihep/cms/store/user/coli/datasets/hh4b/inference/VBFH_ntuple/selected_ntuples_0000.root	236	86	86	False	model0	137	107	5.859660942018752e-11	2.5488940819107242e-11	1.0
VBFH_ntuple	/eos/ihep/cms/store/user/coli/datasets/hh4b/inference/VBFH_ntuple/selected_ntuples_0000.root	237	32	32	False	model0	137	90	4.833064641530712e-12	2.5035052156341386e-12	1.0
VBFH_ntuple	/eos/ihep/cms/store/user/coli/datasets/hh4b/inference/VBFH_ntuple/selected_ntuples_0000.root	238	51	51	False	model0	137	90	2.2907375601591708e-12	2.368172932060153e-13	1.0
VBFH_ntuple	/eos/ihep/cms/store/user/coli/datasets/hh4b/inference/VBFH_ntuple/selected_ntuples_0000.root	239	52	52	False	model0	137	90	5.12739027343917e-07	3.0487862545669486e-07	0.9999991655349731
VBFH_ntuple	/eos/ihep/cms/store/user/coli/datasets/hh4b/inference/VBFH_ntuple/selected_ntuples_0000.root	240	96	96	False	model0	136	82	0.0014699008229968058	0.9985136389732361	1.647507269808557e-05
VBFH_ntuple	/eos/ihep/cms/store/user/coli/datasets/hh4b/inference/VBFH_ntuple/selected_ntuples_0000.root	241	128	128	False	model0	137	107	4.371245964312542e-10	9.17598386163121e-10	1.0
VBFH_ntuple	/eos/ihep/cms/store/user/coli/datasets/hh4b/inference/VBFH_ntuple/selected_ntuples_0000.root	242	120	120	False	model0	137	89	6.966565535311317e-13	3.5939079403440877e-14	1.0
VBFH_ntuple	/eos/ihep/cms/store/user/coli/datasets/hh4b/inference/VBFH_ntuple/selected_ntuples_0000.root	243	114	114	False	model0	137	89	2.365776072872844e-13	5.688690892045184e-14	1.0
VBFH_ntuple	/eos/ihep/cms/store/user/coli/datasets/hh4b/inference/VBFH_ntuple/selected_ntuples_0000.root	244	133	133	False	model0	137	107	4.091502294507322e-10	2.0495759256444757e-10	1.0
VBFH_ntuple	/eos/ihep/cms/store/user/coli/datasets/hh4b/inference/VBFH_ntuple/selected_ntuples_0000.root	245	97	97	False	model0	137	107	8.617054072886914e-12	6.976716296694385e-13	1.0
VBFH_ntuple	/eos/ihep/cms/store/user/coli/datasets/hh4b/inference/VBFH_ntuple/selected_ntuples_0000.root	246	40	40	False	model0	137	107	1.0102846094942237e-10	3.495539968589867e-11	1.0
VBFH_ntuple	/eos/ihep/cms/store/user/coli/datasets/hh4b/inference/VBFH_ntuple/selected_ntuples_0000.root	247	100	100	False	model0	137	107	1.2850166854226407e-09	5.904332578410276e-11	1.0
VBFH_ntuple	/eos/ihep/cms/store/user/coli/datasets/hh4b/inference/VBFH_ntuple/selected_ntuples_0000.root	248	77	77	False	model0	137	89	2.171122734796956e-12	2.2883572207282876e-13	1.0
VBFH_ntuple	/eos/ihep/cms/store/user/coli/datasets/hh4b/inference/VBFH_ntuple/selected_ntuples_0000.root	249	103	103	False	model0	136	97	0.0028645831605444982	0.9965093731880188	0.0006260316004045308
VBFH_ntuple	/eos/ihep/cms/store/user/coli/datasets/hh4b/inference/VBFH_ntuple/selected_ntuples_0000.root	250	111	111	False	model0	137	89	2.8446058659389525e-12	1.2036804387417777e-13	1.0
VBFH_ntuple	/eos/ihep/cms/store/user/coli/datasets/hh4b/inference/VBFH_ntuple/selected_ntuples_0000.root	251	59	59	False	model0	137	107	2.905690109367235e-12	3.884579290180934e-13	1.0
VBFH_ntuple	/eos/ihep/cms/store/user/coli/datasets/hh4b/inference/VBFH_ntuple/selected_ntuples_0000.root	252	101	101	False	model0	136	49	0.7580529206752544	0.2178967446088791	0.02405027486383915
VBFH_ntuple	/eos/ihep/cms/store/user/coli/datasets/hh4b/inference/VBFH_ntuple/selected_ntuples_0000.root	253	83	83	False	model0	137	89	1.9381271940891748e-13	1.2353681615271273e-14	1.0
VBFH_ntuple	/eos/ihep/cms/store/user/coli/datasets/hh4b/inference/VBFH_ntuple/selected_ntuples_0000.root	254	87	87	False	model0	137	89	1.4425653808692832e-12	7.596296503062025e-14	1.0
VBFH_ntuple	/eos/ihep/cms/store/user/coli/datasets/hh4b/inference/VBFH_ntuple/selected_ntuples_0000.root	255	56	56	False	model0	137	90	2.6932965762649206e-12	2.9341421870290874e-13	1.0
VBFH_ntuple	/eos/ihep/cms/store/user/coli/datasets/hh4b/inference/VBFH_ntuple/selected_ntuples_0000.root	0	75	75	False	model1	137	120	1.0857713644015373e-13	1.1475908360053457e-15	1.0
VBFH_ntuple	/eos/ihep/cms/store/user/coli/datasets/hh4b/inference/VBFH_ntuple/selected_ntuples_0000.root	1	129	129	False	model1	137	125	1.1030562105569715e-12	1.1473118191173554e-13	1.0
VBFH_ntuple	/eos/ihep/cms/store/user/coli/datasets/hh4b/inference/VBFH_ntuple/selected_ntuples_0000.root	2	139	139	False	model1	137	125	2.5816813233166934e-13	1.6192949081226746e-15	1.0
VBFH_ntuple	/eos/ihep/cms/store/user/coli/datasets/hh4b/inference/VBFH_ntuple/selected_ntuples_0000.root	3	144	144	False	model1	137	125	1.2013623859634957e-12	2.853864741097015e-14	1.0
VBFH_ntuple	/eos/ihep/cms/store/user/coli/datasets/hh4b/inference/VBFH_ntuple/selected_ntuples_0000.root	4	69	69	False	model1	137	120	9.543602264410356e-14	1.077223150395721e-15	1.0
VBFH_ntuple	/eos/ihep/cms/store/user/coli/datasets/hh4b/inference/VBFH_ntuple/selected_ntuples_0000.root	5	90	90	False	model1	137	90	1.6730332469266918e-05	0.00027719521312974393	0.999705970287323
VBFH_ntuple	/eos/ihep/cms/store/user/coli/datasets/hh4b/inference/VBFH_ntuple/selected_ntuples_0000.root	6	103	103	False	model1	136	73	0.0400113628001435	0.546805739402771	0.4131828546524048
VBFH_ntuple	/eos/ihep/cms/store/user/coli/datasets/hh4b/inference/VBFH_ntuple/selected_ntuples_0000.root	7	45	45	False	model1	137	120	1.2994546894614185e-13	5.491247681446796e-15	1.0
VBFH_ntuple	/eos/ihep/cms/store/user/coli/datasets/hh4b/inference/VBFH_ntuple/selected_ntuples_0000.root	8	105	105	False	model1	137	120	5.559325134436845e-14	6.052617390811044e-16	1.0
VBFH_ntuple	/eos/ihep/cms/store/user/coli/datasets/hh4b/inference/VBFH_ntuple/selected_ntuples_0000.root	9	98	98	False	model1	137	125	1.3436860098464297e-13	7.321461099094961e-16	1.0
VBFH_ntuple	/eos/ihep/cms/store/user/coli/datasets/hh4b/inference/VBFH_ntuple/selected_ntuples_0000.root	10	106	106	False	model1	137	125	1.9249969547408498e-13	2.1761585080866484e-15	1.0
VBFH_ntuple	/eos/ihep/cms/store/user/coli/datasets/hh4b/inference/VBFH_ntuple/selected_ntuples_0000.root	11	59	59	False	model1	137	120	8.504300706804581e-14	1.119387391718856e-15	1.0
VBFH_ntuple	/eos/ihep/cms/store/user/coli/datasets/hh4b/inference/VBFH_ntuple/selected_ntuples_0000.root	12	75	75	False	model1	137	120	1.2185345758338012e-13	4.5552360406657996e-15	1.0
VBFH_ntuple	/eos/ihep/cms/store/user/coli/datasets/hh4b/inference/VBFH_ntuple/selected_ntuples_0000.root	13	115	115	False	model1	137	125	3.4104971664119843e-13	8.730048408896011e-15	1.0
VBFH_ntuple	/eos/ihep/cms/store/user/coli/datasets/hh4b/inference/VBFH_ntuple/selected_ntuples_0000.root	14	98	98	False	model1	137	125	6.887847708149634e-14	1.3134376636162511e-15	1.0
VBFH_ntuple	/eos/ihep/cms/store/user/coli/datasets/hh4b/inference/VBFH_ntuple/selected_ntuples_0000.root	15	92	92	False	model1	137	125	4.979596800089282e-13	7.406948216933957e-15	1.0
VBFH_ntuple	/eos/ihep/cms/store/user/coli/datasets/hh4b/inference/VBFH_ntuple/selected_ntuples_0000.root	16	122	122	False	model1	136	7	0.0008179143373467923	0.7507848143577576	0.24839729070663452
VBFH_ntuple	/eos/ihep/cms/store/user/coli/datasets/hh4b/inference/VBFH_ntuple/selected_ntuples_0000.root	17	62	62	False	model1	137	120	1.248803801682818e-13	3.2829662958684756e-15	1.0
VBFH_ntuple	/eos/ihep/cms/store/user/coli/datasets/hh4b/inference/VBFH_ntuple/selected_ntuples_0000.root	18	57	57	False	model1	137	120	9.589064337415675e-14	2.3089919089409622e-15	1.0
VBFH_ntuple	/eos/ihep/cms/store/user/coli/datasets/hh4b/inference/VBFH_ntuple/selected_ntuples_0000.root	19	76	76	False	model1	137	120	6.75600493327922e-14	4.977228066746129e-16	1.0
VBFH_ntuple	/eos/ihep/cms/store/user/coli/datasets/hh4b/inference/VBFH_ntuple/selected_ntuples_0000.root	20	83	83	False	model1	137	125	7.959599193581743e-12	5.399359345042987e-13	1.0
VBFH_ntuple	/eos/ihep/cms/store/user/coli/datasets/hh4b/inference/VBFH_ntuple/selected_ntuples_0000.root	21	23	23	False	model1	137	120	7.927960555064665e-12	5.792423832251536e-13	1.0
VBFH_ntuple	/eos/ihep/cms/store/user/coli/datasets/hh4b/inference/VBFH_ntuple/selected_ntuples_0000.root	22	71	71	False	model1	137	120	1.2048212788175662e-13	2.0343230528271526e-15	1.0
VBFH_ntuple	/eos/ihep/cms/store/user/coli/datasets/hh4b/inference/VBFH_ntuple/selected_ntuples_0000.root	23	35	35	False	model1	137	120	5.472908116088731e-13	1.0220097100695994e-14	1.0
VBFH_ntuple	/eos/ihep/cms/store/user/coli/datasets/hh4b/inference/VBFH_ntuple/selected_ntuples_0000.root	24	46	46	False	model1	137	125	1.5411998144364018e-13	3.054509863290966e-15	1.0
VBFH_ntuple	/eos/ihep/cms/store/user/coli/datasets/hh4b/inference/VBFH_ntuple/selected_ntuples_0000.root	25	106	106	False	model1	137	125	4.15193408034694e-13	1.1649432164902683e-14	1.0
VBFH_ntuple	/eos/ihep/cms/store/user/coli/datasets/hh4b/inference/VBFH_ntuple/selected_ntuples_0000.root	26	99	99	False	model1	137	125	3.018433740644514e-10	1.9157715691608956e-10	1.0
VBFH_ntuple	/eos/ihep/cms/store/user/coli/datasets/hh4b/inference/VBFH_ntuple/selected_ntuples_0000.root	27	86	86	False	model1	137	125	1.785802383182282e-13	1.1600556669780215e-15	1.0
VBFH_ntuple	/eos/ihep/cms/store/user/coli/datasets/hh4b/inference/VBFH_ntuple/selected_ntuples_0000.root	28	72	72	False	model1	137	120	5.3591764524898744e-14	6.076909236947114e-16	1.0
VBFH_ntuple	/eos/ihep/cms/store/user/coli/datasets/hh4b/inference/VBFH_ntuple/selected_ntuples_0000.root	29	83	83	False	model1	137	120	6.374981059627643e-14	9.479085361625383e-16	1.0
VBFH_ntuple	/eos/ihep/cms/store/user/coli/datasets/hh4b/inference/VBFH_ntuple/selected_ntuples_0000.root	30	150	150	False	model1	137	128	9.268113281913576e-11	9.283902856552229e-13	1.0
VBFH_ntuple	/eos/ihep/cms/store/user/coli/datasets/hh4b/inference/VBFH_ntuple/selected_ntuples_0000.root	31	105	105	False	model1	136	71	0.47236210598606476	0.5273661613464355	0.0002717094321269542
VBFH_ntuple	/eos/ihep/cms/store/user/coli/datasets/hh4b/inference/VBFH_ntuple/selected_ntuples_0000.root	32	108	108	False	model1	137	4	2.325736687236457e-06	5.2506296924548224e-05	0.9999452829360962
VBFH_ntuple	/eos/ihep/cms/store/user/coli/datasets/hh4b/inference/VBFH_ntuple/selected_ntuples_0000.root	33	105	105	False	model1	137	125	1.983438888197529e-13	4.495678613045508e-15	1.0
VBFH_ntuple	/eos/ihep/cms/store/user/coli/datasets/hh4b/inference/VBFH_ntuple/selected_ntuples_0000.root	34	77	77	False	model1	137	120	9.011835255365062e-14	1.0808289696521826e-15	1.0
VBFH_ntuple	/eos/ihep/cms/store/user/coli/datasets/hh4b/inference/VBFH_ntuple/selected_ntuples_0000.root	35	116	116	False	model1	137	125	5.990261082881614e-14	4.343070645702391e-16	1.0
VBFH_ntuple	/eos/ihep/cms/store/user/coli/datasets/hh4b/inference/VBFH_ntuple/selected_ntuples_0000.root	36	60	60	False	model1	137	120	1.5476745329974615e-13	2.508481932304743e-15	1.0
VBFH_ntuple	/eos/ihep/cms/store/user/coli/datasets/hh4b/inference/VBFH_ntuple/selected_ntuples_0000.root	37	95	95	False	model1	137	128	6.1880818330536246e-12	7.276529368199086e-14	1.0
VBFH_ntuple	/eos/ihep/cms/store/user/coli/datasets/hh4b/inference/VBFH_ntuple/selected_ntuples_0000.root	38	89	89	False	model1	137	125	8.352137587753767e-13	4.157269892376102e-14	1.0
VBFH_ntuple	/eos/ihep/cms/store/user/coli/datasets/hh4b/inference/VBFH_ntuple/selected_ntuples_0000.root	39	130	130	False	model1	137	125	1.6436063991292248e-13	9.653919314685775e-16	1.0
VBFH_ntuple	/eos/ihep/cms/store/user/coli/datasets/hh4b/inference/VBFH_ntuple/selected_ntuples_0000.root	40	95	95	False	model1	137	125	5.2201237011247583e-11	4.885946161548027e-11	1.0
VBFH_ntuple	/eos/ihep/cms/store/user/coli/datasets/hh4b/inference/VBFH_ntuple/selected_ntuples_0000.root	41	35	35	False	model1	137	120	4.3066659483175845e-13	2.4014768106495228e-14	1.0
VBFH_ntuple	/eos/ihep/cms/store/user/coli/datasets/hh4b/inference/VBFH_ntuple/selected_ntuples_0000.root	42	153	153	False	model1	137	128	3.5534103558342717e-06	5.7410103181609884e-05	0.99993896484375
VBFH_ntuple	/eos/ihep/cms/store/user/coli/datasets/hh4b/inference/VBFH_ntuple/selected_ntuples_0000.root	43	86	86	False	model1	137	120	7.297972733730686e-14	1.5477376706177497e-15	1.0
VBFH_ntuple	/eos/ihep/cms/store/user/coli/datasets/hh4b/inference/VBFH_ntuple/selected_ntuples_0000.root	44	100	100	False	model1	137	125	1.892351792346059e-12	7.356280569501689e-14	1.0
VBFH_ntuple	/eos/ihep/cms/store/user/coli/datasets/hh4b/inference/VBFH_ntuple/selected_ntuples_0000.root	45	118	118	False	model1	137	120	1.0845989520908911e-13	1.266005300877668e-15	1.0
VBFH_ntuple	/eos/ihep/cms/store/user/coli/datasets/hh4b/inference/VBFH_ntuple/selected_ntuples_0000.root	46	37	37	False	model1	137	120	2.763074555822839e-13	4.520407316424124e-15	1.0
VBFH_ntuple	/eos/ihep/cms/store/user/coli/datasets/hh4b/inference/VBFH_ntuple/selected_ntuples_0000.root	47	70	70	False	model1	137	120	1.4474624493291737e-13	1.5205660183401342e-15	1.0
VBFH_ntuple	/eos/ihep/cms/store/user/coli/datasets/hh4b/inference/VBFH_ntuple/selected_ntuples_0000.root	48	59	59	False	model1	137	120	1.9873587275497816e-13	3.1990479889269135e-15	1.0
VBFH_ntuple	/eos/ihep/cms/store/user/coli/datasets/hh4b/inference/VBFH_ntuple/selected_ntuples_0000.root	49	45	45	False	model1	137	120	2.506885127826344e-13	6.628284381050235e-15	1.0
VBFH_ntuple	/eos/ihep/cms/store/user/coli/datasets/hh4b/inference/VBFH_ntuple/selected_ntuples_0000.root	50	109	109	False	model1	137	125	1.9180638361862875e-12	5.654302032013017e-14	1.0
VBFH_ntuple	/eos/ihep/cms/store/user/coli/datasets/hh4b/inference/VBFH_ntuple/selected_ntuples_0000.root	51	21	21	False	model1	137	120	1.1817311721688637e-11	8.642266589864445e-13	1.0
VBFH_ntuple	/eos/ihep/cms/store/user/coli/datasets/hh4b/inference/VBFH_ntuple/selected_ntuples_0000.root	52	60	60	False	model1	137	120	4.3696634889401006e-13	1.9153036158480775e-14	1.0
VBFH_ntuple	/eos/ihep/cms/store/user/coli/datasets/hh4b/inference/VBFH_ntuple/selected_ntuples_0000.root	53	68	68	False	model1	137	125	3.5405472637883635e-09	5.4473985322545104e-09	1.0
VBFH_ntuple	/eos/ihep/cms/store/user/coli/datasets/hh4b/inference/VBFH_ntuple/selected_ntuples_0000.root	54	35	35	False	model1	137	120	4.445107466464306e-13	1.927599146110421e-14	1.0
VBFH_ntuple	/eos/ihep/cms/store/user/coli/datasets/hh4b/inference/VBFH_ntuple/selected_ntuples_0000.root	55	89	89	False	model1	137	125	2.0160235914587674e-13	1.3107254641191429e-14	1.0
VBFH_ntuple	/eos/ihep/cms/store/user/coli/datasets/hh4b/inference/VBFH_ntuple/selected_ntuples_0000.root	56	60	60	False	model1	137	125	8.2250990697321e-14	1.9570088500170954e-15	1.0
VBFH_ntuple	/eos/ihep/cms/store/user/coli/datasets/hh4b/inference/VBFH_ntuple/selected_ntuples_0000.root	57	67	67	False	model1	137	120	2.2215377552382116e-08	1.1678009670390566e-08	1.0
VBFH_ntuple	/eos/ihep/cms/store/user/coli/datasets/hh4b/inference/VBFH_ntuple/selected_ntuples_0000.root	58	36	36	False	model1	137	120	7.858827252192209e-13	1.6245671799995642e-14	1.0
VBFH_ntuple	/eos/ihep/cms/store/user/coli/datasets/hh4b/inference/VBFH_ntuple/selected_ntuples_0000.root	59	49	49	False	model1	137	120	2.5761346960397183e-13	4.85452030950153e-15	1.0
VBFH_ntuple	/eos/ihep/cms/store/user/coli/datasets/hh4b/inference/VBFH_ntuple/selected_ntuples_0000.root	60	62	62	False	model1	137	120	1.0271358415872319e-13	1.4979515091978653e-15	1.0
VBFH_ntuple	/eos/ihep/cms/store/user/coli/datasets/hh4b/inference/VBFH_ntuple/selected_ntuples_0000.root	61	58	58	False	model1	137	120	1.6535989478306675e-13	3.3798992640446e-15	1.0
VBFH_ntuple	/eos/ihep/cms/store/user/coli/datasets/hh4b/inference/VBFH_ntuple/selected_ntuples_0000.root	62	135	135	False	model1	137	125	1.586289027454423e-12	5.900675456062265e-14	1.0
VBFH_ntuple	/eos/ihep/cms/store/user/coli/datasets/hh4b/inference/VBFH_ntuple/selected_ntuples_0000.root	63	92	92	False	model1	137	125	4.270073878652713e-12	1.0215625003903717e-12	1.0
VBFH_ntuple	/eos/ihep/cms/store/user/coli/datasets/hh4b/inference/VBFH_ntuple/selected_ntuples_0000.root	64	100	100	False	model1	137	83	5.409918564461963e-07	6.0306600062176585e-05	0.9999392032623291
VBFH_ntuple	/eos/ihep/cms/store/user/coli/datasets/hh4b/inference/VBFH_ntuple/selected_ntuples_0000.root	65	95	95	False	model1	137	120	3.7489364832936206e-14	2.416351799758228e-16	1.0
VBFH_ntuple	/eos/ihep/cms/store/user/coli/datasets/hh4b/inference/VBFH_ntuple/selected_ntuples_0000.root	66	59	59	False	model1	137	120	2.494991204576766e-13	2.5509316237311026e-15	1.0
VBFH_ntuple	/eos/ihep/cms/store/user/coli/datasets/hh4b/inference/VBFH_ntuple/selected_ntuples_0000.root	67	58	58	False	model1	137	120	1.036544439570785e-13	8.55061496105291e-16	1.0
VBFH_ntuple	/eos/ihep/cms/store/user/coli/datasets/hh4b/inference/VBFH_ntuple/selected_ntuples_0000.root	68	87	87	False	model1	137	120	4.4299678566928754e-14	4.960888801193593e-16	1.0
VBFH_ntuple	/eos/ihep/cms/store/user/coli/datasets/hh4b/inference/VBFH_ntuple/selected_ntuples_0000.root	69	44	44	False	model1	137	120	2.1884798623798378e-13	6.532844943718356e-15	1.0
VBFH_ntuple	/eos/ihep/cms/store/user/coli/datasets/hh4b/inference/VBFH_ntuple/selected_ntuples_0000.root	70	98	98	False	model1	137	125	7.594642524266298e-13	5.9379076362917754e-15	1.0
VBFH_ntuple	/eos/ihep/cms/store/user/coli/datasets/hh4b/inference/VBFH_ntuple/selected_ntuples_0000.root	71	78	78	False	model1	137	120	7.920471249562721e-14	6.768016653501698e-16	1.0
VBFH_ntuple	/eos/ihep/cms/store/user/coli/datasets/hh4b/inference/VBFH_ntuple/selected_ntuples_0000.root	72	51	51	False	model1	137	120	8.993307555988087e-14	2.144088146637706e-15	1.0
VBFH_ntuple	/eos/ihep/cms/store/user/coli/datasets/hh4b/inference/VBFH_ntuple/selected_ntuples_0000.root	73	90	90	False	model1	137	120	5.832598825911182e-11	5.580241997649171e-12	1.0
VBFH_ntuple	/eos/ihep/cms/store/user/coli/datasets/hh4b/inference/VBFH_ntuple/selected_ntuples_0000.root	74	59	59	False	model1	137	120	1.2535032692058156e-13	1.4455863442118283e-15	1.0
VBFH_ntuple	/eos/ihep/cms/store/user/coli/datasets/hh4b/inference/VBFH_ntuple/selected_ntuples_0000.root	75	70	70	False	model1	137	125	4.352238663980579e-11	2.5252985466628353e-11	1.0
VBFH_ntuple	/eos/ihep/cms/store/user/coli/datasets/hh4b/inference/VBFH_ntuple/selected_ntuples_0000.root	76	103	103	False	model1	137	128	2.1272851913757567e-11	1.8007531230046503e-12	1.0
VBFH_ntuple	/eos/ihep/cms/store/user/coli/datasets/hh4b/inference/VBFH_ntuple/selected_ntuples_0000.root	77	62	62	False	model1	137	125	6.236122594779806e-13	6.535935766942887e-15	1.0
VBFH_ntuple	/eos/ihep/cms/store/user/coli/datasets/hh4b/inference/VBFH_ntuple/selected_ntuples_0000.root	78	65	65	False	model1	137	125	3.550805131014936e-13	2.121520224307536e-14	1.0
VBFH_ntuple	/eos/ihep/cms/store/user/coli/datasets/hh4b/inference/VBFH_ntuple/selected_ntuples_0000.root	79	101	101	False	model1	137	120	6.386489638788411e-14	1.1717303220900276e-15	1.0
VBFH_ntuple	/eos/ihep/cms/store/user/coli/datasets/hh4b/inference/VBFH_ntuple/selected_ntuples_0000.root	80	85	85	False	model1	137	125	8.33778636064954e-14	1.2788242975014146e-15	1.0
VBFH_ntuple	/eos/ihep/cms/store/user/coli/datasets/hh4b/inference/VBFH_ntuple/selected_ntuples_0000.root	81	122	122	False	model1	137	125	2.5168178477275232e-14	1.490614536278528e-16	1.0
VBFH_ntuple	/eos/ihep/cms/store/user/coli/datasets/hh4b/inference/VBFH_ntuple/selected_ntuples_0000.root	82	80	80	False	model1	137	120	5.1136230689481705e-14	3.964606266352921e-16	1.0
VBFH_ntuple	/eos/ihep/cms/store/user/coli/datasets/hh4b/inference/VBFH_ntuple/selected_ntuples_0000.root	83	116	116	False	model1	137	120	5.5366605493169175e-14	5.320450052138308e-16	1.0
VBFH_ntuple	/eos/ihep/cms/store/user/coli/datasets/hh4b/inference/VBFH_ntuple/selected_ntuples_0000.root	84	141	141	False	model1	137	125	1.0755299234867808e-13	5.957894225715188e-16	1.0
VBFH_ntuple	/eos/ihep/cms/store/user/coli/datasets/hh4b/inference/VBFH_ntuple/selected_ntuples_0000.root	85	42	42	False	model1	137	120	4.629770701395106e-13	8.696112880897215e-15	1.0
VBFH_ntuple	/eos/ihep/cms/store/user/coli/datasets/hh4b/inference/VBFH_ntuple/selected_ntuples_0000.root	86	110	110	False	model1	137	134	4.6890527901036344e-11	2.2681392354562124e-12	1.0
VBFH_ntuple	/eos/ihep/cms/store/user/coli/datasets/hh4b/inference/VBFH_ntuple/selected_ntuples_0000.root	87	78	78	False	model1	137	93	1.8456560410623154e-06	1.478222912965066e-07	0.9999979734420776
VBFH_ntuple	/eos/ihep/cms/store/user/coli/datasets/hh4b/inference/VBFH_ntuple/selected_ntuples_0000.root	88	60	60	False	model1	137	125	1.3883960701061864e-13	4.305150833538388e-15	1.0
VBFH_ntuple	/eos/ihep/cms/store/user/coli/datasets/hh4b/inference/VBFH_ntuple/selected_ntuples_0000.root	89	66	66	False	model1	137	120	8.266706685300244e-14	1.100411312601518e-15	1.0
VBFH_ntuple	/eos/ihep/cms/store/user/coli/datasets/hh4b/inference/VBFH_ntuple/selected_ntuples_0000.root	90	52	52	False	model1	137	120	2.1577984706621537e-13	2.1590835944194225e-15	1.0
VBFH_ntuple	/eos/ihep/cms/store/user/coli/datasets/hh4b/inference/VBFH_ntuple/selected_ntuples_0000.root	91	88	88	False	model1	137	120	8.020040953692377e-14	8.673679319168303e-16	1.0
VBFH_ntuple	/eos/ihep/cms/store/user/coli/datasets/hh4b/inference/VBFH_ntuple/selected_ntuples_0000.root	92	66	66	False	model1	137	125	6.7409430532907e-13	4.670742416966467e-13	1.0
VBFH_ntuple	/eos/ihep/cms/store/user/coli/datasets/hh4b/inference/VBFH_ntuple/selected_ntuples_0000.root	93	52	52	False	model1	137	120	1.9466387517529738e-13	2.6748629200680106e-15	1.0
VBFH_ntuple	/eos/ihep/cms/store/user/coli/datasets/hh4b/inference/VBFH_ntuple/selected_ntuples_0000.root	94	78	78	False	model1	137	125	4.447826843064148e-14	8.910994128187317e-16	1.0
VBFH_ntuple	/eos/ihep/cms/store/user/coli/datasets/hh4b/inference/VBFH_ntuple/selected_ntuples_0000.root	95	123	123	False	model1	137	120	1.6134190095994157e-13	9.425108187061603e-16	1.0
VBFH_ntuple	/eos/ihep/cms/store/user/coli/datasets/hh4b/inference/VBFH_ntuple/selected_ntuples_0000.root	96	45	45	False	model1	137	120	3.4194467758823635e-13	4.762732431205265e-15	1.0
VBFH_ntuple	/eos/ihep/cms/store/user/coli/datasets/hh4b/inference/VBFH_ntuple/selected_ntuples_0000.root	97	175	175	False	model1	137	125	1.1200948183825202e-11	1.1044623196695622e-13	1.0
VBFH_ntuple	/eos/ihep/cms/store/user/coli/datasets/hh4b/inference/VBFH_ntuple/selected_ntuples_0000.root	98	188	188	False	model1	136	109	0.24513146679873898	0.7375817894935608	0.01728668622672558
VBFH_ntuple	/eos/ihep/cms/store/user/coli/datasets/hh4b/inference/VBFH_ntuple/selected_ntuples_0000.root	99	64	64	False	model1	137	120	1.6971963748381626e-13	2.803702984092494e-15	1.0
VBFH_ntuple	/eos/ihep/cms/store/user/coli/datasets/hh4b/inference/VBFH_ntuple/selected_ntuples_0000.root	100	85	85	False	model1	137	125	2.520194655425509e-13	3.6820534922638645e-15	1.0
VBFH_ntuple	/eos/ihep/cms/store/user/coli/datasets/hh4b/inference/VBFH_ntuple/selected_ntuples_0000.root	101	97	97	False	model1	137	120	6.637806274903837e-14	8.636568688166724e-16	1.0
VBFH_ntuple	/eos/ihep/cms/store/user/coli/datasets/hh4b/inference/VBFH_ntuple/selected_ntuples_0000.root	102	98	98	False	model1	137	125	1.6252611595065813e-13	7.915420189346582e-16	1.0
VBFH_ntuple	/eos/ihep/cms/store/user/coli/datasets/hh4b/inference/VBFH_ntuple/selected_ntuples_0000.root	103	76	76	False	model1	137	120	3.5632383069636235e-13	1.578379151012145e-14	1.0
VBFH_ntuple	/eos/ihep/cms/store/user/coli/datasets/hh4b/inference/VBFH_ntuple/selected_ntuples_0000.root	104	114	114	False	model1	137	120	5.3919114603638164e-14	4.341728892574381e-16	1.0
VBFH_ntuple	/eos/ihep/cms/store/user/coli/datasets/hh4b/inference/VBFH_ntuple/selected_ntuples_0000.root	105	68	68	False	model1	137	128	8.402304589583392e-08	5.514893928193487e-07	0.9999994039535522
VBFH_ntuple	/eos/ihep/cms/store/user/coli/datasets/hh4b/inference/VBFH_ntuple/selected_ntuples_0000.root	106	69	69	False	model1	137	125	3.4729166345463426e-13	1.0630949584728745e-14	1.0
VBFH_ntuple	/eos/ihep/cms/store/user/coli/datasets/hh4b/inference/VBFH_ntuple/selected_ntuples_0000.root	107	58	58	False	model1	137	120	1.6673745438310233e-13	3.4338321811368862e-15	1.0
VBFH_ntuple	/eos/ihep/cms/store/user/coli/datasets/hh4b/inference/VBFH_ntuple/selected_ntuples_0000.root	108	160	160	False	model1	137	125	1.366962651162013e-13	8.567723967796263e-16	1.0
VBFH_ntuple	/eos/ihep/cms/store/user/coli/datasets/hh4b/inference/VBFH_ntuple/selected_ntuples_0000.root	109	86	86	False	model1	137	120	3.996099869162639e-14	4.92848290881842e-16	1.0
VBFH_ntuple	/eos/ihep/cms/store/user/coli/datasets/hh4b/inference/VBFH_ntuple/selected_ntuples_0000.root	110	101	101	False	model1	136	1	0.029900331254793855	0.969993531703949	0.00010613207268761471
VBFH_ntuple	/eos/ihep/cms/store/user/coli/datasets/hh4b/inference/VBFH_ntuple/selected_ntuples_0000.root	111	91	91	False	model1	137	120	3.3659188498108293e-13	5.329756191371554e-15	1.0
VBFH_ntuple	/eos/ihep/cms/store/user/coli/datasets/hh4b/inference/VBFH_ntuple/selected_ntuples_0000.root	112	87	87	False	model1	137	120	1.0903694382907265e-13	1.1316365469273373e-15	1.0
VBFH_ntuple	/eos/ihep/cms/store/user/coli/datasets/hh4b/inference/VBFH_ntuple/selected_ntuples_0000.root	113	63	63	False	model1	137	120	1.5371462323872124e-13	3.1116193656936927e-15	1.0
VBFH_ntuple	/eos/ihep/cms/store/user/coli/datasets/hh4b/inference/VBFH_ntuple/selected_ntuples_0000.root	114	125	125	False	model1	137	125	1.9556665552367447e-12	9.75469433960735e-14	1.0
VBFH_ntuple	/eos/ihep/cms/store/user/coli/datasets/hh4b/inference/VBFH_ntuple/selected_ntuples_0000.root	115	34	34	False	model1	137	120	5.349869970054642e-13	2.163124110984415e-14	1.0
VBFH_ntuple	/eos/ihep/cms/store/user/coli/datasets/hh4b/inference/VBFH_ntuple/selected_ntuples_0000.root	116	159	159	False	model1	137	72	0.000154540905954903	0.00015262232045643032	0.9996930360794067
VBFH_ntuple	/eos/ihep/cms/store/user/coli/datasets/hh4b/inference/VBFH_ntuple/selected_ntuples_0000.root	117	101	101	False	model1	137	125	2.5720295440051144e-13	3.0375219822590706e-15	1.0
VBFH_ntuple	/eos/ihep/cms/store/user/coli/datasets/hh4b/inference/VBFH_ntuple/selected_ntuples_0000.root	118	52	52	False	model1	137	125	2.940730233081544e-12	3.923927697525864e-13	1.0
VBFH_ntuple	/eos/ihep/cms/store/user/coli/datasets/hh4b/inference/VBFH_ntuple/selected_ntuples_0000.root	119	94	94	False	model1	137	120	1.1859284273359216e-13	1.3489723898194635e-15	1.0
VBFH_ntuple	/eos/ihep/cms/store/user/coli/datasets/hh4b/inference/VBFH_ntuple/selected_ntuples_0000.root	120	132	132	False	model1	137	125	3.9922218276187597e-13	7.92699764742789e-15	1.0
VBFH_ntuple	/eos/ihep/cms/store/user/coli/datasets/hh4b/inference/VBFH_ntuple/selected_ntuples_0000.root	121	73	73	False	model1	137	125	5.3067209367714106e-14	6.552908401381732e-16	1.0
VBFH_ntuple	/eos/ihep/cms/store/user/coli/datasets/hh4b/inference/VBFH_ntuple/selected_ntuples_0000.root	122	163	163	False	model1	137	125	9.823295047237151e-12	2.3573525943787477e-13	1.0
VBFH_ntuple	/eos/ihep/cms/store/user/coli/datasets/hh4b/inference/VBFH_ntuple/selected_ntuples_0000.root	123	39	39	False	model1	137	120	1.0225131974400603e-12	2.3568434259334942e-14	1.0
VBFH_ntuple	/eos/ihep/cms/store/user/coli/datasets/hh4b/inference/VBFH_ntuple/selected_ntuples_0000.root	124	137	137	False	model1	136	9	0.04083877521179602	0.9521449208259583	0.0070162382908165455
VBFH_ntuple	/eos/ihep/cms/store/user/coli/datasets/hh4b/inference/VBFH_ntuple/selected_ntuples_0000.root	125	172	172	False	model1	137	86	4.622149332337644e-08	6.318161549501156e-10	1.0
VBFH_ntuple	/eos/ihep/cms/store/user/coli/datasets/hh4b/inference/VBFH_ntuple/selected_ntuples_0000.root	126	70	70	False	model1	137	120	9.892659923816577e-14	2.9978192186806566e-15	1.0
VBFH_ntuple	/eos/ihep/cms/store/user/coli/datasets/hh4b/inference/VBFH_ntuple/selected_ntuples_0000.root	127	66	66	False	model1	137	125	1.9635745790259524e-11	9.53688256838392e-12	1.0
VBFH_ntuple	/eos/ihep/cms/store/user/coli/datasets/hh4b/inference/VBFH_ntuple/selected_ntuples_0000.root	128	61	61	False	model1	137	120	1.3630538395309398e-13	5.7665130605137095e-15	1.0
VBFH_ntuple	/eos/ihep/cms/store/user/coli/datasets/hh4b/inference/VBFH_ntuple/selected_ntuples_0000.root	129	93	93	False	model1	137	89	2.20913513527035e-08	7.331157014789369e-09	1.0
VBFH_ntuple	/eos/ihep/cms/store/user/coli/datasets/hh4b/inference/VBFH_ntuple/selected_ntuples_0000.root	130	125	125	False	model1	137	125	1.682781544093823e-13	1.8269880220641395e-15	1.0
VBFH_ntuple	/eos/ihep/cms/store/user/coli/datasets/hh4b/inference/VBFH_ntuple/selected_ntuples_0000.root	131	121	121	False	model1	137	13	2.8232735948469223e-09	4.5114179059169146e-10	1.0
VBFH_ntuple	/eos/ihep/cms/store/user/coli/datasets/hh4b/inference/VBFH_ntuple/selected_ntuples_0000.root	132	110	110	False	model1	137	39	1.0943552682038393e-05	2.8376646241667913e-06	0.9999861717224121
VBFH_ntuple	/eos/ihep/cms/store/user/coli/datasets/hh4b/inference/VBFH_ntuple/selected_ntuples_0000.root	133	152	152	False	model1	136	13	0.03838481961884099	0.837537407875061	0.12407772243022919
VBFH_ntuple	/eos/ihep/cms/store/user/coli/datasets/hh4b/inference/VBFH_ntuple/selected_ntuples_0000.root	134	103	103	False	model1	137	120	1.1289272401598899e-13	1.3262511545258406e-15	1.0
VBFH_ntuple	/eos/ihep/cms/store/user/coli/datasets/hh4b/inference/VBFH_ntuple/selected_ntuples_0000.root	135	84	84	False	model1	137	125	1.1877244995805704e-13	3.185579318032623e-15	1.0
VBFH_ntuple	/eos/ihep/cms/store/user/coli/datasets/hh4b/inference/VBFH_ntuple/selected_ntuples_0000.root	136	60	60	False	model1	137	120	2.9717031695181493e-10	3.070758536338758e-09	1.0
VBFH_ntuple	/eos/ihep/cms/store/user/coli/datasets/hh4b/inference/VBFH_ntuple/selected_ntuples_0000.root	137	117	117	False	model1	137	120	3.2423114143453747e-14	2.5508426323320817e-16	1.0
VBFH_ntuple	/eos/ihep/cms/store/user/coli/datasets/hh4b/inference/VBFH_ntuple/selected_ntuples_0000.root	138	76	76	False	model1	137	125	4.893465568274799e-13	2.459270376860452e-14	1.0
VBFH_ntuple	/eos/ihep/cms/store/user/coli/datasets/hh4b/inference/VBFH_ntuple/selected_ntuples_0000.root	139	57	57	False	model1	137	120	1.5659766979624295e-13	2.766412782106097e-15	1.0
VBFH_ntuple	/eos/ihep/cms/store/user/coli/datasets/hh4b/inference/VBFH_ntuple/selected_ntuples_0000.root	140	78	78	False	model1	137	128	1.6493632420402308e-07	1.5583481172143365e-07	0.9999997615814209
VBFH_ntuple	/eos/ihep/cms/store/user/coli/datasets/hh4b/inference/VBFH_ntuple/selected_ntuples_0000.root	141	122	122	False	model1	137	128	6.760337251258871e-09	6.145899345000316e-10	1.0
VBFH_ntuple	/eos/ihep/cms/store/user/coli/datasets/hh4b/inference/VBFH_ntuple/selected_ntuples_0000.root	142	112	112	False	model1	137	83	2.6085186324463147e-07	3.785158241953468e-06	0.9999959468841553
VBFH_ntuple	/eos/ihep/cms/store/user/coli/datasets/hh4b/inference/VBFH_ntuple/selected_ntuples_0000.root	143	104	104	False	model1	137	125	1.3034997552047793e-12	2.5915242377722546e-14	1.0
VBFH_ntuple	/eos/ihep/cms/store/user/coli/datasets/hh4b/inference/VBFH_ntuple/selected_ntuples_0000.root	144	69	69	False	model1	137	120	7.902555214316213e-14	1.2620225519596783e-15	1.0
VBFH_ntuple	/eos/ihep/cms/store/user/coli/datasets/hh4b/inference/VBFH_ntuple/selected_ntuples_0000.root	145	69	69	False	model1	137	120	1.728608846211112e-13	2.3123061371053315e-15	1.0
VBFH_ntuple	/eos/ihep/cms/store/user/coli/datasets/hh4b/inference/VBFH_ntuple/selected_ntuples_0000.root	146	62	62	False	model1	137	120	1.580901197532623e-13	3.5176911957721406e-15	1.0
VBFH_ntuple	/eos/ihep/cms/store/user/coli/datasets/hh4b/inference/VBFH_ntuple/selected_ntuples_0000.root	147	113	113	False	model1	137	83	2.2420074789530897e-05	8.78796709002927e-05	0.9998897314071655
VBFH_ntuple	/eos/ihep/cms/store/user/coli/datasets/hh4b/inference/VBFH_ntuple/selected_ntuples_0000.root	148	108	108	False	model1	137	35	3.3241996937771745e-05	0.0012134220451116562	0.9987533092498779
VBFH_ntuple	/eos/ihep/cms/store/user/coli/datasets/hh4b/inference/VBFH_ntuple/selected_ntuples_0000.root	149	147	147	False	model1	137	125	1.3875941928869125e-13	6.165100189832863e-16	1.0
VBFH_ntuple	/eos/ihep/cms/store/user/coli/datasets/hh4b/inference/VBFH_ntuple/selected_ntuples_0000.root	150	105	105	False	model1	137	120	5.70163727833448e-14	6.517458484352364e-16	1.0
VBFH_ntuple	/eos/ihep/cms/store/user/coli/datasets/hh4b/inference/VBFH_ntuple/selected_ntuples_0000.root	151	118	118	False	model1	137	125	9.304723678882734e-14	1.5178479954915136e-15	1.0
VBFH_ntuple	/eos/ihep/cms/store/user/coli/datasets/hh4b/inference/VBFH_ntuple/selected_ntuples_0000.root	152	206	206	False	model1	137	128	1.7392177117166608e-08	5.40822109318384e-10	1.0
VBFH_ntuple	/eos/ihep/cms/store/user/coli/datasets/hh4b/inference/VBFH_ntuple/selected_ntuples_0000.root	153	105	105	False	model1	137	125	3.901190437781516e-13	7.248543738434983e-15	1.0
VBFH_ntuple	/eos/ihep/cms/store/user/coli/datasets/hh4b/inference/VBFH_ntuple/selected_ntuples_0000.root	154	74	74	False	model1	137	120	6.11575358882191e-14	5.665944732807088e-16	1.0
VBFH_ntuple	/eos/ihep/cms/store/user/coli/datasets/hh4b/inference/VBFH_ntuple/selected_ntuples_0000.root	155	66	66	False	model1	137	120	7.77043952877355e-14	1.3582565061960811e-15	1.0
VBFH_ntuple	/eos/ihep/cms/store/user/coli/datasets/hh4b/inference/VBFH_ntuple/selected_ntuples_0000.root	156	83	83	False	model1	137	50	0.6141778365128516	0.011818945407867432	0.37400326132774353
VBFH_ntuple	/eos/ihep/cms/store/user/coli/datasets/hh4b/inference/VBFH_ntuple/selected_ntuples_0000.root	157	89	89	False	model1	137	120	5.179250795693178e-14	7.360862954218863e-16	1.0
VBFH_ntuple	/eos/ihep/cms/store/user/coli/datasets/hh4b/inference/VBFH_ntuple/selected_ntuples_0000.root	158	41	41	False	model1	137	120	6.636909147366189e-13	1.4460697247390027e-14	1.0
VBFH_ntuple	/eos/ihep/cms/store/user/coli/datasets/hh4b/inference/VBFH_ntuple/selected_ntuples_0000.root	159	46	46	False	model1	137	120	4.380094747096816e-13	1.1682185234907112e-14	1.0
VBFH_ntuple	/eos/ihep/cms/store/user/coli/datasets/hh4b/inference/VBFH_ntuple/selected_ntuples_0000.root	160	104	104	False	model1	137	125	7.065185957751351e-14	7.592696930673549e-16	1.0
VBFH_ntuple	/eos/ihep/cms/store/user/coli/datasets/hh4b/inference/VBFH_ntuple/selected_ntuples_0000.root	161	94	94	False	model1	137	125	4.942930577128692e-13	1.9310287825138536e-14	1.0
VBFH_ntuple	/eos/ihep/cms/store/user/coli/datasets/hh4b/inference/VBFH_ntuple/selected_ntuples_0000.root	162	68	68	False	model1	137	125	1.8202150791924515e-13	4.3245402647339864e-15	1.0
VBFH_ntuple	/eos/ihep/cms/store/user/coli/datasets/hh4b/inference/VBFH_ntuple/selected_ntuples_0000.root	163	137	137	False	model1	136	9	0.027284970003165654	0.9232380986213684	0.04947690665721893
VBFH_ntuple	/eos/ihep/cms/store/user/coli/datasets/hh4b/inference/VBFH_ntuple/selected_ntuples_0000.root	164	63	63	False	model1	137	120	1.6057577406075388e-13	2.9516690520659796e-15	1.0
VBFH_ntuple	/eos/ihep/cms/store/user/coli/datasets/hh4b/inference/VBFH_ntuple/selected_ntuples_0000.root	165	109	109	False	model1	137	120	2.0348374773995072e-13	1.1980126956521444e-15	1.0
VBFH_ntuple	/eos/ihep/cms/store/user/coli/datasets/hh4b/inference/VBFH_ntuple/selected_ntuples_0000.root	166	75	75	False	model1	137	125	4.587377645402463e-12	2.556038334548122e-13	1.0
VBFH_ntuple	/eos/ihep/cms/store/user/coli/datasets/hh4b/inference/VBFH_ntuple/selected_ntuples_0000.root	167	91	91	False	model1	137	125	9.404057950139492e-14	1.0421664684121153e-15	1.0
VBFH_ntuple	/eos/ihep/cms/store/user/coli/datasets/hh4b/inference/VBFH_ntuple/selected_ntuples_0000.root	168	70	70	False	model1	137	125	2.1045862928594982e-13	1.1154109320204997e-14	1.0
VBFH_ntuple	/eos/ihep/cms/store/user/coli/datasets/hh4b/inference/VBFH_ntuple/selected_ntuples_0000.root	169	82	82	False	model1	137	125	1.1569342358322282e-13	2.6670786872827435e-15	1.0
VBFH_ntuple	/eos/ihep/cms/store/user/coli/datasets/hh4b/inference/VBFH_ntuple/selected_ntuples_0000.root	170	44	44	False	model1	137	120	4.40052132502726e-13	1.0697340027134537e-14	1.0
VBFH_ntuple	/eos/ihep/cms/store/user/coli/datasets/hh4b/inference/VBFH_ntuple/selected_ntuples_0000.root	171	77	77	False	model1	137	83	3.176111329212909e-08	1.0834685149063716e-08	1.0
VBFH_ntuple	/eos/ihep/cms/store/user/coli/datasets/hh4b/inference/VBFH_ntuple/selected_ntuples_0000.root	172	92	92	False	model1	137	120	1.3261060472198004e-13	1.8984411803956705e-15	1.0
VBFH_ntuple	/eos/ihep/cms/store/user/coli/datasets/hh4b/inference/VBFH_ntuple/selected_ntuples_0000.root	173	82	82	False	model1	137	120	3.0098754155803833e-13	3.2816157018340786e-14	1.0
VBFH_ntuple	/eos/ihep/cms/store/user/coli/datasets/hh4b/inference/VBFH_ntuple/selected_ntuples_0000.root	174	119	119	False	model1	137	125	5.9278178119282025e-12	1.3784321449029913e-13	1.0
VBFH_ntuple	/eos/ihep/cms/store/user/coli/datasets/hh4b/inference/VBFH_ntuple/selected_ntuples_0000.root	175	85	85	False	model1	137	120	1.627007716466891e-13	3.4808359452041587e-15	1.0
VBFH_ntuple	/eos/ihep/cms/store/user/coli/datasets/hh4b/inference/VBFH_ntuple/selected_ntuples_0000.root	176	104	104	False	model1	137	125	5.116524303151717e-13	1.0159652829579927e-14	1.0
VBFH_ntuple	/eos/ihep/cms/store/user/coli/datasets/hh4b/inference/VBFH_ntuple/selected_ntuples_0000.root	177	71	71	False	model1	137	125	2.643107128620233e-13	5.504481724214697e-15	1.0
VBFH_ntuple	/eos/ihep/cms/store/user/coli/datasets/hh4b/inference/VBFH_ntuple/selected_ntuples_0000.root	178	49	49	False	model1	137	120	3.287976370440343e-13	5.762884371367672e-15	1.0
VBFH_ntuple	/eos/ihep/cms/store/user/coli/datasets/hh4b/inference/VBFH_ntuple/selected_ntuples_0000.root	179	87	87	False	model1	137	38	1.4072653333439822e-06	4.178166818746831e-06	0.9999945163726807
VBFH_ntuple	/eos/ihep/cms/store/user/coli/datasets/hh4b/inference/VBFH_ntuple/selected_ntuples_0000.root	180	90	90	False	model1	137	125	1.1361373660653275e-13	4.761206501350786e-15	1.0
VBFH_ntuple	/eos/ihep/cms/store/user/coli/datasets/hh4b/inference/VBFH_ntuple/selected_ntuples_0000.root	181	86	86	False	model1	137	125	1.5649901183220667e-11	6.1133680583080885e-12	1.0
VBFH_ntuple	/eos/ihep/cms/store/user/coli/datasets/hh4b/inference/VBFH_ntuple/selected_ntuples_0000.root	182	141	141	False	model1	137	125	8.017156460836337e-14	7.099506703178813e-16	1.0
VBFH_ntuple	/eos/ihep/cms/store/user/coli/datasets/hh4b/inference/VBFH_ntuple/selected_ntuples_0000.root	183	130	130	False	model1	136	7	0.004409192385338656	0.9955494403839111	4.13420275435783e-05
VBFH_ntuple	/eos/ihep/cms/store/user/coli/datasets/hh4b/inference/VBFH_ntuple/selected_ntuples_0000.root	184	103	103	False	model1	137	125	1.1425200358680093e-13	6.616659806761235e-16	1.0
VBFH_ntuple	/eos/ihep/cms/store/user/coli/datasets/hh4b/inference/VBFH_ntuple/selected_ntuples_0000.root	185	75	75	False	model1	137	120	5.647735442754629e-14	7.45974293350337e-16	1.0
VBFH_ntuple	/eos/ihep/cms/store/user/coli/datasets/hh4b/inference/VBFH_ntuple/selected_ntuples_0000.root	186	48	48	False	model1	137	120	1.4298196838942356e-13	1.7161917715194223e-15	1.0
VBFH_ntuple	/eos/ihep/cms/store/user/coli/datasets/hh4b/inference/VBFH_ntuple/selected_ntuples_0000.root	187	69	69	False	model1	137	120	1.143573931286632e-13	2.1730892842022724e-15	1.0
VBFH_ntuple	/eos/ihep/cms/store/user/coli/datasets/hh4b/inference/VBFH_ntuple/selected_ntuples_0000.root	188	107	107	False	model1	137	125	7.669200252492529e-14	2.1796645892135707e-15	1.0
VBFH_ntuple	/eos/ihep/cms/store/user/coli/datasets/hh4b/inference/VBFH_ntuple/selected_ntuples_0000.root	189	28	28	False	model1	137	120	9.637523500779411e-13	4.0840991206341284e-14	1.0
VBFH_ntuple	/eos/ihep/cms/store/user/coli/datasets/hh4b/inference/VBFH_ntuple/selected_ntuples_0000.root	190	77	77	False	model1	137	83	1.0545211637388842e-08	9.259712214770843e-07	0.9999990463256836
VBFH_ntuple	/eos/ihep/cms/store/user/coli/datasets/hh4b/inference/VBFH_ntuple/selected_ntuples_0000.root	191	44	44	False	model1	137	120	2.763399793105117e-13	5.5381809300212095e-15	1.0
VBFH_ntuple	/eos/ihep/cms/store/user/coli/datasets/hh4b/inference/VBFH_ntuple/selected_ntuples_0000.root	192	115	115	False	model1	137	125	7.742521187308295e-13	7.154755168317303e-15	1.0
VBFH_ntuple	/eos/ihep/cms/store/user/coli/datasets/hh4b/inference/VBFH_ntuple/selected_ntuples_0000.root	193	77	77	False	model1	137	120	6.519546293022234e-14	1.5760860634173382e-15	1.0
VBFH_ntuple	/eos/ihep/cms/store/user/coli/datasets/hh4b/inference/VBFH_ntuple/selected_ntuples_0000.root	194	58	58	False	model1	137	120	2.952418318737583e-13	3.693786592649231e-15	1.0
VBFH_ntuple	/eos/ihep/cms/store/user/coli/datasets/hh4b/inference/VBFH_ntuple/selected_ntuples_0000.root	195	104	104	False	model1	137	125	4.41365564125264e-09	1.3118342678808403e-07	0.9999998807907104
VBFH_ntuple	/eos/ihep/cms/store/user/coli/datasets/hh4b/inference/VBFH_ntuple/selected_ntuples_0000.root	196	77	77	False	model1	137	120	8.809423312583934e-14	2.173520212214188e-15	1.0
VBFH_ntuple	/eos/ihep/cms/store/user/coli/datasets/hh4b/inference/VBFH_ntuple/selected_ntuples_0000.root	197	62	62	False	model1	137	120	2.1780576230167036e-13	2.3363165565446755e-15	1.0
VBFH_ntuple	/eos/ihep/cms/store/user/coli/datasets/hh4b/inference/VBFH_ntuple/selected_ntuples_0000.root	198	99	99	False	model1	137	114	1.169044730656545e-06	4.3764040924543224e-07	0.9999984502792358
VBFH_ntuple	/eos/ihep/cms/store/user/coli/datasets/hh4b/inference/VBFH_ntuple/selected_ntuples_0000.root	199	48	48	False	model1	137	120	5.358382038156166e-13	8.548988340156827e-15	1.0
VBFH_ntuple	/eos/ihep/cms/store/user/coli/datasets/hh4b/inference/VBFH_ntuple/selected_ntuples_0000.root	200	46	46	False	model1	137	120	1.1130158786004717e-13	1.7806197444655445e-15	1.0
VBFH_ntuple	/eos/ihep/cms/store/user/coli/datasets/hh4b/inference/VBFH_ntuple/selected_ntuples_0000.root	201	89	89	False	model1	137	101	0.008679075881460108	0.44015389680862427	0.5511670708656311
VBFH_ntuple	/eos/ihep/cms/store/user/coli/datasets/hh4b/inference/VBFH_ntuple/selected_ntuples_0000.root	202	111	111	False	model1	137	128	5.230701485281486e-06	0.0004164734564255923	0.9995782971382141
VBFH_ntuple	/eos/ihep/cms/store/user/coli/datasets/hh4b/inference/VBFH_ntuple/selected_ntuples_0000.root	203	88	88	False	model1	136	48	0.0018651549400772183	0.5346118807792664	0.4635230302810669
VBFH_ntuple	/eos/ihep/cms/store/user/coli/datasets/hh4b/inference/VBFH_ntuple/selected_ntuples_0000.root	204	54	54	False	model1	137	120	2.8202014143481873e-13	3.753143273461023e-15	1.0
VBFH_ntuple	/eos/ihep/cms/store/user/coli/datasets/hh4b/inference/VBFH_ntuple/selected_ntuples_0000.root	205	48	48	False	model1	137	120	9.599313325716534e-14	2.394322431563834e-15	1.0
VBFH_ntuple	/eos/ihep/cms/store/user/coli/datasets/hh4b/inference/VBFH_ntuple/selected_ntuples_0000.root	206	140	140	False	model1	137	125	1.2153957768863796e-13	2.895561377881618e-15	1.0
VBFH_ntuple	/eos/ihep/cms/store/user/coli/datasets/hh4b/inference/VBFH_ntuple/selected_ntuples_0000.root	207	93	93	False	model1	137	38	1.4267503490095201e-05	7.203463610494509e-06	0.9999785423278809
VBFH_ntuple	/eos/ihep/cms/store/user/coli/datasets/hh4b/inference/VBFH_ntuple/selected_ntuples_0000.root	208	99	99	False	model1	137	120	4.0090695614147113e-14	4.457033370101741e-16	1.0
VBFH_ntuple	/eos/ihep/cms/store/user/coli/datasets/hh4b/inference/VBFH_ntuple/selected_ntuples_0000.root	209	110	110	False	model1	137	125	8.635994262831495e-10	6.818339226555281e-09	1.0
VBFH_ntuple	/eos/ihep/cms/store/user/coli/datasets/hh4b/inference/VBFH_ntuple/selected_ntuples_0000.root	210	72	72	False	model1	137	120	1.3105958177586918e-13	1.7347597925144206e-15	1.0
VBFH_ntuple	/eos/ihep/cms/store/user/coli/datasets/hh4b/inference/VBFH_ntuple/selected_ntuples_0000.root	211	78	78	False	model1	137	120	5.880809218451277e-14	7.505298482989075e-16	1.0
VBFH_ntuple	/eos/ihep/cms/store/user/coli/datasets/hh4b/inference/VBFH_ntuple/selected_ntuples_0000.root	212	56	56	False	model1	137	120	1.3760830328577918e-13	2.3110364347173973e-15	1.0
VBFH_ntuple	/eos/ihep/cms/store/user/coli/datasets/hh4b/inference/VBFH_ntuple/selected_ntuples_0000.root	213	105	105	False	model1	137	125	1.2734327525705083e-13	2.5384093003971318e-15	1.0
VBFH_ntuple	/eos/ihep/cms/store/user/coli/datasets/hh4b/inference/VBFH_ntuple/selected_ntuples_0000.root	214	108	108	False	model1	136	66	0.14825300001371033	0.827260434627533	0.024486547335982323
VBFH_ntuple	/eos/ihep/cms/store/user/coli/datasets/hh4b/inference/VBFH_ntuple/selected_ntuples_0000.root	215	82	82	False	model1	137	125	1.351281575204743e-13	2.412521569710303e-15	1.0
VBFH_ntuple	/eos/ihep/cms/store/user/coli/datasets/hh4b/inference/VBFH_ntuple/selected_ntuples_0000.root	216	78	78	False	model1	137	120	1.1797475453855026e-13	1.6348115988043077e-15	1.0
VBFH_ntuple	/eos/ihep/cms/store/user/coli/datasets/hh4b/inference/VBFH_ntuple/selected_ntuples_0000.root	217	131	131	False	model1	137	125	6.691605635312588e-14	3.200437758235121e-16	1.0
VBFH_ntuple	/eos/ihep/cms/store/user/coli/datasets/hh4b/inference/VBFH_ntuple/selected_ntuples_0000.root	218	110	110	False	model1	137	125	2.0440601113136067e-13	9.56301997395118e-16	1.0
VBFH_ntuple	/eos/ihep/cms/store/user/coli/datasets/hh4b/inference/VBFH_ntuple/selected_ntuples_0000.root	219	104	104	False	model1	137	120	9.25225119470935e-14	1.0106921005206848e-15	1.0
VBFH_ntuple	/eos/ihep/cms/store/user/coli/datasets/hh4b/inference/VBFH_ntuple/selected_ntuples_0000.root	220	96	96	False	model1	137	125	4.317040474211915e-14	5.88792083394251e-16	1.0
VBFH_ntuple	/eos/ihep/cms/store/user/coli/datasets/hh4b/inference/VBFH_ntuple/selected_ntuples_0000.root	221	118	118	False	model1	137	128	1.8892624724832637e-08	3.6093478428256276e-08	1.0
VBFH_ntuple	/eos/ihep/cms/store/user/coli/datasets/hh4b/inference/VBFH_ntuple/selected_ntuples_0000.root	222	85	85	False	model1	137	120	7.054152480047609e-14	6.019001300112481e-16	1.0
VBFH_ntuple	/eos/ihep/cms/store/user/coli/datasets/hh4b/inference/VBFH_ntuple/selected_ntuples_0000.root	223	70	70	False	model1	137	125	5.207769080846587e-14	6.064219095210468e-16	1.0
VBFH_ntuple	/eos/ihep/cms/store/user/coli/datasets/hh4b/inference/VBFH_ntuple/selected_ntuples_0000.root	224	115	115	False	model1	137	125	1.9004695838916625e-13	4.515562287965829e-16	1.0
VBFH_ntuple	/eos/ihep/cms/store/user/coli/datasets/hh4b/inference/VBFH_ntuple/selected_ntuples_0000.root	225	112	112	False	model1	137	120	5.891801193990581e-14	9.614558752418052e-16	1.0
VBFH_ntuple	/eos/ihep/cms/store/user/coli/datasets/hh4b/inference/VBFH_ntuple/selected_ntuples_0000.root	226	76	76	False	model1	137	120	4.2189672761707306e-11	9.62184238534336e-12	1.0
VBFH_ntuple	/eos/ihep/cms/store/user/coli/datasets/hh4b/inference/VBFH_ntuple/selected_ntuples_0000.root	227	152	152	False	model1	137	125	1.432452158553006e-12	2.2824495386156857e-14	1.0
VBFH_ntuple	/eos/ihep/cms/store/user/coli/datasets/hh4b/inference/VBFH_ntuple/selected_ntuples_0000.root	228	59	59	False	model1	137	120	1.2704034072149208e-13	2.1167497347486e-15	1.0
VBFH_ntuple	/eos/ihep/cms/store/user/coli/datasets/hh4b/inference/VBFH_ntuple/selected_ntuples_0000.root	229	73	73	False	model1	137	120	7.18745648644784e-14	9.761757196783088e-16	1.0
VBFH_ntuple	/eos/ihep/cms/store/user/coli/datasets/hh4b/inference/VBFH_ntuple/selected_ntuples_0000.root	230	115	115	False	model1	137	120	2.1046045280552922e-09	9.02339536423824e-09	1.0
VBFH_ntuple	/eos/ihep/cms/store/user/coli/datasets/hh4b/inference/VBFH_ntuple/selected_ntuples_0000.root	231	108	108	False	model1	137	125	7.099328624092359e-13	1.4051575251668516e-14	1.0
VBFH_ntuple	/eos/ihep/cms/store/user/coli/datasets/hh4b/inference/VBFH_ntuple/selected_ntuples_0000.root	232	60	60	False	model1	137	125	2.211369193702997e-12	2.0143440951705949e-13	1.0
VBFH_ntuple	/eos/ihep/cms/store/user/coli/datasets/hh4b/inference/VBFH_ntuple/selected_ntuples_0000.root	233	29	29	False	model1	137	120	1.8089463792568473e-12	1.0682461046383068e-13	1.0
VBFH_ntuple	/eos/ihep/cms/store/user/coli/datasets/hh4b/inference/VBFH_ntuple/selected_ntuples_0000.root	234	36	36	False	model1	137	120	3.9358442536722473e-13	3.0888079637428345e-14	1.0
VBFH_ntuple	/eos/ihep/cms/store/user/coli/datasets/hh4b/inference/VBFH_ntuple/selected_ntuples_0000.root	235	106	106	False	model1	137	120	4.435755173076418e-14	4.306380354800887e-16	1.0
VBFH_ntuple	/eos/ihep/cms/store/user/coli/datasets/hh4b/inference/VBFH_ntuple/selected_ntuples_0000.root	236	86	86	False	model1	137	125	9.14098112394412e-12	1.1140789896516012e-12	1.0
VBFH_ntuple	/eos/ihep/cms/store/user/coli/datasets/hh4b/inference/VBFH_ntuple/selected_ntuples_0000.root	237	32	32	False	model1	137	120	1.0852887165341035e-12	5.0051837538955465e-14	1.0
VBFH_ntuple	/eos/ihep/cms/store/user/coli/datasets/hh4b/inference/VBFH_ntuple/selected_ntuples_0000.root	238	51	51	False	model1	137	120	6.281401651332413e-14	1.9946103366116083e-15	1.0
VBFH_ntuple	/eos/ihep/cms/store/user/coli/datasets/hh4b/inference/VBFH_ntuple/selected_ntuples_0000.root	239	52	52	False	model1	137	83	3.4467938492353106e-07	9.499735398321718e-08	0.9999996423721313
VBFH_ntuple	/eos/ihep/cms/store/user/coli/datasets/hh4b/inference/VBFH_ntuple/selected_ntuples_0000.root	240	96	96	False	model1	136	82	0.003143150573890807	0.99683678150177	2.011505057453178e-05
VBFH_ntuple	/eos/ihep/cms/store/user/coli/datasets/hh4b/inference/VBFH_ntuple/selected_ntuples_0000.root	241	128	128	False	model1	137	83	3.792787704334638e-10	2.472171078959917e-10	1.0
VBFH_ntuple	/eos/ihep/cms/store/user/coli/datasets/hh4b/inference/VBFH_ntuple/selected_ntuples_0000.root	242	120	120	False	model1	137	120	1.0109521787965e-13	1.3182966681181754e-15	1.0
VBFH_ntuple	/eos/ihep/cms/store/user/coli/datasets/hh4b/inference/VBFH_ntuple/selected_ntuples_0000.root	243	114	114	False	model1	137	120	6.98219241215771e-14	1.2549080045983342e-15	1.0
VBFH_ntuple	/eos/ihep/cms/store/user/coli/datasets/hh4b/inference/VBFH_ntuple/selected_ntuples_0000.root	244	133	133	False	model1	137	120	4.83155061932215e-10	3.6713684870015584e-10	1.0
VBFH_ntuple	/eos/ihep/cms/store/user/coli/datasets/hh4b/inference/VBFH_ntuple/selected_ntuples_0000.root	245	97	97	False	model1	137	128	6.8244087844866615e-12	1.9113814806077933e-13	1.0
VBFH_ntuple	/eos/ihep/cms/store/user/coli/datasets/hh4b/inference/VBFH_ntuple/selected_ntuples_0000.root	246	40	40	False	model1	137	120	3.5269688663468127e-11	8.099375337078385e-12	1.0
VBFH_ntuple	/eos/ihep/cms/store/user/coli/datasets/hh4b/inference/VBFH_ntuple/selected_ntuples_0000.root	247	100	100	False	model1	137	83	1.09815520151571e-09	8.306468360363972e-12	1.0
VBFH_ntuple	/eos/ihep/cms/store/user/coli/datasets/hh4b/inference/VBFH_ntuple/selected_ntuples_0000.root	248	77	77	False	model1	137	125	1.332431125759097e-13	3.144445280531586e-15	1.0
VBFH_ntuple	/eos/ihep/cms/store/user/coli/datasets/hh4b/inference/VBFH_ntuple/selected_ntuples_0000.root	249	103	103	False	model1	136	94	0.003250443201068265	0.9953201413154602	0.0014293520944193006
VBFH_ntuple	/eos/ihep/cms/store/user/coli/datasets/hh4b/inference/VBFH_ntuple/selected_ntuples_0000.root	250	111	111	False	model1	137	120	9.28020964797909e-14	7.218215723758543e-16	1.0
VBFH_ntuple	/eos/ihep/cms/store/user/coli/datasets/hh4b/inference/VBFH_ntuple/selected_ntuples_0000.root	251	59	59	False	model1	137	125	2.359413842665032e-13	8.697108144610239e-15	1.0
VBFH_ntuple	/eos/ihep/cms/store/user/coli/datasets/hh4b/inference/VBFH_ntuple/selected_ntuples_0000.root	252	101	101	False	model1	136	48	0.7507651843297936	0.23321636021137238	0.016018372029066086
VBFH_ntuple	/eos/ihep/cms/store/user/coli/datasets/hh4b/inference/VBFH_ntuple/selected_ntuples_0000.root	253	83	83	False	model1	137	120	5.526166169942736e-14	5.92448777567107e-16	1.0
VBFH_ntuple	/eos/ihep/cms/store/user/coli/datasets/hh4b/inference/VBFH_ntuple/selected_ntuples_0000.root	254	87	87	False	model1	137	120	5.428807486087519e-14	5.979592562845883e-16	1.0
VBFH_ntuple	/eos/ihep/cms/store/user/coli/datasets/hh4b/inference/VBFH_ntuple/selected_ntuples_0000.root	255	56	56	False	model1	137	120	4.029035574493534e-13	7.650558280696083e-15	1.0
VBFH_ntuple	/eos/ihep/cms/store/user/coli/datasets/hh4b/inference/VBFH_ntuple/selected_ntuples_0000.root	0	75	75	False	model2	137	114	7.715597321100461e-12	1.2546944819918915e-12	1.0
VBFH_ntuple	/eos/ihep/cms/store/user/coli/datasets/hh4b/inference/VBFH_ntuple/selected_ntuples_0000.root	1	129	129	False	model2	137	114	9.812132253506904e-12	1.379896197306607e-11	1.0
VBFH_ntuple	/eos/ihep/cms/store/user/coli/datasets/hh4b/inference/VBFH_ntuple/selected_ntuples_0000.root	2	139	139	False	model2	137	114	9.252209424080549e-12	1.310951889578471e-12	1.0
VBFH_ntuple	/eos/ihep/cms/store/user/coli/datasets/hh4b/inference/VBFH_ntuple/selected_ntuples_0000.root	3	144	144	False	model2	137	114	1.8518205538706866e-11	6.531583867513957e-12	1.0
VBFH_ntuple	/eos/ihep/cms/store/user/coli/datasets/hh4b/inference/VBFH_ntuple/selected_ntuples_0000.root	4	69	69	False	model2	137	114	5.971214310843795e-12	7.091657990010436e-12	1.0
VBFH_ntuple	/eos/ihep/cms/store/user/coli/datasets/hh4b/inference/VBFH_ntuple/selected_ntuples_0000.root	5	90	90	False	model2	137	99	7.033574253223138e-07	1.9696057279361412e-05	0.9999794960021973
VBFH_ntuple	/eos/ihep/cms/store/user/coli/datasets/hh4b/inference/VBFH_ntuple/selected_ntuples_0000.root	6	103	103	False	model2	136	73	0.017139618039792026	0.6923518180847168	0.29050856828689575
VBFH_ntuple	/eos/ihep/cms/store/user/coli/datasets/hh4b/inference/VBFH_ntuple/selected_ntuples_0000.root	7	45	45	False	model2	137	113	2.1200864553108142e-11	7.194139728383675e-11	1.0
VBFH_ntuple	/eos/ihep/cms/store/user/coli/datasets/hh4b/inference/VBFH_ntuple/selected_ntuples_0000.root	8	105	105	False	model2	137	114	5.734043330991621e-12	2.912765081214408e-12	1.0
VBFH_ntuple	/eos/ihep/cms/store/user/coli/datasets/hh4b/inference/VBFH_ntuple/selected_ntuples_0000.root	9	98	98	False	model2	137	114	5.1275800026013e-12	4.72070950038872e-13	1.0
VBFH_ntuple	/eos/ihep/cms/store/user/coli/datasets/hh4b/inference/VBFH_ntuple/selected_ntuples_0000.root	10	106	106	False	model2	137	114	4.907714852616574e-12	7.600358602026513e-13	1.0
VBFH_ntuple	/eos/ihep/cms/store/user/coli/datasets/hh4b/inference/VBFH_ntuple/selected_ntuples_0000.root	11	59	59	False	model2	137	114	5.421943702831494e-12	1.4316384449458708e-12	1.0
VBFH_ntuple	/eos/ihep/cms/store/user/coli/datasets/hh4b/inference/VBFH_ntuple/selected_ntuples_0000.root	12	75	75	False	model2	137	114	5.016679590613631e-12	1.684641250283836e-12	1.0
VBFH_ntuple	/eos/ihep/cms/store/user/coli/datasets/hh4b/inference/VBFH_ntuple/selected_ntuples_0000.root	13	115	115	False	model2	137	114	7.445984960209304e-12	3.0245419883889735e-12	1.0
VBFH_ntuple	/eos/ihep/cms/store/user/coli/datasets/hh4b/inference/VBFH_ntuple/selected_ntuples_0000.root	14	98	98	False	model2	137	114	5.5779888566340425e-12	1.5148193029806967e-12	1.0
VBFH_ntuple	/eos/ihep/cms/store/user/coli/datasets/hh4b/inference/VBFH_ntuple/selected_ntuples_0000.root	15	92	92	False	model2	137	114	8.26088819038529e-12	4.020133184678976e-12	1.0
VBFH_ntuple	/eos/ihep/cms/store/user/coli/datasets/hh4b/inference/VBFH_ntuple/selected_ntuples_0000.root	16	122	122	False	model2	136	82	0.000821782084045708	0.6857234835624695	0.313454806804657
VBFH_ntuple	/eos/ihep/cms/store/user/coli/datasets/hh4b/inference/VBFH_ntuple/selected_ntuples_0000.root	17	62	62	False	model2	137	113	1.040916758610209e-11	2.949767166637862e-11	1.0
VBFH_ntuple	/eos/ihep/cms/store/user/coli/datasets/hh4b/inference/VBFH_ntuple/selected_ntuples_0000.root	18	57	57	False	model2	137	113	1.288588262508972e-11	2.588366673772491e-11	1.0
VBFH_ntuple	/eos/ihep/cms/store/user/coli/datasets/hh4b/inference/VBFH_ntuple/selected_ntuples_0000.root	19	76	76	False	model2	137	114	5.119970231316405e-12	2.8838700091154967e-12	1.0
VBFH_ntuple	/eos/ihep/cms/store/user/coli/datasets/hh4b/inference/VBFH_ntuple/selected_ntuples_0000.root	20	83	83	False	model2	137	114	5.3053869894141275e-11	2.3032653909127454e-11	1.0
VBFH_ntuple	/eos/ihep/cms/store/user/coli/datasets/hh4b/inference/VBFH_ntuple/selected_ntuples_0000.root	21	23	23	False	model2	137	113	1.2143915813751344e-10	5.084208054562112e-10	1.0
VBFH_ntuple	/eos/ihep/cms/store/user/coli/datasets/hh4b/inference/VBFH_ntuple/selected_ntuples_0000.root	22	71	71	False	model2	137	114	7.29528167055417e-12	4.969734693216488e-12	1.0
VBFH_ntuple	/eos/ihep/cms/store/user/coli/datasets/hh4b/inference/VBFH_ntuple/selected_ntuples_0000.root	23	35	35	False	model2	137	113	1.155279389558729e-11	1.4279902781078047e-11	1.0
VBFH_ntuple	/eos/ihep/cms/store/user/coli/datasets/hh4b/inference/VBFH_ntuple/selected_ntuples_0000.root	24	46	46	False	model2	137	114	3.5407968648431884e-12	1.4516506486456082e-12	1.0
VBFH_ntuple	/eos/ihep/cms/store/user/coli/datasets/hh4b/inference/VBFH_ntuple/selected_ntuples_0000.root	25	106	106	False	model2	137	114	5.802604931315452e-12	1.230945250244031e-12	1.0
VBFH_ntuple	/eos/ihep/cms/store/user/coli/datasets/hh4b/inference/VBFH_ntuple/selected_ntuples_0000.root	26	99	99	False	model2	137	114	4.518462219473932e-10	9.156297942070069e-10	1.0
VBFH_ntuple	/eos/ihep/cms/store/user/coli/datasets/hh4b/inference/VBFH_ntuple/selected_ntuples_0000.root	27	86	86	False	model2	137	114	5.310501288646029e-12	8.033659458159259e-13	1.0
VBFH_ntuple	/eos/ihep/cms/store/user/coli/datasets/hh4b/inference/VBFH_ntuple/selected_ntuples_0000.root	28	72	72	False	model2	137	114	4.479130446242526e-12	9.721006551804967e-13	1.0
VBFH_ntuple	/eos/ihep/cms/store/user/coli/datasets/hh4b/inference/VBFH_ntuple/selected_ntuples_0000.root	29	83	83	False	model2	137	114	7.987708347918923e-12	8.267632238545541e-12	1.0
VBFH_ntuple	/eos/ihep/cms/store/user/coli/datasets/hh4b/inference/VBFH_ntuple/selected_ntuples_0000.root	30	150	150	False	model2	137	114	1.3747600129588637e-10	3.598507125959771e-12	1.0
VBFH_ntuple	/eos/ihep/cms/store/user/coli/datasets/hh4b/inference/VBFH_ntuple/selected_ntuples_0000.root	31	105	105	False	model2	136	71	0.624268398502096	0.375215619802475	0.0005159226711839437
VBFH_ntuple	/eos/ihep/cms/store/user/coli/datasets/hh4b/inference/VBFH_ntuple/selected_ntuples_0000.root	32	108	108	False	model2	137	4	1.1009560014763053e-06	4.251796053722501e-05	0.9999563694000244
VBFH_ntuple	/eos/ihep/cms/store/user/coli/datasets/hh4b/inference/VBFH_ntuple/selected_ntuples_0000.root	33	105	105	False	model2	137	114	6.080631945897967e-12	1.912304949808208e-12	1.0
VBFH_ntuple	/eos/ihep/cms/store/user/coli/datasets/hh4b/inference/VBFH_ntuple/selected_ntuples_0000.root	34	77	77	False	model2	137	114	6.373645437718574e-12	3.661832555929001e-12	1.0
VBFH_ntuple	/eos/ihep/cms/store/user/coli/datasets/hh4b/inference/VBFH_ntuple/selected_ntuples_0000.root	35	116	116	False	model2	137	114	3.5501073862186627e-12	5.409873937711751e-13	1.0
VBFH_ntuple	/eos/ihep/cms/store/user/coli/datasets/hh4b/inference/VBFH_ntuple/selected_ntuples_0000.root	36	60	60	False	model2	137	114	7.443629007813054e-12	3.2450702281555666e-12	1.0
VBFH_ntuple	/eos/ihep/cms/store/user/coli/datasets/hh4b/inference/VBFH_ntuple/selected_ntuples_0000.root	37	95	95	False	model2	137	114	3.702397619584425e-11	3.168737624723028e-12	1.0
VBFH_ntuple	/eos/ihep/cms/store/user/coli/datasets/hh4b/inference/VBFH_ntuple/selected_ntuples_0000.root	38	89	89	False	model2	137	114	7.357764106298696e-12	5.9146429073897444e-12	1.0
VBFH_ntuple	/eos/ihep/cms/store/user/coli/datasets/hh4b/inference/VBFH_ntuple/selected_ntuples_0000.root	39	130	130	False	model2	137	114	4.319018672109631e-12	2.9141362174918417e-13	1.0
VBFH_ntuple	/eos/ihep/cms/store/user/coli/datasets/hh4b/inference/VBFH_ntuple/selected_ntuples_0000.root	40	95	95	False	model2	137	114	1.4091769080742693e-10	8.640911874913115e-10	1.0
VBFH_ntuple	/eos/ihep/cms/store/user/coli/datasets/hh4b/inference/VBFH_ntuple/selected_ntuples_0000.root	41	35	35	False	model2	137	113	2.934012541354674e-11	1.351641437663531e-10	1.0
VBFH_ntuple	/eos/ihep/cms/store/user/coli/datasets/hh4b/inference/VBFH_ntuple/selected_ntuples_0000.root	42	153	153	False	model2	137	131	1.1275611261560292e-06	1.1286710105196107e-05	0.9999877214431763
VBFH_ntuple	/eos/ihep/cms/store/user/coli/datasets/hh4b/inference/VBFH_ntuple/selected_ntuples_0000.root	43	86	86	False	model2	137	114	6.6721284818840455e-12	4.064621035582139e-12	1.0
VBFH_ntuple	/eos/ihep/cms/store/user/coli/datasets/hh4b/inference/VBFH_ntuple/selected_ntuples_0000.root	44	100	100	False	model2	137	114	1.3509132462091967e-11	5.9747025035750134e-12	1.0
VBFH_ntuple	/eos/ihep/cms/store/user/coli/datasets/hh4b/inference/VBFH_ntuple/selected_ntuples_0000.root	45	118	118	False	model2	137	114	4.770817139291716e-12	1.8300250637787174e-12	1.0
VBFH_ntuple	/eos/ihep/cms/store/user/coli/datasets/hh4b/inference/VBFH_ntuple/selected_ntuples_0000.root	46	37	37	False	model2	137	114	1.4107233587293132e-11	6.204666988529617e-12	1.0
VBFH_ntuple	/eos/ihep/cms/store/user/coli/datasets/hh4b/inference/VBFH_ntuple/selected_ntuples_0000.root	47	70	70	False	model2	137	114	6.319833924424532e-12	2.7264382158193046e-12	1.0
VBFH_ntuple	/eos/ihep/cms/store/user/coli/datasets/hh4b/inference/VBFH_ntuple/selected_ntuples_0000.root	48	59	59	False	model2	137	114	5.733373557520267e-12	3.850310261593881e-12	1.0
VBFH_ntuple	/eos/ihep/cms/store/user/coli/datasets/hh4b/inference/VBFH_ntuple/selected_ntuples_0000.root	49	45	45	False	model2	137	113	1.180727898832871e-11	1.8645829671926073e-11	1.0
VBFH_ntuple	/eos/ihep/cms/store/user/coli/datasets/hh4b/inference/VBFH_ntuple/selected_ntuples_0000.root	50	109	109	False	model2	137	114	3.1620899337812845e-11	9.825343663671937e-12	1.0
VBFH_ntuple	/eos/ihep/cms/store/user/coli/datasets/hh4b/inference/VBFH_ntuple/selected_ntuples_0000.root	51	21	21	False	model2	137	113	1.120319523827507e-10	3.6283326343422573e-10	1.0
VBFH_ntuple	/eos/ihep/cms/store/user/coli/datasets/hh4b/inference/VBFH_ntuple/selected_ntuples_0000.root	52	60	60	False	model2	137	114	6.6511018997546154e-12	4.343518600347096e-12	1.0
VBFH_ntuple	/eos/ihep/cms/store/user/coli/datasets/hh4b/inference/VBFH_ntuple/selected_ntuples_0000.root	53	68	68	False	model2	137	131	2.050669315284867e-09	3.6776428569140762e-09	1.0
VBFH_ntuple	/eos/ihep/cms/store/user/coli/datasets/hh4b/inference/VBFH_ntuple/selected_ntuples_0000.root	54	35	35	False	model2	137	131	2.6005637286414367e-11	1.9041967655453185e-11	1.0
VBFH_ntuple	/eos/ihep/cms/store/user/coli/datasets/hh4b/inference/VBFH_ntuple/selected_ntuples_0000.root	55	89	89	False	model2	137	114	5.1907837109055915e-12	7.145274823205927e-12	1.0
VBFH_ntuple	/eos/ihep/cms/store/user/coli/datasets/hh4b/inference/VBFH_ntuple/selected_ntuples_0000.root	56	60	60	False	model2	137	114	3.3275157271743423e-12	1.0152766214549525e-12	1.0
VBFH_ntuple	/eos/ihep/cms/store/user/coli/datasets/hh4b/inference/VBFH_ntuple/selected_ntuples_0000.root	57	67	67	False	model2	137	114	1.1185209715469476e-10	1.7131447649365583e-10	1.0
VBFH_ntuple	/eos/ihep/cms/store/user/coli/datasets/hh4b/inference/VBFH_ntuple/selected_ntuples_0000.root	58	36	36	False	model2	137	114	1.7596032666937924e-11	4.5864189182620585e-12	1.0
VBFH_ntuple	/eos/ihep/cms/store/user/coli/datasets/hh4b/inference/VBFH_ntuple/selected_ntuples_0000.root	59	49	49	False	model2	137	113	1.71910754702939e-11	2.860981590524503e-11	1.0
VBFH_ntuple	/eos/ihep/cms/store/user/coli/datasets/hh4b/inference/VBFH_ntuple/selected_ntuples_0000.root	60	62	62	False	model2	137	113	7.569032766976562e-12	1.4314535667914186e-11	1.0
VBFH_ntuple	/eos/ihep/cms/store/user/coli/datasets/hh4b/inference/VBFH_ntuple/selected_ntuples_0000.root	61	58	58	False	model2	137	113	8.186413031710709e-12	1.6056765292371544e-11	1.0
VBFH_ntuple	/eos/ihep/cms/store/user/coli/datasets/hh4b/inference/VBFH_ntuple/selected_ntuples_0000.root	62	135	135	False	model2	137	114	2.385160694609404e-11	1.1961519448544511e-11	1.0
VBFH_ntuple	/eos/ihep/cms/store/user/coli/datasets/hh4b/inference/VBFH_ntuple/selected_ntuples_0000.root	63	92	92	False	model2	137	114	2.27441016777722e-11	2.6972415620440948e-11	1.0
VBFH_ntuple	/eos/ihep/cms/store/user/coli/datasets/hh4b/inference/VBFH_ntuple/selected_ntuples_0000.root	64	100	100	False	model2	137	99	3.976420918238324e-08	4.928047019348014e-06	0.9999951124191284
VBFH_ntuple	/eos/ihep/cms/store/user/coli/datasets/hh4b/inference/VBFH_ntuple/selected_ntuples_0000.root	65	95	95	False	model2	137	114	6.671066377687859e-12	2.319102809095197e-12	1.0
VBFH_ntuple	/eos/ihep/cms/store/user/coli/datasets/hh4b/inference/VBFH_ntuple/selected_ntuples_0000.root	66	59	59	False	model2	137	114	4.8836025300277505e-12	1.1058583519393816e-12	1.0
VBFH_ntuple	/eos/ihep/cms/store/user/coli/datasets/hh4b/inference/VBFH_ntuple/selected_ntuples_0000.root	67	58	58	False	model2	137	114	5.4261297856231966e-12	3.759173961698226e-12	1.0
VBFH_ntuple	/eos/ihep/cms/store/user/coli/datasets/hh4b/inference/VBFH_ntuple/selected_ntuples_0000.root	68	87	87	False	model2	137	114	3.5126824771684743e-12	1.3281466855127877e-12	1.0
VBFH_ntuple	/eos/ihep/cms/store/user/coli/datasets/hh4b/inference/VBFH_ntuple/selected_ntuples_0000.root	69	44	44	False	model2	137	114	5.8792315834486514e-12	6.3338648562116795e-12	1.0
VBFH_ntuple	/eos/ihep/cms/store/user/coli/datasets/hh4b/inference/VBFH_ntuple/selected_ntuples_0000.root	70	98	98	False	model2	137	114	1.0496224966877612e-11	8.414290314853745e-13	1.0
VBFH_ntuple	/eos/ihep/cms/store/user/coli/datasets/hh4b/inference/VBFH_ntuple/selected_ntuples_0000.root	71	78	78	False	model2	137	114	4.012384304094005e-12	2.081182882279764e-12	1.0
VBFH_ntuple	/eos/ihep/cms/store/user/coli/datasets/hh4b/inference/VBFH_ntuple/selected_ntuples_0000.root	72	51	51	False	model2	137	114	6.752280088618121e-12	3.70931020274301e-12	1.0
VBFH_ntuple	/eos/ihep/cms/store/user/coli/datasets/hh4b/inference/VBFH_ntuple/selected_ntuples_0000.root	73	90	90	False	model2	137	114	2.132510250515169e-10	8.646216381746896e-11	1.0
VBFH_ntuple	/eos/ihep/cms/store/user/coli/datasets/hh4b/inference/VBFH_ntuple/selected_ntuples_0000.root	74	59	59	False	model2	137	114	7.2028173533286114e-12	1.1768993982488873e-12	1.0
VBFH_ntuple	/eos/ihep/cms/store/user/coli/datasets/hh4b/inference/VBFH_ntuple/selected_ntuples_0000.root	75	70	70	False	model2	137	114	1.1239648822540107e-10	5.943781022921257e-10	1.0
VBFH_ntuple	/eos/ihep/cms/store/user/coli/datasets/hh4b/inference/VBFH_ntuple/selected_ntuples_0000.root	76	103	103	False	model2	137	114	5.581273666988215e-11	2.9090967482159336e-11	1.0
VBFH_ntuple	/eos/ihep/cms/store/user/coli/datasets/hh4b/inference/VBFH_ntuple/selected_ntuples_0000.root	77	62	62	False	model2	137	114	3.111692054409578e-12	8.188172904467772e-13	1.0
VBFH_ntuple	/eos/ihep/cms/store/user/coli/datasets/hh4b/inference/VBFH_ntuple/selected_ntuples_0000.root	78	65	65	False	model2	137	114	8.963362791974064e-12	7.649519039032437e-12	1.0
VBFH_ntuple	/eos/ihep/cms/store/user/coli/datasets/hh4b/inference/VBFH_ntuple/selected_ntuples_0000.root	79	101	101	False	model2	137	114	5.266872339956112e-12	7.340883977080548e-12	1.0
VBFH_ntuple	/eos/ihep/cms/store/user/coli/datasets/hh4b/inference/VBFH_ntuple/selected_ntuples_0000.root	80	85	85	False	model2	137	114	7.859907924685213e-12	1.5531280688624305e-12	1.0
VBFH_ntuple	/eos/ihep/cms/store/user/coli/datasets/hh4b/inference/VBFH_ntuple/selected_ntuples_0000.root	81	122	122	False	model2	137	114	2.1964579600241884e-12	2.508446195984698e-13	1.0
VBFH_ntuple	/eos/ihep/cms/store/user/coli/datasets/hh4b/inference/VBFH_ntuple/selected_ntuples_0000.root	82	80	80	False	model2	137	114	5.918933221204712e-12	1.6912637739938119e-12	1.0
VBFH_ntuple	/eos/ihep/cms/store/user/coli/datasets/hh4b/inference/VBFH_ntuple/selected_ntuples_0000.root	83	116	116	False	model2	137	114	4.502361921277225e-12	2.3409637943394568e-12	1.0
VBFH_ntuple	/eos/ihep/cms/store/user/coli/datasets/hh4b/inference/VBFH_ntuple/selected_ntuples_0000.root	84	141	141	False	model2	137	114	4.526140924836957e-12	4.5444100956262834e-13	1.0
VBFH_ntuple	/eos/ihep/cms/store/user/coli/datasets/hh4b/inference/VBFH_ntuple/selected_ntuples_0000.root	85	42	42	False	model2	137	113	1.1072722841252042e-11	1.4820341134869075e-11	1.0
VBFH_ntuple	/eos/ihep/cms/store/user/coli/datasets/hh4b/inference/VBFH_ntuple/selected_ntuples_0000.root	86	110	110	False	model2	137	114	7.571275064707226e-11	1.6224391621855183e-11	1.0
VBFH_ntuple	/eos/ihep/cms/store/user/coli/datasets/hh4b/inference/VBFH_ntuple/selected_ntuples_0000.root	87	78	78	False	model2	137	93	5.050296898588438e-06	1.0635907301548286e-06	0.9999939203262329
VBFH_ntuple	/eos/ihep/cms/store/user/coli/datasets/hh4b/inference/VBFH_ntuple/selected_ntuples_0000.root	88	60	60	False	model2	137	114	5.0755201231985604e-12	2.7953505395833522e-12	1.0
VBFH_ntuple	/eos/ihep/cms/store/user/coli/datasets/hh4b/inference/VBFH_ntuple/selected_ntuples_0000.root	89	66	66	False	model2	137	114	4.7475511782139285e-12	2.9401322956118525e-12	1.0
VBFH_ntuple	/eos/ihep/cms/store/user/coli/datasets/hh4b/inference/VBFH_ntuple/selected_ntuples_0000.root	90	52	52	False	model2	137	113	7.522442428558648e-12	4.5476725683835095e-12	1.0
VBFH_ntuple	/eos/ihep/cms/store/user/coli/datasets/hh4b/inference/VBFH_ntuple/selected_ntuples_0000.root	91	88	88	False	model2	137	114	4.7910290570562205e-12	1.8466944553402476e-12	1.0
VBFH_ntuple	/eos/ihep/cms/store/user/coli/datasets/hh4b/inference/VBFH_ntuple/selected_ntuples_0000.root	92	66	66	False	model2	137	114	6.645384042576157e-12	3.0447380727771645e-11	1.0
VBFH_ntuple	/eos/ihep/cms/store/user/coli/datasets/hh4b/inference/VBFH_ntuple/selected_ntuples_0000.root	93	52	52	False	model2	137	114	1.0284045976933408e-11	4.005980443200219e-12	1.0
VBFH_ntuple	/eos/ihep/cms/store/user/coli/datasets/hh4b/inference/VBFH_ntuple/selected_ntuples_0000.root	94	78	78	False	model2	137	114	3.518776965444914e-12	1.1397788095279804e-12	1.0
VBFH_ntuple	/eos/ihep/cms/store/user/coli/datasets/hh4b/inference/VBFH_ntuple/selected_ntuples_0000.root	95	123	123	False	model2	137	114	6.208631261645262e-12	9.620057571727014e-13	1.0
VBFH_ntuple	/eos/ihep/cms/store/user/coli/datasets/hh4b/inference/VBFH_ntuple/selected_ntuples_0000.root	96	45	45	False	model2	137	113	2.1644295777668005e-11	1.2408843050315532e-11	1.0
VBFH_ntuple	/eos/ihep/cms/store/user/coli/datasets/hh4b/inference/VBFH_ntuple/selected_ntuples_0000.root	97	175	175	False	model2	137	114	1.65160838826669e-10	4.3557470998101255e-12	1.0
VBFH_ntuple	/eos/ihep/cms/store/user/coli/datasets/hh4b/inference/VBFH_ntuple/selected_ntuples_0000.root	98	188	188	False	model2	136	109	0.43397723408452293	0.5294909477233887	0.03653179109096527
VBFH_ntuple	/eos/ihep/cms/store/user/coli/datasets/hh4b/inference/VBFH_ntuple/selected_ntuples_0000.root	99	64	64	False	model2	137	114	5.901374410925394e-12	5.658655835572013e-12	1.0
VBFH_ntuple	/eos/ihep/cms/store/user/coli/datasets/hh4b/inference/VBFH_ntuple/selected_ntuples_0000.root	100	85	85	False	model2	137	114	7.655248338576808e-12	1.836346829806046e-12	1.0
VBFH_ntuple	/eos/ihep/cms/store/user/coli/datasets/hh4b/inference/VBFH_ntuple/selected_ntuples_0000.root	101	97	97	False	model2	137	114	4.977223851885484e-12	3.44677086351608e-12	1.0
VBFH_ntuple	/eos/ihep/cms/store/user/coli/datasets/hh4b/inference/VBFH_ntuple/selected_ntuples_0000.root	102	98	98	False	model2	137	114	4.6071247179602044e-12	4.14889910621552e-13	1.0
VBFH_ntuple	/eos/ihep/cms/store/user/coli/datasets/hh4b/inference/VBFH_ntuple/selected_ntuples_0000.root	103	76	76	False	model2	137	114	5.348580963813859e-12	1.5325673672836326e-12	1.0
VBFH_ntuple	/eos/ihep/cms/store/user/coli/datasets/hh4b/inference/VBFH_ntuple/selected_ntuples_0000.root	104	114	114	False	model2	137	114	4.821115492157536e-12	1.5560368748709918e-12	1.0
VBFH_ntuple	/eos/ihep/cms/store/user/coli/datasets/hh4b/inference/VBFH_ntuple/selected_ntuples_0000.root	105	68	68	False	model2	137	114	5.4245711835557085e-09	2.0257731492279163e-08	1.0
VBFH_ntuple	/eos/ihep/cms/store/user/coli/datasets/hh4b/inference/VBFH_ntuple/selected_ntuples_0000.root	106	69	69	False	model2	137	114	1.0137796161860908e-11	2.0639750759193776e-12	1.0
VBFH_ntuple	/eos/ihep/cms/store/user/coli/datasets/hh4b/inference/VBFH_ntuple/selected_ntuples_0000.root	107	58	58	False	model2	137	114	1.3183995918805715e-11	5.5046791777590975e-12	1.0
VBFH_ntuple	/eos/ihep/cms/store/user/coli/datasets/hh4b/inference/VBFH_ntuple/selected_ntuples_0000.root	108	160	160	False	model2	137	114	6.233857391948267e-12	9.596490269103697e-13	1.0
VBFH_ntuple	/eos/ihep/cms/store/user/coli/datasets/hh4b/inference/VBFH_ntuple/selected_ntuples_0000.root	109	86	86	False	model2	137	114	6.104960268557851e-12	2.7987490797132253e-12	1.0
VBFH_ntuple	/eos/ihep/cms/store/user/coli/datasets/hh4b/inference/VBFH_ntuple/selected_ntuples_0000.root	110	101	101	False	model2	136	1	0.021353299900511047	0.9785605072975159	8.623264147900045e-05
VBFH_ntuple	/eos/ihep/cms/store/user/coli/datasets/hh4b/inference/VBFH_ntuple/selected_ntuples_0000.root	111	91	91	False	model2	137	114	6.335950641475729e-12	9.130647626864885e-13	1.0
VBFH_ntuple	/eos/ihep/cms/store/user/coli/datasets/hh4b/inference/VBFH_ntuple/selected_ntuples_0000.root	112	87	87	False	model2	137	114	6.363275014923658e-12	3.5234848892728987e-12	1.0
VBFH_ntuple	/eos/ihep/cms/store/user/coli/datasets/hh4b/inference/VBFH_ntuple/selected_ntuples_0000.root	113	63	63	False	model2	137	114	9.406287721571522e-12	5.041271219918819e-12	1.0
VBFH_ntuple	/eos/ihep/cms/store/user/coli/datasets/hh4b/inference/VBFH_ntuple/selected_ntuples_0000.root	114	125	125	False	model2	137	114	2.889146328046713e-11	7.793343227702199e-12	1.0
VBFH_ntuple	/eos/ihep/cms/store/user/coli/datasets/hh4b/inference/VBFH_ntuple/selected_ntuples_0000.root	115	34	34	False	model2	137	113	2.8886921927405088e-11	1.0319900489719203e-10	1.0
VBFH_ntuple	/eos/ihep/cms/store/user/coli/datasets/hh4b/inference/VBFH_ntuple/selected_ntuples_0000.root	116	159	159	False	model2	137	74	0.000509449940690132	0.001272888737730682	0.9982176423072815
VBFH_ntuple	/eos/ihep/cms/store/user/coli/datasets/hh4b/inference/VBFH_ntuple/selected_ntuples_0000.root	117	101	101	False	model2	137	114	4.944641031472301e-12	9.238030262634367e-13	1.0
VBFH_ntuple	/eos/ihep/cms/store/user/coli/datasets/hh4b/inference/VBFH_ntuple/selected_ntuples_0000.root	118	52	52	False	model2	137	114	3.374285263573219e-11	5.724094462311591e-11	1.0
VBFH_ntuple	/eos/ihep/cms/store/user/coli/datasets/hh4b/inference/VBFH_ntuple/selected_ntuples_0000.root	119	94	94	False	model2	137	114	7.064731040109804e-12	3.4371663501508998e-12	1.0
VBFH_ntuple	/eos/ihep/cms/store/user/coli/datasets/hh4b/inference/VBFH_ntuple/selected_ntuples_0000.root	120	132	132	False	model2	137	114	1.0747810513185874e-11	3.043476711969695e-12	1.0
VBFH_ntuple	/eos/ihep/cms/store/user/coli/datasets/hh4b/inference/VBFH_ntuple/selected_ntuples_0000.root	121	73	73	False	model2	137	114	3.786681912821456e-12	2.0175287222118365e-12	1.0
VBFH_ntuple	/eos/ihep/cms/store/user/coli/datasets/hh4b/inference/VBFH_ntuple/selected_ntuples_0000.root	122	163	163	False	model2	137	114	5.5871901453554e-11	6.798602913277163e-12	1.0
VBFH_ntuple	/eos/ihep/cms/store/user/coli/datasets/hh4b/inference/VBFH_ntuple/selected_ntuples_0000.root	123	39	39	False	model2	137	113	2.2719126910973982e-11	4.271558801116626e-11	1.0
VBFH_ntuple	/eos/ihep/cms/store/user/coli/datasets/hh4b/inference/VBFH_ntuple/selected_ntuples_0000.root	124	137	137	False	model2	136	9	0.027171612744496088	0.9677244424819946	0.005103901494294405
VBFH_ntuple	/eos/ihep/cms/store/user/coli/datasets/hh4b/inference/VBFH_ntuple/selected_ntuples_0000.root	125	172	172	False	model2	137	113	2.7337341182583595e-07	2.417244626684578e-09	0.9999997615814209
VBFH_ntuple	/eos/ihep/cms/store/user/coli/datasets/hh4b/inference/VBFH_ntuple/selected_ntuples_0000.root	126	70	70	False	model2	137	114	7.103132213384763e-12	1.2517693478986125e-11	1.0
VBFH_ntuple	/eos/ihep/cms/store/user/coli/datasets/hh4b/inference/VBFH_ntuple/selected_ntuples_0000.root	127	66	66	False	model2	137	114	4.8442041633498506e-11	6.622825898805473e-11	1.0
VBFH_ntuple	/eos/ihep/cms/store/user/coli/datasets/hh4b/inference/VBFH_ntuple/selected_ntuples_0000.root	128	61	61	False	model2	137	114	6.4046889684100605e-12	3.930723802003655e-12	1.0
VBFH_ntuple	/eos/ihep/cms/store/user/coli/datasets/hh4b/inference/VBFH_ntuple/selected_ntuples_0000.root	129	93	93	False	model2	137	114	4.716542614964314e-10	2.2182937431391991e-10	1.0
VBFH_ntuple	/eos/ihep/cms/store/user/coli/datasets/hh4b/inference/VBFH_ntuple/selected_ntuples_0000.root	130	125	125	False	model2	137	114	4.569082850748733e-12	5.754323341607137e-13	1.0
VBFH_ntuple	/eos/ihep/cms/store/user/coli/datasets/hh4b/inference/VBFH_ntuple/selected_ntuples_0000.root	131	121	121	False	model2	137	114	3.0250393488575055e-09	4.4458653425394346e-10	1.0
VBFH_ntuple	/eos/ihep/cms/store/user/coli/datasets/hh4b/inference/VBFH_ntuple/selected_ntuples_0000.root	132	110	110	False	model2	137	114	5.769858152508857e-08	4.440892542589836e-09	1.0
VBFH_ntuple	/eos/ihep/cms/store/user/coli/datasets/hh4b/inference/VBFH_ntuple/selected_ntuples_0000.root	133	152	152	False	model2	136	13	0.042567953566504	0.7017120122909546	0.25572001934051514
VBFH_ntuple	/eos/ihep/cms/store/user/coli/datasets/hh4b/inference/VBFH_ntuple/selected_ntuples_0000.root	134	103	103	False	model2	137	114	5.926451559430687e-12	2.6844965052980063e-12	1.0
VBFH_ntuple	/eos/ihep/cms/store/user/coli/datasets/hh4b/inference/VBFH_ntuple/selected_ntuples_0000.root	135	84	84	False	model2	137	114	4.416448613992782e-12	1.3733706012708513e-12	1.0
VBFH_ntuple	/eos/ihep/cms/store/user/coli/datasets/hh4b/inference/VBFH_ntuple/selected_ntuples_0000.root	136	60	60	False	model2	137	114	3.605680133999358e-10	4.861292168811815e-08	1.0
VBFH_ntuple	/eos/ihep/cms/store/user/coli/datasets/hh4b/inference/VBFH_ntuple/selected_ntuples_0000.root	137	117	117	False	model2	137	114	3.6770335012066406e-12	1.2492237062497469e-12	1.0
VBFH_ntuple	/eos/ihep/cms/store/user/coli/datasets/hh4b/inference/VBFH_ntuple/selected_ntuples_0000.root	138	76	76	False	model2	137	114	1.1946137554218088e-11	6.5571354769533574e-12	1.0
VBFH_ntuple	/eos/ihep/cms/store/user/coli/datasets/hh4b/inference/VBFH_ntuple/selected_ntuples_0000.root	139	57	57	False	model2	137	113	1.0347033256515437e-11	8.265393577899793e-12	1.0
VBFH_ntuple	/eos/ihep/cms/store/user/coli/datasets/hh4b/inference/VBFH_ntuple/selected_ntuples_0000.root	140	78	78	False	model2	137	77	4.991376571297779e-06	6.68323036734364e-06	0.999988317489624
VBFH_ntuple	/eos/ihep/cms/store/user/coli/datasets/hh4b/inference/VBFH_ntuple/selected_ntuples_0000.root	141	122	122	False	model2	137	114	4.670511616329889e-08	1.0852368781399946e-08	1.0
VBFH_ntuple	/eos/ihep/cms/store/user/coli/datasets/hh4b/inference/VBFH_ntuple/selected_ntuples_0000.root	142	112	112	False	model2	137	114	1.0961022114270503e-08	1.077924167702804e-07	0.9999998807907104
VBFH_ntuple	/eos/ihep/cms/store/user/coli/datasets/hh4b/inference/VBFH_ntuple/selected_ntuples_0000.root	143	104	104	False	model2	137	114	1.3218678765419237e-11	1.0609609978756707e-12	1.0
VBFH_ntuple	/eos/ihep/cms/store/user/coli/datasets/hh4b/inference/VBFH_ntuple/selected_ntuples_0000.root	144	69	69	False	model2	137	114	8.544076325065777e-12	4.6604664571958665e-12	1.0
VBFH_ntuple	/eos/ihep/cms/store/user/coli/datasets/hh4b/inference/VBFH_ntuple/selected_ntuples_0000.root	145	69	69	False	model2	137	114	6.2759972055895756e-12	4.275224271821365e-12	1.0
VBFH_ntuple	/eos/ihep/cms/store/user/coli/datasets/hh4b/inference/VBFH_ntuple/selected_ntuples_0000.root	146	62	62	False	model2	137	113	1.0086579464235509e-11	1.861441903394656e-11	1.0
VBFH_ntuple	/eos/ihep/cms/store/user/coli/datasets/hh4b/inference/VBFH_ntuple/selected_ntuples_0000.root	147	113	113	False	model2	137	93	2.5847904670511096e-06	6.3045331444300245e-06	0.9999910593032837
VBFH_ntuple	/eos/ihep/cms/store/user/coli/datasets/hh4b/inference/VBFH_ntuple/selected_ntuples_0000.root	148	108	108	False	model2	137	72	1.4701733783095694e-05	0.0006795640802010894	0.9993057250976562
VBFH_ntuple	/eos/ihep/cms/store/user/coli/datasets/hh4b/inference/VBFH_ntuple/selected_ntuples_0000.root	149	147	147	False	model2	137	114	3.967012565439078e-12	3.373591011580912e-13	1.0
VBFH_ntuple	/eos/ihep/cms/store/user/coli/datasets/hh4b/inference/VBFH_ntuple/selected_ntuples_0000.root	150	105	105	False	model2	137	114	5.195074414048531e-12	2.5296939022700915e-12	1.0
VBFH_ntuple	/eos/ihep/cms/store/user/coli/datasets/hh4b/inference/VBFH_ntuple/selected_ntuples_0000.root	151	118	118	False	model2	137	114	3.4690837941998206e-12	1.4650354497255935e-12	1.0
VBFH_ntuple	/eos/ihep/cms/store/user/coli/datasets/hh4b/inference/VBFH_ntuple/selected_ntuples_0000.root	152	206	206	False	model2	137	114	5.315461317696485e-08	7.514865174584884e-09	1.0
VBFH_ntuple	/eos/ihep/cms/store/user/coli/datasets/hh4b/inference/VBFH_ntuple/selected_ntuples_0000.root	153	105	105	False	model2	137	114	7.150271314840529e-12	1.2592784887771602e-12	1.0
VBFH_ntuple	/eos/ihep/cms/store/user/coli/datasets/hh4b/inference/VBFH_ntuple/selected_ntuples_0000.root	154	74	74	False	model2	137	114	4.924759123601833e-12	3.324274883143019e-12	1.0
VBFH_ntuple	/eos/ihep/cms/store/user/coli/datasets/hh4b/inference/VBFH_ntuple/selected_ntuples_0000.root	155	66	66	False	model2	137	114	4.554487595278394e-12	3.817578631687413e-12	1.0
VBFH_ntuple	/eos/ihep/cms/store/user/coli/datasets/hh4b/inference/VBFH_ntuple/selected_ntuples_0000.root	156	83	83	False	model2	137	62	0.5769878652509135	0.03232346475124359	0.39068859815597534
VBFH_ntuple	/eos/ihep/cms/store/user/coli/datasets/hh4b/inference/VBFH_ntuple/selected_ntuples_0000.root	157	89	89	False	model2	137	114	4.216860601013984e-12	2.4930600119044133e-12	1.0
VBFH_ntuple	/eos/ihep/cms/store/user/coli/datasets/hh4b/inference/VBFH_ntuple/selected_ntuples_0000.root	158	41	41	False	model2	137	113	1.55628001133663e-11	2.9854032440601586e-11	1.0
VBFH_ntuple	/eos/ihep/cms/store/user/coli/datasets/hh4b/inference/VBFH_ntuple/selected_ntuples_0000.root	159	46	46	False	model2	137	114	1.475553116742161e-11	1.3000808762875238e-11	1.0
VBFH_ntuple	/eos/ihep/cms/store/user/coli/datasets/hh4b/inference/VBFH_ntuple/selected_ntuples_0000.root	160	104	104	False	model2	137	114	6.497690837921263e-12	2.3490549783122816e-12	1.0
VBFH_ntuple	/eos/ihep/cms/store/user/coli/datasets/hh4b/inference/VBFH_ntuple/selected_ntuples_0000.root	161	94	94	False	model2	137	114	1.1017686796987428e-11	4.15017542901297e-12	1.0
VBFH_ntuple	/eos/ihep/cms/store/user/coli/datasets/hh4b/inference/VBFH_ntuple/selected_ntuples_0000.root	162	68	68	False	model2	137	114	5.700911515983941e-12	1.3109768262284383e-12	1.0
VBFH_ntuple	/eos/ihep/cms/store/user/coli/datasets/hh4b/inference/VBFH_ntuple/selected_ntuples_0000.root	163	137	137	False	model2	136	7	0.0427063605748117	0.9229620099067688	0.03433172404766083
VBFH_ntuple	/eos/ihep/cms/store/user/coli/datasets/hh4b/inference/VBFH_ntuple/selected_ntuples_0000.root	164	63	63	False	model2	137	114	8.956631599984097e-12	5.0912095719835015e-12	1.0
VBFH_ntuple	/eos/ihep/cms/store/user/coli/datasets/hh4b/inference/VBFH_ntuple/selected_ntuples_0000.root	165	109	109	False	model2	137	114	7.200573912300916e-12	9.706518358174043e-13	1.0
VBFH_ntuple	/eos/ihep/cms/store/user/coli/datasets/hh4b/inference/VBFH_ntuple/selected_ntuples_0000.root	166	75	75	False	model2	137	114	4.1614279403542615e-11	1.456241030539651e-11	1.0
VBFH_ntuple	/eos/ihep/cms/store/user/coli/datasets/hh4b/inference/VBFH_ntuple/selected_ntuples_0000.root	167	91	91	False	model2	137	114	3.740090233725412e-12	4.4589364752573024e-13	1.0
VBFH_ntuple	/eos/ihep/cms/store/user/coli/datasets/hh4b/inference/VBFH_ntuple/selected_ntuples_0000.root	168	70	70	False	model2	137	114	4.31222007485678e-12	4.201547963711416e-12	1.0
VBFH_ntuple	/eos/ihep/cms/store/user/coli/datasets/hh4b/inference/VBFH_ntuple/selected_ntuples_0000.root	169	82	82	False	model2	137	114	5.714129900456673e-12	1.1508454779429744e-12	1.0
VBFH_ntuple	/eos/ihep/cms/store/user/coli/datasets/hh4b/inference/VBFH_ntuple/selected_ntuples_0000.root	170	44	44	False	model2	137	114	4.862111061684775e-12	3.723231358637724e-12	1.0
VBFH_ntuple	/eos/ihep/cms/store/user/coli/datasets/hh4b/inference/VBFH_ntuple/selected_ntuples_0000.root	171	77	77	False	model2	137	114	1.4676209483901488e-09	7.990470507479586e-10	1.0
VBFH_ntuple	/eos/ihep/cms/store/user/coli/datasets/hh4b/inference/VBFH_ntuple/selected_ntuples_0000.root	172	92	92	False	model2	137	114	7.825782093183649e-12	2.7990051682663664e-12	1.0
VBFH_ntuple	/eos/ihep/cms/store/user/coli/datasets/hh4b/inference/VBFH_ntuple/selected_ntuples_0000.root	173	82	82	False	model2	137	114	7.546467486181186e-12	1.7484926700950254e-11	1.0
VBFH_ntuple	/eos/ihep/cms/store/user/coli/datasets/hh4b/inference/VBFH_ntuple/selected_ntuples_0000.root	174	119	119	False	model2	137	114	2.7793541366677207e-11	2.36060693561968e-12	1.0
VBFH_ntuple	/eos/ihep/cms/store/user/coli/datasets/hh4b/inference/VBFH_ntuple/selected_ntuples_0000.root	175	85	85	False	model2	137	114	7.339558536945671e-12	3.259374541098037e-12	1.0
VBFH_ntuple	/eos/ihep/cms/store/user/coli/datasets/hh4b/inference/VBFH_ntuple/selected_ntuples_0000.root	176	104	104	False	model2	137	114	5.047266242896463e-12	6.112478687265999e-13	1.0
VBFH_ntuple	/eos/ihep/cms/store/user/coli/datasets/hh4b/inference/VBFH_ntuple/selected_ntuples_0000.root	177	71	71	False	model2	137	114	1.7945234603865268e-12	4.1611354119341915e-13	1.0
VBFH_ntuple	/eos/ihep/cms/store/user/coli/datasets/hh4b/inference/VBFH_ntuple/selected_ntuples_0000.root	178	49	49	False	model2	137	113	1.2453041938650577e-11	1.1358686560769549e-11	1.0
VBFH_ntuple	/eos/ihep/cms/store/user/coli/datasets/hh4b/inference/VBFH_ntuple/selected_ntuples_0000.root	179	87	87	False	model2	137	113	3.2120216220034997e-07	1.0351440096201259e-06	0.9999986886978149
VBFH_ntuple	/eos/ihep/cms/store/user/coli/datasets/hh4b/inference/VBFH_ntuple/selected_ntuples_0000.root	180	90	90	False	model2	137	114	8.907200361371248e-12	6.453937644729235e-12	1.0
VBFH_ntuple	/eos/ihep/cms/store/user/coli/datasets/hh4b/inference/VBFH_ntuple/selected_ntuples_0000.root	181	86	86	False	model2	137	114	1.0239255954761092e-10	1.2297848850373327e-10	1.0
VBFH_ntuple	/eos/ihep/cms/store/user/coli/datasets/hh4b/inference/VBFH_ntuple/selected_ntuples_0000.root	182	141	141	False	model2	137	114	3.880223610652167e-12	1.1326747916332036e-12	1.0
VBFH_ntuple	/eos/ihep/cms/store/user/coli/datasets/hh4b/inference/VBFH_ntuple/selected_ntuples_0000.root	183	130	130	False	model2	136	7	0.0041555803708774874	0.9957503080368042	9.408091864315793e-05
VBFH_ntuple	/eos/ihep/cms/store/user/coli/datasets/hh4b/inference/VBFH_ntuple/selected_ntuples_0000.root	184	103	103	False	model2	137	114	4.987772096056751e-12	3.9827722283364286e-13	1.0
VBFH_ntuple	/eos/ihep/cms/store/user/coli/datasets/hh4b/inference/VBFH_ntuple/selected_ntuples_0000.root	185	75	75	False	model2	137	114	4.9917934285921716e-12	1.997872787345978e-12	1.0
VBFH_ntuple	/eos/ihep/cms/store/user/coli/datasets/hh4b/inference/VBFH_ntuple/selected_ntuples_0000.root	186	48	48	False	model2	137	113	1.4529787020772793e-11	6.360741360705857e-12	1.0
VBFH_ntuple	/eos/ihep/cms/store/user/coli/datasets/hh4b/inference/VBFH_ntuple/selected_ntuples_0000.root	187	69	69	False	model2	137	114	7.274175711849654e-12	3.3676587993941576e-12	1.0
VBFH_ntuple	/eos/ihep/cms/store/user/coli/datasets/hh4b/inference/VBFH_ntuple/selected_ntuples_0000.root	188	107	107	False	model2	137	114	4.218003022524881e-12	2.5797402408711534e-12	1.0
VBFH_ntuple	/eos/ihep/cms/store/user/coli/datasets/hh4b/inference/VBFH_ntuple/selected_ntuples_0000.root	189	28	28	False	model2	137	113	2.8111718946677337e-11	7.287929981725227e-11	1.0
VBFH_ntuple	/eos/ihep/cms/store/user/coli/datasets/hh4b/inference/VBFH_ntuple/selected_ntuples_0000.root	190	77	77	False	model2	137	107	4.5468726290192304e-08	4.9868594942381606e-06	0.9999949932098389
VBFH_ntuple	/eos/ihep/cms/store/user/coli/datasets/hh4b/inference/VBFH_ntuple/selected_ntuples_0000.root	191	44	44	False	model2	137	113	1.2955821769305743e-11	1.8877212293322287e-11	1.0
VBFH_ntuple	/eos/ihep/cms/store/user/coli/datasets/hh4b/inference/VBFH_ntuple/selected_ntuples_0000.root	192	115	115	False	model2	137	114	2.4875932520047236e-11	4.065729523883288e-12	1.0
VBFH_ntuple	/eos/ihep/cms/store/user/coli/datasets/hh4b/inference/VBFH_ntuple/selected_ntuples_0000.root	193	77	77	False	model2	137	114	4.250304960829657e-12	1.943812949142809e-12	1.0
VBFH_ntuple	/eos/ihep/cms/store/user/coli/datasets/hh4b/inference/VBFH_ntuple/selected_ntuples_0000.root	194	58	58	False	model2	137	114	8.19914374175127e-12	4.173863511758302e-12	1.0
VBFH_ntuple	/eos/ihep/cms/store/user/coli/datasets/hh4b/inference/VBFH_ntuple/selected_ntuples_0000.root	195	104	104	False	model2	137	114	1.6236197000618613e-08	9.854722975433106e-07	0.9999990463256836
VBFH_ntuple	/eos/ihep/cms/store/user/coli/datasets/hh4b/inference/VBFH_ntuple/selected_ntuples_0000.root	196	77	77	False	model2	137	114	4.245638841966155e-12	1.3993658662392328e-12	1.0
VBFH_ntuple	/eos/ihep/cms/store/user/coli/datasets/hh4b/inference/VBFH_ntuple/selected_ntuples_0000.root	197	62	62	False	model2	137	114	5.803212652306141e-12	3.118421102940583e-12	1.0
VBFH_ntuple	/eos/ihep/cms/store/user/coli/datasets/hh4b/inference/VBFH_ntuple/selected_ntuples_0000.root	198	99	99	False	model2	137	114	7.891567528201454e-08	2.634593165851129e-08	1.0
VBFH_ntuple	/eos/ihep/cms/store/user/coli/datasets/hh4b/inference/VBFH_ntuple/selected_ntuples_0000.root	199	48	48	False	model2	137	114	9.714565052824972e-12	6.993907189500881e-12	1.0
VBFH_ntuple	/eos/ihep/cms/store/user/coli/datasets/hh4b/inference/VBFH_ntuple/selected_ntuples_0000.root	200	46	46	False	model2	137	113	9.114505891599569e-12	8.0486789108547e-12	1.0
VBFH_ntuple	/eos/ihep/cms/store/user/coli/datasets/hh4b/inference/VBFH_ntuple/selected_ntuples_0000.root	201	89	89	False	model2	137	114	0.00038399233876429406	0.05584702268242836	0.9437690377235413
VBFH_ntuple	/eos/ihep/cms/store/user/coli/datasets/hh4b/inference/VBFH_ntuple/selected_ntuples_0000.root	202	111	111	False	model2	137	55	0.001216843679884505	0.09618715941905975	0.902596116065979
VBFH_ntuple	/eos/ihep/cms/store/user/coli/datasets/hh4b/inference/VBFH_ntuple/selected_ntuples_0000.root	203	88	88	False	model2	137	72	0.0012078301534899083	0.3731756806373596	0.6256165504455566
VBFH_ntuple	/eos/ihep/cms/store/user/coli/datasets/hh4b/inference/VBFH_ntuple/selected_ntuples_0000.root	204	54	54	False	model2	137	114	6.183110292862737e-12	2.623065393364543e-12	1.0
VBFH_ntuple	/eos/ihep/cms/store/user/coli/datasets/hh4b/inference/VBFH_ntuple/selected_ntuples_0000.root	205	48	48	False	model2	137	114	8.509178026813217e-12	5.632983662851032e-12	1.0
VBFH_ntuple	/eos/ihep/cms/store/user/coli/datasets/hh4b/inference/VBFH_ntuple/selected_ntuples_0000.root	206	140	140	False	model2	137	114	5.0634962050263196e-12	2.562756647520037e-12	1.0
VBFH_ntuple	/eos/ihep/cms/store/user/coli/datasets/hh4b/inference/VBFH_ntuple/selected_ntuples_0000.root	207	93	93	False	model2	137	113	1.4677746108311034e-07	3.778878721050205e-08	0.9999998807907104
VBFH_ntuple	/eos/ihep/cms/store/user/coli/datasets/hh4b/inference/VBFH_ntuple/selected_ntuples_0000.root	208	99	99	False	model2	137	114	5.0774823894249136e-12	8.335349012573989e-13	1.0
VBFH_ntuple	/eos/ihep/cms/store/user/coli/datasets/hh4b/inference/VBFH_ntuple/selected_ntuples_0000.root	209	110	110	False	model2	137	114	6.8394950921528385e-09	1.1482247685989933e-07	0.9999998807907104
VBFH_ntuple	/eos/ihep/cms/store/user/coli/datasets/hh4b/inference/VBFH_ntuple/selected_ntuples_0000.root	210	72	72	False	model2	137	114	3.379931868443168e-12	1.3855737304030447e-12	1.0
VBFH_ntuple	/eos/ihep/cms/store/user/coli/datasets/hh4b/inference/VBFH_ntuple/selected_ntuples_0000.root	211	78	78	False	model2	137	114	6.932767952615363e-12	3.327567388300423e-12	1.0
VBFH_ntuple	/eos/ihep/cms/store/user/coli/datasets/hh4b/inference/VBFH_ntuple/selected_ntuples_0000.root	212	56	56	False	model2	137	113	9.678708002868627e-12	9.622815565213383e-12	1.0
VBFH_ntuple	/eos/ihep/cms/store/user/coli/datasets/hh4b/inference/VBFH_ntuple/selected_ntuples_0000.root	213	105	105	False	model2	137	114	2.4885625029169505e-12	9.418041433534308e-13	1.0
VBFH_ntuple	/eos/ihep/cms/store/user/coli/datasets/hh4b/inference/VBFH_ntuple/selected_ntuples_0000.root	214	108	108	False	model2	136	66	0.1245829862152732	0.8465378880500793	0.028879020363092422
VBFH_ntuple	/eos/ihep/cms/store/user/coli/datasets/hh4b/inference/VBFH_ntuple/selected_ntuples_0000.root	215	82	82	False	model2	137	114	5.3150150652125434e-12	1.5295682472341032e-12	1.0
VBFH_ntuple	/eos/ihep/cms/store/user/coli/datasets/hh4b/inference/VBFH_ntuple/selected_ntuples_0000.root	216	78	78	False	model2	137	114	5.039132634299961e-12	4.162455102818541e-12	1.0
VBFH_ntuple	/eos/ihep/cms/store/user/coli/datasets/hh4b/inference/VBFH_ntuple/selected_ntuples_0000.root	217	131	131	False	model2	137	114	3.715640395509743e-12	3.770870334734999e-13	1.0
VBFH_ntuple	/eos/ihep/cms/store/user/coli/datasets/hh4b/inference/VBFH_ntuple/selected_ntuples_0000.root	218	110	110	False	model2	137	114	3.766305587553091e-12	2.96764755781595e-13	1.0
VBFH_ntuple	/eos/ihep/cms/store/user/coli/datasets/hh4b/inference/VBFH_ntuple/selected_ntuples_0000.root	219	104	104	False	model2	137	114	4.869396985526096e-12	1.7394540668957958e-12	1.0
VBFH_ntuple	/eos/ihep/cms/store/user/coli/datasets/hh4b/inference/VBFH_ntuple/selected_ntuples_0000.root	220	96	96	False	model2	137	114	4.2173668825612956e-12	1.4158988651674642e-12	1.0
VBFH_ntuple	/eos/ihep/cms/store/user/coli/datasets/hh4b/inference/VBFH_ntuple/selected_ntuples_0000.root	221	118	118	False	model2	137	114	1.0177097365323358e-08	3.287502181592572e-08	1.0
VBFH_ntuple	/eos/ihep/cms/store/user/coli/datasets/hh4b/inference/VBFH_ntuple/selected_ntuples_0000.root	222	85	85	False	model2	137	114	6.002260119119609e-12	3.4328683558987327e-12	1.0
VBFH_ntuple	/eos/ihep/cms/store/user/coli/datasets/hh4b/inference/VBFH_ntuple/selected_ntuples_0000.root	223	70	70	False	model2	137	114	3.2868989069473727e-12	4.397005491912215e-13	1.0
VBFH_ntuple	/eos/ihep/cms/store/user/coli/datasets/hh4b/inference/VBFH_ntuple/selected_ntuples_0000.root	224	115	115	False	model2	137	114	6.3675366011442e-12	4.181543078376343e-13	1.0
VBFH_ntuple	/eos/ihep/cms/store/user/coli/datasets/hh4b/inference/VBFH_ntuple/selected_ntuples_0000.root	225	112	112	False	model2	137	114	4.0812540440334805e-12	2.788082265059444e-12	1.0
VBFH_ntuple	/eos/ihep/cms/store/user/coli/datasets/hh4b/inference/VBFH_ntuple/selected_ntuples_0000.root	226	76	76	False	model2	137	114	2.2591899792017892e-10	1.1187328147199693e-10	1.0
VBFH_ntuple	/eos/ihep/cms/store/user/coli/datasets/hh4b/inference/VBFH_ntuple/selected_ntuples_0000.root	227	152	152	False	model2	137	114	1.7288976565191448e-11	3.2388495097707137e-12	1.0
VBFH_ntuple	/eos/ihep/cms/store/user/coli/datasets/hh4b/inference/VBFH_ntuple/selected_ntuples_0000.root	228	59	59	False	model2	137	113	7.324162232022345e-12	1.0813837672540849e-11	1.0
VBFH_ntuple	/eos/ihep/cms/store/user/coli/datasets/hh4b/inference/VBFH_ntuple/selected_ntuples_0000.root	229	73	73	False	model2	137	113	6.423254071117415e-12	8.232965524601621e-12	1.0
VBFH_ntuple	/eos/ihep/cms/store/user/coli/datasets/hh4b/inference/VBFH_ntuple/selected_ntuples_0000.root	230	115	115	False	model2	137	114	1.7219432368335256e-10	5.699204441711458e-10	1.0
VBFH_ntuple	/eos/ihep/cms/store/user/coli/datasets/hh4b/inference/VBFH_ntuple/selected_ntuples_0000.root	231	108	108	False	model2	137	114	1.6674523526189898e-11	3.220455586233628e-12	1.0
VBFH_ntuple	/eos/ihep/cms/store/user/coli/datasets/hh4b/inference/VBFH_ntuple/selected_ntuples_0000.root	232	60	60	False	model2	137	114	1.2845458771943186e-11	7.547691638354337e-12	1.0
VBFH_ntuple	/eos/ihep/cms/store/user/coli/datasets/hh4b/inference/VBFH_ntuple/selected_ntuples_0000.root	233	29	29	False	model2	137	113	3.522509483452237e-11	1.081221362442264e-10	1.0
VBFH_ntuple	/eos/ihep/cms/store/user/coli/datasets/hh4b/inference/VBFH_ntuple/selected_ntuples_0000.root	234	36	36	False	model2	137	113	3.465618437990139e-11	1.7059743895320167e-10	1.0
VBFH_ntuple	/eos/ihep/cms/store/user/coli/datasets/hh4b/inference/VBFH_ntuple/selected_ntuples_0000.root	235	106	106	False	model2	137	114	4.593775532209417e-12	1.968846526784196e-12	1.0
VBFH_ntuple	/eos/ihep/cms/store/user/coli/datasets/hh4b/inference/VBFH_ntuple/selected_ntuples_0000.root	236	86	86	False	model2	137	114	2.8893773178424193e-11	4.247624127429184e-11	1.0
VBFH_ntuple	/eos/ihep/cms/store/user/coli/datasets/hh4b/inference/VBFH_ntuple/selected_ntuples_0000.root	237	32	32	False	model2	137	113	3.241064158632836e-11	1.2424930528887046e-10	1.0
VBFH_ntuple	/eos/ihep/cms/store/user/coli/datasets/hh4b/inference/VBFH_ntuple/selected_ntuples_0000.root	238	51	51	False	model2	137	114	6.406817702104647e-12	1.8350162968999717e-12	1.0
VBFH_ntuple	/eos/ihep/cms/store/user/coli/datasets/hh4b/inference/VBFH_ntuple/selected_ntuples_0000.root	239	52	52	False	model2	137	94	2.859229699722209e-08	1.6097972732609378e-08	1.0
VBFH_ntuple	/eos/ihep/cms/store/user/coli/datasets/hh4b/inference/VBFH_ntuple/selected_ntuples_0000.root	240	96	96	False	model2	136	82	0.00191617179987702	0.9980682730674744	1.5541387256234884e-05
VBFH_ntuple	/eos/ihep/cms/store/user/coli/datasets/hh4b/inference/VBFH_ntuple/selected_ntuples_0000.root	241	128	128	False	model2	137	114	2.974384907779355e-10	1.0332590338890668e-09	1.0
VBFH_ntuple	/eos/ihep/cms/store/user/coli/datasets/hh4b/inference/VBFH_ntuple/selected_ntuples_0000.root	242	120	120	False	model2	137	114	5.056833334641927e-12	2.1497753664029284e-12	1.0
VBFH_ntuple	/eos/ihep/cms/store/user/coli/datasets/hh4b/inference/VBFH_ntuple/selected_ntuples_0000.root	243	114	114	False	model2	137	114	5.36987776152742e-12	5.699937483810702e-12	1.0
VBFH_ntuple	/eos/ihep/cms/store/user/coli/datasets/hh4b/inference/VBFH_ntuple/selected_ntuples_0000.root	244	133	133	False	model2	137	114	3.089268460224461e-10	4.972243172751689e-10	1.0
VBFH_ntuple	/eos/ihep/cms/store/user/coli/datasets/hh4b/inference/VBFH_ntuple/selected_ntuples_0000.root	245	97	97	False	model2	137	114	2.649479757037934e-11	3.296015370357619e-12	1.0
VBFH_ntuple	/eos/ihep/cms/store/user/coli/datasets/hh4b/inference/VBFH_ntuple/selected_ntuples_0000.root	246	40	40	False	model2	137	114	1.50999484011911e-09	1.5313278423079169e-09	1.0
VBFH_ntuple	/eos/ihep/cms/store/user/coli/datasets/hh4b/inference/VBFH_ntuple/selected_ntuples_0000.root	247	100	100	False	model2	137	114	1.2980285979396042e-09	2.070971692746948e-11	1.0
VBFH_ntuple	/eos/ihep/cms/store/user/coli/datasets/hh4b/inference/VBFH_ntuple/selected_ntuples_0000.root	248	77	77	False	model2	137	114	7.2257267521570616e-12	4.456524125423522e-12	1.0
VBFH_ntuple	/eos/ihep/cms/store/user/coli/datasets/hh4b/inference/VBFH_ntuple/selected_ntuples_0000.root	249	103	103	False	model2	136	99	0.0050293527192479814	0.991199791431427	0.003770804964005947
VBFH_ntuple	/eos/ihep/cms/store/user/coli/datasets/hh4b/inference/VBFH_ntuple/selected_ntuples_0000.root	250	111	111	False	model2	137	114	5.724200138193293e-12	7.746124163106327e-13	1.0
VBFH_ntuple	/eos/ihep/cms/store/user/coli/datasets/hh4b/inference/VBFH_ntuple/selected_ntuples_0000.root	251	59	59	False	model2	137	114	2.9152165688061384e-12	1.5505410540586628e-12	1.0
VBFH_ntuple	/eos/ihep/cms/store/user/coli/datasets/hh4b/inference/VBFH_ntuple/selected_ntuples_0000.root	252	101	101	False	model2	136	48	0.6410976329534606	0.18728949129581451	0.1716129183769226
VBFH_ntuple	/eos/ihep/cms/store/user/coli/datasets/hh4b/inference/VBFH_ntuple/selected_ntuples_0000.root	253	83	83	False	model2	137	114	3.4920030921914944e-12	5.855834480511524e-12	1.0
VBFH_ntuple	/eos/ihep/cms/store/user/coli/datasets/hh4b/inference/VBFH_ntuple/selected_ntuples_0000.root	254	87	87	False	model2	137	114	4.770504954771077e-12	1.9761490620967548e-12	1.0
VBFH_ntuple	/eos/ihep/cms/store/user/coli/datasets/hh4b/inference/VBFH_ntuple/selected_ntuples_0000.root	255	56	56	False	model2	137	114	1.2700545806354806e-11	7.543000078713558e-12	1.0
VBFH_ntuple	/eos/ihep/cms/store/user/coli/datasets/hh4b/inference/VBFH_ntuple/selected_ntuples_0000.root	0	75	75	False	ensemble	137	114	3.4095778513378096e-12	4.606694495351213e-13	1.0
VBFH_ntuple	/eos/ihep/cms/store/user/coli/datasets/hh4b/inference/VBFH_ntuple/selected_ntuples_0000.root	1	129	129	False	ensemble	137	114	5.600434541898602e-12	5.4932146206993285e-12	1.0
VBFH_ntuple	/eos/ihep/cms/store/user/coli/datasets/hh4b/inference/VBFH_ntuple/selected_ntuples_0000.root	2	139	139	False	ensemble	137	114	3.3498709439274683e-12	4.446088820685507e-13	1.0
VBFH_ntuple	/eos/ihep/cms/store/user/coli/datasets/hh4b/inference/VBFH_ntuple/selected_ntuples_0000.root	3	144	144	False	ensemble	137	114	8.482163555499574e-12	2.2947931374330973e-12	1.0
VBFH_ntuple	/eos/ihep/cms/store/user/coli/datasets/hh4b/inference/VBFH_ntuple/selected_ntuples_0000.root	4	69	69	False	ensemble	137	114	2.300064449915515e-12	2.3990194575670314e-12	1.0
VBFH_ntuple	/eos/ihep/cms/store/user/coli/datasets/hh4b/inference/VBFH_ntuple/selected_ntuples_0000.root	5	90	90	False	ensemble	137	90	8.432850355443526e-06	0.00013832509406104995	0.9998531540234884
VBFH_ntuple	/eos/ihep/cms/store/user/coli/datasets/hh4b/inference/VBFH_ntuple/selected_ntuples_0000.root	6	103	103	False	ensemble	137	73	0.01927983303659294	0.41803650961567956	0.5626836617787679
VBFH_ntuple	/eos/ihep/cms/store/user/coli/datasets/hh4b/inference/VBFH_ntuple/selected_ntuples_0000.root	7	45	45	False	ensemble	137	113	7.618175474799652e-12	2.4206499500903328e-11	1.0
VBFH_ntuple	/eos/ihep/cms/store/user/coli/datasets/hh4b/inference/VBFH_ntuple/selected_ntuples_0000.root	8	105	105	False	ensemble	137	114	2.9024581248068677e-12	1.0413863891665302e-12	1.0
VBFH_ntuple	/eos/ihep/cms/store/user/coli/datasets/hh4b/inference/VBFH_ntuple/selected_ntuples_0000.root	9	98	98	False	ensemble	137	114	1.9884225748822205e-12	1.618814619442223e-13	1.0
VBFH_ntuple	/eos/ihep/cms/store/user/coli/datasets/hh4b/inference/VBFH_ntuple/selected_ntuples_0000.root	10	106	106	False	ensemble	137	114	2.04811445006903e-12	2.6342211315291057e-13	1.0
VBFH_ntuple	/eos/ihep/cms/store/user/coli/datasets/hh4b/inference/VBFH_ntuple/selected_ntuples_0000.root	11	59	59	False	ensemble	137	114	2.0797970511578683e-12	4.947381760765583e-13	1.0
VBFH_ntuple	/eos/ihep/cms/store/user/coli/datasets/hh4b/inference/VBFH_ntuple/selected_ntuples_0000.root	12	75	75	False	ensemble	137	114	2.1064756777349257e-12	5.958860841362214e-13	1.0
VBFH_ntuple	/eos/ihep/cms/store/user/coli/datasets/hh4b/inference/VBFH_ntuple/selected_ntuples_0000.root	13	115	115	False	ensemble	137	114	3.1238829143642138e-12	1.047463021335471e-12	1.0
VBFH_ntuple	/eos/ihep/cms/store/user/coli/datasets/hh4b/inference/VBFH_ntuple/selected_ntuples_0000.root	14	98	98	False	ensemble	137	114	2.0797195342995482e-12	5.183427047038234e-13	1.0
VBFH_ntuple	/eos/ihep/cms/store/user/coli/datasets/hh4b/inference/VBFH_ntuple/selected_ntuples_0000.root	15	92	92	False	ensemble	137	114	3.66352239641975e-12	1.3777443442677697e-12	1.0
VBFH_ntuple	/eos/ihep/cms/store/user/coli/datasets/hh4b/inference/VBFH_ntuple/selected_ntuples_0000.root	16	122	122	False	ensemble	136	7	0.0007561363810945446	0.7861763636271158	0.2130675514539083
VBFH_ntuple	/eos/ihep/cms/store/user/coli/datasets/hh4b/inference/VBFH_ntuple/selected_ntuples_0000.root	17	62	62	False	ensemble	137	114	4.154019188936828e-12	9.97081830690968e-12	1.0
VBFH_ntuple	/eos/ihep/cms/store/user/coli/datasets/hh4b/inference/VBFH_ntuple/selected_ntuples_0000.root	18	57	57	False	ensemble	137	113	5.0056720289674934e-12	8.754701406869729e-12	1.0
VBFH_ntuple	/eos/ihep/cms/store/user/coli/datasets/hh4b/inference/VBFH_ntuple/selected_ntuples_0000.root	19	76	76	False	ensemble	137	114	1.9503590603356416e-12	9.75229049221971e-13	1.0
VBFH_ntuple	/eos/ihep/cms/store/user/coli/datasets/hh4b/inference/VBFH_ntuple/selected_ntuples_0000.root	20	83	83	False	ensemble	137	114	2.48901425179282e-11	8.35018986103155e-12	1.0
VBFH_ntuple	/eos/ihep/cms/store/user/coli/datasets/hh4b/inference/VBFH_ntuple/selected_ntuples_0000.root	21	23	23	False	ensemble	137	113	4.7841657128972935e-11	1.7451811668243536e-10	1.0
VBFH_ntuple	/eos/ihep/cms/store/user/coli/datasets/hh4b/inference/VBFH_ntuple/selected_ntuples_0000.root	22	71	71	False	ensemble	137	114	3.7441451104128266e-12	1.7592448609123882e-12	1.0
VBFH_ntuple	/eos/ihep/cms/store/user/coli/datasets/hh4b/inference/VBFH_ntuple/selected_ntuples_0000.root	23	35	35	False	ensemble	137	114	4.886455791605224e-12	4.970043013491632e-12	1.0
VBFH_ntuple	/eos/ihep/cms/store/user/coli/datasets/hh4b/inference/VBFH_ntuple/selected_ntuples_0000.root	24	46	46	False	ensemble	137	114	1.4693905539655214e-12	4.993445754130441e-13	1.0
VBFH_ntuple	/eos/ihep/cms/store/user/coli/datasets/hh4b/inference/VBFH_ntuple/selected_ntuples_0000.root	25	106	106	False	ensemble	137	114	3.207370726127425e-12	5.001065677347017e-13	1.0
VBFH_ntuple	/eos/ihep/cms/store/user/coli/datasets/hh4b/inference/VBFH_ntuple/selected_ntuples_0000.root	26	99	99	False	ensemble	137	114	2.7839476246363934e-10	3.924852318148986e-10	1.0
VBFH_ntuple	/eos/ihep/cms/store/user/coli/datasets/hh4b/inference/VBFH_ntuple/selected_ntuples_0000.root	27	86	86	False	ensemble	137	114	2.2417552265469412e-12	2.8133687057525086e-13	1.0
VBFH_ntuple	/eos/ihep/cms/store/user/coli/datasets/hh4b/inference/VBFH_ntuple/selected_ntuples_0000.root	28	72	72	False	ensemble	137	114	1.8210105116646474e-12	3.4493390527655434e-13	1.0
VBFH_ntuple	/eos/ihep/cms/store/user/coli/datasets/hh4b/inference/VBFH_ntuple/selected_ntuples_0000.root	29	83	83	False	ensemble	137	114	2.8486382492472326e-12	2.774570453330135e-12	1.0
VBFH_ntuple	/eos/ihep/cms/store/user/coli/datasets/hh4b/inference/VBFH_ntuple/selected_ntuples_0000.root	30	150	150	False	ensemble	137	114	1.2225686951631352e-10	2.757441085361745e-12	1.0
VBFH_ntuple	/eos/ihep/cms/store/user/coli/datasets/hh4b/inference/VBFH_ntuple/selected_ntuples_0000.root	31	105	105	False	ensemble	136	71	0.5602167773262158	0.4394400417804718	0.00034314907679799944
VBFH_ntuple	/eos/ihep/cms/store/user/coli/datasets/hh4b/inference/VBFH_ntuple/selected_ntuples_0000.root	32	108	108	False	ensemble	137	4	1.280292241279124e-06	3.445865422690986e-05	0.9999643166859945
VBFH_ntuple	/eos/ihep/cms/store/user/coli/datasets/hh4b/inference/VBFH_ntuple/selected_ntuples_0000.root	33	105	105	False	ensemble	137	114	2.6050686163013096e-12	6.79056224098477e-13	1.0
VBFH_ntuple	/eos/ihep/cms/store/user/coli/datasets/hh4b/inference/VBFH_ntuple/selected_ntuples_0000.root	34	77	77	False	ensemble	137	114	2.4079873249359712e-12	1.2414177559985218e-12	1.0
VBFH_ntuple	/eos/ihep/cms/store/user/coli/datasets/hh4b/inference/VBFH_ntuple/selected_ntuples_0000.root	35	116	116	False	ensemble	137	114	1.619130897374857e-12	1.9616681983536726e-13	1.0
VBFH_ntuple	/eos/ihep/cms/store/user/coli/datasets/hh4b/inference/VBFH_ntuple/selected_ntuples_0000.root	36	60	60	False	ensemble	137	114	3.7912979889725534e-12	1.1702100483686402e-12	1.0
VBFH_ntuple	/eos/ihep/cms/store/user/coli/datasets/hh4b/inference/VBFH_ntuple/selected_ntuples_0000.root	37	95	95	False	ensemble	137	114	1.801734360080201e-11	1.2821424649336773e-12	1.0
VBFH_ntuple	/eos/ihep/cms/store/user/coli/datasets/hh4b/inference/VBFH_ntuple/selected_ntuples_0000.root	38	89	89	False	ensemble	137	114	4.194645190206135e-12	2.3664534404953222e-12	1.0
VBFH_ntuple	/eos/ihep/cms/store/user/coli/datasets/hh4b/inference/VBFH_ntuple/selected_ntuples_0000.root	39	130	130	False	ensemble	137	114	2.136859145463969e-12	1.1193498656887799e-13	1.0
VBFH_ntuple	/eos/ihep/cms/store/user/coli/datasets/hh4b/inference/VBFH_ntuple/selected_ntuples_0000.root	40	95	95	False	ensemble	137	114	8.932229088955822e-11	3.537719712084127e-10	1.0
VBFH_ntuple	/eos/ihep/cms/store/user/coli/datasets/hh4b/inference/VBFH_ntuple/selected_ntuples_0000.root	41	35	35	False	ensemble	137	113	1.057822612587801e-11	4.536339090971112e-11	1.0
VBFH_ntuple	/eos/ihep/cms/store/user/coli/datasets/hh4b/inference/VBFH_ntuple/selected_ntuples_0000.root	42	153	153	False	ensemble	137	128	2.003566056375082e-06	3.22187027753292e-05	0.9999658266703287
VBFH_ntuple	/eos/ihep/cms/store/user/coli/datasets/hh4b/inference/VBFH_ntuple/selected_ntuples_0000.root	43	86	86	False	ensemble	137	114	2.9702376598478977e-12	1.4116942066404254e-12	1.0
VBFH_ntuple	/eos/ihep/cms/store/user/coli/datasets/hh4b/inference/VBFH_ntuple/selected_ntuples_0000.root	44	100	100	False	ensemble	137	114	1.1947329643795526e-11	2.614753614907199e-12	1.0
VBFH_ntuple	/eos/ihep/cms/store/user/coli/datasets/hh4b/inference/VBFH_ntuple/selected_ntuples_0000.root	45	118	118	False	ensemble	137	114	2.3215780173490712e-12	6.426827508360586e-13	1.0
VBFH_ntuple	/eos/ihep/cms/store/user/coli/datasets/hh4b/inference/VBFH_ntuple/selected_ntuples_0000.root	46	37	37	False	ensemble	137	131	6.1461497349217575e-12	2.246581859289845e-12	1.0
VBFH_ntuple	/eos/ihep/cms/store/user/coli/datasets/hh4b/inference/VBFH_ntuple/selected_ntuples_0000.root	47	70	70	False	ensemble	137	114	2.934395479419177e-12	9.456536617532861e-13	1.0
VBFH_ntuple	/eos/ihep/cms/store/user/coli/datasets/hh4b/inference/VBFH_ntuple/selected_ntuples_0000.root	48	59	59	False	ensemble	137	114	2.4685371204284913e-12	1.3284955143621882e-12	1.0
VBFH_ntuple	/eos/ihep/cms/store/user/coli/datasets/hh4b/inference/VBFH_ntuple/selected_ntuples_0000.root	49	45	45	False	ensemble	137	113	4.954804273999479e-12	6.356812813143818e-12	1.0
VBFH_ntuple	/eos/ihep/cms/store/user/coli/datasets/hh4b/inference/VBFH_ntuple/selected_ntuples_0000.root	50	109	109	False	ensemble	137	114	1.782496862281561e-11	3.82657535260847e-12	1.0
VBFH_ntuple	/eos/ihep/cms/store/user/coli/datasets/hh4b/inference/VBFH_ntuple/selected_ntuples_0000.root	51	21	21	False	ensemble	137	113	4.8879813624377316e-11	1.283700314739141e-10	1.0
VBFH_ntuple	/eos/ihep/cms/store/user/coli/datasets/hh4b/inference/VBFH_ntuple/selected_ntuples_0000.root	52	60	60	False	ensemble	137	114	3.0911041958363505e-12	1.5406952723934755e-12	1.0
VBFH_ntuple	/eos/ihep/cms/store/user/coli/datasets/hh4b/inference/VBFH_ntuple/selected_ntuples_0000.root	53	68	68	False	ensemble	137	134	2.451108455473645e-09	4.229786150962885e-09	1.0
VBFH_ntuple	/eos/ihep/cms/store/user/coli/datasets/hh4b/inference/VBFH_ntuple/selected_ntuples_0000.root	54	35	35	False	ensemble	137	131	9.51399335189475e-12	6.443415738778004e-12	1.0
VBFH_ntuple	/eos/ihep/cms/store/user/coli/datasets/hh4b/inference/VBFH_ntuple/selected_ntuples_0000.root	55	89	89	False	ensemble	137	114	2.170313746846487e-12	2.4448127472840526e-12	1.0
VBFH_ntuple	/eos/ihep/cms/store/user/coli/datasets/hh4b/inference/VBFH_ntuple/selected_ntuples_0000.root	56	60	60	False	ensemble	137	114	1.881391082187786e-12	3.968369043637952e-13	1.0
VBFH_ntuple	/eos/ihep/cms/store/user/coli/datasets/hh4b/inference/VBFH_ntuple/selected_ntuples_0000.root	57	67	67	False	ensemble	137	134	1.3768127007490893e-08	5.566167068926653e-09	1.0
VBFH_ntuple	/eos/ihep/cms/store/user/coli/datasets/hh4b/inference/VBFH_ntuple/selected_ntuples_0000.root	58	36	36	False	ensemble	137	114	7.607134081135891e-12	1.6405484690997993e-12	1.0
VBFH_ntuple	/eos/ihep/cms/store/user/coli/datasets/hh4b/inference/VBFH_ntuple/selected_ntuples_0000.root	59	49	49	False	ensemble	137	113	6.283807121467939e-12	9.667921530504164e-12	1.0
VBFH_ntuple	/eos/ihep/cms/store/user/coli/datasets/hh4b/inference/VBFH_ntuple/selected_ntuples_0000.root	60	62	62	False	ensemble	137	114	3.062269356648436e-12	4.864857582316706e-12	1.0
VBFH_ntuple	/eos/ihep/cms/store/user/coli/datasets/hh4b/inference/VBFH_ntuple/selected_ntuples_0000.root	61	58	58	False	ensemble	137	113	3.1094880083110988e-12	5.40417570785935e-12	1.0
VBFH_ntuple	/eos/ihep/cms/store/user/coli/datasets/hh4b/inference/VBFH_ntuple/selected_ntuples_0000.root	62	135	135	False	ensemble	137	114	1.5528344943251857e-11	5.166387978958302e-12	1.0
VBFH_ntuple	/eos/ihep/cms/store/user/coli/datasets/hh4b/inference/VBFH_ntuple/selected_ntuples_0000.root	63	92	92	False	ensemble	137	114	1.3821827475388543e-11	1.1982390882465943e-11	1.0
VBFH_ntuple	/eos/ihep/cms/store/user/coli/datasets/hh4b/inference/VBFH_ntuple/selected_ntuples_0000.root	64	100	100	False	ensemble	137	90	5.938824309276559e-07	4.440994628870006e-05	0.9999550580978394
VBFH_ntuple	/eos/ihep/cms/store/user/coli/datasets/hh4b/inference/VBFH_ntuple/selected_ntuples_0000.root	65	95	95	False	ensemble	137	114	2.5853332752469168e-12	7.979918448998435e-13	1.0
VBFH_ntuple	/eos/ihep/cms/store/user/coli/datasets/hh4b/inference/VBFH_ntuple/selected_ntuples_0000.root	66	59	59	False	ensemble	137	114	2.296813901247192e-12	3.9091162549464444e-13	1.0
VBFH_ntuple	/eos/ihep/cms/store/user/coli/datasets/hh4b/inference/VBFH_ntuple/selected_ntuples_0000.root	67	58	58	False	ensemble	137	114	2.1882928840235633e-12	1.274214355820204e-12	1.0
VBFH_ntuple	/eos/ihep/cms/store/user/coli/datasets/hh4b/inference/VBFH_ntuple/selected_ntuples_0000.root	68	87	87	False	ensemble	137	114	1.6281563221306206e-12	4.744317162367322e-13	1.0
VBFH_ntuple	/eos/ihep/cms/store/user/coli/datasets/hh4b/inference/VBFH_ntuple/selected_ntuples_0000.root	69	44	44	False	ensemble	137	114	3.177369846039824e-12	2.217542370049837e-12	1.0
VBFH_ntuple	/eos/ihep/cms/store/user/coli/datasets/hh4b/inference/VBFH_ntuple/selected_ntuples_0000.root	70	98	98	False	ensemble	137	114	5.54566202020942e-12	3.420210993490113e-13	1.0
VBFH_ntuple	/eos/ihep/cms/store/user/coli/datasets/hh4b/inference/VBFH_ntuple/selected_ntuples_0000.root	71	78	78	False	ensemble	137	114	1.5237758955134344e-12	7.006440411819542e-13	1.0
VBFH_ntuple	/eos/ihep/cms/store/user/coli/datasets/hh4b/inference/VBFH_ntuple/selected_ntuples_0000.root	72	51	51	False	ensemble	137	114	2.4694121375570485e-12	1.2537567071108586e-12	1.0
VBFH_ntuple	/eos/ihep/cms/store/user/coli/datasets/hh4b/inference/VBFH_ntuple/selected_ntuples_0000.root	73	90	90	False	ensemble	137	114	1.4282797388997233e-10	4.296344905998136e-11	1.0
VBFH_ntuple	/eos/ihep/cms/store/user/coli/datasets/hh4b/inference/VBFH_ntuple/selected_ntuples_0000.root	74	59	59	False	ensemble	137	114	4.151039114735558e-12	6.649285318191903e-13	1.0
VBFH_ntuple	/eos/ihep/cms/store/user/coli/datasets/hh4b/inference/VBFH_ntuple/selected_ntuples_0000.root	75	70	70	False	ensemble	137	114	6.718609652660455e-11	2.2067352170122381e-10	1.0
VBFH_ntuple	/eos/ihep/cms/store/user/coli/datasets/hh4b/inference/VBFH_ntuple/selected_ntuples_0000.root	76	103	103	False	ensemble	137	114	2.8262644273649547e-11	1.0829311116825982e-11	1.0
VBFH_ntuple	/eos/ihep/cms/store/user/coli/datasets/hh4b/inference/VBFH_ntuple/selected_ntuples_0000.root	77	62	62	False	ensemble	137	114	2.296308549351915e-12	3.113789785977078e-13	1.0
VBFH_ntuple	/eos/ihep/cms/store/user/coli/datasets/hh4b/inference/VBFH_ntuple/selected_ntuples_0000.root	78	65	65	False	ensemble	137	114	4.8347646379696275e-12	2.955017549489329e-12	1.0
VBFH_ntuple	/eos/ihep/cms/store/user/coli/datasets/hh4b/inference/VBFH_ntuple/selected_ntuples_0000.root	79	101	101	False	ensemble	137	114	1.917043189872703e-12	2.4694251744971783e-12	1.0
VBFH_ntuple	/eos/ihep/cms/store/user/coli/datasets/hh4b/inference/VBFH_ntuple/selected_ntuples_0000.root	80	85	85	False	ensemble	137	114	3.128332481668061e-12	5.418035657082709e-13	1.0
VBFH_ntuple	/eos/ihep/cms/store/user/coli/datasets/hh4b/inference/VBFH_ntuple/selected_ntuples_0000.root	81	122	122	False	ensemble	137	114	1.0307145976903178e-12	9.601237061592445e-14	1.0
VBFH_ntuple	/eos/ihep/cms/store/user/coli/datasets/hh4b/inference/VBFH_ntuple/selected_ntuples_0000.root	82	80	80	False	ensemble	137	114	2.101417021320077e-12	5.69154415102714e-13	1.0
VBFH_ntuple	/eos/ihep/cms/store/user/coli/datasets/hh4b/inference/VBFH_ntuple/selected_ntuples_0000.root	83	116	116	False	ensemble	137	114	1.7941656504840345e-12	7.944691284428838e-13	1.0
VBFH_ntuple	/eos/ihep/cms/store/user/coli/datasets/hh4b/inference/VBFH_ntuple/selected_ntuples_0000.root	84	141	141	False	ensemble	137	114	2.0623309872508065e-12	1.6121308615676144e-13	1.0
VBFH_ntuple	/eos/ihep/cms/store/user/coli/datasets/hh4b/inference/VBFH_ntuple/selected_ntuples_0000.root	85	42	42	False	ensemble	137	114	4.792171627952636e-12	5.109171404250091e-12	1.0
VBFH_ntuple	/eos/ihep/cms/store/user/coli/datasets/hh4b/inference/VBFH_ntuple/selected_ntuples_0000.root	86	110	110	False	ensemble	137	114	4.658882400910623e-11	6.6573078791552316e-12	1.0
VBFH_ntuple	/eos/ihep/cms/store/user/coli/datasets/hh4b/inference/VBFH_ntuple/selected_ntuples_0000.root	87	78	78	False	ensemble	137	93	2.437670971899282e-06	4.1508664002283996e-07	0.9999971389770508
VBFH_ntuple	/eos/ihep/cms/store/user/coli/datasets/hh4b/inference/VBFH_ntuple/selected_ntuples_0000.root	88	60	60	False	ensemble	137	114	3.65762469245891e-12	1.1893449371991566e-12	1.0
VBFH_ntuple	/eos/ihep/cms/store/user/coli/datasets/hh4b/inference/VBFH_ntuple/selected_ntuples_0000.root	89	66	66	False	ensemble	137	114	1.962284377603204e-12	1.0103292918512994e-12	1.0
VBFH_ntuple	/eos/ihep/cms/store/user/coli/datasets/hh4b/inference/VBFH_ntuple/selected_ntuples_0000.root	90	52	52	False	ensemble	137	114	2.9924195839302153e-12	1.5456026949927308e-12	1.0
VBFH_ntuple	/eos/ihep/cms/store/user/coli/datasets/hh4b/inference/VBFH_ntuple/selected_ntuples_0000.root	91	88	88	False	ensemble	137	114	2.2481470838983395e-12	6.491305813592621e-13	1.0
VBFH_ntuple	/eos/ihep/cms/store/user/coli/datasets/hh4b/inference/VBFH_ntuple/selected_ntuples_0000.root	92	66	66	False	ensemble	137	114	5.637281775582584e-12	1.2106542891307295e-11	1.0
VBFH_ntuple	/eos/ihep/cms/store/user/coli/datasets/hh4b/inference/VBFH_ntuple/selected_ntuples_0000.root	93	52	52	False	ensemble	137	114	3.981725674090816e-12	1.3664497956849467e-12	1.0
VBFH_ntuple	/eos/ihep/cms/store/user/coli/datasets/hh4b/inference/VBFH_ntuple/selected_ntuples_0000.root	94	78	78	False	ensemble	137	114	1.5178906913067414e-12	4.016399889505051e-13	1.0
VBFH_ntuple	/eos/ihep/cms/store/user/coli/datasets/hh4b/inference/VBFH_ntuple/selected_ntuples_0000.root	95	123	123	False	ensemble	137	114	3.2440501304475257e-12	3.532964191898475e-13	1.0
VBFH_ntuple	/eos/ihep/cms/store/user/coli/datasets/hh4b/inference/VBFH_ntuple/selected_ntuples_0000.root	96	45	45	False	ensemble	137	114	9.056177836607336e-12	4.383146838578679e-12	1.0
VBFH_ntuple	/eos/ihep/cms/store/user/coli/datasets/hh4b/inference/VBFH_ntuple/selected_ntuples_0000.root	97	175	175	False	ensemble	137	114	6.307645704276097e-11	1.5643322570292318e-12	1.0
VBFH_ntuple	/eos/ihep/cms/store/user/coli/datasets/hh4b/inference/VBFH_ntuple/selected_ntuples_0000.root	98	188	188	False	ensemble	136	109	0.2880711760217309	0.6896679401397705	0.022260845949252445
VBFH_ntuple	/eos/ihep/cms/store/user/coli/datasets/hh4b/inference/VBFH_ntuple/selected_ntuples_0000.root	99	64	64	False	ensemble	137	114	2.2971185155053998e-12	1.9154318894588185e-12	1.0
VBFH_ntuple	/eos/ihep/cms/store/user/coli/datasets/hh4b/inference/VBFH_ntuple/selected_ntuples_0000.root	100	85	85	False	ensemble	137	114	2.9998124371148223e-12	6.274065687364652e-13	1.0
VBFH_ntuple	/eos/ihep/cms/store/user/coli/datasets/hh4b/inference/VBFH_ntuple/selected_ntuples_0000.root	101	97	97	False	ensemble	137	114	2.073566746787315e-12	1.1849166921672378e-12	1.0
VBFH_ntuple	/eos/ihep/cms/store/user/coli/datasets/hh4b/inference/VBFH_ntuple/selected_ntuples_0000.root	102	98	98	False	ensemble	137	114	2.049954469971195e-12	1.4880639916076818e-13	1.0
VBFH_ntuple	/eos/ihep/cms/store/user/coli/datasets/hh4b/inference/VBFH_ntuple/selected_ntuples_0000.root	103	76	76	False	ensemble	137	114	2.5658355988089013e-12	5.577217030671601e-13	1.0
VBFH_ntuple	/eos/ihep/cms/store/user/coli/datasets/hh4b/inference/VBFH_ntuple/selected_ntuples_0000.root	104	114	114	False	ensemble	137	114	2.251162883666403e-12	5.420256045604305e-13	1.0
VBFH_ntuple	/eos/ihep/cms/store/user/coli/datasets/hh4b/inference/VBFH_ntuple/selected_ntuples_0000.root	105	68	68	False	ensemble	137	128	3.082089840336823e-08	1.9340524115563085e-07	0.9999998013178507
VBFH_ntuple	/eos/ihep/cms/store/user/coli/datasets/hh4b/inference/VBFH_ntuple/selected_ntuples_0000.root	106	69	69	False	ensemble	137	114	3.7601697250040555e-12	7.03115980807072e-13	1.0
VBFH_ntuple	/eos/ihep/cms/store/user/coli/datasets/hh4b/inference/VBFH_ntuple/selected_ntuples_0000.root	107	58	58	False	ensemble	137	114	5.6321074897043964e-12	1.926135322264529e-12	1.0
VBFH_ntuple	/eos/ihep/cms/store/user/coli/datasets/hh4b/inference/VBFH_ntuple/selected_ntuples_0000.root	108	160	160	False	ensemble	137	114	2.7492101378283897e-12	3.3790595418740067e-13	1.0
VBFH_ntuple	/eos/ihep/cms/store/user/coli/datasets/hh4b/inference/VBFH_ntuple/selected_ntuples_0000.root	109	86	86	False	ensemble	137	114	2.1574698714562775e-12	9.39360950950105e-13	1.0
VBFH_ntuple	/eos/ihep/cms/store/user/coli/datasets/hh4b/inference/VBFH_ntuple/selected_ntuples_0000.root	110	101	101	False	ensemble	136	1	0.026938584265129368	0.9729530215263367	0.00010841758679210518
VBFH_ntuple	/eos/ihep/cms/store/user/coli/datasets/hh4b/inference/VBFH_ntuple/selected_ntuples_0000.root	111	91	91	False	ensemble	137	114	2.7534495895790493e-12	3.1958774613137676e-13	1.0
VBFH_ntuple	/eos/ihep/cms/store/user/coli/datasets/hh4b/inference/VBFH_ntuple/selected_ntuples_0000.root	112	87	87	False	ensemble	137	114	2.4444578265565405e-12	1.1962218936893268e-12	1.0
VBFH_ntuple	/eos/ihep/cms/store/user/coli/datasets/hh4b/inference/VBFH_ntuple/selected_ntuples_0000.root	113	63	63	False	ensemble	137	114	4.2491006966715845e-12	1.7611876357266572e-12	1.0
VBFH_ntuple	/eos/ihep/cms/store/user/coli/datasets/hh4b/inference/VBFH_ntuple/selected_ntuples_0000.root	114	125	125	False	ensemble	137	114	1.9907801668680108e-11	3.949452445856441e-12	1.0
VBFH_ntuple	/eos/ihep/cms/store/user/coli/datasets/hh4b/inference/VBFH_ntuple/selected_ntuples_0000.root	115	34	34	False	ensemble	137	113	1.0555769122516893e-11	3.466685049861945e-11	1.0
VBFH_ntuple	/eos/ihep/cms/store/user/coli/datasets/hh4b/inference/VBFH_ntuple/selected_ntuples_0000.root	116	159	159	False	ensemble	137	74	0.00023078680326556655	0.0004864206881999659	0.9992828567822775
VBFH_ntuple	/eos/ihep/cms/store/user/coli/datasets/hh4b/inference/VBFH_ntuple/selected_ntuples_0000.root	117	101	101	False	ensemble	137	114	2.259976150245174e-12	3.4881382614175284e-13	1.0
VBFH_ntuple	/eos/ihep/cms/store/user/coli/datasets/hh4b/inference/VBFH_ntuple/selected_ntuples_0000.root	118	52	52	False	ensemble	137	114	1.6315930166929443e-11	2.0405382552205153e-11	1.0
VBFH_ntuple	/eos/ihep/cms/store/user/coli/datasets/hh4b/inference/VBFH_ntuple/selected_ntuples_0000.root	119	94	94	False	ensemble	137	114	2.8027143110606443e-12	1.1661734633776587e-12	1.0
VBFH_ntuple	/eos/ihep/cms/store/user/coli/datasets/hh4b/inference/VBFH_ntuple/selected_ntuples_0000.root	120	132	132	False	ensemble	137	114	4.649103989522091e-12	1.0915569536372829e-12	1.0
VBFH_ntuple	/eos/ihep/cms/store/user/coli/datasets/hh4b/inference/VBFH_ntuple/selected_ntuples_0000.root	121	73	73	False	ensemble	137	114	1.5370573927616355e-12	7.04127149787142e-13	1.0
VBFH_ntuple	/eos/ihep/cms/store/user/coli/datasets/hh4b/inference/VBFH_ntuple/selected_ntuples_0000.root	122	163	163	False	ensemble	137	114	2.9162381351141114e-11	2.728239437028527e-12	1.0
VBFH_ntuple	/eos/ihep/cms/store/user/coli/datasets/hh4b/inference/VBFH_ntuple/selected_ntuples_0000.root	123	39	39	False	ensemble	137	113	8.720878456934084e-12	1.43485821707816e-11	1.0
VBFH_ntuple	/eos/ihep/cms/store/user/coli/datasets/hh4b/inference/VBFH_ntuple/selected_ntuples_0000.root	124	137	137	False	ensemble	136	9	0.03254403736468703	0.9606375694274902	0.006818352888027827
VBFH_ntuple	/eos/ihep/cms/store/user/coli/datasets/hh4b/inference/VBFH_ntuple/selected_ntuples_0000.root	125	172	172	False	ensemble	137	42	1.7455291605402646e-07	2.830384001247429e-09	0.9999998807907104
VBFH_ntuple	/eos/ihep/cms/store/user/coli/datasets/hh4b/inference/VBFH_ntuple/selected_ntuples_0000.root	126	70	70	False	ensemble	137	114	3.054319246064433e-12	4.290341510588333e-12	1.0
VBFH_ntuple	/eos/ihep/cms/store/user/coli/datasets/hh4b/inference/VBFH_ntuple/selected_ntuples_0000.root	127	66	66	False	ensemble	137	114	3.585499067086751e-11	3.456881800488013e-11	1.0
VBFH_ntuple	/eos/ihep/cms/store/user/coli/datasets/hh4b/inference/VBFH_ntuple/selected_ntuples_0000.root	128	61	61	False	ensemble	137	114	2.77815657625385e-12	1.4228303935552064e-12	1.0
VBFH_ntuple	/eos/ihep/cms/store/user/coli/datasets/hh4b/inference/VBFH_ntuple/selected_ntuples_0000.root	129	93	93	False	ensemble	137	90	9.103434419659443e-09	3.208901121672566e-09	1.0
VBFH_ntuple	/eos/ihep/cms/store/user/coli/datasets/hh4b/inference/VBFH_ntuple/selected_ntuples_0000.root	130	125	125	False	ensemble	137	114	2.0344595254457642e-12	2.0502614282736644e-13	1.0
VBFH_ntuple	/eos/ihep/cms/store/user/coli/datasets/hh4b/inference/VBFH_ntuple/selected_ntuples_0000.root	131	121	121	False	ensemble	137	114	2.429983209386627e-09	3.827774948857628e-10	1.0
VBFH_ntuple	/eos/ihep/cms/store/user/coli/datasets/hh4b/inference/VBFH_ntuple/selected_ntuples_0000.root	132	110	110	False	ensemble	137	85	3.901649642419909e-06	9.827595757923764e-07	0.9999951124191284
VBFH_ntuple	/eos/ihep/cms/store/user/coli/datasets/hh4b/inference/VBFH_ntuple/selected_ntuples_0000.root	133	152	152	False	ensemble	136	13	0.04784708087269488	0.768567164738973	0.1835857331752777
VBFH_ntuple	/eos/ihep/cms/store/user/coli/datasets/hh4b/inference/VBFH_ntuple/selected_ntuples_0000.root	134	103	103	False	ensemble	137	114	2.355118664394864e-12	9.264936481609024e-13	1.0
VBFH_ntuple	/eos/ihep/cms/store/user/coli/datasets/hh4b/inference/VBFH_ntuple/selected_ntuples_0000.root	135	84	84	False	ensemble	137	114	1.7370635559386448e-12	4.695830121848421e-13	1.0
VBFH_ntuple	/eos/ihep/cms/store/user/coli/datasets/hh4b/inference/VBFH_ntuple/selected_ntuples_0000.root	136	60	60	False	ensemble	137	114	2.8894039296636404e-10	1.8120071739365546e-08	1.0
VBFH_ntuple	/eos/ihep/cms/store/user/coli/datasets/hh4b/inference/VBFH_ntuple/selected_ntuples_0000.root	137	117	117	False	ensemble	137	114	2.0361124798614654e-12	4.5230328541275137e-13	1.0
VBFH_ntuple	/eos/ihep/cms/store/user/coli/datasets/hh4b/inference/VBFH_ntuple/selected_ntuples_0000.root	138	76	76	False	ensemble	137	114	5.02794033746924e-12	2.2776922096899954e-12	1.0
VBFH_ntuple	/eos/ihep/cms/store/user/coli/datasets/hh4b/inference/VBFH_ntuple/selected_ntuples_0000.root	139	57	57	False	ensemble	137	114	3.931309050686943e-12	2.8234304643726893e-12	1.0
VBFH_ntuple	/eos/ihep/cms/store/user/coli/datasets/hh4b/inference/VBFH_ntuple/selected_ntuples_0000.root	140	78	78	False	ensemble	137	80	1.5078571710997845e-05	1.93089143939081e-05	0.9999656279881796
VBFH_ntuple	/eos/ihep/cms/store/user/coli/datasets/hh4b/inference/VBFH_ntuple/selected_ntuples_0000.root	141	122	122	False	ensemble	137	114	2.1756990344783485e-08	4.449427937203154e-09	1.0
VBFH_ntuple	/eos/ihep/cms/store/user/coli/datasets/hh4b/inference/VBFH_ntuple/selected_ntuples_0000.root	142	112	112	False	ensemble	137	83	1.0014622513061597e-07	1.3626321333504166e-06	0.9999985297520956
VBFH_ntuple	/eos/ihep/cms/store/user/coli/datasets/hh4b/inference/VBFH_ntuple/selected_ntuples_0000.root	143	104	104	False	ensemble	137	114	6.437923864950705e-12	4.5470489251295005e-13	1.0
VBFH_ntuple	/eos/ihep/cms/store/user/coli/datasets/hh4b/inference/VBFH_ntuple/selected_ntuples_0000.root	144	69	69	False	ensemble	137	114	3.3831636910858675e-12	1.5965685706555078e-12	1.0
VBFH_ntuple	/eos/ihep/cms/store/user/coli/datasets/hh4b/inference/VBFH_ntuple/selected_ntuples_0000.root	145	69	69	False	ensemble	137	114	2.6099586388791887e-12	1.4651254253063131e-12	1.0
VBFH_ntuple	/eos/ihep/cms/store/user/coli/datasets/hh4b/inference/VBFH_ntuple/selected_ntuples_0000.root	146	62	62	False	ensemble	137	113	3.711448032926993e-12	6.256395099965438e-12	1.0
VBFH_ntuple	/eos/ihep/cms/store/user/coli/datasets/hh4b/inference/VBFH_ntuple/selected_ntuples_0000.root	147	113	113	False	ensemble	137	37	3.772225514146223e-05	0.00011201505655359749	0.9998502731323242
VBFH_ntuple	/eos/ihep/cms/store/user/coli/datasets/hh4b/inference/VBFH_ntuple/selected_ntuples_0000.root	148	108	108	False	ensemble	137	71	0.0015453545683026446	0.028495685003387432	0.9699589808781942
VBFH_ntuple	/eos/ihep/cms/store/user/coli/datasets/hh4b/inference/VBFH_ntuple/selected_ntuples_0000.root	149	147	147	False	ensemble	137	114	1.8918022837322866e-12	1.1926126673840072e-13	1.0
VBFH_ntuple	/eos/ihep/cms/store/user/coli/datasets/hh4b/inference/VBFH_ntuple/selected_ntuples_0000.root	150	105	105	False	ensemble	137	114	2.2559696818082816e-12	8.770396376352125e-13	1.0
VBFH_ntuple	/eos/ihep/cms/store/user/coli/datasets/hh4b/inference/VBFH_ntuple/selected_ntuples_0000.root	151	118	118	False	ensemble	137	114	1.3663719565500182e-12	5.016095465609067e-13	1.0
VBFH_ntuple	/eos/ihep/cms/store/user/coli/datasets/hh4b/inference/VBFH_ntuple/selected_ntuples_0000.root	152	206	206	False	ensemble	137	134	2.4854569083129453e-08	2.863755640033124e-09	1.0
VBFH_ntuple	/eos/ihep/cms/store/user/coli/datasets/hh4b/inference/VBFH_ntuple/selected_ntuples_0000.root	153	105	105	False	ensemble	137	114	3.4294658766802518e-12	4.925673906160935e-13	1.0
VBFH_ntuple	/eos/ihep/cms/store/user/coli/datasets/hh4b/inference/VBFH_ntuple/selected_ntuples_0000.root	154	74	74	False	ensemble	137	114	2.2213585636931972e-12	1.1378203871034999e-12	1.0
VBFH_ntuple	/eos/ihep/cms/store/user/coli/datasets/hh4b/inference/VBFH_ntuple/selected_ntuples_0000.root	155	66	66	False	ensemble	137	114	1.844072715847837e-12	1.3129019430174418e-12	1.0
VBFH_ntuple	/eos/ihep/cms/store/user/coli/datasets/hh4b/inference/VBFH_ntuple/selected_ntuples_0000.root	156	83	83	False	ensemble	137	62	0.6388137661881028	0.026641011238098145	0.33454521497090656
VBFH_ntuple	/eos/ihep/cms/store/user/coli/datasets/hh4b/inference/VBFH_ntuple/selected_ntuples_0000.root	157	89	89	False	ensemble	137	114	1.7097628507808793e-12	8.517239696820794e-13	1.0
VBFH_ntuple	/eos/ihep/cms/store/user/coli/datasets/hh4b/inference/VBFH_ntuple/selected_ntuples_0000.root	158	41	41	False	ensemble	137	113	6.556672433478418e-12	1.0204489665398311e-11	1.0
VBFH_ntuple	/eos/ihep/cms/store/user/coli/datasets/hh4b/inference/VBFH_ntuple/selected_ntuples_0000.root	159	46	46	False	ensemble	137	114	6.106699365578238e-12	4.458358203040769e-12	1.0
VBFH_ntuple	/eos/ihep/cms/store/user/coli/datasets/hh4b/inference/VBFH_ntuple/selected_ntuples_0000.root	160	104	104	False	ensemble	137	114	3.0463390874640237e-12	8.50705375893538e-13	1.0
VBFH_ntuple	/eos/ihep/cms/store/user/coli/datasets/hh4b/inference/VBFH_ntuple/selected_ntuples_0000.root	161	94	94	False	ensemble	137	114	5.63969900183308e-12	1.6298997911154845e-12	1.0
VBFH_ntuple	/eos/ihep/cms/store/user/coli/datasets/hh4b/inference/VBFH_ntuple/selected_ntuples_0000.root	162	68	68	False	ensemble	137	114	2.641350892953108e-12	4.979012751048778e-13	1.0
VBFH_ntuple	/eos/ihep/cms/store/user/coli/datasets/hh4b/inference/VBFH_ntuple/selected_ntuples_0000.root	163	137	137	False	ensemble	136	8	0.03697391059843842	0.931744913260142	0.031281182542443275
VBFH_ntuple	/eos/ihep/cms/store/user/coli/datasets/hh4b/inference/VBFH_ntuple/selected_ntuples_0000.root	164	63	63	False	ensemble	137	114	3.728111183598357e-12	1.7571490040923166e-12	1.0
VBFH_ntuple	/eos/ihep/cms/store/user/coli/datasets/hh4b/inference/VBFH_ntuple/selected_ntuples_0000.root	165	109	109	False	ensemble	137	114	3.1432308114246028e-12	3.6039048144758567e-13	1.0
VBFH_ntuple	/eos/ihep/cms/store/user/coli/datasets/hh4b/inference/VBFH_ntuple/selected_ntuples_0000.root	166	75	75	False	ensemble	137	114	1.859670026608067e-11	5.43447456632061e-12	1.0
VBFH_ntuple	/eos/ihep/cms/store/user/coli/datasets/hh4b/inference/VBFH_ntuple/selected_ntuples_0000.root	167	91	91	False	ensemble	137	134	2.5377300247289517e-12	1.9833410771150445e-13	1.0
VBFH_ntuple	/eos/ihep/cms/store/user/coli/datasets/hh4b/inference/VBFH_ntuple/selected_ntuples_0000.root	168	70	70	False	ensemble	137	114	1.9504744295051423e-12	1.4609388008518752e-12	1.0
VBFH_ntuple	/eos/ihep/cms/store/user/coli/datasets/hh4b/inference/VBFH_ntuple/selected_ntuples_0000.root	169	82	82	False	ensemble	137	114	2.3271306586051785e-12	4.1568733983710744e-13	1.0
VBFH_ntuple	/eos/ihep/cms/store/user/coli/datasets/hh4b/inference/VBFH_ntuple/selected_ntuples_0000.root	170	44	44	False	ensemble	137	114	2.625020480548141e-12	1.3521040405967408e-12	1.0
VBFH_ntuple	/eos/ihep/cms/store/user/coli/datasets/hh4b/inference/VBFH_ntuple/selected_ntuples_0000.root	171	77	77	False	ensemble	137	83	1.3384139361431335e-08	4.919177879851115e-09	1.0
VBFH_ntuple	/eos/ihep/cms/store/user/coli/datasets/hh4b/inference/VBFH_ntuple/selected_ntuples_0000.root	172	92	92	False	ensemble	137	114	2.880114438884934e-12	9.444345419847934e-13	1.0
VBFH_ntuple	/eos/ihep/cms/store/user/coli/datasets/hh4b/inference/VBFH_ntuple/selected_ntuples_0000.root	173	82	82	False	ensemble	137	114	3.0111547663000476e-12	5.973859893269121e-12	1.0
VBFH_ntuple	/eos/ihep/cms/store/user/coli/datasets/hh4b/inference/VBFH_ntuple/selected_ntuples_0000.root	174	119	119	False	ensemble	137	114	1.737163587333996e-11	1.2546211628199772e-12	1.0
VBFH_ntuple	/eos/ihep/cms/store/user/coli/datasets/hh4b/inference/VBFH_ntuple/selected_ntuples_0000.root	175	85	85	False	ensemble	137	114	3.4671932918495994e-12	1.1960592670692232e-12	1.0
VBFH_ntuple	/eos/ihep/cms/store/user/coli/datasets/hh4b/inference/VBFH_ntuple/selected_ntuples_0000.root	176	104	104	False	ensemble	137	114	2.6293870690754484e-12	2.46323099280753e-13	1.0
VBFH_ntuple	/eos/ihep/cms/store/user/coli/datasets/hh4b/inference/VBFH_ntuple/selected_ntuples_0000.root	177	71	71	False	ensemble	137	114	1.1319308264589528e-12	1.5060033281614994e-13	1.0
VBFH_ntuple	/eos/ihep/cms/store/user/coli/datasets/hh4b/inference/VBFH_ntuple/selected_ntuples_0000.root	178	49	49	False	ensemble	137	114	6.016163826771439e-12	4.07744390286411e-12	1.0
VBFH_ntuple	/eos/ihep/cms/store/user/coli/datasets/hh4b/inference/VBFH_ntuple/selected_ntuples_0000.root	179	87	87	False	ensemble	137	38	7.9617576734161e-07	2.4425066461238507e-06	0.9999967813491821
VBFH_ntuple	/eos/ihep/cms/store/user/coli/datasets/hh4b/inference/VBFH_ntuple/selected_ntuples_0000.root	180	90	90	False	ensemble	137	114	4.066365750389312e-12	2.3347856265135372e-12	1.0
VBFH_ntuple	/eos/ihep/cms/store/user/coli/datasets/hh4b/inference/VBFH_ntuple/selected_ntuples_0000.root	181	86	86	False	ensemble	137	114	6.996588701971271e-11	5.97801777697804e-11	1.0
VBFH_ntuple	/eos/ihep/cms/store/user/coli/datasets/hh4b/inference/VBFH_ntuple/selected_ntuples_0000.root	182	141	141	False	ensemble	137	114	1.4996453734333091e-12	3.855509175370634e-13	1.0
VBFH_ntuple	/eos/ihep/cms/store/user/coli/datasets/hh4b/inference/VBFH_ntuple/selected_ntuples_0000.root	183	130	130	False	ensemble	136	7	0.005698169453154378	0.994120458761851	0.000181369202133889
VBFH_ntuple	/eos/ihep/cms/store/user/coli/datasets/hh4b/inference/VBFH_ntuple/selected_ntuples_0000.root	184	103	103	False	ensemble	137	114	2.23550811499525e-12	1.4943338577734565e-13	1.0
VBFH_ntuple	/eos/ihep/cms/store/user/coli/datasets/hh4b/inference/VBFH_ntuple/selected_ntuples_0000.root	185	75	75	False	ensemble	137	114	2.005959089103715e-12	6.826224876221626e-13	1.0
VBFH_ntuple	/eos/ihep/cms/store/user/coli/datasets/hh4b/inference/VBFH_ntuple/selected_ntuples_0000.root	186	48	48	False	ensemble	137	114	5.574314819518073e-12	2.2083138748328547e-12	1.0
VBFH_ntuple	/eos/ihep/cms/store/user/coli/datasets/hh4b/inference/VBFH_ntuple/selected_ntuples_0000.root	187	69	69	False	ensemble	137	114	2.7146745789914667e-12	1.136768126631688e-12	1.0
VBFH_ntuple	/eos/ihep/cms/store/user/coli/datasets/hh4b/inference/VBFH_ntuple/selected_ntuples_0000.root	188	107	107	False	ensemble	137	114	1.7135538018704931e-12	9.002621639853261e-13	1.0
VBFH_ntuple	/eos/ihep/cms/store/user/coli/datasets/hh4b/inference/VBFH_ntuple/selected_ntuples_0000.root	189	28	28	False	ensemble	137	113	1.1304154688461278e-11	2.5454631807176947e-11	1.0
VBFH_ntuple	/eos/ihep/cms/store/user/coli/datasets/hh4b/inference/VBFH_ntuple/selected_ntuples_0000.root	190	77	77	False	ensemble	137	107	2.9299136679810558e-08	2.2434795899547075e-06	0.9999977350234985
VBFH_ntuple	/eos/ihep/cms/store/user/coli/datasets/hh4b/inference/VBFH_ntuple/selected_ntuples_0000.root	191	44	44	False	ensemble	137	113	5.293889063703622e-12	6.510306931250931e-12	1.0
VBFH_ntuple	/eos/ihep/cms/store/user/coli/datasets/hh4b/inference/VBFH_ntuple/selected_ntuples_0000.root	192	115	115	False	ensemble	137	114	1.2531091704912118e-11	1.6156702700528796e-12	1.0
VBFH_ntuple	/eos/ihep/cms/store/user/coli/datasets/hh4b/inference/VBFH_ntuple/selected_ntuples_0000.root	193	77	77	False	ensemble	137	114	2.1806663966382105e-12	7.182164053347621e-13	1.0
VBFH_ntuple	/eos/ihep/cms/store/user/coli/datasets/hh4b/inference/VBFH_ntuple/selected_ntuples_0000.root	194	58	58	False	ensemble	137	131	4.87621232313544e-12	1.5403485026105838e-12	1.0
VBFH_ntuple	/eos/ihep/cms/store/user/coli/datasets/hh4b/inference/VBFH_ntuple/selected_ntuples_0000.root	195	104	104	False	ensemble	137	114	1.1590826592127411e-06	0.00011326170835464684	0.9998855988184611
VBFH_ntuple	/eos/ihep/cms/store/user/coli/datasets/hh4b/inference/VBFH_ntuple/selected_ntuples_0000.root	196	77	77	False	ensemble	137	114	1.6700880263985878e-12	4.828597294608311e-13	1.0
VBFH_ntuple	/eos/ihep/cms/store/user/coli/datasets/hh4b/inference/VBFH_ntuple/selected_ntuples_0000.root	197	62	62	False	ensemble	137	114	2.494226457926376e-12	1.0869848890989515e-12	1.0
VBFH_ntuple	/eos/ihep/cms/store/user/coli/datasets/hh4b/inference/VBFH_ntuple/selected_ntuples_0000.root	198	99	99	False	ensemble	137	107	5.240184738739221e-07	2.0329289007747775e-07	0.9999993244806925
VBFH_ntuple	/eos/ihep/cms/store/user/coli/datasets/hh4b/inference/VBFH_ntuple/selected_ntuples_0000.root	199	48	48	False	ensemble	137	114	4.845107330376832e-12	2.469513047106848e-12	1.0
VBFH_ntuple	/eos/ihep/cms/store/user/coli/datasets/hh4b/inference/VBFH_ntuple/selected_ntuples_0000.root	200	46	46	False	ensemble	137	114	3.5844711913211805e-12	2.803202867253073e-12	1.0
VBFH_ntuple	/eos/ihep/cms/store/user/coli/datasets/hh4b/inference/VBFH_ntuple/selected_ntuples_0000.root	201	89	89	False	ensemble	137	101	0.0031241599192889007	0.17102529170612493	0.8258505662282308
VBFH_ntuple	/eos/ihep/cms/store/user/coli/datasets/hh4b/inference/VBFH_ntuple/selected_ntuples_0000.root	202	111	111	False	ensemble	137	43	0.0012623338904550845	0.1198767824001455	0.8788609306017557
VBFH_ntuple	/eos/ihep/cms/store/user/coli/datasets/hh4b/inference/VBFH_ntuple/selected_ntuples_0000.root	203	88	88	False	ensemble	137	82	0.0015470962369619201	0.44897692402203876	0.5494760274887085
VBFH_ntuple	/eos/ihep/cms/store/user/coli/datasets/hh4b/inference/VBFH_ntuple/selected_ntuples_0000.root	204	54	54	False	ensemble	137	114	2.996553795988958e-12	9.356209478222806e-13	1.0
VBFH_ntuple	/eos/ihep/cms/store/user/coli/datasets/hh4b/inference/VBFH_ntuple/selected_ntuples_0000.root	205	48	48	False	ensemble	137	114	3.6457839084196445e-12	2.0228028589729316e-12	1.0
VBFH_ntuple	/eos/ihep/cms/store/user/coli/datasets/hh4b/inference/VBFH_ntuple/selected_ntuples_0000.root	206	140	140	False	ensemble	137	114	2.118311032839931e-12	9.032471255262117e-13	1.0
VBFH_ntuple	/eos/ihep/cms/store/user/coli/datasets/hh4b/inference/VBFH_ntuple/selected_ntuples_0000.root	207	93	93	False	ensemble	137	37	5.662051404676352e-06	3.2636651094245885e-06	0.9999910593032837
VBFH_ntuple	/eos/ihep/cms/store/user/coli/datasets/hh4b/inference/VBFH_ntuple/selected_ntuples_0000.root	208	99	99	False	ensemble	137	114	2.2532460916628847e-12	3.0576969902793656e-13	1.0
VBFH_ntuple	/eos/ihep/cms/store/user/coli/datasets/hh4b/inference/VBFH_ntuple/selected_ntuples_0000.root	209	110	110	False	ensemble	137	114	3.3270330319208436e-09	4.5205437171347285e-08	0.9999999602635702
VBFH_ntuple	/eos/ihep/cms/store/user/coli/datasets/hh4b/inference/VBFH_ntuple/selected_ntuples_0000.root	210	72	72	False	ensemble	137	114	1.5581216869869822e-12	4.774810496699242e-13	1.0
VBFH_ntuple	/eos/ihep/cms/store/user/coli/datasets/hh4b/inference/VBFH_ntuple/selected_ntuples_0000.root	211	78	78	False	ensemble	137	114	2.7472577095794495e-12	1.1386825900049697e-12	1.0
VBFH_ntuple	/eos/ihep/cms/store/user/coli/datasets/hh4b/inference/VBFH_ntuple/selected_ntuples_0000.root	212	56	56	False	ensemble	137	113	3.935294425314439e-12	3.2824697477200335e-12	1.0
VBFH_ntuple	/eos/ihep/cms/store/user/coli/datasets/hh4b/inference/VBFH_ntuple/selected_ntuples_0000.root	213	105	105	False	ensemble	137	114	1.2043649607989594e-12	3.383019868241696e-13	1.0
VBFH_ntuple	/eos/ihep/cms/store/user/coli/datasets/hh4b/inference/VBFH_ntuple/selected_ntuples_0000.root	214	108	108	False	ensemble	136	66	0.167978556616049	0.8076748649279276	0.024346517398953438
VBFH_ntuple	/eos/ihep/cms/store/user/coli/datasets/hh4b/inference/VBFH_ntuple/selected_ntuples_0000.root	215	82	82	False	ensemble	137	114	2.7283907233950247e-12	6.100214855094124e-13	1.0
VBFH_ntuple	/eos/ihep/cms/store/user/coli/datasets/hh4b/inference/VBFH_ntuple/selected_ntuples_0000.root	216	78	78	False	ensemble	137	114	2.0573206712345502e-12	1.4119432113864426e-12	1.0
VBFH_ntuple	/eos/ihep/cms/store/user/coli/datasets/hh4b/inference/VBFH_ntuple/selected_ntuples_0000.root	217	131	131	False	ensemble	137	114	1.8134104624371404e-12	1.418926940755951e-13	1.0
VBFH_ntuple	/eos/ihep/cms/store/user/coli/datasets/hh4b/inference/VBFH_ntuple/selected_ntuples_0000.root	218	110	110	False	ensemble	137	114	1.5714561766703544e-12	1.0257738994291395e-13	1.0
VBFH_ntuple	/eos/ihep/cms/store/user/coli/datasets/hh4b/inference/VBFH_ntuple/selected_ntuples_0000.root	219	104	104	False	ensemble	137	114	2.0875767148663905e-12	6.074162978608126e-13	1.0
VBFH_ntuple	/eos/ihep/cms/store/user/coli/datasets/hh4b/inference/VBFH_ntuple/selected_ntuples_0000.root	220	96	96	False	ensemble	137	114	1.5982568905643796e-12	4.84293750381888e-13	1.0
VBFH_ntuple	/eos/ihep/cms/store/user/coli/datasets/hh4b/inference/VBFH_ntuple/selected_ntuples_0000.root	221	118	118	False	ensemble	137	128	1.188612706813337e-08	2.4704371141363406e-08	1.0
VBFH_ntuple	/eos/ihep/cms/store/user/coli/datasets/hh4b/inference/VBFH_ntuple/selected_ntuples_0000.root	222	85	85	False	ensemble	137	114	2.4690376475459886e-12	1.1779475343937535e-12	1.0
VBFH_ntuple	/eos/ihep/cms/store/user/coli/datasets/hh4b/inference/VBFH_ntuple/selected_ntuples_0000.root	223	70	70	False	ensemble	137	114	1.4478437678042421e-12	1.7229597486447199e-13	1.0
VBFH_ntuple	/eos/ihep/cms/store/user/coli/datasets/hh4b/inference/VBFH_ntuple/selected_ntuples_0000.root	224	115	115	False	ensemble	137	114	3.58915539578562e-12	1.6500881909384336e-13	1.0
VBFH_ntuple	/eos/ihep/cms/store/user/coli/datasets/hh4b/inference/VBFH_ntuple/selected_ntuples_0000.root	225	112	112	False	ensemble	137	114	1.7257655111980188e-12	9.550817526256993e-13	1.0
VBFH_ntuple	/eos/ihep/cms/store/user/coli/datasets/hh4b/inference/VBFH_ntuple/selected_ntuples_0000.root	226	76	76	False	ensemble	137	114	1.550505255295173e-10	1.5486154170361402e-10	1.0
VBFH_ntuple	/eos/ihep/cms/store/user/coli/datasets/hh4b/inference/VBFH_ntuple/selected_ntuples_0000.root	227	152	152	False	ensemble	137	114	1.0850921612657467e-11	1.6852301821276665e-12	1.0
VBFH_ntuple	/eos/ihep/cms/store/user/coli/datasets/hh4b/inference/VBFH_ntuple/selected_ntuples_0000.root	228	59	59	False	ensemble	137	114	2.756514676158243e-12	3.6407249988680275e-12	1.0
VBFH_ntuple	/eos/ihep/cms/store/user/coli/datasets/hh4b/inference/VBFH_ntuple/selected_ntuples_0000.root	229	73	73	False	ensemble	137	114	2.4621503144540762e-12	2.774723421833523e-12	1.0
VBFH_ntuple	/eos/ihep/cms/store/user/coli/datasets/hh4b/inference/VBFH_ntuple/selected_ntuples_0000.root	230	115	115	False	ensemble	137	120	8.226720911117411e-10	3.284181796884648e-09	1.0
VBFH_ntuple	/eos/ihep/cms/store/user/coli/datasets/hh4b/inference/VBFH_ntuple/selected_ntuples_0000.root	231	108	108	False	ensemble	137	114	9.886260576663058e-12	1.6602408794631214e-12	1.0
VBFH_ntuple	/eos/ihep/cms/store/user/coli/datasets/hh4b/inference/VBFH_ntuple/selected_ntuples_0000.root	232	60	60	False	ensemble	137	114	1.0243817980121448e-11	4.174305306073554e-12	1.0
VBFH_ntuple	/eos/ihep/cms/store/user/coli/datasets/hh4b/inference/VBFH_ntuple/selected_ntuples_0000.root	233	29	29	False	ensemble	137	113	1.4393367823321376e-11	3.751787448151144e-11	1.0
VBFH_ntuple	/eos/ihep/cms/store/user/coli/datasets/hh4b/inference/VBFH_ntuple/selected_ntuples_0000.root	234	36	36	False	ensemble	137	113	1.3026937585364035e-11	5.775971007363455e-11	1.0
VBFH_ntuple	/eos/ihep/cms/store/user/coli/datasets/hh4b/inference/VBFH_ntuple/selected_ntuples_0000.root	235	106	106	False	ensemble	137	114	2.0351217044345808e-12	6.876383910456385e-13	1.0
VBFH_ntuple	/eos/ihep/cms/store/user/coli/datasets/hh4b/inference/VBFH_ntuple/selected_ntuples_0000.root	236	86	86	False	ensemble	137	107	3.221045457418528e-11	2.3026420361016892e-11	1.0
VBFH_ntuple	/eos/ihep/cms/store/user/coli/datasets/hh4b/inference/VBFH_ntuple/selected_ntuples_0000.root	237	32	32	False	ensemble	137	113	1.2776331648131059e-11	4.2267620780681187e-11	1.0
VBFH_ntuple	/eos/ihep/cms/store/user/coli/datasets/hh4b/inference/VBFH_ntuple/selected_ntuples_0000.root	238	51	51	False	ensemble	137	114	2.920123092925714e-12	6.912760668141996e-13	1.0
VBFH_ntuple	/eos/ihep/cms/store/user/coli/datasets/hh4b/inference/VBFH_ntuple/selected_ntuples_0000.root	239	52	52	False	ensemble	137	90	2.953369030882234e-07	1.3865798405750715e-07	0.9999996026357015
VBFH_ntuple	/eos/ihep/cms/store/user/coli/datasets/hh4b/inference/VBFH_ntuple/selected_ntuples_0000.root	240	96	96	False	ensemble	136	82	0.0021764077322548774	0.9978062311808268	1.737717017628408e-05
VBFH_ntuple	/eos/ihep/cms/store/user/coli/datasets/hh4b/inference/VBFH_ntuple/selected_ntuples_0000.root	241	128	128	False	ensemble	137	107	3.712806192142178e-10	7.326915093160599e-10	1.0
VBFH_ntuple	/eos/ihep/cms/store/user/coli/datasets/hh4b/inference/VBFH_ntuple/selected_ntuples_0000.root	242	120	120	False	ensemble	137	114	1.9515283686842367e-12	7.290109141581625e-13	1.0
VBFH_ntuple	/eos/ihep/cms/store/user/coli/datasets/hh4b/inference/VBFH_ntuple/selected_ntuples_0000.root	243	114	114	False	ensemble	137	114	1.8920924309787605e-12	1.9193597669119175e-12	1.0
VBFH_ntuple	/eos/ihep/cms/store/user/coli/datasets/hh4b/inference/VBFH_ntuple/selected_ntuples_0000.root	244	133	133	False	ensemble	137	114	4.0041071246846445e-10	3.564395861799241e-10	1.0
VBFH_ntuple	/eos/ihep/cms/store/user/coli/datasets/hh4b/inference/VBFH_ntuple/selected_ntuples_0000.root	245	97	97	False	ensemble	137	114	1.397875347591764e-11	1.3949417160292789e-12	1.0
VBFH_ntuple	/eos/ihep/cms/store/user/coli/datasets/hh4b/inference/VBFH_ntuple/selected_ntuples_0000.root	246	40	40	False	ensemble	137	114	5.487643299106669e-10	5.247942057769647e-10	1.0
VBFH_ntuple	/eos/ihep/cms/store/user/coli/datasets/hh4b/inference/VBFH_ntuple/selected_ntuples_0000.root	247	100	100	False	ensemble	137	114	1.2270668282926518e-09	2.9353170357312073e-11	1.0
VBFH_ntuple	/eos/ihep/cms/store/user/coli/datasets/hh4b/inference/VBFH_ntuple/selected_ntuples_0000.root	248	77	77	False	ensemble	137	114	3.176697533176642e-12	1.5628347642589608e-12	1.0
VBFH_ntuple	/eos/ihep/cms/store/user/coli/datasets/hh4b/inference/VBFH_ntuple/selected_ntuples_0000.root	249	103	103	False	ensemble	136	95	0.0037147930269535814	0.994343101978302	0.0019420628862765927
VBFH_ntuple	/eos/ihep/cms/store/user/coli/datasets/hh4b/inference/VBFH_ntuple/selected_ntuples_0000.root	250	111	111	False	ensemble	137	114	2.8872027002040123e-12	2.9856742725239543e-13	1.0
VBFH_ntuple	/eos/ihep/cms/store/user/coli/datasets/hh4b/inference/VBFH_ntuple/selected_ntuples_0000.root	251	59	59	False	ensemble	137	114	2.0189493541466257e-12	6.492320304071222e-13	1.0
VBFH_ntuple	/eos/ihep/cms/store/user/coli/datasets/hh4b/inference/VBFH_ntuple/selected_ntuples_0000.root	252	101	101	False	ensemble	136	49	0.7166385793195029	0.212800865372022	0.07056052175660928
VBFH_ntuple	/eos/ihep/cms/store/user/coli/datasets/hh4b/inference/VBFH_ntuple/selected_ntuples_0000.root	253	83	83	False	ensemble	137	114	1.2470258244332797e-12	1.9562602036347872e-12	1.0
VBFH_ntuple	/eos/ihep/cms/store/user/coli/datasets/hh4b/inference/VBFH_ntuple/selected_ntuples_0000.root	254	87	87	False	ensemble	137	114	2.089119470167078e-12	6.842366621278866e-13	1.0
VBFH_ntuple	/eos/ihep/cms/store/user/coli/datasets/hh4b/inference/VBFH_ntuple/selected_ntuples_0000.root	255	56	56	False	ensemble	137	114	5.265581980023026e-12	2.6146882852323876e-12	1.0
