search_root	path	bytes	matched_anchors	matching_line_numbers	matching_line_count	sha256	event_payload	content_opened	status
/uscms_data/d3/iturkmen/hh4b_delphes	/uscms_data/d3/iturkmen/hh4b_delphes/logs/ttbar_100k_storage_safe_timing.log	883606	exact_candidate_absolute_path,ttbar_100k,ttbar_100k_shard000,ttbar_100k_shard000_hh4b_candidates.parquet	3,4,5,9,12,49,50,51,101,133,135,136,138,139,140,141,189,225,2380,2429,2496,2533,2572,2573,2575,2576,2577,2578,2579,2581,2582,2583,2584,2585,2593,2594,2595,2596,2597,2600,2613,2625,2626,2630,2631,2632,2636,2639,2676,2677,2678,2727,2760,2762,2763,2765,2766,2767,2768,2816,2852,5013,5062,5129,5166,5205,5206,5208,5209,5210,5211,5212,5214,5215,5216,5217,5218,5226,5227,5228,5229,5230,5233,5246,5258,5259,5263,5264,5265,5269,5272,5309,5310,5311,5360,5393,5395,5396,5398,5399	438	b5a212c039ca112c7e02e7bc8e04f6c956527d98b43ebe9aec9e2fa5299b7f3d	False	True	exact_legacy_text_reference
/uscms_data/d3/iturkmen/hh4b_delphes	/uscms_data/d3/iturkmen/hh4b_delphes/logs/ttbar_100k_shard000_generate_events.log	4492	ttbar_100k	27,28,29,70	4	d1935dea427494ba9f6f98702f91a4802e025d93ab17a61025027b4a5b9da5f5	False	True	exact_legacy_text_reference
/uscms_data/d3/iturkmen/hh4b_delphes	/uscms_data/d3/iturkmen/hh4b_delphes/logs/ttbar_100k_shard000_pipeline.log	80756	ttbar_100k,ttbar_100k_shard000	1,2,4,5,6,7,55,91,2246,2295,2362,2399,2438,2439,2441,2442,2443,2444,2445,2447,2448,2449,2450,2451,2459,2460,2461,2462,2463	29	7cf644e2dd69f9faf8c4fd5adb65dad237830e23172b537abe906c0e64954123	False	True	exact_legacy_text_reference
/uscms_data/d3/iturkmen/hh4b_delphes	/uscms_data/d3/iturkmen/hh4b_delphes/logs/ttbar_100k_shard000_lhe_to_hepmc3.log	68549	ttbar_100k,ttbar_100k_shard000	47,83,2238	3	5181f8c0a548c699d8b78a941999caeeffa9eab4036df20ea7d1641c567730c0	False	True	exact_legacy_text_reference
/uscms_data/d3/iturkmen/hh4b_delphes	/uscms_data/d3/iturkmen/hh4b_delphes/logs/ttbar_100k_shard000_pythia8_delphes.log	8127	ttbar_100k,ttbar_100k_shard000	49	1	efd78f7a8141d21a38f61c817c9dc99218c4b5fb5dd7d9d656a0b50d911836a6	False	True	exact_legacy_text_reference
/uscms_data/d3/iturkmen/hh4b_delphes	/uscms_data/d3/iturkmen/hh4b_delphes/logs/ttbar_100k_shard000_diagnostic.log	1608	ttbar_100k,ttbar_100k_shard000	1,40	2	bccedbc4123b6915759514c8f7346e5bfc240261f4664ab65696dec114b38107	False	True	exact_legacy_text_reference
/uscms_data/d3/iturkmen/hh4b_delphes	/uscms_data/d3/iturkmen/hh4b_delphes/logs/ttbar_100k_shard000_hh4b_candidates.log	776	exact_candidate_absolute_path,ttbar_100k,ttbar_100k_shard000,ttbar_100k_shard000_hh4b_candidates.parquet	3	1	78b5dca914e2be77a99548ee70b619d4a722c85a96bc45303da5e20fc9bbc8cb	False	True	exact_legacy_text_reference
/uscms_data/d3/iturkmen/hh4b_delphes	/uscms_data/d3/iturkmen/hh4b_delphes/logs/ttbar_100k_shard001_generate_events.log	4500	ttbar_100k	27,28,29,69	4	fa665656b668f48eb10e81fa18230d6c892df1a855f30cd9ac7c02d4db9375ae	False	True	exact_legacy_text_reference
/uscms_data/d3/iturkmen/hh4b_delphes	/uscms_data/d3/iturkmen/hh4b_delphes/logs/ttbar_100k_shard001_pipeline.log	81307	ttbar_100k	1,2,4,5,6,7,55,91,2252,2301,2368,2405,2444,2445,2447,2448,2449,2450,2451,2453,2454,2455,2456,2457,2465,2466,2467,2468,2469	29	41aba69f526ad6f7863bb24799eb3908608cdea4cb72add1843d87d543aafda7	False	True	exact_legacy_text_reference
/uscms_data/d3/iturkmen/hh4b_delphes	/uscms_data/d3/iturkmen/hh4b_delphes/logs/ttbar_100k_shard001_lhe_to_hepmc3.log	69099	ttbar_100k	47,83,2244	3	c36fbfa08f662d16df219cb5c6f211f12599169fb2d216f982ab79377ae48727	False	True	exact_legacy_text_reference
/uscms_data/d3/iturkmen/hh4b_delphes	/uscms_data/d3/iturkmen/hh4b_delphes/logs/ttbar_100k_shard001_pythia8_delphes.log	8128	ttbar_100k	49	1	20a179e296fbe0e7a16e2c6a6c737cd5e9abe6ca464b0c81d2294e5d7b325dc3	False	True	exact_legacy_text_reference
/uscms_data/d3/iturkmen/hh4b_delphes	/uscms_data/d3/iturkmen/hh4b_delphes/logs/ttbar_100k_shard001_diagnostic.log	1608	ttbar_100k	1,40	2	172d409c129440b86e6dbdf1331d3d3fc268ea23e44267bffe3947908883fb43	False	True	exact_legacy_text_reference
/uscms_data/d3/iturkmen/hh4b_delphes	/uscms_data/d3/iturkmen/hh4b_delphes/logs/ttbar_100k_shard001_hh4b_candidates.log	776	ttbar_100k	3	1	004ba1a1b5ccedb147b7b028c99a829bfe65a151074f2975b822a1107c6bb058	False	True	exact_legacy_text_reference
/uscms_data/d3/iturkmen/hh4b_delphes	/uscms_data/d3/iturkmen/hh4b_delphes/logs/ttbar_100k_shard002_generate_events.log	4504	ttbar_100k	27,28,29,69	4	e80818be47b71af9393c4285a0897852020c55e2b200c607a8d0b1fa0bee3009	False	True	exact_legacy_text_reference
/uscms_data/d3/iturkmen/hh4b_delphes	/uscms_data/d3/iturkmen/hh4b_delphes/logs/ttbar_100k_shard002_pipeline.log	80955	ttbar_100k	1,2,4,5,6,7,55,91,2248,2297,2364,2401,2440,2441,2443,2444,2445,2446,2447,2449,2450,2451,2452,2453,2461,2462,2463,2464,2465	29	544c6aa0438289bb43e41dbf581ff9184dbda602ac75df6578fb64add8615fb0	False	True	exact_legacy_text_reference
/uscms_data/d3/iturkmen/hh4b_delphes	/uscms_data/d3/iturkmen/hh4b_delphes/logs/ttbar_100k_shard002_lhe_to_hepmc3.log	68747	ttbar_100k	47,83,2240	3	cfad61f8bce0d684257b98cc1538e78939caff9d0a664e264847e0c070106a39	False	True	exact_legacy_text_reference
/uscms_data/d3/iturkmen/hh4b_delphes	/uscms_data/d3/iturkmen/hh4b_delphes/logs/ttbar_100k_shard002_pythia8_delphes.log	8128	ttbar_100k	49	1	48075c39c3af82bcad1de7e4989d4f402b6b924023c5c88c2f7511559298d6f5	False	True	exact_legacy_text_reference
/uscms_data/d3/iturkmen/hh4b_delphes	/uscms_data/d3/iturkmen/hh4b_delphes/logs/ttbar_100k_shard002_diagnostic.log	1608	ttbar_100k	1,40	2	534c63afff6e98c853b2b09f30de40a137ac598f4d804b8d05ef888fd5735cca	False	True	exact_legacy_text_reference
/uscms_data/d3/iturkmen/hh4b_delphes	/uscms_data/d3/iturkmen/hh4b_delphes/logs/ttbar_100k_shard002_hh4b_candidates.log	776	ttbar_100k	3	1	9b79a8a22b21f2e8c6178596ab5377d7e4fde3b0b101b9d8fd513cca2d1dbef3	False	True	exact_legacy_text_reference
/uscms_data/d3/iturkmen/hh4b_delphes	/uscms_data/d3/iturkmen/hh4b_delphes/logs/ttbar_100k_shard003_generate_events.log	4505	ttbar_100k	27,28,29,69	4	c6e2b915c0a673640881c37d9d47771768d368925630527f568e1207c86a4d2a	False	True	exact_legacy_text_reference
/uscms_data/d3/iturkmen/hh4b_delphes	/uscms_data/d3/iturkmen/hh4b_delphes/logs/ttbar_100k_shard003_pipeline.log	81154	ttbar_100k	1,2,4,5,6,7,55,91,2250,2299,2366,2403,2442,2443,2445,2446,2447,2448,2449,2451,2452,2453,2454,2455,2463,2464,2465,2466,2467	29	8ccdc7ff2a4a98fc94391267b708b1fbd9da159ded069876056b258a925361d9	False	True	exact_legacy_text_reference
/uscms_data/d3/iturkmen/hh4b_delphes	/uscms_data/d3/iturkmen/hh4b_delphes/logs/ttbar_100k_shard003_lhe_to_hepmc3.log	68946	ttbar_100k	47,83,2242	3	002693bbdf7d4e0b11f8921e9ca2e0e66d0373164ab9890bb8891cb0d4ef24ab	False	True	exact_legacy_text_reference
/uscms_data/d3/iturkmen/hh4b_delphes	/uscms_data/d3/iturkmen/hh4b_delphes/logs/ttbar_100k_shard003_pythia8_delphes.log	8128	ttbar_100k	49	1	b3e50ec4625ebe0529549f7688f16066549a0f94616d203bf6c1b2a5eabfe06f	False	True	exact_legacy_text_reference
/uscms_data/d3/iturkmen/hh4b_delphes	/uscms_data/d3/iturkmen/hh4b_delphes/logs/ttbar_100k_shard003_diagnostic.log	1608	ttbar_100k	1,40	2	106df01b0ab5aa1a459e5a78a5057b232b914ec881497bbc10af6559199d6d38	False	True	exact_legacy_text_reference
/uscms_data/d3/iturkmen/hh4b_delphes	/uscms_data/d3/iturkmen/hh4b_delphes/logs/ttbar_100k_shard003_hh4b_candidates.log	776	ttbar_100k	3	1	9ea9380c6ba85e09000f4652d6ecf2163c7b119f896d189e3e344b6e949233e8	False	True	exact_legacy_text_reference
/uscms_data/d3/iturkmen/hh4b_delphes	/uscms_data/d3/iturkmen/hh4b_delphes/logs/ttbar_100k_shard004_generate_events.log	4507	ttbar_100k	27,28,29,69	4	4b24cd0e319994300f7c5f94c89ea62ec4fd3865fd0a71d19398fe49a9dd51d2	False	True	exact_legacy_text_reference
/uscms_data/d3/iturkmen/hh4b_delphes	/uscms_data/d3/iturkmen/hh4b_delphes/logs/ttbar_100k_shard004_pipeline.log	81353	ttbar_100k	1,2,4,5,6,7,55,91,2252,2301,2368,2405,2444,2445,2447,2448,2449,2450,2451,2453,2454,2455,2456,2457,2465,2466,2467,2468,2469	29	9ef7d7f8887001ff5ca4a865969e4b21caa2e08758b6bc292f79f0e3d4f54d87	False	True	exact_legacy_text_reference
/uscms_data/d3/iturkmen/hh4b_delphes	/uscms_data/d3/iturkmen/hh4b_delphes/logs/ttbar_100k_shard004_lhe_to_hepmc3.log	69145	ttbar_100k	47,83,2244	3	def5e3f563920d1dd1b42b7abb897c4e24a2274c5f49dd71a4fa9a4b4a497c64	False	True	exact_legacy_text_reference
/uscms_data/d3/iturkmen/hh4b_delphes	/uscms_data/d3/iturkmen/hh4b_delphes/logs/ttbar_100k_shard004_pythia8_delphes.log	8128	ttbar_100k	49	1	6c7fdfd4db4a4fac913551f93ccce8ff118d4fdb9f64801b5c72e25079b61809	False	True	exact_legacy_text_reference
/uscms_data/d3/iturkmen/hh4b_delphes	/uscms_data/d3/iturkmen/hh4b_delphes/logs/ttbar_100k_shard004_diagnostic.log	1608	ttbar_100k	1,40	2	360ad7d1b6f5d907f9a32391469f05f8bcc4c80535e6c640e588fd48e0db8f53	False	True	exact_legacy_text_reference
/uscms_data/d3/iturkmen/hh4b_delphes	/uscms_data/d3/iturkmen/hh4b_delphes/logs/ttbar_100k_shard004_hh4b_candidates.log	776	ttbar_100k	3	1	7077e9421529da7fc3720670bfa871d40d16ed541cb3629d7cde0e5eb110d4ad	False	True	exact_legacy_text_reference
/uscms_data/d3/iturkmen/hh4b_delphes	/uscms_data/d3/iturkmen/hh4b_delphes/logs/ttbar_100k_shard005_generate_events.log	4501	ttbar_100k	27,28,29,69	4	23e8fd4d51059ea962eacbcd4fa3c0537fecc3b6ccd7b72f3f863c69eec7ba5a	False	True	exact_legacy_text_reference
/uscms_data/d3/iturkmen/hh4b_delphes	/uscms_data/d3/iturkmen/hh4b_delphes/logs/ttbar_100k_shard005_pipeline.log	80944	ttbar_100k	1,2,4,5,6,7,55,91,2248,2297,2364,2401,2440,2441,2443,2444,2445,2446,2447,2449,2450,2451,2452,2453,2461,2462,2463,2464,2465	29	9c5ac233a89d57c6600e97aeb5da9b27e4d7c8b140aec583bd7cebf3b5acd227	False	True	exact_legacy_text_reference
/uscms_data/d3/iturkmen/hh4b_delphes	/uscms_data/d3/iturkmen/hh4b_delphes/logs/ttbar_100k_shard005_lhe_to_hepmc3.log	68736	ttbar_100k	47,83,2240	3	17b059e68d40442c5aea8a9f7b974871449388072d2eae8f61b3dfe53f4dc272	False	True	exact_legacy_text_reference
/uscms_data/d3/iturkmen/hh4b_delphes	/uscms_data/d3/iturkmen/hh4b_delphes/logs/ttbar_100k_shard005_pythia8_delphes.log	8128	ttbar_100k	49	1	575ff76cf69a9e061e912c004928ee4bcf4f64cb6fd7af2bff471135cba6f1dc	False	True	exact_legacy_text_reference
/uscms_data/d3/iturkmen/hh4b_delphes	/uscms_data/d3/iturkmen/hh4b_delphes/logs/ttbar_100k_shard005_diagnostic.log	1608	ttbar_100k	1,40	2	a955a68190e3711efb0482c0eb71fea0c51cd97f44d10173c98553aeb8d3650c	False	True	exact_legacy_text_reference
/uscms_data/d3/iturkmen/hh4b_delphes	/uscms_data/d3/iturkmen/hh4b_delphes/logs/ttbar_100k_shard005_hh4b_candidates.log	776	ttbar_100k	3	1	32e3f56b4ef0ecb4d8d3102c59b70a4f1b1b7c929ca05dec45b174936a3d94bd	False	True	exact_legacy_text_reference
/uscms_data/d3/iturkmen/hh4b_delphes	/uscms_data/d3/iturkmen/hh4b_delphes/logs/ttbar_100k_shard006_generate_events.log	4504	ttbar_100k	27,28,29,69	4	7d0f299e623a387e0dd1f350cf9dab974a17ff7654efb093b38a97ec32e67c36	False	True	exact_legacy_text_reference
/uscms_data/d3/iturkmen/hh4b_delphes	/uscms_data/d3/iturkmen/hh4b_delphes/logs/ttbar_100k_shard006_pipeline.log	80934	ttbar_100k	1,2,4,5,6,7,55,91,2248,2297,2364,2401,2440,2441,2443,2444,2445,2446,2447,2449,2450,2451,2452,2453,2461,2462,2463,2464,2465	29	e72f9b38b6e3d30288daaca230c29e1a8d71112c983c004e8b0d491ab9d240b6	False	True	exact_legacy_text_reference
/uscms_data/d3/iturkmen/hh4b_delphes	/uscms_data/d3/iturkmen/hh4b_delphes/logs/ttbar_100k_shard006_lhe_to_hepmc3.log	68738	ttbar_100k	47,83,2240	3	43986ae1eca87fea8f01ec824d9087d10b92632f1ae9bb8a19ae7a659d11f072	False	True	exact_legacy_text_reference
/uscms_data/d3/iturkmen/hh4b_delphes	/uscms_data/d3/iturkmen/hh4b_delphes/logs/ttbar_100k_shard006_pythia8_delphes.log	8128	ttbar_100k	49	1	2d5a00e941fe0f73c766fb088b73ec73094683163120dda058155dd195f59e3f	False	True	exact_legacy_text_reference
/uscms_data/d3/iturkmen/hh4b_delphes	/uscms_data/d3/iturkmen/hh4b_delphes/logs/ttbar_100k_shard006_diagnostic.log	1608	ttbar_100k	1,40	2	ba6deaea0f8dad5b1b4a571fd1862db8a2bc6b6db139e64f3af9718393d08051	False	True	exact_legacy_text_reference
/uscms_data/d3/iturkmen/hh4b_delphes	/uscms_data/d3/iturkmen/hh4b_delphes/logs/ttbar_100k_shard006_hh4b_candidates.log	776	ttbar_100k	3	1	b1d15f883411fd7adae8994bd8f5c86bb10f61018bb391eacc76c75f27d2a30b	False	True	exact_legacy_text_reference
/uscms_data/d3/iturkmen/hh4b_delphes	/uscms_data/d3/iturkmen/hh4b_delphes/logs/ttbar_100k_shard007_generate_events.log	4498	ttbar_100k	27,28,29,69	4	a52d6adcb3ec268f1f644f804c128100a149af92e6c05fa70b7a666c9fe09006	False	True	exact_legacy_text_reference
/uscms_data/d3/iturkmen/hh4b_delphes	/uscms_data/d3/iturkmen/hh4b_delphes/logs/ttbar_100k_shard007_pipeline.log	82088	ttbar_100k	1,2,4,5,6,7,55,91,2260,2309,2376,2413,2452,2453,2455,2456,2457,2458,2459,2461,2462,2463,2464,2465,2473,2474,2475,2476,2477	29	f30c1598dc9a4c570ed101aae9775b8d857e33b25683820d16937858d6e68f6b	False	True	exact_legacy_text_reference
/uscms_data/d3/iturkmen/hh4b_delphes	/uscms_data/d3/iturkmen/hh4b_delphes/logs/ttbar_100k_shard007_lhe_to_hepmc3.log	69880	ttbar_100k	47,83,2252	3	f1a7865d2c235d4e996d900be6909c3d4b81bff863b11bae41480dc5d2a4bce9	False	True	exact_legacy_text_reference
/uscms_data/d3/iturkmen/hh4b_delphes	/uscms_data/d3/iturkmen/hh4b_delphes/logs/ttbar_100k_shard007_pythia8_delphes.log	8128	ttbar_100k	49	1	85733bd492f6157fcf54bbc9f743561ae4192022c4f30174b4823157cd610617	False	True	exact_legacy_text_reference
/uscms_data/d3/iturkmen/hh4b_delphes	/uscms_data/d3/iturkmen/hh4b_delphes/logs/ttbar_100k_shard007_diagnostic.log	1608	ttbar_100k	1,40	2	27e74fb22e3bd9e90dfb0604e15e41ffd2f0e891e2e2dc0eaf32f3a390fcaf58	False	True	exact_legacy_text_reference
/uscms_data/d3/iturkmen/hh4b_delphes	/uscms_data/d3/iturkmen/hh4b_delphes/logs/ttbar_100k_shard007_hh4b_candidates.log	776	ttbar_100k	3	1	895c6bcece111321897046845d2ce51677e98adc6dbda08418bbf7c09bf7e033	False	True	exact_legacy_text_reference
/uscms_data/d3/iturkmen/hh4b_delphes	/uscms_data/d3/iturkmen/hh4b_delphes/logs/ttbar_100k_shard008_generate_events.log	4502	ttbar_100k	27,28,29,69	4	3ddba60a21d77ca4788a116ef1bd9620592dd050c8eaf4c8833aae9f0002157b	False	True	exact_legacy_text_reference
/uscms_data/d3/iturkmen/hh4b_delphes	/uscms_data/d3/iturkmen/hh4b_delphes/logs/ttbar_100k_shard008_pipeline.log	81152	ttbar_100k	1,2,4,5,6,7,55,91,2250,2299,2366,2403,2442,2443,2445,2446,2447,2448,2449,2451,2452,2453,2454,2455,2463,2464,2465,2466,2467	29	be664ae95c2159029bc35c10e89c7a2193cfedd65aa9a37d06cf6923d7b224aa	False	True	exact_legacy_text_reference
/uscms_data/d3/iturkmen/hh4b_delphes	/uscms_data/d3/iturkmen/hh4b_delphes/logs/ttbar_100k_shard008_lhe_to_hepmc3.log	68944	ttbar_100k	47,83,2242	3	831cfb8eb6930a6e5e09fe87b40321f46a22175296071f05d13e610550503179	False	True	exact_legacy_text_reference
/uscms_data/d3/iturkmen/hh4b_delphes	/uscms_data/d3/iturkmen/hh4b_delphes/logs/ttbar_100k_shard008_pythia8_delphes.log	8128	ttbar_100k	49	1	8b172b21eb1a462803706fc0871965708ff49e3fbef256305d277658017d9c5e	False	True	exact_legacy_text_reference
/uscms_data/d3/iturkmen/hh4b_delphes	/uscms_data/d3/iturkmen/hh4b_delphes/logs/ttbar_100k_shard008_diagnostic.log	1608	ttbar_100k	1,40	2	f09be715d581308538accecccc52fcaf85c4afa3cc458d91dc84f9c9381b5d3c	False	True	exact_legacy_text_reference
/uscms_data/d3/iturkmen/hh4b_delphes	/uscms_data/d3/iturkmen/hh4b_delphes/logs/ttbar_100k_shard008_hh4b_candidates.log	776	ttbar_100k	3	1	45f9dff98b4e89637048d1d691f7f6ee0cc497bdc298a9701fc4e5df60643171	False	True	exact_legacy_text_reference
/uscms_data/d3/iturkmen/hh4b_delphes	/uscms_data/d3/iturkmen/hh4b_delphes/logs/ttbar_100k_shard009_generate_events.log	4500	ttbar_100k	27,28,29,69	4	beef1225697ff554c932d2fbbcee13b4fa8d470c64525d4de22972c7b15fd7d5	False	True	exact_legacy_text_reference
/uscms_data/d3/iturkmen/hh4b_delphes	/uscms_data/d3/iturkmen/hh4b_delphes/logs/ttbar_100k_shard009_pipeline.log	81305	ttbar_100k	1,2,4,5,6,7,55,91,2252,2301,2368,2405,2444,2445,2447,2448,2449,2450,2451,2453,2454,2455,2456,2457,2465,2466,2467,2468,2469	29	0b5a3d5f36fe009cf80a21ec4ac973245c8aafd7294274e82e527bd50fc6faed	False	True	exact_legacy_text_reference
/uscms_data/d3/iturkmen/hh4b_delphes	/uscms_data/d3/iturkmen/hh4b_delphes/logs/ttbar_100k_shard009_lhe_to_hepmc3.log	69098	ttbar_100k	47,83,2244	3	d95fb696e83179fc3f139331df64240cd91e080ac76a6ed149212f716f3e057d	False	True	exact_legacy_text_reference
/uscms_data/d3/iturkmen/hh4b_delphes	/uscms_data/d3/iturkmen/hh4b_delphes/logs/ttbar_100k_shard009_pythia8_delphes.log	8127	ttbar_100k	49	1	2cafea97d547407152fc65aaca46ee42b8577028905c18e157a990cdc0e9451e	False	True	exact_legacy_text_reference
/uscms_data/d3/iturkmen/hh4b_delphes	/uscms_data/d3/iturkmen/hh4b_delphes/logs/ttbar_100k_shard009_diagnostic.log	1608	ttbar_100k	1,40	2	1cc5eee5244b231deffe96260c7d6cc61ab689ef0d546d819268f3c8bc8f2a32	False	True	exact_legacy_text_reference
/uscms_data/d3/iturkmen/hh4b_delphes	/uscms_data/d3/iturkmen/hh4b_delphes/logs/ttbar_100k_shard009_hh4b_candidates.log	776	ttbar_100k	3	1	8a1e2133e2bfaf7db69f38f78a8ccbf674469e9375fb07a5661b737f05c0bd9d	False	True	exact_legacy_text_reference
/uscms_data/d3/iturkmen/hh4b_delphes	/uscms_data/d3/iturkmen/hh4b_delphes/metadata/ttbar_100k_manifest.csv	2659	exact_candidate_absolute_path,ttbar_100k,ttbar_100k_shard000,ttbar_100k_shard000_hh4b_candidates.parquet	2,3,4,5,6,7,8,9,10,11	10	f2fccae88b69ac1e504503c887aca6cf14cdbac2ce24b6753b59ca8651067bfc	False	True	exact_legacy_text_reference
/uscms_data/d3/iturkmen/hh4b_delphes	/uscms_data/d3/iturkmen/hh4b_delphes/metadata/ttbar_100k_shard000_summary.txt	376	ttbar_100k,ttbar_100k_shard000	1	1	9ba56adade707ff4ccf38c421c5ccb3c11a8402c395faa83d738c2baa4002f29	False	True	exact_legacy_text_reference
/uscms_data/d3/iturkmen/hh4b_delphes	/uscms_data/d3/iturkmen/hh4b_delphes/metadata/ttbar_100k_shard001_summary.txt	379	ttbar_100k	1	1	d485d99ca51b53c7f076ce3c2004fecb6ef755537d3d05f17c6d39c75ea5231e	False	True	exact_legacy_text_reference
/uscms_data/d3/iturkmen/hh4b_delphes	/uscms_data/d3/iturkmen/hh4b_delphes/metadata/ttbar_100k_shard002_summary.txt	377	ttbar_100k	1	1	44eabe6561265014634a51ff4d505b8da2fa5fd114a507d7d956275f61728442	False	True	exact_legacy_text_reference
/uscms_data/d3/iturkmen/hh4b_delphes	/uscms_data/d3/iturkmen/hh4b_delphes/metadata/ttbar_100k_shard003_summary.txt	377	ttbar_100k	1	1	b6ff322ba2c14ea478f4b5d838ee22469a1c724540c2fdfe88a4cc4f21f1fd6f	False	True	exact_legacy_text_reference
/uscms_data/d3/iturkmen/hh4b_delphes	/uscms_data/d3/iturkmen/hh4b_delphes/metadata/ttbar_100k_shard004_summary.txt	378	ttbar_100k	1	1	81be5f352570a9b6e9a982dc3373c00437724cffe9181c082d3a2e004e181d47	False	True	exact_legacy_text_reference
/uscms_data/d3/iturkmen/hh4b_delphes	/uscms_data/d3/iturkmen/hh4b_delphes/metadata/ttbar_100k_shard005_summary.txt	376	ttbar_100k	1	1	5fcc60595aa700470151728b6d8137bb26045ed866ff19555a6e925cf8bcaa03	False	True	exact_legacy_text_reference
/uscms_data/d3/iturkmen/hh4b_delphes	/uscms_data/d3/iturkmen/hh4b_delphes/metadata/ttbar_100k_shard006_summary.txt	379	ttbar_100k	1	1	0afb13ce737f0718990286212940f5f8172a24ff5326dfcd7d24be71e383979a	False	True	exact_legacy_text_reference
/uscms_data/d3/iturkmen/hh4b_delphes	/uscms_data/d3/iturkmen/hh4b_delphes/metadata/ttbar_100k_shard007_summary.txt	377	ttbar_100k	1	1	6c0cedba7db01489fc892f3cddf0e2be572ad70397957744414e2ad4043f33ce	False	True	exact_legacy_text_reference
/uscms_data/d3/iturkmen/hh4b_delphes	/uscms_data/d3/iturkmen/hh4b_delphes/metadata/ttbar_100k_shard008_summary.txt	376	ttbar_100k	1	1	72bdd1f7f2f86f8e4f568189564742f7f36296c27a11aa947a20c702f38b75b5	False	True	exact_legacy_text_reference
/uscms_data/d3/iturkmen/hh4b_delphes	/uscms_data/d3/iturkmen/hh4b_delphes/metadata/ttbar_100k_shard009_summary.txt	376	ttbar_100k	1	1	5558fb212e8c5c32e58f98977102764a897a0e2b114a26dcdf88756e31dc7ced	False	True	exact_legacy_text_reference
/uscms_data/d3/iturkmen/hh4b_delphes	/uscms_data/d3/iturkmen/hh4b_delphes/metadata/ttbar_100k_summary.txt	631	ttbar_100k	1,15,16	3	aafc0001d8f17c6f0451a36c4271a383505ffa8e696ab4a9350dc36ddfa184ab	False	True	exact_legacy_text_reference
/uscms_data/d3/iturkmen/hh4b_delphes	/uscms_data/d3/iturkmen/hh4b_delphes/mg5/TTbar_smoke/SubProcesses/P1_gg_ttx/G1/run_ttbar_extra50k_ak4ak8_v1_003_log.txt	8974	ttbar_100k	209,210,211,212,213,214,215,216,217,218	10	44209f98a8f5165ac13d6955ce8d0b02ae677a800c7c8bc361013513cfa47c0d	False	True	exact_legacy_text_reference
/uscms_data/d3/iturkmen/hh4b_delphes	/uscms_data/d3/iturkmen/hh4b_delphes/mg5/TTbar_smoke/SubProcesses/P1_gg_ttx/G1/run_ttbar_extra50k_ak4ak8_v1_004_log.txt	9015	ttbar_100k	209,210,211,212,213,214,215,216,217,218	10	e028c3e694b720bacb0123da89f8c2da885cdea2da430d52a37803148c34fa27	False	True	exact_legacy_text_reference
/uscms_data/d3/iturkmen/hh4b_delphes	/uscms_data/d3/iturkmen/hh4b_delphes/mg5/TTbar_smoke/SubProcesses/P1_gg_ttx/G1/run_ttbar_200k_018_log.txt	8851	ttbar_100k	209,210,211,212,213,214,215,216,217,218	10	65567d0e431b9c1b7e1c9d7888fbbdf4c67ba1ed284681f3a8fed5e6bfedb712	False	True	exact_legacy_text_reference
/uscms_data/d3/iturkmen/hh4b_delphes	/uscms_data/d3/iturkmen/hh4b_delphes/mg5/TTbar_smoke/SubProcesses/P1_gg_ttx/G1/run_ttbar_200k_019_log.txt	8851	ttbar_100k	209,210,211,212,213,214,215,216,217,218	10	7a2333032c552c50573a17cdb1f4573d8a2e667f8e65e0b246c63e99848f1e9c	False	True	exact_legacy_text_reference
/uscms_data/d3/iturkmen/hh4b_delphes	/uscms_data/d3/iturkmen/hh4b_delphes/mg5/TTbar_smoke/SubProcesses/P1_gg_ttx/G1/run_ttbar_100k_001_log.txt	8068	ttbar_100k	209	1	84f0f804c2644cc6a46bc7e4fe81e7129a21d54fe62cd0aa4b715cc8b31c4849	False	True	exact_legacy_text_reference
/uscms_data/d3/iturkmen/hh4b_delphes	/uscms_data/d3/iturkmen/hh4b_delphes/mg5/TTbar_smoke/SubProcesses/P1_gg_ttx/G1/run_ttbar_extra50k_ak4ak8_v1_000_log.txt	8851	ttbar_100k	209,210,211,212,213,214,215,216,217,218	10	f42f9a1d10bbc301a6b4cf454dd16b3c400b0f78ae7fa852326627706a550f1c	False	True	exact_legacy_text_reference
/uscms_data/d3/iturkmen/hh4b_delphes	/uscms_data/d3/iturkmen/hh4b_delphes/mg5/TTbar_smoke/SubProcesses/P1_gg_ttx/G1/run_ttbar_100k_002_log.txt	8095	ttbar_100k	209,210	2	96c23ba1b8ea861e45b0522be279010d9979ae43e00ecce6a2d73ffae3402e4d	False	True	exact_legacy_text_reference
/uscms_data/d3/iturkmen/hh4b_delphes	/uscms_data/d3/iturkmen/hh4b_delphes/mg5/TTbar_smoke/SubProcesses/P1_gg_ttx/G1/run1_app.log	9015	ttbar_100k	209,210,211,212,213,214,215,216,217,218	10	e028c3e694b720bacb0123da89f8c2da885cdea2da430d52a37803148c34fa27	False	True	exact_legacy_text_reference
/uscms_data/d3/iturkmen/hh4b_delphes	/uscms_data/d3/iturkmen/hh4b_delphes/mg5/TTbar_smoke/SubProcesses/P1_gg_ttx/G1/run_ttbar_100k_003_log.txt	8122	ttbar_100k	209,210,211	3	ffbd4fcb9a1727a26312cceda3654c796e1c6360260bb96ca47ac7cdc4fd479f	False	True	exact_legacy_text_reference
/uscms_data/d3/iturkmen/hh4b_delphes	/uscms_data/d3/iturkmen/hh4b_delphes/mg5/TTbar_smoke/SubProcesses/P1_gg_ttx/G1/run_ttbar_200k_007_log.txt	8851	ttbar_100k	209,210,211,212,213,214,215,216,217,218	10	6d1da04a1bdddec44f43f702cf8c59ce21a84a7ade597b06d234e3ae1a10b5b9	False	True	exact_legacy_text_reference
/uscms_data/d3/iturkmen/hh4b_delphes	/uscms_data/d3/iturkmen/hh4b_delphes/mg5/TTbar_smoke/SubProcesses/P1_gg_ttx/G1/run_ttbar_100k_004_log.txt	8149	ttbar_100k	209,210,211,212	4	3cf2842c04008f351f5fbd737903f5e12514061e35303c6cda655a8b92956dcd	False	True	exact_legacy_text_reference
/uscms_data/d3/iturkmen/hh4b_delphes	/uscms_data/d3/iturkmen/hh4b_delphes/mg5/TTbar_smoke/SubProcesses/P1_gg_ttx/G1/run_ttbar_200k_008_log.txt	8851	ttbar_100k	209,210,211,212,213,214,215,216,217,218	10	8271ff12682e9d91a31beb7ab04088f25927f99ec3493bbdd3fd71f7636b283f	False	True	exact_legacy_text_reference
/uscms_data/d3/iturkmen/hh4b_delphes	/uscms_data/d3/iturkmen/hh4b_delphes/mg5/TTbar_smoke/SubProcesses/P1_gg_ttx/G1/run_ttbar_100k_005_log.txt	8176	ttbar_100k	209,210,211,212,213	5	ce7af1a1e9d94639a22582c06f5ebf4e6cf7b53c330c38b56526d7ea59890006	False	True	exact_legacy_text_reference
/uscms_data/d3/iturkmen/hh4b_delphes	/uscms_data/d3/iturkmen/hh4b_delphes/mg5/TTbar_smoke/SubProcesses/P1_gg_ttx/G1/run_ttbar_200k_009_log.txt	8851	ttbar_100k	209,210,211,212,213,214,215,216,217,218	10	7329553145107ab5d4246044dda671c2e3388c842962563ef780dfff38d9f769	False	True	exact_legacy_text_reference
/uscms_data/d3/iturkmen/hh4b_delphes	/uscms_data/d3/iturkmen/hh4b_delphes/mg5/TTbar_smoke/SubProcesses/P1_gg_ttx/G1/run_ttbar_100k_006_log.txt	8203	ttbar_100k	209,210,211,212,213,214	6	672e63e4fe4dbb1f58faf28fc0fcb997cb7dc9a6e4d3e4d8cedf5f0a9c6acac6	False	True	exact_legacy_text_reference
/uscms_data/d3/iturkmen/hh4b_delphes	/uscms_data/d3/iturkmen/hh4b_delphes/mg5/TTbar_smoke/SubProcesses/P1_gg_ttx/G1/run_ttbar_200k_010_log.txt	8851	ttbar_100k	209,210,211,212,213,214,215,216,217,218	10	e8274ea3696d0e6fc3492f1e92c83ccdb29f52b70c5b61480462ebd0d58c2ca2	False	True	exact_legacy_text_reference
/uscms_data/d3/iturkmen/hh4b_delphes	/uscms_data/d3/iturkmen/hh4b_delphes/mg5/TTbar_smoke/SubProcesses/P1_gg_ttx/G1/run_ttbar_100k_007_log.txt	8230	ttbar_100k	209,210,211,212,213,214,215	7	f299f2de4d8783a92cc7b637a35afa034a81e5ebe993d1839c0de11074e1e1f4	False	True	exact_legacy_text_reference
/uscms_data/d3/iturkmen/hh4b_delphes	/uscms_data/d3/iturkmen/hh4b_delphes/mg5/TTbar_smoke/SubProcesses/P1_gg_ttx/G1/run_ttbar_200k_011_log.txt	8851	ttbar_100k	209,210,211,212,213,214,215,216,217,218	10	db317340c6251ae2fa2c3f8136007adb9917a1676ad2d5a03f4befdaa49086a6	False	True	exact_legacy_text_reference
/uscms_data/d3/iturkmen/hh4b_delphes	/uscms_data/d3/iturkmen/hh4b_delphes/mg5/TTbar_smoke/SubProcesses/P1_gg_ttx/G1/run_ttbar_100k_008_log.txt	8257	ttbar_100k	209,210,211,212,213,214,215,216	8	5c628c34a87fe11a324a8d898cd026d8bc52237c6e8fc6d976b5af3cb439327b	False	True	exact_legacy_text_reference
/uscms_data/d3/iturkmen/hh4b_delphes	/uscms_data/d3/iturkmen/hh4b_delphes/mg5/TTbar_smoke/SubProcesses/P1_gg_ttx/G1/run_ttbar_200k_012_log.txt	8851	ttbar_100k	209,210,211,212,213,214,215,216,217,218	10	7b555103f30f46dcd1334160beebab469815a152551da2702a48bab76e21926f	False	True	exact_legacy_text_reference
/uscms_data/d3/iturkmen/hh4b_delphes	/uscms_data/d3/iturkmen/hh4b_delphes/mg5/TTbar_smoke/SubProcesses/P1_gg_ttx/G1/run_ttbar_100k_009_log.txt	8284	ttbar_100k	209,210,211,212,213,214,215,216,217	9	92ce427112b772bddea843c52c05ca303597b67f4375487fd588e106f5081acb	False	True	exact_legacy_text_reference
/uscms_data/d3/iturkmen/hh4b_delphes	/uscms_data/d3/iturkmen/hh4b_delphes/mg5/TTbar_smoke/SubProcesses/P1_gg_ttx/G1/run_ttbar_200k_013_log.txt	8851	ttbar_100k	209,210,211,212,213,214,215,216,217,218	10	d1c84877ce467b955f5307558109fe9df4e7d8a812daf43073792d2a83280a58	False	True	exact_legacy_text_reference
/uscms_data/d3/iturkmen/hh4b_delphes	/uscms_data/d3/iturkmen/hh4b_delphes/mg5/TTbar_smoke/SubProcesses/P1_gg_ttx/G1/run_ttbar_200k_000_log.txt	8311	ttbar_100k	209,210,211,212,213,214,215,216,217,218	10	80ab3386d0f4d0572b91421b1abd91a8acd2a9aab3aca800bd2e10c9a0e97bb2	False	True	exact_legacy_text_reference
/uscms_data/d3/iturkmen/hh4b_delphes	/uscms_data/d3/iturkmen/hh4b_delphes/mg5/TTbar_smoke/SubProcesses/P1_gg_ttx/G1/run_ttbar_200k_014_log.txt	8851	ttbar_100k	209,210,211,212,213,214,215,216,217,218	10	8c5242576c8f3b31f1e445ec854216cdc6b97afab699f425f7e568d105b38717	False	True	exact_legacy_text_reference
/uscms_data/d3/iturkmen/hh4b_delphes	/uscms_data/d3/iturkmen/hh4b_delphes/mg5/TTbar_smoke/SubProcesses/P1_gg_ttx/G1/run_ttbar_200k_001_log.txt	8851	ttbar_100k	209,210,211,212,213,214,215,216,217,218	10	1609534410f34b7f2ab049e98d495c7440ac928df099c7e3a925f0f518e7fa24	False	True	exact_legacy_text_reference
/uscms_data/d3/iturkmen/hh4b_delphes	/uscms_data/d3/iturkmen/hh4b_delphes/mg5/TTbar_smoke/SubProcesses/P1_gg_ttx/G1/run_ttbar_200k_015_log.txt	8851	ttbar_100k	209,210,211,212,213,214,215,216,217,218	10	933c0ce9a3be6f73b7c933b46265b4ab70d4db26b6362ae6843fd587db4807ae	False	True	exact_legacy_text_reference
/uscms_data/d3/iturkmen/hh4b_delphes	/uscms_data/d3/iturkmen/hh4b_delphes/mg5/TTbar_smoke/SubProcesses/P1_gg_ttx/G1/run_ttbar_200k_002_log.txt	8851	ttbar_100k	209,210,211,212,213,214,215,216,217,218	10	b19d5a2619fab431196fd4762865c5bdaebf6a578d77bc0bff359d0f5aba21de	False	True	exact_legacy_text_reference
/uscms_data/d3/iturkmen/hh4b_delphes	/uscms_data/d3/iturkmen/hh4b_delphes/mg5/TTbar_smoke/SubProcesses/P1_gg_ttx/G1/run_ttbar_200k_016_log.txt	8851	ttbar_100k	209,210,211,212,213,214,215,216,217,218	10	d18aa23ef5ade0f12a08a114433842dbe63473265dba4a77f8fe684f160a8498	False	True	exact_legacy_text_reference
/uscms_data/d3/iturkmen/hh4b_delphes	/uscms_data/d3/iturkmen/hh4b_delphes/mg5/TTbar_smoke/SubProcesses/P1_gg_ttx/G1/run_ttbar_200k_003_log.txt	8851	ttbar_100k	209,210,211,212,213,214,215,216,217,218	10	8cfe7732cc1d9e187fdb6215546f93f4c540c6d5cbc9870c2a5deca118bc0d7e	False	True	exact_legacy_text_reference
/uscms_data/d3/iturkmen/hh4b_delphes	/uscms_data/d3/iturkmen/hh4b_delphes/mg5/TTbar_smoke/SubProcesses/P1_gg_ttx/G1/run_ttbar_200k_017_log.txt	8851	ttbar_100k	209,210,211,212,213,214,215,216,217,218	10	0577cc90651be88b5c993c95060eae2c72c2f5b08f8c1c06571922e70a6a9b3d	False	True	exact_legacy_text_reference
/uscms_data/d3/iturkmen/hh4b_delphes	/uscms_data/d3/iturkmen/hh4b_delphes/mg5/TTbar_smoke/SubProcesses/P1_gg_ttx/G1/run_ttbar_200k_004_log.txt	8851	ttbar_100k	209,210,211,212,213,214,215,216,217,218	10	cbf314f1896c7ec8c597d98055276ee9a775776ae4c7e7fc1bff5077915f5c76	False	True	exact_legacy_text_reference
/uscms_data/d3/iturkmen/hh4b_delphes	/uscms_data/d3/iturkmen/hh4b_delphes/mg5/TTbar_smoke/SubProcesses/P1_gg_ttx/G1/run_ttbar_extra50k_ak4ak8_v1_001_log.txt	8892	ttbar_100k	209,210,211,212,213,214,215,216,217,218	10	e1dc86bede3a1fd56137626bcf6aeeb00819c20bb135739c0f7aa1fef4fbc5d6	False	True	exact_legacy_text_reference
/uscms_data/d3/iturkmen/hh4b_delphes	/uscms_data/d3/iturkmen/hh4b_delphes/mg5/TTbar_smoke/SubProcesses/P1_gg_ttx/G1/run_ttbar_200k_005_log.txt	8851	ttbar_100k	209,210,211,212,213,214,215,216,217,218	10	27e4ef9bda1d9bf485883cdf04dd72a490775a8ce5e3214725fc10d027cf6c07	False	True	exact_legacy_text_reference
/uscms_data/d3/iturkmen/hh4b_delphes	/uscms_data/d3/iturkmen/hh4b_delphes/mg5/TTbar_smoke/SubProcesses/P1_gg_ttx/G1/run_ttbar_extra50k_ak4ak8_v1_002_log.txt	8933	ttbar_100k	209,210,211,212,213,214,215,216,217,218	10	f79a8945eef0c7c20a250e58f803df2ae226ea5838e878e757e490e869d6b0b2	False	True	exact_legacy_text_reference
/uscms_data/d3/iturkmen/hh4b_delphes	/uscms_data/d3/iturkmen/hh4b_delphes/mg5/TTbar_smoke/SubProcesses/P1_gg_ttx/G1/run_ttbar_200k_006_log.txt	8851	ttbar_100k	209,210,211,212,213,214,215,216,217,218	10	b73fc316397ccd065140db30f2c1aee3bce74b74a57659ee6b67ddd2dc670c50	False	True	exact_legacy_text_reference
/uscms_data/d3/iturkmen/hh4b_delphes	/uscms_data/d3/iturkmen/hh4b_delphes/mg5/TTbar_smoke/SubProcesses/P1_gg_ttx/G2/run_ttbar_extra50k_ak4ak8_v1_003_log.txt	9738	ttbar_100k	220,221,222,223,224,225,226,227,228,229	10	2e8c2ad6ead2843718728271c4721193783c69a36308d3cdd9ad9caa8678b26d	False	True	exact_legacy_text_reference
/uscms_data/d3/iturkmen/hh4b_delphes	/uscms_data/d3/iturkmen/hh4b_delphes/mg5/TTbar_smoke/SubProcesses/P1_gg_ttx/G2/run_ttbar_200k_018_log.txt	9622	ttbar_100k	220,221,222,223,224,225,226,227,228,229	10	3b6c8454521dc90eb6df01064b3edc25c145f187ef4e95a79fb83220c78aaf5c	False	True	exact_legacy_text_reference
/uscms_data/d3/iturkmen/hh4b_delphes	/uscms_data/d3/iturkmen/hh4b_delphes/mg5/TTbar_smoke/SubProcesses/P1_gg_ttx/G2/run_ttbar_200k_019_log.txt	9622	ttbar_100k	220,221,222,223,224,225,226,227,228,229	10	5095d329a059598bf08bbb918f4a30c4595e787318c4ac8e9d434442f64bfb5a	False	True	exact_legacy_text_reference
/uscms_data/d3/iturkmen/hh4b_delphes	/uscms_data/d3/iturkmen/hh4b_delphes/mg5/TTbar_smoke/SubProcesses/P1_gg_ttx/G2/run_ttbar_100k_001_log.txt	8848	ttbar_100k	220	1	6205d6708a14d890b432d00616ddc9f335c33bfec9b311ab4fd46d0db50a2ae6	False	True	exact_legacy_text_reference
/uscms_data/d3/iturkmen/hh4b_delphes	/uscms_data/d3/iturkmen/hh4b_delphes/mg5/TTbar_smoke/SubProcesses/P1_gg_ttx/G2/run_ttbar_extra50k_ak4ak8_v1_000_log.txt	9621	ttbar_100k	220,221,222,223,224,225,226,227,228,229	10	ec0698a291c3e30aa2bf4d852dc6794e956427882e3ec3cc8756a9f1aca8e23c	False	True	exact_legacy_text_reference
/uscms_data/d3/iturkmen/hh4b_delphes	/uscms_data/d3/iturkmen/hh4b_delphes/mg5/TTbar_smoke/SubProcesses/P1_gg_ttx/G2/run_ttbar_100k_002_log.txt	8869	ttbar_100k	220,221	2	99e1a74ed07f89d82aa8a516f2b1a1563d03bb3af955d7095f5d448bf1e2b6e0	False	True	exact_legacy_text_reference
/uscms_data/d3/iturkmen/hh4b_delphes	/uscms_data/d3/iturkmen/hh4b_delphes/mg5/TTbar_smoke/SubProcesses/P1_gg_ttx/G2/run_ttbar_extra50k_ak4ak8_v1_004_log.txt	9784	ttbar_100k	220,221,222,223,224,225,226,227,228,229	10	1fc4fc94977acd838e67aa098ca037861938d5f1707e0b10a36065f53db5cdc4	False	True	exact_legacy_text_reference
/uscms_data/d3/iturkmen/hh4b_delphes	/uscms_data/d3/iturkmen/hh4b_delphes/mg5/TTbar_smoke/SubProcesses/P1_gg_ttx/G2/run_ttbar_100k_003_log.txt	8889	ttbar_100k	220,221,222	3	ca3f214e05f2cef3bc750b8f3de14d0be96982270d07bfc50ddd024303fc396c	False	True	exact_legacy_text_reference
/uscms_data/d3/iturkmen/hh4b_delphes	/uscms_data/d3/iturkmen/hh4b_delphes/mg5/TTbar_smoke/SubProcesses/P1_gg_ttx/G2/run_ttbar_200k_007_log.txt	9623	ttbar_100k	220,221,222,223,224,225,226,227,228,229	10	309162e1b998c00a4ef1eb64ac7478b62b91a456ffb7604f39dd3b87293aba96	False	True	exact_legacy_text_reference
/uscms_data/d3/iturkmen/hh4b_delphes	/uscms_data/d3/iturkmen/hh4b_delphes/mg5/TTbar_smoke/SubProcesses/P1_gg_ttx/G2/run_ttbar_100k_004_log.txt	8915	ttbar_100k	220,221,222,223	4	97dc4f870491e3c43001b75642458ae39216b8283ccb0986d1a4ad4aa98801bd	False	True	exact_legacy_text_reference
/uscms_data/d3/iturkmen/hh4b_delphes	/uscms_data/d3/iturkmen/hh4b_delphes/mg5/TTbar_smoke/SubProcesses/P1_gg_ttx/G2/run_ttbar_200k_008_log.txt	9622	ttbar_100k	220,221,222,223,224,225,226,227,228,229	10	3a749303ead794e9ab3c54de0c9717463789891d0650bea82b99a4b542acfdd5	False	True	exact_legacy_text_reference
/uscms_data/d3/iturkmen/hh4b_delphes	/uscms_data/d3/iturkmen/hh4b_delphes/mg5/TTbar_smoke/SubProcesses/P1_gg_ttx/G2/run_ttbar_100k_005_log.txt	8943	ttbar_100k	220,221,222,223,224	5	b75dcc3510786783dbafae149decc0e5079af5ab4342ed23c9571bd6fdf257ea	False	True	exact_legacy_text_reference
/uscms_data/d3/iturkmen/hh4b_delphes	/uscms_data/d3/iturkmen/hh4b_delphes/mg5/TTbar_smoke/SubProcesses/P1_gg_ttx/G2/run_ttbar_200k_009_log.txt	9621	ttbar_100k	220,221,222,223,224,225,226,227,228,229	10	70e24f8ff025b6fae42899ec35ab671b2a934f44168af6a1380c3f44d958bb3c	False	True	exact_legacy_text_reference
/uscms_data/d3/iturkmen/hh4b_delphes	/uscms_data/d3/iturkmen/hh4b_delphes/mg5/TTbar_smoke/SubProcesses/P1_gg_ttx/G2/run_ttbar_100k_006_log.txt	8971	ttbar_100k	220,221,222,223,224,225	6	a58f7166a67a229aec2866e2abf69529f339af95d08758bc231dc695959fbc98	False	True	exact_legacy_text_reference
/uscms_data/d3/iturkmen/hh4b_delphes	/uscms_data/d3/iturkmen/hh4b_delphes/mg5/TTbar_smoke/SubProcesses/P1_gg_ttx/G2/run_ttbar_200k_010_log.txt	9620	ttbar_100k	220,221,222,223,224,225,226,227,228,229	10	6344439ba2bf15694b90fa6f21e030fa8eb422d3857e6695fd1f3d933abaedc6	False	True	exact_legacy_text_reference
/uscms_data/d3/iturkmen/hh4b_delphes	/uscms_data/d3/iturkmen/hh4b_delphes/mg5/TTbar_smoke/SubProcesses/P1_gg_ttx/G2/run_ttbar_100k_007_log.txt	8999	ttbar_100k	220,221,222,223,224,225,226	7	f1deed0e893765dd056ccb57ef45f9f9ae31ec9b94b261ad1f4721208c5884a8	False	True	exact_legacy_text_reference
/uscms_data/d3/iturkmen/hh4b_delphes	/uscms_data/d3/iturkmen/hh4b_delphes/mg5/TTbar_smoke/SubProcesses/P1_gg_ttx/G2/run_ttbar_200k_011_log.txt	9623	ttbar_100k	220,221,222,223,224,225,226,227,228,229	10	38e350959baa06a6d73791062c649f678133e46181c7e1b2d058a8abe72274e2	False	True	exact_legacy_text_reference
/uscms_data/d3/iturkmen/hh4b_delphes	/uscms_data/d3/iturkmen/hh4b_delphes/mg5/TTbar_smoke/SubProcesses/P1_gg_ttx/G2/run_ttbar_100k_008_log.txt	9023	ttbar_100k	220,221,222,223,224,225,226,227	8	9ea2a75bc413c742c58c036f621fc04ef4535c49af2fd577089e71301563a8fc	False	True	exact_legacy_text_reference
/uscms_data/d3/iturkmen/hh4b_delphes	/uscms_data/d3/iturkmen/hh4b_delphes/mg5/TTbar_smoke/SubProcesses/P1_gg_ttx/G2/run_ttbar_200k_012_log.txt	9620	ttbar_100k	220,221,222,223,224,225,226,227,228,229	10	49bd3ce44cb7103a19124b011a1bd666181e52370d0c803a955b963c4abc98d5	False	True	exact_legacy_text_reference
/uscms_data/d3/iturkmen/hh4b_delphes	/uscms_data/d3/iturkmen/hh4b_delphes/mg5/TTbar_smoke/SubProcesses/P1_gg_ttx/G2/run_ttbar_100k_009_log.txt	9050	ttbar_100k	220,221,222,223,224,225,226,227,228	9	d2eeef154b35113e66557d7bf095b55a12253454d8964f869562052c8345ce02	False	True	exact_legacy_text_reference
/uscms_data/d3/iturkmen/hh4b_delphes	/uscms_data/d3/iturkmen/hh4b_delphes/mg5/TTbar_smoke/SubProcesses/P1_gg_ttx/G2/run_ttbar_200k_013_log.txt	9620	ttbar_100k	220,221,222,223,224,225,226,227,228,229	10	fe187eabb8b06963af4cf709ad0c1da645fd77f89da1734927d31a11cfd67ab2	False	True	exact_legacy_text_reference
/uscms_data/d3/iturkmen/hh4b_delphes	/uscms_data/d3/iturkmen/hh4b_delphes/mg5/TTbar_smoke/SubProcesses/P1_gg_ttx/G2/run_ttbar_200k_000_log.txt	9083	ttbar_100k	220,221,222,223,224,225,226,227,228,229	10	f3da214c341525cfca2f872ebcb9c5d6c9539091e170612a703f76b5fdd8f06a	False	True	exact_legacy_text_reference
/uscms_data/d3/iturkmen/hh4b_delphes	/uscms_data/d3/iturkmen/hh4b_delphes/mg5/TTbar_smoke/SubProcesses/P1_gg_ttx/G2/run_ttbar_200k_014_log.txt	9619	ttbar_100k	220,221,222,223,224,225,226,227,228,229	10	aabece99de3823370cc32d26ff077ef4d664eb5ba33171dc639ee5a2f8cfa492	False	True	exact_legacy_text_reference
/uscms_data/d3/iturkmen/hh4b_delphes	/uscms_data/d3/iturkmen/hh4b_delphes/mg5/TTbar_smoke/SubProcesses/P1_gg_ttx/G2/run_ttbar_200k_001_log.txt	9626	ttbar_100k	220,221,222,223,224,225,226,227,228,229	10	e5c3fd1a8daaacda02309767936c03aa29dcb6c0e5baa04db690596037955060	False	True	exact_legacy_text_reference
/uscms_data/d3/iturkmen/hh4b_delphes	/uscms_data/d3/iturkmen/hh4b_delphes/mg5/TTbar_smoke/SubProcesses/P1_gg_ttx/G2/run_ttbar_200k_015_log.txt	9621	ttbar_100k	220,221,222,223,224,225,226,227,228,229	10	366f9c63cb8b9d9a050f9babee0c2d859d6fe2e02fd213fe4422c550faeeb5ba	False	True	exact_legacy_text_reference
/uscms_data/d3/iturkmen/hh4b_delphes	/uscms_data/d3/iturkmen/hh4b_delphes/mg5/TTbar_smoke/SubProcesses/P1_gg_ttx/G2/run_ttbar_200k_002_log.txt	9624	ttbar_100k	220,221,222,223,224,225,226,227,228,229	10	990ec4f33e6297ecea5b926488608d7348dfcce5e43aa8acad719a1b474d1a9a	False	True	exact_legacy_text_reference
/uscms_data/d3/iturkmen/hh4b_delphes	/uscms_data/d3/iturkmen/hh4b_delphes/mg5/TTbar_smoke/SubProcesses/P1_gg_ttx/G2/run_ttbar_200k_016_log.txt	9629	ttbar_100k	220,221,222,223,224,225,226,227,228,229	10	1764510c660fc4c65746dfe872355fc0ddf888970002ca9d54d6e25404d50ef3	False	True	exact_legacy_text_reference
/uscms_data/d3/iturkmen/hh4b_delphes	/uscms_data/d3/iturkmen/hh4b_delphes/mg5/TTbar_smoke/SubProcesses/P1_gg_ttx/G2/run_ttbar_200k_003_log.txt	9624	ttbar_100k	220,221,222,223,224,225,226,227,228,229	10	6cc7a4567d1d8a4a9e7473424bc9d97f8682b07088d7a382088328aeb897614c	False	True	exact_legacy_text_reference
/uscms_data/d3/iturkmen/hh4b_delphes	/uscms_data/d3/iturkmen/hh4b_delphes/mg5/TTbar_smoke/SubProcesses/P1_gg_ttx/G2/run_ttbar_200k_017_log.txt	9618	ttbar_100k	220,221,222,223,224,225,226,227,228,229	10	f600d869d437894bf8ded3f2ad3ec745a366f93d66e0e1928175629e2b3044db	False	True	exact_legacy_text_reference
/uscms_data/d3/iturkmen/hh4b_delphes	/uscms_data/d3/iturkmen/hh4b_delphes/mg5/TTbar_smoke/SubProcesses/P1_gg_ttx/G2/run_ttbar_200k_004_log.txt	9623	ttbar_100k	220,221,222,223,224,225,226,227,228,229	10	3bcb5dca85209f19cb22d85885f2a374e7ddd7a32747943ffecc6adde1551379	False	True	exact_legacy_text_reference
/uscms_data/d3/iturkmen/hh4b_delphes	/uscms_data/d3/iturkmen/hh4b_delphes/mg5/TTbar_smoke/SubProcesses/P1_gg_ttx/G2/run_ttbar_extra50k_ak4ak8_v1_001_log.txt	9660	ttbar_100k	220,221,222,223,224,225,226,227,228,229	10	2fead9c036b2dad7b51b89f30e314ccc8e67d0dfffdfca80fbd15f1e5f3af8b3	False	True	exact_legacy_text_reference
/uscms_data/d3/iturkmen/hh4b_delphes	/uscms_data/d3/iturkmen/hh4b_delphes/mg5/TTbar_smoke/SubProcesses/P1_gg_ttx/G2/run_ttbar_200k_005_log.txt	9620	ttbar_100k	220,221,222,223,224,225,226,227,228,229	10	5af5171d3ffc982e3ee7ab5a42fb74a820aa67221b69936f6f97151ea0fe24bb	False	True	exact_legacy_text_reference
/uscms_data/d3/iturkmen/hh4b_delphes	/uscms_data/d3/iturkmen/hh4b_delphes/mg5/TTbar_smoke/SubProcesses/P1_gg_ttx/G2/run_ttbar_200k_006_log.txt	9623	ttbar_100k	220,221,222,223,224,225,226,227,228,229	10	648f3b10bea779f0072a7cf8d2b25493eef3ed37040eeb32ade956eef3f20846	False	True	exact_legacy_text_reference
/uscms_data/d3/iturkmen/hh4b_delphes	/uscms_data/d3/iturkmen/hh4b_delphes/mg5/TTbar_smoke/SubProcesses/P1_gg_ttx/G2/run_ttbar_extra50k_ak4ak8_v1_002_log.txt	9700	ttbar_100k	220,221,222,223,224,225,226,227,228,229	10	a5c947c4efe3c8b617148b199c1ab6606788a2738dc6749cffbb2f2bbbbfdc02	False	True	exact_legacy_text_reference
/uscms_data/d3/iturkmen/hh4b_delphes	/uscms_data/d3/iturkmen/hh4b_delphes/mg5/TTbar_smoke/SubProcesses/P1_gg_ttx/G2/run1_app.log	9289	ttbar_100k	220,221,222,223,224,225,226,227,228,229	10	3d6dc37d3ba5f66d72797f9150b10ff414e3324ff48cfe30ed7d879f03f3881c	False	True	exact_legacy_text_reference
/uscms_data/d3/iturkmen/hh4b_delphes	/uscms_data/d3/iturkmen/hh4b_delphes/mg5/TTbar_smoke/SubProcesses/P1_qq_ttx/G1/run_ttbar_extra50k_ak4ak8_v1_003_log.txt	9134	ttbar_100k	210,211,212,213,214,215,216,217,218,219	10	e6291d9e6e99aea6bb55fc3a344c894deb7779202a068762db4c38152bc601e7	False	True	exact_legacy_text_reference
/uscms_data/d3/iturkmen/hh4b_delphes	/uscms_data/d3/iturkmen/hh4b_delphes/mg5/TTbar_smoke/SubProcesses/P1_qq_ttx/G1/run_ttbar_200k_018_log.txt	9010	ttbar_100k	210,211,212,213,214,215,216,217,218,219	10	e97387a5bed0ac54bb1ed8e794297b92b891712bd582a9eaea8becb4cfe72518	False	True	exact_legacy_text_reference
/uscms_data/d3/iturkmen/hh4b_delphes	/uscms_data/d3/iturkmen/hh4b_delphes/mg5/TTbar_smoke/SubProcesses/P1_qq_ttx/G1/run_ttbar_200k_019_log.txt	9012	ttbar_100k	210,211,212,213,214,215,216,217,218,219	10	23303d5c8276f923cf3daae3c2b4d2b06dcd9918b168229b4d2dbc1e7be48e51	False	True	exact_legacy_text_reference
/uscms_data/d3/iturkmen/hh4b_delphes	/uscms_data/d3/iturkmen/hh4b_delphes/mg5/TTbar_smoke/SubProcesses/P1_qq_ttx/G1/run_ttbar_100k_001_log.txt	8228	ttbar_100k	210	1	5af10259f32e905fec32e1c332630dea98cf557273518fc43058f85f0aa99d6e	False	True	exact_legacy_text_reference
/uscms_data/d3/iturkmen/hh4b_delphes	/uscms_data/d3/iturkmen/hh4b_delphes/mg5/TTbar_smoke/SubProcesses/P1_qq_ttx/G1/run_ttbar_extra50k_ak4ak8_v1_000_log.txt	9008	ttbar_100k	210,211,212,213,214,215,216,217,218,219	10	2fcc11131b2ed83ab514c3918b68c309aa879757141fe94f188dc39ece94a71e	False	True	exact_legacy_text_reference
/uscms_data/d3/iturkmen/hh4b_delphes	/uscms_data/d3/iturkmen/hh4b_delphes/mg5/TTbar_smoke/SubProcesses/P1_qq_ttx/G1/run_ttbar_100k_002_log.txt	8253	ttbar_100k	210,211	2	033a669da3e52f726bdfcf9e7fda0dd09c664a5c94955064f894818a728eb983	False	True	exact_legacy_text_reference
/uscms_data/d3/iturkmen/hh4b_delphes	/uscms_data/d3/iturkmen/hh4b_delphes/mg5/TTbar_smoke/SubProcesses/P1_qq_ttx/G1/run_ttbar_extra50k_ak4ak8_v1_004_log.txt	9173	ttbar_100k	210,211,212,213,214,215,216,217,218,219	10	170ee51a12cbed1b5dde881cf67a1883e53cb46d56a8008d43afc952601af1d5	False	True	exact_legacy_text_reference
/uscms_data/d3/iturkmen/hh4b_delphes	/uscms_data/d3/iturkmen/hh4b_delphes/mg5/TTbar_smoke/SubProcesses/P1_qq_ttx/G1/run_ttbar_100k_003_log.txt	8282	ttbar_100k	210,211,212	3	529cd1e2f28a970a53cfc9f005196e812dbb16308b81a19768b6af15064d8738	False	True	exact_legacy_text_reference
/uscms_data/d3/iturkmen/hh4b_delphes	/uscms_data/d3/iturkmen/hh4b_delphes/mg5/TTbar_smoke/SubProcesses/P1_qq_ttx/G1/run_ttbar_200k_007_log.txt	9011	ttbar_100k	210,211,212,213,214,215,216,217,218,219	10	eb598d10e1a7775542389ad0190812921f2451375e7883616b94cc02a7409010	False	True	exact_legacy_text_reference
/uscms_data/d3/iturkmen/hh4b_delphes	/uscms_data/d3/iturkmen/hh4b_delphes/mg5/TTbar_smoke/SubProcesses/P1_qq_ttx/G1/run_ttbar_100k_004_log.txt	8308	ttbar_100k	210,211,212,213	4	7a69e49cdd0fd517123d187bb5c17a22225ff7a2e57b32e61e7e9a2e781e2325	False	True	exact_legacy_text_reference
/uscms_data/d3/iturkmen/hh4b_delphes	/uscms_data/d3/iturkmen/hh4b_delphes/mg5/TTbar_smoke/SubProcesses/P1_qq_ttx/G1/run_ttbar_200k_008_log.txt	9009	ttbar_100k	210,211,212,213,214,215,216,217,218,219	10	3093e8ba82872448a044c235f6adde444e4a0710fe395fe706af53710aab75b8	False	True	exact_legacy_text_reference
/uscms_data/d3/iturkmen/hh4b_delphes	/uscms_data/d3/iturkmen/hh4b_delphes/mg5/TTbar_smoke/SubProcesses/P1_qq_ttx/G1/run_ttbar_100k_005_log.txt	8335	ttbar_100k	210,211,212,213,214	5	d82a7afce0c5ad7cb92b772625dff87ef2cdb9a3c5df7071877946319ccbeafa	False	True	exact_legacy_text_reference
/uscms_data/d3/iturkmen/hh4b_delphes	/uscms_data/d3/iturkmen/hh4b_delphes/mg5/TTbar_smoke/SubProcesses/P1_qq_ttx/G1/run_ttbar_200k_009_log.txt	9011	ttbar_100k	210,211,212,213,214,215,216,217,218,219	10	e07e3926f863d116a7f2d143000e227209408d047326d60ebf2d86236ae0ea29	False	True	exact_legacy_text_reference
/uscms_data/d3/iturkmen/hh4b_delphes	/uscms_data/d3/iturkmen/hh4b_delphes/mg5/TTbar_smoke/SubProcesses/P1_qq_ttx/G1/run_ttbar_100k_006_log.txt	8363	ttbar_100k	210,211,212,213,214,215	6	bb02b7106644b1ed492537baf0931b116a83c56e7a158046b5981e681fc92705	False	True	exact_legacy_text_reference
/uscms_data/d3/iturkmen/hh4b_delphes	/uscms_data/d3/iturkmen/hh4b_delphes/mg5/TTbar_smoke/SubProcesses/P1_qq_ttx/G1/run_ttbar_200k_010_log.txt	9011	ttbar_100k	210,211,212,213,214,215,216,217,218,219	10	1569615e2c904240ba284438615b023f9be6a4e982bc933d3215042b8e8c1ac0	False	True	exact_legacy_text_reference
/uscms_data/d3/iturkmen/hh4b_delphes	/uscms_data/d3/iturkmen/hh4b_delphes/mg5/TTbar_smoke/SubProcesses/P1_qq_ttx/G1/run_ttbar_100k_007_log.txt	8389	ttbar_100k	210,211,212,213,214,215,216	7	184dd895ffec322e8887c96d23c53d9b49ed29e6240d64a8d75f0e559fb2cc2f	False	True	exact_legacy_text_reference
/uscms_data/d3/iturkmen/hh4b_delphes	/uscms_data/d3/iturkmen/hh4b_delphes/mg5/TTbar_smoke/SubProcesses/P1_qq_ttx/G1/run_ttbar_200k_011_log.txt	9010	ttbar_100k	210,211,212,213,214,215,216,217,218,219	10	ae8bc4a01c8a956d576dc9765465a021390cbe98d0bd74698026b2f97c199ac2	False	True	exact_legacy_text_reference
/uscms_data/d3/iturkmen/hh4b_delphes	/uscms_data/d3/iturkmen/hh4b_delphes/mg5/TTbar_smoke/SubProcesses/P1_qq_ttx/G1/run_ttbar_100k_008_log.txt	8417	ttbar_100k	210,211,212,213,214,215,216,217	8	b94696de5236b7d1148bcaed1746e39becead2c3d02b57d646a91ef33889c50b	False	True	exact_legacy_text_reference
/uscms_data/d3/iturkmen/hh4b_delphes	/uscms_data/d3/iturkmen/hh4b_delphes/mg5/TTbar_smoke/SubProcesses/P1_qq_ttx/G1/run_ttbar_200k_012_log.txt	9011	ttbar_100k	210,211,212,213,214,215,216,217,218,219	10	71225926c384b9336a1aa3d7c45779407483ee6b905232c219a48f71851d878f	False	True	exact_legacy_text_reference
/uscms_data/d3/iturkmen/hh4b_delphes	/uscms_data/d3/iturkmen/hh4b_delphes/mg5/TTbar_smoke/SubProcesses/P1_qq_ttx/G1/run_ttbar_100k_009_log.txt	8444	ttbar_100k	210,211,212,213,214,215,216,217,218	9	4dd0bfe660760a0973dbaedc0ce667453c1b4d7a87f4d41144727cbbe34f6b63	False	True	exact_legacy_text_reference
/uscms_data/d3/iturkmen/hh4b_delphes	/uscms_data/d3/iturkmen/hh4b_delphes/mg5/TTbar_smoke/SubProcesses/P1_qq_ttx/G1/run_ttbar_200k_013_log.txt	9011	ttbar_100k	210,211,212,213,214,215,216,217,218,219	10	15d08fd561220bae650aa1019205ef0059b84c64394c97e1e2354221a4506fae	False	True	exact_legacy_text_reference
/uscms_data/d3/iturkmen/hh4b_delphes	/uscms_data/d3/iturkmen/hh4b_delphes/mg5/TTbar_smoke/SubProcesses/P1_qq_ttx/G1/run_ttbar_200k_000_log.txt	8471	ttbar_100k	210,211,212,213,214,215,216,217,218,219	10	544c9b2dec941f74a779999585717bcd9c55275b5a88dfbd7db020a0d6f9d359	False	True	exact_legacy_text_reference
/uscms_data/d3/iturkmen/hh4b_delphes	/uscms_data/d3/iturkmen/hh4b_delphes/mg5/TTbar_smoke/SubProcesses/P1_qq_ttx/G1/run_ttbar_200k_014_log.txt	9011	ttbar_100k	210,211,212,213,214,215,216,217,218,219	10	3d5a713b1f4815fdac8e6375be20c7e9af9433486494b3fab4d1b65d184aa5b8	False	True	exact_legacy_text_reference
/uscms_data/d3/iturkmen/hh4b_delphes	/uscms_data/d3/iturkmen/hh4b_delphes/mg5/TTbar_smoke/SubProcesses/P1_qq_ttx/G1/run_ttbar_200k_001_log.txt	9011	ttbar_100k	210,211,212,213,214,215,216,217,218,219	10	eab1ef37e4cd9f9f530a25b5c35901b0062e20140d38ef6ab97187ecce4e3704	False	True	exact_legacy_text_reference
/uscms_data/d3/iturkmen/hh4b_delphes	/uscms_data/d3/iturkmen/hh4b_delphes/mg5/TTbar_smoke/SubProcesses/P1_qq_ttx/G1/run_ttbar_200k_015_log.txt	9011	ttbar_100k	210,211,212,213,214,215,216,217,218,219	10	3c363d9ffaf237f1b3eada031e2159ffa5070583f1f964c4d8f7b6b53c899d89	False	True	exact_legacy_text_reference
/uscms_data/d3/iturkmen/hh4b_delphes	/uscms_data/d3/iturkmen/hh4b_delphes/mg5/TTbar_smoke/SubProcesses/P1_qq_ttx/G1/run_ttbar_200k_002_log.txt	9011	ttbar_100k	210,211,212,213,214,215,216,217,218,219	10	ccbad941dfbae8201633933a1b841fcd423472d53cbee8296227cec747bf3052	False	True	exact_legacy_text_reference
/uscms_data/d3/iturkmen/hh4b_delphes	/uscms_data/d3/iturkmen/hh4b_delphes/mg5/TTbar_smoke/SubProcesses/P1_qq_ttx/G1/run_ttbar_200k_016_log.txt	9010	ttbar_100k	210,211,212,213,214,215,216,217,218,219	10	73aebf8c13169cf643ab827b96881ed7157bcc42c8a3145aa9d9c3130b3eec09	False	True	exact_legacy_text_reference
/uscms_data/d3/iturkmen/hh4b_delphes	/uscms_data/d3/iturkmen/hh4b_delphes/mg5/TTbar_smoke/SubProcesses/P1_qq_ttx/G1/run_ttbar_200k_003_log.txt	9011	ttbar_100k	210,211,212,213,214,215,216,217,218,219	10	4f3efa1b29cc1e3be95b2d27122d8cb5363050651245285f7a5d6585db96a8ed	False	True	exact_legacy_text_reference
/uscms_data/d3/iturkmen/hh4b_delphes	/uscms_data/d3/iturkmen/hh4b_delphes/mg5/TTbar_smoke/SubProcesses/P1_qq_ttx/G1/run_ttbar_200k_017_log.txt	9011	ttbar_100k	210,211,212,213,214,215,216,217,218,219	10	7c3744503a55a3ac02f26f0f74eaef84120377dbc2862c0b79673fea3b232513	False	True	exact_legacy_text_reference
/uscms_data/d3/iturkmen/hh4b_delphes	/uscms_data/d3/iturkmen/hh4b_delphes/mg5/TTbar_smoke/SubProcesses/P1_qq_ttx/G1/run_ttbar_200k_004_log.txt	9010	ttbar_100k	210,211,212,213,214,215,216,217,218,219	10	9191d60675c9d3f7ad72e1818b7ea7741087cf2d48626e307c323fd4877b58f9	False	True	exact_legacy_text_reference
/uscms_data/d3/iturkmen/hh4b_delphes	/uscms_data/d3/iturkmen/hh4b_delphes/mg5/TTbar_smoke/SubProcesses/P1_qq_ttx/G1/run_ttbar_extra50k_ak4ak8_v1_001_log.txt	9051	ttbar_100k	210,211,212,213,214,215,216,217,218,219	10	3f3d4c3c97b91ddc1c1719acb83b5fd1eeb0f47a1fff5f1310b465a9fd5b26bf	False	True	exact_legacy_text_reference
/uscms_data/d3/iturkmen/hh4b_delphes	/uscms_data/d3/iturkmen/hh4b_delphes/mg5/TTbar_smoke/SubProcesses/P1_qq_ttx/G1/run_ttbar_200k_005_log.txt	9011	ttbar_100k	210,211,212,213,214,215,216,217,218,219	10	67726daf81e4278f54a62b30374d87eaebf648be009005da17705d8841950e14	False	True	exact_legacy_text_reference
/uscms_data/d3/iturkmen/hh4b_delphes	/uscms_data/d3/iturkmen/hh4b_delphes/mg5/TTbar_smoke/SubProcesses/P1_qq_ttx/G1/run_ttbar_200k_006_log.txt	9010	ttbar_100k	210,211,212,213,214,215,216,217,218,219	10	4fc029aaac2ff29ffc8a494b43dcfad29b2c16363d576d7605e2f240a5f049c3	False	True	exact_legacy_text_reference
/uscms_data/d3/iturkmen/hh4b_delphes	/uscms_data/d3/iturkmen/hh4b_delphes/mg5/TTbar_smoke/SubProcesses/P1_qq_ttx/G1/run_ttbar_extra50k_ak4ak8_v1_002_log.txt	9093	ttbar_100k	210,211,212,213,214,215,216,217,218,219	10	24655150522b96361d928e926cedccf34b00c593e65e285c6c62bfa8752a8250	False	True	exact_legacy_text_reference
/uscms_data/d3/iturkmen/hh4b_delphes	/uscms_data/d3/iturkmen/hh4b_delphes/mg5/TTbar_smoke/SubProcesses/P1_qq_ttx/G1/run1_app.log	9028	ttbar_100k	210,211,212,213,214,215,216,217,218,219	10	f5a2aabc7f105ca7f66377d5688c08ac22f5c22fc62786b5f07d340a3ff2f5fa	False	True	exact_legacy_text_reference
/uscms_data/d3/iturkmen/hh4b_delphes	/uscms_data/d3/iturkmen/hh4b_delphes/mg5/TTbar_smoke/SubProcesses/P1_bbx_ttx/G1/run_ttbar_extra50k_ak4ak8_v1_003_log.txt	8974	ttbar_100k	209,210,211,212,213,214,215,216,217,218	10	4fb3b22cacc7219666bbd92ebc41c5805474c3b8a26164055b484460a32c6390	False	True	exact_legacy_text_reference
/uscms_data/d3/iturkmen/hh4b_delphes	/uscms_data/d3/iturkmen/hh4b_delphes/mg5/TTbar_smoke/SubProcesses/P1_bbx_ttx/G1/run_ttbar_extra50k_ak4ak8_v1_004_log.txt	9015	ttbar_100k	209,210,211,212,213,214,215,216,217,218	10	ac516577e4912a29175b5e562b0e5ad4e3f4a0207c0b1c2c044e7c5dac422224	False	True	exact_legacy_text_reference
/uscms_data/d3/iturkmen/hh4b_delphes	/uscms_data/d3/iturkmen/hh4b_delphes/mg5/TTbar_smoke/SubProcesses/P1_bbx_ttx/G1/run_ttbar_200k_018_log.txt	8851	ttbar_100k	209,210,211,212,213,214,215,216,217,218	10	82afd68d0c6b1107e350655a51c505715fd2f954eb296188f627dc0a01fba74a	False	True	exact_legacy_text_reference
/uscms_data/d3/iturkmen/hh4b_delphes	/uscms_data/d3/iturkmen/hh4b_delphes/mg5/TTbar_smoke/SubProcesses/P1_bbx_ttx/G1/run_ttbar_200k_019_log.txt	8851	ttbar_100k	209,210,211,212,213,214,215,216,217,218	10	5f0a27779256f53d19a50e771a94cc85ffa0eec33c1b94405e96582b05c2f1cb	False	True	exact_legacy_text_reference
/uscms_data/d3/iturkmen/hh4b_delphes	/uscms_data/d3/iturkmen/hh4b_delphes/mg5/TTbar_smoke/SubProcesses/P1_bbx_ttx/G1/run_ttbar_100k_001_log.txt	8068	ttbar_100k	209	1	cd096140915cd487ed4c28067efa975504bc792d671847ee6ba73da3960cbf1d	False	True	exact_legacy_text_reference
/uscms_data/d3/iturkmen/hh4b_delphes	/uscms_data/d3/iturkmen/hh4b_delphes/mg5/TTbar_smoke/SubProcesses/P1_bbx_ttx/G1/run_ttbar_extra50k_ak4ak8_v1_000_log.txt	8851	ttbar_100k	209,210,211,212,213,214,215,216,217,218	10	3c6e05f1ee4c62292cd07826b0b1179d7218b126e9497d1321c3cd056e269682	False	True	exact_legacy_text_reference
/uscms_data/d3/iturkmen/hh4b_delphes	/uscms_data/d3/iturkmen/hh4b_delphes/mg5/TTbar_smoke/SubProcesses/P1_bbx_ttx/G1/run_ttbar_100k_002_log.txt	8095	ttbar_100k	209,210	2	5200c3128d3f0e82db17c527d2739e42e771f864eb35bf70e64cefaac5bcecce	False	True	exact_legacy_text_reference
/uscms_data/d3/iturkmen/hh4b_delphes	/uscms_data/d3/iturkmen/hh4b_delphes/mg5/TTbar_smoke/SubProcesses/P1_bbx_ttx/G1/run1_app.log	9015	ttbar_100k	209,210,211,212,213,214,215,216,217,218	10	ac516577e4912a29175b5e562b0e5ad4e3f4a0207c0b1c2c044e7c5dac422224	False	True	exact_legacy_text_reference
/uscms_data/d3/iturkmen/hh4b_delphes	/uscms_data/d3/iturkmen/hh4b_delphes/mg5/TTbar_smoke/SubProcesses/P1_bbx_ttx/G1/run_ttbar_100k_003_log.txt	8122	ttbar_100k	209,210,211	3	b09f22018059b5ec4e2c1a0fb120a4edeb4ed7f074d5703500c93a4436deb3bb	False	True	exact_legacy_text_reference
/uscms_data/d3/iturkmen/hh4b_delphes	/uscms_data/d3/iturkmen/hh4b_delphes/mg5/TTbar_smoke/SubProcesses/P1_bbx_ttx/G1/run_ttbar_200k_007_log.txt	8851	ttbar_100k	209,210,211,212,213,214,215,216,217,218	10	269ca53303b04ce957301569310ad1f0df716113503a5d86e310a2fe2db29bb5	False	True	exact_legacy_text_reference
/uscms_data/d3/iturkmen/hh4b_delphes	/uscms_data/d3/iturkmen/hh4b_delphes/mg5/TTbar_smoke/SubProcesses/P1_bbx_ttx/G1/run_ttbar_100k_004_log.txt	8149	ttbar_100k	209,210,211,212	4	7d1d7ebace6287fa380f4b9fede875b57578c9a09e91903c920a2d042da438b0	False	True	exact_legacy_text_reference
/uscms_data/d3/iturkmen/hh4b_delphes	/uscms_data/d3/iturkmen/hh4b_delphes/mg5/TTbar_smoke/SubProcesses/P1_bbx_ttx/G1/run_ttbar_200k_008_log.txt	8851	ttbar_100k	209,210,211,212,213,214,215,216,217,218	10	a857dadb9161a8c14e3d3a3edcfe470e0387cfb21103b5403bb22ff0cd7d3a9b	False	True	exact_legacy_text_reference
/uscms_data/d3/iturkmen/hh4b_delphes	/uscms_data/d3/iturkmen/hh4b_delphes/mg5/TTbar_smoke/SubProcesses/P1_bbx_ttx/G1/run_ttbar_100k_005_log.txt	8176	ttbar_100k	209,210,211,212,213	5	157d2c73f2d7526824172dd6feb0add81bdbc84e165130b380c2839c93055ad4	False	True	exact_legacy_text_reference
/uscms_data/d3/iturkmen/hh4b_delphes	/uscms_data/d3/iturkmen/hh4b_delphes/mg5/TTbar_smoke/SubProcesses/P1_bbx_ttx/G1/run_ttbar_200k_009_log.txt	8851	ttbar_100k	209,210,211,212,213,214,215,216,217,218	10	a46530762ac9b4674a6d87db4224ab941b3ffce8910105f70f882daf79b695af	False	True	exact_legacy_text_reference
/uscms_data/d3/iturkmen/hh4b_delphes	/uscms_data/d3/iturkmen/hh4b_delphes/mg5/TTbar_smoke/SubProcesses/P1_bbx_ttx/G1/run_ttbar_100k_006_log.txt	8203	ttbar_100k	209,210,211,212,213,214	6	4f6972348e554fe669f462c37a4c0b6a4ad20dd9ddcbc48a838b9831423f1d7d	False	True	exact_legacy_text_reference
/uscms_data/d3/iturkmen/hh4b_delphes	/uscms_data/d3/iturkmen/hh4b_delphes/mg5/TTbar_smoke/SubProcesses/P1_bbx_ttx/G1/run_ttbar_200k_010_log.txt	8851	ttbar_100k	209,210,211,212,213,214,215,216,217,218	10	3d1fa2bcf203cffdb8662e5ddb0d58fabd8a5930a9dbb5bb3f8655c16a48e55f	False	True	exact_legacy_text_reference
/uscms_data/d3/iturkmen/hh4b_delphes	/uscms_data/d3/iturkmen/hh4b_delphes/mg5/TTbar_smoke/SubProcesses/P1_bbx_ttx/G1/run_ttbar_100k_007_log.txt	8230	ttbar_100k	209,210,211,212,213,214,215	7	7360380ac929ea6bcd448aabd1766c6e5ff1d44f304dd23e7b33094133175581	False	True	exact_legacy_text_reference
/uscms_data/d3/iturkmen/hh4b_delphes	/uscms_data/d3/iturkmen/hh4b_delphes/mg5/TTbar_smoke/SubProcesses/P1_bbx_ttx/G1/run_ttbar_200k_011_log.txt	8851	ttbar_100k	209,210,211,212,213,214,215,216,217,218	10	f1a15f154a10bf0d1b4bf5b068106b7645451ea5fcbd0f4ccda8ed8492930aa1	False	True	exact_legacy_text_reference
/uscms_data/d3/iturkmen/hh4b_delphes	/uscms_data/d3/iturkmen/hh4b_delphes/mg5/TTbar_smoke/SubProcesses/P1_bbx_ttx/G1/run_ttbar_100k_008_log.txt	8257	ttbar_100k	209,210,211,212,213,214,215,216	8	57dac8312f943e9f46da51779479e92eb34f953b86a1567efbda64dab1a5808b	False	True	exact_legacy_text_reference
/uscms_data/d3/iturkmen/hh4b_delphes	/uscms_data/d3/iturkmen/hh4b_delphes/mg5/TTbar_smoke/SubProcesses/P1_bbx_ttx/G1/run_ttbar_200k_012_log.txt	8851	ttbar_100k	209,210,211,212,213,214,215,216,217,218	10	0bdfe37efdd4c589e2e4c4a21af3caf2ef9d2de04f181420a6137d87cf1cdb9e	False	True	exact_legacy_text_reference
/uscms_data/d3/iturkmen/hh4b_delphes	/uscms_data/d3/iturkmen/hh4b_delphes/mg5/TTbar_smoke/SubProcesses/P1_bbx_ttx/G1/run_ttbar_100k_009_log.txt	8284	ttbar_100k	209,210,211,212,213,214,215,216,217	9	e52cf783122be58aebf589e894271e299e12db6ab9a6fcbf31d679bb90057dcf	False	True	exact_legacy_text_reference
/uscms_data/d3/iturkmen/hh4b_delphes	/uscms_data/d3/iturkmen/hh4b_delphes/mg5/TTbar_smoke/SubProcesses/P1_bbx_ttx/G1/run_ttbar_200k_013_log.txt	8851	ttbar_100k	209,210,211,212,213,214,215,216,217,218	10	c80607e9e98fc925f99fa3f1e38ccc4cce6ffd5838b37543be081b27ca894127	False	True	exact_legacy_text_reference
/uscms_data/d3/iturkmen/hh4b_delphes	/uscms_data/d3/iturkmen/hh4b_delphes/mg5/TTbar_smoke/SubProcesses/P1_bbx_ttx/G1/run_ttbar_200k_000_log.txt	8311	ttbar_100k	209,210,211,212,213,214,215,216,217,218	10	70dbfa4d37f7696478ee3f4de6207e95eb3e628c9d0fa5b83487cadfcefaccdd	False	True	exact_legacy_text_reference
/uscms_data/d3/iturkmen/hh4b_delphes	/uscms_data/d3/iturkmen/hh4b_delphes/mg5/TTbar_smoke/SubProcesses/P1_bbx_ttx/G1/run_ttbar_200k_014_log.txt	8851	ttbar_100k	209,210,211,212,213,214,215,216,217,218	10	13f833a7311ca44f4ed99dd4b67b3fd26f6aa18c99839976c6e204ff5eccb45b	False	True	exact_legacy_text_reference
/uscms_data/d3/iturkmen/hh4b_delphes	/uscms_data/d3/iturkmen/hh4b_delphes/mg5/TTbar_smoke/SubProcesses/P1_bbx_ttx/G1/run_ttbar_200k_001_log.txt	8851	ttbar_100k	209,210,211,212,213,214,215,216,217,218	10	277506c0464954bcfac8c03e70ffc412762945fa493475f6e2433d8feb4c8a21	False	True	exact_legacy_text_reference
/uscms_data/d3/iturkmen/hh4b_delphes	/uscms_data/d3/iturkmen/hh4b_delphes/mg5/TTbar_smoke/SubProcesses/P1_bbx_ttx/G1/run_ttbar_200k_015_log.txt	8851	ttbar_100k	209,210,211,212,213,214,215,216,217,218	10	969a6b67cc55fe21653a8cea2324aea3a425d0b3e4fe901834037d7832e456d6	False	True	exact_legacy_text_reference
/uscms_data/d3/iturkmen/hh4b_delphes	/uscms_data/d3/iturkmen/hh4b_delphes/mg5/TTbar_smoke/SubProcesses/P1_bbx_ttx/G1/run_ttbar_200k_002_log.txt	8851	ttbar_100k	209,210,211,212,213,214,215,216,217,218	10	5cfa6ea378d84f73309e42a231532c19198049fafe9e9756c7c09d5e8b552756	False	True	exact_legacy_text_reference
/uscms_data/d3/iturkmen/hh4b_delphes	/uscms_data/d3/iturkmen/hh4b_delphes/mg5/TTbar_smoke/SubProcesses/P1_bbx_ttx/G1/run_ttbar_200k_016_log.txt	8851	ttbar_100k	209,210,211,212,213,214,215,216,217,218	10	3999ff3ab567e91e2fade3bcf9b9ce48b821c46c71317925298a28ee1cb8e418	False	True	exact_legacy_text_reference
/uscms_data/d3/iturkmen/hh4b_delphes	/uscms_data/d3/iturkmen/hh4b_delphes/mg5/TTbar_smoke/SubProcesses/P1_bbx_ttx/G1/run_ttbar_200k_003_log.txt	8851	ttbar_100k	209,210,211,212,213,214,215,216,217,218	10	7313c7fbdb058fdc6f7649c0288428accc643361d3689a7b39d59aee64fec9ff	False	True	exact_legacy_text_reference
/uscms_data/d3/iturkmen/hh4b_delphes	/uscms_data/d3/iturkmen/hh4b_delphes/mg5/TTbar_smoke/SubProcesses/P1_bbx_ttx/G1/run_ttbar_200k_017_log.txt	8851	ttbar_100k	209,210,211,212,213,214,215,216,217,218	10	c88c68fc3e7b65030ce96d6b45c065e64bf9dcd534b81f9fa9a12718b086c5fd	False	True	exact_legacy_text_reference
/uscms_data/d3/iturkmen/hh4b_delphes	/uscms_data/d3/iturkmen/hh4b_delphes/mg5/TTbar_smoke/SubProcesses/P1_bbx_ttx/G1/run_ttbar_200k_004_log.txt	8851	ttbar_100k	209,210,211,212,213,214,215,216,217,218	10	7f121f6c72b22001907fb7e2c396088571252bac3e57c031e525dd68e267f11a	False	True	exact_legacy_text_reference
/uscms_data/d3/iturkmen/hh4b_delphes	/uscms_data/d3/iturkmen/hh4b_delphes/mg5/TTbar_smoke/SubProcesses/P1_bbx_ttx/G1/run_ttbar_extra50k_ak4ak8_v1_001_log.txt	8892	ttbar_100k	209,210,211,212,213,214,215,216,217,218	10	07c5ef0090209832876326b8411f63d7524d7e052ca70028a179d0045616d665	False	True	exact_legacy_text_reference
/uscms_data/d3/iturkmen/hh4b_delphes	/uscms_data/d3/iturkmen/hh4b_delphes/mg5/TTbar_smoke/SubProcesses/P1_bbx_ttx/G1/run_ttbar_200k_005_log.txt	8851	ttbar_100k	209,210,211,212,213,214,215,216,217,218	10	99ea0a8dd66a21c0236d3229e996a74feeb2750b65e0925e54b82c3903c7d2cb	False	True	exact_legacy_text_reference
/uscms_data/d3/iturkmen/hh4b_delphes	/uscms_data/d3/iturkmen/hh4b_delphes/mg5/TTbar_smoke/SubProcesses/P1_bbx_ttx/G1/run_ttbar_extra50k_ak4ak8_v1_002_log.txt	8933	ttbar_100k	209,210,211,212,213,214,215,216,217,218	10	9e25354c49d5c81db3dfe011ccfe1a6e0f08cafe4ddbcac0d079e7b56f423403	False	True	exact_legacy_text_reference
/uscms_data/d3/iturkmen/hh4b_delphes	/uscms_data/d3/iturkmen/hh4b_delphes/mg5/TTbar_smoke/SubProcesses/P1_bbx_ttx/G1/run_ttbar_200k_006_log.txt	8851	ttbar_100k	209,210,211,212,213,214,215,216,217,218	10	a98a492942522e6e4a6859700dcda5d2feddb079bdcff0ee372a1403de3df814	False	True	exact_legacy_text_reference
/uscms_data/d3/iturkmen/hh4b_delphes	/uscms_data/d3/iturkmen/hh4b_delphes/condor_logs/hh4b_ttbar8_exact_regeneration_canary_submission_20260727_v1/canary.3654710.log	3527	ttbar_100k	33,42,52	3	a3755af847b48b286212a36a431154869c6c18e543fc1bf338c53b2598833603	False	True	exact_legacy_text_reference
/uscms_data/d3/iturkmen/hh4b_delphes	/uscms_data/d3/iturkmen/hh4b_delphes/condor_logs/hh4b_ttbar8_exact_regeneration_canary_submission_20260727_v1/canary.3654710.0.out	130459	ttbar_100k	3,253,254,255,256,257,258,259,260,261,262,352,353,354,355,356,357,358,359,360,361,393,394,395,396,397,398,399,400,401,402,560,561,562,563,564,565,566,567,568,569,898,900,901,951,1030,1066,3225,3277	49	e69f5e1a30429d20d8dfc015e286cd0926223a1b8e6b5757c077267d51969e8c	False	True	exact_legacy_text_reference
/uscms_data/d3/iturkmen/hh4b_delphes	/uscms_data/d3/iturkmen/hh4b_delphes/condor_logs/hh4b_ttbar8_exact_regeneration_canary_retry1_20260727_v1/retry1.3654939.log	3561	ttbar_100k	28,37,47	3	09ca15bcd339679b5e62cfd62b124685a41fa25de05ef48cde01c8ca22acc6f5	False	True	exact_legacy_text_reference
/uscms_data/d3/iturkmen/hh4b_delphes	/uscms_data/d3/iturkmen/hh4b_delphes/condor_logs/hh4b_ttbar8_exact_regeneration_canary_retry1_20260727_v1/retry1.3654939.0.out	992	ttbar_100k	3	1	e2dadfeef0051f6b82ba586f1383c0805cd7e266adf0566164e279f7cc90003d	False	True	exact_legacy_text_reference
/uscms_data/d3/iturkmen/hh4b_delphes	/uscms_data/d3/iturkmen/hh4b_delphes/condor_logs/hh4b_ttbar8_exact_regeneration_canary_retry2_20260727_v1/retry2.3655099.0.out	1066	ttbar_100k	3,11	2	3fd063bffdd2c104011a08e8616690bb167414d253e0018470d49be01702f1cd	False	True	exact_legacy_text_reference
/uscms_data/d3/iturkmen/hh4b_delphes	/uscms_data/d3/iturkmen/hh4b_delphes/condor_logs/hh4b_ttbar7_exact_regeneration_scaleout_20260728_v1/scaleout.59896839.5.out	133689	ttbar_100k	3,411,412,413,414,415,416,417,418,419,420,522,523,524,525,526,527,528,529,530,531,618,619,620,621,622,623,624,625,626,627,730,731,732,733,734,735,736,737,738,739,902,904,905,955,1034,1070,3229,3281	49	ecdfaf023a7b12d17cb256a427efd78065e9a9431ec8807d42925f775d2906a3	False	True	exact_legacy_text_reference
/uscms_data/d3/iturkmen/hh4b_delphes	/uscms_data/d3/iturkmen/hh4b_delphes/condor_logs/hh4b_ttbar7_exact_regeneration_scaleout_20260728_v1/scaleout.59896839.4.out	134612	ttbar_100k	3,411,412,413,414,415,416,417,418,419,420,522,523,524,525,526,527,528,529,530,531,618,619,620,621,622,623,624,625,626,627,730,731,732,733,734,735,736,737,738,739,902,904,905,955,1034,1070,3239,3291	49	f03637d488c97582bc6ac2f119671b9a93f52cb766d3ca5d39394b7ee18f798d	False	True	exact_legacy_text_reference
/uscms_data/d3/iturkmen/hh4b_delphes	/uscms_data/d3/iturkmen/hh4b_delphes/condor_logs/hh4b_ttbar7_exact_regeneration_scaleout_20260728_v1/scaleout.59896839.0.out	133842	ttbar_100k	3,411,412,413,414,415,416,417,418,419,420,522,523,524,525,526,527,528,529,530,531,618,619,620,621,622,623,624,625,626,627,730,731,732,733,734,735,736,737,738,739,902,904,905,955,1034,1070,3231,3283	49	e872fada103ddba825ff8adcd3036838900381f0c2ba2838b5257bdbea06fe4a	False	True	exact_legacy_text_reference
/uscms_data/d3/iturkmen/hh4b_delphes	/uscms_data/d3/iturkmen/hh4b_delphes/condor_logs/hh4b_ttbar7_exact_regeneration_scaleout_20260728_v1/scaleout.59896839.1.out	133481	ttbar_100k	3,411,412,413,414,415,416,417,418,419,420,522,523,524,525,526,527,528,529,530,531,618,619,620,621,622,623,624,625,626,627,730,731,732,733,734,735,736,737,738,739,902,904,905,955,1034,1070,3227,3279	49	963661917517afef672f1dd1c9a794eb40c6c98b9c9d2e09a23e9bff18ea8a36	False	True	exact_legacy_text_reference
/uscms_data/d3/iturkmen/hh4b_delphes	/uscms_data/d3/iturkmen/hh4b_delphes/condor_logs/hh4b_ttbar7_exact_regeneration_scaleout_20260728_v1/scaleout.59896839.3.out	133469	ttbar_100k	3,411,412,413,414,415,416,417,418,419,420,522,523,524,525,526,527,528,529,530,531,618,619,620,621,622,623,624,625,626,627,730,731,732,733,734,735,736,737,738,739,902,904,905,955,1034,1070,3227,3279	49	89988ef13699a874d03d7a6f05ddbac05f883cc3877323ec5bb740a2ec4b8bb7	False	True	exact_legacy_text_reference
/uscms_data/d3/iturkmen/hh4b_delphes	/uscms_data/d3/iturkmen/hh4b_delphes/condor_logs/hh4b_ttbar7_exact_regeneration_scaleout_20260728_v1/scaleout.59896839.2.out	133884	ttbar_100k	3,411,412,413,414,415,416,417,418,419,420,522,523,524,525,526,527,528,529,530,531,618,619,620,621,622,623,624,625,626,627,730,731,732,733,734,735,736,737,738,739,902,904,905,955,1034,1070,3231,3283	49	12b51eb96be68ef49513e9237de83c4bbae8c8a89aca89ed04b6c943e8d4db00	False	True	exact_legacy_text_reference
/uscms_data/d3/iturkmen/hh4b_delphes	/uscms_data/d3/iturkmen/hh4b_delphes/condor_logs/hh4b_ttbar7_exact_regeneration_scaleout_20260728_v1/scaleout.59896839.6.out	133840	ttbar_100k	3,411,412,413,414,415,416,417,418,419,420,522,523,524,525,526,527,528,529,530,531,618,619,620,621,622,623,624,625,626,627,730,731,732,733,734,735,736,737,738,739,902,904,905,955,1034,1070,3231,3283	49	78d19554d99f1923279f3de1179726325f6cab3f3dfedce08a79fa75f952e29b	False	True	exact_legacy_text_reference
/uscms_data/d3/iturkmen/hh4b_delphes	/uscms_data/d3/iturkmen/hh4b_delphes/condor_return/hh4b_ttbar8_exact_regeneration_20260727_v1/members/ttbar_100k_shard003/logs/ttbar_100k_shard003_generate_events.log	4861	ttbar_100k	27,29,30,80	4	40ac178334c6cec6b5a418394e2f758cd1a528df53b5655bc8b84d1c1d04e1d2	False	True	exact_legacy_text_reference
/uscms_data/d3/iturkmen/hh4b_delphes	/uscms_data/d3/iturkmen/hh4b_delphes/condor_return/hh4b_ttbar8_exact_regeneration_20260727_v1/members/ttbar_100k_shard003/logs/ttbar_100k_shard003_lhe_to_hepmc3.log	68823	ttbar_100k	47,83,2242	3	4e281f5c875f5e32daeda99c9fe00937ffb0fc989106019ff41da7f67bbe6b34	False	True	exact_legacy_text_reference
/uscms_data/d3/iturkmen/hh4b_delphes	/uscms_data/d3/iturkmen/hh4b_delphes/condor_return/hh4b_ttbar8_exact_regeneration_20260727_v1/members/ttbar_100k_shard003/logs/ttbar_100k_shard003_pythia8_delphes.log	8261	ttbar_100k	52	1	b0734ef9c369b1eae80cfdfc5ed01cbfb050b44d4057b69e195c6843216da744	False	True	exact_legacy_text_reference
/uscms_data/d3/iturkmen/hh4b_delphes	/uscms_data/d3/iturkmen/hh4b_delphes/condor_return/hh4b_ttbar8_exact_regeneration_20260727_v1/members/ttbar_100k_shard003/receipts/ttbar_100k_shard003_final_status.txt	109	ttbar_100k	3	1	f570e93335b0949ade5fbcc3bd53fcec0a2e816c79dc5f3c8ed1d69591044cee	False	True	exact_legacy_text_reference
/uscms_data/d3/iturkmen/hh4b_delphes	/uscms_data/d3/iturkmen/hh4b_delphes/condor_return/hh4b_ttbar8_exact_regeneration_canary_retry2_20260727_v1/members/ttbar_100k_shard003/logs/ttbar_100k_shard003_canonical72.log	203	ttbar_100k	5	1	6ab632d27f9c2ee36b915a56264c0d708babd7ce6d763b640e5697b9d3e6b7ca	False	True	exact_legacy_text_reference
/uscms_data/d3/iturkmen/hh4b_delphes	/uscms_data/d3/iturkmen/hh4b_delphes/condor_return/hh4b_ttbar8_exact_regeneration_canary_retry2_20260727_v1/members/ttbar_100k_shard003/receipts/ttbar_100k_shard003_final_status.txt	507	ttbar_100k	7	1	6f4b11d8e21234a9ddd422b221d96df01eda080cfa303cada8f870c62e6bb287	False	True	exact_legacy_text_reference
/uscms_data/d3/iturkmen/hh4b_delphes	/uscms_data/d3/iturkmen/hh4b_delphes/condor_return/hh4b_ttbar8_exact_regeneration_canary_retry2_20260727_v1/members/ttbar_100k_shard003/receipts/ttbar_100k_shard003_receipt.json	927	ttbar_100k	9,11	2	32a68b7cdf9c76af8d053a52c04808cfcfc03edf84e0b07b429c94fcf656fb98	False	True	exact_legacy_text_reference
/uscms_data/d3/iturkmen/hh4b_delphes	/uscms_data/d3/iturkmen/hh4b_delphes/condor_return/hh4b_ttbar8_exact_regeneration_canary_retry2_20260727_v1/members/ttbar_100k_shard003/checksums/ttbar_100k_shard003_SHA256SUMS	1082	ttbar_100k	4,5,6,7,8,9,10	7	cb23d88f6d69f50ba360153aa7e08b8f83c90ea6aab141ca39643212f70ca0f9	False	True	exact_legacy_text_reference
/uscms_data/d3/iturkmen/hh4b_delphes	/uscms_data/d3/iturkmen/hh4b_delphes/condor_return/hh4b_ttbar8_exact_regeneration_canary_retry2_20260727_v1/members/ttbar_100k_shard003/audits/entry_candidate_accounting.json	210	ttbar_100k	6	1	848be95e9e9b1fafb254cdd79adfa2e58f932f9b0b3ad87b443a66dae7019af3	False	True	exact_legacy_text_reference
/uscms_data/d3/iturkmen/hh4b_delphes	/uscms_data/d3/iturkmen/hh4b_delphes/condor_return/hh4b_ttbar7_exact_regeneration_scaleout_20260728_v1/members/ttbar_100k_shard001/logs/ttbar_100k_shard001_generate_events.log	4868	ttbar_100k	27,29,30,80	4	9cc647e73e8fe542f65d2b13c730af54cec7685d14d8acb90987e07cac08eca9	False	True	exact_legacy_text_reference
/uscms_data/d3/iturkmen/hh4b_delphes	/uscms_data/d3/iturkmen/hh4b_delphes/condor_return/hh4b_ttbar7_exact_regeneration_scaleout_20260728_v1/members/ttbar_100k_shard001/logs/ttbar_100k_shard001_lhe_to_hepmc3.log	68976	ttbar_100k	47,83,2244	3	47e15de6b822ab6ed72d690127fecfc955014e527594fabca7a4272bdefb403f	False	True	exact_legacy_text_reference
/uscms_data/d3/iturkmen/hh4b_delphes	/uscms_data/d3/iturkmen/hh4b_delphes/condor_return/hh4b_ttbar7_exact_regeneration_scaleout_20260728_v1/members/ttbar_100k_shard001/logs/ttbar_100k_shard001_pythia8_delphes.log	8261	ttbar_100k	52	1	12ad382eaf8b6229ceb60c5c1cc62cb608041ef65e35ae3001fe096337db5bf6	False	True	exact_legacy_text_reference
/uscms_data/d3/iturkmen/hh4b_delphes	/uscms_data/d3/iturkmen/hh4b_delphes/condor_return/hh4b_ttbar7_exact_regeneration_scaleout_20260728_v1/members/ttbar_100k_shard001/receipts/ttbar_100k_shard001_final_status.txt	217	ttbar_100k	4	1	8ab6c75cff0f8deef880747cbb2c42063e1d176a9d18b4762ca5ae27131af437	False	True	exact_legacy_text_reference
/uscms_data/d3/iturkmen/hh4b_delphes	/uscms_data/d3/iturkmen/hh4b_delphes/condor_return/hh4b_ttbar7_exact_regeneration_scaleout_20260728_v1/members/ttbar_100k_shard002/logs/ttbar_100k_shard002_generate_events.log	4859	ttbar_100k	27,29,30,80	4	aeae39dad2de0f660b491f1cc4ce768018e23fdb8bcd003aacefca85ad354325	False	True	exact_legacy_text_reference
/uscms_data/d3/iturkmen/hh4b_delphes	/uscms_data/d3/iturkmen/hh4b_delphes/condor_return/hh4b_ttbar7_exact_regeneration_scaleout_20260728_v1/members/ttbar_100k_shard002/logs/ttbar_100k_shard002_lhe_to_hepmc3.log	68624	ttbar_100k	47,83,2240	3	eb38c89dfb80636a625238b9ebddb7b5a3c5d808eedce74489be43101325e007	False	True	exact_legacy_text_reference
/uscms_data/d3/iturkmen/hh4b_delphes	/uscms_data/d3/iturkmen/hh4b_delphes/condor_return/hh4b_ttbar7_exact_regeneration_scaleout_20260728_v1/members/ttbar_100k_shard002/logs/ttbar_100k_shard002_pythia8_delphes.log	8261	ttbar_100k	52	1	e90d93838354cdee5567e670012e7d181fcf85199a96ecacb234e8a7ebd23486	False	True	exact_legacy_text_reference
/uscms_data/d3/iturkmen/hh4b_delphes	/uscms_data/d3/iturkmen/hh4b_delphes/condor_return/hh4b_ttbar7_exact_regeneration_scaleout_20260728_v1/members/ttbar_100k_shard002/receipts/ttbar_100k_shard002_final_status.txt	217	ttbar_100k	4	1	bbd94af4f1231876f93e8716fb95b275bbc369e2f27ab18eddf5f353b59aeb4e	False	True	exact_legacy_text_reference
/uscms_data/d3/iturkmen/hh4b_delphes	/uscms_data/d3/iturkmen/hh4b_delphes/condor_return/hh4b_ttbar7_exact_regeneration_scaleout_20260728_v1/members/ttbar_100k_shard004/logs/ttbar_100k_shard004_generate_events.log	4864	ttbar_100k	27,29,30,80	4	bcba6f461ccc6d183beb24f6c9c51fca92111964815243c640d149f29a992cd7	False	True	exact_legacy_text_reference
/uscms_data/d3/iturkmen/hh4b_delphes	/uscms_data/d3/iturkmen/hh4b_delphes/condor_return/hh4b_ttbar7_exact_regeneration_scaleout_20260728_v1/members/ttbar_100k_shard004/logs/ttbar_100k_shard004_lhe_to_hepmc3.log	69022	ttbar_100k	47,83,2244	3	51bacdaae9100c0ef2a06a13b8a24b394731617f060430f0fa087463ba439582	False	True	exact_legacy_text_reference
/uscms_data/d3/iturkmen/hh4b_delphes	/uscms_data/d3/iturkmen/hh4b_delphes/condor_return/hh4b_ttbar7_exact_regeneration_scaleout_20260728_v1/members/ttbar_100k_shard004/logs/ttbar_100k_shard004_pythia8_delphes.log	8261	ttbar_100k	52	1	32a16c843ab448e5e5479d874011dedec636a1f9c75054ef0900b50a2538b5b0	False	True	exact_legacy_text_reference
/uscms_data/d3/iturkmen/hh4b_delphes	/uscms_data/d3/iturkmen/hh4b_delphes/condor_return/hh4b_ttbar7_exact_regeneration_scaleout_20260728_v1/members/ttbar_100k_shard004/receipts/ttbar_100k_shard004_final_status.txt	217	ttbar_100k	4	1	72ee938c8384de89c8ad465b75b29d1e574403251728e3bae965a983e4ffb26f	False	True	exact_legacy_text_reference
/uscms_data/d3/iturkmen/hh4b_delphes	/uscms_data/d3/iturkmen/hh4b_delphes/condor_return/hh4b_ttbar7_exact_regeneration_scaleout_20260728_v1/members/ttbar_100k_shard005/logs/ttbar_100k_shard005_generate_events.log	4858	ttbar_100k	27,29,30,80	4	40a2774794edc6f5647c7f9e91d62126d6e177740a5c091dafce801bc619eb17	False	True	exact_legacy_text_reference
/uscms_data/d3/iturkmen/hh4b_delphes	/uscms_data/d3/iturkmen/hh4b_delphes/condor_return/hh4b_ttbar7_exact_regeneration_scaleout_20260728_v1/members/ttbar_100k_shard005/logs/ttbar_100k_shard005_lhe_to_hepmc3.log	68613	ttbar_100k	47,83,2240	3	5588ff12c9031afadf54e18acc5a5760376e45a8d214f1fd382d905c7f5141c4	False	True	exact_legacy_text_reference
/uscms_data/d3/iturkmen/hh4b_delphes	/uscms_data/d3/iturkmen/hh4b_delphes/condor_return/hh4b_ttbar7_exact_regeneration_scaleout_20260728_v1/members/ttbar_100k_shard005/logs/ttbar_100k_shard005_pythia8_delphes.log	8261	ttbar_100k	52	1	a7529f5592e6d8019ad6bb961c15ddc6960c0f8380075c65bc34a139fd58a091	False	True	exact_legacy_text_reference
/uscms_data/d3/iturkmen/hh4b_delphes	/uscms_data/d3/iturkmen/hh4b_delphes/condor_return/hh4b_ttbar7_exact_regeneration_scaleout_20260728_v1/members/ttbar_100k_shard005/receipts/ttbar_100k_shard005_final_status.txt	217	ttbar_100k	4	1	6f5c5e9be385c84fd86c2501c6c51184e34fd0d7c75591fcfd222e45e40d95a5	False	True	exact_legacy_text_reference
/uscms_data/d3/iturkmen/hh4b_delphes	/uscms_data/d3/iturkmen/hh4b_delphes/condor_return/hh4b_ttbar7_exact_regeneration_scaleout_20260728_v1/members/ttbar_100k_shard007/logs/ttbar_100k_shard007_generate_events.log	4858	ttbar_100k	27,29,30,80	4	73576611c6573c4120c449ee8675833925cbbefd62f953ec451bd35154bd65a3	False	True	exact_legacy_text_reference
/uscms_data/d3/iturkmen/hh4b_delphes	/uscms_data/d3/iturkmen/hh4b_delphes/condor_return/hh4b_ttbar7_exact_regeneration_scaleout_20260728_v1/members/ttbar_100k_shard007/logs/ttbar_100k_shard007_lhe_to_hepmc3.log	69757	ttbar_100k	47,83,2252	3	358cb236eba80ebbc837b4bb1ce0198b04439e31d107ae68badd7c6de598b2bf	False	True	exact_legacy_text_reference
/uscms_data/d3/iturkmen/hh4b_delphes	/uscms_data/d3/iturkmen/hh4b_delphes/condor_return/hh4b_ttbar7_exact_regeneration_scaleout_20260728_v1/members/ttbar_100k_shard007/logs/ttbar_100k_shard007_pythia8_delphes.log	8261	ttbar_100k	52	1	b11b2404719ee12f9fc2b871088b5fd692a8916d7d887de48a684238e66d3c35	False	True	exact_legacy_text_reference
/uscms_data/d3/iturkmen/hh4b_delphes	/uscms_data/d3/iturkmen/hh4b_delphes/condor_return/hh4b_ttbar7_exact_regeneration_scaleout_20260728_v1/members/ttbar_100k_shard007/receipts/ttbar_100k_shard007_final_status.txt	217	ttbar_100k	4	1	5936261c2e49de9ce9c9c14e74020cae2850e5dd330619b366b8b0a7020507ee	False	True	exact_legacy_text_reference
/uscms_data/d3/iturkmen/hh4b_delphes	/uscms_data/d3/iturkmen/hh4b_delphes/condor_return/hh4b_ttbar7_exact_regeneration_scaleout_20260728_v1/members/ttbar_100k_shard008/logs/ttbar_100k_shard008_generate_events.log	4870	ttbar_100k	27,29,30,80	4	85502f5cc15459ce897e26c3fe4eef9423b2432f94be4927fa2917ee99b690f5	False	True	exact_legacy_text_reference
/uscms_data/d3/iturkmen/hh4b_delphes	/uscms_data/d3/iturkmen/hh4b_delphes/condor_return/hh4b_ttbar7_exact_regeneration_scaleout_20260728_v1/members/ttbar_100k_shard008/logs/ttbar_100k_shard008_lhe_to_hepmc3.log	68821	ttbar_100k	47,83,2242	3	6d71ac5377e0b5b8be8442fd03caf193b661695ab20f572d6ef26afa38ae88b9	False	True	exact_legacy_text_reference
/uscms_data/d3/iturkmen/hh4b_delphes	/uscms_data/d3/iturkmen/hh4b_delphes/condor_return/hh4b_ttbar7_exact_regeneration_scaleout_20260728_v1/members/ttbar_100k_shard008/logs/ttbar_100k_shard008_pythia8_delphes.log	8261	ttbar_100k	52	1	d30cb70058381dc95c3547a06daae5ff8a49ad7bc659c3c2de53a7001835b7d2	False	True	exact_legacy_text_reference
/uscms_data/d3/iturkmen/hh4b_delphes	/uscms_data/d3/iturkmen/hh4b_delphes/condor_return/hh4b_ttbar7_exact_regeneration_scaleout_20260728_v1/members/ttbar_100k_shard008/receipts/ttbar_100k_shard008_final_status.txt	217	ttbar_100k	4	1	2c42530d8dfa313be99686195a25d2927df46a59b94a60ed7b78066b7f5f1b6e	False	True	exact_legacy_text_reference
/uscms_data/d3/iturkmen/hh4b_delphes	/uscms_data/d3/iturkmen/hh4b_delphes/condor_return/hh4b_ttbar7_exact_regeneration_scaleout_20260728_v1/members/ttbar_100k_shard009/logs/ttbar_100k_shard009_generate_events.log	4869	ttbar_100k	27,29,30,80	4	f9d2dc548d587d953937f08bf449e3b333a54d1f499168d5331651e376a99748	False	True	exact_legacy_text_reference
/uscms_data/d3/iturkmen/hh4b_delphes	/uscms_data/d3/iturkmen/hh4b_delphes/condor_return/hh4b_ttbar7_exact_regeneration_scaleout_20260728_v1/members/ttbar_100k_shard009/logs/ttbar_100k_shard009_lhe_to_hepmc3.log	68975	ttbar_100k	47,83,2244	3	9fbe8554d237bc0e01777f33188772eb2cf367928691d2e1fd09778e9867c2c9	False	True	exact_legacy_text_reference
/uscms_data/d3/iturkmen/hh4b_delphes	/uscms_data/d3/iturkmen/hh4b_delphes/condor_return/hh4b_ttbar7_exact_regeneration_scaleout_20260728_v1/members/ttbar_100k_shard009/logs/ttbar_100k_shard009_pythia8_delphes.log	8261	ttbar_100k	52	1	89028193601a379287580547f8a2bc7f8109b9f828ab66d356eed0e4f827b6b0	False	True	exact_legacy_text_reference
/uscms_data/d3/iturkmen/hh4b_delphes	/uscms_data/d3/iturkmen/hh4b_delphes/condor_return/hh4b_ttbar7_exact_regeneration_scaleout_20260728_v1/members/ttbar_100k_shard009/receipts/ttbar_100k_shard009_final_status.txt	217	ttbar_100k	4	1	4e0e1078c4f777e2ead08b3a4d8399d84d77adaf9a869ca87ac430e1d2fb46ce	False	True	exact_legacy_text_reference
/uscms_data/d3/iturkmen/hh4b_delphes	/uscms_data/d3/iturkmen/hh4b_delphes/condor_submit/hh4b_ttbar8_exact_regeneration_canary_submission_20260727_v1/hh4b_ttbar8_exact_regeneration_canary.sub	5257	ttbar_100k	5,15,16,26	4	5081edf64f9e1e488195a8016fc2461eb525ba7bcba298e92e0ff06699d0b47d	False	True	exact_legacy_text_reference
/uscms_data/d3/iturkmen/hh4b_delphes	/uscms_data/d3/iturkmen/hh4b_delphes/contract_build/hh4b_ttbar7_exact_regeneration_scaleout_20260728_v1/build/payload/SHA256SUMS	96194	ttbar_100k	408,409,410,411,412,413,414,415,416,417,519,520,521,522,523,524,525,526,527,528,615,616,617,618,619,620,621,622,623,624,727,728,729,730,731,732,733,734,735,736	40	c88633b302cba1235565dce7ad17c09637ad90840d84d53506ea1750802cf7c6	False	True	exact_legacy_text_reference
/uscms_data/d3/iturkmen/hh4b_delphes	/uscms_data/d3/iturkmen/hh4b_delphes/contract_build/hh4b_ttbar7_exact_regeneration_scaleout_20260728_v1/build/payload/mg5_template/SubProcesses/P1_bbx_ttx/G1/run_ttbar_100k_001_log.txt	8068	ttbar_100k	209	1	cd096140915cd487ed4c28067efa975504bc792d671847ee6ba73da3960cbf1d	False	True	exact_legacy_text_reference
/uscms_data/d3/iturkmen/hh4b_delphes	/uscms_data/d3/iturkmen/hh4b_delphes/contract_build/hh4b_ttbar7_exact_regeneration_scaleout_20260728_v1/build/payload/mg5_template/SubProcesses/P1_bbx_ttx/G1/run_ttbar_100k_002_log.txt	8095	ttbar_100k	209,210	2	5200c3128d3f0e82db17c527d2739e42e771f864eb35bf70e64cefaac5bcecce	False	True	exact_legacy_text_reference
/uscms_data/d3/iturkmen/hh4b_delphes	/uscms_data/d3/iturkmen/hh4b_delphes/contract_build/hh4b_ttbar7_exact_regeneration_scaleout_20260728_v1/build/payload/mg5_template/SubProcesses/P1_bbx_ttx/G1/run_ttbar_100k_003_log.txt	8122	ttbar_100k	209,210,211	3	b09f22018059b5ec4e2c1a0fb120a4edeb4ed7f074d5703500c93a4436deb3bb	False	True	exact_legacy_text_reference
/uscms_data/d3/iturkmen/hh4b_delphes	/uscms_data/d3/iturkmen/hh4b_delphes/contract_build/hh4b_ttbar7_exact_regeneration_scaleout_20260728_v1/build/payload/mg5_template/SubProcesses/P1_bbx_ttx/G1/run_ttbar_100k_004_log.txt	8149	ttbar_100k	209,210,211,212	4	7d1d7ebace6287fa380f4b9fede875b57578c9a09e91903c920a2d042da438b0	False	True	exact_legacy_text_reference
/uscms_data/d3/iturkmen/hh4b_delphes	/uscms_data/d3/iturkmen/hh4b_delphes/contract_build/hh4b_ttbar7_exact_regeneration_scaleout_20260728_v1/build/payload/mg5_template/SubProcesses/P1_bbx_ttx/G1/run_ttbar_100k_005_log.txt	8176	ttbar_100k	209,210,211,212,213	5	157d2c73f2d7526824172dd6feb0add81bdbc84e165130b380c2839c93055ad4	False	True	exact_legacy_text_reference
/uscms_data/d3/iturkmen/hh4b_delphes	/uscms_data/d3/iturkmen/hh4b_delphes/contract_build/hh4b_ttbar7_exact_regeneration_scaleout_20260728_v1/build/payload/mg5_template/SubProcesses/P1_bbx_ttx/G1/run_ttbar_100k_006_log.txt	8203	ttbar_100k	209,210,211,212,213,214	6	4f6972348e554fe669f462c37a4c0b6a4ad20dd9ddcbc48a838b9831423f1d7d	False	True	exact_legacy_text_reference
/uscms_data/d3/iturkmen/hh4b_delphes	/uscms_data/d3/iturkmen/hh4b_delphes/contract_build/hh4b_ttbar7_exact_regeneration_scaleout_20260728_v1/build/payload/mg5_template/SubProcesses/P1_bbx_ttx/G1/run_ttbar_100k_007_log.txt	8230	ttbar_100k	209,210,211,212,213,214,215	7	7360380ac929ea6bcd448aabd1766c6e5ff1d44f304dd23e7b33094133175581	False	True	exact_legacy_text_reference
/uscms_data/d3/iturkmen/hh4b_delphes	/uscms_data/d3/iturkmen/hh4b_delphes/contract_build/hh4b_ttbar7_exact_regeneration_scaleout_20260728_v1/build/payload/mg5_template/SubProcesses/P1_bbx_ttx/G1/run_ttbar_100k_008_log.txt	8257	ttbar_100k	209,210,211,212,213,214,215,216	8	57dac8312f943e9f46da51779479e92eb34f953b86a1567efbda64dab1a5808b	False	True	exact_legacy_text_reference
/uscms_data/d3/iturkmen/hh4b_delphes	/uscms_data/d3/iturkmen/hh4b_delphes/contract_build/hh4b_ttbar7_exact_regeneration_scaleout_20260728_v1/build/payload/mg5_template/SubProcesses/P1_bbx_ttx/G1/run_ttbar_100k_009_log.txt	8284	ttbar_100k	209,210,211,212,213,214,215,216,217	9	e52cf783122be58aebf589e894271e299e12db6ab9a6fcbf31d679bb90057dcf	False	True	exact_legacy_text_reference
/uscms_data/d3/iturkmen/hh4b_delphes	/uscms_data/d3/iturkmen/hh4b_delphes/contract_build/hh4b_ttbar7_exact_regeneration_scaleout_20260728_v1/build/payload/mg5_template/SubProcesses/P1_bbx_ttx/G1/run_ttbar_200k_000_log.txt	8311	ttbar_100k	209,210,211,212,213,214,215,216,217,218	10	70dbfa4d37f7696478ee3f4de6207e95eb3e628c9d0fa5b83487cadfcefaccdd	False	True	exact_legacy_text_reference
/uscms_data/d3/iturkmen/hh4b_delphes	/uscms_data/d3/iturkmen/hh4b_delphes/contract_build/hh4b_ttbar7_exact_regeneration_scaleout_20260728_v1/build/payload/mg5_template/SubProcesses/P1_bbx_ttx/G1/run_ttbar_200k_001_log.txt	8851	ttbar_100k	209,210,211,212,213,214,215,216,217,218	10	277506c0464954bcfac8c03e70ffc412762945fa493475f6e2433d8feb4c8a21	False	True	exact_legacy_text_reference
/uscms_data/d3/iturkmen/hh4b_delphes	/uscms_data/d3/iturkmen/hh4b_delphes/contract_build/hh4b_ttbar7_exact_regeneration_scaleout_20260728_v1/build/payload/mg5_template/SubProcesses/P1_bbx_ttx/G1/run_ttbar_200k_002_log.txt	8851	ttbar_100k	209,210,211,212,213,214,215,216,217,218	10	5cfa6ea378d84f73309e42a231532c19198049fafe9e9756c7c09d5e8b552756	False	True	exact_legacy_text_reference
/uscms_data/d3/iturkmen/hh4b_delphes	/uscms_data/d3/iturkmen/hh4b_delphes/contract_build/hh4b_ttbar7_exact_regeneration_scaleout_20260728_v1/build/payload/mg5_template/SubProcesses/P1_bbx_ttx/G1/run_ttbar_200k_003_log.txt	8851	ttbar_100k	209,210,211,212,213,214,215,216,217,218	10	7313c7fbdb058fdc6f7649c0288428accc643361d3689a7b39d59aee64fec9ff	False	True	exact_legacy_text_reference
/uscms_data/d3/iturkmen/hh4b_delphes	/uscms_data/d3/iturkmen/hh4b_delphes/contract_build/hh4b_ttbar7_exact_regeneration_scaleout_20260728_v1/build/payload/mg5_template/SubProcesses/P1_bbx_ttx/G1/run_ttbar_200k_004_log.txt	8851	ttbar_100k	209,210,211,212,213,214,215,216,217,218	10	7f121f6c72b22001907fb7e2c396088571252bac3e57c031e525dd68e267f11a	False	True	exact_legacy_text_reference
/uscms_data/d3/iturkmen/hh4b_delphes	/uscms_data/d3/iturkmen/hh4b_delphes/contract_build/hh4b_ttbar7_exact_regeneration_scaleout_20260728_v1/build/payload/mg5_template/SubProcesses/P1_bbx_ttx/G1/run_ttbar_200k_005_log.txt	8851	ttbar_100k	209,210,211,212,213,214,215,216,217,218	10	99ea0a8dd66a21c0236d3229e996a74feeb2750b65e0925e54b82c3903c7d2cb	False	True	exact_legacy_text_reference
/uscms_data/d3/iturkmen/hh4b_delphes	/uscms_data/d3/iturkmen/hh4b_delphes/contract_build/hh4b_ttbar7_exact_regeneration_scaleout_20260728_v1/build/payload/mg5_template/SubProcesses/P1_bbx_ttx/G1/run_ttbar_200k_006_log.txt	8851	ttbar_100k	209,210,211,212,213,214,215,216,217,218	10	a98a492942522e6e4a6859700dcda5d2feddb079bdcff0ee372a1403de3df814	False	True	exact_legacy_text_reference
/uscms_data/d3/iturkmen/hh4b_delphes	/uscms_data/d3/iturkmen/hh4b_delphes/contract_build/hh4b_ttbar7_exact_regeneration_scaleout_20260728_v1/build/payload/mg5_template/SubProcesses/P1_bbx_ttx/G1/run_ttbar_200k_007_log.txt	8851	ttbar_100k	209,210,211,212,213,214,215,216,217,218	10	269ca53303b04ce957301569310ad1f0df716113503a5d86e310a2fe2db29bb5	False	True	exact_legacy_text_reference
/uscms_data/d3/iturkmen/hh4b_delphes	/uscms_data/d3/iturkmen/hh4b_delphes/contract_build/hh4b_ttbar7_exact_regeneration_scaleout_20260728_v1/build/payload/mg5_template/SubProcesses/P1_bbx_ttx/G1/run_ttbar_200k_008_log.txt	8851	ttbar_100k	209,210,211,212,213,214,215,216,217,218	10	a857dadb9161a8c14e3d3a3edcfe470e0387cfb21103b5403bb22ff0cd7d3a9b	False	True	exact_legacy_text_reference
/uscms_data/d3/iturkmen/hh4b_delphes	/uscms_data/d3/iturkmen/hh4b_delphes/contract_build/hh4b_ttbar7_exact_regeneration_scaleout_20260728_v1/build/payload/mg5_template/SubProcesses/P1_bbx_ttx/G1/run_ttbar_200k_009_log.txt	8851	ttbar_100k	209,210,211,212,213,214,215,216,217,218	10	a46530762ac9b4674a6d87db4224ab941b3ffce8910105f70f882daf79b695af	False	True	exact_legacy_text_reference
/uscms_data/d3/iturkmen/hh4b_delphes	/uscms_data/d3/iturkmen/hh4b_delphes/contract_build/hh4b_ttbar7_exact_regeneration_scaleout_20260728_v1/build/payload/mg5_template/SubProcesses/P1_bbx_ttx/G1/run_ttbar_200k_010_log.txt	8851	ttbar_100k	209,210,211,212,213,214,215,216,217,218	10	3d1fa2bcf203cffdb8662e5ddb0d58fabd8a5930a9dbb5bb3f8655c16a48e55f	False	True	exact_legacy_text_reference
/uscms_data/d3/iturkmen/hh4b_delphes	/uscms_data/d3/iturkmen/hh4b_delphes/contract_build/hh4b_ttbar7_exact_regeneration_scaleout_20260728_v1/build/payload/mg5_template/SubProcesses/P1_bbx_ttx/G1/run_ttbar_200k_011_log.txt	8851	ttbar_100k	209,210,211,212,213,214,215,216,217,218	10	f1a15f154a10bf0d1b4bf5b068106b7645451ea5fcbd0f4ccda8ed8492930aa1	False	True	exact_legacy_text_reference
/uscms_data/d3/iturkmen/hh4b_delphes	/uscms_data/d3/iturkmen/hh4b_delphes/contract_build/hh4b_ttbar7_exact_regeneration_scaleout_20260728_v1/build/payload/mg5_template/SubProcesses/P1_bbx_ttx/G1/run_ttbar_200k_012_log.txt	8851	ttbar_100k	209,210,211,212,213,214,215,216,217,218	10	0bdfe37efdd4c589e2e4c4a21af3caf2ef9d2de04f181420a6137d87cf1cdb9e	False	True	exact_legacy_text_reference
/uscms_data/d3/iturkmen/hh4b_delphes	/uscms_data/d3/iturkmen/hh4b_delphes/contract_build/hh4b_ttbar7_exact_regeneration_scaleout_20260728_v1/build/payload/mg5_template/SubProcesses/P1_bbx_ttx/G1/run_ttbar_200k_013_log.txt	8851	ttbar_100k	209,210,211,212,213,214,215,216,217,218	10	c80607e9e98fc925f99fa3f1e38ccc4cce6ffd5838b37543be081b27ca894127	False	True	exact_legacy_text_reference
/uscms_data/d3/iturkmen/hh4b_delphes	/uscms_data/d3/iturkmen/hh4b_delphes/contract_build/hh4b_ttbar7_exact_regeneration_scaleout_20260728_v1/build/payload/mg5_template/SubProcesses/P1_bbx_ttx/G1/run_ttbar_200k_014_log.txt	8851	ttbar_100k	209,210,211,212,213,214,215,216,217,218	10	13f833a7311ca44f4ed99dd4b67b3fd26f6aa18c99839976c6e204ff5eccb45b	False	True	exact_legacy_text_reference
/uscms_data/d3/iturkmen/hh4b_delphes	/uscms_data/d3/iturkmen/hh4b_delphes/contract_build/hh4b_ttbar7_exact_regeneration_scaleout_20260728_v1/build/payload/mg5_template/SubProcesses/P1_bbx_ttx/G1/run_ttbar_200k_015_log.txt	8851	ttbar_100k	209,210,211,212,213,214,215,216,217,218	10	969a6b67cc55fe21653a8cea2324aea3a425d0b3e4fe901834037d7832e456d6	False	True	exact_legacy_text_reference
/uscms_data/d3/iturkmen/hh4b_delphes	/uscms_data/d3/iturkmen/hh4b_delphes/contract_build/hh4b_ttbar7_exact_regeneration_scaleout_20260728_v1/build/payload/mg5_template/SubProcesses/P1_bbx_ttx/G1/run_ttbar_200k_016_log.txt	8851	ttbar_100k	209,210,211,212,213,214,215,216,217,218	10	3999ff3ab567e91e2fade3bcf9b9ce48b821c46c71317925298a28ee1cb8e418	False	True	exact_legacy_text_reference
/uscms_data/d3/iturkmen/hh4b_delphes	/uscms_data/d3/iturkmen/hh4b_delphes/contract_build/hh4b_ttbar7_exact_regeneration_scaleout_20260728_v1/build/payload/mg5_template/SubProcesses/P1_bbx_ttx/G1/run_ttbar_200k_017_log.txt	8851	ttbar_100k	209,210,211,212,213,214,215,216,217,218	10	c88c68fc3e7b65030ce96d6b45c065e64bf9dcd534b81f9fa9a12718b086c5fd	False	True	exact_legacy_text_reference
/uscms_data/d3/iturkmen/hh4b_delphes	/uscms_data/d3/iturkmen/hh4b_delphes/contract_build/hh4b_ttbar7_exact_regeneration_scaleout_20260728_v1/build/payload/mg5_template/SubProcesses/P1_bbx_ttx/G1/run_ttbar_200k_018_log.txt	8851	ttbar_100k	209,210,211,212,213,214,215,216,217,218	10	82afd68d0c6b1107e350655a51c505715fd2f954eb296188f627dc0a01fba74a	False	True	exact_legacy_text_reference
/uscms_data/d3/iturkmen/hh4b_delphes	/uscms_data/d3/iturkmen/hh4b_delphes/contract_build/hh4b_ttbar7_exact_regeneration_scaleout_20260728_v1/build/payload/mg5_template/SubProcesses/P1_bbx_ttx/G1/run_ttbar_200k_019_log.txt	8851	ttbar_100k	209,210,211,212,213,214,215,216,217,218	10	5f0a27779256f53d19a50e771a94cc85ffa0eec33c1b94405e96582b05c2f1cb	False	True	exact_legacy_text_reference
/uscms_data/d3/iturkmen/hh4b_delphes	/uscms_data/d3/iturkmen/hh4b_delphes/contract_build/hh4b_ttbar7_exact_regeneration_scaleout_20260728_v1/build/payload/mg5_template/SubProcesses/P1_bbx_ttx/G1/run_ttbar_extra50k_ak4ak8_v1_000_log.txt	8851	ttbar_100k	209,210,211,212,213,214,215,216,217,218	10	3c6e05f1ee4c62292cd07826b0b1179d7218b126e9497d1321c3cd056e269682	False	True	exact_legacy_text_reference
/uscms_data/d3/iturkmen/hh4b_delphes	/uscms_data/d3/iturkmen/hh4b_delphes/contract_build/hh4b_ttbar7_exact_regeneration_scaleout_20260728_v1/build/payload/mg5_template/SubProcesses/P1_bbx_ttx/G1/run_ttbar_extra50k_ak4ak8_v1_001_log.txt	8892	ttbar_100k	209,210,211,212,213,214,215,216,217,218	10	07c5ef0090209832876326b8411f63d7524d7e052ca70028a179d0045616d665	False	True	exact_legacy_text_reference
/uscms_data/d3/iturkmen/hh4b_delphes	/uscms_data/d3/iturkmen/hh4b_delphes/contract_build/hh4b_ttbar7_exact_regeneration_scaleout_20260728_v1/build/payload/mg5_template/SubProcesses/P1_bbx_ttx/G1/run_ttbar_extra50k_ak4ak8_v1_002_log.txt	8933	ttbar_100k	209,210,211,212,213,214,215,216,217,218	10	9e25354c49d5c81db3dfe011ccfe1a6e0f08cafe4ddbcac0d079e7b56f423403	False	True	exact_legacy_text_reference
/uscms_data/d3/iturkmen/hh4b_delphes	/uscms_data/d3/iturkmen/hh4b_delphes/contract_build/hh4b_ttbar7_exact_regeneration_scaleout_20260728_v1/build/payload/mg5_template/SubProcesses/P1_bbx_ttx/G1/run_ttbar_extra50k_ak4ak8_v1_003_log.txt	8974	ttbar_100k	209,210,211,212,213,214,215,216,217,218	10	4fb3b22cacc7219666bbd92ebc41c5805474c3b8a26164055b484460a32c6390	False	True	exact_legacy_text_reference
/uscms_data/d3/iturkmen/hh4b_delphes	/uscms_data/d3/iturkmen/hh4b_delphes/contract_build/hh4b_ttbar7_exact_regeneration_scaleout_20260728_v1/build/payload/mg5_template/SubProcesses/P1_bbx_ttx/G1/run_ttbar_extra50k_ak4ak8_v1_004_log.txt	9015	ttbar_100k	209,210,211,212,213,214,215,216,217,218	10	ac516577e4912a29175b5e562b0e5ad4e3f4a0207c0b1c2c044e7c5dac422224	False	True	exact_legacy_text_reference
/uscms_data/d3/iturkmen/hh4b_delphes	/uscms_data/d3/iturkmen/hh4b_delphes/contract_build/hh4b_ttbar7_exact_regeneration_scaleout_20260728_v1/build/payload/mg5_template/SubProcesses/P1_gg_ttx/G1/run_ttbar_100k_001_log.txt	8068	ttbar_100k	209	1	84f0f804c2644cc6a46bc7e4fe81e7129a21d54fe62cd0aa4b715cc8b31c4849	False	True	exact_legacy_text_reference
/uscms_data/d3/iturkmen/hh4b_delphes	/uscms_data/d3/iturkmen/hh4b_delphes/contract_build/hh4b_ttbar7_exact_regeneration_scaleout_20260728_v1/build/payload/mg5_template/SubProcesses/P1_gg_ttx/G1/run_ttbar_100k_002_log.txt	8095	ttbar_100k	209,210	2	96c23ba1b8ea861e45b0522be279010d9979ae43e00ecce6a2d73ffae3402e4d	False	True	exact_legacy_text_reference
/uscms_data/d3/iturkmen/hh4b_delphes	/uscms_data/d3/iturkmen/hh4b_delphes/contract_build/hh4b_ttbar7_exact_regeneration_scaleout_20260728_v1/build/payload/mg5_template/SubProcesses/P1_gg_ttx/G1/run_ttbar_100k_003_log.txt	8122	ttbar_100k	209,210,211	3	ffbd4fcb9a1727a26312cceda3654c796e1c6360260bb96ca47ac7cdc4fd479f	False	True	exact_legacy_text_reference
/uscms_data/d3/iturkmen/hh4b_delphes	/uscms_data/d3/iturkmen/hh4b_delphes/contract_build/hh4b_ttbar7_exact_regeneration_scaleout_20260728_v1/build/payload/mg5_template/SubProcesses/P1_gg_ttx/G1/run_ttbar_100k_004_log.txt	8149	ttbar_100k	209,210,211,212	4	3cf2842c04008f351f5fbd737903f5e12514061e35303c6cda655a8b92956dcd	False	True	exact_legacy_text_reference
/uscms_data/d3/iturkmen/hh4b_delphes	/uscms_data/d3/iturkmen/hh4b_delphes/contract_build/hh4b_ttbar7_exact_regeneration_scaleout_20260728_v1/build/payload/mg5_template/SubProcesses/P1_gg_ttx/G1/run_ttbar_100k_005_log.txt	8176	ttbar_100k	209,210,211,212,213	5	ce7af1a1e9d94639a22582c06f5ebf4e6cf7b53c330c38b56526d7ea59890006	False	True	exact_legacy_text_reference
/uscms_data/d3/iturkmen/hh4b_delphes	/uscms_data/d3/iturkmen/hh4b_delphes/contract_build/hh4b_ttbar7_exact_regeneration_scaleout_20260728_v1/build/payload/mg5_template/SubProcesses/P1_gg_ttx/G1/run_ttbar_100k_006_log.txt	8203	ttbar_100k	209,210,211,212,213,214	6	672e63e4fe4dbb1f58faf28fc0fcb997cb7dc9a6e4d3e4d8cedf5f0a9c6acac6	False	True	exact_legacy_text_reference
/uscms_data/d3/iturkmen/hh4b_delphes	/uscms_data/d3/iturkmen/hh4b_delphes/contract_build/hh4b_ttbar7_exact_regeneration_scaleout_20260728_v1/build/payload/mg5_template/SubProcesses/P1_gg_ttx/G1/run_ttbar_100k_007_log.txt	8230	ttbar_100k	209,210,211,212,213,214,215	7	f299f2de4d8783a92cc7b637a35afa034a81e5ebe993d1839c0de11074e1e1f4	False	True	exact_legacy_text_reference
/uscms_data/d3/iturkmen/hh4b_delphes	/uscms_data/d3/iturkmen/hh4b_delphes/contract_build/hh4b_ttbar7_exact_regeneration_scaleout_20260728_v1/build/payload/mg5_template/SubProcesses/P1_gg_ttx/G1/run_ttbar_100k_008_log.txt	8257	ttbar_100k	209,210,211,212,213,214,215,216	8	5c628c34a87fe11a324a8d898cd026d8bc52237c6e8fc6d976b5af3cb439327b	False	True	exact_legacy_text_reference
/uscms_data/d3/iturkmen/hh4b_delphes	/uscms_data/d3/iturkmen/hh4b_delphes/contract_build/hh4b_ttbar7_exact_regeneration_scaleout_20260728_v1/build/payload/mg5_template/SubProcesses/P1_gg_ttx/G1/run_ttbar_100k_009_log.txt	8284	ttbar_100k	209,210,211,212,213,214,215,216,217	9	92ce427112b772bddea843c52c05ca303597b67f4375487fd588e106f5081acb	False	True	exact_legacy_text_reference
/uscms_data/d3/iturkmen/hh4b_delphes	/uscms_data/d3/iturkmen/hh4b_delphes/contract_build/hh4b_ttbar7_exact_regeneration_scaleout_20260728_v1/build/payload/mg5_template/SubProcesses/P1_gg_ttx/G1/run_ttbar_200k_000_log.txt	8311	ttbar_100k	209,210,211,212,213,214,215,216,217,218	10	80ab3386d0f4d0572b91421b1abd91a8acd2a9aab3aca800bd2e10c9a0e97bb2	False	True	exact_legacy_text_reference
/uscms_data/d3/iturkmen/hh4b_delphes	/uscms_data/d3/iturkmen/hh4b_delphes/contract_build/hh4b_ttbar7_exact_regeneration_scaleout_20260728_v1/build/payload/mg5_template/SubProcesses/P1_gg_ttx/G1/run_ttbar_200k_001_log.txt	8851	ttbar_100k	209,210,211,212,213,214,215,216,217,218	10	1609534410f34b7f2ab049e98d495c7440ac928df099c7e3a925f0f518e7fa24	False	True	exact_legacy_text_reference
/uscms_data/d3/iturkmen/hh4b_delphes	/uscms_data/d3/iturkmen/hh4b_delphes/contract_build/hh4b_ttbar7_exact_regeneration_scaleout_20260728_v1/build/payload/mg5_template/SubProcesses/P1_gg_ttx/G1/run_ttbar_200k_002_log.txt	8851	ttbar_100k	209,210,211,212,213,214,215,216,217,218	10	b19d5a2619fab431196fd4762865c5bdaebf6a578d77bc0bff359d0f5aba21de	False	True	exact_legacy_text_reference
/uscms_data/d3/iturkmen/hh4b_delphes	/uscms_data/d3/iturkmen/hh4b_delphes/contract_build/hh4b_ttbar7_exact_regeneration_scaleout_20260728_v1/build/payload/mg5_template/SubProcesses/P1_gg_ttx/G1/run_ttbar_200k_003_log.txt	8851	ttbar_100k	209,210,211,212,213,214,215,216,217,218	10	8cfe7732cc1d9e187fdb6215546f93f4c540c6d5cbc9870c2a5deca118bc0d7e	False	True	exact_legacy_text_reference
/uscms_data/d3/iturkmen/hh4b_delphes	/uscms_data/d3/iturkmen/hh4b_delphes/contract_build/hh4b_ttbar7_exact_regeneration_scaleout_20260728_v1/build/payload/mg5_template/SubProcesses/P1_gg_ttx/G1/run_ttbar_200k_004_log.txt	8851	ttbar_100k	209,210,211,212,213,214,215,216,217,218	10	cbf314f1896c7ec8c597d98055276ee9a775776ae4c7e7fc1bff5077915f5c76	False	True	exact_legacy_text_reference
/uscms_data/d3/iturkmen/hh4b_delphes	/uscms_data/d3/iturkmen/hh4b_delphes/contract_build/hh4b_ttbar7_exact_regeneration_scaleout_20260728_v1/build/payload/mg5_template/SubProcesses/P1_gg_ttx/G1/run_ttbar_200k_005_log.txt	8851	ttbar_100k	209,210,211,212,213,214,215,216,217,218	10	27e4ef9bda1d9bf485883cdf04dd72a490775a8ce5e3214725fc10d027cf6c07	False	True	exact_legacy_text_reference
/uscms_data/d3/iturkmen/hh4b_delphes	/uscms_data/d3/iturkmen/hh4b_delphes/contract_build/hh4b_ttbar7_exact_regeneration_scaleout_20260728_v1/build/payload/mg5_template/SubProcesses/P1_gg_ttx/G1/run_ttbar_200k_006_log.txt	8851	ttbar_100k	209,210,211,212,213,214,215,216,217,218	10	b73fc316397ccd065140db30f2c1aee3bce74b74a57659ee6b67ddd2dc670c50	False	True	exact_legacy_text_reference
/uscms_data/d3/iturkmen/hh4b_delphes	/uscms_data/d3/iturkmen/hh4b_delphes/contract_build/hh4b_ttbar7_exact_regeneration_scaleout_20260728_v1/build/payload/mg5_template/SubProcesses/P1_gg_ttx/G1/run_ttbar_200k_007_log.txt	8851	ttbar_100k	209,210,211,212,213,214,215,216,217,218	10	6d1da04a1bdddec44f43f702cf8c59ce21a84a7ade597b06d234e3ae1a10b5b9	False	True	exact_legacy_text_reference
/uscms_data/d3/iturkmen/hh4b_delphes	/uscms_data/d3/iturkmen/hh4b_delphes/contract_build/hh4b_ttbar7_exact_regeneration_scaleout_20260728_v1/build/payload/mg5_template/SubProcesses/P1_gg_ttx/G1/run_ttbar_200k_008_log.txt	8851	ttbar_100k	209,210,211,212,213,214,215,216,217,218	10	8271ff12682e9d91a31beb7ab04088f25927f99ec3493bbdd3fd71f7636b283f	False	True	exact_legacy_text_reference
/uscms_data/d3/iturkmen/hh4b_delphes	/uscms_data/d3/iturkmen/hh4b_delphes/contract_build/hh4b_ttbar7_exact_regeneration_scaleout_20260728_v1/build/payload/mg5_template/SubProcesses/P1_gg_ttx/G1/run_ttbar_200k_009_log.txt	8851	ttbar_100k	209,210,211,212,213,214,215,216,217,218	10	7329553145107ab5d4246044dda671c2e3388c842962563ef780dfff38d9f769	False	True	exact_legacy_text_reference
/uscms_data/d3/iturkmen/hh4b_delphes	/uscms_data/d3/iturkmen/hh4b_delphes/contract_build/hh4b_ttbar7_exact_regeneration_scaleout_20260728_v1/build/payload/mg5_template/SubProcesses/P1_gg_ttx/G1/run_ttbar_200k_010_log.txt	8851	ttbar_100k	209,210,211,212,213,214,215,216,217,218	10	e8274ea3696d0e6fc3492f1e92c83ccdb29f52b70c5b61480462ebd0d58c2ca2	False	True	exact_legacy_text_reference
/uscms_data/d3/iturkmen/hh4b_delphes	/uscms_data/d3/iturkmen/hh4b_delphes/contract_build/hh4b_ttbar7_exact_regeneration_scaleout_20260728_v1/build/payload/mg5_template/SubProcesses/P1_gg_ttx/G1/run_ttbar_200k_011_log.txt	8851	ttbar_100k	209,210,211,212,213,214,215,216,217,218	10	db317340c6251ae2fa2c3f8136007adb9917a1676ad2d5a03f4befdaa49086a6	False	True	exact_legacy_text_reference
/uscms_data/d3/iturkmen/hh4b_delphes	/uscms_data/d3/iturkmen/hh4b_delphes/contract_build/hh4b_ttbar7_exact_regeneration_scaleout_20260728_v1/build/payload/mg5_template/SubProcesses/P1_gg_ttx/G1/run_ttbar_200k_012_log.txt	8851	ttbar_100k	209,210,211,212,213,214,215,216,217,218	10	7b555103f30f46dcd1334160beebab469815a152551da2702a48bab76e21926f	False	True	exact_legacy_text_reference
/uscms_data/d3/iturkmen/hh4b_delphes	/uscms_data/d3/iturkmen/hh4b_delphes/contract_build/hh4b_ttbar7_exact_regeneration_scaleout_20260728_v1/build/payload/mg5_template/SubProcesses/P1_gg_ttx/G1/run_ttbar_200k_013_log.txt	8851	ttbar_100k	209,210,211,212,213,214,215,216,217,218	10	d1c84877ce467b955f5307558109fe9df4e7d8a812daf43073792d2a83280a58	False	True	exact_legacy_text_reference
/uscms_data/d3/iturkmen/hh4b_delphes	/uscms_data/d3/iturkmen/hh4b_delphes/contract_build/hh4b_ttbar7_exact_regeneration_scaleout_20260728_v1/build/payload/mg5_template/SubProcesses/P1_gg_ttx/G1/run_ttbar_200k_014_log.txt	8851	ttbar_100k	209,210,211,212,213,214,215,216,217,218	10	8c5242576c8f3b31f1e445ec854216cdc6b97afab699f425f7e568d105b38717	False	True	exact_legacy_text_reference
/uscms_data/d3/iturkmen/hh4b_delphes	/uscms_data/d3/iturkmen/hh4b_delphes/contract_build/hh4b_ttbar7_exact_regeneration_scaleout_20260728_v1/build/payload/mg5_template/SubProcesses/P1_gg_ttx/G1/run_ttbar_200k_015_log.txt	8851	ttbar_100k	209,210,211,212,213,214,215,216,217,218	10	933c0ce9a3be6f73b7c933b46265b4ab70d4db26b6362ae6843fd587db4807ae	False	True	exact_legacy_text_reference
/uscms_data/d3/iturkmen/hh4b_delphes	/uscms_data/d3/iturkmen/hh4b_delphes/contract_build/hh4b_ttbar7_exact_regeneration_scaleout_20260728_v1/build/payload/mg5_template/SubProcesses/P1_gg_ttx/G1/run_ttbar_200k_016_log.txt	8851	ttbar_100k	209,210,211,212,213,214,215,216,217,218	10	d18aa23ef5ade0f12a08a114433842dbe63473265dba4a77f8fe684f160a8498	False	True	exact_legacy_text_reference
/uscms_data/d3/iturkmen/hh4b_delphes	/uscms_data/d3/iturkmen/hh4b_delphes/contract_build/hh4b_ttbar7_exact_regeneration_scaleout_20260728_v1/build/payload/mg5_template/SubProcesses/P1_gg_ttx/G1/run_ttbar_200k_017_log.txt	8851	ttbar_100k	209,210,211,212,213,214,215,216,217,218	10	0577cc90651be88b5c993c95060eae2c72c2f5b08f8c1c06571922e70a6a9b3d	False	True	exact_legacy_text_reference
/uscms_data/d3/iturkmen/hh4b_delphes	/uscms_data/d3/iturkmen/hh4b_delphes/contract_build/hh4b_ttbar7_exact_regeneration_scaleout_20260728_v1/build/payload/mg5_template/SubProcesses/P1_gg_ttx/G1/run_ttbar_200k_018_log.txt	8851	ttbar_100k	209,210,211,212,213,214,215,216,217,218	10	65567d0e431b9c1b7e1c9d7888fbbdf4c67ba1ed284681f3a8fed5e6bfedb712	False	True	exact_legacy_text_reference
/uscms_data/d3/iturkmen/hh4b_delphes	/uscms_data/d3/iturkmen/hh4b_delphes/contract_build/hh4b_ttbar7_exact_regeneration_scaleout_20260728_v1/build/payload/mg5_template/SubProcesses/P1_gg_ttx/G1/run_ttbar_200k_019_log.txt	8851	ttbar_100k	209,210,211,212,213,214,215,216,217,218	10	7a2333032c552c50573a17cdb1f4573d8a2e667f8e65e0b246c63e99848f1e9c	False	True	exact_legacy_text_reference
/uscms_data/d3/iturkmen/hh4b_delphes	/uscms_data/d3/iturkmen/hh4b_delphes/contract_build/hh4b_ttbar7_exact_regeneration_scaleout_20260728_v1/build/payload/mg5_template/SubProcesses/P1_gg_ttx/G1/run_ttbar_extra50k_ak4ak8_v1_000_log.txt	8851	ttbar_100k	209,210,211,212,213,214,215,216,217,218	10	f42f9a1d10bbc301a6b4cf454dd16b3c400b0f78ae7fa852326627706a550f1c	False	True	exact_legacy_text_reference
/uscms_data/d3/iturkmen/hh4b_delphes	/uscms_data/d3/iturkmen/hh4b_delphes/contract_build/hh4b_ttbar7_exact_regeneration_scaleout_20260728_v1/build/payload/mg5_template/SubProcesses/P1_gg_ttx/G1/run_ttbar_extra50k_ak4ak8_v1_001_log.txt	8892	ttbar_100k	209,210,211,212,213,214,215,216,217,218	10	e1dc86bede3a1fd56137626bcf6aeeb00819c20bb135739c0f7aa1fef4fbc5d6	False	True	exact_legacy_text_reference
/uscms_data/d3/iturkmen/hh4b_delphes	/uscms_data/d3/iturkmen/hh4b_delphes/contract_build/hh4b_ttbar7_exact_regeneration_scaleout_20260728_v1/build/payload/mg5_template/SubProcesses/P1_gg_ttx/G1/run_ttbar_extra50k_ak4ak8_v1_002_log.txt	8933	ttbar_100k	209,210,211,212,213,214,215,216,217,218	10	f79a8945eef0c7c20a250e58f803df2ae226ea5838e878e757e490e869d6b0b2	False	True	exact_legacy_text_reference
/uscms_data/d3/iturkmen/hh4b_delphes	/uscms_data/d3/iturkmen/hh4b_delphes/contract_build/hh4b_ttbar7_exact_regeneration_scaleout_20260728_v1/build/payload/mg5_template/SubProcesses/P1_gg_ttx/G1/run_ttbar_extra50k_ak4ak8_v1_003_log.txt	8974	ttbar_100k	209,210,211,212,213,214,215,216,217,218	10	44209f98a8f5165ac13d6955ce8d0b02ae677a800c7c8bc361013513cfa47c0d	False	True	exact_legacy_text_reference
/uscms_data/d3/iturkmen/hh4b_delphes	/uscms_data/d3/iturkmen/hh4b_delphes/contract_build/hh4b_ttbar7_exact_regeneration_scaleout_20260728_v1/build/payload/mg5_template/SubProcesses/P1_gg_ttx/G1/run_ttbar_extra50k_ak4ak8_v1_004_log.txt	9015	ttbar_100k	209,210,211,212,213,214,215,216,217,218	10	e028c3e694b720bacb0123da89f8c2da885cdea2da430d52a37803148c34fa27	False	True	exact_legacy_text_reference
/uscms_data/d3/iturkmen/hh4b_delphes	/uscms_data/d3/iturkmen/hh4b_delphes/contract_build/hh4b_ttbar7_exact_regeneration_scaleout_20260728_v1/build/payload/mg5_template/SubProcesses/P1_gg_ttx/G2/run_ttbar_100k_001_log.txt	8848	ttbar_100k	220	1	6205d6708a14d890b432d00616ddc9f335c33bfec9b311ab4fd46d0db50a2ae6	False	True	exact_legacy_text_reference
/uscms_data/d3/iturkmen/hh4b_delphes	/uscms_data/d3/iturkmen/hh4b_delphes/contract_build/hh4b_ttbar7_exact_regeneration_scaleout_20260728_v1/build/payload/mg5_template/SubProcesses/P1_gg_ttx/G2/run_ttbar_100k_002_log.txt	8869	ttbar_100k	220,221	2	99e1a74ed07f89d82aa8a516f2b1a1563d03bb3af955d7095f5d448bf1e2b6e0	False	True	exact_legacy_text_reference
/uscms_data/d3/iturkmen/hh4b_delphes	/uscms_data/d3/iturkmen/hh4b_delphes/contract_build/hh4b_ttbar7_exact_regeneration_scaleout_20260728_v1/build/payload/mg5_template/SubProcesses/P1_gg_ttx/G2/run_ttbar_100k_003_log.txt	8889	ttbar_100k	220,221,222	3	ca3f214e05f2cef3bc750b8f3de14d0be96982270d07bfc50ddd024303fc396c	False	True	exact_legacy_text_reference
/uscms_data/d3/iturkmen/hh4b_delphes	/uscms_data/d3/iturkmen/hh4b_delphes/contract_build/hh4b_ttbar7_exact_regeneration_scaleout_20260728_v1/build/payload/mg5_template/SubProcesses/P1_gg_ttx/G2/run_ttbar_100k_004_log.txt	8915	ttbar_100k	220,221,222,223	4	97dc4f870491e3c43001b75642458ae39216b8283ccb0986d1a4ad4aa98801bd	False	True	exact_legacy_text_reference
/uscms_data/d3/iturkmen/hh4b_delphes	/uscms_data/d3/iturkmen/hh4b_delphes/contract_build/hh4b_ttbar7_exact_regeneration_scaleout_20260728_v1/build/payload/mg5_template/SubProcesses/P1_gg_ttx/G2/run_ttbar_100k_005_log.txt	8943	ttbar_100k	220,221,222,223,224	5	b75dcc3510786783dbafae149decc0e5079af5ab4342ed23c9571bd6fdf257ea	False	True	exact_legacy_text_reference
/uscms_data/d3/iturkmen/hh4b_delphes	/uscms_data/d3/iturkmen/hh4b_delphes/contract_build/hh4b_ttbar7_exact_regeneration_scaleout_20260728_v1/build/payload/mg5_template/SubProcesses/P1_gg_ttx/G2/run_ttbar_100k_006_log.txt	8971	ttbar_100k	220,221,222,223,224,225	6	a58f7166a67a229aec2866e2abf69529f339af95d08758bc231dc695959fbc98	False	True	exact_legacy_text_reference
/uscms_data/d3/iturkmen/hh4b_delphes	/uscms_data/d3/iturkmen/hh4b_delphes/contract_build/hh4b_ttbar7_exact_regeneration_scaleout_20260728_v1/build/payload/mg5_template/SubProcesses/P1_gg_ttx/G2/run_ttbar_100k_007_log.txt	8999	ttbar_100k	220,221,222,223,224,225,226	7	f1deed0e893765dd056ccb57ef45f9f9ae31ec9b94b261ad1f4721208c5884a8	False	True	exact_legacy_text_reference
/uscms_data/d3/iturkmen/hh4b_delphes	/uscms_data/d3/iturkmen/hh4b_delphes/contract_build/hh4b_ttbar7_exact_regeneration_scaleout_20260728_v1/build/payload/mg5_template/SubProcesses/P1_gg_ttx/G2/run_ttbar_100k_008_log.txt	9023	ttbar_100k	220,221,222,223,224,225,226,227	8	9ea2a75bc413c742c58c036f621fc04ef4535c49af2fd577089e71301563a8fc	False	True	exact_legacy_text_reference
/uscms_data/d3/iturkmen/hh4b_delphes	/uscms_data/d3/iturkmen/hh4b_delphes/contract_build/hh4b_ttbar7_exact_regeneration_scaleout_20260728_v1/build/payload/mg5_template/SubProcesses/P1_gg_ttx/G2/run_ttbar_100k_009_log.txt	9050	ttbar_100k	220,221,222,223,224,225,226,227,228	9	d2eeef154b35113e66557d7bf095b55a12253454d8964f869562052c8345ce02	False	True	exact_legacy_text_reference
/uscms_data/d3/iturkmen/hh4b_delphes	/uscms_data/d3/iturkmen/hh4b_delphes/contract_build/hh4b_ttbar7_exact_regeneration_scaleout_20260728_v1/build/payload/mg5_template/SubProcesses/P1_gg_ttx/G2/run_ttbar_200k_000_log.txt	9083	ttbar_100k	220,221,222,223,224,225,226,227,228,229	10	f3da214c341525cfca2f872ebcb9c5d6c9539091e170612a703f76b5fdd8f06a	False	True	exact_legacy_text_reference
/uscms_data/d3/iturkmen/hh4b_delphes	/uscms_data/d3/iturkmen/hh4b_delphes/contract_build/hh4b_ttbar7_exact_regeneration_scaleout_20260728_v1/build/payload/mg5_template/SubProcesses/P1_gg_ttx/G2/run_ttbar_200k_001_log.txt	9626	ttbar_100k	220,221,222,223,224,225,226,227,228,229	10	e5c3fd1a8daaacda02309767936c03aa29dcb6c0e5baa04db690596037955060	False	True	exact_legacy_text_reference
/uscms_data/d3/iturkmen/hh4b_delphes	/uscms_data/d3/iturkmen/hh4b_delphes/contract_build/hh4b_ttbar7_exact_regeneration_scaleout_20260728_v1/build/payload/mg5_template/SubProcesses/P1_gg_ttx/G2/run_ttbar_200k_002_log.txt	9624	ttbar_100k	220,221,222,223,224,225,226,227,228,229	10	990ec4f33e6297ecea5b926488608d7348dfcce5e43aa8acad719a1b474d1a9a	False	True	exact_legacy_text_reference
/uscms_data/d3/iturkmen/hh4b_delphes	/uscms_data/d3/iturkmen/hh4b_delphes/contract_build/hh4b_ttbar7_exact_regeneration_scaleout_20260728_v1/build/payload/mg5_template/SubProcesses/P1_gg_ttx/G2/run_ttbar_200k_003_log.txt	9624	ttbar_100k	220,221,222,223,224,225,226,227,228,229	10	6cc7a4567d1d8a4a9e7473424bc9d97f8682b07088d7a382088328aeb897614c	False	True	exact_legacy_text_reference
/uscms_data/d3/iturkmen/hh4b_delphes	/uscms_data/d3/iturkmen/hh4b_delphes/contract_build/hh4b_ttbar7_exact_regeneration_scaleout_20260728_v1/build/payload/mg5_template/SubProcesses/P1_gg_ttx/G2/run_ttbar_200k_004_log.txt	9623	ttbar_100k	220,221,222,223,224,225,226,227,228,229	10	3bcb5dca85209f19cb22d85885f2a374e7ddd7a32747943ffecc6adde1551379	False	True	exact_legacy_text_reference
/uscms_data/d3/iturkmen/hh4b_delphes	/uscms_data/d3/iturkmen/hh4b_delphes/contract_build/hh4b_ttbar7_exact_regeneration_scaleout_20260728_v1/build/payload/mg5_template/SubProcesses/P1_gg_ttx/G2/run_ttbar_200k_005_log.txt	9620	ttbar_100k	220,221,222,223,224,225,226,227,228,229	10	5af5171d3ffc982e3ee7ab5a42fb74a820aa67221b69936f6f97151ea0fe24bb	False	True	exact_legacy_text_reference
/uscms_data/d3/iturkmen/hh4b_delphes	/uscms_data/d3/iturkmen/hh4b_delphes/contract_build/hh4b_ttbar7_exact_regeneration_scaleout_20260728_v1/build/payload/mg5_template/SubProcesses/P1_gg_ttx/G2/run_ttbar_200k_006_log.txt	9623	ttbar_100k	220,221,222,223,224,225,226,227,228,229	10	648f3b10bea779f0072a7cf8d2b25493eef3ed37040eeb32ade956eef3f20846	False	True	exact_legacy_text_reference
/uscms_data/d3/iturkmen/hh4b_delphes	/uscms_data/d3/iturkmen/hh4b_delphes/contract_build/hh4b_ttbar7_exact_regeneration_scaleout_20260728_v1/build/payload/mg5_template/SubProcesses/P1_gg_ttx/G2/run_ttbar_200k_007_log.txt	9623	ttbar_100k	220,221,222,223,224,225,226,227,228,229	10	309162e1b998c00a4ef1eb64ac7478b62b91a456ffb7604f39dd3b87293aba96	False	True	exact_legacy_text_reference
/uscms_data/d3/iturkmen/hh4b_delphes	/uscms_data/d3/iturkmen/hh4b_delphes/contract_build/hh4b_ttbar7_exact_regeneration_scaleout_20260728_v1/build/payload/mg5_template/SubProcesses/P1_gg_ttx/G2/run_ttbar_200k_008_log.txt	9622	ttbar_100k	220,221,222,223,224,225,226,227,228,229	10	3a749303ead794e9ab3c54de0c9717463789891d0650bea82b99a4b542acfdd5	False	True	exact_legacy_text_reference
/uscms_data/d3/iturkmen/hh4b_delphes	/uscms_data/d3/iturkmen/hh4b_delphes/contract_build/hh4b_ttbar7_exact_regeneration_scaleout_20260728_v1/build/payload/mg5_template/SubProcesses/P1_gg_ttx/G2/run_ttbar_200k_009_log.txt	9621	ttbar_100k	220,221,222,223,224,225,226,227,228,229	10	70e24f8ff025b6fae42899ec35ab671b2a934f44168af6a1380c3f44d958bb3c	False	True	exact_legacy_text_reference
/uscms_data/d3/iturkmen/hh4b_delphes	/uscms_data/d3/iturkmen/hh4b_delphes/contract_build/hh4b_ttbar7_exact_regeneration_scaleout_20260728_v1/build/payload/mg5_template/SubProcesses/P1_gg_ttx/G2/run_ttbar_200k_010_log.txt	9620	ttbar_100k	220,221,222,223,224,225,226,227,228,229	10	6344439ba2bf15694b90fa6f21e030fa8eb422d3857e6695fd1f3d933abaedc6	False	True	exact_legacy_text_reference
/uscms_data/d3/iturkmen/hh4b_delphes	/uscms_data/d3/iturkmen/hh4b_delphes/contract_build/hh4b_ttbar7_exact_regeneration_scaleout_20260728_v1/build/payload/mg5_template/SubProcesses/P1_gg_ttx/G2/run_ttbar_200k_011_log.txt	9623	ttbar_100k	220,221,222,223,224,225,226,227,228,229	10	38e350959baa06a6d73791062c649f678133e46181c7e1b2d058a8abe72274e2	False	True	exact_legacy_text_reference
/uscms_data/d3/iturkmen/hh4b_delphes	/uscms_data/d3/iturkmen/hh4b_delphes/contract_build/hh4b_ttbar7_exact_regeneration_scaleout_20260728_v1/build/payload/mg5_template/SubProcesses/P1_gg_ttx/G2/run_ttbar_200k_012_log.txt	9620	ttbar_100k	220,221,222,223,224,225,226,227,228,229	10	49bd3ce44cb7103a19124b011a1bd666181e52370d0c803a955b963c4abc98d5	False	True	exact_legacy_text_reference
/uscms_data/d3/iturkmen/hh4b_delphes	/uscms_data/d3/iturkmen/hh4b_delphes/contract_build/hh4b_ttbar7_exact_regeneration_scaleout_20260728_v1/build/payload/mg5_template/SubProcesses/P1_gg_ttx/G2/run_ttbar_200k_013_log.txt	9620	ttbar_100k	220,221,222,223,224,225,226,227,228,229	10	fe187eabb8b06963af4cf709ad0c1da645fd77f89da1734927d31a11cfd67ab2	False	True	exact_legacy_text_reference
/uscms_data/d3/iturkmen/hh4b_delphes	/uscms_data/d3/iturkmen/hh4b_delphes/contract_build/hh4b_ttbar7_exact_regeneration_scaleout_20260728_v1/build/payload/mg5_template/SubProcesses/P1_gg_ttx/G2/run_ttbar_200k_014_log.txt	9619	ttbar_100k	220,221,222,223,224,225,226,227,228,229	10	aabece99de3823370cc32d26ff077ef4d664eb5ba33171dc639ee5a2f8cfa492	False	True	exact_legacy_text_reference
/uscms_data/d3/iturkmen/hh4b_delphes	/uscms_data/d3/iturkmen/hh4b_delphes/contract_build/hh4b_ttbar7_exact_regeneration_scaleout_20260728_v1/build/payload/mg5_template/SubProcesses/P1_gg_ttx/G2/run_ttbar_200k_015_log.txt	9621	ttbar_100k	220,221,222,223,224,225,226,227,228,229	10	366f9c63cb8b9d9a050f9babee0c2d859d6fe2e02fd213fe4422c550faeeb5ba	False	True	exact_legacy_text_reference
/uscms_data/d3/iturkmen/hh4b_delphes	/uscms_data/d3/iturkmen/hh4b_delphes/contract_build/hh4b_ttbar7_exact_regeneration_scaleout_20260728_v1/build/payload/mg5_template/SubProcesses/P1_gg_ttx/G2/run_ttbar_200k_016_log.txt	9629	ttbar_100k	220,221,222,223,224,225,226,227,228,229	10	1764510c660fc4c65746dfe872355fc0ddf888970002ca9d54d6e25404d50ef3	False	True	exact_legacy_text_reference
/uscms_data/d3/iturkmen/hh4b_delphes	/uscms_data/d3/iturkmen/hh4b_delphes/contract_build/hh4b_ttbar7_exact_regeneration_scaleout_20260728_v1/build/payload/mg5_template/SubProcesses/P1_gg_ttx/G2/run_ttbar_200k_017_log.txt	9618	ttbar_100k	220,221,222,223,224,225,226,227,228,229	10	f600d869d437894bf8ded3f2ad3ec745a366f93d66e0e1928175629e2b3044db	False	True	exact_legacy_text_reference
/uscms_data/d3/iturkmen/hh4b_delphes	/uscms_data/d3/iturkmen/hh4b_delphes/contract_build/hh4b_ttbar7_exact_regeneration_scaleout_20260728_v1/build/payload/mg5_template/SubProcesses/P1_gg_ttx/G2/run_ttbar_200k_018_log.txt	9622	ttbar_100k	220,221,222,223,224,225,226,227,228,229	10	3b6c8454521dc90eb6df01064b3edc25c145f187ef4e95a79fb83220c78aaf5c	False	True	exact_legacy_text_reference
/uscms_data/d3/iturkmen/hh4b_delphes	/uscms_data/d3/iturkmen/hh4b_delphes/contract_build/hh4b_ttbar7_exact_regeneration_scaleout_20260728_v1/build/payload/mg5_template/SubProcesses/P1_gg_ttx/G2/run_ttbar_200k_019_log.txt	9622	ttbar_100k	220,221,222,223,224,225,226,227,228,229	10	5095d329a059598bf08bbb918f4a30c4595e787318c4ac8e9d434442f64bfb5a	False	True	exact_legacy_text_reference
/uscms_data/d3/iturkmen/hh4b_delphes	/uscms_data/d3/iturkmen/hh4b_delphes/contract_build/hh4b_ttbar7_exact_regeneration_scaleout_20260728_v1/build/payload/mg5_template/SubProcesses/P1_gg_ttx/G2/run_ttbar_extra50k_ak4ak8_v1_000_log.txt	9621	ttbar_100k	220,221,222,223,224,225,226,227,228,229	10	ec0698a291c3e30aa2bf4d852dc6794e956427882e3ec3cc8756a9f1aca8e23c	False	True	exact_legacy_text_reference
/uscms_data/d3/iturkmen/hh4b_delphes	/uscms_data/d3/iturkmen/hh4b_delphes/contract_build/hh4b_ttbar7_exact_regeneration_scaleout_20260728_v1/build/payload/mg5_template/SubProcesses/P1_gg_ttx/G2/run_ttbar_extra50k_ak4ak8_v1_001_log.txt	9660	ttbar_100k	220,221,222,223,224,225,226,227,228,229	10	2fead9c036b2dad7b51b89f30e314ccc8e67d0dfffdfca80fbd15f1e5f3af8b3	False	True	exact_legacy_text_reference
/uscms_data/d3/iturkmen/hh4b_delphes	/uscms_data/d3/iturkmen/hh4b_delphes/contract_build/hh4b_ttbar7_exact_regeneration_scaleout_20260728_v1/build/payload/mg5_template/SubProcesses/P1_gg_ttx/G2/run_ttbar_extra50k_ak4ak8_v1_002_log.txt	9700	ttbar_100k	220,221,222,223,224,225,226,227,228,229	10	a5c947c4efe3c8b617148b199c1ab6606788a2738dc6749cffbb2f2bbbbfdc02	False	True	exact_legacy_text_reference
/uscms_data/d3/iturkmen/hh4b_delphes	/uscms_data/d3/iturkmen/hh4b_delphes/contract_build/hh4b_ttbar7_exact_regeneration_scaleout_20260728_v1/build/payload/mg5_template/SubProcesses/P1_gg_ttx/G2/run_ttbar_extra50k_ak4ak8_v1_003_log.txt	9738	ttbar_100k	220,221,222,223,224,225,226,227,228,229	10	2e8c2ad6ead2843718728271c4721193783c69a36308d3cdd9ad9caa8678b26d	False	True	exact_legacy_text_reference
/uscms_data/d3/iturkmen/hh4b_delphes	/uscms_data/d3/iturkmen/hh4b_delphes/contract_build/hh4b_ttbar7_exact_regeneration_scaleout_20260728_v1/build/payload/mg5_template/SubProcesses/P1_gg_ttx/G2/run_ttbar_extra50k_ak4ak8_v1_004_log.txt	9784	ttbar_100k	220,221,222,223,224,225,226,227,228,229	10	1fc4fc94977acd838e67aa098ca037861938d5f1707e0b10a36065f53db5cdc4	False	True	exact_legacy_text_reference
/uscms_data/d3/iturkmen/hh4b_delphes	/uscms_data/d3/iturkmen/hh4b_delphes/contract_build/hh4b_ttbar7_exact_regeneration_scaleout_20260728_v1/build/payload/mg5_template/SubProcesses/P1_qq_ttx/G1/run_ttbar_100k_001_log.txt	8228	ttbar_100k	210	1	5af10259f32e905fec32e1c332630dea98cf557273518fc43058f85f0aa99d6e	False	True	exact_legacy_text_reference
/uscms_data/d3/iturkmen/hh4b_delphes	/uscms_data/d3/iturkmen/hh4b_delphes/contract_build/hh4b_ttbar7_exact_regeneration_scaleout_20260728_v1/build/payload/mg5_template/SubProcesses/P1_qq_ttx/G1/run_ttbar_100k_002_log.txt	8253	ttbar_100k	210,211	2	033a669da3e52f726bdfcf9e7fda0dd09c664a5c94955064f894818a728eb983	False	True	exact_legacy_text_reference
/uscms_data/d3/iturkmen/hh4b_delphes	/uscms_data/d3/iturkmen/hh4b_delphes/contract_build/hh4b_ttbar7_exact_regeneration_scaleout_20260728_v1/build/payload/mg5_template/SubProcesses/P1_qq_ttx/G1/run_ttbar_100k_003_log.txt	8282	ttbar_100k	210,211,212	3	529cd1e2f28a970a53cfc9f005196e812dbb16308b81a19768b6af15064d8738	False	True	exact_legacy_text_reference
/uscms_data/d3/iturkmen/hh4b_delphes	/uscms_data/d3/iturkmen/hh4b_delphes/contract_build/hh4b_ttbar7_exact_regeneration_scaleout_20260728_v1/build/payload/mg5_template/SubProcesses/P1_qq_ttx/G1/run_ttbar_100k_004_log.txt	8308	ttbar_100k	210,211,212,213	4	7a69e49cdd0fd517123d187bb5c17a22225ff7a2e57b32e61e7e9a2e781e2325	False	True	exact_legacy_text_reference
/uscms_data/d3/iturkmen/hh4b_delphes	/uscms_data/d3/iturkmen/hh4b_delphes/contract_build/hh4b_ttbar7_exact_regeneration_scaleout_20260728_v1/build/payload/mg5_template/SubProcesses/P1_qq_ttx/G1/run_ttbar_100k_005_log.txt	8335	ttbar_100k	210,211,212,213,214	5	d82a7afce0c5ad7cb92b772625dff87ef2cdb9a3c5df7071877946319ccbeafa	False	True	exact_legacy_text_reference
/uscms_data/d3/iturkmen/hh4b_delphes	/uscms_data/d3/iturkmen/hh4b_delphes/contract_build/hh4b_ttbar7_exact_regeneration_scaleout_20260728_v1/build/payload/mg5_template/SubProcesses/P1_qq_ttx/G1/run_ttbar_100k_006_log.txt	8363	ttbar_100k	210,211,212,213,214,215	6	bb02b7106644b1ed492537baf0931b116a83c56e7a158046b5981e681fc92705	False	True	exact_legacy_text_reference
/uscms_data/d3/iturkmen/hh4b_delphes	/uscms_data/d3/iturkmen/hh4b_delphes/contract_build/hh4b_ttbar7_exact_regeneration_scaleout_20260728_v1/build/payload/mg5_template/SubProcesses/P1_qq_ttx/G1/run_ttbar_100k_007_log.txt	8389	ttbar_100k	210,211,212,213,214,215,216	7	184dd895ffec322e8887c96d23c53d9b49ed29e6240d64a8d75f0e559fb2cc2f	False	True	exact_legacy_text_reference
/uscms_data/d3/iturkmen/hh4b_delphes	/uscms_data/d3/iturkmen/hh4b_delphes/contract_build/hh4b_ttbar7_exact_regeneration_scaleout_20260728_v1/build/payload/mg5_template/SubProcesses/P1_qq_ttx/G1/run_ttbar_100k_008_log.txt	8417	ttbar_100k	210,211,212,213,214,215,216,217	8	b94696de5236b7d1148bcaed1746e39becead2c3d02b57d646a91ef33889c50b	False	True	exact_legacy_text_reference
/uscms_data/d3/iturkmen/hh4b_delphes	/uscms_data/d3/iturkmen/hh4b_delphes/contract_build/hh4b_ttbar7_exact_regeneration_scaleout_20260728_v1/build/payload/mg5_template/SubProcesses/P1_qq_ttx/G1/run_ttbar_100k_009_log.txt	8444	ttbar_100k	210,211,212,213,214,215,216,217,218	9	4dd0bfe660760a0973dbaedc0ce667453c1b4d7a87f4d41144727cbbe34f6b63	False	True	exact_legacy_text_reference
/uscms_data/d3/iturkmen/hh4b_delphes	/uscms_data/d3/iturkmen/hh4b_delphes/contract_build/hh4b_ttbar7_exact_regeneration_scaleout_20260728_v1/build/payload/mg5_template/SubProcesses/P1_qq_ttx/G1/run_ttbar_200k_000_log.txt	8471	ttbar_100k	210,211,212,213,214,215,216,217,218,219	10	544c9b2dec941f74a779999585717bcd9c55275b5a88dfbd7db020a0d6f9d359	False	True	exact_legacy_text_reference
/uscms_data/d3/iturkmen/hh4b_delphes	/uscms_data/d3/iturkmen/hh4b_delphes/contract_build/hh4b_ttbar7_exact_regeneration_scaleout_20260728_v1/build/payload/mg5_template/SubProcesses/P1_qq_ttx/G1/run_ttbar_200k_001_log.txt	9011	ttbar_100k	210,211,212,213,214,215,216,217,218,219	10	eab1ef37e4cd9f9f530a25b5c35901b0062e20140d38ef6ab97187ecce4e3704	False	True	exact_legacy_text_reference
/uscms_data/d3/iturkmen/hh4b_delphes	/uscms_data/d3/iturkmen/hh4b_delphes/contract_build/hh4b_ttbar7_exact_regeneration_scaleout_20260728_v1/build/payload/mg5_template/SubProcesses/P1_qq_ttx/G1/run_ttbar_200k_002_log.txt	9011	ttbar_100k	210,211,212,213,214,215,216,217,218,219	10	ccbad941dfbae8201633933a1b841fcd423472d53cbee8296227cec747bf3052	False	True	exact_legacy_text_reference
/uscms_data/d3/iturkmen/hh4b_delphes	/uscms_data/d3/iturkmen/hh4b_delphes/contract_build/hh4b_ttbar7_exact_regeneration_scaleout_20260728_v1/build/payload/mg5_template/SubProcesses/P1_qq_ttx/G1/run_ttbar_200k_003_log.txt	9011	ttbar_100k	210,211,212,213,214,215,216,217,218,219	10	4f3efa1b29cc1e3be95b2d27122d8cb5363050651245285f7a5d6585db96a8ed	False	True	exact_legacy_text_reference
/uscms_data/d3/iturkmen/hh4b_delphes	/uscms_data/d3/iturkmen/hh4b_delphes/contract_build/hh4b_ttbar7_exact_regeneration_scaleout_20260728_v1/build/payload/mg5_template/SubProcesses/P1_qq_ttx/G1/run_ttbar_200k_004_log.txt	9010	ttbar_100k	210,211,212,213,214,215,216,217,218,219	10	9191d60675c9d3f7ad72e1818b7ea7741087cf2d48626e307c323fd4877b58f9	False	True	exact_legacy_text_reference
/uscms_data/d3/iturkmen/hh4b_delphes	/uscms_data/d3/iturkmen/hh4b_delphes/contract_build/hh4b_ttbar7_exact_regeneration_scaleout_20260728_v1/build/payload/mg5_template/SubProcesses/P1_qq_ttx/G1/run_ttbar_200k_005_log.txt	9011	ttbar_100k	210,211,212,213,214,215,216,217,218,219	10	67726daf81e4278f54a62b30374d87eaebf648be009005da17705d8841950e14	False	True	exact_legacy_text_reference
/uscms_data/d3/iturkmen/hh4b_delphes	/uscms_data/d3/iturkmen/hh4b_delphes/contract_build/hh4b_ttbar7_exact_regeneration_scaleout_20260728_v1/build/payload/mg5_template/SubProcesses/P1_qq_ttx/G1/run_ttbar_200k_006_log.txt	9010	ttbar_100k	210,211,212,213,214,215,216,217,218,219	10	4fc029aaac2ff29ffc8a494b43dcfad29b2c16363d576d7605e2f240a5f049c3	False	True	exact_legacy_text_reference
/uscms_data/d3/iturkmen/hh4b_delphes	/uscms_data/d3/iturkmen/hh4b_delphes/contract_build/hh4b_ttbar7_exact_regeneration_scaleout_20260728_v1/build/payload/mg5_template/SubProcesses/P1_qq_ttx/G1/run_ttbar_200k_007_log.txt	9011	ttbar_100k	210,211,212,213,214,215,216,217,218,219	10	eb598d10e1a7775542389ad0190812921f2451375e7883616b94cc02a7409010	False	True	exact_legacy_text_reference
/uscms_data/d3/iturkmen/hh4b_delphes	/uscms_data/d3/iturkmen/hh4b_delphes/contract_build/hh4b_ttbar7_exact_regeneration_scaleout_20260728_v1/build/payload/mg5_template/SubProcesses/P1_qq_ttx/G1/run_ttbar_200k_008_log.txt	9009	ttbar_100k	210,211,212,213,214,215,216,217,218,219	10	3093e8ba82872448a044c235f6adde444e4a0710fe395fe706af53710aab75b8	False	True	exact_legacy_text_reference
/uscms_data/d3/iturkmen/hh4b_delphes	/uscms_data/d3/iturkmen/hh4b_delphes/contract_build/hh4b_ttbar7_exact_regeneration_scaleout_20260728_v1/build/payload/mg5_template/SubProcesses/P1_qq_ttx/G1/run_ttbar_200k_009_log.txt	9011	ttbar_100k	210,211,212,213,214,215,216,217,218,219	10	e07e3926f863d116a7f2d143000e227209408d047326d60ebf2d86236ae0ea29	False	True	exact_legacy_text_reference
/uscms_data/d3/iturkmen/hh4b_delphes	/uscms_data/d3/iturkmen/hh4b_delphes/contract_build/hh4b_ttbar7_exact_regeneration_scaleout_20260728_v1/build/payload/mg5_template/SubProcesses/P1_qq_ttx/G1/run_ttbar_200k_010_log.txt	9011	ttbar_100k	210,211,212,213,214,215,216,217,218,219	10	1569615e2c904240ba284438615b023f9be6a4e982bc933d3215042b8e8c1ac0	False	True	exact_legacy_text_reference
/uscms_data/d3/iturkmen/hh4b_delphes	/uscms_data/d3/iturkmen/hh4b_delphes/contract_build/hh4b_ttbar7_exact_regeneration_scaleout_20260728_v1/build/payload/mg5_template/SubProcesses/P1_qq_ttx/G1/run_ttbar_200k_011_log.txt	9010	ttbar_100k	210,211,212,213,214,215,216,217,218,219	10	ae8bc4a01c8a956d576dc9765465a021390cbe98d0bd74698026b2f97c199ac2	False	True	exact_legacy_text_reference
/uscms_data/d3/iturkmen/hh4b_delphes	/uscms_data/d3/iturkmen/hh4b_delphes/contract_build/hh4b_ttbar7_exact_regeneration_scaleout_20260728_v1/build/payload/mg5_template/SubProcesses/P1_qq_ttx/G1/run_ttbar_200k_012_log.txt	9011	ttbar_100k	210,211,212,213,214,215,216,217,218,219	10	71225926c384b9336a1aa3d7c45779407483ee6b905232c219a48f71851d878f	False	True	exact_legacy_text_reference
/uscms_data/d3/iturkmen/hh4b_delphes	/uscms_data/d3/iturkmen/hh4b_delphes/contract_build/hh4b_ttbar7_exact_regeneration_scaleout_20260728_v1/build/payload/mg5_template/SubProcesses/P1_qq_ttx/G1/run_ttbar_200k_013_log.txt	9011	ttbar_100k	210,211,212,213,214,215,216,217,218,219	10	15d08fd561220bae650aa1019205ef0059b84c64394c97e1e2354221a4506fae	False	True	exact_legacy_text_reference
/uscms_data/d3/iturkmen/hh4b_delphes	/uscms_data/d3/iturkmen/hh4b_delphes/contract_build/hh4b_ttbar7_exact_regeneration_scaleout_20260728_v1/build/payload/mg5_template/SubProcesses/P1_qq_ttx/G1/run_ttbar_200k_014_log.txt	9011	ttbar_100k	210,211,212,213,214,215,216,217,218,219	10	3d5a713b1f4815fdac8e6375be20c7e9af9433486494b3fab4d1b65d184aa5b8	False	True	exact_legacy_text_reference
/uscms_data/d3/iturkmen/hh4b_delphes	/uscms_data/d3/iturkmen/hh4b_delphes/contract_build/hh4b_ttbar7_exact_regeneration_scaleout_20260728_v1/build/payload/mg5_template/SubProcesses/P1_qq_ttx/G1/run_ttbar_200k_015_log.txt	9011	ttbar_100k	210,211,212,213,214,215,216,217,218,219	10	3c363d9ffaf237f1b3eada031e2159ffa5070583f1f964c4d8f7b6b53c899d89	False	True	exact_legacy_text_reference
/uscms_data/d3/iturkmen/hh4b_delphes	/uscms_data/d3/iturkmen/hh4b_delphes/contract_build/hh4b_ttbar7_exact_regeneration_scaleout_20260728_v1/build/payload/mg5_template/SubProcesses/P1_qq_ttx/G1/run_ttbar_200k_016_log.txt	9010	ttbar_100k	210,211,212,213,214,215,216,217,218,219	10	73aebf8c13169cf643ab827b96881ed7157bcc42c8a3145aa9d9c3130b3eec09	False	True	exact_legacy_text_reference
/uscms_data/d3/iturkmen/hh4b_delphes	/uscms_data/d3/iturkmen/hh4b_delphes/contract_build/hh4b_ttbar7_exact_regeneration_scaleout_20260728_v1/build/payload/mg5_template/SubProcesses/P1_qq_ttx/G1/run_ttbar_200k_017_log.txt	9011	ttbar_100k	210,211,212,213,214,215,216,217,218,219	10	7c3744503a55a3ac02f26f0f74eaef84120377dbc2862c0b79673fea3b232513	False	True	exact_legacy_text_reference
/uscms_data/d3/iturkmen/hh4b_delphes	/uscms_data/d3/iturkmen/hh4b_delphes/contract_build/hh4b_ttbar7_exact_regeneration_scaleout_20260728_v1/build/payload/mg5_template/SubProcesses/P1_qq_ttx/G1/run_ttbar_200k_018_log.txt	9010	ttbar_100k	210,211,212,213,214,215,216,217,218,219	10	e97387a5bed0ac54bb1ed8e794297b92b891712bd582a9eaea8becb4cfe72518	False	True	exact_legacy_text_reference
/uscms_data/d3/iturkmen/hh4b_delphes	/uscms_data/d3/iturkmen/hh4b_delphes/contract_build/hh4b_ttbar7_exact_regeneration_scaleout_20260728_v1/build/payload/mg5_template/SubProcesses/P1_qq_ttx/G1/run_ttbar_200k_019_log.txt	9012	ttbar_100k	210,211,212,213,214,215,216,217,218,219	10	23303d5c8276f923cf3daae3c2b4d2b06dcd9918b168229b4d2dbc1e7be48e51	False	True	exact_legacy_text_reference
/uscms_data/d3/iturkmen/hh4b_delphes	/uscms_data/d3/iturkmen/hh4b_delphes/contract_build/hh4b_ttbar7_exact_regeneration_scaleout_20260728_v1/build/payload/mg5_template/SubProcesses/P1_qq_ttx/G1/run_ttbar_extra50k_ak4ak8_v1_000_log.txt	9008	ttbar_100k	210,211,212,213,214,215,216,217,218,219	10	2fcc11131b2ed83ab514c3918b68c309aa879757141fe94f188dc39ece94a71e	False	True	exact_legacy_text_reference
/uscms_data/d3/iturkmen/hh4b_delphes	/uscms_data/d3/iturkmen/hh4b_delphes/contract_build/hh4b_ttbar7_exact_regeneration_scaleout_20260728_v1/build/payload/mg5_template/SubProcesses/P1_qq_ttx/G1/run_ttbar_extra50k_ak4ak8_v1_001_log.txt	9051	ttbar_100k	210,211,212,213,214,215,216,217,218,219	10	3f3d4c3c97b91ddc1c1719acb83b5fd1eeb0f47a1fff5f1310b465a9fd5b26bf	False	True	exact_legacy_text_reference
/uscms_data/d3/iturkmen/hh4b_delphes	/uscms_data/d3/iturkmen/hh4b_delphes/contract_build/hh4b_ttbar7_exact_regeneration_scaleout_20260728_v1/build/payload/mg5_template/SubProcesses/P1_qq_ttx/G1/run_ttbar_extra50k_ak4ak8_v1_002_log.txt	9093	ttbar_100k	210,211,212,213,214,215,216,217,218,219	10	24655150522b96361d928e926cedccf34b00c593e65e285c6c62bfa8752a8250	False	True	exact_legacy_text_reference
/uscms_data/d3/iturkmen/hh4b_delphes	/uscms_data/d3/iturkmen/hh4b_delphes/contract_build/hh4b_ttbar7_exact_regeneration_scaleout_20260728_v1/build/payload/mg5_template/SubProcesses/P1_qq_ttx/G1/run_ttbar_extra50k_ak4ak8_v1_003_log.txt	9134	ttbar_100k	210,211,212,213,214,215,216,217,218,219	10	e6291d9e6e99aea6bb55fc3a344c894deb7779202a068762db4c38152bc601e7	False	True	exact_legacy_text_reference
/uscms_data/d3/iturkmen/hh4b_delphes	/uscms_data/d3/iturkmen/hh4b_delphes/contract_build/hh4b_ttbar7_exact_regeneration_scaleout_20260728_v1/build/payload/mg5_template/SubProcesses/P1_qq_ttx/G1/run_ttbar_extra50k_ak4ak8_v1_004_log.txt	9173	ttbar_100k	210,211,212,213,214,215,216,217,218,219	10	170ee51a12cbed1b5dde881cf67a1883e53cb46d56a8008d43afc952601af1d5	False	True	exact_legacy_text_reference
/uscms_data/d3/iturkmen/hh4b_delphes	/uscms_data/d3/iturkmen/hh4b_delphes/contract_build/hh4b_ttbar7_exact_regeneration_scaleout_20260728_v1/build/payload/repo/scripts/production/run_hh4b_ttbar7_exact_regeneration_scaleout_member.sh	11638	ttbar_100k	16,17,18,19,20,21,22,41,364	9	550d1e6aade75b5329885ae803f742ccbef2011f273afd8fbfa65deda4cf13bf	False	True	exact_legacy_text_reference
/uscms_data/d3/iturkmen/hh4b_delphes	/uscms_data/d3/iturkmen/hh4b_delphes/reconstruction_return/hh4b_ttbar7_reconstruction_only_recovery_20260728_v1/members/ttbar_100k_shard001/logs/ttbar_100k_shard001_canonical72.log	199	ttbar_100k	5	1	154ea02b5a8e61f10d1b076434d1799a54fdf16649e360d77a0c726ae7bd0134	False	True	exact_legacy_text_reference
/uscms_data/d3/iturkmen/hh4b_delphes	/uscms_data/d3/iturkmen/hh4b_delphes/reconstruction_return/hh4b_ttbar7_reconstruction_only_recovery_20260728_v1/members/ttbar_100k_shard001/receipts/ttbar_100k_shard001_reconstruction_receipt.json	845	ttbar_100k	10,16	2	28213bff5fd06951f33d4d040b43150c97c2a90776ae89fa22c30d08672cf45c	False	True	exact_legacy_text_reference
/uscms_data/d3/iturkmen/hh4b_delphes	/uscms_data/d3/iturkmen/hh4b_delphes/reconstruction_return/hh4b_ttbar7_reconstruction_only_recovery_20260728_v1/members/ttbar_100k_shard001/receipts/ttbar_100k_shard001_final_status.txt	234	ttbar_100k	3	1	269eb623efe2badd829ea2ec6404029ec8d530de45478ae21c77bd3951042fa1	False	True	exact_legacy_text_reference
/uscms_data/d3/iturkmen/hh4b_delphes	/uscms_data/d3/iturkmen/hh4b_delphes/reconstruction_return/hh4b_ttbar7_reconstruction_only_recovery_20260728_v1/members/ttbar_100k_shard001/checksums/ttbar_100k_shard001_SHA256SUMS	476	ttbar_100k	1,2,3,4	4	d79265a93f418cc91c125a6c25381bbc091714291ec8a8e8062cafe907249050	False	True	exact_legacy_text_reference
/uscms_data/d3/iturkmen/hh4b_delphes	/uscms_data/d3/iturkmen/hh4b_delphes/reconstruction_return/hh4b_ttbar7_reconstruction_only_recovery_20260728_v1/members/ttbar_100k_shard002/logs/ttbar_100k_shard002_canonical72.log	199	ttbar_100k	5	1	10786d7eb85aa8a37aac79265309d29e36f2a51639dfd5812911410c9686e82f	False	True	exact_legacy_text_reference
/uscms_data/d3/iturkmen/hh4b_delphes	/uscms_data/d3/iturkmen/hh4b_delphes/reconstruction_return/hh4b_ttbar7_reconstruction_only_recovery_20260728_v1/members/ttbar_100k_shard002/receipts/ttbar_100k_shard002_reconstruction_receipt.json	845	ttbar_100k	10,16	2	e488f5bcb6570dfb31242cbb41066c03e7fc284c0befc6870104f21bcba0b220	False	True	exact_legacy_text_reference
/uscms_data/d3/iturkmen/hh4b_delphes	/uscms_data/d3/iturkmen/hh4b_delphes/reconstruction_return/hh4b_ttbar7_reconstruction_only_recovery_20260728_v1/members/ttbar_100k_shard002/receipts/ttbar_100k_shard002_final_status.txt	234	ttbar_100k	3	1	88d883d246c86a01d73393aac6c3bbecdf7fb3c8dc0e8af26d6170e6fd13cd64	False	True	exact_legacy_text_reference
/uscms_data/d3/iturkmen/hh4b_delphes	/uscms_data/d3/iturkmen/hh4b_delphes/reconstruction_return/hh4b_ttbar7_reconstruction_only_recovery_20260728_v1/members/ttbar_100k_shard002/checksums/ttbar_100k_shard002_SHA256SUMS	476	ttbar_100k	1,2,3,4	4	5795efb1be6f33f6ec0645844e4f167ad29a5634ce34412eed759c3de18aa41b	False	True	exact_legacy_text_reference
/uscms_data/d3/iturkmen/hh4b_delphes	/uscms_data/d3/iturkmen/hh4b_delphes/reconstruction_return/hh4b_ttbar7_reconstruction_only_recovery_20260728_v1/members/ttbar_100k_shard004/logs/ttbar_100k_shard004_canonical72.log	199	ttbar_100k	5	1	70acce475a2783d767822072c67e016e47cfdc209e7a94622037a378edf7ea3b	False	True	exact_legacy_text_reference
/uscms_data/d3/iturkmen/hh4b_delphes	/uscms_data/d3/iturkmen/hh4b_delphes/reconstruction_return/hh4b_ttbar7_reconstruction_only_recovery_20260728_v1/members/ttbar_100k_shard004/receipts/ttbar_100k_shard004_reconstruction_receipt.json	845	ttbar_100k	10,16	2	a0caa38a9086de2b6ca8ec49181d10aea75ff59ba3993f0ff91ec3a0225f504b	False	True	exact_legacy_text_reference
/uscms_data/d3/iturkmen/hh4b_delphes	/uscms_data/d3/iturkmen/hh4b_delphes/reconstruction_return/hh4b_ttbar7_reconstruction_only_recovery_20260728_v1/members/ttbar_100k_shard004/receipts/ttbar_100k_shard004_final_status.txt	234	ttbar_100k	3	1	cf70230c92e0be17bf615c0822620857107af2e6be22dc91f5f13cd1be36736f	False	True	exact_legacy_text_reference
/uscms_data/d3/iturkmen/hh4b_delphes	/uscms_data/d3/iturkmen/hh4b_delphes/reconstruction_return/hh4b_ttbar7_reconstruction_only_recovery_20260728_v1/members/ttbar_100k_shard004/checksums/ttbar_100k_shard004_SHA256SUMS	476	ttbar_100k	1,2,3,4	4	6fd86a8d85b26abda1b8e1308ac356879d7df511b70959443f48d48bda66f33d	False	True	exact_legacy_text_reference
/uscms_data/d3/iturkmen/hh4b_delphes	/uscms_data/d3/iturkmen/hh4b_delphes/reconstruction_return/hh4b_ttbar7_reconstruction_only_recovery_20260728_v1/members/ttbar_100k_shard005/logs/ttbar_100k_shard005_canonical72.log	199	ttbar_100k	5	1	a7d5cf41f0331da57d0795d7930a46be60c03d82a1074e1de2d745df8caf8090	False	True	exact_legacy_text_reference
/uscms_data/d3/iturkmen/hh4b_delphes	/uscms_data/d3/iturkmen/hh4b_delphes/reconstruction_return/hh4b_ttbar7_reconstruction_only_recovery_20260728_v1/members/ttbar_100k_shard005/receipts/ttbar_100k_shard005_reconstruction_receipt.json	845	ttbar_100k	10,16	2	d181f4f942f7340d0c38a026ede37a74b9ec33ca5c56ef18cba30bcff7d28253	False	True	exact_legacy_text_reference
/uscms_data/d3/iturkmen/hh4b_delphes	/uscms_data/d3/iturkmen/hh4b_delphes/reconstruction_return/hh4b_ttbar7_reconstruction_only_recovery_20260728_v1/members/ttbar_100k_shard005/receipts/ttbar_100k_shard005_final_status.txt	234	ttbar_100k	3	1	778953aa9adb1d0ad49773cc1488486a0e39049cfdaaa9abf7a805b5cf4e54b0	False	True	exact_legacy_text_reference
/uscms_data/d3/iturkmen/hh4b_delphes	/uscms_data/d3/iturkmen/hh4b_delphes/reconstruction_return/hh4b_ttbar7_reconstruction_only_recovery_20260728_v1/members/ttbar_100k_shard005/checksums/ttbar_100k_shard005_SHA256SUMS	476	ttbar_100k	1,2,3,4	4	0d9f72ac5b6c3d40a833d56ed3afe10d6b5f9a99b4c5b3e18fb6aaadfa9e384d	False	True	exact_legacy_text_reference
/uscms_data/d3/iturkmen/hh4b_delphes	/uscms_data/d3/iturkmen/hh4b_delphes/reconstruction_return/hh4b_ttbar7_reconstruction_only_recovery_20260728_v1/members/ttbar_100k_shard007/logs/ttbar_100k_shard007_canonical72.log	199	ttbar_100k	5	1	f5c6f010e1ff4144e7c0aac1e7ffa8ceb3a2b7c8751107546d05f4a3e92ee956	False	True	exact_legacy_text_reference
/uscms_data/d3/iturkmen/hh4b_delphes	/uscms_data/d3/iturkmen/hh4b_delphes/reconstruction_return/hh4b_ttbar7_reconstruction_only_recovery_20260728_v1/members/ttbar_100k_shard007/receipts/ttbar_100k_shard007_reconstruction_receipt.json	845	ttbar_100k	10,16	2	26206d892c489591fb5daadcfed817c1bed9141e1f6ffc5e001b56cd0868c329	False	True	exact_legacy_text_reference
/uscms_data/d3/iturkmen/hh4b_delphes	/uscms_data/d3/iturkmen/hh4b_delphes/reconstruction_return/hh4b_ttbar7_reconstruction_only_recovery_20260728_v1/members/ttbar_100k_shard007/receipts/ttbar_100k_shard007_final_status.txt	234	ttbar_100k	3	1	4ec754a09561de0b4ec5cda8a0e6bb6ca520eea7a2c0415b8400742cb491ef8b	False	True	exact_legacy_text_reference
/uscms_data/d3/iturkmen/hh4b_delphes	/uscms_data/d3/iturkmen/hh4b_delphes/reconstruction_return/hh4b_ttbar7_reconstruction_only_recovery_20260728_v1/members/ttbar_100k_shard007/checksums/ttbar_100k_shard007_SHA256SUMS	476	ttbar_100k	1,2,3,4	4	08e2efa4da53772a3439b48a2d0a35a986c7e7e31112d9ec37c1af290745653d	False	True	exact_legacy_text_reference
/uscms_data/d3/iturkmen/hh4b_delphes	/uscms_data/d3/iturkmen/hh4b_delphes/reconstruction_return/hh4b_ttbar7_reconstruction_only_recovery_20260728_v1/members/ttbar_100k_shard008/logs/ttbar_100k_shard008_canonical72.log	199	ttbar_100k	5	1	06d5ae87f6e312e249238237e7ef5188921ecaf3cebb0ba206c89c378f5fd385	False	True	exact_legacy_text_reference
/uscms_data/d3/iturkmen/hh4b_delphes	/uscms_data/d3/iturkmen/hh4b_delphes/reconstruction_return/hh4b_ttbar7_reconstruction_only_recovery_20260728_v1/members/ttbar_100k_shard008/receipts/ttbar_100k_shard008_reconstruction_receipt.json	845	ttbar_100k	10,16	2	e9cdc777c854a3b5486e232697883c7a77f6b28c61802c7023fb1fc417dae15c	False	True	exact_legacy_text_reference
/uscms_data/d3/iturkmen/hh4b_delphes	/uscms_data/d3/iturkmen/hh4b_delphes/reconstruction_return/hh4b_ttbar7_reconstruction_only_recovery_20260728_v1/members/ttbar_100k_shard008/receipts/ttbar_100k_shard008_final_status.txt	234	ttbar_100k	3	1	e7440d1a5463010ad5f73aab8e3e550737f0535297d1dbda1860e4da9c354ea4	False	True	exact_legacy_text_reference
/uscms_data/d3/iturkmen/hh4b_delphes	/uscms_data/d3/iturkmen/hh4b_delphes/reconstruction_return/hh4b_ttbar7_reconstruction_only_recovery_20260728_v1/members/ttbar_100k_shard008/checksums/ttbar_100k_shard008_SHA256SUMS	476	ttbar_100k	1,2,3,4	4	13e637e92faaa10c92e9f1adaa5bea6a2882a31bce086b4e0e204d717314130c	False	True	exact_legacy_text_reference
/uscms_data/d3/iturkmen/hh4b_delphes	/uscms_data/d3/iturkmen/hh4b_delphes/reconstruction_return/hh4b_ttbar7_reconstruction_only_recovery_20260728_v1/members/ttbar_100k_shard009/logs/ttbar_100k_shard009_canonical72.log	199	ttbar_100k	5	1	7ab9b6dda9cc21d835e1e3c9586711b17a0315367497fde68ed2ed54e8554ed8	False	True	exact_legacy_text_reference
/uscms_data/d3/iturkmen/hh4b_delphes	/uscms_data/d3/iturkmen/hh4b_delphes/reconstruction_return/hh4b_ttbar7_reconstruction_only_recovery_20260728_v1/members/ttbar_100k_shard009/receipts/ttbar_100k_shard009_reconstruction_receipt.json	845	ttbar_100k	10,16	2	34b433983845c6dbb1428074ed6997e405a49dfa591093f8ab87c94507ebb935	False	True	exact_legacy_text_reference
/uscms_data/d3/iturkmen/hh4b_delphes	/uscms_data/d3/iturkmen/hh4b_delphes/reconstruction_return/hh4b_ttbar7_reconstruction_only_recovery_20260728_v1/members/ttbar_100k_shard009/receipts/ttbar_100k_shard009_final_status.txt	234	ttbar_100k	3	1	59a93e74dbefb6e66b4e4ed1f401a932785afed5bf6172fddb8e2e4a86565bbf	False	True	exact_legacy_text_reference
/uscms_data/d3/iturkmen/hh4b_delphes	/uscms_data/d3/iturkmen/hh4b_delphes/reconstruction_return/hh4b_ttbar7_reconstruction_only_recovery_20260728_v1/members/ttbar_100k_shard009/checksums/ttbar_100k_shard009_SHA256SUMS	476	ttbar_100k	1,2,3,4	4	a00c0935b0286a960c55a177cd9907f9c622cddea3fcc4e8e61be720b19f2087	False	True	exact_legacy_text_reference
/uscms_data/d3/iturkmen/repos/hh-bbww-baselines	/uscms_data/d3/iturkmen/repos/hh-bbww-baselines/docs/checkpoints/hh4b_full_5m_background_and_signal_coverage_20260727_v1/member_coverage.tsv	497461	exact_candidate_absolute_path,ttbar_100k,ttbar_100k_shard000,ttbar_100k_shard000_hh4b_candidates.parquet	326,327,328,329,330,331,348,349,350	9	b0898a0120f35fdecc176853e806f608eff1378ce139d8c957c06e7bea251175	False	True	exact_legacy_text_reference
/uscms_data/d3/iturkmen/repos/hh-bbww-baselines	/uscms_data/d3/iturkmen/repos/hh-bbww-baselines/docs/checkpoints/hh4b_ttbar27_canonical72_recovery_20260727_v1/ttbar27_hold_inventory.tsv	21245	exact_candidate_absolute_path,ttbar_100k,ttbar_100k_shard000,ttbar_100k_shard000_hh4b_candidates.parquet	2,3,4,5,6,7,24,25,26	9	91192eb8c6b059b3cf11281b57dba346cfd28e24c104c5a874d31a82d213bede	False	True	exact_legacy_text_reference
/uscms_data/d3/iturkmen/repos/hh-bbww-baselines	/uscms_data/d3/iturkmen/repos/hh-bbww-baselines/docs/checkpoints/hh4b_ttbar27_canonical72_recovery_20260727_v1/ttbar27_hold_inventory.md	22623	exact_candidate_absolute_path,ttbar_100k,ttbar_100k_shard000,ttbar_100k_shard000_hh4b_candidates.parquet	3,4,5,6,7,8,25,26,27	9	c9c13d249c6afcab71ee595f39676c45e66cdaf68f3209e9c4598137089c2564	False	True	exact_legacy_text_reference
/uscms_data/d3/iturkmen/repos/hh-bbww-baselines	/uscms_data/d3/iturkmen/repos/hh-bbww-baselines/docs/checkpoints/hh4b_ttbar27_canonical72_recovery_20260727_v1/ttbar27_root_reconstruction.tsv	2243	ttbar_100k,ttbar_100k_shard000	2	1	7527a278521a6993f22612411c9cfec862c9efbc0abea16c01504c0a376637a7	False	True	exact_legacy_text_reference
/uscms_data/d3/iturkmen/repos/hh-bbww-baselines	/uscms_data/d3/iturkmen/repos/hh-bbww-baselines/docs/checkpoints/hh4b_ttbar27_canonical72_recovery_20260727_v1/ttbar27_root_reconstruction.md	2545	ttbar_100k,ttbar_100k_shard000	3	1	17deff0a62a895ef6cd653838615ef38903fedd83473e3458c94f1bd62caef26	False	True	exact_legacy_text_reference
/uscms_data/d3/iturkmen/repos/hh-bbww-baselines	/uscms_data/d3/iturkmen/repos/hh-bbww-baselines/docs/checkpoints/hh4b_ttbar27_canonical72_recovery_20260727_v1/ttbar27_execution_attempt_audit.tsv	3975	ttbar_100k,ttbar_100k_shard000	2,3,4	3	89f3aa1333caf1eb53fc2b0705705ab8e143c85641ded82a77da689fa2ed87a0	False	True	exact_legacy_text_reference
/uscms_data/d3/iturkmen/repos/hh-bbww-baselines	/uscms_data/d3/iturkmen/repos/hh-bbww-baselines/docs/checkpoints/hh4b_ttbar27_canonical72_recovery_20260727_v1/ttbar27_execution_attempt_audit.md	4177	ttbar_100k,ttbar_100k_shard000	3,4,5	3	8bf0b2172a210d79348c76a80a1080e69506b205816a39f6681440c4e2bcf104	False	True	exact_legacy_text_reference
/uscms_data/d3/iturkmen/repos/hh-bbww-baselines	/uscms_data/d3/iturkmen/repos/hh-bbww-baselines/docs/checkpoints/hh4b_ttbar27_canonical72_recovery_20260727_v1/ttbar27_source_search.tsv	4822	ttbar_100k	2,3,4,5,6,7,8,9	8	f7fd5710facd6e7af3ce0bca14e413e3ab6ca2874027940378e7bbd2b1116325	False	True	exact_legacy_text_reference
/uscms_data/d3/iturkmen/repos/hh-bbww-baselines	/uscms_data/d3/iturkmen/repos/hh-bbww-baselines/docs/checkpoints/hh4b_ttbar27_canonical72_recovery_20260727_v1/ttbar27_source_search.md	5326	ttbar_100k	3,4,5,6,7,8,9,10	8	b20c19a0813aaeae055460e8c345669783d564521c0c58cd79fd33f8069c0575	False	True	exact_legacy_text_reference
/uscms_data/d3/iturkmen/repos/hh-bbww-baselines	/uscms_data/d3/iturkmen/repos/hh-bbww-baselines/docs/checkpoints/hh4b_ttbar27_canonical72_recovery_20260727_v1/ttbar27_archive_and_remote_locator_audit.tsv	2992	ttbar_100k	2,3,4,5,6,7,8,9	8	a98489edacadec4de7330f07dade5e24dbdf1922c2cfdda7b073bd9ab1f8bfd3	False	True	exact_legacy_text_reference
/uscms_data/d3/iturkmen/repos/hh-bbww-baselines	/uscms_data/d3/iturkmen/repos/hh-bbww-baselines/docs/checkpoints/hh4b_ttbar27_canonical72_recovery_20260727_v1/ttbar27_archive_and_remote_locator_audit.md	3206	ttbar_100k	3,4,5,6,7,8,9,10	8	fc21772f3731f0a3816e822d26848e150e1a781be9b00583e8d038ddaa58b00c	False	True	exact_legacy_text_reference
/uscms_data/d3/iturkmen/repos/hh-bbww-baselines	/uscms_data/d3/iturkmen/repos/hh-bbww-baselines/docs/checkpoints/hh4b_ttbar27_canonical72_recovery_20260727_v1/ttbar27_regeneration_feasibility.tsv	9119	ttbar_100k	2,3,4,5,6,7,8,9	8	74c49cf869a7126aa1e0991d0ff63fceb529ae7bb43cdf402520769932e72732	False	True	exact_legacy_text_reference
/uscms_data/d3/iturkmen/repos/hh-bbww-baselines	/uscms_data/d3/iturkmen/repos/hh-bbww-baselines/docs/checkpoints/hh4b_ttbar27_canonical72_recovery_20260727_v1/ttbar27_regeneration_feasibility.md	9369	ttbar_100k	3,4,5,6,7,8,9,10	8	c0fdb5e891025a7e0e9f31488286e586dda0ec8d97d6d4964023ab9e30339e7b	False	True	exact_legacy_text_reference
/uscms_data/d3/iturkmen/repos/hh-bbww-baselines	/uscms_data/d3/iturkmen/repos/hh-bbww-baselines/docs/checkpoints/hh4b_ttbar27_canonical72_recovery_20260727_v1/ttbar27_common_column_consistency.tsv	13979	ttbar_100k,ttbar_100k_shard000	2,3,4,5,6,7,24,25,26	9	d54313c8e471bdc5806f44b5fa2df36178678d84bc4e5184512b5e821dcbcac4	False	True	exact_legacy_text_reference
/uscms_data/d3/iturkmen/repos/hh-bbww-baselines	/uscms_data/d3/iturkmen/repos/hh-bbww-baselines/docs/checkpoints/hh4b_ttbar27_canonical72_recovery_20260727_v1/ttbar27_common_column_consistency.md	13307	ttbar_100k,ttbar_100k_shard000	3,4,5,6,7,8,25,26,27	9	4435e1cc6a044eece360b4a5657774f3fbeef6efff5dbe394c4fc9e9375cc944	False	True	exact_legacy_text_reference
/uscms_data/d3/iturkmen/repos/hh-bbww-baselines	/uscms_data/d3/iturkmen/repos/hh-bbww-baselines/docs/checkpoints/hh4b_ttbar27_canonical72_recovery_20260727_v1/ttbar27_candidate_registry.tsv	10687	ttbar_100k,ttbar_100k_shard000	2,3,4,5,6,7,24,25,26	9	b543efa3316e162b1129947bd04b1fb6d12330171457802ad0575a00ad5d4740	False	True	exact_legacy_text_reference
/uscms_data/d3/iturkmen/repos/hh-bbww-baselines	/uscms_data/d3/iturkmen/repos/hh-bbww-baselines/docs/checkpoints/hh4b_ttbar27_canonical72_recovery_20260727_v1/ttbar27_candidate_registry.md	11525	ttbar_100k,ttbar_100k_shard000	3,4,5,6,7,8,25,26,27	9	9cb5f157d4a405e32ac6cb8bba7f8d6f3364290874e74d955558e5e0a2dbc4e3	False	True	exact_legacy_text_reference
/uscms_data/d3/iturkmen/repos/hh-bbww-baselines	/uscms_data/d3/iturkmen/repos/hh-bbww-baselines/docs/checkpoints/hh4b_ttbar27_canonical72_recovery_20260727_v1/ttbar27_duplicate_audit.tsv	882	ttbar_100k,ttbar_100k_shard000	2	1	5b645ba13bc48a21c81ad70d67f07c44e870b9b24c45b549d76a92f5d723d02f	False	True	exact_legacy_text_reference
/uscms_data/d3/iturkmen/repos/hh-bbww-baselines	/uscms_data/d3/iturkmen/repos/hh-bbww-baselines/docs/checkpoints/hh4b_ttbar27_canonical72_recovery_20260727_v1/ttbar27_duplicate_audit.md	1202	ttbar_100k,ttbar_100k_shard000	3	1	2ff3f8a2c8ceebadf86469a4bd7b3e0f39ff3f7a6312ad2becaa0c3c668d78c2	False	True	exact_legacy_text_reference
/uscms_data/d3/iturkmen/repos/hh-bbww-baselines	/uscms_data/d3/iturkmen/repos/hh-bbww-baselines/docs/checkpoints/hh4b_ttbar27_canonical72_recovery_20260727_v1/ttbar27_event_accounting.tsv	2291	ttbar_100k,ttbar_100k_shard000	2,3,4,5,6,7,24,25,26	9	3d96e63baf7316c45d2ed9808502819cc7ef1e64786001db1ca095801bfd1986	False	True	exact_legacy_text_reference
/uscms_data/d3/iturkmen/repos/hh-bbww-baselines	/uscms_data/d3/iturkmen/repos/hh-bbww-baselines/docs/checkpoints/hh4b_ttbar27_canonical72_recovery_20260727_v1/ttbar27_event_accounting.md	2847	ttbar_100k,ttbar_100k_shard000	3,4,5,6,7,8,25,26,27	9	21b3d1f5d3f6f5e3d5fe26a6f83e48cbb1027af7bf53c17d2fb88b33c41e1b37	False	True	exact_legacy_text_reference
/uscms_data/d3/iturkmen/repos/hh-bbww-baselines	/uscms_data/d3/iturkmen/repos/hh-bbww-baselines/docs/checkpoints/hh4b_ttbar27_canonical72_recovery_20260727_v1/ttbar27_normalization_readiness.tsv	6264	ttbar_100k,ttbar_100k_shard000	2,3,4,5,6,7,24,25,26	9	0da17c7877735a4f21073959f75f878163f96c4ce48b348dc69c4cc907de264d	False	True	exact_legacy_text_reference
/uscms_data/d3/iturkmen/repos/hh-bbww-baselines	/uscms_data/d3/iturkmen/repos/hh-bbww-baselines/docs/checkpoints/hh4b_ttbar27_canonical72_recovery_20260727_v1/ttbar27_normalization_readiness.md	6624	ttbar_100k,ttbar_100k_shard000	3,4,5,6,7,8,25,26,27	9	1747486127c15a183dab58270141b983cff2e2b2210e4718c875c0be9fca5be1	False	True	exact_legacy_text_reference
/uscms_data/d3/iturkmen/repos/hh-bbww-baselines	/uscms_data/d3/iturkmen/repos/hh-bbww-baselines/docs/checkpoints/hh4b_ttbar27_canonical72_recovery_20260727_v1/unresolved_ttbar_members.tsv	1848	ttbar_100k	2,3,4,5,6,7,8,9	8	8c14e167f659132e8c8e5c64dd59db28ef878cc190d0d4904c70ee42b4711ca1	False	True	exact_legacy_text_reference
/uscms_data/d3/iturkmen/repos/hh-bbww-baselines	/uscms_data/d3/iturkmen/repos/hh-bbww-baselines/docs/checkpoints/hh4b_ttbar27_canonical72_recovery_20260727_v1/unresolved_ttbar_members.md	2088	ttbar_100k	3,4,5,6,7,8,9,10	8	f3ae391d393dabdd20f4938f083a5d4a9885e0e916e9102936770c021f4c6706	False	True	exact_legacy_text_reference
/uscms_data/d3/iturkmen/repos/hh-bbww-baselines	/uscms_data/d3/iturkmen/repos/hh-bbww-baselines/docs/checkpoints/hh4b_ttbar27_canonical72_recovery_20260727_v1/protected_artifact_audit.tsv	27668	ttbar_100k	11,12	2	5178eb27e087aaf4825f5b294889a505b71f0cc1d423331620a5a1707c0b3b1d	False	True	exact_legacy_text_reference
/uscms_data/d3/iturkmen/repos/hh-bbww-baselines	/uscms_data/d3/iturkmen/repos/hh-bbww-baselines/docs/checkpoints/hh4b_ttbar27_canonical72_recovery_20260727_v1/protected_artifact_audit.md	29362	ttbar_100k	12,13	2	75ecf051cdb29b92f41e30915d17132b1995d80b4f7ea0cc79ce147b8a012eb7	False	True	exact_legacy_text_reference
/uscms_data/d3/iturkmen/repos/hh-bbww-baselines	/uscms_data/d3/iturkmen/repos/hh-bbww-baselines/docs/checkpoints/hh4b_ttbar8_exact_regeneration_contract_20260727_v1/ttbar8_exact_member_inventory.tsv	14840	ttbar_100k	2,3,4,5,6,7,8,9	8	d675e5d2a5a5d8b25a9354b36ec112a502ce99b07676184fd28cc4a858c95921	False	True	exact_legacy_text_reference
/uscms_data/d3/iturkmen/repos/hh-bbww-baselines	/uscms_data/d3/iturkmen/repos/hh-bbww-baselines/docs/checkpoints/hh4b_ttbar8_exact_regeneration_contract_20260727_v1/ttbar8_exact_member_inventory.md	14658	ttbar_100k	3,4,5,6,7,8,9,10	8	b2e23411b658a3d8b3a61f861bdeea48839120a1f6a30fcb3ff15b552bec3754	False	True	exact_legacy_text_reference
/uscms_data/d3/iturkmen/repos/hh-bbww-baselines	/uscms_data/d3/iturkmen/repos/hh-bbww-baselines/docs/checkpoints/hh4b_ttbar8_exact_regeneration_contract_20260727_v1/ttbar8_seed_and_card_contract.tsv	9960	ttbar_100k	2,3,4,5,6,7,8,9	8	823d3ca99897ec81e2c390f40c7480e0674fbd06aadfa8afedd3495c4c00c417	False	True	exact_legacy_text_reference
/uscms_data/d3/iturkmen/repos/hh-bbww-baselines	/uscms_data/d3/iturkmen/repos/hh-bbww-baselines/docs/checkpoints/hh4b_ttbar8_exact_regeneration_contract_20260727_v1/ttbar8_seed_and_card_contract.md	10138	ttbar_100k	3,4,5,6,7,8,9,10	8	f611792c0f8d2bb2d1b92ec50a9d9346907a657c23106a90591956e5b5e20ea2	False	True	exact_legacy_text_reference
/uscms_data/d3/iturkmen/repos/hh-bbww-baselines	/uscms_data/d3/iturkmen/repos/hh-bbww-baselines/docs/checkpoints/hh4b_ttbar8_exact_regeneration_contract_20260727_v1/ttbar8_provenance_inventory.tsv	30253	ttbar_100k	2,3,4,5,6,7,8,9,10,11,12,13,14,15,16,17,18,19,20,21,22,23,24,25,26,27,28,29,30,31,32,33,34,35,36,37,38,39,40,41,42,43,44,45,46,47,48,49,50,51,52,53,54,55,56,57,58,59,60,61,62,63,64,65,66,67,68,69,70,71,72,73,74,75,76,77,78,79,80,81,82,83,84,85,86,87,88,89,90,91,92,93,94,95,96,97,98,99,100,101	136	7e362fd243f0c864576252a00ccd62d4830f155139ba69f955d31ddcea5dd094	False	True	exact_legacy_text_reference
/uscms_data/d3/iturkmen/repos/hh-bbww-baselines	/uscms_data/d3/iturkmen/repos/hh-bbww-baselines/docs/checkpoints/hh4b_ttbar8_exact_regeneration_contract_20260727_v1/ttbar8_provenance_inventory.md	32315	ttbar_100k	3,4,5,6,7,8,9,10,11,12,13,14,15,16,17,18,19,20,21,22,23,24,25,26,27,28,29,30,31,32,33,34,35,36,37,38,39,40,41,42,43,44,45,46,47,48,49,50,51,52,53,54,55,56,57,58,59,60,61,62,63,64,65,66,67,68,69,70,71,72,73,74,75,76,77,78,79,80,81,82,83,84,85,86,87,88,89,90,91,92,93,94,95,96,97,98,99,100,101,102	136	7bd385fd0a28f1d7f73dd5f09dab15e3db8cdcc9283e1668ae2dd2634232afa6	False	True	exact_legacy_text_reference
/uscms_data/d3/iturkmen/repos/hh-bbww-baselines	/uscms_data/d3/iturkmen/repos/hh-bbww-baselines/docs/checkpoints/hh4b_ttbar8_exact_regeneration_contract_20260727_v1/ttbar8_expected_output_registry.tsv	6881	ttbar_100k	2,3,4,5,6,7,8,9	8	06d851fc759b03c95b0f2ae1801db6293f41d5c2d3dab723cbd4c31023ff41fa	False	True	exact_legacy_text_reference
/uscms_data/d3/iturkmen/repos/hh-bbww-baselines	/uscms_data/d3/iturkmen/repos/hh-bbww-baselines/docs/checkpoints/hh4b_ttbar8_exact_regeneration_contract_20260727_v1/ttbar8_expected_output_registry.md	7187	ttbar_100k	3,4,5,6,7,8,9,10	8	db0709c7885510915db98f796a3582e1f045e0e8d78994ebab12037abc7ad57f	False	True	exact_legacy_text_reference
/uscms_data/d3/iturkmen/repos/hh-bbww-baselines	/uscms_data/d3/iturkmen/repos/hh-bbww-baselines/docs/checkpoints/hh4b_ttbar8_exact_regeneration_contract_20260727_v1/ttbar8_canary_selection.tsv	1381	ttbar_100k	2,3,4,5,6,7,8,9	8	baa0b79bd3d401e84ef9fc2146340bd521c71f6b3ec031f79cf1d7d24546e09d	False	True	exact_legacy_text_reference
/uscms_data/d3/iturkmen/repos/hh-bbww-baselines	/uscms_data/d3/iturkmen/repos/hh-bbww-baselines/docs/checkpoints/hh4b_ttbar8_exact_regeneration_contract_20260727_v1/ttbar8_canary_selection.md	1577	ttbar_100k	3,4,5,6,7,8,9,10	8	43a6765a41ed4a912bc9c87b958a8d32d88fe43a25b27fec191914253bd50504	False	True	exact_legacy_text_reference
/uscms_data/d3/iturkmen/repos/hh-bbww-baselines	/uscms_data/d3/iturkmen/repos/hh-bbww-baselines/docs/checkpoints/hh4b_ttbar8_exact_regeneration_contract_20260727_v1/ttbar8_canary_submission_plan.tsv	430	ttbar_100k	2	1	3dc47da82343f90cb995d2ec88def9ff625a6be0a06a95a27f7dcf40b7c23b70	False	True	exact_legacy_text_reference
/uscms_data/d3/iturkmen/repos/hh-bbww-baselines	/uscms_data/d3/iturkmen/repos/hh-bbww-baselines/docs/checkpoints/hh4b_ttbar8_exact_regeneration_contract_20260727_v1/ttbar8_canary_submission_plan.md	556	ttbar_100k	3	1	8f0d45cf2af2732bb0ec992a58759a2c13f0df282b7d6dd2e9a65e450124b950	False	True	exact_legacy_text_reference
/uscms_data/d3/iturkmen/repos/hh-bbww-baselines	/uscms_data/d3/iturkmen/repos/hh-bbww-baselines/docs/checkpoints/hh4b_ttbar8_exact_regeneration_contract_20260727_v1/ttbar8_scaleout_submission_plan.tsv	2054	ttbar_100k	2,3,4,5,6,7,8	7	644e034a850519b8259c4e3834f0940afe7cc140babc71de03d4f6f21d4a5aa3	False	True	exact_legacy_text_reference
/uscms_data/d3/iturkmen/repos/hh-bbww-baselines	/uscms_data/d3/iturkmen/repos/hh-bbww-baselines/docs/checkpoints/hh4b_ttbar8_exact_regeneration_contract_20260727_v1/ttbar8_scaleout_submission_plan.md	2372	ttbar_100k	3,4,5,6,7,8,9	7	a182c5037abbecce8565e4a767e9b90427af0431a9859d4ac052d8d772ab1619	False	True	exact_legacy_text_reference
/uscms_data/d3/iturkmen/repos/hh-bbww-baselines	/uscms_data/d3/iturkmen/repos/hh-bbww-baselines/docs/checkpoints/hh4b_ttbar8_exact_regeneration_contract_20260727_v1/ttbar8_resource_request.tsv	685	ttbar_100k	2	1	a66967a04ef9fe4376098fb14a67ff42e8d240b0c6fc0347c6b278e166ad0365	False	True	exact_legacy_text_reference
/uscms_data/d3/iturkmen/repos/hh-bbww-baselines	/uscms_data/d3/iturkmen/repos/hh-bbww-baselines/docs/checkpoints/hh4b_ttbar8_exact_regeneration_contract_20260727_v1/ttbar8_resource_request.md	803	ttbar_100k	3	1	b7d864d7762834206afae6931341215dd57f1f0b1eee87a53a57e76d0b20c6f2	False	True	exact_legacy_text_reference
/uscms_data/d3/iturkmen/repos/hh-bbww-baselines	/uscms_data/d3/iturkmen/repos/hh-bbww-baselines/docs/checkpoints/hh4b_ttbar8_exact_regeneration_contract_20260727_v1/ttbar8_normalization_readiness.tsv	2496	ttbar_100k	2,3,4,5,6,7,8,9	8	c01bb9e6e2530a328596d46651870eb45fb03aa0154b400d9602381b48b94eeb	False	True	exact_legacy_text_reference
/uscms_data/d3/iturkmen/repos/hh-bbww-baselines	/uscms_data/d3/iturkmen/repos/hh-bbww-baselines/docs/checkpoints/hh4b_ttbar8_exact_regeneration_contract_20260727_v1/ttbar8_normalization_readiness.md	2634	ttbar_100k	3,4,5,6,7,8,9,10	8	706d1e02a5b81ce8191758e6ec0268c6a59254eb603dce2b36ea8d8581b152aa	False	True	exact_legacy_text_reference
/uscms_data/d3/iturkmen/repos/hh-bbww-baselines	/uscms_data/d3/iturkmen/repos/hh-bbww-baselines/docs/checkpoints/hh4b_ttbar8_exact_regeneration_contract_20260727_v1/hh4b_ttbar8_canary.sub	899	ttbar_100k	22	1	1979e63c83f33b18621e79fedd250868c2e87b754382ba096dcb1fd3e48394fd	False	True	exact_legacy_text_reference
/uscms_data/d3/iturkmen/repos/hh-bbww-baselines	/uscms_data/d3/iturkmen/repos/hh-bbww-baselines/docs/checkpoints/hh4b_ttbar8_exact_regeneration_contract_20260727_v1/hh4b_ttbar8_scaleout.sub	1091	ttbar_100k	22,23,24,25,26,27,28	7	a05ef57365b1ae2d43594a6db672ac0b83f600fe8ce1615584a45d820e142ca6	False	True	exact_legacy_text_reference
/uscms_data/d3/iturkmen/repos/hh-bbww-baselines	/uscms_data/d3/iturkmen/repos/hh-bbww-baselines/docs/checkpoints/hh4b_ttbar8_exact_regeneration_contract_20260727_v1/summary.json	2291	ttbar_100k	8	1	1bbd3b1ae900ec1f46bbec5972d6f1f3c1e70cc88b2726d59f69789339ca85e2	False	True	exact_legacy_text_reference
/uscms_data/d3/iturkmen/repos/hh-bbww-baselines	/uscms_data/d3/iturkmen/repos/hh-bbww-baselines/docs/checkpoints/hh4b_ttbar8_exact_regeneration_contract_20260727_v1/README.md	1134	ttbar_100k	8,9	2	9456ca9c826dd0d9f5b14c35846ddaad2a461b35f3e387e7e8f67ede77a9ec9e	False	True	exact_legacy_text_reference
/uscms_data/d3/iturkmen/repos/hh-bbww-baselines	/uscms_data/d3/iturkmen/repos/hh-bbww-baselines/docs/checkpoints/hh4b_ttbar8_exact_regeneration_canary_submission_20260727_v1/canary_pre_submission_audit.tsv	2022	ttbar_100k	5	1	73e452d9cd9745c460e5c677e87eb603f8dc0190d5590b4610713dc392e87ff9	False	True	exact_legacy_text_reference
/uscms_data/d3/iturkmen/repos/hh-bbww-baselines	/uscms_data/d3/iturkmen/repos/hh-bbww-baselines/docs/checkpoints/hh4b_ttbar8_exact_regeneration_canary_submission_20260727_v1/canary_pre_submission_audit.md	2238	ttbar_100k	6	1	9da24a45a426355ed5fad6d75781a59f8a99677e40b6904dab7e9a6ba21013eb	False	True	exact_legacy_text_reference
/uscms_data/d3/iturkmen/repos/hh-bbww-baselines	/uscms_data/d3/iturkmen/repos/hh-bbww-baselines/docs/checkpoints/hh4b_ttbar8_exact_regeneration_canary_submission_20260727_v1/canary_submission_receipt.tsv	3841	ttbar_100k	2	1	632b921db13e3dab6dc7986e3ae10181fdca7583f07b8561e450a8fee56d3a5c	False	True	exact_legacy_text_reference
/uscms_data/d3/iturkmen/repos/hh-bbww-baselines	/uscms_data/d3/iturkmen/repos/hh-bbww-baselines/docs/checkpoints/hh4b_ttbar8_exact_regeneration_canary_submission_20260727_v1/canary_submission_receipt.md	4043	ttbar_100k	3	1	cda6b6e03e5647b983dfb14ba96700b0560c46885a86647ad05c116a0fdb1657	False	True	exact_legacy_text_reference
/uscms_data/d3/iturkmen/repos/hh-bbww-baselines	/uscms_data/d3/iturkmen/repos/hh-bbww-baselines/docs/checkpoints/hh4b_ttbar8_exact_regeneration_canary_submission_20260727_v1/canary_scheduler_snapshot.tsv	1177	ttbar_100k	2	1	b87e371f13d4bb8b3316db999f85af71cb59469f82595d07f711f183c7511cad	False	True	exact_legacy_text_reference
/uscms_data/d3/iturkmen/repos/hh-bbww-baselines	/uscms_data/d3/iturkmen/repos/hh-bbww-baselines/docs/checkpoints/hh4b_ttbar8_exact_regeneration_canary_submission_20260727_v1/canary_scheduler_snapshot.md	1433	ttbar_100k	3	1	1aed85ae794a0aaede9b49a8f6462233fa37409657b18c43b524c8a00a676665	False	True	exact_legacy_text_reference
/uscms_data/d3/iturkmen/repos/hh-bbww-baselines	/uscms_data/d3/iturkmen/repos/hh-bbww-baselines/docs/checkpoints/hh4b_ttbar8_exact_regeneration_canary_submission_20260727_v1/canary_expected_output_registry.tsv	2259	ttbar_100k	2	1	a3348764fdbf0e34e893279ac1065a6d04a64bf27c8607d48fb264e9ee620561	False	True	exact_legacy_text_reference
/uscms_data/d3/iturkmen/repos/hh-bbww-baselines	/uscms_data/d3/iturkmen/repos/hh-bbww-baselines/docs/checkpoints/hh4b_ttbar8_exact_regeneration_canary_submission_20260727_v1/canary_expected_output_registry.md	2455	ttbar_100k	3	1	d3d34134f3520be0e1607a3cf3ac05e28bd25c19e966457d1d966b63f8cd1ad7	False	True	exact_legacy_text_reference
/uscms_data/d3/iturkmen/repos/hh-bbww-baselines	/uscms_data/d3/iturkmen/repos/hh-bbww-baselines/docs/checkpoints/hh4b_ttbar8_exact_regeneration_canary_submission_20260727_v1/summary.json	1288	ttbar_100k	6	1	723f973b4e028f31f9d4d96cd95eb89d5f51274f76420713edf12709684dcfa0	False	True	exact_legacy_text_reference
/uscms_data/d3/iturkmen/repos/hh-bbww-baselines	/uscms_data/d3/iturkmen/repos/hh-bbww-baselines/docs/checkpoints/hh4b_ttbar8_exact_regeneration_canary_submission_20260727_v1/hh4b_ttbar8_exact_regeneration_canary.sub	5257	ttbar_100k	5,15,16,26	4	5081edf64f9e1e488195a8016fc2461eb525ba7bcba298e92e0ff06699d0b47d	False	True	exact_legacy_text_reference
/uscms_data/d3/iturkmen/repos/hh-bbww-baselines	/uscms_data/d3/iturkmen/repos/hh-bbww-baselines/docs/checkpoints/hh4b_ttbar8_exact_regeneration_canary_submission_20260727_v1/README.md	686	ttbar_100k	7	1	7f9b2765bdd4b6610f031af3d77338f519449d09a165466390bad73d3fbe86ac	False	True	exact_legacy_text_reference
/uscms_data/d3/iturkmen/repos/hh-bbww-baselines	/uscms_data/d3/iturkmen/repos/hh-bbww-baselines/docs/checkpoints/hh4b_ttbar8_exact_regeneration_canary_failure_20260727_v1/canary_live_classad.tsv	5258	ttbar_100k	2	1	6cbf2ec813eec279a59e4092a1a5f5adea293cc0b79daef432d18c502474120e	False	True	exact_legacy_text_reference
/uscms_data/d3/iturkmen/repos/hh-bbww-baselines	/uscms_data/d3/iturkmen/repos/hh-bbww-baselines/docs/checkpoints/hh4b_ttbar8_exact_regeneration_canary_failure_20260727_v1/canary_live_classad.md	5514	ttbar_100k	3	1	b330adcc01054063624c551afe14621e9e0cd9f1ed701a60a94199a655327105	False	True	exact_legacy_text_reference
/uscms_data/d3/iturkmen/repos/hh-bbww-baselines	/uscms_data/d3/iturkmen/repos/hh-bbww-baselines/docs/checkpoints/hh4b_ttbar8_exact_regeneration_canary_failure_20260727_v1/canary_scheduler_event_audit.tsv	3187	ttbar_100k	11,12,13	3	b2eeda13c376ea69699aea6a6bbca25dd3853d89643282ffb71b00c45df6c7b6	False	True	exact_legacy_text_reference
/uscms_data/d3/iturkmen/repos/hh-bbww-baselines	/uscms_data/d3/iturkmen/repos/hh-bbww-baselines/docs/checkpoints/hh4b_ttbar8_exact_regeneration_canary_failure_20260727_v1/canary_scheduler_event_audit.md	3354	ttbar_100k	12,13,14	3	576a1e4a7db49ce8db72e26325ae924acb4f59834b0e62c0783209b507876269	False	True	exact_legacy_text_reference
/uscms_data/d3/iturkmen/repos/hh-bbww-baselines	/uscms_data/d3/iturkmen/repos/hh-bbww-baselines/docs/checkpoints/hh4b_ttbar8_exact_regeneration_canary_failure_20260727_v1/canary_log_inventory.tsv	4538	ttbar_100k	7,8,9,10,11,12,13,14,15,16	10	7f10dc84de05332d5f3c371af0e7c8165fb0af77ed7320377813e91a4f5e9ebe	False	True	exact_legacy_text_reference
/uscms_data/d3/iturkmen/repos/hh-bbww-baselines	/uscms_data/d3/iturkmen/repos/hh-bbww-baselines/docs/checkpoints/hh4b_ttbar8_exact_regeneration_canary_failure_20260727_v1/canary_log_inventory.md	4838	ttbar_100k	8,9,10,11,12,13,14,15,16,17	10	4baa97b085b90278e644e2776d28950988e4362d49b6e0ecf7c49c7bb3664880	False	True	exact_legacy_text_reference
/uscms_data/d3/iturkmen/repos/hh-bbww-baselines	/uscms_data/d3/iturkmen/repos/hh-bbww-baselines/docs/checkpoints/hh4b_ttbar8_exact_regeneration_canary_failure_20260727_v1/canary_production_stage_audit.tsv	3755	ttbar_100k	4,5,6,7,8,9,10,11,12	9	c183226acad757ded0f99df3d301bd911765ff959f033376be30f563effe6bb3	False	True	exact_legacy_text_reference
/uscms_data/d3/iturkmen/repos/hh-bbww-baselines	/uscms_data/d3/iturkmen/repos/hh-bbww-baselines/docs/checkpoints/hh4b_ttbar8_exact_regeneration_canary_failure_20260727_v1/canary_production_stage_audit.md	4051	ttbar_100k	5,6,7,8,9,10,11,12,13	9	08dafb0f7d5c2577607a52da170f3a932ba9d484e5ac23ab72573c56ee0087c6	False	True	exact_legacy_text_reference
/uscms_data/d3/iturkmen/repos/hh-bbww-baselines	/uscms_data/d3/iturkmen/repos/hh-bbww-baselines/docs/checkpoints/hh4b_ttbar8_exact_regeneration_canary_failure_20260727_v1/canary_expected_vs_observed_outputs.tsv	4281	ttbar_100k	2,3,4,5,6,7,8,9,10,11,12,13,14	13	4a41b51950c5776c415377a0cf7193a83ce9b8eda21f6054fd2f5dbcb468109c	False	True	exact_legacy_text_reference
/uscms_data/d3/iturkmen/repos/hh-bbww-baselines	/uscms_data/d3/iturkmen/repos/hh-bbww-baselines/docs/checkpoints/hh4b_ttbar8_exact_regeneration_canary_failure_20260727_v1/canary_expected_vs_observed_outputs.md	4593	ttbar_100k	3,4,5,6,7,8,9,10,11,12,13,14,15	13	7eb887a544348e68f51020d7c0a2c104277b96152fd4eabc7c034194db725d72	False	True	exact_legacy_text_reference
/uscms_data/d3/iturkmen/repos/hh-bbww-baselines	/uscms_data/d3/iturkmen/repos/hh-bbww-baselines/docs/checkpoints/hh4b_ttbar8_exact_regeneration_canary_failure_20260727_v1/canary_output_path_contract_audit.tsv	2237	ttbar_100k	4,5,6,7	4	0ab877271f7c4c5314723069f05c54581c558e2e696c1eaff686082309c6e5d6	False	True	exact_legacy_text_reference
/uscms_data/d3/iturkmen/repos/hh-bbww-baselines	/uscms_data/d3/iturkmen/repos/hh-bbww-baselines/docs/checkpoints/hh4b_ttbar8_exact_regeneration_canary_failure_20260727_v1/canary_output_path_contract_audit.md	2353	ttbar_100k	5,6,7,8	4	98752f343894c9437b6b5cf94769c674f1871d6fcfdfc0ec6143932f95872ad5	False	True	exact_legacy_text_reference
/uscms_data/d3/iturkmen/repos/hh-bbww-baselines	/uscms_data/d3/iturkmen/repos/hh-bbww-baselines/docs/checkpoints/hh4b_ttbar8_exact_regeneration_canary_failure_20260727_v1/canary_wrapper_failure_propagation_audit.tsv	1698	ttbar_100k	3,4	2	40b6d00758fd85ef71a37bc1619d999e2a83856ad8e145c7d2b8864931d88527	False	True	exact_legacy_text_reference
/uscms_data/d3/iturkmen/repos/hh-bbww-baselines	/uscms_data/d3/iturkmen/repos/hh-bbww-baselines/docs/checkpoints/hh4b_ttbar8_exact_regeneration_canary_failure_20260727_v1/canary_wrapper_failure_propagation_audit.md	1829	ttbar_100k	4,5	2	4575543083a0f1790a67d9db5c1a27a2a67b51a20ef3ddf3225a08e27a385dcc	False	True	exact_legacy_text_reference
/uscms_data/d3/iturkmen/repos/hh-bbww-baselines	/uscms_data/d3/iturkmen/repos/hh-bbww-baselines/docs/checkpoints/hh4b_ttbar8_exact_regeneration_canary_failure_20260727_v1/summary.json	1973	ttbar_100k	29	1	7800aaab9ea6d2be96f3c8e931268c8d3ec1f9e695d91042f654e1a5ca16639f	False	True	exact_legacy_text_reference
/uscms_data/d3/iturkmen/repos/hh-bbww-baselines	/uscms_data/d3/iturkmen/repos/hh-bbww-baselines/docs/checkpoints/hh4b_ttbar8_exact_regeneration_canary_failure_20260727_v1/checkpoint.json	775	ttbar_100k	8	1	7c4dbb4fcb5cf77bd0b59b7c1ccdb9f58f8607d995534b477277736dbea356c9	False	True	exact_legacy_text_reference
/uscms_data/d3/iturkmen/repos/hh-bbww-baselines	/uscms_data/d3/iturkmen/repos/hh-bbww-baselines/docs/checkpoints/hh4b_ttbar8_canary_retry1_contract_20260727_v1/hh4b_ttbar8_exact_regeneration_canary_retry1.sub	2217	ttbar_100k	5,16,18,27	4	30bcbe8a2d7128c869cee339df833fc023320775b1efed745a14cdd97ccdfe64	False	True	exact_legacy_text_reference
/uscms_data/d3/iturkmen/repos/hh-bbww-baselines	/uscms_data/d3/iturkmen/repos/hh-bbww-baselines/docs/checkpoints/hh4b_ttbar8_canary_retry1_contract_20260727_v1/retry_returned_root_input_audit.tsv	5175	ttbar_100k	2,3,6,7,8,9,10,12	8	eacb62414fc039f7466362badbfe51ddf7e305a2fbc907edd2f71528f19367ec	False	True	exact_legacy_text_reference
/uscms_data/d3/iturkmen/repos/hh-bbww-baselines	/uscms_data/d3/iturkmen/repos/hh-bbww-baselines/docs/checkpoints/hh4b_ttbar8_canary_retry1_contract_20260727_v1/retry_returned_root_input_audit.md	5323	ttbar_100k	3,4,7,8,9,10,11,13	8	cd9142d9f1ab41aa1442301dfaf82ff6eadc88320117cc3e899094c7f7f15c70	False	True	exact_legacy_text_reference
/uscms_data/d3/iturkmen/repos/hh-bbww-baselines	/uscms_data/d3/iturkmen/repos/hh-bbww-baselines/docs/checkpoints/hh4b_ttbar8_canary_retry1_contract_20260727_v1/retry_reconstruction_command.tsv	1196	ttbar_100k	2,3	2	2f37c68fb389ab2db5607d5f8454bceb23fa0c0e2763aef54e3178eb0fc8277a	False	True	exact_legacy_text_reference
/uscms_data/d3/iturkmen/repos/hh-bbww-baselines	/uscms_data/d3/iturkmen/repos/hh-bbww-baselines/docs/checkpoints/hh4b_ttbar8_canary_retry1_contract_20260727_v1/retry_reconstruction_command.md	1264	ttbar_100k	3,4	2	c7bac2412082e2af3843f46b0eaaa4a2f3947fd0db4497243a02bcfb0a24299e	False	True	exact_legacy_text_reference
/uscms_data/d3/iturkmen/repos/hh-bbww-baselines	/uscms_data/d3/iturkmen/repos/hh-bbww-baselines/docs/checkpoints/hh4b_ttbar8_canary_retry1_contract_20260727_v1/retry_expected_output_registry.tsv	868	ttbar_100k	2,3,4,5,6,7,8,9	8	fc7446e8e1d812826a8e10a2e3fa54204213b08b4ba223a812ded5512cb9abfd	False	True	exact_legacy_text_reference
/uscms_data/d3/iturkmen/repos/hh-bbww-baselines	/uscms_data/d3/iturkmen/repos/hh-bbww-baselines/docs/checkpoints/hh4b_ttbar8_canary_retry1_contract_20260727_v1/retry_expected_output_registry.md	1032	ttbar_100k	3,4,5,6,7,8,9,10	8	0dc0ebcd5571cbbc2e4a1b556917c27fd9b66e3224afa0fdfdf7fdbc56edec83	False	True	exact_legacy_text_reference
/uscms_data/d3/iturkmen/repos/hh-bbww-baselines	/uscms_data/d3/iturkmen/repos/hh-bbww-baselines/docs/checkpoints/hh4b_ttbar8_canary_retry1_contract_20260727_v1/retry_condor_submission_plan.tsv	821	ttbar_100k	2	1	3f347fe29573988fd285a45b0ed761f0620b71492dca17bb9f12cb4129b35b26	False	True	exact_legacy_text_reference
/uscms_data/d3/iturkmen/repos/hh-bbww-baselines	/uscms_data/d3/iturkmen/repos/hh-bbww-baselines/docs/checkpoints/hh4b_ttbar8_canary_retry1_contract_20260727_v1/retry_condor_submission_plan.md	951	ttbar_100k	3	1	bd02a54055e37791f128de23247feae81d9ac797a6d5660eaaf08010633d47ea	False	True	exact_legacy_text_reference
/uscms_data/d3/iturkmen/repos/hh-bbww-baselines	/uscms_data/d3/iturkmen/repos/hh-bbww-baselines/docs/checkpoints/hh4b_ttbar8_canary_retry1_contract_20260727_v1/summary.json	2460	ttbar_100k	46,60,64	3	02ad30b6427dcef96f0ab96c570b8e02b01ab354fd3a3cb8729fdeb5917e4cec	False	True	exact_legacy_text_reference
/uscms_data/d3/iturkmen/repos/hh-bbww-baselines	/uscms_data/d3/iturkmen/repos/hh-bbww-baselines/docs/checkpoints/hh4b_ttbar8_canary_retry1_contract_20260727_v1/checkpoint.json	1710	ttbar_100k	10,15	2	35b51eb5ccc11b6b0c0ccbcc2b0faf87b0e139bb7f631f40b75ac85338d91ce9	False	True	exact_legacy_text_reference
/uscms_data/d3/iturkmen/repos/hh-bbww-baselines	/uscms_data/d3/iturkmen/repos/hh-bbww-baselines/docs/checkpoints/hh4b_ttbar8_canary_retry1_contract_20260727_v1/README.md	1046	ttbar_100k	5	1	3fed1ccb96995d94b46e45866dde268252e989752364107d67fecdcf5a94f8e0	False	True	exact_legacy_text_reference
/uscms_data/d3/iturkmen/repos/hh-bbww-baselines	/uscms_data/d3/iturkmen/repos/hh-bbww-baselines/docs/checkpoints/hh4b_ttbar8_canary_retry2_contract_20260727_v1/hh4b_ttbar8_exact_regeneration_canary_retry2.sub	2540	ttbar_100k	4,18,20,33	4	d7c43aee759659e1fa313b6523b0945f9a664438c2c09359b10c8a3f02ceb5c4	False	True	exact_legacy_text_reference
/uscms_data/d3/iturkmen/repos/hh-bbww-baselines	/uscms_data/d3/iturkmen/repos/hh-bbww-baselines/docs/checkpoints/hh4b_ttbar8_canary_retry2_contract_20260727_v1/retry2_input_audit.tsv	783	ttbar_100k	2	1	cce6b16ac22acc19d28993758b21e4c6057dd3c4445d476627a15dbaf1721b65	False	True	exact_legacy_text_reference
/uscms_data/d3/iturkmen/repos/hh-bbww-baselines	/uscms_data/d3/iturkmen/repos/hh-bbww-baselines/docs/checkpoints/hh4b_ttbar8_canary_retry2_contract_20260727_v1/retry2_output_path_audit.tsv	796	ttbar_100k	2,3,4,5,6	5	06c82dec17744a54be98566783260d3a2ebc2a0174427e96bc107fde06091e44	False	True	exact_legacy_text_reference
/uscms_data/d3/iturkmen/repos/hh-bbww-baselines	/uscms_data/d3/iturkmen/repos/hh-bbww-baselines/docs/checkpoints/hh4b_ttbar8_canary_retry2_contract_20260727_v1/retry2_submission_plan.tsv	325	ttbar_100k	2	1	bbce8592b008c236158ab0e2c8d153cd6527dd6e4ffc969a85d3072b86150c4f	False	True	exact_legacy_text_reference
/uscms_data/d3/iturkmen/repos/hh-bbww-baselines	/uscms_data/d3/iturkmen/repos/hh-bbww-baselines/docs/checkpoints/hh4b_ttbar8_canary_retry2_contract_20260727_v1/summary.json	1071	ttbar_100k	6	1	82066e14297be6b9910455755494bf25770bc8ce2cfebaa38065bfa420a912b0	False	True	exact_legacy_text_reference
/uscms_data/d3/iturkmen/repos/hh-bbww-baselines	/uscms_data/d3/iturkmen/repos/hh-bbww-baselines/docs/checkpoints/hh4b_ttbar8_canary_retry2_contract_20260727_v1/README.md	707	ttbar_100k	4	1	d71c0805b8ed723032f8473404453dacf0109a85d2d5bca4c25520faaa6bf11f	False	True	exact_legacy_text_reference
/uscms_data/d3/iturkmen/repos/hh-bbww-baselines	/uscms_data/d3/iturkmen/repos/hh-bbww-baselines/docs/checkpoints/hh4b_ttbar8_canary_retry2_validation_20260728_v1/validation_artifact_inventory.tsv	3841	ttbar_100k	2,3,4,5,6,7,8,9,10,11	10	5d44770b1b0c35d262aaed6f4cb68fcfa5628750800e1030e866a8e16d6ed69a	False	True	exact_legacy_text_reference
/uscms_data/d3/iturkmen/repos/hh-bbww-baselines	/uscms_data/d3/iturkmen/repos/hh-bbww-baselines/docs/checkpoints/hh4b_ttbar8_canary_retry2_validation_20260728_v1/validation_artifact_inventory.md	4053	ttbar_100k	3,4,5,6,7,8,9,10,11,12	10	98bff0a54666ba3eb1f05878aaf083ef5fe5561eceed169ef210cc60604e28aa	False	True	exact_legacy_text_reference
/uscms_data/d3/iturkmen/repos/hh-bbww-baselines	/uscms_data/d3/iturkmen/repos/hh-bbww-baselines/docs/checkpoints/hh4b_ttbar8_canary_retry2_validation_20260728_v1/summary.json	2052	ttbar_100k	23,33	2	3facaa3647cae032f30e4cb73f61d36dafa5f43ae08bf2001e2b07907ca8178d	False	True	exact_legacy_text_reference
/uscms_data/d3/iturkmen/repos/hh-bbww-baselines	/uscms_data/d3/iturkmen/repos/hh-bbww-baselines/docs/checkpoints/hh4b_ttbar8_canary_retry2_validation_20260728_v1/README.md	1896	ttbar_100k	4,21	2	a18a1da4a4cc13009aa1ecf7c24fdfe1af1f037ec05ec21fd9b1d43f9df8c534	False	True	exact_legacy_text_reference
/uscms_data/d3/iturkmen/repos/hh-bbww-baselines	/uscms_data/d3/iturkmen/repos/hh-bbww-baselines/docs/checkpoints/hh4b_ttbar7_exact_regeneration_scaleout_contract_20260728_v1/hh4b_ttbar7_exact_regeneration_scaleout.sub	2637	ttbar_100k	44,52,53,54,55,56,57,58	8	0dc76a8fab201a0b08fd143019454b8ca60852b033b801d2c704f3643e5633e6	False	True	exact_legacy_text_reference
/uscms_data/d3/iturkmen/repos/hh-bbww-baselines	/uscms_data/d3/iturkmen/repos/hh-bbww-baselines/docs/checkpoints/hh4b_ttbar7_exact_regeneration_scaleout_contract_20260728_v1/scaleout_members.tsv	1587	ttbar_100k	2,3,4,5,6,7,8	7	8a758e98c764ae96ec2a5d1e572b9d85c087561acf4000e148e67a82761f605e	False	True	exact_legacy_text_reference
/uscms_data/d3/iturkmen/repos/hh-bbww-baselines	/uscms_data/d3/iturkmen/repos/hh-bbww-baselines/docs/checkpoints/hh4b_ttbar7_exact_regeneration_scaleout_contract_20260728_v1/return_directory_audit.tsv	8246	ttbar_100k	2,3,4,5,6,7,8,9,10,11,12,13,14,15,16,17,18,19,20,21,22,23,24,25,26,27,28,29,30,31,32,33,34,35,36,37,38,39,40,41,42,43,44,45,46,47,48,49,50	49	0ff62c88a1f590b8181b3dfd212a36e2c62d5c22b3fc2fc5a87ccff821ee1ec3	False	True	exact_legacy_text_reference
/uscms_data/d3/iturkmen/repos/hh-bbww-baselines	/uscms_data/d3/iturkmen/repos/hh-bbww-baselines/docs/checkpoints/hh4b_ttbar7_exact_regeneration_scaleout_contract_20260728_v1/summary.json	1234	ttbar_100k	27	1	fc156f1668e312b1ccf6434bfa0a8038ddfb2226a01960e7fa0dc624cd151b1e	False	True	exact_legacy_text_reference
/uscms_data/d3/iturkmen/repos/hh-bbww-baselines	/uscms_data/d3/iturkmen/repos/hh-bbww-baselines/docs/checkpoints/hh4b_ttbar7_reconstruction_only_recovery_contract_20260728_v1/recovery_members.tsv	3151	ttbar_100k	2,3,4,5,6,7,8	7	176549239e38ebe76f28bc052307076ae2c53187dddf720e68045b552ac05504	False	True	exact_legacy_text_reference
/uscms_data/d3/iturkmen/repos/hh-bbww-baselines	/uscms_data/d3/iturkmen/repos/hh-bbww-baselines/docs/checkpoints/hh4b_ttbar7_reconstruction_only_recovery_contract_20260728_v1/summary.json	1602	ttbar_100k	6	1	707491ffa9b669448fa0b190da5ac4824418113adf6a7a7b6014729be20103ed	False	True	exact_legacy_text_reference
/uscms_data/d3/iturkmen/repos/hh-bbww-baselines	/uscms_data/d3/iturkmen/repos/hh-bbww-baselines/docs/checkpoints/hh4b_ttbar7_reconstruction_only_completion_20260728_v1/summary.json	1526	ttbar_100k	8,9,10,11,12,13,14	7	e5a10921781eedbc1e9e391a6cb6cf3baf946db6c3d7ba93cabde607342fecc8	False	True	exact_legacy_text_reference
/uscms_data/d3/iturkmen/repos/hh-bbww-baselines	/uscms_data/d3/iturkmen/repos/hh-bbww-baselines/docs/checkpoints/hh4b_ttbar7_reconstruction_only_completion_20260728_v1/member_validation_audit.tsv	8434	ttbar_100k	2,3,4,5,6,7,8	7	9df3b75e03508ec761e8c3b65510365c196d06bc6cac73d3700c776c66b1fe39	False	True	exact_legacy_text_reference
/uscms_data/d3/iturkmen/repos/hh-bbww-baselines	/uscms_data/d3/iturkmen/repos/hh-bbww-baselines/docs/checkpoints/hh4b_ttbar7_reconstruction_only_completion_20260728_v1/candidate_manifest.tsv	2265	ttbar_100k	2,3,4,5,6,7,8	7	c1b970a9981063b63cafc823d4630ad588ee5ef67b71c6f7a76a0683e6a8c7e1	False	True	exact_legacy_text_reference
/uscms_data/d3/iturkmen/repos/hh-bbww-baselines	/uscms_data/d3/iturkmen/repos/hh-bbww-baselines/docs/checkpoints/hh4b_ttbar27_canonical72_closure_20260728_v1/ttbar27_closed_candidate_registry.tsv	12854	ttbar_100k,ttbar_100k_shard000	2,3,4,5,6,7,24,25,26	9	b22eab3cf4a00df7423264c87a2cbab91c340056b218344a40be4ccd04c158ae	False	True	exact_legacy_text_reference
/uscms_data/d3/iturkmen/repos/hh-bbww-baselines	/uscms_data/d3/iturkmen/repos/hh-bbww-baselines/docs/checkpoints/hh4b_ttbar27_canonical72_closure_20260728_v1/ttbar27_member_validation.tsv	5231	ttbar_100k,ttbar_100k_shard000	2,3,4,5,6,7,24,25,26	9	f22b520c3577220d6194491b65e035ad870f6fb78b825fac96903854785b1975	False	True	exact_legacy_text_reference
/uscms_data/d3/iturkmen/repos/hh-bbww-baselines	/uscms_data/d3/iturkmen/repos/hh-bbww-baselines/docs/checkpoints/hh4b_full_5m_200k_expanded_manifest_split_20260728_v1/source_to_candidate_registry.tsv	574092	exact_candidate_absolute_path,ttbar_100k,ttbar_100k_shard000,ttbar_100k_shard000_hh4b_candidates.parquet	326,327,328,329,330,331,348,349,350	9	6a9d50b65ec54ed309636e2adc677dc87c1b2dd0803b506ec43db77398f2da01	False	True	exact_legacy_text_reference
/uscms_data/d3/iturkmen/repos/hh-bbww-baselines	/uscms_data/d3/iturkmen/repos/hh-bbww-baselines/docs/checkpoints/hh4b_full_5m_200k_expanded_manifest_split_20260728_v1/development_manifest.tsv	526723	exact_candidate_absolute_path,ttbar_100k,ttbar_100k_shard000,ttbar_100k_shard000_hh4b_candidates.parquet	297,298,299,300,301,302,319,320,321	9	9714959c0f0427385de9dca66d9437d4a2b9d10f66c89a68e54fd537a1699b54	False	True	exact_legacy_text_reference
/uscms_data/d3/iturkmen/repos/hh-bbww-baselines	/uscms_data/d3/iturkmen/repos/hh-bbww-baselines/docs/checkpoints/hh4b_full_5m_200k_expanded_manifest_split_20260728_v1/grouped_split_assignments.tsv	366616	ttbar_100k,ttbar_100k_shard000	326,327,328,329,330,331,348,349,350	9	5c517dbea1a7932d3bca56be0c9afd87a4988c4bead06d5a1043eddec7e77ea1	False	True	exact_legacy_text_reference
/uscms_data/d3/iturkmen/repos/hh-bbww-baselines	/uscms_data/d3/iturkmen/repos/hh-bbww-baselines/docs/checkpoints/hh4b_full_5m_200k_development_repair_overlay_20260728_v1/development_candidate_overlay.tsv	862824	ttbar_100k,ttbar_100k_shard000	297,298,299,300,301,302,319,320,321	9	c25ca96f8ce24e88bc9ce65cccc1c451e73520c26fdaef13ee1e845b3f45bafc	False	True	exact_legacy_text_reference
/uscms_data/d3/iturkmen/repos/hh-bbww-baselines	/uscms_data/d3/iturkmen/repos/hh-bbww-baselines/docs/checkpoints/hh4b_full_5m_200k_development_repair_overlay_20260728_v1/repair_validation_audit.tsv	261126	ttbar_100k,ttbar_100k_shard000	297,298,299,300,301,302,319,320,321	9	4f120e23160c27c0a5c3c07a22e47168fd2dc07cd785afe6c3f3bad4440444ba	False	True	exact_legacy_text_reference
/uscms_data/d3/iturkmen/repos/hh-bbww-baselines	/uscms_data/d3/iturkmen/repos/hh-bbww-baselines/docs/checkpoints/hh4b_full_5m_200k_development_common_cache_20260728_v2/development_member_validation.tsv	252279	ttbar_100k,ttbar_100k_shard000	297,298,299,300,301,302,319,320,321	9	9f66b034b6bf91538a779952b1d141e1568c6df5018f8992d6ee3591b3fe28b5	False	True	exact_legacy_text_reference
/uscms_data/d3/iturkmen/repos/hh-bbww-baselines	/uscms_data/d3/iturkmen/repos/hh-bbww-baselines/docs/checkpoints/hh4b_physical_normalization_provenance_extraction_20260729_v1/legacy_ttbar_recovery_plan.tsv	500	exact_candidate_absolute_path,ttbar_100k,ttbar_100k_shard000,ttbar_100k_shard000_hh4b_candidates.parquet	2	1	6f3adb2450a0479dd8e5b89fd3b83b89890090035657e38e1e627cabf339a3bb	False	True	exact_legacy_text_reference
/uscms_data/d3/iturkmen/repos/hh-bbww-baselines	/uscms_data/d3/iturkmen/repos/hh-bbww-baselines/docs/checkpoints/hh4b_physical_normalization_provenance_inventory_20260729_v1/campaign_inventory.tsv	18697	exact_candidate_absolute_path,ttbar_100k,ttbar_100k_shard000,ttbar_100k_shard000_hh4b_candidates.parquet	20	1	35d9aa17d236375b63480d53df11a97bc62905f1247aa1cc5743e134b139f167	False	True	exact_legacy_text_reference
/uscms_data/d3/iturkmen/repos/hh-bbww-baselines	/uscms_data/d3/iturkmen/repos/hh-bbww-baselines/docs/checkpoints/hh4b_physical_normalization_generator_artifact_locations_20260729_v1/representative_locator_status.tsv	19429	exact_candidate_absolute_path,ttbar_100k,ttbar_100k_shard000,ttbar_100k_shard000_hh4b_candidates.parquet	20	1	5f1b498c59b824cd0b7ec51160ab40fc85bd8763c3bfdf72a66ca84a83bfba16	False	True	exact_legacy_text_reference
/uscms_data/d3/iturkmen/repos/hh-bbww-baselines	/uscms_data/d3/iturkmen/repos/hh-bbww-baselines/docs/checkpoints/hh4b_physical_normalization_generator_artifact_locations_20260729_v1/representative_bundle_index_plan.tsv	21110	exact_candidate_absolute_path,ttbar_100k,ttbar_100k_shard000,ttbar_100k_shard000_hh4b_candidates.parquet	20	1	64bcbe4e6ec661be03fae513a9acae7b0495656e8fadcdf3b3b62b6276e34015	False	True	exact_legacy_text_reference
/uscms_data/d3/iturkmen/repos/hh-bbww-baselines	/uscms_data/d3/iturkmen/repos/hh-bbww-baselines/docs/analysis/legacy_ttbar_generation_provenance_search.md	1155	ttbar_100k,ttbar_100k_shard000,ttbar_100k_shard000_hh4b_candidates.parquet	5	1	ed8a9ace4c8a3b2faf08664f55d025330c0f4822fca9fad378e5c1b9d4cd6f17	False	True	exact_legacy_text_reference
/uscms_data/d3/iturkmen/repos/hh-bbww-baselines	/uscms_data/d3/iturkmen/repos/hh-bbww-baselines/outputs/tables/background_campaign_summary_console.txt	1020	ttbar_100k	4	1	446f46433fdb954bb2862b7c10083082a7671e034f19713e981caf2a6290bb03	False	True	exact_legacy_text_reference
/uscms_data/d3/iturkmen/repos/hh-bbww-baselines	/uscms_data/d3/iturkmen/repos/hh-bbww-baselines/outputs/tables/ttbar_100k_200k_console.txt	1882	ttbar_100k	3	1	d14ead8ea21d9845ab6bb08597816e66940cc8123df08b355005fddd706d3b0e	False	True	exact_legacy_text_reference
/uscms_data/d3/iturkmen/repos/hh-bbww-baselines	/uscms_data/d3/iturkmen/repos/hh-bbww-baselines/outputs/tables/hh4b_background_campaigns_2026_07_08/background_campaign_summary_100k.csv	697	ttbar_100k	4	1	3622121308b828505590c6b4f4dc3f50da2b5b8327a4eb697e7bba1bb9ac1644	False	True	exact_legacy_text_reference
/uscms_data/d3/iturkmen/repos/hh-bbww-baselines	/uscms_data/d3/iturkmen/repos/hh-bbww-baselines/outputs/tables/hh4b_background_campaigns_2026_07_08/background_campaign_summary_100k.md	1220	ttbar_100k	5	1	dcd555877e1d408119bc4df03d3f47eef99b35ab328e1e04e676ca40d72b4bb7	False	True	exact_legacy_text_reference
/uscms_data/d3/iturkmen/repos/hh-bbww-baselines	/uscms_data/d3/iturkmen/repos/hh-bbww-baselines/outputs/tables/hh4b_background_campaigns_2026_07_08/top_heavy_flavor_comparison.csv	554	ttbar_100k	2	1	baaa954cb53dbbb2d92d3bed42019ff958dd509e6b0050c07dc9d13e2282bf87	False	True	exact_legacy_text_reference
/uscms_data/d3/iturkmen/repos/hh-bbww-baselines	/uscms_data/d3/iturkmen/repos/hh-bbww-baselines/outputs/tables/hh4b_background_campaigns_2026_07_08/top_heavy_flavor_comparison.md	1044	ttbar_100k	3	1	79b4654681ddabac90c0a5808718487dfe271307bd13ebf137cf7697765a0a57	False	True	exact_legacy_text_reference
/uscms_data/d3/iturkmen/repos/hh-bbww-baselines	/uscms_data/d3/iturkmen/repos/hh-bbww-baselines/outputs/tables/hh4b_background_campaigns_2026_07_08/background_comparison_with_ttbb10k.csv	611	ttbar_100k	4	1	091b4a1f70926a200a955fa4da2d11e89fbd6894f2e1945b9bfc4c886ede8be4	False	True	exact_legacy_text_reference
/uscms_data/d3/iturkmen/repos/hh-bbww-baselines	/uscms_data/d3/iturkmen/repos/hh-bbww-baselines/outputs/tables/hh4b_background_campaigns_2026_07_08/background_comparison_with_ttbb10k.md	1056	ttbar_100k	5	1	9e2629a0f93d513061545136a8b3afe60d11810fdc2ad4a70cbd68ca9fdd6ccf	False	True	exact_legacy_text_reference
/uscms_data/d3/iturkmen/repos/hh-bbww-baselines	/uscms_data/d3/iturkmen/repos/hh-bbww-baselines/outputs/tables/hh4b_background_campaigns_2026_07_08/background_comparison_with_ttbb50k.csv	608	ttbar_100k	4	1	bf89b6b721ba5ebe939cb7c6ce0e80d36c6182ba661e4da7add6df641e9d9306	False	True	exact_legacy_text_reference
/uscms_data/d3/iturkmen/repos/hh-bbww-baselines	/uscms_data/d3/iturkmen/repos/hh-bbww-baselines/outputs/tables/hh4b_background_campaigns_2026_07_08/background_comparison_with_ttbb50k.md	1056	ttbar_100k	5	1	9af7a0c677507fc3bf67468a7bee737b900cc3835f060945b3edfb84b686377a	False	True	exact_legacy_text_reference
/uscms_data/d3/iturkmen/repos/hh-bbww-baselines	/uscms_data/d3/iturkmen/repos/hh-bbww-baselines/outputs/tables/ttbar_200k_validation_2026_07_09/ttbar_100k_200k_region_yields_long.csv	1546	ttbar_100k	2,3,4,5,6,7,8	7	0056faf098f731df2747b45216254c81d39b2511907dd9d1f415a34b772e9981	False	True	exact_legacy_text_reference
/uscms_data/d3/iturkmen/repos/hh-bbww-baselines	/uscms_data/d3/iturkmen/repos/hh-bbww-baselines/outputs/tables/ttbar_200k_validation_2026_07_09/ttbar_100k_200k_region_yields_comparison.csv	1004	ttbar_100k	1	1	cc57ba77a1b98dd2bcf46cc17133c75bf17af428c8c142b99af0be123e03dadb	False	True	exact_legacy_text_reference
/uscms_data/d3/iturkmen/repos/hh-bbww-baselines	/uscms_data/d3/iturkmen/repos/hh-bbww-baselines/outputs/tables/ttbar_200k_validation_2026_07_09/ttbar_100k_200k_region_yields_long.md	3008	ttbar_100k	3,4,5,6,7,8,9	7	ec9a64ef1cf4e9ea16f38a9aa06df94bfdb1589ed7c7a91fbdbff27940180218	False	True	exact_legacy_text_reference
/uscms_data/d3/iturkmen/repos/hh-bbww-baselines	/uscms_data/d3/iturkmen/repos/hh-bbww-baselines/outputs/tables/ttbar_200k_validation_2026_07_09/ttbar_100k_200k_region_yields_comparison.md	2169	ttbar_100k	1	1	19e79d745cc9c66d1743d3014e08ea842706674923c6a9c99be696f2cacc13de	False	True	exact_legacy_text_reference
/uscms_data/d3/iturkmen/repos/hh-bbww-baselines	/uscms_data/d3/iturkmen/repos/hh-bbww-baselines/outputs/tables/background_production_planning_2026_07_10/production_script_audit.txt	30682	ttbar_100k	11,13	2	7d53a0ed45898bc26aef0bb0b2f5934c207fe4e8f4c3ec3750d2e92f84021dcc	False	True	exact_legacy_text_reference
/uscms_data/d3/iturkmen/repos/hh-bbww-baselines	/uscms_data/d3/iturkmen/repos/hh-bbww-baselines/outputs/tables/canonical_delphes_background_audit_20260717/background_root_inventory.txt	6023	ttbar_100k,ttbar_100k_shard000	61	1	e207ef8778682eb55411964bd7c0aa4e1f64186c1b631594087a3e37c8b07a34	False	True	exact_legacy_text_reference
/uscms_data/d3/iturkmen/repos/hh-bbww-baselines	/uscms_data/d3/iturkmen/repos/hh-bbww-baselines/outputs/tables/canonical_delphes_background_audit_20260717/physics_process_inventory.txt	13004	ttbar_100k,ttbar_100k_shard000	151,152,153,154,155,156,157,158,159,160,161	11	31a79fe27e8e99e963703362bd3f282a7fb3e4edf85126eb99d4ef40dde5567c	False	True	exact_legacy_text_reference
/uscms_data/d3/iturkmen/repos/hh-bbww-baselines	/uscms_data/d3/iturkmen/repos/hh-bbww-baselines/outputs/tables/canonical_delphes_background_audit_20260717/physics_process_root_inventory.txt	8220	ttbar_100k,ttbar_100k_shard000	89	1	24f2a6037374fb4c3e9acc6f12a519f5b95fcce64430af5f09470893a451c5aa	False	True	exact_legacy_text_reference
/uscms_data/d3/iturkmen/repos/hh-bbww-baselines	/uscms_data/d3/iturkmen/repos/hh-bbww-baselines/outputs/audits/existing_hh4b_assets_2026_07_16/existing_hh4b_file_inventory.csv	274201	exact_candidate_absolute_path,ttbar_100k,ttbar_100k_shard000,ttbar_100k_shard000_hh4b_candidates.parquet	90,484,485,486,487,488,489,490,491,492,493,494,495,496,497,498,499,500,501,502,503,504,505,987,988,989,990,991,992,993,994,995,996,997,998,999,1000,1001,1002,1003,1004,1005,1006,1007,1008	45	0dab4843d22d180184070bc8cbe8c19ab4922f14663b194aa019c3b07754d571	False	True	exact_legacy_text_reference
/uscms_data/d3/iturkmen/repos/hh-bbww-baselines	/uscms_data/d3/iturkmen/repos/hh-bbww-baselines/outputs/audits/existing_hh4b_assets_2026_07_16/existing_hh4b_file_inventory.md	425625	exact_candidate_absolute_path,ttbar_100k,ttbar_100k_shard000,ttbar_100k_shard000_hh4b_candidates.parquet	91,485,486,487,488,489,490,491,492,493,494,495,496,497,498,499,500,501,502,503,504,505,506,988,989,990,991,992,993,994,995,996,997,998,999,1000,1001,1002,1003,1004,1005,1006,1007,1008,1009	45	287ab44a01feba2c552598e0731497f65e78e390c7f35c1eaf557e831ab1571a	False	True	exact_legacy_text_reference
/uscms_data/d3/iturkmen/repos/hh-bbww-baselines	/uscms_data/d3/iturkmen/repos/hh-bbww-baselines/outputs/agent_runs/frozen_v2_phase1_reprocess_20260717/payload_stage/payload/repo/scripts/delphes/compare_hh4b_cut_and_bdt_baselines.py	9757	ttbar_100k	106	1	24e48d3d509c61260cf524d2a8238eb70100132c1d02a3811173dc2d861b58c9	False	True	exact_legacy_text_reference
/uscms_data/d3/iturkmen/repos/hh-bbww-baselines	/uscms_data/d3/iturkmen/repos/hh-bbww-baselines/outputs/agent_runs/frozen_v2_phase1_reprocess_20260717/payload_stage/payload/repo/scripts/delphes/compare_ttbar_100k_200k.py	2933	ttbar_100k	15,16,75,76,78,79,81,82	8	5a82eef129df27eaf0e192325afdbfb0aa6a1dc1e04935f79b17e3a8d8e078ed	False	True	exact_legacy_text_reference
/uscms_data/d3/iturkmen/repos/hh-bbww-baselines	/uscms_data/d3/iturkmen/repos/hh-bbww-baselines/outputs/agent_runs/frozen_v2_phase1_reprocess_20260717/payload_stage/payload/repo/scripts/delphes/estimate_hh4b_region_mc_stats.py	2860	ttbar_100k	50	1	9c40cd76a335af7efee02b993ccee9b7dcdea6539869fc77a7a2e9bb43cb48b9	False	True	exact_legacy_text_reference
/uscms_data/d3/iturkmen/repos/hh-bbww-baselines	/uscms_data/d3/iturkmen/repos/hh-bbww-baselines/outputs/agent_runs/frozen_v2_phase1_reprocess_20260717/payload_stage/payload/repo/scripts/delphes/make_hh4b_background_campaign_summary.py	1979	ttbar_100k	14	1	879b22ad41a4666a0720e285df6cdce08c26118020a8f3d4aa71ebc475ba5c66	False	True	exact_legacy_text_reference
/uscms_data/d3/iturkmen/repos/hh-bbww-baselines	/uscms_data/d3/iturkmen/repos/hh-bbww-baselines/outputs/agent_runs/frozen_v2_phase1_reprocess_20260717/payload_stage/payload/repo/scripts/delphes/make_hh4b_region_yields.py	3947	ttbar_100k	76	1	1f8f47f23e12f780fd42acdd1029b9dd06b490421f960d39b041fabf3dd022cb	False	True	exact_legacy_text_reference
/uscms_data/d3/iturkmen/repos/hh-bbww-baselines	/uscms_data/d3/iturkmen/repos/hh-bbww-baselines/outputs/agent_runs/frozen_v2_phase1_reprocess_20260717/payload_stage/payload/repo/scripts/delphes/make_top_heavy_flavor_comparison.py	1503	ttbar_100k	11	1	e964f0955406a02eac141d5d1d8035a5c35e66bae9f40106c0f4362cf19a5ef0	False	True	exact_legacy_text_reference
/uscms_data/d3/iturkmen/repos/hh-bbww-baselines	/uscms_data/d3/iturkmen/repos/hh-bbww-baselines/outputs/agent_runs/frozen_v2_phase1_reprocess_20260717/payload_stage/payload/repo/scripts/delphes/plot_hh4b_background_comparison.py	3402	ttbar_100k	15	1	758565b76224715e67896ff780f64bc9feeb0b897cfd4a04e97f71682a4a1431	False	True	exact_legacy_text_reference
/uscms_data/d3/iturkmen/repos/hh-bbww-baselines	/uscms_data/d3/iturkmen/repos/hh-bbww-baselines/outputs/agent_runs/frozen_v2_phase1_reprocess_20260717/payload_stage/payload/repo/scripts/delphes/train_hh4b_combined_bdt.py	10809	ttbar_100k	119	1	fcc354ca82b6a51bc3854adbf7ea6eab0e4da0c08565a923bca2363509c66bcb	False	True	exact_legacy_text_reference
/uscms_data/d3/iturkmen/repos/hh-bbww-baselines	/uscms_data/d3/iturkmen/repos/hh-bbww-baselines/outputs/agent_runs/ttbar_readiness_20260718/repository_ttbar_paths.txt	350	ttbar_100k	4,5	2	977e107c5304fbf78e21b5e11e75fd6ee1be2a3f1580cea33e90156044091dfc	False	True	exact_legacy_text_reference
/uscms_data/d3/iturkmen/repos/hh-bbww-baselines	/uscms_data/d3/iturkmen/repos/hh-bbww-baselines/outputs/agent_runs/ttbar_readiness_20260718/repository_ttbar_configuration_hits.txt	123565	ttbar_100k	354,355,356,357,358,359,360,365,368,376,381,390,392,407,408,409,410,411,412,413,414,415,416,417,418	25	dfd02578969a274bcf9559109bee0f924ac7af0a670fd1a3fc6aba27722cc326	False	True	exact_legacy_text_reference
/uscms_data/d3/iturkmen/repos/hh-bbww-baselines	/uscms_data/d3/iturkmen/repos/hh-bbww-baselines/outputs/agent_runs/ttbar_readiness_20260718/storage_ttbar_files.tsv	99914	exact_candidate_absolute_path,ttbar_100k,ttbar_100k_shard000,ttbar_100k_shard000_hh4b_candidates.parquet	13,14,15,16,26,27,28,44,57,58,72,92,93,94,95,96,97,98,99,100,101,136,137,138,139,140,141,142,143,144,145,172,176,181,182,183,185,187,193,194,195,198,226,227,228,229,230,231,234,235,248,249,263,264,265,266,267,268,269,270,284,285,286,287,288,289,290,291,292,293,294,295,296,297,298,299,300,303,304,305,306,307,360,379,428,437,450,463,473,489,521,533,592,595,603,611,621,624,625,636	146	84ce970e8b8d9f7416eccadffefcd30d0f028717f76803791a93e1e44d1ff54b	False	True	exact_legacy_text_reference
/uscms_data/d3/iturkmen/repos/hh-bbww-baselines	/uscms_data/d3/iturkmen/repos/hh-bbww-baselines/outputs/agent_runs/ttbar_readiness_20260718/lineage/manifest_summary.csv	814	ttbar_100k	2	1	f2fb49f6f2ad6f3b7a5d4cbb1a6fcdd66a328d73cdecd5dac4813a807e3dcd6c	False	True	exact_legacy_text_reference
/uscms_data/d3/iturkmen/repos/hh-bbww-baselines	/uscms_data/d3/iturkmen/repos/hh-bbww-baselines/outputs/agent_runs/ttbar_readiness_20260718/lineage/seed_records.csv	4827	ttbar_100k	2,3,4,5,6,7,8,9,10,11	10	be49fb995c8c235dbd3730faa19486344f6983e3cf73960be204eba1de151d9a	False	True	exact_legacy_text_reference
/uscms_data/d3/iturkmen/repos/hh-bbww-baselines	/uscms_data/d3/iturkmen/repos/hh-bbww-baselines/outputs/agent_runs/ttbar_readiness_20260718/lineage/lineage_summary.json	1376	ttbar_100k	10,11	2	74695ae93cb4381ae20b084aaca170e8597eae3e4942d81897653a812f1aedf6	False	True	exact_legacy_text_reference
/uscms_data/d3/iturkmen/repos/hh-bbww-baselines	/uscms_data/d3/iturkmen/repos/hh-bbww-baselines/outputs/agent_runs/ttbar_readiness_20260718/lineage/ttbar_text_files.txt	35199	ttbar_100k,ttbar_100k_shard000	5,6,7,8,9,10,11,12,13,14,15,16,17,18,19,20,21,22,23,24,25,26,27,28,29,30,31,32,33,34,35,36,37,38,39,40,41,42,43,44,45,46,47,48,49,50,51,52,53,54,55,56,57,58,59,60,61,62,63,64,65,328,329,330,331,332,333,334,335,336,337,338,339,340,341,342,343,344,345,346,347,348,349,433,434	85	e993a92f7f0fa1bc90242dc7404d624c137f02f947001818c028c4ebe69b5c05	False	True	exact_legacy_text_reference
/uscms_data/d3/iturkmen/repos/hh-bbww-baselines	/uscms_data/d3/iturkmen/repos/hh-bbww-baselines/outputs/agent_runs/ttbar_readiness_20260718/lineage/ttbar_generator_configuration_hits.txt	133800	ttbar_100k,ttbar_100k_shard000	115,116,117,118,119,120,121,122,123,124,125,126,127,128,129,130,131,132,133,134,135,136,137,138,139,140,141,142,143,144,145,146,147,148,149,150,151,152,153,154,155,156,157,158,159,160,161,162,163,164,165,166,167,168,169,170,171,172,173,174,175,176,177,178,179,180,181,182,183,184,185,186,187,188,189,190,191,192,193,194,195,196,197,198,199,200,201,202,203,204,205,206,207,208,209,210,211,212,213,214	141	e39746e1e6f7a3afff9c1688ae22ef67e462af6e81b6bb52364e09259680c27c	False	True	exact_legacy_text_reference
/uscms_data/d3/iturkmen/repos/hh-bbww-baselines	/uscms_data/d3/iturkmen/repos/hh-bbww-baselines/outputs/agent_runs/ttbar_readiness_20260718/lineage/corrected_manifest_accounting.json	914	ttbar_100k	4,8	2	15fe5529d09fc5c08b82ae621350ca5f3930dc1265f4ce52d86f57634f6d1d0d	False	True	exact_legacy_text_reference
/uscms_data/d3/iturkmen/repos/hh-bbww-baselines	/uscms_data/d3/iturkmen/repos/hh-bbww-baselines/outputs/agent_runs/ttbar_readiness_20260718/lineage/existing_ttbar_statistics.csv	709	ttbar_100k	2	1	253af64e797b9eda86d7dcb063f670130720db9ea493d5c236afea62ddaa1792	False	True	exact_legacy_text_reference
/uscms_data/d3/iturkmen/repos/hh-bbww-baselines	/uscms_data/d3/iturkmen/repos/hh-bbww-baselines/outputs/agent_runs/ttbar_legacy_300k_tail_audit_20260718/audit_ttbar_tail_statistics.py	7713	ttbar_100k	233,261	2	b1b565af1cabd8df67d25e7b3f274afdf3a17d3343994792f2732bddbb6cbdbd	False	True	exact_legacy_text_reference
/uscms_data/d3/iturkmen/repos/hh-bbww-baselines	/uscms_data/d3/iturkmen/repos/hh-bbww-baselines/outputs/agent_runs/ttbar_legacy_300k_tail_audit_20260718/ttbar_300k_shard_tail_counts.csv	4131	exact_candidate_absolute_path,ttbar_100k,ttbar_100k_shard000,ttbar_100k_shard000_hh4b_candidates.parquet	2,3,4,5,6,7,8,9,10,11	10	eee8d42e8bd5e64cb9622993f2c1faaf23b92a1e0f6dae15722c0d240cbac038	False	True	exact_legacy_text_reference
/uscms_data/d3/iturkmen/repos/hh-bbww-baselines	/uscms_data/d3/iturkmen/repos/hh-bbww-baselines/outputs/agent_runs/ttbar_legacy_300k_tail_audit_20260718/ttbar_300k_tail_statistics.json	7208	ttbar_100k	7,13,19,25,31,37,43,49	8	b65d2262fa2152a71f2450681a131cd1a6d9bd72ac4a81644d1d375d7fa201f7	False	True	exact_legacy_text_reference
/uscms_data/d3/iturkmen/repos/hh-bbww-baselines	/uscms_data/d3/iturkmen/repos/hh-bbww-baselines/outputs/agent_runs/ttbar_frozen_v2_pilot_prep_20260718/repository_file_inventory.txt	22514	ttbar_100k	89,117	2	237da0bcc97bb9991bebfaa53c68c7a0f78ffbdd7556a887260415ee34c8dc95	False	True	exact_legacy_text_reference
/uscms_data/d3/iturkmen/repos/hh-bbww-baselines	/uscms_data/d3/iturkmen/repos/hh-bbww-baselines/outputs/agent_runs/ttbar_candidate_merge_reconciliation_20260718/ttbar_candidate_merge_reconciliation.json	8434	ttbar_100k	3,4,11,31	4	376f522c4cab142b2d1d272081ab98efbd469caad20d5c69f8759fd9808f167b	False	True	exact_legacy_text_reference
/uscms_data/d3/iturkmen/repos/hh-bbww-baselines	/uscms_data/d3/iturkmen/repos/hh-bbww-baselines/outputs/agent_runs/ttbar_frozen_v2_command_recovery_20260718/command_recovery.txt	203246	ttbar_100k	591,616,617	3	3ebada3404f2287d23d4890818bf1c098e8b2422b998aad40c1b1ea691d6e1da	False	True	exact_legacy_text_reference
/uscms_data/d3/iturkmen/repos/hh-bbww-baselines	/uscms_data/d3/iturkmen/repos/hh-bbww-baselines/outputs/agent_runs/frozen_v2_all_process_inventory_20260720/local_relevant_files.tsv	889050	exact_candidate_absolute_path,ttbar_100k,ttbar_100k_shard000,ttbar_100k_shard000_hh4b_candidates.parquet	2475,2476,2477,2478,2479,2480,2481,2482,2483,2484,2485,2486,2487,2488,2489,2490,2491,2492,2493,2494,2495,2496,2497,2498,2499,2500,2501,2502,2503,2504,2505,2506,2507,2508,2509,2510,2511,2512,2513,2514,2515,2516,2517,2518,2519,2520,2521,2522,2523,2524,2525,2526,2527,2528,2529,2530,2531,2532,2533,2534,2535,3296,3297,3298,3299,3300,3301,3302,3303,3304,3305,3306,3307,3308,3309,3310,3311,3312,3313,3314,3315,3316,3317,3826,3827,3828,3829,3830,3831,3832,3833,3834,3835,3836,3837,3838,3839,3840,3841,3842	106	8d5441818c640286f96f86f09d90cfdd4f3b1813179460a9a7e12b1f098c6fe3	False	True	exact_legacy_text_reference
/uscms_data/d3/iturkmen/repos/hh-bbww-baselines	/uscms_data/d3/iturkmen/repos/hh-bbww-baselines/outputs/agent_runs/frozen_v2_all_process_inventory_20260720/relevant_root_parquet_files.tsv	152684	exact_candidate_absolute_path,ttbar_100k,ttbar_100k_shard000,ttbar_100k_shard000_hh4b_candidates.parquet	500,501,502,503,504,505,506,507,508,509,510,511,512,513,514,515,516,517,518,519,520,521,522	23	31da77b96fd815ead8dbf3e02ea0ec0d8849bff3a6fe610782c8f9efb9204d95	False	True	exact_legacy_text_reference
/uscms_data/d3/iturkmen/repos/hh-bbww-baselines	/uscms_data/d3/iturkmen/repos/hh-bbww-baselines/outputs/agent_runs/unified_background_5m_readiness_20260720/production_tooling_discovery.txt	59036	ttbar_100k	126,155	2	f0c9561dec632484b89530e906320d2fa911a41d0515c683a9fd947101036a16	False	True	exact_legacy_text_reference
/uscms_data/d3/iturkmen/repos/hh-bbww-baselines	/uscms_data/d3/iturkmen/repos/hh-bbww-baselines/outputs/agent_runs/unified_background_5m_wavea_pilots_20260720_retry1/signal_artifact_discovery.txt	178237	exact_candidate_absolute_path,ttbar_100k,ttbar_100k_shard000,ttbar_100k_shard000_hh4b_candidates.parquet	132,136,145,159,171,174,175,191,192,196,765,1102,1103,1104,1105,1106,1107,1108,1109,1110,1111	21	7166f6b6accec62ed2212c354e4b142a2255c93550df4a94c41d5d6955d928b1	False	True	exact_legacy_text_reference
/uscms_data/d3/iturkmen/repos/hh-bbww-baselines	/uscms_data/d3/iturkmen/repos/hh-bbww-baselines/outputs/agent_runs/hh4b_signal_discovery_20260721/all_scanned_files.tsv	2589470	exact_candidate_absolute_path,ttbar_100k,ttbar_100k_shard000,ttbar_100k_shard000_hh4b_candidates.parquet	52,307,308,309,310,311,312,313,314,315,316,317,318,319,320,321,322,323,324,325,326,327,328,805,806,807,808,809,810,811,812,813,814,815,816,817,818,819,820,821,822,823,824,825,826,7584,7585,7586,7587,7588,7589,7590,7591,7592,7593,7904,7906,7908,7911,7913,7915,7917,7919,7921,7923,7943,7945,7947,7949,7951,7953,7955,7957,7959,7961,8111,8113,8115,8117,8119,8121,8123,8125,8127,8129,8226,8228,8230,8233,8235,8237,8239,8241,8243,8245,14882,14883,14884,14885,15422	101	9a4342a38d304efa38f7e46a85862f6033efd3dbd61eba9c2539ff30c483e76e	False	True	exact_legacy_text_reference
/uscms_data/d3/iturkmen/repos/hh-bbww-baselines	/uscms_data/d3/iturkmen/repos/hh-bbww-baselines/outputs/agent_runs/hh4b_classifier_readiness_20260722_v1/inventory/local_parquet_files.tsv	59758	exact_candidate_absolute_path,ttbar_100k,ttbar_100k_shard000,ttbar_100k_shard000_hh4b_candidates.parquet	13,71,74,79,80,81,86,91,92,99,103,338,448,451,452,460,461,463,467,476,482,483	22	d9558031113673bb46727406d4dbe52bc613caeb9db2f4abc2cea1a5a93a021a	False	True	exact_legacy_text_reference
/uscms_data/d3/iturkmen/repos/hh-bbww-baselines	/uscms_data/d3/iturkmen/repos/hh-bbww-baselines/outputs/agent_runs/hh4b_data3_storage_audit_20260722_recovery_v2/largest_files.tsv	10913	ttbar_100k,ttbar_100k_shard000	63	1	a8cf0f7ac5bd1cf10f4102d8ebbee5cefd01d9d6348c3c900eee65a05105ddfc	False	True	exact_legacy_text_reference
/uscms_data/d3/iturkmen/repos/hh-bbww-baselines	/uscms_data/d3/iturkmen/repos/hh-bbww-baselines/outputs/agent_runs/final_background_pretriboson4950k_component_schema_20260723_v1/component_local_references.tsv	64573	ttbar_100k	2,105,107	3	ce0af5cb103c95b0584ed71419a52c760746a58faf333fbf820a5561390ed422	False	True	exact_legacy_text_reference
/uscms_data/d3/iturkmen/repos/hh-bbww-baselines	/uscms_data/d3/iturkmen/repos/hh-bbww-baselines/outputs/agent_runs/final_background_5m_missing_lineage_resolution_20260723_v1/selected_authoritative_fields.tsv	15336	ttbar_100k	56,58	2	3b5b81321818691f123c23746dfa0c3a54fe23b7cff890ec82232bd6e94d6dc5	False	True	exact_legacy_text_reference
/uscms_data/d3/iturkmen/repos/hh-bbww-baselines	/uscms_data/d3/iturkmen/repos/hh-bbww-baselines/outputs/agent_runs/final_background_5m_missing_lineage_resolution_20260723_v1/candidate_member_tables.tsv	18090	ttbar_100k	25,26	2	e50505f4f5520738bbaedbebc889990b8b0b788d32fea4d92ce21ed9b1ffe274	False	True	exact_legacy_text_reference
/uscms_data/d3/iturkmen/repos/hh-bbww-baselines	/uscms_data/d3/iturkmen/repos/hh-bbww-baselines/outputs/agent_runs/final_background_canonical_subset_freeze_20260723_v1/canonical_ttbar270k_registry.tsv	13515	exact_candidate_absolute_path,ttbar_100k,ttbar_100k_shard000,ttbar_100k_shard000_hh4b_candidates.parquet	7,9,10,13,20,21,25,27,28	9	5234cc7363bd0cacb1dc94d7652b8ca6909a54f32aa737cb8e9eb6fd081895a7	False	True	exact_legacy_text_reference
/uscms_data/d3/iturkmen/repos/hh-bbww-baselines	/uscms_data/d3/iturkmen/repos/hh-bbww-baselines/outputs/agent_runs/final_background_canonical_subset_freeze_20260723_v1/noncanonical_ttbar30k_holdout.tsv	1699	ttbar_100k	2	1	0d5368d8d5582e264a366fb0de1fdc4fc7dea30377accd1b334e817633af8c7f	False	True	exact_legacy_text_reference
/uscms_data/d3/iturkmen/repos/hh-bbww-baselines	/uscms_data/d3/iturkmen/repos/hh-bbww-baselines/outputs/agent_runs/final_background_unified5m_registry_audit_20260723_v2/unified_background_5m_registry.tsv	545087	exact_candidate_absolute_path,ttbar_100k,ttbar_100k_shard000,ttbar_100k_shard000_hh4b_candidates.parquet	326,327,328,329,330,331,348,349,350	9	6bbb256a326147cd679fbbb512574d845b2310eb5a09a71758a7bb210402353c	False	True	exact_legacy_text_reference
/uscms_data/d3/iturkmen/repos/hh-bbww-baselines	/uscms_data/d3/iturkmen/repos/hh-bbww-baselines/outputs/agent_runs/final_background_5m_classifier_source_audit_20260723_v1/background_5m_classifier_source_manifest.tsv	486283	exact_candidate_absolute_path,ttbar_100k,ttbar_100k_shard000,ttbar_100k_shard000_hh4b_candidates.parquet	326,327,328,329,330,331,348,349,350	9	65bc318444ca29150a314efc6232a533522761d31eb0cc531630285f35d7d582	False	True	exact_legacy_text_reference
/uscms_data/d3/iturkmen/repos/hh-bbww-baselines	/uscms_data/d3/iturkmen/repos/hh-bbww-baselines/outputs/agent_runs/final_background_5m_materialization_preflight_20260723_v1/local_candidate_size_inventory.tsv	3891	exact_candidate_absolute_path,ttbar_100k,ttbar_100k_shard000,ttbar_100k_shard000_hh4b_candidates.parquet	2,3,4,5,6,7,24,25,26	9	c1b25926e2faf2f5d04ffd3fb75ff21bf91b9801b647b28682f8a99f770065ca	False	True	exact_legacy_text_reference
/uscms_data/d3/iturkmen/repos/hh-bbww-baselines	/uscms_data/d3/iturkmen/repos/hh-bbww-baselines/outputs/agent_runs/hh4b_cut_baseline_schema_discovery_20260723_v1/candidate_schema_files.tsv	4996	exact_candidate_absolute_path,ttbar_100k,ttbar_100k_shard000,ttbar_100k_shard000_hh4b_candidates.parquet	2,3,4,5,6,7,8,9,10	9	9976623aaa89c822e5014a07e119dcf6a47d7d06605c71e26c57ee434188dd1e	False	True	exact_legacy_text_reference
/uscms_data/d3/iturkmen/repos/hh-bbww-baselines	/uscms_data/d3/iturkmen/repos/hh-bbww-baselines/outputs/agent_runs/hh4b_cut_baseline_local_semantics_audit_20260723_v1/candidate_builder_search.txt	285487	exact_candidate_absolute_path,ttbar_100k,ttbar_100k_shard000,ttbar_100k_shard000_hh4b_candidates.parquet	548,645,646,647,1162,1164,1166,1167,1168,1169,1170,1171,1172,1173,1174,1175,1200	17	4ccac2adced0c8533103211846f45864e617b254c768f0e27cb7731bbca83e99	False	True	exact_legacy_text_reference
/uscms_data/d3/iturkmen/repos/hh-bbww-baselines	/uscms_data/d3/iturkmen/repos/hh-bbww-baselines/outputs/agent_runs/hh4b_cut_baseline_local_semantics_audit_20260723_v2/local_candidate_semantics_audit.json	4469	ttbar_100k,ttbar_100k_shard000	124,125,126,127,128,129,130,131,132	9	d731fc3e993c6cbd61611da7a6e720a77d05817333346a5fadecc3b8e8e71f03	False	True	exact_legacy_text_reference
/uscms_data/d3/iturkmen/repos/hh-bbww-baselines	/uscms_data/d3/iturkmen/repos/hh-bbww-baselines/outputs/agent_runs/hh4b_cut_baseline_local_semantics_audit_20260723_v2/local_candidate_files.tsv	6946	exact_candidate_absolute_path,ttbar_100k,ttbar_100k_shard000,ttbar_100k_shard000_hh4b_candidates.parquet	2,3,4,5,6,7,24,25,26	9	eb1546cf40e75c174b4144bcb4654a75d3f1ae407809e712e2c3a0a8f452cda9	False	True	exact_legacy_text_reference
/uscms_data/d3/iturkmen/repos/hh-bbww-baselines	/uscms_data/d3/iturkmen/repos/hh-bbww-baselines/outputs/agent_runs/hh4b_candidate_builder_provenance_audit_20260723_v1/candidate_builder_code_candidates.tsv	42747	ttbar_100k	56	1	645e41d920f727581d3c2a5f9abb45b7c416ca86b257b68bf91df27b68a3f51a	False	True	exact_legacy_text_reference
/uscms_data/d3/iturkmen/repos/hh-bbww-baselines	/uscms_data/d3/iturkmen/repos/hh-bbww-baselines/outputs/agent_runs/hh4b_candidate_builder_provenance_audit_20260723_v1/candidate_parquet_metadata.tsv	160274	exact_candidate_absolute_path,ttbar_100k,ttbar_100k_shard000,ttbar_100k_shard000_hh4b_candidates.parquet	2,3,4,5,6,7,8,9,10,11,12,13,46,47,48,49,50,51	18	9668d8992255b2063acb23acb9ec9d80217a76441ca85bb323c42d08a94e0ddb	False	True	exact_legacy_text_reference
/uscms_data/d3/iturkmen/repos/hh-bbww-baselines	/uscms_data/d3/iturkmen/repos/hh-bbww-baselines/outputs/agent_runs/hh4b_candidate_builder_provenance_audit_20260723_v1/candidate_builder_provenance_audit.json	1323	ttbar_100k	35	1	c2d5c5a4c0c14a25e48fa24f4328aefddb7263cb9f7c9193c5e2d562db366faa	False	True	exact_legacy_text_reference
/uscms_data/d3/iturkmen/repos/hh-bbww-baselines	/uscms_data/d3/iturkmen/repos/hh-bbww-baselines/outputs/agent_runs/background_5m_plan_input_inventory_20260723_v1/background_5m_preliminary_action_plan.tsv	231661	exact_candidate_absolute_path,ttbar_100k,ttbar_100k_shard000,ttbar_100k_shard000_hh4b_candidates.parquet	326,327,328,329,330,331,348,349,350	9	a3b87f4e963bb53c299d97e6dfb31819fbfa3fe83311576e626e91458605ae78	False	True	exact_legacy_text_reference
/uscms_data/d3/iturkmen/repos/hh-bbww-baselines	/uscms_data/d3/iturkmen/repos/hh-bbww-baselines/outputs/agent_runs/background_5m_local_root_provenance_preflight_20260723_v2/background_5m_local_root_mapping_candidates.tsv	14238	exact_candidate_absolute_path,ttbar_100k,ttbar_100k_shard000,ttbar_100k_shard000_hh4b_candidates.parquet	2,3,4,5,6,7,24,25,26	9	91c13612b139fa66203b0efa6e25f887f611485cec60889b96f9a66d0c390834	False	True	exact_legacy_text_reference
/uscms_data/d3/iturkmen/repos/hh-bbww-baselines	/uscms_data/d3/iturkmen/repos/hh-bbww-baselines/outputs/agent_runs/background_5m_local_root_provenance_preflight_20260723_v2/background_5m_local_root_unresolved.tsv	3013	ttbar_100k	2,3,4,5,6,7,8,9	8	f9d216d5c9c061f0b1b924b093a082c0d609fcab31cf31511fd793c3aaffcd46	False	True	exact_legacy_text_reference
/uscms_data/d3/iturkmen/repos/hh-bbww-baselines	/uscms_data/d3/iturkmen/repos/hh-bbww-baselines/outputs/agent_runs/background_5m_ttbar100k_missing_source_adjudication_20260723_v1/ttbar100k_missing_source_adjudication.tsv	6535	ttbar_100k	2,3,4,5,6,7,8,9	8	555f539ba534e3551fa9492fb7f160f2de5b6be9cc6c0e5bd2c024904aa2e845	False	True	exact_legacy_text_reference
/uscms_data/d3/iturkmen/repos/hh-bbww-baselines	/uscms_data/d3/iturkmen/repos/hh-bbww-baselines/outputs/agent_runs/background_5m_ttbar_replacement_source_inventory_20260723_v1/ttbar_replacement_source_inventory.tsv	24626	exact_candidate_absolute_path,ttbar_100k,ttbar_100k_shard000,ttbar_100k_shard000_hh4b_candidates.parquet	2,32,33,34,35,36,37,38,39,40,41,42,43,44,45,46,47,48,49,50,51,52,53	23	134a9631c8981e1757d927c7fd02d4cfc1c94c1dba3ab6f72650b7cbc8b9e712	False	True	exact_legacy_text_reference
/uscms_data/d3/iturkmen/repos/hh-bbww-baselines	/uscms_data/d3/iturkmen/repos/hh-bbww-baselines/outputs/agent_runs/background_5m_ttbar_replacement_source_inventory_20260723_v1/ttbar_metadata_file_inventory.tsv	8519	ttbar_100k,ttbar_100k_shard000	15,16,17,18,19,20,21,22,23,24,25,26,27,28,29,30,31,32,33,34,35,36	22	02770edb4dd083e32a9b4b67abac5b113ed48a5d0c989bab2a25a7df3b1098bb	False	True	exact_legacy_text_reference
/uscms_data/d3/iturkmen/repos/hh-bbww-baselines	/uscms_data/d3/iturkmen/repos/hh-bbww-baselines/outputs/agent_runs/background_5m_ttbar_replacement_source_inventory_20260723_v1/ttbar_replacement_source_inventory.json	2458	ttbar_100k	25,26,27,28,29,30,31,32	8	84175c98009a8c257dd1079140f0d3f49aa29c4e8211a0d72a98a18b2814f448	False	True	exact_legacy_text_reference
/uscms_data/d3/iturkmen/repos/hh-bbww-baselines	/uscms_data/d3/iturkmen/repos/hh-bbww-baselines/outputs/agent_runs/background_5m_ttbar_final_root_lineage_audit_20260724_v1/ttbar_final_root_lineage_audit.tsv	126479	ttbar_100k,ttbar_100k_shard000	18	1	765f4f8e1ded711e606398212f9ffc84df35fdb60db421109f672a43e982a064	False	True	exact_legacy_text_reference
/uscms_data/d3/iturkmen/repos/hh-bbww-baselines	/uscms_data/d3/iturkmen/repos/hh-bbww-baselines/outputs/agent_runs/background_5m_ttbar_targeted_lineage_evidence_20260724_v1/ttbar_targeted_lineage_evidence.json	31715	exact_candidate_absolute_path,ttbar_100k,ttbar_100k_shard000,ttbar_100k_shard000_hh4b_candidates.parquet	2,4,11,12,13,18,19,23,28,29,33,38,43,58,59,60,65,68,70,73	20	d4ddb61e5cd50d278683f28fb47e0fdd94bdfceec40f9c4869782acf31a9a2e2	False	True	exact_legacy_text_reference
/uscms_data/d3/iturkmen/repos/hh-bbww-baselines	/uscms_data/d3/iturkmen/repos/hh-bbww-baselines/outputs/agent_runs/background_5m_ttbar_targeted_lineage_evidence_20260724_v1/ttbar_targeted_lineage_evidence.tsv	1650	ttbar_100k,ttbar_100k_shard000	2	1	764ade4df417c3a9fd7523dae0b4cfe1add08855bbfed78f8f410847c3a47eab	False	True	exact_legacy_text_reference
/uscms_data/d3/iturkmen/repos/hh-bbww-baselines	/uscms_data/d3/iturkmen/repos/hh-bbww-baselines/outputs/agent_runs/background_5m_ttbar_generator_identity_audit_20260724_v1/ttbar_generator_identity_audit.tsv	10901	ttbar_100k,ttbar_100k_shard000	18	1	fd9bf87ae26b932627fa79f5449379a525197dce27e35537a43daa33b9da9967	False	True	exact_legacy_text_reference
/uscms_data/d3/iturkmen/repos/hh-bbww-baselines	/uscms_data/d3/iturkmen/repos/hh-bbww-baselines/outputs/agent_runs/background_5m_ttbar_generator_identity_audit_20260724_v1/targeted_provenance_hits.json	11694	exact_candidate_absolute_path,ttbar_100k,ttbar_100k_shard000,ttbar_100k_shard000_hh4b_candidates.parquet	4,9,12,57,63,102	6	7c7eab874c32ba99c8296d6530cd2061da4d5b6f3e29ad447d3fd15440903a79	False	True	exact_legacy_text_reference
/uscms_data/d3/iturkmen/repos/hh-bbww-baselines	/uscms_data/d3/iturkmen/repos/hh-bbww-baselines/outputs/agent_runs/hh4b_ttbar8_exact_regeneration_canary_submission_20260727_v1/hh4b_ttbar8_exact_regeneration_canary.sub	5257	ttbar_100k	5,15,16,26	4	5081edf64f9e1e488195a8016fc2461eb525ba7bcba298e92e0ff06699d0b47d	False	True	exact_legacy_text_reference
/uscms_data/d3/iturkmen/repos/hh-bbww-baselines	/uscms_data/d3/iturkmen/repos/hh-bbww-baselines/outputs/agent_runs/hh4b_ttbar8_exact_regeneration_canary_submission_20260727_v1/preparation.json	570	ttbar_100k	4	1	e06ba7b725b3aa0a92af8324892ec5d2d3175609a0077f695f1f4ad496778fd6	False	True	exact_legacy_text_reference
/uscms_data/d3/iturkmen/repos/hh-bbww-baselines	/uscms_data/d3/iturkmen/repos/hh-bbww-baselines/outputs/agent_runs/hh4b_ttbar8_exact_regeneration_prepare_20260727_v1/hh4b_ttbar8_canary.sub	899	ttbar_100k	22	1	1979e63c83f33b18621e79fedd250868c2e87b754382ba096dcb1fd3e48394fd	False	True	exact_legacy_text_reference
/uscms_data/d3/iturkmen/repos/hh-bbww-baselines	/uscms_data/d3/iturkmen/repos/hh-bbww-baselines/outputs/agent_runs/hh4b_ttbar8_exact_regeneration_prepare_20260727_v1/hh4b_ttbar8_scaleout.sub	1091	ttbar_100k	22,23,24,25,26,27,28	7	a05ef57365b1ae2d43594a6db672ac0b83f600fe8ce1615584a45d820e142ca6	False	True	exact_legacy_text_reference
/uscms_data/d3/iturkmen/repos/hh-bbww-baselines	/uscms_data/d3/iturkmen/repos/hh-bbww-baselines/outputs/agent_runs/hh4b_ttbar8_exact_regeneration_prepare_20260727_v1/preparation_manifest.json	718	ttbar_100k	3	1	73a66b36f8ac237f96c0ff9d190c3761cfb9b674eadde690474b2e5707eb5fab	False	True	exact_legacy_text_reference
/uscms_data/d3/iturkmen/repos/hh-bbww-baselines	/uscms_data/d3/iturkmen/repos/hh-bbww-baselines/outputs/agent_runs/hh4b_ttbar8_canary_retry1_prepare_20260727_v1/hh4b_ttbar8_exact_regeneration_canary_retry1.sub	2217	ttbar_100k	5,16,18,27	4	30bcbe8a2d7128c869cee339df833fc023320775b1efed745a14cdd97ccdfe64	False	True	exact_legacy_text_reference
/uscms_data/d3/iturkmen/repos/hh-bbww-baselines	/uscms_data/d3/iturkmen/repos/hh-bbww-baselines/outputs/agent_runs/hh4b_ttbar8_canary_retry1_prepare_20260727_v1/preparation.json	3396	ttbar_100k	63,77,81	3	3593b13201ee1e1c0f7dfc31dcff592b21375b752e6ea898e2157fe09fbb4471	False	True	exact_legacy_text_reference
/uscms_data/d3/iturkmen/repos/hh-bbww-baselines	/uscms_data/d3/iturkmen/repos/hh-bbww-baselines/outputs/agent_runs/hh4b_ttbar8_exact_regeneration_canary_failure_20260727_v1/canary_live_classad.tsv	5258	ttbar_100k	2	1	6cbf2ec813eec279a59e4092a1a5f5adea293cc0b79daef432d18c502474120e	False	True	exact_legacy_text_reference
/uscms_data/d3/iturkmen/repos/hh-bbww-baselines	/uscms_data/d3/iturkmen/repos/hh-bbww-baselines/outputs/agent_runs/hh4b_ttbar8_exact_regeneration_canary_failure_20260727_v1/canary_live_classad.md	5514	ttbar_100k	3	1	b330adcc01054063624c551afe14621e9e0cd9f1ed701a60a94199a655327105	False	True	exact_legacy_text_reference
/uscms_data/d3/iturkmen/repos/hh-bbww-baselines	/uscms_data/d3/iturkmen/repos/hh-bbww-baselines/outputs/agent_runs/hh4b_ttbar8_exact_regeneration_canary_failure_20260727_v1/canary_scheduler_event_audit.tsv	3187	ttbar_100k	11,12,13	3	b2eeda13c376ea69699aea6a6bbca25dd3853d89643282ffb71b00c45df6c7b6	False	True	exact_legacy_text_reference
/uscms_data/d3/iturkmen/repos/hh-bbww-baselines	/uscms_data/d3/iturkmen/repos/hh-bbww-baselines/outputs/agent_runs/hh4b_ttbar8_exact_regeneration_canary_failure_20260727_v1/canary_scheduler_event_audit.md	3354	ttbar_100k	12,13,14	3	576a1e4a7db49ce8db72e26325ae924acb4f59834b0e62c0783209b507876269	False	True	exact_legacy_text_reference
/uscms_data/d3/iturkmen/repos/hh-bbww-baselines	/uscms_data/d3/iturkmen/repos/hh-bbww-baselines/outputs/agent_runs/hh4b_ttbar8_exact_regeneration_canary_failure_20260727_v1/canary_log_inventory.tsv	4538	ttbar_100k	7,8,9,10,11,12,13,14,15,16	10	7f10dc84de05332d5f3c371af0e7c8165fb0af77ed7320377813e91a4f5e9ebe	False	True	exact_legacy_text_reference
/uscms_data/d3/iturkmen/repos/hh-bbww-baselines	/uscms_data/d3/iturkmen/repos/hh-bbww-baselines/outputs/agent_runs/hh4b_ttbar8_exact_regeneration_canary_failure_20260727_v1/canary_log_inventory.md	4838	ttbar_100k	8,9,10,11,12,13,14,15,16,17	10	4baa97b085b90278e644e2776d28950988e4362d49b6e0ecf7c49c7bb3664880	False	True	exact_legacy_text_reference
/uscms_data/d3/iturkmen/repos/hh-bbww-baselines	/uscms_data/d3/iturkmen/repos/hh-bbww-baselines/outputs/agent_runs/hh4b_ttbar8_exact_regeneration_canary_failure_20260727_v1/canary_production_stage_audit.tsv	3755	ttbar_100k	4,5,6,7,8,9,10,11,12	9	c183226acad757ded0f99df3d301bd911765ff959f033376be30f563effe6bb3	False	True	exact_legacy_text_reference
/uscms_data/d3/iturkmen/repos/hh-bbww-baselines	/uscms_data/d3/iturkmen/repos/hh-bbww-baselines/outputs/agent_runs/hh4b_ttbar8_exact_regeneration_canary_failure_20260727_v1/canary_production_stage_audit.md	4051	ttbar_100k	5,6,7,8,9,10,11,12,13	9	08dafb0f7d5c2577607a52da170f3a932ba9d484e5ac23ab72573c56ee0087c6	False	True	exact_legacy_text_reference
/uscms_data/d3/iturkmen/repos/hh-bbww-baselines	/uscms_data/d3/iturkmen/repos/hh-bbww-baselines/outputs/agent_runs/hh4b_ttbar8_exact_regeneration_canary_failure_20260727_v1/canary_expected_vs_observed_outputs.tsv	4281	ttbar_100k	2,3,4,5,6,7,8,9,10,11,12,13,14	13	4a41b51950c5776c415377a0cf7193a83ce9b8eda21f6054fd2f5dbcb468109c	False	True	exact_legacy_text_reference
/uscms_data/d3/iturkmen/repos/hh-bbww-baselines	/uscms_data/d3/iturkmen/repos/hh-bbww-baselines/outputs/agent_runs/hh4b_ttbar8_exact_regeneration_canary_failure_20260727_v1/canary_expected_vs_observed_outputs.md	4593	ttbar_100k	3,4,5,6,7,8,9,10,11,12,13,14,15	13	7eb887a544348e68f51020d7c0a2c104277b96152fd4eabc7c034194db725d72	False	True	exact_legacy_text_reference
/uscms_data/d3/iturkmen/repos/hh-bbww-baselines	/uscms_data/d3/iturkmen/repos/hh-bbww-baselines/outputs/agent_runs/hh4b_ttbar8_exact_regeneration_canary_failure_20260727_v1/canary_output_path_contract_audit.tsv	2237	ttbar_100k	4,5,6,7	4	0ab877271f7c4c5314723069f05c54581c558e2e696c1eaff686082309c6e5d6	False	True	exact_legacy_text_reference
/uscms_data/d3/iturkmen/repos/hh-bbww-baselines	/uscms_data/d3/iturkmen/repos/hh-bbww-baselines/outputs/agent_runs/hh4b_ttbar8_exact_regeneration_canary_failure_20260727_v1/canary_output_path_contract_audit.md	2353	ttbar_100k	5,6,7,8	4	98752f343894c9437b6b5cf94769c674f1871d6fcfdfc0ec6143932f95872ad5	False	True	exact_legacy_text_reference
/uscms_data/d3/iturkmen/repos/hh-bbww-baselines	/uscms_data/d3/iturkmen/repos/hh-bbww-baselines/outputs/agent_runs/hh4b_ttbar8_exact_regeneration_canary_failure_20260727_v1/canary_wrapper_failure_propagation_audit.tsv	1698	ttbar_100k	3,4	2	40b6d00758fd85ef71a37bc1619d999e2a83856ad8e145c7d2b8864931d88527	False	True	exact_legacy_text_reference
/uscms_data/d3/iturkmen/repos/hh-bbww-baselines	/uscms_data/d3/iturkmen/repos/hh-bbww-baselines/outputs/agent_runs/hh4b_ttbar8_exact_regeneration_canary_failure_20260727_v1/canary_wrapper_failure_propagation_audit.md	1829	ttbar_100k	4,5	2	4575543083a0f1790a67d9db5c1a27a2a67b51a20ef3ddf3225a08e27a385dcc	False	True	exact_legacy_text_reference
/uscms_data/d3/iturkmen/repos/hh-bbww-baselines	/uscms_data/d3/iturkmen/repos/hh-bbww-baselines/outputs/agent_runs/hh4b_ttbar8_exact_regeneration_canary_failure_20260727_v1/summary.json	1973	ttbar_100k	29	1	7800aaab9ea6d2be96f3c8e931268c8d3ec1f9e695d91042f654e1a5ca16639f	False	True	exact_legacy_text_reference
/uscms_data/d3/iturkmen/repos/hh-bbww-baselines	/uscms_data/d3/iturkmen/repos/hh-bbww-baselines/outputs/agent_runs/hh4b_ttbar8_exact_regeneration_canary_failure_20260727_v1/checkpoint.json	775	ttbar_100k	8	1	7c4dbb4fcb5cf77bd0b59b7c1ccdb9f58f8607d995534b477277736dbea356c9	False	True	exact_legacy_text_reference
/uscms_data/d3/iturkmen/repos/hh-bbww-baselines	/uscms_data/d3/iturkmen/repos/hh-bbww-baselines/outputs/agent_runs/hh4b_ttbar8_canary_retry1_submission_20260727_v1/submission_record.json	12385	ttbar_100k	56,70,74,97,112,182,207,214,226,228,233	11	91506b18162059d8ca98edc8e65e2a92e3824600818e78787f46c717a725c1c7	False	True	exact_legacy_text_reference
/uscms_data/d3/iturkmen/repos/hh-bbww-baselines	/uscms_data/d3/iturkmen/repos/hh-bbww-baselines/outputs/agent_runs/hh4b_ttbar8_canary_retry1_submission_20260727_v1/original_held_job_archive/job_3654710_0.classad.txt	11363	ttbar_100k	7,14,53,164,165,170	6	9ae21d1fa47e57665311318d93f267e118392d332dcc4442ec03faf065d198fe	False	True	exact_legacy_text_reference
/uscms_data/d3/iturkmen/repos/hh-bbww-baselines	/uscms_data/d3/iturkmen/repos/hh-bbww-baselines/outputs/agent_runs/hh4b_ttbar8_canary_retry1_submission_20260727_v1/original_held_job_archive/userlog_canary.3654710.log	3430	ttbar_100k	33,42,52	3	dcd352744b01a65b87d7fda295ad785f0d54b0144c8aba72005c01ecdc815558	False	True	exact_legacy_text_reference
/uscms_data/d3/iturkmen/repos/hh-bbww-baselines	/uscms_data/d3/iturkmen/repos/hh-bbww-baselines/outputs/agent_runs/hh4b_ttbar8_canary_retry1_submission_20260727_v1/original_held_job_archive/out_canary.3654710.0.out	130459	ttbar_100k	3,253,254,255,256,257,258,259,260,261,262,352,353,354,355,356,357,358,359,360,361,393,394,395,396,397,398,399,400,401,402,560,561,562,563,564,565,566,567,568,569,898,900,901,951,1030,1066,3225,3277	49	e69f5e1a30429d20d8dfc015e286cd0926223a1b8e6b5757c077267d51969e8c	False	True	exact_legacy_text_reference
/uscms_data/d3/iturkmen/repos/hh-bbww-baselines	/uscms_data/d3/iturkmen/repos/hh-bbww-baselines/outputs/agent_runs/hh4b_ttbar8_canary_retry1_activation_20260727_v1/pre_activation_classad.txt	4852	ttbar_100k	3,79,93,96	4	009589da46345fbfca625febd9fe365978a5375629c57649c5c3242f826a63bc	False	True	exact_legacy_text_reference
/uscms_data/d3/iturkmen/repos/hh-bbww-baselines	/uscms_data/d3/iturkmen/repos/hh-bbww-baselines/outputs/agent_runs/hh4b_ttbar8_canary_retry1_activation_20260727_v1/pre_activation_identity.txt	772	ttbar_100k	7,13	2	c8a320647d9f3254b6bd1f7f001e969ede60fad1af5e09299f6d325fb70682c5	False	True	exact_legacy_text_reference
/uscms_data/d3/iturkmen/repos/hh-bbww-baselines	/uscms_data/d3/iturkmen/repos/hh-bbww-baselines/outputs/agent_runs/hh4b_ttbar8_canary_retry1_activation_fix_20260727_v2/pre_release_identity.txt	647	ttbar_100k	7,12	2	0d732f5d3c3386da33eb6914b1a05640d7d5f9d8cb00c809b340dac5bae55e9a	False	True	exact_legacy_text_reference
/uscms_data/d3/iturkmen/repos/hh-bbww-baselines	/uscms_data/d3/iturkmen/repos/hh-bbww-baselines/outputs/agent_runs/hh4b_ttbar8_canary_retry1_activation_fix_20260727_v2/pre_release_classad.txt	4841	ttbar_100k	3,79,93,96	4	0f2fa13fcbe3fef02ecc96448adc10fa4d704f531f62fc626c71865c00bc8882	False	True	exact_legacy_text_reference
/uscms_data/d3/iturkmen/repos/hh-bbww-baselines	/uscms_data/d3/iturkmen/repos/hh-bbww-baselines/outputs/agent_runs/hh4b_ttbar8_canary_retry1_activation_fix_20260727_v2/post_edit_classad.txt	4841	ttbar_100k	3,79,93,96	4	0f2fa13fcbe3fef02ecc96448adc10fa4d704f531f62fc626c71865c00bc8882	False	True	exact_legacy_text_reference
/uscms_data/d3/iturkmen/repos/hh-bbww-baselines	/uscms_data/d3/iturkmen/repos/hh-bbww-baselines/outputs/agent_runs/hh4b_ttbar8_canary_retry1_activation_fix_20260727_v2/post_release_classad.txt	4973	ttbar_100k	3,83,97,100	4	844fe936d16306edc3428a479ffd4da973eec2deaeb5255104a08cbdf793b87a	False	True	exact_legacy_text_reference
/uscms_data/d3/iturkmen/repos/hh-bbww-baselines	/uscms_data/d3/iturkmen/repos/hh-bbww-baselines/outputs/agent_runs/hh4b_ttbar8_canary_retry1_activation_fix_20260727_v2/activation_summary.json	847	ttbar_100k	4	1	402e911ab604c6a6e57e6ed440c770435813c93cda0551dd57b910903418be2e	False	True	exact_legacy_text_reference
/uscms_data/d3/iturkmen/repos/hh-bbww-baselines	/uscms_data/d3/iturkmen/repos/hh-bbww-baselines/outputs/agent_runs/hh4b_ttbar8_canary_retry1_failure_audit_20260727_v1/retry1_identity.txt	592	ttbar_100k	1	1	7c0b662f9e03ae859b23806d651993ed3f04ef5ed4a2bff4570f0c42a4f22f03	False	True	exact_legacy_text_reference
/uscms_data/d3/iturkmen/repos/hh-bbww-baselines	/uscms_data/d3/iturkmen/repos/hh-bbww-baselines/outputs/agent_runs/hh4b_ttbar8_canary_retry1_failure_audit_20260727_v1/retry1_live_classad.txt	8644	ttbar_100k	7,47,142,159,166,171	6	347a88a81c8fcab0bd567d757aef395deaeeb08e53d8a6d5cad450b90b08aa4d	False	True	exact_legacy_text_reference
/uscms_data/d3/iturkmen/repos/hh-bbww-baselines	/uscms_data/d3/iturkmen/repos/hh-bbww-baselines/outputs/agent_runs/hh4b_ttbar8_canary_retry1_failure_audit_20260727_v1/retry1.3654939.log	3464	ttbar_100k	28,37,47	3	495f90f84bf0b9af60dd9df11c8d3926bb4d006015ab1bb170a81b6215806ba1	False	True	exact_legacy_text_reference
/uscms_data/d3/iturkmen/repos/hh-bbww-baselines	/uscms_data/d3/iturkmen/repos/hh-bbww-baselines/outputs/agent_runs/hh4b_ttbar8_canary_retry1_failure_audit_20260727_v1/retry1.3654939.0.out	992	ttbar_100k	3	1	e2dadfeef0051f6b82ba586f1383c0805cd7e266adf0566164e279f7cc90003d	False	True	exact_legacy_text_reference
/uscms_data/d3/iturkmen/repos/hh-bbww-baselines	/uscms_data/d3/iturkmen/repos/hh-bbww-baselines/outputs/agent_runs/hh4b_ttbar8_canary_retry1_failure_audit_20260727_v1/retry1_transfer_failure.txt	1302	ttbar_100k	1,2,3	3	99fb577989af3fbcf9620a4f974283a2f275188d38233063c7799432cb9fe4a4	False	True	exact_legacy_text_reference
/uscms_data/d3/iturkmen/repos/hh-bbww-baselines	/uscms_data/d3/iturkmen/repos/hh-bbww-baselines/outputs/agent_runs/hh4b_ttbar8_canary_retry1_failure_audit_20260727_v1/retry1_return_path.txt	1366	ttbar_100k	1,20	2	19cec83bdee73dd0d1e8b072c629b3978fe0d524f054d0aa8e67f12052e995bd	False	True	exact_legacy_text_reference
/uscms_data/d3/iturkmen/repos/hh-bbww-baselines	/uscms_data/d3/iturkmen/repos/hh-bbww-baselines/outputs/agent_runs/hh4b_ttbar8_canary_retry1_failure_audit_20260727_v1/retry1_return_path_namei.txt	479	ttbar_100k	1	1	d0f9959d09480c9e4bceb17ba0c83ec80308c9b44d099e6e254ce9ef7bfb1def	False	True	exact_legacy_text_reference
/uscms_data/d3/iturkmen/repos/hh-bbww-baselines	/uscms_data/d3/iturkmen/repos/hh-bbww-baselines/outputs/agent_runs/hh4b_ttbar8_canary_retry1_failure_audit_20260727_v1/retry1_wrapper_numbered.txt	14661	ttbar_100k	5,8,10	3	7fdb969060cdc6313a4acd4bea9886c0960c0d676e8f0f35260ef6bdd6dbee6d	False	True	exact_legacy_text_reference
/uscms_data/d3/iturkmen/repos/hh-bbww-baselines	/uscms_data/d3/iturkmen/repos/hh-bbww-baselines/outputs/agent_runs/hh4b_ttbar8_canary_retry1_failure_audit_20260727_v1/retry1_submit_numbered.txt	2483	ttbar_100k	5,16,18,27	4	e3ce77a753bab08213dfc142489b1eebd52b832c1b2fd6a35c0a742209d80d15	False	True	exact_legacy_text_reference
/uscms_data/d3/iturkmen/repos/hh-bbww-baselines	/uscms_data/d3/iturkmen/repos/hh-bbww-baselines/outputs/agent_runs/hh4b_ttbar8_canary_retry1_failure_audit_20260727_v1/summary.json	950	ttbar_100k	5	1	1503921f005365abcb9dacb04398402ab742be720e2496cf64ba4346bace8bcc	False	True	exact_legacy_text_reference
/uscms_data/d3/iturkmen/repos/hh-bbww-baselines	/uscms_data/d3/iturkmen/repos/hh-bbww-baselines/outputs/agent_runs/hh4b_ttbar8_canary_retry2_submission_20260727_v1/pre_submission.json	550	ttbar_100k	2	1	453b9e305d2cba4e8a4f31f462bd8c281696851851f49bc4d5fd74ba6d35e49b	False	True	exact_legacy_text_reference
/uscms_data/d3/iturkmen/repos/hh-bbww-baselines	/uscms_data/d3/iturkmen/repos/hh-bbww-baselines/outputs/agent_runs/hh4b_ttbar8_canary_retry2_submission_20260727_v1/retry2_initial_queue_record.txt	191	ttbar_100k	1	1	959b7027572ac3a70d25f5ead9fe66db49ffd2f163b612a2026efcb6b61afa66	False	True	exact_legacy_text_reference
/uscms_data/d3/iturkmen/repos/hh-bbww-baselines	/uscms_data/d3/iturkmen/repos/hh-bbww-baselines/outputs/agent_runs/hh4b_ttbar8_canary_retry2_submission_20260727_v1/submission_record.json	817	ttbar_100k	9	1	50d37f348230001f559af4d937c42c41d38445368045fa84e80e2c7b21902a9d	False	True	exact_legacy_text_reference
/uscms_data/d3/iturkmen/repos/hh-bbww-baselines	/uscms_data/d3/iturkmen/repos/hh-bbww-baselines/outputs/agent_runs/hh4b_ttbar8_canary_retry2_submission_20260727_v1/retry1_archive/retry1.3654939.classad.txt	8644	ttbar_100k	7,47,142,159,166,171	6	618b6a6430db942d0b41ffa7a70e51d1cb6d572461553942ea8367b2fcce5c73	False	True	exact_legacy_text_reference
/uscms_data/d3/iturkmen/repos/hh-bbww-baselines	/uscms_data/d3/iturkmen/repos/hh-bbww-baselines/outputs/agent_runs/hh4b_ttbar8_canary_retry2_submission_20260727_v1/retry1_archive/retry1.3654939.log	3464	ttbar_100k	28,37,47	3	495f90f84bf0b9af60dd9df11c8d3926bb4d006015ab1bb170a81b6215806ba1	False	True	exact_legacy_text_reference
/uscms_data/d3/iturkmen/repos/hh-bbww-baselines	/uscms_data/d3/iturkmen/repos/hh-bbww-baselines/outputs/agent_runs/hh4b_ttbar8_canary_retry2_submission_20260727_v1/retry1_archive/retry1.3654939.0.out	992	ttbar_100k	3	1	e2dadfeef0051f6b82ba586f1383c0805cd7e266adf0566164e279f7cc90003d	False	True	exact_legacy_text_reference
/uscms_data/d3/iturkmen/repos/hh-bbww-baselines	/uscms_data/d3/iturkmen/repos/hh-bbww-baselines/outputs/agent_runs/hh4b_ttbar8_canary_retry2_monitor_20260727_v1/stdout_tail.txt	1066	ttbar_100k	3,11	2	3fd063bffdd2c104011a08e8616690bb167414d253e0018470d49be01702f1cd	False	True	exact_legacy_text_reference
/uscms_data/d3/iturkmen/repos/hh-bbww-baselines	/uscms_data/d3/iturkmen/repos/hh-bbww-baselines/outputs/agent_runs/hh4b_ttbar8_canary_retry2_monitor_20260727_v1/returned_file_inventory.tsv	574	ttbar_100k	4,5,6,7,8,9,10,11	8	324dba8bde870b8c7d8a1337195b33c0dcb64c03b9bfebdedcbcff126fb21493	False	True	exact_legacy_text_reference
/uscms_data/d3/iturkmen/repos/hh-bbww-baselines	/uscms_data/d3/iturkmen/repos/hh-bbww-baselines/outputs/agent_runs/hh4b_ttbar8_canary_retry2_prevalidation_20260728_v2/required_products.tsv	1499	ttbar_100k	1,2,3,4,5,6,7,8	8	7248aec903c79bd4a796c6b2c96cb08581a6d5bd6e6996acc8edade978fb70e1	False	True	exact_legacy_text_reference
/uscms_data/d3/iturkmen/repos/hh-bbww-baselines	/uscms_data/d3/iturkmen/repos/hh-bbww-baselines/outputs/agent_runs/hh4b_ttbar8_canary_retry2_prevalidation_20260728_v2/returned_checksum_validation.txt	462	ttbar_100k	4,5,6,7,8,9,10	7	7a9de5c68da923b5a240c869a639d35cd14db7bacb285d291dd3c475078c3ce4	False	True	exact_legacy_text_reference
/uscms_data/d3/iturkmen/repos/hh-bbww-baselines	/uscms_data/d3/iturkmen/repos/hh-bbww-baselines/outputs/agent_runs/hh4b_ttbar8_canary_retry2_prevalidation_20260728_v2/prevalidation_summary.json	919	ttbar_100k	12	1	a1d3355848b38318550a0a41ca6bbcbab9bed4596311e2176f3ee9a4a596a29b	False	True	exact_legacy_text_reference
/uscms_data/d3/iturkmen/repos/hh-bbww-baselines	/uscms_data/d3/iturkmen/repos/hh-bbww-baselines/outputs/agent_runs/hh4b_full_5m_background_and_signal_coverage_20260727_v1/member_coverage.tsv	497461	exact_candidate_absolute_path,ttbar_100k,ttbar_100k_shard000,ttbar_100k_shard000_hh4b_candidates.parquet	326,327,328,329,330,331,348,349,350	9	b0898a0120f35fdecc176853e806f608eff1378ce139d8c957c06e7bea251175	False	True	exact_legacy_text_reference
/uscms_data/d3/iturkmen/repos/hh-bbww-baselines	/uscms_data/d3/iturkmen/repos/hh-bbww-baselines/outputs/agent_runs/hh4b_ttbar27_canonical72_recovery_20260727_v1/execution_record.json	7546	ttbar_100k,ttbar_100k_shard000	12,14,19,30,32,34,37,48,50,52,55	11	1f2908af7f926e648ccc4b057ac91b9ec5588dc315860d2e42d369f91fd4369b	False	True	exact_legacy_text_reference
/uscms_data/d3/iturkmen/repos/hh-bbww-baselines	/uscms_data/d3/iturkmen/repos/hh-bbww-baselines/outputs/agent_runs/hh4b_ttbar8_canary_retry2_legacy_diagnostic_20260728_v1/legacy_relationship.json	1542	ttbar_100k	41,86	2	49b139b6270ff89da4f686135fd6db59e49a434de8df1b1f13fe49bd3f5ec9eb	False	True	exact_legacy_text_reference
/uscms_data/d3/iturkmen/repos/hh-bbww-baselines	/uscms_data/d3/iturkmen/repos/hh-bbww-baselines/outputs/agent_runs/hh4b_ttbar7_scaleout_preflight_20260728_v2/scaleout_members.tsv	602	ttbar_100k	2,3,4,5,6,7,8	7	c4dcb227259afb1ac9a0b469335fbea54243404dbc647a62a6769e2777d2b823	False	True	exact_legacy_text_reference
/uscms_data/d3/iturkmen/repos/hh-bbww-baselines	/uscms_data/d3/iturkmen/repos/hh-bbww-baselines/outputs/agent_runs/hh4b_ttbar7_scaleout_preflight_20260728_v2/frozen_contract_extract.json	1190	ttbar_100k	20,21,22,23,24,25,26,41	8	5bb81717c0cf46caa89e07898f4a59375239c0d88e7571e373436affa13a2d3a	False	True	exact_legacy_text_reference
/uscms_data/d3/iturkmen/repos/hh-bbww-baselines	/uscms_data/d3/iturkmen/repos/hh-bbww-baselines/outputs/agent_runs/hh4b_ttbar7_scaleout_preflight_20260728_v2/original_payload_members.txt	53690	ttbar_100k	455,456,457,458,459,460,461,462,463,464,594,595,596,597,598,599,600,601,602,603,702,703,704,705,706,707,708,709,710,711,844,845,846,847,848,849,850,851,852,853	40	84b1338fc27f11b5abf54a6c978dec12eced6737ff407257ae23f31a600a1d68	False	True	exact_legacy_text_reference
/uscms_data/d3/iturkmen/repos/hh-bbww-baselines	/uscms_data/d3/iturkmen/repos/hh-bbww-baselines/outputs/agent_runs/hh4b_ttbar7_scaleout_preflight_20260728_v2/summary.json	3195	ttbar_100k	24,25,32,33,40,41,48,49,56,57,64,65,72,73,82	15	cc0c7cb16a7b90f82900a9f6af0f679d3ee04258db61a0fa629f8044966d05d1	False	True	exact_legacy_text_reference
/uscms_data/d3/iturkmen/repos/hh-bbww-baselines	/uscms_data/d3/iturkmen/repos/hh-bbww-baselines/outputs/agent_runs/hh4b_ttbar7_scaleout_submission_20260728_v1/live_jobs.json	56183	ttbar_100k	9,143,174,185,201,332,363,374,390,521,552,563,579,710,741,752,768,899,930,941,957,1088,1119,1130,1143,1248,1276,1284	28	daa893a615498c9d720debc6e0c12691313e911cb18df30e52413cc35bef7db2	False	True	exact_legacy_text_reference
/uscms_data/d3/iturkmen/repos/hh-bbww-baselines	/uscms_data/d3/iturkmen/repos/hh-bbww-baselines/outputs/agent_runs/hh4b_ttbar7_scaleout_submission_20260728_v1/job_state.tsv	1187	ttbar_100k	2,3,4,5,6,7,8	7	526aa01902036f506d9043483338a7de1e20b9048e4865672802c3fca7db6515	False	True	exact_legacy_text_reference
/uscms_data/d3/iturkmen/repos/hh-bbww-baselines	/uscms_data/d3/iturkmen/repos/hh-bbww-baselines/outputs/agent_runs/hh4b_ttbar7_scaleout_submission_20260728_v1/held_job_diagnostic_20260728_v1/current_jobs.json	57433	ttbar_100k	9,143,174,185,201,332,363,374,390,521,552,563,579,710,741,752,768,899,930,941,957,1088,1119,1130,1146,1277,1308,1319	28	165566eebe6c7a997301346af2b5bd52b2f584a63533d55e0d3110a93eff2f9d	False	True	exact_legacy_text_reference
/uscms_data/d3/iturkmen/repos/hh-bbww-baselines	/uscms_data/d3/iturkmen/repos/hh-bbww-baselines/outputs/agent_runs/hh4b_ttbar7_scaleout_submission_20260728_v1/held_job_diagnostic_20260728_v1/held_jobs_relevant_ads.txt	8789	ttbar_100k	16,33,50,67,84,101,118	7	6568d1d8b57dc4d30dc64970ab0d725f49a49d292d44d1b901dd5546b1d00227	False	True	exact_legacy_text_reference
/uscms_data/d3/iturkmen/repos/hh-bbww-baselines	/uscms_data/d3/iturkmen/repos/hh-bbww-baselines/outputs/agent_runs/hh4b_ttbar7_scaleout_submission_20260728_v1/held_job_diagnostic_20260728_v1/job_diagnostic.tsv	5164	ttbar_100k	2,3,4,5,6,7,8	7	4d431c6dbc6e8158b63a9b6fde3c7d460b37a317004b2b670bb9dea1d88d679f	False	True	exact_legacy_text_reference
/uscms_data/d3/iturkmen/repos/hh-bbww-baselines	/uscms_data/d3/iturkmen/repos/hh-bbww-baselines/outputs/agent_runs/hh4b_ttbar7_scaleout_submission_20260728_v1/held_job_diagnostic_20260728_v1/proc_log_tails.txt	84148	ttbar_100k	22,74,193,245,364,416,535,587,706,758,877,929,1048,1100	14	bdaac66e9d07b3c1446b5dccebdb18a10df3355f53f2951cec68536a1ccaeede	False	True	exact_legacy_text_reference
/uscms_data/d3/iturkmen/repos/hh-bbww-baselines	/uscms_data/d3/iturkmen/repos/hh-bbww-baselines/outputs/agent_runs/hh4b_ttbar7_scaleout_submission_20260728_v1/held_job_diagnostic_20260728_v1/return_file_inventory.tsv	5901	ttbar_100k	1,2,3,4,5,6,7,8,9,10,11,12,13,14,15,16,17,18,19,20,21,22,23,24,25,26,27,28,29,30,31,32,33,34,35,36,37,38,39,40,41,42,43,44,45,46,47,48,49,50,51,52,53,54,55,56,57,58,59,60,61,62,63,64,65,66,67,68,69,70	70	8a354ec1bf3e25d8aecdbee936c2c9dedb4e5aa2cca82f882453ae7b126e42e2	False	True	exact_legacy_text_reference
/uscms_data/d3/iturkmen/repos/hh-bbww-baselines	/uscms_data/d3/iturkmen/repos/hh-bbww-baselines/outputs/agent_runs/hh4b_ttbar7_scaleout_submission_20260728_v1/held_job_diagnostic_20260728_v1/final_status_receipts.txt	2821	ttbar_100k	2,6,12,16,22,26,32,36,42,46,52,56,62,66	14	b99466938b78f357706a1a2625953c3f74e246d855def8fdd572189efe48e1fd	False	True	exact_legacy_text_reference
/uscms_data/d3/iturkmen/repos/hh-bbww-baselines	/uscms_data/d3/iturkmen/repos/hh-bbww-baselines/outputs/agent_runs/hh4b_ttbar7_reconstruction_envfix_canary_20260728_v1/root_inventory.tsv	2056	ttbar_100k	2,3,4,5,6,7,8	7	b1ff92e3f954e31ddc35e5aec26a97c1f39c0cabe4267d56e210387bff431ea8	False	True	exact_legacy_text_reference
/uscms_data/d3/iturkmen/repos/hh-bbww-baselines	/uscms_data/d3/iturkmen/repos/hh-bbww-baselines/outputs/agent_runs/hh4b_ttbar7_reconstruction_envfix_canary_20260728_v2/exact_image_canary.log	1211	ttbar_100k	7,12,23	3	5f4c82bbc75cc020960cbb29b98a3b21599524f8a63ae83de5ea8ff6369e9956	False	True	exact_legacy_text_reference
/uscms_data/d3/iturkmen/repos/hh-bbww-baselines	/uscms_data/d3/iturkmen/repos/hh-bbww-baselines/outputs/agent_runs/hh4b_ttbar7_reconstruction_envfix_canary_20260728_v2/summary.json	1868	ttbar_100k	4,5	2	6fb39be14ee233c23cdbce2c7f4b4c3712a24683ea8ad3519161b3997a9f5b88	False	True	exact_legacy_text_reference
/uscms_data/d3/iturkmen/repos/hh-bbww-baselines	/uscms_data/d3/iturkmen/repos/hh-bbww-baselines/outputs/agent_runs/hh4b_ttbar7_reconstruction_envfix_canary_20260728_v2/SHA256SUMS	645	ttbar_100k	3,4	2	834c603b94ac99efaf824e277fa1b0e6040895ac8a9954e65b8acc11d8569051	False	True	exact_legacy_text_reference
/uscms_data/d3/iturkmen/repos/hh-bbww-baselines	/uscms_data/d3/iturkmen/repos/hh-bbww-baselines/outputs/agent_runs/hh4b_ttbar7_reconstruction_envfix_canary_20260728_v2/canary_outputs/container_validation.json	667	ttbar_100k	11	1	490a22cdbcf208be4e42d2798ab1aed73f879a98a9db05f09ffcb59af634b9db	False	True	exact_legacy_text_reference
/uscms_data/d3/iturkmen/repos/hh-bbww-baselines	/uscms_data/d3/iturkmen/repos/hh-bbww-baselines/outputs/agent_runs/hh4b_ttbar7_reconstruction_only_execution_canary_20260728_v1/worker.log	1417	ttbar_100k	6,16,22,31,32,33,34,35	8	746018cc7f56bda8dbcc6e05730eaa3175c81f3d870ef3815eb994827687d3a9	False	True	exact_legacy_text_reference
/uscms_data/d3/iturkmen/repos/hh-bbww-baselines	/uscms_data/d3/iturkmen/repos/hh-bbww-baselines/outputs/agent_runs/hh4b_ttbar7_reconstruction_only_execution_canary_20260728_v1/summary.json	943	ttbar_100k	10	1	a8609e0a8bd6d8f58f55a708c19e55925e1aed844bb12a3832d2c696da4f7705	False	True	exact_legacy_text_reference
/uscms_data/d3/iturkmen/repos/hh-bbww-baselines	/uscms_data/d3/iturkmen/repos/hh-bbww-baselines/outputs/agent_runs/hh4b_ttbar7_reconstruction_only_remaining6_execution_20260728_v2/ttbar_100k_shard002_worker.log	1417	ttbar_100k	6,16,22,31,32,33,34,35	8	014ec82fe9da09474ca380d98a54c519b4cb91308718ea9b393db4cb62b35283	False	True	exact_legacy_text_reference
/uscms_data/d3/iturkmen/repos/hh-bbww-baselines	/uscms_data/d3/iturkmen/repos/hh-bbww-baselines/outputs/agent_runs/hh4b_ttbar7_reconstruction_only_remaining6_execution_20260728_v2/ttbar_100k_shard004_worker.log	1417	ttbar_100k	6,16,22,31,32,33,34,35	8	753874a1f668f4ed0d8ca54010ee87527bdb0f32f264acab12dd42d26cca3792	False	True	exact_legacy_text_reference
/uscms_data/d3/iturkmen/repos/hh-bbww-baselines	/uscms_data/d3/iturkmen/repos/hh-bbww-baselines/outputs/agent_runs/hh4b_ttbar7_reconstruction_only_remaining6_execution_20260728_v2/ttbar_100k_shard005_worker.log	1417	ttbar_100k	6,16,22,31,32,33,34,35	8	82799c0d7980adc3aad4f0453d41b5e19e3f7a99d3a2ac185c87e02e0a1c4e6f	False	True	exact_legacy_text_reference
/uscms_data/d3/iturkmen/repos/hh-bbww-baselines	/uscms_data/d3/iturkmen/repos/hh-bbww-baselines/outputs/agent_runs/hh4b_ttbar7_reconstruction_only_remaining6_execution_20260728_v2/ttbar_100k_shard007_worker.log	1417	ttbar_100k	6,16,22,31,32,33,34,35	8	ab9aa967b0285a69d4414d7751d25f0a754cc85eac9626d1f4313e4cbfae9343	False	True	exact_legacy_text_reference
/uscms_data/d3/iturkmen/repos/hh-bbww-baselines	/uscms_data/d3/iturkmen/repos/hh-bbww-baselines/outputs/agent_runs/hh4b_ttbar7_reconstruction_only_remaining6_execution_20260728_v2/ttbar_100k_shard008_worker.log	1417	ttbar_100k	6,16,22,31,32,33,34,35	8	902f4a414211ed72d33a4b4c295fedf0f73b6eb0966d948f71f82d8fd27233cf	False	True	exact_legacy_text_reference
/uscms_data/d3/iturkmen/repos/hh-bbww-baselines	/uscms_data/d3/iturkmen/repos/hh-bbww-baselines/outputs/agent_runs/hh4b_ttbar7_reconstruction_only_remaining6_execution_20260728_v2/ttbar_100k_shard009_worker.log	1417	ttbar_100k	6,16,22,31,32,33,34,35	8	11d30b70ad079ea5424930c4230782710105e75c1d63e9184c662542b0585597	False	True	exact_legacy_text_reference
/uscms_data/d3/iturkmen/repos/hh-bbww-baselines	/uscms_data/d3/iturkmen/repos/hh-bbww-baselines/outputs/agent_runs/hh4b_ttbar7_reconstruction_only_remaining6_execution_20260728_v2/summary.json	6899	ttbar_100k	27,50,73,96,119,142	6	f364ed23ff873df2f6e9e86f2d2e702bb4310af6b641dcb6ed35c37601da2164	False	True	exact_legacy_text_reference
/uscms_data/d3/iturkmen/repos/hh-bbww-baselines	/uscms_data/d3/iturkmen/repos/hh-bbww-baselines/outputs/agent_runs/hh4b_ttbar7_reconstruction_only_remaining6_execution_20260728_v2/SHA256SUMS	2145	ttbar_100k	3,4,5,6,7,8,10,11,12,13,14,15,16,17,18,19,20,21	18	5e0de97e0735e7ccd2d7b3e8fe7d6fb2d4859fc791218de8b6750ebbb89e7249	False	True	exact_legacy_text_reference
/uscms_data/d3/iturkmen/repos/hh-bbww-baselines	/uscms_data/d3/iturkmen/repos/hh-bbww-baselines/outputs/agent_runs/hh4b_ttbar7_reconstruction_only_remaining6_execution_20260728_v2/member_validations/ttbar_100k_shard002.json	861	ttbar_100k	12	1	9b730f9cb59a022caa8b3058dad094b5bf49704dd61d8ea7fd403c69c2f8a7ce	False	True	exact_legacy_text_reference
/uscms_data/d3/iturkmen/repos/hh-bbww-baselines	/uscms_data/d3/iturkmen/repos/hh-bbww-baselines/outputs/agent_runs/hh4b_ttbar7_reconstruction_only_remaining6_execution_20260728_v2/member_validations/ttbar_100k_shard004.json	861	ttbar_100k	12	1	e522e646c3e163fa1c50fac0fc3363558c825216e820fc7a85aacc93380e1851	False	True	exact_legacy_text_reference
/uscms_data/d3/iturkmen/repos/hh-bbww-baselines	/uscms_data/d3/iturkmen/repos/hh-bbww-baselines/outputs/agent_runs/hh4b_ttbar7_reconstruction_only_remaining6_execution_20260728_v2/member_validations/ttbar_100k_shard005.json	861	ttbar_100k	12	1	ccb264e4af9497de6ade9d1df1e5d96a4eb7cace7880443163b092b3283247ce	False	True	exact_legacy_text_reference
/uscms_data/d3/iturkmen/repos/hh-bbww-baselines	/uscms_data/d3/iturkmen/repos/hh-bbww-baselines/outputs/agent_runs/hh4b_ttbar7_reconstruction_only_remaining6_execution_20260728_v2/member_validations/ttbar_100k_shard007.json	861	ttbar_100k	12	1	8e8e1d2c5715efd20cf02fb6f398bfb28d7e914ee3699dbcb1d6c1a0db44b782	False	True	exact_legacy_text_reference
/uscms_data/d3/iturkmen/repos/hh-bbww-baselines	/uscms_data/d3/iturkmen/repos/hh-bbww-baselines/outputs/agent_runs/hh4b_ttbar7_reconstruction_only_remaining6_execution_20260728_v2/member_validations/ttbar_100k_shard008.json	861	ttbar_100k	12	1	5825e538ba4d3db54ed4d959c5c6bd27dc26e281da30d0d37f0046a369ffa475	False	True	exact_legacy_text_reference
/uscms_data/d3/iturkmen/repos/hh-bbww-baselines	/uscms_data/d3/iturkmen/repos/hh-bbww-baselines/outputs/agent_runs/hh4b_ttbar7_reconstruction_only_remaining6_execution_20260728_v2/member_validations/ttbar_100k_shard009.json	861	ttbar_100k	12	1	c9a7d03ba9e62be74958837394b07d0b287c444fa57d2cf68f72957ce9a7680f	False	True	exact_legacy_text_reference
/uscms_data/d3/iturkmen/repos/hh-bbww-baselines	/uscms_data/d3/iturkmen/repos/hh-bbww-baselines/outputs/agent_runs/hh4b_ttbar7_reconstruction_only_all7_validation_20260728_v1/member_validation_audit.tsv	8434	ttbar_100k	2,3,4,5,6,7,8	7	9df3b75e03508ec761e8c3b65510365c196d06bc6cac73d3700c776c66b1fe39	False	True	exact_legacy_text_reference
/uscms_data/d3/iturkmen/repos/hh-bbww-baselines	/uscms_data/d3/iturkmen/repos/hh-bbww-baselines/outputs/agent_runs/hh4b_ttbar7_reconstruction_only_all7_validation_20260728_v1/candidate_manifest.tsv	2265	ttbar_100k	2,3,4,5,6,7,8	7	c1b970a9981063b63cafc823d4630ad588ee5ef67b71c6f7a76a0683e6a8c7e1	False	True	exact_legacy_text_reference
/uscms_data/d3/iturkmen/repos/hh-bbww-baselines	/uscms_data/d3/iturkmen/repos/hh-bbww-baselines/outputs/agent_runs/hh4b_ttbar7_reconstruction_only_all7_validation_20260728_v1/summary.json	1526	ttbar_100k	8,9,10,11,12,13,14	7	e5a10921781eedbc1e9e391a6cb6cf3baf946db6c3d7ba93cabde607342fecc8	False	True	exact_legacy_text_reference
/uscms_data/d3/iturkmen/repos/hh-bbww-baselines	/uscms_data/d3/iturkmen/repos/hh-bbww-baselines/outputs/agent_runs/hh4b_ttbar27_canonical72_closure_20260728_v1/ttbar27_closed_candidate_registry.tsv	12854	ttbar_100k,ttbar_100k_shard000	2,3,4,5,6,7,24,25,26	9	b22eab3cf4a00df7423264c87a2cbab91c340056b218344a40be4ccd04c158ae	False	True	exact_legacy_text_reference
/uscms_data/d3/iturkmen/repos/hh-bbww-baselines	/uscms_data/d3/iturkmen/repos/hh-bbww-baselines/outputs/agent_runs/hh4b_ttbar27_canonical72_closure_20260728_v1/ttbar27_member_validation.tsv	5231	ttbar_100k,ttbar_100k_shard000	2,3,4,5,6,7,24,25,26	9	f22b520c3577220d6194491b65e035ad870f6fb78b825fac96903854785b1975	False	True	exact_legacy_text_reference
/uscms_data/d3/iturkmen/repos/hh-bbww-baselines	/uscms_data/d3/iturkmen/repos/hh-bbww-baselines/outputs/agent_runs/hh4b_full_5m_200k_expanded_manifest_split_20260728_v1/source_to_candidate_registry.tsv	574092	exact_candidate_absolute_path,ttbar_100k,ttbar_100k_shard000,ttbar_100k_shard000_hh4b_candidates.parquet	326,327,328,329,330,331,348,349,350	9	6a9d50b65ec54ed309636e2adc677dc87c1b2dd0803b506ec43db77398f2da01	False	True	exact_legacy_text_reference
/uscms_data/d3/iturkmen/repos/hh-bbww-baselines	/uscms_data/d3/iturkmen/repos/hh-bbww-baselines/outputs/agent_runs/hh4b_full_5m_200k_expanded_manifest_split_20260728_v1/development_manifest.tsv	526723	exact_candidate_absolute_path,ttbar_100k,ttbar_100k_shard000,ttbar_100k_shard000_hh4b_candidates.parquet	297,298,299,300,301,302,319,320,321	9	9714959c0f0427385de9dca66d9437d4a2b9d10f66c89a68e54fd537a1699b54	False	True	exact_legacy_text_reference
/uscms_data/d3/iturkmen/repos/hh-bbww-baselines	/uscms_data/d3/iturkmen/repos/hh-bbww-baselines/outputs/agent_runs/hh4b_full_5m_200k_expanded_manifest_split_20260728_v1/grouped_split_assignments.tsv	366616	ttbar_100k,ttbar_100k_shard000	326,327,328,329,330,331,348,349,350	9	5c517dbea1a7932d3bca56be0c9afd87a4988c4bead06d5a1043eddec7e77ea1	False	True	exact_legacy_text_reference
/uscms_data/d3/iturkmen/repos/hh-bbww-baselines	/uscms_data/d3/iturkmen/repos/hh-bbww-baselines/outputs/agent_runs/hh4b_full_5m_200k_development_schema_diagnosis_20260728_v1/development_schema_audit.tsv	397384	ttbar_100k,ttbar_100k_shard000	297,298,299,300,301,302,319,320,321	9	639b3deaecf883de8961a52b27e937184bfa071bf319d674ca5f33c4a4ab530e	False	True	exact_legacy_text_reference
/uscms_data/d3/iturkmen/repos/hh-bbww-baselines	/uscms_data/d3/iturkmen/repos/hh-bbww-baselines/outputs/agent_runs/hh4b_full_5m_200k_development_targeted_repair_inventory_20260728_v1/targeted_repair_inventory.tsv	648628	exact_candidate_absolute_path,ttbar_100k,ttbar_100k_shard000,ttbar_100k_shard000_hh4b_candidates.parquet	297,298,299,300,301,302,319,320,321	9	79d8ff924572bfb3e4878227a70649d6d2b9bbd7acce6744878fe20486d9643d	False	True	exact_legacy_text_reference
/uscms_data/d3/iturkmen/repos/hh-bbww-baselines	/uscms_data/d3/iturkmen/repos/hh-bbww-baselines/outputs/agent_runs/hh4b_full_5m_200k_development_repair_overlay_20260728_v1/development_candidate_overlay.tsv	862824	ttbar_100k,ttbar_100k_shard000	297,298,299,300,301,302,319,320,321	9	c25ca96f8ce24e88bc9ce65cccc1c451e73520c26fdaef13ee1e845b3f45bafc	False	True	exact_legacy_text_reference
/uscms_data/d3/iturkmen/repos/hh-bbww-baselines	/uscms_data/d3/iturkmen/repos/hh-bbww-baselines/outputs/agent_runs/hh4b_full_5m_200k_development_repair_overlay_20260728_v1/repair_validation_audit.tsv	261126	ttbar_100k,ttbar_100k_shard000	297,298,299,300,301,302,319,320,321	9	4f120e23160c27c0a5c3c07a22e47168fd2dc07cd785afe6c3f3bad4440444ba	False	True	exact_legacy_text_reference
/uscms_data/d3/iturkmen/repos/hh-bbww-baselines	/uscms_data/d3/iturkmen/repos/hh-bbww-baselines/outputs/agent_runs/hh4b_full_5m_200k_development_common_cache_20260728_v2/development_member_validation.tsv	252279	ttbar_100k,ttbar_100k_shard000	297,298,299,300,301,302,319,320,321	9	9f66b034b6bf91538a779952b1d141e1568c6df5018f8992d6ee3591b3fe28b5	False	True	exact_legacy_text_reference
/uscms_data/d3/iturkmen/repos/hh-bbww-baselines	/uscms_data/d3/iturkmen/repos/hh-bbww-baselines/scripts/delphes/add_ttbar_100k_to_release.sh	910	ttbar_100k	13,14,15,16,17	5	17cad6e9d5f7982017b221ccf9ffa4b37f3e883899d0becc9a18a0503c4cac32	False	True	exact_legacy_text_reference
/uscms_data/d3/iturkmen/repos/hh-bbww-baselines	/uscms_data/d3/iturkmen/repos/hh-bbww-baselines/scripts/delphes/make_hh4b_background_campaign_summary.py	1979	ttbar_100k	14	1	879b22ad41a4666a0720e285df6cdce08c26118020a8f3d4aa71ebc475ba5c66	False	True	exact_legacy_text_reference
/uscms_data/d3/iturkmen/repos/hh-bbww-baselines	/uscms_data/d3/iturkmen/repos/hh-bbww-baselines/scripts/delphes/make_top_heavy_flavor_comparison.py	1503	ttbar_100k	11	1	e964f0955406a02eac141d5d1d8035a5c35e66bae9f40106c0f4362cf19a5ef0	False	True	exact_legacy_text_reference
/uscms_data/d3/iturkmen/repos/hh-bbww-baselines	/uscms_data/d3/iturkmen/repos/hh-bbww-baselines/scripts/delphes/plot_hh4b_background_comparison.py	3402	ttbar_100k	15	1	758565b76224715e67896ff780f64bc9feeb0b897cfd4a04e97f71682a4a1431	False	True	exact_legacy_text_reference
/uscms_data/d3/iturkmen/repos/hh-bbww-baselines	/uscms_data/d3/iturkmen/repos/hh-bbww-baselines/scripts/delphes/make_hh4b_region_yields.py	3947	ttbar_100k	76	1	1f8f47f23e12f780fd42acdd1029b9dd06b490421f960d39b041fabf3dd022cb	False	True	exact_legacy_text_reference
/uscms_data/d3/iturkmen/repos/hh-bbww-baselines	/uscms_data/d3/iturkmen/repos/hh-bbww-baselines/scripts/delphes/train_hh4b_combined_bdt.py	10809	ttbar_100k	119	1	fcc354ca82b6a51bc3854adbf7ea6eab0e4da0c08565a923bca2363509c66bcb	False	True	exact_legacy_text_reference
/uscms_data/d3/iturkmen/repos/hh-bbww-baselines	/uscms_data/d3/iturkmen/repos/hh-bbww-baselines/scripts/delphes/compare_hh4b_cut_and_bdt_baselines.py	9757	ttbar_100k	106	1	24e48d3d509c61260cf524d2a8238eb70100132c1d02a3811173dc2d861b58c9	False	True	exact_legacy_text_reference
/uscms_data/d3/iturkmen/repos/hh-bbww-baselines	/uscms_data/d3/iturkmen/repos/hh-bbww-baselines/scripts/delphes/estimate_hh4b_region_mc_stats.py	2860	ttbar_100k	50	1	9c40cd76a335af7efee02b993ccee9b7dcdea6539869fc77a7a2e9bb43cb48b9	False	True	exact_legacy_text_reference
/uscms_data/d3/iturkmen/repos/hh-bbww-baselines	/uscms_data/d3/iturkmen/repos/hh-bbww-baselines/scripts/delphes/compare_ttbar_100k_200k.py	2933	ttbar_100k	15,16,75,76,78,79,81,82	8	5a82eef129df27eaf0e192325afdbfb0aa6a1dc1e04935f79b17e3a8d8e078ed	False	True	exact_legacy_text_reference
/uscms_data/d3/iturkmen/repos/hh-bbww-baselines	/uscms_data/d3/iturkmen/repos/hh-bbww-baselines/scripts/delphes/audit_ttbar_candidate_merge_consistency.py	9608	ttbar_100k	18	1	012ac102f020e3ce15a52f833844510528dea5cffa6572966f2ca844db4930c6	False	True	exact_legacy_text_reference
/uscms_data/d3/iturkmen/repos/hh-bbww-baselines	/uscms_data/d3/iturkmen/repos/hh-bbww-baselines/scripts/production/run_hh4b_ttbar8_canary_retry1.sh	12288	ttbar_100k	5,8,10	3	e3e3431cb910bda305958ed9c19cc011e9581326dda8d6c43761dc349a053056	False	True	exact_legacy_text_reference
/uscms_data/d3/iturkmen/repos/hh-bbww-baselines	/uscms_data/d3/iturkmen/repos/hh-bbww-baselines/scripts/production/freeze_final_background_canonical_subsets.py	23021	ttbar_100k	171	1	c43a61fbce99dbf6b39d24182248fbcc0d44222d73567c63252122a4ff2c0746	False	True	exact_legacy_text_reference
/uscms_data/d3/iturkmen/repos/hh-bbww-baselines	/uscms_data/d3/iturkmen/repos/hh-bbww-baselines/scripts/production/prepare_hh4b_ttbar8_exact_regeneration.py	61985	ttbar_100k	37,38,39,40,41,42,43,44,731,736,1555	11	896feb9598e8e4d7c095126fda6930a1e5a157fd517dbe799250d0d5556b30a8	False	True	exact_legacy_text_reference
/uscms_data/d3/iturkmen/repos/hh-bbww-baselines	/uscms_data/d3/iturkmen/repos/hh-bbww-baselines/scripts/production/run_hh4b_ttbar8_exact_regeneration_member.sh	9231	ttbar_100k	16,17,18,19,20,21,22,23,35	9	00a1fcdcf862b9672e081f4082a1ceef59a0648a2ad0bf2629beaeaffbac9209	False	True	exact_legacy_text_reference
/uscms_data/d3/iturkmen/repos/hh-bbww-baselines	/uscms_data/d3/iturkmen/repos/hh-bbww-baselines/scripts/production/submit_hh4b_ttbar8_exact_regeneration_canary.py	35627	ttbar_100k	55,59,152,317	4	6e6f597cccaf3d54e2488a7b89e67e56620ed3e4c9d069a58b934bf1689fdbf9	False	True	exact_legacy_text_reference
/uscms_data/d3/iturkmen/repos/hh-bbww-baselines	/uscms_data/d3/iturkmen/repos/hh-bbww-baselines/scripts/production/prepare_hh4b_ttbar8_canary_retry1.py	57193	ttbar_100k	46,541,1048,1049,1050,1051,1052,1053,1054	9	79b425a43441e450f9df1384a6c24aec5946db45d2d49b50cc688bee444a30bc	False	True	exact_legacy_text_reference
/uscms_data/d3/iturkmen/repos/hh-bbww-baselines	/uscms_data/d3/iturkmen/repos/hh-bbww-baselines/scripts/production/submit_hh4b_ttbar8_canary_retry1.py	21165	ttbar_100k	60,61,233,648	4	edb04dd021d253b030137e64e78687fd0098a292551eadc3eff9f31f91c39d70	False	True	exact_legacy_text_reference
/uscms_data/d3/iturkmen/repos/hh-bbww-baselines	/uscms_data/d3/iturkmen/repos/hh-bbww-baselines/scripts/production/run_hh4b_ttbar8_canary_retry2.sh	11807	ttbar_100k	5,8,10	3	60365da4d85d35cb1cb4bf2048b127854e3ed1d81c78f0591c60e5b3580832c8	False	True	exact_legacy_text_reference
/uscms_data/d3/iturkmen/repos/hh-bbww-baselines	/uscms_data/d3/iturkmen/repos/hh-bbww-baselines/scripts/production/run_hh4b_ttbar7_exact_regeneration_scaleout_member.sh	11638	ttbar_100k	16,17,18,19,20,21,22,41,364	9	550d1e6aade75b5329885ae803f742ccbef2011f273afd8fbfa65deda4cf13bf	False	True	exact_legacy_text_reference
/uscms_data/d3/iturkmen/repos/hh-bbww-baselines	/uscms_data/d3/iturkmen/repos/hh-bbww-baselines/scripts/production/run_hh4b_ttbar7_reconstruction_only_local_member.sh	11180	ttbar_100k	15,19,23,27,31,35,39	7	5dca1865319be565aee68ae163429a79a9d07c40a5a298c57dcd4b2ee2627de9	False	True	exact_legacy_text_reference
/uscms_data/d3/iturkmen/repos/hh-bbww-baselines	/uscms_data/d3/iturkmen/repos/hh-bbww-baselines/scripts/analysis/recover_hh4b_ttbar27_canonical72_candidates.py	81624	ttbar_100k,ttbar_100k_shard000	71,72,73,74,75,76,77,78,80,1217	10	c583114d4f6dad655f81f0777271103e6d05614528a77e2521aec8a98c820e3b	False	True	exact_legacy_text_reference
/uscms_data/d3/iturkmen/repos/hh-bbww-baselines	/uscms_data/d3/iturkmen/repos/hh-bbww-baselines/scripts/analysis/diagnose_hh4b_ttbar8_exact_regeneration_canary_failure.py	47035	ttbar_100k	99,111	2	02e3e177d6bd9aaa81afef7c04157e5079e7a04b84bdb7e8d37cfb4b612c0e69	False	True	exact_legacy_text_reference
/uscms_data/d3/iturkmen/repos/hh-bbww-baselines	/uscms_data/d3/iturkmen/repos/hh-bbww-baselines/scripts/analysis/validate_hh4b_ttbar8_canary_retry2.py	35525	ttbar_100k	25	1	49d3539ba2f42ea9cd7862b7ebafce8b3327bea68823ee6a98893a1d89341a56	False	True	exact_legacy_text_reference
/uscms_data/d3/iturkmen/repos/hh-bbww-baselines	/uscms_data/d3/iturkmen/repos/hh-bbww-baselines/scripts/analysis/extract_hh4b_normalization_provenance.py	32285	ttbar_100k,ttbar_100k_shard000,ttbar_100k_shard000_hh4b_candidates.parquet	804	1	fb9a91e740b1ff75ab3a09f5962923bc17bdcc01d0c955745ac1ee95c8cdd3ee	False	True	exact_legacy_text_reference
/uscms_data/d3/iturkmen/repos/hh-bbww-baselines	/uscms_data/d3/iturkmen/repos/hh-bbww-baselines/scripts/analysis/search_legacy_ttbar_generation_provenance.py	27861	ttbar_100k,ttbar_100k_shard000,ttbar_100k_shard000_hh4b_candidates.parquet	20,21,22,736	4	06437eacff3bbc42c9eea8eb4e4f36fe689f7750f583162a89e2a7f53fea3ff9	False	True	exact_legacy_text_reference
/uscms_data/d3/iturkmen/repos/hh-bbww-baselines	/uscms_data/d3/iturkmen/repos/hh-bbww-baselines/metadata/delphes/ttbar_legacy_300k_20260718/corrected_manifest_accounting.json	914	ttbar_100k	4,8	2	15fe5529d09fc5c08b82ae621350ca5f3930dc1265f4ce52d86f57634f6d1d0d	False	True	exact_legacy_text_reference
/uscms_data/d3/iturkmen/repos/hh-bbww-baselines	/uscms_data/d3/iturkmen/repos/hh-bbww-baselines/metadata/delphes/ttbar_legacy_300k_20260718/existing_ttbar_statistics.csv	709	ttbar_100k	2	1	253af64e797b9eda86d7dcb063f670130720db9ea493d5c236afea62ddaa1792	False	True	exact_legacy_text_reference
/uscms_data/d3/iturkmen/repos/hh-bbww-baselines	/uscms_data/d3/iturkmen/repos/hh-bbww-baselines/metadata/delphes/ttbar_legacy_300k_20260718/provisional_300k_statistics.json	2044	ttbar_100k	4,11	2	16b6f7fbdef0988abaa70bad53dd1607128050684e151efe4bd454c73892050b	False	True	exact_legacy_text_reference
/uscms_data/d3/iturkmen/repos/hh-bbww-baselines	/uscms_data/d3/iturkmen/repos/hh-bbww-baselines/metadata/delphes/ttbar_readiness_20260718/candidate_source_resolution.json	852	ttbar_100k	3,16	2	02797363581cb92d7e3d3af341e7aad88677275f92b628377cf2d586c2f4e474	False	True	exact_legacy_text_reference
/uscms_data/d3/iturkmen/repos/hh-bbww-baselines	/uscms_data/d3/iturkmen/repos/hh-bbww-baselines/metadata/delphes/ttbar_readiness_20260718/ttbar_300k_tail_statistics.json	7208	ttbar_100k	7,13,19,25,31,37,43,49	8	b65d2262fa2152a71f2450681a131cd1a6d9bd72ac4a81644d1d375d7fa201f7	False	True	exact_legacy_text_reference
/uscms_data/d3/iturkmen/repos/hh-bbww-baselines	/uscms_data/d3/iturkmen/repos/hh-bbww-baselines/metadata/delphes/ttbar_readiness_20260718/ttbar_300k_shard_tail_counts.csv	4131	exact_candidate_absolute_path,ttbar_100k,ttbar_100k_shard000,ttbar_100k_shard000_hh4b_candidates.parquet	2,3,4,5,6,7,8,9,10,11	10	eee8d42e8bd5e64cb9622993f2c1faaf23b92a1e0f6dae15722c0d240cbac038	False	True	exact_legacy_text_reference
/uscms_data/d3/iturkmen/repos/hh-bbww-baselines	/uscms_data/d3/iturkmen/repos/hh-bbww-baselines/metadata/delphes/ttbar_readiness_20260718/ttbar_candidate_merge_reconciliation.json	8434	ttbar_100k	3,4,11,31	4	376f522c4cab142b2d1d272081ab98efbd469caad20d5c69f8759fd9808f167b	False	True	exact_legacy_text_reference
/uscms_data/d3/iturkmen/repos/hh-bbww-baselines	/uscms_data/d3/iturkmen/repos/hh-bbww-baselines/data_release/hh4b_delphes_analysis_v0_2026_07_08/dataset_inventory.csv	20377	ttbar_100k	28,29,30,141,142	5	ee83c027f0d99bc0520450f5dd4a99e3e9a13d999710e6e77491b48ef238a3b5	False	True	exact_legacy_text_reference
/uscms_data/d3/iturkmen/repos/hh-bbww-baselines	/uscms_data/d3/iturkmen/repos/hh-bbww-baselines/data_release/hh4b_delphes_analysis_v0_2026_07_08/dataset_inventory.md	26400	ttbar_100k	29,30,31,142,143	5	4930ff3fa2860c878d3f358319d7e8d3b9ffd117eb1a1c6837dea96d98f67489	False	True	exact_legacy_text_reference
/uscms_data/d3/iturkmen/repos/hh-bbww-baselines	/uscms_data/d3/iturkmen/repos/hh-bbww-baselines/data_release/hh4b_delphes_analysis_v0_2026_07_08/metadata/ttbar_100k_summary.txt	631	ttbar_100k	1,15,16	3	aafc0001d8f17c6f0451a36c4271a383505ffa8e696ab4a9350dc36ddfa184ab	False	True	exact_legacy_text_reference
/uscms_data/d3/iturkmen/repos/hh-bbww-baselines	/uscms_data/d3/iturkmen/repos/hh-bbww-baselines/data_release/hh4b_delphes_analysis_v0_2026_07_08/metadata/ttbar_100k_manifest.csv	2659	exact_candidate_absolute_path,ttbar_100k,ttbar_100k_shard000,ttbar_100k_shard000_hh4b_candidates.parquet	2,3,4,5,6,7,8,9,10,11	10	f2fccae88b69ac1e504503c887aca6cf14cdbac2ce24b6753b59ca8651067bfc	False	True	exact_legacy_text_reference
/uscms_data/d3/iturkmen/repos/hh-bbww-baselines	/uscms_data/d3/iturkmen/repos/hh-bbww-baselines/data_release/hh4b_delphes_analysis_v0_2026_07_08/metadata/ttbar_100k_storage_safe_timing.log	883606	exact_candidate_absolute_path,ttbar_100k,ttbar_100k_shard000,ttbar_100k_shard000_hh4b_candidates.parquet	3,4,5,9,12,49,50,51,101,133,135,136,138,139,140,141,189,225,2380,2429,2496,2533,2572,2573,2575,2576,2577,2578,2579,2581,2582,2583,2584,2585,2593,2594,2595,2596,2597,2600,2613,2625,2626,2630,2631,2632,2636,2639,2676,2677,2678,2727,2760,2762,2763,2765,2766,2767,2768,2816,2852,5013,5062,5129,5166,5205,5206,5208,5209,5210,5211,5212,5214,5215,5216,5217,5218,5226,5227,5228,5229,5230,5233,5246,5258,5259,5263,5264,5265,5269,5272,5309,5310,5311,5360,5393,5395,5396,5398,5399	438	b5a212c039ca112c7e02e7bc8e04f6c956527d98b43ebe9aec9e2fa5299b7f3d	False	True	exact_legacy_text_reference
/uscms_data/d3/iturkmen/repos/hh-bbww-baselines	/uscms_data/d3/iturkmen/repos/hh-bbww-baselines/configs/baselines/hh4b_ttbar27_canonical72_recovery_v1.yaml	15723	ttbar_100k,ttbar_100k_shard000	17,18,20,21,53,56,129,135,136,137,144,151,153,161,162,163,170,177,179,187,188,189,196,208,209	25	690b1b7242aa1e7407334edfd668bb73fb82f07a037eb94ef06ee82694c7b584	False	True	exact_legacy_text_reference
/uscms_data/d3/iturkmen/repos/hh-bbww-baselines	/uscms_data/d3/iturkmen/repos/hh-bbww-baselines/configs/production/hh4b_ttbar8_exact_regeneration_v1.yaml	12378	ttbar_100k	83,211	2	5b5f68e12a11baeb46fc20d1824f3f7374473c421afc46938ffc6f7ddc194f47	False	True	exact_legacy_text_reference
/uscms_data/d3/iturkmen/repos/hh-bbww-baselines	/uscms_data/d3/iturkmen/repos/hh-bbww-baselines/configs/production/hh4b_ttbar8_canary_retry1_v1.yaml	8761	ttbar_100k	13,36,40,41,110,140,141,142,143,144,145,146,147,165	14	a7fbd173d663a8b168c2d5811e8d71be4d861e4d27f4faf6915f3bcd6a2bb674	False	True	exact_legacy_text_reference
/uscms_data/d3/iturkmen/repos/hh-bbww-baselines	/uscms_data/d3/iturkmen/repos/hh-bbww-baselines/configs/production/hh4b_ttbar8_canary_retry2_v1.yaml	1645	ttbar_100k	5,15,31	3	344602a687a48918a681654da2a9a65d2a142612db0937457b72730a2e41c04c	False	True	exact_legacy_text_reference
/uscms_data/d3/iturkmen/repos/hh-bbww-baselines	/uscms_data/d3/iturkmen/repos/hh-bbww-baselines/configs/production/hh4b_ttbar7_exact_regeneration_scaleout_v1.yaml	2421	ttbar_100k	6,22,23,24,25,26,27,28	8	f054b8283f162fa981c91c55f2e94c2a8a0da1612b5f91468474d45c21cd79f4	False	True	exact_legacy_text_reference
/uscms_data/d3/iturkmen/repos/hh-bbww-baselines	/uscms_data/d3/iturkmen/repos/hh-bbww-baselines/configs/production/hh4b_ttbar7_reconstruction_only_recovery_v1.yaml	4677	ttbar_100k	31,49,51,55,57,61,63,67,69,73,75,79,81,85,87	15	39269632c821f72202401a03e7d7841d2063044fdcec4e89754bce5cccaabdca	False	True	exact_legacy_text_reference
/uscms_data/d3/iturkmen/repos/hh-bbww-baselines	/uscms_data/d3/iturkmen/repos/hh-bbww-baselines/backgrounds/manifests/background_root_files_all.txt	3837	ttbar_100k,ttbar_100k_shard000	11	1	db9fda238ac05d473fc7cba881aadb2273fb0f41c22b24b9084c06c9b33c1356	False	True	exact_legacy_text_reference
/uscms_data/d3/iturkmen/repos/hh-bbww-baselines	/uscms_data/d3/iturkmen/repos/hh-bbww-baselines/backgrounds/manifests/background_log_files_all.txt	49861	ttbar_100k,ttbar_100k_shard000	287,288,289,290,291,292,293,294,295,296,297,298,299,300,301,302,303,304,305,306,307,308,309,310,311,312,313,314,315,316,317,318,319,320,321,322,323,324,325,326,327,328,329,330,331,332,333,334,335,336,337,338,339,340,341,342,343,344,345,346,347	61	b902a0f0f66c2db9a61f6b5e661aeace8cfa01c8cde7e184e1243708c635c927	False	True	exact_legacy_text_reference
/uscms_data/d3/iturkmen/repos/hh-bbww-baselines	/uscms_data/d3/iturkmen/repos/hh-bbww-baselines/tests/test_prepare_hh4b_ttbar8_exact_regeneration.py	8511	ttbar_100k	53,54,55,56,57,58,59,60,100,191,192	11	9d4b0fa7ba94419e59924753f791ef9489d9c1549b2b8d626d6a0645309fd5cf	False	True	exact_legacy_text_reference
/uscms_data/d3/iturkmen/repos/hh-bbww-baselines	/uscms_data/d3/iturkmen/repos/hh-bbww-baselines/tests/test_submit_hh4b_ttbar8_exact_regeneration_canary.py	2644	ttbar_100k	40,44	2	e25a9314480caccfa971eefcbd0fdf9c0f84aefb3c8a18db8b1afbe0e5f9aedb	False	True	exact_legacy_text_reference
/uscms_data/d3/iturkmen/repos/hh-bbww-baselines	/uscms_data/d3/iturkmen/repos/hh-bbww-baselines/tests/test_diagnose_hh4b_ttbar8_exact_regeneration_canary_failure.py	6070	ttbar_100k	25	1	0de21cef02dd2870122e8bea3f45814d3c5c745014a1da0b3c029a3a0aadeb1c	False	True	exact_legacy_text_reference
/uscms_data/d3/iturkmen/repos/hh-bbww-baselines	/uscms_data/d3/iturkmen/repos/hh-bbww-baselines/tests/test_prepare_hh4b_ttbar8_canary_retry1.py	9933	ttbar_100k	48,114,156	3	d3b7159cad342098037a565ec74e896bd2c8fe09bfc470d9f9ea5da073de0da8	False	True	exact_legacy_text_reference
/uscms_data/d3/iturkmen/repos/hh-bbww-baselines	/uscms_data/d3/iturkmen/repos/hh-bbww-baselines/tests/test_submit_hh4b_ttbar8_canary_retry1.py	3936	ttbar_100k	76	1	8a069fd0c373ad73fd02ff95f098d9d92c5e7c426ae8e105b6971db0fc85d897	False	True	exact_legacy_text_reference
/uscms_data/d3/iturkmen/repos/hh-bbww-baselines	/uscms_data/d3/iturkmen/repos/hh-bbww-baselines/tests/test_hh4b_ttbar8_canary_retry2_contract.py	4656	ttbar_100k	43	1	b6c1e3e47956f06bdee894086fb53bb68e73b66cb0beb7646f7a60083aec86dc	False	True	exact_legacy_text_reference
/uscms_data/d3/iturkmen/repos/hh-bbww-baselines	/uscms_data/d3/iturkmen/repos/hh-bbww-baselines/tests/test_validate_hh4b_ttbar8_canary_retry2.py	3323	ttbar_100k	119	1	8d0022ce7f286e466ed0827e38f7f13a0d5711515a54eb6857db426a0138f4ab	False	True	exact_legacy_text_reference
/uscms_data/d3/iturkmen/repos/hh-bbww-baselines	/uscms_data/d3/iturkmen/repos/hh-bbww-baselines/tests/test_hh4b_ttbar7_exact_regeneration_scaleout_contract.py	4725	ttbar_100k	68,69,70,71,72,73,74,99	8	94be69ae5fe15a747c604deb0dbf0a1c74b0a657e61bdeeaf61cfe1e74f88fbb	False	True	exact_legacy_text_reference
/uscms_data/d3/iturkmen/repos/hh-bbww-baselines	/uscms_data/d3/iturkmen/repos/hh-bbww-baselines/tests/test_hh4b_ttbar7_reconstruction_only_recovery_contract.py	5505	ttbar_100k	49,54,59,64,69,74,79,127	8	c598ca0d9f632868a3b64fa43f10aa1f15c52d5a0a20957fec3319fbf733f42f	False	True	exact_legacy_text_reference
/uscms_data/d3/iturkmen/repos/hh-bbww-baselines	/uscms_data/d3/iturkmen/repos/hh-bbww-baselines/tests/test_search_legacy_ttbar_generation_provenance.py	2184	ttbar_100k,ttbar_100k_shard000,ttbar_100k_shard000_hh4b_candidates.parquet	30,31,36	3	d75aaea657e5a105b3ec751cea3e60bbd4b7a41fd410dcddad50663bf066a120	False	True	exact_legacy_text_reference
/uscms/homes/i/iturkmen	/uscms/homes/i/iturkmen/step_PN_b3a_freeze_extract_provenance.sh	49724	ttbar_100k,ttbar_100k_shard000,ttbar_100k_shard000_hh4b_candidates.parquet	1025	1	03e74932f23e3c55eb5c877ee03c00b3ad17d30fd9660cdd5877748539401e91	False	True	exact_legacy_text_reference
/uscms/homes/i/iturkmen	/uscms/homes/i/iturkmen/step_PN_b3b_legacy_ttbar_provenance_search.sh	42091	ttbar_100k,ttbar_100k_shard000,ttbar_100k_shard000_hh4b_candidates.parquet	192,193,194,908,996,997,1002,1054	8	27cb6400766ba0670ab377e6f715f46e258a89464d40ff12e1c5a82020592649	False	True	exact_legacy_text_reference
/uscms/homes/i/iturkmen	/uscms/homes/i/iturkmen/.codex/attachments/pasted-text-attachments.json	61581	ttbar_100k	1	1	f19744c42cc5378db9966ee224b1eebaef86abc307a1d0dcff366c94752eaeee	False	True	exact_legacy_text_reference
/uscms/homes/i/iturkmen	/uscms/homes/i/iturkmen/.codex/attachments/bd7e4df3-3a93-404f-8e6f-34e172a6c5d9/pasted-text.txt	7433	ttbar_100k	52,70	2	e585700c83281ad74606f785622233a06b6aa20a4d64e63ba07b35eff7398782	False	True	exact_legacy_text_reference
/uscms/homes/i/iturkmen	/uscms/homes/i/iturkmen/.codex/attachments/096ec81d-3502-46b4-ba3a-1c4f16a98638/pasted-text.txt	10518	ttbar_100k	53,81,82,105,125,215,246	7	9844c4b98222c58e4d02124f5637fb6f080f526ffa1761a623b165b4fce07043	False	True	exact_legacy_text_reference
/uscms/homes/i/iturkmen	/uscms/homes/i/iturkmen/.codex/attachments/9177f411-2e26-4b53-b308-f2a4301e3bdc/pasted-text.txt	5560	ttbar_100k	54,84,139,193	4	3172a0ba914ba7d919091692f382f10d01ff3ee26ce5ab629d251a805d925782	False	True	exact_legacy_text_reference
