sample_class	process_or_mode	campaign	remote_bundle_path	bundle_basename	source_tag	bin_index	pthat_min_GeV	pthat_max_GeV	shard_id	seed	exact_metadata_files	structured_metadata_rows	status
signal	ggf_hh4b	ggf_hh4b_ml_ext20k_frozen_v2_20260716	/store/user/iturkmen/hh4b_delphes/run2_13tev/frozen_v2/bundles/ggf_hh4b_ml_ext20k_frozen_v2_20260716/HH4b_ggf_ggf_hh4b_ml_ext20k_frozen_v2_20260716_shard000_seed86000_bundle.tar.gz	HH4b_ggf_ggf_hh4b_ml_ext20k_frozen_v2_20260716_shard000_seed86000_bundle.tar.gz	HH4b_ggf_ggf_hh4b_ml_ext20k_frozen_v2_20260716_shard000_seed86000				0	86000	4	9	exact_metadata_matched
signal	ggf_hh4b	ggf_hh4b_ml_ext20k_frozen_v2_20260716	/store/user/iturkmen/hh4b_delphes/run2_13tev/frozen_v2/bundles/ggf_hh4b_ml_ext20k_frozen_v2_20260716/HH4b_ggf_ggf_hh4b_ml_ext20k_frozen_v2_20260716_shard001_seed86001_bundle.tar.gz	HH4b_ggf_ggf_hh4b_ml_ext20k_frozen_v2_20260716_shard001_seed86001_bundle.tar.gz	HH4b_ggf_ggf_hh4b_ml_ext20k_frozen_v2_20260716_shard001_seed86001				1	86001	1	5	exact_metadata_matched
signal	ggf_hh4b	ggf_hh4b_ml_ext20k_frozen_v2_20260716	/store/user/iturkmen/hh4b_delphes/run2_13tev/frozen_v2/bundles/ggf_hh4b_ml_ext20k_frozen_v2_20260716/HH4b_ggf_ggf_hh4b_ml_ext20k_frozen_v2_20260716_shard002_seed86002_bundle.tar.gz	HH4b_ggf_ggf_hh4b_ml_ext20k_frozen_v2_20260716_shard002_seed86002_bundle.tar.gz	HH4b_ggf_ggf_hh4b_ml_ext20k_frozen_v2_20260716_shard002_seed86002				2	86002	1	5	exact_metadata_matched
signal	ggf_hh4b	ggf_hh4b_ml_ext20k_frozen_v2_20260716	/store/user/iturkmen/hh4b_delphes/run2_13tev/frozen_v2/bundles/ggf_hh4b_ml_ext20k_frozen_v2_20260716/HH4b_ggf_ggf_hh4b_ml_ext20k_frozen_v2_20260716_shard003_seed86003_bundle.tar.gz	HH4b_ggf_ggf_hh4b_ml_ext20k_frozen_v2_20260716_shard003_seed86003_bundle.tar.gz	HH4b_ggf_ggf_hh4b_ml_ext20k_frozen_v2_20260716_shard003_seed86003				3	86003	1	5	exact_metadata_matched
signal	ggf_hh4b	ggf_hh4b_ml_ext20k_frozen_v2_20260716	/store/user/iturkmen/hh4b_delphes/run2_13tev/frozen_v2/bundles/ggf_hh4b_ml_ext20k_frozen_v2_20260716/HH4b_ggf_ggf_hh4b_ml_ext20k_frozen_v2_20260716_shard004_seed86004_bundle.tar.gz	HH4b_ggf_ggf_hh4b_ml_ext20k_frozen_v2_20260716_shard004_seed86004_bundle.tar.gz	HH4b_ggf_ggf_hh4b_ml_ext20k_frozen_v2_20260716_shard004_seed86004				4	86004	1	5	exact_metadata_matched
signal	ggf_hh4b	ggf_hh4b_ml_ext20k_frozen_v2_20260716	/store/user/iturkmen/hh4b_delphes/run2_13tev/frozen_v2/bundles/ggf_hh4b_ml_ext20k_frozen_v2_20260716/HH4b_ggf_ggf_hh4b_ml_ext20k_frozen_v2_20260716_shard005_seed86005_bundle.tar.gz	HH4b_ggf_ggf_hh4b_ml_ext20k_frozen_v2_20260716_shard005_seed86005_bundle.tar.gz	HH4b_ggf_ggf_hh4b_ml_ext20k_frozen_v2_20260716_shard005_seed86005				5	86005	1	5	exact_metadata_matched
signal	ggf_hh4b	ggf_hh4b_ml_ext20k_frozen_v2_20260716	/store/user/iturkmen/hh4b_delphes/run2_13tev/frozen_v2/bundles/ggf_hh4b_ml_ext20k_frozen_v2_20260716/HH4b_ggf_ggf_hh4b_ml_ext20k_frozen_v2_20260716_shard006_seed86006_bundle.tar.gz	HH4b_ggf_ggf_hh4b_ml_ext20k_frozen_v2_20260716_shard006_seed86006_bundle.tar.gz	HH4b_ggf_ggf_hh4b_ml_ext20k_frozen_v2_20260716_shard006_seed86006				6	86006	1	5	exact_metadata_matched
signal	ggf_hh4b	ggf_hh4b_ml_ext20k_frozen_v2_20260716	/store/user/iturkmen/hh4b_delphes/run2_13tev/frozen_v2/bundles/ggf_hh4b_ml_ext20k_frozen_v2_20260716/HH4b_ggf_ggf_hh4b_ml_ext20k_frozen_v2_20260716_shard007_seed86007_bundle.tar.gz	HH4b_ggf_ggf_hh4b_ml_ext20k_frozen_v2_20260716_shard007_seed86007_bundle.tar.gz	HH4b_ggf_ggf_hh4b_ml_ext20k_frozen_v2_20260716_shard007_seed86007				7	86007	1	5	exact_metadata_matched
signal	ggf_hh4b	ggf_hh4b_ml_ext20k_frozen_v2_20260716	/store/user/iturkmen/hh4b_delphes/run2_13tev/frozen_v2/bundles/ggf_hh4b_ml_ext20k_frozen_v2_20260716/HH4b_ggf_ggf_hh4b_ml_ext20k_frozen_v2_20260716_shard008_seed86008_bundle.tar.gz	HH4b_ggf_ggf_hh4b_ml_ext20k_frozen_v2_20260716_shard008_seed86008_bundle.tar.gz	HH4b_ggf_ggf_hh4b_ml_ext20k_frozen_v2_20260716_shard008_seed86008				8	86008	1	5	exact_metadata_matched
signal	ggf_hh4b	ggf_hh4b_ml_ext20k_frozen_v2_20260716	/store/user/iturkmen/hh4b_delphes/run2_13tev/frozen_v2/bundles/ggf_hh4b_ml_ext20k_frozen_v2_20260716/HH4b_ggf_ggf_hh4b_ml_ext20k_frozen_v2_20260716_shard009_seed86009_bundle.tar.gz	HH4b_ggf_ggf_hh4b_ml_ext20k_frozen_v2_20260716_shard009_seed86009_bundle.tar.gz	HH4b_ggf_ggf_hh4b_ml_ext20k_frozen_v2_20260716_shard009_seed86009				9	86009	1	5	exact_metadata_matched
signal	ggf_hh4b	ggf_hh4b_ml_ext20k_frozen_v2_20260716	/store/user/iturkmen/hh4b_delphes/run2_13tev/frozen_v2/bundles/ggf_hh4b_ml_ext20k_frozen_v2_20260716/HH4b_ggf_ggf_hh4b_ml_ext20k_frozen_v2_20260716_shard010_seed86010_bundle.tar.gz	HH4b_ggf_ggf_hh4b_ml_ext20k_frozen_v2_20260716_shard010_seed86010_bundle.tar.gz	HH4b_ggf_ggf_hh4b_ml_ext20k_frozen_v2_20260716_shard010_seed86010				10	86010	1	5	exact_metadata_matched
signal	ggf_hh4b	ggf_hh4b_ml_ext20k_frozen_v2_20260716	/store/user/iturkmen/hh4b_delphes/run2_13tev/frozen_v2/bundles/ggf_hh4b_ml_ext20k_frozen_v2_20260716/HH4b_ggf_ggf_hh4b_ml_ext20k_frozen_v2_20260716_shard011_seed86011_bundle.tar.gz	HH4b_ggf_ggf_hh4b_ml_ext20k_frozen_v2_20260716_shard011_seed86011_bundle.tar.gz	HH4b_ggf_ggf_hh4b_ml_ext20k_frozen_v2_20260716_shard011_seed86011				11	86011	1	5	exact_metadata_matched
signal	ggf_hh4b	ggf_hh4b_ml_ext20k_frozen_v2_20260716	/store/user/iturkmen/hh4b_delphes/run2_13tev/frozen_v2/bundles/ggf_hh4b_ml_ext20k_frozen_v2_20260716/HH4b_ggf_ggf_hh4b_ml_ext20k_frozen_v2_20260716_shard012_seed86012_bundle.tar.gz	HH4b_ggf_ggf_hh4b_ml_ext20k_frozen_v2_20260716_shard012_seed86012_bundle.tar.gz	HH4b_ggf_ggf_hh4b_ml_ext20k_frozen_v2_20260716_shard012_seed86012				12	86012	1	5	exact_metadata_matched
signal	ggf_hh4b	ggf_hh4b_ml_ext20k_frozen_v2_20260716	/store/user/iturkmen/hh4b_delphes/run2_13tev/frozen_v2/bundles/ggf_hh4b_ml_ext20k_frozen_v2_20260716/HH4b_ggf_ggf_hh4b_ml_ext20k_frozen_v2_20260716_shard013_seed86013_bundle.tar.gz	HH4b_ggf_ggf_hh4b_ml_ext20k_frozen_v2_20260716_shard013_seed86013_bundle.tar.gz	HH4b_ggf_ggf_hh4b_ml_ext20k_frozen_v2_20260716_shard013_seed86013				13	86013	1	5	exact_metadata_matched
signal	ggf_hh4b	ggf_hh4b_ml_ext20k_frozen_v2_20260716	/store/user/iturkmen/hh4b_delphes/run2_13tev/frozen_v2/bundles/ggf_hh4b_ml_ext20k_frozen_v2_20260716/HH4b_ggf_ggf_hh4b_ml_ext20k_frozen_v2_20260716_shard014_seed86014_bundle.tar.gz	HH4b_ggf_ggf_hh4b_ml_ext20k_frozen_v2_20260716_shard014_seed86014_bundle.tar.gz	HH4b_ggf_ggf_hh4b_ml_ext20k_frozen_v2_20260716_shard014_seed86014				14	86014	1	5	exact_metadata_matched
signal	ggf_hh4b	ggf_hh4b_ml_ext20k_frozen_v2_20260716	/store/user/iturkmen/hh4b_delphes/run2_13tev/frozen_v2/bundles/ggf_hh4b_ml_ext20k_frozen_v2_20260716/HH4b_ggf_ggf_hh4b_ml_ext20k_frozen_v2_20260716_shard015_seed86015_bundle.tar.gz	HH4b_ggf_ggf_hh4b_ml_ext20k_frozen_v2_20260716_shard015_seed86015_bundle.tar.gz	HH4b_ggf_ggf_hh4b_ml_ext20k_frozen_v2_20260716_shard015_seed86015				15	86015	1	5	exact_metadata_matched
signal	ggf_hh4b	ggf_hh4b_ml_ext20k_frozen_v2_20260716	/store/user/iturkmen/hh4b_delphes/run2_13tev/frozen_v2/bundles/ggf_hh4b_ml_ext20k_frozen_v2_20260716/HH4b_ggf_ggf_hh4b_ml_ext20k_frozen_v2_20260716_shard016_seed86016_bundle.tar.gz	HH4b_ggf_ggf_hh4b_ml_ext20k_frozen_v2_20260716_shard016_seed86016_bundle.tar.gz	HH4b_ggf_ggf_hh4b_ml_ext20k_frozen_v2_20260716_shard016_seed86016				16	86016	1	5	exact_metadata_matched
signal	ggf_hh4b	ggf_hh4b_ml_ext20k_frozen_v2_20260716	/store/user/iturkmen/hh4b_delphes/run2_13tev/frozen_v2/bundles/ggf_hh4b_ml_ext20k_frozen_v2_20260716/HH4b_ggf_ggf_hh4b_ml_ext20k_frozen_v2_20260716_shard017_seed86017_bundle.tar.gz	HH4b_ggf_ggf_hh4b_ml_ext20k_frozen_v2_20260716_shard017_seed86017_bundle.tar.gz	HH4b_ggf_ggf_hh4b_ml_ext20k_frozen_v2_20260716_shard017_seed86017				17	86017	1	5	exact_metadata_matched
signal	ggf_hh4b	ggf_hh4b_ml_ext20k_frozen_v2_20260716	/store/user/iturkmen/hh4b_delphes/run2_13tev/frozen_v2/bundles/ggf_hh4b_ml_ext20k_frozen_v2_20260716/HH4b_ggf_ggf_hh4b_ml_ext20k_frozen_v2_20260716_shard018_seed86018_bundle.tar.gz	HH4b_ggf_ggf_hh4b_ml_ext20k_frozen_v2_20260716_shard018_seed86018_bundle.tar.gz	HH4b_ggf_ggf_hh4b_ml_ext20k_frozen_v2_20260716_shard018_seed86018				18	86018	1	5	exact_metadata_matched
signal	ggf_hh4b	ggf_hh4b_ml_ext20k_frozen_v2_20260716	/store/user/iturkmen/hh4b_delphes/run2_13tev/frozen_v2/bundles/ggf_hh4b_ml_ext20k_frozen_v2_20260716/HH4b_ggf_ggf_hh4b_ml_ext20k_frozen_v2_20260716_shard019_seed86019_bundle.tar.gz	HH4b_ggf_ggf_hh4b_ml_ext20k_frozen_v2_20260716_shard019_seed86019_bundle.tar.gz	HH4b_ggf_ggf_hh4b_ml_ext20k_frozen_v2_20260716_shard019_seed86019				19	86019	1	5	exact_metadata_matched
signal	ggf_hh4b	ggf_hh4b_ml_ext80k_frozen_v2_20260721_v1	/store/user/iturkmen/hh4b_delphes/run2_13tev/frozen_v2/bundles/ggf_hh4b_ml_ext80k_frozen_v2_20260721_v1/HH4b_ggf_ggf_hh4b_ml_ext80k_frozen_v2_20260721_v1_shard020_seed86020_bundle.tar.gz	HH4b_ggf_ggf_hh4b_ml_ext80k_frozen_v2_20260721_v1_shard020_seed86020_bundle.tar.gz	HH4b_ggf_ggf_hh4b_ml_ext80k_frozen_v2_20260721_v1_shard020_seed86020				20	86020	5	14	exact_metadata_matched
signal	ggf_hh4b	ggf_hh4b_ml_ext80k_frozen_v2_20260721_v1	/store/user/iturkmen/hh4b_delphes/run2_13tev/frozen_v2/bundles/ggf_hh4b_ml_ext80k_frozen_v2_20260721_v1/HH4b_ggf_ggf_hh4b_ml_ext80k_frozen_v2_20260721_v1_shard021_seed86021_bundle.tar.gz	HH4b_ggf_ggf_hh4b_ml_ext80k_frozen_v2_20260721_v1_shard021_seed86021_bundle.tar.gz	HH4b_ggf_ggf_hh4b_ml_ext80k_frozen_v2_20260721_v1_shard021_seed86021				21	86021	1	5	exact_metadata_matched
signal	ggf_hh4b	ggf_hh4b_ml_ext80k_frozen_v2_20260721_v1	/store/user/iturkmen/hh4b_delphes/run2_13tev/frozen_v2/bundles/ggf_hh4b_ml_ext80k_frozen_v2_20260721_v1/HH4b_ggf_ggf_hh4b_ml_ext80k_frozen_v2_20260721_v1_shard022_seed86022_bundle.tar.gz	HH4b_ggf_ggf_hh4b_ml_ext80k_frozen_v2_20260721_v1_shard022_seed86022_bundle.tar.gz	HH4b_ggf_ggf_hh4b_ml_ext80k_frozen_v2_20260721_v1_shard022_seed86022				22	86022	1	5	exact_metadata_matched
signal	ggf_hh4b	ggf_hh4b_ml_ext80k_frozen_v2_20260721_v1	/store/user/iturkmen/hh4b_delphes/run2_13tev/frozen_v2/bundles/ggf_hh4b_ml_ext80k_frozen_v2_20260721_v1/HH4b_ggf_ggf_hh4b_ml_ext80k_frozen_v2_20260721_v1_shard023_seed86023_bundle.tar.gz	HH4b_ggf_ggf_hh4b_ml_ext80k_frozen_v2_20260721_v1_shard023_seed86023_bundle.tar.gz	HH4b_ggf_ggf_hh4b_ml_ext80k_frozen_v2_20260721_v1_shard023_seed86023				23	86023	1	5	exact_metadata_matched
signal	ggf_hh4b	ggf_hh4b_ml_ext80k_frozen_v2_20260721_v1	/store/user/iturkmen/hh4b_delphes/run2_13tev/frozen_v2/bundles/ggf_hh4b_ml_ext80k_frozen_v2_20260721_v1/HH4b_ggf_ggf_hh4b_ml_ext80k_frozen_v2_20260721_v1_shard024_seed86024_bundle.tar.gz	HH4b_ggf_ggf_hh4b_ml_ext80k_frozen_v2_20260721_v1_shard024_seed86024_bundle.tar.gz	HH4b_ggf_ggf_hh4b_ml_ext80k_frozen_v2_20260721_v1_shard024_seed86024				24	86024	1	5	exact_metadata_matched
signal	ggf_hh4b	ggf_hh4b_ml_ext80k_frozen_v2_20260721_v1	/store/user/iturkmen/hh4b_delphes/run2_13tev/frozen_v2/bundles/ggf_hh4b_ml_ext80k_frozen_v2_20260721_v1/HH4b_ggf_ggf_hh4b_ml_ext80k_frozen_v2_20260721_v1_shard025_seed86025_bundle.tar.gz	HH4b_ggf_ggf_hh4b_ml_ext80k_frozen_v2_20260721_v1_shard025_seed86025_bundle.tar.gz	HH4b_ggf_ggf_hh4b_ml_ext80k_frozen_v2_20260721_v1_shard025_seed86025				25	86025	1	5	exact_metadata_matched
signal	ggf_hh4b	ggf_hh4b_ml_ext80k_frozen_v2_20260721_v1	/store/user/iturkmen/hh4b_delphes/run2_13tev/frozen_v2/bundles/ggf_hh4b_ml_ext80k_frozen_v2_20260721_v1/HH4b_ggf_ggf_hh4b_ml_ext80k_frozen_v2_20260721_v1_shard026_seed86026_bundle.tar.gz	HH4b_ggf_ggf_hh4b_ml_ext80k_frozen_v2_20260721_v1_shard026_seed86026_bundle.tar.gz	HH4b_ggf_ggf_hh4b_ml_ext80k_frozen_v2_20260721_v1_shard026_seed86026				26	86026	1	5	exact_metadata_matched
signal	ggf_hh4b	ggf_hh4b_ml_ext80k_frozen_v2_20260721_v1	/store/user/iturkmen/hh4b_delphes/run2_13tev/frozen_v2/bundles/ggf_hh4b_ml_ext80k_frozen_v2_20260721_v1/HH4b_ggf_ggf_hh4b_ml_ext80k_frozen_v2_20260721_v1_shard027_seed86027_bundle.tar.gz	HH4b_ggf_ggf_hh4b_ml_ext80k_frozen_v2_20260721_v1_shard027_seed86027_bundle.tar.gz	HH4b_ggf_ggf_hh4b_ml_ext80k_frozen_v2_20260721_v1_shard027_seed86027				27	86027	1	5	exact_metadata_matched
signal	ggf_hh4b	ggf_hh4b_ml_ext80k_frozen_v2_20260721_v1	/store/user/iturkmen/hh4b_delphes/run2_13tev/frozen_v2/bundles/ggf_hh4b_ml_ext80k_frozen_v2_20260721_v1/HH4b_ggf_ggf_hh4b_ml_ext80k_frozen_v2_20260721_v1_shard028_seed86028_bundle.tar.gz	HH4b_ggf_ggf_hh4b_ml_ext80k_frozen_v2_20260721_v1_shard028_seed86028_bundle.tar.gz	HH4b_ggf_ggf_hh4b_ml_ext80k_frozen_v2_20260721_v1_shard028_seed86028				28	86028	1	5	exact_metadata_matched
signal	ggf_hh4b	ggf_hh4b_ml_ext80k_frozen_v2_20260721_v1	/store/user/iturkmen/hh4b_delphes/run2_13tev/frozen_v2/bundles/ggf_hh4b_ml_ext80k_frozen_v2_20260721_v1/HH4b_ggf_ggf_hh4b_ml_ext80k_frozen_v2_20260721_v1_shard029_seed86029_bundle.tar.gz	HH4b_ggf_ggf_hh4b_ml_ext80k_frozen_v2_20260721_v1_shard029_seed86029_bundle.tar.gz	HH4b_ggf_ggf_hh4b_ml_ext80k_frozen_v2_20260721_v1_shard029_seed86029				29	86029	1	5	exact_metadata_matched
signal	ggf_hh4b	ggf_hh4b_ml_ext80k_frozen_v2_20260721_v1	/store/user/iturkmen/hh4b_delphes/run2_13tev/frozen_v2/bundles/ggf_hh4b_ml_ext80k_frozen_v2_20260721_v1/HH4b_ggf_ggf_hh4b_ml_ext80k_frozen_v2_20260721_v1_shard030_seed86030_bundle.tar.gz	HH4b_ggf_ggf_hh4b_ml_ext80k_frozen_v2_20260721_v1_shard030_seed86030_bundle.tar.gz	HH4b_ggf_ggf_hh4b_ml_ext80k_frozen_v2_20260721_v1_shard030_seed86030				30	86030	1	5	exact_metadata_matched
signal	ggf_hh4b	ggf_hh4b_ml_ext80k_frozen_v2_20260721_v1	/store/user/iturkmen/hh4b_delphes/run2_13tev/frozen_v2/bundles/ggf_hh4b_ml_ext80k_frozen_v2_20260721_v1/HH4b_ggf_ggf_hh4b_ml_ext80k_frozen_v2_20260721_v1_shard031_seed86031_bundle.tar.gz	HH4b_ggf_ggf_hh4b_ml_ext80k_frozen_v2_20260721_v1_shard031_seed86031_bundle.tar.gz	HH4b_ggf_ggf_hh4b_ml_ext80k_frozen_v2_20260721_v1_shard031_seed86031				31	86031	1	5	exact_metadata_matched
signal	ggf_hh4b	ggf_hh4b_ml_ext80k_frozen_v2_20260721_v1	/store/user/iturkmen/hh4b_delphes/run2_13tev/frozen_v2/bundles/ggf_hh4b_ml_ext80k_frozen_v2_20260721_v1/HH4b_ggf_ggf_hh4b_ml_ext80k_frozen_v2_20260721_v1_shard032_seed86032_bundle.tar.gz	HH4b_ggf_ggf_hh4b_ml_ext80k_frozen_v2_20260721_v1_shard032_seed86032_bundle.tar.gz	HH4b_ggf_ggf_hh4b_ml_ext80k_frozen_v2_20260721_v1_shard032_seed86032				32	86032	1	5	exact_metadata_matched
signal	ggf_hh4b	ggf_hh4b_ml_ext80k_frozen_v2_20260721_v1	/store/user/iturkmen/hh4b_delphes/run2_13tev/frozen_v2/bundles/ggf_hh4b_ml_ext80k_frozen_v2_20260721_v1/HH4b_ggf_ggf_hh4b_ml_ext80k_frozen_v2_20260721_v1_shard033_seed86033_bundle.tar.gz	HH4b_ggf_ggf_hh4b_ml_ext80k_frozen_v2_20260721_v1_shard033_seed86033_bundle.tar.gz	HH4b_ggf_ggf_hh4b_ml_ext80k_frozen_v2_20260721_v1_shard033_seed86033				33	86033	1	5	exact_metadata_matched
signal	ggf_hh4b	ggf_hh4b_ml_ext80k_frozen_v2_20260721_v1	/store/user/iturkmen/hh4b_delphes/run2_13tev/frozen_v2/bundles/ggf_hh4b_ml_ext80k_frozen_v2_20260721_v1/HH4b_ggf_ggf_hh4b_ml_ext80k_frozen_v2_20260721_v1_shard034_seed86034_bundle.tar.gz	HH4b_ggf_ggf_hh4b_ml_ext80k_frozen_v2_20260721_v1_shard034_seed86034_bundle.tar.gz	HH4b_ggf_ggf_hh4b_ml_ext80k_frozen_v2_20260721_v1_shard034_seed86034				34	86034	1	5	exact_metadata_matched
signal	ggf_hh4b	ggf_hh4b_ml_ext80k_frozen_v2_20260721_v1	/store/user/iturkmen/hh4b_delphes/run2_13tev/frozen_v2/bundles/ggf_hh4b_ml_ext80k_frozen_v2_20260721_v1/HH4b_ggf_ggf_hh4b_ml_ext80k_frozen_v2_20260721_v1_shard035_seed86035_bundle.tar.gz	HH4b_ggf_ggf_hh4b_ml_ext80k_frozen_v2_20260721_v1_shard035_seed86035_bundle.tar.gz	HH4b_ggf_ggf_hh4b_ml_ext80k_frozen_v2_20260721_v1_shard035_seed86035				35	86035	1	5	exact_metadata_matched
signal	ggf_hh4b	ggf_hh4b_ml_ext80k_frozen_v2_20260721_v1	/store/user/iturkmen/hh4b_delphes/run2_13tev/frozen_v2/bundles/ggf_hh4b_ml_ext80k_frozen_v2_20260721_v1/HH4b_ggf_ggf_hh4b_ml_ext80k_frozen_v2_20260721_v1_shard036_seed86036_bundle.tar.gz	HH4b_ggf_ggf_hh4b_ml_ext80k_frozen_v2_20260721_v1_shard036_seed86036_bundle.tar.gz	HH4b_ggf_ggf_hh4b_ml_ext80k_frozen_v2_20260721_v1_shard036_seed86036				36	86036	1	5	exact_metadata_matched
signal	ggf_hh4b	ggf_hh4b_ml_ext80k_frozen_v2_20260721_v1	/store/user/iturkmen/hh4b_delphes/run2_13tev/frozen_v2/bundles/ggf_hh4b_ml_ext80k_frozen_v2_20260721_v1/HH4b_ggf_ggf_hh4b_ml_ext80k_frozen_v2_20260721_v1_shard037_seed86037_bundle.tar.gz	HH4b_ggf_ggf_hh4b_ml_ext80k_frozen_v2_20260721_v1_shard037_seed86037_bundle.tar.gz	HH4b_ggf_ggf_hh4b_ml_ext80k_frozen_v2_20260721_v1_shard037_seed86037				37	86037	1	5	exact_metadata_matched
signal	ggf_hh4b	ggf_hh4b_ml_ext80k_frozen_v2_20260721_v1	/store/user/iturkmen/hh4b_delphes/run2_13tev/frozen_v2/bundles/ggf_hh4b_ml_ext80k_frozen_v2_20260721_v1/HH4b_ggf_ggf_hh4b_ml_ext80k_frozen_v2_20260721_v1_shard038_seed86038_bundle.tar.gz	HH4b_ggf_ggf_hh4b_ml_ext80k_frozen_v2_20260721_v1_shard038_seed86038_bundle.tar.gz	HH4b_ggf_ggf_hh4b_ml_ext80k_frozen_v2_20260721_v1_shard038_seed86038				38	86038	1	5	exact_metadata_matched
signal	ggf_hh4b	ggf_hh4b_ml_ext80k_frozen_v2_20260721_v1	/store/user/iturkmen/hh4b_delphes/run2_13tev/frozen_v2/bundles/ggf_hh4b_ml_ext80k_frozen_v2_20260721_v1/HH4b_ggf_ggf_hh4b_ml_ext80k_frozen_v2_20260721_v1_shard039_seed86039_bundle.tar.gz	HH4b_ggf_ggf_hh4b_ml_ext80k_frozen_v2_20260721_v1_shard039_seed86039_bundle.tar.gz	HH4b_ggf_ggf_hh4b_ml_ext80k_frozen_v2_20260721_v1_shard039_seed86039				39	86039	1	5	exact_metadata_matched
signal	ggf_hh4b	ggf_hh4b_ml_ext80k_frozen_v2_20260721_v1	/store/user/iturkmen/hh4b_delphes/run2_13tev/frozen_v2/bundles/ggf_hh4b_ml_ext80k_frozen_v2_20260721_v1/HH4b_ggf_ggf_hh4b_ml_ext80k_frozen_v2_20260721_v1_shard040_seed86040_bundle.tar.gz	HH4b_ggf_ggf_hh4b_ml_ext80k_frozen_v2_20260721_v1_shard040_seed86040_bundle.tar.gz	HH4b_ggf_ggf_hh4b_ml_ext80k_frozen_v2_20260721_v1_shard040_seed86040				40	86040	1	5	exact_metadata_matched
signal	ggf_hh4b	ggf_hh4b_ml_ext80k_frozen_v2_20260721_v1	/store/user/iturkmen/hh4b_delphes/run2_13tev/frozen_v2/bundles/ggf_hh4b_ml_ext80k_frozen_v2_20260721_v1/HH4b_ggf_ggf_hh4b_ml_ext80k_frozen_v2_20260721_v1_shard041_seed86041_bundle.tar.gz	HH4b_ggf_ggf_hh4b_ml_ext80k_frozen_v2_20260721_v1_shard041_seed86041_bundle.tar.gz	HH4b_ggf_ggf_hh4b_ml_ext80k_frozen_v2_20260721_v1_shard041_seed86041				41	86041	1	5	exact_metadata_matched
signal	ggf_hh4b	ggf_hh4b_ml_ext80k_frozen_v2_20260721_v1	/store/user/iturkmen/hh4b_delphes/run2_13tev/frozen_v2/bundles/ggf_hh4b_ml_ext80k_frozen_v2_20260721_v1/HH4b_ggf_ggf_hh4b_ml_ext80k_frozen_v2_20260721_v1_shard042_seed86042_bundle.tar.gz	HH4b_ggf_ggf_hh4b_ml_ext80k_frozen_v2_20260721_v1_shard042_seed86042_bundle.tar.gz	HH4b_ggf_ggf_hh4b_ml_ext80k_frozen_v2_20260721_v1_shard042_seed86042				42	86042	1	5	exact_metadata_matched
signal	ggf_hh4b	ggf_hh4b_ml_ext80k_frozen_v2_20260721_v1	/store/user/iturkmen/hh4b_delphes/run2_13tev/frozen_v2/bundles/ggf_hh4b_ml_ext80k_frozen_v2_20260721_v1/HH4b_ggf_ggf_hh4b_ml_ext80k_frozen_v2_20260721_v1_shard043_seed86043_bundle.tar.gz	HH4b_ggf_ggf_hh4b_ml_ext80k_frozen_v2_20260721_v1_shard043_seed86043_bundle.tar.gz	HH4b_ggf_ggf_hh4b_ml_ext80k_frozen_v2_20260721_v1_shard043_seed86043				43	86043	1	5	exact_metadata_matched
signal	ggf_hh4b	ggf_hh4b_ml_ext80k_frozen_v2_20260721_v1	/store/user/iturkmen/hh4b_delphes/run2_13tev/frozen_v2/bundles/ggf_hh4b_ml_ext80k_frozen_v2_20260721_v1/HH4b_ggf_ggf_hh4b_ml_ext80k_frozen_v2_20260721_v1_shard044_seed86044_bundle.tar.gz	HH4b_ggf_ggf_hh4b_ml_ext80k_frozen_v2_20260721_v1_shard044_seed86044_bundle.tar.gz	HH4b_ggf_ggf_hh4b_ml_ext80k_frozen_v2_20260721_v1_shard044_seed86044				44	86044	1	5	exact_metadata_matched
signal	ggf_hh4b	ggf_hh4b_ml_ext80k_frozen_v2_20260721_v1	/store/user/iturkmen/hh4b_delphes/run2_13tev/frozen_v2/bundles/ggf_hh4b_ml_ext80k_frozen_v2_20260721_v1/HH4b_ggf_ggf_hh4b_ml_ext80k_frozen_v2_20260721_v1_shard045_seed86045_bundle.tar.gz	HH4b_ggf_ggf_hh4b_ml_ext80k_frozen_v2_20260721_v1_shard045_seed86045_bundle.tar.gz	HH4b_ggf_ggf_hh4b_ml_ext80k_frozen_v2_20260721_v1_shard045_seed86045				45	86045	1	5	exact_metadata_matched
signal	ggf_hh4b	ggf_hh4b_ml_ext80k_frozen_v2_20260721_v1	/store/user/iturkmen/hh4b_delphes/run2_13tev/frozen_v2/bundles/ggf_hh4b_ml_ext80k_frozen_v2_20260721_v1/HH4b_ggf_ggf_hh4b_ml_ext80k_frozen_v2_20260721_v1_shard046_seed86046_bundle.tar.gz	HH4b_ggf_ggf_hh4b_ml_ext80k_frozen_v2_20260721_v1_shard046_seed86046_bundle.tar.gz	HH4b_ggf_ggf_hh4b_ml_ext80k_frozen_v2_20260721_v1_shard046_seed86046				46	86046	1	5	exact_metadata_matched
signal	ggf_hh4b	ggf_hh4b_ml_ext80k_frozen_v2_20260721_v1	/store/user/iturkmen/hh4b_delphes/run2_13tev/frozen_v2/bundles/ggf_hh4b_ml_ext80k_frozen_v2_20260721_v1/HH4b_ggf_ggf_hh4b_ml_ext80k_frozen_v2_20260721_v1_shard047_seed86047_bundle.tar.gz	HH4b_ggf_ggf_hh4b_ml_ext80k_frozen_v2_20260721_v1_shard047_seed86047_bundle.tar.gz	HH4b_ggf_ggf_hh4b_ml_ext80k_frozen_v2_20260721_v1_shard047_seed86047				47	86047	1	5	exact_metadata_matched
signal	ggf_hh4b	ggf_hh4b_ml_ext80k_frozen_v2_20260721_v1	/store/user/iturkmen/hh4b_delphes/run2_13tev/frozen_v2/bundles/ggf_hh4b_ml_ext80k_frozen_v2_20260721_v1/HH4b_ggf_ggf_hh4b_ml_ext80k_frozen_v2_20260721_v1_shard048_seed86048_bundle.tar.gz	HH4b_ggf_ggf_hh4b_ml_ext80k_frozen_v2_20260721_v1_shard048_seed86048_bundle.tar.gz	HH4b_ggf_ggf_hh4b_ml_ext80k_frozen_v2_20260721_v1_shard048_seed86048				48	86048	1	5	exact_metadata_matched
signal	ggf_hh4b	ggf_hh4b_ml_ext80k_frozen_v2_20260721_v1	/store/user/iturkmen/hh4b_delphes/run2_13tev/frozen_v2/bundles/ggf_hh4b_ml_ext80k_frozen_v2_20260721_v1/HH4b_ggf_ggf_hh4b_ml_ext80k_frozen_v2_20260721_v1_shard049_seed86049_bundle.tar.gz	HH4b_ggf_ggf_hh4b_ml_ext80k_frozen_v2_20260721_v1_shard049_seed86049_bundle.tar.gz	HH4b_ggf_ggf_hh4b_ml_ext80k_frozen_v2_20260721_v1_shard049_seed86049				49	86049	1	5	exact_metadata_matched
signal	ggf_hh4b	ggf_hh4b_ml_ext80k_frozen_v2_20260721_v1	/store/user/iturkmen/hh4b_delphes/run2_13tev/frozen_v2/bundles/ggf_hh4b_ml_ext80k_frozen_v2_20260721_v1/HH4b_ggf_ggf_hh4b_ml_ext80k_frozen_v2_20260721_v1_shard050_seed86050_bundle.tar.gz	HH4b_ggf_ggf_hh4b_ml_ext80k_frozen_v2_20260721_v1_shard050_seed86050_bundle.tar.gz	HH4b_ggf_ggf_hh4b_ml_ext80k_frozen_v2_20260721_v1_shard050_seed86050				50	86050	1	5	exact_metadata_matched
signal	ggf_hh4b	ggf_hh4b_ml_ext80k_frozen_v2_20260721_v1	/store/user/iturkmen/hh4b_delphes/run2_13tev/frozen_v2/bundles/ggf_hh4b_ml_ext80k_frozen_v2_20260721_v1/HH4b_ggf_ggf_hh4b_ml_ext80k_frozen_v2_20260721_v1_shard051_seed86051_bundle.tar.gz	HH4b_ggf_ggf_hh4b_ml_ext80k_frozen_v2_20260721_v1_shard051_seed86051_bundle.tar.gz	HH4b_ggf_ggf_hh4b_ml_ext80k_frozen_v2_20260721_v1_shard051_seed86051				51	86051	1	5	exact_metadata_matched
signal	ggf_hh4b	ggf_hh4b_ml_ext80k_frozen_v2_20260721_v1	/store/user/iturkmen/hh4b_delphes/run2_13tev/frozen_v2/bundles/ggf_hh4b_ml_ext80k_frozen_v2_20260721_v1/HH4b_ggf_ggf_hh4b_ml_ext80k_frozen_v2_20260721_v1_shard052_seed86052_bundle.tar.gz	HH4b_ggf_ggf_hh4b_ml_ext80k_frozen_v2_20260721_v1_shard052_seed86052_bundle.tar.gz	HH4b_ggf_ggf_hh4b_ml_ext80k_frozen_v2_20260721_v1_shard052_seed86052				52	86052	1	5	exact_metadata_matched
signal	ggf_hh4b	ggf_hh4b_ml_ext80k_frozen_v2_20260721_v1	/store/user/iturkmen/hh4b_delphes/run2_13tev/frozen_v2/bundles/ggf_hh4b_ml_ext80k_frozen_v2_20260721_v1/HH4b_ggf_ggf_hh4b_ml_ext80k_frozen_v2_20260721_v1_shard053_seed86053_bundle.tar.gz	HH4b_ggf_ggf_hh4b_ml_ext80k_frozen_v2_20260721_v1_shard053_seed86053_bundle.tar.gz	HH4b_ggf_ggf_hh4b_ml_ext80k_frozen_v2_20260721_v1_shard053_seed86053				53	86053	1	5	exact_metadata_matched
signal	ggf_hh4b	ggf_hh4b_ml_ext80k_frozen_v2_20260721_v1	/store/user/iturkmen/hh4b_delphes/run2_13tev/frozen_v2/bundles/ggf_hh4b_ml_ext80k_frozen_v2_20260721_v1/HH4b_ggf_ggf_hh4b_ml_ext80k_frozen_v2_20260721_v1_shard054_seed86054_bundle.tar.gz	HH4b_ggf_ggf_hh4b_ml_ext80k_frozen_v2_20260721_v1_shard054_seed86054_bundle.tar.gz	HH4b_ggf_ggf_hh4b_ml_ext80k_frozen_v2_20260721_v1_shard054_seed86054				54	86054	1	5	exact_metadata_matched
signal	ggf_hh4b	ggf_hh4b_ml_ext80k_frozen_v2_20260721_v1	/store/user/iturkmen/hh4b_delphes/run2_13tev/frozen_v2/bundles/ggf_hh4b_ml_ext80k_frozen_v2_20260721_v1/HH4b_ggf_ggf_hh4b_ml_ext80k_frozen_v2_20260721_v1_shard055_seed86055_bundle.tar.gz	HH4b_ggf_ggf_hh4b_ml_ext80k_frozen_v2_20260721_v1_shard055_seed86055_bundle.tar.gz	HH4b_ggf_ggf_hh4b_ml_ext80k_frozen_v2_20260721_v1_shard055_seed86055				55	86055	1	5	exact_metadata_matched
signal	ggf_hh4b	ggf_hh4b_ml_ext80k_frozen_v2_20260721_v1	/store/user/iturkmen/hh4b_delphes/run2_13tev/frozen_v2/bundles/ggf_hh4b_ml_ext80k_frozen_v2_20260721_v1/HH4b_ggf_ggf_hh4b_ml_ext80k_frozen_v2_20260721_v1_shard056_seed86056_bundle.tar.gz	HH4b_ggf_ggf_hh4b_ml_ext80k_frozen_v2_20260721_v1_shard056_seed86056_bundle.tar.gz	HH4b_ggf_ggf_hh4b_ml_ext80k_frozen_v2_20260721_v1_shard056_seed86056				56	86056	1	5	exact_metadata_matched
signal	ggf_hh4b	ggf_hh4b_ml_ext80k_frozen_v2_20260721_v1	/store/user/iturkmen/hh4b_delphes/run2_13tev/frozen_v2/bundles/ggf_hh4b_ml_ext80k_frozen_v2_20260721_v1/HH4b_ggf_ggf_hh4b_ml_ext80k_frozen_v2_20260721_v1_shard057_seed86057_bundle.tar.gz	HH4b_ggf_ggf_hh4b_ml_ext80k_frozen_v2_20260721_v1_shard057_seed86057_bundle.tar.gz	HH4b_ggf_ggf_hh4b_ml_ext80k_frozen_v2_20260721_v1_shard057_seed86057				57	86057	1	5	exact_metadata_matched
signal	ggf_hh4b	ggf_hh4b_ml_ext80k_frozen_v2_20260721_v1	/store/user/iturkmen/hh4b_delphes/run2_13tev/frozen_v2/bundles/ggf_hh4b_ml_ext80k_frozen_v2_20260721_v1/HH4b_ggf_ggf_hh4b_ml_ext80k_frozen_v2_20260721_v1_shard058_seed86058_bundle.tar.gz	HH4b_ggf_ggf_hh4b_ml_ext80k_frozen_v2_20260721_v1_shard058_seed86058_bundle.tar.gz	HH4b_ggf_ggf_hh4b_ml_ext80k_frozen_v2_20260721_v1_shard058_seed86058				58	86058	1	5	exact_metadata_matched
signal	ggf_hh4b	ggf_hh4b_ml_ext80k_frozen_v2_20260721_v1	/store/user/iturkmen/hh4b_delphes/run2_13tev/frozen_v2/bundles/ggf_hh4b_ml_ext80k_frozen_v2_20260721_v1/HH4b_ggf_ggf_hh4b_ml_ext80k_frozen_v2_20260721_v1_shard059_seed86059_bundle.tar.gz	HH4b_ggf_ggf_hh4b_ml_ext80k_frozen_v2_20260721_v1_shard059_seed86059_bundle.tar.gz	HH4b_ggf_ggf_hh4b_ml_ext80k_frozen_v2_20260721_v1_shard059_seed86059				59	86059	1	5	exact_metadata_matched
signal	ggf_hh4b	ggf_hh4b_ml_ext80k_frozen_v2_20260721_v1	/store/user/iturkmen/hh4b_delphes/run2_13tev/frozen_v2/bundles/ggf_hh4b_ml_ext80k_frozen_v2_20260721_v1/HH4b_ggf_ggf_hh4b_ml_ext80k_frozen_v2_20260721_v1_shard060_seed86060_bundle.tar.gz	HH4b_ggf_ggf_hh4b_ml_ext80k_frozen_v2_20260721_v1_shard060_seed86060_bundle.tar.gz	HH4b_ggf_ggf_hh4b_ml_ext80k_frozen_v2_20260721_v1_shard060_seed86060				60	86060	1	5	exact_metadata_matched
signal	ggf_hh4b	ggf_hh4b_ml_ext80k_frozen_v2_20260721_v1	/store/user/iturkmen/hh4b_delphes/run2_13tev/frozen_v2/bundles/ggf_hh4b_ml_ext80k_frozen_v2_20260721_v1/HH4b_ggf_ggf_hh4b_ml_ext80k_frozen_v2_20260721_v1_shard061_seed86061_bundle.tar.gz	HH4b_ggf_ggf_hh4b_ml_ext80k_frozen_v2_20260721_v1_shard061_seed86061_bundle.tar.gz	HH4b_ggf_ggf_hh4b_ml_ext80k_frozen_v2_20260721_v1_shard061_seed86061				61	86061	1	5	exact_metadata_matched
signal	ggf_hh4b	ggf_hh4b_ml_ext80k_frozen_v2_20260721_v1	/store/user/iturkmen/hh4b_delphes/run2_13tev/frozen_v2/bundles/ggf_hh4b_ml_ext80k_frozen_v2_20260721_v1/HH4b_ggf_ggf_hh4b_ml_ext80k_frozen_v2_20260721_v1_shard062_seed86062_bundle.tar.gz	HH4b_ggf_ggf_hh4b_ml_ext80k_frozen_v2_20260721_v1_shard062_seed86062_bundle.tar.gz	HH4b_ggf_ggf_hh4b_ml_ext80k_frozen_v2_20260721_v1_shard062_seed86062				62	86062	1	5	exact_metadata_matched
signal	ggf_hh4b	ggf_hh4b_ml_ext80k_frozen_v2_20260721_v1	/store/user/iturkmen/hh4b_delphes/run2_13tev/frozen_v2/bundles/ggf_hh4b_ml_ext80k_frozen_v2_20260721_v1/HH4b_ggf_ggf_hh4b_ml_ext80k_frozen_v2_20260721_v1_shard063_seed86063_bundle.tar.gz	HH4b_ggf_ggf_hh4b_ml_ext80k_frozen_v2_20260721_v1_shard063_seed86063_bundle.tar.gz	HH4b_ggf_ggf_hh4b_ml_ext80k_frozen_v2_20260721_v1_shard063_seed86063				63	86063	1	5	exact_metadata_matched
signal	ggf_hh4b	ggf_hh4b_ml_ext80k_frozen_v2_20260721_v1	/store/user/iturkmen/hh4b_delphes/run2_13tev/frozen_v2/bundles/ggf_hh4b_ml_ext80k_frozen_v2_20260721_v1/HH4b_ggf_ggf_hh4b_ml_ext80k_frozen_v2_20260721_v1_shard064_seed86064_bundle.tar.gz	HH4b_ggf_ggf_hh4b_ml_ext80k_frozen_v2_20260721_v1_shard064_seed86064_bundle.tar.gz	HH4b_ggf_ggf_hh4b_ml_ext80k_frozen_v2_20260721_v1_shard064_seed86064				64	86064	1	5	exact_metadata_matched
signal	ggf_hh4b	ggf_hh4b_ml_ext80k_frozen_v2_20260721_v1	/store/user/iturkmen/hh4b_delphes/run2_13tev/frozen_v2/bundles/ggf_hh4b_ml_ext80k_frozen_v2_20260721_v1/HH4b_ggf_ggf_hh4b_ml_ext80k_frozen_v2_20260721_v1_shard065_seed86065_bundle.tar.gz	HH4b_ggf_ggf_hh4b_ml_ext80k_frozen_v2_20260721_v1_shard065_seed86065_bundle.tar.gz	HH4b_ggf_ggf_hh4b_ml_ext80k_frozen_v2_20260721_v1_shard065_seed86065				65	86065	1	5	exact_metadata_matched
signal	ggf_hh4b	ggf_hh4b_ml_ext80k_frozen_v2_20260721_v1	/store/user/iturkmen/hh4b_delphes/run2_13tev/frozen_v2/bundles/ggf_hh4b_ml_ext80k_frozen_v2_20260721_v1/HH4b_ggf_ggf_hh4b_ml_ext80k_frozen_v2_20260721_v1_shard066_seed86066_bundle.tar.gz	HH4b_ggf_ggf_hh4b_ml_ext80k_frozen_v2_20260721_v1_shard066_seed86066_bundle.tar.gz	HH4b_ggf_ggf_hh4b_ml_ext80k_frozen_v2_20260721_v1_shard066_seed86066				66	86066	1	5	exact_metadata_matched
signal	ggf_hh4b	ggf_hh4b_ml_ext80k_frozen_v2_20260721_v1	/store/user/iturkmen/hh4b_delphes/run2_13tev/frozen_v2/bundles/ggf_hh4b_ml_ext80k_frozen_v2_20260721_v1/HH4b_ggf_ggf_hh4b_ml_ext80k_frozen_v2_20260721_v1_shard067_seed86067_bundle.tar.gz	HH4b_ggf_ggf_hh4b_ml_ext80k_frozen_v2_20260721_v1_shard067_seed86067_bundle.tar.gz	HH4b_ggf_ggf_hh4b_ml_ext80k_frozen_v2_20260721_v1_shard067_seed86067				67	86067	1	5	exact_metadata_matched
signal	ggf_hh4b	ggf_hh4b_ml_ext80k_frozen_v2_20260721_v1	/store/user/iturkmen/hh4b_delphes/run2_13tev/frozen_v2/bundles/ggf_hh4b_ml_ext80k_frozen_v2_20260721_v1/HH4b_ggf_ggf_hh4b_ml_ext80k_frozen_v2_20260721_v1_shard068_seed86068_bundle.tar.gz	HH4b_ggf_ggf_hh4b_ml_ext80k_frozen_v2_20260721_v1_shard068_seed86068_bundle.tar.gz	HH4b_ggf_ggf_hh4b_ml_ext80k_frozen_v2_20260721_v1_shard068_seed86068				68	86068	1	5	exact_metadata_matched
signal	ggf_hh4b	ggf_hh4b_ml_ext80k_frozen_v2_20260721_v1	/store/user/iturkmen/hh4b_delphes/run2_13tev/frozen_v2/bundles/ggf_hh4b_ml_ext80k_frozen_v2_20260721_v1/HH4b_ggf_ggf_hh4b_ml_ext80k_frozen_v2_20260721_v1_shard069_seed86069_bundle.tar.gz	HH4b_ggf_ggf_hh4b_ml_ext80k_frozen_v2_20260721_v1_shard069_seed86069_bundle.tar.gz	HH4b_ggf_ggf_hh4b_ml_ext80k_frozen_v2_20260721_v1_shard069_seed86069				69	86069	1	5	exact_metadata_matched
signal	ggf_hh4b	ggf_hh4b_ml_ext80k_frozen_v2_20260721_v1	/store/user/iturkmen/hh4b_delphes/run2_13tev/frozen_v2/bundles/ggf_hh4b_ml_ext80k_frozen_v2_20260721_v1/HH4b_ggf_ggf_hh4b_ml_ext80k_frozen_v2_20260721_v1_shard070_seed86070_bundle.tar.gz	HH4b_ggf_ggf_hh4b_ml_ext80k_frozen_v2_20260721_v1_shard070_seed86070_bundle.tar.gz	HH4b_ggf_ggf_hh4b_ml_ext80k_frozen_v2_20260721_v1_shard070_seed86070				70	86070	1	5	exact_metadata_matched
signal	ggf_hh4b	ggf_hh4b_ml_ext80k_frozen_v2_20260721_v1	/store/user/iturkmen/hh4b_delphes/run2_13tev/frozen_v2/bundles/ggf_hh4b_ml_ext80k_frozen_v2_20260721_v1/HH4b_ggf_ggf_hh4b_ml_ext80k_frozen_v2_20260721_v1_shard071_seed86071_bundle.tar.gz	HH4b_ggf_ggf_hh4b_ml_ext80k_frozen_v2_20260721_v1_shard071_seed86071_bundle.tar.gz	HH4b_ggf_ggf_hh4b_ml_ext80k_frozen_v2_20260721_v1_shard071_seed86071				71	86071	1	5	exact_metadata_matched
signal	ggf_hh4b	ggf_hh4b_ml_ext80k_frozen_v2_20260721_v1	/store/user/iturkmen/hh4b_delphes/run2_13tev/frozen_v2/bundles/ggf_hh4b_ml_ext80k_frozen_v2_20260721_v1/HH4b_ggf_ggf_hh4b_ml_ext80k_frozen_v2_20260721_v1_shard072_seed86072_bundle.tar.gz	HH4b_ggf_ggf_hh4b_ml_ext80k_frozen_v2_20260721_v1_shard072_seed86072_bundle.tar.gz	HH4b_ggf_ggf_hh4b_ml_ext80k_frozen_v2_20260721_v1_shard072_seed86072				72	86072	1	5	exact_metadata_matched
signal	ggf_hh4b	ggf_hh4b_ml_ext80k_frozen_v2_20260721_v1	/store/user/iturkmen/hh4b_delphes/run2_13tev/frozen_v2/bundles/ggf_hh4b_ml_ext80k_frozen_v2_20260721_v1/HH4b_ggf_ggf_hh4b_ml_ext80k_frozen_v2_20260721_v1_shard073_seed86073_bundle.tar.gz	HH4b_ggf_ggf_hh4b_ml_ext80k_frozen_v2_20260721_v1_shard073_seed86073_bundle.tar.gz	HH4b_ggf_ggf_hh4b_ml_ext80k_frozen_v2_20260721_v1_shard073_seed86073				73	86073	1	5	exact_metadata_matched
signal	ggf_hh4b	ggf_hh4b_ml_ext80k_frozen_v2_20260721_v1	/store/user/iturkmen/hh4b_delphes/run2_13tev/frozen_v2/bundles/ggf_hh4b_ml_ext80k_frozen_v2_20260721_v1/HH4b_ggf_ggf_hh4b_ml_ext80k_frozen_v2_20260721_v1_shard074_seed86074_bundle.tar.gz	HH4b_ggf_ggf_hh4b_ml_ext80k_frozen_v2_20260721_v1_shard074_seed86074_bundle.tar.gz	HH4b_ggf_ggf_hh4b_ml_ext80k_frozen_v2_20260721_v1_shard074_seed86074				74	86074	1	5	exact_metadata_matched
signal	ggf_hh4b	ggf_hh4b_ml_ext80k_frozen_v2_20260721_v1	/store/user/iturkmen/hh4b_delphes/run2_13tev/frozen_v2/bundles/ggf_hh4b_ml_ext80k_frozen_v2_20260721_v1/HH4b_ggf_ggf_hh4b_ml_ext80k_frozen_v2_20260721_v1_shard075_seed86075_bundle.tar.gz	HH4b_ggf_ggf_hh4b_ml_ext80k_frozen_v2_20260721_v1_shard075_seed86075_bundle.tar.gz	HH4b_ggf_ggf_hh4b_ml_ext80k_frozen_v2_20260721_v1_shard075_seed86075				75	86075	1	5	exact_metadata_matched
signal	ggf_hh4b	ggf_hh4b_ml_ext80k_frozen_v2_20260721_v1	/store/user/iturkmen/hh4b_delphes/run2_13tev/frozen_v2/bundles/ggf_hh4b_ml_ext80k_frozen_v2_20260721_v1/HH4b_ggf_ggf_hh4b_ml_ext80k_frozen_v2_20260721_v1_shard076_seed86076_bundle.tar.gz	HH4b_ggf_ggf_hh4b_ml_ext80k_frozen_v2_20260721_v1_shard076_seed86076_bundle.tar.gz	HH4b_ggf_ggf_hh4b_ml_ext80k_frozen_v2_20260721_v1_shard076_seed86076				76	86076	1	5	exact_metadata_matched
signal	ggf_hh4b	ggf_hh4b_ml_ext80k_frozen_v2_20260721_v1	/store/user/iturkmen/hh4b_delphes/run2_13tev/frozen_v2/bundles/ggf_hh4b_ml_ext80k_frozen_v2_20260721_v1/HH4b_ggf_ggf_hh4b_ml_ext80k_frozen_v2_20260721_v1_shard077_seed86077_bundle.tar.gz	HH4b_ggf_ggf_hh4b_ml_ext80k_frozen_v2_20260721_v1_shard077_seed86077_bundle.tar.gz	HH4b_ggf_ggf_hh4b_ml_ext80k_frozen_v2_20260721_v1_shard077_seed86077				77	86077	1	5	exact_metadata_matched
signal	ggf_hh4b	ggf_hh4b_ml_ext80k_frozen_v2_20260721_v1	/store/user/iturkmen/hh4b_delphes/run2_13tev/frozen_v2/bundles/ggf_hh4b_ml_ext80k_frozen_v2_20260721_v1/HH4b_ggf_ggf_hh4b_ml_ext80k_frozen_v2_20260721_v1_shard078_seed86078_bundle.tar.gz	HH4b_ggf_ggf_hh4b_ml_ext80k_frozen_v2_20260721_v1_shard078_seed86078_bundle.tar.gz	HH4b_ggf_ggf_hh4b_ml_ext80k_frozen_v2_20260721_v1_shard078_seed86078				78	86078	1	5	exact_metadata_matched
signal	ggf_hh4b	ggf_hh4b_ml_ext80k_frozen_v2_20260721_v1	/store/user/iturkmen/hh4b_delphes/run2_13tev/frozen_v2/bundles/ggf_hh4b_ml_ext80k_frozen_v2_20260721_v1/HH4b_ggf_ggf_hh4b_ml_ext80k_frozen_v2_20260721_v1_shard079_seed86079_bundle.tar.gz	HH4b_ggf_ggf_hh4b_ml_ext80k_frozen_v2_20260721_v1_shard079_seed86079_bundle.tar.gz	HH4b_ggf_ggf_hh4b_ml_ext80k_frozen_v2_20260721_v1_shard079_seed86079				79	86079	1	5	exact_metadata_matched
signal	ggf_hh4b	ggf_hh4b_ml_ext80k_frozen_v2_20260721_v1	/store/user/iturkmen/hh4b_delphes/run2_13tev/frozen_v2/bundles/ggf_hh4b_ml_ext80k_frozen_v2_20260721_v1/HH4b_ggf_ggf_hh4b_ml_ext80k_frozen_v2_20260721_v1_shard080_seed86080_bundle.tar.gz	HH4b_ggf_ggf_hh4b_ml_ext80k_frozen_v2_20260721_v1_shard080_seed86080_bundle.tar.gz	HH4b_ggf_ggf_hh4b_ml_ext80k_frozen_v2_20260721_v1_shard080_seed86080				80	86080	1	5	exact_metadata_matched
signal	ggf_hh4b	ggf_hh4b_ml_ext80k_frozen_v2_20260721_v1	/store/user/iturkmen/hh4b_delphes/run2_13tev/frozen_v2/bundles/ggf_hh4b_ml_ext80k_frozen_v2_20260721_v1/HH4b_ggf_ggf_hh4b_ml_ext80k_frozen_v2_20260721_v1_shard081_seed86081_bundle.tar.gz	HH4b_ggf_ggf_hh4b_ml_ext80k_frozen_v2_20260721_v1_shard081_seed86081_bundle.tar.gz	HH4b_ggf_ggf_hh4b_ml_ext80k_frozen_v2_20260721_v1_shard081_seed86081				81	86081	1	5	exact_metadata_matched
signal	ggf_hh4b	ggf_hh4b_ml_ext80k_frozen_v2_20260721_v1	/store/user/iturkmen/hh4b_delphes/run2_13tev/frozen_v2/bundles/ggf_hh4b_ml_ext80k_frozen_v2_20260721_v1/HH4b_ggf_ggf_hh4b_ml_ext80k_frozen_v2_20260721_v1_shard082_seed86082_bundle.tar.gz	HH4b_ggf_ggf_hh4b_ml_ext80k_frozen_v2_20260721_v1_shard082_seed86082_bundle.tar.gz	HH4b_ggf_ggf_hh4b_ml_ext80k_frozen_v2_20260721_v1_shard082_seed86082				82	86082	1	5	exact_metadata_matched
signal	ggf_hh4b	ggf_hh4b_ml_ext80k_frozen_v2_20260721_v1	/store/user/iturkmen/hh4b_delphes/run2_13tev/frozen_v2/bundles/ggf_hh4b_ml_ext80k_frozen_v2_20260721_v1/HH4b_ggf_ggf_hh4b_ml_ext80k_frozen_v2_20260721_v1_shard083_seed86083_bundle.tar.gz	HH4b_ggf_ggf_hh4b_ml_ext80k_frozen_v2_20260721_v1_shard083_seed86083_bundle.tar.gz	HH4b_ggf_ggf_hh4b_ml_ext80k_frozen_v2_20260721_v1_shard083_seed86083				83	86083	1	5	exact_metadata_matched
signal	ggf_hh4b	ggf_hh4b_ml_ext80k_frozen_v2_20260721_v1	/store/user/iturkmen/hh4b_delphes/run2_13tev/frozen_v2/bundles/ggf_hh4b_ml_ext80k_frozen_v2_20260721_v1/HH4b_ggf_ggf_hh4b_ml_ext80k_frozen_v2_20260721_v1_shard084_seed86084_bundle.tar.gz	HH4b_ggf_ggf_hh4b_ml_ext80k_frozen_v2_20260721_v1_shard084_seed86084_bundle.tar.gz	HH4b_ggf_ggf_hh4b_ml_ext80k_frozen_v2_20260721_v1_shard084_seed86084				84	86084	1	5	exact_metadata_matched
signal	ggf_hh4b	ggf_hh4b_ml_ext80k_frozen_v2_20260721_v1	/store/user/iturkmen/hh4b_delphes/run2_13tev/frozen_v2/bundles/ggf_hh4b_ml_ext80k_frozen_v2_20260721_v1/HH4b_ggf_ggf_hh4b_ml_ext80k_frozen_v2_20260721_v1_shard085_seed86085_bundle.tar.gz	HH4b_ggf_ggf_hh4b_ml_ext80k_frozen_v2_20260721_v1_shard085_seed86085_bundle.tar.gz	HH4b_ggf_ggf_hh4b_ml_ext80k_frozen_v2_20260721_v1_shard085_seed86085				85	86085	1	5	exact_metadata_matched
signal	ggf_hh4b	ggf_hh4b_ml_ext80k_frozen_v2_20260721_v1	/store/user/iturkmen/hh4b_delphes/run2_13tev/frozen_v2/bundles/ggf_hh4b_ml_ext80k_frozen_v2_20260721_v1/HH4b_ggf_ggf_hh4b_ml_ext80k_frozen_v2_20260721_v1_shard086_seed86086_bundle.tar.gz	HH4b_ggf_ggf_hh4b_ml_ext80k_frozen_v2_20260721_v1_shard086_seed86086_bundle.tar.gz	HH4b_ggf_ggf_hh4b_ml_ext80k_frozen_v2_20260721_v1_shard086_seed86086				86	86086	1	5	exact_metadata_matched
signal	ggf_hh4b	ggf_hh4b_ml_ext80k_frozen_v2_20260721_v1	/store/user/iturkmen/hh4b_delphes/run2_13tev/frozen_v2/bundles/ggf_hh4b_ml_ext80k_frozen_v2_20260721_v1/HH4b_ggf_ggf_hh4b_ml_ext80k_frozen_v2_20260721_v1_shard087_seed86087_bundle.tar.gz	HH4b_ggf_ggf_hh4b_ml_ext80k_frozen_v2_20260721_v1_shard087_seed86087_bundle.tar.gz	HH4b_ggf_ggf_hh4b_ml_ext80k_frozen_v2_20260721_v1_shard087_seed86087				87	86087	1	5	exact_metadata_matched
signal	ggf_hh4b	ggf_hh4b_ml_ext80k_frozen_v2_20260721_v1	/store/user/iturkmen/hh4b_delphes/run2_13tev/frozen_v2/bundles/ggf_hh4b_ml_ext80k_frozen_v2_20260721_v1/HH4b_ggf_ggf_hh4b_ml_ext80k_frozen_v2_20260721_v1_shard088_seed86088_bundle.tar.gz	HH4b_ggf_ggf_hh4b_ml_ext80k_frozen_v2_20260721_v1_shard088_seed86088_bundle.tar.gz	HH4b_ggf_ggf_hh4b_ml_ext80k_frozen_v2_20260721_v1_shard088_seed86088				88	86088	1	5	exact_metadata_matched
signal	ggf_hh4b	ggf_hh4b_ml_ext80k_frozen_v2_20260721_v1	/store/user/iturkmen/hh4b_delphes/run2_13tev/frozen_v2/bundles/ggf_hh4b_ml_ext80k_frozen_v2_20260721_v1/HH4b_ggf_ggf_hh4b_ml_ext80k_frozen_v2_20260721_v1_shard089_seed86089_bundle.tar.gz	HH4b_ggf_ggf_hh4b_ml_ext80k_frozen_v2_20260721_v1_shard089_seed86089_bundle.tar.gz	HH4b_ggf_ggf_hh4b_ml_ext80k_frozen_v2_20260721_v1_shard089_seed86089				89	86089	1	5	exact_metadata_matched
signal	ggf_hh4b	ggf_hh4b_ml_ext80k_frozen_v2_20260721_v1	/store/user/iturkmen/hh4b_delphes/run2_13tev/frozen_v2/bundles/ggf_hh4b_ml_ext80k_frozen_v2_20260721_v1/HH4b_ggf_ggf_hh4b_ml_ext80k_frozen_v2_20260721_v1_shard090_seed86090_bundle.tar.gz	HH4b_ggf_ggf_hh4b_ml_ext80k_frozen_v2_20260721_v1_shard090_seed86090_bundle.tar.gz	HH4b_ggf_ggf_hh4b_ml_ext80k_frozen_v2_20260721_v1_shard090_seed86090				90	86090	1	5	exact_metadata_matched
signal	ggf_hh4b	ggf_hh4b_ml_ext80k_frozen_v2_20260721_v1	/store/user/iturkmen/hh4b_delphes/run2_13tev/frozen_v2/bundles/ggf_hh4b_ml_ext80k_frozen_v2_20260721_v1/HH4b_ggf_ggf_hh4b_ml_ext80k_frozen_v2_20260721_v1_shard091_seed86091_bundle.tar.gz	HH4b_ggf_ggf_hh4b_ml_ext80k_frozen_v2_20260721_v1_shard091_seed86091_bundle.tar.gz	HH4b_ggf_ggf_hh4b_ml_ext80k_frozen_v2_20260721_v1_shard091_seed86091				91	86091	1	5	exact_metadata_matched
signal	ggf_hh4b	ggf_hh4b_ml_ext80k_frozen_v2_20260721_v1	/store/user/iturkmen/hh4b_delphes/run2_13tev/frozen_v2/bundles/ggf_hh4b_ml_ext80k_frozen_v2_20260721_v1/HH4b_ggf_ggf_hh4b_ml_ext80k_frozen_v2_20260721_v1_shard092_seed86092_bundle.tar.gz	HH4b_ggf_ggf_hh4b_ml_ext80k_frozen_v2_20260721_v1_shard092_seed86092_bundle.tar.gz	HH4b_ggf_ggf_hh4b_ml_ext80k_frozen_v2_20260721_v1_shard092_seed86092				92	86092	1	5	exact_metadata_matched
signal	ggf_hh4b	ggf_hh4b_ml_ext80k_frozen_v2_20260721_v1	/store/user/iturkmen/hh4b_delphes/run2_13tev/frozen_v2/bundles/ggf_hh4b_ml_ext80k_frozen_v2_20260721_v1/HH4b_ggf_ggf_hh4b_ml_ext80k_frozen_v2_20260721_v1_shard093_seed86093_bundle.tar.gz	HH4b_ggf_ggf_hh4b_ml_ext80k_frozen_v2_20260721_v1_shard093_seed86093_bundle.tar.gz	HH4b_ggf_ggf_hh4b_ml_ext80k_frozen_v2_20260721_v1_shard093_seed86093				93	86093	1	5	exact_metadata_matched
signal	ggf_hh4b	ggf_hh4b_ml_ext80k_frozen_v2_20260721_v1	/store/user/iturkmen/hh4b_delphes/run2_13tev/frozen_v2/bundles/ggf_hh4b_ml_ext80k_frozen_v2_20260721_v1/HH4b_ggf_ggf_hh4b_ml_ext80k_frozen_v2_20260721_v1_shard094_seed86094_bundle.tar.gz	HH4b_ggf_ggf_hh4b_ml_ext80k_frozen_v2_20260721_v1_shard094_seed86094_bundle.tar.gz	HH4b_ggf_ggf_hh4b_ml_ext80k_frozen_v2_20260721_v1_shard094_seed86094				94	86094	1	5	exact_metadata_matched
signal	ggf_hh4b	ggf_hh4b_ml_ext80k_frozen_v2_20260721_v1	/store/user/iturkmen/hh4b_delphes/run2_13tev/frozen_v2/bundles/ggf_hh4b_ml_ext80k_frozen_v2_20260721_v1/HH4b_ggf_ggf_hh4b_ml_ext80k_frozen_v2_20260721_v1_shard095_seed86095_bundle.tar.gz	HH4b_ggf_ggf_hh4b_ml_ext80k_frozen_v2_20260721_v1_shard095_seed86095_bundle.tar.gz	HH4b_ggf_ggf_hh4b_ml_ext80k_frozen_v2_20260721_v1_shard095_seed86095				95	86095	1	5	exact_metadata_matched
signal	ggf_hh4b	ggf_hh4b_ml_ext80k_frozen_v2_20260721_v1	/store/user/iturkmen/hh4b_delphes/run2_13tev/frozen_v2/bundles/ggf_hh4b_ml_ext80k_frozen_v2_20260721_v1/HH4b_ggf_ggf_hh4b_ml_ext80k_frozen_v2_20260721_v1_shard096_seed86096_bundle.tar.gz	HH4b_ggf_ggf_hh4b_ml_ext80k_frozen_v2_20260721_v1_shard096_seed86096_bundle.tar.gz	HH4b_ggf_ggf_hh4b_ml_ext80k_frozen_v2_20260721_v1_shard096_seed86096				96	86096	1	5	exact_metadata_matched
signal	ggf_hh4b	ggf_hh4b_ml_ext80k_frozen_v2_20260721_v1	/store/user/iturkmen/hh4b_delphes/run2_13tev/frozen_v2/bundles/ggf_hh4b_ml_ext80k_frozen_v2_20260721_v1/HH4b_ggf_ggf_hh4b_ml_ext80k_frozen_v2_20260721_v1_shard097_seed86097_bundle.tar.gz	HH4b_ggf_ggf_hh4b_ml_ext80k_frozen_v2_20260721_v1_shard097_seed86097_bundle.tar.gz	HH4b_ggf_ggf_hh4b_ml_ext80k_frozen_v2_20260721_v1_shard097_seed86097				97	86097	1	5	exact_metadata_matched
signal	ggf_hh4b	ggf_hh4b_ml_ext80k_frozen_v2_20260721_v1	/store/user/iturkmen/hh4b_delphes/run2_13tev/frozen_v2/bundles/ggf_hh4b_ml_ext80k_frozen_v2_20260721_v1/HH4b_ggf_ggf_hh4b_ml_ext80k_frozen_v2_20260721_v1_shard098_seed86098_bundle.tar.gz	HH4b_ggf_ggf_hh4b_ml_ext80k_frozen_v2_20260721_v1_shard098_seed86098_bundle.tar.gz	HH4b_ggf_ggf_hh4b_ml_ext80k_frozen_v2_20260721_v1_shard098_seed86098				98	86098	1	5	exact_metadata_matched
signal	ggf_hh4b	ggf_hh4b_ml_ext80k_frozen_v2_20260721_v1	/store/user/iturkmen/hh4b_delphes/run2_13tev/frozen_v2/bundles/ggf_hh4b_ml_ext80k_frozen_v2_20260721_v1/HH4b_ggf_ggf_hh4b_ml_ext80k_frozen_v2_20260721_v1_shard099_seed86099_bundle.tar.gz	HH4b_ggf_ggf_hh4b_ml_ext80k_frozen_v2_20260721_v1_shard099_seed86099_bundle.tar.gz	HH4b_ggf_ggf_hh4b_ml_ext80k_frozen_v2_20260721_v1_shard099_seed86099				99	86099	1	5	exact_metadata_matched
background	qcd_hardqcd	qcd_hardqcd_importance_adaptive1500k_phys_wave3_20260718	/store/user/iturkmen/hh4b_delphes/run2_13tev/frozen_v2/bundles/qcd_hardqcd_importance_adaptive1500k_phys_wave3_20260718/qcd_hardqcd_importance_adaptive1500k_phys_wave3_20260718_bin00_pthat50to75_shard1033_seed1201033_bundle.tar.gz	qcd_hardqcd_importance_adaptive1500k_phys_wave3_20260718_bin00_pthat50to75_shard1033_seed1201033_bundle.tar.gz	qcd_hardqcd_importance_adaptive1500k_phys_wave3_20260718_bin00_pthat50to75_shard1033_seed1201033	0	50	75	1033	1201033	12	35	exact_metadata_matched
background	qcd_hardqcd	qcd_hardqcd_importance_adaptive1500k_phys_wave3_20260718	/store/user/iturkmen/hh4b_delphes/run2_13tev/frozen_v2/bundles/qcd_hardqcd_importance_adaptive1500k_phys_wave3_20260718/qcd_hardqcd_importance_adaptive1500k_phys_wave3_20260718_bin00_pthat50to75_shard1034_seed1201034_bundle.tar.gz	qcd_hardqcd_importance_adaptive1500k_phys_wave3_20260718_bin00_pthat50to75_shard1034_seed1201034_bundle.tar.gz	qcd_hardqcd_importance_adaptive1500k_phys_wave3_20260718_bin00_pthat50to75_shard1034_seed1201034	0	50	75	1034	1201034	4	10	exact_metadata_matched
background	qcd_hardqcd	qcd_hardqcd_importance_adaptive1500k_phys_wave3_20260718	/store/user/iturkmen/hh4b_delphes/run2_13tev/frozen_v2/bundles/qcd_hardqcd_importance_adaptive1500k_phys_wave3_20260718/qcd_hardqcd_importance_adaptive1500k_phys_wave3_20260718_bin00_pthat50to75_shard1035_seed1201035_bundle.tar.gz	qcd_hardqcd_importance_adaptive1500k_phys_wave3_20260718_bin00_pthat50to75_shard1035_seed1201035_bundle.tar.gz	qcd_hardqcd_importance_adaptive1500k_phys_wave3_20260718_bin00_pthat50to75_shard1035_seed1201035	0	50	75	1035	1201035	2	8	exact_metadata_matched
background	qcd_hardqcd	qcd_hardqcd_importance_adaptive1500k_phys_wave3_20260718	/store/user/iturkmen/hh4b_delphes/run2_13tev/frozen_v2/bundles/qcd_hardqcd_importance_adaptive1500k_phys_wave3_20260718/qcd_hardqcd_importance_adaptive1500k_phys_wave3_20260718_bin00_pthat50to75_shard1036_seed1201036_bundle.tar.gz	qcd_hardqcd_importance_adaptive1500k_phys_wave3_20260718_bin00_pthat50to75_shard1036_seed1201036_bundle.tar.gz	qcd_hardqcd_importance_adaptive1500k_phys_wave3_20260718_bin00_pthat50to75_shard1036_seed1201036	0	50	75	1036	1201036	2	8	exact_metadata_matched
background	qcd_hardqcd	qcd_hardqcd_importance_adaptive1500k_phys_wave3_20260718	/store/user/iturkmen/hh4b_delphes/run2_13tev/frozen_v2/bundles/qcd_hardqcd_importance_adaptive1500k_phys_wave3_20260718/qcd_hardqcd_importance_adaptive1500k_phys_wave3_20260718_bin00_pthat50to75_shard1037_seed1201037_bundle.tar.gz	qcd_hardqcd_importance_adaptive1500k_phys_wave3_20260718_bin00_pthat50to75_shard1037_seed1201037_bundle.tar.gz	qcd_hardqcd_importance_adaptive1500k_phys_wave3_20260718_bin00_pthat50to75_shard1037_seed1201037	0	50	75	1037	1201037	2	8	exact_metadata_matched
background	qcd_hardqcd	qcd_hardqcd_importance_adaptive1500k_phys_wave3_20260718	/store/user/iturkmen/hh4b_delphes/run2_13tev/frozen_v2/bundles/qcd_hardqcd_importance_adaptive1500k_phys_wave3_20260718/qcd_hardqcd_importance_adaptive1500k_phys_wave3_20260718_bin00_pthat50to75_shard1038_seed1201038_bundle.tar.gz	qcd_hardqcd_importance_adaptive1500k_phys_wave3_20260718_bin00_pthat50to75_shard1038_seed1201038_bundle.tar.gz	qcd_hardqcd_importance_adaptive1500k_phys_wave3_20260718_bin00_pthat50to75_shard1038_seed1201038	0	50	75	1038	1201038	2	8	exact_metadata_matched
background	qcd_hardqcd	qcd_hardqcd_importance_adaptive1500k_phys_wave3_20260718	/store/user/iturkmen/hh4b_delphes/run2_13tev/frozen_v2/bundles/qcd_hardqcd_importance_adaptive1500k_phys_wave3_20260718/qcd_hardqcd_importance_adaptive1500k_phys_wave3_20260718_bin00_pthat50to75_shard1039_seed1201039_bundle.tar.gz	qcd_hardqcd_importance_adaptive1500k_phys_wave3_20260718_bin00_pthat50to75_shard1039_seed1201039_bundle.tar.gz	qcd_hardqcd_importance_adaptive1500k_phys_wave3_20260718_bin00_pthat50to75_shard1039_seed1201039	0	50	75	1039	1201039	2	8	exact_metadata_matched
background	qcd_hardqcd	qcd_hardqcd_importance_adaptive1500k_phys_wave3_20260718	/store/user/iturkmen/hh4b_delphes/run2_13tev/frozen_v2/bundles/qcd_hardqcd_importance_adaptive1500k_phys_wave3_20260718/qcd_hardqcd_importance_adaptive1500k_phys_wave3_20260718_bin00_pthat50to75_shard1040_seed1201040_bundle.tar.gz	qcd_hardqcd_importance_adaptive1500k_phys_wave3_20260718_bin00_pthat50to75_shard1040_seed1201040_bundle.tar.gz	qcd_hardqcd_importance_adaptive1500k_phys_wave3_20260718_bin00_pthat50to75_shard1040_seed1201040	0	50	75	1040	1201040	2	8	exact_metadata_matched
background	qcd_hardqcd	qcd_hardqcd_importance_adaptive1500k_phys_wave3_20260718	/store/user/iturkmen/hh4b_delphes/run2_13tev/frozen_v2/bundles/qcd_hardqcd_importance_adaptive1500k_phys_wave3_20260718/qcd_hardqcd_importance_adaptive1500k_phys_wave3_20260718_bin00_pthat50to75_shard1041_seed1201041_bundle.tar.gz	qcd_hardqcd_importance_adaptive1500k_phys_wave3_20260718_bin00_pthat50to75_shard1041_seed1201041_bundle.tar.gz	qcd_hardqcd_importance_adaptive1500k_phys_wave3_20260718_bin00_pthat50to75_shard1041_seed1201041	0	50	75	1041	1201041	2	8	exact_metadata_matched
background	qcd_hardqcd	qcd_hardqcd_importance_adaptive1500k_phys_wave3_20260718	/store/user/iturkmen/hh4b_delphes/run2_13tev/frozen_v2/bundles/qcd_hardqcd_importance_adaptive1500k_phys_wave3_20260718/qcd_hardqcd_importance_adaptive1500k_phys_wave3_20260718_bin00_pthat50to75_shard1042_seed1201042_bundle.tar.gz	qcd_hardqcd_importance_adaptive1500k_phys_wave3_20260718_bin00_pthat50to75_shard1042_seed1201042_bundle.tar.gz	qcd_hardqcd_importance_adaptive1500k_phys_wave3_20260718_bin00_pthat50to75_shard1042_seed1201042	0	50	75	1042	1201042	2	8	exact_metadata_matched
background	qcd_hardqcd	qcd_hardqcd_importance_adaptive1500k_phys_wave3_20260718	/store/user/iturkmen/hh4b_delphes/run2_13tev/frozen_v2/bundles/qcd_hardqcd_importance_adaptive1500k_phys_wave3_20260718/qcd_hardqcd_importance_adaptive1500k_phys_wave3_20260718_bin00_pthat50to75_shard1043_seed1201043_bundle.tar.gz	qcd_hardqcd_importance_adaptive1500k_phys_wave3_20260718_bin00_pthat50to75_shard1043_seed1201043_bundle.tar.gz	qcd_hardqcd_importance_adaptive1500k_phys_wave3_20260718_bin00_pthat50to75_shard1043_seed1201043	0	50	75	1043	1201043	2	8	exact_metadata_matched
background	qcd_hardqcd	qcd_hardqcd_importance_adaptive1500k_phys_wave3_20260718	/store/user/iturkmen/hh4b_delphes/run2_13tev/frozen_v2/bundles/qcd_hardqcd_importance_adaptive1500k_phys_wave3_20260718/qcd_hardqcd_importance_adaptive1500k_phys_wave3_20260718_bin00_pthat50to75_shard1044_seed1201044_bundle.tar.gz	qcd_hardqcd_importance_adaptive1500k_phys_wave3_20260718_bin00_pthat50to75_shard1044_seed1201044_bundle.tar.gz	qcd_hardqcd_importance_adaptive1500k_phys_wave3_20260718_bin00_pthat50to75_shard1044_seed1201044	0	50	75	1044	1201044	2	8	exact_metadata_matched
background	qcd_hardqcd	qcd_hardqcd_importance_adaptive1500k_phys_wave3_20260718	/store/user/iturkmen/hh4b_delphes/run2_13tev/frozen_v2/bundles/qcd_hardqcd_importance_adaptive1500k_phys_wave3_20260718/qcd_hardqcd_importance_adaptive1500k_phys_wave3_20260718_bin00_pthat50to75_shard1045_seed1201045_bundle.tar.gz	qcd_hardqcd_importance_adaptive1500k_phys_wave3_20260718_bin00_pthat50to75_shard1045_seed1201045_bundle.tar.gz	qcd_hardqcd_importance_adaptive1500k_phys_wave3_20260718_bin00_pthat50to75_shard1045_seed1201045	0	50	75	1045	1201045	2	8	exact_metadata_matched
background	qcd_hardqcd	qcd_hardqcd_importance_adaptive1500k_phys_wave3_20260718	/store/user/iturkmen/hh4b_delphes/run2_13tev/frozen_v2/bundles/qcd_hardqcd_importance_adaptive1500k_phys_wave3_20260718/qcd_hardqcd_importance_adaptive1500k_phys_wave3_20260718_bin00_pthat50to75_shard1046_seed1201046_bundle.tar.gz	qcd_hardqcd_importance_adaptive1500k_phys_wave3_20260718_bin00_pthat50to75_shard1046_seed1201046_bundle.tar.gz	qcd_hardqcd_importance_adaptive1500k_phys_wave3_20260718_bin00_pthat50to75_shard1046_seed1201046	0	50	75	1046	1201046	2	8	exact_metadata_matched
background	qcd_hardqcd	qcd_hardqcd_importance_adaptive1500k_phys_wave3_20260718	/store/user/iturkmen/hh4b_delphes/run2_13tev/frozen_v2/bundles/qcd_hardqcd_importance_adaptive1500k_phys_wave3_20260718/qcd_hardqcd_importance_adaptive1500k_phys_wave3_20260718_bin00_pthat50to75_shard1047_seed1201047_bundle.tar.gz	qcd_hardqcd_importance_adaptive1500k_phys_wave3_20260718_bin00_pthat50to75_shard1047_seed1201047_bundle.tar.gz	qcd_hardqcd_importance_adaptive1500k_phys_wave3_20260718_bin00_pthat50to75_shard1047_seed1201047	0	50	75	1047	1201047	2	8	exact_metadata_matched
background	qcd_hardqcd	qcd_hardqcd_importance_adaptive1500k_phys_wave3_20260718	/store/user/iturkmen/hh4b_delphes/run2_13tev/frozen_v2/bundles/qcd_hardqcd_importance_adaptive1500k_phys_wave3_20260718/qcd_hardqcd_importance_adaptive1500k_phys_wave3_20260718_bin00_pthat50to75_shard1048_seed1201048_bundle.tar.gz	qcd_hardqcd_importance_adaptive1500k_phys_wave3_20260718_bin00_pthat50to75_shard1048_seed1201048_bundle.tar.gz	qcd_hardqcd_importance_adaptive1500k_phys_wave3_20260718_bin00_pthat50to75_shard1048_seed1201048	0	50	75	1048	1201048	2	8	exact_metadata_matched
background	qcd_hardqcd	qcd_hardqcd_importance_adaptive1500k_phys_wave3_20260718	/store/user/iturkmen/hh4b_delphes/run2_13tev/frozen_v2/bundles/qcd_hardqcd_importance_adaptive1500k_phys_wave3_20260718/qcd_hardqcd_importance_adaptive1500k_phys_wave3_20260718_bin00_pthat50to75_shard1049_seed1201049_bundle.tar.gz	qcd_hardqcd_importance_adaptive1500k_phys_wave3_20260718_bin00_pthat50to75_shard1049_seed1201049_bundle.tar.gz	qcd_hardqcd_importance_adaptive1500k_phys_wave3_20260718_bin00_pthat50to75_shard1049_seed1201049	0	50	75	1049	1201049	2	8	exact_metadata_matched
background	qcd_hardqcd	qcd_hardqcd_importance_adaptive1500k_phys_wave3_20260718	/store/user/iturkmen/hh4b_delphes/run2_13tev/frozen_v2/bundles/qcd_hardqcd_importance_adaptive1500k_phys_wave3_20260718/qcd_hardqcd_importance_adaptive1500k_phys_wave3_20260718_bin00_pthat50to75_shard1050_seed1201050_bundle.tar.gz	qcd_hardqcd_importance_adaptive1500k_phys_wave3_20260718_bin00_pthat50to75_shard1050_seed1201050_bundle.tar.gz	qcd_hardqcd_importance_adaptive1500k_phys_wave3_20260718_bin00_pthat50to75_shard1050_seed1201050	0	50	75	1050	1201050	2	8	exact_metadata_matched
background	qcd_hardqcd	qcd_hardqcd_importance_adaptive1500k_phys_wave3_20260718	/store/user/iturkmen/hh4b_delphes/run2_13tev/frozen_v2/bundles/qcd_hardqcd_importance_adaptive1500k_phys_wave3_20260718/qcd_hardqcd_importance_adaptive1500k_phys_wave3_20260718_bin00_pthat50to75_shard1051_seed1201051_bundle.tar.gz	qcd_hardqcd_importance_adaptive1500k_phys_wave3_20260718_bin00_pthat50to75_shard1051_seed1201051_bundle.tar.gz	qcd_hardqcd_importance_adaptive1500k_phys_wave3_20260718_bin00_pthat50to75_shard1051_seed1201051	0	50	75	1051	1201051	2	8	exact_metadata_matched
background	qcd_hardqcd	qcd_hardqcd_importance_adaptive1500k_phys_wave3_20260718	/store/user/iturkmen/hh4b_delphes/run2_13tev/frozen_v2/bundles/qcd_hardqcd_importance_adaptive1500k_phys_wave3_20260718/qcd_hardqcd_importance_adaptive1500k_phys_wave3_20260718_bin00_pthat50to75_shard1052_seed1201052_bundle.tar.gz	qcd_hardqcd_importance_adaptive1500k_phys_wave3_20260718_bin00_pthat50to75_shard1052_seed1201052_bundle.tar.gz	qcd_hardqcd_importance_adaptive1500k_phys_wave3_20260718_bin00_pthat50to75_shard1052_seed1201052	0	50	75	1052	1201052	2	8	exact_metadata_matched
background	qcd_hardqcd	qcd_hardqcd_importance_adaptive1500k_phys_wave3_20260718	/store/user/iturkmen/hh4b_delphes/run2_13tev/frozen_v2/bundles/qcd_hardqcd_importance_adaptive1500k_phys_wave3_20260718/qcd_hardqcd_importance_adaptive1500k_phys_wave3_20260718_bin00_pthat50to75_shard1053_seed1201053_bundle.tar.gz	qcd_hardqcd_importance_adaptive1500k_phys_wave3_20260718_bin00_pthat50to75_shard1053_seed1201053_bundle.tar.gz	qcd_hardqcd_importance_adaptive1500k_phys_wave3_20260718_bin00_pthat50to75_shard1053_seed1201053	0	50	75	1053	1201053	2	8	exact_metadata_matched
background	qcd_hardqcd	qcd_hardqcd_importance_adaptive1500k_phys_wave3_20260718	/store/user/iturkmen/hh4b_delphes/run2_13tev/frozen_v2/bundles/qcd_hardqcd_importance_adaptive1500k_phys_wave3_20260718/qcd_hardqcd_importance_adaptive1500k_phys_wave3_20260718_bin00_pthat50to75_shard1054_seed1201054_bundle.tar.gz	qcd_hardqcd_importance_adaptive1500k_phys_wave3_20260718_bin00_pthat50to75_shard1054_seed1201054_bundle.tar.gz	qcd_hardqcd_importance_adaptive1500k_phys_wave3_20260718_bin00_pthat50to75_shard1054_seed1201054	0	50	75	1054	1201054	2	8	exact_metadata_matched
background	qcd_hardqcd	qcd_hardqcd_importance_adaptive1500k_phys_wave3_20260718	/store/user/iturkmen/hh4b_delphes/run2_13tev/frozen_v2/bundles/qcd_hardqcd_importance_adaptive1500k_phys_wave3_20260718/qcd_hardqcd_importance_adaptive1500k_phys_wave3_20260718_bin00_pthat50to75_shard1055_seed1201055_bundle.tar.gz	qcd_hardqcd_importance_adaptive1500k_phys_wave3_20260718_bin00_pthat50to75_shard1055_seed1201055_bundle.tar.gz	qcd_hardqcd_importance_adaptive1500k_phys_wave3_20260718_bin00_pthat50to75_shard1055_seed1201055	0	50	75	1055	1201055	2	8	exact_metadata_matched
background	qcd_hardqcd	qcd_hardqcd_importance_adaptive1500k_phys_wave3_20260718	/store/user/iturkmen/hh4b_delphes/run2_13tev/frozen_v2/bundles/qcd_hardqcd_importance_adaptive1500k_phys_wave3_20260718/qcd_hardqcd_importance_adaptive1500k_phys_wave3_20260718_bin00_pthat50to75_shard1056_seed1201056_bundle.tar.gz	qcd_hardqcd_importance_adaptive1500k_phys_wave3_20260718_bin00_pthat50to75_shard1056_seed1201056_bundle.tar.gz	qcd_hardqcd_importance_adaptive1500k_phys_wave3_20260718_bin00_pthat50to75_shard1056_seed1201056	0	50	75	1056	1201056	2	8	exact_metadata_matched
background	qcd_hardqcd	qcd_hardqcd_importance_adaptive1500k_phys_wave3_20260718	/store/user/iturkmen/hh4b_delphes/run2_13tev/frozen_v2/bundles/qcd_hardqcd_importance_adaptive1500k_phys_wave3_20260718/qcd_hardqcd_importance_adaptive1500k_phys_wave3_20260718_bin00_pthat50to75_shard1057_seed1201057_bundle.tar.gz	qcd_hardqcd_importance_adaptive1500k_phys_wave3_20260718_bin00_pthat50to75_shard1057_seed1201057_bundle.tar.gz	qcd_hardqcd_importance_adaptive1500k_phys_wave3_20260718_bin00_pthat50to75_shard1057_seed1201057	0	50	75	1057	1201057	2	8	exact_metadata_matched
background	qcd_hardqcd	qcd_hardqcd_importance_adaptive1500k_phys_wave3_20260718	/store/user/iturkmen/hh4b_delphes/run2_13tev/frozen_v2/bundles/qcd_hardqcd_importance_adaptive1500k_phys_wave3_20260718/qcd_hardqcd_importance_adaptive1500k_phys_wave3_20260718_bin00_pthat50to75_shard1058_seed1201058_bundle.tar.gz	qcd_hardqcd_importance_adaptive1500k_phys_wave3_20260718_bin00_pthat50to75_shard1058_seed1201058_bundle.tar.gz	qcd_hardqcd_importance_adaptive1500k_phys_wave3_20260718_bin00_pthat50to75_shard1058_seed1201058	0	50	75	1058	1201058	2	8	exact_metadata_matched
background	qcd_hardqcd	qcd_hardqcd_importance_adaptive1500k_phys_wave3_20260718	/store/user/iturkmen/hh4b_delphes/run2_13tev/frozen_v2/bundles/qcd_hardqcd_importance_adaptive1500k_phys_wave3_20260718/qcd_hardqcd_importance_adaptive1500k_phys_wave3_20260718_bin00_pthat50to75_shard1059_seed1201059_bundle.tar.gz	qcd_hardqcd_importance_adaptive1500k_phys_wave3_20260718_bin00_pthat50to75_shard1059_seed1201059_bundle.tar.gz	qcd_hardqcd_importance_adaptive1500k_phys_wave3_20260718_bin00_pthat50to75_shard1059_seed1201059	0	50	75	1059	1201059	2	8	exact_metadata_matched
background	qcd_hardqcd	qcd_hardqcd_importance_adaptive1500k_phys_wave3_20260718	/store/user/iturkmen/hh4b_delphes/run2_13tev/frozen_v2/bundles/qcd_hardqcd_importance_adaptive1500k_phys_wave3_20260718/qcd_hardqcd_importance_adaptive1500k_phys_wave3_20260718_bin00_pthat50to75_shard1060_seed1201060_bundle.tar.gz	qcd_hardqcd_importance_adaptive1500k_phys_wave3_20260718_bin00_pthat50to75_shard1060_seed1201060_bundle.tar.gz	qcd_hardqcd_importance_adaptive1500k_phys_wave3_20260718_bin00_pthat50to75_shard1060_seed1201060	0	50	75	1060	1201060	2	8	exact_metadata_matched
background	qcd_hardqcd	qcd_hardqcd_importance_adaptive1500k_phys_wave3_20260718	/store/user/iturkmen/hh4b_delphes/run2_13tev/frozen_v2/bundles/qcd_hardqcd_importance_adaptive1500k_phys_wave3_20260718/qcd_hardqcd_importance_adaptive1500k_phys_wave3_20260718_bin00_pthat50to75_shard1061_seed1201061_bundle.tar.gz	qcd_hardqcd_importance_adaptive1500k_phys_wave3_20260718_bin00_pthat50to75_shard1061_seed1201061_bundle.tar.gz	qcd_hardqcd_importance_adaptive1500k_phys_wave3_20260718_bin00_pthat50to75_shard1061_seed1201061	0	50	75	1061	1201061	2	8	exact_metadata_matched
background	qcd_hardqcd	qcd_hardqcd_importance_adaptive1500k_phys_wave3_20260718	/store/user/iturkmen/hh4b_delphes/run2_13tev/frozen_v2/bundles/qcd_hardqcd_importance_adaptive1500k_phys_wave3_20260718/qcd_hardqcd_importance_adaptive1500k_phys_wave3_20260718_bin00_pthat50to75_shard1062_seed1201062_bundle.tar.gz	qcd_hardqcd_importance_adaptive1500k_phys_wave3_20260718_bin00_pthat50to75_shard1062_seed1201062_bundle.tar.gz	qcd_hardqcd_importance_adaptive1500k_phys_wave3_20260718_bin00_pthat50to75_shard1062_seed1201062	0	50	75	1062	1201062	2	8	exact_metadata_matched
background	qcd_hardqcd	qcd_hardqcd_importance_adaptive1500k_phys_wave3_20260718	/store/user/iturkmen/hh4b_delphes/run2_13tev/frozen_v2/bundles/qcd_hardqcd_importance_adaptive1500k_phys_wave3_20260718/qcd_hardqcd_importance_adaptive1500k_phys_wave3_20260718_bin00_pthat50to75_shard1063_seed1201063_bundle.tar.gz	qcd_hardqcd_importance_adaptive1500k_phys_wave3_20260718_bin00_pthat50to75_shard1063_seed1201063_bundle.tar.gz	qcd_hardqcd_importance_adaptive1500k_phys_wave3_20260718_bin00_pthat50to75_shard1063_seed1201063	0	50	75	1063	1201063	2	8	exact_metadata_matched
background	qcd_hardqcd	qcd_hardqcd_importance_adaptive1500k_phys_wave3_20260718	/store/user/iturkmen/hh4b_delphes/run2_13tev/frozen_v2/bundles/qcd_hardqcd_importance_adaptive1500k_phys_wave3_20260718/qcd_hardqcd_importance_adaptive1500k_phys_wave3_20260718_bin00_pthat50to75_shard1064_seed1201064_bundle.tar.gz	qcd_hardqcd_importance_adaptive1500k_phys_wave3_20260718_bin00_pthat50to75_shard1064_seed1201064_bundle.tar.gz	qcd_hardqcd_importance_adaptive1500k_phys_wave3_20260718_bin00_pthat50to75_shard1064_seed1201064	0	50	75	1064	1201064	2	8	exact_metadata_matched
background	qcd_hardqcd	qcd_hardqcd_importance_adaptive1500k_phys_wave3_20260718	/store/user/iturkmen/hh4b_delphes/run2_13tev/frozen_v2/bundles/qcd_hardqcd_importance_adaptive1500k_phys_wave3_20260718/qcd_hardqcd_importance_adaptive1500k_phys_wave3_20260718_bin00_pthat50to75_shard1065_seed1201065_bundle.tar.gz	qcd_hardqcd_importance_adaptive1500k_phys_wave3_20260718_bin00_pthat50to75_shard1065_seed1201065_bundle.tar.gz	qcd_hardqcd_importance_adaptive1500k_phys_wave3_20260718_bin00_pthat50to75_shard1065_seed1201065	0	50	75	1065	1201065	2	8	exact_metadata_matched
background	qcd_hardqcd	qcd_hardqcd_importance_adaptive1500k_phys_wave3_20260718	/store/user/iturkmen/hh4b_delphes/run2_13tev/frozen_v2/bundles/qcd_hardqcd_importance_adaptive1500k_phys_wave3_20260718/qcd_hardqcd_importance_adaptive1500k_phys_wave3_20260718_bin00_pthat50to75_shard1066_seed1201066_bundle.tar.gz	qcd_hardqcd_importance_adaptive1500k_phys_wave3_20260718_bin00_pthat50to75_shard1066_seed1201066_bundle.tar.gz	qcd_hardqcd_importance_adaptive1500k_phys_wave3_20260718_bin00_pthat50to75_shard1066_seed1201066	0	50	75	1066	1201066	2	8	exact_metadata_matched
background	qcd_hardqcd	qcd_hardqcd_importance_adaptive1500k_phys_wave3_20260718	/store/user/iturkmen/hh4b_delphes/run2_13tev/frozen_v2/bundles/qcd_hardqcd_importance_adaptive1500k_phys_wave3_20260718/qcd_hardqcd_importance_adaptive1500k_phys_wave3_20260718_bin00_pthat50to75_shard1067_seed1201067_bundle.tar.gz	qcd_hardqcd_importance_adaptive1500k_phys_wave3_20260718_bin00_pthat50to75_shard1067_seed1201067_bundle.tar.gz	qcd_hardqcd_importance_adaptive1500k_phys_wave3_20260718_bin00_pthat50to75_shard1067_seed1201067	0	50	75	1067	1201067	2	8	exact_metadata_matched
background	qcd_hardqcd	qcd_hardqcd_importance_adaptive1500k_phys_wave3_20260718	/store/user/iturkmen/hh4b_delphes/run2_13tev/frozen_v2/bundles/qcd_hardqcd_importance_adaptive1500k_phys_wave3_20260718/qcd_hardqcd_importance_adaptive1500k_phys_wave3_20260718_bin00_pthat50to75_shard1068_seed1201068_bundle.tar.gz	qcd_hardqcd_importance_adaptive1500k_phys_wave3_20260718_bin00_pthat50to75_shard1068_seed1201068_bundle.tar.gz	qcd_hardqcd_importance_adaptive1500k_phys_wave3_20260718_bin00_pthat50to75_shard1068_seed1201068	0	50	75	1068	1201068	2	8	exact_metadata_matched
background	qcd_hardqcd	qcd_hardqcd_importance_adaptive1500k_phys_wave3_20260718	/store/user/iturkmen/hh4b_delphes/run2_13tev/frozen_v2/bundles/qcd_hardqcd_importance_adaptive1500k_phys_wave3_20260718/qcd_hardqcd_importance_adaptive1500k_phys_wave3_20260718_bin00_pthat50to75_shard1069_seed1201069_bundle.tar.gz	qcd_hardqcd_importance_adaptive1500k_phys_wave3_20260718_bin00_pthat50to75_shard1069_seed1201069_bundle.tar.gz	qcd_hardqcd_importance_adaptive1500k_phys_wave3_20260718_bin00_pthat50to75_shard1069_seed1201069	0	50	75	1069	1201069	2	8	exact_metadata_matched
background	qcd_hardqcd	qcd_hardqcd_importance_adaptive1500k_phys_wave3_20260718	/store/user/iturkmen/hh4b_delphes/run2_13tev/frozen_v2/bundles/qcd_hardqcd_importance_adaptive1500k_phys_wave3_20260718/qcd_hardqcd_importance_adaptive1500k_phys_wave3_20260718_bin00_pthat50to75_shard1070_seed1201070_bundle.tar.gz	qcd_hardqcd_importance_adaptive1500k_phys_wave3_20260718_bin00_pthat50to75_shard1070_seed1201070_bundle.tar.gz	qcd_hardqcd_importance_adaptive1500k_phys_wave3_20260718_bin00_pthat50to75_shard1070_seed1201070	0	50	75	1070	1201070	2	8	exact_metadata_matched
background	qcd_hardqcd	qcd_hardqcd_importance_adaptive1500k_phys_wave3_20260718	/store/user/iturkmen/hh4b_delphes/run2_13tev/frozen_v2/bundles/qcd_hardqcd_importance_adaptive1500k_phys_wave3_20260718/qcd_hardqcd_importance_adaptive1500k_phys_wave3_20260718_bin00_pthat50to75_shard1071_seed1201071_bundle.tar.gz	qcd_hardqcd_importance_adaptive1500k_phys_wave3_20260718_bin00_pthat50to75_shard1071_seed1201071_bundle.tar.gz	qcd_hardqcd_importance_adaptive1500k_phys_wave3_20260718_bin00_pthat50to75_shard1071_seed1201071	0	50	75	1071	1201071	2	8	exact_metadata_matched
background	qcd_hardqcd	qcd_hardqcd_importance_adaptive1500k_phys_wave3_20260718	/store/user/iturkmen/hh4b_delphes/run2_13tev/frozen_v2/bundles/qcd_hardqcd_importance_adaptive1500k_phys_wave3_20260718/qcd_hardqcd_importance_adaptive1500k_phys_wave3_20260718_bin00_pthat50to75_shard1072_seed1201072_bundle.tar.gz	qcd_hardqcd_importance_adaptive1500k_phys_wave3_20260718_bin00_pthat50to75_shard1072_seed1201072_bundle.tar.gz	qcd_hardqcd_importance_adaptive1500k_phys_wave3_20260718_bin00_pthat50to75_shard1072_seed1201072	0	50	75	1072	1201072	2	8	exact_metadata_matched
background	qcd_hardqcd	qcd_hardqcd_importance_adaptive1500k_phys_wave3_20260718	/store/user/iturkmen/hh4b_delphes/run2_13tev/frozen_v2/bundles/qcd_hardqcd_importance_adaptive1500k_phys_wave3_20260718/qcd_hardqcd_importance_adaptive1500k_phys_wave3_20260718_bin00_pthat50to75_shard1073_seed1201073_bundle.tar.gz	qcd_hardqcd_importance_adaptive1500k_phys_wave3_20260718_bin00_pthat50to75_shard1073_seed1201073_bundle.tar.gz	qcd_hardqcd_importance_adaptive1500k_phys_wave3_20260718_bin00_pthat50to75_shard1073_seed1201073	0	50	75	1073	1201073	2	8	exact_metadata_matched
background	qcd_hardqcd	qcd_hardqcd_importance_adaptive1500k_phys_wave3_20260718	/store/user/iturkmen/hh4b_delphes/run2_13tev/frozen_v2/bundles/qcd_hardqcd_importance_adaptive1500k_phys_wave3_20260718/qcd_hardqcd_importance_adaptive1500k_phys_wave3_20260718_bin00_pthat50to75_shard1074_seed1201074_bundle.tar.gz	qcd_hardqcd_importance_adaptive1500k_phys_wave3_20260718_bin00_pthat50to75_shard1074_seed1201074_bundle.tar.gz	qcd_hardqcd_importance_adaptive1500k_phys_wave3_20260718_bin00_pthat50to75_shard1074_seed1201074	0	50	75	1074	1201074	2	8	exact_metadata_matched
background	qcd_hardqcd	qcd_hardqcd_importance_adaptive1500k_phys_wave3_20260718	/store/user/iturkmen/hh4b_delphes/run2_13tev/frozen_v2/bundles/qcd_hardqcd_importance_adaptive1500k_phys_wave3_20260718/qcd_hardqcd_importance_adaptive1500k_phys_wave3_20260718_bin00_pthat50to75_shard1075_seed1201075_bundle.tar.gz	qcd_hardqcd_importance_adaptive1500k_phys_wave3_20260718_bin00_pthat50to75_shard1075_seed1201075_bundle.tar.gz	qcd_hardqcd_importance_adaptive1500k_phys_wave3_20260718_bin00_pthat50to75_shard1075_seed1201075	0	50	75	1075	1201075	2	8	exact_metadata_matched
background	qcd_hardqcd	qcd_hardqcd_importance_adaptive1500k_phys_wave3_20260718	/store/user/iturkmen/hh4b_delphes/run2_13tev/frozen_v2/bundles/qcd_hardqcd_importance_adaptive1500k_phys_wave3_20260718/qcd_hardqcd_importance_adaptive1500k_phys_wave3_20260718_bin00_pthat50to75_shard1076_seed1201076_bundle.tar.gz	qcd_hardqcd_importance_adaptive1500k_phys_wave3_20260718_bin00_pthat50to75_shard1076_seed1201076_bundle.tar.gz	qcd_hardqcd_importance_adaptive1500k_phys_wave3_20260718_bin00_pthat50to75_shard1076_seed1201076	0	50	75	1076	1201076	2	8	exact_metadata_matched
background	qcd_hardqcd	qcd_hardqcd_importance_adaptive1500k_phys_wave3_20260718	/store/user/iturkmen/hh4b_delphes/run2_13tev/frozen_v2/bundles/qcd_hardqcd_importance_adaptive1500k_phys_wave3_20260718/qcd_hardqcd_importance_adaptive1500k_phys_wave3_20260718_bin00_pthat50to75_shard1077_seed1201077_bundle.tar.gz	qcd_hardqcd_importance_adaptive1500k_phys_wave3_20260718_bin00_pthat50to75_shard1077_seed1201077_bundle.tar.gz	qcd_hardqcd_importance_adaptive1500k_phys_wave3_20260718_bin00_pthat50to75_shard1077_seed1201077	0	50	75	1077	1201077	2	8	exact_metadata_matched
background	qcd_hardqcd	qcd_hardqcd_importance_adaptive1500k_phys_wave3_20260718	/store/user/iturkmen/hh4b_delphes/run2_13tev/frozen_v2/bundles/qcd_hardqcd_importance_adaptive1500k_phys_wave3_20260718/qcd_hardqcd_importance_adaptive1500k_phys_wave3_20260718_bin00_pthat50to75_shard1078_seed1201078_bundle.tar.gz	qcd_hardqcd_importance_adaptive1500k_phys_wave3_20260718_bin00_pthat50to75_shard1078_seed1201078_bundle.tar.gz	qcd_hardqcd_importance_adaptive1500k_phys_wave3_20260718_bin00_pthat50to75_shard1078_seed1201078	0	50	75	1078	1201078	2	8	exact_metadata_matched
background	qcd_hardqcd	qcd_hardqcd_importance_adaptive1500k_phys_wave3_20260718	/store/user/iturkmen/hh4b_delphes/run2_13tev/frozen_v2/bundles/qcd_hardqcd_importance_adaptive1500k_phys_wave3_20260718/qcd_hardqcd_importance_adaptive1500k_phys_wave3_20260718_bin00_pthat50to75_shard1079_seed1201079_bundle.tar.gz	qcd_hardqcd_importance_adaptive1500k_phys_wave3_20260718_bin00_pthat50to75_shard1079_seed1201079_bundle.tar.gz	qcd_hardqcd_importance_adaptive1500k_phys_wave3_20260718_bin00_pthat50to75_shard1079_seed1201079	0	50	75	1079	1201079	2	8	exact_metadata_matched
background	qcd_hardqcd	qcd_hardqcd_importance_adaptive1500k_phys_wave3_20260718	/store/user/iturkmen/hh4b_delphes/run2_13tev/frozen_v2/bundles/qcd_hardqcd_importance_adaptive1500k_phys_wave3_20260718/qcd_hardqcd_importance_adaptive1500k_phys_wave3_20260718_bin00_pthat50to75_shard1080_seed1201080_bundle.tar.gz	qcd_hardqcd_importance_adaptive1500k_phys_wave3_20260718_bin00_pthat50to75_shard1080_seed1201080_bundle.tar.gz	qcd_hardqcd_importance_adaptive1500k_phys_wave3_20260718_bin00_pthat50to75_shard1080_seed1201080	0	50	75	1080	1201080	2	8	exact_metadata_matched
background	qcd_hardqcd	qcd_hardqcd_importance_adaptive1500k_phys_wave3_20260718	/store/user/iturkmen/hh4b_delphes/run2_13tev/frozen_v2/bundles/qcd_hardqcd_importance_adaptive1500k_phys_wave3_20260718/qcd_hardqcd_importance_adaptive1500k_phys_wave3_20260718_bin00_pthat50to75_shard1081_seed1201081_bundle.tar.gz	qcd_hardqcd_importance_adaptive1500k_phys_wave3_20260718_bin00_pthat50to75_shard1081_seed1201081_bundle.tar.gz	qcd_hardqcd_importance_adaptive1500k_phys_wave3_20260718_bin00_pthat50to75_shard1081_seed1201081	0	50	75	1081	1201081	2	8	exact_metadata_matched
background	qcd_hardqcd	qcd_hardqcd_importance_adaptive1500k_phys_wave3_20260718	/store/user/iturkmen/hh4b_delphes/run2_13tev/frozen_v2/bundles/qcd_hardqcd_importance_adaptive1500k_phys_wave3_20260718/qcd_hardqcd_importance_adaptive1500k_phys_wave3_20260718_bin00_pthat50to75_shard1082_seed1201082_bundle.tar.gz	qcd_hardqcd_importance_adaptive1500k_phys_wave3_20260718_bin00_pthat50to75_shard1082_seed1201082_bundle.tar.gz	qcd_hardqcd_importance_adaptive1500k_phys_wave3_20260718_bin00_pthat50to75_shard1082_seed1201082	0	50	75	1082	1201082	2	8	exact_metadata_matched
background	qcd_hardqcd	qcd_hardqcd_importance_adaptive1500k_phys_wave3_20260718	/store/user/iturkmen/hh4b_delphes/run2_13tev/frozen_v2/bundles/qcd_hardqcd_importance_adaptive1500k_phys_wave3_20260718/qcd_hardqcd_importance_adaptive1500k_phys_wave3_20260718_bin00_pthat50to75_shard1083_seed1201083_bundle.tar.gz	qcd_hardqcd_importance_adaptive1500k_phys_wave3_20260718_bin00_pthat50to75_shard1083_seed1201083_bundle.tar.gz	qcd_hardqcd_importance_adaptive1500k_phys_wave3_20260718_bin00_pthat50to75_shard1083_seed1201083	0	50	75	1083	1201083	2	8	exact_metadata_matched
background	qcd_hardqcd	qcd_hardqcd_importance_adaptive1500k_phys_wave3_20260718	/store/user/iturkmen/hh4b_delphes/run2_13tev/frozen_v2/bundles/qcd_hardqcd_importance_adaptive1500k_phys_wave3_20260718/qcd_hardqcd_importance_adaptive1500k_phys_wave3_20260718_bin00_pthat50to75_shard1084_seed1201084_bundle.tar.gz	qcd_hardqcd_importance_adaptive1500k_phys_wave3_20260718_bin00_pthat50to75_shard1084_seed1201084_bundle.tar.gz	qcd_hardqcd_importance_adaptive1500k_phys_wave3_20260718_bin00_pthat50to75_shard1084_seed1201084	0	50	75	1084	1201084	2	8	exact_metadata_matched
background	qcd_hardqcd	qcd_hardqcd_importance_adaptive1500k_phys_wave3_20260718	/store/user/iturkmen/hh4b_delphes/run2_13tev/frozen_v2/bundles/qcd_hardqcd_importance_adaptive1500k_phys_wave3_20260718/qcd_hardqcd_importance_adaptive1500k_phys_wave3_20260718_bin00_pthat50to75_shard1085_seed1201085_bundle.tar.gz	qcd_hardqcd_importance_adaptive1500k_phys_wave3_20260718_bin00_pthat50to75_shard1085_seed1201085_bundle.tar.gz	qcd_hardqcd_importance_adaptive1500k_phys_wave3_20260718_bin00_pthat50to75_shard1085_seed1201085	0	50	75	1085	1201085	2	8	exact_metadata_matched
background	qcd_hardqcd	qcd_hardqcd_importance_adaptive1500k_phys_wave3_20260718	/store/user/iturkmen/hh4b_delphes/run2_13tev/frozen_v2/bundles/qcd_hardqcd_importance_adaptive1500k_phys_wave3_20260718/qcd_hardqcd_importance_adaptive1500k_phys_wave3_20260718_bin00_pthat50to75_shard1086_seed1201086_bundle.tar.gz	qcd_hardqcd_importance_adaptive1500k_phys_wave3_20260718_bin00_pthat50to75_shard1086_seed1201086_bundle.tar.gz	qcd_hardqcd_importance_adaptive1500k_phys_wave3_20260718_bin00_pthat50to75_shard1086_seed1201086	0	50	75	1086	1201086	2	8	exact_metadata_matched
background	qcd_hardqcd	qcd_hardqcd_importance_adaptive1500k_phys_wave3_20260718	/store/user/iturkmen/hh4b_delphes/run2_13tev/frozen_v2/bundles/qcd_hardqcd_importance_adaptive1500k_phys_wave3_20260718/qcd_hardqcd_importance_adaptive1500k_phys_wave3_20260718_bin00_pthat50to75_shard1087_seed1201087_bundle.tar.gz	qcd_hardqcd_importance_adaptive1500k_phys_wave3_20260718_bin00_pthat50to75_shard1087_seed1201087_bundle.tar.gz	qcd_hardqcd_importance_adaptive1500k_phys_wave3_20260718_bin00_pthat50to75_shard1087_seed1201087	0	50	75	1087	1201087	2	8	exact_metadata_matched
background	qcd_hardqcd	qcd_hardqcd_importance_adaptive1500k_phys_wave3_20260718	/store/user/iturkmen/hh4b_delphes/run2_13tev/frozen_v2/bundles/qcd_hardqcd_importance_adaptive1500k_phys_wave3_20260718/qcd_hardqcd_importance_adaptive1500k_phys_wave3_20260718_bin00_pthat50to75_shard1088_seed1201088_bundle.tar.gz	qcd_hardqcd_importance_adaptive1500k_phys_wave3_20260718_bin00_pthat50to75_shard1088_seed1201088_bundle.tar.gz	qcd_hardqcd_importance_adaptive1500k_phys_wave3_20260718_bin00_pthat50to75_shard1088_seed1201088	0	50	75	1088	1201088	2	8	exact_metadata_matched
background	qcd_hardqcd	qcd_hardqcd_importance_adaptive1500k_phys_wave3_20260718	/store/user/iturkmen/hh4b_delphes/run2_13tev/frozen_v2/bundles/qcd_hardqcd_importance_adaptive1500k_phys_wave3_20260718/qcd_hardqcd_importance_adaptive1500k_phys_wave3_20260718_bin00_pthat50to75_shard1089_seed1201089_bundle.tar.gz	qcd_hardqcd_importance_adaptive1500k_phys_wave3_20260718_bin00_pthat50to75_shard1089_seed1201089_bundle.tar.gz	qcd_hardqcd_importance_adaptive1500k_phys_wave3_20260718_bin00_pthat50to75_shard1089_seed1201089	0	50	75	1089	1201089	2	8	exact_metadata_matched
background	qcd_hardqcd	qcd_hardqcd_importance_adaptive1500k_phys_wave3_20260718	/store/user/iturkmen/hh4b_delphes/run2_13tev/frozen_v2/bundles/qcd_hardqcd_importance_adaptive1500k_phys_wave3_20260718/qcd_hardqcd_importance_adaptive1500k_phys_wave3_20260718_bin00_pthat50to75_shard1090_seed1201090_bundle.tar.gz	qcd_hardqcd_importance_adaptive1500k_phys_wave3_20260718_bin00_pthat50to75_shard1090_seed1201090_bundle.tar.gz	qcd_hardqcd_importance_adaptive1500k_phys_wave3_20260718_bin00_pthat50to75_shard1090_seed1201090	0	50	75	1090	1201090	2	8	exact_metadata_matched
background	qcd_hardqcd	qcd_hardqcd_importance_adaptive1500k_phys_wave3_20260718	/store/user/iturkmen/hh4b_delphes/run2_13tev/frozen_v2/bundles/qcd_hardqcd_importance_adaptive1500k_phys_wave3_20260718/qcd_hardqcd_importance_adaptive1500k_phys_wave3_20260718_bin00_pthat50to75_shard1091_seed1201091_bundle.tar.gz	qcd_hardqcd_importance_adaptive1500k_phys_wave3_20260718_bin00_pthat50to75_shard1091_seed1201091_bundle.tar.gz	qcd_hardqcd_importance_adaptive1500k_phys_wave3_20260718_bin00_pthat50to75_shard1091_seed1201091	0	50	75	1091	1201091	2	8	exact_metadata_matched
background	qcd_hardqcd	qcd_hardqcd_importance_adaptive1500k_phys_wave3_20260718	/store/user/iturkmen/hh4b_delphes/run2_13tev/frozen_v2/bundles/qcd_hardqcd_importance_adaptive1500k_phys_wave3_20260718/qcd_hardqcd_importance_adaptive1500k_phys_wave3_20260718_bin00_pthat50to75_shard1092_seed1201092_bundle.tar.gz	qcd_hardqcd_importance_adaptive1500k_phys_wave3_20260718_bin00_pthat50to75_shard1092_seed1201092_bundle.tar.gz	qcd_hardqcd_importance_adaptive1500k_phys_wave3_20260718_bin00_pthat50to75_shard1092_seed1201092	0	50	75	1092	1201092	2	8	exact_metadata_matched
background	qcd_hardqcd	qcd_hardqcd_importance_adaptive1500k_phys_wave3_20260718	/store/user/iturkmen/hh4b_delphes/run2_13tev/frozen_v2/bundles/qcd_hardqcd_importance_adaptive1500k_phys_wave3_20260718/qcd_hardqcd_importance_adaptive1500k_phys_wave3_20260718_bin00_pthat50to75_shard1093_seed1201093_bundle.tar.gz	qcd_hardqcd_importance_adaptive1500k_phys_wave3_20260718_bin00_pthat50to75_shard1093_seed1201093_bundle.tar.gz	qcd_hardqcd_importance_adaptive1500k_phys_wave3_20260718_bin00_pthat50to75_shard1093_seed1201093	0	50	75	1093	1201093	2	8	exact_metadata_matched
background	qcd_hardqcd	qcd_hardqcd_importance_adaptive1500k_phys_wave3_20260718	/store/user/iturkmen/hh4b_delphes/run2_13tev/frozen_v2/bundles/qcd_hardqcd_importance_adaptive1500k_phys_wave3_20260718/qcd_hardqcd_importance_adaptive1500k_phys_wave3_20260718_bin00_pthat50to75_shard1094_seed1201094_bundle.tar.gz	qcd_hardqcd_importance_adaptive1500k_phys_wave3_20260718_bin00_pthat50to75_shard1094_seed1201094_bundle.tar.gz	qcd_hardqcd_importance_adaptive1500k_phys_wave3_20260718_bin00_pthat50to75_shard1094_seed1201094	0	50	75	1094	1201094	2	8	exact_metadata_matched
background	qcd_hardqcd	qcd_hardqcd_importance_adaptive1500k_phys_wave3_20260718	/store/user/iturkmen/hh4b_delphes/run2_13tev/frozen_v2/bundles/qcd_hardqcd_importance_adaptive1500k_phys_wave3_20260718/qcd_hardqcd_importance_adaptive1500k_phys_wave3_20260718_bin00_pthat50to75_shard1095_seed1201095_bundle.tar.gz	qcd_hardqcd_importance_adaptive1500k_phys_wave3_20260718_bin00_pthat50to75_shard1095_seed1201095_bundle.tar.gz	qcd_hardqcd_importance_adaptive1500k_phys_wave3_20260718_bin00_pthat50to75_shard1095_seed1201095	0	50	75	1095	1201095	2	8	exact_metadata_matched
background	qcd_hardqcd	qcd_hardqcd_importance_adaptive1500k_phys_wave3_20260718	/store/user/iturkmen/hh4b_delphes/run2_13tev/frozen_v2/bundles/qcd_hardqcd_importance_adaptive1500k_phys_wave3_20260718/qcd_hardqcd_importance_adaptive1500k_phys_wave3_20260718_bin00_pthat50to75_shard1096_seed1201096_bundle.tar.gz	qcd_hardqcd_importance_adaptive1500k_phys_wave3_20260718_bin00_pthat50to75_shard1096_seed1201096_bundle.tar.gz	qcd_hardqcd_importance_adaptive1500k_phys_wave3_20260718_bin00_pthat50to75_shard1096_seed1201096	0	50	75	1096	1201096	2	8	exact_metadata_matched
background	qcd_hardqcd	qcd_hardqcd_importance_adaptive1500k_phys_wave3_20260718	/store/user/iturkmen/hh4b_delphes/run2_13tev/frozen_v2/bundles/qcd_hardqcd_importance_adaptive1500k_phys_wave3_20260718/qcd_hardqcd_importance_adaptive1500k_phys_wave3_20260718_bin00_pthat50to75_shard1097_seed1201097_bundle.tar.gz	qcd_hardqcd_importance_adaptive1500k_phys_wave3_20260718_bin00_pthat50to75_shard1097_seed1201097_bundle.tar.gz	qcd_hardqcd_importance_adaptive1500k_phys_wave3_20260718_bin00_pthat50to75_shard1097_seed1201097	0	50	75	1097	1201097	2	8	exact_metadata_matched
background	qcd_hardqcd	qcd_hardqcd_importance_adaptive1500k_phys_wave3_20260718	/store/user/iturkmen/hh4b_delphes/run2_13tev/frozen_v2/bundles/qcd_hardqcd_importance_adaptive1500k_phys_wave3_20260718/qcd_hardqcd_importance_adaptive1500k_phys_wave3_20260718_bin00_pthat50to75_shard1098_seed1201098_bundle.tar.gz	qcd_hardqcd_importance_adaptive1500k_phys_wave3_20260718_bin00_pthat50to75_shard1098_seed1201098_bundle.tar.gz	qcd_hardqcd_importance_adaptive1500k_phys_wave3_20260718_bin00_pthat50to75_shard1098_seed1201098	0	50	75	1098	1201098	2	8	exact_metadata_matched
background	qcd_hardqcd	qcd_hardqcd_importance_adaptive1500k_phys_wave3_20260718	/store/user/iturkmen/hh4b_delphes/run2_13tev/frozen_v2/bundles/qcd_hardqcd_importance_adaptive1500k_phys_wave3_20260718/qcd_hardqcd_importance_adaptive1500k_phys_wave3_20260718_bin00_pthat50to75_shard1099_seed1201099_bundle.tar.gz	qcd_hardqcd_importance_adaptive1500k_phys_wave3_20260718_bin00_pthat50to75_shard1099_seed1201099_bundle.tar.gz	qcd_hardqcd_importance_adaptive1500k_phys_wave3_20260718_bin00_pthat50to75_shard1099_seed1201099	0	50	75	1099	1201099	2	8	exact_metadata_matched
background	qcd_hardqcd	qcd_hardqcd_importance_adaptive1500k_phys_wave3_20260718	/store/user/iturkmen/hh4b_delphes/run2_13tev/frozen_v2/bundles/qcd_hardqcd_importance_adaptive1500k_phys_wave3_20260718/qcd_hardqcd_importance_adaptive1500k_phys_wave3_20260718_bin00_pthat50to75_shard1100_seed1201100_bundle.tar.gz	qcd_hardqcd_importance_adaptive1500k_phys_wave3_20260718_bin00_pthat50to75_shard1100_seed1201100_bundle.tar.gz	qcd_hardqcd_importance_adaptive1500k_phys_wave3_20260718_bin00_pthat50to75_shard1100_seed1201100	0	50	75	1100	1201100	2	8	exact_metadata_matched
background	qcd_hardqcd	qcd_hardqcd_importance_adaptive1500k_phys_wave3_20260718	/store/user/iturkmen/hh4b_delphes/run2_13tev/frozen_v2/bundles/qcd_hardqcd_importance_adaptive1500k_phys_wave3_20260718/qcd_hardqcd_importance_adaptive1500k_phys_wave3_20260718_bin00_pthat50to75_shard1101_seed1201101_bundle.tar.gz	qcd_hardqcd_importance_adaptive1500k_phys_wave3_20260718_bin00_pthat50to75_shard1101_seed1201101_bundle.tar.gz	qcd_hardqcd_importance_adaptive1500k_phys_wave3_20260718_bin00_pthat50to75_shard1101_seed1201101	0	50	75	1101	1201101	2	8	exact_metadata_matched
background	qcd_hardqcd	qcd_hardqcd_importance_adaptive1500k_phys_wave3_20260718	/store/user/iturkmen/hh4b_delphes/run2_13tev/frozen_v2/bundles/qcd_hardqcd_importance_adaptive1500k_phys_wave3_20260718/qcd_hardqcd_importance_adaptive1500k_phys_wave3_20260718_bin00_pthat50to75_shard1102_seed1201102_bundle.tar.gz	qcd_hardqcd_importance_adaptive1500k_phys_wave3_20260718_bin00_pthat50to75_shard1102_seed1201102_bundle.tar.gz	qcd_hardqcd_importance_adaptive1500k_phys_wave3_20260718_bin00_pthat50to75_shard1102_seed1201102	0	50	75	1102	1201102	2	8	exact_metadata_matched
background	qcd_hardqcd	qcd_hardqcd_importance_adaptive1500k_phys_wave3_20260718	/store/user/iturkmen/hh4b_delphes/run2_13tev/frozen_v2/bundles/qcd_hardqcd_importance_adaptive1500k_phys_wave3_20260718/qcd_hardqcd_importance_adaptive1500k_phys_wave3_20260718_bin00_pthat50to75_shard1103_seed1201103_bundle.tar.gz	qcd_hardqcd_importance_adaptive1500k_phys_wave3_20260718_bin00_pthat50to75_shard1103_seed1201103_bundle.tar.gz	qcd_hardqcd_importance_adaptive1500k_phys_wave3_20260718_bin00_pthat50to75_shard1103_seed1201103	0	50	75	1103	1201103	2	8	exact_metadata_matched
background	qcd_hardqcd	qcd_hardqcd_importance_adaptive1500k_phys_wave3_20260718	/store/user/iturkmen/hh4b_delphes/run2_13tev/frozen_v2/bundles/qcd_hardqcd_importance_adaptive1500k_phys_wave3_20260718/qcd_hardqcd_importance_adaptive1500k_phys_wave3_20260718_bin00_pthat50to75_shard1104_seed1201104_bundle.tar.gz	qcd_hardqcd_importance_adaptive1500k_phys_wave3_20260718_bin00_pthat50to75_shard1104_seed1201104_bundle.tar.gz	qcd_hardqcd_importance_adaptive1500k_phys_wave3_20260718_bin00_pthat50to75_shard1104_seed1201104	0	50	75	1104	1201104	2	8	exact_metadata_matched
background	qcd_hardqcd	qcd_hardqcd_importance_adaptive1500k_phys_wave3_20260718	/store/user/iturkmen/hh4b_delphes/run2_13tev/frozen_v2/bundles/qcd_hardqcd_importance_adaptive1500k_phys_wave3_20260718/qcd_hardqcd_importance_adaptive1500k_phys_wave3_20260718_bin00_pthat50to75_shard1105_seed1201105_bundle.tar.gz	qcd_hardqcd_importance_adaptive1500k_phys_wave3_20260718_bin00_pthat50to75_shard1105_seed1201105_bundle.tar.gz	qcd_hardqcd_importance_adaptive1500k_phys_wave3_20260718_bin00_pthat50to75_shard1105_seed1201105	0	50	75	1105	1201105	2	8	exact_metadata_matched
background	qcd_hardqcd	qcd_hardqcd_importance_adaptive1500k_phys_wave3_20260718	/store/user/iturkmen/hh4b_delphes/run2_13tev/frozen_v2/bundles/qcd_hardqcd_importance_adaptive1500k_phys_wave3_20260718/qcd_hardqcd_importance_adaptive1500k_phys_wave3_20260718_bin01_pthat75to100_shard1106_seed1211106_bundle.tar.gz	qcd_hardqcd_importance_adaptive1500k_phys_wave3_20260718_bin01_pthat75to100_shard1106_seed1211106_bundle.tar.gz	qcd_hardqcd_importance_adaptive1500k_phys_wave3_20260718_bin01_pthat75to100_shard1106_seed1211106	1	75	100	1106	1211106	2	8	exact_metadata_matched
background	qcd_hardqcd	qcd_hardqcd_importance_adaptive1500k_phys_wave3_20260718	/store/user/iturkmen/hh4b_delphes/run2_13tev/frozen_v2/bundles/qcd_hardqcd_importance_adaptive1500k_phys_wave3_20260718/qcd_hardqcd_importance_adaptive1500k_phys_wave3_20260718_bin01_pthat75to100_shard1107_seed1211107_bundle.tar.gz	qcd_hardqcd_importance_adaptive1500k_phys_wave3_20260718_bin01_pthat75to100_shard1107_seed1211107_bundle.tar.gz	qcd_hardqcd_importance_adaptive1500k_phys_wave3_20260718_bin01_pthat75to100_shard1107_seed1211107	1	75	100	1107	1211107	2	8	exact_metadata_matched
background	qcd_hardqcd	qcd_hardqcd_importance_adaptive1500k_phys_wave3_20260718	/store/user/iturkmen/hh4b_delphes/run2_13tev/frozen_v2/bundles/qcd_hardqcd_importance_adaptive1500k_phys_wave3_20260718/qcd_hardqcd_importance_adaptive1500k_phys_wave3_20260718_bin01_pthat75to100_shard1108_seed1211108_bundle.tar.gz	qcd_hardqcd_importance_adaptive1500k_phys_wave3_20260718_bin01_pthat75to100_shard1108_seed1211108_bundle.tar.gz	qcd_hardqcd_importance_adaptive1500k_phys_wave3_20260718_bin01_pthat75to100_shard1108_seed1211108	1	75	100	1108	1211108	2	8	exact_metadata_matched
background	qcd_hardqcd	qcd_hardqcd_importance_adaptive1500k_phys_wave3_20260718	/store/user/iturkmen/hh4b_delphes/run2_13tev/frozen_v2/bundles/qcd_hardqcd_importance_adaptive1500k_phys_wave3_20260718/qcd_hardqcd_importance_adaptive1500k_phys_wave3_20260718_bin01_pthat75to100_shard1109_seed1211109_bundle.tar.gz	qcd_hardqcd_importance_adaptive1500k_phys_wave3_20260718_bin01_pthat75to100_shard1109_seed1211109_bundle.tar.gz	qcd_hardqcd_importance_adaptive1500k_phys_wave3_20260718_bin01_pthat75to100_shard1109_seed1211109	1	75	100	1109	1211109	2	8	exact_metadata_matched
background	qcd_hardqcd	qcd_hardqcd_importance_adaptive1500k_phys_wave3_20260718	/store/user/iturkmen/hh4b_delphes/run2_13tev/frozen_v2/bundles/qcd_hardqcd_importance_adaptive1500k_phys_wave3_20260718/qcd_hardqcd_importance_adaptive1500k_phys_wave3_20260718_bin01_pthat75to100_shard1110_seed1211110_bundle.tar.gz	qcd_hardqcd_importance_adaptive1500k_phys_wave3_20260718_bin01_pthat75to100_shard1110_seed1211110_bundle.tar.gz	qcd_hardqcd_importance_adaptive1500k_phys_wave3_20260718_bin01_pthat75to100_shard1110_seed1211110	1	75	100	1110	1211110	2	8	exact_metadata_matched
background	qcd_hardqcd	qcd_hardqcd_importance_adaptive1500k_phys_wave3_20260718	/store/user/iturkmen/hh4b_delphes/run2_13tev/frozen_v2/bundles/qcd_hardqcd_importance_adaptive1500k_phys_wave3_20260718/qcd_hardqcd_importance_adaptive1500k_phys_wave3_20260718_bin01_pthat75to100_shard1111_seed1211111_bundle.tar.gz	qcd_hardqcd_importance_adaptive1500k_phys_wave3_20260718_bin01_pthat75to100_shard1111_seed1211111_bundle.tar.gz	qcd_hardqcd_importance_adaptive1500k_phys_wave3_20260718_bin01_pthat75to100_shard1111_seed1211111	1	75	100	1111	1211111	2	8	exact_metadata_matched
background	qcd_hardqcd	qcd_hardqcd_importance_adaptive1500k_phys_wave3_20260718	/store/user/iturkmen/hh4b_delphes/run2_13tev/frozen_v2/bundles/qcd_hardqcd_importance_adaptive1500k_phys_wave3_20260718/qcd_hardqcd_importance_adaptive1500k_phys_wave3_20260718_bin01_pthat75to100_shard1112_seed1211112_bundle.tar.gz	qcd_hardqcd_importance_adaptive1500k_phys_wave3_20260718_bin01_pthat75to100_shard1112_seed1211112_bundle.tar.gz	qcd_hardqcd_importance_adaptive1500k_phys_wave3_20260718_bin01_pthat75to100_shard1112_seed1211112	1	75	100	1112	1211112	2	8	exact_metadata_matched
background	qcd_hardqcd	qcd_hardqcd_importance_adaptive1500k_phys_wave3_20260718	/store/user/iturkmen/hh4b_delphes/run2_13tev/frozen_v2/bundles/qcd_hardqcd_importance_adaptive1500k_phys_wave3_20260718/qcd_hardqcd_importance_adaptive1500k_phys_wave3_20260718_bin01_pthat75to100_shard1113_seed1211113_bundle.tar.gz	qcd_hardqcd_importance_adaptive1500k_phys_wave3_20260718_bin01_pthat75to100_shard1113_seed1211113_bundle.tar.gz	qcd_hardqcd_importance_adaptive1500k_phys_wave3_20260718_bin01_pthat75to100_shard1113_seed1211113	1	75	100	1113	1211113	2	8	exact_metadata_matched
background	qcd_hardqcd	qcd_hardqcd_importance_adaptive1500k_phys_wave3_20260718	/store/user/iturkmen/hh4b_delphes/run2_13tev/frozen_v2/bundles/qcd_hardqcd_importance_adaptive1500k_phys_wave3_20260718/qcd_hardqcd_importance_adaptive1500k_phys_wave3_20260718_bin01_pthat75to100_shard1114_seed1211114_bundle.tar.gz	qcd_hardqcd_importance_adaptive1500k_phys_wave3_20260718_bin01_pthat75to100_shard1114_seed1211114_bundle.tar.gz	qcd_hardqcd_importance_adaptive1500k_phys_wave3_20260718_bin01_pthat75to100_shard1114_seed1211114	1	75	100	1114	1211114	2	8	exact_metadata_matched
background	qcd_hardqcd	qcd_hardqcd_importance_adaptive1500k_phys_wave3_20260718	/store/user/iturkmen/hh4b_delphes/run2_13tev/frozen_v2/bundles/qcd_hardqcd_importance_adaptive1500k_phys_wave3_20260718/qcd_hardqcd_importance_adaptive1500k_phys_wave3_20260718_bin01_pthat75to100_shard1115_seed1211115_bundle.tar.gz	qcd_hardqcd_importance_adaptive1500k_phys_wave3_20260718_bin01_pthat75to100_shard1115_seed1211115_bundle.tar.gz	qcd_hardqcd_importance_adaptive1500k_phys_wave3_20260718_bin01_pthat75to100_shard1115_seed1211115	1	75	100	1115	1211115	2	8	exact_metadata_matched
background	qcd_hardqcd	qcd_hardqcd_importance_adaptive1500k_phys_wave3_20260718	/store/user/iturkmen/hh4b_delphes/run2_13tev/frozen_v2/bundles/qcd_hardqcd_importance_adaptive1500k_phys_wave3_20260718/qcd_hardqcd_importance_adaptive1500k_phys_wave3_20260718_bin01_pthat75to100_shard1116_seed1211116_bundle.tar.gz	qcd_hardqcd_importance_adaptive1500k_phys_wave3_20260718_bin01_pthat75to100_shard1116_seed1211116_bundle.tar.gz	qcd_hardqcd_importance_adaptive1500k_phys_wave3_20260718_bin01_pthat75to100_shard1116_seed1211116	1	75	100	1116	1211116	2	8	exact_metadata_matched
background	qcd_hardqcd	qcd_hardqcd_importance_adaptive1500k_phys_wave3_20260718	/store/user/iturkmen/hh4b_delphes/run2_13tev/frozen_v2/bundles/qcd_hardqcd_importance_adaptive1500k_phys_wave3_20260718/qcd_hardqcd_importance_adaptive1500k_phys_wave3_20260718_bin01_pthat75to100_shard1117_seed1211117_bundle.tar.gz	qcd_hardqcd_importance_adaptive1500k_phys_wave3_20260718_bin01_pthat75to100_shard1117_seed1211117_bundle.tar.gz	qcd_hardqcd_importance_adaptive1500k_phys_wave3_20260718_bin01_pthat75to100_shard1117_seed1211117	1	75	100	1117	1211117	2	8	exact_metadata_matched
background	qcd_hardqcd	qcd_hardqcd_importance_adaptive1500k_phys_wave3_20260718	/store/user/iturkmen/hh4b_delphes/run2_13tev/frozen_v2/bundles/qcd_hardqcd_importance_adaptive1500k_phys_wave3_20260718/qcd_hardqcd_importance_adaptive1500k_phys_wave3_20260718_bin01_pthat75to100_shard1118_seed1211118_bundle.tar.gz	qcd_hardqcd_importance_adaptive1500k_phys_wave3_20260718_bin01_pthat75to100_shard1118_seed1211118_bundle.tar.gz	qcd_hardqcd_importance_adaptive1500k_phys_wave3_20260718_bin01_pthat75to100_shard1118_seed1211118	1	75	100	1118	1211118	2	8	exact_metadata_matched
background	qcd_hardqcd	qcd_hardqcd_importance_adaptive1500k_phys_wave3_20260718	/store/user/iturkmen/hh4b_delphes/run2_13tev/frozen_v2/bundles/qcd_hardqcd_importance_adaptive1500k_phys_wave3_20260718/qcd_hardqcd_importance_adaptive1500k_phys_wave3_20260718_bin01_pthat75to100_shard1119_seed1211119_bundle.tar.gz	qcd_hardqcd_importance_adaptive1500k_phys_wave3_20260718_bin01_pthat75to100_shard1119_seed1211119_bundle.tar.gz	qcd_hardqcd_importance_adaptive1500k_phys_wave3_20260718_bin01_pthat75to100_shard1119_seed1211119	1	75	100	1119	1211119	2	8	exact_metadata_matched
background	qcd_hardqcd	qcd_hardqcd_importance_adaptive1500k_phys_wave3_20260718	/store/user/iturkmen/hh4b_delphes/run2_13tev/frozen_v2/bundles/qcd_hardqcd_importance_adaptive1500k_phys_wave3_20260718/qcd_hardqcd_importance_adaptive1500k_phys_wave3_20260718_bin01_pthat75to100_shard1120_seed1211120_bundle.tar.gz	qcd_hardqcd_importance_adaptive1500k_phys_wave3_20260718_bin01_pthat75to100_shard1120_seed1211120_bundle.tar.gz	qcd_hardqcd_importance_adaptive1500k_phys_wave3_20260718_bin01_pthat75to100_shard1120_seed1211120	1	75	100	1120	1211120	3	10	exact_metadata_matched
background	qcd_hardqcd	qcd_hardqcd_importance_adaptive1500k_phys_wave3_20260718	/store/user/iturkmen/hh4b_delphes/run2_13tev/frozen_v2/bundles/qcd_hardqcd_importance_adaptive1500k_phys_wave3_20260718/qcd_hardqcd_importance_adaptive1500k_phys_wave3_20260718_bin01_pthat75to100_shard1121_seed1211121_bundle.tar.gz	qcd_hardqcd_importance_adaptive1500k_phys_wave3_20260718_bin01_pthat75to100_shard1121_seed1211121_bundle.tar.gz	qcd_hardqcd_importance_adaptive1500k_phys_wave3_20260718_bin01_pthat75to100_shard1121_seed1211121	1	75	100	1121	1211121	2	8	exact_metadata_matched
background	qcd_hardqcd	qcd_hardqcd_importance_adaptive1500k_phys_wave3_20260718	/store/user/iturkmen/hh4b_delphes/run2_13tev/frozen_v2/bundles/qcd_hardqcd_importance_adaptive1500k_phys_wave3_20260718/qcd_hardqcd_importance_adaptive1500k_phys_wave3_20260718_bin01_pthat75to100_shard1122_seed1211122_bundle.tar.gz	qcd_hardqcd_importance_adaptive1500k_phys_wave3_20260718_bin01_pthat75to100_shard1122_seed1211122_bundle.tar.gz	qcd_hardqcd_importance_adaptive1500k_phys_wave3_20260718_bin01_pthat75to100_shard1122_seed1211122	1	75	100	1122	1211122	2	8	exact_metadata_matched
background	qcd_hardqcd	qcd_hardqcd_importance_adaptive1500k_phys_wave3_20260718	/store/user/iturkmen/hh4b_delphes/run2_13tev/frozen_v2/bundles/qcd_hardqcd_importance_adaptive1500k_phys_wave3_20260718/qcd_hardqcd_importance_adaptive1500k_phys_wave3_20260718_bin01_pthat75to100_shard1123_seed1211123_bundle.tar.gz	qcd_hardqcd_importance_adaptive1500k_phys_wave3_20260718_bin01_pthat75to100_shard1123_seed1211123_bundle.tar.gz	qcd_hardqcd_importance_adaptive1500k_phys_wave3_20260718_bin01_pthat75to100_shard1123_seed1211123	1	75	100	1123	1211123	2	8	exact_metadata_matched
background	qcd_hardqcd	qcd_hardqcd_importance_adaptive1500k_phys_wave3_20260718	/store/user/iturkmen/hh4b_delphes/run2_13tev/frozen_v2/bundles/qcd_hardqcd_importance_adaptive1500k_phys_wave3_20260718/qcd_hardqcd_importance_adaptive1500k_phys_wave3_20260718_bin01_pthat75to100_shard1124_seed1211124_bundle.tar.gz	qcd_hardqcd_importance_adaptive1500k_phys_wave3_20260718_bin01_pthat75to100_shard1124_seed1211124_bundle.tar.gz	qcd_hardqcd_importance_adaptive1500k_phys_wave3_20260718_bin01_pthat75to100_shard1124_seed1211124	1	75	100	1124	1211124	2	8	exact_metadata_matched
background	qcd_hardqcd	qcd_hardqcd_importance_adaptive1500k_phys_wave3_20260718	/store/user/iturkmen/hh4b_delphes/run2_13tev/frozen_v2/bundles/qcd_hardqcd_importance_adaptive1500k_phys_wave3_20260718/qcd_hardqcd_importance_adaptive1500k_phys_wave3_20260718_bin01_pthat75to100_shard1125_seed1211125_bundle.tar.gz	qcd_hardqcd_importance_adaptive1500k_phys_wave3_20260718_bin01_pthat75to100_shard1125_seed1211125_bundle.tar.gz	qcd_hardqcd_importance_adaptive1500k_phys_wave3_20260718_bin01_pthat75to100_shard1125_seed1211125	1	75	100	1125	1211125	2	8	exact_metadata_matched
background	qcd_hardqcd	qcd_hardqcd_importance_adaptive1500k_phys_wave3_20260718	/store/user/iturkmen/hh4b_delphes/run2_13tev/frozen_v2/bundles/qcd_hardqcd_importance_adaptive1500k_phys_wave3_20260718/qcd_hardqcd_importance_adaptive1500k_phys_wave3_20260718_bin01_pthat75to100_shard1126_seed1211126_bundle.tar.gz	qcd_hardqcd_importance_adaptive1500k_phys_wave3_20260718_bin01_pthat75to100_shard1126_seed1211126_bundle.tar.gz	qcd_hardqcd_importance_adaptive1500k_phys_wave3_20260718_bin01_pthat75to100_shard1126_seed1211126	1	75	100	1126	1211126	2	8	exact_metadata_matched
background	qcd_hardqcd	qcd_hardqcd_importance_adaptive1500k_phys_wave3_20260718	/store/user/iturkmen/hh4b_delphes/run2_13tev/frozen_v2/bundles/qcd_hardqcd_importance_adaptive1500k_phys_wave3_20260718/qcd_hardqcd_importance_adaptive1500k_phys_wave3_20260718_bin01_pthat75to100_shard1127_seed1211127_bundle.tar.gz	qcd_hardqcd_importance_adaptive1500k_phys_wave3_20260718_bin01_pthat75to100_shard1127_seed1211127_bundle.tar.gz	qcd_hardqcd_importance_adaptive1500k_phys_wave3_20260718_bin01_pthat75to100_shard1127_seed1211127	1	75	100	1127	1211127	2	8	exact_metadata_matched
background	qcd_hardqcd	qcd_hardqcd_importance_adaptive1500k_phys_wave3_20260718	/store/user/iturkmen/hh4b_delphes/run2_13tev/frozen_v2/bundles/qcd_hardqcd_importance_adaptive1500k_phys_wave3_20260718/qcd_hardqcd_importance_adaptive1500k_phys_wave3_20260718_bin01_pthat75to100_shard1128_seed1211128_bundle.tar.gz	qcd_hardqcd_importance_adaptive1500k_phys_wave3_20260718_bin01_pthat75to100_shard1128_seed1211128_bundle.tar.gz	qcd_hardqcd_importance_adaptive1500k_phys_wave3_20260718_bin01_pthat75to100_shard1128_seed1211128	1	75	100	1128	1211128	2	8	exact_metadata_matched
background	qcd_hardqcd	qcd_hardqcd_importance_adaptive1500k_phys_wave3_20260718	/store/user/iturkmen/hh4b_delphes/run2_13tev/frozen_v2/bundles/qcd_hardqcd_importance_adaptive1500k_phys_wave3_20260718/qcd_hardqcd_importance_adaptive1500k_phys_wave3_20260718_bin01_pthat75to100_shard1129_seed1211129_bundle.tar.gz	qcd_hardqcd_importance_adaptive1500k_phys_wave3_20260718_bin01_pthat75to100_shard1129_seed1211129_bundle.tar.gz	qcd_hardqcd_importance_adaptive1500k_phys_wave3_20260718_bin01_pthat75to100_shard1129_seed1211129	1	75	100	1129	1211129	2	8	exact_metadata_matched
background	qcd_hardqcd	qcd_hardqcd_importance_adaptive1500k_phys_wave3_20260718	/store/user/iturkmen/hh4b_delphes/run2_13tev/frozen_v2/bundles/qcd_hardqcd_importance_adaptive1500k_phys_wave3_20260718/qcd_hardqcd_importance_adaptive1500k_phys_wave3_20260718_bin01_pthat75to100_shard1130_seed1211130_bundle.tar.gz	qcd_hardqcd_importance_adaptive1500k_phys_wave3_20260718_bin01_pthat75to100_shard1130_seed1211130_bundle.tar.gz	qcd_hardqcd_importance_adaptive1500k_phys_wave3_20260718_bin01_pthat75to100_shard1130_seed1211130	1	75	100	1130	1211130	2	8	exact_metadata_matched
background	qcd_hardqcd	qcd_hardqcd_importance_adaptive1500k_phys_wave3_20260718	/store/user/iturkmen/hh4b_delphes/run2_13tev/frozen_v2/bundles/qcd_hardqcd_importance_adaptive1500k_phys_wave3_20260718/qcd_hardqcd_importance_adaptive1500k_phys_wave3_20260718_bin01_pthat75to100_shard1131_seed1211131_bundle.tar.gz	qcd_hardqcd_importance_adaptive1500k_phys_wave3_20260718_bin01_pthat75to100_shard1131_seed1211131_bundle.tar.gz	qcd_hardqcd_importance_adaptive1500k_phys_wave3_20260718_bin01_pthat75to100_shard1131_seed1211131	1	75	100	1131	1211131	2	8	exact_metadata_matched
background	qcd_hardqcd	qcd_hardqcd_importance_adaptive1500k_phys_wave3_20260718	/store/user/iturkmen/hh4b_delphes/run2_13tev/frozen_v2/bundles/qcd_hardqcd_importance_adaptive1500k_phys_wave3_20260718/qcd_hardqcd_importance_adaptive1500k_phys_wave3_20260718_bin01_pthat75to100_shard1132_seed1211132_bundle.tar.gz	qcd_hardqcd_importance_adaptive1500k_phys_wave3_20260718_bin01_pthat75to100_shard1132_seed1211132_bundle.tar.gz	qcd_hardqcd_importance_adaptive1500k_phys_wave3_20260718_bin01_pthat75to100_shard1132_seed1211132	1	75	100	1132	1211132	2	8	exact_metadata_matched
background	qcd_hardqcd	qcd_hardqcd_importance_adaptive1500k_phys_wave3_20260718	/store/user/iturkmen/hh4b_delphes/run2_13tev/frozen_v2/bundles/qcd_hardqcd_importance_adaptive1500k_phys_wave3_20260718/qcd_hardqcd_importance_adaptive1500k_phys_wave3_20260718_bin01_pthat75to100_shard1133_seed1211133_bundle.tar.gz	qcd_hardqcd_importance_adaptive1500k_phys_wave3_20260718_bin01_pthat75to100_shard1133_seed1211133_bundle.tar.gz	qcd_hardqcd_importance_adaptive1500k_phys_wave3_20260718_bin01_pthat75to100_shard1133_seed1211133	1	75	100	1133	1211133	2	8	exact_metadata_matched
background	qcd_hardqcd	qcd_hardqcd_importance_adaptive1500k_phys_wave3_20260718	/store/user/iturkmen/hh4b_delphes/run2_13tev/frozen_v2/bundles/qcd_hardqcd_importance_adaptive1500k_phys_wave3_20260718/qcd_hardqcd_importance_adaptive1500k_phys_wave3_20260718_bin01_pthat75to100_shard1134_seed1211134_bundle.tar.gz	qcd_hardqcd_importance_adaptive1500k_phys_wave3_20260718_bin01_pthat75to100_shard1134_seed1211134_bundle.tar.gz	qcd_hardqcd_importance_adaptive1500k_phys_wave3_20260718_bin01_pthat75to100_shard1134_seed1211134	1	75	100	1134	1211134	2	8	exact_metadata_matched
background	qcd_hardqcd	qcd_hardqcd_importance_adaptive1500k_phys_wave3_20260718	/store/user/iturkmen/hh4b_delphes/run2_13tev/frozen_v2/bundles/qcd_hardqcd_importance_adaptive1500k_phys_wave3_20260718/qcd_hardqcd_importance_adaptive1500k_phys_wave3_20260718_bin01_pthat75to100_shard1135_seed1211135_bundle.tar.gz	qcd_hardqcd_importance_adaptive1500k_phys_wave3_20260718_bin01_pthat75to100_shard1135_seed1211135_bundle.tar.gz	qcd_hardqcd_importance_adaptive1500k_phys_wave3_20260718_bin01_pthat75to100_shard1135_seed1211135	1	75	100	1135	1211135	2	8	exact_metadata_matched
background	qcd_hardqcd	qcd_hardqcd_importance_adaptive1500k_phys_wave3_20260718	/store/user/iturkmen/hh4b_delphes/run2_13tev/frozen_v2/bundles/qcd_hardqcd_importance_adaptive1500k_phys_wave3_20260718/qcd_hardqcd_importance_adaptive1500k_phys_wave3_20260718_bin01_pthat75to100_shard1136_seed1211136_bundle.tar.gz	qcd_hardqcd_importance_adaptive1500k_phys_wave3_20260718_bin01_pthat75to100_shard1136_seed1211136_bundle.tar.gz	qcd_hardqcd_importance_adaptive1500k_phys_wave3_20260718_bin01_pthat75to100_shard1136_seed1211136	1	75	100	1136	1211136	2	8	exact_metadata_matched
background	qcd_hardqcd	qcd_hardqcd_importance_adaptive1500k_phys_wave3_20260718	/store/user/iturkmen/hh4b_delphes/run2_13tev/frozen_v2/bundles/qcd_hardqcd_importance_adaptive1500k_phys_wave3_20260718/qcd_hardqcd_importance_adaptive1500k_phys_wave3_20260718_bin01_pthat75to100_shard1137_seed1211137_bundle.tar.gz	qcd_hardqcd_importance_adaptive1500k_phys_wave3_20260718_bin01_pthat75to100_shard1137_seed1211137_bundle.tar.gz	qcd_hardqcd_importance_adaptive1500k_phys_wave3_20260718_bin01_pthat75to100_shard1137_seed1211137	1	75	100	1137	1211137	2	8	exact_metadata_matched
background	qcd_hardqcd	qcd_hardqcd_importance_adaptive1500k_phys_wave3_20260718	/store/user/iturkmen/hh4b_delphes/run2_13tev/frozen_v2/bundles/qcd_hardqcd_importance_adaptive1500k_phys_wave3_20260718/qcd_hardqcd_importance_adaptive1500k_phys_wave3_20260718_bin01_pthat75to100_shard1138_seed1211138_bundle.tar.gz	qcd_hardqcd_importance_adaptive1500k_phys_wave3_20260718_bin01_pthat75to100_shard1138_seed1211138_bundle.tar.gz	qcd_hardqcd_importance_adaptive1500k_phys_wave3_20260718_bin01_pthat75to100_shard1138_seed1211138	1	75	100	1138	1211138	2	8	exact_metadata_matched
background	qcd_hardqcd	qcd_hardqcd_importance_adaptive1500k_phys_wave3_20260718	/store/user/iturkmen/hh4b_delphes/run2_13tev/frozen_v2/bundles/qcd_hardqcd_importance_adaptive1500k_phys_wave3_20260718/qcd_hardqcd_importance_adaptive1500k_phys_wave3_20260718_bin01_pthat75to100_shard1139_seed1211139_bundle.tar.gz	qcd_hardqcd_importance_adaptive1500k_phys_wave3_20260718_bin01_pthat75to100_shard1139_seed1211139_bundle.tar.gz	qcd_hardqcd_importance_adaptive1500k_phys_wave3_20260718_bin01_pthat75to100_shard1139_seed1211139	1	75	100	1139	1211139	2	8	exact_metadata_matched
background	qcd_hardqcd	qcd_hardqcd_importance_adaptive1500k_phys_wave3_20260718	/store/user/iturkmen/hh4b_delphes/run2_13tev/frozen_v2/bundles/qcd_hardqcd_importance_adaptive1500k_phys_wave3_20260718/qcd_hardqcd_importance_adaptive1500k_phys_wave3_20260718_bin01_pthat75to100_shard1140_seed1211140_bundle.tar.gz	qcd_hardqcd_importance_adaptive1500k_phys_wave3_20260718_bin01_pthat75to100_shard1140_seed1211140_bundle.tar.gz	qcd_hardqcd_importance_adaptive1500k_phys_wave3_20260718_bin01_pthat75to100_shard1140_seed1211140	1	75	100	1140	1211140	2	8	exact_metadata_matched
background	qcd_hardqcd	qcd_hardqcd_importance_adaptive1500k_phys_wave3_20260718	/store/user/iturkmen/hh4b_delphes/run2_13tev/frozen_v2/bundles/qcd_hardqcd_importance_adaptive1500k_phys_wave3_20260718/qcd_hardqcd_importance_adaptive1500k_phys_wave3_20260718_bin01_pthat75to100_shard1141_seed1211141_bundle.tar.gz	qcd_hardqcd_importance_adaptive1500k_phys_wave3_20260718_bin01_pthat75to100_shard1141_seed1211141_bundle.tar.gz	qcd_hardqcd_importance_adaptive1500k_phys_wave3_20260718_bin01_pthat75to100_shard1141_seed1211141	1	75	100	1141	1211141	2	8	exact_metadata_matched
background	qcd_hardqcd	qcd_hardqcd_importance_adaptive1500k_phys_wave3_20260718	/store/user/iturkmen/hh4b_delphes/run2_13tev/frozen_v2/bundles/qcd_hardqcd_importance_adaptive1500k_phys_wave3_20260718/qcd_hardqcd_importance_adaptive1500k_phys_wave3_20260718_bin01_pthat75to100_shard1142_seed1211142_bundle.tar.gz	qcd_hardqcd_importance_adaptive1500k_phys_wave3_20260718_bin01_pthat75to100_shard1142_seed1211142_bundle.tar.gz	qcd_hardqcd_importance_adaptive1500k_phys_wave3_20260718_bin01_pthat75to100_shard1142_seed1211142	1	75	100	1142	1211142	2	8	exact_metadata_matched
background	qcd_hardqcd	qcd_hardqcd_importance_adaptive1500k_phys_wave3_20260718	/store/user/iturkmen/hh4b_delphes/run2_13tev/frozen_v2/bundles/qcd_hardqcd_importance_adaptive1500k_phys_wave3_20260718/qcd_hardqcd_importance_adaptive1500k_phys_wave3_20260718_bin01_pthat75to100_shard1143_seed1211143_bundle.tar.gz	qcd_hardqcd_importance_adaptive1500k_phys_wave3_20260718_bin01_pthat75to100_shard1143_seed1211143_bundle.tar.gz	qcd_hardqcd_importance_adaptive1500k_phys_wave3_20260718_bin01_pthat75to100_shard1143_seed1211143	1	75	100	1143	1211143	2	8	exact_metadata_matched
background	qcd_hardqcd	qcd_hardqcd_importance_adaptive1500k_phys_wave3_20260718	/store/user/iturkmen/hh4b_delphes/run2_13tev/frozen_v2/bundles/qcd_hardqcd_importance_adaptive1500k_phys_wave3_20260718/qcd_hardqcd_importance_adaptive1500k_phys_wave3_20260718_bin01_pthat75to100_shard1144_seed1211144_bundle.tar.gz	qcd_hardqcd_importance_adaptive1500k_phys_wave3_20260718_bin01_pthat75to100_shard1144_seed1211144_bundle.tar.gz	qcd_hardqcd_importance_adaptive1500k_phys_wave3_20260718_bin01_pthat75to100_shard1144_seed1211144	1	75	100	1144	1211144	2	8	exact_metadata_matched
background	qcd_hardqcd	qcd_hardqcd_importance_adaptive1500k_phys_wave3_20260718	/store/user/iturkmen/hh4b_delphes/run2_13tev/frozen_v2/bundles/qcd_hardqcd_importance_adaptive1500k_phys_wave3_20260718/qcd_hardqcd_importance_adaptive1500k_phys_wave3_20260718_bin01_pthat75to100_shard1145_seed1211145_bundle.tar.gz	qcd_hardqcd_importance_adaptive1500k_phys_wave3_20260718_bin01_pthat75to100_shard1145_seed1211145_bundle.tar.gz	qcd_hardqcd_importance_adaptive1500k_phys_wave3_20260718_bin01_pthat75to100_shard1145_seed1211145	1	75	100	1145	1211145	2	8	exact_metadata_matched
background	qcd_hardqcd	qcd_hardqcd_importance_adaptive1500k_phys_wave3_20260718	/store/user/iturkmen/hh4b_delphes/run2_13tev/frozen_v2/bundles/qcd_hardqcd_importance_adaptive1500k_phys_wave3_20260718/qcd_hardqcd_importance_adaptive1500k_phys_wave3_20260718_bin01_pthat75to100_shard1146_seed1211146_bundle.tar.gz	qcd_hardqcd_importance_adaptive1500k_phys_wave3_20260718_bin01_pthat75to100_shard1146_seed1211146_bundle.tar.gz	qcd_hardqcd_importance_adaptive1500k_phys_wave3_20260718_bin01_pthat75to100_shard1146_seed1211146	1	75	100	1146	1211146	2	8	exact_metadata_matched
background	qcd_hardqcd	qcd_hardqcd_importance_adaptive1500k_phys_wave3_20260718	/store/user/iturkmen/hh4b_delphes/run2_13tev/frozen_v2/bundles/qcd_hardqcd_importance_adaptive1500k_phys_wave3_20260718/qcd_hardqcd_importance_adaptive1500k_phys_wave3_20260718_bin01_pthat75to100_shard1147_seed1211147_bundle.tar.gz	qcd_hardqcd_importance_adaptive1500k_phys_wave3_20260718_bin01_pthat75to100_shard1147_seed1211147_bundle.tar.gz	qcd_hardqcd_importance_adaptive1500k_phys_wave3_20260718_bin01_pthat75to100_shard1147_seed1211147	1	75	100	1147	1211147	2	8	exact_metadata_matched
background	qcd_hardqcd	qcd_hardqcd_importance_adaptive1500k_phys_wave3_20260718	/store/user/iturkmen/hh4b_delphes/run2_13tev/frozen_v2/bundles/qcd_hardqcd_importance_adaptive1500k_phys_wave3_20260718/qcd_hardqcd_importance_adaptive1500k_phys_wave3_20260718_bin01_pthat75to100_shard1148_seed1211148_bundle.tar.gz	qcd_hardqcd_importance_adaptive1500k_phys_wave3_20260718_bin01_pthat75to100_shard1148_seed1211148_bundle.tar.gz	qcd_hardqcd_importance_adaptive1500k_phys_wave3_20260718_bin01_pthat75to100_shard1148_seed1211148	1	75	100	1148	1211148	2	8	exact_metadata_matched
background	qcd_hardqcd	qcd_hardqcd_importance_adaptive1500k_phys_wave3_20260718	/store/user/iturkmen/hh4b_delphes/run2_13tev/frozen_v2/bundles/qcd_hardqcd_importance_adaptive1500k_phys_wave3_20260718/qcd_hardqcd_importance_adaptive1500k_phys_wave3_20260718_bin01_pthat75to100_shard1149_seed1211149_bundle.tar.gz	qcd_hardqcd_importance_adaptive1500k_phys_wave3_20260718_bin01_pthat75to100_shard1149_seed1211149_bundle.tar.gz	qcd_hardqcd_importance_adaptive1500k_phys_wave3_20260718_bin01_pthat75to100_shard1149_seed1211149	1	75	100	1149	1211149	2	8	exact_metadata_matched
background	qcd_hardqcd	qcd_hardqcd_importance_adaptive1500k_phys_wave3_20260718	/store/user/iturkmen/hh4b_delphes/run2_13tev/frozen_v2/bundles/qcd_hardqcd_importance_adaptive1500k_phys_wave3_20260718/qcd_hardqcd_importance_adaptive1500k_phys_wave3_20260718_bin02_pthat100to200_shard1150_seed1221150_bundle.tar.gz	qcd_hardqcd_importance_adaptive1500k_phys_wave3_20260718_bin02_pthat100to200_shard1150_seed1221150_bundle.tar.gz	qcd_hardqcd_importance_adaptive1500k_phys_wave3_20260718_bin02_pthat100to200_shard1150_seed1221150	2	100	200	1150	1221150	2	8	exact_metadata_matched
background	qcd_hardqcd	qcd_hardqcd_importance_adaptive1500k_phys_wave3_20260718	/store/user/iturkmen/hh4b_delphes/run2_13tev/frozen_v2/bundles/qcd_hardqcd_importance_adaptive1500k_phys_wave3_20260718/qcd_hardqcd_importance_adaptive1500k_phys_wave3_20260718_bin02_pthat100to200_shard1151_seed1221151_bundle.tar.gz	qcd_hardqcd_importance_adaptive1500k_phys_wave3_20260718_bin02_pthat100to200_shard1151_seed1221151_bundle.tar.gz	qcd_hardqcd_importance_adaptive1500k_phys_wave3_20260718_bin02_pthat100to200_shard1151_seed1221151	2	100	200	1151	1221151	2	8	exact_metadata_matched
background	qcd_hardqcd	qcd_hardqcd_importance_adaptive1500k_phys_wave3_20260718	/store/user/iturkmen/hh4b_delphes/run2_13tev/frozen_v2/bundles/qcd_hardqcd_importance_adaptive1500k_phys_wave3_20260718/qcd_hardqcd_importance_adaptive1500k_phys_wave3_20260718_bin02_pthat100to200_shard1152_seed1221152_bundle.tar.gz	qcd_hardqcd_importance_adaptive1500k_phys_wave3_20260718_bin02_pthat100to200_shard1152_seed1221152_bundle.tar.gz	qcd_hardqcd_importance_adaptive1500k_phys_wave3_20260718_bin02_pthat100to200_shard1152_seed1221152	2	100	200	1152	1221152	2	8	exact_metadata_matched
background	qcd_hardqcd	qcd_hardqcd_importance_adaptive1500k_phys_wave3_20260718	/store/user/iturkmen/hh4b_delphes/run2_13tev/frozen_v2/bundles/qcd_hardqcd_importance_adaptive1500k_phys_wave3_20260718/qcd_hardqcd_importance_adaptive1500k_phys_wave3_20260718_bin02_pthat100to200_shard1153_seed1221153_bundle.tar.gz	qcd_hardqcd_importance_adaptive1500k_phys_wave3_20260718_bin02_pthat100to200_shard1153_seed1221153_bundle.tar.gz	qcd_hardqcd_importance_adaptive1500k_phys_wave3_20260718_bin02_pthat100to200_shard1153_seed1221153	2	100	200	1153	1221153	2	8	exact_metadata_matched
background	qcd_hardqcd	qcd_hardqcd_importance_adaptive1500k_phys_wave3_20260718	/store/user/iturkmen/hh4b_delphes/run2_13tev/frozen_v2/bundles/qcd_hardqcd_importance_adaptive1500k_phys_wave3_20260718/qcd_hardqcd_importance_adaptive1500k_phys_wave3_20260718_bin02_pthat100to200_shard1154_seed1221154_bundle.tar.gz	qcd_hardqcd_importance_adaptive1500k_phys_wave3_20260718_bin02_pthat100to200_shard1154_seed1221154_bundle.tar.gz	qcd_hardqcd_importance_adaptive1500k_phys_wave3_20260718_bin02_pthat100to200_shard1154_seed1221154	2	100	200	1154	1221154	2	8	exact_metadata_matched
background	qcd_hardqcd	qcd_hardqcd_importance_adaptive1500k_phys_wave3_20260718	/store/user/iturkmen/hh4b_delphes/run2_13tev/frozen_v2/bundles/qcd_hardqcd_importance_adaptive1500k_phys_wave3_20260718/qcd_hardqcd_importance_adaptive1500k_phys_wave3_20260718_bin02_pthat100to200_shard1155_seed1221155_bundle.tar.gz	qcd_hardqcd_importance_adaptive1500k_phys_wave3_20260718_bin02_pthat100to200_shard1155_seed1221155_bundle.tar.gz	qcd_hardqcd_importance_adaptive1500k_phys_wave3_20260718_bin02_pthat100to200_shard1155_seed1221155	2	100	200	1155	1221155	2	8	exact_metadata_matched
background	qcd_hardqcd	qcd_hardqcd_importance_adaptive1500k_phys_wave3_20260718	/store/user/iturkmen/hh4b_delphes/run2_13tev/frozen_v2/bundles/qcd_hardqcd_importance_adaptive1500k_phys_wave3_20260718/qcd_hardqcd_importance_adaptive1500k_phys_wave3_20260718_bin02_pthat100to200_shard1156_seed1221156_bundle.tar.gz	qcd_hardqcd_importance_adaptive1500k_phys_wave3_20260718_bin02_pthat100to200_shard1156_seed1221156_bundle.tar.gz	qcd_hardqcd_importance_adaptive1500k_phys_wave3_20260718_bin02_pthat100to200_shard1156_seed1221156	2	100	200	1156	1221156	2	8	exact_metadata_matched
background	qcd_hardqcd	qcd_hardqcd_importance_adaptive1500k_phys_wave3_20260718	/store/user/iturkmen/hh4b_delphes/run2_13tev/frozen_v2/bundles/qcd_hardqcd_importance_adaptive1500k_phys_wave3_20260718/qcd_hardqcd_importance_adaptive1500k_phys_wave3_20260718_bin02_pthat100to200_shard1157_seed1221157_bundle.tar.gz	qcd_hardqcd_importance_adaptive1500k_phys_wave3_20260718_bin02_pthat100to200_shard1157_seed1221157_bundle.tar.gz	qcd_hardqcd_importance_adaptive1500k_phys_wave3_20260718_bin02_pthat100to200_shard1157_seed1221157	2	100	200	1157	1221157	2	8	exact_metadata_matched
background	qcd_hardqcd	qcd_hardqcd_importance_adaptive1500k_phys_wave3_20260718	/store/user/iturkmen/hh4b_delphes/run2_13tev/frozen_v2/bundles/qcd_hardqcd_importance_adaptive1500k_phys_wave3_20260718/qcd_hardqcd_importance_adaptive1500k_phys_wave3_20260718_bin02_pthat100to200_shard1158_seed1221158_bundle.tar.gz	qcd_hardqcd_importance_adaptive1500k_phys_wave3_20260718_bin02_pthat100to200_shard1158_seed1221158_bundle.tar.gz	qcd_hardqcd_importance_adaptive1500k_phys_wave3_20260718_bin02_pthat100to200_shard1158_seed1221158	2	100	200	1158	1221158	3	10	exact_metadata_matched
background	qcd_hardqcd	qcd_hardqcd_importance_adaptive1500k_phys_wave3_20260718	/store/user/iturkmen/hh4b_delphes/run2_13tev/frozen_v2/bundles/qcd_hardqcd_importance_adaptive1500k_phys_wave3_20260718/qcd_hardqcd_importance_adaptive1500k_phys_wave3_20260718_bin02_pthat100to200_shard1159_seed1221159_bundle.tar.gz	qcd_hardqcd_importance_adaptive1500k_phys_wave3_20260718_bin02_pthat100to200_shard1159_seed1221159_bundle.tar.gz	qcd_hardqcd_importance_adaptive1500k_phys_wave3_20260718_bin02_pthat100to200_shard1159_seed1221159	2	100	200	1159	1221159	2	8	exact_metadata_matched
background	qcd_hardqcd	qcd_hardqcd_importance_adaptive1500k_phys_wave3_20260718	/store/user/iturkmen/hh4b_delphes/run2_13tev/frozen_v2/bundles/qcd_hardqcd_importance_adaptive1500k_phys_wave3_20260718/qcd_hardqcd_importance_adaptive1500k_phys_wave3_20260718_bin02_pthat100to200_shard1160_seed1221160_bundle.tar.gz	qcd_hardqcd_importance_adaptive1500k_phys_wave3_20260718_bin02_pthat100to200_shard1160_seed1221160_bundle.tar.gz	qcd_hardqcd_importance_adaptive1500k_phys_wave3_20260718_bin02_pthat100to200_shard1160_seed1221160	2	100	200	1160	1221160	2	8	exact_metadata_matched
background	qcd_hardqcd	qcd_hardqcd_importance_adaptive1500k_phys_wave3_20260718	/store/user/iturkmen/hh4b_delphes/run2_13tev/frozen_v2/bundles/qcd_hardqcd_importance_adaptive1500k_phys_wave3_20260718/qcd_hardqcd_importance_adaptive1500k_phys_wave3_20260718_bin02_pthat100to200_shard1161_seed1221161_bundle.tar.gz	qcd_hardqcd_importance_adaptive1500k_phys_wave3_20260718_bin02_pthat100to200_shard1161_seed1221161_bundle.tar.gz	qcd_hardqcd_importance_adaptive1500k_phys_wave3_20260718_bin02_pthat100to200_shard1161_seed1221161	2	100	200	1161	1221161	2	8	exact_metadata_matched
background	qcd_hardqcd	qcd_hardqcd_importance_adaptive1500k_phys_wave3_20260718	/store/user/iturkmen/hh4b_delphes/run2_13tev/frozen_v2/bundles/qcd_hardqcd_importance_adaptive1500k_phys_wave3_20260718/qcd_hardqcd_importance_adaptive1500k_phys_wave3_20260718_bin02_pthat100to200_shard1162_seed1221162_bundle.tar.gz	qcd_hardqcd_importance_adaptive1500k_phys_wave3_20260718_bin02_pthat100to200_shard1162_seed1221162_bundle.tar.gz	qcd_hardqcd_importance_adaptive1500k_phys_wave3_20260718_bin02_pthat100to200_shard1162_seed1221162	2	100	200	1162	1221162	2	8	exact_metadata_matched
background	qcd_hardqcd	qcd_hardqcd_importance_adaptive1500k_phys_wave3_20260718	/store/user/iturkmen/hh4b_delphes/run2_13tev/frozen_v2/bundles/qcd_hardqcd_importance_adaptive1500k_phys_wave3_20260718/qcd_hardqcd_importance_adaptive1500k_phys_wave3_20260718_bin02_pthat100to200_shard1163_seed1221163_bundle.tar.gz	qcd_hardqcd_importance_adaptive1500k_phys_wave3_20260718_bin02_pthat100to200_shard1163_seed1221163_bundle.tar.gz	qcd_hardqcd_importance_adaptive1500k_phys_wave3_20260718_bin02_pthat100to200_shard1163_seed1221163	2	100	200	1163	1221163	2	8	exact_metadata_matched
background	qcd_hardqcd	qcd_hardqcd_importance_adaptive1500k_phys_wave3_20260718	/store/user/iturkmen/hh4b_delphes/run2_13tev/frozen_v2/bundles/qcd_hardqcd_importance_adaptive1500k_phys_wave3_20260718/qcd_hardqcd_importance_adaptive1500k_phys_wave3_20260718_bin02_pthat100to200_shard1164_seed1221164_bundle.tar.gz	qcd_hardqcd_importance_adaptive1500k_phys_wave3_20260718_bin02_pthat100to200_shard1164_seed1221164_bundle.tar.gz	qcd_hardqcd_importance_adaptive1500k_phys_wave3_20260718_bin02_pthat100to200_shard1164_seed1221164	2	100	200	1164	1221164	2	8	exact_metadata_matched
background	qcd_hardqcd	qcd_hardqcd_importance_adaptive1500k_phys_wave3_20260718	/store/user/iturkmen/hh4b_delphes/run2_13tev/frozen_v2/bundles/qcd_hardqcd_importance_adaptive1500k_phys_wave3_20260718/qcd_hardqcd_importance_adaptive1500k_phys_wave3_20260718_bin02_pthat100to200_shard1165_seed1221165_bundle.tar.gz	qcd_hardqcd_importance_adaptive1500k_phys_wave3_20260718_bin02_pthat100to200_shard1165_seed1221165_bundle.tar.gz	qcd_hardqcd_importance_adaptive1500k_phys_wave3_20260718_bin02_pthat100to200_shard1165_seed1221165	2	100	200	1165	1221165	2	8	exact_metadata_matched
background	qcd_hardqcd	qcd_hardqcd_importance_adaptive1500k_phys_wave3_20260718	/store/user/iturkmen/hh4b_delphes/run2_13tev/frozen_v2/bundles/qcd_hardqcd_importance_adaptive1500k_phys_wave3_20260718/qcd_hardqcd_importance_adaptive1500k_phys_wave3_20260718_bin02_pthat100to200_shard1166_seed1221166_bundle.tar.gz	qcd_hardqcd_importance_adaptive1500k_phys_wave3_20260718_bin02_pthat100to200_shard1166_seed1221166_bundle.tar.gz	qcd_hardqcd_importance_adaptive1500k_phys_wave3_20260718_bin02_pthat100to200_shard1166_seed1221166	2	100	200	1166	1221166	2	8	exact_metadata_matched
background	qcd_hardqcd	qcd_hardqcd_importance_adaptive1500k_phys_wave3_20260718	/store/user/iturkmen/hh4b_delphes/run2_13tev/frozen_v2/bundles/qcd_hardqcd_importance_adaptive1500k_phys_wave3_20260718/qcd_hardqcd_importance_adaptive1500k_phys_wave3_20260718_bin02_pthat100to200_shard1167_seed1221167_bundle.tar.gz	qcd_hardqcd_importance_adaptive1500k_phys_wave3_20260718_bin02_pthat100to200_shard1167_seed1221167_bundle.tar.gz	qcd_hardqcd_importance_adaptive1500k_phys_wave3_20260718_bin02_pthat100to200_shard1167_seed1221167	2	100	200	1167	1221167	2	8	exact_metadata_matched
background	qcd_hardqcd	qcd_hardqcd_importance_adaptive1500k_phys_wave3_20260718	/store/user/iturkmen/hh4b_delphes/run2_13tev/frozen_v2/bundles/qcd_hardqcd_importance_adaptive1500k_phys_wave3_20260718/qcd_hardqcd_importance_adaptive1500k_phys_wave3_20260718_bin02_pthat100to200_shard1168_seed1221168_bundle.tar.gz	qcd_hardqcd_importance_adaptive1500k_phys_wave3_20260718_bin02_pthat100to200_shard1168_seed1221168_bundle.tar.gz	qcd_hardqcd_importance_adaptive1500k_phys_wave3_20260718_bin02_pthat100to200_shard1168_seed1221168	2	100	200	1168	1221168	2	8	exact_metadata_matched
background	qcd_hardqcd	qcd_hardqcd_importance_adaptive1500k_phys_wave3_20260718	/store/user/iturkmen/hh4b_delphes/run2_13tev/frozen_v2/bundles/qcd_hardqcd_importance_adaptive1500k_phys_wave3_20260718/qcd_hardqcd_importance_adaptive1500k_phys_wave3_20260718_bin02_pthat100to200_shard1169_seed1221169_bundle.tar.gz	qcd_hardqcd_importance_adaptive1500k_phys_wave3_20260718_bin02_pthat100to200_shard1169_seed1221169_bundle.tar.gz	qcd_hardqcd_importance_adaptive1500k_phys_wave3_20260718_bin02_pthat100to200_shard1169_seed1221169	2	100	200	1169	1221169	2	8	exact_metadata_matched
background	qcd_hardqcd	qcd_hardqcd_importance_adaptive1500k_phys_wave3_20260718	/store/user/iturkmen/hh4b_delphes/run2_13tev/frozen_v2/bundles/qcd_hardqcd_importance_adaptive1500k_phys_wave3_20260718/qcd_hardqcd_importance_adaptive1500k_phys_wave3_20260718_bin02_pthat100to200_shard1170_seed1221170_bundle.tar.gz	qcd_hardqcd_importance_adaptive1500k_phys_wave3_20260718_bin02_pthat100to200_shard1170_seed1221170_bundle.tar.gz	qcd_hardqcd_importance_adaptive1500k_phys_wave3_20260718_bin02_pthat100to200_shard1170_seed1221170	2	100	200	1170	1221170	2	8	exact_metadata_matched
background	qcd_hardqcd	qcd_hardqcd_importance_adaptive1500k_phys_wave3_20260718	/store/user/iturkmen/hh4b_delphes/run2_13tev/frozen_v2/bundles/qcd_hardqcd_importance_adaptive1500k_phys_wave3_20260718/qcd_hardqcd_importance_adaptive1500k_phys_wave3_20260718_bin02_pthat100to200_shard1171_seed1221171_bundle.tar.gz	qcd_hardqcd_importance_adaptive1500k_phys_wave3_20260718_bin02_pthat100to200_shard1171_seed1221171_bundle.tar.gz	qcd_hardqcd_importance_adaptive1500k_phys_wave3_20260718_bin02_pthat100to200_shard1171_seed1221171	2	100	200	1171	1221171	2	8	exact_metadata_matched
background	qcd_hardqcd	qcd_hardqcd_importance_adaptive1500k_phys_wave3_20260718	/store/user/iturkmen/hh4b_delphes/run2_13tev/frozen_v2/bundles/qcd_hardqcd_importance_adaptive1500k_phys_wave3_20260718/qcd_hardqcd_importance_adaptive1500k_phys_wave3_20260718_bin02_pthat100to200_shard1172_seed1221172_bundle.tar.gz	qcd_hardqcd_importance_adaptive1500k_phys_wave3_20260718_bin02_pthat100to200_shard1172_seed1221172_bundle.tar.gz	qcd_hardqcd_importance_adaptive1500k_phys_wave3_20260718_bin02_pthat100to200_shard1172_seed1221172	2	100	200	1172	1221172	2	8	exact_metadata_matched
background	qcd_hardqcd	qcd_hardqcd_importance_adaptive1500k_phys_wave3_20260718	/store/user/iturkmen/hh4b_delphes/run2_13tev/frozen_v2/bundles/qcd_hardqcd_importance_adaptive1500k_phys_wave3_20260718/qcd_hardqcd_importance_adaptive1500k_phys_wave3_20260718_bin02_pthat100to200_shard1173_seed1221173_bundle.tar.gz	qcd_hardqcd_importance_adaptive1500k_phys_wave3_20260718_bin02_pthat100to200_shard1173_seed1221173_bundle.tar.gz	qcd_hardqcd_importance_adaptive1500k_phys_wave3_20260718_bin02_pthat100to200_shard1173_seed1221173	2	100	200	1173	1221173	2	8	exact_metadata_matched
background	qcd_hardqcd	qcd_hardqcd_importance_adaptive1500k_phys_wave3_20260718	/store/user/iturkmen/hh4b_delphes/run2_13tev/frozen_v2/bundles/qcd_hardqcd_importance_adaptive1500k_phys_wave3_20260718/qcd_hardqcd_importance_adaptive1500k_phys_wave3_20260718_bin02_pthat100to200_shard1174_seed1221174_bundle.tar.gz	qcd_hardqcd_importance_adaptive1500k_phys_wave3_20260718_bin02_pthat100to200_shard1174_seed1221174_bundle.tar.gz	qcd_hardqcd_importance_adaptive1500k_phys_wave3_20260718_bin02_pthat100to200_shard1174_seed1221174	2	100	200	1174	1221174	2	8	exact_metadata_matched
background	qcd_hardqcd	qcd_hardqcd_importance_adaptive1500k_phys_wave3_20260718	/store/user/iturkmen/hh4b_delphes/run2_13tev/frozen_v2/bundles/qcd_hardqcd_importance_adaptive1500k_phys_wave3_20260718/qcd_hardqcd_importance_adaptive1500k_phys_wave3_20260718_bin02_pthat100to200_shard1175_seed1221175_bundle.tar.gz	qcd_hardqcd_importance_adaptive1500k_phys_wave3_20260718_bin02_pthat100to200_shard1175_seed1221175_bundle.tar.gz	qcd_hardqcd_importance_adaptive1500k_phys_wave3_20260718_bin02_pthat100to200_shard1175_seed1221175	2	100	200	1175	1221175	2	8	exact_metadata_matched
background	qcd_hardqcd	qcd_hardqcd_importance_adaptive1500k_phys_wave3_20260718	/store/user/iturkmen/hh4b_delphes/run2_13tev/frozen_v2/bundles/qcd_hardqcd_importance_adaptive1500k_phys_wave3_20260718/qcd_hardqcd_importance_adaptive1500k_phys_wave3_20260718_bin02_pthat100to200_shard1176_seed1221176_bundle.tar.gz	qcd_hardqcd_importance_adaptive1500k_phys_wave3_20260718_bin02_pthat100to200_shard1176_seed1221176_bundle.tar.gz	qcd_hardqcd_importance_adaptive1500k_phys_wave3_20260718_bin02_pthat100to200_shard1176_seed1221176	2	100	200	1176	1221176	2	8	exact_metadata_matched
background	qcd_hardqcd	qcd_hardqcd_importance_adaptive1500k_phys_wave3_20260718	/store/user/iturkmen/hh4b_delphes/run2_13tev/frozen_v2/bundles/qcd_hardqcd_importance_adaptive1500k_phys_wave3_20260718/qcd_hardqcd_importance_adaptive1500k_phys_wave3_20260718_bin02_pthat100to200_shard1177_seed1221177_bundle.tar.gz	qcd_hardqcd_importance_adaptive1500k_phys_wave3_20260718_bin02_pthat100to200_shard1177_seed1221177_bundle.tar.gz	qcd_hardqcd_importance_adaptive1500k_phys_wave3_20260718_bin02_pthat100to200_shard1177_seed1221177	2	100	200	1177	1221177	2	8	exact_metadata_matched
background	qcd_hardqcd	qcd_hardqcd_importance_adaptive1500k_phys_wave3_20260718	/store/user/iturkmen/hh4b_delphes/run2_13tev/frozen_v2/bundles/qcd_hardqcd_importance_adaptive1500k_phys_wave3_20260718/qcd_hardqcd_importance_adaptive1500k_phys_wave3_20260718_bin03_pthat200to300_shard1178_seed1231178_bundle.tar.gz	qcd_hardqcd_importance_adaptive1500k_phys_wave3_20260718_bin03_pthat200to300_shard1178_seed1231178_bundle.tar.gz	qcd_hardqcd_importance_adaptive1500k_phys_wave3_20260718_bin03_pthat200to300_shard1178_seed1231178	3	200	300	1178	1231178	2	8	exact_metadata_matched
background	qcd_hardqcd	qcd_hardqcd_importance_adaptive1500k_phys_wave3_20260718	/store/user/iturkmen/hh4b_delphes/run2_13tev/frozen_v2/bundles/qcd_hardqcd_importance_adaptive1500k_phys_wave3_20260718/qcd_hardqcd_importance_adaptive1500k_phys_wave3_20260718_bin04_pthat300to500_shard1179_seed1241179_bundle.tar.gz	qcd_hardqcd_importance_adaptive1500k_phys_wave3_20260718_bin04_pthat300to500_shard1179_seed1241179_bundle.tar.gz	qcd_hardqcd_importance_adaptive1500k_phys_wave3_20260718_bin04_pthat300to500_shard1179_seed1241179	4	300	500	1179	1241179	2	8	exact_metadata_matched
background	qcd_hardqcd	qcd_hardqcd_importance_adaptive1500k_phys_wave3_20260718	/store/user/iturkmen/hh4b_delphes/run2_13tev/frozen_v2/bundles/qcd_hardqcd_importance_adaptive1500k_phys_wave3_20260718/qcd_hardqcd_importance_adaptive1500k_phys_wave3_20260718_bin05_pthat500to700_shard1180_seed1251180_bundle.tar.gz	qcd_hardqcd_importance_adaptive1500k_phys_wave3_20260718_bin05_pthat500to700_shard1180_seed1251180_bundle.tar.gz	qcd_hardqcd_importance_adaptive1500k_phys_wave3_20260718_bin05_pthat500to700_shard1180_seed1251180	5	500	700	1180	1251180	2	8	exact_metadata_matched
background	qcd_hardqcd	qcd_hardqcd_importance_adaptive1500k_phys_wave3_20260718	/store/user/iturkmen/hh4b_delphes/run2_13tev/frozen_v2/bundles/qcd_hardqcd_importance_adaptive1500k_phys_wave3_20260718/qcd_hardqcd_importance_adaptive1500k_phys_wave3_20260718_bin06_pthat700to1000_shard1181_seed1261181_bundle.tar.gz	qcd_hardqcd_importance_adaptive1500k_phys_wave3_20260718_bin06_pthat700to1000_shard1181_seed1261181_bundle.tar.gz	qcd_hardqcd_importance_adaptive1500k_phys_wave3_20260718_bin06_pthat700to1000_shard1181_seed1261181	6	700	1000	1181	1261181	2	8	exact_metadata_matched
background	qcd_hardqcd	qcd_hardqcd_importance_adaptive1500k_phys_wave3_20260718	/store/user/iturkmen/hh4b_delphes/run2_13tev/frozen_v2/bundles/qcd_hardqcd_importance_adaptive1500k_phys_wave3_20260718/qcd_hardqcd_importance_adaptive1500k_phys_wave3_20260718_bin07_pthat1000toInf_shard1182_seed1271182_bundle.tar.gz	qcd_hardqcd_importance_adaptive1500k_phys_wave3_20260718_bin07_pthat1000toInf_shard1182_seed1271182_bundle.tar.gz	qcd_hardqcd_importance_adaptive1500k_phys_wave3_20260718_bin07_pthat1000toInf_shard1182_seed1271182	7	1000	Inf	1182	1271182	2	8	exact_metadata_matched
background	qcd_hardqcd	qcd_hardqcd_importance_adaptive500k_phys_20260717_0022	/store/user/iturkmen/hh4b_delphes/run2_13tev/frozen_v2/bundles/qcd_hardqcd_importance_adaptive500k_phys_20260717_0022/qcd_hardqcd_importance_adaptive500k_phys_20260717_0022_bin00_pthat50to75_shard1819_seed1201819_bundle.tar.gz	qcd_hardqcd_importance_adaptive500k_phys_20260717_0022_bin00_pthat50to75_shard1819_seed1201819_bundle.tar.gz	qcd_hardqcd_importance_adaptive500k_phys_20260717_0022_bin00_pthat50to75_shard1819_seed1201819	0	50	75	1819	1201819	11	39	exact_metadata_matched
background	qcd_hardqcd	qcd_hardqcd_importance_adaptive500k_phys_20260717_0022	/store/user/iturkmen/hh4b_delphes/run2_13tev/frozen_v2/bundles/qcd_hardqcd_importance_adaptive500k_phys_20260717_0022/qcd_hardqcd_importance_adaptive500k_phys_20260717_0022_bin00_pthat50to75_shard1820_seed1201820_bundle.tar.gz	qcd_hardqcd_importance_adaptive500k_phys_20260717_0022_bin00_pthat50to75_shard1820_seed1201820_bundle.tar.gz	qcd_hardqcd_importance_adaptive500k_phys_20260717_0022_bin00_pthat50to75_shard1820_seed1201820	0	50	75	1820	1201820	3	14	exact_metadata_matched
background	qcd_hardqcd	qcd_hardqcd_importance_adaptive500k_phys_20260717_0022	/store/user/iturkmen/hh4b_delphes/run2_13tev/frozen_v2/bundles/qcd_hardqcd_importance_adaptive500k_phys_20260717_0022/qcd_hardqcd_importance_adaptive500k_phys_20260717_0022_bin00_pthat50to75_shard1821_seed1201821_bundle.tar.gz	qcd_hardqcd_importance_adaptive500k_phys_20260717_0022_bin00_pthat50to75_shard1821_seed1201821_bundle.tar.gz	qcd_hardqcd_importance_adaptive500k_phys_20260717_0022_bin00_pthat50to75_shard1821_seed1201821	0	50	75	1821	1201821	3	14	exact_metadata_matched
background	qcd_hardqcd	qcd_hardqcd_importance_adaptive500k_phys_20260717_0022	/store/user/iturkmen/hh4b_delphes/run2_13tev/frozen_v2/bundles/qcd_hardqcd_importance_adaptive500k_phys_20260717_0022/qcd_hardqcd_importance_adaptive500k_phys_20260717_0022_bin00_pthat50to75_shard1822_seed1201822_bundle.tar.gz	qcd_hardqcd_importance_adaptive500k_phys_20260717_0022_bin00_pthat50to75_shard1822_seed1201822_bundle.tar.gz	qcd_hardqcd_importance_adaptive500k_phys_20260717_0022_bin00_pthat50to75_shard1822_seed1201822	0	50	75	1822	1201822	3	14	exact_metadata_matched
background	qcd_hardqcd	qcd_hardqcd_importance_adaptive500k_phys_20260717_0022	/store/user/iturkmen/hh4b_delphes/run2_13tev/frozen_v2/bundles/qcd_hardqcd_importance_adaptive500k_phys_20260717_0022/qcd_hardqcd_importance_adaptive500k_phys_20260717_0022_bin00_pthat50to75_shard1823_seed1201823_bundle.tar.gz	qcd_hardqcd_importance_adaptive500k_phys_20260717_0022_bin00_pthat50to75_shard1823_seed1201823_bundle.tar.gz	qcd_hardqcd_importance_adaptive500k_phys_20260717_0022_bin00_pthat50to75_shard1823_seed1201823	0	50	75	1823	1201823	3	14	exact_metadata_matched
background	qcd_hardqcd	qcd_hardqcd_importance_adaptive500k_phys_20260717_0022	/store/user/iturkmen/hh4b_delphes/run2_13tev/frozen_v2/bundles/qcd_hardqcd_importance_adaptive500k_phys_20260717_0022/qcd_hardqcd_importance_adaptive500k_phys_20260717_0022_bin00_pthat50to75_shard1824_seed1201824_bundle.tar.gz	qcd_hardqcd_importance_adaptive500k_phys_20260717_0022_bin00_pthat50to75_shard1824_seed1201824_bundle.tar.gz	qcd_hardqcd_importance_adaptive500k_phys_20260717_0022_bin00_pthat50to75_shard1824_seed1201824	0	50	75	1824	1201824	3	14	exact_metadata_matched
background	qcd_hardqcd	qcd_hardqcd_importance_adaptive500k_phys_20260717_0022	/store/user/iturkmen/hh4b_delphes/run2_13tev/frozen_v2/bundles/qcd_hardqcd_importance_adaptive500k_phys_20260717_0022/qcd_hardqcd_importance_adaptive500k_phys_20260717_0022_bin00_pthat50to75_shard1825_seed1201825_bundle.tar.gz	qcd_hardqcd_importance_adaptive500k_phys_20260717_0022_bin00_pthat50to75_shard1825_seed1201825_bundle.tar.gz	qcd_hardqcd_importance_adaptive500k_phys_20260717_0022_bin00_pthat50to75_shard1825_seed1201825	0	50	75	1825	1201825	3	14	exact_metadata_matched
background	qcd_hardqcd	qcd_hardqcd_importance_adaptive500k_phys_20260717_0022	/store/user/iturkmen/hh4b_delphes/run2_13tev/frozen_v2/bundles/qcd_hardqcd_importance_adaptive500k_phys_20260717_0022/qcd_hardqcd_importance_adaptive500k_phys_20260717_0022_bin00_pthat50to75_shard1826_seed1201826_bundle.tar.gz	qcd_hardqcd_importance_adaptive500k_phys_20260717_0022_bin00_pthat50to75_shard1826_seed1201826_bundle.tar.gz	qcd_hardqcd_importance_adaptive500k_phys_20260717_0022_bin00_pthat50to75_shard1826_seed1201826	0	50	75	1826	1201826	3	14	exact_metadata_matched
background	qcd_hardqcd	qcd_hardqcd_importance_adaptive500k_phys_20260717_0022	/store/user/iturkmen/hh4b_delphes/run2_13tev/frozen_v2/bundles/qcd_hardqcd_importance_adaptive500k_phys_20260717_0022/qcd_hardqcd_importance_adaptive500k_phys_20260717_0022_bin00_pthat50to75_shard1827_seed1201827_bundle.tar.gz	qcd_hardqcd_importance_adaptive500k_phys_20260717_0022_bin00_pthat50to75_shard1827_seed1201827_bundle.tar.gz	qcd_hardqcd_importance_adaptive500k_phys_20260717_0022_bin00_pthat50to75_shard1827_seed1201827	0	50	75	1827	1201827	3	14	exact_metadata_matched
background	qcd_hardqcd	qcd_hardqcd_importance_adaptive500k_phys_20260717_0022	/store/user/iturkmen/hh4b_delphes/run2_13tev/frozen_v2/bundles/qcd_hardqcd_importance_adaptive500k_phys_20260717_0022/qcd_hardqcd_importance_adaptive500k_phys_20260717_0022_bin00_pthat50to75_shard1828_seed1201828_bundle.tar.gz	qcd_hardqcd_importance_adaptive500k_phys_20260717_0022_bin00_pthat50to75_shard1828_seed1201828_bundle.tar.gz	qcd_hardqcd_importance_adaptive500k_phys_20260717_0022_bin00_pthat50to75_shard1828_seed1201828	0	50	75	1828	1201828	3	14	exact_metadata_matched
background	qcd_hardqcd	qcd_hardqcd_importance_adaptive500k_phys_20260717_0022	/store/user/iturkmen/hh4b_delphes/run2_13tev/frozen_v2/bundles/qcd_hardqcd_importance_adaptive500k_phys_20260717_0022/qcd_hardqcd_importance_adaptive500k_phys_20260717_0022_bin00_pthat50to75_shard1829_seed1201829_bundle.tar.gz	qcd_hardqcd_importance_adaptive500k_phys_20260717_0022_bin00_pthat50to75_shard1829_seed1201829_bundle.tar.gz	qcd_hardqcd_importance_adaptive500k_phys_20260717_0022_bin00_pthat50to75_shard1829_seed1201829	0	50	75	1829	1201829	3	14	exact_metadata_matched
background	qcd_hardqcd	qcd_hardqcd_importance_adaptive500k_phys_20260717_0022	/store/user/iturkmen/hh4b_delphes/run2_13tev/frozen_v2/bundles/qcd_hardqcd_importance_adaptive500k_phys_20260717_0022/qcd_hardqcd_importance_adaptive500k_phys_20260717_0022_bin00_pthat50to75_shard1830_seed1201830_bundle.tar.gz	qcd_hardqcd_importance_adaptive500k_phys_20260717_0022_bin00_pthat50to75_shard1830_seed1201830_bundle.tar.gz	qcd_hardqcd_importance_adaptive500k_phys_20260717_0022_bin00_pthat50to75_shard1830_seed1201830	0	50	75	1830	1201830	3	14	exact_metadata_matched
background	qcd_hardqcd	qcd_hardqcd_importance_adaptive500k_phys_20260717_0022	/store/user/iturkmen/hh4b_delphes/run2_13tev/frozen_v2/bundles/qcd_hardqcd_importance_adaptive500k_phys_20260717_0022/qcd_hardqcd_importance_adaptive500k_phys_20260717_0022_bin00_pthat50to75_shard1831_seed1201831_bundle.tar.gz	qcd_hardqcd_importance_adaptive500k_phys_20260717_0022_bin00_pthat50to75_shard1831_seed1201831_bundle.tar.gz	qcd_hardqcd_importance_adaptive500k_phys_20260717_0022_bin00_pthat50to75_shard1831_seed1201831	0	50	75	1831	1201831	3	14	exact_metadata_matched
background	qcd_hardqcd	qcd_hardqcd_importance_adaptive500k_phys_20260717_0022	/store/user/iturkmen/hh4b_delphes/run2_13tev/frozen_v2/bundles/qcd_hardqcd_importance_adaptive500k_phys_20260717_0022/qcd_hardqcd_importance_adaptive500k_phys_20260717_0022_bin00_pthat50to75_shard1832_seed1201832_bundle.tar.gz	qcd_hardqcd_importance_adaptive500k_phys_20260717_0022_bin00_pthat50to75_shard1832_seed1201832_bundle.tar.gz	qcd_hardqcd_importance_adaptive500k_phys_20260717_0022_bin00_pthat50to75_shard1832_seed1201832	0	50	75	1832	1201832	3	14	exact_metadata_matched
background	qcd_hardqcd	qcd_hardqcd_importance_adaptive500k_phys_20260717_0022	/store/user/iturkmen/hh4b_delphes/run2_13tev/frozen_v2/bundles/qcd_hardqcd_importance_adaptive500k_phys_20260717_0022/qcd_hardqcd_importance_adaptive500k_phys_20260717_0022_bin00_pthat50to75_shard1833_seed1201833_bundle.tar.gz	qcd_hardqcd_importance_adaptive500k_phys_20260717_0022_bin00_pthat50to75_shard1833_seed1201833_bundle.tar.gz	qcd_hardqcd_importance_adaptive500k_phys_20260717_0022_bin00_pthat50to75_shard1833_seed1201833	0	50	75	1833	1201833	3	14	exact_metadata_matched
background	qcd_hardqcd	qcd_hardqcd_importance_adaptive500k_phys_20260717_0022	/store/user/iturkmen/hh4b_delphes/run2_13tev/frozen_v2/bundles/qcd_hardqcd_importance_adaptive500k_phys_20260717_0022/qcd_hardqcd_importance_adaptive500k_phys_20260717_0022_bin00_pthat50to75_shard1834_seed1201834_bundle.tar.gz	qcd_hardqcd_importance_adaptive500k_phys_20260717_0022_bin00_pthat50to75_shard1834_seed1201834_bundle.tar.gz	qcd_hardqcd_importance_adaptive500k_phys_20260717_0022_bin00_pthat50to75_shard1834_seed1201834	0	50	75	1834	1201834	3	14	exact_metadata_matched
background	qcd_hardqcd	qcd_hardqcd_importance_adaptive500k_phys_20260717_0022	/store/user/iturkmen/hh4b_delphes/run2_13tev/frozen_v2/bundles/qcd_hardqcd_importance_adaptive500k_phys_20260717_0022/qcd_hardqcd_importance_adaptive500k_phys_20260717_0022_bin00_pthat50to75_shard1835_seed1201835_bundle.tar.gz	qcd_hardqcd_importance_adaptive500k_phys_20260717_0022_bin00_pthat50to75_shard1835_seed1201835_bundle.tar.gz	qcd_hardqcd_importance_adaptive500k_phys_20260717_0022_bin00_pthat50to75_shard1835_seed1201835	0	50	75	1835	1201835	3	14	exact_metadata_matched
background	qcd_hardqcd	qcd_hardqcd_importance_adaptive500k_phys_20260717_0022	/store/user/iturkmen/hh4b_delphes/run2_13tev/frozen_v2/bundles/qcd_hardqcd_importance_adaptive500k_phys_20260717_0022/qcd_hardqcd_importance_adaptive500k_phys_20260717_0022_bin00_pthat50to75_shard1836_seed1201836_bundle.tar.gz	qcd_hardqcd_importance_adaptive500k_phys_20260717_0022_bin00_pthat50to75_shard1836_seed1201836_bundle.tar.gz	qcd_hardqcd_importance_adaptive500k_phys_20260717_0022_bin00_pthat50to75_shard1836_seed1201836	0	50	75	1836	1201836	3	14	exact_metadata_matched
background	qcd_hardqcd	qcd_hardqcd_importance_adaptive500k_phys_20260717_0022	/store/user/iturkmen/hh4b_delphes/run2_13tev/frozen_v2/bundles/qcd_hardqcd_importance_adaptive500k_phys_20260717_0022/qcd_hardqcd_importance_adaptive500k_phys_20260717_0022_bin00_pthat50to75_shard1837_seed1201837_bundle.tar.gz	qcd_hardqcd_importance_adaptive500k_phys_20260717_0022_bin00_pthat50to75_shard1837_seed1201837_bundle.tar.gz	qcd_hardqcd_importance_adaptive500k_phys_20260717_0022_bin00_pthat50to75_shard1837_seed1201837	0	50	75	1837	1201837	3	14	exact_metadata_matched
background	qcd_hardqcd	qcd_hardqcd_importance_adaptive500k_phys_20260717_0022	/store/user/iturkmen/hh4b_delphes/run2_13tev/frozen_v2/bundles/qcd_hardqcd_importance_adaptive500k_phys_20260717_0022/qcd_hardqcd_importance_adaptive500k_phys_20260717_0022_bin00_pthat50to75_shard1838_seed1201838_bundle.tar.gz	qcd_hardqcd_importance_adaptive500k_phys_20260717_0022_bin00_pthat50to75_shard1838_seed1201838_bundle.tar.gz	qcd_hardqcd_importance_adaptive500k_phys_20260717_0022_bin00_pthat50to75_shard1838_seed1201838	0	50	75	1838	1201838	3	14	exact_metadata_matched
background	qcd_hardqcd	qcd_hardqcd_importance_adaptive500k_phys_20260717_0022	/store/user/iturkmen/hh4b_delphes/run2_13tev/frozen_v2/bundles/qcd_hardqcd_importance_adaptive500k_phys_20260717_0022/qcd_hardqcd_importance_adaptive500k_phys_20260717_0022_bin00_pthat50to75_shard1839_seed1201839_bundle.tar.gz	qcd_hardqcd_importance_adaptive500k_phys_20260717_0022_bin00_pthat50to75_shard1839_seed1201839_bundle.tar.gz	qcd_hardqcd_importance_adaptive500k_phys_20260717_0022_bin00_pthat50to75_shard1839_seed1201839	0	50	75	1839	1201839	3	14	exact_metadata_matched
background	qcd_hardqcd	qcd_hardqcd_importance_adaptive500k_phys_20260717_0022	/store/user/iturkmen/hh4b_delphes/run2_13tev/frozen_v2/bundles/qcd_hardqcd_importance_adaptive500k_phys_20260717_0022/qcd_hardqcd_importance_adaptive500k_phys_20260717_0022_bin00_pthat50to75_shard1840_seed1201840_bundle.tar.gz	qcd_hardqcd_importance_adaptive500k_phys_20260717_0022_bin00_pthat50to75_shard1840_seed1201840_bundle.tar.gz	qcd_hardqcd_importance_adaptive500k_phys_20260717_0022_bin00_pthat50to75_shard1840_seed1201840	0	50	75	1840	1201840	3	14	exact_metadata_matched
background	qcd_hardqcd	qcd_hardqcd_importance_adaptive500k_phys_20260717_0022	/store/user/iturkmen/hh4b_delphes/run2_13tev/frozen_v2/bundles/qcd_hardqcd_importance_adaptive500k_phys_20260717_0022/qcd_hardqcd_importance_adaptive500k_phys_20260717_0022_bin00_pthat50to75_shard1841_seed1201841_bundle.tar.gz	qcd_hardqcd_importance_adaptive500k_phys_20260717_0022_bin00_pthat50to75_shard1841_seed1201841_bundle.tar.gz	qcd_hardqcd_importance_adaptive500k_phys_20260717_0022_bin00_pthat50to75_shard1841_seed1201841	0	50	75	1841	1201841	3	14	exact_metadata_matched
background	qcd_hardqcd	qcd_hardqcd_importance_adaptive500k_phys_20260717_0022	/store/user/iturkmen/hh4b_delphes/run2_13tev/frozen_v2/bundles/qcd_hardqcd_importance_adaptive500k_phys_20260717_0022/qcd_hardqcd_importance_adaptive500k_phys_20260717_0022_bin00_pthat50to75_shard1842_seed1201842_bundle.tar.gz	qcd_hardqcd_importance_adaptive500k_phys_20260717_0022_bin00_pthat50to75_shard1842_seed1201842_bundle.tar.gz	qcd_hardqcd_importance_adaptive500k_phys_20260717_0022_bin00_pthat50to75_shard1842_seed1201842	0	50	75	1842	1201842	3	14	exact_metadata_matched
background	qcd_hardqcd	qcd_hardqcd_importance_adaptive500k_phys_20260717_0022	/store/user/iturkmen/hh4b_delphes/run2_13tev/frozen_v2/bundles/qcd_hardqcd_importance_adaptive500k_phys_20260717_0022/qcd_hardqcd_importance_adaptive500k_phys_20260717_0022_bin00_pthat50to75_shard1843_seed1201843_bundle.tar.gz	qcd_hardqcd_importance_adaptive500k_phys_20260717_0022_bin00_pthat50to75_shard1843_seed1201843_bundle.tar.gz	qcd_hardqcd_importance_adaptive500k_phys_20260717_0022_bin00_pthat50to75_shard1843_seed1201843	0	50	75	1843	1201843	3	14	exact_metadata_matched
background	qcd_hardqcd	qcd_hardqcd_importance_adaptive500k_phys_20260717_0022	/store/user/iturkmen/hh4b_delphes/run2_13tev/frozen_v2/bundles/qcd_hardqcd_importance_adaptive500k_phys_20260717_0022/qcd_hardqcd_importance_adaptive500k_phys_20260717_0022_bin00_pthat50to75_shard1844_seed1201844_bundle.tar.gz	qcd_hardqcd_importance_adaptive500k_phys_20260717_0022_bin00_pthat50to75_shard1844_seed1201844_bundle.tar.gz	qcd_hardqcd_importance_adaptive500k_phys_20260717_0022_bin00_pthat50to75_shard1844_seed1201844	0	50	75	1844	1201844	3	14	exact_metadata_matched
background	qcd_hardqcd	qcd_hardqcd_importance_adaptive500k_phys_20260717_0022	/store/user/iturkmen/hh4b_delphes/run2_13tev/frozen_v2/bundles/qcd_hardqcd_importance_adaptive500k_phys_20260717_0022/qcd_hardqcd_importance_adaptive500k_phys_20260717_0022_bin00_pthat50to75_shard1845_seed1201845_bundle.tar.gz	qcd_hardqcd_importance_adaptive500k_phys_20260717_0022_bin00_pthat50to75_shard1845_seed1201845_bundle.tar.gz	qcd_hardqcd_importance_adaptive500k_phys_20260717_0022_bin00_pthat50to75_shard1845_seed1201845	0	50	75	1845	1201845	3	14	exact_metadata_matched
background	qcd_hardqcd	qcd_hardqcd_importance_adaptive500k_phys_20260717_0022	/store/user/iturkmen/hh4b_delphes/run2_13tev/frozen_v2/bundles/qcd_hardqcd_importance_adaptive500k_phys_20260717_0022/qcd_hardqcd_importance_adaptive500k_phys_20260717_0022_bin00_pthat50to75_shard1846_seed1201846_bundle.tar.gz	qcd_hardqcd_importance_adaptive500k_phys_20260717_0022_bin00_pthat50to75_shard1846_seed1201846_bundle.tar.gz	qcd_hardqcd_importance_adaptive500k_phys_20260717_0022_bin00_pthat50to75_shard1846_seed1201846	0	50	75	1846	1201846	3	14	exact_metadata_matched
background	qcd_hardqcd	qcd_hardqcd_importance_adaptive500k_phys_20260717_0022	/store/user/iturkmen/hh4b_delphes/run2_13tev/frozen_v2/bundles/qcd_hardqcd_importance_adaptive500k_phys_20260717_0022/qcd_hardqcd_importance_adaptive500k_phys_20260717_0022_bin00_pthat50to75_shard1847_seed1201847_bundle.tar.gz	qcd_hardqcd_importance_adaptive500k_phys_20260717_0022_bin00_pthat50to75_shard1847_seed1201847_bundle.tar.gz	qcd_hardqcd_importance_adaptive500k_phys_20260717_0022_bin00_pthat50to75_shard1847_seed1201847	0	50	75	1847	1201847	3	14	exact_metadata_matched
background	qcd_hardqcd	qcd_hardqcd_importance_adaptive500k_phys_20260717_0022	/store/user/iturkmen/hh4b_delphes/run2_13tev/frozen_v2/bundles/qcd_hardqcd_importance_adaptive500k_phys_20260717_0022/qcd_hardqcd_importance_adaptive500k_phys_20260717_0022_bin00_pthat50to75_shard1848_seed1201848_bundle.tar.gz	qcd_hardqcd_importance_adaptive500k_phys_20260717_0022_bin00_pthat50to75_shard1848_seed1201848_bundle.tar.gz	qcd_hardqcd_importance_adaptive500k_phys_20260717_0022_bin00_pthat50to75_shard1848_seed1201848	0	50	75	1848	1201848	3	14	exact_metadata_matched
background	qcd_hardqcd	qcd_hardqcd_importance_adaptive500k_phys_20260717_0022	/store/user/iturkmen/hh4b_delphes/run2_13tev/frozen_v2/bundles/qcd_hardqcd_importance_adaptive500k_phys_20260717_0022/qcd_hardqcd_importance_adaptive500k_phys_20260717_0022_bin00_pthat50to75_shard1849_seed1201849_bundle.tar.gz	qcd_hardqcd_importance_adaptive500k_phys_20260717_0022_bin00_pthat50to75_shard1849_seed1201849_bundle.tar.gz	qcd_hardqcd_importance_adaptive500k_phys_20260717_0022_bin00_pthat50to75_shard1849_seed1201849	0	50	75	1849	1201849	3	14	exact_metadata_matched
background	qcd_hardqcd	qcd_hardqcd_importance_adaptive500k_phys_20260717_0022	/store/user/iturkmen/hh4b_delphes/run2_13tev/frozen_v2/bundles/qcd_hardqcd_importance_adaptive500k_phys_20260717_0022/qcd_hardqcd_importance_adaptive500k_phys_20260717_0022_bin01_pthat75to100_shard1850_seed1211850_bundle.tar.gz	qcd_hardqcd_importance_adaptive500k_phys_20260717_0022_bin01_pthat75to100_shard1850_seed1211850_bundle.tar.gz	qcd_hardqcd_importance_adaptive500k_phys_20260717_0022_bin01_pthat75to100_shard1850_seed1211850	1	75	100	1850	1211850	3	14	exact_metadata_matched
background	qcd_hardqcd	qcd_hardqcd_importance_adaptive500k_phys_20260717_0022	/store/user/iturkmen/hh4b_delphes/run2_13tev/frozen_v2/bundles/qcd_hardqcd_importance_adaptive500k_phys_20260717_0022/qcd_hardqcd_importance_adaptive500k_phys_20260717_0022_bin01_pthat75to100_shard1851_seed1211851_bundle.tar.gz	qcd_hardqcd_importance_adaptive500k_phys_20260717_0022_bin01_pthat75to100_shard1851_seed1211851_bundle.tar.gz	qcd_hardqcd_importance_adaptive500k_phys_20260717_0022_bin01_pthat75to100_shard1851_seed1211851	1	75	100	1851	1211851	3	14	exact_metadata_matched
background	qcd_hardqcd	qcd_hardqcd_importance_adaptive500k_phys_20260717_0022	/store/user/iturkmen/hh4b_delphes/run2_13tev/frozen_v2/bundles/qcd_hardqcd_importance_adaptive500k_phys_20260717_0022/qcd_hardqcd_importance_adaptive500k_phys_20260717_0022_bin01_pthat75to100_shard1852_seed1211852_bundle.tar.gz	qcd_hardqcd_importance_adaptive500k_phys_20260717_0022_bin01_pthat75to100_shard1852_seed1211852_bundle.tar.gz	qcd_hardqcd_importance_adaptive500k_phys_20260717_0022_bin01_pthat75to100_shard1852_seed1211852	1	75	100	1852	1211852	3	14	exact_metadata_matched
background	qcd_hardqcd	qcd_hardqcd_importance_adaptive500k_phys_20260717_0022	/store/user/iturkmen/hh4b_delphes/run2_13tev/frozen_v2/bundles/qcd_hardqcd_importance_adaptive500k_phys_20260717_0022/qcd_hardqcd_importance_adaptive500k_phys_20260717_0022_bin01_pthat75to100_shard1853_seed1211853_bundle.tar.gz	qcd_hardqcd_importance_adaptive500k_phys_20260717_0022_bin01_pthat75to100_shard1853_seed1211853_bundle.tar.gz	qcd_hardqcd_importance_adaptive500k_phys_20260717_0022_bin01_pthat75to100_shard1853_seed1211853	1	75	100	1853	1211853	3	14	exact_metadata_matched
background	qcd_hardqcd	qcd_hardqcd_importance_adaptive500k_phys_20260717_0022	/store/user/iturkmen/hh4b_delphes/run2_13tev/frozen_v2/bundles/qcd_hardqcd_importance_adaptive500k_phys_20260717_0022/qcd_hardqcd_importance_adaptive500k_phys_20260717_0022_bin01_pthat75to100_shard1854_seed1211854_bundle.tar.gz	qcd_hardqcd_importance_adaptive500k_phys_20260717_0022_bin01_pthat75to100_shard1854_seed1211854_bundle.tar.gz	qcd_hardqcd_importance_adaptive500k_phys_20260717_0022_bin01_pthat75to100_shard1854_seed1211854	1	75	100	1854	1211854	3	14	exact_metadata_matched
background	qcd_hardqcd	qcd_hardqcd_importance_adaptive500k_phys_20260717_0022	/store/user/iturkmen/hh4b_delphes/run2_13tev/frozen_v2/bundles/qcd_hardqcd_importance_adaptive500k_phys_20260717_0022/qcd_hardqcd_importance_adaptive500k_phys_20260717_0022_bin01_pthat75to100_shard1855_seed1211855_bundle.tar.gz	qcd_hardqcd_importance_adaptive500k_phys_20260717_0022_bin01_pthat75to100_shard1855_seed1211855_bundle.tar.gz	qcd_hardqcd_importance_adaptive500k_phys_20260717_0022_bin01_pthat75to100_shard1855_seed1211855	1	75	100	1855	1211855	3	14	exact_metadata_matched
background	qcd_hardqcd	qcd_hardqcd_importance_adaptive500k_phys_20260717_0022	/store/user/iturkmen/hh4b_delphes/run2_13tev/frozen_v2/bundles/qcd_hardqcd_importance_adaptive500k_phys_20260717_0022/qcd_hardqcd_importance_adaptive500k_phys_20260717_0022_bin01_pthat75to100_shard1856_seed1211856_bundle.tar.gz	qcd_hardqcd_importance_adaptive500k_phys_20260717_0022_bin01_pthat75to100_shard1856_seed1211856_bundle.tar.gz	qcd_hardqcd_importance_adaptive500k_phys_20260717_0022_bin01_pthat75to100_shard1856_seed1211856	1	75	100	1856	1211856	3	14	exact_metadata_matched
background	qcd_hardqcd	qcd_hardqcd_importance_adaptive500k_phys_20260717_0022	/store/user/iturkmen/hh4b_delphes/run2_13tev/frozen_v2/bundles/qcd_hardqcd_importance_adaptive500k_phys_20260717_0022/qcd_hardqcd_importance_adaptive500k_phys_20260717_0022_bin01_pthat75to100_shard1857_seed1211857_bundle.tar.gz	qcd_hardqcd_importance_adaptive500k_phys_20260717_0022_bin01_pthat75to100_shard1857_seed1211857_bundle.tar.gz	qcd_hardqcd_importance_adaptive500k_phys_20260717_0022_bin01_pthat75to100_shard1857_seed1211857	1	75	100	1857	1211857	3	14	exact_metadata_matched
background	qcd_hardqcd	qcd_hardqcd_importance_adaptive500k_phys_20260717_0022	/store/user/iturkmen/hh4b_delphes/run2_13tev/frozen_v2/bundles/qcd_hardqcd_importance_adaptive500k_phys_20260717_0022/qcd_hardqcd_importance_adaptive500k_phys_20260717_0022_bin02_pthat100to200_shard1858_seed1221858_bundle.tar.gz	qcd_hardqcd_importance_adaptive500k_phys_20260717_0022_bin02_pthat100to200_shard1858_seed1221858_bundle.tar.gz	qcd_hardqcd_importance_adaptive500k_phys_20260717_0022_bin02_pthat100to200_shard1858_seed1221858	2	100	200	1858	1221858	3	14	exact_metadata_matched
background	qcd_hardqcd	qcd_hardqcd_importance_adaptive500k_phys_20260717_0022	/store/user/iturkmen/hh4b_delphes/run2_13tev/frozen_v2/bundles/qcd_hardqcd_importance_adaptive500k_phys_20260717_0022/qcd_hardqcd_importance_adaptive500k_phys_20260717_0022_bin02_pthat100to200_shard1859_seed1221859_bundle.tar.gz	qcd_hardqcd_importance_adaptive500k_phys_20260717_0022_bin02_pthat100to200_shard1859_seed1221859_bundle.tar.gz	qcd_hardqcd_importance_adaptive500k_phys_20260717_0022_bin02_pthat100to200_shard1859_seed1221859	2	100	200	1859	1221859	4	16	exact_metadata_matched
background	qcd_hardqcd	qcd_hardqcd_importance_adaptive500k_phys_20260717_0022	/store/user/iturkmen/hh4b_delphes/run2_13tev/frozen_v2/bundles/qcd_hardqcd_importance_adaptive500k_phys_20260717_0022/qcd_hardqcd_importance_adaptive500k_phys_20260717_0022_bin02_pthat100to200_shard1860_seed1221860_bundle.tar.gz	qcd_hardqcd_importance_adaptive500k_phys_20260717_0022_bin02_pthat100to200_shard1860_seed1221860_bundle.tar.gz	qcd_hardqcd_importance_adaptive500k_phys_20260717_0022_bin02_pthat100to200_shard1860_seed1221860	2	100	200	1860	1221860	3	14	exact_metadata_matched
background	qcd_hardqcd	qcd_hardqcd_importance_adaptive500k_phys_20260717_0022	/store/user/iturkmen/hh4b_delphes/run2_13tev/frozen_v2/bundles/qcd_hardqcd_importance_adaptive500k_phys_20260717_0022/qcd_hardqcd_importance_adaptive500k_phys_20260717_0022_bin02_pthat100to200_shard1861_seed1221861_bundle.tar.gz	qcd_hardqcd_importance_adaptive500k_phys_20260717_0022_bin02_pthat100to200_shard1861_seed1221861_bundle.tar.gz	qcd_hardqcd_importance_adaptive500k_phys_20260717_0022_bin02_pthat100to200_shard1861_seed1221861	2	100	200	1861	1221861	3	14	exact_metadata_matched
background	qcd_hardqcd	qcd_hardqcd_importance_adaptive500k_phys_20260717_0022	/store/user/iturkmen/hh4b_delphes/run2_13tev/frozen_v2/bundles/qcd_hardqcd_importance_adaptive500k_phys_20260717_0022/qcd_hardqcd_importance_adaptive500k_phys_20260717_0022_bin02_pthat100to200_shard1862_seed1221862_bundle.tar.gz	qcd_hardqcd_importance_adaptive500k_phys_20260717_0022_bin02_pthat100to200_shard1862_seed1221862_bundle.tar.gz	qcd_hardqcd_importance_adaptive500k_phys_20260717_0022_bin02_pthat100to200_shard1862_seed1221862	2	100	200	1862	1221862	3	14	exact_metadata_matched
background	qcd_hardqcd	qcd_hardqcd_importance_adaptive500k_phys_20260717_0022	/store/user/iturkmen/hh4b_delphes/run2_13tev/frozen_v2/bundles/qcd_hardqcd_importance_adaptive500k_phys_20260717_0022/qcd_hardqcd_importance_adaptive500k_phys_20260717_0022_bin03_pthat200to300_shard1863_seed1231863_bundle.tar.gz	qcd_hardqcd_importance_adaptive500k_phys_20260717_0022_bin03_pthat200to300_shard1863_seed1231863_bundle.tar.gz	qcd_hardqcd_importance_adaptive500k_phys_20260717_0022_bin03_pthat200to300_shard1863_seed1231863	3	200	300	1863	1231863	3	14	exact_metadata_matched
background	qcd_hardqcd	qcd_hardqcd_importance_adaptive500k_phys_20260717_0022	/store/user/iturkmen/hh4b_delphes/run2_13tev/frozen_v2/bundles/qcd_hardqcd_importance_adaptive500k_phys_20260717_0022/qcd_hardqcd_importance_adaptive500k_phys_20260717_0022_bin03_pthat200to300_shard1864_seed1231864_bundle.tar.gz	qcd_hardqcd_importance_adaptive500k_phys_20260717_0022_bin03_pthat200to300_shard1864_seed1231864_bundle.tar.gz	qcd_hardqcd_importance_adaptive500k_phys_20260717_0022_bin03_pthat200to300_shard1864_seed1231864	3	200	300	1864	1231864	3	14	exact_metadata_matched
background	qcd_hardqcd	qcd_hardqcd_importance_adaptive500k_phys_20260717_0022	/store/user/iturkmen/hh4b_delphes/run2_13tev/frozen_v2/bundles/qcd_hardqcd_importance_adaptive500k_phys_20260717_0022/qcd_hardqcd_importance_adaptive500k_phys_20260717_0022_bin04_pthat300to500_shard1865_seed1241865_bundle.tar.gz	qcd_hardqcd_importance_adaptive500k_phys_20260717_0022_bin04_pthat300to500_shard1865_seed1241865_bundle.tar.gz	qcd_hardqcd_importance_adaptive500k_phys_20260717_0022_bin04_pthat300to500_shard1865_seed1241865	4	300	500	1865	1241865	3	14	exact_metadata_matched
background	qcd_hardqcd	qcd_hardqcd_importance_adaptive500k_phys_20260717_0022	/store/user/iturkmen/hh4b_delphes/run2_13tev/frozen_v2/bundles/qcd_hardqcd_importance_adaptive500k_phys_20260717_0022/qcd_hardqcd_importance_adaptive500k_phys_20260717_0022_bin04_pthat300to500_shard1866_seed1241866_bundle.tar.gz	qcd_hardqcd_importance_adaptive500k_phys_20260717_0022_bin04_pthat300to500_shard1866_seed1241866_bundle.tar.gz	qcd_hardqcd_importance_adaptive500k_phys_20260717_0022_bin04_pthat300to500_shard1866_seed1241866	4	300	500	1866	1241866	3	14	exact_metadata_matched
background	qcd_hardqcd	qcd_hardqcd_importance_adaptive500k_phys_20260717_0022	/store/user/iturkmen/hh4b_delphes/run2_13tev/frozen_v2/bundles/qcd_hardqcd_importance_adaptive500k_phys_20260717_0022/qcd_hardqcd_importance_adaptive500k_phys_20260717_0022_bin05_pthat500to700_shard1867_seed1251867_bundle.tar.gz	qcd_hardqcd_importance_adaptive500k_phys_20260717_0022_bin05_pthat500to700_shard1867_seed1251867_bundle.tar.gz	qcd_hardqcd_importance_adaptive500k_phys_20260717_0022_bin05_pthat500to700_shard1867_seed1251867	5	500	700	1867	1251867	3	14	exact_metadata_matched
background	qcd_hardqcd	qcd_hardqcd_importance_adaptive500k_phys_20260717_0022	/store/user/iturkmen/hh4b_delphes/run2_13tev/frozen_v2/bundles/qcd_hardqcd_importance_adaptive500k_phys_20260717_0022/qcd_hardqcd_importance_adaptive500k_phys_20260717_0022_bin05_pthat500to700_shard1868_seed1251868_bundle.tar.gz	qcd_hardqcd_importance_adaptive500k_phys_20260717_0022_bin05_pthat500to700_shard1868_seed1251868_bundle.tar.gz	qcd_hardqcd_importance_adaptive500k_phys_20260717_0022_bin05_pthat500to700_shard1868_seed1251868	5	500	700	1868	1251868	3	14	exact_metadata_matched
background	qcd_hardqcd	qcd_hardqcd_importance_adaptive500k_phys_20260717_0022	/store/user/iturkmen/hh4b_delphes/run2_13tev/frozen_v2/bundles/qcd_hardqcd_importance_adaptive500k_phys_20260717_0022/qcd_hardqcd_importance_adaptive500k_phys_20260717_0022_bin06_pthat700to1000_shard1869_seed1261869_bundle.tar.gz	qcd_hardqcd_importance_adaptive500k_phys_20260717_0022_bin06_pthat700to1000_shard1869_seed1261869_bundle.tar.gz	qcd_hardqcd_importance_adaptive500k_phys_20260717_0022_bin06_pthat700to1000_shard1869_seed1261869	6	700	1000	1869	1261869	3	14	exact_metadata_matched
background	qcd_hardqcd	qcd_hardqcd_importance_adaptive500k_phys_20260717_0022	/store/user/iturkmen/hh4b_delphes/run2_13tev/frozen_v2/bundles/qcd_hardqcd_importance_adaptive500k_phys_20260717_0022/qcd_hardqcd_importance_adaptive500k_phys_20260717_0022_bin06_pthat700to1000_shard1870_seed1261870_bundle.tar.gz	qcd_hardqcd_importance_adaptive500k_phys_20260717_0022_bin06_pthat700to1000_shard1870_seed1261870_bundle.tar.gz	qcd_hardqcd_importance_adaptive500k_phys_20260717_0022_bin06_pthat700to1000_shard1870_seed1261870	6	700	1000	1870	1261870	3	14	exact_metadata_matched
background	qcd_hardqcd	qcd_hardqcd_importance_adaptive500k_phys_20260717_0022	/store/user/iturkmen/hh4b_delphes/run2_13tev/frozen_v2/bundles/qcd_hardqcd_importance_adaptive500k_phys_20260717_0022/qcd_hardqcd_importance_adaptive500k_phys_20260717_0022_bin07_pthat1000toInf_shard1871_seed1271871_bundle.tar.gz	qcd_hardqcd_importance_adaptive500k_phys_20260717_0022_bin07_pthat1000toInf_shard1871_seed1271871_bundle.tar.gz	qcd_hardqcd_importance_adaptive500k_phys_20260717_0022_bin07_pthat1000toInf_shard1871_seed1271871	7	1000	Inf	1871	1271871	3	14	exact_metadata_matched
background	qcd_hardqcd	qcd_hardqcd_importance_adaptive500k_phys_20260717_0022	/store/user/iturkmen/hh4b_delphes/run2_13tev/frozen_v2/bundles/qcd_hardqcd_importance_adaptive500k_phys_20260717_0022/qcd_hardqcd_importance_adaptive500k_phys_20260717_0022_bin07_pthat1000toInf_shard1872_seed1271872_bundle.tar.gz	qcd_hardqcd_importance_adaptive500k_phys_20260717_0022_bin07_pthat1000toInf_shard1872_seed1271872_bundle.tar.gz	qcd_hardqcd_importance_adaptive500k_phys_20260717_0022_bin07_pthat1000toInf_shard1872_seed1271872	7	1000	Inf	1872	1271872	3	14	exact_metadata_matched
background	qcd_hardqcd	qcd_hardqcd_importance_adaptive500k_phys_wave2_20260717	/store/user/iturkmen/hh4b_delphes/run2_13tev/frozen_v2/bundles/qcd_hardqcd_importance_adaptive500k_phys_wave2_20260717/qcd_hardqcd_importance_adaptive500k_phys_wave2_20260717_bin00_pthat50to75_shard9773_seed1209773_bundle.tar.gz	qcd_hardqcd_importance_adaptive500k_phys_wave2_20260717_bin00_pthat50to75_shard9773_seed1209773_bundle.tar.gz	qcd_hardqcd_importance_adaptive500k_phys_wave2_20260717_bin00_pthat50to75_shard9773_seed1209773	0	50	75	9773	1209773	10	33	exact_metadata_matched
background	qcd_hardqcd	qcd_hardqcd_importance_adaptive500k_phys_wave2_20260717	/store/user/iturkmen/hh4b_delphes/run2_13tev/frozen_v2/bundles/qcd_hardqcd_importance_adaptive500k_phys_wave2_20260717/qcd_hardqcd_importance_adaptive500k_phys_wave2_20260717_bin00_pthat50to75_shard9774_seed1209774_bundle.tar.gz	qcd_hardqcd_importance_adaptive500k_phys_wave2_20260717_bin00_pthat50to75_shard9774_seed1209774_bundle.tar.gz	qcd_hardqcd_importance_adaptive500k_phys_wave2_20260717_bin00_pthat50to75_shard9774_seed1209774	0	50	75	9774	1209774	2	8	exact_metadata_matched
background	qcd_hardqcd	qcd_hardqcd_importance_adaptive500k_phys_wave2_20260717	/store/user/iturkmen/hh4b_delphes/run2_13tev/frozen_v2/bundles/qcd_hardqcd_importance_adaptive500k_phys_wave2_20260717/qcd_hardqcd_importance_adaptive500k_phys_wave2_20260717_bin00_pthat50to75_shard9775_seed1209775_bundle.tar.gz	qcd_hardqcd_importance_adaptive500k_phys_wave2_20260717_bin00_pthat50to75_shard9775_seed1209775_bundle.tar.gz	qcd_hardqcd_importance_adaptive500k_phys_wave2_20260717_bin00_pthat50to75_shard9775_seed1209775	0	50	75	9775	1209775	2	8	exact_metadata_matched
background	qcd_hardqcd	qcd_hardqcd_importance_adaptive500k_phys_wave2_20260717	/store/user/iturkmen/hh4b_delphes/run2_13tev/frozen_v2/bundles/qcd_hardqcd_importance_adaptive500k_phys_wave2_20260717/qcd_hardqcd_importance_adaptive500k_phys_wave2_20260717_bin00_pthat50to75_shard9776_seed1209776_bundle.tar.gz	qcd_hardqcd_importance_adaptive500k_phys_wave2_20260717_bin00_pthat50to75_shard9776_seed1209776_bundle.tar.gz	qcd_hardqcd_importance_adaptive500k_phys_wave2_20260717_bin00_pthat50to75_shard9776_seed1209776	0	50	75	9776	1209776	2	8	exact_metadata_matched
background	qcd_hardqcd	qcd_hardqcd_importance_adaptive500k_phys_wave2_20260717	/store/user/iturkmen/hh4b_delphes/run2_13tev/frozen_v2/bundles/qcd_hardqcd_importance_adaptive500k_phys_wave2_20260717/qcd_hardqcd_importance_adaptive500k_phys_wave2_20260717_bin00_pthat50to75_shard9777_seed1209777_bundle.tar.gz	qcd_hardqcd_importance_adaptive500k_phys_wave2_20260717_bin00_pthat50to75_shard9777_seed1209777_bundle.tar.gz	qcd_hardqcd_importance_adaptive500k_phys_wave2_20260717_bin00_pthat50to75_shard9777_seed1209777	0	50	75	9777	1209777	2	8	exact_metadata_matched
background	qcd_hardqcd	qcd_hardqcd_importance_adaptive500k_phys_wave2_20260717	/store/user/iturkmen/hh4b_delphes/run2_13tev/frozen_v2/bundles/qcd_hardqcd_importance_adaptive500k_phys_wave2_20260717/qcd_hardqcd_importance_adaptive500k_phys_wave2_20260717_bin00_pthat50to75_shard9778_seed1209778_bundle.tar.gz	qcd_hardqcd_importance_adaptive500k_phys_wave2_20260717_bin00_pthat50to75_shard9778_seed1209778_bundle.tar.gz	qcd_hardqcd_importance_adaptive500k_phys_wave2_20260717_bin00_pthat50to75_shard9778_seed1209778	0	50	75	9778	1209778	3	10	exact_metadata_matched
background	qcd_hardqcd	qcd_hardqcd_importance_adaptive500k_phys_wave2_20260717	/store/user/iturkmen/hh4b_delphes/run2_13tev/frozen_v2/bundles/qcd_hardqcd_importance_adaptive500k_phys_wave2_20260717/qcd_hardqcd_importance_adaptive500k_phys_wave2_20260717_bin00_pthat50to75_shard9779_seed1209779_bundle.tar.gz	qcd_hardqcd_importance_adaptive500k_phys_wave2_20260717_bin00_pthat50to75_shard9779_seed1209779_bundle.tar.gz	qcd_hardqcd_importance_adaptive500k_phys_wave2_20260717_bin00_pthat50to75_shard9779_seed1209779	0	50	75	9779	1209779	2	8	exact_metadata_matched
background	qcd_hardqcd	qcd_hardqcd_importance_adaptive500k_phys_wave2_20260717	/store/user/iturkmen/hh4b_delphes/run2_13tev/frozen_v2/bundles/qcd_hardqcd_importance_adaptive500k_phys_wave2_20260717/qcd_hardqcd_importance_adaptive500k_phys_wave2_20260717_bin00_pthat50to75_shard9780_seed1209780_bundle.tar.gz	qcd_hardqcd_importance_adaptive500k_phys_wave2_20260717_bin00_pthat50to75_shard9780_seed1209780_bundle.tar.gz	qcd_hardqcd_importance_adaptive500k_phys_wave2_20260717_bin00_pthat50to75_shard9780_seed1209780	0	50	75	9780	1209780	2	8	exact_metadata_matched
background	qcd_hardqcd	qcd_hardqcd_importance_adaptive500k_phys_wave2_20260717	/store/user/iturkmen/hh4b_delphes/run2_13tev/frozen_v2/bundles/qcd_hardqcd_importance_adaptive500k_phys_wave2_20260717/qcd_hardqcd_importance_adaptive500k_phys_wave2_20260717_bin00_pthat50to75_shard9781_seed1209781_bundle.tar.gz	qcd_hardqcd_importance_adaptive500k_phys_wave2_20260717_bin00_pthat50to75_shard9781_seed1209781_bundle.tar.gz	qcd_hardqcd_importance_adaptive500k_phys_wave2_20260717_bin00_pthat50to75_shard9781_seed1209781	0	50	75	9781	1209781	2	8	exact_metadata_matched
background	qcd_hardqcd	qcd_hardqcd_importance_adaptive500k_phys_wave2_20260717	/store/user/iturkmen/hh4b_delphes/run2_13tev/frozen_v2/bundles/qcd_hardqcd_importance_adaptive500k_phys_wave2_20260717/qcd_hardqcd_importance_adaptive500k_phys_wave2_20260717_bin00_pthat50to75_shard9782_seed1209782_bundle.tar.gz	qcd_hardqcd_importance_adaptive500k_phys_wave2_20260717_bin00_pthat50to75_shard9782_seed1209782_bundle.tar.gz	qcd_hardqcd_importance_adaptive500k_phys_wave2_20260717_bin00_pthat50to75_shard9782_seed1209782	0	50	75	9782	1209782	2	8	exact_metadata_matched
background	qcd_hardqcd	qcd_hardqcd_importance_adaptive500k_phys_wave2_20260717	/store/user/iturkmen/hh4b_delphes/run2_13tev/frozen_v2/bundles/qcd_hardqcd_importance_adaptive500k_phys_wave2_20260717/qcd_hardqcd_importance_adaptive500k_phys_wave2_20260717_bin00_pthat50to75_shard9783_seed1209783_bundle.tar.gz	qcd_hardqcd_importance_adaptive500k_phys_wave2_20260717_bin00_pthat50to75_shard9783_seed1209783_bundle.tar.gz	qcd_hardqcd_importance_adaptive500k_phys_wave2_20260717_bin00_pthat50to75_shard9783_seed1209783	0	50	75	9783	1209783	2	8	exact_metadata_matched
background	qcd_hardqcd	qcd_hardqcd_importance_adaptive500k_phys_wave2_20260717	/store/user/iturkmen/hh4b_delphes/run2_13tev/frozen_v2/bundles/qcd_hardqcd_importance_adaptive500k_phys_wave2_20260717/qcd_hardqcd_importance_adaptive500k_phys_wave2_20260717_bin00_pthat50to75_shard9784_seed1209784_bundle.tar.gz	qcd_hardqcd_importance_adaptive500k_phys_wave2_20260717_bin00_pthat50to75_shard9784_seed1209784_bundle.tar.gz	qcd_hardqcd_importance_adaptive500k_phys_wave2_20260717_bin00_pthat50to75_shard9784_seed1209784	0	50	75	9784	1209784	2	8	exact_metadata_matched
background	qcd_hardqcd	qcd_hardqcd_importance_adaptive500k_phys_wave2_20260717	/store/user/iturkmen/hh4b_delphes/run2_13tev/frozen_v2/bundles/qcd_hardqcd_importance_adaptive500k_phys_wave2_20260717/qcd_hardqcd_importance_adaptive500k_phys_wave2_20260717_bin00_pthat50to75_shard9785_seed1209785_bundle.tar.gz	qcd_hardqcd_importance_adaptive500k_phys_wave2_20260717_bin00_pthat50to75_shard9785_seed1209785_bundle.tar.gz	qcd_hardqcd_importance_adaptive500k_phys_wave2_20260717_bin00_pthat50to75_shard9785_seed1209785	0	50	75	9785	1209785	3	10	exact_metadata_matched
background	qcd_hardqcd	qcd_hardqcd_importance_adaptive500k_phys_wave2_20260717	/store/user/iturkmen/hh4b_delphes/run2_13tev/frozen_v2/bundles/qcd_hardqcd_importance_adaptive500k_phys_wave2_20260717/qcd_hardqcd_importance_adaptive500k_phys_wave2_20260717_bin00_pthat50to75_shard9786_seed1209786_bundle.tar.gz	qcd_hardqcd_importance_adaptive500k_phys_wave2_20260717_bin00_pthat50to75_shard9786_seed1209786_bundle.tar.gz	qcd_hardqcd_importance_adaptive500k_phys_wave2_20260717_bin00_pthat50to75_shard9786_seed1209786	0	50	75	9786	1209786	2	8	exact_metadata_matched
background	qcd_hardqcd	qcd_hardqcd_importance_adaptive500k_phys_wave2_20260717	/store/user/iturkmen/hh4b_delphes/run2_13tev/frozen_v2/bundles/qcd_hardqcd_importance_adaptive500k_phys_wave2_20260717/qcd_hardqcd_importance_adaptive500k_phys_wave2_20260717_bin00_pthat50to75_shard9787_seed1209787_bundle.tar.gz	qcd_hardqcd_importance_adaptive500k_phys_wave2_20260717_bin00_pthat50to75_shard9787_seed1209787_bundle.tar.gz	qcd_hardqcd_importance_adaptive500k_phys_wave2_20260717_bin00_pthat50to75_shard9787_seed1209787	0	50	75	9787	1209787	2	8	exact_metadata_matched
background	qcd_hardqcd	qcd_hardqcd_importance_adaptive500k_phys_wave2_20260717	/store/user/iturkmen/hh4b_delphes/run2_13tev/frozen_v2/bundles/qcd_hardqcd_importance_adaptive500k_phys_wave2_20260717/qcd_hardqcd_importance_adaptive500k_phys_wave2_20260717_bin00_pthat50to75_shard9788_seed1209788_bundle.tar.gz	qcd_hardqcd_importance_adaptive500k_phys_wave2_20260717_bin00_pthat50to75_shard9788_seed1209788_bundle.tar.gz	qcd_hardqcd_importance_adaptive500k_phys_wave2_20260717_bin00_pthat50to75_shard9788_seed1209788	0	50	75	9788	1209788	2	8	exact_metadata_matched
background	qcd_hardqcd	qcd_hardqcd_importance_adaptive500k_phys_wave2_20260717	/store/user/iturkmen/hh4b_delphes/run2_13tev/frozen_v2/bundles/qcd_hardqcd_importance_adaptive500k_phys_wave2_20260717/qcd_hardqcd_importance_adaptive500k_phys_wave2_20260717_bin00_pthat50to75_shard9789_seed1209789_bundle.tar.gz	qcd_hardqcd_importance_adaptive500k_phys_wave2_20260717_bin00_pthat50to75_shard9789_seed1209789_bundle.tar.gz	qcd_hardqcd_importance_adaptive500k_phys_wave2_20260717_bin00_pthat50to75_shard9789_seed1209789	0	50	75	9789	1209789	2	8	exact_metadata_matched
background	qcd_hardqcd	qcd_hardqcd_importance_adaptive500k_phys_wave2_20260717	/store/user/iturkmen/hh4b_delphes/run2_13tev/frozen_v2/bundles/qcd_hardqcd_importance_adaptive500k_phys_wave2_20260717/qcd_hardqcd_importance_adaptive500k_phys_wave2_20260717_bin00_pthat50to75_shard9790_seed1209790_bundle.tar.gz	qcd_hardqcd_importance_adaptive500k_phys_wave2_20260717_bin00_pthat50to75_shard9790_seed1209790_bundle.tar.gz	qcd_hardqcd_importance_adaptive500k_phys_wave2_20260717_bin00_pthat50to75_shard9790_seed1209790	0	50	75	9790	1209790	3	10	exact_metadata_matched
background	qcd_hardqcd	qcd_hardqcd_importance_adaptive500k_phys_wave2_20260717	/store/user/iturkmen/hh4b_delphes/run2_13tev/frozen_v2/bundles/qcd_hardqcd_importance_adaptive500k_phys_wave2_20260717/qcd_hardqcd_importance_adaptive500k_phys_wave2_20260717_bin00_pthat50to75_shard9791_seed1209791_bundle.tar.gz	qcd_hardqcd_importance_adaptive500k_phys_wave2_20260717_bin00_pthat50to75_shard9791_seed1209791_bundle.tar.gz	qcd_hardqcd_importance_adaptive500k_phys_wave2_20260717_bin00_pthat50to75_shard9791_seed1209791	0	50	75	9791	1209791	2	8	exact_metadata_matched
background	qcd_hardqcd	qcd_hardqcd_importance_adaptive500k_phys_wave2_20260717	/store/user/iturkmen/hh4b_delphes/run2_13tev/frozen_v2/bundles/qcd_hardqcd_importance_adaptive500k_phys_wave2_20260717/qcd_hardqcd_importance_adaptive500k_phys_wave2_20260717_bin00_pthat50to75_shard9792_seed1209792_bundle.tar.gz	qcd_hardqcd_importance_adaptive500k_phys_wave2_20260717_bin00_pthat50to75_shard9792_seed1209792_bundle.tar.gz	qcd_hardqcd_importance_adaptive500k_phys_wave2_20260717_bin00_pthat50to75_shard9792_seed1209792	0	50	75	9792	1209792	2	8	exact_metadata_matched
background	qcd_hardqcd	qcd_hardqcd_importance_adaptive500k_phys_wave2_20260717	/store/user/iturkmen/hh4b_delphes/run2_13tev/frozen_v2/bundles/qcd_hardqcd_importance_adaptive500k_phys_wave2_20260717/qcd_hardqcd_importance_adaptive500k_phys_wave2_20260717_bin00_pthat50to75_shard9793_seed1209793_bundle.tar.gz	qcd_hardqcd_importance_adaptive500k_phys_wave2_20260717_bin00_pthat50to75_shard9793_seed1209793_bundle.tar.gz	qcd_hardqcd_importance_adaptive500k_phys_wave2_20260717_bin00_pthat50to75_shard9793_seed1209793	0	50	75	9793	1209793	2	8	exact_metadata_matched
background	qcd_hardqcd	qcd_hardqcd_importance_adaptive500k_phys_wave2_20260717	/store/user/iturkmen/hh4b_delphes/run2_13tev/frozen_v2/bundles/qcd_hardqcd_importance_adaptive500k_phys_wave2_20260717/qcd_hardqcd_importance_adaptive500k_phys_wave2_20260717_bin00_pthat50to75_shard9794_seed1209794_bundle.tar.gz	qcd_hardqcd_importance_adaptive500k_phys_wave2_20260717_bin00_pthat50to75_shard9794_seed1209794_bundle.tar.gz	qcd_hardqcd_importance_adaptive500k_phys_wave2_20260717_bin00_pthat50to75_shard9794_seed1209794	0	50	75	9794	1209794	2	8	exact_metadata_matched
background	qcd_hardqcd	qcd_hardqcd_importance_adaptive500k_phys_wave2_20260717	/store/user/iturkmen/hh4b_delphes/run2_13tev/frozen_v2/bundles/qcd_hardqcd_importance_adaptive500k_phys_wave2_20260717/qcd_hardqcd_importance_adaptive500k_phys_wave2_20260717_bin00_pthat50to75_shard9795_seed1209795_bundle.tar.gz	qcd_hardqcd_importance_adaptive500k_phys_wave2_20260717_bin00_pthat50to75_shard9795_seed1209795_bundle.tar.gz	qcd_hardqcd_importance_adaptive500k_phys_wave2_20260717_bin00_pthat50to75_shard9795_seed1209795	0	50	75	9795	1209795	2	8	exact_metadata_matched
background	qcd_hardqcd	qcd_hardqcd_importance_adaptive500k_phys_wave2_20260717	/store/user/iturkmen/hh4b_delphes/run2_13tev/frozen_v2/bundles/qcd_hardqcd_importance_adaptive500k_phys_wave2_20260717/qcd_hardqcd_importance_adaptive500k_phys_wave2_20260717_bin00_pthat50to75_shard9796_seed1209796_bundle.tar.gz	qcd_hardqcd_importance_adaptive500k_phys_wave2_20260717_bin00_pthat50to75_shard9796_seed1209796_bundle.tar.gz	qcd_hardqcd_importance_adaptive500k_phys_wave2_20260717_bin00_pthat50to75_shard9796_seed1209796	0	50	75	9796	1209796	2	8	exact_metadata_matched
background	qcd_hardqcd	qcd_hardqcd_importance_adaptive500k_phys_wave2_20260717	/store/user/iturkmen/hh4b_delphes/run2_13tev/frozen_v2/bundles/qcd_hardqcd_importance_adaptive500k_phys_wave2_20260717/qcd_hardqcd_importance_adaptive500k_phys_wave2_20260717_bin00_pthat50to75_shard9797_seed1209797_bundle.tar.gz	qcd_hardqcd_importance_adaptive500k_phys_wave2_20260717_bin00_pthat50to75_shard9797_seed1209797_bundle.tar.gz	qcd_hardqcd_importance_adaptive500k_phys_wave2_20260717_bin00_pthat50to75_shard9797_seed1209797	0	50	75	9797	1209797	2	8	exact_metadata_matched
background	qcd_hardqcd	qcd_hardqcd_importance_adaptive500k_phys_wave2_20260717	/store/user/iturkmen/hh4b_delphes/run2_13tev/frozen_v2/bundles/qcd_hardqcd_importance_adaptive500k_phys_wave2_20260717/qcd_hardqcd_importance_adaptive500k_phys_wave2_20260717_bin00_pthat50to75_shard9798_seed1209798_bundle.tar.gz	qcd_hardqcd_importance_adaptive500k_phys_wave2_20260717_bin00_pthat50to75_shard9798_seed1209798_bundle.tar.gz	qcd_hardqcd_importance_adaptive500k_phys_wave2_20260717_bin00_pthat50to75_shard9798_seed1209798	0	50	75	9798	1209798	2	8	exact_metadata_matched
background	qcd_hardqcd	qcd_hardqcd_importance_adaptive500k_phys_wave2_20260717	/store/user/iturkmen/hh4b_delphes/run2_13tev/frozen_v2/bundles/qcd_hardqcd_importance_adaptive500k_phys_wave2_20260717/qcd_hardqcd_importance_adaptive500k_phys_wave2_20260717_bin00_pthat50to75_shard9799_seed1209799_bundle.tar.gz	qcd_hardqcd_importance_adaptive500k_phys_wave2_20260717_bin00_pthat50to75_shard9799_seed1209799_bundle.tar.gz	qcd_hardqcd_importance_adaptive500k_phys_wave2_20260717_bin00_pthat50to75_shard9799_seed1209799	0	50	75	9799	1209799	2	8	exact_metadata_matched
background	qcd_hardqcd	qcd_hardqcd_importance_adaptive500k_phys_wave2_20260717	/store/user/iturkmen/hh4b_delphes/run2_13tev/frozen_v2/bundles/qcd_hardqcd_importance_adaptive500k_phys_wave2_20260717/qcd_hardqcd_importance_adaptive500k_phys_wave2_20260717_bin00_pthat50to75_shard9800_seed1209800_bundle.tar.gz	qcd_hardqcd_importance_adaptive500k_phys_wave2_20260717_bin00_pthat50to75_shard9800_seed1209800_bundle.tar.gz	qcd_hardqcd_importance_adaptive500k_phys_wave2_20260717_bin00_pthat50to75_shard9800_seed1209800	0	50	75	9800	1209800	2	8	exact_metadata_matched
background	qcd_hardqcd	qcd_hardqcd_importance_adaptive500k_phys_wave2_20260717	/store/user/iturkmen/hh4b_delphes/run2_13tev/frozen_v2/bundles/qcd_hardqcd_importance_adaptive500k_phys_wave2_20260717/qcd_hardqcd_importance_adaptive500k_phys_wave2_20260717_bin00_pthat50to75_shard9801_seed1209801_bundle.tar.gz	qcd_hardqcd_importance_adaptive500k_phys_wave2_20260717_bin00_pthat50to75_shard9801_seed1209801_bundle.tar.gz	qcd_hardqcd_importance_adaptive500k_phys_wave2_20260717_bin00_pthat50to75_shard9801_seed1209801	0	50	75	9801	1209801	2	8	exact_metadata_matched
background	qcd_hardqcd	qcd_hardqcd_importance_adaptive500k_phys_wave2_20260717	/store/user/iturkmen/hh4b_delphes/run2_13tev/frozen_v2/bundles/qcd_hardqcd_importance_adaptive500k_phys_wave2_20260717/qcd_hardqcd_importance_adaptive500k_phys_wave2_20260717_bin00_pthat50to75_shard9802_seed1209802_bundle.tar.gz	qcd_hardqcd_importance_adaptive500k_phys_wave2_20260717_bin00_pthat50to75_shard9802_seed1209802_bundle.tar.gz	qcd_hardqcd_importance_adaptive500k_phys_wave2_20260717_bin00_pthat50to75_shard9802_seed1209802	0	50	75	9802	1209802	2	8	exact_metadata_matched
background	qcd_hardqcd	qcd_hardqcd_importance_adaptive500k_phys_wave2_20260717	/store/user/iturkmen/hh4b_delphes/run2_13tev/frozen_v2/bundles/qcd_hardqcd_importance_adaptive500k_phys_wave2_20260717/qcd_hardqcd_importance_adaptive500k_phys_wave2_20260717_bin00_pthat50to75_shard9803_seed1209803_bundle.tar.gz	qcd_hardqcd_importance_adaptive500k_phys_wave2_20260717_bin00_pthat50to75_shard9803_seed1209803_bundle.tar.gz	qcd_hardqcd_importance_adaptive500k_phys_wave2_20260717_bin00_pthat50to75_shard9803_seed1209803	0	50	75	9803	1209803	2	8	exact_metadata_matched
background	qcd_hardqcd	qcd_hardqcd_importance_adaptive500k_phys_wave2_20260717	/store/user/iturkmen/hh4b_delphes/run2_13tev/frozen_v2/bundles/qcd_hardqcd_importance_adaptive500k_phys_wave2_20260717/qcd_hardqcd_importance_adaptive500k_phys_wave2_20260717_bin01_pthat75to100_shard9804_seed1219804_bundle.tar.gz	qcd_hardqcd_importance_adaptive500k_phys_wave2_20260717_bin01_pthat75to100_shard9804_seed1219804_bundle.tar.gz	qcd_hardqcd_importance_adaptive500k_phys_wave2_20260717_bin01_pthat75to100_shard9804_seed1219804	1	75	100	9804	1219804	2	8	exact_metadata_matched
background	qcd_hardqcd	qcd_hardqcd_importance_adaptive500k_phys_wave2_20260717	/store/user/iturkmen/hh4b_delphes/run2_13tev/frozen_v2/bundles/qcd_hardqcd_importance_adaptive500k_phys_wave2_20260717/qcd_hardqcd_importance_adaptive500k_phys_wave2_20260717_bin01_pthat75to100_shard9805_seed1219805_bundle.tar.gz	qcd_hardqcd_importance_adaptive500k_phys_wave2_20260717_bin01_pthat75to100_shard9805_seed1219805_bundle.tar.gz	qcd_hardqcd_importance_adaptive500k_phys_wave2_20260717_bin01_pthat75to100_shard9805_seed1219805	1	75	100	9805	1219805	2	8	exact_metadata_matched
background	qcd_hardqcd	qcd_hardqcd_importance_adaptive500k_phys_wave2_20260717	/store/user/iturkmen/hh4b_delphes/run2_13tev/frozen_v2/bundles/qcd_hardqcd_importance_adaptive500k_phys_wave2_20260717/qcd_hardqcd_importance_adaptive500k_phys_wave2_20260717_bin01_pthat75to100_shard9806_seed1219806_bundle.tar.gz	qcd_hardqcd_importance_adaptive500k_phys_wave2_20260717_bin01_pthat75to100_shard9806_seed1219806_bundle.tar.gz	qcd_hardqcd_importance_adaptive500k_phys_wave2_20260717_bin01_pthat75to100_shard9806_seed1219806	1	75	100	9806	1219806	2	8	exact_metadata_matched
background	qcd_hardqcd	qcd_hardqcd_importance_adaptive500k_phys_wave2_20260717	/store/user/iturkmen/hh4b_delphes/run2_13tev/frozen_v2/bundles/qcd_hardqcd_importance_adaptive500k_phys_wave2_20260717/qcd_hardqcd_importance_adaptive500k_phys_wave2_20260717_bin01_pthat75to100_shard9807_seed1219807_bundle.tar.gz	qcd_hardqcd_importance_adaptive500k_phys_wave2_20260717_bin01_pthat75to100_shard9807_seed1219807_bundle.tar.gz	qcd_hardqcd_importance_adaptive500k_phys_wave2_20260717_bin01_pthat75to100_shard9807_seed1219807	1	75	100	9807	1219807	2	8	exact_metadata_matched
background	qcd_hardqcd	qcd_hardqcd_importance_adaptive500k_phys_wave2_20260717	/store/user/iturkmen/hh4b_delphes/run2_13tev/frozen_v2/bundles/qcd_hardqcd_importance_adaptive500k_phys_wave2_20260717/qcd_hardqcd_importance_adaptive500k_phys_wave2_20260717_bin01_pthat75to100_shard9808_seed1219808_bundle.tar.gz	qcd_hardqcd_importance_adaptive500k_phys_wave2_20260717_bin01_pthat75to100_shard9808_seed1219808_bundle.tar.gz	qcd_hardqcd_importance_adaptive500k_phys_wave2_20260717_bin01_pthat75to100_shard9808_seed1219808	1	75	100	9808	1219808	2	8	exact_metadata_matched
background	qcd_hardqcd	qcd_hardqcd_importance_adaptive500k_phys_wave2_20260717	/store/user/iturkmen/hh4b_delphes/run2_13tev/frozen_v2/bundles/qcd_hardqcd_importance_adaptive500k_phys_wave2_20260717/qcd_hardqcd_importance_adaptive500k_phys_wave2_20260717_bin01_pthat75to100_shard9809_seed1219809_bundle.tar.gz	qcd_hardqcd_importance_adaptive500k_phys_wave2_20260717_bin01_pthat75to100_shard9809_seed1219809_bundle.tar.gz	qcd_hardqcd_importance_adaptive500k_phys_wave2_20260717_bin01_pthat75to100_shard9809_seed1219809	1	75	100	9809	1219809	2	8	exact_metadata_matched
background	qcd_hardqcd	qcd_hardqcd_importance_adaptive500k_phys_wave2_20260717	/store/user/iturkmen/hh4b_delphes/run2_13tev/frozen_v2/bundles/qcd_hardqcd_importance_adaptive500k_phys_wave2_20260717/qcd_hardqcd_importance_adaptive500k_phys_wave2_20260717_bin01_pthat75to100_shard9810_seed1219810_bundle.tar.gz	qcd_hardqcd_importance_adaptive500k_phys_wave2_20260717_bin01_pthat75to100_shard9810_seed1219810_bundle.tar.gz	qcd_hardqcd_importance_adaptive500k_phys_wave2_20260717_bin01_pthat75to100_shard9810_seed1219810	1	75	100	9810	1219810	2	8	exact_metadata_matched
background	qcd_hardqcd	qcd_hardqcd_importance_adaptive500k_phys_wave2_20260717	/store/user/iturkmen/hh4b_delphes/run2_13tev/frozen_v2/bundles/qcd_hardqcd_importance_adaptive500k_phys_wave2_20260717/qcd_hardqcd_importance_adaptive500k_phys_wave2_20260717_bin01_pthat75to100_shard9811_seed1219811_bundle.tar.gz	qcd_hardqcd_importance_adaptive500k_phys_wave2_20260717_bin01_pthat75to100_shard9811_seed1219811_bundle.tar.gz	qcd_hardqcd_importance_adaptive500k_phys_wave2_20260717_bin01_pthat75to100_shard9811_seed1219811	1	75	100	9811	1219811	2	8	exact_metadata_matched
background	qcd_hardqcd	qcd_hardqcd_importance_adaptive500k_phys_wave2_20260717	/store/user/iturkmen/hh4b_delphes/run2_13tev/frozen_v2/bundles/qcd_hardqcd_importance_adaptive500k_phys_wave2_20260717/qcd_hardqcd_importance_adaptive500k_phys_wave2_20260717_bin01_pthat75to100_shard9812_seed1219812_bundle.tar.gz	qcd_hardqcd_importance_adaptive500k_phys_wave2_20260717_bin01_pthat75to100_shard9812_seed1219812_bundle.tar.gz	qcd_hardqcd_importance_adaptive500k_phys_wave2_20260717_bin01_pthat75to100_shard9812_seed1219812	1	75	100	9812	1219812	2	8	exact_metadata_matched
background	qcd_hardqcd	qcd_hardqcd_importance_adaptive500k_phys_wave2_20260717	/store/user/iturkmen/hh4b_delphes/run2_13tev/frozen_v2/bundles/qcd_hardqcd_importance_adaptive500k_phys_wave2_20260717/qcd_hardqcd_importance_adaptive500k_phys_wave2_20260717_bin02_pthat100to200_shard9813_seed1229813_bundle.tar.gz	qcd_hardqcd_importance_adaptive500k_phys_wave2_20260717_bin02_pthat100to200_shard9813_seed1229813_bundle.tar.gz	qcd_hardqcd_importance_adaptive500k_phys_wave2_20260717_bin02_pthat100to200_shard9813_seed1229813	2	100	200	9813	1229813	2	8	exact_metadata_matched
background	qcd_hardqcd	qcd_hardqcd_importance_adaptive500k_phys_wave2_20260717	/store/user/iturkmen/hh4b_delphes/run2_13tev/frozen_v2/bundles/qcd_hardqcd_importance_adaptive500k_phys_wave2_20260717/qcd_hardqcd_importance_adaptive500k_phys_wave2_20260717_bin02_pthat100to200_shard9814_seed1229814_bundle.tar.gz	qcd_hardqcd_importance_adaptive500k_phys_wave2_20260717_bin02_pthat100to200_shard9814_seed1229814_bundle.tar.gz	qcd_hardqcd_importance_adaptive500k_phys_wave2_20260717_bin02_pthat100to200_shard9814_seed1229814	2	100	200	9814	1229814	2	8	exact_metadata_matched
background	qcd_hardqcd	qcd_hardqcd_importance_adaptive500k_phys_wave2_20260717	/store/user/iturkmen/hh4b_delphes/run2_13tev/frozen_v2/bundles/qcd_hardqcd_importance_adaptive500k_phys_wave2_20260717/qcd_hardqcd_importance_adaptive500k_phys_wave2_20260717_bin02_pthat100to200_shard9815_seed1229815_bundle.tar.gz	qcd_hardqcd_importance_adaptive500k_phys_wave2_20260717_bin02_pthat100to200_shard9815_seed1229815_bundle.tar.gz	qcd_hardqcd_importance_adaptive500k_phys_wave2_20260717_bin02_pthat100to200_shard9815_seed1229815	2	100	200	9815	1229815	2	8	exact_metadata_matched
background	qcd_hardqcd	qcd_hardqcd_importance_adaptive500k_phys_wave2_20260717	/store/user/iturkmen/hh4b_delphes/run2_13tev/frozen_v2/bundles/qcd_hardqcd_importance_adaptive500k_phys_wave2_20260717/qcd_hardqcd_importance_adaptive500k_phys_wave2_20260717_bin02_pthat100to200_shard9816_seed1229816_bundle.tar.gz	qcd_hardqcd_importance_adaptive500k_phys_wave2_20260717_bin02_pthat100to200_shard9816_seed1229816_bundle.tar.gz	qcd_hardqcd_importance_adaptive500k_phys_wave2_20260717_bin02_pthat100to200_shard9816_seed1229816	2	100	200	9816	1229816	2	8	exact_metadata_matched
background	qcd_hardqcd	qcd_hardqcd_importance_adaptive500k_phys_wave2_20260717	/store/user/iturkmen/hh4b_delphes/run2_13tev/frozen_v2/bundles/qcd_hardqcd_importance_adaptive500k_phys_wave2_20260717/qcd_hardqcd_importance_adaptive500k_phys_wave2_20260717_bin02_pthat100to200_shard9817_seed1229817_bundle.tar.gz	qcd_hardqcd_importance_adaptive500k_phys_wave2_20260717_bin02_pthat100to200_shard9817_seed1229817_bundle.tar.gz	qcd_hardqcd_importance_adaptive500k_phys_wave2_20260717_bin02_pthat100to200_shard9817_seed1229817	2	100	200	9817	1229817	2	8	exact_metadata_matched
background	qcd_hardqcd	qcd_hardqcd_importance_adaptive500k_phys_wave2_20260717	/store/user/iturkmen/hh4b_delphes/run2_13tev/frozen_v2/bundles/qcd_hardqcd_importance_adaptive500k_phys_wave2_20260717/qcd_hardqcd_importance_adaptive500k_phys_wave2_20260717_bin02_pthat100to200_shard9818_seed1229818_bundle.tar.gz	qcd_hardqcd_importance_adaptive500k_phys_wave2_20260717_bin02_pthat100to200_shard9818_seed1229818_bundle.tar.gz	qcd_hardqcd_importance_adaptive500k_phys_wave2_20260717_bin02_pthat100to200_shard9818_seed1229818	2	100	200	9818	1229818	2	8	exact_metadata_matched
background	qcd_hardqcd	qcd_hardqcd_importance_adaptive500k_phys_wave2_20260717	/store/user/iturkmen/hh4b_delphes/run2_13tev/frozen_v2/bundles/qcd_hardqcd_importance_adaptive500k_phys_wave2_20260717/qcd_hardqcd_importance_adaptive500k_phys_wave2_20260717_bin03_pthat200to300_shard9819_seed1239819_bundle.tar.gz	qcd_hardqcd_importance_adaptive500k_phys_wave2_20260717_bin03_pthat200to300_shard9819_seed1239819_bundle.tar.gz	qcd_hardqcd_importance_adaptive500k_phys_wave2_20260717_bin03_pthat200to300_shard9819_seed1239819	3	200	300	9819	1239819	2	8	exact_metadata_matched
background	qcd_hardqcd	qcd_hardqcd_importance_adaptive500k_phys_wave2_20260717	/store/user/iturkmen/hh4b_delphes/run2_13tev/frozen_v2/bundles/qcd_hardqcd_importance_adaptive500k_phys_wave2_20260717/qcd_hardqcd_importance_adaptive500k_phys_wave2_20260717_bin03_pthat200to300_shard9820_seed1239820_bundle.tar.gz	qcd_hardqcd_importance_adaptive500k_phys_wave2_20260717_bin03_pthat200to300_shard9820_seed1239820_bundle.tar.gz	qcd_hardqcd_importance_adaptive500k_phys_wave2_20260717_bin03_pthat200to300_shard9820_seed1239820	3	200	300	9820	1239820	2	8	exact_metadata_matched
background	qcd_hardqcd	qcd_hardqcd_importance_adaptive500k_phys_wave2_20260717	/store/user/iturkmen/hh4b_delphes/run2_13tev/frozen_v2/bundles/qcd_hardqcd_importance_adaptive500k_phys_wave2_20260717/qcd_hardqcd_importance_adaptive500k_phys_wave2_20260717_bin04_pthat300to500_shard9821_seed1249821_bundle.tar.gz	qcd_hardqcd_importance_adaptive500k_phys_wave2_20260717_bin04_pthat300to500_shard9821_seed1249821_bundle.tar.gz	qcd_hardqcd_importance_adaptive500k_phys_wave2_20260717_bin04_pthat300to500_shard9821_seed1249821	4	300	500	9821	1249821	2	8	exact_metadata_matched
background	qcd_hardqcd	qcd_hardqcd_importance_adaptive500k_phys_wave2_20260717	/store/user/iturkmen/hh4b_delphes/run2_13tev/frozen_v2/bundles/qcd_hardqcd_importance_adaptive500k_phys_wave2_20260717/qcd_hardqcd_importance_adaptive500k_phys_wave2_20260717_bin04_pthat300to500_shard9822_seed1249822_bundle.tar.gz	qcd_hardqcd_importance_adaptive500k_phys_wave2_20260717_bin04_pthat300to500_shard9822_seed1249822_bundle.tar.gz	qcd_hardqcd_importance_adaptive500k_phys_wave2_20260717_bin04_pthat300to500_shard9822_seed1249822	4	300	500	9822	1249822	2	8	exact_metadata_matched
background	qcd_hardqcd	qcd_hardqcd_importance_adaptive500k_phys_wave2_20260717	/store/user/iturkmen/hh4b_delphes/run2_13tev/frozen_v2/bundles/qcd_hardqcd_importance_adaptive500k_phys_wave2_20260717/qcd_hardqcd_importance_adaptive500k_phys_wave2_20260717_bin05_pthat500to700_shard9823_seed1259823_bundle.tar.gz	qcd_hardqcd_importance_adaptive500k_phys_wave2_20260717_bin05_pthat500to700_shard9823_seed1259823_bundle.tar.gz	qcd_hardqcd_importance_adaptive500k_phys_wave2_20260717_bin05_pthat500to700_shard9823_seed1259823	5	500	700	9823	1259823	2	8	exact_metadata_matched
background	qcd_hardqcd	qcd_hardqcd_importance_adaptive500k_phys_wave2_20260717	/store/user/iturkmen/hh4b_delphes/run2_13tev/frozen_v2/bundles/qcd_hardqcd_importance_adaptive500k_phys_wave2_20260717/qcd_hardqcd_importance_adaptive500k_phys_wave2_20260717_bin05_pthat500to700_shard9824_seed1259824_bundle.tar.gz	qcd_hardqcd_importance_adaptive500k_phys_wave2_20260717_bin05_pthat500to700_shard9824_seed1259824_bundle.tar.gz	qcd_hardqcd_importance_adaptive500k_phys_wave2_20260717_bin05_pthat500to700_shard9824_seed1259824	5	500	700	9824	1259824	2	8	exact_metadata_matched
background	qcd_hardqcd	qcd_hardqcd_importance_adaptive500k_phys_wave2_20260717	/store/user/iturkmen/hh4b_delphes/run2_13tev/frozen_v2/bundles/qcd_hardqcd_importance_adaptive500k_phys_wave2_20260717/qcd_hardqcd_importance_adaptive500k_phys_wave2_20260717_bin06_pthat700to1000_shard9825_seed1269825_bundle.tar.gz	qcd_hardqcd_importance_adaptive500k_phys_wave2_20260717_bin06_pthat700to1000_shard9825_seed1269825_bundle.tar.gz	qcd_hardqcd_importance_adaptive500k_phys_wave2_20260717_bin06_pthat700to1000_shard9825_seed1269825	6	700	1000	9825	1269825	2	8	exact_metadata_matched
background	qcd_hardqcd	qcd_hardqcd_importance_adaptive500k_phys_wave2_20260717	/store/user/iturkmen/hh4b_delphes/run2_13tev/frozen_v2/bundles/qcd_hardqcd_importance_adaptive500k_phys_wave2_20260717/qcd_hardqcd_importance_adaptive500k_phys_wave2_20260717_bin06_pthat700to1000_shard9826_seed1269826_bundle.tar.gz	qcd_hardqcd_importance_adaptive500k_phys_wave2_20260717_bin06_pthat700to1000_shard9826_seed1269826_bundle.tar.gz	qcd_hardqcd_importance_adaptive500k_phys_wave2_20260717_bin06_pthat700to1000_shard9826_seed1269826	6	700	1000	9826	1269826	2	8	exact_metadata_matched
background	qcd_hardqcd	qcd_hardqcd_importance_adaptive500k_phys_wave2_20260717	/store/user/iturkmen/hh4b_delphes/run2_13tev/frozen_v2/bundles/qcd_hardqcd_importance_adaptive500k_phys_wave2_20260717/qcd_hardqcd_importance_adaptive500k_phys_wave2_20260717_bin07_pthat1000toInf_shard9827_seed1279827_bundle.tar.gz	qcd_hardqcd_importance_adaptive500k_phys_wave2_20260717_bin07_pthat1000toInf_shard9827_seed1279827_bundle.tar.gz	qcd_hardqcd_importance_adaptive500k_phys_wave2_20260717_bin07_pthat1000toInf_shard9827_seed1279827	7	1000	Inf	9827	1279827	2	8	exact_metadata_matched
background	qcd_hardqcd	qcd_hardqcd_importance_adaptive500k_phys_wave2_20260717	/store/user/iturkmen/hh4b_delphes/run2_13tev/frozen_v2/bundles/qcd_hardqcd_importance_adaptive500k_phys_wave2_20260717/qcd_hardqcd_importance_adaptive500k_phys_wave2_20260717_bin07_pthat1000toInf_shard9828_seed1279828_bundle.tar.gz	qcd_hardqcd_importance_adaptive500k_phys_wave2_20260717_bin07_pthat1000toInf_shard9828_seed1279828_bundle.tar.gz	qcd_hardqcd_importance_adaptive500k_phys_wave2_20260717_bin07_pthat1000toInf_shard9828_seed1279828	7	1000	Inf	9828	1279828	2	8	exact_metadata_matched
background	qcd_hardqcd	qcd_hardqcd_importance_testfill_bin3_10k_20260717	/store/user/iturkmen/hh4b_delphes/run2_13tev/frozen_v2/bundles/qcd_hardqcd_importance_testfill_bin3_10k_20260717/qcd_hardqcd_importance_testfill_bin3_10k_20260717_bin03_pthat200to300_shard3909_seed1233909_bundle.tar.gz	qcd_hardqcd_importance_testfill_bin3_10k_20260717_bin03_pthat200to300_shard3909_seed1233909_bundle.tar.gz	qcd_hardqcd_importance_testfill_bin3_10k_20260717_bin03_pthat200to300_shard3909_seed1233909	3	200	300	3909	1233909	10	33	exact_metadata_matched
