sample_class	process_or_mode	campaign	source_scope	source_path	source_line	line_text	status
background	qcd_hardqcd	qcd_hardqcd_importance_adaptive1500k_phys_wave3_20260718	representative_provenance	background/qcd_hardqcd/qcd_hardqcd_importance_adaptive1500k_phys_wave3_20260718/logs/qcd_hardqcd_importance_adaptive1500k_phys_wave3_20260718_bin00_pthat50to75_shard1033_seed1201033_compile_arguments.txt	1	pythia_configuration=pythia8-config	configuration_evidence_candidate
background	qcd_hardqcd	qcd_hardqcd_importance_adaptive1500k_phys_wave3_20260718	representative_provenance	background/qcd_hardqcd/qcd_hardqcd_importance_adaptive1500k_phys_wave3_20260718/logs/qcd_hardqcd_importance_adaptive1500k_phys_wave3_20260718_bin00_pthat50to75_shard1033_seed1201033_compile_arguments.txt	13	compile_arg[009]=-I/cvmfs/sft.cern.ch/lcg/releases/MCGenerators/pythia8/312-1b262/x86_64-el9-gcc13-opt/include	configuration_evidence_candidate
background	qcd_hardqcd	qcd_hardqcd_importance_adaptive1500k_phys_wave3_20260718	representative_provenance	background/qcd_hardqcd/qcd_hardqcd_importance_adaptive1500k_phys_wave3_20260718/logs/qcd_hardqcd_importance_adaptive1500k_phys_wave3_20260718_bin00_pthat50to75_shard1033_seed1201033_compile_arguments.txt	17	compile_arg[013]=/srv/payload/repo/scripts/production/generate_pythia8_hardqcd_hepmc3.cc	configuration_evidence_candidate
background	qcd_hardqcd	qcd_hardqcd_importance_adaptive1500k_phys_wave3_20260718	representative_provenance	background/qcd_hardqcd/qcd_hardqcd_importance_adaptive1500k_phys_wave3_20260718/logs/qcd_hardqcd_importance_adaptive1500k_phys_wave3_20260718_bin00_pthat50to75_shard1033_seed1201033_compile_arguments.txt	20	compile_arg[016]=-L/cvmfs/sft.cern.ch/lcg/releases/MCGenerators/pythia8/312-1b262/x86_64-el9-gcc13-opt/lib	configuration_evidence_candidate
background	qcd_hardqcd	qcd_hardqcd_importance_adaptive1500k_phys_wave3_20260718	representative_provenance	background/qcd_hardqcd/qcd_hardqcd_importance_adaptive1500k_phys_wave3_20260718/logs/qcd_hardqcd_importance_adaptive1500k_phys_wave3_20260718_bin00_pthat50to75_shard1033_seed1201033_compile_arguments.txt	21	compile_arg[017]=-Wl\,-rpath\,/cvmfs/sft.cern.ch/lcg/releases/MCGenerators/pythia8/312-1b262/x86_64-el9-gcc13-opt/lib	configuration_evidence_candidate
background	qcd_hardqcd	qcd_hardqcd_importance_adaptive1500k_phys_wave3_20260718	representative_provenance	background/qcd_hardqcd/qcd_hardqcd_importance_adaptive1500k_phys_wave3_20260718/logs/qcd_hardqcd_importance_adaptive1500k_phys_wave3_20260718_bin00_pthat50to75_shard1033_seed1201033_compile_arguments.txt	22	compile_arg[018]=-lpythia8	configuration_evidence_candidate
background	qcd_hardqcd	qcd_hardqcd_importance_adaptive1500k_phys_wave3_20260718	representative_provenance	background/qcd_hardqcd/qcd_hardqcd_importance_adaptive1500k_phys_wave3_20260718/logs/qcd_hardqcd_importance_adaptive1500k_phys_wave3_20260718_bin00_pthat50to75_shard1033_seed1201033_pythia.log	8	| | P P Y Y T H H I A A This is PYTHIA version 8.312 | |	configuration_evidence_candidate
background	qcd_hardqcd	qcd_hardqcd_importance_adaptive1500k_phys_wave3_20260718	representative_provenance	background/qcd_hardqcd/qcd_hardqcd_importance_adaptive1500k_phys_wave3_20260718/logs/qcd_hardqcd_importance_adaptive1500k_phys_wave3_20260718_bin00_pthat50to75_shard1033_seed1201033_pythia.log	15	| | https://pythia.org/ | |	configuration_evidence_candidate
background	qcd_hardqcd	qcd_hardqcd_importance_adaptive1500k_phys_wave3_20260718	representative_provenance	background/qcd_hardqcd/qcd_hardqcd_importance_adaptive1500k_phys_wave3_20260718/logs/qcd_hardqcd_importance_adaptive1500k_phys_wave3_20260718_bin00_pthat50to75_shard1033_seed1201033_pythia.log	17	| | PYTHIA is authored by a collaboration consisting of: | |	configuration_evidence_candidate
background	qcd_hardqcd	qcd_hardqcd_importance_adaptive1500k_phys_wave3_20260718	representative_provenance	background/qcd_hardqcd/qcd_hardqcd_importance_adaptive1500k_phys_wave3_20260718/logs/qcd_hardqcd_importance_adaptive1500k_phys_wave3_20260718_bin00_pthat50to75_shard1033_seed1201033_pythia.log	25	| | affiliations, can be found on https://pythia.org/. | |	configuration_evidence_candidate
background	qcd_hardqcd	qcd_hardqcd_importance_adaptive1500k_phys_wave3_20260718	representative_provenance	background/qcd_hardqcd/qcd_hardqcd_importance_adaptive1500k_phys_wave3_20260718/logs/qcd_hardqcd_importance_adaptive1500k_phys_wave3_20260718_bin00_pthat50to75_shard1033_seed1201033_pythia.log	26	| | Problems or bugs should be reported on email at authors@pythia.org. | |	configuration_evidence_candidate
background	qcd_hardqcd	qcd_hardqcd_importance_adaptive1500k_phys_wave3_20260718	representative_provenance	background/qcd_hardqcd/qcd_hardqcd_importance_adaptive1500k_phys_wave3_20260718/logs/qcd_hardqcd_importance_adaptive1500k_phys_wave3_20260718_bin00_pthat50to75_shard1033_seed1201033_pythia.log	29	| | 'A comprehensive guide to the physics and usage of Pythia 8.3', | |	configuration_evidence_candidate
background	qcd_hardqcd	qcd_hardqcd_importance_adaptive1500k_phys_wave3_20260718	representative_provenance	background/qcd_hardqcd/qcd_hardqcd_importance_adaptive1500k_phys_wave3_20260718/logs/qcd_hardqcd_importance_adaptive1500k_phys_wave3_20260718_bin00_pthat50to75_shard1033_seed1201033_pythia.log	32	| | PYTHIA is released under the GNU General Public Licence version 2 or later.| |	configuration_evidence_candidate
background	qcd_hardqcd	qcd_hardqcd_importance_adaptive1500k_phys_wave3_20260718	representative_provenance	background/qcd_hardqcd/qcd_hardqcd_importance_adaptive1500k_phys_wave3_20260718/logs/qcd_hardqcd_importance_adaptive1500k_phys_wave3_20260718_bin00_pthat50to75_shard1033_seed1201033_pythia.log	46	*------- PYTHIA Process Initialization --------------------------*	configuration_evidence_candidate
background	qcd_hardqcd	qcd_hardqcd_importance_adaptive1500k_phys_wave3_20260718	representative_provenance	background/qcd_hardqcd/qcd_hardqcd_importance_adaptive1500k_phys_wave3_20260718/logs/qcd_hardqcd_importance_adaptive1500k_phys_wave3_20260718_bin00_pthat50to75_shard1033_seed1201033_pythia.log	68	*------- End PYTHIA Process Initialization -----------------------*	configuration_evidence_candidate
background	qcd_hardqcd	qcd_hardqcd_importance_adaptive1500k_phys_wave3_20260718	representative_provenance	background/qcd_hardqcd/qcd_hardqcd_importance_adaptive1500k_phys_wave3_20260718/logs/qcd_hardqcd_importance_adaptive1500k_phys_wave3_20260718_bin00_pthat50to75_shard1033_seed1201033_pythia.log	70	*------- PYTHIA Multiparton Interactions Initialization ---------*	configuration_evidence_candidate
background	qcd_hardqcd	qcd_hardqcd_importance_adaptive1500k_phys_wave3_20260718	representative_provenance	background/qcd_hardqcd/qcd_hardqcd_importance_adaptive1500k_phys_wave3_20260718/logs/qcd_hardqcd_importance_adaptive1500k_phys_wave3_20260718_bin00_pthat50to75_shard1033_seed1201033_pythia.log	76	*------- End PYTHIA Multiparton Interactions Initialization -----*	configuration_evidence_candidate
background	qcd_hardqcd	qcd_hardqcd_importance_adaptive1500k_phys_wave3_20260718	representative_provenance	background/qcd_hardqcd/qcd_hardqcd_importance_adaptive1500k_phys_wave3_20260718/logs/qcd_hardqcd_importance_adaptive1500k_phys_wave3_20260718_bin00_pthat50to75_shard1033_seed1201033_pythia.log	78	*------- PYTHIA Flag + Mode + Parm + Word + FVec + MVec + PVec + WVec Settings (changes only) ------------------*	configuration_evidence_candidate
background	qcd_hardqcd	qcd_hardqcd_importance_adaptive1500k_phys_wave3_20260718	representative_provenance	background/qcd_hardqcd/qcd_hardqcd_importance_adaptive1500k_phys_wave3_20260718/logs/qcd_hardqcd_importance_adaptive1500k_phys_wave3_20260718_bin00_pthat50to75_shard1033_seed1201033_pythia.log	82	| Beams:eCM | 13000.000 | 14000.000 0.0 |	configuration_evidence_candidate
background	qcd_hardqcd	qcd_hardqcd_importance_adaptive1500k_phys_wave3_20260718	representative_provenance	background/qcd_hardqcd/qcd_hardqcd_importance_adaptive1500k_phys_wave3_20260718/logs/qcd_hardqcd_importance_adaptive1500k_phys_wave3_20260718_bin00_pthat50to75_shard1033_seed1201033_pythia.log	83	| HardQCD:all | on | off |	configuration_evidence_candidate
background	qcd_hardqcd	qcd_hardqcd_importance_adaptive1500k_phys_wave3_20260718	representative_provenance	background/qcd_hardqcd/qcd_hardqcd_importance_adaptive1500k_phys_wave3_20260718/logs/qcd_hardqcd_importance_adaptive1500k_phys_wave3_20260718_bin00_pthat50to75_shard1033_seed1201033_pythia.log	88	| PhaseSpace:pTHatMax | 75.00000 | -1.00000 |	configuration_evidence_candidate
background	qcd_hardqcd	qcd_hardqcd_importance_adaptive1500k_phys_wave3_20260718	representative_provenance	background/qcd_hardqcd/qcd_hardqcd_importance_adaptive1500k_phys_wave3_20260718/logs/qcd_hardqcd_importance_adaptive1500k_phys_wave3_20260718_bin00_pthat50to75_shard1033_seed1201033_pythia.log	89	| PhaseSpace:pTHatMin | 50.00000 | 0.0 0.0 |	configuration_evidence_candidate
background	qcd_hardqcd	qcd_hardqcd_importance_adaptive1500k_phys_wave3_20260718	representative_provenance	background/qcd_hardqcd/qcd_hardqcd_importance_adaptive1500k_phys_wave3_20260718/logs/qcd_hardqcd_importance_adaptive1500k_phys_wave3_20260718_bin00_pthat50to75_shard1033_seed1201033_pythia.log	93	*------- End PYTHIA Flag + Mode + Parm + Word + FVec + MVec + PVec + WVec Settings -----------------------------*	configuration_evidence_candidate
background	qcd_hardqcd	qcd_hardqcd_importance_adaptive1500k_phys_wave3_20260718	representative_provenance	background/qcd_hardqcd/qcd_hardqcd_importance_adaptive1500k_phys_wave3_20260718/logs/qcd_hardqcd_importance_adaptive1500k_phys_wave3_20260718_bin00_pthat50to75_shard1033_seed1201033_pythia.log	95	-------- PYTHIA Particle Data Table (changed only) ------------------------------------------------------------------------------	configuration_evidence_candidate
background	qcd_hardqcd	qcd_hardqcd_importance_adaptive1500k_phys_wave3_20260718	representative_provenance	background/qcd_hardqcd/qcd_hardqcd_importance_adaptive1500k_phys_wave3_20260718/logs/qcd_hardqcd_importance_adaptive1500k_phys_wave3_20260718_bin00_pthat50to75_shard1033_seed1201033_pythia.log	102	-------- End PYTHIA Particle Data Table -----------------------------------------------------------------------------------------	configuration_evidence_candidate
background	qcd_hardqcd	qcd_hardqcd_importance_adaptive1500k_phys_wave3_20260718	representative_provenance	background/qcd_hardqcd/qcd_hardqcd_importance_adaptive1500k_phys_wave3_20260718/logs/qcd_hardqcd_importance_adaptive1500k_phys_wave3_20260718_bin00_pthat50to75_shard1033_seed1201033_pythia.log	104	PYTHIA Error in SimpleSpaceShower::pT2nearThreshold: stuck in loop	configuration_evidence_candidate
background	qcd_hardqcd	qcd_hardqcd_importance_adaptive1500k_phys_wave3_20260718	representative_provenance	background/qcd_hardqcd/qcd_hardqcd_importance_adaptive1500k_phys_wave3_20260718/logs/qcd_hardqcd_importance_adaptive1500k_phys_wave3_20260718_bin00_pthat50to75_shard1033_seed1201033_pythia.log	105	PYTHIA Warning in PhaseSpace::trialKin123: maximum for cross section violated	configuration_evidence_candidate
background	qcd_hardqcd	qcd_hardqcd_importance_adaptive1500k_phys_wave3_20260718	representative_provenance	background/qcd_hardqcd/qcd_hardqcd_importance_adaptive1500k_phys_wave3_20260718/logs/qcd_hardqcd_importance_adaptive1500k_phys_wave3_20260718_bin00_pthat50to75_shard1033_seed1201033_pythia.log	107	Pythia::next(): 1000 events have been generated	configuration_evidence_candidate
background	qcd_hardqcd	qcd_hardqcd_importance_adaptive1500k_phys_wave3_20260718	representative_provenance	background/qcd_hardqcd/qcd_hardqcd_importance_adaptive1500k_phys_wave3_20260718/logs/qcd_hardqcd_importance_adaptive1500k_phys_wave3_20260718_bin00_pthat50to75_shard1033_seed1201033_pythia.log	109	Pythia::next(): 2000 events have been generated	configuration_evidence_candidate
background	qcd_hardqcd	qcd_hardqcd_importance_adaptive1500k_phys_wave3_20260718	representative_provenance	background/qcd_hardqcd/qcd_hardqcd_importance_adaptive1500k_phys_wave3_20260718/logs/qcd_hardqcd_importance_adaptive1500k_phys_wave3_20260718_bin00_pthat50to75_shard1033_seed1201033_pythia.log	110	PYTHIA Warning in MultipartonInteractions::pTnext: weight above unity	configuration_evidence_candidate
background	qcd_hardqcd	qcd_hardqcd_importance_adaptive1500k_phys_wave3_20260718	representative_provenance	background/qcd_hardqcd/qcd_hardqcd_importance_adaptive1500k_phys_wave3_20260718/logs/qcd_hardqcd_importance_adaptive1500k_phys_wave3_20260718_bin00_pthat50to75_shard1033_seed1201033_pythia.log	112	Pythia::next(): 3000 events have been generated	configuration_evidence_candidate
background	qcd_hardqcd	qcd_hardqcd_importance_adaptive1500k_phys_wave3_20260718	representative_provenance	background/qcd_hardqcd/qcd_hardqcd_importance_adaptive1500k_phys_wave3_20260718/logs/qcd_hardqcd_importance_adaptive1500k_phys_wave3_20260718_bin00_pthat50to75_shard1033_seed1201033_pythia.log	113	PYTHIA Warning in Pythia::check: energy-momentum not quite conserved	configuration_evidence_candidate
background	qcd_hardqcd	qcd_hardqcd_importance_adaptive1500k_phys_wave3_20260718	representative_provenance	background/qcd_hardqcd/qcd_hardqcd_importance_adaptive1500k_phys_wave3_20260718/logs/qcd_hardqcd_importance_adaptive1500k_phys_wave3_20260718_bin00_pthat50to75_shard1033_seed1201033_pythia.log	114	PYTHIA Warning in SimpleSpaceShower::pT2nextQCD: weight above unity	configuration_evidence_candidate
background	qcd_hardqcd	qcd_hardqcd_importance_adaptive1500k_phys_wave3_20260718	representative_provenance	background/qcd_hardqcd/qcd_hardqcd_importance_adaptive1500k_phys_wave3_20260718/logs/qcd_hardqcd_importance_adaptive1500k_phys_wave3_20260718_bin00_pthat50to75_shard1033_seed1201033_pythia.log	116	Pythia::next(): 4000 events have been generated	configuration_evidence_candidate
background	qcd_hardqcd	qcd_hardqcd_importance_adaptive1500k_phys_wave3_20260718	representative_provenance	background/qcd_hardqcd/qcd_hardqcd_importance_adaptive1500k_phys_wave3_20260718/logs/qcd_hardqcd_importance_adaptive1500k_phys_wave3_20260718_bin00_pthat50to75_shard1033_seed1201033_pythia.log	118	Pythia::next(): 5000 events have been generated	configuration_evidence_candidate
background	qcd_hardqcd	qcd_hardqcd_importance_adaptive1500k_phys_wave3_20260718	representative_provenance	background/qcd_hardqcd/qcd_hardqcd_importance_adaptive1500k_phys_wave3_20260718/logs/qcd_hardqcd_importance_adaptive1500k_phys_wave3_20260718_bin00_pthat50to75_shard1033_seed1201033_pythia.log	120	Pythia::next(): 6000 events have been generated	configuration_evidence_candidate
background	qcd_hardqcd	qcd_hardqcd_importance_adaptive1500k_phys_wave3_20260718	representative_provenance	background/qcd_hardqcd/qcd_hardqcd_importance_adaptive1500k_phys_wave3_20260718/logs/qcd_hardqcd_importance_adaptive1500k_phys_wave3_20260718_bin00_pthat50to75_shard1033_seed1201033_pythia.log	122	Pythia::next(): 7000 events have been generated	configuration_evidence_candidate
background	qcd_hardqcd	qcd_hardqcd_importance_adaptive1500k_phys_wave3_20260718	representative_provenance	background/qcd_hardqcd/qcd_hardqcd_importance_adaptive1500k_phys_wave3_20260718/logs/qcd_hardqcd_importance_adaptive1500k_phys_wave3_20260718_bin00_pthat50to75_shard1033_seed1201033_pythia.log	124	Pythia::next(): 8000 events have been generated	configuration_evidence_candidate
background	qcd_hardqcd	qcd_hardqcd_importance_adaptive1500k_phys_wave3_20260718	representative_provenance	background/qcd_hardqcd/qcd_hardqcd_importance_adaptive1500k_phys_wave3_20260718/logs/qcd_hardqcd_importance_adaptive1500k_phys_wave3_20260718_bin00_pthat50to75_shard1033_seed1201033_pythia.log	126	Pythia::next(): 9000 events have been generated	configuration_evidence_candidate
background	qcd_hardqcd	qcd_hardqcd_importance_adaptive1500k_phys_wave3_20260718	representative_provenance	background/qcd_hardqcd/qcd_hardqcd_importance_adaptive1500k_phys_wave3_20260718/logs/qcd_hardqcd_importance_adaptive1500k_phys_wave3_20260718_bin00_pthat50to75_shard1033_seed1201033_pythia.log	128	*------- PYTHIA Event and Cross Section Statistics -------------------------------------------------------------*	configuration_evidence_candidate
background	qcd_hardqcd	qcd_hardqcd_importance_adaptive1500k_phys_wave3_20260718	representative_provenance	background/qcd_hardqcd/qcd_hardqcd_importance_adaptive1500k_phys_wave3_20260718/logs/qcd_hardqcd_importance_adaptive1500k_phys_wave3_20260718_bin00_pthat50to75_shard1033_seed1201033_pythia.log	148	*------- End PYTHIA Event and Cross Section Statistics ----------------------------------------------------------*	configuration_evidence_candidate
background	qcd_hardqcd	qcd_hardqcd_importance_adaptive1500k_phys_wave3_20260718	representative_provenance	background/qcd_hardqcd/qcd_hardqcd_importance_adaptive1500k_phys_wave3_20260718/logs/qcd_hardqcd_importance_adaptive1500k_phys_wave3_20260718_bin00_pthat50to75_shard1033_seed1201033_pythia.log	150	*------- PYTHIA Error and Warning Messages Statistics ----------------------------------------------------------*	configuration_evidence_candidate
background	qcd_hardqcd	qcd_hardqcd_importance_adaptive1500k_phys_wave3_20260718	representative_provenance	background/qcd_hardqcd/qcd_hardqcd_importance_adaptive1500k_phys_wave3_20260718/logs/qcd_hardqcd_importance_adaptive1500k_phys_wave3_20260718_bin00_pthat50to75_shard1033_seed1201033_pythia.log	157	| 2 Warning in Pythia::check: energy-momentum not quite conserved |	configuration_evidence_candidate
background	qcd_hardqcd	qcd_hardqcd_importance_adaptive1500k_phys_wave3_20260718	representative_provenance	background/qcd_hardqcd/qcd_hardqcd_importance_adaptive1500k_phys_wave3_20260718/logs/qcd_hardqcd_importance_adaptive1500k_phys_wave3_20260718_bin00_pthat50to75_shard1033_seed1201033_pythia.log	160	*------- End PYTHIA Error and Warning Messages Statistics ------------------------------------------------------*	configuration_evidence_candidate
background	qcd_hardqcd	qcd_hardqcd_importance_adaptive1500k_phys_wave3_20260718	representative_provenance	background/qcd_hardqcd/qcd_hardqcd_importance_adaptive1500k_phys_wave3_20260718/metadata/qcd_hardqcd_importance_adaptive1500k_phys_wave3_20260718_bin00_pthat50to75_shard1033_seed1201033_generator.json	2	"""generator"": ""Pythia8"","	configuration_evidence_candidate
background	qcd_hardqcd	qcd_hardqcd_importance_adaptive1500k_phys_wave3_20260718	representative_provenance	background/qcd_hardqcd/qcd_hardqcd_importance_adaptive1500k_phys_wave3_20260718/metadata/qcd_hardqcd_importance_adaptive1500k_phys_wave3_20260718_bin00_pthat50to75_shard1033_seed1201033_generator.json	3	"""process"": ""HardQCD:all"","	configuration_evidence_candidate
background	qcd_hardqcd	qcd_hardqcd_importance_adaptive1500k_phys_wave3_20260718	representative_provenance	background/qcd_hardqcd/qcd_hardqcd_importance_adaptive1500k_phys_wave3_20260718/metadata/qcd_hardqcd_importance_adaptive1500k_phys_wave3_20260718_bin00_pthat50to75_shard1033_seed1201033_generator.json	16	"""event_weight_convention"": ""pythia_info_weight_normalized_to_sigma_gen"","	configuration_evidence_candidate
background	qcd_hardqcd	qcd_hardqcd_importance_adaptive1500k_phys_wave3_20260718	representative_provenance	background/qcd_hardqcd/qcd_hardqcd_importance_adaptive1500k_phys_wave3_20260718/metadata/qcd_hardqcd_importance_adaptive1500k_phys_wave3_20260718_bin00_pthat50to75_shard1033_seed1201033_provenance.json	8	"""event_weight_convention"": ""pythia_info_weight_normalized_to_sigma_gen"","	configuration_evidence_candidate
background	qcd_hardqcd	qcd_hardqcd_importance_adaptive1500k_phys_wave3_20260718	representative_provenance	background/qcd_hardqcd/qcd_hardqcd_importance_adaptive1500k_phys_wave3_20260718/metadata/qcd_hardqcd_importance_adaptive1500k_phys_wave3_20260718_bin00_pthat50to75_shard1033_seed1201033_provenance.json	9	"""generator"": ""Pythia8"","	configuration_evidence_candidate
background	qcd_hardqcd	qcd_hardqcd_importance_adaptive1500k_phys_wave3_20260718	representative_provenance	background/qcd_hardqcd/qcd_hardqcd_importance_adaptive1500k_phys_wave3_20260718/metadata/qcd_hardqcd_importance_adaptive1500k_phys_wave3_20260718_bin00_pthat50to75_shard1033_seed1201033_provenance.json	17	"""process"": ""HardQCD:all"","	configuration_evidence_candidate
background	qcd_hardqcd	qcd_hardqcd_importance_adaptive1500k_phys_wave3_20260718	representative_provenance	background/qcd_hardqcd/qcd_hardqcd_importance_adaptive1500k_phys_wave3_20260718/metadata/qcd_hardqcd_importance_adaptive1500k_phys_wave3_20260718_bin00_pthat50to75_shard1033_seed1201033_provenance.json	37	"""pythia_configuration"": ""pythia8-config"","	configuration_evidence_candidate
background	qcd_hardqcd	qcd_hardqcd_importance_adaptive1500k_phys_wave3_20260718	representative_provenance	background/qcd_hardqcd/qcd_hardqcd_importance_adaptive1500k_phys_wave3_20260718/metadata/qcd_hardqcd_importance_adaptive1500k_phys_wave3_20260718_bin00_pthat50to75_shard1033_seed1201033_provenance.json	40	"""sample"": ""Pythia8 inclusive HardQCD"","	configuration_evidence_candidate
background	qcd_hardqcd	qcd_hardqcd_importance_adaptive500k_phys_20260717_0022	representative_provenance	background/qcd_hardqcd/qcd_hardqcd_importance_adaptive500k_phys_20260717_0022/logs/qcd_hardqcd_importance_adaptive500k_phys_20260717_0022_bin00_pthat50to75_shard1819_seed1201819_compile_arguments.txt	1	pythia_configuration=pythia8-config	configuration_evidence_candidate
background	qcd_hardqcd	qcd_hardqcd_importance_adaptive500k_phys_20260717_0022	representative_provenance	background/qcd_hardqcd/qcd_hardqcd_importance_adaptive500k_phys_20260717_0022/logs/qcd_hardqcd_importance_adaptive500k_phys_20260717_0022_bin00_pthat50to75_shard1819_seed1201819_compile_arguments.txt	13	compile_arg[009]=-I/cvmfs/sft.cern.ch/lcg/releases/MCGenerators/pythia8/312-1b262/x86_64-el9-gcc13-opt/include	configuration_evidence_candidate
background	qcd_hardqcd	qcd_hardqcd_importance_adaptive500k_phys_20260717_0022	representative_provenance	background/qcd_hardqcd/qcd_hardqcd_importance_adaptive500k_phys_20260717_0022/logs/qcd_hardqcd_importance_adaptive500k_phys_20260717_0022_bin00_pthat50to75_shard1819_seed1201819_compile_arguments.txt	17	compile_arg[013]=/srv/payload/repo/scripts/production/generate_pythia8_hardqcd_hepmc3.cc	configuration_evidence_candidate
background	qcd_hardqcd	qcd_hardqcd_importance_adaptive500k_phys_20260717_0022	representative_provenance	background/qcd_hardqcd/qcd_hardqcd_importance_adaptive500k_phys_20260717_0022/logs/qcd_hardqcd_importance_adaptive500k_phys_20260717_0022_bin00_pthat50to75_shard1819_seed1201819_compile_arguments.txt	20	compile_arg[016]=-L/cvmfs/sft.cern.ch/lcg/releases/MCGenerators/pythia8/312-1b262/x86_64-el9-gcc13-opt/lib	configuration_evidence_candidate
background	qcd_hardqcd	qcd_hardqcd_importance_adaptive500k_phys_20260717_0022	representative_provenance	background/qcd_hardqcd/qcd_hardqcd_importance_adaptive500k_phys_20260717_0022/logs/qcd_hardqcd_importance_adaptive500k_phys_20260717_0022_bin00_pthat50to75_shard1819_seed1201819_compile_arguments.txt	21	compile_arg[017]=-Wl\,-rpath\,/cvmfs/sft.cern.ch/lcg/releases/MCGenerators/pythia8/312-1b262/x86_64-el9-gcc13-opt/lib	configuration_evidence_candidate
background	qcd_hardqcd	qcd_hardqcd_importance_adaptive500k_phys_20260717_0022	representative_provenance	background/qcd_hardqcd/qcd_hardqcd_importance_adaptive500k_phys_20260717_0022/logs/qcd_hardqcd_importance_adaptive500k_phys_20260717_0022_bin00_pthat50to75_shard1819_seed1201819_compile_arguments.txt	22	compile_arg[018]=-lpythia8	configuration_evidence_candidate
background	qcd_hardqcd	qcd_hardqcd_importance_adaptive500k_phys_20260717_0022	representative_provenance	background/qcd_hardqcd/qcd_hardqcd_importance_adaptive500k_phys_20260717_0022/logs/qcd_hardqcd_importance_adaptive500k_phys_20260717_0022_bin00_pthat50to75_shard1819_seed1201819_pythia.log	8	| | P P Y Y T H H I A A This is PYTHIA version 8.312 | |	configuration_evidence_candidate
background	qcd_hardqcd	qcd_hardqcd_importance_adaptive500k_phys_20260717_0022	representative_provenance	background/qcd_hardqcd/qcd_hardqcd_importance_adaptive500k_phys_20260717_0022/logs/qcd_hardqcd_importance_adaptive500k_phys_20260717_0022_bin00_pthat50to75_shard1819_seed1201819_pythia.log	15	| | https://pythia.org/ | |	configuration_evidence_candidate
background	qcd_hardqcd	qcd_hardqcd_importance_adaptive500k_phys_20260717_0022	representative_provenance	background/qcd_hardqcd/qcd_hardqcd_importance_adaptive500k_phys_20260717_0022/logs/qcd_hardqcd_importance_adaptive500k_phys_20260717_0022_bin00_pthat50to75_shard1819_seed1201819_pythia.log	17	| | PYTHIA is authored by a collaboration consisting of: | |	configuration_evidence_candidate
background	qcd_hardqcd	qcd_hardqcd_importance_adaptive500k_phys_20260717_0022	representative_provenance	background/qcd_hardqcd/qcd_hardqcd_importance_adaptive500k_phys_20260717_0022/logs/qcd_hardqcd_importance_adaptive500k_phys_20260717_0022_bin00_pthat50to75_shard1819_seed1201819_pythia.log	25	| | affiliations, can be found on https://pythia.org/. | |	configuration_evidence_candidate
background	qcd_hardqcd	qcd_hardqcd_importance_adaptive500k_phys_20260717_0022	representative_provenance	background/qcd_hardqcd/qcd_hardqcd_importance_adaptive500k_phys_20260717_0022/logs/qcd_hardqcd_importance_adaptive500k_phys_20260717_0022_bin00_pthat50to75_shard1819_seed1201819_pythia.log	26	| | Problems or bugs should be reported on email at authors@pythia.org. | |	configuration_evidence_candidate
background	qcd_hardqcd	qcd_hardqcd_importance_adaptive500k_phys_20260717_0022	representative_provenance	background/qcd_hardqcd/qcd_hardqcd_importance_adaptive500k_phys_20260717_0022/logs/qcd_hardqcd_importance_adaptive500k_phys_20260717_0022_bin00_pthat50to75_shard1819_seed1201819_pythia.log	29	| | 'A comprehensive guide to the physics and usage of Pythia 8.3', | |	configuration_evidence_candidate
background	qcd_hardqcd	qcd_hardqcd_importance_adaptive500k_phys_20260717_0022	representative_provenance	background/qcd_hardqcd/qcd_hardqcd_importance_adaptive500k_phys_20260717_0022/logs/qcd_hardqcd_importance_adaptive500k_phys_20260717_0022_bin00_pthat50to75_shard1819_seed1201819_pythia.log	32	| | PYTHIA is released under the GNU General Public Licence version 2 or later.| |	configuration_evidence_candidate
background	qcd_hardqcd	qcd_hardqcd_importance_adaptive500k_phys_20260717_0022	representative_provenance	background/qcd_hardqcd/qcd_hardqcd_importance_adaptive500k_phys_20260717_0022/logs/qcd_hardqcd_importance_adaptive500k_phys_20260717_0022_bin00_pthat50to75_shard1819_seed1201819_pythia.log	46	*------- PYTHIA Process Initialization --------------------------*	configuration_evidence_candidate
background	qcd_hardqcd	qcd_hardqcd_importance_adaptive500k_phys_20260717_0022	representative_provenance	background/qcd_hardqcd/qcd_hardqcd_importance_adaptive500k_phys_20260717_0022/logs/qcd_hardqcd_importance_adaptive500k_phys_20260717_0022_bin00_pthat50to75_shard1819_seed1201819_pythia.log	68	*------- End PYTHIA Process Initialization -----------------------*	configuration_evidence_candidate
background	qcd_hardqcd	qcd_hardqcd_importance_adaptive500k_phys_20260717_0022	representative_provenance	background/qcd_hardqcd/qcd_hardqcd_importance_adaptive500k_phys_20260717_0022/logs/qcd_hardqcd_importance_adaptive500k_phys_20260717_0022_bin00_pthat50to75_shard1819_seed1201819_pythia.log	70	*------- PYTHIA Multiparton Interactions Initialization ---------*	configuration_evidence_candidate
background	qcd_hardqcd	qcd_hardqcd_importance_adaptive500k_phys_20260717_0022	representative_provenance	background/qcd_hardqcd/qcd_hardqcd_importance_adaptive500k_phys_20260717_0022/logs/qcd_hardqcd_importance_adaptive500k_phys_20260717_0022_bin00_pthat50to75_shard1819_seed1201819_pythia.log	76	*------- End PYTHIA Multiparton Interactions Initialization -----*	configuration_evidence_candidate
background	qcd_hardqcd	qcd_hardqcd_importance_adaptive500k_phys_20260717_0022	representative_provenance	background/qcd_hardqcd/qcd_hardqcd_importance_adaptive500k_phys_20260717_0022/logs/qcd_hardqcd_importance_adaptive500k_phys_20260717_0022_bin00_pthat50to75_shard1819_seed1201819_pythia.log	78	*------- PYTHIA Flag + Mode + Parm + Word + FVec + MVec + PVec + WVec Settings (changes only) ------------------*	configuration_evidence_candidate
background	qcd_hardqcd	qcd_hardqcd_importance_adaptive500k_phys_20260717_0022	representative_provenance	background/qcd_hardqcd/qcd_hardqcd_importance_adaptive500k_phys_20260717_0022/logs/qcd_hardqcd_importance_adaptive500k_phys_20260717_0022_bin00_pthat50to75_shard1819_seed1201819_pythia.log	82	| Beams:eCM | 13000.000 | 14000.000 0.0 |	configuration_evidence_candidate
background	qcd_hardqcd	qcd_hardqcd_importance_adaptive500k_phys_20260717_0022	representative_provenance	background/qcd_hardqcd/qcd_hardqcd_importance_adaptive500k_phys_20260717_0022/logs/qcd_hardqcd_importance_adaptive500k_phys_20260717_0022_bin00_pthat50to75_shard1819_seed1201819_pythia.log	83	| HardQCD:all | on | off |	configuration_evidence_candidate
background	qcd_hardqcd	qcd_hardqcd_importance_adaptive500k_phys_20260717_0022	representative_provenance	background/qcd_hardqcd/qcd_hardqcd_importance_adaptive500k_phys_20260717_0022/logs/qcd_hardqcd_importance_adaptive500k_phys_20260717_0022_bin00_pthat50to75_shard1819_seed1201819_pythia.log	88	| PhaseSpace:pTHatMax | 75.00000 | -1.00000 |	configuration_evidence_candidate
background	qcd_hardqcd	qcd_hardqcd_importance_adaptive500k_phys_20260717_0022	representative_provenance	background/qcd_hardqcd/qcd_hardqcd_importance_adaptive500k_phys_20260717_0022/logs/qcd_hardqcd_importance_adaptive500k_phys_20260717_0022_bin00_pthat50to75_shard1819_seed1201819_pythia.log	89	| PhaseSpace:pTHatMin | 50.00000 | 0.0 0.0 |	configuration_evidence_candidate
background	qcd_hardqcd	qcd_hardqcd_importance_adaptive500k_phys_20260717_0022	representative_provenance	background/qcd_hardqcd/qcd_hardqcd_importance_adaptive500k_phys_20260717_0022/logs/qcd_hardqcd_importance_adaptive500k_phys_20260717_0022_bin00_pthat50to75_shard1819_seed1201819_pythia.log	93	*------- End PYTHIA Flag + Mode + Parm + Word + FVec + MVec + PVec + WVec Settings -----------------------------*	configuration_evidence_candidate
background	qcd_hardqcd	qcd_hardqcd_importance_adaptive500k_phys_20260717_0022	representative_provenance	background/qcd_hardqcd/qcd_hardqcd_importance_adaptive500k_phys_20260717_0022/logs/qcd_hardqcd_importance_adaptive500k_phys_20260717_0022_bin00_pthat50to75_shard1819_seed1201819_pythia.log	95	-------- PYTHIA Particle Data Table (changed only) ------------------------------------------------------------------------------	configuration_evidence_candidate
background	qcd_hardqcd	qcd_hardqcd_importance_adaptive500k_phys_20260717_0022	representative_provenance	background/qcd_hardqcd/qcd_hardqcd_importance_adaptive500k_phys_20260717_0022/logs/qcd_hardqcd_importance_adaptive500k_phys_20260717_0022_bin00_pthat50to75_shard1819_seed1201819_pythia.log	102	-------- End PYTHIA Particle Data Table -----------------------------------------------------------------------------------------	configuration_evidence_candidate
background	qcd_hardqcd	qcd_hardqcd_importance_adaptive500k_phys_20260717_0022	representative_provenance	background/qcd_hardqcd/qcd_hardqcd_importance_adaptive500k_phys_20260717_0022/logs/qcd_hardqcd_importance_adaptive500k_phys_20260717_0022_bin00_pthat50to75_shard1819_seed1201819_pythia.log	104	PYTHIA Error in SimpleSpaceShower::pT2nearThreshold: stuck in loop	configuration_evidence_candidate
background	qcd_hardqcd	qcd_hardqcd_importance_adaptive500k_phys_20260717_0022	representative_provenance	background/qcd_hardqcd/qcd_hardqcd_importance_adaptive500k_phys_20260717_0022/logs/qcd_hardqcd_importance_adaptive500k_phys_20260717_0022_bin00_pthat50to75_shard1819_seed1201819_pythia.log	106	Pythia::next(): 1000 events have been generated	configuration_evidence_candidate
background	qcd_hardqcd	qcd_hardqcd_importance_adaptive500k_phys_20260717_0022	representative_provenance	background/qcd_hardqcd/qcd_hardqcd_importance_adaptive500k_phys_20260717_0022/logs/qcd_hardqcd_importance_adaptive500k_phys_20260717_0022_bin00_pthat50to75_shard1819_seed1201819_pythia.log	108	Pythia::next(): 2000 events have been generated	configuration_evidence_candidate
background	qcd_hardqcd	qcd_hardqcd_importance_adaptive500k_phys_20260717_0022	representative_provenance	background/qcd_hardqcd/qcd_hardqcd_importance_adaptive500k_phys_20260717_0022/logs/qcd_hardqcd_importance_adaptive500k_phys_20260717_0022_bin00_pthat50to75_shard1819_seed1201819_pythia.log	110	Pythia::next(): 3000 events have been generated	configuration_evidence_candidate
background	qcd_hardqcd	qcd_hardqcd_importance_adaptive500k_phys_20260717_0022	representative_provenance	background/qcd_hardqcd/qcd_hardqcd_importance_adaptive500k_phys_20260717_0022/logs/qcd_hardqcd_importance_adaptive500k_phys_20260717_0022_bin00_pthat50to75_shard1819_seed1201819_pythia.log	112	Pythia::next(): 4000 events have been generated	configuration_evidence_candidate
background	qcd_hardqcd	qcd_hardqcd_importance_adaptive500k_phys_20260717_0022	representative_provenance	background/qcd_hardqcd/qcd_hardqcd_importance_adaptive500k_phys_20260717_0022/logs/qcd_hardqcd_importance_adaptive500k_phys_20260717_0022_bin00_pthat50to75_shard1819_seed1201819_pythia.log	114	Pythia::next(): 5000 events have been generated	configuration_evidence_candidate
background	qcd_hardqcd	qcd_hardqcd_importance_adaptive500k_phys_20260717_0022	representative_provenance	background/qcd_hardqcd/qcd_hardqcd_importance_adaptive500k_phys_20260717_0022/logs/qcd_hardqcd_importance_adaptive500k_phys_20260717_0022_bin00_pthat50to75_shard1819_seed1201819_pythia.log	116	Pythia::next(): 6000 events have been generated	configuration_evidence_candidate
background	qcd_hardqcd	qcd_hardqcd_importance_adaptive500k_phys_20260717_0022	representative_provenance	background/qcd_hardqcd/qcd_hardqcd_importance_adaptive500k_phys_20260717_0022/logs/qcd_hardqcd_importance_adaptive500k_phys_20260717_0022_bin00_pthat50to75_shard1819_seed1201819_pythia.log	117	PYTHIA Warning in PhaseSpace::trialKin123: maximum for cross section violated	configuration_evidence_candidate
background	qcd_hardqcd	qcd_hardqcd_importance_adaptive500k_phys_20260717_0022	representative_provenance	background/qcd_hardqcd/qcd_hardqcd_importance_adaptive500k_phys_20260717_0022/logs/qcd_hardqcd_importance_adaptive500k_phys_20260717_0022_bin00_pthat50to75_shard1819_seed1201819_pythia.log	119	Pythia::next(): 7000 events have been generated	configuration_evidence_candidate
background	qcd_hardqcd	qcd_hardqcd_importance_adaptive500k_phys_20260717_0022	representative_provenance	background/qcd_hardqcd/qcd_hardqcd_importance_adaptive500k_phys_20260717_0022/logs/qcd_hardqcd_importance_adaptive500k_phys_20260717_0022_bin00_pthat50to75_shard1819_seed1201819_pythia.log	121	Pythia::next(): 8000 events have been generated	configuration_evidence_candidate
background	qcd_hardqcd	qcd_hardqcd_importance_adaptive500k_phys_20260717_0022	representative_provenance	background/qcd_hardqcd/qcd_hardqcd_importance_adaptive500k_phys_20260717_0022/logs/qcd_hardqcd_importance_adaptive500k_phys_20260717_0022_bin00_pthat50to75_shard1819_seed1201819_pythia.log	123	Pythia::next(): 9000 events have been generated	configuration_evidence_candidate
background	qcd_hardqcd	qcd_hardqcd_importance_adaptive500k_phys_20260717_0022	representative_provenance	background/qcd_hardqcd/qcd_hardqcd_importance_adaptive500k_phys_20260717_0022/logs/qcd_hardqcd_importance_adaptive500k_phys_20260717_0022_bin00_pthat50to75_shard1819_seed1201819_pythia.log	124	PYTHIA Warning in SimpleSpaceShower::pT2nextQCD: small daughter PDF	configuration_evidence_candidate
background	qcd_hardqcd	qcd_hardqcd_importance_adaptive500k_phys_20260717_0022	representative_provenance	background/qcd_hardqcd/qcd_hardqcd_importance_adaptive500k_phys_20260717_0022/logs/qcd_hardqcd_importance_adaptive500k_phys_20260717_0022_bin00_pthat50to75_shard1819_seed1201819_pythia.log	126	*------- PYTHIA Event and Cross Section Statistics -------------------------------------------------------------*	configuration_evidence_candidate
background	qcd_hardqcd	qcd_hardqcd_importance_adaptive500k_phys_20260717_0022	representative_provenance	background/qcd_hardqcd/qcd_hardqcd_importance_adaptive500k_phys_20260717_0022/logs/qcd_hardqcd_importance_adaptive500k_phys_20260717_0022_bin00_pthat50to75_shard1819_seed1201819_pythia.log	146	*------- End PYTHIA Event and Cross Section Statistics ----------------------------------------------------------*	configuration_evidence_candidate
background	qcd_hardqcd	qcd_hardqcd_importance_adaptive500k_phys_20260717_0022	representative_provenance	background/qcd_hardqcd/qcd_hardqcd_importance_adaptive500k_phys_20260717_0022/logs/qcd_hardqcd_importance_adaptive500k_phys_20260717_0022_bin00_pthat50to75_shard1819_seed1201819_pythia.log	148	*------- PYTHIA Error and Warning Messages Statistics ----------------------------------------------------------*	configuration_evidence_candidate
background	qcd_hardqcd	qcd_hardqcd_importance_adaptive500k_phys_20260717_0022	representative_provenance	background/qcd_hardqcd/qcd_hardqcd_importance_adaptive500k_phys_20260717_0022/logs/qcd_hardqcd_importance_adaptive500k_phys_20260717_0022_bin00_pthat50to75_shard1819_seed1201819_pythia.log	156	*------- End PYTHIA Error and Warning Messages Statistics ------------------------------------------------------*	configuration_evidence_candidate
background	qcd_hardqcd	qcd_hardqcd_importance_adaptive500k_phys_20260717_0022	representative_provenance	background/qcd_hardqcd/qcd_hardqcd_importance_adaptive500k_phys_20260717_0022/metadata/qcd_hardqcd_importance_adaptive500k_phys_20260717_0022_bin00_pthat50to75_shard1819_seed1201819_generator.json	2	"""generator"": ""Pythia8"","	configuration_evidence_candidate
background	qcd_hardqcd	qcd_hardqcd_importance_adaptive500k_phys_20260717_0022	representative_provenance	background/qcd_hardqcd/qcd_hardqcd_importance_adaptive500k_phys_20260717_0022/metadata/qcd_hardqcd_importance_adaptive500k_phys_20260717_0022_bin00_pthat50to75_shard1819_seed1201819_generator.json	3	"""process"": ""HardQCD:all"","	configuration_evidence_candidate
background	qcd_hardqcd	qcd_hardqcd_importance_adaptive500k_phys_20260717_0022	representative_provenance	background/qcd_hardqcd/qcd_hardqcd_importance_adaptive500k_phys_20260717_0022/metadata/qcd_hardqcd_importance_adaptive500k_phys_20260717_0022_bin00_pthat50to75_shard1819_seed1201819_generator.json	16	"""event_weight_convention"": ""pythia_info_weight_normalized_to_sigma_gen"","	configuration_evidence_candidate
background	qcd_hardqcd	qcd_hardqcd_importance_adaptive500k_phys_20260717_0022	representative_provenance	background/qcd_hardqcd/qcd_hardqcd_importance_adaptive500k_phys_20260717_0022/metadata/qcd_hardqcd_importance_adaptive500k_phys_20260717_0022_bin00_pthat50to75_shard1819_seed1201819_provenance.json	8	"""event_weight_convention"": ""pythia_info_weight_normalized_to_sigma_gen"","	configuration_evidence_candidate
background	qcd_hardqcd	qcd_hardqcd_importance_adaptive500k_phys_20260717_0022	representative_provenance	background/qcd_hardqcd/qcd_hardqcd_importance_adaptive500k_phys_20260717_0022/metadata/qcd_hardqcd_importance_adaptive500k_phys_20260717_0022_bin00_pthat50to75_shard1819_seed1201819_provenance.json	9	"""generator"": ""Pythia8"","	configuration_evidence_candidate
background	qcd_hardqcd	qcd_hardqcd_importance_adaptive500k_phys_20260717_0022	representative_provenance	background/qcd_hardqcd/qcd_hardqcd_importance_adaptive500k_phys_20260717_0022/metadata/qcd_hardqcd_importance_adaptive500k_phys_20260717_0022_bin00_pthat50to75_shard1819_seed1201819_provenance.json	17	"""process"": ""HardQCD:all"","	configuration_evidence_candidate
background	qcd_hardqcd	qcd_hardqcd_importance_adaptive500k_phys_20260717_0022	representative_provenance	background/qcd_hardqcd/qcd_hardqcd_importance_adaptive500k_phys_20260717_0022/metadata/qcd_hardqcd_importance_adaptive500k_phys_20260717_0022_bin00_pthat50to75_shard1819_seed1201819_provenance.json	37	"""pythia_configuration"": ""pythia8-config"","	configuration_evidence_candidate
background	qcd_hardqcd	qcd_hardqcd_importance_adaptive500k_phys_20260717_0022	representative_provenance	background/qcd_hardqcd/qcd_hardqcd_importance_adaptive500k_phys_20260717_0022/metadata/qcd_hardqcd_importance_adaptive500k_phys_20260717_0022_bin00_pthat50to75_shard1819_seed1201819_provenance.json	40	"""sample"": ""Pythia8 inclusive HardQCD"","	configuration_evidence_candidate
background	qcd_hardqcd	qcd_hardqcd_importance_adaptive500k_phys_wave2_20260717	representative_provenance	background/qcd_hardqcd/qcd_hardqcd_importance_adaptive500k_phys_wave2_20260717/logs/qcd_hardqcd_importance_adaptive500k_phys_wave2_20260717_bin00_pthat50to75_shard9773_seed1209773_compile_arguments.txt	1	pythia_configuration=pythia8-config	configuration_evidence_candidate
background	qcd_hardqcd	qcd_hardqcd_importance_adaptive500k_phys_wave2_20260717	representative_provenance	background/qcd_hardqcd/qcd_hardqcd_importance_adaptive500k_phys_wave2_20260717/logs/qcd_hardqcd_importance_adaptive500k_phys_wave2_20260717_bin00_pthat50to75_shard9773_seed1209773_compile_arguments.txt	13	compile_arg[009]=-I/cvmfs/sft.cern.ch/lcg/releases/MCGenerators/pythia8/312-1b262/x86_64-el9-gcc13-opt/include	configuration_evidence_candidate
background	qcd_hardqcd	qcd_hardqcd_importance_adaptive500k_phys_wave2_20260717	representative_provenance	background/qcd_hardqcd/qcd_hardqcd_importance_adaptive500k_phys_wave2_20260717/logs/qcd_hardqcd_importance_adaptive500k_phys_wave2_20260717_bin00_pthat50to75_shard9773_seed1209773_compile_arguments.txt	17	compile_arg[013]=/srv/payload/repo/scripts/production/generate_pythia8_hardqcd_hepmc3.cc	configuration_evidence_candidate
background	qcd_hardqcd	qcd_hardqcd_importance_adaptive500k_phys_wave2_20260717	representative_provenance	background/qcd_hardqcd/qcd_hardqcd_importance_adaptive500k_phys_wave2_20260717/logs/qcd_hardqcd_importance_adaptive500k_phys_wave2_20260717_bin00_pthat50to75_shard9773_seed1209773_compile_arguments.txt	20	compile_arg[016]=-L/cvmfs/sft.cern.ch/lcg/releases/MCGenerators/pythia8/312-1b262/x86_64-el9-gcc13-opt/lib	configuration_evidence_candidate
background	qcd_hardqcd	qcd_hardqcd_importance_adaptive500k_phys_wave2_20260717	representative_provenance	background/qcd_hardqcd/qcd_hardqcd_importance_adaptive500k_phys_wave2_20260717/logs/qcd_hardqcd_importance_adaptive500k_phys_wave2_20260717_bin00_pthat50to75_shard9773_seed1209773_compile_arguments.txt	21	compile_arg[017]=-Wl\,-rpath\,/cvmfs/sft.cern.ch/lcg/releases/MCGenerators/pythia8/312-1b262/x86_64-el9-gcc13-opt/lib	configuration_evidence_candidate
background	qcd_hardqcd	qcd_hardqcd_importance_adaptive500k_phys_wave2_20260717	representative_provenance	background/qcd_hardqcd/qcd_hardqcd_importance_adaptive500k_phys_wave2_20260717/logs/qcd_hardqcd_importance_adaptive500k_phys_wave2_20260717_bin00_pthat50to75_shard9773_seed1209773_compile_arguments.txt	22	compile_arg[018]=-lpythia8	configuration_evidence_candidate
background	qcd_hardqcd	qcd_hardqcd_importance_adaptive500k_phys_wave2_20260717	representative_provenance	background/qcd_hardqcd/qcd_hardqcd_importance_adaptive500k_phys_wave2_20260717/logs/qcd_hardqcd_importance_adaptive500k_phys_wave2_20260717_bin00_pthat50to75_shard9773_seed1209773_pythia.log	8	| | P P Y Y T H H I A A This is PYTHIA version 8.312 | |	configuration_evidence_candidate
background	qcd_hardqcd	qcd_hardqcd_importance_adaptive500k_phys_wave2_20260717	representative_provenance	background/qcd_hardqcd/qcd_hardqcd_importance_adaptive500k_phys_wave2_20260717/logs/qcd_hardqcd_importance_adaptive500k_phys_wave2_20260717_bin00_pthat50to75_shard9773_seed1209773_pythia.log	15	| | https://pythia.org/ | |	configuration_evidence_candidate
background	qcd_hardqcd	qcd_hardqcd_importance_adaptive500k_phys_wave2_20260717	representative_provenance	background/qcd_hardqcd/qcd_hardqcd_importance_adaptive500k_phys_wave2_20260717/logs/qcd_hardqcd_importance_adaptive500k_phys_wave2_20260717_bin00_pthat50to75_shard9773_seed1209773_pythia.log	17	| | PYTHIA is authored by a collaboration consisting of: | |	configuration_evidence_candidate
background	qcd_hardqcd	qcd_hardqcd_importance_adaptive500k_phys_wave2_20260717	representative_provenance	background/qcd_hardqcd/qcd_hardqcd_importance_adaptive500k_phys_wave2_20260717/logs/qcd_hardqcd_importance_adaptive500k_phys_wave2_20260717_bin00_pthat50to75_shard9773_seed1209773_pythia.log	25	| | affiliations, can be found on https://pythia.org/. | |	configuration_evidence_candidate
background	qcd_hardqcd	qcd_hardqcd_importance_adaptive500k_phys_wave2_20260717	representative_provenance	background/qcd_hardqcd/qcd_hardqcd_importance_adaptive500k_phys_wave2_20260717/logs/qcd_hardqcd_importance_adaptive500k_phys_wave2_20260717_bin00_pthat50to75_shard9773_seed1209773_pythia.log	26	| | Problems or bugs should be reported on email at authors@pythia.org. | |	configuration_evidence_candidate
background	qcd_hardqcd	qcd_hardqcd_importance_adaptive500k_phys_wave2_20260717	representative_provenance	background/qcd_hardqcd/qcd_hardqcd_importance_adaptive500k_phys_wave2_20260717/logs/qcd_hardqcd_importance_adaptive500k_phys_wave2_20260717_bin00_pthat50to75_shard9773_seed1209773_pythia.log	29	| | 'A comprehensive guide to the physics and usage of Pythia 8.3', | |	configuration_evidence_candidate
background	qcd_hardqcd	qcd_hardqcd_importance_adaptive500k_phys_wave2_20260717	representative_provenance	background/qcd_hardqcd/qcd_hardqcd_importance_adaptive500k_phys_wave2_20260717/logs/qcd_hardqcd_importance_adaptive500k_phys_wave2_20260717_bin00_pthat50to75_shard9773_seed1209773_pythia.log	32	| | PYTHIA is released under the GNU General Public Licence version 2 or later.| |	configuration_evidence_candidate
background	qcd_hardqcd	qcd_hardqcd_importance_adaptive500k_phys_wave2_20260717	representative_provenance	background/qcd_hardqcd/qcd_hardqcd_importance_adaptive500k_phys_wave2_20260717/logs/qcd_hardqcd_importance_adaptive500k_phys_wave2_20260717_bin00_pthat50to75_shard9773_seed1209773_pythia.log	46	*------- PYTHIA Process Initialization --------------------------*	configuration_evidence_candidate
background	qcd_hardqcd	qcd_hardqcd_importance_adaptive500k_phys_wave2_20260717	representative_provenance	background/qcd_hardqcd/qcd_hardqcd_importance_adaptive500k_phys_wave2_20260717/logs/qcd_hardqcd_importance_adaptive500k_phys_wave2_20260717_bin00_pthat50to75_shard9773_seed1209773_pythia.log	68	*------- End PYTHIA Process Initialization -----------------------*	configuration_evidence_candidate
background	qcd_hardqcd	qcd_hardqcd_importance_adaptive500k_phys_wave2_20260717	representative_provenance	background/qcd_hardqcd/qcd_hardqcd_importance_adaptive500k_phys_wave2_20260717/logs/qcd_hardqcd_importance_adaptive500k_phys_wave2_20260717_bin00_pthat50to75_shard9773_seed1209773_pythia.log	70	*------- PYTHIA Multiparton Interactions Initialization ---------*	configuration_evidence_candidate
background	qcd_hardqcd	qcd_hardqcd_importance_adaptive500k_phys_wave2_20260717	representative_provenance	background/qcd_hardqcd/qcd_hardqcd_importance_adaptive500k_phys_wave2_20260717/logs/qcd_hardqcd_importance_adaptive500k_phys_wave2_20260717_bin00_pthat50to75_shard9773_seed1209773_pythia.log	76	*------- End PYTHIA Multiparton Interactions Initialization -----*	configuration_evidence_candidate
background	qcd_hardqcd	qcd_hardqcd_importance_adaptive500k_phys_wave2_20260717	representative_provenance	background/qcd_hardqcd/qcd_hardqcd_importance_adaptive500k_phys_wave2_20260717/logs/qcd_hardqcd_importance_adaptive500k_phys_wave2_20260717_bin00_pthat50to75_shard9773_seed1209773_pythia.log	78	*------- PYTHIA Flag + Mode + Parm + Word + FVec + MVec + PVec + WVec Settings (changes only) ------------------*	configuration_evidence_candidate
background	qcd_hardqcd	qcd_hardqcd_importance_adaptive500k_phys_wave2_20260717	representative_provenance	background/qcd_hardqcd/qcd_hardqcd_importance_adaptive500k_phys_wave2_20260717/logs/qcd_hardqcd_importance_adaptive500k_phys_wave2_20260717_bin00_pthat50to75_shard9773_seed1209773_pythia.log	82	| Beams:eCM | 13000.000 | 14000.000 0.0 |	configuration_evidence_candidate
background	qcd_hardqcd	qcd_hardqcd_importance_adaptive500k_phys_wave2_20260717	representative_provenance	background/qcd_hardqcd/qcd_hardqcd_importance_adaptive500k_phys_wave2_20260717/logs/qcd_hardqcd_importance_adaptive500k_phys_wave2_20260717_bin00_pthat50to75_shard9773_seed1209773_pythia.log	83	| HardQCD:all | on | off |	configuration_evidence_candidate
background	qcd_hardqcd	qcd_hardqcd_importance_adaptive500k_phys_wave2_20260717	representative_provenance	background/qcd_hardqcd/qcd_hardqcd_importance_adaptive500k_phys_wave2_20260717/logs/qcd_hardqcd_importance_adaptive500k_phys_wave2_20260717_bin00_pthat50to75_shard9773_seed1209773_pythia.log	88	| PhaseSpace:pTHatMax | 75.00000 | -1.00000 |	configuration_evidence_candidate
background	qcd_hardqcd	qcd_hardqcd_importance_adaptive500k_phys_wave2_20260717	representative_provenance	background/qcd_hardqcd/qcd_hardqcd_importance_adaptive500k_phys_wave2_20260717/logs/qcd_hardqcd_importance_adaptive500k_phys_wave2_20260717_bin00_pthat50to75_shard9773_seed1209773_pythia.log	89	| PhaseSpace:pTHatMin | 50.00000 | 0.0 0.0 |	configuration_evidence_candidate
background	qcd_hardqcd	qcd_hardqcd_importance_adaptive500k_phys_wave2_20260717	representative_provenance	background/qcd_hardqcd/qcd_hardqcd_importance_adaptive500k_phys_wave2_20260717/logs/qcd_hardqcd_importance_adaptive500k_phys_wave2_20260717_bin00_pthat50to75_shard9773_seed1209773_pythia.log	93	*------- End PYTHIA Flag + Mode + Parm + Word + FVec + MVec + PVec + WVec Settings -----------------------------*	configuration_evidence_candidate
background	qcd_hardqcd	qcd_hardqcd_importance_adaptive500k_phys_wave2_20260717	representative_provenance	background/qcd_hardqcd/qcd_hardqcd_importance_adaptive500k_phys_wave2_20260717/logs/qcd_hardqcd_importance_adaptive500k_phys_wave2_20260717_bin00_pthat50to75_shard9773_seed1209773_pythia.log	95	-------- PYTHIA Particle Data Table (changed only) ------------------------------------------------------------------------------	configuration_evidence_candidate
background	qcd_hardqcd	qcd_hardqcd_importance_adaptive500k_phys_wave2_20260717	representative_provenance	background/qcd_hardqcd/qcd_hardqcd_importance_adaptive500k_phys_wave2_20260717/logs/qcd_hardqcd_importance_adaptive500k_phys_wave2_20260717_bin00_pthat50to75_shard9773_seed1209773_pythia.log	102	-------- End PYTHIA Particle Data Table -----------------------------------------------------------------------------------------	configuration_evidence_candidate
background	qcd_hardqcd	qcd_hardqcd_importance_adaptive500k_phys_wave2_20260717	representative_provenance	background/qcd_hardqcd/qcd_hardqcd_importance_adaptive500k_phys_wave2_20260717/logs/qcd_hardqcd_importance_adaptive500k_phys_wave2_20260717_bin00_pthat50to75_shard9773_seed1209773_pythia.log	105	Pythia::next(): 1000 events have been generated	configuration_evidence_candidate
background	qcd_hardqcd	qcd_hardqcd_importance_adaptive500k_phys_wave2_20260717	representative_provenance	background/qcd_hardqcd/qcd_hardqcd_importance_adaptive500k_phys_wave2_20260717/logs/qcd_hardqcd_importance_adaptive500k_phys_wave2_20260717_bin00_pthat50to75_shard9773_seed1209773_pythia.log	107	Pythia::next(): 2000 events have been generated	configuration_evidence_candidate
background	qcd_hardqcd	qcd_hardqcd_importance_adaptive500k_phys_wave2_20260717	representative_provenance	background/qcd_hardqcd/qcd_hardqcd_importance_adaptive500k_phys_wave2_20260717/logs/qcd_hardqcd_importance_adaptive500k_phys_wave2_20260717_bin00_pthat50to75_shard9773_seed1209773_pythia.log	108	PYTHIA Error in SimpleSpaceShower::pT2nearThreshold: stuck in loop	configuration_evidence_candidate
background	qcd_hardqcd	qcd_hardqcd_importance_adaptive500k_phys_wave2_20260717	representative_provenance	background/qcd_hardqcd/qcd_hardqcd_importance_adaptive500k_phys_wave2_20260717/logs/qcd_hardqcd_importance_adaptive500k_phys_wave2_20260717_bin00_pthat50to75_shard9773_seed1209773_pythia.log	110	Pythia::next(): 3000 events have been generated	configuration_evidence_candidate
background	qcd_hardqcd	qcd_hardqcd_importance_adaptive500k_phys_wave2_20260717	representative_provenance	background/qcd_hardqcd/qcd_hardqcd_importance_adaptive500k_phys_wave2_20260717/logs/qcd_hardqcd_importance_adaptive500k_phys_wave2_20260717_bin00_pthat50to75_shard9773_seed1209773_pythia.log	111	PYTHIA Warning in PhaseSpace::trialKin123: maximum for cross section violated	configuration_evidence_candidate
background	qcd_hardqcd	qcd_hardqcd_importance_adaptive500k_phys_wave2_20260717	representative_provenance	background/qcd_hardqcd/qcd_hardqcd_importance_adaptive500k_phys_wave2_20260717/logs/qcd_hardqcd_importance_adaptive500k_phys_wave2_20260717_bin00_pthat50to75_shard9773_seed1209773_pythia.log	112	PYTHIA Warning in Pythia::check: energy-momentum not quite conserved	configuration_evidence_candidate
background	qcd_hardqcd	qcd_hardqcd_importance_adaptive500k_phys_wave2_20260717	representative_provenance	background/qcd_hardqcd/qcd_hardqcd_importance_adaptive500k_phys_wave2_20260717/logs/qcd_hardqcd_importance_adaptive500k_phys_wave2_20260717_bin00_pthat50to75_shard9773_seed1209773_pythia.log	114	Pythia::next(): 4000 events have been generated	configuration_evidence_candidate
background	qcd_hardqcd	qcd_hardqcd_importance_adaptive500k_phys_wave2_20260717	representative_provenance	background/qcd_hardqcd/qcd_hardqcd_importance_adaptive500k_phys_wave2_20260717/logs/qcd_hardqcd_importance_adaptive500k_phys_wave2_20260717_bin00_pthat50to75_shard9773_seed1209773_pythia.log	116	Pythia::next(): 5000 events have been generated	configuration_evidence_candidate
background	qcd_hardqcd	qcd_hardqcd_importance_adaptive500k_phys_wave2_20260717	representative_provenance	background/qcd_hardqcd/qcd_hardqcd_importance_adaptive500k_phys_wave2_20260717/logs/qcd_hardqcd_importance_adaptive500k_phys_wave2_20260717_bin00_pthat50to75_shard9773_seed1209773_pythia.log	118	Pythia::next(): 6000 events have been generated	configuration_evidence_candidate
background	qcd_hardqcd	qcd_hardqcd_importance_adaptive500k_phys_wave2_20260717	representative_provenance	background/qcd_hardqcd/qcd_hardqcd_importance_adaptive500k_phys_wave2_20260717/logs/qcd_hardqcd_importance_adaptive500k_phys_wave2_20260717_bin00_pthat50to75_shard9773_seed1209773_pythia.log	120	Pythia::next(): 7000 events have been generated	configuration_evidence_candidate
background	qcd_hardqcd	qcd_hardqcd_importance_adaptive500k_phys_wave2_20260717	representative_provenance	background/qcd_hardqcd/qcd_hardqcd_importance_adaptive500k_phys_wave2_20260717/logs/qcd_hardqcd_importance_adaptive500k_phys_wave2_20260717_bin00_pthat50to75_shard9773_seed1209773_pythia.log	122	Pythia::next(): 8000 events have been generated	configuration_evidence_candidate
background	qcd_hardqcd	qcd_hardqcd_importance_adaptive500k_phys_wave2_20260717	representative_provenance	background/qcd_hardqcd/qcd_hardqcd_importance_adaptive500k_phys_wave2_20260717/logs/qcd_hardqcd_importance_adaptive500k_phys_wave2_20260717_bin00_pthat50to75_shard9773_seed1209773_pythia.log	124	Pythia::next(): 9000 events have been generated	configuration_evidence_candidate
background	qcd_hardqcd	qcd_hardqcd_importance_adaptive500k_phys_wave2_20260717	representative_provenance	background/qcd_hardqcd/qcd_hardqcd_importance_adaptive500k_phys_wave2_20260717/logs/qcd_hardqcd_importance_adaptive500k_phys_wave2_20260717_bin00_pthat50to75_shard9773_seed1209773_pythia.log	125	PYTHIA Warning in SimpleSpaceShower::pT2nextQCD: weight above unity	configuration_evidence_candidate
background	qcd_hardqcd	qcd_hardqcd_importance_adaptive500k_phys_wave2_20260717	representative_provenance	background/qcd_hardqcd/qcd_hardqcd_importance_adaptive500k_phys_wave2_20260717/logs/qcd_hardqcd_importance_adaptive500k_phys_wave2_20260717_bin00_pthat50to75_shard9773_seed1209773_pythia.log	127	*------- PYTHIA Event and Cross Section Statistics -------------------------------------------------------------*	configuration_evidence_candidate
background	qcd_hardqcd	qcd_hardqcd_importance_adaptive500k_phys_wave2_20260717	representative_provenance	background/qcd_hardqcd/qcd_hardqcd_importance_adaptive500k_phys_wave2_20260717/logs/qcd_hardqcd_importance_adaptive500k_phys_wave2_20260717_bin00_pthat50to75_shard9773_seed1209773_pythia.log	147	*------- End PYTHIA Event and Cross Section Statistics ----------------------------------------------------------*	configuration_evidence_candidate
background	qcd_hardqcd	qcd_hardqcd_importance_adaptive500k_phys_wave2_20260717	representative_provenance	background/qcd_hardqcd/qcd_hardqcd_importance_adaptive500k_phys_wave2_20260717/logs/qcd_hardqcd_importance_adaptive500k_phys_wave2_20260717_bin00_pthat50to75_shard9773_seed1209773_pythia.log	149	*------- PYTHIA Error and Warning Messages Statistics ----------------------------------------------------------*	configuration_evidence_candidate
background	qcd_hardqcd	qcd_hardqcd_importance_adaptive500k_phys_wave2_20260717	representative_provenance	background/qcd_hardqcd/qcd_hardqcd_importance_adaptive500k_phys_wave2_20260717/logs/qcd_hardqcd_importance_adaptive500k_phys_wave2_20260717_bin00_pthat50to75_shard9773_seed1209773_pythia.log	155	| 2 Warning in Pythia::check: energy-momentum not quite conserved |	configuration_evidence_candidate
background	qcd_hardqcd	qcd_hardqcd_importance_adaptive500k_phys_wave2_20260717	representative_provenance	background/qcd_hardqcd/qcd_hardqcd_importance_adaptive500k_phys_wave2_20260717/logs/qcd_hardqcd_importance_adaptive500k_phys_wave2_20260717_bin00_pthat50to75_shard9773_seed1209773_pythia.log	158	*------- End PYTHIA Error and Warning Messages Statistics ------------------------------------------------------*	configuration_evidence_candidate
background	qcd_hardqcd	qcd_hardqcd_importance_adaptive500k_phys_wave2_20260717	representative_provenance	background/qcd_hardqcd/qcd_hardqcd_importance_adaptive500k_phys_wave2_20260717/metadata/qcd_hardqcd_importance_adaptive500k_phys_wave2_20260717_bin00_pthat50to75_shard9773_seed1209773_generator.json	2	"""generator"": ""Pythia8"","	configuration_evidence_candidate
background	qcd_hardqcd	qcd_hardqcd_importance_adaptive500k_phys_wave2_20260717	representative_provenance	background/qcd_hardqcd/qcd_hardqcd_importance_adaptive500k_phys_wave2_20260717/metadata/qcd_hardqcd_importance_adaptive500k_phys_wave2_20260717_bin00_pthat50to75_shard9773_seed1209773_generator.json	3	"""process"": ""HardQCD:all"","	configuration_evidence_candidate
background	qcd_hardqcd	qcd_hardqcd_importance_adaptive500k_phys_wave2_20260717	representative_provenance	background/qcd_hardqcd/qcd_hardqcd_importance_adaptive500k_phys_wave2_20260717/metadata/qcd_hardqcd_importance_adaptive500k_phys_wave2_20260717_bin00_pthat50to75_shard9773_seed1209773_generator.json	16	"""event_weight_convention"": ""pythia_info_weight_normalized_to_sigma_gen"","	configuration_evidence_candidate
background	qcd_hardqcd	qcd_hardqcd_importance_adaptive500k_phys_wave2_20260717	representative_provenance	background/qcd_hardqcd/qcd_hardqcd_importance_adaptive500k_phys_wave2_20260717/metadata/qcd_hardqcd_importance_adaptive500k_phys_wave2_20260717_bin00_pthat50to75_shard9773_seed1209773_provenance.json	8	"""event_weight_convention"": ""pythia_info_weight_normalized_to_sigma_gen"","	configuration_evidence_candidate
background	qcd_hardqcd	qcd_hardqcd_importance_adaptive500k_phys_wave2_20260717	representative_provenance	background/qcd_hardqcd/qcd_hardqcd_importance_adaptive500k_phys_wave2_20260717/metadata/qcd_hardqcd_importance_adaptive500k_phys_wave2_20260717_bin00_pthat50to75_shard9773_seed1209773_provenance.json	9	"""generator"": ""Pythia8"","	configuration_evidence_candidate
background	qcd_hardqcd	qcd_hardqcd_importance_adaptive500k_phys_wave2_20260717	representative_provenance	background/qcd_hardqcd/qcd_hardqcd_importance_adaptive500k_phys_wave2_20260717/metadata/qcd_hardqcd_importance_adaptive500k_phys_wave2_20260717_bin00_pthat50to75_shard9773_seed1209773_provenance.json	17	"""process"": ""HardQCD:all"","	configuration_evidence_candidate
background	qcd_hardqcd	qcd_hardqcd_importance_adaptive500k_phys_wave2_20260717	representative_provenance	background/qcd_hardqcd/qcd_hardqcd_importance_adaptive500k_phys_wave2_20260717/metadata/qcd_hardqcd_importance_adaptive500k_phys_wave2_20260717_bin00_pthat50to75_shard9773_seed1209773_provenance.json	37	"""pythia_configuration"": ""pythia8-config"","	configuration_evidence_candidate
background	qcd_hardqcd	qcd_hardqcd_importance_adaptive500k_phys_wave2_20260717	representative_provenance	background/qcd_hardqcd/qcd_hardqcd_importance_adaptive500k_phys_wave2_20260717/metadata/qcd_hardqcd_importance_adaptive500k_phys_wave2_20260717_bin00_pthat50to75_shard9773_seed1209773_provenance.json	40	"""sample"": ""Pythia8 inclusive HardQCD"","	configuration_evidence_candidate
background	qcd_hardqcd	qcd_hardqcd_importance_testfill_bin3_10k_20260717	representative_provenance	background/qcd_hardqcd/qcd_hardqcd_importance_testfill_bin3_10k_20260717/logs/qcd_hardqcd_importance_testfill_bin3_10k_20260717_bin03_pthat200to300_shard3909_seed1233909_compile_arguments.txt	1	pythia_configuration=pythia8-config	configuration_evidence_candidate
background	qcd_hardqcd	qcd_hardqcd_importance_testfill_bin3_10k_20260717	representative_provenance	background/qcd_hardqcd/qcd_hardqcd_importance_testfill_bin3_10k_20260717/logs/qcd_hardqcd_importance_testfill_bin3_10k_20260717_bin03_pthat200to300_shard3909_seed1233909_compile_arguments.txt	13	compile_arg[009]=-I/cvmfs/sft.cern.ch/lcg/releases/MCGenerators/pythia8/312-1b262/x86_64-el9-gcc13-opt/include	configuration_evidence_candidate
background	qcd_hardqcd	qcd_hardqcd_importance_testfill_bin3_10k_20260717	representative_provenance	background/qcd_hardqcd/qcd_hardqcd_importance_testfill_bin3_10k_20260717/logs/qcd_hardqcd_importance_testfill_bin3_10k_20260717_bin03_pthat200to300_shard3909_seed1233909_compile_arguments.txt	17	compile_arg[013]=/srv/payload/repo/scripts/production/generate_pythia8_hardqcd_hepmc3.cc	configuration_evidence_candidate
background	qcd_hardqcd	qcd_hardqcd_importance_testfill_bin3_10k_20260717	representative_provenance	background/qcd_hardqcd/qcd_hardqcd_importance_testfill_bin3_10k_20260717/logs/qcd_hardqcd_importance_testfill_bin3_10k_20260717_bin03_pthat200to300_shard3909_seed1233909_compile_arguments.txt	20	compile_arg[016]=-L/cvmfs/sft.cern.ch/lcg/releases/MCGenerators/pythia8/312-1b262/x86_64-el9-gcc13-opt/lib	configuration_evidence_candidate
background	qcd_hardqcd	qcd_hardqcd_importance_testfill_bin3_10k_20260717	representative_provenance	background/qcd_hardqcd/qcd_hardqcd_importance_testfill_bin3_10k_20260717/logs/qcd_hardqcd_importance_testfill_bin3_10k_20260717_bin03_pthat200to300_shard3909_seed1233909_compile_arguments.txt	21	compile_arg[017]=-Wl\,-rpath\,/cvmfs/sft.cern.ch/lcg/releases/MCGenerators/pythia8/312-1b262/x86_64-el9-gcc13-opt/lib	configuration_evidence_candidate
background	qcd_hardqcd	qcd_hardqcd_importance_testfill_bin3_10k_20260717	representative_provenance	background/qcd_hardqcd/qcd_hardqcd_importance_testfill_bin3_10k_20260717/logs/qcd_hardqcd_importance_testfill_bin3_10k_20260717_bin03_pthat200to300_shard3909_seed1233909_compile_arguments.txt	22	compile_arg[018]=-lpythia8	configuration_evidence_candidate
background	qcd_hardqcd	qcd_hardqcd_importance_testfill_bin3_10k_20260717	representative_provenance	background/qcd_hardqcd/qcd_hardqcd_importance_testfill_bin3_10k_20260717/logs/qcd_hardqcd_importance_testfill_bin3_10k_20260717_bin03_pthat200to300_shard3909_seed1233909_pythia.log	8	| | P P Y Y T H H I A A This is PYTHIA version 8.312 | |	configuration_evidence_candidate
background	qcd_hardqcd	qcd_hardqcd_importance_testfill_bin3_10k_20260717	representative_provenance	background/qcd_hardqcd/qcd_hardqcd_importance_testfill_bin3_10k_20260717/logs/qcd_hardqcd_importance_testfill_bin3_10k_20260717_bin03_pthat200to300_shard3909_seed1233909_pythia.log	15	| | https://pythia.org/ | |	configuration_evidence_candidate
background	qcd_hardqcd	qcd_hardqcd_importance_testfill_bin3_10k_20260717	representative_provenance	background/qcd_hardqcd/qcd_hardqcd_importance_testfill_bin3_10k_20260717/logs/qcd_hardqcd_importance_testfill_bin3_10k_20260717_bin03_pthat200to300_shard3909_seed1233909_pythia.log	17	| | PYTHIA is authored by a collaboration consisting of: | |	configuration_evidence_candidate
background	qcd_hardqcd	qcd_hardqcd_importance_testfill_bin3_10k_20260717	representative_provenance	background/qcd_hardqcd/qcd_hardqcd_importance_testfill_bin3_10k_20260717/logs/qcd_hardqcd_importance_testfill_bin3_10k_20260717_bin03_pthat200to300_shard3909_seed1233909_pythia.log	25	| | affiliations, can be found on https://pythia.org/. | |	configuration_evidence_candidate
background	qcd_hardqcd	qcd_hardqcd_importance_testfill_bin3_10k_20260717	representative_provenance	background/qcd_hardqcd/qcd_hardqcd_importance_testfill_bin3_10k_20260717/logs/qcd_hardqcd_importance_testfill_bin3_10k_20260717_bin03_pthat200to300_shard3909_seed1233909_pythia.log	26	| | Problems or bugs should be reported on email at authors@pythia.org. | |	configuration_evidence_candidate
background	qcd_hardqcd	qcd_hardqcd_importance_testfill_bin3_10k_20260717	representative_provenance	background/qcd_hardqcd/qcd_hardqcd_importance_testfill_bin3_10k_20260717/logs/qcd_hardqcd_importance_testfill_bin3_10k_20260717_bin03_pthat200to300_shard3909_seed1233909_pythia.log	29	| | 'A comprehensive guide to the physics and usage of Pythia 8.3', | |	configuration_evidence_candidate
background	qcd_hardqcd	qcd_hardqcd_importance_testfill_bin3_10k_20260717	representative_provenance	background/qcd_hardqcd/qcd_hardqcd_importance_testfill_bin3_10k_20260717/logs/qcd_hardqcd_importance_testfill_bin3_10k_20260717_bin03_pthat200to300_shard3909_seed1233909_pythia.log	32	| | PYTHIA is released under the GNU General Public Licence version 2 or later.| |	configuration_evidence_candidate
background	qcd_hardqcd	qcd_hardqcd_importance_testfill_bin3_10k_20260717	representative_provenance	background/qcd_hardqcd/qcd_hardqcd_importance_testfill_bin3_10k_20260717/logs/qcd_hardqcd_importance_testfill_bin3_10k_20260717_bin03_pthat200to300_shard3909_seed1233909_pythia.log	46	*------- PYTHIA Process Initialization --------------------------*	configuration_evidence_candidate
background	qcd_hardqcd	qcd_hardqcd_importance_testfill_bin3_10k_20260717	representative_provenance	background/qcd_hardqcd/qcd_hardqcd_importance_testfill_bin3_10k_20260717/logs/qcd_hardqcd_importance_testfill_bin3_10k_20260717_bin03_pthat200to300_shard3909_seed1233909_pythia.log	68	*------- End PYTHIA Process Initialization -----------------------*	configuration_evidence_candidate
background	qcd_hardqcd	qcd_hardqcd_importance_testfill_bin3_10k_20260717	representative_provenance	background/qcd_hardqcd/qcd_hardqcd_importance_testfill_bin3_10k_20260717/logs/qcd_hardqcd_importance_testfill_bin3_10k_20260717_bin03_pthat200to300_shard3909_seed1233909_pythia.log	70	*------- PYTHIA Multiparton Interactions Initialization ---------*	configuration_evidence_candidate
background	qcd_hardqcd	qcd_hardqcd_importance_testfill_bin3_10k_20260717	representative_provenance	background/qcd_hardqcd/qcd_hardqcd_importance_testfill_bin3_10k_20260717/logs/qcd_hardqcd_importance_testfill_bin3_10k_20260717_bin03_pthat200to300_shard3909_seed1233909_pythia.log	76	*------- End PYTHIA Multiparton Interactions Initialization -----*	configuration_evidence_candidate
background	qcd_hardqcd	qcd_hardqcd_importance_testfill_bin3_10k_20260717	representative_provenance	background/qcd_hardqcd/qcd_hardqcd_importance_testfill_bin3_10k_20260717/logs/qcd_hardqcd_importance_testfill_bin3_10k_20260717_bin03_pthat200to300_shard3909_seed1233909_pythia.log	78	*------- PYTHIA Flag + Mode + Parm + Word + FVec + MVec + PVec + WVec Settings (changes only) ------------------*	configuration_evidence_candidate
background	qcd_hardqcd	qcd_hardqcd_importance_testfill_bin3_10k_20260717	representative_provenance	background/qcd_hardqcd/qcd_hardqcd_importance_testfill_bin3_10k_20260717/logs/qcd_hardqcd_importance_testfill_bin3_10k_20260717_bin03_pthat200to300_shard3909_seed1233909_pythia.log	82	| Beams:eCM | 13000.000 | 14000.000 0.0 |	configuration_evidence_candidate
background	qcd_hardqcd	qcd_hardqcd_importance_testfill_bin3_10k_20260717	representative_provenance	background/qcd_hardqcd/qcd_hardqcd_importance_testfill_bin3_10k_20260717/logs/qcd_hardqcd_importance_testfill_bin3_10k_20260717_bin03_pthat200to300_shard3909_seed1233909_pythia.log	83	| HardQCD:all | on | off |	configuration_evidence_candidate
background	qcd_hardqcd	qcd_hardqcd_importance_testfill_bin3_10k_20260717	representative_provenance	background/qcd_hardqcd/qcd_hardqcd_importance_testfill_bin3_10k_20260717/logs/qcd_hardqcd_importance_testfill_bin3_10k_20260717_bin03_pthat200to300_shard3909_seed1233909_pythia.log	88	| PhaseSpace:pTHatMax | 300.00000 | -1.00000 |	configuration_evidence_candidate
background	qcd_hardqcd	qcd_hardqcd_importance_testfill_bin3_10k_20260717	representative_provenance	background/qcd_hardqcd/qcd_hardqcd_importance_testfill_bin3_10k_20260717/logs/qcd_hardqcd_importance_testfill_bin3_10k_20260717_bin03_pthat200to300_shard3909_seed1233909_pythia.log	89	| PhaseSpace:pTHatMin | 200.00000 | 0.0 0.0 |	configuration_evidence_candidate
background	qcd_hardqcd	qcd_hardqcd_importance_testfill_bin3_10k_20260717	representative_provenance	background/qcd_hardqcd/qcd_hardqcd_importance_testfill_bin3_10k_20260717/logs/qcd_hardqcd_importance_testfill_bin3_10k_20260717_bin03_pthat200to300_shard3909_seed1233909_pythia.log	93	*------- End PYTHIA Flag + Mode + Parm + Word + FVec + MVec + PVec + WVec Settings -----------------------------*	configuration_evidence_candidate
background	qcd_hardqcd	qcd_hardqcd_importance_testfill_bin3_10k_20260717	representative_provenance	background/qcd_hardqcd/qcd_hardqcd_importance_testfill_bin3_10k_20260717/logs/qcd_hardqcd_importance_testfill_bin3_10k_20260717_bin03_pthat200to300_shard3909_seed1233909_pythia.log	95	-------- PYTHIA Particle Data Table (changed only) ------------------------------------------------------------------------------	configuration_evidence_candidate
background	qcd_hardqcd	qcd_hardqcd_importance_testfill_bin3_10k_20260717	representative_provenance	background/qcd_hardqcd/qcd_hardqcd_importance_testfill_bin3_10k_20260717/logs/qcd_hardqcd_importance_testfill_bin3_10k_20260717_bin03_pthat200to300_shard3909_seed1233909_pythia.log	102	-------- End PYTHIA Particle Data Table -----------------------------------------------------------------------------------------	configuration_evidence_candidate
background	qcd_hardqcd	qcd_hardqcd_importance_testfill_bin3_10k_20260717	representative_provenance	background/qcd_hardqcd/qcd_hardqcd_importance_testfill_bin3_10k_20260717/logs/qcd_hardqcd_importance_testfill_bin3_10k_20260717_bin03_pthat200to300_shard3909_seed1233909_pythia.log	104	PYTHIA Error in SimpleSpaceShower::pT2nearThreshold: stuck in loop	configuration_evidence_candidate
background	qcd_hardqcd	qcd_hardqcd_importance_testfill_bin3_10k_20260717	representative_provenance	background/qcd_hardqcd/qcd_hardqcd_importance_testfill_bin3_10k_20260717/logs/qcd_hardqcd_importance_testfill_bin3_10k_20260717_bin03_pthat200to300_shard3909_seed1233909_pythia.log	105	PYTHIA Warning in MultipartonInteractions::pTnext: weight above unity	configuration_evidence_candidate
background	qcd_hardqcd	qcd_hardqcd_importance_testfill_bin3_10k_20260717	representative_provenance	background/qcd_hardqcd/qcd_hardqcd_importance_testfill_bin3_10k_20260717/logs/qcd_hardqcd_importance_testfill_bin3_10k_20260717_bin03_pthat200to300_shard3909_seed1233909_pythia.log	107	Pythia::next(): 1000 events have been generated	configuration_evidence_candidate
background	qcd_hardqcd	qcd_hardqcd_importance_testfill_bin3_10k_20260717	representative_provenance	background/qcd_hardqcd/qcd_hardqcd_importance_testfill_bin3_10k_20260717/logs/qcd_hardqcd_importance_testfill_bin3_10k_20260717_bin03_pthat200to300_shard3909_seed1233909_pythia.log	109	Pythia::next(): 2000 events have been generated	configuration_evidence_candidate
background	qcd_hardqcd	qcd_hardqcd_importance_testfill_bin3_10k_20260717	representative_provenance	background/qcd_hardqcd/qcd_hardqcd_importance_testfill_bin3_10k_20260717/logs/qcd_hardqcd_importance_testfill_bin3_10k_20260717_bin03_pthat200to300_shard3909_seed1233909_pythia.log	110	PYTHIA Warning in TauDecays::decay: maximum decay weight exceeded in tau decay	configuration_evidence_candidate
background	qcd_hardqcd	qcd_hardqcd_importance_testfill_bin3_10k_20260717	representative_provenance	background/qcd_hardqcd/qcd_hardqcd_importance_testfill_bin3_10k_20260717/logs/qcd_hardqcd_importance_testfill_bin3_10k_20260717_bin03_pthat200to300_shard3909_seed1233909_pythia.log	112	Pythia::next(): 3000 events have been generated	configuration_evidence_candidate
background	qcd_hardqcd	qcd_hardqcd_importance_testfill_bin3_10k_20260717	representative_provenance	background/qcd_hardqcd/qcd_hardqcd_importance_testfill_bin3_10k_20260717/logs/qcd_hardqcd_importance_testfill_bin3_10k_20260717_bin03_pthat200to300_shard3909_seed1233909_pythia.log	114	Pythia::next(): 4000 events have been generated	configuration_evidence_candidate
background	qcd_hardqcd	qcd_hardqcd_importance_testfill_bin3_10k_20260717	representative_provenance	background/qcd_hardqcd/qcd_hardqcd_importance_testfill_bin3_10k_20260717/logs/qcd_hardqcd_importance_testfill_bin3_10k_20260717_bin03_pthat200to300_shard3909_seed1233909_pythia.log	115	PYTHIA Warning in SimpleSpaceShower::pT2nextQCD: weight above unity	configuration_evidence_candidate
background	qcd_hardqcd	qcd_hardqcd_importance_testfill_bin3_10k_20260717	representative_provenance	background/qcd_hardqcd/qcd_hardqcd_importance_testfill_bin3_10k_20260717/logs/qcd_hardqcd_importance_testfill_bin3_10k_20260717_bin03_pthat200to300_shard3909_seed1233909_pythia.log	117	Pythia::next(): 5000 events have been generated	configuration_evidence_candidate
background	qcd_hardqcd	qcd_hardqcd_importance_testfill_bin3_10k_20260717	representative_provenance	background/qcd_hardqcd/qcd_hardqcd_importance_testfill_bin3_10k_20260717/logs/qcd_hardqcd_importance_testfill_bin3_10k_20260717_bin03_pthat200to300_shard3909_seed1233909_pythia.log	119	Pythia::next(): 6000 events have been generated	configuration_evidence_candidate
background	qcd_hardqcd	qcd_hardqcd_importance_testfill_bin3_10k_20260717	representative_provenance	background/qcd_hardqcd/qcd_hardqcd_importance_testfill_bin3_10k_20260717/logs/qcd_hardqcd_importance_testfill_bin3_10k_20260717_bin03_pthat200to300_shard3909_seed1233909_pythia.log	121	Pythia::next(): 7000 events have been generated	configuration_evidence_candidate
background	qcd_hardqcd	qcd_hardqcd_importance_testfill_bin3_10k_20260717	representative_provenance	background/qcd_hardqcd/qcd_hardqcd_importance_testfill_bin3_10k_20260717/logs/qcd_hardqcd_importance_testfill_bin3_10k_20260717_bin03_pthat200to300_shard3909_seed1233909_pythia.log	122	PYTHIA Warning in SimpleSpaceShower::pT2nextQCD: small daughter PDF	configuration_evidence_candidate
background	qcd_hardqcd	qcd_hardqcd_importance_testfill_bin3_10k_20260717	representative_provenance	background/qcd_hardqcd/qcd_hardqcd_importance_testfill_bin3_10k_20260717/logs/qcd_hardqcd_importance_testfill_bin3_10k_20260717_bin03_pthat200to300_shard3909_seed1233909_pythia.log	124	Pythia::next(): 8000 events have been generated	configuration_evidence_candidate
background	qcd_hardqcd	qcd_hardqcd_importance_testfill_bin3_10k_20260717	representative_provenance	background/qcd_hardqcd/qcd_hardqcd_importance_testfill_bin3_10k_20260717/logs/qcd_hardqcd_importance_testfill_bin3_10k_20260717_bin03_pthat200to300_shard3909_seed1233909_pythia.log	126	Pythia::next(): 9000 events have been generated	configuration_evidence_candidate
background	qcd_hardqcd	qcd_hardqcd_importance_testfill_bin3_10k_20260717	representative_provenance	background/qcd_hardqcd/qcd_hardqcd_importance_testfill_bin3_10k_20260717/logs/qcd_hardqcd_importance_testfill_bin3_10k_20260717_bin03_pthat200to300_shard3909_seed1233909_pythia.log	128	*------- PYTHIA Event and Cross Section Statistics -------------------------------------------------------------*	configuration_evidence_candidate
background	qcd_hardqcd	qcd_hardqcd_importance_testfill_bin3_10k_20260717	representative_provenance	background/qcd_hardqcd/qcd_hardqcd_importance_testfill_bin3_10k_20260717/logs/qcd_hardqcd_importance_testfill_bin3_10k_20260717_bin03_pthat200to300_shard3909_seed1233909_pythia.log	148	*------- End PYTHIA Event and Cross Section Statistics ----------------------------------------------------------*	configuration_evidence_candidate
background	qcd_hardqcd	qcd_hardqcd_importance_testfill_bin3_10k_20260717	representative_provenance	background/qcd_hardqcd/qcd_hardqcd_importance_testfill_bin3_10k_20260717/logs/qcd_hardqcd_importance_testfill_bin3_10k_20260717_bin03_pthat200to300_shard3909_seed1233909_pythia.log	150	*------- PYTHIA Error and Warning Messages Statistics ----------------------------------------------------------*	configuration_evidence_candidate
background	qcd_hardqcd	qcd_hardqcd_importance_testfill_bin3_10k_20260717	representative_provenance	background/qcd_hardqcd/qcd_hardqcd_importance_testfill_bin3_10k_20260717/logs/qcd_hardqcd_importance_testfill_bin3_10k_20260717_bin03_pthat200to300_shard3909_seed1233909_pythia.log	160	*------- End PYTHIA Error and Warning Messages Statistics ------------------------------------------------------*	configuration_evidence_candidate
background	qcd_hardqcd	qcd_hardqcd_importance_testfill_bin3_10k_20260717	representative_provenance	background/qcd_hardqcd/qcd_hardqcd_importance_testfill_bin3_10k_20260717/metadata/qcd_hardqcd_importance_testfill_bin3_10k_20260717_bin03_pthat200to300_shard3909_seed1233909_generator.json	2	"""generator"": ""Pythia8"","	configuration_evidence_candidate
background	qcd_hardqcd	qcd_hardqcd_importance_testfill_bin3_10k_20260717	representative_provenance	background/qcd_hardqcd/qcd_hardqcd_importance_testfill_bin3_10k_20260717/metadata/qcd_hardqcd_importance_testfill_bin3_10k_20260717_bin03_pthat200to300_shard3909_seed1233909_generator.json	3	"""process"": ""HardQCD:all"","	configuration_evidence_candidate
background	qcd_hardqcd	qcd_hardqcd_importance_testfill_bin3_10k_20260717	representative_provenance	background/qcd_hardqcd/qcd_hardqcd_importance_testfill_bin3_10k_20260717/metadata/qcd_hardqcd_importance_testfill_bin3_10k_20260717_bin03_pthat200to300_shard3909_seed1233909_generator.json	16	"""event_weight_convention"": ""pythia_info_weight_normalized_to_sigma_gen"","	configuration_evidence_candidate
background	qcd_hardqcd	qcd_hardqcd_importance_testfill_bin3_10k_20260717	representative_provenance	background/qcd_hardqcd/qcd_hardqcd_importance_testfill_bin3_10k_20260717/metadata/qcd_hardqcd_importance_testfill_bin3_10k_20260717_bin03_pthat200to300_shard3909_seed1233909_provenance.json	8	"""event_weight_convention"": ""pythia_info_weight_normalized_to_sigma_gen"","	configuration_evidence_candidate
background	qcd_hardqcd	qcd_hardqcd_importance_testfill_bin3_10k_20260717	representative_provenance	background/qcd_hardqcd/qcd_hardqcd_importance_testfill_bin3_10k_20260717/metadata/qcd_hardqcd_importance_testfill_bin3_10k_20260717_bin03_pthat200to300_shard3909_seed1233909_provenance.json	9	"""generator"": ""Pythia8"","	configuration_evidence_candidate
background	qcd_hardqcd	qcd_hardqcd_importance_testfill_bin3_10k_20260717	representative_provenance	background/qcd_hardqcd/qcd_hardqcd_importance_testfill_bin3_10k_20260717/metadata/qcd_hardqcd_importance_testfill_bin3_10k_20260717_bin03_pthat200to300_shard3909_seed1233909_provenance.json	17	"""process"": ""HardQCD:all"","	configuration_evidence_candidate
background	qcd_hardqcd	qcd_hardqcd_importance_testfill_bin3_10k_20260717	representative_provenance	background/qcd_hardqcd/qcd_hardqcd_importance_testfill_bin3_10k_20260717/metadata/qcd_hardqcd_importance_testfill_bin3_10k_20260717_bin03_pthat200to300_shard3909_seed1233909_provenance.json	37	"""pythia_configuration"": ""pythia8-config"","	configuration_evidence_candidate
background	qcd_hardqcd	qcd_hardqcd_importance_testfill_bin3_10k_20260717	representative_provenance	background/qcd_hardqcd/qcd_hardqcd_importance_testfill_bin3_10k_20260717/metadata/qcd_hardqcd_importance_testfill_bin3_10k_20260717_bin03_pthat200to300_shard3909_seed1233909_provenance.json	40	"""sample"": ""Pythia8 inclusive HardQCD"","	configuration_evidence_candidate
background	qcd_hardqcd	qcd_hardqcd_importance_adaptive500k_phys_20260717_0022	approved_local_text	/uscms_data/d3/iturkmen/hh4b_delphes/condor_return/qcd_hardqcd_importance_adaptive500k_phys_20260717_0022/receipts/qcd_hardqcd_importance_adaptive500k_phys_20260717_0022_84891534_job47_bin4_shard1866_receipt.json	22	"""pythia_configuration"": ""pythia8-config"","	configuration_evidence_candidate
background	qcd_hardqcd	qcd_hardqcd_importance_adaptive500k_phys_20260717_0022	approved_local_text	/uscms_data/d3/iturkmen/hh4b_delphes/condor_return/qcd_hardqcd_importance_adaptive500k_phys_20260717_0022/receipts/qcd_hardqcd_importance_adaptive500k_phys_20260717_0022_84891534_job49_bin5_shard1868_receipt.json	22	"""pythia_configuration"": ""pythia8-config"","	configuration_evidence_candidate
background	qcd_hardqcd	qcd_hardqcd_importance_adaptive500k_phys_20260717_0022	approved_local_text	/uscms_data/d3/iturkmen/hh4b_delphes/condor_return/qcd_hardqcd_importance_adaptive500k_phys_20260717_0022/receipts/qcd_hardqcd_importance_adaptive500k_phys_20260717_0022_84891534_job51_bin6_shard1870_receipt.json	22	"""pythia_configuration"": ""pythia8-config"","	configuration_evidence_candidate
background	qcd_hardqcd	qcd_hardqcd_importance_adaptive500k_phys_20260717_0022	approved_local_text	/uscms_data/d3/iturkmen/hh4b_delphes/condor_return/qcd_hardqcd_importance_adaptive500k_phys_20260717_0022/receipts/qcd_hardqcd_importance_adaptive500k_phys_20260717_0022_84891534_job53_bin7_shard1872_receipt.json	22	"""pythia_configuration"": ""pythia8-config"","	configuration_evidence_candidate
background	qcd_hardqcd	qcd_hardqcd_importance_adaptive500k_phys_20260717_0022	approved_local_text	/uscms_data/d3/iturkmen/hh4b_delphes/condor_return/qcd_hardqcd_importance_adaptive500k_phys_20260717_0022/receipts/qcd_hardqcd_importance_adaptive500k_phys_20260717_0022_84891534_job38_bin1_shard1857_receipt.json	22	"""pythia_configuration"": ""pythia8-config"","	configuration_evidence_candidate
background	qcd_hardqcd	qcd_hardqcd_importance_adaptive500k_phys_20260717_0022	approved_local_text	/uscms_data/d3/iturkmen/hh4b_delphes/condor_return/qcd_hardqcd_importance_adaptive500k_phys_20260717_0022/receipts/qcd_hardqcd_importance_adaptive500k_phys_20260717_0022_84891534_job30_bin0_shard1849_receipt.json	22	"""pythia_configuration"": ""pythia8-config"","	configuration_evidence_candidate
background	qcd_hardqcd	qcd_hardqcd_importance_adaptive500k_phys_20260717_0022	approved_local_text	/uscms_data/d3/iturkmen/hh4b_delphes/condor_return/qcd_hardqcd_importance_adaptive500k_phys_20260717_0022/receipts/qcd_hardqcd_importance_adaptive500k_phys_20260717_0022_84891534_job45_bin3_shard1864_receipt.json	22	"""pythia_configuration"": ""pythia8-config"","	configuration_evidence_candidate
background	qcd_hardqcd	qcd_hardqcd_importance_adaptive500k_phys_20260717_0022	approved_local_text	/uscms_data/d3/iturkmen/hh4b_delphes/condor_return/qcd_hardqcd_importance_adaptive500k_phys_20260717_0022/receipts/qcd_hardqcd_importance_adaptive500k_phys_20260717_0022_84891534_job3_bin0_shard1822_receipt.json	22	"""pythia_configuration"": ""pythia8-config"","	configuration_evidence_candidate
background	qcd_hardqcd	qcd_hardqcd_importance_adaptive500k_phys_20260717_0022	approved_local_text	/uscms_data/d3/iturkmen/hh4b_delphes/condor_return/qcd_hardqcd_importance_adaptive500k_phys_20260717_0022/receipts/qcd_hardqcd_importance_adaptive500k_phys_20260717_0022_84891534_job2_bin0_shard1821_receipt.json	22	"""pythia_configuration"": ""pythia8-config"","	configuration_evidence_candidate
background	qcd_hardqcd	qcd_hardqcd_importance_adaptive500k_phys_20260717_0022	approved_local_text	/uscms_data/d3/iturkmen/hh4b_delphes/condor_return/qcd_hardqcd_importance_adaptive500k_phys_20260717_0022/receipts/qcd_hardqcd_importance_adaptive500k_phys_20260717_0022_84891534_job8_bin0_shard1827_receipt.json	22	"""pythia_configuration"": ""pythia8-config"","	configuration_evidence_candidate
background	qcd_hardqcd	qcd_hardqcd_importance_adaptive500k_phys_20260717_0022	approved_local_text	/uscms_data/d3/iturkmen/hh4b_delphes/condor_return/qcd_hardqcd_importance_adaptive500k_phys_20260717_0022/receipts/qcd_hardqcd_importance_adaptive500k_phys_20260717_0022_84891534_job26_bin0_shard1845_receipt.json	22	"""pythia_configuration"": ""pythia8-config"","	configuration_evidence_candidate
background	qcd_hardqcd	qcd_hardqcd_importance_adaptive500k_phys_20260717_0022	approved_local_text	/uscms_data/d3/iturkmen/hh4b_delphes/condor_return/qcd_hardqcd_importance_adaptive500k_phys_20260717_0022/receipts/qcd_hardqcd_importance_adaptive500k_phys_20260717_0022_84891534_job34_bin1_shard1853_receipt.json	22	"""pythia_configuration"": ""pythia8-config"","	configuration_evidence_candidate
background	qcd_hardqcd	qcd_hardqcd_importance_adaptive500k_phys_20260717_0022	approved_local_text	/uscms_data/d3/iturkmen/hh4b_delphes/condor_return/qcd_hardqcd_importance_adaptive500k_phys_20260717_0022/receipts/qcd_hardqcd_importance_adaptive500k_phys_20260717_0022_84891534_job12_bin0_shard1831_receipt.json	22	"""pythia_configuration"": ""pythia8-config"","	configuration_evidence_candidate
background	qcd_hardqcd	qcd_hardqcd_importance_adaptive500k_phys_20260717_0022	approved_local_text	/uscms_data/d3/iturkmen/hh4b_delphes/condor_return/qcd_hardqcd_importance_adaptive500k_phys_20260717_0022/receipts/qcd_hardqcd_importance_adaptive500k_phys_20260717_0022_84891534_job15_bin0_shard1834_receipt.json	22	"""pythia_configuration"": ""pythia8-config"","	configuration_evidence_candidate
background	qcd_hardqcd	qcd_hardqcd_importance_adaptive500k_phys_20260717_0022	approved_local_text	/uscms_data/d3/iturkmen/hh4b_delphes/condor_return/qcd_hardqcd_importance_adaptive500k_phys_20260717_0022/receipts/qcd_hardqcd_importance_adaptive500k_phys_20260717_0022_84891534_job43_bin2_shard1862_receipt.json	22	"""pythia_configuration"": ""pythia8-config"","	configuration_evidence_candidate
background	qcd_hardqcd	qcd_hardqcd_importance_adaptive500k_phys_20260717_0022	approved_local_text	/uscms_data/d3/iturkmen/hh4b_delphes/condor_return/qcd_hardqcd_importance_adaptive500k_phys_20260717_0022/receipts/qcd_hardqcd_importance_adaptive500k_phys_20260717_0022_84891534_job5_bin0_shard1824_receipt.json	22	"""pythia_configuration"": ""pythia8-config"","	configuration_evidence_candidate
background	qcd_hardqcd	qcd_hardqcd_importance_adaptive500k_phys_20260717_0022	approved_local_text	/uscms_data/d3/iturkmen/hh4b_delphes/condor_return/qcd_hardqcd_importance_adaptive500k_phys_20260717_0022/receipts/qcd_hardqcd_importance_adaptive500k_phys_20260717_0022_84891534_job40_bin2_shard1859_receipt.json	22	"""pythia_configuration"": ""pythia8-config"","	configuration_evidence_candidate
background	qcd_hardqcd	qcd_hardqcd_importance_adaptive500k_phys_20260717_0022	approved_local_text	/uscms_data/d3/iturkmen/hh4b_delphes/condor_return/qcd_hardqcd_importance_adaptive500k_phys_20260717_0022/receipts/qcd_hardqcd_importance_adaptive500k_phys_20260717_0022_84891534_job24_bin0_shard1843_receipt.json	22	"""pythia_configuration"": ""pythia8-config"","	configuration_evidence_candidate
background	qcd_hardqcd	qcd_hardqcd_importance_adaptive500k_phys_20260717_0022	approved_local_text	/uscms_data/d3/iturkmen/hh4b_delphes/condor_return/qcd_hardqcd_importance_adaptive500k_phys_20260717_0022/receipts/qcd_hardqcd_importance_adaptive500k_phys_20260717_0022_84891534_job41_bin2_shard1860_receipt.json	22	"""pythia_configuration"": ""pythia8-config"","	configuration_evidence_candidate
background	qcd_hardqcd	qcd_hardqcd_importance_adaptive500k_phys_20260717_0022	approved_local_text	/uscms_data/d3/iturkmen/hh4b_delphes/condor_return/qcd_hardqcd_importance_adaptive500k_phys_20260717_0022/receipts/qcd_hardqcd_importance_adaptive500k_phys_20260717_0022_84891534_job37_bin1_shard1856_receipt.json	22	"""pythia_configuration"": ""pythia8-config"","	configuration_evidence_candidate
background	qcd_hardqcd	qcd_hardqcd_importance_adaptive500k_phys_20260717_0022	approved_local_text	/uscms_data/d3/iturkmen/hh4b_delphes/condor_return/qcd_hardqcd_importance_adaptive500k_phys_20260717_0022/receipts/qcd_hardqcd_importance_adaptive500k_phys_20260717_0022_84891534_job44_bin3_shard1863_receipt.json	22	"""pythia_configuration"": ""pythia8-config"","	configuration_evidence_candidate
background	qcd_hardqcd	qcd_hardqcd_importance_adaptive500k_phys_20260717_0022	approved_local_text	/uscms_data/d3/iturkmen/hh4b_delphes/condor_return/qcd_hardqcd_importance_adaptive500k_phys_20260717_0022/receipts/qcd_hardqcd_importance_adaptive500k_phys_20260717_0022_84891534_job10_bin0_shard1829_receipt.json	22	"""pythia_configuration"": ""pythia8-config"","	configuration_evidence_candidate
background	qcd_hardqcd	qcd_hardqcd_importance_adaptive500k_phys_20260717_0022	approved_local_text	/uscms_data/d3/iturkmen/hh4b_delphes/condor_return/qcd_hardqcd_importance_adaptive500k_phys_20260717_0022/receipts/qcd_hardqcd_importance_adaptive500k_phys_20260717_0022_84891534_job1_bin0_shard1820_receipt.json	22	"""pythia_configuration"": ""pythia8-config"","	configuration_evidence_candidate
background	qcd_hardqcd	qcd_hardqcd_importance_adaptive500k_phys_20260717_0022	approved_local_text	/uscms_data/d3/iturkmen/hh4b_delphes/condor_return/qcd_hardqcd_importance_adaptive500k_phys_20260717_0022/receipts/qcd_hardqcd_importance_adaptive500k_phys_20260717_0022_84891534_job27_bin0_shard1846_receipt.json	22	"""pythia_configuration"": ""pythia8-config"","	configuration_evidence_candidate
background	qcd_hardqcd	qcd_hardqcd_importance_adaptive500k_phys_20260717_0022	approved_local_text	/uscms_data/d3/iturkmen/hh4b_delphes/condor_return/qcd_hardqcd_importance_adaptive500k_phys_20260717_0022/receipts/qcd_hardqcd_importance_adaptive500k_phys_20260717_0022_84891534_job13_bin0_shard1832_receipt.json	22	"""pythia_configuration"": ""pythia8-config"","	configuration_evidence_candidate
background	qcd_hardqcd	qcd_hardqcd_importance_adaptive500k_phys_20260717_0022	approved_local_text	/uscms_data/d3/iturkmen/hh4b_delphes/condor_return/qcd_hardqcd_importance_adaptive500k_phys_20260717_0022/receipts/qcd_hardqcd_importance_adaptive500k_phys_20260717_0022_84891534_job17_bin0_shard1836_receipt.json	22	"""pythia_configuration"": ""pythia8-config"","	configuration_evidence_candidate
background	qcd_hardqcd	qcd_hardqcd_importance_adaptive500k_phys_20260717_0022	approved_local_text	/uscms_data/d3/iturkmen/hh4b_delphes/condor_return/qcd_hardqcd_importance_adaptive500k_phys_20260717_0022/receipts/qcd_hardqcd_importance_adaptive500k_phys_20260717_0022_84891534_job35_bin1_shard1854_receipt.json	22	"""pythia_configuration"": ""pythia8-config"","	configuration_evidence_candidate
background	qcd_hardqcd	qcd_hardqcd_importance_adaptive500k_phys_20260717_0022	approved_local_text	/uscms_data/d3/iturkmen/hh4b_delphes/condor_return/qcd_hardqcd_importance_adaptive500k_phys_20260717_0022/receipts/qcd_hardqcd_importance_adaptive500k_phys_20260717_0022_84891534_job48_bin5_shard1867_receipt.json	22	"""pythia_configuration"": ""pythia8-config"","	configuration_evidence_candidate
background	qcd_hardqcd	qcd_hardqcd_importance_adaptive500k_phys_20260717_0022	approved_local_text	/uscms_data/d3/iturkmen/hh4b_delphes/condor_return/qcd_hardqcd_importance_adaptive500k_phys_20260717_0022/receipts/qcd_hardqcd_importance_adaptive500k_phys_20260717_0022_84891534_job4_bin0_shard1823_receipt.json	22	"""pythia_configuration"": ""pythia8-config"","	configuration_evidence_candidate
background	qcd_hardqcd	qcd_hardqcd_importance_adaptive500k_phys_20260717_0022	approved_local_text	/uscms_data/d3/iturkmen/hh4b_delphes/condor_return/qcd_hardqcd_importance_adaptive500k_phys_20260717_0022/receipts/qcd_hardqcd_importance_adaptive500k_phys_20260717_0022_84891534_job21_bin0_shard1840_receipt.json	22	"""pythia_configuration"": ""pythia8-config"","	configuration_evidence_candidate
background	qcd_hardqcd	qcd_hardqcd_importance_adaptive500k_phys_20260717_0022	approved_local_text	/uscms_data/d3/iturkmen/hh4b_delphes/condor_return/qcd_hardqcd_importance_adaptive500k_phys_20260717_0022/receipts/qcd_hardqcd_importance_adaptive500k_phys_20260717_0022_84891534_job33_bin1_shard1852_receipt.json	22	"""pythia_configuration"": ""pythia8-config"","	configuration_evidence_candidate
background	qcd_hardqcd	qcd_hardqcd_importance_adaptive500k_phys_20260717_0022	approved_local_text	/uscms_data/d3/iturkmen/hh4b_delphes/condor_return/qcd_hardqcd_importance_adaptive500k_phys_20260717_0022/receipts/qcd_hardqcd_importance_adaptive500k_phys_20260717_0022_84891534_job46_bin4_shard1865_receipt.json	22	"""pythia_configuration"": ""pythia8-config"","	configuration_evidence_candidate
background	qcd_hardqcd	qcd_hardqcd_importance_adaptive500k_phys_20260717_0022	approved_local_text	/uscms_data/d3/iturkmen/hh4b_delphes/condor_return/qcd_hardqcd_importance_adaptive500k_phys_20260717_0022/receipts/qcd_hardqcd_importance_adaptive500k_phys_20260717_0022_84891534_job0_bin0_shard1819_receipt.json	22	"""pythia_configuration"": ""pythia8-config"","	configuration_evidence_candidate
background	qcd_hardqcd	qcd_hardqcd_importance_adaptive500k_phys_20260717_0022	approved_local_text	/uscms_data/d3/iturkmen/hh4b_delphes/condor_return/qcd_hardqcd_importance_adaptive500k_phys_20260717_0022/receipts/qcd_hardqcd_importance_adaptive500k_phys_20260717_0022_84891534_job25_bin0_shard1844_receipt.json	22	"""pythia_configuration"": ""pythia8-config"","	configuration_evidence_candidate
background	qcd_hardqcd	qcd_hardqcd_importance_adaptive500k_phys_20260717_0022	approved_local_text	/uscms_data/d3/iturkmen/hh4b_delphes/condor_return/qcd_hardqcd_importance_adaptive500k_phys_20260717_0022/receipts/qcd_hardqcd_importance_adaptive500k_phys_20260717_0022_84891534_job16_bin0_shard1835_receipt.json	22	"""pythia_configuration"": ""pythia8-config"","	configuration_evidence_candidate
background	qcd_hardqcd	qcd_hardqcd_importance_adaptive500k_phys_20260717_0022	approved_local_text	/uscms_data/d3/iturkmen/hh4b_delphes/condor_return/qcd_hardqcd_importance_adaptive500k_phys_20260717_0022/receipts/qcd_hardqcd_importance_adaptive500k_phys_20260717_0022_84891534_job36_bin1_shard1855_receipt.json	22	"""pythia_configuration"": ""pythia8-config"","	configuration_evidence_candidate
background	qcd_hardqcd	qcd_hardqcd_importance_adaptive500k_phys_20260717_0022	approved_local_text	/uscms_data/d3/iturkmen/hh4b_delphes/condor_return/qcd_hardqcd_importance_adaptive500k_phys_20260717_0022/receipts/qcd_hardqcd_importance_adaptive500k_phys_20260717_0022_84891534_job14_bin0_shard1833_receipt.json	22	"""pythia_configuration"": ""pythia8-config"","	configuration_evidence_candidate
background	qcd_hardqcd	qcd_hardqcd_importance_adaptive500k_phys_20260717_0022	approved_local_text	/uscms_data/d3/iturkmen/hh4b_delphes/condor_return/qcd_hardqcd_importance_adaptive500k_phys_20260717_0022/receipts/qcd_hardqcd_importance_adaptive500k_phys_20260717_0022_84891534_job23_bin0_shard1842_receipt.json	22	"""pythia_configuration"": ""pythia8-config"","	configuration_evidence_candidate
background	qcd_hardqcd	qcd_hardqcd_importance_adaptive500k_phys_20260717_0022	approved_local_text	/uscms_data/d3/iturkmen/hh4b_delphes/condor_return/qcd_hardqcd_importance_adaptive500k_phys_20260717_0022/receipts/qcd_hardqcd_importance_adaptive500k_phys_20260717_0022_84891534_job28_bin0_shard1847_receipt.json	22	"""pythia_configuration"": ""pythia8-config"","	configuration_evidence_candidate
background	qcd_hardqcd	qcd_hardqcd_importance_adaptive500k_phys_20260717_0022	approved_local_text	/uscms_data/d3/iturkmen/hh4b_delphes/condor_return/qcd_hardqcd_importance_adaptive500k_phys_20260717_0022/receipts/qcd_hardqcd_importance_adaptive500k_phys_20260717_0022_84891534_job18_bin0_shard1837_receipt.json	22	"""pythia_configuration"": ""pythia8-config"","	configuration_evidence_candidate
background	qcd_hardqcd	qcd_hardqcd_importance_adaptive500k_phys_20260717_0022	approved_local_text	/uscms_data/d3/iturkmen/hh4b_delphes/condor_return/qcd_hardqcd_importance_adaptive500k_phys_20260717_0022/receipts/qcd_hardqcd_importance_adaptive500k_phys_20260717_0022_84891534_job7_bin0_shard1826_receipt.json	22	"""pythia_configuration"": ""pythia8-config"","	configuration_evidence_candidate
background	qcd_hardqcd	qcd_hardqcd_importance_adaptive500k_phys_20260717_0022	approved_local_text	/uscms_data/d3/iturkmen/hh4b_delphes/condor_return/qcd_hardqcd_importance_adaptive500k_phys_20260717_0022/receipts/qcd_hardqcd_importance_adaptive500k_phys_20260717_0022_84891534_job20_bin0_shard1839_receipt.json	22	"""pythia_configuration"": ""pythia8-config"","	configuration_evidence_candidate
background	qcd_hardqcd	qcd_hardqcd_importance_adaptive500k_phys_20260717_0022	approved_local_text	/uscms_data/d3/iturkmen/hh4b_delphes/condor_return/qcd_hardqcd_importance_adaptive500k_phys_20260717_0022/receipts/qcd_hardqcd_importance_adaptive500k_phys_20260717_0022_84891534_job29_bin0_shard1848_receipt.json	22	"""pythia_configuration"": ""pythia8-config"","	configuration_evidence_candidate
background	qcd_hardqcd	qcd_hardqcd_importance_adaptive500k_phys_20260717_0022	approved_local_text	/uscms_data/d3/iturkmen/hh4b_delphes/condor_return/qcd_hardqcd_importance_adaptive500k_phys_20260717_0022/receipts/qcd_hardqcd_importance_adaptive500k_phys_20260717_0022_84891534_job9_bin0_shard1828_receipt.json	22	"""pythia_configuration"": ""pythia8-config"","	configuration_evidence_candidate
background	qcd_hardqcd	qcd_hardqcd_importance_adaptive500k_phys_20260717_0022	approved_local_text	/uscms_data/d3/iturkmen/hh4b_delphes/condor_return/qcd_hardqcd_importance_adaptive500k_phys_20260717_0022/receipts/qcd_hardqcd_importance_adaptive500k_phys_20260717_0022_84891534_job31_bin1_shard1850_receipt.json	22	"""pythia_configuration"": ""pythia8-config"","	configuration_evidence_candidate
background	qcd_hardqcd	qcd_hardqcd_importance_adaptive500k_phys_20260717_0022	approved_local_text	/uscms_data/d3/iturkmen/hh4b_delphes/condor_return/qcd_hardqcd_importance_adaptive500k_phys_20260717_0022/receipts/qcd_hardqcd_importance_adaptive500k_phys_20260717_0022_84891534_job11_bin0_shard1830_receipt.json	22	"""pythia_configuration"": ""pythia8-config"","	configuration_evidence_candidate
background	qcd_hardqcd	qcd_hardqcd_importance_adaptive500k_phys_20260717_0022	approved_local_text	/uscms_data/d3/iturkmen/hh4b_delphes/condor_return/qcd_hardqcd_importance_adaptive500k_phys_20260717_0022/receipts/qcd_hardqcd_importance_adaptive500k_phys_20260717_0022_84891534_job22_bin0_shard1841_receipt.json	22	"""pythia_configuration"": ""pythia8-config"","	configuration_evidence_candidate
background	qcd_hardqcd	qcd_hardqcd_importance_adaptive500k_phys_20260717_0022	approved_local_text	/uscms_data/d3/iturkmen/hh4b_delphes/condor_return/qcd_hardqcd_importance_adaptive500k_phys_20260717_0022/receipts/qcd_hardqcd_importance_adaptive500k_phys_20260717_0022_84891534_job32_bin1_shard1851_receipt.json	22	"""pythia_configuration"": ""pythia8-config"","	configuration_evidence_candidate
background	qcd_hardqcd	qcd_hardqcd_importance_adaptive500k_phys_20260717_0022	approved_local_text	/uscms_data/d3/iturkmen/hh4b_delphes/condor_return/qcd_hardqcd_importance_adaptive500k_phys_20260717_0022/receipts/qcd_hardqcd_importance_adaptive500k_phys_20260717_0022_84891534_job39_bin2_shard1858_receipt.json	22	"""pythia_configuration"": ""pythia8-config"","	configuration_evidence_candidate
background	qcd_hardqcd	qcd_hardqcd_importance_adaptive500k_phys_20260717_0022	approved_local_text	/uscms_data/d3/iturkmen/hh4b_delphes/condor_return/qcd_hardqcd_importance_adaptive500k_phys_20260717_0022/receipts/qcd_hardqcd_importance_adaptive500k_phys_20260717_0022_84891534_job19_bin0_shard1838_receipt.json	22	"""pythia_configuration"": ""pythia8-config"","	configuration_evidence_candidate
background	qcd_hardqcd	qcd_hardqcd_importance_adaptive500k_phys_20260717_0022	approved_local_text	/uscms_data/d3/iturkmen/hh4b_delphes/condor_return/qcd_hardqcd_importance_adaptive500k_phys_20260717_0022/receipts/qcd_hardqcd_importance_adaptive500k_phys_20260717_0022_84891534_job6_bin0_shard1825_receipt.json	22	"""pythia_configuration"": ""pythia8-config"","	configuration_evidence_candidate
background	qcd_hardqcd	qcd_hardqcd_importance_adaptive500k_phys_20260717_0022	approved_local_text	/uscms_data/d3/iturkmen/hh4b_delphes/condor_return/qcd_hardqcd_importance_adaptive500k_phys_20260717_0022/receipts/qcd_hardqcd_importance_adaptive500k_phys_20260717_0022_84891534_job50_bin6_shard1869_receipt.json	22	"""pythia_configuration"": ""pythia8-config"","	configuration_evidence_candidate
background	qcd_hardqcd	qcd_hardqcd_importance_adaptive500k_phys_20260717_0022	approved_local_text	/uscms_data/d3/iturkmen/hh4b_delphes/condor_return/qcd_hardqcd_importance_adaptive500k_phys_20260717_0022/receipts/qcd_hardqcd_importance_adaptive500k_phys_20260717_0022_84891534_job42_bin2_shard1861_receipt.json	22	"""pythia_configuration"": ""pythia8-config"","	configuration_evidence_candidate
background	qcd_hardqcd	qcd_hardqcd_importance_adaptive500k_phys_20260717_0022	approved_local_text	/uscms_data/d3/iturkmen/hh4b_delphes/condor_return/qcd_hardqcd_importance_adaptive500k_phys_20260717_0022/receipts/qcd_hardqcd_importance_adaptive500k_phys_20260717_0022_84891534_job52_bin7_shard1871_receipt.json	22	"""pythia_configuration"": ""pythia8-config"","	configuration_evidence_candidate
background	qcd_hardqcd	qcd_hardqcd_importance_adaptive500k_phys_wave2_20260717	approved_local_text	/uscms_data/d3/iturkmen/hh4b_delphes/condor_return/qcd_hardqcd_importance_adaptive500k_phys_wave2_20260717/receipts/qcd_hardqcd_importance_adaptive500k_phys_wave2_20260717_59823913_job30_bin0_shard9803_receipt.json	22	"""pythia_configuration"": ""pythia8-config"","	configuration_evidence_candidate
background	qcd_hardqcd	qcd_hardqcd_importance_adaptive500k_phys_wave2_20260717	approved_local_text	/uscms_data/d3/iturkmen/hh4b_delphes/condor_return/qcd_hardqcd_importance_adaptive500k_phys_wave2_20260717/receipts/qcd_hardqcd_importance_adaptive500k_phys_wave2_20260717_59823913_job45_bin2_shard9818_receipt.json	22	"""pythia_configuration"": ""pythia8-config"","	configuration_evidence_candidate
background	qcd_hardqcd	qcd_hardqcd_importance_adaptive500k_phys_wave2_20260717	approved_local_text	/uscms_data/d3/iturkmen/hh4b_delphes/condor_return/qcd_hardqcd_importance_adaptive500k_phys_wave2_20260717/receipts/qcd_hardqcd_importance_adaptive500k_phys_wave2_20260717_59823913_job39_bin1_shard9812_receipt.json	22	"""pythia_configuration"": ""pythia8-config"","	configuration_evidence_candidate
background	qcd_hardqcd	qcd_hardqcd_importance_adaptive500k_phys_wave2_20260717	approved_local_text	/uscms_data/d3/iturkmen/hh4b_delphes/condor_return/qcd_hardqcd_importance_adaptive500k_phys_wave2_20260717/receipts/qcd_hardqcd_importance_adaptive500k_phys_wave2_20260717_59823913_job55_bin7_shard9828_receipt.json	22	"""pythia_configuration"": ""pythia8-config"","	configuration_evidence_candidate
background	qcd_hardqcd	qcd_hardqcd_importance_adaptive500k_phys_wave2_20260717	approved_local_text	/uscms_data/d3/iturkmen/hh4b_delphes/condor_return/qcd_hardqcd_importance_adaptive500k_phys_wave2_20260717/receipts/qcd_hardqcd_importance_adaptive500k_phys_wave2_20260717_59823913_job51_bin5_shard9824_receipt.json	22	"""pythia_configuration"": ""pythia8-config"","	configuration_evidence_candidate
background	qcd_hardqcd	qcd_hardqcd_importance_adaptive500k_phys_wave2_20260717	approved_local_text	/uscms_data/d3/iturkmen/hh4b_delphes/condor_return/qcd_hardqcd_importance_adaptive500k_phys_wave2_20260717/receipts/qcd_hardqcd_importance_adaptive500k_phys_wave2_20260717_59823913_job53_bin6_shard9826_receipt.json	22	"""pythia_configuration"": ""pythia8-config"","	configuration_evidence_candidate
background	qcd_hardqcd	qcd_hardqcd_importance_adaptive500k_phys_wave2_20260717	approved_local_text	/uscms_data/d3/iturkmen/hh4b_delphes/condor_return/qcd_hardqcd_importance_adaptive500k_phys_wave2_20260717/receipts/qcd_hardqcd_importance_adaptive500k_phys_wave2_20260717_59823913_job49_bin4_shard9822_receipt.json	22	"""pythia_configuration"": ""pythia8-config"","	configuration_evidence_candidate
background	qcd_hardqcd	qcd_hardqcd_importance_adaptive500k_phys_wave2_20260717	approved_local_text	/uscms_data/d3/iturkmen/hh4b_delphes/condor_return/qcd_hardqcd_importance_adaptive500k_phys_wave2_20260717/receipts/qcd_hardqcd_importance_adaptive500k_phys_wave2_20260717_59823913_job47_bin3_shard9820_receipt.json	22	"""pythia_configuration"": ""pythia8-config"","	configuration_evidence_candidate
background	qcd_hardqcd	qcd_hardqcd_importance_adaptive500k_phys_wave2_20260717	approved_local_text	/uscms_data/d3/iturkmen/hh4b_delphes/condor_return/qcd_hardqcd_importance_adaptive500k_phys_wave2_20260717/receipts/qcd_hardqcd_importance_adaptive500k_phys_wave2_20260717_59823913_job18_bin0_shard9791_receipt.json	22	"""pythia_configuration"": ""pythia8-config"","	configuration_evidence_candidate
background	qcd_hardqcd	qcd_hardqcd_importance_adaptive500k_phys_wave2_20260717	approved_local_text	/uscms_data/d3/iturkmen/hh4b_delphes/condor_return/qcd_hardqcd_importance_adaptive500k_phys_wave2_20260717/receipts/qcd_hardqcd_importance_adaptive500k_phys_wave2_20260717_59823913_job14_bin0_shard9787_receipt.json	22	"""pythia_configuration"": ""pythia8-config"","	configuration_evidence_candidate
background	qcd_hardqcd	qcd_hardqcd_importance_adaptive500k_phys_wave2_20260717	approved_local_text	/uscms_data/d3/iturkmen/hh4b_delphes/condor_return/qcd_hardqcd_importance_adaptive500k_phys_wave2_20260717/receipts/qcd_hardqcd_importance_adaptive500k_phys_wave2_20260717_59823913_job8_bin0_shard9781_receipt.json	22	"""pythia_configuration"": ""pythia8-config"","	configuration_evidence_candidate
background	qcd_hardqcd	qcd_hardqcd_importance_adaptive500k_phys_wave2_20260717	approved_local_text	/uscms_data/d3/iturkmen/hh4b_delphes/condor_return/qcd_hardqcd_importance_adaptive500k_phys_wave2_20260717/receipts/qcd_hardqcd_importance_adaptive500k_phys_wave2_20260717_59823913_job9_bin0_shard9782_receipt.json	22	"""pythia_configuration"": ""pythia8-config"","	configuration_evidence_candidate
background	qcd_hardqcd	qcd_hardqcd_importance_adaptive500k_phys_wave2_20260717	approved_local_text	/uscms_data/d3/iturkmen/hh4b_delphes/condor_return/qcd_hardqcd_importance_adaptive500k_phys_wave2_20260717/receipts/qcd_hardqcd_importance_adaptive500k_phys_wave2_20260717_59823913_job10_bin0_shard9783_receipt.json	22	"""pythia_configuration"": ""pythia8-config"","	configuration_evidence_candidate
background	qcd_hardqcd	qcd_hardqcd_importance_adaptive500k_phys_wave2_20260717	approved_local_text	/uscms_data/d3/iturkmen/hh4b_delphes/condor_return/qcd_hardqcd_importance_adaptive500k_phys_wave2_20260717/receipts/qcd_hardqcd_importance_adaptive500k_phys_wave2_20260717_59823913_job1_bin0_shard9774_receipt.json	22	"""pythia_configuration"": ""pythia8-config"","	configuration_evidence_candidate
background	qcd_hardqcd	qcd_hardqcd_importance_adaptive500k_phys_wave2_20260717	approved_local_text	/uscms_data/d3/iturkmen/hh4b_delphes/condor_return/qcd_hardqcd_importance_adaptive500k_phys_wave2_20260717/receipts/qcd_hardqcd_importance_adaptive500k_phys_wave2_20260717_59823913_job3_bin0_shard9776_receipt.json	22	"""pythia_configuration"": ""pythia8-config"","	configuration_evidence_candidate
background	qcd_hardqcd	qcd_hardqcd_importance_adaptive500k_phys_wave2_20260717	approved_local_text	/uscms_data/d3/iturkmen/hh4b_delphes/condor_return/qcd_hardqcd_importance_adaptive500k_phys_wave2_20260717/receipts/qcd_hardqcd_importance_adaptive500k_phys_wave2_20260717_59823913_job2_bin0_shard9775_receipt.json	22	"""pythia_configuration"": ""pythia8-config"","	configuration_evidence_candidate
background	qcd_hardqcd	qcd_hardqcd_importance_adaptive500k_phys_wave2_20260717	approved_local_text	/uscms_data/d3/iturkmen/hh4b_delphes/condor_return/qcd_hardqcd_importance_adaptive500k_phys_wave2_20260717/receipts/qcd_hardqcd_importance_adaptive500k_phys_wave2_20260717_59823913_job7_bin0_shard9780_receipt.json	22	"""pythia_configuration"": ""pythia8-config"","	configuration_evidence_candidate
background	qcd_hardqcd	qcd_hardqcd_importance_adaptive500k_phys_wave2_20260717	approved_local_text	/uscms_data/d3/iturkmen/hh4b_delphes/condor_return/qcd_hardqcd_importance_adaptive500k_phys_wave2_20260717/receipts/qcd_hardqcd_importance_adaptive500k_phys_wave2_20260717_59823913_job11_bin0_shard9784_receipt.json	22	"""pythia_configuration"": ""pythia8-config"","	configuration_evidence_candidate
background	qcd_hardqcd	qcd_hardqcd_importance_adaptive500k_phys_wave2_20260717	approved_local_text	/uscms_data/d3/iturkmen/hh4b_delphes/condor_return/qcd_hardqcd_importance_adaptive500k_phys_wave2_20260717/receipts/qcd_hardqcd_importance_adaptive500k_phys_wave2_20260717_59823913_job12_bin0_shard9785_receipt.json	22	"""pythia_configuration"": ""pythia8-config"","	configuration_evidence_candidate
background	qcd_hardqcd	qcd_hardqcd_importance_adaptive500k_phys_wave2_20260717	approved_local_text	/uscms_data/d3/iturkmen/hh4b_delphes/condor_return/qcd_hardqcd_importance_adaptive500k_phys_wave2_20260717/receipts/qcd_hardqcd_importance_adaptive500k_phys_wave2_20260717_59823913_job5_bin0_shard9778_receipt.json	22	"""pythia_configuration"": ""pythia8-config"","	configuration_evidence_candidate
background	qcd_hardqcd	qcd_hardqcd_importance_adaptive500k_phys_wave2_20260717	approved_local_text	/uscms_data/d3/iturkmen/hh4b_delphes/condor_return/qcd_hardqcd_importance_adaptive500k_phys_wave2_20260717/receipts/qcd_hardqcd_importance_adaptive500k_phys_wave2_20260717_59823913_job4_bin0_shard9777_receipt.json	22	"""pythia_configuration"": ""pythia8-config"","	configuration_evidence_candidate
background	qcd_hardqcd	qcd_hardqcd_importance_adaptive500k_phys_wave2_20260717	approved_local_text	/uscms_data/d3/iturkmen/hh4b_delphes/condor_return/qcd_hardqcd_importance_adaptive500k_phys_wave2_20260717/receipts/qcd_hardqcd_importance_adaptive500k_phys_wave2_20260717_59823913_job17_bin0_shard9790_receipt.json	22	"""pythia_configuration"": ""pythia8-config"","	configuration_evidence_candidate
background	qcd_hardqcd	qcd_hardqcd_importance_adaptive500k_phys_wave2_20260717	approved_local_text	/uscms_data/d3/iturkmen/hh4b_delphes/condor_return/qcd_hardqcd_importance_adaptive500k_phys_wave2_20260717/receipts/qcd_hardqcd_importance_adaptive500k_phys_wave2_20260717_59823913_job13_bin0_shard9786_receipt.json	22	"""pythia_configuration"": ""pythia8-config"","	configuration_evidence_candidate
background	qcd_hardqcd	qcd_hardqcd_importance_adaptive500k_phys_wave2_20260717	approved_local_text	/uscms_data/d3/iturkmen/hh4b_delphes/condor_return/qcd_hardqcd_importance_adaptive500k_phys_wave2_20260717/receipts/qcd_hardqcd_importance_adaptive500k_phys_wave2_20260717_59823913_job16_bin0_shard9789_receipt.json	22	"""pythia_configuration"": ""pythia8-config"","	configuration_evidence_candidate
background	qcd_hardqcd	qcd_hardqcd_importance_adaptive500k_phys_wave2_20260717	approved_local_text	/uscms_data/d3/iturkmen/hh4b_delphes/condor_return/qcd_hardqcd_importance_adaptive500k_phys_wave2_20260717/receipts/qcd_hardqcd_importance_adaptive500k_phys_wave2_20260717_59823913_job6_bin0_shard9779_receipt.json	22	"""pythia_configuration"": ""pythia8-config"","	configuration_evidence_candidate
background	qcd_hardqcd	qcd_hardqcd_importance_adaptive500k_phys_wave2_20260717	approved_local_text	/uscms_data/d3/iturkmen/hh4b_delphes/condor_return/qcd_hardqcd_importance_adaptive500k_phys_wave2_20260717/receipts/qcd_hardqcd_importance_adaptive500k_phys_wave2_20260717_59823913_job0_bin0_shard9773_receipt.json	22	"""pythia_configuration"": ""pythia8-config"","	configuration_evidence_candidate
background	qcd_hardqcd	qcd_hardqcd_importance_adaptive500k_phys_wave2_20260717	approved_local_text	/uscms_data/d3/iturkmen/hh4b_delphes/condor_return/qcd_hardqcd_importance_adaptive500k_phys_wave2_20260717/receipts/qcd_hardqcd_importance_adaptive500k_phys_wave2_20260717_59823913_job29_bin0_shard9802_receipt.json	22	"""pythia_configuration"": ""pythia8-config"","	configuration_evidence_candidate
background	qcd_hardqcd	qcd_hardqcd_importance_adaptive500k_phys_wave2_20260717	approved_local_text	/uscms_data/d3/iturkmen/hh4b_delphes/condor_return/qcd_hardqcd_importance_adaptive500k_phys_wave2_20260717/receipts/qcd_hardqcd_importance_adaptive500k_phys_wave2_20260717_59823913_job20_bin0_shard9793_receipt.json	22	"""pythia_configuration"": ""pythia8-config"","	configuration_evidence_candidate
background	qcd_hardqcd	qcd_hardqcd_importance_adaptive500k_phys_wave2_20260717	approved_local_text	/uscms_data/d3/iturkmen/hh4b_delphes/condor_return/qcd_hardqcd_importance_adaptive500k_phys_wave2_20260717/receipts/qcd_hardqcd_importance_adaptive500k_phys_wave2_20260717_59823913_job22_bin0_shard9795_receipt.json	22	"""pythia_configuration"": ""pythia8-config"","	configuration_evidence_candidate
background	qcd_hardqcd	qcd_hardqcd_importance_adaptive500k_phys_wave2_20260717	approved_local_text	/uscms_data/d3/iturkmen/hh4b_delphes/condor_return/qcd_hardqcd_importance_adaptive500k_phys_wave2_20260717/receipts/qcd_hardqcd_importance_adaptive500k_phys_wave2_20260717_59823913_job19_bin0_shard9792_receipt.json	22	"""pythia_configuration"": ""pythia8-config"","	configuration_evidence_candidate
background	qcd_hardqcd	qcd_hardqcd_importance_adaptive500k_phys_wave2_20260717	approved_local_text	/uscms_data/d3/iturkmen/hh4b_delphes/condor_return/qcd_hardqcd_importance_adaptive500k_phys_wave2_20260717/receipts/qcd_hardqcd_importance_adaptive500k_phys_wave2_20260717_59823913_job25_bin0_shard9798_receipt.json	22	"""pythia_configuration"": ""pythia8-config"","	configuration_evidence_candidate
background	qcd_hardqcd	qcd_hardqcd_importance_adaptive500k_phys_wave2_20260717	approved_local_text	/uscms_data/d3/iturkmen/hh4b_delphes/condor_return/qcd_hardqcd_importance_adaptive500k_phys_wave2_20260717/receipts/qcd_hardqcd_importance_adaptive500k_phys_wave2_20260717_59823913_job27_bin0_shard9800_receipt.json	22	"""pythia_configuration"": ""pythia8-config"","	configuration_evidence_candidate
background	qcd_hardqcd	qcd_hardqcd_importance_adaptive500k_phys_wave2_20260717	approved_local_text	/uscms_data/d3/iturkmen/hh4b_delphes/condor_return/qcd_hardqcd_importance_adaptive500k_phys_wave2_20260717/receipts/qcd_hardqcd_importance_adaptive500k_phys_wave2_20260717_59823913_job23_bin0_shard9796_receipt.json	22	"""pythia_configuration"": ""pythia8-config"","	configuration_evidence_candidate
background	qcd_hardqcd	qcd_hardqcd_importance_adaptive500k_phys_wave2_20260717	approved_local_text	/uscms_data/d3/iturkmen/hh4b_delphes/condor_return/qcd_hardqcd_importance_adaptive500k_phys_wave2_20260717/receipts/qcd_hardqcd_importance_adaptive500k_phys_wave2_20260717_59823913_job24_bin0_shard9797_receipt.json	22	"""pythia_configuration"": ""pythia8-config"","	configuration_evidence_candidate
background	qcd_hardqcd	qcd_hardqcd_importance_adaptive500k_phys_wave2_20260717	approved_local_text	/uscms_data/d3/iturkmen/hh4b_delphes/condor_return/qcd_hardqcd_importance_adaptive500k_phys_wave2_20260717/receipts/qcd_hardqcd_importance_adaptive500k_phys_wave2_20260717_59823913_job21_bin0_shard9794_receipt.json	22	"""pythia_configuration"": ""pythia8-config"","	configuration_evidence_candidate
background	qcd_hardqcd	qcd_hardqcd_importance_adaptive500k_phys_wave2_20260717	approved_local_text	/uscms_data/d3/iturkmen/hh4b_delphes/condor_return/qcd_hardqcd_importance_adaptive500k_phys_wave2_20260717/receipts/qcd_hardqcd_importance_adaptive500k_phys_wave2_20260717_59823913_job26_bin0_shard9799_receipt.json	22	"""pythia_configuration"": ""pythia8-config"","	configuration_evidence_candidate
background	qcd_hardqcd	qcd_hardqcd_importance_adaptive500k_phys_wave2_20260717	approved_local_text	/uscms_data/d3/iturkmen/hh4b_delphes/condor_return/qcd_hardqcd_importance_adaptive500k_phys_wave2_20260717/receipts/qcd_hardqcd_importance_adaptive500k_phys_wave2_20260717_59823913_job32_bin1_shard9805_receipt.json	22	"""pythia_configuration"": ""pythia8-config"","	configuration_evidence_candidate
background	qcd_hardqcd	qcd_hardqcd_importance_adaptive500k_phys_wave2_20260717	approved_local_text	/uscms_data/d3/iturkmen/hh4b_delphes/condor_return/qcd_hardqcd_importance_adaptive500k_phys_wave2_20260717/receipts/qcd_hardqcd_importance_adaptive500k_phys_wave2_20260717_59823913_job35_bin1_shard9808_receipt.json	22	"""pythia_configuration"": ""pythia8-config"","	configuration_evidence_candidate
background	qcd_hardqcd	qcd_hardqcd_importance_adaptive500k_phys_wave2_20260717	approved_local_text	/uscms_data/d3/iturkmen/hh4b_delphes/condor_return/qcd_hardqcd_importance_adaptive500k_phys_wave2_20260717/receipts/qcd_hardqcd_importance_adaptive500k_phys_wave2_20260717_59823913_job34_bin1_shard9807_receipt.json	22	"""pythia_configuration"": ""pythia8-config"","	configuration_evidence_candidate
background	qcd_hardqcd	qcd_hardqcd_importance_adaptive500k_phys_wave2_20260717	approved_local_text	/uscms_data/d3/iturkmen/hh4b_delphes/condor_return/qcd_hardqcd_importance_adaptive500k_phys_wave2_20260717/receipts/qcd_hardqcd_importance_adaptive500k_phys_wave2_20260717_59823913_job28_bin0_shard9801_receipt.json	22	"""pythia_configuration"": ""pythia8-config"","	configuration_evidence_candidate
background	qcd_hardqcd	qcd_hardqcd_importance_adaptive500k_phys_wave2_20260717	approved_local_text	/uscms_data/d3/iturkmen/hh4b_delphes/condor_return/qcd_hardqcd_importance_adaptive500k_phys_wave2_20260717/receipts/qcd_hardqcd_importance_adaptive500k_phys_wave2_20260717_59823913_job31_bin1_shard9804_receipt.json	22	"""pythia_configuration"": ""pythia8-config"","	configuration_evidence_candidate
background	qcd_hardqcd	qcd_hardqcd_importance_adaptive500k_phys_wave2_20260717	approved_local_text	/uscms_data/d3/iturkmen/hh4b_delphes/condor_return/qcd_hardqcd_importance_adaptive500k_phys_wave2_20260717/receipts/qcd_hardqcd_importance_adaptive500k_phys_wave2_20260717_59823913_job33_bin1_shard9806_receipt.json	22	"""pythia_configuration"": ""pythia8-config"","	configuration_evidence_candidate
background	qcd_hardqcd	qcd_hardqcd_importance_adaptive500k_phys_wave2_20260717	approved_local_text	/uscms_data/d3/iturkmen/hh4b_delphes/condor_return/qcd_hardqcd_importance_adaptive500k_phys_wave2_20260717/receipts/qcd_hardqcd_importance_adaptive500k_phys_wave2_20260717_59823913_job36_bin1_shard9809_receipt.json	22	"""pythia_configuration"": ""pythia8-config"","	configuration_evidence_candidate
background	qcd_hardqcd	qcd_hardqcd_importance_adaptive500k_phys_wave2_20260717	approved_local_text	/uscms_data/d3/iturkmen/hh4b_delphes/condor_return/qcd_hardqcd_importance_adaptive500k_phys_wave2_20260717/receipts/qcd_hardqcd_importance_adaptive500k_phys_wave2_20260717_59823913_job46_bin3_shard9819_receipt.json	22	"""pythia_configuration"": ""pythia8-config"","	configuration_evidence_candidate
background	qcd_hardqcd	qcd_hardqcd_importance_adaptive500k_phys_wave2_20260717	approved_local_text	/uscms_data/d3/iturkmen/hh4b_delphes/condor_return/qcd_hardqcd_importance_adaptive500k_phys_wave2_20260717/receipts/qcd_hardqcd_importance_adaptive500k_phys_wave2_20260717_59823913_job48_bin4_shard9821_receipt.json	22	"""pythia_configuration"": ""pythia8-config"","	configuration_evidence_candidate
background	qcd_hardqcd	qcd_hardqcd_importance_adaptive500k_phys_wave2_20260717	approved_local_text	/uscms_data/d3/iturkmen/hh4b_delphes/condor_return/qcd_hardqcd_importance_adaptive500k_phys_wave2_20260717/receipts/qcd_hardqcd_importance_adaptive500k_phys_wave2_20260717_59823913_job37_bin1_shard9810_receipt.json	22	"""pythia_configuration"": ""pythia8-config"","	configuration_evidence_candidate
background	qcd_hardqcd	qcd_hardqcd_importance_adaptive500k_phys_wave2_20260717	approved_local_text	/uscms_data/d3/iturkmen/hh4b_delphes/condor_return/qcd_hardqcd_importance_adaptive500k_phys_wave2_20260717/receipts/qcd_hardqcd_importance_adaptive500k_phys_wave2_20260717_59823913_job42_bin2_shard9815_receipt.json	22	"""pythia_configuration"": ""pythia8-config"","	configuration_evidence_candidate
background	qcd_hardqcd	qcd_hardqcd_importance_adaptive500k_phys_wave2_20260717	approved_local_text	/uscms_data/d3/iturkmen/hh4b_delphes/condor_return/qcd_hardqcd_importance_adaptive500k_phys_wave2_20260717/receipts/qcd_hardqcd_importance_adaptive500k_phys_wave2_20260717_59823913_job43_bin2_shard9816_receipt.json	22	"""pythia_configuration"": ""pythia8-config"","	configuration_evidence_candidate
background	qcd_hardqcd	qcd_hardqcd_importance_adaptive500k_phys_wave2_20260717	approved_local_text	/uscms_data/d3/iturkmen/hh4b_delphes/condor_return/qcd_hardqcd_importance_adaptive500k_phys_wave2_20260717/receipts/qcd_hardqcd_importance_adaptive500k_phys_wave2_20260717_59823913_job38_bin1_shard9811_receipt.json	22	"""pythia_configuration"": ""pythia8-config"","	configuration_evidence_candidate
background	qcd_hardqcd	qcd_hardqcd_importance_adaptive500k_phys_wave2_20260717	approved_local_text	/uscms_data/d3/iturkmen/hh4b_delphes/condor_return/qcd_hardqcd_importance_adaptive500k_phys_wave2_20260717/receipts/qcd_hardqcd_importance_adaptive500k_phys_wave2_20260717_59823913_job41_bin2_shard9814_receipt.json	22	"""pythia_configuration"": ""pythia8-config"","	configuration_evidence_candidate
background	qcd_hardqcd	qcd_hardqcd_importance_adaptive500k_phys_wave2_20260717	approved_local_text	/uscms_data/d3/iturkmen/hh4b_delphes/condor_return/qcd_hardqcd_importance_adaptive500k_phys_wave2_20260717/receipts/qcd_hardqcd_importance_adaptive500k_phys_wave2_20260717_59823913_job44_bin2_shard9817_receipt.json	22	"""pythia_configuration"": ""pythia8-config"","	configuration_evidence_candidate
background	qcd_hardqcd	qcd_hardqcd_importance_adaptive500k_phys_wave2_20260717	approved_local_text	/uscms_data/d3/iturkmen/hh4b_delphes/condor_return/qcd_hardqcd_importance_adaptive500k_phys_wave2_20260717/receipts/qcd_hardqcd_importance_adaptive500k_phys_wave2_20260717_59823913_job40_bin2_shard9813_receipt.json	22	"""pythia_configuration"": ""pythia8-config"","	configuration_evidence_candidate
background	qcd_hardqcd	qcd_hardqcd_importance_adaptive500k_phys_wave2_20260717	approved_local_text	/uscms_data/d3/iturkmen/hh4b_delphes/condor_return/qcd_hardqcd_importance_adaptive500k_phys_wave2_20260717/receipts/qcd_hardqcd_importance_adaptive500k_phys_wave2_20260717_59823913_job54_bin7_shard9827_receipt.json	22	"""pythia_configuration"": ""pythia8-config"","	configuration_evidence_candidate
background	qcd_hardqcd	qcd_hardqcd_importance_adaptive500k_phys_wave2_20260717	approved_local_text	/uscms_data/d3/iturkmen/hh4b_delphes/condor_return/qcd_hardqcd_importance_adaptive500k_phys_wave2_20260717/receipts/qcd_hardqcd_importance_adaptive500k_phys_wave2_20260717_59823913_job50_bin5_shard9823_receipt.json	22	"""pythia_configuration"": ""pythia8-config"","	configuration_evidence_candidate
background	qcd_hardqcd	qcd_hardqcd_importance_adaptive500k_phys_wave2_20260717	approved_local_text	/uscms_data/d3/iturkmen/hh4b_delphes/condor_return/qcd_hardqcd_importance_adaptive500k_phys_wave2_20260717/receipts/qcd_hardqcd_importance_adaptive500k_phys_wave2_20260717_59823913_job52_bin6_shard9825_receipt.json	22	"""pythia_configuration"": ""pythia8-config"","	configuration_evidence_candidate
background	qcd_hardqcd	qcd_hardqcd_importance_adaptive500k_phys_wave2_20260717	approved_local_text	/uscms_data/d3/iturkmen/hh4b_delphes/condor_return/qcd_hardqcd_importance_adaptive500k_phys_wave2_20260717/receipts/qcd_hardqcd_importance_adaptive500k_phys_wave2_20260717_59823913_job15_bin0_shard9788_receipt.json	22	"""pythia_configuration"": ""pythia8-config"","	configuration_evidence_candidate
background	qcd_hardqcd	qcd_hardqcd_importance_testfill_bin3_10k_20260717	approved_local_text	/uscms_data/d3/iturkmen/hh4b_delphes/condor_return/qcd_hardqcd_importance_testfill_bin3_10k_20260717/receipts/qcd_hardqcd_importance_testfill_bin3_10k_20260717_59823934_job0_bin3_shard3909_receipt.json	22	"""pythia_configuration"": ""pythia8-config"","	configuration_evidence_candidate
background	qcd_hardqcd	qcd_hardqcd_importance_adaptive500k_phys_wave2_20260717	approved_local_text	/uscms_data/d3/iturkmen/hh4b_delphes/condor_return/qcd_hardqcd_importance_adaptive500k_phys_wave2_20260717_job15_recovery_f2383a3767e6/receipts/qcd_hardqcd_importance_adaptive500k_phys_wave2_20260717_job15_recovery_f2383a3767e6_59825065_job15_bin0_shard9788_receipt.json	22	"""pythia_configuration"": ""pythia8-config"","	configuration_evidence_candidate
background	qcd_hardqcd	qcd_hardqcd_importance_adaptive1500k_phys_wave3_20260718	approved_local_text	/uscms_data/d3/iturkmen/hh4b_delphes/condor_return/qcd_hardqcd_importance_adaptive1500k_phys_wave3_20260718/receipts/qcd_hardqcd_importance_adaptive1500k_phys_wave3_20260718_84901352_job2_bin0_shard1035_receipt.json	22	"""pythia_configuration"": ""pythia8-config"","	configuration_evidence_candidate
background	qcd_hardqcd	qcd_hardqcd_importance_adaptive1500k_phys_wave3_20260718	approved_local_text	/uscms_data/d3/iturkmen/hh4b_delphes/condor_return/qcd_hardqcd_importance_adaptive1500k_phys_wave3_20260718/receipts/qcd_hardqcd_importance_adaptive1500k_phys_wave3_20260718_84901352_job21_bin0_shard1054_receipt.json	22	"""pythia_configuration"": ""pythia8-config"","	configuration_evidence_candidate
background	qcd_hardqcd	qcd_hardqcd_importance_adaptive1500k_phys_wave3_20260718	approved_local_text	/uscms_data/d3/iturkmen/hh4b_delphes/condor_return/qcd_hardqcd_importance_adaptive1500k_phys_wave3_20260718/receipts/qcd_hardqcd_importance_adaptive1500k_phys_wave3_20260718_84901352_job32_bin0_shard1065_receipt.json	22	"""pythia_configuration"": ""pythia8-config"","	configuration_evidence_candidate
background	qcd_hardqcd	qcd_hardqcd_importance_adaptive1500k_phys_wave3_20260718	approved_local_text	/uscms_data/d3/iturkmen/hh4b_delphes/condor_return/qcd_hardqcd_importance_adaptive1500k_phys_wave3_20260718/receipts/qcd_hardqcd_importance_adaptive1500k_phys_wave3_20260718_84901352_job56_bin0_shard1089_receipt.json	22	"""pythia_configuration"": ""pythia8-config"","	configuration_evidence_candidate
background	qcd_hardqcd	qcd_hardqcd_importance_adaptive1500k_phys_wave3_20260718	approved_local_text	/uscms_data/d3/iturkmen/hh4b_delphes/condor_return/qcd_hardqcd_importance_adaptive1500k_phys_wave3_20260718/receipts/qcd_hardqcd_importance_adaptive1500k_phys_wave3_20260718_84901352_job93_bin1_shard1126_receipt.json	22	"""pythia_configuration"": ""pythia8-config"","	configuration_evidence_candidate
background	qcd_hardqcd	qcd_hardqcd_importance_adaptive1500k_phys_wave3_20260718	approved_local_text	/uscms_data/d3/iturkmen/hh4b_delphes/condor_return/qcd_hardqcd_importance_adaptive1500k_phys_wave3_20260718/receipts/qcd_hardqcd_importance_adaptive1500k_phys_wave3_20260718_84901352_job19_bin0_shard1052_receipt.json	22	"""pythia_configuration"": ""pythia8-config"","	configuration_evidence_candidate
background	qcd_hardqcd	qcd_hardqcd_importance_adaptive1500k_phys_wave3_20260718	approved_local_text	/uscms_data/d3/iturkmen/hh4b_delphes/condor_return/qcd_hardqcd_importance_adaptive1500k_phys_wave3_20260718/receipts/qcd_hardqcd_importance_adaptive1500k_phys_wave3_20260718_84901352_job16_bin0_shard1049_receipt.json	22	"""pythia_configuration"": ""pythia8-config"","	configuration_evidence_candidate
background	qcd_hardqcd	qcd_hardqcd_importance_adaptive1500k_phys_wave3_20260718	approved_local_text	/uscms_data/d3/iturkmen/hh4b_delphes/condor_return/qcd_hardqcd_importance_adaptive1500k_phys_wave3_20260718/receipts/qcd_hardqcd_importance_adaptive1500k_phys_wave3_20260718_84901352_job18_bin0_shard1051_receipt.json	22	"""pythia_configuration"": ""pythia8-config"","	configuration_evidence_candidate
background	qcd_hardqcd	qcd_hardqcd_importance_adaptive1500k_phys_wave3_20260718	approved_local_text	/uscms_data/d3/iturkmen/hh4b_delphes/condor_return/qcd_hardqcd_importance_adaptive1500k_phys_wave3_20260718/receipts/qcd_hardqcd_importance_adaptive1500k_phys_wave3_20260718_84901352_job42_bin0_shard1075_receipt.json	22	"""pythia_configuration"": ""pythia8-config"","	configuration_evidence_candidate
background	qcd_hardqcd	qcd_hardqcd_importance_adaptive1500k_phys_wave3_20260718	approved_local_text	/uscms_data/d3/iturkmen/hh4b_delphes/condor_return/qcd_hardqcd_importance_adaptive1500k_phys_wave3_20260718/receipts/qcd_hardqcd_importance_adaptive1500k_phys_wave3_20260718_84901352_job43_bin0_shard1076_receipt.json	22	"""pythia_configuration"": ""pythia8-config"","	configuration_evidence_candidate
background	qcd_hardqcd	qcd_hardqcd_importance_adaptive1500k_phys_wave3_20260718	approved_local_text	/uscms_data/d3/iturkmen/hh4b_delphes/condor_return/qcd_hardqcd_importance_adaptive1500k_phys_wave3_20260718/receipts/qcd_hardqcd_importance_adaptive1500k_phys_wave3_20260718_84901352_job5_bin0_shard1038_receipt.json	22	"""pythia_configuration"": ""pythia8-config"","	configuration_evidence_candidate
background	qcd_hardqcd	qcd_hardqcd_importance_adaptive1500k_phys_wave3_20260718	approved_local_text	/uscms_data/d3/iturkmen/hh4b_delphes/condor_return/qcd_hardqcd_importance_adaptive1500k_phys_wave3_20260718/receipts/qcd_hardqcd_importance_adaptive1500k_phys_wave3_20260718_84901352_job22_bin0_shard1055_receipt.json	22	"""pythia_configuration"": ""pythia8-config"","	configuration_evidence_candidate
background	qcd_hardqcd	qcd_hardqcd_importance_adaptive1500k_phys_wave3_20260718	approved_local_text	/uscms_data/d3/iturkmen/hh4b_delphes/condor_return/qcd_hardqcd_importance_adaptive1500k_phys_wave3_20260718/receipts/qcd_hardqcd_importance_adaptive1500k_phys_wave3_20260718_84901352_job24_bin0_shard1057_receipt.json	22	"""pythia_configuration"": ""pythia8-config"","	configuration_evidence_candidate
background	qcd_hardqcd	qcd_hardqcd_importance_adaptive1500k_phys_wave3_20260718	approved_local_text	/uscms_data/d3/iturkmen/hh4b_delphes/condor_return/qcd_hardqcd_importance_adaptive1500k_phys_wave3_20260718/receipts/qcd_hardqcd_importance_adaptive1500k_phys_wave3_20260718_84901352_job26_bin0_shard1059_receipt.json	22	"""pythia_configuration"": ""pythia8-config"","	configuration_evidence_candidate
background	qcd_hardqcd	qcd_hardqcd_importance_adaptive1500k_phys_wave3_20260718	approved_local_text	/uscms_data/d3/iturkmen/hh4b_delphes/condor_return/qcd_hardqcd_importance_adaptive1500k_phys_wave3_20260718/receipts/qcd_hardqcd_importance_adaptive1500k_phys_wave3_20260718_84901352_job29_bin0_shard1062_receipt.json	22	"""pythia_configuration"": ""pythia8-config"","	configuration_evidence_candidate
background	qcd_hardqcd	qcd_hardqcd_importance_adaptive1500k_phys_wave3_20260718	approved_local_text	/uscms_data/d3/iturkmen/hh4b_delphes/condor_return/qcd_hardqcd_importance_adaptive1500k_phys_wave3_20260718/receipts/qcd_hardqcd_importance_adaptive1500k_phys_wave3_20260718_84901352_job27_bin0_shard1060_receipt.json	22	"""pythia_configuration"": ""pythia8-config"","	configuration_evidence_candidate
background	qcd_hardqcd	qcd_hardqcd_importance_adaptive1500k_phys_wave3_20260718	approved_local_text	/uscms_data/d3/iturkmen/hh4b_delphes/condor_return/qcd_hardqcd_importance_adaptive1500k_phys_wave3_20260718/receipts/qcd_hardqcd_importance_adaptive1500k_phys_wave3_20260718_84901352_job23_bin0_shard1056_receipt.json	22	"""pythia_configuration"": ""pythia8-config"","	configuration_evidence_candidate
background	qcd_hardqcd	qcd_hardqcd_importance_adaptive1500k_phys_wave3_20260718	approved_local_text	/uscms_data/d3/iturkmen/hh4b_delphes/condor_return/qcd_hardqcd_importance_adaptive1500k_phys_wave3_20260718/receipts/qcd_hardqcd_importance_adaptive1500k_phys_wave3_20260718_84901352_job3_bin0_shard1036_receipt.json	22	"""pythia_configuration"": ""pythia8-config"","	configuration_evidence_candidate
background	qcd_hardqcd	qcd_hardqcd_importance_adaptive1500k_phys_wave3_20260718	approved_local_text	/uscms_data/d3/iturkmen/hh4b_delphes/condor_return/qcd_hardqcd_importance_adaptive1500k_phys_wave3_20260718/receipts/qcd_hardqcd_importance_adaptive1500k_phys_wave3_20260718_84901352_job33_bin0_shard1066_receipt.json	22	"""pythia_configuration"": ""pythia8-config"","	configuration_evidence_candidate
background	qcd_hardqcd	qcd_hardqcd_importance_adaptive1500k_phys_wave3_20260718	approved_local_text	/uscms_data/d3/iturkmen/hh4b_delphes/condor_return/qcd_hardqcd_importance_adaptive1500k_phys_wave3_20260718/receipts/qcd_hardqcd_importance_adaptive1500k_phys_wave3_20260718_84901352_job28_bin0_shard1061_receipt.json	22	"""pythia_configuration"": ""pythia8-config"","	configuration_evidence_candidate
background	qcd_hardqcd	qcd_hardqcd_importance_adaptive1500k_phys_wave3_20260718	approved_local_text	/uscms_data/d3/iturkmen/hh4b_delphes/condor_return/qcd_hardqcd_importance_adaptive1500k_phys_wave3_20260718/receipts/qcd_hardqcd_importance_adaptive1500k_phys_wave3_20260718_84901352_job6_bin0_shard1039_receipt.json	22	"""pythia_configuration"": ""pythia8-config"","	configuration_evidence_candidate
background	qcd_hardqcd	qcd_hardqcd_importance_adaptive1500k_phys_wave3_20260718	approved_local_text	/uscms_data/d3/iturkmen/hh4b_delphes/condor_return/qcd_hardqcd_importance_adaptive1500k_phys_wave3_20260718/receipts/qcd_hardqcd_importance_adaptive1500k_phys_wave3_20260718_84901352_job17_bin0_shard1050_receipt.json	22	"""pythia_configuration"": ""pythia8-config"","	configuration_evidence_candidate
background	qcd_hardqcd	qcd_hardqcd_importance_adaptive1500k_phys_wave3_20260718	approved_local_text	/uscms_data/d3/iturkmen/hh4b_delphes/condor_return/qcd_hardqcd_importance_adaptive1500k_phys_wave3_20260718/receipts/qcd_hardqcd_importance_adaptive1500k_phys_wave3_20260718_84901352_job34_bin0_shard1067_receipt.json	22	"""pythia_configuration"": ""pythia8-config"","	configuration_evidence_candidate
background	qcd_hardqcd	qcd_hardqcd_importance_adaptive1500k_phys_wave3_20260718	approved_local_text	/uscms_data/d3/iturkmen/hh4b_delphes/condor_return/qcd_hardqcd_importance_adaptive1500k_phys_wave3_20260718/receipts/qcd_hardqcd_importance_adaptive1500k_phys_wave3_20260718_84901352_job35_bin0_shard1068_receipt.json	22	"""pythia_configuration"": ""pythia8-config"","	configuration_evidence_candidate
background	qcd_hardqcd	qcd_hardqcd_importance_adaptive1500k_phys_wave3_20260718	approved_local_text	/uscms_data/d3/iturkmen/hh4b_delphes/condor_return/qcd_hardqcd_importance_adaptive1500k_phys_wave3_20260718/receipts/qcd_hardqcd_importance_adaptive1500k_phys_wave3_20260718_84901352_job39_bin0_shard1072_receipt.json	22	"""pythia_configuration"": ""pythia8-config"","	configuration_evidence_candidate
background	qcd_hardqcd	qcd_hardqcd_importance_adaptive1500k_phys_wave3_20260718	approved_local_text	/uscms_data/d3/iturkmen/hh4b_delphes/condor_return/qcd_hardqcd_importance_adaptive1500k_phys_wave3_20260718/receipts/qcd_hardqcd_importance_adaptive1500k_phys_wave3_20260718_84901352_job36_bin0_shard1069_receipt.json	22	"""pythia_configuration"": ""pythia8-config"","	configuration_evidence_candidate
background	qcd_hardqcd	qcd_hardqcd_importance_adaptive1500k_phys_wave3_20260718	approved_local_text	/uscms_data/d3/iturkmen/hh4b_delphes/condor_return/qcd_hardqcd_importance_adaptive1500k_phys_wave3_20260718/receipts/qcd_hardqcd_importance_adaptive1500k_phys_wave3_20260718_84901352_job47_bin0_shard1080_receipt.json	22	"""pythia_configuration"": ""pythia8-config"","	configuration_evidence_candidate
background	qcd_hardqcd	qcd_hardqcd_importance_adaptive1500k_phys_wave3_20260718	approved_local_text	/uscms_data/d3/iturkmen/hh4b_delphes/condor_return/qcd_hardqcd_importance_adaptive1500k_phys_wave3_20260718/receipts/qcd_hardqcd_importance_adaptive1500k_phys_wave3_20260718_84901352_job38_bin0_shard1071_receipt.json	22	"""pythia_configuration"": ""pythia8-config"","	configuration_evidence_candidate
background	qcd_hardqcd	qcd_hardqcd_importance_adaptive1500k_phys_wave3_20260718	approved_local_text	/uscms_data/d3/iturkmen/hh4b_delphes/condor_return/qcd_hardqcd_importance_adaptive1500k_phys_wave3_20260718/receipts/qcd_hardqcd_importance_adaptive1500k_phys_wave3_20260718_84901352_job20_bin0_shard1053_receipt.json	22	"""pythia_configuration"": ""pythia8-config"","	configuration_evidence_candidate
background	qcd_hardqcd	qcd_hardqcd_importance_adaptive1500k_phys_wave3_20260718	approved_local_text	/uscms_data/d3/iturkmen/hh4b_delphes/condor_return/qcd_hardqcd_importance_adaptive1500k_phys_wave3_20260718/receipts/qcd_hardqcd_importance_adaptive1500k_phys_wave3_20260718_84901352_job46_bin0_shard1079_receipt.json	22	"""pythia_configuration"": ""pythia8-config"","	configuration_evidence_candidate
background	qcd_hardqcd	qcd_hardqcd_importance_adaptive1500k_phys_wave3_20260718	approved_local_text	/uscms_data/d3/iturkmen/hh4b_delphes/condor_return/qcd_hardqcd_importance_adaptive1500k_phys_wave3_20260718/receipts/qcd_hardqcd_importance_adaptive1500k_phys_wave3_20260718_84901352_job48_bin0_shard1081_receipt.json	22	"""pythia_configuration"": ""pythia8-config"","	configuration_evidence_candidate
background	qcd_hardqcd	qcd_hardqcd_importance_adaptive1500k_phys_wave3_20260718	approved_local_text	/uscms_data/d3/iturkmen/hh4b_delphes/condor_return/qcd_hardqcd_importance_adaptive1500k_phys_wave3_20260718/receipts/qcd_hardqcd_importance_adaptive1500k_phys_wave3_20260718_84901352_job49_bin0_shard1082_receipt.json	22	"""pythia_configuration"": ""pythia8-config"","	configuration_evidence_candidate
background	qcd_hardqcd	qcd_hardqcd_importance_adaptive1500k_phys_wave3_20260718	approved_local_text	/uscms_data/d3/iturkmen/hh4b_delphes/condor_return/qcd_hardqcd_importance_adaptive1500k_phys_wave3_20260718/receipts/qcd_hardqcd_importance_adaptive1500k_phys_wave3_20260718_84901352_job10_bin0_shard1043_receipt.json	22	"""pythia_configuration"": ""pythia8-config"","	configuration_evidence_candidate
background	qcd_hardqcd	qcd_hardqcd_importance_adaptive1500k_phys_wave3_20260718	approved_local_text	/uscms_data/d3/iturkmen/hh4b_delphes/condor_return/qcd_hardqcd_importance_adaptive1500k_phys_wave3_20260718/receipts/qcd_hardqcd_importance_adaptive1500k_phys_wave3_20260718_84901352_job41_bin0_shard1074_receipt.json	22	"""pythia_configuration"": ""pythia8-config"","	configuration_evidence_candidate
background	qcd_hardqcd	qcd_hardqcd_importance_adaptive1500k_phys_wave3_20260718	approved_local_text	/uscms_data/d3/iturkmen/hh4b_delphes/condor_return/qcd_hardqcd_importance_adaptive1500k_phys_wave3_20260718/receipts/qcd_hardqcd_importance_adaptive1500k_phys_wave3_20260718_84901352_job69_bin0_shard1102_receipt.json	22	"""pythia_configuration"": ""pythia8-config"","	configuration_evidence_candidate
background	qcd_hardqcd	qcd_hardqcd_importance_adaptive1500k_phys_wave3_20260718	approved_local_text	/uscms_data/d3/iturkmen/hh4b_delphes/condor_return/qcd_hardqcd_importance_adaptive1500k_phys_wave3_20260718/receipts/qcd_hardqcd_importance_adaptive1500k_phys_wave3_20260718_84901352_job45_bin0_shard1078_receipt.json	22	"""pythia_configuration"": ""pythia8-config"","	configuration_evidence_candidate
background	qcd_hardqcd	qcd_hardqcd_importance_adaptive1500k_phys_wave3_20260718	approved_local_text	/uscms_data/d3/iturkmen/hh4b_delphes/condor_return/qcd_hardqcd_importance_adaptive1500k_phys_wave3_20260718/receipts/qcd_hardqcd_importance_adaptive1500k_phys_wave3_20260718_84901352_job70_bin0_shard1103_receipt.json	22	"""pythia_configuration"": ""pythia8-config"","	configuration_evidence_candidate
background	qcd_hardqcd	qcd_hardqcd_importance_adaptive1500k_phys_wave3_20260718	approved_local_text	/uscms_data/d3/iturkmen/hh4b_delphes/condor_return/qcd_hardqcd_importance_adaptive1500k_phys_wave3_20260718/receipts/qcd_hardqcd_importance_adaptive1500k_phys_wave3_20260718_84901352_job66_bin0_shard1099_receipt.json	22	"""pythia_configuration"": ""pythia8-config"","	configuration_evidence_candidate
background	qcd_hardqcd	qcd_hardqcd_importance_adaptive1500k_phys_wave3_20260718	approved_local_text	/uscms_data/d3/iturkmen/hh4b_delphes/condor_return/qcd_hardqcd_importance_adaptive1500k_phys_wave3_20260718/receipts/qcd_hardqcd_importance_adaptive1500k_phys_wave3_20260718_84901352_job31_bin0_shard1064_receipt.json	22	"""pythia_configuration"": ""pythia8-config"","	configuration_evidence_candidate
background	qcd_hardqcd	qcd_hardqcd_importance_adaptive1500k_phys_wave3_20260718	approved_local_text	/uscms_data/d3/iturkmen/hh4b_delphes/condor_return/qcd_hardqcd_importance_adaptive1500k_phys_wave3_20260718/receipts/qcd_hardqcd_importance_adaptive1500k_phys_wave3_20260718_84901352_job54_bin0_shard1087_receipt.json	22	"""pythia_configuration"": ""pythia8-config"","	configuration_evidence_candidate
background	qcd_hardqcd	qcd_hardqcd_importance_adaptive1500k_phys_wave3_20260718	approved_local_text	/uscms_data/d3/iturkmen/hh4b_delphes/condor_return/qcd_hardqcd_importance_adaptive1500k_phys_wave3_20260718/receipts/qcd_hardqcd_importance_adaptive1500k_phys_wave3_20260718_84901352_job12_bin0_shard1045_receipt.json	22	"""pythia_configuration"": ""pythia8-config"","	configuration_evidence_candidate
background	qcd_hardqcd	qcd_hardqcd_importance_adaptive1500k_phys_wave3_20260718	approved_local_text	/uscms_data/d3/iturkmen/hh4b_delphes/condor_return/qcd_hardqcd_importance_adaptive1500k_phys_wave3_20260718/receipts/qcd_hardqcd_importance_adaptive1500k_phys_wave3_20260718_84901352_job11_bin0_shard1044_receipt.json	22	"""pythia_configuration"": ""pythia8-config"","	configuration_evidence_candidate
background	qcd_hardqcd	qcd_hardqcd_importance_adaptive1500k_phys_wave3_20260718	approved_local_text	/uscms_data/d3/iturkmen/hh4b_delphes/condor_return/qcd_hardqcd_importance_adaptive1500k_phys_wave3_20260718/receipts/qcd_hardqcd_importance_adaptive1500k_phys_wave3_20260718_84901352_job9_bin0_shard1042_receipt.json	22	"""pythia_configuration"": ""pythia8-config"","	configuration_evidence_candidate
background	qcd_hardqcd	qcd_hardqcd_importance_adaptive1500k_phys_wave3_20260718	approved_local_text	/uscms_data/d3/iturkmen/hh4b_delphes/condor_return/qcd_hardqcd_importance_adaptive1500k_phys_wave3_20260718/receipts/qcd_hardqcd_importance_adaptive1500k_phys_wave3_20260718_84901352_job13_bin0_shard1046_receipt.json	22	"""pythia_configuration"": ""pythia8-config"","	configuration_evidence_candidate
background	qcd_hardqcd	qcd_hardqcd_importance_adaptive1500k_phys_wave3_20260718	approved_local_text	/uscms_data/d3/iturkmen/hh4b_delphes/condor_return/qcd_hardqcd_importance_adaptive1500k_phys_wave3_20260718/receipts/qcd_hardqcd_importance_adaptive1500k_phys_wave3_20260718_84901352_job65_bin0_shard1098_receipt.json	22	"""pythia_configuration"": ""pythia8-config"","	configuration_evidence_candidate
background	qcd_hardqcd	qcd_hardqcd_importance_adaptive1500k_phys_wave3_20260718	approved_local_text	/uscms_data/d3/iturkmen/hh4b_delphes/condor_return/qcd_hardqcd_importance_adaptive1500k_phys_wave3_20260718/receipts/qcd_hardqcd_importance_adaptive1500k_phys_wave3_20260718_84901352_job67_bin0_shard1100_receipt.json	22	"""pythia_configuration"": ""pythia8-config"","	configuration_evidence_candidate
background	qcd_hardqcd	qcd_hardqcd_importance_adaptive1500k_phys_wave3_20260718	approved_local_text	/uscms_data/d3/iturkmen/hh4b_delphes/condor_return/qcd_hardqcd_importance_adaptive1500k_phys_wave3_20260718/receipts/qcd_hardqcd_importance_adaptive1500k_phys_wave3_20260718_84901352_job62_bin0_shard1095_receipt.json	22	"""pythia_configuration"": ""pythia8-config"","	configuration_evidence_candidate
background	qcd_hardqcd	qcd_hardqcd_importance_adaptive1500k_phys_wave3_20260718	approved_local_text	/uscms_data/d3/iturkmen/hh4b_delphes/condor_return/qcd_hardqcd_importance_adaptive1500k_phys_wave3_20260718/receipts/qcd_hardqcd_importance_adaptive1500k_phys_wave3_20260718_84901352_job64_bin0_shard1097_receipt.json	22	"""pythia_configuration"": ""pythia8-config"","	configuration_evidence_candidate
background	qcd_hardqcd	qcd_hardqcd_importance_adaptive1500k_phys_wave3_20260718	approved_local_text	/uscms_data/d3/iturkmen/hh4b_delphes/condor_return/qcd_hardqcd_importance_adaptive1500k_phys_wave3_20260718/receipts/qcd_hardqcd_importance_adaptive1500k_phys_wave3_20260718_84901352_job57_bin0_shard1090_receipt.json	22	"""pythia_configuration"": ""pythia8-config"","	configuration_evidence_candidate
background	qcd_hardqcd	qcd_hardqcd_importance_adaptive1500k_phys_wave3_20260718	approved_local_text	/uscms_data/d3/iturkmen/hh4b_delphes/condor_return/qcd_hardqcd_importance_adaptive1500k_phys_wave3_20260718/receipts/qcd_hardqcd_importance_adaptive1500k_phys_wave3_20260718_84901352_job30_bin0_shard1063_receipt.json	22	"""pythia_configuration"": ""pythia8-config"","	configuration_evidence_candidate
background	qcd_hardqcd	qcd_hardqcd_importance_adaptive1500k_phys_wave3_20260718	approved_local_text	/uscms_data/d3/iturkmen/hh4b_delphes/condor_return/qcd_hardqcd_importance_adaptive1500k_phys_wave3_20260718/receipts/qcd_hardqcd_importance_adaptive1500k_phys_wave3_20260718_84901352_job51_bin0_shard1084_receipt.json	22	"""pythia_configuration"": ""pythia8-config"","	configuration_evidence_candidate
background	qcd_hardqcd	qcd_hardqcd_importance_adaptive1500k_phys_wave3_20260718	approved_local_text	/uscms_data/d3/iturkmen/hh4b_delphes/condor_return/qcd_hardqcd_importance_adaptive1500k_phys_wave3_20260718/receipts/qcd_hardqcd_importance_adaptive1500k_phys_wave3_20260718_84901352_job120_bin2_shard1153_receipt.json	22	"""pythia_configuration"": ""pythia8-config"","	configuration_evidence_candidate
background	qcd_hardqcd	qcd_hardqcd_importance_adaptive1500k_phys_wave3_20260718	approved_local_text	/uscms_data/d3/iturkmen/hh4b_delphes/condor_return/qcd_hardqcd_importance_adaptive1500k_phys_wave3_20260718/receipts/qcd_hardqcd_importance_adaptive1500k_phys_wave3_20260718_84901352_job86_bin1_shard1119_receipt.json	22	"""pythia_configuration"": ""pythia8-config"","	configuration_evidence_candidate
background	qcd_hardqcd	qcd_hardqcd_importance_adaptive1500k_phys_wave3_20260718	approved_local_text	/uscms_data/d3/iturkmen/hh4b_delphes/condor_return/qcd_hardqcd_importance_adaptive1500k_phys_wave3_20260718/receipts/qcd_hardqcd_importance_adaptive1500k_phys_wave3_20260718_84901352_job50_bin0_shard1083_receipt.json	22	"""pythia_configuration"": ""pythia8-config"","	configuration_evidence_candidate
background	qcd_hardqcd	qcd_hardqcd_importance_adaptive1500k_phys_wave3_20260718	approved_local_text	/uscms_data/d3/iturkmen/hh4b_delphes/condor_return/qcd_hardqcd_importance_adaptive1500k_phys_wave3_20260718/receipts/qcd_hardqcd_importance_adaptive1500k_phys_wave3_20260718_84901352_job61_bin0_shard1094_receipt.json	22	"""pythia_configuration"": ""pythia8-config"","	configuration_evidence_candidate
background	qcd_hardqcd	qcd_hardqcd_importance_adaptive1500k_phys_wave3_20260718	approved_local_text	/uscms_data/d3/iturkmen/hh4b_delphes/condor_return/qcd_hardqcd_importance_adaptive1500k_phys_wave3_20260718/receipts/qcd_hardqcd_importance_adaptive1500k_phys_wave3_20260718_84901352_job52_bin0_shard1085_receipt.json	22	"""pythia_configuration"": ""pythia8-config"","	configuration_evidence_candidate
background	qcd_hardqcd	qcd_hardqcd_importance_adaptive1500k_phys_wave3_20260718	approved_local_text	/uscms_data/d3/iturkmen/hh4b_delphes/condor_return/qcd_hardqcd_importance_adaptive1500k_phys_wave3_20260718/receipts/qcd_hardqcd_importance_adaptive1500k_phys_wave3_20260718_84901352_job59_bin0_shard1092_receipt.json	22	"""pythia_configuration"": ""pythia8-config"","	configuration_evidence_candidate
background	qcd_hardqcd	qcd_hardqcd_importance_adaptive1500k_phys_wave3_20260718	approved_local_text	/uscms_data/d3/iturkmen/hh4b_delphes/condor_return/qcd_hardqcd_importance_adaptive1500k_phys_wave3_20260718/receipts/qcd_hardqcd_importance_adaptive1500k_phys_wave3_20260718_84901352_job58_bin0_shard1091_receipt.json	22	"""pythia_configuration"": ""pythia8-config"","	configuration_evidence_candidate
background	qcd_hardqcd	qcd_hardqcd_importance_adaptive1500k_phys_wave3_20260718	approved_local_text	/uscms_data/d3/iturkmen/hh4b_delphes/condor_return/qcd_hardqcd_importance_adaptive1500k_phys_wave3_20260718/receipts/qcd_hardqcd_importance_adaptive1500k_phys_wave3_20260718_84901352_job72_bin0_shard1105_receipt.json	22	"""pythia_configuration"": ""pythia8-config"","	configuration_evidence_candidate
background	qcd_hardqcd	qcd_hardqcd_importance_adaptive1500k_phys_wave3_20260718	approved_local_text	/uscms_data/d3/iturkmen/hh4b_delphes/condor_return/qcd_hardqcd_importance_adaptive1500k_phys_wave3_20260718/receipts/qcd_hardqcd_importance_adaptive1500k_phys_wave3_20260718_84901352_job44_bin0_shard1077_receipt.json	22	"""pythia_configuration"": ""pythia8-config"","	configuration_evidence_candidate
background	qcd_hardqcd	qcd_hardqcd_importance_adaptive1500k_phys_wave3_20260718	approved_local_text	/uscms_data/d3/iturkmen/hh4b_delphes/condor_return/qcd_hardqcd_importance_adaptive1500k_phys_wave3_20260718/receipts/qcd_hardqcd_importance_adaptive1500k_phys_wave3_20260718_84901352_job60_bin0_shard1093_receipt.json	22	"""pythia_configuration"": ""pythia8-config"","	configuration_evidence_candidate
background	qcd_hardqcd	qcd_hardqcd_importance_adaptive1500k_phys_wave3_20260718	approved_local_text	/uscms_data/d3/iturkmen/hh4b_delphes/condor_return/qcd_hardqcd_importance_adaptive1500k_phys_wave3_20260718/receipts/qcd_hardqcd_importance_adaptive1500k_phys_wave3_20260718_84901352_job73_bin1_shard1106_receipt.json	22	"""pythia_configuration"": ""pythia8-config"","	configuration_evidence_candidate
background	qcd_hardqcd	qcd_hardqcd_importance_adaptive1500k_phys_wave3_20260718	approved_local_text	/uscms_data/d3/iturkmen/hh4b_delphes/condor_return/qcd_hardqcd_importance_adaptive1500k_phys_wave3_20260718/receipts/qcd_hardqcd_importance_adaptive1500k_phys_wave3_20260718_84901352_job113_bin1_shard1146_receipt.json	22	"""pythia_configuration"": ""pythia8-config"","	configuration_evidence_candidate
background	qcd_hardqcd	qcd_hardqcd_importance_adaptive1500k_phys_wave3_20260718	approved_local_text	/uscms_data/d3/iturkmen/hh4b_delphes/condor_return/qcd_hardqcd_importance_adaptive1500k_phys_wave3_20260718/receipts/qcd_hardqcd_importance_adaptive1500k_phys_wave3_20260718_84901352_job77_bin1_shard1110_receipt.json	22	"""pythia_configuration"": ""pythia8-config"","	configuration_evidence_candidate
background	qcd_hardqcd	qcd_hardqcd_importance_adaptive1500k_phys_wave3_20260718	approved_local_text	/uscms_data/d3/iturkmen/hh4b_delphes/condor_return/qcd_hardqcd_importance_adaptive1500k_phys_wave3_20260718/receipts/qcd_hardqcd_importance_adaptive1500k_phys_wave3_20260718_84901352_job53_bin0_shard1086_receipt.json	22	"""pythia_configuration"": ""pythia8-config"","	configuration_evidence_candidate
background	qcd_hardqcd	qcd_hardqcd_importance_adaptive1500k_phys_wave3_20260718	approved_local_text	/uscms_data/d3/iturkmen/hh4b_delphes/condor_return/qcd_hardqcd_importance_adaptive1500k_phys_wave3_20260718/receipts/qcd_hardqcd_importance_adaptive1500k_phys_wave3_20260718_84901352_job55_bin0_shard1088_receipt.json	22	"""pythia_configuration"": ""pythia8-config"","	configuration_evidence_candidate
background	qcd_hardqcd	qcd_hardqcd_importance_adaptive1500k_phys_wave3_20260718	approved_local_text	/uscms_data/d3/iturkmen/hh4b_delphes/condor_return/qcd_hardqcd_importance_adaptive1500k_phys_wave3_20260718/receipts/qcd_hardqcd_importance_adaptive1500k_phys_wave3_20260718_84901352_job136_bin2_shard1169_receipt.json	22	"""pythia_configuration"": ""pythia8-config"","	configuration_evidence_candidate
background	qcd_hardqcd	qcd_hardqcd_importance_adaptive1500k_phys_wave3_20260718	approved_local_text	/uscms_data/d3/iturkmen/hh4b_delphes/condor_return/qcd_hardqcd_importance_adaptive1500k_phys_wave3_20260718/receipts/qcd_hardqcd_importance_adaptive1500k_phys_wave3_20260718_84901352_job63_bin0_shard1096_receipt.json	22	"""pythia_configuration"": ""pythia8-config"","	configuration_evidence_candidate
background	qcd_hardqcd	qcd_hardqcd_importance_adaptive1500k_phys_wave3_20260718	approved_local_text	/uscms_data/d3/iturkmen/hh4b_delphes/condor_return/qcd_hardqcd_importance_adaptive1500k_phys_wave3_20260718/receipts/qcd_hardqcd_importance_adaptive1500k_phys_wave3_20260718_84901352_job79_bin1_shard1112_receipt.json	22	"""pythia_configuration"": ""pythia8-config"","	configuration_evidence_candidate
background	qcd_hardqcd	qcd_hardqcd_importance_adaptive1500k_phys_wave3_20260718	approved_local_text	/uscms_data/d3/iturkmen/hh4b_delphes/condor_return/qcd_hardqcd_importance_adaptive1500k_phys_wave3_20260718/receipts/qcd_hardqcd_importance_adaptive1500k_phys_wave3_20260718_84901352_job71_bin0_shard1104_receipt.json	22	"""pythia_configuration"": ""pythia8-config"","	configuration_evidence_candidate
background	qcd_hardqcd	qcd_hardqcd_importance_adaptive1500k_phys_wave3_20260718	approved_local_text	/uscms_data/d3/iturkmen/hh4b_delphes/condor_return/qcd_hardqcd_importance_adaptive1500k_phys_wave3_20260718/receipts/qcd_hardqcd_importance_adaptive1500k_phys_wave3_20260718_84901352_job25_bin0_shard1058_receipt.json	22	"""pythia_configuration"": ""pythia8-config"","	configuration_evidence_candidate
background	qcd_hardqcd	qcd_hardqcd_importance_adaptive1500k_phys_wave3_20260718	approved_local_text	/uscms_data/d3/iturkmen/hh4b_delphes/condor_return/qcd_hardqcd_importance_adaptive1500k_phys_wave3_20260718/receipts/qcd_hardqcd_importance_adaptive1500k_phys_wave3_20260718_84901352_job81_bin1_shard1114_receipt.json	22	"""pythia_configuration"": ""pythia8-config"","	configuration_evidence_candidate
background	qcd_hardqcd	qcd_hardqcd_importance_adaptive1500k_phys_wave3_20260718	approved_local_text	/uscms_data/d3/iturkmen/hh4b_delphes/condor_return/qcd_hardqcd_importance_adaptive1500k_phys_wave3_20260718/receipts/qcd_hardqcd_importance_adaptive1500k_phys_wave3_20260718_84901352_job83_bin1_shard1116_receipt.json	22	"""pythia_configuration"": ""pythia8-config"","	configuration_evidence_candidate
background	qcd_hardqcd	qcd_hardqcd_importance_adaptive1500k_phys_wave3_20260718	approved_local_text	/uscms_data/d3/iturkmen/hh4b_delphes/condor_return/qcd_hardqcd_importance_adaptive1500k_phys_wave3_20260718/receipts/qcd_hardqcd_importance_adaptive1500k_phys_wave3_20260718_84901352_job85_bin1_shard1118_receipt.json	22	"""pythia_configuration"": ""pythia8-config"","	configuration_evidence_candidate
background	qcd_hardqcd	qcd_hardqcd_importance_adaptive1500k_phys_wave3_20260718	approved_local_text	/uscms_data/d3/iturkmen/hh4b_delphes/condor_return/qcd_hardqcd_importance_adaptive1500k_phys_wave3_20260718/receipts/qcd_hardqcd_importance_adaptive1500k_phys_wave3_20260718_84901352_job4_bin0_shard1037_receipt.json	22	"""pythia_configuration"": ""pythia8-config"","	configuration_evidence_candidate
background	qcd_hardqcd	qcd_hardqcd_importance_adaptive1500k_phys_wave3_20260718	approved_local_text	/uscms_data/d3/iturkmen/hh4b_delphes/condor_return/qcd_hardqcd_importance_adaptive1500k_phys_wave3_20260718/receipts/qcd_hardqcd_importance_adaptive1500k_phys_wave3_20260718_84901352_job82_bin1_shard1115_receipt.json	22	"""pythia_configuration"": ""pythia8-config"","	configuration_evidence_candidate
background	qcd_hardqcd	qcd_hardqcd_importance_adaptive1500k_phys_wave3_20260718	approved_local_text	/uscms_data/d3/iturkmen/hh4b_delphes/condor_return/qcd_hardqcd_importance_adaptive1500k_phys_wave3_20260718/receipts/qcd_hardqcd_importance_adaptive1500k_phys_wave3_20260718_84901352_job92_bin1_shard1125_receipt.json	22	"""pythia_configuration"": ""pythia8-config"","	configuration_evidence_candidate
background	qcd_hardqcd	qcd_hardqcd_importance_adaptive1500k_phys_wave3_20260718	approved_local_text	/uscms_data/d3/iturkmen/hh4b_delphes/condor_return/qcd_hardqcd_importance_adaptive1500k_phys_wave3_20260718/receipts/qcd_hardqcd_importance_adaptive1500k_phys_wave3_20260718_84901352_job14_bin0_shard1047_receipt.json	22	"""pythia_configuration"": ""pythia8-config"","	configuration_evidence_candidate
background	qcd_hardqcd	qcd_hardqcd_importance_adaptive1500k_phys_wave3_20260718	approved_local_text	/uscms_data/d3/iturkmen/hh4b_delphes/condor_return/qcd_hardqcd_importance_adaptive1500k_phys_wave3_20260718/receipts/qcd_hardqcd_importance_adaptive1500k_phys_wave3_20260718_84901352_job15_bin0_shard1048_receipt.json	22	"""pythia_configuration"": ""pythia8-config"","	configuration_evidence_candidate
background	qcd_hardqcd	qcd_hardqcd_importance_adaptive1500k_phys_wave3_20260718	approved_local_text	/uscms_data/d3/iturkmen/hh4b_delphes/condor_return/qcd_hardqcd_importance_adaptive1500k_phys_wave3_20260718/receipts/qcd_hardqcd_importance_adaptive1500k_phys_wave3_20260718_84901352_job8_bin0_shard1041_receipt.json	22	"""pythia_configuration"": ""pythia8-config"","	configuration_evidence_candidate
background	qcd_hardqcd	qcd_hardqcd_importance_adaptive1500k_phys_wave3_20260718	approved_local_text	/uscms_data/d3/iturkmen/hh4b_delphes/condor_return/qcd_hardqcd_importance_adaptive1500k_phys_wave3_20260718/receipts/qcd_hardqcd_importance_adaptive1500k_phys_wave3_20260718_84901352_job7_bin0_shard1040_receipt.json	22	"""pythia_configuration"": ""pythia8-config"","	configuration_evidence_candidate
background	qcd_hardqcd	qcd_hardqcd_importance_adaptive1500k_phys_wave3_20260718	approved_local_text	/uscms_data/d3/iturkmen/hh4b_delphes/condor_return/qcd_hardqcd_importance_adaptive1500k_phys_wave3_20260718/receipts/qcd_hardqcd_importance_adaptive1500k_phys_wave3_20260718_84901352_job128_bin2_shard1161_receipt.json	22	"""pythia_configuration"": ""pythia8-config"","	configuration_evidence_candidate
background	qcd_hardqcd	qcd_hardqcd_importance_adaptive1500k_phys_wave3_20260718	approved_local_text	/uscms_data/d3/iturkmen/hh4b_delphes/condor_return/qcd_hardqcd_importance_adaptive1500k_phys_wave3_20260718/receipts/qcd_hardqcd_importance_adaptive1500k_phys_wave3_20260718_84901352_job0_bin0_shard1033_receipt.json	22	"""pythia_configuration"": ""pythia8-config"","	configuration_evidence_candidate
background	qcd_hardqcd	qcd_hardqcd_importance_adaptive1500k_phys_wave3_20260718	approved_local_text	/uscms_data/d3/iturkmen/hh4b_delphes/condor_return/qcd_hardqcd_importance_adaptive1500k_phys_wave3_20260718/receipts/qcd_hardqcd_importance_adaptive1500k_phys_wave3_20260718_84901352_job91_bin1_shard1124_receipt.json	22	"""pythia_configuration"": ""pythia8-config"","	configuration_evidence_candidate
background	qcd_hardqcd	qcd_hardqcd_importance_adaptive1500k_phys_wave3_20260718	approved_local_text	/uscms_data/d3/iturkmen/hh4b_delphes/condor_return/qcd_hardqcd_importance_adaptive1500k_phys_wave3_20260718/receipts/qcd_hardqcd_importance_adaptive1500k_phys_wave3_20260718_84901352_job95_bin1_shard1128_receipt.json	22	"""pythia_configuration"": ""pythia8-config"","	configuration_evidence_candidate
background	qcd_hardqcd	qcd_hardqcd_importance_adaptive1500k_phys_wave3_20260718	approved_local_text	/uscms_data/d3/iturkmen/hh4b_delphes/condor_return/qcd_hardqcd_importance_adaptive1500k_phys_wave3_20260718/receipts/qcd_hardqcd_importance_adaptive1500k_phys_wave3_20260718_84901352_job88_bin1_shard1121_receipt.json	22	"""pythia_configuration"": ""pythia8-config"","	configuration_evidence_candidate
background	qcd_hardqcd	qcd_hardqcd_importance_adaptive1500k_phys_wave3_20260718	approved_local_text	/uscms_data/d3/iturkmen/hh4b_delphes/condor_return/qcd_hardqcd_importance_adaptive1500k_phys_wave3_20260718/receipts/qcd_hardqcd_importance_adaptive1500k_phys_wave3_20260718_84901352_job96_bin1_shard1129_receipt.json	22	"""pythia_configuration"": ""pythia8-config"","	configuration_evidence_candidate
background	qcd_hardqcd	qcd_hardqcd_importance_adaptive1500k_phys_wave3_20260718	approved_local_text	/uscms_data/d3/iturkmen/hh4b_delphes/condor_return/qcd_hardqcd_importance_adaptive1500k_phys_wave3_20260718/receipts/qcd_hardqcd_importance_adaptive1500k_phys_wave3_20260718_84901352_job76_bin1_shard1109_receipt.json	22	"""pythia_configuration"": ""pythia8-config"","	configuration_evidence_candidate
background	qcd_hardqcd	qcd_hardqcd_importance_adaptive1500k_phys_wave3_20260718	approved_local_text	/uscms_data/d3/iturkmen/hh4b_delphes/condor_return/qcd_hardqcd_importance_adaptive1500k_phys_wave3_20260718/receipts/qcd_hardqcd_importance_adaptive1500k_phys_wave3_20260718_84901352_job118_bin2_shard1151_receipt.json	22	"""pythia_configuration"": ""pythia8-config"","	configuration_evidence_candidate
background	qcd_hardqcd	qcd_hardqcd_importance_adaptive1500k_phys_wave3_20260718	approved_local_text	/uscms_data/d3/iturkmen/hh4b_delphes/condor_return/qcd_hardqcd_importance_adaptive1500k_phys_wave3_20260718/receipts/qcd_hardqcd_importance_adaptive1500k_phys_wave3_20260718_84901352_job37_bin0_shard1070_receipt.json	22	"""pythia_configuration"": ""pythia8-config"","	configuration_evidence_candidate
background	qcd_hardqcd	qcd_hardqcd_importance_adaptive1500k_phys_wave3_20260718	approved_local_text	/uscms_data/d3/iturkmen/hh4b_delphes/condor_return/qcd_hardqcd_importance_adaptive1500k_phys_wave3_20260718/receipts/qcd_hardqcd_importance_adaptive1500k_phys_wave3_20260718_84901352_job68_bin0_shard1101_receipt.json	22	"""pythia_configuration"": ""pythia8-config"","	configuration_evidence_candidate
background	qcd_hardqcd	qcd_hardqcd_importance_adaptive1500k_phys_wave3_20260718	approved_local_text	/uscms_data/d3/iturkmen/hh4b_delphes/condor_return/qcd_hardqcd_importance_adaptive1500k_phys_wave3_20260718/receipts/qcd_hardqcd_importance_adaptive1500k_phys_wave3_20260718_84901352_job98_bin1_shard1131_receipt.json	22	"""pythia_configuration"": ""pythia8-config"","	configuration_evidence_candidate
background	qcd_hardqcd	qcd_hardqcd_importance_adaptive1500k_phys_wave3_20260718	approved_local_text	/uscms_data/d3/iturkmen/hh4b_delphes/condor_return/qcd_hardqcd_importance_adaptive1500k_phys_wave3_20260718/receipts/qcd_hardqcd_importance_adaptive1500k_phys_wave3_20260718_84901352_job74_bin1_shard1107_receipt.json	22	"""pythia_configuration"": ""pythia8-config"","	configuration_evidence_candidate
background	qcd_hardqcd	qcd_hardqcd_importance_adaptive1500k_phys_wave3_20260718	approved_local_text	/uscms_data/d3/iturkmen/hh4b_delphes/condor_return/qcd_hardqcd_importance_adaptive1500k_phys_wave3_20260718/receipts/qcd_hardqcd_importance_adaptive1500k_phys_wave3_20260718_84901352_job102_bin1_shard1135_receipt.json	22	"""pythia_configuration"": ""pythia8-config"","	configuration_evidence_candidate
background	qcd_hardqcd	qcd_hardqcd_importance_adaptive1500k_phys_wave3_20260718	approved_local_text	/uscms_data/d3/iturkmen/hh4b_delphes/condor_return/qcd_hardqcd_importance_adaptive1500k_phys_wave3_20260718/receipts/qcd_hardqcd_importance_adaptive1500k_phys_wave3_20260718_84901352_job87_bin1_shard1120_receipt.json	22	"""pythia_configuration"": ""pythia8-config"","	configuration_evidence_candidate
background	qcd_hardqcd	qcd_hardqcd_importance_adaptive1500k_phys_wave3_20260718	approved_local_text	/uscms_data/d3/iturkmen/hh4b_delphes/condor_return/qcd_hardqcd_importance_adaptive1500k_phys_wave3_20260718/receipts/qcd_hardqcd_importance_adaptive1500k_phys_wave3_20260718_84901352_job121_bin2_shard1154_receipt.json	22	"""pythia_configuration"": ""pythia8-config"","	configuration_evidence_candidate
background	qcd_hardqcd	qcd_hardqcd_importance_adaptive1500k_phys_wave3_20260718	approved_local_text	/uscms_data/d3/iturkmen/hh4b_delphes/condor_return/qcd_hardqcd_importance_adaptive1500k_phys_wave3_20260718/receipts/qcd_hardqcd_importance_adaptive1500k_phys_wave3_20260718_84901352_job105_bin1_shard1138_receipt.json	22	"""pythia_configuration"": ""pythia8-config"","	configuration_evidence_candidate
background	qcd_hardqcd	qcd_hardqcd_importance_adaptive1500k_phys_wave3_20260718	approved_local_text	/uscms_data/d3/iturkmen/hh4b_delphes/condor_return/qcd_hardqcd_importance_adaptive1500k_phys_wave3_20260718/receipts/qcd_hardqcd_importance_adaptive1500k_phys_wave3_20260718_84901352_job97_bin1_shard1130_receipt.json	22	"""pythia_configuration"": ""pythia8-config"","	configuration_evidence_candidate
background	qcd_hardqcd	qcd_hardqcd_importance_adaptive1500k_phys_wave3_20260718	approved_local_text	/uscms_data/d3/iturkmen/hh4b_delphes/condor_return/qcd_hardqcd_importance_adaptive1500k_phys_wave3_20260718/receipts/qcd_hardqcd_importance_adaptive1500k_phys_wave3_20260718_84901352_job139_bin2_shard1172_receipt.json	22	"""pythia_configuration"": ""pythia8-config"","	configuration_evidence_candidate
background	qcd_hardqcd	qcd_hardqcd_importance_adaptive1500k_phys_wave3_20260718	approved_local_text	/uscms_data/d3/iturkmen/hh4b_delphes/condor_return/qcd_hardqcd_importance_adaptive1500k_phys_wave3_20260718/receipts/qcd_hardqcd_importance_adaptive1500k_phys_wave3_20260718_84901352_job107_bin1_shard1140_receipt.json	22	"""pythia_configuration"": ""pythia8-config"","	configuration_evidence_candidate
background	qcd_hardqcd	qcd_hardqcd_importance_adaptive1500k_phys_wave3_20260718	approved_local_text	/uscms_data/d3/iturkmen/hh4b_delphes/condor_return/qcd_hardqcd_importance_adaptive1500k_phys_wave3_20260718/receipts/qcd_hardqcd_importance_adaptive1500k_phys_wave3_20260718_84901352_job100_bin1_shard1133_receipt.json	22	"""pythia_configuration"": ""pythia8-config"","	configuration_evidence_candidate
background	qcd_hardqcd	qcd_hardqcd_importance_adaptive1500k_phys_wave3_20260718	approved_local_text	/uscms_data/d3/iturkmen/hh4b_delphes/condor_return/qcd_hardqcd_importance_adaptive1500k_phys_wave3_20260718/receipts/qcd_hardqcd_importance_adaptive1500k_phys_wave3_20260718_84901352_job99_bin1_shard1132_receipt.json	22	"""pythia_configuration"": ""pythia8-config"","	configuration_evidence_candidate
background	qcd_hardqcd	qcd_hardqcd_importance_adaptive1500k_phys_wave3_20260718	approved_local_text	/uscms_data/d3/iturkmen/hh4b_delphes/condor_return/qcd_hardqcd_importance_adaptive1500k_phys_wave3_20260718/receipts/qcd_hardqcd_importance_adaptive1500k_phys_wave3_20260718_84901352_job80_bin1_shard1113_receipt.json	22	"""pythia_configuration"": ""pythia8-config"","	configuration_evidence_candidate
background	qcd_hardqcd	qcd_hardqcd_importance_adaptive1500k_phys_wave3_20260718	approved_local_text	/uscms_data/d3/iturkmen/hh4b_delphes/condor_return/qcd_hardqcd_importance_adaptive1500k_phys_wave3_20260718/receipts/qcd_hardqcd_importance_adaptive1500k_phys_wave3_20260718_84901352_job84_bin1_shard1117_receipt.json	22	"""pythia_configuration"": ""pythia8-config"","	configuration_evidence_candidate
background	qcd_hardqcd	qcd_hardqcd_importance_adaptive1500k_phys_wave3_20260718	approved_local_text	/uscms_data/d3/iturkmen/hh4b_delphes/condor_return/qcd_hardqcd_importance_adaptive1500k_phys_wave3_20260718/receipts/qcd_hardqcd_importance_adaptive1500k_phys_wave3_20260718_84901352_job75_bin1_shard1108_receipt.json	22	"""pythia_configuration"": ""pythia8-config"","	configuration_evidence_candidate
background	qcd_hardqcd	qcd_hardqcd_importance_adaptive1500k_phys_wave3_20260718	approved_local_text	/uscms_data/d3/iturkmen/hh4b_delphes/condor_return/qcd_hardqcd_importance_adaptive1500k_phys_wave3_20260718/receipts/qcd_hardqcd_importance_adaptive1500k_phys_wave3_20260718_84901352_job104_bin1_shard1137_receipt.json	22	"""pythia_configuration"": ""pythia8-config"","	configuration_evidence_candidate
background	qcd_hardqcd	qcd_hardqcd_importance_adaptive1500k_phys_wave3_20260718	approved_local_text	/uscms_data/d3/iturkmen/hh4b_delphes/condor_return/qcd_hardqcd_importance_adaptive1500k_phys_wave3_20260718/receipts/qcd_hardqcd_importance_adaptive1500k_phys_wave3_20260718_84901352_job110_bin1_shard1143_receipt.json	22	"""pythia_configuration"": ""pythia8-config"","	configuration_evidence_candidate
background	qcd_hardqcd	qcd_hardqcd_importance_adaptive1500k_phys_wave3_20260718	approved_local_text	/uscms_data/d3/iturkmen/hh4b_delphes/condor_return/qcd_hardqcd_importance_adaptive1500k_phys_wave3_20260718/receipts/qcd_hardqcd_importance_adaptive1500k_phys_wave3_20260718_84901352_job103_bin1_shard1136_receipt.json	22	"""pythia_configuration"": ""pythia8-config"","	configuration_evidence_candidate
background	qcd_hardqcd	qcd_hardqcd_importance_adaptive1500k_phys_wave3_20260718	approved_local_text	/uscms_data/d3/iturkmen/hh4b_delphes/condor_return/qcd_hardqcd_importance_adaptive1500k_phys_wave3_20260718/receipts/qcd_hardqcd_importance_adaptive1500k_phys_wave3_20260718_84901352_job108_bin1_shard1141_receipt.json	22	"""pythia_configuration"": ""pythia8-config"","	configuration_evidence_candidate
background	qcd_hardqcd	qcd_hardqcd_importance_adaptive1500k_phys_wave3_20260718	approved_local_text	/uscms_data/d3/iturkmen/hh4b_delphes/condor_return/qcd_hardqcd_importance_adaptive1500k_phys_wave3_20260718/receipts/qcd_hardqcd_importance_adaptive1500k_phys_wave3_20260718_84901352_job101_bin1_shard1134_receipt.json	22	"""pythia_configuration"": ""pythia8-config"","	configuration_evidence_candidate
background	qcd_hardqcd	qcd_hardqcd_importance_adaptive1500k_phys_wave3_20260718	approved_local_text	/uscms_data/d3/iturkmen/hh4b_delphes/condor_return/qcd_hardqcd_importance_adaptive1500k_phys_wave3_20260718/receipts/qcd_hardqcd_importance_adaptive1500k_phys_wave3_20260718_84901352_job40_bin0_shard1073_receipt.json	22	"""pythia_configuration"": ""pythia8-config"","	configuration_evidence_candidate
background	qcd_hardqcd	qcd_hardqcd_importance_adaptive1500k_phys_wave3_20260718	approved_local_text	/uscms_data/d3/iturkmen/hh4b_delphes/condor_return/qcd_hardqcd_importance_adaptive1500k_phys_wave3_20260718/receipts/qcd_hardqcd_importance_adaptive1500k_phys_wave3_20260718_84901352_job114_bin1_shard1147_receipt.json	22	"""pythia_configuration"": ""pythia8-config"","	configuration_evidence_candidate
background	qcd_hardqcd	qcd_hardqcd_importance_adaptive1500k_phys_wave3_20260718	approved_local_text	/uscms_data/d3/iturkmen/hh4b_delphes/condor_return/qcd_hardqcd_importance_adaptive1500k_phys_wave3_20260718/receipts/qcd_hardqcd_importance_adaptive1500k_phys_wave3_20260718_84901352_job135_bin2_shard1168_receipt.json	22	"""pythia_configuration"": ""pythia8-config"","	configuration_evidence_candidate
background	qcd_hardqcd	qcd_hardqcd_importance_adaptive1500k_phys_wave3_20260718	approved_local_text	/uscms_data/d3/iturkmen/hh4b_delphes/condor_return/qcd_hardqcd_importance_adaptive1500k_phys_wave3_20260718/receipts/qcd_hardqcd_importance_adaptive1500k_phys_wave3_20260718_84901352_job111_bin1_shard1144_receipt.json	22	"""pythia_configuration"": ""pythia8-config"","	configuration_evidence_candidate
background	qcd_hardqcd	qcd_hardqcd_importance_adaptive1500k_phys_wave3_20260718	approved_local_text	/uscms_data/d3/iturkmen/hh4b_delphes/condor_return/qcd_hardqcd_importance_adaptive1500k_phys_wave3_20260718/receipts/qcd_hardqcd_importance_adaptive1500k_phys_wave3_20260718_84901352_job106_bin1_shard1139_receipt.json	22	"""pythia_configuration"": ""pythia8-config"","	configuration_evidence_candidate
background	qcd_hardqcd	qcd_hardqcd_importance_adaptive1500k_phys_wave3_20260718	approved_local_text	/uscms_data/d3/iturkmen/hh4b_delphes/condor_return/qcd_hardqcd_importance_adaptive1500k_phys_wave3_20260718/receipts/qcd_hardqcd_importance_adaptive1500k_phys_wave3_20260718_84901352_job112_bin1_shard1145_receipt.json	22	"""pythia_configuration"": ""pythia8-config"","	configuration_evidence_candidate
background	qcd_hardqcd	qcd_hardqcd_importance_adaptive1500k_phys_wave3_20260718	approved_local_text	/uscms_data/d3/iturkmen/hh4b_delphes/condor_return/qcd_hardqcd_importance_adaptive1500k_phys_wave3_20260718/receipts/qcd_hardqcd_importance_adaptive1500k_phys_wave3_20260718_84901352_job78_bin1_shard1111_receipt.json	22	"""pythia_configuration"": ""pythia8-config"","	configuration_evidence_candidate
background	qcd_hardqcd	qcd_hardqcd_importance_adaptive1500k_phys_wave3_20260718	approved_local_text	/uscms_data/d3/iturkmen/hh4b_delphes/condor_return/qcd_hardqcd_importance_adaptive1500k_phys_wave3_20260718/receipts/qcd_hardqcd_importance_adaptive1500k_phys_wave3_20260718_84901352_job116_bin1_shard1149_receipt.json	22	"""pythia_configuration"": ""pythia8-config"","	configuration_evidence_candidate
background	qcd_hardqcd	qcd_hardqcd_importance_adaptive1500k_phys_wave3_20260718	approved_local_text	/uscms_data/d3/iturkmen/hh4b_delphes/condor_return/qcd_hardqcd_importance_adaptive1500k_phys_wave3_20260718/receipts/qcd_hardqcd_importance_adaptive1500k_phys_wave3_20260718_84901352_job124_bin2_shard1157_receipt.json	22	"""pythia_configuration"": ""pythia8-config"","	configuration_evidence_candidate
background	qcd_hardqcd	qcd_hardqcd_importance_adaptive1500k_phys_wave3_20260718	approved_local_text	/uscms_data/d3/iturkmen/hh4b_delphes/condor_return/qcd_hardqcd_importance_adaptive1500k_phys_wave3_20260718/receipts/qcd_hardqcd_importance_adaptive1500k_phys_wave3_20260718_84901352_job115_bin1_shard1148_receipt.json	22	"""pythia_configuration"": ""pythia8-config"","	configuration_evidence_candidate
background	qcd_hardqcd	qcd_hardqcd_importance_adaptive1500k_phys_wave3_20260718	approved_local_text	/uscms_data/d3/iturkmen/hh4b_delphes/condor_return/qcd_hardqcd_importance_adaptive1500k_phys_wave3_20260718/receipts/qcd_hardqcd_importance_adaptive1500k_phys_wave3_20260718_84901352_job130_bin2_shard1163_receipt.json	22	"""pythia_configuration"": ""pythia8-config"","	configuration_evidence_candidate
background	qcd_hardqcd	qcd_hardqcd_importance_adaptive1500k_phys_wave3_20260718	approved_local_text	/uscms_data/d3/iturkmen/hh4b_delphes/condor_return/qcd_hardqcd_importance_adaptive1500k_phys_wave3_20260718/receipts/qcd_hardqcd_importance_adaptive1500k_phys_wave3_20260718_84901352_job94_bin1_shard1127_receipt.json	22	"""pythia_configuration"": ""pythia8-config"","	configuration_evidence_candidate
background	qcd_hardqcd	qcd_hardqcd_importance_adaptive1500k_phys_wave3_20260718	approved_local_text	/uscms_data/d3/iturkmen/hh4b_delphes/condor_return/qcd_hardqcd_importance_adaptive1500k_phys_wave3_20260718/receipts/qcd_hardqcd_importance_adaptive1500k_phys_wave3_20260718_84901352_job122_bin2_shard1155_receipt.json	22	"""pythia_configuration"": ""pythia8-config"","	configuration_evidence_candidate
background	qcd_hardqcd	qcd_hardqcd_importance_adaptive1500k_phys_wave3_20260718	approved_local_text	/uscms_data/d3/iturkmen/hh4b_delphes/condor_return/qcd_hardqcd_importance_adaptive1500k_phys_wave3_20260718/receipts/qcd_hardqcd_importance_adaptive1500k_phys_wave3_20260718_84901352_job134_bin2_shard1167_receipt.json	22	"""pythia_configuration"": ""pythia8-config"","	configuration_evidence_candidate
background	qcd_hardqcd	qcd_hardqcd_importance_adaptive1500k_phys_wave3_20260718	approved_local_text	/uscms_data/d3/iturkmen/hh4b_delphes/condor_return/qcd_hardqcd_importance_adaptive1500k_phys_wave3_20260718/receipts/qcd_hardqcd_importance_adaptive1500k_phys_wave3_20260718_84901352_job129_bin2_shard1162_receipt.json	22	"""pythia_configuration"": ""pythia8-config"","	configuration_evidence_candidate
background	qcd_hardqcd	qcd_hardqcd_importance_adaptive1500k_phys_wave3_20260718	approved_local_text	/uscms_data/d3/iturkmen/hh4b_delphes/condor_return/qcd_hardqcd_importance_adaptive1500k_phys_wave3_20260718/receipts/qcd_hardqcd_importance_adaptive1500k_phys_wave3_20260718_84901352_job142_bin2_shard1175_receipt.json	22	"""pythia_configuration"": ""pythia8-config"","	configuration_evidence_candidate
background	qcd_hardqcd	qcd_hardqcd_importance_adaptive1500k_phys_wave3_20260718	approved_local_text	/uscms_data/d3/iturkmen/hh4b_delphes/condor_return/qcd_hardqcd_importance_adaptive1500k_phys_wave3_20260718/receipts/qcd_hardqcd_importance_adaptive1500k_phys_wave3_20260718_84901352_job143_bin2_shard1176_receipt.json	22	"""pythia_configuration"": ""pythia8-config"","	configuration_evidence_candidate
background	qcd_hardqcd	qcd_hardqcd_importance_adaptive1500k_phys_wave3_20260718	approved_local_text	/uscms_data/d3/iturkmen/hh4b_delphes/condor_return/qcd_hardqcd_importance_adaptive1500k_phys_wave3_20260718/receipts/qcd_hardqcd_importance_adaptive1500k_phys_wave3_20260718_84901352_job141_bin2_shard1174_receipt.json	22	"""pythia_configuration"": ""pythia8-config"","	configuration_evidence_candidate
background	qcd_hardqcd	qcd_hardqcd_importance_adaptive1500k_phys_wave3_20260718	approved_local_text	/uscms_data/d3/iturkmen/hh4b_delphes/condor_return/qcd_hardqcd_importance_adaptive1500k_phys_wave3_20260718/receipts/qcd_hardqcd_importance_adaptive1500k_phys_wave3_20260718_84901352_job133_bin2_shard1166_receipt.json	22	"""pythia_configuration"": ""pythia8-config"","	configuration_evidence_candidate
background	qcd_hardqcd	qcd_hardqcd_importance_adaptive1500k_phys_wave3_20260718	approved_local_text	/uscms_data/d3/iturkmen/hh4b_delphes/condor_return/qcd_hardqcd_importance_adaptive1500k_phys_wave3_20260718/receipts/qcd_hardqcd_importance_adaptive1500k_phys_wave3_20260718_84901352_job90_bin1_shard1123_receipt.json	22	"""pythia_configuration"": ""pythia8-config"","	configuration_evidence_candidate
background	qcd_hardqcd	qcd_hardqcd_importance_adaptive1500k_phys_wave3_20260718	approved_local_text	/uscms_data/d3/iturkmen/hh4b_delphes/condor_return/qcd_hardqcd_importance_adaptive1500k_phys_wave3_20260718/receipts/qcd_hardqcd_importance_adaptive1500k_phys_wave3_20260718_84901352_job144_bin2_shard1177_receipt.json	22	"""pythia_configuration"": ""pythia8-config"","	configuration_evidence_candidate
background	qcd_hardqcd	qcd_hardqcd_importance_adaptive1500k_phys_wave3_20260718	approved_local_text	/uscms_data/d3/iturkmen/hh4b_delphes/condor_return/qcd_hardqcd_importance_adaptive1500k_phys_wave3_20260718/receipts/qcd_hardqcd_importance_adaptive1500k_phys_wave3_20260718_84901352_job146_bin4_shard1179_receipt.json	22	"""pythia_configuration"": ""pythia8-config"","	configuration_evidence_candidate
background	qcd_hardqcd	qcd_hardqcd_importance_adaptive1500k_phys_wave3_20260718	approved_local_text	/uscms_data/d3/iturkmen/hh4b_delphes/condor_return/qcd_hardqcd_importance_adaptive1500k_phys_wave3_20260718/receipts/qcd_hardqcd_importance_adaptive1500k_phys_wave3_20260718_84901352_job119_bin2_shard1152_receipt.json	22	"""pythia_configuration"": ""pythia8-config"","	configuration_evidence_candidate
background	qcd_hardqcd	qcd_hardqcd_importance_adaptive1500k_phys_wave3_20260718	approved_local_text	/uscms_data/d3/iturkmen/hh4b_delphes/condor_return/qcd_hardqcd_importance_adaptive1500k_phys_wave3_20260718/receipts/qcd_hardqcd_importance_adaptive1500k_phys_wave3_20260718_84901352_job109_bin1_shard1142_receipt.json	22	"""pythia_configuration"": ""pythia8-config"","	configuration_evidence_candidate
background	qcd_hardqcd	qcd_hardqcd_importance_adaptive1500k_phys_wave3_20260718	approved_local_text	/uscms_data/d3/iturkmen/hh4b_delphes/condor_return/qcd_hardqcd_importance_adaptive1500k_phys_wave3_20260718/receipts/qcd_hardqcd_importance_adaptive1500k_phys_wave3_20260718_84901352_job138_bin2_shard1171_receipt.json	22	"""pythia_configuration"": ""pythia8-config"","	configuration_evidence_candidate
background	qcd_hardqcd	qcd_hardqcd_importance_adaptive1500k_phys_wave3_20260718	approved_local_text	/uscms_data/d3/iturkmen/hh4b_delphes/condor_return/qcd_hardqcd_importance_adaptive1500k_phys_wave3_20260718/receipts/qcd_hardqcd_importance_adaptive1500k_phys_wave3_20260718_84901352_job125_bin2_shard1158_receipt.json	22	"""pythia_configuration"": ""pythia8-config"","	configuration_evidence_candidate
background	qcd_hardqcd	qcd_hardqcd_importance_adaptive1500k_phys_wave3_20260718	approved_local_text	/uscms_data/d3/iturkmen/hh4b_delphes/condor_return/qcd_hardqcd_importance_adaptive1500k_phys_wave3_20260718/receipts/qcd_hardqcd_importance_adaptive1500k_phys_wave3_20260718_84901352_job132_bin2_shard1165_receipt.json	22	"""pythia_configuration"": ""pythia8-config"","	configuration_evidence_candidate
background	qcd_hardqcd	qcd_hardqcd_importance_adaptive1500k_phys_wave3_20260718	approved_local_text	/uscms_data/d3/iturkmen/hh4b_delphes/condor_return/qcd_hardqcd_importance_adaptive1500k_phys_wave3_20260718/receipts/qcd_hardqcd_importance_adaptive1500k_phys_wave3_20260718_84901352_job131_bin2_shard1164_receipt.json	22	"""pythia_configuration"": ""pythia8-config"","	configuration_evidence_candidate
background	qcd_hardqcd	qcd_hardqcd_importance_adaptive1500k_phys_wave3_20260718	approved_local_text	/uscms_data/d3/iturkmen/hh4b_delphes/condor_return/qcd_hardqcd_importance_adaptive1500k_phys_wave3_20260718/receipts/qcd_hardqcd_importance_adaptive1500k_phys_wave3_20260718_84901352_job89_bin1_shard1122_receipt.json	22	"""pythia_configuration"": ""pythia8-config"","	configuration_evidence_candidate
background	qcd_hardqcd	qcd_hardqcd_importance_adaptive1500k_phys_wave3_20260718	approved_local_text	/uscms_data/d3/iturkmen/hh4b_delphes/condor_return/qcd_hardqcd_importance_adaptive1500k_phys_wave3_20260718/receipts/qcd_hardqcd_importance_adaptive1500k_phys_wave3_20260718_84901352_job140_bin2_shard1173_receipt.json	22	"""pythia_configuration"": ""pythia8-config"","	configuration_evidence_candidate
background	qcd_hardqcd	qcd_hardqcd_importance_adaptive1500k_phys_wave3_20260718	approved_local_text	/uscms_data/d3/iturkmen/hh4b_delphes/condor_return/qcd_hardqcd_importance_adaptive1500k_phys_wave3_20260718/receipts/qcd_hardqcd_importance_adaptive1500k_phys_wave3_20260718_84901352_job123_bin2_shard1156_receipt.json	22	"""pythia_configuration"": ""pythia8-config"","	configuration_evidence_candidate
background	qcd_hardqcd	qcd_hardqcd_importance_adaptive1500k_phys_wave3_20260718	approved_local_text	/uscms_data/d3/iturkmen/hh4b_delphes/condor_return/qcd_hardqcd_importance_adaptive1500k_phys_wave3_20260718/receipts/qcd_hardqcd_importance_adaptive1500k_phys_wave3_20260718_84901352_job127_bin2_shard1160_receipt.json	22	"""pythia_configuration"": ""pythia8-config"","	configuration_evidence_candidate
background	qcd_hardqcd	qcd_hardqcd_importance_adaptive1500k_phys_wave3_20260718	approved_local_text	/uscms_data/d3/iturkmen/hh4b_delphes/condor_return/qcd_hardqcd_importance_adaptive1500k_phys_wave3_20260718/receipts/qcd_hardqcd_importance_adaptive1500k_phys_wave3_20260718_84901352_job117_bin2_shard1150_receipt.json	22	"""pythia_configuration"": ""pythia8-config"","	configuration_evidence_candidate
background	qcd_hardqcd	qcd_hardqcd_importance_adaptive1500k_phys_wave3_20260718	approved_local_text	/uscms_data/d3/iturkmen/hh4b_delphes/condor_return/qcd_hardqcd_importance_adaptive1500k_phys_wave3_20260718/receipts/qcd_hardqcd_importance_adaptive1500k_phys_wave3_20260718_84901352_job147_bin5_shard1180_receipt.json	22	"""pythia_configuration"": ""pythia8-config"","	configuration_evidence_candidate
background	qcd_hardqcd	qcd_hardqcd_importance_adaptive1500k_phys_wave3_20260718	approved_local_text	/uscms_data/d3/iturkmen/hh4b_delphes/condor_return/qcd_hardqcd_importance_adaptive1500k_phys_wave3_20260718/receipts/qcd_hardqcd_importance_adaptive1500k_phys_wave3_20260718_84901352_job149_bin7_shard1182_receipt.json	22	"""pythia_configuration"": ""pythia8-config"","	configuration_evidence_candidate
background	qcd_hardqcd	qcd_hardqcd_importance_adaptive1500k_phys_wave3_20260718	approved_local_text	/uscms_data/d3/iturkmen/hh4b_delphes/condor_return/qcd_hardqcd_importance_adaptive1500k_phys_wave3_20260718/receipts/qcd_hardqcd_importance_adaptive1500k_phys_wave3_20260718_84901352_job126_bin2_shard1159_receipt.json	22	"""pythia_configuration"": ""pythia8-config"","	configuration_evidence_candidate
background	qcd_hardqcd	qcd_hardqcd_importance_adaptive1500k_phys_wave3_20260718	approved_local_text	/uscms_data/d3/iturkmen/hh4b_delphes/condor_return/qcd_hardqcd_importance_adaptive1500k_phys_wave3_20260718/receipts/qcd_hardqcd_importance_adaptive1500k_phys_wave3_20260718_84901352_job148_bin6_shard1181_receipt.json	22	"""pythia_configuration"": ""pythia8-config"","	configuration_evidence_candidate
background	qcd_hardqcd	qcd_hardqcd_importance_adaptive1500k_phys_wave3_20260718	approved_local_text	/uscms_data/d3/iturkmen/hh4b_delphes/condor_return/qcd_hardqcd_importance_adaptive1500k_phys_wave3_20260718/receipts/qcd_hardqcd_importance_adaptive1500k_phys_wave3_20260718_84901352_job145_bin3_shard1178_receipt.json	22	"""pythia_configuration"": ""pythia8-config"","	configuration_evidence_candidate
background	qcd_hardqcd	qcd_hardqcd_importance_adaptive1500k_phys_wave3_20260718	approved_local_text	/uscms_data/d3/iturkmen/hh4b_delphes/condor_return/qcd_hardqcd_importance_adaptive1500k_phys_wave3_20260718/receipts/qcd_hardqcd_importance_adaptive1500k_phys_wave3_20260718_84901352_job1_bin0_shard1034_receipt.json	22	"""pythia_configuration"": ""pythia8-config"","	configuration_evidence_candidate
background	qcd_hardqcd	qcd_hardqcd_importance_adaptive1500k_phys_wave3_20260718	approved_local_text	/uscms_data/d3/iturkmen/hh4b_delphes/condor_return/qcd_hardqcd_importance_adaptive1500k_phys_wave3_20260718/receipts/qcd_hardqcd_importance_adaptive1500k_phys_wave3_20260718_84901352_job137_bin2_shard1170_receipt.json	22	"""pythia_configuration"": ""pythia8-config"","	configuration_evidence_candidate
background	qcd_hardqcd	qcd_hardqcd_importance_adaptive1500k_phys_wave3_20260718	approved_local_text	/uscms_data/d3/iturkmen/hh4b_delphes/condor_return/qcd_hardqcd_importance_adaptive1500k_phys_wave3_20260718_job1_recovery_238170f0d6cd/receipts/qcd_hardqcd_importance_adaptive1500k_phys_wave3_20260718_job1_recovery_238170f0d6cd_3591876_job1_bin0_shard1034_receipt.json	22	"""pythia_configuration"": ""pythia8-config"","	configuration_evidence_candidate
background	qcd_hardqcd	qcd_hardqcd_importance_adaptive500k_phys_20260717_0022	approved_local_text	/uscms_data/d3/iturkmen/repos/hh-bbww-baselines/outputs/agent_runs/qcd_adaptive500k_20260716/terminal/receipts/qcd_hardqcd_importance_adaptive500k_phys_20260717_0022_84891534_job0_bin0_shard1819_receipt.json	22	"""pythia_configuration"": ""pythia8-config"","	configuration_evidence_candidate
background	qcd_hardqcd	qcd_hardqcd_importance_adaptive500k_phys_20260717_0022	approved_local_text	/uscms_data/d3/iturkmen/repos/hh-bbww-baselines/outputs/agent_runs/qcd_adaptive500k_20260716/terminal/receipts/qcd_hardqcd_importance_adaptive500k_phys_20260717_0022_84891534_job10_bin0_shard1829_receipt.json	22	"""pythia_configuration"": ""pythia8-config"","	configuration_evidence_candidate
background	qcd_hardqcd	qcd_hardqcd_importance_adaptive500k_phys_20260717_0022	approved_local_text	/uscms_data/d3/iturkmen/repos/hh-bbww-baselines/outputs/agent_runs/qcd_adaptive500k_20260716/terminal/receipts/qcd_hardqcd_importance_adaptive500k_phys_20260717_0022_84891534_job11_bin0_shard1830_receipt.json	22	"""pythia_configuration"": ""pythia8-config"","	configuration_evidence_candidate
background	qcd_hardqcd	qcd_hardqcd_importance_adaptive500k_phys_20260717_0022	approved_local_text	/uscms_data/d3/iturkmen/repos/hh-bbww-baselines/outputs/agent_runs/qcd_adaptive500k_20260716/terminal/receipts/qcd_hardqcd_importance_adaptive500k_phys_20260717_0022_84891534_job12_bin0_shard1831_receipt.json	22	"""pythia_configuration"": ""pythia8-config"","	configuration_evidence_candidate
background	qcd_hardqcd	qcd_hardqcd_importance_adaptive500k_phys_20260717_0022	approved_local_text	/uscms_data/d3/iturkmen/repos/hh-bbww-baselines/outputs/agent_runs/qcd_adaptive500k_20260716/terminal/receipts/qcd_hardqcd_importance_adaptive500k_phys_20260717_0022_84891534_job13_bin0_shard1832_receipt.json	22	"""pythia_configuration"": ""pythia8-config"","	configuration_evidence_candidate
background	qcd_hardqcd	qcd_hardqcd_importance_adaptive500k_phys_20260717_0022	approved_local_text	/uscms_data/d3/iturkmen/repos/hh-bbww-baselines/outputs/agent_runs/qcd_adaptive500k_20260716/terminal/receipts/qcd_hardqcd_importance_adaptive500k_phys_20260717_0022_84891534_job14_bin0_shard1833_receipt.json	22	"""pythia_configuration"": ""pythia8-config"","	configuration_evidence_candidate
background	qcd_hardqcd	qcd_hardqcd_importance_adaptive500k_phys_20260717_0022	approved_local_text	/uscms_data/d3/iturkmen/repos/hh-bbww-baselines/outputs/agent_runs/qcd_adaptive500k_20260716/terminal/receipts/qcd_hardqcd_importance_adaptive500k_phys_20260717_0022_84891534_job15_bin0_shard1834_receipt.json	22	"""pythia_configuration"": ""pythia8-config"","	configuration_evidence_candidate
background	qcd_hardqcd	qcd_hardqcd_importance_adaptive500k_phys_20260717_0022	approved_local_text	/uscms_data/d3/iturkmen/repos/hh-bbww-baselines/outputs/agent_runs/qcd_adaptive500k_20260716/terminal/receipts/qcd_hardqcd_importance_adaptive500k_phys_20260717_0022_84891534_job16_bin0_shard1835_receipt.json	22	"""pythia_configuration"": ""pythia8-config"","	configuration_evidence_candidate
background	qcd_hardqcd	qcd_hardqcd_importance_adaptive500k_phys_20260717_0022	approved_local_text	/uscms_data/d3/iturkmen/repos/hh-bbww-baselines/outputs/agent_runs/qcd_adaptive500k_20260716/terminal/receipts/qcd_hardqcd_importance_adaptive500k_phys_20260717_0022_84891534_job17_bin0_shard1836_receipt.json	22	"""pythia_configuration"": ""pythia8-config"","	configuration_evidence_candidate
background	qcd_hardqcd	qcd_hardqcd_importance_adaptive500k_phys_20260717_0022	approved_local_text	/uscms_data/d3/iturkmen/repos/hh-bbww-baselines/outputs/agent_runs/qcd_adaptive500k_20260716/terminal/receipts/qcd_hardqcd_importance_adaptive500k_phys_20260717_0022_84891534_job18_bin0_shard1837_receipt.json	22	"""pythia_configuration"": ""pythia8-config"","	configuration_evidence_candidate
background	qcd_hardqcd	qcd_hardqcd_importance_adaptive500k_phys_20260717_0022	approved_local_text	/uscms_data/d3/iturkmen/repos/hh-bbww-baselines/outputs/agent_runs/qcd_adaptive500k_20260716/terminal/receipts/qcd_hardqcd_importance_adaptive500k_phys_20260717_0022_84891534_job19_bin0_shard1838_receipt.json	22	"""pythia_configuration"": ""pythia8-config"","	configuration_evidence_candidate
background	qcd_hardqcd	qcd_hardqcd_importance_adaptive500k_phys_20260717_0022	approved_local_text	/uscms_data/d3/iturkmen/repos/hh-bbww-baselines/outputs/agent_runs/qcd_adaptive500k_20260716/terminal/receipts/qcd_hardqcd_importance_adaptive500k_phys_20260717_0022_84891534_job1_bin0_shard1820_receipt.json	22	"""pythia_configuration"": ""pythia8-config"","	configuration_evidence_candidate
background	qcd_hardqcd	qcd_hardqcd_importance_adaptive500k_phys_20260717_0022	approved_local_text	/uscms_data/d3/iturkmen/repos/hh-bbww-baselines/outputs/agent_runs/qcd_adaptive500k_20260716/terminal/receipts/qcd_hardqcd_importance_adaptive500k_phys_20260717_0022_84891534_job20_bin0_shard1839_receipt.json	22	"""pythia_configuration"": ""pythia8-config"","	configuration_evidence_candidate
background	qcd_hardqcd	qcd_hardqcd_importance_adaptive500k_phys_20260717_0022	approved_local_text	/uscms_data/d3/iturkmen/repos/hh-bbww-baselines/outputs/agent_runs/qcd_adaptive500k_20260716/terminal/receipts/qcd_hardqcd_importance_adaptive500k_phys_20260717_0022_84891534_job21_bin0_shard1840_receipt.json	22	"""pythia_configuration"": ""pythia8-config"","	configuration_evidence_candidate
background	qcd_hardqcd	qcd_hardqcd_importance_adaptive500k_phys_20260717_0022	approved_local_text	/uscms_data/d3/iturkmen/repos/hh-bbww-baselines/outputs/agent_runs/qcd_adaptive500k_20260716/terminal/receipts/qcd_hardqcd_importance_adaptive500k_phys_20260717_0022_84891534_job22_bin0_shard1841_receipt.json	22	"""pythia_configuration"": ""pythia8-config"","	configuration_evidence_candidate
background	qcd_hardqcd	qcd_hardqcd_importance_adaptive500k_phys_20260717_0022	approved_local_text	/uscms_data/d3/iturkmen/repos/hh-bbww-baselines/outputs/agent_runs/qcd_adaptive500k_20260716/terminal/receipts/qcd_hardqcd_importance_adaptive500k_phys_20260717_0022_84891534_job23_bin0_shard1842_receipt.json	22	"""pythia_configuration"": ""pythia8-config"","	configuration_evidence_candidate
background	qcd_hardqcd	qcd_hardqcd_importance_adaptive500k_phys_20260717_0022	approved_local_text	/uscms_data/d3/iturkmen/repos/hh-bbww-baselines/outputs/agent_runs/qcd_adaptive500k_20260716/terminal/receipts/qcd_hardqcd_importance_adaptive500k_phys_20260717_0022_84891534_job24_bin0_shard1843_receipt.json	22	"""pythia_configuration"": ""pythia8-config"","	configuration_evidence_candidate
background	qcd_hardqcd	qcd_hardqcd_importance_adaptive500k_phys_20260717_0022	approved_local_text	/uscms_data/d3/iturkmen/repos/hh-bbww-baselines/outputs/agent_runs/qcd_adaptive500k_20260716/terminal/receipts/qcd_hardqcd_importance_adaptive500k_phys_20260717_0022_84891534_job25_bin0_shard1844_receipt.json	22	"""pythia_configuration"": ""pythia8-config"","	configuration_evidence_candidate
background	qcd_hardqcd	qcd_hardqcd_importance_adaptive500k_phys_20260717_0022	approved_local_text	/uscms_data/d3/iturkmen/repos/hh-bbww-baselines/outputs/agent_runs/qcd_adaptive500k_20260716/terminal/receipts/qcd_hardqcd_importance_adaptive500k_phys_20260717_0022_84891534_job26_bin0_shard1845_receipt.json	22	"""pythia_configuration"": ""pythia8-config"","	configuration_evidence_candidate
background	qcd_hardqcd	qcd_hardqcd_importance_adaptive500k_phys_20260717_0022	approved_local_text	/uscms_data/d3/iturkmen/repos/hh-bbww-baselines/outputs/agent_runs/qcd_adaptive500k_20260716/terminal/receipts/qcd_hardqcd_importance_adaptive500k_phys_20260717_0022_84891534_job27_bin0_shard1846_receipt.json	22	"""pythia_configuration"": ""pythia8-config"","	configuration_evidence_candidate
background	qcd_hardqcd	qcd_hardqcd_importance_adaptive500k_phys_20260717_0022	approved_local_text	/uscms_data/d3/iturkmen/repos/hh-bbww-baselines/outputs/agent_runs/qcd_adaptive500k_20260716/terminal/receipts/qcd_hardqcd_importance_adaptive500k_phys_20260717_0022_84891534_job28_bin0_shard1847_receipt.json	22	"""pythia_configuration"": ""pythia8-config"","	configuration_evidence_candidate
background	qcd_hardqcd	qcd_hardqcd_importance_adaptive500k_phys_20260717_0022	approved_local_text	/uscms_data/d3/iturkmen/repos/hh-bbww-baselines/outputs/agent_runs/qcd_adaptive500k_20260716/terminal/receipts/qcd_hardqcd_importance_adaptive500k_phys_20260717_0022_84891534_job29_bin0_shard1848_receipt.json	22	"""pythia_configuration"": ""pythia8-config"","	configuration_evidence_candidate
background	qcd_hardqcd	qcd_hardqcd_importance_adaptive500k_phys_20260717_0022	approved_local_text	/uscms_data/d3/iturkmen/repos/hh-bbww-baselines/outputs/agent_runs/qcd_adaptive500k_20260716/terminal/receipts/qcd_hardqcd_importance_adaptive500k_phys_20260717_0022_84891534_job2_bin0_shard1821_receipt.json	22	"""pythia_configuration"": ""pythia8-config"","	configuration_evidence_candidate
background	qcd_hardqcd	qcd_hardqcd_importance_adaptive500k_phys_20260717_0022	approved_local_text	/uscms_data/d3/iturkmen/repos/hh-bbww-baselines/outputs/agent_runs/qcd_adaptive500k_20260716/terminal/receipts/qcd_hardqcd_importance_adaptive500k_phys_20260717_0022_84891534_job30_bin0_shard1849_receipt.json	22	"""pythia_configuration"": ""pythia8-config"","	configuration_evidence_candidate
background	qcd_hardqcd	qcd_hardqcd_importance_adaptive500k_phys_20260717_0022	approved_local_text	/uscms_data/d3/iturkmen/repos/hh-bbww-baselines/outputs/agent_runs/qcd_adaptive500k_20260716/terminal/receipts/qcd_hardqcd_importance_adaptive500k_phys_20260717_0022_84891534_job31_bin1_shard1850_receipt.json	22	"""pythia_configuration"": ""pythia8-config"","	configuration_evidence_candidate
background	qcd_hardqcd	qcd_hardqcd_importance_adaptive500k_phys_20260717_0022	approved_local_text	/uscms_data/d3/iturkmen/repos/hh-bbww-baselines/outputs/agent_runs/qcd_adaptive500k_20260716/terminal/receipts/qcd_hardqcd_importance_adaptive500k_phys_20260717_0022_84891534_job32_bin1_shard1851_receipt.json	22	"""pythia_configuration"": ""pythia8-config"","	configuration_evidence_candidate
background	qcd_hardqcd	qcd_hardqcd_importance_adaptive500k_phys_20260717_0022	approved_local_text	/uscms_data/d3/iturkmen/repos/hh-bbww-baselines/outputs/agent_runs/qcd_adaptive500k_20260716/terminal/receipts/qcd_hardqcd_importance_adaptive500k_phys_20260717_0022_84891534_job33_bin1_shard1852_receipt.json	22	"""pythia_configuration"": ""pythia8-config"","	configuration_evidence_candidate
background	qcd_hardqcd	qcd_hardqcd_importance_adaptive500k_phys_20260717_0022	approved_local_text	/uscms_data/d3/iturkmen/repos/hh-bbww-baselines/outputs/agent_runs/qcd_adaptive500k_20260716/terminal/receipts/qcd_hardqcd_importance_adaptive500k_phys_20260717_0022_84891534_job34_bin1_shard1853_receipt.json	22	"""pythia_configuration"": ""pythia8-config"","	configuration_evidence_candidate
background	qcd_hardqcd	qcd_hardqcd_importance_adaptive500k_phys_20260717_0022	approved_local_text	/uscms_data/d3/iturkmen/repos/hh-bbww-baselines/outputs/agent_runs/qcd_adaptive500k_20260716/terminal/receipts/qcd_hardqcd_importance_adaptive500k_phys_20260717_0022_84891534_job35_bin1_shard1854_receipt.json	22	"""pythia_configuration"": ""pythia8-config"","	configuration_evidence_candidate
background	qcd_hardqcd	qcd_hardqcd_importance_adaptive500k_phys_20260717_0022	approved_local_text	/uscms_data/d3/iturkmen/repos/hh-bbww-baselines/outputs/agent_runs/qcd_adaptive500k_20260716/terminal/receipts/qcd_hardqcd_importance_adaptive500k_phys_20260717_0022_84891534_job36_bin1_shard1855_receipt.json	22	"""pythia_configuration"": ""pythia8-config"","	configuration_evidence_candidate
background	qcd_hardqcd	qcd_hardqcd_importance_adaptive500k_phys_20260717_0022	approved_local_text	/uscms_data/d3/iturkmen/repos/hh-bbww-baselines/outputs/agent_runs/qcd_adaptive500k_20260716/terminal/receipts/qcd_hardqcd_importance_adaptive500k_phys_20260717_0022_84891534_job37_bin1_shard1856_receipt.json	22	"""pythia_configuration"": ""pythia8-config"","	configuration_evidence_candidate
background	qcd_hardqcd	qcd_hardqcd_importance_adaptive500k_phys_20260717_0022	approved_local_text	/uscms_data/d3/iturkmen/repos/hh-bbww-baselines/outputs/agent_runs/qcd_adaptive500k_20260716/terminal/receipts/qcd_hardqcd_importance_adaptive500k_phys_20260717_0022_84891534_job38_bin1_shard1857_receipt.json	22	"""pythia_configuration"": ""pythia8-config"","	configuration_evidence_candidate
background	qcd_hardqcd	qcd_hardqcd_importance_adaptive500k_phys_20260717_0022	approved_local_text	/uscms_data/d3/iturkmen/repos/hh-bbww-baselines/outputs/agent_runs/qcd_adaptive500k_20260716/terminal/receipts/qcd_hardqcd_importance_adaptive500k_phys_20260717_0022_84891534_job39_bin2_shard1858_receipt.json	22	"""pythia_configuration"": ""pythia8-config"","	configuration_evidence_candidate
background	qcd_hardqcd	qcd_hardqcd_importance_adaptive500k_phys_20260717_0022	approved_local_text	/uscms_data/d3/iturkmen/repos/hh-bbww-baselines/outputs/agent_runs/qcd_adaptive500k_20260716/terminal/receipts/qcd_hardqcd_importance_adaptive500k_phys_20260717_0022_84891534_job3_bin0_shard1822_receipt.json	22	"""pythia_configuration"": ""pythia8-config"","	configuration_evidence_candidate
background	qcd_hardqcd	qcd_hardqcd_importance_adaptive500k_phys_20260717_0022	approved_local_text	/uscms_data/d3/iturkmen/repos/hh-bbww-baselines/outputs/agent_runs/qcd_adaptive500k_20260716/terminal/receipts/qcd_hardqcd_importance_adaptive500k_phys_20260717_0022_84891534_job40_bin2_shard1859_receipt.json	22	"""pythia_configuration"": ""pythia8-config"","	configuration_evidence_candidate
background	qcd_hardqcd	qcd_hardqcd_importance_adaptive500k_phys_20260717_0022	approved_local_text	/uscms_data/d3/iturkmen/repos/hh-bbww-baselines/outputs/agent_runs/qcd_adaptive500k_20260716/terminal/receipts/qcd_hardqcd_importance_adaptive500k_phys_20260717_0022_84891534_job41_bin2_shard1860_receipt.json	22	"""pythia_configuration"": ""pythia8-config"","	configuration_evidence_candidate
background	qcd_hardqcd	qcd_hardqcd_importance_adaptive500k_phys_20260717_0022	approved_local_text	/uscms_data/d3/iturkmen/repos/hh-bbww-baselines/outputs/agent_runs/qcd_adaptive500k_20260716/terminal/receipts/qcd_hardqcd_importance_adaptive500k_phys_20260717_0022_84891534_job42_bin2_shard1861_receipt.json	22	"""pythia_configuration"": ""pythia8-config"","	configuration_evidence_candidate
background	qcd_hardqcd	qcd_hardqcd_importance_adaptive500k_phys_20260717_0022	approved_local_text	/uscms_data/d3/iturkmen/repos/hh-bbww-baselines/outputs/agent_runs/qcd_adaptive500k_20260716/terminal/receipts/qcd_hardqcd_importance_adaptive500k_phys_20260717_0022_84891534_job43_bin2_shard1862_receipt.json	22	"""pythia_configuration"": ""pythia8-config"","	configuration_evidence_candidate
background	qcd_hardqcd	qcd_hardqcd_importance_adaptive500k_phys_20260717_0022	approved_local_text	/uscms_data/d3/iturkmen/repos/hh-bbww-baselines/outputs/agent_runs/qcd_adaptive500k_20260716/terminal/receipts/qcd_hardqcd_importance_adaptive500k_phys_20260717_0022_84891534_job44_bin3_shard1863_receipt.json	22	"""pythia_configuration"": ""pythia8-config"","	configuration_evidence_candidate
background	qcd_hardqcd	qcd_hardqcd_importance_adaptive500k_phys_20260717_0022	approved_local_text	/uscms_data/d3/iturkmen/repos/hh-bbww-baselines/outputs/agent_runs/qcd_adaptive500k_20260716/terminal/receipts/qcd_hardqcd_importance_adaptive500k_phys_20260717_0022_84891534_job45_bin3_shard1864_receipt.json	22	"""pythia_configuration"": ""pythia8-config"","	configuration_evidence_candidate
background	qcd_hardqcd	qcd_hardqcd_importance_adaptive500k_phys_20260717_0022	approved_local_text	/uscms_data/d3/iturkmen/repos/hh-bbww-baselines/outputs/agent_runs/qcd_adaptive500k_20260716/terminal/receipts/qcd_hardqcd_importance_adaptive500k_phys_20260717_0022_84891534_job46_bin4_shard1865_receipt.json	22	"""pythia_configuration"": ""pythia8-config"","	configuration_evidence_candidate
background	qcd_hardqcd	qcd_hardqcd_importance_adaptive500k_phys_20260717_0022	approved_local_text	/uscms_data/d3/iturkmen/repos/hh-bbww-baselines/outputs/agent_runs/qcd_adaptive500k_20260716/terminal/receipts/qcd_hardqcd_importance_adaptive500k_phys_20260717_0022_84891534_job47_bin4_shard1866_receipt.json	22	"""pythia_configuration"": ""pythia8-config"","	configuration_evidence_candidate
background	qcd_hardqcd	qcd_hardqcd_importance_adaptive500k_phys_20260717_0022	approved_local_text	/uscms_data/d3/iturkmen/repos/hh-bbww-baselines/outputs/agent_runs/qcd_adaptive500k_20260716/terminal/receipts/qcd_hardqcd_importance_adaptive500k_phys_20260717_0022_84891534_job48_bin5_shard1867_receipt.json	22	"""pythia_configuration"": ""pythia8-config"","	configuration_evidence_candidate
background	qcd_hardqcd	qcd_hardqcd_importance_adaptive500k_phys_20260717_0022	approved_local_text	/uscms_data/d3/iturkmen/repos/hh-bbww-baselines/outputs/agent_runs/qcd_adaptive500k_20260716/terminal/receipts/qcd_hardqcd_importance_adaptive500k_phys_20260717_0022_84891534_job49_bin5_shard1868_receipt.json	22	"""pythia_configuration"": ""pythia8-config"","	configuration_evidence_candidate
background	qcd_hardqcd	qcd_hardqcd_importance_adaptive500k_phys_20260717_0022	approved_local_text	/uscms_data/d3/iturkmen/repos/hh-bbww-baselines/outputs/agent_runs/qcd_adaptive500k_20260716/terminal/receipts/qcd_hardqcd_importance_adaptive500k_phys_20260717_0022_84891534_job4_bin0_shard1823_receipt.json	22	"""pythia_configuration"": ""pythia8-config"","	configuration_evidence_candidate
background	qcd_hardqcd	qcd_hardqcd_importance_adaptive500k_phys_20260717_0022	approved_local_text	/uscms_data/d3/iturkmen/repos/hh-bbww-baselines/outputs/agent_runs/qcd_adaptive500k_20260716/terminal/receipts/qcd_hardqcd_importance_adaptive500k_phys_20260717_0022_84891534_job50_bin6_shard1869_receipt.json	22	"""pythia_configuration"": ""pythia8-config"","	configuration_evidence_candidate
background	qcd_hardqcd	qcd_hardqcd_importance_adaptive500k_phys_20260717_0022	approved_local_text	/uscms_data/d3/iturkmen/repos/hh-bbww-baselines/outputs/agent_runs/qcd_adaptive500k_20260716/terminal/receipts/qcd_hardqcd_importance_adaptive500k_phys_20260717_0022_84891534_job51_bin6_shard1870_receipt.json	22	"""pythia_configuration"": ""pythia8-config"","	configuration_evidence_candidate
background	qcd_hardqcd	qcd_hardqcd_importance_adaptive500k_phys_20260717_0022	approved_local_text	/uscms_data/d3/iturkmen/repos/hh-bbww-baselines/outputs/agent_runs/qcd_adaptive500k_20260716/terminal/receipts/qcd_hardqcd_importance_adaptive500k_phys_20260717_0022_84891534_job52_bin7_shard1871_receipt.json	22	"""pythia_configuration"": ""pythia8-config"","	configuration_evidence_candidate
background	qcd_hardqcd	qcd_hardqcd_importance_adaptive500k_phys_20260717_0022	approved_local_text	/uscms_data/d3/iturkmen/repos/hh-bbww-baselines/outputs/agent_runs/qcd_adaptive500k_20260716/terminal/receipts/qcd_hardqcd_importance_adaptive500k_phys_20260717_0022_84891534_job53_bin7_shard1872_receipt.json	22	"""pythia_configuration"": ""pythia8-config"","	configuration_evidence_candidate
background	qcd_hardqcd	qcd_hardqcd_importance_adaptive500k_phys_20260717_0022	approved_local_text	/uscms_data/d3/iturkmen/repos/hh-bbww-baselines/outputs/agent_runs/qcd_adaptive500k_20260716/terminal/receipts/qcd_hardqcd_importance_adaptive500k_phys_20260717_0022_84891534_job5_bin0_shard1824_receipt.json	22	"""pythia_configuration"": ""pythia8-config"","	configuration_evidence_candidate
background	qcd_hardqcd	qcd_hardqcd_importance_adaptive500k_phys_20260717_0022	approved_local_text	/uscms_data/d3/iturkmen/repos/hh-bbww-baselines/outputs/agent_runs/qcd_adaptive500k_20260716/terminal/receipts/qcd_hardqcd_importance_adaptive500k_phys_20260717_0022_84891534_job6_bin0_shard1825_receipt.json	22	"""pythia_configuration"": ""pythia8-config"","	configuration_evidence_candidate
background	qcd_hardqcd	qcd_hardqcd_importance_adaptive500k_phys_20260717_0022	approved_local_text	/uscms_data/d3/iturkmen/repos/hh-bbww-baselines/outputs/agent_runs/qcd_adaptive500k_20260716/terminal/receipts/qcd_hardqcd_importance_adaptive500k_phys_20260717_0022_84891534_job7_bin0_shard1826_receipt.json	22	"""pythia_configuration"": ""pythia8-config"","	configuration_evidence_candidate
background	qcd_hardqcd	qcd_hardqcd_importance_adaptive500k_phys_20260717_0022	approved_local_text	/uscms_data/d3/iturkmen/repos/hh-bbww-baselines/outputs/agent_runs/qcd_adaptive500k_20260716/terminal/receipts/qcd_hardqcd_importance_adaptive500k_phys_20260717_0022_84891534_job8_bin0_shard1827_receipt.json	22	"""pythia_configuration"": ""pythia8-config"","	configuration_evidence_candidate
background	qcd_hardqcd	qcd_hardqcd_importance_adaptive500k_phys_20260717_0022	approved_local_text	/uscms_data/d3/iturkmen/repos/hh-bbww-baselines/outputs/agent_runs/qcd_adaptive500k_20260716/terminal/receipts/qcd_hardqcd_importance_adaptive500k_phys_20260717_0022_84891534_job9_bin0_shard1828_receipt.json	22	"""pythia_configuration"": ""pythia8-config"","	configuration_evidence_candidate
background	qcd_hardqcd	qcd_hardqcd_importance_adaptive1500k_phys_wave3_20260718	approved_local_text	/uscms_data/d3/iturkmen/repos/hh-bbww-baselines/outputs/agent_runs/background_frozen_v2_strict493_extraction_canaries_20260724_v2/checkpoints/03_qcd_hardqcd_importance_adaptive1500k_phys_wave3_20260718_bin01_pthat75to100_shard1120_seed1211120.json	9	"""candidate_field_types"": ""{\""avg_mbb\"": \""double\"", \""delta_mbb\"": \""double\"", \""drbb1\"": \""double\"", \""drbb2\"": \""double\"", \""event\"": \""int64\"", \""h1_eta\"": \""double\"", \""h1_phi\"": \""double\"", \""h1_pt\"": \""double\"", \""h2_eta\"": \""double\"", \""h2_phi\"": \""double\"", \""h2_pt\"": \""double\"", \""h_delta_eta\"": \""double\"", \""h_delta_phi\"": \""double\"", \""h_delta_r\"": \""double\"", \""h_pt_balance\"": \""double\"", \""hh_eta\"": \""double\"", \""hh_phi\"": \""double\"", \""hh_pt\"": \""double\"", \""higgs_ordering\"": \""string\"", \""ht_candidate_jets\"": \""double\"", \""ht_selected_bjets\"": \""double\"", \""ht_selected_jets\"": \""double\"", \""j1_bjet_rank\"": \""int64\"", \""j1_btag\"": \""double\"", \""j1_eta\"": \""double\"", \""j1_flavor\"": \""int64\"", \""j1_mass\"": \""double\"", \""j1_phi\"": \""double\"", \""j1_pt\"": \""double\"", \""j1_raw_index\"": \""int64\"", \""j1_selected_index\"": \""int64\"", \""j2_bjet_rank\"": \""int64\"", \""j2_btag\"": \""double\"", \""j2_eta\"": \""double\"", \""j2_flavor\"": \""int64\"", \""j2_mass\"": \""double\"", \""j2_phi\"": \""double\"	configuration_evidence_candidate
background	qcd_hardqcd	qcd_hardqcd_importance_adaptive1500k_phys_wave3_20260718	approved_local_text	/uscms_data/d3/iturkmen/repos/hh-bbww-baselines/outputs/agent_runs/background_frozen_v2_strict493_extraction_canaries_20260724_v2/checkpoints/04_qcd_hardqcd_importance_adaptive1500k_phys_wave3_20260718_bin02_pthat100to200_shard1158_seed1221158.json	9	"""candidate_field_types"": ""{\""avg_mbb\"": \""double\"", \""delta_mbb\"": \""double\"", \""drbb1\"": \""double\"", \""drbb2\"": \""double\"", \""event\"": \""int64\"", \""h1_eta\"": \""double\"", \""h1_phi\"": \""double\"", \""h1_pt\"": \""double\"", \""h2_eta\"": \""double\"", \""h2_phi\"": \""double\"", \""h2_pt\"": \""double\"", \""h_delta_eta\"": \""double\"", \""h_delta_phi\"": \""double\"", \""h_delta_r\"": \""double\"", \""h_pt_balance\"": \""double\"", \""hh_eta\"": \""double\"", \""hh_phi\"": \""double\"", \""hh_pt\"": \""double\"", \""higgs_ordering\"": \""string\"", \""ht_candidate_jets\"": \""double\"", \""ht_selected_bjets\"": \""double\"", \""ht_selected_jets\"": \""double\"", \""j1_bjet_rank\"": \""int64\"", \""j1_btag\"": \""double\"", \""j1_eta\"": \""double\"", \""j1_flavor\"": \""int64\"", \""j1_mass\"": \""double\"", \""j1_phi\"": \""double\"", \""j1_pt\"": \""double\"", \""j1_raw_index\"": \""int64\"", \""j1_selected_index\"": \""int64\"", \""j2_bjet_rank\"": \""int64\"", \""j2_btag\"": \""double\"", \""j2_eta\"": \""double\"", \""j2_flavor\"": \""int64\"", \""j2_mass\"": \""double\"", \""j2_phi\"": \""double\"	configuration_evidence_candidate
background	qcd_hardqcd	qcd_hardqcd_importance_testfill_bin3_10k_20260717	approved_local_text	/uscms_data/d3/iturkmen/repos/hh-bbww-baselines/metadata/delphes/qcd_hardqcd_importance_testfill_bin3_10k_20260717/README.md	18	- inclusive Pythia8 HardQCD physical background;	configuration_evidence_candidate
