event_uid	dataset_track	sample_group	process_family	canary_lane	source_endpoint	remote_path	remote_size_bytes	remote_adler32	entry_index	sampling_mode	selection_seed	selection_rank_within_group	target_valid_events_per_file	scan_limit_per_file	preprocessing_valid	preprocessing_failure_code	particle_count	used_particle_count	was_truncated	adapter_name	adapter_version	model_id	model_checkpoint_sha256	preprocessing_contract_sha256	score_contract_sha256	runtime_environment_id	model0_signal_probability	model0_qcd_probability	model0_ttbar_probability	model1_signal_probability	model1_qcd_probability	model1_ttbar_probability	model2_signal_probability	model2_qcd_probability	model2_ttbar_probability	ensemble_signal_probability	ensemble_qcd_probability	ensemble_ttbar_probability	ensemble_overall_top1_class	ensemble_signal_grid_top1_class	model_overall_top1_agreement	model_signal_grid_top1_agreement	raw_gen_weight_payload_json	physical_weight_status	physical_event_weight
6dfc15fb7da652679a435663d52973b08385dd28e70dbe593b06dd036d1b080d	Track B	QCD_DelphesHH4JTrig_forInfer_merged_ntuple	qcd	qcd	root://cceos.ihep.ac.cn:1094	/eos/ihep/cms/store/user/coli/datasets/hh4b/inference/QCD_DelphesHH4JTrig_forInfer_merged_ntuple/QCD_DelphesHH4JTrig_forInfer_ntuple_mergeid128.root	963892408	0aaf934b	0	high_score_tail_stability_v1	track_b_phase3_multifile_v1_20260806	3	64	2048	True		147	147	False	released_sophon_ensemble	40J7I_R1_v1	HH4b_released_three_model_ensemble	43c7fb9b0860c0f37953a1636b1f1b73fcc320da585d4a446cb45a31a14fdec0	ff90137a4c919f0a07d47cbfb21ead3688ee49856d98a0ff16bbbaa7058eb735	9b0412c8cce16f4684910207ed3b82a1bfb6b74891c554bba1f1c3b4f9347b86	1de0398cb1116200e1ead26886dfc0d6f1c15579dab82ad689c68690509dc449	0.0005152328075297419	0.9993587136268616	0.00012614933075383306	0.0010097043987400411	0.998938262462616	5.211545430938713e-05	0.000512598321293467	0.9993472695350647	0.00014020677190274	0.00067917850918775	0.999214748541514	0.00010615718565532006	136	114	True	False	[1.0]	blocked_pending_author_clarification	
b8c1175caeb9a4bb4b9dc520e1286b006c1faee4de76f02e7320784df79d5d83	Track B	QCD_DelphesHH4JTrig_forInfer_merged_ntuple	qcd	qcd	root://cceos.ihep.ac.cn:1094	/eos/ihep/cms/store/user/coli/datasets/hh4b/inference/QCD_DelphesHH4JTrig_forInfer_merged_ntuple/QCD_DelphesHH4JTrig_forInfer_ntuple_mergeid128.root	963892408	0aaf934b	1	high_score_tail_stability_v1	track_b_phase3_multifile_v1_20260806	3	64	2048	True		139	139	False	released_sophon_ensemble	40J7I_R1_v1	HH4b_released_three_model_ensemble	43c7fb9b0860c0f37953a1636b1f1b73fcc320da585d4a446cb45a31a14fdec0	ff90137a4c919f0a07d47cbfb21ead3688ee49856d98a0ff16bbbaa7058eb735	9b0412c8cce16f4684910207ed3b82a1bfb6b74891c554bba1f1c3b4f9347b86	1de0398cb1116200e1ead26886dfc0d6f1c15579dab82ad689c68690509dc449	8.61417758972749e-05	0.9569849967956543	0.042928844690322876	0.00022628461930374044	0.981744110584259	0.018029624596238136	4.962239968619997e-05	0.9928192496299744	0.007131163030862808	0.00012068293162907176	0.9771827856699625	0.02269654410580794	136	132	True	False	[1.0]	blocked_pending_author_clarification	
b909d213a568c234102a33ef798da3d831b8aa2344312ebae110d0e6473fb6e9	Track B	QCD_DelphesHH4JTrig_forInfer_merged_ntuple	qcd	qcd	root://cceos.ihep.ac.cn:1094	/eos/ihep/cms/store/user/coli/datasets/hh4b/inference/QCD_DelphesHH4JTrig_forInfer_merged_ntuple/QCD_DelphesHH4JTrig_forInfer_ntuple_mergeid128.root	963892408	0aaf934b	2	high_score_tail_stability_v1	track_b_phase3_multifile_v1_20260806	3	64	2048	True		73	73	False	released_sophon_ensemble	40J7I_R1_v1	HH4b_released_three_model_ensemble	43c7fb9b0860c0f37953a1636b1f1b73fcc320da585d4a446cb45a31a14fdec0	ff90137a4c919f0a07d47cbfb21ead3688ee49856d98a0ff16bbbaa7058eb735	9b0412c8cce16f4684910207ed3b82a1bfb6b74891c554bba1f1c3b4f9347b86	1de0398cb1116200e1ead26886dfc0d6f1c15579dab82ad689c68690509dc449	0.0014281363147006232	0.998570442199707	1.38577615871327e-06	0.002181265292108492	0.9978173971176147	1.3104731806379277e-06	0.0010878933284317327	0.9989105463027954	1.6198923731280956e-06	0.0015657649784136158	0.9984327952067057	1.4387139041597645e-06	136	32	True	True	[1.0]	blocked_pending_author_clarification	
0a61c7b65cf29c99ddba8426a7a956ef82ecb00fdc590ea0643368fb4bcd82bf	Track B	QCD_DelphesHH4JTrig_forInfer_merged_ntuple	qcd	qcd	root://cceos.ihep.ac.cn:1094	/eos/ihep/cms/store/user/coli/datasets/hh4b/inference/QCD_DelphesHH4JTrig_forInfer_merged_ntuple/QCD_DelphesHH4JTrig_forInfer_ntuple_mergeid128.root	963892408	0aaf934b	3	high_score_tail_stability_v1	track_b_phase3_multifile_v1_20260806	3	64	2048	True		142	142	False	released_sophon_ensemble	40J7I_R1_v1	HH4b_released_three_model_ensemble	43c7fb9b0860c0f37953a1636b1f1b73fcc320da585d4a446cb45a31a14fdec0	ff90137a4c919f0a07d47cbfb21ead3688ee49856d98a0ff16bbbaa7058eb735	9b0412c8cce16f4684910207ed3b82a1bfb6b74891c554bba1f1c3b4f9347b86	1de0398cb1116200e1ead26886dfc0d6f1c15579dab82ad689c68690509dc449	0.00901772832980896	0.9703195095062256	0.020662613213062286	0.009979683772144199	0.9371719360351562	0.05284835770726204	0.0091314094580639	0.9718837141990662	0.018984951078891754	0.00937627385333902	0.9597917199134827	0.030831973999738693	136	15	True	False	[1.0]	blocked_pending_author_clarification	
53b2841dc4ca5ce2d0a295a603760b79c08e5be8bd245b731f7c1bc7645e0375	Track B	QCD_DelphesHH4JTrig_forInfer_merged_ntuple	qcd	qcd	root://cceos.ihep.ac.cn:1094	/eos/ihep/cms/store/user/coli/datasets/hh4b/inference/QCD_DelphesHH4JTrig_forInfer_merged_ntuple/QCD_DelphesHH4JTrig_forInfer_ntuple_mergeid128.root	963892408	0aaf934b	4	high_score_tail_stability_v1	track_b_phase3_multifile_v1_20260806	3	64	2048	True		172	172	False	released_sophon_ensemble	40J7I_R1_v1	HH4b_released_three_model_ensemble	43c7fb9b0860c0f37953a1636b1f1b73fcc320da585d4a446cb45a31a14fdec0	ff90137a4c919f0a07d47cbfb21ead3688ee49856d98a0ff16bbbaa7058eb735	9b0412c8cce16f4684910207ed3b82a1bfb6b74891c554bba1f1c3b4f9347b86	1de0398cb1116200e1ead26886dfc0d6f1c15579dab82ad689c68690509dc449	0.0005901276542630285	0.9962426424026489	0.0031672739423811436	0.0007349767374194016	0.9931974411010742	0.0060674650594592094	0.0005380703182709112	0.9986086487770081	0.00085335603216663	0.0006210582366511137	0.996016244093577	0.003362698344668994	136	57	True	True	[1.0]	blocked_pending_author_clarification	
eb04a48d328b03eafb60f7ac286eebc935d3ecf7c69a8eb1201d6221e22b8c21	Track B	QCD_DelphesHH4JTrig_forInfer_merged_ntuple	qcd	qcd	root://cceos.ihep.ac.cn:1094	/eos/ihep/cms/store/user/coli/datasets/hh4b/inference/QCD_DelphesHH4JTrig_forInfer_merged_ntuple/QCD_DelphesHH4JTrig_forInfer_ntuple_mergeid128.root	963892408	0aaf934b	5	high_score_tail_stability_v1	track_b_phase3_multifile_v1_20260806	3	64	2048	True		89	89	False	released_sophon_ensemble	40J7I_R1_v1	HH4b_released_three_model_ensemble	43c7fb9b0860c0f37953a1636b1f1b73fcc320da585d4a446cb45a31a14fdec0	ff90137a4c919f0a07d47cbfb21ead3688ee49856d98a0ff16bbbaa7058eb735	9b0412c8cce16f4684910207ed3b82a1bfb6b74891c554bba1f1c3b4f9347b86	1de0398cb1116200e1ead26886dfc0d6f1c15579dab82ad689c68690509dc449	0.014441678587104434	0.9855412840843201	1.7052327166311443e-05	0.0068876785039719834	0.9931035041809082	8.846749551594257e-06	0.00570965517147215	0.9942781925201416	1.2042329217365477e-05	0.00901300408751619	0.9909743269284567	1.264713531175706e-05	136	46	True	False	[1.0]	blocked_pending_author_clarification	
2bf316dc6123ef9a3a94a65d8b94d2d71c7f749b8ccf92602d12289f7a0e57c3	Track B	QCD_DelphesHH4JTrig_forInfer_merged_ntuple	qcd	qcd	root://cceos.ihep.ac.cn:1094	/eos/ihep/cms/store/user/coli/datasets/hh4b/inference/QCD_DelphesHH4JTrig_forInfer_merged_ntuple/QCD_DelphesHH4JTrig_forInfer_ntuple_mergeid128.root	963892408	0aaf934b	6	high_score_tail_stability_v1	track_b_phase3_multifile_v1_20260806	3	64	2048	True		168	168	False	released_sophon_ensemble	40J7I_R1_v1	HH4b_released_three_model_ensemble	43c7fb9b0860c0f37953a1636b1f1b73fcc320da585d4a446cb45a31a14fdec0	ff90137a4c919f0a07d47cbfb21ead3688ee49856d98a0ff16bbbaa7058eb735	9b0412c8cce16f4684910207ed3b82a1bfb6b74891c554bba1f1c3b4f9347b86	1de0398cb1116200e1ead26886dfc0d6f1c15579dab82ad689c68690509dc449	0.0010168776684906788	0.9984924793243408	0.0004907969851046801	0.0015620827876432486	0.9981573224067688	0.00028070950065739453	0.001578418210073096	0.9981960654258728	0.0002256099396618083	0.0013857928887356745	0.9982819557189941	0.000332372141807961	136	15	True	False	[1.0]	blocked_pending_author_clarification	
b68702899393b2ad4fc328493b76209e82fde8c80df345a7ae6346840bd81e36	Track B	QCD_DelphesHH4JTrig_forInfer_merged_ntuple	qcd	qcd	root://cceos.ihep.ac.cn:1094	/eos/ihep/cms/store/user/coli/datasets/hh4b/inference/QCD_DelphesHH4JTrig_forInfer_merged_ntuple/QCD_DelphesHH4JTrig_forInfer_ntuple_mergeid128.root	963892408	0aaf934b	7	high_score_tail_stability_v1	track_b_phase3_multifile_v1_20260806	3	64	2048	True		106	106	False	released_sophon_ensemble	40J7I_R1_v1	HH4b_released_three_model_ensemble	43c7fb9b0860c0f37953a1636b1f1b73fcc320da585d4a446cb45a31a14fdec0	ff90137a4c919f0a07d47cbfb21ead3688ee49856d98a0ff16bbbaa7058eb735	9b0412c8cce16f4684910207ed3b82a1bfb6b74891c554bba1f1c3b4f9347b86	1de0398cb1116200e1ead26886dfc0d6f1c15579dab82ad689c68690509dc449	0.009432081876184384	0.9904810786247253	8.687377703608945e-05	0.008640327055900343	0.9912521243095398	0.00010745244071586058	0.007060771870328608	0.9928449988365173	9.408227924723178e-05	0.008377726934137778	0.9915260672569275	9.613616566639394e-05	136	57	True	False	[1.0]	blocked_pending_author_clarification	
e32c3fe9586f1e47af73261f568d4b1dfad87a3e8b79057151f6900e430c824c	Track B	QCD_DelphesHH4JTrig_forInfer_merged_ntuple	qcd	qcd	root://cceos.ihep.ac.cn:1094	/eos/ihep/cms/store/user/coli/datasets/hh4b/inference/QCD_DelphesHH4JTrig_forInfer_merged_ntuple/QCD_DelphesHH4JTrig_forInfer_ntuple_mergeid128.root	963892408	0aaf934b	8	high_score_tail_stability_v1	track_b_phase3_multifile_v1_20260806	3	64	2048	True		171	171	False	released_sophon_ensemble	40J7I_R1_v1	HH4b_released_three_model_ensemble	43c7fb9b0860c0f37953a1636b1f1b73fcc320da585d4a446cb45a31a14fdec0	ff90137a4c919f0a07d47cbfb21ead3688ee49856d98a0ff16bbbaa7058eb735	9b0412c8cce16f4684910207ed3b82a1bfb6b74891c554bba1f1c3b4f9347b86	1de0398cb1116200e1ead26886dfc0d6f1c15579dab82ad689c68690509dc449	0.0013181958182428843	0.9985703229904175	0.00011143776646349579	0.0013302425491446002	0.9986270666122437	4.284159149392508e-05	0.0012632111996566664	0.9986181259155273	0.00011876719509018585	0.001303883189014717	0.9986051718393961	9.101551768253557e-05	136	77	True	False	[1.0]	blocked_pending_author_clarification	
80de869526f4205addd1b2a7e30bdb9fd6ae1e0215794a3ff47176c489093189	Track B	QCD_DelphesHH4JTrig_forInfer_merged_ntuple	qcd	qcd	root://cceos.ihep.ac.cn:1094	/eos/ihep/cms/store/user/coli/datasets/hh4b/inference/QCD_DelphesHH4JTrig_forInfer_merged_ntuple/QCD_DelphesHH4JTrig_forInfer_ntuple_mergeid128.root	963892408	0aaf934b	9	high_score_tail_stability_v1	track_b_phase3_multifile_v1_20260806	3	64	2048	True		100	100	False	released_sophon_ensemble	40J7I_R1_v1	HH4b_released_three_model_ensemble	43c7fb9b0860c0f37953a1636b1f1b73fcc320da585d4a446cb45a31a14fdec0	ff90137a4c919f0a07d47cbfb21ead3688ee49856d98a0ff16bbbaa7058eb735	9b0412c8cce16f4684910207ed3b82a1bfb6b74891c554bba1f1c3b4f9347b86	1de0398cb1116200e1ead26886dfc0d6f1c15579dab82ad689c68690509dc449	0.00020535744230265607	0.9997345805168152	6.002655572956428e-05	0.0008809151801401072	0.9990816116333008	3.739430758287199e-05	0.0008419958780194747	0.998948872089386	0.00020916221546940506	0.000642756166820746	0.9992550214131674	0.00010219435959394711	136	95	True	False	[1.0]	blocked_pending_author_clarification	
7fcdc8787d3dde2b2641e72314a5777f0f4f9291a0f4290a47e065f5ffa9aabc	Track B	QCD_DelphesHH4JTrig_forInfer_merged_ntuple	qcd	qcd	root://cceos.ihep.ac.cn:1094	/eos/ihep/cms/store/user/coli/datasets/hh4b/inference/QCD_DelphesHH4JTrig_forInfer_merged_ntuple/QCD_DelphesHH4JTrig_forInfer_ntuple_mergeid128.root	963892408	0aaf934b	10	high_score_tail_stability_v1	track_b_phase3_multifile_v1_20260806	3	64	2048	True		116	116	False	released_sophon_ensemble	40J7I_R1_v1	HH4b_released_three_model_ensemble	43c7fb9b0860c0f37953a1636b1f1b73fcc320da585d4a446cb45a31a14fdec0	ff90137a4c919f0a07d47cbfb21ead3688ee49856d98a0ff16bbbaa7058eb735	9b0412c8cce16f4684910207ed3b82a1bfb6b74891c554bba1f1c3b4f9347b86	1de0398cb1116200e1ead26886dfc0d6f1c15579dab82ad689c68690509dc449	0.07518321744757372	0.9247927069664001	2.4174887585104443e-05	0.044683780403147466	0.9553041458129883	1.2118439371988643e-05	0.10704919778606836	0.8929048776626587	4.605331560014747e-05	0.07563873187892985	0.924333910147349	2.744888085241352e-05	136	99	True	False	[1.0]	blocked_pending_author_clarification	
dac158f9da173df423cc812cf7166766c75b5929f4b7d5695fb77d7574adda19	Track B	QCD_DelphesHH4JTrig_forInfer_merged_ntuple	qcd	qcd	root://cceos.ihep.ac.cn:1094	/eos/ihep/cms/store/user/coli/datasets/hh4b/inference/QCD_DelphesHH4JTrig_forInfer_merged_ntuple/QCD_DelphesHH4JTrig_forInfer_ntuple_mergeid128.root	963892408	0aaf934b	11	high_score_tail_stability_v1	track_b_phase3_multifile_v1_20260806	3	64	2048	True		132	132	False	released_sophon_ensemble	40J7I_R1_v1	HH4b_released_three_model_ensemble	43c7fb9b0860c0f37953a1636b1f1b73fcc320da585d4a446cb45a31a14fdec0	ff90137a4c919f0a07d47cbfb21ead3688ee49856d98a0ff16bbbaa7058eb735	9b0412c8cce16f4684910207ed3b82a1bfb6b74891c554bba1f1c3b4f9347b86	1de0398cb1116200e1ead26886dfc0d6f1c15579dab82ad689c68690509dc449	0.029163950779093284	0.970784604549408	5.154332393431105e-05	0.016442562269730843	0.9835272431373596	3.0179782697814517e-05	0.010614102192903374	0.9893452525138855	4.056169564137235e-05	0.018740205080575834	0.9812190334002177	4.076160075783264e-05	136	79	True	False	[1.0]	blocked_pending_author_clarification	
3efdb2fe1e684bb4f8492ae68a85a26539feb6be147f0b9baa2f87ce95017329	Track B	QCD_DelphesHH4JTrig_forInfer_merged_ntuple	qcd	qcd	root://cceos.ihep.ac.cn:1094	/eos/ihep/cms/store/user/coli/datasets/hh4b/inference/QCD_DelphesHH4JTrig_forInfer_merged_ntuple/QCD_DelphesHH4JTrig_forInfer_ntuple_mergeid128.root	963892408	0aaf934b	12	high_score_tail_stability_v1	track_b_phase3_multifile_v1_20260806	3	64	2048	True		122	122	False	released_sophon_ensemble	40J7I_R1_v1	HH4b_released_three_model_ensemble	43c7fb9b0860c0f37953a1636b1f1b73fcc320da585d4a446cb45a31a14fdec0	ff90137a4c919f0a07d47cbfb21ead3688ee49856d98a0ff16bbbaa7058eb735	9b0412c8cce16f4684910207ed3b82a1bfb6b74891c554bba1f1c3b4f9347b86	1de0398cb1116200e1ead26886dfc0d6f1c15579dab82ad689c68690509dc449	0.25118727421522635	0.7339927554130554	0.014819938689470291	0.5104647476446189	0.48469534516334534	0.004839904606342316	0.3286570422337718	0.6603957414627075	0.010947161354124546	0.36343635469787233	0.6263612806797028	0.010202334883312384	136	9	True	False	[1.0]	blocked_pending_author_clarification	
f6665d9eb8c8a50ec6cfa6c2c7bfb75141a19545a64e264921b42bfe45c5e128	Track B	QCD_DelphesHH4JTrig_forInfer_merged_ntuple	qcd	qcd	root://cceos.ihep.ac.cn:1094	/eos/ihep/cms/store/user/coli/datasets/hh4b/inference/QCD_DelphesHH4JTrig_forInfer_merged_ntuple/QCD_DelphesHH4JTrig_forInfer_ntuple_mergeid128.root	963892408	0aaf934b	13	high_score_tail_stability_v1	track_b_phase3_multifile_v1_20260806	3	64	2048	True		101	101	False	released_sophon_ensemble	40J7I_R1_v1	HH4b_released_three_model_ensemble	43c7fb9b0860c0f37953a1636b1f1b73fcc320da585d4a446cb45a31a14fdec0	ff90137a4c919f0a07d47cbfb21ead3688ee49856d98a0ff16bbbaa7058eb735	9b0412c8cce16f4684910207ed3b82a1bfb6b74891c554bba1f1c3b4f9347b86	1de0398cb1116200e1ead26886dfc0d6f1c15579dab82ad689c68690509dc449	0.005644271774144727	0.9942973256111145	5.839839286636561e-05	0.004176582648142357	0.9958015084266663	2.1929119611741044e-05	0.0060970099482346996	0.9938576817512512	4.536376582109369e-05	0.005305954790173928	0.9946521719296774	4.1897092766400114e-05	136	25	True	False	[1.0]	blocked_pending_author_clarification	
caee289f0fc65b8c52c82a34f76fdfb8e929b9c2c54be2f1f1a49ef59f3a74cf	Track B	QCD_DelphesHH4JTrig_forInfer_merged_ntuple	qcd	qcd	root://cceos.ihep.ac.cn:1094	/eos/ihep/cms/store/user/coli/datasets/hh4b/inference/QCD_DelphesHH4JTrig_forInfer_merged_ntuple/QCD_DelphesHH4JTrig_forInfer_ntuple_mergeid128.root	963892408	0aaf934b	14	high_score_tail_stability_v1	track_b_phase3_multifile_v1_20260806	3	64	2048	True		112	112	False	released_sophon_ensemble	40J7I_R1_v1	HH4b_released_three_model_ensemble	43c7fb9b0860c0f37953a1636b1f1b73fcc320da585d4a446cb45a31a14fdec0	ff90137a4c919f0a07d47cbfb21ead3688ee49856d98a0ff16bbbaa7058eb735	9b0412c8cce16f4684910207ed3b82a1bfb6b74891c554bba1f1c3b4f9347b86	1de0398cb1116200e1ead26886dfc0d6f1c15579dab82ad689c68690509dc449	0.09902685564202329	0.8927910923957825	0.00818203017115593	0.14874828386700756	0.8480292558670044	0.003222469240427017	0.09192293074283953	0.9030132293701172	0.0050638774409890175	0.11323269008395678	0.881277859210968	0.005489458950857322	136	134	True	False	[1.0]	blocked_pending_author_clarification	
e07cbaeb5a232902f951ffe49c8f1ed8a01fc6da778b3e3e8aff4af20f8186e4	Track B	QCD_DelphesHH4JTrig_forInfer_merged_ntuple	qcd	qcd	root://cceos.ihep.ac.cn:1094	/eos/ihep/cms/store/user/coli/datasets/hh4b/inference/QCD_DelphesHH4JTrig_forInfer_merged_ntuple/QCD_DelphesHH4JTrig_forInfer_ntuple_mergeid128.root	963892408	0aaf934b	15	high_score_tail_stability_v1	track_b_phase3_multifile_v1_20260806	3	64	2048	True		161	161	False	released_sophon_ensemble	40J7I_R1_v1	HH4b_released_three_model_ensemble	43c7fb9b0860c0f37953a1636b1f1b73fcc320da585d4a446cb45a31a14fdec0	ff90137a4c919f0a07d47cbfb21ead3688ee49856d98a0ff16bbbaa7058eb735	9b0412c8cce16f4684910207ed3b82a1bfb6b74891c554bba1f1c3b4f9347b86	1de0398cb1116200e1ead26886dfc0d6f1c15579dab82ad689c68690509dc449	0.0009531245885661122	0.9964146614074707	0.0026322659105062485	0.00042396392838384145	0.9983086585998535	0.0012672656448557973	0.00045471000298746844	0.9989239573478699	0.0006213601445779204	0.0006105995066458074	0.9978824257850647	0.0015069638999799888	136	131	True	False	[1.0]	blocked_pending_author_clarification	
9477f4d9073aede452aaf1f75e561f19a077260c6e43dadb41746c81255748e3	Track B	QCD_DelphesHH4JTrig_forInfer_merged_ntuple	qcd	qcd	root://cceos.ihep.ac.cn:1094	/eos/ihep/cms/store/user/coli/datasets/hh4b/inference/QCD_DelphesHH4JTrig_forInfer_merged_ntuple/QCD_DelphesHH4JTrig_forInfer_ntuple_mergeid128.root	963892408	0aaf934b	16	high_score_tail_stability_v1	track_b_phase3_multifile_v1_20260806	3	64	2048	True		97	97	False	released_sophon_ensemble	40J7I_R1_v1	HH4b_released_three_model_ensemble	43c7fb9b0860c0f37953a1636b1f1b73fcc320da585d4a446cb45a31a14fdec0	ff90137a4c919f0a07d47cbfb21ead3688ee49856d98a0ff16bbbaa7058eb735	9b0412c8cce16f4684910207ed3b82a1bfb6b74891c554bba1f1c3b4f9347b86	1de0398cb1116200e1ead26886dfc0d6f1c15579dab82ad689c68690509dc449	0.0014301102766012264	0.9985631108283997	6.678334557363996e-06	0.0017398759891591453	0.9982520937919617	8.031708603084553e-06	0.0010201148734552135	0.9989751577377319	4.753609573526774e-06	0.0013967003797385285	0.9985967874526978	6.487884244658441e-06	136	46	True	False	[1.0]	blocked_pending_author_clarification	
a7322e70448ff9c8af0fb8888ad3cc48c79eb4692ad8557df297ec6543c120b6	Track B	QCD_DelphesHH4JTrig_forInfer_merged_ntuple	qcd	qcd	root://cceos.ihep.ac.cn:1094	/eos/ihep/cms/store/user/coli/datasets/hh4b/inference/QCD_DelphesHH4JTrig_forInfer_merged_ntuple/QCD_DelphesHH4JTrig_forInfer_ntuple_mergeid128.root	963892408	0aaf934b	17	high_score_tail_stability_v1	track_b_phase3_multifile_v1_20260806	3	64	2048	True		86	86	False	released_sophon_ensemble	40J7I_R1_v1	HH4b_released_three_model_ensemble	43c7fb9b0860c0f37953a1636b1f1b73fcc320da585d4a446cb45a31a14fdec0	ff90137a4c919f0a07d47cbfb21ead3688ee49856d98a0ff16bbbaa7058eb735	9b0412c8cce16f4684910207ed3b82a1bfb6b74891c554bba1f1c3b4f9347b86	1de0398cb1116200e1ead26886dfc0d6f1c15579dab82ad689c68690509dc449	0.13531581496499712	0.864342212677002	0.0003419266431592405	0.12392705861566355	0.8756689429283142	0.00040399644058197737	0.09895452317869058	0.9003559947013855	0.0006895681726746261	0.11939913225311709	0.8801223834355673	0.00047849708547194797	136	114	True	False	[1.0]	blocked_pending_author_clarification	
a250880d80c9ac8f51b90dcb66e6fb011d8cba5a77d8fdb50ff6e2fc066ac701	Track B	QCD_DelphesHH4JTrig_forInfer_merged_ntuple	qcd	qcd	root://cceos.ihep.ac.cn:1094	/eos/ihep/cms/store/user/coli/datasets/hh4b/inference/QCD_DelphesHH4JTrig_forInfer_merged_ntuple/QCD_DelphesHH4JTrig_forInfer_ntuple_mergeid128.root	963892408	0aaf934b	18	high_score_tail_stability_v1	track_b_phase3_multifile_v1_20260806	3	64	2048	True		121	121	False	released_sophon_ensemble	40J7I_R1_v1	HH4b_released_three_model_ensemble	43c7fb9b0860c0f37953a1636b1f1b73fcc320da585d4a446cb45a31a14fdec0	ff90137a4c919f0a07d47cbfb21ead3688ee49856d98a0ff16bbbaa7058eb735	9b0412c8cce16f4684910207ed3b82a1bfb6b74891c554bba1f1c3b4f9347b86	1de0398cb1116200e1ead26886dfc0d6f1c15579dab82ad689c68690509dc449	0.0017279254509503517	0.9931566119194031	0.0051153553649783134	0.011083970567597135	0.9867014288902283	0.002214511390775442	0.006200120117682673	0.9824956655502319	0.011304072104394436	0.006337338712076719	0.9874512354532877	0.0062113129533827305	136	30	True	True	[1.0]	blocked_pending_author_clarification	
00ccef9e60299c6234ee63e8c99d5e620114717692b1fb5c3b5f0097350c85b0	Track B	QCD_DelphesHH4JTrig_forInfer_merged_ntuple	qcd	qcd	root://cceos.ihep.ac.cn:1094	/eos/ihep/cms/store/user/coli/datasets/hh4b/inference/QCD_DelphesHH4JTrig_forInfer_merged_ntuple/QCD_DelphesHH4JTrig_forInfer_ntuple_mergeid128.root	963892408	0aaf934b	19	high_score_tail_stability_v1	track_b_phase3_multifile_v1_20260806	3	64	2048	True		100	100	False	released_sophon_ensemble	40J7I_R1_v1	HH4b_released_three_model_ensemble	43c7fb9b0860c0f37953a1636b1f1b73fcc320da585d4a446cb45a31a14fdec0	ff90137a4c919f0a07d47cbfb21ead3688ee49856d98a0ff16bbbaa7058eb735	9b0412c8cce16f4684910207ed3b82a1bfb6b74891c554bba1f1c3b4f9347b86	1de0398cb1116200e1ead26886dfc0d6f1c15579dab82ad689c68690509dc449	0.0018696882740414367	0.9981145858764648	1.5722735042800196e-05	0.0026800837711107306	0.9972919821739197	2.7917469196836464e-05	0.0012378719792422999	0.9987433552742004	1.881654497992713e-05	0.0019292146747981556	0.9980499744415283	2.0818916406521264e-05	136	129	True	False	[1.0]	blocked_pending_author_clarification	
49a7e0d5b4ef93452024430d9525b53ae2bad2e93eece259001b5bd7fc13dea6	Track B	QCD_DelphesHH4JTrig_forInfer_merged_ntuple	qcd	qcd	root://cceos.ihep.ac.cn:1094	/eos/ihep/cms/store/user/coli/datasets/hh4b/inference/QCD_DelphesHH4JTrig_forInfer_merged_ntuple/QCD_DelphesHH4JTrig_forInfer_ntuple_mergeid128.root	963892408	0aaf934b	20	high_score_tail_stability_v1	track_b_phase3_multifile_v1_20260806	3	64	2048	True		107	107	False	released_sophon_ensemble	40J7I_R1_v1	HH4b_released_three_model_ensemble	43c7fb9b0860c0f37953a1636b1f1b73fcc320da585d4a446cb45a31a14fdec0	ff90137a4c919f0a07d47cbfb21ead3688ee49856d98a0ff16bbbaa7058eb735	9b0412c8cce16f4684910207ed3b82a1bfb6b74891c554bba1f1c3b4f9347b86	1de0398cb1116200e1ead26886dfc0d6f1c15579dab82ad689c68690509dc449	0.0004267538766242751	0.9995487332344055	2.448798477416858e-05	0.00031682174714831035	0.9996556043624878	2.7564583433559164e-05	0.00018786889829414122	0.9997979998588562	1.4049926903680898e-05	0.00031048150735557556	0.9996674458185831	2.2034165037136216e-05	136	7	True	False	[1.0]	blocked_pending_author_clarification	
c7705b4a96021ea12782ae7566feba591964a2cda93f1d8721c1f55602752468	Track B	QCD_DelphesHH4JTrig_forInfer_merged_ntuple	qcd	qcd	root://cceos.ihep.ac.cn:1094	/eos/ihep/cms/store/user/coli/datasets/hh4b/inference/QCD_DelphesHH4JTrig_forInfer_merged_ntuple/QCD_DelphesHH4JTrig_forInfer_ntuple_mergeid128.root	963892408	0aaf934b	21	high_score_tail_stability_v1	track_b_phase3_multifile_v1_20260806	3	64	2048	True		90	90	False	released_sophon_ensemble	40J7I_R1_v1	HH4b_released_three_model_ensemble	43c7fb9b0860c0f37953a1636b1f1b73fcc320da585d4a446cb45a31a14fdec0	ff90137a4c919f0a07d47cbfb21ead3688ee49856d98a0ff16bbbaa7058eb735	9b0412c8cce16f4684910207ed3b82a1bfb6b74891c554bba1f1c3b4f9347b86	1de0398cb1116200e1ead26886dfc0d6f1c15579dab82ad689c68690509dc449	0.022738282093541784	0.9772400259971619	2.1635665689245798e-05	0.007712704672940163	0.9922811388969421	6.1321406974457204e-06	0.0070678150212870605	0.9929238557815552	8.36856725072721e-06	0.01250626726258967	0.9874816735585531	1.2045457879139576e-05	136	17	True	True	[1.0]	blocked_pending_author_clarification	
53d80b257d6aa5b75d07ba774bcc8eae35f0c3d9c9f5a78bd0889a735692da8a	Track B	QCD_DelphesHH4JTrig_forInfer_merged_ntuple	qcd	qcd	root://cceos.ihep.ac.cn:1094	/eos/ihep/cms/store/user/coli/datasets/hh4b/inference/QCD_DelphesHH4JTrig_forInfer_merged_ntuple/QCD_DelphesHH4JTrig_forInfer_ntuple_mergeid128.root	963892408	0aaf934b	22	high_score_tail_stability_v1	track_b_phase3_multifile_v1_20260806	3	64	2048	True		107	107	False	released_sophon_ensemble	40J7I_R1_v1	HH4b_released_three_model_ensemble	43c7fb9b0860c0f37953a1636b1f1b73fcc320da585d4a446cb45a31a14fdec0	ff90137a4c919f0a07d47cbfb21ead3688ee49856d98a0ff16bbbaa7058eb735	9b0412c8cce16f4684910207ed3b82a1bfb6b74891c554bba1f1c3b4f9347b86	1de0398cb1116200e1ead26886dfc0d6f1c15579dab82ad689c68690509dc449	0.00441513637792923	0.9953959584236145	0.0001890140410978347	0.004273893535128082	0.9955965876579285	0.00012946606148034334	0.0047667390804235765	0.9950161576271057	0.00021704606479033828	0.004485256331160296	0.9953362345695496	0.0001785087224561721	136	15	True	False	[1.0]	blocked_pending_author_clarification	
307974c18fa44ae5abcbe949610062e3a97752c6565732dc0ea7276054084649	Track B	QCD_DelphesHH4JTrig_forInfer_merged_ntuple	qcd	qcd	root://cceos.ihep.ac.cn:1094	/eos/ihep/cms/store/user/coli/datasets/hh4b/inference/QCD_DelphesHH4JTrig_forInfer_merged_ntuple/QCD_DelphesHH4JTrig_forInfer_ntuple_mergeid128.root	963892408	0aaf934b	23	high_score_tail_stability_v1	track_b_phase3_multifile_v1_20260806	3	64	2048	True		133	133	False	released_sophon_ensemble	40J7I_R1_v1	HH4b_released_three_model_ensemble	43c7fb9b0860c0f37953a1636b1f1b73fcc320da585d4a446cb45a31a14fdec0	ff90137a4c919f0a07d47cbfb21ead3688ee49856d98a0ff16bbbaa7058eb735	9b0412c8cce16f4684910207ed3b82a1bfb6b74891c554bba1f1c3b4f9347b86	1de0398cb1116200e1ead26886dfc0d6f1c15579dab82ad689c68690509dc449	0.009532252018743748	0.6194472312927246	0.37102043628692627	0.009285076899459455	0.5420121550559998	0.4487028121948242	0.007278311538414073	0.4078570604324341	0.584864616394043	0.008698546818872426	0.5231054822603861	0.46819595495859784	136	101	False	False	[1.0]	blocked_pending_author_clarification	
ee7cc316166660e3c832cb718f35ae32ca2e69f538136dbef927418546667390	Track B	QCD_DelphesHH4JTrig_forInfer_merged_ntuple	qcd	qcd	root://cceos.ihep.ac.cn:1094	/eos/ihep/cms/store/user/coli/datasets/hh4b/inference/QCD_DelphesHH4JTrig_forInfer_merged_ntuple/QCD_DelphesHH4JTrig_forInfer_ntuple_mergeid128.root	963892408	0aaf934b	24	high_score_tail_stability_v1	track_b_phase3_multifile_v1_20260806	3	64	2048	True		146	146	False	released_sophon_ensemble	40J7I_R1_v1	HH4b_released_three_model_ensemble	43c7fb9b0860c0f37953a1636b1f1b73fcc320da585d4a446cb45a31a14fdec0	ff90137a4c919f0a07d47cbfb21ead3688ee49856d98a0ff16bbbaa7058eb735	9b0412c8cce16f4684910207ed3b82a1bfb6b74891c554bba1f1c3b4f9347b86	1de0398cb1116200e1ead26886dfc0d6f1c15579dab82ad689c68690509dc449	0.06080174672740668	0.9358295798301697	0.0033687131945043802	0.13832965893425353	0.8566397428512573	0.005030690226703882	0.028296346382944648	0.9699608087539673	0.0017428924329578876	0.07580925068153495	0.9208100438117981	0.00338076528472205	136	80	True	False	[1.0]	blocked_pending_author_clarification	
a94e33159e671b627f093214b3021f4846906d0b0a04ce0de8dd3345642106d2	Track B	QCD_DelphesHH4JTrig_forInfer_merged_ntuple	qcd	qcd	root://cceos.ihep.ac.cn:1094	/eos/ihep/cms/store/user/coli/datasets/hh4b/inference/QCD_DelphesHH4JTrig_forInfer_merged_ntuple/QCD_DelphesHH4JTrig_forInfer_ntuple_mergeid128.root	963892408	0aaf934b	25	high_score_tail_stability_v1	track_b_phase3_multifile_v1_20260806	3	64	2048	True		119	119	False	released_sophon_ensemble	40J7I_R1_v1	HH4b_released_three_model_ensemble	43c7fb9b0860c0f37953a1636b1f1b73fcc320da585d4a446cb45a31a14fdec0	ff90137a4c919f0a07d47cbfb21ead3688ee49856d98a0ff16bbbaa7058eb735	9b0412c8cce16f4684910207ed3b82a1bfb6b74891c554bba1f1c3b4f9347b86	1de0398cb1116200e1ead26886dfc0d6f1c15579dab82ad689c68690509dc449	0.22185482269378554	0.7771426439285278	0.0010026628151535988	0.11239777724858868	0.8867365121841431	0.0008656559512019157	0.18722629588773998	0.8105813264846802	0.002192392246797681	0.17382629861003807	0.8248201608657837	0.0013535703377177317	136	106	True	True	[1.0]	blocked_pending_author_clarification	
81e584df3bc721f57380bd3140432e642bff3ea46f96209f95c4f380a192e02d	Track B	QCD_DelphesHH4JTrig_forInfer_merged_ntuple	qcd	qcd	root://cceos.ihep.ac.cn:1094	/eos/ihep/cms/store/user/coli/datasets/hh4b/inference/QCD_DelphesHH4JTrig_forInfer_merged_ntuple/QCD_DelphesHH4JTrig_forInfer_ntuple_mergeid128.root	963892408	0aaf934b	26	high_score_tail_stability_v1	track_b_phase3_multifile_v1_20260806	3	64	2048	True		115	115	False	released_sophon_ensemble	40J7I_R1_v1	HH4b_released_three_model_ensemble	43c7fb9b0860c0f37953a1636b1f1b73fcc320da585d4a446cb45a31a14fdec0	ff90137a4c919f0a07d47cbfb21ead3688ee49856d98a0ff16bbbaa7058eb735	9b0412c8cce16f4684910207ed3b82a1bfb6b74891c554bba1f1c3b4f9347b86	1de0398cb1116200e1ead26886dfc0d6f1c15579dab82ad689c68690509dc449	0.030956541499563173	0.9686641097068787	0.00037940737092867494	0.02841245461422659	0.9713475704193115	0.0002399126678938046	0.0246695548767093	0.9750940203666687	0.000236357533140108	0.028012850330166355	0.9717019001642863	0.00028522585732086253	136	122	True	True	[1.0]	blocked_pending_author_clarification	
07b67d055a39afa3c1be963d173fa0f32cbfd07a61127d9ba2533ca15f3a12c7	Track B	QCD_DelphesHH4JTrig_forInfer_merged_ntuple	qcd	qcd	root://cceos.ihep.ac.cn:1094	/eos/ihep/cms/store/user/coli/datasets/hh4b/inference/QCD_DelphesHH4JTrig_forInfer_merged_ntuple/QCD_DelphesHH4JTrig_forInfer_ntuple_mergeid128.root	963892408	0aaf934b	27	high_score_tail_stability_v1	track_b_phase3_multifile_v1_20260806	3	64	2048	True		147	147	False	released_sophon_ensemble	40J7I_R1_v1	HH4b_released_three_model_ensemble	43c7fb9b0860c0f37953a1636b1f1b73fcc320da585d4a446cb45a31a14fdec0	ff90137a4c919f0a07d47cbfb21ead3688ee49856d98a0ff16bbbaa7058eb735	9b0412c8cce16f4684910207ed3b82a1bfb6b74891c554bba1f1c3b4f9347b86	1de0398cb1116200e1ead26886dfc0d6f1c15579dab82ad689c68690509dc449	0.08870577376183064	0.9110691547393799	0.00022502386127598584	0.03587633472398011	0.9640217423439026	0.00010201692930422723	0.026579583288821595	0.9733089208602905	0.00011139656271552667	0.05038723059154411	0.949466605981191	0.00014614578443191326	136	15	True	True	[1.0]	blocked_pending_author_clarification	
79bab3bec1c583db1515422c2e73d9ba7f282d0ba255950d1f9ad46e8166c0d4	Track B	QCD_DelphesHH4JTrig_forInfer_merged_ntuple	qcd	qcd	root://cceos.ihep.ac.cn:1094	/eos/ihep/cms/store/user/coli/datasets/hh4b/inference/QCD_DelphesHH4JTrig_forInfer_merged_ntuple/QCD_DelphesHH4JTrig_forInfer_ntuple_mergeid128.root	963892408	0aaf934b	28	high_score_tail_stability_v1	track_b_phase3_multifile_v1_20260806	3	64	2048	True		156	156	False	released_sophon_ensemble	40J7I_R1_v1	HH4b_released_three_model_ensemble	43c7fb9b0860c0f37953a1636b1f1b73fcc320da585d4a446cb45a31a14fdec0	ff90137a4c919f0a07d47cbfb21ead3688ee49856d98a0ff16bbbaa7058eb735	9b0412c8cce16f4684910207ed3b82a1bfb6b74891c554bba1f1c3b4f9347b86	1de0398cb1116200e1ead26886dfc0d6f1c15579dab82ad689c68690509dc449	2.582119890348622e-05	0.999934196472168	4.012299541500397e-05	7.984460511067937e-05	0.999900221824646	2.0024755940539762e-05	3.7064603567671384e-05	0.9999178647994995	4.511897714110091e-05	4.757680252727899e-05	0.9999174276987711	3.508890949888155e-05	136	3	True	False	[1.0]	blocked_pending_author_clarification	
e1a32e1365b857b09ae767d56d75c2471a3623abce16229954c17f13fbea95d2	Track B	QCD_DelphesHH4JTrig_forInfer_merged_ntuple	qcd	qcd	root://cceos.ihep.ac.cn:1094	/eos/ihep/cms/store/user/coli/datasets/hh4b/inference/QCD_DelphesHH4JTrig_forInfer_merged_ntuple/QCD_DelphesHH4JTrig_forInfer_ntuple_mergeid128.root	963892408	0aaf934b	29	high_score_tail_stability_v1	track_b_phase3_multifile_v1_20260806	3	64	2048	True		72	72	False	released_sophon_ensemble	40J7I_R1_v1	HH4b_released_three_model_ensemble	43c7fb9b0860c0f37953a1636b1f1b73fcc320da585d4a446cb45a31a14fdec0	ff90137a4c919f0a07d47cbfb21ead3688ee49856d98a0ff16bbbaa7058eb735	9b0412c8cce16f4684910207ed3b82a1bfb6b74891c554bba1f1c3b4f9347b86	1de0398cb1116200e1ead26886dfc0d6f1c15579dab82ad689c68690509dc449	0.0019058438671208933	0.9980613589286804	3.2750129321357235e-05	0.001968565397532984	0.9980015158653259	2.993318958033342e-05	0.0011886920907500098	0.9987786412239075	3.267261854489334e-05	0.0016877004518012957	0.9982805053393046	3.178531248219466e-05	136	7	True	False	[1.0]	blocked_pending_author_clarification	
3c4737c1a55f9d7480715a6020e91482970cea4a69b873f9647901a31371c385	Track B	QCD_DelphesHH4JTrig_forInfer_merged_ntuple	qcd	qcd	root://cceos.ihep.ac.cn:1094	/eos/ihep/cms/store/user/coli/datasets/hh4b/inference/QCD_DelphesHH4JTrig_forInfer_merged_ntuple/QCD_DelphesHH4JTrig_forInfer_ntuple_mergeid128.root	963892408	0aaf934b	30	high_score_tail_stability_v1	track_b_phase3_multifile_v1_20260806	3	64	2048	True		99	99	False	released_sophon_ensemble	40J7I_R1_v1	HH4b_released_three_model_ensemble	43c7fb9b0860c0f37953a1636b1f1b73fcc320da585d4a446cb45a31a14fdec0	ff90137a4c919f0a07d47cbfb21ead3688ee49856d98a0ff16bbbaa7058eb735	9b0412c8cce16f4684910207ed3b82a1bfb6b74891c554bba1f1c3b4f9347b86	1de0398cb1116200e1ead26886dfc0d6f1c15579dab82ad689c68690509dc449	0.04296842750716223	0.9532588124275208	0.0037727162707597017	0.028412596817133817	0.9687147736549377	0.00287264259532094	0.027186635245016078	0.9698259830474854	0.002987308194860816	0.03285588652310405	0.9639331897099813	0.0032108890203138194	136	69	True	True	[1.0]	blocked_pending_author_clarification	
7059200cd41a018b23379565156d863e219badb5fe42e621d48251f76bd0d672	Track B	QCD_DelphesHH4JTrig_forInfer_merged_ntuple	qcd	qcd	root://cceos.ihep.ac.cn:1094	/eos/ihep/cms/store/user/coli/datasets/hh4b/inference/QCD_DelphesHH4JTrig_forInfer_merged_ntuple/QCD_DelphesHH4JTrig_forInfer_ntuple_mergeid128.root	963892408	0aaf934b	31	high_score_tail_stability_v1	track_b_phase3_multifile_v1_20260806	3	64	2048	True		207	207	False	released_sophon_ensemble	40J7I_R1_v1	HH4b_released_three_model_ensemble	43c7fb9b0860c0f37953a1636b1f1b73fcc320da585d4a446cb45a31a14fdec0	ff90137a4c919f0a07d47cbfb21ead3688ee49856d98a0ff16bbbaa7058eb735	9b0412c8cce16f4684910207ed3b82a1bfb6b74891c554bba1f1c3b4f9347b86	1de0398cb1116200e1ead26886dfc0d6f1c15579dab82ad689c68690509dc449	0.03353427725505753	0.9164512157440186	0.05001455172896385	0.022317621365345985	0.9487294554710388	0.028952844440937042	0.036809171213008085	0.840238094329834	0.12295269966125488	0.030887023277803866	0.9018062551816305	0.06730669861038525	136	99	True	False	[1.0]	blocked_pending_author_clarification	
d2f843d24611eec7a355a8121a92d4278a34eba7b2b0ef298c40f075d4c5befe	Track B	QCD_DelphesHH4JTrig_forInfer_merged_ntuple	qcd	qcd	root://cceos.ihep.ac.cn:1094	/eos/ihep/cms/store/user/coli/datasets/hh4b/inference/QCD_DelphesHH4JTrig_forInfer_merged_ntuple/QCD_DelphesHH4JTrig_forInfer_ntuple_mergeid128.root	963892408	0aaf934b	32	high_score_tail_stability_v1	track_b_phase3_multifile_v1_20260806	3	64	2048	True		93	93	False	released_sophon_ensemble	40J7I_R1_v1	HH4b_released_three_model_ensemble	43c7fb9b0860c0f37953a1636b1f1b73fcc320da585d4a446cb45a31a14fdec0	ff90137a4c919f0a07d47cbfb21ead3688ee49856d98a0ff16bbbaa7058eb735	9b0412c8cce16f4684910207ed3b82a1bfb6b74891c554bba1f1c3b4f9347b86	1de0398cb1116200e1ead26886dfc0d6f1c15579dab82ad689c68690509dc449	0.5991481811603308	0.4003808796405792	0.00047098149661906064	0.5837033269286849	0.4156225621700287	0.0006741508259437978	0.7352068764613477	0.26406142115592957	0.0007317446288652718	0.6393527948501211	0.3600216209888458	0.0006256256504760435	136	72	True	True	[1.0]	blocked_pending_author_clarification	
fd17fc0a13abde3066059e1420d88a47eaff05ae59e232177607df1515da885b	Track B	QCD_DelphesHH4JTrig_forInfer_merged_ntuple	qcd	qcd	root://cceos.ihep.ac.cn:1094	/eos/ihep/cms/store/user/coli/datasets/hh4b/inference/QCD_DelphesHH4JTrig_forInfer_merged_ntuple/QCD_DelphesHH4JTrig_forInfer_ntuple_mergeid128.root	963892408	0aaf934b	33	high_score_tail_stability_v1	track_b_phase3_multifile_v1_20260806	3	64	2048	True		129	129	False	released_sophon_ensemble	40J7I_R1_v1	HH4b_released_three_model_ensemble	43c7fb9b0860c0f37953a1636b1f1b73fcc320da585d4a446cb45a31a14fdec0	ff90137a4c919f0a07d47cbfb21ead3688ee49856d98a0ff16bbbaa7058eb735	9b0412c8cce16f4684910207ed3b82a1bfb6b74891c554bba1f1c3b4f9347b86	1de0398cb1116200e1ead26886dfc0d6f1c15579dab82ad689c68690509dc449	0.031941108169121435	0.9485934376716614	0.019465487450361252	0.037311856882297434	0.9062044024467468	0.05648377537727356	0.02443995628345874	0.9435645937919617	0.03199539706110954	0.031230973778292537	0.9327874779701233	0.035981553296248116	136	59	True	False	[1.0]	blocked_pending_author_clarification	
4daabfdba87c70523009fcd29092182731c37e7dbb9739f975d70b99208579dd	Track B	QCD_DelphesHH4JTrig_forInfer_merged_ntuple	qcd	qcd	root://cceos.ihep.ac.cn:1094	/eos/ihep/cms/store/user/coli/datasets/hh4b/inference/QCD_DelphesHH4JTrig_forInfer_merged_ntuple/QCD_DelphesHH4JTrig_forInfer_ntuple_mergeid128.root	963892408	0aaf934b	34	high_score_tail_stability_v1	track_b_phase3_multifile_v1_20260806	3	64	2048	True		142	142	False	released_sophon_ensemble	40J7I_R1_v1	HH4b_released_three_model_ensemble	43c7fb9b0860c0f37953a1636b1f1b73fcc320da585d4a446cb45a31a14fdec0	ff90137a4c919f0a07d47cbfb21ead3688ee49856d98a0ff16bbbaa7058eb735	9b0412c8cce16f4684910207ed3b82a1bfb6b74891c554bba1f1c3b4f9347b86	1de0398cb1116200e1ead26886dfc0d6f1c15579dab82ad689c68690509dc449	0.03206706779383239	0.966768205165863	0.0011648711515590549	0.02953857967440854	0.9690041542053223	0.00145728827919811	0.05505019369593356	0.941670835018158	0.003279017750173807	0.03888528038805816	0.9591477314631144	0.001967059060310324	136	12	True	False	[1.0]	blocked_pending_author_clarification	
58f3786c3f0dbae23cda732e666bab58497dcdd375fe2ca8c964143f1e42b29a	Track B	QCD_DelphesHH4JTrig_forInfer_merged_ntuple	qcd	qcd	root://cceos.ihep.ac.cn:1094	/eos/ihep/cms/store/user/coli/datasets/hh4b/inference/QCD_DelphesHH4JTrig_forInfer_merged_ntuple/QCD_DelphesHH4JTrig_forInfer_ntuple_mergeid128.root	963892408	0aaf934b	35	high_score_tail_stability_v1	track_b_phase3_multifile_v1_20260806	3	64	2048	True		87	87	False	released_sophon_ensemble	40J7I_R1_v1	HH4b_released_three_model_ensemble	43c7fb9b0860c0f37953a1636b1f1b73fcc320da585d4a446cb45a31a14fdec0	ff90137a4c919f0a07d47cbfb21ead3688ee49856d98a0ff16bbbaa7058eb735	9b0412c8cce16f4684910207ed3b82a1bfb6b74891c554bba1f1c3b4f9347b86	1de0398cb1116200e1ead26886dfc0d6f1c15579dab82ad689c68690509dc449	0.0015747349397088328	0.9934078454971313	0.005017550196498632	0.0028316794387137634	0.9950968623161316	0.0020714295096695423	0.003784532204917923	0.9929195046424866	0.003295993199571967	0.0027303155277801725	0.9938080708185831	0.003461657635246714	136	2	True	False	[1.0]	blocked_pending_author_clarification	
a52c31ffd645fff6629576af8e8d68a35314f9c82d6fc8c7637d918de74d4ff1	Track B	QCD_DelphesHH4JTrig_forInfer_merged_ntuple	qcd	qcd	root://cceos.ihep.ac.cn:1094	/eos/ihep/cms/store/user/coli/datasets/hh4b/inference/QCD_DelphesHH4JTrig_forInfer_merged_ntuple/QCD_DelphesHH4JTrig_forInfer_ntuple_mergeid128.root	963892408	0aaf934b	36	high_score_tail_stability_v1	track_b_phase3_multifile_v1_20260806	3	64	2048	True		156	156	False	released_sophon_ensemble	40J7I_R1_v1	HH4b_released_three_model_ensemble	43c7fb9b0860c0f37953a1636b1f1b73fcc320da585d4a446cb45a31a14fdec0	ff90137a4c919f0a07d47cbfb21ead3688ee49856d98a0ff16bbbaa7058eb735	9b0412c8cce16f4684910207ed3b82a1bfb6b74891c554bba1f1c3b4f9347b86	1de0398cb1116200e1ead26886dfc0d6f1c15579dab82ad689c68690509dc449	0.0445376754987592	0.9526566863059998	0.0028055463917553425	0.0317975502034642	0.9653311371803284	0.002871307311579585	0.013585478918230365	0.9850009679794312	0.0014134852681308985	0.029973568206817923	0.9676629304885864	0.002363446323821942	136	122	True	False	[1.0]	blocked_pending_author_clarification	
6abb7299c9ed3958afbadd03ee15a9cdde2bd4f6be52177c52e437a2f4f3d673	Track B	QCD_DelphesHH4JTrig_forInfer_merged_ntuple	qcd	qcd	root://cceos.ihep.ac.cn:1094	/eos/ihep/cms/store/user/coli/datasets/hh4b/inference/QCD_DelphesHH4JTrig_forInfer_merged_ntuple/QCD_DelphesHH4JTrig_forInfer_ntuple_mergeid128.root	963892408	0aaf934b	37	high_score_tail_stability_v1	track_b_phase3_multifile_v1_20260806	3	64	2048	True		100	100	False	released_sophon_ensemble	40J7I_R1_v1	HH4b_released_three_model_ensemble	43c7fb9b0860c0f37953a1636b1f1b73fcc320da585d4a446cb45a31a14fdec0	ff90137a4c919f0a07d47cbfb21ead3688ee49856d98a0ff16bbbaa7058eb735	9b0412c8cce16f4684910207ed3b82a1bfb6b74891c554bba1f1c3b4f9347b86	1de0398cb1116200e1ead26886dfc0d6f1c15579dab82ad689c68690509dc449	0.6199481467774604	0.3799181580543518	0.00013373250840231776	0.59438717210287	0.40554001927375793	7.28569139027968e-05	0.6434701121106627	0.3563675582408905	0.00016235224029514939	0.6192684769969977	0.38060857852300006	0.000122980554200088	136	15	True	False	[1.0]	blocked_pending_author_clarification	
b5b43bdfe23798fb312a1ff2437bb765a48969ca8ca48f45d016df929d649edc	Track B	QCD_DelphesHH4JTrig_forInfer_merged_ntuple	qcd	qcd	root://cceos.ihep.ac.cn:1094	/eos/ihep/cms/store/user/coli/datasets/hh4b/inference/QCD_DelphesHH4JTrig_forInfer_merged_ntuple/QCD_DelphesHH4JTrig_forInfer_ntuple_mergeid128.root	963892408	0aaf934b	38	high_score_tail_stability_v1	track_b_phase3_multifile_v1_20260806	3	64	2048	True		159	159	False	released_sophon_ensemble	40J7I_R1_v1	HH4b_released_three_model_ensemble	43c7fb9b0860c0f37953a1636b1f1b73fcc320da585d4a446cb45a31a14fdec0	ff90137a4c919f0a07d47cbfb21ead3688ee49856d98a0ff16bbbaa7058eb735	9b0412c8cce16f4684910207ed3b82a1bfb6b74891c554bba1f1c3b4f9347b86	1de0398cb1116200e1ead26886dfc0d6f1c15579dab82ad689c68690509dc449	0.00010434963332617286	0.9998490810394287	4.6651552111143246e-05	0.00016784302322747635	0.9997789263725281	5.326562677510083e-05	7.618422628752342e-05	0.999896764755249	2.7179994503967464e-05	0.0001161256276137242	0.999841590722402	4.2365724463403844e-05	136	129	True	False	[1.0]	blocked_pending_author_clarification	
c1c3f94b68194c40080dbaa376294a122596607df7e4039b6805ae3104364d55	Track B	QCD_DelphesHH4JTrig_forInfer_merged_ntuple	qcd	qcd	root://cceos.ihep.ac.cn:1094	/eos/ihep/cms/store/user/coli/datasets/hh4b/inference/QCD_DelphesHH4JTrig_forInfer_merged_ntuple/QCD_DelphesHH4JTrig_forInfer_ntuple_mergeid128.root	963892408	0aaf934b	39	high_score_tail_stability_v1	track_b_phase3_multifile_v1_20260806	3	64	2048	True		73	73	False	released_sophon_ensemble	40J7I_R1_v1	HH4b_released_three_model_ensemble	43c7fb9b0860c0f37953a1636b1f1b73fcc320da585d4a446cb45a31a14fdec0	ff90137a4c919f0a07d47cbfb21ead3688ee49856d98a0ff16bbbaa7058eb735	9b0412c8cce16f4684910207ed3b82a1bfb6b74891c554bba1f1c3b4f9347b86	1de0398cb1116200e1ead26886dfc0d6f1c15579dab82ad689c68690509dc449	0.0030473448671273218	0.9968975782394409	5.502298881765455e-05	0.0012139829639750133	0.9987425208091736	4.3430394725874066e-05	0.0015649388262772845	0.9984108209609985	2.4243316147476435e-05	0.0019420888857932064	0.9980169733365377	4.0898899897001684e-05	136	53	True	False	[1.0]	blocked_pending_author_clarification	
3c6c8fb4b54e3c31851ae30c11b817b9e7fba65fcfd7f8407b441972c444ddc8	Track B	QCD_DelphesHH4JTrig_forInfer_merged_ntuple	qcd	qcd	root://cceos.ihep.ac.cn:1094	/eos/ihep/cms/store/user/coli/datasets/hh4b/inference/QCD_DelphesHH4JTrig_forInfer_merged_ntuple/QCD_DelphesHH4JTrig_forInfer_ntuple_mergeid128.root	963892408	0aaf934b	40	high_score_tail_stability_v1	track_b_phase3_multifile_v1_20260806	3	64	2048	True		114	114	False	released_sophon_ensemble	40J7I_R1_v1	HH4b_released_three_model_ensemble	43c7fb9b0860c0f37953a1636b1f1b73fcc320da585d4a446cb45a31a14fdec0	ff90137a4c919f0a07d47cbfb21ead3688ee49856d98a0ff16bbbaa7058eb735	9b0412c8cce16f4684910207ed3b82a1bfb6b74891c554bba1f1c3b4f9347b86	1de0398cb1116200e1ead26886dfc0d6f1c15579dab82ad689c68690509dc449	0.0002371819622339899	0.9997115731239319	5.1227463700342923e-05	8.543469054700381e-05	0.999896764755249	1.7797219697968103e-05	0.00014494252418728593	0.9998142123222351	4.094613541383296e-05	0.00015585305898942653	0.9998075167338053	3.6656939604048e-05	136	71	True	False	[1.0]	blocked_pending_author_clarification	
bbb6e2ffbc010aca08a6fde216e6cd52cd99dcfedd7ac65748fa84d43629d23a	Track B	QCD_DelphesHH4JTrig_forInfer_merged_ntuple	qcd	qcd	root://cceos.ihep.ac.cn:1094	/eos/ihep/cms/store/user/coli/datasets/hh4b/inference/QCD_DelphesHH4JTrig_forInfer_merged_ntuple/QCD_DelphesHH4JTrig_forInfer_ntuple_mergeid128.root	963892408	0aaf934b	41	high_score_tail_stability_v1	track_b_phase3_multifile_v1_20260806	3	64	2048	True		127	127	False	released_sophon_ensemble	40J7I_R1_v1	HH4b_released_three_model_ensemble	43c7fb9b0860c0f37953a1636b1f1b73fcc320da585d4a446cb45a31a14fdec0	ff90137a4c919f0a07d47cbfb21ead3688ee49856d98a0ff16bbbaa7058eb735	9b0412c8cce16f4684910207ed3b82a1bfb6b74891c554bba1f1c3b4f9347b86	1de0398cb1116200e1ead26886dfc0d6f1c15579dab82ad689c68690509dc449	0.15598117729041405	0.8437278270721436	0.00029102250118739903	0.15372669652879267	0.8459981679916382	0.0002750819840002805	0.10128633123986219	0.8985517621040344	0.000161912917974405	0.13699806835302297	0.8627592523892721	0.00024267246772069484	136	131	True	False	[1.0]	blocked_pending_author_clarification	
8af7b5eac103fcafe9f4882a21d199efaccbc3a74530aef469a25ab1eae573ab	Track B	QCD_DelphesHH4JTrig_forInfer_merged_ntuple	qcd	qcd	root://cceos.ihep.ac.cn:1094	/eos/ihep/cms/store/user/coli/datasets/hh4b/inference/QCD_DelphesHH4JTrig_forInfer_merged_ntuple/QCD_DelphesHH4JTrig_forInfer_ntuple_mergeid128.root	963892408	0aaf934b	42	high_score_tail_stability_v1	track_b_phase3_multifile_v1_20260806	3	64	2048	True		133	133	False	released_sophon_ensemble	40J7I_R1_v1	HH4b_released_three_model_ensemble	43c7fb9b0860c0f37953a1636b1f1b73fcc320da585d4a446cb45a31a14fdec0	ff90137a4c919f0a07d47cbfb21ead3688ee49856d98a0ff16bbbaa7058eb735	9b0412c8cce16f4684910207ed3b82a1bfb6b74891c554bba1f1c3b4f9347b86	1de0398cb1116200e1ead26886dfc0d6f1c15579dab82ad689c68690509dc449	0.20117318854318	0.798579216003418	0.0002476060180924833	0.12052555006812327	0.8793157339096069	0.0001586252765264362	0.303014936936961	0.6966420412063599	0.0003430658543948084	0.2082378918494214	0.7915123303731283	0.0002497657163379093	136	77	True	False	[1.0]	blocked_pending_author_clarification	
a784ce8b539743db5c8d67167a77b15814f5de5e288328549b4868c37b572a8a	Track B	QCD_DelphesHH4JTrig_forInfer_merged_ntuple	qcd	qcd	root://cceos.ihep.ac.cn:1094	/eos/ihep/cms/store/user/coli/datasets/hh4b/inference/QCD_DelphesHH4JTrig_forInfer_merged_ntuple/QCD_DelphesHH4JTrig_forInfer_ntuple_mergeid128.root	963892408	0aaf934b	43	high_score_tail_stability_v1	track_b_phase3_multifile_v1_20260806	3	64	2048	True		166	166	False	released_sophon_ensemble	40J7I_R1_v1	HH4b_released_three_model_ensemble	43c7fb9b0860c0f37953a1636b1f1b73fcc320da585d4a446cb45a31a14fdec0	ff90137a4c919f0a07d47cbfb21ead3688ee49856d98a0ff16bbbaa7058eb735	9b0412c8cce16f4684910207ed3b82a1bfb6b74891c554bba1f1c3b4f9347b86	1de0398cb1116200e1ead26886dfc0d6f1c15579dab82ad689c68690509dc449	0.1776261668164807	0.8215582966804504	0.0008155710529536009	0.16126492514558777	0.8383148312568665	0.00042040241532959044	0.19400699785728648	0.8049289584159851	0.0010639890097081661	0.17763269660645167	0.8216006954511007	0.0007666541593304524	136	134	True	False	[1.0]	blocked_pending_author_clarification	
220f71305eadb91a966fa54f006d2963addca0b23d274227d494c58d97224069	Track B	QCD_DelphesHH4JTrig_forInfer_merged_ntuple	qcd	qcd	root://cceos.ihep.ac.cn:1094	/eos/ihep/cms/store/user/coli/datasets/hh4b/inference/QCD_DelphesHH4JTrig_forInfer_merged_ntuple/QCD_DelphesHH4JTrig_forInfer_ntuple_mergeid128.root	963892408	0aaf934b	44	high_score_tail_stability_v1	track_b_phase3_multifile_v1_20260806	3	64	2048	True		124	124	False	released_sophon_ensemble	40J7I_R1_v1	HH4b_released_three_model_ensemble	43c7fb9b0860c0f37953a1636b1f1b73fcc320da585d4a446cb45a31a14fdec0	ff90137a4c919f0a07d47cbfb21ead3688ee49856d98a0ff16bbbaa7058eb735	9b0412c8cce16f4684910207ed3b82a1bfb6b74891c554bba1f1c3b4f9347b86	1de0398cb1116200e1ead26886dfc0d6f1c15579dab82ad689c68690509dc449	8.311089301216157e-06	0.9999804496765137	1.1140186870761681e-05	2.9547338699309478e-05	0.9999618530273438	8.678729500388727e-06	1.1417483399167594e-05	0.9999732971191406	1.5412910215673037e-05	1.642530379989774e-05	0.999971866607666	1.1743942195607815e-05	136	15	True	True	[1.0]	blocked_pending_author_clarification	
5777ffb127a560bca952cca462fe56a11fc5442da6dfea722b37020e2f959317	Track B	QCD_DelphesHH4JTrig_forInfer_merged_ntuple	qcd	qcd	root://cceos.ihep.ac.cn:1094	/eos/ihep/cms/store/user/coli/datasets/hh4b/inference/QCD_DelphesHH4JTrig_forInfer_merged_ntuple/QCD_DelphesHH4JTrig_forInfer_ntuple_mergeid128.root	963892408	0aaf934b	45	high_score_tail_stability_v1	track_b_phase3_multifile_v1_20260806	3	64	2048	True		75	75	False	released_sophon_ensemble	40J7I_R1_v1	HH4b_released_three_model_ensemble	43c7fb9b0860c0f37953a1636b1f1b73fcc320da585d4a446cb45a31a14fdec0	ff90137a4c919f0a07d47cbfb21ead3688ee49856d98a0ff16bbbaa7058eb735	9b0412c8cce16f4684910207ed3b82a1bfb6b74891c554bba1f1c3b4f9347b86	1de0398cb1116200e1ead26886dfc0d6f1c15579dab82ad689c68690509dc449	0.00030158010582681527	0.999697208404541	1.32312470668694e-06	0.00031010463194292015	0.9996883869171143	1.4962497516535223e-06	0.0002921161377429371	0.9997064471244812	1.3810004020342603e-06	0.0003012669585042242	0.9996973474820455	1.400124953458241e-06	136	82	True	False	[1.0]	blocked_pending_author_clarification	
72d84b1ccacf6ed6d7d114c5a552224aa0c6d8eec026ce31d1232e5aea730ab3	Track B	QCD_DelphesHH4JTrig_forInfer_merged_ntuple	qcd	qcd	root://cceos.ihep.ac.cn:1094	/eos/ihep/cms/store/user/coli/datasets/hh4b/inference/QCD_DelphesHH4JTrig_forInfer_merged_ntuple/QCD_DelphesHH4JTrig_forInfer_ntuple_mergeid128.root	963892408	0aaf934b	46	high_score_tail_stability_v1	track_b_phase3_multifile_v1_20260806	3	64	2048	True		184	184	False	released_sophon_ensemble	40J7I_R1_v1	HH4b_released_three_model_ensemble	43c7fb9b0860c0f37953a1636b1f1b73fcc320da585d4a446cb45a31a14fdec0	ff90137a4c919f0a07d47cbfb21ead3688ee49856d98a0ff16bbbaa7058eb735	9b0412c8cce16f4684910207ed3b82a1bfb6b74891c554bba1f1c3b4f9347b86	1de0398cb1116200e1ead26886dfc0d6f1c15579dab82ad689c68690509dc449	0.36695852178854693	0.6313171982765198	0.0017244048649445176	0.1747629905157737	0.8244298100471497	0.0008070528856478631	0.26369345690000046	0.7345010638237	0.0018055657856166363	0.2684716564014404	0.7300826907157898	0.0014456745120696723	136	56	True	False	[1.0]	blocked_pending_author_clarification	
5427d468fb3dc6bab00a45ffbce49ec8917118d69115cc6b3a0e7f8cb8c6f00c	Track B	QCD_DelphesHH4JTrig_forInfer_merged_ntuple	qcd	qcd	root://cceos.ihep.ac.cn:1094	/eos/ihep/cms/store/user/coli/datasets/hh4b/inference/QCD_DelphesHH4JTrig_forInfer_merged_ntuple/QCD_DelphesHH4JTrig_forInfer_ntuple_mergeid128.root	963892408	0aaf934b	47	high_score_tail_stability_v1	track_b_phase3_multifile_v1_20260806	3	64	2048	True		59	59	False	released_sophon_ensemble	40J7I_R1_v1	HH4b_released_three_model_ensemble	43c7fb9b0860c0f37953a1636b1f1b73fcc320da585d4a446cb45a31a14fdec0	ff90137a4c919f0a07d47cbfb21ead3688ee49856d98a0ff16bbbaa7058eb735	9b0412c8cce16f4684910207ed3b82a1bfb6b74891c554bba1f1c3b4f9347b86	1de0398cb1116200e1ead26886dfc0d6f1c15579dab82ad689c68690509dc449	0.17261248204886215	0.8221047520637512	0.00528284115716815	0.21567675111919016	0.75422602891922	0.0300973542034626	0.09176699543399991	0.9016359448432922	0.006597031373530626	0.16001874286735074	0.8259889086087545	0.013992408911387125	136	63	True	False	[1.0]	blocked_pending_author_clarification	
9b1839ada02583d25a48adeed962cdd198f042fa197993877ce8e937e5b369bf	Track B	QCD_DelphesHH4JTrig_forInfer_merged_ntuple	qcd	qcd	root://cceos.ihep.ac.cn:1094	/eos/ihep/cms/store/user/coli/datasets/hh4b/inference/QCD_DelphesHH4JTrig_forInfer_merged_ntuple/QCD_DelphesHH4JTrig_forInfer_ntuple_mergeid128.root	963892408	0aaf934b	48	high_score_tail_stability_v1	track_b_phase3_multifile_v1_20260806	3	64	2048	True		138	138	False	released_sophon_ensemble	40J7I_R1_v1	HH4b_released_three_model_ensemble	43c7fb9b0860c0f37953a1636b1f1b73fcc320da585d4a446cb45a31a14fdec0	ff90137a4c919f0a07d47cbfb21ead3688ee49856d98a0ff16bbbaa7058eb735	9b0412c8cce16f4684910207ed3b82a1bfb6b74891c554bba1f1c3b4f9347b86	1de0398cb1116200e1ead26886dfc0d6f1c15579dab82ad689c68690509dc449	0.000886907549102034	0.9990900754928589	2.2869908207212575e-05	0.0004367543776737648	0.9995467066764832	1.6489742847625166e-05	0.0002827624439198928	0.9996700286865234	4.7232548240572214e-05	0.0005354747902318971	0.9994356036186218	2.886406643180332e-05	136	60	True	False	[1.0]	blocked_pending_author_clarification	
6287736de34afdeccc77b9c6db274d1b2375aac5ea25bbc9039b6dee11f4c411	Track B	QCD_DelphesHH4JTrig_forInfer_merged_ntuple	qcd	qcd	root://cceos.ihep.ac.cn:1094	/eos/ihep/cms/store/user/coli/datasets/hh4b/inference/QCD_DelphesHH4JTrig_forInfer_merged_ntuple/QCD_DelphesHH4JTrig_forInfer_ntuple_mergeid128.root	963892408	0aaf934b	49	high_score_tail_stability_v1	track_b_phase3_multifile_v1_20260806	3	64	2048	True		134	134	False	released_sophon_ensemble	40J7I_R1_v1	HH4b_released_three_model_ensemble	43c7fb9b0860c0f37953a1636b1f1b73fcc320da585d4a446cb45a31a14fdec0	ff90137a4c919f0a07d47cbfb21ead3688ee49856d98a0ff16bbbaa7058eb735	9b0412c8cce16f4684910207ed3b82a1bfb6b74891c554bba1f1c3b4f9347b86	1de0398cb1116200e1ead26886dfc0d6f1c15579dab82ad689c68690509dc449	0.0172723010127811	0.9825425148010254	0.0001851224369602278	0.02634908105892464	0.9735614061355591	8.971903298515826e-05	0.01986611234178781	0.9799893498420715	0.0001445244997739792	0.021162498137831186	0.9786977569262186	0.00013978865657312176	136	73	True	False	[1.0]	blocked_pending_author_clarification	
e21fee0b4c37af692101bc84ef8651ec79d51f8e6bef86adaf42120122ffe83d	Track B	QCD_DelphesHH4JTrig_forInfer_merged_ntuple	qcd	qcd	root://cceos.ihep.ac.cn:1094	/eos/ihep/cms/store/user/coli/datasets/hh4b/inference/QCD_DelphesHH4JTrig_forInfer_merged_ntuple/QCD_DelphesHH4JTrig_forInfer_ntuple_mergeid128.root	963892408	0aaf934b	50	high_score_tail_stability_v1	track_b_phase3_multifile_v1_20260806	3	64	2048	True		93	93	False	released_sophon_ensemble	40J7I_R1_v1	HH4b_released_three_model_ensemble	43c7fb9b0860c0f37953a1636b1f1b73fcc320da585d4a446cb45a31a14fdec0	ff90137a4c919f0a07d47cbfb21ead3688ee49856d98a0ff16bbbaa7058eb735	9b0412c8cce16f4684910207ed3b82a1bfb6b74891c554bba1f1c3b4f9347b86	1de0398cb1116200e1ead26886dfc0d6f1c15579dab82ad689c68690509dc449	0.0015209131919959873	0.9984579086303711	2.1132322217454202e-05	0.00014640131233178977	0.9998515844345093	1.9888498172804248e-06	0.0014132514998550505	0.998571515083313	1.5186362361419015e-05	0.001026855334727609	0.9989603360493978	1.2769178132051215e-05	136	43	True	False	[1.0]	blocked_pending_author_clarification	
6739c7aeedaadd6267b1c40dd693ee3aa4e881c0367c3608043456e9f386c02e	Track B	QCD_DelphesHH4JTrig_forInfer_merged_ntuple	qcd	qcd	root://cceos.ihep.ac.cn:1094	/eos/ihep/cms/store/user/coli/datasets/hh4b/inference/QCD_DelphesHH4JTrig_forInfer_merged_ntuple/QCD_DelphesHH4JTrig_forInfer_ntuple_mergeid128.root	963892408	0aaf934b	51	high_score_tail_stability_v1	track_b_phase3_multifile_v1_20260806	3	64	2048	True		135	135	False	released_sophon_ensemble	40J7I_R1_v1	HH4b_released_three_model_ensemble	43c7fb9b0860c0f37953a1636b1f1b73fcc320da585d4a446cb45a31a14fdec0	ff90137a4c919f0a07d47cbfb21ead3688ee49856d98a0ff16bbbaa7058eb735	9b0412c8cce16f4684910207ed3b82a1bfb6b74891c554bba1f1c3b4f9347b86	1de0398cb1116200e1ead26886dfc0d6f1c15579dab82ad689c68690509dc449	2.447333367183724e-05	0.9999070167541504	6.849117926321924e-05	1.1884259287053833e-05	0.9999405145645142	4.7602665290469304e-05	4.448484841212963e-06	0.9999760389328003	1.9415760107222013e-05	1.3602025933368012e-05	0.9999411900838217	4.516986822030352e-05	136	129	True	False	[1.0]	blocked_pending_author_clarification	
f3d4fce2f4c0b1c9cc8fbdb9694d28a28bf45b225548100f45ad85bb4defa3a8	Track B	QCD_DelphesHH4JTrig_forInfer_merged_ntuple	qcd	qcd	root://cceos.ihep.ac.cn:1094	/eos/ihep/cms/store/user/coli/datasets/hh4b/inference/QCD_DelphesHH4JTrig_forInfer_merged_ntuple/QCD_DelphesHH4JTrig_forInfer_ntuple_mergeid128.root	963892408	0aaf934b	52	high_score_tail_stability_v1	track_b_phase3_multifile_v1_20260806	3	64	2048	True		136	136	False	released_sophon_ensemble	40J7I_R1_v1	HH4b_released_three_model_ensemble	43c7fb9b0860c0f37953a1636b1f1b73fcc320da585d4a446cb45a31a14fdec0	ff90137a4c919f0a07d47cbfb21ead3688ee49856d98a0ff16bbbaa7058eb735	9b0412c8cce16f4684910207ed3b82a1bfb6b74891c554bba1f1c3b4f9347b86	1de0398cb1116200e1ead26886dfc0d6f1c15579dab82ad689c68690509dc449	1.0632873975069401e-05	0.999437153339386	0.0005521642742678523	1.060671973007743e-05	0.9999101161956787	7.917758193798363e-05	5.933829434923155e-06	0.9998098015785217	0.00018422403081785887	9.057807713356661e-06	0.9997190237045288	0.00027185529567456496	136	15	True	False	[1.0]	blocked_pending_author_clarification	
ac8a3e6228e2f3aade8480c32633d1bd4427b155db4d86133d9688269b5ff145	Track B	QCD_DelphesHH4JTrig_forInfer_merged_ntuple	qcd	qcd	root://cceos.ihep.ac.cn:1094	/eos/ihep/cms/store/user/coli/datasets/hh4b/inference/QCD_DelphesHH4JTrig_forInfer_merged_ntuple/QCD_DelphesHH4JTrig_forInfer_ntuple_mergeid128.root	963892408	0aaf934b	53	high_score_tail_stability_v1	track_b_phase3_multifile_v1_20260806	3	64	2048	True		110	110	False	released_sophon_ensemble	40J7I_R1_v1	HH4b_released_three_model_ensemble	43c7fb9b0860c0f37953a1636b1f1b73fcc320da585d4a446cb45a31a14fdec0	ff90137a4c919f0a07d47cbfb21ead3688ee49856d98a0ff16bbbaa7058eb735	9b0412c8cce16f4684910207ed3b82a1bfb6b74891c554bba1f1c3b4f9347b86	1de0398cb1116200e1ead26886dfc0d6f1c15579dab82ad689c68690509dc449	5.016396858703587e-05	0.9998724460601807	7.734376413282007e-05	2.554356378281497e-05	0.999922513961792	5.199009319767356e-05	3.520407162138639e-05	0.9998712539672852	9.350350592285395e-05	3.6970534663745745e-05	0.9998887379964193	7.427912108444919e-05	136	90	True	False	[1.0]	blocked_pending_author_clarification	
ba8fece227acadd6e1ba8c988bfa60342c5b70f4d331551866d1a495844b8137	Track B	QCD_DelphesHH4JTrig_forInfer_merged_ntuple	qcd	qcd	root://cceos.ihep.ac.cn:1094	/eos/ihep/cms/store/user/coli/datasets/hh4b/inference/QCD_DelphesHH4JTrig_forInfer_merged_ntuple/QCD_DelphesHH4JTrig_forInfer_ntuple_mergeid128.root	963892408	0aaf934b	54	high_score_tail_stability_v1	track_b_phase3_multifile_v1_20260806	3	64	2048	True		132	132	False	released_sophon_ensemble	40J7I_R1_v1	HH4b_released_three_model_ensemble	43c7fb9b0860c0f37953a1636b1f1b73fcc320da585d4a446cb45a31a14fdec0	ff90137a4c919f0a07d47cbfb21ead3688ee49856d98a0ff16bbbaa7058eb735	9b0412c8cce16f4684910207ed3b82a1bfb6b74891c554bba1f1c3b4f9347b86	1de0398cb1116200e1ead26886dfc0d6f1c15579dab82ad689c68690509dc449	0.0354083930624256	0.9628461003303528	0.0017456833738833666	0.022908094468220952	0.9763166308403015	0.0007752385572530329	0.013857570607569869	0.9848117828369141	0.0013307109475135803	0.024058019379405472	0.9746581713358561	0.00128387762621666	136	57	True	True	[1.0]	blocked_pending_author_clarification	
b8f9e4449be6d9175ca813fb7684f315d842822979d4c5c1203dcbc6bbd17bcf	Track B	QCD_DelphesHH4JTrig_forInfer_merged_ntuple	qcd	qcd	root://cceos.ihep.ac.cn:1094	/eos/ihep/cms/store/user/coli/datasets/hh4b/inference/QCD_DelphesHH4JTrig_forInfer_merged_ntuple/QCD_DelphesHH4JTrig_forInfer_ntuple_mergeid128.root	963892408	0aaf934b	55	high_score_tail_stability_v1	track_b_phase3_multifile_v1_20260806	3	64	2048	True		152	152	False	released_sophon_ensemble	40J7I_R1_v1	HH4b_released_three_model_ensemble	43c7fb9b0860c0f37953a1636b1f1b73fcc320da585d4a446cb45a31a14fdec0	ff90137a4c919f0a07d47cbfb21ead3688ee49856d98a0ff16bbbaa7058eb735	9b0412c8cce16f4684910207ed3b82a1bfb6b74891c554bba1f1c3b4f9347b86	1de0398cb1116200e1ead26886dfc0d6f1c15579dab82ad689c68690509dc449	0.009889112480323092	0.9758759140968323	0.014235001988708973	0.010872994394503621	0.9819802045822144	0.007146800402551889	0.016823548235151975	0.9718598127365112	0.0113166319206357	0.01252855170332623	0.9765719771385193	0.01089947810396552	136	109	True	False	[1.0]	blocked_pending_author_clarification	
9432fa2e4c38d13b5d978da8688595ae9fcb17d760f31abd53f7bf760cb3e9f5	Track B	QCD_DelphesHH4JTrig_forInfer_merged_ntuple	qcd	qcd	root://cceos.ihep.ac.cn:1094	/eos/ihep/cms/store/user/coli/datasets/hh4b/inference/QCD_DelphesHH4JTrig_forInfer_merged_ntuple/QCD_DelphesHH4JTrig_forInfer_ntuple_mergeid128.root	963892408	0aaf934b	56	high_score_tail_stability_v1	track_b_phase3_multifile_v1_20260806	3	64	2048	True		102	102	False	released_sophon_ensemble	40J7I_R1_v1	HH4b_released_three_model_ensemble	43c7fb9b0860c0f37953a1636b1f1b73fcc320da585d4a446cb45a31a14fdec0	ff90137a4c919f0a07d47cbfb21ead3688ee49856d98a0ff16bbbaa7058eb735	9b0412c8cce16f4684910207ed3b82a1bfb6b74891c554bba1f1c3b4f9347b86	1de0398cb1116200e1ead26886dfc0d6f1c15579dab82ad689c68690509dc449	0.01913189579772734	0.9807048439979553	0.00016330955259036273	0.024639634657432907	0.9752371907234192	0.00012321581016294658	0.013808617242830223	0.9858808517456055	0.0003105673531536013	0.019193382565996824	0.9806076288223267	0.00019903090530230352	136	57	True	True	[1.0]	blocked_pending_author_clarification	
ab35ec68020d11bb2d6534ec9b972ff7dd14176a2c2d774ed088ab6bf908005d	Track B	QCD_DelphesHH4JTrig_forInfer_merged_ntuple	qcd	qcd	root://cceos.ihep.ac.cn:1094	/eos/ihep/cms/store/user/coli/datasets/hh4b/inference/QCD_DelphesHH4JTrig_forInfer_merged_ntuple/QCD_DelphesHH4JTrig_forInfer_ntuple_mergeid128.root	963892408	0aaf934b	57	high_score_tail_stability_v1	track_b_phase3_multifile_v1_20260806	3	64	2048	True		121	121	False	released_sophon_ensemble	40J7I_R1_v1	HH4b_released_three_model_ensemble	43c7fb9b0860c0f37953a1636b1f1b73fcc320da585d4a446cb45a31a14fdec0	ff90137a4c919f0a07d47cbfb21ead3688ee49856d98a0ff16bbbaa7058eb735	9b0412c8cce16f4684910207ed3b82a1bfb6b74891c554bba1f1c3b4f9347b86	1de0398cb1116200e1ead26886dfc0d6f1c15579dab82ad689c68690509dc449	0.002714025217528615	0.9972014427185059	8.454546332359314e-05	0.0021149861886442523	0.9977571368217468	0.00012792993220500648	0.002620455841679359	0.9972954392433167	8.411775343120098e-05	0.0024831557492840757	0.9974180062611898	9.88643829866002e-05	136	10	True	False	[1.0]	blocked_pending_author_clarification	
ed7f3c6b84b5bae94edab8a88945eabe54d9d54cd0b34b13b99fb03ee9964efb	Track B	QCD_DelphesHH4JTrig_forInfer_merged_ntuple	qcd	qcd	root://cceos.ihep.ac.cn:1094	/eos/ihep/cms/store/user/coli/datasets/hh4b/inference/QCD_DelphesHH4JTrig_forInfer_merged_ntuple/QCD_DelphesHH4JTrig_forInfer_ntuple_mergeid128.root	963892408	0aaf934b	58	high_score_tail_stability_v1	track_b_phase3_multifile_v1_20260806	3	64	2048	True		119	119	False	released_sophon_ensemble	40J7I_R1_v1	HH4b_released_three_model_ensemble	43c7fb9b0860c0f37953a1636b1f1b73fcc320da585d4a446cb45a31a14fdec0	ff90137a4c919f0a07d47cbfb21ead3688ee49856d98a0ff16bbbaa7058eb735	9b0412c8cce16f4684910207ed3b82a1bfb6b74891c554bba1f1c3b4f9347b86	1de0398cb1116200e1ead26886dfc0d6f1c15579dab82ad689c68690509dc449	0.0007867699152939167	0.9992043375968933	8.894868187780958e-06	0.0006715424761978284	0.999321699142456	6.787108759453986e-06	0.0006142661341641542	0.9993798732757568	5.753496225224808e-06	0.0006908595085519664	0.9993019700050354	7.1451577241532505e-06	136	15	True	True	[1.0]	blocked_pending_author_clarification	
67c5d2701f4cf362865ef48447285dd8df3b399248aa80bd2df8564889fcfa05	Track B	QCD_DelphesHH4JTrig_forInfer_merged_ntuple	qcd	qcd	root://cceos.ihep.ac.cn:1094	/eos/ihep/cms/store/user/coli/datasets/hh4b/inference/QCD_DelphesHH4JTrig_forInfer_merged_ntuple/QCD_DelphesHH4JTrig_forInfer_ntuple_mergeid128.root	963892408	0aaf934b	59	high_score_tail_stability_v1	track_b_phase3_multifile_v1_20260806	3	64	2048	True		148	148	False	released_sophon_ensemble	40J7I_R1_v1	HH4b_released_three_model_ensemble	43c7fb9b0860c0f37953a1636b1f1b73fcc320da585d4a446cb45a31a14fdec0	ff90137a4c919f0a07d47cbfb21ead3688ee49856d98a0ff16bbbaa7058eb735	9b0412c8cce16f4684910207ed3b82a1bfb6b74891c554bba1f1c3b4f9347b86	1de0398cb1116200e1ead26886dfc0d6f1c15579dab82ad689c68690509dc449	0.06542952480594977	0.40361279249191284	0.5309576392173767	0.08284263118548552	0.6842992305755615	0.23285816609859467	0.06930166285201267	0.6416028141975403	0.2890954315662384	0.07252460628114932	0.5765049457550049	0.35097041229406994	136	41	False	False	[1.0]	blocked_pending_author_clarification	
5253ac1c1826b394241e5e8ba5545de608c803bbfb110330ba22e7f16e405a53	Track B	QCD_DelphesHH4JTrig_forInfer_merged_ntuple	qcd	qcd	root://cceos.ihep.ac.cn:1094	/eos/ihep/cms/store/user/coli/datasets/hh4b/inference/QCD_DelphesHH4JTrig_forInfer_merged_ntuple/QCD_DelphesHH4JTrig_forInfer_ntuple_mergeid128.root	963892408	0aaf934b	60	high_score_tail_stability_v1	track_b_phase3_multifile_v1_20260806	3	64	2048	True		139	139	False	released_sophon_ensemble	40J7I_R1_v1	HH4b_released_three_model_ensemble	43c7fb9b0860c0f37953a1636b1f1b73fcc320da585d4a446cb45a31a14fdec0	ff90137a4c919f0a07d47cbfb21ead3688ee49856d98a0ff16bbbaa7058eb735	9b0412c8cce16f4684910207ed3b82a1bfb6b74891c554bba1f1c3b4f9347b86	1de0398cb1116200e1ead26886dfc0d6f1c15579dab82ad689c68690509dc449	2.753276173628194e-05	0.9999598264694214	1.2765460269292817e-05	8.284727807694736e-05	0.9998769760131836	4.015963349957019e-05	0.00010039369876757576	0.9996706247329712	0.00022900194744579494	7.025791286026836e-05	0.9998358090718588	9.397568040488598e-05	136	99	True	False	[1.0]	blocked_pending_author_clarification	
ea08819c746e6e96d893adeda3929f51ab89e5558a63b1317f6253bf955e21e0	Track B	QCD_DelphesHH4JTrig_forInfer_merged_ntuple	qcd	qcd	root://cceos.ihep.ac.cn:1094	/eos/ihep/cms/store/user/coli/datasets/hh4b/inference/QCD_DelphesHH4JTrig_forInfer_merged_ntuple/QCD_DelphesHH4JTrig_forInfer_ntuple_mergeid128.root	963892408	0aaf934b	61	high_score_tail_stability_v1	track_b_phase3_multifile_v1_20260806	3	64	2048	True		101	101	False	released_sophon_ensemble	40J7I_R1_v1	HH4b_released_three_model_ensemble	43c7fb9b0860c0f37953a1636b1f1b73fcc320da585d4a446cb45a31a14fdec0	ff90137a4c919f0a07d47cbfb21ead3688ee49856d98a0ff16bbbaa7058eb735	9b0412c8cce16f4684910207ed3b82a1bfb6b74891c554bba1f1c3b4f9347b86	1de0398cb1116200e1ead26886dfc0d6f1c15579dab82ad689c68690509dc449	0.0005473715536084001	0.9988425374031067	0.0006102090701460838	0.0015025703362425702	0.9968212842941284	0.001676112413406372	0.0010866980297237205	0.9983131885528564	0.0006000318098813295	0.0010455466398582303	0.9979923367500305	0.0009621177644779285	136	80	True	False	[1.0]	blocked_pending_author_clarification	
a8958feaf695ad03bf433c82ee34f52b1d259aa14bcf0ee3c730fb2074491289	Track B	QCD_DelphesHH4JTrig_forInfer_merged_ntuple	qcd	qcd	root://cceos.ihep.ac.cn:1094	/eos/ihep/cms/store/user/coli/datasets/hh4b/inference/QCD_DelphesHH4JTrig_forInfer_merged_ntuple/QCD_DelphesHH4JTrig_forInfer_ntuple_mergeid128.root	963892408	0aaf934b	62	high_score_tail_stability_v1	track_b_phase3_multifile_v1_20260806	3	64	2048	True		77	77	False	released_sophon_ensemble	40J7I_R1_v1	HH4b_released_three_model_ensemble	43c7fb9b0860c0f37953a1636b1f1b73fcc320da585d4a446cb45a31a14fdec0	ff90137a4c919f0a07d47cbfb21ead3688ee49856d98a0ff16bbbaa7058eb735	9b0412c8cce16f4684910207ed3b82a1bfb6b74891c554bba1f1c3b4f9347b86	1de0398cb1116200e1ead26886dfc0d6f1c15579dab82ad689c68690509dc449	0.02733369828592913	0.9725832343101501	8.30461285659112e-05	0.013239445235683434	0.9867261648178101	3.4451240935595706e-05	0.017606592999584336	0.9823172092437744	7.618330710101873e-05	0.019393245507065632	0.9805422027905782	6.456022553417522e-05	136	92	True	False	[1.0]	blocked_pending_author_clarification	
ff2a401306c7c2172646c186fa99370f64efe77ec731022dd2bdf77bf5a040c3	Track B	QCD_DelphesHH4JTrig_forInfer_merged_ntuple	qcd	qcd	root://cceos.ihep.ac.cn:1094	/eos/ihep/cms/store/user/coli/datasets/hh4b/inference/QCD_DelphesHH4JTrig_forInfer_merged_ntuple/QCD_DelphesHH4JTrig_forInfer_ntuple_mergeid128.root	963892408	0aaf934b	63	high_score_tail_stability_v1	track_b_phase3_multifile_v1_20260806	3	64	2048	True		132	132	False	released_sophon_ensemble	40J7I_R1_v1	HH4b_released_three_model_ensemble	43c7fb9b0860c0f37953a1636b1f1b73fcc320da585d4a446cb45a31a14fdec0	ff90137a4c919f0a07d47cbfb21ead3688ee49856d98a0ff16bbbaa7058eb735	9b0412c8cce16f4684910207ed3b82a1bfb6b74891c554bba1f1c3b4f9347b86	1de0398cb1116200e1ead26886dfc0d6f1c15579dab82ad689c68690509dc449	0.005196427928751746	0.9947060942649841	9.751615289133042e-05	0.0052656789531511095	0.9946428537368774	9.140656038653105e-05	0.0037940615405318567	0.9960467219352722	0.00015916353731881827	0.00475205614081157	0.9951318899790446	0.00011602875019889325	136	129	True	False	[1.0]	blocked_pending_author_clarification	
96723783b972e55d74a72b714bd126bca18b180b8ce367753ef7eb56088d0cd3	Track B	TTbar_forInfer_ntuple	ttbar	ttbar	root://cceos.ihep.ac.cn:1094	/eos/ihep/cms/store/user/coli/datasets/hh4b/inference/TTbar_forInfer_ntuple/selected_ntuples_0037.root	1354590819	e98b74b9	0	high_score_tail_stability_v1	track_b_phase3_multifile_v1_20260806	4	64	2048	True		160	160	False	released_sophon_ensemble	40J7I_R1_v1	HH4b_released_three_model_ensemble	43c7fb9b0860c0f37953a1636b1f1b73fcc320da585d4a446cb45a31a14fdec0	ff90137a4c919f0a07d47cbfb21ead3688ee49856d98a0ff16bbbaa7058eb735	9b0412c8cce16f4684910207ed3b82a1bfb6b74891c554bba1f1c3b4f9347b86	1de0398cb1116200e1ead26886dfc0d6f1c15579dab82ad689c68690509dc449	0.006886915030236196	0.034743450582027435	0.9583696722984314	0.0006935060462538445	0.0040685683488845825	0.9952378273010254	0.00014880429588082222	0.0006329500465653837	0.999218225479126	0.002576408457456954	0.013148322992492467	0.984275241692861	137	30	True	False	[813.982421875,0.08139824867248535]	blocked_pending_author_clarification	
ddcb0c9b9cb96477b9c467d10fb34731c1afb184abf4a448ff5d6aea88fe050d	Track B	TTbar_forInfer_ntuple	ttbar	ttbar	root://cceos.ihep.ac.cn:1094	/eos/ihep/cms/store/user/coli/datasets/hh4b/inference/TTbar_forInfer_ntuple/selected_ntuples_0037.root	1354590819	e98b74b9	1	high_score_tail_stability_v1	track_b_phase3_multifile_v1_20260806	4	64	2048	True		135	135	False	released_sophon_ensemble	40J7I_R1_v1	HH4b_released_three_model_ensemble	43c7fb9b0860c0f37953a1636b1f1b73fcc320da585d4a446cb45a31a14fdec0	ff90137a4c919f0a07d47cbfb21ead3688ee49856d98a0ff16bbbaa7058eb735	9b0412c8cce16f4684910207ed3b82a1bfb6b74891c554bba1f1c3b4f9347b86	1de0398cb1116200e1ead26886dfc0d6f1c15579dab82ad689c68690509dc449	4.625650727088648e-05	0.00016665461589582264	0.9997871518135071	3.91691460864263e-05	0.00011566030298126861	0.9998451471328735	7.563538050409102e-05	0.0001623957941774279	0.9997619986534119	5.368701128713461e-05	0.00014823690435150638	0.9997980991999308	137	134	True	False	[813.982421875,0.08139824867248535]	blocked_pending_author_clarification	
27c461606e777a45897da465c646bce878ca07e288d97dcd8c94ac8367060259	Track B	TTbar_forInfer_ntuple	ttbar	ttbar	root://cceos.ihep.ac.cn:1094	/eos/ihep/cms/store/user/coli/datasets/hh4b/inference/TTbar_forInfer_ntuple/selected_ntuples_0037.root	1354590819	e98b74b9	2	high_score_tail_stability_v1	track_b_phase3_multifile_v1_20260806	4	64	2048	True		112	112	False	released_sophon_ensemble	40J7I_R1_v1	HH4b_released_three_model_ensemble	43c7fb9b0860c0f37953a1636b1f1b73fcc320da585d4a446cb45a31a14fdec0	ff90137a4c919f0a07d47cbfb21ead3688ee49856d98a0ff16bbbaa7058eb735	9b0412c8cce16f4684910207ed3b82a1bfb6b74891c554bba1f1c3b4f9347b86	1de0398cb1116200e1ead26886dfc0d6f1c15579dab82ad689c68690509dc449	8.958674699546115e-06	3.59090641666171e-08	0.9999910593032837	9.301614811482728e-06	7.93419658862149e-08	0.9999905824661255	2.940476720385927e-06	6.817642450585026e-09	0.9999970197677612	7.066922077138257e-06	4.0689557501139006e-08	0.9999928871790568	137	122	True	False	[813.982421875,0.08139824867248535]	blocked_pending_author_clarification	
8b12e7345c3a8d64db340ac1cac970e59010b82228ea74def16cbeede21ee35c	Track B	TTbar_forInfer_ntuple	ttbar	ttbar	root://cceos.ihep.ac.cn:1094	/eos/ihep/cms/store/user/coli/datasets/hh4b/inference/TTbar_forInfer_ntuple/selected_ntuples_0037.root	1354590819	e98b74b9	3	high_score_tail_stability_v1	track_b_phase3_multifile_v1_20260806	4	64	2048	True		91	91	False	released_sophon_ensemble	40J7I_R1_v1	HH4b_released_three_model_ensemble	43c7fb9b0860c0f37953a1636b1f1b73fcc320da585d4a446cb45a31a14fdec0	ff90137a4c919f0a07d47cbfb21ead3688ee49856d98a0ff16bbbaa7058eb735	9b0412c8cce16f4684910207ed3b82a1bfb6b74891c554bba1f1c3b4f9347b86	1de0398cb1116200e1ead26886dfc0d6f1c15579dab82ad689c68690509dc449	1.6074377642595074e-06	4.039981860159969e-08	0.9999983310699463	1.7902619198058257e-06	4.2601747907156096e-08	0.9999982118606567	1.1137898511973468e-06	2.121864284276853e-08	0.999998927116394	1.5038298450875602e-06	3.474006978384144e-08	0.9999984900156657	137	128	True	False	[813.982421875,0.08139824867248535]	blocked_pending_author_clarification	
506e6ef8489cf101001b27354c09e361eeb88422cb2885e8c40b0a9f6bf88cf3	Track B	TTbar_forInfer_ntuple	ttbar	ttbar	root://cceos.ihep.ac.cn:1094	/eos/ihep/cms/store/user/coli/datasets/hh4b/inference/TTbar_forInfer_ntuple/selected_ntuples_0037.root	1354590819	e98b74b9	4	high_score_tail_stability_v1	track_b_phase3_multifile_v1_20260806	4	64	2048	True		127	127	False	released_sophon_ensemble	40J7I_R1_v1	HH4b_released_three_model_ensemble	43c7fb9b0860c0f37953a1636b1f1b73fcc320da585d4a446cb45a31a14fdec0	ff90137a4c919f0a07d47cbfb21ead3688ee49856d98a0ff16bbbaa7058eb735	9b0412c8cce16f4684910207ed3b82a1bfb6b74891c554bba1f1c3b4f9347b86	1de0398cb1116200e1ead26886dfc0d6f1c15579dab82ad689c68690509dc449	0.13605294712033356	0.2068859338760376	0.6570612192153931	0.18543239345308393	0.2250123769044876	0.5895552039146423	0.1452138812528574	0.2067306786775589	0.648055374622345	0.15556640727542495	0.21287632981936136	0.6315572659174601	137	13	True	False	[813.982421875,0.08139824867248535]	blocked_pending_author_clarification	
d264adfa813839c63b977de71483fb10328cdf91f3cd74612f54d7489f687b1f	Track B	TTbar_forInfer_ntuple	ttbar	ttbar	root://cceos.ihep.ac.cn:1094	/eos/ihep/cms/store/user/coli/datasets/hh4b/inference/TTbar_forInfer_ntuple/selected_ntuples_0037.root	1354590819	e98b74b9	5	high_score_tail_stability_v1	track_b_phase3_multifile_v1_20260806	4	64	2048	True		64	64	False	released_sophon_ensemble	40J7I_R1_v1	HH4b_released_three_model_ensemble	43c7fb9b0860c0f37953a1636b1f1b73fcc320da585d4a446cb45a31a14fdec0	ff90137a4c919f0a07d47cbfb21ead3688ee49856d98a0ff16bbbaa7058eb735	9b0412c8cce16f4684910207ed3b82a1bfb6b74891c554bba1f1c3b4f9347b86	1de0398cb1116200e1ead26886dfc0d6f1c15579dab82ad689c68690509dc449	3.94748646674474e-12	2.4864105999805597e-13	1.0	1.2258718765478853e-12	1.554557874029923e-14	1.0	1.560397681814359e-11	2.8040280600910572e-12	1.0	6.9257783871454056e-12	1.0227382329431375e-12	1.0	137	114	True	False	[813.982421875,0.08139824867248535]	blocked_pending_author_clarification	
9a32464f2f77bde274021ef7e41fb08e198b9bdd39be5ab96e6b0d18c5f391a6	Track B	TTbar_forInfer_ntuple	ttbar	ttbar	root://cceos.ihep.ac.cn:1094	/eos/ihep/cms/store/user/coli/datasets/hh4b/inference/TTbar_forInfer_ntuple/selected_ntuples_0037.root	1354590819	e98b74b9	6	high_score_tail_stability_v1	track_b_phase3_multifile_v1_20260806	4	64	2048	True		121	121	False	released_sophon_ensemble	40J7I_R1_v1	HH4b_released_three_model_ensemble	43c7fb9b0860c0f37953a1636b1f1b73fcc320da585d4a446cb45a31a14fdec0	ff90137a4c919f0a07d47cbfb21ead3688ee49856d98a0ff16bbbaa7058eb735	9b0412c8cce16f4684910207ed3b82a1bfb6b74891c554bba1f1c3b4f9347b86	1de0398cb1116200e1ead26886dfc0d6f1c15579dab82ad689c68690509dc449	8.047616672179908e-11	4.078988449091048e-12	1.0	3.823046026999316e-11	8.138643296622117e-13	1.0	1.2128285502142968e-10	1.8983654925808224e-11	1.0	7.99964940044073e-11	7.958835901520495e-12	1.0	137	114	True	False	[813.982421875,0.08139824867248535]	blocked_pending_author_clarification	
21bf2a7f05541195b047bac0648f753d79cdf64fa5d588e7cd54a84723f55fe1	Track B	TTbar_forInfer_ntuple	ttbar	ttbar	root://cceos.ihep.ac.cn:1094	/eos/ihep/cms/store/user/coli/datasets/hh4b/inference/TTbar_forInfer_ntuple/selected_ntuples_0037.root	1354590819	e98b74b9	7	high_score_tail_stability_v1	track_b_phase3_multifile_v1_20260806	4	64	2048	True		199	199	False	released_sophon_ensemble	40J7I_R1_v1	HH4b_released_three_model_ensemble	43c7fb9b0860c0f37953a1636b1f1b73fcc320da585d4a446cb45a31a14fdec0	ff90137a4c919f0a07d47cbfb21ead3688ee49856d98a0ff16bbbaa7058eb735	9b0412c8cce16f4684910207ed3b82a1bfb6b74891c554bba1f1c3b4f9347b86	1de0398cb1116200e1ead26886dfc0d6f1c15579dab82ad689c68690509dc449	0.028539207014546264	0.013400117866694927	0.9580606818199158	0.031418356307995055	0.010396071709692478	0.9581855535507202	0.020413143884638885	0.01953238993883133	0.9600543975830078	0.026790235735726732	0.014442859838406244	0.9587668776512146	137	116	True	False	[813.982421875,0.08139824867248535]	blocked_pending_author_clarification	
e0cad3e1f362ca3b932bd031cec6ce068c1c615cfcfce8db491147f0696071b6	Track B	TTbar_forInfer_ntuple	ttbar	ttbar	root://cceos.ihep.ac.cn:1094	/eos/ihep/cms/store/user/coli/datasets/hh4b/inference/TTbar_forInfer_ntuple/selected_ntuples_0037.root	1354590819	e98b74b9	8	high_score_tail_stability_v1	track_b_phase3_multifile_v1_20260806	4	64	2048	True		213	213	False	released_sophon_ensemble	40J7I_R1_v1	HH4b_released_three_model_ensemble	43c7fb9b0860c0f37953a1636b1f1b73fcc320da585d4a446cb45a31a14fdec0	ff90137a4c919f0a07d47cbfb21ead3688ee49856d98a0ff16bbbaa7058eb735	9b0412c8cce16f4684910207ed3b82a1bfb6b74891c554bba1f1c3b4f9347b86	1de0398cb1116200e1ead26886dfc0d6f1c15579dab82ad689c68690509dc449	0.30170523172682806	0.21693260967731476	0.48136210441589355	0.24462519912890457	0.08033986389636993	0.6750349402427673	0.17318090263620434	0.11966577172279358	0.7071532607078552	0.239837111163979	0.13897941509882608	0.621183435122172	137	87	True	False	[813.982421875,0.08139824867248535]	blocked_pending_author_clarification	
a7bbdfc2702cc0295b22d1ab39a241e0233ab6b12d0b8bea5f37edbe0e6423aa	Track B	TTbar_forInfer_ntuple	ttbar	ttbar	root://cceos.ihep.ac.cn:1094	/eos/ihep/cms/store/user/coli/datasets/hh4b/inference/TTbar_forInfer_ntuple/selected_ntuples_0037.root	1354590819	e98b74b9	9	high_score_tail_stability_v1	track_b_phase3_multifile_v1_20260806	4	64	2048	True		181	181	False	released_sophon_ensemble	40J7I_R1_v1	HH4b_released_three_model_ensemble	43c7fb9b0860c0f37953a1636b1f1b73fcc320da585d4a446cb45a31a14fdec0	ff90137a4c919f0a07d47cbfb21ead3688ee49856d98a0ff16bbbaa7058eb735	9b0412c8cce16f4684910207ed3b82a1bfb6b74891c554bba1f1c3b4f9347b86	1de0398cb1116200e1ead26886dfc0d6f1c15579dab82ad689c68690509dc449	0.10360640110411623	0.29888004064559937	0.5975135564804077	0.11663690763452905	0.2714022099971771	0.6119608879089355	0.10235760831528751	0.3770636320114136	0.5205786228179932	0.10753363901797758	0.31578196088473004	0.5766843557357788	137	77	True	True	[813.982421875,0.08139824867248535]	blocked_pending_author_clarification	
f849fbc777b149be5ee63934eab6ce21fb5023c18f75f590268f1d867c3b443d	Track B	TTbar_forInfer_ntuple	ttbar	ttbar	root://cceos.ihep.ac.cn:1094	/eos/ihep/cms/store/user/coli/datasets/hh4b/inference/TTbar_forInfer_ntuple/selected_ntuples_0037.root	1354590819	e98b74b9	10	high_score_tail_stability_v1	track_b_phase3_multifile_v1_20260806	4	64	2048	True		103	103	False	released_sophon_ensemble	40J7I_R1_v1	HH4b_released_three_model_ensemble	43c7fb9b0860c0f37953a1636b1f1b73fcc320da585d4a446cb45a31a14fdec0	ff90137a4c919f0a07d47cbfb21ead3688ee49856d98a0ff16bbbaa7058eb735	9b0412c8cce16f4684910207ed3b82a1bfb6b74891c554bba1f1c3b4f9347b86	1de0398cb1116200e1ead26886dfc0d6f1c15579dab82ad689c68690509dc449	1.1044605925953581e-12	4.747027085110454e-14	1.0	9.669392565301053e-14	6.103208021772583e-16	1.0	7.271110535920734e-12	1.977642225328702e-12	1.0	2.824088351389701e-12	6.752409389939945e-13	1.0	137	114	True	False	[813.982421875,0.08139824867248535]	blocked_pending_author_clarification	
22ddc0466afc373359482847f53ba114e5aecf1af55d7282801b466ab9072055	Track B	TTbar_forInfer_ntuple	ttbar	ttbar	root://cceos.ihep.ac.cn:1094	/eos/ihep/cms/store/user/coli/datasets/hh4b/inference/TTbar_forInfer_ntuple/selected_ntuples_0037.root	1354590819	e98b74b9	11	high_score_tail_stability_v1	track_b_phase3_multifile_v1_20260806	4	64	2048	True		103	103	False	released_sophon_ensemble	40J7I_R1_v1	HH4b_released_three_model_ensemble	43c7fb9b0860c0f37953a1636b1f1b73fcc320da585d4a446cb45a31a14fdec0	ff90137a4c919f0a07d47cbfb21ead3688ee49856d98a0ff16bbbaa7058eb735	9b0412c8cce16f4684910207ed3b82a1bfb6b74891c554bba1f1c3b4f9347b86	1de0398cb1116200e1ead26886dfc0d6f1c15579dab82ad689c68690509dc449	0.014212311647927134	0.001322669442743063	0.9844649434089661	0.01011262001687463	0.0005931427585892379	0.9892942905426025	0.011875320558563107	0.0006839668494649231	0.987440824508667	0.012066750741121623	0.000866593016932408	0.9870666861534119	137	112	True	True	[813.982421875,0.08139824867248535]	blocked_pending_author_clarification	
0024ad51614254998167c6a5c1c4870b85e71f8bd8c75828a7023d35c29acd2e	Track B	TTbar_forInfer_ntuple	ttbar	ttbar	root://cceos.ihep.ac.cn:1094	/eos/ihep/cms/store/user/coli/datasets/hh4b/inference/TTbar_forInfer_ntuple/selected_ntuples_0037.root	1354590819	e98b74b9	12	high_score_tail_stability_v1	track_b_phase3_multifile_v1_20260806	4	64	2048	True		142	142	False	released_sophon_ensemble	40J7I_R1_v1	HH4b_released_three_model_ensemble	43c7fb9b0860c0f37953a1636b1f1b73fcc320da585d4a446cb45a31a14fdec0	ff90137a4c919f0a07d47cbfb21ead3688ee49856d98a0ff16bbbaa7058eb735	9b0412c8cce16f4684910207ed3b82a1bfb6b74891c554bba1f1c3b4f9347b86	1de0398cb1116200e1ead26886dfc0d6f1c15579dab82ad689c68690509dc449	2.0353944272206517e-11	6.693171407737286e-13	1.0	1.3772738262063806e-11	1.3687594352211618e-13	1.0	1.1184764484174436e-10	1.1506353161938598e-11	1.0	4.865810912533822e-11	4.104182082078148e-12	1.0	137	114	True	False	[813.982421875,0.08139824867248535]	blocked_pending_author_clarification	
6cdd3c1ae0da9bf960a8bb87d2eda23de668745477cadaa3be4b79fe6fbb6888	Track B	TTbar_forInfer_ntuple	ttbar	ttbar	root://cceos.ihep.ac.cn:1094	/eos/ihep/cms/store/user/coli/datasets/hh4b/inference/TTbar_forInfer_ntuple/selected_ntuples_0037.root	1354590819	e98b74b9	13	high_score_tail_stability_v1	track_b_phase3_multifile_v1_20260806	4	64	2048	True		121	121	False	released_sophon_ensemble	40J7I_R1_v1	HH4b_released_three_model_ensemble	43c7fb9b0860c0f37953a1636b1f1b73fcc320da585d4a446cb45a31a14fdec0	ff90137a4c919f0a07d47cbfb21ead3688ee49856d98a0ff16bbbaa7058eb735	9b0412c8cce16f4684910207ed3b82a1bfb6b74891c554bba1f1c3b4f9347b86	1de0398cb1116200e1ead26886dfc0d6f1c15579dab82ad689c68690509dc449	0.02103882118376532	0.8440597057342529	0.13490144908428192	0.012633062605573286	0.634418785572052	0.3529481589794159	0.004067427281654545	0.5176739692687988	0.47825857996940613	0.012579770356997718	0.6653841535250345	0.3220360626777013	136	131	True	False	[813.982421875,0.08139824867248535]	blocked_pending_author_clarification	
49e963943aeeebac1420f1f83cec56df8eaa05a2c3f913f650a2a49be32c8135	Track B	TTbar_forInfer_ntuple	ttbar	ttbar	root://cceos.ihep.ac.cn:1094	/eos/ihep/cms/store/user/coli/datasets/hh4b/inference/TTbar_forInfer_ntuple/selected_ntuples_0037.root	1354590819	e98b74b9	14	high_score_tail_stability_v1	track_b_phase3_multifile_v1_20260806	4	64	2048	True		140	140	False	released_sophon_ensemble	40J7I_R1_v1	HH4b_released_three_model_ensemble	43c7fb9b0860c0f37953a1636b1f1b73fcc320da585d4a446cb45a31a14fdec0	ff90137a4c919f0a07d47cbfb21ead3688ee49856d98a0ff16bbbaa7058eb735	9b0412c8cce16f4684910207ed3b82a1bfb6b74891c554bba1f1c3b4f9347b86	1de0398cb1116200e1ead26886dfc0d6f1c15579dab82ad689c68690509dc449	4.001266519828455e-06	3.312856122761332e-08	0.9999960660934448	5.256232590973803e-06	6.462612134328083e-08	0.9999946355819702	2.992942118327786e-05	1.1677887812311383e-07	0.9999699592590332	1.3062306764693374e-05	7.151118689800266e-08	0.9999868869781494	137	134	True	False	[813.982421875,0.08139824867248535]	blocked_pending_author_clarification	
afbf7f6cd6544eb7f651ff40178912c867d395815ddd5812faa0e6ad64fd0627	Track B	TTbar_forInfer_ntuple	ttbar	ttbar	root://cceos.ihep.ac.cn:1094	/eos/ihep/cms/store/user/coli/datasets/hh4b/inference/TTbar_forInfer_ntuple/selected_ntuples_0037.root	1354590819	e98b74b9	15	high_score_tail_stability_v1	track_b_phase3_multifile_v1_20260806	4	64	2048	True		150	150	False	released_sophon_ensemble	40J7I_R1_v1	HH4b_released_three_model_ensemble	43c7fb9b0860c0f37953a1636b1f1b73fcc320da585d4a446cb45a31a14fdec0	ff90137a4c919f0a07d47cbfb21ead3688ee49856d98a0ff16bbbaa7058eb735	9b0412c8cce16f4684910207ed3b82a1bfb6b74891c554bba1f1c3b4f9347b86	1de0398cb1116200e1ead26886dfc0d6f1c15579dab82ad689c68690509dc449	8.431762061802928e-08	7.975521576497613e-09	1.0	1.6129675221624552e-07	9.96389815099974e-09	0.9999998807907104	3.2803007890121354e-07	2.662096498795563e-08	0.9999996423721313	1.9121481724516276e-07	1.4853461571817661e-08	0.9999998410542806	137	134	True	False	[813.982421875,0.08139824867248535]	blocked_pending_author_clarification	
1930cd54f7f4c128cce7389b9ee972ff0a3ba9bb4b80734b99b89218b3271fd8	Track B	TTbar_forInfer_ntuple	ttbar	ttbar	root://cceos.ihep.ac.cn:1094	/eos/ihep/cms/store/user/coli/datasets/hh4b/inference/TTbar_forInfer_ntuple/selected_ntuples_0037.root	1354590819	e98b74b9	16	high_score_tail_stability_v1	track_b_phase3_multifile_v1_20260806	4	64	2048	True		112	112	False	released_sophon_ensemble	40J7I_R1_v1	HH4b_released_three_model_ensemble	43c7fb9b0860c0f37953a1636b1f1b73fcc320da585d4a446cb45a31a14fdec0	ff90137a4c919f0a07d47cbfb21ead3688ee49856d98a0ff16bbbaa7058eb735	9b0412c8cce16f4684910207ed3b82a1bfb6b74891c554bba1f1c3b4f9347b86	1de0398cb1116200e1ead26886dfc0d6f1c15579dab82ad689c68690509dc449	1.5940184101583682e-05	5.225550921750255e-06	0.99997878074646	5.3024717564508286e-05	2.30737314268481e-05	0.9999239444732666	5.508878867292559e-05	9.895222319755703e-06	0.9999351501464844	4.135123011300585e-05	1.2731501556118019e-05	0.9999459584554037	137	128	True	False	[813.982421875,0.08139824867248535]	blocked_pending_author_clarification	
8422bf9960b051c058777a92690949c4262597da0c1201162b0b7f00030f8dcc	Track B	TTbar_forInfer_ntuple	ttbar	ttbar	root://cceos.ihep.ac.cn:1094	/eos/ihep/cms/store/user/coli/datasets/hh4b/inference/TTbar_forInfer_ntuple/selected_ntuples_0037.root	1354590819	e98b74b9	17	high_score_tail_stability_v1	track_b_phase3_multifile_v1_20260806	4	64	2048	True		54	54	False	released_sophon_ensemble	40J7I_R1_v1	HH4b_released_three_model_ensemble	43c7fb9b0860c0f37953a1636b1f1b73fcc320da585d4a446cb45a31a14fdec0	ff90137a4c919f0a07d47cbfb21ead3688ee49856d98a0ff16bbbaa7058eb735	9b0412c8cce16f4684910207ed3b82a1bfb6b74891c554bba1f1c3b4f9347b86	1de0398cb1116200e1ead26886dfc0d6f1c15579dab82ad689c68690509dc449	1.7308368451057332e-12	1.4245692841509394e-13	1.0	3.440378483664445e-13	6.3509365714824965e-15	1.0	8.379802094697578e-12	2.25348667677594e-12	1.0	3.484892262723252e-12	8.007648472541721e-13	1.0	137	114	True	False	[813.982421875,0.08139824867248535]	blocked_pending_author_clarification	
324ffc1b9c6eec9037ce3ef5148b3bf9ed5d8838a870605290be75e13082376c	Track B	TTbar_forInfer_ntuple	ttbar	ttbar	root://cceos.ihep.ac.cn:1094	/eos/ihep/cms/store/user/coli/datasets/hh4b/inference/TTbar_forInfer_ntuple/selected_ntuples_0037.root	1354590819	e98b74b9	18	high_score_tail_stability_v1	track_b_phase3_multifile_v1_20260806	4	64	2048	True		114	114	False	released_sophon_ensemble	40J7I_R1_v1	HH4b_released_three_model_ensemble	43c7fb9b0860c0f37953a1636b1f1b73fcc320da585d4a446cb45a31a14fdec0	ff90137a4c919f0a07d47cbfb21ead3688ee49856d98a0ff16bbbaa7058eb735	9b0412c8cce16f4684910207ed3b82a1bfb6b74891c554bba1f1c3b4f9347b86	1de0398cb1116200e1ead26886dfc0d6f1c15579dab82ad689c68690509dc449	4.4092788140746854e-12	9.816361048672895e-14	1.0	6.731745827762594e-13	3.33404238258791e-15	1.0	6.5990875814008885e-12	5.300352171055955e-13	1.0	3.893846992750611e-12	2.1051095665830413e-13	1.0	137	134	True	False	[813.982421875,0.08139824867248535]	blocked_pending_author_clarification	
42d9db29665a777115a645f41ba453694156fe96a0f94698cf1f77bc7b76a217	Track B	TTbar_forInfer_ntuple	ttbar	ttbar	root://cceos.ihep.ac.cn:1094	/eos/ihep/cms/store/user/coli/datasets/hh4b/inference/TTbar_forInfer_ntuple/selected_ntuples_0037.root	1354590819	e98b74b9	19	high_score_tail_stability_v1	track_b_phase3_multifile_v1_20260806	4	64	2048	True		53	53	False	released_sophon_ensemble	40J7I_R1_v1	HH4b_released_three_model_ensemble	43c7fb9b0860c0f37953a1636b1f1b73fcc320da585d4a446cb45a31a14fdec0	ff90137a4c919f0a07d47cbfb21ead3688ee49856d98a0ff16bbbaa7058eb735	9b0412c8cce16f4684910207ed3b82a1bfb6b74891c554bba1f1c3b4f9347b86	1de0398cb1116200e1ead26886dfc0d6f1c15579dab82ad689c68690509dc449	2.5684859351124605e-12	2.608540282649646e-13	1.0	1.7964243212994228e-13	2.2424896581861326e-15	1.0	8.025130382128831e-12	3.777696905293837e-12	1.0	3.591086249790411e-12	1.3469311410723292e-12	1.0	137	114	True	False	[813.982421875,0.08139824867248535]	blocked_pending_author_clarification	
0481db09fec7f091d1708b6457a2a9d61ff7d6c745e821bc4ee86b989595011d	Track B	TTbar_forInfer_ntuple	ttbar	ttbar	root://cceos.ihep.ac.cn:1094	/eos/ihep/cms/store/user/coli/datasets/hh4b/inference/TTbar_forInfer_ntuple/selected_ntuples_0037.root	1354590819	e98b74b9	20	high_score_tail_stability_v1	track_b_phase3_multifile_v1_20260806	4	64	2048	True		84	84	False	released_sophon_ensemble	40J7I_R1_v1	HH4b_released_three_model_ensemble	43c7fb9b0860c0f37953a1636b1f1b73fcc320da585d4a446cb45a31a14fdec0	ff90137a4c919f0a07d47cbfb21ead3688ee49856d98a0ff16bbbaa7058eb735	9b0412c8cce16f4684910207ed3b82a1bfb6b74891c554bba1f1c3b4f9347b86	1de0398cb1116200e1ead26886dfc0d6f1c15579dab82ad689c68690509dc449	2.203957436338527e-12	5.832309055197119e-14	1.0	1.031861324978215e-12	9.63049440677122e-15	1.0	7.414458371175181e-12	9.716224136022134e-13	1.0	3.550092377497307e-12	3.465253328536519e-13	1.0	137	134	True	False	[813.982421875,0.08139824867248535]	blocked_pending_author_clarification	
4af3d5fb90d47dd389d4e7d57ce0f2bbffe208263284e1b8d775e36a57dc7827	Track B	TTbar_forInfer_ntuple	ttbar	ttbar	root://cceos.ihep.ac.cn:1094	/eos/ihep/cms/store/user/coli/datasets/hh4b/inference/TTbar_forInfer_ntuple/selected_ntuples_0037.root	1354590819	e98b74b9	21	high_score_tail_stability_v1	track_b_phase3_multifile_v1_20260806	4	64	2048	True		115	115	False	released_sophon_ensemble	40J7I_R1_v1	HH4b_released_three_model_ensemble	43c7fb9b0860c0f37953a1636b1f1b73fcc320da585d4a446cb45a31a14fdec0	ff90137a4c919f0a07d47cbfb21ead3688ee49856d98a0ff16bbbaa7058eb735	9b0412c8cce16f4684910207ed3b82a1bfb6b74891c554bba1f1c3b4f9347b86	1de0398cb1116200e1ead26886dfc0d6f1c15579dab82ad689c68690509dc449	0.081648122678871	0.8938658833503723	0.02448587492108345	0.07952504139078087	0.8573158383369446	0.06315921247005463	0.22343982437416798	0.7253084182739258	0.051251672208309174	0.12820432948127328	0.8254967133204142	0.046298919866482414	136	28	True	False	[813.982421875,0.08139824867248535]	blocked_pending_author_clarification	
c0c54ba3e3270f34ac3ab25b3e1cbda5016a2eafd20da5750cfc03b1b485ba46	Track B	TTbar_forInfer_ntuple	ttbar	ttbar	root://cceos.ihep.ac.cn:1094	/eos/ihep/cms/store/user/coli/datasets/hh4b/inference/TTbar_forInfer_ntuple/selected_ntuples_0037.root	1354590819	e98b74b9	22	high_score_tail_stability_v1	track_b_phase3_multifile_v1_20260806	4	64	2048	True		132	132	False	released_sophon_ensemble	40J7I_R1_v1	HH4b_released_three_model_ensemble	43c7fb9b0860c0f37953a1636b1f1b73fcc320da585d4a446cb45a31a14fdec0	ff90137a4c919f0a07d47cbfb21ead3688ee49856d98a0ff16bbbaa7058eb735	9b0412c8cce16f4684910207ed3b82a1bfb6b74891c554bba1f1c3b4f9347b86	1de0398cb1116200e1ead26886dfc0d6f1c15579dab82ad689c68690509dc449	5.412812287255086e-08	3.0532085748546933e-09	1.0	2.741620531539679e-07	1.0913809411761122e-08	0.9999997615814209	2.1046188646261631e-07	1.0493467428318581e-08	0.9999998807907104	1.795840208297117e-07	8.153495138311465e-09	0.9999998807907104	137	128	True	False	[813.982421875,0.08139824867248535]	blocked_pending_author_clarification	
44aed57a8d34520d34e769f5fce922f383dc62bb69caccdc8eb020295a169145	Track B	TTbar_forInfer_ntuple	ttbar	ttbar	root://cceos.ihep.ac.cn:1094	/eos/ihep/cms/store/user/coli/datasets/hh4b/inference/TTbar_forInfer_ntuple/selected_ntuples_0037.root	1354590819	e98b74b9	23	high_score_tail_stability_v1	track_b_phase3_multifile_v1_20260806	4	64	2048	True		144	144	False	released_sophon_ensemble	40J7I_R1_v1	HH4b_released_three_model_ensemble	43c7fb9b0860c0f37953a1636b1f1b73fcc320da585d4a446cb45a31a14fdec0	ff90137a4c919f0a07d47cbfb21ead3688ee49856d98a0ff16bbbaa7058eb735	9b0412c8cce16f4684910207ed3b82a1bfb6b74891c554bba1f1c3b4f9347b86	1de0398cb1116200e1ead26886dfc0d6f1c15579dab82ad689c68690509dc449	0.03370509103297081	0.28195640444755554	0.6843384504318237	0.03438392996031325	0.128705233335495	0.8369109034538269	0.041689910900458926	0.2639419138431549	0.6943681240081787	0.03659297729791433	0.22486785054206848	0.7385391592979431	137	46	True	False	[813.982421875,0.08139824867248535]	blocked_pending_author_clarification	
be4957d36a4a7d37e33beeca7eba1453b87afbd9eb6446674b9c73e982e96173	Track B	TTbar_forInfer_ntuple	ttbar	ttbar	root://cceos.ihep.ac.cn:1094	/eos/ihep/cms/store/user/coli/datasets/hh4b/inference/TTbar_forInfer_ntuple/selected_ntuples_0037.root	1354590819	e98b74b9	24	high_score_tail_stability_v1	track_b_phase3_multifile_v1_20260806	4	64	2048	True		119	119	False	released_sophon_ensemble	40J7I_R1_v1	HH4b_released_three_model_ensemble	43c7fb9b0860c0f37953a1636b1f1b73fcc320da585d4a446cb45a31a14fdec0	ff90137a4c919f0a07d47cbfb21ead3688ee49856d98a0ff16bbbaa7058eb735	9b0412c8cce16f4684910207ed3b82a1bfb6b74891c554bba1f1c3b4f9347b86	1de0398cb1116200e1ead26886dfc0d6f1c15579dab82ad689c68690509dc449	0.008522455170099974	0.0006339637911878526	0.9908435344696045	0.005659429363551016	0.00046373234363272786	0.9938768744468689	0.004052730640803581	0.00041179725667461753	0.9955354928970337	0.006078205058151524	0.0005031644638317326	0.9934186339378357	137	125	True	False	[813.982421875,0.08139824867248535]	blocked_pending_author_clarification	
09e3311b605912318ad947e47589e239d8f86e1a6dc4582e123c1f6a72e75982	Track B	TTbar_forInfer_ntuple	ttbar	ttbar	root://cceos.ihep.ac.cn:1094	/eos/ihep/cms/store/user/coli/datasets/hh4b/inference/TTbar_forInfer_ntuple/selected_ntuples_0037.root	1354590819	e98b74b9	25	high_score_tail_stability_v1	track_b_phase3_multifile_v1_20260806	4	64	2048	True		93	93	False	released_sophon_ensemble	40J7I_R1_v1	HH4b_released_three_model_ensemble	43c7fb9b0860c0f37953a1636b1f1b73fcc320da585d4a446cb45a31a14fdec0	ff90137a4c919f0a07d47cbfb21ead3688ee49856d98a0ff16bbbaa7058eb735	9b0412c8cce16f4684910207ed3b82a1bfb6b74891c554bba1f1c3b4f9347b86	1de0398cb1116200e1ead26886dfc0d6f1c15579dab82ad689c68690509dc449	0.3125186896022569	0.6322224140167236	0.0552588514983654	0.2941648494852416	0.5423176884651184	0.16351750493049622	0.35053543756475847	0.5369367599487305	0.1125277727842331	0.319072992217419	0.5704922874768575	0.11043470973769824	136	49	True	True	[813.982421875,0.08139824867248535]	blocked_pending_author_clarification	
f1117e905ed0b6e42af4f516bf10d5696ee5e10d067d8c506802a9e28af5be9e	Track B	TTbar_forInfer_ntuple	ttbar	ttbar	root://cceos.ihep.ac.cn:1094	/eos/ihep/cms/store/user/coli/datasets/hh4b/inference/TTbar_forInfer_ntuple/selected_ntuples_0037.root	1354590819	e98b74b9	26	high_score_tail_stability_v1	track_b_phase3_multifile_v1_20260806	4	64	2048	True		168	168	False	released_sophon_ensemble	40J7I_R1_v1	HH4b_released_three_model_ensemble	43c7fb9b0860c0f37953a1636b1f1b73fcc320da585d4a446cb45a31a14fdec0	ff90137a4c919f0a07d47cbfb21ead3688ee49856d98a0ff16bbbaa7058eb735	9b0412c8cce16f4684910207ed3b82a1bfb6b74891c554bba1f1c3b4f9347b86	1de0398cb1116200e1ead26886dfc0d6f1c15579dab82ad689c68690509dc449	0.0005427273765512552	0.0001839080941863358	0.9992733597755432	0.0033156577142037236	0.0021255475003272295	0.9945586323738098	0.00062142857616454	9.549294190946966e-05	0.9992831349372864	0.0014932712223065063	0.0008016495121410117	0.9977050423622131	137	129	True	False	[813.982421875,0.08139824867248535]	blocked_pending_author_clarification	
6847e5c86545949b82a4c29e4701f113146e178524425c6e52aeffe7415f145d	Track B	TTbar_forInfer_ntuple	ttbar	ttbar	root://cceos.ihep.ac.cn:1094	/eos/ihep/cms/store/user/coli/datasets/hh4b/inference/TTbar_forInfer_ntuple/selected_ntuples_0037.root	1354590819	e98b74b9	27	high_score_tail_stability_v1	track_b_phase3_multifile_v1_20260806	4	64	2048	True		106	106	False	released_sophon_ensemble	40J7I_R1_v1	HH4b_released_three_model_ensemble	43c7fb9b0860c0f37953a1636b1f1b73fcc320da585d4a446cb45a31a14fdec0	ff90137a4c919f0a07d47cbfb21ead3688ee49856d98a0ff16bbbaa7058eb735	9b0412c8cce16f4684910207ed3b82a1bfb6b74891c554bba1f1c3b4f9347b86	1de0398cb1116200e1ead26886dfc0d6f1c15579dab82ad689c68690509dc449	5.42858334128143e-11	2.975073312705412e-12	1.0	1.688575460361251e-11	1.9841512330712185e-13	1.0	1.884182741838383e-11	1.2597397083813355e-12	1.0	3.0004471811603544e-11	1.4777427147979565e-12	1.0	137	134	True	False	[813.982421875,0.08139824867248535]	blocked_pending_author_clarification	
73ae7afdac72fa2cbcca88705e48701f0012977cae91ce5170aa2b1ce28d4728	Track B	TTbar_forInfer_ntuple	ttbar	ttbar	root://cceos.ihep.ac.cn:1094	/eos/ihep/cms/store/user/coli/datasets/hh4b/inference/TTbar_forInfer_ntuple/selected_ntuples_0037.root	1354590819	e98b74b9	28	high_score_tail_stability_v1	track_b_phase3_multifile_v1_20260806	4	64	2048	True		98	98	False	released_sophon_ensemble	40J7I_R1_v1	HH4b_released_three_model_ensemble	43c7fb9b0860c0f37953a1636b1f1b73fcc320da585d4a446cb45a31a14fdec0	ff90137a4c919f0a07d47cbfb21ead3688ee49856d98a0ff16bbbaa7058eb735	9b0412c8cce16f4684910207ed3b82a1bfb6b74891c554bba1f1c3b4f9347b86	1de0398cb1116200e1ead26886dfc0d6f1c15579dab82ad689c68690509dc449	1.5978626105445347e-11	2.237049250269213e-13	1.0	1.0533366204006578e-12	2.7500828339159815e-15	1.0	5.5260081259284354e-12	1.4463766555977697e-13	1.0	7.519323617258147e-12	1.2369755780687142e-13	1.0	137	134	True	False	[813.982421875,0.08139824867248535]	blocked_pending_author_clarification	
ec17f4b2fb441adaf10433028e7635cf19310282d599e012dff984126c19dc0f	Track B	TTbar_forInfer_ntuple	ttbar	ttbar	root://cceos.ihep.ac.cn:1094	/eos/ihep/cms/store/user/coli/datasets/hh4b/inference/TTbar_forInfer_ntuple/selected_ntuples_0037.root	1354590819	e98b74b9	29	high_score_tail_stability_v1	track_b_phase3_multifile_v1_20260806	4	64	2048	True		58	58	False	released_sophon_ensemble	40J7I_R1_v1	HH4b_released_three_model_ensemble	43c7fb9b0860c0f37953a1636b1f1b73fcc320da585d4a446cb45a31a14fdec0	ff90137a4c919f0a07d47cbfb21ead3688ee49856d98a0ff16bbbaa7058eb735	9b0412c8cce16f4684910207ed3b82a1bfb6b74891c554bba1f1c3b4f9347b86	1de0398cb1116200e1ead26886dfc0d6f1c15579dab82ad689c68690509dc449	8.641731933970897e-07	3.1160166003019185e-08	0.9999990463256836	7.592065158445531e-08	9.757449292990827e-10	1.0	2.245119950352002e-06	6.821799303224907e-08	0.999997615814209	1.061737931777849e-06	3.3451301321522443e-08	0.9999988873799642	137	107	True	False	[813.982421875,0.08139824867248535]	blocked_pending_author_clarification	
b748cb222da9991e9c757ccf2f81a04ea4dd2f8c849722065f7f3de1bb6bfca3	Track B	TTbar_forInfer_ntuple	ttbar	ttbar	root://cceos.ihep.ac.cn:1094	/eos/ihep/cms/store/user/coli/datasets/hh4b/inference/TTbar_forInfer_ntuple/selected_ntuples_0037.root	1354590819	e98b74b9	30	high_score_tail_stability_v1	track_b_phase3_multifile_v1_20260806	4	64	2048	True		121	121	False	released_sophon_ensemble	40J7I_R1_v1	HH4b_released_three_model_ensemble	43c7fb9b0860c0f37953a1636b1f1b73fcc320da585d4a446cb45a31a14fdec0	ff90137a4c919f0a07d47cbfb21ead3688ee49856d98a0ff16bbbaa7058eb735	9b0412c8cce16f4684910207ed3b82a1bfb6b74891c554bba1f1c3b4f9347b86	1de0398cb1116200e1ead26886dfc0d6f1c15579dab82ad689c68690509dc449	1.0006043497062982e-08	1.771023683261319e-08	1.0	5.094823125686693e-09	4.754832083619931e-09	1.0	2.60311017281492e-09	5.130198932334906e-09	1.0	5.901325598521531e-09	9.198422616189342e-09	1.0	137	134	True	False	[813.982421875,0.08139824867248535]	blocked_pending_author_clarification	
7f8f8e5607138fb20eea678d5a4b67e124a88ccbb5f2028c16624d503549af59	Track B	TTbar_forInfer_ntuple	ttbar	ttbar	root://cceos.ihep.ac.cn:1094	/eos/ihep/cms/store/user/coli/datasets/hh4b/inference/TTbar_forInfer_ntuple/selected_ntuples_0037.root	1354590819	e98b74b9	31	high_score_tail_stability_v1	track_b_phase3_multifile_v1_20260806	4	64	2048	True		76	76	False	released_sophon_ensemble	40J7I_R1_v1	HH4b_released_three_model_ensemble	43c7fb9b0860c0f37953a1636b1f1b73fcc320da585d4a446cb45a31a14fdec0	ff90137a4c919f0a07d47cbfb21ead3688ee49856d98a0ff16bbbaa7058eb735	9b0412c8cce16f4684910207ed3b82a1bfb6b74891c554bba1f1c3b4f9347b86	1de0398cb1116200e1ead26886dfc0d6f1c15579dab82ad689c68690509dc449	1.7640954841206774e-08	2.4505941720320834e-10	1.0	2.245185786175404e-09	1.4093899658451647e-11	1.0	8.648265303529714e-08	2.356930206559582e-09	1.0	3.545626455422644e-08	8.72027841140414e-10	1.0	137	107	True	False	[813.982421875,0.08139824867248535]	blocked_pending_author_clarification	
4c1622c788e7da9f0c7ad2a5620b4aa9745d6b3ddf2edb188eab87841d782e7f	Track B	TTbar_forInfer_ntuple	ttbar	ttbar	root://cceos.ihep.ac.cn:1094	/eos/ihep/cms/store/user/coli/datasets/hh4b/inference/TTbar_forInfer_ntuple/selected_ntuples_0037.root	1354590819	e98b74b9	32	high_score_tail_stability_v1	track_b_phase3_multifile_v1_20260806	4	64	2048	True		134	134	False	released_sophon_ensemble	40J7I_R1_v1	HH4b_released_three_model_ensemble	43c7fb9b0860c0f37953a1636b1f1b73fcc320da585d4a446cb45a31a14fdec0	ff90137a4c919f0a07d47cbfb21ead3688ee49856d98a0ff16bbbaa7058eb735	9b0412c8cce16f4684910207ed3b82a1bfb6b74891c554bba1f1c3b4f9347b86	1de0398cb1116200e1ead26886dfc0d6f1c15579dab82ad689c68690509dc449	5.448680351744633e-11	3.3600557232393857e-12	1.0	1.6506171261820574e-11	2.130856797434577e-13	1.0	1.0035939043607212e-10	1.4739098830318653e-11	1.0	5.7117455071779674e-11	6.1040800777671655e-12	1.0	137	114	True	False	[813.982421875,0.08139824867248535]	blocked_pending_author_clarification	
1e4dc8050856400646b641751f06a6e30e51c0e823d79f844110782fc3d2f2ac	Track B	TTbar_forInfer_ntuple	ttbar	ttbar	root://cceos.ihep.ac.cn:1094	/eos/ihep/cms/store/user/coli/datasets/hh4b/inference/TTbar_forInfer_ntuple/selected_ntuples_0037.root	1354590819	e98b74b9	33	high_score_tail_stability_v1	track_b_phase3_multifile_v1_20260806	4	64	2048	True		136	136	False	released_sophon_ensemble	40J7I_R1_v1	HH4b_released_three_model_ensemble	43c7fb9b0860c0f37953a1636b1f1b73fcc320da585d4a446cb45a31a14fdec0	ff90137a4c919f0a07d47cbfb21ead3688ee49856d98a0ff16bbbaa7058eb735	9b0412c8cce16f4684910207ed3b82a1bfb6b74891c554bba1f1c3b4f9347b86	1de0398cb1116200e1ead26886dfc0d6f1c15579dab82ad689c68690509dc449	0.0002853028418933201	8.049949428823311e-06	0.9997065663337708	0.0007044463102190424	2.4844130166457035e-05	0.9992707371711731	0.0004668004982939511	3.437399209360592e-05	0.9994988441467285	0.0004855165501354379	2.242269056296209e-05	0.9994920492172241	137	134	True	False	[813.982421875,0.08139824867248535]	blocked_pending_author_clarification	
c20a6066ebacc2b018f5d814c12baad4e1c2fd197be659f4a2aeaf8fc675c76d	Track B	TTbar_forInfer_ntuple	ttbar	ttbar	root://cceos.ihep.ac.cn:1094	/eos/ihep/cms/store/user/coli/datasets/hh4b/inference/TTbar_forInfer_ntuple/selected_ntuples_0037.root	1354590819	e98b74b9	34	high_score_tail_stability_v1	track_b_phase3_multifile_v1_20260806	4	64	2048	True		183	183	False	released_sophon_ensemble	40J7I_R1_v1	HH4b_released_three_model_ensemble	43c7fb9b0860c0f37953a1636b1f1b73fcc320da585d4a446cb45a31a14fdec0	ff90137a4c919f0a07d47cbfb21ead3688ee49856d98a0ff16bbbaa7058eb735	9b0412c8cce16f4684910207ed3b82a1bfb6b74891c554bba1f1c3b4f9347b86	1de0398cb1116200e1ead26886dfc0d6f1c15579dab82ad689c68690509dc449	5.960834571485761e-10	1.1273566108416233e-10	1.0	2.94829426086999e-10	1.7931349113875505e-11	1.0	1.427236670320248e-09	3.1347044404661517e-10	1.0	7.72716517851941e-10	1.48045818081551e-10	1.0	137	114	True	False	[813.982421875,0.08139824867248535]	blocked_pending_author_clarification	
179e55be47179a26ac14464fb36b3222e7a90b71eacb7f743f9cfa8cf7feaca7	Track B	TTbar_forInfer_ntuple	ttbar	ttbar	root://cceos.ihep.ac.cn:1094	/eos/ihep/cms/store/user/coli/datasets/hh4b/inference/TTbar_forInfer_ntuple/selected_ntuples_0037.root	1354590819	e98b74b9	35	high_score_tail_stability_v1	track_b_phase3_multifile_v1_20260806	4	64	2048	True		132	132	False	released_sophon_ensemble	40J7I_R1_v1	HH4b_released_three_model_ensemble	43c7fb9b0860c0f37953a1636b1f1b73fcc320da585d4a446cb45a31a14fdec0	ff90137a4c919f0a07d47cbfb21ead3688ee49856d98a0ff16bbbaa7058eb735	9b0412c8cce16f4684910207ed3b82a1bfb6b74891c554bba1f1c3b4f9347b86	1de0398cb1116200e1ead26886dfc0d6f1c15579dab82ad689c68690509dc449	0.37848059848511184	0.034095197916030884	0.587424099445343	0.8902604915001575	0.005463689565658569	0.10427580028772354	0.7125982679281151	0.026708517223596573	0.26069316267967224	0.6604464526377949	0.02208913490176201	0.3174643541375796	137	86	True	False	[813.982421875,0.08139824867248535]	blocked_pending_author_clarification	
468e9d98c9c5b7dd2566fd6d100ecf64cf74466851ced4315b77cc04675bc126	Track B	TTbar_forInfer_ntuple	ttbar	ttbar	root://cceos.ihep.ac.cn:1094	/eos/ihep/cms/store/user/coli/datasets/hh4b/inference/TTbar_forInfer_ntuple/selected_ntuples_0037.root	1354590819	e98b74b9	36	high_score_tail_stability_v1	track_b_phase3_multifile_v1_20260806	4	64	2048	True		103	103	False	released_sophon_ensemble	40J7I_R1_v1	HH4b_released_three_model_ensemble	43c7fb9b0860c0f37953a1636b1f1b73fcc320da585d4a446cb45a31a14fdec0	ff90137a4c919f0a07d47cbfb21ead3688ee49856d98a0ff16bbbaa7058eb735	9b0412c8cce16f4684910207ed3b82a1bfb6b74891c554bba1f1c3b4f9347b86	1de0398cb1116200e1ead26886dfc0d6f1c15579dab82ad689c68690509dc449	1.6202127285805477e-06	1.733336489451176e-06	0.9999966621398926	1.9813517067532598e-07	7.695028614307375e-08	0.9999997615814209	7.055445700742432e-07	5.088468242320232e-07	0.9999986886978149	8.412974897767056e-07	7.730445332754243e-07	0.9999983708063761	137	134	True	True	[813.982421875,0.08139824867248535]	blocked_pending_author_clarification	
5dc122461312b8b8d179dc072151b9d7ddf5cac152cd1c9412007335193aac14	Track B	TTbar_forInfer_ntuple	ttbar	ttbar	root://cceos.ihep.ac.cn:1094	/eos/ihep/cms/store/user/coli/datasets/hh4b/inference/TTbar_forInfer_ntuple/selected_ntuples_0037.root	1354590819	e98b74b9	37	high_score_tail_stability_v1	track_b_phase3_multifile_v1_20260806	4	64	2048	True		228	228	False	released_sophon_ensemble	40J7I_R1_v1	HH4b_released_three_model_ensemble	43c7fb9b0860c0f37953a1636b1f1b73fcc320da585d4a446cb45a31a14fdec0	ff90137a4c919f0a07d47cbfb21ead3688ee49856d98a0ff16bbbaa7058eb735	9b0412c8cce16f4684910207ed3b82a1bfb6b74891c554bba1f1c3b4f9347b86	1de0398cb1116200e1ead26886dfc0d6f1c15579dab82ad689c68690509dc449	0.11368365852285933	0.44113731384277344	0.4451790750026703	0.047599159060609963	0.49193233251571655	0.46046847105026245	0.1867588670547775	0.3202262222766876	0.49301496148109436	0.1160138948794156	0.4177652895450592	0.4662208358446757	137	134	False	True	[813.982421875,0.08139824867248535]	blocked_pending_author_clarification	
25febf5df00f6a10b95be960b80d81c62c0d06a39673046cc92d1dc9a5fc219b	Track B	TTbar_forInfer_ntuple	ttbar	ttbar	root://cceos.ihep.ac.cn:1094	/eos/ihep/cms/store/user/coli/datasets/hh4b/inference/TTbar_forInfer_ntuple/selected_ntuples_0037.root	1354590819	e98b74b9	38	high_score_tail_stability_v1	track_b_phase3_multifile_v1_20260806	4	64	2048	True		114	114	False	released_sophon_ensemble	40J7I_R1_v1	HH4b_released_three_model_ensemble	43c7fb9b0860c0f37953a1636b1f1b73fcc320da585d4a446cb45a31a14fdec0	ff90137a4c919f0a07d47cbfb21ead3688ee49856d98a0ff16bbbaa7058eb735	9b0412c8cce16f4684910207ed3b82a1bfb6b74891c554bba1f1c3b4f9347b86	1de0398cb1116200e1ead26886dfc0d6f1c15579dab82ad689c68690509dc449	8.122786942722294e-13	1.3060189255477243e-14	1.0	1.7559841330131412e-13	5.730240886250794e-16	1.0	6.696871619072262e-12	3.58321852007501e-13	1.0	2.561582908881935e-12	1.2398502178386777e-13	1.0	137	114	True	False	[813.982421875,0.08139824867248535]	blocked_pending_author_clarification	
d96e77ca281231afa5d4978cdac7c99260aab8490f09560e9a2ea7b9a2733203	Track B	TTbar_forInfer_ntuple	ttbar	ttbar	root://cceos.ihep.ac.cn:1094	/eos/ihep/cms/store/user/coli/datasets/hh4b/inference/TTbar_forInfer_ntuple/selected_ntuples_0037.root	1354590819	e98b74b9	39	high_score_tail_stability_v1	track_b_phase3_multifile_v1_20260806	4	64	2048	True		62	62	False	released_sophon_ensemble	40J7I_R1_v1	HH4b_released_three_model_ensemble	43c7fb9b0860c0f37953a1636b1f1b73fcc320da585d4a446cb45a31a14fdec0	ff90137a4c919f0a07d47cbfb21ead3688ee49856d98a0ff16bbbaa7058eb735	9b0412c8cce16f4684910207ed3b82a1bfb6b74891c554bba1f1c3b4f9347b86	1de0398cb1116200e1ead26886dfc0d6f1c15579dab82ad689c68690509dc449	5.219464421804426e-12	2.6400860664299586e-12	1.0	9.253864549013164e-12	9.301077703166571e-13	1.0	2.0367196068827876e-11	1.0036785638711798e-11	1.0	1.1613508346548489e-11	4.535659825152805e-12	1.0	137	114	True	False	[813.982421875,0.08139824867248535]	blocked_pending_author_clarification	
4eedc6cd19311b1b020e9bdde86a64e3092d0635325b5c573ad0df6926a4dd53	Track B	TTbar_forInfer_ntuple	ttbar	ttbar	root://cceos.ihep.ac.cn:1094	/eos/ihep/cms/store/user/coli/datasets/hh4b/inference/TTbar_forInfer_ntuple/selected_ntuples_0037.root	1354590819	e98b74b9	40	high_score_tail_stability_v1	track_b_phase3_multifile_v1_20260806	4	64	2048	True		165	165	False	released_sophon_ensemble	40J7I_R1_v1	HH4b_released_three_model_ensemble	43c7fb9b0860c0f37953a1636b1f1b73fcc320da585d4a446cb45a31a14fdec0	ff90137a4c919f0a07d47cbfb21ead3688ee49856d98a0ff16bbbaa7058eb735	9b0412c8cce16f4684910207ed3b82a1bfb6b74891c554bba1f1c3b4f9347b86	1de0398cb1116200e1ead26886dfc0d6f1c15579dab82ad689c68690509dc449	0.056806198173148914	0.003348178695887327	0.939845621585846	0.006115392170976008	0.0029808557592332363	0.9909037947654724	0.00898995889905052	0.0041994755156338215	0.986810564994812	0.023970516414391817	0.003509503323584795	0.9725199937820435	137	132	True	False	[813.982421875,0.08139824867248535]	blocked_pending_author_clarification	
ef94bacfd4a95eedd3561524dd695628e1db04b0d61c65857955ed49ffc96a62	Track B	TTbar_forInfer_ntuple	ttbar	ttbar	root://cceos.ihep.ac.cn:1094	/eos/ihep/cms/store/user/coli/datasets/hh4b/inference/TTbar_forInfer_ntuple/selected_ntuples_0037.root	1354590819	e98b74b9	41	high_score_tail_stability_v1	track_b_phase3_multifile_v1_20260806	4	64	2048	True		135	135	False	released_sophon_ensemble	40J7I_R1_v1	HH4b_released_three_model_ensemble	43c7fb9b0860c0f37953a1636b1f1b73fcc320da585d4a446cb45a31a14fdec0	ff90137a4c919f0a07d47cbfb21ead3688ee49856d98a0ff16bbbaa7058eb735	9b0412c8cce16f4684910207ed3b82a1bfb6b74891c554bba1f1c3b4f9347b86	1de0398cb1116200e1ead26886dfc0d6f1c15579dab82ad689c68690509dc449	0.00016661854076716054	0.007201673462986946	0.9926317930221558	1.0951595210625942e-05	0.0006820312119089067	0.9993071556091309	0.00011314203645529375	0.004256295505911112	0.9956305027008057	9.690405747769343e-05	0.004046666726935655	0.9958564837773641	137	80	True	False	[813.982421875,0.08139824867248535]	blocked_pending_author_clarification	
8c48dd23c662a17627633827d67aa82160785281c828a42f92f21d395eb6ddd4	Track B	TTbar_forInfer_ntuple	ttbar	ttbar	root://cceos.ihep.ac.cn:1094	/eos/ihep/cms/store/user/coli/datasets/hh4b/inference/TTbar_forInfer_ntuple/selected_ntuples_0037.root	1354590819	e98b74b9	42	high_score_tail_stability_v1	track_b_phase3_multifile_v1_20260806	4	64	2048	True		152	152	False	released_sophon_ensemble	40J7I_R1_v1	HH4b_released_three_model_ensemble	43c7fb9b0860c0f37953a1636b1f1b73fcc320da585d4a446cb45a31a14fdec0	ff90137a4c919f0a07d47cbfb21ead3688ee49856d98a0ff16bbbaa7058eb735	9b0412c8cce16f4684910207ed3b82a1bfb6b74891c554bba1f1c3b4f9347b86	1de0398cb1116200e1ead26886dfc0d6f1c15579dab82ad689c68690509dc449	0.013400890497564433	0.47046399116516113	0.516135036945343	0.013349812546834983	0.4115549623966217	0.5750953555107117	0.017447991293806808	0.5523349642753601	0.4302169382572174	0.014732898112735406	0.478117972612381	0.5071491102377573	137	9	False	False	[813.982421875,0.08139824867248535]	blocked_pending_author_clarification	
e9d18de83fcfd7133fbcc9c29c0331ed8a034e78f7fd673c3b00ac2031554ace	Track B	TTbar_forInfer_ntuple	ttbar	ttbar	root://cceos.ihep.ac.cn:1094	/eos/ihep/cms/store/user/coli/datasets/hh4b/inference/TTbar_forInfer_ntuple/selected_ntuples_0037.root	1354590819	e98b74b9	43	high_score_tail_stability_v1	track_b_phase3_multifile_v1_20260806	4	64	2048	True		104	104	False	released_sophon_ensemble	40J7I_R1_v1	HH4b_released_three_model_ensemble	43c7fb9b0860c0f37953a1636b1f1b73fcc320da585d4a446cb45a31a14fdec0	ff90137a4c919f0a07d47cbfb21ead3688ee49856d98a0ff16bbbaa7058eb735	9b0412c8cce16f4684910207ed3b82a1bfb6b74891c554bba1f1c3b4f9347b86	1de0398cb1116200e1ead26886dfc0d6f1c15579dab82ad689c68690509dc449	0.005682907450363928	0.7514771819114685	0.242839977145195	0.0009553488171576419	0.0896945372223854	0.9093501567840576	0.0014130807488186292	0.13113124668598175	0.8674557209014893	0.002683779005446733	0.3241009886066119	0.6732152849435806	137	49	False	False	[813.982421875,0.08139824867248535]	blocked_pending_author_clarification	
794c9525f6a513b00bdfa0ac723f5bbadc00193c6792ff91b1f3afbd4765fe4d	Track B	TTbar_forInfer_ntuple	ttbar	ttbar	root://cceos.ihep.ac.cn:1094	/eos/ihep/cms/store/user/coli/datasets/hh4b/inference/TTbar_forInfer_ntuple/selected_ntuples_0037.root	1354590819	e98b74b9	44	high_score_tail_stability_v1	track_b_phase3_multifile_v1_20260806	4	64	2048	True		120	120	False	released_sophon_ensemble	40J7I_R1_v1	HH4b_released_three_model_ensemble	43c7fb9b0860c0f37953a1636b1f1b73fcc320da585d4a446cb45a31a14fdec0	ff90137a4c919f0a07d47cbfb21ead3688ee49856d98a0ff16bbbaa7058eb735	9b0412c8cce16f4684910207ed3b82a1bfb6b74891c554bba1f1c3b4f9347b86	1de0398cb1116200e1ead26886dfc0d6f1c15579dab82ad689c68690509dc449	0.05958835324827305	0.7543947100639343	0.18601687252521515	0.038642981532575504	0.7610988616943359	0.20025815069675446	0.05783091772673288	0.5548058152198792	0.3873632252216339	0.052020750835860476	0.6900997956593832	0.25787941614786786	136	80	True	False	[813.982421875,0.08139824867248535]	blocked_pending_author_clarification	
7ebe77384b2a0f31d41f5fba3a803394a0ace122435bf3b33778dae159dae513	Track B	TTbar_forInfer_ntuple	ttbar	ttbar	root://cceos.ihep.ac.cn:1094	/eos/ihep/cms/store/user/coli/datasets/hh4b/inference/TTbar_forInfer_ntuple/selected_ntuples_0037.root	1354590819	e98b74b9	45	high_score_tail_stability_v1	track_b_phase3_multifile_v1_20260806	4	64	2048	True		76	76	False	released_sophon_ensemble	40J7I_R1_v1	HH4b_released_three_model_ensemble	43c7fb9b0860c0f37953a1636b1f1b73fcc320da585d4a446cb45a31a14fdec0	ff90137a4c919f0a07d47cbfb21ead3688ee49856d98a0ff16bbbaa7058eb735	9b0412c8cce16f4684910207ed3b82a1bfb6b74891c554bba1f1c3b4f9347b86	1de0398cb1116200e1ead26886dfc0d6f1c15579dab82ad689c68690509dc449	4.767607207272123e-13	3.3044029209942927e-14	1.0	7.433302508352371e-14	6.148096532812325e-16	1.0	4.619243452474201e-12	1.5663248692857068e-12	1.0	1.7234457327616456e-12	5.333279027163103e-13	1.0	137	114	True	False	[813.982421875,0.08139824867248535]	blocked_pending_author_clarification	
36d48ecc54b0c7d163657b53393102140ef39dc484fbc265694ac244b0f7a13a	Track B	TTbar_forInfer_ntuple	ttbar	ttbar	root://cceos.ihep.ac.cn:1094	/eos/ihep/cms/store/user/coli/datasets/hh4b/inference/TTbar_forInfer_ntuple/selected_ntuples_0037.root	1354590819	e98b74b9	46	high_score_tail_stability_v1	track_b_phase3_multifile_v1_20260806	4	64	2048	True		168	168	False	released_sophon_ensemble	40J7I_R1_v1	HH4b_released_three_model_ensemble	43c7fb9b0860c0f37953a1636b1f1b73fcc320da585d4a446cb45a31a14fdec0	ff90137a4c919f0a07d47cbfb21ead3688ee49856d98a0ff16bbbaa7058eb735	9b0412c8cce16f4684910207ed3b82a1bfb6b74891c554bba1f1c3b4f9347b86	1de0398cb1116200e1ead26886dfc0d6f1c15579dab82ad689c68690509dc449	4.574023198667537e-05	0.00013109629799146205	0.9998231530189514	7.378240949599841e-06	1.7990678315982223e-05	0.9999747276306152	8.113126627053158e-05	0.0007309220964089036	0.9991880059242249	4.47499130689356e-05	0.00029333635757211596	0.9996619621912638	137	114	True	False	[813.982421875,0.08139824867248535]	blocked_pending_author_clarification	
582c69f5366e4edd4342c890d6352dbd9e4fe41170148e7f554a2fd65d0b05dd	Track B	TTbar_forInfer_ntuple	ttbar	ttbar	root://cceos.ihep.ac.cn:1094	/eos/ihep/cms/store/user/coli/datasets/hh4b/inference/TTbar_forInfer_ntuple/selected_ntuples_0037.root	1354590819	e98b74b9	47	high_score_tail_stability_v1	track_b_phase3_multifile_v1_20260806	4	64	2048	True		112	112	False	released_sophon_ensemble	40J7I_R1_v1	HH4b_released_three_model_ensemble	43c7fb9b0860c0f37953a1636b1f1b73fcc320da585d4a446cb45a31a14fdec0	ff90137a4c919f0a07d47cbfb21ead3688ee49856d98a0ff16bbbaa7058eb735	9b0412c8cce16f4684910207ed3b82a1bfb6b74891c554bba1f1c3b4f9347b86	1de0398cb1116200e1ead26886dfc0d6f1c15579dab82ad689c68690509dc449	1.2009707441055344e-11	4.2732657690169873e-13	1.0	4.277961159296254e-12	4.076822091177677e-14	1.0	4.1563597971936824e-11	2.6663807880383805e-12	1.0	1.9283755524096143e-11	1.044825195283952e-12	1.0	137	114	True	False	[813.982421875,0.08139824867248535]	blocked_pending_author_clarification	
82f9ee89215468b843a4bb0ad33834fc69a7128953c0a3ad72ad2e0c68c0d281	Track B	TTbar_forInfer_ntuple	ttbar	ttbar	root://cceos.ihep.ac.cn:1094	/eos/ihep/cms/store/user/coli/datasets/hh4b/inference/TTbar_forInfer_ntuple/selected_ntuples_0037.root	1354590819	e98b74b9	48	high_score_tail_stability_v1	track_b_phase3_multifile_v1_20260806	4	64	2048	True		55	55	False	released_sophon_ensemble	40J7I_R1_v1	HH4b_released_three_model_ensemble	43c7fb9b0860c0f37953a1636b1f1b73fcc320da585d4a446cb45a31a14fdec0	ff90137a4c919f0a07d47cbfb21ead3688ee49856d98a0ff16bbbaa7058eb735	9b0412c8cce16f4684910207ed3b82a1bfb6b74891c554bba1f1c3b4f9347b86	1de0398cb1116200e1ead26886dfc0d6f1c15579dab82ad689c68690509dc449	6.382839836348736e-12	2.8341372759928263e-13	1.0	5.390348612491853e-13	4.983595425168876e-15	1.0	8.103454218182986e-12	6.922818980396872e-13	1.0	5.008442971926969e-12	3.2689307368804625e-13	1.0	137	134	True	False	[813.982421875,0.08139824867248535]	blocked_pending_author_clarification	
bdd897704dad083f13ea0730d47139e0174bc8911df0f428704ffb8388b7548e	Track B	TTbar_forInfer_ntuple	ttbar	ttbar	root://cceos.ihep.ac.cn:1094	/eos/ihep/cms/store/user/coli/datasets/hh4b/inference/TTbar_forInfer_ntuple/selected_ntuples_0037.root	1354590819	e98b74b9	49	high_score_tail_stability_v1	track_b_phase3_multifile_v1_20260806	4	64	2048	True		117	117	False	released_sophon_ensemble	40J7I_R1_v1	HH4b_released_three_model_ensemble	43c7fb9b0860c0f37953a1636b1f1b73fcc320da585d4a446cb45a31a14fdec0	ff90137a4c919f0a07d47cbfb21ead3688ee49856d98a0ff16bbbaa7058eb735	9b0412c8cce16f4684910207ed3b82a1bfb6b74891c554bba1f1c3b4f9347b86	1de0398cb1116200e1ead26886dfc0d6f1c15579dab82ad689c68690509dc449	7.239318235368155e-08	4.269624209740641e-09	1.0	1.743573556767022e-08	7.457034434388277e-10	1.0	4.536101981220017e-09	1.3583636992997583e-10	1.0	3.1455006634190596e-08	1.717054674369815e-09	1.0	137	14	True	False	[813.982421875,0.08139824867248535]	blocked_pending_author_clarification	
2361986ef91e9dc8b9e1dda3a5c2d90290dd69b658c3cbbb49efada1569525d6	Track B	TTbar_forInfer_ntuple	ttbar	ttbar	root://cceos.ihep.ac.cn:1094	/eos/ihep/cms/store/user/coli/datasets/hh4b/inference/TTbar_forInfer_ntuple/selected_ntuples_0037.root	1354590819	e98b74b9	50	high_score_tail_stability_v1	track_b_phase3_multifile_v1_20260806	4	64	2048	True		139	139	False	released_sophon_ensemble	40J7I_R1_v1	HH4b_released_three_model_ensemble	43c7fb9b0860c0f37953a1636b1f1b73fcc320da585d4a446cb45a31a14fdec0	ff90137a4c919f0a07d47cbfb21ead3688ee49856d98a0ff16bbbaa7058eb735	9b0412c8cce16f4684910207ed3b82a1bfb6b74891c554bba1f1c3b4f9347b86	1de0398cb1116200e1ead26886dfc0d6f1c15579dab82ad689c68690509dc449	0.025221694279608187	0.015131508931517601	0.9596467614173889	0.048812713683076936	0.053955599665641785	0.8972315192222595	0.018430979892755772	0.0123978266492486	0.9691712260246277	0.030821795951813634	0.027161645082135994	0.9420165022214254	137	134	True	False	[813.982421875,0.08139824867248535]	blocked_pending_author_clarification	
42b60f5f3e70eceb96319bbf5716118df9eee60cb45a97b1a78968b4a04c3e4c	Track B	TTbar_forInfer_ntuple	ttbar	ttbar	root://cceos.ihep.ac.cn:1094	/eos/ihep/cms/store/user/coli/datasets/hh4b/inference/TTbar_forInfer_ntuple/selected_ntuples_0037.root	1354590819	e98b74b9	51	high_score_tail_stability_v1	track_b_phase3_multifile_v1_20260806	4	64	2048	True		87	87	False	released_sophon_ensemble	40J7I_R1_v1	HH4b_released_three_model_ensemble	43c7fb9b0860c0f37953a1636b1f1b73fcc320da585d4a446cb45a31a14fdec0	ff90137a4c919f0a07d47cbfb21ead3688ee49856d98a0ff16bbbaa7058eb735	9b0412c8cce16f4684910207ed3b82a1bfb6b74891c554bba1f1c3b4f9347b86	1de0398cb1116200e1ead26886dfc0d6f1c15579dab82ad689c68690509dc449	6.444962475027403e-09	2.8996047785057044e-09	1.0	3.23812190903713e-10	3.348988447671175e-11	1.0	1.4347854876440247e-09	1.0874783296088708e-09	1.0	2.7345200511917135e-09	1.340190997530429e-09	1.0	137	134	True	False	[813.982421875,0.08139824867248535]	blocked_pending_author_clarification	
5175865efd9a185994545cce838e4353620a159493e35c54332f0d5d3af7c722	Track B	TTbar_forInfer_ntuple	ttbar	ttbar	root://cceos.ihep.ac.cn:1094	/eos/ihep/cms/store/user/coli/datasets/hh4b/inference/TTbar_forInfer_ntuple/selected_ntuples_0037.root	1354590819	e98b74b9	52	high_score_tail_stability_v1	track_b_phase3_multifile_v1_20260806	4	64	2048	True		116	116	False	released_sophon_ensemble	40J7I_R1_v1	HH4b_released_three_model_ensemble	43c7fb9b0860c0f37953a1636b1f1b73fcc320da585d4a446cb45a31a14fdec0	ff90137a4c919f0a07d47cbfb21ead3688ee49856d98a0ff16bbbaa7058eb735	9b0412c8cce16f4684910207ed3b82a1bfb6b74891c554bba1f1c3b4f9347b86	1de0398cb1116200e1ead26886dfc0d6f1c15579dab82ad689c68690509dc449	0.0037434789102164245	0.1240822970867157	0.8721742033958435	0.0012132026053457423	0.08770206570625305	0.9110848903656006	0.0023349988300473967	0.07322784513235092	0.9244371652603149	0.0024305601152031877	0.0950040693084399	0.9025654196739197	137	90	True	False	[813.982421875,0.08139824867248535]	blocked_pending_author_clarification	
777c7ef25bffb3dc66844a8b235360932359c39ff9111c7006904e34b17ace86	Track B	TTbar_forInfer_ntuple	ttbar	ttbar	root://cceos.ihep.ac.cn:1094	/eos/ihep/cms/store/user/coli/datasets/hh4b/inference/TTbar_forInfer_ntuple/selected_ntuples_0037.root	1354590819	e98b74b9	53	high_score_tail_stability_v1	track_b_phase3_multifile_v1_20260806	4	64	2048	True		180	180	False	released_sophon_ensemble	40J7I_R1_v1	HH4b_released_three_model_ensemble	43c7fb9b0860c0f37953a1636b1f1b73fcc320da585d4a446cb45a31a14fdec0	ff90137a4c919f0a07d47cbfb21ead3688ee49856d98a0ff16bbbaa7058eb735	9b0412c8cce16f4684910207ed3b82a1bfb6b74891c554bba1f1c3b4f9347b86	1de0398cb1116200e1ead26886dfc0d6f1c15579dab82ad689c68690509dc449	0.00020642971354500883	8.391664596274495e-05	0.9997095465660095	2.7654989481415426e-05	2.5388403628312517e-06	0.9999697208404541	0.0002940803074049647	6.896904960740358e-05	0.9996368885040283	0.00017605500347712966	5.1808178644326595e-05	0.9997720519701639	137	131	True	False	[813.982421875,0.08139824867248535]	blocked_pending_author_clarification	
784f43d833442b7c67152394707c5ecbabc97a849a63e634e147471fbc77c5ba	Track B	TTbar_forInfer_ntuple	ttbar	ttbar	root://cceos.ihep.ac.cn:1094	/eos/ihep/cms/store/user/coli/datasets/hh4b/inference/TTbar_forInfer_ntuple/selected_ntuples_0037.root	1354590819	e98b74b9	54	high_score_tail_stability_v1	track_b_phase3_multifile_v1_20260806	4	64	2048	True		103	103	False	released_sophon_ensemble	40J7I_R1_v1	HH4b_released_three_model_ensemble	43c7fb9b0860c0f37953a1636b1f1b73fcc320da585d4a446cb45a31a14fdec0	ff90137a4c919f0a07d47cbfb21ead3688ee49856d98a0ff16bbbaa7058eb735	9b0412c8cce16f4684910207ed3b82a1bfb6b74891c554bba1f1c3b4f9347b86	1de0398cb1116200e1ead26886dfc0d6f1c15579dab82ad689c68690509dc449	1.332029086588255e-09	6.498644677943588e-11	1.0	3.661457213057915e-09	8.656392443129324e-12	1.0	2.523493629859991e-10	8.208646436191902e-12	1.0	1.7486118875440565e-09	2.7283828552919036e-11	1.0	137	134	True	False	[813.982421875,0.08139824867248535]	blocked_pending_author_clarification	
4b583bae8a9a3e6f225e843408d937bc80831844570f1193f6f87daba9babe40	Track B	TTbar_forInfer_ntuple	ttbar	ttbar	root://cceos.ihep.ac.cn:1094	/eos/ihep/cms/store/user/coli/datasets/hh4b/inference/TTbar_forInfer_ntuple/selected_ntuples_0037.root	1354590819	e98b74b9	55	high_score_tail_stability_v1	track_b_phase3_multifile_v1_20260806	4	64	2048	True		99	99	False	released_sophon_ensemble	40J7I_R1_v1	HH4b_released_three_model_ensemble	43c7fb9b0860c0f37953a1636b1f1b73fcc320da585d4a446cb45a31a14fdec0	ff90137a4c919f0a07d47cbfb21ead3688ee49856d98a0ff16bbbaa7058eb735	9b0412c8cce16f4684910207ed3b82a1bfb6b74891c554bba1f1c3b4f9347b86	1de0398cb1116200e1ead26886dfc0d6f1c15579dab82ad689c68690509dc449	3.5472850084325307e-09	2.841231971917324e-10	1.0	1.8775172710077947e-10	2.718695711265151e-12	1.0	7.09536400729884e-10	6.452192946593271e-11	1.0	1.4815243787543983e-09	1.1712127412297676e-10	1.0	137	134	True	False	[813.982421875,0.08139824867248535]	blocked_pending_author_clarification	
6d08088edc9960f923ae9a1f809a1884bf00b31573e7001c2631c4f8133bc3b7	Track B	TTbar_forInfer_ntuple	ttbar	ttbar	root://cceos.ihep.ac.cn:1094	/eos/ihep/cms/store/user/coli/datasets/hh4b/inference/TTbar_forInfer_ntuple/selected_ntuples_0037.root	1354590819	e98b74b9	56	high_score_tail_stability_v1	track_b_phase3_multifile_v1_20260806	4	64	2048	True		48	48	False	released_sophon_ensemble	40J7I_R1_v1	HH4b_released_three_model_ensemble	43c7fb9b0860c0f37953a1636b1f1b73fcc320da585d4a446cb45a31a14fdec0	ff90137a4c919f0a07d47cbfb21ead3688ee49856d98a0ff16bbbaa7058eb735	9b0412c8cce16f4684910207ed3b82a1bfb6b74891c554bba1f1c3b4f9347b86	1de0398cb1116200e1ead26886dfc0d6f1c15579dab82ad689c68690509dc449	3.0325989896679286e-11	1.9572134711542954e-12	1.0	7.047138413997053e-12	9.992079050020336e-14	1.0	5.240006446848266e-12	6.992449696520409e-13	1.0	1.4204378252508201e-11	9.187930771021799e-13	1.0	137	134	True	False	[813.982421875,0.08139824867248535]	blocked_pending_author_clarification	
91aa11af2392e795eef287c044b26aa0f4c69d5969fb6a393053d12711eed3f9	Track B	TTbar_forInfer_ntuple	ttbar	ttbar	root://cceos.ihep.ac.cn:1094	/eos/ihep/cms/store/user/coli/datasets/hh4b/inference/TTbar_forInfer_ntuple/selected_ntuples_0037.root	1354590819	e98b74b9	57	high_score_tail_stability_v1	track_b_phase3_multifile_v1_20260806	4	64	2048	True		73	73	False	released_sophon_ensemble	40J7I_R1_v1	HH4b_released_three_model_ensemble	43c7fb9b0860c0f37953a1636b1f1b73fcc320da585d4a446cb45a31a14fdec0	ff90137a4c919f0a07d47cbfb21ead3688ee49856d98a0ff16bbbaa7058eb735	9b0412c8cce16f4684910207ed3b82a1bfb6b74891c554bba1f1c3b4f9347b86	1de0398cb1116200e1ead26886dfc0d6f1c15579dab82ad689c68690509dc449	9.339576455283398e-11	2.4594992709126018e-11	1.0	3.604185386524996e-11	3.260711579217146e-12	1.0	1.0936756828039525e-10	5.0226444531231706e-11	1.0	7.960172889949307e-11	2.602738293985829e-11	1.0	137	114	True	False	[813.982421875,0.08139824867248535]	blocked_pending_author_clarification	
980af9abd03fd26d4d37b8684b002708d60f3760c117ea9a4085761dd84ddf20	Track B	TTbar_forInfer_ntuple	ttbar	ttbar	root://cceos.ihep.ac.cn:1094	/eos/ihep/cms/store/user/coli/datasets/hh4b/inference/TTbar_forInfer_ntuple/selected_ntuples_0037.root	1354590819	e98b74b9	58	high_score_tail_stability_v1	track_b_phase3_multifile_v1_20260806	4	64	2048	True		142	142	False	released_sophon_ensemble	40J7I_R1_v1	HH4b_released_three_model_ensemble	43c7fb9b0860c0f37953a1636b1f1b73fcc320da585d4a446cb45a31a14fdec0	ff90137a4c919f0a07d47cbfb21ead3688ee49856d98a0ff16bbbaa7058eb735	9b0412c8cce16f4684910207ed3b82a1bfb6b74891c554bba1f1c3b4f9347b86	1de0398cb1116200e1ead26886dfc0d6f1c15579dab82ad689c68690509dc449	0.4799768677476095	0.03605276346206665	0.48397037386894226	0.19682097622717265	0.031386300921440125	0.7717927098274231	0.5177523983293213	0.04110502824187279	0.44114255905151367	0.3981834141013678	0.036181364208459854	0.565635214249293	137	19	True	True	[813.982421875,0.08139824867248535]	blocked_pending_author_clarification	
d3b3d76292cd3adab94a88358b6bfbbc51d93e24cad51aa54a367a108c2dc28f	Track B	TTbar_forInfer_ntuple	ttbar	ttbar	root://cceos.ihep.ac.cn:1094	/eos/ihep/cms/store/user/coli/datasets/hh4b/inference/TTbar_forInfer_ntuple/selected_ntuples_0037.root	1354590819	e98b74b9	59	high_score_tail_stability_v1	track_b_phase3_multifile_v1_20260806	4	64	2048	True		125	125	False	released_sophon_ensemble	40J7I_R1_v1	HH4b_released_three_model_ensemble	43c7fb9b0860c0f37953a1636b1f1b73fcc320da585d4a446cb45a31a14fdec0	ff90137a4c919f0a07d47cbfb21ead3688ee49856d98a0ff16bbbaa7058eb735	9b0412c8cce16f4684910207ed3b82a1bfb6b74891c554bba1f1c3b4f9347b86	1de0398cb1116200e1ead26886dfc0d6f1c15579dab82ad689c68690509dc449	8.892451367015848e-08	3.3689360190436446e-09	1.0	1.0626966341733727e-07	1.290991313851464e-09	1.0	9.159432903276426e-09	3.908799950380626e-10	1.0	6.811786999692406e-08	1.6836024426443903e-09	1.0	137	134	True	False	[813.982421875,0.08139824867248535]	blocked_pending_author_clarification	
869fb03b6c6e0d04c050f132666ed1bf524693f0d627a75b8b3aa2f70713c3f0	Track B	TTbar_forInfer_ntuple	ttbar	ttbar	root://cceos.ihep.ac.cn:1094	/eos/ihep/cms/store/user/coli/datasets/hh4b/inference/TTbar_forInfer_ntuple/selected_ntuples_0037.root	1354590819	e98b74b9	60	high_score_tail_stability_v1	track_b_phase3_multifile_v1_20260806	4	64	2048	True		196	196	False	released_sophon_ensemble	40J7I_R1_v1	HH4b_released_three_model_ensemble	43c7fb9b0860c0f37953a1636b1f1b73fcc320da585d4a446cb45a31a14fdec0	ff90137a4c919f0a07d47cbfb21ead3688ee49856d98a0ff16bbbaa7058eb735	9b0412c8cce16f4684910207ed3b82a1bfb6b74891c554bba1f1c3b4f9347b86	1de0398cb1116200e1ead26886dfc0d6f1c15579dab82ad689c68690509dc449	0.008661045131930223	0.008680468425154686	0.9826583862304688	0.016883618415704404	0.014677587896585464	0.9684386849403381	0.02751268912697924	0.015135440044105053	0.9573518633842468	0.01768578422487129	0.012831165455281734	0.9694829781850179	137	132	True	False	[813.982421875,0.08139824867248535]	blocked_pending_author_clarification	
6dfe77ef4bb01cf99ba4fccdaa86b499b1930c2d066e2a1ea340949ff74ffe02	Track B	TTbar_forInfer_ntuple	ttbar	ttbar	root://cceos.ihep.ac.cn:1094	/eos/ihep/cms/store/user/coli/datasets/hh4b/inference/TTbar_forInfer_ntuple/selected_ntuples_0037.root	1354590819	e98b74b9	61	high_score_tail_stability_v1	track_b_phase3_multifile_v1_20260806	4	64	2048	True		50	50	False	released_sophon_ensemble	40J7I_R1_v1	HH4b_released_three_model_ensemble	43c7fb9b0860c0f37953a1636b1f1b73fcc320da585d4a446cb45a31a14fdec0	ff90137a4c919f0a07d47cbfb21ead3688ee49856d98a0ff16bbbaa7058eb735	9b0412c8cce16f4684910207ed3b82a1bfb6b74891c554bba1f1c3b4f9347b86	1de0398cb1116200e1ead26886dfc0d6f1c15579dab82ad689c68690509dc449	8.865867642175597e-12	2.1383808894610834e-13	1.0	1.3992844786319734e-12	1.1946817809387143e-14	1.0	3.282791469110072e-12	5.892266384012468e-13	1.0	4.515981196639214e-12	2.7167051505224744e-13	1.0	137	134	True	False	[813.982421875,0.08139824867248535]	blocked_pending_author_clarification	
b65c279f7eda92b439597dd6fa5b61987f744dae59cb7c67731706b23def30ca	Track B	TTbar_forInfer_ntuple	ttbar	ttbar	root://cceos.ihep.ac.cn:1094	/eos/ihep/cms/store/user/coli/datasets/hh4b/inference/TTbar_forInfer_ntuple/selected_ntuples_0037.root	1354590819	e98b74b9	62	high_score_tail_stability_v1	track_b_phase3_multifile_v1_20260806	4	64	2048	True		136	136	False	released_sophon_ensemble	40J7I_R1_v1	HH4b_released_three_model_ensemble	43c7fb9b0860c0f37953a1636b1f1b73fcc320da585d4a446cb45a31a14fdec0	ff90137a4c919f0a07d47cbfb21ead3688ee49856d98a0ff16bbbaa7058eb735	9b0412c8cce16f4684910207ed3b82a1bfb6b74891c554bba1f1c3b4f9347b86	1de0398cb1116200e1ead26886dfc0d6f1c15579dab82ad689c68690509dc449	1.2556616111990333e-11	3.8502052024033673e-13	1.0	1.0581574799133627e-11	9.707420414381551e-14	1.0	4.433297285058494e-11	5.133078424118809e-12	1.0	2.2490387920569632e-11	1.87172438283432e-12	1.0	137	114	True	False	[813.982421875,0.08139824867248535]	blocked_pending_author_clarification	
1cd680d1d04c1b5e804086b3320c09858ea64d69259fb7d00e20b49a24b15eaf	Track B	TTbar_forInfer_ntuple	ttbar	ttbar	root://cceos.ihep.ac.cn:1094	/eos/ihep/cms/store/user/coli/datasets/hh4b/inference/TTbar_forInfer_ntuple/selected_ntuples_0037.root	1354590819	e98b74b9	63	high_score_tail_stability_v1	track_b_phase3_multifile_v1_20260806	4	64	2048	True		56	56	False	released_sophon_ensemble	40J7I_R1_v1	HH4b_released_three_model_ensemble	43c7fb9b0860c0f37953a1636b1f1b73fcc320da585d4a446cb45a31a14fdec0	ff90137a4c919f0a07d47cbfb21ead3688ee49856d98a0ff16bbbaa7058eb735	9b0412c8cce16f4684910207ed3b82a1bfb6b74891c554bba1f1c3b4f9347b86	1de0398cb1116200e1ead26886dfc0d6f1c15579dab82ad689c68690509dc449	5.603323673538476e-13	4.4650362644423416e-14	1.0	1.011364162920048e-13	1.5131652797217366e-15	1.0	4.985691328728168e-12	2.458447508069117e-12	1.0	1.8823867041246737e-12	8.348703453310874e-13	1.0	137	114	True	False	[813.982421875,0.08139824867248535]	blocked_pending_author_clarification	
3bb80882ba8d40716edc1dc6bc5a1737e0d70c91f29085f237e81067e0999ca1	Track B	ZJetsToQQ_DelphesHH4JTrig_merged_ntuple	zjets	zjets	root://cceos.ihep.ac.cn:1094	/eos/ihep/cms/store/user/coli/datasets/hh4b/inference/ZJetsToQQ_DelphesHH4JTrig_merged_ntuple/ZJetsToQQ_DelphesHH4JTrig_ntuple_id2500-2999.root	1749925223	cc5209ec	0	high_score_tail_stability_v1	track_b_phase3_multifile_v1_20260806	7	64	2048	True		101	101	False	released_sophon_ensemble	40J7I_R1_v1	HH4b_released_three_model_ensemble	43c7fb9b0860c0f37953a1636b1f1b73fcc320da585d4a446cb45a31a14fdec0	ff90137a4c919f0a07d47cbfb21ead3688ee49856d98a0ff16bbbaa7058eb735	9b0412c8cce16f4684910207ed3b82a1bfb6b74891c554bba1f1c3b4f9347b86	1de0398cb1116200e1ead26886dfc0d6f1c15579dab82ad689c68690509dc449	0.03612544832782305	0.9638388752937317	3.555726652848534e-05	0.05348862968554613	0.9464816451072693	2.9650498618138954e-05	0.030390477563571494	0.9695791602134705	3.036590715055354e-05	0.04000151852564689	0.9599665602048238	3.185789076572595e-05	136	67	True	False	[1247.1405029296875,0.12471404671669006]	blocked_pending_author_clarification	
0c2d979e957c49822405d06dba6402e949f40ac4a68a388ac82323b1ae7cb12b	Track B	ZJetsToQQ_DelphesHH4JTrig_merged_ntuple	zjets	zjets	root://cceos.ihep.ac.cn:1094	/eos/ihep/cms/store/user/coli/datasets/hh4b/inference/ZJetsToQQ_DelphesHH4JTrig_merged_ntuple/ZJetsToQQ_DelphesHH4JTrig_ntuple_id2500-2999.root	1749925223	cc5209ec	1	high_score_tail_stability_v1	track_b_phase3_multifile_v1_20260806	7	64	2048	True		99	99	False	released_sophon_ensemble	40J7I_R1_v1	HH4b_released_three_model_ensemble	43c7fb9b0860c0f37953a1636b1f1b73fcc320da585d4a446cb45a31a14fdec0	ff90137a4c919f0a07d47cbfb21ead3688ee49856d98a0ff16bbbaa7058eb735	9b0412c8cce16f4684910207ed3b82a1bfb6b74891c554bba1f1c3b4f9347b86	1de0398cb1116200e1ead26886dfc0d6f1c15579dab82ad689c68690509dc449	0.00034768005719598705	0.9996479749679565	4.394106781546725e-06	0.00028877299529739275	0.9997088313102722	2.288530595251359e-06	0.0001202199612793109	0.999876856803894	2.8816377835028106e-06	0.0002522243379242302	0.9997445543607076	3.188091720100298e-06	136	90	True	False	[1247.1405029296875,0.12471404671669006]	blocked_pending_author_clarification	
45ce866ea01add548d6cd5ae11fa2a30310348ca9226af747cbe79820ca49920	Track B	ZJetsToQQ_DelphesHH4JTrig_merged_ntuple	zjets	zjets	root://cceos.ihep.ac.cn:1094	/eos/ihep/cms/store/user/coli/datasets/hh4b/inference/ZJetsToQQ_DelphesHH4JTrig_merged_ntuple/ZJetsToQQ_DelphesHH4JTrig_ntuple_id2500-2999.root	1749925223	cc5209ec	2	high_score_tail_stability_v1	track_b_phase3_multifile_v1_20260806	7	64	2048	True		110	110	False	released_sophon_ensemble	40J7I_R1_v1	HH4b_released_three_model_ensemble	43c7fb9b0860c0f37953a1636b1f1b73fcc320da585d4a446cb45a31a14fdec0	ff90137a4c919f0a07d47cbfb21ead3688ee49856d98a0ff16bbbaa7058eb735	9b0412c8cce16f4684910207ed3b82a1bfb6b74891c554bba1f1c3b4f9347b86	1de0398cb1116200e1ead26886dfc0d6f1c15579dab82ad689c68690509dc449	0.018430015261401422	0.9812663793563843	0.0003035827539861202	0.04071717715487466	0.9590266346931458	0.00025604298571124673	0.0013624267915588462	0.9985663294792175	7.124857074813917e-05	0.02016987306927831	0.9796197811762491	0.0002102914368151687	136	82	True	True	[1247.1405029296875,0.12471404671669006]	blocked_pending_author_clarification	
d3f3f5f8255a0965daee72f03ad267cd2b5b9fe7a3504c8c6cd7b7612761160f	Track B	ZJetsToQQ_DelphesHH4JTrig_merged_ntuple	zjets	zjets	root://cceos.ihep.ac.cn:1094	/eos/ihep/cms/store/user/coli/datasets/hh4b/inference/ZJetsToQQ_DelphesHH4JTrig_merged_ntuple/ZJetsToQQ_DelphesHH4JTrig_ntuple_id2500-2999.root	1749925223	cc5209ec	3	high_score_tail_stability_v1	track_b_phase3_multifile_v1_20260806	7	64	2048	True		97	97	False	released_sophon_ensemble	40J7I_R1_v1	HH4b_released_three_model_ensemble	43c7fb9b0860c0f37953a1636b1f1b73fcc320da585d4a446cb45a31a14fdec0	ff90137a4c919f0a07d47cbfb21ead3688ee49856d98a0ff16bbbaa7058eb735	9b0412c8cce16f4684910207ed3b82a1bfb6b74891c554bba1f1c3b4f9347b86	1de0398cb1116200e1ead26886dfc0d6f1c15579dab82ad689c68690509dc449	0.3085689542494947	0.691228449344635	0.00020261573081370443	0.26574308110321	0.7333428263664246	0.0009141000919044018	0.4205984517129764	0.5792362093925476	0.00016532342124264687	0.3316368290218937	0.667935828367869	0.00042734641465358436	136	7	True	False	[1247.1405029296875,0.12471404671669006]	blocked_pending_author_clarification	
6dc0c594e898a4cbf57151250b0b6539c91c5c13f68ea2e5f07dc54310586396	Track B	ZJetsToQQ_DelphesHH4JTrig_merged_ntuple	zjets	zjets	root://cceos.ihep.ac.cn:1094	/eos/ihep/cms/store/user/coli/datasets/hh4b/inference/ZJetsToQQ_DelphesHH4JTrig_merged_ntuple/ZJetsToQQ_DelphesHH4JTrig_ntuple_id2500-2999.root	1749925223	cc5209ec	4	high_score_tail_stability_v1	track_b_phase3_multifile_v1_20260806	7	64	2048	True		167	167	False	released_sophon_ensemble	40J7I_R1_v1	HH4b_released_three_model_ensemble	43c7fb9b0860c0f37953a1636b1f1b73fcc320da585d4a446cb45a31a14fdec0	ff90137a4c919f0a07d47cbfb21ead3688ee49856d98a0ff16bbbaa7058eb735	9b0412c8cce16f4684910207ed3b82a1bfb6b74891c554bba1f1c3b4f9347b86	1de0398cb1116200e1ead26886dfc0d6f1c15579dab82ad689c68690509dc449	0.9878961454548971	0.012039955705404282	6.387980829458684e-05	0.9823765908995483	0.01756574772298336	5.754639278165996e-05	0.9863515281208493	0.01357302162796259	7.548555004177615e-05	0.9855414214917648	0.014392908352116743	6.563725037267432e-05	30	30	True	True	[1247.1405029296875,0.12471404671669006]	blocked_pending_author_clarification	
f0c429c0f9706b8260f0ae584235de2dcb4f8a200dd7a0f519060678386da4c9	Track B	ZJetsToQQ_DelphesHH4JTrig_merged_ntuple	zjets	zjets	root://cceos.ihep.ac.cn:1094	/eos/ihep/cms/store/user/coli/datasets/hh4b/inference/ZJetsToQQ_DelphesHH4JTrig_merged_ntuple/ZJetsToQQ_DelphesHH4JTrig_ntuple_id2500-2999.root	1749925223	cc5209ec	5	high_score_tail_stability_v1	track_b_phase3_multifile_v1_20260806	7	64	2048	True		78	78	False	released_sophon_ensemble	40J7I_R1_v1	HH4b_released_three_model_ensemble	43c7fb9b0860c0f37953a1636b1f1b73fcc320da585d4a446cb45a31a14fdec0	ff90137a4c919f0a07d47cbfb21ead3688ee49856d98a0ff16bbbaa7058eb735	9b0412c8cce16f4684910207ed3b82a1bfb6b74891c554bba1f1c3b4f9347b86	1de0398cb1116200e1ead26886dfc0d6f1c15579dab82ad689c68690509dc449	0.13506610659601392	0.8454221487045288	0.01951170153915882	0.09454247079747802	0.8996487855911255	0.005808754358440638	0.09344659325279281	0.900339663028717	0.006213697139173746	0.10768505688209493	0.8818035324414571	0.010511384345591068	136	109	True	False	[1247.1405029296875,0.12471404671669006]	blocked_pending_author_clarification	
d5f3fdb8f2cbf133b849d9fe663a332ab4ad8ab4bc1f0dc32fa0bce2b61eb8c3	Track B	ZJetsToQQ_DelphesHH4JTrig_merged_ntuple	zjets	zjets	root://cceos.ihep.ac.cn:1094	/eos/ihep/cms/store/user/coli/datasets/hh4b/inference/ZJetsToQQ_DelphesHH4JTrig_merged_ntuple/ZJetsToQQ_DelphesHH4JTrig_ntuple_id2500-2999.root	1749925223	cc5209ec	6	high_score_tail_stability_v1	track_b_phase3_multifile_v1_20260806	7	64	2048	True		163	163	False	released_sophon_ensemble	40J7I_R1_v1	HH4b_released_three_model_ensemble	43c7fb9b0860c0f37953a1636b1f1b73fcc320da585d4a446cb45a31a14fdec0	ff90137a4c919f0a07d47cbfb21ead3688ee49856d98a0ff16bbbaa7058eb735	9b0412c8cce16f4684910207ed3b82a1bfb6b74891c554bba1f1c3b4f9347b86	1de0398cb1116200e1ead26886dfc0d6f1c15579dab82ad689c68690509dc449	0.005187568440661039	0.8588923811912537	0.13592003285884857	0.003952198249407957	0.8351964354515076	0.1608513444662094	0.008919390151561402	0.7128201127052307	0.2782604694366455	0.0060197189472101335	0.8023029764493307	0.19167728225390115	136	77	True	False	[1247.1405029296875,0.12471404671669006]	blocked_pending_author_clarification	
f15686cac758b97009432e3ee7cd0df3fb5103b1d4a28a988f6fc78dd636551a	Track B	ZJetsToQQ_DelphesHH4JTrig_merged_ntuple	zjets	zjets	root://cceos.ihep.ac.cn:1094	/eos/ihep/cms/store/user/coli/datasets/hh4b/inference/ZJetsToQQ_DelphesHH4JTrig_merged_ntuple/ZJetsToQQ_DelphesHH4JTrig_ntuple_id2500-2999.root	1749925223	cc5209ec	7	high_score_tail_stability_v1	track_b_phase3_multifile_v1_20260806	7	64	2048	True		146	146	False	released_sophon_ensemble	40J7I_R1_v1	HH4b_released_three_model_ensemble	43c7fb9b0860c0f37953a1636b1f1b73fcc320da585d4a446cb45a31a14fdec0	ff90137a4c919f0a07d47cbfb21ead3688ee49856d98a0ff16bbbaa7058eb735	9b0412c8cce16f4684910207ed3b82a1bfb6b74891c554bba1f1c3b4f9347b86	1de0398cb1116200e1ead26886dfc0d6f1c15579dab82ad689c68690509dc449	0.5463201688507979	0.45340287685394287	0.0002769402926787734	0.49882903599063866	0.5009206533432007	0.0002502555726096034	0.269299613617477	0.7304214239120483	0.00027898052940145135	0.4381496061529712	0.5615816513697306	0.00026872546489660937	136	71	True	False	[1247.1405029296875,0.12471404671669006]	blocked_pending_author_clarification	
b11a7c58775a9cfc2f4a5484f8aa385cc881c9df0e1b7bb8cce5c23d28327d01	Track B	ZJetsToQQ_DelphesHH4JTrig_merged_ntuple	zjets	zjets	root://cceos.ihep.ac.cn:1094	/eos/ihep/cms/store/user/coli/datasets/hh4b/inference/ZJetsToQQ_DelphesHH4JTrig_merged_ntuple/ZJetsToQQ_DelphesHH4JTrig_ntuple_id2500-2999.root	1749925223	cc5209ec	8	high_score_tail_stability_v1	track_b_phase3_multifile_v1_20260806	7	64	2048	True		94	94	False	released_sophon_ensemble	40J7I_R1_v1	HH4b_released_three_model_ensemble	43c7fb9b0860c0f37953a1636b1f1b73fcc320da585d4a446cb45a31a14fdec0	ff90137a4c919f0a07d47cbfb21ead3688ee49856d98a0ff16bbbaa7058eb735	9b0412c8cce16f4684910207ed3b82a1bfb6b74891c554bba1f1c3b4f9347b86	1de0398cb1116200e1ead26886dfc0d6f1c15579dab82ad689c68690509dc449	0.011135516278955038	0.988699734210968	0.0001647638709982857	0.012050629570239835	0.9878554940223694	9.39041783567518e-05	0.020791736969840713	0.9790627956390381	0.00014538021059706807	0.014659294273011863	0.9852060079574585	0.00013468275331736854	136	71	True	False	[1247.1405029296875,0.12471404671669006]	blocked_pending_author_clarification	
0f9843c27dc01db9cf1be6f698c145bd57d88289436a7b100065074efb9c47f6	Track B	ZJetsToQQ_DelphesHH4JTrig_merged_ntuple	zjets	zjets	root://cceos.ihep.ac.cn:1094	/eos/ihep/cms/store/user/coli/datasets/hh4b/inference/ZJetsToQQ_DelphesHH4JTrig_merged_ntuple/ZJetsToQQ_DelphesHH4JTrig_ntuple_id2500-2999.root	1749925223	cc5209ec	9	high_score_tail_stability_v1	track_b_phase3_multifile_v1_20260806	7	64	2048	True		78	78	False	released_sophon_ensemble	40J7I_R1_v1	HH4b_released_three_model_ensemble	43c7fb9b0860c0f37953a1636b1f1b73fcc320da585d4a446cb45a31a14fdec0	ff90137a4c919f0a07d47cbfb21ead3688ee49856d98a0ff16bbbaa7058eb735	9b0412c8cce16f4684910207ed3b82a1bfb6b74891c554bba1f1c3b4f9347b86	1de0398cb1116200e1ead26886dfc0d6f1c15579dab82ad689c68690509dc449	0.016973126193306598	0.9829486012458801	7.821025064913556e-05	0.014204734889176507	0.9857572913169861	3.807379471254535e-05	0.024071306414953142	0.9758833050727844	4.5271259295986965e-05	0.018416389165812085	0.9815297325452169	5.385176821922263e-05	136	77	True	False	[1247.1405029296875,0.12471404671669006]	blocked_pending_author_clarification	
13f6c328c1310173fdb72c1c6adde1746a2bbff597e528b9dc844ffb4bd202cc	Track B	ZJetsToQQ_DelphesHH4JTrig_merged_ntuple	zjets	zjets	root://cceos.ihep.ac.cn:1094	/eos/ihep/cms/store/user/coli/datasets/hh4b/inference/ZJetsToQQ_DelphesHH4JTrig_merged_ntuple/ZJetsToQQ_DelphesHH4JTrig_ntuple_id2500-2999.root	1749925223	cc5209ec	10	high_score_tail_stability_v1	track_b_phase3_multifile_v1_20260806	7	64	2048	True		172	172	False	released_sophon_ensemble	40J7I_R1_v1	HH4b_released_three_model_ensemble	43c7fb9b0860c0f37953a1636b1f1b73fcc320da585d4a446cb45a31a14fdec0	ff90137a4c919f0a07d47cbfb21ead3688ee49856d98a0ff16bbbaa7058eb735	9b0412c8cce16f4684910207ed3b82a1bfb6b74891c554bba1f1c3b4f9347b86	1de0398cb1116200e1ead26886dfc0d6f1c15579dab82ad689c68690509dc449	0.5226385301793925	0.4619995057582855	0.015362006612122059	0.45299716549925506	0.5366771221160889	0.01032569631934166	0.5712184305302799	0.4068130850791931	0.021968398243188858	0.5156180420696426	0.4684965709845225	0.015885367058217525	136	15	True	False	[1247.1405029296875,0.12471404671669006]	blocked_pending_author_clarification	
b4a548fe4036936cb65ef62c013e26018cc2fd8b9db50bff226368483bffe174	Track B	ZJetsToQQ_DelphesHH4JTrig_merged_ntuple	zjets	zjets	root://cceos.ihep.ac.cn:1094	/eos/ihep/cms/store/user/coli/datasets/hh4b/inference/ZJetsToQQ_DelphesHH4JTrig_merged_ntuple/ZJetsToQQ_DelphesHH4JTrig_ntuple_id2500-2999.root	1749925223	cc5209ec	11	high_score_tail_stability_v1	track_b_phase3_multifile_v1_20260806	7	64	2048	True		157	157	False	released_sophon_ensemble	40J7I_R1_v1	HH4b_released_three_model_ensemble	43c7fb9b0860c0f37953a1636b1f1b73fcc320da585d4a446cb45a31a14fdec0	ff90137a4c919f0a07d47cbfb21ead3688ee49856d98a0ff16bbbaa7058eb735	9b0412c8cce16f4684910207ed3b82a1bfb6b74891c554bba1f1c3b4f9347b86	1de0398cb1116200e1ead26886dfc0d6f1c15579dab82ad689c68690509dc449	0.10705348241526735	0.8927805423736572	0.00016595701163168997	0.07874531472225499	0.9207918643951416	0.0004628349852282554	0.15606529950400727	0.8435519337654114	0.00038284200127236545	0.11395469888050987	0.8857081135114034	0.00033721133271077025	136	59	True	False	[1247.1405029296875,0.12471404671669006]	blocked_pending_author_clarification	
e3033992495764d6b7d26898b14a328bb12603971707b8347bdbba15afdc5041	Track B	ZJetsToQQ_DelphesHH4JTrig_merged_ntuple	zjets	zjets	root://cceos.ihep.ac.cn:1094	/eos/ihep/cms/store/user/coli/datasets/hh4b/inference/ZJetsToQQ_DelphesHH4JTrig_merged_ntuple/ZJetsToQQ_DelphesHH4JTrig_ntuple_id2500-2999.root	1749925223	cc5209ec	12	high_score_tail_stability_v1	track_b_phase3_multifile_v1_20260806	7	64	2048	True		166	166	False	released_sophon_ensemble	40J7I_R1_v1	HH4b_released_three_model_ensemble	43c7fb9b0860c0f37953a1636b1f1b73fcc320da585d4a446cb45a31a14fdec0	ff90137a4c919f0a07d47cbfb21ead3688ee49856d98a0ff16bbbaa7058eb735	9b0412c8cce16f4684910207ed3b82a1bfb6b74891c554bba1f1c3b4f9347b86	1de0398cb1116200e1ead26886dfc0d6f1c15579dab82ad689c68690509dc449	0.2174704431927239	0.7753210663795471	0.0072085559368133545	0.20273527085737442	0.7842318415641785	0.013032839633524418	0.1918908780789934	0.7990577220916748	0.00905127264559269	0.2040321973763639	0.7862035433451334	0.009764222738643488	136	90	True	False	[1247.1405029296875,0.12471404671669006]	blocked_pending_author_clarification	
54af79aa681493faa55e59b046fe5bf1040ab61af462806356afa4bd2c24d666	Track B	ZJetsToQQ_DelphesHH4JTrig_merged_ntuple	zjets	zjets	root://cceos.ihep.ac.cn:1094	/eos/ihep/cms/store/user/coli/datasets/hh4b/inference/ZJetsToQQ_DelphesHH4JTrig_merged_ntuple/ZJetsToQQ_DelphesHH4JTrig_ntuple_id2500-2999.root	1749925223	cc5209ec	13	high_score_tail_stability_v1	track_b_phase3_multifile_v1_20260806	7	64	2048	True		107	107	False	released_sophon_ensemble	40J7I_R1_v1	HH4b_released_three_model_ensemble	43c7fb9b0860c0f37953a1636b1f1b73fcc320da585d4a446cb45a31a14fdec0	ff90137a4c919f0a07d47cbfb21ead3688ee49856d98a0ff16bbbaa7058eb735	9b0412c8cce16f4684910207ed3b82a1bfb6b74891c554bba1f1c3b4f9347b86	1de0398cb1116200e1ead26886dfc0d6f1c15579dab82ad689c68690509dc449	0.12700438553838467	0.6404690146446228	0.23252663016319275	0.13648842732709454	0.6399136185646057	0.22359789907932281	0.4593164791294839	0.34040236473083496	0.2002810537815094	0.2409364306649877	0.5402616659800211	0.21880186100800833	136	73	True	False	[1247.1405029296875,0.12471404671669006]	blocked_pending_author_clarification	
2d1d62cb3ee13cd4280987a99401d785e8a54fbce93bcd0fb309b1b2c8c5cb01	Track B	ZJetsToQQ_DelphesHH4JTrig_merged_ntuple	zjets	zjets	root://cceos.ihep.ac.cn:1094	/eos/ihep/cms/store/user/coli/datasets/hh4b/inference/ZJetsToQQ_DelphesHH4JTrig_merged_ntuple/ZJetsToQQ_DelphesHH4JTrig_ntuple_id2500-2999.root	1749925223	cc5209ec	14	high_score_tail_stability_v1	track_b_phase3_multifile_v1_20260806	7	64	2048	True		181	181	False	released_sophon_ensemble	40J7I_R1_v1	HH4b_released_three_model_ensemble	43c7fb9b0860c0f37953a1636b1f1b73fcc320da585d4a446cb45a31a14fdec0	ff90137a4c919f0a07d47cbfb21ead3688ee49856d98a0ff16bbbaa7058eb735	9b0412c8cce16f4684910207ed3b82a1bfb6b74891c554bba1f1c3b4f9347b86	1de0398cb1116200e1ead26886dfc0d6f1c15579dab82ad689c68690509dc449	0.20169454978895374	0.12178697437047958	0.6765184998512268	0.16858494313783012	0.12180936336517334	0.7096057534217834	0.16927001977455802	0.12269574403762817	0.7080342173576355	0.17984983756711398	0.1220973605910937	0.6980528235435486	137	15	True	True	[1247.1405029296875,0.12471404671669006]	blocked_pending_author_clarification	
1c0b04c4f35fde588c6feea485c66b39ab289e3d82c69002b4aecfe827d13f4d	Track B	ZJetsToQQ_DelphesHH4JTrig_merged_ntuple	zjets	zjets	root://cceos.ihep.ac.cn:1094	/eos/ihep/cms/store/user/coli/datasets/hh4b/inference/ZJetsToQQ_DelphesHH4JTrig_merged_ntuple/ZJetsToQQ_DelphesHH4JTrig_ntuple_id2500-2999.root	1749925223	cc5209ec	15	high_score_tail_stability_v1	track_b_phase3_multifile_v1_20260806	7	64	2048	True		152	152	False	released_sophon_ensemble	40J7I_R1_v1	HH4b_released_three_model_ensemble	43c7fb9b0860c0f37953a1636b1f1b73fcc320da585d4a446cb45a31a14fdec0	ff90137a4c919f0a07d47cbfb21ead3688ee49856d98a0ff16bbbaa7058eb735	9b0412c8cce16f4684910207ed3b82a1bfb6b74891c554bba1f1c3b4f9347b86	1de0398cb1116200e1ead26886dfc0d6f1c15579dab82ad689c68690509dc449	0.9457614941366046	0.05248911678791046	0.0017493115738034248	0.8855982029199367	0.11286991089582443	0.001531896647065878	0.897497883928736	0.10028429329395294	0.0022177204955369234	0.9096191936617591	0.08854777365922928	0.0018329762388020754	136	6	False	True	[1247.1405029296875,0.12471404671669006]	blocked_pending_author_clarification	
3b09ad95800e70a801cd5375bd82eac5725b193d00a265ecf2b59146fcda0251	Track B	ZJetsToQQ_DelphesHH4JTrig_merged_ntuple	zjets	zjets	root://cceos.ihep.ac.cn:1094	/eos/ihep/cms/store/user/coli/datasets/hh4b/inference/ZJetsToQQ_DelphesHH4JTrig_merged_ntuple/ZJetsToQQ_DelphesHH4JTrig_ntuple_id2500-2999.root	1749925223	cc5209ec	16	high_score_tail_stability_v1	track_b_phase3_multifile_v1_20260806	7	64	2048	True		186	186	False	released_sophon_ensemble	40J7I_R1_v1	HH4b_released_three_model_ensemble	43c7fb9b0860c0f37953a1636b1f1b73fcc320da585d4a446cb45a31a14fdec0	ff90137a4c919f0a07d47cbfb21ead3688ee49856d98a0ff16bbbaa7058eb735	9b0412c8cce16f4684910207ed3b82a1bfb6b74891c554bba1f1c3b4f9347b86	1de0398cb1116200e1ead26886dfc0d6f1c15579dab82ad689c68690509dc449	0.12285982277990115	0.8743630647659302	0.0027769887819886208	0.09422225944467755	0.9034444093704224	0.0023334224242717028	0.04433202737027386	0.9540631771087646	0.001604773453436792	0.08713803653161752	0.9106235504150391	0.0022383948865657053	136	59	True	True	[1247.1405029296875,0.12471404671669006]	blocked_pending_author_clarification	
1ee5be7f616687f705b84b9b060e7218a0d1a52cc5468ab65cef8c001cdc3d9e	Track B	ZJetsToQQ_DelphesHH4JTrig_merged_ntuple	zjets	zjets	root://cceos.ihep.ac.cn:1094	/eos/ihep/cms/store/user/coli/datasets/hh4b/inference/ZJetsToQQ_DelphesHH4JTrig_merged_ntuple/ZJetsToQQ_DelphesHH4JTrig_ntuple_id2500-2999.root	1749925223	cc5209ec	17	high_score_tail_stability_v1	track_b_phase3_multifile_v1_20260806	7	64	2048	True		127	127	False	released_sophon_ensemble	40J7I_R1_v1	HH4b_released_three_model_ensemble	43c7fb9b0860c0f37953a1636b1f1b73fcc320da585d4a446cb45a31a14fdec0	ff90137a4c919f0a07d47cbfb21ead3688ee49856d98a0ff16bbbaa7058eb735	9b0412c8cce16f4684910207ed3b82a1bfb6b74891c554bba1f1c3b4f9347b86	1de0398cb1116200e1ead26886dfc0d6f1c15579dab82ad689c68690509dc449	0.023600543427164666	0.9758973717689514	0.000502033275552094	0.017233548860303927	0.9823732376098633	0.0003932253457605839	0.02489580719065998	0.9743236303329468	0.0007805228815414011	0.021909966492709522	0.9775314132372538	0.000558593834284693	136	132	True	False	[1247.1405029296875,0.12471404671669006]	blocked_pending_author_clarification	
7008f85b9037256cd6767b9d5cd51b63a0bbcefad30b71e28b4f66c53550eae1	Track B	ZJetsToQQ_DelphesHH4JTrig_merged_ntuple	zjets	zjets	root://cceos.ihep.ac.cn:1094	/eos/ihep/cms/store/user/coli/datasets/hh4b/inference/ZJetsToQQ_DelphesHH4JTrig_merged_ntuple/ZJetsToQQ_DelphesHH4JTrig_ntuple_id2500-2999.root	1749925223	cc5209ec	18	high_score_tail_stability_v1	track_b_phase3_multifile_v1_20260806	7	64	2048	True		101	101	False	released_sophon_ensemble	40J7I_R1_v1	HH4b_released_three_model_ensemble	43c7fb9b0860c0f37953a1636b1f1b73fcc320da585d4a446cb45a31a14fdec0	ff90137a4c919f0a07d47cbfb21ead3688ee49856d98a0ff16bbbaa7058eb735	9b0412c8cce16f4684910207ed3b82a1bfb6b74891c554bba1f1c3b4f9347b86	1de0398cb1116200e1ead26886dfc0d6f1c15579dab82ad689c68690509dc449	0.18910605712744655	0.7985712289810181	0.012322742491960526	0.12308222233878041	0.8705689907073975	0.0063486541621387005	0.3445063899616798	0.6493794322013855	0.00611417880281806	0.21889822314263557	0.772839883963267	0.008261858485639095	136	117	True	False	[1247.1405029296875,0.12471404671669006]	blocked_pending_author_clarification	
aaf3fe6d5724ec59db3405e7f581d625b1bcfedab56f03a5c6beeb2004924098	Track B	ZJetsToQQ_DelphesHH4JTrig_merged_ntuple	zjets	zjets	root://cceos.ihep.ac.cn:1094	/eos/ihep/cms/store/user/coli/datasets/hh4b/inference/ZJetsToQQ_DelphesHH4JTrig_merged_ntuple/ZJetsToQQ_DelphesHH4JTrig_ntuple_id2500-2999.root	1749925223	cc5209ec	19	high_score_tail_stability_v1	track_b_phase3_multifile_v1_20260806	7	64	2048	True		124	124	False	released_sophon_ensemble	40J7I_R1_v1	HH4b_released_three_model_ensemble	43c7fb9b0860c0f37953a1636b1f1b73fcc320da585d4a446cb45a31a14fdec0	ff90137a4c919f0a07d47cbfb21ead3688ee49856d98a0ff16bbbaa7058eb735	9b0412c8cce16f4684910207ed3b82a1bfb6b74891c554bba1f1c3b4f9347b86	1de0398cb1116200e1ead26886dfc0d6f1c15579dab82ad689c68690509dc449	0.07244470853993334	0.9253680109977722	0.0021873763762414455	0.07935718144562998	0.91905677318573	0.001586093450896442	0.1418378023263358	0.8541167974472046	0.004045318812131882	0.0978798974372997	0.899513860543569	0.00260626287975659	136	32	True	True	[1247.1405029296875,0.12471404671669006]	blocked_pending_author_clarification	
d227e1280f767cad0170d9560d55904432ce262700ad533782c4249858d03e6d	Track B	ZJetsToQQ_DelphesHH4JTrig_merged_ntuple	zjets	zjets	root://cceos.ihep.ac.cn:1094	/eos/ihep/cms/store/user/coli/datasets/hh4b/inference/ZJetsToQQ_DelphesHH4JTrig_merged_ntuple/ZJetsToQQ_DelphesHH4JTrig_ntuple_id2500-2999.root	1749925223	cc5209ec	20	high_score_tail_stability_v1	track_b_phase3_multifile_v1_20260806	7	64	2048	True		144	144	False	released_sophon_ensemble	40J7I_R1_v1	HH4b_released_three_model_ensemble	43c7fb9b0860c0f37953a1636b1f1b73fcc320da585d4a446cb45a31a14fdec0	ff90137a4c919f0a07d47cbfb21ead3688ee49856d98a0ff16bbbaa7058eb735	9b0412c8cce16f4684910207ed3b82a1bfb6b74891c554bba1f1c3b4f9347b86	1de0398cb1116200e1ead26886dfc0d6f1c15579dab82ad689c68690509dc449	0.45266353764236555	0.5393972992897034	0.007939045317471027	0.6550343032868113	0.3359634280204773	0.009002230130136013	0.5474193346326501	0.45137372612953186	0.0012069247895851731	0.5517057251872757	0.4422448178132375	0.006049400079064071	136	68	True	False	[1247.1405029296875,0.12471404671669006]	blocked_pending_author_clarification	
d4913750a442d09a25a0534f17a825a618363a116a87b9876d9799aab6a4d9d9	Track B	ZJetsToQQ_DelphesHH4JTrig_merged_ntuple	zjets	zjets	root://cceos.ihep.ac.cn:1094	/eos/ihep/cms/store/user/coli/datasets/hh4b/inference/ZJetsToQQ_DelphesHH4JTrig_merged_ntuple/ZJetsToQQ_DelphesHH4JTrig_ntuple_id2500-2999.root	1749925223	cc5209ec	21	high_score_tail_stability_v1	track_b_phase3_multifile_v1_20260806	7	64	2048	True		168	168	False	released_sophon_ensemble	40J7I_R1_v1	HH4b_released_three_model_ensemble	43c7fb9b0860c0f37953a1636b1f1b73fcc320da585d4a446cb45a31a14fdec0	ff90137a4c919f0a07d47cbfb21ead3688ee49856d98a0ff16bbbaa7058eb735	9b0412c8cce16f4684910207ed3b82a1bfb6b74891c554bba1f1c3b4f9347b86	1de0398cb1116200e1ead26886dfc0d6f1c15579dab82ad689c68690509dc449	0.012478915406518354	0.9871389269828796	0.00038220849819481373	0.008147520492912008	0.9916149377822876	0.00023762955970596522	0.030385668680764866	0.9688483476638794	0.000765906588640064	0.017004034860065076	0.9825340708096822	0.000461914882180281	136	134	True	False	[1247.1405029296875,0.12471404671669006]	blocked_pending_author_clarification	
587001b4e7b207ea3271c23184d3fd30cd0f14d9d58d52a3917c84f8c8306023	Track B	ZJetsToQQ_DelphesHH4JTrig_merged_ntuple	zjets	zjets	root://cceos.ihep.ac.cn:1094	/eos/ihep/cms/store/user/coli/datasets/hh4b/inference/ZJetsToQQ_DelphesHH4JTrig_merged_ntuple/ZJetsToQQ_DelphesHH4JTrig_ntuple_id2500-2999.root	1749925223	cc5209ec	22	high_score_tail_stability_v1	track_b_phase3_multifile_v1_20260806	7	64	2048	True		189	189	False	released_sophon_ensemble	40J7I_R1_v1	HH4b_released_three_model_ensemble	43c7fb9b0860c0f37953a1636b1f1b73fcc320da585d4a446cb45a31a14fdec0	ff90137a4c919f0a07d47cbfb21ead3688ee49856d98a0ff16bbbaa7058eb735	9b0412c8cce16f4684910207ed3b82a1bfb6b74891c554bba1f1c3b4f9347b86	1de0398cb1116200e1ead26886dfc0d6f1c15579dab82ad689c68690509dc449	0.13225472275826178	0.8503361940383911	0.01740908809006214	0.06363036323591587	0.9278892874717712	0.008480469696223736	0.035251605328085134	0.857380747795105	0.10736767947673798	0.07704556377408758	0.8785354097684225	0.04441907908767462	136	15	True	True	[1247.1405029296875,0.12471404671669006]	blocked_pending_author_clarification	
83f436b90b09685a96d32536b2f7a3f6192eaf515a8e14292d68d065b65b0660	Track B	ZJetsToQQ_DelphesHH4JTrig_merged_ntuple	zjets	zjets	root://cceos.ihep.ac.cn:1094	/eos/ihep/cms/store/user/coli/datasets/hh4b/inference/ZJetsToQQ_DelphesHH4JTrig_merged_ntuple/ZJetsToQQ_DelphesHH4JTrig_ntuple_id2500-2999.root	1749925223	cc5209ec	23	high_score_tail_stability_v1	track_b_phase3_multifile_v1_20260806	7	64	2048	True		126	126	False	released_sophon_ensemble	40J7I_R1_v1	HH4b_released_three_model_ensemble	43c7fb9b0860c0f37953a1636b1f1b73fcc320da585d4a446cb45a31a14fdec0	ff90137a4c919f0a07d47cbfb21ead3688ee49856d98a0ff16bbbaa7058eb735	9b0412c8cce16f4684910207ed3b82a1bfb6b74891c554bba1f1c3b4f9347b86	1de0398cb1116200e1ead26886dfc0d6f1c15579dab82ad689c68690509dc449	0.762894756753667	0.2366357296705246	0.00046952301636338234	0.6237795756787818	0.3759346008300781	0.0002857705985661596	0.8211370169428847	0.17834590375423431	0.000517131993547082	0.7359371164584445	0.26363874475161236	0.00042414186949220795	136	63	True	False	[1247.1405029296875,0.12471404671669006]	blocked_pending_author_clarification	
b9e04b4600b77f28644f48e77484ada0a7a119fb7cd4f08a88d09d65bc172a50	Track B	ZJetsToQQ_DelphesHH4JTrig_merged_ntuple	zjets	zjets	root://cceos.ihep.ac.cn:1094	/eos/ihep/cms/store/user/coli/datasets/hh4b/inference/ZJetsToQQ_DelphesHH4JTrig_merged_ntuple/ZJetsToQQ_DelphesHH4JTrig_ntuple_id2500-2999.root	1749925223	cc5209ec	24	high_score_tail_stability_v1	track_b_phase3_multifile_v1_20260806	7	64	2048	True		108	108	False	released_sophon_ensemble	40J7I_R1_v1	HH4b_released_three_model_ensemble	43c7fb9b0860c0f37953a1636b1f1b73fcc320da585d4a446cb45a31a14fdec0	ff90137a4c919f0a07d47cbfb21ead3688ee49856d98a0ff16bbbaa7058eb735	9b0412c8cce16f4684910207ed3b82a1bfb6b74891c554bba1f1c3b4f9347b86	1de0398cb1116200e1ead26886dfc0d6f1c15579dab82ad689c68690509dc449	0.02210617998161979	0.9735013842582703	0.0043924045749008656	0.031146433195317513	0.9662088751792908	0.002644631313160062	0.009833733469349681	0.9886407852172852	0.001525550615042448	0.021028782215428993	0.9761170148849487	0.0028541955010344586	136	114	True	False	[1247.1405029296875,0.12471404671669006]	blocked_pending_author_clarification	
1f6865fa222a09f414a67bfad1ed6e24c8f8f78898f39a6535eaa1497cefa097	Track B	ZJetsToQQ_DelphesHH4JTrig_merged_ntuple	zjets	zjets	root://cceos.ihep.ac.cn:1094	/eos/ihep/cms/store/user/coli/datasets/hh4b/inference/ZJetsToQQ_DelphesHH4JTrig_merged_ntuple/ZJetsToQQ_DelphesHH4JTrig_ntuple_id2500-2999.root	1749925223	cc5209ec	25	high_score_tail_stability_v1	track_b_phase3_multifile_v1_20260806	7	64	2048	True		170	170	False	released_sophon_ensemble	40J7I_R1_v1	HH4b_released_three_model_ensemble	43c7fb9b0860c0f37953a1636b1f1b73fcc320da585d4a446cb45a31a14fdec0	ff90137a4c919f0a07d47cbfb21ead3688ee49856d98a0ff16bbbaa7058eb735	9b0412c8cce16f4684910207ed3b82a1bfb6b74891c554bba1f1c3b4f9347b86	1de0398cb1116200e1ead26886dfc0d6f1c15579dab82ad689c68690509dc449	0.10521005625196267	0.47740769386291504	0.41738221049308777	0.15803532939753495	0.4507518410682678	0.39121294021606445	0.11810522433370352	0.5905374884605408	0.29135724902153015	0.12711686999440036	0.5062323411305746	0.3666507999102275	136	13	True	False	[1247.1405029296875,0.12471404671669006]	blocked_pending_author_clarification	
ec1d2f2b758f924056f3fa18c0eea591918b829e43f647c741f3f10fe51c7f14	Track B	ZJetsToQQ_DelphesHH4JTrig_merged_ntuple	zjets	zjets	root://cceos.ihep.ac.cn:1094	/eos/ihep/cms/store/user/coli/datasets/hh4b/inference/ZJetsToQQ_DelphesHH4JTrig_merged_ntuple/ZJetsToQQ_DelphesHH4JTrig_ntuple_id2500-2999.root	1749925223	cc5209ec	26	high_score_tail_stability_v1	track_b_phase3_multifile_v1_20260806	7	64	2048	True		180	180	False	released_sophon_ensemble	40J7I_R1_v1	HH4b_released_three_model_ensemble	43c7fb9b0860c0f37953a1636b1f1b73fcc320da585d4a446cb45a31a14fdec0	ff90137a4c919f0a07d47cbfb21ead3688ee49856d98a0ff16bbbaa7058eb735	9b0412c8cce16f4684910207ed3b82a1bfb6b74891c554bba1f1c3b4f9347b86	1de0398cb1116200e1ead26886dfc0d6f1c15579dab82ad689c68690509dc449	0.9218567273694589	0.05009173974394798	0.028051547706127167	0.7978010686965717	0.09273523092269897	0.10946371406316757	0.867614869638146	0.05597010627388954	0.07641495019197464	0.8624242219013923	0.06626569231351216	0.07131007065375645	137	132	False	True	[1247.1405029296875,0.12471404671669006]	blocked_pending_author_clarification	
cf1fdd084a580747c44856542f0412f485ceb2619d01cac3f9ef8e2519ead0d4	Track B	ZJetsToQQ_DelphesHH4JTrig_merged_ntuple	zjets	zjets	root://cceos.ihep.ac.cn:1094	/eos/ihep/cms/store/user/coli/datasets/hh4b/inference/ZJetsToQQ_DelphesHH4JTrig_merged_ntuple/ZJetsToQQ_DelphesHH4JTrig_ntuple_id2500-2999.root	1749925223	cc5209ec	27	high_score_tail_stability_v1	track_b_phase3_multifile_v1_20260806	7	64	2048	True		222	222	False	released_sophon_ensemble	40J7I_R1_v1	HH4b_released_three_model_ensemble	43c7fb9b0860c0f37953a1636b1f1b73fcc320da585d4a446cb45a31a14fdec0	ff90137a4c919f0a07d47cbfb21ead3688ee49856d98a0ff16bbbaa7058eb735	9b0412c8cce16f4684910207ed3b82a1bfb6b74891c554bba1f1c3b4f9347b86	1de0398cb1116200e1ead26886dfc0d6f1c15579dab82ad689c68690509dc449	0.030409979382056918	0.9211322665214539	0.04845771938562393	0.035185465905669844	0.8619412779808044	0.102873295545578	0.062258721780381165	0.8706626892089844	0.06707863509654999	0.042618055689369314	0.8845787445704142	0.07280321667591731	136	15	True	True	[1247.1405029296875,0.12471404671669006]	blocked_pending_author_clarification	
09679dcca51cfe72c35f348625c2a7b42b29c39c2bdb4c744b56ab6bba168443	Track B	ZJetsToQQ_DelphesHH4JTrig_merged_ntuple	zjets	zjets	root://cceos.ihep.ac.cn:1094	/eos/ihep/cms/store/user/coli/datasets/hh4b/inference/ZJetsToQQ_DelphesHH4JTrig_merged_ntuple/ZJetsToQQ_DelphesHH4JTrig_ntuple_id2500-2999.root	1749925223	cc5209ec	28	high_score_tail_stability_v1	track_b_phase3_multifile_v1_20260806	7	64	2048	True		147	147	False	released_sophon_ensemble	40J7I_R1_v1	HH4b_released_three_model_ensemble	43c7fb9b0860c0f37953a1636b1f1b73fcc320da585d4a446cb45a31a14fdec0	ff90137a4c919f0a07d47cbfb21ead3688ee49856d98a0ff16bbbaa7058eb735	9b0412c8cce16f4684910207ed3b82a1bfb6b74891c554bba1f1c3b4f9347b86	1de0398cb1116200e1ead26886dfc0d6f1c15579dab82ad689c68690509dc449	0.5434015080383006	0.45632922649383545	0.00026924361009150743	0.39978463374109197	0.5999371409416199	0.0002782814553938806	0.45060231357138036	0.5480474233627319	0.0013502249494194984	0.464596151783591	0.5347712635993958	0.0006325833383016288	136	109	True	False	[1247.1405029296875,0.12471404671669006]	blocked_pending_author_clarification	
ab2ff36870e84503b871096ef689f3b0e17be370de1035a5a24114cb1eda8ab4	Track B	ZJetsToQQ_DelphesHH4JTrig_merged_ntuple	zjets	zjets	root://cceos.ihep.ac.cn:1094	/eos/ihep/cms/store/user/coli/datasets/hh4b/inference/ZJetsToQQ_DelphesHH4JTrig_merged_ntuple/ZJetsToQQ_DelphesHH4JTrig_ntuple_id2500-2999.root	1749925223	cc5209ec	29	high_score_tail_stability_v1	track_b_phase3_multifile_v1_20260806	7	64	2048	True		139	139	False	released_sophon_ensemble	40J7I_R1_v1	HH4b_released_three_model_ensemble	43c7fb9b0860c0f37953a1636b1f1b73fcc320da585d4a446cb45a31a14fdec0	ff90137a4c919f0a07d47cbfb21ead3688ee49856d98a0ff16bbbaa7058eb735	9b0412c8cce16f4684910207ed3b82a1bfb6b74891c554bba1f1c3b4f9347b86	1de0398cb1116200e1ead26886dfc0d6f1c15579dab82ad689c68690509dc449	0.06914711733406875	0.8415920734405518	0.08926067501306534	0.039156694115263235	0.9066055417060852	0.054237741976976395	0.052470396913122386	0.9060933589935303	0.04143620282411575	0.053591402787484796	0.8847636580467224	0.061644873271385826	136	90	True	False	[1247.1405029296875,0.12471404671669006]	blocked_pending_author_clarification	
dc8bb5e427fcc8f2befbb66da3aab935ee8f24e094fee426d819164730928f65	Track B	ZJetsToQQ_DelphesHH4JTrig_merged_ntuple	zjets	zjets	root://cceos.ihep.ac.cn:1094	/eos/ihep/cms/store/user/coli/datasets/hh4b/inference/ZJetsToQQ_DelphesHH4JTrig_merged_ntuple/ZJetsToQQ_DelphesHH4JTrig_ntuple_id2500-2999.root	1749925223	cc5209ec	30	high_score_tail_stability_v1	track_b_phase3_multifile_v1_20260806	7	64	2048	True		124	124	False	released_sophon_ensemble	40J7I_R1_v1	HH4b_released_three_model_ensemble	43c7fb9b0860c0f37953a1636b1f1b73fcc320da585d4a446cb45a31a14fdec0	ff90137a4c919f0a07d47cbfb21ead3688ee49856d98a0ff16bbbaa7058eb735	9b0412c8cce16f4684910207ed3b82a1bfb6b74891c554bba1f1c3b4f9347b86	1de0398cb1116200e1ead26886dfc0d6f1c15579dab82ad689c68690509dc449	0.018540810162903654	0.9790646433830261	0.002394641051068902	0.019784595252986037	0.9789011478424072	0.00131422805134207	0.013027275582544462	0.9850504398345947	0.0019223090494051576	0.017117560332811383	0.9810054103533427	0.00187705938393871	136	69	True	False	[1247.1405029296875,0.12471404671669006]	blocked_pending_author_clarification	
f867669113afe406956edaf57d465a0ee84116f97dd11e3402d04507adc55a8e	Track B	ZJetsToQQ_DelphesHH4JTrig_merged_ntuple	zjets	zjets	root://cceos.ihep.ac.cn:1094	/eos/ihep/cms/store/user/coli/datasets/hh4b/inference/ZJetsToQQ_DelphesHH4JTrig_merged_ntuple/ZJetsToQQ_DelphesHH4JTrig_ntuple_id2500-2999.root	1749925223	cc5209ec	31	high_score_tail_stability_v1	track_b_phase3_multifile_v1_20260806	7	64	2048	True		123	123	False	released_sophon_ensemble	40J7I_R1_v1	HH4b_released_three_model_ensemble	43c7fb9b0860c0f37953a1636b1f1b73fcc320da585d4a446cb45a31a14fdec0	ff90137a4c919f0a07d47cbfb21ead3688ee49856d98a0ff16bbbaa7058eb735	9b0412c8cce16f4684910207ed3b82a1bfb6b74891c554bba1f1c3b4f9347b86	1de0398cb1116200e1ead26886dfc0d6f1c15579dab82ad689c68690509dc449	0.013966168351544184	0.9858749508857727	0.00015880355203989893	0.019363087791134603	0.98042893409729	0.00020807186956517398	0.038452939872513525	0.9614228010177612	0.00012436870019882917	0.02392739867173077	0.975908895333608	0.0001637480406013007	136	30	True	True	[1247.1405029296875,0.12471404671669006]	blocked_pending_author_clarification	
fc412dad4f554e0058a75ecfc60cf4a533a61fff90c3ecc17d2000f69ce91e27	Track B	ZJetsToQQ_DelphesHH4JTrig_merged_ntuple	zjets	zjets	root://cceos.ihep.ac.cn:1094	/eos/ihep/cms/store/user/coli/datasets/hh4b/inference/ZJetsToQQ_DelphesHH4JTrig_merged_ntuple/ZJetsToQQ_DelphesHH4JTrig_ntuple_id2500-2999.root	1749925223	cc5209ec	32	high_score_tail_stability_v1	track_b_phase3_multifile_v1_20260806	7	64	2048	True		176	176	False	released_sophon_ensemble	40J7I_R1_v1	HH4b_released_three_model_ensemble	43c7fb9b0860c0f37953a1636b1f1b73fcc320da585d4a446cb45a31a14fdec0	ff90137a4c919f0a07d47cbfb21ead3688ee49856d98a0ff16bbbaa7058eb735	9b0412c8cce16f4684910207ed3b82a1bfb6b74891c554bba1f1c3b4f9347b86	1de0398cb1116200e1ead26886dfc0d6f1c15579dab82ad689c68690509dc449	0.17229685828351649	0.1253824681043625	0.7023207545280457	0.29242375669127796	0.24363358318805695	0.46394258737564087	0.39228506160725374	0.22749362885951996	0.38022133708000183	0.2856685588606827	0.19883656005064645	0.5154948929945627	137	71	True	False	[1247.1405029296875,0.12471404671669006]	blocked_pending_author_clarification	
1a5b567e4246341445a999c28d8f96911d1a3d953fd6696feba2cc2208d76402	Track B	ZJetsToQQ_DelphesHH4JTrig_merged_ntuple	zjets	zjets	root://cceos.ihep.ac.cn:1094	/eos/ihep/cms/store/user/coli/datasets/hh4b/inference/ZJetsToQQ_DelphesHH4JTrig_merged_ntuple/ZJetsToQQ_DelphesHH4JTrig_ntuple_id2500-2999.root	1749925223	cc5209ec	33	high_score_tail_stability_v1	track_b_phase3_multifile_v1_20260806	7	64	2048	True		168	168	False	released_sophon_ensemble	40J7I_R1_v1	HH4b_released_three_model_ensemble	43c7fb9b0860c0f37953a1636b1f1b73fcc320da585d4a446cb45a31a14fdec0	ff90137a4c919f0a07d47cbfb21ead3688ee49856d98a0ff16bbbaa7058eb735	9b0412c8cce16f4684910207ed3b82a1bfb6b74891c554bba1f1c3b4f9347b86	1de0398cb1116200e1ead26886dfc0d6f1c15579dab82ad689c68690509dc449	0.804349062487745	0.1955559104681015	9.504601621301845e-05	0.8675745279233524	0.1323196291923523	0.00010588360601104796	0.808386127166159	0.19152258336544037	9.12547911866568e-05	0.8267699058590855	0.17313270767529806	9.739480447024107e-05	136	80	True	False	[1247.1405029296875,0.12471404671669006]	blocked_pending_author_clarification	
138e29064038eeb276704906c59b8d92cc2d99f0898055813924751ab0da0cb6	Track B	ZJetsToQQ_DelphesHH4JTrig_merged_ntuple	zjets	zjets	root://cceos.ihep.ac.cn:1094	/eos/ihep/cms/store/user/coli/datasets/hh4b/inference/ZJetsToQQ_DelphesHH4JTrig_merged_ntuple/ZJetsToQQ_DelphesHH4JTrig_ntuple_id2500-2999.root	1749925223	cc5209ec	34	high_score_tail_stability_v1	track_b_phase3_multifile_v1_20260806	7	64	2048	True		117	117	False	released_sophon_ensemble	40J7I_R1_v1	HH4b_released_three_model_ensemble	43c7fb9b0860c0f37953a1636b1f1b73fcc320da585d4a446cb45a31a14fdec0	ff90137a4c919f0a07d47cbfb21ead3688ee49856d98a0ff16bbbaa7058eb735	9b0412c8cce16f4684910207ed3b82a1bfb6b74891c554bba1f1c3b4f9347b86	1de0398cb1116200e1ead26886dfc0d6f1c15579dab82ad689c68690509dc449	0.04742938021900045	0.9525211453437805	4.944267857354134e-05	0.044910745575180044	0.9550448656082153	4.433562571648508e-05	0.06558072527150216	0.9343518614768982	6.738057709299028e-05	0.052640283688560885	0.947305957476298	5.371962712767223e-05	136	6	True	True	[1247.1405029296875,0.12471404671669006]	blocked_pending_author_clarification	
41178cdc23d9767f832c21817049bf5f85f150e170341336b98cc063d8c7e5a7	Track B	ZJetsToQQ_DelphesHH4JTrig_merged_ntuple	zjets	zjets	root://cceos.ihep.ac.cn:1094	/eos/ihep/cms/store/user/coli/datasets/hh4b/inference/ZJetsToQQ_DelphesHH4JTrig_merged_ntuple/ZJetsToQQ_DelphesHH4JTrig_ntuple_id2500-2999.root	1749925223	cc5209ec	35	high_score_tail_stability_v1	track_b_phase3_multifile_v1_20260806	7	64	2048	True		101	101	False	released_sophon_ensemble	40J7I_R1_v1	HH4b_released_three_model_ensemble	43c7fb9b0860c0f37953a1636b1f1b73fcc320da585d4a446cb45a31a14fdec0	ff90137a4c919f0a07d47cbfb21ead3688ee49856d98a0ff16bbbaa7058eb735	9b0412c8cce16f4684910207ed3b82a1bfb6b74891c554bba1f1c3b4f9347b86	1de0398cb1116200e1ead26886dfc0d6f1c15579dab82ad689c68690509dc449	0.019230042183153273	0.9807012677192688	6.865620525786653e-05	0.02741056621016469	0.972443163394928	0.000146247839438729	0.03548848866239496	0.9644481539726257	6.33809540886432e-05	0.027376365685237637	0.9725308616956075	9.276166626174624e-05	136	46	True	False	[1247.1405029296875,0.12471404671669006]	blocked_pending_author_clarification	
2e2855c5ae081a6de4c0ae246be1e1ff9527ac3e76d11a0f346f4f1ff9ee07eb	Track B	ZJetsToQQ_DelphesHH4JTrig_merged_ntuple	zjets	zjets	root://cceos.ihep.ac.cn:1094	/eos/ihep/cms/store/user/coli/datasets/hh4b/inference/ZJetsToQQ_DelphesHH4JTrig_merged_ntuple/ZJetsToQQ_DelphesHH4JTrig_ntuple_id2500-2999.root	1749925223	cc5209ec	36	high_score_tail_stability_v1	track_b_phase3_multifile_v1_20260806	7	64	2048	True		113	113	False	released_sophon_ensemble	40J7I_R1_v1	HH4b_released_three_model_ensemble	43c7fb9b0860c0f37953a1636b1f1b73fcc320da585d4a446cb45a31a14fdec0	ff90137a4c919f0a07d47cbfb21ead3688ee49856d98a0ff16bbbaa7058eb735	9b0412c8cce16f4684910207ed3b82a1bfb6b74891c554bba1f1c3b4f9347b86	1de0398cb1116200e1ead26886dfc0d6f1c15579dab82ad689c68690509dc449	0.011911210865264366	0.9880573749542236	3.1361352739622816e-05	0.009158752141843252	0.9908218383789062	1.938295281433966e-05	0.009744832269859671	0.9902356266975403	1.9436660295468755e-05	0.010271598425655762	0.98970494667689	2.3393655283143744e-05	136	74	True	False	[1247.1405029296875,0.12471404671669006]	blocked_pending_author_clarification	
9a47b350d4ce5e28c3857b1c9bea4b942f43fccd0a7f37ccb592c67a108e781a	Track B	ZJetsToQQ_DelphesHH4JTrig_merged_ntuple	zjets	zjets	root://cceos.ihep.ac.cn:1094	/eos/ihep/cms/store/user/coli/datasets/hh4b/inference/ZJetsToQQ_DelphesHH4JTrig_merged_ntuple/ZJetsToQQ_DelphesHH4JTrig_ntuple_id2500-2999.root	1749925223	cc5209ec	37	high_score_tail_stability_v1	track_b_phase3_multifile_v1_20260806	7	64	2048	True		167	167	False	released_sophon_ensemble	40J7I_R1_v1	HH4b_released_three_model_ensemble	43c7fb9b0860c0f37953a1636b1f1b73fcc320da585d4a446cb45a31a14fdec0	ff90137a4c919f0a07d47cbfb21ead3688ee49856d98a0ff16bbbaa7058eb735	9b0412c8cce16f4684910207ed3b82a1bfb6b74891c554bba1f1c3b4f9347b86	1de0398cb1116200e1ead26886dfc0d6f1c15579dab82ad689c68690509dc449	0.017336838297524082	0.9605812430381775	0.02208206057548523	0.013156831943888392	0.9639565348625183	0.022886663675308228	0.0029327250756523426	0.9873129725456238	0.009754293598234653	0.01114213177235494	0.9706169168154398	0.018241005949676037	136	39	True	False	[1247.1405029296875,0.12471404671669006]	blocked_pending_author_clarification	
38e54cc4ebb39bc17a980aeb9d13a9e382f1c47c9cfbbf01563b6f724abb0a39	Track B	ZJetsToQQ_DelphesHH4JTrig_merged_ntuple	zjets	zjets	root://cceos.ihep.ac.cn:1094	/eos/ihep/cms/store/user/coli/datasets/hh4b/inference/ZJetsToQQ_DelphesHH4JTrig_merged_ntuple/ZJetsToQQ_DelphesHH4JTrig_ntuple_id2500-2999.root	1749925223	cc5209ec	38	high_score_tail_stability_v1	track_b_phase3_multifile_v1_20260806	7	64	2048	True		135	135	False	released_sophon_ensemble	40J7I_R1_v1	HH4b_released_three_model_ensemble	43c7fb9b0860c0f37953a1636b1f1b73fcc320da585d4a446cb45a31a14fdec0	ff90137a4c919f0a07d47cbfb21ead3688ee49856d98a0ff16bbbaa7058eb735	9b0412c8cce16f4684910207ed3b82a1bfb6b74891c554bba1f1c3b4f9347b86	1de0398cb1116200e1ead26886dfc0d6f1c15579dab82ad689c68690509dc449	0.06916956558052334	0.9299083352088928	0.0009222532971762121	0.06749202466744464	0.9316710829734802	0.0008368470589630306	0.05750550573429791	0.9416280388832092	0.0008665319182910025	0.06472236532742197	0.9344024856885275	0.0008752107581434151	136	64	True	False	[1247.1405029296875,0.12471404671669006]	blocked_pending_author_clarification	
53a24f66c083406eb85319f3938e57a3eec4cc6b7d8e76b5b2bebc0f574b9694	Track B	ZJetsToQQ_DelphesHH4JTrig_merged_ntuple	zjets	zjets	root://cceos.ihep.ac.cn:1094	/eos/ihep/cms/store/user/coli/datasets/hh4b/inference/ZJetsToQQ_DelphesHH4JTrig_merged_ntuple/ZJetsToQQ_DelphesHH4JTrig_ntuple_id2500-2999.root	1749925223	cc5209ec	39	high_score_tail_stability_v1	track_b_phase3_multifile_v1_20260806	7	64	2048	True		147	147	False	released_sophon_ensemble	40J7I_R1_v1	HH4b_released_three_model_ensemble	43c7fb9b0860c0f37953a1636b1f1b73fcc320da585d4a446cb45a31a14fdec0	ff90137a4c919f0a07d47cbfb21ead3688ee49856d98a0ff16bbbaa7058eb735	9b0412c8cce16f4684910207ed3b82a1bfb6b74891c554bba1f1c3b4f9347b86	1de0398cb1116200e1ead26886dfc0d6f1c15579dab82ad689c68690509dc449	0.0947492165651056	0.8779714703559875	0.02727934718132019	0.11518091546895448	0.8740965723991394	0.010722500272095203	0.12747270120598841	0.8438034653663635	0.02872377447783947	0.11246761108001616	0.8652905027071635	0.022241873977084953	136	57	True	False	[1247.1405029296875,0.12471404671669006]	blocked_pending_author_clarification	
87b1388be5686e56fbe6fea17f13ebbddb8f556f05a9170ff7f19a6e5194649d	Track B	ZJetsToQQ_DelphesHH4JTrig_merged_ntuple	zjets	zjets	root://cceos.ihep.ac.cn:1094	/eos/ihep/cms/store/user/coli/datasets/hh4b/inference/ZJetsToQQ_DelphesHH4JTrig_merged_ntuple/ZJetsToQQ_DelphesHH4JTrig_ntuple_id2500-2999.root	1749925223	cc5209ec	40	high_score_tail_stability_v1	track_b_phase3_multifile_v1_20260806	7	64	2048	True		157	157	False	released_sophon_ensemble	40J7I_R1_v1	HH4b_released_three_model_ensemble	43c7fb9b0860c0f37953a1636b1f1b73fcc320da585d4a446cb45a31a14fdec0	ff90137a4c919f0a07d47cbfb21ead3688ee49856d98a0ff16bbbaa7058eb735	9b0412c8cce16f4684910207ed3b82a1bfb6b74891c554bba1f1c3b4f9347b86	1de0398cb1116200e1ead26886dfc0d6f1c15579dab82ad689c68690509dc449	0.9961977919447236	0.003565395250916481	0.00023680459707975388	0.9955758408177644	0.004317290615290403	0.00010685406596167013	0.99849743838422	0.0013692239299416542	0.00013333105016499758	0.9967570237155694	0.003083969932049513	0.00015899657106880719	46	46	False	False	[1247.1405029296875,0.12471404671669006]	blocked_pending_author_clarification	
a224c11615c8e59148df76f4c7c89044613c533d1904fb0bf39bf9aba4586021	Track B	ZJetsToQQ_DelphesHH4JTrig_merged_ntuple	zjets	zjets	root://cceos.ihep.ac.cn:1094	/eos/ihep/cms/store/user/coli/datasets/hh4b/inference/ZJetsToQQ_DelphesHH4JTrig_merged_ntuple/ZJetsToQQ_DelphesHH4JTrig_ntuple_id2500-2999.root	1749925223	cc5209ec	41	high_score_tail_stability_v1	track_b_phase3_multifile_v1_20260806	7	64	2048	True		183	183	False	released_sophon_ensemble	40J7I_R1_v1	HH4b_released_three_model_ensemble	43c7fb9b0860c0f37953a1636b1f1b73fcc320da585d4a446cb45a31a14fdec0	ff90137a4c919f0a07d47cbfb21ead3688ee49856d98a0ff16bbbaa7058eb735	9b0412c8cce16f4684910207ed3b82a1bfb6b74891c554bba1f1c3b4f9347b86	1de0398cb1116200e1ead26886dfc0d6f1c15579dab82ad689c68690509dc449	0.21204560089972802	0.7726502418518066	0.01530415378510952	0.3805682989113848	0.5889800190925598	0.030451735481619835	0.178921591170365	0.8005420565605164	0.020536383613944054	0.2571784969938259	0.7207241058349609	0.022097424293557804	136	59	True	False	[1247.1405029296875,0.12471404671669006]	blocked_pending_author_clarification	
afdf694cce87cc92ca8f924c6a7d72ba65af2d1fbf46e498d5e836056ed39031	Track B	ZJetsToQQ_DelphesHH4JTrig_merged_ntuple	zjets	zjets	root://cceos.ihep.ac.cn:1094	/eos/ihep/cms/store/user/coli/datasets/hh4b/inference/ZJetsToQQ_DelphesHH4JTrig_merged_ntuple/ZJetsToQQ_DelphesHH4JTrig_ntuple_id2500-2999.root	1749925223	cc5209ec	42	high_score_tail_stability_v1	track_b_phase3_multifile_v1_20260806	7	64	2048	True		135	135	False	released_sophon_ensemble	40J7I_R1_v1	HH4b_released_three_model_ensemble	43c7fb9b0860c0f37953a1636b1f1b73fcc320da585d4a446cb45a31a14fdec0	ff90137a4c919f0a07d47cbfb21ead3688ee49856d98a0ff16bbbaa7058eb735	9b0412c8cce16f4684910207ed3b82a1bfb6b74891c554bba1f1c3b4f9347b86	1de0398cb1116200e1ead26886dfc0d6f1c15579dab82ad689c68690509dc449	6.419040087024541e-06	0.999869704246521	0.00012374785728752613	1.7908659669774174e-05	0.9997875094413757	0.00019454403081908822	8.32371346354277e-06	0.9996862411499023	0.0003055211273021996	1.0883804406780495e-05	0.9997811516125997	0.00020793767180293798	136	90	True	False	[1247.1405029296875,0.12471404671669006]	blocked_pending_author_clarification	
6a2ed9effc284478b789a8d297277a05d7deb6c9ba240763e8659d6db3dc6f2e	Track B	ZJetsToQQ_DelphesHH4JTrig_merged_ntuple	zjets	zjets	root://cceos.ihep.ac.cn:1094	/eos/ihep/cms/store/user/coli/datasets/hh4b/inference/ZJetsToQQ_DelphesHH4JTrig_merged_ntuple/ZJetsToQQ_DelphesHH4JTrig_ntuple_id2500-2999.root	1749925223	cc5209ec	43	high_score_tail_stability_v1	track_b_phase3_multifile_v1_20260806	7	64	2048	True		66	66	False	released_sophon_ensemble	40J7I_R1_v1	HH4b_released_three_model_ensemble	43c7fb9b0860c0f37953a1636b1f1b73fcc320da585d4a446cb45a31a14fdec0	ff90137a4c919f0a07d47cbfb21ead3688ee49856d98a0ff16bbbaa7058eb735	9b0412c8cce16f4684910207ed3b82a1bfb6b74891c554bba1f1c3b4f9347b86	1de0398cb1116200e1ead26886dfc0d6f1c15579dab82ad689c68690509dc449	0.9518669107328606	0.048075467348098755	5.769325071014464e-05	0.9850761928969405	0.01489490270614624	2.880017382267397e-05	0.9687193196778026	0.031172484159469604	0.00010824426863109693	0.9685541411025346	0.03138095140457153	6.491256438797184e-05	90	90	False	False	[1247.1405029296875,0.12471404671669006]	blocked_pending_author_clarification	
437db2a24687e34bb5edfd33b8e17cd12293ad9f64c5d5c077946e1f61553901	Track B	ZJetsToQQ_DelphesHH4JTrig_merged_ntuple	zjets	zjets	root://cceos.ihep.ac.cn:1094	/eos/ihep/cms/store/user/coli/datasets/hh4b/inference/ZJetsToQQ_DelphesHH4JTrig_merged_ntuple/ZJetsToQQ_DelphesHH4JTrig_ntuple_id2500-2999.root	1749925223	cc5209ec	44	high_score_tail_stability_v1	track_b_phase3_multifile_v1_20260806	7	64	2048	True		125	125	False	released_sophon_ensemble	40J7I_R1_v1	HH4b_released_three_model_ensemble	43c7fb9b0860c0f37953a1636b1f1b73fcc320da585d4a446cb45a31a14fdec0	ff90137a4c919f0a07d47cbfb21ead3688ee49856d98a0ff16bbbaa7058eb735	9b0412c8cce16f4684910207ed3b82a1bfb6b74891c554bba1f1c3b4f9347b86	1de0398cb1116200e1ead26886dfc0d6f1c15579dab82ad689c68690509dc449	0.5834535246631276	0.35724955797195435	0.059296950697898865	0.5485784269058058	0.39876607060432434	0.052655525505542755	0.504182657943602	0.4318143129348755	0.06400298327207565	0.5454048698375118	0.3959433138370514	0.058651819825172424	136	134	True	True	[1247.1405029296875,0.12471404671669006]	blocked_pending_author_clarification	
f84b65372f6d4542e30fad8ea80a544cefd1704dc959d6f596f3fca98891170d	Track B	ZJetsToQQ_DelphesHH4JTrig_merged_ntuple	zjets	zjets	root://cceos.ihep.ac.cn:1094	/eos/ihep/cms/store/user/coli/datasets/hh4b/inference/ZJetsToQQ_DelphesHH4JTrig_merged_ntuple/ZJetsToQQ_DelphesHH4JTrig_ntuple_id2500-2999.root	1749925223	cc5209ec	45	high_score_tail_stability_v1	track_b_phase3_multifile_v1_20260806	7	64	2048	True		116	116	False	released_sophon_ensemble	40J7I_R1_v1	HH4b_released_three_model_ensemble	43c7fb9b0860c0f37953a1636b1f1b73fcc320da585d4a446cb45a31a14fdec0	ff90137a4c919f0a07d47cbfb21ead3688ee49856d98a0ff16bbbaa7058eb735	9b0412c8cce16f4684910207ed3b82a1bfb6b74891c554bba1f1c3b4f9347b86	1de0398cb1116200e1ead26886dfc0d6f1c15579dab82ad689c68690509dc449	0.8903584419022081	0.1091078519821167	0.0005336178583092988	0.9242651343010948	0.07533735781908035	0.00039750535506755114	0.9477054123562993	0.051816489547491074	0.00047809164971113205	0.9207763295198674	0.07875389978289604	0.00046973828769599396	136	46	False	False	[1247.1405029296875,0.12471404671669006]	blocked_pending_author_clarification	
89f086dbc53b598a3267f6475fa7df90dad7b7a36210f7aca186cfa9243a7542	Track B	ZJetsToQQ_DelphesHH4JTrig_merged_ntuple	zjets	zjets	root://cceos.ihep.ac.cn:1094	/eos/ihep/cms/store/user/coli/datasets/hh4b/inference/ZJetsToQQ_DelphesHH4JTrig_merged_ntuple/ZJetsToQQ_DelphesHH4JTrig_ntuple_id2500-2999.root	1749925223	cc5209ec	46	high_score_tail_stability_v1	track_b_phase3_multifile_v1_20260806	7	64	2048	True		129	129	False	released_sophon_ensemble	40J7I_R1_v1	HH4b_released_three_model_ensemble	43c7fb9b0860c0f37953a1636b1f1b73fcc320da585d4a446cb45a31a14fdec0	ff90137a4c919f0a07d47cbfb21ead3688ee49856d98a0ff16bbbaa7058eb735	9b0412c8cce16f4684910207ed3b82a1bfb6b74891c554bba1f1c3b4f9347b86	1de0398cb1116200e1ead26886dfc0d6f1c15579dab82ad689c68690509dc449	0.0015658968653724514	0.9983919262886047	4.204719516565092e-05	0.002796299395185997	0.997183620929718	2.006909744523e-05	0.001988034611713374	0.9979889392852783	2.3093629351933487e-05	0.0021167436240906077	0.9978548288345337	2.8403307320938136e-05	136	101	True	True	[1247.1405029296875,0.12471404671669006]	blocked_pending_author_clarification	
c941c1d14c9eac76e5419db8496f7a6e78e43d6d5a63166eab90c402648679d4	Track B	ZJetsToQQ_DelphesHH4JTrig_merged_ntuple	zjets	zjets	root://cceos.ihep.ac.cn:1094	/eos/ihep/cms/store/user/coli/datasets/hh4b/inference/ZJetsToQQ_DelphesHH4JTrig_merged_ntuple/ZJetsToQQ_DelphesHH4JTrig_ntuple_id2500-2999.root	1749925223	cc5209ec	47	high_score_tail_stability_v1	track_b_phase3_multifile_v1_20260806	7	64	2048	True		147	147	False	released_sophon_ensemble	40J7I_R1_v1	HH4b_released_three_model_ensemble	43c7fb9b0860c0f37953a1636b1f1b73fcc320da585d4a446cb45a31a14fdec0	ff90137a4c919f0a07d47cbfb21ead3688ee49856d98a0ff16bbbaa7058eb735	9b0412c8cce16f4684910207ed3b82a1bfb6b74891c554bba1f1c3b4f9347b86	1de0398cb1116200e1ead26886dfc0d6f1c15579dab82ad689c68690509dc449	1.0905875956757072e-05	0.9999165534973145	7.244320295285434e-05	1.071429402221824e-05	0.9999189376831055	7.031410495983437e-05	3.962245415711774e-06	0.9999592304229736	3.6868696042802185e-05	8.52747179822903e-06	0.9999315738677979	5.9875334651830293e-05	136	129	True	False	[1247.1405029296875,0.12471404671669006]	blocked_pending_author_clarification	
9d07563e5d8ddc20f11c884c435efc62da30c701c53e19bb61650910cfd60be2	Track B	ZJetsToQQ_DelphesHH4JTrig_merged_ntuple	zjets	zjets	root://cceos.ihep.ac.cn:1094	/eos/ihep/cms/store/user/coli/datasets/hh4b/inference/ZJetsToQQ_DelphesHH4JTrig_merged_ntuple/ZJetsToQQ_DelphesHH4JTrig_ntuple_id2500-2999.root	1749925223	cc5209ec	48	high_score_tail_stability_v1	track_b_phase3_multifile_v1_20260806	7	64	2048	True		140	140	False	released_sophon_ensemble	40J7I_R1_v1	HH4b_released_three_model_ensemble	43c7fb9b0860c0f37953a1636b1f1b73fcc320da585d4a446cb45a31a14fdec0	ff90137a4c919f0a07d47cbfb21ead3688ee49856d98a0ff16bbbaa7058eb735	9b0412c8cce16f4684910207ed3b82a1bfb6b74891c554bba1f1c3b4f9347b86	1de0398cb1116200e1ead26886dfc0d6f1c15579dab82ad689c68690509dc449	0.017235482578371375	0.9823254942893982	0.00043894973350688815	0.018766006993701012	0.9807243347167969	0.0005097271641716361	0.024260728931949416	0.9748464226722717	0.000892740732524544	0.020087406168007266	0.9792987505594889	0.000613805876734356	136	59	True	True	[1247.5833740234375,0.12475834041833878]	blocked_pending_author_clarification	
057aab1d84ddd14d4de58e5b83d2c0953c31d903460800e3def72b0da91f12af	Track B	ZJetsToQQ_DelphesHH4JTrig_merged_ntuple	zjets	zjets	root://cceos.ihep.ac.cn:1094	/eos/ihep/cms/store/user/coli/datasets/hh4b/inference/ZJetsToQQ_DelphesHH4JTrig_merged_ntuple/ZJetsToQQ_DelphesHH4JTrig_ntuple_id2500-2999.root	1749925223	cc5209ec	49	high_score_tail_stability_v1	track_b_phase3_multifile_v1_20260806	7	64	2048	True		99	99	False	released_sophon_ensemble	40J7I_R1_v1	HH4b_released_three_model_ensemble	43c7fb9b0860c0f37953a1636b1f1b73fcc320da585d4a446cb45a31a14fdec0	ff90137a4c919f0a07d47cbfb21ead3688ee49856d98a0ff16bbbaa7058eb735	9b0412c8cce16f4684910207ed3b82a1bfb6b74891c554bba1f1c3b4f9347b86	1de0398cb1116200e1ead26886dfc0d6f1c15579dab82ad689c68690509dc449	0.8410812328802422	0.15585413575172424	0.00306459772400558	0.8597966333618388	0.1378573328256607	0.0023459894582629204	0.695425844140118	0.3031668961048126	0.0014072308549657464	0.798767903460733	0.19895945489406586	0.0022726060124114156	136	59	True	False	[1247.5833740234375,0.12475834041833878]	blocked_pending_author_clarification	
c0e97d66216dfa1fed6f042e8cf8026a6baddc2426691c18700b377f4432e79a	Track B	ZJetsToQQ_DelphesHH4JTrig_merged_ntuple	zjets	zjets	root://cceos.ihep.ac.cn:1094	/eos/ihep/cms/store/user/coli/datasets/hh4b/inference/ZJetsToQQ_DelphesHH4JTrig_merged_ntuple/ZJetsToQQ_DelphesHH4JTrig_ntuple_id2500-2999.root	1749925223	cc5209ec	50	high_score_tail_stability_v1	track_b_phase3_multifile_v1_20260806	7	64	2048	True		117	117	False	released_sophon_ensemble	40J7I_R1_v1	HH4b_released_three_model_ensemble	43c7fb9b0860c0f37953a1636b1f1b73fcc320da585d4a446cb45a31a14fdec0	ff90137a4c919f0a07d47cbfb21ead3688ee49856d98a0ff16bbbaa7058eb735	9b0412c8cce16f4684910207ed3b82a1bfb6b74891c554bba1f1c3b4f9347b86	1de0398cb1116200e1ead26886dfc0d6f1c15579dab82ad689c68690509dc449	0.005116828429322595	0.994838297367096	4.4779204472433776e-05	0.005093435658920953	0.9948824644088745	2.408892396488227e-05	0.006010270973320075	0.9939551949501038	3.450540316407569e-05	0.0054068450205212075	0.9945586522420248	3.445784386713058e-05	136	69	True	False	[1247.5833740234375,0.12475834041833878]	blocked_pending_author_clarification	
ee89e99a57a63434dc9006196a17a28b0969df690dcf94b0bcdc3c18ed8d098f	Track B	ZJetsToQQ_DelphesHH4JTrig_merged_ntuple	zjets	zjets	root://cceos.ihep.ac.cn:1094	/eos/ihep/cms/store/user/coli/datasets/hh4b/inference/ZJetsToQQ_DelphesHH4JTrig_merged_ntuple/ZJetsToQQ_DelphesHH4JTrig_ntuple_id2500-2999.root	1749925223	cc5209ec	51	high_score_tail_stability_v1	track_b_phase3_multifile_v1_20260806	7	64	2048	True		150	150	False	released_sophon_ensemble	40J7I_R1_v1	HH4b_released_three_model_ensemble	43c7fb9b0860c0f37953a1636b1f1b73fcc320da585d4a446cb45a31a14fdec0	ff90137a4c919f0a07d47cbfb21ead3688ee49856d98a0ff16bbbaa7058eb735	9b0412c8cce16f4684910207ed3b82a1bfb6b74891c554bba1f1c3b4f9347b86	1de0398cb1116200e1ead26886dfc0d6f1c15579dab82ad689c68690509dc449	0.002170789467001555	0.9969320297241211	0.0008971031638793647	0.006816358425993485	0.9923974871635437	0.0007862324710004032	0.006127396350734671	0.992638349533081	0.0012343861162662506	0.00503818141457657	0.9939892888069153	0.0009725739170486728	136	10	True	False	[1247.5833740234375,0.12475834041833878]	blocked_pending_author_clarification	
5629279992fde2250a129dbe2e8745c0ec88bc68c016c5bfdb2a07ab3f898e93	Track B	ZJetsToQQ_DelphesHH4JTrig_merged_ntuple	zjets	zjets	root://cceos.ihep.ac.cn:1094	/eos/ihep/cms/store/user/coli/datasets/hh4b/inference/ZJetsToQQ_DelphesHH4JTrig_merged_ntuple/ZJetsToQQ_DelphesHH4JTrig_ntuple_id2500-2999.root	1749925223	cc5209ec	52	high_score_tail_stability_v1	track_b_phase3_multifile_v1_20260806	7	64	2048	True		144	144	False	released_sophon_ensemble	40J7I_R1_v1	HH4b_released_three_model_ensemble	43c7fb9b0860c0f37953a1636b1f1b73fcc320da585d4a446cb45a31a14fdec0	ff90137a4c919f0a07d47cbfb21ead3688ee49856d98a0ff16bbbaa7058eb735	9b0412c8cce16f4684910207ed3b82a1bfb6b74891c554bba1f1c3b4f9347b86	1de0398cb1116200e1ead26886dfc0d6f1c15579dab82ad689c68690509dc449	0.0061454948991013225	0.9935463070869446	0.00030813031480647624	0.0044388519308995456	0.9953502416610718	0.00021077891869936138	0.007480588134967547	0.9921990036964417	0.0003203098603989929	0.006021644988322805	0.993698517481486	0.00027973969796827686	136	3	True	False	[1247.5833740234375,0.12475834041833878]	blocked_pending_author_clarification	
27af16a8a9328d5a0724ece34e28a9584001366589913c728b805edf72f0c65f	Track B	ZJetsToQQ_DelphesHH4JTrig_merged_ntuple	zjets	zjets	root://cceos.ihep.ac.cn:1094	/eos/ihep/cms/store/user/coli/datasets/hh4b/inference/ZJetsToQQ_DelphesHH4JTrig_merged_ntuple/ZJetsToQQ_DelphesHH4JTrig_ntuple_id2500-2999.root	1749925223	cc5209ec	53	high_score_tail_stability_v1	track_b_phase3_multifile_v1_20260806	7	64	2048	True		138	138	False	released_sophon_ensemble	40J7I_R1_v1	HH4b_released_three_model_ensemble	43c7fb9b0860c0f37953a1636b1f1b73fcc320da585d4a446cb45a31a14fdec0	ff90137a4c919f0a07d47cbfb21ead3688ee49856d98a0ff16bbbaa7058eb735	9b0412c8cce16f4684910207ed3b82a1bfb6b74891c554bba1f1c3b4f9347b86	1de0398cb1116200e1ead26886dfc0d6f1c15579dab82ad689c68690509dc449	0.06657226307538622	0.42651045322418213	0.5069172382354736	0.04178702684112068	0.4085688889026642	0.5496440529823303	0.20972954174249026	0.6906219124794006	0.09964854270219803	0.10602961055299903	0.508567084868749	0.385403277973334	136	86	False	False	[1247.5833740234375,0.12475834041833878]	blocked_pending_author_clarification	
7ce3f661daf28684582ddc16c891866f78228ede3cff4d52cd261509906a929b	Track B	ZJetsToQQ_DelphesHH4JTrig_merged_ntuple	zjets	zjets	root://cceos.ihep.ac.cn:1094	/eos/ihep/cms/store/user/coli/datasets/hh4b/inference/ZJetsToQQ_DelphesHH4JTrig_merged_ntuple/ZJetsToQQ_DelphesHH4JTrig_ntuple_id2500-2999.root	1749925223	cc5209ec	54	high_score_tail_stability_v1	track_b_phase3_multifile_v1_20260806	7	64	2048	True		105	105	False	released_sophon_ensemble	40J7I_R1_v1	HH4b_released_three_model_ensemble	43c7fb9b0860c0f37953a1636b1f1b73fcc320da585d4a446cb45a31a14fdec0	ff90137a4c919f0a07d47cbfb21ead3688ee49856d98a0ff16bbbaa7058eb735	9b0412c8cce16f4684910207ed3b82a1bfb6b74891c554bba1f1c3b4f9347b86	1de0398cb1116200e1ead26886dfc0d6f1c15579dab82ad689c68690509dc449	0.05366160052426494	0.9458173513412476	0.000521153153385967	0.04054919250711464	0.9592078328132629	0.00024292721354868263	0.044812939942175944	0.9549139738082886	0.0002731151762418449	0.046341244324518506	0.9533130526542664	0.0003457318477254982	136	80	True	False	[1247.5833740234375,0.12475834041833878]	blocked_pending_author_clarification	
8a25e22181f3b8093016f154a29ebfeeff323734e5def022357311b08ba836cf	Track B	ZJetsToQQ_DelphesHH4JTrig_merged_ntuple	zjets	zjets	root://cceos.ihep.ac.cn:1094	/eos/ihep/cms/store/user/coli/datasets/hh4b/inference/ZJetsToQQ_DelphesHH4JTrig_merged_ntuple/ZJetsToQQ_DelphesHH4JTrig_ntuple_id2500-2999.root	1749925223	cc5209ec	55	high_score_tail_stability_v1	track_b_phase3_multifile_v1_20260806	7	64	2048	True		116	116	False	released_sophon_ensemble	40J7I_R1_v1	HH4b_released_three_model_ensemble	43c7fb9b0860c0f37953a1636b1f1b73fcc320da585d4a446cb45a31a14fdec0	ff90137a4c919f0a07d47cbfb21ead3688ee49856d98a0ff16bbbaa7058eb735	9b0412c8cce16f4684910207ed3b82a1bfb6b74891c554bba1f1c3b4f9347b86	1de0398cb1116200e1ead26886dfc0d6f1c15579dab82ad689c68690509dc449	0.006750246485012212	0.9901136159896851	0.003136075334623456	0.004203312534144743	0.9925708174705505	0.003225823165848851	0.019571784748450227	0.9716018438339233	0.008826338686048985	0.010175114589202394	0.9847620924313863	0.00506274572884043	136	132	True	False	[1247.5833740234375,0.12475834041833878]	blocked_pending_author_clarification	
d21846eb3dfcc9492f80a23463ced7982f4915e0cc1dbcd57b411c8410d42a1e	Track B	ZJetsToQQ_DelphesHH4JTrig_merged_ntuple	zjets	zjets	root://cceos.ihep.ac.cn:1094	/eos/ihep/cms/store/user/coli/datasets/hh4b/inference/ZJetsToQQ_DelphesHH4JTrig_merged_ntuple/ZJetsToQQ_DelphesHH4JTrig_ntuple_id2500-2999.root	1749925223	cc5209ec	56	high_score_tail_stability_v1	track_b_phase3_multifile_v1_20260806	7	64	2048	True		141	141	False	released_sophon_ensemble	40J7I_R1_v1	HH4b_released_three_model_ensemble	43c7fb9b0860c0f37953a1636b1f1b73fcc320da585d4a446cb45a31a14fdec0	ff90137a4c919f0a07d47cbfb21ead3688ee49856d98a0ff16bbbaa7058eb735	9b0412c8cce16f4684910207ed3b82a1bfb6b74891c554bba1f1c3b4f9347b86	1de0398cb1116200e1ead26886dfc0d6f1c15579dab82ad689c68690509dc449	0.0005609318654933304	0.9994099140167236	2.915466029662639e-05	0.0019027837247449497	0.9980900883674622	7.037507657514652e-06	0.0013441147731327874	0.9986416697502136	1.4199317774910014e-05	0.001269276787790356	0.9987138907114664	1.6797161909683684e-05	136	14	True	False	[1247.5833740234375,0.12475834041833878]	blocked_pending_author_clarification	
3f5aa6a30a64f93515639e8cf4b985613137fdc55eb0900ac329b1440f1515c6	Track B	ZJetsToQQ_DelphesHH4JTrig_merged_ntuple	zjets	zjets	root://cceos.ihep.ac.cn:1094	/eos/ihep/cms/store/user/coli/datasets/hh4b/inference/ZJetsToQQ_DelphesHH4JTrig_merged_ntuple/ZJetsToQQ_DelphesHH4JTrig_ntuple_id2500-2999.root	1749925223	cc5209ec	57	high_score_tail_stability_v1	track_b_phase3_multifile_v1_20260806	7	64	2048	True		205	205	False	released_sophon_ensemble	40J7I_R1_v1	HH4b_released_three_model_ensemble	43c7fb9b0860c0f37953a1636b1f1b73fcc320da585d4a446cb45a31a14fdec0	ff90137a4c919f0a07d47cbfb21ead3688ee49856d98a0ff16bbbaa7058eb735	9b0412c8cce16f4684910207ed3b82a1bfb6b74891c554bba1f1c3b4f9347b86	1de0398cb1116200e1ead26886dfc0d6f1c15579dab82ad689c68690509dc449	0.5901833509506105	0.3928225338459015	0.016994157806038857	0.658601994242872	0.3346270024776459	0.006771022453904152	0.5365857239212346	0.44770416617393494	0.01571008749306202	0.5951236897049057	0.3917179008324941	0.013158422584335009	136	122	True	False	[1247.5833740234375,0.12475834041833878]	blocked_pending_author_clarification	
c51c9e2cc1b4598bf831f27bfa07f9be764bc241cdb16c81438c5b6c40f06d7c	Track B	ZJetsToQQ_DelphesHH4JTrig_merged_ntuple	zjets	zjets	root://cceos.ihep.ac.cn:1094	/eos/ihep/cms/store/user/coli/datasets/hh4b/inference/ZJetsToQQ_DelphesHH4JTrig_merged_ntuple/ZJetsToQQ_DelphesHH4JTrig_ntuple_id2500-2999.root	1749925223	cc5209ec	58	high_score_tail_stability_v1	track_b_phase3_multifile_v1_20260806	7	64	2048	True		189	189	False	released_sophon_ensemble	40J7I_R1_v1	HH4b_released_three_model_ensemble	43c7fb9b0860c0f37953a1636b1f1b73fcc320da585d4a446cb45a31a14fdec0	ff90137a4c919f0a07d47cbfb21ead3688ee49856d98a0ff16bbbaa7058eb735	9b0412c8cce16f4684910207ed3b82a1bfb6b74891c554bba1f1c3b4f9347b86	1de0398cb1116200e1ead26886dfc0d6f1c15579dab82ad689c68690509dc449	0.38018726683367277	0.6137200593948364	0.00609271926805377	0.36640148889273405	0.6310474276542664	0.002551155397668481	0.274373670166824	0.721199095249176	0.0044273207895457745	0.34032080863107694	0.6553221940994263	0.004357065151756008	136	74	True	False	[1247.5833740234375,0.12475834041833878]	blocked_pending_author_clarification	
52357c931cf7de5e5db6063736b9ec62d9989bbe144bae8c89984fa515361939	Track B	ZJetsToQQ_DelphesHH4JTrig_merged_ntuple	zjets	zjets	root://cceos.ihep.ac.cn:1094	/eos/ihep/cms/store/user/coli/datasets/hh4b/inference/ZJetsToQQ_DelphesHH4JTrig_merged_ntuple/ZJetsToQQ_DelphesHH4JTrig_ntuple_id2500-2999.root	1749925223	cc5209ec	59	high_score_tail_stability_v1	track_b_phase3_multifile_v1_20260806	7	64	2048	True		120	120	False	released_sophon_ensemble	40J7I_R1_v1	HH4b_released_three_model_ensemble	43c7fb9b0860c0f37953a1636b1f1b73fcc320da585d4a446cb45a31a14fdec0	ff90137a4c919f0a07d47cbfb21ead3688ee49856d98a0ff16bbbaa7058eb735	9b0412c8cce16f4684910207ed3b82a1bfb6b74891c554bba1f1c3b4f9347b86	1de0398cb1116200e1ead26886dfc0d6f1c15579dab82ad689c68690509dc449	0.002356943360268815	0.9976183772087097	2.4740327717154287e-05	0.0024248033498679433	0.9975255131721497	4.9614798626862466e-05	0.0026592856064553416	0.9972847700119019	5.5868702474981546e-05	0.0024803441055307003	0.9974762201309204	4.34079429396661e-05	136	3	True	False	[1247.5833740234375,0.12475834041833878]	blocked_pending_author_clarification	
ebb3ad845fd2b45624bdfa31b68dd972b131c6343cf4cd4a56b90a30b02d10b3	Track B	ZJetsToQQ_DelphesHH4JTrig_merged_ntuple	zjets	zjets	root://cceos.ihep.ac.cn:1094	/eos/ihep/cms/store/user/coli/datasets/hh4b/inference/ZJetsToQQ_DelphesHH4JTrig_merged_ntuple/ZJetsToQQ_DelphesHH4JTrig_ntuple_id2500-2999.root	1749925223	cc5209ec	60	high_score_tail_stability_v1	track_b_phase3_multifile_v1_20260806	7	64	2048	True		175	175	False	released_sophon_ensemble	40J7I_R1_v1	HH4b_released_three_model_ensemble	43c7fb9b0860c0f37953a1636b1f1b73fcc320da585d4a446cb45a31a14fdec0	ff90137a4c919f0a07d47cbfb21ead3688ee49856d98a0ff16bbbaa7058eb735	9b0412c8cce16f4684910207ed3b82a1bfb6b74891c554bba1f1c3b4f9347b86	1de0398cb1116200e1ead26886dfc0d6f1c15579dab82ad689c68690509dc449	0.02181523289937104	0.9779150485992432	0.0002697016461752355	0.019715277169780165	0.9802112579345703	7.358068251051009e-05	0.03549541721804417	0.9642807245254517	0.0002238562738057226	0.025675309095731794	0.974135677019755	0.0001890462008304894	136	4	True	False	[1247.5833740234375,0.12475834041833878]	blocked_pending_author_clarification	
4460b132d49a8008e63030403975019d03c4b32a0253174c0b6d4942eaee7d3d	Track B	ZJetsToQQ_DelphesHH4JTrig_merged_ntuple	zjets	zjets	root://cceos.ihep.ac.cn:1094	/eos/ihep/cms/store/user/coli/datasets/hh4b/inference/ZJetsToQQ_DelphesHH4JTrig_merged_ntuple/ZJetsToQQ_DelphesHH4JTrig_ntuple_id2500-2999.root	1749925223	cc5209ec	61	high_score_tail_stability_v1	track_b_phase3_multifile_v1_20260806	7	64	2048	True		189	189	False	released_sophon_ensemble	40J7I_R1_v1	HH4b_released_three_model_ensemble	43c7fb9b0860c0f37953a1636b1f1b73fcc320da585d4a446cb45a31a14fdec0	ff90137a4c919f0a07d47cbfb21ead3688ee49856d98a0ff16bbbaa7058eb735	9b0412c8cce16f4684910207ed3b82a1bfb6b74891c554bba1f1c3b4f9347b86	1de0398cb1116200e1ead26886dfc0d6f1c15579dab82ad689c68690509dc449	0.05134624150923628	0.8857024908065796	0.06295127421617508	0.09236595135189418	0.7938128113746643	0.11382126808166504	0.11674130339815747	0.666327714920044	0.21693108975887299	0.08681783208642932	0.781947672367096	0.13123454401890436	136	71	True	False	[1247.5833740234375,0.12475834041833878]	blocked_pending_author_clarification	
6da21734d9a2a7b8a6a68aa6977a262ee1b94ceb46767aac6563717bd94cfa0f	Track B	ZJetsToQQ_DelphesHH4JTrig_merged_ntuple	zjets	zjets	root://cceos.ihep.ac.cn:1094	/eos/ihep/cms/store/user/coli/datasets/hh4b/inference/ZJetsToQQ_DelphesHH4JTrig_merged_ntuple/ZJetsToQQ_DelphesHH4JTrig_ntuple_id2500-2999.root	1749925223	cc5209ec	62	high_score_tail_stability_v1	track_b_phase3_multifile_v1_20260806	7	64	2048	True		113	113	False	released_sophon_ensemble	40J7I_R1_v1	HH4b_released_three_model_ensemble	43c7fb9b0860c0f37953a1636b1f1b73fcc320da585d4a446cb45a31a14fdec0	ff90137a4c919f0a07d47cbfb21ead3688ee49856d98a0ff16bbbaa7058eb735	9b0412c8cce16f4684910207ed3b82a1bfb6b74891c554bba1f1c3b4f9347b86	1de0398cb1116200e1ead26886dfc0d6f1c15579dab82ad689c68690509dc449	0.5108927242508798	0.48898133635520935	0.00012589104881044477	0.5430741789186868	0.45644479990005493	0.0004810440295841545	0.46356947173808294	0.5362673401832581	0.00016322762530762702	0.5058454583025499	0.49389782547950745	0.0002567209012340754	136	23	True	False	[1247.5833740234375,0.12475834041833878]	blocked_pending_author_clarification	
86e73ce69cda7d5ee031b73755398f4d79eda27a3a74f3abd2f0ecb3a340eacc	Track B	ZJetsToQQ_DelphesHH4JTrig_merged_ntuple	zjets	zjets	root://cceos.ihep.ac.cn:1094	/eos/ihep/cms/store/user/coli/datasets/hh4b/inference/ZJetsToQQ_DelphesHH4JTrig_merged_ntuple/ZJetsToQQ_DelphesHH4JTrig_ntuple_id2500-2999.root	1749925223	cc5209ec	63	high_score_tail_stability_v1	track_b_phase3_multifile_v1_20260806	7	64	2048	True		80	80	False	released_sophon_ensemble	40J7I_R1_v1	HH4b_released_three_model_ensemble	43c7fb9b0860c0f37953a1636b1f1b73fcc320da585d4a446cb45a31a14fdec0	ff90137a4c919f0a07d47cbfb21ead3688ee49856d98a0ff16bbbaa7058eb735	9b0412c8cce16f4684910207ed3b82a1bfb6b74891c554bba1f1c3b4f9347b86	1de0398cb1116200e1ead26886dfc0d6f1c15579dab82ad689c68690509dc449	0.00263899748614449	0.9973266124725342	3.4433105611242354e-05	0.0010854861459606013	0.9988963603973389	1.811685797292739e-05	0.0013968568212590071	0.9985851049423218	1.8087030184688047e-05	0.0017071134844546993	0.9982693592707316	2.3545664589619264e-05	136	129	True	False	[1247.5833740234375,0.12475834041833878]	blocked_pending_author_clarification	
b4692e49cd4ae71632677c1c4d2a895a993784615ff9ca6d855becba4bfb3736	Track B	ZZ_ntuple	zz	zz	root://cceos.ihep.ac.cn:1094	/eos/ihep/cms/store/user/coli/datasets/hh4b/inference/ZZ_ntuple/selected_ntuples_0001.root	690055895	4cfd4cfc	0	high_score_tail_stability_v1	track_b_phase3_multifile_v1_20260806	1	64	2048	True		124	124	False	released_sophon_ensemble	40J7I_R1_v1	HH4b_released_three_model_ensemble	43c7fb9b0860c0f37953a1636b1f1b73fcc320da585d4a446cb45a31a14fdec0	ff90137a4c919f0a07d47cbfb21ead3688ee49856d98a0ff16bbbaa7058eb735	9b0412c8cce16f4684910207ed3b82a1bfb6b74891c554bba1f1c3b4f9347b86	1de0398cb1116200e1ead26886dfc0d6f1c15579dab82ad689c68690509dc449	1.5320471043902416e-12	2.351383451555493e-14	1.0	2.4755750393972997e-13	1.117245774790842e-15	1.0	7.33097822768861e-12	4.636153657158748e-13	1.0	3.0368609453395273e-12	1.6274881533540685e-13	1.0	137	114	True	False	[15.400411605834961,0.001540041179396212]	blocked_pending_author_clarification	
16d5f5da45e222456da8ea100604abdb27d2fb82e025c450946c63b7b5fe20e4	Track B	ZZ_ntuple	zz	zz	root://cceos.ihep.ac.cn:1094	/eos/ihep/cms/store/user/coli/datasets/hh4b/inference/ZZ_ntuple/selected_ntuples_0001.root	690055895	4cfd4cfc	1	high_score_tail_stability_v1	track_b_phase3_multifile_v1_20260806	1	64	2048	True		117	117	False	released_sophon_ensemble	40J7I_R1_v1	HH4b_released_three_model_ensemble	43c7fb9b0860c0f37953a1636b1f1b73fcc320da585d4a446cb45a31a14fdec0	ff90137a4c919f0a07d47cbfb21ead3688ee49856d98a0ff16bbbaa7058eb735	9b0412c8cce16f4684910207ed3b82a1bfb6b74891c554bba1f1c3b4f9347b86	1de0398cb1116200e1ead26886dfc0d6f1c15579dab82ad689c68690509dc449	1.2368795371246162e-11	1.3321806765359545e-12	1.0	8.203664106558599e-12	5.100314159726949e-13	1.0	4.846690548721126e-11	1.8049423067267867e-11	1.0	2.301312165500534e-11	6.630545053258839e-12	1.0	137	134	True	False	[15.400411605834961,0.001540041179396212]	blocked_pending_author_clarification	
cbec42f0ce97926df4c34f9564b84fa1e872b30feadd5e52ff9c48da8571cdf2	Track B	ZZ_ntuple	zz	zz	root://cceos.ihep.ac.cn:1094	/eos/ihep/cms/store/user/coli/datasets/hh4b/inference/ZZ_ntuple/selected_ntuples_0001.root	690055895	4cfd4cfc	2	high_score_tail_stability_v1	track_b_phase3_multifile_v1_20260806	1	64	2048	True		100	100	False	released_sophon_ensemble	40J7I_R1_v1	HH4b_released_three_model_ensemble	43c7fb9b0860c0f37953a1636b1f1b73fcc320da585d4a446cb45a31a14fdec0	ff90137a4c919f0a07d47cbfb21ead3688ee49856d98a0ff16bbbaa7058eb735	9b0412c8cce16f4684910207ed3b82a1bfb6b74891c554bba1f1c3b4f9347b86	1de0398cb1116200e1ead26886dfc0d6f1c15579dab82ad689c68690509dc449	8.981182576496726e-13	2.428089061192948e-14	1.0	1.0653577844169623e-13	4.355331447613897e-16	1.0	5.5463083243260646e-12	6.688283824343721e-13	1.0	2.1836541201391445e-12	2.311816020636877e-13	1.0	137	114	True	False	[15.400411605834961,0.001540041179396212]	blocked_pending_author_clarification	
45817c705b452e9a1f977cca109c5e6d8c48dcddc0bed8ded77e9c6efe39ef94	Track B	ZZ_ntuple	zz	zz	root://cceos.ihep.ac.cn:1094	/eos/ihep/cms/store/user/coli/datasets/hh4b/inference/ZZ_ntuple/selected_ntuples_0001.root	690055895	4cfd4cfc	3	high_score_tail_stability_v1	track_b_phase3_multifile_v1_20260806	1	64	2048	True		107	107	False	released_sophon_ensemble	40J7I_R1_v1	HH4b_released_three_model_ensemble	43c7fb9b0860c0f37953a1636b1f1b73fcc320da585d4a446cb45a31a14fdec0	ff90137a4c919f0a07d47cbfb21ead3688ee49856d98a0ff16bbbaa7058eb735	9b0412c8cce16f4684910207ed3b82a1bfb6b74891c554bba1f1c3b4f9347b86	1de0398cb1116200e1ead26886dfc0d6f1c15579dab82ad689c68690509dc449	7.193439530401298e-13	4.9730198800092273e-14	1.0	8.54424829493211e-14	9.805722441910323e-16	1.0	4.6884941416913556e-12	2.742894453233724e-12	1.0	1.8310935258936023e-12	9.312017414260025e-13	1.0	137	114	True	False	[15.400411605834961,0.001540041179396212]	blocked_pending_author_clarification	
3c98a4d0c88308b0298d4fe0c25de5d2b098bd8a865f778117995b98a7360c5d	Track B	ZZ_ntuple	zz	zz	root://cceos.ihep.ac.cn:1094	/eos/ihep/cms/store/user/coli/datasets/hh4b/inference/ZZ_ntuple/selected_ntuples_0001.root	690055895	4cfd4cfc	4	high_score_tail_stability_v1	track_b_phase3_multifile_v1_20260806	1	64	2048	True		40	40	False	released_sophon_ensemble	40J7I_R1_v1	HH4b_released_three_model_ensemble	43c7fb9b0860c0f37953a1636b1f1b73fcc320da585d4a446cb45a31a14fdec0	ff90137a4c919f0a07d47cbfb21ead3688ee49856d98a0ff16bbbaa7058eb735	9b0412c8cce16f4684910207ed3b82a1bfb6b74891c554bba1f1c3b4f9347b86	1de0398cb1116200e1ead26886dfc0d6f1c15579dab82ad689c68690509dc449	1.4382174928953963e-12	2.3649230360481277e-13	1.0	5.156525358535584e-13	1.024812796201948e-14	1.0	2.4433703207557463e-11	4.2839606861910795e-11	1.0	8.795857745435473e-12	1.4362115764492543e-11	1.0	137	113	True	False	[15.400411605834961,0.001540041179396212]	blocked_pending_author_clarification	
168fae6982f39fe855967e24fbb547cb3709255244e97544d9cf6894ba258d7e	Track B	ZZ_ntuple	zz	zz	root://cceos.ihep.ac.cn:1094	/eos/ihep/cms/store/user/coli/datasets/hh4b/inference/ZZ_ntuple/selected_ntuples_0001.root	690055895	4cfd4cfc	5	high_score_tail_stability_v1	track_b_phase3_multifile_v1_20260806	1	64	2048	True		57	57	False	released_sophon_ensemble	40J7I_R1_v1	HH4b_released_three_model_ensemble	43c7fb9b0860c0f37953a1636b1f1b73fcc320da585d4a446cb45a31a14fdec0	ff90137a4c919f0a07d47cbfb21ead3688ee49856d98a0ff16bbbaa7058eb735	9b0412c8cce16f4684910207ed3b82a1bfb6b74891c554bba1f1c3b4f9347b86	1de0398cb1116200e1ead26886dfc0d6f1c15579dab82ad689c68690509dc449	1.0995264528340486e-12	8.157646243624542e-14	1.0	1.0367138855377811e-13	1.3034699916511993e-15	1.0	5.244782272844149e-12	2.097613966203782e-12	1.0	2.1493267047439917e-12	7.268312995438928e-13	1.0	137	114	True	False	[15.400411605834961,0.001540041179396212]	blocked_pending_author_clarification	
f4bb684d303211d22293665f188c8cc1a47b2713820bcf97ba6c0055a054eecc	Track B	ZZ_ntuple	zz	zz	root://cceos.ihep.ac.cn:1094	/eos/ihep/cms/store/user/coli/datasets/hh4b/inference/ZZ_ntuple/selected_ntuples_0001.root	690055895	4cfd4cfc	6	high_score_tail_stability_v1	track_b_phase3_multifile_v1_20260806	1	64	2048	True		160	160	False	released_sophon_ensemble	40J7I_R1_v1	HH4b_released_three_model_ensemble	43c7fb9b0860c0f37953a1636b1f1b73fcc320da585d4a446cb45a31a14fdec0	ff90137a4c919f0a07d47cbfb21ead3688ee49856d98a0ff16bbbaa7058eb735	9b0412c8cce16f4684910207ed3b82a1bfb6b74891c554bba1f1c3b4f9347b86	1de0398cb1116200e1ead26886dfc0d6f1c15579dab82ad689c68690509dc449	1.0441292231756344e-11	6.052857325598848e-13	1.0	1.666991013736401e-11	2.9205297577029887e-13	1.0	1.9917690236783095e-10	4.9709507343731474e-11	1.0	7.542936824565043e-11	1.6868948684020554e-11	1.0	137	114	True	False	[15.400411605834961,0.001540041179396212]	blocked_pending_author_clarification	
c0215ae1252791be1cbda596c9eb6138737cfa1ce2fd668754633e524fddff10	Track B	ZZ_ntuple	zz	zz	root://cceos.ihep.ac.cn:1094	/eos/ihep/cms/store/user/coli/datasets/hh4b/inference/ZZ_ntuple/selected_ntuples_0001.root	690055895	4cfd4cfc	7	high_score_tail_stability_v1	track_b_phase3_multifile_v1_20260806	1	64	2048	True		94	94	False	released_sophon_ensemble	40J7I_R1_v1	HH4b_released_three_model_ensemble	43c7fb9b0860c0f37953a1636b1f1b73fcc320da585d4a446cb45a31a14fdec0	ff90137a4c919f0a07d47cbfb21ead3688ee49856d98a0ff16bbbaa7058eb735	9b0412c8cce16f4684910207ed3b82a1bfb6b74891c554bba1f1c3b4f9347b86	1de0398cb1116200e1ead26886dfc0d6f1c15579dab82ad689c68690509dc449	7.105724733979253e-13	5.461877152813932e-14	1.0	4.1199711736492606e-14	4.799407263755481e-16	1.0	4.87162948162243e-12	3.8537189932241755e-12	1.0	1.8744672222522827e-12	1.3029392351595634e-12	1.0	137	114	True	False	[15.400411605834961,0.001540041179396212]	blocked_pending_author_clarification	
27e2bcd6c40f08458dd4f088582b41e559d296e4e327a6c7565c711df0f945fe	Track B	ZZ_ntuple	zz	zz	root://cceos.ihep.ac.cn:1094	/eos/ihep/cms/store/user/coli/datasets/hh4b/inference/ZZ_ntuple/selected_ntuples_0001.root	690055895	4cfd4cfc	8	high_score_tail_stability_v1	track_b_phase3_multifile_v1_20260806	1	64	2048	True		61	61	False	released_sophon_ensemble	40J7I_R1_v1	HH4b_released_three_model_ensemble	43c7fb9b0860c0f37953a1636b1f1b73fcc320da585d4a446cb45a31a14fdec0	ff90137a4c919f0a07d47cbfb21ead3688ee49856d98a0ff16bbbaa7058eb735	9b0412c8cce16f4684910207ed3b82a1bfb6b74891c554bba1f1c3b4f9347b86	1de0398cb1116200e1ead26886dfc0d6f1c15579dab82ad689c68690509dc449	8.060116187918882e-13	6.938308434734086e-14	1.0	1.4775424943316972e-13	1.60947229054984e-15	1.0	8.424473905135973e-12	4.285993435160229e-12	1.0	3.126079924453677e-12	1.4523286639327067e-12	1.0	137	114	True	False	[15.400411605834961,0.001540041179396212]	blocked_pending_author_clarification	
b4a033fe50609a0c93f44fbfffe050f9d19e137181ba97481c4d3c21bbea9c7f	Track B	ZZ_ntuple	zz	zz	root://cceos.ihep.ac.cn:1094	/eos/ihep/cms/store/user/coli/datasets/hh4b/inference/ZZ_ntuple/selected_ntuples_0001.root	690055895	4cfd4cfc	9	high_score_tail_stability_v1	track_b_phase3_multifile_v1_20260806	1	64	2048	True		181	181	False	released_sophon_ensemble	40J7I_R1_v1	HH4b_released_three_model_ensemble	43c7fb9b0860c0f37953a1636b1f1b73fcc320da585d4a446cb45a31a14fdec0	ff90137a4c919f0a07d47cbfb21ead3688ee49856d98a0ff16bbbaa7058eb735	9b0412c8cce16f4684910207ed3b82a1bfb6b74891c554bba1f1c3b4f9347b86	1de0398cb1116200e1ead26886dfc0d6f1c15579dab82ad689c68690509dc449	0.9951439079250122	0.0019558118656277657	0.002900375984609127	0.9972371838339313	0.001930890022777021	0.000832029094453901	0.9966131682667765	0.0023471990134567022	0.001039617694914341	0.9963314200085733	0.002077966967287163	0.0015906742579924564	14	14	False	False	[15.400411605834961,0.001540041179396212]	blocked_pending_author_clarification	
7492716098e3ef26917b1a749c552820811380b0295312b5308c47a0c7a94a34	Track B	ZZ_ntuple	zz	zz	root://cceos.ihep.ac.cn:1094	/eos/ihep/cms/store/user/coli/datasets/hh4b/inference/ZZ_ntuple/selected_ntuples_0001.root	690055895	4cfd4cfc	10	high_score_tail_stability_v1	track_b_phase3_multifile_v1_20260806	1	64	2048	True		139	139	False	released_sophon_ensemble	40J7I_R1_v1	HH4b_released_three_model_ensemble	43c7fb9b0860c0f37953a1636b1f1b73fcc320da585d4a446cb45a31a14fdec0	ff90137a4c919f0a07d47cbfb21ead3688ee49856d98a0ff16bbbaa7058eb735	9b0412c8cce16f4684910207ed3b82a1bfb6b74891c554bba1f1c3b4f9347b86	1de0398cb1116200e1ead26886dfc0d6f1c15579dab82ad689c68690509dc449	0.0011485663405430557	0.0029331580735743046	0.9959184527397156	0.0010974812223611963	0.0022398843429982662	0.9966626763343811	0.0010438095369593725	0.004263072740286589	0.9946931004524231	0.001096619033287875	0.003145371718953053	0.99575807650884	137	134	True	False	[15.400411605834961,0.001540041179396212]	blocked_pending_author_clarification	
9bc74377aaf97c55d1025bd8673300bbcd4668b59afd42774619a665ade045f1	Track B	ZZ_ntuple	zz	zz	root://cceos.ihep.ac.cn:1094	/eos/ihep/cms/store/user/coli/datasets/hh4b/inference/ZZ_ntuple/selected_ntuples_0001.root	690055895	4cfd4cfc	11	high_score_tail_stability_v1	track_b_phase3_multifile_v1_20260806	1	64	2048	True		167	167	False	released_sophon_ensemble	40J7I_R1_v1	HH4b_released_three_model_ensemble	43c7fb9b0860c0f37953a1636b1f1b73fcc320da585d4a446cb45a31a14fdec0	ff90137a4c919f0a07d47cbfb21ead3688ee49856d98a0ff16bbbaa7058eb735	9b0412c8cce16f4684910207ed3b82a1bfb6b74891c554bba1f1c3b4f9347b86	1de0398cb1116200e1ead26886dfc0d6f1c15579dab82ad689c68690509dc449	7.394548298626872e-12	3.2047308600249846e-13	1.0	1.8332988051043735e-11	3.166959695790478e-13	1.0	9.671467946202968e-11	1.1780476767697667e-11	1.0	4.081407193723342e-11	4.139215274426404e-12	1.0	137	114	True	False	[15.400411605834961,0.001540041179396212]	blocked_pending_author_clarification	
9fbe1c3d7684356d44ec48613a0598b8702af0154da1c08b0b47f6c304e09f35	Track B	ZZ_ntuple	zz	zz	root://cceos.ihep.ac.cn:1094	/eos/ihep/cms/store/user/coli/datasets/hh4b/inference/ZZ_ntuple/selected_ntuples_0001.root	690055895	4cfd4cfc	12	high_score_tail_stability_v1	track_b_phase3_multifile_v1_20260806	1	64	2048	True		32	32	False	released_sophon_ensemble	40J7I_R1_v1	HH4b_released_three_model_ensemble	43c7fb9b0860c0f37953a1636b1f1b73fcc320da585d4a446cb45a31a14fdec0	ff90137a4c919f0a07d47cbfb21ead3688ee49856d98a0ff16bbbaa7058eb735	9b0412c8cce16f4684910207ed3b82a1bfb6b74891c554bba1f1c3b4f9347b86	1de0398cb1116200e1ead26886dfc0d6f1c15579dab82ad689c68690509dc449	4.4411593706088286e-12	3.238224033537407e-13	1.0	2.644431699622288e-13	5.860674748644655e-15	1.0	7.595073170512269e-12	2.9873440960531683e-12	1.0	4.1002252370277755e-12	1.1056757247185178e-12	1.0	137	131	True	False	[15.400411605834961,0.001540041179396212]	blocked_pending_author_clarification	
48be6d5a7e1fbf4433cd1075ec07d2e0bd1a91221d827c3ed919c9c4fd1c5d2d	Track B	ZZ_ntuple	zz	zz	root://cceos.ihep.ac.cn:1094	/eos/ihep/cms/store/user/coli/datasets/hh4b/inference/ZZ_ntuple/selected_ntuples_0001.root	690055895	4cfd4cfc	13	high_score_tail_stability_v1	track_b_phase3_multifile_v1_20260806	1	64	2048	True		132	132	False	released_sophon_ensemble	40J7I_R1_v1	HH4b_released_three_model_ensemble	43c7fb9b0860c0f37953a1636b1f1b73fcc320da585d4a446cb45a31a14fdec0	ff90137a4c919f0a07d47cbfb21ead3688ee49856d98a0ff16bbbaa7058eb735	9b0412c8cce16f4684910207ed3b82a1bfb6b74891c554bba1f1c3b4f9347b86	1de0398cb1116200e1ead26886dfc0d6f1c15579dab82ad689c68690509dc449	2.233150408239526e-12	6.800100440422854e-14	1.0	1.4979908005069888e-13	1.0618177386675334e-15	1.0	5.5602213357755226e-12	8.350131567094743e-13	1.0	2.647723608021916e-12	3.013586596174568e-13	1.0	137	114	True	False	[15.400411605834961,0.001540041179396212]	blocked_pending_author_clarification	
1f65da077aa613a674298de12cad18a93e49f5c383feb25a08aee5cf21b3dded	Track B	ZZ_ntuple	zz	zz	root://cceos.ihep.ac.cn:1094	/eos/ihep/cms/store/user/coli/datasets/hh4b/inference/ZZ_ntuple/selected_ntuples_0001.root	690055895	4cfd4cfc	14	high_score_tail_stability_v1	track_b_phase3_multifile_v1_20260806	1	64	2048	True		81	81	False	released_sophon_ensemble	40J7I_R1_v1	HH4b_released_three_model_ensemble	43c7fb9b0860c0f37953a1636b1f1b73fcc320da585d4a446cb45a31a14fdec0	ff90137a4c919f0a07d47cbfb21ead3688ee49856d98a0ff16bbbaa7058eb735	9b0412c8cce16f4684910207ed3b82a1bfb6b74891c554bba1f1c3b4f9347b86	1de0398cb1116200e1ead26886dfc0d6f1c15579dab82ad689c68690509dc449	1.2124446127104733e-12	9.289034927535689e-14	1.0	6.071983235388088e-14	4.949867843758631e-16	1.0	7.755755763765786e-12	4.6488004418199225e-12	1.0	3.009640069610047e-12	1.5807285926265517e-12	1.0	137	114	True	False	[15.400411605834961,0.001540041179396212]	blocked_pending_author_clarification	
a1a2a3dfb7c676ce66b45ac90ce36b361b3591aacf4836a8e33d6016955613b1	Track B	ZZ_ntuple	zz	zz	root://cceos.ihep.ac.cn:1094	/eos/ihep/cms/store/user/coli/datasets/hh4b/inference/ZZ_ntuple/selected_ntuples_0001.root	690055895	4cfd4cfc	15	high_score_tail_stability_v1	track_b_phase3_multifile_v1_20260806	1	64	2048	True		79	79	False	released_sophon_ensemble	40J7I_R1_v1	HH4b_released_three_model_ensemble	43c7fb9b0860c0f37953a1636b1f1b73fcc320da585d4a446cb45a31a14fdec0	ff90137a4c919f0a07d47cbfb21ead3688ee49856d98a0ff16bbbaa7058eb735	9b0412c8cce16f4684910207ed3b82a1bfb6b74891c554bba1f1c3b4f9347b86	1de0398cb1116200e1ead26886dfc0d6f1c15579dab82ad689c68690509dc449	8.602150266623419e-13	3.498008902935029e-14	1.0	8.550925206488563e-14	5.500574255349895e-16	1.0	5.838329808223637e-12	2.3382060176935227e-12	1.0	2.2613513623169546e-12	7.912453880494693e-13	1.0	137	114	True	False	[15.400411605834961,0.001540041179396212]	blocked_pending_author_clarification	
3ebb3588ebe691954bb05c7cc48a28c9d096d386a681d9bbeb6f911bad040911	Track B	ZZ_ntuple	zz	zz	root://cceos.ihep.ac.cn:1094	/eos/ihep/cms/store/user/coli/datasets/hh4b/inference/ZZ_ntuple/selected_ntuples_0001.root	690055895	4cfd4cfc	16	high_score_tail_stability_v1	track_b_phase3_multifile_v1_20260806	1	64	2048	True		153	153	False	released_sophon_ensemble	40J7I_R1_v1	HH4b_released_three_model_ensemble	43c7fb9b0860c0f37953a1636b1f1b73fcc320da585d4a446cb45a31a14fdec0	ff90137a4c919f0a07d47cbfb21ead3688ee49856d98a0ff16bbbaa7058eb735	9b0412c8cce16f4684910207ed3b82a1bfb6b74891c554bba1f1c3b4f9347b86	1de0398cb1116200e1ead26886dfc0d6f1c15579dab82ad689c68690509dc449	0.611574882583227	0.3007236421108246	0.08770156651735306	0.6609327445039526	0.18353083729743958	0.15553638339042664	0.6456555346958339	0.2602751851081848	0.0940692275762558	0.6393877205943379	0.24817655483881632	0.11243572582801183	136	55	True	False	[15.400411605834961,0.001540041179396212]	blocked_pending_author_clarification	
887ec4d55a8dcfd6493adc4e370daf53fce7096b8027d7c63dcc5d15c1a0879e	Track B	ZZ_ntuple	zz	zz	root://cceos.ihep.ac.cn:1094	/eos/ihep/cms/store/user/coli/datasets/hh4b/inference/ZZ_ntuple/selected_ntuples_0001.root	690055895	4cfd4cfc	17	high_score_tail_stability_v1	track_b_phase3_multifile_v1_20260806	1	64	2048	True		92	92	False	released_sophon_ensemble	40J7I_R1_v1	HH4b_released_three_model_ensemble	43c7fb9b0860c0f37953a1636b1f1b73fcc320da585d4a446cb45a31a14fdec0	ff90137a4c919f0a07d47cbfb21ead3688ee49856d98a0ff16bbbaa7058eb735	9b0412c8cce16f4684910207ed3b82a1bfb6b74891c554bba1f1c3b4f9347b86	1de0398cb1116200e1ead26886dfc0d6f1c15579dab82ad689c68690509dc449	3.533628900657881e-13	3.411234104433794e-14	1.0	1.0988825194179381e-13	1.9361210175378044e-15	1.0	5.917253179441274e-12	3.6007180310299036e-12	1.0	2.1268347738162856e-12	1.2122554976972598e-12	1.0	137	114	True	False	[15.400411605834961,0.001540041179396212]	blocked_pending_author_clarification	
f41c5741dd411c1fbacc4197e58ee08742a017e61a10ca21a6ef7f23b039db4c	Track B	ZZ_ntuple	zz	zz	root://cceos.ihep.ac.cn:1094	/eos/ihep/cms/store/user/coli/datasets/hh4b/inference/ZZ_ntuple/selected_ntuples_0001.root	690055895	4cfd4cfc	18	high_score_tail_stability_v1	track_b_phase3_multifile_v1_20260806	1	64	2048	True		58	58	False	released_sophon_ensemble	40J7I_R1_v1	HH4b_released_three_model_ensemble	43c7fb9b0860c0f37953a1636b1f1b73fcc320da585d4a446cb45a31a14fdec0	ff90137a4c919f0a07d47cbfb21ead3688ee49856d98a0ff16bbbaa7058eb735	9b0412c8cce16f4684910207ed3b82a1bfb6b74891c554bba1f1c3b4f9347b86	1de0398cb1116200e1ead26886dfc0d6f1c15579dab82ad689c68690509dc449	3.866840344049829e-13	3.965775055353102e-14	1.0	9.250669247788375e-14	1.6479101163006482e-15	1.0	7.007532079246443e-12	9.690448096733029e-12	1.0	2.49557426870977e-12	3.2439179191342868e-12	1.0	137	114	True	False	[15.400411605834961,0.001540041179396212]	blocked_pending_author_clarification	
a9abb6c63adfaf055b527dd491fa70af93d45a30b74a2e45700cf3ed497e269b	Track B	ZZ_ntuple	zz	zz	root://cceos.ihep.ac.cn:1094	/eos/ihep/cms/store/user/coli/datasets/hh4b/inference/ZZ_ntuple/selected_ntuples_0001.root	690055895	4cfd4cfc	19	high_score_tail_stability_v1	track_b_phase3_multifile_v1_20260806	1	64	2048	True		59	59	False	released_sophon_ensemble	40J7I_R1_v1	HH4b_released_three_model_ensemble	43c7fb9b0860c0f37953a1636b1f1b73fcc320da585d4a446cb45a31a14fdec0	ff90137a4c919f0a07d47cbfb21ead3688ee49856d98a0ff16bbbaa7058eb735	9b0412c8cce16f4684910207ed3b82a1bfb6b74891c554bba1f1c3b4f9347b86	1de0398cb1116200e1ead26886dfc0d6f1c15579dab82ad689c68690509dc449	6.995672401294525e-13	7.333613290206806e-14	1.0	1.560154238626773e-13	2.924478870942643e-15	1.0	9.866669295635279e-12	6.936145668240412e-12	1.0	3.5740839865424693e-12	2.3374687600044743e-12	1.0	137	114	True	False	[15.400411605834961,0.001540041179396212]	blocked_pending_author_clarification	
412789c8276c5dd04f79799835d60f9732c4fd4ed8272394167919c0b9cca763	Track B	ZZ_ntuple	zz	zz	root://cceos.ihep.ac.cn:1094	/eos/ihep/cms/store/user/coli/datasets/hh4b/inference/ZZ_ntuple/selected_ntuples_0001.root	690055895	4cfd4cfc	20	high_score_tail_stability_v1	track_b_phase3_multifile_v1_20260806	1	64	2048	True		54	54	False	released_sophon_ensemble	40J7I_R1_v1	HH4b_released_three_model_ensemble	43c7fb9b0860c0f37953a1636b1f1b73fcc320da585d4a446cb45a31a14fdec0	ff90137a4c919f0a07d47cbfb21ead3688ee49856d98a0ff16bbbaa7058eb735	9b0412c8cce16f4684910207ed3b82a1bfb6b74891c554bba1f1c3b4f9347b86	1de0398cb1116200e1ead26886dfc0d6f1c15579dab82ad689c68690509dc449	3.7741447415617725e-12	1.3492413566615347e-13	1.0	2.494948304082433e-13	1.7058854981337056e-15	1.0	1.5068106578090504e-11	1.4833738621114478e-12	1.0	6.363915383353507e-12	5.40001294425245e-13	1.0	137	114	True	False	[15.400411605834961,0.001540041179396212]	blocked_pending_author_clarification	
91e501e8eb2c1ecfbdc47a67cacf530772a646b9de0db8a3975be83b52270713	Track B	ZZ_ntuple	zz	zz	root://cceos.ihep.ac.cn:1094	/eos/ihep/cms/store/user/coli/datasets/hh4b/inference/ZZ_ntuple/selected_ntuples_0001.root	690055895	4cfd4cfc	21	high_score_tail_stability_v1	track_b_phase3_multifile_v1_20260806	1	64	2048	True		78	78	False	released_sophon_ensemble	40J7I_R1_v1	HH4b_released_three_model_ensemble	43c7fb9b0860c0f37953a1636b1f1b73fcc320da585d4a446cb45a31a14fdec0	ff90137a4c919f0a07d47cbfb21ead3688ee49856d98a0ff16bbbaa7058eb735	9b0412c8cce16f4684910207ed3b82a1bfb6b74891c554bba1f1c3b4f9347b86	1de0398cb1116200e1ead26886dfc0d6f1c15579dab82ad689c68690509dc449	1.4598339278041173e-12	4.083094200745506e-14	1.0	1.155536992709695e-13	7.292528041803531e-16	1.0	3.888649173057136e-12	6.113177997667252e-13	1.0	1.8213456000440744e-12	2.1762599819278686e-13	1.0	137	114	True	False	[15.400411605834961,0.001540041179396212]	blocked_pending_author_clarification	
2c12ff52488001b40abb8c9785cfab85c038cc0e8b85ce08600ee332daac11db	Track B	ZZ_ntuple	zz	zz	root://cceos.ihep.ac.cn:1094	/eos/ihep/cms/store/user/coli/datasets/hh4b/inference/ZZ_ntuple/selected_ntuples_0001.root	690055895	4cfd4cfc	22	high_score_tail_stability_v1	track_b_phase3_multifile_v1_20260806	1	64	2048	True		156	156	False	released_sophon_ensemble	40J7I_R1_v1	HH4b_released_three_model_ensemble	43c7fb9b0860c0f37953a1636b1f1b73fcc320da585d4a446cb45a31a14fdec0	ff90137a4c919f0a07d47cbfb21ead3688ee49856d98a0ff16bbbaa7058eb735	9b0412c8cce16f4684910207ed3b82a1bfb6b74891c554bba1f1c3b4f9347b86	1de0398cb1116200e1ead26886dfc0d6f1c15579dab82ad689c68690509dc449	1.9295345239920315e-10	6.871320786666635e-12	1.0	1.2175417754157696e-10	9.137023819841272e-13	1.0	3.8368130970029913e-10	2.597972011131322e-11	1.0	2.327963132136931e-10	1.125491442665466e-11	1.0	137	114	True	False	[15.400411605834961,0.001540041179396212]	blocked_pending_author_clarification	
7f4125811852cdc28efdca958f5c8b69c1b8982c8e384a240ce355ff022221e0	Track B	ZZ_ntuple	zz	zz	root://cceos.ihep.ac.cn:1094	/eos/ihep/cms/store/user/coli/datasets/hh4b/inference/ZZ_ntuple/selected_ntuples_0001.root	690055895	4cfd4cfc	23	high_score_tail_stability_v1	track_b_phase3_multifile_v1_20260806	1	64	2048	True		146	146	False	released_sophon_ensemble	40J7I_R1_v1	HH4b_released_three_model_ensemble	43c7fb9b0860c0f37953a1636b1f1b73fcc320da585d4a446cb45a31a14fdec0	ff90137a4c919f0a07d47cbfb21ead3688ee49856d98a0ff16bbbaa7058eb735	9b0412c8cce16f4684910207ed3b82a1bfb6b74891c554bba1f1c3b4f9347b86	1de0398cb1116200e1ead26886dfc0d6f1c15579dab82ad689c68690509dc449	3.123954331460435e-12	6.473878914501838e-14	1.0	2.4700386729303734e-13	8.945256610903753e-16	1.0	3.7266064352762e-12	2.530788079102564e-13	1.0	2.3658548780098906e-12	1.0623737423878838e-13	1.0	137	114	True	False	[15.400411605834961,0.001540041179396212]	blocked_pending_author_clarification	
b3570798630559021845439cb832223fc0686a51d5a130987ba065d15716a560	Track B	ZZ_ntuple	zz	zz	root://cceos.ihep.ac.cn:1094	/eos/ihep/cms/store/user/coli/datasets/hh4b/inference/ZZ_ntuple/selected_ntuples_0001.root	690055895	4cfd4cfc	24	high_score_tail_stability_v1	track_b_phase3_multifile_v1_20260806	1	64	2048	True		133	133	False	released_sophon_ensemble	40J7I_R1_v1	HH4b_released_three_model_ensemble	43c7fb9b0860c0f37953a1636b1f1b73fcc320da585d4a446cb45a31a14fdec0	ff90137a4c919f0a07d47cbfb21ead3688ee49856d98a0ff16bbbaa7058eb735	9b0412c8cce16f4684910207ed3b82a1bfb6b74891c554bba1f1c3b4f9347b86	1de0398cb1116200e1ead26886dfc0d6f1c15579dab82ad689c68690509dc449	1.7673887932454462e-12	4.349118111544696e-14	1.0	4.978363544829632e-13	1.802667800324337e-15	1.0	8.914152887437393e-12	5.602272118432339e-13	1.0	3.726459345055267e-12	2.0184035358633505e-13	1.0	137	114	True	False	[15.400411605834961,0.001540041179396212]	blocked_pending_author_clarification	
a0a34c68538b4021a62a0e86502d4fbe1d3d2ccc24ad62e0f84e9ca3bba52c48	Track B	ZZ_ntuple	zz	zz	root://cceos.ihep.ac.cn:1094	/eos/ihep/cms/store/user/coli/datasets/hh4b/inference/ZZ_ntuple/selected_ntuples_0001.root	690055895	4cfd4cfc	25	high_score_tail_stability_v1	track_b_phase3_multifile_v1_20260806	1	64	2048	True		73	73	False	released_sophon_ensemble	40J7I_R1_v1	HH4b_released_three_model_ensemble	43c7fb9b0860c0f37953a1636b1f1b73fcc320da585d4a446cb45a31a14fdec0	ff90137a4c919f0a07d47cbfb21ead3688ee49856d98a0ff16bbbaa7058eb735	9b0412c8cce16f4684910207ed3b82a1bfb6b74891c554bba1f1c3b4f9347b86	1de0398cb1116200e1ead26886dfc0d6f1c15579dab82ad689c68690509dc449	2.6613294157281174e-13	2.195621546445363e-14	1.0	7.118359271758364e-14	7.619245060822867e-16	1.0	5.592563140877999e-12	4.924536906730781e-12	1.0	1.9766265583894647e-12	1.6490850155671057e-12	1.0	137	114	True	False	[15.400411605834961,0.001540041179396212]	blocked_pending_author_clarification	
7127f6cd57368d7788fd0fd86b3d5b07f5f8b9b2735185a7e85864063cf2b8d0	Track B	ZZ_ntuple	zz	zz	root://cceos.ihep.ac.cn:1094	/eos/ihep/cms/store/user/coli/datasets/hh4b/inference/ZZ_ntuple/selected_ntuples_0001.root	690055895	4cfd4cfc	26	high_score_tail_stability_v1	track_b_phase3_multifile_v1_20260806	1	64	2048	True		78	78	False	released_sophon_ensemble	40J7I_R1_v1	HH4b_released_three_model_ensemble	43c7fb9b0860c0f37953a1636b1f1b73fcc320da585d4a446cb45a31a14fdec0	ff90137a4c919f0a07d47cbfb21ead3688ee49856d98a0ff16bbbaa7058eb735	9b0412c8cce16f4684910207ed3b82a1bfb6b74891c554bba1f1c3b4f9347b86	1de0398cb1116200e1ead26886dfc0d6f1c15579dab82ad689c68690509dc449	3.936116562900612e-12	8.41010258396252e-13	1.0	4.436531409225921e-13	2.4983841560789928e-14	1.0	8.815727339001243e-12	6.4379790561119865e-12	1.0	4.398499014274816e-12	2.434657718689676e-12	1.0	137	114	True	False	[15.400411605834961,0.001540041179396212]	blocked_pending_author_clarification	
09e4934120757ee6901236d4430428ba43388168298255f0f6ccace721f15577	Track B	ZZ_ntuple	zz	zz	root://cceos.ihep.ac.cn:1094	/eos/ihep/cms/store/user/coli/datasets/hh4b/inference/ZZ_ntuple/selected_ntuples_0001.root	690055895	4cfd4cfc	27	high_score_tail_stability_v1	track_b_phase3_multifile_v1_20260806	1	64	2048	True		81	81	False	released_sophon_ensemble	40J7I_R1_v1	HH4b_released_three_model_ensemble	43c7fb9b0860c0f37953a1636b1f1b73fcc320da585d4a446cb45a31a14fdec0	ff90137a4c919f0a07d47cbfb21ead3688ee49856d98a0ff16bbbaa7058eb735	9b0412c8cce16f4684910207ed3b82a1bfb6b74891c554bba1f1c3b4f9347b86	1de0398cb1116200e1ead26886dfc0d6f1c15579dab82ad689c68690509dc449	2.8513564058316116e-12	6.521360599968939e-13	1.0	1.3528864564923381e-12	7.755892418104607e-14	1.0	1.5897359118720592e-11	7.111718765967501e-12	1.0	6.700533993681514e-12	2.6138045833818137e-12	1.0	137	114	True	False	[15.400411605834961,0.001540041179396212]	blocked_pending_author_clarification	
5a9e5d99e249d3082878221f81a016d82432a5b4c97d3d76621f85458509f009	Track B	ZZ_ntuple	zz	zz	root://cceos.ihep.ac.cn:1094	/eos/ihep/cms/store/user/coli/datasets/hh4b/inference/ZZ_ntuple/selected_ntuples_0001.root	690055895	4cfd4cfc	28	high_score_tail_stability_v1	track_b_phase3_multifile_v1_20260806	1	64	2048	True		123	123	False	released_sophon_ensemble	40J7I_R1_v1	HH4b_released_three_model_ensemble	43c7fb9b0860c0f37953a1636b1f1b73fcc320da585d4a446cb45a31a14fdec0	ff90137a4c919f0a07d47cbfb21ead3688ee49856d98a0ff16bbbaa7058eb735	9b0412c8cce16f4684910207ed3b82a1bfb6b74891c554bba1f1c3b4f9347b86	1de0398cb1116200e1ead26886dfc0d6f1c15579dab82ad689c68690509dc449	0.037654188829037594	0.9491955637931824	0.013150215148925781	0.02421486458115396	0.968522846698761	0.007262203376740217	0.025147717898562405	0.9702731370925903	0.004579156171530485	0.02900559043625132	0.9626638491948446	0.008330524899065495	136	15	True	False	[15.400411605834961,0.001540041179396212]	blocked_pending_author_clarification	
fac4cfd18d16fa076388ba6e114efef8e9a690b8bbfb869e65fcf58a8650f161	Track B	ZZ_ntuple	zz	zz	root://cceos.ihep.ac.cn:1094	/eos/ihep/cms/store/user/coli/datasets/hh4b/inference/ZZ_ntuple/selected_ntuples_0001.root	690055895	4cfd4cfc	29	high_score_tail_stability_v1	track_b_phase3_multifile_v1_20260806	1	64	2048	True		94	94	False	released_sophon_ensemble	40J7I_R1_v1	HH4b_released_three_model_ensemble	43c7fb9b0860c0f37953a1636b1f1b73fcc320da585d4a446cb45a31a14fdec0	ff90137a4c919f0a07d47cbfb21ead3688ee49856d98a0ff16bbbaa7058eb735	9b0412c8cce16f4684910207ed3b82a1bfb6b74891c554bba1f1c3b4f9347b86	1de0398cb1116200e1ead26886dfc0d6f1c15579dab82ad689c68690509dc449	3.553899127960127e-13	7.81154705671713e-15	1.0	8.075263020849816e-14	4.950831343736133e-16	1.0	6.1285090428727464e-12	7.415649583113193e-13	1.0	2.188217195292419e-12	2.4995719616747e-13	1.0	137	114	True	False	[15.400411605834961,0.001540041179396212]	blocked_pending_author_clarification	
c7c74399e0f99cef5e8ecdc9b96f3faae47fadf6dbd157710c11a6e14a612659	Track B	ZZ_ntuple	zz	zz	root://cceos.ihep.ac.cn:1094	/eos/ihep/cms/store/user/coli/datasets/hh4b/inference/ZZ_ntuple/selected_ntuples_0001.root	690055895	4cfd4cfc	30	high_score_tail_stability_v1	track_b_phase3_multifile_v1_20260806	1	64	2048	True		134	134	False	released_sophon_ensemble	40J7I_R1_v1	HH4b_released_three_model_ensemble	43c7fb9b0860c0f37953a1636b1f1b73fcc320da585d4a446cb45a31a14fdec0	ff90137a4c919f0a07d47cbfb21ead3688ee49856d98a0ff16bbbaa7058eb735	9b0412c8cce16f4684910207ed3b82a1bfb6b74891c554bba1f1c3b4f9347b86	1de0398cb1116200e1ead26886dfc0d6f1c15579dab82ad689c68690509dc449	0.14580558851594105	0.8238948583602905	0.03029957227408886	0.08604889066918986	0.9028995037078857	0.011051557026803493	0.1336231861205306	0.858871579170227	0.007505147717893124	0.1218258884352205	0.8618886470794678	0.016285425672928493	136	12	True	True	[15.400411605834961,0.001540041179396212]	blocked_pending_author_clarification	
4165dbee17675c7d0f0066d4ae5383cd23d8ef7dddd660ca3e6cce09aafe2a47	Track B	ZZ_ntuple	zz	zz	root://cceos.ihep.ac.cn:1094	/eos/ihep/cms/store/user/coli/datasets/hh4b/inference/ZZ_ntuple/selected_ntuples_0001.root	690055895	4cfd4cfc	31	high_score_tail_stability_v1	track_b_phase3_multifile_v1_20260806	1	64	2048	True		76	76	False	released_sophon_ensemble	40J7I_R1_v1	HH4b_released_three_model_ensemble	43c7fb9b0860c0f37953a1636b1f1b73fcc320da585d4a446cb45a31a14fdec0	ff90137a4c919f0a07d47cbfb21ead3688ee49856d98a0ff16bbbaa7058eb735	9b0412c8cce16f4684910207ed3b82a1bfb6b74891c554bba1f1c3b4f9347b86	1de0398cb1116200e1ead26886dfc0d6f1c15579dab82ad689c68690509dc449	4.685106169978841e-12	1.8638095353098322e-13	1.0	3.2200053982864787e-13	2.6172991962473188e-15	1.0	5.370126014918554e-12	8.339929224651654e-13	1.0	3.459077574908681e-12	3.409970583974653e-13	1.0	137	114	True	False	[15.400411605834961,0.001540041179396212]	blocked_pending_author_clarification	
0239bd10f5ee03ad2800e15df89a7d944e95f8263c8fccb4e7ce215f61b95b45	Track B	ZZ_ntuple	zz	zz	root://cceos.ihep.ac.cn:1094	/eos/ihep/cms/store/user/coli/datasets/hh4b/inference/ZZ_ntuple/selected_ntuples_0001.root	690055895	4cfd4cfc	32	high_score_tail_stability_v1	track_b_phase3_multifile_v1_20260806	1	64	2048	True		85	85	False	released_sophon_ensemble	40J7I_R1_v1	HH4b_released_three_model_ensemble	43c7fb9b0860c0f37953a1636b1f1b73fcc320da585d4a446cb45a31a14fdec0	ff90137a4c919f0a07d47cbfb21ead3688ee49856d98a0ff16bbbaa7058eb735	9b0412c8cce16f4684910207ed3b82a1bfb6b74891c554bba1f1c3b4f9347b86	1de0398cb1116200e1ead26886dfc0d6f1c15579dab82ad689c68690509dc449	5.638717976186551e-13	2.883053157646219e-14	1.0	5.581850714627342e-14	6.309929059527956e-16	1.0	5.934852765170109e-12	2.921038194311776e-12	1.0	2.184847689978346e-12	9.834999062647303e-13	1.0	137	114	True	False	[15.400411605834961,0.001540041179396212]	blocked_pending_author_clarification	
dedd0a6d295f0e62b6b157547ee165342b02b8702b32e838bf61ddedabffa920	Track B	ZZ_ntuple	zz	zz	root://cceos.ihep.ac.cn:1094	/eos/ihep/cms/store/user/coli/datasets/hh4b/inference/ZZ_ntuple/selected_ntuples_0001.root	690055895	4cfd4cfc	33	high_score_tail_stability_v1	track_b_phase3_multifile_v1_20260806	1	64	2048	True		88	88	False	released_sophon_ensemble	40J7I_R1_v1	HH4b_released_three_model_ensemble	43c7fb9b0860c0f37953a1636b1f1b73fcc320da585d4a446cb45a31a14fdec0	ff90137a4c919f0a07d47cbfb21ead3688ee49856d98a0ff16bbbaa7058eb735	9b0412c8cce16f4684910207ed3b82a1bfb6b74891c554bba1f1c3b4f9347b86	1de0398cb1116200e1ead26886dfc0d6f1c15579dab82ad689c68690509dc449	6.465949044406189e-13	5.697073130091213e-14	1.0	6.499131199387013e-14	6.590110088425141e-16	1.0	5.387354465356411e-12	3.95369501027254e-12	1.0	2.0329802272636333e-12	1.3371082508607648e-12	1.0	137	114	True	False	[15.400411605834961,0.001540041179396212]	blocked_pending_author_clarification	
443440e967d5a5543278250933a5376c137314e9b84deab5ceb1f7bb71210ad6	Track B	ZZ_ntuple	zz	zz	root://cceos.ihep.ac.cn:1094	/eos/ihep/cms/store/user/coli/datasets/hh4b/inference/ZZ_ntuple/selected_ntuples_0001.root	690055895	4cfd4cfc	34	high_score_tail_stability_v1	track_b_phase3_multifile_v1_20260806	1	64	2048	True		66	66	False	released_sophon_ensemble	40J7I_R1_v1	HH4b_released_three_model_ensemble	43c7fb9b0860c0f37953a1636b1f1b73fcc320da585d4a446cb45a31a14fdec0	ff90137a4c919f0a07d47cbfb21ead3688ee49856d98a0ff16bbbaa7058eb735	9b0412c8cce16f4684910207ed3b82a1bfb6b74891c554bba1f1c3b4f9347b86	1de0398cb1116200e1ead26886dfc0d6f1c15579dab82ad689c68690509dc449	5.19284824229209e-12	5.885369773993288e-13	1.0	5.750738801977898e-13	8.70879381115056e-15	1.0	1.117877204743821e-11	3.2330169357636107e-12	1.0	5.6488980566426965e-12	1.27675423565803e-12	1.0	137	114	True	False	[15.400411605834961,0.001540041179396212]	blocked_pending_author_clarification	
af4b2678bcbd1761866b328f61a27d4c16e09d9c8b0dd5b4e0c851fc9bf26d48	Track B	ZZ_ntuple	zz	zz	root://cceos.ihep.ac.cn:1094	/eos/ihep/cms/store/user/coli/datasets/hh4b/inference/ZZ_ntuple/selected_ntuples_0001.root	690055895	4cfd4cfc	35	high_score_tail_stability_v1	track_b_phase3_multifile_v1_20260806	1	64	2048	True		144	144	False	released_sophon_ensemble	40J7I_R1_v1	HH4b_released_three_model_ensemble	43c7fb9b0860c0f37953a1636b1f1b73fcc320da585d4a446cb45a31a14fdec0	ff90137a4c919f0a07d47cbfb21ead3688ee49856d98a0ff16bbbaa7058eb735	9b0412c8cce16f4684910207ed3b82a1bfb6b74891c554bba1f1c3b4f9347b86	1de0398cb1116200e1ead26886dfc0d6f1c15579dab82ad689c68690509dc449	0.006876795526295609	0.986156702041626	0.006966468878090382	0.0067883768331284955	0.9874216318130493	0.005790009628981352	0.007465579177278414	0.9834399223327637	0.00909449066966772	0.007043583845567507	0.9856727520624796	0.007283656392246485	136	87	True	False	[15.400411605834961,0.001540041179396212]	blocked_pending_author_clarification	
dec5362f3de4c57201f5055d903d6fd42276acaeff49bdac9d4c51e5704438de	Track B	ZZ_ntuple	zz	zz	root://cceos.ihep.ac.cn:1094	/eos/ihep/cms/store/user/coli/datasets/hh4b/inference/ZZ_ntuple/selected_ntuples_0001.root	690055895	4cfd4cfc	36	high_score_tail_stability_v1	track_b_phase3_multifile_v1_20260806	1	64	2048	True		125	125	False	released_sophon_ensemble	40J7I_R1_v1	HH4b_released_three_model_ensemble	43c7fb9b0860c0f37953a1636b1f1b73fcc320da585d4a446cb45a31a14fdec0	ff90137a4c919f0a07d47cbfb21ead3688ee49856d98a0ff16bbbaa7058eb735	9b0412c8cce16f4684910207ed3b82a1bfb6b74891c554bba1f1c3b4f9347b86	1de0398cb1116200e1ead26886dfc0d6f1c15579dab82ad689c68690509dc449	8.331159496212364e-13	4.892298656575429e-14	1.0	3.8609817093133676e-14	3.503293594432508e-16	1.0	3.926949727763186e-12	1.4345823791048207e-12	1.0	1.5995584981591855e-12	4.946185650100061e-13	1.0	137	114	True	False	[15.400411605834961,0.001540041179396212]	blocked_pending_author_clarification	
243d3b9e212a89ee2c330093a520c33c420e36029f6c31683bdf1650898a5b43	Track B	ZZ_ntuple	zz	zz	root://cceos.ihep.ac.cn:1094	/eos/ihep/cms/store/user/coli/datasets/hh4b/inference/ZZ_ntuple/selected_ntuples_0001.root	690055895	4cfd4cfc	37	high_score_tail_stability_v1	track_b_phase3_multifile_v1_20260806	1	64	2048	True		159	159	False	released_sophon_ensemble	40J7I_R1_v1	HH4b_released_three_model_ensemble	43c7fb9b0860c0f37953a1636b1f1b73fcc320da585d4a446cb45a31a14fdec0	ff90137a4c919f0a07d47cbfb21ead3688ee49856d98a0ff16bbbaa7058eb735	9b0412c8cce16f4684910207ed3b82a1bfb6b74891c554bba1f1c3b4f9347b86	1de0398cb1116200e1ead26886dfc0d6f1c15579dab82ad689c68690509dc449	0.8114444445261597	0.18557143211364746	0.002984132617712021	0.8193015289605796	0.17633593082427979	0.004362538456916809	0.7208784726643671	0.27516987919807434	0.003951630555093288	0.7838748153837022	0.21235908071200052	0.003766100543240706	136	116	True	False	[15.400411605834961,0.001540041179396212]	blocked_pending_author_clarification	
8ecbe42e7913e3b1f6b5bc39ed2862d84a4b25512bcef9a2e446e6c379603fcf	Track B	ZZ_ntuple	zz	zz	root://cceos.ihep.ac.cn:1094	/eos/ihep/cms/store/user/coli/datasets/hh4b/inference/ZZ_ntuple/selected_ntuples_0001.root	690055895	4cfd4cfc	38	high_score_tail_stability_v1	track_b_phase3_multifile_v1_20260806	1	64	2048	True		58	58	False	released_sophon_ensemble	40J7I_R1_v1	HH4b_released_three_model_ensemble	43c7fb9b0860c0f37953a1636b1f1b73fcc320da585d4a446cb45a31a14fdec0	ff90137a4c919f0a07d47cbfb21ead3688ee49856d98a0ff16bbbaa7058eb735	9b0412c8cce16f4684910207ed3b82a1bfb6b74891c554bba1f1c3b4f9347b86	1de0398cb1116200e1ead26886dfc0d6f1c15579dab82ad689c68690509dc449	2.8898165937556975e-12	6.318031492945353e-13	1.0	1.3463592028111918e-13	2.1764988035732078e-15	1.0	8.204294731641761e-12	6.967039358624083e-12	1.0	3.742915748559526e-12	2.5336730022407307e-12	1.0	137	114	True	False	[15.400411605834961,0.001540041179396212]	blocked_pending_author_clarification	
2ff9f845ac17ba3d9131704d2f63e26bc8fa0734a99cfb3b1cf02a5da029a25b	Track B	ZZ_ntuple	zz	zz	root://cceos.ihep.ac.cn:1094	/eos/ihep/cms/store/user/coli/datasets/hh4b/inference/ZZ_ntuple/selected_ntuples_0001.root	690055895	4cfd4cfc	39	high_score_tail_stability_v1	track_b_phase3_multifile_v1_20260806	1	64	2048	True		64	64	False	released_sophon_ensemble	40J7I_R1_v1	HH4b_released_three_model_ensemble	43c7fb9b0860c0f37953a1636b1f1b73fcc320da585d4a446cb45a31a14fdec0	ff90137a4c919f0a07d47cbfb21ead3688ee49856d98a0ff16bbbaa7058eb735	9b0412c8cce16f4684910207ed3b82a1bfb6b74891c554bba1f1c3b4f9347b86	1de0398cb1116200e1ead26886dfc0d6f1c15579dab82ad689c68690509dc449	2.6379419381964076e-12	5.578597615319217e-14	1.0	4.914144831343621e-13	4.797835170605377e-15	1.0	6.091014607438133e-12	6.97983066743485e-13	1.0	3.0734570095896337e-12	2.528556260224275e-13	1.0	137	114	True	False	[15.400411605834961,0.001540041179396212]	blocked_pending_author_clarification	
6d699b46d0a2e0e654b0e15091361db212ee99e703964888f96317d8a4a0f10f	Track B	ZZ_ntuple	zz	zz	root://cceos.ihep.ac.cn:1094	/eos/ihep/cms/store/user/coli/datasets/hh4b/inference/ZZ_ntuple/selected_ntuples_0001.root	690055895	4cfd4cfc	40	high_score_tail_stability_v1	track_b_phase3_multifile_v1_20260806	1	64	2048	True		108	108	False	released_sophon_ensemble	40J7I_R1_v1	HH4b_released_three_model_ensemble	43c7fb9b0860c0f37953a1636b1f1b73fcc320da585d4a446cb45a31a14fdec0	ff90137a4c919f0a07d47cbfb21ead3688ee49856d98a0ff16bbbaa7058eb735	9b0412c8cce16f4684910207ed3b82a1bfb6b74891c554bba1f1c3b4f9347b86	1de0398cb1116200e1ead26886dfc0d6f1c15579dab82ad689c68690509dc449	1.2623266397425153e-12	6.317269298818096e-14	1.0	5.537704496832902e-14	4.317763418820801e-16	1.0	5.5342916561136014e-12	1.429084931989233e-12	1.0	2.2839984469414818e-12	4.975631337730986e-13	1.0	137	114	True	False	[15.400411605834961,0.001540041179396212]	blocked_pending_author_clarification	
4275d59f770adba4074e088c101d2bc5bc224f8eddbfddbadc087a1b7e85560c	Track B	ZZ_ntuple	zz	zz	root://cceos.ihep.ac.cn:1094	/eos/ihep/cms/store/user/coli/datasets/hh4b/inference/ZZ_ntuple/selected_ntuples_0001.root	690055895	4cfd4cfc	41	high_score_tail_stability_v1	track_b_phase3_multifile_v1_20260806	1	64	2048	True		148	148	False	released_sophon_ensemble	40J7I_R1_v1	HH4b_released_three_model_ensemble	43c7fb9b0860c0f37953a1636b1f1b73fcc320da585d4a446cb45a31a14fdec0	ff90137a4c919f0a07d47cbfb21ead3688ee49856d98a0ff16bbbaa7058eb735	9b0412c8cce16f4684910207ed3b82a1bfb6b74891c554bba1f1c3b4f9347b86	1de0398cb1116200e1ead26886dfc0d6f1c15579dab82ad689c68690509dc449	1.1434168233896041e-11	1.4323922907164e-12	1.0	7.613748825159195e-12	2.975661980274963e-13	1.0	2.483415549522513e-11	6.037272244630021e-12	1.0	1.4627357518093453e-11	2.589076911124639e-12	1.0	137	114	True	False	[15.400411605834961,0.001540041179396212]	blocked_pending_author_clarification	
128621514dca38e6acdf89867e114dad4dd6fd7bde1c37a41dce288af3e169a9	Track B	ZZ_ntuple	zz	zz	root://cceos.ihep.ac.cn:1094	/eos/ihep/cms/store/user/coli/datasets/hh4b/inference/ZZ_ntuple/selected_ntuples_0001.root	690055895	4cfd4cfc	42	high_score_tail_stability_v1	track_b_phase3_multifile_v1_20260806	1	64	2048	True		114	114	False	released_sophon_ensemble	40J7I_R1_v1	HH4b_released_three_model_ensemble	43c7fb9b0860c0f37953a1636b1f1b73fcc320da585d4a446cb45a31a14fdec0	ff90137a4c919f0a07d47cbfb21ead3688ee49856d98a0ff16bbbaa7058eb735	9b0412c8cce16f4684910207ed3b82a1bfb6b74891c554bba1f1c3b4f9347b86	1de0398cb1116200e1ead26886dfc0d6f1c15579dab82ad689c68690509dc449	4.100025497657007e-13	1.4394762508709857e-14	1.0	1.0448370953615461e-13	5.605191824060865e-16	1.0	4.1283313151535215e-12	1.1447724278940141e-12	1.0	1.5476058581517924e-12	3.8657590319504334e-13	1.0	137	114	True	False	[15.400411605834961,0.001540041179396212]	blocked_pending_author_clarification	
2db5a5c0a9db293867b5b3d1cd327f7c999751cdcdcced5ccb384c9ed3aa6149	Track B	ZZ_ntuple	zz	zz	root://cceos.ihep.ac.cn:1094	/eos/ihep/cms/store/user/coli/datasets/hh4b/inference/ZZ_ntuple/selected_ntuples_0001.root	690055895	4cfd4cfc	43	high_score_tail_stability_v1	track_b_phase3_multifile_v1_20260806	1	64	2048	True		132	132	False	released_sophon_ensemble	40J7I_R1_v1	HH4b_released_three_model_ensemble	43c7fb9b0860c0f37953a1636b1f1b73fcc320da585d4a446cb45a31a14fdec0	ff90137a4c919f0a07d47cbfb21ead3688ee49856d98a0ff16bbbaa7058eb735	9b0412c8cce16f4684910207ed3b82a1bfb6b74891c554bba1f1c3b4f9347b86	1de0398cb1116200e1ead26886dfc0d6f1c15579dab82ad689c68690509dc449	3.884595908135505e-07	8.951553809311008e-08	0.9999996423721313	2.79497639654909e-07	1.8594358053292126e-08	0.9999997615814209	6.582513209374111e-09	5.403602010289887e-10	1.0	2.2484658122594455e-07	3.62167521158104e-08	0.9999998013178507	137	90	True	False	[15.400411605834961,0.001540041179396212]	blocked_pending_author_clarification	
87a302bbf4e49704499f68e883c570f7469adad41a8c66bc4a0f46cc77a90b41	Track B	ZZ_ntuple	zz	zz	root://cceos.ihep.ac.cn:1094	/eos/ihep/cms/store/user/coli/datasets/hh4b/inference/ZZ_ntuple/selected_ntuples_0001.root	690055895	4cfd4cfc	44	high_score_tail_stability_v1	track_b_phase3_multifile_v1_20260806	1	64	2048	True		106	106	False	released_sophon_ensemble	40J7I_R1_v1	HH4b_released_three_model_ensemble	43c7fb9b0860c0f37953a1636b1f1b73fcc320da585d4a446cb45a31a14fdec0	ff90137a4c919f0a07d47cbfb21ead3688ee49856d98a0ff16bbbaa7058eb735	9b0412c8cce16f4684910207ed3b82a1bfb6b74891c554bba1f1c3b4f9347b86	1de0398cb1116200e1ead26886dfc0d6f1c15579dab82ad689c68690509dc449	1.1109626275043051e-08	5.85580695044996e-10	1.0	6.70398610226446e-08	4.5417589689122906e-09	1.0	1.8843759503329026e-09	1.9259530081860987e-10	1.0	2.667795441600685e-08	1.7733116549252987e-09	1.0	137	134	True	True	[15.400411605834961,0.001540041179396212]	blocked_pending_author_clarification	
611b618366b0913c24fe41281f8dd55bb410bfbfe2ea06afb22bab8f516e1633	Track B	ZZ_ntuple	zz	zz	root://cceos.ihep.ac.cn:1094	/eos/ihep/cms/store/user/coli/datasets/hh4b/inference/ZZ_ntuple/selected_ntuples_0001.root	690055895	4cfd4cfc	45	high_score_tail_stability_v1	track_b_phase3_multifile_v1_20260806	1	64	2048	True		48	48	False	released_sophon_ensemble	40J7I_R1_v1	HH4b_released_three_model_ensemble	43c7fb9b0860c0f37953a1636b1f1b73fcc320da585d4a446cb45a31a14fdec0	ff90137a4c919f0a07d47cbfb21ead3688ee49856d98a0ff16bbbaa7058eb735	9b0412c8cce16f4684910207ed3b82a1bfb6b74891c554bba1f1c3b4f9347b86	1de0398cb1116200e1ead26886dfc0d6f1c15579dab82ad689c68690509dc449	2.2584406848392094e-12	6.489286104999215e-13	1.0	3.215728137526356e-13	6.392670731826663e-15	1.0	2.0234221328970936e-11	5.2915796744379406e-11	1.0	7.604744942520928e-12	1.7857039341870384e-11	1.0	137	113	True	False	[15.400411605834961,0.001540041179396212]	blocked_pending_author_clarification	
81fd624040300f3293b6ad573077a20166cfba9cb6ea9e9132fd3eb2ba5579c3	Track B	ZZ_ntuple	zz	zz	root://cceos.ihep.ac.cn:1094	/eos/ihep/cms/store/user/coli/datasets/hh4b/inference/ZZ_ntuple/selected_ntuples_0001.root	690055895	4cfd4cfc	46	high_score_tail_stability_v1	track_b_phase3_multifile_v1_20260806	1	64	2048	True		145	145	False	released_sophon_ensemble	40J7I_R1_v1	HH4b_released_three_model_ensemble	43c7fb9b0860c0f37953a1636b1f1b73fcc320da585d4a446cb45a31a14fdec0	ff90137a4c919f0a07d47cbfb21ead3688ee49856d98a0ff16bbbaa7058eb735	9b0412c8cce16f4684910207ed3b82a1bfb6b74891c554bba1f1c3b4f9347b86	1de0398cb1116200e1ead26886dfc0d6f1c15579dab82ad689c68690509dc449	0.9802874616507324	0.019576622173190117	0.00013595017662737519	0.9850404257194896	0.014836737886071205	0.00012277995119802654	0.9816876937620691	0.018065838143229485	0.0002465119760017842	0.982338527044097	0.017493066067496937	0.00016841403460906199	59	59	True	True	[15.400411605834961,0.001540041179396212]	blocked_pending_author_clarification	
ffcd3ac010a3aae4f82c3a3ff1dd5df02e50f24be0f32c2ced06952f3000c88d	Track B	ZZ_ntuple	zz	zz	root://cceos.ihep.ac.cn:1094	/eos/ihep/cms/store/user/coli/datasets/hh4b/inference/ZZ_ntuple/selected_ntuples_0001.root	690055895	4cfd4cfc	47	high_score_tail_stability_v1	track_b_phase3_multifile_v1_20260806	1	64	2048	True		65	65	False	released_sophon_ensemble	40J7I_R1_v1	HH4b_released_three_model_ensemble	43c7fb9b0860c0f37953a1636b1f1b73fcc320da585d4a446cb45a31a14fdec0	ff90137a4c919f0a07d47cbfb21ead3688ee49856d98a0ff16bbbaa7058eb735	9b0412c8cce16f4684910207ed3b82a1bfb6b74891c554bba1f1c3b4f9347b86	1de0398cb1116200e1ead26886dfc0d6f1c15579dab82ad689c68690509dc449	1.6004323391739623e-12	2.1145364376574244e-13	1.0	2.0190926599366504e-13	4.597429716383852e-15	1.0	7.485668237213323e-12	7.041773414373509e-12	1.0	3.0960032807936498e-12	2.4192748292852116e-12	1.0	137	114	True	False	[15.400411605834961,0.001540041179396212]	blocked_pending_author_clarification	
4569cdf5f7cc7db74252bfd2051ab77bed27922308c660facaabe774a0d231e0	Track B	ZZ_ntuple	zz	zz	root://cceos.ihep.ac.cn:1094	/eos/ihep/cms/store/user/coli/datasets/hh4b/inference/ZZ_ntuple/selected_ntuples_0001.root	690055895	4cfd4cfc	48	high_score_tail_stability_v1	track_b_phase3_multifile_v1_20260806	1	64	2048	True		79	79	False	released_sophon_ensemble	40J7I_R1_v1	HH4b_released_three_model_ensemble	43c7fb9b0860c0f37953a1636b1f1b73fcc320da585d4a446cb45a31a14fdec0	ff90137a4c919f0a07d47cbfb21ead3688ee49856d98a0ff16bbbaa7058eb735	9b0412c8cce16f4684910207ed3b82a1bfb6b74891c554bba1f1c3b4f9347b86	1de0398cb1116200e1ead26886dfc0d6f1c15579dab82ad689c68690509dc449	6.278330438343324e-07	3.600414189008916e-08	0.9999994039535522	7.942728404937481e-07	2.2653013687090606e-08	0.9999991655349731	2.034808858881918e-08	4.632839445406489e-09	1.0	4.808179909722999e-07	2.1096665007528752e-08	0.9999995231628418	137	69	True	False	[15.400411605834961,0.001540041179396212]	blocked_pending_author_clarification	
74c0cf6fc0431a1aba04ac72caad418c40c590f3c8e248554a3943a55b3b0005	Track B	ZZ_ntuple	zz	zz	root://cceos.ihep.ac.cn:1094	/eos/ihep/cms/store/user/coli/datasets/hh4b/inference/ZZ_ntuple/selected_ntuples_0001.root	690055895	4cfd4cfc	49	high_score_tail_stability_v1	track_b_phase3_multifile_v1_20260806	1	64	2048	True		215	215	False	released_sophon_ensemble	40J7I_R1_v1	HH4b_released_three_model_ensemble	43c7fb9b0860c0f37953a1636b1f1b73fcc320da585d4a446cb45a31a14fdec0	ff90137a4c919f0a07d47cbfb21ead3688ee49856d98a0ff16bbbaa7058eb735	9b0412c8cce16f4684910207ed3b82a1bfb6b74891c554bba1f1c3b4f9347b86	1de0398cb1116200e1ead26886dfc0d6f1c15579dab82ad689c68690509dc449	0.9055696208361041	0.06526201963424683	0.029168320819735527	0.6052031694471225	0.03574800863862038	0.35904884338378906	0.951073966722106	0.040516916662454605	0.00840908382087946	0.8206155856684442	0.047175648311773934	0.132208749341468	137	5	False	True	[15.400411605834961,0.001540041179396212]	blocked_pending_author_clarification	
c51175e8fbc13a090a69be4860056edeab905150077f4134ad392dac0ce378ad	Track B	ZZ_ntuple	zz	zz	root://cceos.ihep.ac.cn:1094	/eos/ihep/cms/store/user/coli/datasets/hh4b/inference/ZZ_ntuple/selected_ntuples_0001.root	690055895	4cfd4cfc	50	high_score_tail_stability_v1	track_b_phase3_multifile_v1_20260806	1	64	2048	True		112	112	False	released_sophon_ensemble	40J7I_R1_v1	HH4b_released_three_model_ensemble	43c7fb9b0860c0f37953a1636b1f1b73fcc320da585d4a446cb45a31a14fdec0	ff90137a4c919f0a07d47cbfb21ead3688ee49856d98a0ff16bbbaa7058eb735	9b0412c8cce16f4684910207ed3b82a1bfb6b74891c554bba1f1c3b4f9347b86	1de0398cb1116200e1ead26886dfc0d6f1c15579dab82ad689c68690509dc449	2.9024968391938577e-06	1.052458264894085e-05	0.9999866485595703	1.492254462796827e-06	2.492420662747463e-06	0.9999960660934448	3.901249439847848e-06	1.9470302504487336e-05	0.9999765157699585	2.7653335806128443e-06	1.0829101938725216e-05	0.9999864101409912	137	69	True	False	[15.400411605834961,0.001540041179396212]	blocked_pending_author_clarification	
7dba7d2bfdf28b0dfa20fcc5064832c6c192b18087205d34d74be7a2560deb77	Track B	ZZ_ntuple	zz	zz	root://cceos.ihep.ac.cn:1094	/eos/ihep/cms/store/user/coli/datasets/hh4b/inference/ZZ_ntuple/selected_ntuples_0001.root	690055895	4cfd4cfc	51	high_score_tail_stability_v1	track_b_phase3_multifile_v1_20260806	1	64	2048	True		121	121	False	released_sophon_ensemble	40J7I_R1_v1	HH4b_released_three_model_ensemble	43c7fb9b0860c0f37953a1636b1f1b73fcc320da585d4a446cb45a31a14fdec0	ff90137a4c919f0a07d47cbfb21ead3688ee49856d98a0ff16bbbaa7058eb735	9b0412c8cce16f4684910207ed3b82a1bfb6b74891c554bba1f1c3b4f9347b86	1de0398cb1116200e1ead26886dfc0d6f1c15579dab82ad689c68690509dc449	0.9831144871286597	0.01676643267273903	0.00011904170969501138	0.9851321920214104	0.014769801869988441	9.81379344011657e-05	0.9849950994857863	0.014794527553021908	0.00021037641272414476	0.9844139262119521	0.015443587365249792	0.00014251868560677394	6	6	False	False	[15.400411605834961,0.001540041179396212]	blocked_pending_author_clarification	
2b938191a38519fc6fcb0f49618c548152246878ecb17b91fffbfb8c3bb36069	Track B	ZZ_ntuple	zz	zz	root://cceos.ihep.ac.cn:1094	/eos/ihep/cms/store/user/coli/datasets/hh4b/inference/ZZ_ntuple/selected_ntuples_0001.root	690055895	4cfd4cfc	52	high_score_tail_stability_v1	track_b_phase3_multifile_v1_20260806	1	64	2048	True		91	91	False	released_sophon_ensemble	40J7I_R1_v1	HH4b_released_three_model_ensemble	43c7fb9b0860c0f37953a1636b1f1b73fcc320da585d4a446cb45a31a14fdec0	ff90137a4c919f0a07d47cbfb21ead3688ee49856d98a0ff16bbbaa7058eb735	9b0412c8cce16f4684910207ed3b82a1bfb6b74891c554bba1f1c3b4f9347b86	1de0398cb1116200e1ead26886dfc0d6f1c15579dab82ad689c68690509dc449	2.210000375763398e-12	2.8446765342610147e-13	1.0	1.7017932541427895e-13	3.525388607680314e-15	1.0	6.9965469453592845e-12	6.238439452521671e-12	1.0	3.125575548845654e-12	2.175477498185151e-12	1.0	137	114	True	False	[15.400411605834961,0.001540041179396212]	blocked_pending_author_clarification	
a4458663110d341ceb6078ccff356c12f1462abc01349117d36037ae648bf353	Track B	ZZ_ntuple	zz	zz	root://cceos.ihep.ac.cn:1094	/eos/ihep/cms/store/user/coli/datasets/hh4b/inference/ZZ_ntuple/selected_ntuples_0001.root	690055895	4cfd4cfc	53	high_score_tail_stability_v1	track_b_phase3_multifile_v1_20260806	1	64	2048	True		112	112	False	released_sophon_ensemble	40J7I_R1_v1	HH4b_released_three_model_ensemble	43c7fb9b0860c0f37953a1636b1f1b73fcc320da585d4a446cb45a31a14fdec0	ff90137a4c919f0a07d47cbfb21ead3688ee49856d98a0ff16bbbaa7058eb735	9b0412c8cce16f4684910207ed3b82a1bfb6b74891c554bba1f1c3b4f9347b86	1de0398cb1116200e1ead26886dfc0d6f1c15579dab82ad689c68690509dc449	1.731899788792112e-12	5.841660976561164e-14	1.0	1.02295859994113e-13	9.77289779762185e-16	1.0	4.08166226546087e-12	5.131303910423102e-13	1.0	1.9719526380823652e-12	1.9084143019589467e-13	1.0	137	114	True	False	[15.400411605834961,0.001540041179396212]	blocked_pending_author_clarification	
15db30f188852b8b1bcec9712fd925d399f7a2472d33040af6c5b81e987d7be7	Track B	ZZ_ntuple	zz	zz	root://cceos.ihep.ac.cn:1094	/eos/ihep/cms/store/user/coli/datasets/hh4b/inference/ZZ_ntuple/selected_ntuples_0001.root	690055895	4cfd4cfc	54	high_score_tail_stability_v1	track_b_phase3_multifile_v1_20260806	1	64	2048	True		87	87	False	released_sophon_ensemble	40J7I_R1_v1	HH4b_released_three_model_ensemble	43c7fb9b0860c0f37953a1636b1f1b73fcc320da585d4a446cb45a31a14fdec0	ff90137a4c919f0a07d47cbfb21ead3688ee49856d98a0ff16bbbaa7058eb735	9b0412c8cce16f4684910207ed3b82a1bfb6b74891c554bba1f1c3b4f9347b86	1de0398cb1116200e1ead26886dfc0d6f1c15579dab82ad689c68690509dc449	6.346088920775481e-13	5.010322533379949e-14	1.0	7.387904891854005e-14	5.170150937790728e-16	1.0	5.3233049885279636e-12	3.0670310041669424e-12	1.0	2.010597643174684e-12	1.039217081531507e-12	1.0	137	114	True	False	[15.400411605834961,0.001540041179396212]	blocked_pending_author_clarification	
7146ae807e0205dfb2daaf34c93184f745e472a829f63a2e154561869f0d906d	Track B	ZZ_ntuple	zz	zz	root://cceos.ihep.ac.cn:1094	/eos/ihep/cms/store/user/coli/datasets/hh4b/inference/ZZ_ntuple/selected_ntuples_0001.root	690055895	4cfd4cfc	55	high_score_tail_stability_v1	track_b_phase3_multifile_v1_20260806	1	64	2048	True		131	131	False	released_sophon_ensemble	40J7I_R1_v1	HH4b_released_three_model_ensemble	43c7fb9b0860c0f37953a1636b1f1b73fcc320da585d4a446cb45a31a14fdec0	ff90137a4c919f0a07d47cbfb21ead3688ee49856d98a0ff16bbbaa7058eb735	9b0412c8cce16f4684910207ed3b82a1bfb6b74891c554bba1f1c3b4f9347b86	1de0398cb1116200e1ead26886dfc0d6f1c15579dab82ad689c68690509dc449	1.3284121680199291e-12	3.1102856699665934e-14	1.0	1.2474206733470782e-13	3.6496087422522357e-16	1.0	5.0875078913922596e-12	5.511872967593756e-13	1.0	2.180220708915632e-12	1.9421837144442225e-13	1.0	137	114	True	False	[15.400411605834961,0.001540041179396212]	blocked_pending_author_clarification	
2aeeb51f8198d45b252bd79b2c400d96d962707d7c242d81257fb480d54acf7e	Track B	ZZ_ntuple	zz	zz	root://cceos.ihep.ac.cn:1094	/eos/ihep/cms/store/user/coli/datasets/hh4b/inference/ZZ_ntuple/selected_ntuples_0001.root	690055895	4cfd4cfc	56	high_score_tail_stability_v1	track_b_phase3_multifile_v1_20260806	1	64	2048	True		18	18	False	released_sophon_ensemble	40J7I_R1_v1	HH4b_released_three_model_ensemble	43c7fb9b0860c0f37953a1636b1f1b73fcc320da585d4a446cb45a31a14fdec0	ff90137a4c919f0a07d47cbfb21ead3688ee49856d98a0ff16bbbaa7058eb735	9b0412c8cce16f4684910207ed3b82a1bfb6b74891c554bba1f1c3b4f9347b86	1de0398cb1116200e1ead26886dfc0d6f1c15579dab82ad689c68690509dc449	4.281522286299728e-11	5.828326016255048e-11	1.0	2.582305768143115e-11	2.7870828474968468e-12	1.0	2.6188049619636803e-10	1.7732637580536448e-09	1.0	1.1017292558026548e-10	6.11444700354564e-10	1.0	137	113	True	False	[15.400411605834961,0.001540041179396212]	blocked_pending_author_clarification	
50f657bd1a15de24044e0d12fb93bf1d40e54d9c9770e73cc687178b1e070aa2	Track B	ZZ_ntuple	zz	zz	root://cceos.ihep.ac.cn:1094	/eos/ihep/cms/store/user/coli/datasets/hh4b/inference/ZZ_ntuple/selected_ntuples_0001.root	690055895	4cfd4cfc	57	high_score_tail_stability_v1	track_b_phase3_multifile_v1_20260806	1	64	2048	True		85	85	False	released_sophon_ensemble	40J7I_R1_v1	HH4b_released_three_model_ensemble	43c7fb9b0860c0f37953a1636b1f1b73fcc320da585d4a446cb45a31a14fdec0	ff90137a4c919f0a07d47cbfb21ead3688ee49856d98a0ff16bbbaa7058eb735	9b0412c8cce16f4684910207ed3b82a1bfb6b74891c554bba1f1c3b4f9347b86	1de0398cb1116200e1ead26886dfc0d6f1c15579dab82ad689c68690509dc449	1.637184336960518e-12	4.0072068249350987e-14	1.0	3.1857348049983656e-13	2.295861415950863e-15	1.0	9.875829101049403e-12	1.0584749222941614e-12	1.0	3.943862306169919e-12	3.669476173198211e-13	1.0	137	114	True	False	[15.400411605834961,0.001540041179396212]	blocked_pending_author_clarification	
ceeb21c96c429b58bdff129471d791030f163a5c945c4a21c55a8fbb2ad433b0	Track B	ZZ_ntuple	zz	zz	root://cceos.ihep.ac.cn:1094	/eos/ihep/cms/store/user/coli/datasets/hh4b/inference/ZZ_ntuple/selected_ntuples_0001.root	690055895	4cfd4cfc	58	high_score_tail_stability_v1	track_b_phase3_multifile_v1_20260806	1	64	2048	True		133	133	False	released_sophon_ensemble	40J7I_R1_v1	HH4b_released_three_model_ensemble	43c7fb9b0860c0f37953a1636b1f1b73fcc320da585d4a446cb45a31a14fdec0	ff90137a4c919f0a07d47cbfb21ead3688ee49856d98a0ff16bbbaa7058eb735	9b0412c8cce16f4684910207ed3b82a1bfb6b74891c554bba1f1c3b4f9347b86	1de0398cb1116200e1ead26886dfc0d6f1c15579dab82ad689c68690509dc449	1.110244619960325e-12	3.569015336090178e-14	1.0	1.032818790134238e-13	5.509394515308772e-16	1.0	3.5287927350806537e-12	4.431669061669835e-13	1.0	1.580773078018134e-12	1.5980266632647207e-13	1.0	137	114	True	False	[15.400411605834961,0.001540041179396212]	blocked_pending_author_clarification	
c8260a7ce6ad1ba4ac8ad578523bd8b35d31a6c77b505c97f0902a30fa461e3a	Track B	ZZ_ntuple	zz	zz	root://cceos.ihep.ac.cn:1094	/eos/ihep/cms/store/user/coli/datasets/hh4b/inference/ZZ_ntuple/selected_ntuples_0001.root	690055895	4cfd4cfc	59	high_score_tail_stability_v1	track_b_phase3_multifile_v1_20260806	1	64	2048	True		75	75	False	released_sophon_ensemble	40J7I_R1_v1	HH4b_released_three_model_ensemble	43c7fb9b0860c0f37953a1636b1f1b73fcc320da585d4a446cb45a31a14fdec0	ff90137a4c919f0a07d47cbfb21ead3688ee49856d98a0ff16bbbaa7058eb735	9b0412c8cce16f4684910207ed3b82a1bfb6b74891c554bba1f1c3b4f9347b86	1de0398cb1116200e1ead26886dfc0d6f1c15579dab82ad689c68690509dc449	1.5399891466150623e-12	6.591272937606779e-14	1.0	1.1959352376175173e-13	1.566818464183192e-15	1.0	5.008269614809034e-12	1.5019390895917861e-12	1.0	2.2226174283952826e-12	5.23139545810679e-13	1.0	137	114	True	False	[15.400411605834961,0.001540041179396212]	blocked_pending_author_clarification	
53e40b7173aeca02800890c890294c2558edad18dfd8eae77bc5991fa9eff14f	Track B	ZZ_ntuple	zz	zz	root://cceos.ihep.ac.cn:1094	/eos/ihep/cms/store/user/coli/datasets/hh4b/inference/ZZ_ntuple/selected_ntuples_0001.root	690055895	4cfd4cfc	60	high_score_tail_stability_v1	track_b_phase3_multifile_v1_20260806	1	64	2048	True		124	124	False	released_sophon_ensemble	40J7I_R1_v1	HH4b_released_three_model_ensemble	43c7fb9b0860c0f37953a1636b1f1b73fcc320da585d4a446cb45a31a14fdec0	ff90137a4c919f0a07d47cbfb21ead3688ee49856d98a0ff16bbbaa7058eb735	9b0412c8cce16f4684910207ed3b82a1bfb6b74891c554bba1f1c3b4f9347b86	1de0398cb1116200e1ead26886dfc0d6f1c15579dab82ad689c68690509dc449	0.34226089131880144	0.6574966311454773	0.00024245302483905107	0.283581969273655	0.7161092758178711	0.000308734190184623	0.33454147779775667	0.6652137637138367	0.0002447658043820411	0.3201281127967377	0.679606556892395	0.0002653176731352384	136	13	True	False	[15.400411605834961,0.001540041179396212]	blocked_pending_author_clarification	
058ff219eb479ec3fdac324322e1e0c4b47bbb29226fbae20f4683f309338dbf	Track B	ZZ_ntuple	zz	zz	root://cceos.ihep.ac.cn:1094	/eos/ihep/cms/store/user/coli/datasets/hh4b/inference/ZZ_ntuple/selected_ntuples_0001.root	690055895	4cfd4cfc	61	high_score_tail_stability_v1	track_b_phase3_multifile_v1_20260806	1	64	2048	True		190	190	False	released_sophon_ensemble	40J7I_R1_v1	HH4b_released_three_model_ensemble	43c7fb9b0860c0f37953a1636b1f1b73fcc320da585d4a446cb45a31a14fdec0	ff90137a4c919f0a07d47cbfb21ead3688ee49856d98a0ff16bbbaa7058eb735	9b0412c8cce16f4684910207ed3b82a1bfb6b74891c554bba1f1c3b4f9347b86	1de0398cb1116200e1ead26886dfc0d6f1c15579dab82ad689c68690509dc449	0.8198902597313236	0.105427086353302	0.07468266785144806	0.749815383274381	0.22665804624557495	0.023526646196842194	0.7119055837629276	0.22621037065982819	0.0618840828537941	0.760537075589544	0.18609850108623505	0.053364465634028115	136	46	True	False	[15.400411605834961,0.001540041179396212]	blocked_pending_author_clarification	
9bfe5a7d9674e2abeff32a32c590e69d71ca45824d6ead72c2f0c6c4540c42aa	Track B	ZZ_ntuple	zz	zz	root://cceos.ihep.ac.cn:1094	/eos/ihep/cms/store/user/coli/datasets/hh4b/inference/ZZ_ntuple/selected_ntuples_0001.root	690055895	4cfd4cfc	62	high_score_tail_stability_v1	track_b_phase3_multifile_v1_20260806	1	64	2048	True		41	41	False	released_sophon_ensemble	40J7I_R1_v1	HH4b_released_three_model_ensemble	43c7fb9b0860c0f37953a1636b1f1b73fcc320da585d4a446cb45a31a14fdec0	ff90137a4c919f0a07d47cbfb21ead3688ee49856d98a0ff16bbbaa7058eb735	9b0412c8cce16f4684910207ed3b82a1bfb6b74891c554bba1f1c3b4f9347b86	1de0398cb1116200e1ead26886dfc0d6f1c15579dab82ad689c68690509dc449	2.0011455801046665e-12	4.936750877884699e-13	1.0	8.418423681418861e-13	3.153432173047012e-14	1.0	1.512284015639388e-11	5.518789938929736e-11	1.0	5.988609368213478e-12	1.85710362662721e-11	1.0	137	113	True	False	[15.400411605834961,0.001540041179396212]	blocked_pending_author_clarification	
61455823a26e78208fad19418c2c7ab94effceda5d4fda8a8f36229b156f0383	Track B	ZZ_ntuple	zz	zz	root://cceos.ihep.ac.cn:1094	/eos/ihep/cms/store/user/coli/datasets/hh4b/inference/ZZ_ntuple/selected_ntuples_0001.root	690055895	4cfd4cfc	63	high_score_tail_stability_v1	track_b_phase3_multifile_v1_20260806	1	64	2048	True		65	65	False	released_sophon_ensemble	40J7I_R1_v1	HH4b_released_three_model_ensemble	43c7fb9b0860c0f37953a1636b1f1b73fcc320da585d4a446cb45a31a14fdec0	ff90137a4c919f0a07d47cbfb21ead3688ee49856d98a0ff16bbbaa7058eb735	9b0412c8cce16f4684910207ed3b82a1bfb6b74891c554bba1f1c3b4f9347b86	1de0398cb1116200e1ead26886dfc0d6f1c15579dab82ad689c68690509dc449	2.0147671403536426e-11	1.2904582784301066e-11	1.0	1.2459169859793249e-12	1.8884720176526315e-13	1.0	4.4713624998259805e-11	2.0600982725271777e-11	1.0	2.2035737795925183e-11	1.123147090377937e-11	1.0	137	114	True	False	[15.400411605834961,0.001540041179396212]	blocked_pending_author_clarification	
