model	false_positive_rate	true_positive_rate	threshold	weighting
bdt	0.0	0.0	inf	unweighted_appendix_diagnostic
bdt	0.0004211905653313366	0.012209489129270643	0.9651975035667419	unweighted_appendix_diagnostic
bdt	0.000889180082366155	0.024526079040376996	0.9576226472854614	unweighted_appendix_diagnostic
bdt	0.0013103706476974915	0.036842668951483346	0.9515626430511475	unweighted_appendix_diagnostic
bdt	0.0018719580681392737	0.05472849951804648	0.9435526728630066	unweighted_appendix_diagnostic
bdt	0.002386746536877574	0.06179715111920317	0.9408268332481384	unweighted_appendix_diagnostic
bdt	0.002948333957319356	0.06672378708364571	0.9388450980186462	unweighted_appendix_diagnostic
bdt	0.003509921377761138	0.07325693477562387	0.9357233047485352	unweighted_appendix_diagnostic
bdt	0.003977910894795956	0.0837528113955232	0.9319773316383362	unweighted_appendix_diagnostic
bdt	0.004445900411830775	0.09039305986933704	0.9292779564857483	unweighted_appendix_diagnostic
bdt	0.004913889928865593	0.09467709114276535	0.9276890754699707	unweighted_appendix_diagnostic
bdt	0.005475477349307376	0.10249544821677198	0.9250481724739075	unweighted_appendix_diagnostic
bdt	0.006083863721452639	0.1072078826175431	0.923352837562561	unweighted_appendix_diagnostic
bdt	0.006551853238487458	0.11374103030952126	0.921192467212677	unweighted_appendix_diagnostic
bdt	0.007160239610632722	0.11834636392845668	0.9195016622543335	unweighted_appendix_diagnostic
bdt	0.007815424934481468	0.12455820927492771	0.9168305397033691	unweighted_appendix_diagnostic
bdt	0.008470610258330213	0.13291207025811289	0.914283037185669	unweighted_appendix_diagnostic
bdt	0.009078996630475478	0.137624504658884	0.9128389954566956	unweighted_appendix_diagnostic
bdt	0.009593785099213778	0.14115883045946234	0.9117305874824524	unweighted_appendix_diagnostic
bdt	0.010295769374766004	0.14565706329656206	0.9100927710533142	unweighted_appendix_diagnostic
bdt	0.010810557843504305	0.1490842883153047	0.9090642929077148	unweighted_appendix_diagnostic
bdt	0.011278547360539124	0.15315411802506157	0.9077193737030029	unweighted_appendix_diagnostic
bdt	0.011840134780980905	0.15947306415336832	0.9062063694000244	unweighted_appendix_diagnostic
bdt	0.012401722201422688	0.16482810324515368	0.904421329498291	unweighted_appendix_diagnostic
bdt	0.013056907525271434	0.1675056227910464	0.9035171866416931	unweighted_appendix_diagnostic
bdt	0.013571695994009734	0.17211095640998178	0.9019432663917542	unweighted_appendix_diagnostic
bdt	0.014367278172968926	0.17596658455606726	0.9003363251686096	unweighted_appendix_diagnostic
bdt	0.014882066641707225	0.17960801113848132	0.8993548154830933	unweighted_appendix_diagnostic
bdt	0.015443654062149008	0.18324943772089536	0.8979002833366394	unweighted_appendix_diagnostic
bdt	0.01600524148259079	0.1883902752490093	0.8960310816764832	unweighted_appendix_diagnostic
bdt	0.01652002995132909	0.19513762450465888	0.8935829401016235	unweighted_appendix_diagnostic
bdt	0.017362411081991762	0.1995287565599229	0.8923283219337463	unweighted_appendix_diagnostic
bdt	0.017970797454137027	0.2038127878333512	0.8908429145812988	unweighted_appendix_diagnostic
bdt	0.01857918382628229	0.2072400128520938	0.8896991610527039	unweighted_appendix_diagnostic
bdt	0.019234369150131037	0.21098854021634358	0.8885133266448975	unweighted_appendix_diagnostic
bdt	0.019795956570572818	0.21334475741672915	0.8874001502990723	unweighted_appendix_diagnostic
bdt	0.020404342942718083	0.21677198243547177	0.8865752220153809	unweighted_appendix_diagnostic
bdt	0.02110632721827031	0.21955660276320016	0.8856163024902344	unweighted_appendix_diagnostic
bdt	0.021667914638712094	0.22394773481846417	0.8846773505210876	unweighted_appendix_diagnostic
bdt	0.022229502059153874	0.226946556709864	0.883660614490509	unweighted_appendix_diagnostic
bdt	0.022791089479595655	0.2315518903287994	0.8821397423744202	unweighted_appendix_diagnostic
bdt	0.02339947585174092	0.2361572239477348	0.8800674676895142	unweighted_appendix_diagnostic
bdt	0.024007862223886185	0.24001285209382028	0.8789190053939819	unweighted_appendix_diagnostic
bdt	0.02489704230625234	0.24226196851237014	0.8781424760818481	unweighted_appendix_diagnostic
bdt	0.025786222388618496	0.24526079040376994	0.8768163323402405	unweighted_appendix_diagnostic
bdt	0.02644140771246724	0.2474028060404841	0.8759490251541138	unweighted_appendix_diagnostic
bdt	0.027424185698240358	0.24997322480454107	0.8749241232872009	unweighted_appendix_diagnostic
bdt	0.02817296892549607	0.25404305451429793	0.8737972974777222	unweighted_appendix_diagnostic
bdt	0.029015350056158743	0.25672057406019066	0.8725346922874451	unweighted_appendix_diagnostic
bdt	0.029623736428304005	0.25939809360608335	0.8716368079185486	unweighted_appendix_diagnostic
bdt	0.030091725945338824	0.26228981471564744	0.8704791069030762	unweighted_appendix_diagnostic
bdt	0.03098090602770498	0.26582414051622577	0.8690102696418762	unweighted_appendix_diagnostic
bdt	0.03158929239985024	0.26807325693477563	0.8680339455604553	unweighted_appendix_diagnostic
bdt	0.03224447772369899	0.27257148977187534	0.8665564656257629	unweighted_appendix_diagnostic
bdt	0.03271246724073381	0.2751419085359323	0.8657044172286987	unweighted_appendix_diagnostic
bdt	0.03336765256458255	0.27803362964549644	0.8647968173027039	unweighted_appendix_diagnostic
bdt	0.0340228378884313	0.28135375388240336	0.8635199069976807	unweighted_appendix_diagnostic
bdt	0.03477162111568701	0.28456677733747454	0.8625105023384094	unweighted_appendix_diagnostic
bdt	0.03542680643953575	0.2867087929741887	0.8616319298744202	unweighted_appendix_diagnostic
bdt	0.0360819917633845	0.29013601799293137	0.8604252934455872	unweighted_appendix_diagnostic
bdt	0.037017970797454135	0.29313483988433114	0.8590182662010193	unweighted_appendix_diagnostic
bdt	0.037673156121302884	0.29720466959408803	0.8575599193572998	unweighted_appendix_diagnostic
bdt	0.038515537251965555	0.2992395844489665	0.8566425442695618	unweighted_appendix_diagnostic
bdt	0.039030325720703855	0.30213130555853057	0.8555815815925598	unweighted_appendix_diagnostic
bdt	0.039545114189442156	0.30405911963157334	0.854797899723053	unweighted_appendix_diagnostic
bdt	0.040200299513290905	0.30770054621398735	0.8535193800926208	unweighted_appendix_diagnostic
bdt	0.04118307749906402	0.3099496626325372	0.8525215983390808	unweighted_appendix_diagnostic
bdt	0.041978659678023215	0.31348398843311553	0.8514789342880249	unweighted_appendix_diagnostic
bdt	0.04268064395357544	0.31616150797900827	0.8506167531013489	unweighted_appendix_diagnostic
bdt	0.04347622613253463	0.32033843847060084	0.8491668701171875	unweighted_appendix_diagnostic
bdt	0.04417821040808686	0.3228017564528221	0.8483163714408875	unweighted_appendix_diagnostic
bdt	0.04506739049045302	0.3266573845989076	0.8467841744422913	unweighted_appendix_diagnostic
bdt	0.04567577686259828	0.3290136017992931	0.8459468483924866	unweighted_appendix_diagnostic
bdt	0.04675215275177836	0.33104851665417157	0.844507098197937	unweighted_appendix_diagnostic
bdt	0.047688131785848	0.3340473385455714	0.8433682918548584	unweighted_appendix_diagnostic
bdt	0.04843691501310371	0.3358680518367784	0.842233419418335	unweighted_appendix_diagnostic
bdt	0.04899850243354549	0.3381171682553283	0.8410743474960327	unweighted_appendix_diagnostic
bdt	0.04965368775739423	0.34133019171039947	0.840094804763794	unweighted_appendix_diagnostic
bdt	0.05016847622613253	0.34368640891078506	0.8393775224685669	unweighted_appendix_diagnostic
bdt	0.05091725945338824	0.347006533147692	0.8380793929100037	unweighted_appendix_diagnostic
bdt	0.051993635342568324	0.3489343472207347	0.8371632695198059	unweighted_appendix_diagnostic
bdt	0.052695619618120554	0.35118346363928454	0.8361485004425049	unweighted_appendix_diagnostic
bdt	0.0533508049419693	0.3531112777123273	0.8350516557693481	unweighted_appendix_diagnostic
bdt	0.053818794459004116	0.35546749491271284	0.8340868353843689	unweighted_appendix_diagnostic
bdt	0.054661175589666794	0.3571811074220842	0.8329591751098633	unweighted_appendix_diagnostic
bdt	0.055222763010108575	0.35996572774981256	0.8321608901023865	unweighted_appendix_diagnostic
bdt	0.05615874204417821	0.36232194495019815	0.8307148814201355	unweighted_appendix_diagnostic
bdt	0.05718831898165481	0.36574916996894075	0.8292570114135742	unweighted_appendix_diagnostic
bdt	0.05817109696742793	0.3676769840419835	0.8283767104148865	unweighted_appendix_diagnostic
bdt	0.05873268438786971	0.3693905965513548	0.8278341889381409	unweighted_appendix_diagnostic
bdt	0.05934107076001498	0.371532612188069	0.8269586563110352	unweighted_appendix_diagnostic
bdt	0.06018345189067765	0.37378172860661885	0.8261164426803589	unweighted_appendix_diagnostic
bdt	0.06093223511793336	0.3763521473706758	0.8248294591903687	unweighted_appendix_diagnostic
bdt	0.06172781729689255	0.37774445753454	0.8240265250205994	unweighted_appendix_diagnostic
bdt	0.06247660052414826	0.37977937238941845	0.8225123882293701	unweighted_appendix_diagnostic
bdt	0.0634125795582179	0.38256399271714686	0.8210769295692444	unweighted_appendix_diagnostic
bdt	0.06406776488206664	0.3848131091356967	0.820014238357544	unweighted_appendix_diagnostic
bdt	0.0646761512542119	0.3870622255542465	0.8190149068832397	unweighted_appendix_diagnostic
bdt	0.06556533133657806	0.3892042411909607	0.8179621696472168	unweighted_appendix_diagnostic
bdt	0.06626731561213028	0.39177465995501765	0.8167028427124023	unweighted_appendix_diagnostic
bdt	0.06715649569449644	0.3946663810645818	0.815152645111084	unweighted_appendix_diagnostic
bdt	0.06809247472856608	0.3968083967012959	0.8142201900482178	unweighted_appendix_diagnostic
bdt	0.06888805690752527	0.3992717146835172	0.8131732940673828	unweighted_appendix_diagnostic
bdt	0.06973043803818794	0.40152083110206704	0.8120549321174622	unweighted_appendix_diagnostic
bdt	0.0708536128790715	0.4033415443932741	0.8108773231506348	unweighted_appendix_diagnostic
bdt	0.07197678771995507	0.4049480561208097	0.8098397850990295	unweighted_appendix_diagnostic
bdt	0.07309996256083864	0.4070900717575238	0.8086603283882141	unweighted_appendix_diagnostic
bdt	0.07389554473979783	0.4094462889579094	0.8074830770492554	unweighted_appendix_diagnostic
bdt	0.07459752901535005	0.41298061475848774	0.8062418699264526	unweighted_appendix_diagnostic
bdt	0.07543991014601273	0.41469422726785904	0.8051738739013672	unweighted_appendix_diagnostic
bdt	0.07637588918008237	0.41705044446824463	0.8039184808731079	unweighted_appendix_diagnostic
bdt	0.07712467240733807	0.41887115775945166	0.8030626773834229	unweighted_appendix_diagnostic
bdt	0.07810745039311119	0.4212273749598372	0.8018642067909241	unweighted_appendix_diagnostic
bdt	0.07894983152377387	0.4240119952875656	0.8005079030990601	unweighted_appendix_diagnostic
bdt	0.07969861475102957	0.42626111170611547	0.7994097471237183	unweighted_appendix_diagnostic
bdt	0.08044739797828529	0.4297954375066938	0.7980999946594238	unweighted_appendix_diagnostic
bdt	0.08105578435043055	0.4323658562707508	0.7970460057258606	unweighted_appendix_diagnostic
bdt	0.08194496443279671	0.43515047659847916	0.7958349585533142	unweighted_appendix_diagnostic
bdt	0.08283414451516286	0.43750669379886475	0.7948369979858398	unweighted_appendix_diagnostic
bdt	0.08362972669412205	0.44039841490842885	0.7931654453277588	unweighted_appendix_diagnostic
bdt	0.0842849120179708	0.4422191281996359	0.7921177744865417	unweighted_appendix_diagnostic
bdt	0.08498689629352303	0.4442540430545143	0.7909899353981018	unweighted_appendix_diagnostic
bdt	0.08596967427929614	0.44661026025489986	0.7897112369537354	unweighted_appendix_diagnostic
bdt	0.0866248596031449	0.44918067901895686	0.7883850932121277	unweighted_appendix_diagnostic
bdt	0.08774803444402846	0.451322694655671	0.7872173190116882	unweighted_appendix_diagnostic
bdt	0.0886840134780981	0.4534647102923851	0.7858663201332092	unweighted_appendix_diagnostic
bdt	0.08947959565705728	0.45528542358359214	0.7846548557281494	unweighted_appendix_diagnostic
bdt	0.09036877573942344	0.4574274392203063	0.7832120656967163	unweighted_appendix_diagnostic
bdt	0.09102396106327218	0.45903395094784194	0.7823801636695862	unweighted_appendix_diagnostic
bdt	0.09219393485585922	0.4605333618935418	0.7810828685760498	unweighted_appendix_diagnostic
bdt	0.09294271808311494	0.4629966798757631	0.7799946665763855	unweighted_appendix_diagnostic
bdt	0.09392549606888806	0.4646031916032987	0.7792471647262573	unweighted_appendix_diagnostic
bdt	0.0948614751029577	0.46695940880368425	0.7782300710678101	unweighted_appendix_diagnostic
bdt	0.09593785099213778	0.46856592053121987	0.7763376235961914	unweighted_appendix_diagnostic
bdt	0.09678023212280044	0.4703866338224269	0.7752454876899719	unweighted_appendix_diagnostic
bdt	0.09780980906027704	0.473278354931991	0.7739952206611633	unweighted_appendix_diagnostic
bdt	0.0986989891426432	0.4746706650958552	0.7728582620620728	unweighted_appendix_diagnostic
bdt	0.0994945713216024	0.4768126807325693	0.7718276977539062	unweighted_appendix_diagnostic
bdt	0.10047734930737552	0.4792759987147906	0.770828902721405	unweighted_appendix_diagnostic
bdt	0.10150692624485212	0.4821677198243547	0.7694293856620789	unweighted_appendix_diagnostic
bdt	0.10234930737551479	0.48366713077005463	0.7685133218765259	unweighted_appendix_diagnostic
bdt	0.10342568326469487	0.48580914640676875	0.7675356864929199	unweighted_appendix_diagnostic
bdt	0.10445526020217147	0.4878440612616472	0.7663882374763489	unweighted_appendix_diagnostic
bdt	0.10557843504305503	0.48955767377101855	0.7653987407684326	unweighted_appendix_diagnostic
bdt	0.10698240359415949	0.4916996894077327	0.7636358141899109	unweighted_appendix_diagnostic
bdt	0.10810557843504305	0.4935204026989397	0.7623860239982605	unweighted_appendix_diagnostic
bdt	0.10899475851740921	0.49651922459033954	0.7606399655342102	unweighted_appendix_diagnostic
bdt	0.11077311868214151	0.4979115347542037	0.759199857711792	unweighted_appendix_diagnostic
bdt	0.11175589666791463	0.49962514726357504	0.7580092549324036	unweighted_appendix_diagnostic
bdt	0.11315986521901909	0.5017671629002892	0.7564035654067993	unweighted_appendix_diagnostic
bdt	0.11390864844627481	0.5039091785370033	0.755355954170227	unweighted_appendix_diagnostic
bdt	0.11489142643204792	0.5057298918282104	0.7541452646255493	unweighted_appendix_diagnostic
bdt	0.11568700861100711	0.5079790082467602	0.7528615593910217	unweighted_appendix_diagnostic
bdt	0.11681018345189068	0.5095855199742958	0.7514411807060242	unweighted_appendix_diagnostic
bdt	0.11751216772744291	0.5116204348291743	0.750534176826477	unweighted_appendix_diagnostic
bdt	0.11826095095469862	0.5132269465567099	0.7497593760490417	unweighted_appendix_diagnostic
bdt	0.1195713216023961	0.5149405590660812	0.7480570673942566	unweighted_appendix_diagnostic
bdt	0.1206476974915762	0.5163328692299454	0.7471174597740173	unweighted_appendix_diagnostic
bdt	0.12172407338075628	0.5182606833029881	0.7456637620925903	unweighted_appendix_diagnostic
bdt	0.12261325346312242	0.5200813965941952	0.7439583539962769	unweighted_appendix_diagnostic
bdt	0.12359603144889554	0.522330513012745	0.7428759336471558	unweighted_appendix_diagnostic
bdt	0.12415761886933732	0.5240441255221163	0.7420951128005981	unweighted_appendix_diagnostic
bdt	0.12542119056533133	0.5257577380314876	0.7404732704162598	unweighted_appendix_diagnostic
bdt	0.1264975664545114	0.5275784513226947	0.7390278577804565	unweighted_appendix_diagnostic
bdt	0.127527143391988	0.5289707614865589	0.7378244400024414	unweighted_appendix_diagnostic
bdt	0.12841632347435417	0.531112777123273	0.7363871932029724	unweighted_appendix_diagnostic
bdt	0.12949269936353425	0.5332547927599871	0.7351876497268677	unweighted_appendix_diagnostic
bdt	0.13047547734930737	0.5350755060511941	0.734135091304779	unweighted_appendix_diagnostic
bdt	0.13127105952826656	0.5363607154332226	0.7332838773727417	unweighted_appendix_diagnostic
bdt	0.13201984275552228	0.538074327942594	0.7324777841567993	unweighted_appendix_diagnostic
bdt	0.13314301759640584	0.5392524365427868	0.731404185295105	unweighted_appendix_diagnostic
bdt	0.13389180082366156	0.5408589482703223	0.7305541634559631	unweighted_appendix_diagnostic
bdt	0.1347341819543242	0.5428938631252008	0.7293950915336609	unweighted_appendix_diagnostic
bdt	0.13599775365031824	0.5446074756345721	0.7280896902084351	unweighted_appendix_diagnostic
bdt	0.1374017222014227	0.5458926850166006	0.7267398238182068	unweighted_appendix_diagnostic
bdt	0.13824410333208537	0.5481418014351505	0.7254503965377808	unweighted_appendix_diagnostic
bdt	0.13960127293148633	0.5497483131626861	0.724066436290741	unweighted_appendix_diagnostic
bdt	0.1407244477723699	0.5516761272357288	0.7229235172271729	unweighted_appendix_diagnostic
bdt	0.14156682890303257	0.5534968405269358	0.7220103740692139	unweighted_appendix_diagnostic
bdt	0.1425028079371022	0.5547820499089643	0.7210696935653687	unweighted_appendix_diagnostic
bdt	0.14385997753650318	0.5563885616365	0.7196380496025085	unweighted_appendix_diagnostic
bdt	0.1446087607637589	0.5578879725821998	0.7188116908073425	unweighted_appendix_diagnostic
bdt	0.1458723324597529	0.5599228874370783	0.7170991897583008	unweighted_appendix_diagnostic
bdt	0.1474634968176713	0.5620649030737924	0.7152808904647827	unweighted_appendix_diagnostic
bdt	0.14835267690003745	0.5648495234015208	0.7137231230735779	unweighted_appendix_diagnostic
bdt	0.14900786222388618	0.5668844382563992	0.7128435969352722	unweighted_appendix_diagnostic
bdt	0.14985024335454886	0.5689193531112777	0.7117607593536377	unweighted_appendix_diagnostic
bdt	0.15162860351928117	0.5705258648388133	0.7099124193191528	unweighted_appendix_diagnostic
bdt	0.1526113815050543	0.5715968726571704	0.7090325951576233	unweighted_appendix_diagnostic
bdt	0.15378135529764134	0.573203384384706	0.7074409127235413	unweighted_appendix_diagnostic
bdt	0.15448333957319357	0.5744885937667344	0.7062279582023621	unweighted_appendix_diagnostic
bdt	0.15551291651067017	0.5760951054942701	0.7049927711486816	unweighted_appendix_diagnostic
bdt	0.15677648820666418	0.5775945164399701	0.7037379145622253	unweighted_appendix_diagnostic
bdt	0.15780606514414078	0.5798436328585199	0.7025903463363647	unweighted_appendix_diagnostic
bdt	0.15883564208161738	0.581235943022384	0.7011148929595947	unweighted_appendix_diagnostic
bdt	0.16047360539123923	0.5824140516225769	0.6998177766799927	unweighted_appendix_diagnostic
bdt	0.1613159865219019	0.5839134625682767	0.6991326808929443	unweighted_appendix_diagnostic
bdt	0.1625795582178959	0.5854128735139766	0.6978732347488403	unweighted_appendix_diagnostic
bdt	0.1639367278172969	0.5870193852415123	0.696748673915863	unweighted_appendix_diagnostic
bdt	0.16534069636840135	0.588947199314555	0.695361316204071	unweighted_appendix_diagnostic
bdt	0.16665106701609883	0.5903395094784192	0.6940520405769348	unweighted_appendix_diagnostic
bdt	0.16786783976038935	0.5920531219877905	0.6928087472915649	unweighted_appendix_diagnostic
bdt	0.168803818794459	0.5943022384063403	0.6912658214569092	unweighted_appendix_diagnostic
bdt	0.17048858105578435	0.595908750133876	0.6892772912979126	unweighted_appendix_diagnostic
bdt	0.17203294646199926	0.5979436649887544	0.6875557899475098	unweighted_appendix_diagnostic
bdt	0.17310932235117935	0.5993359751526186	0.6862323880195618	unweighted_appendix_diagnostic
bdt	0.1744664919505803	0.6008353860983185	0.6848400235176086	unweighted_appendix_diagnostic
bdt	0.17568326469487083	0.6025489986076898	0.6836181879043579	unweighted_appendix_diagnostic
bdt	0.1765256458255335	0.603941308771554	0.6826909780502319	unweighted_appendix_diagnostic
bdt	0.1773212280044927	0.606511727535611	0.6814712285995483	unweighted_appendix_diagnostic
bdt	0.17853800074878323	0.6080111384813109	0.6801114678382874	unweighted_appendix_diagnostic
bdt	0.17928678397603895	0.6095105494270108	0.6793063879013062	unweighted_appendix_diagnostic
bdt	0.18017596405840508	0.6111170611545464	0.6782428622245789	unweighted_appendix_diagnostic
bdt	0.1811587420441782	0.6121880689729035	0.6771790385246277	unweighted_appendix_diagnostic
bdt	0.18223511793335828	0.6137945807004391	0.6762166619300842	unweighted_appendix_diagnostic
bdt	0.18326469487083488	0.6156152939916462	0.6750667691230774	unweighted_appendix_diagnostic
bdt	0.18462186447023587	0.6167934025918389	0.6736454963684082	unweighted_appendix_diagnostic
bdt	0.18565144140771248	0.6180786119738674	0.6721065640449524	unweighted_appendix_diagnostic
bdt	0.18728940471733432	0.6202206276105816	0.6705706715583801	unweighted_appendix_diagnostic
bdt	0.18845937850992137	0.6218271393381172	0.6693637371063232	unweighted_appendix_diagnostic
bdt	0.18953575439910145	0.6239691549748313	0.6679192185401917	unweighted_appendix_diagnostic
bdt	0.19061213028828156	0.6256827674842026	0.6663174629211426	unweighted_appendix_diagnostic
bdt	0.19154810932235117	0.6270750776480668	0.6652436256408691	unweighted_appendix_diagnostic
bdt	0.19257768625982777	0.6281460854664239	0.6643722653388977	unweighted_appendix_diagnostic
bdt	0.1938412579558218	0.6297525971939595	0.6627123951911926	unweighted_appendix_diagnostic
bdt	0.19505803070011232	0.6308236050123166	0.661470890045166	unweighted_appendix_diagnostic
bdt	0.1961344065892924	0.6323230159580165	0.660269021987915	unweighted_appendix_diagnostic
bdt	0.19800636465743168	0.6342508300310592	0.6585471034049988	unweighted_appendix_diagnostic
bdt	0.199691126918757	0.6359644425404305	0.6568955183029175	unweighted_appendix_diagnostic
bdt	0.20114189442156497	0.6375709542679662	0.6556711196899414	unweighted_appendix_diagnostic
bdt	0.20212467240733809	0.639820070686516	0.654323935508728	unweighted_appendix_diagnostic
bdt	0.20324784724822165	0.6415336831958873	0.6529602408409119	unweighted_appendix_diagnostic
bdt	0.20451141894421565	0.6430330941415873	0.651799738407135	unweighted_appendix_diagnostic
bdt	0.20558779483339573	0.6445325050872871	0.6503852009773254	unweighted_appendix_diagnostic
bdt	0.20661737177087233	0.6465674199421656	0.6491594910621643	unweighted_appendix_diagnostic
bdt	0.2084893298390116	0.6476384277605226	0.647655725479126	unweighted_appendix_diagnostic
bdt	0.2093317109696743	0.6490307379243868	0.6464239954948425	unweighted_appendix_diagnostic
bdt	0.21111007113440658	0.6506372496519225	0.644202709197998	unweighted_appendix_diagnostic
bdt	0.21256083863721453	0.6521366605976223	0.6427163481712341	unweighted_appendix_diagnostic
bdt	0.21382441033320854	0.6539573738888294	0.6413120627403259	unweighted_appendix_diagnostic
bdt	0.21461999251216773	0.6552425832708578	0.6405137777328491	unweighted_appendix_diagnostic
bdt	0.21593036315986522	0.6567419942165578	0.6394510269165039	unweighted_appendix_diagnostic
bdt	0.21710033695245226	0.6583485059440934	0.6378049850463867	unweighted_appendix_diagnostic
bdt	0.21822351179333582	0.6601692192353004	0.636622965335846	unweighted_appendix_diagnostic
bdt	0.21948708348932983	0.6623112348720146	0.6351081728935242	unweighted_appendix_diagnostic
bdt	0.22061025833021342	0.6635964442540431	0.6339520215988159	unweighted_appendix_diagnostic
bdt	0.22131224260576562	0.6648816536360715	0.6331477761268616	unweighted_appendix_diagnostic
bdt	0.22229502059153874	0.6661668630181	0.6323040127754211	unweighted_appendix_diagnostic
bdt	0.22383938599775366	0.6677733747456357	0.6310338377952576	unweighted_appendix_diagnostic
bdt	0.2246817671284163	0.6692727856913355	0.6300985813140869	unweighted_appendix_diagnostic
bdt	0.22566454511418943	0.670557995073364	0.628840982913971	unweighted_appendix_diagnostic
bdt	0.2273025084238113	0.6719503052372282	0.6272111535072327	unweighted_appendix_diagnostic
bdt	0.2283788843129914	0.6737710185284352	0.6260440349578857	unweighted_appendix_diagnostic
bdt	0.22954885810557843	0.6747349255649566	0.6252604722976685	unweighted_appendix_diagnostic
bdt	0.2314676151254212	0.6769840419835065	0.6236042380332947	unweighted_appendix_diagnostic
bdt	0.23338637214526395	0.6783763521473707	0.6220681667327881	unweighted_appendix_diagnostic
bdt	0.23464994384125795	0.6799828638749063	0.6206201910972595	unweighted_appendix_diagnostic
bdt	0.23670909771621115	0.6813751740387705	0.6188107132911682	unweighted_appendix_diagnostic
bdt	0.2378790715087982	0.6828745849844704	0.6173387169837952	unweighted_appendix_diagnostic
bdt	0.2389086484462748	0.684481096712006	0.6160380244255066	unweighted_appendix_diagnostic
bdt	0.24012542119056532	0.6860876084395416	0.6145219206809998	unweighted_appendix_diagnostic
bdt	0.24218457506551852	0.6878012209489129	0.6123743057250977	unweighted_appendix_diagnostic
bdt	0.24349494571321603	0.6888722287672701	0.6111232042312622	unweighted_appendix_diagnostic
bdt	0.24513290902283788	0.6903716397129699	0.6098282933235168	unweighted_appendix_diagnostic
bdt	0.24620928491201796	0.6917639498768341	0.6088584661483765	unweighted_appendix_diagnostic
bdt	0.24826843878697116	0.6928349576951912	0.6071171164512634	unweighted_appendix_diagnostic
bdt	0.2497660052414826	0.694013066295384	0.6057204604148865	unweighted_appendix_diagnostic
bdt	0.25168476226132536	0.6959408803684267	0.603916585445404	unweighted_appendix_diagnostic
bdt	0.2530887308124298	0.6979757952233051	0.6025956273078918	unweighted_appendix_diagnostic
bdt	0.2539311119430925	0.6996894077326764	0.6016576290130615	unweighted_appendix_diagnostic
bdt	0.2551010857356795	0.700974617114705	0.6006386876106262	unweighted_appendix_diagnostic
bdt	0.256505054286784	0.7026882296240763	0.5991923213005066	unweighted_appendix_diagnostic
bdt	0.2581898165481093	0.7040805397879405	0.5978328585624695	unweighted_appendix_diagnostic
bdt	0.2595001871958068	0.705365749169969	0.5966169834136963	unweighted_appendix_diagnostic
bdt	0.2603425683264695	0.7067580593338332	0.5958179235458374	unweighted_appendix_diagnostic
bdt	0.2623081242980157	0.7080432687158617	0.5939203500747681	unweighted_appendix_diagnostic
bdt	0.2634312991388993	0.7093284780978901	0.593017578125	unweighted_appendix_diagnostic
bdt	0.2652096593036316	0.7106136874799186	0.5912743806838989	unweighted_appendix_diagnostic
bdt	0.2664732309996256	0.7121130984256185	0.5899845361709595	unweighted_appendix_diagnostic
bdt	0.2682515911643579	0.713398307807647	0.5884346961975098	unweighted_appendix_diagnostic
bdt	0.2696087607637589	0.7146835171896755	0.5870178937911987	unweighted_appendix_diagnostic
bdt	0.2713871209284912	0.716290028917211	0.5856844186782837	unweighted_appendix_diagnostic
bdt	0.2726038936727817	0.7176823390810753	0.58481764793396	unweighted_appendix_diagnostic
bdt	0.2733994758517409	0.7190746492449395	0.5842028856277466	unweighted_appendix_diagnostic
bdt	0.27508423811306626	0.7206811609724751	0.5826171040534973	unweighted_appendix_diagnostic
bdt	0.27648820666417073	0.7218592695726679	0.5813737511634827	unweighted_appendix_diagnostic
bdt	0.2778453762635717	0.7232515797365321	0.5797695517539978	unweighted_appendix_diagnostic
bdt	0.279623736428304	0.7249651922459034	0.5779769420623779	unweighted_appendix_diagnostic
bdt	0.2813552976413328	0.7261433008460961	0.57663494348526	unweighted_appendix_diagnostic
bdt	0.2822912766754025	0.727321409446289	0.5755391716957092	unweighted_appendix_diagnostic
bdt	0.28467802321228003	0.7287137196101532	0.5737018585205078	unweighted_appendix_diagnostic
bdt	0.28612879071508796	0.7298918282103459	0.5724239945411682	unweighted_appendix_diagnostic
bdt	0.28776675402470986	0.7310699368105387	0.5709214210510254	unweighted_appendix_diagnostic
bdt	0.28898352676900035	0.7323551461925673	0.5695523619651794	unweighted_appendix_diagnostic
bdt	0.290013103706477	0.73353325479276	0.5685161352157593	unweighted_appendix_diagnostic
bdt	0.29085548483713963	0.7349255649566242	0.5675758719444275	unweighted_appendix_diagnostic
bdt	0.2923998502433546	0.7366391774659955	0.5657575130462646	unweighted_appendix_diagnostic
bdt	0.2948801946836391	0.7382456891935311	0.5637515187263489	unweighted_appendix_diagnostic
bdt	0.29675215275177835	0.7394237977937239	0.5623666644096375	unweighted_appendix_diagnostic
bdt	0.29834331710969675	0.7411374103030952	0.5607288479804993	unweighted_appendix_diagnostic
bdt	0.29993448146761514	0.7425297204669594	0.5594305396080017	unweighted_appendix_diagnostic
bdt	0.3020872332459753	0.7439220306308236	0.5574346780776978	unweighted_appendix_diagnostic
bdt	0.3039123923624111	0.7453143407946878	0.555971622467041	unweighted_appendix_diagnostic
bdt	0.3064395357543991	0.7464924493948806	0.554244339466095	unweighted_appendix_diagnostic
bdt	0.30789030325720707	0.7485273642497591	0.5528147220611572	unweighted_appendix_diagnostic
bdt	0.31037064769749156	0.7499196744136232	0.5508298873901367	unweighted_appendix_diagnostic
bdt	0.31144702358667165	0.7517403877048302	0.5497348308563232	unweighted_appendix_diagnostic
bdt	0.3129445900411831	0.752918496305023	0.5488748550415039	unweighted_appendix_diagnostic
bdt	0.31416136278547363	0.7542037056870515	0.5479230880737305	unweighted_appendix_diagnostic
bdt	0.31640771246724075	0.7552747135054085	0.5462145805358887	unweighted_appendix_diagnostic
bdt	0.31795207787345564	0.7566670236692727	0.5448355674743652	unweighted_appendix_diagnostic
bdt	0.3200580307001123	0.7583806361786442	0.5430493950843811	unweighted_appendix_diagnostic
bdt	0.32146199925121677	0.7594516439970012	0.5418740510940552	unweighted_appendix_diagnostic
bdt	0.32338075627105956	0.7609510549427011	0.5398096442222595	unweighted_appendix_diagnostic
bdt	0.3243635342568326	0.7622362643247296	0.5388374924659729	unweighted_appendix_diagnostic
bdt	0.3262354923249719	0.7637356752704295	0.5375627875328064	unweighted_appendix_diagnostic
bdt	0.3280606514414077	0.7654492877798008	0.5353623628616333	unweighted_appendix_diagnostic
bdt	0.3296986147510296	0.7670557995073364	0.5339842438697815	unweighted_appendix_diagnostic
bdt	0.3310089853987271	0.7682339081075292	0.5327891707420349	unweighted_appendix_diagnostic
bdt	0.3336765256458255	0.7699475206169005	0.5304734110832214	unweighted_appendix_diagnostic
bdt	0.33517409210033694	0.771232729998929	0.5292335152626038	unweighted_appendix_diagnostic
bdt	0.33662485960314487	0.773053443290136	0.5277188420295715	unweighted_appendix_diagnostic
bdt	0.33887120928491204	0.7742315518903288	0.5261668562889099	unweighted_appendix_diagnostic
bdt	0.34032197678771997	0.7757309628360287	0.524739682674408	unweighted_appendix_diagnostic
bdt	0.34107076001497566	0.7768019706543858	0.5241190195083618	unweighted_appendix_diagnostic
bdt	0.3422407338075627	0.7780871800364143	0.522997260093689	unweighted_appendix_diagnostic
bdt	0.34453388244103333	0.7798007925457856	0.52094966173172	unweighted_appendix_diagnostic
bdt	0.34673343317109695	0.7815144050551569	0.5192721486091614	unweighted_appendix_diagnostic
bdt	0.3484181954324223	0.7830138160008568	0.5179331302642822	unweighted_appendix_diagnostic
bdt	0.35057094721078247	0.7847274285102281	0.5158758759498596	unweighted_appendix_diagnostic
bdt	0.35216211156870086	0.7865481418014352	0.5146024227142334	unweighted_appendix_diagnostic
bdt	0.3533320853612879	0.7878333511834636	0.5136682987213135	unweighted_appendix_diagnostic
bdt	0.35478285286409583	0.7892256613473279	0.5123499631881714	unweighted_appendix_diagnostic
bdt	0.3566548109322351	0.7907250722930277	0.5105477571487427	unweighted_appendix_diagnostic
bdt	0.3592287532759266	0.7925457855842347	0.5085261464118958	unweighted_appendix_diagnostic
bdt	0.36128790715087983	0.7936167934025918	0.5067850947380066	unweighted_appendix_diagnostic
bdt	0.3635810557843504	0.795009103566456	0.5049516558647156	unweighted_appendix_diagnostic
bdt	0.3656402096593036	0.7966156152939916	0.5035486817359924	unweighted_appendix_diagnostic
bdt	0.3676993635342568	0.7979008246760201	0.5020226836204529	unweighted_appendix_diagnostic
bdt	0.36840134780980904	0.7991860340580487	0.5013443827629089	unweighted_appendix_diagnostic
bdt	0.3700861100711344	0.8005783442219129	0.5000264644622803	unweighted_appendix_diagnostic
bdt	0.37172407338075625	0.8017564528221056	0.4986141622066498	unweighted_appendix_diagnostic
bdt	0.3739704230625234	0.8030416622041341	0.49686089158058167	unweighted_appendix_diagnostic
bdt	0.37588918008236616	0.8042197708043268	0.49572354555130005	unweighted_appendix_diagnostic
bdt	0.3786035192811681	0.8061475848773696	0.49363353848457336	unweighted_appendix_diagnostic
bdt	0.3809902658180457	0.8075398950412338	0.49172094464302063	unweighted_appendix_diagnostic
bdt	0.3834238113066267	0.8087180036414265	0.4901067316532135	unweighted_appendix_diagnostic
bdt	0.3850617746162486	0.8101103138052907	0.48910632729530334	unweighted_appendix_diagnostic
bdt	0.3876825159116436	0.8113955231873192	0.48750898241996765	unweighted_appendix_diagnostic
bdt	0.3893672781729689	0.8126807325693478	0.48619866371154785	unweighted_appendix_diagnostic
bdt	0.3925028079371022	0.8139659419513763	0.4843355119228363	unweighted_appendix_diagnostic
bdt	0.3942811681018345	0.8153582521152405	0.48290979862213135	unweighted_appendix_diagnostic
bdt	0.39596593036315986	0.8168576630609403	0.4813079237937927	unweighted_appendix_diagnostic
bdt	0.3977442905278922	0.8181428724429688	0.4802429974079132	unweighted_appendix_diagnostic
bdt	0.4001778360164732	0.819535182606833	0.4784707725048065	unweighted_appendix_diagnostic
bdt	0.4013010108573568	0.8210345935525329	0.47742483019828796	unweighted_appendix_diagnostic
bdt	0.4036409584425309	0.8227482060619042	0.47547632455825806	unweighted_appendix_diagnostic
bdt	0.405887308124298	0.8240334154439327	0.4739031493663788	unweighted_appendix_diagnostic
bdt	0.40733807562710594	0.8252115240441256	0.47301623225212097	unweighted_appendix_diagnostic
bdt	0.4103332085361288	0.826496733426154	0.470824271440506	unweighted_appendix_diagnostic
bdt	0.41178397603893674	0.8278890435900182	0.46963873505592346	unweighted_appendix_diagnostic
bdt	0.41356233620366906	0.8294955553175538	0.46813538670539856	unweighted_appendix_diagnostic
bdt	0.41608947959565706	0.830887865481418	0.4663626551628113	unweighted_appendix_diagnostic
bdt	0.41768064395357546	0.8322801756452822	0.4649720788002014	unweighted_appendix_diagnostic
bdt	0.4196461999251217	0.8337795865909822	0.4634607434272766	unweighted_appendix_diagnostic
bdt	0.42142456008985396	0.8351718967548463	0.46215343475341797	unweighted_appendix_diagnostic
bdt	0.422688131785848	0.8365642069187105	0.46101659536361694	unweighted_appendix_diagnostic
bdt	0.42558966679146387	0.8379565170825747	0.45893988013267517	unweighted_appendix_diagnostic
bdt	0.42694683639086484	0.8391346256827675	0.4577115774154663	unweighted_appendix_diagnostic
bdt	0.4295675776862598	0.840419835064796	0.45586317777633667	unweighted_appendix_diagnostic
bdt	0.4319543242231374	0.842240548356003	0.4536435604095459	unweighted_appendix_diagnostic
bdt	0.4342942718083115	0.8432044553925243	0.4519268870353699	unweighted_appendix_diagnostic
bdt	0.4370554099588169	0.8444896647745529	0.45018553733825684	unweighted_appendix_diagnostic
bdt	0.4397229502059154	0.8456677733747456	0.44809120893478394	unweighted_appendix_diagnostic
bdt	0.4422500935979034	0.8469529827567741	0.446312814950943	unweighted_appendix_diagnostic
bdt	0.4450580307001123	0.8483452929206383	0.44462865591049194	unweighted_appendix_diagnostic
bdt	0.44655559715462373	0.8496305023026668	0.4435594975948334	unweighted_appendix_diagnostic
bdt	0.4484743541744665	0.8509157116846953	0.44223910570144653	unweighted_appendix_diagnostic
bdt	0.44964432796705356	0.8524151226303952	0.44142279028892517	unweighted_appendix_diagnostic
bdt	0.45245226506926245	0.8534861304487523	0.43920737504959106	unweighted_appendix_diagnostic
bdt	0.4546518157993261	0.8546642390489451	0.4378873109817505	unweighted_appendix_diagnostic
bdt	0.45685136652938974	0.8557352468673022	0.43631064891815186	unweighted_appendix_diagnostic
bdt	0.45816173717708725	0.8577701617221806	0.43514522910118103	unweighted_appendix_diagnostic
bdt	0.4604548858105578	0.859055371104209	0.4337243139743805	unweighted_appendix_diagnostic
bdt	0.46228004492699365	0.8601263789225662	0.4326478838920593	unweighted_appendix_diagnostic
bdt	0.46405840509172597	0.8618399914319375	0.4312994182109833	unweighted_appendix_diagnostic
bdt	0.4680363159865219	0.8633394023776374	0.4286462962627411	unweighted_appendix_diagnostic
bdt	0.47065705728191687	0.8651601156688444	0.4264777600765228	unweighted_appendix_diagnostic
bdt	0.4724822163983527	0.8665524258327085	0.4251171052455902	unweighted_appendix_diagnostic
bdt	0.4757581430175964	0.8679447359965727	0.4229697287082672	unweighted_appendix_diagnostic
bdt	0.4784724822163984	0.8693370461604369	0.4210236370563507	unweighted_appendix_diagnostic
bdt	0.480672032946462	0.8706222555424654	0.4192492365837097	unweighted_appendix_diagnostic
bdt	0.48390116061400223	0.8716932633608225	0.41702085733413696	unweighted_appendix_diagnostic
bdt	0.485819917633845	0.8730855735246867	0.415946364402771	unweighted_appendix_diagnostic
bdt	0.4883938599775365	0.8746920852522223	0.41417551040649414	unweighted_appendix_diagnostic
bdt	0.49040621490078623	0.8757630930705794	0.41304636001586914	unweighted_appendix_diagnostic
bdt	0.4919505803070011	0.8770483024526079	0.41181081533432007	unweighted_appendix_diagnostic
bdt	0.4938693373268439	0.8782264110528006	0.4104633331298828	unweighted_appendix_diagnostic
bdt	0.49677087233245976	0.8796187212166648	0.40871456265449524	unweighted_appendix_diagnostic
bdt	0.4996724073380756	0.8811181321623648	0.4065997302532196	unweighted_appendix_diagnostic
bdt	0.5011699737925871	0.8822962407625575	0.40540453791618347	unweighted_appendix_diagnostic
bdt	0.5044926993635342	0.8832601477990789	0.40333014726638794	unweighted_appendix_diagnostic
bdt	0.5065518532384875	0.884331155617436	0.40167319774627686	unweighted_appendix_diagnostic
bdt	0.5086578060651441	0.8858305665631359	0.4001748561859131	unweighted_appendix_diagnostic
bdt	0.5097809809060277	0.8870086751633287	0.39941978454589844	unweighted_appendix_diagnostic
bdt	0.5118869337326843	0.8880796829816857	0.3980219066143036	unweighted_appendix_diagnostic
bdt	0.5148352676900038	0.8893648923637143	0.39632025361061096	unweighted_appendix_diagnostic
bdt	0.5171284163234744	0.890543000963907	0.39498063921928406	unweighted_appendix_diagnostic
bdt	0.5204511418944215	0.892042411909607	0.3928876221179962	unweighted_appendix_diagnostic
bdt	0.5240078622238862	0.893113419727964	0.39075055718421936	unweighted_appendix_diagnostic
bdt	0.5268157993260951	0.8942915283281568	0.38885554671287537	unweighted_appendix_diagnostic
bdt	0.528453762635717	0.8955767377101853	0.38744595646858215	unweighted_appendix_diagnostic
bdt	0.5305597154623737	0.8971832494377209	0.38575488328933716	unweighted_appendix_diagnostic
bdt	0.5336016473231	0.8984684588197493	0.383759468793869	unweighted_appendix_diagnostic
bdt	0.5368307749906402	0.8997536682017778	0.38143399357795715	unweighted_appendix_diagnostic
bdt	0.5385155372519655	0.9013601799293135	0.38002121448516846	unweighted_appendix_diagnostic
bdt	0.5400131037064769	0.9027524900931777	0.37870293855667114	unweighted_appendix_diagnostic
bdt	0.5445058030700113	0.9042519010388775	0.37575653195381165	unweighted_appendix_diagnostic
bdt	0.5470797454137027	0.9054300096390704	0.3741850256919861	unweighted_appendix_diagnostic
bdt	0.5491856982403595	0.9066081182392631	0.3728612959384918	unweighted_appendix_diagnostic
bdt	0.5526488206664171	0.9080004284031273	0.3705808222293854	unweighted_appendix_diagnostic
bdt	0.5546611755896668	0.9093927385669915	0.369005411863327	unweighted_appendix_diagnostic
bdt	0.5576095095469862	0.91067794794902	0.36688363552093506	unweighted_appendix_diagnostic
bdt	0.5597154623736428	0.9120702581128842	0.3653590679168701	unweighted_appendix_diagnostic
bdt	0.5621490078622239	0.9134625682767484	0.363651305437088	unweighted_appendix_diagnostic
bdt	0.5641145638337701	0.9145335760951055	0.3622983396053314	unweighted_appendix_diagnostic
bdt	0.5670628977910894	0.915818785477134	0.3606904447078705	unweighted_appendix_diagnostic
bdt	0.5712748034444028	0.916889793295491	0.3578254282474518	unweighted_appendix_diagnostic
bdt	0.5732403594159491	0.9180679018956839	0.3563971221446991	unweighted_appendix_diagnostic
bdt	0.5754399101460127	0.9192460104958766	0.35485315322875977	unweighted_appendix_diagnostic
bdt	0.5783882441033321	0.9203170183142337	0.35337433218955994	unweighted_appendix_diagnostic
bdt	0.5820385623362037	0.9214951269144265	0.35112452507019043	unweighted_appendix_diagnostic
bdt	0.5843317109696743	0.9225661347327836	0.34963929653167725	unweighted_appendix_diagnostic
bdt	0.5890116061400225	0.9237442433329763	0.3471395671367645	unweighted_appendix_diagnostic
bdt	0.5933171096967428	0.9250294527150048	0.34467393159866333	unweighted_appendix_diagnostic
bdt	0.5964994384125796	0.9263146620970333	0.3425130844116211	unweighted_appendix_diagnostic
bdt	0.6009453388244104	0.9274927706972261	0.33957400918006897	unweighted_appendix_diagnostic
bdt	0.6036128790715088	0.9286708792974189	0.3376224637031555	unweighted_appendix_diagnostic
bdt	0.6053444402845376	0.9298489878976116	0.336500346660614	unweighted_appendix_diagnostic
bdt	0.609556345937851	0.9313483988433116	0.33402031660079956	unweighted_appendix_diagnostic
bdt	0.6140490453013853	0.93263360822534	0.33075496554374695	unweighted_appendix_diagnostic
bdt	0.6164357918382628	0.9339188176073685	0.3294338285923004	unweighted_appendix_diagnostic
bdt	0.6183545488581056	0.935204026989397	0.32774755358695984	unweighted_appendix_diagnostic
bdt	0.6204137027330587	0.9362750348077541	0.32615774869918823	unweighted_appendix_diagnostic
bdt	0.6257487832272557	0.9376673449716183	0.322846919298172	unweighted_appendix_diagnostic
bdt	0.6292119056533134	0.938845453571811	0.3205004036426544	unweighted_appendix_diagnostic
bdt	0.6320666417072257	0.9399164613901682	0.31881028413772583	unweighted_appendix_diagnostic
bdt	0.6360913515537252	0.9409874692085253	0.31614166498184204	unweighted_appendix_diagnostic
bdt	0.6401160614002246	0.9422726785905537	0.3138233721256256	unweighted_appendix_diagnostic
bdt	0.6430175964058406	0.9432365856270751	0.3119325041770935	unweighted_appendix_diagnostic
bdt	0.6463871209284912	0.9445217950091036	0.3097814917564392	unweighted_appendix_diagnostic
bdt	0.6498034444028454	0.9455928028274606	0.30773216485977173	unweighted_appendix_diagnostic
bdt	0.6525645825533508	0.9469851129913248	0.3055311441421509	unweighted_appendix_diagnostic
bdt	0.656074503931112	0.9481632215915177	0.30343297123908997	unweighted_appendix_diagnostic
bdt	0.6622051666042681	0.9493413301917104	0.29969725012779236	unweighted_appendix_diagnostic
bdt	0.6651535005615874	0.9503052372282318	0.29794520139694214	unweighted_appendix_diagnostic
bdt	0.6690846125046799	0.9515904466102603	0.29535531997680664	unweighted_appendix_diagnostic
bdt	0.6719393485585923	0.952768555210453	0.29346203804016113	unweighted_appendix_diagnostic
bdt	0.6760108573567952	0.954267966156153	0.2906014025211334	unweighted_appendix_diagnostic
bdt	0.6808311493822539	0.9555531755381814	0.28796637058258057	unweighted_appendix_diagnostic
bdt	0.6850898539872707	0.9566241833565385	0.28527185320854187	unweighted_appendix_diagnostic
bdt	0.6883657806065144	0.9575880903930599	0.2833109498023987	unweighted_appendix_diagnostic
bdt	0.6917821040808686	0.9588732997750884	0.28114211559295654	unweighted_appendix_diagnostic
bdt	0.6963216023961063	0.9600514083752811	0.27808767557144165	unweighted_appendix_diagnostic
bdt	0.6987551478846874	0.9611224161936383	0.27630341053009033	unweighted_appendix_diagnostic
bdt	0.7017970797454137	0.9625147263575025	0.2741190195083618	unweighted_appendix_diagnostic
bdt	0.7067109696742793	0.9636928349576952	0.2707025408744812	unweighted_appendix_diagnostic
bdt	0.7105484837139648	0.9647638427760523	0.2685489356517792	unweighted_appendix_diagnostic
bdt	0.7154623736428304	0.9658348505944093	0.26594752073287964	unweighted_appendix_diagnostic
bdt	0.7223886184949457	0.9670129591946022	0.2615228593349457	unweighted_appendix_diagnostic
bdt	0.728051291651067	0.9680839670129592	0.2583577334880829	unweighted_appendix_diagnostic
bdt	0.732029202545863	0.9691549748313163	0.25567346811294556	unweighted_appendix_diagnostic
bdt	0.7354455260202172	0.970333083431509	0.25353917479515076	unweighted_appendix_diagnostic
bdt	0.7406402096593037	0.9714040912498662	0.250139057636261	unweighted_appendix_diagnostic
bdt	0.7437757394234369	0.9726893006318946	0.24783259630203247	unweighted_appendix_diagnostic
bdt	0.7488300262074129	0.9737603084502516	0.24473018944263458	unweighted_appendix_diagnostic
bdt	0.7526675402470985	0.9748313162686087	0.2425033152103424	unweighted_appendix_diagnostic
bdt	0.7568794459004118	0.9761165256506372	0.24001798033714294	unweighted_appendix_diagnostic
bdt	0.762729314863347	0.9772946342508301	0.23588064312934875	unweighted_appendix_diagnostic
bdt	0.7717615125421191	0.9781514405055157	0.22966605424880981	unweighted_appendix_diagnostic
bdt	0.7763478098090603	0.9795437506693799	0.2262032926082611	unweighted_appendix_diagnostic
bdt	0.7830400599026581	0.9806147584877369	0.22122225165367126	unweighted_appendix_diagnostic
bdt	0.7882347435417447	0.981685766306094	0.21750082075595856	unweighted_appendix_diagnostic
bdt	0.7957225758143017	0.9827567741244511	0.21284262835979462	unweighted_appendix_diagnostic
bdt	0.8001216772744291	0.9838277819428082	0.20958641171455383	unweighted_appendix_diagnostic
bdt	0.8083582927742419	0.9848987897611653	0.20423007011413574	unweighted_appendix_diagnostic
bdt	0.8121490078622239	0.986076898361358	0.2016630619764328	unweighted_appendix_diagnostic
bdt	0.820900411830775	0.9871479061797152	0.19548547267913818	unweighted_appendix_diagnostic
bdt	0.8276862598277799	0.9883260147799079	0.19039539992809296	unweighted_appendix_diagnostic
bdt	0.8380756271059528	0.989397022598265	0.18408024311065674	unweighted_appendix_diagnostic
bdt	0.8444402845376263	0.990468030416622	0.17960293591022491	unweighted_appendix_diagnostic
bdt	0.8564676151254212	0.9914319374531434	0.17085899412631989	unweighted_appendix_diagnostic
bdt	0.8713496817671285	0.9925029452715005	0.16013696789741516	unweighted_appendix_diagnostic
bdt	0.8831430175964058	0.9935739530898575	0.15088210999965668	unweighted_appendix_diagnostic
bdt	0.8932515911643579	0.9947520616900504	0.1432485580444336	unweighted_appendix_diagnostic
bdt	0.8998502433545489	0.9959301702902431	0.13756777346134186	unweighted_appendix_diagnostic
bdt	0.9237177087233246	0.9970011781086002	0.11974897235631943	unweighted_appendix_diagnostic
bdt	0.944543242231374	0.9979650851451216	0.10195483267307281	unweighted_appendix_diagnostic
bdt	0.9866622987645077	0.9990360929634786	0.06090488284826279	unweighted_appendix_diagnostic
bdt	1.0	1.0	0.022019317373633385	unweighted_appendix_diagnostic
dense_dnn	0.0	0.0	inf	unweighted_appendix_diagnostic
dense_dnn	0.0004211905653313366	0.017350326657384597	0.995913565158844	unweighted_appendix_diagnostic
dense_dnn	0.0009359790340696368	0.03373674627824783	0.99224853515625	unweighted_appendix_diagnostic
dense_dnn	0.0015443654062149007	0.044661026025489985	0.9895527362823486	unweighted_appendix_diagnostic
dense_dnn	0.0021527517783601646	0.05397879404519653	0.9867100119590759	unweighted_appendix_diagnostic
dense_dnn	0.0027611381505054287	0.061154546428188926	0.984790027141571	unweighted_appendix_diagnostic
dense_dnn	0.0033695245226506927	0.06715219021098855	0.9830635190010071	unweighted_appendix_diagnostic
dense_dnn	0.003977910894795956	0.07497054728499518	0.9805046916007996	unweighted_appendix_diagnostic
dense_dnn	0.0045862972669412205	0.0796829816857663	0.978670060634613	unweighted_appendix_diagnostic
dense_dnn	0.005101085735679521	0.08439541608653743	0.9771462678909302	unweighted_appendix_diagnostic
dense_dnn	0.005896667914638712	0.08942915283281568	0.9753923416137695	unweighted_appendix_diagnostic
dense_dnn	0.00636465743167353	0.0940344864517511	0.9743403792381287	unweighted_appendix_diagnostic
dense_dnn	0.007019842755522276	0.09735461068865803	0.9732084274291992	unweighted_appendix_diagnostic
dense_dnn	0.00762822912766754	0.10292385134411482	0.971361517906189	unweighted_appendix_diagnostic
dense_dnn	0.00814301759640584	0.10624397558102174	0.970213770866394	unweighted_appendix_diagnostic
dense_dnn	0.008704605016847623	0.1129913248366713	0.9681194424629211	unweighted_appendix_diagnostic
dense_dnn	0.009266192437289406	0.11684695298275677	0.9670476913452148	unweighted_appendix_diagnostic
dense_dnn	0.009874578809434669	0.12220199207454215	0.9654766917228699	unweighted_appendix_diagnostic
dense_dnn	0.010482965181579932	0.12637892256613473	0.9642230868339539	unweighted_appendix_diagnostic
dense_dnn	0.011231748408835642	0.1303416514940559	0.9630514979362488	unweighted_appendix_diagnostic
dense_dnn	0.012027330587794833	0.13344757416729142	0.9618914127349854	unweighted_appendix_diagnostic
dense_dnn	0.01272931486334706	0.13858841169540537	0.9600745439529419	unweighted_appendix_diagnostic
dense_dnn	0.013384500187195806	0.1444789546963693	0.9586600661277771	unweighted_appendix_diagnostic
dense_dnn	0.014180082366154999	0.1476919781514405	0.9576992988586426	unweighted_appendix_diagnostic
dense_dnn	0.014835267690003744	0.15293991646139016	0.9560196995735168	unweighted_appendix_diagnostic
dense_dnn	0.015443654062149008	0.15968726571703973	0.9540101885795593	unweighted_appendix_diagnostic
dense_dnn	0.01605204043429427	0.1635428938631252	0.953090488910675	unweighted_appendix_diagnostic
dense_dnn	0.016660426806439536	0.16889793295491057	0.9514281749725342	unweighted_appendix_diagnostic
dense_dnn	0.017175215275177836	0.17286066188283175	0.949963390827179	unweighted_appendix_diagnostic
dense_dnn	0.01806439535754399	0.1769304915925886	0.9484759569168091	unweighted_appendix_diagnostic
dense_dnn	0.018625982777985772	0.17992931348398844	0.9475123286247253	unweighted_appendix_diagnostic
dense_dnn	0.019327967053538002	0.18324943772089536	0.9464762806892395	unweighted_appendix_diagnostic
dense_dnn	0.020029951329090228	0.1865695619578023	0.9453503489494324	unweighted_appendix_diagnostic
dense_dnn	0.020731935604642458	0.18903287994002357	0.9443051218986511	unweighted_appendix_diagnostic
dense_dnn	0.02129352302508424	0.19192460104958767	0.9432048201560974	unweighted_appendix_diagnostic
dense_dnn	0.02213590415574691	0.1956731284138374	0.9420405030250549	unweighted_appendix_diagnostic
dense_dnn	0.022791089479595655	0.19867195030523724	0.9410536885261536	unweighted_appendix_diagnostic
dense_dnn	0.023493073755147885	0.20070686516011566	0.9402661323547363	unweighted_appendix_diagnostic
dense_dnn	0.024288655934107076	0.2029559815786655	0.9392385482788086	unweighted_appendix_diagnostic
dense_dnn	0.025084238113066266	0.20756131519760093	0.9378116726875305	unweighted_appendix_diagnostic
dense_dnn	0.02592661924372894	0.21163114490735782	0.9365668296813965	unweighted_appendix_diagnostic
dense_dnn	0.026722201422688132	0.2144157652350862	0.9355524778366089	unweighted_appendix_diagnostic
dense_dnn	0.027470984649943842	0.21795009103566457	0.9339565634727478	unweighted_appendix_diagnostic
dense_dnn	0.028126169973792588	0.22084181214522866	0.9331610202789307	unweighted_appendix_diagnostic
dense_dnn	0.02868775739423437	0.2227696262182714	0.9324479699134827	unweighted_appendix_diagnostic
dense_dnn	0.02976413328341445	0.22448323872764273	0.9318772554397583	unweighted_appendix_diagnostic
dense_dnn	0.030372519655559715	0.22651815358252114	0.9311888217926025	unweighted_appendix_diagnostic
dense_dnn	0.031074503931111944	0.22973117703759238	0.9299302697181702	unweighted_appendix_diagnostic
dense_dnn	0.03187008611007113	0.2328370997108279	0.9286284446716309	unweighted_appendix_diagnostic
dense_dnn	0.03266566828903032	0.23540751847488486	0.9279239773750305	unweighted_appendix_diagnostic
dense_dnn	0.03341445151628603	0.23829923958444896	0.9269517064094543	unweighted_appendix_diagnostic
dense_dnn	0.03397603893672782	0.24204776694869873	0.925812840461731	unweighted_appendix_diagnostic
dense_dnn	0.0345376263571696	0.24515368962193423	0.9249850511550903	unweighted_appendix_diagnostic
dense_dnn	0.0355672032946462	0.24815251151333403	0.9237135052680969	unweighted_appendix_diagnostic
dense_dnn	0.03636278547360539	0.2516868373139124	0.9227371215820312	unweighted_appendix_diagnostic
dense_dnn	0.037485960314488954	0.25404305451429793	0.9217544794082642	unweighted_appendix_diagnostic
dense_dnn	0.038328341445151626	0.25821998500589055	0.9201978445053101	unweighted_appendix_diagnostic
dense_dnn	0.038936727817296894	0.2618614115883046	0.919208824634552	unweighted_appendix_diagnostic
dense_dnn	0.039825907899663046	0.2655028381707186	0.918228805065155	unweighted_appendix_diagnostic
dense_dnn	0.04090228378884313	0.26946556709863984	0.9169765710830688	unweighted_appendix_diagnostic
dense_dnn	0.04165106701609884	0.2719288850808611	0.9159513711929321	unweighted_appendix_diagnostic
dense_dnn	0.042259453388244106	0.2751419085359323	0.9150059223175049	unweighted_appendix_diagnostic
dense_dnn	0.04310183451890678	0.27803362964549644	0.9137539863586426	unweighted_appendix_diagnostic
dense_dnn	0.04371022089105204	0.2804969476277177	0.9127243161201477	unweighted_appendix_diagnostic
dense_dnn	0.04427180831149382	0.2824247617007604	0.9120415449142456	unweighted_appendix_diagnostic
dense_dnn	0.04497379258704605	0.28520938202848883	0.9111011028289795	unweighted_appendix_diagnostic
dense_dnn	0.0456289779108948	0.28842240548356	0.9101259112358093	unweighted_appendix_diagnostic
dense_dnn	0.04637776113815051	0.2905644211202742	0.9091852903366089	unweighted_appendix_diagnostic
dense_dnn	0.04707974541370273	0.29334904144800256	0.9081622958183289	unweighted_appendix_diagnostic
dense_dnn	0.04773493073755148	0.297954375066938	0.9068922996520996	unweighted_appendix_diagnostic
dense_dnn	0.04853051291651067	0.2998821891399807	0.9059776067733765	unweighted_appendix_diagnostic
dense_dnn	0.04956008985398727	0.3029881118132162	0.9050753712654114	unweighted_appendix_diagnostic
dense_dnn	0.05021527517783601	0.3053443290136018	0.9040101170539856	unweighted_appendix_diagnostic
dense_dnn	0.050964058405091724	0.30759344543215167	0.9030622243881226	unweighted_appendix_diagnostic
dense_dnn	0.05157244477723699	0.3106993681053872	0.9023554921150208	unweighted_appendix_diagnostic
dense_dnn	0.05236802695619618	0.31359108921495127	0.901544451713562	unweighted_appendix_diagnostic
dense_dnn	0.053070011231748405	0.31594730641533686	0.9007940888404846	unweighted_appendix_diagnostic
dense_dnn	0.053678397603893674	0.3187319267430652	0.8997717499732971	unweighted_appendix_diagnostic
dense_dnn	0.054754773493073755	0.3216236478526293	0.8985808491706848	unweighted_appendix_diagnostic
dense_dnn	0.055222763010108575	0.3239798650530149	0.897870659828186	unweighted_appendix_diagnostic
dense_dnn	0.05615874204417821	0.32601477990789335	0.8968347907066345	unweighted_appendix_diagnostic
dense_dnn	0.056954324223137405	0.32794259398093606	0.8959962129592896	unweighted_appendix_diagnostic
dense_dnn	0.05821789591913141	0.3307272143086645	0.8947746157646179	unweighted_appendix_diagnostic
dense_dnn	0.05887308124298016	0.33361893541822857	0.893915057182312	unweighted_appendix_diagnostic
dense_dnn	0.05948146761512542	0.33640355574595693	0.893390953540802	unweighted_appendix_diagnostic
dense_dnn	0.06013665293897417	0.339295276855521	0.8925809860229492	unweighted_appendix_diagnostic
dense_dnn	0.0613534256832647	0.34133019171039947	0.8915265798568726	unweighted_appendix_diagnostic
dense_dnn	0.06219580681392737	0.34443611438363503	0.8905532360076904	unweighted_appendix_diagnostic
dense_dnn	0.0628977910894796	0.34657813002034915	0.8896210789680481	unweighted_appendix_diagnostic
dense_dnn	0.06383377012354924	0.348827246438899	0.8886191248893738	unweighted_appendix_diagnostic
dense_dnn	0.06505054286783976	0.35182606833029884	0.8874515295028687	unweighted_appendix_diagnostic
dense_dnn	0.0659865219019094	0.3536467816215058	0.8865770101547241	unweighted_appendix_diagnostic
dense_dnn	0.06710969674279296	0.35578879725822	0.8857223987579346	unweighted_appendix_diagnostic
dense_dnn	0.06837326843878697	0.35825211524044126	0.8846350908279419	unweighted_appendix_diagnostic
dense_dnn	0.06893485585922875	0.3598586269679769	0.8841243386268616	unweighted_appendix_diagnostic
dense_dnn	0.06968363908648446	0.36210774338652674	0.8829771876335144	unweighted_appendix_diagnostic
dense_dnn	0.07057281916885062	0.36403555745956945	0.8822522759437561	unweighted_appendix_diagnostic
dense_dnn	0.07132160239610633	0.36682017778729786	0.8815634846687317	unweighted_appendix_diagnostic
dense_dnn	0.072163983526769	0.3686408910785049	0.8808566927909851	unweighted_appendix_diagnostic
dense_dnn	0.07300636465743167	0.3713184106243976	0.87977534532547	unweighted_appendix_diagnostic
dense_dnn	0.07408274054661175	0.3748527364249759	0.8784765601158142	unweighted_appendix_diagnostic
dense_dnn	0.07492512167727443	0.37742315518903286	0.8775161504745483	unweighted_appendix_diagnostic
dense_dnn	0.07553350804941969	0.3790296669165685	0.8770293593406677	unweighted_appendix_diagnostic
dense_dnn	0.07642268813178585	0.3810645817714469	0.8762144446372986	unweighted_appendix_diagnostic
dense_dnn	0.07749906402096593	0.3833136981899968	0.8752250671386719	unweighted_appendix_diagnostic
dense_dnn	0.07852864095844253	0.3848131091356967	0.8744503855705261	unweighted_appendix_diagnostic
dense_dnn	0.07946461999251217	0.3877048302452608	0.8734711408615112	unweighted_appendix_diagnostic
dense_dnn	0.08072819168850617	0.3901681482274821	0.8722705841064453	unweighted_appendix_diagnostic
dense_dnn	0.0817109696742793	0.39263146620970335	0.8713399767875671	unweighted_appendix_diagnostic
dense_dnn	0.08269374766005241	0.3950947841919246	0.8704319596290588	unweighted_appendix_diagnostic
dense_dnn	0.08348932983901161	0.39702259826496733	0.8696747422218323	unweighted_appendix_diagnostic
dense_dnn	0.08414451516286035	0.39862910999250295	0.8687653541564941	unweighted_appendix_diagnostic
dense_dnn	0.08517409210033695	0.40044982328371	0.8678330779075623	unweighted_appendix_diagnostic
dense_dnn	0.08601647323099963	0.4037699475206169	0.86646568775177	unweighted_appendix_diagnostic
dense_dnn	0.08709284912017971	0.40580486237549535	0.8653007745742798	unweighted_appendix_diagnostic
dense_dnn	0.08793523025084238	0.40773267644853806	0.8645567893981934	unweighted_appendix_diagnostic
dense_dnn	0.08873081242980158	0.41030309521259506	0.8632360696792603	unweighted_appendix_diagnostic
dense_dnn	0.08957319356046424	0.41319481632215915	0.8623499274253845	unweighted_appendix_diagnostic
dense_dnn	0.0907431673530513	0.41512263039520186	0.8615614175796509	unweighted_appendix_diagnostic
dense_dnn	0.09158554848371396	0.41758594837742313	0.8605940937995911	unweighted_appendix_diagnostic
dense_dnn	0.09224073380756272	0.42015636714148014	0.859626293182373	unweighted_appendix_diagnostic
dense_dnn	0.09317671284163234	0.42240548356003	0.8586302399635315	unweighted_appendix_diagnostic
dense_dnn	0.09387869711718458	0.4240119952875656	0.8580041527748108	unweighted_appendix_diagnostic
dense_dnn	0.09472107824784724	0.4274392203063082	0.8571030497550964	unweighted_appendix_diagnostic
dense_dnn	0.09551666042680644	0.42925993359751524	0.856261134147644	unweighted_appendix_diagnostic
dense_dnn	0.09701422688131786	0.4310806468887223	0.855303168296814	unweighted_appendix_diagnostic
dense_dnn	0.09823099962560838	0.43343686408910787	0.8543679118156433	unweighted_appendix_diagnostic
dense_dnn	0.09968176712841632	0.435578879725822	0.8530493974685669	unweighted_appendix_diagnostic
dense_dnn	0.10089853987270685	0.437399593017029	0.8521702289581299	unweighted_appendix_diagnostic
dense_dnn	0.10192811681018345	0.4386848023990575	0.8513640761375427	unweighted_appendix_diagnostic
dense_dnn	0.10319168850617746	0.4408268180357717	0.8503273725509644	unweighted_appendix_diagnostic
dense_dnn	0.10403406963684013	0.44350433758166435	0.8493248224258423	unweighted_appendix_diagnostic
dense_dnn	0.10468925496068889	0.4453250508728714	0.8486708998680115	unweighted_appendix_diagnostic
dense_dnn	0.105672032946462	0.4471457641640784	0.8478529453277588	unweighted_appendix_diagnostic
dense_dnn	0.10665481093223511	0.4501445860554782	0.8468485474586487	unweighted_appendix_diagnostic
dense_dnn	0.10759078996630475	0.45207240012852096	0.8462324142456055	unweighted_appendix_diagnostic
dense_dnn	0.10885436166229877	0.4536789118560565	0.845392107963562	unweighted_appendix_diagnostic
dense_dnn	0.11002433545488581	0.45614222983827785	0.844228208065033	unweighted_appendix_diagnostic
dense_dnn	0.11133470610258331	0.45903395094784194	0.8430668711662292	unweighted_appendix_diagnostic
dense_dnn	0.11255147884687383	0.4610688658027204	0.8419910669326782	unweighted_appendix_diagnostic
dense_dnn	0.11358105578435043	0.4631037806575988	0.8406373858451843	unweighted_appendix_diagnostic
dense_dnn	0.11489142643204792	0.4651386955124772	0.8396139144897461	unweighted_appendix_diagnostic
dense_dnn	0.11559341070760015	0.4674949127128628	0.8387978076934814	unweighted_appendix_diagnostic
dense_dnn	0.11699737925870461	0.4694227267859055	0.8377133011817932	unweighted_appendix_diagnostic
dense_dnn	0.11798015724447772	0.4711363392952769	0.8371628522872925	unweighted_appendix_diagnostic
dense_dnn	0.11863534256832647	0.4734925564956624	0.8364814519882202	unweighted_appendix_diagnostic
dense_dnn	0.11971171845750656	0.47649137838706224	0.8352950811386108	unweighted_appendix_diagnostic
dense_dnn	0.12149007862223886	0.4779907893327621	0.8338737487792969	unweighted_appendix_diagnostic
dense_dnn	0.1224260576563085	0.4797044018421334	0.8329368829727173	unweighted_appendix_diagnostic
dense_dnn	0.1234556345937851	0.4816322159151762	0.8322633504867554	unweighted_appendix_diagnostic
dense_dnn	0.12429801572444778	0.4835600299882189	0.8313237428665161	unweighted_appendix_diagnostic
dense_dnn	0.12528079371022088	0.4857020456249331	0.8303383588790894	unweighted_appendix_diagnostic
dense_dnn	0.1264975664545114	0.4870943557887973	0.8295832276344299	unweighted_appendix_diagnostic
dense_dnn	0.1278547360539124	0.48891506908000426	0.8284955024719238	unweighted_appendix_diagnostic
dense_dnn	0.12907150879820292	0.4906286815893756	0.8276509046554565	unweighted_appendix_diagnostic
dense_dnn	0.13033508049419693	0.49244939488058265	0.82667076587677	unweighted_appendix_diagnostic
dense_dnn	0.13192624485211532	0.4942701081717897	0.8254919648170471	unweighted_appendix_diagnostic
dense_dnn	0.1330026207412954	0.49566241833565383	0.824501633644104	unweighted_appendix_diagnostic
dense_dnn	0.13389180082366156	0.497804433972368	0.82368403673172	unweighted_appendix_diagnostic
dense_dnn	0.1350617746162486	0.5001606511727535	0.8227435946464539	unweighted_appendix_diagnostic
dense_dnn	0.13646574316735305	0.502945271500482	0.8213142156600952	unweighted_appendix_diagnostic
dense_dnn	0.13772931486334705	0.5050872871371961	0.8200611472129822	unweighted_appendix_diagnostic
dense_dnn	0.13880569075252713	0.5073364035557459	0.8192242980003357	unweighted_appendix_diagnostic
dense_dnn	0.14016286035192813	0.5090500160651172	0.8181866407394409	unweighted_appendix_diagnostic
dense_dnn	0.14142643204792213	0.51097783013816	0.8170043230056763	unweighted_appendix_diagnostic
dense_dnn	0.14236241108199177	0.5131198457748741	0.8161394596099854	unweighted_appendix_diagnostic
dense_dnn	0.14376637963309621	0.5149405590660812	0.8149545788764954	unweighted_appendix_diagnostic
dense_dnn	0.1450767502807937	0.5162257684481096	0.8142362833023071	unweighted_appendix_diagnostic
dense_dnn	0.14601272931486334	0.5177251793938096	0.8132941126823425	unweighted_appendix_diagnostic
dense_dnn	0.14671471359041557	0.5192245903395095	0.812535285949707	unweighted_appendix_diagnostic
dense_dnn	0.14783788843129914	0.521580807539895	0.8114445209503174	unweighted_appendix_diagnostic
dense_dnn	0.14868026956196181	0.5232944200492664	0.8103335499763489	unweighted_appendix_diagnostic
dense_dnn	0.14994384125795582	0.5261861411588304	0.8087214231491089	unweighted_appendix_diagnostic
dense_dnn	0.1507862223886185	0.5275784513226947	0.8079867362976074	unweighted_appendix_diagnostic
dense_dnn	0.15186259827779858	0.5291849630502302	0.8069645762443542	unweighted_appendix_diagnostic
dense_dnn	0.1528453762635717	0.5313269786869445	0.8061439990997314	unweighted_appendix_diagnostic
dense_dnn	0.1538749532010483	0.5331476919781515	0.8051161170005798	unweighted_appendix_diagnostic
dense_dnn	0.1546705353800075	0.5352897076148656	0.8041346669197083	unweighted_appendix_diagnostic
dense_dnn	0.15584050917259454	0.5372175216879084	0.8032251000404358	unweighted_appendix_diagnostic
dense_dnn	0.15729127667540246	0.5395737388882939	0.8019506931304932	unweighted_appendix_diagnostic
dense_dnn	0.15855484837139647	0.5407518474884867	0.800999641418457	unweighted_appendix_diagnostic
dense_dnn	0.15963122426057658	0.542465459997858	0.7999667525291443	unweighted_appendix_diagnostic
dense_dnn	0.16042680643953575	0.5454642818892578	0.7987561821937561	unweighted_appendix_diagnostic
dense_dnn	0.16178397603893674	0.5477133983078076	0.7978091835975647	unweighted_appendix_diagnostic
dense_dnn	0.16271995507300638	0.5503909178537003	0.7967581748962402	unweighted_appendix_diagnostic
dense_dnn	0.1641707225758143	0.5525329334904144	0.7955237030982971	unweighted_appendix_diagnostic
dense_dnn	0.16538749532010483	0.5542465459997858	0.7944762706756592	unweighted_appendix_diagnostic
dense_dnn	0.16613627854736054	0.5558530577273214	0.7938270568847656	unweighted_appendix_diagnostic
dense_dnn	0.16707225758143018	0.5577808718003642	0.7926899194717407	unweighted_appendix_diagnostic
dense_dnn	0.16796143766379634	0.5596015850915712	0.791625440120697	unweighted_appendix_diagnostic
dense_dnn	0.16894421564956946	0.5609938952554354	0.7905194163322449	unweighted_appendix_diagnostic
dense_dnn	0.17067577686259827	0.5627075077648067	0.7891156077384949	unweighted_appendix_diagnostic
dense_dnn	0.17179895170348183	0.5645282210560137	0.7879483699798584	unweighted_appendix_diagnostic
dense_dnn	0.17282852864095843	0.566241833565385	0.7868643403053284	unweighted_appendix_diagnostic
dense_dnn	0.17432609509546987	0.5680625468565921	0.7851725220680237	unweighted_appendix_diagnostic
dense_dnn	0.1757768625982778	0.5702045624933062	0.7837210297584534	unweighted_appendix_diagnostic
dense_dnn	0.1773680269561962	0.5717039734390061	0.7827574610710144	unweighted_appendix_diagnostic
dense_dnn	0.17816360913515536	0.5735246867302132	0.7819887399673462	unweighted_appendix_diagnostic
dense_dnn	0.18036315986521903	0.5764164078397772	0.7803376317024231	unweighted_appendix_diagnostic
dense_dnn	0.1819543242231374	0.5785584234764913	0.7788646221160889	unweighted_appendix_diagnostic
dense_dnn	0.18359228753275927	0.5800578344221913	0.7774116396903992	unweighted_appendix_diagnostic
dense_dnn	0.18485585922875328	0.5815572453678912	0.7765485048294067	unweighted_appendix_diagnostic
dense_dnn	0.1858386372145264	0.582735353968084	0.7755196690559387	unweighted_appendix_diagnostic
dense_dnn	0.18752339947585175	0.5839134625682767	0.7744313478469849	unweighted_appendix_diagnostic
dense_dnn	0.18864657431673532	0.5856270750776481	0.7734816670417786	unweighted_appendix_diagnostic
dense_dnn	0.19000374391613628	0.5877690907143622	0.7718709707260132	unweighted_appendix_diagnostic
dense_dnn	0.1909865219019094	0.5894827032237335	0.7706640362739563	unweighted_appendix_diagnostic
dense_dnn	0.19229689254960688	0.5906608118239263	0.7695809006690979	unweighted_appendix_diagnostic
dense_dnn	0.19435604642456009	0.5931241298061476	0.7677430510520935	unweighted_appendix_diagnostic
dense_dnn	0.19585361287907152	0.5947306415336832	0.7663938403129578	unweighted_appendix_diagnostic
dense_dnn	0.19697678771995508	0.5962300524793831	0.7654258608818054	unweighted_appendix_diagnostic
dense_dnn	0.1979595657057282	0.5975152618614116	0.76433926820755	unweighted_appendix_diagnostic
dense_dnn	0.19908274054661176	0.5989075720252758	0.7635082602500916	unweighted_appendix_diagnostic
dense_dnn	0.20034631224260577	0.6008353860983185	0.7624661326408386	unweighted_appendix_diagnostic
dense_dnn	0.20217147135904157	0.603191603298704	0.7611091136932373	unweighted_appendix_diagnostic
dense_dnn	0.20343504305503557	0.6060833244082682	0.7596210241317749	unweighted_appendix_diagnostic
dense_dnn	0.20526020217147137	0.6075827353539681	0.7581779956817627	unweighted_appendix_diagnostic
dense_dnn	0.2064769749157619	0.609082146299668	0.7569913268089294	unweighted_appendix_diagnostic
dense_dnn	0.20778734556345937	0.6104744564635322	0.7560045123100281	unweighted_appendix_diagnostic
dense_dnn	0.2103612879071509	0.612723572882082	0.7535178661346436	unweighted_appendix_diagnostic
dense_dnn	0.21171845750655185	0.6147584877369605	0.7523111701011658	unweighted_appendix_diagnostic
dense_dnn	0.21270123549232497	0.6165792010281675	0.7508676052093506	unweighted_appendix_diagnostic
dense_dnn	0.21382441033320854	0.6180786119738674	0.7498308420181274	unweighted_appendix_diagnostic
dense_dnn	0.21490078622238862	0.619685123701403	0.748650312423706	unweighted_appendix_diagnostic
dense_dnn	0.216491950580307	0.6213987362107743	0.7469908595085144	unweighted_appendix_diagnostic
dense_dnn	0.21742792961437662	0.6233265502838171	0.7461605072021484	unweighted_appendix_diagnostic
dense_dnn	0.21822351179333582	0.625575666702367	0.7447248697280884	unweighted_appendix_diagnostic
dense_dnn	0.21976787719955074	0.6269679768662311	0.7435782551765442	unweighted_appendix_diagnostic
dense_dnn	0.22061025833021342	0.6285744885937667	0.7425203919410706	unweighted_appendix_diagnostic
dense_dnn	0.22163983526769002	0.6308236050123166	0.7414253354072571	unweighted_appendix_diagnostic
dense_dnn	0.2229502059153875	0.632858519867195	0.7401278018951416	unweighted_appendix_diagnostic
dense_dnn	0.22426057656308498	0.6343579308128949	0.7389075756072998	unweighted_appendix_diagnostic
dense_dnn	0.2265537251965556	0.6358573417585949	0.7370359897613525	unweighted_appendix_diagnostic
dense_dnn	0.22763010108573567	0.6377851558316375	0.7360432147979736	unweighted_appendix_diagnostic
dense_dnn	0.22865967802321227	0.6392845667773375	0.7351894378662109	unweighted_appendix_diagnostic
dense_dnn	0.23123362036690379	0.6407839777230374	0.733339786529541	unweighted_appendix_diagnostic
dense_dnn	0.23310557843504306	0.6420691871050659	0.731866180896759	unweighted_appendix_diagnostic
dense_dnn	0.23502433545488582	0.6435685980507657	0.7301895022392273	unweighted_appendix_diagnostic
dense_dnn	0.237177087233246	0.6450680089964657	0.7285683751106262	unweighted_appendix_diagnostic
dense_dnn	0.2386278547360539	0.6464603191603299	0.7273383140563965	unweighted_appendix_diagnostic
dense_dnn	0.24007862223886184	0.6478526293241941	0.7262715101242065	unweighted_appendix_diagnostic
dense_dnn	0.24185698240359416	0.6496733426154011	0.7246336936950684	unweighted_appendix_diagnostic
dense_dnn	0.24391613627854736	0.651172753561101	0.7230250835418701	unweighted_appendix_diagnostic
dense_dnn	0.24517970797454136	0.6532076684159794	0.7216838598251343	unweighted_appendix_diagnostic
dense_dnn	0.24649007862223887	0.6547070793616794	0.7203842401504517	unweighted_appendix_diagnostic
dense_dnn	0.2481748408835642	0.6562064903073792	0.7191010117530823	unweighted_appendix_diagnostic
dense_dnn	0.25056158742044177	0.6574916996894077	0.7172213792800903	unweighted_appendix_diagnostic
dense_dnn	0.25182515911643577	0.6586698082896005	0.7161983251571655	unweighted_appendix_diagnostic
dense_dnn	0.2528547360539124	0.6611331262718217	0.7144484519958496	unweighted_appendix_diagnostic
dense_dnn	0.2536035192811681	0.662525436435686	0.7137395143508911	unweighted_appendix_diagnostic
dense_dnn	0.2548670909771621	0.6647745528542358	0.7126272916793823	unweighted_appendix_diagnostic
dense_dnn	0.2563646574316735	0.6663810645817715	0.7113693356513977	unweighted_appendix_diagnostic
dense_dnn	0.2574878322725571	0.6678804755274713	0.7101760506629944	unweighted_appendix_diagnostic
dense_dnn	0.2587046050168476	0.6692727856913355	0.708850622177124	unweighted_appendix_diagnostic
dense_dnn	0.260295769374766	0.6707721966370355	0.7076804041862488	unweighted_appendix_diagnostic
dense_dnn	0.26179333582927744	0.6720574060190639	0.7064799070358276	unweighted_appendix_diagnostic
dense_dnn	0.2636184949457132	0.6734497161829281	0.7049078345298767	unweighted_appendix_diagnostic
dense_dnn	0.26511606140022465	0.6748420263467924	0.7036821842193604	unweighted_appendix_diagnostic
dense_dnn	0.26652002995132906	0.6761272357288208	0.7023777365684509	unweighted_appendix_diagnostic
dense_dnn	0.2678771995507301	0.6774124451108493	0.7005528807640076	unweighted_appendix_diagnostic
dense_dnn	0.2696087607637589	0.678590553711042	0.6989752650260925	unweighted_appendix_diagnostic
dense_dnn	0.27124672407338074	0.6798757630930706	0.697746217250824	unweighted_appendix_diagnostic
dense_dnn	0.27363347061025833	0.6813751740387705	0.6956201195716858	unweighted_appendix_diagnostic
dense_dnn	0.2748034444028454	0.6826603834207989	0.6943466067314148	unweighted_appendix_diagnostic
dense_dnn	0.27714339198801946	0.6838384920209918	0.6926363110542297	unweighted_appendix_diagnostic
dense_dnn	0.27854736053912393	0.6850166006211845	0.6913712024688721	unweighted_appendix_diagnostic
dense_dnn	0.28004492699363537	0.6867302131305558	0.6899240016937256	unweighted_appendix_diagnostic
dense_dnn	0.28182328715836763	0.6882296240762558	0.688493013381958	unweighted_appendix_diagnostic
dense_dnn	0.28318045675776865	0.6901574381492985	0.6870939135551453	unweighted_appendix_diagnostic
dense_dnn	0.28552040434294274	0.691442647531327	0.684768795967102	unweighted_appendix_diagnostic
dense_dnn	0.28692437289404715	0.6928349576951912	0.6837131381034851	unweighted_appendix_diagnostic
dense_dnn	0.28856233620366906	0.694334368640891	0.6815546154975891	unweighted_appendix_diagnostic
dense_dnn	0.29108947959565706	0.695833779586591	0.6790751218795776	unweighted_appendix_diagnostic
dense_dnn	0.29268064395357546	0.6972260897504552	0.677490770816803	unweighted_appendix_diagnostic
dense_dnn	0.29417821040808684	0.6988326014779908	0.6756600737571716	unweighted_appendix_diagnostic
dense_dnn	0.29642456008985396	0.7003320124236907	0.6734922528266907	unweighted_appendix_diagnostic
dense_dnn	0.29885810557843506	0.7016172218057192	0.6715595126152039	unweighted_appendix_diagnostic
dense_dnn	0.301572444777237	0.7033308343150905	0.6692334413528442	unweighted_appendix_diagnostic
dense_dnn	0.3031168101834519	0.7044018421334476	0.6673926115036011	unweighted_appendix_diagnostic
dense_dnn	0.3044271808311494	0.7055799507336403	0.6656981706619263	unweighted_appendix_diagnostic
dense_dnn	0.3058779483339573	0.7070793616793403	0.6642138957977295	unweighted_appendix_diagnostic
dense_dnn	0.3074691126918757	0.7084716718432045	0.6629707217216492	unweighted_appendix_diagnostic
dense_dnn	0.30891988019468364	0.7095426796615615	0.6615596413612366	unweighted_appendix_diagnostic
dense_dnn	0.31065144140771245	0.7111491913890972	0.6597716212272644	unweighted_appendix_diagnostic
dense_dnn	0.31271059528266565	0.7125415015529614	0.6582016348838806	unweighted_appendix_diagnostic
dense_dnn	0.31383377012354924	0.7139338117168256	0.6568483114242554	unweighted_appendix_diagnostic
dense_dnn	0.31481654810932236	0.7155403234443611	0.6558616161346436	unweighted_appendix_diagnostic
dense_dnn	0.31608011980531636	0.7169326336082253	0.654259204864502	unweighted_appendix_diagnostic
dense_dnn	0.3177648820666417	0.7185391453357609	0.6523844003677368	unweighted_appendix_diagnostic
dense_dnn	0.3190752527143392	0.7198243547177895	0.6507473587989807	unweighted_appendix_diagnostic
dense_dnn	0.32076001497566453	0.7213237656634893	0.6489429473876953	unweighted_appendix_diagnostic
dense_dnn	0.3227723698989143	0.7227160758273535	0.6474016904830933	unweighted_appendix_diagnostic
dense_dnn	0.32464432796705356	0.7243225875548891	0.6452087759971619	unweighted_appendix_diagnostic
dense_dnn	0.32717147135904157	0.725500696155082	0.6428641080856323	unweighted_appendix_diagnostic
dense_dnn	0.3286222388618495	0.7266788047552747	0.6415157914161682	unweighted_appendix_diagnostic
dense_dnn	0.33082178959191316	0.7281782157009746	0.6393948793411255	unweighted_appendix_diagnostic
dense_dnn	0.3324129539498315	0.7297847274285102	0.6375550031661987	unweighted_appendix_diagnostic
dense_dnn	0.33517409210033694	0.7310699368105387	0.6347060203552246	unweighted_appendix_diagnostic
dense_dnn	0.33681205540995884	0.7326764485380743	0.6332075595855713	unweighted_appendix_diagnostic
dense_dnn	0.3387308124298016	0.7338545571382671	0.6313384175300598	unweighted_appendix_diagnostic
dense_dnn	0.3406495694496443	0.7356752704294741	0.6292091608047485	unweighted_appendix_diagnostic
dense_dnn	0.34186634219393486	0.7371746813751741	0.6280127763748169	unweighted_appendix_diagnostic
dense_dnn	0.3441594908274055	0.7385669915390383	0.6257072687149048	unweighted_appendix_diagnostic
dense_dnn	0.3460314488955447	0.7401735032665738	0.6238600611686707	unweighted_appendix_diagnostic
dense_dnn	0.3473418195432422	0.741565813430438	0.6221732497215271	unweighted_appendix_diagnostic
dense_dnn	0.3494009734181954	0.743065224376138	0.6201421022415161	unweighted_appendix_diagnostic
dense_dnn	0.35085174092100335	0.7452072400128521	0.6181718707084656	unweighted_appendix_diagnostic
dense_dnn	0.35197491576188694	0.7465995501767163	0.616730809211731	unweighted_appendix_diagnostic
dense_dnn	0.35417446649195056	0.7478847595587448	0.6134657263755798	unweighted_appendix_diagnostic
dense_dnn	0.3565144140771247	0.7491699689407733	0.6114051342010498	unweighted_appendix_diagnostic
dense_dnn	0.35815237738674655	0.7504551783228017	0.6093995571136475	unweighted_appendix_diagnostic
dense_dnn	0.35941594908274055	0.7519545892685017	0.6076894998550415	unweighted_appendix_diagnostic
dense_dnn	0.36147510295769375	0.7537753025597087	0.6057339906692505	unweighted_appendix_diagnostic
dense_dnn	0.3625046798951703	0.7551676127235729	0.6041463613510132	unweighted_appendix_diagnostic
dense_dnn	0.3653594159490827	0.7564528221056014	0.6012950539588928	unweighted_appendix_diagnostic
dense_dnn	0.3670909771621116	0.7582735353968084	0.5993185043334961	unweighted_appendix_diagnostic
dense_dnn	0.3680737551478847	0.759880047124344	0.5978322625160217	unweighted_appendix_diagnostic
dense_dnn	0.3705540995881692	0.7611652565063725	0.5957628488540649	unweighted_appendix_diagnostic
dense_dnn	0.3721452639460876	0.7628788690157439	0.59366774559021	unweighted_appendix_diagnostic
dense_dnn	0.37383002620741296	0.7644853807432794	0.5912318229675293	unweighted_appendix_diagnostic
dense_dnn	0.3759827779857731	0.7658776909071436	0.5888896584510803	unweighted_appendix_diagnostic
dense_dnn	0.377527143391988	0.7671629002891721	0.587522566318512	unweighted_appendix_diagnostic
dense_dnn	0.378790715087982	0.7684481096712006	0.5854788422584534	unweighted_appendix_diagnostic
dense_dnn	0.3807094721078248	0.7700546213987363	0.5833196640014648	unweighted_appendix_diagnostic
dense_dnn	0.38239423436915015	0.7711256292170933	0.58180832862854	unweighted_appendix_diagnostic
dense_dnn	0.38393859977536504	0.7726250401627932	0.5799528360366821	unweighted_appendix_diagnostic
dense_dnn	0.38520217147135905	0.7739102495448217	0.5784222483634949	unweighted_appendix_diagnostic
dense_dnn	0.38801010857356794	0.7757309628360287	0.5756181478500366	unweighted_appendix_diagnostic
dense_dnn	0.39058405091725945	0.7768019706543858	0.5732795596122742	unweighted_appendix_diagnostic
dense_dnn	0.39245600898539873	0.7783013816000857	0.5706891417503357	unweighted_appendix_diagnostic
dense_dnn	0.39451516286035193	0.7798007925457856	0.568612813949585	unweighted_appendix_diagnostic
dense_dnn	0.3971359041557469	0.7809789011459783	0.5651206374168396	unweighted_appendix_diagnostic
dense_dnn	0.39942905278921753	0.7824783120916783	0.5621899366378784	unweighted_appendix_diagnostic
dense_dnn	0.40087982029202546	0.7840848238192138	0.5602442622184753	unweighted_appendix_diagnostic
dense_dnn	0.4025645825533508	0.7853700332012423	0.5580851435661316	unweighted_appendix_diagnostic
dense_dnn	0.40579371022089106	0.7868694441469423	0.5545147657394409	unweighted_appendix_diagnostic
dense_dnn	0.4078996630475477	0.7881546535289707	0.5520606637001038	unweighted_appendix_diagnostic
dense_dnn	0.4099588169225009	0.7892256613473279	0.5494277477264404	unweighted_appendix_diagnostic
dense_dnn	0.41192437289404715	0.7909392738566992	0.5471333265304565	unweighted_appendix_diagnostic
dense_dnn	0.41379633096218643	0.7928670879297419	0.5449886322021484	unweighted_appendix_diagnostic
dense_dnn	0.4165106701609884	0.7940451965299347	0.5421088337898254	unweighted_appendix_diagnostic
dense_dnn	0.4178678397603894	0.7952233051301274	0.5397294163703918	unweighted_appendix_diagnostic
dense_dnn	0.42020778734556347	0.7967227160758273	0.5368701815605164	unweighted_appendix_diagnostic
dense_dnn	0.42147135904155747	0.7979008246760201	0.5355859398841858	unweighted_appendix_diagnostic
dense_dnn	0.42409210033695244	0.7995073364035558	0.5326488018035889	unweighted_appendix_diagnostic
dense_dnn	0.42587046050168476	0.8012209489129271	0.5298784375190735	unweighted_appendix_diagnostic
dense_dnn	0.42839760389367276	0.8023990575131198	0.5266427993774414	unweighted_appendix_diagnostic
dense_dnn	0.430363159865219	0.803791367676984	0.5244727730751038	unweighted_appendix_diagnostic
dense_dnn	0.43172032946461997	0.8051836778408482	0.5228937864303589	unweighted_appendix_diagnostic
dense_dnn	0.43377948333957317	0.8064688872228767	0.520545244216919	unweighted_appendix_diagnostic
dense_dnn	0.4355578435043055	0.8075398950412338	0.518269956111908	unweighted_appendix_diagnostic
dense_dnn	0.43850617746162485	0.8090393059869337	0.5151979923248291	unweighted_appendix_diagnostic
dense_dnn	0.44056533133657805	0.8105387169326336	0.512869119644165	unweighted_appendix_diagnostic
dense_dnn	0.4419692998876825	0.8120381278783335	0.5110777616500854	unweighted_appendix_diagnostic
dense_dnn	0.44393485585922876	0.8137517403877048	0.508417546749115	unweighted_appendix_diagnostic
dense_dnn	0.4452920254586297	0.8150369497697333	0.5062239170074463	unweighted_appendix_diagnostic
dense_dnn	0.4480999625608386	0.8164292599335975	0.5031368136405945	unweighted_appendix_diagnostic
dense_dnn	0.4502995132909023	0.8178215700974617	0.5003196597099304	unweighted_appendix_diagnostic
dense_dnn	0.4520310745039311	0.8194280818249973	0.49797487258911133	unweighted_appendix_diagnostic
dense_dnn	0.4563365780606514	0.8209274927706972	0.4939241409301758	unweighted_appendix_diagnostic
dense_dnn	0.4583957319356046	0.8224269037163972	0.49123695492744446	unweighted_appendix_diagnostic
dense_dnn	0.46096967427929614	0.8238192138802614	0.48745062947273254	unweighted_appendix_diagnostic
dense_dnn	0.46429239985024334	0.8249973224804541	0.48293009400367737	unweighted_appendix_diagnostic
dense_dnn	0.46593036315986525	0.8266038342079898	0.48064276576042175	unweighted_appendix_diagnostic
dense_dnn	0.46906589292399853	0.8282103459355253	0.4763423502445221	unweighted_appendix_diagnostic
dense_dnn	0.47210782478472485	0.8296026560993895	0.4731592535972595	unweighted_appendix_diagnostic
dense_dnn	0.47505615874204415	0.8312091678269251	0.4689845144748688	unweighted_appendix_diagnostic
dense_dnn	0.47730250842381133	0.8328156795544608	0.4664909243583679	unweighted_appendix_diagnostic
dense_dnn	0.47936166229876453	0.8344221912819964	0.4631759822368622	unweighted_appendix_diagnostic
dense_dnn	0.4822631973043804	0.8354931991003535	0.4597521424293518	unweighted_appendix_diagnostic
dense_dnn	0.4842755522276301	0.8367784084823819	0.45693549513816833	unweighted_appendix_diagnostic
dense_dnn	0.48619430924747287	0.8383849202099175	0.4543863832950592	unweighted_appendix_diagnostic
dense_dnn	0.4885810557843504	0.8397772303737817	0.45054271817207336	unweighted_appendix_diagnostic
dense_dnn	0.4930269561961812	0.8409553389739746	0.4453582167625427	unweighted_appendix_diagnostic
dense_dnn	0.49466491950580305	0.8423476491378387	0.4425576627254486	unweighted_appendix_diagnostic
dense_dnn	0.4976600524148259	0.8436328585198672	0.4385913014411926	unweighted_appendix_diagnostic
dense_dnn	0.5005147884687383	0.8450251686837313	0.4353613555431366	unweighted_appendix_diagnostic
dense_dnn	0.5031355297641333	0.846631680411267	0.43214577436447144	unweighted_appendix_diagnostic
dense_dnn	0.5049138899288655	0.848131091356967	0.42899447679519653	unweighted_appendix_diagnostic
dense_dnn	0.5064582553350805	0.849202099175324	0.42622897028923035	unweighted_appendix_diagnostic
dense_dnn	0.509125795582179	0.8503802077755168	0.422712504863739	unweighted_appendix_diagnostic
dense_dnn	0.5110913515537252	0.8518796187212166	0.4199404716491699	unweighted_appendix_diagnostic
dense_dnn	0.5144608760763759	0.8531648281032451	0.41585496068000793	unweighted_appendix_diagnostic
dense_dnn	0.5172688131785848	0.8544500374852736	0.412171334028244	unweighted_appendix_diagnostic
dense_dnn	0.5191875701984275	0.8556281460854664	0.4094927906990051	unweighted_appendix_diagnostic
dense_dnn	0.5212935230250842	0.8566991539038235	0.40654638409614563	unweighted_appendix_diagnostic
dense_dnn	0.5230718831898166	0.8577701617221806	0.40447428822517395	unweighted_appendix_diagnostic
dense_dnn	0.5259734181954324	0.859055371104209	0.400715708732605	unweighted_appendix_diagnostic
dense_dnn	0.5291089479595658	0.8607689836135803	0.39654210209846497	unweighted_appendix_diagnostic
dense_dnn	0.5309341070760015	0.8618399914319375	0.3942252993583679	unweighted_appendix_diagnostic
dense_dnn	0.5337888431299139	0.8629109992502946	0.39108359813690186	unweighted_appendix_diagnostic
dense_dnn	0.5369711718457506	0.8646246117596659	0.3860456645488739	unweighted_appendix_diagnostic
dense_dnn	0.5402470984649944	0.8659098211416943	0.38185417652130127	unweighted_appendix_diagnostic
dense_dnn	0.5417914638712092	0.8671950305237228	0.37951862812042236	unweighted_appendix_diagnostic
dense_dnn	0.5429146387120929	0.8691228445967656	0.3774788975715637	unweighted_appendix_diagnostic
dense_dnn	0.5455821789591914	0.8703009531969583	0.3739605247974396	unweighted_appendix_diagnostic
dense_dnn	0.5496068888056908	0.8714790617971511	0.3700402081012726	unweighted_appendix_diagnostic
dense_dnn	0.5515256458255335	0.8726571703973439	0.3670121133327484	unweighted_appendix_diagnostic
dense_dnn	0.5535380007487832	0.8743707829067152	0.3644848167896271	unweighted_appendix_diagnostic
dense_dnn	0.5562523399475852	0.8754417907250723	0.36085447669029236	unweighted_appendix_diagnostic
dense_dnn	0.5592006739049046	0.8768341008889365	0.35646021366119385	unweighted_appendix_diagnostic
dense_dnn	0.5619150131037065	0.8779051087072935	0.3525454103946686	unweighted_appendix_diagnostic
dense_dnn	0.5643953575439911	0.8797258219985006	0.34899407625198364	unweighted_appendix_diagnostic
dense_dnn	0.567016098839386	0.8813323337260363	0.344890296459198	unweighted_appendix_diagnostic
dense_dnn	0.5701984275552228	0.8826175431080647	0.3413182199001312	unweighted_appendix_diagnostic
dense_dnn	0.5736615499812804	0.8837956517082575	0.3368315100669861	unweighted_appendix_diagnostic
dense_dnn	0.5764694870834893	0.8849737603084502	0.3330193758010864	unweighted_appendix_diagnostic
dense_dnn	0.5791370273305878	0.8860447681268073	0.3293802738189697	unweighted_appendix_diagnostic
dense_dnn	0.582459752901535	0.8874370782906715	0.32570788264274597	unweighted_appendix_diagnostic
dense_dnn	0.5852208910520404	0.8887222876727	0.3215540945529938	unweighted_appendix_diagnostic
dense_dnn	0.5874672407338075	0.8903287994002356	0.3180161714553833	unweighted_appendix_diagnostic
dense_dnn	0.5900411830774991	0.8918282103459355	0.3137550950050354	unweighted_appendix_diagnostic
dense_dnn	0.593036315986522	0.8932205205097997	0.3108542859554291	unweighted_appendix_diagnostic
dense_dnn	0.5949550730063646	0.8946128306736639	0.3079879581928253	unweighted_appendix_diagnostic
dense_dnn	0.5970142268813179	0.8960051408375281	0.304822713136673	unweighted_appendix_diagnostic
dense_dnn	0.5988861849494571	0.8976116525650637	0.3013252019882202	unweighted_appendix_diagnostic
dense_dnn	0.6012729314863348	0.8986826603834208	0.29799383878707886	unweighted_appendix_diagnostic
dense_dnn	0.6038000748783228	0.9003962728927921	0.2944776117801666	unweighted_appendix_diagnostic
dense_dnn	0.6077779857731187	0.9017885830566563	0.2903527021408081	unweighted_appendix_diagnostic
dense_dnn	0.6111943092474729	0.9032879940023563	0.28592827916145325	unweighted_appendix_diagnostic
dense_dnn	0.6145638337701236	0.9046803041662204	0.2806585431098938	unweighted_appendix_diagnostic
dense_dnn	0.6162485960314489	0.9060726143300846	0.2782648801803589	unweighted_appendix_diagnostic
dense_dnn	0.6191033320853613	0.9075720252757845	0.27411726117134094	unweighted_appendix_diagnostic
dense_dnn	0.6213028828154249	0.9091785370033201	0.27138975262641907	unweighted_appendix_diagnostic
dense_dnn	0.6244852115312617	0.9105708471671843	0.2666606903076172	unweighted_appendix_diagnostic
dense_dnn	0.6289779108947959	0.9116418549855414	0.26135218143463135	unweighted_appendix_diagnostic
dense_dnn	0.6332366154998128	0.9127128628038985	0.25656023621559143	unweighted_appendix_diagnostic
dense_dnn	0.636465743167353	0.913998072185927	0.25266823172569275	unweighted_appendix_diagnostic
dense_dnn	0.6393672781729689	0.9151761807861197	0.24912725389003754	unweighted_appendix_diagnostic
dense_dnn	0.6431579932609509	0.9164613901681482	0.24481992423534393	unweighted_appendix_diagnostic
dense_dnn	0.6453575439910146	0.917639498768341	0.24177846312522888	unweighted_appendix_diagnostic
dense_dnn	0.6475570947210783	0.9189247081503695	0.2382282167673111	unweighted_appendix_diagnostic
dense_dnn	0.6513010108573568	0.9203170183142337	0.23395541310310364	unweighted_appendix_diagnostic
dense_dnn	0.6543897416697866	0.9214951269144265	0.23023352026939392	unweighted_appendix_diagnostic
dense_dnn	0.6586016473231	0.922780336296455	0.22520214319229126	unweighted_appendix_diagnostic
dense_dnn	0.6624859603144889	0.9241726464603192	0.22062622010707855	unweighted_appendix_diagnostic
dense_dnn	0.6663234743541745	0.9256720574060191	0.21603623032569885	unweighted_appendix_diagnostic
dense_dnn	0.6685230250842381	0.9268501660062118	0.2129252403974533	unweighted_appendix_diagnostic
dense_dnn	0.6704885810557843	0.928242476170076	0.21087060868740082	unweighted_appendix_diagnostic
dense_dnn	0.6733433171096967	0.9293134839884332	0.20749028027057648	unweighted_appendix_diagnostic
dense_dnn	0.6772744290527892	0.9303844918067902	0.20228777825832367	unweighted_appendix_diagnostic
dense_dnn	0.6805503556720329	0.9317768019706544	0.19856050610542297	unweighted_appendix_diagnostic
dense_dnn	0.6833582927742419	0.9328478097890115	0.19535981118679047	unweighted_appendix_diagnostic
dense_dnn	0.6868214152002995	0.9343472207347113	0.19104386866092682	unweighted_appendix_diagnostic
dense_dnn	0.6896761512542119	0.9354182285530684	0.1872968077659607	unweighted_appendix_diagnostic
dense_dnn	0.6940752527143392	0.9368105387169327	0.18271571397781372	unweighted_appendix_diagnostic
dense_dnn	0.6978191688506178	0.9379886473171254	0.1784236580133438	unweighted_appendix_diagnostic
dense_dnn	0.7016566828903033	0.9391667559173182	0.17458093166351318	unweighted_appendix_diagnostic
dense_dnn	0.7051198053163609	0.9402377637356752	0.17081688344478607	unweighted_appendix_diagnostic
dense_dnn	0.7066173717708724	0.9415229731177037	0.16853836178779602	unweighted_appendix_diagnostic
dense_dnn	0.7112972669412205	0.9428081824997322	0.16305990517139435	unweighted_appendix_diagnostic
dense_dnn	0.7146199925121677	0.943986291099925	0.15941646695137024	unweighted_appendix_diagnostic
dense_dnn	0.718925496068888	0.945485702045625	0.15481527149677277	unweighted_appendix_diagnostic
dense_dnn	0.7223418195432423	0.9466638106458177	0.15163001418113708	unweighted_appendix_diagnostic
dense_dnn	0.725617746162486	0.9477348184641747	0.14786778390407562	unweighted_appendix_diagnostic
dense_dnn	0.7311400224634969	0.9490200278462033	0.1429852396249771	unweighted_appendix_diagnostic
dense_dnn	0.7349775365031823	0.9501981364463961	0.13887225091457367	unweighted_appendix_diagnostic
dense_dnn	0.7393298390116061	0.9514833458284245	0.13397423923015594	unweighted_appendix_diagnostic
dense_dnn	0.7430269561961812	0.9525543536467816	0.13070890307426453	unweighted_appendix_diagnostic
dense_dnn	0.7463964807188319	0.9538395630288101	0.12733058631420135	unweighted_appendix_diagnostic
dense_dnn	0.7502807937102209	0.9550176716290029	0.12367421388626099	unweighted_appendix_diagnostic
dense_dnn	0.7551010857356795	0.9561957802291957	0.11961739510297775	unweighted_appendix_diagnostic
dense_dnn	0.7584706102583302	0.9572667880475527	0.1171458512544632	unweighted_appendix_diagnostic
dense_dnn	0.7624017222014227	0.9584448966477456	0.114178366959095	unweighted_appendix_diagnostic
dense_dnn	0.7675496068888057	0.9596230052479383	0.10976433008909225	unweighted_appendix_diagnostic
dense_dnn	0.7705447397978286	0.9606940130662954	0.1067018210887909	unweighted_appendix_diagnostic
dense_dnn	0.7764882066641707	0.9618721216664882	0.10177239775657654	unweighted_appendix_diagnostic
dense_dnn	0.781963684013478	0.9630502302666809	0.09729813784360886	unweighted_appendix_diagnostic
dense_dnn	0.7870179707974542	0.9640141373032023	0.09255797415971756	unweighted_appendix_diagnostic
dense_dnn	0.7904810932235118	0.9651922459033951	0.08994696289300919	unweighted_appendix_diagnostic
dense_dnn	0.795254586297267	0.9664774552854236	0.08594406396150589	unweighted_appendix_diagnostic
dense_dnn	0.7997940846125047	0.9676555638856164	0.0822494775056839	unweighted_appendix_diagnostic
dense_dnn	0.8050823661549982	0.9687265717039735	0.07813901454210281	unweighted_appendix_diagnostic
dense_dnn	0.8084986896293523	0.9699046803041662	0.07524289935827255	unweighted_appendix_diagnostic
dense_dnn	0.8140677648820667	0.9711898896861947	0.07080719619989395	unweighted_appendix_diagnostic
dense_dnn	0.8177180831149382	0.9723679982863875	0.06820540875196457	unweighted_appendix_diagnostic
dense_dnn	0.8224915761886934	0.9734390061047445	0.06460131704807281	unweighted_appendix_diagnostic
dense_dnn	0.8267502807937103	0.9746171147049374	0.06110578402876854	unweighted_appendix_diagnostic
dense_dnn	0.8327873455634593	0.9760094248688015	0.05701526626944542	unweighted_appendix_diagnostic
dense_dnn	0.8368120554099588	0.9772946342508301	0.05415917932987213	unweighted_appendix_diagnostic
dense_dnn	0.8427087233245976	0.9784727428510228	0.05041041597723961	unweighted_appendix_diagnostic
dense_dnn	0.8482777985773119	0.9796508514512156	0.047169819474220276	unweighted_appendix_diagnostic
dense_dnn	0.855672032946462	0.9807218592695727	0.04254967346787453	unweighted_appendix_diagnostic
dense_dnn	0.8606795207787346	0.9818999678697654	0.03943415731191635	unweighted_appendix_diagnostic
dense_dnn	0.8692437289404717	0.9829709756881225	0.03458090499043465	unweighted_appendix_diagnostic
dense_dnn	0.8738300262074129	0.9840419835064796	0.03189151734113693	unweighted_appendix_diagnostic
dense_dnn	0.8806626731561213	0.9851129913248367	0.028792057186365128	unweighted_appendix_diagnostic
dense_dnn	0.8904904530138524	0.9862910999250295	0.023914216086268425	unweighted_appendix_diagnostic
dense_dnn	0.8964339198801947	0.9874692085252222	0.021684786304831505	unweighted_appendix_diagnostic
dense_dnn	0.9005054286783976	0.9885402163435794	0.01970873773097992	unweighted_appendix_diagnostic
dense_dnn	0.9078528640958442	0.9899325265074435	0.01711808517575264	unweighted_appendix_diagnostic
dense_dnn	0.9150599026581805	0.9910035343258006	0.014285720884799957	unweighted_appendix_diagnostic
dense_dnn	0.9211437663796331	0.992288743707829	0.012590194121003151	unweighted_appendix_diagnostic
dense_dnn	0.9269468363908648	0.9933597515261862	0.01068514958024025	unweighted_appendix_diagnostic
dense_dnn	0.9374298015724448	0.9945378601263789	0.007683748845010996	unweighted_appendix_diagnostic
dense_dnn	0.940846125046799	0.995608867944736	0.006844240706413984	unweighted_appendix_diagnostic
dense_dnn	0.9491295394983152	0.996679875763093	0.005194500554352999	unweighted_appendix_diagnostic
dense_dnn	0.9598464994384126	0.9978579843632859	0.0032118461094796658	unweighted_appendix_diagnostic
dense_dnn	0.9812804193186072	0.9989289921816429	0.0007132527534849942	unweighted_appendix_diagnostic
dense_dnn	1.0	1.0	3.861354791467875e-09	unweighted_appendix_diagnostic
lbn_dnn	0.0	0.0	inf	unweighted_appendix_diagnostic
lbn_dnn	0.0005615874204417821	0.009317768019706544	0.9946650266647339	unweighted_appendix_diagnostic
lbn_dnn	0.0011231748408835642	0.01649352040269894	0.9916658997535706	unweighted_appendix_diagnostic
lbn_dnn	0.0017315612130288283	0.020884652457962942	0.9897364377975464	unweighted_appendix_diagnostic
lbn_dnn	0.0025271433919880197	0.025811288422405484	0.9874990582466125	unweighted_appendix_diagnostic
lbn_dnn	0.003275926619243729	0.029024311877476706	0.9858560562133789	unweighted_appendix_diagnostic
lbn_dnn	0.00407150879820292	0.0318089322052051	0.9845790863037109	unweighted_appendix_diagnostic
lbn_dnn	0.004867090977162112	0.03502195566027632	0.9833374619483948	unweighted_appendix_diagnostic
lbn_dnn	0.005756271059528266	0.040055692406554565	0.9817206859588623	unweighted_appendix_diagnostic
lbn_dnn	0.006645451141894422	0.04380421977080433	0.9801906943321228	unweighted_appendix_diagnostic
lbn_dnn	0.007394234369150131	0.04990896433543965	0.9780343174934387	unweighted_appendix_diagnostic
lbn_dnn	0.008189816548109323	0.05280068544500375	0.9771665334701538	unweighted_appendix_diagnostic
lbn_dnn	0.00889180082366155	0.05590660811823926	0.9758958220481873	unweighted_appendix_diagnostic
lbn_dnn	0.009640584050917259	0.05815572453678912	0.9751444458961487	unweighted_appendix_diagnostic
lbn_dnn	0.010389367278172969	0.06061904251901039	0.9744080901145935	unweighted_appendix_diagnostic
lbn_dnn	0.01141894421564957	0.06447467066509585	0.9728538990020752	unweighted_appendix_diagnostic
lbn_dnn	0.012261325346312243	0.06747349255649567	0.9718575477600098	unweighted_appendix_diagnostic
lbn_dnn	0.013010108573567953	0.07047231444789546	0.9710754156112671	unweighted_appendix_diagnostic
lbn_dnn	0.013712092849120179	0.07293563243011673	0.9703233242034912	unweighted_appendix_diagnostic
lbn_dnn	0.014648071883189817	0.07561315197600943	0.9693046808242798	unweighted_appendix_diagnostic
lbn_dnn	0.015396855110445525	0.07732676448538074	0.9686015844345093	unweighted_appendix_diagnostic
lbn_dnn	0.016098839385997755	0.08043268715861626	0.9676703810691833	unweighted_appendix_diagnostic
lbn_dnn	0.01708161737177087	0.08321730748634465	0.9666465520858765	unweighted_appendix_diagnostic
lbn_dnn	0.017970797454137027	0.08610902859590876	0.9655958414077759	unweighted_appendix_diagnostic
lbn_dnn	0.019000374391613627	0.08910785048730856	0.9644458293914795	unweighted_appendix_diagnostic
lbn_dnn	0.019842755522276302	0.09285637785155831	0.9633131623268127	unweighted_appendix_diagnostic
lbn_dnn	0.020404342942718083	0.09489129270643676	0.9626613855361938	unweighted_appendix_diagnostic
lbn_dnn	0.02157431673530513	0.09949662632537218	0.960831344127655	unweighted_appendix_diagnostic
lbn_dnn	0.02265069262448521	0.10238834743493627	0.9597329497337341	unweighted_appendix_diagnostic
lbn_dnn	0.023259078996630475	0.10485166541715754	0.9589173197746277	unweighted_appendix_diagnostic
lbn_dnn	0.023961063272182705	0.1072078826175431	0.9583464860916138	unweighted_appendix_diagnostic
lbn_dnn	0.02541183077499064	0.1098854021634358	0.9574050903320312	unweighted_appendix_diagnostic
lbn_dnn	0.026113815050542867	0.11352682874584985	0.9563630819320679	unweighted_appendix_diagnostic
lbn_dnn	0.027002995132909022	0.11588304594623541	0.9554002285003662	unweighted_appendix_diagnostic
lbn_dnn	0.027985773118682142	0.11941737174681376	0.954447865486145	unweighted_appendix_diagnostic
lbn_dnn	0.028828154249344814	0.12230909285637785	0.9537208080291748	unweighted_appendix_diagnostic
lbn_dnn	0.029576937476600524	0.12466531005676341	0.9530816078186035	unweighted_appendix_diagnostic
lbn_dnn	0.03023212280044927	0.12841383742101317	0.9522852301597595	unweighted_appendix_diagnostic
lbn_dnn	0.03098090602770498	0.13194816322159153	0.9514369964599609	unweighted_appendix_diagnostic
lbn_dnn	0.03182328715836765	0.13419727964014136	0.9508421421051025	unweighted_appendix_diagnostic
lbn_dnn	0.0329932609509547	0.13676769840419836	0.9499770402908325	unweighted_appendix_diagnostic
lbn_dnn	0.03406963684013478	0.13998072185926957	0.9491885900497437	unweighted_appendix_diagnostic
lbn_dnn	0.03486521901909397	0.14383635000535505	0.9482007622718811	unweighted_appendix_diagnostic
lbn_dnn	0.03552040434294272	0.14587126486023347	0.947716474533081	unweighted_appendix_diagnostic
lbn_dnn	0.036222388618494944	0.14833458284245474	0.947039008140564	unweighted_appendix_diagnostic
lbn_dnn	0.037017970797454135	0.15101210238834745	0.9463093876838684	unweighted_appendix_diagnostic
lbn_dnn	0.03786035192811681	0.15283281567955445	0.9458456635475159	unweighted_appendix_diagnostic
lbn_dnn	0.038796330962186446	0.1563671414801328	0.945081353187561	unweighted_appendix_diagnostic
lbn_dnn	0.03963871209284912	0.1591517618078612	0.9442207217216492	unweighted_appendix_diagnostic
lbn_dnn	0.040200299513290905	0.1623647852629324	0.9437406659126282	unweighted_appendix_diagnostic
lbn_dnn	0.04137027330587795	0.16514940559066082	0.9431275129318237	unweighted_appendix_diagnostic
lbn_dnn	0.04286783976038937	0.16825532826389633	0.9421555399894714	unweighted_appendix_diagnostic
lbn_dnn	0.04375701984275552	0.1705044446824462	0.9414646029472351	unweighted_appendix_diagnostic
lbn_dnn	0.04488019468363909	0.17318196422833887	0.9407285451889038	unweighted_appendix_diagnostic
lbn_dnn	0.04576937476600524	0.17532397986505302	0.9401353597640991	unweighted_appendix_diagnostic
lbn_dnn	0.04661175589666791	0.17789439862911	0.9394218921661377	unweighted_appendix_diagnostic
lbn_dnn	0.04736053912392362	0.18035771661133126	0.9389386177062988	unweighted_appendix_diagnostic
lbn_dnn	0.04829651815799326	0.1821784299025383	0.9382902979850769	unweighted_appendix_diagnostic
lbn_dnn	0.04937289404717334	0.18635536039413086	0.9372309446334839	unweighted_appendix_diagnostic
lbn_dnn	0.05044926993635342	0.1881760736853379	0.9365590810775757	unweighted_appendix_diagnostic
lbn_dnn	0.05115125421190565	0.19010388775838064	0.9359883069992065	unweighted_appendix_diagnostic
lbn_dnn	0.052227630101085734	0.19353111277712326	0.9351366758346558	unweighted_appendix_diagnostic
lbn_dnn	0.0533508049419693	0.1968512370140302	0.9344568848609924	unweighted_appendix_diagnostic
lbn_dnn	0.054333582927742416	0.19920745421441577	0.9338680505752563	unweighted_appendix_diagnostic
lbn_dnn	0.055550355672032946	0.20177787297847274	0.9331408739089966	unweighted_appendix_diagnostic
lbn_dnn	0.056767128416323476	0.20456249330620113	0.9322430491447449	unweighted_appendix_diagnostic
lbn_dnn	0.05784350430550356	0.2071329120702581	0.9316990375518799	unweighted_appendix_diagnostic
lbn_dnn	0.059013478098090606	0.21034593552532935	0.9310378432273865	unweighted_appendix_diagnostic
lbn_dnn	0.0600430550355672	0.21227374959837206	0.9304398894309998	unweighted_appendix_diagnostic
lbn_dnn	0.06144702358667166	0.21377316054407197	0.9297055602073669	unweighted_appendix_diagnostic
lbn_dnn	0.0626169973792587	0.21655778087180036	0.9290629625320435	unweighted_appendix_diagnostic
lbn_dnn	0.06345937850992138	0.2185926957266788	0.9285915493965149	unweighted_appendix_diagnostic
lbn_dnn	0.06458255335080494	0.22084181214522866	0.927979588508606	unweighted_appendix_diagnostic
lbn_dnn	0.06533133657806064	0.22309092856377852	0.9275786876678467	unweighted_appendix_diagnostic
lbn_dnn	0.06640771246724074	0.22501874263682126	0.9270368218421936	unweighted_appendix_diagnostic
lbn_dnn	0.067016098839386	0.22758916140087823	0.9264963269233704	unweighted_appendix_diagnostic
lbn_dnn	0.06846686634219394	0.23058798329227803	0.9258412718772888	unweighted_appendix_diagnostic
lbn_dnn	0.06940284537626357	0.23272999892899218	0.9250754117965698	unweighted_appendix_diagnostic
lbn_dnn	0.07015162860351928	0.23508621612937775	0.9245074391365051	unweighted_appendix_diagnostic
lbn_dnn	0.0711344065892924	0.23754953411159901	0.9239180088043213	unweighted_appendix_diagnostic
lbn_dnn	0.07263197304380382	0.2403341544393274	0.9231268763542175	unweighted_appendix_diagnostic
lbn_dnn	0.07366154998128042	0.2433329763307272	0.9222766757011414	unweighted_appendix_diagnostic
lbn_dnn	0.07478472482216399	0.24547499196744135	0.9216177463531494	unweighted_appendix_diagnostic
lbn_dnn	0.07558030700112317	0.2476170076041555	0.9210481643676758	unweighted_appendix_diagnostic
lbn_dnn	0.07660988393859977	0.2502945271500482	0.9203603863716125	unweighted_appendix_diagnostic
lbn_dnn	0.07768625982777985	0.25232944200492663	0.9198538661003113	unweighted_appendix_diagnostic
lbn_dnn	0.07894983152377387	0.25404305451429793	0.9191172122955322	unweighted_appendix_diagnostic
lbn_dnn	0.07969861475102957	0.2560779693691764	0.9186815619468689	unweighted_appendix_diagnostic
lbn_dnn	0.08058779483339573	0.2586483881332334	0.9180316925048828	unweighted_appendix_diagnostic
lbn_dnn	0.08157057281916885	0.2604691014244404	0.9174696207046509	unweighted_appendix_diagnostic
lbn_dnn	0.08278734556345937	0.2631466209703331	0.9169002771377563	unweighted_appendix_diagnostic
lbn_dnn	0.08358292774241857	0.2666809467709114	0.9162412285804749	unweighted_appendix_diagnostic
lbn_dnn	0.08522089105204043	0.27021527257148975	0.9149511456489563	unweighted_appendix_diagnostic
lbn_dnn	0.08667165855484837	0.2722501874263682	0.9144496917724609	unweighted_appendix_diagnostic
lbn_dnn	0.08760763758891801	0.2753561100996037	0.9138138294219971	unweighted_appendix_diagnostic
lbn_dnn	0.08863721452639461	0.2774981257363179	0.9131667017936707	unweighted_appendix_diagnostic
lbn_dnn	0.08961999251216773	0.28156795544607477	0.9123348593711853	unweighted_appendix_diagnostic
lbn_dnn	0.09102396106327218	0.2831744671736104	0.9117375016212463	unweighted_appendix_diagnostic
lbn_dnn	0.09186634219393486	0.28542358359216025	0.9113409519195557	unweighted_appendix_diagnostic
lbn_dnn	0.09275552227630102	0.28735139766520296	0.9107750654220581	unweighted_appendix_diagnostic
lbn_dnn	0.09364470235866716	0.28992181642925996	0.9101153016090393	unweighted_appendix_diagnostic
lbn_dnn	0.09448708348932984	0.2927064367569883	0.9094948172569275	unweighted_appendix_diagnostic
lbn_dnn	0.09546986147510296	0.29591946021205956	0.9087086915969849	unweighted_appendix_diagnostic
lbn_dnn	0.09631224260576562	0.2977401735032666	0.908160924911499	unweighted_appendix_diagnostic
lbn_dnn	0.09752901535005616	0.2992395844489665	0.907681405544281	unweighted_appendix_diagnostic
lbn_dnn	0.0984649943841258	0.30170290243118775	0.9070323705673218	unweighted_appendix_diagnostic
lbn_dnn	0.0997285660801198	0.30405911963157334	0.9064173698425293	unweighted_appendix_diagnostic
lbn_dnn	0.10117933358292774	0.3058798329227803	0.905817985534668	unweighted_appendix_diagnostic
lbn_dnn	0.10253650318232872	0.308557352468673	0.905066192150116	unweighted_appendix_diagnostic
lbn_dnn	0.10356608011980532	0.31037806575988003	0.9044274687767029	unweighted_appendix_diagnostic
lbn_dnn	0.10492324971920629	0.3125200813965942	0.9036943912506104	unweighted_appendix_diagnostic
lbn_dnn	0.1061868214152003	0.3139123915604584	0.9030949473381042	unweighted_appendix_diagnostic
lbn_dnn	0.10702920254586297	0.3157331048516654	0.9027196168899536	unweighted_appendix_diagnostic
lbn_dnn	0.10815237738674653	0.3175538181428724	0.9022287726402283	unweighted_appendix_diagnostic
lbn_dnn	0.10904155746911269	0.3201242369069294	0.9017957448959351	unweighted_appendix_diagnostic
lbn_dnn	0.11002433545488581	0.3218378494163007	0.901282548904419	unweighted_appendix_diagnostic
lbn_dnn	0.11133470610258331	0.3239798650530149	0.9007240533828735	unweighted_appendix_diagnostic
lbn_dnn	0.11227068513665293	0.3255863767805505	0.900261640548706	unweighted_appendix_diagnostic
lbn_dnn	0.11372145263946087	0.3280496947627718	0.8994613885879517	unweighted_appendix_diagnostic
lbn_dnn	0.11484462748034444	0.3300846096176502	0.8987996578216553	unweighted_appendix_diagnostic
lbn_dnn	0.11554661175589667	0.33233372603620004	0.8984712958335876	unweighted_appendix_diagnostic
lbn_dnn	0.11713777611381505	0.33490414480025704	0.897614061832428	unweighted_appendix_diagnostic
lbn_dnn	0.11863534256832647	0.33661775730962834	0.8970734477043152	unweighted_appendix_diagnostic
lbn_dnn	0.1196181205540996	0.3381171682553283	0.8966699838638306	unweighted_appendix_diagnostic
lbn_dnn	0.12078809434668664	0.3402591838920424	0.8961868286132812	unweighted_appendix_diagnostic
lbn_dnn	0.12251965555971546	0.3428296026560994	0.8952054977416992	unweighted_appendix_diagnostic
lbn_dnn	0.12364283040059902	0.34518581985648494	0.8945347666740417	unweighted_appendix_diagnostic
lbn_dnn	0.12490640209659304	0.34775623862054195	0.89383864402771	unweighted_appendix_diagnostic
lbn_dnn	0.12584238113066268	0.34936275034807757	0.8932690024375916	unweighted_appendix_diagnostic
lbn_dnn	0.12687195806813928	0.3517189675484631	0.8927362561225891	unweighted_appendix_diagnostic
lbn_dnn	0.12822912766754024	0.35375388240334155	0.8920411467552185	unweighted_appendix_diagnostic
lbn_dnn	0.12944590041183077	0.35578879725822	0.8916115760803223	unweighted_appendix_diagnostic
lbn_dnn	0.13127105952826656	0.35782371211309844	0.8908247351646423	unweighted_appendix_diagnostic
lbn_dnn	0.1330026207412954	0.35953732462246973	0.8901271224021912	unweighted_appendix_diagnostic
lbn_dnn	0.13389180082366156	0.36114383635000535	0.8895810842514038	unweighted_appendix_diagnostic
lbn_dnn	0.13492137776113816	0.3629645496412124	0.8889639377593994	unweighted_appendix_diagnostic
lbn_dnn	0.13571695994009733	0.3651065652779265	0.888458251953125	unweighted_appendix_diagnostic
lbn_dnn	0.1366061400224635	0.3670343793509693	0.8879253268241882	unweighted_appendix_diagnostic
lbn_dnn	0.13801010857356796	0.3687479918603406	0.8872394561767578	unweighted_appendix_diagnostic
lbn_dnn	0.139180082366155	0.3729249223519332	0.8863375782966614	unweighted_appendix_diagnostic
lbn_dnn	0.13997566454511418	0.3756024418978259	0.8858424425125122	unweighted_appendix_diagnostic
lbn_dnn	0.1412392362411082	0.37710185284352576	0.8851779103279114	unweighted_appendix_diagnostic
lbn_dnn	0.1427836016473231	0.3794580700439113	0.8843624591827393	unweighted_appendix_diagnostic
lbn_dnn	0.14418757019842757	0.38117168255328265	0.8837820291519165	unweighted_appendix_diagnostic
lbn_dnn	0.1450767502807937	0.3829923958444897	0.8832249045372009	unweighted_appendix_diagnostic
lbn_dnn	0.14596593036315986	0.38566991539038237	0.8827238082885742	unweighted_appendix_diagnostic
lbn_dnn	0.14680831149382254	0.38813323337260364	0.8820968866348267	unweighted_appendix_diagnostic
lbn_dnn	0.1482590789966305	0.3903823497911535	0.8813369870185852	unweighted_appendix_diagnostic
lbn_dnn	0.14938225383751405	0.39295276855521044	0.8806741237640381	unweighted_appendix_diagnostic
lbn_dnn	0.1503182328715837	0.39530898575559603	0.8801135420799255	unweighted_appendix_diagnostic
lbn_dnn	0.15130101085735678	0.39766520295598157	0.8795362710952759	unweighted_appendix_diagnostic
lbn_dnn	0.1526113815050543	0.39980721859269575	0.8789160847663879	unweighted_appendix_diagnostic
lbn_dnn	0.15429614376637962	0.402270536574917	0.8778437972068787	unweighted_appendix_diagnostic
lbn_dnn	0.15551291651067017	0.40441255221163114	0.8772590160369873	unweighted_appendix_diagnostic
lbn_dnn	0.15658929239985026	0.4070900717575238	0.8765613436698914	unweighted_appendix_diagnostic
lbn_dnn	0.15827405466117558	0.40869658348505944	0.87589430809021	unweighted_appendix_diagnostic
lbn_dnn	0.15921003369524522	0.41062439755810215	0.8753355145454407	unweighted_appendix_diagnostic
lbn_dnn	0.1605204043429427	0.4133019171039949	0.874480664730072	unweighted_appendix_diagnostic
lbn_dnn	0.16136278547360539	0.4152297311770376	0.8740019798278809	unweighted_appendix_diagnostic
lbn_dnn	0.16243916136278547	0.41758594837742313	0.8732272982597351	unweighted_appendix_diagnostic
lbn_dnn	0.16346873830026207	0.41940666166863017	0.8726188540458679	unweighted_appendix_diagnostic
lbn_dnn	0.1646387120928491	0.42165577808718	0.8720146417617798	unweighted_appendix_diagnostic
lbn_dnn	0.1657150879820292	0.4235835921602228	0.8715130090713501	unweighted_appendix_diagnostic
lbn_dnn	0.16688506177461626	0.4252972046695941	0.8708625435829163	unweighted_appendix_diagnostic
lbn_dnn	0.16786783976038935	0.4276534218699797	0.8702625036239624	unweighted_appendix_diagnostic
lbn_dnn	0.16969299887682515	0.4299025382885295	0.8693124055862427	unweighted_appendix_diagnostic
lbn_dnn	0.17076937476600523	0.4319374531434079	0.8687789440155029	unweighted_appendix_diagnostic
lbn_dnn	0.17198614751029576	0.4336510656527793	0.8681818246841431	unweighted_appendix_diagnostic
lbn_dnn	0.17329651815799327	0.4353646781621506	0.8675563335418701	unweighted_appendix_diagnostic
lbn_dnn	0.17479408461250467	0.4371853914533576	0.8667142391204834	unweighted_appendix_diagnostic
lbn_dnn	0.1760108573567952	0.4395416086537432	0.865940511226654	unweighted_appendix_diagnostic
lbn_dnn	0.17718083114938227	0.4414694227267859	0.8652915358543396	unweighted_appendix_diagnostic
lbn_dnn	0.17816360913515536	0.4433972367998286	0.8645471930503845	unweighted_appendix_diagnostic
lbn_dnn	0.17975477349307376	0.4457534540002142	0.8636462092399597	unweighted_appendix_diagnostic
lbn_dnn	0.18064395357543991	0.44789546963692833	0.8630504012107849	unweighted_appendix_diagnostic
lbn_dnn	0.1819543242231374	0.4502516868373139	0.8622391819953918	unweighted_appendix_diagnostic
lbn_dnn	0.18387308124298016	0.4519652993466852	0.8610983490943909	unweighted_appendix_diagnostic
lbn_dnn	0.18508985398727068	0.4546428188925779	0.860142707824707	unweighted_appendix_diagnostic
lbn_dnn	0.18625982777985772	0.4569990360929635	0.859443724155426	unweighted_appendix_diagnostic
lbn_dnn	0.18771059528266568	0.45924815251151335	0.8586320281028748	unweighted_appendix_diagnostic
lbn_dnn	0.1886933732684388	0.4610688658027204	0.8581610321998596	unweighted_appendix_diagnostic
lbn_dnn	0.19000374391613628	0.4627824783120917	0.8575063347816467	unweighted_appendix_diagnostic
lbn_dnn	0.19093972295020592	0.46503159473064154	0.8567615747451782	unweighted_appendix_diagnostic
lbn_dnn	0.19234369150131037	0.46695940880368425	0.8560345768928528	unweighted_appendix_diagnostic
lbn_dnn	0.1935136652938974	0.4687801220948913	0.8554120063781738	unweighted_appendix_diagnostic
lbn_dnn	0.19477723698989144	0.4708150369497697	0.8545382618904114	unweighted_appendix_diagnostic
lbn_dnn	0.1964152002995133	0.47359965727749814	0.8536365032196045	unweighted_appendix_diagnostic
lbn_dnn	0.197163983526769	0.47552747135054085	0.8532041907310486	unweighted_appendix_diagnostic
lbn_dnn	0.19856795207787345	0.4775623862054193	0.8522893190383911	unweighted_appendix_diagnostic
lbn_dnn	0.199691126918757	0.4797044018421334	0.8515787720680237	unweighted_appendix_diagnostic
lbn_dnn	0.2007207038562336	0.4814180143515048	0.8508889675140381	unweighted_appendix_diagnostic
lbn_dnn	0.20226506926244853	0.4830245260790404	0.8501613140106201	unweighted_appendix_diagnostic
lbn_dnn	0.20348184200673905	0.484631037806576	0.849571168422699	unweighted_appendix_diagnostic
lbn_dnn	0.2044178210408087	0.48698725500696155	0.848979115486145	unweighted_appendix_diagnostic
lbn_dnn	0.20572819168850617	0.48859376673449717	0.8483319282531738	unweighted_appendix_diagnostic
lbn_dnn	0.20685136652938974	0.490842883153047	0.8475437760353088	unweighted_appendix_diagnostic
lbn_dnn	0.20792774241856982	0.4936275034807754	0.8467779755592346	unweighted_appendix_diagnostic
lbn_dnn	0.20984649943841258	0.495983720681161	0.8457182049751282	unweighted_appendix_diagnostic
lbn_dnn	0.2110632721827031	0.49866124022705366	0.8448181748390198	unweighted_appendix_diagnostic
lbn_dnn	0.21274803444402846	0.5009103566456035	0.8438019156455994	unweighted_appendix_diagnostic
lbn_dnn	0.2139180082366155	0.5024097675913034	0.8432071805000305	unweighted_appendix_diagnostic
lbn_dnn	0.21504118307749906	0.5046588840098533	0.8425244092941284	unweighted_appendix_diagnostic
lbn_dnn	0.21635155372519654	0.5064795973010603	0.8417014479637146	unweighted_appendix_diagnostic
lbn_dnn	0.21812991388992886	0.5085145121559388	0.8406051993370056	unweighted_appendix_diagnostic
lbn_dnn	0.21939348558592286	0.5107636285744886	0.8399419188499451	unweighted_appendix_diagnostic
lbn_dnn	0.22117184575065518	0.5122630395201885	0.8391236066818237	unweighted_appendix_diagnostic
lbn_dnn	0.22220142268813178	0.5149405590660812	0.838445782661438	unweighted_appendix_diagnostic
lbn_dnn	0.22379258704605018	0.5166541715754525	0.837668776512146	unweighted_appendix_diagnostic
lbn_dnn	0.22519655559715462	0.5182606833029881	0.836933434009552	unweighted_appendix_diagnostic
lbn_dnn	0.22622613253463122	0.5196529934668523	0.8362929821014404	unweighted_appendix_diagnostic
lbn_dnn	0.22720891052040434	0.5226518153582521	0.8354195952415466	unweighted_appendix_diagnostic
lbn_dnn	0.2293616622987645	0.5240441255221163	0.8343584537506104	unweighted_appendix_diagnostic
lbn_dnn	0.23099962560838638	0.5264003427225019	0.8334048986434937	unweighted_appendix_diagnostic
lbn_dnn	0.23333957319356047	0.5277926528863661	0.8322358131408691	unweighted_appendix_diagnostic
lbn_dnn	0.23502433545488582	0.5291849630502302	0.8311479091644287	unweighted_appendix_diagnostic
lbn_dnn	0.23689629352302508	0.5307914747777659	0.8302134871482849	unweighted_appendix_diagnostic
lbn_dnn	0.23872145263946087	0.53293349041448	0.8290854692459106	unweighted_appendix_diagnostic
lbn_dnn	0.2401722201422688	0.5348613044875228	0.8281468152999878	unweighted_appendix_diagnostic
lbn_dnn	0.2414825907899663	0.5366820177787298	0.8272402882575989	unweighted_appendix_diagnostic
lbn_dnn	0.2430269561961812	0.5383956302881011	0.826410174369812	unweighted_appendix_diagnostic
lbn_dnn	0.24471171845750656	0.5403234443611439	0.8252574801445007	unweighted_appendix_diagnostic
lbn_dnn	0.2464432796705354	0.5426796615615294	0.8242331147193909	unweighted_appendix_diagnostic
lbn_dnn	0.2479408461250468	0.5445003748527364	0.8232652544975281	unweighted_appendix_diagnostic
lbn_dnn	0.24901722201422688	0.5462139873621077	0.8225623965263367	unweighted_appendix_diagnostic
lbn_dnn	0.2503275926619244	0.5488915069080005	0.8216801881790161	unweighted_appendix_diagnostic
lbn_dnn	0.25182515911643577	0.551247724108386	0.8205177187919617	unweighted_appendix_diagnostic
lbn_dnn	0.2535099213777611	0.5534968405269358	0.8195000886917114	unweighted_appendix_diagnostic
lbn_dnn	0.25500748783227256	0.5555317553818143	0.8185992240905762	unweighted_appendix_diagnostic
lbn_dnn	0.25608386372145264	0.5568169647638428	0.8180876970291138	unweighted_appendix_diagnostic
lbn_dnn	0.2582834144515163	0.5593873835278997	0.8168007135391235	unweighted_appendix_diagnostic
lbn_dnn	0.2593597903406964	0.5619578022919567	0.8158078789710999	unweighted_appendix_diagnostic
lbn_dnn	0.2603425683264695	0.5638856163649995	0.8151220679283142	unweighted_appendix_diagnostic
lbn_dnn	0.26151254211905656	0.5657063296562065	0.8143081665039062	unweighted_appendix_diagnostic
lbn_dnn	0.26319730438038186	0.5685980507657706	0.8131939768791199	unweighted_appendix_diagnostic
lbn_dnn	0.2647416697865968	0.5709542679661561	0.8120042681694031	unweighted_appendix_diagnostic
lbn_dnn	0.26605204043429426	0.5728820820391989	0.8109938502311707	unweighted_appendix_diagnostic
lbn_dnn	0.2674092100336952	0.5748098961122416	0.8097867965698242	unweighted_appendix_diagnostic
lbn_dnn	0.26857918382628226	0.5770590125307915	0.8089835047721863	unweighted_appendix_diagnostic
lbn_dnn	0.26951516286035193	0.5792010281675056	0.8079630732536316	unweighted_appendix_diagnostic
lbn_dnn	0.27077873455634593	0.5807004391132056	0.8071385622024536	unweighted_appendix_diagnostic
lbn_dnn	0.27251029576937474	0.5823069508407411	0.8059641122817993	unweighted_appendix_diagnostic
lbn_dnn	0.27382066641707226	0.5843418656956196	0.8049520254135132	unweighted_appendix_diagnostic
lbn_dnn	0.27569262448521153	0.5869122844596766	0.8035781979560852	unweighted_appendix_diagnostic
lbn_dnn	0.27747098464994385	0.5887329977508836	0.8024858832359314	unweighted_appendix_diagnostic
lbn_dnn	0.27920254586297266	0.5903395094784192	0.8013504147529602	unweighted_appendix_diagnostic
lbn_dnn	0.2804193186072632	0.592588625896969	0.7999637126922607	unweighted_appendix_diagnostic
lbn_dnn	0.28182328715836763	0.5943022384063403	0.7991018295288086	unweighted_appendix_diagnostic
lbn_dnn	0.28318045675776865	0.5963371532612188	0.798225998878479	unweighted_appendix_diagnostic
lbn_dnn	0.28538000748783227	0.5982649673342615	0.7964826822280884	unweighted_appendix_diagnostic
lbn_dnn	0.2870179707974541	0.5996572774981257	0.7952796220779419	unweighted_appendix_diagnostic
lbn_dnn	0.28856233620366906	0.6015850915711685	0.7938677668571472	unweighted_appendix_diagnostic
lbn_dnn	0.2911362785473605	0.6028703009531969	0.7927180528640747	unweighted_appendix_diagnostic
lbn_dnn	0.2925870460501685	0.6051194173717468	0.7915065288543701	unweighted_appendix_diagnostic
lbn_dnn	0.29417821040808684	0.606511727535611	0.7901168465614319	unweighted_appendix_diagnostic
lbn_dnn	0.2958629726694122	0.6079040376994752	0.7885937690734863	unweighted_appendix_diagnostic
lbn_dnn	0.2973137401722201	0.6100460533361893	0.7869665026664734	unweighted_appendix_diagnostic
lbn_dnn	0.2987645076750281	0.6121880689729035	0.7855550050735474	unweighted_appendix_diagnostic
lbn_dnn	0.30115125421190564	0.6147584877369605	0.7835015654563904	unweighted_appendix_diagnostic
lbn_dnn	0.3035847997004867	0.616043697118989	0.7817748785018921	unweighted_appendix_diagnostic
lbn_dnn	0.3056907525271434	0.6177573096283603	0.780320405960083	unweighted_appendix_diagnostic
lbn_dnn	0.3069543242231374	0.6200064260469101	0.7790677547454834	unweighted_appendix_diagnostic
lbn_dnn	0.308077499064021	0.6216129377744457	0.7784024477005005	unweighted_appendix_diagnostic
lbn_dnn	0.3098090602770498	0.6234336510656527	0.7767147421836853	unweighted_appendix_diagnostic
lbn_dnn	0.31144702358667165	0.6258969690478741	0.7749449014663696	unweighted_appendix_diagnostic
lbn_dnn	0.31322538375140396	0.6271821784299025	0.7739228010177612	unweighted_appendix_diagnostic
lbn_dnn	0.31481654810932236	0.6287886901574381	0.7726767063140869	unweighted_appendix_diagnostic
lbn_dnn	0.31640771246724075	0.6305023026668095	0.7712734341621399	unweighted_appendix_diagnostic
lbn_dnn	0.31827967053538003	0.6323230159580165	0.7696914076805115	unweighted_appendix_diagnostic
lbn_dnn	0.31921564956944964	0.6343579308128949	0.7683469653129578	unweighted_appendix_diagnostic
lbn_dnn	0.32099400973418196	0.6356431401949234	0.7669613361358643	unweighted_appendix_diagnostic
lbn_dnn	0.32239797828528644	0.6374638534861304	0.7656314373016357	unweighted_appendix_diagnostic
lbn_dnn	0.3237551478846874	0.6397129699046803	0.7642032504081726	unweighted_appendix_diagnostic
lbn_dnn	0.3252995132909023	0.6411052800685445	0.7631093859672546	unweighted_appendix_diagnostic
lbn_dnn	0.32693747660052414	0.6426046910142444	0.7611928582191467	unweighted_appendix_diagnostic
lbn_dnn	0.32824784724822165	0.6445325050872871	0.7597510814666748	unweighted_appendix_diagnostic
lbn_dnn	0.3297454137027331	0.6464603191603299	0.7583791613578796	unweighted_appendix_diagnostic
lbn_dnn	0.3319449644327967	0.6480668308878654	0.7565664649009705	unweighted_appendix_diagnostic
lbn_dnn	0.33288094346686636	0.6499946449609082	0.755453884601593	unweighted_appendix_diagnostic
lbn_dnn	0.33423811306626733	0.6526721645068009	0.7539714574813843	unweighted_appendix_diagnostic
lbn_dnn	0.3366716585548484	0.653743172325158	0.7516126036643982	unweighted_appendix_diagnostic
lbn_dnn	0.33826282291276677	0.6556709863982008	0.7498989105224609	unweighted_appendix_diagnostic
lbn_dnn	0.3397135904155747	0.6575988004712434	0.7481698989868164	unweighted_appendix_diagnostic
lbn_dnn	0.34121115687008613	0.6597408161079575	0.7458904385566711	unweighted_appendix_diagnostic
lbn_dnn	0.3425683264694871	0.661454428617329	0.7445357441902161	unweighted_appendix_diagnostic
lbn_dnn	0.3441594908274055	0.6630609403448645	0.7430545687675476	unweighted_appendix_diagnostic
lbn_dnn	0.3460782478472482	0.6648816536360715	0.7410885691642761	unweighted_appendix_diagnostic
lbn_dnn	0.3482309996256084	0.6667023669272786	0.7387298941612244	unweighted_appendix_diagnostic
lbn_dnn	0.34963496817671286	0.6680946770911428	0.7373987436294556	unweighted_appendix_diagnostic
lbn_dnn	0.3510857356795208	0.6700224911641856	0.7358571290969849	unweighted_appendix_diagnostic
lbn_dnn	0.3528640958442531	0.671307700546214	0.7341213822364807	unweighted_appendix_diagnostic
lbn_dnn	0.354408461250468	0.6727000107100782	0.7328832149505615	unweighted_appendix_diagnostic
lbn_dnn	0.35548483713964807	0.6740923208739423	0.7313233613967896	unweighted_appendix_diagnostic
lbn_dnn	0.3569824035941595	0.6758059333833137	0.7296671271324158	unweighted_appendix_diagnostic
lbn_dnn	0.3588075627105953	0.6779479490200279	0.7278885245323181	unweighted_appendix_diagnostic
lbn_dnn	0.36039872706851367	0.6795544607475634	0.7254253029823303	unweighted_appendix_diagnostic
lbn_dnn	0.3623174840883564	0.6810538716932634	0.7236026525497437	unweighted_appendix_diagnostic
lbn_dnn	0.36526581804567576	0.683410088893649	0.7211064100265503	unweighted_appendix_diagnostic
lbn_dnn	0.3669973792587046	0.6854450037485273	0.7193290591239929	unweighted_appendix_diagnostic
lbn_dnn	0.36812055409958816	0.6873728178215701	0.7180148959159851	unweighted_appendix_diagnostic
lbn_dnn	0.36971171845750656	0.6887651279854343	0.7160994410514832	unweighted_appendix_diagnostic
lbn_dnn	0.37270685136652937	0.690692942058477	0.7131840586662292	unweighted_appendix_diagnostic
lbn_dnn	0.3742044178210408	0.6928349576951912	0.7111824750900269	unweighted_appendix_diagnostic
lbn_dnn	0.3763103706476975	0.6952982756774124	0.7084518074989319	unweighted_appendix_diagnostic
lbn_dnn	0.37790153500561585	0.6967976866231124	0.7060210108757019	unweighted_appendix_diagnostic
lbn_dnn	0.38024148259079	0.6982970975688122	0.7037239670753479	unweighted_appendix_diagnostic
lbn_dnn	0.3821134406589292	0.6999036092963479	0.7017278671264648	unweighted_appendix_diagnostic
lbn_dnn	0.3830026207412954	0.7019385241512263	0.6999750137329102	unweighted_appendix_diagnostic
lbn_dnn	0.3848277798577312	0.703866338224269	0.697799026966095	unweighted_appendix_diagnostic
lbn_dnn	0.38674653687757393	0.7061154546428189	0.6949392557144165	unweighted_appendix_diagnostic
lbn_dnn	0.38805690752527144	0.7077219663703544	0.6930148601531982	unweighted_appendix_diagnostic
lbn_dnn	0.3897416697865968	0.7099710827889043	0.689875066280365	unweighted_appendix_diagnostic
lbn_dnn	0.3914732309996256	0.7124344007711256	0.6879177689552307	unweighted_appendix_diagnostic
lbn_dnn	0.39423436915013105	0.7140409124986612	0.684966504573822	unweighted_appendix_diagnostic
lbn_dnn	0.39704230625233994	0.7157545250080326	0.681799590587616	unweighted_appendix_diagnostic
lbn_dnn	0.39914825907899665	0.7180036414265825	0.6784877181053162	unweighted_appendix_diagnostic
lbn_dnn	0.40167540247098465	0.7197172539359538	0.675299882888794	unweighted_appendix_diagnostic
lbn_dnn	0.40401535005615874	0.7213237656634893	0.6724188327789307	unweighted_appendix_diagnostic
lbn_dnn	0.40532572070385625	0.7230373781728606	0.670548141002655	unweighted_appendix_diagnostic
lbn_dnn	0.4082740546611756	0.7245367891185606	0.6664795875549316	unweighted_appendix_diagnostic
lbn_dnn	0.4103332085361288	0.726571703973439	0.6636350154876709	unweighted_appendix_diagnostic
lbn_dnn	0.4120647697491576	0.7284995180464817	0.6606670022010803	unweighted_appendix_diagnostic
lbn_dnn	0.4142175215275178	0.7298918282103459	0.6583822965621948	unweighted_appendix_diagnostic
lbn_dnn	0.4159958816922501	0.7316054407197172	0.6557665467262268	unweighted_appendix_diagnostic
lbn_dnn	0.41711905653313364	0.7327835493199101	0.6538246870040894	unweighted_appendix_diagnostic
lbn_dnn	0.4190378135529764	0.7347113633929527	0.650193989276886	unweighted_appendix_diagnostic
lbn_dnn	0.42081617371770874	0.7363178751204884	0.6482158303260803	unweighted_appendix_diagnostic
lbn_dnn	0.42222014226881316	0.7380314876298597	0.6458579301834106	unweighted_appendix_diagnostic
lbn_dnn	0.4247472856608012	0.7402806040484096	0.641324520111084	unweighted_appendix_diagnostic
lbn_dnn	0.42615125421190564	0.7417800149941095	0.6389641761779785	unweighted_appendix_diagnostic
lbn_dnn	0.42778921752152754	0.7431723251579736	0.6365763545036316	unweighted_appendix_diagnostic
lbn_dnn	0.4304099588169225	0.7447788368855093	0.6331176161766052	unweighted_appendix_diagnostic
lbn_dnn	0.4322819168850618	0.7465995501767163	0.6296106576919556	unweighted_appendix_diagnostic
lbn_dnn	0.4345282665668289	0.7484202634679233	0.6263488531112671	unweighted_appendix_diagnostic
lbn_dnn	0.43663421939348557	0.7505622791046375	0.6228461861610413	unweighted_appendix_diagnostic
lbn_dnn	0.4384125795582179	0.7518474884866659	0.6204725503921509	unweighted_appendix_diagnostic
lbn_dnn	0.44014414077124675	0.7531326978686944	0.6178432703018188	unweighted_appendix_diagnostic
lbn_dnn	0.4423904904530139	0.7544179072507229	0.6144460439682007	unweighted_appendix_diagnostic
lbn_dnn	0.4448240359415949	0.7558102174145871	0.6119400858879089	unweighted_appendix_diagnostic
lbn_dnn	0.44622800449269934	0.7577380314876299	0.6093612909317017	unweighted_appendix_diagnostic
lbn_dnn	0.4473511793335829	0.7593445432151654	0.6070220470428467	unweighted_appendix_diagnostic
lbn_dnn	0.44908274054661174	0.7613794580700439	0.603632926940918	unweighted_appendix_diagnostic
lbn_dnn	0.4512822912766754	0.7627717682339081	0.6002359986305237	unweighted_appendix_diagnostic
lbn_dnn	0.4531074503931112	0.764271179179608	0.5975083708763123	unweighted_appendix_diagnostic
lbn_dnn	0.4548858105578435	0.7656634893434722	0.594770610332489	unweighted_appendix_diagnostic
lbn_dnn	0.45736615499812805	0.7670557995073364	0.5912188291549683	unweighted_appendix_diagnostic
lbn_dnn	0.45909771621115686	0.768662311234872	0.5873234272003174	unweighted_appendix_diagnostic
lbn_dnn	0.4605484837139648	0.7698404198350648	0.585125744342804	unweighted_appendix_diagnostic
lbn_dnn	0.46195245226506926	0.7711256292170933	0.5827746987342834	unweighted_appendix_diagnostic
lbn_dnn	0.46377761138150503	0.773053443290136	0.5801284313201904	unweighted_appendix_diagnostic
lbn_dnn	0.46508798202920254	0.7744457534540002	0.5780071020126343	unweighted_appendix_diagnostic
lbn_dnn	0.4683639086484463	0.7757309628360287	0.5728057026863098	unweighted_appendix_diagnostic
lbn_dnn	0.47051666042680645	0.7777658776909071	0.5686445236206055	unweighted_appendix_diagnostic
lbn_dnn	0.4730906027704979	0.7789439862911	0.5648854970932007	unweighted_appendix_diagnostic
lbn_dnn	0.4758049419692999	0.7808718003641426	0.5602328181266785	unweighted_appendix_diagnostic
lbn_dnn	0.4773493073755148	0.7823712113098426	0.5571046471595764	unweighted_appendix_diagnostic
lbn_dnn	0.4790808685885436	0.7838706222555425	0.5545714497566223	unweighted_appendix_diagnostic
lbn_dnn	0.4809996256083864	0.7852629324194067	0.551045298576355	unweighted_appendix_diagnostic
lbn_dnn	0.48268438786971174	0.7871907464924494	0.5471230745315552	unweighted_appendix_diagnostic
lbn_dnn	0.48436915013103704	0.7886901574381493	0.5432431697845459	unweighted_appendix_diagnostic
lbn_dnn	0.4876918757019843	0.7904037699475206	0.5380769371986389	unweighted_appendix_diagnostic
lbn_dnn	0.49092100336952454	0.7919031808932205	0.5323905944824219	unweighted_appendix_diagnostic
lbn_dnn	0.49316735305129167	0.7935096926207561	0.5286539196968079	unweighted_appendix_diagnostic
lbn_dnn	0.49503931111943095	0.7951162043482918	0.5243121385574341	unweighted_appendix_diagnostic
lbn_dnn	0.4969112691875702	0.7964014137303203	0.5205792784690857	unweighted_appendix_diagnostic
lbn_dnn	0.4989236241108199	0.7979008246760201	0.516799807548523	unweighted_appendix_diagnostic
lbn_dnn	0.5013103706476975	0.7992931348398843	0.5129303336143494	unweighted_appendix_diagnostic
lbn_dnn	0.5029015350056159	0.8013280496947628	0.5092994570732117	unweighted_appendix_diagnostic
lbn_dnn	0.5044926993635342	0.8026132590767913	0.5055807828903198	unweighted_appendix_diagnostic
lbn_dnn	0.5055222763010109	0.8049694762771769	0.5022693872451782	unweighted_appendix_diagnostic
lbn_dnn	0.5077218270310745	0.8068972903502195	0.4973638355731964	unweighted_appendix_diagnostic
lbn_dnn	0.5094065892923999	0.8083967012959195	0.4931909441947937	unweighted_appendix_diagnostic
lbn_dnn	0.5108573567952078	0.8102174145871265	0.49040573835372925	unweighted_appendix_diagnostic
lbn_dnn	0.5123549232497192	0.8123594302238406	0.4867052435874939	unweighted_appendix_diagnostic
lbn_dnn	0.5138524897042306	0.8140730427332119	0.4828537702560425	unweighted_appendix_diagnostic
lbn_dnn	0.5155840509172595	0.8162150583699261	0.4791911542415619	unweighted_appendix_diagnostic
lbn_dnn	0.518064395357544	0.8176073685337903	0.474737286567688	unweighted_appendix_diagnostic
lbn_dnn	0.5200299513290902	0.8193209810431616	0.4711252748966217	unweighted_appendix_diagnostic
lbn_dnn	0.5225102957693748	0.8207132912070259	0.4662930369377136	unweighted_appendix_diagnostic
lbn_dnn	0.5246162485960314	0.8221056013708901	0.46087899804115295	unweighted_appendix_diagnostic
lbn_dnn	0.527096593036316	0.8236050123165899	0.45541828870773315	unweighted_appendix_diagnostic
lbn_dnn	0.5285941594908274	0.8252115240441256	0.45233163237571716	unweighted_appendix_diagnostic
lbn_dnn	0.5305597154623737	0.8268180357716611	0.4479106068611145	unweighted_appendix_diagnostic
lbn_dnn	0.5322912766754024	0.8289600514083753	0.44342660903930664	unweighted_appendix_diagnostic
lbn_dnn	0.5349120179707975	0.830887865481418	0.4389662444591522	unweighted_appendix_diagnostic
lbn_dnn	0.5368307749906402	0.8324943772089536	0.43408533930778503	unweighted_appendix_diagnostic
lbn_dnn	0.5388899288655934	0.8338866873728178	0.42872846126556396	unweighted_appendix_diagnostic
lbn_dnn	0.5414170722575814	0.8353860983185177	0.4232594668865204	unweighted_appendix_diagnostic
lbn_dnn	0.543710220891052	0.8369926100460533	0.4186013638973236	unweighted_appendix_diagnostic
lbn_dnn	0.5448333957319356	0.8384920209917532	0.41582193970680237	unweighted_appendix_diagnostic
lbn_dnn	0.5473137401722201	0.8398843311556174	0.4106900095939636	unweighted_appendix_diagnostic
lbn_dnn	0.548951703481842	0.8413837421013174	0.4063873291015625	unweighted_appendix_diagnostic
lbn_dnn	0.5507768625982778	0.8428831530470172	0.4016551077365875	unweighted_appendix_diagnostic
lbn_dnn	0.5532104080868588	0.8444896647745529	0.39678114652633667	unweighted_appendix_diagnostic
lbn_dnn	0.5559715462373643	0.8459890757202527	0.3906700611114502	unweighted_appendix_diagnostic
lbn_dnn	0.5581242980157245	0.8473813858841169	0.3860342800617218	unweighted_appendix_diagnostic
lbn_dnn	0.5606514414077125	0.8488807968298169	0.3804902732372284	unweighted_appendix_diagnostic
lbn_dnn	0.56196181205541	0.8501660062118453	0.3768860697746277	unweighted_appendix_diagnostic
lbn_dnn	0.5641613627854736	0.8516654171575453	0.37049639225006104	unweighted_appendix_diagnostic
lbn_dnn	0.5657993260950954	0.8534861304487523	0.3668248653411865	unweighted_appendix_diagnostic
lbn_dnn	0.5686072631973044	0.8549855413944522	0.3613993525505066	unweighted_appendix_diagnostic
lbn_dnn	0.5720235866716585	0.8566991539038235	0.35353440046310425	unweighted_appendix_diagnostic
lbn_dnn	0.5738487457880943	0.8581985648495234	0.34919849038124084	unweighted_appendix_diagnostic
lbn_dnn	0.5774522650692624	0.8595908750133876	0.3427188992500305	unweighted_appendix_diagnostic
lbn_dnn	0.5793242231374017	0.8613044875227589	0.33831968903541565	unweighted_appendix_diagnostic
lbn_dnn	0.5814769749157619	0.8629109992502946	0.33251240849494934	unweighted_appendix_diagnostic
lbn_dnn	0.5839573193560464	0.8643033094141587	0.32798516750335693	unweighted_appendix_diagnostic
lbn_dnn	0.5866716585548484	0.8661240227053657	0.32090961933135986	unweighted_appendix_diagnostic
lbn_dnn	0.5880756271059528	0.8679447359965727	0.3162216246128082	unweighted_appendix_diagnostic
lbn_dnn	0.5903687757394235	0.8694441469422727	0.3097001314163208	unweighted_appendix_diagnostic
lbn_dnn	0.5951422688131786	0.8709435578879726	0.2996383309364319	unweighted_appendix_diagnostic
lbn_dnn	0.5972482216398353	0.8725500696155082	0.2950587570667267	unweighted_appendix_diagnostic
lbn_dnn	0.5998689629352303	0.8743707829067152	0.28924524784088135	unweighted_appendix_diagnostic
lbn_dnn	0.603051291651067	0.8759772946342508	0.2810049057006836	unweighted_appendix_diagnostic
lbn_dnn	0.6060464245600898	0.877369604798115	0.2752199172973633	unweighted_appendix_diagnostic
lbn_dnn	0.60819917633845	0.8789761165256507	0.2711987793445587	unweighted_appendix_diagnostic
lbn_dnn	0.6114751029576937	0.8803684266895149	0.26406875252723694	unweighted_appendix_diagnostic
lbn_dnn	0.6141894421564957	0.8821891399807219	0.2579672634601593	unweighted_appendix_diagnostic
lbn_dnn	0.6163421939348559	0.8836885509264217	0.2541438937187195	unweighted_appendix_diagnostic
lbn_dnn	0.6182609509546986	0.8852950626539574	0.24982935190200806	unweighted_appendix_diagnostic
lbn_dnn	0.6219580681392737	0.8867944735996572	0.2409495711326599	unweighted_appendix_diagnostic
lbn_dnn	0.6248596031448895	0.8885080861090286	0.23490631580352783	unweighted_appendix_diagnostic
lbn_dnn	0.6270123549232497	0.8900074970547285	0.2299194633960724	unweighted_appendix_diagnostic
lbn_dnn	0.6295862972669413	0.891292706436757	0.22365394234657288	unweighted_appendix_diagnostic
lbn_dnn	0.632581430175964	0.8927921173824569	0.2177627831697464	unweighted_appendix_diagnostic
lbn_dnn	0.6353425683264695	0.8945057298918282	0.21259517967700958	unweighted_appendix_diagnostic
lbn_dnn	0.6382441033320854	0.895683838492021	0.2063881754875183	unweighted_appendix_diagnostic
lbn_dnn	0.6422220142268813	0.8972903502195566	0.19769462943077087	unweighted_appendix_diagnostic
lbn_dnn	0.6435791838262823	0.8991110635107636	0.19499078392982483	unweighted_appendix_diagnostic
lbn_dnn	0.6469955073006365	0.9009317768019707	0.18800416588783264	unweighted_appendix_diagnostic
lbn_dnn	0.649475851740921	0.9024311877476705	0.18354730308055878	unweighted_appendix_diagnostic
lbn_dnn	0.6527517783601647	0.9042519010388775	0.17831845581531525	unweighted_appendix_diagnostic
lbn_dnn	0.6548109322351179	0.9055371104209061	0.17446433007717133	unweighted_appendix_diagnostic
lbn_dnn	0.656963684013478	0.9075720252757845	0.16939206421375275	unweighted_appendix_diagnostic
lbn_dnn	0.6601928116810184	0.9090714362214845	0.16384601593017578	unweighted_appendix_diagnostic
lbn_dnn	0.6622051666042681	0.9107850487308558	0.16007430851459503	unweighted_appendix_diagnostic
lbn_dnn	0.66491950580307	0.91217735889472	0.15544170141220093	unweighted_appendix_diagnostic
lbn_dnn	0.6672594533882441	0.9133554674949127	0.15184766054153442	unweighted_appendix_diagnostic
lbn_dnn	0.6732029202545863	0.9146406768769412	0.14303827285766602	unweighted_appendix_diagnostic
lbn_dnn	0.6781168101834519	0.9162471886044768	0.13534420728683472	unweighted_appendix_diagnostic
lbn_dnn	0.6805035567203295	0.9175323979865053	0.13110150396823883	unweighted_appendix_diagnostic
lbn_dnn	0.6831242980157245	0.9187105065866981	0.12694913148880005	unweighted_appendix_diagnostic
lbn_dnn	0.6878041931860727	0.9201028167505623	0.11995069682598114	unweighted_appendix_diagnostic
lbn_dnn	0.6908929239985024	0.9216022276962622	0.11573993414640427	unweighted_appendix_diagnostic
lbn_dnn	0.6947304380381879	0.923101638641962	0.11056019365787506	unweighted_appendix_diagnostic
lbn_dnn	0.6961812055409958	0.9244939488058262	0.10742121934890747	unweighted_appendix_diagnostic
lbn_dnn	0.7002059153874953	0.9261004605333619	0.10195909440517426	unweighted_appendix_diagnostic
lbn_dnn	0.7043242231374017	0.9277069722608975	0.09630826115608215	unweighted_appendix_diagnostic
lbn_dnn	0.7091913141145638	0.9290992824247617	0.09093662351369858	unweighted_appendix_diagnostic
lbn_dnn	0.7132160239610633	0.9302773910249544	0.08649349212646484	unweighted_appendix_diagnostic
lbn_dnn	0.7156495694496443	0.9317768019706544	0.08326272666454315	unweighted_appendix_diagnostic
lbn_dnn	0.7191594908274055	0.9329549105708471	0.07889285683631897	unweighted_appendix_diagnostic
lbn_dnn	0.7225290153500562	0.9344543215165471	0.07500062137842178	unweighted_appendix_diagnostic
lbn_dnn	0.7265069262448521	0.9356324301167398	0.07161861658096313	unweighted_appendix_diagnostic
lbn_dnn	0.7309528266566829	0.9369176394987684	0.06719401478767395	unweighted_appendix_diagnostic
lbn_dnn	0.7346031448895545	0.9382028488807969	0.06386473774909973	unweighted_appendix_diagnostic
lbn_dnn	0.7375514788468738	0.9398093606083324	0.06124769523739815	unweighted_appendix_diagnostic
lbn_dnn	0.741061400224635	0.9413087715540324	0.05835791677236557	unweighted_appendix_diagnostic
lbn_dnn	0.7438693373268439	0.9427010817178966	0.05584460869431496	unweighted_appendix_diagnostic
lbn_dnn	0.7476600524148259	0.943986291099925	0.053152184933423996	unweighted_appendix_diagnostic
lbn_dnn	0.7505147884687383	0.9458070043911321	0.04971690848469734	unweighted_appendix_diagnostic
lbn_dnn	0.7524803444402846	0.9471993145549963	0.047931332141160965	unweighted_appendix_diagnostic
lbn_dnn	0.757581430175964	0.9486987255006961	0.04404003545641899	unweighted_appendix_diagnostic
lbn_dnn	0.7632441033320854	0.9503052372282318	0.0392284020781517	unweighted_appendix_diagnostic
lbn_dnn	0.7685791838262823	0.9515904466102603	0.036124199628829956	unweighted_appendix_diagnostic
lbn_dnn	0.7714807188318982	0.9528756559922887	0.03408605605363846	unweighted_appendix_diagnostic
lbn_dnn	0.7780793710220891	0.9540537645924815	0.030382227152585983	unweighted_appendix_diagnostic
lbn_dnn	0.7825252714339199	0.9553389739745101	0.028134534135460854	unweighted_appendix_diagnostic
lbn_dnn	0.786128790715088	0.9569454857020456	0.0260050930082798	unweighted_appendix_diagnostic
lbn_dnn	0.7919786596780232	0.9582306950840741	0.022675972431898117	unweighted_appendix_diagnostic
lbn_dnn	0.7950205915387495	0.959730106029774	0.021547550335526466	unweighted_appendix_diagnostic
lbn_dnn	0.7993260950954698	0.9611224161936383	0.019236072897911072	unweighted_appendix_diagnostic
lbn_dnn	0.8034444028453762	0.9626218271393381	0.017428025603294373	unweighted_appendix_diagnostic
lbn_dnn	0.8074691126918757	0.9640141373032023	0.016395386308431625	unweighted_appendix_diagnostic
lbn_dnn	0.8114938225383751	0.9652993466852308	0.014652904123067856	unweighted_appendix_diagnostic
lbn_dnn	0.8148165481093224	0.9667987576309307	0.013252170756459236	unweighted_appendix_diagnostic
lbn_dnn	0.8181392736802695	0.9681910677947949	0.01210079062730074	unweighted_appendix_diagnostic
lbn_dnn	0.8211344065892924	0.9694762771768234	0.011148585937917233	unweighted_appendix_diagnostic
lbn_dnn	0.8246443279670536	0.9708685873406876	0.010195581242442131	unweighted_appendix_diagnostic
lbn_dnn	0.8302602021714713	0.9721537967227161	0.008882271125912666	unweighted_appendix_diagnostic
lbn_dnn	0.8355016847622613	0.9733319053229088	0.007824243046343327	unweighted_appendix_diagnostic
lbn_dnn	0.8378884312991389	0.974724215486773	0.007152772042900324	unweighted_appendix_diagnostic
lbn_dnn	0.8444402845376263	0.9760094248688015	0.005987681448459625	unweighted_appendix_diagnostic
lbn_dnn	0.849354174466492	0.9771875334689943	0.005180304870009422	unweighted_appendix_diagnostic
lbn_dnn	0.8536596780232123	0.9786869444146943	0.004448683932423592	unweighted_appendix_diagnostic
lbn_dnn	0.8588075627105953	0.9799721537967228	0.003794378135353327	unweighted_appendix_diagnostic
lbn_dnn	0.8642830400599026	0.9814715647424226	0.00313189416192472	unweighted_appendix_diagnostic
lbn_dnn	0.8710220891052041	0.9828638749062868	0.0023955306969583035	unweighted_appendix_diagnostic
lbn_dnn	0.8758891800823662	0.984256185070151	0.002000359119847417	unweighted_appendix_diagnostic
lbn_dnn	0.8809434668663422	0.9855413944521795	0.0016183587722480297	unweighted_appendix_diagnostic
lbn_dnn	0.8873549232497192	0.9869337046160437	0.0012081866152584553	unweighted_appendix_diagnostic
lbn_dnn	0.8911924372894047	0.9885402163435794	0.0009964272612705827	unweighted_appendix_diagnostic
lbn_dnn	0.8971827031074504	0.9897183249437721	0.0007608620217069983	unweighted_appendix_diagnostic
lbn_dnn	0.9076656682890303	0.9908964335439648	0.0004489611310418695	unweighted_appendix_diagnostic
lbn_dnn	0.9155746911269188	0.992288743707829	0.0002949557383544743	unweighted_appendix_diagnostic
lbn_dnn	0.927929614376638	0.9935739530898575	0.0001413090358255431	unweighted_appendix_diagnostic
lbn_dnn	0.9375701984275552	0.994859162471886	7.411171100102365e-05	unweighted_appendix_diagnostic
lbn_dnn	0.9450112317484088	0.9963585734175859	3.946395736420527e-05	unweighted_appendix_diagnostic
lbn_dnn	0.9540434294271808	0.9975366820177787	1.7676406059763394e-05	unweighted_appendix_diagnostic
lbn_dnn	0.9735117933358293	0.9988218913998073	1.0625477671055705e-06	unweighted_appendix_diagnostic
lbn_dnn	1.0	1.0	3.278787998613005e-29	unweighted_appendix_diagnostic
cut_operating_point	0.300215275177836	0.6166863018100032	-34.0	unweighted_appendix_diagnostic
