model	target_signal_efficiency	classifier_threshold	selected_signal_rows	selected_signal_yield	selected_ordinary_background_rows	selected_ordinary_background_yield	selected_transferred_qcd_rows	selected_transferred_qcd_sources	selected_transferred_qcd_yield	selected_transferred_qcd_neff	selected_direct_qcd_closure_rows	selected_direct_qcd_closure_sources	selected_direct_qcd_closure_yield	selected_direct_qcd_closure_neff	background_yield	background_neff	direct_qcd_nonclosure_factor	normalization_region_envelope	transfer_factor_statistical_relative	multijet_nuisance_absolute	nominal_asimov_ZA	raw_systematic_aware_asimov_ZA	raw_systematic_finite	support_pass	support_failure_reason	background_rejection_bootstrap_mean	background_rejection_bootstrap_median	background_rejection_bootstrap_p16	background_rejection_bootstrap_p84	background_rejection_bootstrap_p2p5	background_rejection_bootstrap_p97p5	background_rejection_valid_replicas	background_rejection_invalid_replicas	background_rejection_invalid_reason_counts_json	nominal_ZA_bootstrap_mean	nominal_ZA_bootstrap_median	nominal_ZA_bootstrap_p16	nominal_ZA_bootstrap_p84	nominal_ZA_bootstrap_p2p5	nominal_ZA_bootstrap_p97p5	nominal_ZA_valid_replicas	nominal_ZA_invalid_replicas	nominal_ZA_invalid_reason_counts_json	systematic_ZA_bootstrap_mean	systematic_ZA_bootstrap_median	systematic_ZA_bootstrap_p16	systematic_ZA_bootstrap_p84	systematic_ZA_bootstrap_p2p5	systematic_ZA_bootstrap_p97p5	systematic_ZA_valid_replicas	systematic_ZA_invalid_replicas	systematic_ZA_invalid_reason_counts_json	uncertainty_central	uncertainty_lower_68	uncertainty_upper_68	uncertainty_valid_replicas	uncertainty_support_flag	uncertainty_kind
cut	0.1	-9.36631541987052	930	8.187243584557043	689	12352.3835407331	3	3	32858.6151285959	2.0001093496070235	2	2	454473.9526897271	1.0001811926803434	45210.998669329	3.7772821045924165	0.9276996735805699	2.4904270065012017	0.5579607009130129	89228.98059594195	0.03850370794611956	9.174960913474229e-05	True	False	fewer than 3 direct-QCD source groups; fewer than 5 transferred-QCD rows	0.9751585112296742	0.9756620417808486	0.9695375638793342	0.9809141308335033	0.9621833346428131	0.9844820166089606	1000	0	{}	0.044229629851338985	0.03952654539621521	0.03179856996123604	0.051769325630271125	0.026529075944897524	0.07888532196449605	1000	0	{}	nan	nan	nan	nan	nan	nan	0	1000	"{""fewer than 3 direct-QCD source groups"":86,""fewer than 3 direct-QCD source groups; fewer than 3 transferred-QCD source groups"":58,""fewer than 3 direct-QCD source groups; fewer than 3 transferred-QCD source groups; transferred-QCD effective statistics below 2"":6,""fewer than 3 direct-QCD source groups; fewer than 5 transferred-QCD rows"":85,""fewer than 3 direct-QCD source groups; fewer than 5 transferred-QCD rows; fewer than 3 transferred-QCD source groups"":198,""fewer than 3 direct-QCD source groups; fewer than 5 transferred-QCD rows; fewer than 3 transferred-QCD source groups; transferred-QCD effective statistics below 2"":416,""fewer than 3 direct-QCD source groups; fewer than 5 transferred-QCD rows; fewer than 3 transferred-QCD source groups; transferred-QCD effective statistics below 2; nonfinite systematics-aware ZA"":37,""zero direct-QCD closure rows; fewer than 3 direct-QCD source groups; fewer than 3 transferred-QCD source groups; nonfinite systematics-aware ZA"":9,""zero direct-QCD closure rows; fewer than 3 direct-QCD source groups; fewer than 5 transferred-QCD rows; fewer than 3 transferred-QCD source groups; nonfinite systematics-aware ZA"":24,""zero direct-QCD closure rows; fewer than 3 direct-QCD source groups; fewer than 5 transferred-QCD rows; fewer than 3 transferred-QCD source groups; transferred-QCD effective statistics below 2; nonfinite systematics-aware ZA"":57,""zero direct-QCD closure rows; fewer than 3 direct-QCD source groups; fewer than 5 transferred-QCD rows; nonfinite systematics-aware ZA"":12,""zero direct-QCD closure rows; fewer than 3 direct-QCD source groups; nonfinite systematics-aware ZA"":12}"	9.174960913474229e-05			0	False	paired_source_member_bootstrap_p16_p84
cut	0.11	-9.909188958427057	1024	8.982183068786554	752	13214.291357092643	3	3	32858.6151285959	2.0001093496070235	2	2	454473.9526897271	1.0001811926803434	46072.90648568854	3.9220289768969185	0.9276996735805699	2.4904270065012017	0.5579607009130129	89228.98059594195	0.041845136287710076	0.00010065755384084465	True	False	fewer than 3 direct-QCD source groups; fewer than 5 transferred-QCD rows	0.9741941396714635	0.9746786701940415	0.9686032897706189	0.9799381623140306	0.9610977044670242	0.9836335079360184	1000	0	{}	0.047736967631510634	0.04277987742977232	0.03466671774159085	0.055974021459408614	0.029058267027991976	0.08363753067783385	1000	0	{}	nan	nan	nan	nan	nan	nan	0	1000	"{""fewer than 3 direct-QCD source groups"":86,""fewer than 3 direct-QCD source groups; fewer than 3 transferred-QCD source groups"":58,""fewer than 3 direct-QCD source groups; fewer than 3 transferred-QCD source groups; transferred-QCD effective statistics below 2"":6,""fewer than 3 direct-QCD source groups; fewer than 5 transferred-QCD rows"":85,""fewer than 3 direct-QCD source groups; fewer than 5 transferred-QCD rows; fewer than 3 transferred-QCD source groups"":198,""fewer than 3 direct-QCD source groups; fewer than 5 transferred-QCD rows; fewer than 3 transferred-QCD source groups; transferred-QCD effective statistics below 2"":416,""fewer than 3 direct-QCD source groups; fewer than 5 transferred-QCD rows; fewer than 3 transferred-QCD source groups; transferred-QCD effective statistics below 2; nonfinite systematics-aware ZA"":37,""zero direct-QCD closure rows; fewer than 3 direct-QCD source groups; fewer than 3 transferred-QCD source groups; nonfinite systematics-aware ZA"":9,""zero direct-QCD closure rows; fewer than 3 direct-QCD source groups; fewer than 5 transferred-QCD rows; fewer than 3 transferred-QCD source groups; nonfinite systematics-aware ZA"":24,""zero direct-QCD closure rows; fewer than 3 direct-QCD source groups; fewer than 5 transferred-QCD rows; fewer than 3 transferred-QCD source groups; transferred-QCD effective statistics below 2; nonfinite systematics-aware ZA"":57,""zero direct-QCD closure rows; fewer than 3 direct-QCD source groups; fewer than 5 transferred-QCD rows; nonfinite systematics-aware ZA"":12,""zero direct-QCD closure rows; fewer than 3 direct-QCD source groups; nonfinite systematics-aware ZA"":12}"	0.00010065755384084465			0	False	paired_source_member_bootstrap_p16_p84
cut	0.12000000000000001	-10.299213858118872	1117	9.837199271154846	810	13958.625220454709	3	3	32858.6151285959	2.0001093496070235	2	2	454473.9526897271	1.0001811926803434	46817.24034905061	4.049204666643219	0.9276996735805699	2.4904270065012017	0.5579607009130129	89228.98059594195	0.045462504368855065	0.0001102386255752165	True	False	fewer than 3 direct-QCD source groups; fewer than 5 transferred-QCD rows	0.9733068345687411	0.9738060873358418	0.9676135160032957	0.979084293611961	0.9602732110412147	0.9828431650274589	1000	0	{}	0.05158958421177651	0.04655480847236984	0.03788198320923956	0.06041820590277774	0.031509180234499244	0.08862019787250963	1000	0	{}	nan	nan	nan	nan	nan	nan	0	1000	"{""fewer than 3 direct-QCD source groups"":86,""fewer than 3 direct-QCD source groups; fewer than 3 transferred-QCD source groups"":58,""fewer than 3 direct-QCD source groups; fewer than 3 transferred-QCD source groups; transferred-QCD effective statistics below 2"":6,""fewer than 3 direct-QCD source groups; fewer than 5 transferred-QCD rows"":85,""fewer than 3 direct-QCD source groups; fewer than 5 transferred-QCD rows; fewer than 3 transferred-QCD source groups"":198,""fewer than 3 direct-QCD source groups; fewer than 5 transferred-QCD rows; fewer than 3 transferred-QCD source groups; transferred-QCD effective statistics below 2"":416,""fewer than 3 direct-QCD source groups; fewer than 5 transferred-QCD rows; fewer than 3 transferred-QCD source groups; transferred-QCD effective statistics below 2; nonfinite systematics-aware ZA"":37,""zero direct-QCD closure rows; fewer than 3 direct-QCD source groups; fewer than 3 transferred-QCD source groups; nonfinite systematics-aware ZA"":9,""zero direct-QCD closure rows; fewer than 3 direct-QCD source groups; fewer than 5 transferred-QCD rows; fewer than 3 transferred-QCD source groups; nonfinite systematics-aware ZA"":24,""zero direct-QCD closure rows; fewer than 3 direct-QCD source groups; fewer than 5 transferred-QCD rows; fewer than 3 transferred-QCD source groups; transferred-QCD effective statistics below 2; nonfinite systematics-aware ZA"":57,""zero direct-QCD closure rows; fewer than 3 direct-QCD source groups; fewer than 5 transferred-QCD rows; nonfinite systematics-aware ZA"":12,""zero direct-QCD closure rows; fewer than 3 direct-QCD source groups; nonfinite systematics-aware ZA"":12}"	0.0001102386255752165			0	False	paired_source_member_bootstrap_p16_p84
cut	0.13	-10.77314393421523	1213	10.797458448944727	876	15410.207622084406	3	3	32858.6151285959	2.0001093496070235	2	2	454473.9526897271	1.0001811926803434	48268.82275068031	4.302952121260614	0.9276996735805699	2.4904270065012017	0.5579607009130129	89228.98059594195	0.04914416922271989	0.00012099899932567795	True	False	fewer than 3 direct-QCD source groups; fewer than 5 transferred-QCD rows	0.9710123543275617	0.9715226092391727	0.9651998380555749	0.9767650794768588	0.9578697836190034	0.9804000187577556	1000	0	{}	0.055215302944211994	0.05041392977446557	0.04098242400766309	0.0644860333585489	0.03433028993894472	0.09205142752045054	1000	0	{}	nan	nan	nan	nan	nan	nan	0	1000	"{""fewer than 3 direct-QCD source groups"":86,""fewer than 3 direct-QCD source groups; fewer than 3 transferred-QCD source groups"":58,""fewer than 3 direct-QCD source groups; fewer than 3 transferred-QCD source groups; transferred-QCD effective statistics below 2"":6,""fewer than 3 direct-QCD source groups; fewer than 5 transferred-QCD rows"":85,""fewer than 3 direct-QCD source groups; fewer than 5 transferred-QCD rows; fewer than 3 transferred-QCD source groups"":198,""fewer than 3 direct-QCD source groups; fewer than 5 transferred-QCD rows; fewer than 3 transferred-QCD source groups; transferred-QCD effective statistics below 2"":416,""fewer than 3 direct-QCD source groups; fewer than 5 transferred-QCD rows; fewer than 3 transferred-QCD source groups; transferred-QCD effective statistics below 2; nonfinite systematics-aware ZA"":37,""zero direct-QCD closure rows; fewer than 3 direct-QCD source groups; fewer than 3 transferred-QCD source groups; nonfinite systematics-aware ZA"":9,""zero direct-QCD closure rows; fewer than 3 direct-QCD source groups; fewer than 5 transferred-QCD rows; fewer than 3 transferred-QCD source groups; nonfinite systematics-aware ZA"":24,""zero direct-QCD closure rows; fewer than 3 direct-QCD source groups; fewer than 5 transferred-QCD rows; fewer than 3 transferred-QCD source groups; transferred-QCD effective statistics below 2; nonfinite systematics-aware ZA"":57,""zero direct-QCD closure rows; fewer than 3 direct-QCD source groups; fewer than 5 transferred-QCD rows; nonfinite systematics-aware ZA"":12,""zero direct-QCD closure rows; fewer than 3 direct-QCD source groups; nonfinite systematics-aware ZA"":12}"	0.00012099899932567795			0	False	paired_source_member_bootstrap_p16_p84
cut	0.14	-11.2071354981405	1307	11.61756269737265	939	16482.391177681595	3	3	32858.6151285959	2.0001093496070235	3	3	636366.7959247864	1.6902026966275236	49341.00630627749	4.495284389740948	0.9483652897369593	2.4904270065012017	0.5579607009130129	89463.2357241343	0.05229907193053837	0.0001298479129992405	True	False	fewer than 5 transferred-QCD rows	0.9673359547925543	0.9679961526933636	0.9609831282331189	0.9736284832602552	0.9523939835711666	0.9778272433241455	1000	0	{}	0.058392462628748934	0.05351519369798166	0.043813382791392	0.06874035109558263	0.036635667806891155	0.09577022114803904	1000	0	{}	6.451565980226614e-05	6.293885860099171e-05	4.830568165349136e-05	8.511289190482355e-05	3.494603072677405e-05	0.00010710063528326558	23	977	"{""fewer than 3 direct-QCD source groups"":72,""fewer than 3 direct-QCD source groups; fewer than 3 transferred-QCD source groups"":50,""fewer than 3 direct-QCD source groups; fewer than 3 transferred-QCD source groups; transferred-QCD effective statistics below 2"":3,""fewer than 3 direct-QCD source groups; fewer than 5 transferred-QCD rows"":68,""fewer than 3 direct-QCD source groups; fewer than 5 transferred-QCD rows; fewer than 3 transferred-QCD source groups"":148,""fewer than 3 direct-QCD source groups; fewer than 5 transferred-QCD rows; fewer than 3 transferred-QCD source groups; transferred-QCD effective statistics below 2"":328,""fewer than 3 direct-QCD source groups; fewer than 5 transferred-QCD rows; fewer than 3 transferred-QCD source groups; transferred-QCD effective statistics below 2; nonfinite systematics-aware ZA"":39,""fewer than 3 transferred-QCD source groups"":13,""fewer than 3 transferred-QCD source groups; transferred-QCD effective statistics below 2"":3,""fewer than 5 transferred-QCD rows"":24,""fewer than 5 transferred-QCD rows; fewer than 3 transferred-QCD source groups"":64,""fewer than 5 transferred-QCD rows; fewer than 3 transferred-QCD source groups; transferred-QCD effective statistics below 2"":118,""fewer than 5 transferred-QCD rows; fewer than 3 transferred-QCD source groups; transferred-QCD effective statistics below 2; nonfinite systematics-aware ZA"":5,""zero direct-QCD closure rows; fewer than 3 direct-QCD source groups; fewer than 3 transferred-QCD source groups; nonfinite systematics-aware ZA"":4,""zero direct-QCD closure rows; fewer than 3 direct-QCD source groups; fewer than 5 transferred-QCD rows; fewer than 3 transferred-QCD source groups; nonfinite systematics-aware ZA"":10,""zero direct-QCD closure rows; fewer than 3 direct-QCD source groups; fewer than 5 transferred-QCD rows; fewer than 3 transferred-QCD source groups; transferred-QCD effective statistics below 2; nonfinite systematics-aware ZA"":20,""zero direct-QCD closure rows; fewer than 3 direct-QCD source groups; fewer than 5 transferred-QCD rows; nonfinite systematics-aware ZA"":5,""zero direct-QCD closure rows; fewer than 3 direct-QCD source groups; nonfinite systematics-aware ZA"":3}"	0.0001298479129992405	4.830568165349136e-05	8.511289190482355e-05	23	False	paired_source_member_bootstrap_p16_p84
cut	0.15000000000000002	-11.667423851763909	1401	12.449983300701305	1016	17822.756118589117	3	3	32858.6151285959	2.0001093496070235	3	3	636366.7959247864	1.6902026966275236	50681.371247185016	4.741605992338021	0.9483652897369593	2.4904270065012017	0.5579607009130129	89463.2357241343	0.05530021389401907	0.00013915129918285347	True	False	fewer than 5 transferred-QCD rows	0.9656569817197189	0.9663289978499328	0.9593526779693619	0.9719355889213821	0.950692965301811	0.9761271731078536	1000	0	{}	0.061353275897185165	0.05662568934550619	0.046462393424642125	0.07222392630344883	0.038821363071443675	0.09897053453731613	1000	0	{}	6.91362384249767e-05	6.826026613693108e-05	5.1106457700482625e-05	9.168703455120725e-05	3.7343459265970867e-05	0.00011443793619638946	23	977	"{""fewer than 3 direct-QCD source groups"":72,""fewer than 3 direct-QCD source groups; fewer than 3 transferred-QCD source groups"":50,""fewer than 3 direct-QCD source groups; fewer than 3 transferred-QCD source groups; transferred-QCD effective statistics below 2"":3,""fewer than 3 direct-QCD source groups; fewer than 5 transferred-QCD rows"":68,""fewer than 3 direct-QCD source groups; fewer than 5 transferred-QCD rows; fewer than 3 transferred-QCD source groups"":148,""fewer than 3 direct-QCD source groups; fewer than 5 transferred-QCD rows; fewer than 3 transferred-QCD source groups; transferred-QCD effective statistics below 2"":328,""fewer than 3 direct-QCD source groups; fewer than 5 transferred-QCD rows; fewer than 3 transferred-QCD source groups; transferred-QCD effective statistics below 2; nonfinite systematics-aware ZA"":39,""fewer than 3 transferred-QCD source groups"":13,""fewer than 3 transferred-QCD source groups; transferred-QCD effective statistics below 2"":3,""fewer than 5 transferred-QCD rows"":24,""fewer than 5 transferred-QCD rows; fewer than 3 transferred-QCD source groups"":64,""fewer than 5 transferred-QCD rows; fewer than 3 transferred-QCD source groups; transferred-QCD effective statistics below 2"":118,""fewer than 5 transferred-QCD rows; fewer than 3 transferred-QCD source groups; transferred-QCD effective statistics below 2; nonfinite systematics-aware ZA"":5,""zero direct-QCD closure rows; fewer than 3 direct-QCD source groups; fewer than 3 transferred-QCD source groups; nonfinite systematics-aware ZA"":4,""zero direct-QCD closure rows; fewer than 3 direct-QCD source groups; fewer than 5 transferred-QCD rows; fewer than 3 transferred-QCD source groups; nonfinite systematics-aware ZA"":10,""zero direct-QCD closure rows; fewer than 3 direct-QCD source groups; fewer than 5 transferred-QCD rows; fewer than 3 transferred-QCD source groups; transferred-QCD effective statistics below 2; nonfinite systematics-aware ZA"":20,""zero direct-QCD closure rows; fewer than 3 direct-QCD source groups; fewer than 5 transferred-QCD rows; nonfinite systematics-aware ZA"":5,""zero direct-QCD closure rows; fewer than 3 direct-QCD source groups; nonfinite systematics-aware ZA"":3}"	0.00013915129918285347	5.1106457700482625e-05	9.168703455120725e-05	23	False	paired_source_member_bootstrap_p16_p84
cut	0.16	-12.148683395388638	1494	13.255031964248618	1080	18668.41909079333	3	3	32858.6151285959	2.0001093496070235	3	3	636366.7959247864	1.6902026966275236	51527.03421938923	4.900426405390517	0.9483652897369593	2.4904270065012017	0.5579607009130129	89463.2357241343	0.058390821841512563	0.00014814858158603188	True	False	fewer than 5 transferred-QCD rows	0.9634201393717262	0.963976757137203	0.9566031937066333	0.9700226409528492	0.9482798637814182	0.9746878687542928	1000	0	{}	0.06452241811511178	0.05973519563940408	0.0493098489252658	0.07573303347370917	0.04125727914340379	0.10265171079076507	1000	0	{}	7.363751454019901e-05	7.152099867002372e-05	5.46793469083545e-05	9.786414010406017e-05	3.9746076436770855e-05	0.00012187453417921408	23	977	"{""fewer than 3 direct-QCD source groups"":72,""fewer than 3 direct-QCD source groups; fewer than 3 transferred-QCD source groups"":50,""fewer than 3 direct-QCD source groups; fewer than 3 transferred-QCD source groups; transferred-QCD effective statistics below 2"":3,""fewer than 3 direct-QCD source groups; fewer than 5 transferred-QCD rows"":68,""fewer than 3 direct-QCD source groups; fewer than 5 transferred-QCD rows; fewer than 3 transferred-QCD source groups"":148,""fewer than 3 direct-QCD source groups; fewer than 5 transferred-QCD rows; fewer than 3 transferred-QCD source groups; transferred-QCD effective statistics below 2"":328,""fewer than 3 direct-QCD source groups; fewer than 5 transferred-QCD rows; fewer than 3 transferred-QCD source groups; transferred-QCD effective statistics below 2; nonfinite systematics-aware ZA"":39,""fewer than 3 transferred-QCD source groups"":13,""fewer than 3 transferred-QCD source groups; transferred-QCD effective statistics below 2"":3,""fewer than 5 transferred-QCD rows"":24,""fewer than 5 transferred-QCD rows; fewer than 3 transferred-QCD source groups"":64,""fewer than 5 transferred-QCD rows; fewer than 3 transferred-QCD source groups; transferred-QCD effective statistics below 2"":118,""fewer than 5 transferred-QCD rows; fewer than 3 transferred-QCD source groups; transferred-QCD effective statistics below 2; nonfinite systematics-aware ZA"":5,""zero direct-QCD closure rows; fewer than 3 direct-QCD source groups; fewer than 3 transferred-QCD source groups; nonfinite systematics-aware ZA"":4,""zero direct-QCD closure rows; fewer than 3 direct-QCD source groups; fewer than 5 transferred-QCD rows; fewer than 3 transferred-QCD source groups; nonfinite systematics-aware ZA"":10,""zero direct-QCD closure rows; fewer than 3 direct-QCD source groups; fewer than 5 transferred-QCD rows; fewer than 3 transferred-QCD source groups; transferred-QCD effective statistics below 2; nonfinite systematics-aware ZA"":20,""zero direct-QCD closure rows; fewer than 3 direct-QCD source groups; fewer than 5 transferred-QCD rows; nonfinite systematics-aware ZA"":5,""zero direct-QCD closure rows; fewer than 3 direct-QCD source groups; nonfinite systematics-aware ZA"":3}"	0.00014814858158603188	5.46793469083545e-05	9.786414010406017e-05	23	False	paired_source_member_bootstrap_p16_p84
cut	0.17	-12.574372918383924	1586	14.033140815378218	1154	20169.09404246149	3	3	32858.6151285959	2.0001093496070235	3	3	636366.7959247864	1.6902026966275236	53027.70917105739	5.188528971120233	0.9483652897369593	2.4904270065012017	0.5579607009130129	89463.2357241343	0.06093745282683642	0.00015684495641619454	True	False	fewer than 5 transferred-QCD rows	0.9615684497491318	0.9619877844481486	0.9549249513024668	0.9682607730060908	0.9465652069509758	0.9731159815918579	1000	0	{}	0.06687614696755526	0.06226694624027887	0.05173101489239009	0.07817873838386859	0.04336777722950577	0.10365570261237216	1000	0	{}	7.790116684501663e-05	7.563746106708294e-05	5.74295116747786e-05	0.00010306384132850778	4.199336905541229e-05	0.00012919213438801003	23	977	"{""fewer than 3 direct-QCD source groups"":72,""fewer than 3 direct-QCD source groups; fewer than 3 transferred-QCD source groups"":50,""fewer than 3 direct-QCD source groups; fewer than 3 transferred-QCD source groups; transferred-QCD effective statistics below 2"":3,""fewer than 3 direct-QCD source groups; fewer than 5 transferred-QCD rows"":68,""fewer than 3 direct-QCD source groups; fewer than 5 transferred-QCD rows; fewer than 3 transferred-QCD source groups"":148,""fewer than 3 direct-QCD source groups; fewer than 5 transferred-QCD rows; fewer than 3 transferred-QCD source groups; transferred-QCD effective statistics below 2"":328,""fewer than 3 direct-QCD source groups; fewer than 5 transferred-QCD rows; fewer than 3 transferred-QCD source groups; transferred-QCD effective statistics below 2; nonfinite systematics-aware ZA"":39,""fewer than 3 transferred-QCD source groups"":13,""fewer than 3 transferred-QCD source groups; transferred-QCD effective statistics below 2"":3,""fewer than 5 transferred-QCD rows"":24,""fewer than 5 transferred-QCD rows; fewer than 3 transferred-QCD source groups"":64,""fewer than 5 transferred-QCD rows; fewer than 3 transferred-QCD source groups; transferred-QCD effective statistics below 2"":118,""fewer than 5 transferred-QCD rows; fewer than 3 transferred-QCD source groups; transferred-QCD effective statistics below 2; nonfinite systematics-aware ZA"":5,""zero direct-QCD closure rows; fewer than 3 direct-QCD source groups; fewer than 3 transferred-QCD source groups; nonfinite systematics-aware ZA"":4,""zero direct-QCD closure rows; fewer than 3 direct-QCD source groups; fewer than 5 transferred-QCD rows; fewer than 3 transferred-QCD source groups; nonfinite systematics-aware ZA"":10,""zero direct-QCD closure rows; fewer than 3 direct-QCD source groups; fewer than 5 transferred-QCD rows; fewer than 3 transferred-QCD source groups; transferred-QCD effective statistics below 2; nonfinite systematics-aware ZA"":20,""zero direct-QCD closure rows; fewer than 3 direct-QCD source groups; fewer than 5 transferred-QCD rows; nonfinite systematics-aware ZA"":5,""zero direct-QCD closure rows; fewer than 3 direct-QCD source groups; nonfinite systematics-aware ZA"":3}"	0.00015684495641619454	5.74295116747786e-05	0.00010306384132850778	23	False	paired_source_member_bootstrap_p16_p84
cut	0.18	-13.001520084387446	1679	14.825802738089996	1218	21258.961738365713	5	5	65770.20373604256	4.000106288565656	3	3	636366.7959247864	1.6902026966275236	87029.16547440828	6.989385131868486	0.8966473358490311	2.4904270065012017	0.5579607009130129	177914.45846731903	0.050254328915789744	8.332618951238443e-05	True	True		0.960430949556325	0.9609074368797348	0.9536979771928883	0.9671669041581544	0.9453862948932247	0.9719323112242941	1000	0	{}	0.05376437385560595	0.05126229835830872	0.043079521873218396	0.0636770897316039	0.03762999899217353	0.07959139049818892	1000	0	{}	7.13001376104822e-05	6.68719706740263e-05	4.85314232388364e-05	8.577943211940676e-05	3.908784912733461e-05	0.00011420348360635009	128	872	"{""fewer than 3 direct-QCD source groups"":387,""fewer than 3 direct-QCD source groups; fewer than 3 transferred-QCD source groups"":24,""fewer than 3 direct-QCD source groups; fewer than 5 transferred-QCD rows"":125,""fewer than 3 direct-QCD source groups; fewer than 5 transferred-QCD rows; fewer than 3 transferred-QCD source groups"":73,""fewer than 3 direct-QCD source groups; fewer than 5 transferred-QCD rows; fewer than 3 transferred-QCD source groups; transferred-QCD effective statistics below 2"":92,""fewer than 3 direct-QCD source groups; fewer than 5 transferred-QCD rows; fewer than 3 transferred-QCD source groups; transferred-QCD effective statistics below 2; nonfinite systematics-aware ZA"":7,""fewer than 3 transferred-QCD source groups"":8,""fewer than 3 transferred-QCD source groups; transferred-QCD effective statistics below 2"":1,""fewer than 5 transferred-QCD rows"":51,""fewer than 5 transferred-QCD rows; fewer than 3 transferred-QCD source groups"":28,""fewer than 5 transferred-QCD rows; fewer than 3 transferred-QCD source groups; transferred-QCD effective statistics below 2"":31,""fewer than 5 transferred-QCD rows; fewer than 3 transferred-QCD source groups; transferred-QCD effective statistics below 2; nonfinite systematics-aware ZA"":3,""zero direct-QCD closure rows; fewer than 3 direct-QCD source groups; fewer than 3 transferred-QCD source groups; nonfinite systematics-aware ZA"":2,""zero direct-QCD closure rows; fewer than 3 direct-QCD source groups; fewer than 5 transferred-QCD rows; fewer than 3 transferred-QCD source groups; nonfinite systematics-aware ZA"":4,""zero direct-QCD closure rows; fewer than 3 direct-QCD source groups; fewer than 5 transferred-QCD rows; fewer than 3 transferred-QCD source groups; transferred-QCD effective statistics below 2; nonfinite systematics-aware ZA"":9,""zero direct-QCD closure rows; fewer than 3 direct-QCD source groups; fewer than 5 transferred-QCD rows; nonfinite systematics-aware ZA"":6,""zero direct-QCD closure rows; fewer than 3 direct-QCD source groups; nonfinite systematics-aware ZA"":21}"	8.332618951238443e-05	4.85314232388364e-05	8.577943211940676e-05	128	True	paired_source_member_bootstrap_p16_p84
cut	0.19	-13.361179931533997	1774	15.746474513679965	1285	22355.859147689138	6	6	76452.58766949158	4.8891068088497915	3	3	636366.7959247864	1.6902026966275236	98808.44681718072	8.150308463324011	0.8798608158705257	2.4904270065012013	0.5579607009130129	206389.44753253006	0.050092737249771715	7.629090448231148e-05	True	True		0.9591510168709085	0.9596159112039724	0.9524751269888639	0.9659039064681745	0.9442451266920731	0.9706487094006443	1000	0	{}	0.05302113399206346	0.051134034574097716	0.04298372573520079	0.061674208227808995	0.03838097204855103	0.08033403150123447	1000	0	{}	7.318953274711631e-05	7.068613781445313e-05	5.157310122383797e-05	9.538614361443474e-05	3.981938474370777e-05	0.0001286771176617141	178	822	"{""fewer than 3 direct-QCD source groups"":488,""fewer than 3 direct-QCD source groups; fewer than 3 transferred-QCD source groups"":13,""fewer than 3 direct-QCD source groups; fewer than 5 transferred-QCD rows"":104,""fewer than 3 direct-QCD source groups; fewer than 5 transferred-QCD rows; fewer than 3 transferred-QCD source groups"":41,""fewer than 3 direct-QCD source groups; fewer than 5 transferred-QCD rows; fewer than 3 transferred-QCD source groups; transferred-QCD effective statistics below 2"":43,""fewer than 3 direct-QCD source groups; fewer than 5 transferred-QCD rows; fewer than 3 transferred-QCD source groups; transferred-QCD effective statistics below 2; nonfinite systematics-aware ZA"":3,""fewer than 3 direct-QCD source groups; fewer than 5 transferred-QCD rows; transferred-QCD effective statistics below 2"":14,""fewer than 3 direct-QCD source groups; transferred-QCD effective statistics below 2"":2,""fewer than 3 transferred-QCD source groups"":3,""fewer than 3 transferred-QCD source groups; transferred-QCD effective statistics below 2"":1,""fewer than 5 transferred-QCD rows"":30,""fewer than 5 transferred-QCD rows; fewer than 3 transferred-QCD source groups"":15,""fewer than 5 transferred-QCD rows; fewer than 3 transferred-QCD source groups; transferred-QCD effective statistics below 2"":17,""fewer than 5 transferred-QCD rows; fewer than 3 transferred-QCD source groups; transferred-QCD effective statistics below 2; nonfinite systematics-aware ZA"":1,""fewer than 5 transferred-QCD rows; transferred-QCD effective statistics below 2"":5,""zero direct-QCD closure rows; fewer than 3 direct-QCD source groups; fewer than 3 transferred-QCD source groups; nonfinite systematics-aware ZA"":1,""zero direct-QCD closure rows; fewer than 3 direct-QCD source groups; fewer than 5 transferred-QCD rows; fewer than 3 transferred-QCD source groups; nonfinite systematics-aware ZA"":3,""zero direct-QCD closure rows; fewer than 3 direct-QCD source groups; fewer than 5 transferred-QCD rows; fewer than 3 transferred-QCD source groups; transferred-QCD effective statistics below 2; nonfinite systematics-aware ZA"":4,""zero direct-QCD closure rows; fewer than 3 direct-QCD source groups; fewer than 5 transferred-QCD rows; nonfinite systematics-aware ZA"":4,""zero direct-QCD closure rows; fewer than 3 direct-QCD source groups; fewer than 5 transferred-QCD rows; transferred-QCD effective statistics below 2; nonfinite systematics-aware ZA"":1,""zero direct-QCD closure rows; fewer than 3 direct-QCD source groups; nonfinite systematics-aware ZA"":29}"	7.629090448231148e-05	5.157310122383797e-05	9.538614361443474e-05	178	True	paired_source_member_bootstrap_p16_p84
cut	0.2	-13.868778009000943	1867	16.538570918653228	1397	25201.507008537857	7	7	86991.66856696815	5.791846920337587	3	3	636366.7959247864	1.6902026966275236	112193.175575506	9.614061335094751	0.8632994852590488	2.4904270065012013	0.5579607009130129	234374.8775122816	0.04937465681871817	7.056095066910758e-05	True	True		0.9567069837490126	0.9572034560290779	0.9500027811165963	0.9634769515452137	0.9413831784792214	0.9684588739533052	1000	0	{}	0.051803122814470984	0.050515860940734486	0.043188518006582605	0.06001373162867746	0.03863586963462016	0.07430381524791277	1000	0	{}	7.331918409883078e-05	7.188030985715127e-05	5.016769713519707e-05	9.45327079635758e-05	4.141216876193059e-05	0.0001238305996109916	213	787	"{""fewer than 3 direct-QCD source groups"":579,""fewer than 3 direct-QCD source groups; fewer than 3 transferred-QCD source groups"":7,""fewer than 3 direct-QCD source groups; fewer than 5 transferred-QCD rows"":74,""fewer than 3 direct-QCD source groups; fewer than 5 transferred-QCD rows; fewer than 3 transferred-QCD source groups"":18,""fewer than 3 direct-QCD source groups; fewer than 5 transferred-QCD rows; fewer than 3 transferred-QCD source groups; transferred-QCD effective statistics below 2"":20,""fewer than 3 direct-QCD source groups; fewer than 5 transferred-QCD rows; fewer than 3 transferred-QCD source groups; transferred-QCD effective statistics below 2; nonfinite systematics-aware ZA"":1,""fewer than 3 direct-QCD source groups; fewer than 5 transferred-QCD rows; transferred-QCD effective statistics below 2"":7,""fewer than 3 direct-QCD source groups; transferred-QCD effective statistics below 2"":2,""fewer than 3 transferred-QCD source groups"":3,""fewer than 5 transferred-QCD rows"":18,""fewer than 5 transferred-QCD rows; fewer than 3 transferred-QCD source groups"":2,""fewer than 5 transferred-QCD rows; fewer than 3 transferred-QCD source groups; transferred-QCD effective statistics below 2"":10,""fewer than 5 transferred-QCD rows; transferred-QCD effective statistics below 2"":4,""zero direct-QCD closure rows; fewer than 3 direct-QCD source groups; fewer than 3 transferred-QCD source groups; nonfinite systematics-aware ZA"":1,""zero direct-QCD closure rows; fewer than 3 direct-QCD source groups; fewer than 5 transferred-QCD rows; fewer than 3 transferred-QCD source groups; nonfinite systematics-aware ZA"":2,""zero direct-QCD closure rows; fewer than 3 direct-QCD source groups; fewer than 5 transferred-QCD rows; fewer than 3 transferred-QCD source groups; transferred-QCD effective statistics below 2; nonfinite systematics-aware ZA"":1,""zero direct-QCD closure rows; fewer than 3 direct-QCD source groups; fewer than 5 transferred-QCD rows; nonfinite systematics-aware ZA"":4,""zero direct-QCD closure rows; fewer than 3 direct-QCD source groups; nonfinite systematics-aware ZA"":34}"	7.056095066910758e-05	5.016769713519707e-05	9.45327079635758e-05	213	True	paired_source_member_bootstrap_p16_p84
cut	0.21000000000000002	-14.310916821612851	1961	17.345623951360864	1464	26207.476356327268	7	7	86991.66856696815	5.791846920337587	3	3	636366.7959247864	1.6902026966275236	113199.14492329542	9.78643107389585	0.8632994852590488	2.4904270065012013	0.5579607009130129	234374.8775122816	0.05155339408901421	7.400418574981105e-05	True	True		0.9520519261160881	0.9525003673039398	0.9448155320183296	0.9593356477226038	0.9349838149756571	0.9653300885535279	1000	0	{}	0.05403872428661617	0.0526857545517811	0.045134667443497374	0.06238816029828518	0.04027346516574171	0.07685947524353058	1000	0	{}	7.685648898446994e-05	7.527122289173425e-05	5.274868778649342e-05	9.857466749313403e-05	4.320058418361094e-05	0.0001313249045385815	213	787	"{""fewer than 3 direct-QCD source groups"":579,""fewer than 3 direct-QCD source groups; fewer than 3 transferred-QCD source groups"":7,""fewer than 3 direct-QCD source groups; fewer than 5 transferred-QCD rows"":74,""fewer than 3 direct-QCD source groups; fewer than 5 transferred-QCD rows; fewer than 3 transferred-QCD source groups"":18,""fewer than 3 direct-QCD source groups; fewer than 5 transferred-QCD rows; fewer than 3 transferred-QCD source groups; transferred-QCD effective statistics below 2"":20,""fewer than 3 direct-QCD source groups; fewer than 5 transferred-QCD rows; fewer than 3 transferred-QCD source groups; transferred-QCD effective statistics below 2; nonfinite systematics-aware ZA"":1,""fewer than 3 direct-QCD source groups; fewer than 5 transferred-QCD rows; transferred-QCD effective statistics below 2"":7,""fewer than 3 direct-QCD source groups; transferred-QCD effective statistics below 2"":2,""fewer than 3 transferred-QCD source groups"":3,""fewer than 5 transferred-QCD rows"":18,""fewer than 5 transferred-QCD rows; fewer than 3 transferred-QCD source groups"":2,""fewer than 5 transferred-QCD rows; fewer than 3 transferred-QCD source groups; transferred-QCD effective statistics below 2"":10,""fewer than 5 transferred-QCD rows; transferred-QCD effective statistics below 2"":4,""zero direct-QCD closure rows; fewer than 3 direct-QCD source groups; fewer than 3 transferred-QCD source groups; nonfinite systematics-aware ZA"":1,""zero direct-QCD closure rows; fewer than 3 direct-QCD source groups; fewer than 5 transferred-QCD rows; fewer than 3 transferred-QCD source groups; nonfinite systematics-aware ZA"":2,""zero direct-QCD closure rows; fewer than 3 direct-QCD source groups; fewer than 5 transferred-QCD rows; fewer than 3 transferred-QCD source groups; transferred-QCD effective statistics below 2; nonfinite systematics-aware ZA"":1,""zero direct-QCD closure rows; fewer than 3 direct-QCD source groups; fewer than 5 transferred-QCD rows; nonfinite systematics-aware ZA"":4,""zero direct-QCD closure rows; fewer than 3 direct-QCD source groups; nonfinite systematics-aware ZA"":34}"	7.400418574981105e-05	5.274868778649342e-05	9.857466749313403e-05	213	True	paired_source_member_bootstrap_p16_p84
cut	0.22	-14.758829162882586	2055	18.177086703871723	1545	26888.942587373178	8	8	130916.89580416659	5.296405531861345	3	3	636366.7959247864	1.6902026966275236	157805.83839153976	7.688722512293027	0.7942744708829216	2.4904270065012013	0.5579607009130129	349928.3669605319	0.045756669745654205	5.194319751016953e-05	True	True		0.9508404714646619	0.9512968638784904	0.9435156800079482	0.958311811529909	0.9336313878215607	0.9641680752307761	1000	0	{}	0.04824672991845043	0.046801504232194154	0.03932817240953546	0.05700649431722733	0.033706522302113226	0.07195879511243682	1000	0	{}	5.812591297784317e-05	5.24709187355856e-05	3.577747935060118e-05	8.120327043254958e-05	2.4887649743002213e-05	0.000115098935508455	229	771	"{""fewer than 3 direct-QCD source groups"":633,""fewer than 3 direct-QCD source groups; fewer than 3 transferred-QCD source groups"":1,""fewer than 3 direct-QCD source groups; fewer than 5 transferred-QCD rows"":56,""fewer than 3 direct-QCD source groups; fewer than 5 transferred-QCD rows; fewer than 3 transferred-QCD source groups"":7,""fewer than 3 direct-QCD source groups; fewer than 5 transferred-QCD rows; fewer than 3 transferred-QCD source groups; transferred-QCD effective statistics below 2"":7,""fewer than 3 direct-QCD source groups; fewer than 5 transferred-QCD rows; fewer than 3 transferred-QCD source groups; transferred-QCD effective statistics below 2; nonfinite systematics-aware ZA"":1,""fewer than 3 direct-QCD source groups; fewer than 5 transferred-QCD rows; transferred-QCD effective statistics below 2"":2,""fewer than 3 direct-QCD source groups; transferred-QCD effective statistics below 2"":1,""fewer than 3 transferred-QCD source groups"":2,""fewer than 5 transferred-QCD rows"":8,""fewer than 5 transferred-QCD rows; fewer than 3 transferred-QCD source groups"":1,""fewer than 5 transferred-QCD rows; fewer than 3 transferred-QCD source groups; transferred-QCD effective statistics below 2"":6,""fewer than 5 transferred-QCD rows; transferred-QCD effective statistics below 2"":4,""zero direct-QCD closure rows; fewer than 3 direct-QCD source groups; fewer than 3 transferred-QCD source groups; nonfinite systematics-aware ZA"":1,""zero direct-QCD closure rows; fewer than 3 direct-QCD source groups; fewer than 5 transferred-QCD rows; fewer than 3 transferred-QCD source groups; nonfinite systematics-aware ZA"":1,""zero direct-QCD closure rows; fewer than 3 direct-QCD source groups; fewer than 5 transferred-QCD rows; fewer than 3 transferred-QCD source groups; transferred-QCD effective statistics below 2; nonfinite systematics-aware ZA"":1,""zero direct-QCD closure rows; fewer than 3 direct-QCD source groups; fewer than 5 transferred-QCD rows; nonfinite systematics-aware ZA"":1,""zero direct-QCD closure rows; fewer than 3 direct-QCD source groups; nonfinite systematics-aware ZA"":38}"	5.194319751016953e-05	3.577747935060118e-05	8.120327043254958e-05	229	True	paired_source_member_bootstrap_p16_p84
cut	0.23	-15.162148948619125	2149	19.04623258441569	1632	28699.2305287624	9	9	174611.84702788567	5.925704560631373	3	3	636366.7959247864	1.6902026966275236	203311.07755664806	8.028942966628104	0.725611317017044	2.4904270065012013	0.5579607009130129	463299.51270399627	0.042239793053553604	4.1108654907590635e-05	True	True		0.9489008453966703	0.9493540338512396	0.9414676071024216	0.9563744485902774	0.9319218693334269	0.9625437807466309	1000	0	{}	0.044409528448341076	0.04291438923811445	0.03630995767014017	0.052869910226513384	0.03156451347846226	0.06454187346296882	1000	0	{}	4.767092484753056e-05	4.169546992104125e-05	2.8956312848030202e-05	6.624838540810058e-05	2.160342581286857e-05	0.00010146732056323977	238	762	"{""fewer than 3 direct-QCD source groups"":667,""fewer than 3 direct-QCD source groups; fewer than 3 transferred-QCD source groups"":1,""fewer than 3 direct-QCD source groups; fewer than 5 transferred-QCD rows"":30,""fewer than 3 direct-QCD source groups; fewer than 5 transferred-QCD rows; fewer than 3 transferred-QCD source groups"":5,""fewer than 3 direct-QCD source groups; fewer than 5 transferred-QCD rows; fewer than 3 transferred-QCD source groups; transferred-QCD effective statistics below 2"":3,""fewer than 3 direct-QCD source groups; transferred-QCD effective statistics below 2"":2,""fewer than 5 transferred-QCD rows"":10,""fewer than 5 transferred-QCD rows; fewer than 3 transferred-QCD source groups; transferred-QCD effective statistics below 2"":1,""fewer than 5 transferred-QCD rows; transferred-QCD effective statistics below 2"":1,""zero direct-QCD closure rows; fewer than 3 direct-QCD source groups; fewer than 5 transferred-QCD rows; fewer than 3 transferred-QCD source groups; nonfinite systematics-aware ZA"":1,""zero direct-QCD closure rows; fewer than 3 direct-QCD source groups; fewer than 5 transferred-QCD rows; nonfinite systematics-aware ZA"":1,""zero direct-QCD closure rows; fewer than 3 direct-QCD source groups; nonfinite systematics-aware ZA"":40}"	4.1108654907590635e-05	2.8956312848030202e-05	6.624838540810058e-05	238	True	paired_source_member_bootstrap_p16_p84
cut	0.24000000000000002	-15.565968174689187	2242	19.926081656048844	1741	30883.09865959111	12	12	212247.01568604956	7.985205921219538	3	3	636366.7959247864	1.6902026966275236	243130.11434564067	10.47197996714352	0.6664706313320352	2.4904270065012017	0.5579607009130129	559854.761091927	0.04041072075650328	3.559027542951308e-05	True	True		0.928734482834005	0.929932203433262	0.9126890714671138	0.9451147519059842	0.895007106480423	0.9536505115628084	1000	0	{}	0.041934655707703425	0.04089111255252498	0.03526475740701102	0.04895177950840835	0.031056747870739355	0.05754357009201983	1000	0	{}	4.092907327797795e-05	3.750844576370221e-05	2.599075405210428e-05	5.567269475763309e-05	2.0140612559718814e-05	7.809221384785899e-05	249	751	"{""fewer than 3 direct-QCD source groups"":703,""fewer than 3 direct-QCD source groups; fewer than 5 transferred-QCD rows"":3,""fewer than 3 direct-QCD source groups; fewer than 5 transferred-QCD rows; fewer than 3 transferred-QCD source groups"":2,""fewer than 5 transferred-QCD rows"":1,""zero direct-QCD closure rows; fewer than 3 direct-QCD source groups; fewer than 5 transferred-QCD rows; fewer than 3 transferred-QCD source groups; nonfinite systematics-aware ZA"":1,""zero direct-QCD closure rows; fewer than 3 direct-QCD source groups; nonfinite systematics-aware ZA"":41}"	3.559027542951308e-05	2.599075405210428e-05	5.567269475763309e-05	249	True	paired_source_member_bootstrap_p16_p84
cut	0.25	-16.032276969389223	2335	20.730777174949214	1852	33880.98108179291	12	12	212247.01568604956	7.985205921219538	3	3	636366.7959247864	1.6902026966275236	246127.99676784247	10.731207283291862	0.6664706313320352	2.4904270065012017	0.5579607009130129	559854.761091927	0.041785824770813974	3.7027823638335746e-05	True	True		0.9243027125218125	0.9251816699945683	0.9084291229594328	0.940334902642784	0.8902556620969939	0.9492904929339844	1000	0	{}	0.043319563871886575	0.042319121973922576	0.03657924587581083	0.05040187707611094	0.03221213531568811	0.05915588325544617	1000	0	{}	4.256016053838364e-05	3.893223009194831e-05	2.7034537933151086e-05	5.79935567519755e-05	2.09635978392112e-05	8.126872126965111e-05	249	751	"{""fewer than 3 direct-QCD source groups"":703,""fewer than 3 direct-QCD source groups; fewer than 5 transferred-QCD rows"":3,""fewer than 3 direct-QCD source groups; fewer than 5 transferred-QCD rows; fewer than 3 transferred-QCD source groups"":2,""fewer than 5 transferred-QCD rows"":1,""zero direct-QCD closure rows; fewer than 3 direct-QCD source groups; fewer than 5 transferred-QCD rows; fewer than 3 transferred-QCD source groups; nonfinite systematics-aware ZA"":1,""zero direct-QCD closure rows; fewer than 3 direct-QCD source groups; nonfinite systematics-aware ZA"":41}"	3.7027823638335746e-05	2.7034537933151086e-05	5.79935567519755e-05	249	True	paired_source_member_bootstrap_p16_p84
cut	0.26	-16.45976404860833	2429	21.575460977078816	1938	35687.594924480174	12	12	212247.01568604956	7.985205921219538	3	3	636366.7959247864	1.6902026966275236	247934.61061052972	10.888953451556377	0.6664706313320352	2.4904270065012017	0.5579607009130129	559854.761091927	0.043329652557475215	3.853636297361772e-05	True	True		0.9226859607285295	0.9234637682902908	0.9067902467046091	0.9387066463784748	0.8884049589535112	0.9478430219829957	1000	0	{}	0.044879084882605266	0.043901067384904846	0.03799714813134374	0.05216622210346072	0.03327514603042005	0.06079370501928574	1000	0	{}	4.4261764354110484e-05	4.0462943168773937e-05	2.8079569393963606e-05	6.0300300538150094e-05	2.1835497657976772e-05	8.437935620214448e-05	249	751	"{""fewer than 3 direct-QCD source groups"":703,""fewer than 3 direct-QCD source groups; fewer than 5 transferred-QCD rows"":3,""fewer than 3 direct-QCD source groups; fewer than 5 transferred-QCD rows; fewer than 3 transferred-QCD source groups"":2,""fewer than 5 transferred-QCD rows"":1,""zero direct-QCD closure rows; fewer than 3 direct-QCD source groups; fewer than 5 transferred-QCD rows; fewer than 3 transferred-QCD source groups; nonfinite systematics-aware ZA"":1,""zero direct-QCD closure rows; fewer than 3 direct-QCD source groups; nonfinite systematics-aware ZA"":41}"	3.853636297361772e-05	2.8079569393963606e-05	6.0300300538150094e-05	249	True	paired_source_member_bootstrap_p16_p84
cut	0.27	-16.871855452816195	2520	22.352046661229842	2021	37258.25092412923	13	13	222824.69150117802	8.629797374952364	3	3	636366.7959247864	1.6902026966275236	260082.94242530724	11.748968801705518	0.6498486518653714	2.4904270065012017	0.5579607009130129	586831.1552906999	0.043828351897923085	3.808838230526414e-05	True	True		0.9197601499460075	0.9209310671400353	0.9038828270328865	0.9359661590341072	0.8866905209008434	0.945373237342933	1000	0	{}	0.045364743181912005	0.04436715783682145	0.03854710265449242	0.05254433153015806	0.03401999555843287	0.06045378460677608	1000	0	{}	4.367290442685537e-05	4.0531977273676137e-05	2.780497402480687e-05	5.937046994403838e-05	2.175245451225765e-05	7.693235523162535e-05	249	751	"{""fewer than 3 direct-QCD source groups"":705,""fewer than 3 direct-QCD source groups; fewer than 5 transferred-QCD rows"":1,""fewer than 3 direct-QCD source groups; fewer than 5 transferred-QCD rows; fewer than 3 transferred-QCD source groups"":2,""fewer than 5 transferred-QCD rows"":1,""zero direct-QCD closure rows; fewer than 3 direct-QCD source groups; fewer than 5 transferred-QCD rows; fewer than 3 transferred-QCD source groups; nonfinite systematics-aware ZA"":1,""zero direct-QCD closure rows; fewer than 3 direct-QCD source groups; nonfinite systematics-aware ZA"":41}"	3.808838230526414e-05	2.780497402480687e-05	5.937046994403838e-05	249	True	paired_source_member_bootstrap_p16_p84
cut	0.28	-17.25041557612656	2616	23.2992614523169	2092	38378.09434387949	13	13	222824.69150117802	8.629797374952364	3	3	636366.7959247864	1.6902026966275236	261202.78584505751	11.850125565570327	0.6498486518653714	2.4904270065012017	0.5579607009130129	586831.1552906999	0.04558760705954851	3.970244466135935e-05	True	True		0.9182671173671471	0.9194785782901658	0.9025157992448587	0.9344074674046049	0.8848482691319155	0.9440651935956788	1000	0	{}	0.0471751994471779	0.04611537257219115	0.040172887165564816	0.05450470595785649	0.03553787544961589	0.06301046581052752	1000	0	{}	4.550868903202739e-05	4.213022809075929e-05	2.88939089161365e-05	6.20860652120391e-05	2.2601967971153e-05	8.027047302201322e-05	249	751	"{""fewer than 3 direct-QCD source groups"":705,""fewer than 3 direct-QCD source groups; fewer than 5 transferred-QCD rows"":1,""fewer than 3 direct-QCD source groups; fewer than 5 transferred-QCD rows; fewer than 3 transferred-QCD source groups"":2,""fewer than 5 transferred-QCD rows"":1,""zero direct-QCD closure rows; fewer than 3 direct-QCD source groups; fewer than 5 transferred-QCD rows; fewer than 3 transferred-QCD source groups; nonfinite systematics-aware ZA"":1,""zero direct-QCD closure rows; fewer than 3 direct-QCD source groups; nonfinite systematics-aware ZA"":41}"	3.970244466135935e-05	2.88939089161365e-05	6.20860652120391e-05	249	True	paired_source_member_bootstrap_p16_p84
cut	0.29000000000000004	-17.67434033501696	2710	24.155826583488903	2179	39833.07124349187	13	13	222824.69150117802	8.629797374952364	3	3	636366.7959247864	1.6902026966275236	262657.7627446699	11.982192080763912	0.6498486518653714	2.4904270065012017	0.5579607009130129	586831.1552906999	0.047132462012167135	4.116095689894553e-05	True	True		0.9167343537245454	0.9179013722372138	0.9010278495613645	0.9328619447318516	0.8830829191616333	0.9423678924478628	1000	0	{}	0.048746175139631795	0.04773025319785246	0.04155415259037254	0.05622970373830832	0.03687903528614335	0.06503153484845318	1000	0	{}	4.716205908306261e-05	4.381174859492548e-05	3.0047490693536282e-05	6.425115046447464e-05	2.3528162247801155e-05	8.253865774025282e-05	249	751	"{""fewer than 3 direct-QCD source groups"":705,""fewer than 3 direct-QCD source groups; fewer than 5 transferred-QCD rows"":1,""fewer than 3 direct-QCD source groups; fewer than 5 transferred-QCD rows; fewer than 3 transferred-QCD source groups"":2,""fewer than 5 transferred-QCD rows"":1,""zero direct-QCD closure rows; fewer than 3 direct-QCD source groups; fewer than 5 transferred-QCD rows; fewer than 3 transferred-QCD source groups; nonfinite systematics-aware ZA"":1,""zero direct-QCD closure rows; fewer than 3 direct-QCD source groups; nonfinite systematics-aware ZA"":41}"	4.116095689894553e-05	3.0047490693536282e-05	6.425115046447464e-05	249	True	paired_source_member_bootstrap_p16_p84
cut	0.30000000000000004	-18.125706001915667	2802	24.921680196406612	2283	42139.92293935673	15	15	255776.1092529077	10.390425017967724	3	3	636366.7959247864	1.6902026966275236	297916.03219226445	14.086187230283581	0.5980681096328941	2.4904270065012017	0.5579607009130129	670466.8222624313	0.04565878244624216	3.7169641561891784e-05	True	True		0.9140809700430537	0.915053031663734	0.8981889371897578	0.9302626135396297	0.8802855166088555	0.9399293445965465	1000	0	{}	0.04694634425172891	0.04616635669991756	0.04050287273146384	0.05337511676180044	0.03621413242116303	0.060924610873543894	1000	0	{}	4.184492623363013e-05	3.937720115621488e-05	2.8574757283395474e-05	5.451740276784181e-05	2.2685204266677446e-05	7.353443243575435e-05	250	750	"{""fewer than 3 direct-QCD source groups"":708,""zero direct-QCD closure rows; fewer than 3 direct-QCD source groups; nonfinite systematics-aware ZA"":42}"	3.7169641561891784e-05	2.8574757283395474e-05	5.451740276784181e-05	250	True	paired_source_member_bootstrap_p16_p84
cut	0.31	-18.568170263963122	2894	25.599819273894944	2376	44533.03196500781	15	15	255776.1092529077	10.390425017967724	3	3	636366.7959247864	1.6902026966275236	300309.1412179155	14.312806462280417	0.5980681096328941	2.4904270065012017	0.5579607009130129	670466.8222624313	0.046713935125430955	3.8181316172003176e-05	True	True		0.9103763544896895	0.911694123298781	0.8940511350630355	0.9265656423944885	0.877913929174416	0.9360225623321209	1000	0	{}	0.04800223869626235	0.04731606015695147	0.0414552853036923	0.054493831453332905	0.037070709216305675	0.06212995751778073	1000	0	{}	4.297999276446615e-05	4.03876927907906e-05	2.9409630165281416e-05	5.603149612618454e-05	2.3224826317589e-05	7.550623194497879e-05	250	750	"{""fewer than 3 direct-QCD source groups"":708,""zero direct-QCD closure rows; fewer than 3 direct-QCD source groups; nonfinite systematics-aware ZA"":42}"	3.8181316172003176e-05	2.9409630165281416e-05	5.603149612618454e-05	250	True	paired_source_member_bootstrap_p16_p84
cut	0.32	-18.982456121015478	2989	26.50889264061053	2463	46897.61933876235	17	17	277064.79790894885	11.768483880105046	3	3	636366.7959247864	1.6902026966275236	323962.4172477112	16.07739033658696	0.5646146221279342	2.4904270065012013	0.5579607009130129	724212.4292826297	0.046573443355256594	3.660262473896836e-05	True	True		0.8983078276995046	0.9003091181666131	0.8806343549605986	0.9153523648854507	0.8635319658726268	0.9270341652498658	1000	0	{}	0.047602393349363684	0.046945232037999864	0.04162252295818457	0.05394507296534554	0.03751505287925629	0.06032822890432588	1000	0	{}	4.025795485234944e-05	3.8468585333511334e-05	2.8586200722960968e-05	5.16523627475441e-05	2.3022151119320502e-05	7.018249063030929e-05	250	750	"{""fewer than 3 direct-QCD source groups"":708,""zero direct-QCD closure rows; fewer than 3 direct-QCD source groups; nonfinite systematics-aware ZA"":42}"	3.660262473896836e-05	2.8586200722960968e-05	5.16523627475441e-05	250	True	paired_source_member_bootstrap_p16_p84
cut	0.33	-19.465588944568537	3083	27.290745802893316	2564	47952.58936360778	17	17	277064.79790894885	11.768483880105046	3	3	636366.7959247864	1.6902026966275236	325017.38727255666	16.182017863320905	0.5646146221279342	2.4904270065012013	0.5579607009130129	724212.4292826297	0.047869184542434995	3.768281745199181e-05	True	True		0.8965810383092149	0.8985559445620406	0.8787872431785877	0.9136487055651412	0.8617553888097222	0.925465702248037	1000	0	{}	0.04891621734941093	0.0482595743012537	0.04280194260591282	0.05538814436564934	0.038570113233291715	0.06196746802337423	1000	0	{}	4.1444778048182974e-05	3.9449765719094184e-05	2.94549488024267e-05	5.346145588197946e-05	2.3672769034572158e-05	7.184310571598028e-05	250	750	"{""fewer than 3 direct-QCD source groups"":708,""zero direct-QCD closure rows; fewer than 3 direct-QCD source groups; nonfinite systematics-aware ZA"":42}"	3.768281745199181e-05	2.94549488024267e-05	5.346145588197946e-05	250	True	paired_source_member_bootstrap_p16_p84
cut	0.33999999999999997	-19.937320767233942	3179	28.200940838923714	2675	49901.56694856239	19	18	287652.54236259573	12.472754841013398	5	5	1349326.006614897	2.44407262525166	337554.1093111581	17.161953987306966	0.7868176104570607	2.4904270065012013	0.5579607009130129	768233.1214648442	0.048538444085799985	3.670801863030724e-05	True	True		0.8865240391416386	0.8890624487256423	0.8686027496916302	0.9038777439876822	0.8485194798133543	0.9149176727394884	1000	0	{}	0.04952491097817165	0.04876966267277508	0.04340417739713274	0.05591645160037185	0.039331110638997586	0.06261985522389915	1000	0	{}	4.01073306540507e-05	3.770110634264649e-05	2.8710061900567057e-05	5.1707210905637184e-05	2.3429451095296796e-05	6.944307076909965e-05	737	263	"{""fewer than 3 direct-QCD source groups"":257,""zero direct-QCD closure rows; fewer than 3 direct-QCD source groups; nonfinite systematics-aware ZA"":6}"	3.670801863030724e-05	2.8710061900567057e-05	5.1707210905637184e-05	737	True	paired_source_member_bootstrap_p16_p84
cut	0.35	-20.408086497073505	3274	29.084501192640182	2775	50719.10114300252	20	19	288381.69604241673	12.53506330955833	5	5	1349326.006614897	2.44407262525166	339100.79718541924	17.31800062239841	0.7862772268312754	2.4904270065012017	0.5579607009130129	770134.5740172889	0.04994488373929109	3.776363036149582e-05	True	True		0.8847763239842866	0.8872151049188325	0.8668997305909614	0.9021111866379187	0.8471539341043457	0.9135183623987363	1000	0	{}	0.050956272282548815	0.05028021408696187	0.04466045969699965	0.05748962201888994	0.04048976016677101	0.06437622657004965	1000	0	{}	4.1245684758700245e-05	3.879559653239651e-05	2.9514005312613165e-05	5.328285990233202e-05	2.4113398017869776e-05	7.155684898198494e-05	737	263	"{""fewer than 3 direct-QCD source groups"":257,""zero direct-QCD closure rows; fewer than 3 direct-QCD source groups; nonfinite systematics-aware ZA"":6}"	3.776363036149582e-05	2.9514005312613165e-05	5.328285990233202e-05	737	True	paired_source_member_bootstrap_p16_p84
cut	0.36	-20.873832106741155	3367	29.814500643680233	2910	53056.43781350155	22	20	309747.53071658727	13.980314163844005	5	5	1349326.006614897	2.44407262525166	362803.96853008884	19.164178495508054	0.770442777210185	2.4904270065012013	0.5579607009130129	825762.1048475308	0.049497763616008605	3.610414136167636e-05	True	True		0.8793200291359761	0.8813338489949836	0.8613028501968248	0.8966340388335299	0.8419882817045363	0.9077064288209687	1000	0	{}	0.05042727644507572	0.049993074093855006	0.04460865736686689	0.05606331297508162	0.04048300952228868	0.06334715189916995	1000	0	{}	3.918942757607432e-05	3.6989150171436946e-05	2.8671842992854352e-05	4.9374606765031975e-05	2.3562018989212616e-05	6.709520148599695e-05	737	263	"{""fewer than 3 direct-QCD source groups"":257,""zero direct-QCD closure rows; fewer than 3 direct-QCD source groups; nonfinite systematics-aware ZA"":6}"	3.610414136167636e-05	2.8671842992854352e-05	4.9374606765031975e-05	737	True	paired_source_member_bootstrap_p16_p84
cut	0.37	-21.24680594079878	3458	30.553369214764196	3008	55230.428449857005	25	23	380806.81648920936	15.800016704974267	5	5	1349326.006614897	2.44407262525166	436037.24493906635	20.702314452630564	0.7177799770979341	2.4904270065012013	0.5579607009130129	1009587.3813817113	0.04626922689413458	3.0262860789655832e-05	True	True		0.8762517657491189	0.8781241006374565	0.858344464947688	0.8936449277767042	0.8391532096794162	0.9053448574383456	1000	0	{}	0.0469932377341902	0.046521091167393336	0.04184419293775743	0.05206294544244012	0.03853851060434858	0.05909395297225297	1000	0	{}	3.227071202313075e-05	3.0776420523722315e-05	2.404666341309126e-05	4.008718097287076e-05	2.0345368265129758e-05	5.42377350490148e-05	737	263	"{""fewer than 3 direct-QCD source groups"":257,""zero direct-QCD closure rows; fewer than 3 direct-QCD source groups; nonfinite systematics-aware ZA"":6}"	3.0262860789655832e-05	2.404666341309126e-05	4.008718097287076e-05	737	True	paired_source_member_bootstrap_p16_p84
cut	0.38	-21.693008839102188	3551	31.370808162191352	3123	57524.683798559505	25	23	380806.81648920936	15.800016704974267	5	5	1349326.006614897	2.44407262525166	438331.5002877689	20.920190448995264	0.7177799770979341	2.4904270065012013	0.5579607009130129	1009587.3813817113	0.04738263250702683	3.107239922136174e-05	True	True		0.8724861414515097	0.874392424609074	0.8546885461120647	0.88969602999973	0.8353379438512619	0.9018403173988437	1000	0	{}	0.04810970231609447	0.0476773906125193	0.04283552085008421	0.053335742545101754	0.0394436803914467	0.06039602287942799	1000	0	{}	3.313210630258642e-05	3.157738296281736e-05	2.4643935663856362e-05	4.122483304465908e-05	2.0911197053362946e-05	5.563408800952436e-05	737	263	"{""fewer than 3 direct-QCD source groups"":257,""zero direct-QCD closure rows; fewer than 3 direct-QCD source groups; nonfinite systematics-aware ZA"":6}"	3.107239922136174e-05	2.4643935663856362e-05	4.122483304465908e-05	737	True	paired_source_member_bootstrap_p16_p84
cut	0.39	-22.135689955946415	3645	32.240326972043476	3230	59291.26701244326	28	25	414439.56598050613	17.67086402457611	5	5	1349326.006614897	2.44407262525166	473730.8329929494	23.073781228022842	0.6928543851161472	2.4904270065012013	0.5579607009130129	1096002.1826630519	0.04684127261134074	2.9414443048184775e-05	True	True		0.867540416145507	0.86967441881095	0.8491525109358347	0.8847183975322532	0.829805813061784	0.897242668357467	1000	0	{}	0.047471270154569936	0.04709381034591101	0.04247266971472906	0.05226911096907449	0.0388893451034395	0.05890336760934474	1000	0	{}	3.099436358540211e-05	2.9863711913213312e-05	2.3640750399464857e-05	3.788734704694309e-05	1.979942690861743e-05	5.025538783472851e-05	737	263	"{""fewer than 3 direct-QCD source groups"":257,""zero direct-QCD closure rows; fewer than 3 direct-QCD source groups; nonfinite systematics-aware ZA"":6}"	2.9414443048184775e-05	2.3640750399464857e-05	3.788734704694309e-05	737	True	paired_source_member_bootstrap_p16_p84
cut	0.4	-22.646401569418334	3741	33.0507908112248	3358	61186.39460564943	28	25	414439.56598050613	17.67086402457611	5	5	1349326.006614897	2.44407262525166	475625.96058615553	23.258295670389213	0.6928543851161472	2.4904270065012013	0.5579607009130129	1096002.1826630519	0.04792300583111742	3.015637222687988e-05	True	True		0.863852240197676	0.8661278281361792	0.8454317188544037	0.8813925385234181	0.8259594500467939	0.8935644656362626	1000	0	{}	0.048559036784722974	0.04815562362236922	0.043443140251135444	0.05350121966192074	0.0398703104459889	0.06011704509409809	1000	0	{}	3.177039611822688e-05	3.0523142796651937e-05	2.4296185507670236e-05	3.8917434071923825e-05	2.0220503735139863e-05	5.1456044690168284e-05	737	263	"{""fewer than 3 direct-QCD source groups"":257,""zero direct-QCD closure rows; fewer than 3 direct-QCD source groups; nonfinite systematics-aware ZA"":6}"	3.015637222687988e-05	2.4296185507670236e-05	3.8917434071923825e-05	737	True	paired_source_member_bootstrap_p16_p84
cut	0.41000000000000003	-23.06362102733833	3835	33.869828780378064	3456	62717.86239481672	30	27	441592.772901874	19.294031185159316	5	5	1349326.006614897	2.44407262525166	504310.6352966907	25.147283412500514	0.6727308517459663	2.4904270065012013	0.5579607009130129	1165513.3003935139	0.047693487056404284	2.9059348034171108e-05	True	True		0.8616930269200157	0.8639762063045462	0.8433014261829177	0.8793421102092349	0.8241179130386	0.8915636666202581	1000	0	{}	0.0482820242552825	0.04797235923072818	0.04347783109000181	0.0528495276355671	0.04011204531429546	0.05961127949764557	1000	0	{}	3.0460183995647406e-05	2.9416885196164196e-05	2.3358474806548288e-05	3.722567701853696e-05	1.9916606307780987e-05	4.895743494793275e-05	737	263	"{""fewer than 3 direct-QCD source groups"":257,""zero direct-QCD closure rows; fewer than 3 direct-QCD source groups; nonfinite systematics-aware ZA"":6}"	2.9059348034171108e-05	2.3358474806548288e-05	3.722567701853696e-05	737	True	paired_source_member_bootstrap_p16_p84
cut	0.42000000000000004	-23.60187795869388	3928	34.699533668003774	3604	65844.68243225466	31	28	452212.17636561353	20.009886334432178	5	5	1349326.006614897	2.44407262525166	518056.8587978682	26.243309407203444	0.6648606977493197	2.4904270065012017	0.5579607009130129	1192639.343684279	0.0482092168221783	2.9093833196278198e-05	True	True		0.8576292447734598	0.8593886841052696	0.839440303254507	0.8748485293620214	0.8200700499873825	0.8877714131947916	1000	0	{}	0.048776351539837684	0.04839148465660968	0.044171134341723886	0.053299803765765486	0.04051507069142215	0.05990102319666006	1000	0	{}	3.0425653162895637e-05	2.9418896815089955e-05	2.3757960044938844e-05	3.667103428769576e-05	2.0065849792006937e-05	4.886777071909615e-05	737	263	"{""fewer than 3 direct-QCD source groups"":257,""zero direct-QCD closure rows; fewer than 3 direct-QCD source groups; nonfinite systematics-aware ZA"":6}"	2.9093833196278198e-05	2.3757960044938844e-05	3.667103428769576e-05	737	True	paired_source_member_bootstrap_p16_p84
cut	0.43000000000000005	-24.04325154162765	4021	35.45457086899056	3724	68389.00864095983	32	28	468672.10068165883	20.93798958159815	5	5	1349326.006614897	2.44407262525166	537061.1093226187	27.475436386247356	0.6526620710013338	2.4904270065012017	0.5579607009130129	1234620.967351975	0.04837885690129572	2.871795520120364e-05	True	True		0.8520700229269198	0.8540612127672744	0.8337246887334052	0.8693834680089303	0.8148301061599869	0.8823682073342258	1000	0	{}	0.04893901676351273	0.04859179750036752	0.044170122340852845	0.05366641150612329	0.04073992595200268	0.060204362075031576	1000	0	{}	2.9998166923941327e-05	2.8892871573574838e-05	2.3241484769629847e-05	3.6162267779729546e-05	1.9515211924222683e-05	4.8266311781069964e-05	737	263	"{""fewer than 3 direct-QCD source groups"":257,""zero direct-QCD closure rows; fewer than 3 direct-QCD source groups; nonfinite systematics-aware ZA"":6}"	2.871795520120364e-05	2.3241484769629847e-05	3.6162267779729546e-05	737	True	paired_source_member_bootstrap_p16_p84
cut	0.44000000000000006	-24.50843980649354	4117	36.3025965704281	3834	70799.4518219936	32	28	468672.10068165883	20.93798958159815	6	6	1351428.4859905671	2.4516805725987	539471.5525036524	27.721946955683954	0.6532024405729967	2.4904270065012017	0.5579607009130129	1234683.7374091663	0.04942521242012376	2.9402471705513694e-05	True	True		0.848396872592341	0.8502371891001435	0.830433805758541	0.8658259849967842	0.8113811287070054	0.8793589153265006	1000	0	{}	0.04999272115448606	0.049624116308712815	0.045134068393379904	0.05483474132454946	0.04157838010188693	0.06143137587780414	1000	0	{}	3.0279458689643792e-05	2.946483400834628e-05	2.3645822550587242e-05	3.7038683418743865e-05	1.8594613083065223e-05	4.8445951388475035e-05	881	119	"{""fewer than 3 direct-QCD source groups"":117,""zero direct-QCD closure rows; fewer than 3 direct-QCD source groups; nonfinite systematics-aware ZA"":2}"	2.9402471705513694e-05	2.3645822550587242e-05	3.7038683418743865e-05	881	True	paired_source_member_bootstrap_p16_p84
cut	0.45000000000000007	-25.02248808968877	4211	37.27154708878126	3968	72191.75683610496	34	29	489368.42573453323	22.216805229867585	6	6	1351428.4859905671	2.4516805725987	561560.1825706381	29.23446887045208	0.6378880341745667	2.4904270065012017	0.5579607009130129	1287369.0049836484	0.049736413242277504	2.8953204792613107e-05	True	True		0.8421999724464838	0.8440173155128803	0.8241862920477031	0.8599383703962642	0.8050156204639073	0.8735639074583231	1000	0	{}	0.050306755164248075	0.04981578703544879	0.04528412343232212	0.05501521965350525	0.04208792468775556	0.060788701135201656	1000	0	{}	2.9783269944337976e-05	2.9073318778709702e-05	2.32266261130441e-05	3.652273894751646e-05	1.8463808571371214e-05	4.6698517182959333e-05	881	119	"{""fewer than 3 direct-QCD source groups"":117,""zero direct-QCD closure rows; fewer than 3 direct-QCD source groups; nonfinite systematics-aware ZA"":2}"	2.8953204792613107e-05	2.32266261130441e-05	3.652273894751646e-05	881	True	paired_source_member_bootstrap_p16_p84
cut	0.45999999999999996	-25.425427952588855	4304	38.026934072609556	4067	74417.52567463517	39	33	571123.9094236514	24.68269736498405	6	6	1351428.4859905671	2.4516805725987	645541.4350982866	31.515341189001365	0.5773924293115442	2.4904270065012013	0.5579607009130129	1494439.1929332635	0.047328744753976804	2.5446336754816524e-05	True	True		0.8396885548935745	0.8411775029498294	0.8214176107790009	0.8575277099406186	0.8023280852759496	0.8709442658292088	1000	0	{}	0.04783211563559297	0.04751731639719477	0.04366564864662509	0.052102011012700976	0.04017163056217257	0.057574294417835785	1000	0	{}	2.5846910714682598e-05	2.538616216727411e-05	2.0850153413165708e-05	3.114255965656063e-05	1.5432046416485107e-05	3.988278129721895e-05	881	119	"{""fewer than 3 direct-QCD source groups"":117,""zero direct-QCD closure rows; fewer than 3 direct-QCD source groups; nonfinite systematics-aware ZA"":2}"	2.5446336754816524e-05	2.0850153413165708e-05	3.114255965656063e-05	881	True	paired_source_member_bootstrap_p16_p84
cut	0.47	-25.897818378561297	4395	38.678333879533135	4194	77022.32680506902	39	33	571123.9094236514	24.68269736498405	6	6	1351428.4859905671	2.4516805725987	648146.2362287204	31.769536438797196	0.5773924293115442	2.4904270065012013	0.5579607009130129	1494439.1929332635	0.04804264802513912	2.587712428802083e-05	True	True		0.8353049143915423	0.836758475121297	0.8171101332584043	0.8532326535503939	0.7986420880618285	0.8663278039558435	1000	0	{}	0.04855465665160645	0.04824899086698389	0.044374247210444154	0.052856839298687945	0.04079463431517893	0.05846948257781485	1000	0	{}	2.6292758343843628e-05	2.5830160017000042e-05	2.123869029044108e-05	3.167995535935147e-05	1.5711456213002813e-05	4.0477308217732646e-05	881	119	"{""fewer than 3 direct-QCD source groups"":117,""zero direct-QCD closure rows; fewer than 3 direct-QCD source groups; nonfinite systematics-aware ZA"":2}"	2.587712428802083e-05	2.123869029044108e-05	3.167995535935147e-05	881	True	paired_source_member_bootstrap_p16_p84
cut	0.48	-26.327153221002334	4489	39.4969786441233	4305	79102.32212728186	40	33	587693.3062829432	25.603734232653196	6	6	1351428.4859905671	2.4516805725987	666795.628410225	32.93964146270182	0.5651317754692902	2.4904270065012013	0.5579607009130129	1536221.8426628786	0.04836856643541467	2.5709838350228886e-05	True	True		0.8314428536567771	0.8328488574014674	0.813194883365491	0.8495610197362788	0.7947350981854402	0.8627024614116943	1000	0	{}	0.04888338519703452	0.04854868140689957	0.04456194805206395	0.053344479539861954	0.04096156294207743	0.058822783602259864	1000	0	{}	2.60888460368297e-05	2.5620618837191172e-05	2.1005437447098855e-05	3.1623418439132226e-05	1.5075373151373776e-05	4.013830915038381e-05	881	119	"{""fewer than 3 direct-QCD source groups"":117,""zero direct-QCD closure rows; fewer than 3 direct-QCD source groups; nonfinite systematics-aware ZA"":2}"	2.5709838350228886e-05	2.1005437447098855e-05	3.1623418439132226e-05	881	True	paired_source_member_bootstrap_p16_p84
cut	0.49	-26.88780000562864	4583	40.34116172304537	4444	82390.15716034338	41	34	631234.2615169002	25.898386087007598	6	6	1351428.4859905671	2.4516805725987	713624.4186772435	33.08148283596882	0.5329133076144836	2.490427006501201	0.5579607009130129	1645760.209702299	0.04775396731333257	2.4513727815714913e-05	True	True		0.8251356671130606	0.8264380231113784	0.8065460598141354	0.8427542359003838	0.787950427325568	0.8569806173959615	1000	0	{}	0.04821629864453478	0.047773605608561184	0.0438663402573736	0.0523656304727961	0.040546477040245756	0.05759833413305944	1000	0	{}	2.4765071405026248e-05	2.434223222157745e-05	1.9784050863934354e-05	3.0032615801970932e-05	1.3456899498427292e-05	3.7435319067941444e-05	881	119	"{""fewer than 3 direct-QCD source groups"":117,""zero direct-QCD closure rows; fewer than 3 direct-QCD source groups; nonfinite systematics-aware ZA"":2}"	2.4513727815714913e-05	1.9784050863934354e-05	3.0032615801970932e-05	881	True	paired_source_member_bootstrap_p16_p84
cut	0.5	-27.43390301699262	4677	41.02345936450694	4588	84559.54537392034	41	34	631234.2615169002	25.898386087007598	6	6	1351428.4859905671	2.4516805725987	715793.8068908205	33.282451553215814	0.5329133076144836	2.490427006501201	0.5579607009130129	1645760.209702299	0.04848798800427243	2.4926776239222007e-05	True	True		0.8221102055666618	0.8234100242466706	0.8038750353100984	0.8396902423216336	0.7845609347674146	0.8536478049700748	1000	0	{}	0.04895489027236566	0.04848050625765885	0.044542665261558034	0.053165922932806135	0.04124216380622401	0.05843500859952496	1000	0	{}	2.518375005101732e-05	2.4765650224266503e-05	2.0151761237690695e-05	3.0525400906555996e-05	1.3678297596966801e-05	3.80837560712965e-05	881	119	"{""fewer than 3 direct-QCD source groups"":117,""zero direct-QCD closure rows; fewer than 3 direct-QCD source groups; nonfinite systematics-aware ZA"":2}"	2.4926776239222007e-05	2.0151761237690695e-05	3.0525400906555996e-05	881	True	paired_source_member_bootstrap_p16_p84
cut	0.51	-27.96728757240813	4771	41.78075106616429	4720	87188.05685706108	43	35	658405.9177441666	27.48499128876907	6	6	1351428.4859905671	2.4516805725987	745593.9746012277	35.225683780700834	0.5128074296424426	2.4904270065012017	0.5579607009130129	1713945.5970067626	0.04838614158409074	2.437911929067792e-05	True	True		0.8187201009734715	0.8197159832892112	0.7999808497432961	0.8363710223216141	0.7809724807947717	0.851126251483503	1000	0	{}	0.04886354921723356	0.04842124561559209	0.044585586446537366	0.05298606817546306	0.04125097100614401	0.05838230965650235	1000	0	{}	2.460671861814811e-05	2.423654385872632e-05	1.974057737443922e-05	2.978240159617962e-05	1.3194451107747285e-05	3.721909892107478e-05	881	119	"{""fewer than 3 direct-QCD source groups"":117,""zero direct-QCD closure rows; fewer than 3 direct-QCD source groups; nonfinite systematics-aware ZA"":2}"	2.437911929067792e-05	1.974057737443922e-05	2.978240159617962e-05	881	True	paired_source_member_bootstrap_p16_p84
cut	0.52	-28.453558366632663	4863	42.57138428929525	4854	89416.10948204085	44	36	669032.8204380536	28.177630449206397	6	6	1351428.4859905671	2.4516805725987	758448.9299200944	36.19131227252971	0.5049439704923289	2.490427006501202	0.5579607009130129	1740580.559415363	0.04888217687364116	2.446111526741496e-05	True	True		0.8156022933438632	0.8167071121508116	0.7968017360104935	0.8335500047183128	0.7782677271457845	0.8475221923677577	1000	0	{}	0.049342867938111996	0.048975319458147565	0.04503634576042881	0.05351946492434373	0.04157679138870124	0.0587526110751076	1000	0	{}	2.463842168175057e-05	2.4365312217732372e-05	1.9869921000542933e-05	2.9826043608707813e-05	1.2953116587078509e-05	3.69783128142544e-05	881	119	"{""fewer than 3 direct-QCD source groups"":117,""zero direct-QCD closure rows; fewer than 3 direct-QCD source groups; nonfinite systematics-aware ZA"":2}"	2.446111526741496e-05	1.9869921000542933e-05	2.9826043608707813e-05	881	True	paired_source_member_bootstrap_p16_p84
cut	0.53	-29.056642584753796	4956	43.41287469072523	5015	92694.43902095423	46	38	729841.4418348689	29.402278017224784	6	6	1351428.4859905671	2.4516805725987	822535.880855823	37.3249451321332	0.45994815900309277	2.4904270065012013	0.5579607009130129	1892682.9284898257	0.04786712002402228	2.2937210840871425e-05	True	True		0.810402209707813	0.8114184364320662	0.7919301374368463	0.828160644794577	0.7732480299359211	0.8421095674687683	1000	0	{}	0.04827330173646973	0.0481382009728347	0.04412983202832831	0.05209764723941182	0.04100953912984077	0.05692709468393133	1000	0	{}	2.2905650733926466e-05	2.295315867953289e-05	1.8518147514336464e-05	2.7423109456464185e-05	1.1657364013397255e-05	3.393445699701051e-05	881	119	"{""fewer than 3 direct-QCD source groups"":117,""zero direct-QCD closure rows; fewer than 3 direct-QCD source groups; nonfinite systematics-aware ZA"":2}"	2.2937210840871425e-05	1.8518147514336464e-05	2.7423109456464185e-05	881	True	paired_source_member_bootstrap_p16_p84
cut	0.54	-29.670420053739175	5048	44.152786869657	5173	96412.16046155576	48	39	756852.4612812627	30.965254482937826	6	6	1351428.4859905671	2.4516805725987	853264.6217428185	39.33515957243191	0.43996114546415926	2.4904270065012017	0.5579607009130129	1960103.6039780758	0.04779830607372745	2.2524369231433195e-05	True	True		0.8040288359774567	0.8049913216324047	0.7847362074308808	0.8223984965564439	0.7660895282804457	0.8367090930052643	1000	0	{}	0.04819121078548038	0.04806195510359444	0.04429417891894856	0.05197329276241726	0.040859354385281814	0.056656075665164264	1000	0	{}	2.2435520537630213e-05	2.2514978152901814e-05	1.8224348432954114e-05	2.6952735865213347e-05	1.1045798579331862e-05	3.336421361765462e-05	881	119	"{""fewer than 3 direct-QCD source groups"":117,""zero direct-QCD closure rows; fewer than 3 direct-QCD source groups; nonfinite systematics-aware ZA"":2}"	2.2524369231433195e-05	1.8224348432954114e-05	2.6952735865213347e-05	881	True	paired_source_member_bootstrap_p16_p84
cut	0.55	-30.221752260083125	5142	44.89801716317486	5337	99131.06745550907	49	39	767479.3639751498	31.647719940351056	6	6	1351428.4859905671	2.4516805725987	866610.4314306589	40.32858438151494	0.4320976863140454	2.4904270065012013	0.5579607009130129	1986608.9154143573	0.04822935517641128	2.2599177856466874e-05	True	True		0.8007301337905385	0.8017416470670925	0.7812526793280183	0.8189492575058356	0.7628080521416001	0.8334060754978232	1000	0	{}	0.04861761418386125	0.048544539842156405	0.04460802681900804	0.0524578870793845	0.04133163874136292	0.05707652371416915	1000	0	{}	2.2486053575365374e-05	2.2485712308557325e-05	1.8216649265265886e-05	2.708052690646032e-05	1.0739019415403401e-05	3.2763583247328836e-05	881	119	"{""fewer than 3 direct-QCD source groups"":117,""zero direct-QCD closure rows; fewer than 3 direct-QCD source groups; nonfinite systematics-aware ZA"":2}"	2.2599177856466874e-05	1.8216649265265886e-05	2.708052690646032e-05	881	True	paired_source_member_bootstrap_p16_p84
cut	0.56	-30.777703284731896	5237	45.74403178659567	5492	102630.61187240639	49	39	767479.3639751498	31.647719940351056	6	6	1351428.4859905671	2.4516805725987	870109.9758475563	40.65409444246256	0.4320976863140454	2.4904270065012013	0.5579607009130129	1986608.9154143573	0.04903922076144961	2.302491524384106e-05	True	True		0.7932899160658512	0.7937483035611765	0.7739609122816864	0.8123898634261563	0.7551415842712865	0.8264100909616905	1000	0	{}	0.04943547963040756	0.04931567392212122	0.04537122472569488	0.05326058467102651	0.04197518032176831	0.05812103290146885	1000	0	{}	2.29123912210552e-05	2.2917878739251077e-05	1.8557111510129816e-05	2.7528440256062964e-05	1.097746345527375e-05	3.345087732779418e-05	881	119	"{""fewer than 3 direct-QCD source groups"":117,""zero direct-QCD closure rows; fewer than 3 direct-QCD source groups; nonfinite systematics-aware ZA"":2}"	2.302491524384106e-05	1.8557111510129816e-05	2.7528440256062964e-05	881	True	paired_source_member_bootstrap_p16_p84
cut	0.5700000000000001	-31.267443311556303	5331	46.500824105437644	5635	104309.44638895974	49	39	767479.3639751498	31.647719940351056	6	6	1351428.4859905671	2.4516805725987	871788.8103641096	40.810761696569045	0.4320976863140454	2.4904270065012013	0.5579607009130129	1986608.9154143573	0.049802499948712414	2.3404339128833625e-05	True	True		0.7892237621033432	0.7896130878175678	0.7701001359505465	0.8080716113411305	0.7510031803548117	0.8225969354349895	1000	0	{}	0.05020364264203939	0.05009482634793286	0.04606351165634846	0.0540743637598781	0.04262119097012169	0.058920265415207715	1000	0	{}	2.32927781268162e-05	2.3311792640134146e-05	1.8860827432384266e-05	2.800820909044972e-05	1.1169376905639842e-05	3.3924025928955756e-05	881	119	"{""fewer than 3 direct-QCD source groups"":117,""zero direct-QCD closure rows; fewer than 3 direct-QCD source groups; nonfinite systematics-aware ZA"":2}"	2.3404339128833625e-05	1.8860827432384266e-05	2.800820909044972e-05	881	True	paired_source_member_bootstrap_p16_p84
cut	0.58	-31.890901726294658	5425	47.38264512196186	5812	107657.10957133271	50	39	778162.2813122349	32.33660969047338	6	6	1351428.4859905671	2.4516805725987	885819.3908835676	41.877539489623395	0.4241927786938284	2.4904270065012017	0.5579607009130129	2013243.7824581312	0.05034343425503084	2.3535971272678432e-05	True	True		0.7826313578898846	0.7830225486194782	0.7635317851497565	0.8011141725981572	0.7443332673608016	0.8162856510829567	1000	0	{}	0.05074458324356229	0.050586245916730777	0.046595414353079255	0.054735872263758714	0.04327661894013818	0.059734390825327714	1000	0	{}	2.34012525563425e-05	2.3529434248800053e-05	1.8911493287299984e-05	2.8117892649395307e-05	1.1249800259727405e-05	3.4040081787917055e-05	881	119	"{""fewer than 3 direct-QCD source groups"":117,""zero direct-QCD closure rows; fewer than 3 direct-QCD source groups; nonfinite systematics-aware ZA"":2}"	2.3535971272678432e-05	1.8911493287299984e-05	2.8117892649395307e-05	881	True	paired_source_member_bootstrap_p16_p84
cut	0.59	-32.49731956844684	5519	48.177502587920756	5986	111413.07153793701	52	39	788849.4623636495	33.031313516997216	6	6	1351428.4859905671	2.4516805725987	900262.5339015865	42.99373563519765	0.41628471610509205	2.4904270065012017	0.5579607009130129	2039879.8720196798	0.050775688578076926	2.361872645754722e-05	True	True		0.7684183423283543	0.7693597453057311	0.7487666890903575	0.7880327647970352	0.7270864778695636	0.8027985701267863	1000	0	{}	0.05116918046176716	0.051071524103081675	0.04701696918299192	0.05507725799713286	0.04356627082396359	0.060241905026290864	1000	0	{}	2.3449436243204604e-05	2.3584720093617252e-05	1.9082962800909563e-05	2.80643685902694e-05	1.1418203003962883e-05	3.413543333347788e-05	881	119	"{""fewer than 3 direct-QCD source groups"":117,""zero direct-QCD closure rows; fewer than 3 direct-QCD source groups; nonfinite systematics-aware ZA"":2}"	2.361872645754722e-05	1.9082962800909563e-05	2.80643685902694e-05	881	True	paired_source_member_bootstrap_p16_p84
cut	0.6	-33.153214936278175	5613	49.02163870698148	6163	115275.26729119304	53	40	805540.738901138	33.94197943144343	6	6	1351428.4859905671	2.4516805725987	920816.006192331	44.32327113430087	0.4039338764487457	2.4904270065012017	0.5579607009130129	2081463.2429935776	0.05108548743259213	2.3549284331230833e-05	True	True		0.7620523197883553	0.7634637430722893	0.7429488949652533	0.7811944519231534	0.7203996982803348	0.7954584885234965	1000	0	{}	0.05146159079147523	0.05140054799199795	0.047421886363578886	0.0554672869583	0.044119278638432985	0.06022628228765703	1000	0	{}	2.3332632183058516e-05	2.354777109137657e-05	1.9056581340767763e-05	2.7845264754485833e-05	1.0901963722308973e-05	3.373616203741814e-05	881	119	"{""fewer than 3 direct-QCD source groups"":117,""zero direct-QCD closure rows; fewer than 3 direct-QCD source groups; nonfinite systematics-aware ZA"":2}"	2.3549284331230833e-05	1.9056581340767763e-05	2.7845264754485833e-05	881	True	paired_source_member_bootstrap_p16_p84
cut	0.61	-33.7112589264642	5707	49.81586585866607	6326	118955.35701256667	54	40	822002.7611383862	34.84943357472228	6	6	1351428.4859905671	2.4516805725987	940958.1181509529	45.63614157803115	0.39175267529167374	2.4904270065012017	0.5579607009130129	2122457.7646807646	0.05135452357473328	2.3472849035242348e-05	True	True		0.7579984199809543	0.7592278741296679	0.7385577232741898	0.7771206257825438	0.7165214502034732	0.7912783750526917	1000	0	{}	0.05173596926604522	0.05160412655197594	0.04755543618503397	0.0556869762490621	0.04452981650286822	0.0600792414687385	1000	0	{}	2.3232646882569413e-05	2.3451585549496727e-05	1.902464079358757e-05	2.781935347753096e-05	1.0403415366450377e-05	3.349184673447749e-05	881	119	"{""fewer than 3 direct-QCD source groups"":117,""zero direct-QCD closure rows; fewer than 3 direct-QCD source groups; nonfinite systematics-aware ZA"":2}"	2.3472849035242348e-05	1.902464079358757e-05	2.781935347753096e-05	881	True	paired_source_member_bootstrap_p16_p84
cut	0.62	-34.291607658578236	5800	50.570961229151116	6489	121953.31069832412	55	41	822051.9325452227	34.853598671641755	7	7	1382605.763033287	2.5627613292111144	944005.2432435468	45.931450957508545	0.40543287571597414	2.4904270065012013	0.5579607009130129	2124320.041222697	0.05204872888918859	2.380676197045883e-05	True	True		0.7498695970958101	0.7510937007005986	0.7302907630510536	0.7691411750930319	0.7094165852030347	0.7844226506176537	1000	0	{}	0.05243148132469416	0.05229078217039239	0.048163507234509774	0.056405822248649325	0.04506404135989424	0.06098543168267087	1000	0	{}	2.339536615617749e-05	2.3688870034146582e-05	1.8992134216565e-05	2.8116385732056176e-05	8.003615569042782e-06	3.389969143551246e-05	937	63	"{""fewer than 3 direct-QCD source groups"":63}"	2.380676197045883e-05	1.8992134216565e-05	2.8116385732056176e-05	937	True	paired_source_member_bootstrap_p16_p84
cut	0.63	-34.914619598645515	5893	51.36327838688968	6679	125035.04306909189	59	44	943153.6417806605	37.34194274167168	7	7	1382605.763033287	2.5627613292111144	1068188.6848497523	47.87273166288476	0.31784340337806505	2.4904270065012017	0.5579607009130129	2425678.815747507	0.04969643881167272	2.117169942535624e-05	True	True		0.7433383550451523	0.7443696898826347	0.723762745676939	0.7624017645850628	0.7025562563665776	0.7774718327027724	1000	0	{}	0.05002235476726588	0.04975639499949277	0.04622813890002096	0.05393308606056755	0.04326160242882451	0.05810928100187643	1000	0	{}	2.0589176809287598e-05	2.080882985536876e-05	1.6901205711438e-05	2.4921225442225456e-05	6.2955609557416555e-06	2.973332258217638e-05	937	63	"{""fewer than 3 direct-QCD source groups"":63}"	2.117169942535624e-05	1.6901205711438e-05	2.4921225442225456e-05	937	True	paired_source_member_bootstrap_p16_p84
cut	0.64	-35.557514793649204	5986	52.19336913090364	6865	128591.60382336364	60	45	943161.4143773193	37.34255812474879	7	7	1382605.763033287	2.5627613292111144	1071753.018200683	48.19200039416875	0.31783778167673366	2.4904270065012017	0.5579607009130129	2425698.150682172	0.050415543029519956	2.1515986472281492e-05	True	True		0.7391562028526624	0.7403402269377064	0.7195056171553189	0.7584495562191358	0.6980649800914659	0.7724942973181538	1000	0	{}	0.05074508129996191	0.05048265545920859	0.04694352245716958	0.05468467268104246	0.043894058202005815	0.05897131479689203	1000	0	{}	2.092187598791524e-05	2.115109183654052e-05	1.7188541563893752e-05	2.5276470968117092e-05	6.38818302185816e-06	3.0194455552102967e-05	937	63	"{""fewer than 3 direct-QCD source groups"":63}"	2.1515986472281492e-05	1.7188541563893752e-05	2.5276470968117092e-05	937	True	paired_source_member_bootstrap_p16_p84
cut	0.65	-36.46377166600843	6080	53.12436945176508	7104	132431.37922145094	62	46	954516.164935329	38.065800695882416	7	7	1382605.763033287	2.5627613292111144	1086947.54415678	49.332500380515974	0.30962520882219946	2.4904270065012017	0.5579607009130129	2453944.775693815	0.05095490050104589	2.1645020749756392e-05	True	True		0.7215801191356787	0.7230076967282655	0.7013246077921335	0.7423753664144532	0.6782343037436923	0.7585825821872448	1000	0	{}	0.05128789444162229	0.05108171649418865	0.047405818863940685	0.05528686124245892	0.04437908630676525	0.05966229067291241	1000	0	{}	2.103387798110313e-05	2.132895967038043e-05	1.731660697996897e-05	2.536686009572769e-05	6.407851805718878e-06	3.0215139843934756e-05	937	63	"{""fewer than 3 direct-QCD source groups"":63}"	2.1645020749756392e-05	1.731660697996897e-05	2.536686009572769e-05	937	True	paired_source_member_bootstrap_p16_p84
cut	0.66	-37.30523338526003	6175	53.88369237251336	7342	135691.94907753463	65	47	1025242.3834959423	40.09161759327542	7	7	1382605.763033287	2.5627613292111144	1160934.332573477	51.37831753812144	0.2584709170843669	2.4904270065012017	0.5579607009130129	2629972.343938457	0.05000922923929788	2.048771674402338e-05	True	True		0.7160635206501386	0.7175393016207608	0.6958692093140215	0.7370310678245711	0.6722539883045846	0.7536576326912947	1000	0	{}	0.0503567246985433	0.05009831287401659	0.046388767271016505	0.05438448854515918	0.04327624583748612	0.05853680944589675	1000	0	{}	1.9844962576824558e-05	2.0021743792910977e-05	1.6172433176328602e-05	2.416994439292453e-05	5.180269903339953e-06	2.897523844951763e-05	937	63	"{""fewer than 3 direct-QCD source groups"":63}"	2.048771674402338e-05	1.6172433176328602e-05	2.416994439292453e-05	937	True	paired_source_member_bootstrap_p16_p84
cut	0.67	-38.01818330162413	6268	54.63920690111868	7537	138377.9990089965	66	48	1035800.0610687583	40.74833541630996	7	7	1382605.763033287	2.5627613292111144	1174178.0600777548	52.334291316297076	0.25083484478154827	2.4904270065012013	0.5579607009130129	2656269.813082041	0.05042362195619074	2.0570359133542256e-05	True	True		0.7057427456330979	0.7069856708009405	0.6852649474011104	0.7268522072396432	0.6628854768860085	0.7432372990645376	1000	0	{}	0.050742045443325653	0.050450890186532656	0.046725744787984434	0.05475215973905477	0.043646064108197706	0.05878638796922466	1000	0	{}	1.9878413098601894e-05	2.0096585482416752e-05	1.6247712013472008e-05	2.4217972912914527e-05	5.279675784159788e-06	2.8816324811624645e-05	937	63	"{""fewer than 3 direct-QCD source groups"":63}"	2.0570359133542256e-05	1.6247712013472008e-05	2.4217972912914527e-05	937	True	paired_source_member_bootstrap_p16_p84
cut	0.6799999999999999	-38.89297724493987	6362	55.48348151505242	7789	143413.48025350602	68	50	1040756.1839094298	41.11043511468226	7	7	1382605.763033287	2.5627613292111144	1184169.664162936	53.190435877843164	0.24725022002937136	2.4904270065012013	0.5579607009130129	2668617.2754191784	0.05098628246863646	2.0792601242650824e-05	True	True		0.6953237245443427	0.6962140040191419	0.6744633299856594	0.7158553589637654	0.6528666392688209	0.7333222349079224	1000	0	{}	0.05129822847791249	0.051021536136118935	0.04726759942621801	0.05528649356112219	0.044257898840715564	0.05931094978043311	1000	0	{}	2.0078178978809864e-05	2.031284385843251e-05	1.642848691767983e-05	2.4424702908329556e-05	5.271886871291092e-06	2.893356108037905e-05	937	63	"{""fewer than 3 direct-QCD source groups"":63}"	2.0792601242650824e-05	1.642848691767983e-05	2.4424702908329556e-05	937	True	paired_source_member_bootstrap_p16_p84
cut	0.69	-39.62412699332585	6454	56.23625309954344	8036	147249.802331393	72	51	1071939.207019477	42.96454030874592	7	7	1382605.763033287	2.5627613292111144	1219189.0093508698	55.547042292113765	0.2246964133378421	2.4904270065012013	0.5579607009130129	2746348.267290101	0.050930450620565136	2.047381956561782e-05	True	True		0.6874594430766349	0.6882935344275165	0.666370462677163	0.7075268207675705	0.6442069325526224	0.7262191302739289	1000	0	{}	0.051221179590510306	0.05096228888007903	0.047363642867576404	0.05524658822901836	0.044505347226109396	0.059133761252529	1000	0	{}	1.9712505414366473e-05	2.0025559449564896e-05	1.6253801567123642e-05	2.3972338991008943e-05	5.146664441969121e-06	2.8527406489063668e-05	937	63	"{""fewer than 3 direct-QCD source groups"":63}"	2.047381956561782e-05	1.6253801567123642e-05	2.3972338991008943e-05	937	True	paired_source_member_bootstrap_p16_p84
cut	0.7	-40.44668123449951	6549	57.04480552913184	8241	150183.43275808473	74	53	1099101.9319379842	44.527049083562055	9	8	1444848.648539332	2.7914495068511007	1249285.364696069	57.49355275916039	0.239296148389577	2.4904270065012013	0.5579607009130129	2817392.8510667556	0.051036627996875944	2.0240909190079956e-05	True	True		0.6776107345379307	0.6786612889573352	0.6560656726058165	0.6986328790964921	0.6345534197038467	0.7172784613338771	1000	0	{}	0.05132438596366905	0.051184120144799394	0.04748079836210969	0.055222455103917226	0.04458022486692718	0.05895324705456331	1000	0	{}	1.9559077459068795e-05	1.975337364846552e-05	1.6021549620608013e-05	2.3661480995972113e-05	7.831964070820617e-06	2.7797431792309226e-05	975	25	"{""fewer than 3 direct-QCD source groups"":25}"	2.0240909190079956e-05	1.6021549620608013e-05	2.3661480995972113e-05	975	True	paired_source_member_bootstrap_p16_p84
cut	0.71	-41.20614494721485	6641	57.78536901475177	8442	153751.7495595552	76	54	1120296.7613573328	45.881055579632985	9	8	1444848.648539332	2.7914495068511007	1274048.510916888	59.30390591390581	0.22462690989129172	2.490427006501202	0.5579607009130129	2870235.2990034646	0.051194301969647416	2.0128228854771015e-05	True	True		0.6708472906632676	0.6718001160983605	0.6495264750018052	0.6914185844382333	0.6276521064437036	0.710779098406455	1000	0	{}	0.051489063510713834	0.051343533853281734	0.04775610175746951	0.05533965462254142	0.04468019561644531	0.0589964567119407	1000	0	{}	1.9426791270350376e-05	1.968535958678577e-05	1.5989480064712957e-05	2.356011841340523e-05	7.585563654725748e-06	2.7429083317606657e-05	975	25	"{""fewer than 3 direct-QCD source groups"":25}"	2.0128228854771015e-05	1.5989480064712957e-05	2.356011841340523e-05	975	True	paired_source_member_bootstrap_p16_p84
cut	0.72	-42.18902286464565	6734	58.45342754853641	8725	158899.98316513194	80	55	1164093.5389659808	48.36922922152306	9	8	1444848.648539332	2.7914495068511007	1322993.5221311126	62.43827685011226	0.1943145462724973	2.4904270065012017	0.5579607009130129	2979557.6094435086	0.0508192118357097	1.9613172522106427e-05	True	True		0.658482520492793	0.6594251234987788	0.6369115698002167	0.6795713144354417	0.6155679469378964	0.6982248172055845	1000	0	{}	0.05109643344321244	0.05095078244904548	0.047363156617767445	0.054753768124520465	0.04452210938575148	0.05838808968867772	1000	0	{}	1.88518516561525e-05	1.9162084346265463e-05	1.550761372504515e-05	2.2803861698492784e-05	7.326094321977877e-06	2.6833512664579322e-05	975	25	"{""fewer than 3 direct-QCD source groups"":25}"	1.9613172522106427e-05	1.550761372504515e-05	2.2803861698492784e-05	975	True	paired_source_member_bootstrap_p16_p84
cut	0.73	-42.97053110731272	6828	59.16070941234676	8917	162260.26021337946	84	59	1217903.2127499655	51.40895996621044	11	9	1929701.1863095572	3.9006651661568252	1380163.472963345	65.98096730981948	0.36886434988458733	2.4904270065012013	0.5579607009130129	3140586.714791426	0.05035759791238732	1.8838711474216498e-05	True	True		0.6452298582891733	0.6457817560612598	0.6224489393756829	0.6662730303405143	0.6004589502719112	0.684770026898589	1000	0	{}	0.05060433940332693	0.050471985019174506	0.047070904958824655	0.05407558117931044	0.044237341453275195	0.057494542872146205	1000	0	{}	1.8714603974816246e-05	1.8734933426697058e-05	1.582552429953476e-05	2.1953660601590474e-05	1.0717034085522313e-05	2.5138663618951267e-05	992	8	"{""fewer than 3 direct-QCD source groups"":8}"	1.8838711474216498e-05	1.582552429953476e-05	2.1953660601590474e-05	992	True	paired_source_member_bootstrap_p16_p84
cut	0.74	-43.90207414691256	6923	60.006841665046394	9148	165879.44636694965	86	60	1278267.8714085673	52.62156288339835	12	10	2384088.0989212818	4.895202690109967	1444147.317775517	67.12748526467999	0.4638336259524387	2.4904270065012017	0.5579607009130129	3315790.5037438753	0.04993350050635855	1.809568381824901e-05	True	True		0.6355403617010388	0.636093671304054	0.6136819999518882	0.6569596634823764	0.5914893356404977	0.6760442914141673	1000	0	{}	0.050187184112718115	0.04994293410738222	0.04690169377612182	0.05371319344750067	0.043841517274367144	0.056916179865410525	1000	0	{}	1.826930987958994e-05	1.8050570439593807e-05	1.5620095015239623e-05	2.1086638710066164e-05	1.3388343261791575e-05	2.423118327468831e-05	997	3	"{""fewer than 3 direct-QCD source groups"":3}"	1.809568381824901e-05	1.5620095015239623e-05	2.1086638710066164e-05	997	True	paired_source_member_bootstrap_p16_p84
cut	0.75	-44.72542307558405	7014	60.72082447019352	9363	169452.2074800859	90	61	1328540.4499862508	55.38172070335385	12	10	2384088.0989212818	4.895202690109967	1497992.6574663366	70.37119645695613	0.4427469141818333	2.490427006501201	0.5579607009130129	3441297.185798173	0.04961121731761309	1.764017024543947e-05	True	True		0.6286007238354175	0.6296757296387128	0.6060238865242487	0.6503721692575168	0.5837242268446652	0.6685996589929845	1000	0	{}	0.049858129838472064	0.04960846073270843	0.046656853930194524	0.05328564445758285	0.04371886238857417	0.056516923709635125	1000	0	{}	1.7783953161947993e-05	1.7565094785872377e-05	1.5224866094786823e-05	2.053447843276424e-05	1.291066739051661e-05	2.3375081999131635e-05	997	3	"{""fewer than 3 direct-QCD source groups"":3}"	1.764017024543947e-05	1.5224866094786823e-05	2.053447843276424e-05	997	True	paired_source_member_bootstrap_p16_p84
cut	0.76	-45.727748646035636	7105	61.46003314910664	9610	173122.95545797108	94	63	1404036.6124966338	57.792007367717325	12	10	2384088.0989212818	4.895202690109967	1577159.567954605	72.88398087231863	0.4110802309982117	2.4904270065012017	0.5579607009130129	3629518.4974825396	0.048938668832741915	1.6940827657561637e-05	True	True		0.6195001950388382	0.620168904377105	0.5962546220916743	0.6418675328653244	0.5746538552066587	0.6597532179409741	1000	0	{}	0.0491769178608798	0.04902513034268437	0.046035128416112896	0.05235844927368316	0.04321363987306651	0.05581535251141603	1000	0	{}	1.7027701734362233e-05	1.6841713939355778e-05	1.4629473049245854e-05	1.9603467928101413e-05	1.2367164449946198e-05	2.237252191729363e-05	997	3	"{""fewer than 3 direct-QCD source groups"":3}"	1.6940827657561637e-05	1.4629473049245854e-05	1.9603467928101413e-05	997	True	paired_source_member_bootstrap_p16_p84
cut	0.77	-46.875603867843665	7198	62.26544233538403	9883	178120.68618917937	96	65	1458855.0656896424	58.828191273692994	12	10	2384088.0989212818	4.895202690109967	1636975.7518788218	74.03241134263631	0.38808676308995277	2.4904270065012017	0.5579607009130129	3766038.8459476223	0.048665725409663387	1.6529011890168487e-05	True	True		0.6043414645504267	0.6047187603762874	0.5810823471757234	0.6267173160976618	0.5605173537506327	0.6477307436971086	1000	0	{}	0.0488852409157107	0.048787829772314356	0.045810828329702666	0.05207367961013986	0.04304453028475091	0.055166389426878334	1000	0	{}	1.6590609913154926e-05	1.6382863459463936e-05	1.4239140892648333e-05	1.9087546001817572e-05	1.2215740267515343e-05	2.1677256119021844e-05	997	3	"{""fewer than 3 direct-QCD source groups"":3}"	1.6529011890168487e-05	1.4239140892648333e-05	1.9087546001817572e-05	997	True	paired_source_member_bootstrap_p16_p84
cut	0.78	-48.33668216933323	7291	63.04576284614278	10242	183964.861117002	102	69	1547045.483286232	61.75378137386916	14	10	2597102.3849093635	5.643522524823586	1731010.344403234	77.27538274128896	0.4043186390049761	2.4904270065012017	0.5579607009130129	3997554.8660141295	0.04791852442422911	1.5762370154522938e-05	True	True		0.5872735108753124	0.5877151719881054	0.5642467559707934	0.6105267024619393	0.541048709495635	0.6309052325878408	1000	0	{}	0.04814859107964229	0.047988615728023765	0.045243275483128016	0.051092420093251094	0.04259408741079289	0.05394824764685234	1000	0	{}	1.5866955779962137e-05	1.5740492186336184e-05	1.3765660716564564e-05	1.8020599931805714e-05	1.1933331133064684e-05	2.061905775355864e-05	997	3	"{""fewer than 3 direct-QCD source groups"":3}"	1.5762370154522938e-05	1.3765660716564564e-05	1.8020599931805714e-05	997	True	paired_source_member_bootstrap_p16_p84
cut	0.79	-49.5639582109674	7384	63.87543059521873	10529	188468.51865520875	108	71	1683100.356216342	65.5715119749221	14	10	2597102.3849093635	5.643522524823586	1871568.8748715506	81.04176848119721	0.3519314579216789	2.4904270065012017	0.5579607009130129	4336197.867000258	0.04669049341089397	1.4740664628442948e-05	True	True		0.5726466359471434	0.5735873556869584	0.5480489736242204	0.5976699444853328	0.5253527408091165	0.6186861662336869	1000	0	{}	0.04695196734380673	0.0467822982626912	0.04415694796632386	0.04984411289712632	0.041624432397617345	0.05300711886058394	1000	0	{}	1.4806322249651532e-05	1.4716792724674961e-05	1.2873350650465917e-05	1.6876117389262386e-05	1.0969353367461261e-05	1.9140532306516543e-05	997	3	"{""fewer than 3 direct-QCD source groups"":3}"	1.4740664628442948e-05	1.2873350650465917e-05	1.6876117389262386e-05	997	True	paired_source_member_bootstrap_p16_p84
cut	0.8	-50.96543211376527	7476	64.64085046295001	10868	194594.60131920318	112	73	1760661.5061468622	67.88158953128699	14	10	2597102.3849093635	5.643522524823586	1955256.1074660653	83.67858130459544	0.32206696340610086	2.4904270065012017	0.5579607009130129	4529136.673618278	0.046227759287788724	1.4264905316534039e-05	True	True		0.558857101044203	0.5597293385650123	0.533174116853532	0.5840857787730442	0.5114842520960796	0.604113217272718	1000	0	{}	0.04643912126700555	0.046349798844495	0.04372396007225842	0.04911550796398976	0.04121200488429949	0.05197739823845553	1000	0	{}	1.4286679632317694e-05	1.4255393945218738e-05	1.2435017766269372e-05	1.6243904958093644e-05	1.043376713749167e-05	1.8245089051740224e-05	997	3	"{""fewer than 3 direct-QCD source groups"":3}"	1.4264905316534039e-05	1.2435017766269372e-05	1.6243904958093644e-05	997	True	paired_source_member_bootstrap_p16_p84
cut	0.8099999999999999	-52.64611387986494	7570	65.44762839338692	11228	199902.05372613604	117	73	1818972.7006905288	71.22985253835462	14	10	2597102.3849093635	5.643522524823586	2018874.7544166648	87.70683914080239	0.2996145584171841	2.4904270065012017	0.5579607009130129	4674199.146712058	0.04606137293209864	1.4009755312289546e-05	True	True		0.5439469721323046	0.5446114888296247	0.5184176036937526	0.5693322080421057	0.49563216836824975	0.5894323688943354	1000	0	{}	0.04626616199312868	0.04616531647185135	0.04359648240104289	0.048984238907126866	0.0410943417958644	0.05171052148938609	1000	0	{}	1.3994576430205929e-05	1.3963651882290794e-05	1.2193256039525908e-05	1.5939383363755282e-05	1.0116282000558035e-05	1.7841106809732748e-05	997	3	"{""fewer than 3 direct-QCD source groups"":3}"	1.4009755312289546e-05	1.2193256039525908e-05	1.5939383363755282e-05	997	True	paired_source_member_bootstrap_p16_p84
cut	0.82	-54.46116709910419	7662	66.27593969948433	11635	206633.52321872592	124	77	2004628.8395757254	75.85037783310902	14	10	2597102.3849093635	5.643522524823586	2211262.3627944514	92.25582045532215	0.2281286824794606	2.4904270065012017	0.5579607009130129	5136541.927663468	0.04456907161453146	1.2897245905632036e-05	True	True		0.5316545118130573	0.5322016696844125	0.5058777005870988	0.5570346939939592	0.48298802972022564	0.5785596012090278	1000	0	{}	0.04475932600183883	0.04465527545011168	0.04226550317551048	0.04738406878666447	0.040016966234251175	0.04983941131634324	1000	0	{}	1.2831065463536094e-05	1.2799355266254976e-05	1.1251482778946057e-05	1.4622560886373593e-05	9.214813920632527e-06	1.6288310921016225e-05	997	3	"{""fewer than 3 direct-QCD source groups"":3}"	1.2897245905632036e-05	1.1251482778946057e-05	1.4622560886373593e-05	997	True	paired_source_member_bootstrap_p16_p84
cut	0.83	-55.925602558223154	7757	67.06015293014421	11926	212027.8754508521	125	77	2015311.2235091745	76.49615832120996	15	10	2599204.864285033	5.6526427228269585	2227339.0989600266	93.40009724629287	0.224643177919133	2.4904270065012017	0.5579607009130129	5163293.184509085	0.044933390483913135	1.2996946905338616e-05	True	True		0.5220293221977881	0.5225419208328973	0.49626012803265135	0.5474136558948383	0.47347089045508695	0.5684343685538494	1000	0	{}	0.04512703994164596	0.045051953146117645	0.04260660076182688	0.04777116407007695	0.04037756196197891	0.050269868292128955	1000	0	{}	1.2915264778336225e-05	1.2902605606437532e-05	1.1322750217217264e-05	1.4704707100790122e-05	9.280668092394169e-06	1.638837803879856e-05	997	3	"{""fewer than 3 direct-QCD source groups"":3}"	1.2996946905338616e-05	1.1322750217217264e-05	1.4704707100790122e-05	997	True	paired_source_member_bootstrap_p16_p84
cut	0.84	-58.048070666043635	7850	67.84113842185906	12336	219183.89465449954	131	79	2069174.616901134	79.50549142668275	15	10	2599204.864285033	5.6526427228269585	2288358.5115556335	97.20014821158223	0.20392015060717247	2.4904270065012017	0.5579607009130129	5297705.410279572	0.04484654068059542	1.279961396801649e-05	True	True		0.4987733713426438	0.49931355021826096	0.47166397166303614	0.5247224725249277	0.4474685441555755	0.5458279006792819	1000	0	{}	0.045030079265764286	0.0449120925756121	0.04253601205161883	0.0476561482221055	0.0403172342177655	0.0498571290470166	1000	0	{}	1.2710979230584654e-05	1.2713027580179673e-05	1.1155871047349665e-05	1.4452478920547561e-05	8.867258975967583e-06	1.6016171683777052e-05	997	3	"{""fewer than 3 direct-QCD source groups"":3}"	1.279961396801649e-05	1.1155871047349665e-05	1.4452478920547561e-05	997	True	paired_source_member_bootstrap_p16_p84
cut	0.85	-60.239313190734634	7942	68.5690728052126	12699	225407.34685067547	135	81	2140218.79904046	81.55614524023778	15	10	2599204.864285033	5.6526427228269585	2365626.1458911356	99.59810343744135	0.1765871061382563	2.4904270065012017	0.5579607009130129	5475251.034858352	0.044581340517324215	1.2530768812652928e-05	True	True		0.4811743019713456	0.4817777895781453	0.4537888516592416	0.5068305848876995	0.4303637083777966	0.5283867107403116	1000	0	{}	0.04476034356823253	0.044700445305359285	0.04232857236851879	0.047264156812032485	0.04028124739908514	0.04963546286573471	1000	0	{}	1.2405629407504154e-05	1.2435499941661956e-05	1.0878202885292532e-05	1.4037075941246917e-05	8.637439099266945e-06	1.5579142508376865e-05	997	3	"{""fewer than 3 direct-QCD source groups"":3}"	1.2530768812652928e-05	1.0878202885292532e-05	1.4037075941246917e-05	997	True	paired_source_member_bootstrap_p16_p84
cut	0.86	-62.43639636960086	8036	69.21442827397338	13077	230491.25988333655	144	83	2260075.653701744	86.33469361437388	15	10	2599204.864285033	5.6526427228269585	2490566.9135850808	104.79956139976389	0.1304742135732244	2.4904270065012017	0.5579607009130129	5775618.950353084	0.043857666135005476	1.1980916915594858e-05	True	True		0.4520991879162558	0.45336364106949256	0.426628425427388	0.47715349002147533	0.3998389060943091	0.49982645423407934	1000	0	{}	0.044028036818736384	0.04401796671822408	0.041641947159146604	0.0463488437121752	0.0397544034857177	0.04868188185017365	1000	0	{}	1.1835237759708757e-05	1.1846115740992797e-05	1.0383259379173695e-05	1.3381615468303835e-05	7.96866332560664e-06	1.4840999032796277e-05	997	3	"{""fewer than 3 direct-QCD source groups"":3}"	1.1980916915594858e-05	1.0383259379173695e-05	1.3381615468303835e-05	997	True	paired_source_member_bootstrap_p16_p84
cut	0.87	-65.127779095498	8130	70.00864048495649	13488	237043.89123617095	147	84	2281255.615280286	87.62973308770371	17	11	3054584.2995809177	6.6527410489008085	2518299.506516457	106.74259322521144	0.2531698615771484	2.4904270065012017	0.5579607009130129	5850716.577680011	0.044115981066737114	1.197678422559537e-05	True	True		0.41283084357743915	0.41258630308544475	0.38993561807818145	0.4356423905618246	0.3697337956957908	0.45802517227296824	1000	0	{}	0.044289751161774894	0.04427382826581446	0.041888096577664985	0.046580252013967344	0.04006816740677642	0.04890635615280111	1000	0	{}	1.1961566529307215e-05	1.193026462170803e-05	1.0577463438571631e-05	1.340613117375515e-05	9.291616527003318e-06	1.4795933122646407e-05	999	1	"{""fewer than 3 direct-QCD source groups"":1}"	1.197678422559537e-05	1.0577463438571631e-05	1.340613117375515e-05	999	True	paired_source_member_bootstrap_p16_p84
cut	0.88	-68.18467063945886	8223	70.7390430910212	13932	244859.34230360406	155	86	2394673.664845824	92.26021687172694	18	12	4949551.985199599	4.906084171549325	2639533.0071494277	112.04638699328886	0.5161837531949359	2.490427006501202	0.5579607009130129	6235351.554234392	0.04354052810043766	1.1321919241829724e-05	True	True		0.37181894520535425	0.37160985748881725	0.34343187142825343	0.3998387727023907	0.31907339068164936	0.4299932311948883	1000	0	{}	0.04371780104200386	0.043695042261955114	0.041424139500266674	0.0459348257670313	0.03950328288078103	0.048416176724931204	1000	0	{}	1.1460120049492688e-05	1.142027157321961e-05	1.0128037255099327e-05	1.2743442605022923e-05	9.230061632727393e-06	1.4213567566281417e-05	1000	0	{}	1.1321919241829724e-05	1.0128037255099327e-05	1.2743442605022923e-05	1000	True	paired_source_member_bootstrap_p16_p84
cut	0.89	-71.34792295890503	8318	71.52306353397053	14346	253094.82566344505	161	87	2426578.2223168444	94.22268739922406	22	14	5436003.703094999	5.681522673710002	2679673.0479802894	114.8543219829144	0.5536099026320995	2.4904270065012017	0.5579607009130129	6337054.786634358	0.043692135538546485	1.129001306797228e-05	True	True		0.33237535935808693	0.332139876741349	0.30097557870165753	0.3636406574472673	0.2748118880757792	0.3925283944100008	1000	0	{}	0.04387265454914645	0.04385769762813524	0.041543185254666146	0.04609099411370371	0.03971562396068822	0.04857208445942764	1000	0	{}	1.1437427221170417e-05	1.1402643278361224e-05	1.0130653630291698e-05	1.266673911418055e-05	9.243582879755429e-06	1.4192491872774858e-05	1000	0	{}	1.129001306797228e-05	1.0130653630291698e-05	1.266673911418055e-05	1000	True	paired_source_member_bootstrap_p16_p84
cut	0.9	-75.7998387884147	8411	72.24111389931578	14853	261264.1202632094	174	89	2581581.8495823364	103.33146048458367	23	15	5892762.891983137	6.418933399896177	2842845.969845546	125.25184641414766	0.5619063761933348	2.4904270065012017	0.5579607009130129	6746422.5108007165	0.04284557047790612	1.0721638256498803e-05	True	True		0.3050248356515383	0.3040996703680598	0.27416571957361685	0.3357799590195701	0.25034116677439255	0.36515377924103354	1000	0	{}	0.043015820789935745	0.042971870576361454	0.04073871960770687	0.04512064786948685	0.039112091861547196	0.04757679451298071	1000	0	{}	1.085958588172054e-05	1.0796392802995708e-05	9.648523058120716e-06	1.2020254754415815e-05	8.873249597310762e-06	1.3456293413121361e-05	1000	0	{}	1.0721638256498803e-05	9.648523058120716e-06	1.2020254754415815e-05	1000	True	paired_source_member_bootstrap_p16_p84
cut	0.91	-80.75476976052549	8505	73.03539962776733	15420	271639.0704715187	190	91	2723951.5049402276	112.1195268623876	25	16	6799510.850705613	7.942753164780489	2995590.5754117463	135.5382025434311	0.599390078970526	2.4904270065012013	0.5579607009130129	7141126.188696753	0.04219785907515083	1.023239933315182e-05	True	True		0.2723567514567551	0.27062727300132544	0.24061472079084348	0.30360150651240564	0.21802021893794749	0.3346712001343759	1000	0	{}	0.04235311326340184	0.0422543540676311	0.04024573953936828	0.04442734335315079	0.03866693203842491	0.0468091879398135	1000	0	{}	1.037227362047377e-05	1.028973007206745e-05	9.244972374999721e-06	1.147101581914821e-05	8.504964379073216e-06	1.281406123861538e-05	1000	0	{}	1.023239933315182e-05	9.244972374999721e-06	1.147101581914821e-05	1000	True	paired_source_member_bootstrap_p16_p84
cut	0.92	-85.83840093574912	8597	73.71381213835188	15905	279580.25457703543	207	92	2846428.9516066187	120.0388910357952	26	16	6799843.192715363	7.943529474333789	3126009.2061836543	144.7152073232177	0.5813978541952286	2.4904270065012017	0.5579607009130129	7450671.342414494	0.04169193368616176	9.892999491969728e-06	True	True		0.2598765208899658	0.25843108108495405	0.2284901783626636	0.29146369885118584	0.2066707096941443	0.3219410985714195	1000	0	{}	0.041855777682785075	0.0418053427449413	0.03974258957721427	0.043844772018965715	0.038163922015158	0.046226564454770844	1000	0	{}	1.0035583232889447e-05	9.942376137914937e-06	8.976603475341813e-06	1.107382840633178e-05	8.237389007391648e-06	1.2293771284155554e-05	1000	0	{}	9.892999491969728e-06	8.976603475341813e-06	1.107382840633178e-05	1000	True	paired_source_member_bootstrap_p16_p84
cut	0.93	-92.39153741636403	8691	74.43421535179228	16445	288648.937264916	223	93	3034774.83000497	129.05729953760553	29	17	7285349.176202227	8.807367846601123	3323423.767269886	154.709776580151	0.5834414032043739	2.4904270065012017	0.5579607009130129	7945055.974086516	0.040829882752532104	9.356471178979944e-06	True	True		0.21444049079951583	0.21159168576931586	0.1833805205041965	0.24563453454691697	0.16397433929910274	0.2801132351192525	1000	0	{}	0.04098302554906625	0.04093845249754147	0.03894110391803846	0.04293392098545799	0.03731589032640251	0.04518927573586131	1000	0	{}	9.498052026148126e-06	9.414862113184987e-06	8.515486739403527e-06	1.046637327362972e-05	7.82743663008603e-06	1.1581890000314838e-05	1000	0	{}	9.356471178979944e-06	8.515486739403527e-06	1.046637327362972e-05	1000	True	paired_source_member_bootstrap_p16_p84
cut	0.94	-103.41740329017404	8784	75.16449066129174	17166	301588.2222281697	243	94	3161763.5064269877	137.49951167225657	33	19	7994677.197907695	9.793265103633964	3463351.7286551576	164.91019544458217	0.6045164265976293	2.4904270065012017	0.5579607009130129	8292617.322448913	0.04038897653658234	9.04730975159413e-06	True	True		0.18926523854478644	0.18648612635744793	0.15817564343932025	0.21992262782654598	0.13803498762740768	0.2545043861193659	1000	0	{}	0.040529254864703476	0.04042937384559797	0.03860546891674624	0.04237364304838146	0.03686531916196786	0.04448093793602272	1000	0	{}	9.183995267301404e-06	9.115519793066618e-06	8.25581244879753e-06	1.0066183088567732e-05	7.569150511182547e-06	1.1204787785936203e-05	1000	0	{}	9.04730975159413e-06	8.25581244879753e-06	1.0066183088567732e-05	1000	True	paired_source_member_bootstrap_p16_p84
cut	0.95	-119.30933016102843	8876	75.88004736914446	17924	311278.4422923906	258	95	3251692.4963295655	143.34686099522546	36	21	8632968.44291303	11.013681407284352	3562970.938621956	172.02924069333147	0.6233401618653034	2.4904270065012017	0.5579607009130129	8542796.978417825	0.04019943154290234	8.877484068445955e-06	True	True		0.15201285132050849	0.1503442416614441	0.1208698274926689	0.18204183848724098	0.1045720844037804	0.21882731572826886	1000	0	{}	0.040323263379637854	0.04020825656250746	0.038448956768815074	0.04221624407010866	0.03682410737749133	0.044240876195737175	1000	0	{}	8.99090582658041e-06	8.906232891574724e-06	8.101098339100908e-06	9.847105476565157e-06	7.466472355053392e-06	1.0915012420802286e-05	1000	0	{}	8.877484068445955e-06	8.101098339100908e-06	9.847105476565157e-06	1000	True	paired_source_member_bootstrap_p16_p84
cut	0.96	-138.77082983663502	8968	76.55884068388869	18601	319054.1990602397	284	96	3404129.0008200915	153.25459856121938	37	21	8633009.243474975	11.013785509079709	3723183.1998803313	183.2478269582414	0.6056845411820903	2.4904270065012017	0.5579607009130129	8929206.596886829	0.03967680169412696	8.598039987502972e-06	True	True		0.13326727726569834	0.13110430741844875	0.10172255847260193	0.16420135093890195	0.08660013964500748	0.19988376778513434	1000	0	{}	0.039802343051135725	0.039672920088257166	0.037960146126866365	0.04158385549702425	0.036298476668032896	0.043567476103114754	1000	0	{}	8.676627154668202e-06	8.591720874114435e-06	7.830798271361434e-06	9.500137639006502e-06	7.229303565778301e-06	1.0473515346041275e-05	1000	0	{}	8.598039987502972e-06	7.830798271361434e-06	9.500137639006502e-06	1000	True	paired_source_member_bootstrap_p16_p84
cut	0.97	-167.8393783161356	9061	77.25149205084404	19336	329406.544030037	304	96	3491598.759533361	159.4764022635974	40	21	8637255.00278826	11.024607041956811	3821005.3035633983	190.900551511565	0.595751340164646	2.4904270065012017	0.5579607009130129	9150697.987877885	0.03951996875867157	8.473187800251041e-06	True	True		0.11277275172541945	0.11035600616027452	0.0814831620039562	0.14368181541125133	0.06797866431098698	0.17933700146403084	1000	0	{}	0.03964042217258231	0.039486732619266385	0.037828568735516856	0.04141689642754451	0.03618661203890474	0.043335134185720055	1000	0	{}	8.54042813846544e-06	8.463291101501648e-06	7.712011618893932e-06	9.363960522737873e-06	7.097624193604593e-06	1.0286461623263907e-05	1000	0	{}	8.473187800251041e-06	7.712011618893932e-06	9.363960522737873e-06	1000	True	paired_source_member_bootstrap_p16_p84
cut	0.98	-208.37384595886235	9154	77.894616660443	20011	337179.7448483084	332	96	3575683.5480419733	165.4883798642295	43	21	8641486.072211483	11.035396458494084	3912863.2928902814	198.0798949568544	0.5862189074700547	2.4904270065012017	0.5579607009130129	9363376.061960224	0.03937845439156825	8.317988181261305e-06	True	True		0.05829737395255149	0.05752325077652126	0.04757625250242726	0.06993981085313697	0.039161491762243004	0.08011668620959503	1000	0	{}	0.039496730261327655	0.039389124543190844	0.03772920281791545	0.041309704976805015	0.036123796972984346	0.04325061203321914	1000	0	{}	8.41373784132398e-06	8.33375701205509e-06	7.574696375238204e-06	9.226476393884769e-06	7.015978317995267e-06	1.0116230283982958e-05	1000	0	{}	8.317988181261305e-06	7.574696375238204e-06	9.226476393884769e-06	1000	True	paired_source_member_bootstrap_p16_p84
cut	0.99	-283.34156947762534	9245	78.52142262484999	20687	345469.1232895406	393	96	3715655.2857432053	175.8901247977877	47	23	8825561.207920123	11.454718428208363	4061124.4090327458	210.0211135549374	0.578989347169362	2.4904270065012017	0.5579607009130129	9723931.277239837	0.038964007021820964	8.099999139519255e-06	True	True		0.023262659838364515	0.022412839558170916	0.017056053648881485	0.029771888071959945	0.012334348032213708	0.03729352989919821	1000	0	{}	0.03906176022482369	0.03898324246343424	0.03738263950220155	0.04083278730163637	0.03580231103253615	0.042720961485654095	1000	0	{}	8.15759492730313e-06	8.095006375144749e-06	7.394467144190646e-06	8.931595069015652e-06	6.810069840209586e-06	9.810648380676043e-06	1000	0	{}	8.099999139519255e-06	7.394467144190646e-06	8.931595069015652e-06	1000	True	paired_source_member_bootstrap_p16_p84
cut	1.0	-1116.3236172705172	9337	79.2373685205979	21312	352460.2737574435	563	96	3797336.289092463	182.55968588939314	55	24	8859323.834969068	11.540875725858037	4149796.5628499063	217.92010061094476	0.5713740281054168	2.4904270065012017	0.5579607009130129	9931334.044363556	0.038896924038051825	7.985133591325804e-06	True	True		0.0006650681655986548	0.0006410256410256943	0.0	0.0013160814658003872	0.0	0.0020380434782608647	1000	0	{}	0.03899400176309859	0.03893301420860534	0.0373165426512851	0.04072186829864291	0.035774271644224184	0.04264229665571201	1000	0	{}	8.059596052789786e-06	7.996679247423726e-06	7.292935017603317e-06	8.813136249419425e-06	6.722577886790238e-06	9.655001807019456e-06	1000	0	{}	7.985133591325804e-06	7.292935017603317e-06	8.813136249419425e-06	1000	True	paired_source_member_bootstrap_p16_p84
bdt	0.1	0.9264559149742126	921	6.50221839261457	110	3004.733284793341	0	0	0.0	nan	1	1	41.16994730840985	1.0	3004.733284793341	28.427860170121345	1.0	nan	0.5579607009130129	nan	0.11857743895635436	nan	False	False	fewer than 3 direct-QCD source groups; fewer than 5 transferred-QCD rows; fewer than 3 transferred-QCD source groups; transferred-QCD effective statistics below 2; nonfinite systematics-aware ZA	0.9932932454828638	0.9934409983224695	0.9912520880710146	0.9953714883457089	0.9887078671221906	0.9969284595586606	1000	0	{}	0.12012164153199441	0.11939336962979079	0.1091501071251797	0.13111018855564938	0.09900877823037908	0.1468346334014233	1000	0	{}	nan	nan	nan	nan	nan	nan	0	1000	"{""fewer than 3 direct-QCD source groups; fewer than 5 transferred-QCD rows; fewer than 3 transferred-QCD source groups; transferred-QCD effective statistics below 2; nonfinite systematics-aware ZA"":636,""zero direct-QCD closure rows; fewer than 3 direct-QCD source groups; fewer than 5 transferred-QCD rows; fewer than 3 transferred-QCD source groups; transferred-QCD effective statistics below 2; nonfinite systematics-aware ZA"":364}"	nan			0	False	paired_source_member_bootstrap_p16_p84
bdt	0.11	0.9229713678359985	1015	7.296949519150814	131	3710.2561800222	0	0	0.0	nan	1	1	41.16994730840985	1.0	3710.2561800222	34.926160630138924	1.0	nan	0.5579607009130129	nan	0.11975595879410211	nan	False	False	fewer than 3 direct-QCD source groups; fewer than 5 transferred-QCD rows; fewer than 3 transferred-QCD source groups; transferred-QCD effective statistics below 2; nonfinite systematics-aware ZA	0.9927908607875143	0.9929470942311203	0.990742901162788	0.9949147726934959	0.9881132863968781	0.9964135478152276	1000	0	{}	0.12095614076292034	0.12007680095309614	0.11124265001944224	0.13102081555939718	0.1022355340409348	0.14470439668478652	1000	0	{}	nan	nan	nan	nan	nan	nan	0	1000	"{""fewer than 3 direct-QCD source groups; fewer than 5 transferred-QCD rows; fewer than 3 transferred-QCD source groups; transferred-QCD effective statistics below 2; nonfinite systematics-aware ZA"":636,""zero direct-QCD closure rows; fewer than 3 direct-QCD source groups; fewer than 5 transferred-QCD rows; fewer than 3 transferred-QCD source groups; transferred-QCD effective statistics below 2; nonfinite systematics-aware ZA"":364}"	nan			0	False	paired_source_member_bootstrap_p16_p84
bdt	0.12000000000000001	0.919234037399292	1110	8.030801338069141	156	4330.675779511692	1	1	0.954216747039326	0.9999999999999947	1	1	41.16994730840985	1.0	4331.629996258731	40.41889767595872	0.9768224928759041	2.4904270065012017	0.5579607009130129	2.607602021534772	0.1219829390356406	0.12188725106579582	True	False	fewer than 3 direct-QCD source groups; fewer than 5 transferred-QCD rows; fewer than 3 transferred-QCD source groups; transferred-QCD effective statistics below 2	0.9881393757166773	0.9885265736384308	0.9843968741675978	0.992025283546665	0.9791966026944694	0.9944545659123041	1000	0	{}	0.12301978396890006	0.1223079919322467	0.11287430839214825	0.133448836279173	0.10479467144625744	0.1454359826208752	1000	0	{}	nan	nan	nan	nan	nan	nan	0	1000	"{""fewer than 3 direct-QCD source groups; fewer than 3 transferred-QCD source groups"":2,""fewer than 3 direct-QCD source groups; fewer than 5 transferred-QCD rows; fewer than 3 transferred-QCD source groups"":55,""fewer than 3 direct-QCD source groups; fewer than 5 transferred-QCD rows; fewer than 3 transferred-QCD source groups; transferred-QCD effective statistics below 2"":362,""fewer than 3 direct-QCD source groups; fewer than 5 transferred-QCD rows; fewer than 3 transferred-QCD source groups; transferred-QCD effective statistics below 2; nonfinite systematics-aware ZA"":217,""zero direct-QCD closure rows; fewer than 3 direct-QCD source groups; fewer than 3 transferred-QCD source groups; nonfinite systematics-aware ZA"":1,""zero direct-QCD closure rows; fewer than 3 direct-QCD source groups; fewer than 5 transferred-QCD rows; fewer than 3 transferred-QCD source groups; nonfinite systematics-aware ZA"":26,""zero direct-QCD closure rows; fewer than 3 direct-QCD source groups; fewer than 5 transferred-QCD rows; fewer than 3 transferred-QCD source groups; transferred-QCD effective statistics below 2; nonfinite systematics-aware ZA"":337}"	0.12188725106579582			0	False	paired_source_member_bootstrap_p16_p84
bdt	0.13	0.9153932332992554	1202	8.808841350759721	176	4700.967785828099	1	1	0.954216747039326	0.9999999999999947	1	1	41.16994730840985	1.0	4701.922002575138	43.99551311302262	0.9768224928759041	2.4904270065012017	0.5579607009130129	2.607602021534772	0.12842381213968532	0.12833099615338756	True	False	fewer than 3 direct-QCD source groups; fewer than 5 transferred-QCD rows; fewer than 3 transferred-QCD source groups; transferred-QCD effective statistics below 2	0.9877529708357986	0.9881555772609902	0.9840410456266627	0.9915651475732719	0.9786771377101036	0.9940401548939183	1000	0	{}	0.12949554421675014	0.12825766996316984	0.11933744784159964	0.13962013282292202	0.11077274826356352	0.15317490874941583	1000	0	{}	nan	nan	nan	nan	nan	nan	0	1000	"{""fewer than 3 direct-QCD source groups; fewer than 3 transferred-QCD source groups"":2,""fewer than 3 direct-QCD source groups; fewer than 5 transferred-QCD rows; fewer than 3 transferred-QCD source groups"":55,""fewer than 3 direct-QCD source groups; fewer than 5 transferred-QCD rows; fewer than 3 transferred-QCD source groups; transferred-QCD effective statistics below 2"":362,""fewer than 3 direct-QCD source groups; fewer than 5 transferred-QCD rows; fewer than 3 transferred-QCD source groups; transferred-QCD effective statistics below 2; nonfinite systematics-aware ZA"":217,""zero direct-QCD closure rows; fewer than 3 direct-QCD source groups; fewer than 3 transferred-QCD source groups; nonfinite systematics-aware ZA"":1,""zero direct-QCD closure rows; fewer than 3 direct-QCD source groups; fewer than 5 transferred-QCD rows; fewer than 3 transferred-QCD source groups; nonfinite systematics-aware ZA"":26,""zero direct-QCD closure rows; fewer than 3 direct-QCD source groups; fewer than 5 transferred-QCD rows; fewer than 3 transferred-QCD source groups; transferred-QCD effective statistics below 2; nonfinite systematics-aware ZA"":337}"	0.12833099615338756			0	False	paired_source_member_bootstrap_p16_p84
bdt	0.14	0.9123773574829102	1297	9.629884273881949	197	5292.608421581491	1	1	0.954216747039326	0.9999999999999947	1	1	41.16994730840985	1.0	5293.56263832853	49.488819436752095	0.9768224928759041	2.4904270065012017	0.5579607009130129	2.607602021534772	0.13231693850523954	0.13223198822697882	True	False	fewer than 3 direct-QCD source groups; fewer than 5 transferred-QCD rows; fewer than 3 transferred-QCD source groups; transferred-QCD effective statistics below 2	0.9872896534835669	0.9876864417545909	0.9834967903286991	0.9911663784137974	0.9782195043818982	0.9936204456408935	1000	0	{}	0.13334343424403955	0.13261730426761292	0.12363076663054226	0.14310535945900768	0.11537076393400547	0.15568887610257137	1000	0	{}	nan	nan	nan	nan	nan	nan	0	1000	"{""fewer than 3 direct-QCD source groups; fewer than 3 transferred-QCD source groups"":2,""fewer than 3 direct-QCD source groups; fewer than 5 transferred-QCD rows; fewer than 3 transferred-QCD source groups"":55,""fewer than 3 direct-QCD source groups; fewer than 5 transferred-QCD rows; fewer than 3 transferred-QCD source groups; transferred-QCD effective statistics below 2"":362,""fewer than 3 direct-QCD source groups; fewer than 5 transferred-QCD rows; fewer than 3 transferred-QCD source groups; transferred-QCD effective statistics below 2; nonfinite systematics-aware ZA"":217,""zero direct-QCD closure rows; fewer than 3 direct-QCD source groups; fewer than 3 transferred-QCD source groups; nonfinite systematics-aware ZA"":1,""zero direct-QCD closure rows; fewer than 3 direct-QCD source groups; fewer than 5 transferred-QCD rows; fewer than 3 transferred-QCD source groups; nonfinite systematics-aware ZA"":26,""zero direct-QCD closure rows; fewer than 3 direct-QCD source groups; fewer than 5 transferred-QCD rows; fewer than 3 transferred-QCD source groups; transferred-QCD effective statistics below 2; nonfinite systematics-aware ZA"":337}"	0.13223198822697882			0	False	paired_source_member_bootstrap_p16_p84
bdt	0.15000000000000002	0.9092584848403931	1388	10.294367489044792	228	5795.463608135104	1	1	0.954216747039326	0.9999999999999947	1	1	41.16994730840985	1.0	5796.417824882143	54.429484694253134	0.9768224928759041	2.4904270065012017	0.5579607009130129	2.607602021534772	0.1351734355051323	0.1350941745819915	True	False	fewer than 3 direct-QCD source groups; fewer than 5 transferred-QCD rows; fewer than 3 transferred-QCD source groups; transferred-QCD effective statistics below 2	0.9864959337455957	0.9869241145362391	0.9827423551965667	0.9903588690526427	0.9773158673453258	0.9928766608314852	1000	0	{}	0.13612192363705758	0.135562852693687	0.12645582493841	0.1454292233195489	0.11869541813701157	0.15786435815100178	1000	0	{}	nan	nan	nan	nan	nan	nan	0	1000	"{""fewer than 3 direct-QCD source groups; fewer than 3 transferred-QCD source groups"":2,""fewer than 3 direct-QCD source groups; fewer than 5 transferred-QCD rows; fewer than 3 transferred-QCD source groups"":55,""fewer than 3 direct-QCD source groups; fewer than 5 transferred-QCD rows; fewer than 3 transferred-QCD source groups; transferred-QCD effective statistics below 2"":362,""fewer than 3 direct-QCD source groups; fewer than 5 transferred-QCD rows; fewer than 3 transferred-QCD source groups; transferred-QCD effective statistics below 2; nonfinite systematics-aware ZA"":217,""zero direct-QCD closure rows; fewer than 3 direct-QCD source groups; fewer than 3 transferred-QCD source groups; nonfinite systematics-aware ZA"":1,""zero direct-QCD closure rows; fewer than 3 direct-QCD source groups; fewer than 5 transferred-QCD rows; fewer than 3 transferred-QCD source groups; nonfinite systematics-aware ZA"":26,""zero direct-QCD closure rows; fewer than 3 direct-QCD source groups; fewer than 5 transferred-QCD rows; fewer than 3 transferred-QCD source groups; transferred-QCD effective statistics below 2; nonfinite systematics-aware ZA"":337}"	0.1350941745819915			0	False	paired_source_member_bootstrap_p16_p84
bdt	0.16	0.9066569805145264	1478	10.93198587996589	245	6603.675928727595	1	1	0.954216747039326	0.9999999999999947	1	1	41.16994730840985	1.0	6604.630145474634	61.75685633828964	0.9768224928759041	2.4904270065012017	0.5579607009130129	2.607602021534772	0.1344791853303642	0.13440997621313025	True	False	fewer than 3 direct-QCD source groups; fewer than 5 transferred-QCD rows; fewer than 3 transferred-QCD source groups; transferred-QCD effective statistics below 2	0.9858275578389996	0.9862832617388972	0.982066269192184	0.9897319893307704	0.9767589089972549	0.9921683900210684	1000	0	{}	0.13530208766755367	0.13461095610548962	0.12634230439976266	0.1444915795839445	0.11973004079616974	0.15500912555697363	1000	0	{}	nan	nan	nan	nan	nan	nan	0	1000	"{""fewer than 3 direct-QCD source groups; fewer than 3 transferred-QCD source groups"":2,""fewer than 3 direct-QCD source groups; fewer than 5 transferred-QCD rows; fewer than 3 transferred-QCD source groups"":55,""fewer than 3 direct-QCD source groups; fewer than 5 transferred-QCD rows; fewer than 3 transferred-QCD source groups; transferred-QCD effective statistics below 2"":362,""fewer than 3 direct-QCD source groups; fewer than 5 transferred-QCD rows; fewer than 3 transferred-QCD source groups; transferred-QCD effective statistics below 2; nonfinite systematics-aware ZA"":217,""zero direct-QCD closure rows; fewer than 3 direct-QCD source groups; fewer than 3 transferred-QCD source groups; nonfinite systematics-aware ZA"":1,""zero direct-QCD closure rows; fewer than 3 direct-QCD source groups; fewer than 5 transferred-QCD rows; fewer than 3 transferred-QCD source groups; nonfinite systematics-aware ZA"":26,""zero direct-QCD closure rows; fewer than 3 direct-QCD source groups; fewer than 5 transferred-QCD rows; fewer than 3 transferred-QCD source groups; transferred-QCD effective statistics below 2; nonfinite systematics-aware ZA"":337}"	0.13440997621313025			0	False	paired_source_member_bootstrap_p16_p84
bdt	0.17	0.9032202959060669	1571	11.674877427124615	279	7219.083557858222	1	1	0.954216747039326	0.9999999999999947	1	1	41.16994730840985	1.0	7220.037774605261	67.69024630841648	0.9768224928759041	2.4904270065012017	0.5579607009130129	2.607602021534772	0.13736168660146078	0.13729701614270684	True	False	fewer than 3 direct-QCD source groups; fewer than 5 transferred-QCD rows; fewer than 3 transferred-QCD source groups; transferred-QCD effective statistics below 2	0.984341191668083	0.9847445136301423	0.9804778898626075	0.9882736763139925	0.9753459616129562	0.9907518861392745	1000	0	{}	0.13809789164817135	0.1373717759972086	0.1293219482458558	0.14688966537593828	0.12219879277085613	0.15696129854636165	1000	0	{}	nan	nan	nan	nan	nan	nan	0	1000	"{""fewer than 3 direct-QCD source groups; fewer than 3 transferred-QCD source groups"":2,""fewer than 3 direct-QCD source groups; fewer than 5 transferred-QCD rows; fewer than 3 transferred-QCD source groups"":55,""fewer than 3 direct-QCD source groups; fewer than 5 transferred-QCD rows; fewer than 3 transferred-QCD source groups; transferred-QCD effective statistics below 2"":362,""fewer than 3 direct-QCD source groups; fewer than 5 transferred-QCD rows; fewer than 3 transferred-QCD source groups; transferred-QCD effective statistics below 2; nonfinite systematics-aware ZA"":217,""zero direct-QCD closure rows; fewer than 3 direct-QCD source groups; fewer than 3 transferred-QCD source groups; nonfinite systematics-aware ZA"":1,""zero direct-QCD closure rows; fewer than 3 direct-QCD source groups; fewer than 5 transferred-QCD rows; fewer than 3 transferred-QCD source groups; nonfinite systematics-aware ZA"":26,""zero direct-QCD closure rows; fewer than 3 direct-QCD source groups; fewer than 5 transferred-QCD rows; fewer than 3 transferred-QCD source groups; transferred-QCD effective statistics below 2; nonfinite systematics-aware ZA"":337}"	0.13729701614270684			0	False	paired_source_member_bootstrap_p16_p84
bdt	0.18	0.8996875286102295	1666	12.521576888398176	315	7844.493511415342	2	2	10683.338150196043	1.0001786523954466	1	1	41.16994730840985	1.0	18527.831661611384	2.9864182060264723	258.4936075619834	2.4904270065012017	0.5579607009130129	2761709.215860486	0.09198093494730486	4.533236795736441e-06	True	False	fewer than 3 direct-QCD source groups; fewer than 5 transferred-QCD rows; fewer than 3 transferred-QCD source groups; transferred-QCD effective statistics below 2	0.9832803198819678	0.9836248404064565	0.9793852876693047	0.9871960910823114	0.9741314688305722	0.9898060670083503	1000	0	{}	0.10429974181406053	0.09301066502469077	0.07271832342829257	0.14322974187775567	0.05986029858661754	0.1561883983590499	1000	0	{}	nan	nan	nan	nan	nan	nan	0	1000	"{""fewer than 3 direct-QCD source groups; fewer than 3 transferred-QCD source groups"":30,""fewer than 3 direct-QCD source groups; fewer than 3 transferred-QCD source groups; transferred-QCD effective statistics below 2"":5,""fewer than 3 direct-QCD source groups; fewer than 5 transferred-QCD rows; fewer than 3 transferred-QCD source groups"":106,""fewer than 3 direct-QCD source groups; fewer than 5 transferred-QCD rows; fewer than 3 transferred-QCD source groups; transferred-QCD effective statistics below 2"":407,""fewer than 3 direct-QCD source groups; fewer than 5 transferred-QCD rows; fewer than 3 transferred-QCD source groups; transferred-QCD effective statistics below 2; nonfinite systematics-aware ZA"":88,""zero direct-QCD closure rows; fewer than 3 direct-QCD source groups; fewer than 3 transferred-QCD source groups; nonfinite systematics-aware ZA"":12,""zero direct-QCD closure rows; fewer than 3 direct-QCD source groups; fewer than 3 transferred-QCD source groups; transferred-QCD effective statistics below 2; nonfinite systematics-aware ZA"":1,""zero direct-QCD closure rows; fewer than 3 direct-QCD source groups; fewer than 5 transferred-QCD rows; fewer than 3 transferred-QCD source groups; nonfinite systematics-aware ZA"":77,""zero direct-QCD closure rows; fewer than 3 direct-QCD source groups; fewer than 5 transferred-QCD rows; fewer than 3 transferred-QCD source groups; transferred-QCD effective statistics below 2; nonfinite systematics-aware ZA"":274}"	4.533236795736441e-06			0	False	paired_source_member_bootstrap_p16_p84
bdt	0.19	0.8960498571395874	1758	13.249850317361155	341	8447.935720492569	2	2	10683.338150196043	1.0001786523954466	1	1	41.16994730840985	1.0	19131.273870688612	3.1823520120073012	258.4936075619834	2.4904270065012017	0.5579607009130129	2761709.215860486	0.09578310445441147	4.796077964344772e-06	True	False	fewer than 3 direct-QCD source groups; fewer than 5 transferred-QCD rows; fewer than 3 transferred-QCD source groups; transferred-QCD effective statistics below 2	0.9817748096264909	0.9821335174130459	0.9779765871949919	0.985719153162785	0.9724226430401347	0.9885149084084572	1000	0	{}	0.10755136688996031	0.09678563900421143	0.07637966691071944	0.14617683047614322	0.06315302141560386	0.15754368459933138	1000	0	{}	nan	nan	nan	nan	nan	nan	0	1000	"{""fewer than 3 direct-QCD source groups; fewer than 3 transferred-QCD source groups"":30,""fewer than 3 direct-QCD source groups; fewer than 3 transferred-QCD source groups; transferred-QCD effective statistics below 2"":5,""fewer than 3 direct-QCD source groups; fewer than 5 transferred-QCD rows; fewer than 3 transferred-QCD source groups"":106,""fewer than 3 direct-QCD source groups; fewer than 5 transferred-QCD rows; fewer than 3 transferred-QCD source groups; transferred-QCD effective statistics below 2"":407,""fewer than 3 direct-QCD source groups; fewer than 5 transferred-QCD rows; fewer than 3 transferred-QCD source groups; transferred-QCD effective statistics below 2; nonfinite systematics-aware ZA"":88,""zero direct-QCD closure rows; fewer than 3 direct-QCD source groups; fewer than 3 transferred-QCD source groups; nonfinite systematics-aware ZA"":12,""zero direct-QCD closure rows; fewer than 3 direct-QCD source groups; fewer than 3 transferred-QCD source groups; transferred-QCD effective statistics below 2; nonfinite systematics-aware ZA"":1,""zero direct-QCD closure rows; fewer than 3 direct-QCD source groups; fewer than 5 transferred-QCD rows; fewer than 3 transferred-QCD source groups; nonfinite systematics-aware ZA"":77,""zero direct-QCD closure rows; fewer than 3 direct-QCD source groups; fewer than 5 transferred-QCD rows; fewer than 3 transferred-QCD source groups; transferred-QCD effective statistics below 2; nonfinite systematics-aware ZA"":274}"	4.796077964344772e-06			0	False	paired_source_member_bootstrap_p16_p84
bdt	0.2	0.8927640318870544	1849	13.839548817694048	366	9141.993871249353	3	3	11412.491830017041	1.136072033579157	1	1	41.16994730840985	1.0	20554.485701266392	3.6541853009019567	276.20443129364395	2.4904270065012013	0.5579607009130129	3152315.379312514	0.09652057483450409	4.389849041002804e-06	True	False	fewer than 3 direct-QCD source groups; fewer than 5 transferred-QCD rows; transferred-QCD effective statistics below 2	0.9792707376782191	0.9796835081384647	0.9751895584066527	0.9832453113536705	0.9697150704309764	0.9866179399319964	1000	0	{}	0.1066162401786348	0.09758041429025777	0.07786788152380851	0.14154329434255575	0.06535241055210128	0.15361869717017723	1000	0	{}	nan	nan	nan	nan	nan	nan	0	1000	"{""fewer than 3 direct-QCD source groups"":54,""fewer than 3 direct-QCD source groups; fewer than 3 transferred-QCD source groups"":31,""fewer than 3 direct-QCD source groups; fewer than 3 transferred-QCD source groups; transferred-QCD effective statistics below 2"":5,""fewer than 3 direct-QCD source groups; fewer than 5 transferred-QCD rows"":9,""fewer than 3 direct-QCD source groups; fewer than 5 transferred-QCD rows; fewer than 3 transferred-QCD source groups"":99,""fewer than 3 direct-QCD source groups; fewer than 5 transferred-QCD rows; fewer than 3 transferred-QCD source groups; transferred-QCD effective statistics below 2"":295,""fewer than 3 direct-QCD source groups; fewer than 5 transferred-QCD rows; fewer than 3 transferred-QCD source groups; transferred-QCD effective statistics below 2; nonfinite systematics-aware ZA"":43,""fewer than 3 direct-QCD source groups; fewer than 5 transferred-QCD rows; transferred-QCD effective statistics below 2"":65,""fewer than 3 direct-QCD source groups; transferred-QCD effective statistics below 2"":35,""zero direct-QCD closure rows; fewer than 3 direct-QCD source groups; fewer than 3 transferred-QCD source groups; nonfinite systematics-aware ZA"":21,""zero direct-QCD closure rows; fewer than 3 direct-QCD source groups; fewer than 3 transferred-QCD source groups; transferred-QCD effective statistics below 2; nonfinite systematics-aware ZA"":2,""zero direct-QCD closure rows; fewer than 3 direct-QCD source groups; fewer than 5 transferred-QCD rows; fewer than 3 transferred-QCD source groups; nonfinite systematics-aware ZA"":56,""zero direct-QCD closure rows; fewer than 3 direct-QCD source groups; fewer than 5 transferred-QCD rows; fewer than 3 transferred-QCD source groups; transferred-QCD effective statistics below 2; nonfinite systematics-aware ZA"":186,""zero direct-QCD closure rows; fewer than 3 direct-QCD source groups; fewer than 5 transferred-QCD rows; nonfinite systematics-aware ZA"":10,""zero direct-QCD closure rows; fewer than 3 direct-QCD source groups; fewer than 5 transferred-QCD rows; transferred-QCD effective statistics below 2; nonfinite systematics-aware ZA"":36,""zero direct-QCD closure rows; fewer than 3 direct-QCD source groups; nonfinite systematics-aware ZA"":32,""zero direct-QCD closure rows; fewer than 3 direct-QCD source groups; transferred-QCD effective statistics below 2; nonfinite systematics-aware ZA"":21}"	4.389849041002804e-06			0	False	paired_source_member_bootstrap_p16_p84
bdt	0.21000000000000002	0.8893890380859375	1943	14.633754131148011	399	9652.972530855142	3	3	11412.491830017041	1.136072033579157	1	1	41.16994730840985	1.0	21065.46436087218	3.8364343220929373	276.20443129364395	2.4904270065012013	0.5579607009130129	3152315.379312514	0.1008137952324269	4.641407800925864e-06	True	False	fewer than 3 direct-QCD source groups; fewer than 5 transferred-QCD rows; transferred-QCD effective statistics below 2	0.9784395541151498	0.9787964446981761	0.9743780393429061	0.9823754390988773	0.9686732379425333	0.9859035792369073	1000	0	{}	0.1107530939491433	0.10212185873971695	0.0817810012697973	0.14601479861302621	0.06858874768501773	0.15795202032394395	1000	0	{}	nan	nan	nan	nan	nan	nan	0	1000	"{""fewer than 3 direct-QCD source groups"":54,""fewer than 3 direct-QCD source groups; fewer than 3 transferred-QCD source groups"":31,""fewer than 3 direct-QCD source groups; fewer than 3 transferred-QCD source groups; transferred-QCD effective statistics below 2"":5,""fewer than 3 direct-QCD source groups; fewer than 5 transferred-QCD rows"":9,""fewer than 3 direct-QCD source groups; fewer than 5 transferred-QCD rows; fewer than 3 transferred-QCD source groups"":99,""fewer than 3 direct-QCD source groups; fewer than 5 transferred-QCD rows; fewer than 3 transferred-QCD source groups; transferred-QCD effective statistics below 2"":295,""fewer than 3 direct-QCD source groups; fewer than 5 transferred-QCD rows; fewer than 3 transferred-QCD source groups; transferred-QCD effective statistics below 2; nonfinite systematics-aware ZA"":43,""fewer than 3 direct-QCD source groups; fewer than 5 transferred-QCD rows; transferred-QCD effective statistics below 2"":65,""fewer than 3 direct-QCD source groups; transferred-QCD effective statistics below 2"":35,""zero direct-QCD closure rows; fewer than 3 direct-QCD source groups; fewer than 3 transferred-QCD source groups; nonfinite systematics-aware ZA"":21,""zero direct-QCD closure rows; fewer than 3 direct-QCD source groups; fewer than 3 transferred-QCD source groups; transferred-QCD effective statistics below 2; nonfinite systematics-aware ZA"":2,""zero direct-QCD closure rows; fewer than 3 direct-QCD source groups; fewer than 5 transferred-QCD rows; fewer than 3 transferred-QCD source groups; nonfinite systematics-aware ZA"":56,""zero direct-QCD closure rows; fewer than 3 direct-QCD source groups; fewer than 5 transferred-QCD rows; fewer than 3 transferred-QCD source groups; transferred-QCD effective statistics below 2; nonfinite systematics-aware ZA"":186,""zero direct-QCD closure rows; fewer than 3 direct-QCD source groups; fewer than 5 transferred-QCD rows; nonfinite systematics-aware ZA"":10,""zero direct-QCD closure rows; fewer than 3 direct-QCD source groups; fewer than 5 transferred-QCD rows; transferred-QCD effective statistics below 2; nonfinite systematics-aware ZA"":36,""zero direct-QCD closure rows; fewer than 3 direct-QCD source groups; nonfinite systematics-aware ZA"":32,""zero direct-QCD closure rows; fewer than 3 direct-QCD source groups; transferred-QCD effective statistics below 2; nonfinite systematics-aware ZA"":21}"	4.641407800925864e-06			0	False	paired_source_member_bootstrap_p16_p84
bdt	0.22	0.8860078454017639	2037	15.378303211905381	443	10513.734997996715	4	4	11462.02607773465	1.1459308185829236	1	1	41.16994730840985	1.0	21975.761075731367	4.171855154627924	277.40759648952195	2.4904270065012017	0.5579607009130129	3179787.666803349	0.10372556685855855	4.835285748538663e-06	True	False	fewer than 3 direct-QCD source groups; fewer than 5 transferred-QCD rows; transferred-QCD effective statistics below 2	0.9774059567862946	0.9778330647791871	0.9733140374439713	0.9814439210786847	0.9674983120935353	0.9849376168308551	1000	0	{}	0.11299668868414427	0.10501712962829807	0.08490912574088895	0.14666402130424458	0.07110983020770105	0.15916278612487272	1000	0	{}	nan	nan	nan	nan	nan	nan	0	1000	"{""fewer than 3 direct-QCD source groups"":116,""fewer than 3 direct-QCD source groups; fewer than 3 transferred-QCD source groups"":21,""fewer than 3 direct-QCD source groups; fewer than 3 transferred-QCD source groups; transferred-QCD effective statistics below 2"":1,""fewer than 3 direct-QCD source groups; fewer than 5 transferred-QCD rows"":18,""fewer than 3 direct-QCD source groups; fewer than 5 transferred-QCD rows; fewer than 3 transferred-QCD source groups"":74,""fewer than 3 direct-QCD source groups; fewer than 5 transferred-QCD rows; fewer than 3 transferred-QCD source groups; transferred-QCD effective statistics below 2"":182,""fewer than 3 direct-QCD source groups; fewer than 5 transferred-QCD rows; fewer than 3 transferred-QCD source groups; transferred-QCD effective statistics below 2; nonfinite systematics-aware ZA"":13,""fewer than 3 direct-QCD source groups; fewer than 5 transferred-QCD rows; transferred-QCD effective statistics below 2"":118,""fewer than 3 direct-QCD source groups; transferred-QCD effective statistics below 2"":93,""zero direct-QCD closure rows; fewer than 3 direct-QCD source groups; fewer than 3 transferred-QCD source groups; nonfinite systematics-aware ZA"":13,""zero direct-QCD closure rows; fewer than 3 direct-QCD source groups; fewer than 3 transferred-QCD source groups; transferred-QCD effective statistics below 2; nonfinite systematics-aware ZA"":3,""zero direct-QCD closure rows; fewer than 3 direct-QCD source groups; fewer than 5 transferred-QCD rows; fewer than 3 transferred-QCD source groups; nonfinite systematics-aware ZA"":41,""zero direct-QCD closure rows; fewer than 3 direct-QCD source groups; fewer than 5 transferred-QCD rows; fewer than 3 transferred-QCD source groups; transferred-QCD effective statistics below 2; nonfinite systematics-aware ZA"":111,""zero direct-QCD closure rows; fewer than 3 direct-QCD source groups; fewer than 5 transferred-QCD rows; nonfinite systematics-aware ZA"":12,""zero direct-QCD closure rows; fewer than 3 direct-QCD source groups; fewer than 5 transferred-QCD rows; transferred-QCD effective statistics below 2; nonfinite systematics-aware ZA"":55,""zero direct-QCD closure rows; fewer than 3 direct-QCD source groups; nonfinite systematics-aware ZA"":73,""zero direct-QCD closure rows; fewer than 3 direct-QCD source groups; transferred-QCD effective statistics below 2; nonfinite systematics-aware ZA"":56}"	4.835285748538663e-06			0	False	paired_source_member_bootstrap_p16_p84
bdt	0.23	0.8832247257232666	2132	16.124507834686323	476	11456.218182840263	4	4	11462.02607773465	1.1459308185829236	1	1	41.16994730840985	1.0	22918.244260574913	4.533384757799402	277.40759648952195	2.4904270065012017	0.5579607009130129	3179787.666803349	0.10649884108474128	5.0700622415307565e-06	True	False	fewer than 3 direct-QCD source groups; fewer than 5 transferred-QCD rows; transferred-QCD effective statistics below 2	0.9766814808607982	0.9771486571849812	0.9725871069820022	0.9807126003183516	0.9669450484725686	0.9842881031819438	1000	0	{}	0.11518789348935228	0.10777670962410403	0.08757594090033273	0.14834625772087137	0.07376810714499848	0.15957718158086506	1000	0	{}	nan	nan	nan	nan	nan	nan	0	1000	"{""fewer than 3 direct-QCD source groups"":116,""fewer than 3 direct-QCD source groups; fewer than 3 transferred-QCD source groups"":21,""fewer than 3 direct-QCD source groups; fewer than 3 transferred-QCD source groups; transferred-QCD effective statistics below 2"":1,""fewer than 3 direct-QCD source groups; fewer than 5 transferred-QCD rows"":18,""fewer than 3 direct-QCD source groups; fewer than 5 transferred-QCD rows; fewer than 3 transferred-QCD source groups"":74,""fewer than 3 direct-QCD source groups; fewer than 5 transferred-QCD rows; fewer than 3 transferred-QCD source groups; transferred-QCD effective statistics below 2"":182,""fewer than 3 direct-QCD source groups; fewer than 5 transferred-QCD rows; fewer than 3 transferred-QCD source groups; transferred-QCD effective statistics below 2; nonfinite systematics-aware ZA"":13,""fewer than 3 direct-QCD source groups; fewer than 5 transferred-QCD rows; transferred-QCD effective statistics below 2"":118,""fewer than 3 direct-QCD source groups; transferred-QCD effective statistics below 2"":93,""zero direct-QCD closure rows; fewer than 3 direct-QCD source groups; fewer than 3 transferred-QCD source groups; nonfinite systematics-aware ZA"":13,""zero direct-QCD closure rows; fewer than 3 direct-QCD source groups; fewer than 3 transferred-QCD source groups; transferred-QCD effective statistics below 2; nonfinite systematics-aware ZA"":3,""zero direct-QCD closure rows; fewer than 3 direct-QCD source groups; fewer than 5 transferred-QCD rows; fewer than 3 transferred-QCD source groups; nonfinite systematics-aware ZA"":41,""zero direct-QCD closure rows; fewer than 3 direct-QCD source groups; fewer than 5 transferred-QCD rows; fewer than 3 transferred-QCD source groups; transferred-QCD effective statistics below 2; nonfinite systematics-aware ZA"":111,""zero direct-QCD closure rows; fewer than 3 direct-QCD source groups; fewer than 5 transferred-QCD rows; nonfinite systematics-aware ZA"":12,""zero direct-QCD closure rows; fewer than 3 direct-QCD source groups; fewer than 5 transferred-QCD rows; transferred-QCD effective statistics below 2; nonfinite systematics-aware ZA"":55,""zero direct-QCD closure rows; fewer than 3 direct-QCD source groups; nonfinite systematics-aware ZA"":73,""zero direct-QCD closure rows; fewer than 3 direct-QCD source groups; transferred-QCD effective statistics below 2; nonfinite systematics-aware ZA"":56}"	5.0700622415307565e-06			0	False	paired_source_member_bootstrap_p16_p84
bdt	0.24000000000000002	0.8795930743217468	2225	16.96683315128195	507	12053.226582347044	6	5	15758.319008128174	1.871536961029452	1	1	41.16994730840985	1.0	27811.545590475216	5.7738535870232255	381.76267127767727	2.4904270065012017	0.5579607009130129	6016072.390292563	0.10172883657233368	2.8196775212775845e-06	True	False	fewer than 3 direct-QCD source groups; transferred-QCD effective statistics below 2	0.9741298006538169	0.9743368698559867	0.9700219305195764	0.9783204495907389	0.9648992014419999	0.9819831184192206	1000	0	{}	0.1087310290877451	0.10502614795182066	0.08537254817860815	0.1351893050222092	0.07270753406772767	0.1601806988212764	1000	0	{}	nan	nan	nan	nan	nan	nan	0	1000	"{""fewer than 3 direct-QCD source groups"":269,""fewer than 3 direct-QCD source groups; fewer than 3 transferred-QCD source groups"":21,""fewer than 3 direct-QCD source groups; fewer than 3 transferred-QCD source groups; transferred-QCD effective statistics below 2"":7,""fewer than 3 direct-QCD source groups; fewer than 5 transferred-QCD rows"":14,""fewer than 3 direct-QCD source groups; fewer than 5 transferred-QCD rows; fewer than 3 transferred-QCD source groups"":53,""fewer than 3 direct-QCD source groups; fewer than 5 transferred-QCD rows; fewer than 3 transferred-QCD source groups; transferred-QCD effective statistics below 2"":84,""fewer than 3 direct-QCD source groups; fewer than 5 transferred-QCD rows; fewer than 3 transferred-QCD source groups; transferred-QCD effective statistics below 2; nonfinite systematics-aware ZA"":2,""fewer than 3 direct-QCD source groups; fewer than 5 transferred-QCD rows; transferred-QCD effective statistics below 2"":61,""fewer than 3 direct-QCD source groups; transferred-QCD effective statistics below 2"":125,""zero direct-QCD closure rows; fewer than 3 direct-QCD source groups; fewer than 3 transferred-QCD source groups; nonfinite systematics-aware ZA"":16,""zero direct-QCD closure rows; fewer than 3 direct-QCD source groups; fewer than 3 transferred-QCD source groups; transferred-QCD effective statistics below 2; nonfinite systematics-aware ZA"":8,""zero direct-QCD closure rows; fewer than 3 direct-QCD source groups; fewer than 5 transferred-QCD rows; fewer than 3 transferred-QCD source groups; nonfinite systematics-aware ZA"":18,""zero direct-QCD closure rows; fewer than 3 direct-QCD source groups; fewer than 5 transferred-QCD rows; fewer than 3 transferred-QCD source groups; transferred-QCD effective statistics below 2; nonfinite systematics-aware ZA"":56,""zero direct-QCD closure rows; fewer than 3 direct-QCD source groups; fewer than 5 transferred-QCD rows; nonfinite systematics-aware ZA"":12,""zero direct-QCD closure rows; fewer than 3 direct-QCD source groups; fewer than 5 transferred-QCD rows; transferred-QCD effective statistics below 2; nonfinite systematics-aware ZA"":22,""zero direct-QCD closure rows; fewer than 3 direct-QCD source groups; nonfinite systematics-aware ZA"":152,""zero direct-QCD closure rows; fewer than 3 direct-QCD source groups; transferred-QCD effective statistics below 2; nonfinite systematics-aware ZA"":80}"	2.8196775212775845e-06			0	False	paired_source_member_bootstrap_p16_p84
bdt	0.25	0.8757817149162292	2317	17.79485109010976	567	14168.282815498551	7	6	32217.46949063301	2.5718407649998825	1	1	41.16994730840985	1.0	46385.75230613156	5.311428390436602	781.5482323134258	2.4904270065012017	0.5579607009130129	25179640.58240614	0.08261792657584838	7.066254980403957e-07	True	False	fewer than 3 direct-QCD source groups	0.9720994455966122	0.9724533723278959	0.967897387047775	0.9762629044785308	0.9630913930877749	0.979918586928532	1000	0	{}	0.09006064672707687	0.08505356218705762	0.06841441064115387	0.11174919381500459	0.05840560230054304	0.14907088999538115	1000	0	{}	nan	nan	nan	nan	nan	nan	0	1000	"{""fewer than 3 direct-QCD source groups"":383,""fewer than 3 direct-QCD source groups; fewer than 3 transferred-QCD source groups"":12,""fewer than 3 direct-QCD source groups; fewer than 3 transferred-QCD source groups; transferred-QCD effective statistics below 2"":8,""fewer than 3 direct-QCD source groups; fewer than 5 transferred-QCD rows"":27,""fewer than 3 direct-QCD source groups; fewer than 5 transferred-QCD rows; fewer than 3 transferred-QCD source groups"":32,""fewer than 3 direct-QCD source groups; fewer than 5 transferred-QCD rows; fewer than 3 transferred-QCD source groups; transferred-QCD effective statistics below 2"":38,""fewer than 3 direct-QCD source groups; fewer than 5 transferred-QCD rows; fewer than 3 transferred-QCD source groups; transferred-QCD effective statistics below 2; nonfinite systematics-aware ZA"":1,""fewer than 3 direct-QCD source groups; fewer than 5 transferred-QCD rows; transferred-QCD effective statistics below 2"":41,""fewer than 3 direct-QCD source groups; transferred-QCD effective statistics below 2"":94,""zero direct-QCD closure rows; fewer than 3 direct-QCD source groups; fewer than 3 transferred-QCD source groups; nonfinite systematics-aware ZA"":14,""zero direct-QCD closure rows; fewer than 3 direct-QCD source groups; fewer than 3 transferred-QCD source groups; transferred-QCD effective statistics below 2; nonfinite systematics-aware ZA"":6,""zero direct-QCD closure rows; fewer than 3 direct-QCD source groups; fewer than 5 transferred-QCD rows; fewer than 3 transferred-QCD source groups; nonfinite systematics-aware ZA"":13,""zero direct-QCD closure rows; fewer than 3 direct-QCD source groups; fewer than 5 transferred-QCD rows; fewer than 3 transferred-QCD source groups; transferred-QCD effective statistics below 2; nonfinite systematics-aware ZA"":24,""zero direct-QCD closure rows; fewer than 3 direct-QCD source groups; fewer than 5 transferred-QCD rows; nonfinite systematics-aware ZA"":15,""zero direct-QCD closure rows; fewer than 3 direct-QCD source groups; fewer than 5 transferred-QCD rows; transferred-QCD effective statistics below 2; nonfinite systematics-aware ZA"":18,""zero direct-QCD closure rows; fewer than 3 direct-QCD source groups; nonfinite systematics-aware ZA"":224,""zero direct-QCD closure rows; fewer than 3 direct-QCD source groups; transferred-QCD effective statistics below 2; nonfinite systematics-aware ZA"":50}"	7.066254980403957e-07			0	False	paired_source_member_bootstrap_p16_p84
bdt	0.26	0.8720820546150208	2410	18.587975887911895	626	15464.400556374807	7	6	32217.46949063301	2.5718407649998825	1	1	41.16994730840985	1.0	47681.87004700782	5.6105705525377045	781.5482323134258	2.4904270065012017	0.5579607009130129	25179640.58240614	0.08511914393450311	7.381185991176616e-07	True	False	fewer than 3 direct-QCD source groups	0.9689721356783211	0.9692996834397861	0.9641694954798946	0.9735739484078021	0.9587968832023972	0.977607582619701	1000	0	{}	0.09225285786864662	0.08739089563990703	0.07082923567059736	0.11379249469926826	0.06022703862676142	0.1498360970034174	1000	0	{}	nan	nan	nan	nan	nan	nan	0	1000	"{""fewer than 3 direct-QCD source groups"":383,""fewer than 3 direct-QCD source groups; fewer than 3 transferred-QCD source groups"":12,""fewer than 3 direct-QCD source groups; fewer than 3 transferred-QCD source groups; transferred-QCD effective statistics below 2"":8,""fewer than 3 direct-QCD source groups; fewer than 5 transferred-QCD rows"":27,""fewer than 3 direct-QCD source groups; fewer than 5 transferred-QCD rows; fewer than 3 transferred-QCD source groups"":32,""fewer than 3 direct-QCD source groups; fewer than 5 transferred-QCD rows; fewer than 3 transferred-QCD source groups; transferred-QCD effective statistics below 2"":38,""fewer than 3 direct-QCD source groups; fewer than 5 transferred-QCD rows; fewer than 3 transferred-QCD source groups; transferred-QCD effective statistics below 2; nonfinite systematics-aware ZA"":1,""fewer than 3 direct-QCD source groups; fewer than 5 transferred-QCD rows; transferred-QCD effective statistics below 2"":41,""fewer than 3 direct-QCD source groups; transferred-QCD effective statistics below 2"":94,""zero direct-QCD closure rows; fewer than 3 direct-QCD source groups; fewer than 3 transferred-QCD source groups; nonfinite systematics-aware ZA"":14,""zero direct-QCD closure rows; fewer than 3 direct-QCD source groups; fewer than 3 transferred-QCD source groups; transferred-QCD effective statistics below 2; nonfinite systematics-aware ZA"":6,""zero direct-QCD closure rows; fewer than 3 direct-QCD source groups; fewer than 5 transferred-QCD rows; fewer than 3 transferred-QCD source groups; nonfinite systematics-aware ZA"":13,""zero direct-QCD closure rows; fewer than 3 direct-QCD source groups; fewer than 5 transferred-QCD rows; fewer than 3 transferred-QCD source groups; transferred-QCD effective statistics below 2; nonfinite systematics-aware ZA"":24,""zero direct-QCD closure rows; fewer than 3 direct-QCD source groups; fewer than 5 transferred-QCD rows; nonfinite systematics-aware ZA"":15,""zero direct-QCD closure rows; fewer than 3 direct-QCD source groups; fewer than 5 transferred-QCD rows; transferred-QCD effective statistics below 2; nonfinite systematics-aware ZA"":18,""zero direct-QCD closure rows; fewer than 3 direct-QCD source groups; nonfinite systematics-aware ZA"":224,""zero direct-QCD closure rows; fewer than 3 direct-QCD source groups; transferred-QCD effective statistics below 2; nonfinite systematics-aware ZA"":50}"	7.381185991176616e-07			0	False	paired_source_member_bootstrap_p16_p84
bdt	0.27	0.8680091500282288	2504	19.382591658870822	674	16120.30803874786	7	6	32217.46949063301	2.5718407649998825	1	1	41.16994730840985	1.0	48337.77752938087	5.765078260377363	781.5482323134258	2.4904270065012017	0.5579607009130129	25179640.58240614	0.08815348517124415	7.696695077383362e-07	True	False	fewer than 3 direct-QCD source groups	0.9679127111495422	0.9682047633374877	0.9631296351127075	0.9725453625238597	0.9577455589104186	0.9765363976360417	1000	0	{}	0.09528955950700706	0.09078719591734201	0.07381238444440129	0.11663994031796636	0.06272884533753453	0.15258014697530503	1000	0	{}	nan	nan	nan	nan	nan	nan	0	1000	"{""fewer than 3 direct-QCD source groups"":383,""fewer than 3 direct-QCD source groups; fewer than 3 transferred-QCD source groups"":12,""fewer than 3 direct-QCD source groups; fewer than 3 transferred-QCD source groups; transferred-QCD effective statistics below 2"":8,""fewer than 3 direct-QCD source groups; fewer than 5 transferred-QCD rows"":27,""fewer than 3 direct-QCD source groups; fewer than 5 transferred-QCD rows; fewer than 3 transferred-QCD source groups"":32,""fewer than 3 direct-QCD source groups; fewer than 5 transferred-QCD rows; fewer than 3 transferred-QCD source groups; transferred-QCD effective statistics below 2"":38,""fewer than 3 direct-QCD source groups; fewer than 5 transferred-QCD rows; fewer than 3 transferred-QCD source groups; transferred-QCD effective statistics below 2; nonfinite systematics-aware ZA"":1,""fewer than 3 direct-QCD source groups; fewer than 5 transferred-QCD rows; transferred-QCD effective statistics below 2"":41,""fewer than 3 direct-QCD source groups; transferred-QCD effective statistics below 2"":94,""zero direct-QCD closure rows; fewer than 3 direct-QCD source groups; fewer than 3 transferred-QCD source groups; nonfinite systematics-aware ZA"":14,""zero direct-QCD closure rows; fewer than 3 direct-QCD source groups; fewer than 3 transferred-QCD source groups; transferred-QCD effective statistics below 2; nonfinite systematics-aware ZA"":6,""zero direct-QCD closure rows; fewer than 3 direct-QCD source groups; fewer than 5 transferred-QCD rows; fewer than 3 transferred-QCD source groups; nonfinite systematics-aware ZA"":13,""zero direct-QCD closure rows; fewer than 3 direct-QCD source groups; fewer than 5 transferred-QCD rows; fewer than 3 transferred-QCD source groups; transferred-QCD effective statistics below 2; nonfinite systematics-aware ZA"":24,""zero direct-QCD closure rows; fewer than 3 direct-QCD source groups; fewer than 5 transferred-QCD rows; nonfinite systematics-aware ZA"":15,""zero direct-QCD closure rows; fewer than 3 direct-QCD source groups; fewer than 5 transferred-QCD rows; transferred-QCD effective statistics below 2; nonfinite systematics-aware ZA"":18,""zero direct-QCD closure rows; fewer than 3 direct-QCD source groups; nonfinite systematics-aware ZA"":224,""zero direct-QCD closure rows; fewer than 3 direct-QCD source groups; transferred-QCD effective statistics below 2; nonfinite systematics-aware ZA"":50}"	7.696695077383362e-07			0	False	paired_source_member_bootstrap_p16_p84
bdt	0.28	0.8647480010986328	2598	20.2770064889842	714	17091.511048929824	7	6	32217.46949063301	2.5718407649998825	1	1	41.16994730840985	1.0	49308.980539562835	5.997558052941899	781.5482323134258	2.4904270065012017	0.5579607009130129	25179640.58240614	0.0913084703031015	8.05183363462238e-07	True	False	fewer than 3 direct-QCD source groups	0.9668428524499516	0.9671981220894071	0.962203969226569	0.9714979737221652	0.9564861973437626	0.9755247833340959	1000	0	{}	0.09833797499949526	0.09412209409552907	0.07640893605928722	0.12023327478632072	0.06547771520299077	0.15424180821827171	1000	0	{}	nan	nan	nan	nan	nan	nan	0	1000	"{""fewer than 3 direct-QCD source groups"":383,""fewer than 3 direct-QCD source groups; fewer than 3 transferred-QCD source groups"":12,""fewer than 3 direct-QCD source groups; fewer than 3 transferred-QCD source groups; transferred-QCD effective statistics below 2"":8,""fewer than 3 direct-QCD source groups; fewer than 5 transferred-QCD rows"":27,""fewer than 3 direct-QCD source groups; fewer than 5 transferred-QCD rows; fewer than 3 transferred-QCD source groups"":32,""fewer than 3 direct-QCD source groups; fewer than 5 transferred-QCD rows; fewer than 3 transferred-QCD source groups; transferred-QCD effective statistics below 2"":38,""fewer than 3 direct-QCD source groups; fewer than 5 transferred-QCD rows; fewer than 3 transferred-QCD source groups; transferred-QCD effective statistics below 2; nonfinite systematics-aware ZA"":1,""fewer than 3 direct-QCD source groups; fewer than 5 transferred-QCD rows; transferred-QCD effective statistics below 2"":41,""fewer than 3 direct-QCD source groups; transferred-QCD effective statistics below 2"":94,""zero direct-QCD closure rows; fewer than 3 direct-QCD source groups; fewer than 3 transferred-QCD source groups; nonfinite systematics-aware ZA"":14,""zero direct-QCD closure rows; fewer than 3 direct-QCD source groups; fewer than 3 transferred-QCD source groups; transferred-QCD effective statistics below 2; nonfinite systematics-aware ZA"":6,""zero direct-QCD closure rows; fewer than 3 direct-QCD source groups; fewer than 5 transferred-QCD rows; fewer than 3 transferred-QCD source groups; nonfinite systematics-aware ZA"":13,""zero direct-QCD closure rows; fewer than 3 direct-QCD source groups; fewer than 5 transferred-QCD rows; fewer than 3 transferred-QCD source groups; transferred-QCD effective statistics below 2; nonfinite systematics-aware ZA"":24,""zero direct-QCD closure rows; fewer than 3 direct-QCD source groups; fewer than 5 transferred-QCD rows; nonfinite systematics-aware ZA"":15,""zero direct-QCD closure rows; fewer than 3 direct-QCD source groups; fewer than 5 transferred-QCD rows; transferred-QCD effective statistics below 2; nonfinite systematics-aware ZA"":18,""zero direct-QCD closure rows; fewer than 3 direct-QCD source groups; nonfinite systematics-aware ZA"":224,""zero direct-QCD closure rows; fewer than 3 direct-QCD source groups; transferred-QCD effective statistics below 2; nonfinite systematics-aware ZA"":50}"	8.05183363462238e-07			0	False	paired_source_member_bootstrap_p16_p84
bdt	0.29000000000000004	0.8609697222709656	2693	21.061256394561017	761	18190.07595844371	7	6	32217.46949063301	2.5718407649998825	1	1	41.16994730840985	1.0	50407.54544907672	6.266002313275966	781.5482323134258	2.4904270065012017	0.5579607009130129	25179640.58240614	0.09380073931532387	8.363234483634637e-07	True	False	fewer than 3 direct-QCD source groups	0.9656484410297983	0.9660007577622316	0.960954167186457	0.9702811343577299	0.9552774053791352	0.974466257998237	1000	0	{}	0.1006381299538375	0.09657929817839558	0.0789844497709642	0.12223808303512625	0.06764374474163859	0.155667233903767	1000	0	{}	nan	nan	nan	nan	nan	nan	0	1000	"{""fewer than 3 direct-QCD source groups"":383,""fewer than 3 direct-QCD source groups; fewer than 3 transferred-QCD source groups"":12,""fewer than 3 direct-QCD source groups; fewer than 3 transferred-QCD source groups; transferred-QCD effective statistics below 2"":8,""fewer than 3 direct-QCD source groups; fewer than 5 transferred-QCD rows"":27,""fewer than 3 direct-QCD source groups; fewer than 5 transferred-QCD rows; fewer than 3 transferred-QCD source groups"":32,""fewer than 3 direct-QCD source groups; fewer than 5 transferred-QCD rows; fewer than 3 transferred-QCD source groups; transferred-QCD effective statistics below 2"":38,""fewer than 3 direct-QCD source groups; fewer than 5 transferred-QCD rows; fewer than 3 transferred-QCD source groups; transferred-QCD effective statistics below 2; nonfinite systematics-aware ZA"":1,""fewer than 3 direct-QCD source groups; fewer than 5 transferred-QCD rows; transferred-QCD effective statistics below 2"":41,""fewer than 3 direct-QCD source groups; transferred-QCD effective statistics below 2"":94,""zero direct-QCD closure rows; fewer than 3 direct-QCD source groups; fewer than 3 transferred-QCD source groups; nonfinite systematics-aware ZA"":14,""zero direct-QCD closure rows; fewer than 3 direct-QCD source groups; fewer than 3 transferred-QCD source groups; transferred-QCD effective statistics below 2; nonfinite systematics-aware ZA"":6,""zero direct-QCD closure rows; fewer than 3 direct-QCD source groups; fewer than 5 transferred-QCD rows; fewer than 3 transferred-QCD source groups; nonfinite systematics-aware ZA"":13,""zero direct-QCD closure rows; fewer than 3 direct-QCD source groups; fewer than 5 transferred-QCD rows; fewer than 3 transferred-QCD source groups; transferred-QCD effective statistics below 2; nonfinite systematics-aware ZA"":24,""zero direct-QCD closure rows; fewer than 3 direct-QCD source groups; fewer than 5 transferred-QCD rows; nonfinite systematics-aware ZA"":15,""zero direct-QCD closure rows; fewer than 3 direct-QCD source groups; fewer than 5 transferred-QCD rows; transferred-QCD effective statistics below 2; nonfinite systematics-aware ZA"":18,""zero direct-QCD closure rows; fewer than 3 direct-QCD source groups; nonfinite systematics-aware ZA"":224,""zero direct-QCD closure rows; fewer than 3 direct-QCD source groups; transferred-QCD effective statistics below 2; nonfinite systematics-aware ZA"":50}"	8.363234483634637e-07			0	False	paired_source_member_bootstrap_p16_p84
bdt	0.30000000000000004	0.8570908904075623	2786	21.82930059118948	814	19346.30373766298	7	6	32217.46949063301	2.5718407649998825	1	1	41.16994730840985	1.0	51563.77322829599	6.554846631014493	781.5482323134258	2.4904270065012017	0.5579607009130129	25179640.58240614	0.0961251073545212	8.668201927932365e-07	True	False	fewer than 3 direct-QCD source groups	0.9640452354738602	0.9644317305793026	0.9592642555002044	0.9687391658347931	0.9537548959574615	0.9730726240864651	1000	0	{}	0.10275491616044735	0.0987001932117568	0.08106598282196321	0.12424638119471881	0.06969774640648599	0.15643348313389724	1000	0	{}	nan	nan	nan	nan	nan	nan	0	1000	"{""fewer than 3 direct-QCD source groups"":383,""fewer than 3 direct-QCD source groups; fewer than 3 transferred-QCD source groups"":12,""fewer than 3 direct-QCD source groups; fewer than 3 transferred-QCD source groups; transferred-QCD effective statistics below 2"":8,""fewer than 3 direct-QCD source groups; fewer than 5 transferred-QCD rows"":27,""fewer than 3 direct-QCD source groups; fewer than 5 transferred-QCD rows; fewer than 3 transferred-QCD source groups"":32,""fewer than 3 direct-QCD source groups; fewer than 5 transferred-QCD rows; fewer than 3 transferred-QCD source groups; transferred-QCD effective statistics below 2"":38,""fewer than 3 direct-QCD source groups; fewer than 5 transferred-QCD rows; fewer than 3 transferred-QCD source groups; transferred-QCD effective statistics below 2; nonfinite systematics-aware ZA"":1,""fewer than 3 direct-QCD source groups; fewer than 5 transferred-QCD rows; transferred-QCD effective statistics below 2"":41,""fewer than 3 direct-QCD source groups; transferred-QCD effective statistics below 2"":94,""zero direct-QCD closure rows; fewer than 3 direct-QCD source groups; fewer than 3 transferred-QCD source groups; nonfinite systematics-aware ZA"":14,""zero direct-QCD closure rows; fewer than 3 direct-QCD source groups; fewer than 3 transferred-QCD source groups; transferred-QCD effective statistics below 2; nonfinite systematics-aware ZA"":6,""zero direct-QCD closure rows; fewer than 3 direct-QCD source groups; fewer than 5 transferred-QCD rows; fewer than 3 transferred-QCD source groups; nonfinite systematics-aware ZA"":13,""zero direct-QCD closure rows; fewer than 3 direct-QCD source groups; fewer than 5 transferred-QCD rows; fewer than 3 transferred-QCD source groups; transferred-QCD effective statistics below 2; nonfinite systematics-aware ZA"":24,""zero direct-QCD closure rows; fewer than 3 direct-QCD source groups; fewer than 5 transferred-QCD rows; nonfinite systematics-aware ZA"":15,""zero direct-QCD closure rows; fewer than 3 direct-QCD source groups; fewer than 5 transferred-QCD rows; transferred-QCD effective statistics below 2; nonfinite systematics-aware ZA"":18,""zero direct-QCD closure rows; fewer than 3 direct-QCD source groups; nonfinite systematics-aware ZA"":224,""zero direct-QCD closure rows; fewer than 3 direct-QCD source groups; transferred-QCD effective statistics below 2; nonfinite systematics-aware ZA"":50}"	8.668201927932365e-07			0	False	paired_source_member_bootstrap_p16_p84
bdt	0.31	0.8530828952789307	2879	22.621783506754014	868	20121.72196861487	7	6	32217.46949063301	2.5718407649998825	1	1	41.16994730840985	1.0	52339.191459247886	6.752196788296099	781.5482323134258	2.4904270065012017	0.5579607009130129	25179640.58240614	0.09887398924705446	8.982862600930258e-07	True	False	fewer than 3 direct-QCD source groups	0.9619732348992948	0.9623951033751503	0.9570963871595702	0.966782077588357	0.9513058904046007	0.9708891986269617	1000	0	{}	0.10543823754029409	0.10157781155615402	0.08362528833824102	0.12725352972464563	0.07199888656583558	0.15889392902648145	1000	0	{}	nan	nan	nan	nan	nan	nan	0	1000	"{""fewer than 3 direct-QCD source groups"":383,""fewer than 3 direct-QCD source groups; fewer than 3 transferred-QCD source groups"":12,""fewer than 3 direct-QCD source groups; fewer than 3 transferred-QCD source groups; transferred-QCD effective statistics below 2"":8,""fewer than 3 direct-QCD source groups; fewer than 5 transferred-QCD rows"":27,""fewer than 3 direct-QCD source groups; fewer than 5 transferred-QCD rows; fewer than 3 transferred-QCD source groups"":32,""fewer than 3 direct-QCD source groups; fewer than 5 transferred-QCD rows; fewer than 3 transferred-QCD source groups; transferred-QCD effective statistics below 2"":38,""fewer than 3 direct-QCD source groups; fewer than 5 transferred-QCD rows; fewer than 3 transferred-QCD source groups; transferred-QCD effective statistics below 2; nonfinite systematics-aware ZA"":1,""fewer than 3 direct-QCD source groups; fewer than 5 transferred-QCD rows; transferred-QCD effective statistics below 2"":41,""fewer than 3 direct-QCD source groups; transferred-QCD effective statistics below 2"":94,""zero direct-QCD closure rows; fewer than 3 direct-QCD source groups; fewer than 3 transferred-QCD source groups; nonfinite systematics-aware ZA"":14,""zero direct-QCD closure rows; fewer than 3 direct-QCD source groups; fewer than 3 transferred-QCD source groups; transferred-QCD effective statistics below 2; nonfinite systematics-aware ZA"":6,""zero direct-QCD closure rows; fewer than 3 direct-QCD source groups; fewer than 5 transferred-QCD rows; fewer than 3 transferred-QCD source groups; nonfinite systematics-aware ZA"":13,""zero direct-QCD closure rows; fewer than 3 direct-QCD source groups; fewer than 5 transferred-QCD rows; fewer than 3 transferred-QCD source groups; transferred-QCD effective statistics below 2; nonfinite systematics-aware ZA"":24,""zero direct-QCD closure rows; fewer than 3 direct-QCD source groups; fewer than 5 transferred-QCD rows; nonfinite systematics-aware ZA"":15,""zero direct-QCD closure rows; fewer than 3 direct-QCD source groups; fewer than 5 transferred-QCD rows; transferred-QCD effective statistics below 2; nonfinite systematics-aware ZA"":18,""zero direct-QCD closure rows; fewer than 3 direct-QCD source groups; nonfinite systematics-aware ZA"":224,""zero direct-QCD closure rows; fewer than 3 direct-QCD source groups; transferred-QCD effective statistics below 2; nonfinite systematics-aware ZA"":50}"	8.982862600930258e-07			0	False	paired_source_member_bootstrap_p16_p84
bdt	0.32	0.8497540354728699	2973	23.4789853284093	919	21340.493700700146	7	6	32217.46949063301	2.5718407649998825	1	1	41.16994730840985	1.0	53557.963191333154	7.068097806049328	781.5482323134258	2.4904270065012017	0.5579607009130129	25179640.58240614	0.10144615042604126	9.323228894380185e-07	True	False	fewer than 3 direct-QCD source groups	0.9583091550544877	0.958596627634547	0.9533994356285371	0.963374079671205	0.9473575364605823	0.9676609782597975	1000	0	{}	0.10780790233957185	0.10410847996936706	0.08605369458433998	0.12961715780639438	0.07419522683443024	0.1605406547738626	1000	0	{}	nan	nan	nan	nan	nan	nan	0	1000	"{""fewer than 3 direct-QCD source groups"":383,""fewer than 3 direct-QCD source groups; fewer than 3 transferred-QCD source groups"":12,""fewer than 3 direct-QCD source groups; fewer than 3 transferred-QCD source groups; transferred-QCD effective statistics below 2"":8,""fewer than 3 direct-QCD source groups; fewer than 5 transferred-QCD rows"":27,""fewer than 3 direct-QCD source groups; fewer than 5 transferred-QCD rows; fewer than 3 transferred-QCD source groups"":32,""fewer than 3 direct-QCD source groups; fewer than 5 transferred-QCD rows; fewer than 3 transferred-QCD source groups; transferred-QCD effective statistics below 2"":38,""fewer than 3 direct-QCD source groups; fewer than 5 transferred-QCD rows; fewer than 3 transferred-QCD source groups; transferred-QCD effective statistics below 2; nonfinite systematics-aware ZA"":1,""fewer than 3 direct-QCD source groups; fewer than 5 transferred-QCD rows; transferred-QCD effective statistics below 2"":41,""fewer than 3 direct-QCD source groups; transferred-QCD effective statistics below 2"":94,""zero direct-QCD closure rows; fewer than 3 direct-QCD source groups; fewer than 3 transferred-QCD source groups; nonfinite systematics-aware ZA"":14,""zero direct-QCD closure rows; fewer than 3 direct-QCD source groups; fewer than 3 transferred-QCD source groups; transferred-QCD effective statistics below 2; nonfinite systematics-aware ZA"":6,""zero direct-QCD closure rows; fewer than 3 direct-QCD source groups; fewer than 5 transferred-QCD rows; fewer than 3 transferred-QCD source groups; nonfinite systematics-aware ZA"":13,""zero direct-QCD closure rows; fewer than 3 direct-QCD source groups; fewer than 5 transferred-QCD rows; fewer than 3 transferred-QCD source groups; transferred-QCD effective statistics below 2; nonfinite systematics-aware ZA"":24,""zero direct-QCD closure rows; fewer than 3 direct-QCD source groups; fewer than 5 transferred-QCD rows; nonfinite systematics-aware ZA"":15,""zero direct-QCD closure rows; fewer than 3 direct-QCD source groups; fewer than 5 transferred-QCD rows; transferred-QCD effective statistics below 2; nonfinite systematics-aware ZA"":18,""zero direct-QCD closure rows; fewer than 3 direct-QCD source groups; nonfinite systematics-aware ZA"":224,""zero direct-QCD closure rows; fewer than 3 direct-QCD source groups; transferred-QCD effective statistics below 2; nonfinite systematics-aware ZA"":50}"	9.323228894380185e-07			0	False	paired_source_member_bootstrap_p16_p84
bdt	0.33	0.8462551236152649	3066	24.233815495876303	967	21872.239747113294	8	7	42756.55038810959	3.552092729321425	1	1	41.16994730840985	1.0	64628.79013522288	8.079780472651459	1037.5378943483768	2.4904270065012013	0.5579607009130129	44361675.46949629	0.09531947601784473	5.462099193062647e-07	True	False	fewer than 3 direct-QCD source groups	0.9567933735049667	0.9571441159936749	0.9517882507279299	0.9618167180235626	0.9460610339640985	0.9661955588079287	1000	0	{}	0.10064010321436552	0.0975322178018272	0.08238038533911393	0.1179877466737261	0.07135624057851464	0.1541784667506079	1000	0	{}	nan	nan	nan	nan	nan	nan	0	1000	"{""fewer than 3 direct-QCD source groups"":495,""fewer than 3 direct-QCD source groups; fewer than 3 transferred-QCD source groups"":7,""fewer than 3 direct-QCD source groups; fewer than 3 transferred-QCD source groups; transferred-QCD effective statistics below 2"":2,""fewer than 3 direct-QCD source groups; fewer than 5 transferred-QCD rows"":34,""fewer than 3 direct-QCD source groups; fewer than 5 transferred-QCD rows; fewer than 3 transferred-QCD source groups"":14,""fewer than 3 direct-QCD source groups; fewer than 5 transferred-QCD rows; fewer than 3 transferred-QCD source groups; transferred-QCD effective statistics below 2"":18,""fewer than 3 direct-QCD source groups; fewer than 5 transferred-QCD rows; transferred-QCD effective statistics below 2"":15,""fewer than 3 direct-QCD source groups; transferred-QCD effective statistics below 2"":51,""zero direct-QCD closure rows; fewer than 3 direct-QCD source groups; fewer than 3 transferred-QCD source groups; nonfinite systematics-aware ZA"":7,""zero direct-QCD closure rows; fewer than 3 direct-QCD source groups; fewer than 5 transferred-QCD rows; fewer than 3 transferred-QCD source groups; nonfinite systematics-aware ZA"":11,""zero direct-QCD closure rows; fewer than 3 direct-QCD source groups; fewer than 5 transferred-QCD rows; fewer than 3 transferred-QCD source groups; transferred-QCD effective statistics below 2; nonfinite systematics-aware ZA"":9,""zero direct-QCD closure rows; fewer than 3 direct-QCD source groups; fewer than 5 transferred-QCD rows; nonfinite systematics-aware ZA"":13,""zero direct-QCD closure rows; fewer than 3 direct-QCD source groups; fewer than 5 transferred-QCD rows; transferred-QCD effective statistics below 2; nonfinite systematics-aware ZA"":12,""zero direct-QCD closure rows; fewer than 3 direct-QCD source groups; nonfinite systematics-aware ZA"":283,""zero direct-QCD closure rows; fewer than 3 direct-QCD source groups; transferred-QCD effective statistics below 2; nonfinite systematics-aware ZA"":29}"	5.462099193062647e-07			0	False	paired_source_member_bootstrap_p16_p84
bdt	0.33999999999999997	0.8409397602081299	3159	25.051430345658915	1048	23762.14132347316	8	7	42756.55038810959	3.552092729321425	1	1	41.16994730840985	1.0	66518.69171158274	8.555993335632934	1037.5378943483768	2.4904270065012013	0.5579607009130129	44361675.46949629	0.09712553448464477	5.646379655331829e-07	True	False	fewer than 3 direct-QCD source groups	0.9510999137533511	0.9511987422772588	0.9455790780509418	0.9570158470374338	0.9389847546751686	0.9617160688777249	1000	0	{}	0.10220789664210549	0.09932431290720548	0.0841530040306655	0.11958817816741905	0.07319680515734316	0.15407387620816343	1000	0	{}	nan	nan	nan	nan	nan	nan	0	1000	"{""fewer than 3 direct-QCD source groups"":495,""fewer than 3 direct-QCD source groups; fewer than 3 transferred-QCD source groups"":7,""fewer than 3 direct-QCD source groups; fewer than 3 transferred-QCD source groups; transferred-QCD effective statistics below 2"":2,""fewer than 3 direct-QCD source groups; fewer than 5 transferred-QCD rows"":34,""fewer than 3 direct-QCD source groups; fewer than 5 transferred-QCD rows; fewer than 3 transferred-QCD source groups"":14,""fewer than 3 direct-QCD source groups; fewer than 5 transferred-QCD rows; fewer than 3 transferred-QCD source groups; transferred-QCD effective statistics below 2"":18,""fewer than 3 direct-QCD source groups; fewer than 5 transferred-QCD rows; transferred-QCD effective statistics below 2"":15,""fewer than 3 direct-QCD source groups; transferred-QCD effective statistics below 2"":51,""zero direct-QCD closure rows; fewer than 3 direct-QCD source groups; fewer than 3 transferred-QCD source groups; nonfinite systematics-aware ZA"":7,""zero direct-QCD closure rows; fewer than 3 direct-QCD source groups; fewer than 5 transferred-QCD rows; fewer than 3 transferred-QCD source groups; nonfinite systematics-aware ZA"":11,""zero direct-QCD closure rows; fewer than 3 direct-QCD source groups; fewer than 5 transferred-QCD rows; fewer than 3 transferred-QCD source groups; transferred-QCD effective statistics below 2; nonfinite systematics-aware ZA"":9,""zero direct-QCD closure rows; fewer than 3 direct-QCD source groups; fewer than 5 transferred-QCD rows; nonfinite systematics-aware ZA"":13,""zero direct-QCD closure rows; fewer than 3 direct-QCD source groups; fewer than 5 transferred-QCD rows; transferred-QCD effective statistics below 2; nonfinite systematics-aware ZA"":12,""zero direct-QCD closure rows; fewer than 3 direct-QCD source groups; nonfinite systematics-aware ZA"":283,""zero direct-QCD closure rows; fewer than 3 direct-QCD source groups; transferred-QCD effective statistics below 2; nonfinite systematics-aware ZA"":29}"	5.646379655331829e-07			0	False	paired_source_member_bootstrap_p16_p84
bdt	0.35	0.8373479843139648	3253	25.833473245078245	1107	25151.031289867147	8	7	42756.55038810959	3.552092729321425	1	1	41.16994730840985	1.0	67907.58167797673	8.914000472834243	1037.5378943483768	2.4904270065012013	0.5579607009130129	44361675.46949629	0.0991279523612887	5.822638083973988e-07	True	False	fewer than 3 direct-QCD source groups	0.9468863901744525	0.9467124179389763	0.9409961212577597	0.952964891426573	0.9342598505200823	0.9580887758076924	1000	0	{}	0.10409095742455869	0.10134735246334439	0.08618121252373466	0.121494657776302	0.07536058897710984	0.15545097864787336	1000	0	{}	nan	nan	nan	nan	nan	nan	0	1000	"{""fewer than 3 direct-QCD source groups"":495,""fewer than 3 direct-QCD source groups; fewer than 3 transferred-QCD source groups"":7,""fewer than 3 direct-QCD source groups; fewer than 3 transferred-QCD source groups; transferred-QCD effective statistics below 2"":2,""fewer than 3 direct-QCD source groups; fewer than 5 transferred-QCD rows"":34,""fewer than 3 direct-QCD source groups; fewer than 5 transferred-QCD rows; fewer than 3 transferred-QCD source groups"":14,""fewer than 3 direct-QCD source groups; fewer than 5 transferred-QCD rows; fewer than 3 transferred-QCD source groups; transferred-QCD effective statistics below 2"":18,""fewer than 3 direct-QCD source groups; fewer than 5 transferred-QCD rows; transferred-QCD effective statistics below 2"":15,""fewer than 3 direct-QCD source groups; transferred-QCD effective statistics below 2"":51,""zero direct-QCD closure rows; fewer than 3 direct-QCD source groups; fewer than 3 transferred-QCD source groups; nonfinite systematics-aware ZA"":7,""zero direct-QCD closure rows; fewer than 3 direct-QCD source groups; fewer than 5 transferred-QCD rows; fewer than 3 transferred-QCD source groups; nonfinite systematics-aware ZA"":11,""zero direct-QCD closure rows; fewer than 3 direct-QCD source groups; fewer than 5 transferred-QCD rows; fewer than 3 transferred-QCD source groups; transferred-QCD effective statistics below 2; nonfinite systematics-aware ZA"":9,""zero direct-QCD closure rows; fewer than 3 direct-QCD source groups; fewer than 5 transferred-QCD rows; nonfinite systematics-aware ZA"":13,""zero direct-QCD closure rows; fewer than 3 direct-QCD source groups; fewer than 5 transferred-QCD rows; transferred-QCD effective statistics below 2; nonfinite systematics-aware ZA"":12,""zero direct-QCD closure rows; fewer than 3 direct-QCD source groups; nonfinite systematics-aware ZA"":283,""zero direct-QCD closure rows; fewer than 3 direct-QCD source groups; transferred-QCD effective statistics below 2; nonfinite systematics-aware ZA"":29}"	5.822638083973988e-07			0	False	paired_source_member_bootstrap_p16_p84
bdt	0.36	0.8326547741889954	3347	26.714682271810464	1172	26842.79021293649	8	7	42756.55038810959	3.552092729321425	1	1	41.16994730840985	1.0	69599.34060104607	9.360440827227192	1037.5378943483768	2.4904270065012013	0.5579607009130129	44361675.46949629	0.10125574454562902	6.021248012218471e-07	True	False	fewer than 3 direct-QCD source groups	0.9448352588195604	0.944746251883011	0.9389403704578668	0.9510146455331265	0.9321271304220586	0.956013500962173	1000	0	{}	0.1060618576978767	0.10368279424481316	0.08820583081533843	0.1232904953274666	0.07732934418561717	0.15473188742575497	1000	0	{}	nan	nan	nan	nan	nan	nan	0	1000	"{""fewer than 3 direct-QCD source groups"":495,""fewer than 3 direct-QCD source groups; fewer than 3 transferred-QCD source groups"":7,""fewer than 3 direct-QCD source groups; fewer than 3 transferred-QCD source groups; transferred-QCD effective statistics below 2"":2,""fewer than 3 direct-QCD source groups; fewer than 5 transferred-QCD rows"":34,""fewer than 3 direct-QCD source groups; fewer than 5 transferred-QCD rows; fewer than 3 transferred-QCD source groups"":14,""fewer than 3 direct-QCD source groups; fewer than 5 transferred-QCD rows; fewer than 3 transferred-QCD source groups; transferred-QCD effective statistics below 2"":18,""fewer than 3 direct-QCD source groups; fewer than 5 transferred-QCD rows; transferred-QCD effective statistics below 2"":15,""fewer than 3 direct-QCD source groups; transferred-QCD effective statistics below 2"":51,""zero direct-QCD closure rows; fewer than 3 direct-QCD source groups; fewer than 3 transferred-QCD source groups; nonfinite systematics-aware ZA"":7,""zero direct-QCD closure rows; fewer than 3 direct-QCD source groups; fewer than 5 transferred-QCD rows; fewer than 3 transferred-QCD source groups; nonfinite systematics-aware ZA"":11,""zero direct-QCD closure rows; fewer than 3 direct-QCD source groups; fewer than 5 transferred-QCD rows; fewer than 3 transferred-QCD source groups; transferred-QCD effective statistics below 2; nonfinite systematics-aware ZA"":9,""zero direct-QCD closure rows; fewer than 3 direct-QCD source groups; fewer than 5 transferred-QCD rows; nonfinite systematics-aware ZA"":13,""zero direct-QCD closure rows; fewer than 3 direct-QCD source groups; fewer than 5 transferred-QCD rows; transferred-QCD effective statistics below 2; nonfinite systematics-aware ZA"":12,""zero direct-QCD closure rows; fewer than 3 direct-QCD source groups; nonfinite systematics-aware ZA"":283,""zero direct-QCD closure rows; fewer than 3 direct-QCD source groups; transferred-QCD effective statistics below 2; nonfinite systematics-aware ZA"":29}"	6.021248012218471e-07			0	False	paired_source_member_bootstrap_p16_p84
bdt	0.37	0.8280007243156433	3441	27.58340128158264	1248	28485.744554604644	9	7	42806.084635827196	3.5603108521900517	1	1	41.16994730840985	1.0	71291.82919043183	9.8179719525576	1038.7410595442548	2.4904270065012017	0.5579607009130129	44464571.91962776	0.10329990850788413	6.202656064670153e-07	True	False	fewer than 3 direct-QCD source groups	0.9412350550309829	0.9413284830044928	0.9345227111172735	0.9480908070740277	0.927085506578181	0.9531289847946799	1000	0	{}	0.10794990228863183	0.10573592777488072	0.09019373123599861	0.1248389675427412	0.07926101608927752	0.1555575323255516	1000	0	{}	nan	nan	nan	nan	nan	nan	0	1000	"{""fewer than 3 direct-QCD source groups"":495,""fewer than 3 direct-QCD source groups; fewer than 3 transferred-QCD source groups"":8,""fewer than 3 direct-QCD source groups; fewer than 3 transferred-QCD source groups; transferred-QCD effective statistics below 2"":2,""fewer than 3 direct-QCD source groups; fewer than 5 transferred-QCD rows"":34,""fewer than 3 direct-QCD source groups; fewer than 5 transferred-QCD rows; fewer than 3 transferred-QCD source groups"":15,""fewer than 3 direct-QCD source groups; fewer than 5 transferred-QCD rows; fewer than 3 transferred-QCD source groups; transferred-QCD effective statistics below 2"":16,""fewer than 3 direct-QCD source groups; fewer than 5 transferred-QCD rows; transferred-QCD effective statistics below 2"":9,""fewer than 3 direct-QCD source groups; transferred-QCD effective statistics below 2"":57,""zero direct-QCD closure rows; fewer than 3 direct-QCD source groups; fewer than 3 transferred-QCD source groups; nonfinite systematics-aware ZA"":8,""zero direct-QCD closure rows; fewer than 3 direct-QCD source groups; fewer than 5 transferred-QCD rows; fewer than 3 transferred-QCD source groups; nonfinite systematics-aware ZA"":10,""zero direct-QCD closure rows; fewer than 3 direct-QCD source groups; fewer than 5 transferred-QCD rows; fewer than 3 transferred-QCD source groups; transferred-QCD effective statistics below 2; nonfinite systematics-aware ZA"":9,""zero direct-QCD closure rows; fewer than 3 direct-QCD source groups; fewer than 5 transferred-QCD rows; nonfinite systematics-aware ZA"":13,""zero direct-QCD closure rows; fewer than 3 direct-QCD source groups; fewer than 5 transferred-QCD rows; transferred-QCD effective statistics below 2; nonfinite systematics-aware ZA"":8,""zero direct-QCD closure rows; fewer than 3 direct-QCD source groups; nonfinite systematics-aware ZA"":284,""zero direct-QCD closure rows; fewer than 3 direct-QCD source groups; transferred-QCD effective statistics below 2; nonfinite systematics-aware ZA"":32}"	6.202656064670153e-07			0	False	paired_source_member_bootstrap_p16_p84
bdt	0.38	0.8232697248458862	3536	28.392472342992296	1325	29933.265860202166	10	8	59412.31279256825	4.465699643205163	1	1	41.16994730840985	1.0	89345.57865277042	10.0589196868446	1442.0990729111766	2.4904270065012013	0.5579607009130129	85678575.3717325	0.09498251808963834	3.3134847576845014e-07	True	False	fewer than 3 direct-QCD source groups	0.9384888247860393	0.9385352772474467	0.9318913724727863	0.9452760230924444	0.924095912190865	0.9504357742105564	1000	0	{}	0.099113638474701	0.09684930118102641	0.08290031153696414	0.11477954419265343	0.0731777863936322	0.14037013874408183	1000	0	{}	nan	nan	nan	nan	nan	nan	0	1000	"{""fewer than 3 direct-QCD source groups"":553,""fewer than 3 direct-QCD source groups; fewer than 3 transferred-QCD source groups"":7,""fewer than 3 direct-QCD source groups; fewer than 5 transferred-QCD rows"":25,""fewer than 3 direct-QCD source groups; fewer than 5 transferred-QCD rows; fewer than 3 transferred-QCD source groups"":13,""fewer than 3 direct-QCD source groups; fewer than 5 transferred-QCD rows; fewer than 3 transferred-QCD source groups; transferred-QCD effective statistics below 2"":5,""fewer than 3 direct-QCD source groups; fewer than 5 transferred-QCD rows; transferred-QCD effective statistics below 2"":3,""fewer than 3 direct-QCD source groups; transferred-QCD effective statistics below 2"":30,""zero direct-QCD closure rows; fewer than 3 direct-QCD source groups; fewer than 3 transferred-QCD source groups; nonfinite systematics-aware ZA"":4,""zero direct-QCD closure rows; fewer than 3 direct-QCD source groups; fewer than 5 transferred-QCD rows; fewer than 3 transferred-QCD source groups; nonfinite systematics-aware ZA"":5,""zero direct-QCD closure rows; fewer than 3 direct-QCD source groups; fewer than 5 transferred-QCD rows; fewer than 3 transferred-QCD source groups; transferred-QCD effective statistics below 2; nonfinite systematics-aware ZA"":4,""zero direct-QCD closure rows; fewer than 3 direct-QCD source groups; fewer than 5 transferred-QCD rows; nonfinite systematics-aware ZA"":13,""zero direct-QCD closure rows; fewer than 3 direct-QCD source groups; fewer than 5 transferred-QCD rows; transferred-QCD effective statistics below 2; nonfinite systematics-aware ZA"":5,""zero direct-QCD closure rows; fewer than 3 direct-QCD source groups; nonfinite systematics-aware ZA"":321,""zero direct-QCD closure rows; fewer than 3 direct-QCD source groups; transferred-QCD effective statistics below 2; nonfinite systematics-aware ZA"":12}"	3.3134847576845014e-07			0	False	paired_source_member_bootstrap_p16_p84
bdt	0.39	0.8181650638580322	3629	29.209851163828453	1398	31481.09833632098	11	9	69950.52299849754	5.42780173561267	1	1	41.16994730840985	1.0	101431.62133481853	11.37089599010764	1698.0675862295464	2.4904270065012017	0.5579607009130129	118780849.90362802	0.09171108214328239	2.4589020661467555e-07	True	False	fewer than 3 direct-QCD source groups	0.9356318031522556	0.9358349917731081	0.9288015746966299	0.9427175955545514	0.9207823234056925	0.9482924617888535	1000	0	{}	0.09488564245083814	0.09269984114890156	0.08073726217659083	0.109090100175429	0.07147257347662772	0.12833732083976807	1000	0	{}	nan	nan	nan	nan	nan	nan	0	1000	"{""fewer than 3 direct-QCD source groups"":600,""fewer than 3 direct-QCD source groups; fewer than 3 transferred-QCD source groups"":3,""fewer than 3 direct-QCD source groups; fewer than 5 transferred-QCD rows"":13,""fewer than 3 direct-QCD source groups; fewer than 5 transferred-QCD rows; fewer than 3 transferred-QCD source groups"":6,""fewer than 3 direct-QCD source groups; fewer than 5 transferred-QCD rows; fewer than 3 transferred-QCD source groups; transferred-QCD effective statistics below 2"":2,""fewer than 3 direct-QCD source groups; fewer than 5 transferred-QCD rows; transferred-QCD effective statistics below 2"":1,""fewer than 3 direct-QCD source groups; transferred-QCD effective statistics below 2"":11,""zero direct-QCD closure rows; fewer than 3 direct-QCD source groups; fewer than 3 transferred-QCD source groups; nonfinite systematics-aware ZA"":3,""zero direct-QCD closure rows; fewer than 3 direct-QCD source groups; fewer than 3 transferred-QCD source groups; transferred-QCD effective statistics below 2; nonfinite systematics-aware ZA"":1,""zero direct-QCD closure rows; fewer than 3 direct-QCD source groups; fewer than 5 transferred-QCD rows; fewer than 3 transferred-QCD source groups; nonfinite systematics-aware ZA"":1,""zero direct-QCD closure rows; fewer than 3 direct-QCD source groups; fewer than 5 transferred-QCD rows; fewer than 3 transferred-QCD source groups; transferred-QCD effective statistics below 2; nonfinite systematics-aware ZA"":2,""zero direct-QCD closure rows; fewer than 3 direct-QCD source groups; fewer than 5 transferred-QCD rows; nonfinite systematics-aware ZA"":10,""zero direct-QCD closure rows; fewer than 3 direct-QCD source groups; fewer than 5 transferred-QCD rows; transferred-QCD effective statistics below 2; nonfinite systematics-aware ZA"":3,""zero direct-QCD closure rows; fewer than 3 direct-QCD source groups; nonfinite systematics-aware ZA"":340,""zero direct-QCD closure rows; fewer than 3 direct-QCD source groups; transferred-QCD effective statistics below 2; nonfinite systematics-aware ZA"":4}"	2.4589020661467555e-07			0	False	paired_source_member_bootstrap_p16_p84
bdt	0.4	0.8134082555770874	3722	29.94027704499604	1469	33075.60128127954	13	11	86398.20483467793	6.377876137047942	1	1	41.16994730840985	1.0	119473.80611595747	12.159686602743662	2097.5745788659106	2.4904270065012017	0.5579607009130129	181226812.2659323	0.08661663893083574	1.651950724797644e-07	True	False	fewer than 3 direct-QCD source groups	0.9324156807949976	0.9325634241517964	0.9253975090060502	0.9397286798103748	0.9172122686517037	0.9456950644628791	1000	0	{}	0.08979600003657862	0.08789309489114316	0.07695006854071086	0.1019582262484486	0.06776735727802904	0.12170829772499935	1000	0	{}	nan	nan	nan	nan	nan	nan	0	1000	"{""fewer than 3 direct-QCD source groups"":625,""fewer than 3 direct-QCD source groups; fewer than 3 transferred-QCD source groups"":1,""fewer than 3 direct-QCD source groups; fewer than 5 transferred-QCD rows"":4,""fewer than 3 direct-QCD source groups; fewer than 5 transferred-QCD rows; fewer than 3 transferred-QCD source groups"":1,""fewer than 3 direct-QCD source groups; fewer than 5 transferred-QCD rows; transferred-QCD effective statistics below 2"":1,""fewer than 3 direct-QCD source groups; transferred-QCD effective statistics below 2"":4,""zero direct-QCD closure rows; fewer than 3 direct-QCD source groups; fewer than 3 transferred-QCD source groups; nonfinite systematics-aware ZA"":1,""zero direct-QCD closure rows; fewer than 3 direct-QCD source groups; fewer than 5 transferred-QCD rows; fewer than 3 transferred-QCD source groups; transferred-QCD effective statistics below 2; nonfinite systematics-aware ZA"":1,""zero direct-QCD closure rows; fewer than 3 direct-QCD source groups; fewer than 5 transferred-QCD rows; nonfinite systematics-aware ZA"":2,""zero direct-QCD closure rows; fewer than 3 direct-QCD source groups; nonfinite systematics-aware ZA"":355,""zero direct-QCD closure rows; fewer than 3 direct-QCD source groups; transferred-QCD effective statistics below 2; nonfinite systematics-aware ZA"":5}"	1.651950724797644e-07			0	False	paired_source_member_bootstrap_p16_p84
bdt	0.41000000000000003	0.8079274296760559	3818	30.86288236659359	1567	35213.35248156449	15	12	102994.50539370572	7.345114486521545	2	2	181934.01318236775	1.000452683508235	138207.85787527022	13.192419390179058	0.4338908728932084	2.4904270065012013	0.5579607009130129	266630.63724653126	0.0830144993946727	0.00011574279302846553	True	False	fewer than 3 direct-QCD source groups	0.9255831382045191	0.9258180102496576	0.9172323091223095	0.9338928218819399	0.9089579481058799	0.940073908838922	1000	0	{}	0.08561267759523648	0.08428843075601303	0.07389864132459151	0.09723701919892563	0.06566925777275065	0.1135090529791645	1000	0	{}	nan	nan	nan	nan	nan	nan	0	1000	"{""fewer than 3 direct-QCD source groups"":860,""fewer than 3 direct-QCD source groups; fewer than 3 transferred-QCD source groups"":1,""fewer than 3 direct-QCD source groups; fewer than 5 transferred-QCD rows"":2,""fewer than 3 direct-QCD source groups; fewer than 5 transferred-QCD rows; fewer than 3 transferred-QCD source groups"":1,""fewer than 3 direct-QCD source groups; transferred-QCD effective statistics below 2"":2,""zero direct-QCD closure rows; fewer than 3 direct-QCD source groups; nonfinite systematics-aware ZA"":133,""zero direct-QCD closure rows; fewer than 3 direct-QCD source groups; transferred-QCD effective statistics below 2; nonfinite systematics-aware ZA"":1}"	0.00011574279302846553			0	False	paired_source_member_bootstrap_p16_p84
bdt	0.42000000000000004	0.8030791282653809	3911	31.69304738580166	1644	37771.88834507056	15	12	102994.50539370572	7.345114486521545	3	3	213111.29022508755	1.3335402723820449	140766.39373877627	13.682811731499115	0.5167102348968785	2.4904270065012013	0.5579607009130129	268192.1602917315	0.08446916716578821	0.00011816388992564077	True	True		0.9169000672308102	0.9172096926690504	0.908114172643613	0.925743487056411	0.8980758427936392	0.933166279445264	1000	0	{}	0.08702084937826389	0.08573074058752851	0.07524655573205245	0.09842988410765428	0.06711391010386675	0.11452205706512175	1000	0	{}	0.00013229449801992007	0.0001225179038689461	8.683499796629823e-05	0.00018016396195672917	6.892745858098204e-05	0.0002532857471223419	230	770	"{""fewer than 3 direct-QCD source groups"":712,""fewer than 3 direct-QCD source groups; fewer than 3 transferred-QCD source groups"":1,""fewer than 3 direct-QCD source groups; fewer than 5 transferred-QCD rows"":2,""fewer than 3 direct-QCD source groups; fewer than 5 transferred-QCD rows; fewer than 3 transferred-QCD source groups"":1,""fewer than 3 direct-QCD source groups; transferred-QCD effective statistics below 2"":3,""zero direct-QCD closure rows; fewer than 3 direct-QCD source groups; nonfinite systematics-aware ZA"":51}"	0.00011816388992564077	8.683499796629823e-05	0.00018016396195672917	230	True	paired_source_member_bootstrap_p16_p84
bdt	0.43000000000000005	0.7984545230865479	4005	32.46228360241608	1714	39585.413176183676	17	14	129953.49474127869	9.259232936832335	3	3	213111.29022508755	1.3335402723820449	169538.90791746235	15.723433518498114	0.390208305697825	2.4904270065012017	0.5579607009130129	335516.90496719675	0.078837077845619	9.674688346221456e-05	True	True		0.915301966787295	0.9156030410146989	0.9064126243568735	0.9242724589246151	0.8963702402222763	0.9315991642105668	1000	0	{}	0.08061234228735002	0.07943402692384513	0.07083797518084234	0.0904247259194827	0.06354275360563175	0.10323227435682447	1000	0	{}	0.00010343747456007279	9.639726814984864e-05	7.339345907159655e-05	0.00013299344039857138	5.8902692480182774e-05	0.00018545997747272514	230	770	"{""fewer than 3 direct-QCD source groups"":718,""fewer than 3 direct-QCD source groups; fewer than 5 transferred-QCD rows"":1,""zero direct-QCD closure rows; fewer than 3 direct-QCD source groups; nonfinite systematics-aware ZA"":51}"	9.674688346221456e-05	7.339345907159655e-05	0.00013299344039857138	230	True	paired_source_member_bootstrap_p16_p84
bdt	0.44000000000000006	0.794043242931366	4098	33.30404203638412	1771	40372.5310325792	18	15	130681.34260540138	9.36052341369809	4	4	244232.73297811009	1.7030306568194906	171053.87363798058	16.000381890490427	0.4649310884257517	2.4904270065012017	0.5579607009130129	339009.36028794426	0.08052234190702962	9.823292594699611e-05	True	True		0.8976153341578312	0.8980953416975583	0.8815637610886702	0.9139308803747374	0.8646471547993182	0.9249624708083415	1000	0	{}	0.08228947287815754	0.08113912005464359	0.0723570743494795	0.09196933065955358	0.06511753045947648	0.10557973551986215	1000	0	{}	0.00010806148511977842	9.965381905589956e-05	7.357968796206066e-05	0.00013958896543833228	5.890968264661144e-05	0.00020039000573357908	522	478	"{""fewer than 3 direct-QCD source groups"":462,""zero direct-QCD closure rows; fewer than 3 direct-QCD source groups; nonfinite systematics-aware ZA"":16}"	9.823292594699611e-05	7.357968796206066e-05	0.00013958896543833228	522	True	paired_source_member_bootstrap_p16_p84
bdt	0.45000000000000007	0.7885702848434448	4192	34.22271394683309	1843	41511.11585892003	18	15	130681.34260540138	9.36052341369809	4	4	244232.73297811009	1.7030306568194906	172192.45846432142	16.21307823875159	0.4649310884257517	2.4904270065012017	0.5579607009130129	339009.36028794426	0.08246943117007303	0.00010094241267924387	True	True		0.8949601493512656	0.8954094906974472	0.8791354100703103	0.9114194412390899	0.8610447851427339	0.922035914100081	1000	0	{}	0.08425104768536389	0.08312774436495146	0.07407336718466176	0.0940980898042114	0.06683426753787337	0.10790956022405795	1000	0	{}	0.00011103280888960598	0.0001024721418710835	7.542968940922251e-05	0.00014278896322138525	6.062629097717678e-05	0.00020587689973722065	522	478	"{""fewer than 3 direct-QCD source groups"":462,""zero direct-QCD closure rows; fewer than 3 direct-QCD source groups; nonfinite systematics-aware ZA"":16}"	0.00010094241267924387	7.542968940922251e-05	0.00014278896322138525	522	True	paired_source_member_bootstrap_p16_p84
bdt	0.45999999999999996	0.7824371457099915	4286	35.07955445651802	1940	43633.44117990167	20	16	134962.6700484726	9.88684166941469	4	4	244232.73297811009	1.7030306568194906	178596.11122837424	17.27024340323675	0.44740138472524515	2.4904270065012013	0.5579607009130129	349699.57647962216	0.08300492344053104	0.00010030678228823174	True	True		0.890372618764873	0.8908893127266037	0.8747962625050983	0.9068387328165732	0.8566037289008274	0.9185889035146555	1000	0	{}	0.0846686566364249	0.08347421697973521	0.07452788398920782	0.09436771136483284	0.06765326336577611	0.1083026588196655	1000	0	{}	0.00010934304952946048	0.00010067112141046318	7.503501206649113e-05	0.00013925471744363334	5.9353981057644586e-05	0.00020257456607012075	522	478	"{""fewer than 3 direct-QCD source groups"":462,""zero direct-QCD closure rows; fewer than 3 direct-QCD source groups; nonfinite systematics-aware ZA"":16}"	0.00010030678228823174	7.503501206649113e-05	0.00013925471744363334	522	True	paired_source_member_bootstrap_p16_p84
bdt	0.47	0.776156485080719	4380	35.936245434133156	2048	45658.641501575126	21	17	145582.07351221217	10.840373739356846	4	4	244232.73297811009	1.7030306568194906	191240.7150137873	18.66084077264976	0.40392071227708737	2.4904270065012013	0.5579607009130129	376174.0144116729	0.08217295800880416	9.552474921565387e-05	True	True		0.8851719760828375	0.885667827514111	0.8693420669097897	0.9018229011386398	0.8526678935638525	0.9127863837025918	1000	0	{}	0.08364274729192964	0.08263862952971075	0.07417876303646796	0.09272239663164791	0.0676403606277124	0.10482942971854695	1000	0	{}	0.00010300320158237439	9.647779210509962e-05	7.330620373401498e-05	0.0001297565169397823	5.662336199623542e-05	0.0001853067369680767	522	478	"{""fewer than 3 direct-QCD source groups"":462,""zero direct-QCD closure rows; fewer than 3 direct-QCD source groups; nonfinite systematics-aware ZA"":16}"	9.552474921565387e-05	7.330620373401498e-05	0.0001297565169397823	522	True	paired_source_member_bootstrap_p16_p84
bdt	0.48	0.7708771228790283	4474	36.76758167907023	2142	47401.48832016314	22	18	162031.6398824106	11.795953915588402	5	5	955104.5235679777	1.688166092390263	209433.12820257375	19.66350403063264	0.8303519291510524	2.4904270065012017	0.5579607009130129	434868.02269625734	0.08033960081707739	8.454389349153413e-05	True	True		0.8759868883783166	0.8770565737659023	0.8591165814073904	0.8929560410243158	0.8420839058759005	0.9041448918192239	1000	0	{}	0.08176725584260053	0.0810795916081582	0.07259086491975263	0.09080835464159862	0.0658898450345822	0.10299851662862962	1000	0	{}	9.327957639242078e-05	8.677798805959834e-05	6.624953791227182e-05	0.00011757942529330682	5.470783268436908e-05	0.0001663181371404822	727	273	"{""fewer than 3 direct-QCD source groups"":269,""zero direct-QCD closure rows; fewer than 3 direct-QCD source groups; nonfinite systematics-aware ZA"":4}"	8.454389349153413e-05	6.624953791227182e-05	0.00011757942529330682	727	True	paired_source_member_bootstrap_p16_p84
bdt	0.49	0.7655135989189148	4567	37.65943905134764	2245	49758.07000350804	24	20	179256.96435064668	12.860902756780208	6	5	986225.9663210002	1.7967535267110286	229015.03435415472	20.948194924584403	0.8182394598477835	2.4904270065012013	0.5579607009130129	480430.82466194645	0.07869188487381756	7.838273662750895e-05	True	True		0.8713174915584873	0.8724921208424942	0.854847820898145	0.8879960703813538	0.8373118325017882	0.8997040138668647	1000	0	{}	0.08015503131540719	0.07960563165389095	0.0713280690158101	0.08842503072784469	0.06577753571398255	0.09934094603650179	1000	0	{}	8.602031197310477e-05	8.083550219769235e-05	6.232434834799884e-05	0.00010623402735259146	5.197928692835822e-05	0.00015179045294738008	727	273	"{""fewer than 3 direct-QCD source groups"":269,""zero direct-QCD closure rows; fewer than 3 direct-QCD source groups; nonfinite systematics-aware ZA"":4}"	7.838273662750895e-05	6.232434834799884e-05	0.00010623402735259146	727	True	paired_source_member_bootstrap_p16_p84
bdt	0.5	0.7582442164421082	4661	38.63977568331928	2375	52639.94253798509	26	22	223472.9690119207	11.215271932658702	6	5	986225.9663210002	1.7967535267110286	276112.9115499058	17.099988461000567	0.7734059164497967	2.4904270065012017	0.5579607009130129	595952.7399027244	0.073532801090924	6.483400732936701e-05	True	True		0.8641181871496447	0.8652375509112078	0.8477969993921821	0.880199850250537	0.8297718709636054	0.8926808385051003	1000	0	{}	0.0752075710245184	0.07470768495913882	0.06576923052961368	0.08503340140736379	0.05915204270773994	0.0950210418487086	1000	0	{}	7.174799131240996e-05	6.822963789317619e-05	4.975832195099692e-05	9.293550718869429e-05	4.008237823710839e-05	0.00013218830417042476	727	273	"{""fewer than 3 direct-QCD source groups"":269,""zero direct-QCD closure rows; fewer than 3 direct-QCD source groups; nonfinite systematics-aware ZA"":4}"	6.483400732936701e-05	4.975832195099692e-05	9.293550718869429e-05	727	True	paired_source_member_bootstrap_p16_p84
bdt	0.51	0.7515537142753601	4755	39.545609649311544	2488	55713.53613609423	26	22	223472.9690119207	11.215271932658702	6	5	986225.9663210002	1.7967535267110286	279186.5051480149	17.481547504223165	0.7734059164497967	2.4904270065012017	0.5579607009130129	595952.7399027244	0.07484121197966455	6.635372930433577e-05	True	True		0.8575663798638428	0.8586348653566478	0.8409162166085258	0.8736918957819346	0.8227701808312203	0.8869938452647707	1000	0	{}	0.07651039547605579	0.07603375712440064	0.06705886661484853	0.08636176589819106	0.06039919984129478	0.0961664247688681	1000	0	{}	7.342184232060366e-05	6.980763407267103e-05	5.10810277557778e-05	9.483787986152488e-05	4.11558663487439e-05	0.0001347685963775173	727	273	"{""fewer than 3 direct-QCD source groups"":269,""zero direct-QCD closure rows; fewer than 3 direct-QCD source groups; nonfinite systematics-aware ZA"":4}"	6.635372930433577e-05	5.10810277557778e-05	9.483787986152488e-05	727	True	paired_source_member_bootstrap_p16_p84
bdt	0.52	0.7447187304496765	4848	40.35026993446967	2601	57081.61522204816	28	23	234099.81623388553	12.005605308284942	6	5	986225.9663210002	1.7967535267110286	291181.4314559337	18.549928851797276	0.7626306503496685	2.4904270065012013	0.5579607009130129	623565.2928554284	0.07477468224413471	6.470613858670633e-05	True	True		0.8551843888034778	0.8561641050550406	0.8385520535154402	0.8714912266243618	0.8205358001873265	0.8845976577752096	1000	0	{}	0.07643667983195758	0.07591207069979036	0.0670605035778207	0.0858609380913716	0.06102029823174092	0.09549889820817502	1000	0	{}	7.138095831725983e-05	6.74533247619575e-05	5.0734994823106426e-05	9.29193113838074e-05	4.092921250073074e-05	0.00012368491896192895	727	273	"{""fewer than 3 direct-QCD source groups"":269,""zero direct-QCD closure rows; fewer than 3 direct-QCD source groups; nonfinite systematics-aware ZA"":4}"	6.470613858670633e-05	5.0734994823106426e-05	9.29193113838074e-05	727	True	paired_source_member_bootstrap_p16_p84
bdt	0.53	0.7375578284263611	4942	41.07019663814225	2723	59974.06712023441	28	23	234099.81623388553	12.005605308284942	7	5	1017347.4090740228	1.9085250668578329	294073.88335411996	18.919045206030077	0.7698919620319666	2.4904270065012013	0.5579607009130129	624054.1050107413	0.07573357278809857	6.580918438945717e-05	True	True		0.8501822167975377	0.8510663467853397	0.833488857976593	0.8666414742551215	0.8155268743408135	0.8802397335326021	1000	0	{}	0.07737875159079213	0.07681126300468687	0.06821080632654593	0.08678096256485195	0.06198859249858596	0.09646515620778885	1000	0	{}	7.266376956198074e-05	6.879104469639376e-05	5.1734543251059924e-05	9.426702263579138e-05	4.177533019049729e-05	0.00012583268154246058	727	273	"{""fewer than 3 direct-QCD source groups"":269,""zero direct-QCD closure rows; fewer than 3 direct-QCD source groups; nonfinite systematics-aware ZA"":4}"	6.580918438945717e-05	5.1734543251059924e-05	9.426702263579138e-05	727	True	paired_source_member_bootstrap_p16_p84
bdt	0.54	0.7314032912254333	5036	41.86427771356044	2838	62383.04585559064	30	24	278762.47046802146	11.963538797346226	7	5	1017347.4090740228	1.9085250668578329	341145.5163236121	17.899193229116783	0.725990877863691	2.4904270065012017	0.5579607009130129	739672.4371078039	0.07167453542893985	5.6596404662688014e-05	True	True		0.8440345893535672	0.8450092297962339	0.8274501684725032	0.8602222437059427	0.8090329557308754	0.8739135203479155	1000	0	{}	0.0731454123909059	0.0725863344773954	0.0644781581980061	0.08184092462839002	0.05818196104593967	0.09253143712739209	1000	0	{}	6.172834341598376e-05	5.816219357183716e-05	4.3915034824334194e-05	7.891680375444523e-05	3.504160968727377e-05	0.00010957944777795563	727	273	"{""fewer than 3 direct-QCD source groups"":269,""zero direct-QCD closure rows; fewer than 3 direct-QCD source groups; nonfinite systematics-aware ZA"":4}"	5.6596404662688014e-05	4.3915034824334194e-05	7.891680375444523e-05	727	True	paired_source_member_bootstrap_p16_p84
bdt	0.55	0.7242745161056519	5130	42.75859186204251	2972	64880.48665533446	33	25	294262.72011316626	13.070295486212844	7	5	1017347.4090740228	1.9085250668578329	359143.20676850074	19.449350586184256	0.7107549323971831	2.4904270065012017	0.5579607009130129	779586.2759139643	0.07134785961107726	5.484550267580816e-05	True	True		0.8377521313560455	0.8383797012634844	0.8215233526466107	0.8541868410811114	0.8031579636590855	0.8673044615170006	1000	0	{}	0.07269603320929875	0.0720355318602823	0.06419773006671055	0.08106440582883614	0.05832850409157903	0.09152448322595574	1000	0	{}	5.941838990076512e-05	5.6590181773860394e-05	4.284880743502059e-05	7.526446512387242e-05	3.4794534328216986e-05	0.00010428340088275663	727	273	"{""fewer than 3 direct-QCD source groups"":269,""zero direct-QCD closure rows; fewer than 3 direct-QCD source groups; nonfinite systematics-aware ZA"":4}"	5.484550267580816e-05	4.284880743502059e-05	7.526446512387242e-05	727	True	paired_source_member_bootstrap_p16_p84
bdt	0.56	0.7172485589981079	5224	43.59050860537509	3107	67867.5801972372	33	25	294262.72011316626	13.070295486212844	8	6	1471780.1918164412	2.892770434118986	362130.30031040346	19.773304670408095	0.8000634050183859	2.4904270065012017	0.5579607009130129	787044.0439718569	0.07243538810872098	5.538308801448598e-05	True	True		0.8264571254754006	0.8266772331598197	0.8098948588555682	0.8439881864967099	0.7905573399546735	0.857954798662227	1000	0	{}	0.07377228165152536	0.07307209512758571	0.06527147786275589	0.08206089931058715	0.0593519849286368	0.09229765520668923	1000	0	{}	5.9954945208328445e-05	5.7152978902129045e-05	4.3466682373285176e-05	7.56564747413953e-05	3.4941701544877796e-05	0.00010566508046448589	865	135	"{""fewer than 3 direct-QCD source groups"":135}"	5.538308801448598e-05	4.3466682373285176e-05	7.56564747413953e-05	865	True	paired_source_member_bootstrap_p16_p84
bdt	0.5700000000000001	0.7111608982086182	5317	44.32098267519274	3206	70085.39292834564	34	25	294311.8915200027	13.074659181691876	8	6	1471780.1918164412	2.892770434118986	364397.28444834833	20.020945911625493	0.8000299955411352	2.4904270065012017	0.5579607009130129	787172.6180800986	0.07341976863385387	5.630102206494935e-05	True	True		0.8224735539371468	0.8229169783751739	0.8054433968184427	0.8401495850367896	0.78682883224038	0.8547423872412553	1000	0	{}	0.0747549885957875	0.07406447764321475	0.0662934641290621	0.0830205101841806	0.060098678732270254	0.09342390947392047	1000	0	{}	6.094127133112556e-05	5.811703965693577e-05	4.4143615514722965e-05	7.703919847664084e-05	3.553295839681533e-05	0.00010736429715489968	865	135	"{""fewer than 3 direct-QCD source groups"":135}"	5.630102206494935e-05	4.4143615514722965e-05	7.703919847664084e-05	865	True	paired_source_member_bootstrap_p16_p84
bdt	0.58	0.7028540968894958	5411	45.11569771466566	3357	72804.4516349436	37	27	326148.3254237177	15.277174672753018	9	6	1653673.035051501	3.497442323739535	398952.7770586613	22.833952549960262	0.8027733908030009	2.4904270065012013	0.5579607009130129	872591.0524163876	0.07142639757119869	5.170155412762916e-05	True	True		0.8166656157809009	0.8170407151617907	0.7993939603113571	0.834402403536442	0.7808082829294639	0.8492429949084207	1000	0	{}	0.07257507175070989	0.07192554294687753	0.06448226447909776	0.0801395169074028	0.0592572183167894	0.09075145712595707	1000	0	{}	5.531734985762904e-05	5.311065245894082e-05	4.0734054386007335e-05	6.88249941305983e-05	3.3907942072375986e-05	9.289496497100186e-05	865	135	"{""fewer than 3 direct-QCD source groups"":135}"	5.170155412762916e-05	4.0734054386007335e-05	6.88249941305983e-05	865	True	paired_source_member_bootstrap_p16_p84
bdt	0.59	0.6948978304862976	5504	46.01970078544167	3537	77068.68442280317	42	31	407492.7784997749	17.728103460370463	9	6	1653673.035051501	3.497442323739535	484561.4629225781	25.04638290253981	0.7535832236104133	2.4904270065012013	0.5579607009130129	1084377.5998320158	0.06610928812357743	4.2437429794383325e-05	True	True		0.8031219674111071	0.8029625989625857	0.784350826173329	0.8217107559087516	0.7648390261859789	0.8383480120198388	1000	0	{}	0.06706215519104251	0.06641169726653065	0.060252369414832314	0.07433139471430499	0.05523027278097305	0.0817250684021244	1000	0	{}	4.4971386434500705e-05	4.316373841568018e-05	3.410223251838732e-05	5.631912744396833e-05	2.8011218338081657e-05	7.022400136083325e-05	865	135	"{""fewer than 3 direct-QCD source groups"":135}"	4.2437429794383325e-05	3.410223251838732e-05	5.631912744396833e-05	865	True	paired_source_member_bootstrap_p16_p84
bdt	0.6	0.6863133907318115	5596	46.79779027025052	3689	79281.10686994164	49	33	483494.4706444309	20.09041731213259	9	6	1653673.035051501	3.497442323739535	562775.5775143725	27.199835851777557	0.7076239012209731	2.4904270065012013	0.5579607009130129	1280510.10941089	0.062380910130347036	3.6545971328575105e-05	True	True		0.798241407011634	0.7980128094166234	0.779717393015166	0.8173447867725612	0.7603179455184187	0.8335651658736825	1000	0	{}	0.06302450307537612	0.0626670881257001	0.056986013297246244	0.06910545615974639	0.052504011376827524	0.07666670916856538	1000	0	{}	3.8169381907444945e-05	3.7239386299097366e-05	2.973596751347385e-05	4.628451426746158e-05	2.4991087654406552e-05	5.910487892975455e-05	865	135	"{""fewer than 3 direct-QCD source groups"":135}"	3.6545971328575105e-05	2.973596751347385e-05	4.628451426746158e-05	865	True	paired_source_member_bootstrap_p16_p84
bdt	0.61	0.6794235706329346	5690	47.57999669652358	3817	82063.01948580559	50	33	484223.6243242518	20.150138652858494	9	6	1653673.035051501	3.497442323739535	566286.6438100573	27.538346423484462	0.7071829714456391	2.4904270065012017	0.5579607009130129	1282384.2055833116	0.06322664926766895	3.7100761779263395e-05	True	True		0.7914507578691757	0.7915132401425207	0.7727974073762357	0.8105489655395385	0.7537589928576028	0.8260644856753006	1000	0	{}	0.0638700986752142	0.06348630034559323	0.057821269282267114	0.06991014803884472	0.053230907841598306	0.0778020735846257	1000	0	{}	3.873985440958347e-05	3.779591174891817e-05	3.015926792016292e-05	4.7051772924143234e-05	2.535709284384335e-05	6.004916701747727e-05	865	135	"{""fewer than 3 direct-QCD source groups"":135}"	3.7100761779263395e-05	3.015926792016292e-05	4.7051772924143234e-05	865	True	paired_source_member_bootstrap_p16_p84
bdt	0.62	0.6709336638450623	5786	48.489964283237605	3983	85422.98164330886	53	33	493431.3298821024	20.858368523475058	9	6	1653673.035051501	3.497442323739535	578854.3115254112	28.683484005109424	0.7016149387313828	2.4904270065012017	0.5579607009130129	1306038.2884263112	0.0637325308377068	3.712777211194736e-05	True	True		0.7814696283761484	0.7817115463676563	0.7629815431064674	0.8007997958169094	0.7420656198516646	0.8169401485100998	1000	0	{}	0.06435947559602086	0.06394018140784846	0.05835440994764741	0.07038895907205506	0.053767308649454046	0.07791167275309341	1000	0	{}	3.870354473921063e-05	3.763177670107506e-05	3.0300945254996327e-05	4.710042120260827e-05	2.5482533027879736e-05	5.9412786082298104e-05	865	135	"{""fewer than 3 direct-QCD source groups"":135}"	3.712777211194736e-05	3.0300945254996327e-05	4.710042120260827e-05	865	True	paired_source_member_bootstrap_p16_p84
bdt	0.63	0.6627864241600037	5879	49.3818662835463	4130	88466.30759712847	58	34	499241.02744018834	21.31744001251049	9	6	1653673.035051501	3.497442323739535	587707.3350373168	29.518346422984287	0.698101730597161	2.4904270065012017	0.5579607009130129	1320951.8380359518	0.06441408794397657	3.7383725750483085e-05	True	True		0.7694516559762146	0.7701594685459254	0.7491735662350653	0.7902439776131951	0.7303707566263501	0.8039391558167541	1000	0	{}	0.06503235952891787	0.06458578291032785	0.05903058648262437	0.07098350028502097	0.054534820780974054	0.07841315826633756	1000	0	{}	3.8890429400337494e-05	3.783196711666737e-05	3.061426507224412e-05	4.738651322837559e-05	2.5632468848352504e-05	5.9235735736611254e-05	865	135	"{""fewer than 3 direct-QCD source groups"":135}"	3.7383725750483085e-05	3.061426507224412e-05	4.738651322837559e-05	865	True	paired_source_member_bootstrap_p16_p84
bdt	0.64	0.6546162962913513	5973	50.22674543151527	4304	91156.30274612461	63	35	544394.5941615367	21.701334404936738	9	6	1653673.035051501	3.497442323739535	635550.8969076612	29.556678909012778	0.6707967157821	2.4904270065012017	0.5579607009130129	1436574.20283976	0.06300197293005998	3.4961413573430446e-05	True	True		0.7615402277271168	0.7624796133354614	0.7414710802799236	0.7823090584394394	0.7214916064866818	0.7970122696796552	1000	0	{}	0.06360139074122474	0.06333243251658768	0.057700354678863565	0.06926832414224386	0.05376236384920206	0.07570216010895155	1000	0	{}	3.6263129251931e-05	3.5435587421777625e-05	2.8616601432933002e-05	4.364644587775432e-05	2.4544207187502158e-05	5.3399602579144556e-05	865	135	"{""fewer than 3 direct-QCD source groups"":135}"	3.4961413573430446e-05	2.8616601432933002e-05	4.364644587775432e-05	865	True	paired_source_member_bootstrap_p16_p84
bdt	0.65	0.6459307670593262	6067	51.08343586087225	4473	95321.14291284364	76	40	597276.6246684984	24.996944335731925	9	6	1653673.035051501	3.497442323739535	692597.767581342	33.58870783685886	0.6388181871455034	2.4904270065012017	0.5579607009130129	1571375.1495621086	0.06138103651672665	3.250787961029239e-05	True	True		0.7522436545702667	0.7528496216984671	0.7318644713880504	0.7726275500154375	0.7130620784485272	0.78743009427321	1000	0	{}	0.061911461747744624	0.061759206993804536	0.05647007113169002	0.06709922250418893	0.05284211606907351	0.07287008954722995	1000	0	{}	3.352033648860066e-05	3.2921403806469625e-05	2.6883108551588772e-05	3.9796996713078706e-05	2.3265904039993573e-05	4.799666174422701e-05	865	135	"{""fewer than 3 direct-QCD source groups"":135}"	3.250787961029239e-05	2.6883108551588772e-05	3.9796996713078706e-05	865	True	paired_source_member_bootstrap_p16_p84
bdt	0.66	0.637028694152832	6160	51.97593043831357	4646	99058.59539159239	85	44	679496.3203491771	29.92774640990498	9	6	1653673.035051501	3.497442323739535	778554.9157407695	39.263183647501755	0.5890987480919919	2.4904270065012017	0.5579607009130129	1779785.4711266388	0.05890508877427365	2.9203126504698228e-05	True	True		0.7462748663995772	0.7467610750961333	0.7256865795918542	0.7664647300977545	0.7070904914708895	0.7817644740845031	1000	0	{}	0.059375503747613655	0.05917392172598494	0.05450825977440126	0.0641272065574834	0.0513610257920091	0.06926463095965045	1000	0	{}	2.9960084932193414e-05	2.9575594971567067e-05	2.443325267851413e-05	3.52383401291085e-05	2.1420222792950895e-05	4.162593034296901e-05	865	135	"{""fewer than 3 direct-QCD source groups"":135}"	2.9203126504698228e-05	2.443325267851413e-05	3.52383401291085e-05	865	True	paired_source_member_bootstrap_p16_p84
bdt	0.67	0.6297733187675476	6252	52.766694720945814	4793	102694.22305050542	89	44	723055.708808064	32.50723612506452	11	8	2110426.0462746234	4.50516378135858	825749.9318585694	42.36837521941787	0.6573887485494126	2.4904270065012017	0.5579607009130129	1905592.2687295498	0.05806721439603305	2.7690096049939382e-05	True	True		0.7318944702535609	0.7330992977237311	0.711148139537446	0.7529516596360897	0.6885043826501502	0.7688752645936117	1000	0	{}	0.05855823119194086	0.058312456333261084	0.0537617045590426	0.06329190764630409	0.05036707254250117	0.06794968452377471	1000	0	{}	2.8517933776728746e-05	2.8107054268764443e-05	2.3409785039216632e-05	3.35128645051078e-05	2.0220836130787874e-05	3.9480362778248246e-05	979	21	"{""fewer than 3 direct-QCD source groups"":21}"	2.7690096049939382e-05	2.3409785039216632e-05	3.35128645051078e-05	979	True	paired_source_member_bootstrap_p16_p84
bdt	0.6799999999999999	0.6209121942520142	6347	53.62503617327872	4997	107904.8853545667	92	44	723203.44712842	32.52050684904647	12	9	2112528.5256502936	4.514124468420666	831108.3324829867	42.918479356001185	0.6576597956679433	2.4904270065012013	0.5579607009130129	1906030.5337729796	0.05882123108655233	2.8135080917364945e-05	True	True		0.7221982820566805	0.7228769316989483	0.7008990103194516	0.7431356317820884	0.6777492906928229	0.7598271525061793	1000	0	{}	0.059312645440229024	0.05911594351949927	0.05449982748900681	0.0641400054052413	0.05103563210407278	0.06873808404002044	1000	0	{}	2.8961430297326978e-05	2.8574970045441232e-05	2.3807168899280766e-05	3.408903158689586e-05	2.0514777778539538e-05	4.011274346201424e-05	990	10	"{""fewer than 3 direct-QCD source groups"":10}"	2.8135080917364945e-05	2.3807168899280766e-05	3.408903158689586e-05	990	True	paired_source_member_bootstrap_p16_p84
bdt	0.69	0.6103516817092896	6440	54.35541849322696	5211	111766.61876699989	94	46	750397.443798683	34.188907774094105	12	9	2112528.5256502936	4.514124468420666	862164.0625656829	45.099516196967905	0.6447870716596878	2.4904270065012017	0.5579607009130129	1975313.0817984417	0.058538733536029446	2.7513765291825827e-05	True	True		0.715576049480264	0.7166635053232514	0.6943798054178146	0.7361998389228738	0.6713817519547269	0.7534689557748864	1000	0	{}	0.05901056519654111	0.05869819911468099	0.05450729288887401	0.06370240597046872	0.05095418822226022	0.06835258722317704	1000	0	{}	2.8275280628224637e-05	2.7789273474084044e-05	2.339749475906304e-05	3.3068269511696254e-05	2.030455261234133e-05	3.956105608339721e-05	990	10	"{""fewer than 3 direct-QCD source groups"":10}"	2.7513765291825827e-05	2.339749475906304e-05	3.3068269511696254e-05	990	True	paired_source_member_bootstrap_p16_p84
bdt	0.7	0.6016813516616821	6531	55.218988949191626	5414	115781.18065472195	99	47	773299.6116192843	35.67795480687771	12	9	2112528.5256502936	4.514124468420666	889080.7922740062	47.12715306748446	0.6339459551765144	2.4904270065012013	0.5579607009130129	2033562.4859644652	0.05856165492254502	2.7155033048627172e-05	True	True		0.7027169402589654	0.7036895688544804	0.6806505986054024	0.7241602216951483	0.6576331133548436	0.7423470994113741	1000	0	{}	0.059009012598343284	0.05874891523041324	0.054432994586859615	0.06347685945889457	0.051181234475600634	0.06835609081046036	1000	0	{}	2.7852583537549628e-05	2.741646661096722e-05	2.3174470706069644e-05	3.247491674281038e-05	2.018932438383087e-05	3.8573679611839066e-05	990	10	"{""fewer than 3 direct-QCD source groups"":10}"	2.7155033048627172e-05	2.3174470706069644e-05	3.247491674281038e-05	990	True	paired_source_member_bootstrap_p16_p84
bdt	0.71	0.5927512645721436	6625	55.98874293985475	5622	119262.41490383436	105	47	786224.0088467477	36.62963209304632	12	9	2112528.5256502936	4.514124468420666	905486.423750582	48.54911790326666	0.6278279799300099	2.4904270065012017	0.5579607009130129	2066395.753339896	0.05883764339033914	2.709539765367615e-05	True	True		0.6948652760042818	0.6955397138873638	0.6725340606819922	0.7168027349511719	0.6496246750768621	0.7347608596309309	1000	0	{}	0.059274336035899024	0.05902242664989542	0.05478907942401367	0.06361693769498857	0.05166493861471397	0.06858745558835434	1000	0	{}	2.7774222921170423e-05	2.7369635558278303e-05	2.3088962597055674e-05	3.23280302437183e-05	2.0196512944184887e-05	3.836833037506921e-05	990	10	"{""fewer than 3 direct-QCD source groups"":10}"	2.709539765367615e-05	2.3088962597055674e-05	3.23280302437183e-05	990	True	paired_source_member_bootstrap_p16_p84
bdt	0.72	0.583744466304779	6718	56.80621840089779	5840	124125.82530405853	108	48	811687.8163703226	38.48628559507343	13	9	2114631.0050259638	4.523094017871384	935813.6416743811	51.11824258447841	0.6161562871058175	2.490427006501202	0.5579607009130129	2131077.8815132505	0.05872145386601914	2.6658262217726016e-05	True	True		0.6869160020483908	0.6879407693750229	0.6642222542055822	0.7081878014641598	0.6418163473017572	0.7261338270916312	1000	0	{}	0.05914685616602496	0.05892170442875133	0.05490534379812593	0.06345183039764378	0.05152561832399606	0.06792936680449833	1000	0	{}	2.729565315437432e-05	2.6894116326402236e-05	2.2770981992707256e-05	3.160450658802201e-05	1.989300476860677e-05	3.7426240658566775e-05	990	10	"{""fewer than 3 direct-QCD source groups"":10}"	2.6658262217726016e-05	2.2770981992707256e-05	3.160450658802201e-05	990	True	paired_source_member_bootstrap_p16_p84
bdt	0.73	0.5728119611740112	6810	57.558954451115255	6090	128831.78845813693	114	50	854347.3990465723	41.395133262284666	14	9	2116733.484401634	4.532072429591857	983179.1875047092	54.778805779886014	0.5963840486568943	2.4904270065012017	0.5579607009130129	2239176.039328813	0.05804867628054167	2.5706374766580708e-05	True	True		0.66509892404879	0.66438303086204	0.641097267919099	0.6889653075182973	0.6223670597050287	0.7102901838139782	1000	0	{}	0.05843809135363779	0.0582220797195184	0.05431743420560712	0.06252365730013626	0.0512199317418498	0.06677077076153339	1000	0	{}	2.6254500664655008e-05	2.590138745216125e-05	2.2128408488148305e-05	3.0442447243926292e-05	1.9254173806984747e-05	3.547903399562503e-05	990	10	"{""fewer than 3 direct-QCD source groups"":10}"	2.5706374766580708e-05	2.2128408488148305e-05	3.0442447243926292e-05	990	True	paired_source_member_bootstrap_p16_p84
bdt	0.74	0.5624817609786987	6903	58.31421367951723	6321	134066.1022342192	123	53	887454.7686155107	43.33589420645894	14	9	2116733.484401634	4.532072429591857	1021520.8708497299	57.37378670574353	0.5807432654345808	2.4904270065012013	0.5579607009130129	2322828.654569521	0.0576961281772496	2.5104093962172013e-05	True	True		0.6563865426686913	0.655670318705534	0.6322779952686453	0.6797541046014666	0.6124758992103801	0.7006322313583746	1000	0	{}	0.058031713405224394	0.057889315507353205	0.054154006108033344	0.06210371991192216	0.050956542461282096	0.06586726108927303	1000	0	{}	2.555548596075039e-05	2.525891736173773e-05	2.1726039220988814e-05	2.9433730555819176e-05	1.881402277671401e-05	3.404574009121588e-05	990	10	"{""fewer than 3 direct-QCD source groups"":10}"	2.5104093962172013e-05	2.1726039220988814e-05	2.9433730555819176e-05	990	True	paired_source_member_bootstrap_p16_p84
bdt	0.75	0.5513895750045776	6997	59.09639383466219	6608	139562.17778429226	131	54	922224.0567039776	46.08653389192403	14	9	2116733.484401634	4.532072429591857	1061786.2344882698	61.042336922887735	0.5643173486412365	2.4904270065012013	0.5579607009130129	2410518.139231047	0.057350658180064476	2.4515530796014894e-05	True	True		0.6428466275789125	0.6424038887470932	0.6177373940187686	0.6668773080127569	0.5983681478996833	0.6881874633594905	1000	0	{}	0.057655613788707996	0.05745612383068537	0.053916862978981704	0.061672494953614494	0.05079195243857492	0.06547108000272568	1000	0	{}	2.4905120645853055e-05	2.465505358480724e-05	2.1256028935842642e-05	2.8674501913492396e-05	1.8239311328141574e-05	3.296997891216956e-05	990	10	"{""fewer than 3 direct-QCD source groups"":10}"	2.4515530796014894e-05	2.1256028935842642e-05	2.8674501913492396e-05	990	True	paired_source_member_bootstrap_p16_p84
bdt	0.76	0.5418474674224854	7092	60.05444884667185	6854	144132.50895248755	136	56	965923.5214229282	48.82029377708687	15	10	2298317.114365439	5.170543894264856	1110056.0303754157	64.42606650613602	0.5797257413324279	2.490427006501202	0.5579607009130129	2527995.279141536	0.05699920777135217	2.3755182394813278e-05	True	True		0.6311151807656049	0.6309875647600278	0.6061043897937733	0.6554874953030118	0.5873609265286744	0.6752871019326164	1000	0	{}	0.05732402017189995	0.057124948888198454	0.053608385668657416	0.06110489078201137	0.05073301148189352	0.06499128102091742	1000	0	{}	2.4228871648731636e-05	2.392038488084436e-05	2.0718454554672467e-05	2.766329856905977e-05	1.8356155825254516e-05	3.1989645789409126e-05	995	5	"{""fewer than 3 direct-QCD source groups"":5}"	2.3755182394813278e-05	2.0718454554672467e-05	2.766329856905977e-05	995	True	paired_source_member_bootstrap_p16_p84
bdt	0.77	0.5308705568313599	7187	60.85068486355236	7104	149164.53701681946	148	60	1101422.043286929	54.22894466509315	15	10	2298317.114365439	5.170543894264856	1250586.5803037484	69.86315844870632	0.5207702033794281	2.4904270065012017	0.5579607009130129	2868934.534862684	0.05441330015294955	2.1210244457291813e-05	True	True		0.6142656787868651	0.6144975740937589	0.5893685787961688	0.6390933262724167	0.5689220205190233	0.660540988180492	1000	0	{}	0.054662923013734016	0.054418227545138184	0.05125772523106529	0.05812885275805515	0.04817397880482187	0.06180515656374273	1000	0	{}	2.1516622569101908e-05	2.1299451119587324e-05	1.853987662421827e-05	2.444343387734971e-05	1.6417118561851606e-05	2.826158742651729e-05	995	5	"{""fewer than 3 direct-QCD source groups"":5}"	2.1210244457291813e-05	1.853987662421827e-05	2.444343387734971e-05	995	True	paired_source_member_bootstrap_p16_p84
bdt	0.78	0.5209210515022278	7282	61.68423194596721	7347	152593.31729648027	159	60	1147425.6610426982	57.31793179576539	15	10	2298317.114365439	5.170543894264856	1300018.9783391785	73.52577819403257	0.5007539847870383	2.4904270065012013	0.5579607009130129	2984255.7032236094	0.05409982757429897	2.0671192678270622e-05	True	True		0.6023919349734894	0.6028855743156762	0.5772500318635155	0.6269449699367946	0.556059987791072	0.6487289998094407	1000	0	{}	0.05433956900767888	0.05409821459709904	0.0510120688803277	0.05793154537704081	0.04807819933589208	0.061501813189385544	1000	0	{}	2.0942720019391972e-05	2.07575806641102e-05	1.8042501268219977e-05	2.3936977602199976e-05	1.5958255027756605e-05	2.7458308867186415e-05	995	5	"{""fewer than 3 direct-QCD source groups"":5}"	2.0671192678270622e-05	1.8042501268219977e-05	2.3936977602199976e-05	995	True	paired_source_member_bootstrap_p16_p84
bdt	0.79	0.5112902522087097	7375	62.439541185790674	7587	156221.730341471	167	63	1229163.119292994	59.40723871042033	15	10	2298317.114365439	5.170543894264856	1385384.849634465	75.41938220311754	0.46518993762426747	2.4904270065012017	0.5579607009130129	3188712.6979846307	0.05304826982834351	1.9580327698111663e-05	True	True		0.5925542629514078	0.5925809152070876	0.5669622606597791	0.6174817777066117	0.5459254287906476	0.64017588184065	1000	0	{}	0.053243337909692746	0.0530288029708531	0.04991893291727405	0.05657147996348226	0.04746469818083573	0.06012035382566727	1000	0	{}	1.976879489411157e-05	1.9621411064982113e-05	1.709335990673001e-05	2.2493134345983627e-05	1.506541143280006e-05	2.571029107848154e-05	995	5	"{""fewer than 3 direct-QCD source groups"":5}"	1.9580327698111663e-05	1.709335990673001e-05	2.2493134345983627e-05	995	True	paired_source_member_bootstrap_p16_p84
bdt	0.8	0.5003026127815247	7470	63.260520042364526	7879	162285.0259354114	177	67	1276275.5744288582	62.73106497982403	18	12	3005834.198143041	5.937625310101848	1438560.6003642697	79.6465733877773	0.57540054098216	2.490427006501202	0.5579607009130129	3339023.906265428	0.05274308080747204	1.8950217884847e-05	True	True		0.5701387914262589	0.5696510403504514	0.5451080531545273	0.5952221932386083	0.5236667008466555	0.6202770599484341	1000	0	{}	0.05292119872399996	0.05279019819192776	0.049717495148316304	0.05619231715863294	0.04738501061371398	0.05922619442691523	1000	0	{}	1.9148803695157856e-05	1.903745258442978e-05	1.667525458505799e-05	2.170334486826789e-05	1.4903567331935274e-05	2.458041691756521e-05	1000	0	{}	1.8950217884847e-05	1.667525458505799e-05	2.170334486826789e-05	1000	True	paired_source_member_bootstrap_p16_p84
bdt	0.8099999999999999	0.48910632729530334	7564	64.14228313262042	8208	169147.89178486622	184	70	1363701.5305776156	65.54378481906517	20	12	3037287.9829058135	6.058684185811104	1532849.4223624817	82.76029506977932	0.5510134243928545	2.4904270065012013	0.5579607009130129	3560583.333880144	0.051807381036604795	1.8022617794227615e-05	True	True		0.5521134685782384	0.5517060837152705	0.5261446726486507	0.5774806640312494	0.5028652583041111	0.6021327935412853	1000	0	{}	0.05195971446365302	0.05177873490862253	0.04888578788201072	0.05497811231793056	0.04661032092855701	0.05809036541079971	1000	0	{}	1.8167788155434733e-05	1.8038072887664992e-05	1.587868660198484e-05	2.0554325666605615e-05	1.433164017989494e-05	2.322493345923462e-05	1000	0	{}	1.8022617794227615e-05	1.587868660198484e-05	2.0554325666605615e-05	1000	True	paired_source_member_bootstrap_p16_p84
bdt	0.82	0.4781208336353302	7656	64.84593424148026	8535	175076.2035309808	190	70	1394988.5913205876	67.63263401860588	21	13	3491674.8955175374	7.0509687546196576	1570064.7948515683	85.61987350078628	0.6004815359209374	2.490427006501202	0.5579607009130129	3657458.146282058	0.05175126549995524	1.7731185101368122e-05	True	True		0.5199745646720549	0.5199931742387323	0.4964523352360287	0.5426552648051194	0.4759888813908573	0.5626112996916365	1000	0	{}	0.05189587302918024	0.05173226851555046	0.04889226865206333	0.054873729052914065	0.046572853455556555	0.05787659465527919	1000	0	{}	1.79372473633881e-05	1.7809933020637738e-05	1.5704126645425864e-05	2.0266764896252448e-05	1.4199650496394152e-05	2.2830007547828404e-05	1000	0	{}	1.7731185101368122e-05	1.5704126645425864e-05	2.0266764896252448e-05	1000	True	paired_source_member_bootstrap_p16_p84
bdt	0.83	0.4677439033985138	7749	65.62570233633798	8828	181013.39822265235	201	72	1518361.767666491	72.51815670952496	21	13	3491674.8955175374	7.0509687546196576	1699375.1658891432	90.78558001416935	0.5651480126011449	2.490427006501202	0.5579607009130129	3968981.133684819	0.050341544466562006	1.6536931674393408e-05	True	True		0.5100415212432372	0.5102545007110747	0.48693718591443247	0.5322666946710607	0.466901574358554	0.5525799116267739	1000	0	{}	0.05049779817229592	0.050267376582563146	0.047576678503769315	0.05347904922124554	0.04543467650098399	0.05653158909835362	1000	0	{}	1.6725462607868835e-05	1.655095976940043e-05	1.471966264348051e-05	1.8839052003235428e-05	1.3230293079378314e-05	2.1261674218456416e-05	1000	0	{}	1.6536931674393408e-05	1.471966264348051e-05	1.8839052003235428e-05	1000	True	paired_source_member_bootstrap_p16_p84
bdt	0.84	0.45641231536865234	7842	66.44284014328315	9134	186929.70474631025	211	72	1530652.8194400696	73.43363661452118	21	13	3491674.8955175374	7.0509687546196576	1717582.5241863797	92.40834105608418	0.5616279106038606	2.4904270065012013	0.5579607009130129	3999948.363912402	0.05069750445542068	1.6613447983553494e-05	True	True		0.49511587670425283	0.4950485324516808	0.47226236557004825	0.5169053070230204	0.45265228401460317	0.5374017874888646	1000	0	{}	0.05085257951849492	0.050681200940781296	0.047915886562051146	0.05381032608501198	0.045743216636835365	0.057060668123031975	1000	0	{}	1.6801417789141076e-05	1.6652692027463236e-05	1.4779065736405301e-05	1.9002502371736823e-05	1.3298436276380301e-05	2.144587872295765e-05	1000	0	{}	1.6613447983553494e-05	1.4779065736405301e-05	1.9002502371736823e-05	1000	True	paired_source_member_bootstrap_p16_p84
bdt	0.85	0.44306889176368713	7937	67.32687866259683	9535	194622.73998737748	220	73	1568178.726986475	76.2287781528404	23	14	4399737.068856766	9.039803464983244	1762801.4669738526	96.26337252236303	0.6435744449170111	2.4904270065012013	0.5579607009130129	4127539.02287531	0.050708879542756	1.6318597476334414e-05	True	True		0.4701933325855646	0.47049680821289963	0.4470466529933289	0.49276791883762616	0.4271732978050307	0.5156643733500395	1000	0	{}	0.05084509954706418	0.050642120706373334	0.047939574105461805	0.05379125417692401	0.04590721974797587	0.056832280906980996	1000	0	{}	1.6521373856858543e-05	1.63501331237345e-05	1.4572550952751395e-05	1.8605976448448857e-05	1.3175398421073687e-05	2.1019879783037973e-05	1000	0	{}	1.6318597476334414e-05	1.4572550952751395e-05	1.8605976448448857e-05	1000	True	paired_source_member_bootstrap_p16_p84
bdt	0.86	0.432876318693161	8029	68.05530767430578	9848	200020.3029092074	225	74	1633422.7679838385	77.50447704107332	23	14	4399737.068856766	9.039803464983244	1833443.070893046	97.58897143649462	0.6287453676389191	2.4904270065012013	0.5579607009130129	4293406.786916958	0.050260360612308604	1.5840585299123788e-05	True	True		0.4586605587679197	0.45864033464871573	0.43546929175039234	0.48133432033346624	0.4156323769636394	0.5029167410432627	1000	0	{}	0.05041312397325345	0.050239839552436424	0.04756169438218901	0.053330442403564014	0.04555206329017918	0.05597691698396694	1000	0	{}	1.606161094621255e-05	1.5883320270161842e-05	1.4113018327057762e-05	1.8122204175380457e-05	1.2813219048112945e-05	2.014516956538836e-05	1000	0	{}	1.5840585299123788e-05	1.4113018327057762e-05	1.8122204175380457e-05	1000	True	paired_source_member_bootstrap_p16_p84
bdt	0.87	0.42018261551856995	8124	68.92634207196207	10227	207980.32202003783	242	74	1683808.633649802	80.7600281296836	24	14	4430914.345899487	9.164212679744345	1891788.9556698399	101.87960627461277	0.6199861919677925	2.4904270065012017	0.5579607009130129	4422339.844930259	0.05011252097228536	1.5580744945999228e-05	True	True		0.42525927244575534	0.4260965214103657	0.39668630247854475	0.4531317937292526	0.3727371012436064	0.4781426285375186	1000	0	{}	0.05025442708443611	0.05007711890765447	0.047473345087411745	0.053121479452890835	0.045483632259314934	0.05581108772549963	1000	0	{}	1.578466680625752e-05	1.5582942370390724e-05	1.386070887205966e-05	1.778270877125994e-05	1.2644931510664519e-05	1.9672926510355915e-05	1000	0	{}	1.5580744945999228e-05	1.386070887205966e-05	1.778270877125994e-05	1000	True	paired_source_member_bootstrap_p16_p84
bdt	0.88	0.40858301520347595	8217	69.69354956577014	10593	215692.8621771206	254	74	1769521.9079684296	86.80837833506108	24	14	4430914.345899487	9.164212679744345	1985214.7701455501	109.19248946774042	0.6006418156997317	2.4904270065012013	0.5579607009130129	4639495.249821567	0.0494636652357639	1.5017700428978713e-05	True	True		0.40995940050474905	0.410298410675795	0.3816473611763519	0.4376237291550443	0.35783116523548797	0.46314528564832286	1000	0	{}	0.04962882793274659	0.04943369843103232	0.046835897406589735	0.05242591193604417	0.045026514019898954	0.055022443768281505	1000	0	{}	1.5223530698310541e-05	1.5047469379882642e-05	1.3388992384887981e-05	1.705996118518512e-05	1.221339038622097e-05	1.899197815147615e-05	1000	0	{}	1.5017700428978713e-05	1.3388992384887981e-05	1.705996118518512e-05	1000	True	paired_source_member_bootstrap_p16_p84
bdt	0.89	0.3955477774143219	8311	70.57505745895858	11007	223887.3977315433	267	78	1894921.4912682136	91.85203693515855	24	14	4430914.345899487	9.164212679744345	2118808.888999757	114.77029431715566	0.5723407533206242	2.4904270065012013	0.5579607009130129	4956268.772365663	0.04848450168018235	1.4241426301815481e-05	True	True		0.3873928882402707	0.38695930861607053	0.35965280070367966	0.4150438845381855	0.33496082886860756	0.44131960836295986	1000	0	{}	0.04865759823169082	0.04848757214199574	0.04611125810761404	0.05126812290178325	0.04429113079079819	0.053927586240379445	1000	0	{}	1.4424305306977687e-05	1.4221731142690286e-05	1.2756085640828592e-05	1.610890956910046e-05	1.1741407260479377e-05	1.7969259924453922e-05	1000	0	{}	1.4241426301815481e-05	1.2756085640828592e-05	1.610890956910046e-05	1000	True	paired_source_member_bootstrap_p16_p84
bdt	0.9	0.38112664222717285	8405	71.36998171352276	11454	233463.34757113893	286	80	2047699.44105349	98.13242178688614	26	15	4888355.090623733	10.169846186309176	2281162.788624629	121.71494656645119	0.5811066497642231	2.4904270065012017	0.5579607009130129	5359824.148476717	0.04725363056710535	1.3324175489533675e-05	True	True		0.3616508979472625	0.3616774187954329	0.33514577026853576	0.3882470803725227	0.30979614124698296	0.4171323231244461	1000	0	{}	0.04743881751406171	0.047175942752104516	0.04503426957408193	0.050083786125885175	0.043090157342259586	0.052471866494557255	1000	0	{}	1.3502162218128708e-05	1.3309140987803837e-05	1.2004471390678964e-05	1.5066663281925817e-05	1.0977932549917674e-05	1.6793785581752603e-05	1000	0	{}	1.3324175489533675e-05	1.2004471390678964e-05	1.5066663281925817e-05	1000	True	paired_source_member_bootstrap_p16_p84
bdt	0.91	0.36748361587524414	8498	72.17527858758633	11868	241034.01574472134	297	81	2105333.430262865	102.1902981515132	27	15	4888396.260571042	10.170017481501944	2346367.4460075865	126.85483376932903	0.569320219139328	2.4904270065012013	0.5579607009130129	5505224.4388168175	0.04711814996935708	1.3102504519733575e-05	True	True		0.3488341128092968	0.3489639742131296	0.32233226777386703	0.3755900502517016	0.2963929588186451	0.4038175571782796	1000	0	{}	0.04729320169300242	0.047077884880190185	0.04491250565211024	0.04988412601645965	0.04309465602800404	0.05216432738043543	1000	0	{}	1.3285773720256703e-05	1.3096304836984348e-05	1.181726631372626e-05	1.4823537410239621e-05	1.0830602275565298e-05	1.6456514564997172e-05	1000	0	{}	1.3102504519733575e-05	1.181726631372626e-05	1.4823537410239621e-05	1000	True	paired_source_member_bootstrap_p16_p84
bdt	0.92	0.3540400564670563	8590	72.96590693462011	12300	249069.10747141083	306	81	2206479.2174766115	106.00547590030747	29	15	4921620.182699734	10.304461154775622	2455548.324948022	131.21360843292123	0.5516762497779224	2.4904270065012013	0.5579607009130129	5761359.134484962	0.04656328281205226	1.266068615684832e-05	True	True		0.33182268970387363	0.33163534335079864	0.30581410137243487	0.35853171068599843	0.27806302111220826	0.385937632399667	1000	0	{}	0.04673574375695067	0.046538540163463475	0.04439042331136134	0.0492719671530572	0.042491068476940876	0.05154556164523067	1000	0	{}	1.2832747771809612e-05	1.2692555970480025e-05	1.1428350397008019e-05	1.4368614208210937e-05	1.0427395885077922e-05	1.5817418053561232e-05	1000	0	{}	1.266068615684832e-05	1.1428350397008019e-05	1.4368614208210937e-05	1000	True	paired_source_member_bootstrap_p16_p84
bdt	0.93	0.3361331820487976	8684	73.69812745702441	12916	260103.61160528316	328	84	2443425.2633380285	115.88365300292595	30	16	6816587.868318414	7.820472135152728	2703528.874943312	141.7935706402796	0.6415471625188927	2.4904270065012013	0.5579607009130129	6430030.1890849555	0.044821767036217645	1.1457711821213164e-05	True	True		0.29310783423261033	0.2923050516057021	0.26218635850932775	0.3228629011752863	0.23581551705959383	0.35658235749016937	1000	0	{}	0.04494374178191977	0.044845213814860105	0.042648285370700305	0.04732976625656666	0.041017826485765026	0.04965505324747365	1000	0	{}	1.1603800240613494e-05	1.1497770982813936e-05	1.0305093562724748e-05	1.2913765213093384e-05	9.487096448536478e-06	1.430324405790025e-05	1000	0	{}	1.1457711821213164e-05	1.0305093562724748e-05	1.2913765213093384e-05	1000	True	paired_source_member_bootstrap_p16_p84
bdt	0.94	0.3184705674648285	8777	74.41582967275957	13481	269092.8143224972	349	86	2612797.776035432	124.01823231015304	32	17	6816669.838827669	7.820660216602913	2881890.590357929	150.80176780012567	0.6167046611010897	2.4904270065012013	0.5579607009130129	6860209.655058834	0.04383537383067735	1.0842309880044128e-05	True	True		0.2408979908454412	0.24029397886728565	0.2195832855875049	0.26237743035681743	0.2013488289195864	0.28539468348282626	1000	0	{}	0.04392952463120137	0.04385274626475765	0.04172845242032943	0.04623084208080083	0.04019699585993599	0.04822130194923434	1000	0	{}	1.0962587390328603e-05	1.0840274332820545e-05	9.779699735906242e-06	1.2175034367102801e-05	9.010615545956219e-06	1.3483818195672694e-05	1000	0	{}	1.0842309880044128e-05	9.779699735906242e-06	1.2175034367102801e-05	1000	True	paired_source_member_bootstrap_p16_p84
bdt	0.95	0.2987477481365204	8870	75.18343434343548	14155	280009.9159326346	375	87	2757644.011490204	134.51072206280057	33	17	6816711.008774977	7.820754681948838	3037653.9274228383	163.12926405814298	0.5954582777617594	2.4904270065012017	0.5579607009130129	7226983.382722923	0.04313712745287154	1.0404181293480773e-05	True	True		0.21980861466722978	0.21890956783550586	0.19865247234025174	0.2408154034975559	0.18059339585445064	0.2640447725077122	1000	0	{}	0.043229790377338526	0.043153478209086465	0.04110151818555389	0.04540471659835202	0.039485508081803504	0.04751621226701876	1000	0	{}	1.0511027750464509e-05	1.0423672559752257e-05	9.388497300456303e-06	1.1639632209958268e-05	8.692906818667204e-06	1.2912113083985506e-05	1000	0	{}	1.0404181293480773e-05	9.388497300456303e-06	1.1639632209958268e-05	1000	True	paired_source_member_bootstrap_p16_p84
bdt	0.96	0.27913445234298706	8964	76.05311626049395	14809	289442.1056376379	396	88	2875820.9886833774	139.652938384054	36	18	7275905.019048533	8.60765137637288	3165263.0943210153	169.09235282060368	0.6047473158109687	2.4904270065012017	0.5579607009130129	7542805.421548804	0.04274746522508295	1.0069900388168122e-05	True	True		0.17977550258069322	0.17913636984507175	0.16268669745817438	0.19613763592308073	0.14933805615021492	0.21204635879946981	1000	0	{}	0.0428418017673659	0.04280194535923637	0.04073810640933442	0.04490075152197072	0.03917574927712304	0.04708244612141765	1000	0	{}	1.019007701579134e-05	1.0116460309561661e-05	9.110321356854488e-06	1.1236953372211108e-05	8.441068019331542e-06	1.2530414092413207e-05	1000	0	{}	1.0069900388168122e-05	9.110321356854488e-06	1.1236953372211108e-05	1000	True	paired_source_member_bootstrap_p16_p84
bdt	0.97	0.254107266664505	9057	76.89521682147243	15655	302403.0940039523	438	91	3139571.146432711	154.46560421141896	37	18	7275946.188995842	8.607748785265699	3441974.240436663	185.5628093218759	0.5684999497136186	2.4904270065012013	0.5579607009130129	8209086.4598273225	0.04144707633228988	9.368690292378631e-06	True	True		0.14761112991949465	0.14709696374482334	0.13140565308121505	0.1631965184849176	0.11758156382371823	0.1780516285906634	1000	0	{}	0.041546303919649474	0.041565156994899904	0.0395458390061641	0.04357729030928403	0.03800637671455586	0.04560000079753943	1000	0	{}	9.466034088036444e-06	9.397010397291052e-06	8.469620489202753e-06	1.0428135191336117e-05	7.823777421673457e-06	1.1437678217026116e-05	1000	0	{}	9.368690292378631e-06	8.469620489202753e-06	1.0428135191336117e-05	1000	True	paired_source_member_bootstrap_p16_p84
bdt	0.98	0.22453735768795013	9149	77.63597412845364	16589	314850.79373429203	466	92	3308355.563510941	163.02054752528662	41	19	7732765.551115103	9.409571685899587	3623206.357245233	195.42981973072295	0.5721639895012903	2.4904270065012013	0.5579607009130129	8653053.433547884	0.04078635742919382	8.982271044366265e-06	True	True		0.11158546371250973	0.1116542589344548	0.09753463887918615	0.12524239053347316	0.08432895163264219	0.1393904218752425	1000	0	{}	0.040883230595668126	0.04081506244126348	0.0389589523671087	0.04280641239838546	0.03735116942644456	0.044764527387094265	1000	0	{}	9.064950631764257e-06	9.036195057144827e-06	8.144904046221434e-06	9.98584261079044e-06	7.54903470262202e-06	1.1026837090950294e-05	1000	0	{}	8.982271044366265e-06	8.144904046221434e-06	9.98584261079044e-06	1000	True	paired_source_member_bootstrap_p16_p84
bdt	0.99	0.18242402374744415	9243	78.41792808852684	17914	331104.16050349205	499	93	3481141.372276548	171.74392952469805	47	23	8856365.737324186	11.533177875352973	3812245.53278004	205.86687246126687	0.6069334221817807	2.4904270065012013	0.5579607009130129	9132218.894992305	0.04016275005060412	8.630837447001826e-06	True	True		0.056393469669523015	0.05627096945315607	0.04776960308050508	0.06533896963942691	0.04101685173138179	0.07401491465048275	1000	0	{}	0.040263597832555204	0.04022704419080284	0.03839812585859878	0.0420497606112444	0.03675096819871664	0.04413927859771465	1000	0	{}	8.676370988392487e-06	8.644514929774077e-06	7.803898299760187e-06	9.52895217314226e-06	7.2568673463887e-06	1.0463884559312475e-05	1000	0	{}	8.630837447001826e-06	7.803898299760187e-06	9.52895217314226e-06	1000	True	paired_source_member_bootstrap_p16_p84
bdt	1.0	0.023040682077407837	9337	79.2373685205979	21309	352460.16891208966	576	96	3798151.5601400835	182.63685259939206	56	24	8859365.004916377	11.540982985874072	4150611.729052173	218.0042544592245	0.5712839963098536	2.4904270065012017	0.5579607009130129	9933391.555980906	0.03889310426253466	7.993519401701155e-06	True	True		1.654507426155527e-05	1.609524679013763e-05	5.261122927913142e-06	2.8332278434732846e-05	0.0	4.309545948955329e-05	1000	0	{}	0.03899029792947141	0.03892776104103761	0.03730778759643966	0.04071996750107063	0.03576852151835974	0.04264121976260285	1000	0	{}	8.057988665867874e-06	7.99492256433341e-06	7.288875848895708e-06	8.81332150537704e-06	6.747904275229265e-06	9.684921601891968e-06	1000	0	{}	7.993519401701155e-06	7.288875848895708e-06	8.81332150537704e-06	1000	True	paired_source_member_bootstrap_p16_p84
dense_dnn	0.1	0.9729586243629456	917	5.859542773013812	148	5010.972683701736	28	4	220.35570574827355	4.972582337318912	3	2	31203.782647639367	1.0052950031787808	5231.32838945001	50.484889940065045	0.9929381732901879	2.490427006501202	0.5579607009130129	603.447752704185	0.0809984471465635	0.009637531466724025	True	False	fewer than 3 direct-QCD source groups	0.9857266265028191	0.985859388194101	0.9821212959305535	0.9893186654245024	0.9788242340724688	0.9921109720394381	1000	0	{}	0.08209166482620828	0.08135741527654532	0.07385249962549734	0.09007916906153593	0.06781119005454947	0.09905578505178407	1000	0	{}	nan	nan	nan	nan	nan	nan	0	1000	"{""fewer than 3 direct-QCD source groups"":521,""fewer than 3 direct-QCD source groups; fewer than 3 transferred-QCD source groups"":282,""fewer than 3 direct-QCD source groups; fewer than 5 transferred-QCD rows; fewer than 3 transferred-QCD source groups"":27,""fewer than 3 direct-QCD source groups; fewer than 5 transferred-QCD rows; fewer than 3 transferred-QCD source groups; transferred-QCD effective statistics below 2"":23,""fewer than 3 direct-QCD source groups; fewer than 5 transferred-QCD rows; fewer than 3 transferred-QCD source groups; transferred-QCD effective statistics below 2; nonfinite systematics-aware ZA"":10,""zero direct-QCD closure rows; fewer than 3 direct-QCD source groups; fewer than 3 transferred-QCD source groups; nonfinite systematics-aware ZA"":66,""zero direct-QCD closure rows; fewer than 3 direct-QCD source groups; fewer than 5 transferred-QCD rows; fewer than 3 transferred-QCD source groups; nonfinite systematics-aware ZA"":17,""zero direct-QCD closure rows; fewer than 3 direct-QCD source groups; fewer than 5 transferred-QCD rows; fewer than 3 transferred-QCD source groups; transferred-QCD effective statistics below 2; nonfinite systematics-aware ZA"":13,""zero direct-QCD closure rows; fewer than 3 direct-QCD source groups; nonfinite systematics-aware ZA"":41}"	0.009637531466724025			0	False	paired_source_member_bootstrap_p16_p84
dense_dnn	0.11	0.96976637840271	1009	6.463416676624875	172	5666.110617125165	33	7	11497.727092496798	1.195186528005797	4	3	62381.05969035917	2.0052851592876473	17163.837709621963	2.649042040285826	0.8156856079462571	2.4904270065012017	0.5579607009130129	30806.37802675636	0.049331883926244234	0.00020977951998452026	True	False	transferred-QCD effective statistics below 2	0.9807759523190509	0.9810877105098668	0.9759956111604842	0.9855118792177296	0.9705651312833625	0.9893609196516805	1000	0	{}	0.05850711294464359	0.051222789128225366	0.0390428030348816	0.08129272480005843	0.03148552070738195	0.0922796918411627	1000	0	{}	0.000886991462300721	0.0009258524040637287	9.758298868083714e-05	0.0019029757422419265	5.606995035716477e-05	0.0021424911679569555	108	892	"{""fewer than 3 direct-QCD source groups"":377,""fewer than 3 direct-QCD source groups; fewer than 3 transferred-QCD source groups"":23,""fewer than 3 direct-QCD source groups; fewer than 3 transferred-QCD source groups; transferred-QCD effective statistics below 2"":7,""fewer than 3 direct-QCD source groups; fewer than 5 transferred-QCD rows; fewer than 3 transferred-QCD source groups"":3,""fewer than 3 direct-QCD source groups; fewer than 5 transferred-QCD rows; fewer than 3 transferred-QCD source groups; transferred-QCD effective statistics below 2"":8,""fewer than 3 direct-QCD source groups; fewer than 5 transferred-QCD rows; transferred-QCD effective statistics below 2"":6,""fewer than 3 direct-QCD source groups; transferred-QCD effective statistics below 2"":294,""fewer than 3 transferred-QCD source groups"":1,""transferred-QCD effective statistics below 2"":125,""zero direct-QCD closure rows; fewer than 3 direct-QCD source groups; fewer than 3 transferred-QCD source groups; nonfinite systematics-aware ZA"":3,""zero direct-QCD closure rows; fewer than 3 direct-QCD source groups; fewer than 3 transferred-QCD source groups; transferred-QCD effective statistics below 2; nonfinite systematics-aware ZA"":3,""zero direct-QCD closure rows; fewer than 3 direct-QCD source groups; fewer than 5 transferred-QCD rows; fewer than 3 transferred-QCD source groups; nonfinite systematics-aware ZA"":2,""zero direct-QCD closure rows; fewer than 3 direct-QCD source groups; fewer than 5 transferred-QCD rows; fewer than 3 transferred-QCD source groups; transferred-QCD effective statistics below 2; nonfinite systematics-aware ZA"":5,""zero direct-QCD closure rows; fewer than 3 direct-QCD source groups; nonfinite systematics-aware ZA"":20,""zero direct-QCD closure rows; fewer than 3 direct-QCD source groups; transferred-QCD effective statistics below 2; nonfinite systematics-aware ZA"":15}"	0.00020977951998452026	9.758298868083714e-05	0.0019029757422419265	108	False	paired_source_member_bootstrap_p16_p84
dense_dnn	0.12000000000000001	0.9668779373168945	1102	7.218761607647422	195	6077.585466226576	35	7	11499.635525990876	1.1955833038417352	4	3	62381.05969035917	2.0052851592876473	17577.22099221745	2.777149567481106	0.8156550147902006	2.4904270065012017	0.5579607009130129	30811.384277173896	0.054444983542073416	0.0002342545397761584	True	False	transferred-QCD effective statistics below 2	0.979235241996715	0.9795414080863742	0.974381861496979	0.9840866509846558	0.9690831571671985	0.9880749791548631	1000	0	{}	0.06392367208901623	0.05644826273574229	0.04340831281064342	0.08751435424300633	0.035368948441535646	0.09972730065458991	1000	0	{}	0.0009844447849761664	0.001027695472346247	0.00011043323600857967	0.002113109228899902	6.32255978783208e-05	0.0023391505601425616	108	892	"{""fewer than 3 direct-QCD source groups"":377,""fewer than 3 direct-QCD source groups; fewer than 3 transferred-QCD source groups"":23,""fewer than 3 direct-QCD source groups; fewer than 3 transferred-QCD source groups; transferred-QCD effective statistics below 2"":7,""fewer than 3 direct-QCD source groups; fewer than 5 transferred-QCD rows; fewer than 3 transferred-QCD source groups"":3,""fewer than 3 direct-QCD source groups; fewer than 5 transferred-QCD rows; fewer than 3 transferred-QCD source groups; transferred-QCD effective statistics below 2"":8,""fewer than 3 direct-QCD source groups; fewer than 5 transferred-QCD rows; transferred-QCD effective statistics below 2"":6,""fewer than 3 direct-QCD source groups; transferred-QCD effective statistics below 2"":294,""fewer than 3 transferred-QCD source groups"":1,""transferred-QCD effective statistics below 2"":125,""zero direct-QCD closure rows; fewer than 3 direct-QCD source groups; fewer than 3 transferred-QCD source groups; nonfinite systematics-aware ZA"":3,""zero direct-QCD closure rows; fewer than 3 direct-QCD source groups; fewer than 3 transferred-QCD source groups; transferred-QCD effective statistics below 2; nonfinite systematics-aware ZA"":3,""zero direct-QCD closure rows; fewer than 3 direct-QCD source groups; fewer than 5 transferred-QCD rows; fewer than 3 transferred-QCD source groups; nonfinite systematics-aware ZA"":2,""zero direct-QCD closure rows; fewer than 3 direct-QCD source groups; fewer than 5 transferred-QCD rows; fewer than 3 transferred-QCD source groups; transferred-QCD effective statistics below 2; nonfinite systematics-aware ZA"":5,""zero direct-QCD closure rows; fewer than 3 direct-QCD source groups; nonfinite systematics-aware ZA"":20,""zero direct-QCD closure rows; fewer than 3 direct-QCD source groups; transferred-QCD effective statistics below 2; nonfinite systematics-aware ZA"":15}"	0.0002342545397761584	0.00011043323600857967	0.002113109228899902	108	False	paired_source_member_bootstrap_p16_p84
dense_dnn	0.13	0.9637508392333984	1194	7.822732979082526	225	6459.553813957958	38	8	11557.934505716603	1.207708912114148	4	3	62381.05969035917	2.0052851592876473	18017.48831967456	2.9169436540673135	0.8147204526007299	2.4904270065012017	0.5579607009130129	30964.30025305936	0.05827468835662159	0.00025259823482871836	True	False	transferred-QCD effective statistics below 2	0.9774282763669655	0.9775441428546445	0.9725092628447829	0.9824044264048851	0.9676699544161239	0.9863618158652888	1000	0	{}	0.06781438805588433	0.06027621012878278	0.04663731900153246	0.09181306668585686	0.03781180346471226	0.104055068576719	1000	0	{}	0.0011036916744494518	0.0011965265506012073	0.00012190385089502798	0.0022059505811495472	6.865356677746622e-05	0.0027369424674633254	115	885	"{""fewer than 3 direct-QCD source groups"":399,""fewer than 3 direct-QCD source groups; fewer than 3 transferred-QCD source groups"":12,""fewer than 3 direct-QCD source groups; fewer than 3 transferred-QCD source groups; transferred-QCD effective statistics below 2"":4,""fewer than 3 direct-QCD source groups; fewer than 5 transferred-QCD rows; fewer than 3 transferred-QCD source groups"":1,""fewer than 3 direct-QCD source groups; fewer than 5 transferred-QCD rows; fewer than 3 transferred-QCD source groups; transferred-QCD effective statistics below 2"":5,""fewer than 3 direct-QCD source groups; fewer than 5 transferred-QCD rows; transferred-QCD effective statistics below 2"":2,""fewer than 3 direct-QCD source groups; transferred-QCD effective statistics below 2"":295,""transferred-QCD effective statistics below 2"":119,""zero direct-QCD closure rows; fewer than 3 direct-QCD source groups; fewer than 3 transferred-QCD source groups; nonfinite systematics-aware ZA"":2,""zero direct-QCD closure rows; fewer than 3 direct-QCD source groups; fewer than 3 transferred-QCD source groups; transferred-QCD effective statistics below 2; nonfinite systematics-aware ZA"":4,""zero direct-QCD closure rows; fewer than 3 direct-QCD source groups; fewer than 5 transferred-QCD rows; fewer than 3 transferred-QCD source groups; nonfinite systematics-aware ZA"":3,""zero direct-QCD closure rows; fewer than 3 direct-QCD source groups; fewer than 5 transferred-QCD rows; fewer than 3 transferred-QCD source groups; transferred-QCD effective statistics below 2; nonfinite systematics-aware ZA"":2,""zero direct-QCD closure rows; fewer than 3 direct-QCD source groups; nonfinite systematics-aware ZA"":22,""zero direct-QCD closure rows; fewer than 3 direct-QCD source groups; transferred-QCD effective statistics below 2; nonfinite systematics-aware ZA"":15}"	0.00025259823482871836	0.00012190385089502798	0.0022059505811495472	115	False	paired_source_member_bootstrap_p16_p84
dense_dnn	0.14	0.9604365825653076	1286	8.476551663934249	264	7532.0367079067655	39	9	28017.084988221446	2.0574757792496485	4	3	62381.05969035917	2.0052851592876473	35549.12169612821	3.305542549034854	0.550871929279659	2.490427006501202	0.5579607009130129	73150.92260686778	0.04495598501931206	0.00011586797453805616	True	True		0.9765445813079189	0.9766693793306054	0.9716493741802886	0.9815587449960741	0.9667106732153493	0.9854988527795202	1000	0	{}	0.052773193822454476	0.047861438126265005	0.03595787859441803	0.06568040891506492	0.029573925251607625	0.09848790414410563	1000	0	{}	0.0004235171108128678	9.386957101965984e-05	5.939837489995149e-05	0.001196040987118967	4.502331353116638e-05	0.0026388389862471756	152	848	"{""fewer than 3 direct-QCD source groups"":449,""fewer than 3 direct-QCD source groups; fewer than 3 transferred-QCD source groups"":4,""fewer than 3 direct-QCD source groups; fewer than 3 transferred-QCD source groups; transferred-QCD effective statistics below 2"":3,""fewer than 3 direct-QCD source groups; fewer than 5 transferred-QCD rows; fewer than 3 transferred-QCD source groups"":1,""fewer than 3 direct-QCD source groups; fewer than 5 transferred-QCD rows; transferred-QCD effective statistics below 2"":4,""fewer than 3 direct-QCD source groups; transferred-QCD effective statistics below 2"":257,""transferred-QCD effective statistics below 2"":82,""zero direct-QCD closure rows; fewer than 3 direct-QCD source groups; fewer than 3 transferred-QCD source groups; nonfinite systematics-aware ZA"":1,""zero direct-QCD closure rows; fewer than 3 direct-QCD source groups; fewer than 3 transferred-QCD source groups; transferred-QCD effective statistics below 2; nonfinite systematics-aware ZA"":3,""zero direct-QCD closure rows; fewer than 3 direct-QCD source groups; fewer than 5 transferred-QCD rows; fewer than 3 transferred-QCD source groups; nonfinite systematics-aware ZA"":2,""zero direct-QCD closure rows; fewer than 3 direct-QCD source groups; fewer than 5 transferred-QCD rows; fewer than 3 transferred-QCD source groups; transferred-QCD effective statistics below 2; nonfinite systematics-aware ZA"":1,""zero direct-QCD closure rows; fewer than 3 direct-QCD source groups; fewer than 5 transferred-QCD rows; transferred-QCD effective statistics below 2; nonfinite systematics-aware ZA"":1,""zero direct-QCD closure rows; fewer than 3 direct-QCD source groups; nonfinite systematics-aware ZA"":24,""zero direct-QCD closure rows; fewer than 3 direct-QCD source groups; transferred-QCD effective statistics below 2; nonfinite systematics-aware ZA"":16}"	0.00011586797453805616	5.939837489995149e-05	0.001196040987118967	152	True	paired_source_member_bootstrap_p16_p84
dense_dnn	0.15000000000000002	0.9577054381370544	1378	9.105454419177793	299	8337.180626204732	41	10	71991.48363225625	2.2427098363886935	4	3	62381.05969035917	2.0052851592876473	80328.66425846098	2.7911717516354986	0.15405996611151415	2.4904270065012013	0.5579607009130129	184068.60039012897	0.03212611040881806	4.9465766605240505e-05	True	True		0.9716329980101802	0.9718359387589705	0.9655191874650627	0.9773588224371111	0.960131525156747	0.9819938378248155	1000	0	{}	0.038971212408255386	0.034135272537802776	0.02539513242636694	0.0527365392856939	0.019709013877419395	0.095035538214571	1000	0	{}	0.00020780897595285212	4.187962175135201e-05	2.6185469229639936e-05	0.00010939286996301455	1.5147594154239203e-05	0.002569912819142528	163	837	"{""fewer than 3 direct-QCD source groups"":499,""fewer than 3 direct-QCD source groups; fewer than 3 transferred-QCD source groups; transferred-QCD effective statistics below 2"":1,""fewer than 3 direct-QCD source groups; fewer than 5 transferred-QCD rows; fewer than 3 transferred-QCD source groups"":1,""fewer than 3 direct-QCD source groups; fewer than 5 transferred-QCD rows; transferred-QCD effective statistics below 2"":2,""fewer than 3 direct-QCD source groups; transferred-QCD effective statistics below 2"":215,""transferred-QCD effective statistics below 2"":71,""zero direct-QCD closure rows; fewer than 3 direct-QCD source groups; fewer than 3 transferred-QCD source groups; nonfinite systematics-aware ZA"":2,""zero direct-QCD closure rows; fewer than 3 direct-QCD source groups; fewer than 5 transferred-QCD rows; fewer than 3 transferred-QCD source groups; nonfinite systematics-aware ZA"":1,""zero direct-QCD closure rows; fewer than 3 direct-QCD source groups; nonfinite systematics-aware ZA"":29,""zero direct-QCD closure rows; fewer than 3 direct-QCD source groups; transferred-QCD effective statistics below 2; nonfinite systematics-aware ZA"":16}"	4.9465766605240505e-05	2.6185469229639936e-05	0.00010939286996301455	163	True	paired_source_member_bootstrap_p16_p84
dense_dnn	0.16	0.9547225832939148	1469	9.732308628592707	320	8918.00206987661	43	11	72728.44782733831	2.2883347862145875	4	3	62381.05969035917	2.0052851592876473	81646.44989721492	2.8827584272071527	0.16587387563373346	2.4904270065012017	0.5579607009130129	186006.6269336661	0.03405952541045053	5.2320307006534575e-05	True	True		0.9710918442125535	0.9713229383888003	0.964964953438418	0.9768556544315944	0.9595881565795575	0.9814633817313516	1000	0	{}	0.04088597497461316	0.03620804291001899	0.027024544869890765	0.05504829456360344	0.02105548732083112	0.096020590797105	1000	0	{}	0.00017518620156334742	4.455098777623095e-05	2.7961223155378337e-05	0.00011610187745086272	1.6200745817947525e-05	0.0015185796358780303	166	834	"{""fewer than 3 direct-QCD source groups"":515,""fewer than 3 direct-QCD source groups; fewer than 3 transferred-QCD source groups; transferred-QCD effective statistics below 2"":1,""fewer than 3 direct-QCD source groups; fewer than 5 transferred-QCD rows; fewer than 3 transferred-QCD source groups"":1,""fewer than 3 direct-QCD source groups; transferred-QCD effective statistics below 2"":201,""transferred-QCD effective statistics below 2"":68,""zero direct-QCD closure rows; fewer than 3 direct-QCD source groups; fewer than 3 transferred-QCD source groups; nonfinite systematics-aware ZA"":2,""zero direct-QCD closure rows; fewer than 3 direct-QCD source groups; fewer than 5 transferred-QCD rows; fewer than 3 transferred-QCD source groups; nonfinite systematics-aware ZA"":1,""zero direct-QCD closure rows; fewer than 3 direct-QCD source groups; nonfinite systematics-aware ZA"":29,""zero direct-QCD closure rows; fewer than 3 direct-QCD source groups; transferred-QCD effective statistics below 2; nonfinite systematics-aware ZA"":16}"	5.2320307006534575e-05	2.7961223155378337e-05	0.00011610187745086272	166	True	paired_source_member_bootstrap_p16_p84
dense_dnn	0.17	0.9518279433250427	1561	10.448441253293987	348	9406.360053228938	45	11	72778.582089864	2.291488334141187	4	3	62381.05969035917	2.0052851592876473	82184.94214309294	2.9208424205839703	0.16667755326881264	2.4904270065012013	0.5579607009130129	186138.65045138728	0.03644568997447402	5.613018288870069e-05	True	True		0.9689217988387572	0.9690799263468786	0.962778218300502	0.9749444406959261	0.9570273634159843	0.9795278508337544	1000	0	{}	0.04354250008712642	0.03867704336007251	0.028892966609320204	0.05832280401297408	0.02257615870950096	0.10047406609352255	1000	0	{}	0.00018484794895166597	4.7612066016893033e-05	3.015490065343029e-05	0.00012351700902136839	1.7488606809796637e-05	0.0016120926521638785	166	834	"{""fewer than 3 direct-QCD source groups"":515,""fewer than 3 direct-QCD source groups; fewer than 3 transferred-QCD source groups; transferred-QCD effective statistics below 2"":1,""fewer than 3 direct-QCD source groups; fewer than 5 transferred-QCD rows; fewer than 3 transferred-QCD source groups"":1,""fewer than 3 direct-QCD source groups; transferred-QCD effective statistics below 2"":201,""transferred-QCD effective statistics below 2"":68,""zero direct-QCD closure rows; fewer than 3 direct-QCD source groups; fewer than 3 transferred-QCD source groups; nonfinite systematics-aware ZA"":2,""zero direct-QCD closure rows; fewer than 3 direct-QCD source groups; fewer than 5 transferred-QCD rows; fewer than 3 transferred-QCD source groups; nonfinite systematics-aware ZA"":1,""zero direct-QCD closure rows; fewer than 3 direct-QCD source groups; nonfinite systematics-aware ZA"":29,""zero direct-QCD closure rows; fewer than 3 direct-QCD source groups; transferred-QCD effective statistics below 2; nonfinite systematics-aware ZA"":16}"	5.613018288870069e-05	3.015490065343029e-05	0.00012351700902136839	166	True	paired_source_member_bootstrap_p16_p84
dense_dnn	0.18	0.9484265446662903	1654	11.228766831680092	382	10353.711284518431	46	11	72779.54494555331	2.2915489660926736	4	3	62381.05969035917	2.0052851592876473	83133.25623007174	2.9885053891024818	0.16669298833346358	2.4904270065012013	0.5579607009130129	186141.18626501536	0.038943492021797685	6.032117644124662e-05	True	True		0.9663363462071229	0.9665864776704292	0.960262076362535	0.9726107075472195	0.9544928211742952	0.9766833757963788	1000	0	{}	0.046195042464735186	0.04128709106239675	0.030794166628340048	0.06176936117645184	0.024084325657512177	0.10323984075281271	1000	0	{}	0.0001982407245618921	5.137262501367371e-05	3.207744843696868e-05	0.00013289008166566667	1.8713367698708777e-05	0.0017356144404086812	166	834	"{""fewer than 3 direct-QCD source groups"":515,""fewer than 3 direct-QCD source groups; fewer than 3 transferred-QCD source groups; transferred-QCD effective statistics below 2"":1,""fewer than 3 direct-QCD source groups; fewer than 5 transferred-QCD rows; fewer than 3 transferred-QCD source groups"":1,""fewer than 3 direct-QCD source groups; transferred-QCD effective statistics below 2"":201,""transferred-QCD effective statistics below 2"":68,""zero direct-QCD closure rows; fewer than 3 direct-QCD source groups; fewer than 3 transferred-QCD source groups; nonfinite systematics-aware ZA"":2,""zero direct-QCD closure rows; fewer than 3 direct-QCD source groups; fewer than 5 transferred-QCD rows; fewer than 3 transferred-QCD source groups; nonfinite systematics-aware ZA"":1,""zero direct-QCD closure rows; fewer than 3 direct-QCD source groups; nonfinite systematics-aware ZA"":29,""zero direct-QCD closure rows; fewer than 3 direct-QCD source groups; transferred-QCD effective statistics below 2; nonfinite systematics-aware ZA"":16}"	6.032117644124662e-05	3.207744843696868e-05	0.00013289008166566667	166	True	paired_source_member_bootstrap_p16_p84
dense_dnn	0.19	0.9451708793640137	1747	11.946619402512667	427	10978.579332407928	47	11	72780.50780124262	2.291609598846275	4	3	62381.05969035917	2.0052851592876473	83759.08713365055	3.0335863220868604	0.1667084233981145	2.4904270065012017	0.5579607009130129	186143.72208733132	0.0412780085717747	6.417651194336703e-05	True	True		0.9640476932055144	0.9642432225524991	0.9579702223600369	0.9701319779213851	0.9523051678111476	0.97440712212146	1000	0	{}	0.04872272934480718	0.04373214897599314	0.03268469818823566	0.06525311605313756	0.025583901306883122	0.10765855824612794	1000	0	{}	0.0002103556244747993	5.418877490205285e-05	3.3783050566438045e-05	0.0001411907368098389	1.9726987608236393e-05	0.0018291262394151129	166	834	"{""fewer than 3 direct-QCD source groups"":515,""fewer than 3 direct-QCD source groups; fewer than 3 transferred-QCD source groups; transferred-QCD effective statistics below 2"":1,""fewer than 3 direct-QCD source groups; fewer than 5 transferred-QCD rows; fewer than 3 transferred-QCD source groups"":1,""fewer than 3 direct-QCD source groups; transferred-QCD effective statistics below 2"":201,""transferred-QCD effective statistics below 2"":68,""zero direct-QCD closure rows; fewer than 3 direct-QCD source groups; fewer than 3 transferred-QCD source groups; nonfinite systematics-aware ZA"":2,""zero direct-QCD closure rows; fewer than 3 direct-QCD source groups; fewer than 5 transferred-QCD rows; fewer than 3 transferred-QCD source groups; nonfinite systematics-aware ZA"":1,""zero direct-QCD closure rows; fewer than 3 direct-QCD source groups; nonfinite systematics-aware ZA"":29,""zero direct-QCD closure rows; fewer than 3 direct-QCD source groups; transferred-QCD effective statistics below 2; nonfinite systematics-aware ZA"":16}"	6.417651194336703e-05	3.3783050566438045e-05	0.0001411907368098389	166	True	paired_source_member_bootstrap_p16_p84
dense_dnn	0.2	0.9414665102958679	1840	12.726715692872812	476	11673.920771018315	51	12	83409.64357546731	2.870869440936689	4	3	62381.05969035917	2.0052851592876473	95083.56434648563	3.7288241830114335	0.3370988564395621	2.490427006501202	0.5579607009130129	214724.0693866746	0.0412718491771276	5.926739009854565e-05	True	True		0.9605626717690475	0.9607450589165512	0.9543656078769653	0.9668617165263627	0.9478862396648194	0.971626563552971	1000	0	{}	0.04707443278972198	0.043372635063343	0.033435138667852755	0.059944381819122206	0.02692344709792898	0.08657336387832183	1000	0	{}	0.00012553663865971673	5.635618170376966e-05	3.5140663229774485e-05	0.00011735151536062182	1.9279465447447914e-05	0.0013468674003454713	193	807	"{""fewer than 3 direct-QCD source groups"":611,""fewer than 3 direct-QCD source groups; transferred-QCD effective statistics below 2"":107,""transferred-QCD effective statistics below 2"":41,""zero direct-QCD closure rows; fewer than 3 direct-QCD source groups; fewer than 5 transferred-QCD rows; fewer than 3 transferred-QCD source groups; nonfinite systematics-aware ZA"":1,""zero direct-QCD closure rows; fewer than 3 direct-QCD source groups; nonfinite systematics-aware ZA"":37,""zero direct-QCD closure rows; fewer than 3 direct-QCD source groups; transferred-QCD effective statistics below 2; nonfinite systematics-aware ZA"":10}"	5.926739009854565e-05	3.5140663229774485e-05	0.00011735151536062182	193	True	paired_source_member_bootstrap_p16_p84
dense_dnn	0.21000000000000002	0.9380525350570679	1934	13.570989725333273	528	12887.188329197133	52	13	99859.20994566577	3.7015700107842027	4	3	62381.05969035917	2.0052851592876473	112746.3982748629	4.716248579521419	0.6007937415833728	2.4904270065012017	0.5579607009130129	261823.53485746923	0.040415827105884164	5.18304850580891e-05	True	True		0.9594262102666754	0.959621146941347	0.953218478061509	0.9658083504705304	0.9467730513056547	0.970648986287115	1000	0	{}	0.04466793129630916	0.04181287850541754	0.03374531543122283	0.05520324770632603	0.027392234442953228	0.07678141536785434	1000	0	{}	0.00010646579937817392	5.519492329255367e-05	3.393168809499805e-05	0.00011150823625358766	1.8884704353300488e-05	0.00019042319561408437	223	777	"{""fewer than 3 direct-QCD source groups"":676,""fewer than 3 direct-QCD source groups; transferred-QCD effective statistics below 2"":42,""transferred-QCD effective statistics below 2"":11,""zero direct-QCD closure rows; fewer than 3 direct-QCD source groups; fewer than 5 transferred-QCD rows; fewer than 3 transferred-QCD source groups; nonfinite systematics-aware ZA"":1,""zero direct-QCD closure rows; fewer than 3 direct-QCD source groups; nonfinite systematics-aware ZA"":41,""zero direct-QCD closure rows; fewer than 3 direct-QCD source groups; transferred-QCD effective statistics below 2; nonfinite systematics-aware ZA"":6}"	5.18304850580891e-05	3.393168809499805e-05	0.00011150823625358766	223	True	paired_source_member_bootstrap_p16_p84
dense_dnn	0.22	0.9346141815185547	2026	14.249519370922126	577	13969.141473982629	53	13	99860.16416241282	3.701640751470104	4	3	62381.05969035917	2.0052851592876473	113829.30563639545	4.807076220933671	0.6008090381614012	2.490427006501202	0.5579607009130129	261826.3867669434	0.04223418442657827	5.442125729518432e-05	True	True		0.957685222987582	0.9578708825366034	0.9514223571138798	0.9640108584147319	0.9450824731609875	0.9687484516867574	1000	0	{}	0.04655735655822717	0.04371768368598606	0.035302685015590946	0.05750843117556759	0.02848772283347094	0.07952856087030176	1000	0	{}	0.00011196145586699343	5.796662009524142e-05	3.563606024583762e-05	0.00011758596272320139	1.986822631172022e-05	0.00020048062958773707	223	777	"{""fewer than 3 direct-QCD source groups"":676,""fewer than 3 direct-QCD source groups; transferred-QCD effective statistics below 2"":42,""transferred-QCD effective statistics below 2"":11,""zero direct-QCD closure rows; fewer than 3 direct-QCD source groups; fewer than 5 transferred-QCD rows; fewer than 3 transferred-QCD source groups; nonfinite systematics-aware ZA"":1,""zero direct-QCD closure rows; fewer than 3 direct-QCD source groups; nonfinite systematics-aware ZA"":41,""zero direct-QCD closure rows; fewer than 3 direct-QCD source groups; transferred-QCD effective statistics below 2; nonfinite systematics-aware ZA"":6}"	5.442125729518432e-05	3.563606024583762e-05	0.00011758596272320139	223	True	paired_source_member_bootstrap_p16_p84
dense_dnn	0.23	0.9310530424118042	2119	14.980244803874006	647	15307.680879731812	53	13	99860.16416241282	3.701640751470104	4	3	62381.05969035917	2.0052851592876473	115167.84504214463	4.9205394657594494	0.6008090381614012	2.490427006501202	0.5579607009130129	261826.3867669434	0.044141173589861325	5.721196593038557e-05	True	True		0.955864739419093	0.95602989943759	0.949602674248812	0.9622503464836489	0.9432856679820574	0.967036192923916	1000	0	{}	0.04850367053901699	0.04565127210548197	0.03699209037089161	0.059694180566099375	0.0297492845225319	0.08201066736110721	1000	0	{}	0.00011735486627209765	6.0913595852591074e-05	3.750601518975701e-05	0.00012373914854925752	2.0912592727159308e-05	0.00021127558381814555	223	777	"{""fewer than 3 direct-QCD source groups"":676,""fewer than 3 direct-QCD source groups; transferred-QCD effective statistics below 2"":42,""transferred-QCD effective statistics below 2"":11,""zero direct-QCD closure rows; fewer than 3 direct-QCD source groups; fewer than 5 transferred-QCD rows; fewer than 3 transferred-QCD source groups; nonfinite systematics-aware ZA"":1,""zero direct-QCD closure rows; fewer than 3 direct-QCD source groups; nonfinite systematics-aware ZA"":41,""zero direct-QCD closure rows; fewer than 3 direct-QCD source groups; transferred-QCD effective statistics below 2; nonfinite systematics-aware ZA"":6}"	5.721196593038557e-05	3.750601518975701e-05	0.00012373914854925752	223	True	paired_source_member_bootstrap_p16_p84
dense_dnn	0.24000000000000002	0.9274798035621643	2213	15.724690904247245	700	16179.061343200918	53	13	99860.16416241282	3.701640751470104	4	3	62381.05969035917	2.0052851592876473	116039.22550561374	4.995114854197715	0.6008090381614012	2.490427006501202	0.5579607009130129	261826.3867669434	0.04616043559730284	6.005487101852892e-05	True	True		0.9548560625773818	0.9550483778197043	0.948597372119081	0.9612855349789018	0.9422350684869623	0.9661215763300438	1000	0	{}	0.050621348377989844	0.047786124444700755	0.03872333705045675	0.06254692853730455	0.03117417139432902	0.08485824529780314	1000	0	{}	0.00012314586259958889	6.405451587318828e-05	3.9213433793041675e-05	0.00013045631389736384	2.190152329356047e-05	0.00022244713389071432	223	777	"{""fewer than 3 direct-QCD source groups"":676,""fewer than 3 direct-QCD source groups; transferred-QCD effective statistics below 2"":42,""transferred-QCD effective statistics below 2"":11,""zero direct-QCD closure rows; fewer than 3 direct-QCD source groups; fewer than 5 transferred-QCD rows; fewer than 3 transferred-QCD source groups; nonfinite systematics-aware ZA"":1,""zero direct-QCD closure rows; fewer than 3 direct-QCD source groups; nonfinite systematics-aware ZA"":41,""zero direct-QCD closure rows; fewer than 3 direct-QCD source groups; transferred-QCD effective statistics below 2; nonfinite systematics-aware ZA"":6}"	6.005487101852892e-05	3.9213433793041675e-05	0.00013045631389736384	223	True	paired_source_member_bootstrap_p16_p84
dense_dnn	0.25	0.9241049289703369	2306	16.49260335775073	751	16723.75994406565	54	13	99909.69841013041	3.7053105824688384	4	3	62381.05969035917	2.0052851592876473	116633.45835419606	5.046305040922975	0.6016030972550341	2.490427006501202	0.5579607009130129	261974.45273482054	0.048291133905314636	6.295187129380838e-05	True	True		0.9538264512518392	0.9540191465887413	0.9475750636801747	0.9602954818808577	0.9410002124471246	0.9652184997426259	1000	0	{}	0.05290567616752306	0.050043038574556165	0.040611438350804635	0.06508489694361075	0.032720182754262674	0.08864639689925521	1000	0	{}	0.00012744647324980818	6.717248498277993e-05	4.111207318108789e-05	0.00013577230298735497	2.2906622258604145e-05	0.00023259821440228397	223	777	"{""fewer than 3 direct-QCD source groups"":676,""fewer than 3 direct-QCD source groups; transferred-QCD effective statistics below 2"":42,""transferred-QCD effective statistics below 2"":11,""zero direct-QCD closure rows; fewer than 3 direct-QCD source groups; fewer than 5 transferred-QCD rows; fewer than 3 transferred-QCD source groups; nonfinite systematics-aware ZA"":1,""zero direct-QCD closure rows; fewer than 3 direct-QCD source groups; nonfinite systematics-aware ZA"":41,""zero direct-QCD closure rows; fewer than 3 direct-QCD source groups; transferred-QCD effective statistics below 2; nonfinite systematics-aware ZA"":6}"	6.295187129380838e-05	4.111207318108789e-05	0.00013577230298735497	223	True	paired_source_member_bootstrap_p16_p84
dense_dnn	0.26	0.920896589756012	2399	17.385091945745607	807	17272.389045898897	57	13	101416.23420179171	3.8163905007224916	5	3	62422.22963766758	2.0079311555482127	118688.62324769062	5.2235498955278965	0.6246813801824518	2.4904270065012017	0.5579607009130129	266471.4910753215	0.050461696127743885	6.523867795651782e-05	True	True		0.9502279187018116	0.9503625821201123	0.9437652832066734	0.9568009257443114	0.9370422101512669	0.9615734140571195	1000	0	{}	0.055077742562566596	0.052019424996395495	0.042453113008743264	0.06795427262686216	0.03443937661552969	0.0921247788093459	1000	0	{}	0.00011307045853768729	6.959724887818722e-05	4.287655149998274e-05	0.00014210136650049255	2.3981825360144558e-05	0.0003149974426037459	227	773	"{""fewer than 3 direct-QCD source groups"":680,""fewer than 3 direct-QCD source groups; transferred-QCD effective statistics below 2"":38,""transferred-QCD effective statistics below 2"":7,""zero direct-QCD closure rows; fewer than 3 direct-QCD source groups; fewer than 5 transferred-QCD rows; fewer than 3 transferred-QCD source groups; nonfinite systematics-aware ZA"":1,""zero direct-QCD closure rows; fewer than 3 direct-QCD source groups; nonfinite systematics-aware ZA"":41,""zero direct-QCD closure rows; fewer than 3 direct-QCD source groups; transferred-QCD effective statistics below 2; nonfinite systematics-aware ZA"":6}"	6.523867795651782e-05	4.287655149998274e-05	0.00014210136650049255	227	True	paired_source_member_bootstrap_p16_p84
dense_dnn	0.27	0.9176115989685059	2493	18.12970806387791	857	17747.26549427089	57	13	101416.23420179171	3.8163905007224916	5	3	62422.22963766758	2.0079311555482127	119163.4996960626	5.265351651424074	0.6246813801824518	2.4904270065012017	0.5579607009130129	266471.4910753215	0.052517999452778005	6.803267849772385e-05	True	True		0.9469924792173094	0.9468969574082725	0.9405858316008877	0.9538081975634417	0.9337900245870318	0.9587004909221446	1000	0	{}	0.05727851261505633	0.05414773849519437	0.04417111168758428	0.07054386807831844	0.03603845235215556	0.09549540679318917	1000	0	{}	0.00011781144479106447	7.267846407314742e-05	4.454107260068185e-05	0.0001474903997923096	2.4932244278307808e-05	0.0003284878535892704	227	773	"{""fewer than 3 direct-QCD source groups"":680,""fewer than 3 direct-QCD source groups; transferred-QCD effective statistics below 2"":38,""transferred-QCD effective statistics below 2"":7,""zero direct-QCD closure rows; fewer than 3 direct-QCD source groups; fewer than 5 transferred-QCD rows; fewer than 3 transferred-QCD source groups; nonfinite systematics-aware ZA"":1,""zero direct-QCD closure rows; fewer than 3 direct-QCD source groups; nonfinite systematics-aware ZA"":41,""zero direct-QCD closure rows; fewer than 3 direct-QCD source groups; transferred-QCD effective statistics below 2; nonfinite systematics-aware ZA"":6}"	6.803267849772385e-05	4.454107260068185e-05	0.0001474903997923096	227	True	paired_source_member_bootstrap_p16_p84
dense_dnn	0.28	0.914219081401825	2588	19.03869728264355	908	18723.909802283808	60	14	117976.96209359389	4.692667133414105	5	3	62422.22963766758	2.0079311555482127	136700.8718958777	6.296266885933806	0.8899831482854114	2.4904270065012017	0.5579607009130129	318878.80499220965	0.05149220693189416	5.9702303548246027e-05	True	True		0.9459672791381238	0.9459096474303357	0.9396064770311376	0.952809618601145	0.9324994113804284	0.9577109059152183	1000	0	{}	0.0552444777114096	0.05320292019457396	0.043396920865668466	0.06627255990115463	0.03602614326005902	0.08549697729020675	1000	0	{}	8.083300703104556e-05	6.648657100467254e-05	4.120668750771448e-05	0.000114545527411373	2.288883323784566e-05	0.00020528417220942467	232	768	"{""fewer than 3 direct-QCD source groups"":702,""fewer than 3 direct-QCD source groups; transferred-QCD effective statistics below 2"":16,""transferred-QCD effective statistics below 2"":2,""zero direct-QCD closure rows; fewer than 3 direct-QCD source groups; nonfinite systematics-aware ZA"":47,""zero direct-QCD closure rows; fewer than 3 direct-QCD source groups; transferred-QCD effective statistics below 2; nonfinite systematics-aware ZA"":1}"	5.9702303548246027e-05	4.120668750771448e-05	0.000114545527411373	232	True	paired_source_member_bootstrap_p16_p84
dense_dnn	0.29000000000000004	0.9103977680206299	2682	19.84583879727995	966	20153.339044574153	63	14	118803.51561227055	4.757794069419198	6	3	93543.67239069013	3.0079303758922884	138956.8546568447	6.504290174133038	0.2700326230092971	2.4904270065012013	0.5579607009130129	304898.6265083179	0.05323768161458604	6.508694879013812e-05	True	True		0.9438063768489765	0.9438202164396201	0.9371285291583366	0.9504824051128472	0.9305413953812766	0.955680449261029	1000	0	{}	0.05696062440142964	0.05487311396868489	0.045011279701047284	0.06814211046258158	0.037452987881046916	0.08708337755589597	1000	0	{}	8.329166745676069e-05	6.890835824738689e-05	4.517411034256975e-05	0.00011638129767421749	2.892532451419205e-05	0.00020836214245967385	232	768	"{""fewer than 3 direct-QCD source groups"":702,""fewer than 3 direct-QCD source groups; transferred-QCD effective statistics below 2"":16,""transferred-QCD effective statistics below 2"":2,""zero direct-QCD closure rows; fewer than 3 direct-QCD source groups; nonfinite systematics-aware ZA"":47,""zero direct-QCD closure rows; fewer than 3 direct-QCD source groups; transferred-QCD effective statistics below 2; nonfinite systematics-aware ZA"":1}"	6.508694879013812e-05	4.517411034256975e-05	0.00011638129767421749	232	True	paired_source_member_bootstrap_p16_p84
dense_dnn	0.30000000000000004	0.9071364998817444	2774	20.710624597387056	1012	21030.506887277115	65	15	123778.12215906914	5.132459008614818	6	3	93543.67239069013	3.0079303758922884	144808.62904634626	7.019469860149465	0.3232121317848547	2.4904270065012017	0.5579607009130129	318425.39368028124	0.05442339423488424	6.503760305919014e-05	True	True		0.9412992972366129	0.9414305467309925	0.9346222343873215	0.9478901023387696	0.9270025556111584	0.9537301206436777	1000	0	{}	0.057921980882494506	0.05586538220861055	0.04624030259407499	0.06902947439291422	0.03871068991113999	0.08604993211378491	1000	0	{}	8.060407114206373e-05	6.769044052218607e-05	4.473418684491211e-05	0.00011747415070377932	3.011240087807289e-05	0.00018416230203464862	232	768	"{""fewer than 3 direct-QCD source groups"":713,""fewer than 3 direct-QCD source groups; transferred-QCD effective statistics below 2"":5,""transferred-QCD effective statistics below 2"":2,""zero direct-QCD closure rows; fewer than 3 direct-QCD source groups; nonfinite systematics-aware ZA"":47,""zero direct-QCD closure rows; fewer than 3 direct-QCD source groups; transferred-QCD effective statistics below 2; nonfinite systematics-aware ZA"":1}"	6.503760305919014e-05	4.473418684491211e-05	0.00011747415070377932	232	True	paired_source_member_bootstrap_p16_p84
dense_dnn	0.31	0.9034174084663391	2868	21.567212637284417	1075	23019.839635152006	68	15	123926.72490222198	5.144777343378185	6	3	93543.67239069013	3.0079303758922884	146946.56453737398	7.227727053735592	0.32480072392962517	2.4904270065012013	0.5579607009130129	318832.47586217994	0.05626051180191855	6.764101645603541e-05	True	True		0.9392205266450813	0.9393308859990944	0.9325300720092385	0.9459314634484577	0.9249139368721958	0.9518498233367298	1000	0	{}	0.059747095692154785	0.05789063607397537	0.0480378650314834	0.07090835746867204	0.040179783609353	0.0884663623256644	1000	0	{}	8.379097620173845e-05	7.054518536549575e-05	4.676074838840638e-05	0.00012181230784505532	3.1241416395623224e-05	0.00019060676500256903	232	768	"{""fewer than 3 direct-QCD source groups"":713,""fewer than 3 direct-QCD source groups; transferred-QCD effective statistics below 2"":5,""transferred-QCD effective statistics below 2"":2,""zero direct-QCD closure rows; fewer than 3 direct-QCD source groups; nonfinite systematics-aware ZA"":47,""zero direct-QCD closure rows; fewer than 3 direct-QCD source groups; transferred-QCD effective statistics below 2; nonfinite systematics-aware ZA"":1}"	6.764101645603541e-05	4.676074838840638e-05	0.00012181230784505532	232	True	paired_source_member_bootstrap_p16_p84
dense_dnn	0.32	0.9001801609992981	2963	22.42579178191819	1139	23967.22506465632	70	15	124025.7933976572	5.152997752335032	6	3	93543.67239069013	3.0079303758922884	147993.0184623135	7.330796425752664	0.32585978535947213	2.490427006501202	0.5579607009130129	319103.96353015036	0.05829297277957583	7.027375915066737e-05	True	True		0.9375648174589744	0.9375834999879367	0.9308042244114254	0.9444031339971777	0.9235499467263015	0.9501441842901585	1000	0	{}	0.061840685767542626	0.05981329201522507	0.04973842879092123	0.0734057541731326	0.041777021250527645	0.0907957052626047	1000	0	{}	8.700569191858266e-05	7.313066791208824e-05	4.831902291090915e-05	0.00012586771367754582	3.240087072765612e-05	0.0001983510045881455	232	768	"{""fewer than 3 direct-QCD source groups"":713,""fewer than 3 direct-QCD source groups; transferred-QCD effective statistics below 2"":5,""transferred-QCD effective statistics below 2"":2,""zero direct-QCD closure rows; fewer than 3 direct-QCD source groups; nonfinite systematics-aware ZA"":47,""zero direct-QCD closure rows; fewer than 3 direct-QCD source groups; transferred-QCD effective statistics below 2; nonfinite systematics-aware ZA"":1}"	7.027375915066737e-05	4.831902291090915e-05	0.00012586771367754582	232	True	paired_source_member_bootstrap_p16_p84
dense_dnn	0.33	0.8963210582733154	3057	23.332058804561637	1205	24988.196026945356	71	16	134650.58379304624	5.852373098895954	6	3	93543.67239069013	3.0079303758922884	159638.7798199916	8.21909797401863	0.4394408552902532	2.4904270065012013	0.5579607009130129	348707.4503846699	0.058394680144567744	6.690687357358684e-05	True	True		0.9352903050612685	0.9354525408172332	0.9286195838514295	0.9420350171414419	0.9216485439903197	0.9477594773401663	1000	0	{}	0.061275668339277604	0.05961826539653256	0.05045095025607401	0.07181465734825343	0.04247483036544637	0.08729009299775957	1000	0	{}	7.944519786343563e-05	7.001804151867566e-05	4.84754327931432e-05	0.00011333225241890256	3.1521073999561224e-05	0.00018577761934408115	233	767	"{""fewer than 3 direct-QCD source groups"":715,""fewer than 3 direct-QCD source groups; transferred-QCD effective statistics below 2"":3,""transferred-QCD effective statistics below 2"":1,""zero direct-QCD closure rows; fewer than 3 direct-QCD source groups; nonfinite systematics-aware ZA"":47,""zero direct-QCD closure rows; fewer than 3 direct-QCD source groups; transferred-QCD effective statistics below 2; nonfinite systematics-aware ZA"":1}"	6.690687357358684e-05	4.84754327931432e-05	0.00011333225241890256	233	True	paired_source_member_bootstrap_p16_p84
dense_dnn	0.33999999999999997	0.8930744528770447	3150	24.12409988688464	1269	26095.409669443554	72	16	135378.43165716893	5.914802162102639	6	3	93543.67239069013	3.0079303758922884	161473.84132661248	8.407394775984747	0.44722169011874685	2.4904270065012013	0.5579607009130129	350772.6499372928	0.06003288520342838	6.877065251432569e-05	True	True		0.9340877177983419	0.9342734719451576	0.927446123060005	0.9408751101899192	0.9204095923554271	0.9466127244162714	1000	0	{}	0.06291540694128928	0.06131036501642169	0.05195076537670487	0.07390109314632422	0.043833000574247605	0.08945186216805978	1000	0	{}	8.141803386612801e-05	7.159624478364998e-05	5.009915243159091e-05	0.00011667639776662307	3.249718930219919e-05	0.00018603146689593348	234	766	"{""fewer than 3 direct-QCD source groups"":716,""fewer than 3 direct-QCD source groups; transferred-QCD effective statistics below 2"":2,""zero direct-QCD closure rows; fewer than 3 direct-QCD source groups; nonfinite systematics-aware ZA"":47,""zero direct-QCD closure rows; fewer than 3 direct-QCD source groups; transferred-QCD effective statistics below 2; nonfinite systematics-aware ZA"":1}"	6.877065251432569e-05	5.009915243159091e-05	0.00011667639776662307	234	True	paired_source_member_bootstrap_p16_p84
dense_dnn	0.35	0.8892897367477417	3244	24.956005654541883	1346	27585.325551164453	75	16	136158.0738014546	5.982093650496758	6	3	93543.67239069013	3.0079303758922884	163743.39935261905	8.643476395296469	0.4555562158473226	2.4904270065012013	0.5579607009130129	352990.3849496421	0.061671163653866184	7.069515090456827e-05	True	True		0.9305259981808235	0.9307917089863171	0.9237070971257261	0.9374290569166679	0.9166378386480616	0.9433634893109227	1000	0	{}	0.06452606898693193	0.06296111850862987	0.05348226067077112	0.0755974271590889	0.045061262227609485	0.09075608940715447	1000	0	{}	8.317256276108056e-05	7.399343399145002e-05	5.1203693755981486e-05	0.00011873302605135648	3.3128180253793776e-05	0.00018815203219294156	234	766	"{""fewer than 3 direct-QCD source groups"":716,""fewer than 3 direct-QCD source groups; transferred-QCD effective statistics below 2"":2,""zero direct-QCD closure rows; fewer than 3 direct-QCD source groups; nonfinite systematics-aware ZA"":47,""zero direct-QCD closure rows; fewer than 3 direct-QCD source groups; transferred-QCD effective statistics below 2; nonfinite systematics-aware ZA"":1}"	7.069515090456827e-05	5.1203693755981486e-05	0.00011873302605135648	234	True	paired_source_member_bootstrap_p16_p84
dense_dnn	0.36	0.8851767778396606	3338	25.86262628203917	1442	29433.833956847393	76	16	136207.6080491722	5.986442268685804	7	4	275436.5156257495	2.1077128391042548	165641.4420060196	8.844387839605035	0.5054845660542523	2.4904270065012013	0.5579607009130129	354377.0553775842	0.0635443324977465	7.29766327245072e-05	True	True		0.9238630693874595	0.9239616101122599	0.9166499177042666	0.9311480364715996	0.9085950278431435	0.9380704512858025	1000	0	{}	0.06641367927026161	0.0649314921451484	0.055229829361056935	0.0775833560246635	0.04646924179019179	0.09249795113498839	1000	0	{}	9.261471984377876e-05	7.640547317049566e-05	5.2478463052261805e-05	0.0001180743333403785	3.903353540202156e-05	0.0001932619651087845	522	478	"{""fewer than 3 direct-QCD source groups"":460,""fewer than 3 direct-QCD source groups; transferred-QCD effective statistics below 2"":2,""zero direct-QCD closure rows; fewer than 3 direct-QCD source groups; nonfinite systematics-aware ZA"":15,""zero direct-QCD closure rows; fewer than 3 direct-QCD source groups; transferred-QCD effective statistics below 2; nonfinite systematics-aware ZA"":1}"	7.29766327245072e-05	5.2478463052261805e-05	0.0001180743333403785	522	True	paired_source_member_bootstrap_p16_p84
dense_dnn	0.37	0.8810817003250122	3432	26.719594537884745	1524	31448.846520369374	77	17	146746.68894664876	6.708260016623379	7	4	275436.5156257495	2.1077128391042548	178195.53546701814	9.8813745233471	0.46722137181679485	2.4904270065012017	0.5579607009130129	380745.94650528184	0.06329517445501469	7.01732536928855e-05	True	True		0.9166234908848045	0.9167030927635198	0.9088263635043559	0.9242600552607914	0.9015061048600369	0.9316116025815535	1000	0	{}	0.06585274252617247	0.06481023619384814	0.05549422741821139	0.07638420111238448	0.0469584291579151	0.08840488007939513	1000	0	{}	8.8107329881495e-05	7.294977917610522e-05	5.0630851637187314e-05	0.00011060123782275267	3.872251009191106e-05	0.00017098012855168044	522	478	"{""fewer than 3 direct-QCD source groups"":462,""zero direct-QCD closure rows; fewer than 3 direct-QCD source groups; nonfinite systematics-aware ZA"":16}"	7.01732536928855e-05	5.0630851637187314e-05	0.00011060123782275267	522	True	paired_source_member_bootstrap_p16_p84
dense_dnn	0.38	0.8775055408477783	3525	27.39973095951638	1594	33402.636161705	80	18	157480.10338714096	7.460239922180326	7	4	275436.5156257495	2.1077128391042548	190882.73954884597	10.948967519285306	0.42825263008657244	2.490427006501202	0.5579607009130129	407534.2621393393	0.06271227838994592	6.722961100771425e-05	True	True		0.9131295040404067	0.9132034091222581	0.9053674026312626	0.9208110857234642	0.8982215992536677	0.9280612128449381	1000	0	{}	0.06500090583273734	0.06361012379965762	0.055514929302687276	0.07465191998473639	0.04743108990995642	0.08815932196381294	1000	0	{}	7.658803347741007e-05	7.036426321079513e-05	5.032304184116787e-05	0.00010218603523638839	3.702043468807718e-05	0.00015545472166055707	521	479	"{""fewer than 3 direct-QCD source groups"":462,""transferred-QCD effective statistics below 2"":1,""zero direct-QCD closure rows; fewer than 3 direct-QCD source groups; nonfinite systematics-aware ZA"":16}"	6.722961100771425e-05	5.032304184116787e-05	0.00010218603523638839	521	True	paired_source_member_bootstrap_p16_p84
dense_dnn	0.39	0.873550534248352	3620	28.308040673633517	1687	35056.42022556386	83	20	190470.06474378356	9.381983902561778	8	5	275477.31618769484	2.1083372211599083	225526.48496934742	13.140771140977595	0.3085816742384411	2.490427006501202	0.5579607009130129	489651.4340832501	0.05960764313839344	5.78103005314913e-05	True	True		0.9089842029691024	0.9091038535823885	0.9008320954819182	0.9168941995578691	0.8941888221326301	0.9243972506553277	1000	0	{}	0.06137932162202314	0.060349902017223164	0.05285915626849	0.07009760760807318	0.04652325466400925	0.08131533687404646	1000	0	{}	6.289195950091677e-05	5.831494091055546e-05	4.160615653189085e-05	8.280809036911522e-05	2.6825302673243133e-05	0.00012530977273615972	731	269	"{""fewer than 3 direct-QCD source groups"":262,""zero direct-QCD closure rows; fewer than 3 direct-QCD source groups; nonfinite systematics-aware ZA"":7}"	5.78103005314913e-05	4.160615653189085e-05	8.280809036911522e-05	731	True	paired_source_member_bootstrap_p16_p84
dense_dnn	0.4	0.8693240284919739	3713	29.07560999881292	1780	36574.47138007906	87	21	195502.03723002033	9.836862678718258	8	5	275477.31618769484	2.1083372211599083	232076.50861009938	13.84795938972484	0.29031529733353373	2.4904270065012017	0.5579607009130129	502171.24531250313	0.060353738347161824	5.789748640426416e-05	True	True		0.905794667577349	0.9058748054706334	0.8977745610162674	0.9138214200613541	0.8905358688688265	0.9209587850680412	1000	0	{}	0.062037333930400694	0.06101602975730944	0.053743256041800386	0.07038222051314255	0.047506161995310575	0.08124148593570998	1000	0	{}	6.212101201843523e-05	5.7880152397866226e-05	4.148387964885267e-05	8.125662006221142e-05	2.716764336815301e-05	0.00011902649614586804	731	269	"{""fewer than 3 direct-QCD source groups"":262,""zero direct-QCD closure rows; fewer than 3 direct-QCD source groups; nonfinite systematics-aware ZA"":7}"	5.789748640426416e-05	4.148387964885267e-05	8.125662006221142e-05	731	True	paired_source_member_bootstrap_p16_p84
dense_dnn	0.41000000000000003	0.8645567893981934	3807	29.994414596850834	1871	38299.084483221464	88	22	206117.34359072073	10.625934585907544	8	5	275477.31618769484	2.1083372211599083	244416.4280739422	14.926602692972578	0.2517810669743715	2.4904270065012017	0.5579607009130129	528599.190798863	0.06066892663632903	5.6740941680252116e-05	True	True		0.9037697108220915	0.9037769573100906	0.8955299497839236	0.9118345552965097	0.8881243368318473	0.9192981897731439	1000	0	{}	0.06228816768892069	0.06150901464824645	0.05398226559420003	0.07033311283814571	0.04798205671029582	0.08081955914015625	1000	0	{}	6.0236762453333275e-05	5.676477618219966e-05	4.068023800156129e-05	7.75205276235864e-05	2.536201852761372e-05	0.00011494089876108417	731	269	"{""fewer than 3 direct-QCD source groups"":262,""zero direct-QCD closure rows; fewer than 3 direct-QCD source groups; nonfinite systematics-aware ZA"":7}"	5.6740941680252116e-05	4.068023800156129e-05	7.75205276235864e-05	731	True	paired_source_member_bootstrap_p16_p84
dense_dnn	0.42000000000000004	0.8604232668876648	3902	30.889604834959684	1952	39501.06267724499	90	22	210372.2881670562	11.019296513516005	8	5	275477.31618769484	2.1083372211599083	249873.35084430117	15.529909076795416	0.23633535029896882	2.4904270065012017	0.5579607009130129	539201.9125415568	0.06179359106221549	5.728495120131429e-05	True	True		0.8967631928835869	0.8968948776437262	0.8881353006952809	0.9054474500924022	0.8798941531561291	0.9127324853824386	1000	0	{}	0.0633881086780795	0.06261656053187267	0.05504767470107315	0.07141822996937817	0.04923914712059557	0.08209226278154419	1000	0	{}	6.031852517935241e-05	5.705164805917099e-05	4.106499365775547e-05	7.711543117879885e-05	2.6095149154988836e-05	0.00011392323255960126	731	269	"{""fewer than 3 direct-QCD source groups"":262,""zero direct-QCD closure rows; fewer than 3 direct-QCD source groups; nonfinite systematics-aware ZA"":7}"	5.728495120131429e-05	4.106499365775547e-05	7.711543117879885e-05	731	True	paired_source_member_bootstrap_p16_p84
dense_dnn	0.43000000000000005	0.8569247722625732	3996	31.833296394550143	2021	40908.522754106314	91	23	226941.68502634796	12.002963817141744	8	5	275477.31618769484	2.1083372211599083	267850.20778045425	16.703606869416276	0.17618739659957128	2.4904270065012013	0.5579607009130129	580571.1596702692	0.06150735011798926	5.482884425327043e-05	True	True		0.8941381689820967	0.8944262830187253	0.8853346432249188	0.9026876538846363	0.8770734219216964	0.9104845541609388	1000	0	{}	0.06293952815495585	0.06230917383264907	0.05506378133657228	0.07009786144682278	0.049242939922316105	0.08022679484348884	1000	0	{}	5.68574904153769e-05	5.492171452790705e-05	4.046290889059149e-05	7.224156732238222e-05	2.336676879009935e-05	0.00010444391895124712	731	269	"{""fewer than 3 direct-QCD source groups"":262,""zero direct-QCD closure rows; fewer than 3 direct-QCD source groups; nonfinite systematics-aware ZA"":7}"	5.482884425327043e-05	4.046290889059149e-05	7.224156732238222e-05	731	True	paired_source_member_bootstrap_p16_p84
dense_dnn	0.44000000000000006	0.8519754409790039	4088	32.649040131320696	2153	44960.15341814269	93	25	259800.11977173726	13.97244522087913	9	6	986349.1067775625	1.7972022242611674	304760.27318987995	19.20808906173637	0.7366042935644628	2.4904270065012017	0.5579607009130129	690116.9859858983	0.05914029500369853	4.730810103605415e-05	True	True		0.8762473069345392	0.8768584114739129	0.8647889020960198	0.8879018266431286	0.8522687199243147	0.8960272551895824	1000	0	{}	0.06035977225891399	0.05991783380603173	0.05361061254493644	0.06699594011827839	0.04848113504471522	0.0762797133315304	1000	0	{}	5.0596085930807576e-05	4.8669137030975974e-05	3.759237076213099e-05	6.361053864609062e-05	2.8312232309251123e-05	8.652848748008211e-05	857	143	"{""fewer than 3 direct-QCD source groups"":142,""zero direct-QCD closure rows; fewer than 3 direct-QCD source groups; nonfinite systematics-aware ZA"":1}"	4.730810103605415e-05	3.759237076213099e-05	6.361053864609062e-05	857	True	paired_source_member_bootstrap_p16_p84
dense_dnn	0.45000000000000007	0.8475052118301392	4182	33.51843410405612	2257	47387.612872150494	93	25	259800.11977173726	13.97244522087913	9	6	986349.1067775625	1.7972022242611674	307187.73264388775	19.51429016813773	0.7366042935644628	2.4904270065012017	0.5579607009130129	690116.9859858983	0.06047472323247042	4.85678164634274e-05	True	True		0.871891398658963	0.8722741453540543	0.8601933559446737	0.8836800939243661	0.8486693671677691	0.8921300786634389	1000	0	{}	0.061693532564126775	0.0612542296090626	0.054953911170536426	0.06847525925238371	0.049497032090907625	0.07757644877706323	1000	0	{}	5.194093936939184e-05	4.986545766853635e-05	3.860691283538724e-05	6.545702629872563e-05	2.9130082165026712e-05	8.890348851199621e-05	857	143	"{""fewer than 3 direct-QCD source groups"":142,""zero direct-QCD closure rows; fewer than 3 direct-QCD source groups; nonfinite systematics-aware ZA"":1}"	4.85678164634274e-05	3.860691283538724e-05	6.545702629872563e-05	857	True	paired_source_member_bootstrap_p16_p84
dense_dnn	0.45999999999999996	0.8436973690986633	4276	34.37535202778136	2355	49597.21462243161	96	26	270581.2093597402	14.806371431636276	9	6	986349.1067775625	1.7972022242611674	320178.4239821718	20.70994887269497	0.725673995646695	2.4904270065012017	0.5579607009130129	717940.703700297	0.060749590128773685	4.787902215328507e-05	True	True		0.8667553748976671	0.8672215515364341	0.8554417820565089	0.8786459664867159	0.8434148484179644	0.8873853703081607	1000	0	{}	0.061914197710417944	0.06141087077594769	0.05532265192262576	0.06840228731789544	0.05016103472346873	0.07753478435415721	1000	0	{}	5.09616488681282e-05	4.920422794618998e-05	3.839718238625917e-05	6.349070373745609e-05	2.8942190538968384e-05	8.70579355406699e-05	857	143	"{""fewer than 3 direct-QCD source groups"":142,""zero direct-QCD closure rows; fewer than 3 direct-QCD source groups; nonfinite systematics-aware ZA"":1}"	4.787902215328507e-05	3.839718238625917e-05	6.349070373745609e-05	857	True	paired_source_member_bootstrap_p16_p84
dense_dnn	0.47	0.838380753993988	4371	35.22142307477051	2471	52085.901778765096	100	27	325736.8696035657	15.225928961015596	10	6	1017470.5495305851	1.9089870954990473	377822.7713823308	20.468382299902686	0.6798562181933955	2.4904270065012013	0.5579607009130129	860324.7414258063	0.057300193293080705	4.0938530397836715e-05	True	True		0.8580116220599547	0.8583208545731269	0.8462016276350842	0.8699750946187732	0.8333771740204563	0.8798444323268559	1000	0	{}	0.05844152837577576	0.057841010255927285	0.05179922669565202	0.06483278414949938	0.04712106278469551	0.07288162133588215	1000	0	{}	4.3498072491190875e-05	4.176013548071843e-05	3.193426212800319e-05	5.4683562269679185e-05	2.3221866878868053e-05	7.41514285640719e-05	857	143	"{""fewer than 3 direct-QCD source groups"":142,""zero direct-QCD closure rows; fewer than 3 direct-QCD source groups; nonfinite systematics-aware ZA"":1}"	4.0938530397836715e-05	3.193426212800319e-05	5.4683562269679185e-05	857	True	paired_source_member_bootstrap_p16_p84
dense_dnn	0.48	0.8338108062744141	4465	36.053250458342504	2588	54399.99353776878	102	27	325835.2124172384	15.23511345959207	10	6	1017470.5495305851	1.9089870954990473	380235.2059550072	20.729867481544286	0.6797595639819117	2.4904270065012017	0.5579607009130129	860576.3749073821	0.05846707935375275	4.189315326789715e-05	True	True		0.8520478609090733	0.8524935829690584	0.839869540434056	0.8643437145661936	0.8262682824909304	0.8743386595109869	1000	0	{}	0.05961923958453185	0.058933758740323	0.052838655209841705	0.06605415120741065	0.04807473504519477	0.07441110222674624	1000	0	{}	4.4506452607214515e-05	4.260320102380674e-05	3.273921999337743e-05	5.590808154481263e-05	2.3720731674345124e-05	7.576296740353765e-05	857	143	"{""fewer than 3 direct-QCD source groups"":142,""zero direct-QCD closure rows; fewer than 3 direct-QCD source groups; nonfinite systematics-aware ZA"":1}"	4.189315326789715e-05	3.273921999337743e-05	5.590808154481263e-05	857	True	paired_source_member_bootstrap_p16_p84
dense_dnn	0.49	0.8290078639984131	4559	36.88499335861036	2709	56451.23583315613	108	30	370282.3906393155	17.97427015134227	10	6	1017470.5495305851	1.9089870954990473	426733.62647247163	23.853973783010396	0.6360755691551495	2.4904270065012013	0.5579607009130129	973929.9003360543	0.05646313920298756	3.787041382701602e-05	True	True		0.8458095035810436	0.846205565291832	0.8332938133534864	0.8579071840921743	0.8191182235265141	0.8682102621821268	1000	0	{}	0.057451381665061974	0.057024043987798714	0.05148480519361365	0.06305571032221131	0.047113388323276745	0.07171909747171241	1000	0	{}	3.960153269859329e-05	3.849898578685722e-05	3.032554319161624e-05	4.8550724673264004e-05	2.0385677603827115e-05	6.80557326261482e-05	857	143	"{""fewer than 3 direct-QCD source groups"":142,""zero direct-QCD closure rows; fewer than 3 direct-QCD source groups; nonfinite systematics-aware ZA"":1}"	3.787041382701602e-05	3.032554319161624e-05	4.8550724673264004e-05	857	True	paired_source_member_bootstrap_p16_p84
dense_dnn	0.5	0.8235315084457397	4652	37.75143822448973	2854	60100.82276320119	110	30	371061.0785668541	18.048684102664886	11	7	1019573.0289062551	1.9168690020812595	431161.9013300553	24.348681768280983	0.6360622848518177	2.4904270065012013	0.5579607009130129	975976.8409418897	0.057491941507571455	3.8678842116655236e-05	True	True		0.8396965123706756	0.8403426131181606	0.8270566458930725	0.8522665402719493	0.8128023694033414	0.8630877296843319	1000	0	{}	0.058485387032638614	0.05803369133060373	0.05249193337693996	0.0641802018992115	0.04791381072274026	0.07298227319027613	1000	0	{}	3.990896197760627e-05	3.896683448163892e-05	3.053306754273266e-05	4.9485821760597555e-05	1.7862460453827783e-05	6.791113820930935e-05	938	62	"{""fewer than 3 direct-QCD source groups"":62}"	3.8678842116655236e-05	3.053306754273266e-05	4.9485821760597555e-05	938	True	paired_source_member_bootstrap_p16_p84
dense_dnn	0.51	0.818849503993988	4745	38.60607312933936	2967	63987.44429560309	114	30	376767.1074648613	18.56157390505814	11	7	1019573.0289062551	1.9168690020812595	440754.5517604644	25.379194773724556	0.6304657961881972	2.4904270065012017	0.5579607009130129	990477.2249971229	0.05815015626443832	3.897518322765683e-05	True	True		0.8329422592328792	0.8337126286850984	0.8204779590766864	0.845557887764616	0.8057425079630424	0.8570696114355077	1000	0	{}	0.05911786415749214	0.058711060902015354	0.053112786698856454	0.06479498771022539	0.048668606336538286	0.07371889351911391	1000	0	{}	4.012546256641841e-05	3.925916443021707e-05	3.082380323492319e-05	4.993117868558341e-05	1.7782628543103754e-05	6.827846566558686e-05	938	62	"{""fewer than 3 direct-QCD source groups"":62}"	3.897518322765683e-05	3.082380323492319e-05	4.993117868558341e-05	938	True	paired_source_member_bootstrap_p16_p84
dense_dnn	0.52	0.8129847049713135	4838	39.44808480510222	3113	67071.21506481554	116	30	376817.5959293259	18.566542945944956	12	8	1474005.8116486738	2.9015087718212373	443888.81099414144	25.740368143985666	0.7443581341732595	2.4904270065012017	0.5579607009130129	1001769.1252350346	0.05920827274288427	3.937835181739364e-05	True	True		0.7903559781307256	0.7931752947006565	0.762850058281261	0.820656824822714	0.7256663025103187	0.8375659830656125	1000	0	{}	0.060186924707894385	0.059804206587291873	0.05412629296343336	0.06589887925012106	0.04974674347234659	0.07479740826165131	1000	0	{}	4.156910105919963e-05	4.0370058350625284e-05	3.231248551947248e-05	5.0385612449810694e-05	2.6118216134810945e-05	6.881961590264683e-05	970	30	"{""fewer than 3 direct-QCD source groups"":30}"	3.937835181739364e-05	3.231248551947248e-05	5.0385612449810694e-05	970	True	paired_source_member_bootstrap_p16_p84
dense_dnn	0.53	0.8077563643455505	4931	40.36413381898788	3217	69050.4261926454	119	32	398037.60955386644	20.124130147257024	12	8	1474005.8116486738	2.9015087718212373	467088.0357465118	27.686259505053293	0.729961980876682	2.490427006501202	0.5579607009130129	1056592.4136644462	0.05905953331538303	3.820015105025451e-05	True	True		0.7869845960592721	0.7896619505008586	0.7594671990220327	0.817483104427355	0.7214007089960108	0.8351471689390042	1000	0	{}	0.059964580350821785	0.059445626829432115	0.054350610225244386	0.06575693412584266	0.04995992858823287	0.07285610184434926	1000	0	{}	4.0065155792890426e-05	3.8899794813344706e-05	3.1460746061654635e-05	4.856657792545181e-05	2.5678402205763127e-05	6.364647213407947e-05	970	30	"{""fewer than 3 direct-QCD source groups"":30}"	3.820015105025451e-05	3.1460746061654635e-05	4.856657792545181e-05	970	True	paired_source_member_bootstrap_p16_p84
dense_dnn	0.54	0.8028885722160339	5025	41.17104971334444	3328	71147.6924116336	122	34	425886.3183646276	21.96324409256417	12	8	1474005.8116486738	2.9015087718212373	497034.0107762612	29.88730479324151	0.7110687658088171	2.4904270065012017	0.5579607009130129	1128330.773767566	0.05839731652399517	3.6487950059274604e-05	True	True		0.7823254409057857	0.7851685493573253	0.7540834637878616	0.8121892598383389	0.7179903377442004	0.8295233540842488	1000	0	{}	0.0591836484841118	0.05878389920045231	0.0539550343340925	0.06453905786653719	0.049820812031801935	0.07128849545450869	1000	0	{}	3.794744681558895e-05	3.715131831643209e-05	3.028396800490937e-05	4.6171021152803666e-05	2.427560403122455e-05	5.76103769367872e-05	970	30	"{""fewer than 3 direct-QCD source groups"":30}"	3.6487950059274604e-05	3.028396800490937e-05	4.6171021152803666e-05	970	True	paired_source_member_bootstrap_p16_p84
dense_dnn	0.55	0.7976037263870239	5119	42.077562036165574	3450	73189.11010840621	125	34	442386.3818382329	22.946197359559868	12	8	1474005.8116486738	2.9015087718212373	515575.49194663914	31.138615507011863	0.6998747370314474	2.4904270065012013	0.5579607009130129	1170726.1810531334	0.05860012323958769	3.594112026824761e-05	True	True		0.7770588079947156	0.7798648366686296	0.7493413451190579	0.8073898920415641	0.7122523098648962	0.824385801068536	1000	0	{}	0.05941407197605787	0.05894015954895823	0.05403644105989497	0.06482843629564781	0.050018920363678804	0.07130354926471288	1000	0	{}	3.7377283478838864e-05	3.67453667815684e-05	2.9888355802287267e-05	4.477099982090249e-05	2.4051120285036103e-05	5.7322365426968685e-05	970	30	"{""fewer than 3 direct-QCD source groups"":30}"	3.594112026824761e-05	2.9888355802287267e-05	4.477099982090249e-05	970	True	paired_source_member_bootstrap_p16_p84
dense_dnn	0.56	0.7922942042350769	5214	42.874737121143845	3563	75588.37900124637	128	35	463607.6852459664	24.55518485371586	13	9	1474338.153658423	2.90281688932762	539196.0642472128	33.18491637726092	0.6855486076273817	2.4904270065012017	0.5579607009130129	1225146.2434193813	0.05838783312251415	3.4993856088620704e-05	True	True		0.7725635734832799	0.7751964201848587	0.7446777956356966	0.8026035801315717	0.7064803401566696	0.8203874836260711	1000	0	{}	0.0591619971924658	0.0588411554602806	0.05387222576058551	0.06434843390936758	0.04970599872135768	0.07042960512320878	1000	0	{}	3.614659985838348e-05	3.5571243113184046e-05	2.8989183439342532e-05	4.361516510122407e-05	2.2654834865659332e-05	5.430641733726084e-05	986	14	"{""fewer than 3 direct-QCD source groups"":14}"	3.4993856088620704e-05	2.8989183439342532e-05	4.361516510122407e-05	986	True	paired_source_member_bootstrap_p16_p84
dense_dnn	0.5700000000000001	0.784923791885376	5309	43.69541325828122	3718	78315.0342928775	131	37	484864.04937339626	26.18577889762584	13	9	1474338.153658423	2.90281688932762	563179.0836662737	35.29558347937153	0.6711310440076081	2.490427006501202	0.5579607009130129	1279523.4021689266	0.05822466211061171	3.4148372849298134e-05	True	True		0.7606751375525644	0.7633948127100153	0.7317916397332834	0.7899457884773098	0.6939953857842789	0.8096726025374686	1000	0	{}	0.05884660845803043	0.058709773155666584	0.05391305650899062	0.06396057276593242	0.04967431676783124	0.06934840597965847	1000	0	{}	3.4964862209550575e-05	3.4463603118622656e-05	2.843674961844313e-05	4.191299302918143e-05	2.2119858249259394e-05	5.153865594533745e-05	986	14	"{""fewer than 3 direct-QCD source groups"":14}"	3.4148372849298134e-05	2.843674961844313e-05	4.191299302918143e-05	986	True	paired_source_member_bootstrap_p16_p84
dense_dnn	0.58	0.7787865996360779	5403	44.639500598223165	3878	81681.56934438893	133	37	496132.2839506939	27.080400592918227	13	9	1474338.153658423	2.90281688932762	577813.8532950828	36.69662319719106	0.6634881334925837	2.4904270065012013	0.5579607009130129	1308300.298618124	0.05872455851624939	3.411943491141952e-05	True	True		0.7562380290629507	0.7585255276741395	0.72733318932151	0.7854938577109825	0.6898567254786692	0.8053405583324154	1000	0	{}	0.0593529633177407	0.05909406647452877	0.05443363028521358	0.06427235006741294	0.050370140903090645	0.06992961642659937	1000	0	{}	3.490988441779797e-05	3.43814164777444e-05	2.8340180106280716e-05	4.171388429119977e-05	2.226647768248939e-05	5.164729723501177e-05	986	14	"{""fewer than 3 direct-QCD source groups"":14}"	3.411943491141952e-05	2.8340180106280716e-05	4.171388429119977e-05	986	True	paired_source_member_bootstrap_p16_p84
dense_dnn	0.59	0.771450936794281	5497	45.496296564726954	4059	85300.59053705426	136	37	512752.1692744503	28.077052255534007	14	9	1474379.3236057316	2.9029790036197394	598052.7598115045	38.15930822379113	0.6522250678200864	2.4904270065012017	0.5579607009130129	1350685.410611319	0.05883026307692956	3.368206985265352e-05	True	True		0.7421640492593006	0.7445926106348837	0.7141151971578071	0.7709229254500792	0.6760020447645381	0.7898844893610341	1000	0	{}	0.05946364879337438	0.05908155480155512	0.054444584739108494	0.06454130880499473	0.05051844555235581	0.07036958778327566	1000	0	{}	3.443746795867733e-05	3.376119571599453e-05	2.784207224337128e-05	4.143136990764288e-05	2.181793611185456e-05	5.155617573529529e-05	986	14	"{""fewer than 3 direct-QCD source groups"":14}"	3.368206985265352e-05	2.784207224337128e-05	4.143136990764288e-05	986	True	paired_source_member_bootstrap_p16_p84
dense_dnn	0.6	0.7636496424674988	5592	46.4670092384882	4236	88660.31195829205	140	38	513576.1674300114	28.165772261957237	14	9	1474379.3236057316	2.9029790036197394	602236.4793883035	38.691485770272195	0.6516661898282641	2.4904270065012017	0.5579607009130129	1352784.9371609339	0.05987638977679651	3.434824025878808e-05	True	True		0.7353299593066559	0.7379640250402415	0.707787117657616	0.7650681193781546	0.6700686841323166	0.783584992588494	1000	0	{}	0.06051220751366782	0.060163614562679726	0.055451183354031146	0.0655178367419559	0.05154066072591826	0.07146940297872754	1000	0	{}	3.5108603459317974e-05	3.4436080550408744e-05	2.8381886334536217e-05	4.216724747049682e-05	2.2186501151192936e-05	5.259635718330399e-05	986	14	"{""fewer than 3 direct-QCD source groups"":14}"	3.434824025878808e-05	2.8381886334536217e-05	4.216724747049682e-05	986	True	paired_source_member_bootstrap_p16_p84
dense_dnn	0.61	0.757210373878479	5684	47.22014020134214	4395	91748.09860958526	143	40	562854.0682020813	27.919391148932636	14	9	1474379.3236057316	2.9029790036197394	654602.1668116665	37.73129945187653	0.618243379305151	2.4904270065012017	0.5579607009130129	1478043.6046940654	0.058362425386162826	3.194677690603958e-05	True	True		0.729332715112562	0.731317951114517	0.7015925858485876	0.7585709808404025	0.6620683835074642	0.7781390625002055	1000	0	{}	0.05896797207132933	0.05870003877587219	0.05396710148163329	0.06383246094179836	0.0498449482724185	0.06907615340895486	1000	0	{}	3.249542255416714e-05	3.215315177815301e-05	2.6245110833084776e-05	3.890070393839331e-05	2.004296977853539e-05	4.7004072761568607e-05	986	14	"{""fewer than 3 direct-QCD source groups"":14}"	3.194677690603958e-05	2.6245110833084776e-05	3.890070393839331e-05	986	True	paired_source_member_bootstrap_p16_p84
dense_dnn	0.62	0.749300479888916	5777	48.08734956096619	4565	94276.71396047885	147	43	613233.6166502356	30.901368027398284	15	9	1505500.7663587541	3.0229156145808496	707510.3306107145	41.09972945754591	0.5926713354431433	2.4904270065012017	0.5579607009130129	1606719.604075396	0.05716885951432648	2.992910055131649e-05	True	True		0.7078752627657041	0.7093580601875044	0.6775549498461225	0.7379599402721547	0.64632515887383	0.759255976851397	1000	0	{}	0.05767011490563752	0.05740182739436116	0.05311067238539731	0.062327041916029835	0.04952567590643816	0.0674578277538038	1000	0	{}	3.0276605262746328e-05	3.004982798296503e-05	2.489020734026348e-05	3.614496402704413e-05	1.8760550057006955e-05	4.2562619592883425e-05	986	14	"{""fewer than 3 direct-QCD source groups"":14}"	2.992910055131649e-05	2.489020734026348e-05	3.614496402704413e-05	986	True	paired_source_member_bootstrap_p16_p84
dense_dnn	0.63	0.7423213124275208	5873	48.92258934102146	4704	97890.61941483092	154	45	649332.6193729942	33.66989089251522	15	9	1505500.7663587541	3.0229156145808496	747223.2387878251	44.55035689773962	0.5686932654684141	2.4904270065012017	0.5579607009130129	1697847.592887006	0.056595188534776415	2.8814988218571683e-05	True	True		0.6999892197147478	0.7011744720627663	0.6695242803953398	0.7301821135950521	0.6357426957442283	0.7503415595960936	1000	0	{}	0.05706507502349044	0.056848533566008094	0.05274259981110717	0.06129393270640411	0.04919511898262116	0.06597856522294589	1000	0	{}	2.9008582365781555e-05	2.8951770986886382e-05	2.4079319661798223e-05	3.426706015752255e-05	1.8104351415336553e-05	4.039179880736046e-05	986	14	"{""fewer than 3 direct-QCD source groups"":14}"	2.8814988218571683e-05	2.4079319661798223e-05	3.426706015752255e-05	986	True	paired_source_member_bootstrap_p16_p84
dense_dnn	0.64	0.7353122234344482	5968	49.85548657593587	4867	101617.24357867331	155	46	665905.5573763557	34.65053518489616	16	10	1959887.6789704787	4.016894560451237	767522.8009550291	45.99442758803494	0.6602327957252361	2.490427006501202	0.5579607009130129	1755448.0705052495	0.056906596858281144	2.8400754481572917e-05	True	True		0.6908479318614675	0.6917733707500314	0.6606941372182595	0.7207798732838159	0.6281035006868375	0.7403895368892407	1000	0	{}	0.057353719750711254	0.057310302068215246	0.05310249582971291	0.06139554810267035	0.04976333936203388	0.06631144352418072	1000	0	{}	2.901175779758017e-05	2.874199718947838e-05	2.420845196649805e-05	3.362841984288208e-05	2.0348908084307347e-05	3.977450868087173e-05	994	6	"{""fewer than 3 direct-QCD source groups"":6}"	2.8400754481572917e-05	2.420845196649805e-05	3.362841984288208e-05	994	True	paired_source_member_bootstrap_p16_p84
dense_dnn	0.65	0.7252568602561951	6061	50.747276944947195	5135	106480.5981970097	162	50	732180.1651351888	39.18807874056305	16	10	1959887.6789704787	4.016894560451237	838660.7633321986	51.37313137896482	0.6264172824843717	2.4904270065012013	0.5579607009130129	1924108.3786259491	0.055413451428446996	2.637150317938296e-05	True	True		0.6802532783866998	0.6814055662809235	0.6509559466247331	0.7096072754719965	0.6184067529309982	0.7306085352569291	1000	0	{}	0.05582963820822798	0.05584909215314632	0.0518525797918337	0.059737411030578946	0.0487414507283604	0.06416395567237364	1000	0	{}	2.6832582576733545e-05	2.6687988790081027e-05	2.2625483629989925e-05	3.08798395502748e-05	1.8934512421924695e-05	3.6980865699205865e-05	994	6	"{""fewer than 3 direct-QCD source groups"":6}"	2.637150317938296e-05	2.2625483629989925e-05	3.08798395502748e-05	994	True	paired_source_member_bootstrap_p16_p84
dense_dnn	0.66	0.7157554626464844	6156	51.60629927494545	5376	110640.00966792756	167	50	777117.1282938763	42.13126416535031	16	10	1959887.6789704787	4.016894560451237	887757.1379618038	54.937466593676625	0.6034889465185612	2.4904270065012013	0.5579607009130129	2038025.1503792303	0.05477109487556613	2.5321133558644745e-05	True	True		0.6415416789851504	0.6418892667118745	0.6212919671751453	0.662386884726202	0.5966964337593692	0.6831781084773965	1000	0	{}	0.05525421712983714	0.05522575369061715	0.05093150366900549	0.05908761466692409	0.047847286400333755	0.06426779184887178	1000	0	{}	2.582677319715601e-05	2.573113939516526e-05	2.1510820675120616e-05	2.9865469255822096e-05	1.7649915679604918e-05	3.575891835354958e-05	994	6	"{""fewer than 3 direct-QCD source groups"":6}"	2.5321133558644745e-05	2.1510820675120616e-05	2.9865469255822096e-05	994	True	paired_source_member_bootstrap_p16_p84
dense_dnn	0.67	0.7086392641067505	6250	52.562408359487335	5521	113620.59280707478	170	50	794415.3587982451	43.19845020050785	16	10	1959887.6789704787	4.016894560451237	908035.9516053199	56.393007649333434	0.5946628129140806	2.490427006501202	0.5579607009130129	2081788.2492724855	0.055159401370575366	2.5246948702586896e-05	True	True		0.6360919205152287	0.6364090648175844	0.6152635391115583	0.6569209885725528	0.5924725674983927	0.6771231480732334	1000	0	{}	0.05563720204103706	0.05564391563713234	0.05141567585181537	0.059406237533677346	0.04814201703631806	0.06408167156085945	1000	0	{}	2.5734754933376796e-05	2.5738977332289e-05	2.1459063971763307e-05	2.9692080010255392e-05	1.7538183609794466e-05	3.5576074443530726e-05	994	6	"{""fewer than 3 direct-QCD source groups"":6}"	2.5246948702586896e-05	2.1459063971763307e-05	2.9692080010255392e-05	994	True	paired_source_member_bootstrap_p16_p84
dense_dnn	0.6799999999999999	0.6979941129684448	6345	53.45862379237207	5770	119029.02113065761	174	51	850080.3341743788	43.32811115926198	16	10	1959887.6789704787	4.016894560451237	969109.3553050364	56.26922170531684	0.5662606876426088	2.490427006501202	0.5579607009130129	2222305.4294052105	0.054303445820449256	2.405629436363174e-05	True	True		0.6234366498256315	0.6236733601009834	0.6026327249058211	0.6445694032572601	0.5790433445021517	0.6626956155933972	1000	0	{}	0.05474531842067663	0.05458477493211326	0.05079560869884718	0.058784288966663885	0.047395103060515795	0.06319961282988096	1000	0	{}	2.4421941761761605e-05	2.4189068943857576e-05	2.0562118919604237e-05	2.859971220224762e-05	1.703345086292299e-05	3.3485281135749645e-05	994	6	"{""fewer than 3 direct-QCD source groups"":6}"	2.405629436363174e-05	2.0562118919604237e-05	2.859971220224762e-05	994	True	paired_source_member_bootstrap_p16_p84
dense_dnn	0.69	0.687657356262207	6439	54.38936582996094	6026	124058.9383865798	179	52	867400.4769217568	44.38250737341857	16	10	1959887.6789704787	4.016894560451237	991459.4153083365	57.941521821163526	0.5574233736815986	2.4904270065012017	0.5579607009130129	2265936.222647647	0.05462262330131107	2.400318709937504e-05	True	True		0.6155229439535393	0.6156642212175325	0.5953459849389013	0.6366926144070622	0.5711398511236431	0.6549455959843864	1000	0	{}	0.05503227632616499	0.05489059564827975	0.05111445579540626	0.05897446999324343	0.047682779456969714	0.06312993735077718	1000	0	{}	2.431463657104966e-05	2.4085152496085008e-05	2.049580624021205e-05	2.831032792721765e-05	1.6907200181528745e-05	3.33505296350073e-05	994	6	"{""fewer than 3 direct-QCD source groups"":6}"	2.400318709937504e-05	2.049580624021205e-05	2.831032792721765e-05	994	True	paired_source_member_bootstrap_p16_p84
dense_dnn	0.7	0.6747829914093018	6532	55.119717454746194	6286	128129.65172545184	184	53	905947.8747229208	47.02574249539469	17	11	1961975.0990707218	4.0254373326747475	1034077.5264483726	61.22126217494026	0.5382470067270386	2.4904270065012013	0.5579607009130129	2362988.6641278644	0.054203405670497404	2.3326233928854318e-05	True	True		0.6012455956153976	0.6016888603024835	0.5804085323667882	0.6216998031807365	0.5565919401554652	0.6403326064594624	1000	0	{}	0.054587136768873175	0.05447565683584598	0.05075006607623522	0.05843621383330092	0.047528337940884645	0.06286084804868239	1000	0	{}	2.3561847883128057e-05	2.3353543908669455e-05	1.9902369822842035e-05	2.743320697437217e-05	1.659437107777622e-05	3.227853025737191e-05	999	1	"{""fewer than 3 direct-QCD source groups"":1}"	2.3326233928854318e-05	1.9902369822842035e-05	2.743320697437217e-05	999	True	paired_source_member_bootstrap_p16_p84
dense_dnn	0.71	0.6615596413612366	6625	55.937065242594656	6583	133872.6794409572	190	53	921625.6493935793	48.30005724948891	18	12	2669118.670891266	4.891957702127732	1055498.3288345365	63.30073386479608	0.654707878130487	2.4904270065012017	0.5579607009130129	2428302.441335186	0.05444613633412575	2.3036406776451218e-05	True	True		0.5815894743761887	0.5822629509542468	0.5611046589207729	0.6022252065047219	0.5385838301135305	0.6213868998121967	1000	0	{}	0.054825674566536246	0.05467350719074647	0.05095672423667977	0.05871060990696739	0.047698066684279505	0.06285050963844911	1000	0	{}	2.3546599914132258e-05	2.332403827804488e-05	1.9966685739815722e-05	2.7163186034883737e-05	1.719562014140658e-05	3.2067043230549453e-05	1000	0	{}	2.3036406776451218e-05	1.9966685739815722e-05	2.7163186034883737e-05	1000	True	paired_source_member_bootstrap_p16_p84
dense_dnn	0.72	0.650952935218811	6718	56.76745990458915	6795	137712.878885605	198	53	981433.1802685758	52.42947659240705	18	12	2669118.670891266	4.891957702127732	1119146.0591541808	68.12213471162258	0.6323006575272061	2.4904270065012013	0.5579607009130129	2580506.9804225606	0.053660214643766926	2.199475119918097e-05	True	True		0.5742036208082208	0.5745981987869935	0.5534350866180411	0.5945621007009134	0.5314437932372236	0.6141132593396332	1000	0	{}	0.05401785057071732	0.053913662086546486	0.05037617936476072	0.057630426552563875	0.04721397944755194	0.061567781625516634	1000	0	{}	2.2447351799014813e-05	2.2150921319822987e-05	1.9141754685885994e-05	2.5849850790751468e-05	1.640915982193622e-05	3.049393086671976e-05	1000	0	{}	2.199475119918097e-05	1.9141754685885994e-05	2.5849850790751468e-05	1000	True	paired_source_member_bootstrap_p16_p84
dense_dnn	0.73	0.6381959915161133	6813	57.63865087047494	7072	143994.62675063405	202	54	996336.3632335564	53.64996048158676	18	12	2669118.670891266	4.891957702127732	1140330.9899841906	70.22091664753889	0.6267170980071627	2.4904270065012017	0.5579607009130129	2618360.0465892507	0.05397525276697215	2.2011237368860658e-05	True	True		0.5567309645033326	0.5571176504974056	0.5367548726028799	0.577979175516169	0.5144926263624312	0.593362608690343	1000	0	{}	0.05432055857077169	0.05415921217989106	0.0507123427954512	0.05791225445817189	0.04743651396484622	0.06199394697034317	1000	0	{}	2.2440997869305752e-05	2.216933107685772e-05	1.9164649085269736e-05	2.5735590620108474e-05	1.656293700050741e-05	3.052915217460891e-05	1000	0	{}	2.2011237368860658e-05	1.9164649085269736e-05	2.5735590620108474e-05	1000	True	paired_source_member_bootstrap_p16_p84
dense_dnn	0.74	0.6244783997535706	6907	58.53316033044096	7363	150160.790689123	207	54	997123.4350144916	53.73321149398958	18	12	2669118.670891266	4.891957702127732	1147284.2257036145	71.07538823790387	0.6264222172326515	2.4904270065012017	0.5579607009130129	2620358.357111219	0.05464655256495187	2.2336611111949064e-05	True	True		0.5469114972536754	0.5469199779800117	0.5270386751526855	0.5682697754948368	0.5045303131372019	0.5834391483091673	1000	0	{}	0.05499435371060685	0.05486683778854286	0.05136100457817493	0.05855723899907924	0.04817100369635243	0.06279771831175794	1000	0	{}	2.277265994926167e-05	2.2477359224038853e-05	1.9441742002600322e-05	2.6094221551499377e-05	1.6786425075740464e-05	3.093236423865322e-05	1000	0	{}	2.2336611111949064e-05	1.9441742002600322e-05	2.6094221551499377e-05	1000	True	paired_source_member_bootstrap_p16_p84
dense_dnn	0.75	0.6104269027709961	7002	59.46601798108469	7616	155144.16558100408	209	54	997859.0933938753	53.81098658675747	18	12	2669118.670891266	4.891957702127732	1153003.2589748793	71.7816863842737	0.6261465987719937	2.4904270065012017	0.5579607009130129	2622226.0613266113	0.055379605458550064	2.267781135795623e-05	True	True		0.5361471664779973	0.5366117613959192	0.5163222135355793	0.5578447080423689	0.4925245108743457	0.5748546783886632	1000	0	{}	0.055729888892104014	0.05555940693637209	0.05204523710649756	0.05932796938764927	0.048872163199998764	0.06358910621288592	1000	0	{}	2.311930897417833e-05	2.2815133536705406e-05	1.9716027227048994e-05	2.648358793361406e-05	1.705245146076365e-05	3.146138585114899e-05	1000	0	{}	2.267781135795623e-05	1.9716027227048994e-05	2.648358793361406e-05	1000	True	paired_source_member_bootstrap_p16_p84
dense_dnn	0.76	0.5981766581535339	7093	60.19301344891752	7842	160731.20180037047	215	55	1061049.8706122385	54.669714340007275	19	12	2671221.150266936	4.899652708948761	1221781.0724126091	72.4282341869456	0.6027847149584723	2.490427006501202	0.5579607009130129	2782479.8776979283	0.05445601078359414	2.163660831147806e-05	True	True		0.5247657809303206	0.5247333402312706	0.5050704373412661	0.5451432962096661	0.48222651134311517	0.5634606407201824	1000	0	{}	0.054783673072010625	0.05469541547607508	0.051192942651060516	0.05827557109357407	0.048191482816604174	0.062439893378766036	1000	0	{}	2.2016789234025766e-05	2.1737209060160502e-05	1.8761491237683695e-05	2.5120655252781843e-05	1.632901823573605e-05	2.9564008986260964e-05	1000	0	{}	2.163660831147806e-05	1.8761491237683695e-05	2.5120655252781843e-05	1000	True	paired_source_member_bootstrap_p16_p84
dense_dnn	0.77	0.5840554237365723	7186	60.997801396404725	8096	165709.98111256133	221	56	1105033.38664796	54.36904688911961	19	12	2671221.150266936	4.899652708948761	1270743.3677605214	71.84250505096759	0.586319018723877	2.4904270065012013	0.5579607009130129	2893693.3544252086	0.05411052919552507	2.1080958217571057e-05	True	True		0.5141028948715133	0.5139294128761751	0.4943146650784595	0.5352106983319874	0.4722228953372839	0.5521697251233086	1000	0	{}	0.05448444814853284	0.054365343925699056	0.050947806844282996	0.057907559776545964	0.04772276818276606	0.062128984396829644	1000	0	{}	2.1475977535103204e-05	2.1236592103310302e-05	1.8340434218937655e-05	2.4593075372347266e-05	1.5904890647801474e-05	2.8737505470231934e-05	1000	0	{}	2.1080958217571057e-05	1.8340434218937655e-05	2.4593075372347266e-05	1000	True	paired_source_member_bootstrap_p16_p84
dense_dnn	0.78	0.5687210559844971	7280	61.755083649799474	8409	172183.543020501	229	58	1184792.6216968487	56.566031443042284	21	13	3157064.018432535	5.989798718619375	1356976.1647173497	74.14816202164643	0.6247169475248425	2.4904270065012013	0.5579607009130129	3113056.554348912	0.05301311340339295	1.984221014327359e-05	True	True		0.4910795622777272	0.4917013378331109	0.4706305938153083	0.5122803277049672	0.4495088228544251	0.5300542309854701	1000	0	{}	0.053332244796715875	0.05314741004228375	0.04987031754041928	0.056641808232898216	0.047012176550658716	0.06095478465575023	1000	0	{}	2.026404916957246e-05	1.9995239257717968e-05	1.726184466277097e-05	2.311005061014973e-05	1.5255581122797107e-05	2.7470380095048338e-05	1000	0	{}	1.984221014327359e-05	1.726184466277097e-05	2.311005061014973e-05	1000	True	paired_source_member_bootstrap_p16_p84
dense_dnn	0.79	0.5487208962440491	7375	62.713559982920835	8748	177276.51040819904	236	59	1230013.9683133382	59.38243263427289	21	13	3157064.018432535	5.989798718619375	1407290.4787215372	77.67645566846434	0.6103930863828243	2.4904270065012017	0.5579607009130129	3227732.5574906915	0.0528647708807896	1.9436868246542332e-05	True	True		0.4789198452882208	0.4798974888496723	0.45858488469061826	0.49999831690071456	0.43690318916963566	0.5180001229131934	1000	0	{}	0.05319256814566517	0.052977772794892124	0.04976537281457391	0.056530650319619416	0.04701294041776961	0.060751318639922496	1000	0	{}	1.984783772171561e-05	1.9557835825533374e-05	1.701633140201375e-05	2.2612512520430104e-05	1.4884858442925236e-05	2.6819486133170633e-05	1000	0	{}	1.9436868246542332e-05	1.701633140201375e-05	2.2612512520430104e-05	1000	True	paired_source_member_bootstrap_p16_p84
dense_dnn	0.8	0.5318299531936646	7469	63.507997170807506	9051	184004.76472537918	246	59	1277068.1170138295	62.698900142988414	21	13	3157064.018432535	5.989798718619375	1461072.8817392087	82.0076514288911	0.5954886851968599	2.4904270065012013	0.5579607009130129	3346833.149476138	0.052539910728597525	1.8972336423299186e-05	True	True		0.4477187955274949	0.44761783521178233	0.4227485165115501	0.4717177872222801	0.4008309115635767	0.4936315586269385	1000	0	{}	0.052869267472865585	0.052654444035483236	0.04946832300593379	0.056099502001160234	0.046856737140860534	0.06012208556007294	1000	0	{}	1.9379210993889944e-05	1.9063796408227842e-05	1.6616607275358375e-05	2.211868072080121e-05	1.45131106108811e-05	2.60816478065443e-05	1000	0	{}	1.8972336423299186e-05	1.6616607275358375e-05	2.211868072080121e-05	1000	True	paired_source_member_bootstrap_p16_p84
dense_dnn	0.8099999999999999	0.5141143202781677	7562	64.25048016428956	9369	191124.04089058394	254	62	1325036.5783707334	66.31034459140251	22	13	3157105.1883798437	5.98995493444068	1516160.6192613174	86.75374964421388	0.5803001486147148	2.4904270065012017	0.5579607009130129	3468027.2963382057	0.052179595041533265	1.8527254661503674e-05	True	True		0.4339832062924178	0.4337602565851211	0.41083089908285264	0.45803069764595583	0.386018369435838	0.4789613058266291	1000	0	{}	0.05248948917379975	0.05234287580228238	0.049181580289598514	0.05565369118047621	0.04688990041001705	0.05952918869189636	1000	0	{}	1.889275227301948e-05	1.8623065892364042e-05	1.6291576475819124e-05	2.154734528476324e-05	1.4427402462967122e-05	2.5226785087676563e-05	1000	0	{}	1.8527254661503674e-05	1.6291576475819124e-05	2.154734528476324e-05	1000	True	paired_source_member_bootstrap_p16_p84
dense_dnn	0.82	0.49754825234413147	7654	64.95445595389207	9644	195746.4800563108	263	62	1338701.670947148	67.3910521099542	22	13	3157105.1883798437	5.98995493444068	1534448.1510034588	88.47172747917189	0.5759717871059785	2.4904270065012017	0.5579607009130129	3502512.883136794	0.05243602676700518	1.854063430952698e-05	True	True		0.4252540507038262	0.4250684222786968	0.401623628290018	0.449459800387524	0.3782589906809646	0.46888113351488553	1000	0	{}	0.05273234947426364	0.05254462237210554	0.04947189706558115	0.055845433702421225	0.047086272445659515	0.059937515407305755	1000	0	{}	1.8894991384135527e-05	1.8627007557212404e-05	1.6348724606891802e-05	2.1546510865133603e-05	1.4565627869492421e-05	2.4884951178533782e-05	1000	0	{}	1.854063430952698e-05	1.6348724606891802e-05	2.1546510865133603e-05	1000	True	paired_source_member_bootstrap_p16_p84
dense_dnn	0.83	0.47306498885154724	7748	65.72424266090728	10064	203683.97690782268	271	62	1381184.5974735774	70.54521430806135	24	15	3791049.864454401	7.557845962825398	1584868.5743814001	92.81292659029376	0.6356722684067481	2.490427006501201	0.5579607009130129	3632706.134806396	0.052206666287961265	1.8095730799913645e-05	True	True		0.4014780771765243	0.4011298927667396	0.3783037299719735	0.42437992471528113	0.35402031674818185	0.44581983801650593	1000	0	{}	0.05249986614963064	0.05229617080940306	0.04921688548543812	0.05567127601910103	0.04700715893143632	0.059388224260034136	1000	0	{}	1.847047942058064e-05	1.821847514073367e-05	1.6004771859494608e-05	2.0982711917306312e-05	1.4296931211822688e-05	2.4262448949410934e-05	1000	0	{}	1.8095730799913645e-05	1.6004771859494608e-05	2.0982711917306312e-05	1000	True	paired_source_member_bootstrap_p16_p84
dense_dnn	0.84	0.45054271817207336	7841	66.45483321257204	10415	209684.81893592345	281	63	1432311.4755011806	74.35063101732761	25	16	4245976.969046138	8.550036435509623	1641996.2944371041	97.63580942483604	0.6626662165285012	2.490427006501202	0.5579607009130129	3776707.7882312285	0.05186060233635376	1.7583446663317966e-05	True	True		0.3675905228619318	0.367366290967434	0.34359603895215163	0.39011183765681845	0.32732302239393984	0.4153430257602053	1000	0	{}	0.05213096135941738	0.051967433911661184	0.04904520021372575	0.055211700003175095	0.04672810847511191	0.05888006414408954	1000	0	{}	1.7959687028953488e-05	1.7704731149793397e-05	1.5593867423606598e-05	2.0381755325038237e-05	1.4065349082614501e-05	2.347342930354521e-05	1000	0	{}	1.7583446663317966e-05	1.5593867423606598e-05	2.0381755325038237e-05	1000	True	paired_source_member_bootstrap_p16_p84
dense_dnn	0.85	0.4233797788619995	7937	67.41524019027257	10838	216682.3243534194	293	66	1535398.62925801	77.80173821562191	26	16	4248079.448421808	8.558488028715797	1752080.9536114295	101.2351212157542	0.6385664044422659	2.490427006501202	0.5579607009130129	4039386.602404319	0.050930532492769694	1.6687084561293106e-05	True	True		0.3496544379173462	0.34928315961736306	0.3262359765667743	0.3711735871746209	0.3088705588522946	0.3963000933688005	1000	0	{}	0.051172604753127265	0.05100600728743571	0.048265833101274254	0.054040290420868324	0.04621617777930377	0.05720456675621261	1000	0	{}	1.7001842710993925e-05	1.675752254495849e-05	1.4870852467113499e-05	1.9125785525314338e-05	1.3438575845314e-05	2.163208501267292e-05	1000	0	{}	1.6687084561293106e-05	1.4870852467113499e-05	1.9125785525314338e-05	1000	True	paired_source_member_bootstrap_p16_p84
dense_dnn	0.86	0.3986799716949463	8030	68.1580258584727	11247	223307.8390065661	306	68	1626210.6270959377	80.76507977398818	27	16	4248411.790431557	8.559826753204712	1849518.4661025037	104.39465225093188	0.6172191615797333	2.4904270065012013	0.5579607009130129	4270004.980332186	0.05011699231558716	1.5958939337768226e-05	True	True		0.33673955547743606	0.33601797433935743	0.3130755382599721	0.3588625942292462	0.2961202098258356	0.38331386938593903	1000	0	{}	0.050352071780895014	0.05017884815252385	0.047538909756097036	0.05312472557093705	0.04549564626438089	0.05607036005872107	1000	0	{}	1.6251300860249695e-05	1.6065372756720957e-05	1.4236158926774688e-05	1.821129792250627e-05	1.2886806306498382e-05	2.0579351806570133e-05	1000	0	{}	1.5958939337768226e-05	1.4236158926774688e-05	1.821129792250627e-05	1000	True	paired_source_member_bootstrap_p16_p84
dense_dnn	0.87	0.37421342730522156	8125	69.00419700873755	11625	231564.3383706609	319	72	1739206.9728386544	88.16712017483522	27	16	4248411.790431557	8.559826753204712	1970771.3112093154	113.12811194458706	0.5906218467908959	2.4904270065012017	0.5579607009130129	4556052.088629528	0.04915354627445737	1.5152851288994297e-05	True	True		0.3226923900838954	0.3218533051394914	0.2991444928356213	0.34441914001760354	0.28164788390623424	0.36847266723329436	1000	0	{}	0.0493557366225851	0.04923918385585015	0.04664891130992063	0.05195675891420371	0.04451588290855362	0.05510678478268051	1000	0	{}	1.5389591448105245e-05	1.5227904454083858e-05	1.355375149446854e-05	1.7178669448701098e-05	1.2299455239550624e-05	1.9535617149703874e-05	1000	0	{}	1.5152851288994297e-05	1.355375149446854e-05	1.7178669448701098e-05	1000	True	paired_source_member_bootstrap_p16_p84
dense_dnn	0.88	0.3484964668750763	8218	69.80952034400129	12033	238293.67919895088	330	74	1834349.6219828727	90.78825935973549	29	16	4702839.503605227	9.55349096136911	2072643.3011818235	115.83048606120293	0.6099484958870809	2.4904270065012013	0.5579607009130129	4813406.105559991	0.04848974860804886	1.4499776939283838e-05	True	True		0.30402933697263834	0.3027478212601087	0.281403882143182	0.32561849331393505	0.26424455550570564	0.34906860604533163	1000	0	{}	0.04867893879343298	0.04853403867020806	0.04617767981056446	0.05125795998425817	0.044018010141276966	0.05409669858784107	1000	0	{}	1.4727506427478866e-05	1.4566619929173953e-05	1.304524492396603e-05	1.6393664480797883e-05	1.1795045492648578e-05	1.8568752080460347e-05	1000	0	{}	1.4499776939283838e-05	1.304524492396603e-05	1.6393664480797883e-05	1000	True	paired_source_member_bootstrap_p16_p84
dense_dnn	0.89	0.3180212676525116	8313	70.68117647363773	12521	246013.5940684692	348	76	2000130.808221649	96.09129774618876	31	17	5159931.0345031135	10.550077440929979	2246144.402290118	121.10842848995225	0.6123725695465122	2.4904270065012017	0.5579607009130129	5249551.634360599	0.047160962001961966	1.345600775534164e-05	True	True		0.27900197815503464	0.27817103914422553	0.25787517249662184	0.2996868126850635	0.23989234220399777	0.32180023360958304	1000	0	{}	0.04737384677598116	0.04729040327452645	0.044918870331469955	0.0498700485181439	0.042637399834531325	0.05260343971117616	1000	0	{}	1.3690014821065297e-05	1.3559828320823614e-05	1.2096494091961217e-05	1.5242391737418851e-05	1.0900782610815182e-05	1.730339935013259e-05	1000	0	{}	1.345600775534164e-05	1.2096494091961217e-05	1.5242391737418851e-05	1000	True	paired_source_member_bootstrap_p16_p84
dense_dnn	0.9	0.29455283284187317	8406	71.44913921534895	12869	251842.3762986142	360	76	2105964.382641305	103.41003952111163	32	17	5191052.477256136	10.673627651967736	2357806.7589399195	129.54196983565942	0.5943087857677627	2.4904270065012017	0.5579607009130129	5518570.970529719	0.046530819718694084	1.2944812319546115e-05	True	True		0.26757287542598623	0.26667038459148723	0.24659723436849157	0.2888427261716087	0.22735146740076528	0.31044615991208324	1000	0	{}	0.04674598147533689	0.04659557744923676	0.04428589698709136	0.04924877048288437	0.041995173138238646	0.05213793199979606	1000	0	{}	1.3163918307145299e-05	1.3038082677489261e-05	1.1696062850585907e-05	1.4653406075210169e-05	1.0521644835754075e-05	1.665386170108238e-05	1000	0	{}	1.2944812319546115e-05	1.1696062850585907e-05	1.4653406075210169e-05	1000	True	paired_source_member_bootstrap_p16_p84
dense_dnn	0.91	0.26826047897338867	8497	72.17564172240496	13289	258861.82799944392	371	77	2205548.0076575987	110.42526844130964	34	17	5193487.298641555	10.683623584958472	2464409.8356570425	137.78264657889198	0.5753242704118103	2.4904270065012017	0.5579607009130129	5770172.56767013	0.045976093503102194	1.2525330787578599e-05	True	True		0.2554271883381993	0.254263004518744	0.23452965157799283	0.2773637644241899	0.2155237768309008	0.2981044122002014	1000	0	{}	0.046173286149884675	0.04602758070201074	0.04376171526420297	0.04862578033734867	0.041704180505324866	0.05130997616806613	1000	0	{}	1.270453007137873e-05	1.2557489329884768e-05	1.129635138737536e-05	1.4114689032784816e-05	1.0198287426137542e-05	1.5954071647909058e-05	1000	0	{}	1.2525330787578599e-05	1.129635138737536e-05	1.4114689032784816e-05	1000	True	paired_source_member_bootstrap_p16_p84
dense_dnn	0.92	0.2340082973241806	8591	73.00688415088386	13882	267128.9847051382	389	83	2475546.6045546075	116.00583871353699	35	18	5647162.559369061	11.679505632512885	2742675.5892597456	142.31707397283307	0.5616300082512248	2.490427006501202	0.5579607009130129	6469174.572553844	0.04408335773090424	1.1296561914025438e-05	True	True		0.2355586180352064	0.23458070513902962	0.2143477713829454	0.25604756214158875	0.19582104925787963	0.2790698978837125	1000	0	{}	0.0442378084259854	0.04417568727747037	0.04209450456010484	0.04647079661457353	0.040147779693486416	0.04879333720414903	1000	0	{}	1.1433633282500525e-05	1.1373041102171423e-05	1.0213837912289514e-05	1.2660212554927165e-05	9.25890144563652e-06	1.4111616201462686e-05	1000	0	{}	1.1296561914025438e-05	1.0213837912289514e-05	1.2660212554927165e-05	1000	True	paired_source_member_bootstrap_p16_p84
dense_dnn	0.93	0.20354245603084564	8685	73.78923993503828	14420	275412.1138793855	408	83	2540539.520230382	120.34298197357897	36	19	6099444.620727233	12.675624921532968	2815951.6341097676	147.7699913377144	0.583480189065562	2.4904270065012013	0.5579607009130129	6651167.374215888	0.04397223543776673	1.1086703202590721e-05	True	True		0.21487501272727627	0.21419884120997346	0.19482911708982417	0.23525185814173497	0.1781969354310966	0.257548107623798	1000	0	{}	0.04412683198992566	0.04408661089876835	0.042002858819437223	0.046366855557456864	0.04001331580067496	0.04871719760395702	1000	0	{}	1.1244038044195699e-05	1.1202183952596437e-05	1.002967406034345e-05	1.2425660017906877e-05	9.061878813650632e-06	1.393272111527237e-05	1000	0	{}	1.1086703202590721e-05	1.002967406034345e-05	1.2425660017906877e-05	1000	True	paired_source_member_bootstrap_p16_p84
dense_dnn	0.94	0.17147648334503174	8778	74.54387694607344	15016	283784.84737642214	428	87	2721795.208008671	129.23455233479294	37	19	6130566.063480255	12.80108132227751	3005580.055385093	157.5070203490933	0.5560287288603921	2.4904270065012017	0.5579607009130129	7109418.0547210155	0.04299777976523321	1.0505370230772396e-05	True	True		0.19535168839307898	0.19420099999068352	0.1757504150830597	0.21585952539519568	0.15935854169608624	0.23681292060100556	1000	0	{}	0.04315821932274611	0.04305161160136042	0.04105169559244665	0.04529176441181291	0.039087089525893466	0.047441371187677946	1000	0	{}	1.0627224289881239e-05	1.0503292754509566e-05	9.495837027075043e-06	1.1740168369327504e-05	8.647517618890213e-06	1.3057172282286228e-05	1000	0	{}	1.0505370230772396e-05	9.495837027075043e-06	1.1740168369327504e-05	1000	True	paired_source_member_bootstrap_p16_p84
dense_dnn	0.95	0.13913431763648987	8871	75.34835437374288	15665	294534.5251158881	449	88	2845554.7633621744	134.64764304861225	37	19	6130566.063480255	12.80108132227751	3140089.2884780625	163.88028060763014	0.5358414322760296	2.4904270065012013	0.5579607009130129	7420666.0926536005	0.04252076173952288	1.0151222322655162e-05	True	True		0.17500685628316548	0.17385502431297134	0.15596701621362988	0.1955073480130312	0.13917288430486277	0.2166694809826638	1000	0	{}	0.0426879628835905	0.04263728727723562	0.04070667215642909	0.044655353955493186	0.03876765346881392	0.04708278926668913	1000	0	{}	1.0291212256875345e-05	1.0224781415714947e-05	9.210702093073698e-06	1.1286741709057669e-05	8.416265333449182e-06	1.259762146933323e-05	1000	0	{}	1.0151222322655162e-05	9.210702093073698e-06	1.1286741709057669e-05	1000	True	paired_source_member_bootstrap_p16_p84
dense_dnn	0.96	0.10763503611087799	8966	76.26883983677072	16405	304163.5667982148	472	88	2962316.5487147905	142.533992942269	37	19	6130566.063480255	12.80108132227751	3266480.1155130053	173.21736354453364	0.5167955914607475	2.4904270065012017	0.5579607009130129	7713763.367697456	0.042199318827598406	9.886017432503137e-06	True	True		0.1377571322828999	0.13732273602888245	0.1237029064063174	0.15147758088990101	0.11015616712135921	0.16880904427715185	1000	0	{}	0.04236754086447178	0.042274061472396304	0.04038038637775713	0.044344822411336984	0.03848213813109996	0.04660960347961895	1000	0	{}	1.0021822172923827e-05	9.944333542987363e-06	9.012386524721624e-06	1.097411661752346e-05	8.194121857712158e-06	1.2351702401674392e-05	1000	0	{}	9.886017432503137e-06	9.012386524721624e-06	1.097411661752346e-05	1000	True	paired_source_member_bootstrap_p16_p84
dense_dnn	0.97	0.0746569111943245	9059	76.96189094603106	17254	314133.42335450544	490	88	3119164.936635857	150.27279648555023	38	20	6313597.861884106	13.423691000571614	3433298.3599903625	181.9729232365196	0.5059607841882672	2.4904270065012017	0.5579607009130129	8115551.164046638	0.041535393969567576	9.46835853252436e-06	True	True		0.11268818443298792	0.11188568641043323	0.0993226636534713	0.12590495272343255	0.08812110027014458	0.1389601818080593	1000	0	{}	0.041697131282117265	0.0416086826517445	0.03975149919391249	0.04366869785647878	0.037883754935296776	0.04581020057695632	1000	0	{}	9.609610239172293e-06	9.521329712612236e-06	8.63667212605471e-06	1.053189414997205e-05	7.856528943996456e-06	1.1705039178671323e-05	1000	0	{}	9.46835853252436e-06	8.63667212605471e-06	1.053189414997205e-05	1000	True	paired_source_member_bootstrap_p16_p84
dense_dnn	0.98	0.04615526646375656	9151	77.62809457674886	18129	325403.0251917622	514	92	3357233.3409776296	162.4581988902239	40	20	6313971.0044558	13.425277258859937	3682636.3661693917	195.3814747975039	0.46828496066763475	2.4904270065012017	0.5579607009130129	8711252.412350468	0.04045181214738876	8.897779938009475e-06	True	True		0.08747449135060652	0.08683175371519941	0.07505403619044164	0.09970438747881326	0.06449028101458416	0.11153452411855919	1000	0	{}	0.0405831921725232	0.040488893063960016	0.038695164773971745	0.04244337104932966	0.03705758672887675	0.044670697506370025	1000	0	{}	9.011195623201253e-06	8.94636945449705e-06	8.092906717760574e-06	9.895909027720111e-06	7.40300976485165e-06	1.096545726368752e-05	1000	0	{}	8.897779938009475e-06	8.092906717760574e-06	9.895909027720111e-06	1000	True	paired_source_member_bootstrap_p16_p84
dense_dnn	0.99	0.017029281705617905	9245	78.47221610253575	19352	337956.2466386657	542	94	3615548.3657191005	173.3656694569998	48	22	8672768.843434991	11.114032407249535	3953504.6123577664	207.19337414769024	0.5831148701194827	2.4904270065012017	0.5579607009130129	9465261.016521277	0.03946602220736056	8.331332663595091e-06	True	True		0.048848736113229034	0.04790835271405641	0.03888867563940783	0.058637688438550266	0.03268291093372963	0.06875347638531833	1000	0	{}	0.03957125446294673	0.03951723804280435	0.03780760573641957	0.04133922925039038	0.036233562678177296	0.043302580419240136	1000	0	{}	8.380449189033596e-06	8.312557733093905e-06	7.562553026516557e-06	9.184637328107875e-06	6.955499104805081e-06	1.0113948100779197e-05	1000	0	{}	8.331332663595091e-06	7.562553026516557e-06	9.184637328107875e-06	1000	True	paired_source_member_bootstrap_p16_p84
dense_dnn	1.0	4.078839044296956e-09	9337	79.2373685205979	21310	352460.20394002856	576	96	3798151.5601400835	182.63685259939206	56	24	8859365.004916377	11.540982985874072	4150611.764080112	218.00425813879428	0.5712839963098536	2.4904270065012017	0.5579607009130129	9933391.555980906	0.03889310409811259	7.993519334813336e-06	True	True		1.1143915555007044e-05	1.10850191800127e-05	0.0	2.2634972939306053e-05	0.0	3.50075702174657e-05	1000	0	{}	0.03899029776277308	0.03892776079188332	0.03730778732498998	0.040719967345993174	0.035768521385204276	0.04264121895294722	1000	0	{}	8.057367036083007e-06	7.997171339562494e-06	7.2976603535066495e-06	8.813321492433744e-06	6.742458242308559e-06	9.64591501061546e-06	1000	0	{}	7.993519334813336e-06	7.2976603535066495e-06	8.813321492433744e-06	1000	True	paired_source_member_bootstrap_p16_p84
lbn_dnn	0.1	0.9609036445617676	923	6.3695574618821755	454	9392.722798637802	60	15	42860.79999959754	5.066176782661794	7	6	217633.5572584254	1.3905132599849332	52253.52279823534	7.509632871909202	0.803059782969484	2.490427006501202	0.5579607009130129	114675.28455619255	0.027863947914445655	5.55420029837635e-05	True	True		0.9608593729545624	0.9610546374396618	0.9546962233251904	0.9669344161403726	0.9494830753515182	0.9722654129688124	1000	0	{}	0.029536287107115207	0.02847795340579098	0.023712174299849297	0.035067511859953784	0.02065235313918163	0.04429540242915353	1000	0	{}	7.140903452897226e-05	5.597074533760929e-05	3.599806710112257e-05	9.428170030608087e-05	1.0357417687657329e-05	0.00020141956081056166	856	144	"{""fewer than 3 direct-QCD source groups"":125,""fewer than 3 direct-QCD source groups; transferred-QCD effective statistics below 2"":1,""transferred-QCD effective statistics below 2"":16,""zero direct-QCD closure rows; fewer than 3 direct-QCD source groups; fewer than 5 transferred-QCD rows; transferred-QCD effective statistics below 2; nonfinite systematics-aware ZA"":1,""zero direct-QCD closure rows; fewer than 3 direct-QCD source groups; nonfinite systematics-aware ZA"":1}"	5.55420029837635e-05	3.599806710112257e-05	9.428170030608087e-05	856	True	paired_source_member_bootstrap_p16_p84
lbn_dnn	0.11	0.9578251838684082	1015	7.060491149643988	512	10718.89325860922	64	15	43689.61355071955	5.256226492053319	7	6	217633.5572584254	1.3905132599849332	54408.50680932877	8.126802846451	0.7992514844627521	2.490427006501202	0.5579607009130129	116842.96660056214	0.030268584849637653	6.042452992367511e-05	True	True		0.9551570370434536	0.9553086027120985	0.9483314173030066	0.9622736044999984	0.9405287157569849	0.9680307469911609	1000	0	{}	0.03193284120563413	0.031009121495961335	0.02578456802010816	0.03765787231353798	0.022606289734709396	0.04638904568366075	1000	0	{}	7.667221796430782e-05	6.0952083725160473e-05	3.9429761707738453e-05	0.00010098783842887753	1.0825498177198091e-05	0.00020373125074018392	858	142	"{""fewer than 3 direct-QCD source groups"":125,""fewer than 3 direct-QCD source groups; transferred-QCD effective statistics below 2"":1,""transferred-QCD effective statistics below 2"":14,""zero direct-QCD closure rows; fewer than 3 direct-QCD source groups; fewer than 5 transferred-QCD rows; transferred-QCD effective statistics below 2; nonfinite systematics-aware ZA"":1,""zero direct-QCD closure rows; fewer than 3 direct-QCD source groups; nonfinite systematics-aware ZA"":1}"	6.042452992367511e-05	3.9429761707738453e-05	0.00010098783842887753	858	True	paired_source_member_bootstrap_p16_p84
lbn_dnn	0.12000000000000001	0.9547634720802307	1106	7.625141721562788	585	12684.328291822107	67	15	43796.09180193217	5.281806431692247	7	6	217633.5572584254	1.3905132599849332	56480.42009375428	8.752442648063544	0.798762229714753	2.4904270065012017	0.5579607009130129	117121.32883660289	0.0320840503517959	6.510152300367654e-05	True	True		0.9531206417490606	0.9532669220231371	0.9461726388283062	0.9603889148517363	0.9384386688692499	0.9661617216158435	1000	0	{}	0.03370258817872393	0.0327644461173827	0.02755948342871465	0.03954829649639406	0.024211251775031487	0.04866190969275536	1000	0	{}	8.221458497916778e-05	6.533667938301305e-05	4.2408838760222435e-05	0.00010907491740602671	1.1788094078090727e-05	0.00021849314026146127	859	141	"{""fewer than 3 direct-QCD source groups"":125,""fewer than 3 direct-QCD source groups; transferred-QCD effective statistics below 2"":1,""transferred-QCD effective statistics below 2"":13,""zero direct-QCD closure rows; fewer than 3 direct-QCD source groups; fewer than 5 transferred-QCD rows; transferred-QCD effective statistics below 2; nonfinite systematics-aware ZA"":1,""zero direct-QCD closure rows; fewer than 3 direct-QCD source groups; nonfinite systematics-aware ZA"":1}"	6.510152300367654e-05	4.2408838760222435e-05	0.00010907491740602671	859	True	paired_source_member_bootstrap_p16_p84
lbn_dnn	0.13	0.9522852301597595	1199	8.342520252144924	639	13305.922233425114	68	15	43797.05465762149	5.2820386614544095	7	6	217633.5572584254	1.3905132599849332	57102.97689104661	8.944891562828465	0.7987578055087553	2.4904270065012017	0.5579607009130129	117123.8458696323	0.03491060061234444	7.122455879017794e-05	True	True		0.9520842261279528	0.952208465816613	0.9450965912501689	0.9593081001455868	0.9374429214949226	0.9649354049743789	1000	0	{}	0.03664878500615547	0.03564198702640448	0.029984111611326376	0.0430786212510211	0.02656407232207501	0.05253254599694425	1000	0	{}	9.003391625115876e-05	7.165074719272011e-05	4.6281910083951084e-05	0.00011928174629854392	1.2810773076113153e-05	0.00024141941926066185	859	141	"{""fewer than 3 direct-QCD source groups"":125,""fewer than 3 direct-QCD source groups; transferred-QCD effective statistics below 2"":1,""transferred-QCD effective statistics below 2"":13,""zero direct-QCD closure rows; fewer than 3 direct-QCD source groups; fewer than 5 transferred-QCD rows; transferred-QCD effective statistics below 2; nonfinite systematics-aware ZA"":1,""zero direct-QCD closure rows; fewer than 3 direct-QCD source groups; nonfinite systematics-aware ZA"":1}"	7.122455879017794e-05	4.6281910083951084e-05	0.00011928174629854392	859	True	paired_source_member_bootstrap_p16_p84
lbn_dnn	0.14	0.9494797587394714	1291	8.95921144416233	718	14548.565742996168	71	17	97997.44034541056	4.049466373476736	7	6	217633.5572584254	1.3905132599849332	112546.00608840674	5.337603365826096	0.5497135571374909	2.4904270065012017	0.5579607009130129	255841.49190492742	0.026705393439427016	3.50176116077275e-05	True	True		0.9287471434777921	0.9300458611300005	0.9136821234169945	0.9440169621270607	0.8960169969766149	0.9531818506620932	1000	0	{}	0.0286565071722766	0.027447811995228513	0.022236220954881997	0.03538659217873455	0.01899502612474089	0.046049608307696006	1000	0	{}	4.2794800166626294e-05	3.465509614292512e-05	1.879589901611854e-05	6.400811399869063e-05	2.5215020159701116e-06	0.00012384636411943935	859	141	"{""fewer than 3 direct-QCD source groups"":126,""transferred-QCD effective statistics below 2"":13,""zero direct-QCD closure rows; fewer than 3 direct-QCD source groups; nonfinite systematics-aware ZA"":2}"	3.50176116077275e-05	1.879589901611854e-05	6.400811399869063e-05	859	True	paired_source_member_bootstrap_p16_p84
lbn_dnn	0.15000000000000002	0.947039008140564	1385	9.616621097485123	767	15176.72911872519	73	19	106498.18938767488	4.710706437073293	7	6	217633.5572584254	1.3905132599849332	121674.91850640008	6.144891729921909	0.5106536384863877	2.4904270065012017	0.5579607009130129	277188.29325187404	0.02756869776114559	3.469275407148702e-05	True	True		0.9269129242445996	0.9283384510699046	0.9118681043378145	0.9423213015390758	0.8943915890799098	0.9516057347800694	1000	0	{}	0.02927999724186419	0.028343496976069495	0.02332493039403973	0.03558843379615862	0.019980488508093492	0.044240538245039464	1000	0	{}	3.9570072022182586e-05	3.41609669971079e-05	1.9038357104625763e-05	6.009685252615647e-05	2.597387961572747e-06	9.911459511794417e-05	868	132	"{""fewer than 3 direct-QCD source groups"":126,""transferred-QCD effective statistics below 2"":4,""zero direct-QCD closure rows; fewer than 3 direct-QCD source groups; nonfinite systematics-aware ZA"":2}"	3.469275407148702e-05	1.9038357104625763e-05	6.009685252615647e-05	868	True	paired_source_member_bootstrap_p16_p84
lbn_dnn	0.16	0.9445379972457886	1477	10.282919466438388	834	16270.750897467136	78	20	117905.46404633005	5.513999843704743	7	6	217633.5572584254	1.3905132599849332	134176.21494379718	7.13598228459282	0.4582385844737853	2.4904270065012017	0.5579607009130129	305726.1495404362	0.028071984747351963	3.3633116961185645e-05	True	True		0.9246675613131949	0.926148338780497	0.909501498289258	0.9402258914536079	0.8914388290219077	0.9498092872452922	1000	0	{}	0.029432621737986008	0.028708342084633423	0.02374483767615305	0.0352592141983624	0.020519862751073332	0.0437767814400414	1000	0	{}	3.579164674856199e-05	3.159760878902934e-05	1.840175152781334e-05	5.2943896933697186e-05	2.5566292603116404e-06	9.223601174456072e-05	872	128	"{""fewer than 3 direct-QCD source groups"":126,""zero direct-QCD closure rows; fewer than 3 direct-QCD source groups; nonfinite systematics-aware ZA"":2}"	3.3633116961185645e-05	1.840175152781334e-05	5.2943896933697186e-05	872	True	paired_source_member_bootstrap_p16_p84
lbn_dnn	0.17	0.9421693682670593	1570	10.901616837868556	908	17560.954744930532	79	20	117954.99829404765	5.518628511006678	8	6	217674.72720573383	1.3910393299621822	135515.9530389782	7.278813838857128	0.45811348975499916	2.4904270065012017	0.5579607009130129	305851.9834032565	0.02961350953120639	3.5642424465839744e-05	True	True		0.9215682323185868	0.922768189962279	0.9064149291302934	0.9371456353485054	0.8885332505597986	0.9463712818645419	1000	0	{}	0.03101043008837432	0.030181405681540426	0.02516216057015658	0.037128737212546656	0.021727452959666816	0.04552626111400889	1000	0	{}	3.7938077599412114e-05	3.3599604769343885e-05	1.944414558310642e-05	5.590438023878115e-05	2.690815952122497e-06	9.893810387348659e-05	872	128	"{""fewer than 3 direct-QCD source groups"":126,""zero direct-QCD closure rows; fewer than 3 direct-QCD source groups; nonfinite systematics-aware ZA"":2}"	3.5642424465839744e-05	1.944414558310642e-05	5.590438023878115e-05	872	True	paired_source_member_bootstrap_p16_p84
lbn_dnn	0.18	0.9394046068191528	1662	11.567493807109843	988	18545.79241541178	81	20	118691.96248912973	5.58662472593474	8	6	217674.72720573383	1.3910393299621822	137237.7549045415	7.463099861986107	0.454727868444972	2.4904270065012013	0.5579607009130129	307692.1558488773	0.031224563253589945	3.7593171945565165e-05	True	True		0.9126593625414596	0.9140879742768158	0.8971110485527707	0.9289454096402009	0.8785689088951351	0.9403467949479578	1000	0	{}	0.03265012492756731	0.0317816618436299	0.026659256330342412	0.03873759850884735	0.02298702669347009	0.04749329675294412	1000	0	{}	3.987250902383711e-05	3.5550313969422655e-05	2.0444871376462315e-05	5.860331388899097e-05	2.8085345785937863e-06	0.0001044896174178371	872	128	"{""fewer than 3 direct-QCD source groups"":126,""zero direct-QCD closure rows; fewer than 3 direct-QCD source groups; nonfinite systematics-aware ZA"":2}"	3.7593171945565165e-05	2.0444871376462315e-05	5.860331388899097e-05	872	True	paired_source_member_bootstrap_p16_p84
lbn_dnn	0.19	0.9366824626922607	1754	12.245706280721064	1067	20454.182914968464	84	20	119471.61327235764	5.659060752192751	8	6	217674.72720573383	1.3910393299621822	139925.7961873261	7.756055621392782	0.451146144497336	2.4904270065012017	0.5579607009130129	309638.5162017787	0.03273622603028088	3.954719998832823e-05	True	True		0.8877242879916234	0.8879491488299581	0.8693314529264026	0.906242966943678	0.8484852879986277	0.9235907337075202	1000	0	{}	0.03416280496677474	0.03324449453650114	0.027990525192889318	0.040670509655508016	0.024173570889069743	0.04924539660834392	1000	0	{}	4.1819174128594926e-05	3.7510518687362915e-05	2.144743970780589e-05	6.099746130579826e-05	2.941908173570587e-06	0.00010926619150613485	872	128	"{""fewer than 3 direct-QCD source groups"":126,""zero direct-QCD closure rows; fewer than 3 direct-QCD source groups; nonfinite systematics-aware ZA"":2}"	3.954719998832823e-05	2.144743970780589e-05	6.099746130579826e-05	872	True	paired_source_member_bootstrap_p16_p84
lbn_dnn	0.2	0.9343618154525757	1846	12.96208733577074	1133	22117.870158536927	85	20	119520.784679194	5.663714525790751	9	6	248796.16995875636	1.7669904878961098	141638.65483773092	7.946535209000443	0.5196035988053703	2.4904270065012017	0.5579607009130129	311294.5101686699	0.03444113242670355	4.163780460285667e-05	True	True		0.8843960131054345	0.8848605328007941	0.865353418753152	0.9029932348327969	0.8455633714899842	0.9196596144994447	1000	0	{}	0.03588606909942395	0.034930216295269115	0.029521198743861988	0.0425593985839145	0.02563031765903544	0.05126846027204469	1000	0	{}	4.508867374260849e-05	4.0458605014473265e-05	2.4696952203222997e-05	6.536995256939805e-05	3.124631991938661e-06	0.00011373547468696918	872	128	"{""fewer than 3 direct-QCD source groups"":126,""zero direct-QCD closure rows; fewer than 3 direct-QCD source groups; nonfinite systematics-aware ZA"":2}"	4.163780460285667e-05	2.4696952203222997e-05	6.536995256939805e-05	872	True	paired_source_member_bootstrap_p16_p84
lbn_dnn	0.21000000000000002	0.931573212146759	1938	13.71551110106847	1232	24110.354799736808	87	20	119522.70175163036	5.663896211202337	11	6	249460.85397825533	1.7764332837019716	143633.05655136716	8.171198498381802	0.5208759216303783	2.4904270065012017	0.5579607009130129	311329.8772300995	0.03618910837980474	4.405316551296491e-05	True	True		0.8780846445824505	0.8783244136645416	0.859882625010861	0.896558681182449	0.8387727977290558	0.9129553266312812	1000	0	{}	0.03764889991700832	0.036575077101532696	0.03115145364593454	0.0444893608658221	0.02699603214759403	0.05364391927412607	1000	0	{}	4.787672842676872e-05	4.283726286144268e-05	2.62556885898259e-05	6.923713248715523e-05	3.701753499897204e-06	0.00012008182989930676	872	128	"{""fewer than 3 direct-QCD source groups"":126,""zero direct-QCD closure rows; fewer than 3 direct-QCD source groups; nonfinite systematics-aware ZA"":2}"	4.405316551296491e-05	2.62556885898259e-05	6.923713248715523e-05	872	True	paired_source_member_bootstrap_p16_p84
lbn_dnn	0.22	0.9287294745445251	2033	14.58641964758627	1335	25940.313834294462	89	20	120299.72102258941	5.7365673813702385	12	6	280582.29673127783	2.1868563067246334	146240.03485688387	8.468083181693595	0.5712497815291457	2.4904270065012017	0.5579607009130129	314621.67827501975	0.03814242874595114	4.6360551726010896e-05	True	True		0.8738750420735082	0.8741403228766844	0.8554445144907771	0.8928500870103101	0.8346756166605254	0.9084759695726705	1000	0	{}	0.039622154970885747	0.038638715173984706	0.0327437842541082	0.04662389984116758	0.028498441055990583	0.056032172742368165	1000	0	{}	5.0453542476695285e-05	4.534859309597327e-05	2.7927712469343836e-05	7.236263642045031e-05	3.9661770122816e-06	0.00012274280889882697	872	128	"{""fewer than 3 direct-QCD source groups"":126,""zero direct-QCD closure rows; fewer than 3 direct-QCD source groups; nonfinite systematics-aware ZA"":2}"	4.6360551726010896e-05	2.7927712469343836e-05	7.236263642045031e-05	872	True	paired_source_member_bootstrap_p16_p84
lbn_dnn	0.23	0.9264025092124939	2127	15.355598801940033	1432	28186.82485119426	92	21	132370.93095110124	6.646046811083122	12	6	280582.29673127783	2.1868563067246334	160557.7558022955	9.766774859930837	0.528227787379341	2.490427006501202	0.5579607009130129	344992.560349301	0.03832164909214198	4.450842047719585e-05	True	True		0.8669382413310311	0.8673884582520983	0.8481982165689202	0.8857474633510022	0.8260752533559056	0.9028750063044286	1000	0	{}	0.039588222500263566	0.03871737728034287	0.033355192650663966	0.045661456714431184	0.029140118234053065	0.05585833820137524	1000	0	{}	4.677966552574463e-05	4.351624254419433e-05	2.73197483474302e-05	6.52877761740534e-05	3.54265183378982e-06	0.00010569153823569493	872	128	"{""fewer than 3 direct-QCD source groups"":126,""zero direct-QCD closure rows; fewer than 3 direct-QCD source groups; nonfinite systematics-aware ZA"":2}"	4.450842047719585e-05	2.73197483474302e-05	6.52877761740534e-05	872	True	paired_source_member_bootstrap_p16_p84
lbn_dnn	0.24000000000000002	0.923819363117218	2222	16.17686873331648	1513	29489.67838980962	93	21	132371.8851678483	6.646142627287853	12	6	280582.29673127783	2.1868563067246334	161861.5635576579	9.92554396425259	0.5282243865348895	2.490427006501201	0.5579607009130129	344994.9560426114	0.04020826762829173	4.688835337262317e-05	True	True		0.8639050791606266	0.8644677135500516	0.8452976791446862	0.8829627506248949	0.8228774385102415	0.8988158251734274	1000	0	{}	0.04152145627553948	0.040677391793966185	0.03510992283597415	0.04784612411002567	0.030681063635560408	0.05864766048251473	1000	0	{}	4.929200205492405e-05	4.5871971242834146e-05	2.8745440234061987e-05	6.887300208744647e-05	3.7364467320244755e-06	0.00011155604969314489	872	128	"{""fewer than 3 direct-QCD source groups"":126,""zero direct-QCD closure rows; fewer than 3 direct-QCD source groups; nonfinite systematics-aware ZA"":2}"	4.688835337262317e-05	2.8745440234061987e-05	6.887300208744647e-05	872	True	paired_source_member_bootstrap_p16_p84
lbn_dnn	0.25	0.9209460020065308	2314	16.867652876482378	1607	32103.738271901762	96	22	148969.13994362313	7.6253318985611385	13	6	311703.73948430043	2.6281723070810266	181072.8782155249	11.252989913152682	0.5220809984824508	2.4904270065012013	0.5579607009130129	388067.193986132	0.03963886494690346	4.346459495137922e-05	True	True		0.8585922177509088	0.8591824692797598	0.8401127776911526	0.877887357207072	0.8164916147222107	0.8931674615025403	1000	0	{}	0.04075628834208111	0.03989576563896821	0.03484249074656215	0.04673389336306724	0.030465726198595448	0.055938042236554755	1000	0	{}	4.493689485764019e-05	4.253626559661577e-05	2.7431438332025847e-05	6.278548342537269e-05	3.1070239872778827e-06	0.00010201274079135695	872	128	"{""fewer than 3 direct-QCD source groups"":126,""zero direct-QCD closure rows; fewer than 3 direct-QCD source groups; nonfinite systematics-aware ZA"":2}"	4.346459495137922e-05	2.7431438332025847e-05	6.278548342537269e-05	872	True	paired_source_member_bootstrap_p16_p84
lbn_dnn	0.26	0.9182142615318298	2406	17.62129642365979	1705	34283.7522179054	98	23	165595.50537309426	8.605159314854262	13	6	311703.73948430043	2.6281723070810266	199879.25759099965	12.522786045799764	0.46874071627416325	2.490427006501202	0.5579607009130129	429696.07641781186	0.039413736795355835	4.1007362791883526e-05	True	True		0.8534316446738424	0.8537769342683574	0.8345130903502065	0.8728551231519741	0.81211487680434	0.8881394374404982	1000	0	{}	0.04039416435606212	0.03963514857061562	0.03473035448413452	0.045874424035140714	0.030801209105064738	0.053596905809699516	1000	0	{}	4.134499120888983e-05	3.95233329091258e-05	2.5864378189498203e-05	5.7610617570267026e-05	2.6267954869485964e-06	8.728444068104934e-05	872	128	"{""fewer than 3 direct-QCD source groups"":126,""zero direct-QCD closure rows; fewer than 3 direct-QCD source groups; nonfinite systematics-aware ZA"":2}"	4.1007362791883526e-05	2.5864378189498203e-05	5.7610617570267026e-05	872	True	paired_source_member_bootstrap_p16_p84
lbn_dnn	0.27	0.9159404635429382	2500	18.53977792471315	1777	35461.48327026138	99	23	165645.03962081185	8.610301542873227	13	6	311703.73948430043	2.6281723070810266	201106.52289107323	12.676560715324902	0.46858180176194236	2.4904270065012017	0.5579607009130129	429819.8561897211	0.041341361623216555	4.313238973184519e-05	True	True		0.8470477840149141	0.8473671576885151	0.8280866364098581	0.8667010386337384	0.8056603582630958	0.8833617315728216	1000	0	{}	0.04235353454357692	0.04159176070143858	0.03647737942999857	0.0480205190567672	0.0323594255817129	0.05618861516825518	1000	0	{}	4.348009342112002e-05	4.1496044999072675e-05	2.7224217307013847e-05	6.0565397471894686e-05	2.7574290861512465e-06	9.216177459235501e-05	872	128	"{""fewer than 3 direct-QCD source groups"":126,""zero direct-QCD closure rows; fewer than 3 direct-QCD source groups; nonfinite systematics-aware ZA"":2}"	4.313238973184519e-05	2.7224217307013847e-05	6.0565397471894686e-05	872	True	paired_source_member_bootstrap_p16_p84
lbn_dnn	0.28	0.9131171107292175	2593	19.356818108918638	1881	37261.7372074084	104	25	188426.36419835783	10.39660162948229	14	6	342825.18223732297	3.0980151549363506	225688.1014057662	14.897869542328436	0.4503718689255492	2.4904270065012013	0.5579607009130129	488325.4411411593	0.040744916269922736	3.96379316789921e-05	True	True		0.8424342668208326	0.8429975898461608	0.8233051597698464	0.8621614591883319	0.8013626635976822	0.8785269954416257	1000	0	{}	0.04160454497870394	0.04124591630661441	0.03597394437704836	0.04689793891068329	0.032433752822649174	0.054225535288405236	1000	0	{}	3.903632637503665e-05	3.8939536437465135e-05	2.58968359466485e-05	5.384969169891659e-05	2.4301911767436464e-06	7.605442917228004e-05	872	128	"{""fewer than 3 direct-QCD source groups"":126,""zero direct-QCD closure rows; fewer than 3 direct-QCD source groups; nonfinite systematics-aware ZA"":2}"	3.96379316789921e-05	2.58968359466485e-05	5.384969169891659e-05	872	True	paired_source_member_bootstrap_p16_p84
lbn_dnn	0.29000000000000004	0.9106598496437073	2687	20.201239708771997	1972	38793.667702533625	104	25	188426.36419835783	10.39660162948229	14	6	342825.18223732297	3.0980151549363506	227220.03190089145	15.100143265713825	0.4503718689255492	2.4904270065012013	0.5579607009130129	488325.4411411593	0.04237876328019274	4.136719582478896e-05	True	True		0.8370243285903597	0.8375070498386508	0.818142626467448	0.8570543752595746	0.797473937483839	0.8730757051732846	1000	0	{}	0.04325149580199498	0.04282873857060293	0.0374202879037159	0.048751002861891615	0.03383680204193266	0.056253016840042844	1000	0	{}	4.072777558758297e-05	4.060593608223953e-05	2.699497247281299e-05	5.6174860862056846e-05	2.520010471862507e-06	7.899500508188404e-05	872	128	"{""fewer than 3 direct-QCD source groups"":126,""zero direct-QCD closure rows; fewer than 3 direct-QCD source groups; nonfinite systematics-aware ZA"":2}"	4.136719582478896e-05	2.699497247281299e-05	5.6174860862056846e-05	872	True	paired_source_member_bootstrap_p16_p84
lbn_dnn	0.30000000000000004	0.9080581665039062	2781	21.008373147890012	2047	40378.565110241165	106	25	189156.47209492588	10.475695590605067	14	6	342825.18223732297	3.0980151549363506	229535.03720516706	15.40625921356126	0.44824218903504853	2.4904270065012013	0.5579607009130129	490147.7414342989	0.043849162636178156	4.285959136478784e-05	True	True		0.8323445953857657	0.8327703921624761	0.8133407979703233	0.8524356201830184	0.7930844074685204	0.8684466909544358	1000	0	{}	0.0447417036820379	0.044367235880542685	0.03875475152539072	0.05030759731707372	0.035121012012612834	0.058162804043878746	1000	0	{}	4.2178915312742e-05	4.212841278418651e-05	2.8058053755975536e-05	5.820565027744253e-05	2.602772899278207e-06	8.189799709177131e-05	872	128	"{""fewer than 3 direct-QCD source groups"":126,""zero direct-QCD closure rows; fewer than 3 direct-QCD source groups; nonfinite systematics-aware ZA"":2}"	4.285959136478784e-05	2.8058053755975536e-05	5.820565027744253e-05	872	True	paired_source_member_bootstrap_p16_p84
lbn_dnn	0.31	0.9054071307182312	2874	21.912504838709054	2164	43023.79495717695	106	25	189156.47209492588	10.475695590605067	14	6	342825.18223732297	3.0980151549363506	232180.26705210283	15.762104413082174	0.44824218903504853	2.4904270065012013	0.5579607009130129	490147.7414342989	0.045474982518415696	4.470401240604243e-05	True	True		0.826885436204049	0.8271751872620214	0.808150411358229	0.8469048675023608	0.7872832403315716	0.8622729032472229	1000	0	{}	0.04636203745861913	0.045915693673153596	0.04016035169801257	0.05206043702267244	0.03661479159765318	0.059875955663492166	1000	0	{}	4.3977019280537496e-05	4.379641930702558e-05	2.9351798799927836e-05	6.07385726789034e-05	2.7151732320263336e-06	8.557889540261314e-05	872	128	"{""fewer than 3 direct-QCD source groups"":126,""zero direct-QCD closure rows; fewer than 3 direct-QCD source groups; nonfinite systematics-aware ZA"":2}"	4.470401240604243e-05	2.9351798799927836e-05	6.07385726789034e-05	872	True	paired_source_member_bootstrap_p16_p84
lbn_dnn	0.32	0.9021543264389038	2967	22.618097682154133	2297	45716.82851502046	110	28	254113.45344544528	11.635326958234272	14	6	342825.18223732297	3.0980151549363506	299830.2819604657	16.184437231055227	0.2587666641433196	2.4904270065012017	0.5579607009130129	651864.5088352883	0.04130597412394572	3.469613999249294e-05	True	True		0.8222714946664097	0.8227741715600276	0.8034872327189285	0.8421352750125608	0.7829417800233376	0.8576479203722598	1000	0	{}	0.04218869352175118	0.04171358835680346	0.036960500180058205	0.04745975337586787	0.033115061681646074	0.054235862170157585	1000	0	{}	3.363367764791346e-05	3.372363052586078e-05	2.2212675780089982e-05	4.6343284629593454e-05	1.313080386076144e-06	6.437640361252743e-05	872	128	"{""fewer than 3 direct-QCD source groups"":126,""zero direct-QCD closure rows; fewer than 3 direct-QCD source groups; nonfinite systematics-aware ZA"":2}"	3.469613999249294e-05	2.2212675780089982e-05	4.6343284629593454e-05	872	True	paired_source_member_bootstrap_p16_p84
lbn_dnn	0.33	0.8995523452758789	3059	23.408607894115995	2410	47683.864622919034	112	29	270622.25878362445	12.579089988260892	15	6	343157.52424707246	3.1040155925331594	318306.1234065435	17.387550850284967	0.2113760018015016	2.4904270065012017	0.5579607009130129	693037.4842176241	0.04149041390848425	3.377504742754147e-05	True	True		0.8170455262666615	0.817370106729717	0.7975861145117072	0.836929091671949	0.7774446226273574	0.8528623058343247	1000	0	{}	0.04238608591978486	0.04197935955363344	0.03722397429691872	0.0478112898003213	0.03368104130679	0.054121891591354	1000	0	{}	3.258559190389982e-05	3.3100804482045255e-05	2.230917170787516e-05	4.509725619796594e-05	1.3387918217847992e-06	6.192835706373393e-05	872	128	"{""fewer than 3 direct-QCD source groups"":126,""zero direct-QCD closure rows; fewer than 3 direct-QCD source groups; nonfinite systematics-aware ZA"":2}"	3.377504742754147e-05	2.230917170787516e-05	4.509725619796594e-05	872	True	paired_source_member_bootstrap_p16_p84
lbn_dnn	0.33999999999999997	0.8968133330345154	3154	24.29186060835378	2535	49361.02704167391	115	31	291325.42853450123	13.891193577577633	16	6	343198.3248090178	3.1047536193866843	340686.4555761751	18.981237827474985	0.15114554042005507	2.4904270065012013	0.5579607009130129	744813.3151130541	0.04161771055845029	3.2613920004245754e-05	True	True		0.8126707688884496	0.8131377429044688	0.7935943964396297	0.8327971210470477	0.7729405446858285	0.849013041335544	1000	0	{}	0.042381888428358015	0.042103326669670205	0.037416229484474796	0.047471323642723225	0.0340058041878659	0.053569622860691155	1000	0	{}	3.1095219028994594e-05	3.174277861814912e-05	2.1777560580022545e-05	4.2682656723567775e-05	1.148531754122467e-06	5.904448193738629e-05	872	128	"{""fewer than 3 direct-QCD source groups"":126,""zero direct-QCD closure rows; fewer than 3 direct-QCD source groups; nonfinite systematics-aware ZA"":2}"	3.2613920004245754e-05	2.1777560580022545e-05	4.2682656723567775e-05	872	True	paired_source_member_bootstrap_p16_p84
lbn_dnn	0.35	0.8938068747520447	3249	25.125916293614267	2653	52975.5357439506	118	33	312397.0386110105	15.413339001323685	16	6	343198.3248090178	3.1047536193866843	365372.57435496105	21.06556927961315	0.08974777547398455	2.4904270065012017	0.5579607009130129	797781.6387420188	0.0415670265196361	3.1493814017872326e-05	True	True		0.8082532138733514	0.8086292774723517	0.789005186645712	0.8282316369914774	0.7694325187449684	0.8440335709850162	1000	0	{}	0.04231946915103242	0.0419606049981845	0.03754735835309186	0.04697613602217253	0.03434742597994966	0.052588284032769064	1000	0	{}	2.981228610354372e-05	3.072607788414198e-05	2.1166177327808877e-05	4.0622045975954704e-05	1.0137084511763237e-06	5.316336219388384e-05	872	128	"{""fewer than 3 direct-QCD source groups"":126,""zero direct-QCD closure rows; fewer than 3 direct-QCD source groups; nonfinite systematics-aware ZA"":2}"	3.1493814017872326e-05	2.1166177327808877e-05	4.0622045975954704e-05	872	True	paired_source_member_bootstrap_p16_p84
lbn_dnn	0.36	0.8908000588417053	3342	25.93076056988791	2789	55402.043741268695	118	33	312397.0386110105	15.413339001323685	16	6	343198.3248090178	3.1047536193866843	367799.08235227916	21.34547204031627	0.08974777547398455	2.4904270065012017	0.5579607009130129	797781.6387420188	0.04275676427510658	3.250363680162128e-05	True	True		0.8038560331261632	0.8043801789125571	0.784678925983563	0.8241375573771262	0.7645256151373673	0.8401585710936045	1000	0	{}	0.043512653204780316	0.043129704619600154	0.03860092731722308	0.0483175642334084	0.03535060221769484	0.05387134368914866	1000	0	{}	3.076126945991952e-05	3.166800081174971e-05	2.1911644432230527e-05	4.190857620444281e-05	1.0462288830416705e-06	5.481903368917514e-05	872	128	"{""fewer than 3 direct-QCD source groups"":126,""zero direct-QCD closure rows; fewer than 3 direct-QCD source groups; nonfinite systematics-aware ZA"":2}"	3.250363680162128e-05	2.1911644432230527e-05	4.190857620444281e-05	872	True	paired_source_member_bootstrap_p16_p84
lbn_dnn	0.37	0.8875263333320618	3436	26.70071336669569	2917	58144.61839394987	120	33	312447.5270754751	15.418315521516567	16	6	343198.3248090178	3.1047536193866843	370592.14546942496	21.6699179662597	0.0896006638454744	2.4904270065012013	0.5579607009130129	797908.9592439819	0.04386009262341259	3.3462256353568384e-05	True	True		0.8005562970571594	0.801434589520841	0.7811572310272991	0.8208566220714673	0.7611817268742751	0.8367686641246356	1000	0	{}	0.0446235278956532	0.04431322983415617	0.03962024202878489	0.04953331083137529	0.03629397479053166	0.05487548937171826	1000	0	{}	3.166390788581701e-05	3.267480221939637e-05	2.248305339868982e-05	4.315597882285014e-05	1.0750789235230926e-06	5.638532642432981e-05	872	128	"{""fewer than 3 direct-QCD source groups"":126,""zero direct-QCD closure rows; fewer than 3 direct-QCD source groups; nonfinite systematics-aware ZA"":2}"	3.3462256353568384e-05	2.248305339868982e-05	4.315597882285014e-05	872	True	paired_source_member_bootstrap_p16_p84
lbn_dnn	0.38	0.8848598003387451	3529	27.44336321403255	3012	60344.135868627025	122	33	312498.024178882	15.423293695745372	16	6	343198.3248090178	3.1047536193866843	372842.160047509	21.932949481122538	0.08945352704509803	2.4904270065012017	0.5579607009130129	798036.303655351	0.04494376988318089	3.4388015225073315e-05	True	True		0.7953697737989682	0.7956989578209113	0.7764776641955368	0.8160071241655851	0.7561857576533312	0.831866427233849	1000	0	{}	0.0457234100896805	0.04535888676697157	0.04061597868088757	0.05069302049653216	0.037246399341807665	0.0563660247229683	1000	0	{}	3.2541996864464076e-05	3.3547458374208086e-05	2.3139500086505003e-05	4.431986640826028e-05	1.103779209906693e-06	5.81203715648099e-05	872	128	"{""fewer than 3 direct-QCD source groups"":126,""zero direct-QCD closure rows; fewer than 3 direct-QCD source groups; nonfinite systematics-aware ZA"":2}"	3.4388015225073315e-05	2.3139500086505003e-05	4.431986640826028e-05	872	True	paired_source_member_bootstrap_p16_p84
lbn_dnn	0.39	0.8821251392364502	3624	28.327168784276203	3118	62405.67129374959	124	34	323125.2342417281	16.203794600932675	17	7	797585.237420742	2.6028254588512065	385530.9055354777	23.043658415664577	0.5948705930332144	2.4904270065012013	0.5579607009130129	846774.1887904216	0.04562136264016895	3.3451546943186266e-05	True	True		0.7832764203831751	0.7840250463235385	0.7637611691648235	0.8034664882842647	0.7433619784033803	0.81970070720485	1000	0	{}	0.04641723194105783	0.046096485387420824	0.041418229881162054	0.05148437619076603	0.03796519868501029	0.05659912568672363	1000	0	{}	3.458339879729539e-05	3.411459007423925e-05	2.62352165393867e-05	4.3736593989685105e-05	3.045795914506625e-06	5.7038823534408004e-05	936	64	"{""fewer than 3 direct-QCD source groups"":64}"	3.3451546943186266e-05	2.62352165393867e-05	4.3736593989685105e-05	936	True	paired_source_member_bootstrap_p16_p84
lbn_dnn	0.4	0.8794030547142029	3719	29.160682703142957	3220	64099.28192837267	129	36	386152.0056937251	17.628555180293414	17	7	797585.237420742	2.6028254588512065	450251.28762209776	23.947748945674732	0.5158486045422851	2.490427006501202	0.5579607009130129	1005453.1129318828	0.043457577951797256	2.9003474142910975e-05	True	True		0.778797838177515	0.7793624893314064	0.75937429203726	0.799113862285856	0.7395168351995287	0.8147293888460923	1000	0	{}	0.04427066501636782	0.043894063528318275	0.039717523592099256	0.04894701915813091	0.03628802707268622	0.053891729624601266	1000	0	{}	2.9726449734616633e-05	2.9202098291259717e-05	2.307013625233172e-05	3.7794555938829976e-05	2.065250943105701e-06	4.854946941339046e-05	936	64	"{""fewer than 3 direct-QCD source groups"":64}"	2.9003474142910975e-05	2.307013625233172e-05	3.7794555938829976e-05	936	True	paired_source_member_bootstrap_p16_p84
lbn_dnn	0.41000000000000003	0.8762418031692505	3812	30.040624355351277	3345	66309.93416372764	131	36	400930.77765370556	18.71794634594069	17	7	797585.237420742	2.6028254588512065	467240.7118174332	25.40093864851214	0.4973192094800438	2.4904270065012017	0.5579607009130129	1042487.3463804354	0.04394747852547529	2.8815373204385254e-05	True	True		0.7708233758145533	0.7711614169455879	0.7513401145517421	0.7911602740557566	0.7320540039606742	0.8075369740690569	1000	0	{}	0.04475300893480435	0.04443442745433643	0.04029181286075154	0.04923025721077334	0.03695055624774507	0.05476469081677695	1000	0	{}	2.945120837240927e-05	2.878749518201305e-05	2.310783905055881e-05	3.73392576749099e-05	1.985420450053246e-06	4.7603781846432185e-05	936	64	"{""fewer than 3 direct-QCD source groups"":64}"	2.8815373204385254e-05	2.310783905055881e-05	3.73392576749099e-05	936	True	paired_source_member_bootstrap_p16_p84
lbn_dnn	0.42000000000000004	0.8730548620223999	3906	30.909944360724584	3461	68349.25037000663	135	36	402439.5734778123	18.85675118952941	17	7	797585.237420742	2.6028254588512065	470788.8238478189	25.78436974261664	0.49542750467745	2.4904270065012013	0.5579607009130129	1046265.1268329374	0.04504850665953129	2.9542558705521297e-05	True	True		0.7656527302482	0.7662399606250363	0.7457300334762046	0.7860394133406438	0.7256481369220666	0.8027141867185131	1000	0	{}	0.04586431677086691	0.04550266138543316	0.041236232121620954	0.05051158907259887	0.037848991601255294	0.055908591946720675	1000	0	{}	3.0177468668183156e-05	2.952895139670353e-05	2.369078438935001e-05	3.8126715395244475e-05	2.042388294364174e-06	4.8646921471040213e-05	936	64	"{""fewer than 3 direct-QCD source groups"":64}"	2.9542558705521297e-05	2.369078438935001e-05	3.8126715395244475e-05	936	True	paired_source_member_bootstrap_p16_p84
lbn_dnn	0.43000000000000005	0.8699575066566467	4001	31.843533178328983	3578	70848.86830096715	137	38	429513.52460803353	20.560933484796344	17	7	797585.237420742	2.6028254588512065	500362.3929090007	27.880492954633315	0.4614826046718106	2.490427006501202	0.5579607009130129	1113965.7465745502	0.04501676804178504	2.8585971903123643e-05	True	True		0.7593455441710217	0.7594488504130864	0.7403723582941423	0.7791475289463651	0.7191971294293021	0.795185606538809	1000	0	{}	0.04581040688723293	0.04545134732437614	0.04139122208710695	0.0500357981086795	0.03844981375781461	0.05542372369515154	1000	0	{}	2.9013665646427546e-05	2.8702968882929464e-05	2.3095302183301986e-05	3.6201787544791094e-05	1.9425146667352035e-06	4.6516759381963933e-05	936	64	"{""fewer than 3 direct-QCD source groups"":64}"	2.8585971903123643e-05	2.3095302183301986e-05	3.6201787544791094e-05	936	True	paired_source_member_bootstrap_p16_p84
lbn_dnn	0.44000000000000006	0.8661895990371704	4093	32.621769647122626	3736	74366.13443497915	142	39	471473.7081597028	23.42966386983773	17	7	797585.237420742	2.6028254588512065	545839.8425946819	31.377871710606243	0.4088735773440713	2.4904270065012013	0.5579607009130129	1218622.6838716075	0.04415405297668056	2.676681107217255e-05	True	True		0.7526685349841421	0.7529923481028953	0.7330388380246493	0.7724099999391477	0.7134192136083789	0.7874454565910123	1000	0	{}	0.04479712999758853	0.0444250605560292	0.04082010133241738	0.048765112384317987	0.038019553072400625	0.05379406171547297	1000	0	{}	2.6807291725610824e-05	2.664872918402736e-05	2.1598278968036736e-05	3.307035777050441e-05	1.5197934342149197e-06	4.137859852372832e-05	936	64	"{""fewer than 3 direct-QCD source groups"":64}"	2.676681107217255e-05	2.1598278968036736e-05	3.307035777050441e-05	936	True	paired_source_member_bootstrap_p16_p84
lbn_dnn	0.45000000000000007	0.8628494143486023	4188	33.43010784282669	3851	76679.37441199587	144	39	471531.01500407903	23.435353679186104	17	7	797585.237420742	2.6028254588512065	548210.3894160748	31.65020363192977	0.40880172691143096	2.4904270065012013	0.5579607009130129	1218765.4464801236	0.045150205658940464	2.7428618166644574e-05	True	True		0.7470238846306799	0.7477331015049236	0.7272187401780115	0.7669532307371296	0.7066791964086439	0.7827636469489069	1000	0	{}	0.045799495724503085	0.04541781880062164	0.04173672557350786	0.049792041551684145	0.03888919378441195	0.054950637490947696	1000	0	{}	2.7465589601810424e-05	2.7295486172569124e-05	2.2109847467924678e-05	3.387485937159135e-05	1.5591356874983787e-06	4.2491597770527525e-05	936	64	"{""fewer than 3 direct-QCD source groups"":64}"	2.7428618166644574e-05	2.2109847467924678e-05	3.387485937159135e-05	936	True	paired_source_member_bootstrap_p16_p84
lbn_dnn	0.45999999999999996	0.8588783144950867	4282	34.274083485549866	3982	79118.67457713559	146	39	472308.034275038	23.51133507189136	17	7	797585.237420742	2.6028254588512065	551426.7088521735	32.02004964820191	0.4078275122011992	2.4904270065012017	0.5579607009130129	1220701.1163654563	0.04615486154795175	2.8075270953442484e-05	True	True		0.7420506994576677	0.7424038657669997	0.7221087309814954	0.761953328229719	0.7018299784462592	0.7778837865475918	1000	0	{}	0.0468221531973248	0.046383549869479415	0.04267280012626367	0.050856592070721615	0.03976241942353987	0.056142731727678585	1000	0	{}	2.8111933449998106e-05	2.7874296900833032e-05	2.2632686177450756e-05	3.4601047713105205e-05	1.5966163159718283e-06	4.341587198542102e-05	936	64	"{""fewer than 3 direct-QCD source groups"":64}"	2.8075270953442484e-05	2.2632686177450756e-05	3.4601047713105205e-05	936	True	paired_source_member_bootstrap_p16_p84
lbn_dnn	0.47	0.85550457239151	4376	35.068204166597276	4115	81618.7074139278	149	40	497417.30544028245	25.245112177171556	17	7	797585.237420742	2.6028254588512065	579036.0128542102	34.17964835506428	0.37634589746313857	2.4904270065012017	0.5579607009130129	1283219.3305627252	0.046084656535670065	2.732688545083272e-05	True	True		0.7378316396704827	0.7381851788479618	0.7179169488938382	0.7576990718770477	0.6971954109665579	0.7746272940588288	1000	0	{}	0.04667641102794587	0.046193920255503826	0.04277965431524119	0.05044376560714507	0.0398593676013685	0.05571307890502912	1000	0	{}	2.7146778275719696e-05	2.7049693323871254e-05	2.2252109406136748e-05	3.337513942923219e-05	1.4083936632454197e-06	4.1871524453825975e-05	936	64	"{""fewer than 3 direct-QCD source groups"":64}"	2.732688545083272e-05	2.2252109406136748e-05	3.337513942923219e-05	936	True	paired_source_member_bootstrap_p16_p84
lbn_dnn	0.48	0.8519102931022644	4470	35.875440220664686	4240	83925.12666846527	150	40	501664.06412295846	25.630854197540746	17	7	797585.237420742	2.6028254588512065	585589.1907914237	34.892695139792835	0.37102137729472456	2.4904270065012013	0.5579607009130129	1293787.991732573	0.046880936516731475	2.7727620762696763e-05	True	True		0.7316321028672418	0.7321765150826153	0.7118879385957951	0.7517930526796277	0.6910981148350501	0.768750597382026	1000	0	{}	0.04747583927626449	0.047040694466108354	0.04350774576069708	0.051401725153760715	0.04069838498905685	0.05639242614786022	1000	0	{}	2.751986344907957e-05	2.737055150467453e-05	2.2562803505456952e-05	3.391953675862535e-05	1.4023881472034516e-06	4.1835517648261504e-05	936	64	"{""fewer than 3 direct-QCD source groups"":64}"	2.7727620762696763e-05	2.2562803505456952e-05	3.391953675862535e-05	936	True	paired_source_member_bootstrap_p16_p84
lbn_dnn	0.49	0.84828782081604	4565	36.80827210874787	4380	87538.29674627821	152	41	518027.8822694805	26.605360351301517	17	7	797585.237420742	2.6028254588512065	605566.1790157587	36.32382231026716	0.3505046759081243	2.4904270065012013	0.5579607009130129	1334502.6005779023	0.0472999003101113	2.758121005712452e-05	True	True		0.7264716791974504	0.7267864852869985	0.7067173907034395	0.7463284247483313	0.6864694883537568	0.7633509895101188	1000	0	{}	0.047864262115565964	0.04755405025973315	0.04397394208864278	0.051677705065749265	0.04118289583972667	0.05665679159360326	1000	0	{}	2.7251907515403704e-05	2.7197393154123702e-05	2.237804977634214e-05	3.356014785410327e-05	1.4483524614382928e-06	4.110698959631384e-05	936	64	"{""fewer than 3 direct-QCD source groups"":64}"	2.758121005712452e-05	2.237804977634214e-05	3.356014785410327e-05	936	True	paired_source_member_bootstrap_p16_p84
lbn_dnn	0.5	0.8447065353393555	4659	37.715166189899044	4499	88982.57120197438	152	41	518027.8822694805	26.605360351301517	18	7	797626.0379826875	2.603091743586635	607010.4534714549	36.49678546956004	0.35053789921446327	2.4904270065012013	0.5579607009130129	1334504.9423450823	0.04840758797638469	2.8258591392580943e-05	True	True		0.7222411768186777	0.722495891128721	0.7022360966866115	0.7425545851236214	0.6818057741895615	0.7585604737559102	1000	0	{}	0.04897932368931731	0.04867107996986622	0.04504633530192796	0.0529066884413282	0.04226186382547263	0.05802714228718836	1000	0	{}	2.7922272629526012e-05	2.7796101830689723e-05	2.2979067915103122e-05	3.4332057307833855e-05	1.4971284300837667e-06	4.228829102079713e-05	936	64	"{""fewer than 3 direct-QCD source groups"":64}"	2.8258591392580943e-05	2.2979067915103122e-05	3.4332057307833855e-05	936	True	paired_source_member_bootstrap_p16_p84
lbn_dnn	0.51	0.8404987454414368	4753	38.64666645184762	4652	92020.9816268587	154	42	551244.1708507988	28.564362901820825	18	7	797626.0379826875	2.603091743586635	643265.1524776575	38.8619078333857	0.3088939620815593	2.4904270065012017	0.5579607009130129	1417133.1171480345	0.0481850903670305	2.727005632326312e-05	True	True		0.716892437058802	0.7170957017060193	0.696780258223314	0.7379077961999465	0.6764522519514096	0.75413089196143	1000	0	{}	0.04873605540119008	0.04837759672450262	0.04478703635554672	0.052830691679961524	0.04191075025184305	0.057622934449534265	1000	0	{}	2.678398575952696e-05	2.6877736276076193e-05	2.208967145214063e-05	3.2942306091456405e-05	1.308355982854102e-06	4.0637553047825896e-05	936	64	"{""fewer than 3 direct-QCD source groups"":64}"	2.727005632326312e-05	2.208967145214063e-05	3.2942306091456405e-05	936	True	paired_source_member_bootstrap_p16_p84
lbn_dnn	0.52	0.8364772796630859	4847	39.56556560914723	4810	94951.11606657159	159	43	561994.3173645089	29.37615800534108	18	7	797626.0379826875	2.603091743586635	656945.4334310804	40.104162460846965	0.2954162845713081	2.490427006501202	0.5579607009130129	1443878.9675301737	0.048814446609921826	2.7400692741029757e-05	True	True		0.7130192673781204	0.7136121243784983	0.6934068728528853	0.7341891421532175	0.6728315241783704	0.7501227882863883	1000	0	{}	0.04932082178619581	0.04899713718914525	0.04552167289428787	0.053370450910217956	0.042456618410579766	0.05781479883829819	1000	0	{}	2.6790437732483618e-05	2.690717684123412e-05	2.2236788105986377e-05	3.298746470636586e-05	1.263772229044327e-06	4.01919267694704e-05	936	64	"{""fewer than 3 direct-QCD source groups"":64}"	2.7400692741029757e-05	2.2236788105986377e-05	3.298746470636586e-05	936	True	paired_source_member_bootstrap_p16_p84
lbn_dnn	0.53	0.8312035202980042	4941	40.45892855150756	5002	99761.22863001094	162	44	589859.8523566448	31.24028178704736	19	7	979518.8812177469	3.4576345016064964	689621.0809866558	42.661122728018164	0.39780655210716753	2.4904270065012017	0.5579607009130129	1523597.47924779	0.048719729290941975	2.65538294535311e-05	True	True		0.7033084594961213	0.7037210980804474	0.6829260076669771	0.7249056120135	0.660895750355961	0.7409938740358168	1000	0	{}	0.049207434532210256	0.04881071466257894	0.04539733604884845	0.053108354465372896	0.042600560536509825	0.05766279504286386	1000	0	{}	2.6175462363301572e-05	2.6218349419706428e-05	2.188832231040268e-05	3.20300892386032e-05	1.0918347484506305e-06	3.9663963025838e-05	936	64	"{""fewer than 3 direct-QCD source groups"":64}"	2.65538294535311e-05	2.188832231040268e-05	3.20300892386032e-05	936	True	paired_source_member_bootstrap_p16_p84
lbn_dnn	0.54	0.8257764577865601	5034	41.28869256010678	5193	105310.07111343228	166	44	604792.3066550764	32.46005863855895	19	7	979518.8812177469	3.4576345016064964	710102.3777685087	44.70485636628106	0.3825618696566695	2.4904270065012013	0.5579607009130129	1560774.3717728555	0.04899665579239624	2.6453934150367797e-05	True	True		0.6921528336797018	0.6923646553887115	0.6716289574476036	0.7142435665130733	0.6507667900898947	0.7304783990438535	1000	0	{}	0.049458471897941746	0.049110453617102874	0.045723272631207325	0.053284134497903556	0.0428880151274629	0.05816663455701537	1000	0	{}	2.6002649598284214e-05	2.6093974418113e-05	2.1781881632216376e-05	3.151456276984189e-05	1.0740646082554333e-06	3.93707027421207e-05	936	64	"{""fewer than 3 direct-QCD source groups"":64}"	2.6453934150367797e-05	2.1781881632216376e-05	3.151456276984189e-05	936	True	paired_source_member_bootstrap_p16_p84
lbn_dnn	0.55	0.8215855956077576	5127	42.11815169923352	5331	107387.86103609104	167	44	604800.1171703375	32.46089687104397	19	7	979518.8812177469	3.4576345016064964	712187.9782064285	44.967026114828485	0.3825538958284863	2.4904270065012013	0.5579607009130129	1560793.8133051896	0.049907717106608636	2.6986943097442526e-05	True	True		0.6879905628808467	0.6881049131970971	0.6676157039743204	0.709860269585867	0.646556317383173	0.7266124463623689	1000	0	{}	0.05037753051276209	0.05003311826221745	0.046559272316088654	0.05430369271179368	0.04378701135576077	0.05927760866854482	1000	0	{}	2.6526299664563207e-05	2.666644178912684e-05	2.2258650804217083e-05	3.2137248069739745e-05	1.0943469480023756e-06	4.018418296124027e-05	936	64	"{""fewer than 3 direct-QCD source groups"":64}"	2.6986943097442526e-05	2.2258650804217083e-05	3.2137248069739745e-05	936	True	paired_source_member_bootstrap_p16_p84
lbn_dnn	0.56	0.8169485330581665	5218	42.86979892446436	5492	110253.34981779792	169	45	621299.421121283	33.448854245685126	19	7	979518.8812177469	3.4576345016064964	731552.7709390809	46.32739841294834	0.3657096018926375	2.4904270065012017	0.5579607009130129	1601855.2643200725	0.050121536389841195	2.6762597123283503e-05	True	True		0.6835646541797407	0.6834406992421267	0.6625639307512348	0.70563399236329	0.6419914208291886	0.7225397754347662	1000	0	{}	0.050594704914428176	0.05020220189805602	0.04686365099643349	0.05441831069039109	0.04397126500122969	0.05925656668027859	1000	0	{}	2.6249385150632516e-05	2.62813850899018e-05	2.1994906071851506e-05	3.182369838757293e-05	1.1075367568092393e-06	3.887202057372137e-05	936	64	"{""fewer than 3 direct-QCD source groups"":64}"	2.6762597123283503e-05	2.1994906071851506e-05	3.182369838757293e-05	936	True	paired_source_member_bootstrap_p16_p84
lbn_dnn	0.5700000000000001	0.8130771517753601	5311	43.68730554165755	5610	112494.16218652664	172	45	631975.4397500841	34.27593007603151	19	7	979518.8812177469	3.4576345016064964	744469.6019366106	47.516629584742994	0.3548103544830025	2.490427006501202	0.5579607009130129	1628417.7765240225	0.050632285064269575	2.6824847410854767e-05	True	True		0.6791418153380551	0.6790787480146978	0.658330696858184	0.7009767969813414	0.6371942862032878	0.7172070099116482	1000	0	{}	0.05112942439388928	0.05070854274250062	0.04736618974561816	0.054888089406330186	0.044332146060052195	0.059937123137615796	1000	0	{}	2.6309779263106434e-05	2.6438879350274935e-05	2.2138191355482363e-05	3.188763370003338e-05	1.0425936237627377e-06	3.91198644002244e-05	936	64	"{""fewer than 3 direct-QCD source groups"":64}"	2.6824847410854767e-05	2.2138191355482363e-05	3.188763370003338e-05	936	True	paired_source_member_bootstrap_p16_p84
lbn_dnn	0.58	0.8081088662147522	5405	44.49440471953227	5735	114325.20705999824	176	46	657757.0311322608	36.16448051946521	19	7	979518.8812177469	3.4576345016064964	772082.2381922591	49.77889730449708	0.32848968637079135	2.4904270065012017	0.5579607009130129	1692552.4132406262	0.050637172663648436	2.628974823901342e-05	True	True		0.6743260451753048	0.6745659657264397	0.6531201045195689	0.6964224273125051	0.6320900616251076	0.712747835342812	1000	0	{}	0.05111395094647242	0.050817565199421356	0.047388755871413585	0.054752400432343334	0.0445714577864382	0.059327854042284515	1000	0	{}	2.5675125804084547e-05	2.5867387230469906e-05	2.1470405565123778e-05	3.1074129667194524e-05	9.283627837946138e-07	3.768386595110191e-05	936	64	"{""fewer than 3 direct-QCD source groups"":64}"	2.628974823901342e-05	2.1470405565123778e-05	3.1074129667194524e-05	936	True	paired_source_member_bootstrap_p16_p84
lbn_dnn	0.59	0.8024114370346069	5500	45.39011941578312	5912	118774.1196451304	176	46	657757.0311322608	36.16448051946521	19	7	979518.8812177469	3.4576345016064964	776531.1507773912	50.35225410453324	0.32848968637079135	2.4904270065012017	0.5579607009130129	1692552.4132406262	0.051508351811393766	2.681529725234338e-05	True	True		0.6630951648701584	0.6626235880923931	0.642910221224356	0.6850650643675372	0.6221551630385846	0.7036695298526976	1000	0	{}	0.05198298122526323	0.05164028411205128	0.04820082560530055	0.05572798252974978	0.045388411740636854	0.060056174929820454	1000	0	{}	2.6188301130575896e-05	2.6371596259277103e-05	2.1903475425006482e-05	3.1709658975345446e-05	9.47279087388395e-07	3.845093972658362e-05	936	64	"{""fewer than 3 direct-QCD source groups"":64}"	2.681529725234338e-05	2.1903475425006482e-05	3.1709658975345446e-05	936	True	paired_source_member_bootstrap_p16_p84
lbn_dnn	0.6	0.7959515452384949	5594	46.32041894112188	6094	121569.62068568921	180	47	695418.4731623702	38.81936587332523	20	8	1433951.6639601653	4.248394896899378	816988.0938480594	53.52352177072981	0.5150335324122274	2.4904270065012013	0.5579607009130129	1810601.3389561179	0.05124606359122922	2.5580652172168333e-05	True	True		0.6516796225375153	0.6512995243590107	0.6312158251754278	0.6737675927935725	0.607937362101828	0.6923924840317806	1000	0	{}	0.0517034447456337	0.05134155110245626	0.04796781148891773	0.05542282013608442	0.04514350865951385	0.060303837262319825	1000	0	{}	2.5910937489316376e-05	2.5470420725385447e-05	2.1681396910524807e-05	3.0344569905227976e-05	1.8080283085545256e-05	3.7331371650258697e-05	977	23	"{""fewer than 3 direct-QCD source groups"":23}"	2.5580652172168333e-05	2.1681396910524807e-05	3.0344569905227976e-05	977	True	paired_source_member_bootstrap_p16_p84
lbn_dnn	0.61	0.7874383926391602	5689	47.22926124587548	6324	126488.91147277554	187	48	711753.7039510778	40.242976631062604	20	8	1433951.6639601653	4.248394896899378	838242.6154238533	55.75881986033623	0.5036417740989838	2.4904270065012017	0.5579607009130129	1851545.126910227	0.051584854058205266	2.5512214673490117e-05	True	True		0.6326490314352231	0.6322164501101173	0.6103604817475131	0.6554500660956761	0.5911136601719205	0.676049797437237	1000	0	{}	0.05202343086071603	0.05168975262092687	0.04822348705994516	0.05567005571871196	0.04566632854702864	0.06022210340440935	1000	0	{}	2.578414885845831e-05	2.544332819236098e-05	2.1693408018725083e-05	3.0180661413717865e-05	1.817888700677389e-05	3.7183431690615376e-05	977	23	"{""fewer than 3 direct-QCD source groups"":23}"	2.5512214673490117e-05	2.1693408018725083e-05	3.0180661413717865e-05	977	True	paired_source_member_bootstrap_p16_p84
lbn_dnn	0.62	0.779145359992981	5784	48.137255714877554	6536	129920.80528858735	188	48	722436.621288163	41.087584041349345	22	10	2176000.731592753	4.781313117805073	852357.4265767504	57.133442558433515	0.6679979878686135	2.4904270065012017	0.5579607009130129	1905886.958705275	0.05213944034115633	2.5261262592634693e-05	True	True		0.619512822647696	0.6192164689638602	0.597322353945336	0.642203643889665	0.5776738150268639	0.6629623910180141	1000	0	{}	0.05258284200414312	0.05237212686554435	0.048804016918851535	0.056201504343731605	0.04632424727748219	0.06092335693571242	1000	0	{}	2.5931311200468155e-05	2.5410244434239206e-05	2.184706740056229e-05	3.000408410540815e-05	1.9068010657812226e-05	3.6412161078389935e-05	994	6	"{""fewer than 3 direct-QCD source groups"":6}"	2.5261262592634693e-05	2.184706740056229e-05	3.000408410540815e-05	994	True	paired_source_member_bootstrap_p16_p84
lbn_dnn	0.63	0.7722023725509644	5877	49.02912526338431	6717	132557.10158337915	191	48	733133.1395594054	41.93953350903021	22	10	2176000.731592753	4.781313117805073	865690.2411427845	58.4136428504457	0.6630823101687201	2.4904270065012017	0.5579607009130129	1933196.4623023667	0.052694924274492815	2.5359910017355693e-05	True	True		0.6113934515484403	0.6111593106329152	0.5893405941565388	0.6340795377153192	0.569446346018567	0.6527028561605704	1000	0	{}	0.053142926041503384	0.05282069484899868	0.04931060505863816	0.05701028826227109	0.04682067172697326	0.06152700604326062	1000	0	{}	2.6035478536098196e-05	2.546170940745561e-05	2.187262911076332e-05	3.0160006430478948e-05	1.9151061018101023e-05	3.7136572938052136e-05	994	6	"{""fewer than 3 direct-QCD source groups"":6}"	2.5359910017355693e-05	2.187262911076332e-05	3.0160006430478948e-05	994	True	paired_source_member_bootstrap_p16_p84
lbn_dnn	0.64	0.764360785484314	5970	49.92069890571197	6894	135983.7689700675	195	48	748641.1618012089	43.294969945641824	22	10	2176000.731592753	4.781313117805073	884624.9307712764	60.385382988669654	0.6559554641081252	2.4904270065012017	0.5579607009130129	1972754.6070517423	0.05307585330637529	2.530473619517344e-05	True	True		0.6055163629941643	0.6054063917970307	0.5834689936674202	0.628398775214748	0.5637385848023866	0.6477416370100946	1000	0	{}	0.05352168647597843	0.05317927885056464	0.04969204697842217	0.05719082545812521	0.04720592104402769	0.06155661590043759	1000	0	{}	2.5963223889980972e-05	2.54629706863333e-05	2.179641281211401e-05	3.0091199575497127e-05	1.915059788520238e-05	3.700646164993375e-05	994	6	"{""fewer than 3 direct-QCD source groups"":6}"	2.530473619517344e-05	2.179641281211401e-05	3.0091199575497127e-05	994	True	paired_source_member_bootstrap_p16_p84
lbn_dnn	0.65	0.7556205987930298	6067	50.882500484542184	7087	139446.38024899748	201	48	764280.4160353827	44.67021926439912	22	10	2176000.731592753	4.781313117805073	903726.7962843801	62.38836574532453	0.6487683092477836	2.490427006501202	0.5579607009130129	2012605.4863751254	0.05352365840327759	2.5280389391895784e-05	True	True		0.6002143046154383	0.5998031081080344	0.5779842515707987	0.6231541157619319	0.5580676166811891	0.6430606713585022	1000	0	{}	0.053969836800495226	0.05363879558127953	0.050096322596758884	0.05767044743932618	0.047534369364469024	0.062313422906316175	1000	0	{}	2.5921100267922005e-05	2.532202979623442e-05	2.1818662709269186e-05	2.9982958661142774e-05	1.9245855545905926e-05	3.675526783014129e-05	994	6	"{""fewer than 3 direct-QCD source groups"":6}"	2.5280389391895784e-05	2.1818662709269186e-05	2.9982958661142774e-05	994	True	paired_source_member_bootstrap_p16_p84
lbn_dnn	0.66	0.7460620999336243	6159	51.73495697814548	7267	142553.08216183813	203	49	791283.870391529	46.52602982033808	22	10	2176000.731592753	4.781313117805073	933836.9525533672	64.72806550447142	0.6363586377048972	2.4904270065012017	0.5579607009130129	2081317.1297030135	0.05353583178668202	2.4853593327143013e-05	True	True		0.5945645766167001	0.5941216877910513	0.5724461576757744	0.6173340901439834	0.5520165439368974	0.6379416870279023	1000	0	{}	0.05396593240362843	0.05354163412179785	0.0501271993800857	0.05761900232678779	0.0474688776690681	0.062102465610726736	1000	0	{}	2.5439046222746274e-05	2.491293451358302e-05	2.1459962499468604e-05	2.9406443694656227e-05	1.876968427231224e-05	3.5277630579874505e-05	994	6	"{""fewer than 3 direct-QCD source groups"":6}"	2.4853593327143013e-05	2.1459962499468604e-05	2.9406443694656227e-05	994	True	paired_source_member_bootstrap_p16_p84
lbn_dnn	0.67	0.7360292673110962	6253	52.579202193904	7478	147618.7854473458	208	50	826719.1621663866	49.260994249224936	22	10	2176000.731592753	4.781313117805073	974337.9476137324	68.34752031866978	0.6200740421804645	2.4904270065012017	0.5579607009130129	2171304.9144952046	0.053266636882681156	2.4213229422169264e-05	True	True		0.5824851904842219	0.5822142099232321	0.5606725263370126	0.6050361065337692	0.5397481796193421	0.6241263513913444	1000	0	{}	0.05370554884277062	0.053368244096403894	0.050066494476352974	0.05739735726906655	0.04721278872493057	0.06164147971121505	1000	0	{}	2.4776771503638472e-05	2.431742506331019e-05	2.1035506353050937e-05	2.8557378764404445e-05	1.811632325288167e-05	3.4437955269412146e-05	994	6	"{""fewer than 3 direct-QCD source groups"":6}"	2.4213229422169264e-05	2.1035506353050937e-05	2.8557378764404445e-05	994	True	paired_source_member_bootstrap_p16_p84
lbn_dnn	0.6799999999999999	0.7253732681274414	6346	53.446184220790464	7679	151942.29323007754	214	51	849346.6071231805	51.16544223011924	22	10	2176000.731592753	4.781313117805073	1001288.900353258	71.02903638657587	0.6096754036927691	2.4904270065012017	0.5579607009130129	2228665.253214856	0.05341129892485063	2.3979697828974014e-05	True	True		0.5731584307972614	0.5727871646005764	0.5512228967692259	0.5955931387150464	0.5303933298573125	0.6156832117463236	1000	0	{}	0.05384504119782176	0.05356107460597741	0.050288023938122366	0.057492226825670616	0.047500888699004436	0.061517084758550694	1000	0	{}	2.450906875391165e-05	2.4089007305324978e-05	2.0942914249888733e-05	2.8292754542106774e-05	1.7879012231040538e-05	3.3575347560162165e-05	994	6	"{""fewer than 3 direct-QCD source groups"":6}"	2.3979697828974014e-05	2.0942914249888733e-05	2.8292754542106774e-05	994	True	paired_source_member_bootstrap_p16_p84
lbn_dnn	0.69	0.7142818570137024	6440	54.228899877443226	7919	155429.6576924079	222	52	892297.5227101234	54.460224045168225	22	10	2176000.731592753	4.781313117805073	1047727.1804025313	75.00208180202048	0.5899369380923901	2.4904270065012013	0.5579607009130129	2337337.9614154175	0.05297890069222368	2.320414978209129e-05	True	True		0.564078898889104	0.5643086384919435	0.5419869453951509	0.5862416828156287	0.5203189998410552	0.6069990338037267	1000	0	{}	0.053398285050216085	0.05311511425998498	0.049939264252045645	0.056841010303050866	0.047236399293582546	0.06077674118237132	1000	0	{}	2.3669533820842276e-05	2.3330332763370775e-05	2.0157600318783535e-05	2.7100939322324056e-05	1.746258561095421e-05	3.2066695512499537e-05	994	6	"{""fewer than 3 direct-QCD source groups"":6}"	2.320414978209129e-05	2.0157600318783535e-05	2.7100939322324056e-05	994	True	paired_source_member_bootstrap_p16_p84
lbn_dnn	0.7	0.7022395133972168	6533	54.983651376684065	8131	159239.73048249673	227	54	920394.7370839028	56.43442848546637	23	11	2357584.361556558	5.431742278633068	1079634.4675663996	77.56536101802102	0.6096026288212114	2.490427006501202	0.5579607009130129	2415078.290665959	0.052916549850180204	2.2765612049976683e-05	True	True		0.5522805945297716	0.5519143787133978	0.5303022517561325	0.5746617890571645	0.5072524183663786	0.5956410168379613	1000	0	{}	0.05332273209633406	0.053129084672527055	0.049877756343180486	0.056526484665814725	0.04730396490774095	0.060631164983989315	1000	0	{}	2.3325951237961587e-05	2.30501185451417e-05	1.999344714490335e-05	2.661838788556635e-05	1.7721365502509662e-05	3.150721379461403e-05	997	3	"{""fewer than 3 direct-QCD source groups"":3}"	2.2765612049976683e-05	1.999344714490335e-05	2.661838788556635e-05	997	True	paired_source_member_bootstrap_p16_p84
lbn_dnn	0.71	0.6902523636817932	6628	55.86760273352054	8301	162654.03605598057	230	56	980825.0126199838	55.87824960290879	23	11	2357584.361556558	5.431742278633068	1143479.0486759644	75.87308908902538	0.5839703432828975	2.4904270065012017	0.5579607009130129	2567920.5502112578	0.05224471856870473	2.1754867857277737e-05	True	True		0.5424996028908537	0.5424578086521792	0.5202052108690285	0.5644576994898749	0.49715963088709153	0.5856593636977868	1000	0	{}	0.052644433236629026	0.05243164008121742	0.049304662107551384	0.055912866693270995	0.04693133952219874	0.059538821995950404	1000	0	{}	2.225997875675281e-05	2.183208206689143e-05	1.9107017171470773e-05	2.5397331620465386e-05	1.6899756401462995e-05	2.9732069472545998e-05	997	3	"{""fewer than 3 direct-QCD source groups"":3}"	2.1754867857277737e-05	1.9107017171470773e-05	2.5397331620465386e-05	997	True	paired_source_member_bootstrap_p16_p84
lbn_dnn	0.72	0.6752181649208069	6722	56.82414009329033	8561	167732.93641494174	232	56	992093.469069775	56.80125670294344	24	11	2359686.8409322286	5.44141108179407	1159826.4054847166	77.55327463395838	0.57956562207304	2.4904270065012017	0.5579607009130129	2596451.548109642	0.05276340692964532	2.1887628255665355e-05	True	True		0.5312568660057003	0.5307083257699596	0.5089022330148087	0.5533312336672291	0.4848540935607546	0.5748633815652548	1000	0	{}	0.0531654118526189	0.052937892674429464	0.0497446111117466	0.05649279502901288	0.04734641479950553	0.060201943528507426	1000	0	{}	2.2392304319404368e-05	2.1995530645273123e-05	1.9164088188737334e-05	2.5497663626558898e-05	1.7124359411268136e-05	2.9732109837157093e-05	997	3	"{""fewer than 3 direct-QCD source groups"":3}"	2.1887628255665355e-05	1.9164088188737334e-05	2.5497663626558898e-05	997	True	paired_source_member_bootstrap_p16_p84
lbn_dnn	0.73	0.6583185195922852	6816	57.656071019642475	8827	172783.62063480503	238	57	1007105.9264184135	58.094773979053606	24	11	2359686.8409322286	5.44141108179407	1179889.5470532186	79.65651003946525	0.5732035671222621	2.4904270065012017	0.5579607009130129	2634329.835631679	0.05307876754146596	2.1885856565055357e-05	True	True		0.5189586387344802	0.5188207256416242	0.49595604226812817	0.5416115056285593	0.4721975847760646	0.5627272617732503	1000	0	{}	0.053451641938981116	0.05324947577305596	0.050073412333548596	0.056789005044942414	0.04774600508774391	0.06020721882273976	1000	0	{}	2.235730698765733e-05	2.2000929074299383e-05	1.921404666178758e-05	2.5553814121938874e-05	1.709037755683414e-05	2.9461985494109855e-05	997	3	"{""fewer than 3 direct-QCD source groups"":3}"	2.1885856565055357e-05	1.921404666178758e-05	2.5553814121938874e-05	997	True	paired_source_member_bootstrap_p16_p84
lbn_dnn	0.74	0.6414408683776855	6911	58.55158574149196	9051	176051.7564375014	246	57	1044005.4369639951	61.181464317881684	25	12	3066830.4127527727	6.174234532255301	1220057.1934014964	83.46946041519884	0.6595816212651613	2.4904270065012017	0.5579607009130129	2752017.8838160415	0.053008448480120256	2.1272883957223387e-05	True	True		0.5057423309310919	0.5061740744836136	0.4830816958828644	0.5294785583906692	0.4562615194089796	0.5516372380644876	1000	0	{}	0.05338280276163061	0.05327920977432184	0.05001074333646057	0.05675060001595912	0.04756331742159168	0.06042160189094499	1000	0	{}	2.179894208864124e-05	2.150992918177717e-05	1.881481569251058e-05	2.4771093293771397e-05	1.6704190198490944e-05	2.8548389091732024e-05	1000	0	{}	2.1272883957223387e-05	1.881481569251058e-05	2.4771093293771397e-05	1000	True	paired_source_member_bootstrap_p16_p84
lbn_dnn	0.75	0.6232065558433533	7005	59.45792070671249	9299	180330.47335867133	255	59	1113842.9495546976	66.29384291640179	25	12	3066830.4127527727	6.174234532255301	1294173.422913369	89.40761611496666	0.6368097352488046	2.4904270065012017	0.5579607009130129	2929867.1664609606	0.05226490359191202	2.0297836819919778e-05	True	True		0.49911958857236477	0.49959731223370607	0.47596209398294265	0.5223921811337219	0.4507734049650007	0.5449319853828869	1000	0	{}	0.05259897615439749	0.05240352766802988	0.049394410423703926	0.055734773805767614	0.04691830655544728	0.05970886213089717	1000	0	{}	2.0738481295423773e-05	2.0432506341385e-05	1.789703090582372e-05	2.3483939824690743e-05	1.6051819912971487e-05	2.7380200020540955e-05	1000	0	{}	2.0297836819919778e-05	1.789703090582372e-05	2.3483939824690743e-05	1000	True	paired_source_member_bootstrap_p16_p84
lbn_dnn	0.76	0.605828046798706	7098	60.287740117319025	9539	184978.67065580684	258	60	1135288.115831355	67.82155227108592	26	12	3068932.8921284424	6.182685041630071	1320266.7864871619	91.62988243272719	0.6300707262960117	2.4904270065012017	0.5579607009130129	2984433.846171722	0.05246804115048875	2.0205157728526702e-05	True	True		0.48625230196847086	0.4859787621269678	0.4641997428967066	0.5095081293056314	0.4379888889089137	0.5327006373459694	1000	0	{}	0.0527900600163489	0.05257274007137673	0.04967449048838757	0.05586239428326823	0.04714627716355096	0.05977915034681582	1000	0	{}	2.0628495815178946e-05	2.0323011338898247e-05	1.7868649053771414e-05	2.3310667430355614e-05	1.592930242357818e-05	2.7129251002524904e-05	1000	0	{}	2.0205157728526702e-05	1.7868649053771414e-05	2.3310667430355614e-05	1000	True	paired_source_member_bootstrap_p16_p84
lbn_dnn	0.77	0.5841580033302307	7193	61.25834476169168	9829	189930.66532985552	269	60	1171983.3115749836	70.6883896350694	26	12	3068932.8921284424	6.182685041630071	1361913.9769048393	95.35889793970574	0.6181137376509525	2.490427006501202	0.5579607009130129	3077569.1326515335	0.052491280048833355	1.9903853698209173e-05	True	True		0.4760998150463988	0.4755387411515197	0.4534781723173086	0.4996843840752792	0.4283105074883481	0.522984321219107	1000	0	{}	0.05280092151480289	0.05258656513806662	0.04966908356188896	0.05595299021984108	0.04704206206552417	0.05992253072408437	1000	0	{}	2.03112858951722e-05	2.0037676727438584e-05	1.763792485071717e-05	2.3022435681834245e-05	1.563554336004107e-05	2.6723592963272143e-05	1000	0	{}	1.9903853698209173e-05	1.763792485071717e-05	2.3022435681834245e-05	1000	True	paired_source_member_bootstrap_p16_p84
lbn_dnn	0.78	0.5607656836509705	7286	62.03903126685606	10137	196596.37395125517	273	61	1196942.8585871372	72.5832138186127	26	12	3068932.8921284424	6.182685041630071	1393539.2325383923	98.28246818990151	0.609980765087045	2.490427006501202	0.5579607009130129	3140834.4755382715	0.05255356541406981	1.9749160615631733e-05	True	True		0.4601352427190334	0.4604660926376974	0.43667793810619737	0.48441114286557835	0.41141064799138655	0.5052601741906576	1000	0	{}	0.052865867140971516	0.05265831486038144	0.04982495409466619	0.05600491823352645	0.04719609437046902	0.05969098181976685	1000	0	{}	2.0152595784867834e-05	1.992995211988883e-05	1.752491953456081e-05	2.2812690516604495e-05	1.563468639383745e-05	2.6466744403296265e-05	1000	0	{}	1.9749160615631733e-05	1.752491953456081e-05	2.2812690516604495e-05	1000	True	paired_source_member_bootstrap_p16_p84
lbn_dnn	0.79	0.5380769371986389	7380	62.85781850567101	10395	201780.07969856268	277	62	1228342.4654433203	74.9149727244975	26	12	3068932.8921284424	6.182685041630071	1430122.545141883	101.44293878473991	0.5997493237490085	2.4904270065012017	0.5579607009130129	3220330.25654802	0.05256171132763707	1.952297477965147e-05	True	True		0.4338977430133167	0.43392626715862215	0.4121190844349813	0.4562830117619433	0.3929113278256603	0.4776326330344106	1000	0	{}	0.05287216409807677	0.05274271375327749	0.04977704458063422	0.05585494702196688	0.0473391637752348	0.059478576390838644	1000	0	{}	1.9904711385218932e-05	1.9693389907377438e-05	1.728826570783118e-05	2.2403336510790938e-05	1.54359833507543e-05	2.6026418559709185e-05	1000	0	{}	1.952297477965147e-05	1.728826570783118e-05	2.2403336510790938e-05	1000	True	paired_source_member_bootstrap_p16_p84
lbn_dnn	0.8	0.5119823813438416	7474	63.652819546810946	10691	206524.01796121345	286	63	1258870.4989906468	77.67352980826979	26	12	3068932.8921284424	6.182685041630071	1465394.5169518602	105.13838640089192	0.5898018812273331	2.4904270065012017	0.5579607009130129	3297523.043680786	0.052582014505235405	1.929555516988164e-05	True	True		0.42267557478385276	0.42227010189273506	0.40088647643680864	0.44447139131828906	0.3822816210781517	0.46682092512753454	1000	0	{}	0.05287404823976973	0.05270600807753155	0.04976289130991567	0.05588022826487996	0.047376747375616084	0.05977923122507975	1000	0	{}	1.966473575101151e-05	1.9455041005176857e-05	1.706899059973529e-05	2.2167926507805657e-05	1.521686938561946e-05	2.5805819619912265e-05	1000	0	{}	1.929555516988164e-05	1.706899059973529e-05	2.2167926507805657e-05	1000	True	paired_source_member_bootstrap_p16_p84
lbn_dnn	0.8099999999999999	0.4899475872516632	7568	64.39813564108715	10893	210472.30194578308	290	64	1303500.1892937762	76.11873803243041	27	13	4963900.577747123	4.8179754944345445	1513972.4912395594	102.58362146326523	0.7374040497230562	2.4904270065012017	0.5579607009130129	3462826.589812533	0.05233728907168949	1.859611161482342e-05	True	True		0.3972172438735347	0.3962905624302874	0.3701790432244136	0.424595781789925	0.3440788113502981	0.44917860284598615	1000	0	{}	0.052576139440411104	0.052433260994555975	0.04948920174589604	0.05557789643203545	0.04707296656713411	0.0590741803858862	1000	0	{}	1.8967830714410045e-05	1.8742801331148163e-05	1.6564378065628262e-05	2.1317102775729228e-05	1.4853154023397741e-05	2.464225513333286e-05	1000	0	{}	1.859611161482342e-05	1.6564378065628262e-05	2.1317102775729228e-05	1000	True	paired_source_member_bootstrap_p16_p84
lbn_dnn	0.82	0.4662930369377136	7663	65.21974889974828	11138	215591.81086673614	297	66	1349392.36608481	79.22666671387101	27	13	4963900.577747123	4.8179754944345445	1564984.1769515462	106.4606787059474	0.728158865200875	2.4904270065012017	0.5579607009130129	3581299.0721258014	0.052134009952499234	1.8212028300262857e-05	True	True		0.38640589177284357	0.3852565944952642	0.3592986118081785	0.4144789768116937	0.3334969767951895	0.4386147172426178	1000	0	{}	0.05237174663851224	0.05223256035186878	0.0493830558801495	0.05517727360093204	0.046958885923101476	0.05871212487020241	1000	0	{}	1.856634353095375e-05	1.8380327292363286e-05	1.6237378838632306e-05	2.085409739679789e-05	1.4553656126562669e-05	2.398124409436532e-05	1000	0	{}	1.8212028300262857e-05	1.6237378838632306e-05	2.085409739679789e-05	1000	True	paired_source_member_bootstrap_p16_p84
lbn_dnn	0.83	0.4405047595500946	7755	66.01046545924169	11378	219961.43948789453	302	66	1374853.689580701	81.38801745086828	29	15	5870927.214980755	6.237839679455156	1594815.1290685956	109.40534704387893	0.7658200077710879	2.4904270065012013	0.5579607009130129	3663418.099443922	0.05227025583385932	1.8011197365499792e-05	True	True		0.36797819396094505	0.3669982400762908	0.34017072993682124	0.39678845185766737	0.31653022302792727	0.4195226520833452	1000	0	{}	0.05252459623497583	0.052323346456908865	0.04955574439823855	0.05536393446903622	0.047266753722076525	0.058642621944741784	1000	0	{}	1.8389680820662338e-05	1.8196540977533e-05	1.6128758552907294e-05	2.0579741453064487e-05	1.4493643567038779e-05	2.375341520827154e-05	1000	0	{}	1.8011197365499792e-05	1.6128758552907294e-05	2.0579741453064487e-05	1000	True	paired_source_member_bootstrap_p16_p84
lbn_dnn	0.84	0.40763115882873535	7847	66.83891168183924	11685	225335.38494027854	312	69	1492731.0641779082	85.33594572622823	29	15	5870927.214980755	6.237839679455156	1718066.4491181867	112.94252570197227	0.7457418548182766	2.490427006501202	0.5579607009130129	3969002.5624274393	0.0509925318056275	1.683641768788318e-05	True	True		0.3584747035009435	0.3574938972652155	0.33086822657868503	0.38692037613895874	0.3082401822042517	0.4088288614467278	1000	0	{}	0.051226457615072475	0.051178583254606405	0.048476623644575445	0.053913338952124225	0.04596328166919738	0.057107487514166416	1000	0	{}	1.71667544482327e-05	1.703985487779512e-05	1.5060251549234457e-05	1.910328602477691e-05	1.3442927758891356e-05	2.1970374604267634e-05	1000	0	{}	1.683641768788318e-05	1.5060251549234457e-05	1.910328602477691e-05	1000	True	paired_source_member_bootstrap_p16_p84
lbn_dnn	0.85	0.3771636188030243	7938	67.57765852162595	11974	229972.52751579258	321	72	1561796.1604221214	90.30924648143163	32	17	6326731.0657558115	6.9838730872043095	1791768.687937914	118.75761883444633	0.7531432671643766	2.4904270065012013	0.5579607009130129	4155895.739479651	0.05048466033583744	1.626267385835708e-05	True	True		0.33836504082840363	0.33720581887383894	0.3109185013377888	0.36561177506833215	0.28827227516875187	0.390463087957926	1000	0	{}	0.05068173490852354	0.05062449556359823	0.047979853219185936	0.05322233708734676	0.045560949767387456	0.05634156547005199	1000	0	{}	1.6537869120754835e-05	1.6420644710412256e-05	1.4624795727959096e-05	1.8325872601171284e-05	1.307124399880814e-05	2.1251632111190468e-05	1000	0	{}	1.626267385835708e-05	1.4624795727959096e-05	1.8325872601171284e-05	1000	True	paired_source_member_bootstrap_p16_p84
lbn_dnn	0.86	0.3410819470882416	8032	68.43470767653295	12317	235459.4326377766	329	74	1606962.9020576787	93.32951592116419	33	18	6782069.331104388	7.7451355639418695	1842422.3346954552	122.57449321056289	0.7630571402908378	2.4904270065012017	0.5579607009130129	4280619.507147507	0.05041724763433428	1.5987808036826473e-05	True	True		0.32482283854764843	0.32421466332447424	0.297248928520071	0.3515358517731043	0.27414097077696864	0.3768584005686598	1000	0	{}	0.05059067925185013	0.05051716491675227	0.047983295644969746	0.053104319039199474	0.04567297466561816	0.05610720979985981	1000	0	{}	1.6230340535619843e-05	1.6108641815549115e-05	1.4393556586435648e-05	1.801240443424363e-05	1.286570145260831e-05	2.0776105991190968e-05	1000	0	{}	1.5987808036826473e-05	1.4393556586435648e-05	1.801240443424363e-05	1000	True	paired_source_member_bootstrap_p16_p84
lbn_dnn	0.87	0.30628737807273865	8125	69.21474753770231	12611	241236.3917964509	339	75	1695114.8740351794	94.87124047078804	33	18	6782069.331104388	7.7451355639418695	1936351.2658316302	123.69255631898652	0.7500593415845915	2.4904270065012013	0.5579607009130129	4509176.29493707	0.04973979373609483	1.535231752701566e-05	True	True		0.3182732475448049	0.3177944571374164	0.2905840551078952	0.3453616276150596	0.26717890905988423	0.37075401568217403	1000	0	{}	0.049894093496740045	0.04989813593084488	0.04727034290503012	0.052301517367845336	0.045172058359999705	0.05523097563146182	1000	0	{}	1.5570329707260796e-05	1.55157781427965e-05	1.3819989823250307e-05	1.7214885392387046e-05	1.2471143860604698e-05	1.9529953119598575e-05	1000	0	{}	1.535231752701566e-05	1.3819989823250307e-05	1.7214885392387046e-05	1000	True	paired_source_member_bootstrap_p16_p84
lbn_dnn	0.88	0.264260858297348	8220	70.09829817169692	13027	247370.05420554453	347	75	1700234.9096839924	95.38714158717971	36	19	7240972.169315503	8.529097672491288	1947604.963889537	125.05584615834671	0.7651924534541171	2.4904270065012017	0.5579607009130129	4530118.320712211	0.05022898853897762	1.5466927254815168e-05	True	True		0.2992966354894196	0.2987564130993973	0.2735835053717754	0.32741329493646515	0.24770818992915816	0.3523017973753609	1000	0	{}	0.05038184213215409	0.05037751222457921	0.047774435684324955	0.052796557813480714	0.04563227878182948	0.05570246992856867	1000	0	{}	1.5689235263490853e-05	1.5612683471234665e-05	1.3943715061402587e-05	1.732862372887307e-05	1.2584743001491053e-05	1.9654295424168617e-05	1000	0	{}	1.5466927254815168e-05	1.3943715061402587e-05	1.732862372887307e-05	1000	True	paired_source_member_bootstrap_p16_p84
lbn_dnn	0.89	0.22811110317707062	8314	70.86821833788723	13372	253971.7615238888	355	75	1747436.982322325	99.23783677198844	36	19	7240972.169315503	8.529097672491288	2001408.743846214	130.06831398596327	0.7586737054829045	2.4904270065012017	0.5579607009130129	4652625.246455143	0.05009346291911571	1.5237534336164091e-05	True	True		0.2863016641497923	0.28529519197390907	0.25959598392031	0.3147949414272312	0.23529499543850527	0.3395143039370537	1000	0	{}	0.05025591011854018	0.050216156598918496	0.04766877769216031	0.05263697204587382	0.04554140565476834	0.055514648607373755	1000	0	{}	1.544992066876203e-05	1.537978134094503e-05	1.3687190277127233e-05	1.706354362615367e-05	1.244488105073071e-05	1.934605617430344e-05	1000	0	{}	1.5237534336164091e-05	1.3687190277127233e-05	1.706354362615367e-05	1000	True	paired_source_member_bootstrap_p16_p84
lbn_dnn	0.9	0.18951646983623505	8407	71.61073820456579	13771	259776.8737935545	363	76	1823317.153610362	100.62524662547646	38	19	7274196.091444196	8.606183625117838	2083094.0274039165	131.23316555291217	0.7493445144055271	2.4904270065012017	0.5579607009130129	4849839.92926083	0.04961594021342957	1.477412210050069e-05	True	True		0.27257323176084935	0.27209627560072713	0.24607274320609962	0.3018871733676172	0.2211114947281344	0.3258557654067403	1000	0	{}	0.04976202979948634	0.04969732749228674	0.047260522759473456	0.05225449608325673	0.04522456218228669	0.05476094035288387	1000	0	{}	1.4966177666206493e-05	1.4882840696259872e-05	1.3297275561666437e-05	1.6539368876054246e-05	1.204603070386449e-05	1.8645039543667225e-05	1000	0	{}	1.477412210050069e-05	1.3297275561666437e-05	1.6539368876054246e-05	1000	True	paired_source_member_bootstrap_p16_p84
lbn_dnn	0.91	0.16183483600616455	8499	72.30185937194585	14091	264620.25790263125	370	78	1888773.1045385182	105.1801016837512	38	19	7274196.091444196	8.606183625117838	2153393.3624411495	136.60512943767372	0.740346138488064	2.4904270065012017	0.5579607009130129	5019184.588393105	0.04927031635462276	1.4422442749417236e-05	True	True		0.26470969784855586	0.2636720125943906	0.23780270031004552	0.2942694111271414	0.2128795531603013	0.317827299618835	1000	0	{}	0.04942807880185163	0.049329474499605674	0.04689045859664681	0.05193012177374007	0.04488840879076479	0.05434037461084667	1000	0	{}	1.4606793283023184e-05	1.4530243632586475e-05	1.2970988197196762e-05	1.6140555718107105e-05	1.1809299495061521e-05	1.8029508349802875e-05	1000	0	{}	1.4422442749417236e-05	1.2970988197196762e-05	1.6140555718107105e-05	1000	True	paired_source_member_bootstrap_p16_p84
lbn_dnn	0.92	0.11957719177007675	8593	73.0589166199234	14665	274582.6689018613	387	80	2021876.4553989728	111.05699084030881	38	19	7274196.091444196	8.606183625117838	2296459.1243008343	143.15803753060538	0.7220481232589984	2.4904270065012013	0.5579607009130129	5362701.066842583	0.048210492189515355	1.3624314513145883e-05	True	True		0.21455563108336043	0.21381685673261286	0.19371798458817913	0.2349938526502927	0.17598086145037528	0.253256041919829	1000	0	{}	0.04838198430729677	0.048286431445124095	0.04595090062199409	0.050759171336571665	0.04385818330469817	0.0531122452723031	1000	0	{}	1.3824697928719854e-05	1.377779095338219e-05	1.2319036319160056e-05	1.5308096127434168e-05	1.1221600051501041e-05	1.6921658027301386e-05	1000	0	{}	1.3624314513145883e-05	1.2319036319160056e-05	1.5308096127434168e-05	1000	True	paired_source_member_bootstrap_p16_p84
lbn_dnn	0.93	0.0864720344543457	8687	73.90367931015889	15202	282309.86304885166	405	83	2255916.0318866516	115.95827314841259	38	19	7274196.091444196	8.606183625117838	2538225.894935503	146.69816967438862	0.6898741794244414	2.4904270065012013	0.5579607009130129	5964103.241122912	0.046387270388687646	1.2387780306929965e-05	True	True		0.18054127782996937	0.17926795629808	0.16070382110354486	0.2003876584958255	0.1456855130125444	0.22215020714602654	1000	0	{}	0.046553575752340266	0.04643288698446964	0.04417985148888442	0.048946613842957266	0.04211182952932382	0.05134421396829872	1000	0	{}	1.2573599534841238e-05	1.2454463758883739e-05	1.119794702764909e-05	1.3979860268896058e-05	1.0267900613749882e-05	1.5397362171322875e-05	1000	0	{}	1.2387780306929965e-05	1.119794702764909e-05	1.3979860268896058e-05	1000	True	paired_source_member_bootstrap_p16_p84
lbn_dnn	0.94	0.05998403578996658	8780	74.62130138343359	15760	290038.0124260129	420	84	2375683.790596248	121.06938902373557	39	19	7274237.261391504	8.606281040281068	2665721.803022261	152.33670794564674	0.6734112862656615	2.4904270065012017	0.5579607009130129	6270648.56498298	0.045703912602043574	1.1860749970351927e-05	True	True		0.1688516624796253	0.1673652045311504	0.14961872648611219	0.18864013426792564	0.13508581988406423	0.2101813220257632	1000	0	{}	0.04587530600702077	0.04576451771240225	0.04350688378408234	0.04825745338020918	0.041622378052494705	0.05054333783407011	1000	0	{}	1.2079858135780143e-05	1.1991447014500676e-05	1.0751782376272395e-05	1.3471823937334896e-05	9.823264231581433e-06	1.4782348875533218e-05	1000	0	{}	1.1860749970351927e-05	1.0751782376272395e-05	1.3471823937334896e-05	1000	True	paired_source_member_bootstrap_p16_p84
lbn_dnn	0.95	0.0392284020781517	8873	75.376416066037	16269	298427.9715860566	436	87	2585404.3505147845	128.27516157013213	40	20	7729164.36598324	9.39999549948318	2883832.322100841	159.5019467577449	0.6655001461874216	2.4904270065012017	0.5579607009130129	6819019.174707078	0.044386263773504596	1.1053409769524673e-05	True	True		0.14701033114227693	0.14636128741909155	0.128314620414424	0.16458740532423136	0.11415866063873908	0.18883242002701617	1000	0	{}	0.044535297247902055	0.04447376496438677	0.04232087538663819	0.0466257141694251	0.0405649836093401	0.04923464239845726	1000	0	{}	1.1203520726165381e-05	1.1143624795424402e-05	1.0013371659396464e-05	1.239165766580964e-05	9.094272237514922e-06	1.38681641744851e-05	1000	0	{}	1.1053409769524673e-05	1.0013371659396464e-05	1.239165766580964e-05	1000	True	paired_source_member_bootstrap_p16_p84
lbn_dnn	0.96	0.0200052410364151	8967	76.15852638015092	17011	309373.9003865885	459	90	2804495.732529035	139.48290693619924	42	20	7762444.1224016305	9.479661132011252	3113869.6329156235	171.85548838406322	0.6387097042752884	2.4904270065012013	0.5579607009130129	7378274.32002235	0.04315852053408174	1.0310507163402786e-05	True	True		0.12393864991906549	0.1229765750346899	0.10586716110338878	0.14110969107681673	0.09191572856338891	0.16361577234912383	1000	0	{}	0.043317623737960956	0.04326027510257232	0.04121555793278585	0.045248313155083944	0.03962012747773972	0.04757910902016886	1000	0	{}	1.0464683229143126e-05	1.0392634834990205e-05	9.37946355285484e-06	1.1489591760904482e-05	8.594999764039589e-06	1.2833619223774325e-05	1000	0	{}	1.0310507163402786e-05	9.37946355285484e-06	1.1489591760904482e-05	1000	True	paired_source_member_bootstrap_p16_p84
lbn_dnn	0.97	0.010674025863409042	9058	76.95989536208685	17537	316733.65881497157	470	90	2883834.9838842154	144.7125250331432	42	20	7762444.1224016305	9.479661132011252	3200568.6426991867	178.14330881491856	0.628488793167379	2.4904270065012013	0.5579607009130129	7579903.921163613	0.043017894990918265	1.017585467269202e-05	True	True		0.1136335466150658	0.11277458727265177	0.0954014102146573	0.1307246519847421	0.08179069047592095	0.15361477927946682	1000	0	{}	0.04317722574088251	0.04311664694509188	0.04115494419986869	0.04508179845163294	0.03958227562818095	0.04729279842453142	1000	0	{}	1.0293219901960534e-05	1.0245011202296832e-05	9.241584826852802e-06	1.1296259691395636e-05	8.509115002325816e-06	1.2587167280693652e-05	1000	0	{}	1.017585467269202e-05	9.241584826852802e-06	1.1296259691395636e-05	1000	True	paired_source_member_bootstrap_p16_p84
lbn_dnn	0.98	0.0037926877848803997	9151	77.76472085232088	18307	328242.92046051624	493	92	3108765.069241453	152.67706996475158	44	20	7764863.8845116235	9.485565515334653	3437007.989701969	186.5191840029763	0.5996368879765649	2.4904270065012013	0.5579607009130129	8150130.99617615	0.041946015097960275	9.532681596094936e-06	True	True		0.07008006474844564	0.06973797866977549	0.05747492128858503	0.08190694068998015	0.049302974046666934	0.09457032566108599	1000	0	{}	0.04209707167666307	0.0420259924075896	0.04008407002854269	0.043942586069515455	0.038608520239896645	0.04617097477402717	1000	0	{}	9.666360529559166e-06	9.621830903296347e-06	8.6921573264057e-06	1.0605555092819604e-05	8.017404027848415e-06	1.1805819767731676e-05	1000	0	{}	9.532681596094936e-06	8.6921573264057e-06	1.0605555092819604e-05	1000	True	paired_source_member_bootstrap_p16_p84
lbn_dnn	0.99	0.0005854777409695089	9246	78.5236227798348	19246	337815.4486305528	520	92	3266405.831140862	164.0449246644898	45	20	7764905.054458931	9.485666099569785	3604221.2797714146	199.62244595380633	0.5793373121458638	2.4904270065012017	0.5579607009130129	8548489.563881814	0.041361190244341796	9.17430104283621e-06	True	True		0.05261184892986308	0.05200418904442505	0.04097762796131774	0.06383673924037063	0.0335598904455983	0.07603262120575675	1000	0	{}	0.04150739036270152	0.04144580261309489	0.0395773673404511	0.043334696300687266	0.037937499006480455	0.0456000888817295	1000	0	{}	9.303564813686893e-06	9.265663576674312e-06	8.37455438190057e-06	1.0208640410653826e-05	7.724790991472572e-06	1.1281951323674482e-05	1000	0	{}	9.17430104283621e-06	8.37455438190057e-06	1.0208640410653826e-05	1000	True	paired_source_member_bootstrap_p16_p84
lbn_dnn	1.0	2.1653555684619796e-12	9337	79.2373685205979	21264	352345.58455501974	575	96	3798143.787543425	182.63610523803223	55	24	8859323.834969068	11.540875725858037	4150489.3720984445	217.99143669735793	0.5712828813693899	2.4904270065012017	0.5579607009130129	9933370.303116843	0.03889367754106004	8.011016303230455e-06	True	True		0.0009760430281140856	0.0008897898509179214	0.0002741074962166579	0.0016560112922413017	6.492940724336372e-05	0.0025240122000578205	1000	0	{}	0.03899090899535946	0.03892911707878878	0.037308197468479055	0.04072017745196722	0.035769350896600244	0.04264265177938508	1000	0	{}	8.056888379032966e-06	8.00183082600954e-06	7.293543369280035e-06	8.817406796761052e-06	6.7121456969221184e-06	9.644038957930551e-06	1000	0	{}	8.011016303230455e-06	7.293543369280035e-06	8.817406796761052e-06	1000	True	paired_source_member_bootstrap_p16_p84
