population_kind	sample_class	process_or_mode	campaign	transport_id	source_index_or_target_index	transport_class	generated_events	candidate_rows	candidate_path	candidate_sha256	combined_sidecar_path	combined_sidecar_sha256	sidecar_row_start_inclusive	sidecar_row_stop_exclusive	negative_physical_weight_rows	zero_physical_weight_rows	positive_physical_weight_rows	event_join_exact	candidate_physical_weights_materialized	selected_physical_yield_calculated	zero_candidate_policy
ordinary	background	bbh_hbb_4fs	bbh_hbb_4fs_scaleout40k_20260722_v1	bundle:/store/user/iturkmen/hh4b_delphes/run2_13tev/frozen_v2/bundles/bbh_hbb_4fs_scaleout40k_20260722_v1/bbh_hbb_4fs_run2_frozen_v2_train_shard9801_10k_bundle.tar.gz	0	uniform_member_constant	10000	344	/uscms_data/d3/iturkmen/hh4b_delphes/parquet_materialized/background_frozen_v2_strict493_materialization_20260724_v1/train/bbh_hbb_4fs/0000_bbh_hbb_4fs_run2_frozen_v2_train_shard9801_10k_hh4b_candidates_v2.parquet	8521ad0f898c1e57f765044254a4b3d977f218229b8f3b2a2f0a4647e76a5779	/uscms/home/iturkmen/physical_weight_sidecars/train_candidate_run2_physical_weights_20260731_v1/train_candidate_run2_physical_weights.parquet	d5315ed70bb0298b4fc67e6e8c41437a7457b9b28b10fea2982d95b96275e2d3	0	344	0	0	344	True	344	False	not_applicable
ordinary	background	bbh_hbb_4fs	bbh_hbb_4fs_scaleout40k_20260722_v1	bundle:/store/user/iturkmen/hh4b_delphes/run2_13tev/frozen_v2/bundles/bbh_hbb_4fs_scaleout40k_20260722_v1/bbh_hbb_4fs_run2_frozen_v2_train_shard9802_10k_bundle.tar.gz	1	signed_exact_event_sidecar	10000	334	/uscms_data/d3/iturkmen/hh4b_delphes/parquet_materialized/background_frozen_v2_strict493_materialization_20260724_v1/train/bbh_hbb_4fs/0001_bbh_hbb_4fs_run2_frozen_v2_train_shard9802_10k_hh4b_candidates_v2.parquet	41381ddeb2cd3a854656fa323a0110d1f08c0c554076c61d5d6849170412199f	/uscms/home/iturkmen/physical_weight_sidecars/train_candidate_run2_physical_weights_20260731_v1/train_candidate_run2_physical_weights.parquet	d5315ed70bb0298b4fc67e6e8c41437a7457b9b28b10fea2982d95b96275e2d3	344	678	0	0	334	True	334	False	not_applicable
ordinary	background	bbh_hbb_4fs	bbh_hbb_4fs_scaleout40k_20260722_v1	bundle:/store/user/iturkmen/hh4b_delphes/run2_13tev/frozen_v2/bundles/bbh_hbb_4fs_scaleout40k_20260722_v1/bbh_hbb_4fs_run2_frozen_v2_train_shard9803_10k_bundle.tar.gz	2	uniform_member_constant	10000	334	/uscms_data/d3/iturkmen/hh4b_delphes/parquet_materialized/background_frozen_v2_strict493_materialization_20260724_v1/train/bbh_hbb_4fs/0002_bbh_hbb_4fs_run2_frozen_v2_train_shard9803_10k_hh4b_candidates_v2.parquet	ad3d5f7510f11785f38627560063251ac7cb6e556dafc327ee9d68ab5778e1bd	/uscms/home/iturkmen/physical_weight_sidecars/train_candidate_run2_physical_weights_20260731_v1/train_candidate_run2_physical_weights.parquet	d5315ed70bb0298b4fc67e6e8c41437a7457b9b28b10fea2982d95b96275e2d3	678	1012	0	0	334	True	334	False	not_applicable
ordinary	background	ggh_hbb	ggh_hbb_scaleout90k_20260722_v1	bundle:/store/user/iturkmen/hh4b_delphes/run2_13tev/frozen_v2/bundles/ggh_hbb_scaleout90k_20260722_v1/ggh_hbb_run2_frozen_v2_train_shard9701_10k_bundle.tar.gz	5	uniform_member_constant	10000	7	/uscms_data/d3/iturkmen/hh4b_delphes/parquet_materialized/background_frozen_v2_strict493_materialization_20260724_v1/train/ggh_hbb/0005_ggh_hbb_run2_frozen_v2_train_shard9701_10k_hh4b_candidates_v2.parquet	de2f575955f2f3d85f55fbb4258dd57974cf89207803458c1d198dd16953199c	/uscms/home/iturkmen/physical_weight_sidecars/train_candidate_run2_physical_weights_20260731_v1/train_candidate_run2_physical_weights.parquet	d5315ed70bb0298b4fc67e6e8c41437a7457b9b28b10fea2982d95b96275e2d3	1012	1019	0	0	7	True	7	False	not_applicable
ordinary	background	ggh_hbb	ggh_hbb_scaleout90k_20260722_v1	bundle:/store/user/iturkmen/hh4b_delphes/run2_13tev/frozen_v2/bundles/ggh_hbb_scaleout90k_20260722_v1/ggh_hbb_run2_frozen_v2_train_shard9702_10k_bundle.tar.gz	6	uniform_member_constant	10000	1	/uscms_data/d3/iturkmen/hh4b_delphes/parquet_materialized/background_frozen_v2_strict493_materialization_20260724_v1/train/ggh_hbb/0006_ggh_hbb_run2_frozen_v2_train_shard9702_10k_hh4b_candidates_v2.parquet	777a098be611a618512bbcf37751bf7f9879a079052d812bed05713a173a67b2	/uscms/home/iturkmen/physical_weight_sidecars/train_candidate_run2_physical_weights_20260731_v1/train_candidate_run2_physical_weights.parquet	d5315ed70bb0298b4fc67e6e8c41437a7457b9b28b10fea2982d95b96275e2d3	1019	1020	0	0	1	True	1	False	not_applicable
ordinary	background	ggh_hbb	ggh_hbb_scaleout90k_20260722_v1	bundle:/store/user/iturkmen/hh4b_delphes/run2_13tev/frozen_v2/bundles/ggh_hbb_scaleout90k_20260722_v1/ggh_hbb_run2_frozen_v2_train_shard9703_10k_bundle.tar.gz	7	signed_exact_event_sidecar	10000	7	/uscms_data/d3/iturkmen/hh4b_delphes/parquet_materialized/background_frozen_v2_strict493_materialization_20260724_v1/train/ggh_hbb/0007_ggh_hbb_run2_frozen_v2_train_shard9703_10k_hh4b_candidates_v2.parquet	0f868f1dcab03c758e87f9f45d0bab2e12283215c3e2a1a416d71b4dcce8b372	/uscms/home/iturkmen/physical_weight_sidecars/train_candidate_run2_physical_weights_20260731_v1/train_candidate_run2_physical_weights.parquet	d5315ed70bb0298b4fc67e6e8c41437a7457b9b28b10fea2982d95b96275e2d3	1020	1027	0	0	7	True	7	False	not_applicable
ordinary	background	ggh_hbb	ggh_hbb_scaleout90k_20260722_v1	bundle:/store/user/iturkmen/hh4b_delphes/run2_13tev/frozen_v2/bundles/ggh_hbb_scaleout90k_20260722_v1/ggh_hbb_run2_frozen_v2_train_shard9704_10k_bundle.tar.gz	8	uniform_member_constant	10000	6	/uscms_data/d3/iturkmen/hh4b_delphes/parquet_materialized/background_frozen_v2_strict493_materialization_20260724_v1/train/ggh_hbb/0008_ggh_hbb_run2_frozen_v2_train_shard9704_10k_hh4b_candidates_v2.parquet	74159f08c879081c31c9718c3f1a261e154415392a1969d54b6489dac9833175	/uscms/home/iturkmen/physical_weight_sidecars/train_candidate_run2_physical_weights_20260731_v1/train_candidate_run2_physical_weights.parquet	d5315ed70bb0298b4fc67e6e8c41437a7457b9b28b10fea2982d95b96275e2d3	1027	1033	0	0	6	True	6	False	not_applicable
ordinary	background	ggh_hbb	ggh_hbb_scaleout90k_20260722_v1	bundle:/store/user/iturkmen/hh4b_delphes/run2_13tev/frozen_v2/bundles/ggh_hbb_scaleout90k_20260722_v1/ggh_hbb_run2_frozen_v2_train_shard9705_10k_bundle.tar.gz	9	uniform_member_constant	10000	3	/uscms_data/d3/iturkmen/hh4b_delphes/parquet_materialized/background_frozen_v2_strict493_materialization_20260724_v1/train/ggh_hbb/0009_ggh_hbb_run2_frozen_v2_train_shard9705_10k_hh4b_candidates_v2.parquet	c10c52c1c241b5dee6b422392db386e4c4ceaaec401455f3cc342a54de81c105	/uscms/home/iturkmen/physical_weight_sidecars/train_candidate_run2_physical_weights_20260731_v1/train_candidate_run2_physical_weights.parquet	d5315ed70bb0298b4fc67e6e8c41437a7457b9b28b10fea2982d95b96275e2d3	1033	1036	0	0	3	True	3	False	not_applicable
ordinary	background	ggh_hbb	ggh_hbb_scaleout90k_20260722_v1	bundle:/store/user/iturkmen/hh4b_delphes/run2_13tev/frozen_v2/bundles/ggh_hbb_scaleout90k_20260722_v1/ggh_hbb_run2_frozen_v2_train_shard9706_10k_bundle.tar.gz	10	uniform_member_constant	10000	6	/uscms_data/d3/iturkmen/hh4b_delphes/parquet_materialized/background_frozen_v2_strict493_materialization_20260724_v1/train/ggh_hbb/0010_ggh_hbb_run2_frozen_v2_train_shard9706_10k_hh4b_candidates_v2.parquet	4fb4a34b880f056128e85bfb8cb8383c619f0e6473451b196243843cf3d04eb2	/uscms/home/iturkmen/physical_weight_sidecars/train_candidate_run2_physical_weights_20260731_v1/train_candidate_run2_physical_weights.parquet	d5315ed70bb0298b4fc67e6e8c41437a7457b9b28b10fea2982d95b96275e2d3	1036	1042	0	0	6	True	6	False	not_applicable
ordinary	background	ggh_hbb	ggh_hbb_scaleout90k_20260722_v1	bundle:/store/user/iturkmen/hh4b_delphes/run2_13tev/frozen_v2/bundles/ggh_hbb_scaleout90k_20260722_v1/ggh_hbb_run2_frozen_v2_train_shard9707_10k_bundle.tar.gz	11	uniform_member_constant	10000	2	/uscms_data/d3/iturkmen/hh4b_delphes/parquet_materialized/background_frozen_v2_strict493_materialization_20260724_v1/train/ggh_hbb/0011_ggh_hbb_run2_frozen_v2_train_shard9707_10k_hh4b_candidates_v2.parquet	6e573d6cddea67bd7482de601b7796084b1b7aeff0d809dc3e4a2fc526dce7b8	/uscms/home/iturkmen/physical_weight_sidecars/train_candidate_run2_physical_weights_20260731_v1/train_candidate_run2_physical_weights.parquet	d5315ed70bb0298b4fc67e6e8c41437a7457b9b28b10fea2982d95b96275e2d3	1042	1044	0	0	2	True	2	False	not_applicable
ordinary	background	ggh_hbb	ggh_hbb_scaleout90k_20260722_v1	bundle:/store/user/iturkmen/hh4b_delphes/run2_13tev/frozen_v2/bundles/ggh_hbb_scaleout90k_20260722_v1/ggh_hbb_run2_frozen_v2_train_shard9708_10k_bundle.tar.gz	12	signed_exact_event_sidecar	10000	6	/uscms_data/d3/iturkmen/hh4b_delphes/parquet_materialized/background_frozen_v2_strict493_materialization_20260724_v1/train/ggh_hbb/0012_ggh_hbb_run2_frozen_v2_train_shard9708_10k_hh4b_candidates_v2.parquet	6614ff5eed0ad76e6a223a698243370663c0313c43844c61e7ea6b13a296b397	/uscms/home/iturkmen/physical_weight_sidecars/train_candidate_run2_physical_weights_20260731_v1/train_candidate_run2_physical_weights.parquet	d5315ed70bb0298b4fc67e6e8c41437a7457b9b28b10fea2982d95b96275e2d3	1044	1050	0	0	6	True	6	False	not_applicable
ordinary	background	schannel_single_top	unified_background_5m_single_top_pilot50k_20260722_v1	bundle:/store/user/iturkmen/hh4b_delphes/run2_13tev/frozen_v2/bundles/unified_background_5m_single_top_pilot50k_20260722_v1/schannel_single_top_run2_frozen_v2_single_top_pilot_shard4203_10kevt_bundle.tar.gz	276	uniform_member_constant	10000	8	/uscms_data/d3/iturkmen/hh4b_delphes/parquet_materialized/background_frozen_v2_strict493_materialization_20260724_v1/train/schannel_single_top/0276_schannel_single_top_run2_frozen_v2_single_top_pilot_shard4203_10kevt_hh4b_candidates_v2.parquet	508f23bd264fdfd33442243ac0cb4072209f85c498f5080e6de9d60d3459e393	/uscms/home/iturkmen/physical_weight_sidecars/train_candidate_run2_physical_weights_20260731_v1/train_candidate_run2_physical_weights.parquet	d5315ed70bb0298b4fc67e6e8c41437a7457b9b28b10fea2982d95b96275e2d3	1050	1058	0	0	8	True	8	False	not_applicable
ordinary	background	tchannel_antitop	unified_background_5m_single_top_pilot50k_20260722_v1	bundle:/store/user/iturkmen/hh4b_delphes/run2_13tev/frozen_v2/bundles/unified_background_5m_single_top_pilot50k_20260722_v1/tchannel_antitop_run2_frozen_v2_single_top_pilot_shard4202_10kevt_bundle.tar.gz	279	uniform_member_constant	10000	8	/uscms_data/d3/iturkmen/hh4b_delphes/parquet_materialized/background_frozen_v2_strict493_materialization_20260724_v1/train/tchannel_antitop/0279_tchannel_antitop_run2_frozen_v2_single_top_pilot_shard4202_10kevt_hh4b_candidates_v2.parquet	4dfef14d18b64f285379419e2b9eacc15cfde6667975980a6ca9ab72c8cdeece	/uscms/home/iturkmen/physical_weight_sidecars/train_candidate_run2_physical_weights_20260731_v1/train_candidate_run2_physical_weights.parquet	d5315ed70bb0298b4fc67e6e8c41437a7457b9b28b10fea2982d95b96275e2d3	1058	1066	0	0	8	True	8	False	not_applicable
ordinary	background	tchannel_antitop	unified_background_5m_single_top_scaleout280k_20260722_v1	bundle:/store/user/iturkmen/hh4b_delphes/run2_13tev/frozen_v2/bundles/unified_background_5m_single_top_scaleout280k_20260722_v1/tchannel_antitop_run2_frozen_v2_single_top_scaleout_shard4308_10kevt_bundle.tar.gz	280	uniform_member_constant	10000	1	/uscms_data/d3/iturkmen/hh4b_delphes/parquet_materialized/background_frozen_v2_strict493_materialization_20260724_v1/train/tchannel_antitop/0280_tchannel_antitop_run2_frozen_v2_single_top_scaleout_shard4308_10kevt_hh4b_candidates_v2.parquet	3a24bda8c64aa252828c0cc5e89065b16b9d834e24c9d568dadbf4011ec12094	/uscms/home/iturkmen/physical_weight_sidecars/train_candidate_run2_physical_weights_20260731_v1/train_candidate_run2_physical_weights.parquet	d5315ed70bb0298b4fc67e6e8c41437a7457b9b28b10fea2982d95b96275e2d3	1066	1067	0	0	1	True	1	False	not_applicable
ordinary	background	tchannel_antitop	unified_background_5m_single_top_scaleout280k_20260722_v1	bundle:/store/user/iturkmen/hh4b_delphes/run2_13tev/frozen_v2/bundles/unified_background_5m_single_top_scaleout280k_20260722_v1/tchannel_antitop_run2_frozen_v2_single_top_scaleout_shard4310_10kevt_bundle.tar.gz	282	uniform_member_constant	10000	2	/uscms_data/d3/iturkmen/hh4b_delphes/parquet_materialized/background_frozen_v2_strict493_materialization_20260724_v1/train/tchannel_antitop/0282_tchannel_antitop_run2_frozen_v2_single_top_scaleout_shard4310_10kevt_hh4b_candidates_v2.parquet	3995cedc0c14b4cf29b4c58770cca26be11f5965e1a8f401290cbe4988ae4dc7	/uscms/home/iturkmen/physical_weight_sidecars/train_candidate_run2_physical_weights_20260731_v1/train_candidate_run2_physical_weights.parquet	d5315ed70bb0298b4fc67e6e8c41437a7457b9b28b10fea2982d95b96275e2d3	1067	1069	0	0	2	True	2	False	not_applicable
ordinary	background	tchannel_antitop	unified_background_5m_single_top_scaleout280k_20260722_v1	bundle:/store/user/iturkmen/hh4b_delphes/run2_13tev/frozen_v2/bundles/unified_background_5m_single_top_scaleout280k_20260722_v1/tchannel_antitop_run2_frozen_v2_single_top_scaleout_shard4311_10kevt_bundle.tar.gz	283	uniform_member_constant	10000	4	/uscms_data/d3/iturkmen/hh4b_delphes/parquet_materialized/background_frozen_v2_strict493_materialization_20260724_v1/train/tchannel_antitop/0283_tchannel_antitop_run2_frozen_v2_single_top_scaleout_shard4311_10kevt_hh4b_candidates_v2.parquet	f6446757ccd34d73d51bdc7f10d717d2e59dd693674044cde37ac5be4ab510d6	/uscms/home/iturkmen/physical_weight_sidecars/train_candidate_run2_physical_weights_20260731_v1/train_candidate_run2_physical_weights.parquet	d5315ed70bb0298b4fc67e6e8c41437a7457b9b28b10fea2982d95b96275e2d3	1069	1073	0	0	4	True	4	False	not_applicable
ordinary	background	tchannel_antitop	unified_background_5m_single_top_scaleout280k_20260722_v1	bundle:/store/user/iturkmen/hh4b_delphes/run2_13tev/frozen_v2/bundles/unified_background_5m_single_top_scaleout280k_20260722_v1/tchannel_antitop_run2_frozen_v2_single_top_scaleout_shard4312_10kevt_bundle.tar.gz	284	uniform_member_constant	10000	4	/uscms_data/d3/iturkmen/hh4b_delphes/parquet_materialized/background_frozen_v2_strict493_materialization_20260724_v1/train/tchannel_antitop/0284_tchannel_antitop_run2_frozen_v2_single_top_scaleout_shard4312_10kevt_hh4b_candidates_v2.parquet	187044af77b67defdaef7cd4491b9bb14b26cac8a7f31523e4310fa21bd7605a	/uscms/home/iturkmen/physical_weight_sidecars/train_candidate_run2_physical_weights_20260731_v1/train_candidate_run2_physical_weights.parquet	d5315ed70bb0298b4fc67e6e8c41437a7457b9b28b10fea2982d95b96275e2d3	1073	1077	0	0	4	True	4	False	not_applicable
ordinary	background	tchannel_top	unified_background_5m_single_top_pilot50k_20260722_v1	bundle:/store/user/iturkmen/hh4b_delphes/run2_13tev/frozen_v2/bundles/unified_background_5m_single_top_pilot50k_20260722_v1/tchannel_top_run2_frozen_v2_single_top_pilot_shard4201_10kevt_bundle.tar.gz	287	uniform_member_constant	10000	7	/uscms_data/d3/iturkmen/hh4b_delphes/parquet_materialized/background_frozen_v2_strict493_materialization_20260724_v1/train/tchannel_top/0287_tchannel_top_run2_frozen_v2_single_top_pilot_shard4201_10kevt_hh4b_candidates_v2.parquet	168259cf5ba71a9d5827f02a04b492017f09d5af94110f1da2fa6b1a52540cb7	/uscms/home/iturkmen/physical_weight_sidecars/train_candidate_run2_physical_weights_20260731_v1/train_candidate_run2_physical_weights.parquet	d5315ed70bb0298b4fc67e6e8c41437a7457b9b28b10fea2982d95b96275e2d3	1077	1084	0	0	7	True	7	False	not_applicable
ordinary	background	tchannel_top	unified_background_5m_single_top_scaleout280k_20260722_v1	bundle:/store/user/iturkmen/hh4b_delphes/run2_13tev/frozen_v2/bundles/unified_background_5m_single_top_scaleout280k_20260722_v1/tchannel_top_run2_frozen_v2_single_top_scaleout_shard4301_10kevt_bundle.tar.gz	288	uniform_member_constant	10000	7	/uscms_data/d3/iturkmen/hh4b_delphes/parquet_materialized/background_frozen_v2_strict493_materialization_20260724_v1/train/tchannel_top/0288_tchannel_top_run2_frozen_v2_single_top_scaleout_shard4301_10kevt_hh4b_candidates_v2.parquet	4a27e637a6cb943d23caa46610b4b3aa9a7a6e88076e06dafaee60e352aa678c	/uscms/home/iturkmen/physical_weight_sidecars/train_candidate_run2_physical_weights_20260731_v1/train_candidate_run2_physical_weights.parquet	d5315ed70bb0298b4fc67e6e8c41437a7457b9b28b10fea2982d95b96275e2d3	1084	1091	0	0	7	True	7	False	not_applicable
ordinary	background	tchannel_top	unified_background_5m_single_top_scaleout280k_20260722_v1	bundle:/store/user/iturkmen/hh4b_delphes/run2_13tev/frozen_v2/bundles/unified_background_5m_single_top_scaleout280k_20260722_v1/tchannel_top_run2_frozen_v2_single_top_scaleout_shard4302_10kevt_bundle.tar.gz	289	uniform_member_constant	10000	4	/uscms_data/d3/iturkmen/hh4b_delphes/parquet_materialized/background_frozen_v2_strict493_materialization_20260724_v1/train/tchannel_top/0289_tchannel_top_run2_frozen_v2_single_top_scaleout_shard4302_10kevt_hh4b_candidates_v2.parquet	eb5a227cf398db7f9b854c3eea6a378513f65800314c8809635b28cd40c449a9	/uscms/home/iturkmen/physical_weight_sidecars/train_candidate_run2_physical_weights_20260731_v1/train_candidate_run2_physical_weights.parquet	d5315ed70bb0298b4fc67e6e8c41437a7457b9b28b10fea2982d95b96275e2d3	1091	1095	0	0	4	True	4	False	not_applicable
ordinary	background	tchannel_top	unified_background_5m_single_top_scaleout280k_20260722_v1	bundle:/store/user/iturkmen/hh4b_delphes/run2_13tev/frozen_v2/bundles/unified_background_5m_single_top_scaleout280k_20260722_v1/tchannel_top_run2_frozen_v2_single_top_scaleout_shard4303_10kevt_bundle.tar.gz	290	uniform_member_constant	10000	1	/uscms_data/d3/iturkmen/hh4b_delphes/parquet_materialized/background_frozen_v2_strict493_materialization_20260724_v1/train/tchannel_top/0290_tchannel_top_run2_frozen_v2_single_top_scaleout_shard4303_10kevt_hh4b_candidates_v2.parquet	b61c5ec915f5c9f2f1accb541b57fc2d567793a69fe44988a058520d296b2071	/uscms/home/iturkmen/physical_weight_sidecars/train_candidate_run2_physical_weights_20260731_v1/train_candidate_run2_physical_weights.parquet	d5315ed70bb0298b4fc67e6e8c41437a7457b9b28b10fea2982d95b96275e2d3	1095	1096	0	0	1	True	1	False	not_applicable
ordinary	background	tchannel_top	unified_background_5m_single_top_scaleout280k_20260722_v1	bundle:/store/user/iturkmen/hh4b_delphes/run2_13tev/frozen_v2/bundles/unified_background_5m_single_top_scaleout280k_20260722_v1/tchannel_top_run2_frozen_v2_single_top_scaleout_shard4304_10kevt_bundle.tar.gz	291	uniform_member_constant	10000	0	/uscms_data/d3/iturkmen/hh4b_delphes/parquet_materialized/background_frozen_v2_strict493_materialization_20260724_v1/train/tchannel_top/0291_tchannel_top_run2_frozen_v2_single_top_scaleout_shard4304_10kevt_hh4b_candidates_v2.parquet	6ecb43c3d83f9d0083f49bf84239160ad0e69ca93683c510e00f9ff1931bd8a3	/uscms/home/iturkmen/physical_weight_sidecars/train_candidate_run2_physical_weights_20260731_v1/train_candidate_run2_physical_weights.parquet	d5315ed70bb0298b4fc67e6e8c41437a7457b9b28b10fea2982d95b96275e2d3	1096	1096	0	0	0	True	0	False	no_sidecar_rows_required_for_zero_candidates
ordinary	background	tchannel_top	unified_background_5m_single_top_scaleout280k_20260722_v1	bundle:/store/user/iturkmen/hh4b_delphes/run2_13tev/frozen_v2/bundles/unified_background_5m_single_top_scaleout280k_20260722_v1/tchannel_top_run2_frozen_v2_single_top_scaleout_shard4305_10kevt_bundle.tar.gz	292	uniform_member_constant	10000	0	/uscms_data/d3/iturkmen/hh4b_delphes/parquet_materialized/background_frozen_v2_strict493_materialization_20260724_v1/train/tchannel_top/0292_tchannel_top_run2_frozen_v2_single_top_scaleout_shard4305_10kevt_hh4b_candidates_v2.parquet	6ecb43c3d83f9d0083f49bf84239160ad0e69ca93683c510e00f9ff1931bd8a3	/uscms/home/iturkmen/physical_weight_sidecars/train_candidate_run2_physical_weights_20260731_v1/train_candidate_run2_physical_weights.parquet	d5315ed70bb0298b4fc67e6e8c41437a7457b9b28b10fea2982d95b96275e2d3	1096	1096	0	0	0	True	0	False	no_sidecar_rows_required_for_zero_candidates
ordinary	background	tw_antitop	unified_background_5m_single_top_pilot50k_20260722_v1	bundle:/store/user/iturkmen/hh4b_delphes/run2_13tev/frozen_v2/bundles/unified_background_5m_single_top_pilot50k_20260722_v1/tw_antitop_run2_frozen_v2_single_top_pilot_shard4205_10kevt_bundle.tar.gz	295	uniform_member_constant	10000	18	/uscms_data/d3/iturkmen/hh4b_delphes/parquet_materialized/background_frozen_v2_strict493_materialization_20260724_v1/train/tw_antitop/0295_tw_antitop_run2_frozen_v2_single_top_pilot_shard4205_10kevt_hh4b_candidates_v2.parquet	1f1ee7fecec2ab280163a719ac98468e01dbf0197f5350ebbed67daf645cafa2	/uscms/home/iturkmen/physical_weight_sidecars/train_candidate_run2_physical_weights_20260731_v1/train_candidate_run2_physical_weights.parquet	d5315ed70bb0298b4fc67e6e8c41437a7457b9b28b10fea2982d95b96275e2d3	1096	1114	0	0	18	True	18	False	not_applicable
ordinary	background	tw_antitop	unified_background_5m_single_top_scaleout280k_20260722_v1	bundle:/store/user/iturkmen/hh4b_delphes/run2_13tev/frozen_v2/bundles/unified_background_5m_single_top_scaleout280k_20260722_v1/tw_antitop_run2_frozen_v2_single_top_scaleout_shard4323_10kevt_bundle.tar.gz	296	uniform_member_constant	10000	17	/uscms_data/d3/iturkmen/hh4b_delphes/parquet_materialized/background_frozen_v2_strict493_materialization_20260724_v1/train/tw_antitop/0296_tw_antitop_run2_frozen_v2_single_top_scaleout_shard4323_10kevt_hh4b_candidates_v2.parquet	7a95c1032dd4a5a8dac9c1141eedb668ba5d595e2d9a91437bd4ee0c1b78b534	/uscms/home/iturkmen/physical_weight_sidecars/train_candidate_run2_physical_weights_20260731_v1/train_candidate_run2_physical_weights.parquet	d5315ed70bb0298b4fc67e6e8c41437a7457b9b28b10fea2982d95b96275e2d3	1114	1131	0	0	17	True	17	False	not_applicable
ordinary	background	tw_antitop	unified_background_5m_single_top_scaleout280k_20260722_v1	bundle:/store/user/iturkmen/hh4b_delphes/run2_13tev/frozen_v2/bundles/unified_background_5m_single_top_scaleout280k_20260722_v1/tw_antitop_run2_frozen_v2_single_top_scaleout_shard4324_10kevt_bundle.tar.gz	297	uniform_member_constant	10000	15	/uscms_data/d3/iturkmen/hh4b_delphes/parquet_materialized/background_frozen_v2_strict493_materialization_20260724_v1/train/tw_antitop/0297_tw_antitop_run2_frozen_v2_single_top_scaleout_shard4324_10kevt_hh4b_candidates_v2.parquet	663b2df96a23dd708677098415bffbbfdaa78fea94d92a1df5d7f42a8b0e2f1c	/uscms/home/iturkmen/physical_weight_sidecars/train_candidate_run2_physical_weights_20260731_v1/train_candidate_run2_physical_weights.parquet	d5315ed70bb0298b4fc67e6e8c41437a7457b9b28b10fea2982d95b96275e2d3	1131	1146	0	0	15	True	15	False	not_applicable
ordinary	background	tw_antitop	unified_background_5m_single_top_scaleout280k_20260722_v1	bundle:/store/user/iturkmen/hh4b_delphes/run2_13tev/frozen_v2/bundles/unified_background_5m_single_top_scaleout280k_20260722_v1/tw_antitop_run2_frozen_v2_single_top_scaleout_shard4325_10kevt_bundle.tar.gz	298	uniform_member_constant	10000	14	/uscms_data/d3/iturkmen/hh4b_delphes/parquet_materialized/background_frozen_v2_strict493_materialization_20260724_v1/train/tw_antitop/0298_tw_antitop_run2_frozen_v2_single_top_scaleout_shard4325_10kevt_hh4b_candidates_v2.parquet	3a0fb8f046a14cb0b1cf2aa21db31535ed87f247547ddf53419c1cdf7e4fad59	/uscms/home/iturkmen/physical_weight_sidecars/train_candidate_run2_physical_weights_20260731_v1/train_candidate_run2_physical_weights.parquet	d5315ed70bb0298b4fc67e6e8c41437a7457b9b28b10fea2982d95b96275e2d3	1146	1160	0	0	14	True	14	False	not_applicable
ordinary	background	tw_top	unified_background_5m_single_top_scaleout280k_20260722_v1	bundle:/store/user/iturkmen/hh4b_delphes/run2_13tev/frozen_v2/bundles/unified_background_5m_single_top_scaleout280k_20260722_v1/tw_top_run2_frozen_v2_single_top_scaleout_shard4317_10kevt_bundle.tar.gz	302	uniform_member_constant	10000	9	/uscms_data/d3/iturkmen/hh4b_delphes/parquet_materialized/background_frozen_v2_strict493_materialization_20260724_v1/train/tw_top/0302_tw_top_run2_frozen_v2_single_top_scaleout_shard4317_10kevt_hh4b_candidates_v2.parquet	678e909ad7ced0174a6af9a18ad5d318376cfc1a557897324cea96f07905422a	/uscms/home/iturkmen/physical_weight_sidecars/train_candidate_run2_physical_weights_20260731_v1/train_candidate_run2_physical_weights.parquet	d5315ed70bb0298b4fc67e6e8c41437a7457b9b28b10fea2982d95b96275e2d3	1160	1169	0	0	9	True	9	False	not_applicable
ordinary	background	tw_top	unified_background_5m_single_top_scaleout280k_20260722_v1	bundle:/store/user/iturkmen/hh4b_delphes/run2_13tev/frozen_v2/bundles/unified_background_5m_single_top_scaleout280k_20260722_v1/tw_top_run2_frozen_v2_single_top_scaleout_shard4318_10kevt_bundle.tar.gz	303	uniform_member_constant	10000	11	/uscms_data/d3/iturkmen/hh4b_delphes/parquet_materialized/background_frozen_v2_strict493_materialization_20260724_v1/train/tw_top/0303_tw_top_run2_frozen_v2_single_top_scaleout_shard4318_10kevt_hh4b_candidates_v2.parquet	445ffb412c51f532c7d33dcab34baf02aaf408c11a483dce719be567fcba73a2	/uscms/home/iturkmen/physical_weight_sidecars/train_candidate_run2_physical_weights_20260731_v1/train_candidate_run2_physical_weights.parquet	d5315ed70bb0298b4fc67e6e8c41437a7457b9b28b10fea2982d95b96275e2d3	1169	1180	0	0	11	True	11	False	not_applicable
ordinary	background	tw_top	unified_background_5m_single_top_scaleout280k_20260722_v1	bundle:/store/user/iturkmen/hh4b_delphes/run2_13tev/frozen_v2/bundles/unified_background_5m_single_top_scaleout280k_20260722_v1/tw_top_run2_frozen_v2_single_top_scaleout_shard4319_10kevt_bundle.tar.gz	304	uniform_member_constant	10000	7	/uscms_data/d3/iturkmen/hh4b_delphes/parquet_materialized/background_frozen_v2_strict493_materialization_20260724_v1/train/tw_top/0304_tw_top_run2_frozen_v2_single_top_scaleout_shard4319_10kevt_hh4b_candidates_v2.parquet	061b3b5950db5303d602a48c4e9be482f5f3cff6a7a4a88c31eaec6176fbe099	/uscms/home/iturkmen/physical_weight_sidecars/train_candidate_run2_physical_weights_20260731_v1/train_candidate_run2_physical_weights.parquet	d5315ed70bb0298b4fc67e6e8c41437a7457b9b28b10fea2982d95b96275e2d3	1180	1187	0	0	7	True	7	False	not_applicable
ordinary	background	tw_top	unified_background_5m_single_top_scaleout280k_20260722_v1	bundle:/store/user/iturkmen/hh4b_delphes/run2_13tev/frozen_v2/bundles/unified_background_5m_single_top_scaleout280k_20260722_v1/tw_top_run2_frozen_v2_single_top_scaleout_shard4320_10kevt_bundle.tar.gz	305	uniform_member_constant	10000	10	/uscms_data/d3/iturkmen/hh4b_delphes/parquet_materialized/background_frozen_v2_strict493_materialization_20260724_v1/train/tw_top/0305_tw_top_run2_frozen_v2_single_top_scaleout_shard4320_10kevt_hh4b_candidates_v2.parquet	8761cb662092ae0dd9ebf8a7970624c899e3d8900477ead3823fa630fc261585	/uscms/home/iturkmen/physical_weight_sidecars/train_candidate_run2_physical_weights_20260731_v1/train_candidate_run2_physical_weights.parquet	d5315ed70bb0298b4fc67e6e8c41437a7457b9b28b10fea2982d95b96275e2d3	1187	1197	0	0	10	True	10	False	not_applicable
ordinary	background	tw_top	unified_background_5m_single_top_scaleout280k_20260722_v1	bundle:/store/user/iturkmen/hh4b_delphes/run2_13tev/frozen_v2/bundles/unified_background_5m_single_top_scaleout280k_20260722_v1/tw_top_run2_frozen_v2_single_top_scaleout_shard4321_10kevt_bundle.tar.gz	306	uniform_member_constant	10000	10	/uscms_data/d3/iturkmen/hh4b_delphes/parquet_materialized/background_frozen_v2_strict493_materialization_20260724_v1/train/tw_top/0306_tw_top_run2_frozen_v2_single_top_scaleout_shard4321_10kevt_hh4b_candidates_v2.parquet	ec6bf64d54a102a486d71761d5c1e17d77fc393d6c3cdd373ae7d15477180caf	/uscms/home/iturkmen/physical_weight_sidecars/train_candidate_run2_physical_weights_20260731_v1/train_candidate_run2_physical_weights.parquet	d5315ed70bb0298b4fc67e6e8c41437a7457b9b28b10fea2982d95b96275e2d3	1197	1207	0	0	10	True	10	False	not_applicable
ordinary	background	wwz_zbb	final_background_triboson_zbb_scaleout40k_20260722_v1	bundle:/store/user/iturkmen/hh4b_delphes/run2_13tev/frozen_v2/bundles/final_background_triboson_zbb_scaleout40k_20260722_v1/wwz_zbb_run2_frozen_v2_train_shard9901_5200_bundle.tar.gz	309	signed_exact_event_sidecar	5200	9	/uscms_data/d3/iturkmen/hh4b_delphes/parquet_materialized/background_frozen_v2_strict493_materialization_20260724_v1/train/wwz_zbb/0309_wwz_zbb_run2_frozen_v2_train_shard9901_5200_hh4b_candidates_v2.parquet	59e8540af0a3eadda3cc08b1d4c27d0e7b795ae2b0ad14f259e749d1d1a856cd	/uscms/home/iturkmen/physical_weight_sidecars/train_candidate_run2_physical_weights_20260731_v1/train_candidate_run2_physical_weights.parquet	d5315ed70bb0298b4fc67e6e8c41437a7457b9b28b10fea2982d95b96275e2d3	1207	1216	0	0	9	True	9	False	not_applicable
ordinary	background	wwz_zbb	final_background_triboson_zbb_scaleout40k_20260722_v1	bundle:/store/user/iturkmen/hh4b_delphes/run2_13tev/frozen_v2/bundles/final_background_triboson_zbb_scaleout40k_20260722_v1/wwz_zbb_run2_frozen_v2_train_shard9902_5200_bundle.tar.gz	310	signed_exact_event_sidecar	5200	9	/uscms_data/d3/iturkmen/hh4b_delphes/parquet_materialized/background_frozen_v2_strict493_materialization_20260724_v1/train/wwz_zbb/0310_wwz_zbb_run2_frozen_v2_train_shard9902_5200_hh4b_candidates_v2.parquet	9bdb10e2137561841ad243ddfed39001f77d90921ae268573558d87a7ea86671	/uscms/home/iturkmen/physical_weight_sidecars/train_candidate_run2_physical_weights_20260731_v1/train_candidate_run2_physical_weights.parquet	d5315ed70bb0298b4fc67e6e8c41437a7457b9b28b10fea2982d95b96275e2d3	1216	1225	0	0	9	True	9	False	not_applicable
ordinary	background	wwz_zbb	final_background_triboson_zbb_scaleout40k_20260722_v1	bundle:/store/user/iturkmen/hh4b_delphes/run2_13tev/frozen_v2/bundles/final_background_triboson_zbb_scaleout40k_20260722_v1/wwz_zbb_run2_frozen_v2_train_shard9903_5200_bundle.tar.gz	311	signed_exact_event_sidecar	5200	10	/uscms_data/d3/iturkmen/hh4b_delphes/parquet_materialized/background_frozen_v2_strict493_materialization_20260724_v1/train/wwz_zbb/0311_wwz_zbb_run2_frozen_v2_train_shard9903_5200_hh4b_candidates_v2.parquet	71ab19fdcddb163b40d930e59af0f13a125147eae0906f551edeb337e2e1e597	/uscms/home/iturkmen/physical_weight_sidecars/train_candidate_run2_physical_weights_20260731_v1/train_candidate_run2_physical_weights.parquet	d5315ed70bb0298b4fc67e6e8c41437a7457b9b28b10fea2982d95b96275e2d3	1225	1235	0	0	10	True	10	False	not_applicable
ordinary	background	wwz_zbb	final_background_triboson_zbb_scaleout40k_20260722_v1	bundle:/store/user/iturkmen/hh4b_delphes/run2_13tev/frozen_v2/bundles/final_background_triboson_zbb_scaleout40k_20260722_v1/wwz_zbb_run2_frozen_v2_train_shard9904_5200_bundle.tar.gz	312	signed_exact_event_sidecar	5200	5	/uscms_data/d3/iturkmen/hh4b_delphes/parquet_materialized/background_frozen_v2_strict493_materialization_20260724_v1/train/wwz_zbb/0312_wwz_zbb_run2_frozen_v2_train_shard9904_5200_hh4b_candidates_v2.parquet	7af1cc27a669db4270a5e1b1f0d8c7e54844a95b024d21a20b574c1398d47276	/uscms/home/iturkmen/physical_weight_sidecars/train_candidate_run2_physical_weights_20260731_v1/train_candidate_run2_physical_weights.parquet	d5315ed70bb0298b4fc67e6e8c41437a7457b9b28b10fea2982d95b96275e2d3	1235	1240	0	0	5	True	5	False	not_applicable
ordinary	background	wzz_zbb	final_background_triboson_zbb_scaleout40k_20260722_v1	bundle:/store/user/iturkmen/hh4b_delphes/run2_13tev/frozen_v2/bundles/final_background_triboson_zbb_scaleout40k_20260722_v1/wzz_zbb_run2_frozen_v2_train_shard9911_3300_bundle.tar.gz	314	signed_exact_event_sidecar	3300	9	/uscms_data/d3/iturkmen/hh4b_delphes/parquet_materialized/background_frozen_v2_strict493_materialization_20260724_v1/train/wzz_zbb/0314_wzz_zbb_run2_frozen_v2_train_shard9911_3300_hh4b_candidates_v2.parquet	fb131dc66fcee78bcec818d4d53965d9074275242dcda863a1928f7e3ba347b6	/uscms/home/iturkmen/physical_weight_sidecars/train_candidate_run2_physical_weights_20260731_v1/train_candidate_run2_physical_weights.parquet	d5315ed70bb0298b4fc67e6e8c41437a7457b9b28b10fea2982d95b96275e2d3	1240	1249	0	0	9	True	9	False	not_applicable
ordinary	background	wzz_zbb	final_background_triboson_zbb_scaleout40k_20260722_v1	bundle:/store/user/iturkmen/hh4b_delphes/run2_13tev/frozen_v2/bundles/final_background_triboson_zbb_scaleout40k_20260722_v1/wzz_zbb_run2_frozen_v2_train_shard9912_3300_bundle.tar.gz	315	signed_exact_event_sidecar	3300	20	/uscms_data/d3/iturkmen/hh4b_delphes/parquet_materialized/background_frozen_v2_strict493_materialization_20260724_v1/train/wzz_zbb/0315_wzz_zbb_run2_frozen_v2_train_shard9912_3300_hh4b_candidates_v2.parquet	3f058e56c24549d8cbd59c8b20a5bd804eedb7fd952910a83c68310e2f4f8125	/uscms/home/iturkmen/physical_weight_sidecars/train_candidate_run2_physical_weights_20260731_v1/train_candidate_run2_physical_weights.parquet	d5315ed70bb0298b4fc67e6e8c41437a7457b9b28b10fea2982d95b96275e2d3	1249	1269	0	0	20	True	20	False	not_applicable
ordinary	background	wzz_zbb	final_background_triboson_zbb_scaleout40k_20260722_v1	bundle:/store/user/iturkmen/hh4b_delphes/run2_13tev/frozen_v2/bundles/final_background_triboson_zbb_scaleout40k_20260722_v1/wzz_zbb_run2_frozen_v2_train_shard9913_3300_bundle.tar.gz	316	signed_exact_event_sidecar	3300	20	/uscms_data/d3/iturkmen/hh4b_delphes/parquet_materialized/background_frozen_v2_strict493_materialization_20260724_v1/train/wzz_zbb/0316_wzz_zbb_run2_frozen_v2_train_shard9913_3300_hh4b_candidates_v2.parquet	1125ebe808b757ff68d79edf6ac14281864382a4011ca9283c2b299f56881cb1	/uscms/home/iturkmen/physical_weight_sidecars/train_candidate_run2_physical_weights_20260731_v1/train_candidate_run2_physical_weights.parquet	d5315ed70bb0298b4fc67e6e8c41437a7457b9b28b10fea2982d95b96275e2d3	1269	1289	0	0	20	True	20	False	not_applicable
ordinary	background	wzz_zbb	final_background_triboson_zbb_scaleout40k_20260722_v1	bundle:/store/user/iturkmen/hh4b_delphes/run2_13tev/frozen_v2/bundles/final_background_triboson_zbb_scaleout40k_20260722_v1/wzz_zbb_run2_frozen_v2_train_shard9914_3300_bundle.tar.gz	317	signed_exact_event_sidecar	3300	19	/uscms_data/d3/iturkmen/hh4b_delphes/parquet_materialized/background_frozen_v2_strict493_materialization_20260724_v1/train/wzz_zbb/0317_wzz_zbb_run2_frozen_v2_train_shard9914_3300_hh4b_candidates_v2.parquet	f79c4796968beeacfebe8e7943a0025c70be0d69cd3de24117b805fc189c00c3	/uscms/home/iturkmen/physical_weight_sidecars/train_candidate_run2_physical_weights_20260731_v1/train_candidate_run2_physical_weights.parquet	d5315ed70bb0298b4fc67e6e8c41437a7457b9b28b10fea2982d95b96275e2d3	1289	1308	0	0	19	True	19	False	not_applicable
ordinary	background	zzz_zbb	final_background_triboson_zbb_scaleout40k_20260722_v1	bundle:/store/user/iturkmen/hh4b_delphes/run2_13tev/frozen_v2/bundles/final_background_triboson_zbb_scaleout40k_20260722_v1/zzz_zbb_run2_frozen_v2_train_shard9921_1500_bundle.tar.gz	319	signed_exact_event_sidecar	1500	12	/uscms_data/d3/iturkmen/hh4b_delphes/parquet_materialized/background_frozen_v2_strict493_materialization_20260724_v1/train/zzz_zbb/0319_zzz_zbb_run2_frozen_v2_train_shard9921_1500_hh4b_candidates_v2.parquet	83049f6c3a291a88943b5c2914e83340fa8ad613c949278e80d2ad8ae08c680c	/uscms/home/iturkmen/physical_weight_sidecars/train_candidate_run2_physical_weights_20260731_v1/train_candidate_run2_physical_weights.parquet	d5315ed70bb0298b4fc67e6e8c41437a7457b9b28b10fea2982d95b96275e2d3	1308	1320	0	0	12	True	12	False	not_applicable
ordinary	background	zzz_zbb	final_background_triboson_zbb_scaleout40k_20260722_v1	bundle:/store/user/iturkmen/hh4b_delphes/run2_13tev/frozen_v2/bundles/final_background_triboson_zbb_scaleout40k_20260722_v1/zzz_zbb_run2_frozen_v2_train_shard9922_1500_bundle.tar.gz	320	signed_exact_event_sidecar	1500	18	/uscms_data/d3/iturkmen/hh4b_delphes/parquet_materialized/background_frozen_v2_strict493_materialization_20260724_v1/train/zzz_zbb/0320_zzz_zbb_run2_frozen_v2_train_shard9922_1500_hh4b_candidates_v2.parquet	49bb3233365512e67c86f5db1da9fe0708005206d9a5f54da541ad696af3877d	/uscms/home/iturkmen/physical_weight_sidecars/train_candidate_run2_physical_weights_20260731_v1/train_candidate_run2_physical_weights.parquet	d5315ed70bb0298b4fc67e6e8c41437a7457b9b28b10fea2982d95b96275e2d3	1320	1338	0	0	18	True	18	False	not_applicable
ordinary	background	zzz_zbb	final_background_triboson_zbb_scaleout40k_20260722_v1	bundle:/store/user/iturkmen/hh4b_delphes/run2_13tev/frozen_v2/bundles/final_background_triboson_zbb_scaleout40k_20260722_v1/zzz_zbb_run2_frozen_v2_train_shard9923_1500_bundle.tar.gz	321	signed_exact_event_sidecar	1500	15	/uscms_data/d3/iturkmen/hh4b_delphes/parquet_materialized/background_frozen_v2_strict493_materialization_20260724_v1/train/zzz_zbb/0321_zzz_zbb_run2_frozen_v2_train_shard9923_1500_hh4b_candidates_v2.parquet	820d42d450cef2df89af56dfef2bddd702f505adda1ca064afcf10268e10039a	/uscms/home/iturkmen/physical_weight_sidecars/train_candidate_run2_physical_weights_20260731_v1/train_candidate_run2_physical_weights.parquet	d5315ed70bb0298b4fc67e6e8c41437a7457b9b28b10fea2982d95b96275e2d3	1338	1353	0	0	15	True	15	False	not_applicable
ordinary	background	ttbar_inclusive	ttbar_100k	event_parquet:/uscms_data/d3/iturkmen/hh4b_delphes/parquet/ttbar_100k_shard001_event_summary.parquet	324	uniform_member_constant	10000	45	/uscms_data/d3/iturkmen/hh4b_delphes/reconstruction_return/hh4b_ttbar7_reconstruction_only_recovery_20260728_v1/members/ttbar_100k_shard001/parquet/ttbar_100k_shard001_pythia8_delphes_canonical72.parquet	f42a8bb61007940b71c3e83870cb234d39806dc7f6ac361adbe20842e3118db3	/uscms/home/iturkmen/physical_weight_sidecars/train_candidate_run2_physical_weights_20260731_v1/train_candidate_run2_physical_weights.parquet	d5315ed70bb0298b4fc67e6e8c41437a7457b9b28b10fea2982d95b96275e2d3	1353	1398	0	0	45	True	45	False	not_applicable
ordinary	background	ttbar_inclusive	ttbar_100k	event_parquet:/uscms_data/d3/iturkmen/hh4b_delphes/parquet/ttbar_100k_shard002_event_summary.parquet	325	uniform_member_constant	10000	45	/uscms_data/d3/iturkmen/hh4b_delphes/reconstruction_return/hh4b_ttbar7_reconstruction_only_recovery_20260728_v1/members/ttbar_100k_shard002/parquet/ttbar_100k_shard002_pythia8_delphes_canonical72.parquet	da6054b2d5074ef4dad716e800aa921dcd4076fcb4dd5931060746c2ee86b6c0	/uscms/home/iturkmen/physical_weight_sidecars/train_candidate_run2_physical_weights_20260731_v1/train_candidate_run2_physical_weights.parquet	d5315ed70bb0298b4fc67e6e8c41437a7457b9b28b10fea2982d95b96275e2d3	1398	1443	0	0	45	True	45	False	not_applicable
ordinary	background	ttbar_inclusive	ttbar_100k	event_parquet:/uscms_data/d3/iturkmen/hh4b_delphes/parquet/ttbar_100k_shard003_event_summary.parquet	326	uniform_member_constant	10000	38	/uscms_data/d3/iturkmen/hh4b_delphes/condor_return/hh4b_ttbar8_exact_regeneration_canary_retry2_20260727_v1/members/ttbar_100k_shard003/parquet/ttbar_100k_shard003_pythia8_delphes_canonical72.parquet	37fb80340351fb487b8bd142943a12c4ba73263ff6deca63d9ff8319991f5125	/uscms/home/iturkmen/physical_weight_sidecars/train_candidate_run2_physical_weights_20260731_v1/train_candidate_run2_physical_weights.parquet	d5315ed70bb0298b4fc67e6e8c41437a7457b9b28b10fea2982d95b96275e2d3	1443	1481	0	0	38	True	38	False	not_applicable
ordinary	background	ttbar_inclusive	ttbar_100k	event_parquet:/uscms_data/d3/iturkmen/hh4b_delphes/parquet/ttbar_100k_shard007_event_summary.parquet	327	uniform_member_constant	10000	44	/uscms_data/d3/iturkmen/hh4b_delphes/reconstruction_return/hh4b_ttbar7_reconstruction_only_recovery_20260728_v1/members/ttbar_100k_shard007/parquet/ttbar_100k_shard007_pythia8_delphes_canonical72.parquet	554ff2867f5e84634bb0955b5e9c2efab48458761e2ef6734107442ae3b696df	/uscms/home/iturkmen/physical_weight_sidecars/train_candidate_run2_physical_weights_20260731_v1/train_candidate_run2_physical_weights.parquet	d5315ed70bb0298b4fc67e6e8c41437a7457b9b28b10fea2982d95b96275e2d3	1481	1525	0	0	44	True	44	False	not_applicable
ordinary	background	ttbar_inclusive	ttbar_100k	event_parquet:/uscms_data/d3/iturkmen/hh4b_delphes/parquet/ttbar_100k_shard008_event_summary.parquet	328	uniform_member_constant	10000	45	/uscms_data/d3/iturkmen/hh4b_delphes/reconstruction_return/hh4b_ttbar7_reconstruction_only_recovery_20260728_v1/members/ttbar_100k_shard008/parquet/ttbar_100k_shard008_pythia8_delphes_canonical72.parquet	c4416a3cd22647e2b4f42669bf3ca4865bc6ef417d619e971ba84e7cc0f5433e	/uscms/home/iturkmen/physical_weight_sidecars/train_candidate_run2_physical_weights_20260731_v1/train_candidate_run2_physical_weights.parquet	d5315ed70bb0298b4fc67e6e8c41437a7457b9b28b10fea2982d95b96275e2d3	1525	1570	0	0	45	True	45	False	not_applicable
ordinary	background	ttbar_inclusive	ttbar_100k	event_parquet:/uscms_data/d3/iturkmen/hh4b_delphes/parquet/ttbar_100k_shard009_event_summary.parquet	329	uniform_member_constant	10000	31	/uscms_data/d3/iturkmen/hh4b_delphes/reconstruction_return/hh4b_ttbar7_reconstruction_only_recovery_20260728_v1/members/ttbar_100k_shard009/parquet/ttbar_100k_shard009_pythia8_delphes_canonical72.parquet	36c4094d7808c740b61460dc4a2cb36d20d2189347a2f2cfeece9a044234e6bf	/uscms/home/iturkmen/physical_weight_sidecars/train_candidate_run2_physical_weights_20260731_v1/train_candidate_run2_physical_weights.parquet	d5315ed70bb0298b4fc67e6e8c41437a7457b9b28b10fea2982d95b96275e2d3	1570	1601	0	0	31	True	31	False	not_applicable
ordinary	background	ttbar_inclusive	ttbar_200k	event_parquet:/uscms_data/d3/iturkmen/hh4b_delphes/parquet/ttbar_200k_shard000_event_summary.parquet	330	uniform_member_constant	10000	37	/uscms_data/d3/iturkmen/hh4b_delphes/parquet_v2_nominal/per_root/ttbar_200k__000__ttbar_200k_shard000_pythia8_delphes_v2_hh4b_candidates.parquet	489301be2c5f9597234263ae3bf088a8765c83e397ac356955e77c0c29f1f7ef	/uscms/home/iturkmen/physical_weight_sidecars/train_candidate_run2_physical_weights_20260731_v1/train_candidate_run2_physical_weights.parquet	d5315ed70bb0298b4fc67e6e8c41437a7457b9b28b10fea2982d95b96275e2d3	1601	1638	0	0	37	True	37	False	not_applicable
ordinary	background	ttbar_inclusive	ttbar_200k	event_parquet:/uscms_data/d3/iturkmen/hh4b_delphes/parquet/ttbar_200k_shard001_event_summary.parquet	331	uniform_member_constant	10000	39	/uscms_data/d3/iturkmen/hh4b_delphes/parquet_v2_nominal/per_root/ttbar_200k__001__ttbar_200k_shard001_pythia8_delphes_v2_hh4b_candidates.parquet	788771c68504a24ba2ca686c4b8067dd1d4dd9a9bca5b3521c942c6b6689f298	/uscms/home/iturkmen/physical_weight_sidecars/train_candidate_run2_physical_weights_20260731_v1/train_candidate_run2_physical_weights.parquet	d5315ed70bb0298b4fc67e6e8c41437a7457b9b28b10fea2982d95b96275e2d3	1638	1677	0	0	39	True	39	False	not_applicable
ordinary	background	ttbar_inclusive	ttbar_200k	event_parquet:/uscms_data/d3/iturkmen/hh4b_delphes/parquet/ttbar_200k_shard002_event_summary.parquet	332	uniform_member_constant	10000	33	/uscms_data/d3/iturkmen/hh4b_delphes/parquet_v2_nominal/per_root/ttbar_200k__002__ttbar_200k_shard002_pythia8_delphes_v2_hh4b_candidates.parquet	93cd725e1e936790b16c824eb765aa8b04ee62cf8b10170da9c5c61c4d5e22f6	/uscms/home/iturkmen/physical_weight_sidecars/train_candidate_run2_physical_weights_20260731_v1/train_candidate_run2_physical_weights.parquet	d5315ed70bb0298b4fc67e6e8c41437a7457b9b28b10fea2982d95b96275e2d3	1677	1710	0	0	33	True	33	False	not_applicable
ordinary	background	ttbar_inclusive	ttbar_200k	event_parquet:/uscms_data/d3/iturkmen/hh4b_delphes/parquet/ttbar_200k_shard004_event_summary.parquet	333	uniform_member_constant	10000	37	/uscms_data/d3/iturkmen/hh4b_delphes/parquet_v2_nominal/per_root/ttbar_200k__004__ttbar_200k_shard004_pythia8_delphes_v2_hh4b_candidates.parquet	cda9d612358fee7aaf910ffc7bb7f6c26a3d73364573d48cf0442d5a2dbde740	/uscms/home/iturkmen/physical_weight_sidecars/train_candidate_run2_physical_weights_20260731_v1/train_candidate_run2_physical_weights.parquet	d5315ed70bb0298b4fc67e6e8c41437a7457b9b28b10fea2982d95b96275e2d3	1710	1747	0	0	37	True	37	False	not_applicable
ordinary	background	ttbar_inclusive	ttbar_200k	event_parquet:/uscms_data/d3/iturkmen/hh4b_delphes/parquet/ttbar_200k_shard005_event_summary.parquet	334	uniform_member_constant	10000	46	/uscms_data/d3/iturkmen/hh4b_delphes/parquet_v2_nominal/per_root/ttbar_200k__005__ttbar_200k_shard005_pythia8_delphes_v2_hh4b_candidates.parquet	252c339cc0f5df99f2c51153e93f66edce6051424b41e5588a3458460ec1f808	/uscms/home/iturkmen/physical_weight_sidecars/train_candidate_run2_physical_weights_20260731_v1/train_candidate_run2_physical_weights.parquet	d5315ed70bb0298b4fc67e6e8c41437a7457b9b28b10fea2982d95b96275e2d3	1747	1793	0	0	46	True	46	False	not_applicable
ordinary	background	ttbar_inclusive	ttbar_200k	event_parquet:/uscms_data/d3/iturkmen/hh4b_delphes/parquet/ttbar_200k_shard006_event_summary.parquet	335	uniform_member_constant	10000	24	/uscms_data/d3/iturkmen/hh4b_delphes/parquet_v2_nominal/per_root/ttbar_200k__006__ttbar_200k_shard006_pythia8_delphes_v2_hh4b_candidates.parquet	83f662c1e418254cad53a3c6c7b2efc25e96233990b7b660e52c8bb3ddc11567	/uscms/home/iturkmen/physical_weight_sidecars/train_candidate_run2_physical_weights_20260731_v1/train_candidate_run2_physical_weights.parquet	d5315ed70bb0298b4fc67e6e8c41437a7457b9b28b10fea2982d95b96275e2d3	1793	1817	0	0	24	True	24	False	not_applicable
ordinary	background	ttbar_inclusive	ttbar_200k	event_parquet:/uscms_data/d3/iturkmen/hh4b_delphes/parquet/ttbar_200k_shard007_event_summary.parquet	336	uniform_member_constant	10000	38	/uscms_data/d3/iturkmen/hh4b_delphes/parquet_v2_nominal/per_root/ttbar_200k__007__ttbar_200k_shard007_pythia8_delphes_v2_hh4b_candidates.parquet	a93a19b7f3a12598b47bd3f4b047c8cadda53e7f9c64fcff8996873a541f8748	/uscms/home/iturkmen/physical_weight_sidecars/train_candidate_run2_physical_weights_20260731_v1/train_candidate_run2_physical_weights.parquet	d5315ed70bb0298b4fc67e6e8c41437a7457b9b28b10fea2982d95b96275e2d3	1817	1855	0	0	38	True	38	False	not_applicable
ordinary	background	ttbar_inclusive	ttbar_200k	event_parquet:/uscms_data/d3/iturkmen/hh4b_delphes/parquet/ttbar_200k_shard009_event_summary.parquet	337	uniform_member_constant	10000	34	/uscms_data/d3/iturkmen/hh4b_delphes/parquet_v2_nominal/per_root/ttbar_200k__009__ttbar_200k_shard009_pythia8_delphes_v2_hh4b_candidates.parquet	c263c1b58107d770ba0c7f59d14552c110f7896ea63fd0fe738e233e7359eef0	/uscms/home/iturkmen/physical_weight_sidecars/train_candidate_run2_physical_weights_20260731_v1/train_candidate_run2_physical_weights.parquet	d5315ed70bb0298b4fc67e6e8c41437a7457b9b28b10fea2982d95b96275e2d3	1855	1889	0	0	34	True	34	False	not_applicable
ordinary	background	ttbar_inclusive	ttbar_200k	event_parquet:/uscms_data/d3/iturkmen/hh4b_delphes/parquet/ttbar_200k_shard011_event_summary.parquet	338	uniform_member_constant	10000	34	/uscms_data/d3/iturkmen/hh4b_delphes/parquet_v2_nominal/per_root/ttbar_200k__011__ttbar_200k_shard011_pythia8_delphes_v2_hh4b_candidates.parquet	78e68082764ff5b2630583df473e4de8ab6f5b27f1ce558a72ee2de92dfa2a71	/uscms/home/iturkmen/physical_weight_sidecars/train_candidate_run2_physical_weights_20260731_v1/train_candidate_run2_physical_weights.parquet	d5315ed70bb0298b4fc67e6e8c41437a7457b9b28b10fea2982d95b96275e2d3	1889	1923	0	0	34	True	34	False	not_applicable
ordinary	background	ttbar_inclusive	ttbar_200k	event_parquet:/uscms_data/d3/iturkmen/hh4b_delphes/parquet/ttbar_200k_shard012_event_summary.parquet	339	uniform_member_constant	10000	32	/uscms_data/d3/iturkmen/hh4b_delphes/parquet_v2_nominal/per_root/ttbar_200k__012__ttbar_200k_shard012_pythia8_delphes_v2_hh4b_candidates.parquet	cedeec5f5056c79b9300243d2926e8a8e7783a87c9f56345aaf21e87344f681f	/uscms/home/iturkmen/physical_weight_sidecars/train_candidate_run2_physical_weights_20260731_v1/train_candidate_run2_physical_weights.parquet	d5315ed70bb0298b4fc67e6e8c41437a7457b9b28b10fea2982d95b96275e2d3	1923	1955	0	0	32	True	32	False	not_applicable
ordinary	background	ttbar_inclusive	ttbar_200k	event_parquet:/uscms_data/d3/iturkmen/hh4b_delphes/parquet/ttbar_200k_shard013_event_summary.parquet	340	uniform_member_constant	10000	34	/uscms_data/d3/iturkmen/hh4b_delphes/parquet_v2_nominal/per_root/ttbar_200k__013__ttbar_200k_shard013_pythia8_delphes_v2_hh4b_candidates.parquet	d82ea5c2936af683fb7c8c34771bb8092023ba97657f331883639dbeef828098	/uscms/home/iturkmen/physical_weight_sidecars/train_candidate_run2_physical_weights_20260731_v1/train_candidate_run2_physical_weights.parquet	d5315ed70bb0298b4fc67e6e8c41437a7457b9b28b10fea2982d95b96275e2d3	1955	1989	0	0	34	True	34	False	not_applicable
ordinary	background	ttbar_inclusive	ttbar_200k	event_parquet:/uscms_data/d3/iturkmen/hh4b_delphes/parquet/ttbar_200k_shard014_event_summary.parquet	341	uniform_member_constant	10000	48	/uscms_data/d3/iturkmen/hh4b_delphes/parquet_v2_nominal/per_root/ttbar_200k__014__ttbar_200k_shard014_pythia8_delphes_v2_hh4b_candidates.parquet	9435e7ae3238d876d3e37364d95b6d6288d6d96b8ed447985a89c7cd4e4183b1	/uscms/home/iturkmen/physical_weight_sidecars/train_candidate_run2_physical_weights_20260731_v1/train_candidate_run2_physical_weights.parquet	d5315ed70bb0298b4fc67e6e8c41437a7457b9b28b10fea2982d95b96275e2d3	1989	2037	0	0	48	True	48	False	not_applicable
ordinary	background	ttbar_inclusive	ttbar_200k	event_parquet:/uscms_data/d3/iturkmen/hh4b_delphes/parquet/ttbar_200k_shard016_event_summary.parquet	342	uniform_member_constant	10000	29	/uscms_data/d3/iturkmen/hh4b_delphes/parquet_v2_nominal/per_root/ttbar_200k__016__ttbar_200k_shard016_pythia8_delphes_v2_hh4b_candidates.parquet	db5735f6ec15f6e5cb88942c61d0d17be668833fcfa4a45e99e977db728d7575	/uscms/home/iturkmen/physical_weight_sidecars/train_candidate_run2_physical_weights_20260731_v1/train_candidate_run2_physical_weights.parquet	d5315ed70bb0298b4fc67e6e8c41437a7457b9b28b10fea2982d95b96275e2d3	2037	2066	0	0	29	True	29	False	not_applicable
ordinary	background	ttbar_inclusive	ttbar_200k	event_parquet:/uscms_data/d3/iturkmen/hh4b_delphes/parquet/ttbar_200k_shard017_event_summary.parquet	343	uniform_member_constant	10000	36	/uscms_data/d3/iturkmen/hh4b_delphes/parquet_v2_nominal/per_root/ttbar_200k__017__ttbar_200k_shard017_pythia8_delphes_v2_hh4b_candidates.parquet	e6e26ead542b18432972644e21dfb2146664985c834c8fe947f1093f28f132a9	/uscms/home/iturkmen/physical_weight_sidecars/train_candidate_run2_physical_weights_20260731_v1/train_candidate_run2_physical_weights.parquet	d5315ed70bb0298b4fc67e6e8c41437a7457b9b28b10fea2982d95b96275e2d3	2066	2102	0	0	36	True	36	False	not_applicable
ordinary	background	ttbar_inclusive	ttbar_200k	event_parquet:/uscms_data/d3/iturkmen/hh4b_delphes/parquet/ttbar_200k_shard018_event_summary.parquet	344	uniform_member_constant	10000	40	/uscms_data/d3/iturkmen/hh4b_delphes/parquet_v2_nominal/per_root/ttbar_200k__018__ttbar_200k_shard018_pythia8_delphes_v2_hh4b_candidates.parquet	5cd3bdc67c9aab57ea2e1815bd9594b6296674b147f1eecd5a9035d81f6be028	/uscms/home/iturkmen/physical_weight_sidecars/train_candidate_run2_physical_weights_20260731_v1/train_candidate_run2_physical_weights.parquet	d5315ed70bb0298b4fc67e6e8c41437a7457b9b28b10fea2982d95b96275e2d3	2102	2142	0	0	40	True	40	False	not_applicable
ordinary	background	ttbar_inclusive	ttbar_200k	event_parquet:/uscms_data/d3/iturkmen/hh4b_delphes/parquet/ttbar_200k_shard019_event_summary.parquet	345	uniform_member_constant	10000	42	/uscms_data/d3/iturkmen/hh4b_delphes/parquet_v2_nominal/per_root/ttbar_200k__019__ttbar_200k_shard019_pythia8_delphes_v2_hh4b_candidates.parquet	2b05ee8c87ec7a45184df6e1ce7608ff49a8e7310fff8402188dd59d84f3198e	/uscms/home/iturkmen/physical_weight_sidecars/train_candidate_run2_physical_weights_20260731_v1/train_candidate_run2_physical_weights.parquet	d5315ed70bb0298b4fc67e6e8c41437a7457b9b28b10fea2982d95b96275e2d3	2142	2184	0	0	42	True	42	False	not_applicable
ordinary	background	ttbar_inclusive	unified_background_5m_wavea_pilots_20260720_retry1	bundle:/store/user/iturkmen/hh4b_delphes/run2_13tev/frozen_v2/bundles/unified_background_5m_wavea_pilots_20260720_retry1/ttbar_inclusive_run2_frozen_v2_unified5m_pilot_shard000_10k_bundle.tar.gz	381	uniform_member_constant	10000	36	/uscms_data/d3/iturkmen/hh4b_delphes/parquet_materialized/background_frozen_v2_strict493_materialization_20260724_v1/train/ttbar_inclusive/0381_ttbar_inclusive_run2_frozen_v2_unified5m_pilot_shard000_10k_hh4b_candidates_v2.parquet	44373a0bff1ca4b60a7fba6ef536fa8c71d4411d6c9751d19a953151d5e2cb80	/uscms/home/iturkmen/physical_weight_sidecars/train_candidate_run2_physical_weights_20260731_v1/train_candidate_run2_physical_weights.parquet	d5315ed70bb0298b4fc67e6e8c41437a7457b9b28b10fea2982d95b96275e2d3	2184	2220	0	0	36	True	36	False	not_applicable
ordinary	background	ttbar_inclusive	unified_background_5m_wavea_proven111_20260720_v1	bundle:/store/user/iturkmen/hh4b_delphes/run2_13tev/frozen_v2/bundles/unified_background_5m_wavea_proven111_20260720_v1/ttbar_inclusive_run2_frozen_v2_unified5m_wavea_shard001_10k_bundle.tar.gz	382	uniform_member_constant	10000	41	/uscms_data/d3/iturkmen/hh4b_delphes/parquet_materialized/background_frozen_v2_strict493_materialization_20260724_v1/train/ttbar_inclusive/0382_ttbar_inclusive_run2_frozen_v2_unified5m_wavea_shard001_10k_hh4b_candidates_v2.parquet	6873a02d6e2ecb2dc45ddcb20fd3f8afce5644dc29d50df41ec3803c78af8723	/uscms/home/iturkmen/physical_weight_sidecars/train_candidate_run2_physical_weights_20260731_v1/train_candidate_run2_physical_weights.parquet	d5315ed70bb0298b4fc67e6e8c41437a7457b9b28b10fea2982d95b96275e2d3	2220	2261	0	0	41	True	41	False	not_applicable
ordinary	background	ttbar_inclusive	unified_background_5m_wavea_proven111_20260720_v1	bundle:/store/user/iturkmen/hh4b_delphes/run2_13tev/frozen_v2/bundles/unified_background_5m_wavea_proven111_20260720_v1/ttbar_inclusive_run2_frozen_v2_unified5m_wavea_shard010_10k_bundle.tar.gz	383	uniform_member_constant	10000	36	/uscms_data/d3/iturkmen/hh4b_delphes/parquet_materialized/background_frozen_v2_strict493_materialization_20260724_v1/train/ttbar_inclusive/0383_ttbar_inclusive_run2_frozen_v2_unified5m_wavea_shard010_10k_hh4b_candidates_v2.parquet	9d591a996d57fc2f276aaa8732234fb38a67758f973fb634bdf64754c8f1a77e	/uscms/home/iturkmen/physical_weight_sidecars/train_candidate_run2_physical_weights_20260731_v1/train_candidate_run2_physical_weights.parquet	d5315ed70bb0298b4fc67e6e8c41437a7457b9b28b10fea2982d95b96275e2d3	2261	2297	0	0	36	True	36	False	not_applicable
ordinary	background	ttbar_inclusive	unified_background_5m_wavea_proven111_20260720_v1	bundle:/store/user/iturkmen/hh4b_delphes/run2_13tev/frozen_v2/bundles/unified_background_5m_wavea_proven111_20260720_v1/ttbar_inclusive_run2_frozen_v2_unified5m_wavea_shard011_10k_bundle.tar.gz	384	uniform_member_constant	10000	34	/uscms_data/d3/iturkmen/hh4b_delphes/parquet_materialized/background_frozen_v2_strict493_materialization_20260724_v1/train/ttbar_inclusive/0384_ttbar_inclusive_run2_frozen_v2_unified5m_wavea_shard011_10k_hh4b_candidates_v2.parquet	35c83007d772e955fb4134b6a457b47dc23bf6b06522aefae4a0d2ff057193d1	/uscms/home/iturkmen/physical_weight_sidecars/train_candidate_run2_physical_weights_20260731_v1/train_candidate_run2_physical_weights.parquet	d5315ed70bb0298b4fc67e6e8c41437a7457b9b28b10fea2982d95b96275e2d3	2297	2331	0	0	34	True	34	False	not_applicable
ordinary	background	ttbar_inclusive	unified_background_5m_wavea_proven111_20260720_v1	bundle:/store/user/iturkmen/hh4b_delphes/run2_13tev/frozen_v2/bundles/unified_background_5m_wavea_proven111_20260720_v1/ttbar_inclusive_run2_frozen_v2_unified5m_wavea_shard012_10k_bundle.tar.gz	385	uniform_member_constant	10000	24	/uscms_data/d3/iturkmen/hh4b_delphes/parquet_materialized/background_frozen_v2_strict493_materialization_20260724_v1/train/ttbar_inclusive/0385_ttbar_inclusive_run2_frozen_v2_unified5m_wavea_shard012_10k_hh4b_candidates_v2.parquet	600239db2a6cd2cecd6dae5909835b869ccbd44d93293a361ee0134519651274	/uscms/home/iturkmen/physical_weight_sidecars/train_candidate_run2_physical_weights_20260731_v1/train_candidate_run2_physical_weights.parquet	d5315ed70bb0298b4fc67e6e8c41437a7457b9b28b10fea2982d95b96275e2d3	2331	2355	0	0	24	True	24	False	not_applicable
ordinary	background	ttbar_inclusive	unified_background_5m_wavea_proven111_20260720_v1	bundle:/store/user/iturkmen/hh4b_delphes/run2_13tev/frozen_v2/bundles/unified_background_5m_wavea_proven111_20260720_v1/ttbar_inclusive_run2_frozen_v2_unified5m_wavea_shard013_10k_bundle.tar.gz	386	uniform_member_constant	10000	35	/uscms_data/d3/iturkmen/hh4b_delphes/parquet_materialized/background_frozen_v2_strict493_materialization_20260724_v1/train/ttbar_inclusive/0386_ttbar_inclusive_run2_frozen_v2_unified5m_wavea_shard013_10k_hh4b_candidates_v2.parquet	293f4317154b844719371975d62a8a8224c7a71b82a820dfd337c8d4e2b03051	/uscms/home/iturkmen/physical_weight_sidecars/train_candidate_run2_physical_weights_20260731_v1/train_candidate_run2_physical_weights.parquet	d5315ed70bb0298b4fc67e6e8c41437a7457b9b28b10fea2982d95b96275e2d3	2355	2390	0	0	35	True	35	False	not_applicable
ordinary	background	ttbar_inclusive	unified_background_5m_wavea_proven111_20260720_v1	bundle:/store/user/iturkmen/hh4b_delphes/run2_13tev/frozen_v2/bundles/unified_background_5m_wavea_proven111_20260720_v1/ttbar_inclusive_run2_frozen_v2_unified5m_wavea_shard015_10k_bundle.tar.gz	387	uniform_member_constant	10000	27	/uscms_data/d3/iturkmen/hh4b_delphes/parquet_materialized/background_frozen_v2_strict493_materialization_20260724_v1/train/ttbar_inclusive/0387_ttbar_inclusive_run2_frozen_v2_unified5m_wavea_shard015_10k_hh4b_candidates_v2.parquet	0e77269d5baf56b8f28f988f07d9399593cbe7d06fe4eab40d31983353efe7ee	/uscms/home/iturkmen/physical_weight_sidecars/train_candidate_run2_physical_weights_20260731_v1/train_candidate_run2_physical_weights.parquet	d5315ed70bb0298b4fc67e6e8c41437a7457b9b28b10fea2982d95b96275e2d3	2390	2417	0	0	27	True	27	False	not_applicable
ordinary	background	ttbar_inclusive	unified_background_5m_wavea_proven111_20260720_v1	bundle:/store/user/iturkmen/hh4b_delphes/run2_13tev/frozen_v2/bundles/unified_background_5m_wavea_proven111_20260720_v1/ttbar_inclusive_run2_frozen_v2_unified5m_wavea_shard016_10k_bundle.tar.gz	388	uniform_member_constant	10000	40	/uscms_data/d3/iturkmen/hh4b_delphes/parquet_materialized/background_frozen_v2_strict493_materialization_20260724_v1/train/ttbar_inclusive/0388_ttbar_inclusive_run2_frozen_v2_unified5m_wavea_shard016_10k_hh4b_candidates_v2.parquet	897003eb2df51a576125f734d6df3639867f0326142033ce4d83736db7f99394	/uscms/home/iturkmen/physical_weight_sidecars/train_candidate_run2_physical_weights_20260731_v1/train_candidate_run2_physical_weights.parquet	d5315ed70bb0298b4fc67e6e8c41437a7457b9b28b10fea2982d95b96275e2d3	2417	2457	0	0	40	True	40	False	not_applicable
ordinary	background	ttbar_inclusive	unified_background_5m_wavea_proven111_20260720_v1	bundle:/store/user/iturkmen/hh4b_delphes/run2_13tev/frozen_v2/bundles/unified_background_5m_wavea_proven111_20260720_v1/ttbar_inclusive_run2_frozen_v2_unified5m_wavea_shard017_10k_bundle.tar.gz	389	uniform_member_constant	10000	36	/uscms_data/d3/iturkmen/hh4b_delphes/parquet_materialized/background_frozen_v2_strict493_materialization_20260724_v1/train/ttbar_inclusive/0389_ttbar_inclusive_run2_frozen_v2_unified5m_wavea_shard017_10k_hh4b_candidates_v2.parquet	26afb5c4411a739a31420f17a93407b807bbc8c665499142846cad9ed0c20bf4	/uscms/home/iturkmen/physical_weight_sidecars/train_candidate_run2_physical_weights_20260731_v1/train_candidate_run2_physical_weights.parquet	d5315ed70bb0298b4fc67e6e8c41437a7457b9b28b10fea2982d95b96275e2d3	2457	2493	0	0	36	True	36	False	not_applicable
ordinary	background	ttbar_inclusive	unified_background_5m_wavea_proven111_20260720_v1	bundle:/store/user/iturkmen/hh4b_delphes/run2_13tev/frozen_v2/bundles/unified_background_5m_wavea_proven111_20260720_v1/ttbar_inclusive_run2_frozen_v2_unified5m_wavea_shard018_10k_bundle.tar.gz	390	uniform_member_constant	10000	34	/uscms_data/d3/iturkmen/hh4b_delphes/parquet_materialized/background_frozen_v2_strict493_materialization_20260724_v1/train/ttbar_inclusive/0390_ttbar_inclusive_run2_frozen_v2_unified5m_wavea_shard018_10k_hh4b_candidates_v2.parquet	2798b6bbf585f70ed3190b23ffee5961592c83992e8d4fb6cadf9b9084c97914	/uscms/home/iturkmen/physical_weight_sidecars/train_candidate_run2_physical_weights_20260731_v1/train_candidate_run2_physical_weights.parquet	d5315ed70bb0298b4fc67e6e8c41437a7457b9b28b10fea2982d95b96275e2d3	2493	2527	0	0	34	True	34	False	not_applicable
ordinary	background	ttbar_inclusive	unified_background_5m_wavea_proven111_20260720_v1	bundle:/store/user/iturkmen/hh4b_delphes/run2_13tev/frozen_v2/bundles/unified_background_5m_wavea_proven111_20260720_v1/ttbar_inclusive_run2_frozen_v2_unified5m_wavea_shard002_10k_bundle.tar.gz	391	uniform_member_constant	10000	39	/uscms_data/d3/iturkmen/hh4b_delphes/parquet_materialized/background_frozen_v2_strict493_materialization_20260724_v1/train/ttbar_inclusive/0391_ttbar_inclusive_run2_frozen_v2_unified5m_wavea_shard002_10k_hh4b_candidates_v2.parquet	d9dd3f042e0daab64afc46195fabb50f134db4751b07afa0feb2f8908e65f2d2	/uscms/home/iturkmen/physical_weight_sidecars/train_candidate_run2_physical_weights_20260731_v1/train_candidate_run2_physical_weights.parquet	d5315ed70bb0298b4fc67e6e8c41437a7457b9b28b10fea2982d95b96275e2d3	2527	2566	0	0	39	True	39	False	not_applicable
ordinary	background	ttbar_inclusive	unified_background_5m_wavea_proven111_20260720_v1	bundle:/store/user/iturkmen/hh4b_delphes/run2_13tev/frozen_v2/bundles/unified_background_5m_wavea_proven111_20260720_v1/ttbar_inclusive_run2_frozen_v2_unified5m_wavea_shard020_10k_bundle.tar.gz	392	uniform_member_constant	10000	42	/uscms_data/d3/iturkmen/hh4b_delphes/parquet_materialized/background_frozen_v2_strict493_materialization_20260724_v1/train/ttbar_inclusive/0392_ttbar_inclusive_run2_frozen_v2_unified5m_wavea_shard020_10k_hh4b_candidates_v2.parquet	af6020d2592ff662d8dbc95344412de424855532c97b07ad9a8764829a2140d6	/uscms/home/iturkmen/physical_weight_sidecars/train_candidate_run2_physical_weights_20260731_v1/train_candidate_run2_physical_weights.parquet	d5315ed70bb0298b4fc67e6e8c41437a7457b9b28b10fea2982d95b96275e2d3	2566	2608	0	0	42	True	42	False	not_applicable
ordinary	background	ttbar_inclusive	unified_background_5m_wavea_proven111_20260720_v1	bundle:/store/user/iturkmen/hh4b_delphes/run2_13tev/frozen_v2/bundles/unified_background_5m_wavea_proven111_20260720_v1/ttbar_inclusive_run2_frozen_v2_unified5m_wavea_shard021_10k_bundle.tar.gz	393	uniform_member_constant	10000	47	/uscms_data/d3/iturkmen/hh4b_delphes/parquet_materialized/background_frozen_v2_strict493_materialization_20260724_v1/train/ttbar_inclusive/0393_ttbar_inclusive_run2_frozen_v2_unified5m_wavea_shard021_10k_hh4b_candidates_v2.parquet	5cd448674df809c83ca5dd3c1100fbac59fdb35b33aeb11e8dee9c859edc92d4	/uscms/home/iturkmen/physical_weight_sidecars/train_candidate_run2_physical_weights_20260731_v1/train_candidate_run2_physical_weights.parquet	d5315ed70bb0298b4fc67e6e8c41437a7457b9b28b10fea2982d95b96275e2d3	2608	2655	0	0	47	True	47	False	not_applicable
ordinary	background	ttbar_inclusive	unified_background_5m_wavea_proven111_20260720_v1	bundle:/store/user/iturkmen/hh4b_delphes/run2_13tev/frozen_v2/bundles/unified_background_5m_wavea_proven111_20260720_v1/ttbar_inclusive_run2_frozen_v2_unified5m_wavea_shard023_10k_bundle.tar.gz	395	uniform_member_constant	10000	18	/uscms_data/d3/iturkmen/hh4b_delphes/parquet_materialized/background_frozen_v2_strict493_materialization_20260724_v1/train/ttbar_inclusive/0395_ttbar_inclusive_run2_frozen_v2_unified5m_wavea_shard023_10k_hh4b_candidates_v2.parquet	5744839fe38eecc6af3902efa4fdaf50f9d9e1f1fd83f48b13686c30376a8fa0	/uscms/home/iturkmen/physical_weight_sidecars/train_candidate_run2_physical_weights_20260731_v1/train_candidate_run2_physical_weights.parquet	d5315ed70bb0298b4fc67e6e8c41437a7457b9b28b10fea2982d95b96275e2d3	2655	2673	0	0	18	True	18	False	not_applicable
ordinary	background	ttbar_inclusive	unified_background_5m_wavea_proven111_20260720_v1	bundle:/store/user/iturkmen/hh4b_delphes/run2_13tev/frozen_v2/bundles/unified_background_5m_wavea_proven111_20260720_v1/ttbar_inclusive_run2_frozen_v2_unified5m_wavea_shard025_10k_bundle.tar.gz	396	uniform_member_constant	10000	31	/uscms_data/d3/iturkmen/hh4b_delphes/parquet_materialized/background_frozen_v2_strict493_materialization_20260724_v1/train/ttbar_inclusive/0396_ttbar_inclusive_run2_frozen_v2_unified5m_wavea_shard025_10k_hh4b_candidates_v2.parquet	516010589f5bc1dc6d6e4a1e0cf34da3f3e6a3bf8f890244efa6b01678973be6	/uscms/home/iturkmen/physical_weight_sidecars/train_candidate_run2_physical_weights_20260731_v1/train_candidate_run2_physical_weights.parquet	d5315ed70bb0298b4fc67e6e8c41437a7457b9b28b10fea2982d95b96275e2d3	2673	2704	0	0	31	True	31	False	not_applicable
ordinary	background	ttbar_inclusive	unified_background_5m_wavea_proven111_20260720_v1	bundle:/store/user/iturkmen/hh4b_delphes/run2_13tev/frozen_v2/bundles/unified_background_5m_wavea_proven111_20260720_v1/ttbar_inclusive_run2_frozen_v2_unified5m_wavea_shard026_10k_bundle.tar.gz	397	uniform_member_constant	10000	33	/uscms_data/d3/iturkmen/hh4b_delphes/parquet_materialized/background_frozen_v2_strict493_materialization_20260724_v1/train/ttbar_inclusive/0397_ttbar_inclusive_run2_frozen_v2_unified5m_wavea_shard026_10k_hh4b_candidates_v2.parquet	a955e813e630a16930103b8a330c1a675af3c6535ed4abd1c647497bf567e048	/uscms/home/iturkmen/physical_weight_sidecars/train_candidate_run2_physical_weights_20260731_v1/train_candidate_run2_physical_weights.parquet	d5315ed70bb0298b4fc67e6e8c41437a7457b9b28b10fea2982d95b96275e2d3	2704	2737	0	0	33	True	33	False	not_applicable
ordinary	background	ttbar_inclusive	unified_background_5m_wavea_proven111_20260720_v1	bundle:/store/user/iturkmen/hh4b_delphes/run2_13tev/frozen_v2/bundles/unified_background_5m_wavea_proven111_20260720_v1/ttbar_inclusive_run2_frozen_v2_unified5m_wavea_shard027_10k_bundle.tar.gz	398	uniform_member_constant	10000	33	/uscms_data/d3/iturkmen/hh4b_delphes/parquet_materialized/background_frozen_v2_strict493_materialization_20260724_v1/train/ttbar_inclusive/0398_ttbar_inclusive_run2_frozen_v2_unified5m_wavea_shard027_10k_hh4b_candidates_v2.parquet	48fa0a26df16a57c4a5a635323142f0ffbfd16f5f841fb2ecd5b89f80374e297	/uscms/home/iturkmen/physical_weight_sidecars/train_candidate_run2_physical_weights_20260731_v1/train_candidate_run2_physical_weights.parquet	d5315ed70bb0298b4fc67e6e8c41437a7457b9b28b10fea2982d95b96275e2d3	2737	2770	0	0	33	True	33	False	not_applicable
ordinary	background	ttbar_inclusive	unified_background_5m_wavea_proven111_20260720_v1	bundle:/store/user/iturkmen/hh4b_delphes/run2_13tev/frozen_v2/bundles/unified_background_5m_wavea_proven111_20260720_v1/ttbar_inclusive_run2_frozen_v2_unified5m_wavea_shard028_10k_bundle.tar.gz	399	uniform_member_constant	10000	34	/uscms_data/d3/iturkmen/hh4b_delphes/parquet_materialized/background_frozen_v2_strict493_materialization_20260724_v1/train/ttbar_inclusive/0399_ttbar_inclusive_run2_frozen_v2_unified5m_wavea_shard028_10k_hh4b_candidates_v2.parquet	b6071ee4497028bce139a699ade50081953772323f1367522c41d5ec52140a93	/uscms/home/iturkmen/physical_weight_sidecars/train_candidate_run2_physical_weights_20260731_v1/train_candidate_run2_physical_weights.parquet	d5315ed70bb0298b4fc67e6e8c41437a7457b9b28b10fea2982d95b96275e2d3	2770	2804	0	0	34	True	34	False	not_applicable
ordinary	background	ttbar_inclusive	unified_background_5m_wavea_proven111_20260720_v1	bundle:/store/user/iturkmen/hh4b_delphes/run2_13tev/frozen_v2/bundles/unified_background_5m_wavea_proven111_20260720_v1/ttbar_inclusive_run2_frozen_v2_unified5m_wavea_shard003_10k_bundle.tar.gz	400	uniform_member_constant	10000	34	/uscms_data/d3/iturkmen/hh4b_delphes/parquet_materialized/background_frozen_v2_strict493_materialization_20260724_v1/train/ttbar_inclusive/0400_ttbar_inclusive_run2_frozen_v2_unified5m_wavea_shard003_10k_hh4b_candidates_v2.parquet	15363c0719d30d43e0421cc0dcc3a8656fd0d0a00316db93b3ab0872ca5dbdcc	/uscms/home/iturkmen/physical_weight_sidecars/train_candidate_run2_physical_weights_20260731_v1/train_candidate_run2_physical_weights.parquet	d5315ed70bb0298b4fc67e6e8c41437a7457b9b28b10fea2982d95b96275e2d3	2804	2838	0	0	34	True	34	False	not_applicable
ordinary	background	ttbar_inclusive	unified_background_5m_wavea_proven111_20260720_v1	bundle:/store/user/iturkmen/hh4b_delphes/run2_13tev/frozen_v2/bundles/unified_background_5m_wavea_proven111_20260720_v1/ttbar_inclusive_run2_frozen_v2_unified5m_wavea_shard030_10k_bundle.tar.gz	401	uniform_member_constant	10000	24	/uscms_data/d3/iturkmen/hh4b_delphes/parquet_materialized/background_frozen_v2_strict493_materialization_20260724_v1/train/ttbar_inclusive/0401_ttbar_inclusive_run2_frozen_v2_unified5m_wavea_shard030_10k_hh4b_candidates_v2.parquet	e72262c1054d67ecd0f1ed255eeaa478a73864af040be7af7b62bac2940991d0	/uscms/home/iturkmen/physical_weight_sidecars/train_candidate_run2_physical_weights_20260731_v1/train_candidate_run2_physical_weights.parquet	d5315ed70bb0298b4fc67e6e8c41437a7457b9b28b10fea2982d95b96275e2d3	2838	2862	0	0	24	True	24	False	not_applicable
ordinary	background	ttbar_inclusive	unified_background_5m_wavea_proven111_20260720_v1	bundle:/store/user/iturkmen/hh4b_delphes/run2_13tev/frozen_v2/bundles/unified_background_5m_wavea_proven111_20260720_v1/ttbar_inclusive_run2_frozen_v2_unified5m_wavea_shard031_10k_bundle.tar.gz	402	uniform_member_constant	10000	35	/uscms_data/d3/iturkmen/hh4b_delphes/parquet_materialized/background_frozen_v2_strict493_materialization_20260724_v1/train/ttbar_inclusive/0402_ttbar_inclusive_run2_frozen_v2_unified5m_wavea_shard031_10k_hh4b_candidates_v2.parquet	4f455d686251b4337724523373b545c43c267b770fe75f5f93b5eb4df1b36540	/uscms/home/iturkmen/physical_weight_sidecars/train_candidate_run2_physical_weights_20260731_v1/train_candidate_run2_physical_weights.parquet	d5315ed70bb0298b4fc67e6e8c41437a7457b9b28b10fea2982d95b96275e2d3	2862	2897	0	0	35	True	35	False	not_applicable
ordinary	background	ttbar_inclusive	unified_background_5m_wavea_proven111_20260720_v1	bundle:/store/user/iturkmen/hh4b_delphes/run2_13tev/frozen_v2/bundles/unified_background_5m_wavea_proven111_20260720_v1/ttbar_inclusive_run2_frozen_v2_unified5m_wavea_shard032_10k_bundle.tar.gz	403	uniform_member_constant	10000	28	/uscms_data/d3/iturkmen/hh4b_delphes/parquet_materialized/background_frozen_v2_strict493_materialization_20260724_v1/train/ttbar_inclusive/0403_ttbar_inclusive_run2_frozen_v2_unified5m_wavea_shard032_10k_hh4b_candidates_v2.parquet	68dc9b6ed98027b4256324be01b215c2370e6ac15a86beb9a460668b861d5fea	/uscms/home/iturkmen/physical_weight_sidecars/train_candidate_run2_physical_weights_20260731_v1/train_candidate_run2_physical_weights.parquet	d5315ed70bb0298b4fc67e6e8c41437a7457b9b28b10fea2982d95b96275e2d3	2897	2925	0	0	28	True	28	False	not_applicable
ordinary	background	ttbar_inclusive	unified_background_5m_wavea_proven111_20260720_v1	bundle:/store/user/iturkmen/hh4b_delphes/run2_13tev/frozen_v2/bundles/unified_background_5m_wavea_proven111_20260720_v1/ttbar_inclusive_run2_frozen_v2_unified5m_wavea_shard033_10k_bundle.tar.gz	404	uniform_member_constant	10000	36	/uscms_data/d3/iturkmen/hh4b_delphes/parquet_materialized/background_frozen_v2_strict493_materialization_20260724_v1/train/ttbar_inclusive/0404_ttbar_inclusive_run2_frozen_v2_unified5m_wavea_shard033_10k_hh4b_candidates_v2.parquet	f76b332f1d5e1c3f4d94bce9ab13cf68194b8d83154c98f864b5485777e7f600	/uscms/home/iturkmen/physical_weight_sidecars/train_candidate_run2_physical_weights_20260731_v1/train_candidate_run2_physical_weights.parquet	d5315ed70bb0298b4fc67e6e8c41437a7457b9b28b10fea2982d95b96275e2d3	2925	2961	0	0	36	True	36	False	not_applicable
ordinary	background	ttbar_inclusive	unified_background_5m_wavea_proven111_20260720_v1	bundle:/store/user/iturkmen/hh4b_delphes/run2_13tev/frozen_v2/bundles/unified_background_5m_wavea_proven111_20260720_v1/ttbar_inclusive_run2_frozen_v2_unified5m_wavea_shard035_10k_bundle.tar.gz	405	uniform_member_constant	10000	36	/uscms_data/d3/iturkmen/hh4b_delphes/parquet_materialized/background_frozen_v2_strict493_materialization_20260724_v1/train/ttbar_inclusive/0405_ttbar_inclusive_run2_frozen_v2_unified5m_wavea_shard035_10k_hh4b_candidates_v2.parquet	9da14f2c52c6ea712a1be655c99815260f610e351618081605052355d8d78845	/uscms/home/iturkmen/physical_weight_sidecars/train_candidate_run2_physical_weights_20260731_v1/train_candidate_run2_physical_weights.parquet	d5315ed70bb0298b4fc67e6e8c41437a7457b9b28b10fea2982d95b96275e2d3	2961	2997	0	0	36	True	36	False	not_applicable
ordinary	background	ttbar_inclusive	unified_background_5m_wavea_proven111_20260720_v1	bundle:/store/user/iturkmen/hh4b_delphes/run2_13tev/frozen_v2/bundles/unified_background_5m_wavea_proven111_20260720_v1/ttbar_inclusive_run2_frozen_v2_unified5m_wavea_shard036_10k_bundle.tar.gz	406	uniform_member_constant	10000	30	/uscms_data/d3/iturkmen/hh4b_delphes/parquet_materialized/background_frozen_v2_strict493_materialization_20260724_v1/train/ttbar_inclusive/0406_ttbar_inclusive_run2_frozen_v2_unified5m_wavea_shard036_10k_hh4b_candidates_v2.parquet	0925e5162e2900879c02c58c3afde5ae31baa736de2b220929659c957ceded77	/uscms/home/iturkmen/physical_weight_sidecars/train_candidate_run2_physical_weights_20260731_v1/train_candidate_run2_physical_weights.parquet	d5315ed70bb0298b4fc67e6e8c41437a7457b9b28b10fea2982d95b96275e2d3	2997	3027	0	0	30	True	30	False	not_applicable
ordinary	background	ttbar_inclusive	unified_background_5m_wavea_proven111_20260720_v1	bundle:/store/user/iturkmen/hh4b_delphes/run2_13tev/frozen_v2/bundles/unified_background_5m_wavea_proven111_20260720_v1/ttbar_inclusive_run2_frozen_v2_unified5m_wavea_shard037_10k_bundle.tar.gz	407	uniform_member_constant	10000	38	/uscms_data/d3/iturkmen/hh4b_delphes/parquet_materialized/background_frozen_v2_strict493_materialization_20260724_v1/train/ttbar_inclusive/0407_ttbar_inclusive_run2_frozen_v2_unified5m_wavea_shard037_10k_hh4b_candidates_v2.parquet	4ebd4747b04f6ce99378b8ed179272b08e7d19630dd71c51ccc663dd5ad5f13d	/uscms/home/iturkmen/physical_weight_sidecars/train_candidate_run2_physical_weights_20260731_v1/train_candidate_run2_physical_weights.parquet	d5315ed70bb0298b4fc67e6e8c41437a7457b9b28b10fea2982d95b96275e2d3	3027	3065	0	0	38	True	38	False	not_applicable
ordinary	background	ttbar_inclusive	unified_background_5m_wavea_proven111_20260720_v1	bundle:/store/user/iturkmen/hh4b_delphes/run2_13tev/frozen_v2/bundles/unified_background_5m_wavea_proven111_20260720_v1/ttbar_inclusive_run2_frozen_v2_unified5m_wavea_shard038_10k_bundle.tar.gz	408	uniform_member_constant	10000	27	/uscms_data/d3/iturkmen/hh4b_delphes/parquet_materialized/background_frozen_v2_strict493_materialization_20260724_v1/train/ttbar_inclusive/0408_ttbar_inclusive_run2_frozen_v2_unified5m_wavea_shard038_10k_hh4b_candidates_v2.parquet	49fbd5de95557eb83e247f589a1ddb3a8a8c275b7f256451d4978b64b3233bb1	/uscms/home/iturkmen/physical_weight_sidecars/train_candidate_run2_physical_weights_20260731_v1/train_candidate_run2_physical_weights.parquet	d5315ed70bb0298b4fc67e6e8c41437a7457b9b28b10fea2982d95b96275e2d3	3065	3092	0	0	27	True	27	False	not_applicable
ordinary	background	ttbar_inclusive	unified_background_5m_wavea_proven111_20260720_v1	bundle:/store/user/iturkmen/hh4b_delphes/run2_13tev/frozen_v2/bundles/unified_background_5m_wavea_proven111_20260720_v1/ttbar_inclusive_run2_frozen_v2_unified5m_wavea_shard040_10k_bundle.tar.gz	409	uniform_member_constant	10000	32	/uscms_data/d3/iturkmen/hh4b_delphes/parquet_materialized/background_frozen_v2_strict493_materialization_20260724_v1/train/ttbar_inclusive/0409_ttbar_inclusive_run2_frozen_v2_unified5m_wavea_shard040_10k_hh4b_candidates_v2.parquet	cabcd5e4aebfb92f9e16f65f607173202d076b14f0bd9287a77ffa5bb90d32b4	/uscms/home/iturkmen/physical_weight_sidecars/train_candidate_run2_physical_weights_20260731_v1/train_candidate_run2_physical_weights.parquet	d5315ed70bb0298b4fc67e6e8c41437a7457b9b28b10fea2982d95b96275e2d3	3092	3124	0	0	32	True	32	False	not_applicable
ordinary	background	ttbar_inclusive	unified_background_5m_wavea_proven111_20260720_v1	bundle:/store/user/iturkmen/hh4b_delphes/run2_13tev/frozen_v2/bundles/unified_background_5m_wavea_proven111_20260720_v1/ttbar_inclusive_run2_frozen_v2_unified5m_wavea_shard041_10k_bundle.tar.gz	410	uniform_member_constant	10000	30	/uscms_data/d3/iturkmen/hh4b_delphes/parquet_materialized/background_frozen_v2_strict493_materialization_20260724_v1/train/ttbar_inclusive/0410_ttbar_inclusive_run2_frozen_v2_unified5m_wavea_shard041_10k_hh4b_candidates_v2.parquet	d7c22b7b3a7f70a356786d5da2662315a63ade3f388d842e6161dfbc56cea828	/uscms/home/iturkmen/physical_weight_sidecars/train_candidate_run2_physical_weights_20260731_v1/train_candidate_run2_physical_weights.parquet	d5315ed70bb0298b4fc67e6e8c41437a7457b9b28b10fea2982d95b96275e2d3	3124	3154	0	0	30	True	30	False	not_applicable
ordinary	background	ttbar_inclusive	unified_background_5m_wavea_proven111_20260720_v1	bundle:/store/user/iturkmen/hh4b_delphes/run2_13tev/frozen_v2/bundles/unified_background_5m_wavea_proven111_20260720_v1/ttbar_inclusive_run2_frozen_v2_unified5m_wavea_shard042_10k_bundle.tar.gz	411	uniform_member_constant	10000	32	/uscms_data/d3/iturkmen/hh4b_delphes/parquet_materialized/background_frozen_v2_strict493_materialization_20260724_v1/train/ttbar_inclusive/0411_ttbar_inclusive_run2_frozen_v2_unified5m_wavea_shard042_10k_hh4b_candidates_v2.parquet	a07ba5a8009a5e233761ec165f599b8e2183b6d44eade400f4803fa9facf25a8	/uscms/home/iturkmen/physical_weight_sidecars/train_candidate_run2_physical_weights_20260731_v1/train_candidate_run2_physical_weights.parquet	d5315ed70bb0298b4fc67e6e8c41437a7457b9b28b10fea2982d95b96275e2d3	3154	3186	0	0	32	True	32	False	not_applicable
ordinary	background	ttbar_inclusive	unified_background_5m_wavea_proven111_20260720_v1	bundle:/store/user/iturkmen/hh4b_delphes/run2_13tev/frozen_v2/bundles/unified_background_5m_wavea_proven111_20260720_v1/ttbar_inclusive_run2_frozen_v2_unified5m_wavea_shard043_10k_bundle.tar.gz	412	uniform_member_constant	10000	37	/uscms_data/d3/iturkmen/hh4b_delphes/parquet_materialized/background_frozen_v2_strict493_materialization_20260724_v1/train/ttbar_inclusive/0412_ttbar_inclusive_run2_frozen_v2_unified5m_wavea_shard043_10k_hh4b_candidates_v2.parquet	b9b43bc469a20a7ce3a71bb27fbe12ddabcc4e58fd1f4c36114f3a9e1f22625d	/uscms/home/iturkmen/physical_weight_sidecars/train_candidate_run2_physical_weights_20260731_v1/train_candidate_run2_physical_weights.parquet	d5315ed70bb0298b4fc67e6e8c41437a7457b9b28b10fea2982d95b96275e2d3	3186	3223	0	0	37	True	37	False	not_applicable
ordinary	background	ttbar_inclusive	unified_background_5m_wavea_proven111_20260720_v1	bundle:/store/user/iturkmen/hh4b_delphes/run2_13tev/frozen_v2/bundles/unified_background_5m_wavea_proven111_20260720_v1/ttbar_inclusive_run2_frozen_v2_unified5m_wavea_shard045_10k_bundle.tar.gz	413	uniform_member_constant	10000	27	/uscms_data/d3/iturkmen/hh4b_delphes/parquet_materialized/background_frozen_v2_strict493_materialization_20260724_v1/train/ttbar_inclusive/0413_ttbar_inclusive_run2_frozen_v2_unified5m_wavea_shard045_10k_hh4b_candidates_v2.parquet	10183d79c441d17f09368685557cec9bab9b336f1cb92ae377713fb96454eb7b	/uscms/home/iturkmen/physical_weight_sidecars/train_candidate_run2_physical_weights_20260731_v1/train_candidate_run2_physical_weights.parquet	d5315ed70bb0298b4fc67e6e8c41437a7457b9b28b10fea2982d95b96275e2d3	3223	3250	0	0	27	True	27	False	not_applicable
ordinary	background	ttbar_inclusive	unified_background_5m_wavea_proven111_20260720_v1	bundle:/store/user/iturkmen/hh4b_delphes/run2_13tev/frozen_v2/bundles/unified_background_5m_wavea_proven111_20260720_v1/ttbar_inclusive_run2_frozen_v2_unified5m_wavea_shard046_10k_bundle.tar.gz	414	uniform_member_constant	10000	35	/uscms_data/d3/iturkmen/hh4b_delphes/parquet_materialized/background_frozen_v2_strict493_materialization_20260724_v1/train/ttbar_inclusive/0414_ttbar_inclusive_run2_frozen_v2_unified5m_wavea_shard046_10k_hh4b_candidates_v2.parquet	10039dd04797376810eaf428a6ff1839bfb86b15a0b2733e885caa685fcb2deb	/uscms/home/iturkmen/physical_weight_sidecars/train_candidate_run2_physical_weights_20260731_v1/train_candidate_run2_physical_weights.parquet	d5315ed70bb0298b4fc67e6e8c41437a7457b9b28b10fea2982d95b96275e2d3	3250	3285	0	0	35	True	35	False	not_applicable
ordinary	background	ttbar_inclusive	unified_background_5m_wavea_proven111_20260720_v1	bundle:/store/user/iturkmen/hh4b_delphes/run2_13tev/frozen_v2/bundles/unified_background_5m_wavea_proven111_20260720_v1/ttbar_inclusive_run2_frozen_v2_unified5m_wavea_shard047_10k_bundle.tar.gz	415	uniform_member_constant	10000	28	/uscms_data/d3/iturkmen/hh4b_delphes/parquet_materialized/background_frozen_v2_strict493_materialization_20260724_v1/train/ttbar_inclusive/0415_ttbar_inclusive_run2_frozen_v2_unified5m_wavea_shard047_10k_hh4b_candidates_v2.parquet	a61aade7fe0d239c72301f02554137649065e75846295d257fb49ad437d7407c	/uscms/home/iturkmen/physical_weight_sidecars/train_candidate_run2_physical_weights_20260731_v1/train_candidate_run2_physical_weights.parquet	d5315ed70bb0298b4fc67e6e8c41437a7457b9b28b10fea2982d95b96275e2d3	3285	3313	0	0	28	True	28	False	not_applicable
ordinary	background	ttbar_inclusive	unified_background_5m_wavea_proven111_20260720_v1	bundle:/store/user/iturkmen/hh4b_delphes/run2_13tev/frozen_v2/bundles/unified_background_5m_wavea_proven111_20260720_v1/ttbar_inclusive_run2_frozen_v2_unified5m_wavea_shard048_10k_bundle.tar.gz	416	uniform_member_constant	10000	33	/uscms_data/d3/iturkmen/hh4b_delphes/parquet_materialized/background_frozen_v2_strict493_materialization_20260724_v1/train/ttbar_inclusive/0416_ttbar_inclusive_run2_frozen_v2_unified5m_wavea_shard048_10k_hh4b_candidates_v2.parquet	4228574675882fe17ef716ef0e047ab16404c64e568d7d1bcde9c647c205f8e7	/uscms/home/iturkmen/physical_weight_sidecars/train_candidate_run2_physical_weights_20260731_v1/train_candidate_run2_physical_weights.parquet	d5315ed70bb0298b4fc67e6e8c41437a7457b9b28b10fea2982d95b96275e2d3	3313	3346	0	0	33	True	33	False	not_applicable
ordinary	background	ttbar_inclusive	unified_background_5m_wavea_proven111_20260720_v1	bundle:/store/user/iturkmen/hh4b_delphes/run2_13tev/frozen_v2/bundles/unified_background_5m_wavea_proven111_20260720_v1/ttbar_inclusive_run2_frozen_v2_unified5m_wavea_shard005_10k_bundle.tar.gz	417	uniform_member_constant	10000	38	/uscms_data/d3/iturkmen/hh4b_delphes/parquet_materialized/background_frozen_v2_strict493_materialization_20260724_v1/train/ttbar_inclusive/0417_ttbar_inclusive_run2_frozen_v2_unified5m_wavea_shard005_10k_hh4b_candidates_v2.parquet	3bdff7dd603fb60cfd85c4bc4e69a766768c7b5f07af10ee900b39991d50d2d8	/uscms/home/iturkmen/physical_weight_sidecars/train_candidate_run2_physical_weights_20260731_v1/train_candidate_run2_physical_weights.parquet	d5315ed70bb0298b4fc67e6e8c41437a7457b9b28b10fea2982d95b96275e2d3	3346	3384	0	0	38	True	38	False	not_applicable
ordinary	background	ttbar_inclusive	unified_background_5m_wavea_proven111_20260720_v1	bundle:/store/user/iturkmen/hh4b_delphes/run2_13tev/frozen_v2/bundles/unified_background_5m_wavea_proven111_20260720_v1/ttbar_inclusive_run2_frozen_v2_unified5m_wavea_shard050_10k_bundle.tar.gz	418	uniform_member_constant	10000	35	/uscms_data/d3/iturkmen/hh4b_delphes/parquet_materialized/background_frozen_v2_strict493_materialization_20260724_v1/train/ttbar_inclusive/0418_ttbar_inclusive_run2_frozen_v2_unified5m_wavea_shard050_10k_hh4b_candidates_v2.parquet	76a480f40fabe01afcc213610dc69890b565522f3cf37201fb5c5947c87adf96	/uscms/home/iturkmen/physical_weight_sidecars/train_candidate_run2_physical_weights_20260731_v1/train_candidate_run2_physical_weights.parquet	d5315ed70bb0298b4fc67e6e8c41437a7457b9b28b10fea2982d95b96275e2d3	3384	3419	0	0	35	True	35	False	not_applicable
ordinary	background	ttbar_inclusive	unified_background_5m_wavea_proven111_20260720_v1	bundle:/store/user/iturkmen/hh4b_delphes/run2_13tev/frozen_v2/bundles/unified_background_5m_wavea_proven111_20260720_v1/ttbar_inclusive_run2_frozen_v2_unified5m_wavea_shard051_10k_bundle.tar.gz	419	uniform_member_constant	10000	23	/uscms_data/d3/iturkmen/hh4b_delphes/parquet_materialized/background_frozen_v2_strict493_materialization_20260724_v1/train/ttbar_inclusive/0419_ttbar_inclusive_run2_frozen_v2_unified5m_wavea_shard051_10k_hh4b_candidates_v2.parquet	d2700409e9d21d19cc4b44492cb1df29712abad2fbc9a9b3264d8e0e19ee81f2	/uscms/home/iturkmen/physical_weight_sidecars/train_candidate_run2_physical_weights_20260731_v1/train_candidate_run2_physical_weights.parquet	d5315ed70bb0298b4fc67e6e8c41437a7457b9b28b10fea2982d95b96275e2d3	3419	3442	0	0	23	True	23	False	not_applicable
ordinary	background	ttbar_inclusive	unified_background_5m_wavea_proven111_20260720_v1	bundle:/store/user/iturkmen/hh4b_delphes/run2_13tev/frozen_v2/bundles/unified_background_5m_wavea_proven111_20260720_v1/ttbar_inclusive_run2_frozen_v2_unified5m_wavea_shard052_10k_bundle.tar.gz	420	uniform_member_constant	10000	32	/uscms_data/d3/iturkmen/hh4b_delphes/parquet_materialized/background_frozen_v2_strict493_materialization_20260724_v1/train/ttbar_inclusive/0420_ttbar_inclusive_run2_frozen_v2_unified5m_wavea_shard052_10k_hh4b_candidates_v2.parquet	5757013c84899ed9034c46b3b43873b5ac46a47bc84cb06edf6d151f0a35c159	/uscms/home/iturkmen/physical_weight_sidecars/train_candidate_run2_physical_weights_20260731_v1/train_candidate_run2_physical_weights.parquet	d5315ed70bb0298b4fc67e6e8c41437a7457b9b28b10fea2982d95b96275e2d3	3442	3474	0	0	32	True	32	False	not_applicable
ordinary	background	ttbar_inclusive	unified_background_5m_wavea_proven111_20260720_v1	bundle:/store/user/iturkmen/hh4b_delphes/run2_13tev/frozen_v2/bundles/unified_background_5m_wavea_proven111_20260720_v1/ttbar_inclusive_run2_frozen_v2_unified5m_wavea_shard053_10k_bundle.tar.gz	421	uniform_member_constant	10000	27	/uscms_data/d3/iturkmen/hh4b_delphes/parquet_materialized/background_frozen_v2_strict493_materialization_20260724_v1/train/ttbar_inclusive/0421_ttbar_inclusive_run2_frozen_v2_unified5m_wavea_shard053_10k_hh4b_candidates_v2.parquet	e66f03c79f176b25f2e2811b933cd17f32f3b356711b38c2e26f9c7e9b92877e	/uscms/home/iturkmen/physical_weight_sidecars/train_candidate_run2_physical_weights_20260731_v1/train_candidate_run2_physical_weights.parquet	d5315ed70bb0298b4fc67e6e8c41437a7457b9b28b10fea2982d95b96275e2d3	3474	3501	0	0	27	True	27	False	not_applicable
ordinary	background	ttbar_inclusive	unified_background_5m_wavea_proven111_20260720_v1	bundle:/store/user/iturkmen/hh4b_delphes/run2_13tev/frozen_v2/bundles/unified_background_5m_wavea_proven111_20260720_v1/ttbar_inclusive_run2_frozen_v2_unified5m_wavea_shard055_10k_bundle.tar.gz	422	uniform_member_constant	10000	34	/uscms_data/d3/iturkmen/hh4b_delphes/parquet_materialized/background_frozen_v2_strict493_materialization_20260724_v1/train/ttbar_inclusive/0422_ttbar_inclusive_run2_frozen_v2_unified5m_wavea_shard055_10k_hh4b_candidates_v2.parquet	1f012866f301336e599f8db026d8ebc73c8f02167846784a10761aa148cb402c	/uscms/home/iturkmen/physical_weight_sidecars/train_candidate_run2_physical_weights_20260731_v1/train_candidate_run2_physical_weights.parquet	d5315ed70bb0298b4fc67e6e8c41437a7457b9b28b10fea2982d95b96275e2d3	3501	3535	0	0	34	True	34	False	not_applicable
ordinary	background	ttbar_inclusive	unified_background_5m_wavea_proven111_20260720_v1	bundle:/store/user/iturkmen/hh4b_delphes/run2_13tev/frozen_v2/bundles/unified_background_5m_wavea_proven111_20260720_v1/ttbar_inclusive_run2_frozen_v2_unified5m_wavea_shard056_10k_bundle.tar.gz	423	uniform_member_constant	10000	30	/uscms_data/d3/iturkmen/hh4b_delphes/parquet_materialized/background_frozen_v2_strict493_materialization_20260724_v1/train/ttbar_inclusive/0423_ttbar_inclusive_run2_frozen_v2_unified5m_wavea_shard056_10k_hh4b_candidates_v2.parquet	647fe2973242c7eca31e8679a996c6ab7da221ceb008d7be35d706a43f71e23c	/uscms/home/iturkmen/physical_weight_sidecars/train_candidate_run2_physical_weights_20260731_v1/train_candidate_run2_physical_weights.parquet	d5315ed70bb0298b4fc67e6e8c41437a7457b9b28b10fea2982d95b96275e2d3	3535	3565	0	0	30	True	30	False	not_applicable
ordinary	background	ttbar_inclusive	unified_background_5m_wavea_proven111_20260720_v1	bundle:/store/user/iturkmen/hh4b_delphes/run2_13tev/frozen_v2/bundles/unified_background_5m_wavea_proven111_20260720_v1/ttbar_inclusive_run2_frozen_v2_unified5m_wavea_shard057_10k_bundle.tar.gz	424	uniform_member_constant	10000	34	/uscms_data/d3/iturkmen/hh4b_delphes/parquet_materialized/background_frozen_v2_strict493_materialization_20260724_v1/train/ttbar_inclusive/0424_ttbar_inclusive_run2_frozen_v2_unified5m_wavea_shard057_10k_hh4b_candidates_v2.parquet	d106b1130b860a4389a435dbbcc8f65604a70bd6cb800caf4e3249e7cfeabad6	/uscms/home/iturkmen/physical_weight_sidecars/train_candidate_run2_physical_weights_20260731_v1/train_candidate_run2_physical_weights.parquet	d5315ed70bb0298b4fc67e6e8c41437a7457b9b28b10fea2982d95b96275e2d3	3565	3599	0	0	34	True	34	False	not_applicable
ordinary	background	ttbar_inclusive	unified_background_5m_wavea_proven111_20260720_v1	bundle:/store/user/iturkmen/hh4b_delphes/run2_13tev/frozen_v2/bundles/unified_background_5m_wavea_proven111_20260720_v1/ttbar_inclusive_run2_frozen_v2_unified5m_wavea_shard058_10k_bundle.tar.gz	425	uniform_member_constant	10000	30	/uscms_data/d3/iturkmen/hh4b_delphes/parquet_materialized/background_frozen_v2_strict493_materialization_20260724_v1/train/ttbar_inclusive/0425_ttbar_inclusive_run2_frozen_v2_unified5m_wavea_shard058_10k_hh4b_candidates_v2.parquet	b1fa5e7f6f8d53ea0132c8385d6ea9452b815cfb49bc667f99348d90fba7c747	/uscms/home/iturkmen/physical_weight_sidecars/train_candidate_run2_physical_weights_20260731_v1/train_candidate_run2_physical_weights.parquet	d5315ed70bb0298b4fc67e6e8c41437a7457b9b28b10fea2982d95b96275e2d3	3599	3629	0	0	30	True	30	False	not_applicable
ordinary	background	ttbar_inclusive	unified_background_5m_wavea_proven111_20260720_v1	bundle:/store/user/iturkmen/hh4b_delphes/run2_13tev/frozen_v2/bundles/unified_background_5m_wavea_proven111_20260720_v1/ttbar_inclusive_run2_frozen_v2_unified5m_wavea_shard006_10k_bundle.tar.gz	426	uniform_member_constant	10000	28	/uscms_data/d3/iturkmen/hh4b_delphes/parquet_materialized/background_frozen_v2_strict493_materialization_20260724_v1/train/ttbar_inclusive/0426_ttbar_inclusive_run2_frozen_v2_unified5m_wavea_shard006_10k_hh4b_candidates_v2.parquet	a9d930e3c95eda1faf9a301a67b291880d36923a9daf6941a464a884e7c9e37d	/uscms/home/iturkmen/physical_weight_sidecars/train_candidate_run2_physical_weights_20260731_v1/train_candidate_run2_physical_weights.parquet	d5315ed70bb0298b4fc67e6e8c41437a7457b9b28b10fea2982d95b96275e2d3	3629	3657	0	0	28	True	28	False	not_applicable
ordinary	background	ttbar_inclusive	unified_background_5m_wavea_proven111_20260720_v1	bundle:/store/user/iturkmen/hh4b_delphes/run2_13tev/frozen_v2/bundles/unified_background_5m_wavea_proven111_20260720_v1/ttbar_inclusive_run2_frozen_v2_unified5m_wavea_shard060_10k_bundle.tar.gz	427	uniform_member_constant	10000	23	/uscms_data/d3/iturkmen/hh4b_delphes/parquet_materialized/background_frozen_v2_strict493_materialization_20260724_v1/train/ttbar_inclusive/0427_ttbar_inclusive_run2_frozen_v2_unified5m_wavea_shard060_10k_hh4b_candidates_v2.parquet	05d9045ac102af71e41c38e52a20e26ed91a9bedd90866c35258e647e25d2ea7	/uscms/home/iturkmen/physical_weight_sidecars/train_candidate_run2_physical_weights_20260731_v1/train_candidate_run2_physical_weights.parquet	d5315ed70bb0298b4fc67e6e8c41437a7457b9b28b10fea2982d95b96275e2d3	3657	3680	0	0	23	True	23	False	not_applicable
ordinary	background	ttbar_inclusive	unified_background_5m_wavea_proven111_20260720_v1	bundle:/store/user/iturkmen/hh4b_delphes/run2_13tev/frozen_v2/bundles/unified_background_5m_wavea_proven111_20260720_v1/ttbar_inclusive_run2_frozen_v2_unified5m_wavea_shard061_10k_bundle.tar.gz	428	uniform_member_constant	10000	29	/uscms_data/d3/iturkmen/hh4b_delphes/parquet_materialized/background_frozen_v2_strict493_materialization_20260724_v1/train/ttbar_inclusive/0428_ttbar_inclusive_run2_frozen_v2_unified5m_wavea_shard061_10k_hh4b_candidates_v2.parquet	b9c36c62d07d002379f5b3096e24993c16820e3e136731acf1ceaeffb361cb31	/uscms/home/iturkmen/physical_weight_sidecars/train_candidate_run2_physical_weights_20260731_v1/train_candidate_run2_physical_weights.parquet	d5315ed70bb0298b4fc67e6e8c41437a7457b9b28b10fea2982d95b96275e2d3	3680	3709	0	0	29	True	29	False	not_applicable
ordinary	background	ttbar_inclusive	unified_background_5m_wavea_proven111_20260720_v1	bundle:/store/user/iturkmen/hh4b_delphes/run2_13tev/frozen_v2/bundles/unified_background_5m_wavea_proven111_20260720_v1/ttbar_inclusive_run2_frozen_v2_unified5m_wavea_shard062_10k_bundle.tar.gz	429	uniform_member_constant	10000	25	/uscms_data/d3/iturkmen/hh4b_delphes/parquet_materialized/background_frozen_v2_strict493_materialization_20260724_v1/train/ttbar_inclusive/0429_ttbar_inclusive_run2_frozen_v2_unified5m_wavea_shard062_10k_hh4b_candidates_v2.parquet	48da2b2af3b7d4ed4931bcdf2d461a3ea6b2aa5e96e9c81b9eb837fc389734b2	/uscms/home/iturkmen/physical_weight_sidecars/train_candidate_run2_physical_weights_20260731_v1/train_candidate_run2_physical_weights.parquet	d5315ed70bb0298b4fc67e6e8c41437a7457b9b28b10fea2982d95b96275e2d3	3709	3734	0	0	25	True	25	False	not_applicable
ordinary	background	ttbar_inclusive	unified_background_5m_wavea_proven111_20260720_v1	bundle:/store/user/iturkmen/hh4b_delphes/run2_13tev/frozen_v2/bundles/unified_background_5m_wavea_proven111_20260720_v1/ttbar_inclusive_run2_frozen_v2_unified5m_wavea_shard063_10k_bundle.tar.gz	430	uniform_member_constant	10000	27	/uscms_data/d3/iturkmen/hh4b_delphes/parquet_materialized/background_frozen_v2_strict493_materialization_20260724_v1/train/ttbar_inclusive/0430_ttbar_inclusive_run2_frozen_v2_unified5m_wavea_shard063_10k_hh4b_candidates_v2.parquet	927d264569112ab19d829552bb147e0a99b03445f095ea4151429c9c05f57f62	/uscms/home/iturkmen/physical_weight_sidecars/train_candidate_run2_physical_weights_20260731_v1/train_candidate_run2_physical_weights.parquet	d5315ed70bb0298b4fc67e6e8c41437a7457b9b28b10fea2982d95b96275e2d3	3734	3761	0	0	27	True	27	False	not_applicable
ordinary	background	ttbar_inclusive	unified_background_5m_wavea_proven111_20260720_v1	bundle:/store/user/iturkmen/hh4b_delphes/run2_13tev/frozen_v2/bundles/unified_background_5m_wavea_proven111_20260720_v1/ttbar_inclusive_run2_frozen_v2_unified5m_wavea_shard065_10k_bundle.tar.gz	431	uniform_member_constant	10000	31	/uscms_data/d3/iturkmen/hh4b_delphes/parquet_materialized/background_frozen_v2_strict493_materialization_20260724_v1/train/ttbar_inclusive/0431_ttbar_inclusive_run2_frozen_v2_unified5m_wavea_shard065_10k_hh4b_candidates_v2.parquet	3ec1dc2e8f0727f2bc526762f23cb66a71cd957c88b22750789cb3bef2d56346	/uscms/home/iturkmen/physical_weight_sidecars/train_candidate_run2_physical_weights_20260731_v1/train_candidate_run2_physical_weights.parquet	d5315ed70bb0298b4fc67e6e8c41437a7457b9b28b10fea2982d95b96275e2d3	3761	3792	0	0	31	True	31	False	not_applicable
ordinary	background	ttbar_inclusive	unified_background_5m_wavea_proven111_20260720_v1	bundle:/store/user/iturkmen/hh4b_delphes/run2_13tev/frozen_v2/bundles/unified_background_5m_wavea_proven111_20260720_v1/ttbar_inclusive_run2_frozen_v2_unified5m_wavea_shard066_10k_bundle.tar.gz	432	uniform_member_constant	10000	31	/uscms_data/d3/iturkmen/hh4b_delphes/parquet_materialized/background_frozen_v2_strict493_materialization_20260724_v1/train/ttbar_inclusive/0432_ttbar_inclusive_run2_frozen_v2_unified5m_wavea_shard066_10k_hh4b_candidates_v2.parquet	59411a6bbfb4820f5b0e741c2d66e29e4c5a79454d63400121cc99984b4e35d5	/uscms/home/iturkmen/physical_weight_sidecars/train_candidate_run2_physical_weights_20260731_v1/train_candidate_run2_physical_weights.parquet	d5315ed70bb0298b4fc67e6e8c41437a7457b9b28b10fea2982d95b96275e2d3	3792	3823	0	0	31	True	31	False	not_applicable
ordinary	background	ttbar_inclusive	unified_background_5m_wavea_proven111_20260720_v1	bundle:/store/user/iturkmen/hh4b_delphes/run2_13tev/frozen_v2/bundles/unified_background_5m_wavea_proven111_20260720_v1/ttbar_inclusive_run2_frozen_v2_unified5m_wavea_shard067_10k_bundle.tar.gz	433	uniform_member_constant	10000	38	/uscms_data/d3/iturkmen/hh4b_delphes/parquet_materialized/background_frozen_v2_strict493_materialization_20260724_v1/train/ttbar_inclusive/0433_ttbar_inclusive_run2_frozen_v2_unified5m_wavea_shard067_10k_hh4b_candidates_v2.parquet	707ac49884236694b15ec89a43430a7cfcc6007a67421f79288926595792064c	/uscms/home/iturkmen/physical_weight_sidecars/train_candidate_run2_physical_weights_20260731_v1/train_candidate_run2_physical_weights.parquet	d5315ed70bb0298b4fc67e6e8c41437a7457b9b28b10fea2982d95b96275e2d3	3823	3861	0	0	38	True	38	False	not_applicable
ordinary	background	ttbar_inclusive	unified_background_5m_wavea_proven111_20260720_v1	bundle:/store/user/iturkmen/hh4b_delphes/run2_13tev/frozen_v2/bundles/unified_background_5m_wavea_proven111_20260720_v1/ttbar_inclusive_run2_frozen_v2_unified5m_wavea_shard068_10k_bundle.tar.gz	434	uniform_member_constant	10000	40	/uscms_data/d3/iturkmen/hh4b_delphes/parquet_materialized/background_frozen_v2_strict493_materialization_20260724_v1/train/ttbar_inclusive/0434_ttbar_inclusive_run2_frozen_v2_unified5m_wavea_shard068_10k_hh4b_candidates_v2.parquet	16504bd16058e8e789b7ebfa63e244a0e6f9ca86a627bef63a33fc5194178526	/uscms/home/iturkmen/physical_weight_sidecars/train_candidate_run2_physical_weights_20260731_v1/train_candidate_run2_physical_weights.parquet	d5315ed70bb0298b4fc67e6e8c41437a7457b9b28b10fea2982d95b96275e2d3	3861	3901	0	0	40	True	40	False	not_applicable
ordinary	background	ttbar_inclusive	unified_background_5m_wavea_proven111_20260720_v1	bundle:/store/user/iturkmen/hh4b_delphes/run2_13tev/frozen_v2/bundles/unified_background_5m_wavea_proven111_20260720_v1/ttbar_inclusive_run2_frozen_v2_unified5m_wavea_shard007_10k_bundle.tar.gz	435	uniform_member_constant	10000	30	/uscms_data/d3/iturkmen/hh4b_delphes/parquet_materialized/background_frozen_v2_strict493_materialization_20260724_v1/train/ttbar_inclusive/0435_ttbar_inclusive_run2_frozen_v2_unified5m_wavea_shard007_10k_hh4b_candidates_v2.parquet	a9b901000080ef6442afe8ec29c621a0d98a154c78f35036eab6239a2747ab50	/uscms/home/iturkmen/physical_weight_sidecars/train_candidate_run2_physical_weights_20260731_v1/train_candidate_run2_physical_weights.parquet	d5315ed70bb0298b4fc67e6e8c41437a7457b9b28b10fea2982d95b96275e2d3	3901	3931	0	0	30	True	30	False	not_applicable
ordinary	background	ttbar_inclusive	unified_background_5m_wavea_proven111_20260720_v1	bundle:/store/user/iturkmen/hh4b_delphes/run2_13tev/frozen_v2/bundles/unified_background_5m_wavea_proven111_20260720_v1/ttbar_inclusive_run2_frozen_v2_unified5m_wavea_shard070_10k_bundle.tar.gz	436	uniform_member_constant	10000	34	/uscms_data/d3/iturkmen/hh4b_delphes/parquet_materialized/background_frozen_v2_strict493_materialization_20260724_v1/train/ttbar_inclusive/0436_ttbar_inclusive_run2_frozen_v2_unified5m_wavea_shard070_10k_hh4b_candidates_v2.parquet	335407fcdbd380d9224302a3ec530354ae01c5766c0d7d7cdc9721dabe6cba16	/uscms/home/iturkmen/physical_weight_sidecars/train_candidate_run2_physical_weights_20260731_v1/train_candidate_run2_physical_weights.parquet	d5315ed70bb0298b4fc67e6e8c41437a7457b9b28b10fea2982d95b96275e2d3	3931	3965	0	0	34	True	34	False	not_applicable
ordinary	background	ttbar_inclusive	unified_background_5m_wavea_proven111_20260720_v1	bundle:/store/user/iturkmen/hh4b_delphes/run2_13tev/frozen_v2/bundles/unified_background_5m_wavea_proven111_20260720_v1/ttbar_inclusive_run2_frozen_v2_unified5m_wavea_shard071_10k_bundle.tar.gz	437	uniform_member_constant	10000	31	/uscms_data/d3/iturkmen/hh4b_delphes/parquet_materialized/background_frozen_v2_strict493_materialization_20260724_v1/train/ttbar_inclusive/0437_ttbar_inclusive_run2_frozen_v2_unified5m_wavea_shard071_10k_hh4b_candidates_v2.parquet	d2f1945ae83b6ba6a5edd87a3236575a634404d2b8441a886b6d2f6015fbdb51	/uscms/home/iturkmen/physical_weight_sidecars/train_candidate_run2_physical_weights_20260731_v1/train_candidate_run2_physical_weights.parquet	d5315ed70bb0298b4fc67e6e8c41437a7457b9b28b10fea2982d95b96275e2d3	3965	3996	0	0	31	True	31	False	not_applicable
ordinary	background	ttbar_inclusive	unified_background_5m_wavea_proven111_20260720_v1	bundle:/store/user/iturkmen/hh4b_delphes/run2_13tev/frozen_v2/bundles/unified_background_5m_wavea_proven111_20260720_v1/ttbar_inclusive_run2_frozen_v2_unified5m_wavea_shard072_10k_bundle.tar.gz	438	uniform_member_constant	10000	35	/uscms_data/d3/iturkmen/hh4b_delphes/parquet_materialized/background_frozen_v2_strict493_materialization_20260724_v1/train/ttbar_inclusive/0438_ttbar_inclusive_run2_frozen_v2_unified5m_wavea_shard072_10k_hh4b_candidates_v2.parquet	af4ab3d651c784be159759e1c54a172278f738ce67ecf29de875300e561f23dd	/uscms/home/iturkmen/physical_weight_sidecars/train_candidate_run2_physical_weights_20260731_v1/train_candidate_run2_physical_weights.parquet	d5315ed70bb0298b4fc67e6e8c41437a7457b9b28b10fea2982d95b96275e2d3	3996	4031	0	0	35	True	35	False	not_applicable
ordinary	background	ttbar_inclusive	unified_background_5m_wavea_proven111_20260720_v1	bundle:/store/user/iturkmen/hh4b_delphes/run2_13tev/frozen_v2/bundles/unified_background_5m_wavea_proven111_20260720_v1/ttbar_inclusive_run2_frozen_v2_unified5m_wavea_shard073_10k_bundle.tar.gz	439	uniform_member_constant	10000	38	/uscms_data/d3/iturkmen/hh4b_delphes/parquet_materialized/background_frozen_v2_strict493_materialization_20260724_v1/train/ttbar_inclusive/0439_ttbar_inclusive_run2_frozen_v2_unified5m_wavea_shard073_10k_hh4b_candidates_v2.parquet	f5c6ee27a7008168671c3c56cfaa9508252b99f72fef024af999e46b5c340fd9	/uscms/home/iturkmen/physical_weight_sidecars/train_candidate_run2_physical_weights_20260731_v1/train_candidate_run2_physical_weights.parquet	d5315ed70bb0298b4fc67e6e8c41437a7457b9b28b10fea2982d95b96275e2d3	4031	4069	0	0	38	True	38	False	not_applicable
ordinary	background	ttbar_inclusive	unified_background_5m_wavea_proven111_20260720_v1	bundle:/store/user/iturkmen/hh4b_delphes/run2_13tev/frozen_v2/bundles/unified_background_5m_wavea_proven111_20260720_v1/ttbar_inclusive_run2_frozen_v2_unified5m_wavea_shard008_10k_bundle.tar.gz	440	uniform_member_constant	10000	29	/uscms_data/d3/iturkmen/hh4b_delphes/parquet_materialized/background_frozen_v2_strict493_materialization_20260724_v1/train/ttbar_inclusive/0440_ttbar_inclusive_run2_frozen_v2_unified5m_wavea_shard008_10k_hh4b_candidates_v2.parquet	e31f2919fef26e303b89079ad2c66d52fc33c9dac94ed491f80c99c7d118348d	/uscms/home/iturkmen/physical_weight_sidecars/train_candidate_run2_physical_weights_20260731_v1/train_candidate_run2_physical_weights.parquet	d5315ed70bb0298b4fc67e6e8c41437a7457b9b28b10fea2982d95b96275e2d3	4069	4098	0	0	29	True	29	False	not_applicable
ordinary	background	zbbbb	unified_background_5m_wavea_pilots_20260720_retry1	bundle:/store/user/iturkmen/hh4b_delphes/run2_13tev/frozen_v2/bundles/unified_background_5m_wavea_pilots_20260720_retry1/zbbbb_run2_frozen_v2_unified5m_pilot_shard000_10k_bundle.tar.gz	456	uniform_member_constant	10000	314	/uscms_data/d3/iturkmen/hh4b_delphes/parquet_materialized/background_frozen_v2_strict493_materialization_20260724_v1/train/zbbbb/0456_zbbbb_run2_frozen_v2_unified5m_pilot_shard000_10k_hh4b_candidates_v2.parquet	5be0486b18ef35e421cc3521fb11f718959073f0eb5e4055a72cf49d092f4f5d	/uscms/home/iturkmen/physical_weight_sidecars/train_candidate_run2_physical_weights_20260731_v1/train_candidate_run2_physical_weights.parquet	d5315ed70bb0298b4fc67e6e8c41437a7457b9b28b10fea2982d95b96275e2d3	4098	4412	0	0	314	True	314	False	not_applicable
ordinary	background	zbbbb	unified_background_5m_wavea_proven111_20260720_v1	bundle:/store/user/iturkmen/hh4b_delphes/run2_13tev/frozen_v2/bundles/unified_background_5m_wavea_proven111_20260720_v1/zbbbb_run2_frozen_v2_unified5m_wavea_shard001_10k_bundle.tar.gz	457	uniform_member_constant	10000	295	/uscms_data/d3/iturkmen/hh4b_delphes/parquet_materialized/background_frozen_v2_strict493_materialization_20260724_v1/train/zbbbb/0457_zbbbb_run2_frozen_v2_unified5m_wavea_shard001_10k_hh4b_candidates_v2.parquet	e1469540fca09f23b2a4de6a88479d2a18a7a2e2cbc51d41d757ecc1b935bb8b	/uscms/home/iturkmen/physical_weight_sidecars/train_candidate_run2_physical_weights_20260731_v1/train_candidate_run2_physical_weights.parquet	d5315ed70bb0298b4fc67e6e8c41437a7457b9b28b10fea2982d95b96275e2d3	4412	4707	0	0	295	True	295	False	not_applicable
ordinary	background	zbbbb	unified_background_5m_wavea_proven111_20260720_v1	bundle:/store/user/iturkmen/hh4b_delphes/run2_13tev/frozen_v2/bundles/unified_background_5m_wavea_proven111_20260720_v1/zbbbb_run2_frozen_v2_unified5m_wavea_shard002_10k_bundle.tar.gz	458	uniform_member_constant	10000	302	/uscms_data/d3/iturkmen/hh4b_delphes/parquet_materialized/background_frozen_v2_strict493_materialization_20260724_v1/train/zbbbb/0458_zbbbb_run2_frozen_v2_unified5m_wavea_shard002_10k_hh4b_candidates_v2.parquet	d2adea443b15488b048184f867a2490347446c841056b30b613ed88111157c17	/uscms/home/iturkmen/physical_weight_sidecars/train_candidate_run2_physical_weights_20260731_v1/train_candidate_run2_physical_weights.parquet	d5315ed70bb0298b4fc67e6e8c41437a7457b9b28b10fea2982d95b96275e2d3	4707	5009	0	0	302	True	302	False	not_applicable
ordinary	background	zbbbb	unified_background_5m_wavea_proven111_20260720_v1	bundle:/store/user/iturkmen/hh4b_delphes/run2_13tev/frozen_v2/bundles/unified_background_5m_wavea_proven111_20260720_v1/zbbbb_run2_frozen_v2_unified5m_wavea_shard003_10k_bundle.tar.gz	459	uniform_member_constant	10000	276	/uscms_data/d3/iturkmen/hh4b_delphes/parquet_materialized/background_frozen_v2_strict493_materialization_20260724_v1/train/zbbbb/0459_zbbbb_run2_frozen_v2_unified5m_wavea_shard003_10k_hh4b_candidates_v2.parquet	4a1fd8596f26b1fac2c2b32d28b3288261e80807308f27b367840ee008c634da	/uscms/home/iturkmen/physical_weight_sidecars/train_candidate_run2_physical_weights_20260731_v1/train_candidate_run2_physical_weights.parquet	d5315ed70bb0298b4fc67e6e8c41437a7457b9b28b10fea2982d95b96275e2d3	5009	5285	0	0	276	True	276	False	not_applicable
ordinary	background	zbbbb	unified_background_5m_wavea_proven111_20260720_v1	bundle:/store/user/iturkmen/hh4b_delphes/run2_13tev/frozen_v2/bundles/unified_background_5m_wavea_proven111_20260720_v1/zbbbb_run2_frozen_v2_unified5m_wavea_shard006_10k_bundle.tar.gz	461	uniform_member_constant	10000	316	/uscms_data/d3/iturkmen/hh4b_delphes/parquet_materialized/background_frozen_v2_strict493_materialization_20260724_v1/train/zbbbb/0461_zbbbb_run2_frozen_v2_unified5m_wavea_shard006_10k_hh4b_candidates_v2.parquet	347d6fa5d0b8da014ef5dbac63d60f4b45edf7e8aa05e79e22eb99eb01ac5c4f	/uscms/home/iturkmen/physical_weight_sidecars/train_candidate_run2_physical_weights_20260731_v1/train_candidate_run2_physical_weights.parquet	d5315ed70bb0298b4fc67e6e8c41437a7457b9b28b10fea2982d95b96275e2d3	5285	5601	0	0	316	True	316	False	not_applicable
ordinary	background	zbbbb	unified_background_5m_wavea_proven111_20260720_v1	bundle:/store/user/iturkmen/hh4b_delphes/run2_13tev/frozen_v2/bundles/unified_background_5m_wavea_proven111_20260720_v1/zbbbb_run2_frozen_v2_unified5m_wavea_shard007_10k_bundle.tar.gz	462	uniform_member_constant	10000	262	/uscms_data/d3/iturkmen/hh4b_delphes/parquet_materialized/background_frozen_v2_strict493_materialization_20260724_v1/train/zbbbb/0462_zbbbb_run2_frozen_v2_unified5m_wavea_shard007_10k_hh4b_candidates_v2.parquet	8b1422a364940978766432c9e2d12837a93ba329d288a52ba9d6cca32774c438	/uscms/home/iturkmen/physical_weight_sidecars/train_candidate_run2_physical_weights_20260731_v1/train_candidate_run2_physical_weights.parquet	d5315ed70bb0298b4fc67e6e8c41437a7457b9b28b10fea2982d95b96275e2d3	5601	5863	0	0	262	True	262	False	not_applicable
ordinary	background	zbbbb	unified_background_5m_wavea_proven111_20260720_v1	bundle:/store/user/iturkmen/hh4b_delphes/run2_13tev/frozen_v2/bundles/unified_background_5m_wavea_proven111_20260720_v1/zbbbb_run2_frozen_v2_unified5m_wavea_shard008_10k_bundle.tar.gz	463	uniform_member_constant	10000	303	/uscms_data/d3/iturkmen/hh4b_delphes/parquet_materialized/background_frozen_v2_strict493_materialization_20260724_v1/train/zbbbb/0463_zbbbb_run2_frozen_v2_unified5m_wavea_shard008_10k_hh4b_candidates_v2.parquet	84729e5d542752c5c2a793b7a8222b36020aadbade90cdf78800a49e26f7feaa	/uscms/home/iturkmen/physical_weight_sidecars/train_candidate_run2_physical_weights_20260731_v1/train_candidate_run2_physical_weights.parquet	d5315ed70bb0298b4fc67e6e8c41437a7457b9b28b10fea2982d95b96275e2d3	5863	6166	0	0	303	True	303	False	not_applicable
ordinary	background	zbbbb	unified_background_5m_wavea_zbbbb_remaining15_20260721_v1	bundle:/store/user/iturkmen/hh4b_delphes/run2_13tev/frozen_v2/bundles/unified_background_5m_wavea_zbbbb_remaining15_20260721_v1/zbbbb_run2_frozen_v2_unified5m_wavea_shard010_10k_bundle.tar.gz	464	uniform_member_constant	10000	272	/uscms_data/d3/iturkmen/hh4b_delphes/parquet_materialized/background_frozen_v2_strict493_materialization_20260724_v1/train/zbbbb/0464_zbbbb_run2_frozen_v2_unified5m_wavea_shard010_10k_hh4b_candidates_v2.parquet	750dcc847aac0a72860794c637ecf054fa5d5cd47072cdef66bb849b3341cee2	/uscms/home/iturkmen/physical_weight_sidecars/train_candidate_run2_physical_weights_20260731_v1/train_candidate_run2_physical_weights.parquet	d5315ed70bb0298b4fc67e6e8c41437a7457b9b28b10fea2982d95b96275e2d3	6166	6438	0	0	272	True	272	False	not_applicable
ordinary	background	zbbbb	unified_background_5m_wavea_zbbbb_remaining15_20260721_v1	bundle:/store/user/iturkmen/hh4b_delphes/run2_13tev/frozen_v2/bundles/unified_background_5m_wavea_zbbbb_remaining15_20260721_v1/zbbbb_run2_frozen_v2_unified5m_wavea_shard011_10k_bundle.tar.gz	465	uniform_member_constant	10000	307	/uscms_data/d3/iturkmen/hh4b_delphes/parquet_materialized/background_frozen_v2_strict493_materialization_20260724_v1/train/zbbbb/0465_zbbbb_run2_frozen_v2_unified5m_wavea_shard011_10k_hh4b_candidates_v2.parquet	62d31d428dc6e0381c14e7670ffd8c592155eb316469e2e09db9b4bc82e82a07	/uscms/home/iturkmen/physical_weight_sidecars/train_candidate_run2_physical_weights_20260731_v1/train_candidate_run2_physical_weights.parquet	d5315ed70bb0298b4fc67e6e8c41437a7457b9b28b10fea2982d95b96275e2d3	6438	6745	0	0	307	True	307	False	not_applicable
ordinary	background	zbbbb	unified_background_5m_wavea_zbbbb_remaining15_20260721_v1	bundle:/store/user/iturkmen/hh4b_delphes/run2_13tev/frozen_v2/bundles/unified_background_5m_wavea_zbbbb_remaining15_20260721_v1/zbbbb_run2_frozen_v2_unified5m_wavea_shard012_10k_bundle.tar.gz	466	uniform_member_constant	10000	292	/uscms_data/d3/iturkmen/hh4b_delphes/parquet_materialized/background_frozen_v2_strict493_materialization_20260724_v1/train/zbbbb/0466_zbbbb_run2_frozen_v2_unified5m_wavea_shard012_10k_hh4b_candidates_v2.parquet	f65029612ffff9a40b5d577cbc3816c479d570df30bfa51aec87f2c7a5b471e7	/uscms/home/iturkmen/physical_weight_sidecars/train_candidate_run2_physical_weights_20260731_v1/train_candidate_run2_physical_weights.parquet	d5315ed70bb0298b4fc67e6e8c41437a7457b9b28b10fea2982d95b96275e2d3	6745	7037	0	0	292	True	292	False	not_applicable
ordinary	background	zbbbb	unified_background_5m_wavea_zbbbb_remaining15_20260721_v1	bundle:/store/user/iturkmen/hh4b_delphes/run2_13tev/frozen_v2/bundles/unified_background_5m_wavea_zbbbb_remaining15_20260721_v1/zbbbb_run2_frozen_v2_unified5m_wavea_shard013_10k_bundle.tar.gz	467	uniform_member_constant	10000	295	/uscms_data/d3/iturkmen/hh4b_delphes/parquet_materialized/background_frozen_v2_strict493_materialization_20260724_v1/train/zbbbb/0467_zbbbb_run2_frozen_v2_unified5m_wavea_shard013_10k_hh4b_candidates_v2.parquet	538edbc115d2c58cd4dcf72db5b02f7b3c4b32c450c56b850a125f2bf076abe5	/uscms/home/iturkmen/physical_weight_sidecars/train_candidate_run2_physical_weights_20260731_v1/train_candidate_run2_physical_weights.parquet	d5315ed70bb0298b4fc67e6e8c41437a7457b9b28b10fea2982d95b96275e2d3	7037	7332	0	0	295	True	295	False	not_applicable
ordinary	background	zbbbb	unified_background_5m_wavea_zbbbb_remaining15_20260721_v1	bundle:/store/user/iturkmen/hh4b_delphes/run2_13tev/frozen_v2/bundles/unified_background_5m_wavea_zbbbb_remaining15_20260721_v1/zbbbb_run2_frozen_v2_unified5m_wavea_shard015_10k_bundle.tar.gz	468	uniform_member_constant	10000	294	/uscms_data/d3/iturkmen/hh4b_delphes/parquet_materialized/background_frozen_v2_strict493_materialization_20260724_v1/train/zbbbb/0468_zbbbb_run2_frozen_v2_unified5m_wavea_shard015_10k_hh4b_candidates_v2.parquet	d303c8edc95cb219eb25d1edd2e99ca48158c5f985df0c20206fa7896882fe0b	/uscms/home/iturkmen/physical_weight_sidecars/train_candidate_run2_physical_weights_20260731_v1/train_candidate_run2_physical_weights.parquet	d5315ed70bb0298b4fc67e6e8c41437a7457b9b28b10fea2982d95b96275e2d3	7332	7626	0	0	294	True	294	False	not_applicable
ordinary	background	zbbbb	unified_background_5m_wavea_zbbbb_remaining15_20260721_v1	bundle:/store/user/iturkmen/hh4b_delphes/run2_13tev/frozen_v2/bundles/unified_background_5m_wavea_zbbbb_remaining15_20260721_v1/zbbbb_run2_frozen_v2_unified5m_wavea_shard016_10k_bundle.tar.gz	469	uniform_member_constant	10000	276	/uscms_data/d3/iturkmen/hh4b_delphes/parquet_materialized/background_frozen_v2_strict493_materialization_20260724_v1/train/zbbbb/0469_zbbbb_run2_frozen_v2_unified5m_wavea_shard016_10k_hh4b_candidates_v2.parquet	8d43a9357afde8b6d9e1a95cbb636b41e25c25d78ca0b6cd3d7937aff15a390b	/uscms/home/iturkmen/physical_weight_sidecars/train_candidate_run2_physical_weights_20260731_v1/train_candidate_run2_physical_weights.parquet	d5315ed70bb0298b4fc67e6e8c41437a7457b9b28b10fea2982d95b96275e2d3	7626	7902	0	0	276	True	276	False	not_applicable
ordinary	background	zbbbb	unified_background_5m_wavea_zbbbb_remaining15_20260721_v1	bundle:/store/user/iturkmen/hh4b_delphes/run2_13tev/frozen_v2/bundles/unified_background_5m_wavea_zbbbb_remaining15_20260721_v1/zbbbb_run2_frozen_v2_unified5m_wavea_shard017_10k_bundle.tar.gz	470	uniform_member_constant	10000	279	/uscms_data/d3/iturkmen/hh4b_delphes/parquet_materialized/background_frozen_v2_strict493_materialization_20260724_v1/train/zbbbb/0470_zbbbb_run2_frozen_v2_unified5m_wavea_shard017_10k_hh4b_candidates_v2.parquet	c0347c24e41bd1e03dd482d34e28edaa2dc6b221cd1fa389f4d85c795a10ca14	/uscms/home/iturkmen/physical_weight_sidecars/train_candidate_run2_physical_weights_20260731_v1/train_candidate_run2_physical_weights.parquet	d5315ed70bb0298b4fc67e6e8c41437a7457b9b28b10fea2982d95b96275e2d3	7902	8181	0	0	279	True	279	False	not_applicable
ordinary	background	zbbbb	unified_background_5m_wavea_zbbbb_remaining15_20260721_v1	bundle:/store/user/iturkmen/hh4b_delphes/run2_13tev/frozen_v2/bundles/unified_background_5m_wavea_zbbbb_remaining15_20260721_v1/zbbbb_run2_frozen_v2_unified5m_wavea_shard018_10k_bundle.tar.gz	471	uniform_member_constant	10000	288	/uscms_data/d3/iturkmen/hh4b_delphes/parquet_materialized/background_frozen_v2_strict493_materialization_20260724_v1/train/zbbbb/0471_zbbbb_run2_frozen_v2_unified5m_wavea_shard018_10k_hh4b_candidates_v2.parquet	4e7b27591788fa41a318151cae4761fa691ba0d6ec89801c5e4ab1dd34da6f47	/uscms/home/iturkmen/physical_weight_sidecars/train_candidate_run2_physical_weights_20260731_v1/train_candidate_run2_physical_weights.parquet	d5315ed70bb0298b4fc67e6e8c41437a7457b9b28b10fea2982d95b96275e2d3	8181	8469	0	0	288	True	288	False	not_applicable
ordinary	background	zbbbb	unified_background_5m_wavea_zbbbb_remaining15_20260721_v1	bundle:/store/user/iturkmen/hh4b_delphes/run2_13tev/frozen_v2/bundles/unified_background_5m_wavea_zbbbb_remaining15_20260721_v1/zbbbb_run2_frozen_v2_unified5m_wavea_shard020_10k_bundle.tar.gz	472	uniform_member_constant	10000	314	/uscms_data/d3/iturkmen/hh4b_delphes/parquet_materialized/background_frozen_v2_strict493_materialization_20260724_v1/train/zbbbb/0472_zbbbb_run2_frozen_v2_unified5m_wavea_shard020_10k_hh4b_candidates_v2.parquet	7e65d737a6e59e5cafce01fda5c26b63346c19786e2e84ba54a3ba3289779960	/uscms/home/iturkmen/physical_weight_sidecars/train_candidate_run2_physical_weights_20260731_v1/train_candidate_run2_physical_weights.parquet	d5315ed70bb0298b4fc67e6e8c41437a7457b9b28b10fea2982d95b96275e2d3	8469	8783	0	0	314	True	314	False	not_applicable
ordinary	background	zbbbb	unified_background_5m_wavea_zbbbb_remaining15_20260721_v1	bundle:/store/user/iturkmen/hh4b_delphes/run2_13tev/frozen_v2/bundles/unified_background_5m_wavea_zbbbb_remaining15_20260721_v1/zbbbb_run2_frozen_v2_unified5m_wavea_shard021_10k_bundle.tar.gz	473	uniform_member_constant	10000	285	/uscms_data/d3/iturkmen/hh4b_delphes/parquet_materialized/background_frozen_v2_strict493_materialization_20260724_v1/train/zbbbb/0473_zbbbb_run2_frozen_v2_unified5m_wavea_shard021_10k_hh4b_candidates_v2.parquet	6d7eb3fa1a9862689009a109389be1d603eea4833e3af69d15dca289974e3554	/uscms/home/iturkmen/physical_weight_sidecars/train_candidate_run2_physical_weights_20260731_v1/train_candidate_run2_physical_weights.parquet	d5315ed70bb0298b4fc67e6e8c41437a7457b9b28b10fea2982d95b96275e2d3	8783	9068	0	0	285	True	285	False	not_applicable
ordinary	background	zbbbb	unified_background_5m_wavea_zbbbb_remaining15_20260721_v1	bundle:/store/user/iturkmen/hh4b_delphes/run2_13tev/frozen_v2/bundles/unified_background_5m_wavea_zbbbb_remaining15_20260721_v1/zbbbb_run2_frozen_v2_unified5m_wavea_shard022_10k_bundle.tar.gz	474	uniform_member_constant	10000	274	/uscms_data/d3/iturkmen/hh4b_delphes/parquet_materialized/background_frozen_v2_strict493_materialization_20260724_v1/train/zbbbb/0474_zbbbb_run2_frozen_v2_unified5m_wavea_shard022_10k_hh4b_candidates_v2.parquet	e1d295d880602f689286f110c05d4c092d7765b03ef9f8bcde008ccd09681c77	/uscms/home/iturkmen/physical_weight_sidecars/train_candidate_run2_physical_weights_20260731_v1/train_candidate_run2_physical_weights.parquet	d5315ed70bb0298b4fc67e6e8c41437a7457b9b28b10fea2982d95b96275e2d3	9068	9342	0	0	274	True	274	False	not_applicable
ordinary	background	zbbbb	unified_background_5m_wavea_zbbbb_remaining15_20260721_v1	bundle:/store/user/iturkmen/hh4b_delphes/run2_13tev/frozen_v2/bundles/unified_background_5m_wavea_zbbbb_remaining15_20260721_v1/zbbbb_run2_frozen_v2_unified5m_wavea_shard023_10k_bundle.tar.gz	475	uniform_member_constant	10000	300	/uscms_data/d3/iturkmen/hh4b_delphes/parquet_materialized/background_frozen_v2_strict493_materialization_20260724_v1/train/zbbbb/0475_zbbbb_run2_frozen_v2_unified5m_wavea_shard023_10k_hh4b_candidates_v2.parquet	abee78c27541400ef5e3aaad1cd01908dfc3e35ff08b4de9c2f9734aca708254	/uscms/home/iturkmen/physical_weight_sidecars/train_candidate_run2_physical_weights_20260731_v1/train_candidate_run2_physical_weights.parquet	d5315ed70bb0298b4fc67e6e8c41437a7457b9b28b10fea2982d95b96275e2d3	9342	9642	0	0	300	True	300	False	not_applicable
ordinary	background	tth_hbb	unified_background_5m_waveb_priority_pilots10k_20260721_v1	bundle:/store/user/iturkmen/hh4b_delphes/run2_13tev/frozen_v2/bundles/unified_background_5m_waveb_priority_pilots10k_20260721_v1/tth_hbb_run2_frozen_v2_waveb_pilot_shard1001_10000evt_bundle.tar.gz	481	uniform_member_constant	10000	1189	/uscms_data/d3/iturkmen/hh4b_delphes/parquet_materialized/background_frozen_v2_strict493_materialization_20260724_v1/train/tth_hbb/0481_tth_hbb_run2_frozen_v2_waveb_pilot_shard1001_10000evt_hh4b_candidates_v2.parquet	8e45807f8ad42160aa89ec585762077fd42888f0e63717cb0ebbac731f3ba0e7	/uscms/home/iturkmen/physical_weight_sidecars/train_candidate_run2_physical_weights_20260731_v1/train_candidate_run2_physical_weights.parquet	d5315ed70bb0298b4fc67e6e8c41437a7457b9b28b10fea2982d95b96275e2d3	9642	10831	0	0	1189	True	1189	False	not_applicable
ordinary	background	tth_hbb	unified_background_5m_waveb_priority_scale400k_20260721_v1	bundle:/store/user/iturkmen/hh4b_delphes/run2_13tev/frozen_v2/bundles/unified_background_5m_waveb_priority_scale400k_20260721_v1/tth_hbb_run2_frozen_v2_waveb_scale400k_shard2007_10000evt_bundle.tar.gz	483	uniform_member_constant	10000	1222	/uscms_data/d3/iturkmen/hh4b_delphes/parquet_materialized/background_frozen_v2_strict493_materialization_20260724_v1/train/tth_hbb/0483_tth_hbb_run2_frozen_v2_waveb_scale400k_shard2007_10000evt_hh4b_candidates_v2.parquet	b04004a2a9a0871b0e55157f7c1a9811419237bd9a0e29df27b28fade7156723	/uscms/home/iturkmen/physical_weight_sidecars/train_candidate_run2_physical_weights_20260731_v1/train_candidate_run2_physical_weights.parquet	d5315ed70bb0298b4fc67e6e8c41437a7457b9b28b10fea2982d95b96275e2d3	10831	12053	0	0	1222	True	1222	False	not_applicable
ordinary	background	tttt	unified_background_5m_waveb_priority_pilots10k_20260721_v1	bundle:/store/user/iturkmen/hh4b_delphes/run2_13tev/frozen_v2/bundles/unified_background_5m_waveb_priority_pilots10k_20260721_v1/tttt_run2_frozen_v2_waveb_pilot_shard1003_10000evt_bundle.tar.gz	485	uniform_member_constant	10000	1853	/uscms_data/d3/iturkmen/hh4b_delphes/parquet_materialized/background_frozen_v2_strict493_materialization_20260724_v1/train/tttt/0485_tttt_run2_frozen_v2_waveb_pilot_shard1003_10000evt_hh4b_candidates_v2.parquet	24ab949223d7268380329730a0db25c8069ade5b73fcc20c3b8335c37a16506d	/uscms/home/iturkmen/physical_weight_sidecars/train_candidate_run2_physical_weights_20260731_v1/train_candidate_run2_physical_weights.parquet	d5315ed70bb0298b4fc67e6e8c41437a7457b9b28b10fea2982d95b96275e2d3	12053	13906	0	0	1853	True	1853	False	not_applicable
ordinary	background	tttt	unified_background_5m_waveb_priority_scale400k_20260721_v1	bundle:/store/user/iturkmen/hh4b_delphes/run2_13tev/frozen_v2/bundles/unified_background_5m_waveb_priority_scale400k_20260721_v1/tttt_run2_frozen_v2_waveb_scale400k_shard2201_10000evt_bundle.tar.gz	486	uniform_member_constant	10000	2016	/uscms_data/d3/iturkmen/hh4b_delphes/parquet_materialized/background_frozen_v2_strict493_materialization_20260724_v1/train/tttt/0486_tttt_run2_frozen_v2_waveb_scale400k_shard2201_10000evt_hh4b_candidates_v2.parquet	7d201052b40905f5d5e591536f0fabced0c1ce54752990c06fb93f35ab4c28e4	/uscms/home/iturkmen/physical_weight_sidecars/train_candidate_run2_physical_weights_20260731_v1/train_candidate_run2_physical_weights.parquet	d5315ed70bb0298b4fc67e6e8c41437a7457b9b28b10fea2982d95b96275e2d3	13906	15922	0	0	2016	True	2016	False	not_applicable
ordinary	background	tttt	unified_background_5m_waveb_priority_scale400k_20260721_v1	bundle:/store/user/iturkmen/hh4b_delphes/run2_13tev/frozen_v2/bundles/unified_background_5m_waveb_priority_scale400k_20260721_v1/tttt_run2_frozen_v2_waveb_scale400k_shard2207_10000evt_bundle.tar.gz	488	uniform_member_constant	10000	1934	/uscms_data/d3/iturkmen/hh4b_delphes/parquet_materialized/background_frozen_v2_strict493_materialization_20260724_v1/train/tttt/0488_tttt_run2_frozen_v2_waveb_scale400k_shard2207_10000evt_hh4b_candidates_v2.parquet	240c8e69b29fc56e4093d44de3327361996f266aa3ea210aa1703d0a376eece9	/uscms/home/iturkmen/physical_weight_sidecars/train_candidate_run2_physical_weights_20260731_v1/train_candidate_run2_physical_weights.parquet	d5315ed70bb0298b4fc67e6e8c41437a7457b9b28b10fea2982d95b96275e2d3	15922	17856	0	0	1934	True	1934	False	not_applicable
ordinary	background	ttz_zbb	unified_background_5m_waveb_priority_scale400k_20260721_v1	bundle:/store/user/iturkmen/hh4b_delphes/run2_13tev/frozen_v2/bundles/unified_background_5m_waveb_priority_scale400k_20260721_v1/ttz_zbb_run2_frozen_v2_waveb_scale400k_shard2103_10000evt_bundle.tar.gz	489	uniform_member_constant	10000	1072	/uscms_data/d3/iturkmen/hh4b_delphes/parquet_materialized/background_frozen_v2_strict493_materialization_20260724_v1/train/ttz_zbb/0489_ttz_zbb_run2_frozen_v2_waveb_scale400k_shard2103_10000evt_hh4b_candidates_v2.parquet	36e5985b792a3062fb222b0bf26387897aee56b08577c5f740eefb22d6836de9	/uscms/home/iturkmen/physical_weight_sidecars/train_candidate_run2_physical_weights_20260731_v1/train_candidate_run2_physical_weights.parquet	d5315ed70bb0298b4fc67e6e8c41437a7457b9b28b10fea2982d95b96275e2d3	17856	18928	0	0	1072	True	1072	False	not_applicable
ordinary	background	ttz_zbb	unified_background_5m_waveb_priority_scale400k_20260721_v1	bundle:/store/user/iturkmen/hh4b_delphes/run2_13tev/frozen_v2/bundles/unified_background_5m_waveb_priority_scale400k_20260721_v1/ttz_zbb_run2_frozen_v2_waveb_scale400k_shard2106_10000evt_bundle.tar.gz	490	uniform_member_constant	10000	1019	/uscms_data/d3/iturkmen/hh4b_delphes/parquet_materialized/background_frozen_v2_strict493_materialization_20260724_v1/train/ttz_zbb/0490_ttz_zbb_run2_frozen_v2_waveb_scale400k_shard2106_10000evt_hh4b_candidates_v2.parquet	cce64022e5de5a6c3680b303b697abc03590f4a2729e8a1b5e629372e77c8ba7	/uscms/home/iturkmen/physical_weight_sidecars/train_candidate_run2_physical_weights_20260731_v1/train_candidate_run2_physical_weights.parquet	d5315ed70bb0298b4fc67e6e8c41437a7457b9b28b10fea2982d95b96275e2d3	18928	19947	0	0	1019	True	1019	False	not_applicable
ordinary	background	ttz_zbb	unified_background_5m_waveb_priority_scale400k_20260721_v1	bundle:/store/user/iturkmen/hh4b_delphes/run2_13tev/frozen_v2/bundles/unified_background_5m_waveb_priority_scale400k_20260721_v1/ttz_zbb_run2_frozen_v2_waveb_scale400k_shard2107_10000evt_bundle.tar.gz	491	uniform_member_constant	10000	1078	/uscms_data/d3/iturkmen/hh4b_delphes/parquet_materialized/background_frozen_v2_strict493_materialization_20260724_v1/train/ttz_zbb/0491_ttz_zbb_run2_frozen_v2_waveb_scale400k_shard2107_10000evt_hh4b_candidates_v2.parquet	b3287fec29bbd59cc514c132f6307acd53de56cc698e17e6a26e448799e96491	/uscms/home/iturkmen/physical_weight_sidecars/train_candidate_run2_physical_weights_20260731_v1/train_candidate_run2_physical_weights.parquet	d5315ed70bb0298b4fc67e6e8c41437a7457b9b28b10fea2982d95b96275e2d3	19947	21025	0	0	1078	True	1078	False	not_applicable
ordinary	background	vbf_hbb	unified_background_5m_waveb_priority_scale400k_20260721_v1	bundle:/store/user/iturkmen/hh4b_delphes/run2_13tev/frozen_v2/bundles/unified_background_5m_waveb_priority_scale400k_20260721_v1/vbf_hbb_run2_frozen_v2_waveb_scale400k_shard2302_10000evt_bundle.tar.gz	493	uniform_member_constant	10000	7	/uscms_data/d3/iturkmen/hh4b_delphes/parquet_materialized/background_frozen_v2_strict493_materialization_20260724_v1/train/vbf_hbb/0493_vbf_hbb_run2_frozen_v2_waveb_scale400k_shard2302_10000evt_hh4b_candidates_v2.parquet	98005e428f2e319b4b1e5c0d53193298d56a5a4af53361ca3fc211aa07e38e5b	/uscms/home/iturkmen/physical_weight_sidecars/train_candidate_run2_physical_weights_20260731_v1/train_candidate_run2_physical_weights.parquet	d5315ed70bb0298b4fc67e6e8c41437a7457b9b28b10fea2982d95b96275e2d3	21025	21032	0	0	7	True	7	False	not_applicable
ordinary	background	vbf_hbb	unified_background_5m_waveb_priority_scale400k_20260721_v1	bundle:/store/user/iturkmen/hh4b_delphes/run2_13tev/frozen_v2/bundles/unified_background_5m_waveb_priority_scale400k_20260721_v1/vbf_hbb_run2_frozen_v2_waveb_scale400k_shard2305_10000evt_bundle.tar.gz	495	uniform_member_constant	10000	8	/uscms_data/d3/iturkmen/hh4b_delphes/parquet_materialized/background_frozen_v2_strict493_materialization_20260724_v1/train/vbf_hbb/0495_vbf_hbb_run2_frozen_v2_waveb_scale400k_shard2305_10000evt_hh4b_candidates_v2.parquet	daf77e56e09283b143e8c0c8f00b1f8753a6f917f65e427ad41a29a2cf16ae06	/uscms/home/iturkmen/physical_weight_sidecars/train_candidate_run2_physical_weights_20260731_v1/train_candidate_run2_physical_weights.parquet	d5315ed70bb0298b4fc67e6e8c41437a7457b9b28b10fea2982d95b96275e2d3	21032	21040	0	0	8	True	8	False	not_applicable
ordinary	background	vbf_hbb	unified_background_5m_waveb_priority_scale400k_20260721_v1	bundle:/store/user/iturkmen/hh4b_delphes/run2_13tev/frozen_v2/bundles/unified_background_5m_waveb_priority_scale400k_20260721_v1/vbf_hbb_run2_frozen_v2_waveb_scale400k_shard2306_10000evt_bundle.tar.gz	496	uniform_member_constant	10000	5	/uscms_data/d3/iturkmen/hh4b_delphes/parquet_materialized/background_frozen_v2_strict493_materialization_20260724_v1/train/vbf_hbb/0496_vbf_hbb_run2_frozen_v2_waveb_scale400k_shard2306_10000evt_hh4b_candidates_v2.parquet	1c4ada20de4b6533767c4a5d9a2aa9f02b6048b609c32c6e5367f9b91ddf8273	/uscms/home/iturkmen/physical_weight_sidecars/train_candidate_run2_physical_weights_20260731_v1/train_candidate_run2_physical_weights.parquet	d5315ed70bb0298b4fc67e6e8c41437a7457b9b28b10fea2982d95b96275e2d3	21040	21045	0	0	5	True	5	False	not_applicable
ordinary	background	ttw	unified_background_5m_wavec1_pilot40k_20260721_v1	bundle:/store/user/iturkmen/hh4b_delphes/run2_13tev/frozen_v2/bundles/unified_background_5m_wavec1_pilot40k_20260721_v1/ttw_run2_frozen_v2_wavec1_pilot_shard3202_10kevt_bundle.tar.gz	498	uniform_member_constant	10000	48	/uscms_data/d3/iturkmen/hh4b_delphes/parquet_materialized/background_frozen_v2_strict493_materialization_20260724_v1/train/ttw/0498_ttw_run2_frozen_v2_wavec1_pilot_shard3202_10kevt_hh4b_candidates_v2.parquet	62e3d918a2b17259cb01e39c6baba13263445663dd2098314ea47414eaa0c057	/uscms/home/iturkmen/physical_weight_sidecars/train_candidate_run2_physical_weights_20260731_v1/train_candidate_run2_physical_weights.parquet	d5315ed70bb0298b4fc67e6e8c41437a7457b9b28b10fea2982d95b96275e2d3	21045	21093	0	0	48	True	48	False	not_applicable
ordinary	background	ttw	unified_background_5m_wavec1_scaleout180k_20260721_v2	bundle:/store/user/iturkmen/hh4b_delphes/run2_13tev/frozen_v2/bundles/unified_background_5m_wavec1_scaleout180k_20260721_v2/ttw_run2_frozen_v2_wavec1_scaleout_shard3402_10kevt_bundle.tar.gz	500	uniform_member_constant	10000	55	/uscms_data/d3/iturkmen/hh4b_delphes/parquet_materialized/background_frozen_v2_strict493_materialization_20260724_v1/train/ttw/0500_ttw_run2_frozen_v2_wavec1_scaleout_shard3402_10kevt_hh4b_candidates_v2.parquet	6da5f5b732218b575d0c6d73b1de5612bb56ab9b09204e2693e85ef66108bcf5	/uscms/home/iturkmen/physical_weight_sidecars/train_candidate_run2_physical_weights_20260731_v1/train_candidate_run2_physical_weights.parquet	d5315ed70bb0298b4fc67e6e8c41437a7457b9b28b10fea2982d95b96275e2d3	21093	21148	0	0	55	True	55	False	not_applicable
ordinary	background	ttw	unified_background_5m_wavec1_scaleout180k_20260721_v2	bundle:/store/user/iturkmen/hh4b_delphes/run2_13tev/frozen_v2/bundles/unified_background_5m_wavec1_scaleout180k_20260721_v2/ttw_run2_frozen_v2_wavec1_scaleout_shard3403_10kevt_bundle.tar.gz	501	uniform_member_constant	10000	70	/uscms_data/d3/iturkmen/hh4b_delphes/parquet_materialized/background_frozen_v2_strict493_materialization_20260724_v1/train/ttw/0501_ttw_run2_frozen_v2_wavec1_scaleout_shard3403_10kevt_hh4b_candidates_v2.parquet	7a3ac609c2df11d5853bda92bd40f1560d017c3e5d2c6af88452f6daec60339c	/uscms/home/iturkmen/physical_weight_sidecars/train_candidate_run2_physical_weights_20260731_v1/train_candidate_run2_physical_weights.parquet	d5315ed70bb0298b4fc67e6e8c41437a7457b9b28b10fea2982d95b96275e2d3	21148	21218	0	0	70	True	70	False	not_applicable
ordinary	background	ttw	unified_background_5m_wavec1_scaleout180k_20260721_v2	bundle:/store/user/iturkmen/hh4b_delphes/run2_13tev/frozen_v2/bundles/unified_background_5m_wavec1_scaleout180k_20260721_v2/ttw_run2_frozen_v2_wavec1_scaleout_shard3404_10kevt_bundle.tar.gz	502	uniform_member_constant	10000	59	/uscms_data/d3/iturkmen/hh4b_delphes/parquet_materialized/background_frozen_v2_strict493_materialization_20260724_v1/train/ttw/0502_ttw_run2_frozen_v2_wavec1_scaleout_shard3404_10kevt_hh4b_candidates_v2.parquet	838e4e112594326e8549ce1a83caf89c6490eb4379d3c766eeedbbdb23105b4a	/uscms/home/iturkmen/physical_weight_sidecars/train_candidate_run2_physical_weights_20260731_v1/train_candidate_run2_physical_weights.parquet	d5315ed70bb0298b4fc67e6e8c41437a7457b9b28b10fea2982d95b96275e2d3	21218	21277	0	0	59	True	59	False	not_applicable
ordinary	background	wh_hbb	unified_background_5m_wavec1_scaleout180k_20260721_v2	bundle:/store/user/iturkmen/hh4b_delphes/run2_13tev/frozen_v2/bundles/unified_background_5m_wavec1_scaleout180k_20260721_v2/wh_hbb_run2_frozen_v2_wavec1_scaleout_shard3301_10kevt_bundle.tar.gz	505	uniform_member_constant	10000	7	/uscms_data/d3/iturkmen/hh4b_delphes/parquet_materialized/background_frozen_v2_strict493_materialization_20260724_v1/train/wh_hbb/0505_wh_hbb_run2_frozen_v2_wavec1_scaleout_shard3301_10kevt_hh4b_candidates_v2.parquet	5ec7373822a741d934d2d606d05e263d01a65e45ad73adb5e562c7c4be490471	/uscms/home/iturkmen/physical_weight_sidecars/train_candidate_run2_physical_weights_20260731_v1/train_candidate_run2_physical_weights.parquet	d5315ed70bb0298b4fc67e6e8c41437a7457b9b28b10fea2982d95b96275e2d3	21277	21284	0	0	7	True	7	False	not_applicable
ordinary	background	wh_hbb	unified_background_5m_wavec1_scaleout180k_20260721_v2	bundle:/store/user/iturkmen/hh4b_delphes/run2_13tev/frozen_v2/bundles/unified_background_5m_wavec1_scaleout180k_20260721_v2/wh_hbb_run2_frozen_v2_wavec1_scaleout_shard3302_10kevt_bundle.tar.gz	506	uniform_member_constant	10000	9	/uscms_data/d3/iturkmen/hh4b_delphes/parquet_materialized/background_frozen_v2_strict493_materialization_20260724_v1/train/wh_hbb/0506_wh_hbb_run2_frozen_v2_wavec1_scaleout_shard3302_10kevt_hh4b_candidates_v2.parquet	76faa52c6fc22a4e49a5244e66c1534ffcc106b3f9d51ce79e271c1d00600648	/uscms/home/iturkmen/physical_weight_sidecars/train_candidate_run2_physical_weights_20260731_v1/train_candidate_run2_physical_weights.parquet	d5315ed70bb0298b4fc67e6e8c41437a7457b9b28b10fea2982d95b96275e2d3	21284	21293	0	0	9	True	9	False	not_applicable
ordinary	background	wh_hbb	unified_background_5m_wavec1_scaleout180k_20260721_v2	bundle:/store/user/iturkmen/hh4b_delphes/run2_13tev/frozen_v2/bundles/unified_background_5m_wavec1_scaleout180k_20260721_v2/wh_hbb_run2_frozen_v2_wavec1_scaleout_shard3303_10kevt_bundle.tar.gz	507	uniform_member_constant	10000	9	/uscms_data/d3/iturkmen/hh4b_delphes/parquet_materialized/background_frozen_v2_strict493_materialization_20260724_v1/train/wh_hbb/0507_wh_hbb_run2_frozen_v2_wavec1_scaleout_shard3303_10kevt_hh4b_candidates_v2.parquet	490d63a1e9b14130f17885ba456edbd371020eaed46c76923acb6530bc5ead35	/uscms/home/iturkmen/physical_weight_sidecars/train_candidate_run2_physical_weights_20260731_v1/train_candidate_run2_physical_weights.parquet	d5315ed70bb0298b4fc67e6e8c41437a7457b9b28b10fea2982d95b96275e2d3	21293	21302	0	0	9	True	9	False	not_applicable
ordinary	background	wh_hbb	unified_background_5m_wavec1_scaleout180k_20260721_v2	bundle:/store/user/iturkmen/hh4b_delphes/run2_13tev/frozen_v2/bundles/unified_background_5m_wavec1_scaleout180k_20260721_v2/wh_hbb_run2_frozen_v2_wavec1_scaleout_shard3304_10kevt_bundle.tar.gz	508	uniform_member_constant	10000	3	/uscms_data/d3/iturkmen/hh4b_delphes/parquet_materialized/background_frozen_v2_strict493_materialization_20260724_v1/train/wh_hbb/0508_wh_hbb_run2_frozen_v2_wavec1_scaleout_shard3304_10kevt_hh4b_candidates_v2.parquet	3e3df736cb498cf1b5cf44f6ee8bc00083933ed5ddd26f9b4e22e8a843c9e8a0	/uscms/home/iturkmen/physical_weight_sidecars/train_candidate_run2_physical_weights_20260731_v1/train_candidate_run2_physical_weights.parquet	d5315ed70bb0298b4fc67e6e8c41437a7457b9b28b10fea2982d95b96275e2d3	21302	21305	0	0	3	True	3	False	not_applicable
ordinary	background	ww	unified_background_5m_wavec1_scaleout180k_20260721_v2	bundle:/store/user/iturkmen/hh4b_delphes/run2_13tev/frozen_v2/bundles/unified_background_5m_wavec1_scaleout180k_20260721_v2/ww_run2_frozen_v2_wavec1_scaleout_shard3601_10kevt_bundle.tar.gz	510	uniform_member_constant	10000	0	/uscms_data/d3/iturkmen/hh4b_delphes/parquet_materialized/background_frozen_v2_strict493_materialization_20260724_v1/train/ww/0510_ww_run2_frozen_v2_wavec1_scaleout_shard3601_10kevt_hh4b_candidates_v2.parquet	6ecb43c3d83f9d0083f49bf84239160ad0e69ca93683c510e00f9ff1931bd8a3	/uscms/home/iturkmen/physical_weight_sidecars/train_candidate_run2_physical_weights_20260731_v1/train_candidate_run2_physical_weights.parquet	d5315ed70bb0298b4fc67e6e8c41437a7457b9b28b10fea2982d95b96275e2d3	21305	21305	0	0	0	True	0	False	no_sidecar_rows_required_for_zero_candidates
ordinary	background	ww	unified_background_5m_wavec1_scaleout180k_20260721_v2	bundle:/store/user/iturkmen/hh4b_delphes/run2_13tev/frozen_v2/bundles/unified_background_5m_wavec1_scaleout180k_20260721_v2/ww_run2_frozen_v2_wavec1_scaleout_shard3603_10kevt_bundle.tar.gz	512	uniform_member_constant	10000	0	/uscms_data/d3/iturkmen/hh4b_delphes/parquet_materialized/background_frozen_v2_strict493_materialization_20260724_v1/train/ww/0512_ww_run2_frozen_v2_wavec1_scaleout_shard3603_10kevt_hh4b_candidates_v2.parquet	6ecb43c3d83f9d0083f49bf84239160ad0e69ca93683c510e00f9ff1931bd8a3	/uscms/home/iturkmen/physical_weight_sidecars/train_candidate_run2_physical_weights_20260731_v1/train_candidate_run2_physical_weights.parquet	d5315ed70bb0298b4fc67e6e8c41437a7457b9b28b10fea2982d95b96275e2d3	21305	21305	0	0	0	True	0	False	no_sidecar_rows_required_for_zero_candidates
ordinary	background	wz_zbb	unified_background_5m_wavec1_pilot40k_20260721_v1	bundle:/store/user/iturkmen/hh4b_delphes/run2_13tev/frozen_v2/bundles/unified_background_5m_wavec1_pilot40k_20260721_v1/wz_zbb_run2_frozen_v2_wavec1_pilot_shard3203_10kevt_bundle.tar.gz	514	uniform_member_constant	10000	2	/uscms_data/d3/iturkmen/hh4b_delphes/parquet_materialized/background_frozen_v2_strict493_materialization_20260724_v1/train/wz_zbb/0514_wz_zbb_run2_frozen_v2_wavec1_pilot_shard3203_10kevt_hh4b_candidates_v2.parquet	591a2dd635089dd32a9a2281826dffb36d0a20e0c76fc8670a21da1428c0f6c3	/uscms/home/iturkmen/physical_weight_sidecars/train_candidate_run2_physical_weights_20260731_v1/train_candidate_run2_physical_weights.parquet	d5315ed70bb0298b4fc67e6e8c41437a7457b9b28b10fea2982d95b96275e2d3	21305	21307	0	0	2	True	2	False	not_applicable
ordinary	background	wz_zbb	unified_background_5m_wavec1_scaleout180k_20260721_v2	bundle:/store/user/iturkmen/hh4b_delphes/run2_13tev/frozen_v2/bundles/unified_background_5m_wavec1_scaleout180k_20260721_v2/wz_zbb_run2_frozen_v2_wavec1_scaleout_shard3501_10kevt_bundle.tar.gz	515	uniform_member_constant	10000	2	/uscms_data/d3/iturkmen/hh4b_delphes/parquet_materialized/background_frozen_v2_strict493_materialization_20260724_v1/train/wz_zbb/0515_wz_zbb_run2_frozen_v2_wavec1_scaleout_shard3501_10kevt_hh4b_candidates_v2.parquet	ab5fbcf032e4c5a1ead6f334055349aa3ccce81e21c009b2a2af737ebd643bfc	/uscms/home/iturkmen/physical_weight_sidecars/train_candidate_run2_physical_weights_20260731_v1/train_candidate_run2_physical_weights.parquet	d5315ed70bb0298b4fc67e6e8c41437a7457b9b28b10fea2982d95b96275e2d3	21307	21309	0	0	2	True	2	False	not_applicable
ordinary	background	wz_zbb	unified_background_5m_wavec1_scaleout180k_20260721_v2	bundle:/store/user/iturkmen/hh4b_delphes/run2_13tev/frozen_v2/bundles/unified_background_5m_wavec1_scaleout180k_20260721_v2/wz_zbb_run2_frozen_v2_wavec1_scaleout_shard3502_10kevt_bundle.tar.gz	516	uniform_member_constant	10000	1	/uscms_data/d3/iturkmen/hh4b_delphes/parquet_materialized/background_frozen_v2_strict493_materialization_20260724_v1/train/wz_zbb/0516_wz_zbb_run2_frozen_v2_wavec1_scaleout_shard3502_10kevt_hh4b_candidates_v2.parquet	f7e0d62426360ee1064f35e806d8e92aa9af30a9d7b3000f0094535270f3697d	/uscms/home/iturkmen/physical_weight_sidecars/train_candidate_run2_physical_weights_20260731_v1/train_candidate_run2_physical_weights.parquet	d5315ed70bb0298b4fc67e6e8c41437a7457b9b28b10fea2982d95b96275e2d3	21309	21310	0	0	1	True	1	False	not_applicable
ordinary	background	wz_zbb	unified_background_5m_wavec1_scaleout180k_20260721_v2	bundle:/store/user/iturkmen/hh4b_delphes/run2_13tev/frozen_v2/bundles/unified_background_5m_wavec1_scaleout180k_20260721_v2/wz_zbb_run2_frozen_v2_wavec1_scaleout_shard3503_10kevt_bundle.tar.gz	517	uniform_member_constant	10000	2	/uscms_data/d3/iturkmen/hh4b_delphes/parquet_materialized/background_frozen_v2_strict493_materialization_20260724_v1/train/wz_zbb/0517_wz_zbb_run2_frozen_v2_wavec1_scaleout_shard3503_10kevt_hh4b_candidates_v2.parquet	7a6800e4e4ef953453afc02746e3c6ab77d1441c6cf6a0bca7ae9c58b43c3dfb	/uscms/home/iturkmen/physical_weight_sidecars/train_candidate_run2_physical_weights_20260731_v1/train_candidate_run2_physical_weights.parquet	d5315ed70bb0298b4fc67e6e8c41437a7457b9b28b10fea2982d95b96275e2d3	21310	21312	0	0	2	True	2	False	not_applicable
ordinary	signal	ggf_hh4b	ggf_hh4b_ml_ext20k_frozen_v2_20260716	ggf_shard_000	0	uniform_member_constant	1000	58	/uscms_data/d3/iturkmen/hh4b_delphes/parquet_v2_signal_extensions/ggf_hh4b_ml_ext20k_frozen_v2_20260716/ggF_HH4b_SMnorm_ext20k_shard000_train_v2_hh4b_candidates.parquet	8fa51f3f244d0380b908ac6dfe645cc83a2ae8bbd8eb85ec1a2fed7cf1227a74	/uscms/home/iturkmen/physical_weight_sidecars/train_candidate_run2_physical_weights_20260731_v1/train_candidate_run2_physical_weights.parquet	d5315ed70bb0298b4fc67e6e8c41437a7457b9b28b10fea2982d95b96275e2d3	21312	21370	0	0	58	True	58	False	not_applicable
ordinary	signal	ggf_hh4b	ggf_hh4b_ml_ext20k_frozen_v2_20260716	ggf_shard_001	1	uniform_member_constant	1000	60	/uscms_data/d3/iturkmen/hh4b_delphes/parquet_v2_signal_extensions/ggf_hh4b_ml_ext20k_frozen_v2_20260716/ggF_HH4b_SMnorm_ext20k_shard001_train_v2_hh4b_candidates.parquet	4f8b0754e1d12ef38c7303df9ad6756bb3034537397fcbf7457e75806fc4d669	/uscms/home/iturkmen/physical_weight_sidecars/train_candidate_run2_physical_weights_20260731_v1/train_candidate_run2_physical_weights.parquet	d5315ed70bb0298b4fc67e6e8c41437a7457b9b28b10fea2982d95b96275e2d3	21370	21430	0	0	60	True	60	False	not_applicable
ordinary	signal	ggf_hh4b	ggf_hh4b_ml_ext20k_frozen_v2_20260716	ggf_shard_002	2	uniform_member_constant	1000	65	/uscms_data/d3/iturkmen/hh4b_delphes/parquet_v2_signal_extensions/ggf_hh4b_ml_ext20k_frozen_v2_20260716/ggF_HH4b_SMnorm_ext20k_shard002_train_v2_hh4b_candidates.parquet	f39a6489cfdd0a65a0cd359645cae9ea3c35cab24b21457be2dc7506f3204c06	/uscms/home/iturkmen/physical_weight_sidecars/train_candidate_run2_physical_weights_20260731_v1/train_candidate_run2_physical_weights.parquet	d5315ed70bb0298b4fc67e6e8c41437a7457b9b28b10fea2982d95b96275e2d3	21430	21495	0	0	65	True	65	False	not_applicable
ordinary	signal	ggf_hh4b	ggf_hh4b_ml_ext20k_frozen_v2_20260716	ggf_shard_003	3	uniform_member_constant	1000	59	/uscms_data/d3/iturkmen/hh4b_delphes/parquet_v2_signal_extensions/ggf_hh4b_ml_ext20k_frozen_v2_20260716/ggF_HH4b_SMnorm_ext20k_shard003_train_v2_hh4b_candidates.parquet	66de4c8b00c7acdcfba4a47538c93334d0f24e119b50652b448124bddc0e4504	/uscms/home/iturkmen/physical_weight_sidecars/train_candidate_run2_physical_weights_20260731_v1/train_candidate_run2_physical_weights.parquet	d5315ed70bb0298b4fc67e6e8c41437a7457b9b28b10fea2982d95b96275e2d3	21495	21554	0	0	59	True	59	False	not_applicable
ordinary	signal	ggf_hh4b	ggf_hh4b_ml_ext20k_frozen_v2_20260716	ggf_shard_004	4	uniform_member_constant	1000	63	/uscms_data/d3/iturkmen/hh4b_delphes/parquet_v2_signal_extensions/ggf_hh4b_ml_ext20k_frozen_v2_20260716/ggF_HH4b_SMnorm_ext20k_shard004_train_v2_hh4b_candidates.parquet	927ad59252724ce1ab1852da686e5dfd83bcead274b3adb57ac8b9984618f3cd	/uscms/home/iturkmen/physical_weight_sidecars/train_candidate_run2_physical_weights_20260731_v1/train_candidate_run2_physical_weights.parquet	d5315ed70bb0298b4fc67e6e8c41437a7457b9b28b10fea2982d95b96275e2d3	21554	21617	0	0	63	True	63	False	not_applicable
ordinary	signal	ggf_hh4b	ggf_hh4b_ml_ext20k_frozen_v2_20260716	ggf_shard_005	5	uniform_member_constant	1000	62	/uscms_data/d3/iturkmen/hh4b_delphes/parquet_v2_signal_extensions/ggf_hh4b_ml_ext20k_frozen_v2_20260716/ggF_HH4b_SMnorm_ext20k_shard005_train_v2_hh4b_candidates.parquet	64e2a974cff4518a10fd5b2928d9c24f406d5b52d74b2c0c5a9294be68577cac	/uscms/home/iturkmen/physical_weight_sidecars/train_candidate_run2_physical_weights_20260731_v1/train_candidate_run2_physical_weights.parquet	d5315ed70bb0298b4fc67e6e8c41437a7457b9b28b10fea2982d95b96275e2d3	21617	21679	0	0	62	True	62	False	not_applicable
ordinary	signal	ggf_hh4b	ggf_hh4b_ml_ext20k_frozen_v2_20260716	ggf_shard_006	6	uniform_member_constant	1000	67	/uscms_data/d3/iturkmen/hh4b_delphes/parquet_v2_signal_extensions/ggf_hh4b_ml_ext20k_frozen_v2_20260716/ggF_HH4b_SMnorm_ext20k_shard006_train_v2_hh4b_candidates.parquet	ac632bfbb4d193ebeef09945c360ceac248ce5e5eebf35f83921dd7ca22846a2	/uscms/home/iturkmen/physical_weight_sidecars/train_candidate_run2_physical_weights_20260731_v1/train_candidate_run2_physical_weights.parquet	d5315ed70bb0298b4fc67e6e8c41437a7457b9b28b10fea2982d95b96275e2d3	21679	21746	0	0	67	True	67	False	not_applicable
ordinary	signal	ggf_hh4b	ggf_hh4b_ml_ext20k_frozen_v2_20260716	ggf_shard_007	7	uniform_member_constant	1000	72	/uscms_data/d3/iturkmen/hh4b_delphes/parquet_v2_signal_extensions/ggf_hh4b_ml_ext20k_frozen_v2_20260716/ggF_HH4b_SMnorm_ext20k_shard007_train_v2_hh4b_candidates.parquet	21bc9499df58a1ece1717352466c238e1ba9d85e58d0431d523fd1603e0cc646	/uscms/home/iturkmen/physical_weight_sidecars/train_candidate_run2_physical_weights_20260731_v1/train_candidate_run2_physical_weights.parquet	d5315ed70bb0298b4fc67e6e8c41437a7457b9b28b10fea2982d95b96275e2d3	21746	21818	0	0	72	True	72	False	not_applicable
ordinary	signal	ggf_hh4b	ggf_hh4b_ml_ext20k_frozen_v2_20260716	ggf_shard_008	8	uniform_member_constant	1000	77	/uscms_data/d3/iturkmen/hh4b_delphes/parquet_v2_signal_extensions/ggf_hh4b_ml_ext20k_frozen_v2_20260716/ggF_HH4b_SMnorm_ext20k_shard008_train_v2_hh4b_candidates.parquet	014680b88faadadb4336b76cde6608327536841111af87c73d939afed5e117b9	/uscms/home/iturkmen/physical_weight_sidecars/train_candidate_run2_physical_weights_20260731_v1/train_candidate_run2_physical_weights.parquet	d5315ed70bb0298b4fc67e6e8c41437a7457b9b28b10fea2982d95b96275e2d3	21818	21895	0	0	77	True	77	False	not_applicable
ordinary	signal	ggf_hh4b	ggf_hh4b_ml_ext20k_frozen_v2_20260716	ggf_shard_009	9	uniform_member_constant	1000	56	/uscms_data/d3/iturkmen/hh4b_delphes/parquet_v2_signal_extensions/ggf_hh4b_ml_ext20k_frozen_v2_20260716/ggF_HH4b_SMnorm_ext20k_shard009_train_v2_hh4b_candidates.parquet	95236fa201892cb006dd5a7e83b7ffc9aad04d867fda5bee57e5dd135a83c220	/uscms/home/iturkmen/physical_weight_sidecars/train_candidate_run2_physical_weights_20260731_v1/train_candidate_run2_physical_weights.parquet	d5315ed70bb0298b4fc67e6e8c41437a7457b9b28b10fea2982d95b96275e2d3	21895	21951	0	0	56	True	56	False	not_applicable
ordinary	signal	ggf_hh4b	ggf_hh4b_ml_ext20k_frozen_v2_20260716	ggf_shard_010	10	uniform_member_constant	1000	74	/uscms_data/d3/iturkmen/hh4b_delphes/parquet_v2_signal_extensions/ggf_hh4b_ml_ext20k_frozen_v2_20260716/ggF_HH4b_SMnorm_ext20k_shard010_train_v2_hh4b_candidates.parquet	f629cb1d725223b39b28aceef24ee1757934f0177fd682f5ce611b95e279b709	/uscms/home/iturkmen/physical_weight_sidecars/train_candidate_run2_physical_weights_20260731_v1/train_candidate_run2_physical_weights.parquet	d5315ed70bb0298b4fc67e6e8c41437a7457b9b28b10fea2982d95b96275e2d3	21951	22025	0	0	74	True	74	False	not_applicable
ordinary	signal	ggf_hh4b	ggf_hh4b_ml_ext20k_frozen_v2_20260716	ggf_shard_011	11	uniform_member_constant	1000	61	/uscms_data/d3/iturkmen/hh4b_delphes/parquet_v2_signal_extensions/ggf_hh4b_ml_ext20k_frozen_v2_20260716/ggF_HH4b_SMnorm_ext20k_shard011_train_v2_hh4b_candidates.parquet	70954d7166d0b37714dc61196db69a3f8b46e82525758a54a36ef17ec01fa08a	/uscms/home/iturkmen/physical_weight_sidecars/train_candidate_run2_physical_weights_20260731_v1/train_candidate_run2_physical_weights.parquet	d5315ed70bb0298b4fc67e6e8c41437a7457b9b28b10fea2982d95b96275e2d3	22025	22086	0	0	61	True	61	False	not_applicable
ordinary	signal	ggf_hh4b	ggf_hh4b_ml_ext20k_frozen_v2_20260716	ggf_shard_012	12	uniform_member_constant	1000	63	/uscms_data/d3/iturkmen/hh4b_delphes/parquet_v2_signal_extensions/ggf_hh4b_ml_ext20k_frozen_v2_20260716/ggF_HH4b_SMnorm_ext20k_shard012_train_v2_hh4b_candidates.parquet	a8082745e53cff674db36216d31e877c313010b883d7ff5da260c955e4331990	/uscms/home/iturkmen/physical_weight_sidecars/train_candidate_run2_physical_weights_20260731_v1/train_candidate_run2_physical_weights.parquet	d5315ed70bb0298b4fc67e6e8c41437a7457b9b28b10fea2982d95b96275e2d3	22086	22149	0	0	63	True	63	False	not_applicable
ordinary	signal	ggf_hh4b	ggf_hh4b_ml_ext20k_frozen_v2_20260716	ggf_shard_013	13	uniform_member_constant	1000	81	/uscms_data/d3/iturkmen/hh4b_delphes/parquet_v2_signal_extensions/ggf_hh4b_ml_ext20k_frozen_v2_20260716/ggF_HH4b_SMnorm_ext20k_shard013_train_v2_hh4b_candidates.parquet	9079a1f3ea4ce88d1cbb20402e97d9fcf444c9bbce2d426a44baec6b66510a80	/uscms/home/iturkmen/physical_weight_sidecars/train_candidate_run2_physical_weights_20260731_v1/train_candidate_run2_physical_weights.parquet	d5315ed70bb0298b4fc67e6e8c41437a7457b9b28b10fea2982d95b96275e2d3	22149	22230	0	0	81	True	81	False	not_applicable
ordinary	signal	ggf_hh4b	ggf_hh4b_ml_ext80k_frozen_v2_20260721_v1	ggf_shard_020	20	uniform_member_constant	1000	74	/uscms_data/d3/iturkmen/hh4b_delphes/parquet_v2_signal_extensions/ggf_hh4b_ml_ext80k_frozen_v2_20260721_v1/ggF_HH4b_SMnorm_ext80k_shard020_train_v2_hh4b_candidates.parquet	5eaaed39b58e8cee3214d1667c964deb98d6b0b83cb1ead1b5ca95c9f7c9e195	/uscms/home/iturkmen/physical_weight_sidecars/train_candidate_run2_physical_weights_20260731_v1/train_candidate_run2_physical_weights.parquet	d5315ed70bb0298b4fc67e6e8c41437a7457b9b28b10fea2982d95b96275e2d3	22230	22304	0	0	74	True	74	False	not_applicable
ordinary	signal	ggf_hh4b	ggf_hh4b_ml_ext80k_frozen_v2_20260721_v1	ggf_shard_021	21	uniform_member_constant	1000	74	/uscms_data/d3/iturkmen/hh4b_delphes/parquet_v2_signal_extensions/ggf_hh4b_ml_ext80k_frozen_v2_20260721_v1/ggF_HH4b_SMnorm_ext80k_shard021_train_v2_hh4b_candidates.parquet	f59acb604a11212f1cee72e7e2a0ce7a2ef6845de0affc96e86d4d6d05a9d0be	/uscms/home/iturkmen/physical_weight_sidecars/train_candidate_run2_physical_weights_20260731_v1/train_candidate_run2_physical_weights.parquet	d5315ed70bb0298b4fc67e6e8c41437a7457b9b28b10fea2982d95b96275e2d3	22304	22378	0	0	74	True	74	False	not_applicable
ordinary	signal	ggf_hh4b	ggf_hh4b_ml_ext80k_frozen_v2_20260721_v1	ggf_shard_022	22	uniform_member_constant	1000	58	/uscms_data/d3/iturkmen/hh4b_delphes/parquet_v2_signal_extensions/ggf_hh4b_ml_ext80k_frozen_v2_20260721_v1/ggF_HH4b_SMnorm_ext80k_shard022_train_v2_hh4b_candidates.parquet	7ee3c1daa5523767ca6d0a22aff1725af000b15f206adb3a949cc9704d670b7f	/uscms/home/iturkmen/physical_weight_sidecars/train_candidate_run2_physical_weights_20260731_v1/train_candidate_run2_physical_weights.parquet	d5315ed70bb0298b4fc67e6e8c41437a7457b9b28b10fea2982d95b96275e2d3	22378	22436	0	0	58	True	58	False	not_applicable
ordinary	signal	ggf_hh4b	ggf_hh4b_ml_ext80k_frozen_v2_20260721_v1	ggf_shard_023	23	uniform_member_constant	1000	64	/uscms_data/d3/iturkmen/hh4b_delphes/parquet_v2_signal_extensions/ggf_hh4b_ml_ext80k_frozen_v2_20260721_v1/ggF_HH4b_SMnorm_ext80k_shard023_train_v2_hh4b_candidates.parquet	066ff9871b9ca6ce9aaf45a5266dc2d1c30dc973cd4ce4dd0bd4abf5164e22d6	/uscms/home/iturkmen/physical_weight_sidecars/train_candidate_run2_physical_weights_20260731_v1/train_candidate_run2_physical_weights.parquet	d5315ed70bb0298b4fc67e6e8c41437a7457b9b28b10fea2982d95b96275e2d3	22436	22500	0	0	64	True	64	False	not_applicable
ordinary	signal	ggf_hh4b	ggf_hh4b_ml_ext80k_frozen_v2_20260721_v1	ggf_shard_024	24	uniform_member_constant	1000	47	/uscms_data/d3/iturkmen/hh4b_delphes/parquet_v2_signal_extensions/ggf_hh4b_ml_ext80k_frozen_v2_20260721_v1/ggF_HH4b_SMnorm_ext80k_shard024_train_v2_hh4b_candidates.parquet	7188a6cad125289faaac3cecee440c898243be2f74b00f9df17a71aa19b9510f	/uscms/home/iturkmen/physical_weight_sidecars/train_candidate_run2_physical_weights_20260731_v1/train_candidate_run2_physical_weights.parquet	d5315ed70bb0298b4fc67e6e8c41437a7457b9b28b10fea2982d95b96275e2d3	22500	22547	0	0	47	True	47	False	not_applicable
ordinary	signal	ggf_hh4b	ggf_hh4b_ml_ext80k_frozen_v2_20260721_v1	ggf_shard_025	25	uniform_member_constant	1000	54	/uscms_data/d3/iturkmen/hh4b_delphes/parquet_v2_signal_extensions/ggf_hh4b_ml_ext80k_frozen_v2_20260721_v1/ggF_HH4b_SMnorm_ext80k_shard025_train_v2_hh4b_candidates.parquet	00976ca816f52d4fd609303de1fd4403bfd748b960784be07479f77545b379f7	/uscms/home/iturkmen/physical_weight_sidecars/train_candidate_run2_physical_weights_20260731_v1/train_candidate_run2_physical_weights.parquet	d5315ed70bb0298b4fc67e6e8c41437a7457b9b28b10fea2982d95b96275e2d3	22547	22601	0	0	54	True	54	False	not_applicable
ordinary	signal	ggf_hh4b	ggf_hh4b_ml_ext80k_frozen_v2_20260721_v1	ggf_shard_026	26	uniform_member_constant	1000	43	/uscms_data/d3/iturkmen/hh4b_delphes/parquet_v2_signal_extensions/ggf_hh4b_ml_ext80k_frozen_v2_20260721_v1/ggF_HH4b_SMnorm_ext80k_shard026_train_v2_hh4b_candidates.parquet	54d8feb7c364bb65c66278130d6eb2f79fc9c88aa43b8c4fb06601f3c62cddb9	/uscms/home/iturkmen/physical_weight_sidecars/train_candidate_run2_physical_weights_20260731_v1/train_candidate_run2_physical_weights.parquet	d5315ed70bb0298b4fc67e6e8c41437a7457b9b28b10fea2982d95b96275e2d3	22601	22644	0	0	43	True	43	False	not_applicable
ordinary	signal	ggf_hh4b	ggf_hh4b_ml_ext80k_frozen_v2_20260721_v1	ggf_shard_027	27	uniform_member_constant	1000	74	/uscms_data/d3/iturkmen/hh4b_delphes/parquet_v2_signal_extensions/ggf_hh4b_ml_ext80k_frozen_v2_20260721_v1/ggF_HH4b_SMnorm_ext80k_shard027_train_v2_hh4b_candidates.parquet	8bcc51105a0284cd872ead073a704f43486a656d78208cea5a947492f185381d	/uscms/home/iturkmen/physical_weight_sidecars/train_candidate_run2_physical_weights_20260731_v1/train_candidate_run2_physical_weights.parquet	d5315ed70bb0298b4fc67e6e8c41437a7457b9b28b10fea2982d95b96275e2d3	22644	22718	0	0	74	True	74	False	not_applicable
ordinary	signal	ggf_hh4b	ggf_hh4b_ml_ext80k_frozen_v2_20260721_v1	ggf_shard_028	28	uniform_member_constant	1000	63	/uscms_data/d3/iturkmen/hh4b_delphes/parquet_v2_signal_extensions/ggf_hh4b_ml_ext80k_frozen_v2_20260721_v1/ggF_HH4b_SMnorm_ext80k_shard028_train_v2_hh4b_candidates.parquet	caf5c6be5100bd7cde7616293a321ee79b9b165681403cb4fe60ea1429396531	/uscms/home/iturkmen/physical_weight_sidecars/train_candidate_run2_physical_weights_20260731_v1/train_candidate_run2_physical_weights.parquet	d5315ed70bb0298b4fc67e6e8c41437a7457b9b28b10fea2982d95b96275e2d3	22718	22781	0	0	63	True	63	False	not_applicable
ordinary	signal	ggf_hh4b	ggf_hh4b_ml_ext80k_frozen_v2_20260721_v1	ggf_shard_029	29	uniform_member_constant	1000	54	/uscms_data/d3/iturkmen/hh4b_delphes/parquet_v2_signal_extensions/ggf_hh4b_ml_ext80k_frozen_v2_20260721_v1/ggF_HH4b_SMnorm_ext80k_shard029_train_v2_hh4b_candidates.parquet	20d156320a5582fed1c86741722de2497772ff5c1ed61de5a5137f753884ebc4	/uscms/home/iturkmen/physical_weight_sidecars/train_candidate_run2_physical_weights_20260731_v1/train_candidate_run2_physical_weights.parquet	d5315ed70bb0298b4fc67e6e8c41437a7457b9b28b10fea2982d95b96275e2d3	22781	22835	0	0	54	True	54	False	not_applicable
ordinary	signal	ggf_hh4b	ggf_hh4b_ml_ext80k_frozen_v2_20260721_v1	ggf_shard_030	30	uniform_member_constant	1000	68	/uscms_data/d3/iturkmen/hh4b_delphes/parquet_v2_signal_extensions/ggf_hh4b_ml_ext80k_frozen_v2_20260721_v1/ggF_HH4b_SMnorm_ext80k_shard030_train_v2_hh4b_candidates.parquet	fcf8bd8f220d93b5f8510d4374afa9d273e64f0d905ce7a262721b244bed95a1	/uscms/home/iturkmen/physical_weight_sidecars/train_candidate_run2_physical_weights_20260731_v1/train_candidate_run2_physical_weights.parquet	d5315ed70bb0298b4fc67e6e8c41437a7457b9b28b10fea2982d95b96275e2d3	22835	22903	0	0	68	True	68	False	not_applicable
ordinary	signal	ggf_hh4b	ggf_hh4b_ml_ext80k_frozen_v2_20260721_v1	ggf_shard_031	31	uniform_member_constant	1000	58	/uscms_data/d3/iturkmen/hh4b_delphes/parquet_v2_signal_extensions/ggf_hh4b_ml_ext80k_frozen_v2_20260721_v1/ggF_HH4b_SMnorm_ext80k_shard031_train_v2_hh4b_candidates.parquet	1acd2ee126697c540d3e797378e84a1a88b4f5d9584d210b57c271f355959d0a	/uscms/home/iturkmen/physical_weight_sidecars/train_candidate_run2_physical_weights_20260731_v1/train_candidate_run2_physical_weights.parquet	d5315ed70bb0298b4fc67e6e8c41437a7457b9b28b10fea2982d95b96275e2d3	22903	22961	0	0	58	True	58	False	not_applicable
ordinary	signal	ggf_hh4b	ggf_hh4b_ml_ext80k_frozen_v2_20260721_v1	ggf_shard_032	32	uniform_member_constant	1000	75	/uscms_data/d3/iturkmen/hh4b_delphes/parquet_v2_signal_extensions/ggf_hh4b_ml_ext80k_frozen_v2_20260721_v1/ggF_HH4b_SMnorm_ext80k_shard032_train_v2_hh4b_candidates.parquet	cf270cb3436848ed17fcdd4708a216ab0889383dc237e47ffbd69ed0037771bb	/uscms/home/iturkmen/physical_weight_sidecars/train_candidate_run2_physical_weights_20260731_v1/train_candidate_run2_physical_weights.parquet	d5315ed70bb0298b4fc67e6e8c41437a7457b9b28b10fea2982d95b96275e2d3	22961	23036	0	0	75	True	75	False	not_applicable
ordinary	signal	ggf_hh4b	ggf_hh4b_ml_ext80k_frozen_v2_20260721_v1	ggf_shard_033	33	uniform_member_constant	1000	55	/uscms_data/d3/iturkmen/hh4b_delphes/parquet_v2_signal_extensions/ggf_hh4b_ml_ext80k_frozen_v2_20260721_v1/ggF_HH4b_SMnorm_ext80k_shard033_train_v2_hh4b_candidates.parquet	fbe673b2ca1da2e0278c8658b301d502ec70f730cdbaace75214632009c6520e	/uscms/home/iturkmen/physical_weight_sidecars/train_candidate_run2_physical_weights_20260731_v1/train_candidate_run2_physical_weights.parquet	d5315ed70bb0298b4fc67e6e8c41437a7457b9b28b10fea2982d95b96275e2d3	23036	23091	0	0	55	True	55	False	not_applicable
ordinary	signal	ggf_hh4b	ggf_hh4b_ml_ext80k_frozen_v2_20260721_v1	ggf_shard_034	34	uniform_member_constant	1000	56	/uscms_data/d3/iturkmen/hh4b_delphes/parquet_v2_signal_extensions/ggf_hh4b_ml_ext80k_frozen_v2_20260721_v1/ggF_HH4b_SMnorm_ext80k_shard034_train_v2_hh4b_candidates.parquet	c29e4703ec1346d8c7ea24be481d479e84695c07e5140011470745d857dae063	/uscms/home/iturkmen/physical_weight_sidecars/train_candidate_run2_physical_weights_20260731_v1/train_candidate_run2_physical_weights.parquet	d5315ed70bb0298b4fc67e6e8c41437a7457b9b28b10fea2982d95b96275e2d3	23091	23147	0	0	56	True	56	False	not_applicable
ordinary	signal	ggf_hh4b	ggf_hh4b_ml_ext80k_frozen_v2_20260721_v1	ggf_shard_035	35	uniform_member_constant	1000	56	/uscms_data/d3/iturkmen/hh4b_delphes/parquet_v2_signal_extensions/ggf_hh4b_ml_ext80k_frozen_v2_20260721_v1/ggF_HH4b_SMnorm_ext80k_shard035_train_v2_hh4b_candidates.parquet	e65bcfba9535b8f7a86fd17639d4322f5fd9fc89b9a88a9c136ca38e9bba56cf	/uscms/home/iturkmen/physical_weight_sidecars/train_candidate_run2_physical_weights_20260731_v1/train_candidate_run2_physical_weights.parquet	d5315ed70bb0298b4fc67e6e8c41437a7457b9b28b10fea2982d95b96275e2d3	23147	23203	0	0	56	True	56	False	not_applicable
ordinary	signal	ggf_hh4b	ggf_hh4b_ml_ext80k_frozen_v2_20260721_v1	ggf_shard_036	36	uniform_member_constant	1000	69	/uscms_data/d3/iturkmen/hh4b_delphes/parquet_v2_signal_extensions/ggf_hh4b_ml_ext80k_frozen_v2_20260721_v1/ggF_HH4b_SMnorm_ext80k_shard036_train_v2_hh4b_candidates.parquet	ad23aef9c057536dff795fdf57a3d833f30ee3cfd81c390cab81f3e6221d616b	/uscms/home/iturkmen/physical_weight_sidecars/train_candidate_run2_physical_weights_20260731_v1/train_candidate_run2_physical_weights.parquet	d5315ed70bb0298b4fc67e6e8c41437a7457b9b28b10fea2982d95b96275e2d3	23203	23272	0	0	69	True	69	False	not_applicable
ordinary	signal	ggf_hh4b	ggf_hh4b_ml_ext80k_frozen_v2_20260721_v1	ggf_shard_037	37	uniform_member_constant	1000	58	/uscms_data/d3/iturkmen/hh4b_delphes/parquet_v2_signal_extensions/ggf_hh4b_ml_ext80k_frozen_v2_20260721_v1/ggF_HH4b_SMnorm_ext80k_shard037_train_v2_hh4b_candidates.parquet	75deb19f866174531b4a5fc4ce36ea90aaf7e648cc4f3c95f27696a8a1b25209	/uscms/home/iturkmen/physical_weight_sidecars/train_candidate_run2_physical_weights_20260731_v1/train_candidate_run2_physical_weights.parquet	d5315ed70bb0298b4fc67e6e8c41437a7457b9b28b10fea2982d95b96275e2d3	23272	23330	0	0	58	True	58	False	not_applicable
ordinary	signal	ggf_hh4b	ggf_hh4b_ml_ext80k_frozen_v2_20260721_v1	ggf_shard_038	38	uniform_member_constant	1000	57	/uscms_data/d3/iturkmen/hh4b_delphes/parquet_v2_signal_extensions/ggf_hh4b_ml_ext80k_frozen_v2_20260721_v1/ggF_HH4b_SMnorm_ext80k_shard038_train_v2_hh4b_candidates.parquet	dd9e96c0c569c2223a5d12dbc1123750e1060a3b23265c35d6e45ca1e517ed4a	/uscms/home/iturkmen/physical_weight_sidecars/train_candidate_run2_physical_weights_20260731_v1/train_candidate_run2_physical_weights.parquet	d5315ed70bb0298b4fc67e6e8c41437a7457b9b28b10fea2982d95b96275e2d3	23330	23387	0	0	57	True	57	False	not_applicable
ordinary	signal	ggf_hh4b	ggf_hh4b_ml_ext80k_frozen_v2_20260721_v1	ggf_shard_039	39	uniform_member_constant	1000	66	/uscms_data/d3/iturkmen/hh4b_delphes/parquet_v2_signal_extensions/ggf_hh4b_ml_ext80k_frozen_v2_20260721_v1/ggF_HH4b_SMnorm_ext80k_shard039_train_v2_hh4b_candidates.parquet	f6e755a96ca39fb2fae58dedb2f60baff0a1a2227ded0b051219a2eb82d6bfc8	/uscms/home/iturkmen/physical_weight_sidecars/train_candidate_run2_physical_weights_20260731_v1/train_candidate_run2_physical_weights.parquet	d5315ed70bb0298b4fc67e6e8c41437a7457b9b28b10fea2982d95b96275e2d3	23387	23453	0	0	66	True	66	False	not_applicable
ordinary	signal	ggf_hh4b	ggf_hh4b_ml_ext80k_frozen_v2_20260721_v1	ggf_shard_040	40	uniform_member_constant	1000	50	/uscms_data/d3/iturkmen/hh4b_delphes/parquet_v2_signal_extensions/ggf_hh4b_ml_ext80k_frozen_v2_20260721_v1/ggF_HH4b_SMnorm_ext80k_shard040_train_v2_hh4b_candidates.parquet	46249fb1a068519432c712e11719ff19dd58363219b3b5db43dd8990843ab6de	/uscms/home/iturkmen/physical_weight_sidecars/train_candidate_run2_physical_weights_20260731_v1/train_candidate_run2_physical_weights.parquet	d5315ed70bb0298b4fc67e6e8c41437a7457b9b28b10fea2982d95b96275e2d3	23453	23503	0	0	50	True	50	False	not_applicable
ordinary	signal	ggf_hh4b	ggf_hh4b_ml_ext80k_frozen_v2_20260721_v1	ggf_shard_041	41	uniform_member_constant	1000	46	/uscms_data/d3/iturkmen/hh4b_delphes/parquet_v2_signal_extensions/ggf_hh4b_ml_ext80k_frozen_v2_20260721_v1/ggF_HH4b_SMnorm_ext80k_shard041_train_v2_hh4b_candidates.parquet	bd63d15f38fbc1fb3b3f743845754db81793d5cebda6f5c9220184c13f16124d	/uscms/home/iturkmen/physical_weight_sidecars/train_candidate_run2_physical_weights_20260731_v1/train_candidate_run2_physical_weights.parquet	d5315ed70bb0298b4fc67e6e8c41437a7457b9b28b10fea2982d95b96275e2d3	23503	23549	0	0	46	True	46	False	not_applicable
ordinary	signal	ggf_hh4b	ggf_hh4b_ml_ext80k_frozen_v2_20260721_v1	ggf_shard_042	42	uniform_member_constant	1000	67	/uscms_data/d3/iturkmen/hh4b_delphes/parquet_v2_signal_extensions/ggf_hh4b_ml_ext80k_frozen_v2_20260721_v1/ggF_HH4b_SMnorm_ext80k_shard042_train_v2_hh4b_candidates.parquet	f53bf1970dc32dafe13831587033a2c7ccd2e16d074ea58020a144a80e5c96b7	/uscms/home/iturkmen/physical_weight_sidecars/train_candidate_run2_physical_weights_20260731_v1/train_candidate_run2_physical_weights.parquet	d5315ed70bb0298b4fc67e6e8c41437a7457b9b28b10fea2982d95b96275e2d3	23549	23616	0	0	67	True	67	False	not_applicable
ordinary	signal	ggf_hh4b	ggf_hh4b_ml_ext80k_frozen_v2_20260721_v1	ggf_shard_043	43	uniform_member_constant	1000	62	/uscms_data/d3/iturkmen/hh4b_delphes/parquet_v2_signal_extensions/ggf_hh4b_ml_ext80k_frozen_v2_20260721_v1/ggF_HH4b_SMnorm_ext80k_shard043_train_v2_hh4b_candidates.parquet	4c3708e6e6661f37af4051ecfca9f8ab5f1e0aeef9fe85b6298be51d73752e9e	/uscms/home/iturkmen/physical_weight_sidecars/train_candidate_run2_physical_weights_20260731_v1/train_candidate_run2_physical_weights.parquet	d5315ed70bb0298b4fc67e6e8c41437a7457b9b28b10fea2982d95b96275e2d3	23616	23678	0	0	62	True	62	False	not_applicable
ordinary	signal	ggf_hh4b	ggf_hh4b_ml_ext80k_frozen_v2_20260721_v1	ggf_shard_044	44	uniform_member_constant	1000	57	/uscms_data/d3/iturkmen/hh4b_delphes/parquet_v2_signal_extensions/ggf_hh4b_ml_ext80k_frozen_v2_20260721_v1/ggF_HH4b_SMnorm_ext80k_shard044_train_v2_hh4b_candidates.parquet	ff115d69b17d765125f0dee1e19eb72a8c6b5c472bed4c6990e8887ab6624682	/uscms/home/iturkmen/physical_weight_sidecars/train_candidate_run2_physical_weights_20260731_v1/train_candidate_run2_physical_weights.parquet	d5315ed70bb0298b4fc67e6e8c41437a7457b9b28b10fea2982d95b96275e2d3	23678	23735	0	0	57	True	57	False	not_applicable
ordinary	signal	ggf_hh4b	ggf_hh4b_ml_ext80k_frozen_v2_20260721_v1	ggf_shard_045	45	uniform_member_constant	1000	59	/uscms_data/d3/iturkmen/hh4b_delphes/parquet_v2_signal_extensions/ggf_hh4b_ml_ext80k_frozen_v2_20260721_v1/ggF_HH4b_SMnorm_ext80k_shard045_train_v2_hh4b_candidates.parquet	14131aec562d81315d2591940feef9a582b22fd1476d8fdd4b4a55d0aeaf5b08	/uscms/home/iturkmen/physical_weight_sidecars/train_candidate_run2_physical_weights_20260731_v1/train_candidate_run2_physical_weights.parquet	d5315ed70bb0298b4fc67e6e8c41437a7457b9b28b10fea2982d95b96275e2d3	23735	23794	0	0	59	True	59	False	not_applicable
ordinary	signal	ggf_hh4b	ggf_hh4b_ml_ext80k_frozen_v2_20260721_v1	ggf_shard_046	46	uniform_member_constant	1000	55	/uscms_data/d3/iturkmen/hh4b_delphes/parquet_v2_signal_extensions/ggf_hh4b_ml_ext80k_frozen_v2_20260721_v1/ggF_HH4b_SMnorm_ext80k_shard046_train_v2_hh4b_candidates.parquet	cd8d946fc2ae395cb5d8489f8f7220786431fac5da30e3eacff9eb6835121219	/uscms/home/iturkmen/physical_weight_sidecars/train_candidate_run2_physical_weights_20260731_v1/train_candidate_run2_physical_weights.parquet	d5315ed70bb0298b4fc67e6e8c41437a7457b9b28b10fea2982d95b96275e2d3	23794	23849	0	0	55	True	55	False	not_applicable
ordinary	signal	ggf_hh4b	ggf_hh4b_ml_ext80k_frozen_v2_20260721_v1	ggf_shard_047	47	uniform_member_constant	1000	67	/uscms_data/d3/iturkmen/hh4b_delphes/parquet_v2_signal_extensions/ggf_hh4b_ml_ext80k_frozen_v2_20260721_v1/ggF_HH4b_SMnorm_ext80k_shard047_train_v2_hh4b_candidates.parquet	639a60798fe4f0046eea81d9f0b5940f61227a7377965d562a6c68d8765ef112	/uscms/home/iturkmen/physical_weight_sidecars/train_candidate_run2_physical_weights_20260731_v1/train_candidate_run2_physical_weights.parquet	d5315ed70bb0298b4fc67e6e8c41437a7457b9b28b10fea2982d95b96275e2d3	23849	23916	0	0	67	True	67	False	not_applicable
ordinary	signal	ggf_hh4b	ggf_hh4b_ml_ext80k_frozen_v2_20260721_v1	ggf_shard_048	48	uniform_member_constant	1000	52	/uscms_data/d3/iturkmen/hh4b_delphes/parquet_v2_signal_extensions/ggf_hh4b_ml_ext80k_frozen_v2_20260721_v1/ggF_HH4b_SMnorm_ext80k_shard048_train_v2_hh4b_candidates.parquet	edc96622a2bf0b5ad45ac42661df4db8a015a89f5228b809b347eb93e1e4f380	/uscms/home/iturkmen/physical_weight_sidecars/train_candidate_run2_physical_weights_20260731_v1/train_candidate_run2_physical_weights.parquet	d5315ed70bb0298b4fc67e6e8c41437a7457b9b28b10fea2982d95b96275e2d3	23916	23968	0	0	52	True	52	False	not_applicable
ordinary	signal	ggf_hh4b	ggf_hh4b_ml_ext80k_frozen_v2_20260721_v1	ggf_shard_049	49	uniform_member_constant	1000	54	/uscms_data/d3/iturkmen/hh4b_delphes/parquet_v2_signal_extensions/ggf_hh4b_ml_ext80k_frozen_v2_20260721_v1/ggF_HH4b_SMnorm_ext80k_shard049_train_v2_hh4b_candidates.parquet	2f1ea54dab1bd05f2bb21b719a56b9e7f8577181cd55c3459b3a74235bec5069	/uscms/home/iturkmen/physical_weight_sidecars/train_candidate_run2_physical_weights_20260731_v1/train_candidate_run2_physical_weights.parquet	d5315ed70bb0298b4fc67e6e8c41437a7457b9b28b10fea2982d95b96275e2d3	23968	24022	0	0	54	True	54	False	not_applicable
ordinary	signal	ggf_hh4b	ggf_hh4b_ml_ext80k_frozen_v2_20260721_v1	ggf_shard_050	50	uniform_member_constant	1000	70	/uscms_data/d3/iturkmen/hh4b_delphes/parquet_v2_signal_extensions/ggf_hh4b_ml_ext80k_frozen_v2_20260721_v1/ggF_HH4b_SMnorm_ext80k_shard050_train_v2_hh4b_candidates.parquet	c152e749ff0d2461788383485226ef53b1bb9f6d91dab5d2a0e104dda4f460aa	/uscms/home/iturkmen/physical_weight_sidecars/train_candidate_run2_physical_weights_20260731_v1/train_candidate_run2_physical_weights.parquet	d5315ed70bb0298b4fc67e6e8c41437a7457b9b28b10fea2982d95b96275e2d3	24022	24092	0	0	70	True	70	False	not_applicable
ordinary	signal	ggf_hh4b	ggf_hh4b_ml_ext80k_frozen_v2_20260721_v1	ggf_shard_051	51	uniform_member_constant	1000	63	/uscms_data/d3/iturkmen/hh4b_delphes/parquet_v2_signal_extensions/ggf_hh4b_ml_ext80k_frozen_v2_20260721_v1/ggF_HH4b_SMnorm_ext80k_shard051_train_v2_hh4b_candidates.parquet	0f7ed51d73f39df3c1b75770e62d83556c074224d3e307db31981f139a11b895	/uscms/home/iturkmen/physical_weight_sidecars/train_candidate_run2_physical_weights_20260731_v1/train_candidate_run2_physical_weights.parquet	d5315ed70bb0298b4fc67e6e8c41437a7457b9b28b10fea2982d95b96275e2d3	24092	24155	0	0	63	True	63	False	not_applicable
ordinary	signal	ggf_hh4b	ggf_hh4b_ml_ext80k_frozen_v2_20260721_v1	ggf_shard_052	52	uniform_member_constant	1000	58	/uscms_data/d3/iturkmen/hh4b_delphes/parquet_v2_signal_extensions/ggf_hh4b_ml_ext80k_frozen_v2_20260721_v1/ggF_HH4b_SMnorm_ext80k_shard052_train_v2_hh4b_candidates.parquet	a5c89f413a2b32d61aeffa32e0ff88dd8c70ad650779ed88b097a2bb7a1c7176	/uscms/home/iturkmen/physical_weight_sidecars/train_candidate_run2_physical_weights_20260731_v1/train_candidate_run2_physical_weights.parquet	d5315ed70bb0298b4fc67e6e8c41437a7457b9b28b10fea2982d95b96275e2d3	24155	24213	0	0	58	True	58	False	not_applicable
ordinary	signal	ggf_hh4b	ggf_hh4b_ml_ext80k_frozen_v2_20260721_v1	ggf_shard_053	53	uniform_member_constant	1000	77	/uscms_data/d3/iturkmen/hh4b_delphes/parquet_v2_signal_extensions/ggf_hh4b_ml_ext80k_frozen_v2_20260721_v1/ggF_HH4b_SMnorm_ext80k_shard053_train_v2_hh4b_candidates.parquet	0d725c6aa46c657177ec904cb335cdc9814cf2ff8b33300492e9344ce1cfbe1b	/uscms/home/iturkmen/physical_weight_sidecars/train_candidate_run2_physical_weights_20260731_v1/train_candidate_run2_physical_weights.parquet	d5315ed70bb0298b4fc67e6e8c41437a7457b9b28b10fea2982d95b96275e2d3	24213	24290	0	0	77	True	77	False	not_applicable
ordinary	signal	ggf_hh4b	ggf_hh4b_ml_ext80k_frozen_v2_20260721_v1	ggf_shard_054	54	uniform_member_constant	1000	71	/uscms_data/d3/iturkmen/hh4b_delphes/parquet_v2_signal_extensions/ggf_hh4b_ml_ext80k_frozen_v2_20260721_v1/ggF_HH4b_SMnorm_ext80k_shard054_train_v2_hh4b_candidates.parquet	3b1f6fb4dafdebc2eaeb4db6d1d622b5fbd7d306327787dc7d7b0301ee11cf36	/uscms/home/iturkmen/physical_weight_sidecars/train_candidate_run2_physical_weights_20260731_v1/train_candidate_run2_physical_weights.parquet	d5315ed70bb0298b4fc67e6e8c41437a7457b9b28b10fea2982d95b96275e2d3	24290	24361	0	0	71	True	71	False	not_applicable
ordinary	signal	ggf_hh4b	ggf_hh4b_ml_ext80k_frozen_v2_20260721_v1	ggf_shard_055	55	uniform_member_constant	1000	66	/uscms_data/d3/iturkmen/hh4b_delphes/parquet_v2_signal_extensions/ggf_hh4b_ml_ext80k_frozen_v2_20260721_v1/ggF_HH4b_SMnorm_ext80k_shard055_train_v2_hh4b_candidates.parquet	4e7c3745768ba0a5ce242ba2582934136d284c00be587f0e43b8636b54f3854d	/uscms/home/iturkmen/physical_weight_sidecars/train_candidate_run2_physical_weights_20260731_v1/train_candidate_run2_physical_weights.parquet	d5315ed70bb0298b4fc67e6e8c41437a7457b9b28b10fea2982d95b96275e2d3	24361	24427	0	0	66	True	66	False	not_applicable
ordinary	signal	ggf_hh4b	ggf_hh4b_ml_ext80k_frozen_v2_20260721_v1	ggf_shard_056	56	uniform_member_constant	1000	53	/uscms_data/d3/iturkmen/hh4b_delphes/parquet_v2_signal_extensions/ggf_hh4b_ml_ext80k_frozen_v2_20260721_v1/ggF_HH4b_SMnorm_ext80k_shard056_train_v2_hh4b_candidates.parquet	caa9cacebbaa2883b88265f2952c91da6fba57b96c8352fc68cb35cc3a161f1c	/uscms/home/iturkmen/physical_weight_sidecars/train_candidate_run2_physical_weights_20260731_v1/train_candidate_run2_physical_weights.parquet	d5315ed70bb0298b4fc67e6e8c41437a7457b9b28b10fea2982d95b96275e2d3	24427	24480	0	0	53	True	53	False	not_applicable
ordinary	signal	ggf_hh4b	ggf_hh4b_ml_ext80k_frozen_v2_20260721_v1	ggf_shard_057	57	uniform_member_constant	1000	63	/uscms_data/d3/iturkmen/hh4b_delphes/parquet_v2_signal_extensions/ggf_hh4b_ml_ext80k_frozen_v2_20260721_v1/ggF_HH4b_SMnorm_ext80k_shard057_train_v2_hh4b_candidates.parquet	2006076908003634ba7b1caf8e611d756bb96e7c8305f5ae8ddabf5826503e78	/uscms/home/iturkmen/physical_weight_sidecars/train_candidate_run2_physical_weights_20260731_v1/train_candidate_run2_physical_weights.parquet	d5315ed70bb0298b4fc67e6e8c41437a7457b9b28b10fea2982d95b96275e2d3	24480	24543	0	0	63	True	63	False	not_applicable
ordinary	signal	ggf_hh4b	ggf_hh4b_ml_ext80k_frozen_v2_20260721_v1	ggf_shard_058	58	uniform_member_constant	1000	63	/uscms_data/d3/iturkmen/hh4b_delphes/parquet_v2_signal_extensions/ggf_hh4b_ml_ext80k_frozen_v2_20260721_v1/ggF_HH4b_SMnorm_ext80k_shard058_train_v2_hh4b_candidates.parquet	4d0d6ef0041ca6e420cdeee9a4ac4b9deb2630f288ae7e67c439b41e766f2f36	/uscms/home/iturkmen/physical_weight_sidecars/train_candidate_run2_physical_weights_20260731_v1/train_candidate_run2_physical_weights.parquet	d5315ed70bb0298b4fc67e6e8c41437a7457b9b28b10fea2982d95b96275e2d3	24543	24606	0	0	63	True	63	False	not_applicable
ordinary	signal	ggf_hh4b	ggf_hh4b_ml_ext80k_frozen_v2_20260721_v1	ggf_shard_059	59	uniform_member_constant	1000	57	/uscms_data/d3/iturkmen/hh4b_delphes/parquet_v2_signal_extensions/ggf_hh4b_ml_ext80k_frozen_v2_20260721_v1/ggF_HH4b_SMnorm_ext80k_shard059_train_v2_hh4b_candidates.parquet	20da72f9e42eb14b93ff7b25ffdedb49c20df631613097d049a9d623d0d5b85f	/uscms/home/iturkmen/physical_weight_sidecars/train_candidate_run2_physical_weights_20260731_v1/train_candidate_run2_physical_weights.parquet	d5315ed70bb0298b4fc67e6e8c41437a7457b9b28b10fea2982d95b96275e2d3	24606	24663	0	0	57	True	57	False	not_applicable
ordinary	signal	ggf_hh4b	ggf_hh4b_ml_ext80k_frozen_v2_20260721_v1	ggf_shard_060	60	uniform_member_constant	1000	53	/uscms_data/d3/iturkmen/hh4b_delphes/parquet_v2_signal_extensions/ggf_hh4b_ml_ext80k_frozen_v2_20260721_v1/ggF_HH4b_SMnorm_ext80k_shard060_train_v2_hh4b_candidates.parquet	31f80c38d5499b5c38213f206968b7b14f957e8ca8e1691ef211d0c6ec957036	/uscms/home/iturkmen/physical_weight_sidecars/train_candidate_run2_physical_weights_20260731_v1/train_candidate_run2_physical_weights.parquet	d5315ed70bb0298b4fc67e6e8c41437a7457b9b28b10fea2982d95b96275e2d3	24663	24716	0	0	53	True	53	False	not_applicable
ordinary	signal	ggf_hh4b	ggf_hh4b_ml_ext80k_frozen_v2_20260721_v1	ggf_shard_061	61	uniform_member_constant	1000	56	/uscms_data/d3/iturkmen/hh4b_delphes/parquet_v2_signal_extensions/ggf_hh4b_ml_ext80k_frozen_v2_20260721_v1/ggF_HH4b_SMnorm_ext80k_shard061_train_v2_hh4b_candidates.parquet	80ac83b8940d32d88d156a44c570116f4c1eab7db0714f2b12600e22cf458359	/uscms/home/iturkmen/physical_weight_sidecars/train_candidate_run2_physical_weights_20260731_v1/train_candidate_run2_physical_weights.parquet	d5315ed70bb0298b4fc67e6e8c41437a7457b9b28b10fea2982d95b96275e2d3	24716	24772	0	0	56	True	56	False	not_applicable
ordinary	signal	ggf_hh4b	ggf_hh4b_ml_ext80k_frozen_v2_20260721_v1	ggf_shard_062	62	uniform_member_constant	1000	63	/uscms_data/d3/iturkmen/hh4b_delphes/parquet_v2_signal_extensions/ggf_hh4b_ml_ext80k_frozen_v2_20260721_v1/ggF_HH4b_SMnorm_ext80k_shard062_train_v2_hh4b_candidates.parquet	381f259b31ea627969e36dd6fd8638c5975940cba7df3f0130ba918fdbe3599f	/uscms/home/iturkmen/physical_weight_sidecars/train_candidate_run2_physical_weights_20260731_v1/train_candidate_run2_physical_weights.parquet	d5315ed70bb0298b4fc67e6e8c41437a7457b9b28b10fea2982d95b96275e2d3	24772	24835	0	0	63	True	63	False	not_applicable
ordinary	signal	ggf_hh4b	ggf_hh4b_ml_ext80k_frozen_v2_20260721_v1	ggf_shard_063	63	uniform_member_constant	1000	62	/uscms_data/d3/iturkmen/hh4b_delphes/parquet_v2_signal_extensions/ggf_hh4b_ml_ext80k_frozen_v2_20260721_v1/ggF_HH4b_SMnorm_ext80k_shard063_train_v2_hh4b_candidates.parquet	0882205de26dac5772321ee724b5684cbc90e0cb25ca0afcd014fe0f74e5b397	/uscms/home/iturkmen/physical_weight_sidecars/train_candidate_run2_physical_weights_20260731_v1/train_candidate_run2_physical_weights.parquet	d5315ed70bb0298b4fc67e6e8c41437a7457b9b28b10fea2982d95b96275e2d3	24835	24897	0	0	62	True	62	False	not_applicable
ordinary	signal	ggf_hh4b	ggf_hh4b_ml_ext80k_frozen_v2_20260721_v1	ggf_shard_064	64	uniform_member_constant	1000	61	/uscms_data/d3/iturkmen/hh4b_delphes/parquet_v2_signal_extensions/ggf_hh4b_ml_ext80k_frozen_v2_20260721_v1/ggF_HH4b_SMnorm_ext80k_shard064_train_v2_hh4b_candidates.parquet	35612880ce14a9fd95b4ca9e2de4c4e4179f95ca6a039660b1c73db8b72d15ae	/uscms/home/iturkmen/physical_weight_sidecars/train_candidate_run2_physical_weights_20260731_v1/train_candidate_run2_physical_weights.parquet	d5315ed70bb0298b4fc67e6e8c41437a7457b9b28b10fea2982d95b96275e2d3	24897	24958	0	0	61	True	61	False	not_applicable
ordinary	signal	ggf_hh4b	ggf_hh4b_ml_ext80k_frozen_v2_20260721_v1	ggf_shard_065	65	uniform_member_constant	1000	55	/uscms_data/d3/iturkmen/hh4b_delphes/parquet_v2_signal_extensions/ggf_hh4b_ml_ext80k_frozen_v2_20260721_v1/ggF_HH4b_SMnorm_ext80k_shard065_train_v2_hh4b_candidates.parquet	a426e2ee9a5009c17fa1538fe5cf763be9e9e5542cda17efee91f08b9aa24e4a	/uscms/home/iturkmen/physical_weight_sidecars/train_candidate_run2_physical_weights_20260731_v1/train_candidate_run2_physical_weights.parquet	d5315ed70bb0298b4fc67e6e8c41437a7457b9b28b10fea2982d95b96275e2d3	24958	25013	0	0	55	True	55	False	not_applicable
ordinary	signal	ggf_hh4b	ggf_hh4b_ml_ext80k_frozen_v2_20260721_v1	ggf_shard_066	66	uniform_member_constant	1000	64	/uscms_data/d3/iturkmen/hh4b_delphes/parquet_v2_signal_extensions/ggf_hh4b_ml_ext80k_frozen_v2_20260721_v1/ggF_HH4b_SMnorm_ext80k_shard066_train_v2_hh4b_candidates.parquet	4310621e37c2a65f91854f0ece826d784126d29873a869bd1b858bb367fb28c5	/uscms/home/iturkmen/physical_weight_sidecars/train_candidate_run2_physical_weights_20260731_v1/train_candidate_run2_physical_weights.parquet	d5315ed70bb0298b4fc67e6e8c41437a7457b9b28b10fea2982d95b96275e2d3	25013	25077	0	0	64	True	64	False	not_applicable
ordinary	signal	ggf_hh4b	ggf_hh4b_ml_ext80k_frozen_v2_20260721_v1	ggf_shard_067	67	uniform_member_constant	1000	61	/uscms_data/d3/iturkmen/hh4b_delphes/parquet_v2_signal_extensions/ggf_hh4b_ml_ext80k_frozen_v2_20260721_v1/ggF_HH4b_SMnorm_ext80k_shard067_train_v2_hh4b_candidates.parquet	c29f2fdf1e677396308dfc3e653f34ea8e24171b32e5626911655c9b94925405	/uscms/home/iturkmen/physical_weight_sidecars/train_candidate_run2_physical_weights_20260731_v1/train_candidate_run2_physical_weights.parquet	d5315ed70bb0298b4fc67e6e8c41437a7457b9b28b10fea2982d95b96275e2d3	25077	25138	0	0	61	True	61	False	not_applicable
ordinary	signal	ggf_hh4b	ggf_hh4b_ml_ext80k_frozen_v2_20260721_v1	ggf_shard_068	68	uniform_member_constant	1000	65	/uscms_data/d3/iturkmen/hh4b_delphes/parquet_v2_signal_extensions/ggf_hh4b_ml_ext80k_frozen_v2_20260721_v1/ggF_HH4b_SMnorm_ext80k_shard068_train_v2_hh4b_candidates.parquet	92872b6cff090d2de6ca4924296a676a52411d449c12bdf373fe2bb9c5a0e9c8	/uscms/home/iturkmen/physical_weight_sidecars/train_candidate_run2_physical_weights_20260731_v1/train_candidate_run2_physical_weights.parquet	d5315ed70bb0298b4fc67e6e8c41437a7457b9b28b10fea2982d95b96275e2d3	25138	25203	0	0	65	True	65	False	not_applicable
ordinary	signal	ggf_hh4b	ggf_hh4b_ml_ext80k_frozen_v2_20260721_v1	ggf_shard_069	69	uniform_member_constant	1000	67	/uscms_data/d3/iturkmen/hh4b_delphes/parquet_v2_signal_extensions/ggf_hh4b_ml_ext80k_frozen_v2_20260721_v1/ggF_HH4b_SMnorm_ext80k_shard069_train_v2_hh4b_candidates.parquet	203980050bd8db519e40aada6d8fb48c6c488a6636b632ff34fc67df12f4f94e	/uscms/home/iturkmen/physical_weight_sidecars/train_candidate_run2_physical_weights_20260731_v1/train_candidate_run2_physical_weights.parquet	d5315ed70bb0298b4fc67e6e8c41437a7457b9b28b10fea2982d95b96275e2d3	25203	25270	0	0	67	True	67	False	not_applicable
ordinary	signal	ggf_hh4b	ggf_hh4b_ml_ext80k_frozen_v2_20260721_v1	ggf_shard_070	70	uniform_member_constant	1000	49	/uscms_data/d3/iturkmen/hh4b_delphes/parquet_v2_signal_extensions/ggf_hh4b_ml_ext80k_frozen_v2_20260721_v1/ggF_HH4b_SMnorm_ext80k_shard070_train_v2_hh4b_candidates.parquet	dc140d3069ba81bd86745bf580d136f0755c9bf9923efcb269b233782cc38d34	/uscms/home/iturkmen/physical_weight_sidecars/train_candidate_run2_physical_weights_20260731_v1/train_candidate_run2_physical_weights.parquet	d5315ed70bb0298b4fc67e6e8c41437a7457b9b28b10fea2982d95b96275e2d3	25270	25319	0	0	49	True	49	False	not_applicable
ordinary	signal	ggf_hh4b	ggf_hh4b_ml_ext80k_frozen_v2_20260721_v1	ggf_shard_071	71	uniform_member_constant	1000	52	/uscms_data/d3/iturkmen/hh4b_delphes/parquet_v2_signal_extensions/ggf_hh4b_ml_ext80k_frozen_v2_20260721_v1/ggF_HH4b_SMnorm_ext80k_shard071_train_v2_hh4b_candidates.parquet	82d5742a164fe40bfbe69b80e835184833d859fd7f240e8268fb13e5a289ef97	/uscms/home/iturkmen/physical_weight_sidecars/train_candidate_run2_physical_weights_20260731_v1/train_candidate_run2_physical_weights.parquet	d5315ed70bb0298b4fc67e6e8c41437a7457b9b28b10fea2982d95b96275e2d3	25319	25371	0	0	52	True	52	False	not_applicable
ordinary	signal	ggf_hh4b	ggf_hh4b_ml_ext80k_frozen_v2_20260721_v1	ggf_shard_072	72	uniform_member_constant	1000	74	/uscms_data/d3/iturkmen/hh4b_delphes/parquet_v2_signal_extensions/ggf_hh4b_ml_ext80k_frozen_v2_20260721_v1/ggF_HH4b_SMnorm_ext80k_shard072_train_v2_hh4b_candidates.parquet	961ad6799392e1bc50775249ceaa7ec8e1b65581b5e254f8ecb01838d4e2c6c9	/uscms/home/iturkmen/physical_weight_sidecars/train_candidate_run2_physical_weights_20260731_v1/train_candidate_run2_physical_weights.parquet	d5315ed70bb0298b4fc67e6e8c41437a7457b9b28b10fea2982d95b96275e2d3	25371	25445	0	0	74	True	74	False	not_applicable
ordinary	signal	ggf_hh4b	ggf_hh4b_ml_ext80k_frozen_v2_20260721_v1	ggf_shard_073	73	uniform_member_constant	1000	58	/uscms_data/d3/iturkmen/hh4b_delphes/parquet_v2_signal_extensions/ggf_hh4b_ml_ext80k_frozen_v2_20260721_v1/ggF_HH4b_SMnorm_ext80k_shard073_train_v2_hh4b_candidates.parquet	4768dd0dc42187311fd6378e9390cf3033fe7e3a9c59e3e3dda7d652831f177a	/uscms/home/iturkmen/physical_weight_sidecars/train_candidate_run2_physical_weights_20260731_v1/train_candidate_run2_physical_weights.parquet	d5315ed70bb0298b4fc67e6e8c41437a7457b9b28b10fea2982d95b96275e2d3	25445	25503	0	0	58	True	58	False	not_applicable
ordinary	signal	ggf_hh4b	ggf_hh4b_ml_ext80k_frozen_v2_20260721_v1	ggf_shard_074	74	uniform_member_constant	1000	58	/uscms_data/d3/iturkmen/hh4b_delphes/parquet_v2_signal_extensions/ggf_hh4b_ml_ext80k_frozen_v2_20260721_v1/ggF_HH4b_SMnorm_ext80k_shard074_train_v2_hh4b_candidates.parquet	f4edfd1d1a0e454ede988b58952c1595b16d4eb7f5fab1f30913de36dcc5d4e4	/uscms/home/iturkmen/physical_weight_sidecars/train_candidate_run2_physical_weights_20260731_v1/train_candidate_run2_physical_weights.parquet	d5315ed70bb0298b4fc67e6e8c41437a7457b9b28b10fea2982d95b96275e2d3	25503	25561	0	0	58	True	58	False	not_applicable
ordinary	signal	ggf_hh4b	ggf_hh4b_ml_ext80k_frozen_v2_20260721_v1	ggf_shard_075	75	uniform_member_constant	1000	44	/uscms_data/d3/iturkmen/hh4b_delphes/parquet_v2_signal_extensions/ggf_hh4b_ml_ext80k_frozen_v2_20260721_v1/ggF_HH4b_SMnorm_ext80k_shard075_train_v2_hh4b_candidates.parquet	bd849acf6f98c6733383d7e72c7ffe13c6bfcb3ab9373966d9230573996dd98b	/uscms/home/iturkmen/physical_weight_sidecars/train_candidate_run2_physical_weights_20260731_v1/train_candidate_run2_physical_weights.parquet	d5315ed70bb0298b4fc67e6e8c41437a7457b9b28b10fea2982d95b96275e2d3	25561	25605	0	0	44	True	44	False	not_applicable
ordinary	signal	ggf_hh4b	ggf_hh4b_ml_ext80k_frozen_v2_20260721_v1	ggf_shard_076	76	uniform_member_constant	1000	53	/uscms_data/d3/iturkmen/hh4b_delphes/parquet_v2_signal_extensions/ggf_hh4b_ml_ext80k_frozen_v2_20260721_v1/ggF_HH4b_SMnorm_ext80k_shard076_train_v2_hh4b_candidates.parquet	f197f4e1b7bacffa98e79758cf960896a84ac5d40f17240cf4d26125ab81a6b0	/uscms/home/iturkmen/physical_weight_sidecars/train_candidate_run2_physical_weights_20260731_v1/train_candidate_run2_physical_weights.parquet	d5315ed70bb0298b4fc67e6e8c41437a7457b9b28b10fea2982d95b96275e2d3	25605	25658	0	0	53	True	53	False	not_applicable
ordinary	signal	ggf_hh4b	ggf_hh4b_ml_ext80k_frozen_v2_20260721_v1	ggf_shard_077	77	uniform_member_constant	1000	69	/uscms_data/d3/iturkmen/hh4b_delphes/parquet_v2_signal_extensions/ggf_hh4b_ml_ext80k_frozen_v2_20260721_v1/ggF_HH4b_SMnorm_ext80k_shard077_train_v2_hh4b_candidates.parquet	f987c885aae7bc0b414584746dd40f90f5c2bd485c34e9a5b5c88e9e889a5081	/uscms/home/iturkmen/physical_weight_sidecars/train_candidate_run2_physical_weights_20260731_v1/train_candidate_run2_physical_weights.parquet	d5315ed70bb0298b4fc67e6e8c41437a7457b9b28b10fea2982d95b96275e2d3	25658	25727	0	0	69	True	69	False	not_applicable
ordinary	signal	ggf_hh4b	ggf_hh4b_ml_ext80k_frozen_v2_20260721_v1	ggf_shard_078	78	uniform_member_constant	1000	63	/uscms_data/d3/iturkmen/hh4b_delphes/parquet_v2_signal_extensions/ggf_hh4b_ml_ext80k_frozen_v2_20260721_v1/ggF_HH4b_SMnorm_ext80k_shard078_train_v2_hh4b_candidates.parquet	aaf58bf4cf3a500b84511bc0e3d1b72c72ea0fb3d6aabfadcfba0a027f7ca20e	/uscms/home/iturkmen/physical_weight_sidecars/train_candidate_run2_physical_weights_20260731_v1/train_candidate_run2_physical_weights.parquet	d5315ed70bb0298b4fc67e6e8c41437a7457b9b28b10fea2982d95b96275e2d3	25727	25790	0	0	63	True	63	False	not_applicable
ordinary	signal	ggf_hh4b	ggf_hh4b_ml_ext80k_frozen_v2_20260721_v1	ggf_shard_079	79	uniform_member_constant	1000	55	/uscms_data/d3/iturkmen/hh4b_delphes/parquet_v2_signal_extensions/ggf_hh4b_ml_ext80k_frozen_v2_20260721_v1/ggF_HH4b_SMnorm_ext80k_shard079_train_v2_hh4b_candidates.parquet	3af835d460c84e6f1f9e44f574f29f75be6a1a16335d147654502d6fc4a66f0a	/uscms/home/iturkmen/physical_weight_sidecars/train_candidate_run2_physical_weights_20260731_v1/train_candidate_run2_physical_weights.parquet	d5315ed70bb0298b4fc67e6e8c41437a7457b9b28b10fea2982d95b96275e2d3	25790	25845	0	0	55	True	55	False	not_applicable
ordinary	signal	ggf_hh4b	ggf_hh4b_ml_ext80k_frozen_v2_20260721_v1	ggf_shard_080	80	uniform_member_constant	1000	61	/uscms_data/d3/iturkmen/hh4b_delphes/parquet_v2_signal_extensions/ggf_hh4b_ml_ext80k_frozen_v2_20260721_v1/ggF_HH4b_SMnorm_ext80k_shard080_train_v2_hh4b_candidates.parquet	187a5e85e2b2ddb97f87807c953b3beb26d5bcca0e37842798046577c5d1db75	/uscms/home/iturkmen/physical_weight_sidecars/train_candidate_run2_physical_weights_20260731_v1/train_candidate_run2_physical_weights.parquet	d5315ed70bb0298b4fc67e6e8c41437a7457b9b28b10fea2982d95b96275e2d3	25845	25906	0	0	61	True	61	False	not_applicable
ordinary	signal	ggf_hh4b	ggf_hh4b_ml_ext80k_frozen_v2_20260721_v1	ggf_shard_081	81	uniform_member_constant	1000	58	/uscms_data/d3/iturkmen/hh4b_delphes/parquet_v2_signal_extensions/ggf_hh4b_ml_ext80k_frozen_v2_20260721_v1/ggF_HH4b_SMnorm_ext80k_shard081_train_v2_hh4b_candidates.parquet	a599e138492d836f6e5138be10e48247c25a774bb9c4f7f7a1934fa31c675403	/uscms/home/iturkmen/physical_weight_sidecars/train_candidate_run2_physical_weights_20260731_v1/train_candidate_run2_physical_weights.parquet	d5315ed70bb0298b4fc67e6e8c41437a7457b9b28b10fea2982d95b96275e2d3	25906	25964	0	0	58	True	58	False	not_applicable
ordinary	signal	ggf_hh4b	ggf_hh4b_ml_ext80k_frozen_v2_20260721_v1	ggf_shard_082	82	uniform_member_constant	1000	65	/uscms_data/d3/iturkmen/hh4b_delphes/parquet_v2_signal_extensions/ggf_hh4b_ml_ext80k_frozen_v2_20260721_v1/ggF_HH4b_SMnorm_ext80k_shard082_train_v2_hh4b_candidates.parquet	4470e31211b6922c0bfb405379452942ffc99f92dd071a7685821df690b4dcd5	/uscms/home/iturkmen/physical_weight_sidecars/train_candidate_run2_physical_weights_20260731_v1/train_candidate_run2_physical_weights.parquet	d5315ed70bb0298b4fc67e6e8c41437a7457b9b28b10fea2982d95b96275e2d3	25964	26029	0	0	65	True	65	False	not_applicable
ordinary	signal	ggf_hh4b	ggf_hh4b_ml_ext80k_frozen_v2_20260721_v1	ggf_shard_083	83	uniform_member_constant	1000	57	/uscms_data/d3/iturkmen/hh4b_delphes/parquet_v2_signal_extensions/ggf_hh4b_ml_ext80k_frozen_v2_20260721_v1/ggF_HH4b_SMnorm_ext80k_shard083_train_v2_hh4b_candidates.parquet	acfed7553e2eabf04570351b4e5b51208ffc8268216faef787beb91e9c1914a5	/uscms/home/iturkmen/physical_weight_sidecars/train_candidate_run2_physical_weights_20260731_v1/train_candidate_run2_physical_weights.parquet	d5315ed70bb0298b4fc67e6e8c41437a7457b9b28b10fea2982d95b96275e2d3	26029	26086	0	0	57	True	57	False	not_applicable
ordinary	signal	ggf_hh4b	ggf_hh4b_ml_ext80k_frozen_v2_20260721_v1	ggf_shard_084	84	uniform_member_constant	1000	59	/uscms_data/d3/iturkmen/hh4b_delphes/parquet_v2_signal_extensions/ggf_hh4b_ml_ext80k_frozen_v2_20260721_v1/ggF_HH4b_SMnorm_ext80k_shard084_train_v2_hh4b_candidates.parquet	92db6dac55da966b51cd55994fb7a755ce7b1e0673e5402d08b6a472ffb4873c	/uscms/home/iturkmen/physical_weight_sidecars/train_candidate_run2_physical_weights_20260731_v1/train_candidate_run2_physical_weights.parquet	d5315ed70bb0298b4fc67e6e8c41437a7457b9b28b10fea2982d95b96275e2d3	26086	26145	0	0	59	True	59	False	not_applicable
ordinary	signal	ggf_hh4b	ggf_hh4b_ml_ext80k_frozen_v2_20260721_v1	ggf_shard_085	85	uniform_member_constant	1000	60	/uscms_data/d3/iturkmen/hh4b_delphes/parquet_v2_signal_extensions/ggf_hh4b_ml_ext80k_frozen_v2_20260721_v1/ggF_HH4b_SMnorm_ext80k_shard085_train_v2_hh4b_candidates.parquet	762127879e50df5c1c397ad2532237690be88c63bfaa10e9900ff33571189285	/uscms/home/iturkmen/physical_weight_sidecars/train_candidate_run2_physical_weights_20260731_v1/train_candidate_run2_physical_weights.parquet	d5315ed70bb0298b4fc67e6e8c41437a7457b9b28b10fea2982d95b96275e2d3	26145	26205	0	0	60	True	60	False	not_applicable
ordinary	signal	vbf_hh4b	vbf_hh4b_sm_scaleout90k_20260722_v1	vbf_hh4b_sm_run2_frozen_v2_train_shard9401_10k	101	uniform_member_constant	10000	612	/store/user/iturkmen/hh4b_delphes/run2_13tev/frozen_v2/classifier/vbf_hh4b_canonical100k_v1/parquets/vbf_hh4b_sm_run2_frozen_v2_train_shard9401_10k_hh4b_candidates_v2.parquet	96d7cf065a08b989ac61c2c3ff4e4e969cbb3967c0297c73e2d7d91d0a3a8831	/uscms/home/iturkmen/physical_weight_sidecars/train_candidate_run2_physical_weights_20260731_v1/train_candidate_run2_physical_weights.parquet	d5315ed70bb0298b4fc67e6e8c41437a7457b9b28b10fea2982d95b96275e2d3	26205	26817	0	0	612	True	612	False	not_applicable
ordinary	signal	vbf_hh4b	vbf_hh4b_sm_scaleout90k_20260722_v1	vbf_hh4b_sm_run2_frozen_v2_train_shard9403_10k	103	uniform_member_constant	10000	691	/store/user/iturkmen/hh4b_delphes/run2_13tev/frozen_v2/classifier/vbf_hh4b_canonical100k_v1/parquets/vbf_hh4b_sm_run2_frozen_v2_train_shard9403_10k_hh4b_candidates_v2.parquet	28090b0cd07c8c03b18fcea113992035dc47a94738a742674badc94dbb567b52	/uscms/home/iturkmen/physical_weight_sidecars/train_candidate_run2_physical_weights_20260731_v1/train_candidate_run2_physical_weights.parquet	d5315ed70bb0298b4fc67e6e8c41437a7457b9b28b10fea2982d95b96275e2d3	26817	27508	0	0	691	True	691	False	not_applicable
ordinary	signal	vbf_hh4b	vbf_hh4b_sm_scaleout90k_20260722_v1	vbf_hh4b_sm_run2_frozen_v2_train_shard9404_10k	104	uniform_member_constant	10000	635	/store/user/iturkmen/hh4b_delphes/run2_13tev/frozen_v2/classifier/vbf_hh4b_canonical100k_v1/parquets/vbf_hh4b_sm_run2_frozen_v2_train_shard9404_10k_hh4b_candidates_v2.parquet	00781061a9798b16ced361cee0cbfcd90f7ad4790d5d1e155448020b0c633c4a	/uscms/home/iturkmen/physical_weight_sidecars/train_candidate_run2_physical_weights_20260731_v1/train_candidate_run2_physical_weights.parquet	d5315ed70bb0298b4fc67e6e8c41437a7457b9b28b10fea2982d95b96275e2d3	27508	28143	0	0	635	True	635	False	not_applicable
ordinary	signal	vbf_hh4b	vbf_hh4b_sm_scaleout90k_20260722_v1	vbf_hh4b_sm_run2_frozen_v2_train_shard9405_10k	105	uniform_member_constant	10000	605	/store/user/iturkmen/hh4b_delphes/run2_13tev/frozen_v2/classifier/vbf_hh4b_canonical100k_v1/parquets/vbf_hh4b_sm_run2_frozen_v2_train_shard9405_10k_hh4b_candidates_v2.parquet	aa1145bc26af36cf0d7b474a435691ee289e32acebbadb0f3fae4caf9ebd9f1f	/uscms/home/iturkmen/physical_weight_sidecars/train_candidate_run2_physical_weights_20260731_v1/train_candidate_run2_physical_weights.parquet	d5315ed70bb0298b4fc67e6e8c41437a7457b9b28b10fea2982d95b96275e2d3	28143	28748	0	0	605	True	605	False	not_applicable
ordinary	signal	vbf_hh4b	vbf_hh4b_sm_scaleout90k_20260722_v1	vbf_hh4b_sm_run2_frozen_v2_train_shard9406_10k	106	uniform_member_constant	10000	645	/store/user/iturkmen/hh4b_delphes/run2_13tev/frozen_v2/classifier/vbf_hh4b_canonical100k_v1/parquets/vbf_hh4b_sm_run2_frozen_v2_train_shard9406_10k_hh4b_candidates_v2.parquet	cdc0fd250275f7a20efb004a4d0ed93a7c3b3fbbe587acdc3b466ba62995f313	/uscms/home/iturkmen/physical_weight_sidecars/train_candidate_run2_physical_weights_20260731_v1/train_candidate_run2_physical_weights.parquet	d5315ed70bb0298b4fc67e6e8c41437a7457b9b28b10fea2982d95b96275e2d3	28748	29393	0	0	645	True	645	False	not_applicable
ordinary	signal	vbf_hh4b	vbf_hh4b_sm_scaleout90k_20260722_v1	vbf_hh4b_sm_run2_frozen_v2_train_shard9407_10k	107	uniform_member_constant	10000	639	/store/user/iturkmen/hh4b_delphes/run2_13tev/frozen_v2/classifier/vbf_hh4b_canonical100k_v1/parquets/vbf_hh4b_sm_run2_frozen_v2_train_shard9407_10k_hh4b_candidates_v2.parquet	da9dc2655c712c0b10fe199d3b7860d683a33890b2d6ff6be1f38f9d6afa40c4	/uscms/home/iturkmen/physical_weight_sidecars/train_candidate_run2_physical_weights_20260731_v1/train_candidate_run2_physical_weights.parquet	d5315ed70bb0298b4fc67e6e8c41437a7457b9b28b10fea2982d95b96275e2d3	29393	30032	0	0	639	True	639	False	not_applicable
ordinary	signal	vbf_hh4b	vbf_hh4b_sm_scaleout90k_20260722_v1	vbf_hh4b_sm_run2_frozen_v2_train_shard9408_10k	108	uniform_member_constant	10000	617	/store/user/iturkmen/hh4b_delphes/run2_13tev/frozen_v2/classifier/vbf_hh4b_canonical100k_v1/parquets/vbf_hh4b_sm_run2_frozen_v2_train_shard9408_10k_hh4b_candidates_v2.parquet	32bd139001e4e9823962ba8a34ef3fb789e88bf396fcfe400409be9c479f35b1	/uscms/home/iturkmen/physical_weight_sidecars/train_candidate_run2_physical_weights_20260731_v1/train_candidate_run2_physical_weights.parquet	d5315ed70bb0298b4fc67e6e8c41437a7457b9b28b10fea2982d95b96275e2d3	30032	30649	0	0	617	True	617	False	not_applicable
hard_qcd	background	qcd_hardqcd	qcd_hardqcd_importance_adaptive1500k_phys_wave3_20260718	qcd_hardqcd_importance_adaptive1500k_phys_wave3_20260718_bin01_pthat75to100_shard1120_seed1211120	1	qcd_variable_frozen_fragment	10000	1	/uscms_data/d3/iturkmen/hh4b_delphes/parquet_materialized/background_frozen_v2_strict493_materialization_20260724_v1/train/qcd_hardqcd/0095_qcd_hardqcd_importance_adaptive1500k_phys_wave3_20260718_bin01_pthat75to100_shard1120_seed1211120_hh4b_candidates_v2.parquet	a08cdbb8de3993bc7ce6f1c62bf1d37e185ed7b804f6674155555a70ad76cfd5	/uscms/home/iturkmen/physical_weight_sidecars/train_candidate_run2_physical_weights_20260731_v1/train_candidate_run2_physical_weights.parquet	d5315ed70bb0298b4fc67e6e8c41437a7457b9b28b10fea2982d95b96275e2d3	30649	30650	0	0	1	True	1	False	not_applicable
hard_qcd	background	qcd_hardqcd	qcd_hardqcd_importance_adaptive1500k_phys_wave3_20260718	qcd_hardqcd_importance_adaptive1500k_phys_wave3_20260718_bin00_pthat50to75_shard1033_seed1201033	2	qcd_variable_frozen_fragment	10000	0	/uscms_data/d3/iturkmen/hh4b_delphes/parquet_materialized/background_frozen_v2_strict493_materialization_20260724_v1/train/qcd_hardqcd/0034_qcd_hardqcd_importance_adaptive1500k_phys_wave3_20260718_bin00_pthat50to75_shard1033_seed1201033_hh4b_candidates_v2.parquet	a895d60c3634d5e3b0d305fbd8a89c1adb2d7eb2a79f698bc0eff08f3be0ef20	/uscms/home/iturkmen/physical_weight_sidecars/train_candidate_run2_physical_weights_20260731_v1/train_candidate_run2_physical_weights.parquet	d5315ed70bb0298b4fc67e6e8c41437a7457b9b28b10fea2982d95b96275e2d3	30650	30650	0	0	0	True	0	False	no_sidecar_rows_required_for_zero_candidates
hard_qcd	background	qcd_hardqcd	qcd_hardqcd_importance_adaptive1500k_phys_wave3_20260718	qcd_hardqcd_importance_adaptive1500k_phys_wave3_20260718_bin00_pthat50to75_shard1034_seed1201034	3	qcd_variable_frozen_fragment	10000	0	/uscms_data/d3/iturkmen/hh4b_delphes/parquet_materialized/background_frozen_v2_strict493_materialization_20260724_v1/train/qcd_hardqcd/0035_qcd_hardqcd_importance_adaptive1500k_phys_wave3_20260718_bin00_pthat50to75_shard1034_seed1201034_hh4b_candidates_v2.parquet	a895d60c3634d5e3b0d305fbd8a89c1adb2d7eb2a79f698bc0eff08f3be0ef20	/uscms/home/iturkmen/physical_weight_sidecars/train_candidate_run2_physical_weights_20260731_v1/train_candidate_run2_physical_weights.parquet	d5315ed70bb0298b4fc67e6e8c41437a7457b9b28b10fea2982d95b96275e2d3	30650	30650	0	0	0	True	0	False	no_sidecar_rows_required_for_zero_candidates
hard_qcd	background	qcd_hardqcd	qcd_hardqcd_importance_adaptive1500k_phys_wave3_20260718	qcd_hardqcd_importance_adaptive1500k_phys_wave3_20260718_bin00_pthat50to75_shard1037_seed1201037	4	qcd_variable_frozen_fragment	10000	0	/uscms_data/d3/iturkmen/hh4b_delphes/parquet_materialized/background_frozen_v2_strict493_materialization_20260724_v1/train/qcd_hardqcd/0037_qcd_hardqcd_importance_adaptive1500k_phys_wave3_20260718_bin00_pthat50to75_shard1037_seed1201037_hh4b_candidates_v2.parquet	a895d60c3634d5e3b0d305fbd8a89c1adb2d7eb2a79f698bc0eff08f3be0ef20	/uscms/home/iturkmen/physical_weight_sidecars/train_candidate_run2_physical_weights_20260731_v1/train_candidate_run2_physical_weights.parquet	d5315ed70bb0298b4fc67e6e8c41437a7457b9b28b10fea2982d95b96275e2d3	30650	30650	0	0	0	True	0	False	no_sidecar_rows_required_for_zero_candidates
hard_qcd	background	qcd_hardqcd	qcd_hardqcd_importance_adaptive1500k_phys_wave3_20260718	qcd_hardqcd_importance_adaptive1500k_phys_wave3_20260718_bin00_pthat50to75_shard1040_seed1201040	5	qcd_variable_frozen_fragment	10000	0	/uscms_data/d3/iturkmen/hh4b_delphes/parquet_materialized/background_frozen_v2_strict493_materialization_20260724_v1/train/qcd_hardqcd/0039_qcd_hardqcd_importance_adaptive1500k_phys_wave3_20260718_bin00_pthat50to75_shard1040_seed1201040_hh4b_candidates_v2.parquet	a895d60c3634d5e3b0d305fbd8a89c1adb2d7eb2a79f698bc0eff08f3be0ef20	/uscms/home/iturkmen/physical_weight_sidecars/train_candidate_run2_physical_weights_20260731_v1/train_candidate_run2_physical_weights.parquet	d5315ed70bb0298b4fc67e6e8c41437a7457b9b28b10fea2982d95b96275e2d3	30650	30650	0	0	0	True	0	False	no_sidecar_rows_required_for_zero_candidates
hard_qcd	background	qcd_hardqcd	qcd_hardqcd_importance_adaptive1500k_phys_wave3_20260718	qcd_hardqcd_importance_adaptive1500k_phys_wave3_20260718_bin00_pthat50to75_shard1042_seed1201042	6	qcd_variable_frozen_fragment	10000	0	/uscms_data/d3/iturkmen/hh4b_delphes/parquet_materialized/background_frozen_v2_strict493_materialization_20260724_v1/train/qcd_hardqcd/0041_qcd_hardqcd_importance_adaptive1500k_phys_wave3_20260718_bin00_pthat50to75_shard1042_seed1201042_hh4b_candidates_v2.parquet	a895d60c3634d5e3b0d305fbd8a89c1adb2d7eb2a79f698bc0eff08f3be0ef20	/uscms/home/iturkmen/physical_weight_sidecars/train_candidate_run2_physical_weights_20260731_v1/train_candidate_run2_physical_weights.parquet	d5315ed70bb0298b4fc67e6e8c41437a7457b9b28b10fea2982d95b96275e2d3	30650	30650	0	0	0	True	0	False	no_sidecar_rows_required_for_zero_candidates
hard_qcd	background	qcd_hardqcd	qcd_hardqcd_importance_adaptive1500k_phys_wave3_20260718	qcd_hardqcd_importance_adaptive1500k_phys_wave3_20260718_bin00_pthat50to75_shard1043_seed1201043	7	qcd_variable_frozen_fragment	10000	0	/uscms_data/d3/iturkmen/hh4b_delphes/parquet_materialized/background_frozen_v2_strict493_materialization_20260724_v1/train/qcd_hardqcd/0042_qcd_hardqcd_importance_adaptive1500k_phys_wave3_20260718_bin00_pthat50to75_shard1043_seed1201043_hh4b_candidates_v2.parquet	a895d60c3634d5e3b0d305fbd8a89c1adb2d7eb2a79f698bc0eff08f3be0ef20	/uscms/home/iturkmen/physical_weight_sidecars/train_candidate_run2_physical_weights_20260731_v1/train_candidate_run2_physical_weights.parquet	d5315ed70bb0298b4fc67e6e8c41437a7457b9b28b10fea2982d95b96275e2d3	30650	30650	0	0	0	True	0	False	no_sidecar_rows_required_for_zero_candidates
hard_qcd	background	qcd_hardqcd	qcd_hardqcd_importance_adaptive1500k_phys_wave3_20260718	qcd_hardqcd_importance_adaptive1500k_phys_wave3_20260718_bin00_pthat50to75_shard1047_seed1201047	8	qcd_variable_frozen_fragment	10000	0	/uscms_data/d3/iturkmen/hh4b_delphes/parquet_materialized/background_frozen_v2_strict493_materialization_20260724_v1/train/qcd_hardqcd/0043_qcd_hardqcd_importance_adaptive1500k_phys_wave3_20260718_bin00_pthat50to75_shard1047_seed1201047_hh4b_candidates_v2.parquet	a895d60c3634d5e3b0d305fbd8a89c1adb2d7eb2a79f698bc0eff08f3be0ef20	/uscms/home/iturkmen/physical_weight_sidecars/train_candidate_run2_physical_weights_20260731_v1/train_candidate_run2_physical_weights.parquet	d5315ed70bb0298b4fc67e6e8c41437a7457b9b28b10fea2982d95b96275e2d3	30650	30650	0	0	0	True	0	False	no_sidecar_rows_required_for_zero_candidates
hard_qcd	background	qcd_hardqcd	qcd_hardqcd_importance_adaptive1500k_phys_wave3_20260718	qcd_hardqcd_importance_adaptive1500k_phys_wave3_20260718_bin00_pthat50to75_shard1048_seed1201048	9	qcd_variable_frozen_fragment	10000	0	/uscms_data/d3/iturkmen/hh4b_delphes/parquet_materialized/background_frozen_v2_strict493_materialization_20260724_v1/train/qcd_hardqcd/0044_qcd_hardqcd_importance_adaptive1500k_phys_wave3_20260718_bin00_pthat50to75_shard1048_seed1201048_hh4b_candidates_v2.parquet	a895d60c3634d5e3b0d305fbd8a89c1adb2d7eb2a79f698bc0eff08f3be0ef20	/uscms/home/iturkmen/physical_weight_sidecars/train_candidate_run2_physical_weights_20260731_v1/train_candidate_run2_physical_weights.parquet	d5315ed70bb0298b4fc67e6e8c41437a7457b9b28b10fea2982d95b96275e2d3	30650	30650	0	0	0	True	0	False	no_sidecar_rows_required_for_zero_candidates
hard_qcd	background	qcd_hardqcd	qcd_hardqcd_importance_adaptive1500k_phys_wave3_20260718	qcd_hardqcd_importance_adaptive1500k_phys_wave3_20260718_bin00_pthat50to75_shard1050_seed1201050	10	qcd_variable_frozen_fragment	10000	0	/uscms_data/d3/iturkmen/hh4b_delphes/parquet_materialized/background_frozen_v2_strict493_materialization_20260724_v1/train/qcd_hardqcd/0045_qcd_hardqcd_importance_adaptive1500k_phys_wave3_20260718_bin00_pthat50to75_shard1050_seed1201050_hh4b_candidates_v2.parquet	a895d60c3634d5e3b0d305fbd8a89c1adb2d7eb2a79f698bc0eff08f3be0ef20	/uscms/home/iturkmen/physical_weight_sidecars/train_candidate_run2_physical_weights_20260731_v1/train_candidate_run2_physical_weights.parquet	d5315ed70bb0298b4fc67e6e8c41437a7457b9b28b10fea2982d95b96275e2d3	30650	30650	0	0	0	True	0	False	no_sidecar_rows_required_for_zero_candidates
hard_qcd	background	qcd_hardqcd	qcd_hardqcd_importance_adaptive1500k_phys_wave3_20260718	qcd_hardqcd_importance_adaptive1500k_phys_wave3_20260718_bin00_pthat50to75_shard1051_seed1201051	11	qcd_variable_frozen_fragment	10000	0	/uscms_data/d3/iturkmen/hh4b_delphes/parquet_materialized/background_frozen_v2_strict493_materialization_20260724_v1/train/qcd_hardqcd/0046_qcd_hardqcd_importance_adaptive1500k_phys_wave3_20260718_bin00_pthat50to75_shard1051_seed1201051_hh4b_candidates_v2.parquet	a895d60c3634d5e3b0d305fbd8a89c1adb2d7eb2a79f698bc0eff08f3be0ef20	/uscms/home/iturkmen/physical_weight_sidecars/train_candidate_run2_physical_weights_20260731_v1/train_candidate_run2_physical_weights.parquet	d5315ed70bb0298b4fc67e6e8c41437a7457b9b28b10fea2982d95b96275e2d3	30650	30650	0	0	0	True	0	False	no_sidecar_rows_required_for_zero_candidates
hard_qcd	background	qcd_hardqcd	qcd_hardqcd_importance_adaptive1500k_phys_wave3_20260718	qcd_hardqcd_importance_adaptive1500k_phys_wave3_20260718_bin00_pthat50to75_shard1052_seed1201052	12	qcd_variable_frozen_fragment	10000	0	/uscms_data/d3/iturkmen/hh4b_delphes/parquet_materialized/background_frozen_v2_strict493_materialization_20260724_v1/train/qcd_hardqcd/0047_qcd_hardqcd_importance_adaptive1500k_phys_wave3_20260718_bin00_pthat50to75_shard1052_seed1201052_hh4b_candidates_v2.parquet	a895d60c3634d5e3b0d305fbd8a89c1adb2d7eb2a79f698bc0eff08f3be0ef20	/uscms/home/iturkmen/physical_weight_sidecars/train_candidate_run2_physical_weights_20260731_v1/train_candidate_run2_physical_weights.parquet	d5315ed70bb0298b4fc67e6e8c41437a7457b9b28b10fea2982d95b96275e2d3	30650	30650	0	0	0	True	0	False	no_sidecar_rows_required_for_zero_candidates
hard_qcd	background	qcd_hardqcd	qcd_hardqcd_importance_adaptive1500k_phys_wave3_20260718	qcd_hardqcd_importance_adaptive1500k_phys_wave3_20260718_bin00_pthat50to75_shard1054_seed1201054	13	qcd_variable_frozen_fragment	10000	0	/uscms_data/d3/iturkmen/hh4b_delphes/parquet_materialized/background_frozen_v2_strict493_materialization_20260724_v1/train/qcd_hardqcd/0049_qcd_hardqcd_importance_adaptive1500k_phys_wave3_20260718_bin00_pthat50to75_shard1054_seed1201054_hh4b_candidates_v2.parquet	a895d60c3634d5e3b0d305fbd8a89c1adb2d7eb2a79f698bc0eff08f3be0ef20	/uscms/home/iturkmen/physical_weight_sidecars/train_candidate_run2_physical_weights_20260731_v1/train_candidate_run2_physical_weights.parquet	d5315ed70bb0298b4fc67e6e8c41437a7457b9b28b10fea2982d95b96275e2d3	30650	30650	0	0	0	True	0	False	no_sidecar_rows_required_for_zero_candidates
hard_qcd	background	qcd_hardqcd	qcd_hardqcd_importance_adaptive1500k_phys_wave3_20260718	qcd_hardqcd_importance_adaptive1500k_phys_wave3_20260718_bin00_pthat50to75_shard1057_seed1201057	14	qcd_variable_frozen_fragment	10000	0	/uscms_data/d3/iturkmen/hh4b_delphes/parquet_materialized/background_frozen_v2_strict493_materialization_20260724_v1/train/qcd_hardqcd/0050_qcd_hardqcd_importance_adaptive1500k_phys_wave3_20260718_bin00_pthat50to75_shard1057_seed1201057_hh4b_candidates_v2.parquet	a895d60c3634d5e3b0d305fbd8a89c1adb2d7eb2a79f698bc0eff08f3be0ef20	/uscms/home/iturkmen/physical_weight_sidecars/train_candidate_run2_physical_weights_20260731_v1/train_candidate_run2_physical_weights.parquet	d5315ed70bb0298b4fc67e6e8c41437a7457b9b28b10fea2982d95b96275e2d3	30650	30650	0	0	0	True	0	False	no_sidecar_rows_required_for_zero_candidates
hard_qcd	background	qcd_hardqcd	qcd_hardqcd_importance_adaptive1500k_phys_wave3_20260718	qcd_hardqcd_importance_adaptive1500k_phys_wave3_20260718_bin00_pthat50to75_shard1058_seed1201058	15	qcd_variable_frozen_fragment	10000	0	/uscms_data/d3/iturkmen/hh4b_delphes/parquet_materialized/background_frozen_v2_strict493_materialization_20260724_v1/train/qcd_hardqcd/0051_qcd_hardqcd_importance_adaptive1500k_phys_wave3_20260718_bin00_pthat50to75_shard1058_seed1201058_hh4b_candidates_v2.parquet	a895d60c3634d5e3b0d305fbd8a89c1adb2d7eb2a79f698bc0eff08f3be0ef20	/uscms/home/iturkmen/physical_weight_sidecars/train_candidate_run2_physical_weights_20260731_v1/train_candidate_run2_physical_weights.parquet	d5315ed70bb0298b4fc67e6e8c41437a7457b9b28b10fea2982d95b96275e2d3	30650	30650	0	0	0	True	0	False	no_sidecar_rows_required_for_zero_candidates
hard_qcd	background	qcd_hardqcd	qcd_hardqcd_importance_adaptive1500k_phys_wave3_20260718	qcd_hardqcd_importance_adaptive1500k_phys_wave3_20260718_bin00_pthat50to75_shard1059_seed1201059	16	qcd_variable_frozen_fragment	10000	0	/uscms_data/d3/iturkmen/hh4b_delphes/parquet_materialized/background_frozen_v2_strict493_materialization_20260724_v1/train/qcd_hardqcd/0052_qcd_hardqcd_importance_adaptive1500k_phys_wave3_20260718_bin00_pthat50to75_shard1059_seed1201059_hh4b_candidates_v2.parquet	a895d60c3634d5e3b0d305fbd8a89c1adb2d7eb2a79f698bc0eff08f3be0ef20	/uscms/home/iturkmen/physical_weight_sidecars/train_candidate_run2_physical_weights_20260731_v1/train_candidate_run2_physical_weights.parquet	d5315ed70bb0298b4fc67e6e8c41437a7457b9b28b10fea2982d95b96275e2d3	30650	30650	0	0	0	True	0	False	no_sidecar_rows_required_for_zero_candidates
hard_qcd	background	qcd_hardqcd	qcd_hardqcd_importance_adaptive1500k_phys_wave3_20260718	qcd_hardqcd_importance_adaptive1500k_phys_wave3_20260718_bin00_pthat50to75_shard1060_seed1201060	17	qcd_variable_frozen_fragment	10000	0	/uscms_data/d3/iturkmen/hh4b_delphes/parquet_materialized/background_frozen_v2_strict493_materialization_20260724_v1/train/qcd_hardqcd/0053_qcd_hardqcd_importance_adaptive1500k_phys_wave3_20260718_bin00_pthat50to75_shard1060_seed1201060_hh4b_candidates_v2.parquet	a895d60c3634d5e3b0d305fbd8a89c1adb2d7eb2a79f698bc0eff08f3be0ef20	/uscms/home/iturkmen/physical_weight_sidecars/train_candidate_run2_physical_weights_20260731_v1/train_candidate_run2_physical_weights.parquet	d5315ed70bb0298b4fc67e6e8c41437a7457b9b28b10fea2982d95b96275e2d3	30650	30650	0	0	0	True	0	False	no_sidecar_rows_required_for_zero_candidates
hard_qcd	background	qcd_hardqcd	qcd_hardqcd_importance_adaptive1500k_phys_wave3_20260718	qcd_hardqcd_importance_adaptive1500k_phys_wave3_20260718_bin00_pthat50to75_shard1061_seed1201061	18	qcd_variable_frozen_fragment	10000	0	/uscms_data/d3/iturkmen/hh4b_delphes/parquet_materialized/background_frozen_v2_strict493_materialization_20260724_v1/train/qcd_hardqcd/0054_qcd_hardqcd_importance_adaptive1500k_phys_wave3_20260718_bin00_pthat50to75_shard1061_seed1201061_hh4b_candidates_v2.parquet	a895d60c3634d5e3b0d305fbd8a89c1adb2d7eb2a79f698bc0eff08f3be0ef20	/uscms/home/iturkmen/physical_weight_sidecars/train_candidate_run2_physical_weights_20260731_v1/train_candidate_run2_physical_weights.parquet	d5315ed70bb0298b4fc67e6e8c41437a7457b9b28b10fea2982d95b96275e2d3	30650	30650	0	0	0	True	0	False	no_sidecar_rows_required_for_zero_candidates
hard_qcd	background	qcd_hardqcd	qcd_hardqcd_importance_adaptive1500k_phys_wave3_20260718	qcd_hardqcd_importance_adaptive1500k_phys_wave3_20260718_bin00_pthat50to75_shard1063_seed1201063	19	qcd_variable_frozen_fragment	10000	0	/uscms_data/d3/iturkmen/hh4b_delphes/parquet_materialized/background_frozen_v2_strict493_materialization_20260724_v1/train/qcd_hardqcd/0055_qcd_hardqcd_importance_adaptive1500k_phys_wave3_20260718_bin00_pthat50to75_shard1063_seed1201063_hh4b_candidates_v2.parquet	a895d60c3634d5e3b0d305fbd8a89c1adb2d7eb2a79f698bc0eff08f3be0ef20	/uscms/home/iturkmen/physical_weight_sidecars/train_candidate_run2_physical_weights_20260731_v1/train_candidate_run2_physical_weights.parquet	d5315ed70bb0298b4fc67e6e8c41437a7457b9b28b10fea2982d95b96275e2d3	30650	30650	0	0	0	True	0	False	no_sidecar_rows_required_for_zero_candidates
hard_qcd	background	qcd_hardqcd	qcd_hardqcd_importance_adaptive1500k_phys_wave3_20260718	qcd_hardqcd_importance_adaptive1500k_phys_wave3_20260718_bin00_pthat50to75_shard1066_seed1201066	20	qcd_variable_frozen_fragment	10000	0	/uscms_data/d3/iturkmen/hh4b_delphes/parquet_materialized/background_frozen_v2_strict493_materialization_20260724_v1/train/qcd_hardqcd/0056_qcd_hardqcd_importance_adaptive1500k_phys_wave3_20260718_bin00_pthat50to75_shard1066_seed1201066_hh4b_candidates_v2.parquet	a895d60c3634d5e3b0d305fbd8a89c1adb2d7eb2a79f698bc0eff08f3be0ef20	/uscms/home/iturkmen/physical_weight_sidecars/train_candidate_run2_physical_weights_20260731_v1/train_candidate_run2_physical_weights.parquet	d5315ed70bb0298b4fc67e6e8c41437a7457b9b28b10fea2982d95b96275e2d3	30650	30650	0	0	0	True	0	False	no_sidecar_rows_required_for_zero_candidates
hard_qcd	background	qcd_hardqcd	qcd_hardqcd_importance_adaptive1500k_phys_wave3_20260718	qcd_hardqcd_importance_adaptive1500k_phys_wave3_20260718_bin00_pthat50to75_shard1067_seed1201067	21	qcd_variable_frozen_fragment	10000	0	/uscms_data/d3/iturkmen/hh4b_delphes/parquet_materialized/background_frozen_v2_strict493_materialization_20260724_v1/train/qcd_hardqcd/0057_qcd_hardqcd_importance_adaptive1500k_phys_wave3_20260718_bin00_pthat50to75_shard1067_seed1201067_hh4b_candidates_v2.parquet	a895d60c3634d5e3b0d305fbd8a89c1adb2d7eb2a79f698bc0eff08f3be0ef20	/uscms/home/iturkmen/physical_weight_sidecars/train_candidate_run2_physical_weights_20260731_v1/train_candidate_run2_physical_weights.parquet	d5315ed70bb0298b4fc67e6e8c41437a7457b9b28b10fea2982d95b96275e2d3	30650	30650	0	0	0	True	0	False	no_sidecar_rows_required_for_zero_candidates
hard_qcd	background	qcd_hardqcd	qcd_hardqcd_importance_adaptive1500k_phys_wave3_20260718	qcd_hardqcd_importance_adaptive1500k_phys_wave3_20260718_bin00_pthat50to75_shard1068_seed1201068	22	qcd_variable_frozen_fragment	10000	0	/uscms_data/d3/iturkmen/hh4b_delphes/parquet_materialized/background_frozen_v2_strict493_materialization_20260724_v1/train/qcd_hardqcd/0058_qcd_hardqcd_importance_adaptive1500k_phys_wave3_20260718_bin00_pthat50to75_shard1068_seed1201068_hh4b_candidates_v2.parquet	a895d60c3634d5e3b0d305fbd8a89c1adb2d7eb2a79f698bc0eff08f3be0ef20	/uscms/home/iturkmen/physical_weight_sidecars/train_candidate_run2_physical_weights_20260731_v1/train_candidate_run2_physical_weights.parquet	d5315ed70bb0298b4fc67e6e8c41437a7457b9b28b10fea2982d95b96275e2d3	30650	30650	0	0	0	True	0	False	no_sidecar_rows_required_for_zero_candidates
hard_qcd	background	qcd_hardqcd	qcd_hardqcd_importance_adaptive1500k_phys_wave3_20260718	qcd_hardqcd_importance_adaptive1500k_phys_wave3_20260718_bin00_pthat50to75_shard1070_seed1201070	23	qcd_variable_frozen_fragment	10000	0	/uscms_data/d3/iturkmen/hh4b_delphes/parquet_materialized/background_frozen_v2_strict493_materialization_20260724_v1/train/qcd_hardqcd/0059_qcd_hardqcd_importance_adaptive1500k_phys_wave3_20260718_bin00_pthat50to75_shard1070_seed1201070_hh4b_candidates_v2.parquet	a895d60c3634d5e3b0d305fbd8a89c1adb2d7eb2a79f698bc0eff08f3be0ef20	/uscms/home/iturkmen/physical_weight_sidecars/train_candidate_run2_physical_weights_20260731_v1/train_candidate_run2_physical_weights.parquet	d5315ed70bb0298b4fc67e6e8c41437a7457b9b28b10fea2982d95b96275e2d3	30650	30650	0	0	0	True	0	False	no_sidecar_rows_required_for_zero_candidates
hard_qcd	background	qcd_hardqcd	qcd_hardqcd_importance_adaptive1500k_phys_wave3_20260718	qcd_hardqcd_importance_adaptive1500k_phys_wave3_20260718_bin00_pthat50to75_shard1071_seed1201071	24	qcd_variable_frozen_fragment	10000	0	/uscms_data/d3/iturkmen/hh4b_delphes/parquet_materialized/background_frozen_v2_strict493_materialization_20260724_v1/train/qcd_hardqcd/0060_qcd_hardqcd_importance_adaptive1500k_phys_wave3_20260718_bin00_pthat50to75_shard1071_seed1201071_hh4b_candidates_v2.parquet	a895d60c3634d5e3b0d305fbd8a89c1adb2d7eb2a79f698bc0eff08f3be0ef20	/uscms/home/iturkmen/physical_weight_sidecars/train_candidate_run2_physical_weights_20260731_v1/train_candidate_run2_physical_weights.parquet	d5315ed70bb0298b4fc67e6e8c41437a7457b9b28b10fea2982d95b96275e2d3	30650	30650	0	0	0	True	0	False	no_sidecar_rows_required_for_zero_candidates
hard_qcd	background	qcd_hardqcd	qcd_hardqcd_importance_adaptive1500k_phys_wave3_20260718	qcd_hardqcd_importance_adaptive1500k_phys_wave3_20260718_bin00_pthat50to75_shard1072_seed1201072	25	qcd_variable_frozen_fragment	10000	0	/uscms_data/d3/iturkmen/hh4b_delphes/parquet_materialized/background_frozen_v2_strict493_materialization_20260724_v1/train/qcd_hardqcd/0061_qcd_hardqcd_importance_adaptive1500k_phys_wave3_20260718_bin00_pthat50to75_shard1072_seed1201072_hh4b_candidates_v2.parquet	a895d60c3634d5e3b0d305fbd8a89c1adb2d7eb2a79f698bc0eff08f3be0ef20	/uscms/home/iturkmen/physical_weight_sidecars/train_candidate_run2_physical_weights_20260731_v1/train_candidate_run2_physical_weights.parquet	d5315ed70bb0298b4fc67e6e8c41437a7457b9b28b10fea2982d95b96275e2d3	30650	30650	0	0	0	True	0	False	no_sidecar_rows_required_for_zero_candidates
hard_qcd	background	qcd_hardqcd	qcd_hardqcd_importance_adaptive1500k_phys_wave3_20260718	qcd_hardqcd_importance_adaptive1500k_phys_wave3_20260718_bin00_pthat50to75_shard1073_seed1201073	26	qcd_variable_frozen_fragment	10000	0	/uscms_data/d3/iturkmen/hh4b_delphes/parquet_materialized/background_frozen_v2_strict493_materialization_20260724_v1/train/qcd_hardqcd/0062_qcd_hardqcd_importance_adaptive1500k_phys_wave3_20260718_bin00_pthat50to75_shard1073_seed1201073_hh4b_candidates_v2.parquet	a895d60c3634d5e3b0d305fbd8a89c1adb2d7eb2a79f698bc0eff08f3be0ef20	/uscms/home/iturkmen/physical_weight_sidecars/train_candidate_run2_physical_weights_20260731_v1/train_candidate_run2_physical_weights.parquet	d5315ed70bb0298b4fc67e6e8c41437a7457b9b28b10fea2982d95b96275e2d3	30650	30650	0	0	0	True	0	False	no_sidecar_rows_required_for_zero_candidates
hard_qcd	background	qcd_hardqcd	qcd_hardqcd_importance_adaptive1500k_phys_wave3_20260718	qcd_hardqcd_importance_adaptive1500k_phys_wave3_20260718_bin00_pthat50to75_shard1075_seed1201075	27	qcd_variable_frozen_fragment	10000	0	/uscms_data/d3/iturkmen/hh4b_delphes/parquet_materialized/background_frozen_v2_strict493_materialization_20260724_v1/train/qcd_hardqcd/0063_qcd_hardqcd_importance_adaptive1500k_phys_wave3_20260718_bin00_pthat50to75_shard1075_seed1201075_hh4b_candidates_v2.parquet	a895d60c3634d5e3b0d305fbd8a89c1adb2d7eb2a79f698bc0eff08f3be0ef20	/uscms/home/iturkmen/physical_weight_sidecars/train_candidate_run2_physical_weights_20260731_v1/train_candidate_run2_physical_weights.parquet	d5315ed70bb0298b4fc67e6e8c41437a7457b9b28b10fea2982d95b96275e2d3	30650	30650	0	0	0	True	0	False	no_sidecar_rows_required_for_zero_candidates
hard_qcd	background	qcd_hardqcd	qcd_hardqcd_importance_adaptive1500k_phys_wave3_20260718	qcd_hardqcd_importance_adaptive1500k_phys_wave3_20260718_bin00_pthat50to75_shard1076_seed1201076	28	qcd_variable_frozen_fragment	10000	0	/uscms_data/d3/iturkmen/hh4b_delphes/parquet_materialized/background_frozen_v2_strict493_materialization_20260724_v1/train/qcd_hardqcd/0064_qcd_hardqcd_importance_adaptive1500k_phys_wave3_20260718_bin00_pthat50to75_shard1076_seed1201076_hh4b_candidates_v2.parquet	a895d60c3634d5e3b0d305fbd8a89c1adb2d7eb2a79f698bc0eff08f3be0ef20	/uscms/home/iturkmen/physical_weight_sidecars/train_candidate_run2_physical_weights_20260731_v1/train_candidate_run2_physical_weights.parquet	d5315ed70bb0298b4fc67e6e8c41437a7457b9b28b10fea2982d95b96275e2d3	30650	30650	0	0	0	True	0	False	no_sidecar_rows_required_for_zero_candidates
hard_qcd	background	qcd_hardqcd	qcd_hardqcd_importance_adaptive1500k_phys_wave3_20260718	qcd_hardqcd_importance_adaptive1500k_phys_wave3_20260718_bin00_pthat50to75_shard1079_seed1201079	29	qcd_variable_frozen_fragment	10000	0	/uscms_data/d3/iturkmen/hh4b_delphes/parquet_materialized/background_frozen_v2_strict493_materialization_20260724_v1/train/qcd_hardqcd/0065_qcd_hardqcd_importance_adaptive1500k_phys_wave3_20260718_bin00_pthat50to75_shard1079_seed1201079_hh4b_candidates_v2.parquet	a895d60c3634d5e3b0d305fbd8a89c1adb2d7eb2a79f698bc0eff08f3be0ef20	/uscms/home/iturkmen/physical_weight_sidecars/train_candidate_run2_physical_weights_20260731_v1/train_candidate_run2_physical_weights.parquet	d5315ed70bb0298b4fc67e6e8c41437a7457b9b28b10fea2982d95b96275e2d3	30650	30650	0	0	0	True	0	False	no_sidecar_rows_required_for_zero_candidates
hard_qcd	background	qcd_hardqcd	qcd_hardqcd_importance_adaptive1500k_phys_wave3_20260718	qcd_hardqcd_importance_adaptive1500k_phys_wave3_20260718_bin00_pthat50to75_shard1080_seed1201080	30	qcd_variable_frozen_fragment	10000	0	/uscms_data/d3/iturkmen/hh4b_delphes/parquet_materialized/background_frozen_v2_strict493_materialization_20260724_v1/train/qcd_hardqcd/0066_qcd_hardqcd_importance_adaptive1500k_phys_wave3_20260718_bin00_pthat50to75_shard1080_seed1201080_hh4b_candidates_v2.parquet	a895d60c3634d5e3b0d305fbd8a89c1adb2d7eb2a79f698bc0eff08f3be0ef20	/uscms/home/iturkmen/physical_weight_sidecars/train_candidate_run2_physical_weights_20260731_v1/train_candidate_run2_physical_weights.parquet	d5315ed70bb0298b4fc67e6e8c41437a7457b9b28b10fea2982d95b96275e2d3	30650	30650	0	0	0	True	0	False	no_sidecar_rows_required_for_zero_candidates
hard_qcd	background	qcd_hardqcd	qcd_hardqcd_importance_adaptive1500k_phys_wave3_20260718	qcd_hardqcd_importance_adaptive1500k_phys_wave3_20260718_bin00_pthat50to75_shard1083_seed1201083	31	qcd_variable_frozen_fragment	10000	0	/uscms_data/d3/iturkmen/hh4b_delphes/parquet_materialized/background_frozen_v2_strict493_materialization_20260724_v1/train/qcd_hardqcd/0067_qcd_hardqcd_importance_adaptive1500k_phys_wave3_20260718_bin00_pthat50to75_shard1083_seed1201083_hh4b_candidates_v2.parquet	a895d60c3634d5e3b0d305fbd8a89c1adb2d7eb2a79f698bc0eff08f3be0ef20	/uscms/home/iturkmen/physical_weight_sidecars/train_candidate_run2_physical_weights_20260731_v1/train_candidate_run2_physical_weights.parquet	d5315ed70bb0298b4fc67e6e8c41437a7457b9b28b10fea2982d95b96275e2d3	30650	30650	0	0	0	True	0	False	no_sidecar_rows_required_for_zero_candidates
hard_qcd	background	qcd_hardqcd	qcd_hardqcd_importance_adaptive1500k_phys_wave3_20260718	qcd_hardqcd_importance_adaptive1500k_phys_wave3_20260718_bin00_pthat50to75_shard1084_seed1201084	32	qcd_variable_frozen_fragment	10000	0	/uscms_data/d3/iturkmen/hh4b_delphes/parquet_materialized/background_frozen_v2_strict493_materialization_20260724_v1/train/qcd_hardqcd/0068_qcd_hardqcd_importance_adaptive1500k_phys_wave3_20260718_bin00_pthat50to75_shard1084_seed1201084_hh4b_candidates_v2.parquet	a895d60c3634d5e3b0d305fbd8a89c1adb2d7eb2a79f698bc0eff08f3be0ef20	/uscms/home/iturkmen/physical_weight_sidecars/train_candidate_run2_physical_weights_20260731_v1/train_candidate_run2_physical_weights.parquet	d5315ed70bb0298b4fc67e6e8c41437a7457b9b28b10fea2982d95b96275e2d3	30650	30650	0	0	0	True	0	False	no_sidecar_rows_required_for_zero_candidates
hard_qcd	background	qcd_hardqcd	qcd_hardqcd_importance_adaptive1500k_phys_wave3_20260718	qcd_hardqcd_importance_adaptive1500k_phys_wave3_20260718_bin00_pthat50to75_shard1085_seed1201085	33	qcd_variable_frozen_fragment	10000	0	/uscms_data/d3/iturkmen/hh4b_delphes/parquet_materialized/background_frozen_v2_strict493_materialization_20260724_v1/train/qcd_hardqcd/0069_qcd_hardqcd_importance_adaptive1500k_phys_wave3_20260718_bin00_pthat50to75_shard1085_seed1201085_hh4b_candidates_v2.parquet	a895d60c3634d5e3b0d305fbd8a89c1adb2d7eb2a79f698bc0eff08f3be0ef20	/uscms/home/iturkmen/physical_weight_sidecars/train_candidate_run2_physical_weights_20260731_v1/train_candidate_run2_physical_weights.parquet	d5315ed70bb0298b4fc67e6e8c41437a7457b9b28b10fea2982d95b96275e2d3	30650	30650	0	0	0	True	0	False	no_sidecar_rows_required_for_zero_candidates
hard_qcd	background	qcd_hardqcd	qcd_hardqcd_importance_adaptive1500k_phys_wave3_20260718	qcd_hardqcd_importance_adaptive1500k_phys_wave3_20260718_bin00_pthat50to75_shard1086_seed1201086	34	qcd_variable_frozen_fragment	10000	0	/uscms_data/d3/iturkmen/hh4b_delphes/parquet_materialized/background_frozen_v2_strict493_materialization_20260724_v1/train/qcd_hardqcd/0070_qcd_hardqcd_importance_adaptive1500k_phys_wave3_20260718_bin00_pthat50to75_shard1086_seed1201086_hh4b_candidates_v2.parquet	a895d60c3634d5e3b0d305fbd8a89c1adb2d7eb2a79f698bc0eff08f3be0ef20	/uscms/home/iturkmen/physical_weight_sidecars/train_candidate_run2_physical_weights_20260731_v1/train_candidate_run2_physical_weights.parquet	d5315ed70bb0298b4fc67e6e8c41437a7457b9b28b10fea2982d95b96275e2d3	30650	30650	0	0	0	True	0	False	no_sidecar_rows_required_for_zero_candidates
hard_qcd	background	qcd_hardqcd	qcd_hardqcd_importance_adaptive1500k_phys_wave3_20260718	qcd_hardqcd_importance_adaptive1500k_phys_wave3_20260718_bin00_pthat50to75_shard1088_seed1201088	35	qcd_variable_frozen_fragment	10000	0	/uscms_data/d3/iturkmen/hh4b_delphes/parquet_materialized/background_frozen_v2_strict493_materialization_20260724_v1/train/qcd_hardqcd/0071_qcd_hardqcd_importance_adaptive1500k_phys_wave3_20260718_bin00_pthat50to75_shard1088_seed1201088_hh4b_candidates_v2.parquet	a895d60c3634d5e3b0d305fbd8a89c1adb2d7eb2a79f698bc0eff08f3be0ef20	/uscms/home/iturkmen/physical_weight_sidecars/train_candidate_run2_physical_weights_20260731_v1/train_candidate_run2_physical_weights.parquet	d5315ed70bb0298b4fc67e6e8c41437a7457b9b28b10fea2982d95b96275e2d3	30650	30650	0	0	0	True	0	False	no_sidecar_rows_required_for_zero_candidates
hard_qcd	background	qcd_hardqcd	qcd_hardqcd_importance_adaptive1500k_phys_wave3_20260718	qcd_hardqcd_importance_adaptive1500k_phys_wave3_20260718_bin00_pthat50to75_shard1090_seed1201090	36	qcd_variable_frozen_fragment	10000	0	/uscms_data/d3/iturkmen/hh4b_delphes/parquet_materialized/background_frozen_v2_strict493_materialization_20260724_v1/train/qcd_hardqcd/0072_qcd_hardqcd_importance_adaptive1500k_phys_wave3_20260718_bin00_pthat50to75_shard1090_seed1201090_hh4b_candidates_v2.parquet	a895d60c3634d5e3b0d305fbd8a89c1adb2d7eb2a79f698bc0eff08f3be0ef20	/uscms/home/iturkmen/physical_weight_sidecars/train_candidate_run2_physical_weights_20260731_v1/train_candidate_run2_physical_weights.parquet	d5315ed70bb0298b4fc67e6e8c41437a7457b9b28b10fea2982d95b96275e2d3	30650	30650	0	0	0	True	0	False	no_sidecar_rows_required_for_zero_candidates
hard_qcd	background	qcd_hardqcd	qcd_hardqcd_importance_adaptive1500k_phys_wave3_20260718	qcd_hardqcd_importance_adaptive1500k_phys_wave3_20260718_bin00_pthat50to75_shard1092_seed1201092	37	qcd_variable_frozen_fragment	10000	0	/uscms_data/d3/iturkmen/hh4b_delphes/parquet_materialized/background_frozen_v2_strict493_materialization_20260724_v1/train/qcd_hardqcd/0074_qcd_hardqcd_importance_adaptive1500k_phys_wave3_20260718_bin00_pthat50to75_shard1092_seed1201092_hh4b_candidates_v2.parquet	a895d60c3634d5e3b0d305fbd8a89c1adb2d7eb2a79f698bc0eff08f3be0ef20	/uscms/home/iturkmen/physical_weight_sidecars/train_candidate_run2_physical_weights_20260731_v1/train_candidate_run2_physical_weights.parquet	d5315ed70bb0298b4fc67e6e8c41437a7457b9b28b10fea2982d95b96275e2d3	30650	30650	0	0	0	True	0	False	no_sidecar_rows_required_for_zero_candidates
hard_qcd	background	qcd_hardqcd	qcd_hardqcd_importance_adaptive1500k_phys_wave3_20260718	qcd_hardqcd_importance_adaptive1500k_phys_wave3_20260718_bin00_pthat50to75_shard1096_seed1201096	38	qcd_variable_frozen_fragment	10000	0	/uscms_data/d3/iturkmen/hh4b_delphes/parquet_materialized/background_frozen_v2_strict493_materialization_20260724_v1/train/qcd_hardqcd/0076_qcd_hardqcd_importance_adaptive1500k_phys_wave3_20260718_bin00_pthat50to75_shard1096_seed1201096_hh4b_candidates_v2.parquet	a895d60c3634d5e3b0d305fbd8a89c1adb2d7eb2a79f698bc0eff08f3be0ef20	/uscms/home/iturkmen/physical_weight_sidecars/train_candidate_run2_physical_weights_20260731_v1/train_candidate_run2_physical_weights.parquet	d5315ed70bb0298b4fc67e6e8c41437a7457b9b28b10fea2982d95b96275e2d3	30650	30650	0	0	0	True	0	False	no_sidecar_rows_required_for_zero_candidates
hard_qcd	background	qcd_hardqcd	qcd_hardqcd_importance_adaptive1500k_phys_wave3_20260718	qcd_hardqcd_importance_adaptive1500k_phys_wave3_20260718_bin00_pthat50to75_shard1097_seed1201097	39	qcd_variable_frozen_fragment	10000	0	/uscms_data/d3/iturkmen/hh4b_delphes/parquet_materialized/background_frozen_v2_strict493_materialization_20260724_v1/train/qcd_hardqcd/0077_qcd_hardqcd_importance_adaptive1500k_phys_wave3_20260718_bin00_pthat50to75_shard1097_seed1201097_hh4b_candidates_v2.parquet	a895d60c3634d5e3b0d305fbd8a89c1adb2d7eb2a79f698bc0eff08f3be0ef20	/uscms/home/iturkmen/physical_weight_sidecars/train_candidate_run2_physical_weights_20260731_v1/train_candidate_run2_physical_weights.parquet	d5315ed70bb0298b4fc67e6e8c41437a7457b9b28b10fea2982d95b96275e2d3	30650	30650	0	0	0	True	0	False	no_sidecar_rows_required_for_zero_candidates
hard_qcd	background	qcd_hardqcd	qcd_hardqcd_importance_adaptive1500k_phys_wave3_20260718	qcd_hardqcd_importance_adaptive1500k_phys_wave3_20260718_bin00_pthat50to75_shard1098_seed1201098	40	qcd_variable_frozen_fragment	10000	0	/uscms_data/d3/iturkmen/hh4b_delphes/parquet_materialized/background_frozen_v2_strict493_materialization_20260724_v1/train/qcd_hardqcd/0078_qcd_hardqcd_importance_adaptive1500k_phys_wave3_20260718_bin00_pthat50to75_shard1098_seed1201098_hh4b_candidates_v2.parquet	a895d60c3634d5e3b0d305fbd8a89c1adb2d7eb2a79f698bc0eff08f3be0ef20	/uscms/home/iturkmen/physical_weight_sidecars/train_candidate_run2_physical_weights_20260731_v1/train_candidate_run2_physical_weights.parquet	d5315ed70bb0298b4fc67e6e8c41437a7457b9b28b10fea2982d95b96275e2d3	30650	30650	0	0	0	True	0	False	no_sidecar_rows_required_for_zero_candidates
hard_qcd	background	qcd_hardqcd	qcd_hardqcd_importance_adaptive1500k_phys_wave3_20260718	qcd_hardqcd_importance_adaptive1500k_phys_wave3_20260718_bin00_pthat50to75_shard1099_seed1201099	41	qcd_variable_frozen_fragment	10000	0	/uscms_data/d3/iturkmen/hh4b_delphes/parquet_materialized/background_frozen_v2_strict493_materialization_20260724_v1/train/qcd_hardqcd/0079_qcd_hardqcd_importance_adaptive1500k_phys_wave3_20260718_bin00_pthat50to75_shard1099_seed1201099_hh4b_candidates_v2.parquet	a895d60c3634d5e3b0d305fbd8a89c1adb2d7eb2a79f698bc0eff08f3be0ef20	/uscms/home/iturkmen/physical_weight_sidecars/train_candidate_run2_physical_weights_20260731_v1/train_candidate_run2_physical_weights.parquet	d5315ed70bb0298b4fc67e6e8c41437a7457b9b28b10fea2982d95b96275e2d3	30650	30650	0	0	0	True	0	False	no_sidecar_rows_required_for_zero_candidates
hard_qcd	background	qcd_hardqcd	qcd_hardqcd_importance_adaptive1500k_phys_wave3_20260718	qcd_hardqcd_importance_adaptive1500k_phys_wave3_20260718_bin00_pthat50to75_shard1100_seed1201100	42	qcd_variable_frozen_fragment	10000	0	/uscms_data/d3/iturkmen/hh4b_delphes/parquet_materialized/background_frozen_v2_strict493_materialization_20260724_v1/train/qcd_hardqcd/0080_qcd_hardqcd_importance_adaptive1500k_phys_wave3_20260718_bin00_pthat50to75_shard1100_seed1201100_hh4b_candidates_v2.parquet	a895d60c3634d5e3b0d305fbd8a89c1adb2d7eb2a79f698bc0eff08f3be0ef20	/uscms/home/iturkmen/physical_weight_sidecars/train_candidate_run2_physical_weights_20260731_v1/train_candidate_run2_physical_weights.parquet	d5315ed70bb0298b4fc67e6e8c41437a7457b9b28b10fea2982d95b96275e2d3	30650	30650	0	0	0	True	0	False	no_sidecar_rows_required_for_zero_candidates
hard_qcd	background	qcd_hardqcd	qcd_hardqcd_importance_adaptive1500k_phys_wave3_20260718	qcd_hardqcd_importance_adaptive1500k_phys_wave3_20260718_bin00_pthat50to75_shard1101_seed1201101	43	qcd_variable_frozen_fragment	10000	0	/uscms_data/d3/iturkmen/hh4b_delphes/parquet_materialized/background_frozen_v2_strict493_materialization_20260724_v1/train/qcd_hardqcd/0081_qcd_hardqcd_importance_adaptive1500k_phys_wave3_20260718_bin00_pthat50to75_shard1101_seed1201101_hh4b_candidates_v2.parquet	a895d60c3634d5e3b0d305fbd8a89c1adb2d7eb2a79f698bc0eff08f3be0ef20	/uscms/home/iturkmen/physical_weight_sidecars/train_candidate_run2_physical_weights_20260731_v1/train_candidate_run2_physical_weights.parquet	d5315ed70bb0298b4fc67e6e8c41437a7457b9b28b10fea2982d95b96275e2d3	30650	30650	0	0	0	True	0	False	no_sidecar_rows_required_for_zero_candidates
hard_qcd	background	qcd_hardqcd	qcd_hardqcd_importance_adaptive1500k_phys_wave3_20260718	qcd_hardqcd_importance_adaptive1500k_phys_wave3_20260718_bin01_pthat75to100_shard1106_seed1211106	44	qcd_variable_frozen_fragment	10000	0	/uscms_data/d3/iturkmen/hh4b_delphes/parquet_materialized/background_frozen_v2_strict493_materialization_20260724_v1/train/qcd_hardqcd/0085_qcd_hardqcd_importance_adaptive1500k_phys_wave3_20260718_bin01_pthat75to100_shard1106_seed1211106_hh4b_candidates_v2.parquet	a895d60c3634d5e3b0d305fbd8a89c1adb2d7eb2a79f698bc0eff08f3be0ef20	/uscms/home/iturkmen/physical_weight_sidecars/train_candidate_run2_physical_weights_20260731_v1/train_candidate_run2_physical_weights.parquet	d5315ed70bb0298b4fc67e6e8c41437a7457b9b28b10fea2982d95b96275e2d3	30650	30650	0	0	0	True	0	False	no_sidecar_rows_required_for_zero_candidates
hard_qcd	background	qcd_hardqcd	qcd_hardqcd_importance_adaptive1500k_phys_wave3_20260718	qcd_hardqcd_importance_adaptive1500k_phys_wave3_20260718_bin01_pthat75to100_shard1107_seed1211107	45	qcd_variable_frozen_fragment	10000	0	/uscms_data/d3/iturkmen/hh4b_delphes/parquet_materialized/background_frozen_v2_strict493_materialization_20260724_v1/train/qcd_hardqcd/0086_qcd_hardqcd_importance_adaptive1500k_phys_wave3_20260718_bin01_pthat75to100_shard1107_seed1211107_hh4b_candidates_v2.parquet	a895d60c3634d5e3b0d305fbd8a89c1adb2d7eb2a79f698bc0eff08f3be0ef20	/uscms/home/iturkmen/physical_weight_sidecars/train_candidate_run2_physical_weights_20260731_v1/train_candidate_run2_physical_weights.parquet	d5315ed70bb0298b4fc67e6e8c41437a7457b9b28b10fea2982d95b96275e2d3	30650	30650	0	0	0	True	0	False	no_sidecar_rows_required_for_zero_candidates
hard_qcd	background	qcd_hardqcd	qcd_hardqcd_importance_adaptive1500k_phys_wave3_20260718	qcd_hardqcd_importance_adaptive1500k_phys_wave3_20260718_bin01_pthat75to100_shard1108_seed1211108	46	qcd_variable_frozen_fragment	10000	0	/uscms_data/d3/iturkmen/hh4b_delphes/parquet_materialized/background_frozen_v2_strict493_materialization_20260724_v1/train/qcd_hardqcd/0087_qcd_hardqcd_importance_adaptive1500k_phys_wave3_20260718_bin01_pthat75to100_shard1108_seed1211108_hh4b_candidates_v2.parquet	a895d60c3634d5e3b0d305fbd8a89c1adb2d7eb2a79f698bc0eff08f3be0ef20	/uscms/home/iturkmen/physical_weight_sidecars/train_candidate_run2_physical_weights_20260731_v1/train_candidate_run2_physical_weights.parquet	d5315ed70bb0298b4fc67e6e8c41437a7457b9b28b10fea2982d95b96275e2d3	30650	30650	0	0	0	True	0	False	no_sidecar_rows_required_for_zero_candidates
hard_qcd	background	qcd_hardqcd	qcd_hardqcd_importance_adaptive1500k_phys_wave3_20260718	qcd_hardqcd_importance_adaptive1500k_phys_wave3_20260718_bin01_pthat75to100_shard1109_seed1211109	47	qcd_variable_frozen_fragment	10000	0	/uscms_data/d3/iturkmen/hh4b_delphes/parquet_materialized/background_frozen_v2_strict493_materialization_20260724_v1/train/qcd_hardqcd/0088_qcd_hardqcd_importance_adaptive1500k_phys_wave3_20260718_bin01_pthat75to100_shard1109_seed1211109_hh4b_candidates_v2.parquet	a895d60c3634d5e3b0d305fbd8a89c1adb2d7eb2a79f698bc0eff08f3be0ef20	/uscms/home/iturkmen/physical_weight_sidecars/train_candidate_run2_physical_weights_20260731_v1/train_candidate_run2_physical_weights.parquet	d5315ed70bb0298b4fc67e6e8c41437a7457b9b28b10fea2982d95b96275e2d3	30650	30650	0	0	0	True	0	False	no_sidecar_rows_required_for_zero_candidates
hard_qcd	background	qcd_hardqcd	qcd_hardqcd_importance_adaptive1500k_phys_wave3_20260718	qcd_hardqcd_importance_adaptive1500k_phys_wave3_20260718_bin01_pthat75to100_shard1110_seed1211110	48	qcd_variable_frozen_fragment	10000	0	/uscms_data/d3/iturkmen/hh4b_delphes/parquet_materialized/background_frozen_v2_strict493_materialization_20260724_v1/train/qcd_hardqcd/0089_qcd_hardqcd_importance_adaptive1500k_phys_wave3_20260718_bin01_pthat75to100_shard1110_seed1211110_hh4b_candidates_v2.parquet	a895d60c3634d5e3b0d305fbd8a89c1adb2d7eb2a79f698bc0eff08f3be0ef20	/uscms/home/iturkmen/physical_weight_sidecars/train_candidate_run2_physical_weights_20260731_v1/train_candidate_run2_physical_weights.parquet	d5315ed70bb0298b4fc67e6e8c41437a7457b9b28b10fea2982d95b96275e2d3	30650	30650	0	0	0	True	0	False	no_sidecar_rows_required_for_zero_candidates
hard_qcd	background	qcd_hardqcd	qcd_hardqcd_importance_adaptive1500k_phys_wave3_20260718	qcd_hardqcd_importance_adaptive1500k_phys_wave3_20260718_bin01_pthat75to100_shard1113_seed1211113	49	qcd_variable_frozen_fragment	10000	0	/uscms_data/d3/iturkmen/hh4b_delphes/parquet_materialized/background_frozen_v2_strict493_materialization_20260724_v1/train/qcd_hardqcd/0090_qcd_hardqcd_importance_adaptive1500k_phys_wave3_20260718_bin01_pthat75to100_shard1113_seed1211113_hh4b_candidates_v2.parquet	a895d60c3634d5e3b0d305fbd8a89c1adb2d7eb2a79f698bc0eff08f3be0ef20	/uscms/home/iturkmen/physical_weight_sidecars/train_candidate_run2_physical_weights_20260731_v1/train_candidate_run2_physical_weights.parquet	d5315ed70bb0298b4fc67e6e8c41437a7457b9b28b10fea2982d95b96275e2d3	30650	30650	0	0	0	True	0	False	no_sidecar_rows_required_for_zero_candidates
hard_qcd	background	qcd_hardqcd	qcd_hardqcd_importance_adaptive1500k_phys_wave3_20260718	qcd_hardqcd_importance_adaptive1500k_phys_wave3_20260718_bin01_pthat75to100_shard1114_seed1211114	50	qcd_variable_frozen_fragment	10000	0	/uscms_data/d3/iturkmen/hh4b_delphes/parquet_materialized/background_frozen_v2_strict493_materialization_20260724_v1/train/qcd_hardqcd/0091_qcd_hardqcd_importance_adaptive1500k_phys_wave3_20260718_bin01_pthat75to100_shard1114_seed1211114_hh4b_candidates_v2.parquet	a895d60c3634d5e3b0d305fbd8a89c1adb2d7eb2a79f698bc0eff08f3be0ef20	/uscms/home/iturkmen/physical_weight_sidecars/train_candidate_run2_physical_weights_20260731_v1/train_candidate_run2_physical_weights.parquet	d5315ed70bb0298b4fc67e6e8c41437a7457b9b28b10fea2982d95b96275e2d3	30650	30650	0	0	0	True	0	False	no_sidecar_rows_required_for_zero_candidates
hard_qcd	background	qcd_hardqcd	qcd_hardqcd_importance_adaptive1500k_phys_wave3_20260718	qcd_hardqcd_importance_adaptive1500k_phys_wave3_20260718_bin01_pthat75to100_shard1115_seed1211115	51	qcd_variable_frozen_fragment	10000	0	/uscms_data/d3/iturkmen/hh4b_delphes/parquet_materialized/background_frozen_v2_strict493_materialization_20260724_v1/train/qcd_hardqcd/0092_qcd_hardqcd_importance_adaptive1500k_phys_wave3_20260718_bin01_pthat75to100_shard1115_seed1211115_hh4b_candidates_v2.parquet	a895d60c3634d5e3b0d305fbd8a89c1adb2d7eb2a79f698bc0eff08f3be0ef20	/uscms/home/iturkmen/physical_weight_sidecars/train_candidate_run2_physical_weights_20260731_v1/train_candidate_run2_physical_weights.parquet	d5315ed70bb0298b4fc67e6e8c41437a7457b9b28b10fea2982d95b96275e2d3	30650	30650	0	0	0	True	0	False	no_sidecar_rows_required_for_zero_candidates
hard_qcd	background	qcd_hardqcd	qcd_hardqcd_importance_adaptive1500k_phys_wave3_20260718	qcd_hardqcd_importance_adaptive1500k_phys_wave3_20260718_bin01_pthat75to100_shard1116_seed1211116	52	qcd_variable_frozen_fragment	10000	0	/uscms_data/d3/iturkmen/hh4b_delphes/parquet_materialized/background_frozen_v2_strict493_materialization_20260724_v1/train/qcd_hardqcd/0093_qcd_hardqcd_importance_adaptive1500k_phys_wave3_20260718_bin01_pthat75to100_shard1116_seed1211116_hh4b_candidates_v2.parquet	a895d60c3634d5e3b0d305fbd8a89c1adb2d7eb2a79f698bc0eff08f3be0ef20	/uscms/home/iturkmen/physical_weight_sidecars/train_candidate_run2_physical_weights_20260731_v1/train_candidate_run2_physical_weights.parquet	d5315ed70bb0298b4fc67e6e8c41437a7457b9b28b10fea2982d95b96275e2d3	30650	30650	0	0	0	True	0	False	no_sidecar_rows_required_for_zero_candidates
hard_qcd	background	qcd_hardqcd	qcd_hardqcd_importance_adaptive1500k_phys_wave3_20260718	qcd_hardqcd_importance_adaptive1500k_phys_wave3_20260718_bin01_pthat75to100_shard1117_seed1211117	53	qcd_variable_frozen_fragment	10000	0	/uscms_data/d3/iturkmen/hh4b_delphes/parquet_materialized/background_frozen_v2_strict493_materialization_20260724_v1/train/qcd_hardqcd/0094_qcd_hardqcd_importance_adaptive1500k_phys_wave3_20260718_bin01_pthat75to100_shard1117_seed1211117_hh4b_candidates_v2.parquet	a895d60c3634d5e3b0d305fbd8a89c1adb2d7eb2a79f698bc0eff08f3be0ef20	/uscms/home/iturkmen/physical_weight_sidecars/train_candidate_run2_physical_weights_20260731_v1/train_candidate_run2_physical_weights.parquet	d5315ed70bb0298b4fc67e6e8c41437a7457b9b28b10fea2982d95b96275e2d3	30650	30650	0	0	0	True	0	False	no_sidecar_rows_required_for_zero_candidates
hard_qcd	background	qcd_hardqcd	qcd_hardqcd_importance_adaptive1500k_phys_wave3_20260718	qcd_hardqcd_importance_adaptive1500k_phys_wave3_20260718_bin01_pthat75to100_shard1121_seed1211121	54	qcd_variable_frozen_fragment	10000	0	/uscms_data/d3/iturkmen/hh4b_delphes/parquet_materialized/background_frozen_v2_strict493_materialization_20260724_v1/train/qcd_hardqcd/0096_qcd_hardqcd_importance_adaptive1500k_phys_wave3_20260718_bin01_pthat75to100_shard1121_seed1211121_hh4b_candidates_v2.parquet	a895d60c3634d5e3b0d305fbd8a89c1adb2d7eb2a79f698bc0eff08f3be0ef20	/uscms/home/iturkmen/physical_weight_sidecars/train_candidate_run2_physical_weights_20260731_v1/train_candidate_run2_physical_weights.parquet	d5315ed70bb0298b4fc67e6e8c41437a7457b9b28b10fea2982d95b96275e2d3	30650	30650	0	0	0	True	0	False	no_sidecar_rows_required_for_zero_candidates
hard_qcd	background	qcd_hardqcd	qcd_hardqcd_importance_adaptive1500k_phys_wave3_20260718	qcd_hardqcd_importance_adaptive1500k_phys_wave3_20260718_bin01_pthat75to100_shard1122_seed1211122	55	qcd_variable_frozen_fragment	10000	0	/uscms_data/d3/iturkmen/hh4b_delphes/parquet_materialized/background_frozen_v2_strict493_materialization_20260724_v1/train/qcd_hardqcd/0097_qcd_hardqcd_importance_adaptive1500k_phys_wave3_20260718_bin01_pthat75to100_shard1122_seed1211122_hh4b_candidates_v2.parquet	a895d60c3634d5e3b0d305fbd8a89c1adb2d7eb2a79f698bc0eff08f3be0ef20	/uscms/home/iturkmen/physical_weight_sidecars/train_candidate_run2_physical_weights_20260731_v1/train_candidate_run2_physical_weights.parquet	d5315ed70bb0298b4fc67e6e8c41437a7457b9b28b10fea2982d95b96275e2d3	30650	30650	0	0	0	True	0	False	no_sidecar_rows_required_for_zero_candidates
hard_qcd	background	qcd_hardqcd	qcd_hardqcd_importance_adaptive1500k_phys_wave3_20260718	qcd_hardqcd_importance_adaptive1500k_phys_wave3_20260718_bin01_pthat75to100_shard1123_seed1211123	56	qcd_variable_frozen_fragment	10000	0	/uscms_data/d3/iturkmen/hh4b_delphes/parquet_materialized/background_frozen_v2_strict493_materialization_20260724_v1/train/qcd_hardqcd/0098_qcd_hardqcd_importance_adaptive1500k_phys_wave3_20260718_bin01_pthat75to100_shard1123_seed1211123_hh4b_candidates_v2.parquet	a895d60c3634d5e3b0d305fbd8a89c1adb2d7eb2a79f698bc0eff08f3be0ef20	/uscms/home/iturkmen/physical_weight_sidecars/train_candidate_run2_physical_weights_20260731_v1/train_candidate_run2_physical_weights.parquet	d5315ed70bb0298b4fc67e6e8c41437a7457b9b28b10fea2982d95b96275e2d3	30650	30650	0	0	0	True	0	False	no_sidecar_rows_required_for_zero_candidates
hard_qcd	background	qcd_hardqcd	qcd_hardqcd_importance_adaptive1500k_phys_wave3_20260718	qcd_hardqcd_importance_adaptive1500k_phys_wave3_20260718_bin01_pthat75to100_shard1125_seed1211125	57	qcd_variable_frozen_fragment	10000	0	/uscms_data/d3/iturkmen/hh4b_delphes/parquet_materialized/background_frozen_v2_strict493_materialization_20260724_v1/train/qcd_hardqcd/0099_qcd_hardqcd_importance_adaptive1500k_phys_wave3_20260718_bin01_pthat75to100_shard1125_seed1211125_hh4b_candidates_v2.parquet	a895d60c3634d5e3b0d305fbd8a89c1adb2d7eb2a79f698bc0eff08f3be0ef20	/uscms/home/iturkmen/physical_weight_sidecars/train_candidate_run2_physical_weights_20260731_v1/train_candidate_run2_physical_weights.parquet	d5315ed70bb0298b4fc67e6e8c41437a7457b9b28b10fea2982d95b96275e2d3	30650	30650	0	0	0	True	0	False	no_sidecar_rows_required_for_zero_candidates
hard_qcd	background	qcd_hardqcd	qcd_hardqcd_importance_adaptive1500k_phys_wave3_20260718	qcd_hardqcd_importance_adaptive1500k_phys_wave3_20260718_bin01_pthat75to100_shard1126_seed1211126	58	qcd_variable_frozen_fragment	10000	0	/uscms_data/d3/iturkmen/hh4b_delphes/parquet_materialized/background_frozen_v2_strict493_materialization_20260724_v1/train/qcd_hardqcd/0100_qcd_hardqcd_importance_adaptive1500k_phys_wave3_20260718_bin01_pthat75to100_shard1126_seed1211126_hh4b_candidates_v2.parquet	a895d60c3634d5e3b0d305fbd8a89c1adb2d7eb2a79f698bc0eff08f3be0ef20	/uscms/home/iturkmen/physical_weight_sidecars/train_candidate_run2_physical_weights_20260731_v1/train_candidate_run2_physical_weights.parquet	d5315ed70bb0298b4fc67e6e8c41437a7457b9b28b10fea2982d95b96275e2d3	30650	30650	0	0	0	True	0	False	no_sidecar_rows_required_for_zero_candidates
hard_qcd	background	qcd_hardqcd	qcd_hardqcd_importance_adaptive1500k_phys_wave3_20260718	qcd_hardqcd_importance_adaptive1500k_phys_wave3_20260718_bin01_pthat75to100_shard1127_seed1211127	59	qcd_variable_frozen_fragment	10000	0	/uscms_data/d3/iturkmen/hh4b_delphes/parquet_materialized/background_frozen_v2_strict493_materialization_20260724_v1/train/qcd_hardqcd/0101_qcd_hardqcd_importance_adaptive1500k_phys_wave3_20260718_bin01_pthat75to100_shard1127_seed1211127_hh4b_candidates_v2.parquet	a895d60c3634d5e3b0d305fbd8a89c1adb2d7eb2a79f698bc0eff08f3be0ef20	/uscms/home/iturkmen/physical_weight_sidecars/train_candidate_run2_physical_weights_20260731_v1/train_candidate_run2_physical_weights.parquet	d5315ed70bb0298b4fc67e6e8c41437a7457b9b28b10fea2982d95b96275e2d3	30650	30650	0	0	0	True	0	False	no_sidecar_rows_required_for_zero_candidates
hard_qcd	background	qcd_hardqcd	qcd_hardqcd_importance_adaptive1500k_phys_wave3_20260718	qcd_hardqcd_importance_adaptive1500k_phys_wave3_20260718_bin01_pthat75to100_shard1131_seed1211131	60	qcd_variable_frozen_fragment	10000	0	/uscms_data/d3/iturkmen/hh4b_delphes/parquet_materialized/background_frozen_v2_strict493_materialization_20260724_v1/train/qcd_hardqcd/0104_qcd_hardqcd_importance_adaptive1500k_phys_wave3_20260718_bin01_pthat75to100_shard1131_seed1211131_hh4b_candidates_v2.parquet	a895d60c3634d5e3b0d305fbd8a89c1adb2d7eb2a79f698bc0eff08f3be0ef20	/uscms/home/iturkmen/physical_weight_sidecars/train_candidate_run2_physical_weights_20260731_v1/train_candidate_run2_physical_weights.parquet	d5315ed70bb0298b4fc67e6e8c41437a7457b9b28b10fea2982d95b96275e2d3	30650	30650	0	0	0	True	0	False	no_sidecar_rows_required_for_zero_candidates
hard_qcd	background	qcd_hardqcd	qcd_hardqcd_importance_adaptive1500k_phys_wave3_20260718	qcd_hardqcd_importance_adaptive1500k_phys_wave3_20260718_bin01_pthat75to100_shard1133_seed1211133	61	qcd_variable_frozen_fragment	10000	0	/uscms_data/d3/iturkmen/hh4b_delphes/parquet_materialized/background_frozen_v2_strict493_materialization_20260724_v1/train/qcd_hardqcd/0105_qcd_hardqcd_importance_adaptive1500k_phys_wave3_20260718_bin01_pthat75to100_shard1133_seed1211133_hh4b_candidates_v2.parquet	a895d60c3634d5e3b0d305fbd8a89c1adb2d7eb2a79f698bc0eff08f3be0ef20	/uscms/home/iturkmen/physical_weight_sidecars/train_candidate_run2_physical_weights_20260731_v1/train_candidate_run2_physical_weights.parquet	d5315ed70bb0298b4fc67e6e8c41437a7457b9b28b10fea2982d95b96275e2d3	30650	30650	0	0	0	True	0	False	no_sidecar_rows_required_for_zero_candidates
hard_qcd	background	qcd_hardqcd	qcd_hardqcd_importance_adaptive1500k_phys_wave3_20260718	qcd_hardqcd_importance_adaptive1500k_phys_wave3_20260718_bin01_pthat75to100_shard1134_seed1211134	62	qcd_variable_frozen_fragment	10000	0	/uscms_data/d3/iturkmen/hh4b_delphes/parquet_materialized/background_frozen_v2_strict493_materialization_20260724_v1/train/qcd_hardqcd/0106_qcd_hardqcd_importance_adaptive1500k_phys_wave3_20260718_bin01_pthat75to100_shard1134_seed1211134_hh4b_candidates_v2.parquet	a895d60c3634d5e3b0d305fbd8a89c1adb2d7eb2a79f698bc0eff08f3be0ef20	/uscms/home/iturkmen/physical_weight_sidecars/train_candidate_run2_physical_weights_20260731_v1/train_candidate_run2_physical_weights.parquet	d5315ed70bb0298b4fc67e6e8c41437a7457b9b28b10fea2982d95b96275e2d3	30650	30650	0	0	0	True	0	False	no_sidecar_rows_required_for_zero_candidates
hard_qcd	background	qcd_hardqcd	qcd_hardqcd_importance_adaptive1500k_phys_wave3_20260718	qcd_hardqcd_importance_adaptive1500k_phys_wave3_20260718_bin01_pthat75to100_shard1135_seed1211135	63	qcd_variable_frozen_fragment	10000	0	/uscms_data/d3/iturkmen/hh4b_delphes/parquet_materialized/background_frozen_v2_strict493_materialization_20260724_v1/train/qcd_hardqcd/0107_qcd_hardqcd_importance_adaptive1500k_phys_wave3_20260718_bin01_pthat75to100_shard1135_seed1211135_hh4b_candidates_v2.parquet	a895d60c3634d5e3b0d305fbd8a89c1adb2d7eb2a79f698bc0eff08f3be0ef20	/uscms/home/iturkmen/physical_weight_sidecars/train_candidate_run2_physical_weights_20260731_v1/train_candidate_run2_physical_weights.parquet	d5315ed70bb0298b4fc67e6e8c41437a7457b9b28b10fea2982d95b96275e2d3	30650	30650	0	0	0	True	0	False	no_sidecar_rows_required_for_zero_candidates
hard_qcd	background	qcd_hardqcd	qcd_hardqcd_importance_adaptive1500k_phys_wave3_20260718	qcd_hardqcd_importance_adaptive1500k_phys_wave3_20260718_bin01_pthat75to100_shard1136_seed1211136	64	qcd_variable_frozen_fragment	10000	0	/uscms_data/d3/iturkmen/hh4b_delphes/parquet_materialized/background_frozen_v2_strict493_materialization_20260724_v1/train/qcd_hardqcd/0108_qcd_hardqcd_importance_adaptive1500k_phys_wave3_20260718_bin01_pthat75to100_shard1136_seed1211136_hh4b_candidates_v2.parquet	a895d60c3634d5e3b0d305fbd8a89c1adb2d7eb2a79f698bc0eff08f3be0ef20	/uscms/home/iturkmen/physical_weight_sidecars/train_candidate_run2_physical_weights_20260731_v1/train_candidate_run2_physical_weights.parquet	d5315ed70bb0298b4fc67e6e8c41437a7457b9b28b10fea2982d95b96275e2d3	30650	30650	0	0	0	True	0	False	no_sidecar_rows_required_for_zero_candidates
hard_qcd	background	qcd_hardqcd	qcd_hardqcd_importance_adaptive1500k_phys_wave3_20260718	qcd_hardqcd_importance_adaptive1500k_phys_wave3_20260718_bin01_pthat75to100_shard1137_seed1211137	65	qcd_variable_frozen_fragment	10000	0	/uscms_data/d3/iturkmen/hh4b_delphes/parquet_materialized/background_frozen_v2_strict493_materialization_20260724_v1/train/qcd_hardqcd/0109_qcd_hardqcd_importance_adaptive1500k_phys_wave3_20260718_bin01_pthat75to100_shard1137_seed1211137_hh4b_candidates_v2.parquet	a895d60c3634d5e3b0d305fbd8a89c1adb2d7eb2a79f698bc0eff08f3be0ef20	/uscms/home/iturkmen/physical_weight_sidecars/train_candidate_run2_physical_weights_20260731_v1/train_candidate_run2_physical_weights.parquet	d5315ed70bb0298b4fc67e6e8c41437a7457b9b28b10fea2982d95b96275e2d3	30650	30650	0	0	0	True	0	False	no_sidecar_rows_required_for_zero_candidates
hard_qcd	background	qcd_hardqcd	qcd_hardqcd_importance_adaptive1500k_phys_wave3_20260718	qcd_hardqcd_importance_adaptive1500k_phys_wave3_20260718_bin01_pthat75to100_shard1139_seed1211139	66	qcd_variable_frozen_fragment	10000	0	/uscms_data/d3/iturkmen/hh4b_delphes/parquet_materialized/background_frozen_v2_strict493_materialization_20260724_v1/train/qcd_hardqcd/0110_qcd_hardqcd_importance_adaptive1500k_phys_wave3_20260718_bin01_pthat75to100_shard1139_seed1211139_hh4b_candidates_v2.parquet	a895d60c3634d5e3b0d305fbd8a89c1adb2d7eb2a79f698bc0eff08f3be0ef20	/uscms/home/iturkmen/physical_weight_sidecars/train_candidate_run2_physical_weights_20260731_v1/train_candidate_run2_physical_weights.parquet	d5315ed70bb0298b4fc67e6e8c41437a7457b9b28b10fea2982d95b96275e2d3	30650	30650	0	0	0	True	0	False	no_sidecar_rows_required_for_zero_candidates
hard_qcd	background	qcd_hardqcd	qcd_hardqcd_importance_adaptive1500k_phys_wave3_20260718	qcd_hardqcd_importance_adaptive1500k_phys_wave3_20260718_bin01_pthat75to100_shard1140_seed1211140	67	qcd_variable_frozen_fragment	10000	0	/uscms_data/d3/iturkmen/hh4b_delphes/parquet_materialized/background_frozen_v2_strict493_materialization_20260724_v1/train/qcd_hardqcd/0111_qcd_hardqcd_importance_adaptive1500k_phys_wave3_20260718_bin01_pthat75to100_shard1140_seed1211140_hh4b_candidates_v2.parquet	a895d60c3634d5e3b0d305fbd8a89c1adb2d7eb2a79f698bc0eff08f3be0ef20	/uscms/home/iturkmen/physical_weight_sidecars/train_candidate_run2_physical_weights_20260731_v1/train_candidate_run2_physical_weights.parquet	d5315ed70bb0298b4fc67e6e8c41437a7457b9b28b10fea2982d95b96275e2d3	30650	30650	0	0	0	True	0	False	no_sidecar_rows_required_for_zero_candidates
hard_qcd	background	qcd_hardqcd	qcd_hardqcd_importance_adaptive1500k_phys_wave3_20260718	qcd_hardqcd_importance_adaptive1500k_phys_wave3_20260718_bin01_pthat75to100_shard1141_seed1211141	68	qcd_variable_frozen_fragment	10000	0	/uscms_data/d3/iturkmen/hh4b_delphes/parquet_materialized/background_frozen_v2_strict493_materialization_20260724_v1/train/qcd_hardqcd/0112_qcd_hardqcd_importance_adaptive1500k_phys_wave3_20260718_bin01_pthat75to100_shard1141_seed1211141_hh4b_candidates_v2.parquet	a895d60c3634d5e3b0d305fbd8a89c1adb2d7eb2a79f698bc0eff08f3be0ef20	/uscms/home/iturkmen/physical_weight_sidecars/train_candidate_run2_physical_weights_20260731_v1/train_candidate_run2_physical_weights.parquet	d5315ed70bb0298b4fc67e6e8c41437a7457b9b28b10fea2982d95b96275e2d3	30650	30650	0	0	0	True	0	False	no_sidecar_rows_required_for_zero_candidates
hard_qcd	background	qcd_hardqcd	qcd_hardqcd_importance_adaptive1500k_phys_wave3_20260718	qcd_hardqcd_importance_adaptive1500k_phys_wave3_20260718_bin01_pthat75to100_shard1142_seed1211142	69	qcd_variable_frozen_fragment	10000	0	/uscms_data/d3/iturkmen/hh4b_delphes/parquet_materialized/background_frozen_v2_strict493_materialization_20260724_v1/train/qcd_hardqcd/0113_qcd_hardqcd_importance_adaptive1500k_phys_wave3_20260718_bin01_pthat75to100_shard1142_seed1211142_hh4b_candidates_v2.parquet	a895d60c3634d5e3b0d305fbd8a89c1adb2d7eb2a79f698bc0eff08f3be0ef20	/uscms/home/iturkmen/physical_weight_sidecars/train_candidate_run2_physical_weights_20260731_v1/train_candidate_run2_physical_weights.parquet	d5315ed70bb0298b4fc67e6e8c41437a7457b9b28b10fea2982d95b96275e2d3	30650	30650	0	0	0	True	0	False	no_sidecar_rows_required_for_zero_candidates
hard_qcd	background	qcd_hardqcd	qcd_hardqcd_importance_adaptive1500k_phys_wave3_20260718	qcd_hardqcd_importance_adaptive1500k_phys_wave3_20260718_bin01_pthat75to100_shard1143_seed1211143	70	qcd_variable_frozen_fragment	10000	0	/uscms_data/d3/iturkmen/hh4b_delphes/parquet_materialized/background_frozen_v2_strict493_materialization_20260724_v1/train/qcd_hardqcd/0114_qcd_hardqcd_importance_adaptive1500k_phys_wave3_20260718_bin01_pthat75to100_shard1143_seed1211143_hh4b_candidates_v2.parquet	a895d60c3634d5e3b0d305fbd8a89c1adb2d7eb2a79f698bc0eff08f3be0ef20	/uscms/home/iturkmen/physical_weight_sidecars/train_candidate_run2_physical_weights_20260731_v1/train_candidate_run2_physical_weights.parquet	d5315ed70bb0298b4fc67e6e8c41437a7457b9b28b10fea2982d95b96275e2d3	30650	30650	0	0	0	True	0	False	no_sidecar_rows_required_for_zero_candidates
hard_qcd	background	qcd_hardqcd	qcd_hardqcd_importance_adaptive1500k_phys_wave3_20260718	qcd_hardqcd_importance_adaptive1500k_phys_wave3_20260718_bin01_pthat75to100_shard1144_seed1211144	71	qcd_variable_frozen_fragment	10000	0	/uscms_data/d3/iturkmen/hh4b_delphes/parquet_materialized/background_frozen_v2_strict493_materialization_20260724_v1/train/qcd_hardqcd/0115_qcd_hardqcd_importance_adaptive1500k_phys_wave3_20260718_bin01_pthat75to100_shard1144_seed1211144_hh4b_candidates_v2.parquet	a895d60c3634d5e3b0d305fbd8a89c1adb2d7eb2a79f698bc0eff08f3be0ef20	/uscms/home/iturkmen/physical_weight_sidecars/train_candidate_run2_physical_weights_20260731_v1/train_candidate_run2_physical_weights.parquet	d5315ed70bb0298b4fc67e6e8c41437a7457b9b28b10fea2982d95b96275e2d3	30650	30650	0	0	0	True	0	False	no_sidecar_rows_required_for_zero_candidates
hard_qcd	background	qcd_hardqcd	qcd_hardqcd_importance_adaptive1500k_phys_wave3_20260718	qcd_hardqcd_importance_adaptive1500k_phys_wave3_20260718_bin01_pthat75to100_shard1145_seed1211145	72	qcd_variable_frozen_fragment	10000	0	/uscms_data/d3/iturkmen/hh4b_delphes/parquet_materialized/background_frozen_v2_strict493_materialization_20260724_v1/train/qcd_hardqcd/0116_qcd_hardqcd_importance_adaptive1500k_phys_wave3_20260718_bin01_pthat75to100_shard1145_seed1211145_hh4b_candidates_v2.parquet	a895d60c3634d5e3b0d305fbd8a89c1adb2d7eb2a79f698bc0eff08f3be0ef20	/uscms/home/iturkmen/physical_weight_sidecars/train_candidate_run2_physical_weights_20260731_v1/train_candidate_run2_physical_weights.parquet	d5315ed70bb0298b4fc67e6e8c41437a7457b9b28b10fea2982d95b96275e2d3	30650	30650	0	0	0	True	0	False	no_sidecar_rows_required_for_zero_candidates
hard_qcd	background	qcd_hardqcd	qcd_hardqcd_importance_adaptive1500k_phys_wave3_20260718	qcd_hardqcd_importance_adaptive1500k_phys_wave3_20260718_bin01_pthat75to100_shard1146_seed1211146	73	qcd_variable_frozen_fragment	10000	0	/uscms_data/d3/iturkmen/hh4b_delphes/parquet_materialized/background_frozen_v2_strict493_materialization_20260724_v1/train/qcd_hardqcd/0117_qcd_hardqcd_importance_adaptive1500k_phys_wave3_20260718_bin01_pthat75to100_shard1146_seed1211146_hh4b_candidates_v2.parquet	a895d60c3634d5e3b0d305fbd8a89c1adb2d7eb2a79f698bc0eff08f3be0ef20	/uscms/home/iturkmen/physical_weight_sidecars/train_candidate_run2_physical_weights_20260731_v1/train_candidate_run2_physical_weights.parquet	d5315ed70bb0298b4fc67e6e8c41437a7457b9b28b10fea2982d95b96275e2d3	30650	30650	0	0	0	True	0	False	no_sidecar_rows_required_for_zero_candidates
hard_qcd	background	qcd_hardqcd	qcd_hardqcd_importance_adaptive1500k_phys_wave3_20260718	qcd_hardqcd_importance_adaptive1500k_phys_wave3_20260718_bin01_pthat75to100_shard1147_seed1211147	74	qcd_variable_frozen_fragment	10000	0	/uscms_data/d3/iturkmen/hh4b_delphes/parquet_materialized/background_frozen_v2_strict493_materialization_20260724_v1/train/qcd_hardqcd/0118_qcd_hardqcd_importance_adaptive1500k_phys_wave3_20260718_bin01_pthat75to100_shard1147_seed1211147_hh4b_candidates_v2.parquet	a895d60c3634d5e3b0d305fbd8a89c1adb2d7eb2a79f698bc0eff08f3be0ef20	/uscms/home/iturkmen/physical_weight_sidecars/train_candidate_run2_physical_weights_20260731_v1/train_candidate_run2_physical_weights.parquet	d5315ed70bb0298b4fc67e6e8c41437a7457b9b28b10fea2982d95b96275e2d3	30650	30650	0	0	0	True	0	False	no_sidecar_rows_required_for_zero_candidates
hard_qcd	background	qcd_hardqcd	qcd_hardqcd_importance_adaptive1500k_phys_wave3_20260718	qcd_hardqcd_importance_adaptive1500k_phys_wave3_20260718_bin01_pthat75to100_shard1148_seed1211148	75	qcd_variable_frozen_fragment	10000	0	/uscms_data/d3/iturkmen/hh4b_delphes/parquet_materialized/background_frozen_v2_strict493_materialization_20260724_v1/train/qcd_hardqcd/0119_qcd_hardqcd_importance_adaptive1500k_phys_wave3_20260718_bin01_pthat75to100_shard1148_seed1211148_hh4b_candidates_v2.parquet	a895d60c3634d5e3b0d305fbd8a89c1adb2d7eb2a79f698bc0eff08f3be0ef20	/uscms/home/iturkmen/physical_weight_sidecars/train_candidate_run2_physical_weights_20260731_v1/train_candidate_run2_physical_weights.parquet	d5315ed70bb0298b4fc67e6e8c41437a7457b9b28b10fea2982d95b96275e2d3	30650	30650	0	0	0	True	0	False	no_sidecar_rows_required_for_zero_candidates
hard_qcd	background	qcd_hardqcd	qcd_hardqcd_importance_adaptive1500k_phys_wave3_20260718	qcd_hardqcd_importance_adaptive1500k_phys_wave3_20260718_bin01_pthat75to100_shard1149_seed1211149	76	qcd_variable_frozen_fragment	10000	0	/uscms_data/d3/iturkmen/hh4b_delphes/parquet_materialized/background_frozen_v2_strict493_materialization_20260724_v1/train/qcd_hardqcd/0120_qcd_hardqcd_importance_adaptive1500k_phys_wave3_20260718_bin01_pthat75to100_shard1149_seed1211149_hh4b_candidates_v2.parquet	a895d60c3634d5e3b0d305fbd8a89c1adb2d7eb2a79f698bc0eff08f3be0ef20	/uscms/home/iturkmen/physical_weight_sidecars/train_candidate_run2_physical_weights_20260731_v1/train_candidate_run2_physical_weights.parquet	d5315ed70bb0298b4fc67e6e8c41437a7457b9b28b10fea2982d95b96275e2d3	30650	30650	0	0	0	True	0	False	no_sidecar_rows_required_for_zero_candidates
hard_qcd	background	qcd_hardqcd	qcd_hardqcd_importance_adaptive500k_phys_20260717_0022	qcd_hardqcd_importance_adaptive500k_phys_20260717_0022_bin00_pthat50to75_shard1819_seed1201819	77	qcd_variable_frozen_fragment	10000	0	/uscms_data/d3/iturkmen/hh4b_delphes/parquet_materialized/background_frozen_v2_strict493_materialization_20260724_v1/train/qcd_hardqcd/0146_qcd_hardqcd_importance_adaptive500k_phys_20260717_0022_bin00_pthat50to75_shard1819_seed1201819_hh4b_candidates_v2.parquet	a895d60c3634d5e3b0d305fbd8a89c1adb2d7eb2a79f698bc0eff08f3be0ef20	/uscms/home/iturkmen/physical_weight_sidecars/train_candidate_run2_physical_weights_20260731_v1/train_candidate_run2_physical_weights.parquet	d5315ed70bb0298b4fc67e6e8c41437a7457b9b28b10fea2982d95b96275e2d3	30650	30650	0	0	0	True	0	False	no_sidecar_rows_required_for_zero_candidates
hard_qcd	background	qcd_hardqcd	qcd_hardqcd_importance_adaptive500k_phys_20260717_0022	qcd_hardqcd_importance_adaptive500k_phys_20260717_0022_bin00_pthat50to75_shard1820_seed1201820	78	qcd_variable_frozen_fragment	10000	0	/uscms_data/d3/iturkmen/hh4b_delphes/parquet_materialized/background_frozen_v2_strict493_materialization_20260724_v1/train/qcd_hardqcd/0147_qcd_hardqcd_importance_adaptive500k_phys_20260717_0022_bin00_pthat50to75_shard1820_seed1201820_hh4b_candidates_v2.parquet	a895d60c3634d5e3b0d305fbd8a89c1adb2d7eb2a79f698bc0eff08f3be0ef20	/uscms/home/iturkmen/physical_weight_sidecars/train_candidate_run2_physical_weights_20260731_v1/train_candidate_run2_physical_weights.parquet	d5315ed70bb0298b4fc67e6e8c41437a7457b9b28b10fea2982d95b96275e2d3	30650	30650	0	0	0	True	0	False	no_sidecar_rows_required_for_zero_candidates
hard_qcd	background	qcd_hardqcd	qcd_hardqcd_importance_adaptive500k_phys_20260717_0022	qcd_hardqcd_importance_adaptive500k_phys_20260717_0022_bin00_pthat50to75_shard1821_seed1201821	79	qcd_variable_frozen_fragment	10000	0	/uscms_data/d3/iturkmen/hh4b_delphes/parquet_materialized/background_frozen_v2_strict493_materialization_20260724_v1/train/qcd_hardqcd/0148_qcd_hardqcd_importance_adaptive500k_phys_20260717_0022_bin00_pthat50to75_shard1821_seed1201821_hh4b_candidates_v2.parquet	a895d60c3634d5e3b0d305fbd8a89c1adb2d7eb2a79f698bc0eff08f3be0ef20	/uscms/home/iturkmen/physical_weight_sidecars/train_candidate_run2_physical_weights_20260731_v1/train_candidate_run2_physical_weights.parquet	d5315ed70bb0298b4fc67e6e8c41437a7457b9b28b10fea2982d95b96275e2d3	30650	30650	0	0	0	True	0	False	no_sidecar_rows_required_for_zero_candidates
hard_qcd	background	qcd_hardqcd	qcd_hardqcd_importance_adaptive500k_phys_20260717_0022	qcd_hardqcd_importance_adaptive500k_phys_20260717_0022_bin00_pthat50to75_shard1822_seed1201822	80	qcd_variable_frozen_fragment	10000	0	/uscms_data/d3/iturkmen/hh4b_delphes/parquet_materialized/background_frozen_v2_strict493_materialization_20260724_v1/train/qcd_hardqcd/0149_qcd_hardqcd_importance_adaptive500k_phys_20260717_0022_bin00_pthat50to75_shard1822_seed1201822_hh4b_candidates_v2.parquet	a895d60c3634d5e3b0d305fbd8a89c1adb2d7eb2a79f698bc0eff08f3be0ef20	/uscms/home/iturkmen/physical_weight_sidecars/train_candidate_run2_physical_weights_20260731_v1/train_candidate_run2_physical_weights.parquet	d5315ed70bb0298b4fc67e6e8c41437a7457b9b28b10fea2982d95b96275e2d3	30650	30650	0	0	0	True	0	False	no_sidecar_rows_required_for_zero_candidates
hard_qcd	background	qcd_hardqcd	qcd_hardqcd_importance_adaptive500k_phys_20260717_0022	qcd_hardqcd_importance_adaptive500k_phys_20260717_0022_bin00_pthat50to75_shard1824_seed1201824	81	qcd_variable_frozen_fragment	10000	0	/uscms_data/d3/iturkmen/hh4b_delphes/parquet_materialized/background_frozen_v2_strict493_materialization_20260724_v1/train/qcd_hardqcd/0151_qcd_hardqcd_importance_adaptive500k_phys_20260717_0022_bin00_pthat50to75_shard1824_seed1201824_hh4b_candidates_v2.parquet	a895d60c3634d5e3b0d305fbd8a89c1adb2d7eb2a79f698bc0eff08f3be0ef20	/uscms/home/iturkmen/physical_weight_sidecars/train_candidate_run2_physical_weights_20260731_v1/train_candidate_run2_physical_weights.parquet	d5315ed70bb0298b4fc67e6e8c41437a7457b9b28b10fea2982d95b96275e2d3	30650	30650	0	0	0	True	0	False	no_sidecar_rows_required_for_zero_candidates
hard_qcd	background	qcd_hardqcd	qcd_hardqcd_importance_adaptive500k_phys_20260717_0022	qcd_hardqcd_importance_adaptive500k_phys_20260717_0022_bin00_pthat50to75_shard1825_seed1201825	82	qcd_variable_frozen_fragment	10000	0	/uscms_data/d3/iturkmen/hh4b_delphes/parquet_materialized/background_frozen_v2_strict493_materialization_20260724_v1/train/qcd_hardqcd/0152_qcd_hardqcd_importance_adaptive500k_phys_20260717_0022_bin00_pthat50to75_shard1825_seed1201825_hh4b_candidates_v2.parquet	a895d60c3634d5e3b0d305fbd8a89c1adb2d7eb2a79f698bc0eff08f3be0ef20	/uscms/home/iturkmen/physical_weight_sidecars/train_candidate_run2_physical_weights_20260731_v1/train_candidate_run2_physical_weights.parquet	d5315ed70bb0298b4fc67e6e8c41437a7457b9b28b10fea2982d95b96275e2d3	30650	30650	0	0	0	True	0	False	no_sidecar_rows_required_for_zero_candidates
hard_qcd	background	qcd_hardqcd	qcd_hardqcd_importance_adaptive500k_phys_20260717_0022	qcd_hardqcd_importance_adaptive500k_phys_20260717_0022_bin00_pthat50to75_shard1826_seed1201826	83	qcd_variable_frozen_fragment	10000	0	/uscms_data/d3/iturkmen/hh4b_delphes/parquet_materialized/background_frozen_v2_strict493_materialization_20260724_v1/train/qcd_hardqcd/0153_qcd_hardqcd_importance_adaptive500k_phys_20260717_0022_bin00_pthat50to75_shard1826_seed1201826_hh4b_candidates_v2.parquet	a895d60c3634d5e3b0d305fbd8a89c1adb2d7eb2a79f698bc0eff08f3be0ef20	/uscms/home/iturkmen/physical_weight_sidecars/train_candidate_run2_physical_weights_20260731_v1/train_candidate_run2_physical_weights.parquet	d5315ed70bb0298b4fc67e6e8c41437a7457b9b28b10fea2982d95b96275e2d3	30650	30650	0	0	0	True	0	False	no_sidecar_rows_required_for_zero_candidates
hard_qcd	background	qcd_hardqcd	qcd_hardqcd_importance_adaptive500k_phys_20260717_0022	qcd_hardqcd_importance_adaptive500k_phys_20260717_0022_bin00_pthat50to75_shard1828_seed1201828	84	qcd_variable_frozen_fragment	10000	0	/uscms_data/d3/iturkmen/hh4b_delphes/parquet_materialized/background_frozen_v2_strict493_materialization_20260724_v1/train/qcd_hardqcd/0155_qcd_hardqcd_importance_adaptive500k_phys_20260717_0022_bin00_pthat50to75_shard1828_seed1201828_hh4b_candidates_v2.parquet	a895d60c3634d5e3b0d305fbd8a89c1adb2d7eb2a79f698bc0eff08f3be0ef20	/uscms/home/iturkmen/physical_weight_sidecars/train_candidate_run2_physical_weights_20260731_v1/train_candidate_run2_physical_weights.parquet	d5315ed70bb0298b4fc67e6e8c41437a7457b9b28b10fea2982d95b96275e2d3	30650	30650	0	0	0	True	0	False	no_sidecar_rows_required_for_zero_candidates
hard_qcd	background	qcd_hardqcd	qcd_hardqcd_importance_adaptive500k_phys_20260717_0022	qcd_hardqcd_importance_adaptive500k_phys_20260717_0022_bin00_pthat50to75_shard1830_seed1201830	85	qcd_variable_frozen_fragment	10000	0	/uscms_data/d3/iturkmen/hh4b_delphes/parquet_materialized/background_frozen_v2_strict493_materialization_20260724_v1/train/qcd_hardqcd/0156_qcd_hardqcd_importance_adaptive500k_phys_20260717_0022_bin00_pthat50to75_shard1830_seed1201830_hh4b_candidates_v2.parquet	a895d60c3634d5e3b0d305fbd8a89c1adb2d7eb2a79f698bc0eff08f3be0ef20	/uscms/home/iturkmen/physical_weight_sidecars/train_candidate_run2_physical_weights_20260731_v1/train_candidate_run2_physical_weights.parquet	d5315ed70bb0298b4fc67e6e8c41437a7457b9b28b10fea2982d95b96275e2d3	30650	30650	0	0	0	True	0	False	no_sidecar_rows_required_for_zero_candidates
hard_qcd	background	qcd_hardqcd	qcd_hardqcd_importance_adaptive500k_phys_20260717_0022	qcd_hardqcd_importance_adaptive500k_phys_20260717_0022_bin00_pthat50to75_shard1832_seed1201832	86	qcd_variable_frozen_fragment	10000	0	/uscms_data/d3/iturkmen/hh4b_delphes/parquet_materialized/background_frozen_v2_strict493_materialization_20260724_v1/train/qcd_hardqcd/0157_qcd_hardqcd_importance_adaptive500k_phys_20260717_0022_bin00_pthat50to75_shard1832_seed1201832_hh4b_candidates_v2.parquet	a895d60c3634d5e3b0d305fbd8a89c1adb2d7eb2a79f698bc0eff08f3be0ef20	/uscms/home/iturkmen/physical_weight_sidecars/train_candidate_run2_physical_weights_20260731_v1/train_candidate_run2_physical_weights.parquet	d5315ed70bb0298b4fc67e6e8c41437a7457b9b28b10fea2982d95b96275e2d3	30650	30650	0	0	0	True	0	False	no_sidecar_rows_required_for_zero_candidates
hard_qcd	background	qcd_hardqcd	qcd_hardqcd_importance_adaptive500k_phys_20260717_0022	qcd_hardqcd_importance_adaptive500k_phys_20260717_0022_bin00_pthat50to75_shard1834_seed1201834	87	qcd_variable_frozen_fragment	10000	0	/uscms_data/d3/iturkmen/hh4b_delphes/parquet_materialized/background_frozen_v2_strict493_materialization_20260724_v1/train/qcd_hardqcd/0158_qcd_hardqcd_importance_adaptive500k_phys_20260717_0022_bin00_pthat50to75_shard1834_seed1201834_hh4b_candidates_v2.parquet	a895d60c3634d5e3b0d305fbd8a89c1adb2d7eb2a79f698bc0eff08f3be0ef20	/uscms/home/iturkmen/physical_weight_sidecars/train_candidate_run2_physical_weights_20260731_v1/train_candidate_run2_physical_weights.parquet	d5315ed70bb0298b4fc67e6e8c41437a7457b9b28b10fea2982d95b96275e2d3	30650	30650	0	0	0	True	0	False	no_sidecar_rows_required_for_zero_candidates
hard_qcd	background	qcd_hardqcd	qcd_hardqcd_importance_adaptive500k_phys_20260717_0022	qcd_hardqcd_importance_adaptive500k_phys_20260717_0022_bin00_pthat50to75_shard1835_seed1201835	88	qcd_variable_frozen_fragment	10000	0	/uscms_data/d3/iturkmen/hh4b_delphes/parquet_materialized/background_frozen_v2_strict493_materialization_20260724_v1/train/qcd_hardqcd/0159_qcd_hardqcd_importance_adaptive500k_phys_20260717_0022_bin00_pthat50to75_shard1835_seed1201835_hh4b_candidates_v2.parquet	a895d60c3634d5e3b0d305fbd8a89c1adb2d7eb2a79f698bc0eff08f3be0ef20	/uscms/home/iturkmen/physical_weight_sidecars/train_candidate_run2_physical_weights_20260731_v1/train_candidate_run2_physical_weights.parquet	d5315ed70bb0298b4fc67e6e8c41437a7457b9b28b10fea2982d95b96275e2d3	30650	30650	0	0	0	True	0	False	no_sidecar_rows_required_for_zero_candidates
hard_qcd	background	qcd_hardqcd	qcd_hardqcd_importance_adaptive500k_phys_20260717_0022	qcd_hardqcd_importance_adaptive500k_phys_20260717_0022_bin00_pthat50to75_shard1836_seed1201836	89	qcd_variable_frozen_fragment	10000	0	/uscms_data/d3/iturkmen/hh4b_delphes/parquet_materialized/background_frozen_v2_strict493_materialization_20260724_v1/train/qcd_hardqcd/0160_qcd_hardqcd_importance_adaptive500k_phys_20260717_0022_bin00_pthat50to75_shard1836_seed1201836_hh4b_candidates_v2.parquet	a895d60c3634d5e3b0d305fbd8a89c1adb2d7eb2a79f698bc0eff08f3be0ef20	/uscms/home/iturkmen/physical_weight_sidecars/train_candidate_run2_physical_weights_20260731_v1/train_candidate_run2_physical_weights.parquet	d5315ed70bb0298b4fc67e6e8c41437a7457b9b28b10fea2982d95b96275e2d3	30650	30650	0	0	0	True	0	False	no_sidecar_rows_required_for_zero_candidates
hard_qcd	background	qcd_hardqcd	qcd_hardqcd_importance_adaptive500k_phys_20260717_0022	qcd_hardqcd_importance_adaptive500k_phys_20260717_0022_bin00_pthat50to75_shard1837_seed1201837	90	qcd_variable_frozen_fragment	10000	0	/uscms_data/d3/iturkmen/hh4b_delphes/parquet_materialized/background_frozen_v2_strict493_materialization_20260724_v1/train/qcd_hardqcd/0161_qcd_hardqcd_importance_adaptive500k_phys_20260717_0022_bin00_pthat50to75_shard1837_seed1201837_hh4b_candidates_v2.parquet	a895d60c3634d5e3b0d305fbd8a89c1adb2d7eb2a79f698bc0eff08f3be0ef20	/uscms/home/iturkmen/physical_weight_sidecars/train_candidate_run2_physical_weights_20260731_v1/train_candidate_run2_physical_weights.parquet	d5315ed70bb0298b4fc67e6e8c41437a7457b9b28b10fea2982d95b96275e2d3	30650	30650	0	0	0	True	0	False	no_sidecar_rows_required_for_zero_candidates
hard_qcd	background	qcd_hardqcd	qcd_hardqcd_importance_adaptive500k_phys_20260717_0022	qcd_hardqcd_importance_adaptive500k_phys_20260717_0022_bin00_pthat50to75_shard1838_seed1201838	91	qcd_variable_frozen_fragment	10000	0	/uscms_data/d3/iturkmen/hh4b_delphes/parquet_materialized/background_frozen_v2_strict493_materialization_20260724_v1/train/qcd_hardqcd/0162_qcd_hardqcd_importance_adaptive500k_phys_20260717_0022_bin00_pthat50to75_shard1838_seed1201838_hh4b_candidates_v2.parquet	a895d60c3634d5e3b0d305fbd8a89c1adb2d7eb2a79f698bc0eff08f3be0ef20	/uscms/home/iturkmen/physical_weight_sidecars/train_candidate_run2_physical_weights_20260731_v1/train_candidate_run2_physical_weights.parquet	d5315ed70bb0298b4fc67e6e8c41437a7457b9b28b10fea2982d95b96275e2d3	30650	30650	0	0	0	True	0	False	no_sidecar_rows_required_for_zero_candidates
hard_qcd	background	qcd_hardqcd	qcd_hardqcd_importance_adaptive500k_phys_20260717_0022	qcd_hardqcd_importance_adaptive500k_phys_20260717_0022_bin00_pthat50to75_shard1839_seed1201839	92	qcd_variable_frozen_fragment	10000	0	/uscms_data/d3/iturkmen/hh4b_delphes/parquet_materialized/background_frozen_v2_strict493_materialization_20260724_v1/train/qcd_hardqcd/0163_qcd_hardqcd_importance_adaptive500k_phys_20260717_0022_bin00_pthat50to75_shard1839_seed1201839_hh4b_candidates_v2.parquet	a895d60c3634d5e3b0d305fbd8a89c1adb2d7eb2a79f698bc0eff08f3be0ef20	/uscms/home/iturkmen/physical_weight_sidecars/train_candidate_run2_physical_weights_20260731_v1/train_candidate_run2_physical_weights.parquet	d5315ed70bb0298b4fc67e6e8c41437a7457b9b28b10fea2982d95b96275e2d3	30650	30650	0	0	0	True	0	False	no_sidecar_rows_required_for_zero_candidates
hard_qcd	background	qcd_hardqcd	qcd_hardqcd_importance_adaptive500k_phys_20260717_0022	qcd_hardqcd_importance_adaptive500k_phys_20260717_0022_bin00_pthat50to75_shard1840_seed1201840	93	qcd_variable_frozen_fragment	10000	0	/uscms_data/d3/iturkmen/hh4b_delphes/parquet_materialized/background_frozen_v2_strict493_materialization_20260724_v1/train/qcd_hardqcd/0164_qcd_hardqcd_importance_adaptive500k_phys_20260717_0022_bin00_pthat50to75_shard1840_seed1201840_hh4b_candidates_v2.parquet	a895d60c3634d5e3b0d305fbd8a89c1adb2d7eb2a79f698bc0eff08f3be0ef20	/uscms/home/iturkmen/physical_weight_sidecars/train_candidate_run2_physical_weights_20260731_v1/train_candidate_run2_physical_weights.parquet	d5315ed70bb0298b4fc67e6e8c41437a7457b9b28b10fea2982d95b96275e2d3	30650	30650	0	0	0	True	0	False	no_sidecar_rows_required_for_zero_candidates
hard_qcd	background	qcd_hardqcd	qcd_hardqcd_importance_adaptive500k_phys_20260717_0022	qcd_hardqcd_importance_adaptive500k_phys_20260717_0022_bin00_pthat50to75_shard1843_seed1201843	94	qcd_variable_frozen_fragment	10000	0	/uscms_data/d3/iturkmen/hh4b_delphes/parquet_materialized/background_frozen_v2_strict493_materialization_20260724_v1/train/qcd_hardqcd/0165_qcd_hardqcd_importance_adaptive500k_phys_20260717_0022_bin00_pthat50to75_shard1843_seed1201843_hh4b_candidates_v2.parquet	a895d60c3634d5e3b0d305fbd8a89c1adb2d7eb2a79f698bc0eff08f3be0ef20	/uscms/home/iturkmen/physical_weight_sidecars/train_candidate_run2_physical_weights_20260731_v1/train_candidate_run2_physical_weights.parquet	d5315ed70bb0298b4fc67e6e8c41437a7457b9b28b10fea2982d95b96275e2d3	30650	30650	0	0	0	True	0	False	no_sidecar_rows_required_for_zero_candidates
hard_qcd	background	qcd_hardqcd	qcd_hardqcd_importance_adaptive500k_phys_20260717_0022	qcd_hardqcd_importance_adaptive500k_phys_20260717_0022_bin00_pthat50to75_shard1844_seed1201844	95	qcd_variable_frozen_fragment	10000	0	/uscms_data/d3/iturkmen/hh4b_delphes/parquet_materialized/background_frozen_v2_strict493_materialization_20260724_v1/train/qcd_hardqcd/0166_qcd_hardqcd_importance_adaptive500k_phys_20260717_0022_bin00_pthat50to75_shard1844_seed1201844_hh4b_candidates_v2.parquet	a895d60c3634d5e3b0d305fbd8a89c1adb2d7eb2a79f698bc0eff08f3be0ef20	/uscms/home/iturkmen/physical_weight_sidecars/train_candidate_run2_physical_weights_20260731_v1/train_candidate_run2_physical_weights.parquet	d5315ed70bb0298b4fc67e6e8c41437a7457b9b28b10fea2982d95b96275e2d3	30650	30650	0	0	0	True	0	False	no_sidecar_rows_required_for_zero_candidates
hard_qcd	background	qcd_hardqcd	qcd_hardqcd_importance_adaptive500k_phys_20260717_0022	qcd_hardqcd_importance_adaptive500k_phys_20260717_0022_bin00_pthat50to75_shard1846_seed1201846	96	qcd_variable_frozen_fragment	10000	0	/uscms_data/d3/iturkmen/hh4b_delphes/parquet_materialized/background_frozen_v2_strict493_materialization_20260724_v1/train/qcd_hardqcd/0168_qcd_hardqcd_importance_adaptive500k_phys_20260717_0022_bin00_pthat50to75_shard1846_seed1201846_hh4b_candidates_v2.parquet	a895d60c3634d5e3b0d305fbd8a89c1adb2d7eb2a79f698bc0eff08f3be0ef20	/uscms/home/iturkmen/physical_weight_sidecars/train_candidate_run2_physical_weights_20260731_v1/train_candidate_run2_physical_weights.parquet	d5315ed70bb0298b4fc67e6e8c41437a7457b9b28b10fea2982d95b96275e2d3	30650	30650	0	0	0	True	0	False	no_sidecar_rows_required_for_zero_candidates
hard_qcd	background	qcd_hardqcd	qcd_hardqcd_importance_adaptive500k_phys_20260717_0022	qcd_hardqcd_importance_adaptive500k_phys_20260717_0022_bin00_pthat50to75_shard1847_seed1201847	97	qcd_variable_frozen_fragment	10000	0	/uscms_data/d3/iturkmen/hh4b_delphes/parquet_materialized/background_frozen_v2_strict493_materialization_20260724_v1/train/qcd_hardqcd/0169_qcd_hardqcd_importance_adaptive500k_phys_20260717_0022_bin00_pthat50to75_shard1847_seed1201847_hh4b_candidates_v2.parquet	a895d60c3634d5e3b0d305fbd8a89c1adb2d7eb2a79f698bc0eff08f3be0ef20	/uscms/home/iturkmen/physical_weight_sidecars/train_candidate_run2_physical_weights_20260731_v1/train_candidate_run2_physical_weights.parquet	d5315ed70bb0298b4fc67e6e8c41437a7457b9b28b10fea2982d95b96275e2d3	30650	30650	0	0	0	True	0	False	no_sidecar_rows_required_for_zero_candidates
hard_qcd	background	qcd_hardqcd	qcd_hardqcd_importance_adaptive500k_phys_20260717_0022	qcd_hardqcd_importance_adaptive500k_phys_20260717_0022_bin00_pthat50to75_shard1848_seed1201848	98	qcd_variable_frozen_fragment	10000	0	/uscms_data/d3/iturkmen/hh4b_delphes/parquet_materialized/background_frozen_v2_strict493_materialization_20260724_v1/train/qcd_hardqcd/0170_qcd_hardqcd_importance_adaptive500k_phys_20260717_0022_bin00_pthat50to75_shard1848_seed1201848_hh4b_candidates_v2.parquet	a895d60c3634d5e3b0d305fbd8a89c1adb2d7eb2a79f698bc0eff08f3be0ef20	/uscms/home/iturkmen/physical_weight_sidecars/train_candidate_run2_physical_weights_20260731_v1/train_candidate_run2_physical_weights.parquet	d5315ed70bb0298b4fc67e6e8c41437a7457b9b28b10fea2982d95b96275e2d3	30650	30650	0	0	0	True	0	False	no_sidecar_rows_required_for_zero_candidates
hard_qcd	background	qcd_hardqcd	qcd_hardqcd_importance_adaptive500k_phys_20260717_0022	qcd_hardqcd_importance_adaptive500k_phys_20260717_0022_bin00_pthat50to75_shard1849_seed1201849	99	qcd_variable_frozen_fragment	9163	0	/uscms_data/d3/iturkmen/hh4b_delphes/parquet_materialized/background_frozen_v2_strict493_materialization_20260724_v1/train/qcd_hardqcd/0171_qcd_hardqcd_importance_adaptive500k_phys_20260717_0022_bin00_pthat50to75_shard1849_seed1201849_hh4b_candidates_v2.parquet	a895d60c3634d5e3b0d305fbd8a89c1adb2d7eb2a79f698bc0eff08f3be0ef20	/uscms/home/iturkmen/physical_weight_sidecars/train_candidate_run2_physical_weights_20260731_v1/train_candidate_run2_physical_weights.parquet	d5315ed70bb0298b4fc67e6e8c41437a7457b9b28b10fea2982d95b96275e2d3	30650	30650	0	0	0	True	0	False	no_sidecar_rows_required_for_zero_candidates
hard_qcd	background	qcd_hardqcd	qcd_hardqcd_importance_adaptive500k_phys_20260717_0022	qcd_hardqcd_importance_adaptive500k_phys_20260717_0022_bin01_pthat75to100_shard1850_seed1211850	100	qcd_variable_frozen_fragment	10000	1	/uscms_data/d3/iturkmen/hh4b_delphes/parquet_materialized/background_frozen_v2_strict493_materialization_20260724_v1/train/qcd_hardqcd/0172_qcd_hardqcd_importance_adaptive500k_phys_20260717_0022_bin01_pthat75to100_shard1850_seed1211850_hh4b_candidates_v2.parquet	8a72ad981cee704c587402eced2d5d74eae977e1b08d7622b8c8fc78bd61bd50	/uscms/home/iturkmen/physical_weight_sidecars/train_candidate_run2_physical_weights_20260731_v1/train_candidate_run2_physical_weights.parquet	d5315ed70bb0298b4fc67e6e8c41437a7457b9b28b10fea2982d95b96275e2d3	30650	30651	0	0	1	True	1	False	not_applicable
hard_qcd	background	qcd_hardqcd	qcd_hardqcd_importance_adaptive500k_phys_20260717_0022	qcd_hardqcd_importance_adaptive500k_phys_20260717_0022_bin01_pthat75to100_shard1852_seed1211852	101	qcd_variable_frozen_fragment	10000	0	/uscms_data/d3/iturkmen/hh4b_delphes/parquet_materialized/background_frozen_v2_strict493_materialization_20260724_v1/train/qcd_hardqcd/0173_qcd_hardqcd_importance_adaptive500k_phys_20260717_0022_bin01_pthat75to100_shard1852_seed1211852_hh4b_candidates_v2.parquet	a895d60c3634d5e3b0d305fbd8a89c1adb2d7eb2a79f698bc0eff08f3be0ef20	/uscms/home/iturkmen/physical_weight_sidecars/train_candidate_run2_physical_weights_20260731_v1/train_candidate_run2_physical_weights.parquet	d5315ed70bb0298b4fc67e6e8c41437a7457b9b28b10fea2982d95b96275e2d3	30651	30651	0	0	0	True	0	False	no_sidecar_rows_required_for_zero_candidates
hard_qcd	background	qcd_hardqcd	qcd_hardqcd_importance_adaptive500k_phys_20260717_0022	qcd_hardqcd_importance_adaptive500k_phys_20260717_0022_bin01_pthat75to100_shard1853_seed1211853	102	qcd_variable_frozen_fragment	10000	0	/uscms_data/d3/iturkmen/hh4b_delphes/parquet_materialized/background_frozen_v2_strict493_materialization_20260724_v1/train/qcd_hardqcd/0174_qcd_hardqcd_importance_adaptive500k_phys_20260717_0022_bin01_pthat75to100_shard1853_seed1211853_hh4b_candidates_v2.parquet	a895d60c3634d5e3b0d305fbd8a89c1adb2d7eb2a79f698bc0eff08f3be0ef20	/uscms/home/iturkmen/physical_weight_sidecars/train_candidate_run2_physical_weights_20260731_v1/train_candidate_run2_physical_weights.parquet	d5315ed70bb0298b4fc67e6e8c41437a7457b9b28b10fea2982d95b96275e2d3	30651	30651	0	0	0	True	0	False	no_sidecar_rows_required_for_zero_candidates
hard_qcd	background	qcd_hardqcd	qcd_hardqcd_importance_adaptive500k_phys_20260717_0022	qcd_hardqcd_importance_adaptive500k_phys_20260717_0022_bin01_pthat75to100_shard1855_seed1211855	103	qcd_variable_frozen_fragment	10000	0	/uscms_data/d3/iturkmen/hh4b_delphes/parquet_materialized/background_frozen_v2_strict493_materialization_20260724_v1/train/qcd_hardqcd/0175_qcd_hardqcd_importance_adaptive500k_phys_20260717_0022_bin01_pthat75to100_shard1855_seed1211855_hh4b_candidates_v2.parquet	a895d60c3634d5e3b0d305fbd8a89c1adb2d7eb2a79f698bc0eff08f3be0ef20	/uscms/home/iturkmen/physical_weight_sidecars/train_candidate_run2_physical_weights_20260731_v1/train_candidate_run2_physical_weights.parquet	d5315ed70bb0298b4fc67e6e8c41437a7457b9b28b10fea2982d95b96275e2d3	30651	30651	0	0	0	True	0	False	no_sidecar_rows_required_for_zero_candidates
hard_qcd	background	qcd_hardqcd	qcd_hardqcd_importance_adaptive500k_phys_20260717_0022	qcd_hardqcd_importance_adaptive500k_phys_20260717_0022_bin01_pthat75to100_shard1856_seed1211856	104	qcd_variable_frozen_fragment	10000	0	/uscms_data/d3/iturkmen/hh4b_delphes/parquet_materialized/background_frozen_v2_strict493_materialization_20260724_v1/train/qcd_hardqcd/0176_qcd_hardqcd_importance_adaptive500k_phys_20260717_0022_bin01_pthat75to100_shard1856_seed1211856_hh4b_candidates_v2.parquet	a895d60c3634d5e3b0d305fbd8a89c1adb2d7eb2a79f698bc0eff08f3be0ef20	/uscms/home/iturkmen/physical_weight_sidecars/train_candidate_run2_physical_weights_20260731_v1/train_candidate_run2_physical_weights.parquet	d5315ed70bb0298b4fc67e6e8c41437a7457b9b28b10fea2982d95b96275e2d3	30651	30651	0	0	0	True	0	False	no_sidecar_rows_required_for_zero_candidates
hard_qcd	background	qcd_hardqcd	qcd_hardqcd_importance_adaptive500k_phys_20260717_0022	qcd_hardqcd_importance_adaptive500k_phys_20260717_0022_bin01_pthat75to100_shard1857_seed1211857	105	qcd_variable_frozen_fragment	7388	0	/uscms_data/d3/iturkmen/hh4b_delphes/parquet_materialized/background_frozen_v2_strict493_materialization_20260724_v1/train/qcd_hardqcd/0177_qcd_hardqcd_importance_adaptive500k_phys_20260717_0022_bin01_pthat75to100_shard1857_seed1211857_hh4b_candidates_v2.parquet	a895d60c3634d5e3b0d305fbd8a89c1adb2d7eb2a79f698bc0eff08f3be0ef20	/uscms/home/iturkmen/physical_weight_sidecars/train_candidate_run2_physical_weights_20260731_v1/train_candidate_run2_physical_weights.parquet	d5315ed70bb0298b4fc67e6e8c41437a7457b9b28b10fea2982d95b96275e2d3	30651	30651	0	0	0	True	0	False	no_sidecar_rows_required_for_zero_candidates
hard_qcd	background	qcd_hardqcd	qcd_hardqcd_importance_adaptive500k_phys_wave2_20260717	qcd_hardqcd_importance_adaptive500k_phys_wave2_20260717_bin00_pthat50to75_shard9773_seed1209773	106	qcd_variable_frozen_fragment	10000	0	/uscms_data/d3/iturkmen/hh4b_delphes/parquet_materialized/background_frozen_v2_strict493_materialization_20260724_v1/train/qcd_hardqcd/0189_qcd_hardqcd_importance_adaptive500k_phys_wave2_20260717_bin00_pthat50to75_shard9773_seed1209773_hh4b_candidates_v2.parquet	a895d60c3634d5e3b0d305fbd8a89c1adb2d7eb2a79f698bc0eff08f3be0ef20	/uscms/home/iturkmen/physical_weight_sidecars/train_candidate_run2_physical_weights_20260731_v1/train_candidate_run2_physical_weights.parquet	d5315ed70bb0298b4fc67e6e8c41437a7457b9b28b10fea2982d95b96275e2d3	30651	30651	0	0	0	True	0	False	no_sidecar_rows_required_for_zero_candidates
hard_qcd	background	qcd_hardqcd	qcd_hardqcd_importance_adaptive500k_phys_wave2_20260717	qcd_hardqcd_importance_adaptive500k_phys_wave2_20260717_bin00_pthat50to75_shard9774_seed1209774	107	qcd_variable_frozen_fragment	10000	0	/uscms_data/d3/iturkmen/hh4b_delphes/parquet_materialized/background_frozen_v2_strict493_materialization_20260724_v1/train/qcd_hardqcd/0190_qcd_hardqcd_importance_adaptive500k_phys_wave2_20260717_bin00_pthat50to75_shard9774_seed1209774_hh4b_candidates_v2.parquet	a895d60c3634d5e3b0d305fbd8a89c1adb2d7eb2a79f698bc0eff08f3be0ef20	/uscms/home/iturkmen/physical_weight_sidecars/train_candidate_run2_physical_weights_20260731_v1/train_candidate_run2_physical_weights.parquet	d5315ed70bb0298b4fc67e6e8c41437a7457b9b28b10fea2982d95b96275e2d3	30651	30651	0	0	0	True	0	False	no_sidecar_rows_required_for_zero_candidates
hard_qcd	background	qcd_hardqcd	qcd_hardqcd_importance_adaptive500k_phys_wave2_20260717	qcd_hardqcd_importance_adaptive500k_phys_wave2_20260717_bin00_pthat50to75_shard9775_seed1209775	108	qcd_variable_frozen_fragment	10000	0	/uscms_data/d3/iturkmen/hh4b_delphes/parquet_materialized/background_frozen_v2_strict493_materialization_20260724_v1/train/qcd_hardqcd/0191_qcd_hardqcd_importance_adaptive500k_phys_wave2_20260717_bin00_pthat50to75_shard9775_seed1209775_hh4b_candidates_v2.parquet	a895d60c3634d5e3b0d305fbd8a89c1adb2d7eb2a79f698bc0eff08f3be0ef20	/uscms/home/iturkmen/physical_weight_sidecars/train_candidate_run2_physical_weights_20260731_v1/train_candidate_run2_physical_weights.parquet	d5315ed70bb0298b4fc67e6e8c41437a7457b9b28b10fea2982d95b96275e2d3	30651	30651	0	0	0	True	0	False	no_sidecar_rows_required_for_zero_candidates
hard_qcd	background	qcd_hardqcd	qcd_hardqcd_importance_adaptive500k_phys_wave2_20260717	qcd_hardqcd_importance_adaptive500k_phys_wave2_20260717_bin00_pthat50to75_shard9776_seed1209776	109	qcd_variable_frozen_fragment	10000	1	/uscms_data/d3/iturkmen/hh4b_delphes/parquet_materialized/background_frozen_v2_strict493_materialization_20260724_v1/train/qcd_hardqcd/0192_qcd_hardqcd_importance_adaptive500k_phys_wave2_20260717_bin00_pthat50to75_shard9776_seed1209776_hh4b_candidates_v2.parquet	9560dd69c22dc5a524c6d437d735d6eccc98d88d74c6377cb7df722fbe0e84a3	/uscms/home/iturkmen/physical_weight_sidecars/train_candidate_run2_physical_weights_20260731_v1/train_candidate_run2_physical_weights.parquet	d5315ed70bb0298b4fc67e6e8c41437a7457b9b28b10fea2982d95b96275e2d3	30651	30652	0	0	1	True	1	False	not_applicable
hard_qcd	background	qcd_hardqcd	qcd_hardqcd_importance_adaptive500k_phys_wave2_20260717	qcd_hardqcd_importance_adaptive500k_phys_wave2_20260717_bin00_pthat50to75_shard9779_seed1209779	110	qcd_variable_frozen_fragment	10000	0	/uscms_data/d3/iturkmen/hh4b_delphes/parquet_materialized/background_frozen_v2_strict493_materialization_20260724_v1/train/qcd_hardqcd/0194_qcd_hardqcd_importance_adaptive500k_phys_wave2_20260717_bin00_pthat50to75_shard9779_seed1209779_hh4b_candidates_v2.parquet	a895d60c3634d5e3b0d305fbd8a89c1adb2d7eb2a79f698bc0eff08f3be0ef20	/uscms/home/iturkmen/physical_weight_sidecars/train_candidate_run2_physical_weights_20260731_v1/train_candidate_run2_physical_weights.parquet	d5315ed70bb0298b4fc67e6e8c41437a7457b9b28b10fea2982d95b96275e2d3	30652	30652	0	0	0	True	0	False	no_sidecar_rows_required_for_zero_candidates
hard_qcd	background	qcd_hardqcd	qcd_hardqcd_importance_adaptive500k_phys_wave2_20260717	qcd_hardqcd_importance_adaptive500k_phys_wave2_20260717_bin00_pthat50to75_shard9781_seed1209781	111	qcd_variable_frozen_fragment	10000	0	/uscms_data/d3/iturkmen/hh4b_delphes/parquet_materialized/background_frozen_v2_strict493_materialization_20260724_v1/train/qcd_hardqcd/0195_qcd_hardqcd_importance_adaptive500k_phys_wave2_20260717_bin00_pthat50to75_shard9781_seed1209781_hh4b_candidates_v2.parquet	a895d60c3634d5e3b0d305fbd8a89c1adb2d7eb2a79f698bc0eff08f3be0ef20	/uscms/home/iturkmen/physical_weight_sidecars/train_candidate_run2_physical_weights_20260731_v1/train_candidate_run2_physical_weights.parquet	d5315ed70bb0298b4fc67e6e8c41437a7457b9b28b10fea2982d95b96275e2d3	30652	30652	0	0	0	True	0	False	no_sidecar_rows_required_for_zero_candidates
hard_qcd	background	qcd_hardqcd	qcd_hardqcd_importance_adaptive500k_phys_wave2_20260717	qcd_hardqcd_importance_adaptive500k_phys_wave2_20260717_bin00_pthat50to75_shard9782_seed1209782	112	qcd_variable_frozen_fragment	10000	0	/uscms_data/d3/iturkmen/hh4b_delphes/parquet_materialized/background_frozen_v2_strict493_materialization_20260724_v1/train/qcd_hardqcd/0196_qcd_hardqcd_importance_adaptive500k_phys_wave2_20260717_bin00_pthat50to75_shard9782_seed1209782_hh4b_candidates_v2.parquet	a895d60c3634d5e3b0d305fbd8a89c1adb2d7eb2a79f698bc0eff08f3be0ef20	/uscms/home/iturkmen/physical_weight_sidecars/train_candidate_run2_physical_weights_20260731_v1/train_candidate_run2_physical_weights.parquet	d5315ed70bb0298b4fc67e6e8c41437a7457b9b28b10fea2982d95b96275e2d3	30652	30652	0	0	0	True	0	False	no_sidecar_rows_required_for_zero_candidates
hard_qcd	background	qcd_hardqcd	qcd_hardqcd_importance_adaptive500k_phys_wave2_20260717	qcd_hardqcd_importance_adaptive500k_phys_wave2_20260717_bin00_pthat50to75_shard9783_seed1209783	113	qcd_variable_frozen_fragment	10000	0	/uscms_data/d3/iturkmen/hh4b_delphes/parquet_materialized/background_frozen_v2_strict493_materialization_20260724_v1/train/qcd_hardqcd/0197_qcd_hardqcd_importance_adaptive500k_phys_wave2_20260717_bin00_pthat50to75_shard9783_seed1209783_hh4b_candidates_v2.parquet	a895d60c3634d5e3b0d305fbd8a89c1adb2d7eb2a79f698bc0eff08f3be0ef20	/uscms/home/iturkmen/physical_weight_sidecars/train_candidate_run2_physical_weights_20260731_v1/train_candidate_run2_physical_weights.parquet	d5315ed70bb0298b4fc67e6e8c41437a7457b9b28b10fea2982d95b96275e2d3	30652	30652	0	0	0	True	0	False	no_sidecar_rows_required_for_zero_candidates
hard_qcd	background	qcd_hardqcd	qcd_hardqcd_importance_adaptive500k_phys_wave2_20260717	qcd_hardqcd_importance_adaptive500k_phys_wave2_20260717_bin00_pthat50to75_shard9784_seed1209784	114	qcd_variable_frozen_fragment	10000	0	/uscms_data/d3/iturkmen/hh4b_delphes/parquet_materialized/background_frozen_v2_strict493_materialization_20260724_v1/train/qcd_hardqcd/0198_qcd_hardqcd_importance_adaptive500k_phys_wave2_20260717_bin00_pthat50to75_shard9784_seed1209784_hh4b_candidates_v2.parquet	a895d60c3634d5e3b0d305fbd8a89c1adb2d7eb2a79f698bc0eff08f3be0ef20	/uscms/home/iturkmen/physical_weight_sidecars/train_candidate_run2_physical_weights_20260731_v1/train_candidate_run2_physical_weights.parquet	d5315ed70bb0298b4fc67e6e8c41437a7457b9b28b10fea2982d95b96275e2d3	30652	30652	0	0	0	True	0	False	no_sidecar_rows_required_for_zero_candidates
hard_qcd	background	qcd_hardqcd	qcd_hardqcd_importance_adaptive500k_phys_wave2_20260717	qcd_hardqcd_importance_adaptive500k_phys_wave2_20260717_bin00_pthat50to75_shard9787_seed1209787	115	qcd_variable_frozen_fragment	10000	0	/uscms_data/d3/iturkmen/hh4b_delphes/parquet_materialized/background_frozen_v2_strict493_materialization_20260724_v1/train/qcd_hardqcd/0199_qcd_hardqcd_importance_adaptive500k_phys_wave2_20260717_bin00_pthat50to75_shard9787_seed1209787_hh4b_candidates_v2.parquet	a895d60c3634d5e3b0d305fbd8a89c1adb2d7eb2a79f698bc0eff08f3be0ef20	/uscms/home/iturkmen/physical_weight_sidecars/train_candidate_run2_physical_weights_20260731_v1/train_candidate_run2_physical_weights.parquet	d5315ed70bb0298b4fc67e6e8c41437a7457b9b28b10fea2982d95b96275e2d3	30652	30652	0	0	0	True	0	False	no_sidecar_rows_required_for_zero_candidates
hard_qcd	background	qcd_hardqcd	qcd_hardqcd_importance_adaptive500k_phys_wave2_20260717	qcd_hardqcd_importance_adaptive500k_phys_wave2_20260717_bin00_pthat50to75_shard9788_seed1209788	116	qcd_variable_frozen_fragment	10000	0	/uscms_data/d3/iturkmen/hh4b_delphes/parquet_materialized/background_frozen_v2_strict493_materialization_20260724_v1/train/qcd_hardqcd/0200_qcd_hardqcd_importance_adaptive500k_phys_wave2_20260717_bin00_pthat50to75_shard9788_seed1209788_hh4b_candidates_v2.parquet	a895d60c3634d5e3b0d305fbd8a89c1adb2d7eb2a79f698bc0eff08f3be0ef20	/uscms/home/iturkmen/physical_weight_sidecars/train_candidate_run2_physical_weights_20260731_v1/train_candidate_run2_physical_weights.parquet	d5315ed70bb0298b4fc67e6e8c41437a7457b9b28b10fea2982d95b96275e2d3	30652	30652	0	0	0	True	0	False	no_sidecar_rows_required_for_zero_candidates
hard_qcd	background	qcd_hardqcd	qcd_hardqcd_importance_adaptive500k_phys_wave2_20260717	qcd_hardqcd_importance_adaptive500k_phys_wave2_20260717_bin00_pthat50to75_shard9792_seed1209792	117	qcd_variable_frozen_fragment	10000	0	/uscms_data/d3/iturkmen/hh4b_delphes/parquet_materialized/background_frozen_v2_strict493_materialization_20260724_v1/train/qcd_hardqcd/0201_qcd_hardqcd_importance_adaptive500k_phys_wave2_20260717_bin00_pthat50to75_shard9792_seed1209792_hh4b_candidates_v2.parquet	a895d60c3634d5e3b0d305fbd8a89c1adb2d7eb2a79f698bc0eff08f3be0ef20	/uscms/home/iturkmen/physical_weight_sidecars/train_candidate_run2_physical_weights_20260731_v1/train_candidate_run2_physical_weights.parquet	d5315ed70bb0298b4fc67e6e8c41437a7457b9b28b10fea2982d95b96275e2d3	30652	30652	0	0	0	True	0	False	no_sidecar_rows_required_for_zero_candidates
hard_qcd	background	qcd_hardqcd	qcd_hardqcd_importance_adaptive500k_phys_wave2_20260717	qcd_hardqcd_importance_adaptive500k_phys_wave2_20260717_bin00_pthat50to75_shard9794_seed1209794	118	qcd_variable_frozen_fragment	10000	0	/uscms_data/d3/iturkmen/hh4b_delphes/parquet_materialized/background_frozen_v2_strict493_materialization_20260724_v1/train/qcd_hardqcd/0202_qcd_hardqcd_importance_adaptive500k_phys_wave2_20260717_bin00_pthat50to75_shard9794_seed1209794_hh4b_candidates_v2.parquet	a895d60c3634d5e3b0d305fbd8a89c1adb2d7eb2a79f698bc0eff08f3be0ef20	/uscms/home/iturkmen/physical_weight_sidecars/train_candidate_run2_physical_weights_20260731_v1/train_candidate_run2_physical_weights.parquet	d5315ed70bb0298b4fc67e6e8c41437a7457b9b28b10fea2982d95b96275e2d3	30652	30652	0	0	0	True	0	False	no_sidecar_rows_required_for_zero_candidates
hard_qcd	background	qcd_hardqcd	qcd_hardqcd_importance_adaptive500k_phys_wave2_20260717	qcd_hardqcd_importance_adaptive500k_phys_wave2_20260717_bin00_pthat50to75_shard9796_seed1209796	119	qcd_variable_frozen_fragment	10000	0	/uscms_data/d3/iturkmen/hh4b_delphes/parquet_materialized/background_frozen_v2_strict493_materialization_20260724_v1/train/qcd_hardqcd/0203_qcd_hardqcd_importance_adaptive500k_phys_wave2_20260717_bin00_pthat50to75_shard9796_seed1209796_hh4b_candidates_v2.parquet	a895d60c3634d5e3b0d305fbd8a89c1adb2d7eb2a79f698bc0eff08f3be0ef20	/uscms/home/iturkmen/physical_weight_sidecars/train_candidate_run2_physical_weights_20260731_v1/train_candidate_run2_physical_weights.parquet	d5315ed70bb0298b4fc67e6e8c41437a7457b9b28b10fea2982d95b96275e2d3	30652	30652	0	0	0	True	0	False	no_sidecar_rows_required_for_zero_candidates
hard_qcd	background	qcd_hardqcd	qcd_hardqcd_importance_adaptive500k_phys_wave2_20260717	qcd_hardqcd_importance_adaptive500k_phys_wave2_20260717_bin00_pthat50to75_shard9798_seed1209798	120	qcd_variable_frozen_fragment	10000	0	/uscms_data/d3/iturkmen/hh4b_delphes/parquet_materialized/background_frozen_v2_strict493_materialization_20260724_v1/train/qcd_hardqcd/0205_qcd_hardqcd_importance_adaptive500k_phys_wave2_20260717_bin00_pthat50to75_shard9798_seed1209798_hh4b_candidates_v2.parquet	a895d60c3634d5e3b0d305fbd8a89c1adb2d7eb2a79f698bc0eff08f3be0ef20	/uscms/home/iturkmen/physical_weight_sidecars/train_candidate_run2_physical_weights_20260731_v1/train_candidate_run2_physical_weights.parquet	d5315ed70bb0298b4fc67e6e8c41437a7457b9b28b10fea2982d95b96275e2d3	30652	30652	0	0	0	True	0	False	no_sidecar_rows_required_for_zero_candidates
hard_qcd	background	qcd_hardqcd	qcd_hardqcd_importance_adaptive500k_phys_wave2_20260717	qcd_hardqcd_importance_adaptive500k_phys_wave2_20260717_bin00_pthat50to75_shard9799_seed1209799	121	qcd_variable_frozen_fragment	10000	0	/uscms_data/d3/iturkmen/hh4b_delphes/parquet_materialized/background_frozen_v2_strict493_materialization_20260724_v1/train/qcd_hardqcd/0206_qcd_hardqcd_importance_adaptive500k_phys_wave2_20260717_bin00_pthat50to75_shard9799_seed1209799_hh4b_candidates_v2.parquet	a895d60c3634d5e3b0d305fbd8a89c1adb2d7eb2a79f698bc0eff08f3be0ef20	/uscms/home/iturkmen/physical_weight_sidecars/train_candidate_run2_physical_weights_20260731_v1/train_candidate_run2_physical_weights.parquet	d5315ed70bb0298b4fc67e6e8c41437a7457b9b28b10fea2982d95b96275e2d3	30652	30652	0	0	0	True	0	False	no_sidecar_rows_required_for_zero_candidates
hard_qcd	background	qcd_hardqcd	qcd_hardqcd_importance_adaptive500k_phys_wave2_20260717	qcd_hardqcd_importance_adaptive500k_phys_wave2_20260717_bin00_pthat50to75_shard9801_seed1209801	122	qcd_variable_frozen_fragment	10000	0	/uscms_data/d3/iturkmen/hh4b_delphes/parquet_materialized/background_frozen_v2_strict493_materialization_20260724_v1/train/qcd_hardqcd/0207_qcd_hardqcd_importance_adaptive500k_phys_wave2_20260717_bin00_pthat50to75_shard9801_seed1209801_hh4b_candidates_v2.parquet	a895d60c3634d5e3b0d305fbd8a89c1adb2d7eb2a79f698bc0eff08f3be0ef20	/uscms/home/iturkmen/physical_weight_sidecars/train_candidate_run2_physical_weights_20260731_v1/train_candidate_run2_physical_weights.parquet	d5315ed70bb0298b4fc67e6e8c41437a7457b9b28b10fea2982d95b96275e2d3	30652	30652	0	0	0	True	0	False	no_sidecar_rows_required_for_zero_candidates
hard_qcd	background	qcd_hardqcd	qcd_hardqcd_importance_adaptive500k_phys_wave2_20260717	qcd_hardqcd_importance_adaptive500k_phys_wave2_20260717_bin01_pthat75to100_shard9806_seed1219806	123	qcd_variable_frozen_fragment	10000	0	/uscms_data/d3/iturkmen/hh4b_delphes/parquet_materialized/background_frozen_v2_strict493_materialization_20260724_v1/train/qcd_hardqcd/0208_qcd_hardqcd_importance_adaptive500k_phys_wave2_20260717_bin01_pthat75to100_shard9806_seed1219806_hh4b_candidates_v2.parquet	a895d60c3634d5e3b0d305fbd8a89c1adb2d7eb2a79f698bc0eff08f3be0ef20	/uscms/home/iturkmen/physical_weight_sidecars/train_candidate_run2_physical_weights_20260731_v1/train_candidate_run2_physical_weights.parquet	d5315ed70bb0298b4fc67e6e8c41437a7457b9b28b10fea2982d95b96275e2d3	30652	30652	0	0	0	True	0	False	no_sidecar_rows_required_for_zero_candidates
hard_qcd	background	qcd_hardqcd	qcd_hardqcd_importance_adaptive500k_phys_wave2_20260717	qcd_hardqcd_importance_adaptive500k_phys_wave2_20260717_bin01_pthat75to100_shard9808_seed1219808	124	qcd_variable_frozen_fragment	10000	0	/uscms_data/d3/iturkmen/hh4b_delphes/parquet_materialized/background_frozen_v2_strict493_materialization_20260724_v1/train/qcd_hardqcd/0209_qcd_hardqcd_importance_adaptive500k_phys_wave2_20260717_bin01_pthat75to100_shard9808_seed1219808_hh4b_candidates_v2.parquet	a895d60c3634d5e3b0d305fbd8a89c1adb2d7eb2a79f698bc0eff08f3be0ef20	/uscms/home/iturkmen/physical_weight_sidecars/train_candidate_run2_physical_weights_20260731_v1/train_candidate_run2_physical_weights.parquet	d5315ed70bb0298b4fc67e6e8c41437a7457b9b28b10fea2982d95b96275e2d3	30652	30652	0	0	0	True	0	False	no_sidecar_rows_required_for_zero_candidates
hard_qcd	background	qcd_hardqcd	qcd_hardqcd_importance_adaptive500k_phys_wave2_20260717	qcd_hardqcd_importance_adaptive500k_phys_wave2_20260717_bin01_pthat75to100_shard9810_seed1219810	125	qcd_variable_frozen_fragment	10000	0	/uscms_data/d3/iturkmen/hh4b_delphes/parquet_materialized/background_frozen_v2_strict493_materialization_20260724_v1/train/qcd_hardqcd/0210_qcd_hardqcd_importance_adaptive500k_phys_wave2_20260717_bin01_pthat75to100_shard9810_seed1219810_hh4b_candidates_v2.parquet	a895d60c3634d5e3b0d305fbd8a89c1adb2d7eb2a79f698bc0eff08f3be0ef20	/uscms/home/iturkmen/physical_weight_sidecars/train_candidate_run2_physical_weights_20260731_v1/train_candidate_run2_physical_weights.parquet	d5315ed70bb0298b4fc67e6e8c41437a7457b9b28b10fea2982d95b96275e2d3	30652	30652	0	0	0	True	0	False	no_sidecar_rows_required_for_zero_candidates
hard_qcd	background	qcd_hardqcd	qcd_hardqcd_importance_adaptive500k_phys_wave2_20260717	qcd_hardqcd_importance_adaptive500k_phys_wave2_20260717_bin01_pthat75to100_shard9811_seed1219811	126	qcd_variable_frozen_fragment	10000	0	/uscms_data/d3/iturkmen/hh4b_delphes/parquet_materialized/background_frozen_v2_strict493_materialization_20260724_v1/train/qcd_hardqcd/0211_qcd_hardqcd_importance_adaptive500k_phys_wave2_20260717_bin01_pthat75to100_shard9811_seed1219811_hh4b_candidates_v2.parquet	a895d60c3634d5e3b0d305fbd8a89c1adb2d7eb2a79f698bc0eff08f3be0ef20	/uscms/home/iturkmen/physical_weight_sidecars/train_candidate_run2_physical_weights_20260731_v1/train_candidate_run2_physical_weights.parquet	d5315ed70bb0298b4fc67e6e8c41437a7457b9b28b10fea2982d95b96275e2d3	30652	30652	0	0	0	True	0	False	no_sidecar_rows_required_for_zero_candidates
hard_qcd	background	qcd_hardqcd	qcd_hardqcd_importance_adaptive500k_phys_wave2_20260717	qcd_hardqcd_importance_adaptive500k_phys_wave2_20260717_bin01_pthat75to100_shard9812_seed1219812	127	qcd_variable_frozen_fragment	2809	0	/uscms_data/d3/iturkmen/hh4b_delphes/parquet_materialized/background_frozen_v2_strict493_materialization_20260724_v1/train/qcd_hardqcd/0212_qcd_hardqcd_importance_adaptive500k_phys_wave2_20260717_bin01_pthat75to100_shard9812_seed1219812_hh4b_candidates_v2.parquet	a895d60c3634d5e3b0d305fbd8a89c1adb2d7eb2a79f698bc0eff08f3be0ef20	/uscms/home/iturkmen/physical_weight_sidecars/train_candidate_run2_physical_weights_20260731_v1/train_candidate_run2_physical_weights.parquet	d5315ed70bb0298b4fc67e6e8c41437a7457b9b28b10fea2982d95b96275e2d3	30652	30652	0	0	0	True	0	False	no_sidecar_rows_required_for_zero_candidates
hard_qcd	background	qcd_hardqcd	qcd_hardqcd_importance_adaptive1500k_phys_wave3_20260718	qcd_hardqcd_importance_adaptive1500k_phys_wave3_20260718_bin00_pthat50to75_shard1036_seed1201036	128	qcd_uniform_constant	10000	0	/uscms_data/d3/iturkmen/hh4b_delphes/parquet_materialized/background_frozen_v2_strict493_materialization_20260724_v1/train/qcd_hardqcd/0036_qcd_hardqcd_importance_adaptive1500k_phys_wave3_20260718_bin00_pthat50to75_shard1036_seed1201036_hh4b_candidates_v2.parquet	a895d60c3634d5e3b0d305fbd8a89c1adb2d7eb2a79f698bc0eff08f3be0ef20	/uscms/home/iturkmen/physical_weight_sidecars/train_candidate_run2_physical_weights_20260731_v1/train_candidate_run2_physical_weights.parquet	d5315ed70bb0298b4fc67e6e8c41437a7457b9b28b10fea2982d95b96275e2d3	30652	30652	0	0	0	True	0	False	no_sidecar_rows_required_for_zero_candidates
hard_qcd	background	qcd_hardqcd	qcd_hardqcd_importance_adaptive1500k_phys_wave3_20260718	qcd_hardqcd_importance_adaptive1500k_phys_wave3_20260718_bin00_pthat50to75_shard1038_seed1201038	129	qcd_uniform_constant	10000	0	/uscms_data/d3/iturkmen/hh4b_delphes/parquet_materialized/background_frozen_v2_strict493_materialization_20260724_v1/train/qcd_hardqcd/0038_qcd_hardqcd_importance_adaptive1500k_phys_wave3_20260718_bin00_pthat50to75_shard1038_seed1201038_hh4b_candidates_v2.parquet	a895d60c3634d5e3b0d305fbd8a89c1adb2d7eb2a79f698bc0eff08f3be0ef20	/uscms/home/iturkmen/physical_weight_sidecars/train_candidate_run2_physical_weights_20260731_v1/train_candidate_run2_physical_weights.parquet	d5315ed70bb0298b4fc67e6e8c41437a7457b9b28b10fea2982d95b96275e2d3	30652	30652	0	0	0	True	0	False	no_sidecar_rows_required_for_zero_candidates
hard_qcd	background	qcd_hardqcd	qcd_hardqcd_importance_adaptive1500k_phys_wave3_20260718	qcd_hardqcd_importance_adaptive1500k_phys_wave3_20260718_bin00_pthat50to75_shard1041_seed1201041	130	qcd_uniform_constant	10000	0	/uscms_data/d3/iturkmen/hh4b_delphes/parquet_materialized/background_frozen_v2_strict493_materialization_20260724_v1/train/qcd_hardqcd/0040_qcd_hardqcd_importance_adaptive1500k_phys_wave3_20260718_bin00_pthat50to75_shard1041_seed1201041_hh4b_candidates_v2.parquet	a895d60c3634d5e3b0d305fbd8a89c1adb2d7eb2a79f698bc0eff08f3be0ef20	/uscms/home/iturkmen/physical_weight_sidecars/train_candidate_run2_physical_weights_20260731_v1/train_candidate_run2_physical_weights.parquet	d5315ed70bb0298b4fc67e6e8c41437a7457b9b28b10fea2982d95b96275e2d3	30652	30652	0	0	0	True	0	False	no_sidecar_rows_required_for_zero_candidates
hard_qcd	background	qcd_hardqcd	qcd_hardqcd_importance_adaptive1500k_phys_wave3_20260718	qcd_hardqcd_importance_adaptive1500k_phys_wave3_20260718_bin00_pthat50to75_shard1053_seed1201053	131	qcd_uniform_constant	10000	0	/uscms_data/d3/iturkmen/hh4b_delphes/parquet_materialized/background_frozen_v2_strict493_materialization_20260724_v1/train/qcd_hardqcd/0048_qcd_hardqcd_importance_adaptive1500k_phys_wave3_20260718_bin00_pthat50to75_shard1053_seed1201053_hh4b_candidates_v2.parquet	a895d60c3634d5e3b0d305fbd8a89c1adb2d7eb2a79f698bc0eff08f3be0ef20	/uscms/home/iturkmen/physical_weight_sidecars/train_candidate_run2_physical_weights_20260731_v1/train_candidate_run2_physical_weights.parquet	d5315ed70bb0298b4fc67e6e8c41437a7457b9b28b10fea2982d95b96275e2d3	30652	30652	0	0	0	True	0	False	no_sidecar_rows_required_for_zero_candidates
hard_qcd	background	qcd_hardqcd	qcd_hardqcd_importance_adaptive1500k_phys_wave3_20260718	qcd_hardqcd_importance_adaptive1500k_phys_wave3_20260718_bin00_pthat50to75_shard1091_seed1201091	132	qcd_uniform_constant	10000	0	/uscms_data/d3/iturkmen/hh4b_delphes/parquet_materialized/background_frozen_v2_strict493_materialization_20260724_v1/train/qcd_hardqcd/0073_qcd_hardqcd_importance_adaptive1500k_phys_wave3_20260718_bin00_pthat50to75_shard1091_seed1201091_hh4b_candidates_v2.parquet	a895d60c3634d5e3b0d305fbd8a89c1adb2d7eb2a79f698bc0eff08f3be0ef20	/uscms/home/iturkmen/physical_weight_sidecars/train_candidate_run2_physical_weights_20260731_v1/train_candidate_run2_physical_weights.parquet	d5315ed70bb0298b4fc67e6e8c41437a7457b9b28b10fea2982d95b96275e2d3	30652	30652	0	0	0	True	0	False	no_sidecar_rows_required_for_zero_candidates
hard_qcd	background	qcd_hardqcd	qcd_hardqcd_importance_adaptive1500k_phys_wave3_20260718	qcd_hardqcd_importance_adaptive1500k_phys_wave3_20260718_bin00_pthat50to75_shard1094_seed1201094	133	qcd_uniform_constant	10000	0	/uscms_data/d3/iturkmen/hh4b_delphes/parquet_materialized/background_frozen_v2_strict493_materialization_20260724_v1/train/qcd_hardqcd/0075_qcd_hardqcd_importance_adaptive1500k_phys_wave3_20260718_bin00_pthat50to75_shard1094_seed1201094_hh4b_candidates_v2.parquet	a895d60c3634d5e3b0d305fbd8a89c1adb2d7eb2a79f698bc0eff08f3be0ef20	/uscms/home/iturkmen/physical_weight_sidecars/train_candidate_run2_physical_weights_20260731_v1/train_candidate_run2_physical_weights.parquet	d5315ed70bb0298b4fc67e6e8c41437a7457b9b28b10fea2982d95b96275e2d3	30652	30652	0	0	0	True	0	False	no_sidecar_rows_required_for_zero_candidates
hard_qcd	background	qcd_hardqcd	qcd_hardqcd_importance_adaptive1500k_phys_wave3_20260718	qcd_hardqcd_importance_adaptive1500k_phys_wave3_20260718_bin00_pthat50to75_shard1102_seed1201102	134	qcd_uniform_constant	10000	0	/uscms_data/d3/iturkmen/hh4b_delphes/parquet_materialized/background_frozen_v2_strict493_materialization_20260724_v1/train/qcd_hardqcd/0082_qcd_hardqcd_importance_adaptive1500k_phys_wave3_20260718_bin00_pthat50to75_shard1102_seed1201102_hh4b_candidates_v2.parquet	a895d60c3634d5e3b0d305fbd8a89c1adb2d7eb2a79f698bc0eff08f3be0ef20	/uscms/home/iturkmen/physical_weight_sidecars/train_candidate_run2_physical_weights_20260731_v1/train_candidate_run2_physical_weights.parquet	d5315ed70bb0298b4fc67e6e8c41437a7457b9b28b10fea2982d95b96275e2d3	30652	30652	0	0	0	True	0	False	no_sidecar_rows_required_for_zero_candidates
hard_qcd	background	qcd_hardqcd	qcd_hardqcd_importance_adaptive1500k_phys_wave3_20260718	qcd_hardqcd_importance_adaptive1500k_phys_wave3_20260718_bin00_pthat50to75_shard1104_seed1201104	135	qcd_uniform_constant	10000	0	/uscms_data/d3/iturkmen/hh4b_delphes/parquet_materialized/background_frozen_v2_strict493_materialization_20260724_v1/train/qcd_hardqcd/0083_qcd_hardqcd_importance_adaptive1500k_phys_wave3_20260718_bin00_pthat50to75_shard1104_seed1201104_hh4b_candidates_v2.parquet	a895d60c3634d5e3b0d305fbd8a89c1adb2d7eb2a79f698bc0eff08f3be0ef20	/uscms/home/iturkmen/physical_weight_sidecars/train_candidate_run2_physical_weights_20260731_v1/train_candidate_run2_physical_weights.parquet	d5315ed70bb0298b4fc67e6e8c41437a7457b9b28b10fea2982d95b96275e2d3	30652	30652	0	0	0	True	0	False	no_sidecar_rows_required_for_zero_candidates
hard_qcd	background	qcd_hardqcd	qcd_hardqcd_importance_adaptive1500k_phys_wave3_20260718	qcd_hardqcd_importance_adaptive1500k_phys_wave3_20260718_bin00_pthat50to75_shard1105_seed1201105	136	qcd_uniform_constant	10000	0	/uscms_data/d3/iturkmen/hh4b_delphes/parquet_materialized/background_frozen_v2_strict493_materialization_20260724_v1/train/qcd_hardqcd/0084_qcd_hardqcd_importance_adaptive1500k_phys_wave3_20260718_bin00_pthat50to75_shard1105_seed1201105_hh4b_candidates_v2.parquet	a895d60c3634d5e3b0d305fbd8a89c1adb2d7eb2a79f698bc0eff08f3be0ef20	/uscms/home/iturkmen/physical_weight_sidecars/train_candidate_run2_physical_weights_20260731_v1/train_candidate_run2_physical_weights.parquet	d5315ed70bb0298b4fc67e6e8c41437a7457b9b28b10fea2982d95b96275e2d3	30652	30652	0	0	0	True	0	False	no_sidecar_rows_required_for_zero_candidates
hard_qcd	background	qcd_hardqcd	qcd_hardqcd_importance_adaptive1500k_phys_wave3_20260718	qcd_hardqcd_importance_adaptive1500k_phys_wave3_20260718_bin01_pthat75to100_shard1129_seed1211129	137	qcd_uniform_constant	10000	0	/uscms_data/d3/iturkmen/hh4b_delphes/parquet_materialized/background_frozen_v2_strict493_materialization_20260724_v1/train/qcd_hardqcd/0102_qcd_hardqcd_importance_adaptive1500k_phys_wave3_20260718_bin01_pthat75to100_shard1129_seed1211129_hh4b_candidates_v2.parquet	a895d60c3634d5e3b0d305fbd8a89c1adb2d7eb2a79f698bc0eff08f3be0ef20	/uscms/home/iturkmen/physical_weight_sidecars/train_candidate_run2_physical_weights_20260731_v1/train_candidate_run2_physical_weights.parquet	d5315ed70bb0298b4fc67e6e8c41437a7457b9b28b10fea2982d95b96275e2d3	30652	30652	0	0	0	True	0	False	no_sidecar_rows_required_for_zero_candidates
hard_qcd	background	qcd_hardqcd	qcd_hardqcd_importance_adaptive1500k_phys_wave3_20260718	qcd_hardqcd_importance_adaptive1500k_phys_wave3_20260718_bin01_pthat75to100_shard1130_seed1211130	138	qcd_uniform_constant	10000	0	/uscms_data/d3/iturkmen/hh4b_delphes/parquet_materialized/background_frozen_v2_strict493_materialization_20260724_v1/train/qcd_hardqcd/0103_qcd_hardqcd_importance_adaptive1500k_phys_wave3_20260718_bin01_pthat75to100_shard1130_seed1211130_hh4b_candidates_v2.parquet	a895d60c3634d5e3b0d305fbd8a89c1adb2d7eb2a79f698bc0eff08f3be0ef20	/uscms/home/iturkmen/physical_weight_sidecars/train_candidate_run2_physical_weights_20260731_v1/train_candidate_run2_physical_weights.parquet	d5315ed70bb0298b4fc67e6e8c41437a7457b9b28b10fea2982d95b96275e2d3	30652	30652	0	0	0	True	0	False	no_sidecar_rows_required_for_zero_candidates
hard_qcd	background	qcd_hardqcd	qcd_hardqcd_importance_adaptive1500k_phys_wave3_20260718	qcd_hardqcd_importance_adaptive1500k_phys_wave3_20260718_bin02_pthat100to200_shard1150_seed1221150	139	qcd_uniform_constant	10000	1	/uscms_data/d3/iturkmen/hh4b_delphes/parquet_materialized/background_frozen_v2_strict493_materialization_20260724_v1/train/qcd_hardqcd/0121_qcd_hardqcd_importance_adaptive1500k_phys_wave3_20260718_bin02_pthat100to200_shard1150_seed1221150_hh4b_candidates_v2.parquet	a4995974e6fd147eef39df844cdbe4c56d687b7fe2116e796e533b0d6610d91b	/uscms/home/iturkmen/physical_weight_sidecars/train_candidate_run2_physical_weights_20260731_v1/train_candidate_run2_physical_weights.parquet	d5315ed70bb0298b4fc67e6e8c41437a7457b9b28b10fea2982d95b96275e2d3	30652	30653	0	0	1	True	1	False	not_applicable
hard_qcd	background	qcd_hardqcd	qcd_hardqcd_importance_adaptive1500k_phys_wave3_20260718	qcd_hardqcd_importance_adaptive1500k_phys_wave3_20260718_bin02_pthat100to200_shard1151_seed1221151	140	qcd_uniform_constant	10000	0	/uscms_data/d3/iturkmen/hh4b_delphes/parquet_materialized/background_frozen_v2_strict493_materialization_20260724_v1/train/qcd_hardqcd/0122_qcd_hardqcd_importance_adaptive1500k_phys_wave3_20260718_bin02_pthat100to200_shard1151_seed1221151_hh4b_candidates_v2.parquet	a895d60c3634d5e3b0d305fbd8a89c1adb2d7eb2a79f698bc0eff08f3be0ef20	/uscms/home/iturkmen/physical_weight_sidecars/train_candidate_run2_physical_weights_20260731_v1/train_candidate_run2_physical_weights.parquet	d5315ed70bb0298b4fc67e6e8c41437a7457b9b28b10fea2982d95b96275e2d3	30653	30653	0	0	0	True	0	False	no_sidecar_rows_required_for_zero_candidates
hard_qcd	background	qcd_hardqcd	qcd_hardqcd_importance_adaptive1500k_phys_wave3_20260718	qcd_hardqcd_importance_adaptive1500k_phys_wave3_20260718_bin02_pthat100to200_shard1152_seed1221152	141	qcd_uniform_constant	10000	1	/uscms_data/d3/iturkmen/hh4b_delphes/parquet_materialized/background_frozen_v2_strict493_materialization_20260724_v1/train/qcd_hardqcd/0123_qcd_hardqcd_importance_adaptive1500k_phys_wave3_20260718_bin02_pthat100to200_shard1152_seed1221152_hh4b_candidates_v2.parquet	1fc3cf404dc63e41b8db889533157a43e5aaa9e40ff7dbeff1779c37baa33a5e	/uscms/home/iturkmen/physical_weight_sidecars/train_candidate_run2_physical_weights_20260731_v1/train_candidate_run2_physical_weights.parquet	d5315ed70bb0298b4fc67e6e8c41437a7457b9b28b10fea2982d95b96275e2d3	30653	30654	0	0	1	True	1	False	not_applicable
hard_qcd	background	qcd_hardqcd	qcd_hardqcd_importance_adaptive1500k_phys_wave3_20260718	qcd_hardqcd_importance_adaptive1500k_phys_wave3_20260718_bin02_pthat100to200_shard1154_seed1221154	142	qcd_uniform_constant	10000	0	/uscms_data/d3/iturkmen/hh4b_delphes/parquet_materialized/background_frozen_v2_strict493_materialization_20260724_v1/train/qcd_hardqcd/0124_qcd_hardqcd_importance_adaptive1500k_phys_wave3_20260718_bin02_pthat100to200_shard1154_seed1221154_hh4b_candidates_v2.parquet	a895d60c3634d5e3b0d305fbd8a89c1adb2d7eb2a79f698bc0eff08f3be0ef20	/uscms/home/iturkmen/physical_weight_sidecars/train_candidate_run2_physical_weights_20260731_v1/train_candidate_run2_physical_weights.parquet	d5315ed70bb0298b4fc67e6e8c41437a7457b9b28b10fea2982d95b96275e2d3	30654	30654	0	0	0	True	0	False	no_sidecar_rows_required_for_zero_candidates
hard_qcd	background	qcd_hardqcd	qcd_hardqcd_importance_adaptive1500k_phys_wave3_20260718	qcd_hardqcd_importance_adaptive1500k_phys_wave3_20260718_bin02_pthat100to200_shard1155_seed1221155	143	qcd_uniform_constant	10000	0	/uscms_data/d3/iturkmen/hh4b_delphes/parquet_materialized/background_frozen_v2_strict493_materialization_20260724_v1/train/qcd_hardqcd/0125_qcd_hardqcd_importance_adaptive1500k_phys_wave3_20260718_bin02_pthat100to200_shard1155_seed1221155_hh4b_candidates_v2.parquet	a895d60c3634d5e3b0d305fbd8a89c1adb2d7eb2a79f698bc0eff08f3be0ef20	/uscms/home/iturkmen/physical_weight_sidecars/train_candidate_run2_physical_weights_20260731_v1/train_candidate_run2_physical_weights.parquet	d5315ed70bb0298b4fc67e6e8c41437a7457b9b28b10fea2982d95b96275e2d3	30654	30654	0	0	0	True	0	False	no_sidecar_rows_required_for_zero_candidates
hard_qcd	background	qcd_hardqcd	qcd_hardqcd_importance_adaptive1500k_phys_wave3_20260718	qcd_hardqcd_importance_adaptive1500k_phys_wave3_20260718_bin02_pthat100to200_shard1157_seed1221157	144	qcd_uniform_constant	10000	0	/uscms_data/d3/iturkmen/hh4b_delphes/parquet_materialized/background_frozen_v2_strict493_materialization_20260724_v1/train/qcd_hardqcd/0126_qcd_hardqcd_importance_adaptive1500k_phys_wave3_20260718_bin02_pthat100to200_shard1157_seed1221157_hh4b_candidates_v2.parquet	a895d60c3634d5e3b0d305fbd8a89c1adb2d7eb2a79f698bc0eff08f3be0ef20	/uscms/home/iturkmen/physical_weight_sidecars/train_candidate_run2_physical_weights_20260731_v1/train_candidate_run2_physical_weights.parquet	d5315ed70bb0298b4fc67e6e8c41437a7457b9b28b10fea2982d95b96275e2d3	30654	30654	0	0	0	True	0	False	no_sidecar_rows_required_for_zero_candidates
hard_qcd	background	qcd_hardqcd	qcd_hardqcd_importance_adaptive1500k_phys_wave3_20260718	qcd_hardqcd_importance_adaptive1500k_phys_wave3_20260718_bin02_pthat100to200_shard1159_seed1221159	145	qcd_uniform_constant	10000	0	/uscms_data/d3/iturkmen/hh4b_delphes/parquet_materialized/background_frozen_v2_strict493_materialization_20260724_v1/train/qcd_hardqcd/0127_qcd_hardqcd_importance_adaptive1500k_phys_wave3_20260718_bin02_pthat100to200_shard1159_seed1221159_hh4b_candidates_v2.parquet	a895d60c3634d5e3b0d305fbd8a89c1adb2d7eb2a79f698bc0eff08f3be0ef20	/uscms/home/iturkmen/physical_weight_sidecars/train_candidate_run2_physical_weights_20260731_v1/train_candidate_run2_physical_weights.parquet	d5315ed70bb0298b4fc67e6e8c41437a7457b9b28b10fea2982d95b96275e2d3	30654	30654	0	0	0	True	0	False	no_sidecar_rows_required_for_zero_candidates
hard_qcd	background	qcd_hardqcd	qcd_hardqcd_importance_adaptive1500k_phys_wave3_20260718	qcd_hardqcd_importance_adaptive1500k_phys_wave3_20260718_bin02_pthat100to200_shard1161_seed1221161	146	qcd_uniform_constant	10000	1	/uscms_data/d3/iturkmen/hh4b_delphes/parquet_materialized/background_frozen_v2_strict493_materialization_20260724_v1/train/qcd_hardqcd/0128_qcd_hardqcd_importance_adaptive1500k_phys_wave3_20260718_bin02_pthat100to200_shard1161_seed1221161_hh4b_candidates_v2.parquet	153e9c6d16bb74d132935b393eb73e39ab2d4ae723396061b17e40ba934d23c2	/uscms/home/iturkmen/physical_weight_sidecars/train_candidate_run2_physical_weights_20260731_v1/train_candidate_run2_physical_weights.parquet	d5315ed70bb0298b4fc67e6e8c41437a7457b9b28b10fea2982d95b96275e2d3	30654	30655	0	0	1	True	1	False	not_applicable
hard_qcd	background	qcd_hardqcd	qcd_hardqcd_importance_adaptive1500k_phys_wave3_20260718	qcd_hardqcd_importance_adaptive1500k_phys_wave3_20260718_bin02_pthat100to200_shard1162_seed1221162	147	qcd_uniform_constant	10000	0	/uscms_data/d3/iturkmen/hh4b_delphes/parquet_materialized/background_frozen_v2_strict493_materialization_20260724_v1/train/qcd_hardqcd/0129_qcd_hardqcd_importance_adaptive1500k_phys_wave3_20260718_bin02_pthat100to200_shard1162_seed1221162_hh4b_candidates_v2.parquet	a895d60c3634d5e3b0d305fbd8a89c1adb2d7eb2a79f698bc0eff08f3be0ef20	/uscms/home/iturkmen/physical_weight_sidecars/train_candidate_run2_physical_weights_20260731_v1/train_candidate_run2_physical_weights.parquet	d5315ed70bb0298b4fc67e6e8c41437a7457b9b28b10fea2982d95b96275e2d3	30655	30655	0	0	0	True	0	False	no_sidecar_rows_required_for_zero_candidates
hard_qcd	background	qcd_hardqcd	qcd_hardqcd_importance_adaptive1500k_phys_wave3_20260718	qcd_hardqcd_importance_adaptive1500k_phys_wave3_20260718_bin02_pthat100to200_shard1163_seed1221163	148	qcd_uniform_constant	10000	1	/uscms_data/d3/iturkmen/hh4b_delphes/parquet_materialized/background_frozen_v2_strict493_materialization_20260724_v1/train/qcd_hardqcd/0130_qcd_hardqcd_importance_adaptive1500k_phys_wave3_20260718_bin02_pthat100to200_shard1163_seed1221163_hh4b_candidates_v2.parquet	227fb4a07a1c8b8eec8d6be301e59d6a890383a472d80fe510c8f86b4cf88d26	/uscms/home/iturkmen/physical_weight_sidecars/train_candidate_run2_physical_weights_20260731_v1/train_candidate_run2_physical_weights.parquet	d5315ed70bb0298b4fc67e6e8c41437a7457b9b28b10fea2982d95b96275e2d3	30655	30656	0	0	1	True	1	False	not_applicable
hard_qcd	background	qcd_hardqcd	qcd_hardqcd_importance_adaptive1500k_phys_wave3_20260718	qcd_hardqcd_importance_adaptive1500k_phys_wave3_20260718_bin02_pthat100to200_shard1166_seed1221166	149	qcd_uniform_constant	10000	0	/uscms_data/d3/iturkmen/hh4b_delphes/parquet_materialized/background_frozen_v2_strict493_materialization_20260724_v1/train/qcd_hardqcd/0131_qcd_hardqcd_importance_adaptive1500k_phys_wave3_20260718_bin02_pthat100to200_shard1166_seed1221166_hh4b_candidates_v2.parquet	a895d60c3634d5e3b0d305fbd8a89c1adb2d7eb2a79f698bc0eff08f3be0ef20	/uscms/home/iturkmen/physical_weight_sidecars/train_candidate_run2_physical_weights_20260731_v1/train_candidate_run2_physical_weights.parquet	d5315ed70bb0298b4fc67e6e8c41437a7457b9b28b10fea2982d95b96275e2d3	30656	30656	0	0	0	True	0	False	no_sidecar_rows_required_for_zero_candidates
hard_qcd	background	qcd_hardqcd	qcd_hardqcd_importance_adaptive1500k_phys_wave3_20260718	qcd_hardqcd_importance_adaptive1500k_phys_wave3_20260718_bin02_pthat100to200_shard1167_seed1221167	150	qcd_uniform_constant	10000	0	/uscms_data/d3/iturkmen/hh4b_delphes/parquet_materialized/background_frozen_v2_strict493_materialization_20260724_v1/train/qcd_hardqcd/0132_qcd_hardqcd_importance_adaptive1500k_phys_wave3_20260718_bin02_pthat100to200_shard1167_seed1221167_hh4b_candidates_v2.parquet	a895d60c3634d5e3b0d305fbd8a89c1adb2d7eb2a79f698bc0eff08f3be0ef20	/uscms/home/iturkmen/physical_weight_sidecars/train_candidate_run2_physical_weights_20260731_v1/train_candidate_run2_physical_weights.parquet	d5315ed70bb0298b4fc67e6e8c41437a7457b9b28b10fea2982d95b96275e2d3	30656	30656	0	0	0	True	0	False	no_sidecar_rows_required_for_zero_candidates
hard_qcd	background	qcd_hardqcd	qcd_hardqcd_importance_adaptive1500k_phys_wave3_20260718	qcd_hardqcd_importance_adaptive1500k_phys_wave3_20260718_bin02_pthat100to200_shard1169_seed1221169	151	qcd_uniform_constant	10000	0	/uscms_data/d3/iturkmen/hh4b_delphes/parquet_materialized/background_frozen_v2_strict493_materialization_20260724_v1/train/qcd_hardqcd/0133_qcd_hardqcd_importance_adaptive1500k_phys_wave3_20260718_bin02_pthat100to200_shard1169_seed1221169_hh4b_candidates_v2.parquet	a895d60c3634d5e3b0d305fbd8a89c1adb2d7eb2a79f698bc0eff08f3be0ef20	/uscms/home/iturkmen/physical_weight_sidecars/train_candidate_run2_physical_weights_20260731_v1/train_candidate_run2_physical_weights.parquet	d5315ed70bb0298b4fc67e6e8c41437a7457b9b28b10fea2982d95b96275e2d3	30656	30656	0	0	0	True	0	False	no_sidecar_rows_required_for_zero_candidates
hard_qcd	background	qcd_hardqcd	qcd_hardqcd_importance_adaptive1500k_phys_wave3_20260718	qcd_hardqcd_importance_adaptive1500k_phys_wave3_20260718_bin02_pthat100to200_shard1170_seed1221170	152	qcd_uniform_constant	10000	0	/uscms_data/d3/iturkmen/hh4b_delphes/parquet_materialized/background_frozen_v2_strict493_materialization_20260724_v1/train/qcd_hardqcd/0134_qcd_hardqcd_importance_adaptive1500k_phys_wave3_20260718_bin02_pthat100to200_shard1170_seed1221170_hh4b_candidates_v2.parquet	a895d60c3634d5e3b0d305fbd8a89c1adb2d7eb2a79f698bc0eff08f3be0ef20	/uscms/home/iturkmen/physical_weight_sidecars/train_candidate_run2_physical_weights_20260731_v1/train_candidate_run2_physical_weights.parquet	d5315ed70bb0298b4fc67e6e8c41437a7457b9b28b10fea2982d95b96275e2d3	30656	30656	0	0	0	True	0	False	no_sidecar_rows_required_for_zero_candidates
hard_qcd	background	qcd_hardqcd	qcd_hardqcd_importance_adaptive1500k_phys_wave3_20260718	qcd_hardqcd_importance_adaptive1500k_phys_wave3_20260718_bin02_pthat100to200_shard1171_seed1221171	153	qcd_uniform_constant	10000	0	/uscms_data/d3/iturkmen/hh4b_delphes/parquet_materialized/background_frozen_v2_strict493_materialization_20260724_v1/train/qcd_hardqcd/0135_qcd_hardqcd_importance_adaptive1500k_phys_wave3_20260718_bin02_pthat100to200_shard1171_seed1221171_hh4b_candidates_v2.parquet	a895d60c3634d5e3b0d305fbd8a89c1adb2d7eb2a79f698bc0eff08f3be0ef20	/uscms/home/iturkmen/physical_weight_sidecars/train_candidate_run2_physical_weights_20260731_v1/train_candidate_run2_physical_weights.parquet	d5315ed70bb0298b4fc67e6e8c41437a7457b9b28b10fea2982d95b96275e2d3	30656	30656	0	0	0	True	0	False	no_sidecar_rows_required_for_zero_candidates
hard_qcd	background	qcd_hardqcd	qcd_hardqcd_importance_adaptive1500k_phys_wave3_20260718	qcd_hardqcd_importance_adaptive1500k_phys_wave3_20260718_bin02_pthat100to200_shard1173_seed1221173	154	qcd_uniform_constant	10000	1	/uscms_data/d3/iturkmen/hh4b_delphes/parquet_materialized/background_frozen_v2_strict493_materialization_20260724_v1/train/qcd_hardqcd/0136_qcd_hardqcd_importance_adaptive1500k_phys_wave3_20260718_bin02_pthat100to200_shard1173_seed1221173_hh4b_candidates_v2.parquet	6beebe6a10c28534b573c7dbced414e56dc6e354214d06d55380650f3bd8d049	/uscms/home/iturkmen/physical_weight_sidecars/train_candidate_run2_physical_weights_20260731_v1/train_candidate_run2_physical_weights.parquet	d5315ed70bb0298b4fc67e6e8c41437a7457b9b28b10fea2982d95b96275e2d3	30656	30657	0	0	1	True	1	False	not_applicable
hard_qcd	background	qcd_hardqcd	qcd_hardqcd_importance_adaptive1500k_phys_wave3_20260718	qcd_hardqcd_importance_adaptive1500k_phys_wave3_20260718_bin02_pthat100to200_shard1174_seed1221174	155	qcd_uniform_constant	10000	2	/uscms_data/d3/iturkmen/hh4b_delphes/parquet_materialized/background_frozen_v2_strict493_materialization_20260724_v1/train/qcd_hardqcd/0137_qcd_hardqcd_importance_adaptive1500k_phys_wave3_20260718_bin02_pthat100to200_shard1174_seed1221174_hh4b_candidates_v2.parquet	3d8acb38deffa2b8406dd8e0dd5b6e95ca8114df4aa3d880b9f4b355cedb5d79	/uscms/home/iturkmen/physical_weight_sidecars/train_candidate_run2_physical_weights_20260731_v1/train_candidate_run2_physical_weights.parquet	d5315ed70bb0298b4fc67e6e8c41437a7457b9b28b10fea2982d95b96275e2d3	30657	30659	0	0	2	True	2	False	not_applicable
hard_qcd	background	qcd_hardqcd	qcd_hardqcd_importance_adaptive1500k_phys_wave3_20260718	qcd_hardqcd_importance_adaptive1500k_phys_wave3_20260718_bin02_pthat100to200_shard1175_seed1221175	156	qcd_uniform_constant	10000	0	/uscms_data/d3/iturkmen/hh4b_delphes/parquet_materialized/background_frozen_v2_strict493_materialization_20260724_v1/train/qcd_hardqcd/0138_qcd_hardqcd_importance_adaptive1500k_phys_wave3_20260718_bin02_pthat100to200_shard1175_seed1221175_hh4b_candidates_v2.parquet	a895d60c3634d5e3b0d305fbd8a89c1adb2d7eb2a79f698bc0eff08f3be0ef20	/uscms/home/iturkmen/physical_weight_sidecars/train_candidate_run2_physical_weights_20260731_v1/train_candidate_run2_physical_weights.parquet	d5315ed70bb0298b4fc67e6e8c41437a7457b9b28b10fea2982d95b96275e2d3	30659	30659	0	0	0	True	0	False	no_sidecar_rows_required_for_zero_candidates
hard_qcd	background	qcd_hardqcd	qcd_hardqcd_importance_adaptive1500k_phys_wave3_20260718	qcd_hardqcd_importance_adaptive1500k_phys_wave3_20260718_bin02_pthat100to200_shard1176_seed1221176	157	qcd_uniform_constant	10000	0	/uscms_data/d3/iturkmen/hh4b_delphes/parquet_materialized/background_frozen_v2_strict493_materialization_20260724_v1/train/qcd_hardqcd/0139_qcd_hardqcd_importance_adaptive1500k_phys_wave3_20260718_bin02_pthat100to200_shard1176_seed1221176_hh4b_candidates_v2.parquet	a895d60c3634d5e3b0d305fbd8a89c1adb2d7eb2a79f698bc0eff08f3be0ef20	/uscms/home/iturkmen/physical_weight_sidecars/train_candidate_run2_physical_weights_20260731_v1/train_candidate_run2_physical_weights.parquet	d5315ed70bb0298b4fc67e6e8c41437a7457b9b28b10fea2982d95b96275e2d3	30659	30659	0	0	0	True	0	False	no_sidecar_rows_required_for_zero_candidates
hard_qcd	background	qcd_hardqcd	qcd_hardqcd_importance_adaptive1500k_phys_wave3_20260718	qcd_hardqcd_importance_adaptive1500k_phys_wave3_20260718_bin02_pthat100to200_shard1177_seed1221177	158	qcd_uniform_constant	10000	1	/uscms_data/d3/iturkmen/hh4b_delphes/parquet_materialized/background_frozen_v2_strict493_materialization_20260724_v1/train/qcd_hardqcd/0140_qcd_hardqcd_importance_adaptive1500k_phys_wave3_20260718_bin02_pthat100to200_shard1177_seed1221177_hh4b_candidates_v2.parquet	12bb95107b4d90421f811dee6d7c8c6dcd32cabeecedc640fc549187beefc968	/uscms/home/iturkmen/physical_weight_sidecars/train_candidate_run2_physical_weights_20260731_v1/train_candidate_run2_physical_weights.parquet	d5315ed70bb0298b4fc67e6e8c41437a7457b9b28b10fea2982d95b96275e2d3	30659	30660	0	0	1	True	1	False	not_applicable
hard_qcd	background	qcd_hardqcd	qcd_hardqcd_importance_adaptive1500k_phys_wave3_20260718	qcd_hardqcd_importance_adaptive1500k_phys_wave3_20260718_bin03_pthat200to300_shard1178_seed1231178	159	qcd_uniform_constant	10000	2	/uscms_data/d3/iturkmen/hh4b_delphes/parquet_materialized/background_frozen_v2_strict493_materialization_20260724_v1/train/qcd_hardqcd/0141_qcd_hardqcd_importance_adaptive1500k_phys_wave3_20260718_bin03_pthat200to300_shard1178_seed1231178_hh4b_candidates_v2.parquet	af64cc1bca0b1325f3910a6fcf697b561f3401501c2c5978683e017d509d8edd	/uscms/home/iturkmen/physical_weight_sidecars/train_candidate_run2_physical_weights_20260731_v1/train_candidate_run2_physical_weights.parquet	d5315ed70bb0298b4fc67e6e8c41437a7457b9b28b10fea2982d95b96275e2d3	30660	30662	0	0	2	True	2	False	not_applicable
hard_qcd	background	qcd_hardqcd	qcd_hardqcd_importance_adaptive1500k_phys_wave3_20260718	qcd_hardqcd_importance_adaptive1500k_phys_wave3_20260718_bin04_pthat300to500_shard1179_seed1241179	160	qcd_uniform_constant	10000	6	/uscms_data/d3/iturkmen/hh4b_delphes/parquet_materialized/background_frozen_v2_strict493_materialization_20260724_v1/train/qcd_hardqcd/0142_qcd_hardqcd_importance_adaptive1500k_phys_wave3_20260718_bin04_pthat300to500_shard1179_seed1241179_hh4b_candidates_v2.parquet	526e7663a2500bfec65847966565ae92ce96491378f9e98ccc208a7642f24f57	/uscms/home/iturkmen/physical_weight_sidecars/train_candidate_run2_physical_weights_20260731_v1/train_candidate_run2_physical_weights.parquet	d5315ed70bb0298b4fc67e6e8c41437a7457b9b28b10fea2982d95b96275e2d3	30662	30668	0	0	6	True	6	False	not_applicable
hard_qcd	background	qcd_hardqcd	qcd_hardqcd_importance_adaptive1500k_phys_wave3_20260718	qcd_hardqcd_importance_adaptive1500k_phys_wave3_20260718_bin05_pthat500to700_shard1180_seed1251180	161	qcd_uniform_constant	10000	1	/uscms_data/d3/iturkmen/hh4b_delphes/parquet_materialized/background_frozen_v2_strict493_materialization_20260724_v1/train/qcd_hardqcd/0143_qcd_hardqcd_importance_adaptive1500k_phys_wave3_20260718_bin05_pthat500to700_shard1180_seed1251180_hh4b_candidates_v2.parquet	4f6603d29655e3a43fc63e43724c9540f0bff5d4c1d7a4e090658be7dffe2a5c	/uscms/home/iturkmen/physical_weight_sidecars/train_candidate_run2_physical_weights_20260731_v1/train_candidate_run2_physical_weights.parquet	d5315ed70bb0298b4fc67e6e8c41437a7457b9b28b10fea2982d95b96275e2d3	30668	30669	0	0	1	True	1	False	not_applicable
hard_qcd	background	qcd_hardqcd	qcd_hardqcd_importance_adaptive1500k_phys_wave3_20260718	qcd_hardqcd_importance_adaptive1500k_phys_wave3_20260718_bin06_pthat700to1000_shard1181_seed1261181	162	qcd_uniform_constant	10000	1	/uscms_data/d3/iturkmen/hh4b_delphes/parquet_materialized/background_frozen_v2_strict493_materialization_20260724_v1/train/qcd_hardqcd/0144_qcd_hardqcd_importance_adaptive1500k_phys_wave3_20260718_bin06_pthat700to1000_shard1181_seed1261181_hh4b_candidates_v2.parquet	26117ea91d630865f3537c66b19ad856c9d1367f81bc6f63dcabd53b6143f474	/uscms/home/iturkmen/physical_weight_sidecars/train_candidate_run2_physical_weights_20260731_v1/train_candidate_run2_physical_weights.parquet	d5315ed70bb0298b4fc67e6e8c41437a7457b9b28b10fea2982d95b96275e2d3	30669	30670	0	0	1	True	1	False	not_applicable
hard_qcd	background	qcd_hardqcd	qcd_hardqcd_importance_adaptive1500k_phys_wave3_20260718	qcd_hardqcd_importance_adaptive1500k_phys_wave3_20260718_bin07_pthat1000toInf_shard1182_seed1271182	163	qcd_uniform_constant	10000	8	/uscms_data/d3/iturkmen/hh4b_delphes/parquet_materialized/background_frozen_v2_strict493_materialization_20260724_v1/train/qcd_hardqcd/0145_qcd_hardqcd_importance_adaptive1500k_phys_wave3_20260718_bin07_pthat1000toInf_shard1182_seed1271182_hh4b_candidates_v2.parquet	edde94a37606239890a189429cdfe2f62ab21a89d1cc6ef097495d01e184ddda	/uscms/home/iturkmen/physical_weight_sidecars/train_candidate_run2_physical_weights_20260731_v1/train_candidate_run2_physical_weights.parquet	d5315ed70bb0298b4fc67e6e8c41437a7457b9b28b10fea2982d95b96275e2d3	30670	30678	0	0	8	True	8	False	not_applicable
hard_qcd	background	qcd_hardqcd	qcd_hardqcd_importance_adaptive500k_phys_20260717_0022	qcd_hardqcd_importance_adaptive500k_phys_20260717_0022_bin00_pthat50to75_shard1823_seed1201823	164	qcd_uniform_constant	10000	0	/uscms_data/d3/iturkmen/hh4b_delphes/parquet_materialized/background_frozen_v2_strict493_materialization_20260724_v1/train/qcd_hardqcd/0150_qcd_hardqcd_importance_adaptive500k_phys_20260717_0022_bin00_pthat50to75_shard1823_seed1201823_hh4b_candidates_v2.parquet	a895d60c3634d5e3b0d305fbd8a89c1adb2d7eb2a79f698bc0eff08f3be0ef20	/uscms/home/iturkmen/physical_weight_sidecars/train_candidate_run2_physical_weights_20260731_v1/train_candidate_run2_physical_weights.parquet	d5315ed70bb0298b4fc67e6e8c41437a7457b9b28b10fea2982d95b96275e2d3	30678	30678	0	0	0	True	0	False	no_sidecar_rows_required_for_zero_candidates
hard_qcd	background	qcd_hardqcd	qcd_hardqcd_importance_adaptive500k_phys_20260717_0022	qcd_hardqcd_importance_adaptive500k_phys_20260717_0022_bin00_pthat50to75_shard1827_seed1201827	165	qcd_uniform_constant	10000	0	/uscms_data/d3/iturkmen/hh4b_delphes/parquet_materialized/background_frozen_v2_strict493_materialization_20260724_v1/train/qcd_hardqcd/0154_qcd_hardqcd_importance_adaptive500k_phys_20260717_0022_bin00_pthat50to75_shard1827_seed1201827_hh4b_candidates_v2.parquet	a895d60c3634d5e3b0d305fbd8a89c1adb2d7eb2a79f698bc0eff08f3be0ef20	/uscms/home/iturkmen/physical_weight_sidecars/train_candidate_run2_physical_weights_20260731_v1/train_candidate_run2_physical_weights.parquet	d5315ed70bb0298b4fc67e6e8c41437a7457b9b28b10fea2982d95b96275e2d3	30678	30678	0	0	0	True	0	False	no_sidecar_rows_required_for_zero_candidates
hard_qcd	background	qcd_hardqcd	qcd_hardqcd_importance_adaptive500k_phys_20260717_0022	qcd_hardqcd_importance_adaptive500k_phys_20260717_0022_bin00_pthat50to75_shard1845_seed1201845	166	qcd_uniform_constant	10000	0	/uscms_data/d3/iturkmen/hh4b_delphes/parquet_materialized/background_frozen_v2_strict493_materialization_20260724_v1/train/qcd_hardqcd/0167_qcd_hardqcd_importance_adaptive500k_phys_20260717_0022_bin00_pthat50to75_shard1845_seed1201845_hh4b_candidates_v2.parquet	a895d60c3634d5e3b0d305fbd8a89c1adb2d7eb2a79f698bc0eff08f3be0ef20	/uscms/home/iturkmen/physical_weight_sidecars/train_candidate_run2_physical_weights_20260731_v1/train_candidate_run2_physical_weights.parquet	d5315ed70bb0298b4fc67e6e8c41437a7457b9b28b10fea2982d95b96275e2d3	30678	30678	0	0	0	True	0	False	no_sidecar_rows_required_for_zero_candidates
hard_qcd	background	qcd_hardqcd	qcd_hardqcd_importance_adaptive500k_phys_20260717_0022	qcd_hardqcd_importance_adaptive500k_phys_20260717_0022_bin02_pthat100to200_shard1858_seed1221858	167	qcd_uniform_constant	10000	0	/uscms_data/d3/iturkmen/hh4b_delphes/parquet_materialized/background_frozen_v2_strict493_materialization_20260724_v1/train/qcd_hardqcd/0178_qcd_hardqcd_importance_adaptive500k_phys_20260717_0022_bin02_pthat100to200_shard1858_seed1221858_hh4b_candidates_v2.parquet	a895d60c3634d5e3b0d305fbd8a89c1adb2d7eb2a79f698bc0eff08f3be0ef20	/uscms/home/iturkmen/physical_weight_sidecars/train_candidate_run2_physical_weights_20260731_v1/train_candidate_run2_physical_weights.parquet	d5315ed70bb0298b4fc67e6e8c41437a7457b9b28b10fea2982d95b96275e2d3	30678	30678	0	0	0	True	0	False	no_sidecar_rows_required_for_zero_candidates
hard_qcd	background	qcd_hardqcd	qcd_hardqcd_importance_adaptive500k_phys_20260717_0022	qcd_hardqcd_importance_adaptive500k_phys_20260717_0022_bin02_pthat100to200_shard1860_seed1221860	168	qcd_uniform_constant	10000	1	/uscms_data/d3/iturkmen/hh4b_delphes/parquet_materialized/background_frozen_v2_strict493_materialization_20260724_v1/train/qcd_hardqcd/0179_qcd_hardqcd_importance_adaptive500k_phys_20260717_0022_bin02_pthat100to200_shard1860_seed1221860_hh4b_candidates_v2.parquet	601c57a86ae3cdba66b7a38c7c61e19b7f42960d6bee837c8e349db1689470ea	/uscms/home/iturkmen/physical_weight_sidecars/train_candidate_run2_physical_weights_20260731_v1/train_candidate_run2_physical_weights.parquet	d5315ed70bb0298b4fc67e6e8c41437a7457b9b28b10fea2982d95b96275e2d3	30678	30679	0	0	1	True	1	False	not_applicable
hard_qcd	background	qcd_hardqcd	qcd_hardqcd_importance_adaptive500k_phys_20260717_0022	qcd_hardqcd_importance_adaptive500k_phys_20260717_0022_bin02_pthat100to200_shard1861_seed1221861	169	qcd_uniform_constant	10000	0	/uscms_data/d3/iturkmen/hh4b_delphes/parquet_materialized/background_frozen_v2_strict493_materialization_20260724_v1/train/qcd_hardqcd/0180_qcd_hardqcd_importance_adaptive500k_phys_20260717_0022_bin02_pthat100to200_shard1861_seed1221861_hh4b_candidates_v2.parquet	a895d60c3634d5e3b0d305fbd8a89c1adb2d7eb2a79f698bc0eff08f3be0ef20	/uscms/home/iturkmen/physical_weight_sidecars/train_candidate_run2_physical_weights_20260731_v1/train_candidate_run2_physical_weights.parquet	d5315ed70bb0298b4fc67e6e8c41437a7457b9b28b10fea2982d95b96275e2d3	30679	30679	0	0	0	True	0	False	no_sidecar_rows_required_for_zero_candidates
hard_qcd	background	qcd_hardqcd	qcd_hardqcd_importance_adaptive500k_phys_20260717_0022	qcd_hardqcd_importance_adaptive500k_phys_20260717_0022_bin02_pthat100to200_shard1862_seed1221862	170	qcd_uniform_constant	8521	1	/uscms_data/d3/iturkmen/hh4b_delphes/parquet_materialized/background_frozen_v2_strict493_materialization_20260724_v1/train/qcd_hardqcd/0181_qcd_hardqcd_importance_adaptive500k_phys_20260717_0022_bin02_pthat100to200_shard1862_seed1221862_hh4b_candidates_v2.parquet	7d963cef9085d1bed9ab30ffcf434d3d5e467114f89edb82502b8bc87b18a4c7	/uscms/home/iturkmen/physical_weight_sidecars/train_candidate_run2_physical_weights_20260731_v1/train_candidate_run2_physical_weights.parquet	d5315ed70bb0298b4fc67e6e8c41437a7457b9b28b10fea2982d95b96275e2d3	30679	30680	0	0	1	True	1	False	not_applicable
hard_qcd	background	qcd_hardqcd	qcd_hardqcd_importance_adaptive500k_phys_20260717_0022	qcd_hardqcd_importance_adaptive500k_phys_20260717_0022_bin03_pthat200to300_shard1863_seed1231863	171	qcd_uniform_constant	10000	0	/uscms_data/d3/iturkmen/hh4b_delphes/parquet_materialized/background_frozen_v2_strict493_materialization_20260724_v1/train/qcd_hardqcd/0182_qcd_hardqcd_importance_adaptive500k_phys_20260717_0022_bin03_pthat200to300_shard1863_seed1231863_hh4b_candidates_v2.parquet	a895d60c3634d5e3b0d305fbd8a89c1adb2d7eb2a79f698bc0eff08f3be0ef20	/uscms/home/iturkmen/physical_weight_sidecars/train_candidate_run2_physical_weights_20260731_v1/train_candidate_run2_physical_weights.parquet	d5315ed70bb0298b4fc67e6e8c41437a7457b9b28b10fea2982d95b96275e2d3	30680	30680	0	0	0	True	0	False	no_sidecar_rows_required_for_zero_candidates
hard_qcd	background	qcd_hardqcd	qcd_hardqcd_importance_adaptive500k_phys_20260717_0022	qcd_hardqcd_importance_adaptive500k_phys_20260717_0022_bin04_pthat300to500_shard1865_seed1241865	172	qcd_uniform_constant	10000	2	/uscms_data/d3/iturkmen/hh4b_delphes/parquet_materialized/background_frozen_v2_strict493_materialization_20260724_v1/train/qcd_hardqcd/0183_qcd_hardqcd_importance_adaptive500k_phys_20260717_0022_bin04_pthat300to500_shard1865_seed1241865_hh4b_candidates_v2.parquet	5da13e1e6192759eca71c52894633805586916f397eaa5f70792ea6d3d41a8d9	/uscms/home/iturkmen/physical_weight_sidecars/train_candidate_run2_physical_weights_20260731_v1/train_candidate_run2_physical_weights.parquet	d5315ed70bb0298b4fc67e6e8c41437a7457b9b28b10fea2982d95b96275e2d3	30680	30682	0	0	2	True	2	False	not_applicable
hard_qcd	background	qcd_hardqcd	qcd_hardqcd_importance_adaptive500k_phys_20260717_0022	qcd_hardqcd_importance_adaptive500k_phys_20260717_0022_bin04_pthat300to500_shard1866_seed1241866	173	qcd_uniform_constant	2855	0	/uscms_data/d3/iturkmen/hh4b_delphes/parquet_materialized/background_frozen_v2_strict493_materialization_20260724_v1/train/qcd_hardqcd/0184_qcd_hardqcd_importance_adaptive500k_phys_20260717_0022_bin04_pthat300to500_shard1866_seed1241866_hh4b_candidates_v2.parquet	a895d60c3634d5e3b0d305fbd8a89c1adb2d7eb2a79f698bc0eff08f3be0ef20	/uscms/home/iturkmen/physical_weight_sidecars/train_candidate_run2_physical_weights_20260731_v1/train_candidate_run2_physical_weights.parquet	d5315ed70bb0298b4fc67e6e8c41437a7457b9b28b10fea2982d95b96275e2d3	30682	30682	0	0	0	True	0	False	no_sidecar_rows_required_for_zero_candidates
hard_qcd	background	qcd_hardqcd	qcd_hardqcd_importance_adaptive500k_phys_20260717_0022	qcd_hardqcd_importance_adaptive500k_phys_20260717_0022_bin05_pthat500to700_shard1867_seed1251867	174	qcd_uniform_constant	10000	8	/uscms_data/d3/iturkmen/hh4b_delphes/parquet_materialized/background_frozen_v2_strict493_materialization_20260724_v1/train/qcd_hardqcd/0185_qcd_hardqcd_importance_adaptive500k_phys_20260717_0022_bin05_pthat500to700_shard1867_seed1251867_hh4b_candidates_v2.parquet	5c1a715ed8bd89c08e46c5668d036f48480467d35a62314147fa285671d04f81	/uscms/home/iturkmen/physical_weight_sidecars/train_candidate_run2_physical_weights_20260731_v1/train_candidate_run2_physical_weights.parquet	d5315ed70bb0298b4fc67e6e8c41437a7457b9b28b10fea2982d95b96275e2d3	30682	30690	0	0	8	True	8	False	not_applicable
hard_qcd	background	qcd_hardqcd	qcd_hardqcd_importance_adaptive500k_phys_20260717_0022	qcd_hardqcd_importance_adaptive500k_phys_20260717_0022_bin05_pthat500to700_shard1868_seed1251868	175	qcd_uniform_constant	2526	0	/uscms_data/d3/iturkmen/hh4b_delphes/parquet_materialized/background_frozen_v2_strict493_materialization_20260724_v1/train/qcd_hardqcd/0186_qcd_hardqcd_importance_adaptive500k_phys_20260717_0022_bin05_pthat500to700_shard1868_seed1251868_hh4b_candidates_v2.parquet	a895d60c3634d5e3b0d305fbd8a89c1adb2d7eb2a79f698bc0eff08f3be0ef20	/uscms/home/iturkmen/physical_weight_sidecars/train_candidate_run2_physical_weights_20260731_v1/train_candidate_run2_physical_weights.parquet	d5315ed70bb0298b4fc67e6e8c41437a7457b9b28b10fea2982d95b96275e2d3	30690	30690	0	0	0	True	0	False	no_sidecar_rows_required_for_zero_candidates
hard_qcd	background	qcd_hardqcd	qcd_hardqcd_importance_adaptive500k_phys_20260717_0022	qcd_hardqcd_importance_adaptive500k_phys_20260717_0022_bin06_pthat700to1000_shard1869_seed1261869	176	qcd_uniform_constant	10000	5	/uscms_data/d3/iturkmen/hh4b_delphes/parquet_materialized/background_frozen_v2_strict493_materialization_20260724_v1/train/qcd_hardqcd/0187_qcd_hardqcd_importance_adaptive500k_phys_20260717_0022_bin06_pthat700to1000_shard1869_seed1261869_hh4b_candidates_v2.parquet	9347a6458c1c45923c235afe29ddf317fcfbabfd13cf1cf16cff0108e56d5389	/uscms/home/iturkmen/physical_weight_sidecars/train_candidate_run2_physical_weights_20260731_v1/train_candidate_run2_physical_weights.parquet	d5315ed70bb0298b4fc67e6e8c41437a7457b9b28b10fea2982d95b96275e2d3	30690	30695	0	0	5	True	5	False	not_applicable
hard_qcd	background	qcd_hardqcd	qcd_hardqcd_importance_adaptive500k_phys_20260717_0022	qcd_hardqcd_importance_adaptive500k_phys_20260717_0022_bin07_pthat1000toInf_shard1871_seed1271871	177	qcd_uniform_constant	10000	6	/uscms_data/d3/iturkmen/hh4b_delphes/parquet_materialized/background_frozen_v2_strict493_materialization_20260724_v1/train/qcd_hardqcd/0188_qcd_hardqcd_importance_adaptive500k_phys_20260717_0022_bin07_pthat1000toInf_shard1871_seed1271871_hh4b_candidates_v2.parquet	e41c754215e9756f5c03183de98b64e10905f267299f61b1407390931f012635	/uscms/home/iturkmen/physical_weight_sidecars/train_candidate_run2_physical_weights_20260731_v1/train_candidate_run2_physical_weights.parquet	d5315ed70bb0298b4fc67e6e8c41437a7457b9b28b10fea2982d95b96275e2d3	30695	30701	0	0	6	True	6	False	not_applicable
hard_qcd	background	qcd_hardqcd	qcd_hardqcd_importance_adaptive500k_phys_wave2_20260717	qcd_hardqcd_importance_adaptive500k_phys_wave2_20260717_bin00_pthat50to75_shard9777_seed1209777	178	qcd_uniform_constant	10000	0	/uscms_data/d3/iturkmen/hh4b_delphes/parquet_materialized/background_frozen_v2_strict493_materialization_20260724_v1/train/qcd_hardqcd/0193_qcd_hardqcd_importance_adaptive500k_phys_wave2_20260717_bin00_pthat50to75_shard9777_seed1209777_hh4b_candidates_v2.parquet	a895d60c3634d5e3b0d305fbd8a89c1adb2d7eb2a79f698bc0eff08f3be0ef20	/uscms/home/iturkmen/physical_weight_sidecars/train_candidate_run2_physical_weights_20260731_v1/train_candidate_run2_physical_weights.parquet	d5315ed70bb0298b4fc67e6e8c41437a7457b9b28b10fea2982d95b96275e2d3	30701	30701	0	0	0	True	0	False	no_sidecar_rows_required_for_zero_candidates
hard_qcd	background	qcd_hardqcd	qcd_hardqcd_importance_adaptive500k_phys_wave2_20260717	qcd_hardqcd_importance_adaptive500k_phys_wave2_20260717_bin00_pthat50to75_shard9797_seed1209797	179	qcd_uniform_constant	10000	0	/uscms_data/d3/iturkmen/hh4b_delphes/parquet_materialized/background_frozen_v2_strict493_materialization_20260724_v1/train/qcd_hardqcd/0204_qcd_hardqcd_importance_adaptive500k_phys_wave2_20260717_bin00_pthat50to75_shard9797_seed1209797_hh4b_candidates_v2.parquet	a895d60c3634d5e3b0d305fbd8a89c1adb2d7eb2a79f698bc0eff08f3be0ef20	/uscms/home/iturkmen/physical_weight_sidecars/train_candidate_run2_physical_weights_20260731_v1/train_candidate_run2_physical_weights.parquet	d5315ed70bb0298b4fc67e6e8c41437a7457b9b28b10fea2982d95b96275e2d3	30701	30701	0	0	0	True	0	False	no_sidecar_rows_required_for_zero_candidates
hard_qcd	background	qcd_hardqcd	qcd_hardqcd_importance_adaptive500k_phys_wave2_20260717	qcd_hardqcd_importance_adaptive500k_phys_wave2_20260717_bin02_pthat100to200_shard9815_seed1229815	180	qcd_uniform_constant	10000	0	/uscms_data/d3/iturkmen/hh4b_delphes/parquet_materialized/background_frozen_v2_strict493_materialization_20260724_v1/train/qcd_hardqcd/0213_qcd_hardqcd_importance_adaptive500k_phys_wave2_20260717_bin02_pthat100to200_shard9815_seed1229815_hh4b_candidates_v2.parquet	a895d60c3634d5e3b0d305fbd8a89c1adb2d7eb2a79f698bc0eff08f3be0ef20	/uscms/home/iturkmen/physical_weight_sidecars/train_candidate_run2_physical_weights_20260731_v1/train_candidate_run2_physical_weights.parquet	d5315ed70bb0298b4fc67e6e8c41437a7457b9b28b10fea2982d95b96275e2d3	30701	30701	0	0	0	True	0	False	no_sidecar_rows_required_for_zero_candidates
hard_qcd	background	qcd_hardqcd	qcd_hardqcd_importance_adaptive500k_phys_wave2_20260717	qcd_hardqcd_importance_adaptive500k_phys_wave2_20260717_bin02_pthat100to200_shard9816_seed1229816	181	qcd_uniform_constant	10000	0	/uscms_data/d3/iturkmen/hh4b_delphes/parquet_materialized/background_frozen_v2_strict493_materialization_20260724_v1/train/qcd_hardqcd/0214_qcd_hardqcd_importance_adaptive500k_phys_wave2_20260717_bin02_pthat100to200_shard9816_seed1229816_hh4b_candidates_v2.parquet	a895d60c3634d5e3b0d305fbd8a89c1adb2d7eb2a79f698bc0eff08f3be0ef20	/uscms/home/iturkmen/physical_weight_sidecars/train_candidate_run2_physical_weights_20260731_v1/train_candidate_run2_physical_weights.parquet	d5315ed70bb0298b4fc67e6e8c41437a7457b9b28b10fea2982d95b96275e2d3	30701	30701	0	0	0	True	0	False	no_sidecar_rows_required_for_zero_candidates
hard_qcd	background	qcd_hardqcd	qcd_hardqcd_importance_adaptive500k_phys_wave2_20260717	qcd_hardqcd_importance_adaptive500k_phys_wave2_20260717_bin02_pthat100to200_shard9817_seed1229817	182	qcd_uniform_constant	10000	0	/uscms_data/d3/iturkmen/hh4b_delphes/parquet_materialized/background_frozen_v2_strict493_materialization_20260724_v1/train/qcd_hardqcd/0215_qcd_hardqcd_importance_adaptive500k_phys_wave2_20260717_bin02_pthat100to200_shard9817_seed1229817_hh4b_candidates_v2.parquet	a895d60c3634d5e3b0d305fbd8a89c1adb2d7eb2a79f698bc0eff08f3be0ef20	/uscms/home/iturkmen/physical_weight_sidecars/train_candidate_run2_physical_weights_20260731_v1/train_candidate_run2_physical_weights.parquet	d5315ed70bb0298b4fc67e6e8c41437a7457b9b28b10fea2982d95b96275e2d3	30701	30701	0	0	0	True	0	False	no_sidecar_rows_required_for_zero_candidates
hard_qcd	background	qcd_hardqcd	qcd_hardqcd_importance_adaptive500k_phys_wave2_20260717	qcd_hardqcd_importance_adaptive500k_phys_wave2_20260717_bin02_pthat100to200_shard9818_seed1229818	183	qcd_uniform_constant	1052	0	/uscms_data/d3/iturkmen/hh4b_delphes/parquet_materialized/background_frozen_v2_strict493_materialization_20260724_v1/train/qcd_hardqcd/0216_qcd_hardqcd_importance_adaptive500k_phys_wave2_20260717_bin02_pthat100to200_shard9818_seed1229818_hh4b_candidates_v2.parquet	a895d60c3634d5e3b0d305fbd8a89c1adb2d7eb2a79f698bc0eff08f3be0ef20	/uscms/home/iturkmen/physical_weight_sidecars/train_candidate_run2_physical_weights_20260731_v1/train_candidate_run2_physical_weights.parquet	d5315ed70bb0298b4fc67e6e8c41437a7457b9b28b10fea2982d95b96275e2d3	30701	30701	0	0	0	True	0	False	no_sidecar_rows_required_for_zero_candidates
hard_qcd	background	qcd_hardqcd	qcd_hardqcd_importance_adaptive500k_phys_wave2_20260717	qcd_hardqcd_importance_adaptive500k_phys_wave2_20260717_bin03_pthat200to300_shard9819_seed1239819	184	qcd_uniform_constant	10000	1	/uscms_data/d3/iturkmen/hh4b_delphes/parquet_materialized/background_frozen_v2_strict493_materialization_20260724_v1/train/qcd_hardqcd/0217_qcd_hardqcd_importance_adaptive500k_phys_wave2_20260717_bin03_pthat200to300_shard9819_seed1239819_hh4b_candidates_v2.parquet	277d6dcf9e5c9c835eeeb07c6b053026ed143dab6b0bdc5d8152a4a99047b901	/uscms/home/iturkmen/physical_weight_sidecars/train_candidate_run2_physical_weights_20260731_v1/train_candidate_run2_physical_weights.parquet	d5315ed70bb0298b4fc67e6e8c41437a7457b9b28b10fea2982d95b96275e2d3	30701	30702	0	0	1	True	1	False	not_applicable
hard_qcd	background	qcd_hardqcd	qcd_hardqcd_importance_adaptive500k_phys_wave2_20260717	qcd_hardqcd_importance_adaptive500k_phys_wave2_20260717_bin03_pthat200to300_shard9820_seed1239820	185	qcd_uniform_constant	4532	1	/uscms_data/d3/iturkmen/hh4b_delphes/parquet_materialized/background_frozen_v2_strict493_materialization_20260724_v1/train/qcd_hardqcd/0218_qcd_hardqcd_importance_adaptive500k_phys_wave2_20260717_bin03_pthat200to300_shard9820_seed1239820_hh4b_candidates_v2.parquet	c1948efed6ce5feace5e3bf8602480ff1d82815a61cd064ba21349f405151906	/uscms/home/iturkmen/physical_weight_sidecars/train_candidate_run2_physical_weights_20260731_v1/train_candidate_run2_physical_weights.parquet	d5315ed70bb0298b4fc67e6e8c41437a7457b9b28b10fea2982d95b96275e2d3	30702	30703	0	0	1	True	1	False	not_applicable
hard_qcd	background	qcd_hardqcd	qcd_hardqcd_importance_adaptive500k_phys_wave2_20260717	qcd_hardqcd_importance_adaptive500k_phys_wave2_20260717_bin05_pthat500to700_shard9824_seed1259824	186	qcd_uniform_constant	2527	2	/uscms_data/d3/iturkmen/hh4b_delphes/parquet_materialized/background_frozen_v2_strict493_materialization_20260724_v1/train/qcd_hardqcd/0219_qcd_hardqcd_importance_adaptive500k_phys_wave2_20260717_bin05_pthat500to700_shard9824_seed1259824_hh4b_candidates_v2.parquet	bd655e3b866f906e7f4e9f2612b641aa57e014f9afe7dbc8f56b39ec0ef479d2	/uscms/home/iturkmen/physical_weight_sidecars/train_candidate_run2_physical_weights_20260731_v1/train_candidate_run2_physical_weights.parquet	d5315ed70bb0298b4fc67e6e8c41437a7457b9b28b10fea2982d95b96275e2d3	30703	30705	0	0	2	True	2	False	not_applicable
