seed,luminosity_fb,category,sample,group,expected_events,rows,fraction_within_group
0,138.0,CAT0_very_high_QCD_high_top,VBF_HH4b_SMnorm,signal,0.9446494770491803,41,0.06997746311967847
0,138.0,CAT0_very_high_QCD_high_top,Zbbbb_100k,background,346.8090461175245,13,0.01907175888899503
0,138.0,CAT0_very_high_QCD_high_top,ggF_HH4b_SMnorm,signal,12.55468923766816,30,0.9300225368803215
0,138.0,CAT0_very_high_QCD_high_top,qcd_bbbb_iht200to400_combined120k,background,7518.965763764531,18,0.4134837419798187
0,138.0,CAT0_very_high_QCD_high_top,qcd_bbbb_iht400to600_20000,background,1393.896042442322,7,0.0766532751535429
0,138.0,CAT0_very_high_QCD_high_top,qcd_bbbb_iht600plus_20000,background,176.3882298419365,5,0.009699959756130664
0,138.0,CAT0_very_high_QCD_high_top,ttbar_200k,background,8748.369954299927,9,0.48109126422151255
0,138.0,CAT1_high_QCD_medium_top,VBF_HH4b_SMnorm,signal,0.4377643918032787,19,0.049703269705989386
0,138.0,CAT1_high_QCD_medium_top,Zbbbb_100k,background,586.9076165065799,22,0.018697714232299822
0,138.0,CAT1_high_QCD_medium_top,ggF_HH4b_SMnorm,signal,8.369792825112107,20,0.9502967302940105
0,138.0,CAT1_high_QCD_medium_top,qcd_bbbb_iht200to400_combined120k,background,12531.60960627422,30,0.39923226194191286
0,138.0,CAT1_high_QCD_medium_top,qcd_bbbb_iht400to600_20000,background,3584.3041091373984,18,0.11418882984211148
0,138.0,CAT1_high_QCD_medium_top,qcd_bbbb_iht600plus_20000,background,105.83293790516188,3,0.003371627788874101
0,138.0,CAT1_high_QCD_medium_top,ttbar_200k,background,14580.616590499885,15,0.46450956619480194
0,138.0,CAT2_nominal_loose_mid,VBF_HH4b_SMnorm,signal,0.48384485409836064,21,0.04992921049398268
0,138.0,CAT2_nominal_loose_mid,Zbbbb_100k,background,506.8747597102281,19,0.014448182251475147
0,138.0,CAT2_nominal_loose_mid,ggF_HH4b_SMnorm,signal,9.206772107623319,22,0.9500707895060174
0,138.0,CAT2_nominal_loose_mid,qcd_bbbb_iht200to400_combined120k,background,18797.41440941133,45,0.5358098110841869
0,138.0,CAT2_nominal_loose_mid,qcd_bbbb_iht400to600_20000,background,3584.3041091373984,18,0.10216858902805495
0,138.0,CAT2_nominal_loose_mid,qcd_bbbb_iht600plus_20000,background,529.1646895258095,15,0.015083544265816165
0,138.0,CAT2_nominal_loose_mid,ttbar_200k,background,11664.493272399906,12,0.3324898733704669
0,138.0,CAT3_lower_QCD_medium_top,VBF_HH4b_SMnorm,signal,0.4608046229508197,20,0.06438841339931439
0,138.0,CAT3_lower_QCD_medium_top,Zbbbb_100k,background,1040.4271383525734,39,0.02474529160796149
0,138.0,CAT3_lower_QCD_medium_top,ggF_HH4b_SMnorm,signal,6.695834260089686,16,0.9356115866006856
0,138.0,CAT3_lower_QCD_medium_top,qcd_bbbb_iht200to400_combined120k,background,25063.21921254844,60,0.5960981266125007
0,138.0,CAT3_lower_QCD_medium_top,qcd_bbbb_iht400to600_20000,background,3783.432115200587,19,0.0899843223215108
0,138.0,CAT3_lower_QCD_medium_top,qcd_bbbb_iht600plus_20000,background,493.8870435574222,14,0.011746501473975284
0,138.0,CAT3_lower_QCD_medium_top,ttbar_200k,background,11664.493272399906,12,0.27742575798405184
0,138.0,CAT4_loose_low_purity,VBF_HH4b_SMnorm,signal,0.2534425426229508,11,0.04804308123293809
0,138.0,CAT4_loose_low_purity,Zbbbb_100k,background,933.7166626241044,35,0.023174904407389087
0,138.0,CAT4_loose_low_purity,ggF_HH4b_SMnorm,signal,5.021875695067265,12,0.9519569187670619
0,138.0,CAT4_loose_low_purity,qcd_bbbb_iht200to400_combined120k,background,22139.176971084453,53,0.549495720169776
0,138.0,CAT4_loose_low_purity,qcd_bbbb_iht400to600_20000,background,2389.536072758266,12,0.05930843079157357
0,138.0,CAT4_loose_low_purity,qcd_bbbb_iht600plus_20000,background,246.9435217787111,7,0.0061291532435140406
0,138.0,CAT4_loose_low_purity,ttbar_200k,background,14580.616590499885,15,0.3618917913877475
0,350.0,CAT0_very_high_QCD_high_top,VBF_HH4b_SMnorm,signal,2.39585012295082,41,0.06997746311967847
0,350.0,CAT0_very_high_QCD_high_top,Zbbbb_100k,background,879.5881604429969,13,0.019071758888995035
0,350.0,CAT0_very_high_QCD_high_top,ggF_HH4b_SMnorm,signal,31.84160313901345,30,0.9300225368803215
0,350.0,CAT0_very_high_QCD_high_top,qcd_bbbb_iht200to400_combined120k,background,19069.8407051999,18,0.4134837419798187
0,350.0,CAT0_very_high_QCD_high_top,qcd_bbbb_iht400to600_20000,background,3535.2435859044394,7,0.0766532751535429
0,350.0,CAT0_very_high_QCD_high_top,qcd_bbbb_iht600plus_20000,background,447.361452497665,5,0.009699959756130666
0,350.0,CAT0_very_high_QCD_high_top,ttbar_200k,background,22187.894811630253,9,0.48109126422151266
0,350.0,CAT1_high_QCD_medium_top,VBF_HH4b_SMnorm,signal,1.1102720081967212,19,0.04970326970598938
0,350.0,CAT1_high_QCD_medium_top,Zbbbb_100k,background,1488.5338099804562,22,0.018697714232299822
0,350.0,CAT1_high_QCD_medium_top,ggF_HH4b_SMnorm,signal,21.227735426008966,20,0.9502967302940105
0,350.0,CAT1_high_QCD_medium_top,qcd_bbbb_iht200to400_combined120k,background,31783.067841999833,30,0.3992322619419129
0,350.0,CAT1_high_QCD_medium_top,qcd_bbbb_iht400to600_20000,background,9090.62636375427,18,0.11418882984211148
0,350.0,CAT1_high_QCD_medium_top,qcd_bbbb_iht600plus_20000,background,268.416871498599,3,0.0033716277888741013
0,350.0,CAT1_high_QCD_medium_top,ttbar_200k,background,36979.82468605044,15,0.46450956619480205
0,350.0,CAT2_nominal_loose_mid,VBF_HH4b_SMnorm,signal,1.2271427459016393,21,0.04992921049398268
0,350.0,CAT2_nominal_loose_mid,Zbbbb_100k,background,1285.5519268013031,19,0.014448182251475148
0,350.0,CAT2_nominal_loose_mid,ggF_HH4b_SMnorm,signal,23.350508968609866,22,0.9500707895060174
0,350.0,CAT2_nominal_loose_mid,qcd_bbbb_iht200to400_combined120k,background,47674.601762999744,45,0.5358098110841869
0,350.0,CAT2_nominal_loose_mid,qcd_bbbb_iht400to600_20000,background,9090.62636375427,18,0.10216858902805495
0,350.0,CAT2_nominal_loose_mid,qcd_bbbb_iht600plus_20000,background,1342.0843574929952,15,0.015083544265816167
0,350.0,CAT2_nominal_loose_mid,ttbar_200k,background,29583.859748840343,12,0.3324898733704669
0,350.0,CAT3_lower_QCD_medium_top,VBF_HH4b_SMnorm,signal,1.1687073770491803,20,0.06438841339931438
0,350.0,CAT3_lower_QCD_medium_top,Zbbbb_100k,background,2638.7644813289908,39,0.024745291607961493
0,350.0,CAT3_lower_QCD_medium_top,ggF_HH4b_SMnorm,signal,16.982188340807177,16,0.9356115866006856
0,350.0,CAT3_lower_QCD_medium_top,qcd_bbbb_iht200to400_combined120k,background,63566.135683999666,60,0.5960981266125007
0,350.0,CAT3_lower_QCD_medium_top,qcd_bbbb_iht400to600_20000,background,9595.66116174062,19,0.08998432232151081
0,350.0,CAT3_lower_QCD_medium_top,qcd_bbbb_iht600plus_20000,background,1252.6120669934621,14,0.011746501473975286
0,350.0,CAT3_lower_QCD_medium_top,ttbar_200k,background,29583.859748840343,12,0.2774257579840519
0,350.0,CAT4_loose_low_purity,VBF_HH4b_SMnorm,signal,0.6427890573770492,11,0.04804308123293809
0,350.0,CAT4_loose_low_purity,Zbbbb_100k,background,2368.121970423453,35,0.023174904407389087
0,350.0,CAT4_loose_low_purity,ggF_HH4b_SMnorm,signal,12.736641255605383,12,0.951956918767062
0,350.0,CAT4_loose_low_purity,qcd_bbbb_iht200to400_combined120k,background,56150.08652086637,53,0.549495720169776
0,350.0,CAT4_loose_low_purity,qcd_bbbb_iht400to600_20000,background,6060.417575836182,12,0.05930843079157357
0,350.0,CAT4_loose_low_purity,qcd_bbbb_iht600plus_20000,background,626.3060334967311,7,0.0061291532435140406
0,350.0,CAT4_loose_low_purity,ttbar_200k,background,36979.82468605044,15,0.3618917913877476
0,450.0,CAT0_very_high_QCD_high_top,VBF_HH4b_SMnorm,signal,3.080378729508197,41,0.06997746311967847
0,450.0,CAT0_very_high_QCD_high_top,Zbbbb_100k,background,1130.8990634267102,13,0.01907175888899503
0,450.0,CAT0_very_high_QCD_high_top,ggF_HH4b_SMnorm,signal,40.93920403587444,30,0.9300225368803215
0,450.0,CAT0_very_high_QCD_high_top,qcd_bbbb_iht200to400_combined120k,background,24518.366620971297,18,0.4134837419798187
0,450.0,CAT0_very_high_QCD_high_top,qcd_bbbb_iht400to600_20000,background,4545.313181877136,7,0.0766532751535429
0,450.0,CAT0_very_high_QCD_high_top,qcd_bbbb_iht600plus_20000,background,575.1790103541407,5,0.009699959756130664
0,450.0,CAT0_very_high_QCD_high_top,ttbar_200k,background,28527.293329238895,9,0.4810912642215126
0,450.0,CAT1_high_QCD_medium_top,VBF_HH4b_SMnorm,signal,1.427492581967213,19,0.049703269705989386
0,450.0,CAT1_high_QCD_medium_top,Zbbbb_100k,background,1913.8291842605865,22,0.01869771423229982
0,450.0,CAT1_high_QCD_medium_top,ggF_HH4b_SMnorm,signal,27.292802690582956,20,0.9502967302940105
0,450.0,CAT1_high_QCD_medium_top,qcd_bbbb_iht200to400_combined120k,background,40863.9443682855,30,0.39923226194191286
0,450.0,CAT1_high_QCD_medium_top,qcd_bbbb_iht400to600_20000,background,11687.948181969778,18,0.11418882984211147
0,450.0,CAT1_high_QCD_medium_top,qcd_bbbb_iht600plus_20000,background,345.1074062124844,3,0.003371627788874101
0,450.0,CAT1_high_QCD_medium_top,ttbar_200k,background,47545.48888206484,15,0.4645095661948019
0,450.0,CAT2_nominal_loose_mid,VBF_HH4b_SMnorm,signal,1.5777549590163935,21,0.04992921049398269
0,450.0,CAT2_nominal_loose_mid,Zbbbb_100k,background,1652.852477315961,19,0.014448182251475147
0,450.0,CAT2_nominal_loose_mid,ggF_HH4b_SMnorm,signal,30.022082959641256,22,0.9500707895060173
0,450.0,CAT2_nominal_loose_mid,qcd_bbbb_iht200to400_combined120k,background,61295.91655242824,45,0.5358098110841869
0,450.0,CAT2_nominal_loose_mid,qcd_bbbb_iht400to600_20000,background,11687.948181969778,18,0.10216858902805495
0,450.0,CAT2_nominal_loose_mid,qcd_bbbb_iht600plus_20000,background,1725.5370310624223,15,0.015083544265816165
0,450.0,CAT2_nominal_loose_mid,ttbar_200k,background,38036.39110565187,12,0.3324898733704669
0,450.0,CAT3_lower_QCD_medium_top,VBF_HH4b_SMnorm,signal,1.5026237704918033,20,0.06438841339931439
0,450.0,CAT3_lower_QCD_medium_top,Zbbbb_100k,background,3392.697190280131,39,0.02474529160796149
0,450.0,CAT3_lower_QCD_medium_top,ggF_HH4b_SMnorm,signal,21.83424215246637,16,0.9356115866006857
0,450.0,CAT3_lower_QCD_medium_top,qcd_bbbb_iht200to400_combined120k,background,81727.888736571,60,0.5960981266125006
0,450.0,CAT3_lower_QCD_medium_top,qcd_bbbb_iht400to600_20000,background,12337.278636523653,19,0.0899843223215108
0,450.0,CAT3_lower_QCD_medium_top,qcd_bbbb_iht600plus_20000,background,1610.5012289915942,14,0.011746501473975284
0,450.0,CAT3_lower_QCD_medium_top,ttbar_200k,background,38036.39110565187,12,0.27742575798405184
0,450.0,CAT4_loose_low_purity,VBF_HH4b_SMnorm,signal,0.8264430737704918,11,0.04804308123293809
0,450.0,CAT4_loose_low_purity,Zbbbb_100k,background,3044.728247687297,35,0.023174904407389084
0,450.0,CAT4_loose_low_purity,ggF_HH4b_SMnorm,signal,16.375681614349777,12,0.9519569187670619
0,450.0,CAT4_loose_low_purity,qcd_bbbb_iht200to400_combined120k,background,72192.96838397105,53,0.549495720169776
0,450.0,CAT4_loose_low_purity,qcd_bbbb_iht400to600_20000,background,7791.965454646519,12,0.05930843079157356
0,450.0,CAT4_loose_low_purity,qcd_bbbb_iht600plus_20000,background,805.2506144957971,7,0.00612915324351404
0,450.0,CAT4_loose_low_purity,ttbar_200k,background,47545.48888206484,15,0.36189179138774746
0,4000.0,CAT0_very_high_QCD_high_top,VBF_HH4b_SMnorm,signal,27.381144262295084,41,0.06997746311967847
0,4000.0,CAT0_very_high_QCD_high_top,Zbbbb_100k,background,10052.436119348537,13,0.019071758888995035
0,4000.0,CAT0_very_high_QCD_high_top,ggF_HH4b_SMnorm,signal,363.90403587443944,30,0.9300225368803215
0,4000.0,CAT0_very_high_QCD_high_top,qcd_bbbb_iht200to400_combined120k,background,217941.036630856,18,0.41348374197981874
0,4000.0,CAT0_very_high_QCD_high_top,qcd_bbbb_iht400to600_20000,background,40402.783838907875,7,0.0766532751535429
0,4000.0,CAT0_very_high_QCD_high_top,qcd_bbbb_iht600plus_20000,background,5112.702314259029,5,0.009699959756130666
0,4000.0,CAT0_very_high_QCD_high_top,ttbar_200k,background,253575.94070434576,9,0.4810912642215127
0,4000.0,CAT1_high_QCD_medium_top,VBF_HH4b_SMnorm,signal,12.688822950819672,19,0.049703269705989386
0,4000.0,CAT1_high_QCD_medium_top,Zbbbb_100k,background,17011.814971205215,22,0.018697714232299822
0,4000.0,CAT1_high_QCD_medium_top,ggF_HH4b_SMnorm,signal,242.60269058295964,20,0.9502967302940106
0,4000.0,CAT1_high_QCD_medium_top,qcd_bbbb_iht200to400_combined120k,background,363235.0610514267,30,0.39923226194191286
0,4000.0,CAT1_high_QCD_medium_top,qcd_bbbb_iht400to600_20000,background,103892.87272862025,18,0.11418882984211148
0,4000.0,CAT1_high_QCD_medium_top,qcd_bbbb_iht600plus_20000,background,3067.621388555417,3,0.003371627788874101
0,4000.0,CAT1_high_QCD_medium_top,ttbar_200k,background,422626.5678405764,15,0.46450956619480194
0,4000.0,CAT2_nominal_loose_mid,VBF_HH4b_SMnorm,signal,14.024488524590163,21,0.04992921049398269
0,4000.0,CAT2_nominal_loose_mid,Zbbbb_100k,background,14692.022020586322,19,0.014448182251475147
0,4000.0,CAT2_nominal_loose_mid,ggF_HH4b_SMnorm,signal,266.8629596412556,22,0.9500707895060174
0,4000.0,CAT2_nominal_loose_mid,qcd_bbbb_iht200to400_combined120k,background,544852.5915771399,45,0.5358098110841868
0,4000.0,CAT2_nominal_loose_mid,qcd_bbbb_iht400to600_20000,background,103892.87272862025,18,0.10216858902805495
0,4000.0,CAT2_nominal_loose_mid,qcd_bbbb_iht600plus_20000,background,15338.106942777087,15,0.015083544265816165
0,4000.0,CAT2_nominal_loose_mid,ttbar_200k,background,338101.25427246105,12,0.3324898733704669
0,4000.0,CAT3_lower_QCD_medium_top,VBF_HH4b_SMnorm,signal,13.356655737704918,20,0.06438841339931438
0,4000.0,CAT3_lower_QCD_medium_top,Zbbbb_100k,background,30157.308358045608,39,0.024745291607961493
0,4000.0,CAT3_lower_QCD_medium_top,ggF_HH4b_SMnorm,signal,194.08215246636772,16,0.9356115866006856
0,4000.0,CAT3_lower_QCD_medium_top,qcd_bbbb_iht200to400_combined120k,background,726470.1221028534,60,0.5960981266125008
0,4000.0,CAT3_lower_QCD_medium_top,qcd_bbbb_iht400to600_20000,background,109664.69899132136,19,0.08998432232151081
0,4000.0,CAT3_lower_QCD_medium_top,qcd_bbbb_iht600plus_20000,background,14315.566479925283,14,0.011746501473975286
0,4000.0,CAT3_lower_QCD_medium_top,ttbar_200k,background,338101.25427246105,12,0.2774257579840519
0,4000.0,CAT4_loose_low_purity,VBF_HH4b_SMnorm,signal,7.346160655737705,11,0.048043081232938094
0,4000.0,CAT4_loose_low_purity,Zbbbb_100k,background,27064.25109055375,35,0.023174904407389084
0,4000.0,CAT4_loose_low_purity,ggF_HH4b_SMnorm,signal,145.5616143497758,12,0.951956918767062
0,4000.0,CAT4_loose_low_purity,qcd_bbbb_iht200to400_combined120k,background,641715.2745241871,53,0.5494957201697761
0,4000.0,CAT4_loose_low_purity,qcd_bbbb_iht400to600_20000,background,69261.91515241351,12,0.05930843079157357
0,4000.0,CAT4_loose_low_purity,qcd_bbbb_iht600plus_20000,background,7157.783239962641,7,0.006129153243514041
0,4000.0,CAT4_loose_low_purity,ttbar_200k,background,422626.5678405764,15,0.3618917913877475
1,138.0,CAT0_very_high_QCD_high_top,VBF_HH4b_SMnorm,signal,1.0740868731707316,47,0.09234683679613015
1,138.0,CAT0_very_high_QCD_high_top,Zbbbb_100k,background,343.7300311802421,13,0.01857034300358103
1,138.0,CAT0_very_high_QCD_high_top,ggF_HH4b_SMnorm,signal,10.556921945701358,25,0.9076531632038697
1,138.0,CAT0_very_high_QCD_high_top,qcd_bbbb_iht200to400_combined120k,background,6217.8243974047655,15,0.3359238975988496
1,138.0,CAT0_very_high_QCD_high_top,qcd_bbbb_iht400to600_20000,background,1381.8102386061169,7,0.07465361699315709
1,138.0,CAT0_very_high_QCD_high_top,qcd_bbbb_iht600plus_20000,background,350.29600020172074,10,0.018925075746777997
1,138.0,CAT0_very_high_QCD_high_top,ttbar_200k,background,10215.961428114948,10,0.551927066657634
1,138.0,CAT1_high_QCD_medium_top,VBF_HH4b_SMnorm,signal,0.4570582439024389,20,0.0490149581309004
1,138.0,CAT1_high_QCD_medium_top,Zbbbb_100k,background,370.1708028094915,14,0.011443273745525511
1,138.0,CAT1_high_QCD_medium_top,ggF_HH4b_SMnorm,signal,8.86781443438914,21,0.9509850418690995
1,138.0,CAT1_high_QCD_medium_top,qcd_bbbb_iht200to400_combined120k,background,10777.562288834932,26,0.33317213201188844
1,138.0,CAT1_high_QCD_medium_top,qcd_bbbb_iht400to600_20000,background,3553.226327844301,18,0.10984264896293476
1,138.0,CAT1_high_QCD_medium_top,qcd_bbbb_iht600plus_20000,background,280.2368001613766,8,0.008663099286809918
1,138.0,CAT1_high_QCD_medium_top,ttbar_200k,background,17367.134427795412,17,0.5368788459928415
1,138.0,CAT2_nominal_loose_mid,VBF_HH4b_SMnorm,signal,0.2742349463414634,12,0.04433074929989495
1,138.0,CAT2_nominal_loose_mid,Zbbbb_100k,background,766.7823772482324,29,0.022540021606205603
1,138.0,CAT2_nominal_loose_mid,ggF_HH4b_SMnorm,signal,5.911876289592761,14,0.9556692507001051
1,138.0,CAT2_nominal_loose_mid,qcd_bbbb_iht200to400_combined120k,background,21140.60295117621,51,0.6214405304902619
1,138.0,CAT2_nominal_loose_mid,qcd_bbbb_iht400to600_20000,background,3553.226327844301,18,0.10444918998891059
1,138.0,CAT2_nominal_loose_mid,qcd_bbbb_iht600plus_20000,background,385.3256002218928,11,0.011326873976413661
1,138.0,CAT2_nominal_loose_mid,ttbar_200k,background,8172.769142491958,8,0.2402433839382083
1,138.0,CAT3_lower_QCD_medium_top,VBF_HH4b_SMnorm,signal,0.43420533170731695,19,0.07329838684939896
1,138.0,CAT3_lower_QCD_medium_top,Zbbbb_100k,background,793.2231488774817,30,0.019681865985883926
1,138.0,CAT3_lower_QCD_medium_top,ggF_HH4b_SMnorm,signal,5.489599411764706,13,0.926701613150601
1,138.0,CAT3_lower_QCD_medium_top,qcd_bbbb_iht100to200_20000,background,4988.512907409668,1,0.12377758093851884
1,138.0,CAT3_lower_QCD_medium_top,qcd_bbbb_iht200to400_combined120k,background,23627.73271013812,57,0.5862636124643061
1,138.0,CAT3_lower_QCD_medium_top,qcd_bbbb_iht400to600_20000,background,4342.832178476368,22,0.10775661433597218
1,138.0,CAT3_lower_QCD_medium_top,qcd_bbbb_iht600plus_20000,background,420.3552002420649,12,0.010430072205206909
1,138.0,CAT3_lower_QCD_medium_top,ttbar_200k,background,6129.576856868969,6,0.15209025407011226
1,138.0,CAT4_loose_low_purity,VBF_HH4b_SMnorm,signal,0.1828232975609756,8,0.02483495850474596
1,138.0,CAT4_loose_low_purity,Zbbbb_100k,background,528.8154325849878,20,0.012520932760477645
1,138.0,CAT4_loose_low_purity,ggF_HH4b_SMnorm,signal,7.178706923076923,17,0.975165041495254
1,138.0,CAT4_loose_low_purity,qcd_bbbb_iht100to200_20000,background,9977.025814819335,2,0.2362292430957487
1,138.0,CAT4_loose_low_purity,qcd_bbbb_iht200to400_combined120k,background,18653.473192214304,45,0.4416642730099438
1,138.0,CAT4_loose_low_purity,qcd_bbbb_iht400to600_20000,background,2368.8175518962003,12,0.05608725362674596
1,138.0,CAT4_loose_low_purity,qcd_bbbb_iht600plus_20000,background,490.41440028240896,14,0.011611699190944394
1,138.0,CAT4_loose_low_purity,ttbar_200k,background,10215.961428114948,10,0.24188659831613943
1,350.0,CAT0_very_high_QCD_high_top,VBF_HH4b_SMnorm,signal,2.7241333739837397,47,0.09234683679613015
1,350.0,CAT0_very_high_QCD_high_top,Zbbbb_100k,background,871.7790645875706,13,0.01857034300358103
1,350.0,CAT0_very_high_QCD_high_top,ggF_HH4b_SMnorm,signal,26.774802036199095,25,0.9076531632038696
1,350.0,CAT0_very_high_QCD_high_top,qcd_bbbb_iht200to400_combined120k,background,15769.844486171507,15,0.3359238975988496
1,350.0,CAT0_very_high_QCD_high_top,qcd_bbbb_iht400to600_20000,background,3504.5911848705864,7,0.07465361699315709
1,350.0,CAT0_very_high_QCD_high_top,qcd_bbbb_iht600plus_20000,background,888.4318845695816,10,0.018925075746777997
1,350.0,CAT0_very_high_QCD_high_top,ttbar_200k,background,25910.047100291536,10,0.551927066657634
1,350.0,CAT1_high_QCD_medium_top,VBF_HH4b_SMnorm,signal,1.1592056910569102,20,0.0490149581309004
1,350.0,CAT1_high_QCD_medium_top,Zbbbb_100k,background,938.8389926327683,14,0.011443273745525513
1,350.0,CAT1_high_QCD_medium_top,ggF_HH4b_SMnorm,signal,22.49083371040724,21,0.9509850418690996
1,350.0,CAT1_high_QCD_medium_top,qcd_bbbb_iht200to400_combined120k,background,27334.397109363956,26,0.33317213201188844
1,350.0,CAT1_high_QCD_medium_top,qcd_bbbb_iht400to600_20000,background,9011.805903952938,18,0.10984264896293477
1,350.0,CAT1_high_QCD_medium_top,qcd_bbbb_iht600plus_20000,background,710.7455076556653,8,0.008663099286809918
1,350.0,CAT1_high_QCD_medium_top,ttbar_200k,background,44047.08007049561,17,0.5368788459928415
1,350.0,CAT2_nominal_loose_mid,VBF_HH4b_SMnorm,signal,0.6955234146341464,12,0.04433074929989496
1,350.0,CAT2_nominal_loose_mid,Zbbbb_100k,background,1944.7379133107343,29,0.0225400216062056
1,350.0,CAT2_nominal_loose_mid,ggF_HH4b_SMnorm,signal,14.993889140271493,14,0.955669250700105
1,350.0,CAT2_nominal_loose_mid,qcd_bbbb_iht200to400_combined120k,background,53617.471252983145,51,0.6214405304902619
1,350.0,CAT2_nominal_loose_mid,qcd_bbbb_iht400to600_20000,background,9011.805903952938,18,0.10444918998891059
1,350.0,CAT2_nominal_loose_mid,qcd_bbbb_iht600plus_20000,background,977.2750730265398,11,0.011326873976413661
1,350.0,CAT2_nominal_loose_mid,ttbar_200k,background,20728.03768023323,8,0.2402433839382083
1,350.0,CAT3_lower_QCD_medium_top,VBF_HH4b_SMnorm,signal,1.1012454065040647,19,0.07329838684939895
1,350.0,CAT3_lower_QCD_medium_top,Zbbbb_100k,background,2011.7978413559317,30,0.019681865985883926
1,350.0,CAT3_lower_QCD_medium_top,ggF_HH4b_SMnorm,signal,13.92289705882353,13,0.926701613150601
1,350.0,CAT3_lower_QCD_medium_top,qcd_bbbb_iht100to200_20000,background,12652.025489807129,1,0.12377758093851886
1,350.0,CAT3_lower_QCD_medium_top,qcd_bbbb_iht200to400_combined120k,background,59925.40904745175,57,0.586263612464306
1,350.0,CAT3_lower_QCD_medium_top,qcd_bbbb_iht400to600_20000,background,11014.429438164701,22,0.10775661433597215
1,350.0,CAT3_lower_QCD_medium_top,qcd_bbbb_iht600plus_20000,background,1066.118261483498,12,0.010430072205206909
1,350.0,CAT3_lower_QCD_medium_top,ttbar_200k,background,15546.02826017492,6,0.15209025407011226
1,350.0,CAT4_loose_low_purity,VBF_HH4b_SMnorm,signal,0.4636822764227642,8,0.02483495850474596
1,350.0,CAT4_loose_low_purity,Zbbbb_100k,background,1341.1985609039546,20,0.012520932760477646
1,350.0,CAT4_loose_low_purity,ggF_HH4b_SMnorm,signal,18.206865384615387,17,0.9751650414952542
1,350.0,CAT4_loose_low_purity,qcd_bbbb_iht100to200_20000,background,25304.050979614258,2,0.23622924309574872
1,350.0,CAT4_loose_low_purity,qcd_bbbb_iht200to400_combined120k,background,47309.53345851454,45,0.4416642730099439
1,350.0,CAT4_loose_low_purity,qcd_bbbb_iht400to600_20000,background,6007.870602635291,12,0.056087253626745964
1,350.0,CAT4_loose_low_purity,qcd_bbbb_iht600plus_20000,background,1243.804638397414,14,0.011611699190944394
1,350.0,CAT4_loose_low_purity,ttbar_200k,background,25910.047100291536,10,0.24188659831613943
1,450.0,CAT0_very_high_QCD_high_top,VBF_HH4b_SMnorm,signal,3.5024571951219508,47,0.09234683679613015
1,450.0,CAT0_very_high_QCD_high_top,Zbbbb_100k,background,1120.8587973268764,13,0.018570343003581027
1,450.0,CAT0_very_high_QCD_high_top,ggF_HH4b_SMnorm,signal,34.42474547511312,25,0.9076531632038696
1,450.0,CAT0_very_high_QCD_high_top,qcd_bbbb_iht200to400_combined120k,background,20275.514339363366,15,0.33592389759884955
1,450.0,CAT0_very_high_QCD_high_top,qcd_bbbb_iht400to600_20000,background,4505.902951976468,7,0.07465361699315708
1,450.0,CAT0_very_high_QCD_high_top,qcd_bbbb_iht600plus_20000,background,1142.2695658751763,10,0.018925075746777993
1,450.0,CAT0_very_high_QCD_high_top,ttbar_200k,background,33312.917700374834,10,0.551927066657634
1,450.0,CAT1_high_QCD_medium_top,VBF_HH4b_SMnorm,signal,1.4904073170731702,20,0.0490149581309004
1,450.0,CAT1_high_QCD_medium_top,Zbbbb_100k,background,1207.0787048135592,14,0.011443273745525513
1,450.0,CAT1_high_QCD_medium_top,ggF_HH4b_SMnorm,signal,28.91678619909502,21,0.9509850418690995
1,450.0,CAT1_high_QCD_medium_top,qcd_bbbb_iht200to400_combined120k,background,35144.224854896514,26,0.33317213201188844
1,450.0,CAT1_high_QCD_medium_top,qcd_bbbb_iht400to600_20000,background,11586.607590796633,18,0.10984264896293476
1,450.0,CAT1_high_QCD_medium_top,qcd_bbbb_iht600plus_20000,background,913.8156527001412,8,0.00866309928680992
1,450.0,CAT1_high_QCD_medium_top,ttbar_200k,background,56631.960090637214,17,0.5368788459928415
1,450.0,CAT2_nominal_loose_mid,VBF_HH4b_SMnorm,signal,0.8942443902439023,12,0.04433074929989495
1,450.0,CAT2_nominal_loose_mid,Zbbbb_100k,background,2500.377317113801,29,0.022540021606205596
1,450.0,CAT2_nominal_loose_mid,ggF_HH4b_SMnorm,signal,19.27785746606335,14,0.9556692507001051
1,450.0,CAT2_nominal_loose_mid,qcd_bbbb_iht200to400_combined120k,background,68936.74875383548,51,0.6214405304902619
1,450.0,CAT2_nominal_loose_mid,qcd_bbbb_iht400to600_20000,background,11586.607590796633,18,0.10444918998891058
1,450.0,CAT2_nominal_loose_mid,qcd_bbbb_iht600plus_20000,background,1256.496522462694,11,0.011326873976413661
1,450.0,CAT2_nominal_loose_mid,ttbar_200k,background,26650.334160299863,8,0.24024338393820827
1,450.0,CAT3_lower_QCD_medium_top,VBF_HH4b_SMnorm,signal,1.4158869512195118,19,0.07329838684939896
1,450.0,CAT3_lower_QCD_medium_top,Zbbbb_100k,background,2586.597224600484,30,0.019681865985883926
1,450.0,CAT3_lower_QCD_medium_top,ggF_HH4b_SMnorm,signal,17.900867647058824,13,0.926701613150601
1,450.0,CAT3_lower_QCD_medium_top,qcd_bbbb_iht100to200_20000,background,16266.889915466309,1,0.12377758093851884
1,450.0,CAT3_lower_QCD_medium_top,qcd_bbbb_iht200to400_combined120k,background,77046.95448958082,57,0.586263612464306
1,450.0,CAT3_lower_QCD_medium_top,qcd_bbbb_iht400to600_20000,background,14161.40927764033,22,0.10775661433597215
1,450.0,CAT3_lower_QCD_medium_top,qcd_bbbb_iht600plus_20000,background,1370.7234790502116,12,0.010430072205206909
1,450.0,CAT3_lower_QCD_medium_top,ttbar_200k,background,19987.7506202249,6,0.15209025407011226
1,450.0,CAT4_loose_low_purity,VBF_HH4b_SMnorm,signal,0.5961629268292683,8,0.024834958504745965
1,450.0,CAT4_loose_low_purity,Zbbbb_100k,background,1724.3981497336558,20,0.012520932760477646
1,450.0,CAT4_loose_low_purity,ggF_HH4b_SMnorm,signal,23.408826923076923,17,0.975165041495254
1,450.0,CAT4_loose_low_purity,qcd_bbbb_iht100to200_20000,background,32533.779830932617,2,0.23622924309574872
1,450.0,CAT4_loose_low_purity,qcd_bbbb_iht200to400_combined120k,background,60826.543018090124,45,0.4416642730099439
1,450.0,CAT4_loose_low_purity,qcd_bbbb_iht400to600_20000,background,7724.405060531089,12,0.056087253626745964
1,450.0,CAT4_loose_low_purity,qcd_bbbb_iht600plus_20000,background,1599.1773922252466,14,0.011611699190944394
1,450.0,CAT4_loose_low_purity,ttbar_200k,background,33312.917700374834,10,0.24188659831613946
1,4000.0,CAT0_very_high_QCD_high_top,VBF_HH4b_SMnorm,signal,31.13295284552845,47,0.09234683679613015
1,4000.0,CAT0_very_high_QCD_high_top,Zbbbb_100k,background,9963.189309572235,13,0.018570343003581027
1,4000.0,CAT0_very_high_QCD_high_top,ggF_HH4b_SMnorm,signal,305.9977375565611,25,0.9076531632038697
1,4000.0,CAT0_very_high_QCD_high_top,qcd_bbbb_iht200to400_combined120k,background,180226.79412767437,15,0.33592389759884955
1,4000.0,CAT0_very_high_QCD_high_top,qcd_bbbb_iht400to600_20000,background,40052.470684235275,7,0.07465361699315708
1,4000.0,CAT0_very_high_QCD_high_top,qcd_bbbb_iht600plus_20000,background,10153.50725222379,10,0.018925075746777993
1,4000.0,CAT0_very_high_QCD_high_top,ttbar_200k,background,296114.8240033318,10,0.5519270666576339
1,4000.0,CAT1_high_QCD_medium_top,VBF_HH4b_SMnorm,signal,13.248065040650403,20,0.0490149581309004
1,4000.0,CAT1_high_QCD_medium_top,Zbbbb_100k,background,10729.588487231636,14,0.011443273745525511
1,4000.0,CAT1_high_QCD_medium_top,ggF_HH4b_SMnorm,signal,257.0380995475113,21,0.9509850418690995
1,4000.0,CAT1_high_QCD_medium_top,qcd_bbbb_iht200to400_combined120k,background,312393.10982130235,26,0.33317213201188844
1,4000.0,CAT1_high_QCD_medium_top,qcd_bbbb_iht400to600_20000,background,102992.06747374785,18,0.10984264896293476
1,4000.0,CAT1_high_QCD_medium_top,qcd_bbbb_iht600plus_20000,background,8122.805801779033,8,0.00866309928680992
1,4000.0,CAT1_high_QCD_medium_top,ttbar_200k,background,503395.2008056641,17,0.5368788459928415
1,4000.0,CAT2_nominal_loose_mid,VBF_HH4b_SMnorm,signal,7.948839024390243,12,0.04433074929989495
1,4000.0,CAT2_nominal_loose_mid,Zbbbb_100k,background,22225.576152122678,29,0.0225400216062056
1,4000.0,CAT2_nominal_loose_mid,ggF_HH4b_SMnorm,signal,171.3587330316742,14,0.955669250700105
1,4000.0,CAT2_nominal_loose_mid,qcd_bbbb_iht200to400_combined120k,background,612771.100034093,51,0.6214405304902619
1,4000.0,CAT2_nominal_loose_mid,qcd_bbbb_iht400to600_20000,background,102992.06747374785,18,0.10444918998891058
1,4000.0,CAT2_nominal_loose_mid,qcd_bbbb_iht600plus_20000,background,11168.857977446169,11,0.011326873976413661
1,4000.0,CAT2_nominal_loose_mid,ttbar_200k,background,236891.85920266545,8,0.2402433839382083
1,4000.0,CAT3_lower_QCD_medium_top,VBF_HH4b_SMnorm,signal,12.585661788617882,19,0.07329838684939896
1,4000.0,CAT3_lower_QCD_medium_top,Zbbbb_100k,background,22991.97532978208,30,0.019681865985883926
1,4000.0,CAT3_lower_QCD_medium_top,ggF_HH4b_SMnorm,signal,159.11882352941177,13,0.926701613150601
1,4000.0,CAT3_lower_QCD_medium_top,qcd_bbbb_iht100to200_20000,background,144594.5770263672,1,0.12377758093851884
1,4000.0,CAT3_lower_QCD_medium_top,qcd_bbbb_iht200to400_combined120k,background,684861.8176851629,57,0.586263612464306
1,4000.0,CAT3_lower_QCD_medium_top,qcd_bbbb_iht400to600_20000,background,125879.19357902516,22,0.10775661433597215
1,4000.0,CAT3_lower_QCD_medium_top,qcd_bbbb_iht600plus_20000,background,12184.208702668548,12,0.010430072205206909
1,4000.0,CAT3_lower_QCD_medium_top,ttbar_200k,background,177668.8944019991,6,0.15209025407011226
1,4000.0,CAT4_loose_low_purity,VBF_HH4b_SMnorm,signal,5.299226016260162,8,0.024834958504745958
1,4000.0,CAT4_loose_low_purity,Zbbbb_100k,background,15327.983553188053,20,0.012520932760477646
1,4000.0,CAT4_loose_low_purity,ggF_HH4b_SMnorm,signal,208.07846153846154,17,0.975165041495254
1,4000.0,CAT4_loose_low_purity,qcd_bbbb_iht100to200_20000,background,289189.1540527344,2,0.23622924309574872
1,4000.0,CAT4_loose_low_purity,qcd_bbbb_iht200to400_combined120k,background,540680.3823830233,45,0.4416642730099438
1,4000.0,CAT4_loose_low_purity,qcd_bbbb_iht400to600_20000,background,68661.3783158319,12,0.056087253626745964
1,4000.0,CAT4_loose_low_purity,qcd_bbbb_iht600plus_20000,background,14214.910153113304,14,0.011611699190944394
1,4000.0,CAT4_loose_low_purity,ttbar_200k,background,296114.8240033318,10,0.2418865983161394
2,138.0,CAT0_very_high_QCD_high_top,VBF_HH4b_SMnorm,signal,0.8524885524590167,37,0.06358448927907669
2,138.0,CAT0_very_high_QCD_high_top,Zbbbb_100k,background,389.0090116038676,14,0.015587122637102319
2,138.0,CAT0_very_high_QCD_high_top,ggF_HH4b_SMnorm,signal,12.55468923766816,30,0.9364155107209232
2,138.0,CAT0_very_high_QCD_high_top,qcd_bbbb_iht100to200_20000,background,3913.402367019654,1,0.15680532019442656
2,138.0,CAT0_very_high_QCD_high_top,qcd_bbbb_iht200to400_combined120k,background,7384.282257145256,18,0.2958792976403056
2,138.0,CAT0_very_high_QCD_high_top,qcd_bbbb_iht400to600_20000,background,1720.2653583499925,9,0.06892896130711003
2,138.0,CAT0_very_high_QCD_high_top,qcd_bbbb_iht600plus_20000,background,178.77945783819877,5,0.007163477583281164
2,138.0,CAT0_very_high_QCD_high_top,ttbar_200k,background,11371.338018199376,11,0.45563582063777447
2,138.0,CAT1_high_QCD_medium_top,VBF_HH4b_SMnorm,signal,0.5299253163934425,23,0.054425570942187924
2,138.0,CAT1_high_QCD_medium_top,Zbbbb_100k,background,583.5135174058015,21,0.021706018008294442
2,138.0,CAT1_high_QCD_medium_top,ggF_HH4b_SMnorm,signal,9.206772107623319,22,0.9455744290578123
2,138.0,CAT1_high_QCD_medium_top,qcd_bbbb_iht200to400_combined120k,background,13537.850804766304,33,0.5035921612720796
2,138.0,CAT1_high_QCD_medium_top,qcd_bbbb_iht400to600_20000,background,4205.09309818887,22,0.1564245279554766
2,138.0,CAT1_high_QCD_medium_top,qcd_bbbb_iht600plus_20000,background,286.047132541118,8,0.010640617612017574
2,138.0,CAT1_high_QCD_medium_top,ttbar_200k,background,8270.06401323591,8,0.307636675152132
2,138.0,CAT2_nominal_loose_mid,VBF_HH4b_SMnorm,signal,0.32256323606557374,14,0.06035492971704726
2,138.0,CAT2_nominal_loose_mid,Zbbbb_100k,background,500.15444349068696,18,0.014360469938465317
2,138.0,CAT2_nominal_loose_mid,ggF_HH4b_SMnorm,signal,5.021875695067265,12,0.9396450702829525
2,138.0,CAT2_nominal_loose_mid,qcd_bbbb_iht200to400_combined120k,background,17229.99193333893,42,0.49470875330395986
2,138.0,CAT2_nominal_loose_mid,qcd_bbbb_iht400to600_20000,background,4013.952502816648,21,0.11524888962063057
2,138.0,CAT2_nominal_loose_mid,qcd_bbbb_iht600plus_20000,background,679.3619397851552,19,0.019505888312284614
2,138.0,CAT2_nominal_loose_mid,ttbar_200k,background,12405.096019853865,12,0.35617599882465956
2,138.0,CAT3_lower_QCD_medium_top,VBF_HH4b_SMnorm,signal,0.34560346721311475,15,0.04908137806474602
2,138.0,CAT3_lower_QCD_medium_top,Zbbbb_100k,background,555.7271594340966,20,0.019607403151493924
2,138.0,CAT3_lower_QCD_medium_top,ggF_HH4b_SMnorm,signal,6.695834260089686,16,0.9509186219352541
2,138.0,CAT3_lower_QCD_medium_top,qcd_bbbb_iht200to400_combined120k,background,21742.60886826103,53,0.7671320186678724
2,138.0,CAT3_lower_QCD_medium_top,qcd_bbbb_iht400to600_20000,background,3440.5307166999846,18,0.12139027519570952
2,138.0,CAT3_lower_QCD_medium_top,qcd_bbbb_iht600plus_20000,background,536.3383735145961,15,0.018923319720105077
2,138.0,CAT3_lower_QCD_medium_top,ttbar_200k,background,2067.5160033089774,2,0.07294698326481922
2,138.0,CAT4_loose_low_purity,VBF_HH4b_SMnorm,signal,0.2534425426229508,11,0.03254998806215922
2,138.0,CAT4_loose_low_purity,Zbbbb_100k,background,583.5135174058015,21,0.020415315263560458
2,138.0,CAT4_loose_low_purity,ggF_HH4b_SMnorm,signal,7.532813542600897,18,0.9674500119378406
2,138.0,CAT4_loose_low_purity,qcd_bbbb_iht200to400_combined120k,background,13127.612901591567,32,0.4592941689431219
2,138.0,CAT4_loose_low_purity,qcd_bbbb_iht400to600_20000,background,3249.390121327763,17,0.11368601028495334
2,138.0,CAT4_loose_low_purity,qcd_bbbb_iht600plus_20000,background,250.2912409734783,7,0.008756908691504696
2,138.0,CAT4_loose_low_purity,ttbar_200k,background,11371.338018199376,11,0.3978475968168598
2,350.0,CAT0_very_high_QCD_high_top,VBF_HH4b_SMnorm,signal,2.1621086475409843,37,0.06358448927907669
2,350.0,CAT0_very_high_QCD_high_top,Zbbbb_100k,background,986.6170584156063,14,0.01558712263710232
2,350.0,CAT0_very_high_QCD_high_top,ggF_HH4b_SMnorm,signal,31.84160313901345,30,0.9364155107209231
2,350.0,CAT0_very_high_QCD_high_top,qcd_bbbb_iht100to200_20000,background,9925.295858383179,1,0.1568053201944265
2,350.0,CAT0_very_high_QCD_high_top,qcd_bbbb_iht200to400_combined120k,background,18728.25210145536,18,0.2958792976403056
2,350.0,CAT0_very_high_QCD_high_top,qcd_bbbb_iht400to600_20000,background,4362.991850887662,9,0.06892896130711001
2,350.0,CAT0_very_high_QCD_high_top,qcd_bbbb_iht600plus_20000,background,453.42616118383745,5,0.0071634775832811635
2,350.0,CAT0_very_high_QCD_high_top,ttbar_200k,background,28840.350046157837,11,0.4556358206377744
2,350.0,CAT1_high_QCD_medium_top,VBF_HH4b_SMnorm,signal,1.3440134836065571,23,0.054425570942187924
2,350.0,CAT1_high_QCD_medium_top,Zbbbb_100k,background,1479.9255876234097,21,0.021706018008294442
2,350.0,CAT1_high_QCD_medium_top,ggF_HH4b_SMnorm,signal,23.350508968609866,22,0.9455744290578123
2,350.0,CAT1_high_QCD_medium_top,qcd_bbbb_iht200to400_combined120k,background,34335.12885266816,33,0.5035921612720795
2,350.0,CAT1_high_QCD_medium_top,qcd_bbbb_iht400to600_20000,background,10665.091191058726,22,0.15642452795547657
2,350.0,CAT1_high_QCD_medium_top,qcd_bbbb_iht600plus_20000,background,725.4818578941399,8,0.010640617612017574
2,350.0,CAT1_high_QCD_medium_top,ttbar_200k,background,20974.800033569336,8,0.30763667515213194
2,350.0,CAT2_nominal_loose_mid,VBF_HH4b_SMnorm,signal,0.8180951639344263,14,0.06035492971704728
2,350.0,CAT2_nominal_loose_mid,Zbbbb_100k,background,1268.5076465343511,18,0.014360469938465318
2,350.0,CAT2_nominal_loose_mid,ggF_HH4b_SMnorm,signal,12.736641255605383,12,0.9396450702829527
2,350.0,CAT2_nominal_loose_mid,qcd_bbbb_iht200to400_combined120k,background,43699.254903395835,42,0.49470875330395986
2,350.0,CAT2_nominal_loose_mid,qcd_bbbb_iht400to600_20000,background,10180.314318737876,21,0.11524888962063057
2,350.0,CAT2_nominal_loose_mid,qcd_bbbb_iht600plus_20000,background,1723.0194124985821,19,0.019505888312284614
2,350.0,CAT2_nominal_loose_mid,ttbar_200k,background,31462.200050354004,12,0.35617599882465956
2,350.0,CAT3_lower_QCD_medium_top,VBF_HH4b_SMnorm,signal,0.8765305327868852,15,0.04908137806474602
2,350.0,CAT3_lower_QCD_medium_top,Zbbbb_100k,background,1409.4529405937235,20,0.019607403151493927
2,350.0,CAT3_lower_QCD_medium_top,ggF_HH4b_SMnorm,signal,16.982188340807177,16,0.9509186219352542
2,350.0,CAT3_lower_QCD_medium_top,qcd_bbbb_iht200to400_combined120k,background,55144.29785428522,53,0.7671320186678723
2,350.0,CAT3_lower_QCD_medium_top,qcd_bbbb_iht400to600_20000,background,8725.983701775323,18,0.12139027519570951
2,350.0,CAT3_lower_QCD_medium_top,qcd_bbbb_iht600plus_20000,background,1360.278483551512,15,0.018923319720105074
2,350.0,CAT3_lower_QCD_medium_top,ttbar_200k,background,5243.700008392334,2,0.07294698326481922
2,350.0,CAT4_loose_low_purity,VBF_HH4b_SMnorm,signal,0.6427890573770492,11,0.03254998806215922
2,350.0,CAT4_loose_low_purity,Zbbbb_100k,background,1479.9255876234097,21,0.020415315263560458
2,350.0,CAT4_loose_low_purity,ggF_HH4b_SMnorm,signal,19.104961883408073,18,0.9674500119378409
2,350.0,CAT4_loose_low_purity,qcd_bbbb_iht200to400_combined120k,background,33294.670402587304,32,0.45929416894312186
2,350.0,CAT4_loose_low_purity,qcd_bbbb_iht400to600_20000,background,8241.206829454472,17,0.11368601028495334
2,350.0,CAT4_loose_low_purity,qcd_bbbb_iht600plus_20000,background,634.7966256573725,7,0.008756908691504696
2,350.0,CAT4_loose_low_purity,ttbar_200k,background,28840.350046157837,11,0.3978475968168598
2,450.0,CAT0_very_high_QCD_high_top,VBF_HH4b_SMnorm,signal,2.779853975409837,37,0.0635844892790767
2,450.0,CAT0_very_high_QCD_high_top,Zbbbb_100k,background,1268.507646534351,14,0.01558712263710232
2,450.0,CAT0_very_high_QCD_high_top,ggF_HH4b_SMnorm,signal,40.93920403587444,30,0.9364155107209233
2,450.0,CAT0_very_high_QCD_high_top,qcd_bbbb_iht100to200_20000,background,12761.094675064089,1,0.15680532019442656
2,450.0,CAT0_very_high_QCD_high_top,qcd_bbbb_iht200to400_combined120k,background,24079.18127329975,18,0.2958792976403056
2,450.0,CAT0_very_high_QCD_high_top,qcd_bbbb_iht400to600_20000,background,5609.5609511412795,9,0.06892896130711001
2,450.0,CAT0_very_high_QCD_high_top,qcd_bbbb_iht600plus_20000,background,582.9764929506482,5,0.007163477583281165
2,450.0,CAT0_very_high_QCD_high_top,ttbar_200k,background,37080.45005934579,11,0.45563582063777447
2,450.0,CAT1_high_QCD_medium_top,VBF_HH4b_SMnorm,signal,1.7280173360655735,23,0.054425570942187924
2,450.0,CAT1_high_QCD_medium_top,Zbbbb_100k,background,1902.7614698015268,21,0.021706018008294446
2,450.0,CAT1_high_QCD_medium_top,ggF_HH4b_SMnorm,signal,30.022082959641256,22,0.9455744290578123
2,450.0,CAT1_high_QCD_medium_top,qcd_bbbb_iht200to400_combined120k,background,44145.1656677162,33,0.5035921612720795
2,450.0,CAT1_high_QCD_medium_top,qcd_bbbb_iht400to600_20000,background,13712.26010278979,22,0.15642452795547657
2,450.0,CAT1_high_QCD_medium_top,qcd_bbbb_iht600plus_20000,background,932.762388721037,8,0.010640617612017575
2,450.0,CAT1_high_QCD_medium_top,ttbar_200k,background,26967.600043160575,8,0.307636675152132
2,450.0,CAT2_nominal_loose_mid,VBF_HH4b_SMnorm,signal,1.0518366393442622,14,0.06035492971704726
2,450.0,CAT2_nominal_loose_mid,Zbbbb_100k,background,1630.9384026870227,18,0.014360469938465317
2,450.0,CAT2_nominal_loose_mid,ggF_HH4b_SMnorm,signal,16.375681614349777,12,0.9396450702829525
2,450.0,CAT2_nominal_loose_mid,qcd_bbbb_iht200to400_combined120k,background,56184.75630436608,42,0.4947087533039599
2,450.0,CAT2_nominal_loose_mid,qcd_bbbb_iht400to600_20000,background,13088.975552662983,21,0.11524888962063057
2,450.0,CAT2_nominal_loose_mid,qcd_bbbb_iht600plus_20000,background,2215.310673212463,19,0.019505888312284614
2,450.0,CAT2_nominal_loose_mid,ttbar_200k,background,40451.40006474086,12,0.3561759988246595
2,450.0,CAT3_lower_QCD_medium_top,VBF_HH4b_SMnorm,signal,1.1269678278688524,15,0.049081378064746016
2,450.0,CAT3_lower_QCD_medium_top,Zbbbb_100k,background,1812.1537807633588,20,0.019607403151493927
2,450.0,CAT3_lower_QCD_medium_top,ggF_HH4b_SMnorm,signal,21.83424215246637,16,0.9509186219352541
2,450.0,CAT3_lower_QCD_medium_top,qcd_bbbb_iht200to400_combined120k,background,70899.81152693814,53,0.7671320186678724
2,450.0,CAT3_lower_QCD_medium_top,qcd_bbbb_iht400to600_20000,background,11219.121902282557,18,0.12139027519570951
2,450.0,CAT3_lower_QCD_medium_top,qcd_bbbb_iht600plus_20000,background,1748.929478851944,15,0.018923319720105077
2,450.0,CAT3_lower_QCD_medium_top,ttbar_200k,background,6741.900010790144,2,0.07294698326481923
2,450.0,CAT4_loose_low_purity,VBF_HH4b_SMnorm,signal,0.8264430737704918,11,0.03254998806215922
2,450.0,CAT4_loose_low_purity,Zbbbb_100k,background,1902.7614698015268,21,0.020415315263560458
2,450.0,CAT4_loose_low_purity,ggF_HH4b_SMnorm,signal,24.563522421524663,18,0.9674500119378406
2,450.0,CAT4_loose_low_purity,qcd_bbbb_iht200to400_combined120k,background,42807.433374755106,32,0.45929416894312186
2,450.0,CAT4_loose_low_purity,qcd_bbbb_iht400to600_20000,background,10595.83735215575,17,0.11368601028495334
2,450.0,CAT4_loose_low_purity,qcd_bbbb_iht600plus_20000,background,816.1670901309075,7,0.008756908691504696
2,450.0,CAT4_loose_low_purity,ttbar_200k,background,37080.45005934579,11,0.3978475968168598
2,4000.0,CAT0_very_high_QCD_high_top,VBF_HH4b_SMnorm,signal,24.709813114754105,37,0.06358448927907669
2,4000.0,CAT0_very_high_QCD_high_top,Zbbbb_100k,background,11275.623524749786,14,0.01558712263710232
2,4000.0,CAT0_very_high_QCD_high_top,ggF_HH4b_SMnorm,signal,363.90403587443944,30,0.9364155107209232
2,4000.0,CAT0_very_high_QCD_high_top,qcd_bbbb_iht100to200_20000,background,113431.95266723634,1,0.15680532019442653
2,4000.0,CAT0_very_high_QCD_high_top,qcd_bbbb_iht200to400_combined120k,background,214037.16687377554,18,0.2958792976403056
2,4000.0,CAT0_very_high_QCD_high_top,qcd_bbbb_iht400to600_20000,background,49862.76401014471,9,0.06892896130711001
2,4000.0,CAT0_very_high_QCD_high_top,qcd_bbbb_iht600plus_20000,background,5182.013270672428,5,0.007163477583281164
2,4000.0,CAT0_very_high_QCD_high_top,ttbar_200k,background,329604.00052751816,11,0.45563582063777447
2,4000.0,CAT1_high_QCD_medium_top,VBF_HH4b_SMnorm,signal,15.360154098360654,23,0.054425570942187924
2,4000.0,CAT1_high_QCD_medium_top,Zbbbb_100k,background,16913.43528712468,21,0.021706018008294442
2,4000.0,CAT1_high_QCD_medium_top,ggF_HH4b_SMnorm,signal,266.8629596412556,22,0.9455744290578122
2,4000.0,CAT1_high_QCD_medium_top,qcd_bbbb_iht200to400_combined120k,background,392401.4726019218,33,0.5035921612720795
2,4000.0,CAT1_high_QCD_medium_top,qcd_bbbb_iht400to600_20000,background,121886.7564692426,22,0.1564245279554766
2,4000.0,CAT1_high_QCD_medium_top,qcd_bbbb_iht600plus_20000,background,8291.221233075885,8,0.010640617612017575
2,4000.0,CAT1_high_QCD_medium_top,ttbar_200k,background,239712.00038364957,8,0.307636675152132
2,4000.0,CAT2_nominal_loose_mid,VBF_HH4b_SMnorm,signal,9.349659016393442,14,0.06035492971704726
2,4000.0,CAT2_nominal_loose_mid,Zbbbb_100k,background,14497.230246106868,18,0.014360469938465318
2,4000.0,CAT2_nominal_loose_mid,ggF_HH4b_SMnorm,signal,145.5616143497758,12,0.9396450702829525
2,4000.0,CAT2_nominal_loose_mid,qcd_bbbb_iht200to400_combined120k,background,499420.0560388096,42,0.49470875330395997
2,4000.0,CAT2_nominal_loose_mid,qcd_bbbb_iht400to600_20000,background,116346.4493570043,21,0.1152488896206306
2,4000.0,CAT2_nominal_loose_mid,qcd_bbbb_iht600plus_20000,background,19691.650428555226,19,0.019505888312284617
2,4000.0,CAT2_nominal_loose_mid,ttbar_200k,background,359568.00057547435,12,0.3561759988246596
2,4000.0,CAT3_lower_QCD_medium_top,VBF_HH4b_SMnorm,signal,10.017491803278688,15,0.04908137806474602
2,4000.0,CAT3_lower_QCD_medium_top,Zbbbb_100k,background,16108.033606785411,20,0.019607403151493927
2,4000.0,CAT3_lower_QCD_medium_top,ggF_HH4b_SMnorm,signal,194.08215246636772,16,0.9509186219352541
2,4000.0,CAT3_lower_QCD_medium_top,qcd_bbbb_iht200to400_combined120k,background,630220.5469061169,53,0.7671320186678724
2,4000.0,CAT3_lower_QCD_medium_top,qcd_bbbb_iht400to600_20000,background,99725.5280202894,18,0.12139027519570952
2,4000.0,CAT3_lower_QCD_medium_top,qcd_bbbb_iht600plus_20000,background,15546.03981201728,15,0.018923319720105077
2,4000.0,CAT3_lower_QCD_medium_top,ttbar_200k,background,59928.00009591239,2,0.07294698326481923
2,4000.0,CAT4_loose_low_purity,VBF_HH4b_SMnorm,signal,7.346160655737705,11,0.03254998806215922
2,4000.0,CAT4_loose_low_purity,Zbbbb_100k,background,16913.43528712468,21,0.020415315263560458
2,4000.0,CAT4_loose_low_purity,ggF_HH4b_SMnorm,signal,218.34242152466368,18,0.9674500119378407
2,4000.0,CAT4_loose_low_purity,qcd_bbbb_iht200to400_combined120k,background,380510.51888671203,32,0.4592941689431218
2,4000.0,CAT4_loose_low_purity,qcd_bbbb_iht400to600_20000,background,94185.22090805111,17,0.11368601028495334
2,4000.0,CAT4_loose_low_purity,qcd_bbbb_iht600plus_20000,background,7254.8185789414,7,0.008756908691504696
2,4000.0,CAT4_loose_low_purity,ttbar_200k,background,329604.00052751816,11,0.3978475968168598
3,138.0,CAT0_very_high_QCD_high_top,VBF_HH4b_SMnorm,signal,1.058224263529412,48,0.06259623240977762
3,138.0,CAT0_very_high_QCD_high_top,Zbbbb_100k,background,276.92405789213865,10,0.0122286668141246
3,138.0,CAT0_very_high_QCD_high_top,ggF_HH4b_SMnorm,signal,15.8473341509434,36,0.9374037675902223
3,138.0,CAT0_very_high_QCD_high_top,qcd_bbbb_iht200to400_combined120k,background,9500.927699297252,23,0.4195506888933673
3,138.0,CAT0_very_high_QCD_high_top,qcd_bbbb_iht400to600_20000,background,2713.943287934057,14,0.11984479959304233
3,138.0,CAT0_very_high_QCD_high_top,qcd_bbbb_iht600plus_20000,background,210.67136112366606,6,0.009303019398418865
3,138.0,CAT0_very_high_QCD_high_top,ttbar_200k,background,9943.015893775999,10,0.43907282530104697
3,138.0,CAT1_high_QCD_medium_top,VBF_HH4b_SMnorm,signal,0.5952511482352941,27,0.1094716338047919
3,138.0,CAT1_high_QCD_medium_top,Zbbbb_100k,background,443.07849262742184,16,0.014632884733597749
3,138.0,CAT1_high_QCD_medium_top,ggF_HH4b_SMnorm,signal,4.842240990566038,11,0.8905283661952081
3,138.0,CAT1_high_QCD_medium_top,qcd_bbbb_iht200to400_combined120k,background,11153.262951348946,27,0.36834198428997444
3,138.0,CAT1_high_QCD_medium_top,qcd_bbbb_iht400to600_20000,background,3101.6494719246366,16,0.10243349646145433
3,138.0,CAT1_high_QCD_medium_top,qcd_bbbb_iht600plus_20000,background,667.1259768916093,19,0.0220321628900467
3,138.0,CAT1_high_QCD_medium_top,ttbar_200k,background,14914.523840664002,15,0.49255947162492686
3,138.0,CAT2_nominal_loose_mid,VBF_HH4b_SMnorm,signal,0.3086487435294118,14,0.04769353317916484
3,138.0,CAT2_nominal_loose_mid,Zbbbb_100k,background,636.925333151919,23,0.019300400353222977
3,138.0,CAT2_nominal_loose_mid,ggF_HH4b_SMnorm,signal,6.1628521698113214,14,0.9523064668208353
3,138.0,CAT2_nominal_loose_mid,qcd_bbbb_iht200to400_combined120k,background,18175.687772568654,44,0.550767935339891
3,138.0,CAT2_nominal_loose_mid,qcd_bbbb_iht400to600_20000,background,3683.208747910506,19,0.11161026217528419
3,138.0,CAT2_nominal_loose_mid,qcd_bbbb_iht600plus_20000,background,561.7902963297762,16,0.01702362438633642
3,138.0,CAT2_nominal_loose_mid,ttbar_200k,background,9943.015893775999,10,0.3012977777452654
3,138.0,CAT3_lower_QCD_medium_top,VBF_HH4b_SMnorm,signal,0.529112131764706,24,0.06987403008269184
3,138.0,CAT3_lower_QCD_medium_top,Zbbbb_100k,background,470.7708984166357,17,0.011068228119230354
3,138.0,CAT3_lower_QCD_medium_top,ggF_HH4b_SMnorm,signal,7.04325962264151,16,0.9301259699173081
3,138.0,CAT3_lower_QCD_medium_top,qcd_bbbb_iht200to400_combined120k,background,30981.285975969302,75,0.7283966399844547
3,138.0,CAT3_lower_QCD_medium_top,qcd_bbbb_iht400to600_20000,background,3489.355655915216,18,0.08203774812481382
3,138.0,CAT3_lower_QCD_medium_top,qcd_bbbb_iht600plus_20000,background,632.0140833709983,18,0.014859193872951785
3,138.0,CAT3_lower_QCD_medium_top,ttbar_200k,background,6960.1111256432005,7,0.16363818989854934
3,138.0,CAT4_loose_low_purity,VBF_HH4b_SMnorm,signal,0.22046338823529413,10,0.02707021814271686
3,138.0,CAT4_loose_low_purity,Zbbbb_100k,background,886.1569852548437,32,0.02608761610760559
3,138.0,CAT4_loose_low_purity,ggF_HH4b_SMnorm,signal,7.923667075471698,18,0.9729297818572831
3,138.0,CAT4_loose_low_purity,qcd_bbbb_iht200to400_combined120k,background,18588.77158558158,45,0.5472356987595821
3,138.0,CAT4_loose_low_purity,qcd_bbbb_iht400to600_20000,background,1356.9716439670285,7,0.03994795042611756
3,138.0,CAT4_loose_low_purity,qcd_bbbb_iht600plus_20000,background,210.67136112366606,6,0.00620196385664151
3,138.0,CAT4_loose_low_purity,ttbar_200k,background,12925.9206619088,13,0.3805267708500532
3,350.0,CAT0_very_high_QCD_high_top,VBF_HH4b_SMnorm,signal,2.683902117647059,48,0.06259623240977762
3,350.0,CAT0_very_high_QCD_high_top,Zbbbb_100k,background,702.3436250887574,10,0.0122286668141246
3,350.0,CAT0_very_high_QCD_high_top,ggF_HH4b_SMnorm,signal,40.19251415094341,36,0.9374037675902224
3,350.0,CAT0_very_high_QCD_high_top,qcd_bbbb_iht200to400_combined120k,background,24096.555759087234,23,0.4195506888933673
3,350.0,CAT0_very_high_QCD_high_top,qcd_bbbb_iht400to600_20000,background,6883.189498383477,14,0.11984479959304231
3,350.0,CAT0_very_high_QCD_high_top,qcd_bbbb_iht600plus_20000,background,534.3114231397327,6,0.009303019398418863
3,350.0,CAT0_very_high_QCD_high_top,ttbar_200k,background,25217.793933489855,10,0.43907282530104697
3,350.0,CAT1_high_QCD_medium_top,VBF_HH4b_SMnorm,signal,1.5096949411764706,27,0.10947163380479191
3,350.0,CAT1_high_QCD_medium_top,Zbbbb_100k,background,1123.749800142012,16,0.01463288473359775
3,350.0,CAT1_high_QCD_medium_top,ggF_HH4b_SMnorm,signal,12.281045990566039,11,0.8905283661952081
3,350.0,CAT1_high_QCD_medium_top,qcd_bbbb_iht200to400_combined120k,background,28287.261108493705,27,0.3683419842899745
3,350.0,CAT1_high_QCD_medium_top,qcd_bbbb_iht400to600_20000,background,7866.502283866832,16,0.10243349646145435
3,350.0,CAT1_high_QCD_medium_top,qcd_bbbb_iht600plus_20000,background,1691.9861732758206,19,0.022032162890046704
3,350.0,CAT1_high_QCD_medium_top,ttbar_200k,background,37826.69090023479,15,0.4925594716249269
3,350.0,CAT2_nominal_loose_mid,VBF_HH4b_SMnorm,signal,0.7828047843137255,14,0.04769353317916483
3,350.0,CAT2_nominal_loose_mid,Zbbbb_100k,background,1615.3903377041422,23,0.019300400353222977
3,350.0,CAT2_nominal_loose_mid,ggF_HH4b_SMnorm,signal,15.630422169811322,14,0.9523064668208352
3,350.0,CAT2_nominal_loose_mid,qcd_bbbb_iht200to400_combined120k,background,46097.75884347123,44,0.5507679353398911
3,350.0,CAT2_nominal_loose_mid,qcd_bbbb_iht400to600_20000,background,9341.471462091862,19,0.11161026217528418
3,350.0,CAT2_nominal_loose_mid,qcd_bbbb_iht600plus_20000,background,1424.8304617059541,16,0.01702362438633642
3,350.0,CAT2_nominal_loose_mid,ttbar_200k,background,25217.793933489855,10,0.3012977777452654
3,350.0,CAT3_lower_QCD_medium_top,VBF_HH4b_SMnorm,signal,1.3419510588235295,24,0.06987403008269184
3,350.0,CAT3_lower_QCD_medium_top,Zbbbb_100k,background,1193.9841626508878,17,0.011068228119230356
3,350.0,CAT3_lower_QCD_medium_top,ggF_HH4b_SMnorm,signal,17.86333962264151,16,0.9301259699173082
3,350.0,CAT3_lower_QCD_medium_top,qcd_bbbb_iht200to400_combined120k,background,78575.72530137142,75,0.7283966399844547
3,350.0,CAT3_lower_QCD_medium_top,qcd_bbbb_iht400to600_20000,background,8849.815069350187,18,0.08203774812481383
3,350.0,CAT3_lower_QCD_medium_top,qcd_bbbb_iht600plus_20000,background,1602.9342694191985,18,0.014859193872951785
3,350.0,CAT3_lower_QCD_medium_top,ttbar_200k,background,17652.4557534429,7,0.16363818989854934
3,350.0,CAT4_loose_low_purity,VBF_HH4b_SMnorm,signal,0.5591462745098039,10,0.02707021814271686
3,350.0,CAT4_loose_low_purity,Zbbbb_100k,background,2247.499600284024,32,0.026087616107605592
3,350.0,CAT4_loose_low_purity,ggF_HH4b_SMnorm,signal,20.096257075471698,18,0.972929781857283
3,350.0,CAT4_loose_low_purity,qcd_bbbb_iht200to400_combined120k,background,47145.435180822846,45,0.5472356987595821
3,350.0,CAT4_loose_low_purity,qcd_bbbb_iht400to600_20000,background,3441.5947491917386,7,0.03994795042611756
3,350.0,CAT4_loose_low_purity,qcd_bbbb_iht600plus_20000,background,534.3114231397327,6,0.006201963856641511
3,350.0,CAT4_loose_low_purity,ttbar_200k,background,32783.13211353681,13,0.38052677085005326
3,450.0,CAT0_very_high_QCD_high_top,VBF_HH4b_SMnorm,signal,3.4507312941176473,48,0.06259623240977762
3,450.0,CAT0_very_high_QCD_high_top,Zbbbb_100k,background,903.0132322569739,10,0.0122286668141246
3,450.0,CAT0_very_high_QCD_high_top,ggF_HH4b_SMnorm,signal,51.67608962264153,36,0.9374037675902224
3,450.0,CAT0_very_high_QCD_high_top,qcd_bbbb_iht200to400_combined120k,background,30981.2859759693,23,0.4195506888933673
3,450.0,CAT0_very_high_QCD_high_top,qcd_bbbb_iht400to600_20000,background,8849.815069350185,14,0.11984479959304231
3,450.0,CAT0_very_high_QCD_high_top,qcd_bbbb_iht600plus_20000,background,686.971829751085,6,0.009303019398418865
3,450.0,CAT0_very_high_QCD_high_top,ttbar_200k,background,32422.877914486955,10,0.439072825301047
3,450.0,CAT1_high_QCD_medium_top,VBF_HH4b_SMnorm,signal,1.9410363529411765,27,0.1094716338047919
3,450.0,CAT1_high_QCD_medium_top,Zbbbb_100k,background,1444.8211716111582,16,0.01463288473359775
3,450.0,CAT1_high_QCD_medium_top,ggF_HH4b_SMnorm,signal,15.789916273584906,11,0.890528366195208
3,450.0,CAT1_high_QCD_medium_top,qcd_bbbb_iht200to400_combined120k,background,36369.33571092047,27,0.36834198428997444
3,450.0,CAT1_high_QCD_medium_top,qcd_bbbb_iht400to600_20000,background,10114.07436497164,16,0.10243349646145433
3,450.0,CAT1_high_QCD_medium_top,qcd_bbbb_iht600plus_20000,background,2175.4107942117694,19,0.022032162890046704
3,450.0,CAT1_high_QCD_medium_top,ttbar_200k,background,48634.316871730436,15,0.4925594716249268
3,450.0,CAT2_nominal_loose_mid,VBF_HH4b_SMnorm,signal,1.006463294117647,14,0.04769353317916483
3,450.0,CAT2_nominal_loose_mid,Zbbbb_100k,background,2076.93043419104,23,0.019300400353222977
3,450.0,CAT2_nominal_loose_mid,ggF_HH4b_SMnorm,signal,20.096257075471698,14,0.9523064668208351
3,450.0,CAT2_nominal_loose_mid,qcd_bbbb_iht200to400_combined120k,background,59268.547084463,44,0.550767935339891
3,450.0,CAT2_nominal_loose_mid,qcd_bbbb_iht400to600_20000,background,12010.463308403823,19,0.11161026217528418
3,450.0,CAT2_nominal_loose_mid,qcd_bbbb_iht600plus_20000,background,1831.9248793362267,16,0.017023624386336415
3,450.0,CAT2_nominal_loose_mid,ttbar_200k,background,32422.877914486955,10,0.3012977777452654
3,450.0,CAT3_lower_QCD_medium_top,VBF_HH4b_SMnorm,signal,1.7253656470588237,24,0.06987403008269184
3,450.0,CAT3_lower_QCD_medium_top,Zbbbb_100k,background,1535.1224948368556,17,0.011068228119230356
3,450.0,CAT3_lower_QCD_medium_top,ggF_HH4b_SMnorm,signal,22.967150943396227,16,0.9301259699173082
3,450.0,CAT3_lower_QCD_medium_top,qcd_bbbb_iht200to400_combined120k,background,101025.93253033468,75,0.7283966399844547
3,450.0,CAT3_lower_QCD_medium_top,qcd_bbbb_iht400to600_20000,background,11378.333660593096,18,0.08203774812481382
3,450.0,CAT3_lower_QCD_medium_top,qcd_bbbb_iht600plus_20000,background,2060.915489253255,18,0.014859193872951785
3,450.0,CAT3_lower_QCD_medium_top,ttbar_200k,background,22696.01454014087,7,0.16363818989854934
3,450.0,CAT4_loose_low_purity,VBF_HH4b_SMnorm,signal,0.7189023529411765,10,0.027070218142716866
3,450.0,CAT4_loose_low_purity,Zbbbb_100k,background,2889.6423432223164,32,0.02608761610760559
3,450.0,CAT4_loose_low_purity,ggF_HH4b_SMnorm,signal,25.838044811320756,18,0.9729297818572832
3,450.0,CAT4_loose_low_purity,qcd_bbbb_iht200to400_combined120k,background,60615.559518200804,45,0.5472356987595821
3,450.0,CAT4_loose_low_purity,qcd_bbbb_iht400to600_20000,background,4424.907534675092,7,0.03994795042611756
3,450.0,CAT4_loose_low_purity,qcd_bbbb_iht600plus_20000,background,686.971829751085,6,0.006201963856641511
3,450.0,CAT4_loose_low_purity,ttbar_200k,background,42149.741288833044,13,0.3805267708500532
3,4000.0,CAT0_very_high_QCD_high_top,VBF_HH4b_SMnorm,signal,30.67316705882353,48,0.06259623240977762
3,4000.0,CAT0_very_high_QCD_high_top,Zbbbb_100k,background,8026.784286728657,10,0.0122286668141246
3,4000.0,CAT0_very_high_QCD_high_top,ggF_HH4b_SMnorm,signal,459.3430188679247,36,0.9374037675902225
3,4000.0,CAT0_very_high_QCD_high_top,qcd_bbbb_iht200to400_combined120k,background,275389.20867528266,23,0.4195506888933672
3,4000.0,CAT0_very_high_QCD_high_top,qcd_bbbb_iht400to600_20000,background,78665.02283866832,14,0.11984479959304231
3,4000.0,CAT0_very_high_QCD_high_top,qcd_bbbb_iht600plus_20000,background,6106.416264454088,6,0.009303019398418863
3,4000.0,CAT0_very_high_QCD_high_top,ttbar_200k,background,288203.35923988407,10,0.439072825301047
3,4000.0,CAT1_high_QCD_medium_top,VBF_HH4b_SMnorm,signal,17.253656470588236,27,0.1094716338047919
3,4000.0,CAT1_high_QCD_medium_top,Zbbbb_100k,background,12842.854858765852,16,0.01463288473359775
3,4000.0,CAT1_high_QCD_medium_top,ggF_HH4b_SMnorm,signal,140.35481132075472,11,0.890528366195208
3,4000.0,CAT1_high_QCD_medium_top,qcd_bbbb_iht200to400_combined120k,background,323282.9840970709,27,0.36834198428997444
3,4000.0,CAT1_high_QCD_medium_top,qcd_bbbb_iht400to600_20000,background,89902.88324419236,16,0.10243349646145433
3,4000.0,CAT1_high_QCD_medium_top,qcd_bbbb_iht600plus_20000,background,19336.98483743795,19,0.022032162890046704
3,4000.0,CAT1_high_QCD_medium_top,ttbar_200k,background,432305.0388598261,15,0.49255947162492686
3,4000.0,CAT2_nominal_loose_mid,VBF_HH4b_SMnorm,signal,8.946340392156863,14,0.04769353317916484
3,4000.0,CAT2_nominal_loose_mid,Zbbbb_100k,background,18461.603859475912,23,0.01930040035322298
3,4000.0,CAT2_nominal_loose_mid,ggF_HH4b_SMnorm,signal,178.6333962264151,14,0.9523064668208352
3,4000.0,CAT2_nominal_loose_mid,qcd_bbbb_iht200to400_combined120k,background,526831.5296396712,44,0.5507679353398911
3,4000.0,CAT2_nominal_loose_mid,qcd_bbbb_iht400to600_20000,background,106759.67385247843,19,0.11161026217528418
3,4000.0,CAT2_nominal_loose_mid,qcd_bbbb_iht600plus_20000,background,16283.776705210903,16,0.01702362438633642
3,4000.0,CAT2_nominal_loose_mid,ttbar_200k,background,288203.35923988407,10,0.30129777774526545
3,4000.0,CAT3_lower_QCD_medium_top,VBF_HH4b_SMnorm,signal,15.336583529411765,24,0.06987403008269184
3,4000.0,CAT3_lower_QCD_medium_top,Zbbbb_100k,background,13645.533287438717,17,0.011068228119230356
3,4000.0,CAT3_lower_QCD_medium_top,ggF_HH4b_SMnorm,signal,204.15245283018868,16,0.9301259699173081
3,4000.0,CAT3_lower_QCD_medium_top,qcd_bbbb_iht200to400_combined120k,background,898008.2891585305,75,0.7283966399844547
3,4000.0,CAT3_lower_QCD_medium_top,qcd_bbbb_iht400to600_20000,background,101140.74364971642,18,0.08203774812481382
3,4000.0,CAT3_lower_QCD_medium_top,qcd_bbbb_iht600plus_20000,background,18319.24879336227,18,0.014859193872951785
3,4000.0,CAT3_lower_QCD_medium_top,ttbar_200k,background,201742.35146791887,7,0.16363818989854934
3,4000.0,CAT4_loose_low_purity,VBF_HH4b_SMnorm,signal,6.3902431372549025,10,0.027070218142716866
3,4000.0,CAT4_loose_low_purity,Zbbbb_100k,background,25685.709717531703,32,0.026087616107605592
3,4000.0,CAT4_loose_low_purity,ggF_HH4b_SMnorm,signal,229.67150943396229,18,0.9729297818572832
3,4000.0,CAT4_loose_low_purity,qcd_bbbb_iht200to400_combined120k,background,538804.9734951182,45,0.5472356987595821
3,4000.0,CAT4_loose_low_purity,qcd_bbbb_iht400to600_20000,background,39332.51141933416,7,0.03994795042611756
3,4000.0,CAT4_loose_low_purity,qcd_bbbb_iht600plus_20000,background,6106.416264454088,6,0.006201963856641511
3,4000.0,CAT4_loose_low_purity,ttbar_200k,background,374664.3670118493,13,0.38052677085005326
4,138.0,CAT0_very_high_QCD_high_top,VBF_HH4b_SMnorm,signal,0.9708357638554217,43,0.06430338054810379
4,138.0,CAT0_very_high_QCD_high_top,Zbbbb_100k,background,274.60281683688186,10,0.0109468779413434
4,138.0,CAT0_very_high_QCD_high_top,ggF_HH4b_SMnorm,signal,14.126904908256881,33,0.9356966194518963
4,138.0,CAT0_very_high_QCD_high_top,qcd_bbbb_iht200to400_combined120k,background,6217.8243974047655,15,0.24786987083067366
4,138.0,CAT0_very_high_QCD_high_top,qcd_bbbb_iht400to600_20000,background,2626.9579261412987,14,0.1047221150378638
4,138.0,CAT0_very_high_QCD_high_top,qcd_bbbb_iht600plus_20000,background,245.39891804592799,7,0.009782681888446318
4,138.0,CAT0_very_high_QCD_high_top,ttbar_200k,background,15720.250990676881,14,0.6266784543016727
4,138.0,CAT1_high_QCD_medium_top,VBF_HH4b_SMnorm,signal,0.5418618216867469,24,0.05684833035900859
4,138.0,CAT1_high_QCD_medium_top,Zbbbb_100k,background,494.28507030638735,18,0.013449798432002356
4,138.0,CAT1_high_QCD_medium_top,ggF_HH4b_SMnorm,signal,8.989848577981654,21,0.9431516696409917
4,138.0,CAT1_high_QCD_medium_top,qcd_bbbb_iht200to400_combined120k,background,16995.386686239697,41,0.4624548442504446
4,138.0,CAT1_high_QCD_medium_top,qcd_bbbb_iht400to600_20000,background,3189.8774817430053,17,0.08679851310425526
4,138.0,CAT1_high_QCD_medium_top,qcd_bbbb_iht600plus_20000,background,350.5698829227542,10,0.009539220471941449
4,138.0,CAT1_high_QCD_medium_top,ttbar_200k,background,15720.250990676881,14,0.4277576237413561
4,138.0,CAT2_nominal_loose_mid,VBF_HH4b_SMnorm,signal,0.47412909397590347,21,0.06875970790692708
4,138.0,CAT2_nominal_loose_mid,Zbbbb_100k,background,741.4276054595808,27,0.01818299202707067
4,138.0,CAT2_nominal_loose_mid,ggF_HH4b_SMnorm,signal,6.421320412844039,15,0.9312402920930731
4,138.0,CAT2_nominal_loose_mid,qcd_bbbb_iht200to400_combined120k,background,27358.42734858098,66,0.6709462430173287
4,138.0,CAT2_nominal_loose_mid,qcd_bbbb_iht400to600_20000,background,3377.517333610241,18,0.08283124380061402
4,138.0,CAT2_nominal_loose_mid,qcd_bbbb_iht600plus_20000,background,315.5128946304788,9,0.007737732457301574
4,138.0,CAT2_nominal_loose_mid,ttbar_200k,background,8983.000566101075,8,0.22030178869768502
4,138.0,CAT3_lower_QCD_medium_top,VBF_HH4b_SMnorm,signal,0.3838187903614457,17,0.060187503563567495
4,138.0,CAT3_lower_QCD_medium_top,Zbbbb_100k,background,906.1892955617101,33,0.020687502195819663
4,138.0,CAT3_lower_QCD_medium_top,ggF_HH4b_SMnorm,signal,5.993232385321103,14,0.9398124964364324
4,138.0,CAT3_lower_QCD_medium_top,qcd_bbbb_iht100to200_20000,background,4242.567052096073,1,0.09685406309257467
4,138.0,CAT3_lower_QCD_medium_top,qcd_bbbb_iht200to400_combined120k,background,30260.07873403653,73,0.6908109026690954
4,138.0,CAT3_lower_QCD_medium_top,qcd_bbbb_iht400to600_20000,background,3377.517333610241,18,0.07710574114889512
4,138.0,CAT3_lower_QCD_medium_top,qcd_bbbb_iht600plus_20000,background,525.8548243841311,15,0.012004801742207579
4,138.0,CAT3_lower_QCD_medium_top,ttbar_200k,background,4491.500283050537,4,0.10253698915140745
4,138.0,CAT4_loose_low_purity,VBF_HH4b_SMnorm,signal,0.22577575903614452,10,0.04575227331127672
4,138.0,CAT4_loose_low_purity,Zbbbb_100k,background,741.4276054595808,27,0.02031736124633589
4,138.0,CAT4_loose_low_purity,ggF_HH4b_SMnorm,signal,4.708968302752294,11,0.954247726688723
4,138.0,CAT4_loose_low_purity,qcd_bbbb_iht200to400_combined120k,background,18653.473192214304,45,0.5111616435027939
4,138.0,CAT4_loose_low_purity,qcd_bbbb_iht400to600_20000,background,3377.517333610241,18,0.09255420121588852
4,138.0,CAT4_loose_low_purity,qcd_bbbb_iht600plus_20000,background,245.39891804592799,7,0.006724673360804476
4,138.0,CAT4_loose_low_purity,ttbar_200k,background,13474.500849151613,12,0.36924212067417755
4,350.0,CAT0_very_high_QCD_high_top,VBF_HH4b_SMnorm,signal,2.462264618473896,43,0.06430338054810379
4,350.0,CAT0_very_high_QCD_high_top,Zbbbb_100k,background,696.4564195138308,10,0.0109468779413434
4,350.0,CAT0_very_high_QCD_high_top,ggF_HH4b_SMnorm,signal,35.82910665137615,33,0.9356966194518962
4,350.0,CAT0_very_high_QCD_high_top,qcd_bbbb_iht200to400_combined120k,background,15769.844486171507,15,0.24786987083067363
4,350.0,CAT0_very_high_QCD_high_top,qcd_bbbb_iht400to600_20000,background,6662.574450358366,14,0.1047221150378638
4,350.0,CAT0_very_high_QCD_high_top,qcd_bbbb_iht600plus_20000,background,622.3885602614115,7,0.009782681888446316
4,350.0,CAT0_very_high_QCD_high_top,ttbar_200k,background,39870.201787948616,14,0.6266784543016728
4,350.0,CAT1_high_QCD_medium_top,VBF_HH4b_SMnorm,signal,1.3742872289156625,24,0.05684833035900859
4,350.0,CAT1_high_QCD_medium_top,Zbbbb_100k,background,1253.6215551248954,18,0.013449798432002355
4,350.0,CAT1_high_QCD_medium_top,ggF_HH4b_SMnorm,signal,22.80034059633028,21,0.9431516696409916
4,350.0,CAT1_high_QCD_medium_top,qcd_bbbb_iht200to400_combined120k,background,43104.241595535466,41,0.4624548442504446
4,350.0,CAT1_high_QCD_medium_top,qcd_bbbb_iht400to600_20000,background,8090.268975435159,17,0.08679851310425526
4,350.0,CAT1_high_QCD_medium_top,qcd_bbbb_iht600plus_20000,background,889.1265146591592,10,0.009539220471941449
4,350.0,CAT1_high_QCD_medium_top,ttbar_200k,background,39870.201787948616,14,0.4277576237413562
4,350.0,CAT2_nominal_loose_mid,VBF_HH4b_SMnorm,signal,1.2025013253012045,21,0.06875970790692706
4,350.0,CAT2_nominal_loose_mid,Zbbbb_100k,background,1880.4323326873428,27,0.01818299202707067
4,350.0,CAT2_nominal_loose_mid,ggF_HH4b_SMnorm,signal,16.285957568807344,15,0.931240292093073
4,350.0,CAT2_nominal_loose_mid,qcd_bbbb_iht200to400_combined120k,background,69387.31573915466,66,0.6709462430173287
4,350.0,CAT2_nominal_loose_mid,qcd_bbbb_iht400to600_20000,background,8566.167150460757,18,0.08283124380061402
4,350.0,CAT2_nominal_loose_mid,qcd_bbbb_iht600plus_20000,background,800.2138631932432,9,0.007737732457301573
4,350.0,CAT2_nominal_loose_mid,ttbar_200k,background,22782.97245025635,8,0.22030178869768505
4,350.0,CAT3_lower_QCD_medium_top,VBF_HH4b_SMnorm,signal,0.9734534538152609,17,0.0601875035635675
4,350.0,CAT3_lower_QCD_medium_top,Zbbbb_100k,background,2298.3061843956416,33,0.020687502195819666
4,350.0,CAT3_lower_QCD_medium_top,ggF_HH4b_SMnorm,signal,15.200227064220188,14,0.9398124964364324
4,350.0,CAT3_lower_QCD_medium_top,qcd_bbbb_iht100to200_20000,background,10760.133827779895,1,0.09685406309257469
4,350.0,CAT3_lower_QCD_medium_top,qcd_bbbb_iht200to400_combined120k,background,76746.57649936802,73,0.6908109026690956
4,350.0,CAT3_lower_QCD_medium_top,qcd_bbbb_iht400to600_20000,background,8566.167150460757,18,0.07710574114889514
4,350.0,CAT3_lower_QCD_medium_top,qcd_bbbb_iht600plus_20000,background,1333.6897719887384,15,0.01200480174220758
4,350.0,CAT3_lower_QCD_medium_top,ttbar_200k,background,11391.486225128176,4,0.10253698915140748
4,350.0,CAT4_loose_low_purity,VBF_HH4b_SMnorm,signal,0.5726196787148593,10,0.04575227331127672
4,350.0,CAT4_loose_low_purity,Zbbbb_100k,background,1880.4323326873428,27,0.02031736124633589
4,350.0,CAT4_loose_low_purity,ggF_HH4b_SMnorm,signal,11.943035550458717,11,0.954247726688723
4,350.0,CAT4_loose_low_purity,qcd_bbbb_iht200to400_combined120k,background,47309.53345851454,45,0.5111616435027938
4,350.0,CAT4_loose_low_purity,qcd_bbbb_iht400to600_20000,background,8566.167150460757,18,0.09255420121588852
4,350.0,CAT4_loose_low_purity,qcd_bbbb_iht600plus_20000,background,622.3885602614115,7,0.006724673360804475
4,350.0,CAT4_loose_low_purity,ttbar_200k,background,34174.45867538453,12,0.36924212067417755
4,450.0,CAT0_very_high_QCD_high_top,VBF_HH4b_SMnorm,signal,3.165768795180723,43,0.06430338054810379
4,450.0,CAT0_very_high_QCD_high_top,Zbbbb_100k,background,895.4439679463538,10,0.0109468779413434
4,450.0,CAT0_very_high_QCD_high_top,ggF_HH4b_SMnorm,signal,46.06599426605505,33,0.9356966194518963
4,450.0,CAT0_very_high_QCD_high_top,qcd_bbbb_iht200to400_combined120k,background,20275.514339363366,15,0.24786987083067366
4,450.0,CAT0_very_high_QCD_high_top,qcd_bbbb_iht400to600_20000,background,8566.167150460757,14,0.10472211503786381
4,450.0,CAT0_very_high_QCD_high_top,qcd_bbbb_iht600plus_20000,background,800.2138631932434,7,0.009782681888446318
4,450.0,CAT0_very_high_QCD_high_top,ttbar_200k,background,51261.68801307679,14,0.6266784543016728
4,450.0,CAT1_high_QCD_medium_top,VBF_HH4b_SMnorm,signal,1.7669407228915661,24,0.056848330359008596
4,450.0,CAT1_high_QCD_medium_top,Zbbbb_100k,background,1611.799142303437,18,0.013449798432002356
4,450.0,CAT1_high_QCD_medium_top,ggF_HH4b_SMnorm,signal,29.314723623853215,21,0.9431516696409915
4,450.0,CAT1_high_QCD_medium_top,qcd_bbbb_iht200to400_combined120k,background,55419.739194259884,41,0.4624548442504446
4,450.0,CAT1_high_QCD_medium_top,qcd_bbbb_iht400to600_20000,background,10401.774396988061,17,0.08679851310425526
4,450.0,CAT1_high_QCD_medium_top,qcd_bbbb_iht600plus_20000,background,1143.1626617046331,10,0.009539220471941449
4,450.0,CAT1_high_QCD_medium_top,ttbar_200k,background,51261.68801307679,14,0.4277576237413562
4,450.0,CAT2_nominal_loose_mid,VBF_HH4b_SMnorm,signal,1.54607313253012,21,0.06875970790692706
4,450.0,CAT2_nominal_loose_mid,Zbbbb_100k,background,2417.698713455155,27,0.01818299202707067
4,450.0,CAT2_nominal_loose_mid,ggF_HH4b_SMnorm,signal,20.9390883027523,15,0.931240292093073
4,450.0,CAT2_nominal_loose_mid,qcd_bbbb_iht200to400_combined120k,background,89212.26309319884,66,0.6709462430173287
4,450.0,CAT2_nominal_loose_mid,qcd_bbbb_iht400to600_20000,background,11013.64347916383,18,0.08283124380061402
4,450.0,CAT2_nominal_loose_mid,qcd_bbbb_iht600plus_20000,background,1028.84639553417,9,0.007737732457301573
4,450.0,CAT2_nominal_loose_mid,ttbar_200k,background,29292.393150329593,8,0.22030178869768505
4,450.0,CAT3_lower_QCD_medium_top,VBF_HH4b_SMnorm,signal,1.2515830120481926,17,0.0601875035635675
4,450.0,CAT3_lower_QCD_medium_top,Zbbbb_100k,background,2954.9650942229678,33,0.020687502195819666
4,450.0,CAT3_lower_QCD_medium_top,ggF_HH4b_SMnorm,signal,19.543149082568814,14,0.9398124964364325
4,450.0,CAT3_lower_QCD_medium_top,qcd_bbbb_iht100to200_20000,background,13834.457778574151,1,0.09685406309257469
4,450.0,CAT3_lower_QCD_medium_top,qcd_bbbb_iht200to400_combined120k,background,98674.16978490174,73,0.6908109026690955
4,450.0,CAT3_lower_QCD_medium_top,qcd_bbbb_iht400to600_20000,background,11013.64347916383,18,0.07710574114889514
4,450.0,CAT3_lower_QCD_medium_top,qcd_bbbb_iht600plus_20000,background,1714.7439925569495,15,0.012004801742207583
4,450.0,CAT3_lower_QCD_medium_top,ttbar_200k,background,14646.196575164797,4,0.10253698915140748
4,450.0,CAT4_loose_low_purity,VBF_HH4b_SMnorm,signal,0.7362253012048191,10,0.04575227331127673
4,450.0,CAT4_loose_low_purity,Zbbbb_100k,background,2417.698713455155,27,0.02031736124633589
4,450.0,CAT4_loose_low_purity,ggF_HH4b_SMnorm,signal,15.35533142201835,11,0.9542477266887232
4,450.0,CAT4_loose_low_purity,qcd_bbbb_iht200to400_combined120k,background,60826.543018090124,45,0.5111616435027938
4,450.0,CAT4_loose_low_purity,qcd_bbbb_iht400to600_20000,background,11013.64347916383,18,0.0925542012158885
4,450.0,CAT4_loose_low_purity,qcd_bbbb_iht600plus_20000,background,800.2138631932434,7,0.006724673360804475
4,450.0,CAT4_loose_low_purity,ttbar_200k,background,43938.58972549439,12,0.36924212067417755
4,4000.0,CAT0_very_high_QCD_high_top,VBF_HH4b_SMnorm,signal,28.140167068273094,43,0.06430338054810379
4,4000.0,CAT0_very_high_QCD_high_top,Zbbbb_100k,background,7959.501937300924,10,0.0109468779413434
4,4000.0,CAT0_very_high_QCD_high_top,ggF_HH4b_SMnorm,signal,409.47550458715597,33,0.9356966194518962
4,4000.0,CAT0_very_high_QCD_high_top,qcd_bbbb_iht200to400_combined120k,background,180226.79412767437,15,0.24786987083067363
4,4000.0,CAT0_very_high_QCD_high_top,qcd_bbbb_iht400to600_20000,background,76143.70800409562,14,0.10472211503786381
4,4000.0,CAT0_very_high_QCD_high_top,qcd_bbbb_iht600plus_20000,background,7113.012117273274,7,0.009782681888446316
4,4000.0,CAT0_very_high_QCD_high_top,ttbar_200k,background,455659.449005127,14,0.6266784543016727
4,4000.0,CAT1_high_QCD_medium_top,VBF_HH4b_SMnorm,signal,15.706139759036143,24,0.05684833035900859
4,4000.0,CAT1_high_QCD_medium_top,Zbbbb_100k,background,14327.103487141663,18,0.013449798432002358
4,4000.0,CAT1_high_QCD_medium_top,ggF_HH4b_SMnorm,signal,260.5753211009175,21,0.9431516696409916
4,4000.0,CAT1_high_QCD_medium_top,qcd_bbbb_iht200to400_combined120k,background,492619.9039489768,41,0.46245484425044464
4,4000.0,CAT1_high_QCD_medium_top,qcd_bbbb_iht400to600_20000,background,92460.2168621161,17,0.08679851310425526
4,4000.0,CAT1_high_QCD_medium_top,qcd_bbbb_iht600plus_20000,background,10161.445881818961,10,0.009539220471941449
4,4000.0,CAT1_high_QCD_medium_top,ttbar_200k,background,455659.449005127,14,0.4277576237413562
4,4000.0,CAT2_nominal_loose_mid,VBF_HH4b_SMnorm,signal,13.742872289156622,21,0.06875970790692706
4,4000.0,CAT2_nominal_loose_mid,Zbbbb_100k,background,21490.655230712488,27,0.018182992027070667
4,4000.0,CAT2_nominal_loose_mid,ggF_HH4b_SMnorm,signal,186.12522935779822,15,0.931240292093073
4,4000.0,CAT2_nominal_loose_mid,qcd_bbbb_iht200to400_combined120k,background,792997.8941617674,66,0.6709462430173286
4,4000.0,CAT2_nominal_loose_mid,qcd_bbbb_iht400to600_20000,background,97899.05314812293,18,0.082831243800614
4,4000.0,CAT2_nominal_loose_mid,qcd_bbbb_iht600plus_20000,background,9145.301293637065,9,0.007737732457301571
4,4000.0,CAT2_nominal_loose_mid,ttbar_200k,background,260376.82800292972,8,0.22030178869768502
4,4000.0,CAT3_lower_QCD_medium_top,VBF_HH4b_SMnorm,signal,11.125182329317267,17,0.0601875035635675
4,4000.0,CAT3_lower_QCD_medium_top,Zbbbb_100k,background,26266.356393093047,33,0.02068750219581967
4,4000.0,CAT3_lower_QCD_medium_top,ggF_HH4b_SMnorm,signal,173.716880733945,14,0.9398124964364324
4,4000.0,CAT3_lower_QCD_medium_top,qcd_bbbb_iht100to200_20000,background,122972.95803177023,1,0.09685406309257469
4,4000.0,CAT3_lower_QCD_medium_top,qcd_bbbb_iht200to400_combined120k,background,877103.7314213488,73,0.6908109026690956
4,4000.0,CAT3_lower_QCD_medium_top,qcd_bbbb_iht400to600_20000,background,97899.05314812293,18,0.07710574114889514
4,4000.0,CAT3_lower_QCD_medium_top,qcd_bbbb_iht600plus_20000,background,15242.16882272844,15,0.012004801742207583
4,4000.0,CAT3_lower_QCD_medium_top,ttbar_200k,background,130188.41400146486,4,0.10253698915140748
4,4000.0,CAT4_loose_low_purity,VBF_HH4b_SMnorm,signal,6.544224899598392,10,0.04575227331127673
4,4000.0,CAT4_loose_low_purity,Zbbbb_100k,background,21490.655230712488,27,0.02031736124633589
4,4000.0,CAT4_loose_low_purity,ggF_HH4b_SMnorm,signal,136.49183486238533,11,0.954247726688723
4,4000.0,CAT4_loose_low_purity,qcd_bbbb_iht200to400_combined120k,background,540680.3823830233,45,0.5111616435027938
4,4000.0,CAT4_loose_low_purity,qcd_bbbb_iht400to600_20000,background,97899.05314812293,18,0.09255420121588852
4,4000.0,CAT4_loose_low_purity,qcd_bbbb_iht600plus_20000,background,7113.012117273274,7,0.006724673360804476
4,4000.0,CAT4_loose_low_purity,ttbar_200k,background,390565.2420043946,12,0.36924212067417755
5,138.0,CAT0_very_high_QCD_high_top,VBF_HH4b_SMnorm,signal,0.9332659636363637,42,0.050784863423280896
5,138.0,CAT0_very_high_QCD_high_top,Zbbbb_100k,background,384.12196371939694,14,0.017010852611934402
5,138.0,CAT0_very_high_QCD_high_top,ggF_HH4b_SMnorm,signal,17.443586915887852,40,0.949215136576719
5,138.0,CAT0_very_high_QCD_high_top,qcd_bbbb_iht200to400_combined120k,background,5392.535084608631,13,0.23880857694451718
5,138.0,CAT0_very_high_QCD_high_top,qcd_bbbb_iht400to600_20000,background,1867.8461097449524,10,0.08271762064055586
5,138.0,CAT0_very_high_QCD_high_top,qcd_bbbb_iht600plus_20000,background,289.5101728866522,8,0.012820966635034936
5,138.0,CAT0_very_high_QCD_high_top,ttbar_200k,background,14646.980842719026,14,0.6486419831679582
5,138.0,CAT1_high_QCD_medium_top,VBF_HH4b_SMnorm,signal,0.5332948363636364,24,0.05048535428290111
5,138.0,CAT1_high_QCD_medium_top,Zbbbb_100k,background,658.4947949475377,24,0.01832103520918206
5,138.0,CAT1_high_QCD_medium_top,ggF_HH4b_SMnorm,signal,10.030062476635512,23,0.9495146457170988
5,138.0,CAT1_high_QCD_medium_top,qcd_bbbb_iht200to400_combined120k,background,15347.98447157841,37,0.4270207844485241
5,138.0,CAT1_high_QCD_medium_top,qcd_bbbb_iht400to600_20000,background,3735.692219489906,20,0.10393665858724792
5,138.0,CAT1_high_QCD_medium_top,qcd_bbbb_iht600plus_20000,background,506.6428025516413,14,0.014096118443528184
5,138.0,CAT1_high_QCD_medium_top,ttbar_200k,background,15693.1937600561,15,0.43662540331151806
5,138.0,CAT2_nominal_loose_mid,VBF_HH4b_SMnorm,signal,0.35552989090909093,16,0.041143418201772586
5,138.0,CAT2_nominal_loose_mid,Zbbbb_100k,background,631.0575118247236,23,0.018929771301221192
5,138.0,CAT2_nominal_loose_mid,ggF_HH4b_SMnorm,signal,8.28570378504673,19,0.9588565817982274
5,138.0,CAT2_nominal_loose_mid,qcd_bbbb_iht200to400_combined120k,background,23644.19229405322,57,0.7092525551820689
5,138.0,CAT2_nominal_loose_mid,qcd_bbbb_iht400to600_20000,background,2241.4153316939432,12,0.06723551946530347
5,138.0,CAT2_nominal_loose_mid,qcd_bbbb_iht600plus_20000,background,542.8315741624729,15,0.01628326636072367
5,138.0,CAT2_nominal_loose_mid,ttbar_200k,background,6277.277504022438,6,0.18829888769068273
5,138.0,CAT3_lower_QCD_medium_top,VBF_HH4b_SMnorm,signal,0.28886803636363634,13,0.07646896212309072
5,138.0,CAT3_lower_QCD_medium_top,Zbbbb_100k,background,795.6812105616082,29,0.01901890732723035
5,138.0,CAT3_lower_QCD_medium_top,ggF_HH4b_SMnorm,signal,3.488717383177571,8,0.9235310378769093
5,138.0,CAT3_lower_QCD_medium_top,qcd_bbbb_iht100to200_20000,background,3602.814877573649,1,0.08611690381047961
5,138.0,CAT3_lower_QCD_medium_top,qcd_bbbb_iht200to400_combined120k,background,29866.348160909336,72,0.7138855364879199
5,138.0,CAT3_lower_QCD_medium_top,qcd_bbbb_iht400to600_20000,background,2988.5537755919245,16,0.07143442190913245
5,138.0,CAT3_lower_QCD_medium_top,qcd_bbbb_iht600plus_20000,background,398.07648771914677,11,0.009515091884268637
5,138.0,CAT3_lower_QCD_medium_top,ttbar_200k,background,4184.851669348292,4,0.10002913858096912
5,138.0,CAT4_loose_low_purity,VBF_HH4b_SMnorm,signal,0.2444268,11,0.0484837862346566
5,138.0,CAT4_loose_low_purity,Zbbbb_100k,background,521.3083793334673,19,0.015223760661155127
5,138.0,CAT4_loose_low_purity,ggF_HH4b_SMnorm,signal,4.79698640186916,11,0.9515162137653436
5,138.0,CAT4_loose_low_purity,qcd_bbbb_iht100to200_20000,background,3602.814877573649,1,0.10521294799204649
5,138.0,CAT4_loose_low_purity,qcd_bbbb_iht200to400_combined120k,background,17836.84681832085,43,0.5208891659462535
5,138.0,CAT4_loose_low_purity,qcd_bbbb_iht400to600_20000,background,1494.2768877959622,8,0.04363734519362071
5,138.0,CAT4_loose_low_purity,qcd_bbbb_iht600plus_20000,background,325.6989444974837,9,0.009511381315144379
5,138.0,CAT4_loose_low_purity,ttbar_200k,background,10462.129173370731,10,0.30552539889177954
5,350.0,CAT0_very_high_QCD_high_top,VBF_HH4b_SMnorm,signal,2.3669788932806326,42,0.0507848634232809
5,350.0,CAT0_very_high_QCD_high_top,Zbbbb_100k,background,974.2223717520936,14,0.0170108526119344
5,350.0,CAT0_very_high_QCD_high_top,ggF_HH4b_SMnorm,signal,44.24098130841122,40,0.9492151365767191
5,350.0,CAT0_very_high_QCD_high_top,qcd_bbbb_iht200to400_combined120k,background,13676.719417485658,13,0.23880857694451713
5,350.0,CAT0_very_high_QCD_high_top,qcd_bbbb_iht400to600_20000,background,4737.290858048793,10,0.08271762064055586
5,350.0,CAT0_very_high_QCD_high_top,qcd_bbbb_iht600plus_20000,background,734.2649312342628,8,0.012820966635034934
5,350.0,CAT0_very_high_QCD_high_top,ttbar_200k,background,37148.13981849029,14,0.6486419831679582
5,350.0,CAT1_high_QCD_medium_top,VBF_HH4b_SMnorm,signal,1.352559367588933,24,0.050485354282901115
5,350.0,CAT1_high_QCD_medium_top,Zbbbb_100k,background,1670.0954944321606,24,0.01832103520918206
5,350.0,CAT1_high_QCD_medium_top,ggF_HH4b_SMnorm,signal,25.438564252336445,23,0.9495146457170989
5,350.0,CAT1_high_QCD_medium_top,qcd_bbbb_iht200to400_combined120k,background,38926.04757284379,37,0.42702078444852404
5,350.0,CAT1_high_QCD_medium_top,qcd_bbbb_iht400to600_20000,background,9474.581716097588,20,0.10393665858724792
5,350.0,CAT1_high_QCD_medium_top,qcd_bbbb_iht600plus_20000,background,1284.9636296599597,14,0.014096118443528182
5,350.0,CAT1_high_QCD_medium_top,ttbar_200k,background,39801.578376953876,15,0.43662540331151806
5,350.0,CAT2_nominal_loose_mid,VBF_HH4b_SMnorm,signal,0.9017062450592885,16,0.04114341820177258
5,350.0,CAT2_nominal_loose_mid,Zbbbb_100k,background,1600.5081821641543,23,0.018929771301221192
5,350.0,CAT2_nominal_loose_mid,ggF_HH4b_SMnorm,signal,21.01446612149533,19,0.9588565817982275
5,350.0,CAT2_nominal_loose_mid,qcd_bbbb_iht200to400_combined120k,background,59967.154368975556,57,0.7092525551820688
5,350.0,CAT2_nominal_loose_mid,qcd_bbbb_iht400to600_20000,background,5684.749029658551,12,0.06723551946530347
5,350.0,CAT2_nominal_loose_mid,qcd_bbbb_iht600plus_20000,background,1376.7467460642426,15,0.016283266360723667
5,350.0,CAT2_nominal_loose_mid,ttbar_200k,background,15920.631350781547,6,0.18829888769068276
5,350.0,CAT3_lower_QCD_medium_top,VBF_HH4b_SMnorm,signal,0.7326363241106719,13,0.07646896212309072
5,350.0,CAT3_lower_QCD_medium_top,Zbbbb_100k,background,2018.0320557721948,29,0.01901890732723035
5,350.0,CAT3_lower_QCD_medium_top,ggF_HH4b_SMnorm,signal,8.848196261682244,8,0.923531037876909
5,350.0,CAT3_lower_QCD_medium_top,qcd_bbbb_iht100to200_20000,background,9137.573964860703,1,0.08611690381047961
5,350.0,CAT3_lower_QCD_medium_top,qcd_bbbb_iht200to400_combined120k,background,75747.9844660744,72,0.7138855364879199
5,350.0,CAT3_lower_QCD_medium_top,qcd_bbbb_iht400to600_20000,background,7579.665372878069,16,0.07143442190913245
5,350.0,CAT3_lower_QCD_medium_top,qcd_bbbb_iht600plus_20000,background,1009.6142804471114,11,0.009515091884268637
5,350.0,CAT3_lower_QCD_medium_top,ttbar_200k,background,10613.754233854364,4,0.10002913858096914
5,350.0,CAT4_loose_low_purity,VBF_HH4b_SMnorm,signal,0.6199230434782609,11,0.0484837862346566
5,350.0,CAT4_loose_low_purity,Zbbbb_100k,background,1322.1589330921272,19,0.015223760661155127
5,350.0,CAT4_loose_low_purity,ggF_HH4b_SMnorm,signal,12.166269859813086,11,0.9515162137653436
5,350.0,CAT4_loose_low_purity,qcd_bbbb_iht100to200_20000,background,9137.573964860703,1,0.10521294799204649
5,350.0,CAT4_loose_low_purity,qcd_bbbb_iht200to400_combined120k,background,45238.37961168331,43,0.5208891659462535
5,350.0,CAT4_loose_low_purity,qcd_bbbb_iht400to600_20000,background,3789.8326864390347,8,0.04363734519362071
5,350.0,CAT4_loose_low_purity,qcd_bbbb_iht600plus_20000,background,826.0480476385457,9,0.00951138131514438
5,350.0,CAT4_loose_low_purity,ttbar_200k,background,26534.38558463591,10,0.30552539889177954
5,450.0,CAT0_very_high_QCD_high_top,VBF_HH4b_SMnorm,signal,3.043258577075099,42,0.0507848634232809
5,450.0,CAT0_very_high_QCD_high_top,Zbbbb_100k,background,1252.5716208241204,14,0.017010852611934402
5,450.0,CAT0_very_high_QCD_high_top,ggF_HH4b_SMnorm,signal,56.881261682243,40,0.9492151365767191
5,450.0,CAT0_very_high_QCD_high_top,qcd_bbbb_iht200to400_combined120k,background,17584.353536767274,13,0.23880857694451715
5,450.0,CAT0_very_high_QCD_high_top,qcd_bbbb_iht400to600_20000,background,6090.802531777019,10,0.08271762064055586
5,450.0,CAT0_very_high_QCD_high_top,qcd_bbbb_iht600plus_20000,background,944.0549115869094,8,0.012820966635034936
5,450.0,CAT0_very_high_QCD_high_top,ttbar_200k,background,47761.89405234465,14,0.6486419831679582
5,450.0,CAT1_high_QCD_medium_top,VBF_HH4b_SMnorm,signal,1.7390049011857711,24,0.05048535428290112
5,450.0,CAT1_high_QCD_medium_top,Zbbbb_100k,background,2147.2656356984926,24,0.018321035209182063
5,450.0,CAT1_high_QCD_medium_top,ggF_HH4b_SMnorm,signal,32.706725467289715,23,0.9495146457170989
5,450.0,CAT1_high_QCD_medium_top,qcd_bbbb_iht200to400_combined120k,background,50047.77545079916,37,0.4270207844485241
5,450.0,CAT1_high_QCD_medium_top,qcd_bbbb_iht400to600_20000,background,12181.605063554041,20,0.10393665858724792
5,450.0,CAT1_high_QCD_medium_top,qcd_bbbb_iht600plus_20000,background,1652.096095277091,14,0.014096118443528182
5,450.0,CAT1_high_QCD_medium_top,ttbar_200k,background,51173.45791322641,15,0.43662540331151806
5,450.0,CAT2_nominal_loose_mid,VBF_HH4b_SMnorm,signal,1.159336600790514,16,0.041143418201772586
5,450.0,CAT2_nominal_loose_mid,Zbbbb_100k,background,2057.7962342110554,23,0.01892977130122119
5,450.0,CAT2_nominal_loose_mid,ggF_HH4b_SMnorm,signal,27.018599299065425,19,0.9588565817982274
5,450.0,CAT2_nominal_loose_mid,qcd_bbbb_iht200to400_combined120k,background,77100.62704582572,57,0.7092525551820689
5,450.0,CAT2_nominal_loose_mid,qcd_bbbb_iht400to600_20000,background,7308.963038132423,12,0.06723551946530346
5,450.0,CAT2_nominal_loose_mid,qcd_bbbb_iht600plus_20000,background,1770.102959225455,15,0.016283266360723667
5,450.0,CAT2_nominal_loose_mid,ttbar_200k,background,20469.38316529056,6,0.18829888769068276
5,450.0,CAT3_lower_QCD_medium_top,VBF_HH4b_SMnorm,signal,0.9419609881422925,13,0.07646896212309072
5,450.0,CAT3_lower_QCD_medium_top,Zbbbb_100k,background,2594.612643135679,29,0.019018907327230352
5,450.0,CAT3_lower_QCD_medium_top,ggF_HH4b_SMnorm,signal,11.3762523364486,8,0.9235310378769093
5,450.0,CAT3_lower_QCD_medium_top,qcd_bbbb_iht100to200_20000,background,11748.309383392334,1,0.08611690381047962
5,450.0,CAT3_lower_QCD_medium_top,qcd_bbbb_iht200to400_combined120k,background,97390.26574209567,72,0.7138855364879201
5,450.0,CAT3_lower_QCD_medium_top,qcd_bbbb_iht400to600_20000,background,9745.284050843231,16,0.07143442190913246
5,450.0,CAT3_lower_QCD_medium_top,qcd_bbbb_iht600plus_20000,background,1298.0755034320002,11,0.009515091884268637
5,450.0,CAT3_lower_QCD_medium_top,ttbar_200k,background,13646.25544352704,4,0.10002913858096915
5,450.0,CAT4_loose_low_purity,VBF_HH4b_SMnorm,signal,0.7970439130434782,11,0.0484837862346566
5,450.0,CAT4_loose_low_purity,Zbbbb_100k,background,1699.9186282613064,19,0.015223760661155127
5,450.0,CAT4_loose_low_purity,ggF_HH4b_SMnorm,signal,15.642346962616825,11,0.9515162137653436
5,450.0,CAT4_loose_low_purity,qcd_bbbb_iht100to200_20000,background,11748.309383392334,1,0.1052129479920465
5,450.0,CAT4_loose_low_purity,qcd_bbbb_iht200to400_combined120k,background,58163.63092930712,43,0.5208891659462536
5,450.0,CAT4_loose_low_purity,qcd_bbbb_iht400to600_20000,background,4872.6420254216155,8,0.04363734519362071
5,450.0,CAT4_loose_low_purity,qcd_bbbb_iht600plus_20000,background,1062.061775535273,9,0.00951138131514438
5,450.0,CAT4_loose_low_purity,ttbar_200k,background,34115.6386088176,10,0.3055253988917796
5,4000.0,CAT0_very_high_QCD_high_top,VBF_HH4b_SMnorm,signal,27.05118735177866,42,0.050784863423280896
5,4000.0,CAT0_very_high_QCD_high_top,Zbbbb_100k,background,11133.96996288107,14,0.017010852611934402
5,4000.0,CAT0_very_high_QCD_high_top,ggF_HH4b_SMnorm,signal,505.6112149532711,40,0.949215136576719
5,4000.0,CAT0_very_high_QCD_high_top,qcd_bbbb_iht200to400_combined120k,background,156305.36477126466,13,0.23880857694451718
5,4000.0,CAT0_very_high_QCD_high_top,qcd_bbbb_iht400to600_20000,background,54140.466949129055,10,0.08271762064055586
5,4000.0,CAT0_very_high_QCD_high_top,qcd_bbbb_iht600plus_20000,background,8391.599214105861,8,0.012820966635034937
5,4000.0,CAT0_very_high_QCD_high_top,ttbar_200k,background,424550.1693541747,14,0.6486419831679582
5,4000.0,CAT1_high_QCD_medium_top,VBF_HH4b_SMnorm,signal,15.45782134387352,24,0.050485354282901115
5,4000.0,CAT1_high_QCD_medium_top,Zbbbb_100k,background,19086.805650653267,24,0.01832103520918206
5,4000.0,CAT1_high_QCD_medium_top,ggF_HH4b_SMnorm,signal,290.7264485981308,23,0.9495146457170988
5,4000.0,CAT1_high_QCD_medium_top,qcd_bbbb_iht200to400_combined120k,background,444869.11511821474,37,0.4270207844485241
5,4000.0,CAT1_high_QCD_medium_top,qcd_bbbb_iht400to600_20000,background,108280.93389825814,20,0.1039366585872479
5,4000.0,CAT1_high_QCD_medium_top,qcd_bbbb_iht600plus_20000,background,14685.298624685254,14,0.014096118443528182
5,4000.0,CAT1_high_QCD_medium_top,ttbar_200k,background,454875.18145090144,15,0.43662540331151806
5,4000.0,CAT2_nominal_loose_mid,VBF_HH4b_SMnorm,signal,10.305214229249012,16,0.04114341820177258
5,4000.0,CAT2_nominal_loose_mid,Zbbbb_100k,background,18291.52208187605,23,0.018929771301221192
5,4000.0,CAT2_nominal_loose_mid,ggF_HH4b_SMnorm,signal,240.1653271028038,19,0.9588565817982274
5,4000.0,CAT2_nominal_loose_mid,qcd_bbbb_iht200to400_combined120k,background,685338.9070740064,57,0.7092525551820689
5,4000.0,CAT2_nominal_loose_mid,qcd_bbbb_iht400to600_20000,background,64968.56033895487,12,0.06723551946530346
5,4000.0,CAT2_nominal_loose_mid,qcd_bbbb_iht600plus_20000,background,15734.248526448488,15,0.016283266360723667
5,4000.0,CAT2_nominal_loose_mid,ttbar_200k,background,181950.07258036052,6,0.18829888769068273
5,4000.0,CAT3_lower_QCD_medium_top,VBF_HH4b_SMnorm,signal,8.372986561264822,13,0.07646896212309072
5,4000.0,CAT3_lower_QCD_medium_top,Zbbbb_100k,background,23063.22349453937,29,0.01901890732723035
5,4000.0,CAT3_lower_QCD_medium_top,ggF_HH4b_SMnorm,signal,101.12224299065421,8,0.9235310378769092
5,4000.0,CAT3_lower_QCD_medium_top,qcd_bbbb_iht100to200_20000,background,104429.41674126519,1,0.08611690381047961
5,4000.0,CAT3_lower_QCD_medium_top,qcd_bbbb_iht200to400_combined120k,background,865691.2510408503,72,0.7138855364879199
5,4000.0,CAT3_lower_QCD_medium_top,qcd_bbbb_iht400to600_20000,background,86624.74711860651,16,0.07143442190913245
5,4000.0,CAT3_lower_QCD_medium_top,qcd_bbbb_iht600plus_20000,background,11538.448919395558,11,0.009515091884268636
5,4000.0,CAT3_lower_QCD_medium_top,ttbar_200k,background,121300.04838690702,4,0.10002913858096914
5,4000.0,CAT4_loose_low_purity,VBF_HH4b_SMnorm,signal,7.084834782608695,11,0.048483786234656594
5,4000.0,CAT4_loose_low_purity,Zbbbb_100k,background,15110.387806767169,19,0.015223760661155128
5,4000.0,CAT4_loose_low_purity,ggF_HH4b_SMnorm,signal,139.04308411214956,11,0.9515162137653435
5,4000.0,CAT4_loose_low_purity,qcd_bbbb_iht100to200_20000,background,104429.41674126519,1,0.1052129479920465
5,4000.0,CAT4_loose_low_purity,qcd_bbbb_iht200to400_combined120k,background,517010.05270495213,43,0.5208891659462536
5,4000.0,CAT4_loose_low_purity,qcd_bbbb_iht400to600_20000,background,43312.373559303254,8,0.04363734519362072
5,4000.0,CAT4_loose_low_purity,qcd_bbbb_iht600plus_20000,background,9440.549115869093,9,0.00951138131514438
5,4000.0,CAT4_loose_low_purity,ttbar_200k,background,303250.12096726755,10,0.3055253988917796
6,138.0,CAT0_very_high_QCD_high_top,VBF_HH4b_SMnorm,signal,0.9251090278481011,39,0.06651056088366719
6,138.0,CAT0_very_high_QCD_high_top,Zbbbb_100k,background,339.0776342614012,13,0.019320185692454955
6,138.0,CAT0_very_high_QCD_high_top,ggF_HH4b_SMnorm,signal,12.984096000000001,32,0.9334894391163328
6,138.0,CAT0_very_high_QCD_high_top,qcd_bbbb_iht200to400_combined120k,background,8012.567997666056,19,0.45654530392585163
6,138.0,CAT0_very_high_QCD_high_top,qcd_bbbb_iht400to600_20000,background,1752.9700229574064,9,0.09988186460784045
6,138.0,CAT0_very_high_QCD_high_top,qcd_bbbb_iht600plus_20000,background,350.29600020172074,10,0.019959393033879884
6,138.0,CAT0_very_high_QCD_high_top,ttbar_200k,background,7095.521847931977,7,0.40429325273997335
6,138.0,CAT1_high_QCD_medium_top,VBF_HH4b_SMnorm,signal,0.5692978632911392,24,0.06876736753260332
6,138.0,CAT1_high_QCD_medium_top,Zbbbb_100k,background,469.4921089773248,18,0.017011255990639074
6,138.0,CAT1_high_QCD_medium_top,ggF_HH4b_SMnorm,signal,7.709307000000001,19,0.9312326324673965
6,138.0,CAT1_high_QCD_medium_top,qcd_bbbb_iht200to400_combined120k,background,10964.566733648287,26,0.3972826123506685
6,138.0,CAT1_high_QCD_medium_top,qcd_bbbb_iht400to600_20000,background,2532.0678109384758,13,0.09174521337825478
6,138.0,CAT1_high_QCD_medium_top,qcd_bbbb_iht600plus_20000,background,455.3848002622369,13,0.016500101414656788
6,138.0,CAT1_high_QCD_medium_top,ttbar_200k,background,13177.397717587957,13,0.477460816865781
6,138.0,CAT2_nominal_loose_mid,VBF_HH4b_SMnorm,signal,0.4269733974683544,18,0.05829167893770602
6,138.0,CAT2_nominal_loose_mid,Zbbbb_100k,background,521.6578988636942,20,0.017041175476870566
6,138.0,CAT2_nominal_loose_mid,ggF_HH4b_SMnorm,signal,6.897801000000001,17,0.9417083210622941
6,138.0,CAT2_nominal_loose_mid,qcd_bbbb_iht200to400_combined120k,background,17290.278310753063,41,0.5648273847272106
6,138.0,CAT2_nominal_loose_mid,qcd_bbbb_iht400to600_20000,background,3116.3911519242783,16,0.10180420653111769
6,138.0,CAT2_nominal_loose_mid,qcd_bbbb_iht600plus_20000,background,560.4736003227532,16,0.018309181158874973
6,138.0,CAT2_nominal_loose_mid,ttbar_200k,background,9122.81380448397,9,0.2980180521059264
6,138.0,CAT3_lower_QCD_medium_top,VBF_HH4b_SMnorm,signal,0.2846489316455696,12,0.042004081710711676
6,138.0,CAT3_lower_QCD_medium_top,Zbbbb_100k,background,991.1500078410189,38,0.028354422540915112
6,138.0,CAT3_lower_QCD_medium_top,ggF_HH4b_SMnorm,signal,6.4920480000000005,16,0.9579959182892883
6,138.0,CAT3_lower_QCD_medium_top,qcd_bbbb_iht200to400_combined120k,background,21929.13346729656,52,0.6273398692113865
6,138.0,CAT3_lower_QCD_medium_top,qcd_bbbb_iht400to600_20000,background,3505.940045914813,18,0.10029652895985164
6,138.0,CAT3_lower_QCD_medium_top,qcd_bbbb_iht600plus_20000,background,420.3552002420649,12,0.012025353246878341
6,138.0,CAT3_lower_QCD_medium_top,ttbar_200k,background,8109.167826207974,8,0.23198382604096798
6,138.0,CAT4_loose_low_purity,VBF_HH4b_SMnorm,signal,0.26092818734177214,11,0.07440312083055588
6,138.0,CAT4_loose_low_purity,Zbbbb_100k,background,834.6526381819108,32,0.022204404436183902
6,138.0,CAT4_loose_low_purity,ggF_HH4b_SMnorm,signal,3.2460240000000002,8,0.9255968791694441
6,138.0,CAT4_loose_low_purity,qcd_bbbb_iht100to200_20000,background,4242.567052096073,1,0.11286572444983778
6,138.0,CAT4_loose_low_purity,qcd_bbbb_iht200to400_combined120k,background,20242.277046735293,48,0.5385086989409744
6,138.0,CAT4_loose_low_purity,qcd_bbbb_iht400to600_20000,background,2726.842257933743,14,0.07254264296189936
6,138.0,CAT4_loose_low_purity,qcd_bbbb_iht600plus_20000,background,420.3552002420649,12,0.011182780052500845
6,138.0,CAT4_loose_low_purity,ttbar_200k,background,9122.81380448397,9,0.24269574915860342
6,350.0,CAT0_very_high_QCD_high_top,VBF_HH4b_SMnorm,signal,2.3462910126582273,39,0.06651056088366719
6,350.0,CAT0_very_high_QCD_high_top,Zbbbb_100k,background,859.9795071847133,13,0.019320185692454955
6,350.0,CAT0_very_high_QCD_high_top,ggF_HH4b_SMnorm,signal,32.93067826086957,32,0.9334894391163329
6,350.0,CAT0_very_high_QCD_high_top,qcd_bbbb_iht200to400_combined120k,background,20321.730428863186,19,0.4565453039258516
6,350.0,CAT0_very_high_QCD_high_top,qcd_bbbb_iht400to600_20000,background,4445.938464022408,9,0.09988186460784045
6,350.0,CAT0_very_high_QCD_high_top,qcd_bbbb_iht600plus_20000,background,888.4318845695816,10,0.019959393033879884
6,350.0,CAT0_very_high_QCD_high_top,ttbar_200k,background,17995.888744755015,7,0.4042932527399733
6,350.0,CAT1_high_QCD_medium_top,VBF_HH4b_SMnorm,signal,1.4438713924050632,24,0.06876736753260333
6,350.0,CAT1_high_QCD_medium_top,Zbbbb_100k,background,1190.7408561019106,18,0.01701125599063907
6,350.0,CAT1_high_QCD_medium_top,ggF_HH4b_SMnorm,signal,19.552590217391305,19,0.9312326324673966
6,350.0,CAT1_high_QCD_medium_top,qcd_bbbb_iht200to400_combined120k,background,27808.683744760147,26,0.3972826123506684
6,350.0,CAT1_high_QCD_medium_top,qcd_bbbb_iht400to600_20000,background,6421.911114699032,13,0.09174521337825477
6,350.0,CAT1_high_QCD_medium_top,qcd_bbbb_iht600plus_20000,background,1154.961449940456,13,0.016500101414656788
6,350.0,CAT1_high_QCD_medium_top,ttbar_200k,background,33420.93624025931,13,0.477460816865781
6,350.0,CAT2_nominal_loose_mid,VBF_HH4b_SMnorm,signal,1.0829035443037973,18,0.05829167893770602
6,350.0,CAT2_nominal_loose_mid,Zbbbb_100k,background,1323.0453956687895,20,0.017041175476870563
6,350.0,CAT2_nominal_loose_mid,ggF_HH4b_SMnorm,signal,17.494422826086957,17,0.941708321062294
6,350.0,CAT2_nominal_loose_mid,qcd_bbbb_iht200to400_combined120k,background,43852.155135967914,41,0.5648273847272106
6,350.0,CAT2_nominal_loose_mid,qcd_bbbb_iht400to600_20000,background,7903.890602706503,16,0.10180420653111767
6,350.0,CAT2_nominal_loose_mid,qcd_bbbb_iht600plus_20000,background,1421.4910153113306,16,0.018309181158874973
6,350.0,CAT2_nominal_loose_mid,ttbar_200k,background,23137.571243256447,9,0.29801805210592636
6,350.0,CAT3_lower_QCD_medium_top,VBF_HH4b_SMnorm,signal,0.7219356962025316,12,0.04200408171071167
6,350.0,CAT3_lower_QCD_medium_top,Zbbbb_100k,background,2513.7862517707003,38,0.028354422540915115
6,350.0,CAT3_lower_QCD_medium_top,ggF_HH4b_SMnorm,signal,16.465339130434785,16,0.9579959182892883
6,350.0,CAT3_lower_QCD_medium_top,qcd_bbbb_iht200to400_combined120k,background,55617.367489520264,52,0.6273398692113866
6,350.0,CAT3_lower_QCD_medium_top,qcd_bbbb_iht400to600_20000,background,8891.876928044816,18,0.10029652895985165
6,350.0,CAT3_lower_QCD_medium_top,qcd_bbbb_iht600plus_20000,background,1066.118261483498,12,0.012025353246878341
6,350.0,CAT3_lower_QCD_medium_top,ttbar_200k,background,20566.72999400573,8,0.23198382604096798
6,350.0,CAT4_loose_low_purity,VBF_HH4b_SMnorm,signal,0.661774388185654,11,0.07440312083055589
6,350.0,CAT4_loose_low_purity,Zbbbb_100k,background,2116.872633070064,32,0.022204404436183902
6,350.0,CAT4_loose_low_purity,ggF_HH4b_SMnorm,signal,8.232669565217392,8,0.9255968791694441
6,350.0,CAT4_loose_low_purity,qcd_bbbb_iht100to200_20000,background,10760.133827779895,1,0.11286572444983778
6,350.0,CAT4_loose_low_purity,qcd_bbbb_iht200to400_combined120k,background,51339.10845186487,48,0.5385086989409744
6,350.0,CAT4_loose_low_purity,qcd_bbbb_iht400to600_20000,background,6915.904277368189,14,0.07254264296189937
6,350.0,CAT4_loose_low_purity,qcd_bbbb_iht600plus_20000,background,1066.118261483498,12,0.011182780052500845
6,350.0,CAT4_loose_low_purity,ttbar_200k,background,23137.571243256447,9,0.24269574915860342
6,450.0,CAT0_very_high_QCD_high_top,VBF_HH4b_SMnorm,signal,3.016659873417721,39,0.0665105608836672
6,450.0,CAT0_very_high_QCD_high_top,Zbbbb_100k,background,1105.687937808917,13,0.019320185692454955
6,450.0,CAT0_very_high_QCD_high_top,ggF_HH4b_SMnorm,signal,42.339443478260876,32,0.9334894391163329
6,450.0,CAT0_very_high_QCD_high_top,qcd_bbbb_iht200to400_combined120k,background,26127.939122824093,19,0.4565453039258516
6,450.0,CAT0_very_high_QCD_high_top,qcd_bbbb_iht400to600_20000,background,5716.206596600238,9,0.09988186460784043
6,450.0,CAT0_very_high_QCD_high_top,qcd_bbbb_iht600plus_20000,background,1142.2695658751763,10,0.019959393033879884
6,450.0,CAT0_very_high_QCD_high_top,ttbar_200k,background,23137.571243256447,7,0.4042932527399733
6,450.0,CAT1_high_QCD_medium_top,VBF_HH4b_SMnorm,signal,1.856406075949367,24,0.06876736753260333
6,450.0,CAT1_high_QCD_medium_top,Zbbbb_100k,background,1530.9525292738851,18,0.017011255990639074
6,450.0,CAT1_high_QCD_medium_top,ggF_HH4b_SMnorm,signal,25.139044565217393,19,0.9312326324673966
6,450.0,CAT1_high_QCD_medium_top,qcd_bbbb_iht200to400_combined120k,background,35754.02195754876,26,0.3972826123506685
6,450.0,CAT1_high_QCD_medium_top,qcd_bbbb_iht400to600_20000,background,8256.742861755898,13,0.09174521337825478
6,450.0,CAT1_high_QCD_medium_top,qcd_bbbb_iht600plus_20000,background,1484.950435637729,13,0.016500101414656788
6,450.0,CAT1_high_QCD_medium_top,ttbar_200k,background,42969.775166047686,13,0.47746081686578107
6,450.0,CAT2_nominal_loose_mid,VBF_HH4b_SMnorm,signal,1.3923045569620252,18,0.05829167893770602
6,450.0,CAT2_nominal_loose_mid,Zbbbb_100k,background,1701.0583658598723,20,0.017041175476870563
6,450.0,CAT2_nominal_loose_mid,ggF_HH4b_SMnorm,signal,22.49282934782609,17,0.941708321062294
6,450.0,CAT2_nominal_loose_mid,qcd_bbbb_iht200to400_combined120k,background,56381.34231767303,41,0.5648273847272105
6,450.0,CAT2_nominal_loose_mid,qcd_bbbb_iht400to600_20000,background,10162.145060622646,16,0.10180420653111767
6,450.0,CAT2_nominal_loose_mid,qcd_bbbb_iht600plus_20000,background,1827.6313054002824,16,0.018309181158874973
6,450.0,CAT2_nominal_loose_mid,ttbar_200k,background,29748.30588418686,9,0.29801805210592636
6,450.0,CAT3_lower_QCD_medium_top,VBF_HH4b_SMnorm,signal,0.9282030379746835,12,0.042004081710711676
6,450.0,CAT3_lower_QCD_medium_top,Zbbbb_100k,background,3232.0108951337575,38,0.028354422540915112
6,450.0,CAT3_lower_QCD_medium_top,ggF_HH4b_SMnorm,signal,21.169721739130438,16,0.9579959182892883
6,450.0,CAT3_lower_QCD_medium_top,qcd_bbbb_iht200to400_combined120k,background,71508.04391509749,52,0.6273398692113865
6,450.0,CAT3_lower_QCD_medium_top,qcd_bbbb_iht400to600_20000,background,11432.413193200477,18,0.10029652895985162
6,450.0,CAT3_lower_QCD_medium_top,qcd_bbbb_iht600plus_20000,background,1370.7234790502116,12,0.012025353246878341
6,450.0,CAT3_lower_QCD_medium_top,ttbar_200k,background,26442.938563721655,8,0.23198382604096796
6,450.0,CAT4_loose_low_purity,VBF_HH4b_SMnorm,signal,0.8508527848101266,11,0.07440312083055589
6,450.0,CAT4_loose_low_purity,Zbbbb_100k,background,2721.693385375796,32,0.0222044044361839
6,450.0,CAT4_loose_low_purity,ggF_HH4b_SMnorm,signal,10.584860869565219,8,0.9255968791694442
6,450.0,CAT4_loose_low_purity,qcd_bbbb_iht100to200_20000,background,13834.457778574151,1,0.11286572444983778
6,450.0,CAT4_loose_low_purity,qcd_bbbb_iht200to400_combined120k,background,66007.4251523977,48,0.5385086989409745
6,450.0,CAT4_loose_low_purity,qcd_bbbb_iht400to600_20000,background,8891.876928044814,14,0.07254264296189936
6,450.0,CAT4_loose_low_purity,qcd_bbbb_iht600plus_20000,background,1370.7234790502116,12,0.011182780052500845
6,450.0,CAT4_loose_low_purity,ttbar_200k,background,29748.30588418686,9,0.2426957491586034
6,4000.0,CAT0_very_high_QCD_high_top,VBF_HH4b_SMnorm,signal,26.81475443037974,39,0.06651056088366719
6,4000.0,CAT0_very_high_QCD_high_top,Zbbbb_100k,background,9828.33722496815,13,0.01932018569245495
6,4000.0,CAT0_very_high_QCD_high_top,ggF_HH4b_SMnorm,signal,376.3506086956522,32,0.9334894391163329
6,4000.0,CAT0_very_high_QCD_high_top,qcd_bbbb_iht200to400_combined120k,background,232248.3477584364,19,0.4565453039258516
6,4000.0,CAT0_very_high_QCD_high_top,qcd_bbbb_iht400to600_20000,background,50810.72530311323,9,0.09988186460784043
6,4000.0,CAT0_very_high_QCD_high_top,qcd_bbbb_iht600plus_20000,background,10153.50725222379,10,0.019959393033879884
6,4000.0,CAT0_very_high_QCD_high_top,ttbar_200k,background,205667.2999400573,7,0.4042932527399733
6,4000.0,CAT1_high_QCD_medium_top,VBF_HH4b_SMnorm,signal,16.50138734177215,24,0.06876736753260333
6,4000.0,CAT1_high_QCD_medium_top,Zbbbb_100k,background,13608.46692687898,18,0.017011255990639077
6,4000.0,CAT1_high_QCD_medium_top,ggF_HH4b_SMnorm,signal,223.4581739130435,19,0.9312326324673966
6,4000.0,CAT1_high_QCD_medium_top,qcd_bbbb_iht200to400_combined120k,background,317813.5285115445,26,0.3972826123506685
6,4000.0,CAT1_high_QCD_medium_top,qcd_bbbb_iht400to600_20000,background,73393.26988227465,13,0.09174521337825477
6,4000.0,CAT1_high_QCD_medium_top,qcd_bbbb_iht600plus_20000,background,13199.559427890925,13,0.016500101414656788
6,4000.0,CAT1_high_QCD_medium_top,ttbar_200k,background,381953.557031535,13,0.4774608168657811
6,4000.0,CAT2_nominal_loose_mid,VBF_HH4b_SMnorm,signal,12.376040506329112,18,0.05829167893770602
6,4000.0,CAT2_nominal_loose_mid,Zbbbb_100k,background,15120.51880764331,20,0.017041175476870563
6,4000.0,CAT2_nominal_loose_mid,ggF_HH4b_SMnorm,signal,199.93626086956525,17,0.9417083210622942
6,4000.0,CAT2_nominal_loose_mid,qcd_bbbb_iht200to400_combined120k,background,501167.4872682047,41,0.5648273847272105
6,4000.0,CAT2_nominal_loose_mid,qcd_bbbb_iht400to600_20000,background,90330.17831664575,16,0.10180420653111767
6,4000.0,CAT2_nominal_loose_mid,qcd_bbbb_iht600plus_20000,background,16245.611603558065,16,0.018309181158874973
6,4000.0,CAT2_nominal_loose_mid,ttbar_200k,background,264429.3856372165,9,0.29801805210592636
6,4000.0,CAT3_lower_QCD_medium_top,VBF_HH4b_SMnorm,signal,8.250693670886076,12,0.042004081710711676
6,4000.0,CAT3_lower_QCD_medium_top,Zbbbb_100k,background,28728.985734522288,38,0.028354422540915112
6,4000.0,CAT3_lower_QCD_medium_top,ggF_HH4b_SMnorm,signal,188.1753043478261,16,0.9579959182892884
6,4000.0,CAT3_lower_QCD_medium_top,qcd_bbbb_iht200to400_combined120k,background,635627.0570230888,52,0.6273398692113866
6,4000.0,CAT3_lower_QCD_medium_top,qcd_bbbb_iht400to600_20000,background,101621.45060622646,18,0.10029652895985164
6,4000.0,CAT3_lower_QCD_medium_top,qcd_bbbb_iht600plus_20000,background,12184.208702668548,12,0.012025353246878341
6,4000.0,CAT3_lower_QCD_medium_top,ttbar_200k,background,235048.34278863692,8,0.23198382604096798
6,4000.0,CAT4_loose_low_purity,VBF_HH4b_SMnorm,signal,7.5631358649789036,11,0.07440312083055589
6,4000.0,CAT4_loose_low_purity,Zbbbb_100k,background,24192.8300922293,32,0.0222044044361839
6,4000.0,CAT4_loose_low_purity,ggF_HH4b_SMnorm,signal,94.08765217391306,8,0.9255968791694441
6,4000.0,CAT4_loose_low_purity,qcd_bbbb_iht100to200_20000,background,122972.95803177023,1,0.11286572444983778
6,4000.0,CAT4_loose_low_purity,qcd_bbbb_iht200to400_combined120k,background,586732.6680213128,48,0.5385086989409744
6,4000.0,CAT4_loose_low_purity,qcd_bbbb_iht400to600_20000,background,79038.90602706501,14,0.07254264296189936
6,4000.0,CAT4_loose_low_purity,qcd_bbbb_iht600plus_20000,background,12184.208702668548,12,0.011182780052500844
6,4000.0,CAT4_loose_low_purity,ttbar_200k,background,264429.3856372165,9,0.24269574915860337
7,138.0,CAT0_very_high_QCD_high_top,VBF_HH4b_SMnorm,signal,0.8221628727272731,37,0.06104219438113587
7,138.0,CAT0_very_high_QCD_high_top,Zbbbb_100k,background,352.8430063233804,13,0.019291247187138868
7,138.0,CAT0_very_high_QCD_high_top,ggF_HH4b_SMnorm,signal,12.646600514018688,29,0.9389578056188638
7,138.0,CAT0_very_high_QCD_high_top,qcd_bbbb_iht200to400_combined120k,background,6270.203402507509,15,0.342815477659069
7,138.0,CAT0_very_high_QCD_high_top,qcd_bbbb_iht400to600_20000,background,1318.3079298466444,7,0.07207682648562605
7,138.0,CAT0_very_high_QCD_high_top,qcd_bbbb_iht600plus_20000,background,212.50183898493015,6,0.0116182705342408
7,138.0,CAT0_very_high_QCD_high_top,ttbar_200k,background,10136.459782759966,10,0.5541981781339252
7,138.0,CAT1_high_QCD_medium_top,VBF_HH4b_SMnorm,signal,0.5332948363636364,24,0.05502889722676876
7,138.0,CAT1_high_QCD_medium_top,Zbbbb_100k,background,569.9771640608452,21,0.024559478788705912
7,138.0,CAT1_high_QCD_medium_top,ggF_HH4b_SMnorm,signal,9.157883130841123,21,0.9449711027732313
7,138.0,CAT1_high_QCD_medium_top,qcd_bbbb_iht200to400_combined120k,background,14212.461045683689,34,0.612394070492123
7,138.0,CAT1_high_QCD_medium_top,qcd_bbbb_iht400to600_20000,background,1883.2970426380634,10,0.08114850328734327
7,138.0,CAT1_high_QCD_medium_top,qcd_bbbb_iht600plus_20000,background,460.4206511340152,13,0.019838849568718706
7,138.0,CAT1_high_QCD_medium_top,ttbar_200k,background,6081.87586965598,6,0.262059097863109
7,138.0,CAT2_nominal_loose_mid,VBF_HH4b_SMnorm,signal,0.5777360727272729,26,0.06855489092693001
7,138.0,CAT2_nominal_loose_mid,Zbbbb_100k,background,597.1189337780282,22,0.013207192340375566
7,138.0,CAT2_nominal_loose_mid,ggF_HH4b_SMnorm,signal,7.849614112149534,18,0.9314451090730701
7,138.0,CAT2_nominal_loose_mid,qcd_bbbb_iht200to400_combined120k,background,23826.772929528535,57,0.5270051829368342
7,138.0,CAT2_nominal_loose_mid,qcd_bbbb_iht400to600_20000,background,3201.604972484708,17,0.07081371947456452
7,138.0,CAT2_nominal_loose_mid,qcd_bbbb_iht600plus_20000,background,354.1697316415502,10,0.007833594787111521
7,138.0,CAT2_nominal_loose_mid,ttbar_200k,background,17231.981630691946,17,0.38114031046111413
7,138.0,CAT3_lower_QCD_medium_top,VBF_HH4b_SMnorm,signal,0.3777505090909091,17,0.06246994220714706
7,138.0,CAT3_lower_QCD_medium_top,Zbbbb_100k,background,678.5442429295776,25,0.014718780126169442
7,138.0,CAT3_lower_QCD_medium_top,ggF_HH4b_SMnorm,signal,5.669165747663552,13,0.9375300577928531
7,138.0,CAT3_lower_QCD_medium_top,qcd_bbbb_iht200to400_combined120k,background,28842.93565153455,69,0.6256523910884477
7,138.0,CAT3_lower_QCD_medium_top,qcd_bbbb_iht400to600_20000,background,3954.9237895399333,21,0.08578903185836413
7,138.0,CAT3_lower_QCD_medium_top,qcd_bbbb_iht600plus_20000,background,460.4206511340152,13,0.00998730797616194
7,138.0,CAT3_lower_QCD_medium_top,ttbar_200k,background,12163.75173931196,12,0.2638524889508568
7,138.0,CAT4_loose_low_purity,VBF_HH4b_SMnorm,signal,0.28886803636363634,13,0.08644872184971573
7,138.0,CAT4_loose_low_purity,Zbbbb_100k,background,624.2607034952114,23,0.01798426525150948
7,138.0,CAT4_loose_low_purity,ggF_HH4b_SMnorm,signal,3.0526277102803743,7,0.9135512781502839
7,138.0,CAT4_loose_low_purity,qcd_bbbb_iht100to200_20000,background,8329.443570170271,2,0.23996212115339624
7,138.0,CAT4_loose_low_purity,qcd_bbbb_iht200to400_combined120k,background,10450.339004179183,25,0.3010627892594805
7,138.0,CAT4_loose_low_purity,qcd_bbbb_iht400to600_20000,background,2824.945563957095,15,0.08138357910217098
7,138.0,CAT4_loose_low_purity,qcd_bbbb_iht600plus_20000,background,318.75275847739516,9,0.00918291689034978
7,138.0,CAT4_loose_low_purity,ttbar_200k,background,12163.75173931196,12,0.35042432834309284
7,350.0,CAT0_very_high_QCD_high_top,VBF_HH4b_SMnorm,signal,2.0851956916996053,37,0.06104219438113585
7,350.0,CAT0_very_high_QCD_high_top,Zbbbb_100k,background,894.8916827042256,13,0.019291247187138868
7,350.0,CAT0_very_high_QCD_high_top,ggF_HH4b_SMnorm,signal,32.07471144859812,29,0.9389578056188638
7,350.0,CAT0_very_high_QCD_high_top,qcd_bbbb_iht200to400_combined120k,background,15902.68978896832,15,0.342815477659069
7,350.0,CAT0_very_high_QCD_high_top,qcd_bbbb_iht400to600_20000,background,3343.5346046835184,7,0.07207682648562605
7,350.0,CAT0_very_high_QCD_high_top,qcd_bbbb_iht600plus_20000,background,538.953939454533,6,0.011618270534240801
7,350.0,CAT0_very_high_QCD_high_top,ttbar_200k,background,25708.412492507163,10,0.5541981781339252
7,350.0,CAT1_high_QCD_medium_top,VBF_HH4b_SMnorm,signal,1.352559367588933,24,0.05502889722676876
7,350.0,CAT1_high_QCD_medium_top,Zbbbb_100k,background,1445.5942566760566,21,0.024559478788705912
7,350.0,CAT1_high_QCD_medium_top,ggF_HH4b_SMnorm,signal,23.22651518691589,21,0.9449711027732313
7,350.0,CAT1_high_QCD_medium_top,qcd_bbbb_iht200to400_combined120k,background,36046.09685499486,34,0.6123940704921229
7,350.0,CAT1_high_QCD_medium_top,qcd_bbbb_iht400to600_20000,background,4776.478006690741,10,0.08114850328734327
7,350.0,CAT1_high_QCD_medium_top,qcd_bbbb_iht600plus_20000,background,1167.7335354848212,13,0.01983884956871871
7,350.0,CAT1_high_QCD_medium_top,ttbar_200k,background,15425.047495504297,6,0.262059097863109
7,350.0,CAT2_nominal_loose_mid,VBF_HH4b_SMnorm,signal,1.4652726482213443,26,0.06855489092693001
7,350.0,CAT2_nominal_loose_mid,Zbbbb_100k,background,1514.4320784225356,22,0.013207192340375568
7,350.0,CAT2_nominal_loose_mid,ggF_HH4b_SMnorm,signal,19.90844158878505,18,0.93144510907307
7,350.0,CAT2_nominal_loose_mid,qcd_bbbb_iht200to400_combined120k,background,60430.22119807962,57,0.5270051829368342
7,350.0,CAT2_nominal_loose_mid,qcd_bbbb_iht400to600_20000,background,8120.012611374259,17,0.07081371947456451
7,350.0,CAT2_nominal_loose_mid,qcd_bbbb_iht600plus_20000,background,898.2565657575548,10,0.00783359478711152
7,350.0,CAT2_nominal_loose_mid,ttbar_200k,background,43704.30123726218,17,0.3811403104611141
7,350.0,CAT3_lower_QCD_medium_top,VBF_HH4b_SMnorm,signal,0.9580628853754941,17,0.06246994220714705
7,350.0,CAT3_lower_QCD_medium_top,Zbbbb_100k,background,1720.9455436619724,25,0.014718780126169444
7,350.0,CAT3_lower_QCD_medium_top,ggF_HH4b_SMnorm,signal,14.378318925233646,13,0.937530057792853
7,350.0,CAT3_lower_QCD_medium_top,qcd_bbbb_iht200to400_combined120k,background,73152.37302925429,69,0.6256523910884477
7,350.0,CAT3_lower_QCD_medium_top,qcd_bbbb_iht400to600_20000,background,10030.603814050555,21,0.08578903185836413
7,350.0,CAT3_lower_QCD_medium_top,qcd_bbbb_iht600plus_20000,background,1167.7335354848212,13,0.009987307976161942
7,350.0,CAT3_lower_QCD_medium_top,ttbar_200k,background,30850.094991008595,12,0.2638524889508568
7,350.0,CAT4_loose_low_purity,VBF_HH4b_SMnorm,signal,0.7326363241106719,13,0.08644872184971573
7,350.0,CAT4_loose_low_purity,Zbbbb_100k,background,1583.2699001690144,23,0.017984265251509483
7,350.0,CAT4_loose_low_purity,ggF_HH4b_SMnorm,signal,7.742171728971964,7,0.9135512781502839
7,350.0,CAT4_loose_low_purity,qcd_bbbb_iht100to200_20000,background,21125.4003591275,2,0.23996212115339624
7,350.0,CAT4_loose_low_purity,qcd_bbbb_iht200to400_combined120k,background,26504.48298161387,25,0.30106278925948055
7,350.0,CAT4_loose_low_purity,qcd_bbbb_iht400to600_20000,background,7164.717010036111,15,0.08138357910217098
7,350.0,CAT4_loose_low_purity,qcd_bbbb_iht600plus_20000,background,808.4309091817994,9,0.00918291689034978
7,350.0,CAT4_loose_low_purity,ttbar_200k,background,30850.094991008595,12,0.3504243283430929
7,450.0,CAT0_very_high_QCD_high_top,VBF_HH4b_SMnorm,signal,2.680965889328064,37,0.06104219438113586
7,450.0,CAT0_very_high_QCD_high_top,Zbbbb_100k,background,1150.5750206197185,13,0.019291247187138868
7,450.0,CAT0_very_high_QCD_high_top,ggF_HH4b_SMnorm,signal,41.23891471962616,29,0.9389578056188638
7,450.0,CAT0_very_high_QCD_high_top,qcd_bbbb_iht200to400_combined120k,background,20446.31544295927,15,0.342815477659069
7,450.0,CAT0_very_high_QCD_high_top,qcd_bbbb_iht400to600_20000,background,4298.8302060216665,7,0.07207682648562605
7,450.0,CAT0_very_high_QCD_high_top,qcd_bbbb_iht600plus_20000,background,692.9407792986852,6,0.0116182705342408
7,450.0,CAT0_very_high_QCD_high_top,ttbar_200k,background,33053.67320465206,10,0.5541981781339252
7,450.0,CAT1_high_QCD_medium_top,VBF_HH4b_SMnorm,signal,1.7390049011857711,24,0.055028897226768764
7,450.0,CAT1_high_QCD_medium_top,Zbbbb_100k,background,1858.6211871549299,21,0.024559478788705912
7,450.0,CAT1_high_QCD_medium_top,ggF_HH4b_SMnorm,signal,29.86266238317757,21,0.9449711027732312
7,450.0,CAT1_high_QCD_medium_top,qcd_bbbb_iht200to400_combined120k,background,46344.98167070768,34,0.6123940704921231
7,450.0,CAT1_high_QCD_medium_top,qcd_bbbb_iht400to600_20000,background,6141.186008602381,10,0.08114850328734328
7,450.0,CAT1_high_QCD_medium_top,qcd_bbbb_iht600plus_20000,background,1501.3716884804844,13,0.01983884956871871
7,450.0,CAT1_high_QCD_medium_top,ttbar_200k,background,19832.20392279124,6,0.262059097863109
7,450.0,CAT2_nominal_loose_mid,VBF_HH4b_SMnorm,signal,1.8839219762845856,26,0.06855489092693001
7,450.0,CAT2_nominal_loose_mid,Zbbbb_100k,background,1947.1269579718314,22,0.013207192340375566
7,450.0,CAT2_nominal_loose_mid,ggF_HH4b_SMnorm,signal,25.59656775700935,18,0.9314451090730701
7,450.0,CAT2_nominal_loose_mid,qcd_bbbb_iht200to400_combined120k,background,77695.99868324523,57,0.5270051829368342
7,450.0,CAT2_nominal_loose_mid,qcd_bbbb_iht400to600_20000,background,10440.016214624047,17,0.07081371947456451
7,450.0,CAT2_nominal_loose_mid,qcd_bbbb_iht600plus_20000,background,1154.901298831142,10,0.00783359478711152
7,450.0,CAT2_nominal_loose_mid,ttbar_200k,background,56191.24444790852,17,0.3811403104611141
7,450.0,CAT3_lower_QCD_medium_top,VBF_HH4b_SMnorm,signal,1.231795138339921,17,0.06246994220714705
7,450.0,CAT3_lower_QCD_medium_top,Zbbbb_100k,background,2212.6442704225356,25,0.01471878012616944
7,450.0,CAT3_lower_QCD_medium_top,ggF_HH4b_SMnorm,signal,18.486410046728974,13,0.937530057792853
7,450.0,CAT3_lower_QCD_medium_top,qcd_bbbb_iht200to400_combined120k,background,94053.05103761266,69,0.6256523910884477
7,450.0,CAT3_lower_QCD_medium_top,qcd_bbbb_iht400to600_20000,background,12896.490618065,21,0.08578903185836413
7,450.0,CAT3_lower_QCD_medium_top,qcd_bbbb_iht600plus_20000,background,1501.3716884804844,13,0.009987307976161942
7,450.0,CAT3_lower_QCD_medium_top,ttbar_200k,background,39664.40784558248,12,0.2638524889508568
7,450.0,CAT4_loose_low_purity,VBF_HH4b_SMnorm,signal,0.9419609881422925,13,0.08644872184971573
7,450.0,CAT4_loose_low_purity,Zbbbb_100k,background,2035.6327287887327,23,0.01798426525150948
7,450.0,CAT4_loose_low_purity,ggF_HH4b_SMnorm,signal,9.954220794392524,7,0.913551278150284
7,450.0,CAT4_loose_low_purity,qcd_bbbb_iht100to200_20000,background,27161.22903316393,2,0.23996212115339627
7,450.0,CAT4_loose_low_purity,qcd_bbbb_iht200to400_combined120k,background,34077.19240493212,25,0.3010627892594805
7,450.0,CAT4_loose_low_purity,qcd_bbbb_iht400to600_20000,background,9211.779012903571,15,0.08138357910217098
7,450.0,CAT4_loose_low_purity,qcd_bbbb_iht600plus_20000,background,1039.4111689480278,9,0.00918291689034978
7,450.0,CAT4_loose_low_purity,ttbar_200k,background,39664.40784558248,12,0.3504243283430929
7,4000.0,CAT0_very_high_QCD_high_top,VBF_HH4b_SMnorm,signal,23.83080790513835,37,0.06104219438113587
7,4000.0,CAT0_very_high_QCD_high_top,Zbbbb_100k,background,10227.333516619721,13,0.019291247187138868
7,4000.0,CAT0_very_high_QCD_high_top,ggF_HH4b_SMnorm,signal,366.56813084112144,29,0.9389578056188639
7,4000.0,CAT0_very_high_QCD_high_top,qcd_bbbb_iht200to400_combined120k,background,181745.02615963796,15,0.342815477659069
7,4000.0,CAT0_very_high_QCD_high_top,qcd_bbbb_iht400to600_20000,background,38211.824053525925,7,0.07207682648562605
7,4000.0,CAT0_very_high_QCD_high_top,qcd_bbbb_iht600plus_20000,background,6159.473593766092,6,0.011618270534240801
7,4000.0,CAT0_very_high_QCD_high_top,ttbar_200k,background,293810.42848579615,10,0.5541981781339252
7,4000.0,CAT1_high_QCD_medium_top,VBF_HH4b_SMnorm,signal,15.45782134387352,24,0.055028897226768764
7,4000.0,CAT1_high_QCD_medium_top,Zbbbb_100k,background,16521.077219154933,21,0.024559478788705912
7,4000.0,CAT1_high_QCD_medium_top,ggF_HH4b_SMnorm,signal,265.44588785046733,21,0.9449711027732314
7,4000.0,CAT1_high_QCD_medium_top,qcd_bbbb_iht200to400_combined120k,background,411955.3926285127,34,0.6123940704921229
7,4000.0,CAT1_high_QCD_medium_top,qcd_bbbb_iht400to600_20000,background,54588.32007646561,10,0.08114850328734327
7,4000.0,CAT1_high_QCD_medium_top,qcd_bbbb_iht600plus_20000,background,13345.526119826527,13,0.019838849568718706
7,4000.0,CAT1_high_QCD_medium_top,ttbar_200k,background,176286.2570914777,6,0.262059097863109
7,4000.0,CAT2_nominal_loose_mid,VBF_HH4b_SMnorm,signal,16.745973122529648,26,0.06855489092693001
7,4000.0,CAT2_nominal_loose_mid,Zbbbb_100k,background,17307.795181971833,22,0.013207192340375564
7,4000.0,CAT2_nominal_loose_mid,ggF_HH4b_SMnorm,signal,227.525046728972,18,0.9314451090730701
7,4000.0,CAT2_nominal_loose_mid,qcd_bbbb_iht200to400_combined120k,background,690631.0994066242,57,0.5270051829368342
7,4000.0,CAT2_nominal_loose_mid,qcd_bbbb_iht400to600_20000,background,92800.14412999153,17,0.07081371947456451
7,4000.0,CAT2_nominal_loose_mid,qcd_bbbb_iht600plus_20000,background,10265.789322943483,10,0.00783359478711152
7,4000.0,CAT2_nominal_loose_mid,ttbar_200k,background,499477.7284258535,17,0.3811403104611141
7,4000.0,CAT3_lower_QCD_medium_top,VBF_HH4b_SMnorm,signal,10.949290118577075,17,0.06246994220714705
7,4000.0,CAT3_lower_QCD_medium_top,Zbbbb_100k,background,19667.94907042254,25,0.01471878012616944
7,4000.0,CAT3_lower_QCD_medium_top,ggF_HH4b_SMnorm,signal,164.3236448598131,13,0.9375300577928531
7,4000.0,CAT3_lower_QCD_medium_top,qcd_bbbb_iht200to400_combined120k,background,836027.1203343348,69,0.6256523910884477
7,4000.0,CAT3_lower_QCD_medium_top,qcd_bbbb_iht400to600_20000,background,114635.47216057777,21,0.08578903185836413
7,4000.0,CAT3_lower_QCD_medium_top,qcd_bbbb_iht600plus_20000,background,13345.526119826527,13,0.00998730797616194
7,4000.0,CAT3_lower_QCD_medium_top,ttbar_200k,background,352572.5141829554,12,0.2638524889508568
7,4000.0,CAT4_loose_low_purity,VBF_HH4b_SMnorm,signal,8.372986561264822,13,0.08644872184971573
7,4000.0,CAT4_loose_low_purity,Zbbbb_100k,background,18094.513144788736,23,0.017984265251509483
7,4000.0,CAT4_loose_low_purity,ggF_HH4b_SMnorm,signal,88.48196261682244,7,0.9135512781502839
7,4000.0,CAT4_loose_low_purity,qcd_bbbb_iht100to200_20000,background,241433.14696145715,2,0.23996212115339627
7,4000.0,CAT4_loose_low_purity,qcd_bbbb_iht200to400_combined120k,background,302908.3769327299,25,0.3010627892594805
7,4000.0,CAT4_loose_low_purity,qcd_bbbb_iht400to600_20000,background,81882.48011469841,15,0.08138357910217099
7,4000.0,CAT4_loose_low_purity,qcd_bbbb_iht600plus_20000,background,9239.210390649136,9,0.00918291689034978
7,4000.0,CAT4_loose_low_purity,ttbar_200k,background,352572.5141829554,12,0.3504243283430929
8,138.0,CAT0_very_high_QCD_high_top,VBF_HH4b_SMnorm,signal,0.9866861436734694,43,0.06284704504679015
8,138.0,CAT0_very_high_QCD_high_top,Zbbbb_100k,background,620.243160989742,22,0.02538028211006505
8,138.0,CAT0_very_high_QCD_high_top,ggF_HH4b_SMnorm,signal,14.71311554054054,35,0.93715295495321
8,138.0,CAT0_very_high_QCD_high_top,qcd_bbbb_iht100to200_20000,background,4203.284023835924,1,0.17199792117570722
8,138.0,CAT0_very_high_QCD_high_top,qcd_bbbb_iht200to400_combined120k,background,7402.131005694985,18,0.3028943887755424
8,138.0,CAT0_very_high_QCD_high_top,qcd_bbbb_iht400to600_20000,background,1743.0287940937542,9,0.07132454705259961
8,138.0,CAT0_very_high_QCD_high_top,qcd_bbbb_iht600plus_20000,background,172.58617407936975,5,0.0070622073114702906
8,138.0,CAT0_very_high_QCD_high_top,ttbar_200k,background,10296.720016479494,10,0.42134065357461525
8,138.0,CAT1_high_QCD_medium_top,VBF_HH4b_SMnorm,signal,0.6883856816326531,30,0.06646571254567617
8,138.0,CAT1_high_QCD_medium_top,Zbbbb_100k,background,761.2075157601379,27,0.02379735587500588
8,138.0,CAT1_high_QCD_medium_top,ggF_HH4b_SMnorm,signal,9.668618783783781,23,0.9335342874543239
8,138.0,CAT1_high_QCD_medium_top,qcd_bbbb_iht200to400_combined120k,background,12336.885009491645,30,0.38568358414948817
8,138.0,CAT1_high_QCD_medium_top,qcd_bbbb_iht400to600_20000,background,3098.717856166674,16,0.09687409813051565
8,138.0,CAT1_high_QCD_medium_top,qcd_bbbb_iht600plus_20000,background,345.1723481587395,10,0.01079099856120352
8,138.0,CAT1_high_QCD_medium_top,ttbar_200k,background,15445.080024719244,15,0.48285396328378716
8,138.0,CAT2_nominal_loose_mid,VBF_HH4b_SMnorm,signal,0.45892378775510206,20,0.09028519601780782
8,138.0,CAT2_nominal_loose_mid,Zbbbb_100k,background,704.8217738519795,25,0.02087302852572445
8,138.0,CAT2_nominal_loose_mid,ggF_HH4b_SMnorm,signal,4.624122027027028,11,0.9097148039821926
8,138.0,CAT2_nominal_loose_mid,qcd_bbbb_iht200to400_combined120k,background,21795.16351676856,53,0.6454554707100743
8,138.0,CAT2_nominal_loose_mid,qcd_bbbb_iht400to600_20000,background,3679.727454197926,19,0.10897372778170593
8,138.0,CAT2_nominal_loose_mid,qcd_bbbb_iht600plus_20000,background,379.6895829746135,11,0.01124436246206821
8,138.0,CAT2_nominal_loose_mid,ttbar_200k,background,7207.704011535645,7,0.21345341052042688
8,138.0,CAT3_lower_QCD_medium_top,VBF_HH4b_SMnorm,signal,0.39008521959183673,17,0.05481742342913212
8,138.0,CAT3_lower_QCD_medium_top,Zbbbb_100k,background,1212.2934510254042,43,0.02793723384942476
8,138.0,CAT3_lower_QCD_medium_top,ggF_HH4b_SMnorm,signal,6.725995675675676,16,0.945182576570868
8,138.0,CAT3_lower_QCD_medium_top,qcd_bbbb_iht200to400_combined120k,background,31253.44202404549,76,0.7202337995694583
8,138.0,CAT3_lower_QCD_medium_top,qcd_bbbb_iht400to600_20000,background,3098.717856166674,16,0.07140977731744129
8,138.0,CAT3_lower_QCD_medium_top,qcd_bbbb_iht600plus_20000,background,621.3102266857311,18,0.014318058949569164
8,138.0,CAT3_lower_QCD_medium_top,ttbar_200k,background,7207.704011535645,7,0.16610113031410625
8,138.0,CAT4_loose_low_purity,VBF_HH4b_SMnorm,signal,0.1376771363265306,6,0.024574019003766094
8,138.0,CAT4_loose_low_purity,Zbbbb_100k,background,676.6289028979003,24,0.01429706392877148
8,138.0,CAT4_loose_low_purity,ggF_HH4b_SMnorm,signal,5.464871486486486,13,0.9754259809962341
8,138.0,CAT4_loose_low_purity,qcd_bbbb_iht100to200_20000,background,12609.852071507774,3,0.26644422138423196
8,138.0,CAT4_loose_low_purity,qcd_bbbb_iht200to400_combined120k,background,17271.6390132883,42,0.36494705749350376
8,138.0,CAT4_loose_low_purity,qcd_bbbb_iht400to600_20000,background,4067.0671862187605,21,0.08593649977845014
8,138.0,CAT4_loose_low_purity,qcd_bbbb_iht600plus_20000,background,345.1723481587395,10,0.007293438259781705
8,138.0,CAT4_loose_low_purity,ttbar_200k,background,12356.064019775393,12,0.2610817191552609
8,350.0,CAT0_very_high_QCD_high_top,VBF_HH4b_SMnorm,signal,2.502464857142857,43,0.06284704504679015
8,350.0,CAT0_very_high_QCD_high_top,Zbbbb_100k,background,1573.0804807710847,22,0.025380282110065048
8,350.0,CAT0_very_high_QCD_high_top,ggF_HH4b_SMnorm,signal,37.31587274774775,35,0.9371529549532102
8,350.0,CAT0_very_high_QCD_high_top,qcd_bbbb_iht100to200_20000,background,10660.502959004156,1,0.17199792117570725
8,350.0,CAT0_very_high_QCD_high_top,qcd_bbbb_iht200to400_combined120k,background,18773.520666617715,18,0.30289438877554237
8,350.0,CAT0_very_high_QCD_high_top,qcd_bbbb_iht400to600_20000,background,4420.725202411695,9,0.07132454705259961
8,350.0,CAT0_very_high_QCD_high_top,qcd_bbbb_iht600plus_20000,background,437.7185574476769,5,0.007062207311470291
8,350.0,CAT0_very_high_QCD_high_top,ttbar_200k,background,26114.86960701321,10,0.4213406535746153
8,350.0,CAT1_high_QCD_medium_top,VBF_HH4b_SMnorm,signal,1.7459057142857144,30,0.06646571254567615
8,350.0,CAT1_high_QCD_medium_top,Zbbbb_100k,background,1930.598771855422,27,0.02379735587500588
8,350.0,CAT1_high_QCD_medium_top,ggF_HH4b_SMnorm,signal,24.52185923423423,23,0.933534287454324
8,350.0,CAT1_high_QCD_medium_top,qcd_bbbb_iht200to400_combined120k,background,31289.201111029535,30,0.38568358414948817
8,350.0,CAT1_high_QCD_medium_top,qcd_bbbb_iht400to600_20000,background,7859.0670265096805,16,0.09687409813051565
8,350.0,CAT1_high_QCD_medium_top,qcd_bbbb_iht600plus_20000,background,875.4371148953538,10,0.010790998561203522
8,350.0,CAT1_high_QCD_medium_top,ttbar_200k,background,39172.30441051982,15,0.48285396328378716
8,350.0,CAT2_nominal_loose_mid,VBF_HH4b_SMnorm,signal,1.163937142857143,20,0.09028519601780782
8,350.0,CAT2_nominal_loose_mid,Zbbbb_100k,background,1787.591455421687,25,0.020873028525724445
8,350.0,CAT2_nominal_loose_mid,ggF_HH4b_SMnorm,signal,11.72784572072072,11,0.9097148039821924
8,350.0,CAT2_nominal_loose_mid,qcd_bbbb_iht200to400_combined120k,background,55277.58862948548,53,0.6454554707100743
8,350.0,CAT2_nominal_loose_mid,qcd_bbbb_iht400to600_20000,background,9332.642093980246,19,0.10897372778170591
8,350.0,CAT2_nominal_loose_mid,qcd_bbbb_iht600plus_20000,background,962.9808263848892,11,0.011244362462068207
8,350.0,CAT2_nominal_loose_mid,ttbar_200k,background,18280.408724909244,7,0.21345341052042688
8,350.0,CAT3_lower_QCD_medium_top,VBF_HH4b_SMnorm,signal,0.9893465714285714,17,0.05481742342913211
8,350.0,CAT3_lower_QCD_medium_top,Zbbbb_100k,background,3074.6573033253003,43,0.02793723384942476
8,350.0,CAT3_lower_QCD_medium_top,ggF_HH4b_SMnorm,signal,17.058684684684685,16,0.945182576570868
8,350.0,CAT3_lower_QCD_medium_top,qcd_bbbb_iht200to400_combined120k,background,79265.97614794146,76,0.7202337995694583
8,350.0,CAT3_lower_QCD_medium_top,qcd_bbbb_iht400to600_20000,background,7859.0670265096805,16,0.07140977731744129
8,350.0,CAT3_lower_QCD_medium_top,qcd_bbbb_iht600plus_20000,background,1575.7868068116368,18,0.014318058949569164
8,350.0,CAT3_lower_QCD_medium_top,ttbar_200k,background,18280.408724909244,7,0.16610113031410625
8,350.0,CAT4_loose_low_purity,VBF_HH4b_SMnorm,signal,0.34918114285714286,6,0.024574019003766094
8,350.0,CAT4_loose_low_purity,Zbbbb_100k,background,1716.0877972048195,24,0.01429706392877148
8,350.0,CAT4_loose_low_purity,ggF_HH4b_SMnorm,signal,13.860181306306306,13,0.975425980996234
8,350.0,CAT4_loose_low_purity,qcd_bbbb_iht100to200_20000,background,31981.508877012468,3,0.26644422138423196
8,350.0,CAT4_loose_low_purity,qcd_bbbb_iht200to400_combined120k,background,43804.88155544134,42,0.36494705749350376
8,350.0,CAT4_loose_low_purity,qcd_bbbb_iht400to600_20000,background,10315.025472293959,21,0.08593649977845015
8,350.0,CAT4_loose_low_purity,qcd_bbbb_iht600plus_20000,background,875.4371148953538,10,0.007293438259781705
8,350.0,CAT4_loose_low_purity,ttbar_200k,background,31337.843528415855,12,0.26108171915526096
8,450.0,CAT0_very_high_QCD_high_top,VBF_HH4b_SMnorm,signal,3.2174548163265304,43,0.06284704504679013
8,450.0,CAT0_very_high_QCD_high_top,Zbbbb_100k,background,2022.5320467056804,22,0.02538028211006505
8,450.0,CAT0_very_high_QCD_high_top,ggF_HH4b_SMnorm,signal,47.97755067567567,35,0.93715295495321
8,450.0,CAT0_very_high_QCD_high_top,qcd_bbbb_iht100to200_20000,background,13706.360947291058,1,0.17199792117570725
8,450.0,CAT0_very_high_QCD_high_top,qcd_bbbb_iht200to400_combined120k,background,24137.38371422278,18,0.3028943887755424
8,450.0,CAT0_very_high_QCD_high_top,qcd_bbbb_iht400to600_20000,background,5683.789545957894,9,0.07132454705259961
8,450.0,CAT0_very_high_QCD_high_top,qcd_bbbb_iht600plus_20000,background,562.7810024327274,5,0.0070622073114702906
8,450.0,CAT0_very_high_QCD_high_top,ttbar_200k,background,33576.260923302696,10,0.42134065357461525
8,450.0,CAT1_high_QCD_medium_top,VBF_HH4b_SMnorm,signal,2.244735918367347,30,0.06646571254567617
8,450.0,CAT1_high_QCD_medium_top,Zbbbb_100k,background,2482.1984209569714,27,0.02379735587500588
8,450.0,CAT1_high_QCD_medium_top,ggF_HH4b_SMnorm,signal,31.528104729729723,23,0.933534287454324
8,450.0,CAT1_high_QCD_medium_top,qcd_bbbb_iht200to400_combined120k,background,40228.972857037974,30,0.3856835841494881
8,450.0,CAT1_high_QCD_medium_top,qcd_bbbb_iht400to600_20000,background,10104.51474836959,16,0.09687409813051563
8,450.0,CAT1_high_QCD_medium_top,qcd_bbbb_iht600plus_20000,background,1125.5620048654548,10,0.010790998561203519
8,450.0,CAT1_high_QCD_medium_top,ttbar_200k,background,50364.391384954055,15,0.4828539632837871
8,450.0,CAT2_nominal_loose_mid,VBF_HH4b_SMnorm,signal,1.496490612244898,20,0.09028519601780781
8,450.0,CAT2_nominal_loose_mid,Zbbbb_100k,background,2298.3318712564546,25,0.02087302852572445
8,450.0,CAT2_nominal_loose_mid,ggF_HH4b_SMnorm,signal,15.078658783783785,11,0.9097148039821925
8,450.0,CAT2_nominal_loose_mid,qcd_bbbb_iht200to400_combined120k,background,71071.18538076704,53,0.6454554707100743
8,450.0,CAT2_nominal_loose_mid,qcd_bbbb_iht400to600_20000,background,11999.11126368889,19,0.10897372778170594
8,450.0,CAT2_nominal_loose_mid,qcd_bbbb_iht600plus_20000,background,1238.1182053520004,11,0.01124436246206821
8,450.0,CAT2_nominal_loose_mid,ttbar_200k,background,23503.382646311886,7,0.21345341052042688
8,450.0,CAT3_lower_QCD_medium_top,VBF_HH4b_SMnorm,signal,1.2720170204081633,17,0.05481742342913212
8,450.0,CAT3_lower_QCD_medium_top,Zbbbb_100k,background,3953.1308185611006,43,0.027937233849424762
8,450.0,CAT3_lower_QCD_medium_top,ggF_HH4b_SMnorm,signal,21.932594594594594,16,0.945182576570868
8,450.0,CAT3_lower_QCD_medium_top,qcd_bbbb_iht200to400_combined120k,background,101913.39790449616,76,0.7202337995694584
8,450.0,CAT3_lower_QCD_medium_top,qcd_bbbb_iht400to600_20000,background,10104.51474836959,16,0.07140977731744129
8,450.0,CAT3_lower_QCD_medium_top,qcd_bbbb_iht600plus_20000,background,2026.0116087578187,18,0.014318058949569166
8,450.0,CAT3_lower_QCD_medium_top,ttbar_200k,background,23503.382646311886,7,0.16610113031410625
8,450.0,CAT4_loose_low_purity,VBF_HH4b_SMnorm,signal,0.4489471836734694,6,0.024574019003766098
8,450.0,CAT4_loose_low_purity,Zbbbb_100k,background,2206.3985964061967,24,0.014297063928771482
8,450.0,CAT4_loose_low_purity,ggF_HH4b_SMnorm,signal,17.820233108108106,13,0.975425980996234
8,450.0,CAT4_loose_low_purity,qcd_bbbb_iht100to200_20000,background,41119.082841873176,3,0.26644422138423196
8,450.0,CAT4_loose_low_purity,qcd_bbbb_iht200to400_combined120k,background,56320.561999853155,42,0.3649470574935038
8,450.0,CAT4_loose_low_purity,qcd_bbbb_iht400to600_20000,background,13262.175607235089,21,0.08593649977845014
8,450.0,CAT4_loose_low_purity,qcd_bbbb_iht600plus_20000,background,1125.5620048654548,10,0.007293438259781703
8,450.0,CAT4_loose_low_purity,ttbar_200k,background,40291.51310796324,12,0.26108171915526096
8,4000.0,CAT0_very_high_QCD_high_top,VBF_HH4b_SMnorm,signal,28.59959836734694,43,0.06284704504679015
8,4000.0,CAT0_very_high_QCD_high_top,Zbbbb_100k,background,17978.062637383824,22,0.025380282110065048
8,4000.0,CAT0_very_high_QCD_high_top,ggF_HH4b_SMnorm,signal,426.4671171171171,35,0.93715295495321
8,4000.0,CAT0_very_high_QCD_high_top,qcd_bbbb_iht100to200_20000,background,121834.31953147607,1,0.17199792117570725
8,4000.0,CAT0_very_high_QCD_high_top,qcd_bbbb_iht200to400_combined120k,background,214554.52190420247,18,0.3028943887755424
8,4000.0,CAT0_very_high_QCD_high_top,qcd_bbbb_iht400to600_20000,background,50522.57374184795,9,0.07132454705259961
8,4000.0,CAT0_very_high_QCD_high_top,qcd_bbbb_iht600plus_20000,background,5002.497799402022,5,0.007062207311470291
8,4000.0,CAT0_very_high_QCD_high_top,ttbar_200k,background,298455.6526515795,10,0.42134065357461525
8,4000.0,CAT1_high_QCD_medium_top,VBF_HH4b_SMnorm,signal,19.95320816326531,30,0.06646571254567617
8,4000.0,CAT1_high_QCD_medium_top,Zbbbb_100k,background,22063.985964061965,27,0.023797355875005876
8,4000.0,CAT1_high_QCD_medium_top,ggF_HH4b_SMnorm,signal,280.2498198198198,23,0.9335342874543239
8,4000.0,CAT1_high_QCD_medium_top,qcd_bbbb_iht200to400_combined120k,background,357590.86984033755,30,0.38568358414948817
8,4000.0,CAT1_high_QCD_medium_top,qcd_bbbb_iht400to600_20000,background,89817.90887439635,16,0.09687409813051565
8,4000.0,CAT1_high_QCD_medium_top,qcd_bbbb_iht600plus_20000,background,10004.995598804044,10,0.01079099856120352
8,4000.0,CAT1_high_QCD_medium_top,ttbar_200k,background,447683.4789773694,15,0.48285396328378716
8,4000.0,CAT2_nominal_loose_mid,VBF_HH4b_SMnorm,signal,13.302138775510205,20,0.09028519601780781
8,4000.0,CAT2_nominal_loose_mid,Zbbbb_100k,background,20429.61663339071,25,0.02087302852572445
8,4000.0,CAT2_nominal_loose_mid,ggF_HH4b_SMnorm,signal,134.03252252252253,11,0.9097148039821924
8,4000.0,CAT2_nominal_loose_mid,qcd_bbbb_iht200to400_combined120k,background,631743.8700512627,53,0.6454554707100744
8,4000.0,CAT2_nominal_loose_mid,qcd_bbbb_iht400to600_20000,background,106658.76678834569,19,0.10897372778170594
8,4000.0,CAT2_nominal_loose_mid,qcd_bbbb_iht600plus_20000,background,11005.495158684447,11,0.011244362462068207
8,4000.0,CAT2_nominal_loose_mid,ttbar_200k,background,208918.95685610565,7,0.21345341052042688
8,4000.0,CAT3_lower_QCD_medium_top,VBF_HH4b_SMnorm,signal,11.306817959183673,17,0.05481742342913212
8,4000.0,CAT3_lower_QCD_medium_top,Zbbbb_100k,background,35138.94060943201,43,0.027937233849424762
8,4000.0,CAT3_lower_QCD_medium_top,ggF_HH4b_SMnorm,signal,194.9563963963964,16,0.9451825765708681
8,4000.0,CAT3_lower_QCD_medium_top,qcd_bbbb_iht200to400_combined120k,background,905896.8702621881,76,0.7202337995694583
8,4000.0,CAT3_lower_QCD_medium_top,qcd_bbbb_iht400to600_20000,background,89817.90887439635,16,0.07140977731744129
8,4000.0,CAT3_lower_QCD_medium_top,qcd_bbbb_iht600plus_20000,background,18008.992077847277,18,0.014318058949569164
8,4000.0,CAT3_lower_QCD_medium_top,ttbar_200k,background,208918.95685610565,7,0.16610113031410625
8,4000.0,CAT4_loose_low_purity,VBF_HH4b_SMnorm,signal,3.990641632653061,6,0.024574019003766098
8,4000.0,CAT4_loose_low_purity,Zbbbb_100k,background,19612.43196805508,24,0.01429706392877148
8,4000.0,CAT4_loose_low_purity,ggF_HH4b_SMnorm,signal,158.40207207207206,13,0.9754259809962341
8,4000.0,CAT4_loose_low_purity,qcd_bbbb_iht100to200_20000,background,365502.9585944282,3,0.2664442213842319
8,4000.0,CAT4_loose_low_purity,qcd_bbbb_iht200to400_combined120k,background,500627.21777647245,42,0.36494705749350376
8,4000.0,CAT4_loose_low_purity,qcd_bbbb_iht400to600_20000,background,117886.00539764523,21,0.08593649977845014
8,4000.0,CAT4_loose_low_purity,qcd_bbbb_iht600plus_20000,background,10004.995598804044,10,0.007293438259781704
8,4000.0,CAT4_loose_low_purity,ttbar_200k,background,358146.78318189544,12,0.2610817191552609
9,138.0,CAT0_very_high_QCD_high_top,VBF_HH4b_SMnorm,signal,0.7056673305439329,30,0.06002053797907686
9,138.0,CAT0_very_high_QCD_high_top,Zbbbb_100k,background,398.21859054262563,15,0.019124222197824278
9,138.0,CAT0_very_high_QCD_high_top,ggF_HH4b_SMnorm,signal,11.05143039473684,27,0.939979462020923
9,138.0,CAT0_very_high_QCD_high_top,qcd_bbbb_iht200to400_combined120k,background,4577.263089475492,11,0.2198204665978771
9,138.0,CAT0_very_high_QCD_high_top,qcd_bbbb_iht400to600_20000,background,2536.8907972450256,13,0.1218327432479229
9,138.0,CAT0_very_high_QCD_high_top,qcd_bbbb_iht600plus_20000,background,143.94185562061077,4,0.0069127260651108205
9,138.0,CAT0_very_high_QCD_high_top,ttbar_200k,background,13166.419602299771,14,0.6323098418912649
9,138.0,CAT1_high_QCD_medium_top,VBF_HH4b_SMnorm,signal,0.5880561087866109,25,0.06403319733809996
9,138.0,CAT1_high_QCD_medium_top,Zbbbb_100k,background,504.4102146873258,19,0.01232823250368868
9,138.0,CAT1_high_QCD_medium_top,ggF_HH4b_SMnorm,signal,8.595556973684209,21,0.9359668026618996
9,138.0,CAT1_high_QCD_medium_top,qcd_bbbb_iht200to400_combined120k,background,16644.593052638153,40,0.40680859964226346
9,138.0,CAT1_high_QCD_medium_top,qcd_bbbb_iht400to600_20000,background,3512.618026954651,18,0.08585149640514057
9,138.0,CAT1_high_QCD_medium_top,qcd_bbbb_iht600plus_20000,background,503.79649467213756,14,0.012313232642823259
9,138.0,CAT1_high_QCD_medium_top,ttbar_200k,background,19749.629403449653,21,0.4826984388060838
9,138.0,CAT2_nominal_loose_mid,VBF_HH4b_SMnorm,signal,0.47044488702928877,20,0.06702028106086375
9,138.0,CAT2_nominal_loose_mid,Zbbbb_100k,background,902.6288052299515,34,0.025482052774751986
9,138.0,CAT2_nominal_loose_mid,ggF_HH4b_SMnorm,signal,6.548995789473684,16,0.9329797189391362
9,138.0,CAT2_nominal_loose_mid,qcd_bbbb_iht200to400_combined120k,background,19557.39683684982,47,0.5521235478480139
9,138.0,CAT2_nominal_loose_mid,qcd_bbbb_iht400to600_20000,background,4293.199810722351,22,0.12120103359820411
9,138.0,CAT2_nominal_loose_mid,qcd_bbbb_iht600plus_20000,background,323.86917514637423,9,0.00914312878713507
9,138.0,CAT2_nominal_loose_mid,ttbar_200k,background,10345.043973235533,11,0.2920502369918944
9,138.0,CAT3_lower_QCD_medium_top,VBF_HH4b_SMnorm,signal,0.47044488702928877,20,0.04570115546868157
9,138.0,CAT3_lower_QCD_medium_top,Zbbbb_100k,background,769.8892750490762,29,0.015956604393316396
9,138.0,CAT3_lower_QCD_medium_top,ggF_HH4b_SMnorm,signal,9.823493684210526,24,0.9542988445313182
9,138.0,CAT3_lower_QCD_medium_top,qcd_bbbb_iht100to200_20000,background,4242.567052096073,1,0.08793077947228228
9,138.0,CAT3_lower_QCD_medium_top,qcd_bbbb_iht200to400_combined120k,background,27047.463710537002,65,0.560581491726988
9,138.0,CAT3_lower_QCD_medium_top,qcd_bbbb_iht400to600_20000,background,6244.654270141603,32,0.1294257252191645
9,138.0,CAT3_lower_QCD_medium_top,qcd_bbbb_iht600plus_20000,background,539.7819585772902,15,0.011187436233760084
9,138.0,CAT3_lower_QCD_medium_top,ttbar_200k,background,9404.585430214122,10,0.19491796295448874
9,138.0,CAT4_loose_low_purity,VBF_HH4b_SMnorm,signal,0.11761122175732217,5,0.018795857634629064
9,138.0,CAT4_loose_low_purity,Zbbbb_100k,background,849.5329931576015,32,0.02188245148909652
9,138.0,CAT4_loose_low_purity,ggF_HH4b_SMnorm,signal,6.139683552631578,15,0.9812041423653708
9,138.0,CAT4_loose_low_purity,qcd_bbbb_iht200to400_combined120k,background,22886.31544737745,55,0.589510580018744
9,138.0,CAT4_loose_low_purity,qcd_bbbb_iht400to600_20000,background,2536.8907972450256,13,0.06534577261974694
9,138.0,CAT4_loose_low_purity,qcd_bbbb_iht600plus_20000,background,323.86917514637423,9,0.008342291083495896
9,138.0,CAT4_loose_low_purity,ttbar_200k,background,12225.96105927836,13,0.3149189047889163
9,350.0,CAT0_very_high_QCD_high_top,VBF_HH4b_SMnorm,signal,1.789735983263598,30,0.06002053797907685
9,350.0,CAT0_very_high_QCD_high_top,Zbbbb_100k,background,1009.9746861588332,15,0.019124222197824278
9,350.0,CAT0_very_high_QCD_high_top,ggF_HH4b_SMnorm,signal,28.028990131578944,27,0.939979462020923
9,350.0,CAT0_very_high_QCD_high_top,qcd_bbbb_iht200to400_combined120k,background,11609.000589249437,11,0.21982046659787713
9,350.0,CAT0_very_high_QCD_high_top,qcd_bbbb_iht400to600_20000,background,6434.14332634608,13,0.12183274324792291
9,350.0,CAT0_very_high_QCD_high_top,qcd_bbbb_iht600plus_20000,background,365.0699236754621,4,0.006912726065110821
9,350.0,CAT0_very_high_QCD_high_top,ttbar_200k,background,33393.09319423855,14,0.6323098418912649
9,350.0,CAT1_high_QCD_medium_top,VBF_HH4b_SMnorm,signal,1.4914466527196653,25,0.06403319733809998
9,350.0,CAT1_high_QCD_medium_top,Zbbbb_100k,background,1279.301269134522,19,0.012328232503688683
9,350.0,CAT1_high_QCD_medium_top,ggF_HH4b_SMnorm,signal,21.800325657894735,21,0.9359668026618997
9,350.0,CAT1_high_QCD_medium_top,qcd_bbbb_iht200to400_combined120k,background,42214.54759727068,40,0.40680859964226346
9,350.0,CAT1_high_QCD_medium_top,qcd_bbbb_iht400to600_20000,background,8908.813836479188,18,0.08585149640514057
9,350.0,CAT1_high_QCD_medium_top,qcd_bbbb_iht600plus_20000,background,1277.744732864117,14,0.012313232642823257
9,350.0,CAT1_high_QCD_medium_top,ttbar_200k,background,50089.63979135782,21,0.48269843880608376
9,350.0,CAT2_nominal_loose_mid,VBF_HH4b_SMnorm,signal,1.1931573221757326,20,0.06702028106086376
9,350.0,CAT2_nominal_loose_mid,Zbbbb_100k,background,2289.2759552933553,34,0.02548205277475199
9,350.0,CAT2_nominal_loose_mid,ggF_HH4b_SMnorm,signal,16.60977192982456,16,0.9329797189391362
9,350.0,CAT2_nominal_loose_mid,qcd_bbbb_iht200to400_combined120k,background,49602.09342679303,47,0.552123547848014
9,350.0,CAT2_nominal_loose_mid,qcd_bbbb_iht400to600_20000,background,10888.550244585673,22,0.12120103359820412
9,350.0,CAT2_nominal_loose_mid,qcd_bbbb_iht600plus_20000,background,821.4073282697897,9,0.00914312878713507
9,350.0,CAT2_nominal_loose_mid,ttbar_200k,background,26237.430366901717,11,0.2920502369918945
9,350.0,CAT3_lower_QCD_medium_top,VBF_HH4b_SMnorm,signal,1.1931573221757326,20,0.04570115546868159
9,350.0,CAT3_lower_QCD_medium_top,Zbbbb_100k,background,1952.617726573744,29,0.015956604393316396
9,350.0,CAT3_lower_QCD_medium_top,ggF_HH4b_SMnorm,signal,24.91465789473684,24,0.9542988445313183
9,350.0,CAT3_lower_QCD_medium_top,qcd_bbbb_iht100to200_20000,background,10760.133827779895,1,0.08793077947228227
9,350.0,CAT3_lower_QCD_medium_top,qcd_bbbb_iht200to400_combined120k,background,68598.63984556486,65,0.560581491726988
9,350.0,CAT3_lower_QCD_medium_top,qcd_bbbb_iht400to600_20000,background,15837.89126485189,32,0.12942572521916448
9,350.0,CAT3_lower_QCD_medium_top,qcd_bbbb_iht600plus_20000,background,1369.0122137829826,15,0.011187436233760084
9,350.0,CAT3_lower_QCD_medium_top,ttbar_200k,background,23852.209424456105,10,0.1949179629544887
9,350.0,CAT4_loose_low_purity,VBF_HH4b_SMnorm,signal,0.29828933054393303,5,0.018795857634629064
9,350.0,CAT4_loose_low_purity,Zbbbb_100k,background,2154.6126638055107,32,0.021882451489096514
9,350.0,CAT4_loose_low_purity,ggF_HH4b_SMnorm,signal,15.571661184210523,15,0.9812041423653709
9,350.0,CAT4_loose_low_purity,qcd_bbbb_iht200to400_combined120k,background,58045.00294624716,55,0.589510580018744
9,350.0,CAT4_loose_low_purity,qcd_bbbb_iht400to600_20000,background,6434.14332634608,13,0.06534577261974696
9,350.0,CAT4_loose_low_purity,qcd_bbbb_iht600plus_20000,background,821.4073282697897,9,0.008342291083495894
9,350.0,CAT4_loose_low_purity,ttbar_200k,background,31007.872251792942,13,0.3149189047889163
9,450.0,CAT0_very_high_QCD_high_top,VBF_HH4b_SMnorm,signal,2.3010891213389115,30,0.060020537979076846
9,450.0,CAT0_very_high_QCD_high_top,Zbbbb_100k,background,1298.538882204214,15,0.019124222197824274
9,450.0,CAT0_very_high_QCD_high_top,ggF_HH4b_SMnorm,signal,36.03727302631579,27,0.939979462020923
9,450.0,CAT0_very_high_QCD_high_top,qcd_bbbb_iht200to400_combined120k,background,14925.857900463561,11,0.21982046659787707
9,450.0,CAT0_very_high_QCD_high_top,qcd_bbbb_iht400to600_20000,background,8272.469991016389,13,0.1218327432479229
9,450.0,CAT0_very_high_QCD_high_top,qcd_bbbb_iht600plus_20000,background,469.3756161541656,4,0.0069127260651108205
9,450.0,CAT0_very_high_QCD_high_top,ttbar_200k,background,42933.97696402099,14,0.6323098418912648
9,450.0,CAT1_high_QCD_medium_top,VBF_HH4b_SMnorm,signal,1.9175742677824268,25,0.06403319733809998
9,450.0,CAT1_high_QCD_medium_top,Zbbbb_100k,background,1644.815917458671,19,0.012328232503688679
9,450.0,CAT1_high_QCD_medium_top,ggF_HH4b_SMnorm,signal,28.028990131578944,21,0.9359668026618997
9,450.0,CAT1_high_QCD_medium_top,qcd_bbbb_iht200to400_combined120k,background,54275.846910776585,40,0.4068085996422634
9,450.0,CAT1_high_QCD_medium_top,qcd_bbbb_iht400to600_20000,background,11454.189218330384,18,0.08585149640514056
9,450.0,CAT1_high_QCD_medium_top,qcd_bbbb_iht600plus_20000,background,1642.8146565395791,14,0.012313232642823259
9,450.0,CAT1_high_QCD_medium_top,ttbar_200k,background,64400.96544603148,21,0.48269843880608376
9,450.0,CAT2_nominal_loose_mid,VBF_HH4b_SMnorm,signal,1.5340594142259418,20,0.06702028106086375
9,450.0,CAT2_nominal_loose_mid,Zbbbb_100k,background,2943.3547996628854,34,0.02548205277475199
9,450.0,CAT2_nominal_loose_mid,ggF_HH4b_SMnorm,signal,21.35542105263158,16,0.9329797189391363
9,450.0,CAT2_nominal_loose_mid,qcd_bbbb_iht200to400_combined120k,background,63774.12012016246,47,0.5521235478480139
9,450.0,CAT2_nominal_loose_mid,qcd_bbbb_iht400to600_20000,background,13999.56460018158,22,0.12120103359820414
9,450.0,CAT2_nominal_loose_mid,qcd_bbbb_iht600plus_20000,background,1056.0951363468726,9,0.009143128787135071
9,450.0,CAT2_nominal_loose_mid,ttbar_200k,background,33733.83904315935,11,0.2920502369918945
9,450.0,CAT3_lower_QCD_medium_top,VBF_HH4b_SMnorm,signal,1.5340594142259418,20,0.04570115546868159
9,450.0,CAT3_lower_QCD_medium_top,Zbbbb_100k,background,2510.508505594814,29,0.015956604393316396
9,450.0,CAT3_lower_QCD_medium_top,ggF_HH4b_SMnorm,signal,32.03313157894737,24,0.9542988445313184
9,450.0,CAT3_lower_QCD_medium_top,qcd_bbbb_iht100to200_20000,background,13834.457778574151,1,0.08793077947228227
9,450.0,CAT3_lower_QCD_medium_top,qcd_bbbb_iht200to400_combined120k,background,88198.25123001196,65,0.560581491726988
9,450.0,CAT3_lower_QCD_medium_top,qcd_bbbb_iht400to600_20000,background,20363.003054809575,32,0.12942572521916448
9,450.0,CAT3_lower_QCD_medium_top,qcd_bbbb_iht600plus_20000,background,1760.1585605781204,15,0.011187436233760084
9,450.0,CAT3_lower_QCD_medium_top,ttbar_200k,background,30667.126402872134,10,0.1949179629544887
9,450.0,CAT4_loose_low_purity,VBF_HH4b_SMnorm,signal,0.38351485355648535,5,0.018795857634629067
9,450.0,CAT4_loose_low_purity,Zbbbb_100k,background,2770.216282035657,32,0.021882451489096517
9,450.0,CAT4_loose_low_purity,ggF_HH4b_SMnorm,signal,20.020707236842103,15,0.981204142365371
9,450.0,CAT4_loose_low_purity,qcd_bbbb_iht200to400_combined120k,background,74629.28950231777,55,0.589510580018744
9,450.0,CAT4_loose_low_purity,qcd_bbbb_iht400to600_20000,background,8272.469991016389,13,0.06534577261974696
9,450.0,CAT4_loose_low_purity,qcd_bbbb_iht600plus_20000,background,1056.0951363468726,9,0.008342291083495894
9,450.0,CAT4_loose_low_purity,ttbar_200k,background,39867.26432373378,13,0.3149189047889163
9,4000.0,CAT0_very_high_QCD_high_top,VBF_HH4b_SMnorm,signal,20.454125523012546,30,0.06002053797907685
9,4000.0,CAT0_very_high_QCD_high_top,Zbbbb_100k,background,11542.567841815237,15,0.019124222197824278
9,4000.0,CAT0_very_high_QCD_high_top,ggF_HH4b_SMnorm,signal,320.33131578947365,27,0.9399794620209231
9,4000.0,CAT0_very_high_QCD_high_top,qcd_bbbb_iht200to400_combined120k,background,132674.292448565,11,0.2198204665978771
9,4000.0,CAT0_very_high_QCD_high_top,qcd_bbbb_iht400to600_20000,background,73533.06658681235,13,0.12183274324792291
9,4000.0,CAT0_very_high_QCD_high_top,qcd_bbbb_iht600plus_20000,background,4172.2276991481385,4,0.006912726065110821
9,4000.0,CAT0_very_high_QCD_high_top,ttbar_200k,background,381635.35079129774,14,0.6323098418912649
9,4000.0,CAT1_high_QCD_medium_top,VBF_HH4b_SMnorm,signal,17.04510460251046,25,0.06403319733809996
9,4000.0,CAT1_high_QCD_medium_top,Zbbbb_100k,background,14620.585932965965,19,0.012328232503688679
9,4000.0,CAT1_high_QCD_medium_top,ggF_HH4b_SMnorm,signal,249.1465789473684,21,0.9359668026618996
9,4000.0,CAT1_high_QCD_medium_top,qcd_bbbb_iht200to400_combined120k,background,482451.9725402363,40,0.4068085996422634
9,4000.0,CAT1_high_QCD_medium_top,qcd_bbbb_iht400to600_20000,background,101815.01527404787,18,0.08585149640514057
9,4000.0,CAT1_high_QCD_medium_top,qcd_bbbb_iht600plus_20000,background,14602.79694701848,14,0.012313232642823257
9,4000.0,CAT1_high_QCD_medium_top,ttbar_200k,background,572453.0261869465,21,0.4826984388060838
9,4000.0,CAT2_nominal_loose_mid,VBF_HH4b_SMnorm,signal,13.63608368200837,20,0.06702028106086375
9,4000.0,CAT2_nominal_loose_mid,Zbbbb_100k,background,26163.153774781204,34,0.02548205277475199
9,4000.0,CAT2_nominal_loose_mid,ggF_HH4b_SMnorm,signal,189.8259649122807,16,0.9329797189391362
9,4000.0,CAT2_nominal_loose_mid,qcd_bbbb_iht200to400_combined120k,background,566881.0677347775,47,0.552123547848014
9,4000.0,CAT2_nominal_loose_mid,qcd_bbbb_iht400to600_20000,background,124440.57422383627,22,0.12120103359820414
9,4000.0,CAT2_nominal_loose_mid,qcd_bbbb_iht600plus_20000,background,9387.51232308331,9,0.00914312878713507
9,4000.0,CAT2_nominal_loose_mid,ttbar_200k,background,299856.34705030534,11,0.2920502369918945
9,4000.0,CAT3_lower_QCD_medium_top,VBF_HH4b_SMnorm,signal,13.63608368200837,20,0.04570115546868158
9,4000.0,CAT3_lower_QCD_medium_top,Zbbbb_100k,background,22315.63116084279,29,0.0159566043933164
9,4000.0,CAT3_lower_QCD_medium_top,ggF_HH4b_SMnorm,signal,284.73894736842107,24,0.9542988445313183
9,4000.0,CAT3_lower_QCD_medium_top,qcd_bbbb_iht100to200_20000,background,122972.95803177023,1,0.08793077947228228
9,4000.0,CAT3_lower_QCD_medium_top,qcd_bbbb_iht200to400_combined120k,background,783984.4553778841,65,0.560581491726988
9,4000.0,CAT3_lower_QCD_medium_top,qcd_bbbb_iht400to600_20000,background,181004.4715983073,32,0.12942572521916448
9,4000.0,CAT3_lower_QCD_medium_top,qcd_bbbb_iht600plus_20000,background,15645.853871805515,15,0.011187436233760086
9,4000.0,CAT3_lower_QCD_medium_top,ttbar_200k,background,272596.6791366412,10,0.19491796295448874
9,4000.0,CAT4_loose_low_purity,VBF_HH4b_SMnorm,signal,3.409020920502092,5,0.018795857634629064
9,4000.0,CAT4_loose_low_purity,Zbbbb_100k,background,24624.14472920584,32,0.021882451489096517
9,4000.0,CAT4_loose_low_purity,ggF_HH4b_SMnorm,signal,177.96184210526312,15,0.9812041423653708
9,4000.0,CAT4_loose_low_purity,qcd_bbbb_iht200to400_combined120k,background,663371.4622428246,55,0.5895105800187439
9,4000.0,CAT4_loose_low_purity,qcd_bbbb_iht400to600_20000,background,73533.06658681235,13,0.06534577261974696
9,4000.0,CAT4_loose_low_purity,qcd_bbbb_iht600plus_20000,background,9387.51232308331,9,0.008342291083495894
9,4000.0,CAT4_loose_low_purity,ttbar_200k,background,354375.6828776336,13,0.31491890478891627
10,138.0,CAT0_very_high_QCD_high_top,VBF_HH4b_SMnorm,signal,1.0159909156626508,45,0.08670202280518505
10,138.0,CAT0_very_high_QCD_high_top,Zbbbb_100k,background,429.9933197524528,16,0.016062960544138128
10,138.0,CAT0_very_high_QCD_high_top,ggF_HH4b_SMnorm,signal,10.702200688073395,25,0.9132979771948149
10,138.0,CAT0_very_high_QCD_high_top,qcd_bbbb_iht100to200_20000,background,3879.9544835408533,1,0.14494075354019043
10,138.0,CAT0_very_high_QCD_high_top,qcd_bbbb_iht200to400_combined120k,background,9244.973156018952,22,0.3453580142180836
10,138.0,CAT0_very_high_QCD_high_top,qcd_bbbb_iht400to600_20000,background,1743.0287940937542,9,0.06511311097331281
10,138.0,CAT0_very_high_QCD_high_top,qcd_bbbb_iht600plus_20000,background,277.63398158402634,8,0.01037137901226836
10,138.0,CAT0_very_high_QCD_high_top,ttbar_200k,background,11193.660861665014,11,0.41815378171200684
10,138.0,CAT1_high_QCD_medium_top,VBF_HH4b_SMnorm,signal,0.745060004819277,33,0.10396601371912836
10,138.0,CAT1_high_QCD_medium_top,Zbbbb_100k,background,510.6170672060377,19,0.0111640173386766
10,138.0,CAT1_high_QCD_medium_top,ggF_HH4b_SMnorm,signal,6.421320412844039,15,0.8960339862808717
10,138.0,CAT1_high_QCD_medium_top,qcd_bbbb_iht100to200_20000,background,3879.9544835408533,1,0.08483045693035528
10,138.0,CAT1_high_QCD_medium_top,qcd_bbbb_iht200to400_combined120k,background,19330.398417130535,46,0.42263550702133734
10,138.0,CAT1_high_QCD_medium_top,qcd_bbbb_iht400to600_20000,background,5422.756248291678,28,0.11856192960921329
10,138.0,CAT1_high_QCD_medium_top,qcd_bbbb_iht600plus_20000,background,312.33822928202966,9,0.00682889317882733
10,138.0,CAT1_high_QCD_medium_top,ttbar_200k,background,16281.688526058198,16,0.35597919592158966
10,138.0,CAT2_nominal_loose_mid,VBF_HH4b_SMnorm,signal,0.47412909397590347,21,0.055081322162953375
10,138.0,CAT2_nominal_loose_mid,Zbbbb_100k,background,564.3662321750942,21,0.011616987873675533
10,138.0,CAT2_nominal_loose_mid,ggF_HH4b_SMnorm,signal,8.133672522935782,19,0.9449186778370467
10,138.0,CAT2_nominal_loose_mid,qcd_bbbb_iht100to200_20000,background,7759.908967081707,2,0.15973097473246106
10,138.0,CAT2_nominal_loose_mid,qcd_bbbb_iht200to400_combined120k,background,26054.01525787159,62,0.5362992363039693
10,138.0,CAT2_nominal_loose_mid,qcd_bbbb_iht400to600_20000,background,3679.727454197926,19,0.07574398817076271
10,138.0,CAT2_nominal_loose_mid,qcd_bbbb_iht600plus_20000,background,347.042476980033,10,0.007143567451208822
10,138.0,CAT2_nominal_loose_mid,ttbar_200k,background,10176.055328786375,10,0.20946524546792245
10,138.0,CAT3_lower_QCD_medium_top,VBF_HH4b_SMnorm,signal,0.40639636626506015,18,0.07331105513332783
10,138.0,CAT3_lower_QCD_medium_top,Zbbbb_100k,background,913.7358044739623,34,0.01979127681335966
10,138.0,CAT3_lower_QCD_medium_top,ggF_HH4b_SMnorm,signal,5.137056330275231,12,0.9266889448666721
10,138.0,CAT3_lower_QCD_medium_top,qcd_bbbb_iht100to200_20000,background,3879.9544835408533,1,0.08403879199108381
10,138.0,CAT3_lower_QCD_medium_top,qcd_bbbb_iht200to400_combined120k,background,26894.467362964228,64,0.5825270780920347
10,138.0,CAT3_lower_QCD_medium_top,qcd_bbbb_iht400to600_20000,background,2905.0479901562576,15,0.06292257417052434
10,138.0,CAT3_lower_QCD_medium_top,qcd_bbbb_iht600plus_20000,background,381.74672467803623,11,0.008268533490428312
10,138.0,CAT3_lower_QCD_medium_top,ttbar_200k,background,11193.660861665014,11,0.24245174544256923
10,138.0,CAT4_loose_low_purity,VBF_HH4b_SMnorm,signal,0.20319818313253007,9,0.03522644185755046
10,138.0,CAT4_loose_low_purity,Zbbbb_100k,background,537.491649690566,20,0.013815469131501388
10,138.0,CAT4_loose_low_purity,ggF_HH4b_SMnorm,signal,5.565144357798166,13,0.9647735581424494
10,138.0,CAT4_loose_low_purity,qcd_bbbb_iht200to400_combined120k,background,23112.432890047377,55,0.5940726769060939
10,138.0,CAT4_loose_low_purity,qcd_bbbb_iht400to600_20000,background,3679.727454197926,19,0.09458223413345417
10,138.0,CAT4_loose_low_purity,qcd_bbbb_iht600plus_20000,background,381.74672467803623,11,0.009812264234946567
10,138.0,CAT4_loose_low_purity,ttbar_200k,background,11193.660861665014,11,0.2877173555940037
10,350.0,CAT0_very_high_QCD_high_top,VBF_HH4b_SMnorm,signal,2.5767885542168676,45,0.08670202280518505
10,350.0,CAT0_very_high_QCD_high_top,Zbbbb_100k,background,1090.562767488105,16,0.016062960544138128
10,350.0,CAT0_very_high_QCD_high_top,ggF_HH4b_SMnorm,signal,27.143262614678903,25,0.9132979771948151
10,350.0,CAT0_very_high_QCD_high_top,qcd_bbbb_iht100to200_20000,background,9840.46426984999,1,0.1449407535401904
10,350.0,CAT0_very_high_QCD_high_top,qcd_bbbb_iht200to400_combined120k,background,23447.39568555531,22,0.3453580142180836
10,350.0,CAT0_very_high_QCD_high_top,qcd_bbbb_iht400to600_20000,background,4420.725202411695,9,0.0651131109733128
10,350.0,CAT0_very_high_QCD_high_top,qcd_bbbb_iht600plus_20000,background,704.1441561913713,8,0.01037137901226836
10,350.0,CAT0_very_high_QCD_high_top,ttbar_200k,background,28389.719576686628,11,0.4181537817120068
10,350.0,CAT1_high_QCD_medium_top,VBF_HH4b_SMnorm,signal,1.889644939759036,33,0.10396601371912836
10,350.0,CAT1_high_QCD_medium_top,Zbbbb_100k,background,1295.0432863921246,19,0.011164017338676602
10,350.0,CAT1_high_QCD_medium_top,ggF_HH4b_SMnorm,signal,16.285957568807344,15,0.8960339862808717
10,350.0,CAT1_high_QCD_medium_top,qcd_bbbb_iht100to200_20000,background,9840.46426984999,1,0.08483045693035528
10,350.0,CAT1_high_QCD_medium_top,qcd_bbbb_iht200to400_combined120k,background,49026.372797070195,46,0.42263550702133734
10,350.0,CAT1_high_QCD_medium_top,qcd_bbbb_iht400to600_20000,background,13753.367296391938,28,0.1185619296092133
10,350.0,CAT1_high_QCD_medium_top,qcd_bbbb_iht600plus_20000,background,792.1621757152926,9,0.00682889317882733
10,350.0,CAT1_high_QCD_medium_top,ttbar_200k,background,41294.13756608963,16,0.35597919592158966
10,350.0,CAT2_nominal_loose_mid,VBF_HH4b_SMnorm,signal,1.2025013253012045,21,0.055081322162953375
10,350.0,CAT2_nominal_loose_mid,Zbbbb_100k,background,1431.3636323281376,21,0.011616987873675535
10,350.0,CAT2_nominal_loose_mid,ggF_HH4b_SMnorm,signal,20.628879587155968,19,0.9449186778370467
10,350.0,CAT2_nominal_loose_mid,qcd_bbbb_iht100to200_20000,background,19680.92853969998,2,0.15973097473246106
10,350.0,CAT2_nominal_loose_mid,qcd_bbbb_iht200to400_combined120k,background,66079.02420474679,62,0.5362992363039693
10,350.0,CAT2_nominal_loose_mid,qcd_bbbb_iht400to600_20000,background,9332.642093980246,19,0.0757439881707627
10,350.0,CAT2_nominal_loose_mid,qcd_bbbb_iht600plus_20000,background,880.180195239214,10,0.007143567451208821
10,350.0,CAT2_nominal_loose_mid,ttbar_200k,background,25808.835978806022,10,0.20946524546792245
10,350.0,CAT3_lower_QCD_medium_top,VBF_HH4b_SMnorm,signal,1.030715421686747,18,0.07331105513332785
10,350.0,CAT3_lower_QCD_medium_top,Zbbbb_100k,background,2317.445880912223,34,0.019791276813359657
10,350.0,CAT3_lower_QCD_medium_top,ggF_HH4b_SMnorm,signal,13.028766055045875,12,0.9266889448666721
10,350.0,CAT3_lower_QCD_medium_top,qcd_bbbb_iht100to200_20000,background,9840.46426984999,1,0.08403879199108381
10,350.0,CAT3_lower_QCD_medium_top,qcd_bbbb_iht200to400_combined120k,background,68210.60563070638,64,0.5825270780920349
10,350.0,CAT3_lower_QCD_medium_top,qcd_bbbb_iht400to600_20000,background,7367.875337352827,15,0.06292257417052434
10,350.0,CAT3_lower_QCD_medium_top,qcd_bbbb_iht600plus_20000,background,968.1982147631354,11,0.008268533490428312
10,350.0,CAT3_lower_QCD_medium_top,ttbar_200k,background,28389.719576686628,11,0.2424517454425692
10,350.0,CAT4_loose_low_purity,VBF_HH4b_SMnorm,signal,0.5153577108433735,9,0.035226441857550465
10,350.0,CAT4_loose_low_purity,Zbbbb_100k,background,1363.203459360131,20,0.013815469131501388
10,350.0,CAT4_loose_low_purity,ggF_HH4b_SMnorm,signal,14.11449655963303,13,0.9647735581424495
10,350.0,CAT4_loose_low_purity,qcd_bbbb_iht200to400_combined120k,background,58618.48921388828,55,0.5940726769060938
10,350.0,CAT4_loose_low_purity,qcd_bbbb_iht400to600_20000,background,9332.642093980246,19,0.09458223413345415
10,350.0,CAT4_loose_low_purity,qcd_bbbb_iht600plus_20000,background,968.1982147631354,11,0.009812264234946565
10,350.0,CAT4_loose_low_purity,ttbar_200k,background,28389.719576686628,11,0.28771735559400363
10,450.0,CAT0_very_high_QCD_high_top,VBF_HH4b_SMnorm,signal,3.313013855421687,45,0.08670202280518505
10,450.0,CAT0_very_high_QCD_high_top,Zbbbb_100k,background,1402.1521296275637,16,0.016062960544138128
10,450.0,CAT0_very_high_QCD_high_top,ggF_HH4b_SMnorm,signal,34.89848050458716,25,0.913297977194815
10,450.0,CAT0_very_high_QCD_high_top,qcd_bbbb_iht100to200_20000,background,12652.025489807129,1,0.1449407535401904
10,450.0,CAT0_very_high_QCD_high_top,qcd_bbbb_iht200to400_combined120k,background,30146.651595713975,22,0.3453580142180836
10,450.0,CAT0_very_high_QCD_high_top,qcd_bbbb_iht400to600_20000,background,5683.789545957894,9,0.0651131109733128
10,450.0,CAT0_very_high_QCD_high_top,qcd_bbbb_iht600plus_20000,background,905.3282008174773,8,0.01037137901226836
10,450.0,CAT0_very_high_QCD_high_top,ttbar_200k,background,36501.06802716852,11,0.4181537817120068
10,450.0,CAT1_high_QCD_medium_top,VBF_HH4b_SMnorm,signal,2.4295434939759035,33,0.10396601371912838
10,450.0,CAT1_high_QCD_medium_top,Zbbbb_100k,background,1665.0556539327315,19,0.0111640173386766
10,450.0,CAT1_high_QCD_medium_top,ggF_HH4b_SMnorm,signal,20.9390883027523,15,0.8960339862808718
10,450.0,CAT1_high_QCD_medium_top,qcd_bbbb_iht100to200_20000,background,12652.025489807129,1,0.08483045693035526
10,450.0,CAT1_high_QCD_medium_top,qcd_bbbb_iht200to400_combined120k,background,63033.907881947394,46,0.42263550702133734
10,450.0,CAT1_high_QCD_medium_top,qcd_bbbb_iht400to600_20000,background,17682.900809646777,28,0.11856192960921329
10,450.0,CAT1_high_QCD_medium_top,qcd_bbbb_iht600plus_20000,background,1018.494225919662,9,0.00682889317882733
10,450.0,CAT1_high_QCD_medium_top,ttbar_200k,background,53092.46258497238,16,0.3559791959215896
10,450.0,CAT2_nominal_loose_mid,VBF_HH4b_SMnorm,signal,1.54607313253012,21,0.055081322162953375
10,450.0,CAT2_nominal_loose_mid,Zbbbb_100k,background,1840.3246701361768,21,0.011616987873675535
10,450.0,CAT2_nominal_loose_mid,ggF_HH4b_SMnorm,signal,26.522845183486243,19,0.9449186778370466
10,450.0,CAT2_nominal_loose_mid,qcd_bbbb_iht100to200_20000,background,25304.050979614258,2,0.15973097473246106
10,450.0,CAT2_nominal_loose_mid,qcd_bbbb_iht200to400_combined120k,background,84958.74540610301,62,0.5362992363039694
10,450.0,CAT2_nominal_loose_mid,qcd_bbbb_iht400to600_20000,background,11999.11126368889,19,0.07574398817076272
10,450.0,CAT2_nominal_loose_mid,qcd_bbbb_iht600plus_20000,background,1131.6602510218465,10,0.007143567451208822
10,450.0,CAT2_nominal_loose_mid,ttbar_200k,background,33182.789115607746,10,0.20946524546792247
10,450.0,CAT3_lower_QCD_medium_top,VBF_HH4b_SMnorm,signal,1.3252055421686746,18,0.07331105513332783
10,450.0,CAT3_lower_QCD_medium_top,Zbbbb_100k,background,2979.5732754585724,34,0.019791276813359657
10,450.0,CAT3_lower_QCD_medium_top,ggF_HH4b_SMnorm,signal,16.75127064220184,12,0.926688944866672
10,450.0,CAT3_lower_QCD_medium_top,qcd_bbbb_iht100to200_20000,background,12652.025489807129,1,0.0840387919910838
10,450.0,CAT3_lower_QCD_medium_top,qcd_bbbb_iht200to400_combined120k,background,87699.35009662248,64,0.5825270780920347
10,450.0,CAT3_lower_QCD_medium_top,qcd_bbbb_iht400to600_20000,background,9472.982576596492,15,0.06292257417052434
10,450.0,CAT3_lower_QCD_medium_top,qcd_bbbb_iht600plus_20000,background,1244.8262761240312,11,0.00826853349042831
10,450.0,CAT3_lower_QCD_medium_top,ttbar_200k,background,36501.06802716852,11,0.24245174544256917
10,450.0,CAT4_loose_low_purity,VBF_HH4b_SMnorm,signal,0.6626027710843373,9,0.03522644185755046
10,450.0,CAT4_loose_low_purity,Zbbbb_100k,background,1752.6901620344543,20,0.013815469131501388
10,450.0,CAT4_loose_low_purity,ggF_HH4b_SMnorm,signal,18.147209862385324,13,0.9647735581424494
10,450.0,CAT4_loose_low_purity,qcd_bbbb_iht200to400_combined120k,background,75366.62898928493,55,0.5940726769060938
10,450.0,CAT4_loose_low_purity,qcd_bbbb_iht400to600_20000,background,11999.11126368889,19,0.09458223413345417
10,450.0,CAT4_loose_low_purity,qcd_bbbb_iht600plus_20000,background,1244.8262761240312,11,0.009812264234946565
10,450.0,CAT4_loose_low_purity,ttbar_200k,background,36501.06802716852,11,0.28771735559400363
10,4000.0,CAT0_very_high_QCD_high_top,VBF_HH4b_SMnorm,signal,29.449012048192774,45,0.08670202280518506
10,4000.0,CAT0_very_high_QCD_high_top,Zbbbb_100k,background,12463.574485578343,16,0.016062960544138128
10,4000.0,CAT0_very_high_QCD_high_top,ggF_HH4b_SMnorm,signal,310.2087155963303,25,0.913297977194815
10,4000.0,CAT0_very_high_QCD_high_top,qcd_bbbb_iht100to200_20000,background,112462.4487982856,1,0.1449407535401904
10,4000.0,CAT0_very_high_QCD_high_top,qcd_bbbb_iht200to400_combined120k,background,267970.23640634643,22,0.3453580142180836
10,4000.0,CAT0_very_high_QCD_high_top,qcd_bbbb_iht400to600_20000,background,50522.57374184795,9,0.06511311097331281
10,4000.0,CAT0_very_high_QCD_high_top,qcd_bbbb_iht600plus_20000,background,8047.361785044242,8,0.01037137901226836
10,4000.0,CAT0_very_high_QCD_high_top,ttbar_200k,background,324453.9380192757,11,0.4181537817120068
10,4000.0,CAT1_high_QCD_medium_top,VBF_HH4b_SMnorm,signal,21.595942168674696,33,0.10396601371912836
10,4000.0,CAT1_high_QCD_medium_top,Zbbbb_100k,background,14800.49470162428,19,0.011164017338676602
10,4000.0,CAT1_high_QCD_medium_top,ggF_HH4b_SMnorm,signal,186.12522935779822,15,0.8960339862808717
10,4000.0,CAT1_high_QCD_medium_top,qcd_bbbb_iht100to200_20000,background,112462.4487982856,1,0.08483045693035528
10,4000.0,CAT1_high_QCD_medium_top,qcd_bbbb_iht200to400_combined120k,background,560301.4033950879,46,0.42263550702133734
10,4000.0,CAT1_high_QCD_medium_top,qcd_bbbb_iht400to600_20000,background,157181.34053019359,28,0.11856192960921332
10,4000.0,CAT1_high_QCD_medium_top,qcd_bbbb_iht600plus_20000,background,9053.282008174772,9,0.00682889317882733
10,4000.0,CAT1_high_QCD_medium_top,ttbar_200k,background,471933.00075531006,16,0.35597919592158966
10,4000.0,CAT2_nominal_loose_mid,VBF_HH4b_SMnorm,signal,13.742872289156622,21,0.05508132216295338
10,4000.0,CAT2_nominal_loose_mid,Zbbbb_100k,background,16358.441512321571,21,0.011616987873675535
10,4000.0,CAT2_nominal_loose_mid,ggF_HH4b_SMnorm,signal,235.75862385321105,19,0.9449186778370467
10,4000.0,CAT2_nominal_loose_mid,qcd_bbbb_iht100to200_20000,background,224924.8975965712,2,0.15973097473246106
10,4000.0,CAT2_nominal_loose_mid,qcd_bbbb_iht200to400_combined120k,background,755188.8480542491,62,0.5362992363039694
10,4000.0,CAT2_nominal_loose_mid,qcd_bbbb_iht400to600_20000,background,106658.76678834569,19,0.07574398817076271
10,4000.0,CAT2_nominal_loose_mid,qcd_bbbb_iht600plus_20000,background,10059.202231305302,10,0.007143567451208821
10,4000.0,CAT2_nominal_loose_mid,ttbar_200k,background,294958.12547206884,10,0.20946524546792247
10,4000.0,CAT3_lower_QCD_medium_top,VBF_HH4b_SMnorm,signal,11.779604819277106,18,0.07331105513332783
10,4000.0,CAT3_lower_QCD_medium_top,Zbbbb_100k,background,26485.09578185398,34,0.019791276813359657
10,4000.0,CAT3_lower_QCD_medium_top,ggF_HH4b_SMnorm,signal,148.90018348623855,12,0.9266889448666719
10,4000.0,CAT3_lower_QCD_medium_top,qcd_bbbb_iht100to200_20000,background,112462.4487982856,1,0.0840387919910838
10,4000.0,CAT3_lower_QCD_medium_top,qcd_bbbb_iht200to400_combined120k,background,779549.7786366444,64,0.5825270780920347
10,4000.0,CAT3_lower_QCD_medium_top,qcd_bbbb_iht400to600_20000,background,84204.2895697466,15,0.06292257417052434
10,4000.0,CAT3_lower_QCD_medium_top,qcd_bbbb_iht600plus_20000,background,11065.122454435832,11,0.00826853349042831
10,4000.0,CAT3_lower_QCD_medium_top,ttbar_200k,background,324453.9380192757,11,0.24245174544256917
10,4000.0,CAT4_loose_low_purity,VBF_HH4b_SMnorm,signal,5.889802409638553,9,0.03522644185755046
10,4000.0,CAT4_loose_low_purity,Zbbbb_100k,background,15579.468106972927,20,0.013815469131501388
10,4000.0,CAT4_loose_low_purity,ggF_HH4b_SMnorm,signal,161.3085321100918,13,0.9647735581424496
10,4000.0,CAT4_loose_low_purity,qcd_bbbb_iht200to400_combined120k,background,669925.591015866,55,0.5940726769060938
10,4000.0,CAT4_loose_low_purity,qcd_bbbb_iht400to600_20000,background,106658.76678834569,19,0.09458223413345417
10,4000.0,CAT4_loose_low_purity,qcd_bbbb_iht600plus_20000,background,11065.122454435832,11,0.009812264234946565
10,4000.0,CAT4_loose_low_purity,ttbar_200k,background,324453.9380192757,11,0.28771735559400363
11,138.0,CAT0_very_high_QCD_high_top,VBF_HH4b_SMnorm,signal,0.6998111701244812,30,0.05521231531477577
11,138.0,CAT0_very_high_QCD_high_top,Zbbbb_100k,background,218.4007736576,8,0.012406317189829978
11,138.0,CAT0_very_high_QCD_high_top,ggF_HH4b_SMnorm,signal,11.975099601769914,29,0.9447876846852243
11,138.0,CAT0_very_high_QCD_high_top,qcd_bbbb_iht200to400_combined120k,background,4481.740322298616,11,0.2545865157421918
11,138.0,CAT0_very_high_QCD_high_top,qcd_bbbb_iht400to600_20000,background,2216.253589605933,11,0.12589490662179106
11,138.0,CAT0_very_high_QCD_high_top,qcd_bbbb_iht600plus_20000,background,350.0225450883705,10,0.01988312882428646
11,138.0,CAT0_very_high_QCD_high_top,ttbar_200k,background,10337.580016544887,10,0.5872291316219005
11,138.0,CAT1_high_QCD_medium_top,VBF_HH4b_SMnorm,signal,0.4665407800829875,20,0.04682248177039998
11,138.0,CAT1_high_QCD_medium_top,Zbbbb_100k,background,709.8025143872001,26,0.014679680075248454
11,138.0,CAT1_high_QCD_medium_top,ggF_HH4b_SMnorm,signal,9.497492787610618,23,0.9531775182295995
11,138.0,CAT1_high_QCD_medium_top,qcd_bbbb_iht100to200_20000,background,4407.326937614367,1,0.0911495072499987
11,138.0,CAT1_high_QCD_medium_top,qcd_bbbb_iht200to400_combined120k,background,17112.0994124129,42,0.3539014580794197
11,138.0,CAT1_high_QCD_medium_top,qcd_bbbb_iht400to600_20000,background,4029.551981101697,20,0.08333660804262602
11,138.0,CAT1_high_QCD_medium_top,qcd_bbbb_iht600plus_20000,background,385.0247995972076,11,0.007962835809342381
11,138.0,CAT1_high_QCD_medium_top,ttbar_200k,background,21708.918034744263,21,0.44896991074336484
11,138.0,CAT2_nominal_loose_mid,VBF_HH4b_SMnorm,signal,0.5365218970954356,23,0.07971455220401708
11,138.0,CAT2_nominal_loose_mid,Zbbbb_100k,background,655.2023209728001,24,0.01765702100406148
11,138.0,CAT2_nominal_loose_mid,ggF_HH4b_SMnorm,signal,6.194017035398229,15,0.9202854477959829
11,138.0,CAT2_nominal_loose_mid,qcd_bbbb_iht100to200_20000,background,4407.326937614367,1,0.11877287643560325
11,138.0,CAT2_nominal_loose_mid,qcd_bbbb_iht200to400_combined120k,background,23223.563488274656,57,0.6258508786916278
11,138.0,CAT2_nominal_loose_mid,qcd_bbbb_iht400to600_20000,background,4231.029580156782,21,0.11402184603789751
11,138.0,CAT2_nominal_loose_mid,qcd_bbbb_iht600plus_20000,background,455.02930861488176,13,0.012262566542419317
11,138.0,CAT2_nominal_loose_mid,ttbar_200k,background,4135.032006617955,4,0.11143481128839092
11,138.0,CAT3_lower_QCD_medium_top,VBF_HH4b_SMnorm,signal,0.5131948580912862,22,0.06139465749129718
11,138.0,CAT3_lower_QCD_medium_top,Zbbbb_100k,background,600.6021275584001,22,0.016884408518997664
11,138.0,CAT3_lower_QCD_medium_top,ggF_HH4b_SMnorm,signal,7.845754911504423,19,0.9386053425087026
11,138.0,CAT3_lower_QCD_medium_top,qcd_bbbb_iht100to200_20000,background,4407.326937614367,1,0.12390084063468138
11,138.0,CAT3_lower_QCD_medium_top,qcd_bbbb_iht200to400_combined120k,background,21593.839734711528,53,0.6070561439014907
11,138.0,CAT3_lower_QCD_medium_top,qcd_bbbb_iht400to600_20000,background,4029.551981101697,20,0.11328065398976098
11,138.0,CAT3_lower_QCD_medium_top,qcd_bbbb_iht600plus_20000,background,805.0518537032518,23,0.022631995048303148
11,138.0,CAT3_lower_QCD_medium_top,ttbar_200k,background,4135.032006617955,4,0.11624595790676653
11,138.0,CAT4_loose_low_purity,VBF_HH4b_SMnorm,signal,0.2565974290456432,11,0.07207644786531289
11,138.0,CAT4_loose_low_purity,Zbbbb_100k,background,546.0019341440001,20,0.025116162690910358
11,138.0,CAT4_loose_low_purity,ggF_HH4b_SMnorm,signal,3.3034757522123894,8,0.9279235521346871
11,138.0,CAT4_loose_low_purity,qcd_bbbb_iht200to400_combined120k,background,10593.204398160367,26,0.4872888325924745
11,138.0,CAT4_loose_low_purity,qcd_bbbb_iht400to600_20000,background,2014.7759905508485,10,0.09267996759709145
11,138.0,CAT4_loose_low_purity,qcd_bbbb_iht600plus_20000,background,315.0202905795335,9,0.014490975900181917
11,138.0,CAT4_loose_low_purity,ttbar_200k,background,8270.06401323591,8,0.38042406121934186
11,350.0,CAT0_very_high_QCD_high_top,VBF_HH4b_SMnorm,signal,1.7748834024896263,30,0.05521231531477576
11,350.0,CAT0_very_high_QCD_high_top,Zbbbb_100k,background,553.9150056533334,8,0.01240631718982998
11,350.0,CAT0_very_high_QCD_high_top,ggF_HH4b_SMnorm,signal,30.371629424778767,29,0.9447876846852242
11,350.0,CAT0_very_high_QCD_high_top,qcd_bbbb_iht200to400_combined120k,background,11366.732701481998,11,0.2545865157421919
11,350.0,CAT0_very_high_QCD_high_top,qcd_bbbb_iht400to600_20000,background,5620.9330171164975,11,0.1258949066217911
11,350.0,CAT0_very_high_QCD_high_top,qcd_bbbb_iht600plus_20000,background,887.738338992244,10,0.019883128824286462
11,350.0,CAT0_very_high_QCD_high_top,ttbar_200k,background,26218.500041961674,10,0.5872291316219006
11,350.0,CAT1_high_QCD_medium_top,VBF_HH4b_SMnorm,signal,1.1832556016597509,20,0.04682248177039998
11,350.0,CAT1_high_QCD_medium_top,Zbbbb_100k,background,1800.2237683733335,26,0.014679680075248454
11,350.0,CAT1_high_QCD_medium_top,ggF_HH4b_SMnorm,signal,24.08784402654867,23,0.9531775182295997
11,350.0,CAT1_high_QCD_medium_top,qcd_bbbb_iht100to200_20000,background,11178.003102645134,1,0.0911495072499987
11,350.0,CAT1_high_QCD_medium_top,qcd_bbbb_iht200to400_combined120k,background,43400.25213293127,42,0.35390145807941975
11,350.0,CAT1_high_QCD_medium_top,qcd_bbbb_iht400to600_20000,background,10219.878212939087,20,0.08333660804262603
11,350.0,CAT1_high_QCD_medium_top,qcd_bbbb_iht600plus_20000,background,976.5121728914686,11,0.007962835809342381
11,350.0,CAT1_high_QCD_medium_top,ttbar_200k,background,55058.85008811951,21,0.44896991074336484
11,350.0,CAT2_nominal_loose_mid,VBF_HH4b_SMnorm,signal,1.3607439419087135,23,0.07971455220401708
11,350.0,CAT2_nominal_loose_mid,Zbbbb_100k,background,1661.7450169600002,24,0.017657021004061482
11,350.0,CAT2_nominal_loose_mid,ggF_HH4b_SMnorm,signal,15.709463495575218,15,0.9202854477959828
11,350.0,CAT2_nominal_loose_mid,qcd_bbbb_iht100to200_20000,background,11178.003102645134,1,0.11877287643560326
11,350.0,CAT2_nominal_loose_mid,qcd_bbbb_iht200to400_combined120k,background,58900.34218040673,57,0.6258508786916278
11,350.0,CAT2_nominal_loose_mid,qcd_bbbb_iht400to600_20000,background,10730.872123586041,21,0.11402184603789753
11,350.0,CAT2_nominal_loose_mid,qcd_bbbb_iht600plus_20000,background,1154.0598406899176,13,0.012262566542419319
11,350.0,CAT2_nominal_loose_mid,ttbar_200k,background,10487.400016784668,4,0.11143481128839093
11,350.0,CAT3_lower_QCD_medium_top,VBF_HH4b_SMnorm,signal,1.3015811618257258,22,0.06139465749129719
11,350.0,CAT3_lower_QCD_medium_top,Zbbbb_100k,background,1523.266265546667,22,0.016884408518997664
11,350.0,CAT3_lower_QCD_medium_top,ggF_HH4b_SMnorm,signal,19.898653761061944,19,0.9386053425087028
11,350.0,CAT3_lower_QCD_medium_top,qcd_bbbb_iht100to200_20000,background,11178.003102645134,1,0.12390084063468139
11,350.0,CAT3_lower_QCD_medium_top,qcd_bbbb_iht200to400_combined120k,background,54766.98483441329,53,0.6070561439014907
11,350.0,CAT3_lower_QCD_medium_top,qcd_bbbb_iht400to600_20000,background,10219.878212939087,20,0.11328065398976099
11,350.0,CAT3_lower_QCD_medium_top,qcd_bbbb_iht600plus_20000,background,2041.7981796821605,23,0.022631995048303148
11,350.0,CAT3_lower_QCD_medium_top,ttbar_200k,background,10487.400016784668,4,0.11624595790676653
11,350.0,CAT4_loose_low_purity,VBF_HH4b_SMnorm,signal,0.6507905809128631,11,0.07207644786531289
11,350.0,CAT4_loose_low_purity,Zbbbb_100k,background,1384.7875141333336,20,0.025116162690910358
11,350.0,CAT4_loose_low_purity,ggF_HH4b_SMnorm,signal,8.378380530973452,8,0.9279235521346872
11,350.0,CAT4_loose_low_purity,qcd_bbbb_iht200to400_combined120k,background,26866.822748957453,26,0.48728883259247446
11,350.0,CAT4_loose_low_purity,qcd_bbbb_iht400to600_20000,background,5109.939106469544,10,0.09267996759709145
11,350.0,CAT4_loose_low_purity,qcd_bbbb_iht600plus_20000,background,798.9645050930196,9,0.014490975900181915
11,350.0,CAT4_loose_low_purity,ttbar_200k,background,20974.800033569336,8,0.38042406121934186
11,450.0,CAT0_very_high_QCD_high_top,VBF_HH4b_SMnorm,signal,2.281992946058091,30,0.05521231531477577
11,450.0,CAT0_very_high_QCD_high_top,Zbbbb_100k,background,712.1764358400001,8,0.012406317189829978
11,450.0,CAT0_very_high_QCD_high_top,ggF_HH4b_SMnorm,signal,39.04923783185841,29,0.9447876846852242
11,450.0,CAT0_very_high_QCD_high_top,qcd_bbbb_iht200to400_combined120k,background,14614.37061619114,11,0.2545865157421919
11,450.0,CAT0_very_high_QCD_high_top,qcd_bbbb_iht400to600_20000,background,7226.913879149783,11,0.1258949066217911
11,450.0,CAT0_very_high_QCD_high_top,qcd_bbbb_iht600plus_20000,background,1141.3778644185995,10,0.019883128824286462
11,450.0,CAT0_very_high_QCD_high_top,ttbar_200k,background,33709.500053950724,10,0.5872291316219006
11,450.0,CAT1_high_QCD_medium_top,VBF_HH4b_SMnorm,signal,1.521328630705394,20,0.04682248177039998
11,450.0,CAT1_high_QCD_medium_top,Zbbbb_100k,background,2314.5734164800006,26,0.014679680075248456
11,450.0,CAT1_high_QCD_medium_top,ggF_HH4b_SMnorm,signal,30.970085176991148,23,0.9531775182295997
11,450.0,CAT1_high_QCD_medium_top,qcd_bbbb_iht100to200_20000,background,14371.718274829458,1,0.09114950724999872
11,450.0,CAT1_high_QCD_medium_top,qcd_bbbb_iht200to400_combined120k,background,55800.324170911634,42,0.35390145807941975
11,450.0,CAT1_high_QCD_medium_top,qcd_bbbb_iht400to600_20000,background,13139.84341663597,20,0.08333660804262603
11,450.0,CAT1_high_QCD_medium_top,qcd_bbbb_iht600plus_20000,background,1255.5156508604596,11,0.007962835809342381
11,450.0,CAT1_high_QCD_medium_top,ttbar_200k,background,70789.95011329651,21,0.44896991074336484
11,450.0,CAT2_nominal_loose_mid,VBF_HH4b_SMnorm,signal,1.749527925311203,23,0.07971455220401708
11,450.0,CAT2_nominal_loose_mid,Zbbbb_100k,background,2136.52930752,24,0.017657021004061482
11,450.0,CAT2_nominal_loose_mid,ggF_HH4b_SMnorm,signal,20.197881637168138,15,0.9202854477959828
11,450.0,CAT2_nominal_loose_mid,qcd_bbbb_iht100to200_20000,background,14371.718274829458,1,0.11877287643560325
11,450.0,CAT2_nominal_loose_mid,qcd_bbbb_iht200to400_combined120k,background,75729.01137480866,57,0.6258508786916278
11,450.0,CAT2_nominal_loose_mid,qcd_bbbb_iht400to600_20000,background,13796.835587467767,21,0.11402184603789753
11,450.0,CAT2_nominal_loose_mid,qcd_bbbb_iht600plus_20000,background,1483.7912237441797,13,0.012262566542419319
11,450.0,CAT2_nominal_loose_mid,ttbar_200k,background,13483.800021580288,4,0.11143481128839093
11,450.0,CAT3_lower_QCD_medium_top,VBF_HH4b_SMnorm,signal,1.6734614937759333,22,0.06139465749129719
11,450.0,CAT3_lower_QCD_medium_top,Zbbbb_100k,background,1958.4851985600003,22,0.016884408518997664
11,450.0,CAT3_lower_QCD_medium_top,ggF_HH4b_SMnorm,signal,25.583983407079643,19,0.9386053425087028
11,450.0,CAT3_lower_QCD_medium_top,qcd_bbbb_iht100to200_20000,background,14371.718274829458,1,0.12390084063468138
11,450.0,CAT3_lower_QCD_medium_top,qcd_bbbb_iht200to400_combined120k,background,70414.69478710281,53,0.6070561439014907
11,450.0,CAT3_lower_QCD_medium_top,qcd_bbbb_iht400to600_20000,background,13139.84341663597,20,0.11328065398976098
11,450.0,CAT3_lower_QCD_medium_top,qcd_bbbb_iht600plus_20000,background,2625.169088162778,23,0.022631995048303148
11,450.0,CAT3_lower_QCD_medium_top,ttbar_200k,background,13483.800021580288,4,0.11624595790676653
11,450.0,CAT4_loose_low_purity,VBF_HH4b_SMnorm,signal,0.8367307468879669,11,0.07207644786531289
11,450.0,CAT4_loose_low_purity,Zbbbb_100k,background,1780.4410896000004,20,0.02511616269091036
11,450.0,CAT4_loose_low_purity,ggF_HH4b_SMnorm,signal,10.772203539823009,8,0.9279235521346872
11,450.0,CAT4_loose_low_purity,qcd_bbbb_iht200to400_combined120k,background,34543.05782008815,26,0.48728883259247446
11,450.0,CAT4_loose_low_purity,qcd_bbbb_iht400to600_20000,background,6569.921708317985,10,0.09267996759709146
11,450.0,CAT4_loose_low_purity,qcd_bbbb_iht600plus_20000,background,1027.2400779767395,9,0.014490975900181915
11,450.0,CAT4_loose_low_purity,ttbar_200k,background,26967.600043160575,8,0.3804240612193419
11,4000.0,CAT0_very_high_QCD_high_top,VBF_HH4b_SMnorm,signal,20.284381742738585,30,0.05521231531477576
11,4000.0,CAT0_very_high_QCD_high_top,Zbbbb_100k,background,6330.457207466668,8,0.012406317189829978
11,4000.0,CAT0_very_high_QCD_high_top,ggF_HH4b_SMnorm,signal,347.1043362831859,29,0.9447876846852241
11,4000.0,CAT0_very_high_QCD_high_top,qcd_bbbb_iht200to400_combined120k,background,129905.51658836569,11,0.2545865157421919
11,4000.0,CAT0_very_high_QCD_high_top,qcd_bbbb_iht400to600_20000,background,64239.2344813314,11,0.12589490662179106
11,4000.0,CAT0_very_high_QCD_high_top,qcd_bbbb_iht600plus_20000,background,10145.581017054219,10,0.019883128824286462
11,4000.0,CAT0_very_high_QCD_high_top,ttbar_200k,background,299640.000479562,10,0.5872291316219006
11,4000.0,CAT1_high_QCD_medium_top,VBF_HH4b_SMnorm,signal,13.522921161825725,20,0.04682248177039998
11,4000.0,CAT1_high_QCD_medium_top,Zbbbb_100k,background,20573.985924266668,26,0.014679680075248454
11,4000.0,CAT1_high_QCD_medium_top,ggF_HH4b_SMnorm,signal,275.2896460176991,23,0.9531775182295997
11,4000.0,CAT1_high_QCD_medium_top,qcd_bbbb_iht100to200_20000,background,127748.60688737297,1,0.09114950724999872
11,4000.0,CAT1_high_QCD_medium_top,qcd_bbbb_iht200to400_combined120k,background,496002.8815192145,42,0.35390145807941975
11,4000.0,CAT1_high_QCD_medium_top,qcd_bbbb_iht400to600_20000,background,116798.60814787527,20,0.08333660804262603
11,4000.0,CAT1_high_QCD_medium_top,qcd_bbbb_iht600plus_20000,background,11160.13911875964,11,0.007962835809342381
11,4000.0,CAT1_high_QCD_medium_top,ttbar_200k,background,629244.0010070801,21,0.4489699107433649
11,4000.0,CAT2_nominal_loose_mid,VBF_HH4b_SMnorm,signal,15.551359336099583,23,0.07971455220401708
11,4000.0,CAT2_nominal_loose_mid,Zbbbb_100k,background,18991.3716224,24,0.017657021004061482
11,4000.0,CAT2_nominal_loose_mid,ggF_HH4b_SMnorm,signal,179.53672566371677,15,0.9202854477959828
11,4000.0,CAT2_nominal_loose_mid,qcd_bbbb_iht100to200_20000,background,127748.60688737297,1,0.11877287643560326
11,4000.0,CAT2_nominal_loose_mid,qcd_bbbb_iht200to400_combined120k,background,673146.7677760769,57,0.6258508786916278
11,4000.0,CAT2_nominal_loose_mid,qcd_bbbb_iht400to600_20000,background,122638.53855526904,21,0.11402184603789753
11,4000.0,CAT2_nominal_loose_mid,qcd_bbbb_iht600plus_20000,background,13189.255322170486,13,0.012262566542419319
11,4000.0,CAT2_nominal_loose_mid,ttbar_200k,background,119856.00019182479,4,0.11143481128839094
11,4000.0,CAT3_lower_QCD_medium_top,VBF_HH4b_SMnorm,signal,14.875213278008296,22,0.06139465749129719
11,4000.0,CAT3_lower_QCD_medium_top,Zbbbb_100k,background,17408.757320533336,22,0.016884408518997664
11,4000.0,CAT3_lower_QCD_medium_top,ggF_HH4b_SMnorm,signal,227.41318584070794,19,0.9386053425087028
11,4000.0,CAT3_lower_QCD_medium_top,qcd_bbbb_iht100to200_20000,background,127748.60688737297,1,0.12390084063468139
11,4000.0,CAT3_lower_QCD_medium_top,qcd_bbbb_iht200to400_combined120k,background,625908.3981075805,53,0.6070561439014907
11,4000.0,CAT3_lower_QCD_medium_top,qcd_bbbb_iht400to600_20000,background,116798.60814787527,20,0.11328065398976098
11,4000.0,CAT3_lower_QCD_medium_top,qcd_bbbb_iht600plus_20000,background,23334.83633922469,23,0.022631995048303148
11,4000.0,CAT3_lower_QCD_medium_top,ttbar_200k,background,119856.00019182479,4,0.11624595790676655
11,4000.0,CAT4_loose_low_purity,VBF_HH4b_SMnorm,signal,7.437606639004151,11,0.07207644786531289
11,4000.0,CAT4_loose_low_purity,Zbbbb_100k,background,15826.14301866667,20,0.025116162690910358
11,4000.0,CAT4_loose_low_purity,ggF_HH4b_SMnorm,signal,95.7529203539823,8,0.9279235521346871
11,4000.0,CAT4_loose_low_purity,qcd_bbbb_iht200to400_combined120k,background,307049.40284522803,26,0.48728883259247446
11,4000.0,CAT4_loose_low_purity,qcd_bbbb_iht400to600_20000,background,58399.30407393764,10,0.09267996759709143
11,4000.0,CAT4_loose_low_purity,qcd_bbbb_iht600plus_20000,background,9131.022915348796,9,0.014490975900181915
11,4000.0,CAT4_loose_low_purity,ttbar_200k,background,239712.00038364957,8,0.38042406121934186
12,138.0,CAT0_very_high_QCD_high_top,VBF_HH4b_SMnorm,signal,0.7967928755905511,36,0.06098855245125083
12,138.0,CAT0_very_high_QCD_high_top,Zbbbb_100k,background,405.7817842523534,15,0.01790825387643648
12,138.0,CAT0_very_high_QCD_high_top,ggF_HH4b_SMnorm,signal,12.267837183098596,28,0.9390114475487493
12,138.0,CAT0_very_high_QCD_high_top,qcd_bbbb_iht200to400_combined120k,background,5727.546843293589,14,0.25277222127619214
12,138.0,CAT0_very_high_QCD_high_top,qcd_bbbb_iht400to600_20000,background,2391.8605241909104,12,0.1055593108575791
12,138.0,CAT0_very_high_QCD_high_top,qcd_bbbb_iht600plus_20000,background,213.513752503906,6,0.009422942661153717
12,138.0,CAT0_very_high_QCD_high_top,ttbar_200k,background,13920.222251286401,14,0.6143372713286385
12,138.0,CAT1_high_QCD_medium_top,VBF_HH4b_SMnorm,signal,0.6197277921259843,28,0.06310484427888123
12,138.0,CAT1_high_QCD_medium_top,Zbbbb_100k,background,649.2508548037656,24,0.022915675779423876
12,138.0,CAT1_high_QCD_medium_top,ggF_HH4b_SMnorm,signal,9.200877887323944,21,0.9368951557211188
12,138.0,CAT1_high_QCD_medium_top,qcd_bbbb_iht200to400_combined120k,background,13091.535641813918,32,0.4620731478486143
12,138.0,CAT1_high_QCD_medium_top,qcd_bbbb_iht400to600_20000,background,4185.755917334093,21,0.14773862026323314
12,138.0,CAT1_high_QCD_medium_top,qcd_bbbb_iht600plus_20000,background,462.61313042512967,13,0.01632819183785404
12,138.0,CAT1_high_QCD_medium_top,ttbar_200k,background,9943.015893775999,10,0.3509443642708744
12,138.0,CAT2_nominal_loose_mid,VBF_HH4b_SMnorm,signal,0.6197277921259843,28,0.07681251544431618
12,138.0,CAT2_nominal_loose_mid,Zbbbb_100k,background,568.0944979532949,21,0.01896195038951881
12,138.0,CAT2_nominal_loose_mid,ggF_HH4b_SMnorm,signal,7.44832971830986,17,0.923187484555684
12,138.0,CAT2_nominal_loose_mid,qcd_bbbb_iht200to400_combined120k,background,21273.74541794762,52,0.710078528603423
12,138.0,CAT2_nominal_loose_mid,qcd_bbbb_iht400to600_20000,background,2790.503944889396,14,0.09314189374370506
12,138.0,CAT2_nominal_loose_mid,qcd_bbbb_iht600plus_20000,background,355.8562541731767,10,0.011877827829247043
12,138.0,CAT2_nominal_loose_mid,ttbar_200k,background,4971.507946887999,5,0.16593979943410578
12,138.0,CAT3_lower_QCD_medium_top,VBF_HH4b_SMnorm,signal,0.2877307606299212,13,0.07586181841289862
12,138.0,CAT3_lower_QCD_medium_top,Zbbbb_100k,background,730.4072116542363,27,0.01543694710461259
12,138.0,CAT3_lower_QCD_medium_top,ggF_HH4b_SMnorm,signal,3.5050963380281694,8,0.9241381815871013
12,138.0,CAT3_lower_QCD_medium_top,qcd_bbbb_iht100to200_20000,background,4364.94879398346,1,0.0922519418920559
12,138.0,CAT3_lower_QCD_medium_top,qcd_bbbb_iht200to400_combined120k,background,29455.955194081314,72,0.6225431717973295
12,138.0,CAT3_lower_QCD_medium_top,qcd_bbbb_iht400to600_20000,background,3388.4690759371233,17,0.07161432288214935
12,138.0,CAT3_lower_QCD_medium_top,qcd_bbbb_iht600plus_20000,background,427.027505007812,12,0.009025103944538865
12,138.0,CAT3_lower_QCD_medium_top,ttbar_200k,background,8948.7143043984,9,0.18912851237931358
12,138.0,CAT4_loose_low_purity,VBF_HH4b_SMnorm,signal,0.35413016692913385,16,0.054581921331334785
12,138.0,CAT4_loose_low_purity,Zbbbb_100k,background,541.042379003138,20,0.015224008937876909
12,138.0,CAT4_loose_low_purity,ggF_HH4b_SMnorm,signal,6.133918591549295,14,0.9454180786686655
12,138.0,CAT4_loose_low_purity,qcd_bbbb_iht100to200_20000,background,4364.94879398346,1,0.12282220770841652
12,138.0,CAT4_loose_low_purity,qcd_bbbb_iht200to400_combined120k,background,17182.640529880766,42,0.4834901722212663
12,138.0,CAT4_loose_low_purity,qcd_bbbb_iht400to600_20000,background,2192.538813841668,11,0.06169429936351435
12,138.0,CAT4_loose_low_purity,qcd_bbbb_iht600plus_20000,background,320.270628755859,9,0.00901186876285411
12,138.0,CAT4_loose_low_purity,ttbar_200k,background,10937.3174831536,11,0.3077574430060719
12,350.0,CAT0_very_high_QCD_high_top,VBF_HH4b_SMnorm,signal,2.020851496062992,36,0.06098855245125083
12,350.0,CAT0_very_high_QCD_high_top,Zbbbb_100k,background,1029.1566991907514,15,0.017908253876436485
12,350.0,CAT0_very_high_QCD_high_top,ggF_HH4b_SMnorm,signal,31.114079812206583,28,0.9390114475487493
12,350.0,CAT0_very_high_QCD_high_top,qcd_bbbb_iht200to400_combined120k,background,14526.386921396783,14,0.2527722212761922
12,350.0,CAT0_very_high_QCD_high_top,qcd_bbbb_iht400to600_20000,background,6066.312923672599,12,0.10555931085757911
12,350.0,CAT0_very_high_QCD_high_top,qcd_bbbb_iht600plus_20000,background,541.5203867852689,6,0.009422942661153719
12,350.0,CAT0_very_high_QCD_high_top,ttbar_200k,background,35304.9115068858,14,0.6143372713286386
12,350.0,CAT1_high_QCD_medium_top,VBF_HH4b_SMnorm,signal,1.5717733858267715,28,0.06310484427888122
12,350.0,CAT1_high_QCD_medium_top,Zbbbb_100k,background,1646.6507187052027,24,0.02291567577942388
12,350.0,CAT1_high_QCD_medium_top,ggF_HH4b_SMnorm,signal,23.335559859154934,21,0.9368951557211188
12,350.0,CAT1_high_QCD_medium_top,qcd_bbbb_iht200to400_combined120k,background,33203.17010604979,32,0.46207314784861425
12,350.0,CAT1_high_QCD_medium_top,qcd_bbbb_iht400to600_20000,background,10616.04761642705,21,0.14773862026323317
12,350.0,CAT1_high_QCD_medium_top,qcd_bbbb_iht600plus_20000,background,1173.2941713680825,13,0.01632819183785404
12,350.0,CAT1_high_QCD_medium_top,ttbar_200k,background,25217.793933489855,10,0.35094436427087444
12,350.0,CAT2_nominal_loose_mid,VBF_HH4b_SMnorm,signal,1.5717733858267715,28,0.07681251544431617
12,350.0,CAT2_nominal_loose_mid,Zbbbb_100k,background,1440.8193788670521,21,0.01896195038951881
12,350.0,CAT2_nominal_loose_mid,ggF_HH4b_SMnorm,signal,18.89069131455399,17,0.9231874845556839
12,350.0,CAT2_nominal_loose_mid,qcd_bbbb_iht200to400_combined120k,background,53955.15142233092,52,0.710078528603423
12,350.0,CAT2_nominal_loose_mid,qcd_bbbb_iht400to600_20000,background,7077.365077618033,14,0.09314189374370507
12,350.0,CAT2_nominal_loose_mid,qcd_bbbb_iht600plus_20000,background,902.5339779754481,10,0.011877827829247045
12,350.0,CAT2_nominal_loose_mid,ttbar_200k,background,12608.896966744927,5,0.1659397994341058
12,350.0,CAT3_lower_QCD_medium_top,VBF_HH4b_SMnorm,signal,0.7297519291338581,13,0.07586181841289862
12,350.0,CAT3_lower_QCD_medium_top,Zbbbb_100k,background,1852.482058543353,27,0.01543694710461259
12,350.0,CAT3_lower_QCD_medium_top,ggF_HH4b_SMnorm,signal,8.889737089201878,8,0.9241381815871011
12,350.0,CAT3_lower_QCD_medium_top,qcd_bbbb_iht100to200_20000,background,11070.52230358124,1,0.0922519418920559
12,350.0,CAT3_lower_QCD_medium_top,qcd_bbbb_iht200to400_combined120k,background,74707.13273861202,72,0.6225431717973295
12,350.0,CAT3_lower_QCD_medium_top,qcd_bbbb_iht400to600_20000,background,8593.943308536182,17,0.07161432288214933
12,350.0,CAT3_lower_QCD_medium_top,qcd_bbbb_iht600plus_20000,background,1083.0407735705378,12,0.009025103944538865
12,350.0,CAT3_lower_QCD_medium_top,ttbar_200k,background,22696.014540140866,9,0.18912851237931355
12,350.0,CAT4_loose_low_purity,VBF_HH4b_SMnorm,signal,0.8981562204724408,16,0.05458192133133478
12,350.0,CAT4_loose_low_purity,Zbbbb_100k,background,1372.2089322543354,20,0.01522400893787691
12,350.0,CAT4_loose_low_purity,ggF_HH4b_SMnorm,signal,15.557039906103284,14,0.9454180786686655
12,350.0,CAT4_loose_low_purity,qcd_bbbb_iht100to200_20000,background,11070.52230358124,1,0.12282220770841655
12,350.0,CAT4_loose_low_purity,qcd_bbbb_iht200to400_combined120k,background,43579.16076419035,42,0.48349017222126633
12,350.0,CAT4_loose_low_purity,qcd_bbbb_iht400to600_20000,background,5560.7868466998825,11,0.061694299363514365
12,350.0,CAT4_loose_low_purity,qcd_bbbb_iht600plus_20000,background,812.2805801779033,9,0.009011868762854114
12,350.0,CAT4_loose_low_purity,ttbar_200k,background,27739.57332683884,11,0.3077574430060719
12,450.0,CAT0_very_high_QCD_high_top,VBF_HH4b_SMnorm,signal,2.5982376377952754,36,0.06098855245125083
12,450.0,CAT0_very_high_QCD_high_top,Zbbbb_100k,background,1323.201470388109,15,0.017908253876436485
12,450.0,CAT0_very_high_QCD_high_top,ggF_HH4b_SMnorm,signal,40.00381690140846,28,0.9390114475487492
12,450.0,CAT0_very_high_QCD_high_top,qcd_bbbb_iht200to400_combined120k,background,18676.783184653006,14,0.2527722212761922
12,450.0,CAT0_very_high_QCD_high_top,qcd_bbbb_iht400to600_20000,background,7799.545187579056,12,0.10555931085757911
12,450.0,CAT0_very_high_QCD_high_top,qcd_bbbb_iht600plus_20000,background,696.2404972953457,6,0.009422942661153717
12,450.0,CAT0_very_high_QCD_high_top,ttbar_200k,background,45392.02908028174,14,0.6143372713286385
12,450.0,CAT1_high_QCD_medium_top,VBF_HH4b_SMnorm,signal,2.020851496062992,28,0.06310484427888122
12,450.0,CAT1_high_QCD_medium_top,Zbbbb_100k,background,2117.122352620975,24,0.02291567577942388
12,450.0,CAT1_high_QCD_medium_top,ggF_HH4b_SMnorm,signal,30.002862676056342,21,0.9368951557211188
12,450.0,CAT1_high_QCD_medium_top,qcd_bbbb_iht200to400_combined120k,background,42689.79013634973,32,0.4620731478486143
12,450.0,CAT1_high_QCD_medium_top,qcd_bbbb_iht400to600_20000,background,13649.204078263348,21,0.14773862026323317
12,450.0,CAT1_high_QCD_medium_top,qcd_bbbb_iht600plus_20000,background,1508.5210774732489,13,0.01632819183785404
12,450.0,CAT1_high_QCD_medium_top,ttbar_200k,background,32422.877914486955,10,0.35094436427087444
12,450.0,CAT2_nominal_loose_mid,VBF_HH4b_SMnorm,signal,2.020851496062992,28,0.07681251544431618
12,450.0,CAT2_nominal_loose_mid,Zbbbb_100k,background,1852.4820585433529,21,0.01896195038951881
12,450.0,CAT2_nominal_loose_mid,ggF_HH4b_SMnorm,signal,24.288031690140848,17,0.9231874845556841
12,450.0,CAT2_nominal_loose_mid,qcd_bbbb_iht200to400_combined120k,background,69370.90897156832,52,0.710078528603423
12,450.0,CAT2_nominal_loose_mid,qcd_bbbb_iht400to600_20000,background,9099.469385508899,14,0.09314189374370506
12,450.0,CAT2_nominal_loose_mid,qcd_bbbb_iht600plus_20000,background,1160.4008288255761,10,0.011877827829247043
12,450.0,CAT2_nominal_loose_mid,ttbar_200k,background,16211.438957243477,5,0.1659397994341058
12,450.0,CAT3_lower_QCD_medium_top,VBF_HH4b_SMnorm,signal,0.9382524803149604,13,0.07586181841289862
12,450.0,CAT3_lower_QCD_medium_top,Zbbbb_100k,background,2381.7626466985967,27,0.01543694710461259
12,450.0,CAT3_lower_QCD_medium_top,ggF_HH4b_SMnorm,signal,11.429661971830987,8,0.9241381815871011
12,450.0,CAT3_lower_QCD_medium_top,qcd_bbbb_iht100to200_20000,background,14233.528676033022,1,0.09225194189205592
12,450.0,CAT3_lower_QCD_medium_top,qcd_bbbb_iht200to400_combined120k,background,96052.0278067869,72,0.6225431717973297
12,450.0,CAT3_lower_QCD_medium_top,qcd_bbbb_iht400to600_20000,background,11049.355682403662,17,0.07161432288214935
12,450.0,CAT3_lower_QCD_medium_top,qcd_bbbb_iht600plus_20000,background,1392.4809945906914,12,0.009025103944538865
12,450.0,CAT3_lower_QCD_medium_top,ttbar_200k,background,29180.59012303826,9,0.18912851237931358
12,450.0,CAT4_loose_low_purity,VBF_HH4b_SMnorm,signal,1.1547722834645668,16,0.05458192133133478
12,450.0,CAT4_loose_low_purity,Zbbbb_100k,background,1764.2686271841455,20,0.01522400893787691
12,450.0,CAT4_loose_low_purity,ggF_HH4b_SMnorm,signal,20.001908450704224,14,0.9454180786686653
12,450.0,CAT4_loose_low_purity,qcd_bbbb_iht100to200_20000,background,14233.528676033022,1,0.12282220770841654
12,450.0,CAT4_loose_low_purity,qcd_bbbb_iht200to400_combined120k,background,56030.349553959015,42,0.4834901722212663
12,450.0,CAT4_loose_low_purity,qcd_bbbb_iht400to600_20000,background,7149.583088614135,11,0.061694299363514365
12,450.0,CAT4_loose_low_purity,qcd_bbbb_iht600plus_20000,background,1044.3607459430184,9,0.009011868762854112
12,450.0,CAT4_loose_low_purity,ttbar_200k,background,35665.16570593565,11,0.30775744300607194
12,4000.0,CAT0_very_high_QCD_high_top,VBF_HH4b_SMnorm,signal,23.095445669291337,36,0.06098855245125083
12,4000.0,CAT0_very_high_QCD_high_top,Zbbbb_100k,background,11761.790847894303,15,0.01790825387643648
12,4000.0,CAT0_very_high_QCD_high_top,ggF_HH4b_SMnorm,signal,355.58948356807525,28,0.9390114475487493
12,4000.0,CAT0_very_high_QCD_high_top,qcd_bbbb_iht200to400_combined120k,background,166015.85053024895,14,0.25277222127619214
12,4000.0,CAT0_very_high_QCD_high_top,qcd_bbbb_iht400to600_20000,background,69329.29055625827,12,0.1055593108575791
12,4000.0,CAT0_very_high_QCD_high_top,qcd_bbbb_iht600plus_20000,background,6188.804420403073,6,0.009422942661153717
12,4000.0,CAT0_very_high_QCD_high_top,ttbar_200k,background,403484.70293583773,14,0.6143372713286385
12,4000.0,CAT1_high_QCD_medium_top,VBF_HH4b_SMnorm,signal,17.963124409448817,28,0.06310484427888122
12,4000.0,CAT1_high_QCD_medium_top,Zbbbb_100k,background,18818.86535663089,24,0.022915675779423876
12,4000.0,CAT1_high_QCD_medium_top,ggF_HH4b_SMnorm,signal,266.69211267605635,21,0.9368951557211188
12,4000.0,CAT1_high_QCD_medium_top,qcd_bbbb_iht200to400_combined120k,background,379464.8012119976,32,0.46207314784861425
12,4000.0,CAT1_high_QCD_medium_top,qcd_bbbb_iht400to600_20000,background,121326.25847345199,21,0.14773862026323314
12,4000.0,CAT1_high_QCD_medium_top,qcd_bbbb_iht600plus_20000,background,13409.076244206657,13,0.01632819183785404
12,4000.0,CAT1_high_QCD_medium_top,ttbar_200k,background,288203.35923988407,10,0.35094436427087444
12,4000.0,CAT2_nominal_loose_mid,VBF_HH4b_SMnorm,signal,17.963124409448817,28,0.07681251544431617
12,4000.0,CAT2_nominal_loose_mid,Zbbbb_100k,background,16466.507187052026,21,0.018961950389518815
12,4000.0,CAT2_nominal_loose_mid,ggF_HH4b_SMnorm,signal,215.89361502347418,17,0.9231874845556839
12,4000.0,CAT2_nominal_loose_mid,qcd_bbbb_iht200to400_combined120k,background,616630.3019694962,52,0.710078528603423
12,4000.0,CAT2_nominal_loose_mid,qcd_bbbb_iht400to600_20000,background,80884.17231563466,14,0.09314189374370506
12,4000.0,CAT2_nominal_loose_mid,qcd_bbbb_iht600plus_20000,background,10314.67403400512,10,0.011877827829247043
12,4000.0,CAT2_nominal_loose_mid,ttbar_200k,background,144101.67961994204,5,0.16593979943410583
12,4000.0,CAT3_lower_QCD_medium_top,VBF_HH4b_SMnorm,signal,8.340022047244092,13,0.07586181841289862
12,4000.0,CAT3_lower_QCD_medium_top,Zbbbb_100k,background,21171.22352620975,27,0.01543694710461259
12,4000.0,CAT3_lower_QCD_medium_top,ggF_HH4b_SMnorm,signal,101.59699530516433,8,0.9241381815871013
12,4000.0,CAT3_lower_QCD_medium_top,qcd_bbbb_iht100to200_20000,background,126520.2548980713,1,0.0922519418920559
12,4000.0,CAT3_lower_QCD_medium_top,qcd_bbbb_iht200to400_combined120k,background,853795.8027269946,72,0.6225431717973297
12,4000.0,CAT3_lower_QCD_medium_top,qcd_bbbb_iht400to600_20000,background,98216.49495469923,17,0.07161432288214935
12,4000.0,CAT3_lower_QCD_medium_top,qcd_bbbb_iht600plus_20000,background,12377.608840806146,12,0.009025103944538865
12,4000.0,CAT3_lower_QCD_medium_top,ttbar_200k,background,259383.02331589564,9,0.18912851237931358
12,4000.0,CAT4_loose_low_purity,VBF_HH4b_SMnorm,signal,10.264642519685038,16,0.05458192133133478
12,4000.0,CAT4_loose_low_purity,Zbbbb_100k,background,15682.387797192405,20,0.015224008937876909
12,4000.0,CAT4_loose_low_purity,ggF_HH4b_SMnorm,signal,177.79474178403754,14,0.9454180786686655
12,4000.0,CAT4_loose_low_purity,qcd_bbbb_iht100to200_20000,background,126520.2548980713,1,0.12282220770841652
12,4000.0,CAT4_loose_low_purity,qcd_bbbb_iht200to400_combined120k,background,498047.5515907468,42,0.4834901722212662
12,4000.0,CAT4_loose_low_purity,qcd_bbbb_iht400to600_20000,background,63551.849676570084,11,0.06169429936351435
12,4000.0,CAT4_loose_low_purity,qcd_bbbb_iht600plus_20000,background,9283.206630604609,9,0.009011868762854112
12,4000.0,CAT4_loose_low_purity,ttbar_200k,background,317023.69516387244,11,0.3077574430060719
13,138.0,CAT0_very_high_QCD_high_top,VBF_HH4b_SMnorm,signal,0.8805254602409641,39,0.06622943040476145
13,138.0,CAT0_very_high_QCD_high_top,Zbbbb_100k,background,395.04015907059437,14,0.023327262763164835
13,138.0,CAT0_very_high_QCD_high_top,ggF_HH4b_SMnorm,signal,12.414552798165136,29,0.9337705695952384
13,138.0,CAT0_very_high_QCD_high_top,qcd_bbbb_iht200to400_combined120k,background,5345.983504113045,13,0.3156822390447253
13,138.0,CAT0_very_high_QCD_high_top,qcd_bbbb_iht400to600_20000,background,2100.5870462527814,11,0.12404041680249112
13,138.0,CAT0_very_high_QCD_high_top,qcd_bbbb_iht600plus_20000,background,212.16666258274566,6,0.012528517351996605
13,138.0,CAT0_very_high_QCD_high_top,ttbar_200k,background,8880.921014213562,9,0.5244215640376221
13,138.0,CAT1_high_QCD_medium_top,VBF_HH4b_SMnorm,signal,0.5644393975903614,25,0.056543592168373735
13,138.0,CAT1_high_QCD_medium_top,Zbbbb_100k,background,761.8631639218606,27,0.02020099906185205
13,138.0,CAT1_high_QCD_medium_top,ggF_HH4b_SMnorm,signal,9.417936605504588,22,0.9434564078316263
13,138.0,CAT1_high_QCD_medium_top,qcd_bbbb_iht100to200_20000,background,3982.0585488971915,1,0.1055853135048835
13,138.0,CAT1_high_QCD_medium_top,qcd_bbbb_iht200to400_combined120k,background,12336.885009491645,30,0.32711570043630295
13,138.0,CAT1_high_QCD_medium_top,qcd_bbbb_iht400to600_20000,background,2482.511963753287,13,0.065824447519765
13,138.0,CAT1_high_QCD_medium_top,qcd_bbbb_iht600plus_20000,background,388.97221473503373,11,0.010313698990905453
13,138.0,CAT1_high_QCD_medium_top,ttbar_200k,background,17761.842028427123,18,0.4709598404862912
13,138.0,CAT2_nominal_loose_mid,VBF_HH4b_SMnorm,signal,0.3160860626506023,14,0.037407703362056115
13,138.0,CAT2_nominal_loose_mid,Zbbbb_100k,background,705.4288554832043,25,0.02036831189814366
13,138.0,CAT2_nominal_loose_mid,ggF_HH4b_SMnorm,signal,8.133672522935782,19,0.962592296637944
13,138.0,CAT2_nominal_loose_mid,qcd_bbbb_iht200to400_combined120k,background,24262.540518666894,59,0.7005483102715547
13,138.0,CAT2_nominal_loose_mid,qcd_bbbb_iht400to600_20000,background,1909.6245875025286,10,0.05513784828091925
13,138.0,CAT2_nominal_loose_mid,qcd_bbbb_iht600plus_20000,background,848.6666503309827,24,0.024504111076734718
13,138.0,CAT2_nominal_loose_mid,ttbar_200k,background,6907.3830110549925,7,0.19944141847264787
13,138.0,CAT3_lower_QCD_medium_top,VBF_HH4b_SMnorm,signal,0.3386636385542167,15,0.0534853442440048
13,138.0,CAT3_lower_QCD_medium_top,Zbbbb_100k,background,592.5602386058916,21,0.015285645672852758
13,138.0,CAT3_lower_QCD_medium_top,ggF_HH4b_SMnorm,signal,5.993232385321103,14,0.9465146557559951
13,138.0,CAT3_lower_QCD_medium_top,qcd_bbbb_iht100to200_20000,background,3982.0585488971915,1,0.10272092533613256
13,138.0,CAT3_lower_QCD_medium_top,qcd_bbbb_iht200to400_combined120k,background,21795.16351676856,53,0.5622266314780359
13,138.0,CAT3_lower_QCD_medium_top,qcd_bbbb_iht400to600_20000,background,3055.399340004046,16,0.07881688418758791
13,138.0,CAT3_lower_QCD_medium_top,qcd_bbbb_iht600plus_20000,background,459.6944355959489,13,0.011858247993205536
13,138.0,CAT3_lower_QCD_medium_top,ttbar_200k,background,8880.921014213562,9,0.22909166533218508
13,138.0,CAT4_loose_low_purity,VBF_HH4b_SMnorm,signal,0.22577575903614452,10,0.050098289578681274
13,138.0,CAT4_loose_low_purity,Zbbbb_100k,background,648.994547044548,23,0.018925305780320582
13,138.0,CAT4_loose_low_purity,ggF_HH4b_SMnorm,signal,4.280880275229358,10,0.9499017104213187
13,138.0,CAT4_loose_low_purity,qcd_bbbb_iht200to400_combined120k,background,18916.557014553848,46,0.5516250135561247
13,138.0,CAT4_loose_low_purity,qcd_bbbb_iht400to600_20000,background,2673.47442250354,14,0.07796108792000754
13,138.0,CAT4_loose_low_purity,qcd_bbbb_iht600plus_20000,background,212.16666258274566,6,0.006186984134233327
13,138.0,CAT4_loose_low_purity,ttbar_200k,background,11841.228018951413,12,0.3453016086093135
13,350.0,CAT0_very_high_QCD_high_top,VBF_HH4b_SMnorm,signal,2.2332167469879525,39,0.06622943040476145
13,350.0,CAT0_very_high_QCD_high_top,Zbbbb_100k,background,1001.9134469181741,14,0.023327262763164835
13,350.0,CAT0_very_high_QCD_high_top,ggF_HH4b_SMnorm,signal,31.48618463302752,29,0.9337705695952384
13,350.0,CAT0_very_high_QCD_high_top,qcd_bbbb_iht200to400_combined120k,background,13558.653814779462,13,0.31568223904472537
13,350.0,CAT0_very_high_QCD_high_top,qcd_bbbb_iht400to600_20000,background,5327.5758419454605,11,0.12404041680249113
13,350.0,CAT0_very_high_QCD_high_top,qcd_bbbb_iht600plus_20000,background,538.1038543765288,6,0.012528517351996605
13,350.0,CAT0_very_high_QCD_high_top,ttbar_200k,background,22524.07503604889,9,0.5244215640376221
13,350.0,CAT1_high_QCD_medium_top,VBF_HH4b_SMnorm,signal,1.4315491967871485,25,0.056543592168373735
13,350.0,CAT1_high_QCD_medium_top,Zbbbb_100k,background,1932.2616476279075,27,0.02020099906185205
13,350.0,CAT1_high_QCD_medium_top,ggF_HH4b_SMnorm,signal,23.886071100917434,22,0.9434564078316264
13,350.0,CAT1_high_QCD_medium_top,qcd_bbbb_iht100to200_20000,background,10099.423855898674,1,0.1055853135048835
13,350.0,CAT1_high_QCD_medium_top,qcd_bbbb_iht200to400_combined120k,background,31289.201111029535,30,0.32711570043630295
13,350.0,CAT1_high_QCD_medium_top,qcd_bbbb_iht400to600_20000,background,6296.225995026452,13,0.065824447519765
13,350.0,CAT1_high_QCD_medium_top,qcd_bbbb_iht600plus_20000,background,986.5237330236363,11,0.010313698990905455
13,350.0,CAT1_high_QCD_medium_top,ttbar_200k,background,45048.15007209778,18,0.47095984048629125
13,350.0,CAT2_nominal_loose_mid,VBF_HH4b_SMnorm,signal,0.8016675502008029,14,0.03740770336205612
13,350.0,CAT2_nominal_loose_mid,Zbbbb_100k,background,1789.1311552110253,25,0.020368311898143657
13,350.0,CAT2_nominal_loose_mid,ggF_HH4b_SMnorm,signal,20.628879587155968,19,0.962592296637944
13,350.0,CAT2_nominal_loose_mid,qcd_bbbb_iht200to400_combined120k,background,61535.428851691395,59,0.7005483102715546
13,350.0,CAT2_nominal_loose_mid,qcd_bbbb_iht400to600_20000,background,4843.250765404964,10,0.05513784828091925
13,350.0,CAT2_nominal_loose_mid,qcd_bbbb_iht600plus_20000,background,2152.415417506116,24,0.024504111076734718
13,350.0,CAT2_nominal_loose_mid,ttbar_200k,background,17518.725028038025,7,0.19944141847264785
13,350.0,CAT3_lower_QCD_medium_top,VBF_HH4b_SMnorm,signal,0.8589295180722888,15,0.05348534424400481
13,350.0,CAT3_lower_QCD_medium_top,Zbbbb_100k,background,1502.8701703772613,21,0.015285645672852758
13,350.0,CAT3_lower_QCD_medium_top,ggF_HH4b_SMnorm,signal,15.200227064220188,14,0.9465146557559951
13,350.0,CAT3_lower_QCD_medium_top,qcd_bbbb_iht100to200_20000,background,10099.423855898674,1,0.10272092533613257
13,350.0,CAT3_lower_QCD_medium_top,qcd_bbbb_iht200to400_combined120k,background,55277.58862948548,53,0.562226631478036
13,350.0,CAT3_lower_QCD_medium_top,qcd_bbbb_iht400to600_20000,background,7749.201224647942,16,0.07881688418758791
13,350.0,CAT3_lower_QCD_medium_top,qcd_bbbb_iht600plus_20000,background,1165.8916844824791,13,0.011858247993205537
13,350.0,CAT3_lower_QCD_medium_top,ttbar_200k,background,22524.07503604889,9,0.2290916653321851
13,350.0,CAT4_loose_low_purity,VBF_HH4b_SMnorm,signal,0.5726196787148593,10,0.050098289578681274
13,350.0,CAT4_loose_low_purity,Zbbbb_100k,background,1646.0006627941434,23,0.018925305780320582
13,350.0,CAT4_loose_low_purity,ggF_HH4b_SMnorm,signal,10.85730504587156,10,0.9499017104213185
13,350.0,CAT4_loose_low_purity,qcd_bbbb_iht200to400_combined120k,background,47976.77503691193,46,0.5516250135561247
13,350.0,CAT4_loose_low_purity,qcd_bbbb_iht400to600_20000,background,6780.551071566949,14,0.07796108792000754
13,350.0,CAT4_loose_low_purity,qcd_bbbb_iht600plus_20000,background,538.1038543765288,6,0.006186984134233327
13,350.0,CAT4_loose_low_purity,ttbar_200k,background,30032.10004806518,12,0.3453016086093135
13,450.0,CAT0_very_high_QCD_high_top,VBF_HH4b_SMnorm,signal,2.8712786746987957,39,0.06622943040476147
13,450.0,CAT0_very_high_QCD_high_top,Zbbbb_100k,background,1288.1744317519383,14,0.02332726276316484
13,450.0,CAT0_very_high_QCD_high_top,ggF_HH4b_SMnorm,signal,40.4822373853211,29,0.9337705695952386
13,450.0,CAT0_very_high_QCD_high_top,qcd_bbbb_iht200to400_combined120k,background,17432.55490471645,13,0.3156822390447253
13,450.0,CAT0_very_high_QCD_high_top,qcd_bbbb_iht400to600_20000,background,6849.740368215592,11,0.12404041680249113
13,450.0,CAT0_very_high_QCD_high_top,qcd_bbbb_iht600plus_20000,background,691.8478127698228,6,0.012528517351996605
13,450.0,CAT0_very_high_QCD_high_top,ttbar_200k,background,28959.52504634857,9,0.5244215640376221
13,450.0,CAT1_high_QCD_medium_top,VBF_HH4b_SMnorm,signal,1.8405632530120482,25,0.05654359216837374
13,450.0,CAT1_high_QCD_medium_top,Zbbbb_100k,background,2484.3364040930237,27,0.02020099906185205
13,450.0,CAT1_high_QCD_medium_top,ggF_HH4b_SMnorm,signal,30.7106628440367,22,0.9434564078316265
13,450.0,CAT1_high_QCD_medium_top,qcd_bbbb_iht100to200_20000,background,12984.973529012581,1,0.1055853135048835
13,450.0,CAT1_high_QCD_medium_top,qcd_bbbb_iht200to400_combined120k,background,40228.972857037974,30,0.32711570043630295
13,450.0,CAT1_high_QCD_medium_top,qcd_bbbb_iht400to600_20000,background,8095.147707891154,13,0.06582444751976502
13,450.0,CAT1_high_QCD_medium_top,qcd_bbbb_iht600plus_20000,background,1268.3876567446753,11,0.010313698990905455
13,450.0,CAT1_high_QCD_medium_top,ttbar_200k,background,57919.05009269714,18,0.47095984048629125
13,450.0,CAT2_nominal_loose_mid,VBF_HH4b_SMnorm,signal,1.0307154216867467,14,0.03740770336205612
13,450.0,CAT2_nominal_loose_mid,Zbbbb_100k,background,2300.3114852713184,25,0.020368311898143657
13,450.0,CAT2_nominal_loose_mid,ggF_HH4b_SMnorm,signal,26.522845183486243,19,0.9625922966379439
13,450.0,CAT2_nominal_loose_mid,qcd_bbbb_iht200to400_combined120k,background,79116.97995217465,59,0.7005483102715546
13,450.0,CAT2_nominal_loose_mid,qcd_bbbb_iht400to600_20000,background,6227.03669837781,10,0.05513784828091924
13,450.0,CAT2_nominal_loose_mid,qcd_bbbb_iht600plus_20000,background,2767.3912510792916,24,0.024504111076734714
13,450.0,CAT2_nominal_loose_mid,ttbar_200k,background,22524.07503604889,7,0.19944141847264785
13,450.0,CAT3_lower_QCD_medium_top,VBF_HH4b_SMnorm,signal,1.1043379518072285,15,0.0534853442440048
13,450.0,CAT3_lower_QCD_medium_top,Zbbbb_100k,background,1932.2616476279075,21,0.015285645672852758
13,450.0,CAT3_lower_QCD_medium_top,ggF_HH4b_SMnorm,signal,19.543149082568814,14,0.946514655755995
13,450.0,CAT3_lower_QCD_medium_top,qcd_bbbb_iht100to200_20000,background,12984.973529012581,1,0.10272092533613256
13,450.0,CAT3_lower_QCD_medium_top,qcd_bbbb_iht200to400_combined120k,background,71071.18538076704,53,0.5622266314780359
13,450.0,CAT3_lower_QCD_medium_top,qcd_bbbb_iht400to600_20000,background,9963.258717404497,16,0.07881688418758791
13,450.0,CAT3_lower_QCD_medium_top,qcd_bbbb_iht600plus_20000,background,1499.003594334616,13,0.011858247993205536
13,450.0,CAT3_lower_QCD_medium_top,ttbar_200k,background,28959.52504634857,9,0.22909166533218508
13,450.0,CAT4_loose_low_purity,VBF_HH4b_SMnorm,signal,0.7362253012048191,10,0.05009828957868127
13,450.0,CAT4_loose_low_purity,Zbbbb_100k,background,2116.286566449613,23,0.018925305780320582
13,450.0,CAT4_loose_low_purity,ggF_HH4b_SMnorm,signal,13.959392201834863,10,0.9499017104213185
13,450.0,CAT4_loose_low_purity,qcd_bbbb_iht200to400_combined120k,background,61684.42504745819,46,0.5516250135561247
13,450.0,CAT4_loose_low_purity,qcd_bbbb_iht400to600_20000,background,8717.851377728935,14,0.07796108792000755
13,450.0,CAT4_loose_low_purity,qcd_bbbb_iht600plus_20000,background,691.8478127698228,6,0.006186984134233327
13,450.0,CAT4_loose_low_purity,ttbar_200k,background,38612.70006179809,12,0.3453016086093135
13,4000.0,CAT0_very_high_QCD_high_top,VBF_HH4b_SMnorm,signal,25.52247710843374,39,0.06622943040476145
13,4000.0,CAT0_very_high_QCD_high_top,Zbbbb_100k,background,11450.439393350562,14,0.02332726276316484
13,4000.0,CAT0_very_high_QCD_high_top,ggF_HH4b_SMnorm,signal,359.8421100917431,29,0.9337705695952385
13,4000.0,CAT0_very_high_QCD_high_top,qcd_bbbb_iht200to400_combined120k,background,154956.04359747955,13,0.31568223904472537
13,4000.0,CAT0_very_high_QCD_high_top,qcd_bbbb_iht400to600_20000,background,60886.58105080526,11,0.12404041680249113
13,4000.0,CAT0_very_high_QCD_high_top,qcd_bbbb_iht600plus_20000,background,6149.758335731758,6,0.012528517351996607
13,4000.0,CAT0_very_high_QCD_high_top,ttbar_200k,background,257418.0004119873,9,0.5244215640376221
13,4000.0,CAT1_high_QCD_medium_top,VBF_HH4b_SMnorm,signal,16.360562248995983,25,0.05654359216837373
13,4000.0,CAT1_high_QCD_medium_top,Zbbbb_100k,background,22082.990258604656,27,0.02020099906185205
13,4000.0,CAT1_high_QCD_medium_top,ggF_HH4b_SMnorm,signal,272.98366972477066,22,0.9434564078316263
13,4000.0,CAT1_high_QCD_medium_top,qcd_bbbb_iht100to200_20000,background,115421.98692455627,1,0.10558531350488348
13,4000.0,CAT1_high_QCD_medium_top,qcd_bbbb_iht200to400_combined120k,background,357590.86984033755,30,0.32711570043630295
13,4000.0,CAT1_high_QCD_medium_top,qcd_bbbb_iht400to600_20000,background,71956.86851458803,13,0.065824447519765
13,4000.0,CAT1_high_QCD_medium_top,qcd_bbbb_iht600plus_20000,background,11274.556948841557,11,0.010313698990905453
13,4000.0,CAT1_high_QCD_medium_top,ttbar_200k,background,514836.0008239746,18,0.4709598404862912
13,4000.0,CAT2_nominal_loose_mid,VBF_HH4b_SMnorm,signal,9.161914859437747,14,0.037407703362056115
13,4000.0,CAT2_nominal_loose_mid,Zbbbb_100k,background,20447.213202411716,25,0.020368311898143657
13,4000.0,CAT2_nominal_loose_mid,ggF_HH4b_SMnorm,signal,235.75862385321105,19,0.9625922966379439
13,4000.0,CAT2_nominal_loose_mid,qcd_bbbb_iht200to400_combined120k,background,703262.0440193302,59,0.7005483102715546
13,4000.0,CAT2_nominal_loose_mid,qcd_bbbb_iht400to600_20000,background,55351.43731891387,10,0.05513784828091925
13,4000.0,CAT2_nominal_loose_mid,qcd_bbbb_iht600plus_20000,background,24599.033342927036,24,0.024504111076734718
13,4000.0,CAT2_nominal_loose_mid,ttbar_200k,background,200214.00032043457,7,0.19944141847264787
13,4000.0,CAT3_lower_QCD_medium_top,VBF_HH4b_SMnorm,signal,9.816337349397587,15,0.05348534424400481
13,4000.0,CAT3_lower_QCD_medium_top,Zbbbb_100k,background,17175.659090025845,21,0.01528564567285276
13,4000.0,CAT3_lower_QCD_medium_top,ggF_HH4b_SMnorm,signal,173.716880733945,14,0.9465146557559951
13,4000.0,CAT3_lower_QCD_medium_top,qcd_bbbb_iht100to200_20000,background,115421.98692455627,1,0.10272092533613257
13,4000.0,CAT3_lower_QCD_medium_top,qcd_bbbb_iht200to400_combined120k,background,631743.8700512627,53,0.562226631478036
13,4000.0,CAT3_lower_QCD_medium_top,qcd_bbbb_iht400to600_20000,background,88562.29971026219,16,0.07881688418758791
13,4000.0,CAT3_lower_QCD_medium_top,qcd_bbbb_iht600plus_20000,background,13324.476394085475,13,0.011858247993205536
13,4000.0,CAT3_lower_QCD_medium_top,ttbar_200k,background,257418.0004119873,9,0.2290916653321851
13,4000.0,CAT4_loose_low_purity,VBF_HH4b_SMnorm,signal,6.544224899598392,10,0.05009828957868127
13,4000.0,CAT4_loose_low_purity,Zbbbb_100k,background,18811.43614621878,23,0.018925305780320582
13,4000.0,CAT4_loose_low_purity,ggF_HH4b_SMnorm,signal,124.08348623853212,10,0.9499017104213185
13,4000.0,CAT4_loose_low_purity,qcd_bbbb_iht200to400_combined120k,background,548306.0004218506,46,0.5516250135561247
13,4000.0,CAT4_loose_low_purity,qcd_bbbb_iht400to600_20000,background,77492.01224647943,14,0.07796108792000755
13,4000.0,CAT4_loose_low_purity,qcd_bbbb_iht600plus_20000,background,6149.758335731758,6,0.006186984134233327
13,4000.0,CAT4_loose_low_purity,ttbar_200k,background,343224.00054931635,12,0.3453016086093136
14,138.0,CAT0_very_high_QCD_high_top,VBF_HH4b_SMnorm,signal,0.8312413354085606,38,0.05214581567369396
14,138.0,CAT0_very_high_QCD_high_top,Zbbbb_100k,background,437.16585219202676,16,0.016351834062117827
14,138.0,CAT0_very_high_QCD_high_top,ggF_HH4b_SMnorm,signal,15.109468857142856,34,0.9478541843263062
14,138.0,CAT0_very_high_QCD_high_top,qcd_bbbb_iht200to400_combined120k,background,7032.181576789309,17,0.26303304721026444
14,138.0,CAT0_very_high_QCD_high_top,qcd_bbbb_iht400to600_20000,background,3411.8861501409656,18,0.12761883364448345
14,138.0,CAT0_very_high_QCD_high_top,qcd_bbbb_iht600plus_20000,background,285.5916434765622,8,0.01068232374564555
14,138.0,CAT0_very_high_QCD_high_top,ttbar_200k,background,15568.148391450064,15,0.5823139613374884
14,138.0,CAT1_high_QCD_medium_top,VBF_HH4b_SMnorm,signal,0.5031197556420232,23,0.093317605754523
14,138.0,CAT1_high_QCD_medium_top,Zbbbb_100k,background,519.1344494780317,19,0.018965094366895273
14,138.0,CAT1_high_QCD_medium_top,ggF_HH4b_SMnorm,signal,4.888357571428571,11,0.9066823942454769
14,138.0,CAT1_high_QCD_medium_top,qcd_bbbb_iht200to400_combined120k,background,12409.73219433408,30,0.45335412121095153
14,138.0,CAT1_high_QCD_medium_top,qcd_bbbb_iht400to600_20000,background,3601.4353807043526,19,0.13156815526306886
14,138.0,CAT1_high_QCD_medium_top,qcd_bbbb_iht600plus_20000,background,464.0864206494134,13,0.0169540718610762
14,138.0,CAT1_high_QCD_medium_top,ttbar_200k,background,10378.765594300046,10,0.37915855729800835
14,138.0,CAT2_nominal_loose_mid,VBF_HH4b_SMnorm,signal,0.34999635175097277,16,0.04988589224662557
14,138.0,CAT2_nominal_loose_mid,Zbbbb_100k,background,819.68597286005,30,0.018301013951161925
14,138.0,CAT2_nominal_loose_mid,ggF_HH4b_SMnorm,signal,6.6659421428571415,15,0.9501141077533745
14,138.0,CAT2_nominal_loose_mid,qcd_bbbb_iht100to200_20000,background,8253.721355895996,2,0.18427968110300416
14,138.0,CAT2_nominal_loose_mid,qcd_bbbb_iht200to400_combined120k,background,20269.229250745655,49,0.4525482435705042
14,138.0,CAT2_nominal_loose_mid,qcd_bbbb_iht400to600_20000,background,3601.4353807043526,19,0.0804087435051566
14,138.0,CAT2_nominal_loose_mid,qcd_bbbb_iht600plus_20000,background,428.3874652148432,12,0.009564546956982388
14,138.0,CAT2_nominal_loose_mid,ttbar_200k,background,11416.64215373005,11,0.2548977709131908
14,138.0,CAT3_lower_QCD_medium_top,VBF_HH4b_SMnorm,signal,0.32812157976653694,15,0.08449575455551965
14,138.0,CAT3_lower_QCD_medium_top,Zbbbb_100k,background,710.3945098120435,26,0.01851491885509856
14,138.0,CAT3_lower_QCD_medium_top,ggF_HH4b_SMnorm,signal,3.555169142857143,8,0.9155042454444805
14,138.0,CAT3_lower_QCD_medium_top,qcd_bbbb_iht200to400_combined120k,background,24405.806648857015,59,0.6360853349167479
14,138.0,CAT3_lower_QCD_medium_top,qcd_bbbb_iht400to600_20000,background,3411.8861501409656,18,0.08892354084972921
14,138.0,CAT3_lower_QCD_medium_top,qcd_bbbb_iht600plus_20000,background,499.7853760839837,14,0.013025840649596472
14,138.0,CAT3_lower_QCD_medium_top,ttbar_200k,background,9340.889034870042,9,0.2434503647288277
14,138.0,CAT4_loose_low_purity,VBF_HH4b_SMnorm,signal,0.2843720357976654,13,0.050625898092711244
14,138.0,CAT4_loose_low_purity,Zbbbb_100k,background,601.1030467640367,22,0.016435302068846264
14,138.0,CAT4_loose_low_purity,ggF_HH4b_SMnorm,signal,5.3327537142857135,12,0.9493741019072885
14,138.0,CAT4_loose_low_purity,qcd_bbbb_iht100to200_20000,background,4126.860677947998,1,0.11283623033230812
14,138.0,CAT4_loose_low_purity,qcd_bbbb_iht200to400_combined120k,background,17373.625072067705,42,0.4750279966596191
14,138.0,CAT4_loose_low_purity,qcd_bbbb_iht400to600_20000,background,4738.730764084675,25,0.1295659237628837
14,138.0,CAT4_loose_low_purity,qcd_bbbb_iht600plus_20000,background,392.6885097802729,11,0.010736851712776925
14,138.0,CAT4_loose_low_purity,ttbar_200k,background,9340.889034870042,9,0.2553976954635658
14,350.0,CAT0_very_high_QCD_high_top,VBF_HH4b_SMnorm,signal,2.1082207782101174,38,0.05214581567369395
14,350.0,CAT0_very_high_QCD_high_top,Zbbbb_100k,background,1108.7539729507926,16,0.01635183406211783
14,350.0,CAT0_very_high_QCD_high_top,ggF_HH4b_SMnorm,signal,38.32111666666666,34,0.9478541843263061
14,350.0,CAT0_very_high_QCD_high_top,qcd_bbbb_iht200to400_combined120k,background,17835.2431295381,17,0.26303304721026444
14,350.0,CAT0_very_high_QCD_high_top,qcd_bbbb_iht400to600_20000,background,8653.334438763319,18,0.12761883364448345
14,350.0,CAT0_very_high_QCD_high_top,qcd_bbbb_iht600plus_20000,background,724.3266320057736,8,0.010682323745645551
14,350.0,CAT0_very_high_QCD_high_top,ttbar_200k,background,39484.43432614147,15,0.5823139613374885
14,350.0,CAT1_high_QCD_medium_top,VBF_HH4b_SMnorm,signal,1.2760283657587546,23,0.09331760575452301
14,350.0,CAT1_high_QCD_medium_top,Zbbbb_100k,background,1316.6453428790658,19,0.018965094366895273
14,350.0,CAT1_high_QCD_medium_top,ggF_HH4b_SMnorm,signal,12.398008333333333,11,0.906682394245477
14,350.0,CAT1_high_QCD_medium_top,qcd_bbbb_iht200to400_combined120k,background,31473.95846389078,30,0.45335412121095153
14,350.0,CAT1_high_QCD_medium_top,qcd_bbbb_iht400to600_20000,background,9134.075240916836,19,0.13156815526306886
14,350.0,CAT1_high_QCD_medium_top,qcd_bbbb_iht600plus_20000,background,1177.0307770093818,13,0.0169540718610762
14,350.0,CAT1_high_QCD_medium_top,ttbar_200k,background,26322.95621742765,10,0.3791585572980083
14,350.0,CAT2_nominal_loose_mid,VBF_HH4b_SMnorm,signal,0.887671906614786,16,0.04988589224662557
14,350.0,CAT2_nominal_loose_mid,Zbbbb_100k,background,2078.9136992827353,30,0.018301013951161925
14,350.0,CAT2_nominal_loose_mid,ggF_HH4b_SMnorm,signal,16.906374999999997,15,0.9501141077533746
14,350.0,CAT2_nominal_loose_mid,qcd_bbbb_iht100to200_20000,background,20933.351264953613,2,0.1842796811030042
14,350.0,CAT2_nominal_loose_mid,qcd_bbbb_iht200to400_combined120k,background,51407.46549102158,49,0.45254824357050416
14,350.0,CAT2_nominal_loose_mid,qcd_bbbb_iht400to600_20000,background,9134.075240916836,19,0.0804087435051566
14,350.0,CAT2_nominal_loose_mid,qcd_bbbb_iht600plus_20000,background,1086.4899480086603,12,0.00956454695698239
14,350.0,CAT2_nominal_loose_mid,ttbar_200k,background,28955.251839170414,11,0.2548977709131908
14,350.0,CAT3_lower_QCD_medium_top,VBF_HH4b_SMnorm,signal,0.8321924124513618,15,0.08449575455551965
14,350.0,CAT3_lower_QCD_medium_top,Zbbbb_100k,background,1801.7252060450376,26,0.01851491885509856
14,350.0,CAT3_lower_QCD_medium_top,ggF_HH4b_SMnorm,signal,9.016733333333333,8,0.9155042454444804
14,350.0,CAT3_lower_QCD_medium_top,qcd_bbbb_iht200to400_combined120k,background,61898.78497898518,59,0.6360853349167479
14,350.0,CAT3_lower_QCD_medium_top,qcd_bbbb_iht400to600_20000,background,8653.334438763319,18,0.08892354084972921
14,350.0,CAT3_lower_QCD_medium_top,qcd_bbbb_iht600plus_20000,background,1267.5716060101036,14,0.013025840649596472
14,350.0,CAT3_lower_QCD_medium_top,ttbar_200k,background,23690.66059568489,9,0.24345036472882772
14,350.0,CAT4_loose_low_purity,VBF_HH4b_SMnorm,signal,0.7212334241245137,13,0.05062589809271125
14,350.0,CAT4_loose_low_purity,Zbbbb_100k,background,1524.5367128073392,22,0.01643530206884626
14,350.0,CAT4_loose_low_purity,ggF_HH4b_SMnorm,signal,13.525099999999998,12,0.9493741019072887
14,350.0,CAT4_loose_low_purity,qcd_bbbb_iht100to200_20000,background,10466.675632476807,1,0.11283623033230812
14,350.0,CAT4_loose_low_purity,qcd_bbbb_iht200to400_combined120k,background,44063.54184944708,42,0.4750279966596191
14,350.0,CAT4_loose_low_purity,qcd_bbbb_iht400to600_20000,background,12018.520053837943,25,0.1295659237628837
14,350.0,CAT4_loose_low_purity,qcd_bbbb_iht600plus_20000,background,995.9491190079386,11,0.010736851712776926
14,350.0,CAT4_loose_low_purity,ttbar_200k,background,23690.66059568489,9,0.2553976954635658
14,450.0,CAT0_very_high_QCD_high_top,VBF_HH4b_SMnorm,signal,2.7105695719844367,38,0.05214581567369396
14,450.0,CAT0_very_high_QCD_high_top,Zbbbb_100k,background,1425.5408223653046,16,0.016351834062117827
14,450.0,CAT0_very_high_QCD_high_top,ggF_HH4b_SMnorm,signal,49.27000714285714,34,0.9478541843263062
14,450.0,CAT0_very_high_QCD_high_top,qcd_bbbb_iht200to400_combined120k,background,22931.0268808347,17,0.26303304721026444
14,450.0,CAT0_very_high_QCD_high_top,qcd_bbbb_iht400to600_20000,background,11125.71570698141,18,0.12761883364448345
14,450.0,CAT0_very_high_QCD_high_top,qcd_bbbb_iht600plus_20000,background,931.2770982931376,8,0.010682323745645551
14,450.0,CAT0_very_high_QCD_high_top,ttbar_200k,background,50765.701276467604,15,0.5823139613374885
14,450.0,CAT1_high_QCD_medium_top,VBF_HH4b_SMnorm,signal,1.6406078988326844,23,0.093317605754523
14,450.0,CAT1_high_QCD_medium_top,Zbbbb_100k,background,1692.829726558799,19,0.018965094366895273
14,450.0,CAT1_high_QCD_medium_top,ggF_HH4b_SMnorm,signal,15.940296428571427,11,0.9066823942454769
14,450.0,CAT1_high_QCD_medium_top,qcd_bbbb_iht200to400_combined120k,background,40466.518025002435,30,0.4533541212109516
14,450.0,CAT1_high_QCD_medium_top,qcd_bbbb_iht400to600_20000,background,11743.811024035933,19,0.13156815526306886
14,450.0,CAT1_high_QCD_medium_top,qcd_bbbb_iht600plus_20000,background,1513.3252847263482,13,0.0169540718610762
14,450.0,CAT1_high_QCD_medium_top,ttbar_200k,background,33843.80085097841,10,0.37915855729800835
14,450.0,CAT2_nominal_loose_mid,VBF_HH4b_SMnorm,signal,1.1412924513618679,16,0.049885892246625575
14,450.0,CAT2_nominal_loose_mid,Zbbbb_100k,background,2672.8890419349455,30,0.018301013951161925
14,450.0,CAT2_nominal_loose_mid,ggF_HH4b_SMnorm,signal,21.73676785714285,15,0.9501141077533745
14,450.0,CAT2_nominal_loose_mid,qcd_bbbb_iht100to200_20000,background,26914.308769226074,2,0.1842796811030042
14,450.0,CAT2_nominal_loose_mid,qcd_bbbb_iht200to400_combined120k,background,66095.31277417061,49,0.45254824357050427
14,450.0,CAT2_nominal_loose_mid,qcd_bbbb_iht400to600_20000,background,11743.811024035933,19,0.08040874350515662
14,450.0,CAT2_nominal_loose_mid,qcd_bbbb_iht600plus_20000,background,1396.915647439706,12,0.009564546956982388
14,450.0,CAT2_nominal_loose_mid,ttbar_200k,background,37228.18093607625,11,0.2548977709131908
14,450.0,CAT3_lower_QCD_medium_top,VBF_HH4b_SMnorm,signal,1.069961673151751,15,0.08449575455551965
14,450.0,CAT3_lower_QCD_medium_top,Zbbbb_100k,background,2316.5038363436197,26,0.01851491885509856
14,450.0,CAT3_lower_QCD_medium_top,ggF_HH4b_SMnorm,signal,11.592942857142857,8,0.9155042454444804
14,450.0,CAT3_lower_QCD_medium_top,qcd_bbbb_iht200to400_combined120k,background,79584.1521158381,59,0.6360853349167479
14,450.0,CAT3_lower_QCD_medium_top,qcd_bbbb_iht400to600_20000,background,11125.71570698141,18,0.08892354084972921
14,450.0,CAT3_lower_QCD_medium_top,qcd_bbbb_iht600plus_20000,background,1629.7349220129902,14,0.01302584064959647
14,450.0,CAT3_lower_QCD_medium_top,ttbar_200k,background,30459.42076588057,9,0.2434503647288277
14,450.0,CAT4_loose_low_purity,VBF_HH4b_SMnorm,signal,0.9273001167315176,13,0.050625898092711244
14,450.0,CAT4_loose_low_purity,Zbbbb_100k,background,1960.1186307522933,22,0.01643530206884626
14,450.0,CAT4_loose_low_purity,ggF_HH4b_SMnorm,signal,17.389414285714285,12,0.9493741019072887
14,450.0,CAT4_loose_low_purity,qcd_bbbb_iht100to200_20000,background,13457.154384613037,1,0.11283623033230812
14,450.0,CAT4_loose_low_purity,qcd_bbbb_iht200to400_combined120k,background,56653.12523500338,42,0.47502799665961903
14,450.0,CAT4_loose_low_purity,qcd_bbbb_iht400to600_20000,background,15452.382926363069,25,0.12956592376288367
14,450.0,CAT4_loose_low_purity,qcd_bbbb_iht600plus_20000,background,1280.506010153064,11,0.010736851712776926
14,450.0,CAT4_loose_low_purity,ttbar_200k,background,30459.42076588057,9,0.2553976954635658
14,4000.0,CAT0_very_high_QCD_high_top,VBF_HH4b_SMnorm,signal,24.09395175097277,38,0.05214581567369396
14,4000.0,CAT0_very_high_QCD_high_top,Zbbbb_100k,background,12671.473976580486,16,0.016351834062117827
14,4000.0,CAT0_very_high_QCD_high_top,ggF_HH4b_SMnorm,signal,437.955619047619,34,0.9478541843263061
14,4000.0,CAT0_very_high_QCD_high_top,qcd_bbbb_iht200to400_combined120k,background,203831.35005186402,17,0.2630330472102645
14,4000.0,CAT0_very_high_QCD_high_top,qcd_bbbb_iht400to600_20000,background,98895.25072872364,18,0.12761883364448345
14,4000.0,CAT0_very_high_QCD_high_top,qcd_bbbb_iht600plus_20000,background,8278.018651494556,8,0.010682323745645551
14,4000.0,CAT0_very_high_QCD_high_top,ttbar_200k,background,451250.67801304534,15,0.5823139613374884
14,4000.0,CAT1_high_QCD_medium_top,VBF_HH4b_SMnorm,signal,14.583181322957193,23,0.093317605754523
14,4000.0,CAT1_high_QCD_medium_top,Zbbbb_100k,background,15047.375347189323,19,0.018965094366895273
14,4000.0,CAT1_high_QCD_medium_top,ggF_HH4b_SMnorm,signal,141.6915238095238,11,0.906682394245477
14,4000.0,CAT1_high_QCD_medium_top,qcd_bbbb_iht200to400_combined120k,background,359702.38244446606,30,0.45335412121095153
14,4000.0,CAT1_high_QCD_medium_top,qcd_bbbb_iht400to600_20000,background,104389.43132476385,19,0.13156815526306886
14,4000.0,CAT1_high_QCD_medium_top,qcd_bbbb_iht600plus_20000,background,13451.78030867865,13,0.0169540718610762
14,4000.0,CAT1_high_QCD_medium_top,ttbar_200k,background,300833.7853420303,10,0.3791585572980083
14,4000.0,CAT2_nominal_loose_mid,VBF_HH4b_SMnorm,signal,10.144821789883268,16,0.049885892246625575
14,4000.0,CAT2_nominal_loose_mid,Zbbbb_100k,background,23759.013706088404,30,0.018301013951161925
14,4000.0,CAT2_nominal_loose_mid,ggF_HH4b_SMnorm,signal,193.21571428571423,15,0.9501141077533745
14,4000.0,CAT2_nominal_loose_mid,qcd_bbbb_iht100to200_20000,background,239238.30017089844,2,0.1842796811030042
14,4000.0,CAT2_nominal_loose_mid,qcd_bbbb_iht200to400_combined120k,background,587513.891325961,49,0.4525482435705042
14,4000.0,CAT2_nominal_loose_mid,qcd_bbbb_iht400to600_20000,background,104389.43132476385,19,0.08040874350515662
14,4000.0,CAT2_nominal_loose_mid,qcd_bbbb_iht600plus_20000,background,12417.02797724183,12,0.009564546956982388
14,4000.0,CAT2_nominal_loose_mid,ttbar_200k,background,330917.16387623333,11,0.2548977709131908
14,4000.0,CAT3_lower_QCD_medium_top,VBF_HH4b_SMnorm,signal,9.510770428015563,15,0.08449575455551965
14,4000.0,CAT3_lower_QCD_medium_top,Zbbbb_100k,background,20591.145211943287,26,0.01851491885509856
14,4000.0,CAT3_lower_QCD_medium_top,ggF_HH4b_SMnorm,signal,103.04838095238095,8,0.9155042454444805
14,4000.0,CAT3_lower_QCD_medium_top,qcd_bbbb_iht200to400_combined120k,background,707414.6854741164,59,0.6360853349167479
14,4000.0,CAT3_lower_QCD_medium_top,qcd_bbbb_iht400to600_20000,background,98895.25072872364,18,0.08892354084972921
14,4000.0,CAT3_lower_QCD_medium_top,qcd_bbbb_iht600plus_20000,background,14486.532640115469,14,0.013025840649596472
14,4000.0,CAT3_lower_QCD_medium_top,ttbar_200k,background,270750.4068078273,9,0.2434503647288277
14,4000.0,CAT4_loose_low_purity,VBF_HH4b_SMnorm,signal,8.242667704280157,13,0.050625898092711244
14,4000.0,CAT4_loose_low_purity,Zbbbb_100k,background,17423.276717798162,22,0.016435302068846257
14,4000.0,CAT4_loose_low_purity,ggF_HH4b_SMnorm,signal,154.57257142857142,12,0.9493741019072887
14,4000.0,CAT4_loose_low_purity,qcd_bbbb_iht100to200_20000,background,119619.15008544922,1,0.11283623033230811
14,4000.0,CAT4_loose_low_purity,qcd_bbbb_iht200to400_combined120k,background,503583.3354222523,42,0.475027996659619
14,4000.0,CAT4_loose_low_purity,qcd_bbbb_iht400to600_20000,background,137354.51490100505,25,0.12956592376288367
14,4000.0,CAT4_loose_low_purity,qcd_bbbb_iht600plus_20000,background,11382.275645805013,11,0.010736851712776925
14,4000.0,CAT4_loose_low_purity,ttbar_200k,background,270750.4068078273,9,0.2553976954635657
15,138.0,CAT0_very_high_QCD_high_top,VBF_HH4b_SMnorm,signal,1.0427562677419353,46,0.08309904085791872
15,138.0,CAT0_very_high_QCD_high_top,Zbbbb_100k,background,355.1972549060217,13,0.014032487439596729
15,138.0,CAT0_very_high_QCD_high_top,ggF_HH4b_SMnorm,signal,11.50559876712329,27,0.9169009591420815
15,138.0,CAT0_very_high_QCD_high_top,qcd_bbbb_iht200to400_combined120k,background,10747.635007227613,26,0.42459802591716134
15,138.0,CAT0_very_high_QCD_high_top,qcd_bbbb_iht400to600_20000,background,1512.1971825758028,8,0.05974113729089174
15,138.0,CAT0_very_high_QCD_high_top,qcd_bbbb_iht600plus_20000,background,142.90960326954664,4,0.005645812812962894
15,138.0,CAT0_very_high_QCD_high_top,ttbar_200k,background,12554.555008044877,12,0.4959825365393872
15,138.0,CAT1_high_QCD_medium_top,VBF_HH4b_SMnorm,signal,0.47604090483870953,21,0.0505091765557302
15,138.0,CAT1_high_QCD_medium_top,Zbbbb_100k,background,628.4259125260382,23,0.022311776497994158
15,138.0,CAT1_high_QCD_medium_top,ggF_HH4b_SMnorm,signal,8.948799041095892,21,0.9494908234442697
15,138.0,CAT1_high_QCD_medium_top,qcd_bbbb_iht200to400_combined120k,background,13641.229047635048,33,0.48432129802758256
15,138.0,CAT1_high_QCD_medium_top,qcd_bbbb_iht400to600_20000,background,4158.542252083456,22,0.14764582974147636
15,138.0,CAT1_high_QCD_medium_top,qcd_bbbb_iht600plus_20000,background,321.5466073564799,9,0.011416263865040422
15,138.0,CAT1_high_QCD_medium_top,ttbar_200k,background,9415.916256033657,9,0.33430483186790644
15,138.0,CAT2_nominal_loose_mid,VBF_HH4b_SMnorm,signal,0.45337229032258053,20,0.05580810490371993
15,138.0,CAT2_nominal_loose_mid,Zbbbb_100k,background,819.68597286005,30,0.023512159462541697
15,138.0,CAT2_nominal_loose_mid,ggF_HH4b_SMnorm,signal,7.670399178082191,18,0.9441918950962798
15,138.0,CAT2_nominal_loose_mid,qcd_bbbb_iht200to400_combined120k,background,23562.122900460537,57,0.6758641836685679
15,138.0,CAT2_nominal_loose_mid,qcd_bbbb_iht400to600_20000,background,2835.3697173296296,15,0.08133073779035897
15,138.0,CAT2_nominal_loose_mid,qcd_bbbb_iht600plus_20000,background,321.5466073564799,9,0.009223355476519356
15,138.0,CAT2_nominal_loose_mid,ttbar_200k,background,7323.490421359511,7,0.21006956360201218
15,138.0,CAT3_lower_QCD_medium_top,VBF_HH4b_SMnorm,signal,0.2720233741935484,12,0.05484906704160375
15,138.0,CAT3_lower_QCD_medium_top,Zbbbb_100k,background,628.4259125260382,23,0.015398528618037408
15,138.0,CAT3_lower_QCD_medium_top,ggF_HH4b_SMnorm,signal,4.687466164383562,11,0.9451509329583961
15,138.0,CAT3_lower_QCD_medium_top,qcd_bbbb_iht200to400_combined120k,background,26042.346363666908,63,0.6381242526264409
15,138.0,CAT3_lower_QCD_medium_top,qcd_bbbb_iht400to600_20000,background,3213.4190129735807,17,0.07873947214257968
15,138.0,CAT3_lower_QCD_medium_top,qcd_bbbb_iht600plus_20000,background,464.4562106260264,13,0.011380724614619935
15,138.0,CAT3_lower_QCD_medium_top,ttbar_200k,background,10462.129173370731,10,0.25635702199832217
15,138.0,CAT4_loose_low_purity,VBF_HH4b_SMnorm,signal,0.2946919887096774,13,0.059149464881341415
15,138.0,CAT4_loose_low_purity,Zbbbb_100k,background,737.717375574045,27,0.01886581948643817
15,138.0,CAT4_loose_low_purity,ggF_HH4b_SMnorm,signal,4.687466164383562,11,0.9408505351186585
15,138.0,CAT4_loose_low_purity,qcd_bbbb_iht200to400_combined120k,background,27282.458095270096,66,0.6977007003138129
15,138.0,CAT4_loose_low_purity,qcd_bbbb_iht400to600_20000,background,3402.4436607955563,18,0.08701148982345212
15,138.0,CAT4_loose_low_purity,qcd_bbbb_iht600plus_20000,background,357.27400817386655,10,0.009136652014139632
15,138.0,CAT4_loose_low_purity,ttbar_200k,background,7323.490421359511,7,0.1872853383621571
15,350.0,CAT0_very_high_QCD_high_top,VBF_HH4b_SMnorm,signal,2.6446716935483865,46,0.08309904085791872
15,350.0,CAT0_very_high_QCD_high_top,Zbbbb_100k,background,900.8626030225188,13,0.014032487439596727
15,350.0,CAT0_very_high_QCD_high_top,ggF_HH4b_SMnorm,signal,29.180866438356173,27,0.9169009591420816
15,350.0,CAT0_very_high_QCD_high_top,qcd_bbbb_iht200to400_combined120k,background,27258.494583548294,26,0.42459802591716134
15,350.0,CAT0_very_high_QCD_high_top,qcd_bbbb_iht400to600_20000,background,3835.2827094313843,8,0.05974113729089175
15,350.0,CAT0_very_high_QCD_high_top,qcd_bbbb_iht600plus_20000,background,362.45189235029943,4,0.005645812812962894
15,350.0,CAT0_very_high_QCD_high_top,ttbar_200k,background,31841.262701563097,12,0.49598253653938723
15,350.0,CAT1_high_QCD_medium_top,VBF_HH4b_SMnorm,signal,1.2073501209677415,21,0.0505091765557302
15,350.0,CAT1_high_QCD_medium_top,Zbbbb_100k,background,1593.8338361167637,23,0.022311776497994158
15,350.0,CAT1_high_QCD_medium_top,ggF_HH4b_SMnorm,signal,22.696229452054798,21,0.9494908234442696
15,350.0,CAT1_high_QCD_medium_top,qcd_bbbb_iht200to400_combined120k,background,34597.32004834976,33,0.4843212980275825
15,350.0,CAT1_high_QCD_medium_top,qcd_bbbb_iht400to600_20000,background,10547.027450936303,22,0.14764582974147636
15,350.0,CAT1_high_QCD_medium_top,qcd_bbbb_iht600plus_20000,background,815.5167577881737,9,0.011416263865040422
15,350.0,CAT1_high_QCD_medium_top,ttbar_200k,background,23880.947026172318,9,0.33430483186790644
15,350.0,CAT2_nominal_loose_mid,VBF_HH4b_SMnorm,signal,1.1498572580645159,20,0.055808104903719936
15,350.0,CAT2_nominal_loose_mid,Zbbbb_100k,background,2078.9136992827353,30,0.02351215946254169
15,350.0,CAT2_nominal_loose_mid,ggF_HH4b_SMnorm,signal,19.45391095890411,18,0.94419189509628
15,350.0,CAT2_nominal_loose_mid,qcd_bbbb_iht200to400_combined120k,background,59759.007356240494,57,0.6758641836685679
15,350.0,CAT2_nominal_loose_mid,qcd_bbbb_iht400to600_20000,background,7191.155080183843,15,0.08133073779035896
15,350.0,CAT2_nominal_loose_mid,qcd_bbbb_iht600plus_20000,background,815.5167577881737,9,0.009223355476519354
15,350.0,CAT2_nominal_loose_mid,ttbar_200k,background,18574.069909245136,7,0.21006956360201215
15,350.0,CAT3_lower_QCD_medium_top,VBF_HH4b_SMnorm,signal,0.6899143548387097,12,0.05484906704160375
15,350.0,CAT3_lower_QCD_medium_top,Zbbbb_100k,background,1593.8338361167637,23,0.015398528618037408
15,350.0,CAT3_lower_QCD_medium_top,ggF_HH4b_SMnorm,signal,11.888501141552512,11,0.9451509329583961
15,350.0,CAT3_lower_QCD_medium_top,qcd_bbbb_iht200to400_combined120k,background,66049.42918321317,63,0.6381242526264409
15,350.0,CAT3_lower_QCD_medium_top,qcd_bbbb_iht400to600_20000,background,8149.975757541691,17,0.07873947214257968
15,350.0,CAT3_lower_QCD_medium_top,qcd_bbbb_iht600plus_20000,background,1177.9686501384729,13,0.011380724614619935
15,350.0,CAT3_lower_QCD_medium_top,ttbar_200k,background,26534.38558463591,10,0.2563570219983221
15,350.0,CAT4_loose_low_purity,VBF_HH4b_SMnorm,signal,0.7474072177419354,13,0.05914946488134142
15,350.0,CAT4_loose_low_purity,Zbbbb_100k,background,1871.022329354462,27,0.01886581948643817
15,350.0,CAT4_loose_low_purity,ggF_HH4b_SMnorm,signal,11.888501141552512,11,0.9408505351186586
15,350.0,CAT4_loose_low_purity,qcd_bbbb_iht200to400_combined120k,background,69194.64009669951,66,0.6977007003138129
15,350.0,CAT4_loose_low_purity,qcd_bbbb_iht400to600_20000,background,8629.386096220613,18,0.08701148982345212
15,350.0,CAT4_loose_low_purity,qcd_bbbb_iht600plus_20000,background,906.1297308757485,10,0.00913665201413963
15,350.0,CAT4_loose_low_purity,ttbar_200k,background,18574.069909245136,7,0.18728533836215708
15,450.0,CAT0_very_high_QCD_high_top,VBF_HH4b_SMnorm,signal,3.400292177419354,46,0.08309904085791872
15,450.0,CAT0_very_high_QCD_high_top,Zbbbb_100k,background,1158.2519181718098,13,0.014032487439596729
15,450.0,CAT0_very_high_QCD_high_top,ggF_HH4b_SMnorm,signal,37.51825684931508,27,0.9169009591420815
15,450.0,CAT0_very_high_QCD_high_top,qcd_bbbb_iht200to400_combined120k,background,35046.63589313352,26,0.42459802591716134
15,450.0,CAT0_very_high_QCD_high_top,qcd_bbbb_iht400to600_20000,background,4931.077769268923,8,0.05974113729089175
15,450.0,CAT0_very_high_QCD_high_top,qcd_bbbb_iht600plus_20000,background,466.0095758789564,4,0.005645812812962895
15,450.0,CAT0_very_high_QCD_high_top,ttbar_200k,background,40938.76633058112,12,0.49598253653938723
15,450.0,CAT1_high_QCD_medium_top,VBF_HH4b_SMnorm,signal,1.5523072983870962,21,0.0505091765557302
15,450.0,CAT1_high_QCD_medium_top,Zbbbb_100k,background,2049.2149321501247,23,0.022311776497994158
15,450.0,CAT1_high_QCD_medium_top,ggF_HH4b_SMnorm,signal,29.18086643835617,21,0.9494908234442697
15,450.0,CAT1_high_QCD_medium_top,qcd_bbbb_iht200to400_combined120k,background,44482.26863359255,33,0.4843212980275825
15,450.0,CAT1_high_QCD_medium_top,qcd_bbbb_iht400to600_20000,background,13560.463865489533,22,0.1476458297414764
15,450.0,CAT1_high_QCD_medium_top,qcd_bbbb_iht600plus_20000,background,1048.5215457276518,9,0.01141626386504042
15,450.0,CAT1_high_QCD_medium_top,ttbar_200k,background,30704.074747935836,9,0.3343048318679064
15,450.0,CAT2_nominal_loose_mid,VBF_HH4b_SMnorm,signal,1.478387903225806,20,0.05580810490371993
15,450.0,CAT2_nominal_loose_mid,Zbbbb_100k,background,2672.8890419349455,30,0.023512159462541694
15,450.0,CAT2_nominal_loose_mid,ggF_HH4b_SMnorm,signal,25.012171232876714,18,0.94419189509628
15,450.0,CAT2_nominal_loose_mid,qcd_bbbb_iht200to400_combined120k,background,76833.00945802349,57,0.6758641836685678
15,450.0,CAT2_nominal_loose_mid,qcd_bbbb_iht400to600_20000,background,9245.770817379227,15,0.08133073779035897
15,450.0,CAT2_nominal_loose_mid,qcd_bbbb_iht600plus_20000,background,1048.5215457276518,9,0.009223355476519354
15,450.0,CAT2_nominal_loose_mid,ttbar_200k,background,23880.947026172318,7,0.21006956360201218
15,450.0,CAT3_lower_QCD_medium_top,VBF_HH4b_SMnorm,signal,0.8870327419354839,12,0.05484906704160375
15,450.0,CAT3_lower_QCD_medium_top,Zbbbb_100k,background,2049.2149321501247,23,0.015398528618037408
15,450.0,CAT3_lower_QCD_medium_top,ggF_HH4b_SMnorm,signal,15.285215753424657,11,0.945150932958396
15,450.0,CAT3_lower_QCD_medium_top,qcd_bbbb_iht200to400_combined120k,background,84920.69466413121,63,0.6381242526264409
15,450.0,CAT3_lower_QCD_medium_top,qcd_bbbb_iht400to600_20000,background,10478.54025969646,17,0.07873947214257969
15,450.0,CAT3_lower_QCD_medium_top,qcd_bbbb_iht600plus_20000,background,1514.531121606608,13,0.011380724614619937
15,450.0,CAT3_lower_QCD_medium_top,ttbar_200k,background,34115.6386088176,10,0.25635702199832217
15,450.0,CAT4_loose_low_purity,VBF_HH4b_SMnorm,signal,0.9609521370967741,13,0.059149464881341415
15,450.0,CAT4_loose_low_purity,Zbbbb_100k,background,2405.6001377414514,27,0.01886581948643817
15,450.0,CAT4_loose_low_purity,ggF_HH4b_SMnorm,signal,15.285215753424657,11,0.9408505351186583
15,450.0,CAT4_loose_low_purity,qcd_bbbb_iht200to400_combined120k,background,88964.5372671851,66,0.6977007003138129
15,450.0,CAT4_loose_low_purity,qcd_bbbb_iht400to600_20000,background,11094.924980855074,18,0.08701148982345212
15,450.0,CAT4_loose_low_purity,qcd_bbbb_iht600plus_20000,background,1165.023939697391,10,0.009136652014139632
15,450.0,CAT4_loose_low_purity,ttbar_200k,background,23880.947026172318,7,0.1872853383621571
15,4000.0,CAT0_very_high_QCD_high_top,VBF_HH4b_SMnorm,signal,30.224819354838704,46,0.08309904085791872
15,4000.0,CAT0_very_high_QCD_high_top,Zbbbb_100k,background,10295.572605971643,13,0.014032487439596727
15,4000.0,CAT0_very_high_QCD_high_top,ggF_HH4b_SMnorm,signal,333.49561643835625,27,0.9169009591420815
15,4000.0,CAT0_very_high_QCD_high_top,qcd_bbbb_iht200to400_combined120k,background,311525.6523834091,26,0.42459802591716134
15,4000.0,CAT0_very_high_QCD_high_top,qcd_bbbb_iht400to600_20000,background,43831.80239350153,8,0.059741137290891734
15,4000.0,CAT0_very_high_QCD_high_top,qcd_bbbb_iht600plus_20000,background,4142.307341146279,4,0.005645812812962894
15,4000.0,CAT0_very_high_QCD_high_top,ttbar_200k,background,363900.1451607211,12,0.4959825365393872
15,4000.0,CAT1_high_QCD_medium_top,VBF_HH4b_SMnorm,signal,13.798287096774189,21,0.0505091765557302
15,4000.0,CAT1_high_QCD_medium_top,Zbbbb_100k,background,18215.243841334443,23,0.022311776497994158
15,4000.0,CAT1_high_QCD_medium_top,ggF_HH4b_SMnorm,signal,259.3854794520548,21,0.9494908234442696
15,4000.0,CAT1_high_QCD_medium_top,qcd_bbbb_iht200to400_combined120k,background,395397.94340971153,33,0.4843212980275825
15,4000.0,CAT1_high_QCD_medium_top,qcd_bbbb_iht400to600_20000,background,120537.45658212918,22,0.14764582974147636
15,4000.0,CAT1_high_QCD_medium_top,qcd_bbbb_iht600plus_20000,background,9320.191517579127,9,0.01141626386504042
15,4000.0,CAT1_high_QCD_medium_top,ttbar_200k,background,272925.1088705408,9,0.33430483186790644
15,4000.0,CAT2_nominal_loose_mid,VBF_HH4b_SMnorm,signal,13.14122580645161,20,0.055808104903719936
15,4000.0,CAT2_nominal_loose_mid,Zbbbb_100k,background,23759.013706088404,30,0.023512159462541694
15,4000.0,CAT2_nominal_loose_mid,ggF_HH4b_SMnorm,signal,222.3304109589041,18,0.9441918950962799
15,4000.0,CAT2_nominal_loose_mid,qcd_bbbb_iht200to400_combined120k,background,682960.0840713199,57,0.6758641836685678
15,4000.0,CAT2_nominal_loose_mid,qcd_bbbb_iht400to600_20000,background,82184.62948781536,15,0.08133073779035897
15,4000.0,CAT2_nominal_loose_mid,qcd_bbbb_iht600plus_20000,background,9320.191517579127,9,0.009223355476519354
15,4000.0,CAT2_nominal_loose_mid,ttbar_200k,background,212275.0846770873,7,0.21006956360201218
15,4000.0,CAT3_lower_QCD_medium_top,VBF_HH4b_SMnorm,signal,7.884735483870967,12,0.05484906704160374
15,4000.0,CAT3_lower_QCD_medium_top,Zbbbb_100k,background,18215.243841334443,23,0.015398528618037408
15,4000.0,CAT3_lower_QCD_medium_top,ggF_HH4b_SMnorm,signal,135.86858447488584,11,0.945150932958396
15,4000.0,CAT3_lower_QCD_medium_top,qcd_bbbb_iht200to400_combined120k,background,754850.6192367219,63,0.6381242526264409
15,4000.0,CAT3_lower_QCD_medium_top,qcd_bbbb_iht400to600_20000,background,93142.58008619075,17,0.07873947214257968
15,4000.0,CAT3_lower_QCD_medium_top,qcd_bbbb_iht600plus_20000,background,13462.498858725403,13,0.011380724614619935
15,4000.0,CAT3_lower_QCD_medium_top,ttbar_200k,background,303250.12096726755,10,0.2563570219983221
15,4000.0,CAT4_loose_low_purity,VBF_HH4b_SMnorm,signal,8.541796774193548,13,0.05914946488134143
15,4000.0,CAT4_loose_low_purity,Zbbbb_100k,background,21383.112335479567,27,0.018865819486438173
15,4000.0,CAT4_loose_low_purity,ggF_HH4b_SMnorm,signal,135.86858447488584,11,0.9408505351186585
15,4000.0,CAT4_loose_low_purity,qcd_bbbb_iht200to400_combined120k,background,790795.8868194231,66,0.6977007003138129
15,4000.0,CAT4_loose_low_purity,qcd_bbbb_iht400to600_20000,background,98621.55538537844,18,0.08701148982345212
15,4000.0,CAT4_loose_low_purity,qcd_bbbb_iht600plus_20000,background,10355.768352865696,10,0.00913665201413963
15,4000.0,CAT4_loose_low_purity,ttbar_200k,background,212275.0846770873,7,0.1872853383621571
16,138.0,CAT0_very_high_QCD_high_top,VBF_HH4b_SMnorm,signal,0.9644120184100418,41,0.06858088034048979
16,138.0,CAT0_very_high_QCD_high_top,Zbbbb_100k,background,297.32778592,11,0.011479932570696263
16,138.0,CAT0_very_high_QCD_high_top,ggF_HH4b_SMnorm,signal,13.097991578947369,32,0.9314191196595102
16,138.0,CAT0_very_high_QCD_high_top,qcd_bbbb_iht200to400_combined120k,background,7012.695102035475,17,0.2707626758162462
16,138.0,CAT0_very_high_QCD_high_top,qcd_bbbb_iht400to600_20000,background,1207.6781035698702,6,0.046628885198838295
16,138.0,CAT0_very_high_QCD_high_top,qcd_bbbb_iht600plus_20000,background,348.932980745683,10,0.013472427671897077
16,138.0,CAT0_very_high_QCD_high_top,ttbar_200k,background,17033.15107341473,17,0.657656078742322
16,138.0,CAT1_high_QCD_medium_top,VBF_HH4b_SMnorm,signal,0.5880561087866109,25,0.0739165447780626
16,138.0,CAT1_high_QCD_medium_top,Zbbbb_100k,background,702.7747667200001,26,0.030761248709384466
16,138.0,CAT1_high_QCD_medium_top,ggF_HH4b_SMnorm,signal,7.367620263157894,18,0.926083455221937
16,138.0,CAT1_high_QCD_medium_top,qcd_bbbb_iht200to400_combined120k,background,11962.832821119337,29,0.5236267622366908
16,138.0,CAT1_high_QCD_medium_top,qcd_bbbb_iht400to600_20000,background,2817.9155749963643,14,0.12334336112987879
16,138.0,CAT1_high_QCD_medium_top,qcd_bbbb_iht600plus_20000,background,348.932980745683,10,0.015273192368190571
16,138.0,CAT1_high_QCD_medium_top,ttbar_200k,background,7013.6504419943,7,0.3069954355558552
16,138.0,CAT2_nominal_loose_mid,VBF_HH4b_SMnorm,signal,0.4234003983263599,18,0.05735804965052997
16,138.0,CAT2_nominal_loose_mid,Zbbbb_100k,background,540.5959744000002,20,0.021378042363756736
16,138.0,CAT2_nominal_loose_mid,ggF_HH4b_SMnorm,signal,6.958308026315789,17,0.9426419503494697
16,138.0,CAT2_nominal_loose_mid,qcd_bbbb_iht200to400_combined120k,background,16500.45906361288,40,0.6525159815976422
16,138.0,CAT2_nominal_loose_mid,qcd_bbbb_iht400to600_20000,background,2817.9155749963643,14,0.11143538130601768
16,138.0,CAT2_nominal_loose_mid,qcd_bbbb_iht600plus_20000,background,418.71957689481957,12,0.016558400871051225
16,138.0,CAT2_nominal_loose_mid,ttbar_200k,background,5009.750315710215,5,0.19811219386153203
16,138.0,CAT3_lower_QCD_medium_top,VBF_HH4b_SMnorm,signal,0.30578917656903765,13,0.05860796657168725
16,138.0,CAT3_lower_QCD_medium_top,Zbbbb_100k,background,594.6555718400002,22,0.014196875038669635
16,138.0,CAT3_lower_QCD_medium_top,ggF_HH4b_SMnorm,signal,4.911746842105263,12,0.9413920334283126
16,138.0,CAT3_lower_QCD_medium_top,qcd_bbbb_iht100to200_20000,background,3982.0585488971915,1,0.09506812059363069
16,138.0,CAT3_lower_QCD_medium_top,qcd_bbbb_iht200to400_combined120k,background,27225.75745496126,66,0.6499908429769352
16,138.0,CAT3_lower_QCD_medium_top,qcd_bbbb_iht400to600_20000,background,2616.6358910680524,13,0.062469864113517924
16,138.0,CAT3_lower_QCD_medium_top,qcd_bbbb_iht600plus_20000,background,453.61287496938786,13,0.01082960558486923
16,138.0,CAT3_lower_QCD_medium_top,ttbar_200k,background,7013.6504419943,7,0.16744469169237725
16,138.0,CAT4_loose_low_purity,VBF_HH4b_SMnorm,signal,0.23522244351464433,10,0.045701155468681566
16,138.0,CAT4_loose_low_purity,Zbbbb_100k,background,864.9535590400001,32,0.02168865657337358
16,138.0,CAT4_loose_low_purity,ggF_HH4b_SMnorm,signal,4.911746842105263,12,0.9542988445313182
16,138.0,CAT4_loose_low_purity,qcd_bbbb_iht100to200_20000,background,7964.117097794383,2,0.1996997397593309
16,138.0,CAT4_loose_low_purity,qcd_bbbb_iht200to400_combined120k,background,17737.993493383845,43,0.44477908109393205
16,138.0,CAT4_loose_low_purity,qcd_bbbb_iht400to600_20000,background,2012.796839283117,10,0.050470755271109884
16,138.0,CAT4_loose_low_purity,qcd_bbbb_iht600plus_20000,background,279.1463845965464,8,0.006999578192305434
16,138.0,CAT4_loose_low_purity,ttbar_200k,background,11021.450694562473,11,0.27636218910994814
16,350.0,CAT0_very_high_QCD_high_top,VBF_HH4b_SMnorm,signal,2.4459725104602508,41,0.06858088034048979
16,350.0,CAT0_very_high_QCD_high_top,Zbbbb_100k,background,754.0922106666667,11,0.011479932570696263
16,350.0,CAT0_very_high_QCD_high_top,ggF_HH4b_SMnorm,signal,33.21954385964912,32,0.93141911965951
16,350.0,CAT0_very_high_QCD_high_top,qcd_bbbb_iht200to400_combined120k,background,17785.820910959537,17,0.2707626758162462
16,350.0,CAT0_very_high_QCD_high_top,qcd_bbbb_iht400to600_20000,background,3062.9517119525694,6,0.046628885198838295
16,350.0,CAT0_very_high_QCD_high_top,qcd_bbbb_iht600plus_20000,background,884.9749511665872,10,0.013472427671897075
16,350.0,CAT0_very_high_QCD_high_top,ttbar_200k,background,43200.02083837069,17,0.657656078742322
16,350.0,CAT1_high_QCD_medium_top,VBF_HH4b_SMnorm,signal,1.4914466527196653,25,0.0739165447780626
16,350.0,CAT1_high_QCD_medium_top,Zbbbb_100k,background,1782.3997706666669,26,0.030761248709384462
16,350.0,CAT1_high_QCD_medium_top,ggF_HH4b_SMnorm,signal,18.68599342105263,18,0.926083455221937
16,350.0,CAT1_high_QCD_medium_top,qcd_bbbb_iht200to400_combined120k,background,30340.51802457803,29,0.5236267622366908
16,350.0,CAT1_high_QCD_medium_top,qcd_bbbb_iht400to600_20000,background,7146.887327889329,14,0.12334336112987877
16,350.0,CAT1_high_QCD_medium_top,qcd_bbbb_iht600plus_20000,background,884.9749511665872,10,0.01527319236819057
16,350.0,CAT1_high_QCD_medium_top,ttbar_200k,background,17788.243874623226,7,0.3069954355558552
16,350.0,CAT2_nominal_loose_mid,VBF_HH4b_SMnorm,signal,1.073841589958159,18,0.05735804965052996
16,350.0,CAT2_nominal_loose_mid,Zbbbb_100k,background,1371.076746666667,20,0.021378042363756733
16,350.0,CAT2_nominal_loose_mid,ggF_HH4b_SMnorm,signal,17.647882675438595,17,0.9426419503494696
16,350.0,CAT2_nominal_loose_mid,qcd_bbbb_iht200to400_combined120k,background,41848.990378728326,40,0.6525159815976422
16,350.0,CAT2_nominal_loose_mid,qcd_bbbb_iht400to600_20000,background,7146.887327889329,14,0.11143538130601767
16,350.0,CAT2_nominal_loose_mid,qcd_bbbb_iht600plus_20000,background,1061.9699413999047,12,0.01655840087105122
16,350.0,CAT2_nominal_loose_mid,ttbar_200k,background,12705.888481873733,5,0.19811219386153203
16,350.0,CAT3_lower_QCD_medium_top,VBF_HH4b_SMnorm,signal,0.7755522594142259,13,0.05860796657168726
16,350.0,CAT3_lower_QCD_medium_top,Zbbbb_100k,background,1508.1844213333338,22,0.014196875038669635
16,350.0,CAT3_lower_QCD_medium_top,ggF_HH4b_SMnorm,signal,12.45732894736842,12,0.9413920334283127
16,350.0,CAT3_lower_QCD_medium_top,qcd_bbbb_iht100to200_20000,background,10099.423855898674,1,0.0950681205936307
16,350.0,CAT3_lower_QCD_medium_top,qcd_bbbb_iht200to400_combined120k,background,69050.83412490174,66,0.6499908429769352
16,350.0,CAT3_lower_QCD_medium_top,qcd_bbbb_iht400to600_20000,background,6636.395375897234,13,0.062469864113517924
16,350.0,CAT3_lower_QCD_medium_top,qcd_bbbb_iht600plus_20000,background,1150.4674365165633,13,0.01082960558486923
16,350.0,CAT3_lower_QCD_medium_top,ttbar_200k,background,17788.243874623226,7,0.16744469169237727
16,350.0,CAT4_loose_low_purity,VBF_HH4b_SMnorm,signal,0.5965786610878661,10,0.045701155468681566
16,350.0,CAT4_loose_low_purity,Zbbbb_100k,background,2193.7227946666667,32,0.02168865657337358
16,350.0,CAT4_loose_low_purity,ggF_HH4b_SMnorm,signal,12.45732894736842,12,0.9542988445313183
16,350.0,CAT4_loose_low_purity,qcd_bbbb_iht100to200_20000,background,20198.84771179735,2,0.1996997397593309
16,350.0,CAT4_loose_low_purity,qcd_bbbb_iht200to400_combined120k,background,44987.66465713294,43,0.444779081093932
16,350.0,CAT4_loose_low_purity,qcd_bbbb_iht400to600_20000,background,5104.919519920949,10,0.050470755271109884
16,350.0,CAT4_loose_low_purity,qcd_bbbb_iht600plus_20000,background,707.9799609332698,8,0.006999578192305434
16,350.0,CAT4_loose_low_purity,ttbar_200k,background,27952.95466012221,11,0.2763621891099481
16,450.0,CAT0_very_high_QCD_high_top,VBF_HH4b_SMnorm,signal,3.1448217991631795,41,0.06858088034048979
16,450.0,CAT0_very_high_QCD_high_top,Zbbbb_100k,background,969.547128,11,0.011479932570696265
16,450.0,CAT0_very_high_QCD_high_top,ggF_HH4b_SMnorm,signal,42.71084210526316,32,0.9314191196595102
16,450.0,CAT0_very_high_QCD_high_top,qcd_bbbb_iht200to400_combined120k,background,22867.484028376548,17,0.2707626758162462
16,450.0,CAT0_very_high_QCD_high_top,qcd_bbbb_iht400to600_20000,background,3938.0807725104464,6,0.046628885198838295
16,450.0,CAT0_very_high_QCD_high_top,qcd_bbbb_iht600plus_20000,background,1137.8249372141836,10,0.013472427671897077
16,450.0,CAT0_very_high_QCD_high_top,ttbar_200k,background,55542.883935048034,17,0.657656078742322
16,450.0,CAT1_high_QCD_medium_top,VBF_HH4b_SMnorm,signal,1.9175742677824268,25,0.07391654477806262
16,450.0,CAT1_high_QCD_medium_top,Zbbbb_100k,background,2291.6568480000005,26,0.03076124870938447
16,450.0,CAT1_high_QCD_medium_top,ggF_HH4b_SMnorm,signal,24.024848684210525,18,0.9260834552219371
16,450.0,CAT1_high_QCD_medium_top,qcd_bbbb_iht200to400_combined120k,background,39009.237460171746,29,0.5236267622366908
16,450.0,CAT1_high_QCD_medium_top,qcd_bbbb_iht400to600_20000,background,9188.85513585771,14,0.1233433611298788
16,450.0,CAT1_high_QCD_medium_top,qcd_bbbb_iht600plus_20000,background,1137.8249372141836,10,0.015273192368190573
16,450.0,CAT1_high_QCD_medium_top,ttbar_200k,background,22870.59926737272,7,0.30699543555585523
16,450.0,CAT2_nominal_loose_mid,VBF_HH4b_SMnorm,signal,1.3806534728033475,18,0.05735804965052997
16,450.0,CAT2_nominal_loose_mid,Zbbbb_100k,background,1762.8129600000007,20,0.021378042363756733
16,450.0,CAT2_nominal_loose_mid,ggF_HH4b_SMnorm,signal,22.69013486842105,17,0.9426419503494696
16,450.0,CAT2_nominal_loose_mid,qcd_bbbb_iht200to400_combined120k,background,53805.8447726507,40,0.6525159815976421
16,450.0,CAT2_nominal_loose_mid,qcd_bbbb_iht400to600_20000,background,9188.85513585771,14,0.11143538130601767
16,450.0,CAT2_nominal_loose_mid,qcd_bbbb_iht600plus_20000,background,1365.3899246570202,12,0.01655840087105122
16,450.0,CAT2_nominal_loose_mid,ttbar_200k,background,16336.142333837657,5,0.19811219386153203
16,450.0,CAT3_lower_QCD_medium_top,VBF_HH4b_SMnorm,signal,0.9971386192468619,13,0.05860796657168726
16,450.0,CAT3_lower_QCD_medium_top,Zbbbb_100k,background,1939.0942560000008,22,0.014196875038669635
16,450.0,CAT3_lower_QCD_medium_top,ggF_HH4b_SMnorm,signal,16.016565789473685,12,0.9413920334283128
16,450.0,CAT3_lower_QCD_medium_top,qcd_bbbb_iht100to200_20000,background,12984.973529012581,1,0.0950681205936307
16,450.0,CAT3_lower_QCD_medium_top,qcd_bbbb_iht200to400_combined120k,background,88779.64387487367,66,0.6499908429769352
16,450.0,CAT3_lower_QCD_medium_top,qcd_bbbb_iht400to600_20000,background,8532.5083404393,13,0.062469864113517924
16,450.0,CAT3_lower_QCD_medium_top,qcd_bbbb_iht600plus_20000,background,1479.1724183784386,13,0.01082960558486923
16,450.0,CAT3_lower_QCD_medium_top,ttbar_200k,background,22870.59926737272,7,0.16744469169237727
16,450.0,CAT4_loose_low_purity,VBF_HH4b_SMnorm,signal,0.7670297071129707,10,0.04570115546868157
16,450.0,CAT4_loose_low_purity,Zbbbb_100k,background,2820.5007360000004,32,0.021688656573373582
16,450.0,CAT4_loose_low_purity,ggF_HH4b_SMnorm,signal,16.016565789473685,12,0.9542988445313184
16,450.0,CAT4_loose_low_purity,qcd_bbbb_iht100to200_20000,background,25969.947058025162,2,0.1996997397593309
16,450.0,CAT4_loose_low_purity,qcd_bbbb_iht200to400_combined120k,background,57841.2831305995,43,0.44477908109393205
16,450.0,CAT4_loose_low_purity,qcd_bbbb_iht400to600_20000,background,6563.467954184077,10,0.050470755271109884
16,450.0,CAT4_loose_low_purity,qcd_bbbb_iht600plus_20000,background,910.2599497713469,8,0.006999578192305434
16,450.0,CAT4_loose_low_purity,ttbar_200k,background,35939.513134442845,11,0.2763621891099481
16,4000.0,CAT0_very_high_QCD_high_top,VBF_HH4b_SMnorm,signal,27.953971548117153,41,0.06858088034048979
16,4000.0,CAT0_very_high_QCD_high_top,Zbbbb_100k,background,8618.196693333333,11,0.011479932570696265
16,4000.0,CAT0_very_high_QCD_high_top,ggF_HH4b_SMnorm,signal,379.6519298245614,32,0.9314191196595102
16,4000.0,CAT0_very_high_QCD_high_top,qcd_bbbb_iht200to400_combined120k,background,203266.52469668043,17,0.2707626758162462
16,4000.0,CAT0_very_high_QCD_high_top,qcd_bbbb_iht400to600_20000,background,35005.16242231508,6,0.046628885198838295
16,4000.0,CAT0_very_high_QCD_high_top,qcd_bbbb_iht600plus_20000,background,10113.999441903854,10,0.013472427671897077
16,4000.0,CAT0_very_high_QCD_high_top,ttbar_200k,background,493714.5238670936,17,0.657656078742322
16,4000.0,CAT1_high_QCD_medium_top,VBF_HH4b_SMnorm,signal,17.04510460251046,25,0.0739165447780626
16,4000.0,CAT1_high_QCD_medium_top,Zbbbb_100k,background,20370.283093333335,26,0.030761248709384466
16,4000.0,CAT1_high_QCD_medium_top,ggF_HH4b_SMnorm,signal,213.55421052631579,18,0.9260834552219371
16,4000.0,CAT1_high_QCD_medium_top,qcd_bbbb_iht200to400_combined120k,background,346748.77742374886,29,0.5236267622366908
16,4000.0,CAT1_high_QCD_medium_top,qcd_bbbb_iht400to600_20000,background,81678.7123187352,14,0.1233433611298788
16,4000.0,CAT1_high_QCD_medium_top,qcd_bbbb_iht600plus_20000,background,10113.999441903854,10,0.015273192368190571
16,4000.0,CAT1_high_QCD_medium_top,ttbar_200k,background,203294.2157099797,7,0.3069954355558552
16,4000.0,CAT2_nominal_loose_mid,VBF_HH4b_SMnorm,signal,12.272475313807533,18,0.057358049650529964
16,4000.0,CAT2_nominal_loose_mid,Zbbbb_100k,background,15669.448533333338,20,0.021378042363756733
16,4000.0,CAT2_nominal_loose_mid,ggF_HH4b_SMnorm,signal,201.69008771929825,17,0.9426419503494697
16,4000.0,CAT2_nominal_loose_mid,qcd_bbbb_iht200to400_combined120k,background,478274.1757568951,40,0.6525159815976422
16,4000.0,CAT2_nominal_loose_mid,qcd_bbbb_iht400to600_20000,background,81678.7123187352,14,0.11143538130601768
16,4000.0,CAT2_nominal_loose_mid,qcd_bbbb_iht600plus_20000,background,12136.799330284624,12,0.016558400871051225
16,4000.0,CAT2_nominal_loose_mid,ttbar_200k,background,145210.15407855695,5,0.19811219386153206
16,4000.0,CAT3_lower_QCD_medium_top,VBF_HH4b_SMnorm,signal,8.863454393305439,13,0.05860796657168726
16,4000.0,CAT3_lower_QCD_medium_top,Zbbbb_100k,background,17236.393386666674,22,0.014196875038669636
16,4000.0,CAT3_lower_QCD_medium_top,ggF_HH4b_SMnorm,signal,142.36947368421053,12,0.9413920334283128
16,4000.0,CAT3_lower_QCD_medium_top,qcd_bbbb_iht100to200_20000,background,115421.98692455627,1,0.0950681205936307
16,4000.0,CAT3_lower_QCD_medium_top,qcd_bbbb_iht200to400_combined120k,background,789152.3899988771,66,0.6499908429769353
16,4000.0,CAT3_lower_QCD_medium_top,qcd_bbbb_iht400to600_20000,background,75844.51858168267,13,0.062469864113517924
16,4000.0,CAT3_lower_QCD_medium_top,qcd_bbbb_iht600plus_20000,background,13148.19927447501,13,0.01082960558486923
16,4000.0,CAT3_lower_QCD_medium_top,ttbar_200k,background,203294.2157099797,7,0.16744469169237725
16,4000.0,CAT4_loose_low_purity,VBF_HH4b_SMnorm,signal,6.818041841004184,10,0.045701155468681566
16,4000.0,CAT4_loose_low_purity,Zbbbb_100k,background,25071.117653333335,32,0.02168865657337358
16,4000.0,CAT4_loose_low_purity,ggF_HH4b_SMnorm,signal,142.36947368421053,12,0.9542988445313183
16,4000.0,CAT4_loose_low_purity,qcd_bbbb_iht100to200_20000,background,230843.97384911255,2,0.19969973975933086
16,4000.0,CAT4_loose_low_purity,qcd_bbbb_iht200to400_combined120k,background,514144.73893866217,43,0.444779081093932
16,4000.0,CAT4_loose_low_purity,qcd_bbbb_iht400to600_20000,background,58341.93737052513,10,0.050470755271109884
16,4000.0,CAT4_loose_low_purity,qcd_bbbb_iht600plus_20000,background,8091.1995535230835,8,0.006999578192305433
16,4000.0,CAT4_loose_low_purity,ttbar_200k,background,319462.33897282527,11,0.2763621891099481
17,138.0,CAT0_very_high_QCD_high_top,VBF_HH4b_SMnorm,signal,0.8776675392405062,37,0.06331572002046965
17,138.0,CAT0_very_high_QCD_high_top,Zbbbb_100k,background,346.24512896936585,13,0.019987274595557443
17,138.0,CAT0_very_high_QCD_high_top,ggF_HH4b_SMnorm,signal,12.984096000000001,32,0.9366842799795304
17,138.0,CAT0_very_high_QCD_high_top,qcd_bbbb_iht200to400_combined120k,background,5445.644821636081,13,0.31435416499258756
17,138.0,CAT0_very_high_QCD_high_top,qcd_bbbb_iht400to600_20000,background,2165.1584059838947,11,0.12498548566471926
17,138.0,CAT0_very_high_QCD_high_top,qcd_bbbb_iht600plus_20000,background,383.22981218649795,11,0.02212224475814398
17,138.0,CAT0_very_high_QCD_high_top,ttbar_200k,background,8983.000566101075,9,0.5185508299889917
17,138.0,CAT1_high_QCD_medium_top,VBF_HH4b_SMnorm,signal,0.5692978632911392,24,0.059952193027104764
17,138.0,CAT1_high_QCD_medium_top,Zbbbb_100k,background,665.8560172487806,25,0.016049764880706245
17,138.0,CAT1_high_QCD_medium_top,ggF_HH4b_SMnorm,signal,8.926566000000001,22,0.9400478069728953
17,138.0,CAT1_high_QCD_medium_top,qcd_bbbb_iht100to200_20000,background,3982.0585488971915,1,0.09598336846917374
17,138.0,CAT1_high_QCD_medium_top,qcd_bbbb_iht200to400_combined120k,background,17174.725975929177,41,0.4139788582870634
17,138.0,CAT1_high_QCD_medium_top,qcd_bbbb_iht400to600_20000,background,3346.1539001569286,17,0.08065555009036039
17,138.0,CAT1_high_QCD_medium_top,qcd_bbbb_iht600plus_20000,background,348.39073835136173,10,0.008397595414484097
17,138.0,CAT1_high_QCD_medium_top,ttbar_200k,background,15969.778784179687,16,0.3849348628582123
17,138.0,CAT2_nominal_loose_mid,VBF_HH4b_SMnorm,signal,0.5692978632911392,24,0.09108999202282748
17,138.0,CAT2_nominal_loose_mid,Zbbbb_100k,background,506.05057310907324,19,0.014333697348180414
17,138.0,CAT2_nominal_loose_mid,ggF_HH4b_SMnorm,signal,5.680542000000001,14,0.9089100079771725
17,138.0,CAT2_nominal_loose_mid,qcd_bbbb_iht200to400_combined120k,background,22201.475042054797,53,0.6288486583087101
17,138.0,CAT2_nominal_loose_mid,qcd_bbbb_iht400to600_20000,background,2952.4887354325847,15,0.08362816328335822
17,138.0,CAT2_nominal_loose_mid,qcd_bbbb_iht600plus_20000,background,661.9424028675876,19,0.01874927639413278
17,138.0,CAT2_nominal_loose_mid,ttbar_200k,background,8983.000566101075,9,0.2544402046656185
17,138.0,CAT3_lower_QCD_medium_top,VBF_HH4b_SMnorm,signal,0.2372074430379747,10,0.04303475981694142
17,138.0,CAT3_lower_QCD_medium_top,Zbbbb_100k,background,585.9532951789269,22,0.015334057529386417
17,138.0,CAT3_lower_QCD_medium_top,ggF_HH4b_SMnorm,signal,5.274789000000001,13,0.9569652401830587
17,138.0,CAT3_lower_QCD_medium_top,qcd_bbbb_iht200to400_combined120k,background,25971.53684164901,62,0.6796600400289844
17,138.0,CAT3_lower_QCD_medium_top,qcd_bbbb_iht400to600_20000,background,3936.651647243446,20,0.10301988798194535
17,138.0,CAT3_lower_QCD_medium_top,qcd_bbbb_iht600plus_20000,background,731.62055053786,21,0.019146085027481857
17,138.0,CAT3_lower_QCD_medium_top,ttbar_200k,background,6986.7782180786135,7,0.18283992943220229
17,138.0,CAT4_loose_low_purity,VBF_HH4b_SMnorm,signal,0.26092818734177214,11,0.031151928764190512
17,138.0,CAT4_loose_low_purity,Zbbbb_100k,background,985.4669055281952,37,0.02534338209033933
17,138.0,CAT4_loose_low_purity,ggF_HH4b_SMnorm,signal,8.115060000000001,20,0.9688480712358095
17,138.0,CAT4_loose_low_purity,qcd_bbbb_iht100to200_20000,background,3982.0585488971915,1,0.10240712371432988
17,138.0,CAT4_loose_low_purity,qcd_bbbb_iht200to400_combined120k,background,16755.83022041871,40,0.4309118907339871
17,138.0,CAT4_loose_low_purity,qcd_bbbb_iht400to600_20000,background,1771.4932412595504,9,0.04555772480216481
17,138.0,CAT4_loose_low_purity,qcd_bbbb_iht600plus_20000,background,418.0688860216341,12,0.010751532556894835
17,138.0,CAT4_loose_low_purity,ttbar_200k,background,14971.667610168457,15,0.385028346102284
17,350.0,CAT0_very_high_QCD_high_top,VBF_HH4b_SMnorm,signal,2.2259683966244723,37,0.06331572002046965
17,350.0,CAT0_very_high_QCD_high_top,Zbbbb_100k,background,878.1579357918699,13,0.019987274595557443
17,350.0,CAT0_very_high_QCD_high_top,ggF_HH4b_SMnorm,signal,32.93067826086957,32,0.9366842799795305
17,350.0,CAT0_very_high_QCD_high_top,qcd_bbbb_iht200to400_combined120k,background,13811.418025888612,13,0.31435416499258756
17,350.0,CAT0_very_high_QCD_high_top,qcd_bbbb_iht400to600_20000,background,5491.343783292487,11,0.12498548566471927
17,350.0,CAT0_very_high_QCD_high_top,qcd_bbbb_iht600plus_20000,background,971.959668588944,11,0.02212224475814398
17,350.0,CAT0_very_high_QCD_high_top,ttbar_200k,background,22782.97245025635,9,0.5185508299889917
17,350.0,CAT1_high_QCD_medium_top,VBF_HH4b_SMnorm,signal,1.4438713924050632,24,0.059952193027104764
17,350.0,CAT1_high_QCD_medium_top,Zbbbb_100k,background,1688.7652611382118,25,0.016049764880706245
17,350.0,CAT1_high_QCD_medium_top,ggF_HH4b_SMnorm,signal,22.63984130434783,22,0.9400478069728951
17,350.0,CAT1_high_QCD_medium_top,qcd_bbbb_iht100to200_20000,background,10099.423855898674,1,0.09598336846917374
17,350.0,CAT1_high_QCD_medium_top,qcd_bbbb_iht200to400_combined120k,background,43559.08762011023,41,0.4139788582870634
17,350.0,CAT1_high_QCD_medium_top,qcd_bbbb_iht400to600_20000,background,8486.622210542935,17,0.08065555009036039
17,350.0,CAT1_high_QCD_medium_top,qcd_bbbb_iht600plus_20000,background,883.5996987172218,10,0.008397595414484097
17,350.0,CAT1_high_QCD_medium_top,ttbar_200k,background,40503.06213378906,16,0.3849348628582123
17,350.0,CAT2_nominal_loose_mid,VBF_HH4b_SMnorm,signal,1.4438713924050632,24,0.09108999202282748
17,350.0,CAT2_nominal_loose_mid,Zbbbb_100k,background,1283.4615984650409,19,0.014333697348180416
17,350.0,CAT2_nominal_loose_mid,ggF_HH4b_SMnorm,signal,14.407171739130437,14,0.9089100079771725
17,350.0,CAT2_nominal_loose_mid,qcd_bbbb_iht200to400_combined120k,background,56308.08887477666,53,0.6288486583087102
17,350.0,CAT2_nominal_loose_mid,qcd_bbbb_iht400to600_20000,background,7488.196068126121,15,0.08362816328335823
17,350.0,CAT2_nominal_loose_mid,qcd_bbbb_iht600plus_20000,background,1678.839427562722,19,0.01874927639413278
17,350.0,CAT2_nominal_loose_mid,ttbar_200k,background,22782.97245025635,9,0.25444020466561856
17,350.0,CAT3_lower_QCD_medium_top,VBF_HH4b_SMnorm,signal,0.6016130801687763,10,0.043034759816941416
17,350.0,CAT3_lower_QCD_medium_top,Zbbbb_100k,background,1486.1134298016261,22,0.015334057529386417
17,350.0,CAT3_lower_QCD_medium_top,ggF_HH4b_SMnorm,signal,13.378088043478263,13,0.9569652401830586
17,350.0,CAT3_lower_QCD_medium_top,qcd_bbbb_iht200to400_combined120k,background,65869.83981577648,62,0.6796600400289843
17,350.0,CAT3_lower_QCD_medium_top,qcd_bbbb_iht400to600_20000,background,9984.26142416816,20,0.10301988798194535
17,350.0,CAT3_lower_QCD_medium_top,qcd_bbbb_iht600plus_20000,background,1855.5593673061667,21,0.019146085027481854
17,350.0,CAT3_lower_QCD_medium_top,ttbar_200k,background,17720.089683532715,7,0.18283992943220226
17,350.0,CAT4_loose_low_purity,VBF_HH4b_SMnorm,signal,0.661774388185654,11,0.031151928764190512
17,350.0,CAT4_loose_low_purity,Zbbbb_100k,background,2499.3725864845533,37,0.025343382090339338
17,350.0,CAT4_loose_low_purity,ggF_HH4b_SMnorm,signal,20.58167391304348,20,0.9688480712358094
17,350.0,CAT4_loose_low_purity,qcd_bbbb_iht100to200_20000,background,10099.423855898674,1,0.10240712371432989
17,350.0,CAT4_loose_low_purity,qcd_bbbb_iht200to400_combined120k,background,42496.67084888803,40,0.43091189073398717
17,350.0,CAT4_loose_low_purity,qcd_bbbb_iht400to600_20000,background,4492.917640875671,9,0.045557724802164815
17,350.0,CAT4_loose_low_purity,qcd_bbbb_iht600plus_20000,background,1060.319638460666,12,0.010751532556894835
17,350.0,CAT4_loose_low_purity,ttbar_200k,background,37971.620750427246,15,0.38502834610228404
17,450.0,CAT0_very_high_QCD_high_top,VBF_HH4b_SMnorm,signal,2.861959367088607,37,0.06331572002046965
17,450.0,CAT0_very_high_QCD_high_top,Zbbbb_100k,background,1129.0602031609756,13,0.019987274595557443
17,450.0,CAT0_very_high_QCD_high_top,ggF_HH4b_SMnorm,signal,42.339443478260876,32,0.9366842799795305
17,450.0,CAT0_very_high_QCD_high_top,qcd_bbbb_iht200to400_combined120k,background,17757.537461856788,13,0.31435416499258756
17,450.0,CAT0_very_high_QCD_high_top,qcd_bbbb_iht400to600_20000,background,7060.299149947484,11,0.12498548566471929
17,450.0,CAT0_very_high_QCD_high_top,qcd_bbbb_iht600plus_20000,background,1249.6624310429281,11,0.022122244758143984
17,450.0,CAT0_very_high_QCD_high_top,ttbar_200k,background,29292.393150329593,9,0.5185508299889917
17,450.0,CAT1_high_QCD_medium_top,VBF_HH4b_SMnorm,signal,1.856406075949367,24,0.059952193027104764
17,450.0,CAT1_high_QCD_medium_top,Zbbbb_100k,background,2171.269621463415,25,0.016049764880706245
17,450.0,CAT1_high_QCD_medium_top,ggF_HH4b_SMnorm,signal,29.108367391304352,22,0.9400478069728953
17,450.0,CAT1_high_QCD_medium_top,qcd_bbbb_iht100to200_20000,background,12984.973529012581,1,0.09598336846917374
17,450.0,CAT1_high_QCD_medium_top,qcd_bbbb_iht200to400_combined120k,background,56004.54122585601,41,0.4139788582870634
17,450.0,CAT1_high_QCD_medium_top,qcd_bbbb_iht400to600_20000,background,10911.371413555202,17,0.08065555009036039
17,450.0,CAT1_high_QCD_medium_top,qcd_bbbb_iht600plus_20000,background,1136.056755493571,10,0.008397595414484099
17,450.0,CAT1_high_QCD_medium_top,ttbar_200k,background,52075.36560058594,16,0.3849348628582123
17,450.0,CAT2_nominal_loose_mid,VBF_HH4b_SMnorm,signal,1.856406075949367,24,0.09108999202282748
17,450.0,CAT2_nominal_loose_mid,Zbbbb_100k,background,1650.1649123121954,19,0.014333697348180416
17,450.0,CAT2_nominal_loose_mid,ggF_HH4b_SMnorm,signal,18.523506521739133,14,0.9089100079771724
17,450.0,CAT2_nominal_loose_mid,qcd_bbbb_iht200to400_combined120k,background,72396.11426757,53,0.6288486583087102
17,450.0,CAT2_nominal_loose_mid,qcd_bbbb_iht400to600_20000,background,9627.680659019297,15,0.08362816328335822
17,450.0,CAT2_nominal_loose_mid,qcd_bbbb_iht600plus_20000,background,2158.5078354377856,19,0.01874927639413278
17,450.0,CAT2_nominal_loose_mid,ttbar_200k,background,29292.393150329593,9,0.25444020466561856
17,450.0,CAT3_lower_QCD_medium_top,VBF_HH4b_SMnorm,signal,0.7735025316455696,10,0.04303475981694142
17,450.0,CAT3_lower_QCD_medium_top,Zbbbb_100k,background,1910.717266887805,22,0.015334057529386415
17,450.0,CAT3_lower_QCD_medium_top,ggF_HH4b_SMnorm,signal,17.200398913043482,13,0.9569652401830588
17,450.0,CAT3_lower_QCD_medium_top,qcd_bbbb_iht200to400_combined120k,background,84689.79404885546,62,0.6796600400289843
17,450.0,CAT3_lower_QCD_medium_top,qcd_bbbb_iht400to600_20000,background,12836.907545359063,20,0.10301988798194534
17,450.0,CAT3_lower_QCD_medium_top,qcd_bbbb_iht600plus_20000,background,2385.7191865365,21,0.019146085027481854
17,450.0,CAT3_lower_QCD_medium_top,ttbar_200k,background,22782.972450256348,7,0.18283992943220226
17,450.0,CAT4_loose_low_purity,VBF_HH4b_SMnorm,signal,0.8508527848101266,11,0.031151928764190512
17,450.0,CAT4_loose_low_purity,Zbbbb_100k,background,3213.479039765854,37,0.025343382090339334
17,450.0,CAT4_loose_low_purity,ggF_HH4b_SMnorm,signal,26.462152173913047,20,0.9688480712358094
17,450.0,CAT4_loose_low_purity,qcd_bbbb_iht100to200_20000,background,12984.973529012581,1,0.10240712371432988
17,450.0,CAT4_loose_low_purity,qcd_bbbb_iht200to400_combined120k,background,54638.576805713186,40,0.43091189073398717
17,450.0,CAT4_loose_low_purity,qcd_bbbb_iht400to600_20000,background,5776.608395411577,9,0.0455577248021648
17,450.0,CAT4_loose_low_purity,qcd_bbbb_iht600plus_20000,background,1363.268106592285,12,0.010751532556894833
17,450.0,CAT4_loose_low_purity,ttbar_200k,background,48820.65525054932,15,0.385028346102284
17,4000.0,CAT0_very_high_QCD_high_top,VBF_HH4b_SMnorm,signal,25.439638818565395,37,0.06331572002046963
17,4000.0,CAT0_very_high_QCD_high_top,Zbbbb_100k,background,10036.090694764229,13,0.019987274595557443
17,4000.0,CAT0_very_high_QCD_high_top,ggF_HH4b_SMnorm,signal,376.3506086956522,32,0.9366842799795304
17,4000.0,CAT0_very_high_QCD_high_top,qcd_bbbb_iht200to400_combined120k,background,157844.777438727,13,0.31435416499258756
17,4000.0,CAT0_very_high_QCD_high_top,qcd_bbbb_iht400to600_20000,background,62758.21466619985,11,0.12498548566471926
17,4000.0,CAT0_very_high_QCD_high_top,qcd_bbbb_iht600plus_20000,background,11108.11049815936,11,0.022122244758143977
17,4000.0,CAT0_very_high_QCD_high_top,ttbar_200k,background,260376.82800292972,9,0.5185508299889917
17,4000.0,CAT1_high_QCD_medium_top,VBF_HH4b_SMnorm,signal,16.50138734177215,24,0.059952193027104764
17,4000.0,CAT1_high_QCD_medium_top,Zbbbb_100k,background,19300.174413008135,25,0.016049764880706245
17,4000.0,CAT1_high_QCD_medium_top,ggF_HH4b_SMnorm,signal,258.7410434782609,22,0.9400478069728953
17,4000.0,CAT1_high_QCD_medium_top,qcd_bbbb_iht100to200_20000,background,115421.98692455627,1,0.09598336846917373
17,4000.0,CAT1_high_QCD_medium_top,qcd_bbbb_iht200to400_combined120k,background,497818.14422983123,41,0.4139788582870634
17,4000.0,CAT1_high_QCD_medium_top,qcd_bbbb_iht400to600_20000,background,96989.96812049068,17,0.08065555009036039
17,4000.0,CAT1_high_QCD_medium_top,qcd_bbbb_iht600plus_20000,background,10098.282271053964,10,0.008397595414484097
17,4000.0,CAT1_high_QCD_medium_top,ttbar_200k,background,462892.138671875,16,0.38493486285821227
17,4000.0,CAT2_nominal_loose_mid,VBF_HH4b_SMnorm,signal,16.50138734177215,24,0.09108999202282748
17,4000.0,CAT2_nominal_loose_mid,Zbbbb_100k,background,14668.13255388618,19,0.014333697348180416
17,4000.0,CAT2_nominal_loose_mid,ggF_HH4b_SMnorm,signal,164.65339130434785,14,0.9089100079771725
17,4000.0,CAT2_nominal_loose_mid,qcd_bbbb_iht200to400_combined120k,background,643521.0157117333,53,0.6288486583087102
17,4000.0,CAT2_nominal_loose_mid,qcd_bbbb_iht400to600_20000,background,85579.38363572709,15,0.08362816328335823
17,4000.0,CAT2_nominal_loose_mid,qcd_bbbb_iht600plus_20000,background,19186.736315002538,19,0.01874927639413278
17,4000.0,CAT2_nominal_loose_mid,ttbar_200k,background,260376.82800292972,9,0.25444020466561856
17,4000.0,CAT3_lower_QCD_medium_top,VBF_HH4b_SMnorm,signal,6.87557805907173,10,0.04303475981694142
17,4000.0,CAT3_lower_QCD_medium_top,Zbbbb_100k,background,16984.153483447157,22,0.015334057529386417
17,4000.0,CAT3_lower_QCD_medium_top,ggF_HH4b_SMnorm,signal,152.89243478260872,13,0.9569652401830587
17,4000.0,CAT3_lower_QCD_medium_top,qcd_bbbb_iht200to400_combined120k,background,752798.1693231597,62,0.6796600400289843
17,4000.0,CAT3_lower_QCD_medium_top,qcd_bbbb_iht400to600_20000,background,114105.84484763611,20,0.10301988798194534
17,4000.0,CAT3_lower_QCD_medium_top,qcd_bbbb_iht600plus_20000,background,21206.392769213333,21,0.019146085027481854
17,4000.0,CAT3_lower_QCD_medium_top,ttbar_200k,background,202515.3106689453,7,0.18283992943220226
17,4000.0,CAT4_loose_low_purity,VBF_HH4b_SMnorm,signal,7.5631358649789036,11,0.031151928764190512
17,4000.0,CAT4_loose_low_purity,Zbbbb_100k,background,28564.258131252034,37,0.025343382090339334
17,4000.0,CAT4_loose_low_purity,ggF_HH4b_SMnorm,signal,235.21913043478264,20,0.9688480712358094
17,4000.0,CAT4_loose_low_purity,qcd_bbbb_iht100to200_20000,background,115421.98692455627,1,0.10240712371432988
17,4000.0,CAT4_loose_low_purity,qcd_bbbb_iht200to400_combined120k,background,485676.2382730061,40,0.4309118907339872
17,4000.0,CAT4_loose_low_purity,qcd_bbbb_iht400to600_20000,background,51347.63018143624,9,0.04555772480216481
17,4000.0,CAT4_loose_low_purity,qcd_bbbb_iht600plus_20000,background,12117.938725264756,12,0.010751532556894835
17,4000.0,CAT4_loose_low_purity,ttbar_200k,background,433961.3800048828,15,0.38502834610228404
18,138.0,CAT0_very_high_QCD_high_top,VBF_HH4b_SMnorm,signal,0.793401508064516,35,0.08143966078925487
18,138.0,CAT0_very_high_QCD_high_top,Zbbbb_100k,background,437.5307652572955,16,0.023442455619702884
18,138.0,CAT0_very_high_QCD_high_top,ggF_HH4b_SMnorm,signal,8.948799041095892,21,0.9185603392107453
18,138.0,CAT0_very_high_QCD_high_top,qcd_bbbb_iht200to400_combined120k,background,4540.771910599258,11,0.24328996369162556
18,138.0,CAT0_very_high_QCD_high_top,qcd_bbbb_iht400to600_20000,background,1320.7357529218684,7,0.07076368505199536
18,138.0,CAT0_very_high_QCD_high_top,qcd_bbbb_iht600plus_20000,background,183.01178786049087,5,0.009805586384946217
18,138.0,CAT0_very_high_QCD_high_top,ttbar_200k,background,12181.982782086709,13,0.6526983092517299
18,138.0,CAT1_high_QCD_medium_top,VBF_HH4b_SMnorm,signal,0.6573898209677418,29,0.0750966023498903
18,138.0,CAT1_high_QCD_medium_top,Zbbbb_100k,background,410.1850924287144,15,0.014382969131101129
18,138.0,CAT1_high_QCD_medium_top,ggF_HH4b_SMnorm,signal,8.096532465753425,19,0.9249033976501096
18,138.0,CAT1_high_QCD_medium_top,qcd_bbbb_iht200to400_combined120k,background,12796.720838961546,31,0.44871167724870237
18,138.0,CAT1_high_QCD_medium_top,qcd_bbbb_iht400to600_20000,background,4528.236867160692,24,0.15878073650374092
18,138.0,CAT1_high_QCD_medium_top,qcd_bbbb_iht600plus_20000,background,475.8306484372763,13,0.016684803164304575
18,138.0,CAT1_high_QCD_medium_top,ttbar_200k,background,10307.8315848426,11,0.3614398139521508
18,138.0,CAT2_nominal_loose_mid,VBF_HH4b_SMnorm,signal,0.4080350612903225,18,0.056466315239461315
18,138.0,CAT2_nominal_loose_mid,Zbbbb_100k,background,847.7158576860104,31,0.021735314792761157
18,138.0,CAT2_nominal_loose_mid,ggF_HH4b_SMnorm,signal,6.818132602739727,16,0.9435336847605388
18,138.0,CAT2_nominal_loose_mid,qcd_bbbb_iht200to400_combined120k,background,20639.872320905717,50,0.5292034095031026
18,138.0,CAT2_nominal_loose_mid,qcd_bbbb_iht400to600_20000,background,3018.8245781071278,16,0.07740223556557121
18,138.0,CAT2_nominal_loose_mid,qcd_bbbb_iht600plus_20000,background,439.2282908651781,12,0.011261751306505793
18,138.0,CAT2_nominal_loose_mid,ttbar_200k,background,14056.133979330816,15,0.3603972888320592
18,138.0,CAT3_lower_QCD_medium_top,VBF_HH4b_SMnorm,signal,0.4080350612903225,18,0.04568903043062525
18,138.0,CAT3_lower_QCD_medium_top,Zbbbb_100k,background,902.407203343172,33,0.02151466539191374
18,138.0,CAT3_lower_QCD_medium_top,ggF_HH4b_SMnorm,signal,8.522665753424658,20,0.9543109695693746
18,138.0,CAT3_lower_QCD_medium_top,qcd_bbbb_iht200to400_combined120k,background,29721.416142104234,72,0.7086006415975211
18,138.0,CAT3_lower_QCD_medium_top,qcd_bbbb_iht400to600_20000,background,6415.002228477646,34,0.15294273574364617
18,138.0,CAT3_lower_QCD_medium_top,qcd_bbbb_iht600plus_20000,background,219.61414543258905,6,0.005235912165604042
18,138.0,CAT3_lower_QCD_medium_top,ttbar_200k,background,4685.377993110273,5,0.11170604510131493
18,138.0,CAT4_loose_low_purity,VBF_HH4b_SMnorm,signal,0.3173606032258064,14,0.06931248064897638
18,138.0,CAT4_loose_low_purity,Zbbbb_100k,background,710.9874935431053,26,0.018696676578943264
18,138.0,CAT4_loose_low_purity,ggF_HH4b_SMnorm,signal,4.261332876712329,10,0.9306875193510235
18,138.0,CAT4_loose_low_purity,qcd_bbbb_iht200to400_combined120k,background,19814.277428069487,48,0.5210515516551921
18,138.0,CAT4_loose_low_purity,qcd_bbbb_iht400to600_20000,background,1886.765361316955,10,0.04961584002708964
18,138.0,CAT4_loose_low_purity,qcd_bbbb_iht600plus_20000,background,622.2400787256688,17,0.016362905975201514
18,138.0,CAT4_loose_low_purity,ttbar_200k,background,14993.209577952874,16,0.39427302576357354
18,350.0,CAT0_very_high_QCD_high_top,VBF_HH4b_SMnorm,signal,2.012250201612903,35,0.08143966078925488
18,350.0,CAT0_very_high_QCD_high_top,Zbbbb_100k,background,1109.6794771018365,16,0.023442455619702884
18,350.0,CAT0_very_high_QCD_high_top,ggF_HH4b_SMnorm,signal,22.696229452054798,21,0.9185603392107452
18,350.0,CAT0_very_high_QCD_high_top,qcd_bbbb_iht200to400_combined120k,background,11516.450497896669,11,0.2432899636916256
18,350.0,CAT0_very_high_QCD_high_top,qcd_bbbb_iht400to600_20000,background,3349.6921269757536,7,0.07076368505199537
18,350.0,CAT0_very_high_QCD_high_top,qcd_bbbb_iht600plus_20000,background,464.16033153023045,5,0.009805586384946217
18,350.0,CAT0_very_high_QCD_high_top,ttbar_200k,background,30896.333142973534,13,0.6526983092517299
18,350.0,CAT1_high_QCD_medium_top,VBF_HH4b_SMnorm,signal,1.667293024193548,29,0.0750966023498903
18,350.0,CAT1_high_QCD_medium_top,Zbbbb_100k,background,1040.3245097829715,15,0.01438296913110113
18,350.0,CAT1_high_QCD_medium_top,ggF_HH4b_SMnorm,signal,20.534683789954336,19,0.9249033976501095
18,350.0,CAT1_high_QCD_medium_top,qcd_bbbb_iht200to400_combined120k,background,32455.45140316334,31,0.44871167724870237
18,350.0,CAT1_high_QCD_medium_top,qcd_bbbb_iht400to600_20000,background,11484.658721059726,24,0.15878073650374092
18,350.0,CAT1_high_QCD_medium_top,qcd_bbbb_iht600plus_20000,background,1206.8168619785993,13,0.01668480316430457
18,350.0,CAT1_high_QCD_medium_top,ttbar_200k,background,26143.05112097761,11,0.36143981395215086
18,350.0,CAT2_nominal_loose_mid,VBF_HH4b_SMnorm,signal,1.0348715322580644,18,0.056466315239461315
18,350.0,CAT2_nominal_loose_mid,Zbbbb_100k,background,2150.003986884809,31,0.021735314792761157
18,350.0,CAT2_nominal_loose_mid,ggF_HH4b_SMnorm,signal,17.292365296803656,16,0.9435336847605388
18,350.0,CAT2_nominal_loose_mid,qcd_bbbb_iht200to400_combined120k,background,52347.50226316667,50,0.5292034095031026
18,350.0,CAT2_nominal_loose_mid,qcd_bbbb_iht400to600_20000,background,7656.43914737315,16,0.07740223556557121
18,350.0,CAT2_nominal_loose_mid,qcd_bbbb_iht600plus_20000,background,1113.9847956725532,12,0.011261751306505793
18,350.0,CAT2_nominal_loose_mid,ttbar_200k,background,35649.615164969466,15,0.36039728883205924
18,350.0,CAT3_lower_QCD_medium_top,VBF_HH4b_SMnorm,signal,1.0348715322580644,18,0.04568903043062525
18,350.0,CAT3_lower_QCD_medium_top,Zbbbb_100k,background,2288.713921522538,33,0.021514665391913743
18,350.0,CAT3_lower_QCD_medium_top,ggF_HH4b_SMnorm,signal,21.61545662100457,20,0.9543109695693747
18,350.0,CAT3_lower_QCD_medium_top,qcd_bbbb_iht200to400_combined120k,background,75380.40325896001,72,0.7086006415975211
18,350.0,CAT3_lower_QCD_medium_top,qcd_bbbb_iht400to600_20000,background,16269.93318816794,34,0.15294273574364617
18,350.0,CAT3_lower_QCD_medium_top,qcd_bbbb_iht600plus_20000,background,556.9923978362766,6,0.005235912165604042
18,350.0,CAT3_lower_QCD_medium_top,ttbar_200k,background,11883.205054989821,5,0.11170604510131493
18,350.0,CAT4_loose_low_purity,VBF_HH4b_SMnorm,signal,0.8049000806451612,14,0.06931248064897638
18,350.0,CAT4_loose_low_purity,Zbbbb_100k,background,1803.2291502904845,26,0.018696676578943264
18,350.0,CAT4_loose_low_purity,ggF_HH4b_SMnorm,signal,10.807728310502284,10,0.9306875193510236
18,350.0,CAT4_loose_low_purity,qcd_bbbb_iht200to400_combined120k,background,50253.60217264001,48,0.5210515516551922
18,350.0,CAT4_loose_low_purity,qcd_bbbb_iht400to600_20000,background,4785.274467108219,10,0.04961584002708963
18,350.0,CAT4_loose_low_purity,qcd_bbbb_iht600plus_20000,background,1578.1451272027832,17,0.016362905975201514
18,350.0,CAT4_loose_low_purity,ttbar_200k,background,38026.25617596743,16,0.3942730257635734
18,450.0,CAT0_very_high_QCD_high_top,VBF_HH4b_SMnorm,signal,2.587178830645161,35,0.08143966078925487
18,450.0,CAT0_very_high_QCD_high_top,Zbbbb_100k,background,1426.7307562737897,16,0.023442455619702884
18,450.0,CAT0_very_high_QCD_high_top,ggF_HH4b_SMnorm,signal,29.18086643835617,21,0.9185603392107452
18,450.0,CAT0_very_high_QCD_high_top,qcd_bbbb_iht200to400_combined120k,background,14806.864925867147,11,0.2432899636916256
18,450.0,CAT0_very_high_QCD_high_top,qcd_bbbb_iht400to600_20000,background,4306.747020397397,7,0.07076368505199536
18,450.0,CAT0_very_high_QCD_high_top,qcd_bbbb_iht600plus_20000,background,596.7775691102963,5,0.009805586384946217
18,450.0,CAT0_very_high_QCD_high_top,ttbar_200k,background,39723.85689810883,13,0.65269830925173
18,450.0,CAT1_high_QCD_medium_top,VBF_HH4b_SMnorm,signal,2.1436624596774188,29,0.07509660234989028
18,450.0,CAT1_high_QCD_medium_top,Zbbbb_100k,background,1337.5600840066775,15,0.014382969131101129
18,450.0,CAT1_high_QCD_medium_top,ggF_HH4b_SMnorm,signal,26.401736301369862,19,0.9249033976501095
18,450.0,CAT1_high_QCD_medium_top,qcd_bbbb_iht200to400_combined120k,background,41728.43751835287,31,0.44871167724870237
18,450.0,CAT1_high_QCD_medium_top,qcd_bbbb_iht400to600_20000,background,14765.989784219648,24,0.15878073650374092
18,450.0,CAT1_high_QCD_medium_top,qcd_bbbb_iht600plus_20000,background,1551.6216796867704,13,0.016684803164304575
18,450.0,CAT1_high_QCD_medium_top,ttbar_200k,background,33612.49429839978,11,0.36143981395215086
18,450.0,CAT2_nominal_loose_mid,VBF_HH4b_SMnorm,signal,1.3305491129032256,18,0.056466315239461315
18,450.0,CAT2_nominal_loose_mid,Zbbbb_100k,background,2764.2908402804687,31,0.02173531479276116
18,450.0,CAT2_nominal_loose_mid,ggF_HH4b_SMnorm,signal,22.233041095890414,16,0.9435336847605388
18,450.0,CAT2_nominal_loose_mid,qcd_bbbb_iht200to400_combined120k,background,67303.9314812143,50,0.5292034095031026
18,450.0,CAT2_nominal_loose_mid,qcd_bbbb_iht400to600_20000,background,9843.993189479765,16,0.07740223556557121
18,450.0,CAT2_nominal_loose_mid,qcd_bbbb_iht600plus_20000,background,1432.2661658647112,12,0.011261751306505793
18,450.0,CAT2_nominal_loose_mid,ttbar_200k,background,45835.21949781788,15,0.3603972888320592
18,450.0,CAT3_lower_QCD_medium_top,VBF_HH4b_SMnorm,signal,1.3305491129032256,18,0.04568903043062525
18,450.0,CAT3_lower_QCD_medium_top,Zbbbb_100k,background,2942.6321848146913,33,0.021514665391913743
18,450.0,CAT3_lower_QCD_medium_top,ggF_HH4b_SMnorm,signal,27.791301369863014,20,0.9543109695693746
18,450.0,CAT3_lower_QCD_medium_top,qcd_bbbb_iht200to400_combined120k,background,96917.66133294858,72,0.7086006415975211
18,450.0,CAT3_lower_QCD_medium_top,qcd_bbbb_iht400to600_20000,background,20918.485527644498,34,0.1529427357436462
18,450.0,CAT3_lower_QCD_medium_top,qcd_bbbb_iht600plus_20000,background,716.1330829323556,6,0.005235912165604042
18,450.0,CAT3_lower_QCD_medium_top,ttbar_200k,background,15278.406499272627,5,0.11170604510131493
18,450.0,CAT4_loose_low_purity,VBF_HH4b_SMnorm,signal,1.0348715322580644,14,0.0693124806489764
18,450.0,CAT4_loose_low_purity,Zbbbb_100k,background,2318.4374789449084,26,0.018696676578943264
18,450.0,CAT4_loose_low_purity,ggF_HH4b_SMnorm,signal,13.895650684931507,10,0.9306875193510235
18,450.0,CAT4_loose_low_purity,qcd_bbbb_iht200to400_combined120k,background,64611.774221965716,48,0.5210515516551921
18,450.0,CAT4_loose_low_purity,qcd_bbbb_iht400to600_20000,background,6152.495743424854,10,0.04961584002708964
18,450.0,CAT4_loose_low_purity,qcd_bbbb_iht600plus_20000,background,2029.043734975007,17,0.016362905975201514
18,450.0,CAT4_loose_low_purity,ttbar_200k,background,48890.90079767241,16,0.3942730257635735
18,4000.0,CAT0_very_high_QCD_high_top,VBF_HH4b_SMnorm,signal,22.99714516129032,35,0.08143966078925487
18,4000.0,CAT0_very_high_QCD_high_top,Zbbbb_100k,background,12682.051166878131,16,0.023442455619702887
18,4000.0,CAT0_very_high_QCD_high_top,ggF_HH4b_SMnorm,signal,259.3854794520548,21,0.9185603392107452
18,4000.0,CAT0_very_high_QCD_high_top,qcd_bbbb_iht200to400_combined120k,background,131616.57711881908,11,0.24328996369162562
18,4000.0,CAT0_very_high_QCD_high_top,qcd_bbbb_iht400to600_20000,background,38282.19573686575,7,0.07076368505199537
18,4000.0,CAT0_very_high_QCD_high_top,qcd_bbbb_iht600plus_20000,background,5304.689503202634,5,0.009805586384946219
18,4000.0,CAT0_very_high_QCD_high_top,ttbar_200k,background,353100.9502054118,13,0.65269830925173
18,4000.0,CAT1_high_QCD_medium_top,VBF_HH4b_SMnorm,signal,19.054777419354835,29,0.0750966023498903
18,4000.0,CAT1_high_QCD_medium_top,Zbbbb_100k,background,11889.422968948245,15,0.01438296913110113
18,4000.0,CAT1_high_QCD_medium_top,ggF_HH4b_SMnorm,signal,234.682100456621,19,0.9249033976501095
18,4000.0,CAT1_high_QCD_medium_top,qcd_bbbb_iht200to400_combined120k,background,370919.444607581,31,0.44871167724870237
18,4000.0,CAT1_high_QCD_medium_top,qcd_bbbb_iht400to600_20000,background,131253.24252639688,24,0.15878073650374092
18,4000.0,CAT1_high_QCD_medium_top,qcd_bbbb_iht600plus_20000,background,13792.19270832685,13,0.016684803164304575
18,4000.0,CAT1_high_QCD_medium_top,ttbar_200k,background,298777.72709688696,11,0.36143981395215086
18,4000.0,CAT2_nominal_loose_mid,VBF_HH4b_SMnorm,signal,11.82710322580645,18,0.05646631523946132
18,4000.0,CAT2_nominal_loose_mid,Zbbbb_100k,background,24571.47413582639,31,0.02173531479276116
18,4000.0,CAT2_nominal_loose_mid,ggF_HH4b_SMnorm,signal,197.62703196347033,16,0.9435336847605388
18,4000.0,CAT2_nominal_loose_mid,qcd_bbbb_iht200to400_combined120k,background,598257.1687219049,50,0.5292034095031026
18,4000.0,CAT2_nominal_loose_mid,qcd_bbbb_iht400to600_20000,background,87502.16168426457,16,0.07740223556557121
18,4000.0,CAT2_nominal_loose_mid,qcd_bbbb_iht600plus_20000,background,12731.254807686322,12,0.011261751306505793
18,4000.0,CAT2_nominal_loose_mid,ttbar_200k,background,407424.1733139367,15,0.3603972888320592
18,4000.0,CAT3_lower_QCD_medium_top,VBF_HH4b_SMnorm,signal,11.82710322580645,18,0.045689030430625256
18,4000.0,CAT3_lower_QCD_medium_top,Zbbbb_100k,background,26156.730531686146,33,0.021514665391913743
18,4000.0,CAT3_lower_QCD_medium_top,ggF_HH4b_SMnorm,signal,247.03378995433792,20,0.9543109695693747
18,4000.0,CAT3_lower_QCD_medium_top,qcd_bbbb_iht200to400_combined120k,background,861490.322959543,72,0.7086006415975211
18,4000.0,CAT3_lower_QCD_medium_top,qcd_bbbb_iht400to600_20000,background,185942.0935790622,34,0.15294273574364617
18,4000.0,CAT3_lower_QCD_medium_top,qcd_bbbb_iht600plus_20000,background,6365.627403843161,6,0.005235912165604042
18,4000.0,CAT3_lower_QCD_medium_top,ttbar_200k,background,135808.05777131225,5,0.11170604510131493
18,4000.0,CAT4_loose_low_purity,VBF_HH4b_SMnorm,signal,9.198858064516127,14,0.06931248064897638
18,4000.0,CAT4_loose_low_purity,Zbbbb_100k,background,20608.333146176967,26,0.018696676578943264
18,4000.0,CAT4_loose_low_purity,ggF_HH4b_SMnorm,signal,123.51689497716896,10,0.9306875193510235
18,4000.0,CAT4_loose_low_purity,qcd_bbbb_iht200to400_combined120k,background,574326.8819730286,48,0.5210515516551922
18,4000.0,CAT4_loose_low_purity,qcd_bbbb_iht400to600_20000,background,54688.85105266536,10,0.04961584002708963
18,4000.0,CAT4_loose_low_purity,qcd_bbbb_iht600plus_20000,background,18035.94431088895,17,0.01636290597520151
18,4000.0,CAT4_loose_low_purity,ttbar_200k,background,434585.7848681992,16,0.3942730257635735
19,138.0,CAT0_very_high_QCD_high_top,VBF_HH4b_SMnorm,signal,0.9104156113360324,40,0.07119345005541505
19,138.0,CAT0_very_high_QCD_high_top,Zbbbb_100k,background,360.00127525978024,13,0.01868486603902161
19,138.0,CAT0_very_high_QCD_high_top,ggF_HH4b_SMnorm,signal,11.877496909090912,28,0.928806549944585
19,138.0,CAT0_very_high_QCD_high_top,qcd_bbbb_iht200to400_combined120k,background,6285.647253252601,15,0.326239057933388
19,138.0,CAT0_very_high_QCD_high_top,qcd_bbbb_iht400to600_20000,background,1329.3040108184887,7,0.06899383161727513
19,138.0,CAT0_very_high_QCD_high_top,qcd_bbbb_iht600plus_20000,background,312.822474598746,9,0.01623618146256557
19,138.0,CAT0_very_high_QCD_high_top,ttbar_200k,background,10979.222914123537,11,0.5698460629477492
19,138.0,CAT1_high_QCD_medium_top,VBF_HH4b_SMnorm,signal,0.43244741538461534,19,0.046297753872016824
19,138.0,CAT1_high_QCD_medium_top,Zbbbb_100k,background,609.232927362705,22,0.02009232385049069
19,138.0,CAT1_high_QCD_medium_top,ggF_HH4b_SMnorm,signal,8.908122681818183,21,0.9537022461279834
19,138.0,CAT1_high_QCD_medium_top,qcd_bbbb_iht200to400_combined120k,background,15085.55340780625,36,0.4975171415071344
19,138.0,CAT1_high_QCD_medium_top,qcd_bbbb_iht400to600_20000,background,4367.713178403605,23,0.14404590383259944
19,138.0,CAT1_high_QCD_medium_top,qcd_bbbb_iht600plus_20000,background,278.064421865552,8,0.0091704833479822
19,138.0,CAT1_high_QCD_medium_top,ttbar_200k,background,9981.111740112305,10,0.32917414746179335
19,138.0,CAT2_nominal_loose_mid,VBF_HH4b_SMnorm,signal,0.47796819595141693,21,0.05598326181562334
19,138.0,CAT2_nominal_loose_mid,Zbbbb_100k,background,913.8493910440576,33,0.02843394320168445
19,138.0,CAT2_nominal_loose_mid,ggF_HH4b_SMnorm,signal,8.059730045454547,19,0.9440167381843768
19,138.0,CAT2_nominal_loose_mid,qcd_bbbb_iht200to400_combined120k,background,20114.071210408332,48,0.6258387475620849
19,138.0,CAT2_nominal_loose_mid,qcd_bbbb_iht400to600_20000,background,2848.5085946110466,15,0.0886298468680335
19,138.0,CAT2_nominal_loose_mid,qcd_bbbb_iht600plus_20000,background,278.064421865552,8,0.00865182825005915
19,138.0,CAT2_nominal_loose_mid,ttbar_200k,background,7984.889392089844,8,0.24844563411813816
19,138.0,CAT3_lower_QCD_medium_top,VBF_HH4b_SMnorm,signal,0.27312468340080964,12,0.05092303091625249
19,138.0,CAT3_lower_QCD_medium_top,Zbbbb_100k,background,692.3101447303467,25,0.021140078406656597
19,138.0,CAT3_lower_QCD_medium_top,ggF_HH4b_SMnorm,signal,5.09035581818182,12,0.9490769690837476
19,138.0,CAT3_lower_QCD_medium_top,qcd_bbbb_iht200to400_combined120k,background,22628.330111709376,54,0.69096874632621
19,138.0,CAT3_lower_QCD_medium_top,qcd_bbbb_iht400to600_20000,background,2848.5085946110466,15,0.08698080692659411
19,138.0,CAT3_lower_QCD_medium_top,qcd_bbbb_iht600plus_20000,background,590.8868964642979,17,0.01804306265884145
19,138.0,CAT3_lower_QCD_medium_top,ttbar_200k,background,5988.667044067383,6,0.18286730568169798
19,138.0,CAT4_loose_low_purity,VBF_HH4b_SMnorm,signal,0.29588507368421046,13,0.044434995413445824
19,138.0,CAT4_loose_low_purity,Zbbbb_100k,background,387.6936810489941,14,0.011364184185942696
19,138.0,CAT4_loose_low_purity,ggF_HH4b_SMnorm,signal,6.362944772727275,15,0.9555650045865544
19,138.0,CAT4_loose_low_purity,qcd_bbbb_iht200to400_combined120k,background,15923.63970823993,38,0.46675812219947166
19,138.0,CAT4_loose_low_purity,qcd_bbbb_iht400to600_20000,background,2658.608021636977,14,0.07792985213057735
19,138.0,CAT4_loose_low_purity,qcd_bbbb_iht600plus_20000,background,173.79026366597,5,0.0050941881762938575
19,138.0,CAT4_loose_low_purity,ttbar_200k,background,14971.667610168457,15,0.43885365330771436
19,350.0,CAT0_very_high_QCD_high_top,VBF_HH4b_SMnorm,signal,2.309025101214575,40,0.07119345005541507
19,350.0,CAT0_very_high_QCD_high_top,Zbbbb_100k,background,913.0467126153848,13,0.01868486603902161
19,350.0,CAT0_very_high_QCD_high_top,ggF_HH4b_SMnorm,signal,30.12408636363637,28,0.9288065499445851
19,350.0,CAT0_very_high_QCD_high_top,qcd_bbbb_iht200to400_combined120k,background,15941.858975640656,15,0.326239057933388
19,350.0,CAT0_very_high_QCD_high_top,qcd_bbbb_iht400to600_20000,background,3371.423215843993,7,0.06899383161727514
19,350.0,CAT0_very_high_QCD_high_top,qcd_bbbb_iht600plus_20000,background,793.3903341272543,9,0.016236181462565568
19,350.0,CAT0_very_high_QCD_high_top,ttbar_200k,background,27845.855216979984,11,0.5698460629477493
19,350.0,CAT1_high_QCD_medium_top,VBF_HH4b_SMnorm,signal,1.096786923076923,19,0.04629775387201683
19,350.0,CAT1_high_QCD_medium_top,Zbbbb_100k,background,1545.1559751952664,22,0.02009232385049069
19,350.0,CAT1_high_QCD_medium_top,ggF_HH4b_SMnorm,signal,22.593064772727274,21,0.9537022461279835
19,350.0,CAT1_high_QCD_medium_top,qcd_bbbb_iht200to400_combined120k,background,38260.46154153759,36,0.49751714150713433
19,350.0,CAT1_high_QCD_medium_top,qcd_bbbb_iht400to600_20000,background,11077.533423487403,23,0.14404590383259944
19,350.0,CAT1_high_QCD_medium_top,qcd_bbbb_iht600plus_20000,background,705.2358525575594,8,0.009170483347982199
19,350.0,CAT1_high_QCD_medium_top,ttbar_200k,background,25314.413833618168,10,0.32917414746179335
19,350.0,CAT2_nominal_loose_mid,VBF_HH4b_SMnorm,signal,1.2122381781376517,21,0.05598326181562334
19,350.0,CAT2_nominal_loose_mid,Zbbbb_100k,background,2317.7339627928995,33,0.028433943201684454
19,350.0,CAT2_nominal_loose_mid,ggF_HH4b_SMnorm,signal,20.441344318181823,19,0.9440167381843769
19,350.0,CAT2_nominal_loose_mid,qcd_bbbb_iht200to400_combined120k,background,51013.94872205012,48,0.6258387475620849
19,350.0,CAT2_nominal_loose_mid,qcd_bbbb_iht400to600_20000,background,7224.478319665698,15,0.08862984686803352
19,350.0,CAT2_nominal_loose_mid,qcd_bbbb_iht600plus_20000,background,705.2358525575594,8,0.00865182825005915
19,350.0,CAT2_nominal_loose_mid,ttbar_200k,background,20251.53106689453,8,0.2484456341181382
19,350.0,CAT3_lower_QCD_medium_top,VBF_HH4b_SMnorm,signal,0.6927075303643724,12,0.050923030916252505
19,350.0,CAT3_lower_QCD_medium_top,Zbbbb_100k,background,1755.8590627218937,25,0.021140078406656597
19,350.0,CAT3_lower_QCD_medium_top,ggF_HH4b_SMnorm,signal,12.91032272727273,12,0.9490769690837476
19,350.0,CAT3_lower_QCD_medium_top,qcd_bbbb_iht200to400_combined120k,background,57390.69231230639,54,0.69096874632621
19,350.0,CAT3_lower_QCD_medium_top,qcd_bbbb_iht400to600_20000,background,7224.478319665698,15,0.08698080692659411
19,350.0,CAT3_lower_QCD_medium_top,qcd_bbbb_iht600plus_20000,background,1498.6261866848138,17,0.01804306265884145
19,350.0,CAT3_lower_QCD_medium_top,ttbar_200k,background,15188.648300170898,6,0.18286730568169796
19,350.0,CAT4_loose_low_purity,VBF_HH4b_SMnorm,signal,0.7504331578947366,13,0.04443499541344582
19,350.0,CAT4_loose_low_purity,Zbbbb_100k,background,983.2810751242605,14,0.011364184185942698
19,350.0,CAT4_loose_low_purity,ggF_HH4b_SMnorm,signal,16.137903409090914,15,0.9555650045865542
19,350.0,CAT4_loose_low_purity,qcd_bbbb_iht200to400_combined120k,background,40386.04273828968,38,0.4667581221994717
19,350.0,CAT4_loose_low_purity,qcd_bbbb_iht400to600_20000,background,6742.846431687985,14,0.07792985213057736
19,350.0,CAT4_loose_low_purity,qcd_bbbb_iht600plus_20000,background,440.77240784847464,5,0.005094188176293858
19,350.0,CAT4_loose_low_purity,ttbar_200k,background,37971.620750427246,15,0.4388536533077144
19,450.0,CAT0_very_high_QCD_high_top,VBF_HH4b_SMnorm,signal,2.9687465587044537,40,0.07119345005541507
19,450.0,CAT0_very_high_QCD_high_top,Zbbbb_100k,background,1173.917201934066,13,0.01868486603902161
19,450.0,CAT0_very_high_QCD_high_top,ggF_HH4b_SMnorm,signal,38.73096818181819,28,0.9288065499445851
19,450.0,CAT0_very_high_QCD_high_top,qcd_bbbb_iht200to400_combined120k,background,20496.6758258237,15,0.3262390579333879
19,450.0,CAT0_very_high_QCD_high_top,qcd_bbbb_iht400to600_20000,background,4334.68699179942,7,0.06899383161727513
19,450.0,CAT0_very_high_QCD_high_top,qcd_bbbb_iht600plus_20000,background,1020.0732867350412,9,0.016236181462565568
19,450.0,CAT0_very_high_QCD_high_top,ttbar_200k,background,35801.81385040283,11,0.5698460629477492
19,450.0,CAT1_high_QCD_medium_top,VBF_HH4b_SMnorm,signal,1.4101546153846154,19,0.04629775387201683
19,450.0,CAT1_high_QCD_medium_top,Zbbbb_100k,background,1986.6291109653425,22,0.02009232385049069
19,450.0,CAT1_high_QCD_medium_top,ggF_HH4b_SMnorm,signal,29.048226136363642,21,0.9537022461279835
19,450.0,CAT1_high_QCD_medium_top,qcd_bbbb_iht200to400_combined120k,background,49192.0219819769,36,0.49751714150713433
19,450.0,CAT1_high_QCD_medium_top,qcd_bbbb_iht400to600_20000,background,14242.542973055231,23,0.14404590383259944
19,450.0,CAT1_high_QCD_medium_top,qcd_bbbb_iht600plus_20000,background,906.7318104311478,8,0.009170483347982199
19,450.0,CAT1_high_QCD_medium_top,ttbar_200k,background,32547.103500366215,10,0.3291741474617934
19,450.0,CAT2_nominal_loose_mid,VBF_HH4b_SMnorm,signal,1.5585919433198379,21,0.05598326181562334
19,450.0,CAT2_nominal_loose_mid,Zbbbb_100k,background,2979.943666448014,33,0.02843394320168445
19,450.0,CAT2_nominal_loose_mid,ggF_HH4b_SMnorm,signal,26.281728409090913,19,0.9440167381843768
19,450.0,CAT2_nominal_loose_mid,qcd_bbbb_iht200to400_combined120k,background,65589.36264263587,48,0.6258387475620849
19,450.0,CAT2_nominal_loose_mid,qcd_bbbb_iht400to600_20000,background,9288.614982427325,15,0.0886298468680335
19,450.0,CAT2_nominal_loose_mid,qcd_bbbb_iht600plus_20000,background,906.7318104311478,8,0.00865182825005915
19,450.0,CAT2_nominal_loose_mid,ttbar_200k,background,26037.68280029297,8,0.24844563411813816
19,450.0,CAT3_lower_QCD_medium_top,VBF_HH4b_SMnorm,signal,0.8906239676113359,12,0.050923030916252505
19,450.0,CAT3_lower_QCD_medium_top,Zbbbb_100k,background,2257.533080642435,25,0.021140078406656597
19,450.0,CAT3_lower_QCD_medium_top,ggF_HH4b_SMnorm,signal,16.598986363636367,12,0.9490769690837476
19,450.0,CAT3_lower_QCD_medium_top,qcd_bbbb_iht200to400_combined120k,background,73788.03297296536,54,0.69096874632621
19,450.0,CAT3_lower_QCD_medium_top,qcd_bbbb_iht400to600_20000,background,9288.614982427325,15,0.08698080692659411
19,450.0,CAT3_lower_QCD_medium_top,qcd_bbbb_iht600plus_20000,background,1926.805097166189,17,0.01804306265884145
19,450.0,CAT3_lower_QCD_medium_top,ttbar_200k,background,19528.262100219727,6,0.18286730568169796
19,450.0,CAT4_loose_low_purity,VBF_HH4b_SMnorm,signal,0.9648426315789471,13,0.04443499541344582
19,450.0,CAT4_loose_low_purity,Zbbbb_100k,background,1264.2185251597634,14,0.011364184185942696
19,450.0,CAT4_loose_low_purity,ggF_HH4b_SMnorm,signal,20.748732954545464,15,0.9555650045865544
19,450.0,CAT4_loose_low_purity,qcd_bbbb_iht200to400_combined120k,background,51924.912092086735,38,0.46675812219947177
19,450.0,CAT4_loose_low_purity,qcd_bbbb_iht400to600_20000,background,8669.373983598838,14,0.07792985213057736
19,450.0,CAT4_loose_low_purity,qcd_bbbb_iht600plus_20000,background,566.7073815194674,5,0.005094188176293858
19,450.0,CAT4_loose_low_purity,ttbar_200k,background,48820.65525054932,15,0.4388536533077144
19,4000.0,CAT0_very_high_QCD_high_top,VBF_HH4b_SMnorm,signal,26.388858299595142,40,0.07119345005541505
19,4000.0,CAT0_very_high_QCD_high_top,Zbbbb_100k,background,10434.819572747254,13,0.01868486603902161
19,4000.0,CAT0_very_high_QCD_high_top,ggF_HH4b_SMnorm,signal,344.2752727272728,28,0.9288065499445851
19,4000.0,CAT0_very_high_QCD_high_top,qcd_bbbb_iht200to400_combined120k,background,182192.6740073218,15,0.326239057933388
19,4000.0,CAT0_very_high_QCD_high_top,qcd_bbbb_iht400to600_20000,background,38530.55103821706,7,0.06899383161727513
19,4000.0,CAT0_very_high_QCD_high_top,qcd_bbbb_iht600plus_20000,background,9067.318104311478,9,0.016236181462565568
19,4000.0,CAT0_very_high_QCD_high_top,ttbar_200k,background,318238.34533691406,11,0.5698460629477492
19,4000.0,CAT1_high_QCD_medium_top,VBF_HH4b_SMnorm,signal,12.534707692307691,19,0.04629775387201683
19,4000.0,CAT1_high_QCD_medium_top,Zbbbb_100k,background,17658.925430803043,22,0.02009232385049069
19,4000.0,CAT1_high_QCD_medium_top,ggF_HH4b_SMnorm,signal,258.20645454545456,21,0.9537022461279834
19,4000.0,CAT1_high_QCD_medium_top,qcd_bbbb_iht200to400_combined120k,background,437262.4176175725,36,0.4975171415071344
19,4000.0,CAT1_high_QCD_medium_top,qcd_bbbb_iht400to600_20000,background,126600.38198271317,23,0.14404590383259944
19,4000.0,CAT1_high_QCD_medium_top,qcd_bbbb_iht600plus_20000,background,8059.838314943536,8,0.009170483347982199
19,4000.0,CAT1_high_QCD_medium_top,ttbar_200k,background,289307.5866699219,10,0.32917414746179335
19,4000.0,CAT2_nominal_loose_mid,VBF_HH4b_SMnorm,signal,13.854150607287448,21,0.05598326181562334
19,4000.0,CAT2_nominal_loose_mid,Zbbbb_100k,background,26488.38814620457,33,0.02843394320168445
19,4000.0,CAT2_nominal_loose_mid,ggF_HH4b_SMnorm,signal,233.61536363636367,19,0.9440167381843768
19,4000.0,CAT2_nominal_loose_mid,qcd_bbbb_iht200to400_combined120k,background,583016.5568234299,48,0.6258387475620848
19,4000.0,CAT2_nominal_loose_mid,qcd_bbbb_iht400to600_20000,background,82565.46651046512,15,0.0886298468680335
19,4000.0,CAT2_nominal_loose_mid,qcd_bbbb_iht600plus_20000,background,8059.838314943536,8,0.00865182825005915
19,4000.0,CAT2_nominal_loose_mid,ttbar_200k,background,231446.0693359375,8,0.24844563411813816
19,4000.0,CAT3_lower_QCD_medium_top,VBF_HH4b_SMnorm,signal,7.916657489878541,12,0.050923030916252505
19,4000.0,CAT3_lower_QCD_medium_top,Zbbbb_100k,background,20066.960716821643,25,0.021140078406656597
19,4000.0,CAT3_lower_QCD_medium_top,ggF_HH4b_SMnorm,signal,147.54654545454548,12,0.9490769690837476
19,4000.0,CAT3_lower_QCD_medium_top,qcd_bbbb_iht200to400_combined120k,background,655893.6264263587,54,0.69096874632621
19,4000.0,CAT3_lower_QCD_medium_top,qcd_bbbb_iht400to600_20000,background,82565.46651046512,15,0.08698080692659411
19,4000.0,CAT3_lower_QCD_medium_top,qcd_bbbb_iht600plus_20000,background,17127.156419255014,17,0.01804306265884145
19,4000.0,CAT3_lower_QCD_medium_top,ttbar_200k,background,173584.55200195312,6,0.18286730568169796
19,4000.0,CAT4_loose_low_purity,VBF_HH4b_SMnorm,signal,8.576378947368418,13,0.04443499541344582
19,4000.0,CAT4_loose_low_purity,Zbbbb_100k,background,11237.49800142012,14,0.011364184185942696
19,4000.0,CAT4_loose_low_purity,ggF_HH4b_SMnorm,signal,184.43318181818188,15,0.9555650045865542
19,4000.0,CAT4_loose_low_purity,qcd_bbbb_iht200to400_combined120k,background,461554.77415188204,38,0.46675812219947166
19,4000.0,CAT4_loose_low_purity,qcd_bbbb_iht400to600_20000,background,77061.10207643411,14,0.07792985213057735
19,4000.0,CAT4_loose_low_purity,qcd_bbbb_iht600plus_20000,background,5037.39894683971,5,0.0050941881762938575
19,4000.0,CAT4_loose_low_purity,ttbar_200k,background,433961.3800048828,15,0.43885365330771436
