{
  "master_parquet": "/uscms_data/d3/iturkmen/repos/hh-bbww-baselines-bdt/docs/checkpoints/track_b_harvey_tail_kinematics_20260907_v2/HARVEY_MASTER_EVENT_TABLE.parquet",
  "n_signal_u35": 27339,
  "note": "physical signal sample (holdout_A-derived, u>3.5) -- NOT the same event identity as Track A's 400k development cohort; only the float32 SCORE BIN definition (k-lattice) is shared/reused.",
  "target_ks": [
    2,
    4
  ],
  "k2_n_events": 255,
  "k4_n_events": 228,
  "populated_ks_ge5events": [
    2,
    4,
    6,
    8,
    10,
    12,
    14,
    16,
    18,
    20,
    22,
    24,
    26,
    28,
    30,
    32,
    34,
    36,
    38,
    40,
    42,
    44,
    46,
    48,
    50,
    52,
    54,
    56,
    58,
    60,
    62,
    64,
    66,
    68,
    70,
    72,
    74,
    76,
    78,
    80,
    82,
    84,
    86,
    88,
    90,
    92,
    94,
    96,
    98,
    100,
    102,
    104,
    106,
    108,
    110,
    112,
    114,
    116,
    118,
    120,
    122,
    124,
    126,
    128,
    130,
    132,
    134,
    136,
    138,
    140,
    142,
    144,
    146,
    148,
    150,
    152,
    154,
    156,
    158,
    160,
    162,
    164,
    166,
    168,
    170,
    172,
    174,
    176,
    178,
    180,
    182,
    184,
    186,
    188,
    190,
    192,
    194,
    196,
    198,
    200,
    202,
    204,
    206,
    208,
    210,
    212,
    214,
    216,
    218,
    220,
    222,
    224,
    226,
    228,
    230,
    232,
    234,
    236,
    238,
    240,
    242,
    244,
    246,
    248,
    250,
    252,
    254,
    256,
    258,
    260,
    262,
    264,
    266,
    268,
    270,
    272,
    274,
    276,
    278,
    280,
    282,
    284,
    286,
    288,
    290,
    292,
    294,
    296,
    298,
    300,
    302,
    304,
    306,
    308,
    310,
    312,
    314,
    316,
    318,
    320,
    322,
    324,
    326,
    328,
    330,
    332,
    334,
    336,
    338,
    340,
    342,
    344,
    346,
    348,
    350,
    352,
    354,
    356,
    358,
    360,
    362,
    364,
    366,
    368,
    370,
    372,
    374,
    376,
    378,
    380,
    382,
    384,
    386,
    388,
    390,
    392,
    394,
    396,
    398,
    400,
    402,
    404,
    406,
    408,
    410,
    412,
    414,
    416,
    418,
    420,
    422,
    424,
    426,
    428,
    430,
    432,
    434,
    436,
    438,
    440,
    442,
    444,
    446,
    448,
    450,
    452,
    454,
    456,
    458,
    460,
    462,
    464,
    466,
    468,
    470,
    472,
    474,
    476,
    478,
    480,
    482,
    484,
    486,
    488,
    490,
    492,
    494,
    496,
    498,
    500,
    502,
    504,
    506,
    508,
    510,
    512,
    514,
    516,
    518,
    520,
    522,
    524,
    526,
    528,
    530,
    532,
    534,
    536,
    538,
    540,
    542,
    544,
    546,
    548,
    550,
    552,
    554,
    556,
    558,
    560,
    562,
    564,
    566,
    568,
    570,
    572,
    574,
    576,
    578,
    580,
    582,
    584,
    586,
    588,
    590,
    592,
    594,
    596,
    598,
    600,
    602,
    604,
    606,
    608,
    610,
    612,
    614,
    616,
    618,
    620,
    622,
    624,
    626,
    628,
    630,
    632,
    634,
    636,
    638,
    640,
    642,
    644,
    646,
    648,
    650,
    652,
    654,
    656,
    658,
    660,
    662,
    664,
    666,
    668,
    670,
    672,
    674,
    676,
    678,
    680,
    682,
    684,
    686,
    688,
    690,
    692,
    694,
    696,
    698,
    700,
    702,
    704,
    706,
    708,
    710,
    712,
    714,
    716,
    718,
    720,
    722,
    724,
    726,
    728,
    730,
    732,
    734,
    736,
    738,
    740,
    742,
    744,
    746,
    748,
    750,
    752,
    754,
    756,
    758,
    760,
    762,
    764,
    766,
    768,
    770,
    772,
    774,
    776,
    778,
    780,
    782,
    784,
    788,
    790,
    792,
    794,
    796,
    798,
    800,
    802,
    804,
    806,
    808,
    810,
    812,
    814,
    816,
    818,
    820,
    822,
    824,
    826,
    828,
    830,
    832,
    834,
    836,
    838,
    840,
    842,
    844,
    846,
    848,
    850,
    852,
    854,
    856,
    858,
    860,
    862,
    864,
    866,
    868,
    870,
    872,
    874,
    876,
    878,
    880,
    882,
    884,
    886,
    888,
    890,
    892,
    894,
    896,
    898,
    900,
    902,
    904,
    906,
    908,
    910,
    912,
    914,
    916,
    918,
    920,
    922,
    924,
    926,
    928,
    930,
    932,
    934,
    936,
    938,
    940,
    944,
    946,
    948,
    950,
    952,
    954,
    956,
    958,
    960,
    962,
    964,
    966,
    968,
    974,
    976,
    978,
    980,
    982,
    984,
    986,
    988,
    990,
    992,
    994,
    996,
    998,
    1000,
    1002,
    1004,
    1006,
    1008,
    1010,
    1012,
    1014,
    1016,
    1018,
    1020,
    1022,
    1026,
    1028,
    1030,
    1032,
    1034,
    1036,
    1038,
    1042,
    1044,
    1046,
    1048,
    1050,
    1052,
    1054,
    1056,
    1058,
    1060,
    1064,
    1066,
    1068,
    1070,
    1072,
    1074,
    1082,
    1084,
    1090,
    1092,
    1094,
    1096,
    1100,
    1102,
    1104,
    1106,
    1108,
    1110,
    1112,
    1114,
    1116,
    1118,
    1120,
    1124,
    1126,
    1128,
    1130,
    1132,
    1134,
    1138,
    1140,
    1142,
    1144,
    1146,
    1148,
    1150,
    1152,
    1154,
    1156,
    1158,
    1160,
    1162,
    1164,
    1166,
    1168,
    1172,
    1174,
    1176,
    1178,
    1182,
    1184,
    1186,
    1188,
    1190,
    1194,
    1198,
    1200,
    1204,
    1206,
    1208,
    1210,
    1212,
    1214,
    1216,
    1218,
    1220,
    1224,
    1226,
    1228,
    1230,
    1232,
    1234,
    1236,
    1238,
    1240,
    1244,
    1246,
    1248,
    1250,
    1252,
    1258,
    1260,
    1262,
    1272,
    1274,
    1278,
    1282,
    1286,
    1288,
    1290,
    1292,
    1294,
    1296,
    1298,
    1304,
    1306,
    1308,
    1310,
    1314,
    1316,
    1318,
    1322,
    1326,
    1328,
    1330,
    1334,
    1336,
    1340,
    1342,
    1344,
    1346,
    1348,
    1350,
    1352,
    1354,
    1358,
    1360,
    1362,
    1366,
    1368,
    1370,
    1372,
    1374,
    1376,
    1378,
    1380,
    1386,
    1388,
    1390,
    1392,
    1394,
    1398,
    1400,
    1402,
    1404,
    1406,
    1410,
    1412,
    1414,
    1416,
    1418,
    1422,
    1424,
    1426,
    1428,
    1430,
    1434,
    1436,
    1440,
    1450,
    1452,
    1454,
    1456,
    1458,
    1460,
    1464,
    1466,
    1468,
    1472,
    1474,
    1476,
    1478,
    1480,
    1482,
    1486,
    1490,
    1492,
    1498,
    1504,
    1506,
    1508,
    1510,
    1512,
    1518,
    1520,
    1522,
    1528,
    1534,
    1542,
    1548,
    1552,
    1554,
    1558,
    1562,
    1564,
    1566,
    1568,
    1570,
    1574,
    1576,
    1582,
    1586,
    1590,
    1594,
    1596,
    1604,
    1606,
    1616,
    1620,
    1622,
    1624,
    1626,
    1630,
    1634,
    1636,
    1638,
    1642,
    1644,
    1646,
    1652,
    1654,
    1660,
    1666,
    1672,
    1674,
    1688,
    1694,
    1700,
    1702,
    1710,
    1718,
    1720,
    1722,
    1726,
    1734,
    1738,
    1742,
    1744,
    1752,
    1754,
    1764,
    1784,
    1790,
    1798,
    1802,
    1812,
    1816,
    1830,
    1848,
    1850,
    1854,
    1858,
    1862,
    1866,
    1874,
    1876,
    1878,
    1882,
    1890,
    1892,
    1894,
    1896,
    1898,
    1900,
    1902,
    1910,
    1914,
    1928,
    1932,
    1934,
    1940,
    1946,
    1948,
    1960,
    1962,
    1982,
    1988,
    1996,
    1998,
    2012,
    2018,
    2020,
    2028,
    2034,
    2052,
    2060,
    2068,
    2070,
    2074,
    2104,
    2106,
    2116,
    2118,
    2154,
    2172,
    2174,
    2186,
    2204,
    2214,
    2238,
    2240,
    2254,
    2256,
    2268,
    2280,
    2310,
    2328,
    2334,
    2336,
    2362,
    2372,
    2374,
    2388,
    2402,
    2406,
    2418,
    2454,
    2474,
    2486,
    2498,
    2506,
    2526,
    2560,
    2566,
    2578,
    2588,
    2594,
    2622,
    2638,
    2646,
    2648,
    2676,
    2736,
    2756,
    2770,
    2774,
    2784,
    2814,
    2818,
    2878,
    2882,
    2921,
    2941,
    2953,
    2963,
    2997,
    2999,
    3019,
    3035,
    3039,
    3045,
    3055,
    3093,
    3115,
    3179,
    3195,
    3199,
    3201,
    3213,
    3231,
    3247,
    3291,
    3301,
    3313,
    3317,
    3369,
    3383,
    3451,
    3505,
    3591,
    3607,
    3667,
    3779,
    3825,
    3883,
    4107,
    4137,
    4239,
    4263,
    4319,
    4363,
    4411,
    4601,
    4853,
    4947,
    4971
  ],
  "neighbors_used": {
    "2": [
      4,
      6
    ],
    "4": [
      2,
      6,
      8
    ]
  },
  "n_features_tested": 26,
  "n_large_effect_cliffs_ge_0p33": 0,
  "smooth_through_comb_medians": {
    "n_selected_jets": {
      "2": 5.0,
      "4": 5.0,
      "6": 5.0,
      "8": 5.0,
      "10": 4.0,
      "12": 4.0,
      "14": 4.0,
      "16": 4.0,
      "18": 4.0,
      "20": 4.0,
      "22": 4.0,
      "24": 4.0,
      "26": 4.0,
      "28": 4.0,
      "30": 4.0,
      "32": 4.0,
      "34": 4.0,
      "36": 4.0,
      "38": 4.0,
      "40": 4.0,
      "42": 4.0,
      "44": 4.0,
      "46": 4.0,
      "48": 4.0,
      "50": 4.0,
      "52": 4.0,
      "54": 4.0,
      "56": 4.0,
      "58": 4.0,
      "60": 4.0,
      "62": 4.0,
      "64": 5.0,
      "66": 4.0,
      "68": 4.0,
      "70": 4.0,
      "72": 4.0,
      "74": 4.0,
      "76": 4.0,
      "78": 5.0,
      "80": 4.0,
      "82": 4.0,
      "84": 4.0,
      "86": 4.0,
      "88": 5.0,
      "90": 4.5,
      "92": 5.0,
      "94": 4.0,
      "96": 4.0,
      "98": 4.0,
      "100": 4.0,
      "102": 5.0,
      "104": 5.0,
      "106": 5.0,
      "108": 5.0,
      "110": 4.0,
      "112": 5.0,
      "114": 5.0,
      "116": 5.0,
      "118": 5.0,
      "120": 5.0,
      "122": 5.0,
      "124": 5.0,
      "126": 5.0,
      "128": 5.0,
      "130": 5.0,
      "132": 5.0,
      "134": 5.0,
      "136": 5.0,
      "138": 5.0,
      "140": 5.0,
      "142": 5.0,
      "144": 4.0,
      "146": 5.0,
      "148": 5.0,
      "150": 4.0,
      "152": 4.0,
      "154": 5.0,
      "156": 5.0,
      "158": 5.0,
      "160": 5.0,
      "162": 5.0,
      "164": 5.0,
      "166": 5.0,
      "168": 5.0,
      "170": 5.0,
      "172": 5.0,
      "174": 5.0,
      "176": 5.0,
      "178": 5.0,
      "180": 5.0,
      "182": 5.0,
      "184": 5.0,
      "186": 5.0,
      "188": 5.0,
      "190": 5.0,
      "192": 5.0,
      "194": 5.0,
      "196": 5.0,
      "198": 5.0,
      "200": 5.0,
      "202": 5.0,
      "204": 5.0,
      "206": 5.0,
      "208": 5.0,
      "210": 5.0,
      "212": 5.0,
      "214": 5.0,
      "216": 5.0,
      "218": 5.0,
      "220": 5.0,
      "222": 5.0,
      "224": 5.0,
      "226": 5.0,
      "228": 5.0,
      "230": 5.0,
      "232": 5.0,
      "234": 5.0,
      "236": 5.0,
      "238": 5.0,
      "240": 5.0,
      "242": 5.0,
      "244": 5.0,
      "246": 5.0,
      "248": 5.0,
      "250": 5.0,
      "252": 5.0,
      "254": 5.0,
      "256": 5.0,
      "258": 5.0,
      "260": 5.0,
      "262": 5.0,
      "264": 5.0,
      "266": 5.0,
      "268": 5.0,
      "270": 5.0,
      "272": 5.0,
      "274": 5.0,
      "276": 5.0,
      "278": 5.0,
      "280": 5.0,
      "282": 5.0,
      "284": 5.0,
      "286": 5.0,
      "288": 5.0,
      "290": 5.0,
      "292": 5.0,
      "294": 5.0,
      "296": 5.0,
      "298": 5.0,
      "300": 5.0,
      "302": 5.0,
      "304": 4.5,
      "306": 5.0,
      "308": 5.0,
      "310": 5.0,
      "312": 5.0,
      "314": 5.0,
      "316": 5.0,
      "318": 5.0,
      "320": 5.0,
      "322": 5.0,
      "324": 5.0,
      "326": 5.0,
      "328": 5.0,
      "330": 5.0,
      "332": 5.0,
      "334": 5.0,
      "336": 5.0,
      "338": 5.0,
      "340": 5.0,
      "342": 5.0,
      "344": 5.0,
      "346": 5.0,
      "348": 5.0,
      "350": 5.0,
      "352": 5.0,
      "354": 5.0,
      "356": 4.0,
      "358": 5.0,
      "360": 5.0,
      "362": 5.0,
      "364": 5.0,
      "366": 5.0,
      "368": 5.0,
      "370": 5.0,
      "372": 5.0,
      "374": 5.0,
      "376": 5.0,
      "378": 5.0,
      "380": 5.0,
      "382": 5.0,
      "384": 5.0,
      "386": 5.0,
      "388": 5.0,
      "390": 5.0,
      "392": 5.0,
      "394": 5.0,
      "396": 5.0,
      "398": 5.0,
      "400": 5.0,
      "402": 5.0,
      "404": 5.0,
      "406": 5.0,
      "408": 5.0,
      "410": 5.0,
      "412": 5.0,
      "414": 5.0,
      "416": 5.0,
      "418": 5.0,
      "420": 5.0,
      "422": 5.0,
      "424": 5.0,
      "426": 5.0,
      "428": 5.0,
      "430": 5.0,
      "432": 5.0,
      "434": 5.0,
      "436": 5.0,
      "438": 5.0,
      "440": 5.0,
      "442": 5.0,
      "444": 5.0,
      "446": 5.0,
      "448": 5.0,
      "450": 5.0,
      "452": 5.0,
      "454": 5.0,
      "456": 5.0,
      "458": 5.0,
      "460": 5.0,
      "462": 5.0,
      "464": 5.0,
      "466": 5.0,
      "468": 5.0,
      "470": 5.0,
      "472": 5.0,
      "474": 5.0,
      "476": 5.0,
      "478": 5.0,
      "480": 5.0,
      "482": 5.0,
      "484": 5.0,
      "486": 5.0,
      "488": 5.0,
      "490": 5.0,
      "492": 5.0,
      "494": 5.0,
      "496": 5.0,
      "498": 5.0,
      "500": 5.0,
      "502": 5.0,
      "504": 5.0,
      "506": 5.0,
      "508": 5.0,
      "510": 5.0,
      "512": 5.0,
      "514": 5.0,
      "516": 5.0,
      "518": 5.0,
      "520": 5.0,
      "522": 5.0,
      "524": 5.0,
      "526": 5.0,
      "528": 5.0,
      "530": 4.5,
      "532": 5.0,
      "534": 5.0,
      "536": 5.0,
      "538": 5.0,
      "540": 5.0,
      "542": 5.0,
      "544": 5.0,
      "546": 5.0,
      "548": 5.0,
      "550": 5.0,
      "552": 5.0,
      "554": 5.0,
      "556": 5.0,
      "558": 5.0,
      "560": 5.0,
      "562": 5.0,
      "564": 5.0,
      "566": 5.0,
      "568": 5.0,
      "570": 5.0,
      "572": 5.0,
      "574": 5.0,
      "576": 5.0,
      "578": 5.0,
      "580": 5.0,
      "582": 5.0,
      "584": 5.0,
      "586": 5.0,
      "588": 5.0,
      "590": 5.0,
      "592": 5.0,
      "594": 5.0,
      "596": 5.0,
      "598": 5.0,
      "600": 5.0,
      "602": 5.0,
      "604": 5.0,
      "606": 5.0,
      "608": 5.0,
      "610": 5.0,
      "612": 5.0,
      "614": 5.0,
      "616": 5.0,
      "618": 5.0,
      "620": 5.0,
      "622": 5.0,
      "624": 5.0,
      "626": 5.0,
      "628": 5.5,
      "630": 5.0,
      "632": 5.0,
      "634": 5.0,
      "636": 5.0,
      "638": 5.0,
      "640": 5.0,
      "642": 5.0,
      "644": 4.5,
      "646": 5.0,
      "648": 5.0,
      "650": 5.0,
      "652": 5.5,
      "654": 5.0,
      "656": 5.0,
      "658": 5.0,
      "660": 5.0,
      "662": 5.0,
      "664": 5.0,
      "666": 5.0,
      "668": 5.0,
      "670": 5.0,
      "672": 5.0,
      "674": 5.0,
      "676": 5.0,
      "678": 5.0,
      "680": 5.0,
      "682": 5.0,
      "684": 5.0,
      "686": 5.0,
      "688": 6.0,
      "690": 5.0,
      "692": 5.0,
      "694": 5.0,
      "696": 6.0,
      "698": 5.0,
      "700": 5.0,
      "702": 5.0,
      "704": 5.0,
      "706": 5.0,
      "708": 5.0,
      "710": 5.0,
      "712": 5.0,
      "714": 5.0,
      "716": 5.0,
      "718": 5.0,
      "720": 5.0,
      "722": 5.0,
      "724": 5.0,
      "726": 5.0,
      "728": 5.0,
      "730": 5.0,
      "732": 5.0,
      "734": 5.0,
      "736": 5.0,
      "738": 5.0,
      "740": 6.0,
      "742": 5.0,
      "744": 5.0,
      "746": 5.0,
      "748": 5.0,
      "750": 5.5,
      "752": 5.0,
      "754": 5.0,
      "756": 5.0,
      "758": 5.0,
      "760": 6.0,
      "762": 5.0,
      "764": 5.0,
      "766": 5.0,
      "768": 5.0,
      "770": 4.0,
      "772": 5.0,
      "774": 4.0,
      "776": 5.0,
      "778": 6.0,
      "780": 5.0,
      "782": 5.0,
      "784": 5.0,
      "788": 5.0,
      "790": 5.0,
      "792": 5.0,
      "794": 4.5,
      "796": 5.0,
      "798": 5.0,
      "800": 5.0,
      "802": 5.0,
      "804": 5.0,
      "806": 5.0,
      "808": 5.0,
      "810": 5.0,
      "812": 5.0,
      "814": 5.0,
      "816": 5.0,
      "818": 5.0,
      "820": 5.0,
      "822": 5.0,
      "824": 6.0,
      "826": 5.0,
      "828": 5.0,
      "830": 5.0,
      "832": 5.0,
      "834": 5.0,
      "836": 5.0,
      "838": 5.0,
      "840": 5.0,
      "842": 4.5,
      "844": 5.0,
      "846": 5.0,
      "848": 5.0,
      "850": 5.0,
      "852": 5.0,
      "854": 5.0,
      "856": 5.0,
      "858": 5.0,
      "860": 4.5,
      "862": 5.0,
      "864": 5.0,
      "866": 5.0,
      "868": 5.0,
      "870": 5.0,
      "872": 5.0,
      "874": 5.0,
      "876": 5.0,
      "878": 6.0,
      "880": 4.5,
      "882": 5.0,
      "884": 4.0,
      "886": 5.5,
      "888": 5.0,
      "890": 5.0,
      "892": 5.0,
      "894": 5.0,
      "896": 5.0,
      "898": 6.0,
      "900": 5.0,
      "902": 5.0,
      "904": 5.0,
      "906": 5.0,
      "908": 5.0,
      "910": 5.0,
      "912": 5.0,
      "914": 5.0,
      "916": 5.0,
      "918": 5.0,
      "920": 5.0,
      "922": 5.0,
      "924": 5.0,
      "926": 5.0,
      "928": 5.0,
      "930": 5.0,
      "932": 5.0,
      "934": 5.0,
      "936": 5.0,
      "938": 5.0,
      "940": 5.0,
      "944": 5.0,
      "946": 5.0,
      "948": 5.0,
      "950": 5.0,
      "952": 5.0,
      "954": 5.0,
      "956": 5.0,
      "958": 6.0,
      "960": 5.0,
      "962": 6.0,
      "964": 5.0,
      "966": 4.0,
      "968": 5.0,
      "974": 4.5,
      "976": 5.0,
      "978": 5.0,
      "980": 5.0,
      "982": 5.0,
      "984": 5.0,
      "986": 5.5,
      "988": 5.0,
      "990": 5.0,
      "992": 5.0,
      "994": 4.5,
      "996": 5.0,
      "998": 5.0,
      "1000": 5.0,
      "1002": 5.0,
      "1004": 5.0,
      "1006": 5.0,
      "1008": 5.0,
      "1010": 5.0,
      "1012": 5.0,
      "1014": 5.0,
      "1016": 5.0,
      "1018": 5.0,
      "1020": 5.0,
      "1022": 5.0,
      "1026": 5.0,
      "1028": 5.0,
      "1030": 5.0,
      "1032": 5.0,
      "1034": 5.0,
      "1036": 5.0,
      "1038": 5.0,
      "1042": 5.0,
      "1044": 5.0,
      "1046": 5.0,
      "1048": 5.0,
      "1050": 5.0,
      "1052": 5.0,
      "1054": 5.0,
      "1056": 5.0,
      "1058": 5.0,
      "1060": 6.0,
      "1064": 5.0,
      "1066": 5.0,
      "1068": 5.0,
      "1070": 5.0,
      "1072": 5.5,
      "1074": 5.0,
      "1082": 5.0,
      "1084": 5.0,
      "1090": 5.0,
      "1092": 5.0,
      "1094": 6.0,
      "1096": 5.0,
      "1100": 4.0,
      "1102": 5.0,
      "1104": 6.0,
      "1106": 5.0,
      "1108": 5.0,
      "1110": 5.0,
      "1112": 6.0,
      "1114": 5.0,
      "1116": 5.5,
      "1118": 5.0,
      "1120": 5.0,
      "1124": 5.0,
      "1126": 5.0,
      "1128": 5.0,
      "1130": 5.0,
      "1132": 5.0,
      "1134": 5.0,
      "1138": 5.0,
      "1140": 5.0,
      "1142": 5.5,
      "1144": 5.0,
      "1146": 5.0,
      "1148": 5.0,
      "1150": 5.0,
      "1152": 5.0,
      "1154": 5.0,
      "1156": 5.0,
      "1158": 5.0,
      "1160": 5.0,
      "1162": 5.0,
      "1164": 5.0,
      "1166": 5.0,
      "1168": 5.0,
      "1172": 5.0,
      "1174": 5.0,
      "1176": 5.0,
      "1178": 5.0,
      "1182": 6.0,
      "1184": 5.0,
      "1186": 5.0,
      "1188": 5.0,
      "1190": 5.0,
      "1194": 5.0,
      "1198": 5.0,
      "1200": 5.0,
      "1204": 5.0,
      "1206": 6.0,
      "1208": 5.0,
      "1210": 5.0,
      "1212": 5.0,
      "1214": 5.0,
      "1216": 5.0,
      "1218": 5.0,
      "1220": 4.0,
      "1224": 5.0,
      "1226": 5.0,
      "1228": 5.5,
      "1230": 5.0,
      "1232": 5.0,
      "1234": 5.0,
      "1236": 5.0,
      "1238": 5.0,
      "1240": 6.0,
      "1244": 5.0,
      "1246": 5.0,
      "1248": 5.5,
      "1250": 5.0,
      "1252": 5.0,
      "1258": 5.5,
      "1260": 5.0,
      "1262": 5.0,
      "1272": 5.0,
      "1274": 5.0,
      "1278": 5.0,
      "1282": 5.0,
      "1286": 5.0,
      "1288": 5.0,
      "1290": 5.0,
      "1292": 5.0,
      "1294": 5.0,
      "1296": 5.0,
      "1298": 5.0,
      "1304": 5.0,
      "1306": 5.0,
      "1308": 6.0,
      "1310": 5.0,
      "1314": 5.0,
      "1316": 5.0,
      "1318": 5.0,
      "1322": 5.0,
      "1326": 5.0,
      "1328": 5.0,
      "1330": 5.0,
      "1334": 5.0,
      "1336": 5.0,
      "1340": 5.0,
      "1342": 5.0,
      "1344": 4.0,
      "1346": 5.0,
      "1348": 6.0,
      "1350": 5.5,
      "1352": 5.0,
      "1354": 5.0,
      "1358": 5.0,
      "1360": 5.0,
      "1362": 5.0,
      "1366": 5.5,
      "1368": 5.0,
      "1370": 5.0,
      "1372": 6.0,
      "1374": 5.0,
      "1376": 5.0,
      "1378": 5.0,
      "1380": 5.0,
      "1386": 5.0,
      "1388": 5.0,
      "1390": 6.0,
      "1392": 4.5,
      "1394": 5.0,
      "1398": 5.0,
      "1400": 5.0,
      "1402": 5.0,
      "1404": 5.0,
      "1406": 5.0,
      "1410": 5.0,
      "1412": 5.0,
      "1414": 5.0,
      "1416": 5.0,
      "1418": 5.0,
      "1422": 5.0,
      "1424": 5.0,
      "1426": 4.5,
      "1428": 5.0,
      "1430": 5.0,
      "1434": 5.0,
      "1436": 5.0,
      "1440": 5.0,
      "1450": 5.0,
      "1452": 5.0,
      "1454": 5.0,
      "1456": 5.0,
      "1458": 5.0,
      "1460": 5.0,
      "1464": 5.0,
      "1466": 6.0,
      "1468": 5.0,
      "1472": 5.0,
      "1474": 5.0,
      "1476": 5.0,
      "1478": 4.0,
      "1480": 5.0,
      "1482": 5.0,
      "1486": 5.0,
      "1490": 5.0,
      "1492": 6.0,
      "1498": 5.0,
      "1504": 5.0,
      "1506": 5.0,
      "1508": 6.0,
      "1510": 5.0,
      "1512": 5.0,
      "1518": 5.0,
      "1520": 6.0,
      "1522": 5.0,
      "1528": 5.0,
      "1534": 5.0,
      "1542": 5.0,
      "1548": 5.0,
      "1552": 5.0,
      "1554": 5.0,
      "1558": 6.0,
      "1562": 5.0,
      "1564": 5.0,
      "1566": 5.0,
      "1568": 5.0,
      "1570": 5.0,
      "1574": 5.0,
      "1576": 5.0,
      "1582": 6.0,
      "1586": 5.0,
      "1590": 5.0,
      "1594": 5.0,
      "1596": 5.5,
      "1604": 5.5,
      "1606": 5.5,
      "1616": 5.0,
      "1620": 5.0,
      "1622": 5.0,
      "1624": 5.0,
      "1626": 5.0,
      "1630": 5.0,
      "1634": 5.0,
      "1636": 5.0,
      "1638": 5.0,
      "1642": 5.0,
      "1644": 4.5,
      "1646": 5.0,
      "1652": 5.0,
      "1654": 5.0,
      "1660": 5.0,
      "1666": 5.0,
      "1672": 5.0,
      "1674": 5.0,
      "1688": 5.0,
      "1694": 5.0,
      "1700": 5.0,
      "1702": 5.0,
      "1710": 5.0,
      "1718": 5.0,
      "1720": 5.0,
      "1722": 5.0,
      "1726": 5.0,
      "1734": 5.0,
      "1738": 5.0,
      "1742": 5.0,
      "1744": 5.0,
      "1752": 5.0,
      "1754": 5.0,
      "1764": 5.5,
      "1784": 5.0,
      "1790": 5.0,
      "1798": 5.0,
      "1802": 5.0,
      "1812": 5.0,
      "1816": 5.0,
      "1830": 5.0,
      "1848": 5.0,
      "1850": 5.0,
      "1854": 5.0,
      "1858": 5.0,
      "1862": 5.0,
      "1866": 5.0,
      "1874": 6.0,
      "1876": 5.0,
      "1878": 5.0,
      "1882": 5.0,
      "1890": 5.0,
      "1892": 5.0,
      "1894": 5.0,
      "1896": 5.0,
      "1898": 5.0,
      "1900": 5.0,
      "1902": 6.0,
      "1910": 5.0,
      "1914": 5.0,
      "1928": 5.0,
      "1932": 5.0,
      "1934": 5.0,
      "1940": 5.0,
      "1946": 6.0,
      "1948": 5.0,
      "1960": 5.0,
      "1962": 5.0,
      "1982": 6.0,
      "1988": 5.0,
      "1996": 5.0,
      "1998": 5.0,
      "2012": 5.0,
      "2018": 5.0,
      "2020": 5.0,
      "2028": 5.0,
      "2034": 5.5,
      "2052": 5.0,
      "2060": 5.0,
      "2068": 5.0,
      "2070": 6.0,
      "2074": 5.0,
      "2104": 5.0,
      "2106": 6.0,
      "2116": 5.0,
      "2118": 5.0,
      "2154": 5.0,
      "2172": 5.0,
      "2174": 5.0,
      "2186": 6.0,
      "2204": 5.0,
      "2214": 6.0,
      "2238": 5.0,
      "2240": 5.0,
      "2254": 5.0,
      "2256": 5.5,
      "2268": 5.0,
      "2280": 5.0,
      "2310": 6.0,
      "2328": 5.0,
      "2334": 5.0,
      "2336": 5.0,
      "2362": 5.0,
      "2372": 5.0,
      "2374": 6.0,
      "2388": 5.0,
      "2402": 5.0,
      "2406": 5.0,
      "2418": 6.0,
      "2454": 5.0,
      "2474": 5.0,
      "2486": 5.0,
      "2498": 5.0,
      "2506": 6.0,
      "2526": 5.0,
      "2560": 5.0,
      "2566": 5.0,
      "2578": 6.0,
      "2588": 5.0,
      "2594": 5.0,
      "2622": 5.0,
      "2638": 5.0,
      "2646": 5.0,
      "2648": 5.0,
      "2676": 5.0,
      "2736": 5.0,
      "2756": 5.0,
      "2770": 5.0,
      "2774": 5.0,
      "2784": 5.0,
      "2814": 5.0,
      "2818": 6.0,
      "2878": 5.0,
      "2882": 4.0,
      "2921": 5.0,
      "2941": 5.0,
      "2953": 5.0,
      "2963": 5.0,
      "2997": 5.0,
      "2999": 5.0,
      "3019": 5.0,
      "3035": 5.0,
      "3039": 7.0,
      "3045": 5.0,
      "3055": 5.0,
      "3093": 6.0,
      "3115": 5.0,
      "3179": 5.0,
      "3195": 6.0,
      "3199": 6.0,
      "3201": 5.0,
      "3213": 5.0,
      "3231": 5.0,
      "3247": 4.5,
      "3291": 5.0,
      "3301": 5.0,
      "3313": 5.0,
      "3317": 5.0,
      "3369": 5.0,
      "3383": 5.0,
      "3451": 5.0,
      "3505": 5.0,
      "3591": 5.0,
      "3607": 5.0,
      "3667": 5.5,
      "3779": 5.0,
      "3825": 5.0,
      "3883": 5.0,
      "4107": 4.0,
      "4137": 5.0,
      "4239": 5.0,
      "4263": 5.0,
      "4319": 5.0,
      "4363": 5.0,
      "4411": 6.0,
      "4601": 6.0,
      "4853": 5.0,
      "4947": 6.0,
      "4971": 5.0
    },
    "n_btag_loose": {
      "2": 2.0,
      "4": 2.0,
      "6": 2.0,
      "8": 2.0,
      "10": 2.0,
      "12": 2.0,
      "14": 2.0,
      "16": 2.0,
      "18": 2.0,
      "20": 2.0,
      "22": 2.0,
      "24": 2.0,
      "26": 2.0,
      "28": 2.0,
      "30": 2.0,
      "32": 2.0,
      "34": 2.0,
      "36": 2.0,
      "38": 2.0,
      "40": 2.0,
      "42": 2.0,
      "44": 2.0,
      "46": 2.0,
      "48": 2.0,
      "50": 2.0,
      "52": 2.0,
      "54": 2.0,
      "56": 2.0,
      "58": 2.0,
      "60": 2.0,
      "62": 2.0,
      "64": 2.0,
      "66": 2.0,
      "68": 2.0,
      "70": 2.0,
      "72": 2.0,
      "74": 2.0,
      "76": 2.0,
      "78": 2.0,
      "80": 2.0,
      "82": 2.0,
      "84": 2.0,
      "86": 2.0,
      "88": 2.0,
      "90": 2.0,
      "92": 2.0,
      "94": 2.0,
      "96": 2.0,
      "98": 2.0,
      "100": 2.0,
      "102": 2.0,
      "104": 2.0,
      "106": 2.0,
      "108": 2.0,
      "110": 2.0,
      "112": 2.0,
      "114": 2.0,
      "116": 2.0,
      "118": 2.0,
      "120": 2.0,
      "122": 2.0,
      "124": 2.0,
      "126": 2.0,
      "128": 2.0,
      "130": 2.0,
      "132": 2.0,
      "134": 2.0,
      "136": 2.0,
      "138": 2.0,
      "140": 2.0,
      "142": 2.0,
      "144": 2.0,
      "146": 2.0,
      "148": 2.0,
      "150": 2.0,
      "152": 2.0,
      "154": 2.0,
      "156": 2.0,
      "158": 2.0,
      "160": 2.0,
      "162": 2.0,
      "164": 2.0,
      "166": 2.0,
      "168": 2.0,
      "170": 2.0,
      "172": 2.0,
      "174": 2.0,
      "176": 2.0,
      "178": 2.0,
      "180": 2.0,
      "182": 2.0,
      "184": 2.0,
      "186": 2.0,
      "188": 2.0,
      "190": 2.0,
      "192": 2.0,
      "194": 2.0,
      "196": 2.0,
      "198": 2.0,
      "200": 2.0,
      "202": 2.0,
      "204": 2.0,
      "206": 2.0,
      "208": 2.0,
      "210": 2.0,
      "212": 2.0,
      "214": 2.0,
      "216": 2.0,
      "218": 2.0,
      "220": 2.0,
      "222": 2.0,
      "224": 2.0,
      "226": 2.0,
      "228": 2.0,
      "230": 2.0,
      "232": 2.0,
      "234": 2.0,
      "236": 2.0,
      "238": 2.0,
      "240": 2.0,
      "242": 2.0,
      "244": 2.0,
      "246": 2.0,
      "248": 2.0,
      "250": 2.0,
      "252": 2.0,
      "254": 2.0,
      "256": 2.0,
      "258": 2.0,
      "260": 2.0,
      "262": 2.0,
      "264": 2.0,
      "266": 2.0,
      "268": 2.0,
      "270": 2.0,
      "272": 2.0,
      "274": 2.0,
      "276": 2.0,
      "278": 2.0,
      "280": 2.0,
      "282": 2.0,
      "284": 2.0,
      "286": 2.0,
      "288": 2.0,
      "290": 2.0,
      "292": 2.0,
      "294": 2.0,
      "296": 2.0,
      "298": 2.0,
      "300": 2.0,
      "302": 2.0,
      "304": 2.0,
      "306": 2.0,
      "308": 2.0,
      "310": 2.0,
      "312": 2.0,
      "314": 2.0,
      "316": 2.0,
      "318": 2.0,
      "320": 2.0,
      "322": 3.0,
      "324": 2.0,
      "326": 2.0,
      "328": 2.0,
      "330": 2.0,
      "332": 2.0,
      "334": 2.0,
      "336": 2.0,
      "338": 2.0,
      "340": 2.0,
      "342": 2.0,
      "344": 2.0,
      "346": 2.0,
      "348": 2.0,
      "350": 2.0,
      "352": 2.0,
      "354": 2.0,
      "356": 2.0,
      "358": 2.0,
      "360": 2.0,
      "362": 2.0,
      "364": 2.5,
      "366": 2.0,
      "368": 2.0,
      "370": 2.0,
      "372": 2.0,
      "374": 2.0,
      "376": 2.0,
      "378": 2.0,
      "380": 2.0,
      "382": 2.0,
      "384": 2.0,
      "386": 2.0,
      "388": 2.0,
      "390": 2.0,
      "392": 2.0,
      "394": 2.0,
      "396": 2.0,
      "398": 2.0,
      "400": 2.0,
      "402": 2.0,
      "404": 2.0,
      "406": 2.0,
      "408": 2.0,
      "410": 2.0,
      "412": 3.0,
      "414": 2.0,
      "416": 2.0,
      "418": 2.0,
      "420": 2.0,
      "422": 2.0,
      "424": 2.0,
      "426": 2.0,
      "428": 2.5,
      "430": 2.0,
      "432": 2.0,
      "434": 2.0,
      "436": 2.0,
      "438": 3.0,
      "440": 2.0,
      "442": 2.0,
      "444": 2.0,
      "446": 3.0,
      "448": 2.0,
      "450": 2.0,
      "452": 2.0,
      "454": 2.0,
      "456": 2.0,
      "458": 2.0,
      "460": 2.0,
      "462": 2.0,
      "464": 2.0,
      "466": 2.5,
      "468": 2.0,
      "470": 2.0,
      "472": 2.0,
      "474": 2.0,
      "476": 2.0,
      "478": 2.0,
      "480": 2.0,
      "482": 3.0,
      "484": 3.0,
      "486": 2.0,
      "488": 2.0,
      "490": 2.0,
      "492": 2.0,
      "494": 2.0,
      "496": 2.0,
      "498": 2.0,
      "500": 2.5,
      "502": 2.0,
      "504": 2.0,
      "506": 2.0,
      "508": 2.0,
      "510": 2.0,
      "512": 2.0,
      "514": 2.0,
      "516": 3.0,
      "518": 2.0,
      "520": 2.0,
      "522": 2.0,
      "524": 2.0,
      "526": 2.0,
      "528": 2.0,
      "530": 2.0,
      "532": 2.0,
      "534": 2.0,
      "536": 2.0,
      "538": 2.0,
      "540": 2.0,
      "542": 2.0,
      "544": 2.0,
      "546": 2.0,
      "548": 2.0,
      "550": 2.5,
      "552": 2.0,
      "554": 2.0,
      "556": 3.0,
      "558": 2.0,
      "560": 2.5,
      "562": 3.0,
      "564": 2.0,
      "566": 2.0,
      "568": 2.0,
      "570": 2.0,
      "572": 2.0,
      "574": 2.0,
      "576": 2.0,
      "578": 2.0,
      "580": 2.0,
      "582": 2.0,
      "584": 2.0,
      "586": 2.0,
      "588": 2.0,
      "590": 2.0,
      "592": 2.0,
      "594": 2.0,
      "596": 2.0,
      "598": 2.0,
      "600": 2.0,
      "602": 2.5,
      "604": 2.0,
      "606": 2.5,
      "608": 2.0,
      "610": 2.5,
      "612": 2.0,
      "614": 2.0,
      "616": 2.0,
      "618": 2.0,
      "620": 2.0,
      "622": 2.0,
      "624": 2.0,
      "626": 2.0,
      "628": 2.0,
      "630": 2.0,
      "632": 3.0,
      "634": 2.0,
      "636": 2.0,
      "638": 2.0,
      "640": 2.0,
      "642": 2.5,
      "644": 2.0,
      "646": 2.0,
      "648": 3.0,
      "650": 2.0,
      "652": 2.5,
      "654": 2.0,
      "656": 2.0,
      "658": 3.0,
      "660": 2.0,
      "662": 2.0,
      "664": 3.0,
      "666": 3.0,
      "668": 2.0,
      "670": 2.0,
      "672": 2.0,
      "674": 2.0,
      "676": 3.0,
      "678": 2.0,
      "680": 3.0,
      "682": 2.0,
      "684": 2.0,
      "686": 2.0,
      "688": 3.0,
      "690": 3.0,
      "692": 2.0,
      "694": 2.0,
      "696": 3.0,
      "698": 2.0,
      "700": 3.0,
      "702": 2.0,
      "704": 2.0,
      "706": 2.0,
      "708": 2.5,
      "710": 2.0,
      "712": 2.0,
      "714": 2.0,
      "716": 2.0,
      "718": 2.0,
      "720": 2.0,
      "722": 2.0,
      "724": 2.0,
      "726": 3.0,
      "728": 2.0,
      "730": 3.0,
      "732": 2.0,
      "734": 2.0,
      "736": 2.5,
      "738": 2.0,
      "740": 3.0,
      "742": 2.0,
      "744": 3.0,
      "746": 2.0,
      "748": 2.0,
      "750": 3.0,
      "752": 2.0,
      "754": 2.0,
      "756": 3.0,
      "758": 3.0,
      "760": 3.0,
      "762": 2.5,
      "764": 2.0,
      "766": 2.0,
      "768": 2.0,
      "770": 2.0,
      "772": 3.0,
      "774": 2.0,
      "776": 3.0,
      "778": 2.0,
      "780": 2.0,
      "782": 2.0,
      "784": 2.0,
      "788": 2.5,
      "790": 2.0,
      "792": 2.5,
      "794": 2.0,
      "796": 2.5,
      "798": 2.0,
      "800": 2.0,
      "802": 2.0,
      "804": 2.0,
      "806": 2.0,
      "808": 2.0,
      "810": 3.0,
      "812": 2.0,
      "814": 3.0,
      "816": 3.0,
      "818": 2.0,
      "820": 2.0,
      "822": 2.0,
      "824": 2.5,
      "826": 3.0,
      "828": 2.0,
      "830": 3.0,
      "832": 2.0,
      "834": 2.0,
      "836": 2.0,
      "838": 2.0,
      "840": 2.0,
      "842": 2.0,
      "844": 2.5,
      "846": 2.0,
      "848": 2.0,
      "850": 2.0,
      "852": 3.0,
      "854": 3.0,
      "856": 2.0,
      "858": 2.0,
      "860": 2.0,
      "862": 2.0,
      "864": 3.0,
      "866": 2.0,
      "868": 2.0,
      "870": 2.0,
      "872": 2.5,
      "874": 2.0,
      "876": 2.0,
      "878": 3.0,
      "880": 2.0,
      "882": 2.0,
      "884": 2.0,
      "886": 2.5,
      "888": 3.0,
      "890": 2.5,
      "892": 2.0,
      "894": 2.0,
      "896": 2.0,
      "898": 2.5,
      "900": 2.5,
      "902": 2.0,
      "904": 3.0,
      "906": 3.0,
      "908": 2.0,
      "910": 3.0,
      "912": 2.0,
      "914": 2.0,
      "916": 3.0,
      "918": 3.0,
      "920": 3.0,
      "922": 2.0,
      "924": 2.5,
      "926": 2.0,
      "928": 2.0,
      "930": 2.0,
      "932": 2.0,
      "934": 2.0,
      "936": 3.0,
      "938": 2.0,
      "940": 2.0,
      "944": 3.0,
      "946": 2.5,
      "948": 2.0,
      "950": 2.0,
      "952": 2.0,
      "954": 3.0,
      "956": 2.0,
      "958": 3.0,
      "960": 2.0,
      "962": 2.0,
      "964": 2.0,
      "966": 2.0,
      "968": 2.0,
      "974": 2.0,
      "976": 2.0,
      "978": 2.0,
      "980": 2.0,
      "982": 2.0,
      "984": 3.0,
      "986": 3.0,
      "988": 3.0,
      "990": 3.0,
      "992": 3.0,
      "994": 2.0,
      "996": 2.0,
      "998": 2.0,
      "1000": 2.0,
      "1002": 2.0,
      "1004": 2.0,
      "1006": 2.5,
      "1008": 2.5,
      "1010": 2.0,
      "1012": 2.0,
      "1014": 2.0,
      "1016": 3.0,
      "1018": 3.0,
      "1020": 2.0,
      "1022": 2.0,
      "1026": 3.0,
      "1028": 2.0,
      "1030": 2.0,
      "1032": 3.0,
      "1034": 2.0,
      "1036": 3.0,
      "1038": 3.0,
      "1042": 3.0,
      "1044": 3.0,
      "1046": 2.0,
      "1048": 3.0,
      "1050": 2.0,
      "1052": 3.0,
      "1054": 3.0,
      "1056": 2.0,
      "1058": 2.0,
      "1060": 3.0,
      "1064": 3.0,
      "1066": 3.0,
      "1068": 3.0,
      "1070": 3.0,
      "1072": 3.0,
      "1074": 2.0,
      "1082": 2.5,
      "1084": 2.0,
      "1090": 2.5,
      "1092": 3.0,
      "1094": 2.0,
      "1096": 2.5,
      "1100": 2.0,
      "1102": 3.0,
      "1104": 3.0,
      "1106": 3.0,
      "1108": 2.5,
      "1110": 2.0,
      "1112": 3.0,
      "1114": 3.0,
      "1116": 2.5,
      "1118": 2.0,
      "1120": 3.0,
      "1124": 2.5,
      "1126": 2.0,
      "1128": 2.0,
      "1130": 3.0,
      "1132": 2.0,
      "1134": 3.0,
      "1138": 2.0,
      "1140": 3.0,
      "1142": 2.5,
      "1144": 2.0,
      "1146": 2.0,
      "1148": 3.0,
      "1150": 2.0,
      "1152": 3.0,
      "1154": 3.0,
      "1156": 2.0,
      "1158": 2.0,
      "1160": 3.0,
      "1162": 3.0,
      "1164": 2.0,
      "1166": 2.0,
      "1168": 3.0,
      "1172": 2.0,
      "1174": 2.5,
      "1176": 2.0,
      "1178": 2.0,
      "1182": 2.0,
      "1184": 2.5,
      "1186": 2.0,
      "1188": 2.0,
      "1190": 2.5,
      "1194": 2.0,
      "1198": 2.0,
      "1200": 3.0,
      "1204": 3.0,
      "1206": 2.5,
      "1208": 2.0,
      "1210": 2.0,
      "1212": 3.0,
      "1214": 3.0,
      "1216": 2.0,
      "1218": 2.0,
      "1220": 2.0,
      "1224": 2.0,
      "1226": 2.0,
      "1228": 2.0,
      "1230": 2.5,
      "1232": 2.0,
      "1234": 2.0,
      "1236": 2.0,
      "1238": 3.0,
      "1240": 2.0,
      "1244": 3.0,
      "1246": 2.0,
      "1248": 2.5,
      "1250": 2.0,
      "1252": 2.5,
      "1258": 3.0,
      "1260": 3.0,
      "1262": 2.5,
      "1272": 3.0,
      "1274": 3.0,
      "1278": 2.0,
      "1282": 2.0,
      "1286": 3.0,
      "1288": 2.0,
      "1290": 2.0,
      "1292": 2.0,
      "1294": 2.0,
      "1296": 2.5,
      "1298": 3.0,
      "1304": 3.0,
      "1306": 3.0,
      "1308": 2.0,
      "1310": 2.0,
      "1314": 2.5,
      "1316": 3.0,
      "1318": 3.0,
      "1322": 2.0,
      "1326": 3.0,
      "1328": 2.0,
      "1330": 2.0,
      "1334": 2.0,
      "1336": 3.0,
      "1340": 2.0,
      "1342": 2.0,
      "1344": 2.0,
      "1346": 3.0,
      "1348": 2.0,
      "1350": 2.0,
      "1352": 3.0,
      "1354": 3.0,
      "1358": 2.0,
      "1360": 2.5,
      "1362": 3.0,
      "1366": 2.0,
      "1368": 2.5,
      "1370": 3.0,
      "1372": 3.0,
      "1374": 2.0,
      "1376": 2.5,
      "1378": 3.0,
      "1380": 2.0,
      "1386": 2.0,
      "1388": 2.0,
      "1390": 3.0,
      "1392": 2.5,
      "1394": 3.0,
      "1398": 3.0,
      "1400": 3.0,
      "1402": 2.0,
      "1404": 2.0,
      "1406": 2.0,
      "1410": 2.0,
      "1412": 2.0,
      "1414": 2.0,
      "1416": 3.0,
      "1418": 2.5,
      "1422": 3.0,
      "1424": 2.0,
      "1426": 2.0,
      "1428": 3.0,
      "1430": 2.0,
      "1434": 3.0,
      "1436": 2.0,
      "1440": 3.0,
      "1450": 2.5,
      "1452": 3.0,
      "1454": 2.5,
      "1456": 3.0,
      "1458": 2.0,
      "1460": 3.0,
      "1464": 2.0,
      "1466": 2.5,
      "1468": 3.0,
      "1472": 2.0,
      "1474": 2.0,
      "1476": 2.0,
      "1478": 2.0,
      "1480": 2.0,
      "1482": 3.0,
      "1486": 2.0,
      "1490": 2.0,
      "1492": 3.0,
      "1498": 2.0,
      "1504": 2.0,
      "1506": 3.0,
      "1508": 2.0,
      "1510": 3.0,
      "1512": 3.0,
      "1518": 2.0,
      "1520": 3.0,
      "1522": 2.0,
      "1528": 3.0,
      "1534": 3.0,
      "1542": 2.0,
      "1548": 3.0,
      "1552": 3.0,
      "1554": 2.0,
      "1558": 2.5,
      "1562": 3.0,
      "1564": 3.0,
      "1566": 3.0,
      "1568": 2.0,
      "1570": 2.0,
      "1574": 3.0,
      "1576": 2.0,
      "1582": 2.0,
      "1586": 3.0,
      "1590": 3.0,
      "1594": 2.0,
      "1596": 2.0,
      "1604": 3.0,
      "1606": 3.0,
      "1616": 2.0,
      "1620": 2.0,
      "1622": 2.0,
      "1624": 2.0,
      "1626": 2.5,
      "1630": 3.0,
      "1634": 2.5,
      "1636": 2.0,
      "1638": 2.0,
      "1642": 3.0,
      "1644": 2.0,
      "1646": 2.0,
      "1652": 3.0,
      "1654": 2.0,
      "1660": 2.0,
      "1666": 3.0,
      "1672": 3.0,
      "1674": 3.0,
      "1688": 2.0,
      "1694": 3.0,
      "1700": 3.0,
      "1702": 2.0,
      "1710": 3.0,
      "1718": 2.0,
      "1720": 3.0,
      "1722": 2.0,
      "1726": 2.0,
      "1734": 3.0,
      "1738": 3.0,
      "1742": 2.0,
      "1744": 2.5,
      "1752": 3.0,
      "1754": 2.0,
      "1764": 2.0,
      "1784": 2.0,
      "1790": 3.0,
      "1798": 2.5,
      "1802": 3.0,
      "1812": 3.0,
      "1816": 2.0,
      "1830": 2.0,
      "1848": 2.0,
      "1850": 2.0,
      "1854": 2.0,
      "1858": 2.0,
      "1862": 2.0,
      "1866": 3.0,
      "1874": 3.0,
      "1876": 2.0,
      "1878": 2.0,
      "1882": 2.0,
      "1890": 2.0,
      "1892": 3.0,
      "1894": 3.0,
      "1896": 3.0,
      "1898": 2.0,
      "1900": 2.5,
      "1902": 3.0,
      "1910": 3.0,
      "1914": 3.0,
      "1928": 2.5,
      "1932": 3.0,
      "1934": 2.0,
      "1940": 3.0,
      "1946": 3.0,
      "1948": 2.0,
      "1960": 2.5,
      "1962": 2.0,
      "1982": 2.0,
      "1988": 3.0,
      "1996": 3.0,
      "1998": 3.0,
      "2012": 3.0,
      "2018": 3.0,
      "2020": 2.0,
      "2028": 2.0,
      "2034": 2.0,
      "2052": 2.0,
      "2060": 2.0,
      "2068": 3.0,
      "2070": 3.0,
      "2074": 3.0,
      "2104": 3.0,
      "2106": 3.0,
      "2116": 3.0,
      "2118": 2.0,
      "2154": 2.5,
      "2172": 2.0,
      "2174": 3.0,
      "2186": 3.0,
      "2204": 3.0,
      "2214": 3.0,
      "2238": 2.0,
      "2240": 2.0,
      "2254": 3.0,
      "2256": 3.0,
      "2268": 3.0,
      "2280": 2.0,
      "2310": 3.0,
      "2328": 3.0,
      "2334": 3.0,
      "2336": 3.0,
      "2362": 2.0,
      "2372": 3.0,
      "2374": 3.0,
      "2388": 3.0,
      "2402": 2.0,
      "2406": 2.0,
      "2418": 3.0,
      "2454": 3.0,
      "2474": 2.0,
      "2486": 2.0,
      "2498": 2.0,
      "2506": 2.0,
      "2526": 3.0,
      "2560": 3.0,
      "2566": 3.0,
      "2578": 3.0,
      "2588": 3.0,
      "2594": 2.0,
      "2622": 2.0,
      "2638": 2.0,
      "2646": 2.0,
      "2648": 2.0,
      "2676": 3.0,
      "2736": 3.0,
      "2756": 3.0,
      "2770": 3.0,
      "2774": 3.0,
      "2784": 3.0,
      "2814": 2.0,
      "2818": 3.0,
      "2878": 3.0,
      "2882": 2.0,
      "2921": 3.0,
      "2941": 2.5,
      "2953": 3.0,
      "2963": 3.0,
      "2997": 2.0,
      "2999": 2.0,
      "3019": 2.0,
      "3035": 2.5,
      "3039": 3.0,
      "3045": 3.0,
      "3055": 2.5,
      "3093": 2.0,
      "3115": 3.0,
      "3179": 2.5,
      "3195": 3.0,
      "3199": 3.0,
      "3201": 2.5,
      "3213": 2.0,
      "3231": 3.0,
      "3247": 3.0,
      "3291": 3.0,
      "3301": 3.0,
      "3313": 3.0,
      "3317": 2.0,
      "3369": 3.0,
      "3383": 2.5,
      "3451": 3.0,
      "3505": 3.0,
      "3591": 2.5,
      "3607": 3.0,
      "3667": 2.0,
      "3779": 3.0,
      "3825": 3.0,
      "3883": 3.0,
      "4107": 3.0,
      "4137": 3.0,
      "4239": 3.0,
      "4263": 3.0,
      "4319": 3.0,
      "4363": 2.0,
      "4411": 3.0,
      "4601": 4.0,
      "4853": 3.0,
      "4947": 3.0,
      "4971": 2.0
    },
    "HT": {
      "2": 459.48388671875,
      "4": 471.4298400878906,
      "6": 469.72377014160156,
      "8": 465.97764587402344,
      "10": 465.19464111328125,
      "12": 461.35540771484375,
      "14": 452.16412353515625,
      "16": 480.7629089355469,
      "18": 462.9077453613281,
      "20": 463.7120361328125,
      "22": 466.2984619140625,
      "24": 449.8263244628906,
      "26": 451.77386474609375,
      "28": 437.4170379638672,
      "30": 447.1181640625,
      "32": 443.8189392089844,
      "34": 467.8401641845703,
      "36": 464.2262420654297,
      "38": 440.533935546875,
      "40": 458.5261535644531,
      "42": 464.1908264160156,
      "44": 446.412109375,
      "46": 454.9140625,
      "48": 449.8435363769531,
      "50": 441.16075134277344,
      "52": 441.3210906982422,
      "54": 448.3129119873047,
      "56": 438.2720947265625,
      "58": 433.5233154296875,
      "60": 436.79791259765625,
      "62": 435.7533264160156,
      "64": 441.92333984375,
      "66": 466.73193359375,
      "68": 444.1638488769531,
      "70": 442.4566650390625,
      "72": 452.2015838623047,
      "74": 443.9023132324219,
      "76": 445.6434631347656,
      "78": 461.55609130859375,
      "80": 424.306640625,
      "82": 455.2970886230469,
      "84": 431.9107971191406,
      "86": 463.38909912109375,
      "88": 465.36805725097656,
      "90": 431.4722137451172,
      "92": 431.5979309082031,
      "94": 416.2903747558594,
      "96": 434.6320037841797,
      "98": 452.6109619140625,
      "100": 431.4446563720703,
      "102": 429.0209503173828,
      "104": 422.4442443847656,
      "106": 446.08917236328125,
      "108": 450.6116485595703,
      "110": 436.78038024902344,
      "112": 438.2268524169922,
      "114": 423.19317626953125,
      "116": 460.8010559082031,
      "118": 449.1820983886719,
      "120": 434.1227111816406,
      "122": 429.1629180908203,
      "124": 441.6311340332031,
      "126": 435.99005126953125,
      "128": 435.5515594482422,
      "130": 477.2010498046875,
      "132": 461.90496826171875,
      "134": 455.86871337890625,
      "136": 439.2445526123047,
      "138": 428.99205017089844,
      "140": 450.9921875,
      "142": 467.8257751464844,
      "144": 420.30279541015625,
      "146": 486.17088317871094,
      "148": 451.6341247558594,
      "150": 467.6308288574219,
      "152": 450.2792663574219,
      "154": 437.3130798339844,
      "156": 442.1259002685547,
      "158": 472.1582946777344,
      "160": 443.03785705566406,
      "162": 466.7544708251953,
      "164": 411.4398956298828,
      "166": 432.1053466796875,
      "168": 424.8016662597656,
      "170": 459.5058898925781,
      "172": 449.5638122558594,
      "174": 424.927978515625,
      "176": 438.7793884277344,
      "178": 481.1080322265625,
      "180": 423.7562561035156,
      "182": 451.34051513671875,
      "184": 484.78770446777344,
      "186": 435.642333984375,
      "188": 424.7715759277344,
      "190": 455.33502197265625,
      "192": 421.2981262207031,
      "194": 469.8643798828125,
      "196": 465.92884826660156,
      "198": 457.6203308105469,
      "200": 443.743896484375,
      "202": 465.5419464111328,
      "204": 430.98622131347656,
      "206": 429.69456481933594,
      "208": 469.45143127441406,
      "210": 464.11895751953125,
      "212": 437.20513916015625,
      "214": 466.7658996582031,
      "216": 466.6332702636719,
      "218": 461.15399169921875,
      "220": 443.4495849609375,
      "222": 442.6269226074219,
      "224": 421.55194091796875,
      "226": 463.20794677734375,
      "228": 448.04237365722656,
      "230": 435.3188171386719,
      "232": 475.7439422607422,
      "234": 466.0357666015625,
      "236": 432.2205810546875,
      "238": 478.62010192871094,
      "240": 469.4634094238281,
      "242": 484.57398986816406,
      "244": 463.13580322265625,
      "246": 453.4007110595703,
      "248": 451.656494140625,
      "250": 437.8820495605469,
      "252": 447.25421142578125,
      "254": 467.37603759765625,
      "256": 432.6033935546875,
      "258": 438.53509521484375,
      "260": 454.30120849609375,
      "262": 446.45550537109375,
      "264": 443.8966979980469,
      "266": 460.02197265625,
      "268": 444.33233642578125,
      "270": 465.5675964355469,
      "272": 439.1158905029297,
      "274": 457.41017150878906,
      "276": 433.1818084716797,
      "278": 441.0969543457031,
      "280": 445.16796875,
      "282": 470.3995361328125,
      "284": 448.4641418457031,
      "286": 479.5122528076172,
      "288": 493.5107116699219,
      "290": 437.50872802734375,
      "292": 499.61273193359375,
      "294": 438.40692138671875,
      "296": 418.8959655761719,
      "298": 425.4891052246094,
      "300": 506.3692169189453,
      "302": 422.95326232910156,
      "304": 418.97059631347656,
      "306": 451.7850036621094,
      "308": 421.67230224609375,
      "310": 468.4828186035156,
      "312": 467.76661682128906,
      "314": 492.93426513671875,
      "316": 452.8105773925781,
      "318": 446.0492858886719,
      "320": 492.09226989746094,
      "322": 444.3692321777344,
      "324": 433.06407165527344,
      "326": 451.8347473144531,
      "328": 457.40599060058594,
      "330": 458.8928680419922,
      "332": 505.4704132080078,
      "334": 428.29078674316406,
      "336": 400.2404327392578,
      "338": 403.6598815917969,
      "340": 471.80389404296875,
      "342": 429.7509765625,
      "344": 464.7438659667969,
      "346": 446.737548828125,
      "348": 437.7471923828125,
      "350": 462.7353210449219,
      "352": 394.00828552246094,
      "354": 428.758544921875,
      "356": 484.5294189453125,
      "358": 425.4232177734375,
      "360": 430.3294677734375,
      "362": 430.18516540527344,
      "364": 429.2626037597656,
      "366": 410.8401184082031,
      "368": 411.67474365234375,
      "370": 445.90155029296875,
      "372": 497.78082275390625,
      "374": 421.72760009765625,
      "376": 450.3215637207031,
      "378": 442.6321258544922,
      "380": 449.013916015625,
      "382": 495.66717529296875,
      "384": 484.73194885253906,
      "386": 485.8683776855469,
      "388": 425.42071533203125,
      "390": 477.1218719482422,
      "392": 436.4413757324219,
      "394": 499.443359375,
      "396": 445.71685791015625,
      "398": 429.47560119628906,
      "400": 449.2206726074219,
      "402": 405.3164367675781,
      "404": 466.18299865722656,
      "406": 445.3203887939453,
      "408": 473.6513671875,
      "410": 490.90625,
      "412": 487.50653076171875,
      "414": 532.9815673828125,
      "416": 501.7641143798828,
      "418": 490.9219970703125,
      "420": 543.9357299804688,
      "422": 463.2074737548828,
      "424": 498.2371826171875,
      "426": 459.9814758300781,
      "428": 511.7740020751953,
      "430": 454.4984893798828,
      "432": 448.9337158203125,
      "434": 472.6599426269531,
      "436": 417.7594299316406,
      "438": 468.5903015136719,
      "440": 457.01678466796875,
      "442": 469.9880828857422,
      "444": 462.6349792480469,
      "446": 449.6669616699219,
      "448": 454.55426025390625,
      "450": 425.74169921875,
      "452": 517.4308776855469,
      "454": 479.724365234375,
      "456": 473.19256591796875,
      "458": 470.5728454589844,
      "460": 411.120361328125,
      "462": 457.3248596191406,
      "464": 414.3032531738281,
      "466": 467.9527282714844,
      "468": 428.4223327636719,
      "470": 468.0401916503906,
      "472": 418.7360534667969,
      "474": 422.23890686035156,
      "476": 425.2205505371094,
      "478": 438.6971740722656,
      "480": 467.215576171875,
      "482": 418.32904052734375,
      "484": 469.02320861816406,
      "486": 407.2386169433594,
      "488": 427.1651611328125,
      "490": 539.0645141601562,
      "492": 425.4083251953125,
      "494": 449.52113342285156,
      "496": 505.04689025878906,
      "498": 463.2720947265625,
      "500": 478.38975524902344,
      "502": 469.98931884765625,
      "504": 466.5913391113281,
      "506": 529.3233032226562,
      "508": 518.0880737304688,
      "510": 460.1169128417969,
      "512": 465.87750244140625,
      "514": 443.4312744140625,
      "516": 423.30889892578125,
      "518": 421.5403137207031,
      "520": 415.3973388671875,
      "522": 470.6145782470703,
      "524": 481.5334167480469,
      "526": 454.3039245605469,
      "528": 383.4893035888672,
      "530": 508.71063232421875,
      "532": 396.1785583496094,
      "534": 412.26763916015625,
      "536": 513.9065246582031,
      "538": 476.9580535888672,
      "540": 444.40960693359375,
      "542": 461.70013427734375,
      "544": 425.83241271972656,
      "546": 408.2196350097656,
      "548": 421.1076354980469,
      "550": 455.24546813964844,
      "552": 464.79718017578125,
      "554": 474.45611572265625,
      "556": 571.0659790039062,
      "558": 482.777099609375,
      "560": 518.6625671386719,
      "562": 460.020263671875,
      "564": 493.51593017578125,
      "566": 491.6543884277344,
      "568": 453.3779602050781,
      "570": 430.54364013671875,
      "572": 459.9022979736328,
      "574": 496.46002197265625,
      "576": 385.5849914550781,
      "578": 492.44105529785156,
      "580": 457.83111572265625,
      "582": 464.7132873535156,
      "584": 431.08563232421875,
      "586": 450.7730407714844,
      "588": 494.7502136230469,
      "590": 456.6869354248047,
      "592": 496.1064147949219,
      "594": 409.374755859375,
      "596": 485.97230529785156,
      "598": 425.9473571777344,
      "600": 453.36505126953125,
      "602": 562.3980102539062,
      "604": 443.7709655761719,
      "606": 429.92530822753906,
      "608": 476.3688049316406,
      "610": 522.2235107421875,
      "612": 445.70233154296875,
      "614": 486.5594482421875,
      "616": 419.9619140625,
      "618": 411.73329162597656,
      "620": 421.7713317871094,
      "622": 454.7569274902344,
      "624": 474.9625244140625,
      "626": 465.0401611328125,
      "628": 432.7812805175781,
      "630": 444.84385681152344,
      "632": 439.13140869140625,
      "634": 436.4753875732422,
      "636": 501.7336120605469,
      "638": 418.59539794921875,
      "640": 510.0731506347656,
      "642": 504.0672912597656,
      "644": 508.51263427734375,
      "646": 587.63818359375,
      "648": 435.972412109375,
      "650": 524.025146484375,
      "652": 556.2572326660156,
      "654": 489.1943664550781,
      "656": 493.26483154296875,
      "658": 493.05841064453125,
      "660": 476.8654022216797,
      "662": 431.6375274658203,
      "664": 619.1795043945312,
      "666": 451.1458435058594,
      "668": 449.9620361328125,
      "670": 420.1622619628906,
      "672": 436.4079895019531,
      "674": 438.07814025878906,
      "676": 577.05419921875,
      "678": 460.152587890625,
      "680": 415.84405517578125,
      "682": 430.064208984375,
      "684": 431.6656494140625,
      "686": 453.72093200683594,
      "688": 485.51954650878906,
      "690": 462.51715087890625,
      "692": 441.7673034667969,
      "694": 425.2875671386719,
      "696": 552.6010131835938,
      "698": 469.55174255371094,
      "700": 459.2665100097656,
      "702": 478.4049987792969,
      "704": 508.0060729980469,
      "706": 482.2380065917969,
      "708": 418.81666564941406,
      "710": 553.339111328125,
      "712": 517.1575317382812,
      "714": 517.0453491210938,
      "716": 451.55650329589844,
      "718": 457.242919921875,
      "720": 476.8529357910156,
      "722": 524.9646606445312,
      "724": 542.1525268554688,
      "726": 544.642333984375,
      "728": 426.2198028564453,
      "730": 431.3871765136719,
      "732": 416.3049011230469,
      "734": 428.67181396484375,
      "736": 498.04376220703125,
      "738": 449.2585754394531,
      "740": 464.8431396484375,
      "742": 510.6006164550781,
      "744": 442.1072082519531,
      "746": 422.7708740234375,
      "748": 426.1136932373047,
      "750": 443.5594787597656,
      "752": 438.58721923828125,
      "754": 424.39825439453125,
      "756": 469.03955078125,
      "758": 433.3167419433594,
      "760": 443.1813049316406,
      "762": 501.2891845703125,
      "764": 399.8247528076172,
      "766": 429.9619445800781,
      "768": 478.0616149902344,
      "770": 500.78570556640625,
      "772": 443.03045654296875,
      "774": 399.0179443359375,
      "776": 429.7335968017578,
      "778": 582.767333984375,
      "780": 482.208984375,
      "782": 451.89027404785156,
      "784": 436.16033935546875,
      "788": 434.52037048339844,
      "790": 409.2173156738281,
      "792": 588.129638671875,
      "794": 449.17054748535156,
      "796": 387.07875061035156,
      "798": 459.5071258544922,
      "800": 419.68833923339844,
      "802": 448.87469482421875,
      "804": 504.7050323486328,
      "806": 437.9253845214844,
      "808": 406.5933532714844,
      "810": 519.6376342773438,
      "812": 476.5176239013672,
      "814": 469.7940673828125,
      "816": 448.54736328125,
      "818": 498.20738220214844,
      "820": 532.6785125732422,
      "822": 515.289794921875,
      "824": 486.5168914794922,
      "826": 491.1749572753906,
      "828": 454.3940887451172,
      "830": 489.405029296875,
      "832": 448.335205078125,
      "834": 460.08740234375,
      "836": 438.2530822753906,
      "838": 515.9395751953125,
      "840": 472.53515625,
      "842": 434.83795166015625,
      "844": 496.34722900390625,
      "846": 510.8630065917969,
      "848": 425.3708801269531,
      "850": 404.5249938964844,
      "852": 573.2442626953125,
      "854": 402.2530822753906,
      "856": 441.8203430175781,
      "858": 403.94732666015625,
      "860": 366.95765686035156,
      "862": 504.2957458496094,
      "864": 426.3912658691406,
      "866": 420.3260498046875,
      "868": 469.6064758300781,
      "870": 487.38800048828125,
      "872": 403.3018341064453,
      "874": 495.00396728515625,
      "876": 420.4324035644531,
      "878": 482.177490234375,
      "880": 572.7412719726562,
      "882": 424.18943786621094,
      "884": 417.2694854736328,
      "886": 481.1453399658203,
      "888": 389.13330078125,
      "890": 473.54627990722656,
      "892": 425.7533264160156,
      "894": 398.59812927246094,
      "896": 456.27178955078125,
      "898": 570.2893371582031,
      "900": 427.09422302246094,
      "902": 420.3169860839844,
      "904": 513.6893920898438,
      "906": 504.4302062988281,
      "908": 439.27760314941406,
      "910": 506.9989318847656,
      "912": 467.3413391113281,
      "914": 452.7131042480469,
      "916": 485.45782470703125,
      "918": 437.5301818847656,
      "920": 505.1728820800781,
      "922": 449.53216552734375,
      "924": 602.2093200683594,
      "926": 425.6492919921875,
      "928": 523.3345336914062,
      "930": 504.9268798828125,
      "932": 456.0070343017578,
      "934": 473.3965759277344,
      "936": 542.7661743164062,
      "938": 390.08245849609375,
      "940": 505.6336975097656,
      "944": 421.02288818359375,
      "946": 426.4923400878906,
      "948": 423.4687805175781,
      "950": 454.09375,
      "952": 426.7673034667969,
      "954": 411.3749694824219,
      "956": 453.017822265625,
      "958": 503.8630676269531,
      "960": 402.58251953125,
      "962": 435.525390625,
      "964": 391.66453552246094,
      "966": 368.012939453125,
      "968": 451.66046142578125,
      "974": 405.7611846923828,
      "976": 475.747314453125,
      "978": 453.9780578613281,
      "980": 487.9639129638672,
      "982": 430.77488708496094,
      "984": 514.0713958740234,
      "986": 479.1445617675781,
      "988": 489.7652587890625,
      "990": 464.2026062011719,
      "992": 507.6179504394531,
      "994": 454.04930114746094,
      "996": 385.50392150878906,
      "998": 509.853515625,
      "1000": 426.47149658203125,
      "1002": 445.35752868652344,
      "1004": 535.0558471679688,
      "1006": 441.10423278808594,
      "1008": 463.1053161621094,
      "1010": 489.9052734375,
      "1012": 400.5003356933594,
      "1014": 475.1194763183594,
      "1016": 535.7350158691406,
      "1018": 420.0093231201172,
      "1020": 452.7203369140625,
      "1022": 501.4853973388672,
      "1026": 541.549072265625,
      "1028": 394.92005920410156,
      "1030": 443.3847961425781,
      "1032": 406.7806091308594,
      "1034": 546.2367858886719,
      "1036": 463.55078125,
      "1038": 510.92767333984375,
      "1042": 546.8408203125,
      "1044": 470.6634521484375,
      "1046": 491.8551025390625,
      "1048": 412.12493896484375,
      "1050": 473.93072509765625,
      "1052": 452.777099609375,
      "1054": 548.9969177246094,
      "1056": 440.0589599609375,
      "1058": 466.5985565185547,
      "1060": 508.40045166015625,
      "1064": 475.2113342285156,
      "1066": 488.81591796875,
      "1068": 416.1514892578125,
      "1070": 521.4276123046875,
      "1072": 483.2953643798828,
      "1074": 522.636474609375,
      "1082": 477.4756164550781,
      "1084": 520.0654296875,
      "1090": 416.029296875,
      "1092": 526.1014556884766,
      "1094": 577.7587280273438,
      "1096": 617.2683715820312,
      "1100": 377.5997009277344,
      "1102": 511.31150817871094,
      "1104": 585.5551147460938,
      "1106": 470.35003662109375,
      "1108": 454.2586364746094,
      "1110": 452.3404998779297,
      "1112": 520.956787109375,
      "1114": 510.5883483886719,
      "1116": 467.15931701660156,
      "1118": 441.2906799316406,
      "1120": 506.7186584472656,
      "1124": 506.0489807128906,
      "1126": 501.5254211425781,
      "1128": 487.73724365234375,
      "1130": 517.5281372070312,
      "1132": 404.7221374511719,
      "1134": 405.5625457763672,
      "1138": 527.6256103515625,
      "1140": 448.15069580078125,
      "1142": 458.8494415283203,
      "1144": 584.345703125,
      "1146": 478.12904357910156,
      "1148": 462.59893798828125,
      "1150": 414.327880859375,
      "1152": 502.0052795410156,
      "1154": 432.5964660644531,
      "1156": 640.8271484375,
      "1158": 421.89971923828125,
      "1160": 510.34326171875,
      "1162": 634.2548522949219,
      "1164": 455.828369140625,
      "1166": 394.79974365234375,
      "1168": 439.3476867675781,
      "1172": 410.97230529785156,
      "1174": 440.1151123046875,
      "1176": 421.43324279785156,
      "1178": 397.8573913574219,
      "1182": 615.169189453125,
      "1184": 516.5399780273438,
      "1186": 486.64788818359375,
      "1188": 441.9118957519531,
      "1190": 413.5197296142578,
      "1194": 491.3089141845703,
      "1198": 402.4643249511719,
      "1200": 510.1148681640625,
      "1204": 500.448486328125,
      "1206": 446.14642333984375,
      "1208": 447.3402404785156,
      "1210": 518.1695098876953,
      "1212": 455.76220703125,
      "1214": 448.6589050292969,
      "1216": 484.19268798828125,
      "1218": 492.6499938964844,
      "1220": 446.5271301269531,
      "1224": 480.3646545410156,
      "1226": 544.7740478515625,
      "1228": 536.8765106201172,
      "1230": 405.3000793457031,
      "1232": 480.5967559814453,
      "1234": 403.82794189453125,
      "1236": 413.35565185546875,
      "1238": 414.4659423828125,
      "1240": 427.93077087402344,
      "1244": 482.7781219482422,
      "1246": 461.4916687011719,
      "1248": 486.1592254638672,
      "1250": 490.4225769042969,
      "1252": 540.5441589355469,
      "1258": 448.1320495605469,
      "1260": 540.8599243164062,
      "1262": 616.1328430175781,
      "1272": 519.2741088867188,
      "1274": 390.4382629394531,
      "1278": 529.5167236328125,
      "1282": 474.0228271484375,
      "1286": 465.9973449707031,
      "1288": 479.8375244140625,
      "1290": 486.4441680908203,
      "1292": 462.20025634765625,
      "1294": 460.4596252441406,
      "1296": 483.5637969970703,
      "1298": 448.5321350097656,
      "1304": 477.243896484375,
      "1306": 541.2237396240234,
      "1308": 669.411376953125,
      "1310": 438.0509033203125,
      "1314": 448.3211212158203,
      "1316": 430.185791015625,
      "1318": 432.34364318847656,
      "1322": 369.83392333984375,
      "1326": 506.6949157714844,
      "1328": 512.8664245605469,
      "1330": 484.418701171875,
      "1334": 490.84747314453125,
      "1336": 507.1080017089844,
      "1340": 471.513671875,
      "1342": 427.3518524169922,
      "1344": 386.35394287109375,
      "1346": 488.81793212890625,
      "1348": 582.4038696289062,
      "1350": 609.7404174804688,
      "1352": 523.2886962890625,
      "1354": 501.5827331542969,
      "1358": 538.7574462890625,
      "1360": 459.29920959472656,
      "1362": 440.5625762939453,
      "1366": 513.3144836425781,
      "1368": 401.1573181152344,
      "1370": 446.2013397216797,
      "1372": 655.186767578125,
      "1374": 446.36578369140625,
      "1376": 490.64198303222656,
      "1378": 591.3694458007812,
      "1380": 491.68128967285156,
      "1386": 463.98680114746094,
      "1388": 436.272216796875,
      "1390": 491.4383239746094,
      "1392": 715.9666137695312,
      "1394": 390.86279296875,
      "1398": 543.7525939941406,
      "1400": 449.2703857421875,
      "1402": 441.1012878417969,
      "1404": 520.1603393554688,
      "1406": 460.48345947265625,
      "1410": 417.3952331542969,
      "1412": 491.2890930175781,
      "1414": 461.9265594482422,
      "1416": 389.1529846191406,
      "1418": 589.7904052734375,
      "1422": 460.5018768310547,
      "1424": 534.2811889648438,
      "1426": 435.6108856201172,
      "1428": 416.2366027832031,
      "1430": 501.0513610839844,
      "1434": 577.492919921875,
      "1436": 634.1009521484375,
      "1440": 455.95416259765625,
      "1450": 490.0620574951172,
      "1452": 482.6886749267578,
      "1454": 540.9071197509766,
      "1456": 439.7462463378906,
      "1458": 447.17376708984375,
      "1460": 494.0925598144531,
      "1464": 495.60130310058594,
      "1466": 670.7082214355469,
      "1468": 507.01568603515625,
      "1472": 415.7702941894531,
      "1474": 562.87646484375,
      "1476": 447.02984619140625,
      "1478": 435.2315673828125,
      "1480": 482.4330139160156,
      "1482": 465.56292724609375,
      "1486": 470.58990478515625,
      "1490": 477.2113037109375,
      "1492": 486.7322998046875,
      "1498": 501.0606689453125,
      "1504": 434.35888671875,
      "1506": 365.1433410644531,
      "1508": 495.8113708496094,
      "1510": 456.7866973876953,
      "1512": 430.2041320800781,
      "1518": 582.789306640625,
      "1520": 523.9224243164062,
      "1522": 456.1896667480469,
      "1528": 423.4798889160156,
      "1534": 487.2455291748047,
      "1542": 496.14654541015625,
      "1548": 393.5238494873047,
      "1552": 460.5500183105469,
      "1554": 460.4610900878906,
      "1558": 574.8296813964844,
      "1562": 380.9649963378906,
      "1564": 430.5828552246094,
      "1566": 461.19007873535156,
      "1568": 578.5882568359375,
      "1570": 479.9318542480469,
      "1574": 459.7017517089844,
      "1576": 416.94793701171875,
      "1582": 504.4534149169922,
      "1586": 509.9263000488281,
      "1590": 502.5911560058594,
      "1594": 445.9500732421875,
      "1596": 466.28089904785156,
      "1604": 545.2430419921875,
      "1606": 560.8521118164062,
      "1616": 431.7861022949219,
      "1620": 455.49578857421875,
      "1622": 421.9794921875,
      "1624": 460.33009338378906,
      "1626": 392.7810821533203,
      "1630": 524.9830017089844,
      "1634": 529.3250732421875,
      "1636": 452.45458984375,
      "1638": 471.44781494140625,
      "1642": 495.44915771484375,
      "1644": 510.90794372558594,
      "1646": 424.8139953613281,
      "1652": 441.19354248046875,
      "1654": 407.27716064453125,
      "1660": 531.717041015625,
      "1666": 427.3910827636719,
      "1672": 542.5062866210938,
      "1674": 447.7475280761719,
      "1688": 377.29278564453125,
      "1694": 407.5115661621094,
      "1700": 469.27301025390625,
      "1702": 357.3189697265625,
      "1710": 525.02978515625,
      "1718": 414.645263671875,
      "1720": 443.0315246582031,
      "1722": 509.8388214111328,
      "1726": 449.3992919921875,
      "1734": 673.0390472412109,
      "1738": 572.3316040039062,
      "1742": 456.33367919921875,
      "1744": 495.3628387451172,
      "1752": 378.2718505859375,
      "1754": 542.6628723144531,
      "1764": 466.8081359863281,
      "1784": 415.2228088378906,
      "1790": 388.28216552734375,
      "1798": 396.1616516113281,
      "1802": 761.8613891601562,
      "1812": 498.7601623535156,
      "1816": 509.072265625,
      "1830": 388.5429992675781,
      "1848": 561.3150634765625,
      "1850": 398.9503479003906,
      "1854": 390.1183776855469,
      "1858": 441.630859375,
      "1862": 401.0644226074219,
      "1866": 471.42620849609375,
      "1874": 649.1008605957031,
      "1876": 443.384521484375,
      "1878": 442.77655029296875,
      "1882": 378.1002197265625,
      "1890": 568.7130737304688,
      "1892": 485.352783203125,
      "1894": 415.88079833984375,
      "1896": 374.6846160888672,
      "1898": 502.5233612060547,
      "1900": 513.5897979736328,
      "1902": 597.1644897460938,
      "1910": 582.1599731445312,
      "1914": 537.5332641601562,
      "1928": 422.0363464355469,
      "1932": 417.14215087890625,
      "1934": 460.65191650390625,
      "1940": 392.32476806640625,
      "1946": 475.19256591796875,
      "1948": 401.78692626953125,
      "1960": 425.9717712402344,
      "1962": 502.2807922363281,
      "1982": 475.5909423828125,
      "1988": 450.515869140625,
      "1996": 552.4082641601562,
      "1998": 488.92193603515625,
      "2012": 441.19764709472656,
      "2018": 434.5716247558594,
      "2020": 459.5125427246094,
      "2028": 483.75128173828125,
      "2034": 590.3150939941406,
      "2052": 490.9216003417969,
      "2060": 387.0498962402344,
      "2068": 573.9347534179688,
      "2070": 547.5523986816406,
      "2074": 460.35638427734375,
      "2104": 397.14434814453125,
      "2106": 408.2075653076172,
      "2116": 563.0820617675781,
      "2118": 429.9932861328125,
      "2154": 539.30908203125,
      "2172": 543.6764526367188,
      "2174": 471.43408203125,
      "2186": 668.659423828125,
      "2204": 469.0343933105469,
      "2214": 512.5839233398438,
      "2238": 461.61187744140625,
      "2240": 445.9998779296875,
      "2254": 554.52685546875,
      "2256": 617.981201171875,
      "2268": 459.18638610839844,
      "2280": 515.3467407226562,
      "2310": 545.4287567138672,
      "2328": 377.8757019042969,
      "2334": 415.7417907714844,
      "2336": 513.9073486328125,
      "2362": 380.21746826171875,
      "2372": 569.028076171875,
      "2374": 612.9267578125,
      "2388": 622.742919921875,
      "2402": 436.6212158203125,
      "2406": 459.4302978515625,
      "2418": 523.4006958007812,
      "2454": 432.0469665527344,
      "2474": 368.80828857421875,
      "2486": 485.09295654296875,
      "2498": 400.56532287597656,
      "2506": 500.0943298339844,
      "2526": 422.0663146972656,
      "2560": 386.39617919921875,
      "2566": 563.4541625976562,
      "2578": 582.0548095703125,
      "2588": 519.5256652832031,
      "2594": 500.38160705566406,
      "2622": 481.6068115234375,
      "2638": 537.9515991210938,
      "2646": 413.6776428222656,
      "2648": 419.0712890625,
      "2676": 438.3480224609375,
      "2736": 608.15283203125,
      "2756": 447.55126953125,
      "2770": 408.22003173828125,
      "2774": 453.79624938964844,
      "2784": 444.87530517578125,
      "2814": 585.47021484375,
      "2818": 547.7126770019531,
      "2878": 440.1481628417969,
      "2882": 451.3560791015625,
      "2921": 461.6270751953125,
      "2941": 414.7572937011719,
      "2953": 518.6170654296875,
      "2963": 405.2894287109375,
      "2997": 365.51947021484375,
      "2999": 420.07623291015625,
      "3019": 527.6878051757812,
      "3035": 456.54420471191406,
      "3039": 739.2955322265625,
      "3045": 606.0590209960938,
      "3055": 496.07142639160156,
      "3093": 492.52586364746094,
      "3115": 524.4735717773438,
      "3179": 580.3843994140625,
      "3195": 628.6301879882812,
      "3199": 407.3056335449219,
      "3201": 454.5843811035156,
      "3213": 533.37451171875,
      "3231": 468.46995544433594,
      "3247": 635.1947631835938,
      "3291": 498.7835998535156,
      "3301": 470.077392578125,
      "3313": 584.639404296875,
      "3317": 392.310791015625,
      "3369": 511.0298767089844,
      "3383": 521.282958984375,
      "3451": 558.3682861328125,
      "3505": 422.2996826171875,
      "3591": 466.9996795654297,
      "3607": 435.9515075683594,
      "3667": 707.918701171875,
      "3779": 383.53057861328125,
      "3825": 592.537841796875,
      "3883": 526.1837768554688,
      "4107": 583.3811645507812,
      "4137": 443.76763916015625,
      "4239": 446.2093200683594,
      "4263": 597.6630859375,
      "4319": 594.9791870117188,
      "4363": 486.73529052734375,
      "4411": 503.9769287109375,
      "4601": 549.0467529296875,
      "4853": 539.7434692382812,
      "4947": 619.6704711914062,
      "4971": 637.6409912109375
    },
    "mHH": {
      "2": 557.2228844514292,
      "4": 573.6927594738436,
      "6": 544.4287425083622,
      "8": 576.1037229560817,
      "10": 543.7334734490134,
      "12": 541.6862488367793,
      "14": 530.6191451919374,
      "16": 554.1173413634313,
      "18": 546.6781119797866,
      "20": 563.2997767570953,
      "22": 563.5520344385167,
      "24": 533.4082786219436,
      "26": 549.5626614563968,
      "28": 535.725056949609,
      "30": 557.6934081585719,
      "32": 561.9000097467913,
      "34": 564.5244021292644,
      "36": 560.925009591801,
      "38": 529.541573555427,
      "40": 563.2035956576952,
      "42": 592.6982383060542,
      "44": 543.8785263531718,
      "46": 574.8630677189727,
      "48": 575.045571531706,
      "50": 595.0092664849811,
      "52": 550.0571803194748,
      "54": 572.6560127727782,
      "56": 546.8496955012665,
      "58": 556.4515377975528,
      "60": 552.9574162743688,
      "62": 527.5196584742475,
      "64": 563.5099245755259,
      "66": 591.0623140329606,
      "68": 538.2390002989002,
      "70": 565.6457278681349,
      "72": 548.8198307525657,
      "74": 605.2386848930784,
      "76": 572.9211437590393,
      "78": 574.5001214747393,
      "80": 513.7988584244288,
      "82": 578.9465456795959,
      "84": 546.8014541941006,
      "86": 574.0303722157312,
      "88": 529.4595030233849,
      "90": 552.8144346205274,
      "92": 563.9059241160994,
      "94": 534.8615875189817,
      "96": 559.4102908011589,
      "98": 612.5322422581505,
      "100": 559.2112026897848,
      "102": 552.5798227396904,
      "104": 541.0091168296481,
      "106": 567.5905871212171,
      "108": 565.1868911058598,
      "110": 575.8248619682361,
      "112": 547.211174517166,
      "114": 582.6093173260491,
      "116": 614.507849179757,
      "118": 591.8150528979255,
      "120": 517.3484718251582,
      "122": 589.7828657592969,
      "124": 552.1968738277026,
      "126": 556.455591952799,
      "128": 572.1114038094611,
      "130": 647.237744932763,
      "132": 611.1001206021614,
      "134": 621.0693313656103,
      "136": 584.7656103139066,
      "138": 545.8502445322284,
      "140": 567.6598291373407,
      "142": 610.8572917425414,
      "144": 601.0158261831092,
      "146": 630.6233381753484,
      "148": 617.2131286205752,
      "150": 647.871032204115,
      "152": 573.1341888918938,
      "154": 575.026411670186,
      "156": 563.8698621968804,
      "158": 627.2969985149198,
      "160": 594.3348227205778,
      "162": 608.3866239715536,
      "164": 549.8386301171261,
      "166": 628.6191310785391,
      "168": 556.7330449169135,
      "170": 544.1786966540479,
      "172": 604.357398921858,
      "174": 576.7581608683357,
      "176": 578.4996198241892,
      "178": 565.3707794319181,
      "180": 570.8201973857697,
      "182": 558.189433088203,
      "184": 623.4100227388665,
      "186": 579.0131188904525,
      "188": 578.6893483288666,
      "190": 597.0677627573257,
      "192": 610.2142994778472,
      "194": 588.6170405266663,
      "196": 561.6264741020568,
      "198": 564.781072617009,
      "200": 630.3157006197455,
      "202": 613.8083019079281,
      "204": 594.4891999894679,
      "206": 616.293498464519,
      "208": 600.8175571659458,
      "210": 598.2405661413478,
      "212": 566.1884677448422,
      "214": 602.8167684594483,
      "216": 656.345065706465,
      "218": 634.1382993169042,
      "220": 584.9935625036682,
      "222": 602.1652289908546,
      "224": 586.7542976121326,
      "226": 599.2709855082625,
      "228": 477.9056138516472,
      "230": 576.3119224042587,
      "232": 536.3999536252306,
      "234": 551.7625131790838,
      "236": 575.0875905834991,
      "238": 665.3029971997098,
      "240": 593.1467563347815,
      "242": 575.8217037630976,
      "244": 641.1521767416078,
      "246": 657.6289896305575,
      "248": 603.8232363424033,
      "250": 578.4471632366445,
      "252": 549.4037207824758,
      "254": 613.0107189557134,
      "256": 545.0333882599909,
      "258": 601.1395086931525,
      "260": 571.1088097649425,
      "262": 613.9322987878226,
      "264": 557.0830312602252,
      "266": 648.2942373814386,
      "268": 624.4288602477079,
      "270": 613.5628181202168,
      "272": 541.3444329243084,
      "274": 546.9509837148152,
      "276": 603.8033590200484,
      "278": 566.6083637586514,
      "280": 658.6040030480624,
      "282": 627.4006694628488,
      "284": 537.3686926081702,
      "286": 595.3802655187371,
      "288": 587.1803021056483,
      "290": 628.4931495957197,
      "292": 643.2548367391499,
      "294": 590.8719059156791,
      "296": 584.002787101393,
      "298": 593.4182962493647,
      "300": 625.6288818283712,
      "302": 572.2179121662843,
      "304": 568.8808943786328,
      "306": 612.8763335178305,
      "308": 526.0475082835684,
      "310": 607.6944728392624,
      "312": 623.0284252435943,
      "314": 656.7728650780504,
      "316": 599.7946472547684,
      "318": 565.7048345162934,
      "320": 697.9559079396706,
      "322": 542.0593096051865,
      "324": 586.6687990556112,
      "326": 581.6658087777719,
      "328": 535.1836015309954,
      "330": 605.6105337780125,
      "332": 612.012479853868,
      "334": 625.921532371134,
      "336": 551.6201460808061,
      "338": 581.2911275110584,
      "340": 664.7677294321867,
      "342": 639.7450120450019,
      "344": 622.7483939504182,
      "346": 511.0134744617461,
      "348": 555.7740629829727,
      "350": 615.9203159966625,
      "352": 517.4009451974302,
      "354": 610.1176625799178,
      "356": 702.0606033022249,
      "358": 598.7921016382651,
      "360": 612.6597939549841,
      "362": 705.5834645815793,
      "364": 491.1572367346304,
      "366": 636.6962965597863,
      "368": 500.5901711386393,
      "370": 562.9972016274952,
      "372": 600.4320258561044,
      "374": 659.3621376544243,
      "376": 637.5060859324249,
      "378": 551.0675450418482,
      "380": 545.0492424234133,
      "382": 625.4069176666906,
      "384": 648.5901196354142,
      "386": 576.7323122297096,
      "388": 593.282432997453,
      "390": 629.2238285596873,
      "392": 549.7339487835874,
      "394": 650.3609262086502,
      "396": 597.6937270687573,
      "398": 543.3068251262349,
      "400": 582.9314037431543,
      "402": 588.3126239397959,
      "404": 703.4368652785251,
      "406": 638.8527023992002,
      "408": 595.9678248705964,
      "410": 720.8685006707018,
      "412": 671.8755438280326,
      "414": 709.7230054438938,
      "416": 548.6350979226131,
      "418": 600.598087994466,
      "420": 691.3313034295489,
      "422": 572.06567603971,
      "424": 711.1871851569317,
      "426": 656.7061641309341,
      "428": 531.4329372311662,
      "430": 488.3188126037513,
      "432": 625.1055380850826,
      "434": 652.2313931015557,
      "436": 559.5287544039945,
      "438": 601.3997422727165,
      "440": 604.4113822198944,
      "442": 582.7840707466908,
      "444": 605.0770814910906,
      "446": 547.1310456164623,
      "448": 590.3002899415135,
      "450": 530.9311128222677,
      "452": 636.4922855303878,
      "454": 549.9772542602306,
      "456": 545.7420808161726,
      "458": 620.1245424000826,
      "460": 544.2472560216672,
      "462": 532.9259091773731,
      "464": 582.5901669790928,
      "466": 650.6356480676075,
      "468": 581.6660578747276,
      "470": 761.9681921706675,
      "472": 555.498981308432,
      "474": 526.2968340374277,
      "476": 530.7054457772491,
      "478": 716.6098592117178,
      "480": 663.2689026825769,
      "482": 555.1695255864541,
      "484": 649.0923372730554,
      "486": 531.7978669649076,
      "488": 456.44746833605603,
      "490": 744.8596959118777,
      "492": 567.9112859724991,
      "494": 703.1970809355071,
      "496": 624.1740462990572,
      "498": 512.0404670806367,
      "500": 647.8006569183264,
      "502": 513.7736135307912,
      "504": 772.5134730786923,
      "506": 710.0709209738816,
      "508": 647.4905739523206,
      "510": 594.3854319525473,
      "512": 725.4383659057396,
      "514": 642.2818146771882,
      "516": 496.94130953609977,
      "518": 613.6901469599874,
      "520": 516.0386480685756,
      "522": 593.4891879574664,
      "524": 602.6655972866414,
      "526": 688.7148004376363,
      "528": 477.5626612756388,
      "530": 726.1951017467052,
      "532": 507.11077795194103,
      "534": 551.5200707041262,
      "536": 662.5513261473635,
      "538": 551.8878719045206,
      "540": 644.761049710782,
      "542": 582.8131968973163,
      "544": 700.9165551214705,
      "546": 516.1311841048997,
      "548": 606.5007389264226,
      "550": 682.3814801198439,
      "552": 666.913230364494,
      "554": 584.2602884443727,
      "556": 780.6297455156473,
      "558": 631.7367115933005,
      "560": 630.9235469397945,
      "562": 721.8119449492567,
      "564": 569.2226440699678,
      "566": 590.4367346821512,
      "568": 595.0110700616387,
      "570": 657.145274398606,
      "572": 667.3567275124633,
      "574": 569.5670551257708,
      "576": 533.5184598834131,
      "578": 698.7873808920169,
      "580": 538.5934040276857,
      "582": 658.6068819466323,
      "584": 575.5695129689751,
      "586": 601.921107277518,
      "588": 731.7488780816718,
      "590": 605.2444857377427,
      "592": 622.8542995261488,
      "594": 472.5377757364969,
      "596": 504.48558609091936,
      "598": 527.6042820643788,
      "600": 516.885323916466,
      "602": 755.9200877032815,
      "604": 591.257732764491,
      "606": 602.6861078370273,
      "608": 629.5739138592384,
      "610": 673.1660233361048,
      "612": 627.1975663059573,
      "614": 749.6444740241869,
      "616": 610.324521663285,
      "618": 498.9543464590852,
      "620": 525.7044576706819,
      "622": 673.6568261642345,
      "624": 540.7457819143474,
      "626": 634.8706145100016,
      "628": 650.6734190539437,
      "630": 633.5220876613173,
      "632": 479.06784096567793,
      "634": 551.8083340140347,
      "636": 590.5612110192333,
      "638": 622.5662963043476,
      "640": 668.9131114288896,
      "642": 708.3055837012402,
      "644": 644.9885198606185,
      "646": 691.5095189403831,
      "648": 565.4280594762063,
      "650": 653.7864725919284,
      "652": 671.6380985210067,
      "654": 708.4234830581955,
      "656": 742.5013648393193,
      "658": 603.057911213926,
      "660": 564.6395358878353,
      "662": 569.596373550278,
      "664": 743.3928656500625,
      "666": 702.9022653139695,
      "668": 607.9189648452584,
      "670": 574.944984858248,
      "672": 604.2180712718139,
      "674": 642.6669038849482,
      "676": 732.0803476684761,
      "678": 625.3524201290322,
      "680": 618.2539497820202,
      "682": 606.5631701481743,
      "684": 601.2307124612096,
      "686": 599.0204601801765,
      "688": 493.6020361668551,
      "690": 596.44672950058,
      "692": 822.1981375403334,
      "694": 603.7909303898846,
      "696": 656.9290774576939,
      "698": 639.179169067664,
      "700": 541.4393391674319,
      "702": 689.045953869359,
      "704": 605.4053383037751,
      "706": 594.7449290792179,
      "708": 632.8197584020645,
      "710": 644.2561553860778,
      "712": 728.9934159227703,
      "714": 646.4063033235482,
      "716": 524.2383779500278,
      "718": 604.1239386227531,
      "720": 620.9975274922183,
      "722": 805.6544201295577,
      "724": 699.2315439292171,
      "726": 619.0267451604902,
      "728": 503.2907178985006,
      "730": 529.3998915502333,
      "732": 482.6816999116208,
      "734": 635.4109423044514,
      "736": 709.4877243898861,
      "738": 629.7216576163895,
      "740": 650.8537724924473,
      "742": 796.5765539828398,
      "744": 597.974001984638,
      "746": 499.91518906446663,
      "748": 555.0357493552083,
      "750": 653.0446839297932,
      "752": 548.8139863452755,
      "754": 545.273001558035,
      "756": 671.3919251957165,
      "758": 555.1650681824706,
      "760": 539.7974174380812,
      "762": 556.4922989836817,
      "764": 603.0880848745928,
      "766": 735.4312322045678,
      "768": 637.8691716681076,
      "770": 769.0613090865235,
      "772": 509.6686618199438,
      "774": 638.7954005821887,
      "776": 613.4443977442048,
      "778": 846.9021866343088,
      "780": 640.5632766643749,
      "782": 619.835533639445,
      "784": 555.9458537092139,
      "788": 616.8137023385643,
      "790": 607.1044987586134,
      "792": 781.7530464061988,
      "794": 738.6094248567529,
      "796": 678.8708024684247,
      "798": 767.7534930810006,
      "800": 540.9023760969815,
      "802": 546.5451565738646,
      "804": 645.8639771311191,
      "806": 557.5054657805423,
      "808": 459.9077413330474,
      "810": 702.4687308700088,
      "812": 763.9073200952823,
      "814": 558.5887761832666,
      "816": 606.9015207582845,
      "818": 792.2663682305172,
      "820": 617.9330552370161,
      "822": 593.381704089403,
      "824": 643.6714516205111,
      "826": 641.6678484812095,
      "828": 559.7633633158755,
      "830": 537.9360972334272,
      "832": 553.5123197797454,
      "834": 680.5742879004711,
      "836": 649.5543010269209,
      "838": 635.8169973935288,
      "840": 731.4581145864888,
      "842": 474.04535702482497,
      "844": 646.5150129031816,
      "846": 680.341570964337,
      "848": 603.4180953853295,
      "850": 549.7397450914615,
      "852": 684.5499607690314,
      "854": 526.5243345011804,
      "856": 550.8785139951827,
      "858": 586.6855156951204,
      "860": 464.61140049508185,
      "862": 666.1266978685138,
      "864": 537.833460623176,
      "866": 595.2197788063462,
      "868": 548.6504208692556,
      "870": 493.6128537853408,
      "872": 466.4125401730986,
      "874": 596.4108583381654,
      "876": 699.9291788335199,
      "878": 701.8658216166225,
      "880": 792.1324978660175,
      "882": 557.2554356746615,
      "884": 718.6546257441711,
      "886": 661.2000827676113,
      "888": 566.13662962463,
      "890": 560.6748707931545,
      "892": 533.598604113261,
      "894": 630.2243284971031,
      "896": 625.7159524082286,
      "898": 797.2301150265961,
      "900": 584.638228392857,
      "902": 508.98155433675623,
      "904": 611.1155892799861,
      "906": 566.2490622440273,
      "908": 511.18205308015774,
      "910": 690.2331413783619,
      "912": 524.7468446461207,
      "914": 624.710580225542,
      "916": 664.8099994910708,
      "918": 642.7709807567468,
      "920": 522.0437753910463,
      "922": 556.8400015658674,
      "924": 804.7292911810625,
      "926": 538.9485951013208,
      "928": 752.274875388248,
      "930": 681.1207529436789,
      "932": 707.7385748145466,
      "934": 607.8653342308215,
      "936": 634.9946676706056,
      "938": 611.5080064114908,
      "940": 567.0086453850101,
      "944": 881.1742644596535,
      "946": 631.481716829989,
      "948": 668.5726407982771,
      "950": 733.5354294544202,
      "952": 575.617799751913,
      "954": 503.77765640043776,
      "956": 496.58741870499534,
      "958": 530.6153887832276,
      "960": 508.90709360147105,
      "962": 547.4714168081092,
      "964": 469.5885432229571,
      "966": 419.7445569786032,
      "968": 608.587992668909,
      "974": 614.7034890850908,
      "976": 582.0911174416873,
      "978": 582.6538575440129,
      "980": 626.4364354097502,
      "982": 586.344886648734,
      "984": 652.1610705028675,
      "986": 573.4510071507841,
      "988": 622.4827739833955,
      "990": 841.0615090180423,
      "992": 663.7025936788591,
      "994": 581.0499904235958,
      "996": 613.3949089843957,
      "998": 747.4456689179799,
      "1000": 635.523286984589,
      "1002": 527.9636044455017,
      "1004": 916.1188755916929,
      "1006": 751.4210293424374,
      "1008": 500.28341470381577,
      "1010": 711.6661424317343,
      "1012": 664.1596648762476,
      "1014": 551.4151778281508,
      "1016": 689.7258880880013,
      "1018": 532.9978928923802,
      "1020": 621.0456600739458,
      "1022": 532.67208885633,
      "1026": 568.2947201679888,
      "1028": 488.86413309063516,
      "1030": 660.9026030419104,
      "1032": 628.3588055388021,
      "1034": 807.8197721562069,
      "1036": 944.8456048239425,
      "1038": 636.4986395496893,
      "1042": 690.1539311307622,
      "1044": 670.4498108116403,
      "1046": 579.726860802461,
      "1048": 587.3677820966315,
      "1050": 721.7120037420655,
      "1052": 794.3091608304145,
      "1054": 782.193016941637,
      "1056": 600.3777446883355,
      "1058": 659.525787962639,
      "1060": 570.0610977270728,
      "1064": 676.9516783570352,
      "1066": 592.0695614434624,
      "1068": 524.8247964956334,
      "1070": 742.7282777181576,
      "1072": 495.9187281734405,
      "1074": 650.0665919906168,
      "1082": 582.4996804919284,
      "1084": 643.1512244629943,
      "1090": 734.5091637825499,
      "1092": 586.5527313729806,
      "1094": 1124.0100163979027,
      "1096": 700.0754855141279,
      "1100": 491.1540631888963,
      "1102": 646.3487845000172,
      "1104": 779.9922937837104,
      "1106": 605.5487686119722,
      "1108": 522.2234947106188,
      "1110": 468.72322614192854,
      "1112": 533.5391197113044,
      "1114": 594.0194470289566,
      "1116": 684.8415735930763,
      "1118": 619.2908791173274,
      "1120": 701.3147086134193,
      "1124": 754.0095737387066,
      "1126": 747.319925328253,
      "1128": 555.1390045982425,
      "1130": 658.6173488939902,
      "1132": 542.8623433740609,
      "1134": 551.0998136033603,
      "1138": 734.7816502255637,
      "1140": 668.0173827997006,
      "1142": 686.6495575876215,
      "1144": 889.132647083265,
      "1146": 615.4224028841633,
      "1148": 719.9682295855828,
      "1150": 490.83753142982135,
      "1152": 561.9432941127458,
      "1154": 635.2348534428533,
      "1156": 893.9520554078542,
      "1158": 574.19897334173,
      "1160": 663.3111602122618,
      "1162": 729.1776594556526,
      "1164": 575.0937778963478,
      "1166": 482.2772930527738,
      "1168": 546.6742139418494,
      "1172": 654.8289905625988,
      "1174": 567.8877668719558,
      "1176": 695.529329483601,
      "1178": 622.3562958423017,
      "1182": 637.8756972151942,
      "1184": 660.5180719071938,
      "1186": 701.9484739411695,
      "1188": 706.2445261565025,
      "1190": 736.0685558438851,
      "1194": 672.8529394163722,
      "1198": 591.0042249264098,
      "1200": 625.8017040920358,
      "1204": 644.0439116972188,
      "1206": 433.82116526582706,
      "1208": 666.4988229161562,
      "1210": 690.0964834803278,
      "1212": 504.8822905511252,
      "1214": 474.58868237699994,
      "1216": 576.934754192152,
      "1218": 622.2894857760974,
      "1220": 638.8353513353497,
      "1224": 666.7413098528613,
      "1226": 756.1382018178961,
      "1228": 595.1720290403064,
      "1230": 534.2124503138123,
      "1232": 616.6399465965078,
      "1234": 724.8826980551516,
      "1236": 470.3606274529633,
      "1238": 560.3657208694054,
      "1240": 477.4688975783343,
      "1244": 658.2288031442229,
      "1246": 591.6205292482964,
      "1248": 605.8697124480053,
      "1250": 587.1260640745155,
      "1252": 766.9789523062796,
      "1258": 547.5280307684893,
      "1260": 818.6743162532327,
      "1262": 768.2478197251521,
      "1272": 573.5043503652377,
      "1274": 424.7348729456777,
      "1278": 871.2999005787163,
      "1282": 553.5238163179027,
      "1286": 567.2626036181485,
      "1288": 761.7605672706513,
      "1290": 575.5265472068745,
      "1292": 624.5959382284348,
      "1294": 820.3317660682658,
      "1296": 802.0309206563984,
      "1298": 496.29235645221456,
      "1304": 683.9096451656528,
      "1306": 645.9660239490281,
      "1308": 1014.3415274102828,
      "1310": 690.8029878701121,
      "1314": 564.4880588381228,
      "1316": 478.9179071736729,
      "1318": 503.11112755332374,
      "1322": 426.2240918378804,
      "1326": 617.3221381355929,
      "1328": 518.4646732107569,
      "1330": 861.0183288683754,
      "1334": 701.7368681568195,
      "1336": 568.6975666772408,
      "1340": 544.5186799520604,
      "1342": 505.93764461161265,
      "1344": 489.95955541667234,
      "1346": 522.8194707818973,
      "1348": 662.4176799433069,
      "1350": 772.7700701781591,
      "1352": 636.7110676267409,
      "1354": 484.9036972248832,
      "1358": 663.3458315501505,
      "1360": 783.534186523878,
      "1362": 498.4148428329311,
      "1366": 651.3359713142104,
      "1368": 572.7607387267918,
      "1370": 633.145073018927,
      "1372": 913.239754127498,
      "1374": 409.0344934151413,
      "1376": 672.430342342427,
      "1378": 702.4202158315198,
      "1380": 559.6371070045723,
      "1386": 653.3793930733516,
      "1388": 487.95367421058637,
      "1390": 636.2637028254316,
      "1392": 877.3405080240624,
      "1394": 509.35675414654327,
      "1398": 672.092619311127,
      "1400": 635.9020767965766,
      "1402": 569.140249892995,
      "1404": 564.5221604696856,
      "1406": 667.5676581597821,
      "1410": 675.3763259034655,
      "1412": 645.808086131966,
      "1414": 607.4358963126372,
      "1416": 618.3137977466286,
      "1418": 649.0477375280753,
      "1422": 514.930219358117,
      "1424": 594.4505557421093,
      "1426": 781.7832702684026,
      "1428": 544.3219052175344,
      "1430": 709.7864810949628,
      "1434": 781.3493195868277,
      "1436": 841.696256614816,
      "1440": 629.1966335018589,
      "1450": 735.1292747449133,
      "1452": 664.8496919363402,
      "1454": 753.7459071552195,
      "1456": 703.0340371289129,
      "1458": 592.6510511290571,
      "1460": 599.1473777638773,
      "1464": 584.3729975229178,
      "1466": 787.9587528536406,
      "1468": 603.7109228239595,
      "1472": 499.219363359451,
      "1474": 623.9416086904151,
      "1476": 432.36446278593826,
      "1478": 802.5631940918296,
      "1480": 606.0083637448586,
      "1482": 598.2098007195582,
      "1486": 801.3906533256344,
      "1490": 532.945155530395,
      "1492": 663.6079311366634,
      "1498": 677.1156664979108,
      "1504": 491.29268954525276,
      "1506": 502.02037450986853,
      "1508": 757.14553665211,
      "1510": 458.3097916219159,
      "1512": 463.8365518365242,
      "1518": 804.0226616359045,
      "1520": 773.5393660921379,
      "1522": 584.7373165133537,
      "1528": 602.1855354285428,
      "1534": 624.8685165150647,
      "1542": 731.2278250297464,
      "1548": 458.8224467096745,
      "1552": 441.8561902087696,
      "1554": 577.4962395864319,
      "1558": 664.0177652196091,
      "1562": 390.34125454812227,
      "1564": 626.9439712451269,
      "1566": 618.3983565370589,
      "1568": 749.745309384767,
      "1570": 633.4086533665973,
      "1574": 627.6296301105434,
      "1576": 496.1490712582885,
      "1582": 583.3714604982804,
      "1586": 652.773978500071,
      "1590": 669.4857844283406,
      "1594": 752.4671677525604,
      "1596": 451.6081231671286,
      "1604": 699.7756659977962,
      "1606": 706.2962992947005,
      "1616": 605.5160473844046,
      "1620": 593.9674529253314,
      "1622": 729.8882519999718,
      "1624": 565.3036050802252,
      "1626": 502.0190884824077,
      "1630": 509.6177615389977,
      "1634": 654.8223030134188,
      "1636": 552.5753841193236,
      "1638": 542.4558369116893,
      "1642": 700.3411939727491,
      "1644": 554.6636439833314,
      "1646": 551.4251950044087,
      "1652": 570.2489776548675,
      "1654": 576.3780225869375,
      "1660": 594.1951469247567,
      "1666": 468.7919781893251,
      "1672": 714.6477619848076,
      "1674": 653.1292497007912,
      "1688": 505.2150730931523,
      "1694": 556.90974560199,
      "1700": 608.8921626141682,
      "1702": 676.3682068531383,
      "1710": 631.3560658325508,
      "1718": 588.1293621920911,
      "1720": 631.3945024922187,
      "1722": 662.1288286500398,
      "1726": 551.9187049172667,
      "1734": 860.1708982872408,
      "1738": 746.1946367497782,
      "1742": 549.6812696521662,
      "1744": 816.3009855150156,
      "1752": 1041.271358118192,
      "1754": 695.6596210003686,
      "1764": 607.9723000317565,
      "1784": 651.9739764467773,
      "1790": 555.6778693924464,
      "1798": 504.8683559162156,
      "1802": 731.1789494672878,
      "1812": 670.1781547731288,
      "1816": 549.6501362876656,
      "1830": 554.3021173983378,
      "1848": 723.4677390268134,
      "1850": 374.6910002324587,
      "1854": 572.3480410513844,
      "1858": 552.306742826346,
      "1862": 639.9404710628668,
      "1866": 671.0313349093522,
      "1874": 818.7703863685088,
      "1876": 722.4679182605305,
      "1878": 479.7328462805697,
      "1882": 530.7753312443958,
      "1890": 696.615868749399,
      "1892": 659.3988212098335,
      "1894": 584.0195414887567,
      "1896": 550.1806341241381,
      "1898": 456.2624345667589,
      "1900": 698.3128481542758,
      "1902": 704.2787911211108,
      "1910": 969.6418111765105,
      "1914": 719.0548916733184,
      "1928": 527.3490842841525,
      "1932": 755.947157090724,
      "1934": 623.2222426353848,
      "1940": 770.4743344657822,
      "1946": 547.3538833062341,
      "1948": 710.536540989289,
      "1960": 571.9069513050297,
      "1962": 622.3293929006375,
      "1982": 429.5956181910061,
      "1988": 597.1826885015748,
      "1996": 807.7504393118421,
      "1998": 905.4475292319687,
      "2012": 736.848052461984,
      "2018": 661.4025318635386,
      "2020": 638.5536197095373,
      "2028": 927.7943845135927,
      "2034": 627.4326950931979,
      "2052": 706.7864696053203,
      "2060": 490.3371944914004,
      "2068": 668.1789834068924,
      "2070": 688.3371758920132,
      "2074": 615.2104084017705,
      "2104": 739.1994112808949,
      "2106": 556.8529744565266,
      "2116": 801.9704419969198,
      "2118": 450.7891722379919,
      "2154": 734.5020620452531,
      "2172": 650.8928548795409,
      "2174": 506.88125584903287,
      "2186": 698.4991486748655,
      "2204": 469.0026945056218,
      "2214": 562.5894382415315,
      "2238": 617.4394881368464,
      "2240": 582.6934672732287,
      "2254": 966.9578307200796,
      "2256": 711.9893196210093,
      "2268": 587.9784026494551,
      "2280": 682.5562516464184,
      "2310": 643.4125096937976,
      "2328": 568.251587221718,
      "2334": 550.0215706025288,
      "2336": 673.4871494331364,
      "2362": 750.6996308029288,
      "2372": 657.9953374052872,
      "2374": 801.2853809467603,
      "2388": 730.8594068169919,
      "2402": 502.5783356152158,
      "2406": 628.9228461572566,
      "2418": 572.5725160982772,
      "2454": 544.6216414466985,
      "2474": 554.4530220865958,
      "2486": 815.1354426995995,
      "2498": 451.00523766725667,
      "2506": 726.3763901691829,
      "2526": 456.54226319067584,
      "2560": 468.12535655244795,
      "2566": 677.5462517818353,
      "2578": 576.939426249146,
      "2588": 632.5643325380056,
      "2594": 597.4996248840664,
      "2622": 518.8566558722227,
      "2638": 902.0757372845712,
      "2646": 450.1187139412809,
      "2648": 712.8912153692226,
      "2676": 563.3390006080226,
      "2736": 762.6864899534351,
      "2756": 730.4067916370269,
      "2770": 999.6699557308435,
      "2774": 715.4665817807758,
      "2784": 465.13766681506513,
      "2814": 674.996267672842,
      "2818": 706.5098088410646,
      "2878": 658.9772472117879,
      "2882": 1018.237033204081,
      "2921": 515.6155457924679,
      "2941": 601.9113744093764,
      "2953": 626.5986060131737,
      "2963": 486.3741063418088,
      "2997": 518.0983579977473,
      "2999": 848.3614060233609,
      "3019": 927.1109162177316,
      "3035": 742.1477535659799,
      "3039": 803.1059060307508,
      "3045": 821.630160588258,
      "3055": 674.1161683763692,
      "3093": 753.9400996549366,
      "3115": 633.0506027868919,
      "3179": 691.5493111284335,
      "3195": 641.0805591450832,
      "3199": 553.3347699385295,
      "3201": 572.3106993608314,
      "3213": 607.6377859131272,
      "3231": 557.2796266993766,
      "3247": 705.7261903063138,
      "3291": 506.12917802178805,
      "3301": 832.0736075694352,
      "3313": 662.4238405061658,
      "3317": 624.1234936636588,
      "3369": 650.7857327748148,
      "3383": 840.3003888838157,
      "3451": 714.4013029586952,
      "3505": 550.7802750560794,
      "3591": 694.5487729640365,
      "3607": 1013.3911724239658,
      "3667": 977.4571834485984,
      "3779": 487.4936762151228,
      "3825": 705.0443376475162,
      "3883": 703.6028636375095,
      "4107": 694.8583609606652,
      "4137": 459.8369431453301,
      "4239": 817.4306734842427,
      "4263": 801.4687999118709,
      "4319": 824.6915924329978,
      "4363": 727.598516550407,
      "4411": 541.7832271512765,
      "4601": 498.80739379916474,
      "4853": 532.759103435455,
      "4947": 761.6182358386885,
      "4971": 921.5605922698385
    },
    "RHH": {
      "2": 88.81212221858769,
      "4": 99.93555887962452,
      "6": 84.6190599613553,
      "8": 91.91283339693183,
      "10": 83.749410593666,
      "12": 73.68339344905043,
      "14": 81.15244358339174,
      "16": 88.7410712844254,
      "18": 92.33493591497204,
      "20": 91.78656503261267,
      "22": 86.47667578126908,
      "24": 83.11245049417195,
      "26": 94.72599297370925,
      "28": 92.55640290601741,
      "30": 95.49718521785816,
      "32": 89.69729230903788,
      "34": 96.80373436612567,
      "36": 86.87390969702093,
      "38": 87.44953629974633,
      "40": 92.67350531012023,
      "42": 105.38538379134741,
      "44": 88.17115329045265,
      "46": 93.79378435317373,
      "48": 90.68823769307531,
      "50": 98.36361642638848,
      "52": 93.96069924620002,
      "54": 92.12109636951783,
      "56": 83.61951211260939,
      "58": 94.22033530434425,
      "60": 93.33220897944828,
      "62": 89.86367254607599,
      "64": 83.78605743620037,
      "66": 102.00561464083202,
      "68": 90.31008498224496,
      "70": 97.06581626264649,
      "72": 101.14124401286261,
      "74": 103.13059102287446,
      "76": 102.76548749726928,
      "78": 97.30760769648894,
      "80": 77.77784497068367,
      "82": 106.49090423344626,
      "84": 86.50970385598293,
      "86": 87.55183308663739,
      "88": 82.42624929644947,
      "90": 86.05801750595322,
      "92": 97.74421950409042,
      "94": 97.52432065401341,
      "96": 99.0982043959026,
      "98": 105.95366111588244,
      "100": 88.68442917811466,
      "102": 86.72396039438811,
      "104": 87.04857997600122,
      "106": 86.03294701163571,
      "108": 78.43812906303445,
      "110": 103.82485487923502,
      "112": 110.6402368403906,
      "114": 91.06037514976296,
      "116": 104.8882742640044,
      "118": 90.01668061435826,
      "120": 84.01880532808491,
      "122": 97.30512557823724,
      "124": 96.97596296046666,
      "126": 84.22085343826538,
      "128": 96.87761703567429,
      "130": 112.59120749495467,
      "132": 108.41238320505228,
      "134": 114.90612999851153,
      "136": 105.31764232839691,
      "138": 87.42156125765271,
      "140": 96.84504192795369,
      "142": 98.95167419897109,
      "144": 104.66833449929838,
      "146": 104.58514218639677,
      "148": 89.47556530894087,
      "150": 115.41996944342357,
      "152": 99.87986693065987,
      "154": 117.9997666743712,
      "156": 97.47962490126557,
      "158": 121.18960540828189,
      "160": 100.97743019961977,
      "162": 108.09571164993106,
      "164": 82.72806449734188,
      "166": 92.81681824595225,
      "168": 96.04706187983587,
      "170": 99.92318820056751,
      "172": 96.11909256886761,
      "174": 89.16270883198527,
      "176": 97.68927847563334,
      "178": 90.25153646378072,
      "180": 93.26714868863831,
      "182": 92.44797274010764,
      "184": 120.64055797770975,
      "186": 93.28705159500811,
      "188": 96.21735128160306,
      "190": 110.66517981061331,
      "192": 101.06423603099486,
      "194": 124.96923197993779,
      "196": 85.23016774624072,
      "198": 109.98623333108941,
      "200": 91.66809354815953,
      "202": 110.56850935315805,
      "204": 99.75426781940688,
      "206": 107.26684213998736,
      "208": 103.38841204967662,
      "210": 92.63694360630862,
      "212": 96.64308316569718,
      "214": 92.38126076534452,
      "216": 110.6465344730839,
      "218": 118.89445698039526,
      "220": 102.1938155768158,
      "222": 107.37486739489142,
      "224": 83.96745207594722,
      "226": 117.38540646553305,
      "228": 76.74866041545084,
      "230": 98.64199682620763,
      "232": 98.46503218766622,
      "234": 95.42879546718514,
      "236": 101.66478429379643,
      "238": 99.20574392383718,
      "240": 98.69458523882284,
      "242": 94.89970507985998,
      "244": 109.17641111288125,
      "246": 118.99179709100477,
      "248": 96.09252889686083,
      "250": 91.40225164564546,
      "252": 94.26250088108382,
      "254": 125.37727223942696,
      "256": 95.69745453036072,
      "258": 92.06317792591472,
      "260": 98.73862854633221,
      "262": 99.00045629484288,
      "264": 104.66805432781834,
      "266": 103.13079753020651,
      "268": 100.6694797947653,
      "270": 98.32035542948718,
      "272": 116.34736930962427,
      "274": 94.68924095714875,
      "276": 106.25296420976152,
      "278": 102.71647464112905,
      "280": 135.73079376360644,
      "282": 121.90284916900009,
      "284": 84.1078816687632,
      "286": 109.53496090926276,
      "288": 100.92685032697739,
      "290": 114.46584899968124,
      "292": 107.40078570384122,
      "294": 83.60550944665121,
      "296": 112.5542384056943,
      "298": 99.79445869079422,
      "300": 126.31824477638237,
      "302": 93.45489621665338,
      "304": 87.67375655373218,
      "306": 116.77148219012325,
      "308": 91.32741311893719,
      "310": 79.97247486603146,
      "312": 109.99796758667506,
      "314": 132.10616272894688,
      "316": 113.68612742958142,
      "318": 95.88932515898193,
      "320": 143.0815531804965,
      "322": 103.67067458536684,
      "324": 98.09942499607543,
      "326": 121.16273769292023,
      "328": 81.17130134297665,
      "330": 111.92597789473734,
      "332": 121.49623719614182,
      "334": 92.14659878337744,
      "336": 103.34217078595367,
      "338": 99.76277354015917,
      "340": 124.60214898195483,
      "342": 120.91714241999395,
      "344": 101.61743027459599,
      "346": 82.24537088695101,
      "348": 81.78449550746049,
      "350": 111.57693225842888,
      "352": 94.7688465424034,
      "354": 102.63108874462222,
      "356": 120.09688304726426,
      "358": 92.19978157142364,
      "360": 117.55783005505519,
      "362": 125.95785453791365,
      "364": 84.13070896135469,
      "366": 82.65991001519228,
      "368": 89.52394962104216,
      "370": 76.93444677881101,
      "372": 112.36826036898248,
      "374": 146.2611262728113,
      "376": 108.82163602736067,
      "378": 95.97689734635233,
      "380": 84.2929113475398,
      "382": 102.4235297731992,
      "384": 97.52713286029461,
      "386": 90.30331159613013,
      "388": 102.85686363750922,
      "390": 115.41740552922677,
      "392": 76.10666102397886,
      "394": 150.65087459925917,
      "396": 80.93202728884731,
      "398": 67.71433641571653,
      "400": 112.33354295996992,
      "402": 112.6238688768447,
      "404": 143.2967630752139,
      "406": 124.5449399432157,
      "408": 103.23595619998073,
      "410": 129.81071387733655,
      "412": 136.97779811016224,
      "414": 167.26422361918046,
      "416": 92.28377101895877,
      "418": 97.20615154868267,
      "420": 151.8374495135275,
      "422": 101.99056310851532,
      "424": 136.40052593008448,
      "426": 95.38894490618388,
      "428": 93.74456522882869,
      "430": 84.86675233425937,
      "432": 115.79891368124834,
      "434": 109.77450026998476,
      "436": 115.26587778293178,
      "438": 115.80362845356714,
      "440": 117.68337420444911,
      "442": 130.02954825266877,
      "444": 128.41939053105645,
      "446": 84.0141312101639,
      "448": 103.46425011925147,
      "450": 86.63694624604564,
      "452": 126.08351161535901,
      "454": 89.27000954437118,
      "456": 78.86617309881562,
      "458": 128.2582158727496,
      "460": 101.13705839004336,
      "462": 73.23758620578623,
      "464": 99.85477436621451,
      "466": 131.71947769737176,
      "468": 112.9407531479933,
      "470": 148.72910069533253,
      "472": 112.27394074896239,
      "474": 68.5238900413052,
      "476": 81.07441669252485,
      "478": 113.30175567162968,
      "480": 112.63619337055061,
      "482": 95.8216662742986,
      "484": 96.69298856300745,
      "486": 76.7551814137114,
      "488": 63.602217439789385,
      "490": 69.2287837285608,
      "492": 110.7531456024336,
      "494": 114.51570937091009,
      "496": 130.66799273877888,
      "498": 101.15420004931256,
      "500": 125.29551564427155,
      "502": 99.58762547527539,
      "504": 129.96032168668478,
      "506": 163.41293272367133,
      "508": 131.97806862399108,
      "510": 99.0758959998795,
      "512": 121.90952788662253,
      "514": 76.83920525388352,
      "516": 92.96388008633818,
      "518": 126.65289141632942,
      "520": 106.33712775824024,
      "522": 148.4689909857209,
      "524": 120.27470167734597,
      "526": 56.88621569592203,
      "528": 68.86023071570399,
      "530": 124.32351955124172,
      "532": 71.54811896785449,
      "534": 87.73625799512229,
      "536": 97.23233475679761,
      "538": 91.73519711704252,
      "540": 113.99521572921846,
      "542": 123.70123205212349,
      "544": 123.05998599136245,
      "546": 89.09061819578001,
      "548": 117.18263823873993,
      "550": 130.85858424316223,
      "552": 99.13640711715331,
      "554": 97.72544815223094,
      "556": 209.60285050640454,
      "558": 104.36070208197785,
      "560": 175.2076555550618,
      "562": 123.75490213730687,
      "564": 104.79509822005409,
      "566": 108.7583108773791,
      "568": 78.84051553643052,
      "570": 124.55283282344217,
      "572": 124.94348982389181,
      "574": 79.19426861812423,
      "576": 66.17983980534642,
      "578": 140.0298146407349,
      "580": 108.68396102879446,
      "582": 104.51834219709707,
      "584": 118.6832464587471,
      "586": 69.62113864755239,
      "588": 129.88190064530832,
      "590": 89.61828676568311,
      "592": 150.14448934387033,
      "594": 83.87442948225944,
      "596": 86.65916543192705,
      "598": 104.91077988413318,
      "600": 72.29395144326443,
      "602": 187.36816212845386,
      "604": 112.25661928934421,
      "606": 108.07825514208403,
      "608": 121.0290050090256,
      "610": 125.7205810439331,
      "612": 90.73708875382114,
      "614": 136.3464129286544,
      "616": 65.61873151998448,
      "618": 74.29437975506553,
      "620": 119.79359561788499,
      "622": 141.28387126999155,
      "624": 68.93315631699122,
      "626": 90.73939415570283,
      "628": 136.18710842420035,
      "630": 131.6762268037474,
      "632": 75.50588249709634,
      "634": 93.94008023354728,
      "636": 120.3327861102216,
      "638": 102.30593992124992,
      "640": 119.26682141748694,
      "642": 135.046780641447,
      "644": 88.61838982646434,
      "646": 174.03796360466643,
      "648": 118.12843036068973,
      "650": 118.94684371633656,
      "652": 136.45641184162832,
      "654": 171.56981973458548,
      "656": 136.94046177587262,
      "658": 90.05045948163986,
      "660": 85.94371200459052,
      "662": 59.786654359775824,
      "664": 79.79517300088327,
      "666": 130.28681499298608,
      "668": 146.43148725889841,
      "670": 102.4918280985669,
      "672": 93.38505984400439,
      "674": 95.6847242461966,
      "676": 166.64763308817467,
      "678": 114.57544348249216,
      "680": 127.33586250235557,
      "682": 85.60009501692005,
      "684": 87.28284997833023,
      "686": 92.93580544923663,
      "688": 87.55981129188461,
      "690": 72.72056007315146,
      "692": 165.14719853373148,
      "694": 79.87153273542454,
      "696": 158.21661829911477,
      "698": 123.31933503647295,
      "700": 70.25496651653319,
      "702": 165.58385815137632,
      "704": 124.33795364500197,
      "706": 110.71603060565145,
      "708": 53.56764772072721,
      "710": 104.72854961958794,
      "712": 136.04301548462962,
      "714": 166.82928146580997,
      "716": 68.44735669340086,
      "718": 121.97576164814514,
      "720": 115.82788441539613,
      "722": 158.65424527523388,
      "724": 148.20634740289037,
      "726": 110.12039811429378,
      "728": 81.9355503268716,
      "730": 110.80986250201312,
      "732": 73.65889498433948,
      "734": 108.41033717677948,
      "736": 163.73822674223544,
      "738": 86.6142338752585,
      "740": 111.77687499908502,
      "742": 152.81927062671772,
      "744": 77.51128377876202,
      "746": 85.80957236567625,
      "748": 74.34271769019355,
      "750": 112.72638868496642,
      "752": 98.55427759596554,
      "754": 83.7109841791841,
      "756": 121.75154990270431,
      "758": 98.64621438983924,
      "760": 100.39547362800388,
      "762": 77.769537028835,
      "764": 81.24794269366694,
      "766": 94.59769754282195,
      "768": 128.01492228523009,
      "770": 216.03453191894138,
      "772": 126.95919813572212,
      "774": 157.7526277578639,
      "776": 114.10465425287012,
      "778": 186.5729623128679,
      "780": 85.9634289238812,
      "782": 137.77538920675696,
      "784": 104.50643745538004,
      "788": 159.41078444289252,
      "790": 73.44440245875231,
      "792": 152.40139448881368,
      "794": 144.18242243057838,
      "796": 115.51905649667711,
      "798": 142.99329223506135,
      "800": 70.38004517186789,
      "802": 96.74521433389128,
      "804": 137.86526311414758,
      "806": 95.60187684259823,
      "808": 97.86690441076564,
      "810": 78.1452591144298,
      "812": 157.95989244169078,
      "814": 82.28722507769963,
      "816": 90.27510771497303,
      "818": 163.64674355953713,
      "820": 127.72864879367714,
      "822": 124.08572250099255,
      "824": 118.41997388196837,
      "826": 96.98850559997877,
      "828": 104.32633299389238,
      "830": 80.16851890947419,
      "832": 78.26442999157416,
      "834": 137.28344871060486,
      "836": 119.41310532814158,
      "838": 161.51163535837006,
      "840": 150.30736695058812,
      "842": 73.38832041682635,
      "844": 98.78326204964891,
      "846": 106.55224409842805,
      "848": 111.26848377122045,
      "850": 112.61018111106962,
      "852": 202.62906145708635,
      "854": 93.230199261256,
      "856": 95.90433033029635,
      "858": 114.47039521369133,
      "860": 69.94347321599435,
      "862": 91.94032502315412,
      "864": 104.98832002117898,
      "866": 116.7711807336821,
      "868": 89.21667673867285,
      "870": 77.18848726608735,
      "872": 73.42422256477559,
      "874": 132.25860183460762,
      "876": 102.99704052979318,
      "878": 133.3976191578311,
      "880": 206.31456941099268,
      "882": 99.28579727532494,
      "884": 147.25938241701198,
      "886": 137.41251709154494,
      "888": 71.90948230103567,
      "890": 56.431753944901544,
      "892": 65.59741377540583,
      "894": 101.09410498448858,
      "896": 112.36184739410744,
      "898": 144.09138796138436,
      "900": 105.069780652665,
      "902": 105.89769246725592,
      "904": 83.31679933415009,
      "906": 110.19641597280409,
      "908": 87.32919851668467,
      "910": 132.61048070634934,
      "912": 64.83127904420266,
      "914": 106.70536803984663,
      "916": 94.86969130797452,
      "918": 67.12313340063648,
      "920": 64.29020469199428,
      "922": 125.51971448643486,
      "924": 188.76739999908114,
      "926": 79.51932962417514,
      "928": 132.43134822488952,
      "930": 137.36008385116853,
      "932": 108.56758952387781,
      "934": 113.79972088935615,
      "936": 95.18129557340217,
      "938": 122.3683169268759,
      "940": 128.81615580939663,
      "944": 89.51704301693654,
      "946": 115.71400925678833,
      "948": 84.21680253618369,
      "950": 159.1944389821813,
      "952": 83.32090519589917,
      "954": 52.161169766312646,
      "956": 73.52198870521462,
      "958": 95.86344073360793,
      "960": 64.944730129969,
      "962": 74.65169521688367,
      "964": 65.86976345306786,
      "966": 68.71633096175296,
      "968": 83.57808162387315,
      "974": 71.4990574273673,
      "976": 86.1841883816915,
      "978": 70.24417935891688,
      "980": 101.64777586933175,
      "982": 87.74254516531784,
      "984": 138.31775667704784,
      "986": 97.17957499814726,
      "988": 132.53601291400088,
      "990": 84.84830031572038,
      "992": 156.20206995270289,
      "994": 103.46132892518911,
      "996": 90.5487643602129,
      "998": 146.02118914730278,
      "1000": 60.952573982590465,
      "1002": 56.558726471795694,
      "1004": 159.32812908936765,
      "1006": 83.1630119439663,
      "1008": 82.82219077033992,
      "1010": 120.30385752313936,
      "1012": 68.40580407416662,
      "1014": 86.8294428331968,
      "1016": 178.34896073066346,
      "1018": 124.29491197087322,
      "1020": 128.8325934507884,
      "1022": 67.86787127529396,
      "1026": 94.54713585168317,
      "1028": 62.16516404663584,
      "1030": 126.60138997769039,
      "1032": 78.90270862944342,
      "1034": 142.27532938025195,
      "1036": 145.2730488944136,
      "1038": 118.21519329308978,
      "1042": 186.55314475552908,
      "1044": 109.231883526824,
      "1046": 102.40117674265116,
      "1048": 114.76676102015819,
      "1050": 149.69853412511745,
      "1052": 155.10678197049108,
      "1054": 175.06800895891374,
      "1056": 119.9269374444687,
      "1058": 103.12860607733616,
      "1060": 96.84637354780878,
      "1064": 128.08881022184295,
      "1066": 84.8005446192042,
      "1068": 82.69293079781198,
      "1070": 172.70096917717586,
      "1072": 84.19830221937033,
      "1074": 81.02779625828745,
      "1082": 129.4808595118477,
      "1084": 161.8040738476966,
      "1090": 146.78874101685795,
      "1092": 55.496731663138405,
      "1094": 237.7901194707795,
      "1096": 72.42804929862783,
      "1100": 87.48085927050725,
      "1102": 120.86167372738208,
      "1104": 168.69212961014935,
      "1106": 77.01587799507891,
      "1108": 136.83443247367012,
      "1110": 86.02816137403985,
      "1112": 130.4609193452604,
      "1114": 60.36600482126843,
      "1116": 115.18080913332523,
      "1118": 126.38654568076608,
      "1120": 104.1081004186286,
      "1124": 178.61747658261555,
      "1126": 146.66621358122808,
      "1128": 112.37196618557108,
      "1130": 188.2813561707664,
      "1132": 93.7781872142481,
      "1134": 72.71191826350193,
      "1138": 133.37006391811207,
      "1140": 118.93358342860074,
      "1142": 120.45430328192646,
      "1144": 158.37652995126564,
      "1146": 77.76826507998287,
      "1148": 152.92539696368868,
      "1150": 68.63790940503695,
      "1152": 69.69407260933613,
      "1154": 95.3932511078934,
      "1156": 211.76677425477547,
      "1158": 105.5574823776886,
      "1160": 82.4415309608913,
      "1162": 182.27987528274306,
      "1164": 111.65847133115301,
      "1166": 79.49584710795924,
      "1168": 75.364613355243,
      "1172": 69.33775080180774,
      "1174": 103.3363958111215,
      "1176": 206.02363847311835,
      "1178": 81.08974274409019,
      "1182": 112.99020130604556,
      "1184": 97.76348348254004,
      "1186": 117.21736812386077,
      "1188": 171.21422421676974,
      "1190": 142.1616765670215,
      "1194": 152.85871153195131,
      "1198": 89.40485627828131,
      "1200": 102.85730155065446,
      "1204": 138.13190965004966,
      "1206": 76.75106145134089,
      "1208": 136.72556914528408,
      "1210": 159.40560117152478,
      "1212": 77.9575408552139,
      "1214": 89.46905023619885,
      "1216": 56.12473723945827,
      "1218": 103.81799971159398,
      "1220": 114.7338346010705,
      "1224": 147.95611618617053,
      "1226": 113.74220707391532,
      "1228": 77.80759258344273,
      "1230": 78.49787031458354,
      "1232": 76.19603811913788,
      "1234": 167.94193593962467,
      "1236": 87.78135089129812,
      "1238": 103.4312158434677,
      "1240": 74.97741479942323,
      "1244": 106.40330672124506,
      "1246": 147.21647042350253,
      "1248": 102.37158012560506,
      "1250": 97.8024785015362,
      "1252": 182.43909317269578,
      "1258": 130.928726865508,
      "1260": 129.81036936276948,
      "1262": 65.27662889762404,
      "1272": 113.02208234787246,
      "1274": 69.76764646823578,
      "1278": 226.78327896232824,
      "1282": 108.64280765772018,
      "1286": 94.68032863886347,
      "1288": 144.11300366786543,
      "1290": 98.72942348697498,
      "1292": 126.48513843965259,
      "1294": 56.47170925971159,
      "1296": 112.62974461561208,
      "1298": 123.7767002694458,
      "1304": 132.85954905792522,
      "1306": 160.97999570520392,
      "1308": 189.9031092849505,
      "1310": 119.27711085091346,
      "1314": 84.71857235589968,
      "1316": 51.74260755384949,
      "1318": 98.20026338827236,
      "1322": 58.2405674385828,
      "1326": 164.95371499960802,
      "1328": 118.31904255743027,
      "1330": 202.41329255985733,
      "1334": 148.7761340744984,
      "1336": 97.83476115911114,
      "1340": 93.61181595834276,
      "1342": 72.1213240783002,
      "1344": 86.11078110816301,
      "1346": 119.20918573879457,
      "1348": 116.97225389034082,
      "1350": 239.7451360673448,
      "1352": 132.3201203019423,
      "1354": 96.99585542336354,
      "1358": 121.26070656308835,
      "1360": 159.2998932581631,
      "1362": 99.36280894032902,
      "1366": 116.70717066645776,
      "1368": 67.01761093804298,
      "1370": 80.82614728080864,
      "1372": 204.37840555261758,
      "1374": 70.60755014444777,
      "1376": 64.83627362411758,
      "1378": 146.65310959635693,
      "1380": 74.19334450452857,
      "1386": 100.90847526105817,
      "1388": 71.8461376815283,
      "1390": 154.7614173679874,
      "1392": 232.40830558891463,
      "1394": 42.18502867705331,
      "1398": 153.56919916404803,
      "1400": 77.8495328634052,
      "1402": 86.50217389910156,
      "1404": 61.047050409124836,
      "1406": 126.1345216902116,
      "1410": 50.24503605920464,
      "1412": 107.35914638672376,
      "1414": 129.97377897758815,
      "1416": 107.64393202593708,
      "1418": 152.48708887378967,
      "1422": 74.40423763673283,
      "1424": 89.62054288929227,
      "1426": 115.43961865812808,
      "1428": 66.4106701563885,
      "1430": 108.90604690708189,
      "1434": 148.6361306948354,
      "1436": 190.92888397784577,
      "1440": 99.06707074482235,
      "1450": 172.0862630949407,
      "1452": 104.42707608880139,
      "1454": 202.40522378645204,
      "1456": 90.43483216537756,
      "1458": 73.39144937644635,
      "1460": 83.54194856027678,
      "1464": 116.77721842948955,
      "1466": 183.97728507629708,
      "1468": 96.87636624822684,
      "1472": 64.13831007591561,
      "1474": 100.55730939655919,
      "1476": 69.4748383393583,
      "1478": 132.38888756249005,
      "1480": 85.92959386208784,
      "1482": 81.26843273301716,
      "1486": 220.3811010932055,
      "1490": 78.76403544385813,
      "1492": 115.25572422057311,
      "1498": 88.71553603568886,
      "1504": 89.79349268878572,
      "1506": 88.84302460360627,
      "1508": 182.28837203496624,
      "1510": 79.75306996327683,
      "1512": 57.55458179819137,
      "1518": 141.56205350677905,
      "1520": 77.20387024391366,
      "1522": 126.3068722434491,
      "1528": 107.87676866472259,
      "1534": 129.74848584355988,
      "1542": 175.14812314340804,
      "1548": 57.80391054036689,
      "1552": 58.43885726342751,
      "1554": 108.36682506262693,
      "1558": 144.81385677994484,
      "1562": 52.30709758404997,
      "1564": 96.17081054382393,
      "1566": 69.15326989437291,
      "1568": 78.86533286195106,
      "1570": 120.1749478373784,
      "1574": 70.36750763194514,
      "1576": 83.29563745702129,
      "1582": 81.94113971289042,
      "1586": 103.01444287504901,
      "1590": 93.54801780020146,
      "1594": 102.36525901027231,
      "1596": 41.97924192914114,
      "1604": 166.85116717774582,
      "1606": 100.67323718977542,
      "1616": 69.02039627891033,
      "1620": 73.9864413603261,
      "1622": 134.04079775243534,
      "1624": 77.57541588799475,
      "1626": 71.51823394572398,
      "1630": 93.8444970401473,
      "1634": 92.11680207345677,
      "1636": 71.8721914565424,
      "1638": 103.95785669925596,
      "1642": 99.6636867060014,
      "1644": 27.359245182079455,
      "1646": 104.10958199790835,
      "1652": 80.32686137190208,
      "1654": 119.55907492063496,
      "1660": 59.558607218302136,
      "1666": 73.26586146211177,
      "1672": 131.9619298543926,
      "1674": 131.06837599154466,
      "1688": 54.34346285410447,
      "1694": 48.22083313941967,
      "1700": 68.49982881324004,
      "1702": 126.06049269243155,
      "1710": 135.1493012463757,
      "1718": 98.07638198730817,
      "1720": 127.35267973162493,
      "1722": 124.35393737379962,
      "1726": 65.21720662646176,
      "1734": 200.69308543730625,
      "1738": 156.73190700310843,
      "1742": 98.32080040398678,
      "1744": 232.15506524979423,
      "1752": 181.73087280700778,
      "1754": 137.8480611649606,
      "1764": 117.02273525089112,
      "1784": 110.1602452804989,
      "1790": 61.47490849956232,
      "1798": 80.19215868918681,
      "1802": 214.51196058157313,
      "1812": 163.87309732549636,
      "1816": 66.18157082115448,
      "1830": 47.58119758199512,
      "1848": 98.50655220973596,
      "1850": 46.65743890356504,
      "1854": 56.68796684073906,
      "1858": 91.75651568429052,
      "1862": 103.69421675754838,
      "1866": 96.39087297465437,
      "1874": 225.94631733481629,
      "1876": 151.47407990367088,
      "1878": 69.1849897690318,
      "1882": 64.97038127550293,
      "1890": 124.99170854672909,
      "1892": 82.54413971345559,
      "1894": 88.29112489180577,
      "1896": 64.19905532447285,
      "1898": 107.37317645294921,
      "1900": 101.84887646370075,
      "1902": 176.71242333184307,
      "1910": 166.1587710359629,
      "1914": 191.46260410574874,
      "1928": 69.04148519999146,
      "1932": 136.5348475227342,
      "1934": 117.12521570642186,
      "1940": 183.32870740999283,
      "1946": 97.08101739728428,
      "1948": 129.77162381632914,
      "1960": 77.1700940763282,
      "1962": 101.48807726135402,
      "1982": 57.18854228588069,
      "1988": 159.88896771876597,
      "1996": 244.3332156946845,
      "1998": 197.44002661959516,
      "2012": 108.57107580054912,
      "2018": 90.25718759851614,
      "2020": 90.22468461660944,
      "2028": 96.83968698135571,
      "2034": 146.1335968818728,
      "2052": 163.79156085394536,
      "2060": 85.80837592643209,
      "2068": 131.85811234028597,
      "2070": 212.93939420980104,
      "2074": 153.85414994811936,
      "2104": 158.18678918034715,
      "2106": 66.84059088755586,
      "2116": 164.8392537234855,
      "2118": 88.09371301188445,
      "2154": 129.78871343835155,
      "2172": 60.3317008110391,
      "2174": 68.3223193308929,
      "2186": 183.1582407368839,
      "2204": 72.37821750440739,
      "2214": 88.48535161396084,
      "2238": 126.7749458263004,
      "2240": 121.72018955008177,
      "2254": 222.65638020098984,
      "2256": 127.2950584760988,
      "2268": 57.45812639436054,
      "2280": 71.40805390256888,
      "2310": 76.20298423429922,
      "2328": 104.57468249257491,
      "2334": 90.79468311589922,
      "2336": 141.65022128864837,
      "2362": 88.67468280019575,
      "2372": 125.92990787109521,
      "2374": 193.27543162012188,
      "2388": 79.6899356784815,
      "2402": 111.3218815619343,
      "2406": 125.53626750303177,
      "2418": 90.34033998590905,
      "2454": 125.55587648512989,
      "2474": 83.70208037054036,
      "2486": 88.38080099586608,
      "2498": 68.1007486596004,
      "2506": 101.53827065136366,
      "2526": 72.22040249237855,
      "2560": 104.92659939556684,
      "2566": 179.72442051121948,
      "2578": 125.14200311445819,
      "2588": 108.22874963780643,
      "2594": 131.27264461859465,
      "2622": 98.23836356589754,
      "2638": 78.43494988956445,
      "2646": 46.50759120384415,
      "2648": 58.044039546213,
      "2676": 88.73185938386264,
      "2736": 117.48061833173597,
      "2756": 121.75223849744393,
      "2770": 162.29077365418118,
      "2774": 135.77581233864697,
      "2784": 83.44799261097648,
      "2814": 154.67640733000377,
      "2818": 169.30240437234028,
      "2878": 49.29970464032688,
      "2882": 284.0221564471344,
      "2921": 113.0224808729549,
      "2941": 79.37401900337233,
      "2953": 192.82813481348325,
      "2963": 97.04553068789403,
      "2997": 66.60659762770146,
      "2999": 115.28508565727451,
      "3019": 190.6243357925925,
      "3035": 125.05884370867514,
      "3039": 126.67133166848951,
      "3045": 190.1622289088227,
      "3055": 196.09580283487958,
      "3093": 200.02692916238345,
      "3115": 78.81603476796761,
      "3179": 102.0527961645607,
      "3195": 159.6395243239173,
      "3199": 131.12632224259914,
      "3201": 121.93581546621849,
      "3213": 94.87571667161615,
      "3231": 95.97862572862583,
      "3247": 80.640924971034,
      "3291": 67.14915231426426,
      "3301": 78.0361087483898,
      "3313": 128.7481300425104,
      "3317": 165.32358362638575,
      "3369": 88.55510736881686,
      "3383": 147.7325695573505,
      "3451": 108.59024520028362,
      "3505": 101.28966690540865,
      "3591": 99.58586803222678,
      "3607": 285.0427975808764,
      "3667": 271.1992319254175,
      "3779": 52.97291159394059,
      "3825": 62.46696733559382,
      "3883": 75.12899720776376,
      "4107": 112.43757612830125,
      "4137": 84.81757887447846,
      "4239": 70.23438661994192,
      "4263": 206.75643615701128,
      "4319": 154.10058866269955,
      "4363": 181.6457645535924,
      "4411": 35.880803277388985,
      "4601": 81.11215131636753,
      "4853": 110.10796107456275,
      "4947": 108.20363974819288,
      "4971": 100.17161693756297
    },
    "pT_H1": {
      "2": 170.80063658315046,
      "4": 175.23071108867495,
      "6": 195.60434299007025,
      "8": 183.9836274774244,
      "10": 195.31950415244836,
      "12": 184.76456181510727,
      "14": 196.86986478732905,
      "16": 197.52475549893165,
      "18": 192.24226797775768,
      "20": 189.62711597587952,
      "22": 189.1059776605478,
      "24": 183.22697840749152,
      "26": 178.1347247402071,
      "28": 182.79208669589076,
      "30": 183.73598322405456,
      "32": 175.04448142090922,
      "34": 187.29604855782063,
      "36": 184.44045955827005,
      "38": 179.73153816286276,
      "40": 193.0022623747942,
      "42": 176.95933890908827,
      "44": 176.89978538317962,
      "46": 189.0700219691068,
      "48": 181.4300679572076,
      "50": 175.81081466794544,
      "52": 170.6703881454822,
      "54": 178.57486565624953,
      "56": 168.39865798522953,
      "58": 163.55497677967088,
      "60": 177.5834221674196,
      "62": 173.60499622750757,
      "64": 175.98289961249756,
      "66": 191.6679743493273,
      "68": 174.6946038866604,
      "70": 161.0966555015666,
      "72": 171.0540456013477,
      "74": 169.5893776560579,
      "76": 171.17146671450254,
      "78": 180.84067828730736,
      "80": 185.32547372229064,
      "82": 180.67916488649854,
      "84": 170.53609133581324,
      "86": 188.81655891364466,
      "88": 185.86481648512824,
      "90": 181.938679489219,
      "92": 168.5038831765947,
      "94": 161.82847315889308,
      "96": 168.7021128223754,
      "98": 184.1114971502878,
      "100": 172.30168991157723,
      "102": 173.29232798908856,
      "104": 160.57370090156962,
      "106": 184.43937790787095,
      "108": 189.0905907514598,
      "110": 167.9801574871284,
      "112": 166.637009532471,
      "114": 159.15261181085086,
      "116": 174.89319996497034,
      "118": 179.7340147933899,
      "120": 178.58158581813814,
      "122": 160.6672255142102,
      "124": 150.2239474900956,
      "126": 158.6541731464332,
      "128": 166.5356843866897,
      "130": 182.46225820077055,
      "132": 168.02557407371762,
      "134": 164.0591010849334,
      "136": 172.43909081621146,
      "138": 170.56768498046065,
      "140": 168.5238959767097,
      "142": 173.86839968752494,
      "144": 168.0194583474621,
      "146": 198.9482792044568,
      "148": 171.00204823418758,
      "150": 190.26262394113976,
      "152": 167.4141325201511,
      "154": 165.70670492503598,
      "156": 172.95584156935172,
      "158": 167.25113045657292,
      "160": 177.76436593790217,
      "162": 145.53134914903308,
      "164": 169.5398641972243,
      "166": 166.0858548405937,
      "168": 174.77433733382955,
      "170": 167.24165712771597,
      "172": 177.75508384376604,
      "174": 173.84404914690796,
      "176": 158.3345365234602,
      "178": 165.08493759273023,
      "180": 162.4492518003647,
      "182": 174.32698888929684,
      "184": 187.74692283910264,
      "186": 169.69125509354902,
      "188": 168.40141354402334,
      "190": 178.40045749212695,
      "192": 157.05671563929482,
      "194": 174.85290521485896,
      "196": 173.86188699438156,
      "198": 162.93182089961903,
      "200": 168.49976114395218,
      "202": 172.83110943399146,
      "204": 147.46378067132775,
      "206": 160.19493820003322,
      "208": 165.02323766056176,
      "210": 175.15615450193195,
      "212": 156.38397222176857,
      "214": 181.66857058029893,
      "216": 158.31317527225687,
      "218": 165.0197743635282,
      "220": 176.28225494636226,
      "222": 188.7268661735218,
      "224": 172.303645700902,
      "226": 169.9297173637384,
      "228": 173.11716099989457,
      "230": 148.13283370894058,
      "232": 178.52790979288795,
      "234": 192.29107585935145,
      "236": 150.6633332566382,
      "238": 169.72466283556582,
      "240": 157.36145944943297,
      "242": 158.8820865154706,
      "244": 166.3783242262728,
      "246": 167.7408915619837,
      "248": 173.2790511544611,
      "250": 157.51253255851523,
      "252": 155.71427296837538,
      "254": 155.58769456693096,
      "256": 182.9554110001207,
      "258": 194.06467973083176,
      "260": 183.43586732854135,
      "262": 175.92874434905073,
      "264": 164.07532842347885,
      "266": 167.68916230643674,
      "268": 178.84764711681453,
      "270": 160.45001804669909,
      "272": 142.47464713674793,
      "274": 147.62806958650583,
      "276": 163.61310494885146,
      "278": 158.74726974740503,
      "280": 140.07404823094717,
      "282": 180.45534539839238,
      "284": 167.41235376624877,
      "286": 179.00833989351028,
      "288": 185.59049063785142,
      "290": 171.17712536428564,
      "292": 200.09876851663734,
      "294": 169.88913095364117,
      "296": 163.85275087652278,
      "298": 149.27859658796908,
      "300": 156.4601365720803,
      "302": 161.2065991583762,
      "304": 182.57118893379135,
      "306": 156.70678880927062,
      "308": 150.54359261637953,
      "310": 166.9993136097385,
      "312": 190.1221468462599,
      "314": 150.372423517408,
      "316": 171.86325671348754,
      "318": 166.61246263270192,
      "320": 186.10177601218766,
      "322": 162.94666623549708,
      "324": 165.81382207618927,
      "326": 160.20397246723468,
      "328": 167.48397519003106,
      "330": 149.23968476367725,
      "332": 167.02803592935612,
      "334": 174.24945799337542,
      "336": 149.10149118237658,
      "338": 184.02987289756265,
      "340": 184.09730620565384,
      "342": 150.20790234455342,
      "344": 170.1212310916294,
      "346": 175.8588020370145,
      "348": 178.86055143150688,
      "350": 147.61073834175914,
      "352": 146.69700470948334,
      "354": 149.12617376239973,
      "356": 162.20005790342984,
      "358": 155.25638440987586,
      "360": 157.2034384252144,
      "362": 163.1029660181647,
      "364": 174.06430521424647,
      "366": 162.70318988143535,
      "368": 160.03804374806785,
      "370": 159.61474957110067,
      "372": 198.8560537169758,
      "374": 171.6454337071299,
      "376": 157.5696572111164,
      "378": 151.39844149257,
      "380": 191.48349955200445,
      "382": 182.1462937778925,
      "384": 155.9585825802207,
      "386": 145.7749419769751,
      "388": 159.35261610479014,
      "390": 173.2390766916035,
      "392": 152.19772235131848,
      "394": 180.2572180278317,
      "396": 180.7037448443858,
      "398": 179.36293951899057,
      "400": 191.56012378315083,
      "402": 154.31234520608757,
      "404": 164.3033558573165,
      "406": 141.6761001703802,
      "408": 180.70116340498996,
      "410": 171.1702929304833,
      "412": 168.91758764789208,
      "414": 214.74452809558375,
      "416": 156.63857953244082,
      "418": 208.11503659815213,
      "420": 196.59877806964806,
      "422": 173.46589568722527,
      "424": 184.96079957793359,
      "426": 179.85241127865555,
      "428": 176.42363559272783,
      "430": 183.4792798299914,
      "432": 139.4917147669006,
      "434": 172.13162741350075,
      "436": 164.71610289923402,
      "438": 158.07707185059365,
      "440": 172.82520602677982,
      "442": 156.4861683676121,
      "444": 172.3242993508826,
      "446": 168.90150817589648,
      "448": 143.61902275430663,
      "450": 159.22047215424664,
      "452": 199.30186312395801,
      "454": 206.7724824690496,
      "456": 174.53715836414017,
      "458": 154.14239609611863,
      "460": 161.65455739737882,
      "462": 200.33757134353522,
      "464": 165.00829731667326,
      "466": 173.47831518268674,
      "468": 142.52778220116596,
      "470": 195.62823172759906,
      "472": 164.69640332798423,
      "474": 165.94983664501484,
      "476": 174.38775819935066,
      "478": 160.67153995819055,
      "480": 139.16406914681485,
      "482": 157.33323717185056,
      "484": 160.40869490832569,
      "486": 180.80194757883683,
      "488": 159.5626100604715,
      "490": 213.25270722926965,
      "492": 176.16665051776178,
      "494": 168.56239188601847,
      "496": 185.98239642186897,
      "498": 167.94048707618873,
      "500": 164.55324412098656,
      "502": 164.17542339461608,
      "504": 175.86882505424643,
      "506": 188.18972286241382,
      "508": 175.86343490360326,
      "510": 142.36466542306914,
      "512": 190.0192402992057,
      "514": 172.43148831348861,
      "516": 167.05447313438822,
      "518": 141.14871667042803,
      "520": 179.58523275353016,
      "522": 177.25794694731667,
      "524": 160.3932705632236,
      "526": 154.70446111088867,
      "528": 105.01301187256125,
      "530": 175.34864510362806,
      "532": 153.62690276776596,
      "534": 146.08108122647997,
      "536": 210.79270186663825,
      "538": 161.34041169788745,
      "540": 183.79009753535496,
      "542": 186.37658447655798,
      "544": 156.13977600227764,
      "546": 148.1226264119465,
      "548": 165.34404895864083,
      "550": 189.21301144268705,
      "552": 193.60600480179625,
      "554": 173.45175641389616,
      "556": 213.55680995112633,
      "558": 174.67738325923094,
      "560": 179.4238052569859,
      "562": 154.72105644985865,
      "564": 151.02161649333496,
      "566": 138.72873424096957,
      "568": 186.22528803493353,
      "570": 183.04163078861268,
      "572": 171.20792752804647,
      "574": 209.03626797590914,
      "576": 156.12830860408397,
      "578": 183.11542194192617,
      "580": 126.31494599396913,
      "582": 197.95285847210755,
      "584": 173.04109741562812,
      "586": 176.39752005917592,
      "588": 193.67096129392127,
      "590": 175.25458138851633,
      "592": 165.9132226157671,
      "594": 154.2424559612109,
      "596": 157.32467216382577,
      "598": 144.34964139425256,
      "600": 180.59080117084076,
      "602": 163.35226343694782,
      "604": 146.41090677187563,
      "606": 179.8809145201493,
      "608": 132.01015723586687,
      "610": 186.27139740278088,
      "612": 163.50849747532976,
      "614": 204.13515224596023,
      "616": 149.65588631873558,
      "618": 138.05373205524967,
      "620": 116.0877889218237,
      "622": 182.7278784642843,
      "624": 204.35946099049505,
      "626": 183.6662625393039,
      "628": 149.10798452688493,
      "630": 146.14744892891292,
      "632": 189.68970660534436,
      "634": 162.925394719289,
      "636": 191.78380033605234,
      "638": 147.70346489855694,
      "640": 166.45619465945498,
      "642": 211.77973521263954,
      "644": 129.8946239818137,
      "646": 158.36159885481575,
      "648": 161.0554037233987,
      "650": 183.1430039313575,
      "652": 124.47740986871854,
      "654": 112.92189289867923,
      "656": 165.97409766389617,
      "658": 202.82242128414438,
      "660": 140.80782044491488,
      "662": 180.1978790495036,
      "664": 159.70291047083828,
      "666": 196.59598389819192,
      "668": 147.96305393437592,
      "670": 158.06313047945207,
      "672": 166.52213467994153,
      "674": 144.65106258629456,
      "676": 141.53743679049808,
      "678": 158.136137011657,
      "680": 157.07593020569158,
      "682": 132.61049319200052,
      "684": 155.46102317405592,
      "686": 166.79246204854172,
      "688": 153.62696679921044,
      "690": 152.4440674437729,
      "692": 141.44608767027768,
      "694": 188.0682780267083,
      "696": 175.92527613882936,
      "698": 202.30085279869553,
      "700": 182.28920056351586,
      "702": 138.87928609955966,
      "704": 146.58527407049172,
      "706": 145.61915762372195,
      "708": 192.11122332595457,
      "710": 168.30263199285815,
      "712": 178.90550266880354,
      "714": 157.0580686060889,
      "716": 202.4889595474394,
      "718": 144.01463563299933,
      "720": 163.3614398982886,
      "722": 159.70884965635244,
      "724": 171.48487468968042,
      "726": 188.36059128139965,
      "728": 160.14684177408105,
      "730": 157.0804449233118,
      "732": 170.47842969761783,
      "734": 158.3138013478293,
      "736": 175.19033135632984,
      "738": 178.30441510822723,
      "740": 121.36501253700946,
      "742": 171.13852017195475,
      "744": 160.63411281424945,
      "746": 124.26551678425555,
      "748": 173.9891601905808,
      "750": 155.65264245988786,
      "752": 164.11300545627847,
      "754": 162.39918898110136,
      "756": 141.4660134112829,
      "758": 140.1371778064959,
      "760": 136.11959671134906,
      "762": 227.50789980170254,
      "764": 162.0913814572809,
      "766": 187.03204656504658,
      "768": 155.35484379183367,
      "770": 200.5996317894302,
      "772": 155.16497735796534,
      "774": 158.73762517891515,
      "776": 147.05905178820925,
      "778": 191.48544207500984,
      "780": 232.378327454373,
      "782": 195.24875869467715,
      "784": 157.00745421899487,
      "788": 146.59741777525608,
      "790": 161.7955856184856,
      "792": 177.50906768141138,
      "794": 160.16419297029952,
      "796": 136.22078452709505,
      "798": 158.00395637936015,
      "800": 156.0224669679552,
      "802": 124.95519650061975,
      "804": 200.86727167880508,
      "806": 159.06939648877702,
      "808": 194.41207440736468,
      "810": 197.04476192009434,
      "812": 161.64296291228192,
      "814": 158.2712222565672,
      "816": 178.3491187451419,
      "818": 167.62049591484322,
      "820": 132.49627692399653,
      "822": 206.04433398664514,
      "824": 181.77279531295966,
      "826": 176.66609446591337,
      "828": 182.4432491830977,
      "830": 170.9271695989541,
      "832": 159.9680128859397,
      "834": 161.31170689650864,
      "836": 167.50352378342194,
      "838": 205.9357604038916,
      "840": 160.6237606482351,
      "842": 171.32879751865482,
      "844": 131.01040111210352,
      "846": 233.0827643282276,
      "848": 166.48248138063605,
      "850": 158.19230930424524,
      "852": 189.70059909352437,
      "854": 163.4974451927549,
      "856": 139.63213600319074,
      "858": 113.66030717653719,
      "860": 181.91344916557802,
      "862": 179.3322093230322,
      "864": 114.06686283940707,
      "866": 135.24012984041562,
      "868": 103.54799321325862,
      "870": 189.24417867566493,
      "872": 109.66567187926766,
      "874": 172.156910052281,
      "876": 171.71522999165617,
      "878": 196.1652548114161,
      "880": 257.8732366800748,
      "882": 157.28883251768235,
      "884": 156.9450210615431,
      "886": 169.38441829026868,
      "888": 161.6603178002766,
      "890": 159.34727041508148,
      "892": 142.70718843656496,
      "894": 144.7828321224291,
      "896": 191.3801519171736,
      "898": 220.22378034909298,
      "900": 121.50646038534413,
      "902": 139.14660857979854,
      "904": 225.51502282620197,
      "906": 165.85907429351272,
      "908": 166.44336424122844,
      "910": 157.95410523293356,
      "912": 156.77019520836592,
      "914": 210.8142618103542,
      "916": 154.80732472461858,
      "918": 145.96760660033402,
      "920": 201.6606141391345,
      "922": 162.4560203236432,
      "924": 192.93989127745147,
      "926": 154.51017102020742,
      "928": 204.03438654656628,
      "930": 179.5250752623862,
      "932": 175.58195356695808,
      "934": 102.32644632438874,
      "936": 206.39168773552078,
      "938": 165.174695539334,
      "940": 170.28894352957457,
      "944": 208.72065214789237,
      "946": 168.03890186283712,
      "948": 155.98014495493203,
      "950": 155.13089274470005,
      "952": 167.72379943703737,
      "954": 186.67671240257772,
      "956": 170.99008175609913,
      "958": 133.00769009085025,
      "960": 134.59008310095456,
      "962": 171.1167723415204,
      "964": 140.62459137152575,
      "966": 84.5418255716925,
      "968": 154.04536863022804,
      "974": 163.26329425676545,
      "976": 202.9469269491965,
      "978": 163.43467135788518,
      "980": 176.7405157174183,
      "982": 157.16144162337798,
      "984": 202.63364819778164,
      "986": 180.1183275845847,
      "988": 158.24829921823732,
      "990": 214.94228240551678,
      "992": 205.8379060171615,
      "994": 167.74899252306403,
      "996": 145.08497108987098,
      "998": 150.05464958268925,
      "1000": 141.48341066332583,
      "1002": 203.33127004921556,
      "1004": 180.63143239269087,
      "1006": 157.27478178111656,
      "1008": 154.20745958147344,
      "1010": 166.87295478266498,
      "1012": 172.29065253057308,
      "1014": 191.58500763631977,
      "1016": 208.52542978750188,
      "1018": 182.27076682870143,
      "1020": 136.75318539756995,
      "1022": 216.25566999743717,
      "1026": 201.85853528399645,
      "1028": 142.0856816702519,
      "1030": 109.38887776766705,
      "1032": 192.18121577447275,
      "1034": 200.01669915499792,
      "1036": 176.5205896134363,
      "1038": 197.3925192214193,
      "1042": 156.78039742726756,
      "1044": 177.20927615562331,
      "1046": 193.3363705738961,
      "1048": 154.86771940222658,
      "1050": 169.2665693065713,
      "1052": 126.59621046304343,
      "1054": 155.09688092937017,
      "1056": 130.92950017687792,
      "1058": 215.57751621423725,
      "1060": 175.68938147236364,
      "1064": 175.42813987890753,
      "1066": 95.75215123437071,
      "1068": 146.51952775048915,
      "1070": 139.23421627104577,
      "1072": 188.9496939340718,
      "1074": 169.05811733249172,
      "1082": 157.3443190161846,
      "1084": 181.95295758562386,
      "1090": 134.96106040624045,
      "1092": 225.52533327278758,
      "1094": 167.007920268897,
      "1096": 208.6452991687372,
      "1100": 152.4282160621748,
      "1102": 149.79646283472508,
      "1104": 211.36545212315417,
      "1106": 159.6412566387628,
      "1108": 207.6379485463263,
      "1110": 140.0885839434272,
      "1112": 130.88870864214798,
      "1114": 185.96384383003792,
      "1116": 202.9301598229032,
      "1118": 173.6913303159802,
      "1120": 146.32016734709194,
      "1124": 142.6783097999434,
      "1126": 186.266283359925,
      "1128": 160.39404214628513,
      "1130": 146.18132319007248,
      "1132": 138.65567523371445,
      "1134": 116.57697934690108,
      "1138": 139.62283215537937,
      "1140": 163.06930599830633,
      "1142": 167.6273240020375,
      "1144": 197.24182000656575,
      "1146": 174.5353926520965,
      "1148": 144.89046561885425,
      "1150": 168.1624350555902,
      "1152": 220.02695603349468,
      "1154": 160.72788461084394,
      "1156": 251.23092427427457,
      "1158": 140.20948980748364,
      "1160": 164.8845081732178,
      "1162": 228.7947248527131,
      "1164": 169.95390359408458,
      "1166": 166.9486393750836,
      "1168": 167.43277066146624,
      "1172": 159.72103875418225,
      "1174": 160.55867550227225,
      "1176": 100.3201426597899,
      "1178": 164.76604663104627,
      "1182": 153.2089875283608,
      "1184": 211.2000161299141,
      "1186": 215.54869877317748,
      "1188": 147.91824252970434,
      "1190": 143.4721526583949,
      "1194": 169.1006475368552,
      "1198": 171.09715939502348,
      "1200": 188.67969235071553,
      "1204": 175.46258694907482,
      "1206": 167.82643294509109,
      "1208": 153.0847751785594,
      "1210": 161.14936288589806,
      "1212": 186.66629659895318,
      "1214": 145.823324733205,
      "1216": 188.6730425520719,
      "1218": 202.85669154683052,
      "1220": 103.84854335537356,
      "1224": 149.43660521754632,
      "1226": 204.05259627243277,
      "1228": 181.6270248829327,
      "1230": 141.77691126300266,
      "1232": 191.00233223199893,
      "1234": 171.40248520128807,
      "1236": 139.85470268155763,
      "1238": 177.6451246307738,
      "1240": 101.75883862151774,
      "1244": 175.73782089051537,
      "1246": 141.08583785867364,
      "1248": 191.9036667484495,
      "1250": 175.0853145843618,
      "1252": 202.9160944679569,
      "1258": 174.996703199494,
      "1260": 176.0930455470459,
      "1262": 167.33873858433606,
      "1272": 205.00582601814776,
      "1274": 135.1017800920881,
      "1278": 248.7065421691246,
      "1282": 228.5334850670455,
      "1286": 175.93291649861953,
      "1288": 191.8299296077109,
      "1290": 158.89762131545393,
      "1292": 163.61676654741404,
      "1294": 169.89128096748533,
      "1296": 173.83453968621671,
      "1298": 198.04656275664522,
      "1304": 213.22198238354116,
      "1306": 226.62181690293653,
      "1308": 265.1723859249182,
      "1310": 153.39089660699284,
      "1314": 111.06390628030215,
      "1316": 148.99052208477104,
      "1318": 114.16490038163077,
      "1322": 145.4454111907377,
      "1326": 133.6519832193185,
      "1328": 149.8292529523993,
      "1330": 157.18892688950214,
      "1334": 137.43283730188216,
      "1336": 125.66595567823641,
      "1340": 140.7345255829616,
      "1342": 180.05683892632646,
      "1344": 177.5907807095433,
      "1346": 193.8332488857239,
      "1348": 237.9997446751844,
      "1350": 213.5140267246104,
      "1352": 147.90466058537947,
      "1354": 152.71867004076836,
      "1358": 191.0570887424873,
      "1360": 165.9370208485097,
      "1362": 147.96681760209108,
      "1366": 215.39937267161633,
      "1368": 137.445880695501,
      "1370": 173.32821654182908,
      "1372": 154.22902054439155,
      "1374": 160.44412293852977,
      "1376": 235.215921094457,
      "1378": 222.04468679642434,
      "1380": 184.47960209643503,
      "1386": 206.2144824983042,
      "1388": 184.8965176238776,
      "1390": 133.81813050502143,
      "1392": 272.94995908782334,
      "1394": 123.8077036549563,
      "1398": 202.58188517110025,
      "1400": 152.24441675604072,
      "1402": 157.24499254812434,
      "1404": 219.85710033129084,
      "1406": 171.9925123940653,
      "1410": 171.3479902458177,
      "1412": 159.50163538026138,
      "1414": 168.2730571683703,
      "1416": 138.4124138717053,
      "1418": 186.48990773213677,
      "1422": 136.20164356938193,
      "1424": 222.23316865452392,
      "1426": 178.7873076097398,
      "1428": 174.24673015650015,
      "1430": 215.08641773086902,
      "1434": 105.43032893815256,
      "1436": 181.6536353278134,
      "1440": 151.26484588570344,
      "1450": 170.5377316485791,
      "1452": 170.51551983458563,
      "1454": 146.85661264177577,
      "1456": 160.15659830211604,
      "1458": 167.1916381560372,
      "1460": 155.6054506504149,
      "1464": 198.8018197273649,
      "1466": 211.75532001996993,
      "1468": 188.8000390420808,
      "1472": 177.49303392998453,
      "1474": 184.7330163370172,
      "1476": 188.16320893760673,
      "1478": 166.14855972521306,
      "1480": 176.88147567365309,
      "1482": 153.15845390755922,
      "1486": 140.14266076328454,
      "1490": 190.79962051174033,
      "1492": 88.81457035883525,
      "1498": 205.44778417199427,
      "1504": 171.14800231319117,
      "1506": 127.937624434172,
      "1508": 156.4833876724953,
      "1510": 124.68960559555117,
      "1512": 201.39326112119386,
      "1518": 303.3770715678605,
      "1520": 204.87482284833413,
      "1522": 197.8336218542922,
      "1528": 162.93937709979258,
      "1534": 179.69643082636162,
      "1542": 156.24860540630937,
      "1548": 168.41073487932096,
      "1552": 174.68298763366732,
      "1554": 122.49442019213997,
      "1558": 199.3799319975284,
      "1562": 137.50478490428495,
      "1564": 167.9390647826101,
      "1566": 209.12262228523315,
      "1568": 284.83887497008925,
      "1570": 160.47995373298832,
      "1574": 150.82688955303405,
      "1576": 209.80327978446343,
      "1582": 171.0882183469994,
      "1586": 141.7061481729505,
      "1590": 185.06565552588873,
      "1594": 158.05809982653537,
      "1596": 127.84530938102883,
      "1604": 137.21926373166247,
      "1606": 226.13764605121656,
      "1616": 196.08598172837335,
      "1620": 195.38044315099762,
      "1622": 133.2956422188194,
      "1624": 110.80682564036296,
      "1626": 137.34682688869918,
      "1630": 184.3420393720197,
      "1634": 165.85377025378932,
      "1636": 176.6308274224932,
      "1638": 122.83965846486552,
      "1642": 177.11527445424517,
      "1644": 219.8199727570837,
      "1646": 124.4095804066096,
      "1652": 155.355351826732,
      "1654": 145.68454544824658,
      "1660": 179.58384145227075,
      "1666": 111.21971419067361,
      "1672": 245.6873051019454,
      "1674": 124.31824046897209,
      "1688": 177.3962889533753,
      "1694": 98.91191685347768,
      "1700": 226.13370953483923,
      "1702": 108.96962480795804,
      "1710": 149.80143194196754,
      "1718": 153.89382689670765,
      "1720": 178.95357260964752,
      "1722": 164.54301815951746,
      "1726": 209.35549568174375,
      "1734": 215.79964104453546,
      "1738": 201.06960368946108,
      "1742": 155.176928579913,
      "1744": 179.75878387584328,
      "1752": 121.74699581056481,
      "1754": 199.37618838321578,
      "1764": 182.98439392437854,
      "1784": 158.0121293253146,
      "1790": 161.36113006108354,
      "1798": 125.0460871790952,
      "1802": 212.32470186748762,
      "1812": 167.82294916691166,
      "1816": 205.80619887368826,
      "1830": 72.96975960055406,
      "1848": 217.58603793641447,
      "1850": 157.99109205242763,
      "1854": 165.94311288433917,
      "1858": 165.25887755474596,
      "1862": 172.73527249782876,
      "1866": 143.08200763613598,
      "1874": 224.12042049421802,
      "1876": 175.95601549989618,
      "1878": 206.01253467000757,
      "1882": 182.59405887095664,
      "1890": 203.62618597258333,
      "1892": 109.0392201190974,
      "1894": 172.9361542657111,
      "1896": 134.91050870882964,
      "1898": 210.50709879832073,
      "1900": 207.91081095939361,
      "1902": 144.19599529404513,
      "1910": 143.99969782368885,
      "1914": 168.69286889159815,
      "1928": 178.8262887402002,
      "1932": 110.80656080443183,
      "1934": 197.86724903366454,
      "1940": 142.92091395910504,
      "1946": 180.04876380764324,
      "1948": 166.78345544322622,
      "1960": 160.44513105584076,
      "1962": 222.3177493593193,
      "1982": 196.51517892813558,
      "1988": 113.69502916146529,
      "1996": 224.1650243548042,
      "1998": 179.20951371377697,
      "2012": 183.97540282806722,
      "2018": 174.33624177838809,
      "2020": 161.2934840309037,
      "2028": 227.96585127393308,
      "2034": 132.57435716843503,
      "2052": 188.6613643035565,
      "2060": 158.1118864046193,
      "2068": 222.42010157256507,
      "2070": 188.11412355960516,
      "2074": 208.9661718797005,
      "2104": 157.4765794365539,
      "2106": 168.69832414079923,
      "2116": 180.64125166268036,
      "2118": 116.06495103422722,
      "2154": 210.2166120916249,
      "2172": 247.44511303684658,
      "2174": 115.403873142205,
      "2186": 176.42524249846747,
      "2204": 184.03379830310234,
      "2214": 126.27471057341283,
      "2238": 138.74892555627082,
      "2240": 164.2653050996419,
      "2254": 141.2757485305988,
      "2256": 230.63686011767965,
      "2268": 196.5220586439067,
      "2280": 127.01026445965545,
      "2310": 185.4100566480536,
      "2328": 137.9981098371284,
      "2334": 146.43130814134892,
      "2336": 106.0437058874328,
      "2362": 130.89413724743358,
      "2372": 216.1074400753803,
      "2374": 204.11094188684558,
      "2388": 164.2183778031597,
      "2402": 173.41409477873756,
      "2406": 115.46637191157484,
      "2418": 184.55457903356708,
      "2454": 146.5078132664619,
      "2474": 146.3389789890693,
      "2486": 169.28756305878278,
      "2498": 82.96013456386541,
      "2506": 159.250041451317,
      "2526": 175.17231416493414,
      "2560": 122.90394547901417,
      "2566": 166.85643711615137,
      "2578": 214.08591492650606,
      "2588": 189.43223710135268,
      "2594": 159.11022488174424,
      "2622": 145.45523177740483,
      "2638": 206.69396654136096,
      "2646": 146.7537906997822,
      "2648": 140.3068868884989,
      "2676": 196.27549216841936,
      "2736": 257.951334114982,
      "2756": 205.27873599045932,
      "2770": 147.02041935970234,
      "2774": 149.2478009896629,
      "2784": 188.85114996278827,
      "2814": 105.50658132634358,
      "2818": 229.34062288659703,
      "2878": 142.0882450904219,
      "2882": 184.78047804492107,
      "2921": 200.18542588766522,
      "2941": 209.5505781092088,
      "2953": 201.06530207279852,
      "2963": 92.58768108516357,
      "2997": 121.9734427843211,
      "2999": 127.75581006181034,
      "3019": 135.70427133894574,
      "3035": 157.29029457306407,
      "3039": 192.48078429914634,
      "3045": 200.30875624564464,
      "3055": 136.9572496865251,
      "3093": 106.85713535976515,
      "3115": 244.6711953276521,
      "3179": 240.3012298543502,
      "3195": 202.3181275325769,
      "3199": 166.97821746818826,
      "3201": 165.7727370838286,
      "3213": 181.79343834235863,
      "3231": 191.78561389692103,
      "3247": 252.69444986400657,
      "3291": 116.59726746273253,
      "3301": 199.1791524411005,
      "3313": 186.6256929596687,
      "3317": 126.27696211619745,
      "3369": 134.3565711549054,
      "3383": 189.29367053062293,
      "3451": 156.94584375948193,
      "3505": 149.39127751469647,
      "3591": 127.08545737739455,
      "3607": 279.5446182090846,
      "3667": 210.55838071487744,
      "3779": 182.50357088748302,
      "3825": 196.80222656446637,
      "3883": 222.87186862772828,
      "4107": 218.30784054123237,
      "4137": 104.2023591173361,
      "4239": 194.72262182128043,
      "4263": 127.40334340920236,
      "4319": 225.4387278587358,
      "4363": 124.67732993864392,
      "4411": 201.91913297457717,
      "4601": 215.9123622980051,
      "4853": 130.9457886199287,
      "4947": 267.41073309888554,
      "4971": 222.85998429730736
    },
    "pT_H2": {
      "2": 142.35068967829608,
      "4": 147.87328019007361,
      "6": 157.09412077675307,
      "8": 150.9060798864969,
      "10": 154.12869715615096,
      "12": 160.52434014067626,
      "14": 168.7381634544508,
      "16": 165.4804042180295,
      "18": 157.24913643021694,
      "20": 160.66163300457876,
      "22": 158.93963067770193,
      "24": 159.19442939858442,
      "26": 157.95874371339272,
      "28": 155.19118829976202,
      "30": 157.08818788397875,
      "32": 156.10670847890933,
      "34": 151.74210811493225,
      "36": 164.27462261284379,
      "38": 156.57892643897733,
      "40": 160.0371445562269,
      "42": 159.74117356435187,
      "44": 160.5396319055804,
      "46": 159.65337035112367,
      "48": 146.17805407309936,
      "50": 159.78228679363798,
      "52": 145.21414315725718,
      "54": 164.1032982028123,
      "56": 142.344153759964,
      "58": 148.86798385957883,
      "60": 147.42191467746798,
      "62": 149.54326355614992,
      "64": 146.0152876705747,
      "66": 158.67844305553768,
      "68": 149.4323471008588,
      "70": 151.85576257602023,
      "72": 147.9886418455515,
      "74": 146.4735017393593,
      "76": 149.65539684526104,
      "78": 157.00604351739725,
      "80": 146.74705382036433,
      "82": 155.55656382192458,
      "84": 152.54521276725526,
      "86": 146.3150489975001,
      "88": 149.2634657092736,
      "90": 149.37568717407885,
      "92": 140.2722250391573,
      "94": 134.70429779320287,
      "96": 150.0348189140194,
      "98": 149.41132035992712,
      "100": 144.00943435801491,
      "102": 140.3927878111469,
      "104": 141.57622053394982,
      "106": 145.87586106226635,
      "108": 158.57874926947778,
      "110": 137.31303092003952,
      "112": 134.10278929520516,
      "114": 144.97943029329167,
      "116": 141.90359705294892,
      "118": 157.93954649847825,
      "120": 141.51622627157997,
      "122": 149.50004157654467,
      "124": 138.44276860923202,
      "126": 142.70262809394256,
      "128": 146.9121315551517,
      "130": 144.044251257481,
      "132": 153.7007320423303,
      "134": 139.34107328290537,
      "136": 144.5166143508584,
      "138": 144.13690245741918,
      "140": 154.2197166815185,
      "142": 159.78487064611227,
      "144": 140.67011987781603,
      "146": 162.84915804271904,
      "148": 144.89750494842252,
      "150": 154.3676746087629,
      "152": 145.85463120054757,
      "154": 138.29103210232805,
      "156": 145.35737297233482,
      "158": 141.28510197880126,
      "160": 138.34278688951983,
      "162": 138.29511593981852,
      "164": 130.23845704359,
      "166": 131.33603317621737,
      "168": 148.9667368982375,
      "170": 156.28045142720467,
      "172": 144.48467704331458,
      "174": 156.02577108109102,
      "176": 136.40128353990937,
      "178": 150.2923833101043,
      "180": 128.21154287598048,
      "182": 144.91032119285413,
      "184": 153.97189128003225,
      "186": 135.71340417712352,
      "188": 153.88135861954328,
      "190": 146.7993410825758,
      "192": 137.44038128013383,
      "194": 147.2460317478704,
      "196": 147.62069898183128,
      "198": 146.84169568472066,
      "200": 146.14662248379437,
      "202": 146.68814952157993,
      "204": 140.17229440802265,
      "206": 127.30702066320151,
      "208": 153.79437403029948,
      "210": 156.56535427190835,
      "212": 131.7189556719506,
      "214": 160.83835829543932,
      "216": 149.74960900518496,
      "218": 156.63224364061418,
      "220": 143.09202460775637,
      "222": 155.4602079845034,
      "224": 126.61563972556058,
      "226": 144.0705787985713,
      "228": 144.04275927553203,
      "230": 147.0297709844114,
      "232": 151.51886680690288,
      "234": 148.4181587772874,
      "236": 126.34042344775524,
      "238": 150.31795551801994,
      "240": 164.47122110305182,
      "242": 154.40840391504264,
      "244": 150.225221440941,
      "246": 150.25357537781898,
      "248": 147.23420643896247,
      "250": 127.5690330140018,
      "252": 143.6756976197029,
      "254": 155.6748682477434,
      "256": 140.61831698454552,
      "258": 145.40406289849824,
      "260": 145.04807163789164,
      "262": 134.20902305487078,
      "264": 141.71378055302137,
      "266": 150.32553950894533,
      "268": 138.67329225264035,
      "270": 137.42602288891666,
      "272": 135.87786728892553,
      "274": 158.36293769758876,
      "276": 137.44093536045085,
      "278": 132.38284279598238,
      "280": 128.8185043592658,
      "282": 148.81049223150865,
      "284": 152.90558081346106,
      "286": 168.2521924502876,
      "288": 147.8378509006223,
      "290": 143.61000025143989,
      "292": 148.8741787618603,
      "294": 139.624028210068,
      "296": 128.81180585722234,
      "298": 123.32119781913201,
      "300": 146.40766990676866,
      "302": 132.47139659808107,
      "304": 134.84086329433305,
      "306": 150.77680689514136,
      "308": 128.71633247459752,
      "310": 127.53858652686495,
      "312": 156.14860064646328,
      "314": 153.7431760689197,
      "316": 130.59744238757273,
      "318": 119.30596170012049,
      "320": 153.32884355854048,
      "322": 134.74290663020537,
      "324": 151.88522456204248,
      "326": 130.3103884459639,
      "328": 118.23832629310334,
      "330": 129.64326572324117,
      "332": 142.59117723883273,
      "334": 121.6459322779162,
      "336": 122.62147271529307,
      "338": 139.5568073531597,
      "340": 137.49449959672353,
      "342": 131.69345986538227,
      "344": 151.34504732529012,
      "346": 152.77361744336065,
      "348": 146.59798429966781,
      "350": 147.62820228135428,
      "352": 129.16735408725907,
      "354": 121.78706307365826,
      "356": 151.02368561568883,
      "358": 130.9222451203852,
      "360": 132.70545936369558,
      "362": 154.2877656743267,
      "364": 150.55042110655071,
      "366": 125.85584884753243,
      "368": 129.42273744787678,
      "370": 130.9467144867465,
      "372": 142.34573444448856,
      "374": 138.48672837577158,
      "376": 146.73130486246586,
      "378": 123.9489413675002,
      "380": 153.4466071959064,
      "382": 152.01507861107302,
      "384": 165.5382827304008,
      "386": 145.19076901929935,
      "388": 126.50243198220656,
      "390": 156.2617113936322,
      "392": 122.7508724174129,
      "394": 168.67994446226209,
      "396": 144.64200387868655,
      "398": 143.29999832965223,
      "400": 145.4180723482284,
      "402": 146.34200174552296,
      "404": 152.94357082552523,
      "406": 122.40213046982129,
      "408": 152.9315298084618,
      "410": 157.057324606139,
      "412": 133.62448481715333,
      "414": 152.921918718272,
      "416": 138.42937839510245,
      "418": 170.546175734028,
      "420": 150.29687279806618,
      "422": 148.65294563645142,
      "424": 162.14744243707048,
      "426": 158.31747223984067,
      "428": 164.6407302520851,
      "430": 147.1590420152126,
      "432": 146.81192382876935,
      "434": 153.7020610312346,
      "436": 137.2413328969815,
      "438": 140.92795130896982,
      "440": 142.3460330991897,
      "442": 147.67549729631867,
      "444": 137.64484607824411,
      "446": 134.7634447211608,
      "448": 134.18308817302136,
      "450": 135.12607187723626,
      "452": 139.95357025243706,
      "454": 155.26083180676002,
      "456": 149.5614099881008,
      "458": 145.53745043865942,
      "460": 137.01406556676338,
      "462": 149.2254126655175,
      "464": 132.00291178442092,
      "466": 172.20571393700783,
      "468": 105.85344497796129,
      "470": 138.26780031961377,
      "472": 128.54542886732168,
      "474": 149.94823948395594,
      "476": 130.68001897657868,
      "478": 128.16698296216322,
      "480": 133.34971663877815,
      "482": 131.04622345184706,
      "484": 137.60570368166395,
      "486": 116.79045473970665,
      "488": 134.08278890462816,
      "490": 184.53381239007285,
      "492": 132.82598823492577,
      "494": 147.04846630560704,
      "496": 162.97438013610824,
      "498": 150.99874832523167,
      "500": 152.9630944024114,
      "502": 145.61946119947422,
      "504": 143.61571219961388,
      "506": 155.38612041955867,
      "508": 143.83170557897043,
      "510": 123.76881914903885,
      "512": 144.77437428227879,
      "514": 143.62663570309465,
      "516": 149.38457650130036,
      "518": 138.48044079831882,
      "520": 141.00398630880247,
      "522": 158.29779409817732,
      "524": 168.5838138779917,
      "526": 152.83652357892848,
      "528": 87.0668821657479,
      "530": 132.90804140305673,
      "532": 138.90218159459954,
      "534": 114.2356596081405,
      "536": 166.13150573457247,
      "538": 125.34304720562116,
      "540": 153.51716160576703,
      "542": 156.37578354432202,
      "544": 139.4568879757681,
      "546": 154.63840172882672,
      "548": 145.09305380754068,
      "550": 154.89095354280826,
      "552": 147.3042201596926,
      "554": 147.7407927606956,
      "556": 149.07183994203604,
      "558": 135.35067450412367,
      "560": 131.68419410222404,
      "562": 146.55780603413672,
      "564": 144.02258000829414,
      "566": 128.08549409044815,
      "568": 150.16493027741453,
      "570": 164.77446682418946,
      "572": 179.06829630514318,
      "574": 170.29746095484282,
      "576": 129.7454367636803,
      "578": 162.95693135593964,
      "580": 123.63357404807132,
      "582": 158.8050959394513,
      "584": 140.05463109606941,
      "586": 134.90708110528143,
      "588": 143.8153968307145,
      "590": 132.54430689083023,
      "592": 143.75081160052991,
      "594": 93.18319017384007,
      "596": 136.14280272934548,
      "598": 130.77702137503132,
      "600": 146.96649843881616,
      "602": 138.9984498497879,
      "604": 136.62799072776318,
      "606": 142.04165911671598,
      "608": 147.52162624864235,
      "610": 138.32617525565612,
      "612": 153.6463151758547,
      "614": 163.7253039317522,
      "616": 113.58662625409511,
      "618": 136.31344645038573,
      "620": 134.1134915901651,
      "622": 132.87405178613267,
      "624": 107.76144770170416,
      "626": 137.12793289779196,
      "628": 116.95230104862918,
      "630": 116.60235737278506,
      "632": 136.58628539713476,
      "634": 126.91604391763349,
      "636": 150.72775817081174,
      "638": 112.48081094045264,
      "640": 114.7828749315127,
      "642": 156.66024465988147,
      "644": 153.73055959892372,
      "646": 160.54655945034145,
      "648": 116.33506737543105,
      "650": 141.15941843212624,
      "652": 157.39732006495154,
      "654": 113.34103545458373,
      "656": 135.46163316287073,
      "658": 174.54356981357148,
      "660": 148.3724122693534,
      "662": 153.0084870441728,
      "664": 156.5494646732361,
      "666": 114.11971505972382,
      "668": 130.99843398401114,
      "670": 121.16679223091566,
      "672": 147.75391277661598,
      "674": 126.43662269077524,
      "676": 143.3046315727443,
      "678": 155.5590676116287,
      "680": 128.08413869195,
      "682": 161.5894531345955,
      "684": 129.32801571428138,
      "686": 152.04489029241591,
      "688": 157.7268789392046,
      "690": 134.34941856994317,
      "692": 90.16901303271938,
      "694": 154.27570164395567,
      "696": 129.18249045586322,
      "698": 154.99435224781416,
      "700": 156.28697950396037,
      "702": 134.64157422996865,
      "704": 129.23767311311897,
      "706": 174.3942450103417,
      "708": 149.7223084560735,
      "710": 171.75733689426238,
      "712": 147.64505622522242,
      "714": 148.33253501276852,
      "716": 148.21255250352442,
      "718": 136.68643682489096,
      "720": 134.21405502533185,
      "722": 148.16245093208303,
      "724": 135.9805530971561,
      "726": 148.70516427527565,
      "728": 116.04320209343587,
      "730": 130.4333361620696,
      "732": 144.66265762952617,
      "734": 120.09353428228891,
      "736": 154.09190611582585,
      "738": 128.82832373919186,
      "740": 124.0211875996192,
      "742": 144.84595954782733,
      "744": 142.13146369674067,
      "746": 109.72144924549063,
      "748": 127.34855754736519,
      "750": 141.87465953267372,
      "752": 116.95154104642778,
      "754": 157.91420136725668,
      "756": 139.67207573181742,
      "758": 130.39312859339074,
      "760": 132.64989753015954,
      "762": 153.7385640000831,
      "764": 137.5043947165766,
      "766": 130.23236880977618,
      "768": 155.42305129278583,
      "770": 169.6054581630792,
      "772": 151.32421722798782,
      "774": 162.26601892885796,
      "776": 128.32573091894847,
      "778": 135.43128782227018,
      "780": 159.4186003436859,
      "782": 157.82500433584772,
      "784": 161.36012025709158,
      "788": 121.88412196922599,
      "790": 136.89010161030865,
      "792": 147.97105585423793,
      "794": 157.73101454922653,
      "796": 128.54452668703772,
      "798": 154.28274124617374,
      "800": 124.614461980544,
      "802": 105.13623239236067,
      "804": 168.37659466559919,
      "806": 172.68587676411903,
      "808": 143.72298541980103,
      "810": 139.55690325330215,
      "812": 160.04026282951298,
      "814": 130.656621452157,
      "816": 159.80411322642078,
      "818": 145.9984735589957,
      "820": 185.83161470503381,
      "822": 152.61315681887288,
      "824": 117.44903585476523,
      "826": 151.8222894462732,
      "828": 129.6697123295941,
      "830": 158.57991357440346,
      "832": 152.94163683770648,
      "834": 151.85432191326885,
      "836": 107.72682791844741,
      "838": 134.71519067743128,
      "840": 148.390777576451,
      "842": 115.40145952702227,
      "844": 145.53896394563236,
      "846": 179.54096845949147,
      "848": 147.80222541062966,
      "850": 149.4037852571024,
      "852": 185.6859241046787,
      "854": 131.42442139750614,
      "856": 144.69347812713846,
      "858": 77.54782048325484,
      "860": 129.29792712478158,
      "862": 187.26940001649672,
      "864": 149.83671894894493,
      "866": 125.60690383228311,
      "868": 124.76635400700229,
      "870": 178.43255831924165,
      "872": 114.12908308144287,
      "874": 128.71972694392142,
      "876": 131.73981962073088,
      "878": 135.96435288319722,
      "880": 233.84369223764003,
      "882": 140.39010424063832,
      "884": 101.51995148161899,
      "886": 141.99252150818813,
      "888": 130.2195315240126,
      "890": 137.56390029967758,
      "892": 130.2747150932963,
      "894": 117.06590435722731,
      "896": 114.89854466918378,
      "898": 182.11050531124067,
      "900": 132.05357738868508,
      "902": 102.5448127578263,
      "904": 200.0229135889404,
      "906": 112.96519691157094,
      "908": 146.18117829635446,
      "910": 123.48927308373794,
      "912": 110.57360899911926,
      "914": 151.0099732102713,
      "916": 123.13928568391134,
      "918": 152.3545439626894,
      "920": 117.83466629659915,
      "922": 123.56042683538956,
      "924": 201.73307164065528,
      "926": 110.54896770235385,
      "928": 137.9920732854192,
      "930": 107.03038661997299,
      "932": 169.30494495408223,
      "934": 157.83430523021423,
      "936": 187.51654275687136,
      "938": 132.21852235801646,
      "940": 161.2158993934235,
      "944": 151.82456674800616,
      "946": 114.03006083618311,
      "948": 168.37736198912796,
      "950": 138.80666590980098,
      "952": 146.0722355191573,
      "954": 132.9627393441544,
      "956": 155.42758661419458,
      "958": 102.12675296417711,
      "960": 118.51393093966735,
      "962": 130.34109714578807,
      "964": 116.66894626196061,
      "966": 96.37943799839631,
      "968": 119.6283819056836,
      "974": 152.6228453708576,
      "976": 184.31208476409856,
      "978": 119.16372677138696,
      "980": 135.68492185799067,
      "982": 132.1062044681399,
      "984": 195.49704655062732,
      "986": 169.1337055519968,
      "988": 151.3926016249885,
      "990": 198.72310676298906,
      "992": 170.57242243537758,
      "994": 125.56552362532918,
      "996": 128.95064888578258,
      "998": 115.43130494889766,
      "1000": 147.87589042109482,
      "1002": 138.24874221396578,
      "1004": 156.09575061986203,
      "1006": 121.56413927653082,
      "1008": 149.77464895854453,
      "1010": 113.68352544306774,
      "1012": 128.0415608457197,
      "1014": 145.16985618393383,
      "1016": 149.08752027372265,
      "1018": 148.10180301381698,
      "1020": 116.16878775254635,
      "1022": 166.07567173385138,
      "1026": 164.80013011373575,
      "1028": 121.46619433015786,
      "1030": 136.7076141752339,
      "1032": 156.37652733838252,
      "1034": 114.56591133307231,
      "1036": 150.9393641592157,
      "1038": 144.2683946205512,
      "1042": 164.02409872246378,
      "1044": 160.31643592581287,
      "1046": 151.25519529018794,
      "1048": 101.7553675047847,
      "1050": 131.38557494986873,
      "1052": 154.85565836267176,
      "1054": 112.78183663457037,
      "1056": 88.01005725694486,
      "1058": 170.0372728545098,
      "1060": 103.58368944397957,
      "1064": 145.6048910929861,
      "1066": 128.32763587081254,
      "1068": 142.1898090016869,
      "1070": 171.02233737121446,
      "1072": 160.51662082919043,
      "1074": 183.28410827133982,
      "1082": 128.28904691753192,
      "1084": 165.87590036522485,
      "1090": 120.9722014514107,
      "1092": 196.99562549394022,
      "1094": 176.08825361494962,
      "1096": 215.4599760274259,
      "1100": 148.71095792757117,
      "1102": 149.20281638476808,
      "1104": 158.35599836045876,
      "1106": 90.17062828632977,
      "1108": 115.99982468689163,
      "1110": 159.7196901311268,
      "1112": 137.58096550170518,
      "1114": 205.78664374833656,
      "1116": 125.24745420310126,
      "1118": 135.8399361988772,
      "1120": 166.90781436375747,
      "1124": 117.19360524243292,
      "1126": 156.7634788952252,
      "1128": 190.02431847954097,
      "1130": 167.64256601987807,
      "1132": 80.19472878161586,
      "1134": 60.53656082213293,
      "1138": 118.60461799038482,
      "1140": 122.90746223916916,
      "1142": 166.83178588032166,
      "1144": 128.0884040372097,
      "1146": 171.34120141094877,
      "1148": 158.95418515671986,
      "1150": 137.9674483790481,
      "1152": 143.5685018036498,
      "1154": 143.08996833949809,
      "1156": 222.32953886312006,
      "1158": 54.99464489877542,
      "1160": 183.6794056264752,
      "1162": 184.00722424993805,
      "1164": 136.1469123796406,
      "1166": 173.78639115208432,
      "1168": 142.61740223694974,
      "1172": 152.62531087917571,
      "1174": 129.37185913691894,
      "1176": 116.61114009897477,
      "1178": 121.2580208196451,
      "1182": 116.09253692167864,
      "1184": 118.65940748286177,
      "1186": 149.45834973719857,
      "1188": 134.02010108379008,
      "1190": 143.4041370402441,
      "1194": 167.29191424023742,
      "1198": 148.99318425409552,
      "1200": 192.24152702883418,
      "1204": 144.3650211609699,
      "1206": 115.68125750162383,
      "1208": 108.34510622165648,
      "1210": 125.23770779122286,
      "1212": 129.97274154892176,
      "1214": 127.15978233508534,
      "1216": 166.46842795963303,
      "1218": 158.3505995378172,
      "1220": 151.51187411441396,
      "1224": 133.3156073721635,
      "1226": 152.70157028113573,
      "1228": 155.9253764677518,
      "1230": 160.01572341782344,
      "1232": 133.41959879455572,
      "1234": 118.0304619158627,
      "1236": 125.27991513815002,
      "1238": 119.87080980995681,
      "1240": 110.79898759998498,
      "1244": 158.5929219718447,
      "1246": 126.11580551510953,
      "1248": 168.65566264161515,
      "1250": 163.05748146117804,
      "1252": 134.53974309225788,
      "1258": 106.11193201230164,
      "1260": 175.87560129574962,
      "1262": 178.49078156569254,
      "1272": 161.07908539249854,
      "1274": 107.41309812286094,
      "1278": 144.7228473105994,
      "1282": 113.81009615336222,
      "1286": 182.34931733612754,
      "1288": 124.1526270957716,
      "1290": 121.50750460508809,
      "1292": 134.21793113842165,
      "1294": 140.20141987468196,
      "1296": 167.04232305472345,
      "1298": 137.43738554137008,
      "1304": 122.45631452638622,
      "1306": 178.5580115630047,
      "1308": 135.81780114251347,
      "1310": 154.99768566566107,
      "1314": 132.39193995862354,
      "1316": 148.63416295158598,
      "1318": 144.41145952080527,
      "1322": 104.13936971681039,
      "1326": 106.32023351509505,
      "1328": 162.29373938633745,
      "1330": 159.8826512208291,
      "1334": 118.4852250768479,
      "1336": 132.26748308212237,
      "1340": 151.39500849417504,
      "1342": 142.6610218234731,
      "1344": 163.14565659059994,
      "1346": 148.14778395959215,
      "1348": 187.04481645807033,
      "1350": 195.45666801921172,
      "1352": 146.11573234162145,
      "1354": 136.43858850263518,
      "1358": 109.0371600439854,
      "1360": 138.52393594220848,
      "1362": 111.13700307562709,
      "1366": 159.69504721641636,
      "1368": 110.27400380441837,
      "1370": 139.04757989366476,
      "1372": 201.6332521079682,
      "1374": 101.37932495748416,
      "1376": 171.04061407637647,
      "1378": 179.3302617123202,
      "1380": 140.84270279806924,
      "1386": 137.70148292203075,
      "1388": 159.8494275346599,
      "1390": 138.77741891463256,
      "1392": 213.67287058170757,
      "1394": 72.3968534503011,
      "1398": 138.6876443718206,
      "1400": 128.94061667952974,
      "1402": 153.38567397865273,
      "1404": 203.34363781380952,
      "1406": 146.51261702139942,
      "1410": 147.33366539225094,
      "1412": 187.75344416336853,
      "1414": 135.0090197023227,
      "1416": 111.87796650731478,
      "1418": 128.8823434689117,
      "1422": 132.0742974506711,
      "1424": 210.90716090665532,
      "1426": 95.54422311973403,
      "1428": 129.0178491222226,
      "1430": 152.45862323738115,
      "1434": 128.37761199409624,
      "1436": 169.2046111268197,
      "1440": 154.84378341216174,
      "1450": 148.98410335646037,
      "1452": 147.99899610592684,
      "1454": 114.30405199237921,
      "1456": 131.28540845265553,
      "1458": 169.7465609546087,
      "1460": 179.0290471617007,
      "1464": 169.2107417280007,
      "1466": 229.58093667564475,
      "1468": 170.29027088097337,
      "1472": 102.96734146902631,
      "1474": 131.7775902054639,
      "1476": 111.239593733992,
      "1478": 152.3888438265827,
      "1480": 134.00045293480318,
      "1482": 155.30782736871498,
      "1486": 139.97665598127887,
      "1490": 118.44008792262342,
      "1492": 95.94043625163438,
      "1498": 174.66073215534882,
      "1504": 183.00886346176935,
      "1506": 45.45683727148283,
      "1508": 146.53037506775354,
      "1510": 80.02270455689029,
      "1512": 119.64430277170652,
      "1518": 256.69962364800443,
      "1520": 136.3804755174879,
      "1522": 162.25320321773168,
      "1528": 93.55260962199296,
      "1534": 121.69878067714598,
      "1542": 141.98929504109623,
      "1548": 130.69991452151046,
      "1552": 109.26876731288706,
      "1554": 151.4437003708834,
      "1558": 171.15390047600113,
      "1562": 82.59646400357285,
      "1564": 157.56754047096607,
      "1566": 132.1386767620398,
      "1568": 155.54550814421444,
      "1570": 149.77605985860706,
      "1574": 142.23265039481197,
      "1576": 171.47603792492015,
      "1582": 147.6594524127953,
      "1586": 138.66094024425425,
      "1590": 141.39290129296506,
      "1594": 127.75039731828126,
      "1596": 132.22172091556354,
      "1604": 161.871236408767,
      "1606": 164.74206351737956,
      "1616": 116.03847880397025,
      "1620": 145.2368667475562,
      "1622": 78.48830531776393,
      "1624": 136.49981872205848,
      "1626": 125.07280152691513,
      "1630": 166.0337691241137,
      "1634": 178.4295703867361,
      "1636": 162.76738478805567,
      "1638": 159.5584667718091,
      "1642": 138.89453718666277,
      "1644": 171.96296612689156,
      "1646": 139.0985075853156,
      "1652": 147.9259782331088,
      "1654": 170.43883980727244,
      "1660": 163.08070027596918,
      "1666": 128.81877738311488,
      "1672": 221.50761846582628,
      "1674": 155.31176754981195,
      "1688": 139.42032167151757,
      "1694": 136.99507728389207,
      "1700": 174.388562360856,
      "1702": 118.65753640592347,
      "1710": 150.33610281634455,
      "1718": 81.69047600300959,
      "1720": 105.84998481908141,
      "1722": 167.54730342781096,
      "1726": 155.0719852463593,
      "1734": 219.4526601755424,
      "1738": 178.2929730291765,
      "1742": 149.29226294425501,
      "1744": 66.43109533466769,
      "1752": 75.22564345662681,
      "1754": 148.75125675685024,
      "1764": 140.5113597509648,
      "1784": 78.85727463056479,
      "1790": 96.86037918393379,
      "1798": 132.55800565748996,
      "1802": 215.30072855685756,
      "1812": 179.5182448182133,
      "1816": 201.29872983897724,
      "1830": 74.48550094768164,
      "1848": 114.42327615478283,
      "1850": 74.7679778905029,
      "1854": 111.22109167162998,
      "1858": 146.6315781015467,
      "1862": 145.34576466243206,
      "1866": 169.92228248201522,
      "1874": 167.9411364153803,
      "1876": 125.20180771016837,
      "1878": 134.1376782059812,
      "1882": 138.09480541510854,
      "1890": 154.8136052567333,
      "1892": 109.8901808330997,
      "1894": 150.41263903188573,
      "1896": 124.95131929305197,
      "1898": 151.38457952818524,
      "1900": 144.050187794522,
      "1902": 193.31238510500953,
      "1910": 115.68243955319093,
      "1914": 132.59679569503228,
      "1928": 141.4330852270702,
      "1932": 102.22906064229142,
      "1934": 154.3327349151433,
      "1940": 93.31007034848885,
      "1946": 150.5846700878643,
      "1948": 111.19287340906538,
      "1960": 155.16007110778946,
      "1962": 127.20643673088779,
      "1982": 91.25034139502127,
      "1988": 104.95819305570502,
      "1996": 126.72941527678586,
      "1998": 130.8396782754877,
      "2012": 134.84872661082795,
      "2018": 119.14507037653478,
      "2020": 117.56059481633567,
      "2028": 160.48206101155074,
      "2034": 209.9418673200979,
      "2052": 128.17425577307617,
      "2060": 166.3791437168273,
      "2068": 183.602938535795,
      "2070": 137.92348827063933,
      "2074": 183.6655203348284,
      "2104": 138.3788878986219,
      "2106": 118.2226841611436,
      "2116": 144.99902964502036,
      "2118": 130.06483858397561,
      "2154": 153.94105434314042,
      "2172": 124.25054737222361,
      "2174": 136.2684230465838,
      "2186": 224.69604752280674,
      "2204": 161.20934450235293,
      "2214": 106.1912924050473,
      "2238": 113.86988798495022,
      "2240": 98.78760016411886,
      "2254": 130.8086277860083,
      "2256": 121.2898755510528,
      "2268": 160.00950026900767,
      "2280": 111.65306973977816,
      "2310": 178.07451698230796,
      "2328": 151.37422209396559,
      "2334": 122.82767747332643,
      "2336": 150.41445016613645,
      "2362": 121.81356425734022,
      "2372": 192.69031697267118,
      "2374": 194.50622052496803,
      "2388": 156.95651589942477,
      "2402": 160.37849303310628,
      "2406": 175.49172514051764,
      "2418": 170.51221286821027,
      "2454": 122.69548255001135,
      "2474": 150.0564632225225,
      "2486": 182.40560576293763,
      "2498": 85.74758514104286,
      "2506": 127.08861839962402,
      "2526": 139.83267512260744,
      "2560": 136.52744789129622,
      "2566": 176.221406201287,
      "2578": 174.6139342966004,
      "2588": 181.01757198998175,
      "2594": 141.40976404422088,
      "2622": 158.61230343595363,
      "2638": 147.2163726558353,
      "2646": 70.93616753708544,
      "2648": 112.25859903831353,
      "2676": 148.9976443240491,
      "2736": 203.47671460918974,
      "2756": 192.39730167965374,
      "2770": 136.05863419010876,
      "2774": 130.47773278403764,
      "2784": 139.7742626940671,
      "2814": 194.88639054321533,
      "2818": 174.14771193767,
      "2878": 143.0527786735717,
      "2882": 125.92530665232174,
      "2921": 181.47834342201276,
      "2941": 154.675608654596,
      "2953": 149.57659298968636,
      "2963": 76.26622177682438,
      "2997": 155.05462898833963,
      "2999": 103.97509798959607,
      "3019": 137.61917567203818,
      "3035": 162.2138404008851,
      "3039": 200.60117951823375,
      "3045": 163.7030123564271,
      "3055": 144.40351173429366,
      "3093": 139.7895640920808,
      "3115": 128.48881185517666,
      "3179": 202.87782647185844,
      "3195": 116.57361503572437,
      "3199": 154.67524672606848,
      "3201": 101.80091302822026,
      "3213": 204.80866816514504,
      "3231": 191.0494247513076,
      "3247": 215.43633770252325,
      "3291": 110.26363849996694,
      "3301": 177.03523433305332,
      "3313": 141.05662952274622,
      "3317": 95.30148033030756,
      "3369": 112.99854052585609,
      "3383": 197.24934763126325,
      "3451": 155.62983728221604,
      "3505": 143.3671723802042,
      "3591": 88.76792113682718,
      "3607": 146.5568549886958,
      "3667": 184.43792403250376,
      "3779": 150.63746877927986,
      "3825": 124.39761978859379,
      "3883": 149.04157566517358,
      "4107": 219.01521607336107,
      "4137": 59.71082061570441,
      "4239": 156.77752055105856,
      "4263": 120.19192102516537,
      "4319": 178.8744848743553,
      "4363": 141.86896374053532,
      "4411": 148.1724935960941,
      "4601": 140.8443443572468,
      "4853": 138.80552044677435,
      "4947": 120.31389836047637,
      "4971": 152.9573060200916
    },
    "jet1_pt": {
      "2": 156.26034545898438,
      "4": 168.22380828857422,
      "6": 170.57452392578125,
      "8": 167.36389923095703,
      "10": 172.07862091064453,
      "12": 170.94895935058594,
      "14": 169.91114807128906,
      "16": 179.88128662109375,
      "18": 182.25027465820312,
      "20": 175.95498657226562,
      "22": 180.24628448486328,
      "24": 174.69249725341797,
      "26": 169.7029571533203,
      "28": 171.69039154052734,
      "30": 168.39793395996094,
      "32": 169.65228271484375,
      "34": 173.97135162353516,
      "36": 172.63270568847656,
      "38": 174.0770721435547,
      "40": 174.428955078125,
      "42": 178.41393280029297,
      "44": 172.9340057373047,
      "46": 167.3046417236328,
      "48": 163.6207733154297,
      "50": 168.6631317138672,
      "52": 169.7591323852539,
      "54": 168.45828247070312,
      "56": 159.50811767578125,
      "58": 162.25027465820312,
      "60": 170.6448211669922,
      "62": 166.01434326171875,
      "64": 164.23260498046875,
      "66": 177.7982635498047,
      "68": 164.123046875,
      "70": 167.07476806640625,
      "72": 169.8387451171875,
      "74": 169.63502502441406,
      "76": 165.36358642578125,
      "78": 166.1072998046875,
      "80": 156.91653442382812,
      "82": 172.41273498535156,
      "84": 170.99684143066406,
      "86": 169.50332641601562,
      "88": 169.03860473632812,
      "90": 171.14256286621094,
      "92": 163.40493774414062,
      "94": 149.54103088378906,
      "96": 165.46484375,
      "98": 166.05506134033203,
      "100": 163.78875732421875,
      "102": 156.99327850341797,
      "104": 161.03144073486328,
      "106": 174.09750366210938,
      "108": 173.19347381591797,
      "110": 167.76136016845703,
      "112": 160.71385192871094,
      "114": 157.14215087890625,
      "116": 172.3699951171875,
      "118": 170.39585876464844,
      "120": 151.16300201416016,
      "122": 152.12998962402344,
      "124": 167.2290802001953,
      "126": 152.72958374023438,
      "128": 163.3542251586914,
      "130": 165.5417022705078,
      "132": 162.12329864501953,
      "134": 163.55812072753906,
      "136": 170.00263214111328,
      "138": 158.908447265625,
      "140": 167.22007751464844,
      "142": 177.33526611328125,
      "144": 159.55703735351562,
      "146": 175.3639907836914,
      "148": 161.33712768554688,
      "150": 167.8221435546875,
      "152": 162.72996520996094,
      "154": 163.81468200683594,
      "156": 164.75579071044922,
      "158": 176.22665405273438,
      "160": 156.50169372558594,
      "162": 174.2289581298828,
      "164": 162.5479507446289,
      "166": 163.40805053710938,
      "168": 159.35143280029297,
      "170": 161.4161376953125,
      "172": 166.91236877441406,
      "174": 172.4600067138672,
      "176": 153.95130920410156,
      "178": 185.1551513671875,
      "180": 144.8948745727539,
      "182": 166.45804595947266,
      "184": 169.96109008789062,
      "186": 164.1771240234375,
      "188": 170.1279296875,
      "190": 160.64759826660156,
      "192": 155.4922332763672,
      "194": 167.9095916748047,
      "196": 166.01018524169922,
      "198": 171.2065658569336,
      "200": 159.18839263916016,
      "202": 158.21449279785156,
      "204": 154.0196533203125,
      "206": 156.4031524658203,
      "208": 164.6170883178711,
      "210": 167.73275756835938,
      "212": 157.37184143066406,
      "214": 165.68943786621094,
      "216": 159.8993911743164,
      "218": 175.03111267089844,
      "220": 164.927001953125,
      "222": 176.03460693359375,
      "224": 146.14498138427734,
      "226": 166.52565002441406,
      "228": 169.48302459716797,
      "230": 162.33218383789062,
      "232": 176.69962310791016,
      "234": 173.00869750976562,
      "236": 157.56253051757812,
      "238": 171.41602325439453,
      "240": 176.566162109375,
      "242": 163.9712142944336,
      "244": 162.1846160888672,
      "246": 172.4784927368164,
      "248": 173.5762481689453,
      "250": 157.47244262695312,
      "252": 157.95387268066406,
      "254": 163.13575744628906,
      "256": 153.2635498046875,
      "258": 175.52236938476562,
      "260": 152.02027893066406,
      "262": 148.31673431396484,
      "264": 169.60775756835938,
      "266": 164.00631713867188,
      "268": 163.78215789794922,
      "270": 158.57984924316406,
      "272": 154.42718505859375,
      "274": 148.2454071044922,
      "276": 152.54855346679688,
      "278": 147.26234436035156,
      "280": 154.1707000732422,
      "282": 159.71119689941406,
      "284": 164.88021850585938,
      "286": 163.23934936523438,
      "288": 159.59068298339844,
      "290": 172.8169708251953,
      "292": 170.81307983398438,
      "294": 156.53392028808594,
      "296": 160.50631713867188,
      "298": 160.1073455810547,
      "300": 175.1511001586914,
      "302": 160.0516128540039,
      "304": 167.08216857910156,
      "306": 159.75314331054688,
      "308": 149.00161743164062,
      "310": 165.9835205078125,
      "312": 171.15897369384766,
      "314": 172.5711669921875,
      "316": 145.69004821777344,
      "318": 159.2720489501953,
      "320": 169.19495391845703,
      "322": 181.37982177734375,
      "324": 158.36990356445312,
      "326": 161.23995971679688,
      "328": 164.8680419921875,
      "330": 142.85814666748047,
      "332": 180.21353149414062,
      "334": 174.08902740478516,
      "336": 149.16592407226562,
      "338": 165.21700286865234,
      "340": 158.37569427490234,
      "342": 151.2274169921875,
      "344": 164.41834259033203,
      "346": 158.85363006591797,
      "348": 158.8251953125,
      "350": 171.7898712158203,
      "352": 144.97055053710938,
      "354": 156.57997131347656,
      "356": 164.31336212158203,
      "358": 154.58314514160156,
      "360": 152.66973876953125,
      "362": 159.3850555419922,
      "364": 155.82968139648438,
      "366": 155.31747436523438,
      "368": 156.29403686523438,
      "370": 147.44766235351562,
      "372": 179.3433837890625,
      "374": 158.44039916992188,
      "376": 167.51560974121094,
      "378": 159.57271575927734,
      "380": 153.15443420410156,
      "382": 168.7835693359375,
      "384": 165.06182098388672,
      "386": 158.2179946899414,
      "388": 139.07870483398438,
      "390": 175.81985473632812,
      "392": 156.5442352294922,
      "394": 169.97933959960938,
      "396": 157.45513916015625,
      "398": 163.19464874267578,
      "400": 156.30289459228516,
      "402": 159.7522201538086,
      "404": 169.8357391357422,
      "406": 143.48825073242188,
      "408": 170.604248046875,
      "410": 176.28099060058594,
      "412": 186.9033660888672,
      "414": 191.7981414794922,
      "416": 157.62220764160156,
      "418": 161.85723876953125,
      "420": 159.51551818847656,
      "422": 150.2309341430664,
      "424": 174.7586669921875,
      "426": 185.82034301757812,
      "428": 169.49347686767578,
      "430": 149.67076110839844,
      "432": 159.18289184570312,
      "434": 176.13656616210938,
      "436": 156.64732360839844,
      "438": 166.7456817626953,
      "440": 166.01044464111328,
      "442": 163.58016204833984,
      "444": 185.7357940673828,
      "446": 161.4860076904297,
      "448": 163.4510498046875,
      "450": 147.25282287597656,
      "452": 187.58995056152344,
      "454": 159.75599670410156,
      "456": 159.7095947265625,
      "458": 188.26683044433594,
      "460": 160.28936767578125,
      "462": 162.83082580566406,
      "464": 144.22593688964844,
      "466": 168.98757934570312,
      "468": 134.24929809570312,
      "470": 169.84666442871094,
      "472": 136.68234252929688,
      "474": 145.80628204345703,
      "476": 141.52903747558594,
      "478": 162.98967742919922,
      "480": 142.40298461914062,
      "482": 149.2185516357422,
      "484": 151.05722045898438,
      "486": 125.97655487060547,
      "488": 147.3598175048828,
      "490": 183.42234802246094,
      "492": 153.18594360351562,
      "494": 162.72772216796875,
      "496": 194.25052642822266,
      "498": 158.13018798828125,
      "500": 157.4998550415039,
      "502": 150.96046447753906,
      "504": 165.61834716796875,
      "506": 197.84632110595703,
      "508": 172.43209075927734,
      "510": 166.218017578125,
      "512": 164.31455993652344,
      "514": 151.356201171875,
      "516": 150.11479949951172,
      "518": 150.7909164428711,
      "520": 136.39845275878906,
      "522": 178.0601043701172,
      "524": 162.19949340820312,
      "526": 153.44966888427734,
      "528": 140.24560546875,
      "530": 197.87943267822266,
      "532": 139.30621337890625,
      "534": 147.03321838378906,
      "536": 182.4520263671875,
      "538": 155.47223663330078,
      "540": 164.01425170898438,
      "542": 183.6708526611328,
      "544": 167.78904724121094,
      "546": 139.45494079589844,
      "548": 161.40773010253906,
      "550": 153.2798080444336,
      "552": 169.35613250732422,
      "554": 162.83379364013672,
      "556": 213.07437133789062,
      "558": 166.28048706054688,
      "560": 189.32144165039062,
      "562": 175.81472778320312,
      "564": 141.8695831298828,
      "566": 163.73875427246094,
      "568": 157.5187225341797,
      "570": 154.7996826171875,
      "572": 148.42970275878906,
      "574": 179.39971160888672,
      "576": 139.49757385253906,
      "578": 188.7440185546875,
      "580": 157.8086166381836,
      "582": 156.86961364746094,
      "584": 175.9011993408203,
      "586": 172.35592651367188,
      "588": 164.47796630859375,
      "590": 152.00794982910156,
      "592": 175.6889419555664,
      "594": 154.6501922607422,
      "596": 164.6003189086914,
      "598": 141.14478302001953,
      "600": 164.04066467285156,
      "602": 175.19586181640625,
      "604": 168.3400115966797,
      "606": 149.3442611694336,
      "608": 157.92425537109375,
      "610": 197.6999740600586,
      "612": 138.17984008789062,
      "614": 159.4017333984375,
      "616": 160.80267333984375,
      "618": 148.90464782714844,
      "620": 154.41596221923828,
      "622": 181.47116088867188,
      "624": 165.24493408203125,
      "626": 145.14288330078125,
      "628": 154.20309448242188,
      "630": 171.49374389648438,
      "632": 143.5661392211914,
      "634": 136.77964782714844,
      "636": 125.53091430664062,
      "638": 151.37071228027344,
      "640": 165.8367462158203,
      "642": 195.77577209472656,
      "644": 190.8682632446289,
      "646": 184.47817993164062,
      "648": 149.19493103027344,
      "650": 168.73995208740234,
      "652": 162.3857192993164,
      "654": 158.32701110839844,
      "656": 166.04135131835938,
      "658": 182.65634155273438,
      "660": 143.53167724609375,
      "662": 140.9819107055664,
      "664": 200.67312622070312,
      "666": 156.93289184570312,
      "668": 189.39105224609375,
      "670": 161.85023498535156,
      "672": 156.04827880859375,
      "674": 174.459228515625,
      "676": 182.6399383544922,
      "678": 187.2431640625,
      "680": 156.4191131591797,
      "682": 140.48635864257812,
      "684": 151.59429931640625,
      "686": 164.57958984375,
      "688": 131.64907836914062,
      "690": 140.7613296508789,
      "692": 175.57984924316406,
      "694": 159.23876953125,
      "696": 172.95975494384766,
      "698": 183.37328338623047,
      "700": 151.0899658203125,
      "702": 152.4877166748047,
      "704": 153.4959716796875,
      "706": 169.59657287597656,
      "708": 169.4078140258789,
      "710": 186.6281509399414,
      "712": 165.08810424804688,
      "714": 168.5838623046875,
      "716": 179.41650390625,
      "718": 145.84242248535156,
      "720": 166.1685791015625,
      "722": 216.05783081054688,
      "724": 229.47373962402344,
      "726": 178.24234771728516,
      "728": 149.46444702148438,
      "730": 134.54000854492188,
      "732": 162.8468780517578,
      "734": 140.15853881835938,
      "736": 174.63524627685547,
      "738": 152.51171875,
      "740": 120.38819885253906,
      "742": 185.35787963867188,
      "744": 169.05941772460938,
      "746": 149.30699157714844,
      "748": 135.7822608947754,
      "750": 145.13520050048828,
      "752": 177.56710815429688,
      "754": 153.83157348632812,
      "756": 177.02032470703125,
      "758": 152.05892944335938,
      "760": 147.9524688720703,
      "762": 167.07742309570312,
      "764": 142.30975341796875,
      "766": 144.1175079345703,
      "768": 166.3465576171875,
      "770": 182.69976806640625,
      "772": 162.1964874267578,
      "774": 168.32577514648438,
      "776": 145.9105987548828,
      "778": 205.09356689453125,
      "780": 196.5406036376953,
      "782": 175.68578338623047,
      "784": 153.9581756591797,
      "788": 152.19195556640625,
      "790": 141.49598693847656,
      "792": 209.8067169189453,
      "794": 168.89120483398438,
      "796": 153.3346710205078,
      "798": 173.67357635498047,
      "800": 130.2351303100586,
      "802": 142.5172576904297,
      "804": 187.0102767944336,
      "806": 183.95562744140625,
      "808": 152.79241180419922,
      "810": 168.83189392089844,
      "812": 184.78846740722656,
      "814": 143.0076141357422,
      "816": 165.93798828125,
      "818": 167.07059478759766,
      "820": 187.06053924560547,
      "822": 198.316162109375,
      "824": 165.34788513183594,
      "826": 154.3054656982422,
      "828": 153.03655242919922,
      "830": 148.0175323486328,
      "832": 165.4201889038086,
      "834": 157.68128967285156,
      "836": 164.02864837646484,
      "838": 196.16683959960938,
      "840": 174.36785125732422,
      "842": 168.71592712402344,
      "844": 161.39824676513672,
      "846": 190.31853485107422,
      "848": 147.52247619628906,
      "850": 158.60484313964844,
      "852": 179.26087951660156,
      "854": 143.12841796875,
      "856": 150.49082946777344,
      "858": 131.44430541992188,
      "860": 120.35464859008789,
      "862": 179.06216430664062,
      "864": 146.4949722290039,
      "866": 152.0558319091797,
      "868": 134.8175277709961,
      "870": 168.4639892578125,
      "872": 140.2164306640625,
      "874": 150.23672485351562,
      "876": 191.23403930664062,
      "878": 144.4706802368164,
      "880": 207.5059814453125,
      "882": 149.5309829711914,
      "884": 131.01304626464844,
      "886": 173.92205047607422,
      "888": 160.5688018798828,
      "890": 154.28620147705078,
      "892": 147.87901306152344,
      "894": 138.36290740966797,
      "896": 197.81622314453125,
      "898": 179.10774993896484,
      "900": 131.23461151123047,
      "902": 150.1583709716797,
      "904": 163.3648681640625,
      "906": 168.52452087402344,
      "908": 164.5845184326172,
      "910": 172.22604370117188,
      "912": 144.2088623046875,
      "914": 169.61431884765625,
      "916": 151.66302490234375,
      "918": 134.2769012451172,
      "920": 162.4976806640625,
      "922": 148.76571655273438,
      "924": 205.3423309326172,
      "926": 145.74899291992188,
      "928": 182.26006317138672,
      "930": 202.21197509765625,
      "932": 165.3832550048828,
      "934": 149.99755859375,
      "936": 184.27099609375,
      "938": 153.70816040039062,
      "940": 172.9620361328125,
      "944": 165.90541076660156,
      "946": 150.88790130615234,
      "948": 192.37612915039062,
      "950": 154.93560791015625,
      "952": 140.40761947631836,
      "954": 129.5958251953125,
      "956": 141.1390380859375,
      "958": 151.3206329345703,
      "960": 157.34384155273438,
      "962": 150.90764617919922,
      "964": 133.80872344970703,
      "966": 123.97418212890625,
      "968": 152.48440551757812,
      "974": 128.20170211791992,
      "976": 155.04107666015625,
      "978": 135.85568237304688,
      "980": 149.0589599609375,
      "982": 153.4071044921875,
      "984": 156.51275634765625,
      "986": 142.09310913085938,
      "988": 169.49293518066406,
      "990": 164.16885375976562,
      "992": 155.58506774902344,
      "994": 178.3821029663086,
      "996": 145.53236389160156,
      "998": 209.10565185546875,
      "1000": 129.03968811035156,
      "1002": 180.31259155273438,
      "1004": 194.50515747070312,
      "1006": 146.46004486083984,
      "1008": 171.200927734375,
      "1010": 178.1023406982422,
      "1012": 189.8563690185547,
      "1014": 163.3944091796875,
      "1016": 200.61617279052734,
      "1018": 143.23455047607422,
      "1020": 172.19203186035156,
      "1022": 166.5998077392578,
      "1026": 195.1165008544922,
      "1028": 134.1193389892578,
      "1030": 168.54517364501953,
      "1032": 179.47610473632812,
      "1034": 190.1833724975586,
      "1036": 138.2296142578125,
      "1038": 177.60438537597656,
      "1042": 208.63958740234375,
      "1044": 150.48519897460938,
      "1046": 156.81326293945312,
      "1048": 150.14361572265625,
      "1050": 156.1555633544922,
      "1052": 173.46282958984375,
      "1054": 169.53276824951172,
      "1056": 165.14540100097656,
      "1058": 160.39818572998047,
      "1060": 154.88897705078125,
      "1064": 159.14256286621094,
      "1066": 141.8583984375,
      "1068": 153.79178619384766,
      "1070": 177.44003295898438,
      "1072": 165.8603515625,
      "1074": 150.80560302734375,
      "1082": 172.0752716064453,
      "1084": 181.0171661376953,
      "1090": 141.87484741210938,
      "1092": 197.79279327392578,
      "1094": 192.5901870727539,
      "1096": 187.5580291748047,
      "1100": 160.20342254638672,
      "1102": 180.06715393066406,
      "1104": 183.6405792236328,
      "1106": 153.98995971679688,
      "1108": 153.37261962890625,
      "1110": 163.0781478881836,
      "1112": 189.9588165283203,
      "1114": 173.65655517578125,
      "1116": 173.04592895507812,
      "1118": 171.2081298828125,
      "1120": 157.78140258789062,
      "1124": 143.29196548461914,
      "1126": 179.74205780029297,
      "1128": 182.71812438964844,
      "1130": 188.45147705078125,
      "1132": 122.6388931274414,
      "1134": 123.24467086791992,
      "1138": 169.4359893798828,
      "1140": 172.7684326171875,
      "1142": 137.59624481201172,
      "1144": 200.87757873535156,
      "1146": 147.65380096435547,
      "1148": 161.41397857666016,
      "1150": 149.33834838867188,
      "1152": 184.18124389648438,
      "1154": 176.90284729003906,
      "1156": 287.30328369140625,
      "1158": 140.37124633789062,
      "1160": 168.97808837890625,
      "1162": 193.54428100585938,
      "1164": 181.7140655517578,
      "1166": 140.03907775878906,
      "1168": 137.5926971435547,
      "1172": 130.83607864379883,
      "1174": 161.4116668701172,
      "1176": 163.19143676757812,
      "1178": 144.79583740234375,
      "1182": 213.13766479492188,
      "1184": 159.8530044555664,
      "1186": 186.89913940429688,
      "1188": 151.05267333984375,
      "1190": 158.4370880126953,
      "1194": 196.0239486694336,
      "1198": 139.5927734375,
      "1200": 169.54127502441406,
      "1204": 190.833740234375,
      "1206": 122.24552536010742,
      "1208": 172.38888549804688,
      "1210": 171.43905639648438,
      "1212": 156.6731719970703,
      "1214": 174.59750366210938,
      "1216": 134.54656982421875,
      "1218": 147.96859741210938,
      "1220": 141.639892578125,
      "1224": 178.74298095703125,
      "1226": 172.41871643066406,
      "1228": 190.65767669677734,
      "1230": 133.3896255493164,
      "1232": 152.39967346191406,
      "1234": 158.2682113647461,
      "1236": 137.5938262939453,
      "1238": 166.03311157226562,
      "1240": 124.04052352905273,
      "1244": 149.11150360107422,
      "1246": 131.2317657470703,
      "1248": 172.56114196777344,
      "1250": 172.5063018798828,
      "1252": 168.24901580810547,
      "1258": 142.61624908447266,
      "1260": 155.7063751220703,
      "1262": 190.17550659179688,
      "1272": 187.42715454101562,
      "1274": 150.13352966308594,
      "1278": 243.0054473876953,
      "1282": 182.4058074951172,
      "1286": 152.1871795654297,
      "1288": 167.930908203125,
      "1290": 168.43058013916016,
      "1292": 150.8914566040039,
      "1294": 156.29651641845703,
      "1296": 198.3852996826172,
      "1298": 172.99758911132812,
      "1304": 190.6640167236328,
      "1306": 186.77386474609375,
      "1308": 214.89112854003906,
      "1310": 151.97030639648438,
      "1314": 146.9146728515625,
      "1316": 141.76519775390625,
      "1318": 146.1359634399414,
      "1322": 127.67317199707031,
      "1326": 176.42747497558594,
      "1328": 186.141845703125,
      "1330": 173.34317016601562,
      "1334": 192.682373046875,
      "1336": 184.73345947265625,
      "1340": 147.71664428710938,
      "1342": 163.24028778076172,
      "1344": 149.8751983642578,
      "1346": 155.8711929321289,
      "1348": 209.08718872070312,
      "1350": 199.53919219970703,
      "1352": 188.42011260986328,
      "1354": 172.51583862304688,
      "1358": 152.64320373535156,
      "1360": 188.99288940429688,
      "1362": 143.3727264404297,
      "1366": 212.9725570678711,
      "1368": 142.57374572753906,
      "1370": 157.97026824951172,
      "1372": 251.4031219482422,
      "1374": 143.68649291992188,
      "1376": 176.33599853515625,
      "1378": 250.89398193359375,
      "1380": 189.58424377441406,
      "1386": 161.96826171875,
      "1388": 150.260009765625,
      "1390": 200.7626953125,
      "1392": 268.81734466552734,
      "1394": 142.5619773864746,
      "1398": 217.11813354492188,
      "1400": 164.88217163085938,
      "1402": 178.15185546875,
      "1404": 175.89132690429688,
      "1406": 153.59869384765625,
      "1410": 107.76859283447266,
      "1412": 141.27146911621094,
      "1414": 176.01219940185547,
      "1416": 141.94650268554688,
      "1418": 228.1007080078125,
      "1422": 150.8639373779297,
      "1424": 212.56556701660156,
      "1426": 157.75763702392578,
      "1428": 159.49484252929688,
      "1430": 165.37885284423828,
      "1434": 155.04852294921875,
      "1436": 160.51443481445312,
      "1440": 181.7176971435547,
      "1450": 182.95958709716797,
      "1452": 159.2210235595703,
      "1454": 190.12318420410156,
      "1456": 147.5448989868164,
      "1458": 161.0567626953125,
      "1460": 180.3028564453125,
      "1464": 171.61973571777344,
      "1466": 246.94026947021484,
      "1468": 156.59768676757812,
      "1472": 157.9600830078125,
      "1474": 213.08065795898438,
      "1476": 137.80038452148438,
      "1478": 138.7556915283203,
      "1480": 153.68212890625,
      "1482": 156.63436889648438,
      "1486": 175.76210021972656,
      "1490": 177.37869262695312,
      "1492": 146.8714141845703,
      "1498": 156.8660125732422,
      "1504": 213.29293823242188,
      "1506": 108.87759399414062,
      "1508": 170.76891326904297,
      "1510": 148.31548309326172,
      "1512": 136.2451629638672,
      "1518": 221.68470764160156,
      "1520": 157.35386657714844,
      "1522": 181.2742919921875,
      "1528": 157.75865173339844,
      "1534": 134.68077087402344,
      "1542": 178.06651306152344,
      "1548": 118.32851791381836,
      "1552": 148.5960693359375,
      "1554": 143.75137329101562,
      "1558": 176.8344497680664,
      "1562": 118.5344352722168,
      "1564": 149.59967803955078,
      "1566": 162.95763397216797,
      "1568": 220.50306701660156,
      "1570": 199.0492935180664,
      "1574": 191.95684814453125,
      "1576": 141.1751251220703,
      "1582": 142.7243881225586,
      "1586": 168.837890625,
      "1590": 167.29623413085938,
      "1594": 187.83621215820312,
      "1596": 131.35669326782227,
      "1604": 189.79627990722656,
      "1606": 196.57254791259766,
      "1616": 187.217529296875,
      "1620": 154.8796844482422,
      "1622": 166.01739501953125,
      "1624": 131.3934783935547,
      "1626": 150.8571548461914,
      "1630": 165.5472640991211,
      "1634": 188.82249450683594,
      "1636": 145.8375015258789,
      "1638": 156.71389770507812,
      "1642": 169.3089599609375,
      "1644": 188.06927490234375,
      "1646": 112.63348388671875,
      "1652": 147.5045928955078,
      "1654": 123.68073272705078,
      "1660": 167.521484375,
      "1666": 149.20065307617188,
      "1672": 183.21224975585938,
      "1674": 156.1545867919922,
      "1688": 132.71185302734375,
      "1694": 129.38708114624023,
      "1700": 189.66336059570312,
      "1702": 168.0450897216797,
      "1710": 143.9862823486328,
      "1718": 151.0911636352539,
      "1720": 174.3577880859375,
      "1722": 205.5406494140625,
      "1726": 145.54685974121094,
      "1734": 245.49895477294922,
      "1738": 209.1058349609375,
      "1742": 167.17245483398438,
      "1744": 179.06230926513672,
      "1752": 134.91748046875,
      "1754": 220.0736846923828,
      "1764": 144.3567657470703,
      "1784": 149.69261169433594,
      "1790": 177.10130310058594,
      "1798": 124.21307754516602,
      "1802": 258.0986633300781,
      "1812": 176.0445785522461,
      "1816": 163.76080322265625,
      "1830": 143.22328186035156,
      "1848": 154.39846801757812,
      "1850": 165.87925720214844,
      "1854": 115.15992736816406,
      "1858": 142.20513153076172,
      "1862": 158.8243865966797,
      "1866": 145.06427001953125,
      "1874": 231.39266204833984,
      "1876": 140.26720428466797,
      "1878": 148.28028869628906,
      "1882": 133.16490173339844,
      "1890": 226.3017578125,
      "1892": 136.83999633789062,
      "1894": 135.08660888671875,
      "1896": 115.40359497070312,
      "1898": 185.5606231689453,
      "1900": 188.21617126464844,
      "1902": 208.7633056640625,
      "1910": 181.689208984375,
      "1914": 185.37660217285156,
      "1928": 130.20535278320312,
      "1932": 143.43594360351562,
      "1934": 106.1567611694336,
      "1940": 134.13719177246094,
      "1946": 146.9621124267578,
      "1948": 173.56658935546875,
      "1960": 137.54640197753906,
      "1962": 192.60160064697266,
      "1982": 137.08897399902344,
      "1988": 156.47373962402344,
      "1996": 220.84596252441406,
      "1998": 165.95909118652344,
      "2012": 155.49364471435547,
      "2018": 178.89004516601562,
      "2020": 173.3624725341797,
      "2028": 166.56712341308594,
      "2034": 191.87213134765625,
      "2052": 171.8423309326172,
      "2060": 117.76898956298828,
      "2068": 164.94869995117188,
      "2070": 241.99073791503906,
      "2074": 151.70657348632812,
      "2104": 153.5032501220703,
      "2106": 151.93487167358398,
      "2116": 156.5869598388672,
      "2118": 156.5063934326172,
      "2154": 189.7120819091797,
      "2172": 204.6534423828125,
      "2174": 127.86924743652344,
      "2186": 221.25132751464844,
      "2204": 158.65484619140625,
      "2214": 125.0263442993164,
      "2238": 137.8325653076172,
      "2240": 144.24542236328125,
      "2254": 190.7887420654297,
      "2256": 192.65904998779297,
      "2268": 163.00572967529297,
      "2280": 154.0233612060547,
      "2310": 169.6775131225586,
      "2328": 140.60826110839844,
      "2334": 108.36438751220703,
      "2336": 168.17478942871094,
      "2362": 115.42891693115234,
      "2372": 183.87100219726562,
      "2374": 209.54122924804688,
      "2388": 169.81228637695312,
      "2402": 164.39852905273438,
      "2406": 153.8472442626953,
      "2418": 171.91732788085938,
      "2454": 141.07373046875,
      "2474": 142.6873779296875,
      "2486": 165.21653747558594,
      "2498": 131.69228744506836,
      "2506": 149.418212890625,
      "2526": 145.7844696044922,
      "2560": 147.46139526367188,
      "2566": 179.69577026367188,
      "2578": 155.88804626464844,
      "2588": 171.80377197265625,
      "2594": 166.02629852294922,
      "2622": 162.00621032714844,
      "2638": 199.07833099365234,
      "2646": 135.12713623046875,
      "2648": 183.95326232910156,
      "2676": 136.84923553466797,
      "2736": 226.84022521972656,
      "2756": 161.0578155517578,
      "2770": 158.7141571044922,
      "2774": 133.72557067871094,
      "2784": 133.75140380859375,
      "2814": 194.6292724609375,
      "2818": 210.16587829589844,
      "2878": 159.4165802001953,
      "2882": 167.7378387451172,
      "2921": 162.13356018066406,
      "2941": 181.7113494873047,
      "2953": 183.2743682861328,
      "2963": 144.0294647216797,
      "2997": 116.67747497558594,
      "2999": 147.869140625,
      "3019": 196.5958251953125,
      "3035": 159.964599609375,
      "3039": 215.63473510742188,
      "3045": 178.81295776367188,
      "3055": 206.24009704589844,
      "3093": 128.98184967041016,
      "3115": 197.9881591796875,
      "3179": 206.97183227539062,
      "3195": 168.3813018798828,
      "3199": 132.30123901367188,
      "3201": 160.1144256591797,
      "3213": 202.8454132080078,
      "3231": 157.3653564453125,
      "3247": 246.73665618896484,
      "3291": 151.256103515625,
      "3301": 116.6368408203125,
      "3313": 211.26909637451172,
      "3317": 162.47972106933594,
      "3369": 187.65708923339844,
      "3383": 192.65737915039062,
      "3451": 200.43775939941406,
      "3505": 179.5162811279297,
      "3591": 135.73220825195312,
      "3607": 166.91831970214844,
      "3667": 184.8691177368164,
      "3779": 116.71944427490234,
      "3825": 211.30520629882812,
      "3883": 154.04910278320312,
      "4107": 181.94110107421875,
      "4137": 156.79403686523438,
      "4239": 139.3904571533203,
      "4263": 170.32847595214844,
      "4319": 204.68084716796875,
      "4363": 171.14219665527344,
      "4411": 172.832763671875,
      "4601": 179.46994018554688,
      "4853": 196.43190002441406,
      "4947": 226.9956817626953,
      "4971": 207.67697143554688
    },
    "jet2_pt": {
      "2": 108.18193817138672,
      "4": 115.50106048583984,
      "6": 119.2906494140625,
      "8": 119.4288101196289,
      "10": 118.33249282836914,
      "12": 121.89512634277344,
      "14": 120.67293548583984,
      "16": 128.63851928710938,
      "18": 118.6170425415039,
      "20": 123.1147232055664,
      "22": 119.75262832641602,
      "24": 118.64947891235352,
      "26": 121.67046356201172,
      "28": 118.8091049194336,
      "30": 115.4930419921875,
      "32": 118.08406829833984,
      "34": 121.17280960083008,
      "36": 121.4931755065918,
      "38": 115.03756713867188,
      "40": 120.17639923095703,
      "42": 117.57097244262695,
      "44": 116.70207595825195,
      "46": 122.83985137939453,
      "48": 116.21350479125977,
      "50": 119.53780746459961,
      "52": 116.29412460327148,
      "54": 116.96775436401367,
      "56": 113.43343353271484,
      "58": 119.95937728881836,
      "60": 111.73358917236328,
      "62": 113.29740905761719,
      "64": 111.90821075439453,
      "66": 124.65703964233398,
      "68": 111.99813079833984,
      "70": 113.44489288330078,
      "72": 111.62274551391602,
      "74": 111.58028411865234,
      "76": 113.66376495361328,
      "78": 119.32454681396484,
      "80": 113.22222137451172,
      "82": 116.56459045410156,
      "84": 108.83140563964844,
      "86": 118.03988647460938,
      "88": 109.37758255004883,
      "90": 110.11410522460938,
      "92": 106.03665161132812,
      "94": 107.75623321533203,
      "96": 113.07281112670898,
      "98": 120.72229766845703,
      "100": 116.22220230102539,
      "102": 111.99157333374023,
      "104": 110.31509780883789,
      "106": 109.26274108886719,
      "108": 113.99719619750977,
      "110": 108.96963500976562,
      "112": 109.07516098022461,
      "114": 106.80976867675781,
      "116": 114.09644317626953,
      "118": 123.0931625366211,
      "120": 107.1511344909668,
      "122": 113.85358428955078,
      "124": 105.3730583190918,
      "126": 107.99623107910156,
      "128": 111.4937973022461,
      "130": 115.54380416870117,
      "132": 113.52109909057617,
      "134": 110.98753356933594,
      "136": 111.52101516723633,
      "138": 103.89603042602539,
      "140": 115.81421279907227,
      "142": 122.65934753417969,
      "144": 103.0739974975586,
      "146": 130.02862548828125,
      "148": 112.50511169433594,
      "150": 118.98509979248047,
      "152": 115.22888946533203,
      "154": 109.11626434326172,
      "156": 108.88615417480469,
      "158": 117.8086051940918,
      "160": 104.10109329223633,
      "162": 111.71914291381836,
      "164": 102.21965789794922,
      "166": 115.19013214111328,
      "168": 109.97693252563477,
      "170": 109.19384765625,
      "172": 114.61713409423828,
      "174": 108.64449310302734,
      "176": 105.94263458251953,
      "178": 111.7600326538086,
      "180": 101.2910041809082,
      "182": 107.33354568481445,
      "184": 119.3792495727539,
      "186": 109.69817352294922,
      "188": 109.67590713500977,
      "190": 119.29893493652344,
      "192": 106.13019561767578,
      "194": 110.66140747070312,
      "196": 115.2216682434082,
      "198": 109.17052459716797,
      "200": 117.62125015258789,
      "202": 119.29088973999023,
      "204": 112.44009017944336,
      "206": 107.09681701660156,
      "208": 121.6715316772461,
      "210": 118.30786895751953,
      "212": 107.74158477783203,
      "214": 119.87395477294922,
      "216": 113.70764541625977,
      "218": 113.72920989990234,
      "220": 114.95993041992188,
      "222": 114.33499145507812,
      "224": 106.89796829223633,
      "226": 108.98204803466797,
      "228": 106.31528091430664,
      "230": 101.96578216552734,
      "232": 112.61474227905273,
      "234": 105.40245056152344,
      "236": 101.3560562133789,
      "238": 109.52994537353516,
      "240": 121.14157104492188,
      "242": 121.11384963989258,
      "244": 117.03882598876953,
      "246": 111.06465148925781,
      "248": 117.84014892578125,
      "250": 110.63002014160156,
      "252": 104.096435546875,
      "254": 119.9446029663086,
      "256": 108.28689193725586,
      "258": 104.7516860961914,
      "260": 116.0963134765625,
      "262": 114.79874801635742,
      "264": 105.89573669433594,
      "266": 118.24598693847656,
      "268": 112.7952766418457,
      "270": 101.62346649169922,
      "272": 115.49578475952148,
      "274": 109.7064208984375,
      "276": 116.79447937011719,
      "278": 100.88075256347656,
      "280": 113.25574493408203,
      "282": 121.82361221313477,
      "284": 110.107421875,
      "286": 122.86322784423828,
      "288": 120.03520202636719,
      "290": 110.16505432128906,
      "292": 115.18900299072266,
      "294": 110.67686462402344,
      "296": 110.75132751464844,
      "298": 109.74195098876953,
      "300": 122.282958984375,
      "302": 105.0909652709961,
      "304": 103.81980514526367,
      "306": 108.077880859375,
      "308": 93.42884063720703,
      "310": 105.16425323486328,
      "312": 110.59466171264648,
      "314": 119.24066162109375,
      "316": 113.41806030273438,
      "318": 104.00079727172852,
      "320": 128.72443008422852,
      "322": 108.99793243408203,
      "324": 108.60770797729492,
      "326": 105.95738983154297,
      "328": 119.61087799072266,
      "330": 111.12970733642578,
      "332": 113.34401321411133,
      "334": 113.05567169189453,
      "336": 102.78489303588867,
      "338": 106.9002914428711,
      "340": 112.61107635498047,
      "342": 107.3951644897461,
      "344": 123.52829360961914,
      "346": 106.39273834228516,
      "348": 118.96865844726562,
      "350": 115.20062255859375,
      "352": 100.65417861938477,
      "354": 109.26802062988281,
      "356": 119.66826629638672,
      "358": 105.0182113647461,
      "360": 120.16735076904297,
      "362": 116.71295547485352,
      "364": 108.16720581054688,
      "366": 104.18687438964844,
      "368": 102.16253662109375,
      "370": 103.76263427734375,
      "372": 130.0327606201172,
      "374": 110.69908142089844,
      "376": 116.96571350097656,
      "378": 104.87505722045898,
      "380": 112.60485076904297,
      "382": 120.54402160644531,
      "384": 119.64035415649414,
      "386": 108.70944595336914,
      "388": 106.09192657470703,
      "390": 114.18526077270508,
      "392": 97.2168960571289,
      "394": 139.89995574951172,
      "396": 119.1874008178711,
      "398": 105.33832550048828,
      "400": 113.33047485351562,
      "402": 99.9602279663086,
      "404": 112.36137390136719,
      "406": 101.6187973022461,
      "408": 116.85293579101562,
      "410": 129.26144409179688,
      "412": 116.24585723876953,
      "414": 110.79088592529297,
      "416": 133.00587463378906,
      "418": 119.0469970703125,
      "420": 120.82408142089844,
      "422": 99.22665405273438,
      "424": 124.81220245361328,
      "426": 116.21662139892578,
      "428": 105.30395889282227,
      "430": 112.04855346679688,
      "432": 112.20506286621094,
      "434": 125.12435150146484,
      "436": 101.6560287475586,
      "438": 116.64439392089844,
      "440": 106.1099853515625,
      "442": 112.95648956298828,
      "444": 115.47640991210938,
      "446": 100.25469207763672,
      "448": 99.05268859863281,
      "450": 101.24285125732422,
      "452": 118.11482238769531,
      "454": 119.7500228881836,
      "456": 106.67874145507812,
      "458": 106.41583251953125,
      "460": 109.61702728271484,
      "462": 101.99932861328125,
      "464": 100.51141357421875,
      "466": 114.45998001098633,
      "468": 100.76454162597656,
      "470": 112.13391876220703,
      "472": 110.11659240722656,
      "474": 114.35710906982422,
      "476": 102.94577026367188,
      "478": 105.3985824584961,
      "480": 111.3642578125,
      "482": 106.87460327148438,
      "484": 118.72693252563477,
      "486": 105.88243103027344,
      "488": 117.80384063720703,
      "490": 163.45309448242188,
      "492": 94.70006561279297,
      "494": 114.01813888549805,
      "496": 113.00725555419922,
      "498": 109.00117492675781,
      "500": 125.51759719848633,
      "502": 109.15962982177734,
      "504": 117.23954772949219,
      "506": 119.68120193481445,
      "508": 120.08170318603516,
      "510": 101.98067474365234,
      "512": 122.20086669921875,
      "514": 106.21585083007812,
      "516": 110.44589233398438,
      "518": 109.11287689208984,
      "520": 99.92980194091797,
      "522": 104.24405670166016,
      "524": 126.97828674316406,
      "526": 117.00088882446289,
      "528": 101.48454666137695,
      "530": 122.02040100097656,
      "532": 105.39373016357422,
      "534": 104.953125,
      "536": 121.73453140258789,
      "538": 110.13934707641602,
      "540": 115.74752807617188,
      "542": 117.91236877441406,
      "544": 103.27632904052734,
      "546": 105.65369415283203,
      "548": 116.52877807617188,
      "550": 116.93381118774414,
      "552": 127.55193328857422,
      "554": 115.59161758422852,
      "556": 121.74263000488281,
      "558": 118.9934310913086,
      "560": 138.30126190185547,
      "562": 124.77396011352539,
      "564": 123.33885192871094,
      "566": 124.38004302978516,
      "568": 112.12077331542969,
      "570": 120.41660690307617,
      "572": 122.63147735595703,
      "574": 138.10923767089844,
      "576": 99.5251235961914,
      "578": 121.7104377746582,
      "580": 105.83309555053711,
      "582": 109.4662971496582,
      "584": 116.09001159667969,
      "586": 121.9792709350586,
      "588": 127.45520401000977,
      "590": 115.5479507446289,
      "592": 137.08492279052734,
      "594": 90.65731811523438,
      "596": 109.19514846801758,
      "598": 97.25733184814453,
      "600": 101.35012817382812,
      "602": 140.27893829345703,
      "604": 104.36570739746094,
      "606": 113.28634262084961,
      "608": 140.02569580078125,
      "610": 121.8736457824707,
      "612": 110.664794921875,
      "614": 130.2172393798828,
      "616": 110.98589324951172,
      "618": 107.55038070678711,
      "620": 106.63599014282227,
      "622": 128.61727905273438,
      "624": 111.02021789550781,
      "626": 112.93633270263672,
      "628": 98.75602340698242,
      "630": 107.44331359863281,
      "632": 95.2763786315918,
      "634": 110.14573669433594,
      "636": 123.99385833740234,
      "638": 99.27078247070312,
      "640": 113.12435150146484,
      "642": 124.4335823059082,
      "644": 119.496337890625,
      "646": 150.37098693847656,
      "648": 102.44816589355469,
      "650": 125.34684371948242,
      "652": 111.22079849243164,
      "654": 126.35896301269531,
      "656": 118.30741882324219,
      "658": 115.29161071777344,
      "660": 113.43107223510742,
      "662": 102.11896514892578,
      "664": 125.69032287597656,
      "666": 108.37999725341797,
      "668": 96.46550369262695,
      "670": 104.81061553955078,
      "672": 127.58208465576172,
      "674": 104.94939041137695,
      "676": 134.18392944335938,
      "678": 108.06791687011719,
      "680": 115.09632110595703,
      "682": 97.83881378173828,
      "684": 100.12722778320312,
      "686": 119.31222534179688,
      "688": 101.33748245239258,
      "690": 110.03655242919922,
      "692": 104.69281005859375,
      "694": 102.3552474975586,
      "696": 111.06305313110352,
      "698": 127.58304214477539,
      "700": 105.39755249023438,
      "702": 122.41854095458984,
      "704": 113.95706176757812,
      "706": 122.5761833190918,
      "708": 102.74608993530273,
      "710": 131.01984405517578,
      "712": 128.6954345703125,
      "714": 112.62928771972656,
      "716": 109.3519401550293,
      "718": 110.5844497680664,
      "720": 110.39945220947266,
      "722": 133.8606719970703,
      "724": 135.1419677734375,
      "726": 146.3948211669922,
      "728": 99.3326187133789,
      "730": 107.73262786865234,
      "732": 95.67872619628906,
      "734": 96.4612808227539,
      "736": 131.44215393066406,
      "738": 95.908935546875,
      "740": 115.5294418334961,
      "742": 111.02593231201172,
      "744": 113.629150390625,
      "746": 105.29592895507812,
      "748": 99.32363510131836,
      "750": 92.76578521728516,
      "752": 109.98170471191406,
      "754": 95.7060546875,
      "756": 100.17559051513672,
      "758": 107.31644439697266,
      "760": 103.32052612304688,
      "762": 119.38449478149414,
      "764": 108.93089294433594,
      "766": 111.99378967285156,
      "768": 107.28400421142578,
      "770": 139.69976806640625,
      "772": 105.67115783691406,
      "774": 118.68875885009766,
      "776": 115.37002944946289,
      "778": 132.5324249267578,
      "780": 123.77924346923828,
      "782": 120.4150505065918,
      "784": 122.8395004272461,
      "788": 108.68486404418945,
      "790": 104.19622802734375,
      "792": 165.28457641601562,
      "794": 129.4761085510254,
      "796": 96.62056350708008,
      "798": 105.11046981811523,
      "800": 98.4317855834961,
      "802": 112.78768157958984,
      "804": 130.3889389038086,
      "806": 114.52396392822266,
      "808": 111.64441680908203,
      "810": 114.53789520263672,
      "812": 124.12424850463867,
      "814": 102.00623321533203,
      "816": 116.89936065673828,
      "818": 114.67788314819336,
      "820": 146.0926284790039,
      "822": 126.71086883544922,
      "824": 95.30104446411133,
      "826": 109.68986511230469,
      "828": 111.37868881225586,
      "830": 114.16490936279297,
      "832": 104.2126235961914,
      "834": 123.3327407836914,
      "836": 113.92062377929688,
      "838": 114.11762237548828,
      "840": 125.35469436645508,
      "842": 94.99517059326172,
      "844": 108.64075469970703,
      "846": 122.14501953125,
      "848": 106.48515319824219,
      "850": 104.43452453613281,
      "852": 137.34817504882812,
      "854": 92.04751586914062,
      "856": 108.3272590637207,
      "858": 96.42047119140625,
      "860": 89.18620300292969,
      "862": 129.1762237548828,
      "864": 113.4189338684082,
      "866": 109.16751861572266,
      "868": 128.21981048583984,
      "870": 115.83775329589844,
      "872": 95.7200927734375,
      "874": 134.028076171875,
      "876": 103.94485473632812,
      "878": 110.96202850341797,
      "880": 169.35668182373047,
      "882": 97.17837905883789,
      "884": 124.14391708374023,
      "886": 107.4233169555664,
      "888": 96.37796783447266,
      "890": 99.12950897216797,
      "892": 103.67979431152344,
      "894": 101.21417999267578,
      "896": 107.9299087524414,
      "898": 136.64318466186523,
      "900": 99.02830123901367,
      "902": 110.33858489990234,
      "904": 144.08846282958984,
      "906": 102.7513656616211,
      "908": 108.20252990722656,
      "910": 128.15887451171875,
      "912": 107.80081176757812,
      "914": 109.78256225585938,
      "916": 107.26178741455078,
      "918": 93.7515640258789,
      "920": 99.21603393554688,
      "922": 112.10912322998047,
      "924": 152.34632873535156,
      "926": 108.53648376464844,
      "928": 145.5547637939453,
      "930": 120.93177795410156,
      "932": 132.7127456665039,
      "934": 127.74887084960938,
      "936": 117.78394317626953,
      "938": 92.9472885131836,
      "940": 125.4786605834961,
      "944": 116.75004577636719,
      "946": 95.2150993347168,
      "948": 109.70613861083984,
      "950": 125.61790466308594,
      "952": 106.26036834716797,
      "954": 87.96744537353516,
      "956": 132.3311004638672,
      "958": 114.32125854492188,
      "960": 97.9273681640625,
      "962": 94.37013626098633,
      "964": 97.56788635253906,
      "966": 95.10922241210938,
      "968": 112.09651565551758,
      "974": 102.69625091552734,
      "976": 110.51937103271484,
      "978": 111.64252853393555,
      "980": 122.94398498535156,
      "982": 106.54730987548828,
      "984": 121.3661117553711,
      "986": 125.97087097167969,
      "988": 126.5722885131836,
      "990": 127.66482543945312,
      "992": 117.20055389404297,
      "994": 103.49310684204102,
      "996": 109.03410720825195,
      "998": 133.13409423828125,
      "1000": 119.73367309570312,
      "1002": 108.8858528137207,
      "1004": 137.36293029785156,
      "1006": 108.9459228515625,
      "1008": 106.47772216796875,
      "1010": 128.22213745117188,
      "1012": 101.03092956542969,
      "1014": 95.71166229248047,
      "1016": 113.40779495239258,
      "1018": 99.38006210327148,
      "1020": 105.20238494873047,
      "1022": 110.61266708374023,
      "1026": 116.00611877441406,
      "1028": 98.33813858032227,
      "1030": 125.05866241455078,
      "1032": 115.56353759765625,
      "1034": 149.60093688964844,
      "1036": 111.62113571166992,
      "1038": 110.4769058227539,
      "1042": 129.0552215576172,
      "1044": 122.907958984375,
      "1046": 117.66212463378906,
      "1048": 93.57511138916016,
      "1050": 110.15169525146484,
      "1052": 105.00946807861328,
      "1054": 99.13481140136719,
      "1056": 90.80559921264648,
      "1058": 118.75691604614258,
      "1060": 135.0880584716797,
      "1064": 112.76660919189453,
      "1066": 107.99200439453125,
      "1068": 115.15497589111328,
      "1070": 132.74656677246094,
      "1072": 115.36887741088867,
      "1074": 150.7045135498047,
      "1082": 111.95965194702148,
      "1084": 133.7017059326172,
      "1090": 105.41769027709961,
      "1092": 128.1139259338379,
      "1094": 131.90510177612305,
      "1096": 146.4257583618164,
      "1100": 92.82251739501953,
      "1102": 131.55389404296875,
      "1104": 155.4915313720703,
      "1106": 102.60462951660156,
      "1108": 113.51961898803711,
      "1110": 119.47747421264648,
      "1112": 134.63490295410156,
      "1114": 151.75430297851562,
      "1116": 106.80416870117188,
      "1118": 108.86959075927734,
      "1120": 117.06806945800781,
      "1124": 136.1465721130371,
      "1126": 116.46348571777344,
      "1128": 126.2988052368164,
      "1130": 117.70779418945312,
      "1132": 91.81807708740234,
      "1134": 101.95638656616211,
      "1138": 114.41647338867188,
      "1140": 90.05327606201172,
      "1142": 115.54518127441406,
      "1144": 158.18031311035156,
      "1146": 112.34725952148438,
      "1148": 109.41834259033203,
      "1150": 91.16635131835938,
      "1152": 104.62999725341797,
      "1154": 104.29528045654297,
      "1156": 159.3280792236328,
      "1158": 101.5438003540039,
      "1160": 143.86013793945312,
      "1162": 128.3852996826172,
      "1164": 123.65850067138672,
      "1166": 117.43170928955078,
      "1168": 100.3699722290039,
      "1172": 124.09726333618164,
      "1174": 112.84901809692383,
      "1176": 102.02259826660156,
      "1178": 103.10463333129883,
      "1182": 131.136474609375,
      "1184": 116.39675903320312,
      "1186": 120.85640716552734,
      "1188": 120.73701477050781,
      "1190": 109.25315475463867,
      "1194": 131.83285522460938,
      "1198": 109.31328582763672,
      "1200": 115.29549407958984,
      "1204": 113.94996643066406,
      "1206": 107.00062942504883,
      "1208": 147.80722045898438,
      "1210": 104.96805953979492,
      "1212": 101.55184173583984,
      "1214": 90.67706298828125,
      "1216": 116.75015640258789,
      "1218": 123.1375503540039,
      "1220": 113.11074829101562,
      "1224": 133.64825439453125,
      "1226": 161.2477798461914,
      "1228": 140.0174789428711,
      "1230": 96.53439331054688,
      "1232": 115.63429260253906,
      "1234": 112.15896987915039,
      "1236": 100.4569091796875,
      "1238": 105.15624237060547,
      "1240": 115.88101577758789,
      "1244": 130.8264045715332,
      "1246": 100.62001037597656,
      "1248": 120.10417556762695,
      "1250": 110.08109664916992,
      "1252": 120.21172332763672,
      "1258": 113.26086044311523,
      "1260": 122.25489044189453,
      "1262": 143.85311126708984,
      "1272": 131.45791625976562,
      "1274": 99.28479766845703,
      "1278": 113.09185028076172,
      "1282": 102.12322998046875,
      "1286": 101.81111907958984,
      "1288": 122.57120895385742,
      "1290": 96.92854690551758,
      "1292": 131.12192153930664,
      "1294": 114.94508361816406,
      "1296": 120.25989151000977,
      "1298": 114.23169708251953,
      "1304": 112.90882873535156,
      "1306": 133.12321853637695,
      "1308": 176.50308227539062,
      "1310": 106.64852142333984,
      "1314": 111.7830924987793,
      "1316": 118.63243865966797,
      "1318": 97.31570434570312,
      "1322": 106.73933792114258,
      "1326": 118.89901733398438,
      "1328": 138.1252212524414,
      "1330": 125.05857849121094,
      "1334": 125.42359924316406,
      "1336": 106.73068237304688,
      "1340": 107.564208984375,
      "1342": 111.63906478881836,
      "1344": 105.0092544555664,
      "1346": 100.11592483520508,
      "1348": 128.5404281616211,
      "1350": 148.7780876159668,
      "1352": 139.93915557861328,
      "1354": 104.56475448608398,
      "1358": 116.74324798583984,
      "1360": 121.14748764038086,
      "1362": 99.27803039550781,
      "1366": 121.89651870727539,
      "1368": 100.12593078613281,
      "1370": 115.95869064331055,
      "1372": 158.82713317871094,
      "1374": 96.40409851074219,
      "1376": 129.79405212402344,
      "1378": 129.99765014648438,
      "1380": 99.95981216430664,
      "1386": 124.48954391479492,
      "1388": 101.77940368652344,
      "1390": 93.30863952636719,
      "1392": 160.29936981201172,
      "1394": 84.62577819824219,
      "1398": 107.44402694702148,
      "1400": 107.84295654296875,
      "1402": 98.10453033447266,
      "1404": 154.57830810546875,
      "1406": 113.38916015625,
      "1410": 96.56453704833984,
      "1412": 113.72071838378906,
      "1414": 109.15014266967773,
      "1416": 108.07911682128906,
      "1418": 118.27690887451172,
      "1422": 108.60817337036133,
      "1424": 156.11834716796875,
      "1426": 108.2096939086914,
      "1428": 103.8951187133789,
      "1430": 124.45783996582031,
      "1434": 121.45069885253906,
      "1436": 135.5138702392578,
      "1440": 110.11934661865234,
      "1450": 119.4344253540039,
      "1452": 128.68534088134766,
      "1454": 127.83248519897461,
      "1456": 122.28768157958984,
      "1458": 99.92265319824219,
      "1460": 113.93572235107422,
      "1464": 118.28447341918945,
      "1466": 156.94124603271484,
      "1468": 111.65956115722656,
      "1472": 101.06206512451172,
      "1474": 110.44100189208984,
      "1476": 104.056640625,
      "1478": 125.57252502441406,
      "1480": 115.0156021118164,
      "1482": 111.70718383789062,
      "1486": 138.07594299316406,
      "1490": 99.90786743164062,
      "1492": 97.79653930664062,
      "1498": 114.61609649658203,
      "1504": 107.12347412109375,
      "1506": 96.68167877197266,
      "1508": 127.26676940917969,
      "1510": 106.44047546386719,
      "1512": 118.01631927490234,
      "1518": 189.361572265625,
      "1520": 112.1878662109375,
      "1522": 139.32017517089844,
      "1528": 97.13811492919922,
      "1534": 102.3424186706543,
      "1542": 118.78987121582031,
      "1548": 95.80276489257812,
      "1552": 110.11697006225586,
      "1554": 99.53643035888672,
      "1558": 120.19423294067383,
      "1562": 97.53158950805664,
      "1564": 117.1235466003418,
      "1566": 113.37617111206055,
      "1568": 118.71757507324219,
      "1570": 115.11124420166016,
      "1574": 128.69715881347656,
      "1576": 112.92128372192383,
      "1582": 101.03149032592773,
      "1586": 110.11779022216797,
      "1590": 104.72020721435547,
      "1594": 85.00906372070312,
      "1596": 95.87845611572266,
      "1604": 103.42467498779297,
      "1606": 129.2342300415039,
      "1616": 91.0591049194336,
      "1620": 112.94635009765625,
      "1622": 106.10408782958984,
      "1624": 105.35093307495117,
      "1626": 88.53343200683594,
      "1630": 118.64680480957031,
      "1634": 135.35717391967773,
      "1636": 117.11497116088867,
      "1638": 113.24376678466797,
      "1642": 123.18733215332031,
      "1644": 131.85915756225586,
      "1646": 98.37773132324219,
      "1652": 108.2481918334961,
      "1654": 107.20069885253906,
      "1660": 135.25759887695312,
      "1666": 103.92728424072266,
      "1672": 168.5634765625,
      "1674": 112.99372863769531,
      "1688": 95.20088195800781,
      "1694": 81.13051986694336,
      "1700": 102.37320709228516,
      "1702": 85.0325698852539,
      "1710": 110.12474060058594,
      "1718": 97.66494369506836,
      "1720": 112.76192474365234,
      "1722": 130.68328857421875,
      "1726": 116.30465698242188,
      "1734": 127.30681991577148,
      "1738": 156.61223602294922,
      "1742": 107.1096420288086,
      "1744": 126.8181266784668,
      "1752": 103.49431610107422,
      "1754": 136.69554138183594,
      "1764": 101.25366973876953,
      "1784": 94.7362289428711,
      "1790": 109.72852325439453,
      "1798": 102.53157043457031,
      "1802": 156.36502075195312,
      "1812": 143.23184204101562,
      "1816": 109.76107788085938,
      "1830": 94.56668853759766,
      "1848": 106.04716491699219,
      "1850": 78.34457397460938,
      "1854": 103.21620178222656,
      "1858": 95.3693733215332,
      "1862": 103.05086517333984,
      "1866": 133.51190185546875,
      "1874": 139.7508544921875,
      "1876": 108.5859260559082,
      "1878": 113.40260314941406,
      "1882": 108.42379760742188,
      "1890": 114.33352661132812,
      "1892": 119.93048095703125,
      "1894": 89.57219696044922,
      "1896": 81.75949096679688,
      "1898": 104.1199722290039,
      "1900": 131.57452774047852,
      "1902": 123.71141052246094,
      "1910": 139.60694885253906,
      "1914": 113.05682373046875,
      "1928": 104.44665908813477,
      "1932": 87.20500946044922,
      "1934": 95.94895935058594,
      "1940": 78.71905517578125,
      "1946": 110.53417205810547,
      "1948": 78.55161666870117,
      "1960": 120.26183319091797,
      "1962": 117.58811950683594,
      "1982": 88.93291473388672,
      "1988": 109.53609466552734,
      "1996": 152.11734008789062,
      "1998": 107.59648132324219,
      "2012": 97.01430892944336,
      "2018": 118.85131072998047,
      "2020": 112.74131774902344,
      "2028": 133.78909301757812,
      "2034": 136.51891326904297,
      "2052": 113.7784194946289,
      "2060": 104.88794326782227,
      "2068": 136.94338989257812,
      "2070": 117.59818649291992,
      "2074": 101.1634750366211,
      "2104": 90.60477447509766,
      "2106": 87.9787483215332,
      "2116": 117.04774856567383,
      "2118": 114.06639862060547,
      "2154": 153.3573455810547,
      "2172": 109.32784271240234,
      "2174": 106.0650863647461,
      "2186": 154.09649658203125,
      "2204": 104.35549926757812,
      "2214": 101.3243408203125,
      "2238": 129.21145629882812,
      "2240": 99.89163970947266,
      "2254": 139.83596801757812,
      "2256": 145.00968170166016,
      "2268": 121.06932067871094,
      "2280": 125.42325592041016,
      "2310": 134.63411331176758,
      "2328": 101.58084869384766,
      "2334": 96.10618591308594,
      "2336": 132.0599365234375,
      "2362": 107.3918228149414,
      "2372": 144.9426727294922,
      "2374": 170.81509399414062,
      "2388": 116.4623031616211,
      "2402": 116.17012786865234,
      "2406": 110.05933380126953,
      "2418": 102.47298431396484,
      "2454": 89.5171890258789,
      "2474": 117.0601577758789,
      "2486": 121.85599517822266,
      "2498": 95.11468505859375,
      "2506": 103.53797912597656,
      "2526": 100.02286529541016,
      "2560": 93.76848602294922,
      "2566": 112.5889663696289,
      "2578": 120.46520233154297,
      "2588": 111.16632461547852,
      "2594": 104.75168228149414,
      "2622": 130.67652893066406,
      "2638": 158.05096435546875,
      "2646": 106.94132232666016,
      "2648": 105.21380615234375,
      "2676": 103.90795516967773,
      "2736": 132.1903533935547,
      "2756": 100.0577621459961,
      "2770": 137.2698211669922,
      "2774": 106.79291915893555,
      "2784": 127.63809204101562,
      "2814": 140.4735565185547,
      "2818": 145.93047332763672,
      "2878": 117.96553421020508,
      "2882": 126.52276611328125,
      "2921": 115.99044036865234,
      "2941": 94.53585433959961,
      "2953": 119.6750259399414,
      "2963": 82.36261749267578,
      "2997": 101.11937713623047,
      "2999": 108.11249542236328,
      "3019": 119.80599212646484,
      "3035": 106.31705093383789,
      "3039": 103.14903259277344,
      "3045": 135.47364807128906,
      "3055": 114.85308074951172,
      "3093": 103.44234848022461,
      "3115": 103.1812744140625,
      "3179": 149.99932861328125,
      "3195": 159.34158325195312,
      "3199": 104.96857452392578,
      "3201": 102.52811050415039,
      "3213": 125.42354583740234,
      "3231": 116.17095947265625,
      "3247": 170.39306640625,
      "3291": 99.2516860961914,
      "3301": 105.74525451660156,
      "3313": 127.01788711547852,
      "3317": 118.7916030883789,
      "3369": 135.2375030517578,
      "3383": 125.8465690612793,
      "3451": 130.5050506591797,
      "3505": 108.23453521728516,
      "3591": 105.82394790649414,
      "3607": 127.92053985595703,
      "3667": 137.10218048095703,
      "3779": 89.18968200683594,
      "3825": 158.6425323486328,
      "3883": 131.3509979248047,
      "4107": 142.58950805664062,
      "4137": 108.90312957763672,
      "4239": 104.28353881835938,
      "4263": 130.78265380859375,
      "4319": 130.82151794433594,
      "4363": 141.5509033203125,
      "4411": 128.19012451171875,
      "4601": 152.63731384277344,
      "4853": 153.1967010498047,
      "4947": 120.64804077148438,
      "4971": 148.7023468017578
    },
    "DeltaR_bb_H1": {
      "2": 1.9768892381313299,
      "4": 2.131344482908597,
      "6": 1.946298724465104,
      "8": 2.0359056025512796,
      "10": 1.8707020526618985,
      "12": 1.7825549555582951,
      "14": 1.7031678196838531,
      "16": 1.951091048914809,
      "18": 1.9907056595556216,
      "20": 1.9884777885234,
      "22": 1.9923301785326528,
      "24": 1.9254149583247009,
      "26": 2.0237780773770324,
      "28": 1.9468416366075885,
      "30": 1.9496532933884492,
      "32": 2.114883262369607,
      "34": 2.0178503782598627,
      "36": 1.8987479452981386,
      "38": 1.9695531571303817,
      "40": 1.9563700441239966,
      "42": 2.066813029085682,
      "44": 2.1745895854316335,
      "46": 1.9628906112039273,
      "48": 2.0469010905270753,
      "50": 2.219637014608157,
      "52": 2.1083688514887897,
      "54": 2.0204070761541573,
      "56": 2.0322945273955617,
      "58": 2.222548502728687,
      "60": 2.0283484834968593,
      "62": 2.091891262207223,
      "64": 2.0320750760859725,
      "66": 2.0624393457985564,
      "68": 2.059125850510579,
      "70": 2.2446357093815674,
      "72": 2.2052571021819602,
      "74": 2.2211643584866767,
      "76": 2.167417154035447,
      "78": 2.0182612122399646,
      "80": 1.8537700962509644,
      "82": 2.036255575831146,
      "84": 2.146431799235456,
      "86": 1.9494367717488201,
      "88": 2.163557896805446,
      "90": 1.9572049121620372,
      "92": 2.365414336937246,
      "94": 2.2551915480771996,
      "96": 2.0923990267524104,
      "98": 2.016659025855379,
      "100": 2.103245547787059,
      "102": 2.03842652513051,
      "104": 2.1289990937971495,
      "106": 1.979918574693995,
      "108": 1.9510905140955828,
      "110": 2.13567451143403,
      "112": 2.105880431837814,
      "114": 1.9852326039942956,
      "116": 2.3703953934730735,
      "118": 2.117010555977645,
      "120": 1.9566279837666367,
      "122": 2.204449055993967,
      "124": 2.2034999178779118,
      "126": 2.0542742006772143,
      "128": 2.0898798306483872,
      "130": 2.1949540162228676,
      "132": 2.25939548492243,
      "134": 1.9405434619177142,
      "136": 2.1522271486283673,
      "138": 2.029366531620864,
      "140": 2.1913612366774933,
      "142": 2.0241100148189304,
      "144": 2.134530413240065,
      "146": 1.9022340741904,
      "148": 2.020404970123898,
      "150": 2.072724811140743,
      "152": 2.1468586224961697,
      "154": 2.282311945340079,
      "156": 2.0832816348612946,
      "158": 2.1792349279228214,
      "160": 2.1663048538294962,
      "162": 2.4858454040675224,
      "164": 2.179011485028001,
      "166": 2.0046937098159034,
      "168": 1.998164010381591,
      "170": 2.2814302045256536,
      "172": 2.0872069270160636,
      "174": 2.1798171269021505,
      "176": 2.3283480523286566,
      "178": 2.3548388233336883,
      "180": 1.9988041342782967,
      "182": 2.03118001945664,
      "184": 2.2076933650317176,
      "186": 2.0514298642058457,
      "188": 2.1497965492566244,
      "190": 2.3068347839989065,
      "192": 2.111026115812493,
      "194": 2.3477219961768934,
      "196": 1.924753563446596,
      "198": 2.235112386013174,
      "200": 2.1691304074051194,
      "202": 2.102524996677621,
      "204": 2.3807856874528763,
      "206": 2.425752496680496,
      "208": 2.197494967712867,
      "210": 1.9711398842946126,
      "212": 2.34384401337612,
      "214": 1.89430212284278,
      "216": 2.3278971415247116,
      "218": 2.282583867424151,
      "220": 1.9956839791645316,
      "222": 2.06674805680768,
      "224": 1.9186437740016125,
      "226": 2.4785079014063984,
      "228": 2.0079759823962244,
      "230": 2.4331300908861166,
      "232": 2.242139610205972,
      "234": 2.121805664323218,
      "236": 2.3447806475750617,
      "238": 2.2495802685030246,
      "240": 2.2080895807095033,
      "242": 2.4423714777264056,
      "244": 2.127189498573162,
      "246": 2.1085089752024317,
      "248": 2.2881395106661135,
      "250": 2.4195488172763424,
      "252": 1.9956499125456082,
      "254": 2.3534084058371034,
      "256": 2.2080134237957623,
      "258": 2.0660537579183704,
      "260": 1.7813021935608968,
      "262": 1.8620167941147634,
      "264": 1.9405283274132055,
      "266": 2.033190597658291,
      "268": 2.0015465167324393,
      "270": 2.426905968841519,
      "272": 2.298877435338027,
      "274": 2.204352859450311,
      "276": 2.027704114322092,
      "278": 2.3951718111503757,
      "280": 2.0984530239905146,
      "282": 2.174033854181938,
      "284": 2.139933976378109,
      "286": 2.0137216107895735,
      "288": 1.9296122425531752,
      "290": 2.148210718512905,
      "292": 1.8565759583120358,
      "294": 2.133034279490607,
      "296": 2.2731523672496596,
      "298": 2.41816624976127,
      "300": 2.1810716375145125,
      "302": 2.024766845053371,
      "304": 1.9583023486471935,
      "306": 2.3001224446171245,
      "308": 2.190803672628411,
      "310": 2.050562187054192,
      "312": 2.0247800377654555,
      "314": 2.4911264152907253,
      "316": 2.2056840402799236,
      "318": 2.1777766730256793,
      "320": 2.3247200576583955,
      "322": 2.209247585151412,
      "324": 2.3179260865295026,
      "326": 2.46264937545897,
      "328": 2.0362875678747,
      "330": 2.335645995195204,
      "332": 2.007573677218085,
      "334": 2.231546012600978,
      "336": 2.326024782908389,
      "338": 2.1457722232972563,
      "340": 2.209523178448158,
      "342": 2.5575244009773916,
      "344": 2.268675416019672,
      "346": 1.8748772869369406,
      "348": 1.8413192287930378,
      "350": 2.5409554018521363,
      "352": 2.3155530608849713,
      "354": 2.4282139218988625,
      "356": 2.2975791435278916,
      "358": 2.365234699588063,
      "360": 2.485233837991476,
      "362": 2.4811610994106603,
      "364": 1.9716800384518243,
      "366": 2.02446977952935,
      "368": 2.155964824493138,
      "370": 2.2329296659151585,
      "372": 2.295199318032286,
      "374": 2.1558146916132546,
      "376": 1.9056677892112401,
      "378": 2.5107807241235207,
      "380": 1.9638257736156879,
      "382": 2.0698322883070928,
      "384": 2.4213633428223202,
      "386": 2.030940876911094,
      "388": 2.5734201161779917,
      "390": 1.9654654568095702,
      "392": 2.2699338597732335,
      "394": 2.385381682502426,
      "396": 2.0011886663125544,
      "398": 1.5629589401054567,
      "400": 1.9953260432418842,
      "402": 2.111192151586469,
      "404": 2.54258490441315,
      "406": 2.4439352839678783,
      "408": 1.9846300586180547,
      "410": 2.3383781569501645,
      "412": 2.0566337527052654,
      "414": 2.0637273244507286,
      "416": 1.6800043471053434,
      "418": 1.366570494608081,
      "420": 2.3387739705937562,
      "422": 2.3158105290249305,
      "424": 2.1498164326017926,
      "426": 1.9765396656952328,
      "428": 2.241759383246058,
      "430": 1.870673496963195,
      "432": 2.085373829092527,
      "434": 2.444184625406225,
      "436": 2.1861584920252195,
      "438": 2.4354068747449498,
      "440": 2.305708580360455,
      "442": 2.435760648296936,
      "444": 2.348232714689009,
      "446": 1.920940296266261,
      "448": 2.471443152373385,
      "450": 2.201820745687328,
      "452": 2.370277417278891,
      "454": 1.8130509590162716,
      "456": 1.7489496353332636,
      "458": 2.450684220361301,
      "460": 2.4112380803362012,
      "462": 1.687676731922316,
      "464": 2.060329077989562,
      "466": 2.223850780394085,
      "468": 2.3722805109891563,
      "470": 2.4825156999656675,
      "472": 1.941383607626313,
      "474": 1.7417467401453504,
      "476": 1.9564501878618124,
      "478": 2.2206486094925415,
      "480": 2.3056262523180977,
      "482": 2.2140003722773627,
      "484": 2.0792204927030964,
      "486": 1.8581979149498524,
      "488": 1.9008186217164715,
      "490": 1.8414493016087308,
      "492": 1.8217952581955548,
      "494": 2.3379948904318693,
      "496": 2.286600416170087,
      "498": 1.961585790890404,
      "500": 2.1262782303681504,
      "502": 2.2062468689528822,
      "504": 2.383562297747683,
      "506": 2.2092727353173296,
      "508": 2.367432862408998,
      "510": 2.150682241105707,
      "512": 2.332882810424935,
      "514": 2.0140304997877094,
      "516": 2.389266479252563,
      "518": 2.6093449347801183,
      "520": 2.2696286260407854,
      "522": 2.1841731353380993,
      "524": 2.092447319479507,
      "526": 1.9559487870240004,
      "528": 2.7278219555293686,
      "530": 2.142003035303095,
      "532": 2.254265229782468,
      "534": 2.328348960052581,
      "536": 1.9166043722500503,
      "538": 2.178121374974208,
      "540": 2.189735208887487,
      "542": 2.2524970776633464,
      "544": 2.317886210715246,
      "546": 2.4090302108192643,
      "548": 2.138434532611787,
      "550": 2.1269277302914897,
      "552": 2.168982623756931,
      "554": 2.0366536168759914,
      "556": 2.22162023941576,
      "558": 1.5732873090007322,
      "560": 2.443589238534031,
      "562": 2.367705754507104,
      "564": 2.2294534935101886,
      "566": 2.3682802465139283,
      "568": 2.0127040696934144,
      "570": 2.0206164004919955,
      "572": 2.274405604463203,
      "574": 2.0901944888736814,
      "576": 2.0773784897935803,
      "578": 2.4920694399179535,
      "580": 2.411297919322802,
      "582": 2.1676363237776872,
      "584": 2.31778902830538,
      "586": 1.8397510871986658,
      "588": 2.2223886336735355,
      "590": 2.0440931062962537,
      "592": 2.7957712001943413,
      "594": 1.9371359490724762,
      "596": 2.17113079473177,
      "598": 2.528654842608031,
      "600": 2.23774010827694,
      "602": 2.5480340451003416,
      "604": 2.232716028072224,
      "606": 2.374802051526786,
      "608": 2.4915797731495015,
      "610": 2.1350422088528953,
      "612": 2.0680120111446296,
      "614": 2.2427262026886394,
      "616": 1.8175905223583892,
      "618": 1.9278506740347687,
      "620": 2.8923067255017694,
      "622": 1.944048889010226,
      "624": 2.025188458005495,
      "626": 1.522412301063022,
      "628": 2.1738921962523285,
      "630": 2.4809429299424592,
      "632": 1.9578261790100808,
      "634": 1.616506740739367,
      "636": 2.0798732088126326,
      "638": 2.471480918297739,
      "640": 2.3436479350273176,
      "642": 1.9191975137324913,
      "644": 2.6994211663336833,
      "646": 2.1422799856494557,
      "648": 2.2529092479026827,
      "650": 1.834322468184818,
      "652": 2.5719525808441865,
      "654": 2.9074122221164855,
      "656": 2.0042589669502355,
      "658": 2.02682917266855,
      "660": 2.3086693611581897,
      "662": 1.9212798216230431,
      "664": 2.127834854818679,
      "666": 2.292873723695574,
      "668": 2.579928255515409,
      "670": 2.560570226864609,
      "672": 2.1013439184416653,
      "674": 2.574549748894293,
      "676": 2.507423424763948,
      "678": 2.463554214055083,
      "680": 2.3163004014561963,
      "682": 2.424507545317418,
      "684": 1.8487626471489578,
      "686": 2.2280608733697527,
      "688": 1.7736089680824125,
      "690": 1.8871018696233657,
      "692": 2.9414260190118213,
      "694": 1.642431088791246,
      "696": 2.5631663881006723,
      "698": 2.0956347959215162,
      "700": 1.306508131146464,
      "702": 2.041150052303199,
      "704": 2.390162396563288,
      "706": 2.096092169983636,
      "708": 1.7844145273429635,
      "710": 2.1466260338070926,
      "712": 2.1148115083449675,
      "714": 2.522029702049999,
      "716": 1.7556587342915169,
      "718": 2.363289790113621,
      "720": 2.2020340102583615,
      "722": 2.556842296055582,
      "724": 2.611449387232389,
      "726": 2.1862455402039735,
      "728": 1.956764326984156,
      "730": 2.2771225451694166,
      "732": 1.8698046595350744,
      "734": 2.129863018676653,
      "736": 2.6470135115822986,
      "738": 2.1221932787469977,
      "740": 2.5673756786956843,
      "742": 2.7938388218997448,
      "744": 2.2212028324671698,
      "746": 2.186723842175018,
      "748": 1.7966737840885465,
      "750": 2.4516817630844807,
      "752": 2.5814356589767558,
      "754": 1.9690393629114684,
      "756": 2.6615797073531318,
      "758": 1.9468138590744521,
      "760": 2.3344367008649662,
      "762": 1.8260349459848886,
      "764": 1.8774412497061972,
      "766": 1.5740923492367211,
      "768": 2.3899402931480727,
      "770": 2.263700207093158,
      "772": 2.1675794536559754,
      "774": 2.8848968562100725,
      "776": 2.393381141917803,
      "778": 2.636723506046121,
      "780": 1.4177378042915096,
      "782": 2.317122175767702,
      "784": 2.6286058006472195,
      "788": 2.30077131928687,
      "790": 2.0370375613521134,
      "792": 2.1388415644500407,
      "794": 2.07458259358939,
      "796": 2.612319947943398,
      "798": 2.221705365360674,
      "800": 1.8737806575134905,
      "802": 2.837414976025691,
      "804": 1.8684615854788134,
      "806": 2.1423173813485,
      "808": 1.7020193936021735,
      "810": 2.3678086264173204,
      "812": 2.598553928574451,
      "814": 2.0540407260716127,
      "816": 2.0609823427556537,
      "818": 2.544534264666864,
      "820": 2.517672237045698,
      "822": 2.2638339863499715,
      "824": 2.0775940810903,
      "826": 2.082081673398434,
      "828": 1.793744568899986,
      "830": 1.9556586075241107,
      "832": 2.049336989183528,
      "834": 1.9503605054295892,
      "836": 2.510178119563962,
      "838": 2.4641405231782207,
      "840": 2.355965080258506,
      "842": 2.083936316376714,
      "844": 2.2302073435360183,
      "846": 1.583784761366362,
      "848": 2.170110975464848,
      "850": 2.5813764436941065,
      "852": 2.4712681984721647,
      "854": 2.1600863471927774,
      "856": 2.274586239700781,
      "858": 2.5138988979377994,
      "860": 1.2097917226871362,
      "862": 2.0648352702221033,
      "864": 2.635391253903502,
      "866": 2.3261098607879642,
      "868": 2.6638958316586545,
      "870": 2.3738050866090106,
      "872": 2.5470456447975196,
      "874": 2.4768994314067165,
      "876": 2.28346347815168,
      "878": 1.9300701154253077,
      "880": 1.7056890273785774,
      "882": 2.220111694018624,
      "884": 1.8444303549657453,
      "886": 2.1513876867508905,
      "888": 1.843957869280549,
      "890": 1.828014208181291,
      "892": 2.834238457679071,
      "894": 2.3168909859641564,
      "896": 2.2946047505993006,
      "898": 2.389751118285928,
      "900": 2.587256134117548,
      "902": 1.982094566455162,
      "904": 1.2967699610912633,
      "906": 1.8309769772562317,
      "908": 2.095165594892115,
      "910": 2.0381899182562466,
      "912": 1.819194129936158,
      "914": 2.3987353009733883,
      "916": 1.783091324433512,
      "918": 1.8854932960379984,
      "920": 2.6317544997145808,
      "922": 2.4309205296978127,
      "924": 2.40806232515418,
      "926": 2.051484151606341,
      "928": 1.8409073034585184,
      "930": 2.527413362490211,
      "932": 2.045151873557869,
      "934": 2.5404111313189794,
      "936": 1.907409052908633,
      "938": 2.2975070759750382,
      "940": 2.2863281445788495,
      "944": 1.8506997398134146,
      "946": 2.6953300214345166,
      "948": 2.2740289600823913,
      "950": 2.5965131833870627,
      "952": 2.241260351527937,
      "954": 2.200194875379537,
      "956": 2.0348807056027858,
      "958": 2.5205704186949016,
      "960": 1.991211220295626,
      "962": 1.883815000825288,
      "964": 1.9787038682203355,
      "966": 2.520790281458689,
      "968": 2.077202421215308,
      "974": 1.6429383052651532,
      "976": 1.4956635476381235,
      "978": 2.078204344656894,
      "980": 2.051859964114304,
      "982": 2.1863455599504755,
      "984": 1.6929919589209037,
      "986": 1.8965676985562498,
      "988": 2.21715953960939,
      "990": 1.3410560992244442,
      "992": 1.1236935775990085,
      "994": 2.102180985277103,
      "996": 2.0640313758781685,
      "998": 1.9943407130821573,
      "1000": 2.195063709486121,
      "1002": 1.4961853296592456,
      "1004": 2.4163236810590387,
      "1006": 1.897476800249236,
      "1008": 2.086977868616934,
      "1010": 2.288308778918636,
      "1012": 2.617199284782681,
      "1014": 2.191737684741409,
      "1016": 2.383149525339276,
      "1018": 2.0197688698570637,
      "1020": 2.677221678016263,
      "1022": 1.2421755738909903,
      "1026": 2.2713527338493122,
      "1028": 1.7275693868773043,
      "1030": 2.7523799162242795,
      "1032": 1.7663254302118794,
      "1034": 2.224039063208476,
      "1036": 2.4778095007402947,
      "1038": 2.2886240540980265,
      "1042": 2.4222493471324316,
      "1044": 2.259520769777681,
      "1046": 2.55424614316786,
      "1048": 2.2834883110623996,
      "1050": 2.49535574074602,
      "1052": 2.875405863856751,
      "1054": 2.625452577474152,
      "1056": 2.6577646875820133,
      "1058": 1.3501480699736728,
      "1060": 2.281417084966892,
      "1064": 2.0517017481035222,
      "1066": 2.608310670352704,
      "1068": 1.9669128248231518,
      "1070": 2.7582168664463977,
      "1072": 1.6799976255844307,
      "1074": 1.864091168054605,
      "1082": 1.9152678159945418,
      "1084": 2.0025755077278866,
      "1090": 2.670398169039691,
      "1092": 1.6245325659119576,
      "1094": 2.786551164254226,
      "1096": 1.2953965168162322,
      "1100": 2.3687842929878205,
      "1102": 2.481906510101053,
      "1104": 2.035218976155267,
      "1106": 2.7602912173033047,
      "1108": 1.9090447334535519,
      "1110": 2.193754496747145,
      "1112": 2.729622394632223,
      "1114": 2.1454272627296715,
      "1116": 1.768451147674854,
      "1118": 2.392681349801681,
      "1120": 2.404304013745735,
      "1124": 1.5315756216313763,
      "1126": 2.0715004033904294,
      "1128": 2.3455515627684838,
      "1130": 2.7765775226206015,
      "1132": 2.7721834048206766,
      "1134": 2.079223848633391,
      "1138": 2.5750018525335596,
      "1140": 2.6361204148421002,
      "1142": 2.340664082503402,
      "1144": 2.360188624574938,
      "1146": 1.9019399221299187,
      "1148": 2.2021235965932524,
      "1150": 1.7950104202060515,
      "1152": 2.114589913320653,
      "1154": 2.1916992073812236,
      "1156": 2.305267282957148,
      "1158": 2.539163737600094,
      "1160": 2.5786201511217985,
      "1162": 1.9917281373695959,
      "1164": 2.125974049482482,
      "1166": 1.6910097793789367,
      "1168": 1.5125632778796718,
      "1172": 1.7755421982930564,
      "1174": 2.5728794001502377,
      "1176": 2.766543227200712,
      "1178": 2.203646292198685,
      "1182": 2.490636297421245,
      "1184": 1.9490996688388784,
      "1186": 1.5990894885496105,
      "1188": 2.4384259679754123,
      "1190": 2.598230987128934,
      "1194": 3.031602702706493,
      "1198": 1.9235478083005575,
      "1200": 2.028664509757729,
      "1204": 2.7139816121178515,
      "1206": 1.5970181632540936,
      "1208": 2.3395413326583876,
      "1210": 2.6016290865301643,
      "1212": 1.8622639499292615,
      "1214": 3.0294531417358876,
      "1216": 1.2706798415677587,
      "1218": 1.9689083082577412,
      "1220": 2.5333804543691905,
      "1224": 2.307561846212219,
      "1226": 2.0126903572618997,
      "1228": 2.115007501410143,
      "1230": 1.9827116471862276,
      "1232": 1.3234292250285922,
      "1234": 2.3918267259949064,
      "1236": 2.55928571489206,
      "1238": 2.30865059902655,
      "1240": 2.559234266140037,
      "1244": 1.3813056196665503,
      "1246": 2.5975799706687885,
      "1248": 2.0899920504048914,
      "1250": 2.2937885247652985,
      "1252": 1.9872142624347167,
      "1258": 2.202390062990678,
      "1260": 2.1228950086175713,
      "1262": 1.5161557496780305,
      "1272": 1.7845742009559609,
      "1274": 2.292139153927004,
      "1278": 2.6656166343887575,
      "1282": 1.841298449332898,
      "1286": 1.862199972336886,
      "1288": 2.3806036816695704,
      "1290": 2.022413740612326,
      "1292": 2.235237589311562,
      "1294": 1.6673201335999053,
      "1296": 2.1037641397066933,
      "1298": 2.5588889291162173,
      "1304": 1.8900961826885632,
      "1306": 2.0776476539322535,
      "1308": 1.820226258619277,
      "1310": 2.2551683657791144,
      "1314": 2.265704417955239,
      "1316": 1.6375067241552197,
      "1318": 2.5227535458199877,
      "1322": 2.1899556083769585,
      "1326": 2.681291246037773,
      "1328": 2.154367765649524,
      "1330": 2.1615852796797883,
      "1334": 2.2629242485559997,
      "1336": 2.5608799806656495,
      "1340": 2.424639788158735,
      "1342": 2.4496136581651706,
      "1344": 1.5863954570321233,
      "1346": 2.051990176488078,
      "1348": 2.0422444157321324,
      "1350": 2.068172867641641,
      "1352": 2.3765080819775695,
      "1354": 2.108823428325867,
      "1358": 1.7853977882422372,
      "1360": 2.3830165845040883,
      "1362": 2.0157540906550917,
      "1366": 1.7055854468243377,
      "1368": 2.0610977376250488,
      "1370": 1.9991417122212098,
      "1372": 2.65585006313246,
      "1374": 1.823613798741112,
      "1376": 1.9717825473350543,
      "1378": 2.26604253130207,
      "1380": 2.5336250842384045,
      "1386": 1.9753141748677572,
      "1388": 1.5850672119971598,
      "1390": 2.6571099128780538,
      "1392": 1.857887261686246,
      "1394": 2.4165105053897866,
      "1398": 2.2424545102281677,
      "1400": 2.443664501464382,
      "1402": 2.4423453729422,
      "1404": 0.9182830231545048,
      "1406": 2.0490301612246062,
      "1410": 1.4845147483780912,
      "1412": 1.6279129422598404,
      "1414": 2.745760167586193,
      "1416": 2.051808863977187,
      "1418": 2.2636770134090254,
      "1422": 1.701787833455208,
      "1424": 1.873488165050661,
      "1426": 2.0804027969457475,
      "1428": 1.5064415013794101,
      "1430": 1.7220777753192988,
      "1434": 2.6700706509563994,
      "1436": 1.3345872075697125,
      "1440": 2.7480684822353023,
      "1450": 2.124063938676962,
      "1452": 2.4226341982702144,
      "1454": 2.4718962658772385,
      "1456": 2.2267119082794653,
      "1458": 1.6681027231596532,
      "1460": 2.324345164041713,
      "1464": 1.9069581328116851,
      "1466": 2.461675469653475,
      "1468": 2.203306870288817,
      "1472": 2.511099073795822,
      "1474": 2.1143549899194665,
      "1476": 1.2765204889094575,
      "1478": 2.288886947345606,
      "1480": 2.2132345992637665,
      "1482": 2.450082280321785,
      "1486": 2.464716486423473,
      "1490": 1.7577856286003446,
      "1492": 2.7818921045338,
      "1498": 1.6164331713692413,
      "1504": 2.2602412384285917,
      "1506": 2.6133585819035923,
      "1508": 2.62643811783793,
      "1510": 2.765493938042821,
      "1512": 1.281819779224354,
      "1518": 1.7611859978351403,
      "1520": 2.106264368412014,
      "1522": 2.3136904160578955,
      "1528": 2.113866274284368,
      "1534": 2.612871474259495,
      "1542": 2.1111898329288707,
      "1548": 1.3595802643291632,
      "1552": 2.1973861696215993,
      "1554": 2.8720118021167584,
      "1558": 2.5274406020107465,
      "1562": 1.7572871197934992,
      "1564": 2.038030679407749,
      "1566": 1.6754034168026577,
      "1568": 1.2589333116889105,
      "1570": 2.6909929391037783,
      "1574": 1.3120913886165768,
      "1576": 1.0938354798861856,
      "1582": 1.6395282662323059,
      "1586": 2.4633240818732673,
      "1590": 1.652493187720287,
      "1594": 2.4244225870021605,
      "1596": 2.2579346041730988,
      "1604": 2.876773167301609,
      "1606": 1.9716298215263908,
      "1616": 1.8584925362917344,
      "1620": 1.6113973893501783,
      "1622": 2.715858195712231,
      "1624": 2.561521161669601,
      "1626": 1.748439825271171,
      "1630": 2.0564385987585636,
      "1634": 2.0040393691035745,
      "1636": 1.850969101785848,
      "1638": 2.3283248754617385,
      "1642": 1.8298747601734606,
      "1644": 1.5895467286055314,
      "1646": 2.2413424735180283,
      "1652": 1.8828987625975677,
      "1654": 2.4002322325413497,
      "1660": 1.3594147826438867,
      "1666": 2.793321247346804,
      "1672": 0.9361668254389177,
      "1674": 2.617732120492324,
      "1688": 2.3331217638780943,
      "1694": 2.398940756540739,
      "1700": 1.1408922192659796,
      "1702": 2.5016870874054145,
      "1710": 2.4310179259331117,
      "1718": 2.463226063557585,
      "1720": 2.317376893712358,
      "1722": 2.0661526062925217,
      "1726": 1.4247921985549952,
      "1734": 2.328484516870981,
      "1738": 2.180317888863671,
      "1742": 2.2920874193377787,
      "1744": 2.571301945273302,
      "1752": 3.027880029587515,
      "1754": 2.231823983911945,
      "1764": 1.3736650866709033,
      "1784": 2.936930869644365,
      "1790": 1.6738022951773788,
      "1798": 2.316711205952929,
      "1802": 2.4673265599252603,
      "1812": 2.483523234469766,
      "1816": 1.0170768102720076,
      "1830": 3.077178583582228,
      "1848": 1.5583495425613432,
      "1850": 1.742237420165262,
      "1854": 1.185542392147842,
      "1858": 1.8069327416528111,
      "1862": 1.8154303787078927,
      "1866": 2.8213729815004265,
      "1874": 2.3560024299270035,
      "1876": 1.9951002202414876,
      "1878": 1.2942255344666271,
      "1882": 1.8855914311997144,
      "1890": 2.0998126416153258,
      "1892": 2.0529843970527413,
      "1894": 2.198680380826578,
      "1896": 2.094525009128337,
      "1898": 2.138390421918875,
      "1900": 1.882326629159555,
      "1902": 2.4773719629205107,
      "1910": 2.541830317068604,
      "1914": 2.120471198894778,
      "1928": 1.1848413028384608,
      "1932": 2.5906852397823705,
      "1934": 2.4002911170180896,
      "1940": 1.6484596351551137,
      "1946": 1.9052598875531164,
      "1948": 2.044444815025548,
      "1960": 1.868944941447122,
      "1962": 2.2824462996008252,
      "1982": 2.347715355552852,
      "1988": 2.6067729477260038,
      "1996": 1.705016347277193,
      "1998": 2.8146836960515658,
      "2012": 1.919346989990664,
      "2018": 1.4633167871835102,
      "2020": 2.0298644408015285,
      "2028": 1.9529030975395223,
      "2034": 2.416548501457493,
      "2052": 2.056456025108321,
      "2060": 1.799491233408908,
      "2068": 0.9020314611102803,
      "2070": 2.6921749976120766,
      "2074": 0.6491133153886617,
      "2104": 2.101258437067861,
      "2106": 2.0506328679190364,
      "2116": 2.2712354099755085,
      "2118": 2.188601974163523,
      "2154": 1.9037847618390666,
      "2172": 1.8258614107136297,
      "2174": 2.375081311050875,
      "2186": 1.7215463966561269,
      "2204": 1.7752594765000027,
      "2214": 2.4421869080969647,
      "2238": 2.0601522052906875,
      "2240": 2.271572094686223,
      "2254": 3.001877053288432,
      "2256": 1.655222443040107,
      "2268": 1.3649625130775342,
      "2280": 2.507620323466952,
      "2310": 2.38940551799518,
      "2328": 2.290045405699441,
      "2334": 2.1281999266481626,
      "2336": 2.413162936269272,
      "2362": 2.598674576374407,
      "2372": 1.6469245087147442,
      "2374": 1.568103957392795,
      "2388": 1.83430407269516,
      "2402": 2.266101226989071,
      "2406": 2.678673981600415,
      "2418": 2.8348985761613026,
      "2454": 2.4189981552374378,
      "2474": 2.84125060082007,
      "2486": 2.093998612529504,
      "2498": 2.869430804269778,
      "2506": 1.9189797452473298,
      "2526": 1.270989889191407,
      "2560": 2.561189808687264,
      "2566": 2.2732463162737626,
      "2578": 2.0134190587757512,
      "2588": 1.9809383050104454,
      "2594": 2.4756722207274082,
      "2622": 1.9346111322809203,
      "2638": 2.088410721552544,
      "2646": 2.082814266193767,
      "2648": 2.3300112109815507,
      "2676": 1.621317634962449,
      "2736": 1.9767082835559646,
      "2756": 2.0160453286566007,
      "2770": 2.572996904382324,
      "2774": 2.0632028423549196,
      "2784": 2.718939618454329,
      "2814": 3.0304300808707083,
      "2818": 2.276469500427195,
      "2878": 1.8020382426543755,
      "2882": 2.6454703627957676,
      "2921": 2.077814253642444,
      "2941": 1.8023653529035097,
      "2953": 2.0767031509117406,
      "2963": 3.057137781073647,
      "2997": 2.6688933376567303,
      "2999": 2.2241452306668776,
      "3019": 2.7735349231188837,
      "3035": 2.360310229271975,
      "3039": 1.9533830818009876,
      "3045": 2.7069426025247525,
      "3055": 3.0873202158496236,
      "3093": 2.5016225784324124,
      "3115": 1.876914753283586,
      "3179": 1.703823724554636,
      "3195": 2.397180777768657,
      "3199": 1.6275924177142969,
      "3201": 2.4354944720492653,
      "3213": 2.496660861811358,
      "3231": 1.7122136302097797,
      "3247": 1.4452371524718204,
      "3291": 2.355583866803111,
      "3301": 1.30257661524503,
      "3313": 2.5027170901372493,
      "3317": 2.628859821610852,
      "3369": 2.880633063542913,
      "3383": 2.097559541446541,
      "3451": 2.0928878152258754,
      "3505": 2.391127407032293,
      "3591": 2.373892014528736,
      "3607": 1.5082783384163931,
      "3667": 2.8533453983292505,
      "3779": 0.9526528363059589,
      "3825": 2.3438833130887486,
      "3883": 1.0040203629737934,
      "4107": 1.3775133551151562,
      "4137": 2.583471078458862,
      "4239": 1.2404387959663745,
      "4263": 2.4987911356404546,
      "4319": 2.356378935451004,
      "4363": 2.5581340116089093,
      "4411": 1.3578964485232647,
      "4601": 2.041333536727772,
      "4853": 2.164117433345995,
      "4947": 1.811037606193826,
      "4971": 1.6481844907739174
    },
    "DeltaR_bb_H2": {
      "2": 1.8234108534817732,
      "4": 1.7256315465597527,
      "6": 1.534661535948017,
      "8": 1.70529722381047,
      "10": 1.5661276483142064,
      "12": 1.5106127775942224,
      "14": 1.4548474374832485,
      "16": 1.5521011388958474,
      "18": 1.487702640654112,
      "20": 1.4839295348338,
      "22": 1.4998614258506047,
      "24": 1.438775724256395,
      "26": 1.6000659700097326,
      "28": 1.4662370334677761,
      "30": 1.5547909026716915,
      "32": 1.4242313728784957,
      "34": 1.620206596855649,
      "36": 1.5936114362037608,
      "38": 1.7055394151485053,
      "40": 1.6126192577609568,
      "42": 1.6512297146958903,
      "44": 1.6865924146839264,
      "46": 1.4920855281958305,
      "48": 1.6871827192815285,
      "50": 1.6330562626672092,
      "52": 1.742928319451385,
      "54": 1.4940251807498126,
      "56": 1.7706127009211554,
      "58": 1.6285354621545207,
      "60": 1.5789775531737218,
      "62": 1.640193927548259,
      "64": 1.649079630483091,
      "66": 1.6079838724417663,
      "68": 1.735100552872997,
      "70": 1.6944194741850647,
      "72": 1.6079634451593579,
      "74": 1.6954393287552436,
      "76": 1.7987615134510568,
      "78": 1.574836994529408,
      "80": 1.601810594055954,
      "82": 1.7086345461377763,
      "84": 1.7378922284405693,
      "86": 1.8377900041659267,
      "88": 1.4941321444405218,
      "90": 1.5587849577350485,
      "92": 1.5616557500843125,
      "94": 1.613635887686269,
      "96": 1.7535754411032387,
      "98": 1.6783454149735,
      "100": 1.6529346879113187,
      "102": 1.6017509280901572,
      "104": 1.83621640818493,
      "106": 1.7199747137480499,
      "108": 1.6577461069121928,
      "110": 1.8073781421627217,
      "112": 1.8569384128990287,
      "114": 1.5608006008435003,
      "116": 1.7320008986280693,
      "118": 1.6993863299513559,
      "120": 1.715660427716611,
      "122": 1.829700784895794,
      "124": 1.7223707104038217,
      "126": 1.7804076383316676,
      "128": 1.8131173619614498,
      "130": 2.0081644305167288,
      "132": 1.5884455461797535,
      "134": 1.8446403500412638,
      "136": 1.5915698216037752,
      "138": 1.7329840062012667,
      "140": 1.5689337436191,
      "142": 1.633460010230119,
      "144": 1.7476395061202938,
      "146": 1.622940855619621,
      "148": 1.7021536089476412,
      "150": 1.811778146587491,
      "152": 1.8398221747307562,
      "154": 1.7527267994053946,
      "156": 1.7872683215704317,
      "158": 1.9547226745258057,
      "160": 1.7279091106971487,
      "162": 2.027360660675064,
      "164": 1.8165622830937544,
      "166": 1.81554331926252,
      "168": 1.6528967949516602,
      "170": 1.7281270530043986,
      "172": 1.5026437212099608,
      "174": 1.5075363017173524,
      "176": 1.71348192702383,
      "178": 1.5635720818297525,
      "180": 1.911953861831841,
      "182": 1.7406402530903822,
      "184": 1.7137510134137286,
      "186": 1.7491295040635197,
      "188": 1.6152574761598582,
      "190": 1.8514690910505749,
      "192": 1.7544542376414902,
      "194": 1.9977079418241386,
      "196": 1.5381593324509921,
      "198": 1.9919407883099836,
      "200": 1.688791946314884,
      "202": 1.9442993399565198,
      "204": 1.732142086686172,
      "206": 2.2058930519615236,
      "208": 1.8540037591204825,
      "210": 1.5324320681572727,
      "212": 1.876882691644641,
      "214": 1.6394254216580069,
      "216": 1.7556329324587698,
      "218": 1.7243313275660679,
      "220": 1.6900133561772799,
      "222": 1.5549434596624558,
      "224": 1.9208209989876845,
      "226": 2.090907768636403,
      "228": 1.6534782099884846,
      "230": 1.5191987199603056,
      "232": 1.5855120461064285,
      "234": 1.702812071439983,
      "236": 1.8797468412486882,
      "238": 1.4931262715443667,
      "240": 1.5338126089414827,
      "242": 1.6759719534784543,
      "244": 1.712942471043856,
      "246": 1.7632454046350072,
      "248": 1.5949722320631947,
      "250": 1.9698807755165546,
      "252": 1.5635747846302679,
      "254": 1.5455386562113023,
      "256": 1.7156034390346857,
      "258": 1.6520244977564222,
      "260": 1.7516654489126682,
      "262": 1.9142073801107649,
      "264": 1.4742604365580296,
      "266": 1.7653298428220745,
      "268": 1.8096159399163139,
      "270": 1.983206085552847,
      "272": 1.7672864317067176,
      "274": 1.4621494374106576,
      "276": 1.9769609076038157,
      "278": 1.7968383060840074,
      "280": 2.021163966577489,
      "282": 1.6634930069790768,
      "284": 1.5265563074834512,
      "286": 1.6939524902416827,
      "288": 1.9670305332183737,
      "290": 1.7290658477944103,
      "292": 1.639609400369092,
      "294": 1.7786095413530043,
      "296": 1.8713512675106783,
      "298": 1.8795150026273406,
      "300": 1.786666272762123,
      "302": 2.097517727074788,
      "304": 1.678118954514412,
      "306": 1.45289091264078,
      "308": 2.019297006420763,
      "310": 1.867844001583175,
      "312": 1.4806483634385224,
      "314": 1.9512194217937182,
      "316": 2.0040799339163238,
      "318": 2.0403729523112015,
      "320": 1.8013415036477514,
      "322": 1.756687825245093,
      "324": 1.653973735107519,
      "326": 2.110498238791996,
      "328": 1.989987250957612,
      "330": 2.1920991256496607,
      "332": 1.7552859506830734,
      "334": 1.9542217290383361,
      "336": 1.8544228810936756,
      "338": 1.8835847087686817,
      "340": 1.8069403380445737,
      "342": 1.7244539864329709,
      "344": 1.5387366047349986,
      "346": 1.6471678297119252,
      "348": 1.5465333859534978,
      "350": 1.9978761356122732,
      "352": 1.7869338968236894,
      "354": 2.344564882271321,
      "356": 1.8147499266674536,
      "358": 1.7171333632462147,
      "360": 2.114635654007747,
      "362": 1.8555215184029406,
      "364": 1.6189006051125445,
      "366": 1.7042481822088178,
      "368": 1.6552108135255228,
      "370": 2.0524475019139996,
      "372": 1.7069700325985115,
      "374": 1.7484757037635097,
      "376": 1.7687635349115904,
      "378": 1.6881446060037715,
      "380": 1.6283283234948334,
      "382": 1.552485731684481,
      "384": 1.2523851314866246,
      "386": 1.5710052961586891,
      "388": 2.151293301262398,
      "390": 1.897763687186469,
      "392": 1.9222355315355961,
      "394": 1.8724647243658685,
      "396": 1.6971167602479769,
      "398": 1.7517035553590432,
      "400": 1.944587808525779,
      "402": 1.7084768615466106,
      "404": 2.0476276636751827,
      "406": 2.362220078720304,
      "408": 1.6084244232570215,
      "410": 1.7989300874572554,
      "412": 1.5380853277094615,
      "414": 1.862778198116491,
      "416": 1.7132216060720826,
      "418": 1.3949836689101516,
      "420": 1.7887648532698106,
      "422": 1.4849037284707491,
      "424": 1.6972874724075113,
      "426": 1.430848207960496,
      "428": 1.1605503040546865,
      "430": 1.7545472619032618,
      "432": 2.0260115454323446,
      "434": 2.131863517525746,
      "436": 1.5196551779114364,
      "438": 1.7689988571330357,
      "440": 1.3385615240720083,
      "442": 1.7391722751369154,
      "444": 1.8663658230005769,
      "446": 1.5531308924990614,
      "448": 1.9731012740175462,
      "450": 1.8816581466237625,
      "452": 2.102315559627078,
      "454": 1.858680615985495,
      "456": 1.2951942842737647,
      "458": 1.6344817987325204,
      "460": 1.6826204975970465,
      "462": 1.5072160095618037,
      "464": 2.007898839253193,
      "466": 1.639937672606968,
      "468": 2.2676974248079094,
      "470": 2.1579962197328597,
      "472": 2.3545393161452264,
      "474": 1.7477822321922498,
      "476": 1.6880963275441225,
      "478": 1.8480681033220043,
      "480": 2.2020529019260233,
      "482": 1.7161466799003866,
      "484": 1.9865399259547192,
      "486": 2.0600092578580984,
      "488": 1.4358076132341244,
      "490": 2.0739056638821403,
      "492": 1.3838235452523164,
      "494": 1.6045321578347373,
      "496": 1.6603287095466568,
      "498": 1.3570790070247711,
      "500": 1.4363829823632295,
      "502": 1.6269165067274443,
      "504": 1.6782723776780681,
      "506": 1.6981076958245,
      "508": 1.7213025806131372,
      "510": 1.6458512117855608,
      "512": 1.6732695806934827,
      "514": 1.665590625061296,
      "516": 1.66728953376359,
      "518": 1.7336939038021386,
      "520": 1.457129733649806,
      "522": 1.4517250233134849,
      "524": 1.5806952018356453,
      "526": 1.50487697192527,
      "528": 2.8106254499713517,
      "530": 2.227924186117833,
      "532": 1.4314675925640934,
      "534": 2.0233775599966717,
      "536": 1.9372556860078634,
      "538": 1.953246952078024,
      "540": 2.048994122450685,
      "542": 1.5281209656946957,
      "544": 2.219641765314347,
      "546": 1.8044164192181888,
      "548": 1.662598217530944,
      "550": 1.3439092204552998,
      "552": 1.8010838964128824,
      "554": 1.721672960908408,
      "556": 1.9438838949625061,
      "558": 2.0230988763696462,
      "560": 2.3049226992066174,
      "562": 1.7406626396396523,
      "564": 1.8524097659759766,
      "566": 1.6120440525558537,
      "568": 2.0473116965987286,
      "570": 1.8082149087953705,
      "572": 1.0460419569808144,
      "574": 1.5405281909282666,
      "576": 1.7928667508091534,
      "578": 1.8261748951233572,
      "580": 1.9054815247295038,
      "582": 1.322361705402609,
      "584": 2.05718231430413,
      "586": 2.022316883856747,
      "588": 1.9115516462419013,
      "590": 1.5079091808680363,
      "592": 2.073976836915701,
      "594": 2.5233957181040343,
      "596": 1.506295672194613,
      "598": 1.3472864839348295,
      "600": 2.231168801254823,
      "602": 2.164269868395756,
      "604": 1.8504489604447656,
      "606": 1.8066822872701338,
      "608": 1.6909910424782024,
      "610": 1.664071582511452,
      "612": 1.3696798885265786,
      "614": 1.9057161643477625,
      "616": 1.8814428891340993,
      "618": 1.9045243687563214,
      "620": 1.9800974614093594,
      "622": 2.07896880385583,
      "624": 2.035868290007845,
      "626": 2.271936764462027,
      "628": 2.089352002853947,
      "630": 1.913355289710379,
      "632": 2.001057579180406,
      "634": 2.14068779318772,
      "636": 1.8539960958518173,
      "638": 2.1843268120588335,
      "640": 2.243637680675578,
      "642": 1.6253349545393814,
      "644": 1.7172804061765623,
      "646": 1.6490701503739287,
      "648": 2.1123871368406704,
      "650": 2.390115201191742,
      "652": 2.0001474377302157,
      "654": 2.2522105851833327,
      "656": 1.5252661224223998,
      "658": 1.5990538774429375,
      "660": 2.038057164539361,
      "662": 1.7490159770630243,
      "664": 1.9528214576989182,
      "666": 2.0254903352563924,
      "668": 1.6698815159419653,
      "670": 2.34246407132288,
      "672": 1.4003444056590602,
      "674": 2.2691466842492725,
      "676": 1.8249272701252632,
      "678": 1.9941976400681416,
      "680": 1.9595620294119347,
      "682": 1.5601560964744647,
      "684": 1.9794037473302397,
      "686": 1.9580287732059443,
      "688": 1.042768751113518,
      "690": 1.892135492438472,
      "692": 2.22516372002264,
      "694": 1.301834401824632,
      "696": 1.9754829476345237,
      "698": 1.5201453483878433,
      "700": 1.5132225738109804,
      "702": 1.9754223646913487,
      "704": 2.484111669307805,
      "706": 2.1509343887115757,
      "708": 1.5644043466567208,
      "710": 1.8185564645175711,
      "712": 2.1368931740801576,
      "714": 1.8661124768317265,
      "716": 1.6845993987253007,
      "718": 2.208820243605104,
      "720": 1.6225197304998251,
      "722": 2.175278915230257,
      "724": 2.0477384694293623,
      "726": 1.569452737394307,
      "728": 1.7035564276331299,
      "730": 1.9484475695472137,
      "732": 1.728204588108247,
      "734": 2.6375516069488794,
      "736": 1.4769808958384316,
      "738": 1.8037959283252833,
      "740": 2.5028416000145968,
      "742": 2.5408412680618517,
      "744": 1.5641144924775308,
      "746": 1.9461188929227822,
      "748": 1.4251162778468824,
      "750": 1.4695929330545274,
      "752": 2.1925670495703815,
      "754": 1.64382197279917,
      "756": 1.8909957687580083,
      "758": 1.7082652121809216,
      "760": 2.364835333908122,
      "762": 1.9225920929417346,
      "764": 1.5018243240298084,
      "766": 1.7665197994921686,
      "768": 2.0556243286377778,
      "770": 2.0023039105532026,
      "772": 1.3536537308108767,
      "774": 1.8696723011726757,
      "776": 1.8168576468779907,
      "778": 2.12859023592898,
      "780": 1.7212683969618843,
      "782": 1.8373879637506647,
      "784": 1.6750284751785485,
      "788": 2.7381213647170073,
      "790": 1.6482910005366214,
      "792": 1.2040834805823573,
      "794": 1.9391536966696679,
      "796": 1.869351150186123,
      "798": 1.896528024472894,
      "800": 1.879671643087879,
      "802": 1.8844406811802843,
      "804": 2.2295435127350687,
      "806": 1.8842763548447972,
      "808": 1.850626382288568,
      "810": 1.9053416079814225,
      "812": 1.92058948425694,
      "814": 1.8030812561253435,
      "816": 1.5567650162505997,
      "818": 1.8599172937317006,
      "820": 1.3729733422997041,
      "822": 1.5911244710656587,
      "824": 1.8817094307496773,
      "826": 1.9348511301192752,
      "828": 1.8072061035086673,
      "830": 1.5346655202321833,
      "832": 2.1828106605453694,
      "834": 1.4189670237885166,
      "836": 1.9499907275525845,
      "838": 2.088580371643542,
      "840": 2.013475340701392,
      "842": 1.55961466808932,
      "844": 1.8039338766529778,
      "846": 1.3626295488666504,
      "848": 1.8965357199751829,
      "850": 1.7463855481904915,
      "852": 1.7253653474046826,
      "854": 1.1274493443076088,
      "856": 1.9400631382149158,
      "858": 2.7908810273198394,
      "860": 2.0191072904241922,
      "862": 1.60412630960377,
      "864": 1.9204402132938472,
      "866": 1.9656482660988503,
      "868": 1.9962316450503654,
      "870": 1.9653733863912861,
      "872": 1.8391095422247041,
      "874": 1.9229748523805523,
      "876": 1.4909401536391642,
      "878": 2.0216465849584946,
      "880": 1.8500648399727133,
      "882": 1.4881131197161923,
      "884": 2.726190562059898,
      "886": 1.1955202428791416,
      "888": 2.05429977473766,
      "890": 1.4751415371761896,
      "892": 2.0774717385212482,
      "894": 2.3344725453787043,
      "896": 1.4427282356942017,
      "898": 1.6111948312215292,
      "900": 1.5137004725661507,
      "902": 2.2898600208678417,
      "904": 1.4750288385352235,
      "906": 2.1065406833829794,
      "908": 1.6835371804682824,
      "910": 1.9299390975534658,
      "912": 1.915064892223723,
      "914": 1.5163454337874716,
      "916": 1.9277140454502613,
      "918": 1.6855469150375708,
      "920": 1.6657273436586415,
      "922": 2.2110113586631823,
      "924": 2.045100314345727,
      "926": 1.7196784230650886,
      "928": 2.0513892359074655,
      "930": 2.861597689491311,
      "932": 1.8977076053297228,
      "934": 1.933586207030642,
      "936": 1.107307158906026,
      "938": 1.9133495659501614,
      "940": 2.0976650793130247,
      "944": 1.9741376272674813,
      "946": 2.683416545803217,
      "948": 1.7146783606480989,
      "950": 1.8711447982065068,
      "952": 1.799696529654501,
      "954": 2.009321953786406,
      "956": 1.531271236576738,
      "958": 2.5146544346928605,
      "960": 1.6434851447053123,
      "962": 2.0752911810402193,
      "964": 2.275793787913042,
      "966": 2.6800545482218667,
      "968": 1.8960448813461366,
      "974": 2.1623273035843886,
      "976": 1.7691549306458136,
      "978": 1.9251632110476158,
      "980": 2.1345465212663726,
      "982": 2.1260583115494667,
      "984": 0.9475042509033479,
      "986": 1.8037457235177676,
      "988": 2.3452993691252195,
      "990": 0.9812310451727444,
      "992": 1.6436304378963147,
      "994": 2.0167518927524712,
      "996": 2.0073908338911153,
      "998": 2.1097570579074407,
      "1000": 2.037969062129799,
      "1002": 1.6047530279979658,
      "1004": 1.6738198179829418,
      "1006": 2.3861740328089827,
      "1008": 1.897012378513056,
      "1010": 1.9679156368861583,
      "1012": 2.102886457508229,
      "1014": 1.4311412293207972,
      "1016": 1.926825387596971,
      "1018": 1.1255552713026586,
      "1020": 2.124093418444823,
      "1022": 1.5324051135138417,
      "1026": 1.408695697689614,
      "1028": 1.6363939425419243,
      "1030": 1.7212148616895897,
      "1032": 1.2849310890859627,
      "1034": 2.366546267838288,
      "1036": 1.2920030081269465,
      "1038": 1.8930857830421237,
      "1042": 2.1559882111477044,
      "1044": 1.74280350469801,
      "1046": 1.5637208931013453,
      "1048": 2.569985703501166,
      "1050": 2.0104346925495307,
      "1052": 1.3225132154595731,
      "1054": 2.0064816555288387,
      "1056": 2.394134393952023,
      "1058": 1.476595533915471,
      "1060": 1.9290982815752626,
      "1064": 1.2152141744947031,
      "1066": 1.6652975478419267,
      "1068": 1.6425728378857218,
      "1070": 1.4406450647954547,
      "1072": 1.706689103866799,
      "1074": 1.222801622707381,
      "1082": 1.3820601221293591,
      "1084": 1.3007525892346352,
      "1090": 2.214027823177334,
      "1092": 1.3295821117893154,
      "1094": 2.32270621965538,
      "1096": 1.16765042401243,
      "1100": 2.019769661662388,
      "1102": 1.1763459602723052,
      "1104": 1.9403942726919723,
      "1106": 2.8543269149122135,
      "1108": 1.8216750656016019,
      "1110": 1.5571478342838394,
      "1112": 2.0107585620847357,
      "1114": 1.605872236777877,
      "1116": 2.2682030056606854,
      "1118": 1.4963444169165685,
      "1120": 1.3006772732799081,
      "1124": 2.19757922465415,
      "1126": 1.5019050713615896,
      "1128": 1.543998695105145,
      "1130": 1.8133029020527163,
      "1132": 2.116782176210207,
      "1134": 2.6429584211929518,
      "1138": 1.7671758481760067,
      "1140": 2.3146525191561076,
      "1142": 1.0685322832743274,
      "1144": 1.7979835923349223,
      "1146": 1.5974755271950816,
      "1148": 1.8340139542507248,
      "1150": 1.6648246718220159,
      "1152": 1.7105608320329249,
      "1154": 2.2062093794771074,
      "1156": 1.80948922515381,
      "1158": 2.62956798903509,
      "1160": 1.5927028313216205,
      "1162": 1.9749215337656918,
      "1164": 1.7484944341104904,
      "1166": 1.3203333365445715,
      "1168": 1.554850956921344,
      "1172": 1.4214031587891967,
      "1174": 2.0341851959129906,
      "1176": 2.032861725964343,
      "1178": 1.7673016818188456,
      "1182": 1.4211668709144027,
      "1184": 2.250600019146897,
      "1186": 1.1809880619763355,
      "1188": 2.1861651495702463,
      "1190": 1.6669692398782976,
      "1194": 2.0465366863133956,
      "1198": 1.100056977434806,
      "1200": 1.4840096798283033,
      "1204": 1.118689800275219,
      "1206": 2.1832518121832134,
      "1208": 2.127497427515095,
      "1210": 1.8293201957253389,
      "1212": 1.588908094636408,
      "1214": 1.768091922801207,
      "1216": 1.189033196248987,
      "1218": 1.4392682666430874,
      "1220": 2.2925553749884355,
      "1224": 2.2287786721327216,
      "1226": 1.7731021619808223,
      "1228": 1.5652582919644487,
      "1230": 1.6047723705010823,
      "1232": 1.4368360990393692,
      "1234": 2.5368237703835197,
      "1236": 1.7419881273213407,
      "1238": 2.839389487693849,
      "1240": 2.147638291188204,
      "1244": 1.7754988003594878,
      "1246": 2.141800101183273,
      "1248": 1.6459151961753218,
      "1250": 1.4639154542007788,
      "1252": 2.3908628852263214,
      "1258": 2.3426889919930733,
      "1260": 1.6576503215174294,
      "1262": 1.560309629351618,
      "1272": 2.5109643539680313,
      "1274": 2.5716093416269037,
      "1278": 1.3487980004929874,
      "1282": 1.7842423121264863,
      "1286": 1.3518148107038594,
      "1288": 2.402117825187579,
      "1290": 1.8893157669791973,
      "1292": 1.643973276135112,
      "1294": 1.619825005199016,
      "1296": 1.351421966472208,
      "1298": 1.4125869891961527,
      "1304": 3.0081532773460538,
      "1306": 2.0875744256713915,
      "1308": 2.718555823724014,
      "1310": 1.94617564269103,
      "1314": 1.9374260617104027,
      "1316": 1.5759233661193595,
      "1318": 1.5645485168255737,
      "1322": 2.1840964046234523,
      "1326": 1.3611541049840354,
      "1328": 1.464846232735174,
      "1330": 2.64454045298453,
      "1334": 1.8463343475452532,
      "1336": 2.0915775055631824,
      "1340": 1.4463598071966557,
      "1342": 1.647456280511971,
      "1344": 2.0362993704120878,
      "1346": 1.08539171948909,
      "1348": 0.7996653379013435,
      "1350": 1.689704183359594,
      "1352": 1.7592947873487146,
      "1354": 1.914745079121379,
      "1358": 2.2864226567270776,
      "1360": 1.543869458264236,
      "1362": 2.009734636539145,
      "1366": 1.8004666497614616,
      "1368": 2.194242076672938,
      "1370": 1.942834295292467,
      "1372": 2.3696120866837065,
      "1374": 2.694628556772549,
      "1376": 1.1410101870858846,
      "1378": 1.9354275752709251,
      "1380": 1.4014179453026014,
      "1386": 1.5603432206862515,
      "1388": 1.1505332931574335,
      "1390": 1.5202865963901522,
      "1392": 1.814431170764193,
      "1394": 2.633187573056087,
      "1398": 1.2736816309309418,
      "1400": 2.006524607100411,
      "1402": 1.3431591966874799,
      "1404": 0.937944299968989,
      "1406": 1.6400622451856437,
      "1410": 1.8082389962507062,
      "1412": 1.915651929425828,
      "1414": 1.37227841752113,
      "1416": 2.0958551510071444,
      "1418": 2.2526401030959384,
      "1422": 1.9592478041089643,
      "1424": 0.5708346375372502,
      "1426": 2.565971587583613,
      "1428": 1.5391372160324726,
      "1430": 1.9860429646170057,
      "1434": 1.6010256968261454,
      "1436": 1.7954665072947442,
      "1440": 1.4930514650601523,
      "1450": 1.8708552755044683,
      "1452": 1.7274917527243892,
      "1454": 1.6449796668348045,
      "1456": 1.6997349246141287,
      "1458": 1.5352337222749919,
      "1460": 1.311461527998113,
      "1464": 1.3393262724794104,
      "1466": 0.8268622336846783,
      "1468": 0.9264842974686596,
      "1472": 2.328905686627211,
      "1474": 1.5901737462409293,
      "1476": 1.691763077426165,
      "1478": 1.6068077977988688,
      "1480": 2.0759841666105796,
      "1482": 1.0760502383950994,
      "1486": 1.8913853512275116,
      "1490": 2.0918297154462686,
      "1492": 1.9325823128519253,
      "1498": 0.7906138032521106,
      "1504": 1.5143167878118935,
      "1506": 2.8493504958672964,
      "1508": 1.6714306130922538,
      "1510": 2.5233097553217045,
      "1512": 1.7611254464819484,
      "1518": 1.171377154171156,
      "1520": 1.5296432552151555,
      "1522": 1.7807445779169326,
      "1528": 2.3589947121882484,
      "1534": 2.070023830765745,
      "1542": 1.994900852531419,
      "1548": 1.9357034950565226,
      "1552": 2.4040124860683902,
      "1554": 1.9558260858830292,
      "1558": 1.632063034766801,
      "1562": 2.305992701093099,
      "1564": 1.5590557021841374,
      "1566": 2.0462045679000913,
      "1568": 2.178358014033456,
      "1570": 2.0009597428443455,
      "1574": 1.4462390999376837,
      "1576": 0.888383655941025,
      "1582": 1.7244056524287148,
      "1586": 1.8199817139906427,
      "1590": 1.7329102541338919,
      "1594": 1.531678108220661,
      "1596": 1.7802875534337872,
      "1604": 1.5581595941479534,
      "1606": 1.3404563806061662,
      "1616": 2.1469178491750127,
      "1620": 1.5598360533157307,
      "1622": 2.4539220808933924,
      "1624": 1.7948303509902792,
      "1626": 2.0250541382163956,
      "1630": 1.0849856619018867,
      "1634": 1.2848310272317471,
      "1636": 1.2420071343721373,
      "1638": 1.5787033824703927,
      "1642": 1.7819966105550167,
      "1644": 1.3815752551051579,
      "1646": 1.3358418394407499,
      "1652": 1.626327515745503,
      "1654": 1.7424680551981135,
      "1660": 2.369652419974882,
      "1666": 1.7524322837480548,
      "1672": 1.4580106138328293,
      "1674": 1.1112389355177459,
      "1688": 1.4132175284087958,
      "1694": 1.5500466533904995,
      "1700": 1.021809236568994,
      "1702": 2.7025888344347075,
      "1710": 1.8295325489993213,
      "1718": 2.71615561221078,
      "1720": 2.2515351729030204,
      "1722": 1.6448357961803195,
      "1726": 0.9121086261996334,
      "1734": 1.0144275904219275,
      "1738": 1.819835852681253,
      "1742": 2.2454355983945162,
      "1744": 2.6678308463190215,
      "1752": 2.7491227520922186,
      "1754": 1.9192268218971633,
      "1764": 2.1600471027060975,
      "1784": 2.205374976620659,
      "1790": 2.552417790283459,
      "1798": 1.9038657080392292,
      "1802": 1.795918919111246,
      "1812": 1.5016294400287877,
      "1816": 1.4020356075169176,
      "1830": 2.2962962351350837,
      "1848": 2.738426834142071,
      "1850": 2.0894751461481835,
      "1854": 2.1888783167581765,
      "1858": 1.099805505573526,
      "1862": 2.010710942992441,
      "1866": 1.7624062806186314,
      "1874": 1.8199781618156388,
      "1876": 1.962260375367784,
      "1878": 1.8074242344975708,
      "1882": 1.0933227937352699,
      "1890": 1.5014384688662732,
      "1892": 2.0856237386467225,
      "1894": 1.3299065773105925,
      "1896": 1.9290354407791521,
      "1898": 1.177505221525008,
      "1900": 1.5153268103646922,
      "1902": 1.0168795809471058,
      "1910": 2.0788989862369327,
      "1914": 1.4441914788961674,
      "1928": 2.341574320101711,
      "1932": 2.259548234324738,
      "1934": 1.9114796612513707,
      "1940": 2.6071708760936882,
      "1946": 1.6820602360963257,
      "1948": 2.2813555522986144,
      "1960": 2.4729122185592747,
      "1962": 2.0532627636809093,
      "1982": 2.0813285781996123,
      "1988": 2.70671839445313,
      "1996": 2.702623928346116,
      "1998": 2.1382403176594464,
      "2012": 1.0933405439727544,
      "2018": 1.9283569832007998,
      "2020": 1.084363391919491,
      "2028": 1.9195630646966177,
      "2034": 1.4846807286420955,
      "2052": 2.4992113899130275,
      "2060": 1.7074680758759502,
      "2068": 1.868462156180648,
      "2070": 2.3228101955043,
      "2074": 2.291496454351734,
      "2104": 2.4120955298542666,
      "2106": 1.9130643833832068,
      "2116": 1.6467648368698826,
      "2118": 2.037284664429299,
      "2154": 2.1037888246352923,
      "2172": 1.4216558187162853,
      "2174": 2.144972694467515,
      "2186": 1.0943121234224853,
      "2204": 1.2554212687589883,
      "2214": 1.9408830019358712,
      "2238": 1.846142286510584,
      "2240": 1.2214788633867342,
      "2254": 2.1617096523390886,
      "2256": 1.7292229409856215,
      "2268": 1.3090688345700618,
      "2280": 1.96583315709211,
      "2310": 1.5366283429676781,
      "2328": 2.455736532004106,
      "2334": 1.7307579706589244,
      "2336": 1.0245816400257832,
      "2362": 1.9482210942204383,
      "2372": 2.0918322736155943,
      "2374": 1.6680751676073637,
      "2388": 1.5252408696801456,
      "2402": 1.8257028910708113,
      "2406": 1.7903622864602604,
      "2418": 1.6902059590063097,
      "2454": 2.113507034034157,
      "2474": 1.343089144476437,
      "2486": 1.5957984673425414,
      "2498": 2.233996693926542,
      "2506": 1.7068238330790049,
      "2526": 1.2961485344394317,
      "2560": 1.4920085405104084,
      "2566": 1.866620287389762,
      "2578": 0.9544079113452631,
      "2588": 1.4726405123236477,
      "2594": 1.6626281641737435,
      "2622": 1.735425765286439,
      "2638": 2.0381907276404845,
      "2646": 3.0394829669245804,
      "2648": 2.7122629813630277,
      "2676": 2.0975056539832293,
      "2736": 1.458587082287046,
      "2756": 1.719037472034535,
      "2770": 1.844452477469976,
      "2774": 2.0726015517802865,
      "2784": 1.8023695155676558,
      "2814": 1.4535106406022051,
      "2818": 2.4386651228777834,
      "2878": 1.2867286856562035,
      "2882": 2.29278354291352,
      "2921": 1.710223115893347,
      "2941": 1.0890490981496166,
      "2953": 2.2720227722831634,
      "2963": 2.038131515579409,
      "2997": 1.6678847413399598,
      "2999": 2.7011467929191637,
      "3019": 1.2197132215460875,
      "3035": 1.3162556790756692,
      "3039": 0.7809859358696473,
      "3045": 2.1702289526256604,
      "3055": 1.5157179640396758,
      "3093": 1.3877270279011737,
      "3115": 1.4555720282851623,
      "3179": 1.5095537300046162,
      "3195": 1.4187923621311158,
      "3199": 2.283132467247115,
      "3201": 2.751398210763868,
      "3213": 1.2495472283382651,
      "3231": 1.2286488305926955,
      "3247": 1.8195207688974906,
      "3291": 2.3694810502888366,
      "3301": 2.101406891527637,
      "3313": 1.922675284263339,
      "3317": 2.639483823753838,
      "3369": 2.3479264104144533,
      "3383": 1.7991852047768555,
      "3451": 1.2435074165577145,
      "3505": 1.3863001487580324,
      "3591": 2.2601503745109808,
      "3607": 1.3616955671796427,
      "3667": 1.183407262903052,
      "3779": 1.8395541945572014,
      "3825": 1.4976282381036852,
      "3883": 1.6615979405920605,
      "4107": 1.195934604695818,
      "4137": 2.2388658189287103,
      "4239": 1.658812607190276,
      "4263": 2.7481016910010347,
      "4319": 1.106894472930632,
      "4363": 1.669713184496168,
      "4411": 1.2500030937579623,
      "4601": 2.367258144613931,
      "4853": 2.184687977451522,
      "4947": 1.5995577076301233,
      "4971": 2.0668935904017234
    },
    "pt5": {
      "2": 39.189598083496094,
      "4": 35.14855194091797,
      "6": 31.73206901550293,
      "8": 30.05280303955078,
      "10": 0.0,
      "12": 0.0,
      "14": 0.0,
      "16": 0.0,
      "18": 0.0,
      "20": 0.0,
      "22": 0.0,
      "24": 0.0,
      "26": 0.0,
      "28": 0.0,
      "30": 0.0,
      "32": 0.0,
      "34": 0.0,
      "36": 0.0,
      "38": 0.0,
      "40": 0.0,
      "42": 0.0,
      "44": 0.0,
      "46": 0.0,
      "48": 0.0,
      "50": 0.0,
      "52": 0.0,
      "54": 0.0,
      "56": 0.0,
      "58": 0.0,
      "60": 0.0,
      "62": 0.0,
      "64": 30.018383026123047,
      "66": 0.0,
      "68": 0.0,
      "70": 0.0,
      "72": 0.0,
      "74": 0.0,
      "76": 0.0,
      "78": 30.94976806640625,
      "80": 0.0,
      "82": 0.0,
      "84": 0.0,
      "86": 0.0,
      "88": 30.73789691925049,
      "90": 15.300695419311523,
      "92": 32.27488708496094,
      "94": 0.0,
      "96": 0.0,
      "98": 0.0,
      "100": 0.0,
      "102": 31.309502601623535,
      "104": 32.12230110168457,
      "106": 31.187114715576172,
      "108": 31.21140193939209,
      "110": 0.0,
      "112": 30.680811882019043,
      "114": 31.877254486083984,
      "116": 31.777183532714844,
      "118": 30.109060287475586,
      "120": 30.29932403564453,
      "122": 33.28786659240723,
      "124": 32.32926368713379,
      "126": 31.778045654296875,
      "128": 31.103276252746582,
      "130": 33.075931549072266,
      "132": 33.77548027038574,
      "134": 33.504852294921875,
      "136": 30.62127113342285,
      "138": 33.19590187072754,
      "140": 32.02406120300293,
      "142": 33.16264724731445,
      "144": 0.0,
      "146": 31.25010108947754,
      "148": 32.9247932434082,
      "150": 0.0,
      "152": 0.0,
      "154": 32.79425811767578,
      "156": 33.14767265319824,
      "158": 34.80978012084961,
      "160": 30.958641052246094,
      "162": 34.03990364074707,
      "164": 33.39850997924805,
      "166": 31.575468063354492,
      "168": 33.626970291137695,
      "170": 36.44197463989258,
      "172": 32.30398178100586,
      "174": 33.87572479248047,
      "176": 34.973697662353516,
      "178": 35.97378349304199,
      "180": 34.38610076904297,
      "182": 35.54598426818848,
      "184": 33.77652168273926,
      "186": 34.451168060302734,
      "188": 36.400421142578125,
      "190": 35.70438003540039,
      "192": 38.793190002441406,
      "194": 34.99974060058594,
      "196": 38.490652084350586,
      "198": 34.231239318847656,
      "200": 34.3585319519043,
      "202": 35.747175216674805,
      "204": 33.325496673583984,
      "206": 33.47075080871582,
      "208": 34.282493591308594,
      "210": 33.8193473815918,
      "212": 35.07763671875,
      "214": 34.68218231201172,
      "216": 40.72885704040527,
      "218": 36.845428466796875,
      "220": 33.988285064697266,
      "222": 35.278141021728516,
      "224": 36.94104194641113,
      "226": 37.04934310913086,
      "228": 36.356645584106445,
      "230": 36.0114860534668,
      "232": 31.94921875,
      "234": 36.61557388305664,
      "236": 35.93375015258789,
      "238": 37.832672119140625,
      "240": 36.480587005615234,
      "242": 38.05698776245117,
      "244": 36.31915283203125,
      "246": 35.48362159729004,
      "248": 35.399169921875,
      "250": 37.006290435791016,
      "252": 33.01413345336914,
      "254": 33.734291076660156,
      "256": 36.00937271118164,
      "258": 33.10578155517578,
      "260": 38.55942153930664,
      "262": 37.17022705078125,
      "264": 36.47349166870117,
      "266": 37.885318756103516,
      "268": 33.17721366882324,
      "270": 36.43980407714844,
      "272": 36.15409469604492,
      "274": 36.261688232421875,
      "276": 35.993045806884766,
      "278": 36.99311447143555,
      "280": 38.48564147949219,
      "282": 38.81716728210449,
      "284": 34.15713119506836,
      "286": 37.26083946228027,
      "288": 35.54588317871094,
      "290": 36.47578811645508,
      "292": 38.1187858581543,
      "294": 34.22558784484863,
      "296": 33.63530349731445,
      "298": 37.286537170410156,
      "300": 39.80927848815918,
      "302": 35.66145896911621,
      "304": 15.27662467956543,
      "306": 34.771793365478516,
      "308": 37.65012741088867,
      "310": 40.459808349609375,
      "312": 35.27142333984375,
      "314": 37.73352813720703,
      "316": 41.405757904052734,
      "318": 41.80397415161133,
      "320": 37.13149452209473,
      "322": 37.175662994384766,
      "324": 34.38168525695801,
      "326": 38.98163986206055,
      "328": 40.32057189941406,
      "330": 37.103355407714844,
      "332": 37.93045425415039,
      "334": 39.65594673156738,
      "336": 32.69939613342285,
      "338": 35.862504959106445,
      "340": 34.294891357421875,
      "342": 36.651241302490234,
      "344": 36.85628890991211,
      "346": 37.15614128112793,
      "348": 40.05091667175293,
      "350": 39.370948791503906,
      "352": 37.40142250061035,
      "354": 36.89149475097656,
      "356": 0.0,
      "358": 35.892215728759766,
      "360": 34.268394470214844,
      "362": 40.570199966430664,
      "364": 39.18906211853027,
      "366": 36.13880920410156,
      "368": 35.725730895996094,
      "370": 38.072147369384766,
      "372": 41.1061897277832,
      "374": 32.74803924560547,
      "376": 38.19606399536133,
      "378": 36.11921691894531,
      "380": 40.47903060913086,
      "382": 38.501617431640625,
      "384": 37.00200080871582,
      "386": 39.983985900878906,
      "388": 32.91704177856445,
      "390": 38.941274642944336,
      "392": 34.22684097290039,
      "394": 42.49245643615723,
      "396": 36.17767333984375,
      "398": 39.35235023498535,
      "400": 37.29573631286621,
      "402": 35.50003242492676,
      "404": 33.99410629272461,
      "406": 34.0328311920166,
      "408": 39.441429138183594,
      "410": 38.80205154418945,
      "412": 35.81619644165039,
      "414": 37.914894104003906,
      "416": 42.3058967590332,
      "418": 39.15410232543945,
      "420": 35.34653854370117,
      "422": 36.32047653198242,
      "424": 36.60970687866211,
      "426": 36.18935012817383,
      "428": 41.80091094970703,
      "430": 35.90541648864746,
      "432": 41.072547912597656,
      "434": 38.4033203125,
      "436": 37.96180725097656,
      "438": 39.942012786865234,
      "440": 37.84750175476074,
      "442": 42.87044906616211,
      "444": 34.59739685058594,
      "446": 39.6395378112793,
      "448": 44.71046447753906,
      "450": 41.73531723022461,
      "452": 34.92531204223633,
      "454": 40.891151428222656,
      "456": 44.29499435424805,
      "458": 37.09711456298828,
      "460": 35.66062927246094,
      "462": 39.642940521240234,
      "464": 37.259891510009766,
      "466": 36.47237014770508,
      "468": 40.88581466674805,
      "470": 37.2771110534668,
      "472": 35.80183410644531,
      "474": 35.02798271179199,
      "476": 38.45735549926758,
      "478": 41.71578025817871,
      "480": 38.75480270385742,
      "482": 36.05589294433594,
      "484": 39.03213119506836,
      "486": 44.250213623046875,
      "488": 40.00628089904785,
      "490": 45.78580856323242,
      "492": 41.079307556152344,
      "494": 40.321489334106445,
      "496": 40.226234436035156,
      "498": 42.242210388183594,
      "500": 38.88654136657715,
      "502": 40.088890075683594,
      "504": 35.84235763549805,
      "506": 39.603633880615234,
      "508": 39.615739822387695,
      "510": 36.402896881103516,
      "512": 31.046283721923828,
      "514": 37.084720611572266,
      "516": 38.84078025817871,
      "518": 36.02364730834961,
      "520": 34.22504806518555,
      "522": 37.50576972961426,
      "524": 39.78866958618164,
      "526": 39.1865348815918,
      "528": 32.32585620880127,
      "530": 16.333093643188477,
      "532": 33.04478073120117,
      "534": 33.19418716430664,
      "536": 38.645843505859375,
      "538": 40.79810333251953,
      "540": 40.48566818237305,
      "542": 36.643409729003906,
      "544": 32.90766906738281,
      "546": 33.90083312988281,
      "548": 33.58949279785156,
      "550": 40.81117248535156,
      "552": 32.12603759765625,
      "554": 33.44763946533203,
      "556": 42.723941802978516,
      "558": 39.893917083740234,
      "560": 41.071598052978516,
      "562": 39.86276626586914,
      "564": 39.1694450378418,
      "566": 41.13420104980469,
      "568": 38.160255432128906,
      "570": 33.284019470214844,
      "572": 35.132728576660156,
      "574": 44.732500076293945,
      "576": 38.071266174316406,
      "578": 40.57599449157715,
      "580": 32.91923713684082,
      "582": 37.88171577453613,
      "584": 37.1822395324707,
      "586": 36.827781677246094,
      "588": 41.147560119628906,
      "590": 34.86408996582031,
      "592": 44.21603012084961,
      "594": 38.1140251159668,
      "596": 42.982635498046875,
      "598": 38.650238037109375,
      "600": 36.63860321044922,
      "602": 42.17474174499512,
      "604": 38.58913803100586,
      "606": 38.28709411621094,
      "608": 36.87476348876953,
      "610": 37.411190032958984,
      "612": 41.65476989746094,
      "614": 44.04216957092285,
      "616": 36.25041580200195,
      "618": 35.81484031677246,
      "620": 38.3060302734375,
      "622": 33.76634216308594,
      "624": 36.866350173950195,
      "626": 40.44373321533203,
      "628": 45.12989616394043,
      "630": 39.50792121887207,
      "632": 41.63149642944336,
      "634": 40.813310623168945,
      "636": 46.5238151550293,
      "638": 33.61539077758789,
      "640": 44.947479248046875,
      "642": 34.503068923950195,
      "644": 16.185150146484375,
      "646": 34.953914642333984,
      "648": 41.13807678222656,
      "650": 50.122684478759766,
      "652": 45.89386749267578,
      "654": 40.31353759765625,
      "656": 40.060951232910156,
      "658": 45.22093200683594,
      "660": 40.19443702697754,
      "662": 39.73761177062988,
      "664": 45.149471282958984,
      "666": 39.69526672363281,
      "668": 34.508544921875,
      "670": 38.687156677246094,
      "672": 32.60859680175781,
      "674": 33.56480598449707,
      "676": 43.32027816772461,
      "678": 35.50728225708008,
      "680": 36.328453063964844,
      "682": 39.19490432739258,
      "684": 35.202720642089844,
      "686": 39.364017486572266,
      "688": 43.161441802978516,
      "690": 39.622528076171875,
      "692": 32.73230743408203,
      "694": 40.809600830078125,
      "696": 42.949337005615234,
      "698": 41.784793853759766,
      "700": 44.528419494628906,
      "702": 37.172515869140625,
      "704": 40.62953758239746,
      "706": 38.383527755737305,
      "708": 41.88429260253906,
      "710": 41.2683219909668,
      "712": 42.274314880371094,
      "714": 40.00680923461914,
      "716": 34.3536434173584,
      "718": 40.173240661621094,
      "720": 41.025856018066406,
      "722": 39.36806106567383,
      "724": 33.43355178833008,
      "726": 41.015058517456055,
      "728": 36.93798828125,
      "730": 47.04118347167969,
      "732": 39.964012145996094,
      "734": 42.25362014770508,
      "736": 34.44024848937988,
      "738": 38.731834411621094,
      "740": 42.47160720825195,
      "742": 34.773109436035156,
      "744": 39.24065017700195,
      "746": 35.286277770996094,
      "748": 43.36438751220703,
      "750": 47.13068199157715,
      "752": 32.01691436767578,
      "754": 36.83670234680176,
      "756": 43.46721267700195,
      "758": 36.35017776489258,
      "760": 42.63539123535156,
      "762": 38.50502014160156,
      "764": 34.65780258178711,
      "766": 40.904449462890625,
      "768": 39.4338264465332,
      "770": 0.0,
      "772": 42.0020751953125,
      "774": 0.0,
      "776": 39.36270523071289,
      "778": 47.02312088012695,
      "780": 45.1346549987793,
      "782": 40.43694877624512,
      "784": 37.8021125793457,
      "788": 37.245548248291016,
      "790": 36.39824676513672,
      "792": 36.216322898864746,
      "794": 15.44959545135498,
      "796": 39.84412384033203,
      "798": 42.02065849304199,
      "800": 45.65881538391113,
      "802": 44.778465270996094,
      "804": 38.525299072265625,
      "806": 32.13115310668945,
      "808": 35.847190856933594,
      "810": 41.4318733215332,
      "812": 38.56972122192383,
      "814": 43.46443557739258,
      "816": 40.31379699707031,
      "818": 44.15031623840332,
      "820": 40.631948471069336,
      "822": 48.338308334350586,
      "824": 39.979976654052734,
      "826": 40.00796890258789,
      "828": 41.247182846069336,
      "830": 40.65962600708008,
      "832": 35.47598457336426,
      "834": 34.11577606201172,
      "836": 38.63059997558594,
      "838": 47.02347946166992,
      "840": 33.973745346069336,
      "842": 18.241470336914062,
      "844": 46.07436943054199,
      "846": 48.42557907104492,
      "848": 40.55286407470703,
      "850": 43.7314338684082,
      "852": 48.07379913330078,
      "854": 43.441532135009766,
      "856": 40.72938346862793,
      "858": 36.12137985229492,
      "860": 17.96303939819336,
      "862": 39.75049591064453,
      "864": 38.48882484436035,
      "866": 39.89352798461914,
      "868": 34.470970153808594,
      "870": 36.27703094482422,
      "872": 44.481130599975586,
      "874": 30.369544982910156,
      "876": 40.24127197265625,
      "878": 49.851104736328125,
      "880": 17.706806182861328,
      "882": 34.71179962158203,
      "884": 0.0,
      "886": 39.32741737365723,
      "888": 38.86886024475098,
      "890": 44.4421443939209,
      "892": 35.92083740234375,
      "894": 41.426414489746094,
      "896": 44.195491790771484,
      "898": 41.694719314575195,
      "900": 37.02132034301758,
      "902": 32.34748840332031,
      "904": 49.39456367492676,
      "906": 43.63992691040039,
      "908": 32.93364334106445,
      "910": 49.295284271240234,
      "912": 47.52847671508789,
      "914": 45.96451187133789,
      "916": 43.58552169799805,
      "918": 47.90609359741211,
      "920": 46.88977813720703,
      "922": 35.12684631347656,
      "924": 44.38218879699707,
      "926": 38.677547454833984,
      "928": 33.37345504760742,
      "930": 46.11788558959961,
      "932": 37.008527755737305,
      "934": 37.11909103393555,
      "936": 41.837257385253906,
      "938": 36.97826385498047,
      "940": 38.34507751464844,
      "944": 43.30727005004883,
      "946": 34.862749099731445,
      "948": 41.10176086425781,
      "950": 36.90290832519531,
      "952": 41.692148208618164,
      "954": 46.789241790771484,
      "956": 32.916038513183594,
      "958": 38.997520446777344,
      "960": 42.62770080566406,
      "962": 39.69851112365723,
      "964": 40.90974235534668,
      "966": 0.0,
      "968": 34.81674575805664,
      "974": 20.610408782958984,
      "976": 46.84800338745117,
      "978": 36.30986022949219,
      "980": 39.84039878845215,
      "982": 38.36186408996582,
      "984": 40.28438186645508,
      "986": 48.59368324279785,
      "988": 36.30544662475586,
      "990": 41.06834411621094,
      "992": 47.313499450683594,
      "994": 15.756148338317871,
      "996": 35.786895751953125,
      "998": 33.5449857711792,
      "1000": 39.36505126953125,
      "1002": 37.352935791015625,
      "1004": 33.065467834472656,
      "1006": 45.732208251953125,
      "1008": 42.860069274902344,
      "1010": 33.95901107788086,
      "1012": 37.98977279663086,
      "1014": 40.112030029296875,
      "1016": 39.25554847717285,
      "1018": 37.307233810424805,
      "1020": 37.5556583404541,
      "1022": 39.16920852661133,
      "1026": 44.902984619140625,
      "1028": 35.37941932678223,
      "1030": 40.424726486206055,
      "1032": 38.249385833740234,
      "1034": 42.88054275512695,
      "1036": 49.96523475646973,
      "1038": 44.94285583496094,
      "1042": 44.279747009277344,
      "1044": 43.300804138183594,
      "1046": 34.799678802490234,
      "1048": 38.814796447753906,
      "1050": 33.32989501953125,
      "1052": 39.33548355102539,
      "1054": 39.15108680725098,
      "1056": 38.41621971130371,
      "1058": 37.5806770324707,
      "1060": 39.728275299072266,
      "1064": 42.856727600097656,
      "1066": 45.09782409667969,
      "1068": 41.719404220581055,
      "1070": 44.19328308105469,
      "1072": 39.37887382507324,
      "1074": 38.11140823364258,
      "1082": 44.6890983581543,
      "1084": 44.46730422973633,
      "1090": 39.29595947265625,
      "1092": 39.12958335876465,
      "1094": 55.00965118408203,
      "1096": 51.26699256896973,
      "1100": 0.0,
      "1102": 50.32473182678223,
      "1104": 42.92339324951172,
      "1106": 47.03363800048828,
      "1108": 42.75907516479492,
      "1110": 46.035600662231445,
      "1112": 45.51295852661133,
      "1114": 36.225730895996094,
      "1116": 36.1152400970459,
      "1118": 42.44207763671875,
      "1120": 41.30815505981445,
      "1124": 47.667354583740234,
      "1126": 43.18816375732422,
      "1128": 35.72575378417969,
      "1130": 40.07111358642578,
      "1132": 42.57697677612305,
      "1134": 37.880085945129395,
      "1138": 45.19298553466797,
      "1140": 34.375972747802734,
      "1142": 43.22087287902832,
      "1144": 40.191349029541016,
      "1146": 36.72611618041992,
      "1148": 37.439029693603516,
      "1150": 33.04605484008789,
      "1152": 52.286964416503906,
      "1154": 39.30232238769531,
      "1156": 32.199378967285156,
      "1158": 40.43692398071289,
      "1160": 46.41105270385742,
      "1162": 47.627281188964844,
      "1164": 35.08964920043945,
      "1166": 37.847496032714844,
      "1168": 47.808712005615234,
      "1172": 46.295610427856445,
      "1174": 42.34444236755371,
      "1176": 39.47886848449707,
      "1178": 37.316680908203125,
      "1182": 43.77626037597656,
      "1184": 44.041391372680664,
      "1186": 41.172271728515625,
      "1188": 40.325504302978516,
      "1190": 44.656646728515625,
      "1194": 35.753536224365234,
      "1198": 33.76073455810547,
      "1200": 42.0703010559082,
      "1204": 49.6025505065918,
      "1206": 52.39349555969238,
      "1208": 45.86399841308594,
      "1210": 41.28820037841797,
      "1212": 43.59617233276367,
      "1214": 40.65662384033203,
      "1216": 43.63340950012207,
      "1218": 41.22555351257324,
      "1220": 0.0,
      "1224": 31.690380096435547,
      "1226": 40.4626579284668,
      "1228": 32.941043853759766,
      "1230": 41.548105239868164,
      "1232": 33.879438400268555,
      "1234": 37.63674354553223,
      "1236": 35.615604400634766,
      "1238": 34.40663146972656,
      "1240": 44.779951095581055,
      "1244": 39.673370361328125,
      "1246": 35.78755187988281,
      "1248": 38.8482723236084,
      "1250": 42.39174461364746,
      "1252": 43.19582176208496,
      "1258": 43.84223175048828,
      "1260": 46.74068641662598,
      "1262": 40.43560218811035,
      "1272": 36.259342193603516,
      "1274": 37.74802780151367,
      "1278": 39.837860107421875,
      "1282": 38.195926666259766,
      "1286": 41.86933135986328,
      "1288": 32.76590442657471,
      "1290": 44.35527420043945,
      "1292": 33.730600357055664,
      "1294": 39.860517501831055,
      "1296": 44.540205001831055,
      "1298": 43.486942291259766,
      "1304": 40.23097038269043,
      "1306": 39.10039710998535,
      "1308": 48.98835372924805,
      "1310": 37.92166519165039,
      "1314": 44.07977104187012,
      "1316": 40.02649688720703,
      "1318": 42.54477882385254,
      "1322": 40.71764945983887,
      "1326": 38.15159225463867,
      "1328": 32.23977851867676,
      "1330": 41.48539352416992,
      "1334": 39.83540725708008,
      "1336": 35.35008239746094,
      "1340": 44.571861267089844,
      "1342": 49.73708152770996,
      "1344": 0.0,
      "1346": 40.11897277832031,
      "1348": 48.9971923828125,
      "1350": 52.96667289733887,
      "1352": 40.155799865722656,
      "1354": 48.14031219482422,
      "1358": 45.44831848144531,
      "1360": 39.94347381591797,
      "1362": 34.39168930053711,
      "1366": 42.30611038208008,
      "1368": 33.07800483703613,
      "1370": 48.628177642822266,
      "1372": 60.02324295043945,
      "1374": 40.45124816894531,
      "1376": 38.119001388549805,
      "1378": 50.933197021484375,
      "1380": 35.7586727142334,
      "1386": 42.71756935119629,
      "1388": 36.88106918334961,
      "1390": 39.67531967163086,
      "1392": 17.1417179107666,
      "1394": 39.35497856140137,
      "1398": 40.96928405761719,
      "1400": 35.76658630371094,
      "1402": 36.444847106933594,
      "1404": 47.2239875793457,
      "1406": 37.46529769897461,
      "1410": 46.914268493652344,
      "1412": 37.941951751708984,
      "1414": 34.324913024902344,
      "1416": 42.980201721191406,
      "1418": 47.30876541137695,
      "1422": 43.52736854553223,
      "1424": 43.161495208740234,
      "1426": 20.912796020507812,
      "1428": 40.67723846435547,
      "1430": 43.6336784362793,
      "1434": 44.40567398071289,
      "1436": 37.702796936035156,
      "1440": 37.927734375,
      "1450": 35.30622100830078,
      "1452": 42.53618812561035,
      "1454": 51.41497611999512,
      "1456": 38.49088096618652,
      "1458": 44.42161178588867,
      "1460": 42.927913665771484,
      "1464": 42.865766525268555,
      "1466": 39.37892723083496,
      "1468": 57.81400680541992,
      "1472": 42.458614349365234,
      "1474": 53.37429428100586,
      "1476": 49.903493881225586,
      "1478": 0.0,
      "1480": 42.332420349121094,
      "1482": 39.514848709106445,
      "1486": 44.26463317871094,
      "1490": 37.93624496459961,
      "1492": 44.77384567260742,
      "1498": 50.287628173828125,
      "1504": 34.4337158203125,
      "1506": 35.876827239990234,
      "1508": 41.55313682556152,
      "1510": 44.3076229095459,
      "1512": 37.65650177001953,
      "1518": 44.59166717529297,
      "1520": 44.330387115478516,
      "1522": 39.18459701538086,
      "1528": 31.95494270324707,
      "1534": 45.03761863708496,
      "1542": 35.84001922607422,
      "1548": 41.227399826049805,
      "1552": 39.56418037414551,
      "1554": 45.65445327758789,
      "1558": 42.19794464111328,
      "1562": 37.550743103027344,
      "1564": 43.586896896362305,
      "1566": 45.329010009765625,
      "1568": 62.04396438598633,
      "1570": 31.98141574859619,
      "1574": 43.8060417175293,
      "1576": 44.49262809753418,
      "1582": 51.507652282714844,
      "1586": 42.07360076904297,
      "1590": 41.016048431396484,
      "1594": 42.854652404785156,
      "1596": 43.46565818786621,
      "1604": 57.69334411621094,
      "1606": 50.73679161071777,
      "1616": 39.63663101196289,
      "1620": 34.681888580322266,
      "1622": 42.26250076293945,
      "1624": 36.00607490539551,
      "1626": 38.33551025390625,
      "1630": 44.17109298706055,
      "1634": 43.682668685913086,
      "1636": 38.08293914794922,
      "1638": 43.15361785888672,
      "1642": 35.76131057739258,
      "1644": 18.028764724731445,
      "1646": 47.5274658203125,
      "1652": 42.151145935058594,
      "1654": 40.76348876953125,
      "1660": 38.83369445800781,
      "1666": 41.79347229003906,
      "1672": 48.33809280395508,
      "1674": 38.631675720214844,
      "1688": 48.56315994262695,
      "1694": 46.20781135559082,
      "1700": 45.122371673583984,
      "1702": 36.689369201660156,
      "1710": 34.74159622192383,
      "1718": 36.490150451660156,
      "1720": 40.78218460083008,
      "1722": 42.72798728942871,
      "1726": 40.50636291503906,
      "1734": 52.419979095458984,
      "1738": 36.706016540527344,
      "1742": 37.92273712158203,
      "1744": 44.2313117980957,
      "1752": 39.039276123046875,
      "1754": 33.16317367553711,
      "1764": 43.58815002441406,
      "1784": 43.12474060058594,
      "1790": 37.735599517822266,
      "1798": 34.46473503112793,
      "1802": 41.87477111816406,
      "1812": 41.32769966125488,
      "1816": 38.78924560546875,
      "1830": 47.39255905151367,
      "1848": 64.511474609375,
      "1850": 49.17165756225586,
      "1854": 44.8542366027832,
      "1858": 44.53031921386719,
      "1862": 38.65321350097656,
      "1866": 53.11388397216797,
      "1874": 63.708852767944336,
      "1876": 36.67067909240723,
      "1878": 39.346153259277344,
      "1882": 35.02951431274414,
      "1890": 54.66828155517578,
      "1892": 38.6506462097168,
      "1894": 40.780235290527344,
      "1896": 41.53719902038574,
      "1898": 55.36217498779297,
      "1900": 47.120513916015625,
      "1902": 61.424102783203125,
      "1910": 46.10696029663086,
      "1914": 42.88819122314453,
      "1928": 51.124549865722656,
      "1932": 46.475738525390625,
      "1934": 49.52085876464844,
      "1940": 48.77958297729492,
      "1946": 42.24311065673828,
      "1948": 36.3432674407959,
      "1960": 46.26675796508789,
      "1962": 42.50264930725098,
      "1982": 52.4555549621582,
      "1988": 44.80461883544922,
      "1996": 41.13847351074219,
      "1998": 39.819644927978516,
      "2012": 37.3304328918457,
      "2018": 39.3685417175293,
      "2020": 33.43524932861328,
      "2028": 39.638729095458984,
      "2034": 56.82339286804199,
      "2052": 39.01856231689453,
      "2060": 38.44020080566406,
      "2068": 66.55864715576172,
      "2070": 40.679365158081055,
      "2074": 45.472415924072266,
      "2104": 36.60808563232422,
      "2106": 42.170379638671875,
      "2116": 53.72831344604492,
      "2118": 40.50590515136719,
      "2154": 45.363243103027344,
      "2172": 39.77524948120117,
      "2174": 46.03042221069336,
      "2186": 49.6646728515625,
      "2204": 38.00663375854492,
      "2214": 50.84565734863281,
      "2238": 44.90483093261719,
      "2240": 39.16679000854492,
      "2254": 59.04385757446289,
      "2256": 51.08281707763672,
      "2268": 41.08172798156738,
      "2280": 30.392581939697266,
      "2310": 44.3270263671875,
      "2328": 32.408905029296875,
      "2334": 46.69369888305664,
      "2336": 59.79627990722656,
      "2362": 31.001108169555664,
      "2372": 38.28788375854492,
      "2374": 42.378787994384766,
      "2388": 40.193660736083984,
      "2402": 35.74533462524414,
      "2406": 40.875118255615234,
      "2418": 48.234718322753906,
      "2454": 52.53174591064453,
      "2474": 37.50645065307617,
      "2486": 39.1775016784668,
      "2498": 38.90608215332031,
      "2506": 48.610748291015625,
      "2526": 41.28546142578125,
      "2560": 41.54222869873047,
      "2566": 44.15059280395508,
      "2578": 72.80452728271484,
      "2588": 46.148019790649414,
      "2594": 48.07017135620117,
      "2622": 47.0028190612793,
      "2638": 42.69602012634277,
      "2646": 30.58860206604004,
      "2648": 39.98320007324219,
      "2676": 39.74509620666504,
      "2736": 48.09202575683594,
      "2756": 43.25111770629883,
      "2770": 49.99934768676758,
      "2774": 39.95492172241211,
      "2784": 48.270206451416016,
      "2814": 35.98712921142578,
      "2818": 45.06357192993164,
      "2878": 39.046085357666016,
      "2882": 0.0,
      "2921": 50.63572692871094,
      "2941": 40.18059730529785,
      "2953": 39.56509017944336,
      "2963": 45.18288803100586,
      "2997": 42.980709075927734,
      "2999": 43.71647644042969,
      "3019": 46.06583023071289,
      "3035": 43.09912872314453,
      "3039": 93.49527740478516,
      "3045": 39.801761627197266,
      "3055": 36.81414985656738,
      "3093": 48.73868370056152,
      "3115": 56.76833724975586,
      "3179": 48.18646812438965,
      "3195": 50.1940803527832,
      "3199": 38.726654052734375,
      "3201": 38.64800834655762,
      "3213": 37.1934814453125,
      "3231": 49.054752349853516,
      "3247": 20.19658851623535,
      "3291": 47.991310119628906,
      "3301": 61.150535583496094,
      "3313": 42.75797462463379,
      "3317": 49.393829345703125,
      "3369": 39.11406707763672,
      "3383": 37.56686019897461,
      "3451": 44.780296325683594,
      "3505": 46.646339416503906,
      "3591": 32.685322761535645,
      "3607": 40.814979553222656,
      "3667": 40.84529209136963,
      "3779": 46.207035064697266,
      "3825": 45.640235900878906,
      "3883": 30.905454635620117,
      "4107": 0.0,
      "4137": 40.72300338745117,
      "4239": 34.889957427978516,
      "4263": 58.526214599609375,
      "4319": 30.77054786682129,
      "4363": 43.754146575927734,
      "4411": 42.0964241027832,
      "4601": 43.381290435791016,
      "4853": 45.54457092285156,
      "4947": 53.46212387084961,
      "4971": 32.27375030517578
    },
    "min_dR_j5_leading4": {
      "2": 1.087054396319321,
      "4": 1.137838444973045,
      "6": 1.1173841896924328,
      "8": 1.1275471440300722,
      "10": 1.2034408409452961,
      "12": 1.1749125986793194,
      "14": 1.155162396016056,
      "16": 1.0825845297188923,
      "18": 1.1529890758754147,
      "20": 1.0868678645952876,
      "22": 1.162416146722968,
      "24": 1.0639180484113475,
      "26": 1.089240414141191,
      "28": 1.043667134709926,
      "30": 1.0804724489427713,
      "32": 1.0401096042161064,
      "34": 1.0300353901436479,
      "36": 1.0377987052711932,
      "38": 1.0673822806378106,
      "40": 1.0677355021997879,
      "42": 1.0947356859822397,
      "44": 1.0910575948034,
      "46": 1.1075347189613882,
      "48": 1.07816856890323,
      "50": 1.0839908782619236,
      "52": 1.0482909625976395,
      "54": 1.0713355626229326,
      "56": 1.0273820952052009,
      "58": 1.036044197309512,
      "60": 1.0121433081645406,
      "62": 1.0004357454013435,
      "64": 0.9938229879211062,
      "66": 1.0257816312450656,
      "68": 1.0560256926966847,
      "70": 1.090056939478239,
      "72": 1.1437293712040173,
      "74": 1.0549076619300906,
      "76": 1.1095211151183249,
      "78": 1.052679301529525,
      "80": 1.0364783462944611,
      "82": 1.1169194031961733,
      "84": 1.0287966797099661,
      "86": 1.2115861610160625,
      "88": 1.0668835390529774,
      "90": 1.0763785244128328,
      "92": 1.1185325122849334,
      "94": 1.1803304517245221,
      "96": 0.987915272382197,
      "98": 1.1101346321319223,
      "100": 1.074340640764599,
      "102": 1.0547273120342497,
      "104": 1.124889541745537,
      "106": 1.0659330348647165,
      "108": 1.0534531909771663,
      "110": 1.1653412448174232,
      "112": 1.1248917701103645,
      "114": 1.0453913226165767,
      "116": 1.228484763747623,
      "118": 1.0462922244633144,
      "120": 1.1420679114102004,
      "122": 1.057129623336668,
      "124": 1.0633827782106005,
      "126": 1.0881621157055332,
      "128": 1.1081590911809263,
      "130": 1.1477036289388571,
      "132": 1.07634154139636,
      "134": 1.1014959011194045,
      "136": 1.0508735267376306,
      "138": 0.9493281674262679,
      "140": 0.9932625639620148,
      "142": 1.0305037667331158,
      "144": 1.0931146767008086,
      "146": 0.9065578135824994,
      "148": 1.0458773543556905,
      "150": 1.038282312552499,
      "152": 1.0393889111575556,
      "154": 1.1230229288198799,
      "156": 1.1019730178084461,
      "158": 1.0591517215838862,
      "160": 1.079125165971094,
      "162": 1.0191836744716205,
      "164": 1.014716862430142,
      "166": 1.0888210552603415,
      "168": 1.1518797047899614,
      "170": 0.9113230330952202,
      "172": 1.0560949416701013,
      "174": 1.06988199290427,
      "176": 1.2175134783976793,
      "178": 1.2300421329205773,
      "180": 1.0635139039813386,
      "182": 1.2449607300466672,
      "184": 1.167571305599013,
      "186": 1.0167314033050228,
      "188": 1.0974772650522766,
      "190": 1.140519288853039,
      "192": 1.2104996870671192,
      "194": 1.0387108922778854,
      "196": 1.0434416968505604,
      "198": 1.1270401805574657,
      "200": 1.0832207163975571,
      "202": 1.2083797386901431,
      "204": 1.0574085995896674,
      "206": 1.2241162536508112,
      "208": 1.2298642804064235,
      "210": 1.1734927684432042,
      "212": 1.1675645577068494,
      "214": 1.1097651792314944,
      "216": 1.0848080448116921,
      "218": 1.030134885653404,
      "220": 1.1111078514172166,
      "222": 1.1987038689422522,
      "224": 1.061349276550803,
      "226": 1.0921292448017375,
      "228": 0.9546507950960893,
      "230": 1.0108383764268154,
      "232": 1.184347908509035,
      "234": 1.1901047436943708,
      "236": 1.2368615703602281,
      "238": 1.1540808740504418,
      "240": 1.268325644046348,
      "242": 1.205586779994407,
      "244": 1.156867677991335,
      "246": 1.25984003196614,
      "248": 1.1677442129421738,
      "250": 0.9405844601277639,
      "252": 1.2168148537078558,
      "254": 1.107250061746603,
      "256": 1.053967838239433,
      "258": 1.0457342359655832,
      "260": 1.0575273927350142,
      "262": 1.1061604345415885,
      "264": 0.9722997300868507,
      "266": 1.2014123128846121,
      "268": 1.0962917169997615,
      "270": 1.1441416964529376,
      "272": 1.0397166638147644,
      "274": 1.185117490485327,
      "276": 1.2206094010595585,
      "278": 1.1445056766362218,
      "280": 1.1897259527969213,
      "282": 1.2517118623991323,
      "284": 0.9865217452580747,
      "286": 1.138387466433774,
      "288": 1.1697904828089198,
      "290": 1.0924178437836864,
      "292": 1.0264659847834143,
      "294": 1.0201453599664927,
      "296": 1.0200194757841599,
      "298": 0.9470068019834708,
      "300": 1.1079491512323474,
      "302": 0.9840463558159434,
      "304": 1.0425910585595788,
      "306": 1.102844346318015,
      "308": 1.0674918175104007,
      "310": 1.039388836695035,
      "312": 0.9530779593512271,
      "314": 1.0937118831028656,
      "316": 1.0625460458829878,
      "318": 0.8658867676208998,
      "320": 1.145975069062576,
      "322": 1.0069010124889213,
      "324": 1.1366040218502054,
      "326": 1.050108646868466,
      "328": 1.0668056976866018,
      "330": 1.1561799037212879,
      "332": 0.9924247010462385,
      "334": 0.9261923966511979,
      "336": 1.203411652183536,
      "338": 1.21838417000319,
      "340": 1.0277205153803406,
      "342": 1.149190045341573,
      "344": 1.2988515587007732,
      "346": 1.191675816629377,
      "348": 1.2673162847597639,
      "350": 1.0535638587763563,
      "352": 0.9677991750018997,
      "354": 1.051521073468386,
      "356": 0.9060025144647108,
      "358": 0.9572931413611255,
      "360": 1.0401114289756372,
      "362": 1.3233953837738106,
      "364": 0.9335793403861246,
      "366": 1.231472052072915,
      "368": 0.7803426942178722,
      "370": 1.285392099603521,
      "372": 0.9446907940488282,
      "374": 1.2130422569448651,
      "376": 0.9580185921536104,
      "378": 1.1466233811451252,
      "380": 1.1342814175555325,
      "382": 1.2339031624904142,
      "384": 1.068884940619972,
      "386": 1.1476299502223783,
      "388": 1.1285636047090466,
      "390": 1.3547105152168455,
      "392": 0.8613458788583642,
      "394": 1.1426635031101693,
      "396": 1.0812001592117975,
      "398": 1.199260523475462,
      "400": 0.8947458304800728,
      "402": 1.1071730941522322,
      "404": 1.1868469838661602,
      "406": 0.9566447228908537,
      "408": 1.0410056223187318,
      "410": 1.0610177659806173,
      "412": 0.9509050619069477,
      "414": 0.8388768655549848,
      "416": 1.0663538266609736,
      "418": 1.1595357720025934,
      "420": 0.8735568730447398,
      "422": 1.3386004304120391,
      "424": 1.1662468058212252,
      "426": 1.008062245334909,
      "428": 1.0428149295918119,
      "430": 1.0162424903795049,
      "432": 0.9628292275026291,
      "434": 1.0555815100891874,
      "436": 1.095388827403076,
      "438": 0.9825131684322516,
      "440": 1.031516933192129,
      "442": 1.1440156978914984,
      "444": 1.2095853691389564,
      "446": 1.0119840255419643,
      "448": 1.0159192664798526,
      "450": 1.1247038134650447,
      "452": 1.0519591703021973,
      "454": 1.157105512634153,
      "456": 0.9332172890290104,
      "458": 1.0611951938630428,
      "460": 1.1715050867328398,
      "462": 1.0951425301654207,
      "464": 1.220188262253165,
      "466": 1.2461668082167343,
      "468": 1.0873482828368777,
      "470": 1.2466894644613025,
      "472": 1.2127978236816526,
      "474": 0.9538300207374281,
      "476": 1.1177892465838473,
      "478": 1.2115193875230885,
      "480": 1.1743783182115521,
      "482": 1.0250192906467785,
      "484": 1.131740580420714,
      "486": 1.014085778283797,
      "488": 1.1889253777169073,
      "490": 1.0614930049017581,
      "492": 1.4968716189634435,
      "494": 1.137878618085711,
      "496": 1.1029364001022146,
      "498": 0.6699353694405931,
      "500": 1.5372679480279938,
      "502": 1.2887987769844051,
      "504": 1.0639579994495687,
      "506": 0.9433811230292533,
      "508": 1.1422954216992796,
      "510": 1.0460593752230305,
      "512": 1.1765311669949174,
      "514": 1.170146719717596,
      "516": 1.210672609969685,
      "518": 0.8885295080826671,
      "520": 1.1326788171464195,
      "522": 1.3495224043566685,
      "524": 1.3551985332146883,
      "526": 1.2312233832596067,
      "528": 1.1526373926462146,
      "530": 1.108844773177334,
      "532": 1.0980302520364726,
      "534": 0.8898510712333069,
      "536": 1.2078131459763837,
      "538": 1.2693601205047043,
      "540": 1.323792223184009,
      "542": 1.0998386205806727,
      "544": 1.233433736187565,
      "546": 1.1363427212932025,
      "548": 0.9478155939354226,
      "550": 0.9533920515273056,
      "552": 1.0121508111521886,
      "554": 0.8894032630480537,
      "556": 1.0889850625842206,
      "558": 0.9494511687206858,
      "560": 1.293062360127264,
      "562": 1.265237330321832,
      "564": 1.2164827692262687,
      "566": 1.1077649770083056,
      "568": 1.0621199156885432,
      "570": 1.4162829652678655,
      "572": 1.410219790910007,
      "574": 0.9476593613295459,
      "576": 1.2474634475604824,
      "578": 1.2408952874362889,
      "580": 0.8625648422384994,
      "582": 1.2875987819517634,
      "584": 0.966125589052516,
      "586": 1.216086700727592,
      "588": 0.9842624730521742,
      "590": 1.2725899592671688,
      "592": 1.074892784559243,
      "594": 1.1700925364320547,
      "596": 1.1575887009846775,
      "598": 1.2378633628983593,
      "600": 0.9936738269652198,
      "602": 0.902500252413811,
      "604": 1.140149525362094,
      "606": 1.14440911852833,
      "608": 1.1274316953214636,
      "610": 1.0171518232864942,
      "612": 1.3393791742700787,
      "614": 1.1629854339937382,
      "616": 1.009711353035754,
      "618": 1.2669925264503021,
      "620": 0.9637132599802082,
      "622": 1.2798915025503155,
      "624": 0.9166028029384711,
      "626": 1.0269166457018666,
      "628": 1.2220003928621965,
      "630": 1.130561155951857,
      "632": 0.8324725609616048,
      "634": 1.3231985042341923,
      "636": 1.1632874266603666,
      "638": 0.9998359390138694,
      "640": 1.3377452675693378,
      "642": 1.111355220270747,
      "644": 1.1919201537809911,
      "646": 1.123120726820081,
      "648": 1.0315320438747078,
      "650": 1.3346295704378006,
      "652": 1.1384861847094556,
      "654": 1.1539628057654152,
      "656": 1.0662511296384587,
      "658": 1.070611953739941,
      "660": 1.077583190010186,
      "662": 0.9872180705461553,
      "664": 1.0449207954901527,
      "666": 0.9309736897008866,
      "668": 1.6320528903919689,
      "670": 0.8630909621483404,
      "672": 1.1275447778421377,
      "674": 1.284435723896323,
      "676": 0.9635577797619594,
      "678": 1.0488147358902855,
      "680": 1.1120974904725134,
      "682": 1.2643111048977802,
      "684": 1.335594464460184,
      "686": 1.0119959763370368,
      "688": 1.3968094513363765,
      "690": 1.1658993238811222,
      "692": 1.094791560277441,
      "694": 1.2252023246054609,
      "696": 1.1446124584574422,
      "698": 1.1459826907366264,
      "700": 1.1353912018366659,
      "702": 1.0813276235522324,
      "704": 0.8880794858506253,
      "706": 1.2043329677343206,
      "708": 1.0955442591121731,
      "710": 1.2699274932304365,
      "712": 0.9378780346704225,
      "714": 1.487649884756645,
      "716": 0.8918563977040654,
      "718": 1.1929785737590062,
      "720": 0.9780431821988067,
      "722": 0.9692467488411796,
      "724": 0.9759122754961468,
      "726": 1.113021467841073,
      "728": 1.0594207366972574,
      "730": 1.2425904377268078,
      "732": 1.0529021997233288,
      "734": 1.14900938750395,
      "736": 0.8045280167664365,
      "738": 1.217934787136693,
      "740": 1.129625757699635,
      "742": 0.9257613070240964,
      "744": 1.434430477592063,
      "746": 1.1189465175824305,
      "748": 1.3057408219272775,
      "750": 1.1082099271509143,
      "752": 0.9246205515936877,
      "754": 1.0161377885679455,
      "756": 1.0976121441626283,
      "758": 0.9415738642640188,
      "760": 1.1737197018443408,
      "762": 1.2803677312669421,
      "764": 0.9647767020765803,
      "766": 1.0220648283601625,
      "768": 1.0761176104430479,
      "770": 0.7830746641758178,
      "772": 0.9229392488536495,
      "774": 1.4393203181763505,
      "776": 1.2537192059288105,
      "778": 1.0799552593307997,
      "780": 0.7295797426569945,
      "782": 1.3887277913166889,
      "784": 0.9181063972971374,
      "788": 1.2288198303538636,
      "790": 1.158924652693596,
      "792": 1.125111669589716,
      "794": 1.3904199955934191,
      "796": 1.0911612490125537,
      "798": 0.8469179982113313,
      "800": 1.0304327489319869,
      "802": 1.4885059463415764,
      "804": 1.1920455092593243,
      "806": 1.2847901384640674,
      "808": 0.976025935326351,
      "810": 0.7415125826932857,
      "812": 0.854535784891262,
      "814": 1.1495976279272448,
      "816": 1.1653295754550284,
      "818": 1.1918317860012897,
      "820": 0.8269380194648596,
      "822": 1.2819011840649293,
      "824": 0.9753414265272342,
      "826": 0.9397094477223404,
      "828": 1.045980734743266,
      "830": 0.8315293131452393,
      "832": 0.9043463156330234,
      "834": 1.2258008573078554,
      "836": 1.2783497063685396,
      "838": 1.2721183222903536,
      "840": 1.0518708674328492,
      "842": 1.1370942441681093,
      "844": 1.35463060884651,
      "846": 0.890289968158329,
      "848": 1.0295603891893153,
      "850": 1.4828446004927809,
      "852": 1.2144290352298512,
      "854": 1.4369955136524655,
      "856": 1.0606408470519446,
      "858": 1.2374453110818746,
      "860": 0.9023019103649879,
      "862": 1.0855851046894915,
      "864": 1.1480058729400755,
      "866": 1.3171457584779203,
      "868": 0.6706292760034457,
      "870": 0.8905424463809233,
      "872": 1.4194204452208397,
      "874": 1.1157532906486671,
      "876": 0.9179717577937339,
      "878": 1.3260496092021445,
      "880": 1.4420460635331613,
      "882": 0.6291516291131436,
      "884": 1.122052439694555,
      "886": 1.4399438445365553,
      "888": 1.2849256344200928,
      "890": 1.243561122877455,
      "892": 1.1006343993880348,
      "894": 1.3145322072422565,
      "896": 1.3539053753778736,
      "898": 1.0601909921078823,
      "900": 1.2608777784370804,
      "902": 1.6022660569468006,
      "904": 1.1887948226207579,
      "906": 1.468104245842325,
      "908": 1.3375835783946155,
      "910": 0.9860530953272401,
      "912": 1.109739865808779,
      "914": 1.1109355689159435,
      "916": 1.2048501756306278,
      "918": 0.9345020965385539,
      "920": 1.4507989877159855,
      "922": 1.288985387342748,
      "924": 1.0873973019764547,
      "926": 1.1510606961078207,
      "928": 1.1449975803503096,
      "930": 0.9529883206094262,
      "932": 1.0885115387245878,
      "934": 1.2056570463471723,
      "936": 1.325205988496182,
      "938": 1.2770006361547397,
      "940": 1.1712077629076771,
      "944": 0.7958382540229143,
      "946": 0.9581921191088212,
      "948": 0.9931830844211907,
      "950": 0.9456824246176924,
      "952": 1.333150300832653,
      "954": 1.4188700320668541,
      "956": 1.0067669426631687,
      "958": 1.3346835167989954,
      "960": 0.575119513504544,
      "962": 1.0245228119933252,
      "964": 0.8362521328012384,
      "966": 1.3545317116524054,
      "968": 1.176518229486009,
      "974": 1.1850371787193987,
      "976": 1.312744775528375,
      "978": 1.3500219187047224,
      "980": 1.1213817830158224,
      "982": 1.2096370557543328,
      "984": 0.9049473210276766,
      "986": 1.109359199201732,
      "988": 1.350330907432876,
      "990": 1.2785471855444919,
      "992": 1.270432765015319,
      "994": 1.1935367309287808,
      "996": 1.0492638961477383,
      "998": 1.170380799753187,
      "1000": 1.2379550198452969,
      "1002": 1.0176890666587501,
      "1004": 1.117098161019203,
      "1006": 0.9707192596355971,
      "1008": 1.0483869330720883,
      "1010": 1.1757681658043435,
      "1012": 1.062313113602913,
      "1014": 1.583036613562562,
      "1016": 0.9027590793668796,
      "1018": 1.5768352333689997,
      "1020": 0.893180382216556,
      "1022": 1.1068614728487427,
      "1026": 0.9622915555580094,
      "1028": 0.9392234569427318,
      "1030": 1.0402316445663022,
      "1032": 0.8545151582915562,
      "1034": 1.2911142158128206,
      "1036": 1.3179390094171963,
      "1038": 0.9885588245755387,
      "1042": 1.2792952260431176,
      "1044": 0.7808814093180005,
      "1046": 1.0802786523001673,
      "1048": 1.2258228551888268,
      "1050": 1.3692860762522867,
      "1052": 1.1044768461515422,
      "1054": 1.32027317539755,
      "1056": 0.705625537983165,
      "1058": 1.2565867233612802,
      "1060": 1.4214375214871564,
      "1064": 1.2497651168347674,
      "1066": 1.2077943998188756,
      "1068": 1.0398383237483944,
      "1070": 1.2231530842187417,
      "1072": 1.0331904923801873,
      "1074": 0.7355116247624424,
      "1082": 0.9191470802007675,
      "1084": 1.152161423484081,
      "1090": 1.4348162213223086,
      "1092": 1.1978155450826895,
      "1094": 0.9597743433130866,
      "1096": 0.9935975091792741,
      "1100": 1.008028858651455,
      "1102": 1.081949727862635,
      "1104": 0.8095199556639344,
      "1106": 0.8500230089908085,
      "1108": 0.7862889554499213,
      "1110": 1.0713526070369104,
      "1112": 0.8696952543572399,
      "1114": 1.1151317485116088,
      "1116": 0.8698118512875794,
      "1118": 1.1903703740809914,
      "1120": 1.1665363985963233,
      "1124": 1.328767679627318,
      "1126": 1.4575718845495973,
      "1128": 0.8435474919601214,
      "1130": 1.2287423963635007,
      "1132": 1.2503602403533438,
      "1134": 1.0138937001030184,
      "1138": 0.8899591993111661,
      "1140": 1.1533299912146635,
      "1142": 1.293423601898183,
      "1144": 1.2176213078136362,
      "1146": 0.9327484556409624,
      "1148": 1.1497355102616198,
      "1150": 0.827534427405311,
      "1152": 1.412647045756012,
      "1154": 1.2382233269857876,
      "1156": 1.3403596395901574,
      "1158": 0.8299109048800876,
      "1160": 1.0124931166833249,
      "1162": 1.371470783692931,
      "1164": 1.2479274435686523,
      "1166": 0.9482769865686467,
      "1168": 1.2679404125956046,
      "1172": 1.1186284936686808,
      "1174": 1.2246917917689193,
      "1176": 1.1461651626960203,
      "1178": 1.1236582385328153,
      "1182": 1.68790718083847,
      "1184": 1.2749172521556675,
      "1186": 1.0656577326681675,
      "1188": 1.1561975804822933,
      "1190": 0.7500904484960518,
      "1194": 1.4310799332989528,
      "1198": 0.8188811346292884,
      "1200": 1.1499414864375783,
      "1204": 0.9791032494066003,
      "1206": 1.106203558047938,
      "1208": 1.2501156304339927,
      "1210": 1.480492074577576,
      "1212": 1.0980475872057334,
      "1214": 1.3137556899960037,
      "1216": 1.2772056200498112,
      "1218": 0.9042316184355639,
      "1220": 1.3232918367106685,
      "1224": 0.7885456481744103,
      "1226": 1.3715749224422278,
      "1228": 1.218050134962796,
      "1230": 1.2220093194461779,
      "1232": 1.1004771250438117,
      "1234": 0.9971196615809913,
      "1236": 1.0207510493627945,
      "1238": 1.0114220842834367,
      "1240": 0.8049050029246729,
      "1244": 1.1919795373254085,
      "1246": 1.364468134909885,
      "1248": 1.0833317507276392,
      "1250": 1.2448023684508236,
      "1252": 1.3991128451247463,
      "1258": 1.1660447341525477,
      "1260": 1.218883876104217,
      "1262": 1.3658680047839526,
      "1272": 1.0592393656229797,
      "1274": 1.044722415597049,
      "1278": 0.9281993938903109,
      "1282": 0.7025077883290083,
      "1286": 1.1603362406155324,
      "1288": 0.808035985934104,
      "1290": 1.1514685437617378,
      "1292": 1.216026691304474,
      "1294": 1.1750492770913967,
      "1296": 1.2227329799905582,
      "1298": 0.7441695872274545,
      "1304": 1.1088248322567038,
      "1306": 0.9384115762685987,
      "1308": 1.4481045904726737,
      "1310": 1.1380260053221982,
      "1314": 0.9110646310376878,
      "1316": 1.074657147279386,
      "1318": 1.1526427841780809,
      "1322": 0.8940374662964373,
      "1326": 1.246386596209698,
      "1328": 1.088120892497356,
      "1330": 1.1750654780314327,
      "1334": 0.8955427389156535,
      "1336": 1.2225922723741105,
      "1340": 1.1601019385050773,
      "1342": 1.3025065575546306,
      "1344": 0.9942506113802618,
      "1346": 1.0464742952343113,
      "1348": 0.746885843058334,
      "1350": 1.0319410056107734,
      "1352": 0.7760475283340809,
      "1354": 1.0971684579151197,
      "1358": 1.0444551894797227,
      "1360": 1.2031431640115016,
      "1362": 1.3202082383700176,
      "1366": 0.9253619579941408,
      "1368": 1.1313676674305881,
      "1370": 0.9297087963231301,
      "1372": 1.0954556822747419,
      "1374": 0.9923345478416927,
      "1376": 1.583183912176643,
      "1378": 0.9435845210893372,
      "1380": 0.843673928598996,
      "1386": 1.2421092649262615,
      "1388": 0.7069294762601726,
      "1390": 1.2730000603606058,
      "1392": 1.2185349086293287,
      "1394": 1.2758819797171148,
      "1398": 1.2938497064343162,
      "1400": 1.4420395885390827,
      "1402": 1.1905492737850427,
      "1404": 0.9253728258804831,
      "1406": 1.165412577482084,
      "1410": 1.0371327131282817,
      "1412": 1.0075228616492793,
      "1414": 1.1392142062657014,
      "1416": 0.8095352942775935,
      "1418": 1.3842369507104395,
      "1422": 1.117511379557326,
      "1424": 0.9227767656082321,
      "1426": 1.379028450380508,
      "1428": 1.0780948709249616,
      "1430": 0.828734151090343,
      "1434": 1.40258629269931,
      "1436": 1.0859757017337792,
      "1440": 1.0115977615755785,
      "1450": 1.1727014342691655,
      "1452": 1.2956118612263032,
      "1454": 1.0548038566572284,
      "1456": 1.1959517199328116,
      "1458": 1.2632097899210784,
      "1460": 1.0937799325874082,
      "1464": 0.948962314310703,
      "1466": 1.3700190846771871,
      "1468": 0.9538287991287737,
      "1472": 1.1920594019289108,
      "1474": 0.9526550505946887,
      "1476": 0.9890833629802109,
      "1478": 1.0493404909098505,
      "1480": 1.2829227660319986,
      "1482": 0.9887698739468486,
      "1486": 1.110138237818391,
      "1490": 0.8847368367095291,
      "1492": 0.5800728967093702,
      "1498": 1.0608417489399224,
      "1504": 0.5352724181778554,
      "1506": 1.8020940894935495,
      "1508": 1.4716203956589808,
      "1510": 1.201626755327461,
      "1512": 1.3349185881609573,
      "1518": 1.1342839380204897,
      "1520": 1.2864814256156158,
      "1522": 1.0611133030355493,
      "1528": 1.264296273455821,
      "1534": 1.3862638949583328,
      "1542": 0.9303630691930742,
      "1548": 1.3168418353412374,
      "1552": 1.4737096263747478,
      "1554": 1.530675731817464,
      "1558": 0.6932394366462833,
      "1562": 0.9505743745720727,
      "1564": 1.147607611195831,
      "1566": 1.1416883334048826,
      "1568": 1.2212343002457056,
      "1570": 1.1639957164503958,
      "1574": 0.8482110980856274,
      "1576": 1.2133811542722195,
      "1582": 1.4764224040756542,
      "1586": 1.2622313584630958,
      "1590": 1.1723635002527233,
      "1594": 1.1177313715123485,
      "1596": 1.095147110840744,
      "1604": 1.216367868262653,
      "1606": 1.2399159664221744,
      "1616": 1.6622415335494742,
      "1620": 1.1762372661149005,
      "1622": 1.1737798356594418,
      "1624": 1.3091264207977225,
      "1626": 1.0273229907832713,
      "1630": 1.0739438784349944,
      "1634": 0.9740612779765929,
      "1636": 1.0665850829259926,
      "1638": 0.9645576124240017,
      "1642": 1.2355207054677946,
      "1644": 0.8663470877117477,
      "1646": 0.9915950737402712,
      "1652": 1.3119531389738244,
      "1654": 0.8490959599110021,
      "1660": 1.1349163268712492,
      "1666": 1.2098340033236545,
      "1672": 0.795560563435017,
      "1674": 1.1780643338214618,
      "1688": 0.6739253120736705,
      "1694": 1.3654481724557257,
      "1700": 1.2842400422781926,
      "1702": 1.1676693462414192,
      "1710": 1.1126769809750705,
      "1718": 1.3272306920963661,
      "1720": 0.6478234091377787,
      "1722": 0.8450946191793157,
      "1726": 0.7670440765620151,
      "1734": 1.2806373550465064,
      "1738": 0.9927324292189963,
      "1742": 0.8683533185308021,
      "1744": 0.9037960121303699,
      "1752": 0.9542260857573291,
      "1754": 1.0468176520570025,
      "1764": 1.3964750077459975,
      "1784": 1.3429073918193806,
      "1790": 1.2390686977978993,
      "1798": 0.8456493090765176,
      "1802": 0.9592957719870283,
      "1812": 1.2389464564515085,
      "1816": 1.580487027617236,
      "1830": 1.0984945223080045,
      "1848": 1.617427711865697,
      "1850": 0.9324837138532375,
      "1854": 1.3521779201652988,
      "1858": 0.9999321295618413,
      "1862": 1.4787248750663347,
      "1866": 1.1301932061757962,
      "1874": 1.0890928494065923,
      "1876": 1.2976674079922574,
      "1878": 0.8586800013428377,
      "1882": 1.1379016223665712,
      "1890": 0.9323610439981806,
      "1892": 1.0166291361337072,
      "1894": 0.8825642909539897,
      "1896": 1.239218413504922,
      "1898": 1.0068922969897423,
      "1900": 1.3620302712326153,
      "1902": 1.105822901283031,
      "1910": 1.2872725487620977,
      "1914": 1.1100315671118788,
      "1928": 0.9171380084829608,
      "1932": 1.047402601314369,
      "1934": 1.5064854673348744,
      "1940": 1.3637780984360504,
      "1946": 1.2891075294650332,
      "1948": 0.8436280405171209,
      "1960": 1.6101313859502464,
      "1962": 1.6560041384416886,
      "1982": 1.5881081059790194,
      "1988": 0.9434626428163883,
      "1996": 1.2166477320098765,
      "1998": 1.1986509340504816,
      "2012": 0.8239086060715913,
      "2018": 1.0620604691382782,
      "2020": 1.4957425682509968,
      "2028": 0.9293678945771249,
      "2034": 1.1369859884002644,
      "2052": 0.8226853674712995,
      "2060": 1.216229256553733,
      "2068": 1.300034421830319,
      "2070": 1.1248039461880603,
      "2074": 0.9379453076335571,
      "2104": 1.2674764545009922,
      "2106": 1.0455668779569924,
      "2116": 1.1361840922125936,
      "2118": 1.3407524966004414,
      "2154": 1.2551042385610487,
      "2172": 1.189406121373347,
      "2174": 1.2012732689917165,
      "2186": 1.0547310265647163,
      "2204": 1.3079392899498234,
      "2214": 1.3535232326567184,
      "2238": 0.8956246559857457,
      "2240": 0.8168685476087536,
      "2254": 1.0165547631555532,
      "2256": 0.7878380373107816,
      "2268": 1.122936780326917,
      "2280": 1.0541387821907549,
      "2310": 1.4703704437296268,
      "2328": 0.6891169800019685,
      "2334": 1.0608475525631094,
      "2336": 1.1041931750319471,
      "2362": 1.1868017929740384,
      "2372": 1.2087161758550684,
      "2374": 0.945081318453717,
      "2388": 1.3583217183476417,
      "2402": 1.1207645730709976,
      "2406": 1.0768808149486024,
      "2418": 1.024336712765395,
      "2454": 0.8971819654247468,
      "2474": 0.8212352837192838,
      "2486": 0.7159177438617266,
      "2498": 1.3762224469358006,
      "2506": 1.3046636997401921,
      "2526": 1.221710936462646,
      "2560": 0.9561415549575777,
      "2566": 0.8785643480116347,
      "2578": 1.2277063857078794,
      "2588": 1.0476282043568665,
      "2594": 1.3591099715688366,
      "2622": 1.2776465121980574,
      "2638": 1.3088720283915507,
      "2646": 1.389899486617739,
      "2648": 1.250384040422266,
      "2676": 1.05915033134174,
      "2736": 1.0261053833132765,
      "2756": 0.9560787901152727,
      "2770": 0.9497626061102206,
      "2774": 1.2239237469283188,
      "2784": 1.2659685186615275,
      "2814": 1.0043160265376359,
      "2818": 0.6762351679077045,
      "2878": 1.0812219554569058,
      "2882": 1.466961034106533,
      "2921": 1.125133760685777,
      "2941": 0.8304708457375856,
      "2953": 1.070555602408217,
      "2963": 0.9202378267103556,
      "2997": 1.5031113558609908,
      "2999": 1.508405993313099,
      "3019": 0.7821967191535827,
      "3035": 1.209293176913791,
      "3039": 1.4456505772480324,
      "3045": 0.7758411718786062,
      "3055": 0.949254584905284,
      "3093": 1.1987579447377164,
      "3115": 1.2803366966170324,
      "3179": 1.0148944989414195,
      "3195": 1.2372470042594697,
      "3199": 0.7016019332693416,
      "3201": 0.749558395754543,
      "3213": 1.1440917371156132,
      "3231": 1.1504075904748832,
      "3247": 1.1240857120337988,
      "3291": 1.1386357076074984,
      "3301": 1.4548557603759473,
      "3313": 1.2420912570082876,
      "3317": 1.31187732974582,
      "3369": 1.124473851159409,
      "3383": 0.8224131118972462,
      "3451": 1.1296889650075108,
      "3505": 1.1189230743427732,
      "3591": 1.2267353694187797,
      "3607": 0.7798372266111089,
      "3667": 1.3984977547252024,
      "3779": 0.991134521869938,
      "3825": 1.81967604086673,
      "3883": 1.2007188698553006,
      "4107": 1.0499159315992368,
      "4137": 0.9233984846680785,
      "4239": 1.0700660432414262,
      "4263": 0.7652325160187788,
      "4319": 1.5445463310192458,
      "4363": 1.3125412416116635,
      "4411": 0.8964995759537928,
      "4601": 1.3398950629008326,
      "4853": 1.2218694721090069,
      "4947": 1.30292081860321,
      "4971": 1.670079736944327
    }
  },
  "verdict": "SPIKE_KINEMATICS = NO_CLEAR_SPECIAL_MODE"
}
