wave,source,campaign,cluster_id,bin_id,pthat_min_GeV,pthat_max_GeV,shard_id,seed,n_events,dataset_split,split_salt,payload_sha256,delphes_card_sha256,remote_bundle,adler32,receipt_path
testfill,bin3_testfill,qcd_hardqcd_importance_testfill_bin3_10k_20260717,59823934,3,200,300,3909,1233909,10000,test,qcd-adaptive-testfill-bin3-v1,e531040ccd2a82c67ba1073a59e4c07884544f1b08356bf4a4691359e9023d44,1b2041245162de8360defdc502404e0696496c50773d4aa7f043798651a9517c,/store/user/iturkmen/hh4b_delphes/run2_13tev/frozen_v2/bundles/qcd_hardqcd_importance_testfill_bin3_10k_20260717/qcd_hardqcd_importance_testfill_bin3_10k_20260717_bin03_pthat200to300_shard3909_seed1233909_bundle.tar.gz,4d9747d5,/uscms_data/d3/iturkmen/hh4b_delphes/condor_return/qcd_hardqcd_importance_testfill_bin3_10k_20260717/receipts/qcd_hardqcd_importance_testfill_bin3_10k_20260717_59823934_job0_bin3_shard3909_receipt.json
wave1,wave1_original,qcd_hardqcd_importance_adaptive500k_phys_20260717_0022,84891534,0,50,75,1819,1201819,10000,train,qcd-adaptive-whole-shard-v1,0b3d93777252bf35c5bd2f9037dcc5fbebd6b3b7e99a67a04a675319d6df52a4,1b2041245162de8360defdc502404e0696496c50773d4aa7f043798651a9517c,/store/user/iturkmen/hh4b_delphes/run2_13tev/frozen_v2/bundles/qcd_hardqcd_importance_adaptive500k_phys_20260717_0022/qcd_hardqcd_importance_adaptive500k_phys_20260717_0022_bin00_pthat50to75_shard1819_seed1201819_bundle.tar.gz,6e32bebe,/uscms_data/d3/iturkmen/hh4b_delphes/condor_return/qcd_hardqcd_importance_adaptive500k_phys_20260717_0022/receipts/qcd_hardqcd_importance_adaptive500k_phys_20260717_0022_84891534_job0_bin0_shard1819_receipt.json
wave1,wave1_original,qcd_hardqcd_importance_adaptive500k_phys_20260717_0022,84891534,0,50,75,1820,1201820,10000,train,qcd-adaptive-whole-shard-v1,0b3d93777252bf35c5bd2f9037dcc5fbebd6b3b7e99a67a04a675319d6df52a4,1b2041245162de8360defdc502404e0696496c50773d4aa7f043798651a9517c,/store/user/iturkmen/hh4b_delphes/run2_13tev/frozen_v2/bundles/qcd_hardqcd_importance_adaptive500k_phys_20260717_0022/qcd_hardqcd_importance_adaptive500k_phys_20260717_0022_bin00_pthat50to75_shard1820_seed1201820_bundle.tar.gz,27307645,/uscms_data/d3/iturkmen/hh4b_delphes/condor_return/qcd_hardqcd_importance_adaptive500k_phys_20260717_0022/receipts/qcd_hardqcd_importance_adaptive500k_phys_20260717_0022_84891534_job1_bin0_shard1820_receipt.json
wave1,wave1_original,qcd_hardqcd_importance_adaptive500k_phys_20260717_0022,84891534,0,50,75,1821,1201821,10000,train,qcd-adaptive-whole-shard-v1,0b3d93777252bf35c5bd2f9037dcc5fbebd6b3b7e99a67a04a675319d6df52a4,1b2041245162de8360defdc502404e0696496c50773d4aa7f043798651a9517c,/store/user/iturkmen/hh4b_delphes/run2_13tev/frozen_v2/bundles/qcd_hardqcd_importance_adaptive500k_phys_20260717_0022/qcd_hardqcd_importance_adaptive500k_phys_20260717_0022_bin00_pthat50to75_shard1821_seed1201821_bundle.tar.gz,99e4a8f0,/uscms_data/d3/iturkmen/hh4b_delphes/condor_return/qcd_hardqcd_importance_adaptive500k_phys_20260717_0022/receipts/qcd_hardqcd_importance_adaptive500k_phys_20260717_0022_84891534_job2_bin0_shard1821_receipt.json
wave1,wave1_original,qcd_hardqcd_importance_adaptive500k_phys_20260717_0022,84891534,0,50,75,1822,1201822,10000,train,qcd-adaptive-whole-shard-v1,0b3d93777252bf35c5bd2f9037dcc5fbebd6b3b7e99a67a04a675319d6df52a4,1b2041245162de8360defdc502404e0696496c50773d4aa7f043798651a9517c,/store/user/iturkmen/hh4b_delphes/run2_13tev/frozen_v2/bundles/qcd_hardqcd_importance_adaptive500k_phys_20260717_0022/qcd_hardqcd_importance_adaptive500k_phys_20260717_0022_bin00_pthat50to75_shard1822_seed1201822_bundle.tar.gz,7ddc0c01,/uscms_data/d3/iturkmen/hh4b_delphes/condor_return/qcd_hardqcd_importance_adaptive500k_phys_20260717_0022/receipts/qcd_hardqcd_importance_adaptive500k_phys_20260717_0022_84891534_job3_bin0_shard1822_receipt.json
wave1,wave1_original,qcd_hardqcd_importance_adaptive500k_phys_20260717_0022,84891534,0,50,75,1823,1201823,10000,train,qcd-adaptive-whole-shard-v1,0b3d93777252bf35c5bd2f9037dcc5fbebd6b3b7e99a67a04a675319d6df52a4,1b2041245162de8360defdc502404e0696496c50773d4aa7f043798651a9517c,/store/user/iturkmen/hh4b_delphes/run2_13tev/frozen_v2/bundles/qcd_hardqcd_importance_adaptive500k_phys_20260717_0022/qcd_hardqcd_importance_adaptive500k_phys_20260717_0022_bin00_pthat50to75_shard1823_seed1201823_bundle.tar.gz,d06454da,/uscms_data/d3/iturkmen/hh4b_delphes/condor_return/qcd_hardqcd_importance_adaptive500k_phys_20260717_0022/receipts/qcd_hardqcd_importance_adaptive500k_phys_20260717_0022_84891534_job4_bin0_shard1823_receipt.json
wave1,wave1_original,qcd_hardqcd_importance_adaptive500k_phys_20260717_0022,84891534,0,50,75,1824,1201824,10000,train,qcd-adaptive-whole-shard-v1,0b3d93777252bf35c5bd2f9037dcc5fbebd6b3b7e99a67a04a675319d6df52a4,1b2041245162de8360defdc502404e0696496c50773d4aa7f043798651a9517c,/store/user/iturkmen/hh4b_delphes/run2_13tev/frozen_v2/bundles/qcd_hardqcd_importance_adaptive500k_phys_20260717_0022/qcd_hardqcd_importance_adaptive500k_phys_20260717_0022_bin00_pthat50to75_shard1824_seed1201824_bundle.tar.gz,875ca3a0,/uscms_data/d3/iturkmen/hh4b_delphes/condor_return/qcd_hardqcd_importance_adaptive500k_phys_20260717_0022/receipts/qcd_hardqcd_importance_adaptive500k_phys_20260717_0022_84891534_job5_bin0_shard1824_receipt.json
wave1,wave1_original,qcd_hardqcd_importance_adaptive500k_phys_20260717_0022,84891534,0,50,75,1825,1201825,10000,train,qcd-adaptive-whole-shard-v1,0b3d93777252bf35c5bd2f9037dcc5fbebd6b3b7e99a67a04a675319d6df52a4,1b2041245162de8360defdc502404e0696496c50773d4aa7f043798651a9517c,/store/user/iturkmen/hh4b_delphes/run2_13tev/frozen_v2/bundles/qcd_hardqcd_importance_adaptive500k_phys_20260717_0022/qcd_hardqcd_importance_adaptive500k_phys_20260717_0022_bin00_pthat50to75_shard1825_seed1201825_bundle.tar.gz,25a95201,/uscms_data/d3/iturkmen/hh4b_delphes/condor_return/qcd_hardqcd_importance_adaptive500k_phys_20260717_0022/receipts/qcd_hardqcd_importance_adaptive500k_phys_20260717_0022_84891534_job6_bin0_shard1825_receipt.json
wave1,wave1_original,qcd_hardqcd_importance_adaptive500k_phys_20260717_0022,84891534,0,50,75,1826,1201826,10000,train,qcd-adaptive-whole-shard-v1,0b3d93777252bf35c5bd2f9037dcc5fbebd6b3b7e99a67a04a675319d6df52a4,1b2041245162de8360defdc502404e0696496c50773d4aa7f043798651a9517c,/store/user/iturkmen/hh4b_delphes/run2_13tev/frozen_v2/bundles/qcd_hardqcd_importance_adaptive500k_phys_20260717_0022/qcd_hardqcd_importance_adaptive500k_phys_20260717_0022_bin00_pthat50to75_shard1826_seed1201826_bundle.tar.gz,68daf467,/uscms_data/d3/iturkmen/hh4b_delphes/condor_return/qcd_hardqcd_importance_adaptive500k_phys_20260717_0022/receipts/qcd_hardqcd_importance_adaptive500k_phys_20260717_0022_84891534_job7_bin0_shard1826_receipt.json
wave1,wave1_original,qcd_hardqcd_importance_adaptive500k_phys_20260717_0022,84891534,0,50,75,1827,1201827,10000,train,qcd-adaptive-whole-shard-v1,0b3d93777252bf35c5bd2f9037dcc5fbebd6b3b7e99a67a04a675319d6df52a4,1b2041245162de8360defdc502404e0696496c50773d4aa7f043798651a9517c,/store/user/iturkmen/hh4b_delphes/run2_13tev/frozen_v2/bundles/qcd_hardqcd_importance_adaptive500k_phys_20260717_0022/qcd_hardqcd_importance_adaptive500k_phys_20260717_0022_bin00_pthat50to75_shard1827_seed1201827_bundle.tar.gz,52d811fe,/uscms_data/d3/iturkmen/hh4b_delphes/condor_return/qcd_hardqcd_importance_adaptive500k_phys_20260717_0022/receipts/qcd_hardqcd_importance_adaptive500k_phys_20260717_0022_84891534_job8_bin0_shard1827_receipt.json
wave1,wave1_original,qcd_hardqcd_importance_adaptive500k_phys_20260717_0022,84891534,0,50,75,1828,1201828,10000,train,qcd-adaptive-whole-shard-v1,0b3d93777252bf35c5bd2f9037dcc5fbebd6b3b7e99a67a04a675319d6df52a4,1b2041245162de8360defdc502404e0696496c50773d4aa7f043798651a9517c,/store/user/iturkmen/hh4b_delphes/run2_13tev/frozen_v2/bundles/qcd_hardqcd_importance_adaptive500k_phys_20260717_0022/qcd_hardqcd_importance_adaptive500k_phys_20260717_0022_bin00_pthat50to75_shard1828_seed1201828_bundle.tar.gz,b4d26d3d,/uscms_data/d3/iturkmen/hh4b_delphes/condor_return/qcd_hardqcd_importance_adaptive500k_phys_20260717_0022/receipts/qcd_hardqcd_importance_adaptive500k_phys_20260717_0022_84891534_job9_bin0_shard1828_receipt.json
wave1,wave1_original,qcd_hardqcd_importance_adaptive500k_phys_20260717_0022,84891534,0,50,75,1829,1201829,10000,test,qcd-adaptive-whole-shard-v1,0b3d93777252bf35c5bd2f9037dcc5fbebd6b3b7e99a67a04a675319d6df52a4,1b2041245162de8360defdc502404e0696496c50773d4aa7f043798651a9517c,/store/user/iturkmen/hh4b_delphes/run2_13tev/frozen_v2/bundles/qcd_hardqcd_importance_adaptive500k_phys_20260717_0022/qcd_hardqcd_importance_adaptive500k_phys_20260717_0022_bin00_pthat50to75_shard1829_seed1201829_bundle.tar.gz,d7c47bb8,/uscms_data/d3/iturkmen/hh4b_delphes/condor_return/qcd_hardqcd_importance_adaptive500k_phys_20260717_0022/receipts/qcd_hardqcd_importance_adaptive500k_phys_20260717_0022_84891534_job10_bin0_shard1829_receipt.json
wave1,wave1_original,qcd_hardqcd_importance_adaptive500k_phys_20260717_0022,84891534,0,50,75,1830,1201830,10000,train,qcd-adaptive-whole-shard-v1,0b3d93777252bf35c5bd2f9037dcc5fbebd6b3b7e99a67a04a675319d6df52a4,1b2041245162de8360defdc502404e0696496c50773d4aa7f043798651a9517c,/store/user/iturkmen/hh4b_delphes/run2_13tev/frozen_v2/bundles/qcd_hardqcd_importance_adaptive500k_phys_20260717_0022/qcd_hardqcd_importance_adaptive500k_phys_20260717_0022_bin00_pthat50to75_shard1830_seed1201830_bundle.tar.gz,689a9a99,/uscms_data/d3/iturkmen/hh4b_delphes/condor_return/qcd_hardqcd_importance_adaptive500k_phys_20260717_0022/receipts/qcd_hardqcd_importance_adaptive500k_phys_20260717_0022_84891534_job11_bin0_shard1830_receipt.json
wave1,wave1_original,qcd_hardqcd_importance_adaptive500k_phys_20260717_0022,84891534,0,50,75,1831,1201831,10000,validation,qcd-adaptive-whole-shard-v1,0b3d93777252bf35c5bd2f9037dcc5fbebd6b3b7e99a67a04a675319d6df52a4,1b2041245162de8360defdc502404e0696496c50773d4aa7f043798651a9517c,/store/user/iturkmen/hh4b_delphes/run2_13tev/frozen_v2/bundles/qcd_hardqcd_importance_adaptive500k_phys_20260717_0022/qcd_hardqcd_importance_adaptive500k_phys_20260717_0022_bin00_pthat50to75_shard1831_seed1201831_bundle.tar.gz,fafc1255,/uscms_data/d3/iturkmen/hh4b_delphes/condor_return/qcd_hardqcd_importance_adaptive500k_phys_20260717_0022/receipts/qcd_hardqcd_importance_adaptive500k_phys_20260717_0022_84891534_job12_bin0_shard1831_receipt.json
wave1,wave1_original,qcd_hardqcd_importance_adaptive500k_phys_20260717_0022,84891534,0,50,75,1832,1201832,10000,train,qcd-adaptive-whole-shard-v1,0b3d93777252bf35c5bd2f9037dcc5fbebd6b3b7e99a67a04a675319d6df52a4,1b2041245162de8360defdc502404e0696496c50773d4aa7f043798651a9517c,/store/user/iturkmen/hh4b_delphes/run2_13tev/frozen_v2/bundles/qcd_hardqcd_importance_adaptive500k_phys_20260717_0022/qcd_hardqcd_importance_adaptive500k_phys_20260717_0022_bin00_pthat50to75_shard1832_seed1201832_bundle.tar.gz,234b2232,/uscms_data/d3/iturkmen/hh4b_delphes/condor_return/qcd_hardqcd_importance_adaptive500k_phys_20260717_0022/receipts/qcd_hardqcd_importance_adaptive500k_phys_20260717_0022_84891534_job13_bin0_shard1832_receipt.json
wave1,wave1_original,qcd_hardqcd_importance_adaptive500k_phys_20260717_0022,84891534,0,50,75,1833,1201833,10000,validation,qcd-adaptive-whole-shard-v1,0b3d93777252bf35c5bd2f9037dcc5fbebd6b3b7e99a67a04a675319d6df52a4,1b2041245162de8360defdc502404e0696496c50773d4aa7f043798651a9517c,/store/user/iturkmen/hh4b_delphes/run2_13tev/frozen_v2/bundles/qcd_hardqcd_importance_adaptive500k_phys_20260717_0022/qcd_hardqcd_importance_adaptive500k_phys_20260717_0022_bin00_pthat50to75_shard1833_seed1201833_bundle.tar.gz,f7d00fb9,/uscms_data/d3/iturkmen/hh4b_delphes/condor_return/qcd_hardqcd_importance_adaptive500k_phys_20260717_0022/receipts/qcd_hardqcd_importance_adaptive500k_phys_20260717_0022_84891534_job14_bin0_shard1833_receipt.json
wave1,wave1_original,qcd_hardqcd_importance_adaptive500k_phys_20260717_0022,84891534,0,50,75,1834,1201834,10000,train,qcd-adaptive-whole-shard-v1,0b3d93777252bf35c5bd2f9037dcc5fbebd6b3b7e99a67a04a675319d6df52a4,1b2041245162de8360defdc502404e0696496c50773d4aa7f043798651a9517c,/store/user/iturkmen/hh4b_delphes/run2_13tev/frozen_v2/bundles/qcd_hardqcd_importance_adaptive500k_phys_20260717_0022/qcd_hardqcd_importance_adaptive500k_phys_20260717_0022_bin00_pthat50to75_shard1834_seed1201834_bundle.tar.gz,a599e95f,/uscms_data/d3/iturkmen/hh4b_delphes/condor_return/qcd_hardqcd_importance_adaptive500k_phys_20260717_0022/receipts/qcd_hardqcd_importance_adaptive500k_phys_20260717_0022_84891534_job15_bin0_shard1834_receipt.json
wave1,wave1_original,qcd_hardqcd_importance_adaptive500k_phys_20260717_0022,84891534,0,50,75,1835,1201835,10000,train,qcd-adaptive-whole-shard-v1,0b3d93777252bf35c5bd2f9037dcc5fbebd6b3b7e99a67a04a675319d6df52a4,1b2041245162de8360defdc502404e0696496c50773d4aa7f043798651a9517c,/store/user/iturkmen/hh4b_delphes/run2_13tev/frozen_v2/bundles/qcd_hardqcd_importance_adaptive500k_phys_20260717_0022/qcd_hardqcd_importance_adaptive500k_phys_20260717_0022_bin00_pthat50to75_shard1835_seed1201835_bundle.tar.gz,5b7678c5,/uscms_data/d3/iturkmen/hh4b_delphes/condor_return/qcd_hardqcd_importance_adaptive500k_phys_20260717_0022/receipts/qcd_hardqcd_importance_adaptive500k_phys_20260717_0022_84891534_job16_bin0_shard1835_receipt.json
wave1,wave1_original,qcd_hardqcd_importance_adaptive500k_phys_20260717_0022,84891534,0,50,75,1836,1201836,10000,train,qcd-adaptive-whole-shard-v1,0b3d93777252bf35c5bd2f9037dcc5fbebd6b3b7e99a67a04a675319d6df52a4,1b2041245162de8360defdc502404e0696496c50773d4aa7f043798651a9517c,/store/user/iturkmen/hh4b_delphes/run2_13tev/frozen_v2/bundles/qcd_hardqcd_importance_adaptive500k_phys_20260717_0022/qcd_hardqcd_importance_adaptive500k_phys_20260717_0022_bin00_pthat50to75_shard1836_seed1201836_bundle.tar.gz,648ec143,/uscms_data/d3/iturkmen/hh4b_delphes/condor_return/qcd_hardqcd_importance_adaptive500k_phys_20260717_0022/receipts/qcd_hardqcd_importance_adaptive500k_phys_20260717_0022_84891534_job17_bin0_shard1836_receipt.json
wave1,wave1_original,qcd_hardqcd_importance_adaptive500k_phys_20260717_0022,84891534,0,50,75,1837,1201837,10000,train,qcd-adaptive-whole-shard-v1,0b3d93777252bf35c5bd2f9037dcc5fbebd6b3b7e99a67a04a675319d6df52a4,1b2041245162de8360defdc502404e0696496c50773d4aa7f043798651a9517c,/store/user/iturkmen/hh4b_delphes/run2_13tev/frozen_v2/bundles/qcd_hardqcd_importance_adaptive500k_phys_20260717_0022/qcd_hardqcd_importance_adaptive500k_phys_20260717_0022_bin00_pthat50to75_shard1837_seed1201837_bundle.tar.gz,eb0da49c,/uscms_data/d3/iturkmen/hh4b_delphes/condor_return/qcd_hardqcd_importance_adaptive500k_phys_20260717_0022/receipts/qcd_hardqcd_importance_adaptive500k_phys_20260717_0022_84891534_job18_bin0_shard1837_receipt.json
wave1,wave1_original,qcd_hardqcd_importance_adaptive500k_phys_20260717_0022,84891534,0,50,75,1838,1201838,10000,train,qcd-adaptive-whole-shard-v1,0b3d93777252bf35c5bd2f9037dcc5fbebd6b3b7e99a67a04a675319d6df52a4,1b2041245162de8360defdc502404e0696496c50773d4aa7f043798651a9517c,/store/user/iturkmen/hh4b_delphes/run2_13tev/frozen_v2/bundles/qcd_hardqcd_importance_adaptive500k_phys_20260717_0022/qcd_hardqcd_importance_adaptive500k_phys_20260717_0022_bin00_pthat50to75_shard1838_seed1201838_bundle.tar.gz,f134bb8d,/uscms_data/d3/iturkmen/hh4b_delphes/condor_return/qcd_hardqcd_importance_adaptive500k_phys_20260717_0022/receipts/qcd_hardqcd_importance_adaptive500k_phys_20260717_0022_84891534_job19_bin0_shard1838_receipt.json
wave1,wave1_original,qcd_hardqcd_importance_adaptive500k_phys_20260717_0022,84891534,0,50,75,1839,1201839,10000,train,qcd-adaptive-whole-shard-v1,0b3d93777252bf35c5bd2f9037dcc5fbebd6b3b7e99a67a04a675319d6df52a4,1b2041245162de8360defdc502404e0696496c50773d4aa7f043798651a9517c,/store/user/iturkmen/hh4b_delphes/run2_13tev/frozen_v2/bundles/qcd_hardqcd_importance_adaptive500k_phys_20260717_0022/qcd_hardqcd_importance_adaptive500k_phys_20260717_0022_bin00_pthat50to75_shard1839_seed1201839_bundle.tar.gz,431b6f5a,/uscms_data/d3/iturkmen/hh4b_delphes/condor_return/qcd_hardqcd_importance_adaptive500k_phys_20260717_0022/receipts/qcd_hardqcd_importance_adaptive500k_phys_20260717_0022_84891534_job20_bin0_shard1839_receipt.json
wave1,wave1_original,qcd_hardqcd_importance_adaptive500k_phys_20260717_0022,84891534,0,50,75,1840,1201840,10000,train,qcd-adaptive-whole-shard-v1,0b3d93777252bf35c5bd2f9037dcc5fbebd6b3b7e99a67a04a675319d6df52a4,1b2041245162de8360defdc502404e0696496c50773d4aa7f043798651a9517c,/store/user/iturkmen/hh4b_delphes/run2_13tev/frozen_v2/bundles/qcd_hardqcd_importance_adaptive500k_phys_20260717_0022/qcd_hardqcd_importance_adaptive500k_phys_20260717_0022_bin00_pthat50to75_shard1840_seed1201840_bundle.tar.gz,b87171ff,/uscms_data/d3/iturkmen/hh4b_delphes/condor_return/qcd_hardqcd_importance_adaptive500k_phys_20260717_0022/receipts/qcd_hardqcd_importance_adaptive500k_phys_20260717_0022_84891534_job21_bin0_shard1840_receipt.json
wave1,wave1_original,qcd_hardqcd_importance_adaptive500k_phys_20260717_0022,84891534,0,50,75,1841,1201841,10000,test,qcd-adaptive-whole-shard-v1,0b3d93777252bf35c5bd2f9037dcc5fbebd6b3b7e99a67a04a675319d6df52a4,1b2041245162de8360defdc502404e0696496c50773d4aa7f043798651a9517c,/store/user/iturkmen/hh4b_delphes/run2_13tev/frozen_v2/bundles/qcd_hardqcd_importance_adaptive500k_phys_20260717_0022/qcd_hardqcd_importance_adaptive500k_phys_20260717_0022_bin00_pthat50to75_shard1841_seed1201841_bundle.tar.gz,5c762bcb,/uscms_data/d3/iturkmen/hh4b_delphes/condor_return/qcd_hardqcd_importance_adaptive500k_phys_20260717_0022/receipts/qcd_hardqcd_importance_adaptive500k_phys_20260717_0022_84891534_job22_bin0_shard1841_receipt.json
wave1,wave1_original,qcd_hardqcd_importance_adaptive500k_phys_20260717_0022,84891534,0,50,75,1842,1201842,10000,validation,qcd-adaptive-whole-shard-v1,0b3d93777252bf35c5bd2f9037dcc5fbebd6b3b7e99a67a04a675319d6df52a4,1b2041245162de8360defdc502404e0696496c50773d4aa7f043798651a9517c,/store/user/iturkmen/hh4b_delphes/run2_13tev/frozen_v2/bundles/qcd_hardqcd_importance_adaptive500k_phys_20260717_0022/qcd_hardqcd_importance_adaptive500k_phys_20260717_0022_bin00_pthat50to75_shard1842_seed1201842_bundle.tar.gz,09ff8269,/uscms_data/d3/iturkmen/hh4b_delphes/condor_return/qcd_hardqcd_importance_adaptive500k_phys_20260717_0022/receipts/qcd_hardqcd_importance_adaptive500k_phys_20260717_0022_84891534_job23_bin0_shard1842_receipt.json
wave1,wave1_original,qcd_hardqcd_importance_adaptive500k_phys_20260717_0022,84891534,0,50,75,1843,1201843,10000,train,qcd-adaptive-whole-shard-v1,0b3d93777252bf35c5bd2f9037dcc5fbebd6b3b7e99a67a04a675319d6df52a4,1b2041245162de8360defdc502404e0696496c50773d4aa7f043798651a9517c,/store/user/iturkmen/hh4b_delphes/run2_13tev/frozen_v2/bundles/qcd_hardqcd_importance_adaptive500k_phys_20260717_0022/qcd_hardqcd_importance_adaptive500k_phys_20260717_0022_bin00_pthat50to75_shard1843_seed1201843_bundle.tar.gz,8bfe017c,/uscms_data/d3/iturkmen/hh4b_delphes/condor_return/qcd_hardqcd_importance_adaptive500k_phys_20260717_0022/receipts/qcd_hardqcd_importance_adaptive500k_phys_20260717_0022_84891534_job24_bin0_shard1843_receipt.json
wave1,wave1_original,qcd_hardqcd_importance_adaptive500k_phys_20260717_0022,84891534,0,50,75,1844,1201844,10000,train,qcd-adaptive-whole-shard-v1,0b3d93777252bf35c5bd2f9037dcc5fbebd6b3b7e99a67a04a675319d6df52a4,1b2041245162de8360defdc502404e0696496c50773d4aa7f043798651a9517c,/store/user/iturkmen/hh4b_delphes/run2_13tev/frozen_v2/bundles/qcd_hardqcd_importance_adaptive500k_phys_20260717_0022/qcd_hardqcd_importance_adaptive500k_phys_20260717_0022_bin00_pthat50to75_shard1844_seed1201844_bundle.tar.gz,89b4fe78,/uscms_data/d3/iturkmen/hh4b_delphes/condor_return/qcd_hardqcd_importance_adaptive500k_phys_20260717_0022/receipts/qcd_hardqcd_importance_adaptive500k_phys_20260717_0022_84891534_job25_bin0_shard1844_receipt.json
wave1,wave1_original,qcd_hardqcd_importance_adaptive500k_phys_20260717_0022,84891534,0,50,75,1845,1201845,10000,train,qcd-adaptive-whole-shard-v1,0b3d93777252bf35c5bd2f9037dcc5fbebd6b3b7e99a67a04a675319d6df52a4,1b2041245162de8360defdc502404e0696496c50773d4aa7f043798651a9517c,/store/user/iturkmen/hh4b_delphes/run2_13tev/frozen_v2/bundles/qcd_hardqcd_importance_adaptive500k_phys_20260717_0022/qcd_hardqcd_importance_adaptive500k_phys_20260717_0022_bin00_pthat50to75_shard1845_seed1201845_bundle.tar.gz,49730610,/uscms_data/d3/iturkmen/hh4b_delphes/condor_return/qcd_hardqcd_importance_adaptive500k_phys_20260717_0022/receipts/qcd_hardqcd_importance_adaptive500k_phys_20260717_0022_84891534_job26_bin0_shard1845_receipt.json
wave1,wave1_original,qcd_hardqcd_importance_adaptive500k_phys_20260717_0022,84891534,0,50,75,1846,1201846,10000,train,qcd-adaptive-whole-shard-v1,0b3d93777252bf35c5bd2f9037dcc5fbebd6b3b7e99a67a04a675319d6df52a4,1b2041245162de8360defdc502404e0696496c50773d4aa7f043798651a9517c,/store/user/iturkmen/hh4b_delphes/run2_13tev/frozen_v2/bundles/qcd_hardqcd_importance_adaptive500k_phys_20260717_0022/qcd_hardqcd_importance_adaptive500k_phys_20260717_0022_bin00_pthat50to75_shard1846_seed1201846_bundle.tar.gz,5627469e,/uscms_data/d3/iturkmen/hh4b_delphes/condor_return/qcd_hardqcd_importance_adaptive500k_phys_20260717_0022/receipts/qcd_hardqcd_importance_adaptive500k_phys_20260717_0022_84891534_job27_bin0_shard1846_receipt.json
wave1,wave1_original,qcd_hardqcd_importance_adaptive500k_phys_20260717_0022,84891534,0,50,75,1847,1201847,10000,train,qcd-adaptive-whole-shard-v1,0b3d93777252bf35c5bd2f9037dcc5fbebd6b3b7e99a67a04a675319d6df52a4,1b2041245162de8360defdc502404e0696496c50773d4aa7f043798651a9517c,/store/user/iturkmen/hh4b_delphes/run2_13tev/frozen_v2/bundles/qcd_hardqcd_importance_adaptive500k_phys_20260717_0022/qcd_hardqcd_importance_adaptive500k_phys_20260717_0022_bin00_pthat50to75_shard1847_seed1201847_bundle.tar.gz,38db28d4,/uscms_data/d3/iturkmen/hh4b_delphes/condor_return/qcd_hardqcd_importance_adaptive500k_phys_20260717_0022/receipts/qcd_hardqcd_importance_adaptive500k_phys_20260717_0022_84891534_job28_bin0_shard1847_receipt.json
wave1,wave1_original,qcd_hardqcd_importance_adaptive500k_phys_20260717_0022,84891534,0,50,75,1848,1201848,10000,train,qcd-adaptive-whole-shard-v1,0b3d93777252bf35c5bd2f9037dcc5fbebd6b3b7e99a67a04a675319d6df52a4,1b2041245162de8360defdc502404e0696496c50773d4aa7f043798651a9517c,/store/user/iturkmen/hh4b_delphes/run2_13tev/frozen_v2/bundles/qcd_hardqcd_importance_adaptive500k_phys_20260717_0022/qcd_hardqcd_importance_adaptive500k_phys_20260717_0022_bin00_pthat50to75_shard1848_seed1201848_bundle.tar.gz,65bd1d4c,/uscms_data/d3/iturkmen/hh4b_delphes/condor_return/qcd_hardqcd_importance_adaptive500k_phys_20260717_0022/receipts/qcd_hardqcd_importance_adaptive500k_phys_20260717_0022_84891534_job29_bin0_shard1848_receipt.json
wave1,wave1_original,qcd_hardqcd_importance_adaptive500k_phys_20260717_0022,84891534,0,50,75,1849,1201849,9163,train,qcd-adaptive-whole-shard-v1,0b3d93777252bf35c5bd2f9037dcc5fbebd6b3b7e99a67a04a675319d6df52a4,1b2041245162de8360defdc502404e0696496c50773d4aa7f043798651a9517c,/store/user/iturkmen/hh4b_delphes/run2_13tev/frozen_v2/bundles/qcd_hardqcd_importance_adaptive500k_phys_20260717_0022/qcd_hardqcd_importance_adaptive500k_phys_20260717_0022_bin00_pthat50to75_shard1849_seed1201849_bundle.tar.gz,79e508ea,/uscms_data/d3/iturkmen/hh4b_delphes/condor_return/qcd_hardqcd_importance_adaptive500k_phys_20260717_0022/receipts/qcd_hardqcd_importance_adaptive500k_phys_20260717_0022_84891534_job30_bin0_shard1849_receipt.json
wave1,wave1_original,qcd_hardqcd_importance_adaptive500k_phys_20260717_0022,84891534,1,75,100,1850,1211850,10000,train,qcd-adaptive-whole-shard-v1,0b3d93777252bf35c5bd2f9037dcc5fbebd6b3b7e99a67a04a675319d6df52a4,1b2041245162de8360defdc502404e0696496c50773d4aa7f043798651a9517c,/store/user/iturkmen/hh4b_delphes/run2_13tev/frozen_v2/bundles/qcd_hardqcd_importance_adaptive500k_phys_20260717_0022/qcd_hardqcd_importance_adaptive500k_phys_20260717_0022_bin01_pthat75to100_shard1850_seed1211850_bundle.tar.gz,91f68571,/uscms_data/d3/iturkmen/hh4b_delphes/condor_return/qcd_hardqcd_importance_adaptive500k_phys_20260717_0022/receipts/qcd_hardqcd_importance_adaptive500k_phys_20260717_0022_84891534_job31_bin1_shard1850_receipt.json
wave1,wave1_original,qcd_hardqcd_importance_adaptive500k_phys_20260717_0022,84891534,1,75,100,1851,1211851,10000,validation,qcd-adaptive-whole-shard-v1,0b3d93777252bf35c5bd2f9037dcc5fbebd6b3b7e99a67a04a675319d6df52a4,1b2041245162de8360defdc502404e0696496c50773d4aa7f043798651a9517c,/store/user/iturkmen/hh4b_delphes/run2_13tev/frozen_v2/bundles/qcd_hardqcd_importance_adaptive500k_phys_20260717_0022/qcd_hardqcd_importance_adaptive500k_phys_20260717_0022_bin01_pthat75to100_shard1851_seed1211851_bundle.tar.gz,46abd160,/uscms_data/d3/iturkmen/hh4b_delphes/condor_return/qcd_hardqcd_importance_adaptive500k_phys_20260717_0022/receipts/qcd_hardqcd_importance_adaptive500k_phys_20260717_0022_84891534_job32_bin1_shard1851_receipt.json
wave1,wave1_original,qcd_hardqcd_importance_adaptive500k_phys_20260717_0022,84891534,1,75,100,1852,1211852,10000,train,qcd-adaptive-whole-shard-v1,0b3d93777252bf35c5bd2f9037dcc5fbebd6b3b7e99a67a04a675319d6df52a4,1b2041245162de8360defdc502404e0696496c50773d4aa7f043798651a9517c,/store/user/iturkmen/hh4b_delphes/run2_13tev/frozen_v2/bundles/qcd_hardqcd_importance_adaptive500k_phys_20260717_0022/qcd_hardqcd_importance_adaptive500k_phys_20260717_0022_bin01_pthat75to100_shard1852_seed1211852_bundle.tar.gz,bc18b1ff,/uscms_data/d3/iturkmen/hh4b_delphes/condor_return/qcd_hardqcd_importance_adaptive500k_phys_20260717_0022/receipts/qcd_hardqcd_importance_adaptive500k_phys_20260717_0022_84891534_job33_bin1_shard1852_receipt.json
wave1,wave1_original,qcd_hardqcd_importance_adaptive500k_phys_20260717_0022,84891534,1,75,100,1853,1211853,10000,train,qcd-adaptive-whole-shard-v1,0b3d93777252bf35c5bd2f9037dcc5fbebd6b3b7e99a67a04a675319d6df52a4,1b2041245162de8360defdc502404e0696496c50773d4aa7f043798651a9517c,/store/user/iturkmen/hh4b_delphes/run2_13tev/frozen_v2/bundles/qcd_hardqcd_importance_adaptive500k_phys_20260717_0022/qcd_hardqcd_importance_adaptive500k_phys_20260717_0022_bin01_pthat75to100_shard1853_seed1211853_bundle.tar.gz,fc1107c4,/uscms_data/d3/iturkmen/hh4b_delphes/condor_return/qcd_hardqcd_importance_adaptive500k_phys_20260717_0022/receipts/qcd_hardqcd_importance_adaptive500k_phys_20260717_0022_84891534_job34_bin1_shard1853_receipt.json
wave1,wave1_original,qcd_hardqcd_importance_adaptive500k_phys_20260717_0022,84891534,1,75,100,1854,1211854,10000,validation,qcd-adaptive-whole-shard-v1,0b3d93777252bf35c5bd2f9037dcc5fbebd6b3b7e99a67a04a675319d6df52a4,1b2041245162de8360defdc502404e0696496c50773d4aa7f043798651a9517c,/store/user/iturkmen/hh4b_delphes/run2_13tev/frozen_v2/bundles/qcd_hardqcd_importance_adaptive500k_phys_20260717_0022/qcd_hardqcd_importance_adaptive500k_phys_20260717_0022_bin01_pthat75to100_shard1854_seed1211854_bundle.tar.gz,ea45472e,/uscms_data/d3/iturkmen/hh4b_delphes/condor_return/qcd_hardqcd_importance_adaptive500k_phys_20260717_0022/receipts/qcd_hardqcd_importance_adaptive500k_phys_20260717_0022_84891534_job35_bin1_shard1854_receipt.json
wave1,wave1_original,qcd_hardqcd_importance_adaptive500k_phys_20260717_0022,84891534,1,75,100,1855,1211855,10000,train,qcd-adaptive-whole-shard-v1,0b3d93777252bf35c5bd2f9037dcc5fbebd6b3b7e99a67a04a675319d6df52a4,1b2041245162de8360defdc502404e0696496c50773d4aa7f043798651a9517c,/store/user/iturkmen/hh4b_delphes/run2_13tev/frozen_v2/bundles/qcd_hardqcd_importance_adaptive500k_phys_20260717_0022/qcd_hardqcd_importance_adaptive500k_phys_20260717_0022_bin01_pthat75to100_shard1855_seed1211855_bundle.tar.gz,dcc0a0dc,/uscms_data/d3/iturkmen/hh4b_delphes/condor_return/qcd_hardqcd_importance_adaptive500k_phys_20260717_0022/receipts/qcd_hardqcd_importance_adaptive500k_phys_20260717_0022_84891534_job36_bin1_shard1855_receipt.json
wave1,wave1_original,qcd_hardqcd_importance_adaptive500k_phys_20260717_0022,84891534,1,75,100,1856,1211856,10000,train,qcd-adaptive-whole-shard-v1,0b3d93777252bf35c5bd2f9037dcc5fbebd6b3b7e99a67a04a675319d6df52a4,1b2041245162de8360defdc502404e0696496c50773d4aa7f043798651a9517c,/store/user/iturkmen/hh4b_delphes/run2_13tev/frozen_v2/bundles/qcd_hardqcd_importance_adaptive500k_phys_20260717_0022/qcd_hardqcd_importance_adaptive500k_phys_20260717_0022_bin01_pthat75to100_shard1856_seed1211856_bundle.tar.gz,98a1dfc7,/uscms_data/d3/iturkmen/hh4b_delphes/condor_return/qcd_hardqcd_importance_adaptive500k_phys_20260717_0022/receipts/qcd_hardqcd_importance_adaptive500k_phys_20260717_0022_84891534_job37_bin1_shard1856_receipt.json
wave1,wave1_original,qcd_hardqcd_importance_adaptive500k_phys_20260717_0022,84891534,1,75,100,1857,1211857,7388,train,qcd-adaptive-whole-shard-v1,0b3d93777252bf35c5bd2f9037dcc5fbebd6b3b7e99a67a04a675319d6df52a4,1b2041245162de8360defdc502404e0696496c50773d4aa7f043798651a9517c,/store/user/iturkmen/hh4b_delphes/run2_13tev/frozen_v2/bundles/qcd_hardqcd_importance_adaptive500k_phys_20260717_0022/qcd_hardqcd_importance_adaptive500k_phys_20260717_0022_bin01_pthat75to100_shard1857_seed1211857_bundle.tar.gz,c3075cd7,/uscms_data/d3/iturkmen/hh4b_delphes/condor_return/qcd_hardqcd_importance_adaptive500k_phys_20260717_0022/receipts/qcd_hardqcd_importance_adaptive500k_phys_20260717_0022_84891534_job38_bin1_shard1857_receipt.json
wave1,wave1_original,qcd_hardqcd_importance_adaptive500k_phys_20260717_0022,84891534,2,100,200,1858,1221858,10000,train,qcd-adaptive-whole-shard-v1,0b3d93777252bf35c5bd2f9037dcc5fbebd6b3b7e99a67a04a675319d6df52a4,1b2041245162de8360defdc502404e0696496c50773d4aa7f043798651a9517c,/store/user/iturkmen/hh4b_delphes/run2_13tev/frozen_v2/bundles/qcd_hardqcd_importance_adaptive500k_phys_20260717_0022/qcd_hardqcd_importance_adaptive500k_phys_20260717_0022_bin02_pthat100to200_shard1858_seed1221858_bundle.tar.gz,498fceea,/uscms_data/d3/iturkmen/hh4b_delphes/condor_return/qcd_hardqcd_importance_adaptive500k_phys_20260717_0022/receipts/qcd_hardqcd_importance_adaptive500k_phys_20260717_0022_84891534_job39_bin2_shard1858_receipt.json
wave1,wave1_original,qcd_hardqcd_importance_adaptive500k_phys_20260717_0022,84891534,2,100,200,1859,1221859,10000,test,qcd-adaptive-whole-shard-v1,0b3d93777252bf35c5bd2f9037dcc5fbebd6b3b7e99a67a04a675319d6df52a4,1b2041245162de8360defdc502404e0696496c50773d4aa7f043798651a9517c,/store/user/iturkmen/hh4b_delphes/run2_13tev/frozen_v2/bundles/qcd_hardqcd_importance_adaptive500k_phys_20260717_0022/qcd_hardqcd_importance_adaptive500k_phys_20260717_0022_bin02_pthat100to200_shard1859_seed1221859_bundle.tar.gz,437de5be,/uscms_data/d3/iturkmen/hh4b_delphes/condor_return/qcd_hardqcd_importance_adaptive500k_phys_20260717_0022/receipts/qcd_hardqcd_importance_adaptive500k_phys_20260717_0022_84891534_job40_bin2_shard1859_receipt.json
wave1,wave1_original,qcd_hardqcd_importance_adaptive500k_phys_20260717_0022,84891534,2,100,200,1860,1221860,10000,train,qcd-adaptive-whole-shard-v1,0b3d93777252bf35c5bd2f9037dcc5fbebd6b3b7e99a67a04a675319d6df52a4,1b2041245162de8360defdc502404e0696496c50773d4aa7f043798651a9517c,/store/user/iturkmen/hh4b_delphes/run2_13tev/frozen_v2/bundles/qcd_hardqcd_importance_adaptive500k_phys_20260717_0022/qcd_hardqcd_importance_adaptive500k_phys_20260717_0022_bin02_pthat100to200_shard1860_seed1221860_bundle.tar.gz,27d93945,/uscms_data/d3/iturkmen/hh4b_delphes/condor_return/qcd_hardqcd_importance_adaptive500k_phys_20260717_0022/receipts/qcd_hardqcd_importance_adaptive500k_phys_20260717_0022_84891534_job41_bin2_shard1860_receipt.json
wave1,wave1_original,qcd_hardqcd_importance_adaptive500k_phys_20260717_0022,84891534,2,100,200,1861,1221861,10000,train,qcd-adaptive-whole-shard-v1,0b3d93777252bf35c5bd2f9037dcc5fbebd6b3b7e99a67a04a675319d6df52a4,1b2041245162de8360defdc502404e0696496c50773d4aa7f043798651a9517c,/store/user/iturkmen/hh4b_delphes/run2_13tev/frozen_v2/bundles/qcd_hardqcd_importance_adaptive500k_phys_20260717_0022/qcd_hardqcd_importance_adaptive500k_phys_20260717_0022_bin02_pthat100to200_shard1861_seed1221861_bundle.tar.gz,f8bac3fc,/uscms_data/d3/iturkmen/hh4b_delphes/condor_return/qcd_hardqcd_importance_adaptive500k_phys_20260717_0022/receipts/qcd_hardqcd_importance_adaptive500k_phys_20260717_0022_84891534_job42_bin2_shard1861_receipt.json
wave1,wave1_original,qcd_hardqcd_importance_adaptive500k_phys_20260717_0022,84891534,2,100,200,1862,1221862,8521,train,qcd-adaptive-whole-shard-v1,0b3d93777252bf35c5bd2f9037dcc5fbebd6b3b7e99a67a04a675319d6df52a4,1b2041245162de8360defdc502404e0696496c50773d4aa7f043798651a9517c,/store/user/iturkmen/hh4b_delphes/run2_13tev/frozen_v2/bundles/qcd_hardqcd_importance_adaptive500k_phys_20260717_0022/qcd_hardqcd_importance_adaptive500k_phys_20260717_0022_bin02_pthat100to200_shard1862_seed1221862_bundle.tar.gz,a654643f,/uscms_data/d3/iturkmen/hh4b_delphes/condor_return/qcd_hardqcd_importance_adaptive500k_phys_20260717_0022/receipts/qcd_hardqcd_importance_adaptive500k_phys_20260717_0022_84891534_job43_bin2_shard1862_receipt.json
wave1,wave1_original,qcd_hardqcd_importance_adaptive500k_phys_20260717_0022,84891534,3,200,300,1863,1231863,10000,train,qcd-adaptive-whole-shard-v1,0b3d93777252bf35c5bd2f9037dcc5fbebd6b3b7e99a67a04a675319d6df52a4,1b2041245162de8360defdc502404e0696496c50773d4aa7f043798651a9517c,/store/user/iturkmen/hh4b_delphes/run2_13tev/frozen_v2/bundles/qcd_hardqcd_importance_adaptive500k_phys_20260717_0022/qcd_hardqcd_importance_adaptive500k_phys_20260717_0022_bin03_pthat200to300_shard1863_seed1231863_bundle.tar.gz,859c969c,/uscms_data/d3/iturkmen/hh4b_delphes/condor_return/qcd_hardqcd_importance_adaptive500k_phys_20260717_0022/receipts/qcd_hardqcd_importance_adaptive500k_phys_20260717_0022_84891534_job44_bin3_shard1863_receipt.json
wave1,wave1_original,qcd_hardqcd_importance_adaptive500k_phys_20260717_0022,84891534,3,200,300,1864,1231864,4543,test,qcd-adaptive-whole-shard-v1,0b3d93777252bf35c5bd2f9037dcc5fbebd6b3b7e99a67a04a675319d6df52a4,1b2041245162de8360defdc502404e0696496c50773d4aa7f043798651a9517c,/store/user/iturkmen/hh4b_delphes/run2_13tev/frozen_v2/bundles/qcd_hardqcd_importance_adaptive500k_phys_20260717_0022/qcd_hardqcd_importance_adaptive500k_phys_20260717_0022_bin03_pthat200to300_shard1864_seed1231864_bundle.tar.gz,654ef116,/uscms_data/d3/iturkmen/hh4b_delphes/condor_return/qcd_hardqcd_importance_adaptive500k_phys_20260717_0022/receipts/qcd_hardqcd_importance_adaptive500k_phys_20260717_0022_84891534_job45_bin3_shard1864_receipt.json
wave1,wave1_original,qcd_hardqcd_importance_adaptive500k_phys_20260717_0022,84891534,4,300,500,1865,1241865,10000,train,qcd-adaptive-whole-shard-v1,0b3d93777252bf35c5bd2f9037dcc5fbebd6b3b7e99a67a04a675319d6df52a4,1b2041245162de8360defdc502404e0696496c50773d4aa7f043798651a9517c,/store/user/iturkmen/hh4b_delphes/run2_13tev/frozen_v2/bundles/qcd_hardqcd_importance_adaptive500k_phys_20260717_0022/qcd_hardqcd_importance_adaptive500k_phys_20260717_0022_bin04_pthat300to500_shard1865_seed1241865_bundle.tar.gz,00476738,/uscms_data/d3/iturkmen/hh4b_delphes/condor_return/qcd_hardqcd_importance_adaptive500k_phys_20260717_0022/receipts/qcd_hardqcd_importance_adaptive500k_phys_20260717_0022_84891534_job46_bin4_shard1865_receipt.json
wave1,wave1_original,qcd_hardqcd_importance_adaptive500k_phys_20260717_0022,84891534,4,300,500,1866,1241866,2855,train,qcd-adaptive-whole-shard-v1,0b3d93777252bf35c5bd2f9037dcc5fbebd6b3b7e99a67a04a675319d6df52a4,1b2041245162de8360defdc502404e0696496c50773d4aa7f043798651a9517c,/store/user/iturkmen/hh4b_delphes/run2_13tev/frozen_v2/bundles/qcd_hardqcd_importance_adaptive500k_phys_20260717_0022/qcd_hardqcd_importance_adaptive500k_phys_20260717_0022_bin04_pthat300to500_shard1866_seed1241866_bundle.tar.gz,b1c7c2a8,/uscms_data/d3/iturkmen/hh4b_delphes/condor_return/qcd_hardqcd_importance_adaptive500k_phys_20260717_0022/receipts/qcd_hardqcd_importance_adaptive500k_phys_20260717_0022_84891534_job47_bin4_shard1866_receipt.json
wave1,wave1_original,qcd_hardqcd_importance_adaptive500k_phys_20260717_0022,84891534,5,500,700,1867,1251867,10000,train,qcd-adaptive-whole-shard-v1,0b3d93777252bf35c5bd2f9037dcc5fbebd6b3b7e99a67a04a675319d6df52a4,1b2041245162de8360defdc502404e0696496c50773d4aa7f043798651a9517c,/store/user/iturkmen/hh4b_delphes/run2_13tev/frozen_v2/bundles/qcd_hardqcd_importance_adaptive500k_phys_20260717_0022/qcd_hardqcd_importance_adaptive500k_phys_20260717_0022_bin05_pthat500to700_shard1867_seed1251867_bundle.tar.gz,cc6da2ee,/uscms_data/d3/iturkmen/hh4b_delphes/condor_return/qcd_hardqcd_importance_adaptive500k_phys_20260717_0022/receipts/qcd_hardqcd_importance_adaptive500k_phys_20260717_0022_84891534_job48_bin5_shard1867_receipt.json
wave1,wave1_original,qcd_hardqcd_importance_adaptive500k_phys_20260717_0022,84891534,5,500,700,1868,1251868,2526,train,qcd-adaptive-whole-shard-v1,0b3d93777252bf35c5bd2f9037dcc5fbebd6b3b7e99a67a04a675319d6df52a4,1b2041245162de8360defdc502404e0696496c50773d4aa7f043798651a9517c,/store/user/iturkmen/hh4b_delphes/run2_13tev/frozen_v2/bundles/qcd_hardqcd_importance_adaptive500k_phys_20260717_0022/qcd_hardqcd_importance_adaptive500k_phys_20260717_0022_bin05_pthat500to700_shard1868_seed1251868_bundle.tar.gz,82f3d201,/uscms_data/d3/iturkmen/hh4b_delphes/condor_return/qcd_hardqcd_importance_adaptive500k_phys_20260717_0022/receipts/qcd_hardqcd_importance_adaptive500k_phys_20260717_0022_84891534_job49_bin5_shard1868_receipt.json
wave1,wave1_original,qcd_hardqcd_importance_adaptive500k_phys_20260717_0022,84891534,6,700,1000,1869,1261869,10000,train,qcd-adaptive-whole-shard-v1,0b3d93777252bf35c5bd2f9037dcc5fbebd6b3b7e99a67a04a675319d6df52a4,1b2041245162de8360defdc502404e0696496c50773d4aa7f043798651a9517c,/store/user/iturkmen/hh4b_delphes/run2_13tev/frozen_v2/bundles/qcd_hardqcd_importance_adaptive500k_phys_20260717_0022/qcd_hardqcd_importance_adaptive500k_phys_20260717_0022_bin06_pthat700to1000_shard1869_seed1261869_bundle.tar.gz,00642e81,/uscms_data/d3/iturkmen/hh4b_delphes/condor_return/qcd_hardqcd_importance_adaptive500k_phys_20260717_0022/receipts/qcd_hardqcd_importance_adaptive500k_phys_20260717_0022_84891534_job50_bin6_shard1869_receipt.json
wave1,wave1_original,qcd_hardqcd_importance_adaptive500k_phys_20260717_0022,84891534,6,700,1000,1870,1261870,2504,validation,qcd-adaptive-whole-shard-v1,0b3d93777252bf35c5bd2f9037dcc5fbebd6b3b7e99a67a04a675319d6df52a4,1b2041245162de8360defdc502404e0696496c50773d4aa7f043798651a9517c,/store/user/iturkmen/hh4b_delphes/run2_13tev/frozen_v2/bundles/qcd_hardqcd_importance_adaptive500k_phys_20260717_0022/qcd_hardqcd_importance_adaptive500k_phys_20260717_0022_bin06_pthat700to1000_shard1870_seed1261870_bundle.tar.gz,5c4ab26e,/uscms_data/d3/iturkmen/hh4b_delphes/condor_return/qcd_hardqcd_importance_adaptive500k_phys_20260717_0022/receipts/qcd_hardqcd_importance_adaptive500k_phys_20260717_0022_84891534_job51_bin6_shard1870_receipt.json
wave1,wave1_original,qcd_hardqcd_importance_adaptive500k_phys_20260717_0022,84891534,7,1000,0,1871,1271871,10000,train,qcd-adaptive-whole-shard-v1,0b3d93777252bf35c5bd2f9037dcc5fbebd6b3b7e99a67a04a675319d6df52a4,1b2041245162de8360defdc502404e0696496c50773d4aa7f043798651a9517c,/store/user/iturkmen/hh4b_delphes/run2_13tev/frozen_v2/bundles/qcd_hardqcd_importance_adaptive500k_phys_20260717_0022/qcd_hardqcd_importance_adaptive500k_phys_20260717_0022_bin07_pthat1000toInf_shard1871_seed1271871_bundle.tar.gz,971617e2,/uscms_data/d3/iturkmen/hh4b_delphes/condor_return/qcd_hardqcd_importance_adaptive500k_phys_20260717_0022/receipts/qcd_hardqcd_importance_adaptive500k_phys_20260717_0022_84891534_job52_bin7_shard1871_receipt.json
wave1,wave1_original,qcd_hardqcd_importance_adaptive500k_phys_20260717_0022,84891534,7,1000,0,1872,1271872,2500,validation,qcd-adaptive-whole-shard-v1,0b3d93777252bf35c5bd2f9037dcc5fbebd6b3b7e99a67a04a675319d6df52a4,1b2041245162de8360defdc502404e0696496c50773d4aa7f043798651a9517c,/store/user/iturkmen/hh4b_delphes/run2_13tev/frozen_v2/bundles/qcd_hardqcd_importance_adaptive500k_phys_20260717_0022/qcd_hardqcd_importance_adaptive500k_phys_20260717_0022_bin07_pthat1000toInf_shard1872_seed1271872_bundle.tar.gz,03122304,/uscms_data/d3/iturkmen/hh4b_delphes/condor_return/qcd_hardqcd_importance_adaptive500k_phys_20260717_0022/receipts/qcd_hardqcd_importance_adaptive500k_phys_20260717_0022_84891534_job53_bin7_shard1872_receipt.json
wave2,wave2_original,qcd_hardqcd_importance_adaptive500k_phys_wave2_20260717,59823913,0,50,75,9773,1209773,10000,train,qcd-adaptive-wave2-whole-shard-v2,2942542d8c6caf02a649888909c8621876c120da3c2db249aa04d63631828f81,1b2041245162de8360defdc502404e0696496c50773d4aa7f043798651a9517c,/store/user/iturkmen/hh4b_delphes/run2_13tev/frozen_v2/bundles/qcd_hardqcd_importance_adaptive500k_phys_wave2_20260717/qcd_hardqcd_importance_adaptive500k_phys_wave2_20260717_bin00_pthat50to75_shard9773_seed1209773_bundle.tar.gz,71362d88,/uscms_data/d3/iturkmen/repos/hh-bbww-baselines/outputs/agent_runs/qcd_wave2_canonical_audit_20260718/canonical_receipts/bin00_shard9773_seed1209773_receipt.json
wave2,wave2_original,qcd_hardqcd_importance_adaptive500k_phys_wave2_20260717,59823913,0,50,75,9774,1209774,10000,train,qcd-adaptive-wave2-whole-shard-v2,2942542d8c6caf02a649888909c8621876c120da3c2db249aa04d63631828f81,1b2041245162de8360defdc502404e0696496c50773d4aa7f043798651a9517c,/store/user/iturkmen/hh4b_delphes/run2_13tev/frozen_v2/bundles/qcd_hardqcd_importance_adaptive500k_phys_wave2_20260717/qcd_hardqcd_importance_adaptive500k_phys_wave2_20260717_bin00_pthat50to75_shard9774_seed1209774_bundle.tar.gz,b48304c9,/uscms_data/d3/iturkmen/repos/hh-bbww-baselines/outputs/agent_runs/qcd_wave2_canonical_audit_20260718/canonical_receipts/bin00_shard9774_seed1209774_receipt.json
wave2,wave2_original,qcd_hardqcd_importance_adaptive500k_phys_wave2_20260717,59823913,0,50,75,9775,1209775,10000,train,qcd-adaptive-wave2-whole-shard-v2,2942542d8c6caf02a649888909c8621876c120da3c2db249aa04d63631828f81,1b2041245162de8360defdc502404e0696496c50773d4aa7f043798651a9517c,/store/user/iturkmen/hh4b_delphes/run2_13tev/frozen_v2/bundles/qcd_hardqcd_importance_adaptive500k_phys_wave2_20260717/qcd_hardqcd_importance_adaptive500k_phys_wave2_20260717_bin00_pthat50to75_shard9775_seed1209775_bundle.tar.gz,dd207708,/uscms_data/d3/iturkmen/repos/hh-bbww-baselines/outputs/agent_runs/qcd_wave2_canonical_audit_20260718/canonical_receipts/bin00_shard9775_seed1209775_receipt.json
wave2,wave2_original,qcd_hardqcd_importance_adaptive500k_phys_wave2_20260717,59823913,0,50,75,9776,1209776,10000,train,qcd-adaptive-wave2-whole-shard-v2,2942542d8c6caf02a649888909c8621876c120da3c2db249aa04d63631828f81,1b2041245162de8360defdc502404e0696496c50773d4aa7f043798651a9517c,/store/user/iturkmen/hh4b_delphes/run2_13tev/frozen_v2/bundles/qcd_hardqcd_importance_adaptive500k_phys_wave2_20260717/qcd_hardqcd_importance_adaptive500k_phys_wave2_20260717_bin00_pthat50to75_shard9776_seed1209776_bundle.tar.gz,a8efda77,/uscms_data/d3/iturkmen/repos/hh-bbww-baselines/outputs/agent_runs/qcd_wave2_canonical_audit_20260718/canonical_receipts/bin00_shard9776_seed1209776_receipt.json
wave2,wave2_original,qcd_hardqcd_importance_adaptive500k_phys_wave2_20260717,59823913,0,50,75,9777,1209777,10000,train,qcd-adaptive-wave2-whole-shard-v2,2942542d8c6caf02a649888909c8621876c120da3c2db249aa04d63631828f81,1b2041245162de8360defdc502404e0696496c50773d4aa7f043798651a9517c,/store/user/iturkmen/hh4b_delphes/run2_13tev/frozen_v2/bundles/qcd_hardqcd_importance_adaptive500k_phys_wave2_20260717/qcd_hardqcd_importance_adaptive500k_phys_wave2_20260717_bin00_pthat50to75_shard9777_seed1209777_bundle.tar.gz,4251ab1d,/uscms_data/d3/iturkmen/repos/hh-bbww-baselines/outputs/agent_runs/qcd_wave2_canonical_audit_20260718/canonical_receipts/bin00_shard9777_seed1209777_receipt.json
wave2,wave2_original,qcd_hardqcd_importance_adaptive500k_phys_wave2_20260717,59823913,0,50,75,9778,1209778,10000,test,qcd-adaptive-wave2-whole-shard-v2,2942542d8c6caf02a649888909c8621876c120da3c2db249aa04d63631828f81,1b2041245162de8360defdc502404e0696496c50773d4aa7f043798651a9517c,/store/user/iturkmen/hh4b_delphes/run2_13tev/frozen_v2/bundles/qcd_hardqcd_importance_adaptive500k_phys_wave2_20260717/qcd_hardqcd_importance_adaptive500k_phys_wave2_20260717_bin00_pthat50to75_shard9778_seed1209778_bundle.tar.gz,8d62ab20,/uscms_data/d3/iturkmen/repos/hh-bbww-baselines/outputs/agent_runs/qcd_wave2_canonical_audit_20260718/canonical_receipts/bin00_shard9778_seed1209778_receipt.json
wave2,wave2_original,qcd_hardqcd_importance_adaptive500k_phys_wave2_20260717,59823913,0,50,75,9779,1209779,10000,train,qcd-adaptive-wave2-whole-shard-v2,2942542d8c6caf02a649888909c8621876c120da3c2db249aa04d63631828f81,1b2041245162de8360defdc502404e0696496c50773d4aa7f043798651a9517c,/store/user/iturkmen/hh4b_delphes/run2_13tev/frozen_v2/bundles/qcd_hardqcd_importance_adaptive500k_phys_wave2_20260717/qcd_hardqcd_importance_adaptive500k_phys_wave2_20260717_bin00_pthat50to75_shard9779_seed1209779_bundle.tar.gz,dbf97649,/uscms_data/d3/iturkmen/repos/hh-bbww-baselines/outputs/agent_runs/qcd_wave2_canonical_audit_20260718/canonical_receipts/bin00_shard9779_seed1209779_receipt.json
wave2,wave2_original,qcd_hardqcd_importance_adaptive500k_phys_wave2_20260717,59823913,0,50,75,9780,1209780,10000,test,qcd-adaptive-wave2-whole-shard-v2,2942542d8c6caf02a649888909c8621876c120da3c2db249aa04d63631828f81,1b2041245162de8360defdc502404e0696496c50773d4aa7f043798651a9517c,/store/user/iturkmen/hh4b_delphes/run2_13tev/frozen_v2/bundles/qcd_hardqcd_importance_adaptive500k_phys_wave2_20260717/qcd_hardqcd_importance_adaptive500k_phys_wave2_20260717_bin00_pthat50to75_shard9780_seed1209780_bundle.tar.gz,7d01d0fd,/uscms_data/d3/iturkmen/repos/hh-bbww-baselines/outputs/agent_runs/qcd_wave2_canonical_audit_20260718/canonical_receipts/bin00_shard9780_seed1209780_receipt.json
wave2,wave2_original,qcd_hardqcd_importance_adaptive500k_phys_wave2_20260717,59823913,0,50,75,9781,1209781,10000,train,qcd-adaptive-wave2-whole-shard-v2,2942542d8c6caf02a649888909c8621876c120da3c2db249aa04d63631828f81,1b2041245162de8360defdc502404e0696496c50773d4aa7f043798651a9517c,/store/user/iturkmen/hh4b_delphes/run2_13tev/frozen_v2/bundles/qcd_hardqcd_importance_adaptive500k_phys_wave2_20260717/qcd_hardqcd_importance_adaptive500k_phys_wave2_20260717_bin00_pthat50to75_shard9781_seed1209781_bundle.tar.gz,dee7442f,/uscms_data/d3/iturkmen/repos/hh-bbww-baselines/outputs/agent_runs/qcd_wave2_canonical_audit_20260718/canonical_receipts/bin00_shard9781_seed1209781_receipt.json
wave2,wave2_original,qcd_hardqcd_importance_adaptive500k_phys_wave2_20260717,59823913,0,50,75,9782,1209782,10000,train,qcd-adaptive-wave2-whole-shard-v2,2942542d8c6caf02a649888909c8621876c120da3c2db249aa04d63631828f81,1b2041245162de8360defdc502404e0696496c50773d4aa7f043798651a9517c,/store/user/iturkmen/hh4b_delphes/run2_13tev/frozen_v2/bundles/qcd_hardqcd_importance_adaptive500k_phys_wave2_20260717/qcd_hardqcd_importance_adaptive500k_phys_wave2_20260717_bin00_pthat50to75_shard9782_seed1209782_bundle.tar.gz,8a5afec2,/uscms_data/d3/iturkmen/repos/hh-bbww-baselines/outputs/agent_runs/qcd_wave2_canonical_audit_20260718/canonical_receipts/bin00_shard9782_seed1209782_receipt.json
wave2,wave2_original,qcd_hardqcd_importance_adaptive500k_phys_wave2_20260717,59823913,0,50,75,9783,1209783,10000,train,qcd-adaptive-wave2-whole-shard-v2,2942542d8c6caf02a649888909c8621876c120da3c2db249aa04d63631828f81,1b2041245162de8360defdc502404e0696496c50773d4aa7f043798651a9517c,/store/user/iturkmen/hh4b_delphes/run2_13tev/frozen_v2/bundles/qcd_hardqcd_importance_adaptive500k_phys_wave2_20260717/qcd_hardqcd_importance_adaptive500k_phys_wave2_20260717_bin00_pthat50to75_shard9783_seed1209783_bundle.tar.gz,e0c58fe2,/uscms_data/d3/iturkmen/repos/hh-bbww-baselines/outputs/agent_runs/qcd_wave2_canonical_audit_20260718/canonical_receipts/bin00_shard9783_seed1209783_receipt.json
wave2,wave2_original,qcd_hardqcd_importance_adaptive500k_phys_wave2_20260717,59823913,0,50,75,9784,1209784,10000,train,qcd-adaptive-wave2-whole-shard-v2,2942542d8c6caf02a649888909c8621876c120da3c2db249aa04d63631828f81,1b2041245162de8360defdc502404e0696496c50773d4aa7f043798651a9517c,/store/user/iturkmen/hh4b_delphes/run2_13tev/frozen_v2/bundles/qcd_hardqcd_importance_adaptive500k_phys_wave2_20260717/qcd_hardqcd_importance_adaptive500k_phys_wave2_20260717_bin00_pthat50to75_shard9784_seed1209784_bundle.tar.gz,0b9ba358,/uscms_data/d3/iturkmen/repos/hh-bbww-baselines/outputs/agent_runs/qcd_wave2_canonical_audit_20260718/canonical_receipts/bin00_shard9784_seed1209784_receipt.json
wave2,wave2_original,qcd_hardqcd_importance_adaptive500k_phys_wave2_20260717,59823913,0,50,75,9785,1209785,10000,test,qcd-adaptive-wave2-whole-shard-v2,2942542d8c6caf02a649888909c8621876c120da3c2db249aa04d63631828f81,1b2041245162de8360defdc502404e0696496c50773d4aa7f043798651a9517c,/store/user/iturkmen/hh4b_delphes/run2_13tev/frozen_v2/bundles/qcd_hardqcd_importance_adaptive500k_phys_wave2_20260717/qcd_hardqcd_importance_adaptive500k_phys_wave2_20260717_bin00_pthat50to75_shard9785_seed1209785_bundle.tar.gz,9898e8fe,/uscms_data/d3/iturkmen/repos/hh-bbww-baselines/outputs/agent_runs/qcd_wave2_canonical_audit_20260718/canonical_receipts/bin00_shard9785_seed1209785_receipt.json
wave2,wave2_original,qcd_hardqcd_importance_adaptive500k_phys_wave2_20260717,59823913,0,50,75,9786,1209786,10000,validation,qcd-adaptive-wave2-whole-shard-v2,2942542d8c6caf02a649888909c8621876c120da3c2db249aa04d63631828f81,1b2041245162de8360defdc502404e0696496c50773d4aa7f043798651a9517c,/store/user/iturkmen/hh4b_delphes/run2_13tev/frozen_v2/bundles/qcd_hardqcd_importance_adaptive500k_phys_wave2_20260717/qcd_hardqcd_importance_adaptive500k_phys_wave2_20260717_bin00_pthat50to75_shard9786_seed1209786_bundle.tar.gz,edd788a0,/uscms_data/d3/iturkmen/repos/hh-bbww-baselines/outputs/agent_runs/qcd_wave2_canonical_audit_20260718/canonical_receipts/bin00_shard9786_seed1209786_receipt.json
wave2,wave2_original,qcd_hardqcd_importance_adaptive500k_phys_wave2_20260717,59823913,0,50,75,9787,1209787,10000,train,qcd-adaptive-wave2-whole-shard-v2,2942542d8c6caf02a649888909c8621876c120da3c2db249aa04d63631828f81,1b2041245162de8360defdc502404e0696496c50773d4aa7f043798651a9517c,/store/user/iturkmen/hh4b_delphes/run2_13tev/frozen_v2/bundles/qcd_hardqcd_importance_adaptive500k_phys_wave2_20260717/qcd_hardqcd_importance_adaptive500k_phys_wave2_20260717_bin00_pthat50to75_shard9787_seed1209787_bundle.tar.gz,d904b0cb,/uscms_data/d3/iturkmen/repos/hh-bbww-baselines/outputs/agent_runs/qcd_wave2_canonical_audit_20260718/canonical_receipts/bin00_shard9787_seed1209787_receipt.json
wave2,wave2_recovery,qcd_hardqcd_importance_adaptive500k_phys_wave2_20260717,59825065,0,50,75,9788,1209788,10000,train,qcd-adaptive-wave2-whole-shard-v2,282e90296f38934817d287bd02a42b02cd7139401ce43ff131bb6ebe1539b17d,1b2041245162de8360defdc502404e0696496c50773d4aa7f043798651a9517c,/store/user/iturkmen/hh4b_delphes/run2_13tev/frozen_v2/bundles/qcd_hardqcd_importance_adaptive500k_phys_wave2_20260717/qcd_hardqcd_importance_adaptive500k_phys_wave2_20260717_bin00_pthat50to75_shard9788_seed1209788_bundle.tar.gz,b6a56cb5,/uscms_data/d3/iturkmen/repos/hh-bbww-baselines/outputs/agent_runs/qcd_wave2_canonical_audit_20260718/canonical_receipts/bin00_shard9788_seed1209788_receipt.json
wave2,wave2_original,qcd_hardqcd_importance_adaptive500k_phys_wave2_20260717,59823913,0,50,75,9789,1209789,10000,test,qcd-adaptive-wave2-whole-shard-v2,2942542d8c6caf02a649888909c8621876c120da3c2db249aa04d63631828f81,1b2041245162de8360defdc502404e0696496c50773d4aa7f043798651a9517c,/store/user/iturkmen/hh4b_delphes/run2_13tev/frozen_v2/bundles/qcd_hardqcd_importance_adaptive500k_phys_wave2_20260717/qcd_hardqcd_importance_adaptive500k_phys_wave2_20260717_bin00_pthat50to75_shard9789_seed1209789_bundle.tar.gz,e52053ff,/uscms_data/d3/iturkmen/repos/hh-bbww-baselines/outputs/agent_runs/qcd_wave2_canonical_audit_20260718/canonical_receipts/bin00_shard9789_seed1209789_receipt.json
wave2,wave2_original,qcd_hardqcd_importance_adaptive500k_phys_wave2_20260717,59823913,0,50,75,9790,1209790,10000,test,qcd-adaptive-wave2-whole-shard-v2,2942542d8c6caf02a649888909c8621876c120da3c2db249aa04d63631828f81,1b2041245162de8360defdc502404e0696496c50773d4aa7f043798651a9517c,/store/user/iturkmen/hh4b_delphes/run2_13tev/frozen_v2/bundles/qcd_hardqcd_importance_adaptive500k_phys_wave2_20260717/qcd_hardqcd_importance_adaptive500k_phys_wave2_20260717_bin00_pthat50to75_shard9790_seed1209790_bundle.tar.gz,0dcac103,/uscms_data/d3/iturkmen/repos/hh-bbww-baselines/outputs/agent_runs/qcd_wave2_canonical_audit_20260718/canonical_receipts/bin00_shard9790_seed1209790_receipt.json
wave2,wave2_original,qcd_hardqcd_importance_adaptive500k_phys_wave2_20260717,59823913,0,50,75,9791,1209791,10000,validation,qcd-adaptive-wave2-whole-shard-v2,2942542d8c6caf02a649888909c8621876c120da3c2db249aa04d63631828f81,1b2041245162de8360defdc502404e0696496c50773d4aa7f043798651a9517c,/store/user/iturkmen/hh4b_delphes/run2_13tev/frozen_v2/bundles/qcd_hardqcd_importance_adaptive500k_phys_wave2_20260717/qcd_hardqcd_importance_adaptive500k_phys_wave2_20260717_bin00_pthat50to75_shard9791_seed1209791_bundle.tar.gz,aa8778f7,/uscms_data/d3/iturkmen/repos/hh-bbww-baselines/outputs/agent_runs/qcd_wave2_canonical_audit_20260718/canonical_receipts/bin00_shard9791_seed1209791_receipt.json
wave2,wave2_original,qcd_hardqcd_importance_adaptive500k_phys_wave2_20260717,59823913,0,50,75,9792,1209792,10000,train,qcd-adaptive-wave2-whole-shard-v2,2942542d8c6caf02a649888909c8621876c120da3c2db249aa04d63631828f81,1b2041245162de8360defdc502404e0696496c50773d4aa7f043798651a9517c,/store/user/iturkmen/hh4b_delphes/run2_13tev/frozen_v2/bundles/qcd_hardqcd_importance_adaptive500k_phys_wave2_20260717/qcd_hardqcd_importance_adaptive500k_phys_wave2_20260717_bin00_pthat50to75_shard9792_seed1209792_bundle.tar.gz,6b9b1aaa,/uscms_data/d3/iturkmen/repos/hh-bbww-baselines/outputs/agent_runs/qcd_wave2_canonical_audit_20260718/canonical_receipts/bin00_shard9792_seed1209792_receipt.json
wave2,wave2_original,qcd_hardqcd_importance_adaptive500k_phys_wave2_20260717,59823913,0,50,75,9793,1209793,10000,validation,qcd-adaptive-wave2-whole-shard-v2,2942542d8c6caf02a649888909c8621876c120da3c2db249aa04d63631828f81,1b2041245162de8360defdc502404e0696496c50773d4aa7f043798651a9517c,/store/user/iturkmen/hh4b_delphes/run2_13tev/frozen_v2/bundles/qcd_hardqcd_importance_adaptive500k_phys_wave2_20260717/qcd_hardqcd_importance_adaptive500k_phys_wave2_20260717_bin00_pthat50to75_shard9793_seed1209793_bundle.tar.gz,01744ac4,/uscms_data/d3/iturkmen/repos/hh-bbww-baselines/outputs/agent_runs/qcd_wave2_canonical_audit_20260718/canonical_receipts/bin00_shard9793_seed1209793_receipt.json
wave2,wave2_original,qcd_hardqcd_importance_adaptive500k_phys_wave2_20260717,59823913,0,50,75,9794,1209794,10000,train,qcd-adaptive-wave2-whole-shard-v2,2942542d8c6caf02a649888909c8621876c120da3c2db249aa04d63631828f81,1b2041245162de8360defdc502404e0696496c50773d4aa7f043798651a9517c,/store/user/iturkmen/hh4b_delphes/run2_13tev/frozen_v2/bundles/qcd_hardqcd_importance_adaptive500k_phys_wave2_20260717/qcd_hardqcd_importance_adaptive500k_phys_wave2_20260717_bin00_pthat50to75_shard9794_seed1209794_bundle.tar.gz,62e5b8d8,/uscms_data/d3/iturkmen/repos/hh-bbww-baselines/outputs/agent_runs/qcd_wave2_canonical_audit_20260718/canonical_receipts/bin00_shard9794_seed1209794_receipt.json
wave2,wave2_original,qcd_hardqcd_importance_adaptive500k_phys_wave2_20260717,59823913,0,50,75,9795,1209795,10000,validation,qcd-adaptive-wave2-whole-shard-v2,2942542d8c6caf02a649888909c8621876c120da3c2db249aa04d63631828f81,1b2041245162de8360defdc502404e0696496c50773d4aa7f043798651a9517c,/store/user/iturkmen/hh4b_delphes/run2_13tev/frozen_v2/bundles/qcd_hardqcd_importance_adaptive500k_phys_wave2_20260717/qcd_hardqcd_importance_adaptive500k_phys_wave2_20260717_bin00_pthat50to75_shard9795_seed1209795_bundle.tar.gz,12a0bc06,/uscms_data/d3/iturkmen/repos/hh-bbww-baselines/outputs/agent_runs/qcd_wave2_canonical_audit_20260718/canonical_receipts/bin00_shard9795_seed1209795_receipt.json
wave2,wave2_original,qcd_hardqcd_importance_adaptive500k_phys_wave2_20260717,59823913,0,50,75,9796,1209796,10000,train,qcd-adaptive-wave2-whole-shard-v2,2942542d8c6caf02a649888909c8621876c120da3c2db249aa04d63631828f81,1b2041245162de8360defdc502404e0696496c50773d4aa7f043798651a9517c,/store/user/iturkmen/hh4b_delphes/run2_13tev/frozen_v2/bundles/qcd_hardqcd_importance_adaptive500k_phys_wave2_20260717/qcd_hardqcd_importance_adaptive500k_phys_wave2_20260717_bin00_pthat50to75_shard9796_seed1209796_bundle.tar.gz,cdcee025,/uscms_data/d3/iturkmen/repos/hh-bbww-baselines/outputs/agent_runs/qcd_wave2_canonical_audit_20260718/canonical_receipts/bin00_shard9796_seed1209796_receipt.json
wave2,wave2_original,qcd_hardqcd_importance_adaptive500k_phys_wave2_20260717,59823913,0,50,75,9797,1209797,10000,train,qcd-adaptive-wave2-whole-shard-v2,2942542d8c6caf02a649888909c8621876c120da3c2db249aa04d63631828f81,1b2041245162de8360defdc502404e0696496c50773d4aa7f043798651a9517c,/store/user/iturkmen/hh4b_delphes/run2_13tev/frozen_v2/bundles/qcd_hardqcd_importance_adaptive500k_phys_wave2_20260717/qcd_hardqcd_importance_adaptive500k_phys_wave2_20260717_bin00_pthat50to75_shard9797_seed1209797_bundle.tar.gz,73a53e91,/uscms_data/d3/iturkmen/repos/hh-bbww-baselines/outputs/agent_runs/qcd_wave2_canonical_audit_20260718/canonical_receipts/bin00_shard9797_seed1209797_receipt.json
wave2,wave2_original,qcd_hardqcd_importance_adaptive500k_phys_wave2_20260717,59823913,0,50,75,9798,1209798,10000,train,qcd-adaptive-wave2-whole-shard-v2,2942542d8c6caf02a649888909c8621876c120da3c2db249aa04d63631828f81,1b2041245162de8360defdc502404e0696496c50773d4aa7f043798651a9517c,/store/user/iturkmen/hh4b_delphes/run2_13tev/frozen_v2/bundles/qcd_hardqcd_importance_adaptive500k_phys_wave2_20260717/qcd_hardqcd_importance_adaptive500k_phys_wave2_20260717_bin00_pthat50to75_shard9798_seed1209798_bundle.tar.gz,d7fb665e,/uscms_data/d3/iturkmen/repos/hh-bbww-baselines/outputs/agent_runs/qcd_wave2_canonical_audit_20260718/canonical_receipts/bin00_shard9798_seed1209798_receipt.json
wave2,wave2_original,qcd_hardqcd_importance_adaptive500k_phys_wave2_20260717,59823913,0,50,75,9799,1209799,10000,train,qcd-adaptive-wave2-whole-shard-v2,2942542d8c6caf02a649888909c8621876c120da3c2db249aa04d63631828f81,1b2041245162de8360defdc502404e0696496c50773d4aa7f043798651a9517c,/store/user/iturkmen/hh4b_delphes/run2_13tev/frozen_v2/bundles/qcd_hardqcd_importance_adaptive500k_phys_wave2_20260717/qcd_hardqcd_importance_adaptive500k_phys_wave2_20260717_bin00_pthat50to75_shard9799_seed1209799_bundle.tar.gz,9095cc7d,/uscms_data/d3/iturkmen/repos/hh-bbww-baselines/outputs/agent_runs/qcd_wave2_canonical_audit_20260718/canonical_receipts/bin00_shard9799_seed1209799_receipt.json
wave2,wave2_original,qcd_hardqcd_importance_adaptive500k_phys_wave2_20260717,59823913,0,50,75,9800,1209800,10000,test,qcd-adaptive-wave2-whole-shard-v2,2942542d8c6caf02a649888909c8621876c120da3c2db249aa04d63631828f81,1b2041245162de8360defdc502404e0696496c50773d4aa7f043798651a9517c,/store/user/iturkmen/hh4b_delphes/run2_13tev/frozen_v2/bundles/qcd_hardqcd_importance_adaptive500k_phys_wave2_20260717/qcd_hardqcd_importance_adaptive500k_phys_wave2_20260717_bin00_pthat50to75_shard9800_seed1209800_bundle.tar.gz,d918dc5c,/uscms_data/d3/iturkmen/repos/hh-bbww-baselines/outputs/agent_runs/qcd_wave2_canonical_audit_20260718/canonical_receipts/bin00_shard9800_seed1209800_receipt.json
wave2,wave2_original,qcd_hardqcd_importance_adaptive500k_phys_wave2_20260717,59823913,0,50,75,9801,1209801,10000,train,qcd-adaptive-wave2-whole-shard-v2,2942542d8c6caf02a649888909c8621876c120da3c2db249aa04d63631828f81,1b2041245162de8360defdc502404e0696496c50773d4aa7f043798651a9517c,/store/user/iturkmen/hh4b_delphes/run2_13tev/frozen_v2/bundles/qcd_hardqcd_importance_adaptive500k_phys_wave2_20260717/qcd_hardqcd_importance_adaptive500k_phys_wave2_20260717_bin00_pthat50to75_shard9801_seed1209801_bundle.tar.gz,fcf15813,/uscms_data/d3/iturkmen/repos/hh-bbww-baselines/outputs/agent_runs/qcd_wave2_canonical_audit_20260718/canonical_receipts/bin00_shard9801_seed1209801_receipt.json
wave2,wave2_original,qcd_hardqcd_importance_adaptive500k_phys_wave2_20260717,59823913,0,50,75,9802,1209802,10000,validation,qcd-adaptive-wave2-whole-shard-v2,2942542d8c6caf02a649888909c8621876c120da3c2db249aa04d63631828f81,1b2041245162de8360defdc502404e0696496c50773d4aa7f043798651a9517c,/store/user/iturkmen/hh4b_delphes/run2_13tev/frozen_v2/bundles/qcd_hardqcd_importance_adaptive500k_phys_wave2_20260717/qcd_hardqcd_importance_adaptive500k_phys_wave2_20260717_bin00_pthat50to75_shard9802_seed1209802_bundle.tar.gz,1675fe74,/uscms_data/d3/iturkmen/repos/hh-bbww-baselines/outputs/agent_runs/qcd_wave2_canonical_audit_20260718/canonical_receipts/bin00_shard9802_seed1209802_receipt.json
wave2,wave2_original,qcd_hardqcd_importance_adaptive500k_phys_wave2_20260717,59823913,0,50,75,9803,1209803,1212,validation,qcd-adaptive-wave2-whole-shard-v2,2942542d8c6caf02a649888909c8621876c120da3c2db249aa04d63631828f81,1b2041245162de8360defdc502404e0696496c50773d4aa7f043798651a9517c,/store/user/iturkmen/hh4b_delphes/run2_13tev/frozen_v2/bundles/qcd_hardqcd_importance_adaptive500k_phys_wave2_20260717/qcd_hardqcd_importance_adaptive500k_phys_wave2_20260717_bin00_pthat50to75_shard9803_seed1209803_bundle.tar.gz,ab999541,/uscms_data/d3/iturkmen/repos/hh-bbww-baselines/outputs/agent_runs/qcd_wave2_canonical_audit_20260718/canonical_receipts/bin00_shard9803_seed1209803_receipt.json
wave2,wave2_original,qcd_hardqcd_importance_adaptive500k_phys_wave2_20260717,59823913,1,75,100,9804,1219804,10000,test,qcd-adaptive-wave2-whole-shard-v2,2942542d8c6caf02a649888909c8621876c120da3c2db249aa04d63631828f81,1b2041245162de8360defdc502404e0696496c50773d4aa7f043798651a9517c,/store/user/iturkmen/hh4b_delphes/run2_13tev/frozen_v2/bundles/qcd_hardqcd_importance_adaptive500k_phys_wave2_20260717/qcd_hardqcd_importance_adaptive500k_phys_wave2_20260717_bin01_pthat75to100_shard9804_seed1219804_bundle.tar.gz,bb915ebc,/uscms_data/d3/iturkmen/repos/hh-bbww-baselines/outputs/agent_runs/qcd_wave2_canonical_audit_20260718/canonical_receipts/bin01_shard9804_seed1219804_receipt.json
wave2,wave2_original,qcd_hardqcd_importance_adaptive500k_phys_wave2_20260717,59823913,1,75,100,9805,1219805,10000,test,qcd-adaptive-wave2-whole-shard-v2,2942542d8c6caf02a649888909c8621876c120da3c2db249aa04d63631828f81,1b2041245162de8360defdc502404e0696496c50773d4aa7f043798651a9517c,/store/user/iturkmen/hh4b_delphes/run2_13tev/frozen_v2/bundles/qcd_hardqcd_importance_adaptive500k_phys_wave2_20260717/qcd_hardqcd_importance_adaptive500k_phys_wave2_20260717_bin01_pthat75to100_shard9805_seed1219805_bundle.tar.gz,c6053ee0,/uscms_data/d3/iturkmen/repos/hh-bbww-baselines/outputs/agent_runs/qcd_wave2_canonical_audit_20260718/canonical_receipts/bin01_shard9805_seed1219805_receipt.json
wave2,wave2_original,qcd_hardqcd_importance_adaptive500k_phys_wave2_20260717,59823913,1,75,100,9806,1219806,10000,train,qcd-adaptive-wave2-whole-shard-v2,2942542d8c6caf02a649888909c8621876c120da3c2db249aa04d63631828f81,1b2041245162de8360defdc502404e0696496c50773d4aa7f043798651a9517c,/store/user/iturkmen/hh4b_delphes/run2_13tev/frozen_v2/bundles/qcd_hardqcd_importance_adaptive500k_phys_wave2_20260717/qcd_hardqcd_importance_adaptive500k_phys_wave2_20260717_bin01_pthat75to100_shard9806_seed1219806_bundle.tar.gz,4186aa42,/uscms_data/d3/iturkmen/repos/hh-bbww-baselines/outputs/agent_runs/qcd_wave2_canonical_audit_20260718/canonical_receipts/bin01_shard9806_seed1219806_receipt.json
wave2,wave2_original,qcd_hardqcd_importance_adaptive500k_phys_wave2_20260717,59823913,1,75,100,9807,1219807,10000,test,qcd-adaptive-wave2-whole-shard-v2,2942542d8c6caf02a649888909c8621876c120da3c2db249aa04d63631828f81,1b2041245162de8360defdc502404e0696496c50773d4aa7f043798651a9517c,/store/user/iturkmen/hh4b_delphes/run2_13tev/frozen_v2/bundles/qcd_hardqcd_importance_adaptive500k_phys_wave2_20260717/qcd_hardqcd_importance_adaptive500k_phys_wave2_20260717_bin01_pthat75to100_shard9807_seed1219807_bundle.tar.gz,90c94446,/uscms_data/d3/iturkmen/repos/hh-bbww-baselines/outputs/agent_runs/qcd_wave2_canonical_audit_20260718/canonical_receipts/bin01_shard9807_seed1219807_receipt.json
wave2,wave2_original,qcd_hardqcd_importance_adaptive500k_phys_wave2_20260717,59823913,1,75,100,9808,1219808,10000,train,qcd-adaptive-wave2-whole-shard-v2,2942542d8c6caf02a649888909c8621876c120da3c2db249aa04d63631828f81,1b2041245162de8360defdc502404e0696496c50773d4aa7f043798651a9517c,/store/user/iturkmen/hh4b_delphes/run2_13tev/frozen_v2/bundles/qcd_hardqcd_importance_adaptive500k_phys_wave2_20260717/qcd_hardqcd_importance_adaptive500k_phys_wave2_20260717_bin01_pthat75to100_shard9808_seed1219808_bundle.tar.gz,c555433b,/uscms_data/d3/iturkmen/repos/hh-bbww-baselines/outputs/agent_runs/qcd_wave2_canonical_audit_20260718/canonical_receipts/bin01_shard9808_seed1219808_receipt.json
wave2,wave2_original,qcd_hardqcd_importance_adaptive500k_phys_wave2_20260717,59823913,1,75,100,9809,1219809,10000,validation,qcd-adaptive-wave2-whole-shard-v2,2942542d8c6caf02a649888909c8621876c120da3c2db249aa04d63631828f81,1b2041245162de8360defdc502404e0696496c50773d4aa7f043798651a9517c,/store/user/iturkmen/hh4b_delphes/run2_13tev/frozen_v2/bundles/qcd_hardqcd_importance_adaptive500k_phys_wave2_20260717/qcd_hardqcd_importance_adaptive500k_phys_wave2_20260717_bin01_pthat75to100_shard9809_seed1219809_bundle.tar.gz,cb7af21e,/uscms_data/d3/iturkmen/repos/hh-bbww-baselines/outputs/agent_runs/qcd_wave2_canonical_audit_20260718/canonical_receipts/bin01_shard9809_seed1219809_receipt.json
wave2,wave2_original,qcd_hardqcd_importance_adaptive500k_phys_wave2_20260717,59823913,1,75,100,9810,1219810,10000,train,qcd-adaptive-wave2-whole-shard-v2,2942542d8c6caf02a649888909c8621876c120da3c2db249aa04d63631828f81,1b2041245162de8360defdc502404e0696496c50773d4aa7f043798651a9517c,/store/user/iturkmen/hh4b_delphes/run2_13tev/frozen_v2/bundles/qcd_hardqcd_importance_adaptive500k_phys_wave2_20260717/qcd_hardqcd_importance_adaptive500k_phys_wave2_20260717_bin01_pthat75to100_shard9810_seed1219810_bundle.tar.gz,2fbed535,/uscms_data/d3/iturkmen/repos/hh-bbww-baselines/outputs/agent_runs/qcd_wave2_canonical_audit_20260718/canonical_receipts/bin01_shard9810_seed1219810_receipt.json
wave2,wave2_original,qcd_hardqcd_importance_adaptive500k_phys_wave2_20260717,59823913,1,75,100,9811,1219811,10000,train,qcd-adaptive-wave2-whole-shard-v2,2942542d8c6caf02a649888909c8621876c120da3c2db249aa04d63631828f81,1b2041245162de8360defdc502404e0696496c50773d4aa7f043798651a9517c,/store/user/iturkmen/hh4b_delphes/run2_13tev/frozen_v2/bundles/qcd_hardqcd_importance_adaptive500k_phys_wave2_20260717/qcd_hardqcd_importance_adaptive500k_phys_wave2_20260717_bin01_pthat75to100_shard9811_seed1219811_bundle.tar.gz,cb965d0b,/uscms_data/d3/iturkmen/repos/hh-bbww-baselines/outputs/agent_runs/qcd_wave2_canonical_audit_20260718/canonical_receipts/bin01_shard9811_seed1219811_receipt.json
wave2,wave2_original,qcd_hardqcd_importance_adaptive500k_phys_wave2_20260717,59823913,1,75,100,9812,1219812,2809,train,qcd-adaptive-wave2-whole-shard-v2,2942542d8c6caf02a649888909c8621876c120da3c2db249aa04d63631828f81,1b2041245162de8360defdc502404e0696496c50773d4aa7f043798651a9517c,/store/user/iturkmen/hh4b_delphes/run2_13tev/frozen_v2/bundles/qcd_hardqcd_importance_adaptive500k_phys_wave2_20260717/qcd_hardqcd_importance_adaptive500k_phys_wave2_20260717_bin01_pthat75to100_shard9812_seed1219812_bundle.tar.gz,83c78efd,/uscms_data/d3/iturkmen/repos/hh-bbww-baselines/outputs/agent_runs/qcd_wave2_canonical_audit_20260718/canonical_receipts/bin01_shard9812_seed1219812_receipt.json
wave2,wave2_original,qcd_hardqcd_importance_adaptive500k_phys_wave2_20260717,59823913,2,100,200,9813,1229813,10000,test,qcd-adaptive-wave2-whole-shard-v2,2942542d8c6caf02a649888909c8621876c120da3c2db249aa04d63631828f81,1b2041245162de8360defdc502404e0696496c50773d4aa7f043798651a9517c,/store/user/iturkmen/hh4b_delphes/run2_13tev/frozen_v2/bundles/qcd_hardqcd_importance_adaptive500k_phys_wave2_20260717/qcd_hardqcd_importance_adaptive500k_phys_wave2_20260717_bin02_pthat100to200_shard9813_seed1229813_bundle.tar.gz,9b3369fe,/uscms_data/d3/iturkmen/repos/hh-bbww-baselines/outputs/agent_runs/qcd_wave2_canonical_audit_20260718/canonical_receipts/bin02_shard9813_seed1229813_receipt.json
wave2,wave2_original,qcd_hardqcd_importance_adaptive500k_phys_wave2_20260717,59823913,2,100,200,9814,1229814,10000,validation,qcd-adaptive-wave2-whole-shard-v2,2942542d8c6caf02a649888909c8621876c120da3c2db249aa04d63631828f81,1b2041245162de8360defdc502404e0696496c50773d4aa7f043798651a9517c,/store/user/iturkmen/hh4b_delphes/run2_13tev/frozen_v2/bundles/qcd_hardqcd_importance_adaptive500k_phys_wave2_20260717/qcd_hardqcd_importance_adaptive500k_phys_wave2_20260717_bin02_pthat100to200_shard9814_seed1229814_bundle.tar.gz,8c7e4836,/uscms_data/d3/iturkmen/repos/hh-bbww-baselines/outputs/agent_runs/qcd_wave2_canonical_audit_20260718/canonical_receipts/bin02_shard9814_seed1229814_receipt.json
wave2,wave2_original,qcd_hardqcd_importance_adaptive500k_phys_wave2_20260717,59823913,2,100,200,9815,1229815,10000,train,qcd-adaptive-wave2-whole-shard-v2,2942542d8c6caf02a649888909c8621876c120da3c2db249aa04d63631828f81,1b2041245162de8360defdc502404e0696496c50773d4aa7f043798651a9517c,/store/user/iturkmen/hh4b_delphes/run2_13tev/frozen_v2/bundles/qcd_hardqcd_importance_adaptive500k_phys_wave2_20260717/qcd_hardqcd_importance_adaptive500k_phys_wave2_20260717_bin02_pthat100to200_shard9815_seed1229815_bundle.tar.gz,c4cf9943,/uscms_data/d3/iturkmen/repos/hh-bbww-baselines/outputs/agent_runs/qcd_wave2_canonical_audit_20260718/canonical_receipts/bin02_shard9815_seed1229815_receipt.json
wave2,wave2_original,qcd_hardqcd_importance_adaptive500k_phys_wave2_20260717,59823913,2,100,200,9816,1229816,10000,train,qcd-adaptive-wave2-whole-shard-v2,2942542d8c6caf02a649888909c8621876c120da3c2db249aa04d63631828f81,1b2041245162de8360defdc502404e0696496c50773d4aa7f043798651a9517c,/store/user/iturkmen/hh4b_delphes/run2_13tev/frozen_v2/bundles/qcd_hardqcd_importance_adaptive500k_phys_wave2_20260717/qcd_hardqcd_importance_adaptive500k_phys_wave2_20260717_bin02_pthat100to200_shard9816_seed1229816_bundle.tar.gz,afa3c0db,/uscms_data/d3/iturkmen/repos/hh-bbww-baselines/outputs/agent_runs/qcd_wave2_canonical_audit_20260718/canonical_receipts/bin02_shard9816_seed1229816_receipt.json
wave2,wave2_original,qcd_hardqcd_importance_adaptive500k_phys_wave2_20260717,59823913,2,100,200,9817,1229817,10000,train,qcd-adaptive-wave2-whole-shard-v2,2942542d8c6caf02a649888909c8621876c120da3c2db249aa04d63631828f81,1b2041245162de8360defdc502404e0696496c50773d4aa7f043798651a9517c,/store/user/iturkmen/hh4b_delphes/run2_13tev/frozen_v2/bundles/qcd_hardqcd_importance_adaptive500k_phys_wave2_20260717/qcd_hardqcd_importance_adaptive500k_phys_wave2_20260717_bin02_pthat100to200_shard9817_seed1229817_bundle.tar.gz,e93482ac,/uscms_data/d3/iturkmen/repos/hh-bbww-baselines/outputs/agent_runs/qcd_wave2_canonical_audit_20260718/canonical_receipts/bin02_shard9817_seed1229817_receipt.json
wave2,wave2_original,qcd_hardqcd_importance_adaptive500k_phys_wave2_20260717,59823913,2,100,200,9818,1229818,1052,train,qcd-adaptive-wave2-whole-shard-v2,2942542d8c6caf02a649888909c8621876c120da3c2db249aa04d63631828f81,1b2041245162de8360defdc502404e0696496c50773d4aa7f043798651a9517c,/store/user/iturkmen/hh4b_delphes/run2_13tev/frozen_v2/bundles/qcd_hardqcd_importance_adaptive500k_phys_wave2_20260717/qcd_hardqcd_importance_adaptive500k_phys_wave2_20260717_bin02_pthat100to200_shard9818_seed1229818_bundle.tar.gz,3d52543b,/uscms_data/d3/iturkmen/repos/hh-bbww-baselines/outputs/agent_runs/qcd_wave2_canonical_audit_20260718/canonical_receipts/bin02_shard9818_seed1229818_receipt.json
wave2,wave2_original,qcd_hardqcd_importance_adaptive500k_phys_wave2_20260717,59823913,3,200,300,9819,1239819,10000,train,qcd-adaptive-wave2-whole-shard-v2,2942542d8c6caf02a649888909c8621876c120da3c2db249aa04d63631828f81,1b2041245162de8360defdc502404e0696496c50773d4aa7f043798651a9517c,/store/user/iturkmen/hh4b_delphes/run2_13tev/frozen_v2/bundles/qcd_hardqcd_importance_adaptive500k_phys_wave2_20260717/qcd_hardqcd_importance_adaptive500k_phys_wave2_20260717_bin03_pthat200to300_shard9819_seed1239819_bundle.tar.gz,700404c2,/uscms_data/d3/iturkmen/repos/hh-bbww-baselines/outputs/agent_runs/qcd_wave2_canonical_audit_20260718/canonical_receipts/bin03_shard9819_seed1239819_receipt.json
wave2,wave2_original,qcd_hardqcd_importance_adaptive500k_phys_wave2_20260717,59823913,3,200,300,9820,1239820,4532,train,qcd-adaptive-wave2-whole-shard-v2,2942542d8c6caf02a649888909c8621876c120da3c2db249aa04d63631828f81,1b2041245162de8360defdc502404e0696496c50773d4aa7f043798651a9517c,/store/user/iturkmen/hh4b_delphes/run2_13tev/frozen_v2/bundles/qcd_hardqcd_importance_adaptive500k_phys_wave2_20260717/qcd_hardqcd_importance_adaptive500k_phys_wave2_20260717_bin03_pthat200to300_shard9820_seed1239820_bundle.tar.gz,102669df,/uscms_data/d3/iturkmen/repos/hh-bbww-baselines/outputs/agent_runs/qcd_wave2_canonical_audit_20260718/canonical_receipts/bin03_shard9820_seed1239820_receipt.json
wave2,wave2_original,qcd_hardqcd_importance_adaptive500k_phys_wave2_20260717,59823913,4,300,500,9821,1249821,10000,test,qcd-adaptive-wave2-whole-shard-v2,2942542d8c6caf02a649888909c8621876c120da3c2db249aa04d63631828f81,1b2041245162de8360defdc502404e0696496c50773d4aa7f043798651a9517c,/store/user/iturkmen/hh4b_delphes/run2_13tev/frozen_v2/bundles/qcd_hardqcd_importance_adaptive500k_phys_wave2_20260717/qcd_hardqcd_importance_adaptive500k_phys_wave2_20260717_bin04_pthat300to500_shard9821_seed1249821_bundle.tar.gz,caca7ce5,/uscms_data/d3/iturkmen/repos/hh-bbww-baselines/outputs/agent_runs/qcd_wave2_canonical_audit_20260718/canonical_receipts/bin04_shard9821_seed1249821_receipt.json
wave2,wave2_original,qcd_hardqcd_importance_adaptive500k_phys_wave2_20260717,59823913,4,300,500,9822,1249822,2864,validation,qcd-adaptive-wave2-whole-shard-v2,2942542d8c6caf02a649888909c8621876c120da3c2db249aa04d63631828f81,1b2041245162de8360defdc502404e0696496c50773d4aa7f043798651a9517c,/store/user/iturkmen/hh4b_delphes/run2_13tev/frozen_v2/bundles/qcd_hardqcd_importance_adaptive500k_phys_wave2_20260717/qcd_hardqcd_importance_adaptive500k_phys_wave2_20260717_bin04_pthat300to500_shard9822_seed1249822_bundle.tar.gz,ac0228da,/uscms_data/d3/iturkmen/repos/hh-bbww-baselines/outputs/agent_runs/qcd_wave2_canonical_audit_20260718/canonical_receipts/bin04_shard9822_seed1249822_receipt.json
wave2,wave2_original,qcd_hardqcd_importance_adaptive500k_phys_wave2_20260717,59823913,5,500,700,9823,1259823,10000,test,qcd-adaptive-wave2-whole-shard-v2,2942542d8c6caf02a649888909c8621876c120da3c2db249aa04d63631828f81,1b2041245162de8360defdc502404e0696496c50773d4aa7f043798651a9517c,/store/user/iturkmen/hh4b_delphes/run2_13tev/frozen_v2/bundles/qcd_hardqcd_importance_adaptive500k_phys_wave2_20260717/qcd_hardqcd_importance_adaptive500k_phys_wave2_20260717_bin05_pthat500to700_shard9823_seed1259823_bundle.tar.gz,dd94a486,/uscms_data/d3/iturkmen/repos/hh-bbww-baselines/outputs/agent_runs/qcd_wave2_canonical_audit_20260718/canonical_receipts/bin05_shard9823_seed1259823_receipt.json
wave2,wave2_original,qcd_hardqcd_importance_adaptive500k_phys_wave2_20260717,59823913,5,500,700,9824,1259824,2527,train,qcd-adaptive-wave2-whole-shard-v2,2942542d8c6caf02a649888909c8621876c120da3c2db249aa04d63631828f81,1b2041245162de8360defdc502404e0696496c50773d4aa7f043798651a9517c,/store/user/iturkmen/hh4b_delphes/run2_13tev/frozen_v2/bundles/qcd_hardqcd_importance_adaptive500k_phys_wave2_20260717/qcd_hardqcd_importance_adaptive500k_phys_wave2_20260717_bin05_pthat500to700_shard9824_seed1259824_bundle.tar.gz,f1b89f0e,/uscms_data/d3/iturkmen/repos/hh-bbww-baselines/outputs/agent_runs/qcd_wave2_canonical_audit_20260718/canonical_receipts/bin05_shard9824_seed1259824_receipt.json
wave2,wave2_original,qcd_hardqcd_importance_adaptive500k_phys_wave2_20260717,59823913,6,700,1000,9825,1269825,10000,test,qcd-adaptive-wave2-whole-shard-v2,2942542d8c6caf02a649888909c8621876c120da3c2db249aa04d63631828f81,1b2041245162de8360defdc502404e0696496c50773d4aa7f043798651a9517c,/store/user/iturkmen/hh4b_delphes/run2_13tev/frozen_v2/bundles/qcd_hardqcd_importance_adaptive500k_phys_wave2_20260717/qcd_hardqcd_importance_adaptive500k_phys_wave2_20260717_bin06_pthat700to1000_shard9825_seed1269825_bundle.tar.gz,ac23e69d,/uscms_data/d3/iturkmen/repos/hh-bbww-baselines/outputs/agent_runs/qcd_wave2_canonical_audit_20260718/canonical_receipts/bin06_shard9825_seed1269825_receipt.json
wave2,wave2_original,qcd_hardqcd_importance_adaptive500k_phys_wave2_20260717,59823913,6,700,1000,9826,1269826,2504,validation,qcd-adaptive-wave2-whole-shard-v2,2942542d8c6caf02a649888909c8621876c120da3c2db249aa04d63631828f81,1b2041245162de8360defdc502404e0696496c50773d4aa7f043798651a9517c,/store/user/iturkmen/hh4b_delphes/run2_13tev/frozen_v2/bundles/qcd_hardqcd_importance_adaptive500k_phys_wave2_20260717/qcd_hardqcd_importance_adaptive500k_phys_wave2_20260717_bin06_pthat700to1000_shard9826_seed1269826_bundle.tar.gz,9129fafa,/uscms_data/d3/iturkmen/repos/hh-bbww-baselines/outputs/agent_runs/qcd_wave2_canonical_audit_20260718/canonical_receipts/bin06_shard9826_seed1269826_receipt.json
wave2,wave2_original,qcd_hardqcd_importance_adaptive500k_phys_wave2_20260717,59823913,7,1000,0,9827,1279827,10000,test,qcd-adaptive-wave2-whole-shard-v2,2942542d8c6caf02a649888909c8621876c120da3c2db249aa04d63631828f81,1b2041245162de8360defdc502404e0696496c50773d4aa7f043798651a9517c,/store/user/iturkmen/hh4b_delphes/run2_13tev/frozen_v2/bundles/qcd_hardqcd_importance_adaptive500k_phys_wave2_20260717/qcd_hardqcd_importance_adaptive500k_phys_wave2_20260717_bin07_pthat1000toInf_shard9827_seed1279827_bundle.tar.gz,76d2c3a2,/uscms_data/d3/iturkmen/repos/hh-bbww-baselines/outputs/agent_runs/qcd_wave2_canonical_audit_20260718/canonical_receipts/bin07_shard9827_seed1279827_receipt.json
wave2,wave2_original,qcd_hardqcd_importance_adaptive500k_phys_wave2_20260717,59823913,7,1000,0,9828,1279828,2500,validation,qcd-adaptive-wave2-whole-shard-v2,2942542d8c6caf02a649888909c8621876c120da3c2db249aa04d63631828f81,1b2041245162de8360defdc502404e0696496c50773d4aa7f043798651a9517c,/store/user/iturkmen/hh4b_delphes/run2_13tev/frozen_v2/bundles/qcd_hardqcd_importance_adaptive500k_phys_wave2_20260717/qcd_hardqcd_importance_adaptive500k_phys_wave2_20260717_bin07_pthat1000toInf_shard9828_seed1279828_bundle.tar.gz,bffd1185,/uscms_data/d3/iturkmen/repos/hh-bbww-baselines/outputs/agent_runs/qcd_wave2_canonical_audit_20260718/canonical_receipts/bin07_shard9828_seed1279828_receipt.json
wave3,wave3_original,qcd_hardqcd_importance_adaptive1500k_phys_wave3_20260718,84901352,0,50,75,1033,1201033,10000,train,qcd-adaptive-wave3-trainval-v1,c9a3a1aaf1a57c9c0a2c09a53683d28f1126ca67a80ef444e2bf195e24a07758,1b2041245162de8360defdc502404e0696496c50773d4aa7f043798651a9517c,/store/user/iturkmen/hh4b_delphes/run2_13tev/frozen_v2/bundles/qcd_hardqcd_importance_adaptive1500k_phys_wave3_20260718/qcd_hardqcd_importance_adaptive1500k_phys_wave3_20260718_bin00_pthat50to75_shard1033_seed1201033_bundle.tar.gz,ba1fb9b4,/uscms_data/d3/iturkmen/hh4b_delphes/condor_return/qcd_hardqcd_importance_adaptive1500k_phys_wave3_20260718/receipts/qcd_hardqcd_importance_adaptive1500k_phys_wave3_20260718_84901352_job0_bin0_shard1033_receipt.json
wave3,wave3_exact_recovery,qcd_hardqcd_importance_adaptive1500k_phys_wave3_20260718,3591876,0,50,75,1034,1201034,10000,train,qcd-adaptive-wave3-trainval-v1,3e17b5a4872b7a141183599c2a5119fd716f671b65daefa88bb4733c13f6e6b9,1b2041245162de8360defdc502404e0696496c50773d4aa7f043798651a9517c,/store/user/iturkmen/hh4b_delphes/run2_13tev/frozen_v2/bundles/qcd_hardqcd_importance_adaptive1500k_phys_wave3_20260718/qcd_hardqcd_importance_adaptive1500k_phys_wave3_20260718_bin00_pthat50to75_shard1034_seed1201034_bundle.tar.gz,7c06c8ec,/uscms_data/d3/iturkmen/hh4b_delphes/condor_return/qcd_hardqcd_importance_adaptive1500k_phys_wave3_20260718_job1_recovery_238170f0d6cd/receipts/qcd_hardqcd_importance_adaptive1500k_phys_wave3_20260718_job1_recovery_238170f0d6cd_3591876_job1_bin0_shard1034_receipt.json
wave3,wave3_original,qcd_hardqcd_importance_adaptive1500k_phys_wave3_20260718,84901352,0,50,75,1035,1201035,10000,validation,qcd-adaptive-wave3-trainval-v1,c9a3a1aaf1a57c9c0a2c09a53683d28f1126ca67a80ef444e2bf195e24a07758,1b2041245162de8360defdc502404e0696496c50773d4aa7f043798651a9517c,/store/user/iturkmen/hh4b_delphes/run2_13tev/frozen_v2/bundles/qcd_hardqcd_importance_adaptive1500k_phys_wave3_20260718/qcd_hardqcd_importance_adaptive1500k_phys_wave3_20260718_bin00_pthat50to75_shard1035_seed1201035_bundle.tar.gz,ef149eed,/uscms_data/d3/iturkmen/hh4b_delphes/condor_return/qcd_hardqcd_importance_adaptive1500k_phys_wave3_20260718/receipts/qcd_hardqcd_importance_adaptive1500k_phys_wave3_20260718_84901352_job2_bin0_shard1035_receipt.json
wave3,wave3_original,qcd_hardqcd_importance_adaptive1500k_phys_wave3_20260718,84901352,0,50,75,1036,1201036,10000,train,qcd-adaptive-wave3-trainval-v1,c9a3a1aaf1a57c9c0a2c09a53683d28f1126ca67a80ef444e2bf195e24a07758,1b2041245162de8360defdc502404e0696496c50773d4aa7f043798651a9517c,/store/user/iturkmen/hh4b_delphes/run2_13tev/frozen_v2/bundles/qcd_hardqcd_importance_adaptive1500k_phys_wave3_20260718/qcd_hardqcd_importance_adaptive1500k_phys_wave3_20260718_bin00_pthat50to75_shard1036_seed1201036_bundle.tar.gz,6d34fc8b,/uscms_data/d3/iturkmen/hh4b_delphes/condor_return/qcd_hardqcd_importance_adaptive1500k_phys_wave3_20260718/receipts/qcd_hardqcd_importance_adaptive1500k_phys_wave3_20260718_84901352_job3_bin0_shard1036_receipt.json
wave3,wave3_original,qcd_hardqcd_importance_adaptive1500k_phys_wave3_20260718,84901352,0,50,75,1037,1201037,10000,train,qcd-adaptive-wave3-trainval-v1,c9a3a1aaf1a57c9c0a2c09a53683d28f1126ca67a80ef444e2bf195e24a07758,1b2041245162de8360defdc502404e0696496c50773d4aa7f043798651a9517c,/store/user/iturkmen/hh4b_delphes/run2_13tev/frozen_v2/bundles/qcd_hardqcd_importance_adaptive1500k_phys_wave3_20260718/qcd_hardqcd_importance_adaptive1500k_phys_wave3_20260718_bin00_pthat50to75_shard1037_seed1201037_bundle.tar.gz,13b545b8,/uscms_data/d3/iturkmen/hh4b_delphes/condor_return/qcd_hardqcd_importance_adaptive1500k_phys_wave3_20260718/receipts/qcd_hardqcd_importance_adaptive1500k_phys_wave3_20260718_84901352_job4_bin0_shard1037_receipt.json
wave3,wave3_original,qcd_hardqcd_importance_adaptive1500k_phys_wave3_20260718,84901352,0,50,75,1038,1201038,10000,train,qcd-adaptive-wave3-trainval-v1,c9a3a1aaf1a57c9c0a2c09a53683d28f1126ca67a80ef444e2bf195e24a07758,1b2041245162de8360defdc502404e0696496c50773d4aa7f043798651a9517c,/store/user/iturkmen/hh4b_delphes/run2_13tev/frozen_v2/bundles/qcd_hardqcd_importance_adaptive1500k_phys_wave3_20260718/qcd_hardqcd_importance_adaptive1500k_phys_wave3_20260718_bin00_pthat50to75_shard1038_seed1201038_bundle.tar.gz,d0573e0d,/uscms_data/d3/iturkmen/hh4b_delphes/condor_return/qcd_hardqcd_importance_adaptive1500k_phys_wave3_20260718/receipts/qcd_hardqcd_importance_adaptive1500k_phys_wave3_20260718_84901352_job5_bin0_shard1038_receipt.json
wave3,wave3_original,qcd_hardqcd_importance_adaptive1500k_phys_wave3_20260718,84901352,0,50,75,1039,1201039,10000,validation,qcd-adaptive-wave3-trainval-v1,c9a3a1aaf1a57c9c0a2c09a53683d28f1126ca67a80ef444e2bf195e24a07758,1b2041245162de8360defdc502404e0696496c50773d4aa7f043798651a9517c,/store/user/iturkmen/hh4b_delphes/run2_13tev/frozen_v2/bundles/qcd_hardqcd_importance_adaptive1500k_phys_wave3_20260718/qcd_hardqcd_importance_adaptive1500k_phys_wave3_20260718_bin00_pthat50to75_shard1039_seed1201039_bundle.tar.gz,fa47b90f,/uscms_data/d3/iturkmen/hh4b_delphes/condor_return/qcd_hardqcd_importance_adaptive1500k_phys_wave3_20260718/receipts/qcd_hardqcd_importance_adaptive1500k_phys_wave3_20260718_84901352_job6_bin0_shard1039_receipt.json
wave3,wave3_original,qcd_hardqcd_importance_adaptive1500k_phys_wave3_20260718,84901352,0,50,75,1040,1201040,10000,train,qcd-adaptive-wave3-trainval-v1,c9a3a1aaf1a57c9c0a2c09a53683d28f1126ca67a80ef444e2bf195e24a07758,1b2041245162de8360defdc502404e0696496c50773d4aa7f043798651a9517c,/store/user/iturkmen/hh4b_delphes/run2_13tev/frozen_v2/bundles/qcd_hardqcd_importance_adaptive1500k_phys_wave3_20260718/qcd_hardqcd_importance_adaptive1500k_phys_wave3_20260718_bin00_pthat50to75_shard1040_seed1201040_bundle.tar.gz,d3705e16,/uscms_data/d3/iturkmen/hh4b_delphes/condor_return/qcd_hardqcd_importance_adaptive1500k_phys_wave3_20260718/receipts/qcd_hardqcd_importance_adaptive1500k_phys_wave3_20260718_84901352_job7_bin0_shard1040_receipt.json
wave3,wave3_original,qcd_hardqcd_importance_adaptive1500k_phys_wave3_20260718,84901352,0,50,75,1041,1201041,10000,train,qcd-adaptive-wave3-trainval-v1,c9a3a1aaf1a57c9c0a2c09a53683d28f1126ca67a80ef444e2bf195e24a07758,1b2041245162de8360defdc502404e0696496c50773d4aa7f043798651a9517c,/store/user/iturkmen/hh4b_delphes/run2_13tev/frozen_v2/bundles/qcd_hardqcd_importance_adaptive1500k_phys_wave3_20260718/qcd_hardqcd_importance_adaptive1500k_phys_wave3_20260718_bin00_pthat50to75_shard1041_seed1201041_bundle.tar.gz,3b173d1d,/uscms_data/d3/iturkmen/hh4b_delphes/condor_return/qcd_hardqcd_importance_adaptive1500k_phys_wave3_20260718/receipts/qcd_hardqcd_importance_adaptive1500k_phys_wave3_20260718_84901352_job8_bin0_shard1041_receipt.json
wave3,wave3_original,qcd_hardqcd_importance_adaptive1500k_phys_wave3_20260718,84901352,0,50,75,1042,1201042,10000,train,qcd-adaptive-wave3-trainval-v1,c9a3a1aaf1a57c9c0a2c09a53683d28f1126ca67a80ef444e2bf195e24a07758,1b2041245162de8360defdc502404e0696496c50773d4aa7f043798651a9517c,/store/user/iturkmen/hh4b_delphes/run2_13tev/frozen_v2/bundles/qcd_hardqcd_importance_adaptive1500k_phys_wave3_20260718/qcd_hardqcd_importance_adaptive1500k_phys_wave3_20260718_bin00_pthat50to75_shard1042_seed1201042_bundle.tar.gz,9d935aff,/uscms_data/d3/iturkmen/hh4b_delphes/condor_return/qcd_hardqcd_importance_adaptive1500k_phys_wave3_20260718/receipts/qcd_hardqcd_importance_adaptive1500k_phys_wave3_20260718_84901352_job9_bin0_shard1042_receipt.json
wave3,wave3_original,qcd_hardqcd_importance_adaptive1500k_phys_wave3_20260718,84901352,0,50,75,1043,1201043,10000,train,qcd-adaptive-wave3-trainval-v1,c9a3a1aaf1a57c9c0a2c09a53683d28f1126ca67a80ef444e2bf195e24a07758,1b2041245162de8360defdc502404e0696496c50773d4aa7f043798651a9517c,/store/user/iturkmen/hh4b_delphes/run2_13tev/frozen_v2/bundles/qcd_hardqcd_importance_adaptive1500k_phys_wave3_20260718/qcd_hardqcd_importance_adaptive1500k_phys_wave3_20260718_bin00_pthat50to75_shard1043_seed1201043_bundle.tar.gz,e1f79b32,/uscms_data/d3/iturkmen/hh4b_delphes/condor_return/qcd_hardqcd_importance_adaptive1500k_phys_wave3_20260718/receipts/qcd_hardqcd_importance_adaptive1500k_phys_wave3_20260718_84901352_job10_bin0_shard1043_receipt.json
wave3,wave3_original,qcd_hardqcd_importance_adaptive1500k_phys_wave3_20260718,84901352,0,50,75,1044,1201044,10000,validation,qcd-adaptive-wave3-trainval-v1,c9a3a1aaf1a57c9c0a2c09a53683d28f1126ca67a80ef444e2bf195e24a07758,1b2041245162de8360defdc502404e0696496c50773d4aa7f043798651a9517c,/store/user/iturkmen/hh4b_delphes/run2_13tev/frozen_v2/bundles/qcd_hardqcd_importance_adaptive1500k_phys_wave3_20260718/qcd_hardqcd_importance_adaptive1500k_phys_wave3_20260718_bin00_pthat50to75_shard1044_seed1201044_bundle.tar.gz,898c9990,/uscms_data/d3/iturkmen/hh4b_delphes/condor_return/qcd_hardqcd_importance_adaptive1500k_phys_wave3_20260718/receipts/qcd_hardqcd_importance_adaptive1500k_phys_wave3_20260718_84901352_job11_bin0_shard1044_receipt.json
wave3,wave3_original,qcd_hardqcd_importance_adaptive1500k_phys_wave3_20260718,84901352,0,50,75,1045,1201045,10000,validation,qcd-adaptive-wave3-trainval-v1,c9a3a1aaf1a57c9c0a2c09a53683d28f1126ca67a80ef444e2bf195e24a07758,1b2041245162de8360defdc502404e0696496c50773d4aa7f043798651a9517c,/store/user/iturkmen/hh4b_delphes/run2_13tev/frozen_v2/bundles/qcd_hardqcd_importance_adaptive1500k_phys_wave3_20260718/qcd_hardqcd_importance_adaptive1500k_phys_wave3_20260718_bin00_pthat50to75_shard1045_seed1201045_bundle.tar.gz,6a60988c,/uscms_data/d3/iturkmen/hh4b_delphes/condor_return/qcd_hardqcd_importance_adaptive1500k_phys_wave3_20260718/receipts/qcd_hardqcd_importance_adaptive1500k_phys_wave3_20260718_84901352_job12_bin0_shard1045_receipt.json
wave3,wave3_original,qcd_hardqcd_importance_adaptive1500k_phys_wave3_20260718,84901352,0,50,75,1046,1201046,10000,validation,qcd-adaptive-wave3-trainval-v1,c9a3a1aaf1a57c9c0a2c09a53683d28f1126ca67a80ef444e2bf195e24a07758,1b2041245162de8360defdc502404e0696496c50773d4aa7f043798651a9517c,/store/user/iturkmen/hh4b_delphes/run2_13tev/frozen_v2/bundles/qcd_hardqcd_importance_adaptive1500k_phys_wave3_20260718/qcd_hardqcd_importance_adaptive1500k_phys_wave3_20260718_bin00_pthat50to75_shard1046_seed1201046_bundle.tar.gz,8a1ccc95,/uscms_data/d3/iturkmen/hh4b_delphes/condor_return/qcd_hardqcd_importance_adaptive1500k_phys_wave3_20260718/receipts/qcd_hardqcd_importance_adaptive1500k_phys_wave3_20260718_84901352_job13_bin0_shard1046_receipt.json
wave3,wave3_original,qcd_hardqcd_importance_adaptive1500k_phys_wave3_20260718,84901352,0,50,75,1047,1201047,10000,train,qcd-adaptive-wave3-trainval-v1,c9a3a1aaf1a57c9c0a2c09a53683d28f1126ca67a80ef444e2bf195e24a07758,1b2041245162de8360defdc502404e0696496c50773d4aa7f043798651a9517c,/store/user/iturkmen/hh4b_delphes/run2_13tev/frozen_v2/bundles/qcd_hardqcd_importance_adaptive1500k_phys_wave3_20260718/qcd_hardqcd_importance_adaptive1500k_phys_wave3_20260718_bin00_pthat50to75_shard1047_seed1201047_bundle.tar.gz,81df85e1,/uscms_data/d3/iturkmen/hh4b_delphes/condor_return/qcd_hardqcd_importance_adaptive1500k_phys_wave3_20260718/receipts/qcd_hardqcd_importance_adaptive1500k_phys_wave3_20260718_84901352_job14_bin0_shard1047_receipt.json
wave3,wave3_original,qcd_hardqcd_importance_adaptive1500k_phys_wave3_20260718,84901352,0,50,75,1048,1201048,10000,train,qcd-adaptive-wave3-trainval-v1,c9a3a1aaf1a57c9c0a2c09a53683d28f1126ca67a80ef444e2bf195e24a07758,1b2041245162de8360defdc502404e0696496c50773d4aa7f043798651a9517c,/store/user/iturkmen/hh4b_delphes/run2_13tev/frozen_v2/bundles/qcd_hardqcd_importance_adaptive1500k_phys_wave3_20260718/qcd_hardqcd_importance_adaptive1500k_phys_wave3_20260718_bin00_pthat50to75_shard1048_seed1201048_bundle.tar.gz,eacfbd44,/uscms_data/d3/iturkmen/hh4b_delphes/condor_return/qcd_hardqcd_importance_adaptive1500k_phys_wave3_20260718/receipts/qcd_hardqcd_importance_adaptive1500k_phys_wave3_20260718_84901352_job15_bin0_shard1048_receipt.json
wave3,wave3_original,qcd_hardqcd_importance_adaptive1500k_phys_wave3_20260718,84901352,0,50,75,1049,1201049,10000,validation,qcd-adaptive-wave3-trainval-v1,c9a3a1aaf1a57c9c0a2c09a53683d28f1126ca67a80ef444e2bf195e24a07758,1b2041245162de8360defdc502404e0696496c50773d4aa7f043798651a9517c,/store/user/iturkmen/hh4b_delphes/run2_13tev/frozen_v2/bundles/qcd_hardqcd_importance_adaptive1500k_phys_wave3_20260718/qcd_hardqcd_importance_adaptive1500k_phys_wave3_20260718_bin00_pthat50to75_shard1049_seed1201049_bundle.tar.gz,617e70dd,/uscms_data/d3/iturkmen/hh4b_delphes/condor_return/qcd_hardqcd_importance_adaptive1500k_phys_wave3_20260718/receipts/qcd_hardqcd_importance_adaptive1500k_phys_wave3_20260718_84901352_job16_bin0_shard1049_receipt.json
wave3,wave3_original,qcd_hardqcd_importance_adaptive1500k_phys_wave3_20260718,84901352,0,50,75,1050,1201050,10000,train,qcd-adaptive-wave3-trainval-v1,c9a3a1aaf1a57c9c0a2c09a53683d28f1126ca67a80ef444e2bf195e24a07758,1b2041245162de8360defdc502404e0696496c50773d4aa7f043798651a9517c,/store/user/iturkmen/hh4b_delphes/run2_13tev/frozen_v2/bundles/qcd_hardqcd_importance_adaptive1500k_phys_wave3_20260718/qcd_hardqcd_importance_adaptive1500k_phys_wave3_20260718_bin00_pthat50to75_shard1050_seed1201050_bundle.tar.gz,eba14880,/uscms_data/d3/iturkmen/hh4b_delphes/condor_return/qcd_hardqcd_importance_adaptive1500k_phys_wave3_20260718/receipts/qcd_hardqcd_importance_adaptive1500k_phys_wave3_20260718_84901352_job17_bin0_shard1050_receipt.json
wave3,wave3_original,qcd_hardqcd_importance_adaptive1500k_phys_wave3_20260718,84901352,0,50,75,1051,1201051,10000,train,qcd-adaptive-wave3-trainval-v1,c9a3a1aaf1a57c9c0a2c09a53683d28f1126ca67a80ef444e2bf195e24a07758,1b2041245162de8360defdc502404e0696496c50773d4aa7f043798651a9517c,/store/user/iturkmen/hh4b_delphes/run2_13tev/frozen_v2/bundles/qcd_hardqcd_importance_adaptive1500k_phys_wave3_20260718/qcd_hardqcd_importance_adaptive1500k_phys_wave3_20260718_bin00_pthat50to75_shard1051_seed1201051_bundle.tar.gz,6da40172,/uscms_data/d3/iturkmen/hh4b_delphes/condor_return/qcd_hardqcd_importance_adaptive1500k_phys_wave3_20260718/receipts/qcd_hardqcd_importance_adaptive1500k_phys_wave3_20260718_84901352_job18_bin0_shard1051_receipt.json
wave3,wave3_original,qcd_hardqcd_importance_adaptive1500k_phys_wave3_20260718,84901352,0,50,75,1052,1201052,10000,train,qcd-adaptive-wave3-trainval-v1,c9a3a1aaf1a57c9c0a2c09a53683d28f1126ca67a80ef444e2bf195e24a07758,1b2041245162de8360defdc502404e0696496c50773d4aa7f043798651a9517c,/store/user/iturkmen/hh4b_delphes/run2_13tev/frozen_v2/bundles/qcd_hardqcd_importance_adaptive1500k_phys_wave3_20260718/qcd_hardqcd_importance_adaptive1500k_phys_wave3_20260718_bin00_pthat50to75_shard1052_seed1201052_bundle.tar.gz,73df738e,/uscms_data/d3/iturkmen/hh4b_delphes/condor_return/qcd_hardqcd_importance_adaptive1500k_phys_wave3_20260718/receipts/qcd_hardqcd_importance_adaptive1500k_phys_wave3_20260718_84901352_job19_bin0_shard1052_receipt.json
wave3,wave3_original,qcd_hardqcd_importance_adaptive1500k_phys_wave3_20260718,84901352,0,50,75,1053,1201053,10000,train,qcd-adaptive-wave3-trainval-v1,c9a3a1aaf1a57c9c0a2c09a53683d28f1126ca67a80ef444e2bf195e24a07758,1b2041245162de8360defdc502404e0696496c50773d4aa7f043798651a9517c,/store/user/iturkmen/hh4b_delphes/run2_13tev/frozen_v2/bundles/qcd_hardqcd_importance_adaptive1500k_phys_wave3_20260718/qcd_hardqcd_importance_adaptive1500k_phys_wave3_20260718_bin00_pthat50to75_shard1053_seed1201053_bundle.tar.gz,e2fa9ebe,/uscms_data/d3/iturkmen/hh4b_delphes/condor_return/qcd_hardqcd_importance_adaptive1500k_phys_wave3_20260718/receipts/qcd_hardqcd_importance_adaptive1500k_phys_wave3_20260718_84901352_job20_bin0_shard1053_receipt.json
wave3,wave3_original,qcd_hardqcd_importance_adaptive1500k_phys_wave3_20260718,84901352,0,50,75,1054,1201054,10000,train,qcd-adaptive-wave3-trainval-v1,c9a3a1aaf1a57c9c0a2c09a53683d28f1126ca67a80ef444e2bf195e24a07758,1b2041245162de8360defdc502404e0696496c50773d4aa7f043798651a9517c,/store/user/iturkmen/hh4b_delphes/run2_13tev/frozen_v2/bundles/qcd_hardqcd_importance_adaptive1500k_phys_wave3_20260718/qcd_hardqcd_importance_adaptive1500k_phys_wave3_20260718_bin00_pthat50to75_shard1054_seed1201054_bundle.tar.gz,1d9eb04a,/uscms_data/d3/iturkmen/hh4b_delphes/condor_return/qcd_hardqcd_importance_adaptive1500k_phys_wave3_20260718/receipts/qcd_hardqcd_importance_adaptive1500k_phys_wave3_20260718_84901352_job21_bin0_shard1054_receipt.json
wave3,wave3_original,qcd_hardqcd_importance_adaptive1500k_phys_wave3_20260718,84901352,0,50,75,1055,1201055,10000,validation,qcd-adaptive-wave3-trainval-v1,c9a3a1aaf1a57c9c0a2c09a53683d28f1126ca67a80ef444e2bf195e24a07758,1b2041245162de8360defdc502404e0696496c50773d4aa7f043798651a9517c,/store/user/iturkmen/hh4b_delphes/run2_13tev/frozen_v2/bundles/qcd_hardqcd_importance_adaptive1500k_phys_wave3_20260718/qcd_hardqcd_importance_adaptive1500k_phys_wave3_20260718_bin00_pthat50to75_shard1055_seed1201055_bundle.tar.gz,92a9b592,/uscms_data/d3/iturkmen/hh4b_delphes/condor_return/qcd_hardqcd_importance_adaptive1500k_phys_wave3_20260718/receipts/qcd_hardqcd_importance_adaptive1500k_phys_wave3_20260718_84901352_job22_bin0_shard1055_receipt.json
wave3,wave3_original,qcd_hardqcd_importance_adaptive1500k_phys_wave3_20260718,84901352,0,50,75,1056,1201056,10000,validation,qcd-adaptive-wave3-trainval-v1,c9a3a1aaf1a57c9c0a2c09a53683d28f1126ca67a80ef444e2bf195e24a07758,1b2041245162de8360defdc502404e0696496c50773d4aa7f043798651a9517c,/store/user/iturkmen/hh4b_delphes/run2_13tev/frozen_v2/bundles/qcd_hardqcd_importance_adaptive1500k_phys_wave3_20260718/qcd_hardqcd_importance_adaptive1500k_phys_wave3_20260718_bin00_pthat50to75_shard1056_seed1201056_bundle.tar.gz,1f20bb67,/uscms_data/d3/iturkmen/hh4b_delphes/condor_return/qcd_hardqcd_importance_adaptive1500k_phys_wave3_20260718/receipts/qcd_hardqcd_importance_adaptive1500k_phys_wave3_20260718_84901352_job23_bin0_shard1056_receipt.json
wave3,wave3_original,qcd_hardqcd_importance_adaptive1500k_phys_wave3_20260718,84901352,0,50,75,1057,1201057,10000,train,qcd-adaptive-wave3-trainval-v1,c9a3a1aaf1a57c9c0a2c09a53683d28f1126ca67a80ef444e2bf195e24a07758,1b2041245162de8360defdc502404e0696496c50773d4aa7f043798651a9517c,/store/user/iturkmen/hh4b_delphes/run2_13tev/frozen_v2/bundles/qcd_hardqcd_importance_adaptive1500k_phys_wave3_20260718/qcd_hardqcd_importance_adaptive1500k_phys_wave3_20260718_bin00_pthat50to75_shard1057_seed1201057_bundle.tar.gz,6a76e77a,/uscms_data/d3/iturkmen/hh4b_delphes/condor_return/qcd_hardqcd_importance_adaptive1500k_phys_wave3_20260718/receipts/qcd_hardqcd_importance_adaptive1500k_phys_wave3_20260718_84901352_job24_bin0_shard1057_receipt.json
wave3,wave3_original,qcd_hardqcd_importance_adaptive1500k_phys_wave3_20260718,84901352,0,50,75,1058,1201058,10000,train,qcd-adaptive-wave3-trainval-v1,c9a3a1aaf1a57c9c0a2c09a53683d28f1126ca67a80ef444e2bf195e24a07758,1b2041245162de8360defdc502404e0696496c50773d4aa7f043798651a9517c,/store/user/iturkmen/hh4b_delphes/run2_13tev/frozen_v2/bundles/qcd_hardqcd_importance_adaptive1500k_phys_wave3_20260718/qcd_hardqcd_importance_adaptive1500k_phys_wave3_20260718_bin00_pthat50to75_shard1058_seed1201058_bundle.tar.gz,21282027,/uscms_data/d3/iturkmen/hh4b_delphes/condor_return/qcd_hardqcd_importance_adaptive1500k_phys_wave3_20260718/receipts/qcd_hardqcd_importance_adaptive1500k_phys_wave3_20260718_84901352_job25_bin0_shard1058_receipt.json
wave3,wave3_original,qcd_hardqcd_importance_adaptive1500k_phys_wave3_20260718,84901352,0,50,75,1059,1201059,10000,train,qcd-adaptive-wave3-trainval-v1,c9a3a1aaf1a57c9c0a2c09a53683d28f1126ca67a80ef444e2bf195e24a07758,1b2041245162de8360defdc502404e0696496c50773d4aa7f043798651a9517c,/store/user/iturkmen/hh4b_delphes/run2_13tev/frozen_v2/bundles/qcd_hardqcd_importance_adaptive1500k_phys_wave3_20260718/qcd_hardqcd_importance_adaptive1500k_phys_wave3_20260718_bin00_pthat50to75_shard1059_seed1201059_bundle.tar.gz,de168c45,/uscms_data/d3/iturkmen/hh4b_delphes/condor_return/qcd_hardqcd_importance_adaptive1500k_phys_wave3_20260718/receipts/qcd_hardqcd_importance_adaptive1500k_phys_wave3_20260718_84901352_job26_bin0_shard1059_receipt.json
wave3,wave3_original,qcd_hardqcd_importance_adaptive1500k_phys_wave3_20260718,84901352,0,50,75,1060,1201060,10000,train,qcd-adaptive-wave3-trainval-v1,c9a3a1aaf1a57c9c0a2c09a53683d28f1126ca67a80ef444e2bf195e24a07758,1b2041245162de8360defdc502404e0696496c50773d4aa7f043798651a9517c,/store/user/iturkmen/hh4b_delphes/run2_13tev/frozen_v2/bundles/qcd_hardqcd_importance_adaptive1500k_phys_wave3_20260718/qcd_hardqcd_importance_adaptive1500k_phys_wave3_20260718_bin00_pthat50to75_shard1060_seed1201060_bundle.tar.gz,d29eed70,/uscms_data/d3/iturkmen/hh4b_delphes/condor_return/qcd_hardqcd_importance_adaptive1500k_phys_wave3_20260718/receipts/qcd_hardqcd_importance_adaptive1500k_phys_wave3_20260718_84901352_job27_bin0_shard1060_receipt.json
wave3,wave3_original,qcd_hardqcd_importance_adaptive1500k_phys_wave3_20260718,84901352,0,50,75,1061,1201061,10000,train,qcd-adaptive-wave3-trainval-v1,c9a3a1aaf1a57c9c0a2c09a53683d28f1126ca67a80ef444e2bf195e24a07758,1b2041245162de8360defdc502404e0696496c50773d4aa7f043798651a9517c,/store/user/iturkmen/hh4b_delphes/run2_13tev/frozen_v2/bundles/qcd_hardqcd_importance_adaptive1500k_phys_wave3_20260718/qcd_hardqcd_importance_adaptive1500k_phys_wave3_20260718_bin00_pthat50to75_shard1061_seed1201061_bundle.tar.gz,3e50fcf2,/uscms_data/d3/iturkmen/hh4b_delphes/condor_return/qcd_hardqcd_importance_adaptive1500k_phys_wave3_20260718/receipts/qcd_hardqcd_importance_adaptive1500k_phys_wave3_20260718_84901352_job28_bin0_shard1061_receipt.json
wave3,wave3_original,qcd_hardqcd_importance_adaptive1500k_phys_wave3_20260718,84901352,0,50,75,1062,1201062,10000,validation,qcd-adaptive-wave3-trainval-v1,c9a3a1aaf1a57c9c0a2c09a53683d28f1126ca67a80ef444e2bf195e24a07758,1b2041245162de8360defdc502404e0696496c50773d4aa7f043798651a9517c,/store/user/iturkmen/hh4b_delphes/run2_13tev/frozen_v2/bundles/qcd_hardqcd_importance_adaptive1500k_phys_wave3_20260718/qcd_hardqcd_importance_adaptive1500k_phys_wave3_20260718_bin00_pthat50to75_shard1062_seed1201062_bundle.tar.gz,9dd1fdd6,/uscms_data/d3/iturkmen/hh4b_delphes/condor_return/qcd_hardqcd_importance_adaptive1500k_phys_wave3_20260718/receipts/qcd_hardqcd_importance_adaptive1500k_phys_wave3_20260718_84901352_job29_bin0_shard1062_receipt.json
wave3,wave3_original,qcd_hardqcd_importance_adaptive1500k_phys_wave3_20260718,84901352,0,50,75,1063,1201063,10000,train,qcd-adaptive-wave3-trainval-v1,c9a3a1aaf1a57c9c0a2c09a53683d28f1126ca67a80ef444e2bf195e24a07758,1b2041245162de8360defdc502404e0696496c50773d4aa7f043798651a9517c,/store/user/iturkmen/hh4b_delphes/run2_13tev/frozen_v2/bundles/qcd_hardqcd_importance_adaptive1500k_phys_wave3_20260718/qcd_hardqcd_importance_adaptive1500k_phys_wave3_20260718_bin00_pthat50to75_shard1063_seed1201063_bundle.tar.gz,a2bdb24d,/uscms_data/d3/iturkmen/hh4b_delphes/condor_return/qcd_hardqcd_importance_adaptive1500k_phys_wave3_20260718/receipts/qcd_hardqcd_importance_adaptive1500k_phys_wave3_20260718_84901352_job30_bin0_shard1063_receipt.json
wave3,wave3_original,qcd_hardqcd_importance_adaptive1500k_phys_wave3_20260718,84901352,0,50,75,1064,1201064,10000,validation,qcd-adaptive-wave3-trainval-v1,c9a3a1aaf1a57c9c0a2c09a53683d28f1126ca67a80ef444e2bf195e24a07758,1b2041245162de8360defdc502404e0696496c50773d4aa7f043798651a9517c,/store/user/iturkmen/hh4b_delphes/run2_13tev/frozen_v2/bundles/qcd_hardqcd_importance_adaptive1500k_phys_wave3_20260718/qcd_hardqcd_importance_adaptive1500k_phys_wave3_20260718_bin00_pthat50to75_shard1064_seed1201064_bundle.tar.gz,466c7283,/uscms_data/d3/iturkmen/hh4b_delphes/condor_return/qcd_hardqcd_importance_adaptive1500k_phys_wave3_20260718/receipts/qcd_hardqcd_importance_adaptive1500k_phys_wave3_20260718_84901352_job31_bin0_shard1064_receipt.json
wave3,wave3_original,qcd_hardqcd_importance_adaptive1500k_phys_wave3_20260718,84901352,0,50,75,1065,1201065,10000,validation,qcd-adaptive-wave3-trainval-v1,c9a3a1aaf1a57c9c0a2c09a53683d28f1126ca67a80ef444e2bf195e24a07758,1b2041245162de8360defdc502404e0696496c50773d4aa7f043798651a9517c,/store/user/iturkmen/hh4b_delphes/run2_13tev/frozen_v2/bundles/qcd_hardqcd_importance_adaptive1500k_phys_wave3_20260718/qcd_hardqcd_importance_adaptive1500k_phys_wave3_20260718_bin00_pthat50to75_shard1065_seed1201065_bundle.tar.gz,13ccde52,/uscms_data/d3/iturkmen/hh4b_delphes/condor_return/qcd_hardqcd_importance_adaptive1500k_phys_wave3_20260718/receipts/qcd_hardqcd_importance_adaptive1500k_phys_wave3_20260718_84901352_job32_bin0_shard1065_receipt.json
wave3,wave3_original,qcd_hardqcd_importance_adaptive1500k_phys_wave3_20260718,84901352,0,50,75,1066,1201066,10000,train,qcd-adaptive-wave3-trainval-v1,c9a3a1aaf1a57c9c0a2c09a53683d28f1126ca67a80ef444e2bf195e24a07758,1b2041245162de8360defdc502404e0696496c50773d4aa7f043798651a9517c,/store/user/iturkmen/hh4b_delphes/run2_13tev/frozen_v2/bundles/qcd_hardqcd_importance_adaptive1500k_phys_wave3_20260718/qcd_hardqcd_importance_adaptive1500k_phys_wave3_20260718_bin00_pthat50to75_shard1066_seed1201066_bundle.tar.gz,5ebf4e52,/uscms_data/d3/iturkmen/hh4b_delphes/condor_return/qcd_hardqcd_importance_adaptive1500k_phys_wave3_20260718/receipts/qcd_hardqcd_importance_adaptive1500k_phys_wave3_20260718_84901352_job33_bin0_shard1066_receipt.json
wave3,wave3_original,qcd_hardqcd_importance_adaptive1500k_phys_wave3_20260718,84901352,0,50,75,1067,1201067,10000,train,qcd-adaptive-wave3-trainval-v1,c9a3a1aaf1a57c9c0a2c09a53683d28f1126ca67a80ef444e2bf195e24a07758,1b2041245162de8360defdc502404e0696496c50773d4aa7f043798651a9517c,/store/user/iturkmen/hh4b_delphes/run2_13tev/frozen_v2/bundles/qcd_hardqcd_importance_adaptive1500k_phys_wave3_20260718/qcd_hardqcd_importance_adaptive1500k_phys_wave3_20260718_bin00_pthat50to75_shard1067_seed1201067_bundle.tar.gz,458bdee7,/uscms_data/d3/iturkmen/hh4b_delphes/condor_return/qcd_hardqcd_importance_adaptive1500k_phys_wave3_20260718/receipts/qcd_hardqcd_importance_adaptive1500k_phys_wave3_20260718_84901352_job34_bin0_shard1067_receipt.json
wave3,wave3_original,qcd_hardqcd_importance_adaptive1500k_phys_wave3_20260718,84901352,0,50,75,1068,1201068,10000,train,qcd-adaptive-wave3-trainval-v1,c9a3a1aaf1a57c9c0a2c09a53683d28f1126ca67a80ef444e2bf195e24a07758,1b2041245162de8360defdc502404e0696496c50773d4aa7f043798651a9517c,/store/user/iturkmen/hh4b_delphes/run2_13tev/frozen_v2/bundles/qcd_hardqcd_importance_adaptive1500k_phys_wave3_20260718/qcd_hardqcd_importance_adaptive1500k_phys_wave3_20260718_bin00_pthat50to75_shard1068_seed1201068_bundle.tar.gz,66b21d73,/uscms_data/d3/iturkmen/hh4b_delphes/condor_return/qcd_hardqcd_importance_adaptive1500k_phys_wave3_20260718/receipts/qcd_hardqcd_importance_adaptive1500k_phys_wave3_20260718_84901352_job35_bin0_shard1068_receipt.json
wave3,wave3_original,qcd_hardqcd_importance_adaptive1500k_phys_wave3_20260718,84901352,0,50,75,1069,1201069,10000,validation,qcd-adaptive-wave3-trainval-v1,c9a3a1aaf1a57c9c0a2c09a53683d28f1126ca67a80ef444e2bf195e24a07758,1b2041245162de8360defdc502404e0696496c50773d4aa7f043798651a9517c,/store/user/iturkmen/hh4b_delphes/run2_13tev/frozen_v2/bundles/qcd_hardqcd_importance_adaptive1500k_phys_wave3_20260718/qcd_hardqcd_importance_adaptive1500k_phys_wave3_20260718_bin00_pthat50to75_shard1069_seed1201069_bundle.tar.gz,b7fdc951,/uscms_data/d3/iturkmen/hh4b_delphes/condor_return/qcd_hardqcd_importance_adaptive1500k_phys_wave3_20260718/receipts/qcd_hardqcd_importance_adaptive1500k_phys_wave3_20260718_84901352_job36_bin0_shard1069_receipt.json
wave3,wave3_original,qcd_hardqcd_importance_adaptive1500k_phys_wave3_20260718,84901352,0,50,75,1070,1201070,10000,train,qcd-adaptive-wave3-trainval-v1,c9a3a1aaf1a57c9c0a2c09a53683d28f1126ca67a80ef444e2bf195e24a07758,1b2041245162de8360defdc502404e0696496c50773d4aa7f043798651a9517c,/store/user/iturkmen/hh4b_delphes/run2_13tev/frozen_v2/bundles/qcd_hardqcd_importance_adaptive1500k_phys_wave3_20260718/qcd_hardqcd_importance_adaptive1500k_phys_wave3_20260718_bin00_pthat50to75_shard1070_seed1201070_bundle.tar.gz,d9fc5476,/uscms_data/d3/iturkmen/hh4b_delphes/condor_return/qcd_hardqcd_importance_adaptive1500k_phys_wave3_20260718/receipts/qcd_hardqcd_importance_adaptive1500k_phys_wave3_20260718_84901352_job37_bin0_shard1070_receipt.json
wave3,wave3_original,qcd_hardqcd_importance_adaptive1500k_phys_wave3_20260718,84901352,0,50,75,1071,1201071,10000,train,qcd-adaptive-wave3-trainval-v1,c9a3a1aaf1a57c9c0a2c09a53683d28f1126ca67a80ef444e2bf195e24a07758,1b2041245162de8360defdc502404e0696496c50773d4aa7f043798651a9517c,/store/user/iturkmen/hh4b_delphes/run2_13tev/frozen_v2/bundles/qcd_hardqcd_importance_adaptive1500k_phys_wave3_20260718/qcd_hardqcd_importance_adaptive1500k_phys_wave3_20260718_bin00_pthat50to75_shard1071_seed1201071_bundle.tar.gz,61392102,/uscms_data/d3/iturkmen/hh4b_delphes/condor_return/qcd_hardqcd_importance_adaptive1500k_phys_wave3_20260718/receipts/qcd_hardqcd_importance_adaptive1500k_phys_wave3_20260718_84901352_job38_bin0_shard1071_receipt.json
wave3,wave3_original,qcd_hardqcd_importance_adaptive1500k_phys_wave3_20260718,84901352,0,50,75,1072,1201072,10000,train,qcd-adaptive-wave3-trainval-v1,c9a3a1aaf1a57c9c0a2c09a53683d28f1126ca67a80ef444e2bf195e24a07758,1b2041245162de8360defdc502404e0696496c50773d4aa7f043798651a9517c,/store/user/iturkmen/hh4b_delphes/run2_13tev/frozen_v2/bundles/qcd_hardqcd_importance_adaptive1500k_phys_wave3_20260718/qcd_hardqcd_importance_adaptive1500k_phys_wave3_20260718_bin00_pthat50to75_shard1072_seed1201072_bundle.tar.gz,9d767c45,/uscms_data/d3/iturkmen/hh4b_delphes/condor_return/qcd_hardqcd_importance_adaptive1500k_phys_wave3_20260718/receipts/qcd_hardqcd_importance_adaptive1500k_phys_wave3_20260718_84901352_job39_bin0_shard1072_receipt.json
wave3,wave3_original,qcd_hardqcd_importance_adaptive1500k_phys_wave3_20260718,84901352,0,50,75,1073,1201073,10000,train,qcd-adaptive-wave3-trainval-v1,c9a3a1aaf1a57c9c0a2c09a53683d28f1126ca67a80ef444e2bf195e24a07758,1b2041245162de8360defdc502404e0696496c50773d4aa7f043798651a9517c,/store/user/iturkmen/hh4b_delphes/run2_13tev/frozen_v2/bundles/qcd_hardqcd_importance_adaptive1500k_phys_wave3_20260718/qcd_hardqcd_importance_adaptive1500k_phys_wave3_20260718_bin00_pthat50to75_shard1073_seed1201073_bundle.tar.gz,44b442b7,/uscms_data/d3/iturkmen/hh4b_delphes/condor_return/qcd_hardqcd_importance_adaptive1500k_phys_wave3_20260718/receipts/qcd_hardqcd_importance_adaptive1500k_phys_wave3_20260718_84901352_job40_bin0_shard1073_receipt.json
wave3,wave3_original,qcd_hardqcd_importance_adaptive1500k_phys_wave3_20260718,84901352,0,50,75,1074,1201074,10000,validation,qcd-adaptive-wave3-trainval-v1,c9a3a1aaf1a57c9c0a2c09a53683d28f1126ca67a80ef444e2bf195e24a07758,1b2041245162de8360defdc502404e0696496c50773d4aa7f043798651a9517c,/store/user/iturkmen/hh4b_delphes/run2_13tev/frozen_v2/bundles/qcd_hardqcd_importance_adaptive1500k_phys_wave3_20260718/qcd_hardqcd_importance_adaptive1500k_phys_wave3_20260718_bin00_pthat50to75_shard1074_seed1201074_bundle.tar.gz,12c19b45,/uscms_data/d3/iturkmen/hh4b_delphes/condor_return/qcd_hardqcd_importance_adaptive1500k_phys_wave3_20260718/receipts/qcd_hardqcd_importance_adaptive1500k_phys_wave3_20260718_84901352_job41_bin0_shard1074_receipt.json
wave3,wave3_original,qcd_hardqcd_importance_adaptive1500k_phys_wave3_20260718,84901352,0,50,75,1075,1201075,10000,train,qcd-adaptive-wave3-trainval-v1,c9a3a1aaf1a57c9c0a2c09a53683d28f1126ca67a80ef444e2bf195e24a07758,1b2041245162de8360defdc502404e0696496c50773d4aa7f043798651a9517c,/store/user/iturkmen/hh4b_delphes/run2_13tev/frozen_v2/bundles/qcd_hardqcd_importance_adaptive1500k_phys_wave3_20260718/qcd_hardqcd_importance_adaptive1500k_phys_wave3_20260718_bin00_pthat50to75_shard1075_seed1201075_bundle.tar.gz,d061d7fe,/uscms_data/d3/iturkmen/hh4b_delphes/condor_return/qcd_hardqcd_importance_adaptive1500k_phys_wave3_20260718/receipts/qcd_hardqcd_importance_adaptive1500k_phys_wave3_20260718_84901352_job42_bin0_shard1075_receipt.json
wave3,wave3_original,qcd_hardqcd_importance_adaptive1500k_phys_wave3_20260718,84901352,0,50,75,1076,1201076,10000,train,qcd-adaptive-wave3-trainval-v1,c9a3a1aaf1a57c9c0a2c09a53683d28f1126ca67a80ef444e2bf195e24a07758,1b2041245162de8360defdc502404e0696496c50773d4aa7f043798651a9517c,/store/user/iturkmen/hh4b_delphes/run2_13tev/frozen_v2/bundles/qcd_hardqcd_importance_adaptive1500k_phys_wave3_20260718/qcd_hardqcd_importance_adaptive1500k_phys_wave3_20260718_bin00_pthat50to75_shard1076_seed1201076_bundle.tar.gz,00c38000,/uscms_data/d3/iturkmen/hh4b_delphes/condor_return/qcd_hardqcd_importance_adaptive1500k_phys_wave3_20260718/receipts/qcd_hardqcd_importance_adaptive1500k_phys_wave3_20260718_84901352_job43_bin0_shard1076_receipt.json
wave3,wave3_original,qcd_hardqcd_importance_adaptive1500k_phys_wave3_20260718,84901352,0,50,75,1077,1201077,10000,validation,qcd-adaptive-wave3-trainval-v1,c9a3a1aaf1a57c9c0a2c09a53683d28f1126ca67a80ef444e2bf195e24a07758,1b2041245162de8360defdc502404e0696496c50773d4aa7f043798651a9517c,/store/user/iturkmen/hh4b_delphes/run2_13tev/frozen_v2/bundles/qcd_hardqcd_importance_adaptive1500k_phys_wave3_20260718/qcd_hardqcd_importance_adaptive1500k_phys_wave3_20260718_bin00_pthat50to75_shard1077_seed1201077_bundle.tar.gz,17a8aadf,/uscms_data/d3/iturkmen/hh4b_delphes/condor_return/qcd_hardqcd_importance_adaptive1500k_phys_wave3_20260718/receipts/qcd_hardqcd_importance_adaptive1500k_phys_wave3_20260718_84901352_job44_bin0_shard1077_receipt.json
wave3,wave3_original,qcd_hardqcd_importance_adaptive1500k_phys_wave3_20260718,84901352,0,50,75,1078,1201078,10000,validation,qcd-adaptive-wave3-trainval-v1,c9a3a1aaf1a57c9c0a2c09a53683d28f1126ca67a80ef444e2bf195e24a07758,1b2041245162de8360defdc502404e0696496c50773d4aa7f043798651a9517c,/store/user/iturkmen/hh4b_delphes/run2_13tev/frozen_v2/bundles/qcd_hardqcd_importance_adaptive1500k_phys_wave3_20260718/qcd_hardqcd_importance_adaptive1500k_phys_wave3_20260718_bin00_pthat50to75_shard1078_seed1201078_bundle.tar.gz,b7c4b02a,/uscms_data/d3/iturkmen/hh4b_delphes/condor_return/qcd_hardqcd_importance_adaptive1500k_phys_wave3_20260718/receipts/qcd_hardqcd_importance_adaptive1500k_phys_wave3_20260718_84901352_job45_bin0_shard1078_receipt.json
wave3,wave3_original,qcd_hardqcd_importance_adaptive1500k_phys_wave3_20260718,84901352,0,50,75,1079,1201079,10000,train,qcd-adaptive-wave3-trainval-v1,c9a3a1aaf1a57c9c0a2c09a53683d28f1126ca67a80ef444e2bf195e24a07758,1b2041245162de8360defdc502404e0696496c50773d4aa7f043798651a9517c,/store/user/iturkmen/hh4b_delphes/run2_13tev/frozen_v2/bundles/qcd_hardqcd_importance_adaptive1500k_phys_wave3_20260718/qcd_hardqcd_importance_adaptive1500k_phys_wave3_20260718_bin00_pthat50to75_shard1079_seed1201079_bundle.tar.gz,21da6680,/uscms_data/d3/iturkmen/hh4b_delphes/condor_return/qcd_hardqcd_importance_adaptive1500k_phys_wave3_20260718/receipts/qcd_hardqcd_importance_adaptive1500k_phys_wave3_20260718_84901352_job46_bin0_shard1079_receipt.json
wave3,wave3_original,qcd_hardqcd_importance_adaptive1500k_phys_wave3_20260718,84901352,0,50,75,1080,1201080,10000,train,qcd-adaptive-wave3-trainval-v1,c9a3a1aaf1a57c9c0a2c09a53683d28f1126ca67a80ef444e2bf195e24a07758,1b2041245162de8360defdc502404e0696496c50773d4aa7f043798651a9517c,/store/user/iturkmen/hh4b_delphes/run2_13tev/frozen_v2/bundles/qcd_hardqcd_importance_adaptive1500k_phys_wave3_20260718/qcd_hardqcd_importance_adaptive1500k_phys_wave3_20260718_bin00_pthat50to75_shard1080_seed1201080_bundle.tar.gz,977202ce,/uscms_data/d3/iturkmen/hh4b_delphes/condor_return/qcd_hardqcd_importance_adaptive1500k_phys_wave3_20260718/receipts/qcd_hardqcd_importance_adaptive1500k_phys_wave3_20260718_84901352_job47_bin0_shard1080_receipt.json
wave3,wave3_original,qcd_hardqcd_importance_adaptive1500k_phys_wave3_20260718,84901352,0,50,75,1081,1201081,10000,validation,qcd-adaptive-wave3-trainval-v1,c9a3a1aaf1a57c9c0a2c09a53683d28f1126ca67a80ef444e2bf195e24a07758,1b2041245162de8360defdc502404e0696496c50773d4aa7f043798651a9517c,/store/user/iturkmen/hh4b_delphes/run2_13tev/frozen_v2/bundles/qcd_hardqcd_importance_adaptive1500k_phys_wave3_20260718/qcd_hardqcd_importance_adaptive1500k_phys_wave3_20260718_bin00_pthat50to75_shard1081_seed1201081_bundle.tar.gz,87f58b47,/uscms_data/d3/iturkmen/hh4b_delphes/condor_return/qcd_hardqcd_importance_adaptive1500k_phys_wave3_20260718/receipts/qcd_hardqcd_importance_adaptive1500k_phys_wave3_20260718_84901352_job48_bin0_shard1081_receipt.json
wave3,wave3_original,qcd_hardqcd_importance_adaptive1500k_phys_wave3_20260718,84901352,0,50,75,1082,1201082,10000,validation,qcd-adaptive-wave3-trainval-v1,c9a3a1aaf1a57c9c0a2c09a53683d28f1126ca67a80ef444e2bf195e24a07758,1b2041245162de8360defdc502404e0696496c50773d4aa7f043798651a9517c,/store/user/iturkmen/hh4b_delphes/run2_13tev/frozen_v2/bundles/qcd_hardqcd_importance_adaptive1500k_phys_wave3_20260718/qcd_hardqcd_importance_adaptive1500k_phys_wave3_20260718_bin00_pthat50to75_shard1082_seed1201082_bundle.tar.gz,da8bb3e5,/uscms_data/d3/iturkmen/hh4b_delphes/condor_return/qcd_hardqcd_importance_adaptive1500k_phys_wave3_20260718/receipts/qcd_hardqcd_importance_adaptive1500k_phys_wave3_20260718_84901352_job49_bin0_shard1082_receipt.json
wave3,wave3_original,qcd_hardqcd_importance_adaptive1500k_phys_wave3_20260718,84901352,0,50,75,1083,1201083,10000,train,qcd-adaptive-wave3-trainval-v1,c9a3a1aaf1a57c9c0a2c09a53683d28f1126ca67a80ef444e2bf195e24a07758,1b2041245162de8360defdc502404e0696496c50773d4aa7f043798651a9517c,/store/user/iturkmen/hh4b_delphes/run2_13tev/frozen_v2/bundles/qcd_hardqcd_importance_adaptive1500k_phys_wave3_20260718/qcd_hardqcd_importance_adaptive1500k_phys_wave3_20260718_bin00_pthat50to75_shard1083_seed1201083_bundle.tar.gz,33d68ff4,/uscms_data/d3/iturkmen/hh4b_delphes/condor_return/qcd_hardqcd_importance_adaptive1500k_phys_wave3_20260718/receipts/qcd_hardqcd_importance_adaptive1500k_phys_wave3_20260718_84901352_job50_bin0_shard1083_receipt.json
wave3,wave3_original,qcd_hardqcd_importance_adaptive1500k_phys_wave3_20260718,84901352,0,50,75,1084,1201084,10000,train,qcd-adaptive-wave3-trainval-v1,c9a3a1aaf1a57c9c0a2c09a53683d28f1126ca67a80ef444e2bf195e24a07758,1b2041245162de8360defdc502404e0696496c50773d4aa7f043798651a9517c,/store/user/iturkmen/hh4b_delphes/run2_13tev/frozen_v2/bundles/qcd_hardqcd_importance_adaptive1500k_phys_wave3_20260718/qcd_hardqcd_importance_adaptive1500k_phys_wave3_20260718_bin00_pthat50to75_shard1084_seed1201084_bundle.tar.gz,82cb32c8,/uscms_data/d3/iturkmen/hh4b_delphes/condor_return/qcd_hardqcd_importance_adaptive1500k_phys_wave3_20260718/receipts/qcd_hardqcd_importance_adaptive1500k_phys_wave3_20260718_84901352_job51_bin0_shard1084_receipt.json
wave3,wave3_original,qcd_hardqcd_importance_adaptive1500k_phys_wave3_20260718,84901352,0,50,75,1085,1201085,10000,train,qcd-adaptive-wave3-trainval-v1,c9a3a1aaf1a57c9c0a2c09a53683d28f1126ca67a80ef444e2bf195e24a07758,1b2041245162de8360defdc502404e0696496c50773d4aa7f043798651a9517c,/store/user/iturkmen/hh4b_delphes/run2_13tev/frozen_v2/bundles/qcd_hardqcd_importance_adaptive1500k_phys_wave3_20260718/qcd_hardqcd_importance_adaptive1500k_phys_wave3_20260718_bin00_pthat50to75_shard1085_seed1201085_bundle.tar.gz,af768929,/uscms_data/d3/iturkmen/hh4b_delphes/condor_return/qcd_hardqcd_importance_adaptive1500k_phys_wave3_20260718/receipts/qcd_hardqcd_importance_adaptive1500k_phys_wave3_20260718_84901352_job52_bin0_shard1085_receipt.json
wave3,wave3_original,qcd_hardqcd_importance_adaptive1500k_phys_wave3_20260718,84901352,0,50,75,1086,1201086,10000,train,qcd-adaptive-wave3-trainval-v1,c9a3a1aaf1a57c9c0a2c09a53683d28f1126ca67a80ef444e2bf195e24a07758,1b2041245162de8360defdc502404e0696496c50773d4aa7f043798651a9517c,/store/user/iturkmen/hh4b_delphes/run2_13tev/frozen_v2/bundles/qcd_hardqcd_importance_adaptive1500k_phys_wave3_20260718/qcd_hardqcd_importance_adaptive1500k_phys_wave3_20260718_bin00_pthat50to75_shard1086_seed1201086_bundle.tar.gz,3ca9bc1a,/uscms_data/d3/iturkmen/hh4b_delphes/condor_return/qcd_hardqcd_importance_adaptive1500k_phys_wave3_20260718/receipts/qcd_hardqcd_importance_adaptive1500k_phys_wave3_20260718_84901352_job53_bin0_shard1086_receipt.json
wave3,wave3_original,qcd_hardqcd_importance_adaptive1500k_phys_wave3_20260718,84901352,0,50,75,1087,1201087,10000,validation,qcd-adaptive-wave3-trainval-v1,c9a3a1aaf1a57c9c0a2c09a53683d28f1126ca67a80ef444e2bf195e24a07758,1b2041245162de8360defdc502404e0696496c50773d4aa7f043798651a9517c,/store/user/iturkmen/hh4b_delphes/run2_13tev/frozen_v2/bundles/qcd_hardqcd_importance_adaptive1500k_phys_wave3_20260718/qcd_hardqcd_importance_adaptive1500k_phys_wave3_20260718_bin00_pthat50to75_shard1087_seed1201087_bundle.tar.gz,8cbcd95d,/uscms_data/d3/iturkmen/hh4b_delphes/condor_return/qcd_hardqcd_importance_adaptive1500k_phys_wave3_20260718/receipts/qcd_hardqcd_importance_adaptive1500k_phys_wave3_20260718_84901352_job54_bin0_shard1087_receipt.json
wave3,wave3_original,qcd_hardqcd_importance_adaptive1500k_phys_wave3_20260718,84901352,0,50,75,1088,1201088,10000,train,qcd-adaptive-wave3-trainval-v1,c9a3a1aaf1a57c9c0a2c09a53683d28f1126ca67a80ef444e2bf195e24a07758,1b2041245162de8360defdc502404e0696496c50773d4aa7f043798651a9517c,/store/user/iturkmen/hh4b_delphes/run2_13tev/frozen_v2/bundles/qcd_hardqcd_importance_adaptive1500k_phys_wave3_20260718/qcd_hardqcd_importance_adaptive1500k_phys_wave3_20260718_bin00_pthat50to75_shard1088_seed1201088_bundle.tar.gz,a02a313c,/uscms_data/d3/iturkmen/hh4b_delphes/condor_return/qcd_hardqcd_importance_adaptive1500k_phys_wave3_20260718/receipts/qcd_hardqcd_importance_adaptive1500k_phys_wave3_20260718_84901352_job55_bin0_shard1088_receipt.json
wave3,wave3_original,qcd_hardqcd_importance_adaptive1500k_phys_wave3_20260718,84901352,0,50,75,1089,1201089,10000,validation,qcd-adaptive-wave3-trainval-v1,c9a3a1aaf1a57c9c0a2c09a53683d28f1126ca67a80ef444e2bf195e24a07758,1b2041245162de8360defdc502404e0696496c50773d4aa7f043798651a9517c,/store/user/iturkmen/hh4b_delphes/run2_13tev/frozen_v2/bundles/qcd_hardqcd_importance_adaptive1500k_phys_wave3_20260718/qcd_hardqcd_importance_adaptive1500k_phys_wave3_20260718_bin00_pthat50to75_shard1089_seed1201089_bundle.tar.gz,f67f44a6,/uscms_data/d3/iturkmen/hh4b_delphes/condor_return/qcd_hardqcd_importance_adaptive1500k_phys_wave3_20260718/receipts/qcd_hardqcd_importance_adaptive1500k_phys_wave3_20260718_84901352_job56_bin0_shard1089_receipt.json
wave3,wave3_original,qcd_hardqcd_importance_adaptive1500k_phys_wave3_20260718,84901352,0,50,75,1090,1201090,10000,train,qcd-adaptive-wave3-trainval-v1,c9a3a1aaf1a57c9c0a2c09a53683d28f1126ca67a80ef444e2bf195e24a07758,1b2041245162de8360defdc502404e0696496c50773d4aa7f043798651a9517c,/store/user/iturkmen/hh4b_delphes/run2_13tev/frozen_v2/bundles/qcd_hardqcd_importance_adaptive1500k_phys_wave3_20260718/qcd_hardqcd_importance_adaptive1500k_phys_wave3_20260718_bin00_pthat50to75_shard1090_seed1201090_bundle.tar.gz,d9bb0f78,/uscms_data/d3/iturkmen/hh4b_delphes/condor_return/qcd_hardqcd_importance_adaptive1500k_phys_wave3_20260718/receipts/qcd_hardqcd_importance_adaptive1500k_phys_wave3_20260718_84901352_job57_bin0_shard1090_receipt.json
wave3,wave3_original,qcd_hardqcd_importance_adaptive1500k_phys_wave3_20260718,84901352,0,50,75,1091,1201091,10000,train,qcd-adaptive-wave3-trainval-v1,c9a3a1aaf1a57c9c0a2c09a53683d28f1126ca67a80ef444e2bf195e24a07758,1b2041245162de8360defdc502404e0696496c50773d4aa7f043798651a9517c,/store/user/iturkmen/hh4b_delphes/run2_13tev/frozen_v2/bundles/qcd_hardqcd_importance_adaptive1500k_phys_wave3_20260718/qcd_hardqcd_importance_adaptive1500k_phys_wave3_20260718_bin00_pthat50to75_shard1091_seed1201091_bundle.tar.gz,b4ca02de,/uscms_data/d3/iturkmen/hh4b_delphes/condor_return/qcd_hardqcd_importance_adaptive1500k_phys_wave3_20260718/receipts/qcd_hardqcd_importance_adaptive1500k_phys_wave3_20260718_84901352_job58_bin0_shard1091_receipt.json
wave3,wave3_original,qcd_hardqcd_importance_adaptive1500k_phys_wave3_20260718,84901352,0,50,75,1092,1201092,10000,train,qcd-adaptive-wave3-trainval-v1,c9a3a1aaf1a57c9c0a2c09a53683d28f1126ca67a80ef444e2bf195e24a07758,1b2041245162de8360defdc502404e0696496c50773d4aa7f043798651a9517c,/store/user/iturkmen/hh4b_delphes/run2_13tev/frozen_v2/bundles/qcd_hardqcd_importance_adaptive1500k_phys_wave3_20260718/qcd_hardqcd_importance_adaptive1500k_phys_wave3_20260718_bin00_pthat50to75_shard1092_seed1201092_bundle.tar.gz,fd2300fa,/uscms_data/d3/iturkmen/hh4b_delphes/condor_return/qcd_hardqcd_importance_adaptive1500k_phys_wave3_20260718/receipts/qcd_hardqcd_importance_adaptive1500k_phys_wave3_20260718_84901352_job59_bin0_shard1092_receipt.json
wave3,wave3_original,qcd_hardqcd_importance_adaptive1500k_phys_wave3_20260718,84901352,0,50,75,1093,1201093,10000,validation,qcd-adaptive-wave3-trainval-v1,c9a3a1aaf1a57c9c0a2c09a53683d28f1126ca67a80ef444e2bf195e24a07758,1b2041245162de8360defdc502404e0696496c50773d4aa7f043798651a9517c,/store/user/iturkmen/hh4b_delphes/run2_13tev/frozen_v2/bundles/qcd_hardqcd_importance_adaptive1500k_phys_wave3_20260718/qcd_hardqcd_importance_adaptive1500k_phys_wave3_20260718_bin00_pthat50to75_shard1093_seed1201093_bundle.tar.gz,d94f863f,/uscms_data/d3/iturkmen/hh4b_delphes/condor_return/qcd_hardqcd_importance_adaptive1500k_phys_wave3_20260718/receipts/qcd_hardqcd_importance_adaptive1500k_phys_wave3_20260718_84901352_job60_bin0_shard1093_receipt.json
wave3,wave3_original,qcd_hardqcd_importance_adaptive1500k_phys_wave3_20260718,84901352,0,50,75,1094,1201094,10000,train,qcd-adaptive-wave3-trainval-v1,c9a3a1aaf1a57c9c0a2c09a53683d28f1126ca67a80ef444e2bf195e24a07758,1b2041245162de8360defdc502404e0696496c50773d4aa7f043798651a9517c,/store/user/iturkmen/hh4b_delphes/run2_13tev/frozen_v2/bundles/qcd_hardqcd_importance_adaptive1500k_phys_wave3_20260718/qcd_hardqcd_importance_adaptive1500k_phys_wave3_20260718_bin00_pthat50to75_shard1094_seed1201094_bundle.tar.gz,122fcd30,/uscms_data/d3/iturkmen/hh4b_delphes/condor_return/qcd_hardqcd_importance_adaptive1500k_phys_wave3_20260718/receipts/qcd_hardqcd_importance_adaptive1500k_phys_wave3_20260718_84901352_job61_bin0_shard1094_receipt.json
wave3,wave3_original,qcd_hardqcd_importance_adaptive1500k_phys_wave3_20260718,84901352,0,50,75,1095,1201095,10000,validation,qcd-adaptive-wave3-trainval-v1,c9a3a1aaf1a57c9c0a2c09a53683d28f1126ca67a80ef444e2bf195e24a07758,1b2041245162de8360defdc502404e0696496c50773d4aa7f043798651a9517c,/store/user/iturkmen/hh4b_delphes/run2_13tev/frozen_v2/bundles/qcd_hardqcd_importance_adaptive1500k_phys_wave3_20260718/qcd_hardqcd_importance_adaptive1500k_phys_wave3_20260718_bin00_pthat50to75_shard1095_seed1201095_bundle.tar.gz,3ec817c9,/uscms_data/d3/iturkmen/hh4b_delphes/condor_return/qcd_hardqcd_importance_adaptive1500k_phys_wave3_20260718/receipts/qcd_hardqcd_importance_adaptive1500k_phys_wave3_20260718_84901352_job62_bin0_shard1095_receipt.json
wave3,wave3_original,qcd_hardqcd_importance_adaptive1500k_phys_wave3_20260718,84901352,0,50,75,1096,1201096,10000,train,qcd-adaptive-wave3-trainval-v1,c9a3a1aaf1a57c9c0a2c09a53683d28f1126ca67a80ef444e2bf195e24a07758,1b2041245162de8360defdc502404e0696496c50773d4aa7f043798651a9517c,/store/user/iturkmen/hh4b_delphes/run2_13tev/frozen_v2/bundles/qcd_hardqcd_importance_adaptive1500k_phys_wave3_20260718/qcd_hardqcd_importance_adaptive1500k_phys_wave3_20260718_bin00_pthat50to75_shard1096_seed1201096_bundle.tar.gz,21887ffd,/uscms_data/d3/iturkmen/hh4b_delphes/condor_return/qcd_hardqcd_importance_adaptive1500k_phys_wave3_20260718/receipts/qcd_hardqcd_importance_adaptive1500k_phys_wave3_20260718_84901352_job63_bin0_shard1096_receipt.json
wave3,wave3_original,qcd_hardqcd_importance_adaptive1500k_phys_wave3_20260718,84901352,0,50,75,1097,1201097,10000,train,qcd-adaptive-wave3-trainval-v1,c9a3a1aaf1a57c9c0a2c09a53683d28f1126ca67a80ef444e2bf195e24a07758,1b2041245162de8360defdc502404e0696496c50773d4aa7f043798651a9517c,/store/user/iturkmen/hh4b_delphes/run2_13tev/frozen_v2/bundles/qcd_hardqcd_importance_adaptive1500k_phys_wave3_20260718/qcd_hardqcd_importance_adaptive1500k_phys_wave3_20260718_bin00_pthat50to75_shard1097_seed1201097_bundle.tar.gz,c596e997,/uscms_data/d3/iturkmen/hh4b_delphes/condor_return/qcd_hardqcd_importance_adaptive1500k_phys_wave3_20260718/receipts/qcd_hardqcd_importance_adaptive1500k_phys_wave3_20260718_84901352_job64_bin0_shard1097_receipt.json
wave3,wave3_original,qcd_hardqcd_importance_adaptive1500k_phys_wave3_20260718,84901352,0,50,75,1098,1201098,10000,train,qcd-adaptive-wave3-trainval-v1,c9a3a1aaf1a57c9c0a2c09a53683d28f1126ca67a80ef444e2bf195e24a07758,1b2041245162de8360defdc502404e0696496c50773d4aa7f043798651a9517c,/store/user/iturkmen/hh4b_delphes/run2_13tev/frozen_v2/bundles/qcd_hardqcd_importance_adaptive1500k_phys_wave3_20260718/qcd_hardqcd_importance_adaptive1500k_phys_wave3_20260718_bin00_pthat50to75_shard1098_seed1201098_bundle.tar.gz,8c8ce3f9,/uscms_data/d3/iturkmen/hh4b_delphes/condor_return/qcd_hardqcd_importance_adaptive1500k_phys_wave3_20260718/receipts/qcd_hardqcd_importance_adaptive1500k_phys_wave3_20260718_84901352_job65_bin0_shard1098_receipt.json
wave3,wave3_original,qcd_hardqcd_importance_adaptive1500k_phys_wave3_20260718,84901352,0,50,75,1099,1201099,10000,train,qcd-adaptive-wave3-trainval-v1,c9a3a1aaf1a57c9c0a2c09a53683d28f1126ca67a80ef444e2bf195e24a07758,1b2041245162de8360defdc502404e0696496c50773d4aa7f043798651a9517c,/store/user/iturkmen/hh4b_delphes/run2_13tev/frozen_v2/bundles/qcd_hardqcd_importance_adaptive1500k_phys_wave3_20260718/qcd_hardqcd_importance_adaptive1500k_phys_wave3_20260718_bin00_pthat50to75_shard1099_seed1201099_bundle.tar.gz,c7aa51f5,/uscms_data/d3/iturkmen/hh4b_delphes/condor_return/qcd_hardqcd_importance_adaptive1500k_phys_wave3_20260718/receipts/qcd_hardqcd_importance_adaptive1500k_phys_wave3_20260718_84901352_job66_bin0_shard1099_receipt.json
wave3,wave3_original,qcd_hardqcd_importance_adaptive1500k_phys_wave3_20260718,84901352,0,50,75,1100,1201100,10000,train,qcd-adaptive-wave3-trainval-v1,c9a3a1aaf1a57c9c0a2c09a53683d28f1126ca67a80ef444e2bf195e24a07758,1b2041245162de8360defdc502404e0696496c50773d4aa7f043798651a9517c,/store/user/iturkmen/hh4b_delphes/run2_13tev/frozen_v2/bundles/qcd_hardqcd_importance_adaptive1500k_phys_wave3_20260718/qcd_hardqcd_importance_adaptive1500k_phys_wave3_20260718_bin00_pthat50to75_shard1100_seed1201100_bundle.tar.gz,4adeb8ce,/uscms_data/d3/iturkmen/hh4b_delphes/condor_return/qcd_hardqcd_importance_adaptive1500k_phys_wave3_20260718/receipts/qcd_hardqcd_importance_adaptive1500k_phys_wave3_20260718_84901352_job67_bin0_shard1100_receipt.json
wave3,wave3_original,qcd_hardqcd_importance_adaptive1500k_phys_wave3_20260718,84901352,0,50,75,1101,1201101,10000,train,qcd-adaptive-wave3-trainval-v1,c9a3a1aaf1a57c9c0a2c09a53683d28f1126ca67a80ef444e2bf195e24a07758,1b2041245162de8360defdc502404e0696496c50773d4aa7f043798651a9517c,/store/user/iturkmen/hh4b_delphes/run2_13tev/frozen_v2/bundles/qcd_hardqcd_importance_adaptive1500k_phys_wave3_20260718/qcd_hardqcd_importance_adaptive1500k_phys_wave3_20260718_bin00_pthat50to75_shard1101_seed1201101_bundle.tar.gz,44680d78,/uscms_data/d3/iturkmen/hh4b_delphes/condor_return/qcd_hardqcd_importance_adaptive1500k_phys_wave3_20260718/receipts/qcd_hardqcd_importance_adaptive1500k_phys_wave3_20260718_84901352_job68_bin0_shard1101_receipt.json
wave3,wave3_original,qcd_hardqcd_importance_adaptive1500k_phys_wave3_20260718,84901352,0,50,75,1102,1201102,10000,train,qcd-adaptive-wave3-trainval-v1,c9a3a1aaf1a57c9c0a2c09a53683d28f1126ca67a80ef444e2bf195e24a07758,1b2041245162de8360defdc502404e0696496c50773d4aa7f043798651a9517c,/store/user/iturkmen/hh4b_delphes/run2_13tev/frozen_v2/bundles/qcd_hardqcd_importance_adaptive1500k_phys_wave3_20260718/qcd_hardqcd_importance_adaptive1500k_phys_wave3_20260718_bin00_pthat50to75_shard1102_seed1201102_bundle.tar.gz,91a3e4d2,/uscms_data/d3/iturkmen/hh4b_delphes/condor_return/qcd_hardqcd_importance_adaptive1500k_phys_wave3_20260718/receipts/qcd_hardqcd_importance_adaptive1500k_phys_wave3_20260718_84901352_job69_bin0_shard1102_receipt.json
wave3,wave3_original,qcd_hardqcd_importance_adaptive1500k_phys_wave3_20260718,84901352,0,50,75,1103,1201103,10000,validation,qcd-adaptive-wave3-trainval-v1,c9a3a1aaf1a57c9c0a2c09a53683d28f1126ca67a80ef444e2bf195e24a07758,1b2041245162de8360defdc502404e0696496c50773d4aa7f043798651a9517c,/store/user/iturkmen/hh4b_delphes/run2_13tev/frozen_v2/bundles/qcd_hardqcd_importance_adaptive1500k_phys_wave3_20260718/qcd_hardqcd_importance_adaptive1500k_phys_wave3_20260718_bin00_pthat50to75_shard1103_seed1201103_bundle.tar.gz,fa30a34b,/uscms_data/d3/iturkmen/hh4b_delphes/condor_return/qcd_hardqcd_importance_adaptive1500k_phys_wave3_20260718/receipts/qcd_hardqcd_importance_adaptive1500k_phys_wave3_20260718_84901352_job70_bin0_shard1103_receipt.json
wave3,wave3_original,qcd_hardqcd_importance_adaptive1500k_phys_wave3_20260718,84901352,0,50,75,1104,1201104,10000,train,qcd-adaptive-wave3-trainval-v1,c9a3a1aaf1a57c9c0a2c09a53683d28f1126ca67a80ef444e2bf195e24a07758,1b2041245162de8360defdc502404e0696496c50773d4aa7f043798651a9517c,/store/user/iturkmen/hh4b_delphes/run2_13tev/frozen_v2/bundles/qcd_hardqcd_importance_adaptive1500k_phys_wave3_20260718/qcd_hardqcd_importance_adaptive1500k_phys_wave3_20260718_bin00_pthat50to75_shard1104_seed1201104_bundle.tar.gz,abc0f9c8,/uscms_data/d3/iturkmen/hh4b_delphes/condor_return/qcd_hardqcd_importance_adaptive1500k_phys_wave3_20260718/receipts/qcd_hardqcd_importance_adaptive1500k_phys_wave3_20260718_84901352_job71_bin0_shard1104_receipt.json
wave3,wave3_original,qcd_hardqcd_importance_adaptive1500k_phys_wave3_20260718,84901352,0,50,75,1105,1201105,10000,train,qcd-adaptive-wave3-trainval-v1,c9a3a1aaf1a57c9c0a2c09a53683d28f1126ca67a80ef444e2bf195e24a07758,1b2041245162de8360defdc502404e0696496c50773d4aa7f043798651a9517c,/store/user/iturkmen/hh4b_delphes/run2_13tev/frozen_v2/bundles/qcd_hardqcd_importance_adaptive1500k_phys_wave3_20260718/qcd_hardqcd_importance_adaptive1500k_phys_wave3_20260718_bin00_pthat50to75_shard1105_seed1201105_bundle.tar.gz,d00d7a53,/uscms_data/d3/iturkmen/hh4b_delphes/condor_return/qcd_hardqcd_importance_adaptive1500k_phys_wave3_20260718/receipts/qcd_hardqcd_importance_adaptive1500k_phys_wave3_20260718_84901352_job72_bin0_shard1105_receipt.json
wave3,wave3_original,qcd_hardqcd_importance_adaptive1500k_phys_wave3_20260718,84901352,1,75,100,1106,1211106,10000,train,qcd-adaptive-wave3-trainval-v1,c9a3a1aaf1a57c9c0a2c09a53683d28f1126ca67a80ef444e2bf195e24a07758,1b2041245162de8360defdc502404e0696496c50773d4aa7f043798651a9517c,/store/user/iturkmen/hh4b_delphes/run2_13tev/frozen_v2/bundles/qcd_hardqcd_importance_adaptive1500k_phys_wave3_20260718/qcd_hardqcd_importance_adaptive1500k_phys_wave3_20260718_bin01_pthat75to100_shard1106_seed1211106_bundle.tar.gz,aef0cac0,/uscms_data/d3/iturkmen/hh4b_delphes/condor_return/qcd_hardqcd_importance_adaptive1500k_phys_wave3_20260718/receipts/qcd_hardqcd_importance_adaptive1500k_phys_wave3_20260718_84901352_job73_bin1_shard1106_receipt.json
wave3,wave3_original,qcd_hardqcd_importance_adaptive1500k_phys_wave3_20260718,84901352,1,75,100,1107,1211107,10000,train,qcd-adaptive-wave3-trainval-v1,c9a3a1aaf1a57c9c0a2c09a53683d28f1126ca67a80ef444e2bf195e24a07758,1b2041245162de8360defdc502404e0696496c50773d4aa7f043798651a9517c,/store/user/iturkmen/hh4b_delphes/run2_13tev/frozen_v2/bundles/qcd_hardqcd_importance_adaptive1500k_phys_wave3_20260718/qcd_hardqcd_importance_adaptive1500k_phys_wave3_20260718_bin01_pthat75to100_shard1107_seed1211107_bundle.tar.gz,b39fdcad,/uscms_data/d3/iturkmen/hh4b_delphes/condor_return/qcd_hardqcd_importance_adaptive1500k_phys_wave3_20260718/receipts/qcd_hardqcd_importance_adaptive1500k_phys_wave3_20260718_84901352_job74_bin1_shard1107_receipt.json
wave3,wave3_original,qcd_hardqcd_importance_adaptive1500k_phys_wave3_20260718,84901352,1,75,100,1108,1211108,10000,train,qcd-adaptive-wave3-trainval-v1,c9a3a1aaf1a57c9c0a2c09a53683d28f1126ca67a80ef444e2bf195e24a07758,1b2041245162de8360defdc502404e0696496c50773d4aa7f043798651a9517c,/store/user/iturkmen/hh4b_delphes/run2_13tev/frozen_v2/bundles/qcd_hardqcd_importance_adaptive1500k_phys_wave3_20260718/qcd_hardqcd_importance_adaptive1500k_phys_wave3_20260718_bin01_pthat75to100_shard1108_seed1211108_bundle.tar.gz,260da8a7,/uscms_data/d3/iturkmen/hh4b_delphes/condor_return/qcd_hardqcd_importance_adaptive1500k_phys_wave3_20260718/receipts/qcd_hardqcd_importance_adaptive1500k_phys_wave3_20260718_84901352_job75_bin1_shard1108_receipt.json
wave3,wave3_original,qcd_hardqcd_importance_adaptive1500k_phys_wave3_20260718,84901352,1,75,100,1109,1211109,10000,train,qcd-adaptive-wave3-trainval-v1,c9a3a1aaf1a57c9c0a2c09a53683d28f1126ca67a80ef444e2bf195e24a07758,1b2041245162de8360defdc502404e0696496c50773d4aa7f043798651a9517c,/store/user/iturkmen/hh4b_delphes/run2_13tev/frozen_v2/bundles/qcd_hardqcd_importance_adaptive1500k_phys_wave3_20260718/qcd_hardqcd_importance_adaptive1500k_phys_wave3_20260718_bin01_pthat75to100_shard1109_seed1211109_bundle.tar.gz,579b18df,/uscms_data/d3/iturkmen/hh4b_delphes/condor_return/qcd_hardqcd_importance_adaptive1500k_phys_wave3_20260718/receipts/qcd_hardqcd_importance_adaptive1500k_phys_wave3_20260718_84901352_job76_bin1_shard1109_receipt.json
wave3,wave3_original,qcd_hardqcd_importance_adaptive1500k_phys_wave3_20260718,84901352,1,75,100,1110,1211110,10000,train,qcd-adaptive-wave3-trainval-v1,c9a3a1aaf1a57c9c0a2c09a53683d28f1126ca67a80ef444e2bf195e24a07758,1b2041245162de8360defdc502404e0696496c50773d4aa7f043798651a9517c,/store/user/iturkmen/hh4b_delphes/run2_13tev/frozen_v2/bundles/qcd_hardqcd_importance_adaptive1500k_phys_wave3_20260718/qcd_hardqcd_importance_adaptive1500k_phys_wave3_20260718_bin01_pthat75to100_shard1110_seed1211110_bundle.tar.gz,53b00dd0,/uscms_data/d3/iturkmen/hh4b_delphes/condor_return/qcd_hardqcd_importance_adaptive1500k_phys_wave3_20260718/receipts/qcd_hardqcd_importance_adaptive1500k_phys_wave3_20260718_84901352_job77_bin1_shard1110_receipt.json
wave3,wave3_original,qcd_hardqcd_importance_adaptive1500k_phys_wave3_20260718,84901352,1,75,100,1111,1211111,10000,validation,qcd-adaptive-wave3-trainval-v1,c9a3a1aaf1a57c9c0a2c09a53683d28f1126ca67a80ef444e2bf195e24a07758,1b2041245162de8360defdc502404e0696496c50773d4aa7f043798651a9517c,/store/user/iturkmen/hh4b_delphes/run2_13tev/frozen_v2/bundles/qcd_hardqcd_importance_adaptive1500k_phys_wave3_20260718/qcd_hardqcd_importance_adaptive1500k_phys_wave3_20260718_bin01_pthat75to100_shard1111_seed1211111_bundle.tar.gz,9be29493,/uscms_data/d3/iturkmen/hh4b_delphes/condor_return/qcd_hardqcd_importance_adaptive1500k_phys_wave3_20260718/receipts/qcd_hardqcd_importance_adaptive1500k_phys_wave3_20260718_84901352_job78_bin1_shard1111_receipt.json
wave3,wave3_original,qcd_hardqcd_importance_adaptive1500k_phys_wave3_20260718,84901352,1,75,100,1112,1211112,10000,validation,qcd-adaptive-wave3-trainval-v1,c9a3a1aaf1a57c9c0a2c09a53683d28f1126ca67a80ef444e2bf195e24a07758,1b2041245162de8360defdc502404e0696496c50773d4aa7f043798651a9517c,/store/user/iturkmen/hh4b_delphes/run2_13tev/frozen_v2/bundles/qcd_hardqcd_importance_adaptive1500k_phys_wave3_20260718/qcd_hardqcd_importance_adaptive1500k_phys_wave3_20260718_bin01_pthat75to100_shard1112_seed1211112_bundle.tar.gz,fe9ca009,/uscms_data/d3/iturkmen/hh4b_delphes/condor_return/qcd_hardqcd_importance_adaptive1500k_phys_wave3_20260718/receipts/qcd_hardqcd_importance_adaptive1500k_phys_wave3_20260718_84901352_job79_bin1_shard1112_receipt.json
wave3,wave3_original,qcd_hardqcd_importance_adaptive1500k_phys_wave3_20260718,84901352,1,75,100,1113,1211113,10000,train,qcd-adaptive-wave3-trainval-v1,c9a3a1aaf1a57c9c0a2c09a53683d28f1126ca67a80ef444e2bf195e24a07758,1b2041245162de8360defdc502404e0696496c50773d4aa7f043798651a9517c,/store/user/iturkmen/hh4b_delphes/run2_13tev/frozen_v2/bundles/qcd_hardqcd_importance_adaptive1500k_phys_wave3_20260718/qcd_hardqcd_importance_adaptive1500k_phys_wave3_20260718_bin01_pthat75to100_shard1113_seed1211113_bundle.tar.gz,9f839182,/uscms_data/d3/iturkmen/hh4b_delphes/condor_return/qcd_hardqcd_importance_adaptive1500k_phys_wave3_20260718/receipts/qcd_hardqcd_importance_adaptive1500k_phys_wave3_20260718_84901352_job80_bin1_shard1113_receipt.json
wave3,wave3_original,qcd_hardqcd_importance_adaptive1500k_phys_wave3_20260718,84901352,1,75,100,1114,1211114,10000,train,qcd-adaptive-wave3-trainval-v1,c9a3a1aaf1a57c9c0a2c09a53683d28f1126ca67a80ef444e2bf195e24a07758,1b2041245162de8360defdc502404e0696496c50773d4aa7f043798651a9517c,/store/user/iturkmen/hh4b_delphes/run2_13tev/frozen_v2/bundles/qcd_hardqcd_importance_adaptive1500k_phys_wave3_20260718/qcd_hardqcd_importance_adaptive1500k_phys_wave3_20260718_bin01_pthat75to100_shard1114_seed1211114_bundle.tar.gz,d8798836,/uscms_data/d3/iturkmen/hh4b_delphes/condor_return/qcd_hardqcd_importance_adaptive1500k_phys_wave3_20260718/receipts/qcd_hardqcd_importance_adaptive1500k_phys_wave3_20260718_84901352_job81_bin1_shard1114_receipt.json
wave3,wave3_original,qcd_hardqcd_importance_adaptive1500k_phys_wave3_20260718,84901352,1,75,100,1115,1211115,10000,train,qcd-adaptive-wave3-trainval-v1,c9a3a1aaf1a57c9c0a2c09a53683d28f1126ca67a80ef444e2bf195e24a07758,1b2041245162de8360defdc502404e0696496c50773d4aa7f043798651a9517c,/store/user/iturkmen/hh4b_delphes/run2_13tev/frozen_v2/bundles/qcd_hardqcd_importance_adaptive1500k_phys_wave3_20260718/qcd_hardqcd_importance_adaptive1500k_phys_wave3_20260718_bin01_pthat75to100_shard1115_seed1211115_bundle.tar.gz,4c814a1d,/uscms_data/d3/iturkmen/hh4b_delphes/condor_return/qcd_hardqcd_importance_adaptive1500k_phys_wave3_20260718/receipts/qcd_hardqcd_importance_adaptive1500k_phys_wave3_20260718_84901352_job82_bin1_shard1115_receipt.json
wave3,wave3_original,qcd_hardqcd_importance_adaptive1500k_phys_wave3_20260718,84901352,1,75,100,1116,1211116,10000,train,qcd-adaptive-wave3-trainval-v1,c9a3a1aaf1a57c9c0a2c09a53683d28f1126ca67a80ef444e2bf195e24a07758,1b2041245162de8360defdc502404e0696496c50773d4aa7f043798651a9517c,/store/user/iturkmen/hh4b_delphes/run2_13tev/frozen_v2/bundles/qcd_hardqcd_importance_adaptive1500k_phys_wave3_20260718/qcd_hardqcd_importance_adaptive1500k_phys_wave3_20260718_bin01_pthat75to100_shard1116_seed1211116_bundle.tar.gz,e4b0e60f,/uscms_data/d3/iturkmen/hh4b_delphes/condor_return/qcd_hardqcd_importance_adaptive1500k_phys_wave3_20260718/receipts/qcd_hardqcd_importance_adaptive1500k_phys_wave3_20260718_84901352_job83_bin1_shard1116_receipt.json
wave3,wave3_original,qcd_hardqcd_importance_adaptive1500k_phys_wave3_20260718,84901352,1,75,100,1117,1211117,10000,train,qcd-adaptive-wave3-trainval-v1,c9a3a1aaf1a57c9c0a2c09a53683d28f1126ca67a80ef444e2bf195e24a07758,1b2041245162de8360defdc502404e0696496c50773d4aa7f043798651a9517c,/store/user/iturkmen/hh4b_delphes/run2_13tev/frozen_v2/bundles/qcd_hardqcd_importance_adaptive1500k_phys_wave3_20260718/qcd_hardqcd_importance_adaptive1500k_phys_wave3_20260718_bin01_pthat75to100_shard1117_seed1211117_bundle.tar.gz,3712a5ee,/uscms_data/d3/iturkmen/hh4b_delphes/condor_return/qcd_hardqcd_importance_adaptive1500k_phys_wave3_20260718/receipts/qcd_hardqcd_importance_adaptive1500k_phys_wave3_20260718_84901352_job84_bin1_shard1117_receipt.json
wave3,wave3_original,qcd_hardqcd_importance_adaptive1500k_phys_wave3_20260718,84901352,1,75,100,1118,1211118,10000,validation,qcd-adaptive-wave3-trainval-v1,c9a3a1aaf1a57c9c0a2c09a53683d28f1126ca67a80ef444e2bf195e24a07758,1b2041245162de8360defdc502404e0696496c50773d4aa7f043798651a9517c,/store/user/iturkmen/hh4b_delphes/run2_13tev/frozen_v2/bundles/qcd_hardqcd_importance_adaptive1500k_phys_wave3_20260718/qcd_hardqcd_importance_adaptive1500k_phys_wave3_20260718_bin01_pthat75to100_shard1118_seed1211118_bundle.tar.gz,e111ff4c,/uscms_data/d3/iturkmen/hh4b_delphes/condor_return/qcd_hardqcd_importance_adaptive1500k_phys_wave3_20260718/receipts/qcd_hardqcd_importance_adaptive1500k_phys_wave3_20260718_84901352_job85_bin1_shard1118_receipt.json
wave3,wave3_original,qcd_hardqcd_importance_adaptive1500k_phys_wave3_20260718,84901352,1,75,100,1119,1211119,10000,validation,qcd-adaptive-wave3-trainval-v1,c9a3a1aaf1a57c9c0a2c09a53683d28f1126ca67a80ef444e2bf195e24a07758,1b2041245162de8360defdc502404e0696496c50773d4aa7f043798651a9517c,/store/user/iturkmen/hh4b_delphes/run2_13tev/frozen_v2/bundles/qcd_hardqcd_importance_adaptive1500k_phys_wave3_20260718/qcd_hardqcd_importance_adaptive1500k_phys_wave3_20260718_bin01_pthat75to100_shard1119_seed1211119_bundle.tar.gz,4bdf0c6a,/uscms_data/d3/iturkmen/hh4b_delphes/condor_return/qcd_hardqcd_importance_adaptive1500k_phys_wave3_20260718/receipts/qcd_hardqcd_importance_adaptive1500k_phys_wave3_20260718_84901352_job86_bin1_shard1119_receipt.json
wave3,wave3_original,qcd_hardqcd_importance_adaptive1500k_phys_wave3_20260718,84901352,1,75,100,1120,1211120,10000,train,qcd-adaptive-wave3-trainval-v1,c9a3a1aaf1a57c9c0a2c09a53683d28f1126ca67a80ef444e2bf195e24a07758,1b2041245162de8360defdc502404e0696496c50773d4aa7f043798651a9517c,/store/user/iturkmen/hh4b_delphes/run2_13tev/frozen_v2/bundles/qcd_hardqcd_importance_adaptive1500k_phys_wave3_20260718/qcd_hardqcd_importance_adaptive1500k_phys_wave3_20260718_bin01_pthat75to100_shard1120_seed1211120_bundle.tar.gz,69fda929,/uscms_data/d3/iturkmen/hh4b_delphes/condor_return/qcd_hardqcd_importance_adaptive1500k_phys_wave3_20260718/receipts/qcd_hardqcd_importance_adaptive1500k_phys_wave3_20260718_84901352_job87_bin1_shard1120_receipt.json
wave3,wave3_original,qcd_hardqcd_importance_adaptive1500k_phys_wave3_20260718,84901352,1,75,100,1121,1211121,10000,train,qcd-adaptive-wave3-trainval-v1,c9a3a1aaf1a57c9c0a2c09a53683d28f1126ca67a80ef444e2bf195e24a07758,1b2041245162de8360defdc502404e0696496c50773d4aa7f043798651a9517c,/store/user/iturkmen/hh4b_delphes/run2_13tev/frozen_v2/bundles/qcd_hardqcd_importance_adaptive1500k_phys_wave3_20260718/qcd_hardqcd_importance_adaptive1500k_phys_wave3_20260718_bin01_pthat75to100_shard1121_seed1211121_bundle.tar.gz,93879309,/uscms_data/d3/iturkmen/hh4b_delphes/condor_return/qcd_hardqcd_importance_adaptive1500k_phys_wave3_20260718/receipts/qcd_hardqcd_importance_adaptive1500k_phys_wave3_20260718_84901352_job88_bin1_shard1121_receipt.json
wave3,wave3_original,qcd_hardqcd_importance_adaptive1500k_phys_wave3_20260718,84901352,1,75,100,1122,1211122,10000,train,qcd-adaptive-wave3-trainval-v1,c9a3a1aaf1a57c9c0a2c09a53683d28f1126ca67a80ef444e2bf195e24a07758,1b2041245162de8360defdc502404e0696496c50773d4aa7f043798651a9517c,/store/user/iturkmen/hh4b_delphes/run2_13tev/frozen_v2/bundles/qcd_hardqcd_importance_adaptive1500k_phys_wave3_20260718/qcd_hardqcd_importance_adaptive1500k_phys_wave3_20260718_bin01_pthat75to100_shard1122_seed1211122_bundle.tar.gz,464094ed,/uscms_data/d3/iturkmen/hh4b_delphes/condor_return/qcd_hardqcd_importance_adaptive1500k_phys_wave3_20260718/receipts/qcd_hardqcd_importance_adaptive1500k_phys_wave3_20260718_84901352_job89_bin1_shard1122_receipt.json
wave3,wave3_original,qcd_hardqcd_importance_adaptive1500k_phys_wave3_20260718,84901352,1,75,100,1123,1211123,10000,train,qcd-adaptive-wave3-trainval-v1,c9a3a1aaf1a57c9c0a2c09a53683d28f1126ca67a80ef444e2bf195e24a07758,1b2041245162de8360defdc502404e0696496c50773d4aa7f043798651a9517c,/store/user/iturkmen/hh4b_delphes/run2_13tev/frozen_v2/bundles/qcd_hardqcd_importance_adaptive1500k_phys_wave3_20260718/qcd_hardqcd_importance_adaptive1500k_phys_wave3_20260718_bin01_pthat75to100_shard1123_seed1211123_bundle.tar.gz,3da581c4,/uscms_data/d3/iturkmen/hh4b_delphes/condor_return/qcd_hardqcd_importance_adaptive1500k_phys_wave3_20260718/receipts/qcd_hardqcd_importance_adaptive1500k_phys_wave3_20260718_84901352_job90_bin1_shard1123_receipt.json
wave3,wave3_original,qcd_hardqcd_importance_adaptive1500k_phys_wave3_20260718,84901352,1,75,100,1124,1211124,10000,validation,qcd-adaptive-wave3-trainval-v1,c9a3a1aaf1a57c9c0a2c09a53683d28f1126ca67a80ef444e2bf195e24a07758,1b2041245162de8360defdc502404e0696496c50773d4aa7f043798651a9517c,/store/user/iturkmen/hh4b_delphes/run2_13tev/frozen_v2/bundles/qcd_hardqcd_importance_adaptive1500k_phys_wave3_20260718/qcd_hardqcd_importance_adaptive1500k_phys_wave3_20260718_bin01_pthat75to100_shard1124_seed1211124_bundle.tar.gz,760ce6be,/uscms_data/d3/iturkmen/hh4b_delphes/condor_return/qcd_hardqcd_importance_adaptive1500k_phys_wave3_20260718/receipts/qcd_hardqcd_importance_adaptive1500k_phys_wave3_20260718_84901352_job91_bin1_shard1124_receipt.json
wave3,wave3_original,qcd_hardqcd_importance_adaptive1500k_phys_wave3_20260718,84901352,1,75,100,1125,1211125,10000,train,qcd-adaptive-wave3-trainval-v1,c9a3a1aaf1a57c9c0a2c09a53683d28f1126ca67a80ef444e2bf195e24a07758,1b2041245162de8360defdc502404e0696496c50773d4aa7f043798651a9517c,/store/user/iturkmen/hh4b_delphes/run2_13tev/frozen_v2/bundles/qcd_hardqcd_importance_adaptive1500k_phys_wave3_20260718/qcd_hardqcd_importance_adaptive1500k_phys_wave3_20260718_bin01_pthat75to100_shard1125_seed1211125_bundle.tar.gz,dff6e4d8,/uscms_data/d3/iturkmen/hh4b_delphes/condor_return/qcd_hardqcd_importance_adaptive1500k_phys_wave3_20260718/receipts/qcd_hardqcd_importance_adaptive1500k_phys_wave3_20260718_84901352_job92_bin1_shard1125_receipt.json
wave3,wave3_original,qcd_hardqcd_importance_adaptive1500k_phys_wave3_20260718,84901352,1,75,100,1126,1211126,10000,train,qcd-adaptive-wave3-trainval-v1,c9a3a1aaf1a57c9c0a2c09a53683d28f1126ca67a80ef444e2bf195e24a07758,1b2041245162de8360defdc502404e0696496c50773d4aa7f043798651a9517c,/store/user/iturkmen/hh4b_delphes/run2_13tev/frozen_v2/bundles/qcd_hardqcd_importance_adaptive1500k_phys_wave3_20260718/qcd_hardqcd_importance_adaptive1500k_phys_wave3_20260718_bin01_pthat75to100_shard1126_seed1211126_bundle.tar.gz,24fe3c5b,/uscms_data/d3/iturkmen/hh4b_delphes/condor_return/qcd_hardqcd_importance_adaptive1500k_phys_wave3_20260718/receipts/qcd_hardqcd_importance_adaptive1500k_phys_wave3_20260718_84901352_job93_bin1_shard1126_receipt.json
wave3,wave3_original,qcd_hardqcd_importance_adaptive1500k_phys_wave3_20260718,84901352,1,75,100,1127,1211127,10000,train,qcd-adaptive-wave3-trainval-v1,c9a3a1aaf1a57c9c0a2c09a53683d28f1126ca67a80ef444e2bf195e24a07758,1b2041245162de8360defdc502404e0696496c50773d4aa7f043798651a9517c,/store/user/iturkmen/hh4b_delphes/run2_13tev/frozen_v2/bundles/qcd_hardqcd_importance_adaptive1500k_phys_wave3_20260718/qcd_hardqcd_importance_adaptive1500k_phys_wave3_20260718_bin01_pthat75to100_shard1127_seed1211127_bundle.tar.gz,2fefec20,/uscms_data/d3/iturkmen/hh4b_delphes/condor_return/qcd_hardqcd_importance_adaptive1500k_phys_wave3_20260718/receipts/qcd_hardqcd_importance_adaptive1500k_phys_wave3_20260718_84901352_job94_bin1_shard1127_receipt.json
wave3,wave3_original,qcd_hardqcd_importance_adaptive1500k_phys_wave3_20260718,84901352,1,75,100,1128,1211128,10000,validation,qcd-adaptive-wave3-trainval-v1,c9a3a1aaf1a57c9c0a2c09a53683d28f1126ca67a80ef444e2bf195e24a07758,1b2041245162de8360defdc502404e0696496c50773d4aa7f043798651a9517c,/store/user/iturkmen/hh4b_delphes/run2_13tev/frozen_v2/bundles/qcd_hardqcd_importance_adaptive1500k_phys_wave3_20260718/qcd_hardqcd_importance_adaptive1500k_phys_wave3_20260718_bin01_pthat75to100_shard1128_seed1211128_bundle.tar.gz,2d222212,/uscms_data/d3/iturkmen/hh4b_delphes/condor_return/qcd_hardqcd_importance_adaptive1500k_phys_wave3_20260718/receipts/qcd_hardqcd_importance_adaptive1500k_phys_wave3_20260718_84901352_job95_bin1_shard1128_receipt.json
wave3,wave3_original,qcd_hardqcd_importance_adaptive1500k_phys_wave3_20260718,84901352,1,75,100,1129,1211129,10000,train,qcd-adaptive-wave3-trainval-v1,c9a3a1aaf1a57c9c0a2c09a53683d28f1126ca67a80ef444e2bf195e24a07758,1b2041245162de8360defdc502404e0696496c50773d4aa7f043798651a9517c,/store/user/iturkmen/hh4b_delphes/run2_13tev/frozen_v2/bundles/qcd_hardqcd_importance_adaptive1500k_phys_wave3_20260718/qcd_hardqcd_importance_adaptive1500k_phys_wave3_20260718_bin01_pthat75to100_shard1129_seed1211129_bundle.tar.gz,8a0128eb,/uscms_data/d3/iturkmen/hh4b_delphes/condor_return/qcd_hardqcd_importance_adaptive1500k_phys_wave3_20260718/receipts/qcd_hardqcd_importance_adaptive1500k_phys_wave3_20260718_84901352_job96_bin1_shard1129_receipt.json
wave3,wave3_original,qcd_hardqcd_importance_adaptive1500k_phys_wave3_20260718,84901352,1,75,100,1130,1211130,10000,train,qcd-adaptive-wave3-trainval-v1,c9a3a1aaf1a57c9c0a2c09a53683d28f1126ca67a80ef444e2bf195e24a07758,1b2041245162de8360defdc502404e0696496c50773d4aa7f043798651a9517c,/store/user/iturkmen/hh4b_delphes/run2_13tev/frozen_v2/bundles/qcd_hardqcd_importance_adaptive1500k_phys_wave3_20260718/qcd_hardqcd_importance_adaptive1500k_phys_wave3_20260718_bin01_pthat75to100_shard1130_seed1211130_bundle.tar.gz,8e890138,/uscms_data/d3/iturkmen/hh4b_delphes/condor_return/qcd_hardqcd_importance_adaptive1500k_phys_wave3_20260718/receipts/qcd_hardqcd_importance_adaptive1500k_phys_wave3_20260718_84901352_job97_bin1_shard1130_receipt.json
wave3,wave3_original,qcd_hardqcd_importance_adaptive1500k_phys_wave3_20260718,84901352,1,75,100,1131,1211131,10000,train,qcd-adaptive-wave3-trainval-v1,c9a3a1aaf1a57c9c0a2c09a53683d28f1126ca67a80ef444e2bf195e24a07758,1b2041245162de8360defdc502404e0696496c50773d4aa7f043798651a9517c,/store/user/iturkmen/hh4b_delphes/run2_13tev/frozen_v2/bundles/qcd_hardqcd_importance_adaptive1500k_phys_wave3_20260718/qcd_hardqcd_importance_adaptive1500k_phys_wave3_20260718_bin01_pthat75to100_shard1131_seed1211131_bundle.tar.gz,fb0db710,/uscms_data/d3/iturkmen/hh4b_delphes/condor_return/qcd_hardqcd_importance_adaptive1500k_phys_wave3_20260718/receipts/qcd_hardqcd_importance_adaptive1500k_phys_wave3_20260718_84901352_job98_bin1_shard1131_receipt.json
wave3,wave3_original,qcd_hardqcd_importance_adaptive1500k_phys_wave3_20260718,84901352,1,75,100,1132,1211132,10000,validation,qcd-adaptive-wave3-trainval-v1,c9a3a1aaf1a57c9c0a2c09a53683d28f1126ca67a80ef444e2bf195e24a07758,1b2041245162de8360defdc502404e0696496c50773d4aa7f043798651a9517c,/store/user/iturkmen/hh4b_delphes/run2_13tev/frozen_v2/bundles/qcd_hardqcd_importance_adaptive1500k_phys_wave3_20260718/qcd_hardqcd_importance_adaptive1500k_phys_wave3_20260718_bin01_pthat75to100_shard1132_seed1211132_bundle.tar.gz,b1d7fb02,/uscms_data/d3/iturkmen/hh4b_delphes/condor_return/qcd_hardqcd_importance_adaptive1500k_phys_wave3_20260718/receipts/qcd_hardqcd_importance_adaptive1500k_phys_wave3_20260718_84901352_job99_bin1_shard1132_receipt.json
wave3,wave3_original,qcd_hardqcd_importance_adaptive1500k_phys_wave3_20260718,84901352,1,75,100,1133,1211133,10000,train,qcd-adaptive-wave3-trainval-v1,c9a3a1aaf1a57c9c0a2c09a53683d28f1126ca67a80ef444e2bf195e24a07758,1b2041245162de8360defdc502404e0696496c50773d4aa7f043798651a9517c,/store/user/iturkmen/hh4b_delphes/run2_13tev/frozen_v2/bundles/qcd_hardqcd_importance_adaptive1500k_phys_wave3_20260718/qcd_hardqcd_importance_adaptive1500k_phys_wave3_20260718_bin01_pthat75to100_shard1133_seed1211133_bundle.tar.gz,c5210c89,/uscms_data/d3/iturkmen/hh4b_delphes/condor_return/qcd_hardqcd_importance_adaptive1500k_phys_wave3_20260718/receipts/qcd_hardqcd_importance_adaptive1500k_phys_wave3_20260718_84901352_job100_bin1_shard1133_receipt.json
wave3,wave3_original,qcd_hardqcd_importance_adaptive1500k_phys_wave3_20260718,84901352,1,75,100,1134,1211134,10000,train,qcd-adaptive-wave3-trainval-v1,c9a3a1aaf1a57c9c0a2c09a53683d28f1126ca67a80ef444e2bf195e24a07758,1b2041245162de8360defdc502404e0696496c50773d4aa7f043798651a9517c,/store/user/iturkmen/hh4b_delphes/run2_13tev/frozen_v2/bundles/qcd_hardqcd_importance_adaptive1500k_phys_wave3_20260718/qcd_hardqcd_importance_adaptive1500k_phys_wave3_20260718_bin01_pthat75to100_shard1134_seed1211134_bundle.tar.gz,5a019dce,/uscms_data/d3/iturkmen/hh4b_delphes/condor_return/qcd_hardqcd_importance_adaptive1500k_phys_wave3_20260718/receipts/qcd_hardqcd_importance_adaptive1500k_phys_wave3_20260718_84901352_job101_bin1_shard1134_receipt.json
wave3,wave3_original,qcd_hardqcd_importance_adaptive1500k_phys_wave3_20260718,84901352,1,75,100,1135,1211135,10000,train,qcd-adaptive-wave3-trainval-v1,c9a3a1aaf1a57c9c0a2c09a53683d28f1126ca67a80ef444e2bf195e24a07758,1b2041245162de8360defdc502404e0696496c50773d4aa7f043798651a9517c,/store/user/iturkmen/hh4b_delphes/run2_13tev/frozen_v2/bundles/qcd_hardqcd_importance_adaptive1500k_phys_wave3_20260718/qcd_hardqcd_importance_adaptive1500k_phys_wave3_20260718_bin01_pthat75to100_shard1135_seed1211135_bundle.tar.gz,d3802736,/uscms_data/d3/iturkmen/hh4b_delphes/condor_return/qcd_hardqcd_importance_adaptive1500k_phys_wave3_20260718/receipts/qcd_hardqcd_importance_adaptive1500k_phys_wave3_20260718_84901352_job102_bin1_shard1135_receipt.json
wave3,wave3_original,qcd_hardqcd_importance_adaptive1500k_phys_wave3_20260718,84901352,1,75,100,1136,1211136,10000,train,qcd-adaptive-wave3-trainval-v1,c9a3a1aaf1a57c9c0a2c09a53683d28f1126ca67a80ef444e2bf195e24a07758,1b2041245162de8360defdc502404e0696496c50773d4aa7f043798651a9517c,/store/user/iturkmen/hh4b_delphes/run2_13tev/frozen_v2/bundles/qcd_hardqcd_importance_adaptive1500k_phys_wave3_20260718/qcd_hardqcd_importance_adaptive1500k_phys_wave3_20260718_bin01_pthat75to100_shard1136_seed1211136_bundle.tar.gz,cbc97154,/uscms_data/d3/iturkmen/hh4b_delphes/condor_return/qcd_hardqcd_importance_adaptive1500k_phys_wave3_20260718/receipts/qcd_hardqcd_importance_adaptive1500k_phys_wave3_20260718_84901352_job103_bin1_shard1136_receipt.json
wave3,wave3_original,qcd_hardqcd_importance_adaptive1500k_phys_wave3_20260718,84901352,1,75,100,1137,1211137,10000,train,qcd-adaptive-wave3-trainval-v1,c9a3a1aaf1a57c9c0a2c09a53683d28f1126ca67a80ef444e2bf195e24a07758,1b2041245162de8360defdc502404e0696496c50773d4aa7f043798651a9517c,/store/user/iturkmen/hh4b_delphes/run2_13tev/frozen_v2/bundles/qcd_hardqcd_importance_adaptive1500k_phys_wave3_20260718/qcd_hardqcd_importance_adaptive1500k_phys_wave3_20260718_bin01_pthat75to100_shard1137_seed1211137_bundle.tar.gz,09a525a4,/uscms_data/d3/iturkmen/hh4b_delphes/condor_return/qcd_hardqcd_importance_adaptive1500k_phys_wave3_20260718/receipts/qcd_hardqcd_importance_adaptive1500k_phys_wave3_20260718_84901352_job104_bin1_shard1137_receipt.json
wave3,wave3_original,qcd_hardqcd_importance_adaptive1500k_phys_wave3_20260718,84901352,1,75,100,1138,1211138,10000,validation,qcd-adaptive-wave3-trainval-v1,c9a3a1aaf1a57c9c0a2c09a53683d28f1126ca67a80ef444e2bf195e24a07758,1b2041245162de8360defdc502404e0696496c50773d4aa7f043798651a9517c,/store/user/iturkmen/hh4b_delphes/run2_13tev/frozen_v2/bundles/qcd_hardqcd_importance_adaptive1500k_phys_wave3_20260718/qcd_hardqcd_importance_adaptive1500k_phys_wave3_20260718_bin01_pthat75to100_shard1138_seed1211138_bundle.tar.gz,74732c5d,/uscms_data/d3/iturkmen/hh4b_delphes/condor_return/qcd_hardqcd_importance_adaptive1500k_phys_wave3_20260718/receipts/qcd_hardqcd_importance_adaptive1500k_phys_wave3_20260718_84901352_job105_bin1_shard1138_receipt.json
wave3,wave3_original,qcd_hardqcd_importance_adaptive1500k_phys_wave3_20260718,84901352,1,75,100,1139,1211139,10000,train,qcd-adaptive-wave3-trainval-v1,c9a3a1aaf1a57c9c0a2c09a53683d28f1126ca67a80ef444e2bf195e24a07758,1b2041245162de8360defdc502404e0696496c50773d4aa7f043798651a9517c,/store/user/iturkmen/hh4b_delphes/run2_13tev/frozen_v2/bundles/qcd_hardqcd_importance_adaptive1500k_phys_wave3_20260718/qcd_hardqcd_importance_adaptive1500k_phys_wave3_20260718_bin01_pthat75to100_shard1139_seed1211139_bundle.tar.gz,f1ff5fbd,/uscms_data/d3/iturkmen/hh4b_delphes/condor_return/qcd_hardqcd_importance_adaptive1500k_phys_wave3_20260718/receipts/qcd_hardqcd_importance_adaptive1500k_phys_wave3_20260718_84901352_job106_bin1_shard1139_receipt.json
wave3,wave3_original,qcd_hardqcd_importance_adaptive1500k_phys_wave3_20260718,84901352,1,75,100,1140,1211140,10000,train,qcd-adaptive-wave3-trainval-v1,c9a3a1aaf1a57c9c0a2c09a53683d28f1126ca67a80ef444e2bf195e24a07758,1b2041245162de8360defdc502404e0696496c50773d4aa7f043798651a9517c,/store/user/iturkmen/hh4b_delphes/run2_13tev/frozen_v2/bundles/qcd_hardqcd_importance_adaptive1500k_phys_wave3_20260718/qcd_hardqcd_importance_adaptive1500k_phys_wave3_20260718_bin01_pthat75to100_shard1140_seed1211140_bundle.tar.gz,453d7910,/uscms_data/d3/iturkmen/hh4b_delphes/condor_return/qcd_hardqcd_importance_adaptive1500k_phys_wave3_20260718/receipts/qcd_hardqcd_importance_adaptive1500k_phys_wave3_20260718_84901352_job107_bin1_shard1140_receipt.json
wave3,wave3_original,qcd_hardqcd_importance_adaptive1500k_phys_wave3_20260718,84901352,1,75,100,1141,1211141,10000,train,qcd-adaptive-wave3-trainval-v1,c9a3a1aaf1a57c9c0a2c09a53683d28f1126ca67a80ef444e2bf195e24a07758,1b2041245162de8360defdc502404e0696496c50773d4aa7f043798651a9517c,/store/user/iturkmen/hh4b_delphes/run2_13tev/frozen_v2/bundles/qcd_hardqcd_importance_adaptive1500k_phys_wave3_20260718/qcd_hardqcd_importance_adaptive1500k_phys_wave3_20260718_bin01_pthat75to100_shard1141_seed1211141_bundle.tar.gz,9d14a529,/uscms_data/d3/iturkmen/hh4b_delphes/condor_return/qcd_hardqcd_importance_adaptive1500k_phys_wave3_20260718/receipts/qcd_hardqcd_importance_adaptive1500k_phys_wave3_20260718_84901352_job108_bin1_shard1141_receipt.json
wave3,wave3_original,qcd_hardqcd_importance_adaptive1500k_phys_wave3_20260718,84901352,1,75,100,1142,1211142,10000,train,qcd-adaptive-wave3-trainval-v1,c9a3a1aaf1a57c9c0a2c09a53683d28f1126ca67a80ef444e2bf195e24a07758,1b2041245162de8360defdc502404e0696496c50773d4aa7f043798651a9517c,/store/user/iturkmen/hh4b_delphes/run2_13tev/frozen_v2/bundles/qcd_hardqcd_importance_adaptive1500k_phys_wave3_20260718/qcd_hardqcd_importance_adaptive1500k_phys_wave3_20260718_bin01_pthat75to100_shard1142_seed1211142_bundle.tar.gz,323c8fa0,/uscms_data/d3/iturkmen/hh4b_delphes/condor_return/qcd_hardqcd_importance_adaptive1500k_phys_wave3_20260718/receipts/qcd_hardqcd_importance_adaptive1500k_phys_wave3_20260718_84901352_job109_bin1_shard1142_receipt.json
wave3,wave3_original,qcd_hardqcd_importance_adaptive1500k_phys_wave3_20260718,84901352,1,75,100,1143,1211143,10000,train,qcd-adaptive-wave3-trainval-v1,c9a3a1aaf1a57c9c0a2c09a53683d28f1126ca67a80ef444e2bf195e24a07758,1b2041245162de8360defdc502404e0696496c50773d4aa7f043798651a9517c,/store/user/iturkmen/hh4b_delphes/run2_13tev/frozen_v2/bundles/qcd_hardqcd_importance_adaptive1500k_phys_wave3_20260718/qcd_hardqcd_importance_adaptive1500k_phys_wave3_20260718_bin01_pthat75to100_shard1143_seed1211143_bundle.tar.gz,d5a7871f,/uscms_data/d3/iturkmen/hh4b_delphes/condor_return/qcd_hardqcd_importance_adaptive1500k_phys_wave3_20260718/receipts/qcd_hardqcd_importance_adaptive1500k_phys_wave3_20260718_84901352_job110_bin1_shard1143_receipt.json
wave3,wave3_original,qcd_hardqcd_importance_adaptive1500k_phys_wave3_20260718,84901352,1,75,100,1144,1211144,10000,train,qcd-adaptive-wave3-trainval-v1,c9a3a1aaf1a57c9c0a2c09a53683d28f1126ca67a80ef444e2bf195e24a07758,1b2041245162de8360defdc502404e0696496c50773d4aa7f043798651a9517c,/store/user/iturkmen/hh4b_delphes/run2_13tev/frozen_v2/bundles/qcd_hardqcd_importance_adaptive1500k_phys_wave3_20260718/qcd_hardqcd_importance_adaptive1500k_phys_wave3_20260718_bin01_pthat75to100_shard1144_seed1211144_bundle.tar.gz,2c2e4939,/uscms_data/d3/iturkmen/hh4b_delphes/condor_return/qcd_hardqcd_importance_adaptive1500k_phys_wave3_20260718/receipts/qcd_hardqcd_importance_adaptive1500k_phys_wave3_20260718_84901352_job111_bin1_shard1144_receipt.json
wave3,wave3_original,qcd_hardqcd_importance_adaptive1500k_phys_wave3_20260718,84901352,1,75,100,1145,1211145,10000,train,qcd-adaptive-wave3-trainval-v1,c9a3a1aaf1a57c9c0a2c09a53683d28f1126ca67a80ef444e2bf195e24a07758,1b2041245162de8360defdc502404e0696496c50773d4aa7f043798651a9517c,/store/user/iturkmen/hh4b_delphes/run2_13tev/frozen_v2/bundles/qcd_hardqcd_importance_adaptive1500k_phys_wave3_20260718/qcd_hardqcd_importance_adaptive1500k_phys_wave3_20260718_bin01_pthat75to100_shard1145_seed1211145_bundle.tar.gz,ff26a374,/uscms_data/d3/iturkmen/hh4b_delphes/condor_return/qcd_hardqcd_importance_adaptive1500k_phys_wave3_20260718/receipts/qcd_hardqcd_importance_adaptive1500k_phys_wave3_20260718_84901352_job112_bin1_shard1145_receipt.json
wave3,wave3_original,qcd_hardqcd_importance_adaptive1500k_phys_wave3_20260718,84901352,1,75,100,1146,1211146,10000,train,qcd-adaptive-wave3-trainval-v1,c9a3a1aaf1a57c9c0a2c09a53683d28f1126ca67a80ef444e2bf195e24a07758,1b2041245162de8360defdc502404e0696496c50773d4aa7f043798651a9517c,/store/user/iturkmen/hh4b_delphes/run2_13tev/frozen_v2/bundles/qcd_hardqcd_importance_adaptive1500k_phys_wave3_20260718/qcd_hardqcd_importance_adaptive1500k_phys_wave3_20260718_bin01_pthat75to100_shard1146_seed1211146_bundle.tar.gz,073d535a,/uscms_data/d3/iturkmen/hh4b_delphes/condor_return/qcd_hardqcd_importance_adaptive1500k_phys_wave3_20260718/receipts/qcd_hardqcd_importance_adaptive1500k_phys_wave3_20260718_84901352_job113_bin1_shard1146_receipt.json
wave3,wave3_original,qcd_hardqcd_importance_adaptive1500k_phys_wave3_20260718,84901352,1,75,100,1147,1211147,10000,train,qcd-adaptive-wave3-trainval-v1,c9a3a1aaf1a57c9c0a2c09a53683d28f1126ca67a80ef444e2bf195e24a07758,1b2041245162de8360defdc502404e0696496c50773d4aa7f043798651a9517c,/store/user/iturkmen/hh4b_delphes/run2_13tev/frozen_v2/bundles/qcd_hardqcd_importance_adaptive1500k_phys_wave3_20260718/qcd_hardqcd_importance_adaptive1500k_phys_wave3_20260718_bin01_pthat75to100_shard1147_seed1211147_bundle.tar.gz,a45c1320,/uscms_data/d3/iturkmen/hh4b_delphes/condor_return/qcd_hardqcd_importance_adaptive1500k_phys_wave3_20260718/receipts/qcd_hardqcd_importance_adaptive1500k_phys_wave3_20260718_84901352_job114_bin1_shard1147_receipt.json
wave3,wave3_original,qcd_hardqcd_importance_adaptive1500k_phys_wave3_20260718,84901352,1,75,100,1148,1211148,10000,train,qcd-adaptive-wave3-trainval-v1,c9a3a1aaf1a57c9c0a2c09a53683d28f1126ca67a80ef444e2bf195e24a07758,1b2041245162de8360defdc502404e0696496c50773d4aa7f043798651a9517c,/store/user/iturkmen/hh4b_delphes/run2_13tev/frozen_v2/bundles/qcd_hardqcd_importance_adaptive1500k_phys_wave3_20260718/qcd_hardqcd_importance_adaptive1500k_phys_wave3_20260718_bin01_pthat75to100_shard1148_seed1211148_bundle.tar.gz,e840f1ca,/uscms_data/d3/iturkmen/hh4b_delphes/condor_return/qcd_hardqcd_importance_adaptive1500k_phys_wave3_20260718/receipts/qcd_hardqcd_importance_adaptive1500k_phys_wave3_20260718_84901352_job115_bin1_shard1148_receipt.json
wave3,wave3_original,qcd_hardqcd_importance_adaptive1500k_phys_wave3_20260718,84901352,1,75,100,1149,1211149,10000,train,qcd-adaptive-wave3-trainval-v1,c9a3a1aaf1a57c9c0a2c09a53683d28f1126ca67a80ef444e2bf195e24a07758,1b2041245162de8360defdc502404e0696496c50773d4aa7f043798651a9517c,/store/user/iturkmen/hh4b_delphes/run2_13tev/frozen_v2/bundles/qcd_hardqcd_importance_adaptive1500k_phys_wave3_20260718/qcd_hardqcd_importance_adaptive1500k_phys_wave3_20260718_bin01_pthat75to100_shard1149_seed1211149_bundle.tar.gz,9789e76e,/uscms_data/d3/iturkmen/hh4b_delphes/condor_return/qcd_hardqcd_importance_adaptive1500k_phys_wave3_20260718/receipts/qcd_hardqcd_importance_adaptive1500k_phys_wave3_20260718_84901352_job116_bin1_shard1149_receipt.json
wave3,wave3_original,qcd_hardqcd_importance_adaptive1500k_phys_wave3_20260718,84901352,2,100,200,1150,1221150,10000,train,qcd-adaptive-wave3-trainval-v1,c9a3a1aaf1a57c9c0a2c09a53683d28f1126ca67a80ef444e2bf195e24a07758,1b2041245162de8360defdc502404e0696496c50773d4aa7f043798651a9517c,/store/user/iturkmen/hh4b_delphes/run2_13tev/frozen_v2/bundles/qcd_hardqcd_importance_adaptive1500k_phys_wave3_20260718/qcd_hardqcd_importance_adaptive1500k_phys_wave3_20260718_bin02_pthat100to200_shard1150_seed1221150_bundle.tar.gz,4bc89273,/uscms_data/d3/iturkmen/hh4b_delphes/condor_return/qcd_hardqcd_importance_adaptive1500k_phys_wave3_20260718/receipts/qcd_hardqcd_importance_adaptive1500k_phys_wave3_20260718_84901352_job117_bin2_shard1150_receipt.json
wave3,wave3_original,qcd_hardqcd_importance_adaptive1500k_phys_wave3_20260718,84901352,2,100,200,1151,1221151,10000,train,qcd-adaptive-wave3-trainval-v1,c9a3a1aaf1a57c9c0a2c09a53683d28f1126ca67a80ef444e2bf195e24a07758,1b2041245162de8360defdc502404e0696496c50773d4aa7f043798651a9517c,/store/user/iturkmen/hh4b_delphes/run2_13tev/frozen_v2/bundles/qcd_hardqcd_importance_adaptive1500k_phys_wave3_20260718/qcd_hardqcd_importance_adaptive1500k_phys_wave3_20260718_bin02_pthat100to200_shard1151_seed1221151_bundle.tar.gz,83b5ba50,/uscms_data/d3/iturkmen/hh4b_delphes/condor_return/qcd_hardqcd_importance_adaptive1500k_phys_wave3_20260718/receipts/qcd_hardqcd_importance_adaptive1500k_phys_wave3_20260718_84901352_job118_bin2_shard1151_receipt.json
wave3,wave3_original,qcd_hardqcd_importance_adaptive1500k_phys_wave3_20260718,84901352,2,100,200,1152,1221152,10000,train,qcd-adaptive-wave3-trainval-v1,c9a3a1aaf1a57c9c0a2c09a53683d28f1126ca67a80ef444e2bf195e24a07758,1b2041245162de8360defdc502404e0696496c50773d4aa7f043798651a9517c,/store/user/iturkmen/hh4b_delphes/run2_13tev/frozen_v2/bundles/qcd_hardqcd_importance_adaptive1500k_phys_wave3_20260718/qcd_hardqcd_importance_adaptive1500k_phys_wave3_20260718_bin02_pthat100to200_shard1152_seed1221152_bundle.tar.gz,f22cc0db,/uscms_data/d3/iturkmen/hh4b_delphes/condor_return/qcd_hardqcd_importance_adaptive1500k_phys_wave3_20260718/receipts/qcd_hardqcd_importance_adaptive1500k_phys_wave3_20260718_84901352_job119_bin2_shard1152_receipt.json
wave3,wave3_original,qcd_hardqcd_importance_adaptive1500k_phys_wave3_20260718,84901352,2,100,200,1153,1221153,10000,validation,qcd-adaptive-wave3-trainval-v1,c9a3a1aaf1a57c9c0a2c09a53683d28f1126ca67a80ef444e2bf195e24a07758,1b2041245162de8360defdc502404e0696496c50773d4aa7f043798651a9517c,/store/user/iturkmen/hh4b_delphes/run2_13tev/frozen_v2/bundles/qcd_hardqcd_importance_adaptive1500k_phys_wave3_20260718/qcd_hardqcd_importance_adaptive1500k_phys_wave3_20260718_bin02_pthat100to200_shard1153_seed1221153_bundle.tar.gz,af38cda8,/uscms_data/d3/iturkmen/hh4b_delphes/condor_return/qcd_hardqcd_importance_adaptive1500k_phys_wave3_20260718/receipts/qcd_hardqcd_importance_adaptive1500k_phys_wave3_20260718_84901352_job120_bin2_shard1153_receipt.json
wave3,wave3_original,qcd_hardqcd_importance_adaptive1500k_phys_wave3_20260718,84901352,2,100,200,1154,1221154,10000,train,qcd-adaptive-wave3-trainval-v1,c9a3a1aaf1a57c9c0a2c09a53683d28f1126ca67a80ef444e2bf195e24a07758,1b2041245162de8360defdc502404e0696496c50773d4aa7f043798651a9517c,/store/user/iturkmen/hh4b_delphes/run2_13tev/frozen_v2/bundles/qcd_hardqcd_importance_adaptive1500k_phys_wave3_20260718/qcd_hardqcd_importance_adaptive1500k_phys_wave3_20260718_bin02_pthat100to200_shard1154_seed1221154_bundle.tar.gz,b0f5432f,/uscms_data/d3/iturkmen/hh4b_delphes/condor_return/qcd_hardqcd_importance_adaptive1500k_phys_wave3_20260718/receipts/qcd_hardqcd_importance_adaptive1500k_phys_wave3_20260718_84901352_job121_bin2_shard1154_receipt.json
wave3,wave3_original,qcd_hardqcd_importance_adaptive1500k_phys_wave3_20260718,84901352,2,100,200,1155,1221155,10000,train,qcd-adaptive-wave3-trainval-v1,c9a3a1aaf1a57c9c0a2c09a53683d28f1126ca67a80ef444e2bf195e24a07758,1b2041245162de8360defdc502404e0696496c50773d4aa7f043798651a9517c,/store/user/iturkmen/hh4b_delphes/run2_13tev/frozen_v2/bundles/qcd_hardqcd_importance_adaptive1500k_phys_wave3_20260718/qcd_hardqcd_importance_adaptive1500k_phys_wave3_20260718_bin02_pthat100to200_shard1155_seed1221155_bundle.tar.gz,2b7d5cca,/uscms_data/d3/iturkmen/hh4b_delphes/condor_return/qcd_hardqcd_importance_adaptive1500k_phys_wave3_20260718/receipts/qcd_hardqcd_importance_adaptive1500k_phys_wave3_20260718_84901352_job122_bin2_shard1155_receipt.json
wave3,wave3_original,qcd_hardqcd_importance_adaptive1500k_phys_wave3_20260718,84901352,2,100,200,1156,1221156,10000,validation,qcd-adaptive-wave3-trainval-v1,c9a3a1aaf1a57c9c0a2c09a53683d28f1126ca67a80ef444e2bf195e24a07758,1b2041245162de8360defdc502404e0696496c50773d4aa7f043798651a9517c,/store/user/iturkmen/hh4b_delphes/run2_13tev/frozen_v2/bundles/qcd_hardqcd_importance_adaptive1500k_phys_wave3_20260718/qcd_hardqcd_importance_adaptive1500k_phys_wave3_20260718_bin02_pthat100to200_shard1156_seed1221156_bundle.tar.gz,c42192a2,/uscms_data/d3/iturkmen/hh4b_delphes/condor_return/qcd_hardqcd_importance_adaptive1500k_phys_wave3_20260718/receipts/qcd_hardqcd_importance_adaptive1500k_phys_wave3_20260718_84901352_job123_bin2_shard1156_receipt.json
wave3,wave3_original,qcd_hardqcd_importance_adaptive1500k_phys_wave3_20260718,84901352,2,100,200,1157,1221157,10000,train,qcd-adaptive-wave3-trainval-v1,c9a3a1aaf1a57c9c0a2c09a53683d28f1126ca67a80ef444e2bf195e24a07758,1b2041245162de8360defdc502404e0696496c50773d4aa7f043798651a9517c,/store/user/iturkmen/hh4b_delphes/run2_13tev/frozen_v2/bundles/qcd_hardqcd_importance_adaptive1500k_phys_wave3_20260718/qcd_hardqcd_importance_adaptive1500k_phys_wave3_20260718_bin02_pthat100to200_shard1157_seed1221157_bundle.tar.gz,bdec49dc,/uscms_data/d3/iturkmen/hh4b_delphes/condor_return/qcd_hardqcd_importance_adaptive1500k_phys_wave3_20260718/receipts/qcd_hardqcd_importance_adaptive1500k_phys_wave3_20260718_84901352_job124_bin2_shard1157_receipt.json
wave3,wave3_original,qcd_hardqcd_importance_adaptive1500k_phys_wave3_20260718,84901352,2,100,200,1158,1221158,10000,validation,qcd-adaptive-wave3-trainval-v1,c9a3a1aaf1a57c9c0a2c09a53683d28f1126ca67a80ef444e2bf195e24a07758,1b2041245162de8360defdc502404e0696496c50773d4aa7f043798651a9517c,/store/user/iturkmen/hh4b_delphes/run2_13tev/frozen_v2/bundles/qcd_hardqcd_importance_adaptive1500k_phys_wave3_20260718/qcd_hardqcd_importance_adaptive1500k_phys_wave3_20260718_bin02_pthat100to200_shard1158_seed1221158_bundle.tar.gz,c5dc7218,/uscms_data/d3/iturkmen/hh4b_delphes/condor_return/qcd_hardqcd_importance_adaptive1500k_phys_wave3_20260718/receipts/qcd_hardqcd_importance_adaptive1500k_phys_wave3_20260718_84901352_job125_bin2_shard1158_receipt.json
wave3,wave3_original,qcd_hardqcd_importance_adaptive1500k_phys_wave3_20260718,84901352,2,100,200,1159,1221159,10000,train,qcd-adaptive-wave3-trainval-v1,c9a3a1aaf1a57c9c0a2c09a53683d28f1126ca67a80ef444e2bf195e24a07758,1b2041245162de8360defdc502404e0696496c50773d4aa7f043798651a9517c,/store/user/iturkmen/hh4b_delphes/run2_13tev/frozen_v2/bundles/qcd_hardqcd_importance_adaptive1500k_phys_wave3_20260718/qcd_hardqcd_importance_adaptive1500k_phys_wave3_20260718_bin02_pthat100to200_shard1159_seed1221159_bundle.tar.gz,51ef2ac2,/uscms_data/d3/iturkmen/hh4b_delphes/condor_return/qcd_hardqcd_importance_adaptive1500k_phys_wave3_20260718/receipts/qcd_hardqcd_importance_adaptive1500k_phys_wave3_20260718_84901352_job126_bin2_shard1159_receipt.json
wave3,wave3_original,qcd_hardqcd_importance_adaptive1500k_phys_wave3_20260718,84901352,2,100,200,1160,1221160,10000,validation,qcd-adaptive-wave3-trainval-v1,c9a3a1aaf1a57c9c0a2c09a53683d28f1126ca67a80ef444e2bf195e24a07758,1b2041245162de8360defdc502404e0696496c50773d4aa7f043798651a9517c,/store/user/iturkmen/hh4b_delphes/run2_13tev/frozen_v2/bundles/qcd_hardqcd_importance_adaptive1500k_phys_wave3_20260718/qcd_hardqcd_importance_adaptive1500k_phys_wave3_20260718_bin02_pthat100to200_shard1160_seed1221160_bundle.tar.gz,b42de631,/uscms_data/d3/iturkmen/hh4b_delphes/condor_return/qcd_hardqcd_importance_adaptive1500k_phys_wave3_20260718/receipts/qcd_hardqcd_importance_adaptive1500k_phys_wave3_20260718_84901352_job127_bin2_shard1160_receipt.json
wave3,wave3_original,qcd_hardqcd_importance_adaptive1500k_phys_wave3_20260718,84901352,2,100,200,1161,1221161,10000,train,qcd-adaptive-wave3-trainval-v1,c9a3a1aaf1a57c9c0a2c09a53683d28f1126ca67a80ef444e2bf195e24a07758,1b2041245162de8360defdc502404e0696496c50773d4aa7f043798651a9517c,/store/user/iturkmen/hh4b_delphes/run2_13tev/frozen_v2/bundles/qcd_hardqcd_importance_adaptive1500k_phys_wave3_20260718/qcd_hardqcd_importance_adaptive1500k_phys_wave3_20260718_bin02_pthat100to200_shard1161_seed1221161_bundle.tar.gz,5c5cd394,/uscms_data/d3/iturkmen/hh4b_delphes/condor_return/qcd_hardqcd_importance_adaptive1500k_phys_wave3_20260718/receipts/qcd_hardqcd_importance_adaptive1500k_phys_wave3_20260718_84901352_job128_bin2_shard1161_receipt.json
wave3,wave3_original,qcd_hardqcd_importance_adaptive1500k_phys_wave3_20260718,84901352,2,100,200,1162,1221162,10000,train,qcd-adaptive-wave3-trainval-v1,c9a3a1aaf1a57c9c0a2c09a53683d28f1126ca67a80ef444e2bf195e24a07758,1b2041245162de8360defdc502404e0696496c50773d4aa7f043798651a9517c,/store/user/iturkmen/hh4b_delphes/run2_13tev/frozen_v2/bundles/qcd_hardqcd_importance_adaptive1500k_phys_wave3_20260718/qcd_hardqcd_importance_adaptive1500k_phys_wave3_20260718_bin02_pthat100to200_shard1162_seed1221162_bundle.tar.gz,df499897,/uscms_data/d3/iturkmen/hh4b_delphes/condor_return/qcd_hardqcd_importance_adaptive1500k_phys_wave3_20260718/receipts/qcd_hardqcd_importance_adaptive1500k_phys_wave3_20260718_84901352_job129_bin2_shard1162_receipt.json
wave3,wave3_original,qcd_hardqcd_importance_adaptive1500k_phys_wave3_20260718,84901352,2,100,200,1163,1221163,10000,train,qcd-adaptive-wave3-trainval-v1,c9a3a1aaf1a57c9c0a2c09a53683d28f1126ca67a80ef444e2bf195e24a07758,1b2041245162de8360defdc502404e0696496c50773d4aa7f043798651a9517c,/store/user/iturkmen/hh4b_delphes/run2_13tev/frozen_v2/bundles/qcd_hardqcd_importance_adaptive1500k_phys_wave3_20260718/qcd_hardqcd_importance_adaptive1500k_phys_wave3_20260718_bin02_pthat100to200_shard1163_seed1221163_bundle.tar.gz,46e8a808,/uscms_data/d3/iturkmen/hh4b_delphes/condor_return/qcd_hardqcd_importance_adaptive1500k_phys_wave3_20260718/receipts/qcd_hardqcd_importance_adaptive1500k_phys_wave3_20260718_84901352_job130_bin2_shard1163_receipt.json
wave3,wave3_original,qcd_hardqcd_importance_adaptive1500k_phys_wave3_20260718,84901352,2,100,200,1164,1221164,10000,validation,qcd-adaptive-wave3-trainval-v1,c9a3a1aaf1a57c9c0a2c09a53683d28f1126ca67a80ef444e2bf195e24a07758,1b2041245162de8360defdc502404e0696496c50773d4aa7f043798651a9517c,/store/user/iturkmen/hh4b_delphes/run2_13tev/frozen_v2/bundles/qcd_hardqcd_importance_adaptive1500k_phys_wave3_20260718/qcd_hardqcd_importance_adaptive1500k_phys_wave3_20260718_bin02_pthat100to200_shard1164_seed1221164_bundle.tar.gz,ee249c78,/uscms_data/d3/iturkmen/hh4b_delphes/condor_return/qcd_hardqcd_importance_adaptive1500k_phys_wave3_20260718/receipts/qcd_hardqcd_importance_adaptive1500k_phys_wave3_20260718_84901352_job131_bin2_shard1164_receipt.json
wave3,wave3_original,qcd_hardqcd_importance_adaptive1500k_phys_wave3_20260718,84901352,2,100,200,1165,1221165,10000,validation,qcd-adaptive-wave3-trainval-v1,c9a3a1aaf1a57c9c0a2c09a53683d28f1126ca67a80ef444e2bf195e24a07758,1b2041245162de8360defdc502404e0696496c50773d4aa7f043798651a9517c,/store/user/iturkmen/hh4b_delphes/run2_13tev/frozen_v2/bundles/qcd_hardqcd_importance_adaptive1500k_phys_wave3_20260718/qcd_hardqcd_importance_adaptive1500k_phys_wave3_20260718_bin02_pthat100to200_shard1165_seed1221165_bundle.tar.gz,17b19fcf,/uscms_data/d3/iturkmen/hh4b_delphes/condor_return/qcd_hardqcd_importance_adaptive1500k_phys_wave3_20260718/receipts/qcd_hardqcd_importance_adaptive1500k_phys_wave3_20260718_84901352_job132_bin2_shard1165_receipt.json
wave3,wave3_original,qcd_hardqcd_importance_adaptive1500k_phys_wave3_20260718,84901352,2,100,200,1166,1221166,10000,train,qcd-adaptive-wave3-trainval-v1,c9a3a1aaf1a57c9c0a2c09a53683d28f1126ca67a80ef444e2bf195e24a07758,1b2041245162de8360defdc502404e0696496c50773d4aa7f043798651a9517c,/store/user/iturkmen/hh4b_delphes/run2_13tev/frozen_v2/bundles/qcd_hardqcd_importance_adaptive1500k_phys_wave3_20260718/qcd_hardqcd_importance_adaptive1500k_phys_wave3_20260718_bin02_pthat100to200_shard1166_seed1221166_bundle.tar.gz,cfc45a5f,/uscms_data/d3/iturkmen/hh4b_delphes/condor_return/qcd_hardqcd_importance_adaptive1500k_phys_wave3_20260718/receipts/qcd_hardqcd_importance_adaptive1500k_phys_wave3_20260718_84901352_job133_bin2_shard1166_receipt.json
wave3,wave3_original,qcd_hardqcd_importance_adaptive1500k_phys_wave3_20260718,84901352,2,100,200,1167,1221167,10000,train,qcd-adaptive-wave3-trainval-v1,c9a3a1aaf1a57c9c0a2c09a53683d28f1126ca67a80ef444e2bf195e24a07758,1b2041245162de8360defdc502404e0696496c50773d4aa7f043798651a9517c,/store/user/iturkmen/hh4b_delphes/run2_13tev/frozen_v2/bundles/qcd_hardqcd_importance_adaptive1500k_phys_wave3_20260718/qcd_hardqcd_importance_adaptive1500k_phys_wave3_20260718_bin02_pthat100to200_shard1167_seed1221167_bundle.tar.gz,4ed0dfc0,/uscms_data/d3/iturkmen/hh4b_delphes/condor_return/qcd_hardqcd_importance_adaptive1500k_phys_wave3_20260718/receipts/qcd_hardqcd_importance_adaptive1500k_phys_wave3_20260718_84901352_job134_bin2_shard1167_receipt.json
wave3,wave3_original,qcd_hardqcd_importance_adaptive1500k_phys_wave3_20260718,84901352,2,100,200,1168,1221168,10000,validation,qcd-adaptive-wave3-trainval-v1,c9a3a1aaf1a57c9c0a2c09a53683d28f1126ca67a80ef444e2bf195e24a07758,1b2041245162de8360defdc502404e0696496c50773d4aa7f043798651a9517c,/store/user/iturkmen/hh4b_delphes/run2_13tev/frozen_v2/bundles/qcd_hardqcd_importance_adaptive1500k_phys_wave3_20260718/qcd_hardqcd_importance_adaptive1500k_phys_wave3_20260718_bin02_pthat100to200_shard1168_seed1221168_bundle.tar.gz,1f079b31,/uscms_data/d3/iturkmen/hh4b_delphes/condor_return/qcd_hardqcd_importance_adaptive1500k_phys_wave3_20260718/receipts/qcd_hardqcd_importance_adaptive1500k_phys_wave3_20260718_84901352_job135_bin2_shard1168_receipt.json
wave3,wave3_original,qcd_hardqcd_importance_adaptive1500k_phys_wave3_20260718,84901352,2,100,200,1169,1221169,10000,train,qcd-adaptive-wave3-trainval-v1,c9a3a1aaf1a57c9c0a2c09a53683d28f1126ca67a80ef444e2bf195e24a07758,1b2041245162de8360defdc502404e0696496c50773d4aa7f043798651a9517c,/store/user/iturkmen/hh4b_delphes/run2_13tev/frozen_v2/bundles/qcd_hardqcd_importance_adaptive1500k_phys_wave3_20260718/qcd_hardqcd_importance_adaptive1500k_phys_wave3_20260718_bin02_pthat100to200_shard1169_seed1221169_bundle.tar.gz,cce20436,/uscms_data/d3/iturkmen/hh4b_delphes/condor_return/qcd_hardqcd_importance_adaptive1500k_phys_wave3_20260718/receipts/qcd_hardqcd_importance_adaptive1500k_phys_wave3_20260718_84901352_job136_bin2_shard1169_receipt.json
wave3,wave3_original,qcd_hardqcd_importance_adaptive1500k_phys_wave3_20260718,84901352,2,100,200,1170,1221170,10000,train,qcd-adaptive-wave3-trainval-v1,c9a3a1aaf1a57c9c0a2c09a53683d28f1126ca67a80ef444e2bf195e24a07758,1b2041245162de8360defdc502404e0696496c50773d4aa7f043798651a9517c,/store/user/iturkmen/hh4b_delphes/run2_13tev/frozen_v2/bundles/qcd_hardqcd_importance_adaptive1500k_phys_wave3_20260718/qcd_hardqcd_importance_adaptive1500k_phys_wave3_20260718_bin02_pthat100to200_shard1170_seed1221170_bundle.tar.gz,86a84f27,/uscms_data/d3/iturkmen/hh4b_delphes/condor_return/qcd_hardqcd_importance_adaptive1500k_phys_wave3_20260718/receipts/qcd_hardqcd_importance_adaptive1500k_phys_wave3_20260718_84901352_job137_bin2_shard1170_receipt.json
wave3,wave3_original,qcd_hardqcd_importance_adaptive1500k_phys_wave3_20260718,84901352,2,100,200,1171,1221171,10000,train,qcd-adaptive-wave3-trainval-v1,c9a3a1aaf1a57c9c0a2c09a53683d28f1126ca67a80ef444e2bf195e24a07758,1b2041245162de8360defdc502404e0696496c50773d4aa7f043798651a9517c,/store/user/iturkmen/hh4b_delphes/run2_13tev/frozen_v2/bundles/qcd_hardqcd_importance_adaptive1500k_phys_wave3_20260718/qcd_hardqcd_importance_adaptive1500k_phys_wave3_20260718_bin02_pthat100to200_shard1171_seed1221171_bundle.tar.gz,48911acc,/uscms_data/d3/iturkmen/hh4b_delphes/condor_return/qcd_hardqcd_importance_adaptive1500k_phys_wave3_20260718/receipts/qcd_hardqcd_importance_adaptive1500k_phys_wave3_20260718_84901352_job138_bin2_shard1171_receipt.json
wave3,wave3_original,qcd_hardqcd_importance_adaptive1500k_phys_wave3_20260718,84901352,2,100,200,1172,1221172,10000,validation,qcd-adaptive-wave3-trainval-v1,c9a3a1aaf1a57c9c0a2c09a53683d28f1126ca67a80ef444e2bf195e24a07758,1b2041245162de8360defdc502404e0696496c50773d4aa7f043798651a9517c,/store/user/iturkmen/hh4b_delphes/run2_13tev/frozen_v2/bundles/qcd_hardqcd_importance_adaptive1500k_phys_wave3_20260718/qcd_hardqcd_importance_adaptive1500k_phys_wave3_20260718_bin02_pthat100to200_shard1172_seed1221172_bundle.tar.gz,6532e21a,/uscms_data/d3/iturkmen/hh4b_delphes/condor_return/qcd_hardqcd_importance_adaptive1500k_phys_wave3_20260718/receipts/qcd_hardqcd_importance_adaptive1500k_phys_wave3_20260718_84901352_job139_bin2_shard1172_receipt.json
wave3,wave3_original,qcd_hardqcd_importance_adaptive1500k_phys_wave3_20260718,84901352,2,100,200,1173,1221173,10000,train,qcd-adaptive-wave3-trainval-v1,c9a3a1aaf1a57c9c0a2c09a53683d28f1126ca67a80ef444e2bf195e24a07758,1b2041245162de8360defdc502404e0696496c50773d4aa7f043798651a9517c,/store/user/iturkmen/hh4b_delphes/run2_13tev/frozen_v2/bundles/qcd_hardqcd_importance_adaptive1500k_phys_wave3_20260718/qcd_hardqcd_importance_adaptive1500k_phys_wave3_20260718_bin02_pthat100to200_shard1173_seed1221173_bundle.tar.gz,d8da8e0d,/uscms_data/d3/iturkmen/hh4b_delphes/condor_return/qcd_hardqcd_importance_adaptive1500k_phys_wave3_20260718/receipts/qcd_hardqcd_importance_adaptive1500k_phys_wave3_20260718_84901352_job140_bin2_shard1173_receipt.json
wave3,wave3_original,qcd_hardqcd_importance_adaptive1500k_phys_wave3_20260718,84901352,2,100,200,1174,1221174,10000,train,qcd-adaptive-wave3-trainval-v1,c9a3a1aaf1a57c9c0a2c09a53683d28f1126ca67a80ef444e2bf195e24a07758,1b2041245162de8360defdc502404e0696496c50773d4aa7f043798651a9517c,/store/user/iturkmen/hh4b_delphes/run2_13tev/frozen_v2/bundles/qcd_hardqcd_importance_adaptive1500k_phys_wave3_20260718/qcd_hardqcd_importance_adaptive1500k_phys_wave3_20260718_bin02_pthat100to200_shard1174_seed1221174_bundle.tar.gz,ebe89796,/uscms_data/d3/iturkmen/hh4b_delphes/condor_return/qcd_hardqcd_importance_adaptive1500k_phys_wave3_20260718/receipts/qcd_hardqcd_importance_adaptive1500k_phys_wave3_20260718_84901352_job141_bin2_shard1174_receipt.json
wave3,wave3_original,qcd_hardqcd_importance_adaptive1500k_phys_wave3_20260718,84901352,2,100,200,1175,1221175,10000,train,qcd-adaptive-wave3-trainval-v1,c9a3a1aaf1a57c9c0a2c09a53683d28f1126ca67a80ef444e2bf195e24a07758,1b2041245162de8360defdc502404e0696496c50773d4aa7f043798651a9517c,/store/user/iturkmen/hh4b_delphes/run2_13tev/frozen_v2/bundles/qcd_hardqcd_importance_adaptive1500k_phys_wave3_20260718/qcd_hardqcd_importance_adaptive1500k_phys_wave3_20260718_bin02_pthat100to200_shard1175_seed1221175_bundle.tar.gz,8cc0f1a4,/uscms_data/d3/iturkmen/hh4b_delphes/condor_return/qcd_hardqcd_importance_adaptive1500k_phys_wave3_20260718/receipts/qcd_hardqcd_importance_adaptive1500k_phys_wave3_20260718_84901352_job142_bin2_shard1175_receipt.json
wave3,wave3_original,qcd_hardqcd_importance_adaptive1500k_phys_wave3_20260718,84901352,2,100,200,1176,1221176,10000,train,qcd-adaptive-wave3-trainval-v1,c9a3a1aaf1a57c9c0a2c09a53683d28f1126ca67a80ef444e2bf195e24a07758,1b2041245162de8360defdc502404e0696496c50773d4aa7f043798651a9517c,/store/user/iturkmen/hh4b_delphes/run2_13tev/frozen_v2/bundles/qcd_hardqcd_importance_adaptive1500k_phys_wave3_20260718/qcd_hardqcd_importance_adaptive1500k_phys_wave3_20260718_bin02_pthat100to200_shard1176_seed1221176_bundle.tar.gz,a822593c,/uscms_data/d3/iturkmen/hh4b_delphes/condor_return/qcd_hardqcd_importance_adaptive1500k_phys_wave3_20260718/receipts/qcd_hardqcd_importance_adaptive1500k_phys_wave3_20260718_84901352_job143_bin2_shard1176_receipt.json
wave3,wave3_original,qcd_hardqcd_importance_adaptive1500k_phys_wave3_20260718,84901352,2,100,200,1177,1221177,10000,train,qcd-adaptive-wave3-trainval-v1,c9a3a1aaf1a57c9c0a2c09a53683d28f1126ca67a80ef444e2bf195e24a07758,1b2041245162de8360defdc502404e0696496c50773d4aa7f043798651a9517c,/store/user/iturkmen/hh4b_delphes/run2_13tev/frozen_v2/bundles/qcd_hardqcd_importance_adaptive1500k_phys_wave3_20260718/qcd_hardqcd_importance_adaptive1500k_phys_wave3_20260718_bin02_pthat100to200_shard1177_seed1221177_bundle.tar.gz,43b724b6,/uscms_data/d3/iturkmen/hh4b_delphes/condor_return/qcd_hardqcd_importance_adaptive1500k_phys_wave3_20260718/receipts/qcd_hardqcd_importance_adaptive1500k_phys_wave3_20260718_84901352_job144_bin2_shard1177_receipt.json
wave3,wave3_original,qcd_hardqcd_importance_adaptive1500k_phys_wave3_20260718,84901352,3,200,300,1178,1231178,10000,train,qcd-adaptive-wave3-trainval-v1,c9a3a1aaf1a57c9c0a2c09a53683d28f1126ca67a80ef444e2bf195e24a07758,1b2041245162de8360defdc502404e0696496c50773d4aa7f043798651a9517c,/store/user/iturkmen/hh4b_delphes/run2_13tev/frozen_v2/bundles/qcd_hardqcd_importance_adaptive1500k_phys_wave3_20260718/qcd_hardqcd_importance_adaptive1500k_phys_wave3_20260718_bin03_pthat200to300_shard1178_seed1231178_bundle.tar.gz,dfba03f4,/uscms_data/d3/iturkmen/hh4b_delphes/condor_return/qcd_hardqcd_importance_adaptive1500k_phys_wave3_20260718/receipts/qcd_hardqcd_importance_adaptive1500k_phys_wave3_20260718_84901352_job145_bin3_shard1178_receipt.json
wave3,wave3_original,qcd_hardqcd_importance_adaptive1500k_phys_wave3_20260718,84901352,4,300,500,1179,1241179,10000,train,qcd-adaptive-wave3-trainval-v1,c9a3a1aaf1a57c9c0a2c09a53683d28f1126ca67a80ef444e2bf195e24a07758,1b2041245162de8360defdc502404e0696496c50773d4aa7f043798651a9517c,/store/user/iturkmen/hh4b_delphes/run2_13tev/frozen_v2/bundles/qcd_hardqcd_importance_adaptive1500k_phys_wave3_20260718/qcd_hardqcd_importance_adaptive1500k_phys_wave3_20260718_bin04_pthat300to500_shard1179_seed1241179_bundle.tar.gz,de5009f7,/uscms_data/d3/iturkmen/hh4b_delphes/condor_return/qcd_hardqcd_importance_adaptive1500k_phys_wave3_20260718/receipts/qcd_hardqcd_importance_adaptive1500k_phys_wave3_20260718_84901352_job146_bin4_shard1179_receipt.json
wave3,wave3_original,qcd_hardqcd_importance_adaptive1500k_phys_wave3_20260718,84901352,5,500,700,1180,1251180,10000,train,qcd-adaptive-wave3-trainval-v1,c9a3a1aaf1a57c9c0a2c09a53683d28f1126ca67a80ef444e2bf195e24a07758,1b2041245162de8360defdc502404e0696496c50773d4aa7f043798651a9517c,/store/user/iturkmen/hh4b_delphes/run2_13tev/frozen_v2/bundles/qcd_hardqcd_importance_adaptive1500k_phys_wave3_20260718/qcd_hardqcd_importance_adaptive1500k_phys_wave3_20260718_bin05_pthat500to700_shard1180_seed1251180_bundle.tar.gz,9fae57d1,/uscms_data/d3/iturkmen/hh4b_delphes/condor_return/qcd_hardqcd_importance_adaptive1500k_phys_wave3_20260718/receipts/qcd_hardqcd_importance_adaptive1500k_phys_wave3_20260718_84901352_job147_bin5_shard1180_receipt.json
wave3,wave3_original,qcd_hardqcd_importance_adaptive1500k_phys_wave3_20260718,84901352,6,700,1000,1181,1261181,10000,train,qcd-adaptive-wave3-trainval-v1,c9a3a1aaf1a57c9c0a2c09a53683d28f1126ca67a80ef444e2bf195e24a07758,1b2041245162de8360defdc502404e0696496c50773d4aa7f043798651a9517c,/store/user/iturkmen/hh4b_delphes/run2_13tev/frozen_v2/bundles/qcd_hardqcd_importance_adaptive1500k_phys_wave3_20260718/qcd_hardqcd_importance_adaptive1500k_phys_wave3_20260718_bin06_pthat700to1000_shard1181_seed1261181_bundle.tar.gz,9072d349,/uscms_data/d3/iturkmen/hh4b_delphes/condor_return/qcd_hardqcd_importance_adaptive1500k_phys_wave3_20260718/receipts/qcd_hardqcd_importance_adaptive1500k_phys_wave3_20260718_84901352_job148_bin6_shard1181_receipt.json
wave3,wave3_original,qcd_hardqcd_importance_adaptive1500k_phys_wave3_20260718,84901352,7,1000,0,1182,1271182,10000,train,qcd-adaptive-wave3-trainval-v1,c9a3a1aaf1a57c9c0a2c09a53683d28f1126ca67a80ef444e2bf195e24a07758,1b2041245162de8360defdc502404e0696496c50773d4aa7f043798651a9517c,/store/user/iturkmen/hh4b_delphes/run2_13tev/frozen_v2/bundles/qcd_hardqcd_importance_adaptive1500k_phys_wave3_20260718/qcd_hardqcd_importance_adaptive1500k_phys_wave3_20260718_bin07_pthat1000toInf_shard1182_seed1271182_bundle.tar.gz,d237898c,/uscms_data/d3/iturkmen/hh4b_delphes/condor_return/qcd_hardqcd_importance_adaptive1500k_phys_wave3_20260718/receipts/qcd_hardqcd_importance_adaptive1500k_phys_wave3_20260718_84901352_job149_bin7_shard1182_receipt.json
