feature,importance
n_jets,0.44568559803129737
mbb_top2_btag,0.17421885884788116
subleading_jet_pt,0.11221777097598604
second_highest_btag,0.08881115888549047
HT,0.07157187734219182
deltaR_top2_btag,0.06800108093213038
leading_jet_pt,0.030680393254202
highest_btag,0.008813261730820683
