{
  "auc_train": 0.7199669571680027,
  "auc_val": 0.7012471904119199,
  "auc_test": 0.7122099136919928,
  "model": "GradientBoostingClassifier",
  "n_estimators": 200,
  "learning_rate": 0.05,
  "max_depth": 3,
  "subsample": 0.8,
  "random_state": 42
}