target_signal_eff_val,threshold,signal_pass,signal_total,signal_eff,signal_eff_err,ttbar_pass,ttbar_total,ttbar_eff,ttbar_eff_err,ttbar_rejection
0.9,0.35744925873868166,1108,1218,0.909688013136289,0.008212876464014848,875,1218,0.7183908045977011,0.012887840543748629,1.3920000000000001
0.7,0.4439874541441938,855,1218,0.7019704433497537,0.013105857375528867,492,1218,0.4039408866995074,0.014059825458182297,2.475609756097561
0.5,0.5444433919410346,622,1218,0.5106732348111659,0.01432344186680969,262,1218,0.21510673234811165,0.011773583259316751,4.648854961832061
